workflow,footprint,makespan,flexible-6h,flexible-12h,flexible-24h,flexible-48h,flexible-96h
chipseq-jan-1,10369.774575594878,13607.0,0.0%:10368.977613034529:276.471|2.0%,0.1%:10361.86598749892:1074.884|7.9%,0.1%:10363.84414752747:1275.355|9.4%,-0.0%:10371.059784273037:1031.884|7.6%,-0.0%:10371.069084603349:962.884|7.1%
chipseq-jan-2,10164.193345687187,13099.0,0.0%:10163.06311707521:323.28|2.5%,0.1%:10156.605836588573:764.42|5.8%,0.0%:10163.414237069375:957.56|7.3%,0.0%:10163.249869408899:943.56|7.2%,0.0%:10163.248920889353:938.56|7.2%
chipseq-jan-3,10307.19393537242,13266.0,0.0%:10306.358379930834:493.744|3.7%,0.1%:10301.346375189092:752.116|5.7%,-0.1%:10312.983566534174:1088.488|8.2%,0.0%:10306.382741310332:1541.232|11.6%,-0.1%:10312.813022840823:1025.488|7.7%
