workflow,footprint,makespan,flexible-6h,flexible-12h,flexible-24h,flexible-48h,flexible-96h
chipseq-apr-1,10518.760052687105,13607.0,0.4%:10476.95711143175:755.413|5.6%,0.5%:10460.975812026985:1008.884|7.4%,0.6%:10460.7714728294:839.413|6.2%,12.0%:9257.616198786009:1407.355|10.3%,89.8%:1074.196111183409:1041.884|7.7%
chipseq-apr-2,10320.539863851829,13099.0,0.4%:10277.9012202507:565.28|4.3%,0.6%:10258.223732658253:1087.56|8.3%,0.6%:10257.60513261607:1396.7|10.7%,10.8%:9208.86103238791:1388.7|10.6%,89.8%:1053.8675766035128:1101.56|8.4%
chipseq-apr-3,10465.938968462468,13266.0,0.4%:10422.397676185052:846.116|6.4%,0.6%:10402.708628131317:1127.488|8.5%,0.6%:10401.674656772278:1093.488|8.2%,11.0%:9318.680191492294:1355.86|10.2%,89.8%:1068.639154068764:1160.488|8.7%
