workflow,footprint,makespan,flexible-6h,flexible-12h,flexible-24h,flexible-48h,flexible-96h
chipseq-nov-1,10236.52977797862,13607.0,0.2%:10217.258437544146:546.942|4.0%,0.3%:10205.711862296934:580.942|4.3%,0.3%:10204.773172502248:1358.826|10.0%,0.3%:10204.773172502248:1358.826|10.0%,0.3%:10204.773172502248:1358.826|10.0%
chipseq-nov-2,10042.952260647042,13099.0,0.2%:10021.612188941213:806.42|6.2%,0.4%:10006.89691041813:718.42|5.5%,0.4%:10001.58248827465:1847.98|14.1%,0.4%:10001.58248827465:1847.98|14.1%,0.4%:10001.58248827465:1847.98|14.1%
chipseq-nov-3,10184.816198037186,13266.0,0.2%:10163.302644342783:553.744|4.2%,0.4%:10147.849998219304:688.116|5.2%,0.4%:10147.794371349792:1584.232|11.9%,0.4%:10143.136088885034:1616.604|12.2%,0.4%:10143.136088885034:1616.604|12.2%
