workflow,footprint,makespan,flexible-6h,flexible-12h,flexible-24h,flexible-48h,flexible-96h
chipseq-apr-1,4220.404099028366,13607.0,50.4%:2092.392130644766:0.0|0.0%,65.6%:1453.1708131881924:0.0|0.0%,65.6%:1453.1708131881924:0.0|0.0%,66.1%:1430.427022522897:0.0|0.0%,66.9%:1395.954492405111:1412.471|10.4%
chipseq-apr-2,4146.884241354059,13099.0,50.2%:2063.5626879913707:0.0|0.0%,65.4%:1435.243050566199:0.0|0.0%,65.4%:1435.243050566199:0.0|0.0%,65.9%:1412.43175988801:0.0|0.0%,66.9%:1371.7104857084337:1373.14|10.5%
chipseq-apr-3,4214.672671306905,13266.0,50.4%:2092.1840941263777:0.0|0.0%,65.4%:1458.4651368788782:0.0|0.0%,65.4%:1458.4651368788782:0.0|0.0%,65.9%:1435.6450143410966:0.0|0.0%,66.9%:1393.8470166317304:1410.372|10.6%
