workflow,footprint,makespan,flexible-6h,flexible-12h,flexible-24h,flexible-48h,flexible-96h
chipseq-mar-1,4080.7370057287876,13607.0,53.8%:1884.370304424542:0.0|0.0%,66.0%:1388.1742166917966:653.471|4.8%,66.0%:1388.1742166917966:653.471|4.8%,72.1%:1139.5105295762453:0.0|0.0%,75.6%:993.8903947753371:0.0|0.0%
chipseq-mar-2,4004.5421136378777,13099.0,53.0%:1880.863074428173:0.0|0.0%,66.0%:1362.150126754596:792.14|6.0%,66.0%:1362.150126754596:792.14|6.0%,72.0%:1122.7040553531508:0.0|0.0%,75.6%:977.4418260859309:0.0|0.0%
chipseq-mar-3,4070.362135533867,13266.0,53.1%:1907.837587379858:0.0|0.0%,66.0%:1384.0848460738157:673.372|5.1%,66.0%:1384.0848460738157:673.372|5.1%,72.0%:1140.80223257017:0.0|0.0%,75.6%:993.1762501735649:0.0|0.0%
