workflow,footprint,makespan,flexible-6h,flexible-12h,flexible-24h,flexible-48h,flexible-96h
chipseq-feb-1,6523.711650795717,13607.0,57.7%:2760.5100494310227:0.0|0.0%,71.2%:1878.1456797310707:0.0|0.0%,71.2%:1878.1456797310707:0.0|0.0%,71.2%:1878.1456797310707:0.0|0.0%,71.2%:1878.1456797310707:0.0|0.0%
chipseq-feb-2,6423.082766962202,13099.0,57.2%:2751.5446829570706:0.0|0.0%,71.2%:1848.254536350056:0.0|0.0%,71.2%:1848.254536350056:0.0|0.0%,71.2%:1848.254536350056:0.0|0.0%,71.2%:1848.254536350056:0.0|0.0%
chipseq-feb-3,6526.484869072282,13266.0,57.3%:2789.505846856379:0.0|0.0%,71.2%:1878.4290408148092:0.0|0.0%,71.2%:1878.4290408148092:0.0|0.0%,71.2%:1878.4290408148092:0.0|0.0%,71.2%:1878.4290408148092:0.0|0.0%
