workflow,footprint,makespan,flexible-6h,flexible-12h,flexible-24h,flexible-48h,flexible-96h
chipseq-may-1,11372.588025425906,13607.0,0.0%:11372.552988934201:439.942|3.2%,0.0%:11372.552988934201:439.942|3.2%,0.3%:11343.59349137836:864.413|6.4%,21.8%:8892.72723933076:855.413|6.3%,73.9%:2965.989657267927:1026.884|7.5%
chipseq-may-2,11144.274114501899,13099.0,0.0%:11144.274114501899:95.14|0.7%,0.0%:11144.274114501899:95.14|0.7%,0.2%:11120.580152107588:868.42|6.6%,19.9%:8923.180025873755:988.56|7.5%,74.1%:2890.389492975172:832.56|6.4%
chipseq-may-3,11301.630490757887,13266.0,0.0%:11301.627224100886:403.744|3.0%,0.0%:11301.627224100886:216.372|1.6%,0.2%:11276.624561414155:780.116|5.9%,20.2%:9022.435763260744:1000.488|7.5%,74.1%:2932.274214888452:895.488|6.8%
