workflow,footprint,makespan,flexible-6h,flexible-12h,flexible-24h,flexible-48h,flexible-96h
chipseq-oct-1,10388.844366027291,13607.0,0.1%:10383.020602773511:566.942|4.2%,0.1%:10383.020602773511:566.942|4.2%,0.1%:10383.020602773511:566.942|4.2%,2.9%:10088.413524439356:1438.355|10.6%,80.3%:2043.770923984295:1106.884|8.1%
chipseq-oct-2,10186.49731253683,13099.0,0.1%:10180.355306444178:941.56|7.2%,0.1%:10180.355306444178:941.56|7.2%,0.1%:10180.287398734106:941.56|7.2%,1.6%:10019.316897508674:1668.84|12.7%,80.3%:2010.906605029011:864.42|6.6%
chipseq-oct-3,10329.709206765667,13266.0,0.0%:10324.995570363997:794.116|6.0%,0.0%:10324.995570363997:794.116|6.0%,0.0%:10324.995570363997:794.116|6.0%,1.9%:10135.551510691153:1726.232|13.0%,80.3%:2036.2658770543176:781.116|5.9%
