workflow,footprint,makespan,flexible-6h,flexible-12h,flexible-24h,flexible-48h,flexible-96h
mag-apr-1,8027.848402403769,45898.0,7.7%:7410.278053218769:291.762|0.6%,11.6%:7093.213313028532:635.286|1.4%,23.1%:6172.905319247881:534.524|1.2%,51.7%:3874.9292062596423:401.524|0.9%,56.0%:3532.393439728576:785.048|1.7%
mag-apr-2,8118.880276965308,44188.0,8.0%:7465.541625012419:723.491|1.6%,14.0%:6979.4770000587405:314.994|0.7%,25.7%:6033.193635264542:564.994|1.3%,53.9%:3739.860382611401:16.497|0.0%,60.6%:3201.6675915881956:482.988|1.1%
mag-apr-3,7995.674005708037,46342.0,5.9%:7521.879934625421:212.754|0.5%,11.7%:7060.330372624917:346.631|0.7%,24.1%:6069.706368132032:591.754|1.3%,50.9%:3925.8955143758462:462.631|1.0%,54.3%:3650.403609808905:766.631|1.7%
