workflow,footprint,makespan,flexible-6h,flexible-12h,flexible-24h,flexible-48h,flexible-96h
mag-mar-1,3865.756996416312,45898.0,22.2%:3008.4095198388422:1481.762|3.2%,13.9%:3328.452013188247:368.762|0.8%,50.3%:1920.1746631528842:0.0|0.0%,59.8%:1554.4492471540013:3586.762|7.8%,60.6%:1524.5058627796:1481.762|3.2%
mag-mar-2,3863.9913079228436,44188.0,26.9%:2826.044100220946:1461.497|3.3%,11.9%:3405.3109517261855:284.497|0.6%,49.0%:1970.786222028699:1183.497|2.7%,59.6%:1560.0367222848877:2644.994|6.0%,60.8%:1514.0651775747126:2644.994|6.0%
mag-mar-3,3833.5733650546294,46342.0,20.1%:3063.745532465266:1842.877|4.0%,6.3%:3592.7043798118452:215.877|0.5%,50.2%:1910.7468414370228:0.0|0.0%,59.5%:1551.6153181153302:2185.754|4.7%,60.3%:1520.075354102141:1842.877|4.0%
