workflow,footprint,makespan,flexible-6h,flexible-12h,flexible-24h,flexible-48h,flexible-96h
mag-dec-1,14485.90273310402,45898.0,0.5%:14420.570825161662:449.524|1.0%,0.8%:14373.429405878784:742.286|1.6%,1.3%:14295.833327754634:584.286|1.3%,1.7%:14234.43917698582:2599.62|5.7%,2.8%:14073.387066937808:1274.572|2.8%
mag-dec-2,14456.356583682375,44188.0,0.5%:14383.31326714451:561.994|1.3%,0.9%:14322.311172101676:423.994|1.0%,1.3%:14266.93856399019:766.988|1.7%,1.7%:14207.767965010175:3058.461|6.9%,2.8%:14052.600347449099:1608.976|3.6%
mag-dec-3,14436.1458375483,46342.0,0.4%:14371.268816426955:462.754|1.0%,0.8%:14323.141014354833:673.631|1.5%,1.4%:14239.588440499854:536.631|1.2%,1.8%:14174.17851636009:2693.647|5.8%,2.9%:14015.610712062418:962.508|2.1%
