workflow,footprint,makespan,flexible-6h,flexible-12h,flexible-24h,flexible-48h,flexible-96h
mag-apr-1,4180.613183648534,45898.0,33.7%:2773.1759169051734:0.0|0.0%,43.6%:2356.595584921337:6546.524|14.3%,47.1%:2211.0678307278954:1481.762|3.2%,48.5%:2151.188680855191:3210.524|7.0%,51.5%:2027.0720066430367:5779.286|12.6%
mag-apr-2,4196.2109278447615,44188.0,36.7%:2656.8572722428407:16.497|0.0%,44.0%:2348.9465097929487:2644.994|6.0%,47.5%:2203.94669016955:2644.994|6.0%,49.0%:2139.109833421832:6792.988|15.4%,51.5%:2033.6626230018587:7673.491|17.4%
mag-apr-3,4151.0314018293375,46342.0,32.6%:2799.80110237754:26.877|0.1%,43.4%:2350.380257757356:2364.631|5.1%,47.0%:2201.719087077186:1842.877|4.0%,48.5%:2136.127243882461:5897.508|12.7%,51.4%:2016.3473539242902:6509.631|14.0%
