workflow,footprint,makespan,flexible-6h,flexible-12h,flexible-24h,flexible-48h,flexible-96h
mag-aug-1,4719.909171477457,45898.0,21.9%:3688.1867806341747:0.0|0.0%,19.4%:3805.728744637646:250.762|0.5%,43.6%:2660.9799090888528:3586.762|7.8%,49.6%:2378.5120913976584:0.0|0.0%,54.0%:2169.2494822729336:7161.524|15.6%
mag-aug-2,4719.655753111586,44188.0,24.9%:3546.1018506306687:0.0|0.0%,23.4%:3613.1328931101057:583.497|1.3%,42.9%:2695.3647588069616:2628.497|5.9%,49.4%:2387.168883451936:1183.497|2.7%,54.1%:2166.790232676742:2628.497|5.9%
mag-aug-3,4688.93679825742,46342.0,20.5%:3726.9431935480425:0.0|0.0%,17.9%:3850.890984123303:214.877|0.5%,43.2%:2663.896293446337:2158.877|4.7%,49.5%:2366.78593755143:0.0|0.0%,53.6%:2173.440900737308:2337.754|5.0%
