workflow,footprint,makespan,flexible-6h,flexible-12h,flexible-24h,flexible-48h,flexible-96h
mag-aug-1,14000.214995506873,45898.0,-1.5%:14208.429394958424:290.762|0.6%,-1.4%:14195.27500448494:358.524|0.8%,-1.9%:14271.922199677025:362.286|0.8%,0.8%:13894.758297768223:685.286|1.5%,1.0%:13863.665934133278:1969.096|4.3%
mag-aug-2,14027.885564749296,44188.0,0.4%:13965.534617951665:303.994|0.7%,-1.2%:14202.443071056112:674.491|1.5%,-0.8%:14143.43777714112:477.994|1.1%,1.1%:13880.004239128933:799.988|1.8%,1.4%:13833.35597388075:1918.976|4.3%
mag-aug-3,13934.256786685235,46342.0,-1.6%:14154.350057350008:344.754|0.7%,-1.7%:14168.536707531612:601.631|1.3%,-2.0%:14215.431254777908:515.508|1.1%,-0.3%:13974.657722896261:1049.508|2.3%,1.4%:13738.196372420396:1587.139|3.4%
