workflow,footprint,makespan,flexible-6h,flexible-12h,flexible-24h,flexible-48h,flexible-96h
mag-dec-1,5737.000904129298,45898.0,8.1%:5271.313640710917:2959.762|6.4%,19.1%:4643.763048728634:5684.524|12.4%,39.6%:3462.351271709021:3955.524|8.6%,45.4%:3133.224458320235:2651.524|5.8%,45.4%:3133.224458320235:2651.524|5.8%
mag-dec-2,5800.828002013502,44188.0,11.0%:5161.566396382325:0.0|0.0%,21.4%:4562.314409710554:3276.497|7.4%,39.1%:3531.1731028293416:3741.994|8.5%,45.6%:3155.679155687292:3749.994|8.5%,45.6%:3155.679155687292:3749.994|8.5%
mag-dec-3,5699.949405530605,46342.0,8.0%:5244.817270116949:178.877|0.4%,19.4%:4595.435841230979:3372.754|7.3%,37.8%:3546.1689194432806:2449.754|5.3%,43.6%:3213.560671373525:3291.754|7.1%,43.6%:3213.560671373525:3291.754|7.1%
