workflow,footprint,makespan,flexible-6h,flexible-12h,flexible-24h,flexible-48h,flexible-96h
mag-apr-1,4180.613183648534,45898.0,33.1%:2798.0609759261074:0.0|0.0%,33.1%:2798.0609759261074:0.0|0.0%,47.1%:2211.0678307278954:1481.762|3.2%,48.1%:2171.6595308081155:3825.524|8.3%,51.5%:2025.5421504295196:6718.286|14.6%
mag-apr-2,4196.2109278447615,44188.0,36.1%:2681.4667019620874:16.497|0.0%,36.1%:2681.4667019620874:16.497|0.0%,47.3%:2213.340320478007:2644.994|6.0%,47.9%:2185.0543566746437:583.497|1.3%,51.4%:2039.3132639838107:2644.994|6.0%
mag-apr-3,4151.0314018293375,46342.0,31.7%:2833.2460358919134:26.877|0.1%,31.7%:2833.2460358919134:26.877|0.1%,46.7%:2210.7472334532335:1842.877|4.0%,47.5%:2181.1297634980315:393.754|0.8%,51.4%:2018.3728661847351:2021.754|4.4%
