workflow,footprint,makespan,flexible-6h,flexible-12h,flexible-24h,flexible-48h,flexible-96h
mag-feb-1,8957.942986589496,45898.0,13.2%:7776.687604614859:796.286|1.7%,14.9%:7624.223936498051:858.286|1.9%,16.6%:7467.122795087822:1095.572|2.4%,16.7%:7466.242295141852:1095.572|2.4%,18.9%:7268.174108065202:1265.572|2.8%
mag-feb-2,9137.246873087033,44188.0,11.7%:8064.50394507122:856.988|1.9%,15.5%:7723.372497996198:925.988|2.1%,21.6%:7165.826303944987:1335.982|3.0%,23.3%:7005.611759481449:1380.479|3.1%,23.3%:7005.611759481449:1163.982|2.6%
mag-feb-3,8937.039580657316,46342.0,13.4%:7740.60512700954:744.631|1.6%,15.1%:7590.120286435864:636.631|1.4%,15.5%:7556.19624082509:1356.262|2.9%,15.5%:7555.177465729956:1802.139|3.9%,15.5%:7549.116852150868:1128.262|2.4%
