workflow,footprint,makespan,flexible-6h,flexible-12h,flexible-24h,flexible-48h,flexible-96h
mag-nov-1,5583.468255456461,45898.0,8.6%:5103.585618661473:0.0|0.0%,10.6%:4989.192053869892:300.762|0.7%,46.1%:3009.306640358919:3586.762|7.8%,46.7%:2976.350726713969:1481.762|3.2%,55.4%:2488.397041934:6311.524|13.8%
mag-nov-2,5567.704110339509,44188.0,11.5%:4925.101563247706:0.0|0.0%,9.0%:5065.942153602175:1235.994|2.8%,44.4%:3094.150695784102:2628.497|5.9%,47.2%:2938.20842526907:1199.994|2.7%,55.3%:2487.4344022319237:5904.994|13.4%
mag-nov-3,5538.339135390137,46342.0,7.1%:5145.7453310158035:0.0|0.0%,7.6%:5118.389273727453:569.754|1.2%,44.8%:3057.4896200737094:2158.877|4.7%,47.1%:2930.8539205869097:26.877|0.1%,55.2%:2479.3505057000266:5352.754|11.6%
