workflow,footprint,makespan,flexible-6h,flexible-12h,flexible-24h,flexible-48h,flexible-96h
mag-may-1,10112.828629548947,45898.0,5.6%:9546.929552558428:461.524|1.0%,13.7%:8725.592595501119:458.524|1.0%,14.2%:8676.877458423494:679.286|1.5%,29.9%:7094.01880061883:771.286|1.7%,27.7%:7313.595439384215:2823.382|6.2%
mag-may-2,10364.282446025783,44188.0,9.6%:9371.914517905105:290.497|0.7%,14.2%:8897.297431763654:555.994|1.3%,20.2%:8274.988613936448:1481.479|3.4%,31.9%:7057.632382860094:606.491|1.4%,36.9%:6534.749996094106:2993.958|6.8%
mag-may-3,9980.647286670235,46342.0,7.8%:9199.093079613722:429.754|0.9%,14.4%:8545.603615198235:289.877|0.6%,15.7%:8412.07998961208:290.754|0.6%,27.6%:7226.352054341954:662.631|1.4%,26.9%:7291.221372128201:3792.155|8.2%
