workflow,footprint,makespan,flexible-6h,flexible-12h,flexible-24h,flexible-48h,flexible-96h
mag-mar-1,7895.777747387411,45898.0,1.9%:7749.0918310234765:0.0|0.0%,6.5%:7383.735718201193:0.0|0.0%,16.1%:6627.967533846783:624.286|1.4%,24.7%:5943.485454160316:846.81|1.8%,24.7%:5945.494318705385:691.81|1.5%
mag-mar-2,8181.306088960329,44188.0,4.0%:7852.493447186663:0.0|0.0%,8.8%:7462.673870799553:281.497|0.6%,21.6%:6413.589407754741:705.491|1.6%,39.6%:4942.875467387833:327.994|0.7%,39.6%:4942.875467387833:327.994|0.7%
mag-mar-3,7851.768073034383,46342.0,1.9%:7700.792021237031:0.0|0.0%,4.1%:7532.263306048753:37.877|0.1%,17.3%:6489.674646979079:453.508|1.0%,24.8%:5903.009500733704:1075.262|2.3%,24.8%:5903.009500733704:1075.262|2.3%
