workflow,footprint,makespan,flexible-6h,flexible-12h,flexible-24h,flexible-48h,flexible-96h
mag-may-1,2824.9955911470224,45898.0,30.7%:1956.5722611298436:0.0|0.0%,55.5%:1257.0096259353643:3574.762|7.8%,60.1%:1127.8878310727662:418.762|0.9%,60.8%:1107.8820675434822:368.762|0.8%,64.2%:1012.6868206708334:7161.524|15.6%
mag-may-2,2822.748199639078,44188.0,34.7%:1842.259975955141:16.497|0.0%,55.7%:1249.7893458142103:3445.497|7.8%,59.9%:1130.7883721361031:1183.497|2.7%,60.5%:1115.9007528972547:2912.994|6.6%,64.0%:1014.9603088733535:2628.497|5.9%
mag-may-3,2791.4778838536877,46342.0,29.0%:1981.6022445918588:26.877|0.1%,55.2%:1249.8587360633853:2961.877|6.4%,59.9%:1118.6064397010218:0.0|0.0%,59.7%:1123.9067068042864:2374.754|5.1%,63.7%:1012.4231842481312:2337.754|5.0%
