workflow,footprint,makespan,flexible-6h,flexible-12h,flexible-24h,flexible-48h,flexible-96h
mag-sep-1,14179.4839070716,45898.0,0.5%:14106.94952772324:299.762|0.7%,2.7%:13790.664643942697:921.048|2.0%,6.3%:13283.76348750868:3649.43|8.0%,6.9%:13195.383537266982:2891.144|6.3%,6.8%:13212.896096504539:3542.43|7.7%
mag-sep-2,13830.781569938707,44188.0,-0.4%:13882.659614428723:356.994|0.8%,2.0%:13552.609325845748:2115.976|4.8%,4.1%:13259.833516057146:2945.964|6.7%,5.0%:13139.22829593673:2807.467|6.4%,5.0%:13141.05685358164:3372.958|7.6%
mag-sep-3,14131.52508072134,46342.0,0.7%:14033.76482946791:284.877|0.6%,2.7%:13756.838128400532:914.508|2.0%,6.5%:13208.082979123134:3140.278|6.8%,7.0%:13148.661802929575:3374.278|7.3%,7.1%:13132.747435596255:3630.032|7.8%
