workflow,footprint,makespan,flexible-6h,flexible-12h,flexible-24h,flexible-48h,flexible-96h
montage-jan-1,228.99660704476423,2003.0,13.7%:197.57300438627016:0.0|0.0%,71.6%:65.00778495183215:0.0|0.0%,71.6%:65.00778495183215:0.0|0.0%,71.6%:65.00778495183215:0.0|0.0%,71.6%:65.00778495183215:0.0|0.0%
montage-jan-2,264.69459384690964,1814.0,13.7%:228.37240615060531:0.0|0.0%,71.6%:75.14176501029465:0.0|0.0%,71.6%:75.14176501029465:0.0|0.0%,71.6%:75.14176501029465:0.0|0.0%,71.6%:75.14176501029465:0.0|0.0%
montage-jan-3,234.50570981600288,1884.0,13.7%:202.32613151785932:0.0|0.0%,71.6%:66.57171453512166:0.0|0.0%,71.6%:66.57171453512166:0.0|0.0%,71.6%:66.57171453512166:0.0|0.0%,71.6%:66.57171453512166:0.0|0.0%
