workflow,footprint,makespan,flexible-6h,flexible-12h,flexible-24h,flexible-48h,flexible-96h
montage-sep-1,473.61470084332484,2003.0,0.3%:472.34116193831886:103.0|5.1%,0.3%:472.00520866787923:19.0|0.9%,1.4%:466.74866830069965:559.0|27.9%,1.4%:466.74866830069965:203.0|10.1%,82.3%:83.97181473380031:47.0|2.3%
montage-sep-2,475.34037267655503,1814.0,0.4%:473.5981297261164:99.0|5.5%,0.5%:472.84836807317083:80.0|4.4%,1.7%:467.10042064284363:295.0|16.3%,1.7%:467.10042064284363:497.0|27.4%,83.3%:79.5999725606919:0.0|0.0%
montage-sep-3,408.5286299436314,1884.0,0.4%:407.01131639401353:96.0|5.1%,0.5%:406.41083936570874:55.0|2.9%,1.7%:401.4944770796614:293.0|15.6%,1.7%:401.4944770796614:385.0|20.4%,83.2%:68.78262757081059:0.0|0.0%
