workflow,footprint,makespan,flexible-6h,flexible-12h,flexible-24h,flexible-48h,flexible-96h
montage-dec-1,288.4517262741114,2003.0,11.6%:254.87893886231387:0.0|0.0%,60.0%:115.30289705307668:0.0|0.0%,60.0%:115.30289705307668:0.0|0.0%,69.5%:87.91212472054984:0.0|0.0%,69.5%:87.91212472054984:0.0|0.0%
montage-dec-2,269.0578492709126,1814.0,11.6%:237.8261262359449:0.0|0.0%,61.7%:102.98622396610233:0.0|0.0%,61.7%:102.98622396610233:0.0|0.0%,70.2%:80.05999590489441:0.0|0.0%,70.2%:80.05999590489441:0.0|0.0%
montage-dec-3,238.37132828385157,1884.0,11.6%:210.70163819819814:0.0|0.0%,61.7%:91.24046396810323:0.0|0.0%,61.7%:91.24046396810323:0.0|0.0%,70.2%:70.92901254493357:0.0|0.0%,70.2%:70.92901254493357:0.0|0.0%
