workflow,footprint,makespan,flexible-6h,flexible-12h,flexible-24h,flexible-48h,flexible-96h
montage-aug-1,485.5982952246645,2003.0,0.3%:484.23723522100875:448.0|22.4%,0.3%:484.23723522100875:448.0|22.4%,0.5%:483.1709310246194:467.0|23.3%,1.9%:476.3488707406118:111.0|5.5%,10.4%:435.0963058955521:19.0|0.9%
montage-aug-2,486.1842242947541,1814.0,0.3%:484.6481542486073:375.0|20.7%,0.3%:484.6481542486073:375.0|20.7%,0.4%:484.0649491169501:340.0|18.7%,1.9%:476.8473142868955:0.0|0.0%,9.2%:441.6607646495508:157.0|8.7%
montage-aug-3,417.88051915712333,1884.0,0.3%:416.6320491144726:348.0|18.5%,0.3%:416.6320491144726:348.0|18.5%,0.4%:416.0478681577137:211.0|11.2%,2.0%:409.70418031443603:0.0|0.0%,10.1%:375.59187364498996:160.0|8.5%
