workflow,footprint,makespan,flexible-6h,flexible-12h,flexible-24h,flexible-48h,flexible-96h
montage-may-1,175.67696389110282,2003.0,41.0%:103.69604181405738:0.0|0.0%,81.0%:33.449917229396846:0.0|0.0%,81.0%:33.449917229396846:0.0|0.0%,83.1%:29.624977156718078:0.0|0.0%,84.4%:27.443631060620238:0.0|0.0%
montage-may-2,163.66992111308923,1814.0,42.2%:94.62331773676351:0.0|0.0%,81.0%:31.126469066406298:0.0|0.0%,81.0%:31.126469066406298:0.0|0.0%,83.4%:27.145955346263346:0.0|0.0%,84.4%:25.519303104858782:0.0|0.0%
montage-may-3,145.0030787117352,1884.0,42.2%:83.83136190472666:0.0|0.0%,81.0%:27.576440517350164:0.0|0.0%,81.0%:27.576440517350164:0.0|0.0%,83.4%:24.049911388786487:0.0|0.0%,84.4%:22.608781696825375:0.0|0.0%
