workflow,footprint,makespan,flexible-6h,flexible-12h,flexible-24h,flexible-48h,flexible-96h
montage-may-1,175.67696389110282,2003.0,40.2%:105.11447007415786:0.0|0.0%,74.3%:45.102511564211085:0.0|0.0%,72.6%:48.08341671013806:0.0|0.0%,78.1%:38.47173470530651:0.0|0.0%,82.7%:30.344224944146056:0.0|0.0%
montage-may-2,163.66992111308923,1814.0,42.2%:94.62331773676351:0.0|0.0%,74.4%:41.891079487465966:0.0|0.0%,74.4%:41.891079487465966:0.0|0.0%,78.4%:35.35576489405815:0.0|0.0%,84.4%:25.519303104858782:0.0|0.0%
montage-may-3,145.0030787117352,1884.0,42.2%:83.83136190472666:0.0|0.0%,74.4%:37.113328184739935:0.0|0.0%,74.4%:37.113328184739935:0.0|0.0%,78.4%:31.32337771644909:0.0|0.0%,84.4%:22.608781696825375:0.0|0.0%
