workflow,footprint,makespan,flexible-6h,flexible-12h,flexible-24h,flexible-48h,flexible-96h
montage-apr-1,480.99382460649497,2003.0,0.5%:478.7840867055996:356.0|17.8%,0.5%:478.7372038384579:203.0|10.1%,0.5%:478.7372038384579:203.0|10.1%,0.5%:478.7372038384579:203.0|10.1%,89.4%:50.8878419173637:214.0|10.7%
montage-apr-2,480.67023663713354,1814.0,0.2%:479.53167936985034:202.0|11.1%,0.2%:479.52631918891274:497.0|27.4%,0.2%:479.52631918891274:295.0|16.3%,0.2%:479.52631918891274:497.0|27.4%,89.4%:50.99582759390199:301.0|16.6%
montage-apr-3,413.28723083831784,1884.0,0.3%:412.1592500498925:92.0|4.9%,0.3%:412.15181848643215:385.0|20.4%,0.3%:412.15181848643215:293.0|15.6%,0.3%:412.15181848643215:385.0|20.4%,89.4%:43.822524436470715:188.0|10.0%
