workflow,footprint,makespan,flexible-6h,flexible-12h,flexible-24h,flexible-48h,flexible-96h
montage-aug-1,199.34516773018186,2003.0,34.4%:130.69393577782228:0.0|0.0%,65.7%:68.327972342842:0.0|0.0%,64.8%:70.07318655029978:0.0|0.0%,64.8%:70.07318655029978:0.0|0.0%,69.3%:61.180420923261536:0.0|0.0%
montage-aug-2,185.5149038608931,1814.0,35.8%:119.1283553263936:0.0|0.0%,65.7%:63.64037680930472:0.0|0.0%,65.7%:63.64037680930472:0.0|0.0%,65.7%:63.64037680930472:0.0|0.0%,69.2%:57.07635658810745:0.0|0.0%
montage-aug-3,164.35660275142484,1884.0,35.8%:105.54155685244683:0.0|0.0%,65.7%:56.38207988960837:0.0|0.0%,65.7%:56.38207988960837:0.0|0.0%,65.7%:56.38207988960837:0.0|0.0%,69.2%:50.56669772087109:0.0|0.0%
