workflow,footprint,makespan,flexible-6h,flexible-12h,flexible-24h,flexible-48h,flexible-96h
montage-oct-1,266.58797841425144,2003.0,7.8%:245.91197148962118:0.0|0.0%,65.0%:93.25195373182133:0.0|0.0%,65.1%:93.10367622139661:0.0|0.0%,73.2%:71.57709016213894:0.0|0.0%,76.0%:64.09792578668926:0.0|0.0%
montage-oct-2,248.7629704237414,1814.0,7.8%:229.33882895285154:0.0|0.0%,65.1%:86.93020948917957:0.0|0.0%,65.5%:85.94464960174031:0.0|0.0%,73.2%:66.7692902383594:0.0|0.0%,76.0%:59.71727434474076:0.0|0.0%
montage-oct-3,220.39111606826614,1884.0,7.8%:203.18233209955383:0.0|0.0%,65.1%:77.01566618509874:0.0|0.0%,65.5%:76.14251113643994:0.0|0.0%,73.2%:59.15413523826297:0.0|0.0%,76.0%:52.90641416193743:0.0|0.0%
