workflow,footprint,makespan,flexible-6h,flexible-12h,flexible-24h,flexible-48h,flexible-96h
montage-sep-1,254.91687279983753,2003.0,18.7%:207.18332382644678:0.0|0.0%,61.0%:99.53711897501988:0.0|0.0%,61.0%:99.53711897501988:0.0|0.0%,81.9%:46.06494150540027:0.0|0.0%,81.9%:46.06494150540027:0.0|0.0%
montage-sep-2,237.64432392661143,1814.0,19.5%:191.26559796138795:0.0|0.0%,61.1%:92.50866982293762:0.0|0.0%,61.1%:92.50866982293762:0.0|0.0%,82.0%:42.77138540634371:0.0|0.0%,82.0%:42.77138540634371:0.0|0.0%
montage-sep-3,210.5405707620377,1884.0,19.5%:169.4514200741815:0.0|0.0%,61.1%:81.95789330517715:0.0|0.0%,61.1%:81.95789330517715:0.0|0.0%,82.0%:37.893233665095366:0.0|0.0%,82.0%:37.893233665095366:0.0|0.0%
