workflow,footprint,makespan,flexible-6h,flexible-12h,flexible-24h,flexible-48h,flexible-96h
montage-may-1,504.3159029121926,2003.0,0.2%:503.0645179931576:311.0|15.5%,0.4%:502.08591165584767:233.0|11.6%,1.4%:497.1316180085344:467.0|23.3%,2.2%:493.3389367926006:506.0|25.3%,88.6%:57.71151332167761:353.0|17.6%
montage-may-2,505.09793321703773,1814.0,0.2%:503.9461846009081:359.0|19.8%,0.6%:502.1862061143135:359.0|19.8%,1.4%:498.2449159879574:577.0|31.8%,2.2%:494.2289711552645:734.0|40.5%,89.1%:55.2676147458411:179.0|9.9%
montage-may-3,434.0758783917922,1884.0,0.2%:433.16464773639984:252.0|13.4%,0.6%:431.5667021441111:252.0|13.4%,1.4%:428.2106561452814:440.0|23.4%,2.1%:424.7957497682151:600.0|31.8%,89.1%:47.24381352773363:151.0|8.0%
