workflow,footprint,makespan,flexible-6h,flexible-12h,flexible-24h,flexible-48h,flexible-96h
montage-nov-1,208.64782485313987,2003.0,25.2%:155.98894859446463:0.0|0.0%,60.8%:81.85683870539246:0.0|0.0%,60.8%:81.85683870539246:0.0|0.0%,61.0%:81.38717994902161:0.0|0.0%,65.5%:71.94510712248075:0.0|0.0%
montage-nov-2,194.55717661458323,1814.0,26.6%:142.74351845454942:0.0|0.0%,60.9%:75.98379675878647:0.0|0.0%,60.9%:75.98379675878647:0.0|0.0%,61.3%:75.24701897885616:0.0|0.0%,65.8%:66.47266541786801:0.0|0.0%
montage-nov-3,172.3675883920321,1884.0,26.6%:126.46336908632948:0.0|0.0%,60.9%:67.31771108154864:0.0|0.0%,60.9%:67.31771108154864:0.0|0.0%,61.3%:66.66496410342509:0.0|0.0%,65.8%:58.89134100031716:0.0|0.0%
