workflow,footprint,makespan,flexible-6h,flexible-12h,flexible-24h,flexible-48h,flexible-96h
montage-oct-1,478.51592479364996,2003.0,0.7%:475.2458643486106:356.0|17.8%,0.7%:475.23161708709733:245.0|12.2%,0.7%:475.22187095250746:356.0|17.8%,0.7%:474.946524038896:478.0|23.9%,2.8%:464.9282890270078:245.0|12.2%
montage-oct-2,479.8447667532565,1814.0,0.8%:476.0529373695465:497.0|27.4%,0.7%:476.27531075899736:202.0|11.1%,0.7%:476.27479203180985:202.0|11.1%,0.8%:475.8906875817229:359.0|19.8%,2.2%:469.17208641689746:295.0|16.3%
montage-oct-3,412.380997312936,1884.0,0.8%:409.1892126063907:385.0|20.4%,0.7%:409.3465813315697:92.0|4.9%,0.7%:409.3452540761949:92.0|4.9%,0.8%:409.0225087263535:252.0|13.4%,2.5%:401.9152199160724:293.0|15.6%
