workflow,footprint,makespan,flexible-6h,flexible-12h,flexible-24h,flexible-48h,flexible-96h
montage-jul-1,246.79686515789479,2003.0,33.5%:164.12260192145692:0.0|0.0%,51.0%:120.96216538550456:0.0|0.0%,51.0%:120.96216538550456:0.0|0.0%,51.0%:120.96216538550456:0.0|0.0%,51.0%:120.96216538550456:0.0|0.0%
montage-jul-2,230.08517527537842,1814.0,34.7%:150.22611876501037:0.0|0.0%,51.0%:112.78441158491579:0.0|0.0%,51.0%:112.78441158491579:0.0|0.0%,51.0%:112.78441158491579:0.0|0.0%,51.0%:112.78441158491579:0.0|0.0%
montage-jul-3,203.8435563111596,1884.0,34.7%:133.09256566935068:0.0|0.0%,51.0%:99.92115105379845:0.0|0.0%,51.0%:99.92115105379845:0.0|0.0%,51.0%:99.92115105379845:0.0|0.0%,51.0%:99.92115105379845:0.0|0.0%
