workflow,footprint,makespan,flexible-6h,flexible-12h,flexible-24h,flexible-48h,flexible-96h
montage-mar-1,488.21869405721856,2003.0,0.2%:487.1081544187821:122.0|6.1%,1.3%:481.9388903835928:47.0|2.3%,1.1%:482.9092806425034:459.0|22.9%,1.1%:482.9092806425034:459.0|22.9%,1.4%:481.1403377616657:681.0|34.0%
montage-mar-2,489.47530565851184,1814.0,0.3%:487.7975515217586:157.0|8.7%,1.5%:481.97339234190457:0.0|0.0%,1.3%:482.86985799706355:260.0|14.3%,1.3%:482.86985799706355:555.0|30.6%,1.4%:482.46213842767935:260.0|14.3%
montage-mar-3,420.58114789672084,1884.0,0.3%:419.22888597592265:160.0|8.5%,1.4%:414.48916284625346:0.0|0.0%,1.4%:414.8685175410203:156.0|8.3%,1.4%:414.8685175410203:449.0|23.8%,1.6%:413.82529481642376:156.0|8.3%
