workflow,footprint,makespan,flexible-6h,flexible-12h,flexible-24h,flexible-48h,flexible-96h
nanoseq-dec-1,149.41982691393258,19616.143,0.2%:149.16191800603016:88.228|0.4%,0.2%:149.16191800603016:88.228|0.4%,0.2%:149.16191800603016:88.228|0.4%,0.2%:149.15998481101454:55.494|0.3%,0.2%:149.15534942868373:48.008|0.2%
nanoseq-dec-2,151.89366774945705,20705.598,0.3%:151.45320279596194:7.332|0.0%,0.3%:151.45320279596194:7.332|0.0%,0.3%:151.4452374653975:0.0|0.0%,0.3%:151.4452374653975:0.0|0.0%,0.3%:151.4429430270018:14.946|0.1%
nanoseq-dec-3,149.56107584317493,19775.509,0.2%:149.2668138564481:38.849|0.2%,0.2%:149.2668138564481:38.849|0.2%,0.2%:149.2668138564481:38.849|0.2%,0.2%:149.26656932190815:0.0|0.0%,0.2%:149.25655796094208:0.0|0.0%
