workflow,footprint,makespan,flexible-6h,flexible-12h,flexible-24h,flexible-48h,flexible-96h
nanoseq-mar-1,153.73794828759972,19616.143,0.3%:153.2441140626972:151.488|0.8%,0.5%:153.0164537184205:326.818|1.7%,0.8%:152.57232032386335:151.488|0.8%,30.9%:106.2417567618452:595.895|3.0%,89.7%:15.867880725199388:0.0|0.0%
nanoseq-mar-2,156.1596810814643,20705.598,0.4%:155.5707472485825:308.602|1.5%,0.5%:155.34168245182062:357.373|1.7%,3.5%:150.72902134368226:8.504|0.0%,36.2%:99.57609892535883:390.117|1.9%,89.7%:16.07431670814746:0.0|0.0%
nanoseq-mar-3,153.8826648697595,19775.509,0.3%:153.37164860944998:203.49|1.0%,0.5%:153.117456508146:76.361|0.4%,0.8%:152.6614426815665:286.34|1.4%,31.8%:104.9277243162371:146.139|0.7%,89.7%:15.869173173468601:0.0|0.0%
