workflow,footprint,makespan,flexible-6h,flexible-12h,flexible-24h,flexible-48h,flexible-96h
nanoseq-mar-1,153.73794828759972,19616.143,0.1%:153.51164082044363:253.567|1.3%,0.1%:153.51164082044363:253.567|1.3%,0.1%:153.51164082044363:253.567|1.3%,30.6%:106.63496771693941:20.739|0.1%,89.7%:15.867880725199388:0.0|0.0%
nanoseq-mar-2,156.1596810814643,20705.598,0.2%:155.8669370867031:0.0|0.0%,0.2%:155.8669370867031:0.0|0.0%,2.9%:151.6771459445479:8.504|0.0%,36.0%:99.90734999717243:69.538|0.3%,89.7%:16.056793407420574:0.0|0.0%
nanoseq-mar-3,153.8826648697595,19775.509,0.2%:153.60540562170286:216.284|1.1%,0.2%:153.60540562170286:216.284|1.1%,0.2%:153.60540562170286:216.284|1.1%,31.6%:105.2927399174079:309.276|1.6%,89.7%:15.867801229854896:146.139|0.7%
