workflow,footprint,makespan,flexible-6h,flexible-12h,flexible-24h,flexible-48h,flexible-96h
nanoseq-apr-1,64.59661373631064,19616.143,53.2%:30.2269282914903:0.0|0.0%,65.2%:22.458405369911567:0.0|0.0%,65.2%:22.458405369911567:0.0|0.0%,65.6%:22.222714080519392:1042.139|5.3%,66.8%:21.445284898557055:1042.139|5.3%
nanoseq-apr-2,65.64803169866342,20705.598,55.1%:29.476453439375394:0.0|0.0%,65.2%:22.825764682931734:0.0|0.0%,65.2%:22.825764682931734:0.0|0.0%,65.8%:22.473792980216935:241.557|1.2%,66.8%:21.78102325806715:241.557|1.2%
nanoseq-apr-3,64.66086373663366,19775.509,53.4%:30.156416579321295:0.0|0.0%,65.2%:22.48203218550633:0.0|0.0%,65.2%:22.48203218550633:0.0|0.0%,65.6%:22.220824527692795:965.522|4.9%,66.8%:21.468303757569437:965.522|4.9%
