workflow,footprint,makespan,flexible-6h,flexible-12h,flexible-24h,flexible-48h,flexible-96h
nanoseq-aug-1,149.44646660629127,19616.143,0.4%:148.80670599440285:0.0|0.0%,0.4%:148.80516086695926:0.0|0.0%,0.5%:148.70421147558304:4.326|0.0%,2.6%:145.5192175974906:257.893|1.3%,2.7%:145.40434943178346:253.567|1.3%
nanoseq-aug-2,152.1971195979171,20705.598,0.6%:151.22844924931908:14.946|0.1%,0.7%:151.20548466873143:67.47|0.3%,0.8%:150.91359789422776:50.196|0.2%,2.9%:147.71411595289754:50.196|0.2%,4.3%:145.6861559838194:197.952|1.0%
nanoseq-aug-3,149.6467934815576,19775.509,0.5%:148.82553263231148:0.0|0.0%,0.5%:148.82553263231148:0.0|0.0%,0.6%:148.72239168532641:177.419|0.9%,2.7%:145.57595009174457:188.788|1.0%,2.8%:145.49021549157882:0.0|0.0%
