workflow,footprint,makespan,flexible-6h,flexible-12h,flexible-24h,flexible-48h,flexible-96h
nanoseq-jun-1,39.34665334012437,19616.143,57.9%:16.5511453562319:0.0|0.0%,61.5%:15.132574270964009:0.0|0.0%,61.5%:15.132574270964009:0.0|0.0%,61.5%:15.132574270964009:0.0|0.0%,67.1%:12.93410031820596:0.0|0.0%
nanoseq-jun-2,39.814802065049285,20705.598,58.6%:16.49224231157463:0.0|0.0%,61.5%:15.309666274007567:0.0|0.0%,61.5%:15.309666274007567:0.0|0.0%,61.5%:15.309666274007567:0.0|0.0%,67.2%:13.052853582930044:0.0|0.0%
nanoseq-jun-3,39.370516574902254,19775.509,58.0%:16.528801218032505:0.0|0.0%,61.5%:15.14061519034174:0.0|0.0%,61.5%:15.14061519034174:0.0|0.0%,61.5%:15.14061519034174:0.0|0.0%,67.1%:12.933343501548554:0.0|0.0%
