workflow,footprint,makespan,flexible-6h,flexible-12h,flexible-24h,flexible-48h,flexible-96h
nanoseq-oct-1,90.04579174529482,19616.143,53.0%:42.35455200153331:0.0|0.0%,63.8%:32.57770130821141:0.0|0.0%,63.8%:32.57770130821141:0.0|0.0%,63.8%:32.57770130821141:0.0|0.0%,73.7%:23.697502445734226:0.0|0.0%
nanoseq-oct-2,91.43349776755964,20705.598,55.6%:40.589581216589224:0.0|0.0%,63.8%:33.07902115177302:0.0|0.0%,63.8%:33.07902115177302:0.0|0.0%,63.8%:33.07902115177302:0.0|0.0%,73.8%:23.911019599029437:0.0|0.0%
nanoseq-oct-3,90.1237816307723,19775.509,53.2%:42.17336639278554:0.0|0.0%,63.8%:32.60776187965668:0.0|0.0%,63.8%:32.60776187965668:0.0|0.0%,63.8%:32.60776187965668:0.0|0.0%,73.7%:23.695631614864958:0.0|0.0%
