workflow,footprint,makespan,flexible-6h,flexible-12h,flexible-24h,flexible-48h,flexible-96h
nanoseq-jan-1,149.86612767982834,19616.143,0.2%:149.61261170002226:67.586|0.3%,0.2%:149.60526433761692:11.968|0.1%,0.2%:149.4979253361131:4.326|0.0%,0.2%:149.49808901036522:151.488|0.8%,0.2%:149.51648381384527:78.481|0.4%
nanoseq-jan-2,152.22703419480231,20705.598,0.2%:151.8672563081029:0.0|0.0%,0.2%:151.85833716136764:8.504|0.0%,0.3%:151.73770209717026:180.289|0.9%,0.3%:151.73220985496832:279.522|1.3%,0.3%:151.75856251996294:66.032|0.3%
nanoseq-jan-3,150.01287582984398,19775.509,0.2%:149.7505796548724:63.583|0.3%,0.2%:149.74270809830244:190.004|1.0%,0.3%:149.61131650309753:43.865|0.2%,0.3%:149.6259498774276:203.49|1.0%,0.2%:149.63843094599216:123.561|0.6%
