workflow,footprint,makespan,flexible-6h,flexible-12h,flexible-24h,flexible-48h,flexible-96h
nanoseq-jan-1,149.86612767982834,19616.143,0.1%:149.69124812122985:0.0|0.0%,0.1%:149.69124812122985:0.0|0.0%,0.1%:149.68835860225067:63.26|0.3%,0.1%:149.65170591525978:326.818|1.7%,0.1%:149.65170591525978:326.818|1.7%
nanoseq-jan-2,152.22703419480231,20705.598,0.2%:151.97174587250234:14.946|0.1%,0.2%:151.97174587250234:14.946|0.1%,0.2%:151.92806351343378:15.836|0.1%,0.2%:151.90509746831427:173.769|0.8%,0.2%:151.90509746831427:173.769|0.8%
nanoseq-jan-3,150.01287582984398,19775.509,0.1%:149.80001004435928:0.0|0.0%,0.1%:149.80001004435928:0.0|0.0%,0.1%:149.79883022970418:43.865|0.2%,0.2%:149.76619875001543:221.284|1.1%,0.2%:149.76619875001543:221.284|1.1%
