workflow,footprint,makespan,flexible-6h,flexible-12h,flexible-24h,flexible-48h,flexible-96h
nanoseq-jun-1,148.0541350865063,19616.143,0.2%:147.71326909907077:86.13|0.4%,0.2%:147.70657998206997:185.712|0.9%,7.8%:136.48049577054286:7.486|0.0%,30.5%:102.83879196870139:63.26|0.3%,80.2%:29.33493693063791:99.582|0.5%
nanoseq-jun-2,150.3235320801504,20705.598,0.3%:149.9084876099347:0.0|0.0%,0.3%:149.87382065171735:0.0|0.0%,11.2%:133.49532842522018:311.095|1.5%,29.5%:105.90826997899518:452.477|2.2%,80.9%:28.749512439406203:311.546|1.5%
nanoseq-jun-3,148.16272884295256,19775.509,0.2%:147.83644517267956:136.82|0.7%,0.2%:147.8314728454585:0.0|0.0%,8.3%:135.82135457159382:0.0|0.0%,31.4%:101.64189286660142:85.24|0.4%,80.5%:28.841686681960052:106.97|0.5%
