workflow,footprint,makespan,flexible-6h,flexible-12h,flexible-24h,flexible-48h,flexible-96h
nanoseq-oct-1,149.81165286259943,19616.143,0.2%:149.53270187083098:0.0|0.0%,0.2%:149.53270187083098:0.0|0.0%,0.6%:148.90074474640085:0.0|0.0%,30.3%:104.47445645766412:0.0|0.0%,81.6%:27.4946226263205:346.887|1.8%
nanoseq-oct-2,152.30226278531035,20705.598,0.3%:151.86118965093416:0.0|0.0%,0.3%:151.86118965093416:0.0|0.0%,4.4%:145.6518849810583:142.987|0.7%,34.9%:99.14223214458045:0.0|0.0%,81.7%:27.834104639868638:0.0|0.0%
nanoseq-oct-3,149.970853476978,19775.509,0.2%:149.62693235958557:0.0|0.0%,0.2%:149.62693235958557:0.0|0.0%,1.1%:148.26538726820445:0.0|0.0%,31.1%:103.30873926592129:207.757|1.1%,81.8%:27.346580014557237:0.0|0.0%
