workflow,footprint,makespan,flexible-6h,flexible-12h,flexible-24h,flexible-48h,flexible-96h
nanoseq-sep-1,92.46735717144614,19616.143,40.9%:54.68650294775252:0.0|0.0%,44.3%:51.50897684476071:0.0|0.0%,45.6%:50.33026779690892:1042.139|5.3%,62.2%:34.983581262856696:0.0|0.0%,81.4%:17.203975134826624:686.13|3.5%
nanoseq-sep-2,93.98879452336121,20705.598,42.2%:54.29596395851296:0.0|0.0%,44.2%:52.399094220790104:0.0|0.0%,45.7%:51.05677720117333:241.557|1.2%,62.2%:35.503145825506735:0.0|0.0%,81.4%:17.522739514241792:105.161|0.5%
nanoseq-sep-3,92.55897060189548,19775.509,41.0%:54.63539522532592:0.0|0.0%,44.3%:51.58236937675511:0.0|0.0%,45.6%:50.366006992828716:965.522|4.9%,62.2%:35.02248637160561:0.0|0.0%,81.4%:17.23801789185335:507.757|2.6%
