workflow,footprint,makespan,flexible-6h,flexible-12h,flexible-24h,flexible-48h,flexible-96h
rangeland-dec-1,4800.739208557605,24817.0,0.4%:4782.638093192226:417.442|1.7%,0.7%:4764.946070806843:537.628|2.2%,1.0%:4752.633822591531:4.814|0.0%,1.0%:4751.304887940961:376.628|1.5%,1.2%:4744.990376796107:1831.512|7.4%
rangeland-dec-2,4788.188284758871,24742.0,0.4%:4769.608106941136:495.15|2.0%,0.7%:4753.231108232993:406.1|1.6%,1.0%:4741.495670047116:89.05|0.4%,1.0%:4739.984203502037:393.2|1.6%,1.1%:4735.204939003503:1353.4|5.5%
rangeland-dec-3,4797.943224027509,24839.0,0.4%:4779.029179535969:492.999|2.0%,0.7%:4762.763724668649:565.666|2.3%,1.0%:4750.517542628932:48.333|0.2%,1.0%:4749.232650470138:396.332|1.6%,1.1%:4744.336624985944:1459.664|5.9%
