workflow,footprint,makespan,flexible-6h,flexible-12h,flexible-24h,flexible-48h,flexible-96h
rangeland-may-1,4685.846188842334,24817.0,7.9%:4313.492280731044:156.814|0.6%,12.8%:4086.6085534839917:512.628|2.1%,8.8%:4271.961503847117:665.442|2.7%,34.8%:3056.9733926313343:966.256|3.9%,67.3%:1533.0892987928792:1170.07|4.7%
rangeland-may-2,4715.969040039245,24742.0,8.3%:4324.167267768117:143.05|0.6%,13.7%:4070.9263862730145:526.1|2.1%,9.4%:4273.846218285793:667.15|2.7%,35.2%:3056.007360802005:636.15|2.6%,67.2%:1546.0442964710574:916.25|3.7%
rangeland-may-3,4706.701642449292,24839.0,8.1%:4324.117991673583:211.333|0.9%,13.3%:4080.075241394177:398.666|1.6%,9.1%:4277.802545182788:737.999|3.0%,35.0%:3061.307007170366:752.999|3.0%,67.0%:1553.3408969330285:1092.665|4.4%
