workflow,footprint,makespan,flexible-6h,flexible-12h,flexible-24h,flexible-48h,flexible-96h
rangeland-jun-1,1130.6967959570654,24817.0,54.5%:514.6058510710436:0.0|0.0%,56.0%:497.08161958749776:0.0|0.0%,56.0%:497.08161958749776:0.0|0.0%,56.0%:497.08161958749776:0.0|0.0%,62.7%:421.78897070168335:220.814|0.9%
rangeland-jun-2,1129.7574906946384,24742.0,54.5%:513.6895743491223:0.0|0.0%,55.5%:502.7430846599241:0.0|0.0%,55.5%:502.7430846599241:0.0|0.0%,55.5%:502.7430846599241:0.0|0.0%,62.8%:420.77184039144504:137.05|0.6%
rangeland-jun-3,1131.3106359751177,24839.0,54.5%:514.7334370867711:0.0|0.0%,55.5%:503.87850737340517:0.0|0.0%,55.5%:503.87850737340517:0.0|0.0%,55.5%:503.87850737340517:0.0|0.0%,62.7%:421.6523554870562:421.333|1.7%
