workflow,footprint,makespan,flexible-6h,flexible-12h,flexible-24h,flexible-48h,flexible-96h
rangeland-jul-1,4762.417784015123,24817.0,0.2%:4751.59470762198:474.628|1.9%,0.1%:4758.324368098366:428.628|1.7%,0.1%:4758.090976821892:714.256|2.9%,0.1%:4758.200064284572:1099.256|4.4%,0.1%:4757.915200442339:950.256|3.8%
rangeland-jul-2,4750.890921160233,24742.0,0.2%:4739.418160223858:377.1|1.5%,0.1%:4745.945787455458:379.1|1.5%,0.1%:4745.7451495529:636.2|2.6%,0.1%:4745.7451495529:636.2|2.6%,0.1%:4745.601386845186:798.25|3.2%
rangeland-jul-3,4760.29412307058,24839.0,0.2%:4749.083198559559:450.666|1.8%,0.1%:4755.655378170617:487.666|2.0%,0.1%:4755.437414896907:830.332|3.3%,0.1%:4755.437414896907:830.332|3.3%,0.1%:4755.280051752144:1073.665|4.3%
