workflow,footprint,makespan,flexible-6h,flexible-12h,flexible-24h,flexible-48h,flexible-96h
rangeland-sep-1,4888.484414276499,24817.0,0.5%:4864.757872628424:945.07|3.8%,5.0%:4644.168268226479:870.256|3.5%,10.6%:4369.606422778423:1252.884|5.0%,15.1%:4148.2068289484105:1052.07|4.2%,15.7%:4119.548983835319:1052.07|4.2%
rangeland-sep-2,4876.880049419875,24742.0,0.5%:4852.8256982315415:822.25|3.3%,4.1%:4678.3796343489885:983.2|4.0%,11.5%:4313.863060201991:1316.3|5.3%,13.8%:4203.760975398455:984.35|4.0%,14.4%:4176.385737466696:1055.35|4.3%
rangeland-sep-3,4886.428822452613,24839.0,0.5%:4862.490748686992:1046.665|4.2%,4.3%:4676.4866452569995:929.332|3.7%,11.1%:4343.796895931189:1257.998|5.1%,13.5%:4228.043431283781:1432.331|5.8%,14.2%:4194.448366222997:1421.331|5.7%
