workflow,footprint,makespan,flexible-6h,flexible-12h,flexible-24h,flexible-48h,flexible-96h
rangeland-may-1,1453.5943315044296,24817.0,65.7%:498.42156806653685:0.0|0.0%,74.6%:369.5712806938158:249.814|1.0%,75.5%:355.67367177306267:335.814|1.4%,75.5%:355.67367177306267:335.814|1.4%,75.5%:355.67367177306267:335.814|1.4%
rangeland-may-2,1452.311288100008,24742.0,65.7%:497.99210435323613:0.0|0.0%,74.6%:368.5698228738673:323.05|1.3%,75.3%:358.50885752901644:323.05|1.3%,75.3%:358.50885752901644:323.05|1.3%,75.3%:358.50885752901644:323.05|1.3%
rangeland-may-3,1454.3084284858248,24839.0,65.7%:498.97559905630857:0.0|0.0%,74.6%:369.3176890055135:271.333|1.1%,75.3%:359.2651946576456:271.333|1.1%,75.3%:359.2651946576456:271.333|1.1%,75.3%:359.2651946576456:271.333|1.1%
