workflow,footprint,makespan,flexible-6h,flexible-12h,flexible-24h,flexible-48h,flexible-96h
rangeland-oct-1,2814.145377467069,24817.0,52.5%:1335.779906193304:0.0|0.0%,66.1%:954.7691088080338:212.814|0.9%,70.7%:824.3830477772158:0.0|0.0%,71.5%:801.6491875838432:212.814|0.9%,73.3%:749.9905085232126:0.0|0.0%
rangeland-oct-2,2808.1118966435943,24742.0,52.5%:1334.5696766289457:0.0|0.0%,66.1%:952.1482434024482:143.05|0.6%,69.7%:849.741205971802:267.05|1.1%,71.4%:802.3749331691705:137.05|0.6%,73.3%:748.3669020282122:0.05|0.0%
rangeland-oct-3,2813.386439847107,24839.0,52.5%:1337.4108735823677:0.0|0.0%,66.1%:954.0513866815677:221.333|0.9%,69.7%:851.648532776369:327.333|1.3%,71.4%:804.0300082037401:421.333|1.7%,73.3%:749.802215198472:0.333|0.0%
