workflow,footprint,makespan,flexible-6h,flexible-12h,flexible-24h,flexible-48h,flexible-96h
rangeland-jun-1,4723.146396217814,24817.0,11.1%:4199.407574057376:534.628|2.2%,17.9%:3876.8091220292167:484.628|2.0%,27.6%:3421.652901409719:923.256|3.7%,33.1%:3161.9592019479182:811.07|3.3%,80.9%:900.529960302657:2209.326|8.9%
rangeland-jun-2,4718.834397287745,24742.0,10.1%:4242.769920782858:416.1|1.7%,17.8%:3878.2877216479565:351.1|1.4%,27.5%:3421.3529987541333:1044.25|4.2%,33.1%:3157.799439193463:567.2|2.3%,80.9%:902.1890581709249:1845.45|7.5%
rangeland-jun-3,4726.4100000492945,24839.0,10.5%:4229.731423236039:519.666|2.1%,17.9%:3881.353723086185:519.666|2.1%,27.5%:3426.0559186715377:1092.665|4.4%,33.1%:3163.270330037943:817.332|3.3%,80.9%:902.3464494019463:2101.997|8.5%
