workflow,footprint,makespan,flexible-6h,flexible-12h,flexible-24h,flexible-48h,flexible-96h
rangeland-may-1,4685.846188842334,24817.0,8.2%:4300.307279178171:451.628|1.8%,13.2%:4065.2088968245316:842.442|3.4%,9.4%:4246.511639783209:2029.512|8.2%,35.6%:3018.867862431161:785.442|3.2%,70.5%:1380.7379030061668:1383.884|5.6%
rangeland-may-2,4715.969040039245,24742.0,8.6%:4310.9338364202895:393.1|1.6%,14.1%:4049.5103187360187:715.15|2.9%,9.9%:4248.302229554732:1873.4|7.6%,36.0%:3017.410277046052:454.15|1.8%,70.0%:1413.248753273437:1477.35|6.0%
rangeland-may-3,4706.701642449292,24839.0,8.4%:4310.837718723767:381.666|1.5%,13.8%:4058.6573267203753:650.999|2.6%,9.7%:4252.198655203231:1905.664|7.7%,35.8%:3022.6435164723507:718.999|2.9%,69.8%:1419.8981785401056:1649.331|6.6%
