workflow,footprint,makespan,flexible-6h,flexible-12h,flexible-24h,flexible-48h,flexible-96h
rangeland-jan-1,3151.818932315945,24817.0,44.2%:1758.9119966831101:0.0|0.0%,58.3%:1313.1722034051757:212.814|0.9%,67.8%:1015.115584519269:0.0|0.0%,68.7%:986.0456532114978:0.0|0.0%,69.0%:976.3162739411191:0.0|0.0%
rangeland-jan-2,3144.7315273520235,24742.0,44.2%:1756.3222569705824:0.05|0.0%,58.4%:1309.1294795438228:143.05|0.6%,65.6%:1080.8629390001058:267.05|1.1%,68.7%:984.1059227070689:0.05|0.0%,69.0%:974.3075660962159:0.05|0.0%
rangeland-jan-3,3150.7014766881407,24839.0,44.1%:1759.8524884513424:0.333|0.0%,58.4%:1311.775581018735:221.333|0.9%,65.6%:1083.5741548334306:327.333|1.3%,68.7%:986.1025807010872:0.333|0.0%,69.0%:976.2708867031697:0.333|0.0%
