workflow,footprint,makespan,flexible-6h,flexible-12h,flexible-24h,flexible-48h,flexible-96h
rangeland-apr-1,1980.5478189924052,24817.0,52.0%:951.0589642907337:0.0|0.0%,62.3%:747.6068888267789:0.0|0.0%,62.3%:747.6068888267789:0.0|0.0%,63.8%:716.2826815952053:212.814|0.9%,64.9%:694.5643726355471:470.628|1.9%
rangeland-apr-2,1976.937402122805,24742.0,51.9%:950.0649224445236:0.0|0.0%,62.3%:745.639055628896:0.05|0.0%,62.3%:745.639055628896:0.05|0.0%,63.9%:714.4935078969739:143.05|0.6%,65.0%:692.7872644681156:460.1|1.9%
rangeland-apr-3,1980.3646711079143,24839.0,51.9%:952.0113719650791:0.0|0.0%,62.3%:747.293324883882:0.333|0.0%,62.3%:747.293324883882:0.333|0.0%,63.8%:715.9522512655016:221.333|0.9%,64.9%:694.1897922119526:692.666|2.8%
