workflow,footprint,makespan,flexible-6h,flexible-12h,flexible-24h,flexible-48h,flexible-96h
rangeland-aug-1,4832.500493324872,24817.0,0.6%:4802.407151765234:671.442|2.7%,1.5%:4759.716144599866:374.628|1.5%,2.8%:4695.7241765123135:796.442|3.2%,3.8%:4647.17934014506:519.628|2.1%,3.9%:4644.730098762367:791.442|3.2%
rangeland-aug-2,4820.778931672175,24742.0,0.6%:4790.426975409092:454.15|1.8%,1.5%:4749.043530706194:455.1|1.8%,2.6%:4694.093994556197:746.2|3.0%,3.6%:4645.620147088876:505.15|2.0%,3.8%:4636.855331120266:841.2|3.4%
rangeland-aug-3,4830.311606753042,24839.0,0.6%:4800.026461413653:798.999|3.2%,1.5%:4758.161274677446:439.666|1.8%,2.7%:4700.803010416765:731.332|2.9%,3.7%:4652.400731747421:545.999|2.2%,3.9%:4643.718059063654:637.332|2.6%
