workflow,footprint,makespan,flexible-6h,flexible-12h,flexible-24h,flexible-48h,flexible-96h
rangeland-aug-1,4832.500493324872,24817.0,0.2%:4824.498060941323:834.256|3.4%,0.7%:4800.029363718165:671.442|2.7%,1.5%:4759.082779496997:468.628|1.9%,3.5%:4664.215175223982:1081.884|4.4%,3.5%:4664.215175223982:1081.884|4.4%
rangeland-aug-2,4820.778931672175,24742.0,0.2%:4812.515856484452:820.2|3.3%,0.7%:4789.435926463264:575.15|2.3%,1.3%:4757.523890310141:561.1|2.3%,3.5%:4652.702098929679:1180.3|4.8%,3.5%:4652.763983323337:982.25|4.0%
rangeland-aug-3,4830.311606753042,24839.0,0.2%:4822.119574590669:908.332|3.7%,0.7%:4798.533954519406:660.999|2.7%,1.4%:4764.450735909851:290.666|1.2%,3.5%:4662.061768985426:963.998|3.9%,3.5%:4662.0457533068375:753.665|3.0%
