workflow,footprint,makespan,flexible-6h,flexible-12h,flexible-24h,flexible-48h,flexible-96h
rnaseq-aug-1,3021.0344717421412,10697.0,41.7%:1762.113161100723:0.0|0.0%,56.9%:1300.9492762854527:1412.064|13.2%,56.9%:1300.9492762854527:1412.064|13.2%,67.3%:987.2100867638386:0.0|0.0%,70.8%:882.3039262166931:0.0|0.0%
rnaseq-aug-2,2965.3561350225045,11472.0,41.6%:1730.7444131775592:0.0|0.0%,56.7%:1283.7033587594788:2167.844|18.9%,56.7%:1283.7033587594788:2167.844|18.9%,66.9%:982.854074291136:0.0|0.0%,70.8%:866.2217299000022:0.0|0.0%
rnaseq-aug-3,3093.7858584107685,10863.0,41.9%:1798.5550715483428:0.0|0.0%,56.7%:1339.7348480137252:2693.336|24.8%,56.7%:1339.7348480137252:2693.336|24.8%,66.9%:1025.295396462444:0.0|0.0%,70.8%:903.8398165373383:0.0|0.0%
