workflow,footprint,makespan,flexible-6h,flexible-12h,flexible-24h,flexible-48h,flexible-96h
rnaseq-oct-1,6430.748477555433,10697.0,0.1%:6421.560559756586:717.192|6.7%,0.2%:6417.189606204873:744.192|7.0%,0.2%:6417.189606204873:744.192|7.0%,0.2%:6417.190260483562:721.192|6.7%,80.2%:1276.0124434071672:952.256|8.9%
rnaseq-oct-2,6293.263597908046,11472.0,0.1%:6284.940527399438:837.532|7.3%,0.1%:6284.5665913036155:547.688|4.8%,0.1%:6284.264372038066:1135.376|9.9%,0.1%:6284.5665913036155:547.688|4.8%,80.2%:1248.3397697409803:991.376|8.6%
rnaseq-oct-3,6596.410197174914,10863.0,0.2%:6586.3101780813395:803.008|7.4%,0.2%:6583.310377931478:1136.344|10.5%,0.2%:6583.247997576703:874.008|8.0%,0.2%:6583.432369638447:864.008|8.0%,80.1%:1311.1605111118467:1040.344|9.6%
