workflow,footprint,makespan,flexible-6h,flexible-12h,flexible-24h,flexible-48h,flexible-96h
rnaseq-oct-1,3702.0250186222274,10697.0,35.6%:2384.5858498559132:0.0|0.0%,70.5%:1091.6324950217497:0.0|0.0%,72.3%:1024.3232361311752:0.0|0.0%,72.3%:1024.3232361311752:0.0|0.0%,74.5%:943.8190179893437:0.0|0.0%
rnaseq-oct-2,3634.0485954311152,11472.0,35.5%:2342.3874731796295:0.0|0.0%,70.5%:1071.836989352108:2167.844|18.9%,72.3%:1005.4929411789084:0.0|0.0%,72.3%:1005.4929411789084:0.0|0.0%,73.7%:955.7207205914622:0.0|0.0%
rnaseq-oct-3,3793.977354769528,10863.0,36.1%:2424.1721802099564:0.0|0.0%,70.5%:1121.0373576094432:2693.336|24.8%,72.3%:1049.4734193248025:0.0|0.0%,72.3%:1049.4734193248025:0.0|0.0%,73.7%:996.9240057906432:0.0|0.0%
