workflow,footprint,makespan,flexible-6h,flexible-12h,flexible-24h,flexible-48h,flexible-96h
rnaseq-may-1,7023.642034811321,10697.0,0.3%:7000.0785882075:1.064|0.0%,0.5%:6990.001262646707:226.064|2.1%,1.1%:6944.639576203541:1219.32|11.4%,13.5%:6074.474446187402:715.192|6.7%,76.6%:1644.093915084555:482.128|4.5%
rnaseq-may-2,6875.763424974484,11472.0,0.3%:6853.402507669339:394.688|3.4%,0.5%:6843.194856294145:0.0|0.0%,1.1%:6798.180013016822:1419.22|12.4%,13.8%:5929.8407668909185:846.532|7.4%,76.7%:1605.1235578728376:582.688|5.1%
rnaseq-may-3,7207.767807930951,10863.0,0.4%:7180.840774544842:187.336|1.7%,0.5%:7171.8252016340375:0.0|0.0%,1.1%:7125.420295995757:1070.344|9.9%,14.9%:6133.95141390828:637.008|5.9%,76.5%:1690.954077090278:868.008|8.0%
