workflow,footprint,makespan,flexible-6h,flexible-12h,flexible-24h,flexible-48h,flexible-96h
rnaseq-aug-1,6336.679408251624,10697.0,0.0%:6336.679408251624:0.0|0.0%,0.0%:6336.679408251624:0.0|0.0%,0.0%:6336.679408251624:0.0|0.0%,0.0%:6336.679408251624:0.0|0.0%,0.2%:6326.580433514578:281.064|2.6%
rnaseq-aug-2,6203.27906123058,11472.0,0.0%:6203.23850370626:0.0|0.0%,0.0%:6203.235796082037:0.0|0.0%,0.0%:6203.235796082037:0.0|0.0%,0.0%:6203.235796082037:0.0|0.0%,0.1%:6198.784748892409:0.0|0.0%
rnaseq-aug-3,6501.941027367464,10863.0,0.0%:6501.941027367464:0.0|0.0%,0.0%:6501.941027367464:0.0|0.0%,0.0%:6501.941027367464:0.0|0.0%,0.0%:6501.941027367464:0.0|0.0%,0.1%:6497.408722550934:166.336|1.5%
