workflow,footprint,makespan,flexible-6h,flexible-12h,flexible-24h,flexible-48h,flexible-96h
rnaseq-jun-1,1611.2685707342137,10697.0,52.9%:758.9901768775982:0.0|0.0%,62.2%:608.3565289387927:0.0|0.0%,62.2%:608.3565289387927:0.0|0.0%,62.2%:608.3565289387927:0.0|0.0%,69.0%:500.00092287262936:0.0|0.0%
rnaseq-jun-2,1581.8621977094617,11472.0,52.9%:745.2118099554796:0.0|0.0%,61.2%:614.0971419564239:0.0|0.0%,61.2%:614.0971419564239:0.0|0.0%,61.2%:614.0971419564239:0.0|0.0%,69.0%:491.0860510132778:0.0|0.0%
rnaseq-jun-3,1650.7302857124641,10863.0,53.0%:776.2228861845815:0.0|0.0%,61.2%:640.5691857961081:0.0|0.0%,61.2%:640.5691857961081:0.0|0.0%,61.2%:640.5691857961081:0.0|0.0%,69.0%:511.89346542620353:0.0|0.0%
