workflow,footprint,makespan,flexible-6h,flexible-12h,flexible-24h,flexible-48h,flexible-96h
rnaseq-jun-1,6363.498464445848,10697.0,0.0%:6361.161969752798:283.064|2.6%,0.2%:6348.800028712507:507.128|4.7%,0.3%:6346.465904585711:551.128|5.2%,0.6%:6325.792615537481:526.192|4.9%,70.0%:1911.8243741701835:830.192|7.8%
rnaseq-jun-2,6230.1266415713035,11472.0,0.1%:6224.710535837296:255.844|2.2%,0.2%:6215.05058945396:557.688|4.9%,0.3%:6213.1719891183275:799.532|7.0%,2.2%:6093.818683113616:892.532|7.8%,69.6%:1895.346799274787:521.688|4.5%
rnaseq-jun-3,6530.756071047003,10863.0,0.0%:6527.552800400182:237.336|2.2%,0.3%:6513.049692486103:470.672|4.3%,0.3%:6510.113316088628:796.008|7.3%,0.7%:6484.799509853847:1077.344|9.9%,69.7%:1975.828030791743:833.008|7.7%
