workflow,footprint,makespan,flexible-6h,flexible-12h,flexible-24h,flexible-48h,flexible-96h
rnaseq-feb-1,6535.603291722086,10697.0,0.4%:6511.567877310868:528.128|4.9%,0.8%:6480.259551272115:899.256|8.4%,0.9%:6476.219149213807:712.192|6.7%,0.9%:6476.128480790722:787.192|7.4%,89.4%:692.3696702691258:195.064|1.8%
rnaseq-feb-2,6395.739507494428,11472.0,0.3%:6374.731288787607:856.532|7.5%,0.7%:6349.159825161059:619.532|5.4%,0.7%:6349.159825161059:619.532|5.4%,0.7%:6349.159825161059:619.532|5.4%,83.9%:1028.1148745256253:558.688|4.9%
rnaseq-feb-3,6702.055957676667,10863.0,0.3%:6678.941560449825:536.672|4.9%,0.8%:6646.272645365712:821.008|7.6%,0.9%:6641.306800225619:758.008|7.0%,0.9%:6641.306800225619:1018.344|9.4%,86.3%:918.8362106652079:262.336|2.4%
