workflow,footprint,makespan,flexible-6h,flexible-12h,flexible-24h,flexible-48h,flexible-96h
rnaseq-mar-1,6561.4472909443675,10697.0,0.0%:6559.418789599884:313.192|2.9%,0.1%:6556.176016988268:869.256|8.1%,0.1%:6556.0321647141245:869.256|8.1%,0.1%:6556.0321647141245:869.256|8.1%,89.4%:696.2244364052139:181.064|1.7%
rnaseq-mar-2,6424.689091631975,11472.0,0.0%:6424.585005162201:0.0|0.0%,0.1%:6421.458062465705:817.376|7.1%,0.1%:6421.458062465705:817.376|7.1%,0.1%:6418.196927173522:985.376|8.6%,89.4%:681.6490179530992:215.844|1.9%
rnaseq-mar-3,6732.023461342293,10863.0,0.0%:6731.587898953885:743.008|6.8%,0.1%:6726.265966953731:1088.344|10.0%,0.1%:6726.265966953731:1088.344|10.0%,0.1%:6726.265966953731:1088.344|10.0%,89.4%:713.7341537641679:260.336|2.4%
