workflow,footprint,makespan,flexible-6h,flexible-12h,flexible-24h,flexible-48h,flexible-96h
rnaseq-apr-1,6528.183264089518,10697.0,0.4%:6503.9783971713305:704.192|6.6%,0.7%:6485.022007066349:706.192|6.6%,0.9%:6472.646647208629:403.128|3.8%,1.0%:6464.302265251132:683.192|6.4%,89.8%:666.5699911605902:403.128|3.8%
rnaseq-apr-2,6390.6876901798905,11472.0,0.4%:6366.427648437089:411.688|3.6%,0.7%:6348.222592374747:670.532|5.8%,0.8%:6336.8527181289355:258.844|2.3%,1.2%:6312.765835561012:902.376|7.9%,89.8%:652.2600984826223:780.532|6.8%
rnaseq-apr-3,6694.940295621079,10863.0,0.4%:6670.256342484842:406.672|3.7%,0.6%:6651.833124778814:1125.344|10.4%,0.8%:6640.460457810844:569.672|5.2%,1.0%:6630.071479995937:1102.344|10.1%,89.8%:683.8689454125565:409.672|3.8%
