workflow,footprint,makespan,flexible-6h,flexible-12h,flexible-24h,flexible-48h,flexible-96h
rnaseq-jul-1,6435.307945259114,10697.0,0.1%:6431.782372940672:558.128|5.2%,0.4%:6409.935226512202:507.128|4.7%,1.0%:6373.484254393319:226.064|2.1%,1.7%:6323.088395007878:297.064|2.8%,1.7%:6323.088395007878:297.064|2.8%
rnaseq-jul-2,6298.347425301026,11472.0,0.1%:6291.163973752337:818.532|7.1%,0.4%:6273.15535024458:258.844|2.3%,1.0%:6235.37229550641:298.844|2.6%,1.6%:6200.319997093825:284.844|2.5%,1.6%:6196.3584637582735:294.844|2.6%
rnaseq-jul-3,6608.676047336358,10863.0,0.1%:6604.139693927098:811.008|7.5%,0.4%:6578.972826637753:244.336|2.2%,1.1%:6536.543227298038:226.336|2.1%,1.8%:6489.9909479994085:555.672|5.1%,1.8%:6489.9909479994085:555.672|5.1%
