workflow,footprint,makespan,flexible-6h,flexible-12h,flexible-24h,flexible-48h,flexible-96h
rnaseq-jul-1,3030.7154898998983,10697.0,40.1%:1815.484408540711:0.0|0.0%,44.1%:1695.2577729670047:0.0|0.0%,44.1%:1695.2577729670047:0.0|0.0%,44.1%:1692.8069455177215:1412.064|13.2%,44.1%:1692.8069455177215:1412.064|13.2%
rnaseq-jul-2,2975.012330648065,11472.0,40.1%:1782.6793185729946:0.0|0.0%,44.1%:1664.3772872584348:0.0|0.0%,44.1%:1664.3772872584348:0.0|0.0%,44.1%:1664.2674911433598:2167.844|18.9%,44.1%:1664.2674911433598:2167.844|18.9%
rnaseq-jul-3,3105.331799535417,10863.0,40.2%:1857.161262277141:0.0|0.0%,44.1%:1737.2028452036452:0.0|0.0%,44.1%:1737.2028452036452:0.0|0.0%,44.1%:1737.1893401641933:2693.336|24.8%,44.1%:1737.1893401641933:2693.336|24.8%
