workflow,footprint,makespan,flexible-6h,flexible-12h,flexible-24h,flexible-48h,flexible-96h
rnaseq-mar-1,2529.6762869981585,10697.0,46.8%:1344.6812572509814:0.0|0.0%,65.8%:865.2983539263828:1412.064|13.2%,65.8%:865.2983539263828:1412.064|13.2%,72.2%:703.5977631161226:0.0|0.0%,75.5%:620.2222483520123:0.0|0.0%
rnaseq-mar-2,2483.585703570447,11472.0,46.8%:1320.9050749771563:0.0|0.0%,65.8%:849.8446785804396:1606.844|14.0%,65.8%:849.8446785804396:1606.844|14.0%,71.4%:710.3458753155447:0.0|0.0%,75.3%:614.3093308827316:0.0|0.0%
rnaseq-mar-3,2593.460195656328,10863.0,47.3%:1367.6800775504478:0.0|0.0%,65.8%:887.6258565594823:1624.336|15.0%,65.8%:887.6258565594823:1624.336|15.0%,71.4%:740.897057564871:0.0|0.0%,75.3%:641.1982851656619:0.0|0.0%
