workflow,footprint,makespan,flexible-6h,flexible-12h,flexible-24h,flexible-48h,flexible-96h
rnaseq-may-1,7023.642034811321,10697.0,0.0%:7023.510537820501:342.128|3.2%,0.0%:7023.510537820501:339.128|3.2%,0.0%:7023.510477908697:131.064|1.2%,11.5%:6217.187159425056:799.192|7.5%,74.6%:1784.6952233963266:566.128|5.3%
rnaseq-may-2,6875.763424974484,11472.0,0.0%:6875.763424974484:0.0|0.0%,0.0%:6875.763424974484:0.0|0.0%,0.0%:6875.4087018459895:383.688|3.3%,11.4%:6091.479211700721:815.532|7.1%,74.6%:1747.1032285758756:427.688|3.7%
rnaseq-may-3,7207.767807930951,10863.0,0.0%:7207.725217321213:295.336|2.7%,0.0%:7207.4583020774935:166.336|1.5%,0.0%:7207.643018258379:295.336|2.7%,12.7%:6294.586887941014:837.008|7.7%,74.5%:1841.540258230841:502.672|4.6%
