workflow,footprint,makespan,flexible-6h,flexible-12h,flexible-24h,flexible-48h,flexible-96h
rnaseq-sep-1,6504.370591505234,10697.0,0.3%:6487.1834700540085:265.128|2.5%,0.4%:6479.4328347403425:238.064|2.2%,0.8%:6455.211076124697:1260.32|11.8%,0.8%:6449.2398338546645:1104.32|10.3%,14.3%:5573.553524745764:1108.32|10.4%
rnaseq-sep-2,6367.171074620505,11472.0,0.3%:6349.294194198459:592.688|5.2%,0.4%:6343.28537782177:0.0|0.0%,0.8%:6317.889271783831:719.532|6.3%,0.8%:6314.6358947906665:1021.22|8.9%,9.0%:5796.496903765473:1372.22|12.0%
rnaseq-sep-3,6672.838232424933,10863.0,0.3%:6655.011190664967:591.672|5.4%,0.4%:6647.734880093183:0.0|0.0%,0.8%:6622.08774876065:844.344|7.8%,0.8%:6617.655614731641:1387.016|12.8%,14.0%:5741.838990515693:1098.68|10.1%
