workflow,footprint,makespan,flexible-6h,flexible-12h,flexible-24h,flexible-48h,flexible-96h
sarek-jan-1,18403.385422455573,18299.0,0.0%:18403.385422455573:0.0|0.0%,0.0%:18403.384930537908:28.769|0.2%,0.0%:18403.383946702583:28.769|0.2%,0.0%:18399.025157574564:1030.845|5.6%,0.0%:18399.025157574564:1030.845|5.6%
sarek-jan-2,18474.76807092071,17619.0,0.0%:18474.59735178222:390.824|2.2%,0.0%:18474.59735178222:390.824|2.2%,0.0%:18474.59735178222:390.824|2.2%,0.0%:18471.901233499728:960.648|5.5%,0.0%:18471.901233499728:960.648|5.5%
sarek-jan-3,18224.153999956136,18878.0,0.0%:18224.113317541985:196.417|1.0%,0.0%:18224.113317541985:196.417|1.0%,0.0%:18224.076221240364:547.251|2.9%,0.0%:18218.96362532627:1282.502|6.8%,0.0%:18218.96362532627:1282.502|6.8%
