workflow,footprint,makespan,flexible-6h,flexible-12h,flexible-24h,flexible-48h,flexible-96h
sarek-feb-1,11484.942508861188,18299.0,62.1%:4357.912044601457:0.0|0.0%,70.2%:3421.1617223427916:1261.769|6.9%,71.2%:3312.4765161656046:3528.769|19.3%,72.8%:3123.062809114431:6098.538|33.3%,72.8%:3123.062809114431:6098.538|33.3%
sarek-feb-2,11613.339385174815,17619.0,62.4%:4364.2497095884055:0.0|0.0%,70.5%:3426.1101873894486:0.0|0.0%,71.4%:3321.6747674372327:3010.412|17.1%,72.9%:3145.5578020103276:3010.412|17.1%,72.9%:3145.5578020103276:3010.412|17.1%
sarek-feb-3,11456.975968540792,18878.0,62.1%:4347.724024845271:0.0|0.0%,70.2%:3416.1218256421375:1271.417|6.7%,71.1%:3311.294476620563:2707.417|14.3%,72.8%:3113.2769750182138:5082.834|26.9%,72.8%:3113.2769750182138:5082.834|26.9%
