workflow,footprint,makespan,flexible-6h,flexible-12h,flexible-24h,flexible-48h,flexible-96h
sarek-sep-1,11086.367961661816,18299.0,40.8%:6559.952668819465:0.0|0.0%,43.5%:6263.442070490013:0.0|0.0%,43.5%:6263.442070490013:0.0|0.0%,62.2%:4188.041255294058:0.0|0.0%,81.3%:2074.0281500859514:3528.769|19.3%
sarek-sep-2,11177.35770062708,17619.0,41.0%:6593.628146167393:0.0|0.0%,43.7%:6295.313242981017:0.0|0.0%,43.7%:6295.313242981017:0.0|0.0%,62.1%:4241.551405701323:0.0|0.0%,81.6%:2061.559332892367:3010.412|17.1%
sarek-sep-3,11077.784026086852,18878.0,40.9%:6551.565843686585:0.0|0.0%,43.6%:6252.210901353539:0.0|0.0%,43.6%:6252.210901353539:0.0|0.0%,62.2%:4192.660908606245:0.0|0.0%,81.3%:2072.173151940818:2707.417|14.3%
