workflow,footprint,makespan,flexible-6h,flexible-12h,flexible-24h,flexible-48h,flexible-96h
sarek-apr-1,7750.45213415693,18299.0,51.6%:3754.4430012557327:0.0|0.0%,65.9%:2645.312495632285:0.0|0.0%,65.9%:2645.312495632285:0.0|0.0%,65.8%:2649.6055636602005:2207.769|12.1%,66.8%:2570.7623224859076:2207.769|12.1%
sarek-apr-2,7818.307863975454,17619.0,52.1%:3747.6672960204464:0.0|0.0%,65.9%:2663.292180658018:0.0|0.0%,65.9%:2663.292180658018:0.0|0.0%,66.6%:2613.1173651822037:1277.412|7.3%,66.8%:2594.6229258019:1567.412|8.9%
sarek-apr-3,7728.33112712828,18878.0,51.3%:3763.961088997993:0.0|0.0%,65.6%:2657.4999588316277:0.0|0.0%,65.6%:2657.4999588316277:0.0|0.0%,65.9%:2635.3146800565764:2778.417|14.7%,66.9%:2560.946719504619:2778.417|14.7%
