workflow,footprint,makespan,flexible-6h,flexible-12h,flexible-24h,flexible-48h,flexible-96h
sarek-jun-1,4786.447881765875,18299.0,58.5%:1986.2644129305543:0.0|0.0%,76.8%:1110.8808848483511:2569.769|14.0%,80.7%:923.4788626131535:0.0|0.0%,80.7%:923.4788626131535:0.0|0.0%,80.7%:923.4788626131535:0.0|0.0%
sarek-jun-2,4800.100665436587,17619.0,58.3%:2003.8774014833366:0.0|0.0%,77.0%:1105.0039500092053:0.0|0.0%,80.7%:924.3976366855071:0.0|0.0%,80.7%:924.3976366855071:0.0|0.0%,80.7%:924.3976366855071:0.0|0.0%
sarek-jun-3,4794.7928441498725,18878.0,58.6%:1984.314560424221:0.0|0.0%,76.6%:1120.473200934771:2375.417|12.6%,80.7%:924.3398908071742:0.0|0.0%,80.7%:924.3398908071742:0.0|0.0%,80.7%:924.3398908071742:0.0|0.0%
