workflow,footprint,makespan,flexible-6h,flexible-12h,flexible-24h,flexible-48h,flexible-96h
sarek-dec-1,9652.804256500322,18299.0,36.6%:6118.7602992027305:0.0|0.0%,47.8%:5038.001777213445:0.0|0.0%,47.8%:5038.001777213445:0.0|0.0%,49.3%:4892.365648370086:3528.769|19.3%,49.3%:4892.365648370086:3528.769|19.3%
sarek-dec-2,9730.313398640203,17619.0,36.6%:6165.551724360132:0.0|0.0%,49.8%:4882.454897743888:0.0|0.0%,49.8%:4882.454897743888:0.0|0.0%,50.1%:4852.491466874772:3010.412|17.1%,50.1%:4852.491466874772:3010.412|17.1%
sarek-dec-3,9636.50696477826,18878.0,36.8%:6088.234764374441:0.0|0.0%,47.9%:5015.948672962446:0.0|0.0%,47.9%:5015.948672962446:0.0|0.0%,49.1%:4904.178987878709:2707.417|14.3%,49.1%:4904.178987878709:2707.417|14.3%
