workflow,footprint,makespan,flexible-6h,flexible-12h,flexible-24h,flexible-48h,flexible-96h
sarek-nov-1,18069.89317476655,18299.0,0.0%:18069.864151624453:28.769|0.2%,0.0%:18069.862675871467:28.769|0.2%,0.0%:18069.862675871467:28.769|0.2%,0.0%:18069.862675871467:28.769|0.2%,0.0%:18069.862675871467:28.769|0.2%
sarek-nov-2,18127.956531146912,17619.0,0.1%:18114.37588599301:298.412|1.7%,0.1%:18114.37588599301:298.412|1.7%,0.1%:18114.37588599301:298.412|1.7%,0.1%:18114.37588599301:298.412|1.7%,0.1%:18114.37588599301:298.412|1.7%
sarek-nov-3,17906.951372142834,18878.0,0.0%:17905.294376332942:273.417|1.4%,0.0%:17905.293891771686:350.834|1.9%,0.0%:17905.293891771686:547.251|2.9%,0.0%:17905.293891771686:350.834|1.9%,0.0%:17905.293891771686:350.834|1.9%
