workflow,footprint,makespan,flexible-6h,flexible-12h,flexible-24h,flexible-48h,flexible-96h
sarek-aug-1,8587.030808351488,18299.0,49.6%:4328.465114901235:0.0|0.0%,58.5%:3564.598373620097:3831.538|20.9%,64.7%:3031.7665838975204:0.0|0.0%,67.6%:2778.6809667946122:3469.538|19.0%,70.3%:2554.499383972013:1261.769|6.9%
sarek-aug-2,8643.34381812703,17619.0,49.6%:4358.474426262563:0.0|0.0%,58.3%:3601.791655279566:4287.824|24.3%,64.7%:3050.1325296430787:0.0|0.0%,67.6%:2800.660059086613:1277.412|7.3%,70.2%:2578.536694999732:1277.412|7.3%
sarek-aug-3,8584.793873936498,18878.0,49.6%:4323.444665641265:0.0|0.0%,58.4%:3568.817460544053:3646.834|19.3%,64.6%:3038.7999527606003:0.0|0.0%,67.7%:2772.859608457529:4049.834|21.5%,70.2%:2555.6757542857417:1271.417|6.7%
