workflow,footprint,makespan,flexible-6h,flexible-12h,flexible-24h,flexible-48h,flexible-96h
sarek-jul-1,18485.181854932755,18299.0,1.4%:18221.08638998574:237.769|1.3%,2.2%:18076.980345209733:276.769|1.5%,2.3%:18068.270655795703:780.076|4.3%,2.3%:18068.270655795703:725.076|4.0%,2.3%:18068.270655795703:780.076|4.3%
sarek-jul-2,18630.990954247023,17619.0,1.5%:18353.03544985989:273.412|1.6%,2.4%:18175.993861358118:187.412|1.1%,2.7%:18130.033367564392:808.236|4.6%,2.7%:18131.47136763467:808.236|4.6%,2.7%:18131.147557141943:1200.06|6.8%
sarek-jul-3,18294.297296922163,18878.0,1.4%:18029.60068745239:478.834|2.5%,2.1%:17915.18542813321:261.417|1.4%,2.0%:17934.113741847126:863.668|4.6%,2.0%:17934.113741847126:863.668|4.6%,2.0%:17936.78893918429:740.251|3.9%
