workflow,footprint,makespan,flexible-6h,flexible-12h,flexible-24h,flexible-48h,flexible-96h
sarek-nov-1,10647.074716832258,18299.0,56.3%:4649.467977531753:0.0|0.0%,60.8%:4173.897161088087:0.0|0.0%,60.8%:4173.897161088087:0.0|0.0%,67.0%:3508.5101902297893:0.0|0.0%,68.6%:3339.8380589039803:1261.769|6.9%
sarek-nov-2,10729.489974991573,17619.0,56.5%:4668.3137268987475:0.0|0.0%,60.8%:4206.292252912597:0.0|0.0%,60.8%:4206.292252912597:0.0|0.0%,67.6%:3474.3294652880763:0.0|0.0%,68.8%:3351.304950624043:1277.412|7.3%
sarek-nov-3,10645.510282749388,18878.0,56.3%:4656.905810789081:0.0|0.0%,60.7%:4183.630529530427:0.0|0.0%,60.7%:4183.630529530427:0.0|0.0%,67.0%:3513.467387166661:0.0|0.0%,68.6%:3345.998233223102:1271.417|6.7%
