workflow,footprint,makespan,flexible-6h,flexible-12h,flexible-24h,flexible-48h,flexible-96h
sarek-dec-1,18385.38754374215,18299.0,0.1%:18359.92965019367:580.538|3.2%,0.1%:18359.92965019367:580.538|3.2%,0.2%:18357.471809109305:597.307|3.3%,0.2%:18357.471809109305:597.307|3.3%,0.2%:18357.468857603333:323.538|1.8%
sarek-dec-2,18442.533992024935,17619.0,0.1%:18422.39289050067:587.824|3.3%,0.1%:18420.404189506484:293.412|1.7%,0.1%:18420.404189506484:293.412|1.7%,0.1%:18420.404189506484:293.412|1.7%,0.1%:18418.73512526083:488.824|2.8%
sarek-dec-3,18211.07054096939,18878.0,0.1%:18190.148299742483:261.417|1.4%,0.1%:18190.148299742483:261.417|1.4%,0.1%:18186.29170394206:344.834|1.8%,0.1%:18186.29170394206:344.834|1.8%,0.2%:18182.055145887753:852.668|4.5%
