workflow,footprint,makespan,flexible-6h,flexible-12h,flexible-24h,flexible-48h,flexible-96h
sarek-may-1,20330.539714872782,18299.0,0.9%:20147.729942552083:511.538|2.8%,1.6%:20006.097564330455:854.307|4.7%,14.5%:17382.770934373082:1747.383|9.5%,30.8%:14058.843614899815:833.307|4.6%,77.2%:4630.656655237007:1635.383|8.9%
sarek-may-2,20398.587942752893,17619.0,0.7%:20253.10752555105:554.824|3.1%,1.5%:20100.4473083476:809.236|4.6%,10.7%:18206.98457558564:2040.296|11.6%,33.9%:13477.757880461751:860.236|4.9%,76.4%:4810.480923393873:1549.884|8.8%
sarek-may-3,20141.871369219174,18878.0,1.0%:19932.99916622043:558.834|3.0%,2.1%:19720.611391125825:713.251|3.8%,19.0%:16319.890677600231:1709.919|9.1%,31.3%:13843.12270444878:697.251|3.7%,77.2%:4591.977046317259:1580.919|8.4%
