workflow,footprint,makespan,flexible-6h,flexible-12h,flexible-24h,flexible-48h,flexible-96h
sarek-sep-1,11086.367961661816,18299.0,40.8%:6559.952668819465:0.0|0.0%,44.4%:6163.84687625162:0.0|0.0%,45.6%:6031.256324123978:2207.769|12.1%,62.2%:4188.041255294058:0.0|0.0%,81.3%:2074.0281500859514:3528.769|19.3%
sarek-sep-2,11177.35770062708,17619.0,41.0%:6593.628146167393:0.0|0.0%,44.7%:6185.823840951405:0.0|0.0%,45.9%:6045.7114165996445:1567.412|8.9%,62.1%:4241.551405701323:0.0|0.0%,81.6%:2061.559332892367:3010.412|17.1%
sarek-sep-3,11077.784026086852,18878.0,40.9%:6551.565843686585:0.0|0.0%,44.2%:6186.708798890037:0.0|0.0%,45.7%:6013.564152920487:2778.417|14.7%,62.2%:4192.660908606245:0.0|0.0%,81.3%:2072.173151940818:2707.417|14.3%
