workflow,footprint,makespan,flexible-6h,flexible-12h,flexible-24h,flexible-48h,flexible-96h
sarek-apr-1,18531.15131439221,18299.0,-0.0%:18535.001189983985:0.0|0.0%,-0.0%:18535.001189983985:0.0|0.0%,0.6%:18419.91974499888:950.076|5.2%,47.4%:9754.291150900895:1089.845|6.0%,89.7%:1905.035314235439:1136.076|6.2%
sarek-apr-2,18586.639910812555,17619.0,0.0%:18584.73410951663:523.824|3.0%,0.0%:18584.73410951663:523.824|3.0%,0.0%:18582.9478676933:965.648|5.5%,46.8%:9892.76147790096:1142.06|6.5%,89.7%:1910.8177732005865:1047.648|5.9%
sarek-apr-3,18363.19980829302,18878.0,-0.0%:18368.11995098856:0.0|0.0%,-0.0%:18368.11995098856:0.0|0.0%,4.0%:17623.404729578695:472.834|2.5%,44.4%:10207.730815371968:1150.085|6.1%,89.7%:1891.3579401219206:1043.668|5.5%
