workflow,footprint,makespan,flexible-6h,flexible-12h,flexible-24h,flexible-48h,flexible-96h
sarek-oct-1,10801.764023023235,18299.0,52.8%:5103.3252742997765:0.0|0.0%,67.3%:3531.9500195305327:4777.538|26.1%,72.3%:2987.463634632475:0.0|0.0%,72.3%:2995.1488827811277:1261.769|6.9%,73.7%:2837.7384057824925:0.0|0.0%
sarek-oct-2,10888.618619628565,17619.0,53.1%:5109.528731243993:0.0|0.0%,67.4%:3545.8608898643747:4577.824|26.0%,72.3%:3021.4268113337325:0.0|0.0%,72.4%:3001.10640684208:0.0|0.0%,74.3%:2794.4981331307304:0.0|0.0%
sarek-oct-3,10786.605589276516,18878.0,52.9%:5083.33262800081:0.0|0.0%,67.3%:3524.332664101649:5153.834|27.3%,72.3%:2988.1164733337805:0.0|0.0%,72.3%:2990.4804347587324:1271.417|6.7%,73.8%:2827.218089521176:0.0|0.0%
