workflow,footprint,makespan,flexible-6h,flexible-12h,flexible-24h,flexible-48h,flexible-96h
sarek-feb-1,18565.674684866648,18299.0,0.0%:18565.674684866648:0.0|0.0%,0.0%:18565.674684866648:0.0|0.0%,0.0%:18565.674684866648:0.0|0.0%,32.4%:12555.982045539806:856.076|4.7%,86.6%:2496.4675152382933:965.076|5.3%
sarek-feb-2,18606.102333698742,17619.0,0.0%:18606.102333698742:0.0|0.0%,0.0%:18606.102333698742:0.0|0.0%,0.0%:18606.102333698742:0.0|0.0%,27.0%:13577.872866685379:1027.648|5.8%,86.5%:2504.180896416383:985.648|5.6%
sarek-feb-3,18414.119231846176,18878.0,0.0%:18414.119070325756:77.417|0.4%,0.0%:18414.119070325756:77.417|0.4%,0.0%:18414.119070325756:77.417|0.4%,34.9%:11996.788685467434:1136.085|6.0%,86.5%:2490.4981063405435:1033.668|5.5%
