workflow,footprint,makespan,flexible-6h,flexible-12h,flexible-24h,flexible-48h,flexible-96h
sarek-oct-1,18386.073689754205,18299.0,0.2%:18348.280756539047:295.769|1.6%,0.3%:18337.19949511854:538.538|2.9%,0.3%:18326.20032429261:724.076|4.0%,33.7%:12182.013037811143:1076.076|5.9%,82.1%:3296.598129395425:122.769|0.7%
sarek-oct-2,18437.9592165616,17619.0,0.2%:18406.706292935538:276.412|1.6%,0.2%:18402.954588783596:543.824|3.1%,0.2%:18394.83672500372:1361.06|7.7%,31.1%:12697.790185358193:885.648|5.0%,82.0%:3318.0919949781573:0.0|0.0%
sarek-oct-3,18233.12525647466,18878.0,0.2%:18196.868547568756:0.0|0.0%,0.3%:18172.14636257299:273.417|1.4%,0.4%:18153.242378578216:1126.085|6.0%,32.0%:12406.324122215961:1080.668|5.7%,81.7%:3340.228089196563:430.251|2.3%
