id,name,start,end,cpu_count,avg_cpu_usage,cpu_model,memory,rapl_timeseries,cpu_usage_timeseries,average_co2e,marginal_co2e,embodied_co2e,avg_ci,ci_timeseries
2,NFCORE_CHIPSEQ:CHIPSEQ:INPUT_CHECK:SAMPLESHEET_CHECK,1700956012000,1700956014000,1,102.1,,1073741824.0,,,0.0022641726485475,0.0022641726485475,0.0,791.971632,
3,NFCORE_CHIPSEQ:CHIPSEQ:PREPARE_GENOME:GTF2BED,1700956016000,1700956041000,1,98.2,,3398434816.0,,,0.03197108528158594,0.03197108528158594,0.0,791.971632,
1,NFCORE_CHIPSEQ:CHIPSEQ:PREPARE_GENOME:CUSTOM_GETCHROMSIZES,1700956016000,1700956054000,1,38.9,,1073741824.0,,,0.0184187714994625,0.0184187714994625,0.0,791.971632,
214,NFCORE_CHIPSEQ:CHIPSEQ:PREPARE_GENOME:GENOME_BLACKLIST_REGIONS,1700956060000,1700956074000,1,0.8,,1073741824.0,,,0.00132204264514,0.00132204264514,0.0,791.971632,
72,NFCORE_CHIPSEQ:CHIPSEQ:FASTQC_TRIMGALORE:FASTQC,1700956035000,1700956094000,2,104.1,,1680867328.0,,,0.07087870600643469,0.07087870600643469,0.0,791.971632,
61,NFCORE_CHIPSEQ:CHIPSEQ:FASTQC_TRIMGALORE:FASTQC,1700956033000,1700956104000,2,88.2,,1680867328.0,,,0.07373095884026468,0.07373095884026468,0.0,791.971632,
58,NFCORE_CHIPSEQ:CHIPSEQ:FASTQC_TRIMGALORE:FASTQC,1700956033000,1700956102000,2,89.8,,1680867328.0,,,0.07278489991508905,0.07278489991508905,0.0,791.971632,
67,NFCORE_CHIPSEQ:CHIPSEQ:FASTQC_TRIMGALORE:FASTQC,1700956043000,1700956104000,2,103.7,,1680867328.0,,,0.07303143545931783,0.07303143545931783,0.0,791.971632,
68,NFCORE_CHIPSEQ:CHIPSEQ:FASTQC_TRIMGALORE:FASTQC,1700956044000,1700956104000,2,104.7,,1680867328.0,,,0.07244880179769377,0.07244880179769377,0.0,791.971632,
71,NFCORE_CHIPSEQ:CHIPSEQ:FASTQC_TRIMGALORE:FASTQC,1700956044000,1700956102000,2,103.5,,1680867328.0,,,0.06932090227488064,0.06932090227488064,0.0,791.971632,
70,NFCORE_CHIPSEQ:CHIPSEQ:FASTQC_TRIMGALORE:FASTQC,1700956044000,1700956102000,2,104.0,,1680867328.0,,,0.06961796038441814,0.06961796038441814,0.0,791.971632,
65,NFCORE_CHIPSEQ:CHIPSEQ:FASTQC_TRIMGALORE:FASTQC,1700956043000,1700956105000,2,104.1,,1680867328.0,,,0.07448270800676186,0.07448270800676186,0.0,791.971632,
64,NFCORE_CHIPSEQ:CHIPSEQ:FASTQC_TRIMGALORE:FASTQC,1700956034000,1700956109000,2,103.4,,1680867328.0,,,0.08956227239608594,0.08956227239608594,0.0,791.971632,
40,NFCORE_CHIPSEQ:CHIPSEQ:FASTQC_TRIMGALORE:FASTQC,1700956040000,1700956114000,2,103.5,,1680867328.0,,,0.08844390979898563,0.08844390979898563,0.0,791.971632,
48,NFCORE_CHIPSEQ:CHIPSEQ:FASTQC_TRIMGALORE:FASTQC,1700956045000,1700956113000,2,104.1,,1680867328.0,,,0.08169071200741623,0.08169071200741623,0.0,791.971632,
5,NFCORE_CHIPSEQ:CHIPSEQ:FASTQC_TRIMGALORE:FASTQC,1700956033000,1700956116000,2,101.9,,1680867328.0,,,0.09784028025727469,0.09784028025727469,0.0,791.971632,
56,NFCORE_CHIPSEQ:CHIPSEQ:FASTQC_TRIMGALORE:FASTQC,1700956044000,1700956118000,2,103.1,,1680867328.0,,,0.08814070565959563,0.08814070565959563,0.0,791.971632,
54,NFCORE_CHIPSEQ:CHIPSEQ:FASTQC_TRIMGALORE:FASTQC,1700956044000,1700956119000,2,100.8,,1680867328.0,,,0.08756481269402344,0.08756481269402344,0.0,791.971632,
44,NFCORE_CHIPSEQ:CHIPSEQ:FASTQC_TRIMGALORE:FASTQC,1700956044000,1700956119000,2,103.4,,1680867328.0,,,0.08956227239608594,0.08956227239608594,0.0,791.971632,
34,NFCORE_CHIPSEQ:CHIPSEQ:FASTQC_TRIMGALORE:FASTQC,1700956034000,1700956120000,2,90.9,,1680867328.0,,,0.09168643552844938,0.09168643552844938,0.0,791.971632,
10,NFCORE_CHIPSEQ:CHIPSEQ:FASTQC_TRIMGALORE:FASTQC,1700956042000,1700956124000,2,101.5,,1680867328.0,,,0.09632549873468813,0.09632549873468813,0.0,791.971632,
6,NFCORE_CHIPSEQ:CHIPSEQ:FASTQC_TRIMGALORE:FASTQC,1700956043000,1700956124000,2,102.9,,1680867328.0,,,0.09631239717272906,0.09631239717272906,0.0,791.971632,
52,NFCORE_CHIPSEQ:CHIPSEQ:FASTQC_TRIMGALORE:FASTQC,1700956034000,1700956120000,2,101.0,,1680867328.0,,,0.1005838380782519,0.1005838380782519,0.0,791.971632,
21,NFCORE_CHIPSEQ:CHIPSEQ:FASTQC_TRIMGALORE:FASTQC,1700956043000,1700956127000,2,102.8,,1680867328.0,,,0.09979347857600625,0.09979347857600625,0.0,791.971632,
42,NFCORE_CHIPSEQ:CHIPSEQ:FASTQC_TRIMGALORE:FASTQC,1700956034000,1700956126000,2,102.4,,1680867328.0,,,0.10892066289514878,0.10892066289514878,0.0,791.971632,
50,NFCORE_CHIPSEQ:CHIPSEQ:FASTQC_TRIMGALORE:FASTQC,1700956044000,1700956124000,2,100.9,,1680867328.0,,,0.09348441393832502,0.09348441393832502,0.0,791.971632,
33,NFCORE_CHIPSEQ:CHIPSEQ:FASTQC_TRIMGALORE:FASTQC,1700956034000,1700956126000,2,101.6,,1680867328.0,,,0.10816674989990874,0.10816674989990874,0.0,791.971632,
36,NFCORE_CHIPSEQ:CHIPSEQ:FASTQC_TRIMGALORE:FASTQC,1700956043000,1700956127000,2,102.9,,1680867328.0,,,0.09987952299394126,0.09987952299394126,0.0,791.971632,
13,NFCORE_CHIPSEQ:CHIPSEQ:FASTQC_TRIMGALORE:FASTQC,1700956034000,1700956126000,2,101.9,,1680867328.0,,,0.10844946727312378,0.10844946727312378,0.0,791.971632,
101,NFCORE_CHIPSEQ:CHIPSEQ:FASTQC_TRIMGALORE:FASTQC,1700956035000,1700956126000,2,101.7,,1680867328.0,,,0.1070842391436147,0.1070842391436147,0.0,791.971632,
85,NFCORE_CHIPSEQ:CHIPSEQ:FASTQC_TRIMGALORE:FASTQC,1700956036000,1700956125000,2,100.4,,1680867328.0,,,0.10354557995899283,0.10354557995899283,0.0,791.971632,
15,NFCORE_CHIPSEQ:CHIPSEQ:FASTQC_TRIMGALORE:FASTQC,1700956033000,1700956127000,2,101.5,,1680867328.0,,,0.11042191318366688,0.11042191318366688,0.0,791.971632,
38,NFCORE_CHIPSEQ:CHIPSEQ:FASTQC_TRIMGALORE:FASTQC,1700956043000,1700956129000,2,101.9,,1680867328.0,,,0.10137667592922439,0.10137667592922439,0.0,791.971632,
106,NFCORE_CHIPSEQ:CHIPSEQ:FASTQC_TRIMGALORE:FASTQC,1700956045000,1700956130000,2,102.4,,1680867328.0,,,0.10063322115312655,0.10063322115312655,0.0,791.971632,
29,NFCORE_CHIPSEQ:CHIPSEQ:FASTQC_TRIMGALORE:FASTQC,1700956039000,1700956137000,2,95.9,,1680867328.0,,,0.10949914936157314,0.10949914936157314,0.0,791.971632,
22,NFCORE_CHIPSEQ:CHIPSEQ:FASTQC_TRIMGALORE:FASTQC,1700956043000,1700956138000,2,101.2,,1680867328.0,,,0.11130467796975471,0.11130467796975471,0.0,791.971632,
20,NFCORE_CHIPSEQ:CHIPSEQ:FASTQC_TRIMGALORE:FASTQC,1700956033000,1700956133000,2,102.7,,1680867328.0,,,0.11869932637865623,0.11869932637865623,0.0,791.971632,
16,NFCORE_CHIPSEQ:CHIPSEQ:FASTQC_TRIMGALORE:FASTQC,1700956043000,1700956135000,2,103.4,,1680867328.0,,,0.10986305413919875,0.10986305413919875,0.0,791.971632,
24,NFCORE_CHIPSEQ:CHIPSEQ:FASTQC_TRIMGALORE:FASTQC,1700956033000,1700956133000,2,88.7,,1680867328.0,,,0.10435859005615625,0.10435859005615625,0.0,791.971632,
27,NFCORE_CHIPSEQ:CHIPSEQ:FASTQC_TRIMGALORE:FASTQC,1700956044000,1700956135000,2,102.7,,1680867328.0,,,0.10801638700457718,0.10801638700457718,0.0,791.971632,
91,NFCORE_CHIPSEQ:CHIPSEQ:FASTQC_TRIMGALORE:FASTQC,1700956044000,1700956138000,2,102.6,,1680867328.0,,,0.11148107899491438,0.11148107899491438,0.0,791.971632,
76,NFCORE_CHIPSEQ:CHIPSEQ:FASTQC_TRIMGALORE:FASTQC,1700956034000,1700956134000,2,101.8,,1680867328.0,,,0.11777742190078122,0.11777742190078122,0.0,791.971632,
89,NFCORE_CHIPSEQ:CHIPSEQ:FASTQC_TRIMGALORE:FASTQC,1700956039000,1700956137000,2,102.5,,1680867328.0,,,0.11612456954256811,0.11612456954256811,0.0,791.971632,
105,NFCORE_CHIPSEQ:CHIPSEQ:FASTQC_TRIMGALORE:FASTQC,1700956043000,1700956138000,2,102.9,,1680867328.0,,,0.11295898433838593,0.11295898433838593,0.0,791.971632,
73,NFCORE_CHIPSEQ:CHIPSEQ:FASTQC_TRIMGALORE:FASTQC,1700956044000,1700956138000,2,100.9,,1680867328.0,,,0.10984418637753188,0.10984418637753188,0.0,791.971632,
14,NFCORE_CHIPSEQ:CHIPSEQ:FASTQC_TRIMGALORE:FASTQC,1700956039000,1700956141000,2,102.4,,1680867328.0,,,0.12075986538375186,0.12075986538375186,0.0,791.971632,
74,NFCORE_CHIPSEQ:CHIPSEQ:FASTQC_TRIMGALORE:FASTQC,1700956044000,1700956143000,2,101.9,,1680867328.0,,,0.1167010571743397,0.1167010571743397,0.0,791.971632,
79,NFCORE_CHIPSEQ:CHIPSEQ:FASTQC_TRIMGALORE:FASTQC,1700956035000,1700956142000,2,92.9,,1680867328.0,,,0.1162670677196097,0.1162670677196097,0.0,791.971632,
46,NFCORE_CHIPSEQ:CHIPSEQ:FASTQC_TRIMGALORE:FASTQC,1700956033000,1700956143000,2,89.9,,1680867328.0,,,0.11614657562932189,0.11614657562932189,0.0,791.971632,
88,NFCORE_CHIPSEQ:CHIPSEQ:FASTQC_TRIMGALORE:FASTQC,1700956034000,1700956143000,2,102.1,,1680867328.0,,,0.1287123484988128,0.1287123484988128,0.0,791.971632,
77,NFCORE_CHIPSEQ:CHIPSEQ:FASTQC_TRIMGALORE:FASTQC,1700956044000,1700956147000,2,100.9,,1680867328.0,,,0.12036118294559343,0.12036118294559343,0.0,791.971632,
81,NFCORE_CHIPSEQ:CHIPSEQ:FASTQC_TRIMGALORE:FASTQC,1700956040000,1700956158000,2,102.7,,1680867328.0,,,0.1400652051268144,0.1400652051268144,0.0,791.971632,
83,NFCORE_CHIPSEQ:CHIPSEQ:FASTQC_TRIMGALORE:FASTQC,1700956097000,1700956158000,2,104.3,,1680867328.0,,,0.07340634328032032,0.07340634328032032,0.0,791.971632,
75,NFCORE_CHIPSEQ:CHIPSEQ:FASTQC_TRIMGALORE:FASTQC,1700956036000,1700956164000,2,99.3,,1680867328.0,,,0.147477217445,0.147477217445,0.0,791.971632,
9,NFCORE_CHIPSEQ:CHIPSEQ:FASTQC_TRIMGALORE:FASTQC,1700956044000,1700956172000,2,101.4,,1680867328.0,,,0.15023063881892,0.15023063881892,0.0,791.971632,
84,NFCORE_CHIPSEQ:CHIPSEQ:FASTQC_TRIMGALORE:FASTQC,1700956043000,1700956169000,2,100.6,,1680867328.0,,,0.14685075207215437,0.14685075207215437,0.0,791.971632,
100,NFCORE_CHIPSEQ:CHIPSEQ:FASTQC_TRIMGALORE:FASTQC,1700956118000,1700956189000,2,102.8,,1680867328.0,,,0.08434924974876717,0.08434924974876717,0.0,791.971632,
110,NFCORE_CHIPSEQ:CHIPSEQ:FASTQC_TRIMGALORE:FASTQC,1700956128000,1700956197000,2,103.6,,1680867328.0,,,0.08253864929100657,0.08253864929100657,0.0,791.971632,
86,NFCORE_CHIPSEQ:CHIPSEQ:FASTQC_TRIMGALORE:FASTQC,1700956107000,1700956199000,2,102.9,,1680867328.0,,,0.10939185851717377,0.10939185851717377,0.0,791.971632,
94,NFCORE_CHIPSEQ:CHIPSEQ:FASTQC_TRIMGALORE:FASTQC,1700956107000,1700956198000,2,103.1,,1680867328.0,,,0.1083892461489622,0.1083892461489622,0.0,791.971632,
93,NFCORE_CHIPSEQ:CHIPSEQ:FASTQC_TRIMGALORE:FASTQC,1700956117000,1700956199000,2,101.9,,1680867328.0,,,0.09666148169995814,0.09666148169995814,0.0,791.971632,
102,NFCORE_CHIPSEQ:CHIPSEQ:FASTQC_TRIMGALORE:FASTQC,1700956128000,1700956200000,2,103.7,,1680867328.0,,,0.08977217743914793,0.08977217743914793,0.0,789.703672,
78,NFCORE_CHIPSEQ:CHIPSEQ:FASTQC_TRIMGALORE:TRIMGALORE,1700956040000,1700956200000,5,274.9,,3157262336.0,,,0.5246876281571109,0.5246876281571109,0.0,789.703672,
80,NFCORE_CHIPSEQ:CHIPSEQ:FASTQC_TRIMGALORE:TRIMGALORE,1700956034000,1700956200000,5,254.3,,3157262336.0,,,0.5000841875903157,0.5000841875903157,0.0,789.703672,
66,NFCORE_CHIPSEQ:CHIPSEQ:FASTQC_TRIMGALORE:TRIMGALORE,1700956035000,1700956200000,5,275.2,,3157262336.0,,,0.5405756831013407,0.5405756831013407,0.0,789.703672,
104,NFCORE_CHIPSEQ:CHIPSEQ:FASTQC_TRIMGALORE:FASTQC,1700956128000,1700956200000,2,103.7,,1680867328.0,,,0.09929521441038903,0.09929521441038903,0.0,789.703672,
90,NFCORE_CHIPSEQ:CHIPSEQ:FASTQC_TRIMGALORE:FASTQC,1700956107000,1700956200000,2,101.4,,1680867328.0,,,0.13132408926180308,0.13132408926180308,0.0,789.703672,
95,NFCORE_CHIPSEQ:CHIPSEQ:FASTQC_TRIMGALORE:FASTQC,1700956107000,1700956200000,2,102.2,,1680867328.0,,,0.13224100463717087,0.13224100463717087,0.0,789.703672,
96,NFCORE_CHIPSEQ:CHIPSEQ:FASTQC_TRIMGALORE:FASTQC,1700956117000,1700956200000,2,97.2,,1680867328.0,,,0.11520373697306913,0.11520373697306913,0.0,789.703672,
107,NFCORE_CHIPSEQ:CHIPSEQ:FASTQC_TRIMGALORE:FASTQC,1700956128000,1700956200000,2,102.9,,1680867328.0,,,0.10570896114391762,0.10570896114391762,0.0,789.703672,
69,NFCORE_CHIPSEQ:CHIPSEQ:FASTQC_TRIMGALORE:TRIMGALORE,1700956035000,1700956200000,5,274.4,,3157262336.0,,,0.5787424241198313,0.5787424241198313,0.0,789.703672,
98,NFCORE_CHIPSEQ:CHIPSEQ:FASTQC_TRIMGALORE:FASTQC,1700956128000,1700956200000,2,94.1,,1680867328.0,,,0.10534336467681585,0.10534336467681585,0.0,789.703672,
103,NFCORE_CHIPSEQ:CHIPSEQ:FASTQC_TRIMGALORE:FASTQC,1700956129000,1700956200000,2,92.7,,1680867328.0,,,0.1028840657921776,0.1028840657921776,0.0,789.703672,
92,NFCORE_CHIPSEQ:CHIPSEQ:FASTQC_TRIMGALORE:FASTQC,1700956107000,1700956200000,2,102.2,,1680867328.0,,,0.14164182502394532,0.14164182502394532,0.0,789.703672,
97,NFCORE_CHIPSEQ:CHIPSEQ:FASTQC_TRIMGALORE:FASTQC,1700956117000,1700956200000,2,102.6,,1680867328.0,,,0.1302731845460422,0.1302731845460422,0.0,789.703672,
99,NFCORE_CHIPSEQ:CHIPSEQ:FASTQC_TRIMGALORE:FASTQC,1700956129000,1700956200000,2,84.1,,1680867328.0,,,0.09749960842645218,0.09749960842645218,0.0,789.703672,
59,NFCORE_CHIPSEQ:CHIPSEQ:FASTQC_TRIMGALORE:TRIMGALORE,1700956045000,1700956200000,5,270.0,,3157262336.0,,,0.5640533072846545,0.5640533072846545,0.0,789.703672,
112,NFCORE_CHIPSEQ:CHIPSEQ:FASTQC_TRIMGALORE:FASTQC,1700956128000,1700956200000,2,102.0,,1680867328.0,,,0.1271776102748275,0.1271776102748275,0.0,789.703672,
142,NFCORE_CHIPSEQ:CHIPSEQ:FASTQC_TRIMGALORE:FASTQC,1700956129000,1700956200000,2,86.3,,1680867328.0,,,0.10780992154925745,0.10780992154925745,0.0,789.703672,
60,NFCORE_CHIPSEQ:CHIPSEQ:FASTQC_TRIMGALORE:TRIMGALORE,1700956044000,1700956200000,5,271.5,,3157262336.0,,,0.5820274982140888,0.5820274982140888,0.0,789.703672,
115,NFCORE_CHIPSEQ:CHIPSEQ:FASTQC_TRIMGALORE:FASTQC,1700956138000,1700956200000,2,102.6,,1680867328.0,,,0.11833877789046077,0.11833877789046077,0.0,789.703672,
127,NFCORE_CHIPSEQ:CHIPSEQ:FASTQC_TRIMGALORE:FASTQC,1700956139000,1700956200000,2,100.6,,1680867328.0,,,0.11860549887127281,0.11860549887127281,0.0,789.703672,
169,NFCORE_CHIPSEQ:CHIPSEQ:FASTQC_TRIMGALORE:FASTQC,1700956140000,1700956200000,2,97.9,,1680867328.0,,,0.11578444893233625,0.11578444893233625,0.0,789.703672,
49,NFCORE_CHIPSEQ:CHIPSEQ:FASTQC_TRIMGALORE:TRIMGALORE,1700956044000,1700956200000,5,278.1,,3157262336.0,,,0.6320078610971606,0.6320078610971606,0.0,789.703672,
120,NFCORE_CHIPSEQ:CHIPSEQ:FASTQC_TRIMGALORE:FASTQC,1700956139000,1700956200000,2,95.8,,1680867328.0,,,0.12359116764768072,0.12359116764768072,0.0,789.703672,
125,NFCORE_CHIPSEQ:CHIPSEQ:FASTQC_TRIMGALORE:FASTQC,1700956139000,1700956200000,2,98.3,,1680867328.0,,,0.12415560867326197,0.12415560867326197,0.0,789.703672,
132,NFCORE_CHIPSEQ:CHIPSEQ:FASTQC_TRIMGALORE:FASTQC,1700956139000,1700956200000,2,100.4,,1680867328.0,,,0.12880794547764435,0.12880794547764435,0.0,789.703672,
149,NFCORE_CHIPSEQ:CHIPSEQ:FASTQC_TRIMGALORE:FASTQC,1700956149000,1700956200000,2,99.7,,1680867328.0,,,0.11645145683653968,0.11645145683653968,0.0,789.703672,
170,NFCORE_CHIPSEQ:CHIPSEQ:FASTQC_TRIMGALORE:FASTQC,1700956140000,1700956200000,2,95.4,,1680867328.0,,,0.11981362525802211,0.11981362525802211,0.0,789.703672,
171,NFCORE_CHIPSEQ:CHIPSEQ:FASTQC_TRIMGALORE:FASTQC,1700956140000,1700956200000,2,99.2,,1680867328.0,,,0.1331631959037065,0.1331631959037065,0.0,789.703672,
130,NFCORE_CHIPSEQ:CHIPSEQ:FASTQC_TRIMGALORE:FASTQC,1700956139000,1700956200000,2,86.2,,1680867328.0,,,0.1167525675425391,0.1167525675425391,0.0,789.703672,
135,NFCORE_CHIPSEQ:CHIPSEQ:FASTQC_TRIMGALORE:FASTQC,1700956149000,1700956200000,2,94.5,,1680867328.0,,,0.11986032756480246,0.11986032756480246,0.0,789.703672,
136,NFCORE_CHIPSEQ:CHIPSEQ:FASTQC_TRIMGALORE:FASTQC,1700956149000,1700956200000,2,98.0,,1680867328.0,,,0.1169623082037815,0.1169623082037815,0.0,789.703672,
143,NFCORE_CHIPSEQ:CHIPSEQ:FASTQC_TRIMGALORE:FASTQC,1700956150000,1700956200000,2,95.7,,1680867328.0,,,0.11564518162378061,0.11564518162378061,0.0,789.703672,
55,NFCORE_CHIPSEQ:CHIPSEQ:FASTQC_TRIMGALORE:TRIMGALORE,1700956034000,1700956200000,5,263.9,,3157262336.0,,,0.6642813847213613,0.6642813847213613,0.0,789.703672,
172,NFCORE_CHIPSEQ:CHIPSEQ:FASTQC_TRIMGALORE:FASTQC,1700956140000,1700956200000,2,96.2,,1680867328.0,,,0.13629232030210403,0.13629232030210403,0.0,789.703672,
51,NFCORE_CHIPSEQ:CHIPSEQ:FASTQC_TRIMGALORE:TRIMGALORE,1700956034000,1700956200000,5,278.0,,3157262336.0,,,0.7121470725713219,0.7121470725713219,0.0,789.703672,
57,NFCORE_CHIPSEQ:CHIPSEQ:FASTQC_TRIMGALORE:TRIMGALORE,1700956044000,1700956200000,5,276.7,,3157262336.0,,,0.6966313974778989,0.6966313974778989,0.0,789.703672,
35,NFCORE_CHIPSEQ:CHIPSEQ:FASTQC_TRIMGALORE:TRIMGALORE,1700956035000,1700956200000,5,264.8,,3157262336.0,,,0.6869788042661719,0.6869788042661719,0.0,789.703672,
148,NFCORE_CHIPSEQ:CHIPSEQ:FASTQC_TRIMGALORE:FASTQC,1700956160000,1700956200000,2,98.0,,1680867328.0,,,0.1225521931082886,0.1225521931082886,0.0,789.703672,
163,NFCORE_CHIPSEQ:CHIPSEQ:FASTQC_TRIMGALORE:FASTQC,1700956161000,1700956200000,2,97.3,,1680867328.0,,,0.12064890693500677,0.12064890693500677,0.0,789.703672,
7,NFCORE_CHIPSEQ:CHIPSEQ:FASTQC_TRIMGALORE:TRIMGALORE,1700956045000,1700956200000,5,279.5,,3157262336.0,,,0.7340715535706335,0.7340715535706335,0.0,789.703672,
25,NFCORE_CHIPSEQ:CHIPSEQ:FASTQC_TRIMGALORE:TRIMGALORE,1700956041000,1700956200000,5,268.4,,3157262336.0,,,0.7312451212251574,0.7312451212251574,0.0,789.703672,
37,NFCORE_CHIPSEQ:CHIPSEQ:FASTQC_TRIMGALORE:TRIMGALORE,1700956044000,1700956200000,5,278.4,,3157262336.0,,,0.7715734822985716,0.7715734822985716,0.0,789.703672,
63,NFCORE_CHIPSEQ:CHIPSEQ:FASTQC_TRIMGALORE:TRIMGALORE,1700956107000,1700956200000,5,268.5,,3157262336.0,,,0.5571294522754657,0.5571294522754657,0.0,789.703672,
32,NFCORE_CHIPSEQ:CHIPSEQ:FASTQC_TRIMGALORE:TRIMGALORE,1700956033000,1700956200000,5,268.1,,3157262336.0,,,0.7813391893223111,0.7813391893223111,0.0,789.703672,
4,NFCORE_CHIPSEQ:CHIPSEQ:FASTQC_TRIMGALORE:TRIMGALORE,1700956034000,1700956200000,5,278.5,,3157262336.0,,,0.8059801190533163,0.8059801190533163,0.0,789.703672,
39,NFCORE_CHIPSEQ:CHIPSEQ:FASTQC_TRIMGALORE:TRIMGALORE,1700956043000,1700956200000,5,270.6,,3157262336.0,,,0.7818197214387308,0.7818197214387308,0.0,789.703672,
18,NFCORE_CHIPSEQ:CHIPSEQ:FASTQC_TRIMGALORE:TRIMGALORE,1700956043000,1700956200000,5,276.8,,3157262336.0,,,0.7982314445374966,0.7982314445374966,0.0,789.703672,
30,NFCORE_CHIPSEQ:CHIPSEQ:FASTQC_TRIMGALORE:TRIMGALORE,1700956038000,1700956200000,5,274.5,,3157262336.0,,,0.825757089622603,0.825757089622603,0.0,789.703672,
19,NFCORE_CHIPSEQ:CHIPSEQ:FASTQC_TRIMGALORE:TRIMGALORE,1700956045000,1700956200000,5,278.1,,3157262336.0,,,0.8170595297128334,0.8170595297128334,0.0,789.703672,
150,NFCORE_CHIPSEQ:CHIPSEQ:FASTQC_TRIMGALORE:FASTQC,1700956170000,1700956200000,2,88.5,,1680867328.0,,,0.146194602918279,0.146194602918279,0.0,789.703672,
31,NFCORE_CHIPSEQ:CHIPSEQ:FASTQC_TRIMGALORE:TRIMGALORE,1700956044000,1700956200000,5,279.8,,3157262336.0,,,0.83717277956857,0.83717277956857,0.0,789.703672,
154,NFCORE_CHIPSEQ:CHIPSEQ:FASTQC_TRIMGALORE:FASTQC,1700956192000,1700956200000,2,88.6,,1680867328.0,,,0.12962157155431872,0.12962157155431872,0.0,789.703672,
26,NFCORE_CHIPSEQ:CHIPSEQ:FASTQC_TRIMGALORE:TRIMGALORE,1700956035000,1700956200000,5,277.6,,3157262336.0,,,0.8805553484626849,0.8805553484626849,0.0,789.703672,
152,NFCORE_CHIPSEQ:CHIPSEQ:FASTQC_TRIMGALORE:FASTQC,1700956180000,1700956200000,2,77.3,,1680867328.0,,,0.12819509980111943,0.12819509980111943,0.0,789.703672,
47,NFCORE_CHIPSEQ:CHIPSEQ:FASTQC_TRIMGALORE:TRIMGALORE,1700956035000,1700956200000,5,265.8,,3157262336.0,,,0.8698636734874567,0.8698636734874567,0.0,789.703672,
190,NFCORE_CHIPSEQ:CHIPSEQ:FASTQC_TRIMGALORE:FASTQC,1700956172000,1700956200000,2,81.1,,1680867328.0,,,0.1528274753677758,0.1528274753677758,0.0,789.703672,
53,NFCORE_CHIPSEQ:CHIPSEQ:FASTQC_TRIMGALORE:TRIMGALORE,1700956044000,1700956200000,5,275.7,,3157262336.0,,,0.902403715365983,0.902403715365983,0.0,789.703672,
12,NFCORE_CHIPSEQ:CHIPSEQ:FASTQC_TRIMGALORE:TRIMGALORE,1700956043000,1700956200000,5,276.0,,3157262336.0,,,0.9247641164445991,0.9247641164445991,0.0,789.703672,
41,NFCORE_CHIPSEQ:CHIPSEQ:FASTQC_TRIMGALORE:TRIMGALORE,1700956127000,1700956200000,5,275.5,,3157262336.0,,,0.6648741597905591,0.6648741597905591,0.0,789.703672,
17,NFCORE_CHIPSEQ:CHIPSEQ:FASTQC_TRIMGALORE:TRIMGALORE,1700956045000,1700956200000,5,274.6,,3157262336.0,,,0.9722546070448492,0.9722546070448492,0.0,789.703672,
23,NFCORE_CHIPSEQ:CHIPSEQ:FASTQC_TRIMGALORE:TRIMGALORE,1700956045000,1700956200000,5,263.3,,3157262336.0,,,0.9355540943229967,0.9355540943229967,0.0,789.703672,
45,NFCORE_CHIPSEQ:CHIPSEQ:FASTQC_TRIMGALORE:TRIMGALORE,1700956147000,1700956200000,5,273.0,,3157262336.0,,,0.6771841642408177,0.6771841642408177,0.0,789.703672,
11,NFCORE_CHIPSEQ:CHIPSEQ:FASTQC_TRIMGALORE:TRIMGALORE,1700956137000,1700956200000,5,258.8,,3157262336.0,,,0.7230294375898818,0.7230294375898818,0.0,789.703672,
138,NFCORE_CHIPSEQ:CHIPSEQ:FASTQC_TRIMGALORE:TRIMGALORE,1700956147000,1700956200000,5,246.8,,3157262336.0,,,0.7448200949457215,0.7448200949457215,0.0,789.703672,
8,NFCORE_CHIPSEQ:CHIPSEQ:FASTQC_TRIMGALORE:TRIMGALORE,1700956040000,1700956200000,5,264.3,,3157262336.0,,,1.1214110934102473,1.1214110934102473,0.0,789.703672,
108,NFCORE_CHIPSEQ:CHIPSEQ:FASTQC_TRIMGALORE:TRIMGALORE,1700956138000,1700956200000,5,263.3,,3157262336.0,,,0.9046448706892993,0.9046448706892993,0.0,789.703672,
162,NFCORE_CHIPSEQ:CHIPSEQ:FASTQC_TRIMGALORE:FASTQC,1700956202000,1700956291000,2,96.2,,1680867328.0,,,0.09914548879409901,0.09914548879409901,0.0,787.435712,
155,NFCORE_CHIPSEQ:CHIPSEQ:FASTQC_TRIMGALORE:FASTQC,1700956203000,1700956331000,2,92.3,,1680867328.0,,,0.1375070548687111,0.1375070548687111,0.0,787.435712,
158,NFCORE_CHIPSEQ:CHIPSEQ:FASTQC_TRIMGALORE:FASTQC,1700956202000,1700956329000,2,75.1,,1680867328.0,,,0.11418528874346708,0.11418528874346708,0.0,787.435712,
167,NFCORE_CHIPSEQ:CHIPSEQ:FASTQC_TRIMGALORE:FASTQC,1700956224000,1700956328000,2,102.9,,1680867328.0,,,0.12295211230716555,0.12295211230716555,0.0,787.435712,
157,NFCORE_CHIPSEQ:CHIPSEQ:FASTQC_TRIMGALORE:FASTQC,1700956202000,1700956335000,2,92.0,,1680867328.0,,,0.14247205405616847,0.14247205405616847,0.0,787.435712,
165,NFCORE_CHIPSEQ:CHIPSEQ:FASTQC_TRIMGALORE:FASTQC,1700956223000,1700956342000,2,88.7,,1680867328.0,,,0.12347545800779484,0.12347545800779484,0.0,787.435712,
175,NFCORE_CHIPSEQ:CHIPSEQ:FASTQC_TRIMGALORE:FASTQC,1700956224000,1700956342000,2,86.7,,1680867328.0,,,0.12003425628912863,0.12003425628912863,0.0,787.435712,
164,NFCORE_CHIPSEQ:CHIPSEQ:FASTQC_TRIMGALORE:FASTQC,1700956213000,1700956344000,2,78.4,,1680867328.0,,,0.12218452824591708,0.12218452824591708,0.0,787.435712,
168,NFCORE_CHIPSEQ:CHIPSEQ:FASTQC_TRIMGALORE:FASTQC,1700956224000,1700956343000,2,93.3,,1680867328.0,,,0.12905057120254929,0.12905057120254929,0.0,787.435712,
166,NFCORE_CHIPSEQ:CHIPSEQ:FASTQC_TRIMGALORE:FASTQC,1700956224000,1700956366000,2,79.0,,1680867328.0,,,0.13331203554299748,0.13331203554299748,0.0,787.435712,
185,NFCORE_CHIPSEQ:CHIPSEQ:FASTQC_TRIMGALORE:FASTQC,1700956246000,1700956369000,2,89.7,,1680867328.0,,,0.12887861356186542,0.12887861356186542,0.0,787.435712,
174,NFCORE_CHIPSEQ:CHIPSEQ:FASTQC_TRIMGALORE:FASTQC,1700956245000,1700956372000,2,102.1,,1680867328.0,,,0.14910867775481706,0.14910867775481706,0.0,787.435712,
180,NFCORE_CHIPSEQ:CHIPSEQ:FASTQC_TRIMGALORE:FASTQC,1700956245000,1700956374000,2,93.9,,1680867328.0,,,0.14068345398769957,0.14068345398769957,0.0,787.435712,
192,NFCORE_CHIPSEQ:CHIPSEQ:FASTQC_TRIMGALORE:FASTQC,1700956246000,1700956384000,2,92.4,,1680867328.0,,,0.14839034260246584,0.14839034260246584,0.0,787.435712,
177,NFCORE_CHIPSEQ:CHIPSEQ:FASTQC_TRIMGALORE:FASTQC,1700956245000,1700956396000,2,76.1,,1680867328.0,,,0.1373015030469026,0.1373015030469026,0.0,787.435712,
82,NFCORE_CHIPSEQ:CHIPSEQ:FASTQC_TRIMGALORE:TRIMGALORE,1700956232000,1700956406000,5,264.9,,3157262336.0,,,0.5133091113473341,0.5133091113473341,0.0,787.435712,
117,NFCORE_CHIPSEQ:CHIPSEQ:FASTQC_TRIMGALORE:TRIMGALORE,1700956272000,1700956445000,5,263.8,,3157262336.0,,,0.5084209076479351,0.5084209076479351,0.0,787.435712,
28,NFCORE_CHIPSEQ:CHIPSEQ:FASTQC_TRIMGALORE:TRIMGALORE,1700956223000,1700956484000,5,269.6,,3157262336.0,,,0.7824572573681063,0.7824572573681063,0.0,787.435712,
123,NFCORE_CHIPSEQ:CHIPSEQ:FASTQC_TRIMGALORE:TRIMGALORE,1700956213000,1700956497000,5,266.5,,3157262336.0,,,0.8424428060596372,0.8424428060596372,0.0,787.435712,
87,NFCORE_CHIPSEQ:CHIPSEQ:FASTQC_TRIMGALORE:TRIMGALORE,1700956232000,1700956500000,5,263.3,,3157262336.0,,,0.8478557208267095,0.8478557208267095,0.0,787.435712,
43,NFCORE_CHIPSEQ:CHIPSEQ:FASTQC_TRIMGALORE:TRIMGALORE,1700956232000,1700956500000,5,268.5,,3157262336.0,,,0.8780948977851106,0.8780948977851106,0.0,787.435712,
129,NFCORE_CHIPSEQ:CHIPSEQ:FASTQC_TRIMGALORE:TRIMGALORE,1700956284000,1700956500000,5,254.8,,3157262336.0,,,0.697560751007395,0.697560751007395,0.0,787.435712,
141,NFCORE_CHIPSEQ:CHIPSEQ:FASTQC_TRIMGALORE:TRIMGALORE,1700956306000,1700956500000,5,261.2,,3157262336.0,,,0.7193551225454153,0.7193551225454153,0.0,787.435712,
144,NFCORE_CHIPSEQ:CHIPSEQ:FASTQC_TRIMGALORE:TRIMGALORE,1700956345000,1700956500000,5,272.3,,3157262336.0,,,0.6625668174624888,0.6625668174624888,0.0,787.435712,
113,NFCORE_CHIPSEQ:CHIPSEQ:FASTQC_TRIMGALORE:TRIMGALORE,1700956262000,1700956500000,5,270.2,,3157262336.0,,,0.9072174693724505,0.9072174693724505,0.0,787.435712,
126,NFCORE_CHIPSEQ:CHIPSEQ:FASTQC_TRIMGALORE:TRIMGALORE,1700956253000,1700956500000,5,249.1,,3157262336.0,,,0.8897337017177048,0.8897337017177048,0.0,787.435712,
145,NFCORE_CHIPSEQ:CHIPSEQ:FASTQC_TRIMGALORE:TRIMGALORE,1700956335000,1700956500000,5,275.5,,3157262336.0,,,0.7278064625885452,0.7278064625885452,0.0,787.435712,
111,NFCORE_CHIPSEQ:CHIPSEQ:FASTQC_TRIMGALORE:TRIMGALORE,1700956252000,1700956500000,5,259.6,,3157262336.0,,,0.9383277727199251,0.9383277727199251,0.0,787.435712,
139,NFCORE_CHIPSEQ:CHIPSEQ:FASTQC_TRIMGALORE:TRIMGALORE,1700956325000,1700956500000,5,254.5,,3157262336.0,,,0.7280976189936711,0.7280976189936711,0.0,787.435712,
131,NFCORE_CHIPSEQ:CHIPSEQ:FASTQC_TRIMGALORE:TRIMGALORE,1700956306000,1700956500000,5,277.2,,3157262336.0,,,0.8549401729538852,0.8549401729538852,0.0,787.435712,
114,NFCORE_CHIPSEQ:CHIPSEQ:FASTQC_TRIMGALORE:TRIMGALORE,1700956262000,1700956500000,5,258.2,,3157262336.0,,,0.9596443187667261,0.9596443187667261,0.0,787.435712,
119,NFCORE_CHIPSEQ:CHIPSEQ:FASTQC_TRIMGALORE:TRIMGALORE,1700956312000,1700956500000,5,271.8,,3157262336.0,,,0.8547525127377726,0.8547525127377726,0.0,787.435712,
124,NFCORE_CHIPSEQ:CHIPSEQ:FASTQC_TRIMGALORE:TRIMGALORE,1700956213000,1700956500000,5,262.4,,3157262336.0,,,1.1171935998924105,1.1171935998924105,0.0,787.435712,
161,NFCORE_CHIPSEQ:CHIPSEQ:FASTQC_TRIMGALORE:TRIMGALORE,1700956234000,1700956500000,5,250.0,,3157262336.0,,,1.0157829381219072,1.0157829381219072,0.0,787.435712,
146,NFCORE_CHIPSEQ:CHIPSEQ:FASTQC_TRIMGALORE:TRIMGALORE,1700956387000,1700956500000,5,260.1,,3157262336.0,,,0.6904774438062764,0.6904774438062764,0.0,787.435712,
109,NFCORE_CHIPSEQ:CHIPSEQ:FASTQC_TRIMGALORE:TRIMGALORE,1700956242000,1700956500000,5,256.5,,3157262336.0,,,1.1744453095247738,1.1744453095247738,0.0,787.435712,
122,NFCORE_CHIPSEQ:CHIPSEQ:FASTQC_TRIMGALORE:TRIMGALORE,1700956312000,1700956500000,5,256.4,,3157262336.0,,,0.9993553169070362,0.9993553169070362,0.0,787.435712,
128,NFCORE_CHIPSEQ:CHIPSEQ:FASTQC_TRIMGALORE:TRIMGALORE,1700956274000,1700956500000,5,256.2,,3157262336.0,,,1.1016564560258202,1.1016564560258202,0.0,787.435712,
201,NFCORE_CHIPSEQ:CHIPSEQ:FASTQC_TRIMGALORE:TRIMGALORE,1700956297000,1700956500000,5,257.9,,3157262336.0,,,1.0565046838206669,1.0565046838206669,0.0,787.435712,
206,NFCORE_CHIPSEQ:CHIPSEQ:FASTQC_TRIMGALORE:TRIMGALORE,1700956267000,1700956500000,5,245.4,,3157262336.0,,,1.0923258144798018,1.0923258144798018,0.0,787.435712,
137,NFCORE_CHIPSEQ:CHIPSEQ:FASTQC_TRIMGALORE:TRIMGALORE,1700956314000,1700956500000,5,262.3,,3157262336.0,,,1.0349445248504658,1.0349445248504658,0.0,787.435712,
118,NFCORE_CHIPSEQ:CHIPSEQ:FASTQC_TRIMGALORE:TRIMGALORE,1700956293000,1700956500000,5,269.7,,3157262336.0,,,1.1515925751750933,1.1515925751750933,0.0,787.435712,
62,NFCORE_CHIPSEQ:CHIPSEQ:FASTQC_TRIMGALORE:TRIMGALORE,1700956426000,1700956500000,5,269.2,,3157262336.0,,,0.7544493533217549,0.7544493533217549,0.0,787.435712,
116,NFCORE_CHIPSEQ:CHIPSEQ:FASTQC_TRIMGALORE:TRIMGALORE,1700956273000,1700956500000,5,247.5,,3157262336.0,,,1.1229995182183312,1.1229995182183312,0.0,787.435712,
140,NFCORE_CHIPSEQ:CHIPSEQ:FASTQC_TRIMGALORE:TRIMGALORE,1700956458000,1700956500000,5,249.0,,3157262336.0,,,0.630114078060178,0.630114078060178,0.0,787.435712,
202,NFCORE_CHIPSEQ:CHIPSEQ:FASTQC_TRIMGALORE:TRIMGALORE,1700956317000,1700956500000,5,271.2,,3157262336.0,,,1.1001888658822008,1.1001888658822008,0.0,787.435712,
203,NFCORE_CHIPSEQ:CHIPSEQ:FASTQC_TRIMGALORE:TRIMGALORE,1700956347000,1700956500000,5,272.2,,3157262336.0,,,1.0313206681222853,1.0313206681222853,0.0,787.435712,
208,NFCORE_CHIPSEQ:CHIPSEQ:FASTQC_TRIMGALORE:TRIMGALORE,1700956376000,1700956500000,5,280.0,,3157262336.0,,,0.974606251782308,0.974606251782308,0.0,787.435712,
187,NFCORE_CHIPSEQ:CHIPSEQ:FASTQC_TRIMGALORE:TRIMGALORE,1700956346000,1700956500000,5,276.0,,3157262336.0,,,1.0537073304157012,1.0537073304157012,0.0,787.435712,
195,NFCORE_CHIPSEQ:CHIPSEQ:FASTQC_TRIMGALORE:TRIMGALORE,1700956377000,1700956500000,5,258.7,,3157262336.0,,,0.9209233740735981,0.9209233740735981,0.0,787.435712,
207,NFCORE_CHIPSEQ:CHIPSEQ:FASTQC_TRIMGALORE:TRIMGALORE,1700956296000,1700956500000,5,259.5,,3157262336.0,,,1.1638120702241657,1.1638120702241657,0.0,787.435712,
173,NFCORE_CHIPSEQ:CHIPSEQ:FASTQC_TRIMGALORE:TRIMGALORE,1700956366000,1700956500000,5,269.3,,3157262336.0,,,1.0332284635375064,1.0332284635375064,0.0,787.435712,
204,NFCORE_CHIPSEQ:CHIPSEQ:FASTQC_TRIMGALORE:TRIMGALORE,1700956366000,1700956500000,5,271.9,,3157262336.0,,,1.0423641532263894,1.0423641532263894,0.0,787.435712,
133,NFCORE_CHIPSEQ:CHIPSEQ:FASTQC_TRIMGALORE:TRIMGALORE,1700956345000,1700956500000,5,256.1,,3157262336.0,,,1.0697996489273045,1.0697996489273045,0.0,787.435712,
200,NFCORE_CHIPSEQ:CHIPSEQ:FASTQC_TRIMGALORE:TRIMGALORE,1700956347000,1700956500000,5,269.9,,3157262336.0,,,1.1163630500245647,1.1163630500245647,0.0,787.435712,
121,NFCORE_CHIPSEQ:CHIPSEQ:FASTQC_TRIMGALORE:TRIMGALORE,1700956426000,1700956500000,5,251.5,,3157262336.0,,,0.8722089252039821,0.8722089252039821,0.0,787.435712,
134,NFCORE_CHIPSEQ:CHIPSEQ:FASTQC_TRIMGALORE:TRIMGALORE,1700956448000,1700956500000,5,262.6,,3157262336.0,,,0.8604284905004542,0.8604284905004542,0.0,787.435712,
151,NFCORE_CHIPSEQ:CHIPSEQ:FASTQC_TRIMGALORE:TRIMGALORE,1700956499000,1700956500000,5,262.3,,3157262336.0,,,0.760128747065314,0.760128747065314,0.0,787.435712,
210,NFCORE_CHIPSEQ:CHIPSEQ:FASTQC_TRIMGALORE:TRIMGALORE,1700956376000,1700956500000,5,273.1,,3157262336.0,,,1.1648897395650666,1.1648897395650666,0.0,787.435712,
209,NFCORE_CHIPSEQ:CHIPSEQ:FASTQC_TRIMGALORE:TRIMGALORE,1700956376000,1700956500000,5,249.7,,3157262336.0,,,1.1180978761629443,1.1180978761629443,0.0,787.435712,
211,NFCORE_CHIPSEQ:CHIPSEQ:FASTQC_TRIMGALORE:TRIMGALORE,1700956396000,1700956500000,5,269.7,,3157262336.0,,,1.142595758181538,1.142595758181538,0.0,787.435712,
205,NFCORE_CHIPSEQ:CHIPSEQ:FASTQC_TRIMGALORE:TRIMGALORE,1700956376000,1700956500000,5,265.0,,3157262336.0,,,1.2010858300901612,1.2010858300901612,0.0,787.435712,
147,NFCORE_CHIPSEQ:CHIPSEQ:FASTQC_TRIMGALORE:TRIMGALORE,1700956487000,1700956500000,5,265.3,,3157262336.0,,,0.8744213700633523,0.8744213700633523,0.0,787.435712,
213,NFCORE_CHIPSEQ:CHIPSEQ:FASTQC_TRIMGALORE:TRIMGALORE,1700956406000,1700956500000,5,257.2,,3157262336.0,,,1.1855117760417893,1.1855117760417893,0.0,784.033772,
212,NFCORE_CHIPSEQ:CHIPSEQ:FASTQC_TRIMGALORE:TRIMGALORE,1700956416000,1700956500000,5,257.6,,3157262336.0,,,1.175541720408083,1.175541720408083,0.0,784.033772,
224,NFCORE_CHIPSEQ:CHIPSEQ:ALIGN_BWA_MEM:BWA_MEM,1700956298000,1700956500000,10,870.9,,34359738368.0,,,6.716573409016126,6.716573409016126,0.0,784.033772,
156,NFCORE_CHIPSEQ:CHIPSEQ:FASTQC_TRIMGALORE:TRIMGALORE,1700956535000,1700956783000,5,264.4,,3157262336.0,,,0.7303500815819988,0.7303500815819988,0.0,787.435712,
153,NFCORE_CHIPSEQ:CHIPSEQ:FASTQC_TRIMGALORE:TRIMGALORE,1700956524000,1700956800000,5,247.0,,3157262336.0,,,0.7831047023799184,0.7831047023799184,0.0,784.033772,
159,NFCORE_CHIPSEQ:CHIPSEQ:FASTQC_TRIMGALORE:TRIMGALORE,1700956535000,1700956800000,5,249.5,,3157262336.0,,,0.9063444263091198,0.9063444263091198,0.0,784.033772,
176,NFCORE_CHIPSEQ:CHIPSEQ:FASTQC_TRIMGALORE:TRIMGALORE,1700956567000,1700956800000,5,265.4,,3157262336.0,,,0.9610025094252144,0.9610025094252144,0.0,784.033772,
160,NFCORE_CHIPSEQ:CHIPSEQ:FASTQC_TRIMGALORE:TRIMGALORE,1700956555000,1700956800000,5,241.1,,3157262336.0,,,0.9291175425537586,0.9291175425537586,0.0,784.033772,
196,NFCORE_CHIPSEQ:CHIPSEQ:FASTQC_TRIMGALORE:TRIMGALORE,1700956627000,1700956800000,5,262.7,,3157262336.0,,,0.8025224063240108,0.8025224063240108,0.0,784.033772,
182,NFCORE_CHIPSEQ:CHIPSEQ:FASTQC_TRIMGALORE:TRIMGALORE,1700956589000,1700956800000,5,269.4,,3157262336.0,,,0.9469511702550089,0.9469511702550089,0.0,784.033772,
178,NFCORE_CHIPSEQ:CHIPSEQ:FASTQC_TRIMGALORE:TRIMGALORE,1700956576000,1700956800000,5,231.8,,3157262336.0,,,0.8780089749422348,0.8780089749422348,0.0,784.033772,
181,NFCORE_CHIPSEQ:CHIPSEQ:FASTQC_TRIMGALORE:TRIMGALORE,1700956589000,1700956800000,5,258.5,,3157262336.0,,,0.9461809199902218,0.9461809199902218,0.0,784.033772,
179,NFCORE_CHIPSEQ:CHIPSEQ:FASTQC_TRIMGALORE:TRIMGALORE,1700956589000,1700956800000,5,236.2,,3157262336.0,,,0.945464310696369,0.945464310696369,0.0,784.033772,
189,NFCORE_CHIPSEQ:CHIPSEQ:FASTQC_TRIMGALORE:TRIMGALORE,1700956599000,1700956800000,5,243.1,,3157262336.0,,,0.9783413125515431,0.9783413125515431,0.0,784.033772,
198,NFCORE_CHIPSEQ:CHIPSEQ:FASTQC_TRIMGALORE:TRIMGALORE,1700956655000,1700956800000,5,251.8,,3157262336.0,,,0.8886865226144854,0.8886865226144854,0.0,784.033772,
199,NFCORE_CHIPSEQ:CHIPSEQ:FASTQC_TRIMGALORE:TRIMGALORE,1700956665000,1700956800000,5,259.8,,3157262336.0,,,0.9342549411557021,0.9342549411557021,0.0,784.033772,
183,NFCORE_CHIPSEQ:CHIPSEQ:FASTQC_TRIMGALORE:TRIMGALORE,1700956707000,1700956800000,5,259.6,,3157262336.0,,,0.8205763655015732,0.8205763655015732,0.0,784.033772,
197,NFCORE_CHIPSEQ:CHIPSEQ:FASTQC_TRIMGALORE:TRIMGALORE,1700956665000,1700956800000,5,262.2,,3157262336.0,,,0.9797995733048768,0.9797995733048768,0.0,784.033772,
184,NFCORE_CHIPSEQ:CHIPSEQ:FASTQC_TRIMGALORE:TRIMGALORE,1700956685000,1700956800000,5,267.0,,3157262336.0,,,0.9632721256522225,0.9632721256522225,0.0,784.033772,
186,NFCORE_CHIPSEQ:CHIPSEQ:FASTQC_TRIMGALORE:TRIMGALORE,1700956675000,1700956800000,5,229.2,,3157262336.0,,,0.9848475293504744,0.9848475293504744,0.0,784.033772,
191,NFCORE_CHIPSEQ:CHIPSEQ:FASTQC_TRIMGALORE:TRIMGALORE,1700956697000,1700956800000,5,265.0,,3157262336.0,,,1.0704601474004396,1.0704601474004396,0.0,784.033772,
194,NFCORE_CHIPSEQ:CHIPSEQ:FASTQC_TRIMGALORE:TRIMGALORE,1700956600000,1700956800000,5,239.0,,3157262336.0,,,1.2349746841174434,1.2349746841174434,0.0,784.033772,
188,NFCORE_CHIPSEQ:CHIPSEQ:FASTQC_TRIMGALORE:TRIMGALORE,1700956687000,1700956800000,5,262.5,,3157262336.0,,,1.1136829674625126,1.1136829674625126,0.0,784.033772,
193,NFCORE_CHIPSEQ:CHIPSEQ:FASTQC_TRIMGALORE:TRIMGALORE,1700956687000,1700956800000,5,257.6,,3157262336.0,,,1.1631062886733756,1.1631062886733756,0.0,784.033772,
259,NFCORE_CHIPSEQ:CHIPSEQ:ALIGN_BWA_MEM:BWA_MEM,1700956576000,1700956800000,10,1019.7,,34359738368.0,,,7.331968842362661,7.331968842362661,0.0,786.1883339999999,
291,NFCORE_CHIPSEQ:CHIPSEQ:ALIGN_BWA_MEM:BWA_MEM,1700956764000,1700956800000,10,904.9,,34359738368.0,,,6.094904509711684,6.094904509711684,0.0,786.1883339999999,
239,NFCORE_CHIPSEQ:CHIPSEQ:ALIGN_BWA_MEM:BWA_MEM,1700956599000,1700956800000,10,896.1,,34359738368.0,,,8.518840735072846,8.518840735072846,0.0,786.1883339999999,
270,NFCORE_CHIPSEQ:CHIPSEQ:ALIGN_BWA_MEM:BWA_MEM,1700956682000,1700956800000,10,1016.5,,34359738368.0,,,8.796981570707093,8.796981570707093,0.0,786.1883339999999,
289,NFCORE_CHIPSEQ:CHIPSEQ:ALIGN_BWA_MEM:BWA_MEM,1700956779000,1700956800000,10,1013.1,,34359738368.0,,,7.572101242633881,7.572101242633881,0.0,786.1883339999999,
237,NFCORE_CHIPSEQ:CHIPSEQ:ALIGN_BWA_MEM:BWA_MEM,1700956715000,1700956800000,10,931.2,,34359738368.0,,,8.397528549763921,8.397528549763921,0.0,787.265615,
287,NFCORE_CHIPSEQ:CHIPSEQ:ALIGN_BWA_MEM:BWA_MEM,1700956761000,1700956800000,10,1014.1,,34359738368.0,,,8.611619642306815,8.611619642306815,0.0,787.265615,
280,NFCORE_CHIPSEQ:CHIPSEQ:ALIGN_BWA_MEM:BWA_MEM,1700956723000,1700956800000,10,933.0,,34359738368.0,,,9.243926623569518,9.243926623569518,0.0,787.265615,
294,NFCORE_CHIPSEQ:CHIPSEQ:ALIGN_BWA_MEM:BWA_MEM,1700956789000,1700956800000,10,931.3,,34359738368.0,,,8.607399669176335,8.607399669176335,0.0,787.265615,
277,NFCORE_CHIPSEQ:CHIPSEQ:ALIGN_BWA_MEM:BWA_MEM,1700956693000,1700956800000,10,914.8,,34359738368.0,,,9.767695886140464,9.767695886140464,0.0,787.265615,
272,NFCORE_CHIPSEQ:CHIPSEQ:ALIGN_BWA_MEM:BWA_MEM,1700956668000,1700956800000,10,893.0,,34359738368.0,,,10.263125942808603,10.263125942808603,0.0,787.265615,
293,NFCORE_CHIPSEQ:CHIPSEQ:ALIGN_BWA_MEM:BWA_MEM,1700956787000,1700956800000,10,946.4,,34359738368.0,,,10.55035238125099,10.55035238125099,0.0,787.265615,
302,NFCORE_CHIPSEQ:CHIPSEQ:ALIGN_BWA_MEM:BAM_SORT_SAMTOOLS:SAMTOOLS_SORT,1700956885000,1700956926000,6,456.4,,6374293504.0,,,0.20962305060024455,0.20962305060024455,0.0,780.631832,
309,NFCORE_CHIPSEQ:CHIPSEQ:ALIGN_BWA_MEM:BAM_SORT_SAMTOOLS:SAMTOOLS_INDEX,1700956931000,1700956949000,2,106.0,,1073741824.0,,,0.020794568319795002,0.020794568319795002,0.0,780.631832,
311,NFCORE_CHIPSEQ:CHIPSEQ:ALIGN_BWA_MEM:BAM_SORT_SAMTOOLS:BAM_STATS_SAMTOOLS:SAMTOOLS_IDXSTATS,1700956954000,1700956959000,2,45.1,,1073741824.0,,,0.0027018196258322916,0.0027018196258322916,0.0,780.631832,
312,NFCORE_CHIPSEQ:CHIPSEQ:ALIGN_BWA_MEM:BAM_SORT_SAMTOOLS:BAM_STATS_SAMTOOLS:SAMTOOLS_FLAGSTAT,1700956954000,1700956968000,2,146.3,,1073741824.0,,,0.021870119063186533,0.021870119063186533,0.0,780.631832,
313,NFCORE_CHIPSEQ:CHIPSEQ:ALIGN_BWA_MEM:BAM_SORT_SAMTOOLS:BAM_STATS_SAMTOOLS:SAMTOOLS_STATS,1700956954000,1700956996000,2,107.3,,1073741824.0,,,0.04907193998629709,0.04907193998629709,0.0,780.631832,
297,NFCORE_CHIPSEQ:CHIPSEQ:ALIGN_BWA_MEM:BWA_MEM,1700956881000,1700957100000,10,1005.9,,34359738368.0,,,5.121548695639724,5.121548695639724,0.0,784.4873640000001,
296,NFCORE_CHIPSEQ:CHIPSEQ:ALIGN_BWA_MEM:BWA_MEM,1700956863000,1700957100000,10,901.8,,34359738368.0,,,7.113688657634267,7.113688657634267,0.0,786.4151300000001,
305,NFCORE_CHIPSEQ:CHIPSEQ:ALIGN_BWA_MEM:BWA_MEM,1700956922000,1700957100000,10,1003.6,,34359738368.0,,,8.219759751144398,8.219759751144398,0.0,786.4151300000001,
306,NFCORE_CHIPSEQ:CHIPSEQ:ALIGN_BWA_MEM:BWA_MEM,1700956929000,1700957100000,10,1017.7,,34359738368.0,,,8.259206473383303,8.259206473383303,0.0,786.4151300000001,
307,NFCORE_CHIPSEQ:CHIPSEQ:ALIGN_BWA_MEM:BWA_MEM,1700956949000,1700957100000,10,1010.6,,34359738368.0,,,7.955170306687327,7.955170306687327,0.0,786.4151300000001,
317,NFCORE_CHIPSEQ:CHIPSEQ:ALIGN_BWA_MEM:BWA_MEM,1700957013000,1700957100000,10,1003.0,,34359738368.0,,,7.3711513686063785,7.3711513686063785,0.0,786.4151300000001,
315,NFCORE_CHIPSEQ:CHIPSEQ:ALIGN_BWA_MEM:BWA_MEM,1700956995000,1700957100000,10,1008.9,,34359738368.0,,,8.941063677156837,8.941063677156837,0.0,786.4151300000001,
316,NFCORE_CHIPSEQ:CHIPSEQ:ALIGN_BWA_MEM:BWA_MEM,1700956999000,1700957100000,10,1012.9,,34359738368.0,,,9.55839102187357,9.55839102187357,0.0,787.8326050000001,
321,NFCORE_CHIPSEQ:CHIPSEQ:ALIGN_BWA_MEM:BWA_MEM,1700957066000,1700957100000,10,1006.3,,34359738368.0,,,8.828524089310962,8.828524089310962,0.0,787.8326050000001,
318,NFCORE_CHIPSEQ:CHIPSEQ:ALIGN_BWA_MEM:BWA_MEM,1700957061000,1700957100000,10,1013.1,,34359738368.0,,,9.621113310612856,9.621113310612856,0.0,787.8326050000001,
323,NFCORE_CHIPSEQ:CHIPSEQ:ALIGN_BWA_MEM:BWA_MEM,1700957097000,1700957100000,10,1008.3,,34359738368.0,,,9.968478999199318,9.968478999199318,0.0,787.8326050000001,
322,NFCORE_CHIPSEQ:CHIPSEQ:ALIGN_BWA_MEM:BWA_MEM,1700957072000,1700957100000,10,1010.7,,34359738368.0,,,10.597809122972405,10.597809122972405,0.0,787.8326050000001,
326,NFCORE_CHIPSEQ:CHIPSEQ:ALIGN_BWA_MEM:BAM_SORT_SAMTOOLS:SAMTOOLS_SORT,1700957280000,1700957329000,6,338.1,,6374293504.0,,,0.1938940353243296,0.1938940353243296,0.0,788.342896,
327,NFCORE_CHIPSEQ:CHIPSEQ:ALIGN_BWA_MEM:BAM_SORT_SAMTOOLS:SAMTOOLS_SORT,1700957321000,1700957350000,6,339.0,,6374293504.0,,,0.11501974005965936,0.11501974005965936,0.0,788.342896,
329,NFCORE_CHIPSEQ:CHIPSEQ:ALIGN_BWA_MEM:BAM_SORT_SAMTOOLS:SAMTOOLS_INDEX,1700957338000,1700957376000,2,38.4,,1073741824.0,,,0.018140645973511112,0.018140645973511112,0.0,788.342896,
330,NFCORE_CHIPSEQ:CHIPSEQ:ALIGN_BWA_MEM:BAM_SORT_SAMTOOLS:SAMTOOLS_INDEX,1700957358000,1700957371000,2,145.8,,1073741824.0,,,0.020442292440133056,0.020442292440133056,0.0,788.342896,
333,NFCORE_CHIPSEQ:CHIPSEQ:ALIGN_BWA_MEM:BAM_SORT_SAMTOOLS:BAM_STATS_SAMTOOLS:SAMTOOLS_IDXSTATS,1700957378000,1700957381000,2,2.4,,1073741824.0,,,0.00033093977821666666,0.00033093977821666666,0.0,788.342896,
336,NFCORE_CHIPSEQ:CHIPSEQ:ALIGN_BWA_MEM:BAM_SORT_SAMTOOLS:BAM_STATS_SAMTOOLS:SAMTOOLS_IDXSTATS,1700957380000,1700957385000,2,9.2,,1073741824.0,,,0.0008982455601472222,0.0008982455601472222,0.0,788.342896,
334,NFCORE_CHIPSEQ:CHIPSEQ:ALIGN_BWA_MEM:BAM_SORT_SAMTOOLS:BAM_STATS_SAMTOOLS:SAMTOOLS_FLAGSTAT,1700957379000,1700957389000,2,133.8,,1073741824.0,,,0.01450126646873056,0.01450126646873056,0.0,788.342896,
337,NFCORE_CHIPSEQ:CHIPSEQ:ALIGN_BWA_MEM:BAM_SORT_SAMTOOLS:BAM_STATS_SAMTOOLS:SAMTOOLS_FLAGSTAT,1700957389000,1700957395000,2,144.9,,1073741824.0,,,0.009379843378995834,0.009379843378995834,0.0,788.342896,
328,NFCORE_CHIPSEQ:CHIPSEQ:ALIGN_BWA_MEM:BAM_SORT_SAMTOOLS:SAMTOOLS_SORT,1700957353000,1700957400000,6,308.9,,6374293504.0,,,0.23785351334821964,0.23785351334821964,0.0,788.342896,
331,NFCORE_CHIPSEQ:CHIPSEQ:ALIGN_BWA_MEM:BAM_SORT_SAMTOOLS:SAMTOOLS_SORT,1700957362000,1700957400000,6,430.2,,6374293504.0,,,0.2741823881532419,0.2741823881532419,0.0,788.342896,
338,NFCORE_CHIPSEQ:CHIPSEQ:ALIGN_BWA_MEM:BAM_SORT_SAMTOOLS:BAM_STATS_SAMTOOLS:SAMTOOLS_STATS,1700957384000,1700957400000,2,84.8,,1073741824.0,,,0.037069525350953335,0.037069525350953335,0.0,788.342896,
335,NFCORE_CHIPSEQ:CHIPSEQ:ALIGN_BWA_MEM:BAM_SORT_SAMTOOLS:BAM_STATS_SAMTOOLS:SAMTOOLS_STATS,1700957378000,1700957400000,2,90.5,,1073741824.0,,,0.04841377962439333,0.04841377962439333,0.0,788.342896,
319,NFCORE_CHIPSEQ:CHIPSEQ:ALIGN_BWA_MEM:BWA_MEM,1700957141000,1700957400000,10,1014.4,,34359738368.0,,,8.287220672731435,8.287220672731435,0.0,788.796488,
320,NFCORE_CHIPSEQ:CHIPSEQ:ALIGN_BWA_MEM:BWA_MEM,1700957278000,1700957400000,10,1014.5,,34359738368.0,,,8.683119035091355,8.683119035091355,0.0,788.796488,
324,NFCORE_CHIPSEQ:CHIPSEQ:ALIGN_BWA_MEM:BWA_MEM,1700957331000,1700957400000,10,1013.8,,34359738368.0,,,10.04149483511592,10.04149483511592,0.0,789.023284,
288,NFCORE_CHIPSEQ:CHIPSEQ:ALIGN_BWA_MEM:BWA_MEM,1700957364000,1700957400000,10,1008.8,,34359738368.0,,,11.046712033821096,11.046712033821096,0.0,789.023284,
340,NFCORE_CHIPSEQ:CHIPSEQ:ALIGN_BWA_MEM:BAM_SORT_SAMTOOLS:SAMTOOLS_INDEX,1700957422000,1700957436000,2,152.3,,1073741824.0,,,0.022942653325279724,0.022942653325279724,0.0,788.342896,
344,NFCORE_CHIPSEQ:CHIPSEQ:ALIGN_BWA_MEM:BAM_SORT_SAMTOOLS:BAM_STATS_SAMTOOLS:SAMTOOLS_IDXSTATS,1700957441000,1700957442000,2,7.4,,1073741824.0,,,0.00016129550398194444,0.00016129550398194444,0.0,788.342896,
341,NFCORE_CHIPSEQ:CHIPSEQ:ALIGN_BWA_MEM:BAM_SORT_SAMTOOLS:SAMTOOLS_INDEX,1700957423000,1700957445000,2,87.6,,1073741824.0,,,0.02153911555371889,0.02153911555371889,0.0,788.342896,
343,NFCORE_CHIPSEQ:CHIPSEQ:ALIGN_BWA_MEM:BAM_SORT_SAMTOOLS:BAM_STATS_SAMTOOLS:SAMTOOLS_FLAGSTAT,1700957442000,1700957454000,2,129.2,,1073741824.0,,,0.016838675782353332,0.016838675782353332,0.0,788.342896,
347,NFCORE_CHIPSEQ:CHIPSEQ:ALIGN_BWA_MEM:BAM_SORT_SAMTOOLS:BAM_STATS_SAMTOOLS:SAMTOOLS_IDXSTATS,1700957454000,1700957457000,2,4.1,,1073741824.0,,,0.0003829416676845833,0.0003829416676845833,0.0,788.342896,
325,NFCORE_CHIPSEQ:CHIPSEQ:ALIGN_BWA_MEM:BAM_SORT_SAMTOOLS:SAMTOOLS_SORT,1700957421000,1700957478000,6,374.9,,6374293504.0,,,0.2469382756015599,0.2469382756015599,0.0,788.342896,
348,NFCORE_CHIPSEQ:CHIPSEQ:ALIGN_BWA_MEM:BAM_SORT_SAMTOOLS:BAM_STATS_SAMTOOLS:SAMTOOLS_FLAGSTAT,1700957457000,1700957478000,2,137.3,,1073741824.0,,,0.031202098579607086,0.031202098579607086,0.0,788.342896,
339,NFCORE_CHIPSEQ:CHIPSEQ:ALIGN_BWA_MEM:BAM_SORT_SAMTOOLS:SAMTOOLS_SORT,1700957423000,1700957478000,6,348.6,,6374293504.0,,,0.22352461134731025,0.22352461134731025,0.0,788.342896,
350,NFCORE_CHIPSEQ:CHIPSEQ:ALIGN_BWA_MEM:BAM_SORT_SAMTOOLS:SAMTOOLS_INDEX,1700957480000,1700957492000,2,149.0,,1073741824.0,,,0.019261352044623332,0.019261352044623332,0.0,788.342896,
345,NFCORE_CHIPSEQ:CHIPSEQ:ALIGN_BWA_MEM:BAM_SORT_SAMTOOLS:BAM_STATS_SAMTOOLS:SAMTOOLS_STATS,1700957441000,1700957497000,2,91.4,,1073741824.0,,,0.05699664392045555,0.05699664392045555,0.0,788.342896,
346,NFCORE_CHIPSEQ:CHIPSEQ:ALIGN_BWA_MEM:BAM_SORT_SAMTOOLS:BAM_STATS_SAMTOOLS:SAMTOOLS_STATS,1700957454000,1700957501000,2,126.1,,1073741824.0,,,0.06446585754059458,0.06446585754059458,0.0,788.342896,
352,NFCORE_CHIPSEQ:CHIPSEQ:ALIGN_BWA_MEM:BAM_SORT_SAMTOOLS:SAMTOOLS_INDEX,1700957494000,1700957511000,2,106.1,,1073741824.0,,,0.01985064520263764,0.01985064520263764,0.0,788.342896,
355,NFCORE_CHIPSEQ:CHIPSEQ:ALIGN_BWA_MEM:BAM_SORT_SAMTOOLS:BAM_STATS_SAMTOOLS:SAMTOOLS_FLAGSTAT,1700957499000,1700957519000,2,81.7,,1073741824.0,,,0.01837783316774167,0.01837783316774167,0.0,788.342896,
353,NFCORE_CHIPSEQ:CHIPSEQ:ALIGN_BWA_MEM:BAM_SORT_SAMTOOLS:BAM_STATS_SAMTOOLS:SAMTOOLS_IDXSTATS,1700957499000,1700957503000,2,3.1,,1073741824.0,,,0.00046980309458499996,0.00046980309458499996,0.0,788.342896,
332,NFCORE_CHIPSEQ:CHIPSEQ:ALIGN_BWA_MEM:BAM_SORT_SAMTOOLS:SAMTOOLS_SORT,1700957483000,1700957539000,6,346.7,,6374293504.0,,,0.22650379302540302,0.22650379302540302,0.0,788.342896,
358,NFCORE_CHIPSEQ:CHIPSEQ:ALIGN_BWA_MEM:BAM_SORT_SAMTOOLS:BAM_STATS_SAMTOOLS:SAMTOOLS_FLAGSTAT,1700957524000,1700957541000,2,98.4,,1073741824.0,,,0.01851593003962778,0.01851593003962778,0.0,788.342896,
349,NFCORE_CHIPSEQ:CHIPSEQ:ALIGN_BWA_MEM:BAM_SORT_SAMTOOLS:SAMTOOLS_SORT,1700957481000,1700957560000,6,332.1,,6374293504.0,,,0.3077715524105265,0.3077715524105265,0.0,788.342896,
351,NFCORE_CHIPSEQ:CHIPSEQ:ALIGN_BWA_MEM:BAM_SORT_SAMTOOLS:SAMTOOLS_SORT,1700957497000,1700957563000,6,347.6,,6374293504.0,,,0.26755656798836397,0.26755656798836397,0.0,788.342896,
354,NFCORE_CHIPSEQ:CHIPSEQ:ALIGN_BWA_MEM:BAM_SORT_SAMTOOLS:BAM_STATS_SAMTOOLS:SAMTOOLS_STATS,1700957499000,1700957560000,2,129.3,,1073741824.0,,,0.08565880023201265,0.08565880023201265,0.0,788.342896,
359,NFCORE_CHIPSEQ:CHIPSEQ:ALIGN_BWA_MEM:BAM_SORT_SAMTOOLS:BAM_STATS_SAMTOOLS:SAMTOOLS_STATS,1700957524000,1700957561000,2,130.4,,1073741824.0,,,0.052371972660761115,0.052371972660761115,0.0,788.342896,
360,NFCORE_CHIPSEQ:CHIPSEQ:ALIGN_BWA_MEM:BAM_SORT_SAMTOOLS:BAM_STATS_SAMTOOLS:SAMTOOLS_IDXSTATS,1700957524000,1700957560000,2,0.1,,1073741824.0,,,0.0031270113684149993,0.0031270113684149993,0.0,788.342896,
362,NFCORE_CHIPSEQ:CHIPSEQ:ALIGN_BWA_MEM:BAM_SORT_SAMTOOLS:SAMTOOLS_INDEX,1700957551000,1700957580000,2,79.9,,1073741824.0,,,0.026115603459847914,0.026115603459847914,0.0,788.342896,
369,NFCORE_CHIPSEQ:CHIPSEQ:ALIGN_BWA_MEM:BAM_SORT_SAMTOOLS:BAM_STATS_SAMTOOLS:SAMTOOLS_IDXSTATS,1700957584000,1700957586000,2,3.0,,1073741824.0,,,0.00023286225750944443,0.00023286225750944443,0.0,788.342896,
367,NFCORE_CHIPSEQ:CHIPSEQ:ALIGN_BWA_MEM:BAM_SORT_SAMTOOLS:SAMTOOLS_INDEX,1700957572000,1700957593000,2,90.3,,1073741824.0,,,0.021138203500227916,0.021138203500227916,0.0,788.342896,
342,NFCORE_CHIPSEQ:CHIPSEQ:ALIGN_BWA_MEM:BAM_SORT_SAMTOOLS:SAMTOOLS_SORT,1700957543000,1700957602000,6,355.2,,6374293504.0,,,0.24375144392563292,0.24375144392563292,0.0,788.342896,
366,NFCORE_CHIPSEQ:CHIPSEQ:ALIGN_BWA_MEM:BAM_SORT_SAMTOOLS:SAMTOOLS_INDEX,1700957571000,1700957609000,2,47.1,,1073741824.0,,,0.021511591984901948,0.021511591984901948,0.0,788.342896,
371,NFCORE_CHIPSEQ:CHIPSEQ:ALIGN_BWA_MEM:BAM_SORT_SAMTOOLS:BAM_STATS_SAMTOOLS:SAMTOOLS_FLAGSTAT,1700957584000,1700957598000,2,106.0,,1073741824.0,,,0.016333315138396663,0.016333315138396663,0.0,788.342896,
374,NFCORE_CHIPSEQ:CHIPSEQ:ALIGN_BWA_MEM:BAM_SORT_SAMTOOLS:BAM_STATS_SAMTOOLS:SAMTOOLS_IDXSTATS,1700957599000,1700957600000,2,79.5,,1073741824.0,,,0.0008964594707734721,0.0008964594707734721,0.0,788.342896,
378,NFCORE_CHIPSEQ:CHIPSEQ:ALIGN_BWA_MEM:BAM_SORT_SAMTOOLS:BAM_STATS_SAMTOOLS:SAMTOOLS_IDXSTATS,1700957615000,1700957617000,2,11.9,,1073741824.0,,,0.00041435904820138895,0.00041435904820138895,0.0,788.342896,
357,NFCORE_CHIPSEQ:CHIPSEQ:ALIGN_BWA_MEM:BAM_SORT_SAMTOOLS:SAMTOOLS_SORT,1700957541000,1700957632000,6,296.3,,6374293504.0,,,0.32130367036124996,0.32130367036124996,0.0,788.342896,
361,NFCORE_CHIPSEQ:CHIPSEQ:ALIGN_BWA_MEM:BAM_SORT_SAMTOOLS:SAMTOOLS_SORT,1700957559000,1700957632000,6,368.7,,6374293504.0,,,0.31163937000890796,0.31163937000890796,0.0,788.342896,
363,NFCORE_CHIPSEQ:CHIPSEQ:ALIGN_BWA_MEM:BAM_SORT_SAMTOOLS:SAMTOOLS_SORT,1700957567000,1700957632000,6,365.4,,6374293504.0,,,0.2752999719895772,0.2752999719895772,0.0,788.342896,
372,NFCORE_CHIPSEQ:CHIPSEQ:ALIGN_BWA_MEM:BAM_SORT_SAMTOOLS:BAM_STATS_SAMTOOLS:SAMTOOLS_FLAGSTAT,1700957599000,1700957636000,2,42.5,,1073741824.0,,,0.019210061853603196,0.019210061853603196,0.0,788.342896,
364,NFCORE_CHIPSEQ:CHIPSEQ:ALIGN_BWA_MEM:BAM_SORT_SAMTOOLS:SAMTOOLS_SORT,1700957569000,1700957641000,6,374.0,,6374293504.0,,,0.3112613024491025,0.3112613024491025,0.0,788.342896,
370,NFCORE_CHIPSEQ:CHIPSEQ:ALIGN_BWA_MEM:BAM_SORT_SAMTOOLS:BAM_STATS_SAMTOOLS:SAMTOOLS_STATS,1700957585000,1700957641000,2,130.4,,1073741824.0,,,0.07926568835142223,0.07926568835142223,0.0,788.342896,
377,NFCORE_CHIPSEQ:CHIPSEQ:ALIGN_BWA_MEM:BAM_SORT_SAMTOOLS:BAM_STATS_SAMTOOLS:SAMTOOLS_FLAGSTAT,1700957615000,1700957642000,2,50.7,,1073741824.0,,,0.016275647034363752,0.016275647034363752,0.0,788.342896,
379,NFCORE_CHIPSEQ:CHIPSEQ:ALIGN_BWA_MEM:BAM_SORT_SAMTOOLS:SAMTOOLS_INDEX,1700957636000,1700957648000,2,155.5,,1073741824.0,,,0.020056675060015,0.020056675060015,0.0,788.342896,
380,NFCORE_CHIPSEQ:CHIPSEQ:ALIGN_BWA_MEM:BAM_SORT_SAMTOOLS:SAMTOOLS_INDEX,1700957636000,1700957651000,2,125.1,,1073741824.0,,,0.020421263119652085,0.020421263119652085,0.0,788.342896,
383,NFCORE_CHIPSEQ:CHIPSEQ:ALIGN_BWA_MEM:BAM_SORT_SAMTOOLS:SAMTOOLS_INDEX,1700957644000,1700957653000,2,156.8,,1073741824.0,,,0.015161804747320002,0.015161804747320002,0.0,788.342896,
375,NFCORE_CHIPSEQ:CHIPSEQ:ALIGN_BWA_MEM:BAM_SORT_SAMTOOLS:SAMTOOLS_INDEX,1700957613000,1700957653000,2,47.5,,1073741824.0,,,0.02280692421938334,0.02280692421938334,0.0,788.342896,
381,NFCORE_CHIPSEQ:CHIPSEQ:ALIGN_BWA_MEM:BAM_SORT_SAMTOOLS:SAMTOOLS_INDEX,1700957636000,1700957653000,2,97.5,,1073741824.0,,,0.01835992437122403,0.01835992437122403,0.0,788.342896,
384,NFCORE_CHIPSEQ:CHIPSEQ:ALIGN_BWA_MEM:BAM_SORT_SAMTOOLS:BAM_STATS_SAMTOOLS:SAMTOOLS_IDXSTATS,1700957653000,1700957654000,2,6.7,,1073741824.0,,,0.00015415798974125,0.00015415798974125,0.0,788.342896,
388,NFCORE_CHIPSEQ:CHIPSEQ:ALIGN_BWA_MEM:BAM_SORT_SAMTOOLS:BAM_STATS_SAMTOOLS:SAMTOOLS_IDXSTATS,1700957654000,1700957656000,2,4.1,,1073741824.0,,,0.00025529444512305553,0.00025529444512305553,0.0,788.342896,
376,NFCORE_CHIPSEQ:CHIPSEQ:ALIGN_BWA_MEM:BAM_SORT_SAMTOOLS:BAM_STATS_SAMTOOLS:SAMTOOLS_STATS,1700957615000,1700957671000,2,127.4,,1073741824.0,,,0.07755268493365555,0.07755268493365555,0.0,788.342896,
392,NFCORE_CHIPSEQ:CHIPSEQ:ALIGN_BWA_MEM:BAM_SORT_SAMTOOLS:BAM_STATS_SAMTOOLS:SAMTOOLS_IDXSTATS,1700957656000,1700957663000,2,0.8,,1073741824.0,,,0.0006579925879877778,0.0006579925879877778,0.0,788.342896,
394,NFCORE_CHIPSEQ:CHIPSEQ:ALIGN_BWA_MEM:BAM_SORT_SAMTOOLS:BAM_STATS_SAMTOOLS:SAMTOOLS_IDXSTATS,1700957666000,1700957667000,2,19.6,,1073741824.0,,,0.00028569218074833333,0.00028569218074833333,0.0,788.342896,
393,NFCORE_CHIPSEQ:CHIPSEQ:ALIGN_BWA_MEM:BAM_SORT_SAMTOOLS:BAM_STATS_SAMTOOLS:SAMTOOLS_FLAGSTAT,1700957665000,1700957677000,2,137.8,,1073741824.0,,,0.017890949310410003,0.017890949310410003,0.0,788.342896,
398,NFCORE_CHIPSEQ:CHIPSEQ:ALIGN_BWA_MEM:BAM_SORT_SAMTOOLS:BAM_STATS_SAMTOOLS:SAMTOOLS_IDXSTATS,1700957666000,1700957667000,2,16.7,,1073741824.0,,,0.0002561224788940278,0.0002561224788940278,0.0,788.342896,
373,NFCORE_CHIPSEQ:CHIPSEQ:ALIGN_BWA_MEM:BAM_SORT_SAMTOOLS:BAM_STATS_SAMTOOLS:SAMTOOLS_STATS,1700957599000,1700957686000,2,63.6,,1073741824.0,,,0.06388722617278833,0.06388722617278833,0.0,788.342896,
385,NFCORE_CHIPSEQ:CHIPSEQ:ALIGN_BWA_MEM:BAM_SORT_SAMTOOLS:BAM_STATS_SAMTOOLS:SAMTOOLS_FLAGSTAT,1700957653000,1700957686000,2,58.9,,1073741824.0,,,0.02265161656291875,0.02265161656291875,0.0,788.342896,
387,NFCORE_CHIPSEQ:CHIPSEQ:ALIGN_BWA_MEM:BAM_SORT_SAMTOOLS:BAM_STATS_SAMTOOLS:SAMTOOLS_FLAGSTAT,1700957654000,1700957686000,2,56.5,,1073741824.0,,,0.021182116663106668,0.021182116663106668,0.0,788.342896,
391,NFCORE_CHIPSEQ:CHIPSEQ:ALIGN_BWA_MEM:BAM_SORT_SAMTOOLS:BAM_STATS_SAMTOOLS:SAMTOOLS_FLAGSTAT,1700957656000,1700957681000,2,73.9,,1073741824.0,,,0.020983983921197918,0.020983983921197918,0.0,788.342896,
397,NFCORE_CHIPSEQ:CHIPSEQ:ALIGN_BWA_MEM:BAM_SORT_SAMTOOLS:BAM_STATS_SAMTOOLS:SAMTOOLS_FLAGSTAT,1700957667000,1700957690000,2,61.0,,1073741824.0,,,0.01627997881433917,0.01627997881433917,0.0,788.342896,
390,NFCORE_CHIPSEQ:CHIPSEQ:ALIGN_BWA_MEM:BAM_SORT_SAMTOOLS:BAM_STATS_SAMTOOLS:SAMTOOLS_STATS,1700957655000,1700957700000,2,122.5,,1073741824.0,,,0.060070804835868755,0.060070804835868755,0.0,788.342896,
396,NFCORE_CHIPSEQ:CHIPSEQ:ALIGN_BWA_MEM:BAM_SORT_SAMTOOLS:BAM_STATS_SAMTOOLS:SAMTOOLS_STATS,1700957667000,1700957700000,2,127.9,,1073741824.0,,,0.04865206494438125,0.04865206494438125,0.0,788.796488,
356,NFCORE_CHIPSEQ:CHIPSEQ:ALIGN_BWA_MEM:BAM_SORT_SAMTOOLS:SAMTOOLS_SORT,1700957587000,1700957700000,6,184.5,,6374293504.0,,,0.28452725007736646,0.28452725007736646,0.0,788.796488,
365,NFCORE_CHIPSEQ:CHIPSEQ:ALIGN_BWA_MEM:BAM_SORT_SAMTOOLS:SAMTOOLS_SORT,1700957586000,1700957700000,6,182.9,,6374293504.0,,,0.28496026581930106,0.28496026581930106,0.0,788.796488,
368,NFCORE_CHIPSEQ:CHIPSEQ:ALIGN_BWA_MEM:BAM_SORT_SAMTOOLS:SAMTOOLS_SORT,1700957610000,1700957700000,6,222.5,,6374293504.0,,,0.26673709972744686,0.26673709972744686,0.0,788.796488,
382,NFCORE_CHIPSEQ:CHIPSEQ:ALIGN_BWA_MEM:BAM_SORT_SAMTOOLS:SAMTOOLS_SORT,1700957643000,1700957700000,6,354.1,,6374293504.0,,,0.2678486104275816,0.2678486104275816,0.0,788.796488,
386,NFCORE_CHIPSEQ:CHIPSEQ:ALIGN_BWA_MEM:BAM_SORT_SAMTOOLS:BAM_STATS_SAMTOOLS:SAMTOOLS_STATS,1700957653000,1700957700000,2,121.7,,1073741824.0,,,0.06368550827436098,0.06368550827436098,0.0,788.796488,
389,NFCORE_CHIPSEQ:CHIPSEQ:ALIGN_BWA_MEM:BAM_SORT_SAMTOOLS:BAM_STATS_SAMTOOLS:SAMTOOLS_STATS,1700957654000,1700957700000,2,120.0,,1073741824.0,,,0.06285496490327556,0.06285496490327556,0.0,788.796488,
395,NFCORE_CHIPSEQ:CHIPSEQ:ALIGN_BWA_MEM:BAM_SORT_SAMTOOLS:BAM_STATS_SAMTOOLS:SAMTOOLS_STATS,1700957665000,1700957700000,2,129.7,,1073741824.0,,,0.05775089319588959,0.05775089319588959,0.0,788.796488,
399,NFCORE_CHIPSEQ:CHIPSEQ:ALIGN_BWA_MEM:BAM_SORT_SAMTOOLS:SAMTOOLS_SORT,1700957694000,1700957700000,6,347.7,,6374293504.0,,,0.22730810297010481,0.22730810297010481,0.0,788.796488,
216,NFCORE_CHIPSEQ:CHIPSEQ:ALIGN_BWA_MEM:BWA_MEM,1700957563000,1700957700000,10,1001.4,,34359738368.0,,,5.615080855833242,5.615080855833242,0.0,788.796488,
281,NFCORE_CHIPSEQ:CHIPSEQ:ALIGN_BWA_MEM:BWA_MEM,1700957425000,1700957700000,10,1015.3,,34359738368.0,,,8.07436549810004,8.07436549810004,0.0,789.023284,
308,NFCORE_CHIPSEQ:CHIPSEQ:ALIGN_BWA_MEM:BWA_MEM,1700957465000,1700957700000,10,1016.9,,34359738368.0,,,8.19007162524661,8.19007162524661,0.0,789.023284,
282,NFCORE_CHIPSEQ:CHIPSEQ:ALIGN_BWA_MEM:BWA_MEM,1700957512000,1700957700000,10,1004.3,,34359738368.0,,,8.591628471774746,8.591628471774746,0.0,789.023284,
303,NFCORE_CHIPSEQ:CHIPSEQ:ALIGN_BWA_MEM:BWA_MEM,1700957484000,1700957700000,10,989.6,,34359738368.0,,,8.851916652485059,8.851916652485059,0.0,789.023284,
242,NFCORE_CHIPSEQ:CHIPSEQ:ALIGN_BWA_MEM:BWA_MEM,1700957407000,1700957700000,10,1008.5,,34359738368.0,,,10.444691769722581,10.444691769722581,0.0,789.023284,
231,NFCORE_CHIPSEQ:CHIPSEQ:ALIGN_BWA_MEM:BWA_MEM,1700957563000,1700957700000,10,1008.1,,34359738368.0,,,8.46153387098424,8.46153387098424,0.0,789.023284,
283,NFCORE_CHIPSEQ:CHIPSEQ:ALIGN_BWA_MEM:BWA_MEM,1700957645000,1700957700000,10,1016.7,,34359738368.0,,,7.797651775279935,7.797651775279935,0.0,789.023284,
240,NFCORE_CHIPSEQ:CHIPSEQ:ALIGN_BWA_MEM:BWA_MEM,1700957685000,1700957700000,10,1012.5,,34359738368.0,,,9.146806455452598,9.146806455452598,0.0,789.1366820000001,
400,NFCORE_CHIPSEQ:CHIPSEQ:ALIGN_BWA_MEM:BAM_SORT_SAMTOOLS:SAMTOOLS_INDEX,1700957712000,1700957750000,2,46.6,,1073741824.0,,,0.02134239093935,0.02134239093935,0.0,789.25008,
401,NFCORE_CHIPSEQ:CHIPSEQ:ALIGN_BWA_MEM:BAM_SORT_SAMTOOLS:SAMTOOLS_INDEX,1700957713000,1700957749000,2,48.6,,1073741824.0,,,0.020954096342700002,0.020954096342700002,0.0,789.25008,
402,NFCORE_CHIPSEQ:CHIPSEQ:ALIGN_BWA_MEM:BAM_SORT_SAMTOOLS:SAMTOOLS_INDEX,1700957720000,1700957751000,2,49.8,,1073741824.0,,,0.01842354957144167,0.01842354957144167,0.0,789.25008,
403,NFCORE_CHIPSEQ:CHIPSEQ:ALIGN_BWA_MEM:BAM_SORT_SAMTOOLS:SAMTOOLS_INDEX,1700957720000,1700957750000,2,106.1,,1073741824.0,,,0.035070861692875,0.035070861692875,0.0,789.25008,
417,NFCORE_CHIPSEQ:CHIPSEQ:ALIGN_BWA_MEM:BAM_SORT_SAMTOOLS:BAM_STATS_SAMTOOLS:SAMTOOLS_IDXSTATS,1700957753000,1700957756000,2,3.6,,1073741824.0,,,0.00036807006335,0.00036807006335,0.0,789.25008,
406,NFCORE_CHIPSEQ:CHIPSEQ:ALIGN_BWA_MEM:BAM_SORT_SAMTOOLS:SAMTOOLS_INDEX,1700957753000,1700957765000,2,136.9,,1073741824.0,,,0.01780128891375,0.01780128891375,0.0,789.25008,
409,NFCORE_CHIPSEQ:CHIPSEQ:ALIGN_BWA_MEM:BAM_SORT_SAMTOOLS:BAM_STATS_SAMTOOLS:SAMTOOLS_IDXSTATS,1700957761000,1700957764000,2,11.7,,1073741824.0,,,0.0006161288970875001,0.0006161288970875001,0.0,789.25008,
418,NFCORE_CHIPSEQ:CHIPSEQ:ALIGN_BWA_MEM:BAM_SORT_SAMTOOLS:BAM_STATS_SAMTOOLS:SAMTOOLS_FLAGSTAT,1700957753000,1700957769000,2,117.5,,1073741824.0,,,0.020566432049933334,0.020566432049933334,0.0,789.25008,
414,NFCORE_CHIPSEQ:CHIPSEQ:ALIGN_BWA_MEM:BAM_SORT_SAMTOOLS:BAM_STATS_SAMTOOLS:SAMTOOLS_FLAGSTAT,1700957753000,1700957777000,2,62.5,,1073741824.0,,,0.0173748472299,0.0173748472299,0.0,789.25008,
421,NFCORE_CHIPSEQ:CHIPSEQ:ALIGN_BWA_MEM:BAM_SORT_SAMTOOLS:BAM_STATS_SAMTOOLS:SAMTOOLS_IDXSTATS,1700957776000,1700957778000,2,15.3,,1073741824.0,,,0.00048425151175833335,0.00048425151175833335,0.0,789.25008,
408,NFCORE_CHIPSEQ:CHIPSEQ:ALIGN_BWA_MEM:BAM_SORT_SAMTOOLS:BAM_STATS_SAMTOOLS:SAMTOOLS_FLAGSTAT,1700957754000,1700957780000,2,65.2,,1073741824.0,,,0.019539365574300006,0.019539365574300006,0.0,789.25008,
412,NFCORE_CHIPSEQ:CHIPSEQ:ALIGN_BWA_MEM:BAM_SORT_SAMTOOLS:BAM_STATS_SAMTOOLS:SAMTOOLS_IDXSTATS,1700957786000,1700957791000,2,50.0,,1073741824.0,,,0.002981748435916667,0.002981748435916667,0.0,789.25008,
419,NFCORE_CHIPSEQ:CHIPSEQ:ALIGN_BWA_MEM:BAM_SORT_SAMTOOLS:BAM_STATS_SAMTOOLS:SAMTOOLS_FLAGSTAT,1700957777000,1700957797000,2,132.8,,1073741824.0,,,0.028831743894666674,0.028831743894666674,0.0,789.25008,
407,NFCORE_CHIPSEQ:CHIPSEQ:ALIGN_BWA_MEM:BAM_SORT_SAMTOOLS:BAM_STATS_SAMTOOLS:SAMTOOLS_STATS,1700957754000,1700957800000,2,124.4,,1073741824.0,,,0.062368569255833346,0.062368569255833346,0.0,789.25008,
410,NFCORE_CHIPSEQ:CHIPSEQ:ALIGN_BWA_MEM:BAM_SORT_SAMTOOLS:BAM_STATS_SAMTOOLS:SAMTOOLS_FLAGSTAT,1700957769000,1700957803000,2,42.0,,1073741824.0,,,0.017499263735566664,0.017499263735566664,0.0,789.25008,
413,NFCORE_CHIPSEQ:CHIPSEQ:ALIGN_BWA_MEM:BAM_SORT_SAMTOOLS:BAM_STATS_SAMTOOLS:SAMTOOLS_IDXSTATS,1700957807000,1700957812000,2,28.5,,1073741824.0,,,0.0018843688216458336,0.0018843688216458336,0.0,789.25008,
404,NFCORE_CHIPSEQ:CHIPSEQ:ALIGN_BWA_MEM:BAM_SORT_SAMTOOLS:SAMTOOLS_SORT,1700957752000,1700957815000,6,324.2,,6374293504.0,,,0.24063989840054067,0.24063989840054067,0.0,789.25008,
416,NFCORE_CHIPSEQ:CHIPSEQ:ALIGN_BWA_MEM:BAM_SORT_SAMTOOLS:BAM_STATS_SAMTOOLS:SAMTOOLS_STATS,1700957753000,1700957821000,2,101.0,,1073741824.0,,,0.07595375549396668,0.07595375549396668,0.0,789.25008,
420,NFCORE_CHIPSEQ:CHIPSEQ:ALIGN_BWA_MEM:BAM_SORT_SAMTOOLS:BAM_STATS_SAMTOOLS:SAMTOOLS_STATS,1700957778000,1700957826000,2,104.3,,1073741824.0,,,0.0552313917442,0.0552313917442,0.0,789.25008,
422,NFCORE_CHIPSEQ:CHIPSEQ:ALIGN_BWA_MEM:BAM_SORT_SAMTOOLS:SAMTOOLS_SORT,1700957781000,1700957826000,6,460.2,,6374293504.0,,,0.2343597183596719,0.2343597183596719,0.0,789.25008,
424,NFCORE_CHIPSEQ:CHIPSEQ:ALIGN_BWA_MEM:BAM_SORT_SAMTOOLS:SAMTOOLS_INDEX,1700957823000,1700957841000,2,150.7,,1073741824.0,,,0.029237645893275,0.029237645893275,0.0,789.25008,
411,NFCORE_CHIPSEQ:CHIPSEQ:ALIGN_BWA_MEM:BAM_SORT_SAMTOOLS:BAM_STATS_SAMTOOLS:SAMTOOLS_STATS,1700957796000,1700957849000,2,102.0,,1073741824.0,,,0.05974028427588333,0.05974028427588333,0.0,789.25008,
426,NFCORE_CHIPSEQ:CHIPSEQ:ALIGN_BWA_MEM:BAM_SORT_SAMTOOLS:BAM_STATS_SAMTOOLS:SAMTOOLS_IDXSTATS,1700957849000,1700957849000,2,31.7,,1073741824.0,,,0.0,0.0,0.0,789.25008,
405,NFCORE_CHIPSEQ:CHIPSEQ:ALIGN_BWA_MEM:BAM_SORT_SAMTOOLS:SAMTOOLS_SORT,1700957786000,1700957859000,6,319.0,,6374293504.0,,,0.2749616816092844,0.2749616816092844,0.0,789.25008,
415,NFCORE_CHIPSEQ:CHIPSEQ:ALIGN_BWA_MEM:BAM_SORT_SAMTOOLS:BAM_STATS_SAMTOOLS:SAMTOOLS_STATS,1700957807000,1700957859000,2,129.4,,1073741824.0,,,0.0731577274675,0.0731577274675,0.0,789.25008,
428,NFCORE_CHIPSEQ:CHIPSEQ:ALIGN_BWA_MEM:BAM_SORT_SAMTOOLS:BAM_STATS_SAMTOOLS:SAMTOOLS_FLAGSTAT,1700957848000,1700957864000,2,105.6,,1073741824.0,,,0.018622794109866666,0.018622794109866666,0.0,789.25008,
425,NFCORE_CHIPSEQ:CHIPSEQ:ALIGN_BWA_MEM:BAM_SORT_SAMTOOLS:SAMTOOLS_INDEX,1700957827000,1700957865000,2,47.8,,1073741824.0,,,0.02180788405945,0.02180788405945,0.0,789.25008,
432,NFCORE_CHIPSEQ:CHIPSEQ:ALIGN_BWA_MEM:BAM_SORT_SAMTOOLS:BAM_STATS_SAMTOOLS:SAMTOOLS_IDXSTATS,1700957872000,1700957877000,2,63.2,,1073741824.0,,,0.003655488478166667,0.003655488478166667,0.0,789.25008,
423,NFCORE_CHIPSEQ:CHIPSEQ:ALIGN_BWA_MEM:BAM_SORT_SAMTOOLS:SAMTOOLS_SORT,1700957823000,1700957884000,6,370.5,,6374293504.0,,,0.26183150626362606,0.26183150626362606,0.0,789.25008,
427,NFCORE_CHIPSEQ:CHIPSEQ:ALIGN_BWA_MEM:BAM_SORT_SAMTOOLS:BAM_STATS_SAMTOOLS:SAMTOOLS_STATS,1700957848000,1700957888000,2,131.8,,1073741824.0,,,0.05725516049100001,0.05725516049100001,0.0,789.25008,
430,NFCORE_CHIPSEQ:CHIPSEQ:ALIGN_BWA_MEM:BAM_SORT_SAMTOOLS:SAMTOOLS_INDEX,1700957866000,1700957889000,2,71.7,,1073741824.0,,,0.018810946670170837,0.018810946670170837,0.0,789.25008,
431,NFCORE_CHIPSEQ:CHIPSEQ:ALIGN_BWA_MEM:BAM_SORT_SAMTOOLS:BAM_STATS_SAMTOOLS:SAMTOOLS_FLAGSTAT,1700957872000,1700957896000,2,85.7,,1073741824.0,,,0.023058763222700004,0.023058763222700004,0.0,789.25008,
437,NFCORE_CHIPSEQ:CHIPSEQ:ALIGN_BWA_MEM:BAM_SORT_SAMTOOLS:BAM_STATS_SAMTOOLS:SAMTOOLS_IDXSTATS,1700957899000,1700957907000,2,0.8,,1073741824.0,,,0.0007528568818666667,0.0007528568818666667,0.0,789.25008,
433,NFCORE_CHIPSEQ:CHIPSEQ:ALIGN_BWA_MEM:BAM_SORT_SAMTOOLS:BAM_STATS_SAMTOOLS:SAMTOOLS_STATS,1700957872000,1700957917000,2,128.9,,1073741824.0,,,0.06307988774156251,0.06307988774156251,0.0,789.25008,
435,NFCORE_CHIPSEQ:CHIPSEQ:ALIGN_BWA_MEM:BAM_SORT_SAMTOOLS:SAMTOOLS_INDEX,1700957890000,1700957917000,2,82.8,,1073741824.0,,,0.02514180793905,0.02514180793905,0.0,789.25008,
439,NFCORE_CHIPSEQ:CHIPSEQ:ALIGN_BWA_MEM:BAM_SORT_SAMTOOLS:BAM_STATS_SAMTOOLS:SAMTOOLS_IDXSTATS,1700957921000,1700957923000,2,57.5,,1073741824.0,,,0.001345822111241667,0.001345822111241667,0.0,789.25008,
438,NFCORE_CHIPSEQ:CHIPSEQ:ALIGN_BWA_MEM:BAM_SORT_SAMTOOLS:BAM_STATS_SAMTOOLS:SAMTOOLS_FLAGSTAT,1700957910000,1700957927000,2,114.9,,1073741824.0,,,0.021400632388395836,0.021400632388395836,0.0,789.25008,
429,NFCORE_CHIPSEQ:CHIPSEQ:ALIGN_BWA_MEM:BAM_SORT_SAMTOOLS:SAMTOOLS_SORT,1700957865000,1700957943000,6,316.1,,6374293504.0,,,0.2914855826282563,0.2914855826282563,0.0,789.25008,
436,NFCORE_CHIPSEQ:CHIPSEQ:ALIGN_BWA_MEM:BAM_SORT_SAMTOOLS:BAM_STATS_SAMTOOLS:SAMTOOLS_STATS,1700957897000,1700957946000,2,123.1,,1073741824.0,,,0.0657858234194875,0.0657858234194875,0.0,789.25008,
441,NFCORE_CHIPSEQ:CHIPSEQ:ALIGN_BWA_MEM:BAM_SORT_SAMTOOLS:BAM_STATS_SAMTOOLS:SAMTOOLS_FLAGSTAT,1700957921000,1700957943000,2,112.1,,1073741824.0,,,0.02706611199260834,0.02706611199260834,0.0,789.25008,
443,NFCORE_CHIPSEQ:CHIPSEQ:ALIGN_BWA_MEM:BAM_SORT_SAMTOOLS:SAMTOOLS_INDEX,1700957950000,1700957966000,2,141.6,,1073741824.0,,,0.024502707205866663,0.024502707205866663,0.0,789.25008,
434,NFCORE_CHIPSEQ:CHIPSEQ:ALIGN_BWA_MEM:BAM_SORT_SAMTOOLS:SAMTOOLS_SORT,1700957895000,1700957976000,6,308.9,,6374293504.0,,,0.29674315456579686,0.29674315456579686,0.0,789.25008,
440,NFCORE_CHIPSEQ:CHIPSEQ:ALIGN_BWA_MEM:BAM_SORT_SAMTOOLS:BAM_STATS_SAMTOOLS:SAMTOOLS_STATS,1700957926000,1700957976000,2,128.9,,1073741824.0,,,0.07008876415729168,0.07008876415729168,0.0,789.25008,
444,NFCORE_CHIPSEQ:CHIPSEQ:ALIGN_BWA_MEM:BAM_SORT_SAMTOOLS:BAM_STATS_SAMTOOLS:SAMTOOLS_IDXSTATS,1700957972000,1700957981000,2,1.6,,1073741824.0,,,0.0009204629058,0.0009204629058,0.0,789.25008,
445,NFCORE_CHIPSEQ:CHIPSEQ:ALIGN_BWA_MEM:BAM_SORT_SAMTOOLS:BAM_STATS_SAMTOOLS:SAMTOOLS_FLAGSTAT,1700957972000,1700957991000,2,100.8,,1073741824.0,,,0.021183581765266666,0.021183581765266666,0.0,789.25008,
447,NFCORE_CHIPSEQ:CHIPSEQ:ALIGN_BWA_MEM:BAM_SORT_SAMTOOLS:SAMTOOLS_INDEX,1700957980000,1700957992000,2,159.5,,1073741824.0,,,0.02056974799645,0.02056974799645,0.0,789.25008,
449,NFCORE_CHIPSEQ:CHIPSEQ:ALIGN_BWA_MEM:BAM_SORT_SAMTOOLS:BAM_STATS_SAMTOOLS:SAMTOOLS_IDXSTATS,1700957996000,1700957998000,2,109.4,,1073741824.0,,,0.0024054314504166666,0.0024054314504166666,0.0,789.25008,
442,NFCORE_CHIPSEQ:CHIPSEQ:ALIGN_BWA_MEM:BAM_SORT_SAMTOOLS:SAMTOOLS_SORT,1700957947000,1700958000000,6,376.3,,6374293504.0,,,0.2480370522850969,0.2480370522850969,0.0,789.25008,
448,NFCORE_CHIPSEQ:CHIPSEQ:ALIGN_BWA_MEM:BAM_SORT_SAMTOOLS:BAM_STATS_SAMTOOLS:SAMTOOLS_FLAGSTAT,1700957996000,1700958000000,2,144.7,,1073741824.0,,,0.023445968489812497,0.023445968489812497,0.0,789.25008,
446,NFCORE_CHIPSEQ:CHIPSEQ:ALIGN_BWA_MEM:BAM_SORT_SAMTOOLS:BAM_STATS_SAMTOOLS:SAMTOOLS_STATS,1700957972000,1700958000000,2,121.3,,1073741824.0,,,0.07150642720897499,0.07150642720897499,0.0,789.25008,
450,NFCORE_CHIPSEQ:CHIPSEQ:ALIGN_BWA_MEM:BAM_SORT_SAMTOOLS:BAM_STATS_SAMTOOLS:SAMTOOLS_STATS,1700957996000,1700958000000,2,134.5,,1073741824.0,,,0.07294705524562502,0.07294705524562502,0.0,789.25008,
256,NFCORE_CHIPSEQ:CHIPSEQ:ALIGN_BWA_MEM:BWA_MEM,1700957706000,1700958000000,10,1004.8,,34359738368.0,,,7.622265957330667,7.622265957330667,0.0,789.25008,
223,NFCORE_CHIPSEQ:CHIPSEQ:ALIGN_BWA_MEM:BWA_MEM,1700957709000,1700958000000,10,1002.0,,34359738368.0,,,7.631473765312601,7.631473765312601,0.0,789.25008,
228,NFCORE_CHIPSEQ:CHIPSEQ:ALIGN_BWA_MEM:BWA_MEM,1700957709000,1700958000000,10,1004.1,,34359738368.0,,,7.644078829012151,7.644078829012151,0.0,789.25008,
232,NFCORE_CHIPSEQ:CHIPSEQ:ALIGN_BWA_MEM:BWA_MEM,1700957709000,1700958000000,10,983.5,,34359738368.0,,,7.993653440190104,7.993653440190104,0.0,789.25008,
252,NFCORE_CHIPSEQ:CHIPSEQ:ALIGN_BWA_MEM:BWA_MEM,1700957749000,1700958000000,10,1008.4,,34359738368.0,,,7.956857840985166,7.956857840985166,0.0,789.25008,
251,NFCORE_CHIPSEQ:CHIPSEQ:ALIGN_BWA_MEM:BWA_MEM,1700957736000,1700958000000,10,1006.1,,34359738368.0,,,8.150864567841925,8.150864567841925,0.0,789.25008,
260,NFCORE_CHIPSEQ:CHIPSEQ:ALIGN_BWA_MEM:BWA_MEM,1700957889000,1700958000000,10,1000.4,,34359738368.0,,,6.1441604354409005,6.1441604354409005,0.0,789.25008,
301,NFCORE_CHIPSEQ:CHIPSEQ:ALIGN_BWA_MEM:BWA_MEM,1700957865000,1700958000000,10,1014.1,,34359738368.0,,,7.691000725979621,7.691000725979621,0.0,789.25008,
233,NFCORE_CHIPSEQ:CHIPSEQ:ALIGN_BWA_MEM:BWA_MEM,1700957888000,1700958000000,10,1003.3,,34359738368.0,,,8.106987730595,8.106987730595,0.0,789.25008,
243,NFCORE_CHIPSEQ:CHIPSEQ:ALIGN_BWA_MEM:BWA_MEM,1700957801000,1700958000000,10,1013.9,,34359738368.0,,,9.681028771516713,9.681028771516713,0.0,789.25008,
264,NFCORE_CHIPSEQ:CHIPSEQ:ALIGN_BWA_MEM:BWA_MEM,1700957944000,1700958000000,10,1013.0,,34359738368.0,,,8.03786594851055,8.03786594851055,0.0,789.25008,
452,NFCORE_CHIPSEQ:CHIPSEQ:ALIGN_BWA_MEM:BAM_SORT_SAMTOOLS:SAMTOOLS_INDEX,1700958006000,1700958022000,2,158.8,,1073741824.0,,,0.027311999018400004,0.027311999018400004,0.0,789.25008,
451,NFCORE_CHIPSEQ:CHIPSEQ:ALIGN_BWA_MEM:BAM_SORT_SAMTOOLS:SAMTOOLS_SORT,1700958002000,1700958041000,6,331.5,,6374293504.0,,,0.15187382569860314,0.15187382569860314,0.0,789.25008,
454,NFCORE_CHIPSEQ:CHIPSEQ:ALIGN_BWA_MEM:BAM_SORT_SAMTOOLS:BAM_STATS_SAMTOOLS:SAMTOOLS_IDXSTATS,1700958046000,1700958049000,2,73.6,,1073741824.0,,,0.0025117883796,0.0025117883796,0.0,789.25008,
457,NFCORE_CHIPSEQ:CHIPSEQ:ALIGN_BWA_MEM:BAM_SORT_SAMTOOLS:SAMTOOLS_INDEX,1700958044000,1700958051000,2,157.0,,1073741824.0,,,0.011820376471575,0.011820376471575,0.0,789.25008,
455,NFCORE_CHIPSEQ:CHIPSEQ:ALIGN_BWA_MEM:BAM_SORT_SAMTOOLS:BAM_STATS_SAMTOOLS:SAMTOOLS_FLAGSTAT,1700958037000,1700958055000,2,89.9,,1073741824.0,,,0.018065811010875,0.018065811010875,0.0,789.25008,
460,NFCORE_CHIPSEQ:CHIPSEQ:ALIGN_BWA_MEM:BAM_SORT_SAMTOOLS:BAM_STATS_SAMTOOLS:SAMTOOLS_FLAGSTAT,1700958055000,1700958061000,2,143.6,,1073741824.0,,,0.0093110133917,0.0093110133917,0.0,789.25008,
458,NFCORE_CHIPSEQ:CHIPSEQ:ALIGN_BWA_MEM:BAM_SORT_SAMTOOLS:BAM_STATS_SAMTOOLS:SAMTOOLS_IDXSTATS,1700958056000,1700958061000,2,102.4,,1073741824.0,,,0.005656292239999999,0.005656292239999999,0.0,789.25008,
459,NFCORE_CHIPSEQ:CHIPSEQ:ALIGN_BWA_MEM:BAM_SORT_SAMTOOLS:BAM_STATS_SAMTOOLS:SAMTOOLS_STATS,1700958055000,1700958080000,2,128.4,,1073741824.0,,,0.034916779797916665,0.034916779797916665,0.0,789.25008,
453,NFCORE_CHIPSEQ:CHIPSEQ:ALIGN_BWA_MEM:BAM_SORT_SAMTOOLS:BAM_STATS_SAMTOOLS:SAMTOOLS_STATS,1700958046000,1700958091000,2,126.2,,1073741824.0,,,0.06183959357287501,0.06183959357287501,0.0,789.25008,
456,NFCORE_CHIPSEQ:CHIPSEQ:ALIGN_BWA_MEM:BAM_SORT_SAMTOOLS:SAMTOOLS_SORT,1700958071000,1700958116000,6,472.2,,6374293504.0,,,0.23987213688717188,0.23987213688717188,0.0,789.25008,
463,NFCORE_CHIPSEQ:CHIPSEQ:ALIGN_BWA_MEM:BAM_SORT_SAMTOOLS:SAMTOOLS_INDEX,1700958118000,1700958141000,2,79.2,,1073741824.0,,,0.020571858144233336,0.020571858144233336,0.0,789.25008,
461,NFCORE_CHIPSEQ:CHIPSEQ:ALIGN_BWA_MEM:BAM_SORT_SAMTOOLS:SAMTOOLS_SORT,1700958102000,1700958163000,6,360.6,,6374293504.0,,,0.2556667848770386,0.2556667848770386,0.0,789.25008,
465,NFCORE_CHIPSEQ:CHIPSEQ:ALIGN_BWA_MEM:BAM_SORT_SAMTOOLS:BAM_STATS_SAMTOOLS:SAMTOOLS_FLAGSTAT,1700958151000,1700958183000,2,54.4,,1073741824.0,,,0.020520502080000003,0.020520502080000003,0.0,789.25008,
466,NFCORE_CHIPSEQ:CHIPSEQ:ALIGN_BWA_MEM:BAM_SORT_SAMTOOLS:BAM_STATS_SAMTOOLS:SAMTOOLS_IDXSTATS,1700958180000,1700958183000,2,38.2,,1073741824.0,,,0.0014276794025250002,0.0014276794025250002,0.0,789.25008,
467,NFCORE_CHIPSEQ:CHIPSEQ:ALIGN_BWA_MEM:BAM_SORT_SAMTOOLS:SAMTOOLS_INDEX,1700958178000,1700958197000,2,123.7,,1073741824.0,,,0.025625161952887505,0.025625161952887505,0.0,789.25008,
464,NFCORE_CHIPSEQ:CHIPSEQ:ALIGN_BWA_MEM:BAM_SORT_SAMTOOLS:BAM_STATS_SAMTOOLS:SAMTOOLS_STATS,1700958151000,1700958212000,2,117.6,,1073741824.0,,,0.07847179210336667,0.07847179210336667,0.0,789.25008,
472,NFCORE_CHIPSEQ:CHIPSEQ:ALIGN_BWA_MEM:BAM_SORT_SAMTOOLS:BAM_STATS_SAMTOOLS:SAMTOOLS_FLAGSTAT,1700958200000,1700958214000,2,115.0,,1073741824.0,,,0.01763834165765,0.01763834165765,0.0,789.25008,
470,NFCORE_CHIPSEQ:CHIPSEQ:ALIGN_BWA_MEM:BAM_SORT_SAMTOOLS:BAM_STATS_SAMTOOLS:SAMTOOLS_IDXSTATS,1700958200000,1700958213000,2,4.4,,1073741824.0,,,0.0017011353720833334,0.0017011353720833334,0.0,789.25008,
468,NFCORE_CHIPSEQ:CHIPSEQ:ALIGN_BWA_MEM:BAM_SORT_SAMTOOLS:SAMTOOLS_SORT,1700958182000,1700958234000,6,448.9,,6374293504.0,,,0.2648173465364375,0.2648173465364375,0.0,789.25008,
462,NFCORE_CHIPSEQ:CHIPSEQ:ALIGN_BWA_MEM:BAM_SORT_SAMTOOLS:SAMTOOLS_SORT,1700958166000,1700958239000,6,325.4,,6374293504.0,,,0.2797309444538177,0.2797309444538177,0.0,789.25008,
471,NFCORE_CHIPSEQ:CHIPSEQ:ALIGN_BWA_MEM:BAM_SORT_SAMTOOLS:BAM_STATS_SAMTOOLS:SAMTOOLS_STATS,1700958200000,1700958244000,2,126.4,,1073741824.0,,,0.06055521238800001,0.06055521238800001,0.0,789.25008,
475,NFCORE_CHIPSEQ:CHIPSEQ:ALIGN_BWA_MEM:BAM_SORT_SAMTOOLS:SAMTOOLS_SORT,1700958218000,1700958258000,6,466.5,,6374293504.0,,,0.2108922116325417,0.2108922116325417,0.0,789.25008,
476,NFCORE_CHIPSEQ:CHIPSEQ:ALIGN_BWA_MEM:BAM_SORT_SAMTOOLS:SAMTOOLS_INDEX,1700958240000,1700958258000,2,108.5,,1073741824.0,,,0.021483510497925,0.021483510497925,0.0,789.25008,
478,NFCORE_CHIPSEQ:CHIPSEQ:ALIGN_BWA_MEM:BAM_SORT_SAMTOOLS:SAMTOOLS_INDEX,1700958245000,1700958258000,2,152.3,,1073741824.0,,,0.021328407784720834,0.021328407784720834,0.0,789.25008,
483,NFCORE_CHIPSEQ:CHIPSEQ:ALIGN_BWA_MEM:BAM_SORT_SAMTOOLS:BAM_STATS_SAMTOOLS:SAMTOOLS_IDXSTATS,1700958264000,1700958267000,2,1.1,,1073741824.0,,,0.0002915086949125,0.0002915086949125,0.0,789.25008,
479,NFCORE_CHIPSEQ:CHIPSEQ:ALIGN_BWA_MEM:BAM_SORT_SAMTOOLS:SAMTOOLS_INDEX,1700958263000,1700958278000,2,100.2,,1073741824.0,,,0.016632006698875,0.016632006698875,0.0,789.25008,
484,NFCORE_CHIPSEQ:CHIPSEQ:ALIGN_BWA_MEM:BAM_SORT_SAMTOOLS:BAM_STATS_SAMTOOLS:SAMTOOLS_FLAGSTAT,1700958263000,1700958283000,2,117.1,,1073741824.0,,,0.02562637460275,0.02562637460275,0.0,789.25008,
473,NFCORE_CHIPSEQ:CHIPSEQ:ALIGN_BWA_MEM:BAM_SORT_SAMTOOLS:SAMTOOLS_SORT,1700958214000,1700958294000,6,353.8,,6374293504.0,,,0.32974745022075,0.32974745022075,0.0,789.25008,
480,NFCORE_CHIPSEQ:CHIPSEQ:ALIGN_BWA_MEM:BAM_SORT_SAMTOOLS:BAM_STATS_SAMTOOLS:SAMTOOLS_FLAGSTAT,1700958263000,1700958295000,2,103.0,,1073741824.0,,,0.036396267439200006,0.036396267439200006,0.0,789.25008,
488,NFCORE_CHIPSEQ:CHIPSEQ:ALIGN_BWA_MEM:BAM_SORT_SAMTOOLS:BAM_STATS_SAMTOOLS:SAMTOOLS_IDXSTATS,1700958282000,1700958296000,2,9.4,,1073741824.0,,,0.0025465647112499997,0.0025465647112499997,0.0,789.25008,
469,NFCORE_CHIPSEQ:CHIPSEQ:ALIGN_BWA_MEM:BAM_SORT_SAMTOOLS:SAMTOOLS_SORT,1700958236000,1700958295000,6,399.2,,6374293504.0,,,0.2705323820706948,0.2705323820706948,0.0,789.25008,
477,NFCORE_CHIPSEQ:CHIPSEQ:ALIGN_BWA_MEM:BAM_SORT_SAMTOOLS:SAMTOOLS_SORT,1700958243000,1700958299000,6,435.2,,6374293504.0,,,0.27735619407259166,0.27735619407259166,0.0,789.25008,
481,NFCORE_CHIPSEQ:CHIPSEQ:ALIGN_BWA_MEM:BAM_SORT_SAMTOOLS:BAM_STATS_SAMTOOLS:SAMTOOLS_IDXSTATS,1700958263000,1700958297000,2,0.3,,1073741824.0,,,0.0030261026461416663,0.0030261026461416663,0.0,789.25008,
487,NFCORE_CHIPSEQ:CHIPSEQ:ALIGN_BWA_MEM:BAM_SORT_SAMTOOLS:BAM_STATS_SAMTOOLS:SAMTOOLS_FLAGSTAT,1700958282000,1700958300000,2,105.4,,1073741824.0,,,0.023237659907500003,0.023237659907500003,0.0,789.25008,
490,NFCORE_CHIPSEQ:CHIPSEQ:ALIGN_BWA_MEM:BAM_SORT_SAMTOOLS:SAMTOOLS_INDEX,1700958297000,1700958300000,2,168.7,,1073741824.0,,,0.018080609449875,0.018080609449875,0.0,789.25008,
474,NFCORE_CHIPSEQ:CHIPSEQ:ALIGN_BWA_MEM:BAM_SORT_SAMTOOLS:SAMTOOLS_SORT,1700958216000,1700958300000,6,236.0,,6374293504.0,,,0.27149668877759686,0.27149668877759686,0.0,789.25008,
482,NFCORE_CHIPSEQ:CHIPSEQ:ALIGN_BWA_MEM:BAM_SORT_SAMTOOLS:BAM_STATS_SAMTOOLS:SAMTOOLS_STATS,1700958263000,1700958300000,2,93.7,,1073741824.0,,,0.06254683563675001,0.06254683563675001,0.0,789.25008,
486,NFCORE_CHIPSEQ:CHIPSEQ:ALIGN_BWA_MEM:BAM_SORT_SAMTOOLS:BAM_STATS_SAMTOOLS:SAMTOOLS_STATS,1700958282000,1700958300000,2,127.2,,1073741824.0,,,0.07337433276723333,0.07337433276723333,0.0,789.25008,
489,NFCORE_CHIPSEQ:CHIPSEQ:ALIGN_BWA_MEM:BAM_SORT_SAMTOOLS:SAMTOOLS_SORT,1700958295000,1700958300000,6,441.4,,6374293504.0,,,0.18057887679993748,0.18057887679993748,0.0,789.25008,
485,NFCORE_CHIPSEQ:CHIPSEQ:ALIGN_BWA_MEM:BAM_SORT_SAMTOOLS:BAM_STATS_SAMTOOLS:SAMTOOLS_STATS,1700958264000,1700958300000,2,79.2,,1073741824.0,,,0.08318186119190002,0.08318186119190002,0.0,789.25008,
219,NFCORE_CHIPSEQ:CHIPSEQ:ALIGN_BWA_MEM:BWA_MEM,1700958001000,1700958300000,10,1011.7,,34359738368.0,,,5.806506014835351,5.806506014835351,0.0,789.25008,
262,NFCORE_CHIPSEQ:CHIPSEQ:ALIGN_BWA_MEM:BWA_MEM,1700958029000,1700958300000,10,1012.1,,34359738368.0,,,7.155744338869038,7.155744338869038,0.0,789.25008,
278,NFCORE_CHIPSEQ:CHIPSEQ:ALIGN_BWA_MEM:BWA_MEM,1700958093000,1700958300000,10,1006.6,,34359738368.0,,,6.421647677912192,6.421647677912192,0.0,789.25008,
222,NFCORE_CHIPSEQ:CHIPSEQ:ALIGN_BWA_MEM:BWA_MEM,1700958044000,1700958300000,10,1007.3,,34359738368.0,,,7.299476675247487,7.299476675247487,0.0,797.641532,
298,NFCORE_CHIPSEQ:CHIPSEQ:ALIGN_BWA_MEM:BWA_MEM,1700958261000,1700958300000,10,1013.2,,34359738368.0,,,6.71168206400707,6.71168206400707,0.0,797.641532,
273,NFCORE_CHIPSEQ:CHIPSEQ:ALIGN_BWA_MEM:BWA_MEM,1700958176000,1700958300000,10,1012.8,,34359738368.0,,,9.198978423375216,9.198978423375216,0.0,797.641532,
310,NFCORE_CHIPSEQ:CHIPSEQ:ALIGN_BWA_MEM:BWA_MEM,1700958212000,1700958300000,10,1009.8,,34359738368.0,,,9.09411472882071,9.09411472882071,0.0,802.0640539999999,
279,NFCORE_CHIPSEQ:CHIPSEQ:ALIGN_BWA_MEM:BWA_MEM,1700958119000,1700958300000,10,1009.6,,34359738368.0,,,10.787217822453304,10.787217822453304,0.0,802.0640539999999,
495,NFCORE_CHIPSEQ:CHIPSEQ:ALIGN_BWA_MEM:BAM_SORT_SAMTOOLS:BAM_STATS_SAMTOOLS:SAMTOOLS_IDXSTATS,1700958311000,1700958318000,2,1.2,,1073741824.0,,,0.0006873326825166667,0.0006873326825166667,0.0,789.25008,
493,NFCORE_CHIPSEQ:CHIPSEQ:ALIGN_BWA_MEM:BAM_SORT_SAMTOOLS:SAMTOOLS_INDEX,1700958309000,1700958323000,2,116.3,,1073741824.0,,,0.01782413057839167,0.01782413057839167,0.0,789.25008,
494,NFCORE_CHIPSEQ:CHIPSEQ:ALIGN_BWA_MEM:BAM_SORT_SAMTOOLS:SAMTOOLS_INDEX,1700958310000,1700958327000,2,102.4,,1073741824.0,,,0.019231393616,0.019231393616,0.0,789.25008,
496,NFCORE_CHIPSEQ:CHIPSEQ:ALIGN_BWA_MEM:BAM_SORT_SAMTOOLS:BAM_STATS_SAMTOOLS:SAMTOOLS_FLAGSTAT,1700958311000,1700958324000,2,136.2,,1073741824.0,,,0.019191835196191664,0.019191835196191664,0.0,789.25008,
498,NFCORE_CHIPSEQ:CHIPSEQ:ALIGN_BWA_MEM:BAM_SORT_SAMTOOLS:SAMTOOLS_INDEX,1700958314000,1700958328000,2,151.8,,1073741824.0,,,0.022897597260183335,0.022897597260183335,0.0,789.25008,
499,NFCORE_CHIPSEQ:CHIPSEQ:ALIGN_BWA_MEM:BAM_SORT_SAMTOOLS:BAM_STATS_SAMTOOLS:SAMTOOLS_IDXSTATS,1700958329000,1700958330000,2,19.9,,1073741824.0,,,0.0002890833951875,0.0002890833951875,0.0,789.25008,
504,NFCORE_CHIPSEQ:CHIPSEQ:ALIGN_BWA_MEM:BAM_SORT_SAMTOOLS:BAM_STATS_SAMTOOLS:SAMTOOLS_IDXSTATS,1700958330000,1700958331000,2,27.1,,1073741824.0,,,0.00036258230888750007,0.00036258230888750007,0.0,789.25008,
507,NFCORE_CHIPSEQ:CHIPSEQ:ALIGN_BWA_MEM:BAM_SORT_SAMTOOLS:BAM_STATS_SAMTOOLS:SAMTOOLS_IDXSTATS,1700958335000,1700958335000,2,33.9,,1073741824.0,,,0.0,0.0,0.0,789.25008,
491,NFCORE_CHIPSEQ:CHIPSEQ:ALIGN_BWA_MEM:BAM_SORT_SAMTOOLS:SAMTOOLS_SORT,1700958302000,1700958352000,6,388.6,,6374293504.0,,,0.22385439386546874,0.22385439386546874,0.0,789.25008,
492,NFCORE_CHIPSEQ:CHIPSEQ:ALIGN_BWA_MEM:BAM_SORT_SAMTOOLS:SAMTOOLS_SORT,1700958303000,1700958348000,6,392.3,,6374293504.0,,,0.20316861685823442,0.20316861685823442,0.0,789.25008,
501,NFCORE_CHIPSEQ:CHIPSEQ:ALIGN_BWA_MEM:BAM_SORT_SAMTOOLS:BAM_STATS_SAMTOOLS:SAMTOOLS_FLAGSTAT,1700958329000,1700958347000,2,117.0,,1073741824.0,,,0.023045362414050002,0.023045362414050002,0.0,789.25008,
502,NFCORE_CHIPSEQ:CHIPSEQ:ALIGN_BWA_MEM:BAM_SORT_SAMTOOLS:BAM_STATS_SAMTOOLS:SAMTOOLS_FLAGSTAT,1700958330000,1700958347000,2,126.7,,1073741824.0,,,0.023448393789537506,0.023448393789537506,0.0,789.25008,
506,NFCORE_CHIPSEQ:CHIPSEQ:ALIGN_BWA_MEM:BAM_SORT_SAMTOOLS:BAM_STATS_SAMTOOLS:SAMTOOLS_FLAGSTAT,1700958330000,1700958357000,2,71.2,,1073741824.0,,,0.0219446051931,0.0219446051931,0.0,789.25008,
509,NFCORE_CHIPSEQ:CHIPSEQ:ALIGN_BWA_MEM:BAM_SORT_SAMTOOLS:SAMTOOLS_INDEX,1700958340000,1700958360000,2,65.2,,1073741824.0,,,0.015030281211,0.015030281211,0.0,789.25008,
510,NFCORE_CHIPSEQ:CHIPSEQ:ALIGN_BWA_MEM:BAM_SORT_SAMTOOLS:SAMTOOLS_INDEX,1700958356000,1700958366000,2,116.4,,1073741824.0,,,0.01274173002416667,0.01274173002416667,0.0,789.25008,
511,NFCORE_CHIPSEQ:CHIPSEQ:ALIGN_BWA_MEM:BAM_SORT_SAMTOOLS:SAMTOOLS_INDEX,1700958357000,1700958368000,2,141.5,,1073741824.0,,,0.01683438220332917,0.01683438220332917,0.0,789.25008,
513,NFCORE_CHIPSEQ:CHIPSEQ:ALIGN_BWA_MEM:BAM_SORT_SAMTOOLS:BAM_STATS_SAMTOOLS:SAMTOOLS_IDXSTATS,1700958369000,1700958369000,2,44.9,,1073741824.0,,,0.0,0.0,0.0,789.25008,
497,NFCORE_CHIPSEQ:CHIPSEQ:ALIGN_BWA_MEM:BAM_SORT_SAMTOOLS:BAM_STATS_SAMTOOLS:SAMTOOLS_STATS,1700958311000,1700958370000,2,94.1,,1073741824.0,,,0.061745301482154166,0.061745301482154166,0.0,789.25008,
500,NFCORE_CHIPSEQ:CHIPSEQ:ALIGN_BWA_MEM:BAM_SORT_SAMTOOLS:BAM_STATS_SAMTOOLS:SAMTOOLS_STATS,1700958329000,1700958373000,2,125.8,,1073741824.0,,,0.0602857163711,0.0602857163711,0.0,789.25008,
503,NFCORE_CHIPSEQ:CHIPSEQ:ALIGN_BWA_MEM:BAM_SORT_SAMTOOLS:BAM_STATS_SAMTOOLS:SAMTOOLS_STATS,1700958330000,1700958375000,2,124.3,,1073741824.0,,,0.060966793972687505,0.060966793972687505,0.0,789.25008,
505,NFCORE_CHIPSEQ:CHIPSEQ:ALIGN_BWA_MEM:BAM_SORT_SAMTOOLS:BAM_STATS_SAMTOOLS:SAMTOOLS_STATS,1700958331000,1700958380000,2,129.1,,1073741824.0,,,0.06878702906223749,0.06878702906223749,0.0,789.25008,
514,NFCORE_CHIPSEQ:CHIPSEQ:ALIGN_BWA_MEM:BAM_SORT_SAMTOOLS:BAM_STATS_SAMTOOLS:SAMTOOLS_FLAGSTAT,1700958369000,1700958382000,2,88.6,,1073741824.0,,,0.012875011890974999,0.012875011890974999,0.0,789.25008,
518,NFCORE_CHIPSEQ:CHIPSEQ:ALIGN_BWA_MEM:BAM_SORT_SAMTOOLS:BAM_STATS_SAMTOOLS:SAMTOOLS_FLAGSTAT,1700958369000,1700958384000,2,80.7,,1073741824.0,,,0.013646113329812502,0.013646113329812502,0.0,789.25008,
516,NFCORE_CHIPSEQ:CHIPSEQ:ALIGN_BWA_MEM:BAM_SORT_SAMTOOLS:BAM_STATS_SAMTOOLS:SAMTOOLS_IDXSTATS,1700958369000,1700958370000,2,38.8,,1073741824.0,,,0.0004820180436500001,0.0004820180436500001,0.0,789.25008,
523,NFCORE_CHIPSEQ:CHIPSEQ:ALIGN_BWA_MEM:BAM_SORT_SAMTOOLS:BAM_STATS_SAMTOOLS:SAMTOOLS_IDXSTATS,1700958372000,1700958375000,2,7.3,,1073741824.0,,,0.0004813808886375,0.0004813808886375,0.0,789.25008,
522,NFCORE_CHIPSEQ:CHIPSEQ:ALIGN_BWA_MEM:BAM_SORT_SAMTOOLS:BAM_STATS_SAMTOOLS:SAMTOOLS_FLAGSTAT,1700958372000,1700958381000,2,138.3,,1073741824.0,,,0.013479589784287501,0.013479589784287501,0.0,789.25008,
508,NFCORE_CHIPSEQ:CHIPSEQ:ALIGN_BWA_MEM:BAM_SORT_SAMTOOLS:SAMTOOLS_SORT,1700958340000,1700958397000,6,278.9,,6374293504.0,,,0.19136326491292188,0.19136326491292188,0.0,789.25008,
515,NFCORE_CHIPSEQ:CHIPSEQ:ALIGN_BWA_MEM:BAM_SORT_SAMTOOLS:BAM_STATS_SAMTOOLS:SAMTOOLS_STATS,1700958369000,1700958399000,2,129.4,,1073741824.0,,,0.042206381231250006,0.042206381231250006,0.0,789.25008,
517,NFCORE_CHIPSEQ:CHIPSEQ:ALIGN_BWA_MEM:BAM_SORT_SAMTOOLS:BAM_STATS_SAMTOOLS:SAMTOOLS_STATS,1700958369000,1700958401000,2,129.8,,1073741824.0,,,0.045150804715466675,0.045150804715466675,0.0,789.25008,
525,NFCORE_CHIPSEQ:CHIPSEQ:ALIGN_BWA_MEM:BAM_SORT_SAMTOOLS:SAMTOOLS_INDEX,1700958400000,1700958411000,2,153.8,,1073741824.0,,,0.018215549289941672,0.018215549289941672,0.0,789.25008,
512,NFCORE_CHIPSEQ:CHIPSEQ:ALIGN_BWA_MEM:BAM_SORT_SAMTOOLS:SAMTOOLS_SORT,1700958361000,1700958414000,6,373.4,,6374293504.0,,,0.22906194570896354,0.22906194570896354,0.0,789.25008,
521,NFCORE_CHIPSEQ:CHIPSEQ:ALIGN_BWA_MEM:BAM_SORT_SAMTOOLS:BAM_STATS_SAMTOOLS:SAMTOOLS_STATS,1700958372000,1700958415000,2,102.5,,1073741824.0,,,0.04868800844857084,0.04868800844857084,0.0,789.25008,
528,NFCORE_CHIPSEQ:CHIPSEQ:ALIGN_BWA_MEM:BAM_SORT_SAMTOOLS:BAM_STATS_SAMTOOLS:SAMTOOLS_IDXSTATS,1700958416000,1700958418000,2,6.7,,1073741824.0,,,0.000308670773475,0.000308670773475,0.0,789.25008,
519,NFCORE_CHIPSEQ:CHIPSEQ:ALIGN_BWA_MEM:BAM_SORT_SAMTOOLS:SAMTOOLS_SORT,1700958375000,1700958422000,6,371.6,,6374293504.0,,,0.20226679244933238,0.20226679244933238,0.0,789.25008,
520,NFCORE_CHIPSEQ:CHIPSEQ:ALIGN_BWA_MEM:BAM_SORT_SAMTOOLS:SAMTOOLS_SORT,1700958380000,1700958421000,6,387.9,,6374293504.0,,,0.18326762813313024,0.18326762813313024,0.0,789.25008,
526,NFCORE_CHIPSEQ:CHIPSEQ:ALIGN_BWA_MEM:BAM_SORT_SAMTOOLS:BAM_STATS_SAMTOOLS:SAMTOOLS_FLAGSTAT,1700958416000,1700958424000,2,145.4,,1073741824.0,,,0.012561682349666667,0.012561682349666667,0.0,789.25008,
529,NFCORE_CHIPSEQ:CHIPSEQ:ALIGN_BWA_MEM:BAM_SORT_SAMTOOLS:SAMTOOLS_INDEX,1700958418000,1700958430000,2,129.5,,1073741824.0,,,0.01689480231145,0.01689480231145,0.0,789.25008,
534,NFCORE_CHIPSEQ:CHIPSEQ:ALIGN_BWA_MEM:BAM_SORT_SAMTOOLS:BAM_STATS_SAMTOOLS:SAMTOOLS_IDXSTATS,1700958436000,1700958438000,2,7.3,,1073741824.0,,,0.000320920592425,0.000320920592425,0.0,789.25008,
524,NFCORE_CHIPSEQ:CHIPSEQ:ALIGN_BWA_MEM:BAM_SORT_SAMTOOLS:SAMTOOLS_SORT,1700958392000,1700958449000,6,368.2,,6374293504.0,,,0.2433239344440844,0.2433239344440844,0.0,789.25008,
527,NFCORE_CHIPSEQ:CHIPSEQ:ALIGN_BWA_MEM:BAM_SORT_SAMTOOLS:BAM_STATS_SAMTOOLS:SAMTOOLS_STATS,1700958416000,1700958455000,2,123.3,,1073741824.0,,,0.052439768993787494,0.052439768993787494,0.0,789.25008,
530,NFCORE_CHIPSEQ:CHIPSEQ:ALIGN_BWA_MEM:BAM_SORT_SAMTOOLS:SAMTOOLS_INDEX,1700958429000,1700958453000,2,52.2,,1073741824.0,,,0.014851384526200002,0.014851384526200002,0.0,789.25008,
531,NFCORE_CHIPSEQ:CHIPSEQ:ALIGN_BWA_MEM:BAM_SORT_SAMTOOLS:SAMTOOLS_INDEX,1700958429000,1700958447000,2,97.5,,1073741824.0,,,0.019462290371175004,0.019462290371175004,0.0,789.25008,
533,NFCORE_CHIPSEQ:CHIPSEQ:ALIGN_BWA_MEM:BAM_SORT_SAMTOOLS:BAM_STATS_SAMTOOLS:SAMTOOLS_FLAGSTAT,1700958436000,1700958462000,2,52.3,,1073741824.0,,,0.016115541177775,0.016115541177775,0.0,789.25008,
539,NFCORE_CHIPSEQ:CHIPSEQ:ALIGN_BWA_MEM:BAM_SORT_SAMTOOLS:BAM_STATS_SAMTOOLS:SAMTOOLS_IDXSTATS,1700958461000,1700958467000,2,9.2,,1073741824.0,,,0.0010791350573,0.0010791350573,0.0,789.25008,
542,NFCORE_CHIPSEQ:CHIPSEQ:ALIGN_BWA_MEM:BAM_SORT_SAMTOOLS:BAM_STATS_SAMTOOLS:SAMTOOLS_IDXSTATS,1700958462000,1700958468000,2,0.9,,1073741824.0,,,0.0005707675708750001,0.0005707675708750001,0.0,789.25008,
540,NFCORE_CHIPSEQ:CHIPSEQ:ALIGN_BWA_MEM:BAM_SORT_SAMTOOLS:BAM_STATS_SAMTOOLS:SAMTOOLS_FLAGSTAT,1700958461000,1700958473000,2,110.0,,1073741824.0,,,0.0145060876162,0.0145060876162,0.0,789.25008,
541,NFCORE_CHIPSEQ:CHIPSEQ:ALIGN_BWA_MEM:BAM_SORT_SAMTOOLS:BAM_STATS_SAMTOOLS:SAMTOOLS_FLAGSTAT,1700958461000,1700958470000,2,138.7,,1073741824.0,,,0.0135163392411375,0.0135163392411375,0.0,789.25008,
537,NFCORE_CHIPSEQ:CHIPSEQ:ALIGN_BWA_MEM:BAM_SORT_SAMTOOLS:SAMTOOLS_INDEX,1700958460000,1700958474000,2,109.9,,1073741824.0,,,0.016909477430125,0.016909477430125,0.0,789.25008,
532,NFCORE_CHIPSEQ:CHIPSEQ:ALIGN_BWA_MEM:BAM_SORT_SAMTOOLS:BAM_STATS_SAMTOOLS:SAMTOOLS_STATS,1700958436000,1700958487000,2,97.7,,1073741824.0,,,0.05524727951273751,0.05524727951273751,0.0,789.25008,
535,NFCORE_CHIPSEQ:CHIPSEQ:ALIGN_BWA_MEM:BAM_SORT_SAMTOOLS:SAMTOOLS_SORT,1700958453000,1700958484000,6,331.5,,6374293504.0,,,0.1207202204270948,0.1207202204270948,0.0,789.25008,
545,NFCORE_CHIPSEQ:CHIPSEQ:ALIGN_BWA_MEM:BAM_SORT_SAMTOOLS:BAM_STATS_SAMTOOLS:SAMTOOLS_IDXSTATS,1700958483000,1700958486000,2,3.7,,1073741824.0,,,0.0003711325180875,0.0003711325180875,0.0,789.25008,
543,NFCORE_CHIPSEQ:CHIPSEQ:ALIGN_BWA_MEM:BAM_SORT_SAMTOOLS:BAM_STATS_SAMTOOLS:SAMTOOLS_STATS,1700958462000,1700958492000,2,128.4,,1073741824.0,,,0.041900135757500005,0.041900135757500005,0.0,789.25008,
546,NFCORE_CHIPSEQ:CHIPSEQ:ALIGN_BWA_MEM:BAM_SORT_SAMTOOLS:BAM_STATS_SAMTOOLS:SAMTOOLS_FLAGSTAT,1700958483000,1700958493000,2,137.2,,1073741824.0,,,0.0148650319755,0.0148650319755,0.0,789.25008,
538,NFCORE_CHIPSEQ:CHIPSEQ:ALIGN_BWA_MEM:BAM_SORT_SAMTOOLS:BAM_STATS_SAMTOOLS:SAMTOOLS_STATS,1700958461000,1700958499000,2,122.7,,1073741824.0,,,0.050862412972358335,0.050862412972358335,0.0,789.25008,
536,NFCORE_CHIPSEQ:CHIPSEQ:ALIGN_BWA_MEM:BAM_SORT_SAMTOOLS:SAMTOOLS_SORT,1700958459000,1700958510000,6,384.4,,6374293504.0,,,0.22614488906020314,0.22614488906020314,0.0,789.25008,
547,NFCORE_CHIPSEQ:CHIPSEQ:ALIGN_BWA_MEM:BAM_SORT_SAMTOOLS:SAMTOOLS_INDEX,1700958493000,1700958512000,2,94.7,,1073741824.0,,,0.02000045341834584,0.02000045341834584,0.0,789.25008,
549,NFCORE_CHIPSEQ:CHIPSEQ:ALIGN_BWA_MEM:BAM_SORT_SAMTOOLS:BAM_STATS_SAMTOOLS:SAMTOOLS_IDXSTATS,1700958516000,1700958517000,2,9.8,,1073741824.0,,,0.00018598075235833335,0.00018598075235833335,0.0,789.25008,
548,NFCORE_CHIPSEQ:CHIPSEQ:ALIGN_BWA_MEM:BAM_SORT_SAMTOOLS:SAMTOOLS_INDEX,1700958512000,1700958525000,2,122.5,,1073741824.0,,,0.0173737579003625,0.0173737579003625,0.0,789.25008,
550,NFCORE_CHIPSEQ:CHIPSEQ:ALIGN_BWA_MEM:BAM_SORT_SAMTOOLS:BAM_STATS_SAMTOOLS:SAMTOOLS_FLAGSTAT,1700958516000,1700958525000,2,145.9,,1073741824.0,,,0.014177829464437502,0.014177829464437502,0.0,789.25008,
544,NFCORE_CHIPSEQ:CHIPSEQ:ALIGN_BWA_MEM:BAM_SORT_SAMTOOLS:BAM_STATS_SAMTOOLS:SAMTOOLS_STATS,1700958483000,1700958532000,2,101.6,,1073741824.0,,,0.055031503199633326,0.055031503199633326,0.0,789.25008,
554,NFCORE_CHIPSEQ:CHIPSEQ:ALIGN_BWA_MEM:BAM_SORT_SAMTOOLS:BAM_STATS_SAMTOOLS:SAMTOOLS_IDXSTATS,1700958531000,1700958534000,2,29.1,,1073741824.0,,,0.0011489960214125002,0.0011489960214125002,0.0,789.25008,
551,NFCORE_CHIPSEQ:CHIPSEQ:ALIGN_BWA_MEM:BAM_SORT_SAMTOOLS:BAM_STATS_SAMTOOLS:SAMTOOLS_STATS,1700958516000,1700958542000,2,129.8,,1073741824.0,,,0.03668502883131666,0.03668502883131666,0.0,789.25008,
553,NFCORE_CHIPSEQ:CHIPSEQ:ALIGN_BWA_MEM:BAM_SORT_SAMTOOLS:BAM_STATS_SAMTOOLS:SAMTOOLS_FLAGSTAT,1700958531000,1700958541000,2,146.9,,1073741824.0,,,0.015855225673958334,0.015855225673958334,0.0,789.25008,
555,NFCORE_CHIPSEQ:CHIPSEQ:ALIGN_BWA_MEM:BAM_SORT_SAMTOOLS:BAM_STATS_SAMTOOLS:SAMTOOLS_STATS,1700958531000,1700958575000,2,128.9,,1073741824.0,,,0.06167811245841666,0.06167811245841666,0.0,789.25008,
556,NFCORE_CHIPSEQ:CHIPSEQ:ALIGN_BWA_MEM:BAM_SORT_SAMTOOLS:SAMTOOLS_SORT,1700958545000,1700958600000,6,320.1,,6374293504.0,,,0.23478762926915603,0.23478762926915603,0.0,797.641532,
559,NFCORE_CHIPSEQ:CHIPSEQ:ALIGN_BWA_MEM:BAM_SORT_SAMTOOLS:SAMTOOLS_SORT,1700958591000,1700958600000,6,396.4,,6374293504.0,,,0.15269698036312812,0.15269698036312812,0.0,797.641532,
557,NFCORE_CHIPSEQ:CHIPSEQ:ALIGN_BWA_MEM:BAM_SORT_SAMTOOLS:SAMTOOLS_SORT,1700958580000,1700958600000,6,351.6,,6374293504.0,,,0.2494499409069243,0.2494499409069243,0.0,797.641532,
558,NFCORE_CHIPSEQ:CHIPSEQ:ALIGN_BWA_MEM:BAM_SORT_SAMTOOLS:SAMTOOLS_SORT,1700958589000,1700958600000,6,276.9,,6374293504.0,,,0.17301675526522742,0.17301675526522742,0.0,797.641532,
220,NFCORE_CHIPSEQ:CHIPSEQ:ALIGN_BWA_MEM:BWA_MEM,1700958455000,1700958600000,10,1004.7,,34359738368.0,,,6.615013212819149,6.615013212819149,0.0,802.0640539999999,
276,NFCORE_CHIPSEQ:CHIPSEQ:ALIGN_BWA_MEM:BWA_MEM,1700958368000,1700958600000,10,1006.0,,34359738368.0,,,7.887500407083906,7.887500407083906,0.0,802.0640539999999,
221,NFCORE_CHIPSEQ:CHIPSEQ:ALIGN_BWA_MEM:BWA_MEM,1700958451000,1700958600000,10,1003.9,,34359738368.0,,,6.901927317102673,6.901927317102673,0.0,802.0640539999999,
229,NFCORE_CHIPSEQ:CHIPSEQ:ALIGN_BWA_MEM:BWA_MEM,1700958425000,1700958600000,10,1001.8,,34359738368.0,,,7.2279373077307305,7.2279373077307305,0.0,802.0640539999999,
257,NFCORE_CHIPSEQ:CHIPSEQ:ALIGN_BWA_MEM:BWA_MEM,1700958561000,1700958600000,10,1003.7,,34359738368.0,,,5.630636101682443,5.630636101682443,0.0,802.0640539999999,
285,NFCORE_CHIPSEQ:CHIPSEQ:ALIGN_BWA_MEM:BWA_MEM,1700958390000,1700958600000,10,1012.7,,34359738368.0,,,8.65740627077376,8.65740627077376,0.0,802.0640539999999,
290,NFCORE_CHIPSEQ:CHIPSEQ:ALIGN_BWA_MEM:BWA_MEM,1700958302000,1700958600000,10,1005.6,,34359738368.0,,,9.847920546508002,9.847920546508002,0.0,802.0640539999999,
241,NFCORE_CHIPSEQ:CHIPSEQ:ALIGN_BWA_MEM:BWA_MEM,1700958543000,1700958600000,10,1006.1,,34359738368.0,,,7.2859408318338446,7.2859408318338446,0.0,802.0640539999999,
253,NFCORE_CHIPSEQ:CHIPSEQ:ALIGN_BWA_MEM:BWA_MEM,1700958515000,1700958600000,10,1012.2,,34359738368.0,,,7.7138414011134895,7.7138414011134895,0.0,802.0640539999999,
258,NFCORE_CHIPSEQ:CHIPSEQ:ALIGN_BWA_MEM:BWA_MEM,1700958432000,1700958600000,10,1002.1,,34359738368.0,,,8.969104283064114,8.969104283064114,0.0,802.0640539999999,
295,NFCORE_CHIPSEQ:CHIPSEQ:ALIGN_BWA_MEM:BWA_MEM,1700958302000,1700958600000,10,1009.9,,34359738368.0,,,10.721839474807668,10.721839474807668,0.0,802.0640539999999,
299,NFCORE_CHIPSEQ:CHIPSEQ:ALIGN_BWA_MEM:BWA_MEM,1700958302000,1700958600000,10,1009.6,,34359738368.0,,,10.719325171307675,10.719325171307675,0.0,802.0640539999999,
271,NFCORE_CHIPSEQ:CHIPSEQ:ALIGN_BWA_MEM:BWA_MEM,1700958362000,1700958600000,10,1012.2,,34359738368.0,,,10.330465620183276,10.330465620183276,0.0,802.0640539999999,
304,NFCORE_CHIPSEQ:CHIPSEQ:ALIGN_BWA_MEM:BWA_MEM,1700958512000,1700958600000,10,1013.8,,34359738368.0,,,8.686349771248127,8.686349771248127,0.0,802.0640539999999,
286,NFCORE_CHIPSEQ:CHIPSEQ:ALIGN_BWA_MEM:BWA_MEM,1700958498000,1700958600000,10,1011.1,,34359738368.0,,,9.959711211410061,9.959711211410061,0.0,804.275315,
292,NFCORE_CHIPSEQ:CHIPSEQ:ALIGN_BWA_MEM:BWA_MEM,1700958337000,1700958600000,10,1010.8,,34359738368.0,,,12.154888503350346,12.154888503350346,0.0,804.275315,
561,NFCORE_CHIPSEQ:CHIPSEQ:ALIGN_BWA_MEM:BAM_SORT_SAMTOOLS:SAMTOOLS_INDEX,1700958611000,1700958647000,2,48.9,,1073741824.0,,,0.0215122646870375,0.0215122646870375,0.0,806.0329839999999,
562,NFCORE_CHIPSEQ:CHIPSEQ:ALIGN_BWA_MEM:BAM_SORT_SAMTOOLS:SAMTOOLS_INDEX,1700958632000,1700958648000,2,73.8,,1073741824.0,,,0.013714427324708888,0.013714427324708888,0.0,806.0329839999999,
566,NFCORE_CHIPSEQ:CHIPSEQ:ALIGN_BWA_MEM:BAM_SORT_SAMTOOLS:BAM_STATS_SAMTOOLS:SAMTOOLS_IDXSTATS,1700958652000,1700958656000,2,1.4,,1073741824.0,,,0.0004094535609694444,0.0004094535609694444,0.0,806.0329839999999,
568,NFCORE_CHIPSEQ:CHIPSEQ:ALIGN_BWA_MEM:BAM_SORT_SAMTOOLS:BAM_STATS_SAMTOOLS:SAMTOOLS_IDXSTATS,1700958654000,1700958657000,2,47.9,,1073741824.0,,,0.001761412964905208,0.001761412964905208,0.0,806.0329839999999,
560,NFCORE_CHIPSEQ:CHIPSEQ:ALIGN_BWA_MEM:BAM_SORT_SAMTOOLS:SAMTOOLS_SORT,1700958609000,1700958666000,6,250.7,,6374293504.0,,,0.17867493208450477,0.17867493208450477,0.0,806.0329839999999,
564,NFCORE_CHIPSEQ:CHIPSEQ:ALIGN_BWA_MEM:BAM_SORT_SAMTOOLS:SAMTOOLS_INDEX,1700958650000,1700958663000,2,97.2,,1073741824.0,,,0.014314334165404721,0.014314334165404721,0.0,806.0329839999999,
567,NFCORE_CHIPSEQ:CHIPSEQ:ALIGN_BWA_MEM:BAM_SORT_SAMTOOLS:BAM_STATS_SAMTOOLS:SAMTOOLS_FLAGSTAT,1700958651000,1700958669000,2,90.7,,1073741824.0,,,0.018600092704376254,0.018600092704376254,0.0,806.0329839999999,
570,NFCORE_CHIPSEQ:CHIPSEQ:ALIGN_BWA_MEM:BAM_SORT_SAMTOOLS:BAM_STATS_SAMTOOLS:SAMTOOLS_FLAGSTAT,1700958653000,1700958670000,2,57.5,,1073741824.0,,,0.01168274142485618,0.01168274142485618,0.0,806.0329839999999,
552,NFCORE_CHIPSEQ:CHIPSEQ:ALIGN_BWA_MEM:BAM_SORT_SAMTOOLS:SAMTOOLS_SORT,1700958627000,1700958681000,6,296.4,,6374293504.0,,,0.19499842765597966,0.19499842765597966,0.0,806.0329839999999,
563,NFCORE_CHIPSEQ:CHIPSEQ:ALIGN_BWA_MEM:BAM_SORT_SAMTOOLS:SAMTOOLS_INDEX,1700958651000,1700958683000,2,46.6,,1073741824.0,,,0.018354714433986667,0.018354714433986667,0.0,806.0329839999999,
569,NFCORE_CHIPSEQ:CHIPSEQ:ALIGN_BWA_MEM:BAM_SORT_SAMTOOLS:BAM_STATS_SAMTOOLS:SAMTOOLS_STATS,1700958653000,1700958682000,2,128.3,,1073741824.0,,,0.04133451190021785,0.04133451190021785,0.0,806.0329839999999,
571,NFCORE_CHIPSEQ:CHIPSEQ:ALIGN_BWA_MEM:BAM_SORT_SAMTOOLS:SAMTOOLS_INDEX,1700958671000,1700958687000,2,124.3,,1073741824.0,,,0.022138031752636664,0.022138031752636664,0.0,806.0329839999999,
574,NFCORE_CHIPSEQ:CHIPSEQ:ALIGN_BWA_MEM:BAM_SORT_SAMTOOLS:BAM_STATS_SAMTOOLS:SAMTOOLS_FLAGSTAT,1700958672000,1700958683000,2,127.7,,1073741824.0,,,0.015609801292319514,0.015609801292319514,0.0,806.0329839999999,
573,NFCORE_CHIPSEQ:CHIPSEQ:ALIGN_BWA_MEM:BAM_SORT_SAMTOOLS:BAM_STATS_SAMTOOLS:SAMTOOLS_IDXSTATS,1700958672000,1700958682000,2,0.8,,1073741824.0,,,0.0009610823843944446,0.0009610823843944446,0.0,806.0329839999999,
575,NFCORE_CHIPSEQ:CHIPSEQ:ALIGN_BWA_MEM:BAM_SORT_SAMTOOLS:SAMTOOLS_INDEX,1700958683000,1700958692000,2,147.9,,1073741824.0,,,0.014666966599090626,0.014666966599090626,0.0,806.0329839999999,
577,NFCORE_CHIPSEQ:CHIPSEQ:ALIGN_BWA_MEM:BAM_SORT_SAMTOOLS:BAM_STATS_SAMTOOLS:SAMTOOLS_IDXSTATS,1700958689000,1700958690000,2,13.9,,1073741824.0,,,0.000232679052803125,0.000232679052803125,0.0,806.0329839999999,
579,NFCORE_CHIPSEQ:CHIPSEQ:ALIGN_BWA_MEM:BAM_SORT_SAMTOOLS:BAM_STATS_SAMTOOLS:SAMTOOLS_IDXSTATS,1700958690000,1700958692000,2,4.3,,1073741824.0,,,0.00026519324791291664,0.00026519324791291664,0.0,806.0329839999999,
580,NFCORE_CHIPSEQ:CHIPSEQ:ALIGN_BWA_MEM:BAM_SORT_SAMTOOLS:BAM_STATS_SAMTOOLS:SAMTOOLS_FLAGSTAT,1700958690000,1700958701000,2,130.8,,1073741824.0,,,0.01596530241978528,0.01596530241978528,0.0,806.0329839999999,
584,NFCORE_CHIPSEQ:CHIPSEQ:ALIGN_BWA_MEM:BAM_SORT_SAMTOOLS:BAM_STATS_SAMTOOLS:SAMTOOLS_IDXSTATS,1700958696000,1700958698000,2,10.8,,1073741824.0,,,0.00040072153697611113,0.00040072153697611113,0.0,806.0329839999999,
572,NFCORE_CHIPSEQ:CHIPSEQ:ALIGN_BWA_MEM:BAM_SORT_SAMTOOLS:BAM_STATS_SAMTOOLS:SAMTOOLS_STATS,1700958672000,1700958707000,2,125.3,,1073741824.0,,,0.04879182831406285,0.04879182831406285,0.0,806.0329839999999,
576,NFCORE_CHIPSEQ:CHIPSEQ:ALIGN_BWA_MEM:BAM_SORT_SAMTOOLS:BAM_STATS_SAMTOOLS:SAMTOOLS_FLAGSTAT,1700958689000,1700958702000,2,118.1,,1073741824.0,,,0.017146875406825482,0.017146875406825482,0.0,806.0329839999999,
582,NFCORE_CHIPSEQ:CHIPSEQ:ALIGN_BWA_MEM:BAM_SORT_SAMTOOLS:BAM_STATS_SAMTOOLS:SAMTOOLS_FLAGSTAT,1700958696000,1700958708000,2,95.1,,1073741824.0,,,0.012950515161574165,0.012950515161574165,0.0,806.0329839999999,
565,NFCORE_CHIPSEQ:CHIPSEQ:ALIGN_BWA_MEM:BAM_SORT_SAMTOOLS:BAM_STATS_SAMTOOLS:SAMTOOLS_STATS,1700958652000,1700958717000,2,87.5,,1073741824.0,,,0.06499854880745867,0.06499854880745867,0.0,806.0329839999999,
581,NFCORE_CHIPSEQ:CHIPSEQ:ALIGN_BWA_MEM:BAM_SORT_SAMTOOLS:BAM_STATS_SAMTOOLS:SAMTOOLS_STATS,1700958690000,1700958723000,2,125.6,,1073741824.0,,,0.04610693384372165,0.04610693384372165,0.0,806.0329839999999,
578,NFCORE_CHIPSEQ:CHIPSEQ:ALIGN_BWA_MEM:BAM_SORT_SAMTOOLS:BAM_STATS_SAMTOOLS:SAMTOOLS_STATS,1700958689000,1700958725000,2,129.8,,1073741824.0,,,0.051874771538395,0.051874771538395,0.0,806.0329839999999,
583,NFCORE_CHIPSEQ:CHIPSEQ:ALIGN_BWA_MEM:BAM_SORT_SAMTOOLS:BAM_STATS_SAMTOOLS:SAMTOOLS_STATS,1700958696000,1700958732000,2,122.5,,1073741824.0,,,0.0491350150487175,0.0491350150487175,0.0,806.0329839999999,
268,NFCORE_CHIPSEQ:CHIPSEQ:ALIGN_BWA_MEM:BWA_MEM,1700958735000,1700958900000,10,1008.4,,34359738368.0,,,6.023425347193341,6.023425347193341,0.0,806.25978,
274,NFCORE_CHIPSEQ:CHIPSEQ:ALIGN_BWA_MEM:BWA_MEM,1700958607000,1700958900000,10,1014.1,,34359738368.0,,,9.570468414990895,9.570468414990895,0.0,806.373178,
314,NFCORE_CHIPSEQ:CHIPSEQ:ALIGN_BWA_MEM:BWA_MEM,1700958684000,1700958900000,10,1016.0,,34359738368.0,,,8.72709327101446,8.72709327101446,0.0,806.373178,
254,NFCORE_CHIPSEQ:CHIPSEQ:ALIGN_BWA_MEM:BWA_MEM,1700958773000,1700958900000,10,1012.3,,34359738368.0,,,9.050250838180133,9.050250838180133,0.0,806.373178,
300,NFCORE_CHIPSEQ:CHIPSEQ:ALIGN_BWA_MEM:BWA_MEM,1700958735000,1700958900000,10,990.3,,34359738368.0,,,9.919552753089418,9.919552753089418,0.0,806.373178,
261,NFCORE_CHIPSEQ:CHIPSEQ:ALIGN_BWA_MEM:BWA_MEM,1700958876000,1700958900000,10,1013.0,,34359738368.0,,,8.612123906612604,8.612123906612604,0.0,802.801141,
591,NFCORE_CHIPSEQ:CHIPSEQ:ALIGN_BWA_MEM:BAM_SORT_SAMTOOLS:SAMTOOLS_SORT,1700958979000,1700959011000,6,383.2,,6374293504.0,,,0.14459313001263666,0.14459313001263666,0.0,806.486576,
592,NFCORE_CHIPSEQ:CHIPSEQ:ALIGN_BWA_MEM:BAM_SORT_SAMTOOLS:SAMTOOLS_SORT,1700958979000,1700959011000,6,383.2,,6374293504.0,,,0.14459313001263666,0.14459313001263666,0.0,806.486576,
586,NFCORE_CHIPSEQ:CHIPSEQ:ALIGN_BWA_MEM:BAM_SORT_SAMTOOLS:SAMTOOLS_SORT,1700958969000,1700959040000,6,356.3,,6374293504.0,,,0.3008936115546125,0.3008936115546125,0.0,806.486576,
590,NFCORE_CHIPSEQ:CHIPSEQ:ALIGN_BWA_MEM:BAM_SORT_SAMTOOLS:SAMTOOLS_SORT,1700958988000,1700959038000,6,381.3,,6374293504.0,,,0.22493580926598786,0.22493580926598786,0.0,806.486576,
595,NFCORE_CHIPSEQ:CHIPSEQ:ALIGN_BWA_MEM:BAM_SORT_SAMTOOLS:SAMTOOLS_INDEX,1700959017000,1700959041000,2,42.9,,1073741824.0,,,0.012847499173716668,0.012847499173716668,0.0,806.486576,
587,NFCORE_CHIPSEQ:CHIPSEQ:ALIGN_BWA_MEM:BAM_SORT_SAMTOOLS:SAMTOOLS_SORT,1700958977000,1700959042000,6,377.8,,6374293504.0,,,0.2900434722966557,0.2900434722966557,0.0,806.486576,
594,NFCORE_CHIPSEQ:CHIPSEQ:ALIGN_BWA_MEM:BAM_SORT_SAMTOOLS:SAMTOOLS_INDEX,1700959016000,1700959042000,2,163.1,,1073741824.0,,,0.04651745963003027,0.04651745963003027,0.0,806.486576,
599,NFCORE_CHIPSEQ:CHIPSEQ:ALIGN_BWA_MEM:BAM_SORT_SAMTOOLS:BAM_STATS_SAMTOOLS:SAMTOOLS_IDXSTATS,1700959043000,1700959047000,2,1.9,,1073741824.0,,,0.0004305462189583333,0.0004305462189583333,0.0,806.486576,
596,NFCORE_CHIPSEQ:CHIPSEQ:ALIGN_BWA_MEM:BAM_SORT_SAMTOOLS:SAMTOOLS_INDEX,1700959042000,1700959055000,2,156.3,,1073741824.0,,,0.022336618826782364,0.022336618826782364,0.0,806.486576,
597,NFCORE_CHIPSEQ:CHIPSEQ:ALIGN_BWA_MEM:BAM_SORT_SAMTOOLS:SAMTOOLS_INDEX,1700959043000,1700959055000,2,125.5,,1073741824.0,,,0.016763075509215,0.016763075509215,0.0,806.486576,
598,NFCORE_CHIPSEQ:CHIPSEQ:ALIGN_BWA_MEM:BAM_SORT_SAMTOOLS:BAM_STATS_SAMTOOLS:SAMTOOLS_FLAGSTAT,1700959044000,1700959055000,2,94.8,,1073741824.0,,,0.01184356340162722,0.01184356340162722,0.0,806.486576,
605,NFCORE_CHIPSEQ:CHIPSEQ:ALIGN_BWA_MEM:BAM_SORT_SAMTOOLS:BAM_STATS_SAMTOOLS:SAMTOOLS_IDXSTATS,1700959055000,1700959058000,2,32.5,,1073741824.0,,,0.0012804864596912503,0.0012804864596912503,0.0,806.486576,
609,NFCORE_CHIPSEQ:CHIPSEQ:ALIGN_BWA_MEM:BAM_SORT_SAMTOOLS:BAM_STATS_SAMTOOLS:SAMTOOLS_IDXSTATS,1700959059000,1700959062000,2,10.8,,1073741824.0,,,0.0006014205622483335,0.0006014205622483335,0.0,806.486576,
603,NFCORE_CHIPSEQ:CHIPSEQ:ALIGN_BWA_MEM:BAM_SORT_SAMTOOLS:BAM_STATS_SAMTOOLS:SAMTOOLS_FLAGSTAT,1700959055000,1700959072000,2,77.3,,1073741824.0,,,0.015200430759948196,0.015200430759948196,0.0,806.486576,
611,NFCORE_CHIPSEQ:CHIPSEQ:ALIGN_BWA_MEM:BAM_SORT_SAMTOOLS:BAM_STATS_SAMTOOLS:SAMTOOLS_IDXSTATS,1700959060000,1700959072000,2,4.7,,1073741824.0,,,0.0016421242813616666,0.0016421242813616666,0.0,806.486576,
610,NFCORE_CHIPSEQ:CHIPSEQ:ALIGN_BWA_MEM:BAM_SORT_SAMTOOLS:BAM_STATS_SAMTOOLS:SAMTOOLS_FLAGSTAT,1700959060000,1700959078000,2,80.4,,1073741824.0,,,0.016676630229350002,0.016676630229350002,0.0,806.486576,
600,NFCORE_CHIPSEQ:CHIPSEQ:ALIGN_BWA_MEM:BAM_SORT_SAMTOOLS:BAM_STATS_SAMTOOLS:SAMTOOLS_STATS,1700959043000,1700959078000,2,118.8,,1073741824.0,,,0.04644620598098056,0.04644620598098056,0.0,806.486576,
602,NFCORE_CHIPSEQ:CHIPSEQ:ALIGN_BWA_MEM:BAM_SORT_SAMTOOLS:SAMTOOLS_INDEX,1700959050000,1700959082000,2,74.5,,1073741824.0,,,0.027677947216173334,0.027677947216173334,0.0,806.486576,
604,NFCORE_CHIPSEQ:CHIPSEQ:ALIGN_BWA_MEM:BAM_SORT_SAMTOOLS:BAM_STATS_SAMTOOLS:SAMTOOLS_STATS,1700959054000,1700959087000,2,130.8,,1073741824.0,,,0.047922860499231675,0.047922860499231675,0.0,806.486576,
589,NFCORE_CHIPSEQ:CHIPSEQ:ALIGN_BWA_MEM:BAM_SORT_SAMTOOLS:SAMTOOLS_SORT,1700959014000,1700959086000,6,175.4,,6374293504.0,,,0.1692683008820125,0.1692683008820125,0.0,806.486576,
593,NFCORE_CHIPSEQ:CHIPSEQ:ALIGN_BWA_MEM:BAM_SORT_SAMTOOLS:SAMTOOLS_SORT,1700959017000,1700959086000,6,206.8,,6374293504.0,,,0.18481551911945282,0.18481551911945282,0.0,806.486576,
585,NFCORE_CHIPSEQ:CHIPSEQ:ALIGN_BWA_MEM:BAM_SORT_SAMTOOLS:SAMTOOLS_SORT,1700959040000,1700959095000,6,365.9,,6374293504.0,,,0.23859423174198524,0.23859423174198524,0.0,806.486576,
612,NFCORE_CHIPSEQ:CHIPSEQ:ALIGN_BWA_MEM:BAM_SORT_SAMTOOLS:BAM_STATS_SAMTOOLS:SAMTOOLS_STATS,1700959060000,1700959095000,2,124.5,,1073741824.0,,,0.048527214376370136,0.048527214376370136,0.0,806.486576,
614,NFCORE_CHIPSEQ:CHIPSEQ:ALIGN_BWA_MEM:BAM_SORT_SAMTOOLS:BAM_STATS_SAMTOOLS:SAMTOOLS_IDXSTATS,1700959088000,1700959094000,2,0.8,,1073741824.0,,,0.0005769739379133333,0.0005769739379133333,0.0,806.486576,
617,NFCORE_CHIPSEQ:CHIPSEQ:ALIGN_BWA_MEM:BAM_SORT_SAMTOOLS:SAMTOOLS_INDEX,1700959090000,1700959104000,2,77.3,,1073741824.0,,,0.012518001802310278,0.012518001802310278,0.0,806.486576,
620,NFCORE_CHIPSEQ:CHIPSEQ:ALIGN_BWA_MEM:BAM_SORT_SAMTOOLS:SAMTOOLS_INDEX,1700959100000,1700959110000,2,156.3,,1073741824.0,,,0.01718201448214028,0.01718201448214028,0.0,806.486576,
606,NFCORE_CHIPSEQ:CHIPSEQ:ALIGN_BWA_MEM:BAM_SORT_SAMTOOLS:SAMTOOLS_SORT,1700959058000,1700959115000,6,311.7,,6374293504.0,,,0.21504448418633615,0.21504448418633615,0.0,806.486576,
607,NFCORE_CHIPSEQ:CHIPSEQ:ALIGN_BWA_MEM:BAM_SORT_SAMTOOLS:BAM_STATS_SAMTOOLS:SAMTOOLS_STATS,1700959059000,1700959122000,2,101.6,,1073741824.0,,,0.07230000937607,0.07230000937607,0.0,806.486576,
608,NFCORE_CHIPSEQ:CHIPSEQ:ALIGN_BWA_MEM:BAM_SORT_SAMTOOLS:BAM_STATS_SAMTOOLS:SAMTOOLS_FLAGSTAT,1700959060000,1700959123000,2,33.4,,1073741824.0,,,0.027481660144837505,0.027481660144837505,0.0,806.486576,
616,NFCORE_CHIPSEQ:CHIPSEQ:ALIGN_BWA_MEM:BAM_SORT_SAMTOOLS:SAMTOOLS_INDEX,1700959090000,1700959123000,2,38.9,,1073741824.0,,,0.01628840355337708,0.01628840355337708,0.0,806.486576,
621,NFCORE_CHIPSEQ:CHIPSEQ:ALIGN_BWA_MEM:BAM_SORT_SAMTOOLS:BAM_STATS_SAMTOOLS:SAMTOOLS_IDXSTATS,1700959118000,1700959122000,2,4.3,,1073741824.0,,,0.0005306849688116666,0.0005306849688116666,0.0,806.486576,
624,NFCORE_CHIPSEQ:CHIPSEQ:ALIGN_BWA_MEM:BAM_SORT_SAMTOOLS:BAM_STATS_SAMTOOLS:SAMTOOLS_IDXSTATS,1700959118000,1700959123000,2,1.5,,1073741824.0,,,0.000517320534145139,0.000517320534145139,0.0,806.486576,
588,NFCORE_CHIPSEQ:CHIPSEQ:ALIGN_BWA_MEM:BAM_SORT_SAMTOOLS:SAMTOOLS_SORT,1700959051000,1700959145000,6,271.3,,6374293504.0,,,0.3150215429321961,0.3150215429321961,0.0,806.486576,
613,NFCORE_CHIPSEQ:CHIPSEQ:ALIGN_BWA_MEM:BAM_SORT_SAMTOOLS:BAM_STATS_SAMTOOLS:SAMTOOLS_FLAGSTAT,1700959088000,1700959140000,2,37.9,,1073741824.0,,,0.02512415706785833,0.02512415706785833,0.0,806.486576,
630,NFCORE_CHIPSEQ:CHIPSEQ:ALIGN_BWA_MEM:BAM_SORT_SAMTOOLS:SAMTOOLS_INDEX,1700959118000,1700959147000,2,63.4,,1073741824.0,,,0.0217253622086375,0.0217253622086375,0.0,806.486576,
622,NFCORE_CHIPSEQ:CHIPSEQ:ALIGN_BWA_MEM:BAM_SORT_SAMTOOLS:BAM_STATS_SAMTOOLS:SAMTOOLS_STATS,1700959118000,1700959158000,2,103.5,,1073741824.0,,,0.04669753296082778,0.04669753296082778,0.0,806.486576,
623,NFCORE_CHIPSEQ:CHIPSEQ:ALIGN_BWA_MEM:BAM_SORT_SAMTOOLS:BAM_STATS_SAMTOOLS:SAMTOOLS_FLAGSTAT,1700959118000,1700959158000,2,29.4,,1073741824.0,,,0.015779693943611114,0.015779693943611114,0.0,806.486576,
615,NFCORE_CHIPSEQ:CHIPSEQ:ALIGN_BWA_MEM:BAM_SORT_SAMTOOLS:BAM_STATS_SAMTOOLS:SAMTOOLS_STATS,1700959089000,1700959160000,2,89.7,,1073741824.0,,,0.07266770984856347,0.07266770984856347,0.0,806.486576,
618,NFCORE_CHIPSEQ:CHIPSEQ:ALIGN_BWA_MEM:BAM_SORT_SAMTOOLS:SAMTOOLS_SORT,1700959095000,1700959163000,6,440.4,,6374293504.0,,,0.34783328475909514,0.34783328475909514,0.0,806.486576,
619,NFCORE_CHIPSEQ:CHIPSEQ:ALIGN_BWA_MEM:BAM_SORT_SAMTOOLS:SAMTOOLS_SORT,1700959099000,1700959163000,6,458.7,,6374293504.0,,,0.33958943078478443,0.33958943078478443,0.0,806.486576,
625,NFCORE_CHIPSEQ:CHIPSEQ:ALIGN_BWA_MEM:BAM_SORT_SAMTOOLS:BAM_STATS_SAMTOOLS:SAMTOOLS_FLAGSTAT,1700959118000,1700959168000,2,28.4,,1073741824.0,,,0.019203061440694443,0.019203061440694443,0.0,806.486576,
626,NFCORE_CHIPSEQ:CHIPSEQ:ALIGN_BWA_MEM:BAM_SORT_SAMTOOLS:BAM_STATS_SAMTOOLS:SAMTOOLS_STATS,1700959118000,1700959168000,2,100.4,,1073741824.0,,,0.05675509263569445,0.05675509263569445,0.0,806.486576,
633,NFCORE_CHIPSEQ:CHIPSEQ:ALIGN_BWA_MEM:BAM_SORT_SAMTOOLS:BAM_STATS_SAMTOOLS:SAMTOOLS_IDXSTATS,1700959142000,1700959167000,2,0.4,,1073741824.0,,,0.002299746876875,0.002299746876875,0.0,806.486576,
631,NFCORE_CHIPSEQ:CHIPSEQ:ALIGN_BWA_MEM:BAM_SORT_SAMTOOLS:BAM_STATS_SAMTOOLS:SAMTOOLS_FLAGSTAT,1700959142000,1700959170000,2,135.0,,1073741824.0,,,0.04188852071535445,0.04188852071535445,0.0,806.486576,
638,NFCORE_CHIPSEQ:CHIPSEQ:ALIGN_BWA_MEM:BAM_SORT_SAMTOOLS:BAM_STATS_SAMTOOLS:SAMTOOLS_IDXSTATS,1700959160000,1700959169000,2,1.0,,1073741824.0,,,0.0008842369224675,0.0008842369224675,0.0,806.486576,
601,NFCORE_CHIPSEQ:CHIPSEQ:ALIGN_BWA_MEM:BAM_SORT_SAMTOOLS:SAMTOOLS_SORT,1700959048000,1700959170000,6,169.0,,6374293504.0,,,0.2786711137286723,0.2786711137286723,0.0,806.486576,
632,NFCORE_CHIPSEQ:CHIPSEQ:ALIGN_BWA_MEM:BAM_SORT_SAMTOOLS:BAM_STATS_SAMTOOLS:SAMTOOLS_STATS,1700959142000,1700959178000,2,120.7,,1073741824.0,,,0.048486729030284996,0.048486729030284996,0.0,806.486576,
635,NFCORE_CHIPSEQ:CHIPSEQ:ALIGN_BWA_MEM:BAM_SORT_SAMTOOLS:SAMTOOLS_INDEX,1700959153000,1700959181000,2,87.4,,1073741824.0,,,0.02798592427738333,0.02798592427738333,0.0,806.486576,
629,NFCORE_CHIPSEQ:CHIPSEQ:ALIGN_BWA_MEM:BAM_SORT_SAMTOOLS:SAMTOOLS_SORT,1700959118000,1700959186000,6,342.1,,6374293504.0,,,0.2781075077258013,0.2781075077258013,0.0,806.486576,
637,NFCORE_CHIPSEQ:CHIPSEQ:ALIGN_BWA_MEM:BAM_SORT_SAMTOOLS:BAM_STATS_SAMTOOLS:SAMTOOLS_FLAGSTAT,1700959160000,1700959186000,2,135.0,,1073741824.0,,,0.03889648352140056,0.03889648352140056,0.0,806.486576,
645,NFCORE_CHIPSEQ:CHIPSEQ:ALIGN_BWA_MEM:BAM_SORT_SAMTOOLS:BAM_STATS_SAMTOOLS:SAMTOOLS_IDXSTATS,1700959186000,1700959187000,2,28.8,,1073741824.0,,,0.00038823367672444453,0.00038823367672444453,0.0,806.486576,
640,NFCORE_CHIPSEQ:CHIPSEQ:ALIGN_BWA_MEM:BAM_SORT_SAMTOOLS:SAMTOOLS_INDEX,1700959170000,1700959191000,2,67.3,,1073741824.0,,,0.016586467550423752,0.016586467550423752,0.0,806.486576,
641,NFCORE_CHIPSEQ:CHIPSEQ:ALIGN_BWA_MEM:BAM_SORT_SAMTOOLS:SAMTOOLS_INDEX,1700959170000,1700959199000,2,104.7,,1073741824.0,,,0.03421871436481847,0.03421871436481847,0.0,806.486576,
648,NFCORE_CHIPSEQ:CHIPSEQ:ALIGN_BWA_MEM:BAM_SORT_SAMTOOLS:BAM_STATS_SAMTOOLS:SAMTOOLS_IDXSTATS,1700959197000,1700959198000,2,64.9,,1073741824.0,,,0.0007647971006520835,0.0007647971006520835,0.0,806.486576,
636,NFCORE_CHIPSEQ:CHIPSEQ:ALIGN_BWA_MEM:BAM_SORT_SAMTOOLS:BAM_STATS_SAMTOOLS:SAMTOOLS_STATS,1700959160000,1700959200000,2,115.5,,1073741824.0,,,0.056874917498843894,0.056874917498843894,0.0,806.486576,
647,NFCORE_CHIPSEQ:CHIPSEQ:ALIGN_BWA_MEM:BAM_SORT_SAMTOOLS:SAMTOOLS_INDEX,1700959192000,1700959200000,2,163.5,,1073741824.0,,,0.023312971637852363,0.023312971637852363,0.0,806.486576,
649,NFCORE_CHIPSEQ:CHIPSEQ:ALIGN_BWA_MEM:BAM_SORT_SAMTOOLS:BAM_STATS_SAMTOOLS:SAMTOOLS_FLAGSTAT,1700959197000,1700959200000,2,78.7,,1073741824.0,,,0.013631198303493753,0.013631198303493753,0.0,806.486576,
644,NFCORE_CHIPSEQ:CHIPSEQ:ALIGN_BWA_MEM:BAM_SORT_SAMTOOLS:BAM_STATS_SAMTOOLS:SAMTOOLS_STATS,1700959186000,1700959200000,2,130.7,,1073741824.0,,,0.06240008562335431,0.06240008562335431,0.0,806.486576,
650,NFCORE_CHIPSEQ:CHIPSEQ:ALIGN_BWA_MEM:BAM_SORT_SAMTOOLS:BAM_STATS_SAMTOOLS:SAMTOOLS_STATS,1700959197000,1700959200000,2,128.5,,1073741824.0,,,0.045702922189773336,0.045702922189773336,0.0,806.486576,
627,NFCORE_CHIPSEQ:CHIPSEQ:ALIGN_BWA_MEM:BAM_SORT_SAMTOOLS:SAMTOOLS_SORT,1700959118000,1700959200000,6,170.4,,6374293504.0,,,0.2689587838640829,0.2689587838640829,0.0,806.486576,
628,NFCORE_CHIPSEQ:CHIPSEQ:ALIGN_BWA_MEM:BAM_SORT_SAMTOOLS:SAMTOOLS_SORT,1700959118000,1700959200000,6,175.2,,6374293504.0,,,0.2748169007305028,0.2748169007305028,0.0,806.486576,
639,NFCORE_CHIPSEQ:CHIPSEQ:ALIGN_BWA_MEM:BAM_SORT_SAMTOOLS:SAMTOOLS_SORT,1700959170000,1700959200000,6,258.8,,6374293504.0,,,0.24478870496612098,0.24478870496612098,0.0,806.486576,
646,NFCORE_CHIPSEQ:CHIPSEQ:ALIGN_BWA_MEM:BAM_SORT_SAMTOOLS:SAMTOOLS_SORT,1700959192000,1700959200000,6,396.6,,6374293504.0,,,0.2515488651665194,0.2515488651665194,0.0,806.486576,
642,NFCORE_CHIPSEQ:CHIPSEQ:ALIGN_BWA_MEM:BAM_SORT_SAMTOOLS:SAMTOOLS_INDEX,1700959185000,1700959200000,2,25.6,,1073741824.0,,,0.022710661980160002,0.022710661980160002,0.0,806.486576,
643,NFCORE_CHIPSEQ:CHIPSEQ:ALIGN_BWA_MEM:BAM_SORT_SAMTOOLS:BAM_STATS_SAMTOOLS:SAMTOOLS_FLAGSTAT,1700959186000,1700959200000,2,25.0,,1073741824.0,,,0.023007297823894997,0.023007297823894997,0.0,806.486576,
634,NFCORE_CHIPSEQ:CHIPSEQ:ALIGN_BWA_MEM:BAM_SORT_SAMTOOLS:SAMTOOLS_SORT,1700959150000,1700959200000,6,304.9,,6374293504.0,,,0.3812831993435755,0.3812831993435755,0.0,806.486576,
246,NFCORE_CHIPSEQ:CHIPSEQ:ALIGN_BWA_MEM:BWA_MEM,1700958959000,1700959200000,10,1005.9,,34359738368.0,,,6.03948075775864,6.03948075775864,0.0,806.486576,
249,NFCORE_CHIPSEQ:CHIPSEQ:ALIGN_BWA_MEM:BWA_MEM,1700958905000,1700959200000,10,1018.0,,34359738368.0,,,7.90970314735778,7.90970314735778,0.0,806.486576,
217,NFCORE_CHIPSEQ:CHIPSEQ:ALIGN_BWA_MEM:BWA_MEM,1700959167000,1700959200000,10,1013.1,,34359738368.0,,,5.952950951780426,5.952950951780426,0.0,802.85784,
247,NFCORE_CHIPSEQ:CHIPSEQ:ALIGN_BWA_MEM:BWA_MEM,1700958940000,1700959200000,10,1009.5,,34359738368.0,,,9.413996662352407,9.413996662352407,0.0,802.85784,
225,NFCORE_CHIPSEQ:CHIPSEQ:ALIGN_BWA_MEM:BWA_MEM,1700959144000,1700959200000,10,1008.7,,34359738368.0,,,6.780858494146942,6.780858494146942,0.0,802.85784,
244,NFCORE_CHIPSEQ:CHIPSEQ:ALIGN_BWA_MEM:BWA_MEM,1700959132000,1700959200000,10,1006.5,,34359738368.0,,,7.245439048503859,7.245439048503859,0.0,802.85784,
226,NFCORE_CHIPSEQ:CHIPSEQ:ALIGN_BWA_MEM:BWA_MEM,1700959175000,1700959200000,10,1003.7,,34359738368.0,,,7.961380713931028,7.961380713931028,0.0,802.85784,
218,NFCORE_CHIPSEQ:CHIPSEQ:ALIGN_BWA_MEM:BWA_MEM,1700959133000,1700959200000,10,800.9,,34359738368.0,,,7.538315041025899,7.538315041025899,0.0,801.270268,
269,NFCORE_CHIPSEQ:CHIPSEQ:ALIGN_BWA_MEM:BWA_MEM,1700959091000,1700959200000,10,1014.3,,34359738368.0,,,10.06843786428934,10.06843786428934,0.0,801.270268,
652,NFCORE_CHIPSEQ:CHIPSEQ:ALIGN_BWA_MEM:BAM_SORT_SAMTOOLS:BAM_STATS_SAMTOOLS:SAMTOOLS_IDXSTATS,1700959203000,1700959205000,2,63.7,,1073741824.0,,,0.0015045595138408333,0.0015045595138408333,0.0,806.486576,
651,NFCORE_CHIPSEQ:CHIPSEQ:ALIGN_BWA_MEM:BAM_SORT_SAMTOOLS:BAM_STATS_SAMTOOLS:SAMTOOLS_FLAGSTAT,1700959203000,1700959216000,2,110.0,,1073741824.0,,,0.016058127833373886,0.016058127833373886,0.0,806.486576,
656,NFCORE_CHIPSEQ:CHIPSEQ:ALIGN_BWA_MEM:BAM_SORT_SAMTOOLS:BAM_STATS_SAMTOOLS:SAMTOOLS_IDXSTATS,1700959209000,1700959217000,2,3.4,,1073741824.0,,,0.0009862658752333333,0.0009862658752333333,0.0,806.486576,
655,NFCORE_CHIPSEQ:CHIPSEQ:ALIGN_BWA_MEM:BAM_SORT_SAMTOOLS:BAM_STATS_SAMTOOLS:SAMTOOLS_FLAGSTAT,1700959209000,1700959221000,2,149.1,,1073741824.0,,,0.019717168629888333,0.019717168629888333,0.0,806.486576,
653,NFCORE_CHIPSEQ:CHIPSEQ:ALIGN_BWA_MEM:BAM_SORT_SAMTOOLS:BAM_STATS_SAMTOOLS:SAMTOOLS_STATS,1700959203000,1700959243000,2,129.6,,1073741824.0,,,0.057587622007377784,0.057587622007377784,0.0,806.486576,
654,NFCORE_CHIPSEQ:CHIPSEQ:ALIGN_BWA_MEM:BAM_SORT_SAMTOOLS:BAM_STATS_SAMTOOLS:SAMTOOLS_STATS,1700959209000,1700959256000,2,129.2,,1073741824.0,,,0.06746935080687279,0.06746935080687279,0.0,806.486576,
660,NFCORE_CHIPSEQ:CHIPSEQ:ALIGN_BWA_MEM:BAM_SORT_SAMTOOLS:SAMTOOLS_INDEX,1700959250000,1700959261000,2,161.1,,1073741824.0,,,0.019450979054547637,0.019450979054547637,0.0,806.486576,
661,NFCORE_CHIPSEQ:CHIPSEQ:ALIGN_BWA_MEM:BAM_SORT_SAMTOOLS:SAMTOOLS_INDEX,1700959251000,1700959259000,2,166.8,,1073741824.0,,,0.014621825646928889,0.014621825646928889,0.0,806.486576,
662,NFCORE_CHIPSEQ:CHIPSEQ:ALIGN_BWA_MEM:BAM_SORT_SAMTOOLS:BAM_STATS_SAMTOOLS:SAMTOOLS_IDXSTATS,1700959256000,1700959259000,2,10.2,,1073741824.0,,,0.0005826445466508333,0.0005826445466508333,0.0,806.486576,
658,NFCORE_CHIPSEQ:CHIPSEQ:ALIGN_BWA_MEM:BAM_SORT_SAMTOOLS:SAMTOOLS_INDEX,1700959246000,1700959264000,2,105.1,,1073741824.0,,,0.021314306081932497,0.021314306081932497,0.0,806.486576,
669,NFCORE_CHIPSEQ:CHIPSEQ:ALIGN_BWA_MEM:BAM_SORT_SAMTOOLS:BAM_STATS_SAMTOOLS:SAMTOOLS_IDXSTATS,1700959266000,1700959268000,2,60.4,,1073741824.0,,,0.0014357141233166666,0.0014357141233166666,0.0,806.486576,
672,NFCORE_CHIPSEQ:CHIPSEQ:ALIGN_BWA_MEM:BAM_SORT_SAMTOOLS:BAM_STATS_SAMTOOLS:SAMTOOLS_IDXSTATS,1700959267000,1700959270000,2,11.2,,1073741824.0,,,0.0006139379059800001,0.0006139379059800001,0.0,806.486576,
657,NFCORE_CHIPSEQ:CHIPSEQ:ALIGN_BWA_MEM:BAM_SORT_SAMTOOLS:SAMTOOLS_INDEX,1700959244000,1700959270000,2,66.3,,1073741824.0,,,0.02026441737681472,0.02026441737681472,0.0,806.486576,
675,NFCORE_CHIPSEQ:CHIPSEQ:ALIGN_BWA_MEM:BAM_SORT_SAMTOOLS:BAM_STATS_SAMTOOLS:SAMTOOLS_IDXSTATS,1700959271000,1700959271000,2,32.9,,1073741824.0,,,0.0,0.0,0.0,806.486576,
663,NFCORE_CHIPSEQ:CHIPSEQ:ALIGN_BWA_MEM:BAM_SORT_SAMTOOLS:BAM_STATS_SAMTOOLS:SAMTOOLS_FLAGSTAT,1700959256000,1700959271000,2,100.3,,1073741824.0,,,0.017010881111043753,0.017010881111043753,0.0,806.486576,
668,NFCORE_CHIPSEQ:CHIPSEQ:ALIGN_BWA_MEM:BAM_SORT_SAMTOOLS:BAM_STATS_SAMTOOLS:SAMTOOLS_FLAGSTAT,1700959266000,1700959277000,2,152.6,,1073741824.0,,,0.01847566935545528,0.01847566935545528,0.0,806.486576,
674,NFCORE_CHIPSEQ:CHIPSEQ:ALIGN_BWA_MEM:BAM_SORT_SAMTOOLS:BAM_STATS_SAMTOOLS:SAMTOOLS_FLAGSTAT,1700959271000,1700959283000,2,137.5,,1073741824.0,,,0.018265156757015,0.018265156757015,0.0,806.486576,
676,NFCORE_CHIPSEQ:CHIPSEQ:ALIGN_BWA_MEM:BAM_SORT_SAMTOOLS:BAM_STATS_SAMTOOLS:SAMTOOLS_IDXSTATS,1700959274000,1700959277000,2,2.5,,1073741824.0,,,0.00034168567981625,0.00034168567981625,0.0,806.486576,
677,NFCORE_CHIPSEQ:CHIPSEQ:ALIGN_BWA_MEM:BAM_SORT_SAMTOOLS:BAM_STATS_SAMTOOLS:SAMTOOLS_FLAGSTAT,1700959273000,1700959285000,2,129.0,,1073741824.0,,,0.017201182539823334,0.017201182539823334,0.0,806.486576,
666,NFCORE_CHIPSEQ:CHIPSEQ:ALIGN_BWA_MEM:BAM_SORT_SAMTOOLS:SAMTOOLS_INDEX,1700959263000,1700959292000,2,80.2,,1073741824.0,,,0.026807403763694167,0.026807403763694167,0.0,806.486576,
671,NFCORE_CHIPSEQ:CHIPSEQ:ALIGN_BWA_MEM:BAM_SORT_SAMTOOLS:BAM_STATS_SAMTOOLS:SAMTOOLS_STATS,1700959266000,1700959296000,2,126.2,,1073741824.0,,,0.04212674228834167,0.04212674228834167,0.0,806.486576,
670,NFCORE_CHIPSEQ:CHIPSEQ:ALIGN_BWA_MEM:BAM_SORT_SAMTOOLS:BAM_STATS_SAMTOOLS:SAMTOOLS_FLAGSTAT,1700959267000,1700959293000,2,57.0,,1073741824.0,,,0.017742172614883887,0.017742172614883887,0.0,806.486576,
664,NFCORE_CHIPSEQ:CHIPSEQ:ALIGN_BWA_MEM:BAM_SORT_SAMTOOLS:BAM_STATS_SAMTOOLS:SAMTOOLS_STATS,1700959256000,1700959298000,2,125.9,,1073741824.0,,,0.058846007094495834,0.058846007094495834,0.0,806.486576,
681,NFCORE_CHIPSEQ:CHIPSEQ:ALIGN_BWA_MEM:BAM_SORT_SAMTOOLS:BAM_STATS_SAMTOOLS:SAMTOOLS_IDXSTATS,1700959299000,1700959303000,2,1.2,,1073741824.0,,,0.00040133908358444445,0.00040133908358444445,0.0,806.486576,
667,NFCORE_CHIPSEQ:CHIPSEQ:ALIGN_BWA_MEM:BAM_SORT_SAMTOOLS:BAM_STATS_SAMTOOLS:SAMTOOLS_STATS,1700959266000,1700959311000,2,125.7,,1073741824.0,,,0.06295541323754375,0.06295541323754375,0.0,806.486576,
673,NFCORE_CHIPSEQ:CHIPSEQ:ALIGN_BWA_MEM:BAM_SORT_SAMTOOLS:BAM_STATS_SAMTOOLS:SAMTOOLS_STATS,1700959271000,1700959322000,2,120.3,,1073741824.0,,,0.06847673794946542,0.06847673794946542,0.0,806.486576,
680,NFCORE_CHIPSEQ:CHIPSEQ:ALIGN_BWA_MEM:BAM_SORT_SAMTOOLS:BAM_STATS_SAMTOOLS:SAMTOOLS_FLAGSTAT,1700959299000,1700959322000,2,82.6,,1073741824.0,,,0.021836842175965834,0.021836842175965834,0.0,806.486576,
659,NFCORE_CHIPSEQ:CHIPSEQ:ALIGN_BWA_MEM:BAM_SORT_SAMTOOLS:SAMTOOLS_SORT,1700959249000,1700959335000,6,289.9,,6374293504.0,,,0.3048968180471719,0.3048968180471719,0.0,806.486576,
665,NFCORE_CHIPSEQ:CHIPSEQ:ALIGN_BWA_MEM:BAM_SORT_SAMTOOLS:SAMTOOLS_SORT,1700959264000,1700959343000,6,297.4,,6374293504.0,,,0.28626007365037753,0.28626007365037753,0.0,806.486576,
678,NFCORE_CHIPSEQ:CHIPSEQ:ALIGN_BWA_MEM:BAM_SORT_SAMTOOLS:BAM_STATS_SAMTOOLS:SAMTOOLS_STATS,1700959273000,1700959335000,2,132.2,,1073741824.0,,,0.09094231061938944,0.09094231061938944,0.0,806.486576,
679,NFCORE_CHIPSEQ:CHIPSEQ:ALIGN_BWA_MEM:BAM_SORT_SAMTOOLS:BAM_STATS_SAMTOOLS:SAMTOOLS_STATS,1700959299000,1700959348000,2,128.0,,1073741824.0,,,0.06972703716856889,0.06972703716856889,0.0,806.486576,
684,NFCORE_CHIPSEQ:CHIPSEQ:ALIGN_BWA_MEM:BAM_SORT_SAMTOOLS:SAMTOOLS_INDEX,1700959346000,1700959372000,2,74.4,,1073741824.0,,,0.022461211201722224,0.022461211201722224,0.0,806.486576,
685,NFCORE_CHIPSEQ:CHIPSEQ:ALIGN_BWA_MEM:BAM_SORT_SAMTOOLS:SAMTOOLS_INDEX,1700959347000,1700959372000,2,99.6,,1073741824.0,,,0.02816892392231944,0.02816892392231944,0.0,806.486576,
686,NFCORE_CHIPSEQ:CHIPSEQ:ALIGN_BWA_MEM:BAM_SORT_SAMTOOLS:BAM_STATS_SAMTOOLS:SAMTOOLS_IDXSTATS,1700959374000,1700959375000,2,16.1,,1073741824.0,,,0.0002557584555643056,0.0002557584555643056,0.0,806.486576,
682,NFCORE_CHIPSEQ:CHIPSEQ:ALIGN_BWA_MEM:BAM_SORT_SAMTOOLS:SAMTOOLS_SORT,1700959325000,1700959386000,6,333.5,,6374293504.0,,,0.24400662826051048,0.24400662826051048,0.0,806.486576,
690,NFCORE_CHIPSEQ:CHIPSEQ:ALIGN_BWA_MEM:BAM_SORT_SAMTOOLS:BAM_STATS_SAMTOOLS:SAMTOOLS_IDXSTATS,1700959375000,1700959386000,2,7.7,,1073741824.0,,,0.0018495075438690277,0.0018495075438690277,0.0,806.486576,
687,NFCORE_CHIPSEQ:CHIPSEQ:ALIGN_BWA_MEM:BAM_SORT_SAMTOOLS:BAM_STATS_SAMTOOLS:SAMTOOLS_FLAGSTAT,1700959374000,1700959388000,2,117.8,,1073741824.0,,,0.018432446715522778,0.018432446715522778,0.0,806.486576,
689,NFCORE_CHIPSEQ:CHIPSEQ:ALIGN_BWA_MEM:BAM_SORT_SAMTOOLS:BAM_STATS_SAMTOOLS:SAMTOOLS_FLAGSTAT,1700959379000,1700959403000,2,101.9,,1073741824.0,,,0.027617964777083337,0.027617964777083337,0.0,806.486576,
692,NFCORE_CHIPSEQ:CHIPSEQ:ALIGN_BWA_MEM:BAM_SORT_SAMTOOLS:SAMTOOLS_INDEX,1700959389000,1700959404000,2,114.3,,1073741824.0,,,0.01920141626408542,0.01920141626408542,0.0,806.486576,
683,NFCORE_CHIPSEQ:CHIPSEQ:ALIGN_BWA_MEM:BAM_SORT_SAMTOOLS:SAMTOOLS_SORT,1700959346000,1700959418000,6,301.0,,6374293504.0,,,0.26359900324385255,0.26359900324385255,0.0,806.486576,
688,NFCORE_CHIPSEQ:CHIPSEQ:ALIGN_BWA_MEM:BAM_SORT_SAMTOOLS:BAM_STATS_SAMTOOLS:SAMTOOLS_STATS,1700959374000,1700959418000,2,127.3,,1073741824.0,,,0.062290754886745,0.062290754886745,0.0,806.486576,
693,NFCORE_CHIPSEQ:CHIPSEQ:ALIGN_BWA_MEM:BAM_SORT_SAMTOOLS:BAM_STATS_SAMTOOLS:SAMTOOLS_IDXSTATS,1700959414000,1700959416000,2,70.5,,1073741824.0,,,0.0016464227427997224,0.0016464227427997224,0.0,806.486576,
695,NFCORE_CHIPSEQ:CHIPSEQ:ALIGN_BWA_MEM:BAM_SORT_SAMTOOLS:BAM_STATS_SAMTOOLS:SAMTOOLS_FLAGSTAT,1700959414000,1700959427000,2,122.3,,1073741824.0,,,0.01772606388561847,0.01772606388561847,0.0,806.486576,
696,NFCORE_CHIPSEQ:CHIPSEQ:ALIGN_BWA_MEM:BAM_SORT_SAMTOOLS:SAMTOOLS_SORT,1700959416000,1700959438000,6,497.8,,6374293504.0,,,0.1257067160639194,0.1257067160639194,0.0,806.486576,
691,NFCORE_CHIPSEQ:CHIPSEQ:ALIGN_BWA_MEM:BAM_SORT_SAMTOOLS:BAM_STATS_SAMTOOLS:SAMTOOLS_STATS,1700959389000,1700959441000,2,122.3,,1073741824.0,,,0.07090425554247388,0.07090425554247388,0.0,806.486576,
697,NFCORE_CHIPSEQ:CHIPSEQ:ALIGN_BWA_MEM:BAM_SORT_SAMTOOLS:SAMTOOLS_INDEX,1700959420000,1700959441000,2,95.0,,1073741824.0,,,0.02265424992434917,0.02265424992434917,0.0,806.486576,
698,NFCORE_CHIPSEQ:CHIPSEQ:ALIGN_BWA_MEM:BAM_SORT_SAMTOOLS:SAMTOOLS_INDEX,1700959441000,1700959454000,2,79.2,,1073741824.0,,,0.01188150747490778,0.01188150747490778,0.0,806.486576,
694,NFCORE_CHIPSEQ:CHIPSEQ:ALIGN_BWA_MEM:BAM_SORT_SAMTOOLS:BAM_STATS_SAMTOOLS:SAMTOOLS_STATS,1700959414000,1700959461000,2,124.5,,1073741824.0,,,0.06516511644826849,0.06516511644826849,0.0,806.486576,
700,NFCORE_CHIPSEQ:CHIPSEQ:ALIGN_BWA_MEM:BAM_SORT_SAMTOOLS:BAM_STATS_SAMTOOLS:SAMTOOLS_IDXSTATS,1700959455000,1700959461000,2,1.6,,1073741824.0,,,0.00062704331284,0.00062704331284,0.0,806.486576,
699,NFCORE_CHIPSEQ:CHIPSEQ:ALIGN_BWA_MEM:BAM_SORT_SAMTOOLS:BAM_STATS_SAMTOOLS:SAMTOOLS_FLAGSTAT,1700959455000,1700959469000,2,112.3,,1073741824.0,,,0.017629250492740833,0.017629250492740833,0.0,806.486576,
703,NFCORE_CHIPSEQ:CHIPSEQ:ALIGN_BWA_MEM:BAM_SORT_SAMTOOLS:BAM_STATS_SAMTOOLS:SAMTOOLS_IDXSTATS,1700959462000,1700959468000,2,1.9,,1073741824.0,,,0.0006458193284375,0.0006458193284375,0.0,806.486576,
704,NFCORE_CHIPSEQ:CHIPSEQ:ALIGN_BWA_MEM:BAM_SORT_SAMTOOLS:BAM_STATS_SAMTOOLS:SAMTOOLS_FLAGSTAT,1700959462000,1700959478000,2,90.5,,1073741824.0,,,0.016509340270842224,0.016509340270842224,0.0,806.486576,
701,NFCORE_CHIPSEQ:CHIPSEQ:ALIGN_BWA_MEM:BAM_SORT_SAMTOOLS:BAM_STATS_SAMTOOLS:SAMTOOLS_STATS,1700959454000,1700959500000,2,121.1,,1073741824.0,,,0.06214719747591639,0.06214719747591639,0.0,806.486576,
705,NFCORE_CHIPSEQ:CHIPSEQ:ALIGN_BWA_MEM:BAM_SORT_SAMTOOLS:BAM_STATS_SAMTOOLS:SAMTOOLS_STATS,1700959462000,1700959500000,2,69.7,,1073741824.0,,,0.03823272841717126,0.03823272841717126,0.0,802.85784,
702,NFCORE_CHIPSEQ:CHIPSEQ:ALIGN_BWA_MEM:BAM_SORT_SAMTOOLS:SAMTOOLS_SORT,1700959455000,1700959500000,6,359.2,,6374293504.0,,,0.2597449524166353,0.2597449524166353,0.0,802.85784,
706,NFCORE_CHIPSEQ:CHIPSEQ:ALIGN_BWA_MEM:BAM_SORT_SAMTOOLS:SAMTOOLS_SORT,1700959496000,1700959500000,6,441.3,,6374293504.0,,,0.3404418103050896,0.3404418103050896,0.0,802.85784,
707,NFCORE_CHIPSEQ:CHIPSEQ:ALIGN_BWA_MEM:BAM_SORT_SAMTOOLS:SAMTOOLS_SORT,1700959497000,1700959500000,6,329.2,,6374293504.0,,,0.2588044705645656,0.2588044705645656,0.0,802.85784,
227,NFCORE_CHIPSEQ:CHIPSEQ:ALIGN_BWA_MEM:BWA_MEM,1700959225000,1700959500000,10,1011.8,,34359738368.0,,,7.330571994419488,7.330571994419488,0.0,802.85784,
230,NFCORE_CHIPSEQ:CHIPSEQ:ALIGN_BWA_MEM:BWA_MEM,1700959236000,1700959500000,10,1011.2,,34359738368.0,,,7.153724048842134,7.153724048842134,0.0,802.85784,
215,NFCORE_CHIPSEQ:CHIPSEQ:ALIGN_BWA_MEM:BWA_MEM,1700959340000,1700959500000,10,997.7,,34359738368.0,,,5.90018749188895,5.90018749188895,0.0,802.85784,
263,NFCORE_CHIPSEQ:CHIPSEQ:ALIGN_BWA_MEM:BWA_MEM,1700959240000,1700959500000,10,965.4,,34359738368.0,,,7.663553822621028,7.663553822621028,0.0,801.270268,
250,NFCORE_CHIPSEQ:CHIPSEQ:ALIGN_BWA_MEM:BWA_MEM,1700959498000,1700959500000,10,1004.1,,34359738368.0,,,5.095537030117098,5.095537030117098,0.0,801.270268,
235,NFCORE_CHIPSEQ:CHIPSEQ:ALIGN_BWA_MEM:BWA_MEM,1700959249000,1700959500000,10,1012.6,,34359738368.0,,,8.565431063722187,8.565431063722187,0.0,801.270268,
234,NFCORE_CHIPSEQ:CHIPSEQ:ALIGN_BWA_MEM:BWA_MEM,1700959260000,1700959500000,10,1005.3,,34359738368.0,,,8.63408314633341,8.63408314633341,0.0,801.270268,
236,NFCORE_CHIPSEQ:CHIPSEQ:ALIGN_BWA_MEM:BWA_MEM,1700959330000,1700959500000,10,1011.3,,34359738368.0,,,8.070744342756338,8.070744342756338,0.0,801.270268,
245,NFCORE_CHIPSEQ:CHIPSEQ:ALIGN_BWA_MEM:BWA_MEM,1700959340000,1700959500000,10,1005.4,,34359738368.0,,,8.282964780926205,8.282964780926205,0.0,801.270268,
275,NFCORE_CHIPSEQ:CHIPSEQ:ALIGN_BWA_MEM:BWA_MEM,1700959258000,1700959500000,10,1010.7,,34359738368.0,,,9.716863817630294,9.716863817630294,0.0,801.270268,
238,NFCORE_CHIPSEQ:CHIPSEQ:ALIGN_BWA_MEM:BWA_MEM,1700959299000,1700959500000,10,1011.3,,34359738368.0,,,9.23992535072351,9.23992535072351,0.0,801.270268,
284,NFCORE_CHIPSEQ:CHIPSEQ:ALIGN_BWA_MEM:BWA_MEM,1700959427000,1700959500000,10,1012.6,,34359738368.0,,,9.420502269498295,9.420502269498295,0.0,800.476482,
708,NFCORE_CHIPSEQ:CHIPSEQ:ALIGN_BWA_MEM:BAM_SORT_SAMTOOLS:SAMTOOLS_INDEX,1700959522000,1700959537000,2,117.7,,1073741824.0,,,0.019555824939631247,0.019555824939631247,0.0,799.229104,
710,NFCORE_CHIPSEQ:CHIPSEQ:ALIGN_BWA_MEM:BAM_SORT_SAMTOOLS:BAM_STATS_SAMTOOLS:SAMTOOLS_IDXSTATS,1700959544000,1700959563000,2,1.0,,1073741824.0,,,0.001849923990149167,0.001849923990149167,0.0,799.229104,
709,NFCORE_CHIPSEQ:CHIPSEQ:ALIGN_BWA_MEM:BAM_SORT_SAMTOOLS:SAMTOOLS_SORT,1700959527000,1700959577000,6,394.8,,6374293504.0,,,0.22988928472031428,0.22988928472031428,0.0,799.229104,
711,NFCORE_CHIPSEQ:CHIPSEQ:ALIGN_BWA_MEM:BAM_SORT_SAMTOOLS:BAM_STATS_SAMTOOLS:SAMTOOLS_FLAGSTAT,1700959544000,1700959576000,2,113.3,,1073741824.0,,,0.040263608202928895,0.040263608202928895,0.0,799.229104,
713,NFCORE_CHIPSEQ:CHIPSEQ:ALIGN_BWA_MEM:BAM_SORT_SAMTOOLS:SAMTOOLS_INDEX,1700959568000,1700959579000,2,162.8,,1073741824.0,,,0.01946924872445056,0.01946924872445056,0.0,799.229104,
714,NFCORE_CHIPSEQ:CHIPSEQ:ALIGN_BWA_MEM:BAM_SORT_SAMTOOLS:SAMTOOLS_INDEX,1700959569000,1700959581000,2,122.4,,1073741824.0,,,0.016227680932466668,0.016227680932466668,0.0,799.229104,
718,NFCORE_CHIPSEQ:CHIPSEQ:ALIGN_BWA_MEM:BAM_SORT_SAMTOOLS:BAM_STATS_SAMTOOLS:SAMTOOLS_IDXSTATS,1700959584000,1700959585000,2,41.9,,1073741824.0,,,0.0005201580041006946,0.0005201580041006946,0.0,799.229104,
719,NFCORE_CHIPSEQ:CHIPSEQ:ALIGN_BWA_MEM:BAM_SORT_SAMTOOLS:BAM_STATS_SAMTOOLS:SAMTOOLS_IDXSTATS,1700959585000,1700959585000,2,70.2,,1073741824.0,,,0.0,0.0,0.0,799.229104,
715,NFCORE_CHIPSEQ:CHIPSEQ:ALIGN_BWA_MEM:BAM_SORT_SAMTOOLS:SAMTOOLS_INDEX,1700959582000,1700959593000,2,145.6,,1073741824.0,,,0.01751344075352667,0.01751344075352667,0.0,799.229104,
717,NFCORE_CHIPSEQ:CHIPSEQ:ALIGN_BWA_MEM:BAM_SORT_SAMTOOLS:BAM_STATS_SAMTOOLS:SAMTOOLS_FLAGSTAT,1700959584000,1700959598000,2,137.0,,1073741824.0,,,0.021045228613900555,0.021045228613900555,0.0,799.229104,
720,NFCORE_CHIPSEQ:CHIPSEQ:ALIGN_BWA_MEM:BAM_SORT_SAMTOOLS:BAM_STATS_SAMTOOLS:SAMTOOLS_FLAGSTAT,1700959585000,1700959601000,2,92.6,,1073741824.0,,,0.016708106427204442,0.016708106427204442,0.0,799.229104,
723,NFCORE_CHIPSEQ:CHIPSEQ:ALIGN_BWA_MEM:BAM_SORT_SAMTOOLS:BAM_STATS_SAMTOOLS:SAMTOOLS_IDXSTATS,1700959598000,1700959608000,2,1.8,,1073741824.0,,,0.0010563422167972224,0.0010563422167972224,0.0,799.229104,
712,NFCORE_CHIPSEQ:CHIPSEQ:ALIGN_BWA_MEM:BAM_SORT_SAMTOOLS:BAM_STATS_SAMTOOLS:SAMTOOLS_STATS,1700959543000,1700959613000,2,107.8,,1073741824.0,,,0.08409680114260833,0.08409680114260833,0.0,799.229104,
722,NFCORE_CHIPSEQ:CHIPSEQ:ALIGN_BWA_MEM:BAM_SORT_SAMTOOLS:BAM_STATS_SAMTOOLS:SAMTOOLS_FLAGSTAT,1700959598000,1700959613000,2,137.8,,1073741824.0,,,0.0226725062463625,0.0226725062463625,0.0,799.229104,
721,NFCORE_CHIPSEQ:CHIPSEQ:ALIGN_BWA_MEM:BAM_SORT_SAMTOOLS:BAM_STATS_SAMTOOLS:SAMTOOLS_STATS,1700959585000,1700959623000,2,133.9,,1073741824.0,,,0.05590503516190417,0.05590503516190417,0.0,799.229104,
716,NFCORE_CHIPSEQ:CHIPSEQ:ALIGN_BWA_MEM:BAM_SORT_SAMTOOLS:BAM_STATS_SAMTOOLS:SAMTOOLS_STATS,1700959584000,1700959631000,2,132.4,,1073741824.0,,,0.06841692515850835,0.06841692515850835,0.0,799.229104,
724,NFCORE_CHIPSEQ:CHIPSEQ:ALIGN_BWA_MEM:BAM_SORT_SAMTOOLS:BAM_STATS_SAMTOOLS:SAMTOOLS_STATS,1700959598000,1700959654000,2,128.8,,1073741824.0,,,0.07943404859805334,0.07943404859805334,0.0,799.229104,
725,NFCORE_CHIPSEQ:CHIPSEQ:ALIGN_BWA_MEM:BAM_SORT_SAMTOOLS:SAMTOOLS_SORT,1700959618000,1700959654000,6,386.2,,6374293504.0,,,0.16231987195529626,0.16231987195529626,0.0,799.229104,
728,NFCORE_CHIPSEQ:CHIPSEQ:ALIGN_BWA_MEM:BAM_SORT_SAMTOOLS:SAMTOOLS_INDEX,1700959664000,1700959679000,2,78.2,,1073741824.0,,,0.013431003466204166,0.013431003466204166,0.0,799.229104,
727,NFCORE_CHIPSEQ:CHIPSEQ:ALIGN_BWA_MEM:BAM_SORT_SAMTOOLS:SAMTOOLS_SORT,1700959658000,1700959692000,6,455.8,,6374293504.0,,,0.1777641730796665,0.1777641730796665,0.0,799.229104,
726,NFCORE_CHIPSEQ:CHIPSEQ:ALIGN_BWA_MEM:BAM_SORT_SAMTOOLS:SAMTOOLS_SORT,1700959653000,1700959693000,6,443.9,,6374293504.0,,,0.20421378958859027,0.20421378958859027,0.0,799.229104,
732,NFCORE_CHIPSEQ:CHIPSEQ:ALIGN_BWA_MEM:BAM_SORT_SAMTOOLS:BAM_STATS_SAMTOOLS:SAMTOOLS_IDXSTATS,1700959687000,1700959694000,2,1.0,,1073741824.0,,,0.0006815509437391666,0.0006815509437391666,0.0,799.229104,
731,NFCORE_CHIPSEQ:CHIPSEQ:ALIGN_BWA_MEM:BAM_SORT_SAMTOOLS:BAM_STATS_SAMTOOLS:SAMTOOLS_FLAGSTAT,1700959687000,1700959700000,2,92.6,,1073741824.0,,,0.01357533647210361,0.01357533647210361,0.0,799.229104,
733,NFCORE_CHIPSEQ:CHIPSEQ:ALIGN_BWA_MEM:BAM_SORT_SAMTOOLS:SAMTOOLS_INDEX,1700959694000,1700959708000,2,127.1,,1073741824.0,,,0.019612485565433057,0.019612485565433057,0.0,799.229104,
730,NFCORE_CHIPSEQ:CHIPSEQ:ALIGN_BWA_MEM:BAM_SORT_SAMTOOLS:BAM_STATS_SAMTOOLS:SAMTOOLS_STATS,1700959687000,1700959718000,2,103.8,,1073741824.0,,,0.035961049899879714,0.035961049899879714,0.0,799.229104,
734,NFCORE_CHIPSEQ:CHIPSEQ:ALIGN_BWA_MEM:BAM_SORT_SAMTOOLS:SAMTOOLS_INDEX,1700959699000,1700959716000,2,86.9,,1073741824.0,,,0.016750683415149306,0.016750683415149306,0.0,799.229104,
737,NFCORE_CHIPSEQ:CHIPSEQ:ALIGN_BWA_MEM:BAM_SORT_SAMTOOLS:BAM_STATS_SAMTOOLS:SAMTOOLS_IDXSTATS,1700959712000,1700959716000,2,4.1,,1073741824.0,,,0.0005176395998927778,0.0005176395998927778,0.0,799.229104,
736,NFCORE_CHIPSEQ:CHIPSEQ:ALIGN_BWA_MEM:BAM_SORT_SAMTOOLS:BAM_STATS_SAMTOOLS:SAMTOOLS_FLAGSTAT,1700959711000,1700959720000,2,130.8,,1073741824.0,,,0.012952256907605002,0.012952256907605002,0.0,799.229104,
740,NFCORE_CHIPSEQ:CHIPSEQ:ALIGN_BWA_MEM:BAM_SORT_SAMTOOLS:BAM_STATS_SAMTOOLS:SAMTOOLS_IDXSTATS,1700959721000,1700959724000,2,1.5,,1073741824.0,,,0.0003075991387504167,0.0003075991387504167,0.0,799.229104,
729,NFCORE_CHIPSEQ:CHIPSEQ:ALIGN_BWA_MEM:BAM_SORT_SAMTOOLS:SAMTOOLS_SORT,1700959679000,1700959733000,6,268.9,,6374293504.0,,,0.17800158991272183,0.17800158991272183,0.0,799.229104,
739,NFCORE_CHIPSEQ:CHIPSEQ:ALIGN_BWA_MEM:BAM_SORT_SAMTOOLS:BAM_STATS_SAMTOOLS:SAMTOOLS_FLAGSTAT,1700959721000,1700959735000,2,82.1,,1073741824.0,,,0.013100017163308055,0.013100017163308055,0.0,799.229104,
735,NFCORE_CHIPSEQ:CHIPSEQ:ALIGN_BWA_MEM:BAM_SORT_SAMTOOLS:BAM_STATS_SAMTOOLS:SAMTOOLS_STATS,1700959711000,1700959743000,2,122.4,,1073741824.0,,,0.04327381581991112,0.04327381581991112,0.0,799.229104,
738,NFCORE_CHIPSEQ:CHIPSEQ:ALIGN_BWA_MEM:BAM_SORT_SAMTOOLS:BAM_STATS_SAMTOOLS:SAMTOOLS_STATS,1700959721000,1700959750000,2,138.9,,1073741824.0,,,0.04416327039697986,0.04416327039697986,0.0,799.229104,
741,NFCORE_CHIPSEQ:CHIPSEQ:ALIGN_BWA_MEM:BAM_SORT_SAMTOOLS:SAMTOOLS_INDEX,1700959735000,1700959754000,2,93.5,,1073741824.0,,,0.02001764338179153,0.02001764338179153,0.0,799.229104,
742,NFCORE_CHIPSEQ:CHIPSEQ:ALIGN_BWA_MEM:BAM_SORT_SAMTOOLS:BAM_STATS_SAMTOOLS:SAMTOOLS_FLAGSTAT,1700959760000,1700959774000,2,149.5,,1073741824.0,,,0.022854247614490834,0.022854247614490834,0.0,799.229104,
743,NFCORE_CHIPSEQ:CHIPSEQ:ALIGN_BWA_MEM:BAM_SORT_SAMTOOLS:BAM_STATS_SAMTOOLS:SAMTOOLS_IDXSTATS,1700959760000,1700959774000,2,9.8,,1073741824.0,,,0.002636651263893889,0.002636651263893889,0.0,799.229104,
744,NFCORE_CHIPSEQ:CHIPSEQ:ALIGN_BWA_MEM:BAM_SORT_SAMTOOLS:BAM_STATS_SAMTOOLS:SAMTOOLS_STATS,1700959760000,1700959793000,2,137.6,,1073741824.0,,,0.04981128788254667,0.04981128788254667,0.0,799.229104,
747,NFCORE_CHIPSEQ:CHIPSEQ:ALIGN_BWA_MEM:BAM_SORT_SAMTOOLS:SAMTOOLS_SORT,1700959780000,1700959800000,6,333.3,,6374293504.0,,,0.16645534806032963,0.16645534806032963,0.0,799.4558999999999,
745,NFCORE_CHIPSEQ:CHIPSEQ:ALIGN_BWA_MEM:BAM_SORT_SAMTOOLS:SAMTOOLS_SORT,1700959779000,1700959800000,6,246.6,,6374293504.0,,,0.20855652018935522,0.20855652018935522,0.0,799.4558999999999,
746,NFCORE_CHIPSEQ:CHIPSEQ:ALIGN_BWA_MEM:BAM_SORT_SAMTOOLS:SAMTOOLS_SORT,1700959779000,1700959800000,6,247.6,,6374293504.0,,,0.20925972902498924,0.20925972902498924,0.0,799.4558999999999,
748,NFCORE_CHIPSEQ:CHIPSEQ:ALIGN_BWA_MEM:BAM_SORT_SAMTOOLS:SAMTOOLS_SORT,1700959794000,1700959800000,6,311.9,,6374293504.0,,,0.19836364389578584,0.19836364389578584,0.0,799.4558999999999,
265,NFCORE_CHIPSEQ:CHIPSEQ:ALIGN_BWA_MEM:BWA_MEM,1700959509000,1700959800000,10,1012.9,,34359738368.0,,,6.828252909201238,6.828252909201238,0.0,799.4558999999999,
255,NFCORE_CHIPSEQ:CHIPSEQ:ALIGN_BWA_MEM:BWA_MEM,1700959616000,1700959800000,10,1005.7,,34359738368.0,,,5.959836350893674,5.959836350893674,0.0,799.4558999999999,
266,NFCORE_CHIPSEQ:CHIPSEQ:ALIGN_BWA_MEM:BWA_MEM,1700959519000,1700959800000,10,1021.0,,34359738368.0,,,8.299565879724451,8.299565879724451,0.0,799.5692979999999,
267,NFCORE_CHIPSEQ:CHIPSEQ:ALIGN_BWA_MEM:BWA_MEM,1700959576000,1700959800000,10,1014.6,,34359738368.0,,,8.577565787064751,8.577565787064751,0.0,799.5692979999999,
248,NFCORE_CHIPSEQ:CHIPSEQ:ALIGN_BWA_MEM:BWA_MEM,1700959636000,1700959800000,10,1010.1,,34359738368.0,,,11.446425702209233,11.446425702209233,0.0,795.770465,
750,NFCORE_CHIPSEQ:CHIPSEQ:ALIGN_BWA_MEM:BAM_SORT_SAMTOOLS:SAMTOOLS_INDEX,1700959825000,1700959837000,2,162.5,,1073741824.0,,,0.021213999219544165,0.021213999219544165,0.0,799.682696,
749,NFCORE_CHIPSEQ:CHIPSEQ:ALIGN_BWA_MEM:BAM_SORT_SAMTOOLS:SAMTOOLS_SORT,1700959819000,1700959848000,6,343.2,,6374293504.0,,,0.11793401603491563,0.11793401603491563,0.0,799.682696,
751,NFCORE_CHIPSEQ:CHIPSEQ:ALIGN_BWA_MEM:BAM_SORT_SAMTOOLS:BAM_STATS_SAMTOOLS:SAMTOOLS_IDXSTATS,1700959840000,1700959848000,2,136.8,,1073741824.0,,,0.01201612104372889,0.01201612104372889,0.0,799.682696,
753,NFCORE_CHIPSEQ:CHIPSEQ:ALIGN_BWA_MEM:BAM_SORT_SAMTOOLS:BAM_STATS_SAMTOOLS:SAMTOOLS_FLAGSTAT,1700959840000,1700959857000,2,95.2,,1073741824.0,,,0.018219604024428335,0.018219604024428335,0.0,799.682696,
756,NFCORE_CHIPSEQ:CHIPSEQ:ALIGN_BWA_MEM:BAM_SORT_SAMTOOLS:SAMTOOLS_INDEX,1700959850000,1700959863000,2,112.6,,1073741824.0,,,0.016272251709247083,0.016272251709247083,0.0,799.682696,
757,NFCORE_CHIPSEQ:CHIPSEQ:ALIGN_BWA_MEM:BAM_SORT_SAMTOOLS:SAMTOOLS_INDEX,1700959850000,1700959860000,2,122.1,,1073741824.0,,,0.013499712928750697,0.013499712928750697,0.0,799.682696,
758,NFCORE_CHIPSEQ:CHIPSEQ:ALIGN_BWA_MEM:BAM_SORT_SAMTOOLS:SAMTOOLS_INDEX,1700959850000,1700959863000,2,64.2,,1073741824.0,,,0.009764361735622359,0.009764361735622359,0.0,799.682696,
759,NFCORE_CHIPSEQ:CHIPSEQ:ALIGN_BWA_MEM:BAM_SORT_SAMTOOLS:SAMTOOLS_INDEX,1700959854000,1700959868000,2,86.2,,1073741824.0,,,0.013701146891185834,0.013701146891185834,0.0,799.682696,
761,NFCORE_CHIPSEQ:CHIPSEQ:ALIGN_BWA_MEM:BAM_SORT_SAMTOOLS:BAM_STATS_SAMTOOLS:SAMTOOLS_IDXSTATS,1700959865000,1700959866000,2,16.8,,1073741824.0,,,0.00026084094604944443,0.00026084094604944443,0.0,799.682696,
764,NFCORE_CHIPSEQ:CHIPSEQ:ALIGN_BWA_MEM:BAM_SORT_SAMTOOLS:BAM_STATS_SAMTOOLS:SAMTOOLS_IDXSTATS,1700959865000,1700959866000,2,56.5,,1073741824.0,,,0.0006714627387272917,0.0006714627387272917,0.0,799.682696,
768,NFCORE_CHIPSEQ:CHIPSEQ:ALIGN_BWA_MEM:BAM_SORT_SAMTOOLS:BAM_STATS_SAMTOOLS:SAMTOOLS_IDXSTATS,1700959865000,1700959866000,2,45.3,,1073741824.0,,,0.0005556198148484028,0.0005556198148484028,0.0,799.682696,
769,NFCORE_CHIPSEQ:CHIPSEQ:ALIGN_BWA_MEM:BAM_SORT_SAMTOOLS:BAM_STATS_SAMTOOLS:SAMTOOLS_IDXSTATS,1700959871000,1700959874000,2,5.1,,1073741824.0,,,0.00041947938920645835,0.00041947938920645835,0.0,799.682696,
765,NFCORE_CHIPSEQ:CHIPSEQ:ALIGN_BWA_MEM:BAM_SORT_SAMTOOLS:BAM_STATS_SAMTOOLS:SAMTOOLS_FLAGSTAT,1700959865000,1700959879000,2,80.4,,1073741824.0,,,0.01286128569306389,0.01286128569306389,0.0,799.682696,
770,NFCORE_CHIPSEQ:CHIPSEQ:ALIGN_BWA_MEM:BAM_SORT_SAMTOOLS:BAM_STATS_SAMTOOLS:SAMTOOLS_FLAGSTAT,1700959871000,1700959879000,2,147.6,,1073741824.0,,,0.01290976645650889,0.01290976645650889,0.0,799.682696,
752,NFCORE_CHIPSEQ:CHIPSEQ:ALIGN_BWA_MEM:BAM_SORT_SAMTOOLS:BAM_STATS_SAMTOOLS:SAMTOOLS_STATS,1700959840000,1700959884000,2,110.1,,1073741824.0,,,0.05393757047506972,0.05393757047506972,0.0,799.682696,
754,NFCORE_CHIPSEQ:CHIPSEQ:ALIGN_BWA_MEM:BAM_SORT_SAMTOOLS:SAMTOOLS_SORT,1700959845000,1700959892000,6,457.9,,6374293504.0,,,0.24689315570382367,0.24689315570382367,0.0,799.682696,
760,NFCORE_CHIPSEQ:CHIPSEQ:ALIGN_BWA_MEM:BAM_SORT_SAMTOOLS:BAM_STATS_SAMTOOLS:SAMTOOLS_FLAGSTAT,1700959865000,1700959891000,2,43.7,,1073741824.0,,,0.014015841468794026,0.014015841468794026,0.0,799.682696,
767,NFCORE_CHIPSEQ:CHIPSEQ:ALIGN_BWA_MEM:BAM_SORT_SAMTOOLS:BAM_STATS_SAMTOOLS:SAMTOOLS_FLAGSTAT,1700959865000,1700959890000,2,37.0,,1073741824.0,,,0.011744298343989584,0.011744298343989584,0.0,799.682696,
766,NFCORE_CHIPSEQ:CHIPSEQ:ALIGN_BWA_MEM:BAM_SORT_SAMTOOLS:BAM_STATS_SAMTOOLS:SAMTOOLS_STATS,1700959865000,1700959891000,2,128.7,,1073741824.0,,,0.03687413269846763,0.03687413269846763,0.0,799.682696,
762,NFCORE_CHIPSEQ:CHIPSEQ:ALIGN_BWA_MEM:BAM_SORT_SAMTOOLS:BAM_STATS_SAMTOOLS:SAMTOOLS_STATS,1700959865000,1700959895000,2,139.2,,1073741824.0,,,0.04580515842463333,0.04580515842463333,0.0,799.682696,
771,NFCORE_CHIPSEQ:CHIPSEQ:ALIGN_BWA_MEM:BAM_SORT_SAMTOOLS:BAM_STATS_SAMTOOLS:SAMTOOLS_STATS,1700959871000,1700959899000,2,135.7,,1073741824.0,,,0.04173785561238416,0.04173785561238416,0.0,799.682696,
755,NFCORE_CHIPSEQ:CHIPSEQ:ALIGN_BWA_MEM:BAM_SORT_SAMTOOLS:SAMTOOLS_SORT,1700959849000,1700959900000,6,495.1,,6374293504.0,,,0.2875283030236065,0.2875283030236065,0.0,799.682696,
763,NFCORE_CHIPSEQ:CHIPSEQ:ALIGN_BWA_MEM:BAM_SORT_SAMTOOLS:BAM_STATS_SAMTOOLS:SAMTOOLS_STATS,1700959865000,1700959905000,2,114.1,,1073741824.0,,,0.05068905388989166,0.05068905388989166,0.0,799.682696,
773,NFCORE_CHIPSEQ:CHIPSEQ:ALIGN_BWA_MEM:BAM_SORT_SAMTOOLS:SAMTOOLS_INDEX,1700959895000,1700959903000,2,146.7,,1073741824.0,,,0.012835296005443886,0.012835296005443886,0.0,799.682696,
772,NFCORE_CHIPSEQ:CHIPSEQ:ALIGN_BWA_MEM:BAM_SORT_SAMTOOLS:SAMTOOLS_SORT,1700959890000,1700959921000,6,292.1,,6374293504.0,,,0.10968286290499633,0.10968286290499633,0.0,799.682696,
775,NFCORE_CHIPSEQ:CHIPSEQ:ALIGN_BWA_MEM:BAM_SORT_SAMTOOLS:SAMTOOLS_INDEX,1700959905000,1700959918000,2,169.9,,1073741824.0,,,0.023976840459013538,0.023976840459013538,0.0,799.682696,
778,NFCORE_CHIPSEQ:CHIPSEQ:ALIGN_BWA_MEM:BAM_SORT_SAMTOOLS:BAM_STATS_SAMTOOLS:SAMTOOLS_FLAGSTAT,1700959913000,1700959928000,2,159.3,,1073741824.0,,,0.02602102935066354,0.02602102935066354,0.0,799.682696,
776,NFCORE_CHIPSEQ:CHIPSEQ:ALIGN_BWA_MEM:BAM_SORT_SAMTOOLS:BAM_STATS_SAMTOOLS:SAMTOOLS_IDXSTATS,1700959913000,1700959923000,2,1.2,,1073741824.0,,,0.000994883020752778,0.000994883020752778,0.0,799.682696,
780,NFCORE_CHIPSEQ:CHIPSEQ:ALIGN_BWA_MEM:BAM_SORT_SAMTOOLS:SAMTOOLS_INDEX,1700959925000,1700959933000,2,168.3,,1073741824.0,,,0.01462258683100389,0.01462258683100389,0.0,799.682696,
783,NFCORE_CHIPSEQ:CHIPSEQ:ALIGN_BWA_MEM:BAM_SORT_SAMTOOLS:BAM_STATS_SAMTOOLS:SAMTOOLS_IDXSTATS,1700959925000,1700959928000,2,4.7,,1073741824.0,,,0.00040706764736229165,0.00040706764736229165,0.0,799.682696,
781,NFCORE_CHIPSEQ:CHIPSEQ:ALIGN_BWA_MEM:BAM_SORT_SAMTOOLS:BAM_STATS_SAMTOOLS:SAMTOOLS_FLAGSTAT,1700959925000,1700959943000,2,98.7,,1073741824.0,,,0.019942961884448752,0.019942961884448752,0.0,799.682696,
774,NFCORE_CHIPSEQ:CHIPSEQ:ALIGN_BWA_MEM:BAM_SORT_SAMTOOLS:SAMTOOLS_SORT,1700959900000,1700959949000,6,330.9,,6374293504.0,,,0.19303402285569365,0.19303402285569365,0.0,799.682696,
784,NFCORE_CHIPSEQ:CHIPSEQ:ALIGN_BWA_MEM:BAM_SORT_SAMTOOLS:BAM_STATS_SAMTOOLS:SAMTOOLS_IDXSTATS,1700959939000,1700959949000,2,82.9,,1073741824.0,,,0.009445210592989584,0.009445210592989584,0.0,799.682696,
785,NFCORE_CHIPSEQ:CHIPSEQ:ALIGN_BWA_MEM:BAM_SORT_SAMTOOLS:BAM_STATS_SAMTOOLS:SAMTOOLS_FLAGSTAT,1700959939000,1700959949000,2,159.7,,1073741824.0,,,0.01738872537325625,0.01738872537325625,0.0,799.682696,
777,NFCORE_CHIPSEQ:CHIPSEQ:ALIGN_BWA_MEM:BAM_SORT_SAMTOOLS:BAM_STATS_SAMTOOLS:SAMTOOLS_STATS,1700959913000,1700959957000,2,103.0,,1073741824.0,,,0.050706380348305,0.050706380348305,0.0,799.682696,
779,NFCORE_CHIPSEQ:CHIPSEQ:ALIGN_BWA_MEM:BAM_SORT_SAMTOOLS:SAMTOOLS_SORT,1700959915000,1700959962000,6,341.3,,6374293504.0,,,0.19021079932515522,0.19021079932515522,0.0,799.682696,
788,NFCORE_CHIPSEQ:CHIPSEQ:ALIGN_BWA_MEM:BAM_SORT_SAMTOOLS:SAMTOOLS_INDEX,1700959955000,1700959963000,2,170.7,,1073741824.0,,,0.014821174700510554,0.014821174700510554,0.0,799.682696,
786,NFCORE_CHIPSEQ:CHIPSEQ:ALIGN_BWA_MEM:BAM_SORT_SAMTOOLS:BAM_STATS_SAMTOOLS:SAMTOOLS_STATS,1700959939000,1700959963000,2,134.7,,1073741824.0,,,0.035527069973731666,0.035527069973731666,0.0,799.682696,
790,NFCORE_CHIPSEQ:CHIPSEQ:ALIGN_BWA_MEM:BAM_SORT_SAMTOOLS:BAM_STATS_SAMTOOLS:SAMTOOLS_IDXSTATS,1700959965000,1700959969000,2,26.2,,1073741824.0,,,0.0014322650286483331,0.0014322650286483331,0.0,799.682696,
782,NFCORE_CHIPSEQ:CHIPSEQ:ALIGN_BWA_MEM:BAM_SORT_SAMTOOLS:BAM_STATS_SAMTOOLS:SAMTOOLS_STATS,1700959924000,1700959980000,2,112.3,,1073741824.0,,,0.06992208913093832,0.06992208913093832,0.0,799.682696,
787,NFCORE_CHIPSEQ:CHIPSEQ:ALIGN_BWA_MEM:BAM_SORT_SAMTOOLS:SAMTOOLS_SORT,1700959944000,1700959983000,6,451.7,,6374293504.0,,,0.20236782279391372,0.20236782279391372,0.0,799.682696,
789,NFCORE_CHIPSEQ:CHIPSEQ:ALIGN_BWA_MEM:BAM_SORT_SAMTOOLS:SAMTOOLS_INDEX,1700959965000,1700959980000,2,85.1,,1073741824.0,,,0.014509138790198956,0.014509138790198956,0.0,799.682696,
792,NFCORE_CHIPSEQ:CHIPSEQ:ALIGN_BWA_MEM:BAM_SORT_SAMTOOLS:BAM_STATS_SAMTOOLS:SAMTOOLS_FLAGSTAT,1700959965000,1700959983000,2,64.4,,1073741824.0,,,0.013557120705625,0.013557120705625,0.0,799.682696,
796,NFCORE_CHIPSEQ:CHIPSEQ:ALIGN_BWA_MEM:BAM_SORT_SAMTOOLS:BAM_STATS_SAMTOOLS:SAMTOOLS_IDXSTATS,1700959988000,1700959988000,2,39.8,,1073741824.0,,,0.0,0.0,0.0,799.682696,
791,NFCORE_CHIPSEQ:CHIPSEQ:ALIGN_BWA_MEM:BAM_SORT_SAMTOOLS:BAM_STATS_SAMTOOLS:SAMTOOLS_STATS,1700959965000,1700959998000,2,140.6,,1073741824.0,,,0.05086352632809708,0.05086352632809708,0.0,799.682696,
794,NFCORE_CHIPSEQ:CHIPSEQ:ALIGN_BWA_MEM:BAM_SORT_SAMTOOLS:SAMTOOLS_INDEX,1700959987000,1700959997000,2,167.6,,1073741824.0,,,0.018205831711330552,0.018205831711330552,0.0,799.682696,
795,NFCORE_CHIPSEQ:CHIPSEQ:ALIGN_BWA_MEM:BAM_SORT_SAMTOOLS:BAM_STATS_SAMTOOLS:SAMTOOLS_FLAGSTAT,1700959988000,1700959997000,2,144.9,,1073741824.0,,,0.014272149491228127,0.014272149491228127,0.0,799.682696,
801,NFCORE_CHIPSEQ:CHIPSEQ:ALIGN_BWA_MEM:BAM_SORT_SAMTOOLS:BAM_STATS_SAMTOOLS:SAMTOOLS_IDXSTATS,1700960001000,1700960001000,2,133.3,,1073741824.0,,,0.0,0.0,0.0,799.682696,
793,NFCORE_CHIPSEQ:CHIPSEQ:ALIGN_BWA_MEM:BAM_SORT_SAMTOOLS:SAMTOOLS_SORT,1700959969000,1700960021000,6,281.9,,6374293504.0,,,0.17849816723583992,0.17849816723583992,0.0,799.682696,
797,NFCORE_CHIPSEQ:CHIPSEQ:ALIGN_BWA_MEM:BAM_SORT_SAMTOOLS:BAM_STATS_SAMTOOLS:SAMTOOLS_STATS,1700959988000,1700960023000,2,138.9,,1073741824.0,,,0.053330748754269096,0.053330748754269096,0.0,799.682696,
802,NFCORE_CHIPSEQ:CHIPSEQ:ALIGN_BWA_MEM:BAM_SORT_SAMTOOLS:BAM_STATS_SAMTOOLS:SAMTOOLS_FLAGSTAT,1700960001000,1700960023000,2,68.1,,1073741824.0,,,0.01741174401752653,0.01741174401752653,0.0,799.682696,
800,NFCORE_CHIPSEQ:CHIPSEQ:ALIGN_BWA_MEM:BAM_SORT_SAMTOOLS:BAM_STATS_SAMTOOLS:SAMTOOLS_STATS,1700960001000,1700960033000,2,138.5,,1073741824.0,,,0.04862714980518445,0.04862714980518445,0.0,799.682696,
803,NFCORE_CHIPSEQ:CHIPSEQ:ALIGN_BWA_MEM:BAM_SORT_SAMTOOLS:SAMTOOLS_INDEX,1700960034000,1700960043000,2,142.8,,1073741824.0,,,0.0140766645571825,0.0140766645571825,0.0,799.682696,
799,NFCORE_CHIPSEQ:CHIPSEQ:ALIGN_BWA_MEM:BAM_SORT_SAMTOOLS:SAMTOOLS_SORT,1700960001000,1700960049000,6,349.2,,6374293504.0,,,0.19817994803142586,0.19817994803142586,0.0,799.682696,
806,NFCORE_CHIPSEQ:CHIPSEQ:ALIGN_BWA_MEM:BAM_SORT_SAMTOOLS:BAM_STATS_SAMTOOLS:SAMTOOLS_IDXSTATS,1700960046000,1700960048000,2,33.2,,1073741824.0,,,0.0008609361691727779,0.0008609361691727779,0.0,799.682696,
807,NFCORE_CHIPSEQ:CHIPSEQ:ALIGN_BWA_MEM:BAM_SORT_SAMTOOLS:BAM_STATS_SAMTOOLS:SAMTOOLS_FLAGSTAT,1700960045000,1700960058000,2,154.3,,1073741824.0,,,0.021879256087349374,0.021879256087349374,0.0,799.682696,
798,NFCORE_CHIPSEQ:CHIPSEQ:ALIGN_BWA_MEM:BAM_SORT_SAMTOOLS:SAMTOOLS_SORT,1700960001000,1700960063000,6,315.2,,6374293504.0,,,0.2341791397010056,0.2341791397010056,0.0,799.682696,
804,NFCORE_CHIPSEQ:CHIPSEQ:ALIGN_BWA_MEM:BAM_SORT_SAMTOOLS:SAMTOOLS_SORT,1700960032000,1700960075000,6,383.4,,6374293504.0,,,0.1927467930748452,0.1927467930748452,0.0,799.682696,
805,NFCORE_CHIPSEQ:CHIPSEQ:ALIGN_BWA_MEM:BAM_SORT_SAMTOOLS:BAM_STATS_SAMTOOLS:SAMTOOLS_STATS,1700960045000,1700960077000,2,132.6,,1073741824.0,,,0.04667436908836888,0.04667436908836888,0.0,799.682696,
808,NFCORE_CHIPSEQ:CHIPSEQ:ALIGN_BWA_MEM:BAM_SORT_SAMTOOLS:SAMTOOLS_INDEX,1700960062000,1700960074000,2,141.9,,1073741824.0,,,0.018657180399645836,0.018657180399645836,0.0,799.682696,
809,NFCORE_CHIPSEQ:CHIPSEQ:ALIGN_BWA_MEM:BAM_SORT_SAMTOOLS:SAMTOOLS_INDEX,1700960075000,1700960092000,2,122.0,,1073741824.0,,,0.02293192867793028,0.02293192867793028,0.0,799.682696,
812,NFCORE_CHIPSEQ:CHIPSEQ:ALIGN_BWA_MEM:BAM_SORT_SAMTOOLS:BAM_STATS_SAMTOOLS:SAMTOOLS_IDXSTATS,1700960083000,1700960091000,2,1.0,,1073741824.0,,,0.0007793574274766665,0.0007793574274766665,0.0,799.682696,
811,NFCORE_CHIPSEQ:CHIPSEQ:ALIGN_BWA_MEM:BAM_SORT_SAMTOOLS:SAMTOOLS_INDEX,1700960082000,1700960097000,2,104.5,,1073741824.0,,,0.017518986187409376,0.017518986187409376,0.0,799.682696,
814,NFCORE_CHIPSEQ:CHIPSEQ:ALIGN_BWA_MEM:BAM_SORT_SAMTOOLS:BAM_STATS_SAMTOOLS:SAMTOOLS_FLAGSTAT,1700960080000,1700960096000,2,106.3,,1073741824.0,,,0.018984800404163334,0.018984800404163334,0.0,799.682696,
810,NFCORE_CHIPSEQ:CHIPSEQ:ALIGN_BWA_MEM:BAM_SORT_SAMTOOLS:SAMTOOLS_SORT,1700960082000,1700960100000,6,387.6,,6374293504.0,,,0.15388143831537995,0.15388143831537995,0.0,799.682696,
813,NFCORE_CHIPSEQ:CHIPSEQ:ALIGN_BWA_MEM:BAM_SORT_SAMTOOLS:BAM_STATS_SAMTOOLS:SAMTOOLS_STATS,1700960082000,1700960100000,2,134.6,,1073741824.0,,,0.06064967108715737,0.06064967108715737,0.0,799.682696,
816,NFCORE_CHIPSEQ:CHIPSEQ:ALIGN_BWA_MEM:BAM_SORT_SAMTOOLS:BAM_STATS_SAMTOOLS:SAMTOOLS_STATS,1700960095000,1700960100000,2,139.6,,1073741824.0,,,0.06583196204174083,0.06583196204174083,0.0,799.682696,
817,NFCORE_CHIPSEQ:CHIPSEQ:ALIGN_BWA_MEM:BAM_SORT_SAMTOOLS:BAM_STATS_SAMTOOLS:SAMTOOLS_IDXSTATS,1700960104000,1700960105000,2,9.0,,1073741824.0,,,0.0001801646240623611,0.0001801646240623611,0.0,799.682696,
819,NFCORE_CHIPSEQ:CHIPSEQ:ALIGN_BWA_MEM:BAM_SORT_SAMTOOLS:BAM_STATS_SAMTOOLS:SAMTOOLS_IDXSTATS,1700960105000,1700960108000,2,1.7,,1073741824.0,,,0.00031397958353104167,0.00031397958353104167,0.0,799.682696,
820,NFCORE_CHIPSEQ:CHIPSEQ:ALIGN_BWA_MEM:BAM_SORT_SAMTOOLS:BAM_STATS_SAMTOOLS:SAMTOOLS_FLAGSTAT,1700960100000,1700960112000,2,114.0,,1073741824.0,,,0.015194304425123335,0.015194304425123335,0.0,799.682696,
815,NFCORE_CHIPSEQ:CHIPSEQ:ALIGN_BWA_MEM:BAM_SORT_SAMTOOLS:BAM_STATS_SAMTOOLS:SAMTOOLS_FLAGSTAT,1700960104000,1700960117000,2,144.8,,1073741824.0,,,0.020601880989220556,0.020601880989220556,0.0,799.682696,
818,NFCORE_CHIPSEQ:CHIPSEQ:ALIGN_BWA_MEM:BAM_SORT_SAMTOOLS:BAM_STATS_SAMTOOLS:SAMTOOLS_STATS,1700960105000,1700960143000,2,127.8,,1073741824.0,,,0.05353922853212472,0.05353922853212472,0.0,799.682696,
821,NFCORE_CHIPSEQ:CHIPSEQ:ALIGN_BWA_MEM:BAM_SORT_SAMTOOLS:SAMTOOLS_INDEX,1700960123000,1700960138000,2,110.8,,1073741824.0,,,0.018496410857637497,0.018496410857637497,0.0,799.682696,
824,NFCORE_CHIPSEQ:CHIPSEQ:ALIGN_BWA_MEM:BAM_SORT_SAMTOOLS:BAM_STATS_SAMTOOLS:SAMTOOLS_IDXSTATS,1700960154000,1700960159000,2,1.4,,1073741824.0,,,0.0005077846285798612,0.0005077846285798612,0.0,799.682696,
825,NFCORE_CHIPSEQ:CHIPSEQ:ALIGN_BWA_MEM:BAM_SORT_SAMTOOLS:BAM_STATS_SAMTOOLS:SAMTOOLS_FLAGSTAT,1700960146000,1700960161000,2,92.4,,1073741824.0,,,0.01564171023347917,0.01564171023347917,0.0,799.682696,
826,NFCORE_CHIPSEQ:CHIPSEQ:ALIGN_BWA_MEM:BAM_SORT_SAMTOOLS:BAM_STATS_SAMTOOLS:SAMTOOLS_STATS,1700960153000,1700960183000,2,138.7,,1073741824.0,,,0.045650011651581245,0.045650011651581245,0.0,799.682696,
822,NFCORE_CHIPSEQ:CHIPSEQ:ALIGN_BWA_MEM:BAM_SORT_SAMTOOLS:SAMTOOLS_SORT,1700960144000,1700960198000,6,395.1,,6374293504.0,,,0.24858889431448034,0.24858889431448034,0.0,799.682696,
823,NFCORE_CHIPSEQ:CHIPSEQ:ALIGN_BWA_MEM:BAM_SORT_SAMTOOLS:SAMTOOLS_SORT,1700960154000,1700960204000,6,403.8,,6374293504.0,,,0.23467415856154775,0.23467415856154775,0.0,799.682696,
827,NFCORE_CHIPSEQ:CHIPSEQ:ALIGN_BWA_MEM:BAM_SORT_SAMTOOLS:SAMTOOLS_INDEX,1700960205000,1700960223000,2,129.0,,1073741824.0,,,0.0255840985526225,0.0255840985526225,0.0,799.682696,
828,NFCORE_CHIPSEQ:CHIPSEQ:ALIGN_BWA_MEM:BAM_SORT_SAMTOOLS:SAMTOOLS_INDEX,1700960215000,1700960233000,2,141.3,,1073741824.0,,,0.027874064922871252,0.027874064922871252,0.0,799.682696,
834,NFCORE_CHIPSEQ:CHIPSEQ:ALIGN_BWA_MEM:BAM_SORT_SAMTOOLS:BAM_STATS_SAMTOOLS:SAMTOOLS_IDXSTATS,1700960239000,1700960243000,2,90.9,,1073741824.0,,,0.004109064019706944,0.004109064019706944,0.0,799.682696,
830,NFCORE_CHIPSEQ:CHIPSEQ:ALIGN_BWA_MEM:BAM_SORT_SAMTOOLS:BAM_STATS_SAMTOOLS:SAMTOOLS_IDXSTATS,1700960238000,1700960243000,2,4.6,,1073741824.0,,,0.0006732745198354166,0.0006732745198354166,0.0,799.682696,
832,NFCORE_CHIPSEQ:CHIPSEQ:ALIGN_BWA_MEM:BAM_SORT_SAMTOOLS:BAM_STATS_SAMTOOLS:SAMTOOLS_FLAGSTAT,1700960236000,1700960253000,2,132.6,,1073741824.0,,,0.02479575857819597,0.02479575857819597,0.0,799.682696,
835,NFCORE_CHIPSEQ:CHIPSEQ:ALIGN_BWA_MEM:BAM_SORT_SAMTOOLS:BAM_STATS_SAMTOOLS:SAMTOOLS_FLAGSTAT,1700960245000,1700960258000,2,150.6,,1073741824.0,,,0.021381752101762356,0.021381752101762356,0.0,799.682696,
829,NFCORE_CHIPSEQ:CHIPSEQ:ALIGN_BWA_MEM:BAM_SORT_SAMTOOLS:SAMTOOLS_SORT,1700960225000,1700960274000,6,374.3,,6374293504.0,,,0.21502969802719768,0.21502969802719768,0.0,799.682696,
831,NFCORE_CHIPSEQ:CHIPSEQ:ALIGN_BWA_MEM:BAM_SORT_SAMTOOLS:BAM_STATS_SAMTOOLS:SAMTOOLS_STATS,1700960236000,1700960283000,2,138.9,,1073741824.0,,,0.07161557689858994,0.07161557689858994,0.0,799.682696,
833,NFCORE_CHIPSEQ:CHIPSEQ:ALIGN_BWA_MEM:BAM_SORT_SAMTOOLS:BAM_STATS_SAMTOOLS:SAMTOOLS_STATS,1700960247000,1700960288000,2,140.2,,1073741824.0,,,0.06302445102667457,0.06302445102667457,0.0,799.682696,
836,NFCORE_CHIPSEQ:CHIPSEQ:ALIGN_BWA_MEM:BAM_SORT_SAMTOOLS:SAMTOOLS_INDEX,1700960287000,1700960298000,2,163.5,,1073741824.0,,,0.019559940251487013,0.019559940251487013,0.0,799.682696,
839,NFCORE_CHIPSEQ:CHIPSEQ:ALIGN_BWA_MEM:BAM_SORT_SAMTOOLS:BAM_STATS_SAMTOOLS:SAMTOOLS_IDXSTATS,1700960307000,1700960308000,2,75.0,,1073741824.0,,,0.0008628104254915277,0.0008628104254915277,0.0,799.682696,
837,NFCORE_CHIPSEQ:CHIPSEQ:ALIGN_BWA_MEM:BAM_SORT_SAMTOOLS:BAM_STATS_SAMTOOLS:SAMTOOLS_FLAGSTAT,1700960307000,1700960318000,2,149.2,,1073741824.0,,,0.017932967758080835,0.017932967758080835,0.0,799.682696,
838,NFCORE_CHIPSEQ:CHIPSEQ:ALIGN_BWA_MEM:BAM_SORT_SAMTOOLS:BAM_STATS_SAMTOOLS:SAMTOOLS_STATS,1700960308000,1700960348000,2,139.1,,1073741824.0,,,0.061032172093363896,0.061032172093363896,0.0,799.682696,
840,NFCORE_CHIPSEQ:CHIPSEQ:ALIGN_BWA_MEM:BAM_SORT_SAMTOOLS:SAMTOOLS_SORT,1700960511000,1700960570000,6,342.3,,6374293504.0,,,0.237077190990651,0.237077190990651,0.0,791.971632,
886,NFCORE_CHIPSEQ:CHIPSEQ:PICARD_MERGESAMFILES,1700960576000,1700960579000,3,185.3,,1073741824.0,,,0.005953007391461251,0.005953007391461251,0.0,791.971632,
895,NFCORE_CHIPSEQ:CHIPSEQ:PICARD_MERGESAMFILES,1700960576000,1700960579000,3,199.1,,1073741824.0,,,0.0063770834512837495,0.0063770834512837495,0.0,791.971632,
901,NFCORE_CHIPSEQ:CHIPSEQ:PICARD_MERGESAMFILES,1700960576000,1700960579000,3,199.3,,1073741824.0,,,0.00638322948113625,0.00638322948113625,0.0,791.971632,
911,NFCORE_CHIPSEQ:CHIPSEQ:PICARD_MERGESAMFILES,1700960576000,1700960579000,3,208.3,,1073741824.0,,,0.006659800824498751,0.006659800824498751,0.0,791.971632,
867,NFCORE_CHIPSEQ:CHIPSEQ:PICARD_MERGESAMFILES,1700960576000,1700960579000,3,182.4,,1073741824.0,,,0.0058638899586,0.0058638899586,0.0,791.971632,
842,NFCORE_CHIPSEQ:CHIPSEQ:PICARD_MERGESAMFILES,1700960575000,1700960578000,3,169.0,,1073741824.0,,,0.0054521059584825005,0.0054521059584825005,0.0,791.971632,
856,NFCORE_CHIPSEQ:CHIPSEQ:PICARD_MERGESAMFILES,1700960576000,1700960579000,3,185.8,,1073741824.0,,,0.005968372466092502,0.005968372466092502,0.0,791.971632,
883,NFCORE_CHIPSEQ:CHIPSEQ:PICARD_MERGESAMFILES,1700960575000,1700960578000,3,168.8,,1073741824.0,,,0.005445959928630001,0.005445959928630001,0.0,791.971632,
848,NFCORE_CHIPSEQ:CHIPSEQ:PICARD_MERGESAMFILES,1700960576000,1700960579000,3,186.3,,1073741824.0,,,0.00598373754072375,0.00598373754072375,0.0,791.971632,
868,NFCORE_CHIPSEQ:CHIPSEQ:PICARD_MERGESAMFILES,1700960575000,1700960578000,3,175.1,,1073741824.0,,,0.00563955986898375,0.00563955986898375,0.0,791.971632,
858,NFCORE_CHIPSEQ:CHIPSEQ:PICARD_MERGESAMFILES,1700960576000,1700960579000,3,174.3,,1073741824.0,,,0.005614975749573751,0.005614975749573751,0.0,791.971632,
854,NFCORE_CHIPSEQ:CHIPSEQ:PICARD_MERGESAMFILES,1700960575000,1700960578000,3,181.3,,1073741824.0,,,0.00583008679441125,0.00583008679441125,0.0,791.971632,
876,NFCORE_CHIPSEQ:CHIPSEQ:PICARD_MERGESAMFILES,1700960576000,1700960579000,3,151.4,,1073741824.0,,,0.0049112553314625005,0.0049112553314625005,0.0,791.971632,
878,NFCORE_CHIPSEQ:CHIPSEQ:PICARD_MERGESAMFILES,1700960575000,1700960578000,3,194.0,,1073741824.0,,,0.006220359690045001,0.006220359690045001,0.0,791.971632,
885,NFCORE_CHIPSEQ:CHIPSEQ:PICARD_MERGESAMFILES,1700960576000,1700960579000,3,179.3,,1073741824.0,,,0.005768626495886251,0.005768626495886251,0.0,791.971632,
893,NFCORE_CHIPSEQ:CHIPSEQ:PICARD_MERGESAMFILES,1700960576000,1700960579000,3,179.2,,1073741824.0,,,0.00576555348096,0.00576555348096,0.0,791.971632,
902,NFCORE_CHIPSEQ:CHIPSEQ:PICARD_MERGESAMFILES,1700960576000,1700960579000,3,191.4,,1073741824.0,,,0.006140461301962501,0.006140461301962501,0.0,791.971632,
910,NFCORE_CHIPSEQ:CHIPSEQ:PICARD_MERGESAMFILES,1700960576000,1700960579000,3,203.6,,1073741824.0,,,0.006515369122964999,0.006515369122964999,0.0,791.971632,
915,NFCORE_CHIPSEQ:CHIPSEQ:PICARD_MERGESAMFILES,1700960576000,1700960580000,3,202.1,,1073741824.0,,,0.008625698532095,0.008625698532095,0.0,791.971632,
917,NFCORE_CHIPSEQ:CHIPSEQ:PICARD_MERGESAMFILES,1700960576000,1700960579000,3,207.3,,1073741824.0,,,0.00662907067523625,0.00662907067523625,0.0,791.971632,
920,NFCORE_CHIPSEQ:CHIPSEQ:PICARD_MERGESAMFILES,1700960582000,1700960585000,3,191.0,,1073741824.0,,,0.0061281692422575,0.0061281692422575,0.0,791.971632,
866,NFCORE_CHIPSEQ:CHIPSEQ:PICARD_MERGESAMFILES,1700960582000,1700960586000,3,171.9,,1073741824.0,,,0.0073882978551250015,0.0073882978551250015,0.0,791.971632,
847,NFCORE_CHIPSEQ:CHIPSEQ:PICARD_MERGESAMFILES,1700960583000,1700960587000,3,181.0,,1073741824.0,,,0.007761156999510001,0.007761156999510001,0.0,791.971632,
857,NFCORE_CHIPSEQ:CHIPSEQ:PICARD_MERGESAMFILES,1700960583000,1700960587000,3,182.3,,1073741824.0,,,0.007814422591565002,0.007814422591565002,0.0,791.971632,
846,NFCORE_CHIPSEQ:CHIPSEQ:PICARD_MERGESAMFILES,1700960583000,1700960586000,3,188.9,,1073741824.0,,,0.00606363592880625,0.00606363592880625,0.0,791.971632,
844,NFCORE_CHIPSEQ:CHIPSEQ:PICARD_MERGESAMFILES,1700960584000,1700960588000,3,185.6,,1073741824.0,,,0.00794963524832,0.00794963524832,0.0,791.971632,
850,NFCORE_CHIPSEQ:CHIPSEQ:PICARD_MERGESAMFILES,1700960583000,1700960587000,3,181.7,,1073741824.0,,,0.007789838472155,0.007789838472155,0.0,791.971632,
852,NFCORE_CHIPSEQ:CHIPSEQ:PICARD_MERGESAMFILES,1700960582000,1700960586000,3,186.7,,1073741824.0,,,0.007994706133904999,0.007994706133904999,0.0,791.971632,
860,NFCORE_CHIPSEQ:CHIPSEQ:PICARD_MERGESAMFILES,1700960583000,1700960586000,3,191.4,,1073741824.0,,,0.006140461301962501,0.006140461301962501,0.0,791.971632,
862,NFCORE_CHIPSEQ:CHIPSEQ:PICARD_MERGESAMFILES,1700960584000,1700960587000,3,190.7,,1073741824.0,,,0.006118950197478751,0.006118950197478751,0.0,791.971632,
871,NFCORE_CHIPSEQ:CHIPSEQ:PICARD_MERGESAMFILES,1700960583000,1700960587000,3,179.0,,1073741824.0,,,0.007679209934809999,0.007679209934809999,0.0,791.971632,
864,NFCORE_CHIPSEQ:CHIPSEQ:PICARD_MERGESAMFILES,1700960584000,1700960588000,3,156.0,,1073741824.0,,,0.006736818690759999,0.006736818690759999,0.0,791.971632,
851,NFCORE_CHIPSEQ:CHIPSEQ:PICARD_MERGESAMFILES,1700960584000,1700960587000,3,176.6,,1073741824.0,,,0.0056856550928775,0.0056856550928775,0.0,791.971632,
853,NFCORE_CHIPSEQ:CHIPSEQ:PICARD_MERGESAMFILES,1700960582000,1700960586000,3,185.4,,1073741824.0,,,0.00794144054185,0.00794144054185,0.0,791.971632,
872,NFCORE_CHIPSEQ:CHIPSEQ:PICARD_MERGESAMFILES,1700960583000,1700960586000,3,188.9,,1073741824.0,,,0.00606363592880625,0.00606363592880625,0.0,791.971632,
845,NFCORE_CHIPSEQ:CHIPSEQ:PICARD_MERGESAMFILES,1700960583000,1700960587000,3,184.0,,1073741824.0,,,0.00788407759656,0.00788407759656,0.0,791.971632,
843,NFCORE_CHIPSEQ:CHIPSEQ:PICARD_MERGESAMFILES,1700960584000,1700960587000,3,176.5,,1073741824.0,,,0.005682582077951251,0.005682582077951251,0.0,791.971632,
855,NFCORE_CHIPSEQ:CHIPSEQ:PICARD_MERGESAMFILES,1700960584000,1700960588000,3,182.6,,1073741824.0,,,0.00782671465127,0.00782671465127,0.0,791.971632,
861,NFCORE_CHIPSEQ:CHIPSEQ:PICARD_MERGESAMFILES,1700960583000,1700960587000,3,176.5,,1073741824.0,,,0.007576776103935001,0.007576776103935001,0.0,791.971632,
865,NFCORE_CHIPSEQ:CHIPSEQ:PICARD_MERGESAMFILES,1700960583000,1700960586000,3,149.1,,1073741824.0,,,0.00484057598815875,0.00484057598815875,0.0,791.971632,
863,NFCORE_CHIPSEQ:CHIPSEQ:PICARD_MERGESAMFILES,1700960584000,1700960587000,3,191.0,,1073741824.0,,,0.0061281692422575,0.0061281692422575,0.0,791.971632,
869,NFCORE_CHIPSEQ:CHIPSEQ:PICARD_MERGESAMFILES,1700960584000,1700960587000,3,200.3,,1073741824.0,,,0.006413959630398749,0.006413959630398749,0.0,791.971632,
859,NFCORE_CHIPSEQ:CHIPSEQ:PICARD_MERGESAMFILES,1700960583000,1700960586000,3,188.4,,1073741824.0,,,0.006048270854175,0.006048270854175,0.0,791.971632,
873,NFCORE_CHIPSEQ:CHIPSEQ:PICARD_MERGESAMFILES,1700960584000,1700960588000,3,173.6,,1073741824.0,,,0.007457952860119999,0.007457952860119999,0.0,791.971632,
870,NFCORE_CHIPSEQ:CHIPSEQ:PICARD_MERGESAMFILES,1700960584000,1700960587000,3,193.4,,1073741824.0,,,0.0062019216004875,0.0062019216004875,0.0,791.971632,
849,NFCORE_CHIPSEQ:CHIPSEQ:PICARD_MERGESAMFILES,1700960583000,1700960586000,3,192.3,,1073741824.0,,,0.00616811843629875,0.00616811843629875,0.0,791.971632,
874,NFCORE_CHIPSEQ:CHIPSEQ:PICARD_MERGESAMFILES,1700960583000,1700960586000,3,173.4,,1073741824.0,,,0.0055873186152375,0.0055873186152375,0.0,791.971632,
875,NFCORE_CHIPSEQ:CHIPSEQ:PICARD_MERGESAMFILES,1700960583000,1700960587000,3,172.2,,1073741824.0,,,0.007400589914830001,0.007400589914830001,0.0,791.971632,
877,NFCORE_CHIPSEQ:CHIPSEQ:PICARD_MERGESAMFILES,1700960584000,1700960587000,3,197.2,,1073741824.0,,,0.006318696167685001,0.006318696167685001,0.0,791.971632,
879,NFCORE_CHIPSEQ:CHIPSEQ:PICARD_MERGESAMFILES,1700960585000,1700960588000,3,193.0,,1073741824.0,,,0.006189629540782501,0.006189629540782501,0.0,791.971632,
909,NFCORE_CHIPSEQ:CHIPSEQ:PICARD_MERGESAMFILES,1700960584000,1700960587000,3,201.2,,1073741824.0,,,0.006441616764734999,0.006441616764734999,0.0,791.971632,
880,NFCORE_CHIPSEQ:CHIPSEQ:PICARD_MERGESAMFILES,1700960583000,1700960586000,3,200.2,,1073741824.0,,,0.0064108866154725,0.0064108866154725,0.0,791.971632,
881,NFCORE_CHIPSEQ:CHIPSEQ:PICARD_MERGESAMFILES,1700960583000,1700960587000,3,178.4,,1073741824.0,,,0.0076546258154,0.0076546258154,0.0,791.971632,
882,NFCORE_CHIPSEQ:CHIPSEQ:PICARD_MERGESAMFILES,1700960583000,1700960587000,3,175.1,,1073741824.0,,,0.007519413158645001,0.007519413158645001,0.0,791.971632,
884,NFCORE_CHIPSEQ:CHIPSEQ:PICARD_MERGESAMFILES,1700960584000,1700960587000,3,192.6,,1073741824.0,,,0.0061773374810775005,0.0061773374810775005,0.0,791.971632,
887,NFCORE_CHIPSEQ:CHIPSEQ:PICARD_MERGESAMFILES,1700960585000,1700960588000,3,192.6,,1073741824.0,,,0.0061773374810775005,0.0061773374810775005,0.0,791.971632,
888,NFCORE_CHIPSEQ:CHIPSEQ:PICARD_MERGESAMFILES,1700960583000,1700960587000,3,184.9,,1073741824.0,,,0.007920953775675001,0.007920953775675001,0.0,791.971632,
889,NFCORE_CHIPSEQ:CHIPSEQ:PICARD_MERGESAMFILES,1700960583000,1700960586000,3,203.7,,1073741824.0,,,0.006518442137891249,0.006518442137891249,0.0,791.971632,
890,NFCORE_CHIPSEQ:CHIPSEQ:PICARD_MERGESAMFILES,1700960584000,1700960587000,3,187.6,,1073741824.0,,,0.006023686734765,0.006023686734765,0.0,791.971632,
892,NFCORE_CHIPSEQ:CHIPSEQ:PICARD_MERGESAMFILES,1700960583000,1700960587000,3,177.3,,1073741824.0,,,0.007609554929815,0.007609554929815,0.0,791.971632,
891,NFCORE_CHIPSEQ:CHIPSEQ:PICARD_MERGESAMFILES,1700960583000,1700960586000,3,187.8,,1073741824.0,,,0.0060298327646175,0.0060298327646175,0.0,791.971632,
894,NFCORE_CHIPSEQ:CHIPSEQ:PICARD_MERGESAMFILES,1700960585000,1700960588000,3,170.6,,1073741824.0,,,0.0055012741973025,0.0055012741973025,0.0,791.971632,
896,NFCORE_CHIPSEQ:CHIPSEQ:PICARD_MERGESAMFILES,1700960583000,1700960587000,3,166.0,,1073741824.0,,,0.0071465540142600014,0.0071465540142600014,0.0,791.971632,
897,NFCORE_CHIPSEQ:CHIPSEQ:PICARD_MERGESAMFILES,1700960583000,1700960587000,3,178.5,,1073741824.0,,,0.007658723168634999,0.007658723168634999,0.0,791.971632,
898,NFCORE_CHIPSEQ:CHIPSEQ:PICARD_MERGESAMFILES,1700960583000,1700960586000,3,187.2,,1073741824.0,,,0.00601139467506,0.00601139467506,0.0,791.971632,
899,NFCORE_CHIPSEQ:CHIPSEQ:PICARD_MERGESAMFILES,1700960583000,1700960587000,3,171.7,,1073741824.0,,,0.007380103148654999,0.007380103148654999,0.0,791.971632,
900,NFCORE_CHIPSEQ:CHIPSEQ:PICARD_MERGESAMFILES,1700960584000,1700960587000,3,191.5,,1073741824.0,,,0.00614353431688875,0.00614353431688875,0.0,791.971632,
903,NFCORE_CHIPSEQ:CHIPSEQ:PICARD_MERGESAMFILES,1700960585000,1700960588000,3,199.5,,1073741824.0,,,0.00638937551098875,0.00638937551098875,0.0,791.971632,
904,NFCORE_CHIPSEQ:CHIPSEQ:PICARD_MERGESAMFILES,1700960584000,1700960587000,3,208.8,,1073741824.0,,,0.006675165899130001,0.006675165899130001,0.0,791.971632,
905,NFCORE_CHIPSEQ:CHIPSEQ:PICARD_MERGESAMFILES,1700960583000,1700960587000,3,160.4,,1073741824.0,,,0.006917102233100001,0.006917102233100001,0.0,791.971632,
906,NFCORE_CHIPSEQ:CHIPSEQ:PICARD_MERGESAMFILES,1700960584000,1700960587000,3,178.1,,1073741824.0,,,0.00573175031677125,0.00573175031677125,0.0,791.971632,
907,NFCORE_CHIPSEQ:CHIPSEQ:PICARD_MERGESAMFILES,1700960583000,1700960587000,3,179.8,,1073741824.0,,,0.007711988760690001,0.007711988760690001,0.0,791.971632,
908,NFCORE_CHIPSEQ:CHIPSEQ:PICARD_MERGESAMFILES,1700960584000,1700960587000,3,208.3,,1073741824.0,,,0.006659800824498751,0.006659800824498751,0.0,791.971632,
912,NFCORE_CHIPSEQ:CHIPSEQ:PICARD_MERGESAMFILES,1700960585000,1700960589000,3,206.1,,1073741824.0,,,0.008789592661495,0.008789592661495,0.0,791.971632,
913,NFCORE_CHIPSEQ:CHIPSEQ:PICARD_MERGESAMFILES,1700960583000,1700960587000,3,179.7,,1073741824.0,,,0.007707891407455,0.007707891407455,0.0,791.971632,
914,NFCORE_CHIPSEQ:CHIPSEQ:PICARD_MERGESAMFILES,1700960583000,1700960586000,3,201.5,,1073741824.0,,,0.0064508358095137506,0.0064508358095137506,0.0,791.971632,
916,NFCORE_CHIPSEQ:CHIPSEQ:PICARD_MERGESAMFILES,1700960584000,1700960587000,3,170.9,,1073741824.0,,,0.005510493242081251,0.005510493242081251,0.0,791.971632,
945,NFCORE_CHIPSEQ:CHIPSEQ:PICARD_MERGESAMFILES,1700960583000,1700960586000,3,178.0,,1073741824.0,,,0.005728677301845,0.005728677301845,0.0,791.971632,
918,NFCORE_CHIPSEQ:CHIPSEQ:PICARD_MERGESAMFILES,1700960583000,1700960587000,3,177.9,,1073741824.0,,,0.007634139049225001,0.007634139049225001,0.0,791.971632,
919,NFCORE_CHIPSEQ:CHIPSEQ:PICARD_MERGESAMFILES,1700960585000,1700960588000,3,199.1,,1073741824.0,,,0.0063770834512837495,0.0063770834512837495,0.0,791.971632,
921,NFCORE_CHIPSEQ:CHIPSEQ:PICARD_MERGESAMFILES,1700960586000,1700960589000,3,192.2,,1073741824.0,,,0.0061650454213724995,0.0061650454213724995,0.0,791.971632,
923,NFCORE_CHIPSEQ:CHIPSEQ:PICARD_MERGESAMFILES,1700960586000,1700960589000,3,196.5,,1073741824.0,,,0.006297185063201251,0.006297185063201251,0.0,791.971632,
922,NFCORE_CHIPSEQ:CHIPSEQ:PICARD_MERGESAMFILES,1700960586000,1700960589000,3,180.2,,1073741824.0,,,0.005796283630222499,0.005796283630222499,0.0,791.971632,
924,NFCORE_CHIPSEQ:CHIPSEQ:PICARD_MERGESAMFILES,1700960586000,1700960589000,3,202.0,,1073741824.0,,,0.006466200884145,0.006466200884145,0.0,791.971632,
925,NFCORE_CHIPSEQ:CHIPSEQ:PICARD_MERGESAMFILES,1700960586000,1700960589000,3,209.1,,1073741824.0,,,0.00668438494390875,0.00668438494390875,0.0,791.971632,
926,NFCORE_CHIPSEQ:CHIPSEQ:PICARD_MERGESAMFILES,1700960584000,1700960587000,3,201.0,,1073741824.0,,,0.006435470734882501,0.006435470734882501,0.0,791.971632,
927,NFCORE_CHIPSEQ:CHIPSEQ:PICARD_MERGESAMFILES,1700960584000,1700960587000,3,187.0,,1073741824.0,,,0.006005248645207501,0.006005248645207501,0.0,791.971632,
928,NFCORE_CHIPSEQ:CHIPSEQ:PICARD_MERGESAMFILES,1700960586000,1700960589000,3,201.7,,1073741824.0,,,0.006456981839366249,0.006456981839366249,0.0,791.971632,
929,NFCORE_CHIPSEQ:CHIPSEQ:PICARD_MERGESAMFILES,1700960584000,1700960587000,3,179.3,,1073741824.0,,,0.005768626495886251,0.005768626495886251,0.0,791.971632,
930,NFCORE_CHIPSEQ:CHIPSEQ:PICARD_MERGESAMFILES,1700960585000,1700960589000,3,183.3,,1073741824.0,,,0.007855396123915002,0.007855396123915002,0.0,791.971632,
932,NFCORE_CHIPSEQ:CHIPSEQ:PICARD_MERGESAMFILES,1700960585000,1700960588000,3,193.1,,1073741824.0,,,0.00619270255570875,0.00619270255570875,0.0,791.971632,
931,NFCORE_CHIPSEQ:CHIPSEQ:PICARD_MERGESAMFILES,1700960585000,1700960588000,3,178.2,,1073741824.0,,,0.0057348233316975,0.0057348233316975,0.0,791.971632,
933,NFCORE_CHIPSEQ:CHIPSEQ:PICARD_MERGESAMFILES,1700960585000,1700960588000,3,197.6,,1073741824.0,,,0.00633098822739,0.00633098822739,0.0,791.971632,
934,NFCORE_CHIPSEQ:CHIPSEQ:PICARD_MERGESAMFILES,1700960586000,1700960589000,3,205.6,,1073741824.0,,,0.006576829421489999,0.006576829421489999,0.0,791.971632,
935,NFCORE_CHIPSEQ:CHIPSEQ:PICARD_MERGESAMFILES,1700960584000,1700960587000,3,198.1,,1073741824.0,,,0.00634635330202125,0.00634635330202125,0.0,791.971632,
936,NFCORE_CHIPSEQ:CHIPSEQ:PICARD_MERGESAMFILES,1700960585000,1700960589000,3,182.8,,1073741824.0,,,0.00783490935774,0.00783490935774,0.0,791.971632,
937,NFCORE_CHIPSEQ:CHIPSEQ:PICARD_MERGESAMFILES,1700960584000,1700960587000,3,193.9,,1073741824.0,,,0.006217286675118751,0.006217286675118751,0.0,791.971632,
939,NFCORE_CHIPSEQ:CHIPSEQ:PICARD_MERGESAMFILES,1700960589000,1700960592000,3,191.1,,1073741824.0,,,0.00613124225718375,0.00613124225718375,0.0,791.971632,
938,NFCORE_CHIPSEQ:CHIPSEQ:PICARD_MERGESAMFILES,1700960589000,1700960593000,3,200.9,,1073741824.0,,,0.008576530293275,0.008576530293275,0.0,791.971632,
940,NFCORE_CHIPSEQ:CHIPSEQ:PICARD_MERGESAMFILES,1700960589000,1700960592000,3,193.8,,1073741824.0,,,0.006214213660192501,0.006214213660192501,0.0,791.971632,
941,NFCORE_CHIPSEQ:CHIPSEQ:PICARD_MERGESAMFILES,1700960597000,1700960600000,3,208.2,,1073741824.0,,,0.0066567278095725005,0.0066567278095725005,0.0,791.971632,
942,NFCORE_CHIPSEQ:CHIPSEQ:PICARD_MERGESAMFILES,1700960597000,1700960600000,3,211.1,,1073741824.0,,,0.00674584524243375,0.00674584524243375,0.0,791.971632,
944,NFCORE_CHIPSEQ:CHIPSEQ:PICARD_MERGESAMFILES,1700960597000,1700960600000,3,211.1,,1073741824.0,,,0.00674584524243375,0.00674584524243375,0.0,791.971632,
943,NFCORE_CHIPSEQ:CHIPSEQ:PICARD_MERGESAMFILES,1700960597000,1700960599000,3,206.2,,1073741824.0,,,0.004396845007365,0.004396845007365,0.0,791.971632,
946,NFCORE_CHIPSEQ:CHIPSEQ:PICARD_MERGESAMFILES,1700960597000,1700960600000,3,207.4,,1073741824.0,,,0.006632143690162501,0.006632143690162501,0.0,791.971632,
841,NFCORE_CHIPSEQ:CHIPSEQ:ALIGN_BWA_MEM:BAM_SORT_SAMTOOLS:SAMTOOLS_INDEX,1700960584000,1700960596000,2,157.7,,1073741824.0,,,0.020419421087265,0.020419421087265,0.0,791.971632,
1053,NFCORE_CHIPSEQ:CHIPSEQ:ALIGN_BWA_MEM:BAM_SORT_SAMTOOLS:BAM_STATS_SAMTOOLS:SAMTOOLS_IDXSTATS,1700960640000,1700960648000,2,1.4,,1073741824.0,,,0.0008046211789,0.0008046211789,0.0,791.971632,
1052,NFCORE_CHIPSEQ:CHIPSEQ:ALIGN_BWA_MEM:BAM_SORT_SAMTOOLS:BAM_STATS_SAMTOOLS:SAMTOOLS_FLAGSTAT,1700960640000,1700960663000,2,85.1,,1073741824.0,,,0.02203282267108375,0.02203282267108375,0.0,791.971632,
1054,NFCORE_CHIPSEQ:CHIPSEQ:ALIGN_BWA_MEM:BAM_SORT_SAMTOOLS:BAM_STATS_SAMTOOLS:SAMTOOLS_STATS,1700960640000,1700960688000,2,128.9,,1073741824.0,,,0.0675172315689,0.0675172315689,0.0,791.971632,
988,NFCORE_CHIPSEQ:CHIPSEQ:MARK_DUPLICATES_PICARD:PICARD_MARKDUPLICATES,1700960594000,1700960700000,2,108.7,,21180186624.0,,,0.47667101050647376,0.47667101050647376,0.0,794.239592,
972,NFCORE_CHIPSEQ:CHIPSEQ:MARK_DUPLICATES_PICARD:PICARD_MARKDUPLICATES,1700960590000,1700960700000,2,108.4,,21180186624.0,,,0.5184995320289713,0.5184995320289713,0.0,794.239592,
948,NFCORE_CHIPSEQ:CHIPSEQ:MARK_DUPLICATES_PICARD:PICARD_MARKDUPLICATES,1700960582000,1700960700000,2,107.0,,21180186624.0,,,0.5888681263440247,0.5888681263440247,0.0,794.239592,
949,NFCORE_CHIPSEQ:CHIPSEQ:MARK_DUPLICATES_PICARD:PICARD_MARKDUPLICATES,1700960582000,1700960700000,2,105.9,,21180186624.0,,,0.6033067884937824,0.6033067884937824,0.0,794.239592,
962,NFCORE_CHIPSEQ:CHIPSEQ:MARK_DUPLICATES_PICARD:PICARD_MARKDUPLICATES,1700960590000,1700960700000,2,106.7,,21180186624.0,,,0.6473601415675612,0.6473601415675612,0.0,794.239592,
952,NFCORE_CHIPSEQ:CHIPSEQ:MARK_DUPLICATES_PICARD:PICARD_MARKDUPLICATES,1700960590000,1700960700000,2,107.0,,21180186624.0,,,0.676203494905347,0.676203494905347,0.0,794.239592,
961,NFCORE_CHIPSEQ:CHIPSEQ:MARK_DUPLICATES_PICARD:PICARD_MARKDUPLICATES,1700960590000,1700960700000,2,107.2,,21180186624.0,,,0.6766987630643049,0.6766987630643049,0.0,794.239592,
983,NFCORE_CHIPSEQ:CHIPSEQ:MARK_DUPLICATES_PICARD:PICARD_MARKDUPLICATES,1700960593000,1700960700000,2,106.5,,21180186624.0,,,0.7199410521080972,0.7199410521080972,0.0,794.239592,
993,NFCORE_CHIPSEQ:CHIPSEQ:MARK_DUPLICATES_PICARD:PICARD_MARKDUPLICATES,1700960595000,1700960700000,2,106.7,,21180186624.0,,,0.7373615977594519,0.7373615977594519,0.0,794.239592,
955,NFCORE_CHIPSEQ:CHIPSEQ:MARK_DUPLICATES_PICARD:PICARD_MARKDUPLICATES,1700960590000,1700960700000,2,104.2,,21180186624.0,,,0.7750727600312015,0.7750727600312015,0.0,794.239592,
973,NFCORE_CHIPSEQ:CHIPSEQ:MARK_DUPLICATES_PICARD:PICARD_MARKDUPLICATES,1700960590000,1700960700000,2,106.1,,21180186624.0,,,0.7973447988859808,0.7973447988859808,0.0,794.239592,
982,NFCORE_CHIPSEQ:CHIPSEQ:MARK_DUPLICATES_PICARD:PICARD_MARKDUPLICATES,1700960593000,1700960700000,2,104.7,,21180186624.0,,,0.8016592940669054,0.8016592940669054,0.0,794.239592,
963,NFCORE_CHIPSEQ:CHIPSEQ:MARK_DUPLICATES_PICARD:PICARD_MARKDUPLICATES,1700960592000,1700960700000,2,106.8,,21180186624.0,,,0.8106718586702515,0.8106718586702515,0.0,794.239592,
969,NFCORE_CHIPSEQ:CHIPSEQ:MARK_DUPLICATES_PICARD:PICARD_MARKDUPLICATES,1700960590000,1700960700000,2,106.3,,21180186624.0,,,0.8372136651465962,0.8372136651465962,0.0,794.239592,
979,NFCORE_CHIPSEQ:CHIPSEQ:MARK_DUPLICATES_PICARD:PICARD_MARKDUPLICATES,1700960592000,1700960700000,2,106.1,,21180186624.0,,,0.9179428803708019,0.9179428803708019,0.0,794.239592,
984,NFCORE_CHIPSEQ:CHIPSEQ:MARK_DUPLICATES_PICARD:PICARD_MARKDUPLICATES,1700960593000,1700960700000,2,106.6,,21180186624.0,,,0.8297567683585066,0.8297567683585066,0.0,794.239592,
985,NFCORE_CHIPSEQ:CHIPSEQ:MARK_DUPLICATES_PICARD:PICARD_MARKDUPLICATES,1700960593000,1700960700000,2,106.5,,21180186624.0,,,1.0063554914850834,1.0063554914850834,0.0,794.239592,
950,NFCORE_CHIPSEQ:CHIPSEQ:MARK_DUPLICATES_PICARD:PICARD_MARKDUPLICATES,1700960582000,1700960700000,2,105.7,,21180186624.0,,,1.1040171320418384,1.1040171320418384,0.0,794.239592,
954,NFCORE_CHIPSEQ:CHIPSEQ:MARK_DUPLICATES_PICARD:PICARD_MARKDUPLICATES,1700960590000,1700960700000,2,105.9,,21180186624.0,,,0.9452544565524721,0.9452544565524721,0.0,794.239592,
976,NFCORE_CHIPSEQ:CHIPSEQ:MARK_DUPLICATES_PICARD:PICARD_MARKDUPLICATES,1700960592000,1700960700000,2,106.7,,21180186624.0,,,1.102619454446609,1.102619454446609,0.0,794.239592,
992,NFCORE_CHIPSEQ:CHIPSEQ:MARK_DUPLICATES_PICARD:PICARD_MARKDUPLICATES,1700960595000,1700960700000,2,106.3,,21180186624.0,,,1.0954385951296102,1.0954385951296102,0.0,794.239592,
994,NFCORE_CHIPSEQ:CHIPSEQ:MARK_DUPLICATES_PICARD:PICARD_MARKDUPLICATES,1700960595000,1700960700000,2,105.5,,21180186624.0,,,1.1677584732488178,1.1677584732488178,0.0,795.373572,
947,NFCORE_CHIPSEQ:CHIPSEQ:MARK_DUPLICATES_PICARD:PICARD_MARKDUPLICATES,1700960583000,1700960700000,2,105.7,,21180186624.0,,,1.2272217705107322,1.2272217705107322,0.0,795.373572,
953,NFCORE_CHIPSEQ:CHIPSEQ:MARK_DUPLICATES_PICARD:PICARD_MARKDUPLICATES,1700960590000,1700960700000,2,106.2,,21180186624.0,,,1.2127620864999558,1.2127620864999558,0.0,795.373572,
957,NFCORE_CHIPSEQ:CHIPSEQ:MARK_DUPLICATES_PICARD:PICARD_MARKDUPLICATES,1700960590000,1700960700000,2,106.1,,21180186624.0,,,1.2123166530450638,1.2123166530450638,0.0,795.373572,
958,NFCORE_CHIPSEQ:CHIPSEQ:MARK_DUPLICATES_PICARD:PICARD_MARKDUPLICATES,1700960590000,1700960700000,2,106.0,,21180186624.0,,,1.1950542175439336,1.1950542175439336,0.0,795.373572,
960,NFCORE_CHIPSEQ:CHIPSEQ:MARK_DUPLICATES_PICARD:PICARD_MARKDUPLICATES,1700960590000,1700960700000,2,100.4,,21180186624.0,,,1.1951623726858394,1.1951623726858394,0.0,795.373572,
966,NFCORE_CHIPSEQ:CHIPSEQ:MARK_DUPLICATES_PICARD:PICARD_MARKDUPLICATES,1700960592000,1700960700000,2,105.4,,21180186624.0,,,1.2260103860576956,1.2260103860576956,0.0,795.373572,
968,NFCORE_CHIPSEQ:CHIPSEQ:MARK_DUPLICATES_PICARD:PICARD_MARKDUPLICATES,1700960590000,1700960700000,2,106.7,,21180186624.0,,,1.1981289831148074,1.1981289831148074,0.0,795.373572,
970,NFCORE_CHIPSEQ:CHIPSEQ:MARK_DUPLICATES_PICARD:PICARD_MARKDUPLICATES,1700960590000,1700960700000,2,103.7,,21180186624.0,,,1.2099636670002303,1.2099636670002303,0.0,795.373572,
981,NFCORE_CHIPSEQ:CHIPSEQ:MARK_DUPLICATES_PICARD:PICARD_MARKDUPLICATES,1700960592000,1700960700000,2,105.7,,21180186624.0,,,1.2049673208413891,1.2049673208413891,0.0,795.373572,
991,NFCORE_CHIPSEQ:CHIPSEQ:MARK_DUPLICATES_PICARD:PICARD_MARKDUPLICATES,1700960595000,1700960700000,2,106.0,,21180186624.0,,,1.197936858555276,1.197936858555276,0.0,795.373572,
956,NFCORE_CHIPSEQ:CHIPSEQ:MARK_DUPLICATES_PICARD:PICARD_MARKDUPLICATES,1700960590000,1700960700000,2,105.8,,21180186624.0,,,1.2669958179646357,1.2669958179646357,0.0,795.373572,
959,NFCORE_CHIPSEQ:CHIPSEQ:MARK_DUPLICATES_PICARD:PICARD_MARKDUPLICATES,1700960590000,1700960700000,2,105.9,,21180186624.0,,,1.2674618555211334,1.2674618555211334,0.0,795.373572,
965,NFCORE_CHIPSEQ:CHIPSEQ:MARK_DUPLICATES_PICARD:PICARD_MARKDUPLICATES,1700960592000,1700960700000,2,106.0,,21180186624.0,,,1.262354148663673,1.262354148663673,0.0,795.373572,
971,NFCORE_CHIPSEQ:CHIPSEQ:MARK_DUPLICATES_PICARD:PICARD_MARKDUPLICATES,1700960590000,1700960700000,2,105.8,,21180186624.0,,,1.2669958179646357,1.2669958179646357,0.0,795.373572,
975,NFCORE_CHIPSEQ:CHIPSEQ:MARK_DUPLICATES_PICARD:PICARD_MARKDUPLICATES,1700960592000,1700960700000,2,102.4,,21180186624.0,,,1.2456505489879832,1.2456505489879832,0.0,795.373572,
977,NFCORE_CHIPSEQ:CHIPSEQ:MARK_DUPLICATES_PICARD:PICARD_MARKDUPLICATES,1700960592000,1700960700000,2,104.2,,21180186624.0,,,1.254002348825828,1.254002348825828,0.0,795.373572,
980,NFCORE_CHIPSEQ:CHIPSEQ:MARK_DUPLICATES_PICARD:PICARD_MARKDUPLICATES,1700960592000,1700960700000,2,105.7,,21180186624.0,,,1.2609621820240322,1.2609621820240322,0.0,795.373572,
989,NFCORE_CHIPSEQ:CHIPSEQ:MARK_DUPLICATES_PICARD:PICARD_MARKDUPLICATES,1700960594000,1700960700000,2,106.5,,21180186624.0,,,1.2590901052660288,1.2590901052660288,0.0,795.373572,
967,NFCORE_CHIPSEQ:CHIPSEQ:MARK_DUPLICATES_PICARD:PICARD_MARKDUPLICATES,1700960592000,1700960700000,2,95.5,,21180186624.0,,,1.237887275544738,1.237887275544738,0.0,795.373572,
974,NFCORE_CHIPSEQ:CHIPSEQ:MARK_DUPLICATES_PICARD:PICARD_MARKDUPLICATES,1700960590000,1700960700000,2,104.3,,21180186624.0,,,1.2850731363092434,1.2850731363092434,0.0,795.373572,
987,NFCORE_CHIPSEQ:CHIPSEQ:MARK_DUPLICATES_PICARD:PICARD_MARKDUPLICATES,1700960594000,1700960700000,2,106.1,,21180186624.0,,,1.282477119368057,1.282477119368057,0.0,795.373572,
951,NFCORE_CHIPSEQ:CHIPSEQ:MARK_DUPLICATES_PICARD:PICARD_MARKDUPLICATES,1700960587000,1700960700000,2,104.3,,21180186624.0,,,1.3045227924284672,1.3045227924284672,0.0,795.373572,
986,NFCORE_CHIPSEQ:CHIPSEQ:MARK_DUPLICATES_PICARD:PICARD_MARKDUPLICATES,1700960593000,1700960700000,2,104.2,,21180186624.0,,,1.2874296844864705,1.2874296844864705,0.0,795.373572,
964,NFCORE_CHIPSEQ:CHIPSEQ:MARK_DUPLICATES_PICARD:PICARD_MARKDUPLICATES,1700960592000,1700960700000,2,84.9,,21180186624.0,,,1.5341733325570501,1.5341733325570501,0.0,795.373572,
978,NFCORE_CHIPSEQ:CHIPSEQ:MARK_DUPLICATES_PICARD:PICARD_MARKDUPLICATES,1700960592000,1700960700000,2,105.9,,21180186624.0,,,1.6625480558926502,1.6625480558926502,0.0,795.373572,
990,NFCORE_CHIPSEQ:CHIPSEQ:MARK_DUPLICATES_PICARD:PICARD_MARKDUPLICATES,1700960595000,1700960700000,2,105.3,,21180186624.0,,,1.6505411011380366,1.6505411011380366,0.0,795.373572,
1056,NFCORE_CHIPSEQ:CHIPSEQ:MARK_DUPLICATES_PICARD:SAMTOOLS_INDEX,1700960767000,1700960774000,2,164.4,,1073741824.0,,,0.01246271582013889,0.01246271582013889,0.0,796.507552,
1061,NFCORE_CHIPSEQ:CHIPSEQ:MARK_DUPLICATES_PICARD:BAM_STATS_SAMTOOLS:SAMTOOLS_IDXSTATS,1700960779000,1700960780000,2,65.3,,1073741824.0,,,0.0007594547397502778,0.0007594547397502778,0.0,796.507552,
1058,NFCORE_CHIPSEQ:CHIPSEQ:MARK_DUPLICATES_PICARD:SAMTOOLS_INDEX,1700960777000,1700960783000,2,174.5,,1073741824.0,,,0.011306632124481667,0.011306632124481667,0.0,796.507552,
1059,NFCORE_CHIPSEQ:CHIPSEQ:MARK_DUPLICATES_PICARD:BAM_STATS_SAMTOOLS:SAMTOOLS_FLAGSTAT,1700960779000,1700960785000,2,150.4,,1073741824.0,,,0.0098169555784,0.0098169555784,0.0,796.507552,
1062,NFCORE_CHIPSEQ:CHIPSEQ:MARK_DUPLICATES_PICARD:BAM_STATS_SAMTOOLS:SAMTOOLS_STATS,1700960779000,1700960802000,2,135.8,,1073741824.0,,,0.034172234390960565,0.034172234390960565,0.0,796.507552,
1065,NFCORE_CHIPSEQ:CHIPSEQ:MARK_DUPLICATES_PICARD:BAM_STATS_SAMTOOLS:SAMTOOLS_FLAGSTAT,1700960792000,1700960801000,2,135.0,,1073741824.0,,,0.013297569126335004,0.013297569126335004,0.0,796.507552,
1063,NFCORE_CHIPSEQ:CHIPSEQ:MARK_DUPLICATES_PICARD:BAM_STATS_SAMTOOLS:SAMTOOLS_IDXSTATS,1700960792000,1700960802000,2,1.6,,1073741824.0,,,0.0010321410361333336,0.0010321410361333336,0.0,796.507552,
1070,NFCORE_CHIPSEQ:CHIPSEQ:MARK_DUPLICATES_PICARD:SAMTOOLS_INDEX,1700960802000,1700960808000,2,167.2,,1073741824.0,,,0.01085540229932,0.01085540229932,0.0,796.507552,
1068,NFCORE_CHIPSEQ:CHIPSEQ:MARK_DUPLICATES_PICARD:SAMTOOLS_INDEX,1700960797000,1700960810000,2,147.7,,1073741824.0,,,0.020908468436689163,0.020908468436689163,0.0,796.507552,
1073,NFCORE_CHIPSEQ:CHIPSEQ:MARK_DUPLICATES_PICARD:BAM_STATS_SAMTOOLS:SAMTOOLS_IDXSTATS,1700960811000,1700960812000,2,96.2,,1073741824.0,,,0.001077788109556111,0.001077788109556111,0.0,796.507552,
1072,NFCORE_CHIPSEQ:CHIPSEQ:MARK_DUPLICATES_PICARD:BAM_STATS_SAMTOOLS:SAMTOOLS_FLAGSTAT,1700960811000,1700960817000,2,163.4,,1073741824.0,,,0.01062051554101667,0.01062051554101667,0.0,796.507552,
1064,NFCORE_CHIPSEQ:CHIPSEQ:MARK_DUPLICATES_PICARD:BAM_STATS_SAMTOOLS:SAMTOOLS_STATS,1700960792000,1700960823000,2,102.0,,1073741824.0,,,0.03526374013057888,0.03526374013057888,0.0,796.507552,
1075,NFCORE_CHIPSEQ:CHIPSEQ:MARK_DUPLICATES_PICARD:BAM_STATS_SAMTOOLS:SAMTOOLS_IDXSTATS,1700960818000,1700960822000,2,53.3,,1073741824.0,,,0.002543320520467778,0.002543320520467778,0.0,796.507552,
1078,NFCORE_CHIPSEQ:CHIPSEQ:MARK_DUPLICATES_PICARD:BAM_STATS_SAMTOOLS:SAMTOOLS_FLAGSTAT,1700960818000,1700960829000,2,154.9,,1073741824.0,,,0.018507703408470837,0.018507703408470837,0.0,796.507552,
1055,NFCORE_CHIPSEQ:CHIPSEQ:PRESEQ_LCEXTRAP,1700960767000,1700960835000,2,89.7,,1073741824.0,,,0.06873608499498778,0.06873608499498778,0.0,796.507552,
1079,NFCORE_CHIPSEQ:CHIPSEQ:MARK_DUPLICATES_PICARD:SAMTOOLS_INDEX,1700960824000,1700960835000,2,169.5,,1073741824.0,,,0.020162212767396947,0.020162212767396947,0.0,796.507552,
1071,NFCORE_CHIPSEQ:CHIPSEQ:MARK_DUPLICATES_PICARD:BAM_STATS_SAMTOOLS:SAMTOOLS_STATS,1700960811000,1700960841000,2,135.4,,1073741824.0,,,0.04444885503075001,0.04444885503075001,0.0,796.507552,
1081,NFCORE_CHIPSEQ:CHIPSEQ:MARK_DUPLICATES_PICARD:SAMTOOLS_INDEX,1700960835000,1700960842000,2,166.8,,1073741824.0,,,0.012635790273625557,0.012635790273625557,0.0,796.507552,
1083,NFCORE_CHIPSEQ:CHIPSEQ:MARK_DUPLICATES_PICARD:SAMTOOLS_INDEX,1700960835000,1700960843000,2,170.8,,1073741824.0,,,0.014770568795546668,0.014770568795546668,0.0,796.507552,
1076,NFCORE_CHIPSEQ:CHIPSEQ:MARK_DUPLICATES_PICARD:BAM_STATS_SAMTOOLS:SAMTOOLS_STATS,1700960818000,1700960849000,2,135.8,,1073741824.0,,,0.046058228961729446,0.046058228961729446,0.0,796.507552,
1085,NFCORE_CHIPSEQ:CHIPSEQ:MARK_DUPLICATES_PICARD:BAM_STATS_SAMTOOLS:SAMTOOLS_IDXSTATS,1700960842000,1700960842000,2,77.1,,1073741824.0,,,0.0,0.0,0.0,796.507552,
1090,NFCORE_CHIPSEQ:CHIPSEQ:MARK_DUPLICATES_PICARD:BAM_STATS_SAMTOOLS:SAMTOOLS_IDXSTATS,1700960847000,1700960849000,2,23.7,,1073741824.0,,,0.0006617788527094444,0.0006617788527094444,0.0,796.507552,
1066,NFCORE_CHIPSEQ:CHIPSEQ:FILTER_BAM_BAMTOOLS:BAM_FILTER,1700960792000,1700960853000,2,148.9,,1073741824.0,,,0.09886307739861251,0.09886307739861251,0.0,796.507552,
1095,NFCORE_CHIPSEQ:CHIPSEQ:MARK_DUPLICATES_PICARD:BAM_STATS_SAMTOOLS:SAMTOOLS_IDXSTATS,1700960847000,1700960850000,2,26.8,,1073741824.0,,,0.0010884773515300002,0.0010884773515300002,0.0,796.507552,
1087,NFCORE_CHIPSEQ:CHIPSEQ:MARK_DUPLICATES_PICARD:BAM_STATS_SAMTOOLS:SAMTOOLS_FLAGSTAT,1700960842000,1700960869000,2,89.0,,1073741824.0,,,0.027097560281955,0.027097560281955,0.0,796.507552,
1086,NFCORE_CHIPSEQ:CHIPSEQ:MARK_DUPLICATES_PICARD:BAM_STATS_SAMTOOLS:SAMTOOLS_STATS,1700960842000,1700960882000,2,133.8,,1073741824.0,,,0.05860580878962224,0.05860580878962224,0.0,796.507552,
1091,NFCORE_CHIPSEQ:CHIPSEQ:MARK_DUPLICATES_PICARD:BAM_STATS_SAMTOOLS:SAMTOOLS_STATS,1700960847000,1700960882000,2,135.9,,1073741824.0,,,0.052037283424923614,0.052037283424923614,0.0,796.507552,
1092,NFCORE_CHIPSEQ:CHIPSEQ:MARK_DUPLICATES_PICARD:BAM_STATS_SAMTOOLS:SAMTOOLS_FLAGSTAT,1700960847000,1700960869000,2,87.8,,1073741824.0,,,0.021807519421881118,0.021807519421881118,0.0,796.507552,
1101,NFCORE_CHIPSEQ:CHIPSEQ:MARK_DUPLICATES_PICARD:SAMTOOLS_INDEX,1700960863000,1700960874000,2,166.6,,1073741824.0,,,0.019833577346788332,0.019833577346788332,0.0,796.507552,
1057,NFCORE_CHIPSEQ:CHIPSEQ:PRESEQ_LCEXTRAP,1700960777000,1700960889000,2,99.2,,1073741824.0,,,0.12417375734001777,0.12417375734001777,0.0,796.507552,
1069,NFCORE_CHIPSEQ:CHIPSEQ:PRESEQ_LCEXTRAP,1700960802000,1700960890000,2,100.4,,1073741824.0,,,0.09865299161764446,0.09865299161764446,0.0,796.507552,
1099,NFCORE_CHIPSEQ:CHIPSEQ:FILTER_BAM_BAMTOOLS:BAM_REMOVE_ORPHANS,1700960861000,1700960889000,2,1.0,,1073741824.0,,,0.0027169204476866667,0.0027169204476866667,0.0,796.507552,
1067,NFCORE_CHIPSEQ:CHIPSEQ:PRESEQ_LCEXTRAP,1700960797000,1700960915000,2,73.7,,1073741824.0,,,0.09982705204624613,0.09982705204624613,0.0,796.507552,
1111,NFCORE_CHIPSEQ:CHIPSEQ:MARK_DUPLICATES_PICARD:BAM_STATS_SAMTOOLS:SAMTOOLS_IDXSTATS,1700960888000,1700960920000,2,4.9,,1073741824.0,,,0.004390747880400001,0.004390747880400001,0.0,796.507552,
1060,NFCORE_CHIPSEQ:CHIPSEQ:FILTER_BAM_BAMTOOLS:BAM_FILTER,1700960779000,1700961000000,2,146.0,,1073741824.0,,,0.3786175970091978,0.3786175970091978,0.0,796.507552,
1082,NFCORE_CHIPSEQ:CHIPSEQ:PRESEQ_LCEXTRAP,1700960835000,1700961000000,2,100.9,,1073741824.0,,,0.21172705668588335,0.21172705668588335,0.0,796.507552,
1084,NFCORE_CHIPSEQ:CHIPSEQ:PRESEQ_LCEXTRAP,1700960835000,1700961000000,2,101.0,,1073741824.0,,,0.21192073524097557,0.21192073524097557,0.0,796.507552,
1096,NFCORE_CHIPSEQ:CHIPSEQ:MARK_DUPLICATES_PICARD:BAM_STATS_SAMTOOLS:SAMTOOLS_STATS,1700960848000,1700961000000,2,86.0,,1073741824.0,,,0.16925105129799334,0.16925105129799334,0.0,796.507552,
1120,NFCORE_CHIPSEQ:CHIPSEQ:MARK_DUPLICATES_PICARD:SAMTOOLS_INDEX,1700960948000,1700961000000,2,167.5,,1073741824.0,,,0.1250503788937975,0.1250503788937975,0.0,796.507552,
1093,NFCORE_CHIPSEQ:CHIPSEQ:MARK_DUPLICATES_PICARD:BAM_STATS_SAMTOOLS:SAMTOOLS_FLAGSTAT,1700960848000,1700961000000,2,6.2,,1073741824.0,,,0.028614672088161118,0.028614672088161118,0.0,796.507552,
1074,NFCORE_CHIPSEQ:CHIPSEQ:FILTER_BAM_BAMTOOLS:BAM_FILTER,1700960811000,1700961000000,2,145.6,,1073741824.0,,,0.36811658525749336,0.36811658525749336,0.0,796.507552,
1080,NFCORE_CHIPSEQ:CHIPSEQ:PRESEQ_LCEXTRAP,1700960824000,1700961000000,2,100.7,,1073741824.0,,,0.24506411972075728,0.24506411972075728,0.0,796.507552,
1100,NFCORE_CHIPSEQ:CHIPSEQ:PRESEQ_LCEXTRAP,1700960863000,1700961000000,2,101.0,,1073741824.0,,,0.20290283161370007,0.20290283161370007,0.0,796.507552,
1109,NFCORE_CHIPSEQ:CHIPSEQ:MARK_DUPLICATES_PICARD:BAM_STATS_SAMTOOLS:SAMTOOLS_STATS,1700960888000,1700961000000,2,137.5,,1073741824.0,,,0.2330057351951792,0.2330057351951792,0.0,796.507552,
1114,NFCORE_CHIPSEQ:CHIPSEQ:FILTER_BAM_BAMTOOLS:BAM_SORT_SAMTOOLS:SAMTOOLS_SORT,1700960923000,1700961000000,5,23.1,,6309281792.0,,,0.09644112921056397,0.09644112921056397,0.0,796.507552,
1077,NFCORE_CHIPSEQ:CHIPSEQ:FILTER_BAM_BAMTOOLS:BAM_FILTER,1700960818000,1700961000000,2,143.3,,1073741824.0,,,0.37199749916333286,0.37199749916333286,0.0,796.507552,
1088,NFCORE_CHIPSEQ:CHIPSEQ:FILTER_BAM_BAMTOOLS:BAM_FILTER,1700960842000,1700961000000,2,145.5,,1073741824.0,,,0.33933535182447383,0.33933535182447383,0.0,796.507552,
1103,NFCORE_CHIPSEQ:CHIPSEQ:MARK_DUPLICATES_PICARD:SAMTOOLS_INDEX,1700960881000,1700961000000,2,9.6,,1073741824.0,,,0.03248533925622222,0.03248533925622222,0.0,796.507552,
1102,NFCORE_CHIPSEQ:CHIPSEQ:PRESEQ_LCEXTRAP,1700960881000,1700961000000,2,66.4,,1073741824.0,,,0.13488772423583334,0.13488772423583334,0.0,796.507552,
996,NFCORE_CHIPSEQ:CHIPSEQ:MARK_DUPLICATES_PICARD:PICARD_MARKDUPLICATES,1700960797000,1700961000000,2,105.9,,21180186624.0,,,0.7256670985468117,0.7256670985468117,0.0,796.507552,
1110,NFCORE_CHIPSEQ:CHIPSEQ:MARK_DUPLICATES_PICARD:BAM_STATS_SAMTOOLS:SAMTOOLS_FLAGSTAT,1700960888000,1700961000000,2,7.2,,1073741824.0,,,0.028158477919055555,0.028158477919055555,0.0,796.507552,
1098,NFCORE_CHIPSEQ:CHIPSEQ:MARK_DUPLICATES_PICARD:SAMTOOLS_INDEX,1700960858000,1700961000000,2,6.1,,1073741824.0,,,0.033205279754135,0.033205279754135,0.0,796.507552,
1104,NFCORE_CHIPSEQ:CHIPSEQ:MARK_DUPLICATES_PICARD:SAMTOOLS_INDEX,1700960883000,1700961000000,2,6.9,,1073741824.0,,,0.032352069437951395,0.032352069437951395,0.0,796.507552,
1107,NFCORE_CHIPSEQ:CHIPSEQ:MARK_DUPLICATES_PICARD:SAMTOOLS_INDEX,1700960884000,1700961000000,2,7.0,,1073741824.0,,,0.033516332547098335,0.033516332547098335,0.0,796.507552,
1122,NFCORE_CHIPSEQ:CHIPSEQ:MARK_DUPLICATES_PICARD:SAMTOOLS_INDEX,1700960974000,1700961000000,2,11.7,,1073741824.0,,,0.027566220623944725,0.027566220623944725,0.0,796.507552,
1117,NFCORE_CHIPSEQ:CHIPSEQ:MARK_DUPLICATES_PICARD:SAMTOOLS_INDEX,1700960948000,1700961000000,2,12.9,,1073741824.0,,,0.03821514631714167,0.03821514631714167,0.0,796.507552,
1097,NFCORE_CHIPSEQ:CHIPSEQ:PRESEQ_LCEXTRAP,1700960858000,1700961000000,2,36.2,,1073741824.0,,,0.12273057139098167,0.12273057139098167,0.0,796.507552,
1112,NFCORE_CHIPSEQ:CHIPSEQ:MARK_DUPLICATES_PICARD:SAMTOOLS_INDEX,1700960889000,1700961000000,2,6.6,,1073741824.0,,,0.03620549968477001,0.03620549968477001,0.0,796.507552,
1116,NFCORE_CHIPSEQ:CHIPSEQ:MARK_DUPLICATES_PICARD:SAMTOOLS_INDEX,1700960938000,1700961000000,2,12.1,,1073741824.0,,,0.041220199223287506,0.041220199223287506,0.0,796.507552,
1094,NFCORE_CHIPSEQ:CHIPSEQ:FILTER_BAM_BAMTOOLS:BAM_FILTER,1700960847000,1700961000000,2,68.9,,1073741824.0,,,0.2309972155656806,0.2309972155656806,0.0,796.507552,
1108,NFCORE_CHIPSEQ:CHIPSEQ:FILTER_BAM_BAMTOOLS:BAM_FILTER,1700960888000,1700961000000,2,98.3,,1073741824.0,,,0.2737561816442442,0.2737561816442442,0.0,796.507552,
1118,NFCORE_CHIPSEQ:CHIPSEQ:PRESEQ_LCEXTRAP,1700960947000,1700961000000,2,65.5,,1073741824.0,,,0.14621090878288,0.14621090878288,0.0,796.507552,
995,NFCORE_CHIPSEQ:CHIPSEQ:MARK_DUPLICATES_PICARD:PICARD_MARKDUPLICATES,1700960766000,1700961000000,2,96.1,,21180186624.0,,,1.0209187943988338,1.0209187943988338,0.0,796.507552,
1119,NFCORE_CHIPSEQ:CHIPSEQ:PRESEQ_LCEXTRAP,1700960948000,1700961000000,2,100.3,,1073741824.0,,,0.21952519749811,0.21952519749811,0.0,796.507552,
1105,NFCORE_CHIPSEQ:CHIPSEQ:PRESEQ_LCEXTRAP,1700960883000,1700961000000,2,45.1,,1073741824.0,,,0.14941674796775917,0.14941674796775917,0.0,796.507552,
1106,NFCORE_CHIPSEQ:CHIPSEQ:PRESEQ_LCEXTRAP,1700960884000,1700961000000,2,38.8,,1073741824.0,,,0.13085515584522334,0.13085515584522334,0.0,796.507552,
1115,NFCORE_CHIPSEQ:CHIPSEQ:PRESEQ_LCEXTRAP,1700960937000,1700961000000,2,51.1,,1073741824.0,,,0.13550960165553416,0.13550960165553416,0.0,796.507552,
1113,NFCORE_CHIPSEQ:CHIPSEQ:PRESEQ_LCEXTRAP,1700960890000,1700961000000,2,37.0,,1073741824.0,,,0.13007806316480336,0.13007806316480336,0.0,796.507552,
1011,NFCORE_CHIPSEQ:CHIPSEQ:MARK_DUPLICATES_PICARD:PICARD_MARKDUPLICATES,1700960837000,1700961000000,2,64.6,,21180186624.0,,,1.005187070191368,1.005187070191368,0.0,796.507552,
1013,NFCORE_CHIPSEQ:CHIPSEQ:MARK_DUPLICATES_PICARD:PICARD_MARKDUPLICATES,1700960857000,1700961000000,2,58.7,,21180186624.0,,,0.9748451486600725,0.9748451486600725,0.0,796.507552,
998,NFCORE_CHIPSEQ:CHIPSEQ:MARK_DUPLICATES_PICARD:PICARD_MARKDUPLICATES,1700960955000,1700961000000,2,79.4,,21180186624.0,,,0.9685300641163144,0.9685300641163144,0.0,796.507552,
1000,NFCORE_CHIPSEQ:CHIPSEQ:MARK_DUPLICATES_PICARD:PICARD_MARKDUPLICATES,1700960991000,1700961000000,2,86.1,,21180186624.0,,,0.9300205850963796,0.9300205850963796,0.0,796.507552,
1014,NFCORE_CHIPSEQ:CHIPSEQ:MARK_DUPLICATES_PICARD:PICARD_MARKDUPLICATES,1700960867000,1700961000000,2,66.8,,21180186624.0,,,1.252274493675939,1.252274493675939,0.0,796.507552,
1019,NFCORE_CHIPSEQ:CHIPSEQ:MARK_DUPLICATES_PICARD:PICARD_MARKDUPLICATES,1700960786000,1700961000000,2,73.8,,21180186624.0,,,1.5024334442223135,1.5024334442223135,0.0,796.507552,
1089,NFCORE_CHIPSEQ:CHIPSEQ:FILTER_BAM_BAMTOOLS:BAM_FILTER,1700960847000,1700961000000,2,66.4,,1073741824.0,,,0.3846227108210334,0.3846227108210334,0.0,796.507552,
1121,NFCORE_CHIPSEQ:CHIPSEQ:PRESEQ_LCEXTRAP,1700960978000,1700961000000,2,30.1,,1073741824.0,,,0.15595126273655252,0.15595126273655252,0.0,796.507552,
997,NFCORE_CHIPSEQ:CHIPSEQ:MARK_DUPLICATES_PICARD:PICARD_MARKDUPLICATES,1700960939000,1700961000000,2,83.4,,21180186624.0,,,1.35439386092332,1.35439386092332,0.0,796.507552,
1001,NFCORE_CHIPSEQ:CHIPSEQ:MARK_DUPLICATES_PICARD:PICARD_MARKDUPLICATES,1700960990000,1700961000000,2,79.2,,21180186624.0,,,1.1976741498949488,1.1976741498949488,0.0,796.507552,
1016,NFCORE_CHIPSEQ:CHIPSEQ:MARK_DUPLICATES_PICARD:PICARD_MARKDUPLICATES,1700960888000,1700961000000,2,46.8,,21180186624.0,,,1.274105267039003,1.274105267039003,0.0,796.507552,
1017,NFCORE_CHIPSEQ:CHIPSEQ:MARK_DUPLICATES_PICARD:PICARD_MARKDUPLICATES,1700960887000,1700961000000,2,54.4,,21180186624.0,,,1.321866250416698,1.321866250416698,0.0,796.507552,
1012,NFCORE_CHIPSEQ:CHIPSEQ:MARK_DUPLICATES_PICARD:PICARD_MARKDUPLICATES,1700960837000,1700961000000,2,70.4,,21180186624.0,,,1.600504997426722,1.600504997426722,0.0,796.507552,
1018,NFCORE_CHIPSEQ:CHIPSEQ:MARK_DUPLICATES_PICARD:PICARD_MARKDUPLICATES,1700960898000,1700961000000,2,72.9,,21180186624.0,,,1.5164908483654418,1.5164908483654418,0.0,796.507552,
1050,NFCORE_CHIPSEQ:CHIPSEQ:MARK_DUPLICATES_PICARD:PICARD_MARKDUPLICATES,1700960893000,1700961000000,2,72.5,,21180186624.0,,,1.5262409979100369,1.5262409979100369,0.0,796.507552,
999,NFCORE_CHIPSEQ:CHIPSEQ:MARK_DUPLICATES_PICARD:PICARD_MARKDUPLICATES,1700960980000,1700961000000,2,69.6,,21180186624.0,,,1.340167141883835,1.340167141883835,0.0,796.507552,
1003,NFCORE_CHIPSEQ:CHIPSEQ:MARK_DUPLICATES_PICARD:PICARD_MARKDUPLICATES,1700960879000,1700961000000,2,72.4,,21180186624.0,,,1.6042151531119733,1.6042151531119733,0.0,796.507552,
1010,NFCORE_CHIPSEQ:CHIPSEQ:MARK_DUPLICATES_PICARD:PICARD_MARKDUPLICATES,1700960827000,1700961000000,2,71.5,,21180186624.0,,,1.725426109782393,1.725426109782393,0.0,796.507552,
1015,NFCORE_CHIPSEQ:CHIPSEQ:MARK_DUPLICATES_PICARD:PICARD_MARKDUPLICATES,1700960878000,1700961000000,2,73.1,,21180186624.0,,,1.6113881167368849,1.6113881167368849,0.0,796.507552,
1133,NFCORE_CHIPSEQ:CHIPSEQ:FILTER_BAM_BAMTOOLS:BAM_REMOVE_ORPHANS,1700961029000,1700961057000,2,0.2,,1073741824.0,,,0.0024861545097044444,0.0024861545097044444,0.0,796.507552,
1163,NFCORE_CHIPSEQ:CHIPSEQ:MARK_DUPLICATES_PICARD:SAMTOOLS_INDEX,1700961047000,1700961061000,2,165.3,,1073741824.0,,,0.025055237480392786,0.025055237480392786,0.0,796.507552,
1177,NFCORE_CHIPSEQ:CHIPSEQ:FILTER_BAM_BAMTOOLS:BAM_SORT_SAMTOOLS:SAMTOOLS_INDEX,1700961056000,1700961065000,2,146.0,,1073741824.0,,,0.01431747215581,0.01431747215581,0.0,796.507552,
1184,NFCORE_CHIPSEQ:CHIPSEQ:FILTER_BAM_BAMTOOLS:BAM_REMOVE_ORPHANS,1700961060000,1700961063000,2,55.2,,1073741824.0,,,0.001966212079926667,0.001966212079926667,0.0,796.507552,
1185,NFCORE_CHIPSEQ:CHIPSEQ:FILTER_BAM_BAMTOOLS:BAM_REMOVE_ORPHANS,1700961060000,1700961063000,2,81.0,,1073741824.0,,,0.002763590812061667,0.002763590812061667,0.0,796.507552,
1186,NFCORE_CHIPSEQ:CHIPSEQ:MARK_DUPLICATES_PICARD:BAM_STATS_SAMTOOLS:SAMTOOLS_IDXSTATS,1700961061000,1700961063000,2,112.3,,1073741824.0,,,0.0024873022549616666,0.0024873022549616666,0.0,796.507552,
1197,NFCORE_CHIPSEQ:CHIPSEQ:MARK_DUPLICATES_PICARD:BAM_STATS_SAMTOOLS:SAMTOOLS_IDXSTATS,1700961066000,1700961073000,2,1.7,,1073741824.0,,,0.0007297101608552777,0.0007297101608552777,0.0,796.507552,
1130,NFCORE_CHIPSEQ:CHIPSEQ:MARK_DUPLICATES_PICARD:SAMTOOLS_INDEX,1700961013000,1700961076000,2,25.0,,1073741824.0,,,0.021689771821095,0.021689771821095,0.0,796.507552,
1132,NFCORE_CHIPSEQ:CHIPSEQ:MARK_DUPLICATES_PICARD:SAMTOOLS_INDEX,1700961023000,1700961076000,2,31.6,,1073741824.0,,,0.021850608267923337,0.021850608267923337,0.0,796.507552,
1192,NFCORE_CHIPSEQ:CHIPSEQ:MARK_DUPLICATES_PICARD:SAMTOOLS_INDEX,1700961067000,1700961080000,2,173.0,,1073741824.0,,,0.024296812945722775,0.024296812945722775,0.0,796.507552,
1201,NFCORE_CHIPSEQ:CHIPSEQ:FILTER_BAM_BAMTOOLS:BAM_SORT_SAMTOOLS:BAM_STATS_SAMTOOLS:SAMTOOLS_IDXSTATS,1700961069000,1700961080000,1,33.1,,1073741824.0,,,0.004705015742909167,0.004705015742909167,0.0,796.507552,
1123,NFCORE_CHIPSEQ:CHIPSEQ:MARK_DUPLICATES_PICARD:SAMTOOLS_INDEX,1700961012000,1700961083000,2,23.7,,1073741824.0,,,0.023493149271185277,0.023493149271185277,0.0,796.507552,
1202,NFCORE_CHIPSEQ:CHIPSEQ:FILTER_BAM_BAMTOOLS:BAM_SORT_SAMTOOLS:BAM_STATS_SAMTOOLS:SAMTOOLS_FLAGSTAT,1700961079000,1700961086000,2,70.8,,1073741824.0,,,0.005712812134158888,0.005712812134158888,0.0,796.507552,
1221,NFCORE_CHIPSEQ:CHIPSEQ:MARK_DUPLICATES_PICARD:BAM_STATS_SAMTOOLS:SAMTOOLS_IDXSTATS,1700961089000,1700961091000,2,4.9,,1073741824.0,,,0.00027442174252500004,0.00027442174252500004,0.0,796.507552,
1217,NFCORE_CHIPSEQ:CHIPSEQ:MARK_DUPLICATES_PICARD:BAM_STATS_SAMTOOLS:SAMTOOLS_IDXSTATS,1700961086000,1700961095000,2,0.5,,1073741824.0,,,0.0008269366295724999,0.0008269366295724999,0.0,796.507552,
1219,NFCORE_CHIPSEQ:CHIPSEQ:MARK_DUPLICATES_PICARD:BAM_STATS_SAMTOOLS:SAMTOOLS_FLAGSTAT,1700961091000,1700961108000,2,103.6,,1073741824.0,,,0.019618395853443337,0.019618395853443337,0.0,796.507552,
1187,NFCORE_CHIPSEQ:CHIPSEQ:MARK_DUPLICATES_PICARD:BAM_STATS_SAMTOOLS:SAMTOOLS_FLAGSTAT,1700961060000,1700961115000,2,25.8,,1073741824.0,,,0.019388805317230556,0.019388805317230556,0.0,796.507552,
1212,NFCORE_CHIPSEQ:CHIPSEQ:MARK_DUPLICATES_PICARD:BAM_STATS_SAMTOOLS:SAMTOOLS_IDXSTATS,1700961110000,1700961115000,2,78.5,,1073741824.0,,,0.004477209051734723,0.004477209051734723,0.0,796.507552,
1139,NFCORE_CHIPSEQ:CHIPSEQ:MARK_DUPLICATES_PICARD:SAMTOOLS_INDEX,1700961044000,1700961116000,2,20.9,,1073741824.0,,,0.0217471452557,0.0217471452557,0.0,796.507552,
1206,NFCORE_CHIPSEQ:CHIPSEQ:MARK_DUPLICATES_PICARD:BAM_STATS_SAMTOOLS:SAMTOOLS_IDXSTATS,1700961119000,1700961127000,2,22.8,,1073741824.0,,,0.0025729406450577777,0.0025729406450577777,0.0,796.507552,
1135,NFCORE_CHIPSEQ:CHIPSEQ:MARK_DUPLICATES_PICARD:BAM_STATS_SAMTOOLS:SAMTOOLS_STATS,1700961044000,1700961127000,2,58.7,,1073741824.0,,,0.0573912799695114,0.0573912799695114,0.0,796.507552,
1140,NFCORE_CHIPSEQ:CHIPSEQ:MARK_DUPLICATES_PICARD:SAMTOOLS_INDEX,1700961044000,1700961129000,2,20.0,,1073741824.0,,,0.024885606262677776,0.024885606262677776,0.0,796.507552,
1153,NFCORE_CHIPSEQ:CHIPSEQ:MARK_DUPLICATES_PICARD:SAMTOOLS_INDEX,1700961047000,1700961131000,2,21.4,,1073741824.0,,,0.025804355598700007,0.025804355598700007,0.0,796.507552,
1157,NFCORE_CHIPSEQ:CHIPSEQ:MARK_DUPLICATES_PICARD:SAMTOOLS_INDEX,1700961046000,1700961137000,2,17.0,,1073741824.0,,,0.02382977742382611,0.02382977742382611,0.0,796.507552,
1214,NFCORE_CHIPSEQ:CHIPSEQ:MARK_DUPLICATES_PICARD:BAM_STATS_SAMTOOLS:SAMTOOLS_STATS,1700961083000,1700961137000,2,138.8,,1073741824.0,,,0.08189939558274002,0.08189939558274002,0.0,796.507552,
1242,NFCORE_CHIPSEQ:CHIPSEQ:MARK_DUPLICATES_PICARD:BAM_STATS_SAMTOOLS:SAMTOOLS_IDXSTATS,1700961131000,1700961134000,2,2.7,,1073741824.0,,,0.0003436390784891667,0.0003436390784891667,0.0,796.507552,
1126,NFCORE_CHIPSEQ:CHIPSEQ:MARK_DUPLICATES_PICARD:SAMTOOLS_INDEX,1700961013000,1700961143000,2,12.2,,1073741824.0,,,0.02761405947596111,0.02761405947596111,0.0,796.507552,
1127,NFCORE_CHIPSEQ:CHIPSEQ:MARK_DUPLICATES_PICARD:SAMTOOLS_INDEX,1700961013000,1700961143000,2,13.1,,1073741824.0,,,0.02881939941988611,0.02881939941988611,0.0,796.507552,
1131,NFCORE_CHIPSEQ:CHIPSEQ:PRESEQ_LCEXTRAP,1700961023000,1700961144000,2,99.1,,1073741824.0,,,0.13402735088298418,0.13402735088298418,0.0,796.507552,
1148,NFCORE_CHIPSEQ:CHIPSEQ:MARK_DUPLICATES_PICARD:SAMTOOLS_INDEX,1700961044000,1700961140000,2,19.6,,1073741824.0,,,0.027710497734080006,0.027710497734080006,0.0,796.507552,
1154,NFCORE_CHIPSEQ:CHIPSEQ:MARK_DUPLICATES_PICARD:SAMTOOLS_INDEX,1700961046000,1700961145000,2,16.7,,1073741824.0,,,0.0256187320027925,0.0256187320027925,0.0,796.507552,
1158,NFCORE_CHIPSEQ:CHIPSEQ:MARK_DUPLICATES_PICARD:SAMTOOLS_INDEX,1700961048000,1700961139000,2,20.1,,1073741824.0,,,0.02673598595528973,0.02673598595528973,0.0,796.507552,
1161,NFCORE_CHIPSEQ:CHIPSEQ:MARK_DUPLICATES_PICARD:SAMTOOLS_INDEX,1700961048000,1700961140000,2,21.4,,1073741824.0,,,0.02826191327476667,0.02826191327476667,0.0,796.507552,
1178,NFCORE_CHIPSEQ:CHIPSEQ:MARK_DUPLICATES_PICARD:SAMTOOLS_INDEX,1700961060000,1700961146000,2,23.7,,1073741824.0,,,0.028456490666506115,0.028456490666506115,0.0,796.507552,
1225,NFCORE_CHIPSEQ:CHIPSEQ:MARK_DUPLICATES_PICARD:BAM_STATS_SAMTOOLS:SAMTOOLS_IDXSTATS,1700961094000,1700961144000,2,1.6,,1073741824.0,,,0.005160705180666667,0.005160705180666667,0.0,796.507552,
1251,NFCORE_CHIPSEQ:CHIPSEQ:MARK_DUPLICATES_PICARD:BAM_STATS_SAMTOOLS:SAMTOOLS_IDXSTATS,1700961140000,1700961145000,2,1.9,,1073741824.0,,,0.0005315235942708334,0.0005315235942708334,0.0,796.507552,
1257,NFCORE_CHIPSEQ:CHIPSEQ:MARK_DUPLICATES_PICARD:BAM_STATS_SAMTOOLS:SAMTOOLS_IDXSTATS,1700961147000,1700961148000,2,6.0,,1073741824.0,,,0.00014854312714555556,0.00014854312714555556,0.0,796.507552,
1164,NFCORE_CHIPSEQ:CHIPSEQ:MARK_DUPLICATES_PICARD:SAMTOOLS_INDEX,1700961054000,1700961148000,2,19.0,,1073741824.0,,,0.02655216003267667,0.02655216003267667,0.0,796.507552,
1188,NFCORE_CHIPSEQ:CHIPSEQ:MARK_DUPLICATES_PICARD:BAM_STATS_SAMTOOLS:SAMTOOLS_STATS,1700961064000,1700961155000,2,55.2,,1073741824.0,,,0.05964176642444223,0.05964176642444223,0.0,796.507552,
1267,NFCORE_CHIPSEQ:CHIPSEQ:FILTER_BAM_BAMTOOLS:BAM_REMOVE_ORPHANS,1700961145000,1700961149000,2,1.4,,1073741824.0,,,0.00040461477381111113,0.00040461477381111113,0.0,796.507552,
1268,NFCORE_CHIPSEQ:CHIPSEQ:FILTER_BAM_BAMTOOLS:BAM_REMOVE_ORPHANS,1700961147000,1700961148000,2,36.9,,1073741824.0,,,0.0004668764969513889,0.0004668764969513889,0.0,796.507552,
1272,NFCORE_CHIPSEQ:CHIPSEQ:MARK_DUPLICATES_PICARD:BAM_STATS_SAMTOOLS:SAMTOOLS_IDXSTATS,1700961145000,1700961149000,2,1.5,,1073741824.0,,,0.00040873559413222223,0.00040873559413222223,0.0,796.507552,
1276,NFCORE_CHIPSEQ:CHIPSEQ:MARK_DUPLICATES_PICARD:BAM_STATS_SAMTOOLS:SAMTOOLS_IDXSTATS,1700961147000,1700961151000,2,3.6,,1073741824.0,,,0.0004952728208755556,0.0004952728208755556,0.0,796.507552,
1129,NFCORE_CHIPSEQ:CHIPSEQ:PRESEQ_LCEXTRAP,1700961013000,1700961162000,2,74.6,,1073741824.0,,,0.12743430802020056,0.12743430802020056,0.0,796.507552,
1150,NFCORE_CHIPSEQ:CHIPSEQ:MARK_DUPLICATES_PICARD:SAMTOOLS_INDEX,1700961047000,1700961161000,2,20.1,,1073741824.0,,,0.033493432954978336,0.033493432954978336,0.0,796.507552,
1224,NFCORE_CHIPSEQ:CHIPSEQ:MARK_DUPLICATES_PICARD:BAM_STATS_SAMTOOLS:SAMTOOLS_FLAGSTAT,1700961147000,1700961164000,2,92.3,,1073741824.0,,,0.017639371894229722,0.017639371894229722,0.0,796.507552,
1229,NFCORE_CHIPSEQ:CHIPSEQ:MARK_DUPLICATES_PICARD:BAM_STATS_SAMTOOLS:SAMTOOLS_STATS,1700961129000,1700961163000,2,135.8,,1073741824.0,,,0.050515476925767785,0.050515476925767785,0.0,796.507552,
1233,NFCORE_CHIPSEQ:CHIPSEQ:MARK_DUPLICATES_PICARD:BAM_STATS_SAMTOOLS:SAMTOOLS_IDXSTATS,1700961167000,1700961168000,2,69.3,,1073741824.0,,,0.0008006629429613888,0.0008006629429613888,0.0,796.507552,
1249,NFCORE_CHIPSEQ:CHIPSEQ:MARK_DUPLICATES_PICARD:BAM_STATS_SAMTOOLS:SAMTOOLS_FLAGSTAT,1700961137000,1700961162000,2,50.3,,1073741824.0,,,0.015123099442715277,0.015123099442715277,0.0,796.507552,
1259,NFCORE_CHIPSEQ:CHIPSEQ:MARK_DUPLICATES_PICARD:BAM_STATS_SAMTOOLS:SAMTOOLS_IDXSTATS,1700961158000,1700961160000,2,13.3,,1073741824.0,,,0.00044749619601166667,0.00044749619601166667,0.0,796.507552,
1278,NFCORE_CHIPSEQ:CHIPSEQ:MARK_DUPLICATES_PICARD:BAM_STATS_SAMTOOLS:SAMTOOLS_IDXSTATS,1700961166000,1700961168000,2,16.4,,1073741824.0,,,0.0005113689109888889,0.0005113689109888889,0.0,796.507552,
1138,NFCORE_CHIPSEQ:CHIPSEQ:PRESEQ_LCEXTRAP,1700961044000,1700961174000,2,87.7,,1073741824.0,,,0.12872868810522498,0.12872868810522498,0.0,796.507552,
1181,NFCORE_CHIPSEQ:CHIPSEQ:MARK_DUPLICATES_PICARD:SAMTOOLS_INDEX,1700961134000,1700961179000,2,39.8,,1073741824.0,,,0.022353859992574998,0.022353859992574998,0.0,796.507552,
1215,NFCORE_CHIPSEQ:CHIPSEQ:MARK_DUPLICATES_PICARD:BAM_STATS_SAMTOOLS:SAMTOOLS_FLAGSTAT,1700961122000,1700961168000,2,43.3,,1073741824.0,,,0.024509242616101667,0.024509242616101667,0.0,796.507552,
1232,NFCORE_CHIPSEQ:CHIPSEQ:MARK_DUPLICATES_PICARD:BAM_STATS_SAMTOOLS:SAMTOOLS_STATS,1700961136000,1700961175000,2,127.8,,1073741824.0,,,0.05472998368203168,0.05472998368203168,0.0,796.507552,
1266,NFCORE_CHIPSEQ:CHIPSEQ:MARK_DUPLICATES_PICARD:BAM_STATS_SAMTOOLS:SAMTOOLS_STATS,1700961139000,1700961185000,2,120.9,,1073741824.0,,,0.06128344316169724,0.06128344316169724,0.0,796.507552,
1264,NFCORE_CHIPSEQ:CHIPSEQ:MARK_DUPLICATES_PICARD:BAM_STATS_SAMTOOLS:SAMTOOLS_IDXSTATS,1700961179000,1700961181000,2,11.6,,1073741824.0,,,0.0004124692232822222,0.0004124692232822222,0.0,796.507552,
1299,NFCORE_CHIPSEQ:CHIPSEQ:MARK_DUPLICATES_PICARD:BAM_STATS_SAMTOOLS:SAMTOOLS_IDXSTATS,1700961184000,1700961185000,2,72.4,,1073741824.0,,,0.00083259930045,0.00083259930045,0.0,796.507552,
1124,NFCORE_CHIPSEQ:CHIPSEQ:PRESEQ_LCEXTRAP,1700961013000,1700961181000,2,73.1,,1073741824.0,,,0.14108820365000668,0.14108820365000668,0.0,796.507552,
1125,NFCORE_CHIPSEQ:CHIPSEQ:PRESEQ_LCEXTRAP,1700961013000,1700961187000,2,63.9,,1073741824.0,,,0.12963554514099168,0.12963554514099168,0.0,796.507552,
1137,NFCORE_CHIPSEQ:CHIPSEQ:MARK_DUPLICATES_PICARD:BAM_STATS_SAMTOOLS:SAMTOOLS_IDXSTATS,1700961044000,1700961187000,2,0.0,,1073741824.0,,,0.012402507593031114,0.012402507593031114,0.0,796.507552,
1143,NFCORE_CHIPSEQ:CHIPSEQ:PRESEQ_LCEXTRAP,1700961044000,1700961184000,2,83.7,,1073741824.0,,,0.13286174643299445,0.13286174643299445,0.0,796.507552,
1144,NFCORE_CHIPSEQ:CHIPSEQ:PRESEQ_LCEXTRAP,1700961044000,1700961190000,2,84.1,,1073741824.0,,,0.139157461047005,0.139157461047005,0.0,796.507552,
1149,NFCORE_CHIPSEQ:CHIPSEQ:PRESEQ_LCEXTRAP,1700961044000,1700961180000,2,98.5,,1073741824.0,,,0.14980166439074002,0.14980166439074002,0.0,796.507552,
1159,NFCORE_CHIPSEQ:CHIPSEQ:PRESEQ_LCEXTRAP,1700961047000,1700961190000,2,90.4,,1073741824.0,,,0.1455791787307,0.1455791787307,0.0,796.507552,
1160,NFCORE_CHIPSEQ:CHIPSEQ:PRESEQ_LCEXTRAP,1700961047000,1700961181000,2,93.6,,1073741824.0,,,0.1408343721808311,0.1408343721808311,0.0,796.507552,
1165,NFCORE_CHIPSEQ:CHIPSEQ:PRESEQ_LCEXTRAP,1700961055000,1700961196000,2,93.3,,1073741824.0,,,0.14775561487415587,0.14775561487415587,0.0,796.507552,
1183,NFCORE_CHIPSEQ:CHIPSEQ:MARK_DUPLICATES_PICARD:SAMTOOLS_INDEX,1700961143000,1700961195000,2,34.5,,1073741824.0,,,0.022991881901285555,0.022991881901285555,0.0,796.507552,
1199,NFCORE_CHIPSEQ:CHIPSEQ:MARK_DUPLICATES_PICARD:BAM_STATS_SAMTOOLS:SAMTOOLS_STATS,1700961066000,1700961185000,2,59.8,,1073741824.0,,,0.08363242177986499,0.08363242177986499,0.0,796.507552,
1209,NFCORE_CHIPSEQ:CHIPSEQ:MARK_DUPLICATES_PICARD:BAM_STATS_SAMTOOLS:SAMTOOLS_FLAGSTAT,1700961158000,1700961195000,2,39.4,,1073741824.0,,,0.018227370086458333,0.018227370086458333,0.0,796.507552,
1223,NFCORE_CHIPSEQ:CHIPSEQ:MARK_DUPLICATES_PICARD:BAM_STATS_SAMTOOLS:SAMTOOLS_STATS,1700961099000,1700961200000,2,56.6,,1073741824.0,,,0.06765251667437723,0.06765251667437723,0.0,796.507552,
1230,NFCORE_CHIPSEQ:CHIPSEQ:MARK_DUPLICATES_PICARD:BAM_STATS_SAMTOOLS:SAMTOOLS_IDXSTATS,1700961190000,1700961193000,2,4.0,,1073741824.0,,,0.00038381707662000006,0.00038381707662000006,0.0,796.507552,
1234,NFCORE_CHIPSEQ:CHIPSEQ:MARK_DUPLICATES_PICARD:BAM_STATS_SAMTOOLS:SAMTOOLS_FLAGSTAT,1700961167000,1700961192000,2,52.0,,1073741824.0,,,0.015560936601833334,0.015560936601833334,0.0,796.507552,
1244,NFCORE_CHIPSEQ:CHIPSEQ:MARK_DUPLICATES_PICARD:BAM_STATS_SAMTOOLS:SAMTOOLS_FLAGSTAT,1700961128000,1700961187000,2,26.0,,1073741824.0,,,0.02092046444886556,0.02092046444886556,0.0,796.507552,
1255,NFCORE_CHIPSEQ:CHIPSEQ:MARK_DUPLICATES_PICARD:BAM_STATS_SAMTOOLS:SAMTOOLS_FLAGSTAT,1700961148000,1700961190000,2,38.2,,1073741824.0,,,0.02017130484579001,0.02017130484579001,0.0,796.507552,
1262,NFCORE_CHIPSEQ:CHIPSEQ:MARK_DUPLICATES_PICARD:BAM_STATS_SAMTOOLS:SAMTOOLS_FLAGSTAT,1700961140000,1700961187000,2,34.3,,1073741824.0,,,0.020684284748615837,0.020684284748615837,0.0,796.507552,
1297,NFCORE_CHIPSEQ:CHIPSEQ:MARK_DUPLICATES_PICARD:SAMTOOLS_INDEX,1700961172000,1700961213000,2,43.8,,1073741824.0,,,0.02205638654711278,0.02205638654711278,0.0,796.507552,
1310,NFCORE_CHIPSEQ:CHIPSEQ:MARK_DUPLICATES_PICARD:BAM_STATS_SAMTOOLS:SAMTOOLS_IDXSTATS,1700961182000,1700961184000,2,5.2,,1073741824.0,,,0.0002806029730066667,0.0002806029730066667,0.0,796.507552,
1128,NFCORE_CHIPSEQ:CHIPSEQ:PRESEQ_LCEXTRAP,1700961013000,1700961198000,2,65.2,,1073741824.0,,,0.14030853891395,0.14030853891395,0.0,796.507552,
1141,NFCORE_CHIPSEQ:CHIPSEQ:PRESEQ_LCEXTRAP,1700961044000,1700961196000,2,84.8,,1073741824.0,,,0.14597239902147555,0.14597239902147555,0.0,796.507552,
1156,NFCORE_CHIPSEQ:CHIPSEQ:PRESEQ_LCEXTRAP,1700961046000,1700961225000,2,63.8,,1073741824.0,,,0.13317629777475393,0.13317629777475393,0.0,796.507552,
1162,NFCORE_CHIPSEQ:CHIPSEQ:PRESEQ_LCEXTRAP,1700961047000,1700961210000,2,93.5,,1073741824.0,,,0.17114552929934362,0.17114552929934362,0.0,796.507552,
1179,NFCORE_CHIPSEQ:CHIPSEQ:PRESEQ_LCEXTRAP,1700961057000,1700961212000,2,98.7,,1073741824.0,,,0.17104920166727364,0.17104920166727364,0.0,796.507552,
1189,NFCORE_CHIPSEQ:CHIPSEQ:FILTER_BAM_BAMTOOLS:BAM_FILTER,1700961060000,1700961227000,2,136.7,,1073741824.0,,,0.24966853490045807,0.24966853490045807,0.0,796.507552,
1239,NFCORE_CHIPSEQ:CHIPSEQ:MARK_DUPLICATES_PICARD:BAM_STATS_SAMTOOLS:SAMTOOLS_STATS,1700961151000,1700961221000,2,81.4,,1073741824.0,,,0.06477224303725,0.06477224303725,0.0,796.507552,
1248,NFCORE_CHIPSEQ:CHIPSEQ:MARK_DUPLICATES_PICARD:BAM_STATS_SAMTOOLS:SAMTOOLS_IDXSTATS,1700961217000,1700961222000,2,1.0,,1073741824.0,,,0.00048516436565833337,0.00048516436565833337,0.0,796.507552,
1258,NFCORE_CHIPSEQ:CHIPSEQ:MARK_DUPLICATES_PICARD:BAM_STATS_SAMTOOLS:SAMTOOLS_STATS,1700961177000,1700961223000,2,128.9,,1073741824.0,,,0.06507459785711946,0.06507459785711946,0.0,796.507552,
1269,NFCORE_CHIPSEQ:CHIPSEQ:MARK_DUPLICATES_PICARD:BAM_STATS_SAMTOOLS:SAMTOOLS_STATS,1700961174000,1700961223000,2,111.5,,1073741824.0,,,0.06053506485509195,0.06053506485509195,0.0,796.507552,
1270,NFCORE_CHIPSEQ:CHIPSEQ:MARK_DUPLICATES_PICARD:BAM_STATS_SAMTOOLS:SAMTOOLS_FLAGSTAT,1700961185000,1700961222000,2,45.0,,1073741824.0,,,0.02036195501279389,0.02036195501279389,0.0,796.507552,
1274,NFCORE_CHIPSEQ:CHIPSEQ:MARK_DUPLICATES_PICARD:BAM_STATS_SAMTOOLS:SAMTOOLS_STATS,1700961147000,1700961238000,2,62.1,,1073741824.0,,,0.06611042412350639,0.06611042412350639,0.0,796.507552,
1277,NFCORE_CHIPSEQ:CHIPSEQ:MARK_DUPLICATES_PICARD:BAM_STATS_SAMTOOLS:SAMTOOLS_FLAGSTAT,1700961149000,1700961227000,2,22.7,,1073741824.0,,,0.02500581529305167,0.02500581529305167,0.0,796.507552,
1316,NFCORE_CHIPSEQ:CHIPSEQ:MARK_DUPLICATES_PICARD:SAMTOOLS_INDEX,1700961192000,1700961240000,2,42.3,,1073741824.0,,,0.02508036342174667,0.02508036342174667,0.0,796.507552,
1320,NFCORE_CHIPSEQ:CHIPSEQ:MARK_DUPLICATES_PICARD:BAM_STATS_SAMTOOLS:SAMTOOLS_IDXSTATS,1700961202000,1700961207000,2,20.9,,1073741824.0,,,0.0015102184205347225,0.0015102184205347225,0.0,796.507552,
1324,NFCORE_CHIPSEQ:CHIPSEQ:MARK_DUPLICATES_PICARD:BAM_STATS_SAMTOOLS:SAMTOOLS_IDXSTATS,1700961233000,1700961239000,2,1.3,,1073741824.0,,,0.000600740930235,0.000600740930235,0.0,796.507552,
1147,NFCORE_CHIPSEQ:CHIPSEQ:PRESEQ_LCEXTRAP,1700961044000,1700961234000,2,81.3,,1073741824.0,,,0.17561463499299723,0.17561463499299723,0.0,796.507552,
1168,NFCORE_CHIPSEQ:CHIPSEQ:MARK_DUPLICATES_PICARD:SAMTOOLS_INDEX,1700961186000,1700961251000,2,27.4,,1073741824.0,,,0.023985455931125,0.023985455931125,0.0,796.507552,
1196,NFCORE_CHIPSEQ:CHIPSEQ:MARK_DUPLICATES_PICARD:SAMTOOLS_INDEX,1700961217000,1700961245000,2,43.8,,1073741824.0,,,0.015062898129735556,0.015062898129735556,0.0,796.507552,
1226,NFCORE_CHIPSEQ:CHIPSEQ:BEDTOOLS_GENOMECOV,1700961148000,1700961241000,2,121.1,,4567597056.0,,,0.15033665196316667,0.15033665196316667,0.0,796.507552,
1228,NFCORE_CHIPSEQ:CHIPSEQ:MARK_DUPLICATES_PICARD:BAM_STATS_SAMTOOLS:SAMTOOLS_FLAGSTAT,1700961190000,1700961250000,2,24.1,,1073741824.0,,,0.02010061480055,0.02010061480055,0.0,796.507552,
1260,NFCORE_CHIPSEQ:CHIPSEQ:MARK_DUPLICATES_PICARD:BAM_STATS_SAMTOOLS:SAMTOOLS_STATS,1700961168000,1700961241000,2,77.3,,1073741824.0,,,0.0644647925050036,0.0644647925050036,0.0,796.507552,
1263,NFCORE_CHIPSEQ:CHIPSEQ:MARK_DUPLICATES_PICARD:BAM_STATS_SAMTOOLS:SAMTOOLS_FLAGSTAT,1700961189000,1700961241000,2,32.3,,1073741824.0,,,0.02181332728944778,0.02181332728944778,0.0,796.507552,
1311,NFCORE_CHIPSEQ:CHIPSEQ:MARK_DUPLICATES_PICARD:BAM_STATS_SAMTOOLS:SAMTOOLS_STATS,1700961200000,1700961250000,2,113.6,,1073741824.0,,,0.06285218967622222,0.06285218967622222,0.0,796.507552,
1313,NFCORE_CHIPSEQ:CHIPSEQ:MARK_DUPLICATES_PICARD:SAMTOOLS_INDEX,1700961188000,1700961260000,2,27.0,,1073741824.0,,,0.026271805968280004,0.026271805968280004,0.0,796.507552,
1319,NFCORE_CHIPSEQ:CHIPSEQ:MARK_DUPLICATES_PICARD:BAM_STATS_SAMTOOLS:SAMTOOLS_FLAGSTAT,1700961203000,1700961261000,2,28.3,,1073741824.0,,,0.021940173882755,0.021940173882755,0.0,796.507552,
1327,NFCORE_CHIPSEQ:CHIPSEQ:FILTER_BAM_BAMTOOLS:BAM_REMOVE_ORPHANS,1700961232000,1700961238000,2,74.9,,1073741824.0,,,0.005150126564741668,0.005150126564741668,0.0,796.507552,
1331,NFCORE_CHIPSEQ:CHIPSEQ:MARK_DUPLICATES_PICARD:BAM_STATS_SAMTOOLS:SAMTOOLS_IDXSTATS,1700961247000,1700961252000,2,1.4,,1073741824.0,,,0.0005057684672638889,0.0005057684672638889,0.0,796.507552,
1136,NFCORE_CHIPSEQ:CHIPSEQ:FILTER_BAM_BAMTOOLS:BAM_FILTER,1700961044000,1700961260000,2,133.0,,1073741824.0,,,0.31469117308524,0.31469117308524,0.0,796.507552,
1175,NFCORE_CHIPSEQ:CHIPSEQ:PICARD_COLLECTMULTIPLEMETRICS,1700961056000,1700961268000,2,26.9,,2573205504.0,,,0.10281453615300278,0.10281453615300278,0.0,796.507552,
1309,NFCORE_CHIPSEQ:CHIPSEQ:MARK_DUPLICATES_PICARD:BAM_STATS_SAMTOOLS:SAMTOOLS_FLAGSTAT,1700961192000,1700961268000,2,22.6,,1073741824.0,,,0.02428634495584667,0.02428634495584667,0.0,796.507552,
1326,NFCORE_CHIPSEQ:CHIPSEQ:MARK_DUPLICATES_PICARD:BAM_STATS_SAMTOOLS:SAMTOOLS_FLAGSTAT,1700961233000,1700961268000,2,51.2,,1073741824.0,,,0.02149685382008889,0.02149685382008889,0.0,796.507552,
1332,NFCORE_CHIPSEQ:CHIPSEQ:MARK_DUPLICATES_PICARD:BAM_STATS_SAMTOOLS:SAMTOOLS_FLAGSTAT,1700961255000,1700961270000,2,125.2,,1073741824.0,,,0.02064821374255,0.02064821374255,0.0,796.507552,
1333,NFCORE_CHIPSEQ:CHIPSEQ:MARK_DUPLICATES_PICARD:BAM_STATS_SAMTOOLS:SAMTOOLS_IDXSTATS,1700961268000,1700961270000,2,34.3,,1073741824.0,,,0.0008801823297283333,0.0008801823297283333,0.0,796.507552,
1336,NFCORE_CHIPSEQ:CHIPSEQ:MARK_DUPLICATES_PICARD:BAM_STATS_SAMTOOLS:SAMTOOLS_IDXSTATS,1700961257000,1700961260000,2,26.9,,1073741824.0,,,0.0010915679667708334,0.0010915679667708334,0.0,796.507552,
1344,NFCORE_CHIPSEQ:CHIPSEQ:MARK_DUPLICATES_PICARD:BAM_STATS_SAMTOOLS:SAMTOOLS_IDXSTATS,1700961273000,1700961274000,2,19.7,,1073741824.0,,,0.0002896812231436111,0.0002896812231436111,0.0,796.507552,
1142,NFCORE_CHIPSEQ:CHIPSEQ:MARK_DUPLICATES_PICARD:SAMTOOLS_INDEX,1700961044000,1700961274000,2,10.6,,1073741824.0,,,0.04506448899281666,0.04506448899281666,0.0,796.507552,
1194,NFCORE_CHIPSEQ:CHIPSEQ:MARK_DUPLICATES_PICARD:SAMTOOLS_INDEX,1700961195000,1700961278000,2,21.2,,1073741824.0,,,0.025326146845865552,0.025326146845865552,0.0,796.507552,
1301,NFCORE_CHIPSEQ:CHIPSEQ:MARK_DUPLICATES_PICARD:BAM_STATS_SAMTOOLS:SAMTOOLS_STATS,1700961160000,1700961278000,2,88.6,,1073741824.0,,,0.11794011776768998,0.11794011776768998,0.0,796.507552,
1321,NFCORE_CHIPSEQ:CHIPSEQ:MARK_DUPLICATES_PICARD:BAM_STATS_SAMTOOLS:SAMTOOLS_STATS,1700961202000,1700961280000,2,70.8,,1073741824.0,,,0.06365704949491334,0.06365704949491334,0.0,796.507552,
1329,NFCORE_CHIPSEQ:CHIPSEQ:MARK_DUPLICATES_PICARD:BAM_STATS_SAMTOOLS:SAMTOOLS_FLAGSTAT,1700961246000,1700961282000,2,45.8,,1073741824.0,,,0.020108330967459998,0.020108330967459998,0.0,796.507552,
1339,NFCORE_CHIPSEQ:CHIPSEQ:MARK_DUPLICATES_PICARD:BAM_STATS_SAMTOOLS:SAMTOOLS_FLAGSTAT,1700961266000,1700961281000,2,86.6,,1073741824.0,,,0.014683326327741665,0.014683326327741665,0.0,796.507552,
1348,NFCORE_CHIPSEQ:CHIPSEQ:FILTER_BAM_BAMTOOLS:BAM_REMOVE_ORPHANS,1700961273000,1700961282000,2,58.5,,1073741824.0,,,0.0062046071486225,0.0062046071486225,0.0,796.507552,
1009,NFCORE_CHIPSEQ:CHIPSEQ:MARK_DUPLICATES_PICARD:PICARD_MARKDUPLICATES,1700961036000,1700961278000,2,93.0,,21180186624.0,,,0.6458754973727238,0.6458754973727238,0.0,796.507552,
1028,NFCORE_CHIPSEQ:CHIPSEQ:MARK_DUPLICATES_PICARD:PICARD_MARKDUPLICATES,1700961048000,1700961282000,2,92.7,,21180186624.0,,,0.6238010372948738,0.6238010372948738,0.0,796.507552,
1134,NFCORE_CHIPSEQ:CHIPSEQ:MARK_DUPLICATES_PICARD:BAM_STATS_SAMTOOLS:SAMTOOLS_FLAGSTAT,1700961044000,1700961283000,2,13.2,,1073741824.0,,,0.05322957640920777,0.05322957640920777,0.0,796.507552,
1171,NFCORE_CHIPSEQ:CHIPSEQ:MARK_DUPLICATES_PICARD:SAMTOOLS_INDEX,1700961239000,1700961282000,2,76.7,,1073741824.0,,,0.03770661911278362,0.03770661911278362,0.0,796.507552,
1182,NFCORE_CHIPSEQ:CHIPSEQ:PRESEQ_LCEXTRAP,1700961143000,1700961282000,2,97.7,,1073741824.0,,,0.1519605248206786,0.1519605248206786,0.0,796.507552,
1246,NFCORE_CHIPSEQ:CHIPSEQ:MARK_DUPLICATES_PICARD:BAM_STATS_SAMTOOLS:SAMTOOLS_IDXSTATS,1700961282000,1700961284000,2,19.8,,1073741824.0,,,0.0005814228564477778,0.0005814228564477778,0.0,796.507552,
1250,NFCORE_CHIPSEQ:CHIPSEQ:MARK_DUPLICATES_PICARD:BAM_STATS_SAMTOOLS:SAMTOOLS_STATS,1700961228000,1700961282000,2,98.8,,1073741824.0,,,0.05964696584874,0.05964696584874,0.0,796.507552,
1296,NFCORE_CHIPSEQ:CHIPSEQ:MARK_DUPLICATES_PICARD:BAM_STATS_SAMTOOLS:SAMTOOLS_IDXSTATS,1700961282000,1700961284000,2,32.9,,1073741824.0,,,0.0008513365874805556,0.0008513365874805556,0.0,796.507552,
1328,NFCORE_CHIPSEQ:CHIPSEQ:MARK_DUPLICATES_PICARD:BAM_STATS_SAMTOOLS:SAMTOOLS_STATS,1700961249000,1700961292000,2,136.5,,1073741824.0,,,0.0641973125470464,0.0641973125470464,0.0,796.507552,
1352,NFCORE_CHIPSEQ:CHIPSEQ:MARK_DUPLICATES_PICARD:BAM_STATS_SAMTOOLS:SAMTOOLS_IDXSTATS,1700961284000,1700961286000,2,7.5,,1073741824.0,,,0.00032799240669944445,0.00032799240669944445,0.0,796.507552,
1005,NFCORE_CHIPSEQ:CHIPSEQ:MARK_DUPLICATES_PICARD:PICARD_MARKDUPLICATES,1700961027000,1700961292000,2,84.5,,21180186624.0,,,0.6840549892600151,0.6840549892600151,0.0,796.507552,
1298,NFCORE_CHIPSEQ:CHIPSEQ:PRESEQ_LCEXTRAP,1700961156000,1700961294000,2,86.8,,1073741824.0,,,0.13537093881738,0.13537093881738,0.0,796.507552,
1302,NFCORE_CHIPSEQ:CHIPSEQ:MARK_DUPLICATES_PICARD:BAM_STATS_SAMTOOLS:SAMTOOLS_FLAGSTAT,1700961228000,1700961298000,2,24.3,,1073741824.0,,,0.023594945978547225,0.023594945978547225,0.0,796.507552,
1360,NFCORE_CHIPSEQ:CHIPSEQ:MARK_DUPLICATES_PICARD:SAMTOOLS_INDEX,1700961288000,1700961294000,2,161.9,,1073741824.0,,,0.010527797083791668,0.010527797083791668,0.0,796.507552,
1020,NFCORE_CHIPSEQ:CHIPSEQ:MARK_DUPLICATES_PICARD:PICARD_MARKDUPLICATES,1700961037000,1700961298000,2,98.6,,21180186624.0,,,0.7116422080908644,0.7116422080908644,0.0,796.507552,
1220,NFCORE_CHIPSEQ:CHIPSEQ:MARK_DUPLICATES_PICARD:BAM_STATS_SAMTOOLS:SAMTOOLS_STATS,1700961196000,1700961300000,2,41.3,,1073741824.0,,,0.05839142933513167,0.05839142933513167,0.0,796.507552,
1231,NFCORE_CHIPSEQ:CHIPSEQ:FILTER_BAM_BAMTOOLS:BAM_FILTER,1700961125000,1700961300000,2,140.0,,1073741824.0,,,0.2905134075963778,0.2905134075963778,0.0,796.507552,
1318,NFCORE_CHIPSEQ:CHIPSEQ:MARK_DUPLICATES_PICARD:SAMTOOLS_INDEX,1700961189000,1700961300000,2,19.0,,1073741824.0,,,0.034178844297381675,0.034178844297381675,0.0,796.507552,
1337,NFCORE_CHIPSEQ:CHIPSEQ:MARK_DUPLICATES_PICARD:BAM_STATS_SAMTOOLS:SAMTOOLS_STATS,1700961266000,1700961300000,2,121.4,,1073741824.0,,,0.06553258969951944,0.06553258969951944,0.0,796.507552,
1342,NFCORE_CHIPSEQ:CHIPSEQ:MARK_DUPLICATES_PICARD:BAM_STATS_SAMTOOLS:SAMTOOLS_FLAGSTAT,1700961271000,1700961300000,2,46.1,,1073741824.0,,,0.02471283603082556,0.02471283603082556,0.0,796.507552,
1359,NFCORE_CHIPSEQ:CHIPSEQ:MARK_DUPLICATES_PICARD:SAMTOOLS_INDEX,1700961285000,1700961300000,2,56.0,,1073741824.0,,,0.020573015685817778,0.020573015685817778,0.0,796.507552,
1369,NFCORE_CHIPSEQ:CHIPSEQ:MARK_DUPLICATES_PICARD:SAMTOOLS_INDEX,1700961299000,1700961300000,2,88.0,,1073741824.0,,,0.017879603273520003,0.017879603273520003,0.0,796.507552,
1145,NFCORE_CHIPSEQ:CHIPSEQ:MARK_DUPLICATES_PICARD:SAMTOOLS_INDEX,1700961045000,1700961300000,2,9.3,,1073741824.0,,,0.04965085138416445,0.04965085138416445,0.0,796.507552,
1340,NFCORE_CHIPSEQ:CHIPSEQ:UCSC_BEDGRAPHTOBIGWIG,1700961258000,1700961300000,1,22.5,,1073741824.0,,,0.02643773812748528,0.02643773812748528,0.0,796.507552,
1002,NFCORE_CHIPSEQ:CHIPSEQ:MARK_DUPLICATES_PICARD:PICARD_MARKDUPLICATES,1700961027000,1700961300000,2,84.8,,21180186624.0,,,0.824433232955957,0.824433232955957,0.0,796.507552,
1025,NFCORE_CHIPSEQ:CHIPSEQ:MARK_DUPLICATES_PICARD:PICARD_MARKDUPLICATES,1700961047000,1700961300000,2,89.6,,21180186624.0,,,0.7875301323210218,0.7875301323210218,0.0,796.507552,
1030,NFCORE_CHIPSEQ:CHIPSEQ:MARK_DUPLICATES_PICARD:PICARD_MARKDUPLICATES,1700961067000,1700961300000,2,90.0,,21180186624.0,,,1.0552003446114169,1.0552003446114169,0.0,796.507552,
1036,NFCORE_CHIPSEQ:CHIPSEQ:MARK_DUPLICATES_PICARD:PICARD_MARKDUPLICATES,1700961192000,1700961300000,2,84.2,,21180186624.0,,,0.7141749638236632,0.7141749638236632,0.0,796.507552,
1146,NFCORE_CHIPSEQ:CHIPSEQ:MARK_DUPLICATES_PICARD:SAMTOOLS_INDEX,1700961045000,1700961300000,2,7.3,,1073741824.0,,,0.047932994783993335,0.047932994783993335,0.0,796.507552,
1151,NFCORE_CHIPSEQ:CHIPSEQ:PRESEQ_LCEXTRAP,1700961047000,1700961300000,2,46.3,,1073741824.0,,,0.18433505826068247,0.18433505826068247,0.0,796.507552,
1152,NFCORE_CHIPSEQ:CHIPSEQ:PRESEQ_LCEXTRAP,1700961046000,1700961300000,2,94.8,,1073741824.0,,,0.3190095715296666,0.3190095715296666,0.0,796.507552,
1155,NFCORE_CHIPSEQ:CHIPSEQ:PRESEQ_LCEXTRAP,1700961047000,1700961300000,2,88.4,,1073741824.0,,,0.2982322018750389,0.2982322018750389,0.0,796.507552,
1176,NFCORE_CHIPSEQ:CHIPSEQ:PHANTOMPEAKQUALTOOLS,1700961054000,1700961300000,1,21.9,,4294967296.0,,,0.16718115495374555,0.16718115495374555,0.0,796.507552,
1207,NFCORE_CHIPSEQ:CHIPSEQ:MARK_DUPLICATES_PICARD:BAM_STATS_SAMTOOLS:SAMTOOLS_STATS,1700961083000,1700961300000,2,25.5,,1073741824.0,,,0.09190090998132694,0.09190090998132694,0.0,796.507552,
1211,NFCORE_CHIPSEQ:CHIPSEQ:MARK_DUPLICATES_PICARD:BAM_STATS_SAMTOOLS:SAMTOOLS_FLAGSTAT,1700961190000,1700961300000,2,11.0,,1073741824.0,,,0.030208060555076112,0.030208060555076112,0.0,796.507552,
1213,NFCORE_CHIPSEQ:CHIPSEQ:MARK_DUPLICATES_PICARD:BAM_STATS_SAMTOOLS:SAMTOOLS_STATS,1700961190000,1700961300000,2,38.4,,1073741824.0,,,0.07283176554648889,0.07283176554648889,0.0,796.507552,
1237,NFCORE_CHIPSEQ:CHIPSEQ:MARK_DUPLICATES_PICARD:BAM_STATS_SAMTOOLS:SAMTOOLS_FLAGSTAT,1700961111000,1700961300000,2,6.1,,1073741824.0,,,0.03739333305645833,0.03739333305645833,0.0,796.507552,
1235,NFCORE_CHIPSEQ:CHIPSEQ:FILTER_BAM_BAMTOOLS:BAM_FILTER,1700961117000,1700961300000,2,120.8,,1073741824.0,,,0.3887158193168978,0.3887158193168978,0.0,796.507552,
1243,NFCORE_CHIPSEQ:CHIPSEQ:MARK_DUPLICATES_PICARD:BAM_STATS_SAMTOOLS:SAMTOOLS_STATS,1700961283000,1700961300000,2,129.4,,1073741824.0,,,0.09370786894975,0.09370786894975,0.0,796.507552,
1245,NFCORE_CHIPSEQ:CHIPSEQ:FILTER_BAM_BAMTOOLS:BAM_FILTER,1700961127000,1700961300000,2,140.6,,1073741824.0,,,0.4912637328638223,0.4912637328638223,0.0,796.507552,
1254,NFCORE_CHIPSEQ:CHIPSEQ:MARK_DUPLICATES_PICARD:BAM_STATS_SAMTOOLS:SAMTOOLS_STATS,1700961282000,1700961300000,2,135.2,,1073741824.0,,,0.09913106208791778,0.09913106208791778,0.0,796.507552,
1307,NFCORE_CHIPSEQ:CHIPSEQ:MARK_DUPLICATES_PICARD:BAM_STATS_SAMTOOLS:SAMTOOLS_IDXSTATS,1700961170000,1700961300000,2,0.0,,1073741824.0,,,0.015264624729884444,0.015264624729884444,0.0,796.507552,
1317,NFCORE_CHIPSEQ:CHIPSEQ:PRESEQ_LCEXTRAP,1700961189000,1700961300000,2,88.2,,1073741824.0,,,0.1811576499703678,0.1811576499703678,0.0,796.507552,
1363,NFCORE_CHIPSEQ:CHIPSEQ:MARK_DUPLICATES_PICARD:SAMTOOLS_INDEX,1700961287000,1700961300000,2,6.2,,1073741824.0,,,0.027409843789712222,0.027409843789712222,0.0,796.507552,
1191,NFCORE_CHIPSEQ:CHIPSEQ:PRESEQ_LCEXTRAP,1700961079000,1700961300000,2,73.3,,1073741824.0,,,0.3426415564922075,0.3426415564922075,0.0,796.507552,
1193,NFCORE_CHIPSEQ:CHIPSEQ:PRESEQ_LCEXTRAP,1700961195000,1700961300000,2,43.7,,1073741824.0,,,0.16000527183826277,0.16000527183826277,0.0,796.507552,
1195,NFCORE_CHIPSEQ:CHIPSEQ:PRESEQ_LCEXTRAP,1700961217000,1700961300000,2,61.1,,1073741824.0,,,0.19766737088049668,0.19766737088049668,0.0,796.507552,
1200,NFCORE_CHIPSEQ:CHIPSEQ:FILTER_BAM_BAMTOOLS:BAM_FILTER,1700961076000,1700961300000,2,131.7,,1073741824.0,,,0.6048310725699286,0.6048310725699286,0.0,796.507552,
1210,NFCORE_CHIPSEQ:CHIPSEQ:FILTER_BAM_BAMTOOLS:BAM_FILTER,1700961100000,1700961300000,2,117.3,,1073741824.0,,,0.5102935843089205,0.5102935843089205,0.0,796.507552,
1271,NFCORE_CHIPSEQ:CHIPSEQ:FILTER_BAM_BAMTOOLS:BAM_FILTER,1700961174000,1700961300000,2,145.1,,1073741824.0,,,0.5060986860198222,0.5060986860198222,0.0,796.507552,
1286,NFCORE_CHIPSEQ:CHIPSEQ:FILTER_BAM_BAMTOOLS:BAM_FILTER,1700961187000,1700961300000,2,143.3,,1073741824.0,,,0.47828249892428504,0.47828249892428504,0.0,796.507552,
1322,NFCORE_CHIPSEQ:CHIPSEQ:FILTER_BAM_BAMTOOLS:BAM_FILTER,1700961202000,1700961300000,2,144.1,,1073741824.0,,,0.4572355958156674,0.4572355958156674,0.0,796.507552,
1334,NFCORE_CHIPSEQ:CHIPSEQ:MARK_DUPLICATES_PICARD:BAM_STATS_SAMTOOLS:SAMTOOLS_STATS,1700961255000,1700961300000,2,25.4,,1073741824.0,,,0.08291989322722776,0.08291989322722776,0.0,796.507552,
1357,NFCORE_CHIPSEQ:CHIPSEQ:FILTER_BAM_BAMTOOLS:BAM_SORT_SAMTOOLS:SAMTOOLS_SORT,1700961285000,1700961300000,5,109.0,,6309281792.0,,,0.3395707778847656,0.3395707778847656,0.0,796.507552,
1006,NFCORE_CHIPSEQ:CHIPSEQ:MARK_DUPLICATES_PICARD:PICARD_MARKDUPLICATES,1700961027000,1700961300000,2,80.3,,21180186624.0,,,1.2360405617771582,1.2360405617771582,0.0,796.507552,
1007,NFCORE_CHIPSEQ:CHIPSEQ:MARK_DUPLICATES_PICARD:PICARD_MARKDUPLICATES,1700961036000,1700961300000,2,100.5,,21180186624.0,,,1.2577469568906305,1.2577469568906305,0.0,796.507552,
1008,NFCORE_CHIPSEQ:CHIPSEQ:MARK_DUPLICATES_PICARD:PICARD_MARKDUPLICATES,1700961036000,1700961300000,2,100.0,,21180186624.0,,,1.2553877872567945,1.2553877872567945,0.0,796.507552,
1022,NFCORE_CHIPSEQ:CHIPSEQ:MARK_DUPLICATES_PICARD:PICARD_MARKDUPLICATES,1700961036000,1700961300000,2,95.0,,21180186624.0,,,1.2317960909184333,1.2317960909184333,0.0,796.507552,
1024,NFCORE_CHIPSEQ:CHIPSEQ:MARK_DUPLICATES_PICARD:PICARD_MARKDUPLICATES,1700961036000,1700961300000,2,99.7,,21180186624.0,,,1.2567102162308084,1.2567102162308084,0.0,796.507552,
1029,NFCORE_CHIPSEQ:CHIPSEQ:MARK_DUPLICATES_PICARD:PICARD_MARKDUPLICATES,1700961047000,1700961300000,2,98.7,,21180186624.0,,,1.216522401766668,1.216522401766668,0.0,796.507552,
1208,NFCORE_CHIPSEQ:CHIPSEQ:FILTER_BAM_BAMTOOLS:BAM_FILTER,1700961190000,1700961300000,2,99.8,,1073741824.0,,,0.36233453504498614,0.36233453504498614,0.0,796.507552,
1222,NFCORE_CHIPSEQ:CHIPSEQ:FILTER_BAM_BAMTOOLS:BAM_FILTER,1700961148000,1700961300000,2,143.9,,1073741824.0,,,0.5743257114225917,0.5743257114225917,0.0,796.507552,
1227,NFCORE_CHIPSEQ:CHIPSEQ:FILTER_BAM_BAMTOOLS:BAM_FILTER,1700961191000,1700961300000,2,138.6,,1073741824.0,,,0.5164769166855161,0.5164769166855161,0.0,796.507552,
1247,NFCORE_CHIPSEQ:CHIPSEQ:FILTER_BAM_BAMTOOLS:BAM_FILTER,1700961228000,1700961300000,2,143.2,,1073741824.0,,,0.47484328717514673,0.47484328717514673,0.0,796.507552,
1253,NFCORE_CHIPSEQ:CHIPSEQ:FILTER_BAM_BAMTOOLS:BAM_FILTER,1700961282000,1700961300000,2,145.9,,1073741824.0,,,0.39745000861354174,0.39745000861354174,0.0,796.507552,
1256,NFCORE_CHIPSEQ:CHIPSEQ:FILTER_BAM_BAMTOOLS:BAM_FILTER,1700961148000,1700961300000,2,139.8,,1073741824.0,,,0.5588664539879434,0.5588664539879434,0.0,796.507552,
1265,NFCORE_CHIPSEQ:CHIPSEQ:FILTER_BAM_BAMTOOLS:BAM_FILTER,1700961142000,1700961300000,2,78.2,,1073741824.0,,,0.3471246148962772,0.3471246148962772,0.0,796.507552,
1273,NFCORE_CHIPSEQ:CHIPSEQ:FILTER_BAM_BAMTOOLS:BAM_FILTER,1700961151000,1700961300000,2,143.6,,1073741824.0,,,0.5684962302916234,0.5684962302916234,0.0,796.507552,
1306,NFCORE_CHIPSEQ:CHIPSEQ:MARK_DUPLICATES_PICARD:BAM_STATS_SAMTOOLS:SAMTOOLS_STATS,1700961272000,1700961300000,2,76.0,,1073741824.0,,,0.2261185376684,0.2261185376684,0.0,796.507552,
1314,NFCORE_CHIPSEQ:CHIPSEQ:PRESEQ_LCEXTRAP,1700961188000,1700961300000,2,82.8,,1073741824.0,,,0.3072951856172367,0.3072951856172367,0.0,796.507552,
1315,NFCORE_CHIPSEQ:CHIPSEQ:PRESEQ_LCEXTRAP,1700961188000,1700961300000,2,37.2,,1073741824.0,,,0.16166868659412448,0.16166868659412448,0.0,796.507552,
1335,NFCORE_CHIPSEQ:CHIPSEQ:FILTER_BAM_BAMTOOLS:BAM_FILTER,1700961255000,1700961300000,2,144.0,,1073741824.0,,,0.4349526402063023,0.4349526402063023,0.0,796.507552,
1338,NFCORE_CHIPSEQ:CHIPSEQ:FILTER_BAM_BAMTOOLS:BAM_FILTER,1700961263000,1700961300000,2,138.0,,1073741824.0,,,0.4057633211071878,0.4057633211071878,0.0,796.507552,
1346,NFCORE_CHIPSEQ:CHIPSEQ:PRESEQ_LCEXTRAP,1700961277000,1700961300000,2,43.3,,1073741824.0,,,0.12680869005722167,0.12680869005722167,0.0,796.507552,
1351,NFCORE_CHIPSEQ:CHIPSEQ:MARK_DUPLICATES_PICARD:BAM_STATS_SAMTOOLS:SAMTOOLS_STATS,1700961284000,1700961300000,2,22.0,,1073741824.0,,,0.07865736093749001,0.07865736093749001,0.0,796.507552,
1356,NFCORE_CHIPSEQ:CHIPSEQ:MARK_DUPLICATES_PICARD:BAM_STATS_SAMTOOLS:SAMTOOLS_FLAGSTAT,1700961282000,1700961300000,2,8.9,,1073741824.0,,,0.04460476861840278,0.04460476861840278,0.0,796.507552,
1353,NFCORE_CHIPSEQ:CHIPSEQ:MARK_DUPLICATES_PICARD:BAM_STATS_SAMTOOLS:SAMTOOLS_STATS,1700961282000,1700961300000,2,30.0,,1073741824.0,,,0.09894808660305555,0.09894808660305555,0.0,796.507552,
1368,NFCORE_CHIPSEQ:CHIPSEQ:PRESEQ_LCEXTRAP,1700961299000,1700961300000,2,31.4,,1073741824.0,,,0.10624574134185277,0.10624574134185277,0.0,796.507552,
1004,NFCORE_CHIPSEQ:CHIPSEQ:MARK_DUPLICATES_PICARD:PICARD_MARKDUPLICATES,1700961016000,1700961300000,2,83.7,,21180186624.0,,,1.3277185377990575,1.3277185377990575,0.0,796.507552,
1031,NFCORE_CHIPSEQ:CHIPSEQ:MARK_DUPLICATES_PICARD:PICARD_MARKDUPLICATES,1700961068000,1700961300000,2,97.0,,21180186624.0,,,1.2574934607566657,1.2574934607566657,0.0,796.507552,
1035,NFCORE_CHIPSEQ:CHIPSEQ:MARK_DUPLICATES_PICARD:PICARD_MARKDUPLICATES,1700961151000,1700961300000,2,80.5,,21180186624.0,,,0.9677900553617202,0.9677900553617202,0.0,796.507552,
1043,NFCORE_CHIPSEQ:CHIPSEQ:MARK_DUPLICATES_PICARD:PICARD_MARKDUPLICATES,1700961142000,1700961300000,2,87.4,,21180186624.0,,,1.0183740564821147,1.0183740564821147,0.0,796.507552,
1046,NFCORE_CHIPSEQ:CHIPSEQ:MARK_DUPLICATES_PICARD:PICARD_MARKDUPLICATES,1700961059000,1700961300000,2,80.3,,21180186624.0,,,1.2664974134020572,1.2664974134020572,0.0,796.507552,
1047,NFCORE_CHIPSEQ:CHIPSEQ:MARK_DUPLICATES_PICARD:PICARD_MARKDUPLICATES,1700961059000,1700961300000,2,88.5,,21180186624.0,,,1.2404651024584297,1.2404651024584297,0.0,796.507552,
1167,NFCORE_CHIPSEQ:CHIPSEQ:MARK_DUPLICATES_PICARD:SAMTOOLS_INDEX,1700961164000,1700961300000,2,5.3,,1073741824.0,,,0.051444735736434447,0.051444735736434447,0.0,796.507552,
1169,NFCORE_CHIPSEQ:CHIPSEQ:PRESEQ_LCEXTRAP,1700961164000,1700961300000,2,39.7,,1073741824.0,,,0.18242578402529336,0.18242578402529336,0.0,796.507552,
1170,NFCORE_CHIPSEQ:CHIPSEQ:PRESEQ_LCEXTRAP,1700961196000,1700961300000,2,37.0,,1073741824.0,,,0.1675105993273367,0.1675105993273367,0.0,796.507552,
1172,NFCORE_CHIPSEQ:CHIPSEQ:MARK_DUPLICATES_PICARD:SAMTOOLS_INDEX,1700961290000,1700961300000,2,7.5,,1073741824.0,,,0.039523085007283056,0.039523085007283056,0.0,796.507552,
1180,NFCORE_CHIPSEQ:CHIPSEQ:PRESEQ_LCEXTRAP,1700961133000,1700961300000,2,31.8,,1073741824.0,,,0.1657344151428889,0.1657344151428889,0.0,796.507552,
1261,NFCORE_CHIPSEQ:CHIPSEQ:FILTER_BAM_BAMTOOLS:BAM_FILTER,1700961139000,1700961300000,2,126.4,,1073741824.0,,,0.5458416472134001,0.5458416472134001,0.0,796.507552,
1362,NFCORE_CHIPSEQ:CHIPSEQ:PRESEQ_LCEXTRAP,1700961298000,1700961300000,2,26.1,,1073741824.0,,,0.10206131795675862,0.10206131795675862,0.0,796.507552,
1312,NFCORE_CHIPSEQ:CHIPSEQ:FILTER_BAM_BAMTOOLS:BAM_FILTER,1700961201000,1700961300000,2,77.3,,1073741824.0,,,0.36562502419889414,0.36562502419889414,0.0,797.414736,
1349,NFCORE_CHIPSEQ:CHIPSEQ:MARK_DUPLICATES_PICARD:BAM_STATS_SAMTOOLS:SAMTOOLS_FLAGSTAT,1700961298000,1700961300000,2,4.8,,1073741824.0,,,0.04221848816872,0.04221848816872,0.0,797.414736,
1358,NFCORE_CHIPSEQ:CHIPSEQ:PRESEQ_LCEXTRAP,1700961298000,1700961300000,2,21.7,,1073741824.0,,,0.0993040263248483,0.0993040263248483,0.0,797.414736,
1361,NFCORE_CHIPSEQ:CHIPSEQ:PRESEQ_LCEXTRAP,1700961297000,1700961300000,2,25.1,,1073741824.0,,,0.11085940608141916,0.11085940608141916,0.0,797.414736,
1365,NFCORE_CHIPSEQ:CHIPSEQ:MARK_DUPLICATES_PICARD:BAM_STATS_SAMTOOLS:SAMTOOLS_FLAGSTAT,1700961297000,1700961300000,2,5.9,,1073741824.0,,,0.04735769634877917,0.04735769634877917,0.0,797.414736,
1281,NFCORE_CHIPSEQ:CHIPSEQ:FILTER_BAM_BAMTOOLS:BAM_FILTER,1700961217000,1700961300000,2,77.6,,1073741824.0,,,0.42289282250325105,0.42289282250325105,0.0,797.414736,
1300,NFCORE_CHIPSEQ:CHIPSEQ:FILTER_BAM_BAMTOOLS:BAM_FILTER,1700961228000,1700961300000,2,85.0,,1073741824.0,,,0.43035951784518006,0.43035951784518006,0.0,797.414736,
1305,NFCORE_CHIPSEQ:CHIPSEQ:FILTER_BAM_BAMTOOLS:BAM_FILTER,1700961272000,1700961300000,2,104.3,,1073741824.0,,,0.49378133906481325,0.49378133906481325,0.0,797.414736,
1323,NFCORE_CHIPSEQ:CHIPSEQ:FILTER_BAM_BAMTOOLS:BAM_FILTER,1700961225000,1700961300000,2,74.5,,1073741824.0,,,0.40424319069347087,0.40424319069347087,0.0,797.414736,
1350,NFCORE_CHIPSEQ:CHIPSEQ:FILTER_BAM_BAMTOOLS:BAM_FILTER,1700961284000,1700961300000,2,90.7,,1073741824.0,,,0.4219510056830701,0.4219510056830701,0.0,797.414736,
1038,NFCORE_CHIPSEQ:CHIPSEQ:MARK_DUPLICATES_PICARD:PICARD_MARKDUPLICATES,1700961285000,1700961300000,2,58.6,,21180186624.0,,,0.9842494453649101,0.9842494453649101,0.0,797.414736,
1216,NFCORE_CHIPSEQ:CHIPSEQ:FILTER_BAM_BAMTOOLS:BAM_FILTER,1700961184000,1700961300000,2,82.8,,1073741824.0,,,0.49453904106522667,0.49453904106522667,0.0,797.414736,
1026,NFCORE_CHIPSEQ:CHIPSEQ:MARK_DUPLICATES_PICARD:PICARD_MARKDUPLICATES,1700961046000,1700961300000,2,64.7,,21180186624.0,,,1.6149036693898489,1.6149036693898489,0.0,797.414736,
1033,NFCORE_CHIPSEQ:CHIPSEQ:MARK_DUPLICATES_PICARD:PICARD_MARKDUPLICATES,1700961151000,1700961300000,2,49.6,,21180186624.0,,,1.2759446876339005,1.2759446876339005,0.0,797.414736,
1034,NFCORE_CHIPSEQ:CHIPSEQ:MARK_DUPLICATES_PICARD:PICARD_MARKDUPLICATES,1700961152000,1700961300000,2,52.4,,21180186624.0,,,1.2902597134129197,1.2902597134129197,0.0,797.414736,
1166,NFCORE_CHIPSEQ:CHIPSEQ:PRESEQ_LCEXTRAP,1700961153000,1700961300000,2,36.7,,1073741824.0,,,0.2660071524663359,0.2660071524663359,0.0,797.414736,
1354,NFCORE_CHIPSEQ:CHIPSEQ:FILTER_BAM_BAMTOOLS:BAM_FILTER,1700961284000,1700961300000,2,68.1,,1073741824.0,,,0.35023526016134104,0.35023526016134104,0.0,797.414736,
1037,NFCORE_CHIPSEQ:CHIPSEQ:MARK_DUPLICATES_PICARD:PICARD_MARKDUPLICATES,1700961263000,1700961300000,2,60.4,,21180186624.0,,,1.2071487093747497,1.2071487093747497,0.0,797.414736,
1042,NFCORE_CHIPSEQ:CHIPSEQ:MARK_DUPLICATES_PICARD:PICARD_MARKDUPLICATES,1700961288000,1700961300000,2,63.5,,21180186624.0,,,1.1574368366958803,1.1574368366958803,0.0,797.414736,
1330,NFCORE_CHIPSEQ:CHIPSEQ:FILTER_BAM_BAMTOOLS:BAM_FILTER,1700961247000,1700961300000,2,72.3,,1073741824.0,,,0.4419003634430897,0.4419003634430897,0.0,797.414736,
1341,NFCORE_CHIPSEQ:CHIPSEQ:FILTER_BAM_BAMTOOLS:BAM_FILTER,1700961277000,1700961300000,2,73.0,,1073741824.0,,,0.42225052618292835,0.42225052618292835,0.0,797.414736,
1021,NFCORE_CHIPSEQ:CHIPSEQ:MARK_DUPLICATES_PICARD:PICARD_MARKDUPLICATES,1700961036000,1700961300000,2,88.5,,21180186624.0,,,2.1099621585089476,2.1099621585089476,0.0,797.414736,
1039,NFCORE_CHIPSEQ:CHIPSEQ:MARK_DUPLICATES_PICARD:PICARD_MARKDUPLICATES,1700961244000,1700961300000,2,62.4,,21180186624.0,,,1.5526892577930125,1.5526892577930125,0.0,797.868328,
1355,NFCORE_CHIPSEQ:CHIPSEQ:MARK_DUPLICATES_PICARD:BAM_STATS_SAMTOOLS:SAMTOOLS_IDXSTATS,1700961322000,1700961341000,2,11.1,,1073741824.0,,,0.0038205881385547226,0.0038205881385547226,0.0,796.507552,
1378,NFCORE_CHIPSEQ:CHIPSEQ:MARK_DUPLICATES_PICARD:BAM_STATS_SAMTOOLS:SAMTOOLS_IDXSTATS,1700961350000,1700961371000,2,3.9,,1073741824.0,,,0.002665085229654167,0.002665085229654167,0.0,796.507552,
1377,NFCORE_CHIPSEQ:CHIPSEQ:MARK_DUPLICATES_PICARD:BAM_STATS_SAMTOOLS:SAMTOOLS_FLAGSTAT,1700961349000,1700961371000,2,108.9,,1073741824.0,,,0.02658973140453056,0.02658973140453056,0.0,796.507552,
1388,NFCORE_CHIPSEQ:CHIPSEQ:MARK_DUPLICATES_PICARD:BAM_STATS_SAMTOOLS:SAMTOOLS_IDXSTATS,1700961377000,1700961395000,2,11.2,,1073741824.0,,,0.00363804824376,0.00363804824376,0.0,796.507552,
1389,NFCORE_CHIPSEQ:CHIPSEQ:MARK_DUPLICATES_PICARD:BAM_STATS_SAMTOOLS:SAMTOOLS_IDXSTATS,1700961378000,1700961382000,2,5.1,,1073741824.0,,,0.0005570851256922223,0.0005570851256922223,0.0,796.507552,
1174,NFCORE_CHIPSEQ:CHIPSEQ:FILTER_BAM_BAMTOOLS:BAM_REMOVE_ORPHANS,1700961353000,1700961361000,2,2.3,,1073741824.0,,,0.0008834043134022223,0.0008834043134022223,0.0,796.507552,
1203,NFCORE_CHIPSEQ:CHIPSEQ:FILTER_BAM_BAMTOOLS:BAM_SORT_SAMTOOLS:BAM_STATS_SAMTOOLS:SAMTOOLS_STATS,1700961353000,1700961374000,2,125.5,,1073741824.0,,,0.028972402159627507,0.028972402159627507,0.0,796.507552,
1364,NFCORE_CHIPSEQ:CHIPSEQ:MARK_DUPLICATES_PICARD:BAM_STATS_SAMTOOLS:SAMTOOLS_IDXSTATS,1700961321000,1700961409000,2,4.2,,1073741824.0,,,0.01143995034164889,0.01143995034164889,0.0,796.507552,
1380,NFCORE_CHIPSEQ:CHIPSEQ:MARK_DUPLICATES_PICARD:BAM_STATS_SAMTOOLS:SAMTOOLS_STATS,1700961345000,1700961469000,2,137.2,,1073741824.0,,,0.18602135186627997,0.18602135186627997,0.0,796.507552,
1238,NFCORE_CHIPSEQ:CHIPSEQ:MARK_DUPLICATES_PICARD:BAM_STATS_SAMTOOLS:SAMTOOLS_IDXSTATS,1700961392000,1700961493000,2,41.2,,1073741824.0,,,0.05162870685573668,0.05162870685573668,0.0,796.507552,
1373,NFCORE_CHIPSEQ:CHIPSEQ:MARK_DUPLICATES_PICARD:BAM_STATS_SAMTOOLS:SAMTOOLS_IDXSTATS,1700961320000,1700961488000,2,0.2,,1073741824.0,,,0.01491692705822667,0.01491692705822667,0.0,796.507552,
1384,NFCORE_CHIPSEQ:CHIPSEQ:MARK_DUPLICATES_PICARD:BAM_STATS_SAMTOOLS:SAMTOOLS_IDXSTATS,1700961357000,1700961489000,2,0.4,,1073741824.0,,,0.0119924168298,0.0119924168298,0.0,796.507552,
1385,NFCORE_CHIPSEQ:CHIPSEQ:MARK_DUPLICATES_PICARD:BAM_STATS_SAMTOOLS:SAMTOOLS_FLAGSTAT,1700961368000,1700961514000,2,7.0,,1073741824.0,,,0.023191395980456667,0.023191395980456667,0.0,796.507552,
1386,NFCORE_CHIPSEQ:CHIPSEQ:MARK_DUPLICATES_PICARD:BAM_STATS_SAMTOOLS:SAMTOOLS_STATS,1700961377000,1700961515000,2,29.8,,1073741824.0,,,0.054335007202730004,0.054335007202730004,0.0,796.507552,
1387,NFCORE_CHIPSEQ:CHIPSEQ:FILTER_BAM_BAMTOOLS:BAM_FILTER,1700961377000,1700961515000,2,54.1,,1073741824.0,,,0.08888190436476501,0.08888190436476501,0.0,796.507552,
1410,NFCORE_CHIPSEQ:CHIPSEQ:FILTER_BAM_BAMTOOLS:BAM_REMOVE_ORPHANS,1700961474000,1700961515000,2,13.8,,1073741824.0,,,0.009384864059696112,0.009384864059696112,0.0,796.507552,
1412,NFCORE_CHIPSEQ:CHIPSEQ:MARK_DUPLICATES_PICARD:BAM_STATS_SAMTOOLS:SAMTOOLS_IDXSTATS,1700961475000,1700961515000,2,32.7,,1073741824.0,,,0.016944315343188895,0.016944315343188895,0.0,796.507552,
1190,NFCORE_CHIPSEQ:CHIPSEQ:FILTER_BAM_BAMTOOLS:BAM_SORT_SAMTOOLS:SAMTOOLS_SORT,1700961352000,1700961514000,5,36.6,,6309281792.0,,,0.14364270085847625,0.14364270085847625,0.0,796.507552,
1240,NFCORE_CHIPSEQ:CHIPSEQ:MARK_DUPLICATES_PICARD:BAM_STATS_SAMTOOLS:SAMTOOLS_FLAGSTAT,1700961303000,1700961531000,2,7.0,,1073741824.0,,,0.036216700572220005,0.036216700572220005,0.0,796.507552,
1252,NFCORE_CHIPSEQ:CHIPSEQ:MARK_DUPLICATES_PICARD:BAM_STATS_SAMTOOLS:SAMTOOLS_FLAGSTAT,1700961450000,1700961532000,2,42.1,,1073741824.0,,,0.04267666721231834,0.04267666721231834,0.0,796.507552,
1279,NFCORE_CHIPSEQ:CHIPSEQ:MARK_DUPLICATES_PICARD:BAM_STATS_SAMTOOLS:SAMTOOLS_STATS,1700961467000,1700961531000,2,140.5,,1073741824.0,,,0.09818681344762667,0.09818681344762667,0.0,796.507552,
1282,NFCORE_CHIPSEQ:CHIPSEQ:MARK_DUPLICATES_PICARD:BAM_STATS_SAMTOOLS:SAMTOOLS_IDXSTATS,1700961527000,1700961531000,2,4.4,,1073741824.0,,,0.0005282393834444445,0.0005282393834444445,0.0,796.507552,
1288,NFCORE_CHIPSEQ:CHIPSEQ:MARK_DUPLICATES_PICARD:BAM_STATS_SAMTOOLS:SAMTOOLS_IDXSTATS,1700961527000,1700961532000,2,43.2,,1073741824.0,,,0.0026588970850444454,0.0026588970850444454,0.0,796.507552,
1292,NFCORE_CHIPSEQ:CHIPSEQ:MARK_DUPLICATES_PICARD:BAM_STATS_SAMTOOLS:SAMTOOLS_IDXSTATS,1700961537000,1700961538000,2,46.1,,1073741824.0,,,0.0005616553643369445,0.0005616553643369445,0.0,796.507552,
1347,NFCORE_CHIPSEQ:CHIPSEQ:MARK_DUPLICATES_PICARD:SAMTOOLS_INDEX,1700961412000,1700961532000,2,13.0,,1073741824.0,,,0.026478897931800006,0.026478897931800006,0.0,796.507552,
1372,NFCORE_CHIPSEQ:CHIPSEQ:MARK_DUPLICATES_PICARD:BAM_STATS_SAMTOOLS:SAMTOOLS_STATS,1700961319000,1700961548000,2,16.6,,1073741824.0,,,0.059023574234995,0.059023574234995,0.0,796.507552,
1371,NFCORE_CHIPSEQ:CHIPSEQ:MARK_DUPLICATES_PICARD:BAM_STATS_SAMTOOLS:SAMTOOLS_FLAGSTAT,1700961320000,1700961532000,2,5.7,,1073741824.0,,,0.030835932523801117,0.030835932523801117,0.0,796.507552,
1374,NFCORE_CHIPSEQ:CHIPSEQ:MARK_DUPLICATES_PICARD:SAMTOOLS_INDEX,1700961318000,1700961548000,2,5.4,,1073741824.0,,,0.03274323623269445,0.03274323623269445,0.0,796.507552,
1376,NFCORE_CHIPSEQ:CHIPSEQ:FILTER_BAM_BAMTOOLS:BAM_REMOVE_ORPHANS,1700961538000,1700961538000,2,97.0,,1073741824.0,,,0.0,0.0,0.0,796.507552,
1381,NFCORE_CHIPSEQ:CHIPSEQ:MARK_DUPLICATES_PICARD:BAM_STATS_SAMTOOLS:SAMTOOLS_STATS,1700961367000,1700961518000,2,22.9,,1073741824.0,,,0.048719815642587504,0.048719815642587504,0.0,796.507552,
1392,NFCORE_CHIPSEQ:CHIPSEQ:MARK_DUPLICATES_PICARD:BAM_STATS_SAMTOOLS:SAMTOOLS_FLAGSTAT,1700961378000,1700961528000,2,11.1,,1073741824.0,,,0.03016253793595833,0.03016253793595833,0.0,796.507552,
1399,NFCORE_CHIPSEQ:CHIPSEQ:MARK_DUPLICATES_PICARD:SAMTOOLS_INDEX,1700961470000,1700961532000,2,18.3,,1073741824.0,,,0.017066017825222782,0.017066017825222782,0.0,796.507552,
1401,NFCORE_CHIPSEQ:CHIPSEQ:MARK_DUPLICATES_PICARD:SAMTOOLS_INDEX,1700961498000,1700961531000,2,167.9,,1073741824.0,,,0.05994269001980418,0.05994269001980418,0.0,796.507552,
1405,NFCORE_CHIPSEQ:CHIPSEQ:MARK_DUPLICATES_PICARD:SAMTOOLS_INDEX,1700961498000,1700961534000,2,27.4,,1073741824.0,,,0.013284252515700002,0.013284252515700002,0.0,796.507552,
1411,NFCORE_CHIPSEQ:CHIPSEQ:MARK_DUPLICATES_PICARD:BAM_STATS_SAMTOOLS:SAMTOOLS_FLAGSTAT,1700961475000,1700961532000,2,35.3,,1073741824.0,,,0.025672413293015835,0.025672413293015835,0.0,796.507552,
1417,NFCORE_CHIPSEQ:CHIPSEQ:FILTER_BAM_BAMTOOLS:BAM_REMOVE_ORPHANS,1700961492000,1700961532000,2,26.6,,1073741824.0,,,0.014430614947311113,0.014430614947311113,0.0,796.507552,
1419,NFCORE_CHIPSEQ:CHIPSEQ:MARK_DUPLICATES_PICARD:BAM_STATS_SAMTOOLS:SAMTOOLS_FLAGSTAT,1700961497000,1700961541000,2,22.3,,1073741824.0,,,0.013924528430156671,0.013924528430156671,0.0,796.507552,
1420,NFCORE_CHIPSEQ:CHIPSEQ:MARK_DUPLICATES_PICARD:BAM_STATS_SAMTOOLS:SAMTOOLS_STATS,1700961497000,1700961558000,2,76.7,,1073741824.0,,,0.05349078525301862,0.05349078525301862,0.0,796.507552,
1422,NFCORE_CHIPSEQ:CHIPSEQ:MARK_DUPLICATES_PICARD:BAM_STATS_SAMTOOLS:SAMTOOLS_IDXSTATS,1700961498000,1700961529000,2,0.5,,1073741824.0,,,0.0028483372796386116,0.0028483372796386116,0.0,796.507552,
1424,NFCORE_CHIPSEQ:CHIPSEQ:MARK_DUPLICATES_PICARD:SAMTOOLS_INDEX,1700961498000,1700961572000,2,22.9,,1073741824.0,,,0.023875936142725,0.023875936142725,0.0,796.507552,
1431,NFCORE_CHIPSEQ:CHIPSEQ:FILTER_BAM_BAMTOOLS:BAM_REMOVE_ORPHANS,1700961499000,1700961532000,2,19.4,,1073741824.0,,,0.009457490060791668,0.009457490060791668,0.0,796.507552,
1432,NFCORE_CHIPSEQ:CHIPSEQ:FILTER_BAM_BAMTOOLS:BAM_REMOVE_ORPHANS,1700961519000,1700961520000,2,64.0,,1073741824.0,,,0.0007460620737066667,0.0007460620737066667,0.0,796.507552,
1433,NFCORE_CHIPSEQ:CHIPSEQ:FILTER_BAM_BAMTOOLS:BAM_REMOVE_ORPHANS,1700961519000,1700961532000,2,59.3,,1073741824.0,,,0.009069351654136944,0.009069351654136944,0.0,796.507552,
1434,NFCORE_CHIPSEQ:CHIPSEQ:FILTER_BAM_BAMTOOLS:BAM_REMOVE_ORPHANS,1700961519000,1700961520000,2,87.3,,1073741824.0,,,0.000986099857411389,0.000986099857411389,0.0,796.507552,
1435,NFCORE_CHIPSEQ:CHIPSEQ:FILTER_BAM_BAMTOOLS:BAM_REMOVE_ORPHANS,1700961519000,1700961532000,2,31.7,,1073741824.0,,,0.005372975826100278,0.005372975826100278,0.0,796.507552,
1439,NFCORE_CHIPSEQ:CHIPSEQ:FILTER_BAM_BAMTOOLS:BAM_REMOVE_ORPHANS,1700961518000,1700961520000,2,43.0,,1073741824.0,,,0.0010594380136966666,0.0010594380136966666,0.0,796.507552,
1198,NFCORE_CHIPSEQ:CHIPSEQ:MARK_DUPLICATES_PICARD:BAM_STATS_SAMTOOLS:SAMTOOLS_FLAGSTAT,1700961302000,1700961579000,2,7.2,,1073741824.0,,,0.044570847906162225,0.044570847906162225,0.0,796.507552,
1236,NFCORE_CHIPSEQ:CHIPSEQ:MARK_DUPLICATES_PICARD:BAM_STATS_SAMTOOLS:SAMTOOLS_STATS,1700961412000,1700961532000,2,49.7,,1073741824.0,,,0.07184912966723334,0.07184912966723334,0.0,796.507552,
1275,NFCORE_CHIPSEQ:CHIPSEQ:MARK_DUPLICATES_PICARD:BAM_STATS_SAMTOOLS:SAMTOOLS_FLAGSTAT,1700961304000,1700961560000,2,6.4,,1073741824.0,,,0.039081970551466665,0.039081970551466665,0.0,796.507552,
1283,NFCORE_CHIPSEQ:CHIPSEQ:MARK_DUPLICATES_PICARD:BAM_STATS_SAMTOOLS:SAMTOOLS_FLAGSTAT,1700961500000,1700961572000,2,22.5,,1073741824.0,,,0.02293394150818,0.02293394150818,0.0,796.507552,
1293,NFCORE_CHIPSEQ:CHIPSEQ:MARK_DUPLICATES_PICARD:BAM_STATS_SAMTOOLS:SAMTOOLS_FLAGSTAT,1700961538000,1700961595000,2,32.6,,1073741824.0,,,0.024086927674468336,0.024086927674468336,0.0,796.507552,
1303,NFCORE_CHIPSEQ:CHIPSEQ:FILTER_BAM_BAMTOOLS:BAM_SORT_SAMTOOLS:SAMTOOLS_SORT,1700961538000,1700961591000,5,122.3,,6309281792.0,,,0.09378716189882313,0.09378716189882313,0.0,796.507552,
1304,NFCORE_CHIPSEQ:CHIPSEQ:FILTER_BAM_BAMTOOLS:BAM_SORT_SAMTOOLS:SAMTOOLS_SORT,1700961538000,1700961592000,5,225.9,,6309281792.0,,,0.15319052400231378,0.15319052400231378,0.0,796.507552,
1308,NFCORE_CHIPSEQ:CHIPSEQ:MARK_DUPLICATES_PICARD:BAM_STATS_SAMTOOLS:SAMTOOLS_FLAGSTAT,1700961537000,1700961558000,2,91.4,,1073741824.0,,,0.021595103579758336,0.021595103579758336,0.0,796.507552,
1325,NFCORE_CHIPSEQ:CHIPSEQ:MARK_DUPLICATES_PICARD:BAM_STATS_SAMTOOLS:SAMTOOLS_STATS,1700961538000,1700961592000,2,106.6,,1073741824.0,,,0.06398618964687,0.06398618964687,0.0,796.507552,
1383,NFCORE_CHIPSEQ:CHIPSEQ:MARK_DUPLICATES_PICARD:BAM_STATS_SAMTOOLS:SAMTOOLS_FLAGSTAT,1700961358000,1700961572000,2,4.8,,1073741824.0,,,0.029142662562995556,0.029142662562995556,0.0,796.507552,
1398,NFCORE_CHIPSEQ:CHIPSEQ:PRESEQ_LCEXTRAP,1700961470000,1700961599000,2,55.0,,1073741824.0,,,0.084281326526135,0.084281326526135,0.0,796.507552,
1404,NFCORE_CHIPSEQ:CHIPSEQ:PRESEQ_LCEXTRAP,1700961499000,1700961600000,2,67.8,,1073741824.0,,,0.08088019354190165,0.08088019354190165,0.0,797.414736,
1407,NFCORE_CHIPSEQ:CHIPSEQ:MARK_DUPLICATES_PICARD:SAMTOOLS_INDEX,1700961499000,1700961590000,2,13.9,,1073741824.0,,,0.020923568892362503,0.020923568892362503,0.0,796.507552,
1426,NFCORE_CHIPSEQ:CHIPSEQ:PRESEQ_LCEXTRAP,1700961498000,1700961598000,2,100.2,,1073741824.0,,,0.11189963127672221,0.11189963127672221,0.0,796.507552,
1440,NFCORE_CHIPSEQ:CHIPSEQ:FILTER_BAM_BAMTOOLS:BAM_SORT_SAMTOOLS:SAMTOOLS_SORT,1700961547000,1700961600000,5,104.6,,6309281792.0,,,0.10798538306411228,0.10798538306411228,0.0,797.414736,
1446,NFCORE_CHIPSEQ:CHIPSEQ:MARK_DUPLICATES_PICARD:SAMTOOLS_INDEX,1700961539000,1700961600000,2,23.6,,1073741824.0,,,0.025080571633074446,0.025080571633074446,0.0,797.414736,
1453,NFCORE_CHIPSEQ:CHIPSEQ:MARK_DUPLICATES_PICARD:SAMTOOLS_INDEX,1700961577000,1700961591000,2,168.4,,1073741824.0,,,0.025502346485233335,0.025502346485233335,0.0,796.507552,
1461,NFCORE_CHIPSEQ:CHIPSEQ:FILTER_BAM_BAMTOOLS:BAM_SORT_SAMTOOLS:SAMTOOLS_INDEX,1700961533000,1700961586000,2,14.5,,1073741824.0,,,0.012513859625365832,0.012513859625365832,0.0,796.507552,
1462,NFCORE_CHIPSEQ:CHIPSEQ:FILTER_BAM_BAMTOOLS:BAM_REMOVE_ORPHANS,1700961535000,1700961539000,2,53.3,,1073741824.0,,,0.002543320520467778,0.002543320520467778,0.0,796.507552,
1463,NFCORE_CHIPSEQ:CHIPSEQ:FILTER_BAM_BAMTOOLS:BAM_REMOVE_ORPHANS,1700961536000,1700961538000,2,6.6,,1073741824.0,,,0.00030944871525444447,0.00030944871525444447,0.0,796.507552,
1464,NFCORE_CHIPSEQ:CHIPSEQ:FILTER_BAM_BAMTOOLS:BAM_REMOVE_ORPHANS,1700961536000,1700961538000,2,5.3,,1073741824.0,,,0.00028266338316722224,0.00028266338316722224,0.0,796.507552,
1465,NFCORE_CHIPSEQ:CHIPSEQ:FILTER_BAM_BAMTOOLS:BAM_REMOVE_ORPHANS,1700961534000,1700961537000,2,3.9,,1073741824.0,,,0.0003807264613791667,0.0003807264613791667,0.0,796.507552,
1466,NFCORE_CHIPSEQ:CHIPSEQ:FILTER_BAM_BAMTOOLS:BAM_REMOVE_ORPHANS,1700961535000,1700961539000,2,38.2,,1073741824.0,,,0.0019210766519800004,0.0019210766519800004,0.0,796.507552,
1467,NFCORE_CHIPSEQ:CHIPSEQ:FILTER_BAM_BAMTOOLS:BAM_REMOVE_ORPHANS,1700961534000,1700961535000,2,4.6,,1073741824.0,,,0.00013412025602166667,0.00013412025602166667,0.0,796.507552,
1468,NFCORE_CHIPSEQ:CHIPSEQ:FILTER_BAM_BAMTOOLS:BAM_REMOVE_ORPHANS,1700961535000,1700961539000,2,69.6,,1073741824.0,,,0.003215014232808889,0.003215014232808889,0.0,796.507552,
1469,NFCORE_CHIPSEQ:CHIPSEQ:FILTER_BAM_BAMTOOLS:BAM_REMOVE_ORPHANS,1700961535000,1700961542000,2,0.8,,1073741824.0,,,0.0006648072407977778,0.0006648072407977778,0.0,796.507552,
1470,NFCORE_CHIPSEQ:CHIPSEQ:FILTER_BAM_BAMTOOLS:BAM_REMOVE_ORPHANS,1700961552000,1700961557000,2,6.5,,1073741824.0,,,0.0007684707627347222,0.0007684707627347222,0.0,796.507552,
1471,NFCORE_CHIPSEQ:CHIPSEQ:FILTER_BAM_BAMTOOLS:BAM_REMOVE_ORPHANS,1700961554000,1700961560000,2,66.7,,1073741824.0,,,0.004643265665245001,0.004643265665245001,0.0,796.507552,
1473,NFCORE_CHIPSEQ:CHIPSEQ:MARK_DUPLICATES_PICARD:BAM_STATS_SAMTOOLS:SAMTOOLS_IDXSTATS,1700961557000,1700961562000,2,3.4,,1073741824.0,,,0.0006087889752916667,0.0006087889752916667,0.0,796.507552,
1475,NFCORE_CHIPSEQ:CHIPSEQ:MARK_DUPLICATES_PICARD:BAM_STATS_SAMTOOLS:SAMTOOLS_STATS,1700961565000,1700961600000,2,68.7,,1073741824.0,,,0.05328818684274583,0.05328818684274583,0.0,797.414736,
1478,NFCORE_CHIPSEQ:CHIPSEQ:MARK_DUPLICATES_PICARD:BAM_STATS_SAMTOOLS:SAMTOOLS_FLAGSTAT,1700961564000,1700961600000,2,32.7,,1073741824.0,,,0.01737274791792556,0.01737274791792556,0.0,797.414736,
1477,NFCORE_CHIPSEQ:CHIPSEQ:MARK_DUPLICATES_PICARD:BAM_STATS_SAMTOOLS:SAMTOOLS_IDXSTATS,1700961564000,1700961566000,2,67.4,,1073741824.0,,,0.001562178092872222,0.001562178092872222,0.0,796.507552,
1482,NFCORE_CHIPSEQ:CHIPSEQ:MARK_DUPLICATES_PICARD:BAM_STATS_SAMTOOLS:SAMTOOLS_FLAGSTAT,1700961569000,1700961592000,2,149.7,,1073741824.0,,,0.03746580003260861,0.03746580003260861,0.0,796.507552,
1481,NFCORE_CHIPSEQ:CHIPSEQ:MARK_DUPLICATES_PICARD:BAM_STATS_SAMTOOLS:SAMTOOLS_IDXSTATS,1700961575000,1700961592000,2,99.2,,1073741824.0,,,0.018847802453395554,0.018847802453395554,0.0,796.507552,
1497,NFCORE_CHIPSEQ:CHIPSEQ:MARK_DUPLICATES_PICARD:BAM_STATS_SAMTOOLS:SAMTOOLS_IDXSTATS,1700961599000,1700961600000,2,7.2,,1073741824.0,,,0.0009672661663311111,0.0009672661663311111,0.0,797.414736,
1289,NFCORE_CHIPSEQ:CHIPSEQ:MARK_DUPLICATES_PICARD:BAM_STATS_SAMTOOLS:SAMTOOLS_FLAGSTAT,1700961538000,1700961600000,2,23.1,,1073741824.0,,,0.023386386644907227,0.023386386644907227,0.0,797.414736,
1290,NFCORE_CHIPSEQ:CHIPSEQ:MARK_DUPLICATES_PICARD:BAM_STATS_SAMTOOLS:SAMTOOLS_STATS,1700961538000,1700961600000,2,82.1,,1073741824.0,,,0.06716334403591277,0.06716334403591277,0.0,797.414736,
1375,NFCORE_CHIPSEQ:CHIPSEQ:PRESEQ_LCEXTRAP,1700961314000,1700961600000,2,39.9,,1073741824.0,,,0.15483875148215837,0.15483875148215837,0.0,797.414736,
1402,NFCORE_CHIPSEQ:CHIPSEQ:MARK_DUPLICATES_PICARD:SAMTOOLS_INDEX,1700961498000,1700961600000,2,16.9,,1073741824.0,,,0.03235667111304167,0.03235667111304167,0.0,797.414736,
1406,NFCORE_CHIPSEQ:CHIPSEQ:PRESEQ_LCEXTRAP,1700961498000,1700961600000,2,72.4,,1073741824.0,,,0.10078055040390002,0.10078055040390002,0.0,797.414736,
1409,NFCORE_CHIPSEQ:CHIPSEQ:PRESEQ_LCEXTRAP,1700961494000,1700961600000,2,58.8,,1073741824.0,,,0.08312105315237112,0.08312105315237112,0.0,797.414736,
1442,NFCORE_CHIPSEQ:CHIPSEQ:MARK_DUPLICATES_PICARD:SAMTOOLS_INDEX,1700961534000,1700961600000,2,14.0,,1073741824.0,,,0.02033601323582889,0.02033601323582889,0.0,797.414736,
1287,NFCORE_CHIPSEQ:CHIPSEQ:MARK_DUPLICATES_PICARD:BAM_STATS_SAMTOOLS:SAMTOOLS_FLAGSTAT,1700961537000,1700961600000,2,14.7,,1073741824.0,,,0.027895300044972496,0.027895300044972496,0.0,797.414736,
1285,NFCORE_CHIPSEQ:CHIPSEQ:MARK_DUPLICATES_PICARD:BAM_STATS_SAMTOOLS:SAMTOOLS_STATS,1700961537000,1700961600000,2,51.5,,1073741824.0,,,0.0722984437749325,0.0722984437749325,0.0,797.414736,
1423,NFCORE_CHIPSEQ:CHIPSEQ:PRESEQ_LCEXTRAP,1700961498000,1700961600000,2,76.0,,1073741824.0,,,0.15408312268068,0.15408312268068,0.0,797.414736,
1447,NFCORE_CHIPSEQ:CHIPSEQ:MARK_DUPLICATES_PICARD:SAMTOOLS_INDEX,1700961547000,1700961600000,2,16.7,,1073741824.0,,,0.03316741891813639,0.03316741891813639,0.0,797.414736,
1476,NFCORE_CHIPSEQ:CHIPSEQ:MARK_DUPLICATES_PICARD:BAM_STATS_SAMTOOLS:SAMTOOLS_STATS,1700961564000,1700961600000,2,35.4,,1073741824.0,,,0.052899832475899994,0.052899832475899994,0.0,797.414736,
1495,NFCORE_CHIPSEQ:CHIPSEQ:MARK_DUPLICATES_PICARD:BAM_STATS_SAMTOOLS:SAMTOOLS_FLAGSTAT,1700961583000,1700961600000,2,36.9,,1073741824.0,,,0.04303240021900694,0.04303240021900694,0.0,797.414736,
1241,NFCORE_CHIPSEQ:CHIPSEQ:FILTER_BAM_BAMTOOLS:BAM_FILTER,1700961303000,1700961600000,2,88.1,,1073741824.0,,,0.37006491338608916,0.37006491338608916,0.0,797.414736,
1345,NFCORE_CHIPSEQ:CHIPSEQ:FILTER_BAM_BAMTOOLS:BAM_SORT_SAMTOOLS:SAMTOOLS_SORT,1700961537000,1700961600000,5,79.2,,6309281792.0,,,0.20839529124665246,0.20839529124665246,0.0,797.414736,
1382,NFCORE_CHIPSEQ:CHIPSEQ:FILTER_BAM_BAMTOOLS:BAM_FILTER,1700961357000,1700961600000,2,83.2,,1073741824.0,,,0.31828341080496003,0.31828341080496003,0.0,797.414736,
1391,NFCORE_CHIPSEQ:CHIPSEQ:MARK_DUPLICATES_PICARD:BAM_STATS_SAMTOOLS:SAMTOOLS_STATS,1700961398000,1700961600000,2,31.3,,1073741824.0,,,0.12284684799921168,0.12284684799921168,0.0,797.414736,
1421,NFCORE_CHIPSEQ:CHIPSEQ:FILTER_BAM_BAMTOOLS:BAM_FILTER,1700961497000,1700961600000,2,134.4,,1073741824.0,,,0.3137612033951111,0.3137612033951111,0.0,797.414736,
1425,NFCORE_CHIPSEQ:CHIPSEQ:MARK_DUPLICATES_PICARD:SAMTOOLS_INDEX,1700961525000,1700961600000,2,8.4,,1073741824.0,,,0.03001405191730555,0.03001405191730555,0.0,797.414736,
1430,NFCORE_CHIPSEQ:CHIPSEQ:MARK_DUPLICATES_PICARD:SAMTOOLS_INDEX,1700961525000,1700961600000,2,9.0,,1073741824.0,,,0.031084784655297223,0.031084784655297223,0.0,797.414736,
1443,NFCORE_CHIPSEQ:CHIPSEQ:MARK_DUPLICATES_PICARD:SAMTOOLS_INDEX,1700961547000,1700961600000,2,12.9,,1073741824.0,,,0.03233223707273472,0.03233223707273472,0.0,797.414736,
1450,NFCORE_CHIPSEQ:CHIPSEQ:MARK_DUPLICATES_PICARD:SAMTOOLS_INDEX,1700961547000,1700961600000,2,13.1,,1073741824.0,,,0.032635558547555274,0.032635558547555274,0.0,797.414736,
1474,NFCORE_CHIPSEQ:CHIPSEQ:MARK_DUPLICATES_PICARD:BAM_STATS_SAMTOOLS:SAMTOOLS_FLAGSTAT,1700961560000,1700961600000,2,10.3,,1073741824.0,,,0.025882112607300004,0.025882112607300004,0.0,797.414736,
1394,NFCORE_CHIPSEQ:CHIPSEQ:PRESEQ_LCEXTRAP,1700961538000,1700961600000,2,49.7,,1073741824.0,,,0.10913484543873722,0.10913484543873722,0.0,797.414736,
1173,NFCORE_CHIPSEQ:CHIPSEQ:PRESEQ_LCEXTRAP,1700961352000,1700961600000,2,28.9,,1073741824.0,,,0.14505442759573334,0.14505442759573334,0.0,797.414736,
1218,NFCORE_CHIPSEQ:CHIPSEQ:FILTER_BAM_BAMTOOLS:BAM_FILTER,1700961303000,1700961600000,2,66.4,,1073741824.0,,,0.3278092128604334,0.3278092128604334,0.0,797.414736,
1284,NFCORE_CHIPSEQ:CHIPSEQ:MARK_DUPLICATES_PICARD:BAM_STATS_SAMTOOLS:SAMTOOLS_STATS,1700961516000,1700961600000,2,26.9,,1073741824.0,,,0.07797292941680556,0.07797292941680556,0.0,797.414736,
1366,NFCORE_CHIPSEQ:CHIPSEQ:MARK_DUPLICATES_PICARD:BAM_STATS_SAMTOOLS:SAMTOOLS_STATS,1700961538000,1700961600000,2,36.1,,1073741824.0,,,0.09462922099036833,0.09462922099036833,0.0,797.414736,
1370,NFCORE_CHIPSEQ:CHIPSEQ:FILTER_BAM_BAMTOOLS:BAM_FILTER,1700961312000,1700961600000,2,84.9,,1073741824.0,,,0.40984793149393334,0.40984793149393334,0.0,797.414736,
1403,NFCORE_CHIPSEQ:CHIPSEQ:PRESEQ_LCEXTRAP,1700961498000,1700961600000,2,62.9,,1073741824.0,,,0.17288410187139724,0.17288410187139724,0.0,797.414736,
1428,NFCORE_CHIPSEQ:CHIPSEQ:PRESEQ_LCEXTRAP,1700961525000,1700961600000,2,45.2,,1073741824.0,,,0.1134021973009722,0.1134021973009722,0.0,797.414736,
1438,NFCORE_CHIPSEQ:CHIPSEQ:FILTER_BAM_BAMTOOLS:BAM_SORT_SAMTOOLS:SAMTOOLS_INDEX,1700961519000,1700961600000,2,4.6,,1073741824.0,,,0.028742368032488332,0.028742368032488332,0.0,797.414736,
1451,NFCORE_CHIPSEQ:CHIPSEQ:MARK_DUPLICATES_PICARD:SAMTOOLS_INDEX,1700961547000,1700961600000,2,11.9,,1073741824.0,,,0.0379488993891875,0.0379488993891875,0.0,797.414736,
1494,NFCORE_CHIPSEQ:CHIPSEQ:MARK_DUPLICATES_PICARD:BAM_STATS_SAMTOOLS:SAMTOOLS_STATS,1700961598000,1700961600000,2,44.3,,1073741824.0,,,0.0751176641336061,0.0751176641336061,0.0,797.414736,
1505,NFCORE_CHIPSEQ:CHIPSEQ:MARK_DUPLICATES_PICARD:SAMTOOLS_INDEX,1700961595000,1700961600000,2,13.0,,1073741824.0,,,0.029411782697025,0.029411782697025,0.0,797.414736,
1511,NFCORE_CHIPSEQ:CHIPSEQ:MARK_DUPLICATES_PICARD:SAMTOOLS_INDEX,1700961596000,1700961600000,2,15.4,,1073741824.0,,,0.0344295548961,0.0344295548961,0.0,797.414736,
1513,NFCORE_CHIPSEQ:CHIPSEQ:PRESEQ_LCEXTRAP,1700961596000,1700961600000,2,97.0,,1073741824.0,,,0.15238061160186003,0.15238061160186003,0.0,797.414736,
1512,NFCORE_CHIPSEQ:CHIPSEQ:MARK_DUPLICATES_PICARD:SAMTOOLS_INDEX,1700961597000,1700961600000,2,16.1,,1073741824.0,,,0.03518879610111639,0.03518879610111639,0.0,797.414736,
1516,NFCORE_CHIPSEQ:CHIPSEQ:PRESEQ_LCEXTRAP,1700961598000,1700961600000,2,60.5,,1073741824.0,,,0.10887496487924944,0.10887496487924944,0.0,797.414736,
1414,NFCORE_CHIPSEQ:CHIPSEQ:MARK_DUPLICATES_PICARD:BAM_STATS_SAMTOOLS:SAMTOOLS_STATS,1700961474000,1700961600000,2,85.6,,1073741824.0,,,0.2841642666801467,0.2841642666801467,0.0,797.414736,
1449,NFCORE_CHIPSEQ:CHIPSEQ:PRESEQ_LCEXTRAP,1700961547000,1700961600000,2,59.7,,1073741824.0,,,0.15606159754157806,0.15606159754157806,0.0,797.414736,
1452,NFCORE_CHIPSEQ:CHIPSEQ:PRESEQ_LCEXTRAP,1700961547000,1700961600000,2,56.0,,1073741824.0,,,0.14758481904323112,0.14758481904323112,0.0,797.414736,
1479,NFCORE_CHIPSEQ:CHIPSEQ:FILTER_BAM_BAMTOOLS:BAM_FILTER,1700961564000,1700961600000,2,143.9,,1073741824.0,,,0.31757094181777223,0.31757094181777223,0.0,797.414736,
1483,NFCORE_CHIPSEQ:CHIPSEQ:FILTER_BAM_BAMTOOLS:BAM_FILTER,1700961566000,1700961600000,2,144.0,,1073741824.0,,,0.3193603894102933,0.3193603894102933,0.0,797.414736,
1502,NFCORE_CHIPSEQ:CHIPSEQ:FILTER_BAM_BAMTOOLS:BAM_SORT_SAMTOOLS:SAMTOOLS_SORT,1700961595000,1700961600000,5,71.9,,6309281792.0,,,0.22932024284650315,0.22932024284650315,0.0,797.414736,
1514,NFCORE_CHIPSEQ:CHIPSEQ:PRESEQ_LCEXTRAP,1700961594000,1700961600000,2,55.3,,1073741824.0,,,0.12236592008833498,0.12236592008833498,0.0,797.414736,
1048,NFCORE_CHIPSEQ:CHIPSEQ:MARK_DUPLICATES_PICARD:PICARD_MARKDUPLICATES,1700961538000,1700961600000,2,95.7,,21180186624.0,,,0.7347985378542212,0.7347985378542212,0.0,797.414736,
1204,NFCORE_CHIPSEQ:CHIPSEQ:FILTER_BAM_BAMTOOLS:BAM_SORT_SAMTOOLS:SAMTOOLS_SORT,1700961527000,1700961600000,5,24.3,,6309281792.0,,,0.20248562724824395,0.20248562724824395,0.0,797.414736,
1291,NFCORE_CHIPSEQ:CHIPSEQ:FILTER_BAM_BAMTOOLS:BAM_FILTER,1700961538000,1700961600000,2,140.9,,1073741824.0,,,0.3713550668599083,0.3713550668599083,0.0,797.414736,
1294,NFCORE_CHIPSEQ:CHIPSEQ:MARK_DUPLICATES_PICARD:BAM_STATS_SAMTOOLS:SAMTOOLS_STATS,1700961589000,1700961600000,2,36.1,,1073741824.0,,,0.08824698787603417,0.08824698787603417,0.0,797.414736,
1395,NFCORE_CHIPSEQ:CHIPSEQ:MARK_DUPLICATES_PICARD:SAMTOOLS_INDEX,1700961538000,1700961600000,2,5.1,,1073741824.0,,,0.035854582423396106,0.035854582423396106,0.0,797.414736,
1396,NFCORE_CHIPSEQ:CHIPSEQ:PRESEQ_LCEXTRAP,1700961538000,1700961600000,2,53.9,,1073741824.0,,,0.1536995671439472,0.1536995671439472,0.0,797.414736,
1444,NFCORE_CHIPSEQ:CHIPSEQ:PRESEQ_LCEXTRAP,1700961547000,1700961600000,2,52.9,,1073741824.0,,,0.14618098782284583,0.14618098782284583,0.0,797.414736,
1445,NFCORE_CHIPSEQ:CHIPSEQ:PRESEQ_LCEXTRAP,1700961547000,1700961600000,2,44.9,,1073741824.0,,,0.12710938080869028,0.12710938080869028,0.0,797.414736,
1448,NFCORE_CHIPSEQ:CHIPSEQ:PRESEQ_LCEXTRAP,1700961538000,1700961600000,2,58.3,,1073741824.0,,,0.16524038601457833,0.16524038601457833,0.0,797.414736,
1454,NFCORE_CHIPSEQ:CHIPSEQ:PRESEQ_LCEXTRAP,1700961577000,1700961600000,2,59.5,,1073741824.0,,,0.15985898918999916,0.15985898918999916,0.0,797.414736,
1496,NFCORE_CHIPSEQ:CHIPSEQ:FILTER_BAM_BAMTOOLS:BAM_FILTER,1700961588000,1700961600000,2,145.8,,1073741824.0,,,0.34391257254155333,0.34391257254155333,0.0,797.414736,
1040,NFCORE_CHIPSEQ:CHIPSEQ:MARK_DUPLICATES_PICARD:PICARD_MARKDUPLICATES,1700961537000,1700961600000,2,75.2,,21180186624.0,,,0.7121243073164576,0.7121243073164576,0.0,797.414736,
1205,NFCORE_CHIPSEQ:CHIPSEQ:FILTER_BAM_BAMTOOLS:BAM_SORT_SAMTOOLS:SAMTOOLS_SORT,1700961527000,1700961600000,5,21.6,,6309281792.0,,,0.22956402211846927,0.22956402211846927,0.0,797.414736,
1280,NFCORE_CHIPSEQ:CHIPSEQ:FILTER_BAM_BAMTOOLS:BAM_FILTER,1700961500000,1700961600000,2,105.9,,1073741824.0,,,0.41995438744141667,0.41995438744141667,0.0,797.414736,
1379,NFCORE_CHIPSEQ:CHIPSEQ:FILTER_BAM_BAMTOOLS:BAM_FILTER,1700961349000,1700961600000,2,145.4,,1073741824.0,,,0.7789289863655806,0.7789289863655806,0.0,797.414736,
1390,NFCORE_CHIPSEQ:CHIPSEQ:FILTER_BAM_BAMTOOLS:BAM_FILTER,1700961377000,1700961600000,2,116.5,,1073741824.0,,,0.5965473952261076,0.5965473952261076,0.0,797.414736,
1427,NFCORE_CHIPSEQ:CHIPSEQ:MARK_DUPLICATES_PICARD:SAMTOOLS_INDEX,1700961525000,1700961600000,2,3.8,,1073741824.0,,,0.04173922698794722,0.04173922698794722,0.0,797.414736,
1429,NFCORE_CHIPSEQ:CHIPSEQ:PRESEQ_LCEXTRAP,1700961525000,1700961600000,2,32.2,,1073741824.0,,,0.14630262158884166,0.14630262158884166,0.0,797.414736,
1441,NFCORE_CHIPSEQ:CHIPSEQ:PRESEQ_LCEXTRAP,1700961531000,1700961600000,2,29.6,,1073741824.0,,,0.12791421040366444,0.12791421040366444,0.0,797.414736,
1472,NFCORE_CHIPSEQ:CHIPSEQ:FILTER_BAM_BAMTOOLS:BAM_FILTER,1700961565000,1700961600000,2,93.8,,1073741824.0,,,0.3038890886670527,0.3038890886670527,0.0,797.414736,
1032,NFCORE_CHIPSEQ:CHIPSEQ:MARK_DUPLICATES_PICARD:PICARD_MARKDUPLICATES,1700961538000,1700961600000,2,80.9,,21180186624.0,,,0.9992593979172592,0.9992593979172592,0.0,797.868328,
1041,NFCORE_CHIPSEQ:CHIPSEQ:MARK_DUPLICATES_PICARD:PICARD_MARKDUPLICATES,1700961538000,1700961600000,2,81.2,,21180186624.0,,,1.0489830052692268,1.0489830052692268,0.0,797.868328,
1044,NFCORE_CHIPSEQ:CHIPSEQ:MARK_DUPLICATES_PICARD:PICARD_MARKDUPLICATES,1700961538000,1700961600000,2,86.6,,21180186624.0,,,1.0379758611056773,1.0379758611056773,0.0,797.868328,
1367,NFCORE_CHIPSEQ:CHIPSEQ:FILTER_BAM_BAMTOOLS:BAM_FILTER,1700961385000,1700961600000,2,60.0,,1073741824.0,,,0.3924462580771667,0.3924462580771667,0.0,797.868328,
1397,NFCORE_CHIPSEQ:CHIPSEQ:MARK_DUPLICATES_PICARD:SAMTOOLS_INDEX,1700961539000,1700961600000,2,3.9,,1073741824.0,,,0.0448832267784875,0.0448832267784875,0.0,797.414736,
1400,NFCORE_CHIPSEQ:CHIPSEQ:PRESEQ_LCEXTRAP,1700961474000,1700961600000,2,25.5,,1073741824.0,,,0.154350737141265,0.154350737141265,0.0,797.868328,
1413,NFCORE_CHIPSEQ:CHIPSEQ:FILTER_BAM_BAMTOOLS:BAM_FILTER,1700961489000,1700961600000,2,109.9,,1073741824.0,,,0.5054767580750125,0.5054767580750125,0.0,797.868328,
1049,NFCORE_CHIPSEQ:CHIPSEQ:MARK_DUPLICATES_PICARD:PICARD_MARKDUPLICATES,1700961341000,1700961600000,2,70.8,,21180186624.0,,,1.5687382770225975,1.5687382770225975,0.0,797.868328,
1436,NFCORE_CHIPSEQ:CHIPSEQ:PICARD_COLLECTMULTIPLEMETRICS,1700961519000,1700961600000,2,19.8,,2573205504.0,,,0.20259299073823706,0.20259299073823706,0.0,797.868328,
1343,NFCORE_CHIPSEQ:CHIPSEQ:MARK_DUPLICATES_PICARD:BAM_STATS_SAMTOOLS:SAMTOOLS_STATS,1700961538000,1700961600000,2,13.3,,1073741824.0,,,0.11546115404566165,0.11546115404566165,0.0,797.868328,
1027,NFCORE_CHIPSEQ:CHIPSEQ:MARK_DUPLICATES_PICARD:PICARD_MARKDUPLICATES,1700961401000,1700961600000,2,47.1,,21180186624.0,,,1.5309320266002606,1.5309320266002606,0.0,797.868328,
1045,NFCORE_CHIPSEQ:CHIPSEQ:MARK_DUPLICATES_PICARD:PICARD_MARKDUPLICATES,1700961539000,1700961600000,2,50.9,,21180186624.0,,,1.3393781863590775,1.3393781863590775,0.0,797.868328,
1535,NFCORE_CHIPSEQ:CHIPSEQ:PHANTOMPEAKQUALTOOLS,1700961599000,1700961600000,1,20.3,,4294967296.0,,,0.3009523760420897,0.3009523760420897,0.0,797.868328,
1437,NFCORE_CHIPSEQ:CHIPSEQ:PHANTOMPEAKQUALTOOLS,1700961515000,1700961600000,1,19.6,,4294967296.0,,,0.37120697804925,0.37120697804925,0.0,797.868328,
1023,NFCORE_CHIPSEQ:CHIPSEQ:MARK_DUPLICATES_PICARD:PICARD_MARKDUPLICATES,1700961354000,1700961600000,2,57.8,,21180186624.0,,,2.033254439453289,2.033254439453289,0.0,800.1362879999999,
1051,NFCORE_CHIPSEQ:CHIPSEQ:MARK_DUPLICATES_PICARD:PICARD_MARKDUPLICATES,1700961352000,1700961600000,2,57.1,,21180186624.0,,,2.031494831583735,2.031494831583735,0.0,800.1362879999999,
1295,NFCORE_CHIPSEQ:CHIPSEQ:FILTER_BAM_BAMTOOLS:BAM_FILTER,1700961521000,1700961600000,2,52.4,,1073741824.0,,,0.44270053616019717,0.44270053616019717,0.0,800.1362879999999,
1460,NFCORE_CHIPSEQ:CHIPSEQ:PHANTOMPEAKQUALTOOLS,1700961533000,1700961600000,1,16.4,,4294967296.0,,,0.3624646441932517,0.3624646441932517,0.0,800.1362879999999,
1537,NFCORE_CHIPSEQ:CHIPSEQ:PHANTOMPEAKQUALTOOLS,1700961599000,1700961600000,1,18.3,,4294967296.0,,,0.39859526130003775,0.39859526130003775,0.0,800.1362879999999,
1418,NFCORE_CHIPSEQ:CHIPSEQ:FILTER_BAM_BAMTOOLS:BAM_REMOVE_ORPHANS,1700961609000,1700961616000,2,75.0,,1073741824.0,,,0.006029395599577777,0.006029395599577777,0.0,798.32192,
1532,NFCORE_CHIPSEQ:CHIPSEQ:FILTER_BAM_BAMTOOLS:BAM_REMOVE_ORPHANS,1700961600000,1700961605000,2,74.9,,1073741824.0,,,0.004301548383611112,0.004301548383611112,0.0,798.32192,
1539,NFCORE_CHIPSEQ:CHIPSEQ:MARK_DUPLICATES_PICARD:BAM_STATS_SAMTOOLS:SAMTOOLS_IDXSTATS,1700961620000,1700961632000,2,1.8,,1073741824.0,,,0.0012661718285333333,0.0012661718285333333,0.0,798.32192,
1524,NFCORE_CHIPSEQ:CHIPSEQ:MARK_DUPLICATES_PICARD:BAM_STATS_SAMTOOLS:SAMTOOLS_IDXSTATS,1700961680000,1700961681000,2,10.2,,1073741824.0,,,0.0001922486693111111,0.0001922486693111111,0.0,798.32192,
1534,NFCORE_CHIPSEQ:CHIPSEQ:FILTER_BAM_BAMTOOLS:BAM_SORT_SAMTOOLS:SAMTOOLS_INDEX,1700961606000,1700961675000,2,14.5,,1073741824.0,,,0.0163287393401,0.0163287393401,0.0,798.32192,
1536,NFCORE_CHIPSEQ:CHIPSEQ:FILTER_BAM_BAMTOOLS:BAM_SORT_SAMTOOLS:SAMTOOLS_INDEX,1700961614000,1700961681000,2,164.7,,1073741824.0,,,0.11976525927067776,0.11976525927067776,0.0,798.32192,
1503,NFCORE_CHIPSEQ:CHIPSEQ:FILTER_BAM_BAMTOOLS:BAM_SORT_SAMTOOLS:SAMTOOLS_SORT,1700961623000,1700961698000,5,22.1,,6309281792.0,,,0.055423733179375,0.055423733179375,0.0,798.32192,
1544,NFCORE_CHIPSEQ:CHIPSEQ:FILTER_BAM_BAMTOOLS:BAM_SORT_SAMTOOLS:SAMTOOLS_INDEX,1700961619000,1700961710000,2,28.8,,1073741824.0,,,0.03497160048604444,0.03497160048604444,0.0,798.32192,
1548,NFCORE_CHIPSEQ:CHIPSEQ:MARK_DUPLICATES_PICARD:BAM_STATS_SAMTOOLS:SAMTOOLS_STATS,1700961637000,1700961710000,2,135.9,,1073741824.0,,,0.10878213755994445,0.10878213755994445,0.0,798.32192,
1582,NFCORE_CHIPSEQ:CHIPSEQ:FILTER_BAM_BAMTOOLS:BAM_SORT_SAMTOOLS:BAM_STATS_SAMTOOLS:SAMTOOLS_IDXSTATS,1700961699000,1700961702000,1,31.4,,1073741824.0,,,0.0012334489456666668,0.0012334489456666668,0.0,798.32192,
1587,NFCORE_CHIPSEQ:CHIPSEQ:FILTER_BAM_BAMTOOLS:BAM_SORT_SAMTOOLS:BAM_STATS_SAMTOOLS:SAMTOOLS_IDXSTATS,1700961704000,1700961718000,1,2.1,,1073741824.0,,,0.0015205676417555556,0.0015205676417555556,0.0,798.32192,
1555,NFCORE_CHIPSEQ:CHIPSEQ:FILTER_BAM_BAMTOOLS:BAM_SORT_SAMTOOLS:BAM_STATS_SAMTOOLS:SAMTOOLS_IDXSTATS,1700961672000,1700961725000,1,1.7,,1073741824.0,,,0.005537533664544445,0.005537533664544445,0.0,798.32192,
1567,NFCORE_CHIPSEQ:CHIPSEQ:FILTER_BAM_BAMTOOLS:BAM_REMOVE_ORPHANS,1700961714000,1700961723000,2,0.4,,1073741824.0,,,0.0008195273459999999,0.0008195273459999999,0.0,798.32192,
1570,NFCORE_CHIPSEQ:CHIPSEQ:MARK_DUPLICATES_PICARD:BAM_STATS_SAMTOOLS:SAMTOOLS_IDXSTATS,1700961724000,1700961724000,2,18.0,,1073741824.0,,,0.0,0.0,0.0,798.32192,
1581,NFCORE_CHIPSEQ:CHIPSEQ:MARK_DUPLICATES_PICARD:BAM_STATS_SAMTOOLS:SAMTOOLS_IDXSTATS,1700961687000,1700961728000,2,0.7,,1073741824.0,,,0.003860406224033334,0.003860406224033334,0.0,798.32192,
1588,NFCORE_CHIPSEQ:CHIPSEQ:FILTER_BAM_BAMTOOLS:BAM_REMOVE_ORPHANS,1700961702000,1700961705000,2,1.6,,1073741824.0,,,0.0003103476464,0.0003103476464,0.0,798.32192,
1589,NFCORE_CHIPSEQ:CHIPSEQ:FILTER_BAM_BAMTOOLS:BAM_REMOVE_ORPHANS,1700961709000,1700961730000,2,0.3,,1073741824.0,,,0.0018905468864333337,0.0018905468864333337,0.0,798.32192,
1590,NFCORE_CHIPSEQ:CHIPSEQ:FILTER_BAM_BAMTOOLS:BAM_REMOVE_ORPHANS,1700961733000,1700961734000,2,92.8,,1073741824.0,,,0.0010451364469333333,0.0010451364469333333,0.0,798.32192,
1591,NFCORE_CHIPSEQ:CHIPSEQ:FILTER_BAM_BAMTOOLS:BAM_REMOVE_ORPHANS,1700961734000,1700961735000,2,12.0,,1073741824.0,,,0.00021083460151111107,0.00021083460151111107,0.0,798.32192,
1592,NFCORE_CHIPSEQ:CHIPSEQ:FILTER_BAM_BAMTOOLS:BAM_REMOVE_ORPHANS,1700961734000,1700961734000,2,68.1,,1073741824.0,,,0.0,0.0,0.0,798.32192,
1408,NFCORE_CHIPSEQ:CHIPSEQ:MARK_DUPLICATES_PICARD:SAMTOOLS_INDEX,1700961609000,1700961727000,2,12.1,,1073741824.0,,,0.025000324089400006,0.025000324089400006,0.0,798.32192,
1455,NFCORE_CHIPSEQ:CHIPSEQ:MARK_DUPLICATES_PICARD:SAMTOOLS_INDEX,1700961628000,1700961728000,2,17.2,,1073741824.0,,,0.026452729453333337,0.026452729453333337,0.0,798.32192,
1487,NFCORE_CHIPSEQ:CHIPSEQ:MARK_DUPLICATES_PICARD:BAM_STATS_SAMTOOLS:SAMTOOLS_IDXSTATS,1700961699000,1700961732000,2,29.4,,1073741824.0,,,0.012886454221666666,0.012886454221666666,0.0,798.32192,
1492,NFCORE_CHIPSEQ:CHIPSEQ:MARK_DUPLICATES_PICARD:BAM_STATS_SAMTOOLS:SAMTOOLS_IDXSTATS,1700961728000,1700961729000,2,6.8,,1073741824.0,,,0.0001571419084888889,0.0001571419084888889,0.0,798.32192,
1506,NFCORE_CHIPSEQ:CHIPSEQ:MARK_DUPLICATES_PICARD:SAMTOOLS_INDEX,1700961613000,1700961730000,2,14.6,,1073741824.0,,,0.0278086709186,0.0278086709186,0.0,798.32192,
1542,NFCORE_CHIPSEQ:CHIPSEQ:MARK_DUPLICATES_PICARD:BAM_STATS_SAMTOOLS:SAMTOOLS_FLAGSTAT,1700961700000,1700961732000,2,159.7,,1073741824.0,,,0.05554923499839999,0.05554923499839999,0.0,798.32192,
1547,NFCORE_CHIPSEQ:CHIPSEQ:MARK_DUPLICATES_PICARD:BAM_STATS_SAMTOOLS:SAMTOOLS_FLAGSTAT,1700961626000,1700961744000,2,11.2,,1073741824.0,,,0.0239037540896,0.0239037540896,0.0,798.32192,
1549,NFCORE_CHIPSEQ:CHIPSEQ:MARK_DUPLICATES_PICARD:BAM_STATS_SAMTOOLS:SAMTOOLS_IDXSTATS,1700961681000,1700961728000,2,1.1,,1073741824.0,,,0.0046194634565444445,0.0046194634565444445,0.0,798.32192,
1550,NFCORE_CHIPSEQ:CHIPSEQ:MARK_DUPLICATES_PICARD:BAM_STATS_SAMTOOLS:SAMTOOLS_IDXSTATS,1700961703000,1700961730000,2,1.0,,1073741824.0,,,0.0026258554277999997,0.0026258554277999997,0.0,798.32192,
1596,NFCORE_CHIPSEQ:CHIPSEQ:FILTER_BAM_BAMTOOLS:BAM_REMOVE_ORPHANS,1700961737000,1700961738000,2,100.0,,1073741824.0,,,0.0011194801757333334,0.0011194801757333334,0.0,798.32192,
1608,NFCORE_CHIPSEQ:CHIPSEQ:MARK_DUPLICATES_PICARD:BAM_STATS_SAMTOOLS:SAMTOOLS_IDXSTATS,1700961727000,1700961733000,2,30.5,,1073741824.0,,,0.002411140094733333,0.002411140094733333,0.0,798.32192,
1618,NFCORE_CHIPSEQ:CHIPSEQ:FILTER_BAM_BAMTOOLS:BAM_SORT_SAMTOOLS:BAM_STATS_SAMTOOLS:SAMTOOLS_IDXSTATS,1700961728000,1700961733000,1,2.8,,1073741824.0,,,0.0005791991846666668,0.0005791991846666668,0.0,798.32192,
1484,NFCORE_CHIPSEQ:CHIPSEQ:MARK_DUPLICATES_PICARD:BAM_STATS_SAMTOOLS:SAMTOOLS_STATS,1700961698000,1700961777000,2,138.7,,1073741824.0,,,0.12000713972463332,0.12000713972463332,0.0,798.32192,
1488,NFCORE_CHIPSEQ:CHIPSEQ:MARK_DUPLICATES_PICARD:BAM_STATS_SAMTOOLS:SAMTOOLS_FLAGSTAT,1700961698000,1700961777000,2,17.2,,1073741824.0,,,0.020897656268133332,0.020897656268133332,0.0,798.32192,
1489,NFCORE_CHIPSEQ:CHIPSEQ:MARK_DUPLICATES_PICARD:BAM_STATS_SAMTOOLS:SAMTOOLS_FLAGSTAT,1700961698000,1700961777000,2,12.9,,1073741824.0,,,0.017390077841277777,0.017390077841277777,0.0,798.32192,
1504,NFCORE_CHIPSEQ:CHIPSEQ:PRESEQ_LCEXTRAP,1700961603000,1700961777000,2,81.0,,1073741824.0,,,0.1606533884369333,0.1606533884369333,0.0,798.32192,
1508,NFCORE_CHIPSEQ:CHIPSEQ:MARK_DUPLICATES_PICARD:SAMTOOLS_INDEX,1700961623000,1700961778000,2,11.2,,1073741824.0,,,0.031398999016,0.031398999016,0.0,798.32192,
1518,NFCORE_CHIPSEQ:CHIPSEQ:MARK_DUPLICATES_PICARD:SAMTOOLS_INDEX,1700961619000,1700961778000,2,14.2,,1073741824.0,,,0.03713456779779999,0.03713456779779999,0.0,798.32192,
1540,NFCORE_CHIPSEQ:CHIPSEQ:MARK_DUPLICATES_PICARD:BAM_STATS_SAMTOOLS:SAMTOOLS_STATS,1700961618000,1700961777000,2,31.0,,1073741824.0,,,0.0647160911826,0.0647160911826,0.0,798.32192,
1556,NFCORE_CHIPSEQ:CHIPSEQ:FILTER_BAM_BAMTOOLS:BAM_SORT_SAMTOOLS:BAM_STATS_SAMTOOLS:SAMTOOLS_FLAGSTAT,1700961703000,1700961769000,2,13.9,,1073741824.0,,,0.015209903643,0.015209903643,0.0,798.32192,
1554,NFCORE_CHIPSEQ:CHIPSEQ:FILTER_BAM_BAMTOOLS:BAM_SORT_SAMTOOLS:BAM_STATS_SAMTOOLS:SAMTOOLS_STATS,1700961703000,1700961769000,2,51.9,,1073741824.0,,,0.04110630250833334,0.04110630250833334,0.0,798.32192,
1575,NFCORE_CHIPSEQ:CHIPSEQ:MARK_DUPLICATES_PICARD:BAM_STATS_SAMTOOLS:SAMTOOLS_IDXSTATS,1700961784000,1700961786000,2,48.3,,1073741824.0,,,0.0011713018017555554,0.0011713018017555554,0.0,798.32192,
1578,NFCORE_CHIPSEQ:CHIPSEQ:MARK_DUPLICATES_PICARD:BAM_STATS_SAMTOOLS:SAMTOOLS_FLAGSTAT,1700961697000,1700961782000,2,19.2,,1073741824.0,,,0.024240158076444442,0.024240158076444442,0.0,798.32192,
1579,NFCORE_CHIPSEQ:CHIPSEQ:MARK_DUPLICATES_PICARD:BAM_STATS_SAMTOOLS:SAMTOOLS_STATS,1700961697000,1700961792000,2,63.4,,1073741824.0,,,0.070448790995,0.070448790995,0.0,798.32192,
1584,NFCORE_CHIPSEQ:CHIPSEQ:FILTER_BAM_BAMTOOLS:BAM_SORT_SAMTOOLS:BAM_STATS_SAMTOOLS:SAMTOOLS_FLAGSTAT,1700961736000,1700961783000,2,16.4,,1073741824.0,,,0.012044543370444442,0.012044543370444442,0.0,798.32192,
1583,NFCORE_CHIPSEQ:CHIPSEQ:FILTER_BAM_BAMTOOLS:BAM_SORT_SAMTOOLS:BAM_STATS_SAMTOOLS:SAMTOOLS_STATS,1700961727000,1700961778000,2,60.0,,1073741824.0,,,0.03602943246906667,0.03602943246906667,0.0,798.32192,
1594,NFCORE_CHIPSEQ:CHIPSEQ:FILTER_BAM_BAMTOOLS:BAM_SORT_SAMTOOLS:SAMTOOLS_INDEX,1700961713000,1700961778000,2,15.0,,1073741824.0,,,0.015717725086555553,0.015717725086555553,0.0,798.32192,
1598,NFCORE_CHIPSEQ:CHIPSEQ:FILTER_BAM_BAMTOOLS:BAM_REMOVE_ORPHANS,1700961749000,1700961778000,2,34.4,,1073741824.0,,,0.012821659864444444,0.012821659864444444,0.0,798.32192,
1605,NFCORE_CHIPSEQ:CHIPSEQ:MARK_DUPLICATES_PICARD:BAM_STATS_SAMTOOLS:SAMTOOLS_IDXSTATS,1700961733000,1700961777000,2,24.2,,1073741824.0,,,0.014819460469244443,0.014819460469244443,0.0,798.32192,
1610,NFCORE_CHIPSEQ:CHIPSEQ:MARK_DUPLICATES_PICARD:BAM_STATS_SAMTOOLS:SAMTOOLS_FLAGSTAT,1700961732000,1700961778000,2,113.9,,1073741824.0,,,0.0580982242218889,0.0580982242218889,0.0,798.32192,
1613,NFCORE_CHIPSEQ:CHIPSEQ:MARK_DUPLICATES_PICARD:BAM_STATS_SAMTOOLS:SAMTOOLS_IDXSTATS,1700961737000,1700961777000,2,25.4,,1073741824.0,,,0.01396786164888889,0.01396786164888889,0.0,798.32192,
1633,NFCORE_CHIPSEQ:CHIPSEQ:MARK_DUPLICATES_PICARD:SAMTOOLS_INDEX,1700961741000,1700961793000,2,25.5,,1073741824.0,,,0.01821191283657778,0.01821191283657778,0.0,798.32192,
1636,NFCORE_CHIPSEQ:CHIPSEQ:FILTER_BAM_BAMTOOLS:BAM_REMOVE_ORPHANS,1700961742000,1700961751000,2,124.7,,1073741824.0,,,0.0123706842083,0.0123706842083,0.0,798.32192,
1637,NFCORE_CHIPSEQ:CHIPSEQ:FILTER_BAM_BAMTOOLS:BAM_REMOVE_ORPHANS,1700961749000,1700961769000,2,3.1,,1073741824.0,,,0.0023787498460000004,0.0023787498460000004,0.0,798.32192,
1638,NFCORE_CHIPSEQ:CHIPSEQ:FILTER_BAM_BAMTOOLS:BAM_REMOVE_ORPHANS,1700961754000,1700961779000,2,156.1,,1073741824.0,,,0.0424685432325,0.0424685432325,0.0,798.32192,
1644,NFCORE_CHIPSEQ:CHIPSEQ:FILTER_BAM_BAMTOOLS:BAM_SORT_SAMTOOLS:BAM_STATS_SAMTOOLS:SAMTOOLS_IDXSTATS,1700961755000,1700961779000,1,0.8,,1073741824.0,,,0.0022845312277333333,0.0022845312277333333,0.0,798.32192,
1645,NFCORE_CHIPSEQ:CHIPSEQ:FILTER_BAM_BAMTOOLS:BAM_SORT_SAMTOOLS:BAM_STATS_SAMTOOLS:SAMTOOLS_FLAGSTAT,1700961770000,1700961787000,2,59.5,,1073741824.0,,,0.011922043920966666,0.011922043920966666,0.0,798.32192,
1649,NFCORE_CHIPSEQ:CHIPSEQ:MARK_DUPLICATES_PICARD:BAM_STATS_SAMTOOLS:SAMTOOLS_FLAGSTAT,1700961772000,1700961792000,2,87.8,,1073741824.0,,,0.019870177149777776,0.019870177149777776,0.0,798.32192,
1648,NFCORE_CHIPSEQ:CHIPSEQ:MARK_DUPLICATES_PICARD:BAM_STATS_SAMTOOLS:SAMTOOLS_IDXSTATS,1700961785000,1700961790000,2,2.0,,1073741824.0,,,0.0005378971131111112,0.0005378971131111112,0.0,798.32192,
1650,NFCORE_CHIPSEQ:CHIPSEQ:MARK_DUPLICATES_PICARD:BAM_STATS_SAMTOOLS:SAMTOOLS_IDXSTATS,1700961795000,1700961799000,2,3.4,,1073741824.0,,,0.00048814059066666665,0.00048814059066666665,0.0,798.32192,
1663,NFCORE_CHIPSEQ:CHIPSEQ:MARK_DUPLICATES_PICARD:BAM_STATS_SAMTOOLS:SAMTOOLS_IDXSTATS,1700961796000,1700961806000,2,0.9,,1073741824.0,,,0.0009622135294444446,0.0009622135294444446,0.0,798.32192,
1667,NFCORE_CHIPSEQ:CHIPSEQ:MARK_DUPLICATES_PICARD:BAM_STATS_SAMTOOLS:SAMTOOLS_IDXSTATS,1700961796000,1700961805000,2,4.1,,1073741824.0,,,0.0011633670916999998,0.0011633670916999998,0.0,798.32192,
1457,NFCORE_CHIPSEQ:CHIPSEQ:MARK_DUPLICATES_PICARD:SAMTOOLS_INDEX,1700961667000,1700961778000,2,19.5,,1073741824.0,,,0.03199863441023333,0.03199863441023333,0.0,798.32192,
1486,NFCORE_CHIPSEQ:CHIPSEQ:MARK_DUPLICATES_PICARD:BAM_STATS_SAMTOOLS:SAMTOOLS_STATS,1700961698000,1700961781000,2,59.3,,1073741824.0,,,0.058036222605411115,0.058036222605411115,0.0,798.32192,
1507,NFCORE_CHIPSEQ:CHIPSEQ:PRESEQ_LCEXTRAP,1700961613000,1700961792000,2,68.6,,1073741824.0,,,0.14235134560997775,0.14235134560997775,0.0,798.32192,
1515,NFCORE_CHIPSEQ:CHIPSEQ:MARK_DUPLICATES_PICARD:SAMTOOLS_INDEX,1700961739000,1700961790000,2,26.1,,1073741824.0,,,0.018177644590966668,0.018177644590966668,0.0,798.32192,
1519,NFCORE_CHIPSEQ:CHIPSEQ:PRESEQ_LCEXTRAP,1700961619000,1700961792000,2,60.6,,1073741824.0,,,0.12328927536762221,0.12328927536762221,0.0,798.32192,
1541,NFCORE_CHIPSEQ:CHIPSEQ:FILTER_BAM_BAMTOOLS:BAM_FILTER,1700961700000,1700961853000,2,144.3,,1073741824.0,,,0.24126579458630001,0.24126579458630001,0.0,798.32192,
1552,NFCORE_CHIPSEQ:CHIPSEQ:MARK_DUPLICATES_PICARD:BAM_STATS_SAMTOOLS:SAMTOOLS_FLAGSTAT,1700961703000,1700961810000,2,16.3,,1073741824.0,,,0.027310073142366668,0.027310073142366668,0.0,798.32192,
1553,NFCORE_CHIPSEQ:CHIPSEQ:MARK_DUPLICATES_PICARD:BAM_STATS_SAMTOOLS:SAMTOOLS_STATS,1700961703000,1700961810000,2,57.4,,1073741824.0,,,0.07271860316233333,0.07271860316233333,0.0,798.32192,
1559,NFCORE_CHIPSEQ:CHIPSEQ:FILTER_BAM_BAMTOOLS:BAM_SORT_SAMTOOLS:SAMTOOLS_SORT,1700961783000,1700961821000,5,457.6,,6309281792.0,,,0.1989583536874389,0.1989583536874389,0.0,798.32192,
1563,NFCORE_CHIPSEQ:CHIPSEQ:FILTER_BAM_BAMTOOLS:BAM_SORT_SAMTOOLS:SAMTOOLS_SORT,1700961783000,1700961849000,5,450.2,,6309281792.0,,,0.34051626294125004,0.34051626294125004,0.0,798.32192,
1565,NFCORE_CHIPSEQ:CHIPSEQ:FILTER_BAM_BAMTOOLS:BAM_SORT_SAMTOOLS:SAMTOOLS_SORT,1700961714000,1700961849000,5,118.6,,6309281792.0,,,0.234278404020375,0.234278404020375,0.0,798.32192,
1566,NFCORE_CHIPSEQ:CHIPSEQ:FILTER_BAM_BAMTOOLS:BAM_SORT_SAMTOOLS:SAMTOOLS_SORT,1700961774000,1700961822000,5,97.1,,6309281792.0,,,0.07264305363480002,0.07264305363480002,0.0,798.32192,
1571,NFCORE_CHIPSEQ:CHIPSEQ:MARK_DUPLICATES_PICARD:BAM_STATS_SAMTOOLS:SAMTOOLS_STATS,1700961745000,1700961853000,2,74.8,,1073741824.0,,,0.09280192949279999,0.09280192949279999,0.0,798.32192,
1573,NFCORE_CHIPSEQ:CHIPSEQ:MARK_DUPLICATES_PICARD:BAM_STATS_SAMTOOLS:SAMTOOLS_FLAGSTAT,1700961784000,1700961820000,2,34.0,,1073741824.0,,,0.0157678558224,0.0157678558224,0.0,798.32192,
1586,NFCORE_CHIPSEQ:CHIPSEQ:FILTER_BAM_BAMTOOLS:BAM_SORT_SAMTOOLS:BAM_STATS_SAMTOOLS:SAMTOOLS_STATS,1700961738000,1700961822000,2,47.4,,1073741824.0,,,0.04841406652133333,0.04841406652133333,0.0,798.32192,
1600,NFCORE_CHIPSEQ:CHIPSEQ:MARK_DUPLICATES_PICARD:BAM_STATS_SAMTOOLS:SAMTOOLS_FLAGSTAT,1700961791000,1700961805000,2,147.9,,1073741824.0,,,0.022597014756555556,0.022597014756555556,0.0,798.32192,
1614,NFCORE_CHIPSEQ:CHIPSEQ:MARK_DUPLICATES_PICARD:BAM_STATS_SAMTOOLS:SAMTOOLS_STATS,1700961737000,1700961818000,2,76.9,,1073741824.0,,,0.0713578177125,0.0713578177125,0.0,798.32192,
1617,NFCORE_CHIPSEQ:CHIPSEQ:FILTER_BAM_BAMTOOLS:BAM_SORT_SAMTOOLS:SAMTOOLS_INDEX,1700961811000,1700961822000,2,25.0,,1073741824.0,,,0.0037957296747333333,0.0037957296747333333,0.0,798.32192,
1634,NFCORE_CHIPSEQ:CHIPSEQ:MARK_DUPLICATES_PICARD:SAMTOOLS_INDEX,1700961742000,1700961810000,2,23.7,,1073741824.0,,,0.022551734935155558,0.022551734935155558,0.0,798.32192,
1639,NFCORE_CHIPSEQ:CHIPSEQ:MARK_DUPLICATES_PICARD:BAM_STATS_SAMTOOLS:SAMTOOLS_FLAGSTAT,1700961798000,1700961810000,2,156.0,,1073741824.0,,,0.020372510130133335,0.020372510130133335,0.0,798.32192,
1643,NFCORE_CHIPSEQ:CHIPSEQ:FILTER_BAM_BAMTOOLS:BAM_SORT_SAMTOOLS:BAM_STATS_SAMTOOLS:SAMTOOLS_STATS,1700961772000,1700961849000,2,54.5,,1073741824.0,,,0.05002452160774444,0.05002452160774444,0.0,798.32192,
1651,NFCORE_CHIPSEQ:CHIPSEQ:MARK_DUPLICATES_PICARD:BAM_STATS_SAMTOOLS:SAMTOOLS_FLAGSTAT,1700961795000,1700961853000,2,32.9,,1073741824.0,,,0.024744999672555557,0.024744999672555557,0.0,798.32192,
1654,NFCORE_CHIPSEQ:CHIPSEQ:MARK_DUPLICATES_PICARD:BAM_STATS_SAMTOOLS:SAMTOOLS_STATS,1700961816000,1700961853000,2,136.0,,1073741824.0,,,0.05517435633013334,0.05517435633013334,0.0,798.32192,
1657,NFCORE_CHIPSEQ:CHIPSEQ:MARK_DUPLICATES_PICARD:BAM_STATS_SAMTOOLS:SAMTOOLS_IDXSTATS,1700961816000,1700961822000,2,1.7,,1073741824.0,,,0.0006268906035333334,0.0006268906035333334,0.0,798.32192,
1671,NFCORE_CHIPSEQ:CHIPSEQ:FILTER_BAM_BAMTOOLS:BAM_REMOVE_ORPHANS,1700961779000,1700961781000,2,7.6,,1073741824.0,,,0.0003308046456,0.0003308046456,0.0,798.32192,
1672,NFCORE_CHIPSEQ:CHIPSEQ:FILTER_BAM_BAMTOOLS:BAM_REMOVE_ORPHANS,1700961783000,1700961784000,2,74.4,,1073741824.0,,,0.0008551469177777778,0.0008551469177777778,0.0,798.32192,
1678,NFCORE_CHIPSEQ:CHIPSEQ:MARK_DUPLICATES_PICARD:BAM_STATS_SAMTOOLS:SAMTOOLS_STATS,1700961784000,1700961835000,2,137.3,,1073741824.0,,,0.07673572164243334,0.07673572164243334,0.0,798.32192,
1677,NFCORE_CHIPSEQ:CHIPSEQ:MARK_DUPLICATES_PICARD:BAM_STATS_SAMTOOLS:SAMTOOLS_IDXSTATS,1700961783000,1700961804000,2,0.3,,1073741824.0,,,0.0018905468864333337,0.0018905468864333337,0.0,798.32192,
1676,NFCORE_CHIPSEQ:CHIPSEQ:MARK_DUPLICATES_PICARD:BAM_STATS_SAMTOOLS:SAMTOOLS_FLAGSTAT,1700961784000,1700961864000,2,20.1,,1073741824.0,,,0.023557703712888893,0.023557703712888893,0.0,798.32192,
1686,NFCORE_CHIPSEQ:CHIPSEQ:FILTER_BAM_BAMTOOLS:BAM_SORT_SAMTOOLS:BAM_STATS_SAMTOOLS:SAMTOOLS_IDXSTATS,1700961804000,1700961822000,1,0.6,,1073741824.0,,,0.0016762265564,0.0016762265564,0.0,798.32192,
1456,NFCORE_CHIPSEQ:CHIPSEQ:PRESEQ_LCEXTRAP,1700961638000,1700961881000,2,50.8,,1073741824.0,,,0.1485859210308,0.1485859210308,0.0,798.32192,
1458,NFCORE_CHIPSEQ:CHIPSEQ:PRESEQ_LCEXTRAP,1700961657000,1700961864000,2,72.9,,1073741824.0,,,0.17380933867550002,0.17380933867550002,0.0,798.32192,
1490,NFCORE_CHIPSEQ:CHIPSEQ:MARK_DUPLICATES_PICARD:BAM_STATS_SAMTOOLS:SAMTOOLS_STATS,1700961728000,1700961848000,2,30.4,,1073741824.0,,,0.048098895679999996,0.048098895679999996,0.0,798.32192,
1509,NFCORE_CHIPSEQ:CHIPSEQ:PRESEQ_LCEXTRAP,1700961730000,1700961853000,2,100.5,,1073741824.0,,,0.13833108096536667,0.13833108096536667,0.0,798.32192,
1517,NFCORE_CHIPSEQ:CHIPSEQ:MARK_DUPLICATES_PICARD:SAMTOOLS_INDEX,1700961739000,1700961861000,2,11.8,,1073741824.0,,,0.02546987874786667,0.02546987874786667,0.0,798.32192,
1526,NFCORE_CHIPSEQ:CHIPSEQ:MARK_DUPLICATES_PICARD:BAM_STATS_SAMTOOLS:SAMTOOLS_STATS,1700961680000,1700961856000,2,39.1,,1073741824.0,,,0.0863554799888,0.0863554799888,0.0,798.32192,
1538,NFCORE_CHIPSEQ:CHIPSEQ:PICARD_COLLECTMULTIPLEMETRICS,1700961614000,1700961856000,2,38.5,,2573205504.0,,,0.14661690020841112,0.14661690020841112,0.0,798.32192,
1576,NFCORE_CHIPSEQ:CHIPSEQ:MARK_DUPLICATES_PICARD:BAM_STATS_SAMTOOLS:SAMTOOLS_STATS,1700961784000,1700961900000,2,42.1,,1073741824.0,,,0.061552657416066664,0.061552657416066664,0.0,798.32192,
1585,NFCORE_CHIPSEQ:CHIPSEQ:FILTER_BAM_BAMTOOLS:BAM_SORT_SAMTOOLS:BAM_STATS_SAMTOOLS:SAMTOOLS_FLAGSTAT,1700961737000,1700961861000,2,7.6,,1073741824.0,,,0.0205098880272,0.0205098880272,0.0,798.32192,
1603,NFCORE_CHIPSEQ:CHIPSEQ:MARK_DUPLICATES_PICARD:BAM_STATS_SAMTOOLS:SAMTOOLS_FLAGSTAT,1700961861000,1700961900000,2,46.4,,1073741824.0,,,0.023207329092444443,0.023207329092444443,0.0,798.32192,
1606,NFCORE_CHIPSEQ:CHIPSEQ:MARK_DUPLICATES_PICARD:BAM_STATS_SAMTOOLS:SAMTOOLS_STATS,1700961733000,1700961864000,2,39.0,,1073741824.0,,,0.06414068957095555,0.06414068957095555,0.0,798.32192,
1609,NFCORE_CHIPSEQ:CHIPSEQ:MARK_DUPLICATES_PICARD:BAM_STATS_SAMTOOLS:SAMTOOLS_STATS,1700961734000,1700961900000,2,31.8,,1073741824.0,,,0.0705975754708889,0.0705975754708889,0.0,798.32192,
1615,NFCORE_CHIPSEQ:CHIPSEQ:PHANTOMPEAKQUALTOOLS,1700961727000,1700961900000,1,24.6,,4294967296.0,,,0.10590294659022222,0.10590294659022222,0.0,798.32192,
1619,NFCORE_CHIPSEQ:CHIPSEQ:FILTER_BAM_BAMTOOLS:BAM_SORT_SAMTOOLS:BAM_STATS_SAMTOOLS:SAMTOOLS_FLAGSTAT,1700961811000,1700961900000,2,9.9,,1073741824.0,,,0.017212742268944446,0.017212742268944446,0.0,798.32192,
1620,NFCORE_CHIPSEQ:CHIPSEQ:FILTER_BAM_BAMTOOLS:BAM_SORT_SAMTOOLS:BAM_STATS_SAMTOOLS:SAMTOOLS_STATS,1700961811000,1700961861000,2,137.1,,1073741824.0,,,0.07512784447055557,0.07512784447055557,0.0,798.32192,
1623,NFCORE_CHIPSEQ:CHIPSEQ:FILTER_BAM_BAMTOOLS:BAM_REMOVE_ORPHANS,1700961870000,1700961875000,2,111.6,,1073741824.0,,,0.006196280916222222,0.006196280916222222,0.0,798.32192,
1631,NFCORE_CHIPSEQ:CHIPSEQ:MARK_DUPLICATES_PICARD:SAMTOOLS_INDEX,1700961739000,1700961878000,2,13.1,,1073741824.0,,,0.030884781295255556,0.030884781295255556,0.0,798.32192,
1641,NFCORE_CHIPSEQ:CHIPSEQ:MARK_DUPLICATES_PICARD:BAM_STATS_SAMTOOLS:SAMTOOLS_IDXSTATS,1700961830000,1700961900000,2,11.5,,1073741824.0,,,0.02056718425666667,0.02056718425666667,0.0,798.32192,
1642,NFCORE_CHIPSEQ:CHIPSEQ:MARK_DUPLICATES_PICARD:BAM_STATS_SAMTOOLS:SAMTOOLS_STATS,1700961869000,1700961900000,2,133.9,,1073741824.0,,,0.048494002661499995,0.048494002661499995,0.0,798.32192,
1653,NFCORE_CHIPSEQ:CHIPSEQ:MARK_DUPLICATES_PICARD:BAM_STATS_SAMTOOLS:SAMTOOLS_STATS,1700961816000,1700961864000,2,115.4,,1073741824.0,,,0.06136767125866667,0.06136767125866667,0.0,798.32192,
1660,NFCORE_CHIPSEQ:CHIPSEQ:MARK_DUPLICATES_PICARD:BAM_STATS_SAMTOOLS:SAMTOOLS_FLAGSTAT,1700961865000,1700961900000,2,45.1,,1073741824.0,,,0.020446542014433335,0.020446542014433335,0.0,798.32192,
1659,NFCORE_CHIPSEQ:CHIPSEQ:MARK_DUPLICATES_PICARD:BAM_STATS_SAMTOOLS:SAMTOOLS_IDXSTATS,1700961896000,1700961900000,2,1.9,,1073741824.0,,,0.0009589218375000001,0.0009589218375000001,0.0,798.32192,
1674,NFCORE_CHIPSEQ:CHIPSEQ:FILTER_BAM_BAMTOOLS:BAM_SORT_SAMTOOLS:SAMTOOLS_INDEX,1700961781000,1700961900000,2,9.1,,1073741824.0,,,0.026952699345366662,0.026952699345366662,0.0,798.32192,
1682,NFCORE_CHIPSEQ:CHIPSEQ:MARK_DUPLICATES_PICARD:BAM_STATS_SAMTOOLS:SAMTOOLS_FLAGSTAT,1700961786000,1700961900000,2,11.0,,1073741824.0,,,0.026266689954511112,0.026266689954511112,0.0,798.32192,
1681,NFCORE_CHIPSEQ:CHIPSEQ:MARK_DUPLICATES_PICARD:BAM_STATS_SAMTOOLS:SAMTOOLS_IDXSTATS,1700961883000,1700961900000,2,21.5,,1073741824.0,,,0.005869613407655554,0.005869613407655554,0.0,798.32192,
1687,NFCORE_CHIPSEQ:CHIPSEQ:FILTER_BAM_BAMTOOLS:BAM_SORT_SAMTOOLS:BAM_STATS_SAMTOOLS:SAMTOOLS_FLAGSTAT,1700961808000,1700961878000,2,11.8,,1073741824.0,,,0.014613864855333334,0.014613864855333334,0.0,798.32192,
1688,NFCORE_CHIPSEQ:CHIPSEQ:FILTER_BAM_BAMTOOLS:BAM_SORT_SAMTOOLS:BAM_STATS_SAMTOOLS:SAMTOOLS_STATS,1700961844000,1700961900000,2,39.0,,1073741824.0,,,0.040638757514422225,0.040638757514422225,0.0,798.32192,
1699,NFCORE_CHIPSEQ:CHIPSEQ:PRESEQ_LCEXTRAP,1700961822000,1700961900000,2,98.7,,1073741824.0,,,0.12609049828246668,0.12609049828246668,0.0,798.32192,
1698,NFCORE_CHIPSEQ:CHIPSEQ:MARK_DUPLICATES_PICARD:SAMTOOLS_INDEX,1700961824000,1700961864000,2,37.5,,1073741824.0,,,0.018965412307111112,0.018965412307111112,0.0,798.32192,
1707,NFCORE_CHIPSEQ:CHIPSEQ:FILTER_BAM_BAMTOOLS:BAM_REMOVE_ORPHANS,1700961829000,1700961900000,2,1.8,,1073741824.0,,,0.007808059609288888,0.007808059609288888,0.0,798.32192,
1708,NFCORE_CHIPSEQ:CHIPSEQ:FILTER_BAM_BAMTOOLS:BAM_REMOVE_ORPHANS,1700961826000,1700961830000,2,45.6,,1073741824.0,,,0.0022310880103111113,0.0022310880103111113,0.0,798.32192,
1712,NFCORE_CHIPSEQ:CHIPSEQ:MARK_DUPLICATES_PICARD:BAM_STATS_SAMTOOLS:SAMTOOLS_IDXSTATS,1700961834000,1700961848000,2,6.1,,1073741824.0,,,0.002098796643533333,0.002098796643533333,0.0,798.32192,
1717,NFCORE_CHIPSEQ:CHIPSEQ:MARK_DUPLICATES_PICARD:BAM_STATS_SAMTOOLS:SAMTOOLS_IDXSTATS,1700961843000,1700961851000,2,4.2,,1073741824.0,,,0.001042364495822222,0.001042364495822222,0.0,798.32192,
1718,NFCORE_CHIPSEQ:CHIPSEQ:FILTER_BAM_BAMTOOLS:BAM_REMOVE_ORPHANS,1700961854000,1700961854000,2,6.8,,1073741824.0,,,0.0,0.0,0.0,798.32192,
1721,NFCORE_CHIPSEQ:CHIPSEQ:MARK_DUPLICATES_PICARD:BAM_STATS_SAMTOOLS:SAMTOOLS_IDXSTATS,1700961856000,1700961857000,2,30.4,,1073741824.0,,,0.00040082413066666665,0.00040082413066666665,0.0,798.32192,
1725,NFCORE_CHIPSEQ:CHIPSEQ:FILTER_BAM_BAMTOOLS:BAM_SORT_SAMTOOLS:SAMTOOLS_INDEX,1700961857000,1700961892000,2,46.6,,1073741824.0,,,0.019883413216333332,0.019883413216333332,0.0,798.32192,
1729,NFCORE_CHIPSEQ:CHIPSEQ:FILTER_BAM_BAMTOOLS:BAM_SORT_SAMTOOLS:SAMTOOLS_INDEX,1700961857000,1700961893000,2,37.4,,1073741824.0,,,0.017031699211999998,0.017031699211999998,0.0,798.32192,
1738,NFCORE_CHIPSEQ:CHIPSEQ:FILTER_BAM_BAMTOOLS:BAM_SORT_SAMTOOLS:BAM_STATS_SAMTOOLS:SAMTOOLS_FLAGSTAT,1700961864000,1700961900000,2,11.9,,1073741824.0,,,0.007972477889444444,0.007972477889444444,0.0,798.32192,
1737,NFCORE_CHIPSEQ:CHIPSEQ:FILTER_BAM_BAMTOOLS:BAM_SORT_SAMTOOLS:BAM_STATS_SAMTOOLS:SAMTOOLS_STATS,1700961871000,1700961900000,2,112.3,,1073741824.0,,,0.08725388320366667,0.08725388320366667,0.0,798.32192,
1736,NFCORE_CHIPSEQ:CHIPSEQ:FILTER_BAM_BAMTOOLS:BAM_SORT_SAMTOOLS:BAM_STATS_SAMTOOLS:SAMTOOLS_IDXSTATS,1700961888000,1700961900000,1,1.0,,1073741824.0,,,0.0013615546662666667,0.0013615546662666667,0.0,798.32192,
1485,NFCORE_CHIPSEQ:CHIPSEQ:FILTER_BAM_BAMTOOLS:BAM_FILTER,1700961698000,1700961900000,2,144.6,,1073741824.0,,,0.36655959947004446,0.36655959947004446,0.0,798.32192,
1491,NFCORE_CHIPSEQ:CHIPSEQ:FILTER_BAM_BAMTOOLS:BAM_FILTER,1700961739000,1700961900000,2,144.9,,1073741824.0,,,0.2580446364179445,0.2580446364179445,0.0,798.32192,
1525,NFCORE_CHIPSEQ:CHIPSEQ:FILTER_BAM_BAMTOOLS:BAM_FILTER,1700961680000,1700961900000,2,126.2,,1073741824.0,,,0.41422260583782217,0.41422260583782217,0.0,798.32192,
1546,NFCORE_CHIPSEQ:CHIPSEQ:FILTER_BAM_BAMTOOLS:BAM_FILTER,1700961681000,1700961900000,2,95.4,,1073741824.0,,,0.2830034574693334,0.2830034574693334,0.0,798.32192,
1557,NFCORE_CHIPSEQ:CHIPSEQ:FILTER_BAM_BAMTOOLS:BAM_SORT_SAMTOOLS:SAMTOOLS_SORT,1700961783000,1700961900000,5,118.7,,6309281792.0,,,0.22573565782625005,0.22573565782625005,0.0,798.32192,
1558,NFCORE_CHIPSEQ:CHIPSEQ:FILTER_BAM_BAMTOOLS:BAM_SORT_SAMTOOLS:SAMTOOLS_SORT,1700961783000,1700961900000,5,113.2,,6309281792.0,,,0.21835291253569444,0.21835291253569444,0.0,798.32192,
1560,NFCORE_CHIPSEQ:CHIPSEQ:FILTER_BAM_BAMTOOLS:BAM_SORT_SAMTOOLS:SAMTOOLS_SORT,1700961783000,1700961900000,5,56.0,,6309281792.0,,,0.21671461493284166,0.21671461493284166,0.0,798.32192,
1561,NFCORE_CHIPSEQ:CHIPSEQ:FILTER_BAM_BAMTOOLS:BAM_SORT_SAMTOOLS:SAMTOOLS_SORT,1700961783000,1700961900000,5,125.8,,6309281792.0,,,0.23526611083769447,0.23526611083769447,0.0,798.32192,
1562,NFCORE_CHIPSEQ:CHIPSEQ:FILTER_BAM_BAMTOOLS:BAM_SORT_SAMTOOLS:SAMTOOLS_SORT,1700961783000,1700961900000,5,58.8,,6309281792.0,,,0.22246799350053056,0.22246799350053056,0.0,798.32192,
1564,NFCORE_CHIPSEQ:CHIPSEQ:FILTER_BAM_BAMTOOLS:BAM_SORT_SAMTOOLS:SAMTOOLS_SORT,1700961853000,1700961900000,5,212.2,,6309281792.0,,,0.3512423277656944,0.3512423277656944,0.0,798.32192,
1568,NFCORE_CHIPSEQ:CHIPSEQ:MARK_DUPLICATES_PICARD:BAM_STATS_SAMTOOLS:SAMTOOLS_FLAGSTAT,1700961735000,1700961900000,2,9.5,,1073741824.0,,,0.03811428619851111,0.03811428619851111,0.0,798.32192,
1574,NFCORE_CHIPSEQ:CHIPSEQ:FILTER_BAM_BAMTOOLS:BAM_FILTER,1700961784000,1700961900000,2,111.4,,1073741824.0,,,0.19423899950766668,0.19423899950766668,0.0,798.32192,
1580,NFCORE_CHIPSEQ:CHIPSEQ:FILTER_BAM_BAMTOOLS:BAM_FILTER,1700961687000,1700961900000,2,129.3,,1073741824.0,,,0.42091728356382224,0.42091728356382224,0.0,798.32192,
1612,NFCORE_CHIPSEQ:CHIPSEQ:FILTER_BAM_BAMTOOLS:BAM_FILTER,1700961737000,1700961900000,2,138.4,,1073741824.0,,,0.372931095416,0.372931095416,0.0,798.32192,
1611,NFCORE_CHIPSEQ:CHIPSEQ:MARK_DUPLICATES_PICARD:BAM_STATS_SAMTOOLS:SAMTOOLS_FLAGSTAT,1700961800000,1700961900000,2,11.4,,1073741824.0,,,0.02987733645355556,0.02987733645355556,0.0,798.32192,
1616,NFCORE_CHIPSEQ:CHIPSEQ:PICARD_COLLECTMULTIPLEMETRICS,1700961810000,1700961900000,2,72.8,,2573205504.0,,,0.1603233772623389,0.1603233772623389,0.0,798.32192,
1622,NFCORE_CHIPSEQ:CHIPSEQ:MARK_DUPLICATES_PICARD:SAMTOOLS_INDEX,1700961860000,1700961900000,2,20.9,,1073741824.0,,,0.025126731989944445,0.025126731989944445,0.0,798.32192,
1621,NFCORE_CHIPSEQ:CHIPSEQ:PRESEQ_LCEXTRAP,1700961860000,1700961900000,2,86.7,,1073741824.0,,,0.12080454690076667,0.12080454690076667,0.0,798.32192,
1625,NFCORE_CHIPSEQ:CHIPSEQ:FILTER_BAM_BAMTOOLS:BAM_SORT_SAMTOOLS:SAMTOOLS_SORT,1700961853000,1700961900000,5,222.8,,6309281792.0,,,0.3654708914165834,0.3654708914165834,0.0,798.32192,
1655,NFCORE_CHIPSEQ:CHIPSEQ:FILTER_BAM_BAMTOOLS:BAM_FILTER,1700961815000,1700961900000,2,143.2,,1073741824.0,,,0.26301114815359994,0.26301114815359994,0.0,798.32192,
1656,NFCORE_CHIPSEQ:CHIPSEQ:MARK_DUPLICATES_PICARD:BAM_STATS_SAMTOOLS:SAMTOOLS_FLAGSTAT,1700961865000,1700961900000,2,11.3,,1073741824.0,,,0.024025595200688886,0.024025595200688886,0.0,798.32192,
1665,NFCORE_CHIPSEQ:CHIPSEQ:MARK_DUPLICATES_PICARD:BAM_STATS_SAMTOOLS:SAMTOOLS_STATS,1700961796000,1700961900000,2,37.6,,1073741824.0,,,0.0883812218608,0.0883812218608,0.0,798.32192,
1683,NFCORE_CHIPSEQ:CHIPSEQ:FILTER_BAM_BAMTOOLS:BAM_FILTER,1700961789000,1700961900000,2,142.3,,1073741824.0,,,0.30191241899206667,0.30191241899206667,0.0,798.32192,
1690,NFCORE_CHIPSEQ:CHIPSEQ:MARK_DUPLICATES_PICARD:BAM_STATS_SAMTOOLS:SAMTOOLS_STATS,1700961844000,1700961900000,2,46.5,,1073741824.0,,,0.06634660133529999,0.06634660133529999,0.0,798.32192,
1700,NFCORE_CHIPSEQ:CHIPSEQ:PRESEQ_LCEXTRAP,1700961857000,1700961900000,2,78.8,,1073741824.0,,,0.11977703313302222,0.11977703313302222,0.0,798.32192,
1701,NFCORE_CHIPSEQ:CHIPSEQ:MARK_DUPLICATES_PICARD:SAMTOOLS_INDEX,1700961868000,1700961900000,2,21.7,,1073741824.0,,,0.027367307002933335,0.027367307002933335,0.0,798.32192,
1702,NFCORE_CHIPSEQ:CHIPSEQ:MARK_DUPLICATES_PICARD:SAMTOOLS_INDEX,1700961826000,1700961900000,2,13.7,,1073741824.0,,,0.028091721776433334,0.028091721776433334,0.0,798.32192,
1706,NFCORE_CHIPSEQ:CHIPSEQ:FILTER_BAM_BAMTOOLS:BAM_SORT_SAMTOOLS:SAMTOOLS_INDEX,1700961827000,1700961900000,2,7.7,,1073741824.0,,,0.018640705953955554,0.018640705953955554,0.0,798.32192,
1753,NFCORE_CHIPSEQ:CHIPSEQ:FILTER_BAM_BAMTOOLS:BAM_REMOVE_ORPHANS,1700961880000,1700961892000,2,164.1,,1073741824.0,,,0.021376150468933333,0.021376150468933333,0.0,798.32192,
1754,NFCORE_CHIPSEQ:CHIPSEQ:FILTER_BAM_BAMTOOLS:BAM_REMOVE_ORPHANS,1700961897000,1700961900000,2,112.9,,1073741824.0,,,0.0062633967825,0.0062633967825,0.0,798.32192,
1459,NFCORE_CHIPSEQ:CHIPSEQ:PICARD_COLLECTMULTIPLEMETRICS,1700961679000,1700961900000,2,23.5,,2573205504.0,,,0.1434091568033667,0.1434091568033667,0.0,798.32192,
1510,NFCORE_CHIPSEQ:CHIPSEQ:PRESEQ_LCEXTRAP,1700961852000,1700961900000,2,87.6,,1073741824.0,,,0.1596224443796889,0.1596224443796889,0.0,798.32192,
1522,NFCORE_CHIPSEQ:CHIPSEQ:PRESEQ_LCEXTRAP,1700961729000,1700961900000,2,43.7,,1073741824.0,,,0.13669099372157778,0.13669099372157778,0.0,798.32192,
1533,NFCORE_CHIPSEQ:CHIPSEQ:PICARD_COLLECTMULTIPLEMETRICS,1700961602000,1700961900000,2,28.8,,2573205504.0,,,0.19267072312235,0.19267072312235,0.0,798.32192,
1543,NFCORE_CHIPSEQ:CHIPSEQ:PICARD_COLLECTMULTIPLEMETRICS,1700961620000,1700961900000,2,31.7,,2573205504.0,,,0.19443784195568337,0.19443784195568337,0.0,798.32192,
1595,NFCORE_CHIPSEQ:CHIPSEQ:PICARD_COLLECTMULTIPLEMETRICS,1700961738000,1700961900000,2,32.6,,2573205504.0,,,0.14386268265453334,0.14386268265453334,0.0,798.32192,
1602,NFCORE_CHIPSEQ:CHIPSEQ:MARK_DUPLICATES_PICARD:BAM_STATS_SAMTOOLS:SAMTOOLS_STATS,1700961861000,1700961900000,2,37.8,,1073741824.0,,,0.060131353343599994,0.060131353343599994,0.0,798.32192,
1630,NFCORE_CHIPSEQ:CHIPSEQ:PRESEQ_LCEXTRAP,1700961744000,1700961900000,2,45.0,,1073741824.0,,,0.14671940003062223,0.14671940003062223,0.0,798.32192,
1635,NFCORE_CHIPSEQ:CHIPSEQ:PRESEQ_LCEXTRAP,1700961861000,1700961900000,2,63.7,,1073741824.0,,,0.11095491757863332,0.11095491757863332,0.0,798.32192,
1668,NFCORE_CHIPSEQ:CHIPSEQ:FILTER_BAM_BAMTOOLS:BAM_FILTER,1700961796000,1700961900000,2,141.3,,1073741824.0,,,0.34937883858704444,0.34937883858704444,0.0,798.32192,
1669,NFCORE_CHIPSEQ:CHIPSEQ:MARK_DUPLICATES_PICARD:BAM_STATS_SAMTOOLS:SAMTOOLS_FLAGSTAT,1700961827000,1700961900000,2,9.7,,1073741824.0,,,0.032740034314166666,0.032740034314166666,0.0,798.32192,
1666,NFCORE_CHIPSEQ:CHIPSEQ:MARK_DUPLICATES_PICARD:BAM_STATS_SAMTOOLS:SAMTOOLS_STATS,1700961826000,1700961900000,2,39.0,,1073741824.0,,,0.08666337445846667,0.08666337445846667,0.0,798.32192,
1680,NFCORE_CHIPSEQ:CHIPSEQ:MARK_DUPLICATES_PICARD:BAM_STATS_SAMTOOLS:SAMTOOLS_STATS,1700961785000,1700961900000,2,22.2,,1073741824.0,,,0.07334793308284443,0.07334793308284443,0.0,798.32192,
1726,NFCORE_CHIPSEQ:CHIPSEQ:PICARD_COLLECTMULTIPLEMETRICS,1700961857000,1700961900000,2,66.5,,2573205504.0,,,0.14766996097058332,0.14766996097058332,0.0,798.32192,
1741,NFCORE_CHIPSEQ:CHIPSEQ:MARK_DUPLICATES_PICARD:BAM_STATS_SAMTOOLS:SAMTOOLS_FLAGSTAT,1700961898000,1700961900000,2,11.4,,1073741824.0,,,0.02189640411322222,0.02189640411322222,0.0,798.32192,
1626,NFCORE_CHIPSEQ:CHIPSEQ:FILTER_BAM_BAMTOOLS:BAM_SORT_SAMTOOLS:SAMTOOLS_SORT,1700961844000,1700961900000,5,99.7,,6309281792.0,,,0.30804865944722226,0.30804865944722226,0.0,798.32192,
1632,NFCORE_CHIPSEQ:CHIPSEQ:PRESEQ_LCEXTRAP,1700961744000,1700961900000,2,46.4,,1073741824.0,,,0.16584749814844443,0.16584749814844443,0.0,798.32192,
1662,NFCORE_CHIPSEQ:CHIPSEQ:MARK_DUPLICATES_PICARD:BAM_STATS_SAMTOOLS:SAMTOOLS_FLAGSTAT,1700961796000,1700961900000,2,7.3,,1073741824.0,,,0.0394400341863,0.0394400341863,0.0,798.32192,
1685,NFCORE_CHIPSEQ:CHIPSEQ:BEDTOOLS_GENOMECOV,1700961803000,1700961900000,2,115.0,,4567597056.0,,,0.3877477215652333,0.3877477215652333,0.0,798.32192,
1607,NFCORE_CHIPSEQ:CHIPSEQ:FILTER_BAM_BAMTOOLS:BAM_FILTER,1700961738000,1700961900000,2,91.9,,1073741824.0,,,0.3397566617133333,0.3397566617133333,0.0,798.32192,
1703,NFCORE_CHIPSEQ:CHIPSEQ:PRESEQ_LCEXTRAP,1700961827000,1700961900000,2,53.3,,1073741824.0,,,0.1523095591870111,0.1523095591870111,0.0,798.32192,
1731,NFCORE_CHIPSEQ:CHIPSEQ:FILTER_BAM_BAMTOOLS:BAM_SORT_SAMTOOLS:SAMTOOLS_INDEX,1700961859000,1700961900000,2,7.7,,1073741824.0,,,0.03478488878907778,0.03478488878907778,0.0,798.32192,
1551,NFCORE_CHIPSEQ:CHIPSEQ:FILTER_BAM_BAMTOOLS:BAM_FILTER,1700961685000,1700961900000,2,98.8,,1073741824.0,,,0.431764926164,0.431764926164,0.0,798.32192,
1599,NFCORE_CHIPSEQ:CHIPSEQ:FILTER_BAM_BAMTOOLS:BAM_FILTER,1700961791000,1700961900000,2,83.1,,1073741824.0,,,0.2683740142487555,0.2683740142487555,0.0,798.32192,
1604,NFCORE_CHIPSEQ:CHIPSEQ:FILTER_BAM_BAMTOOLS:BAM_FILTER,1700961733000,1700961900000,2,89.0,,1073741824.0,,,0.34401762180279993,0.34401762180279993,0.0,798.32192,
1740,NFCORE_CHIPSEQ:CHIPSEQ:FILTER_BAM_BAMTOOLS:BAM_FILTER,1700961898000,1700961900000,2,137.0,,1073741824.0,,,0.27628047812248885,0.27628047812248885,0.0,798.32192,
1520,NFCORE_CHIPSEQ:CHIPSEQ:MARK_DUPLICATES_PICARD:SAMTOOLS_INDEX,1700961629000,1700961900000,2,5.4,,1073741824.0,,,0.06677713385199999,0.06677713385199999,0.0,798.32192,
1640,NFCORE_CHIPSEQ:CHIPSEQ:FILTER_BAM_BAMTOOLS:BAM_FILTER,1700961869000,1700961900000,2,91.0,,1073741824.0,,,0.2278942142708,0.2278942142708,0.0,798.32192,
1646,NFCORE_CHIPSEQ:CHIPSEQ:MARK_DUPLICATES_PICARD:BAM_STATS_SAMTOOLS:SAMTOOLS_STATS,1700961772000,1700961900000,2,25.4,,1073741824.0,,,0.11348887589722222,0.11348887589722222,0.0,798.32192,
1719,NFCORE_CHIPSEQ:CHIPSEQ:MARK_DUPLICATES_PICARD:BAM_STATS_SAMTOOLS:SAMTOOLS_STATS,1700961854000,1700961900000,2,23.9,,1073741824.0,,,0.08109110824649998,0.08109110824649998,0.0,798.32192,
1661,NFCORE_CHIPSEQ:CHIPSEQ:FILTER_BAM_BAMTOOLS:BAM_FILTER,1700961885000,1700961900000,2,146.4,,1073741824.0,,,0.3548856936826667,0.3548856936826667,0.0,798.32192,
1697,NFCORE_CHIPSEQ:CHIPSEQ:BEDTOOLS_GENOMECOV,1700961808000,1700961900000,2,122.3,,4567597056.0,,,0.4881462177274223,0.4881462177274223,0.0,798.32192,
1705,NFCORE_CHIPSEQ:CHIPSEQ:PICARD_COLLECTMULTIPLEMETRICS,1700961826000,1700961900000,2,31.0,,2573205504.0,,,0.15852407261166665,0.15852407261166665,0.0,798.32192,
1728,NFCORE_CHIPSEQ:CHIPSEQ:PICARD_COLLECTMULTIPLEMETRICS,1700961857000,1700961900000,2,44.2,,2573205504.0,,,0.17880710069499445,0.17880710069499445,0.0,798.32192,
1545,NFCORE_CHIPSEQ:CHIPSEQ:PHANTOMPEAKQUALTOOLS,1700961620000,1700961900000,1,20.6,,4294967296.0,,,0.31159308403422226,0.31159308403422226,0.0,798.32192,
1714,NFCORE_CHIPSEQ:CHIPSEQ:FILTER_BAM_BAMTOOLS:BAM_FILTER,1700961840000,1700961900000,2,115.0,,1073741824.0,,,0.41671668270980006,0.41671668270980006,0.0,798.32192,
1521,NFCORE_CHIPSEQ:CHIPSEQ:PRESEQ_LCEXTRAP,1700961729000,1700961900000,2,47.5,,1073741824.0,,,0.288780867667989,0.288780867667989,0.0,800.363084,
1652,NFCORE_CHIPSEQ:CHIPSEQ:FILTER_BAM_BAMTOOLS:BAM_FILTER,1700961815000,1700961900000,2,72.5,,1073741824.0,,,0.35275108483644046,0.35275108483644046,0.0,800.363084,
1664,NFCORE_CHIPSEQ:CHIPSEQ:FILTER_BAM_BAMTOOLS:BAM_FILTER,1700961796000,1700961900000,2,137.3,,1073741824.0,,,0.6592860319801871,0.6592860319801871,0.0,800.363084,
1679,NFCORE_CHIPSEQ:CHIPSEQ:FILTER_BAM_BAMTOOLS:BAM_FILTER,1700961783000,1700961900000,2,82.3,,1073741824.0,,,0.42356441743727186,0.42356441743727186,0.0,800.363084,
1716,NFCORE_CHIPSEQ:CHIPSEQ:MARK_DUPLICATES_PICARD:BAM_STATS_SAMTOOLS:SAMTOOLS_STATS,1700961851000,1700961900000,2,38.3,,1073741824.0,,,0.18484143259613564,0.18484143259613564,0.0,800.363084,
1735,NFCORE_CHIPSEQ:CHIPSEQ:PHANTOMPEAKQUALTOOLS,1700961858000,1700961900000,1,22.0,,4294967296.0,,,0.2318539229816858,0.2318539229816858,0.0,800.363084,
1647,NFCORE_CHIPSEQ:CHIPSEQ:FILTER_BAM_BAMTOOLS:BAM_FILTER,1700961795000,1700961900000,2,72.7,,1073741824.0,,,0.3880542304294629,0.3880542304294629,0.0,800.363084,
1593,NFCORE_CHIPSEQ:CHIPSEQ:PHANTOMPEAKQUALTOOLS,1700961705000,1700961900000,1,19.3,,4294967296.0,,,0.3224436001633446,0.3224436001633446,0.0,800.363084,
1746,NFCORE_CHIPSEQ:CHIPSEQ:PRESEQ_LCEXTRAP,1700961879000,1700961900000,2,34.3,,1073741824.0,,,0.1890294307862435,0.1890294307862435,0.0,800.363084,
1569,NFCORE_CHIPSEQ:CHIPSEQ:FILTER_BAM_BAMTOOLS:BAM_FILTER,1700961774000,1700961900000,2,63.8,,1073741824.0,,,0.4338406739159215,0.4338406739159215,0.0,800.363084,
1675,NFCORE_CHIPSEQ:CHIPSEQ:PICARD_COLLECTMULTIPLEMETRICS,1700961782000,1700961900000,2,20.2,,2573205504.0,,,0.2442413409725709,0.2442413409725709,0.0,800.363084,
1704,NFCORE_CHIPSEQ:CHIPSEQ:PHANTOMPEAKQUALTOOLS,1700961822000,1700961900000,1,17.3,,4294967296.0,,,0.33121754854700763,0.33121754854700763,0.0,800.363084,
1750,NFCORE_CHIPSEQ:CHIPSEQ:PHANTOMPEAKQUALTOOLS,1700961882000,1700961900000,1,20.6,,4294967296.0,,,0.3156548496693805,0.3156548496693805,0.0,800.363084,
1724,NFCORE_CHIPSEQ:CHIPSEQ:PHANTOMPEAKQUALTOOLS,1700961857000,1700961900000,1,18.7,,4294967296.0,,,0.4453192899516237,0.4453192899516237,0.0,801.383666,
1727,NFCORE_CHIPSEQ:CHIPSEQ:PHANTOMPEAKQUALTOOLS,1700961857000,1700961900000,1,13.7,,4294967296.0,,,0.581776397715247,0.581776397715247,0.0,801.893957,
1732,NFCORE_CHIPSEQ:CHIPSEQ:PHANTOMPEAKQUALTOOLS,1700961857000,1700961900000,1,15.0,,4294967296.0,,,0.6677734526052138,0.6677734526052138,0.0,805.3242465000001,
1673,NFCORE_CHIPSEQ:CHIPSEQ:PHANTOMPEAKQUALTOOLS,1700961781000,1700961900000,1,12.5,,4294967296.0,,,0.7025563822233454,0.7025563822233454,0.0,805.3242465000001,
1709,NFCORE_CHIPSEQ:CHIPSEQ:FILTER_BAM_BAMTOOLS:BAM_REMOVE_ORPHANS,1700961912000,1700961927000,2,0.8,,1073741824.0,,,0.0014278320173333335,0.0014278320173333335,0.0,798.32192,
1715,NFCORE_CHIPSEQ:CHIPSEQ:MARK_DUPLICATES_PICARD:BAM_STATS_SAMTOOLS:SAMTOOLS_FLAGSTAT,1700961921000,1700961949000,2,156.7,,1073741824.0,,,0.04773823712093333,0.04773823712093333,0.0,798.32192,
1733,NFCORE_CHIPSEQ:CHIPSEQ:FILTER_BAM_BAMTOOLS:BAM_SORT_SAMTOOLS:SAMTOOLS_INDEX,1700961906000,1700961936000,2,161.4,,1073741824.0,,,0.052604009223333345,0.052604009223333345,0.0,798.32192,
1739,NFCORE_CHIPSEQ:CHIPSEQ:MARK_DUPLICATES_PICARD:BAM_STATS_SAMTOOLS:SAMTOOLS_IDXSTATS,1700961908000,1700961945000,2,0.9,,1073741824.0,,,0.0035601900589444448,0.0035601900589444448,0.0,798.32192,
1528,NFCORE_CHIPSEQ:CHIPSEQ:MARK_DUPLICATES_PICARD:BAM_STATS_SAMTOOLS:SAMTOOLS_IDXSTATS,1700961933000,1700961934000,2,16.0,,1073741824.0,,,0.00025213667306666666,0.00025213667306666666,0.0,798.32192,
1597,NFCORE_CHIPSEQ:CHIPSEQ:FILTER_BAM_BAMTOOLS:BAM_REMOVE_ORPHANS,1700961943000,1700961953000,2,1.3,,1073741824.0,,,0.0010035156010000002,0.0010035156010000002,0.0,798.32192,
1601,NFCORE_CHIPSEQ:CHIPSEQ:MARK_DUPLICATES_PICARD:BAM_STATS_SAMTOOLS:SAMTOOLS_IDXSTATS,1700961913000,1700961945000,2,3.9,,1073741824.0,,,0.004070333011555556,0.004070333011555556,0.0,798.32192,
1658,NFCORE_CHIPSEQ:CHIPSEQ:MARK_DUPLICATES_PICARD:BAM_STATS_SAMTOOLS:SAMTOOLS_STATS,1700961906000,1700961983000,2,133.4,,1073741824.0,,,0.11275514043811112,0.11275514043811112,0.0,798.32192,
1751,NFCORE_CHIPSEQ:CHIPSEQ:FILTER_BAM_BAMTOOLS:BAM_SORT_SAMTOOLS:SAMTOOLS_INDEX,1700961946000,1700961992000,2,20.8,,1073741824.0,,,0.013878161310933335,0.013878161310933335,0.0,798.32192,
1756,NFCORE_CHIPSEQ:CHIPSEQ:MARK_DUPLICATES_PICARD:BAM_STATS_SAMTOOLS:SAMTOOLS_IDXSTATS,1700961905000,1700961983000,2,0.1,,1073741824.0,,,0.0068609532134,0.0068609532134,0.0,798.32192,
1759,NFCORE_CHIPSEQ:CHIPSEQ:FILTER_BAM_BAMTOOLS:BAM_REMOVE_ORPHANS,1700961908000,1700961945000,2,1.1,,1073741824.0,,,0.003636598891322222,0.003636598891322222,0.0,798.32192,
1762,NFCORE_CHIPSEQ:CHIPSEQ:MARK_DUPLICATES_PICARD:BAM_STATS_SAMTOOLS:SAMTOOLS_IDXSTATS,1700961907000,1700961939000,2,0.7,,1073741824.0,,,0.0030129999797333332,0.0030129999797333332,0.0,798.32192,
1763,NFCORE_CHIPSEQ:CHIPSEQ:MARK_DUPLICATES_PICARD:BAM_STATS_SAMTOOLS:SAMTOOLS_FLAGSTAT,1700961907000,1700961945000,2,128.4,,1073741824.0,,,0.05368354558355555,0.05368354558355555,0.0,798.32192,
1760,NFCORE_CHIPSEQ:CHIPSEQ:MARK_DUPLICATES_PICARD:BAM_STATS_SAMTOOLS:SAMTOOLS_STATS,1700961907000,1700961978000,2,123.1,,1073741824.0,,,0.09641797436663332,0.09641797436663332,0.0,798.32192,
1773,NFCORE_CHIPSEQ:CHIPSEQ:FILTER_BAM_BAMTOOLS:BAM_SORT_SAMTOOLS:BAM_STATS_SAMTOOLS:SAMTOOLS_IDXSTATS,1700961937000,1700961982000,1,7.0,,1073741824.0,,,0.007164315542999999,0.007164315542999999,0.0,798.32192,
1777,NFCORE_CHIPSEQ:CHIPSEQ:MARK_DUPLICATES_PICARD:BAM_STATS_SAMTOOLS:SAMTOOLS_IDXSTATS,1700961945000,1700961978000,2,11.8,,1073741824.0,,,0.006889393431800001,0.006889393431800001,0.0,798.32192,
1785,NFCORE_CHIPSEQ:CHIPSEQ:FILTER_BAM_BAMTOOLS:BAM_SORT_SAMTOOLS:BAM_STATS_SAMTOOLS:SAMTOOLS_IDXSTATS,1700961977000,1700961982000,1,1.7,,1073741824.0,,,0.0005224088362777779,0.0005224088362777779,0.0,798.32192,
1787,NFCORE_CHIPSEQ:CHIPSEQ:FILTER_BAM_BAMTOOLS:BAM_SORT_SAMTOOLS:BAM_STATS_SAMTOOLS:SAMTOOLS_IDXSTATS,1700961980000,1700961985000,1,6.8,,1073741824.0,,,0.0007857095424444444,0.0007857095424444444,0.0,798.32192,
1692,NFCORE_CHIPSEQ:CHIPSEQ:MARK_DUPLICATES_PICARD:BAM_STATS_SAMTOOLS:SAMTOOLS_IDXSTATS,1700962001000,1700962006000,2,3.9,,1073741824.0,,,0.0006359895330555556,0.0006359895330555556,0.0,798.32192,
1720,NFCORE_CHIPSEQ:CHIPSEQ:MARK_DUPLICATES_PICARD:BAM_STATS_SAMTOOLS:SAMTOOLS_FLAGSTAT,1700962002000,1700962022000,2,124.8,,1073741824.0,,,0.02751106038755556,0.02751106038755556,0.0,798.32192,
1772,NFCORE_CHIPSEQ:CHIPSEQ:FILTER_BAM_BAMTOOLS:BAM_SORT_SAMTOOLS:BAM_STATS_SAMTOOLS:SAMTOOLS_FLAGSTAT,1700961941000,1700962022000,2,16.6,,1073741824.0,,,0.0209248906878,0.0209248906878,0.0,798.32192,
1778,NFCORE_CHIPSEQ:CHIPSEQ:MARK_DUPLICATES_PICARD:BAM_STATS_SAMTOOLS:SAMTOOLS_FLAGSTAT,1700961945000,1700962015000,2,18.4,,1073741824.0,,,0.01938425412,0.01938425412,0.0,798.32192,
1790,NFCORE_CHIPSEQ:CHIPSEQ:FILTER_BAM_BAMTOOLS:BAM_SORT_SAMTOOLS:BAM_STATS_SAMTOOLS:SAMTOOLS_STATS,1700961982000,1700962027000,2,52.8,,1073741824.0,,,0.028445207912,0.028445207912,0.0,798.32192,
1792,NFCORE_CHIPSEQ:CHIPSEQ:FILTER_BAM_BAMTOOLS:BAM_SORT_SAMTOOLS:BAM_STATS_SAMTOOLS:SAMTOOLS_IDXSTATS,1700961982000,1700961984000,1,18.2,,1073741824.0,,,0.0005497056248444444,0.0005497056248444444,0.0,798.32192,
1830,NFCORE_CHIPSEQ:CHIPSEQ:FILTER_BAM_BAMTOOLS:BAM_REMOVE_ORPHANS,1700961987000,1700961988000,2,48.5,,1073741824.0,,,0.0005877160044555556,0.0005877160044555556,0.0,798.32192,
1831,NFCORE_CHIPSEQ:CHIPSEQ:FILTER_BAM_BAMTOOLS:BAM_REMOVE_ORPHANS,1700961987000,1700961988000,2,56.6,,1073741824.0,,,0.0006713526993555556,0.0006713526993555556,0.0,798.32192,
1833,NFCORE_CHIPSEQ:CHIPSEQ:FILTER_BAM_BAMTOOLS:BAM_REMOVE_ORPHANS,1700961990000,1700961998000,2,0.9,,1073741824.0,,,0.0007697708235555555,0.0007697708235555555,0.0,798.32192,
1840,NFCORE_CHIPSEQ:CHIPSEQ:FILTER_BAM_BAMTOOLS:BAM_SORT_SAMTOOLS:SAMTOOLS_INDEX,1700961991000,1700961998000,2,165.4,,1073741824.0,,,0.012563383319666667,0.012563383319666667,0.0,798.32192,
1842,NFCORE_CHIPSEQ:CHIPSEQ:FILTER_BAM_BAMTOOLS:BAM_REMOVE_ORPHANS,1700962043000,1700962048000,2,66.7,,1073741824.0,,,0.0038782021501666667,0.0038782021501666667,0.0,798.32192,
1843,NFCORE_CHIPSEQ:CHIPSEQ:MARK_DUPLICATES_PICARD:BAM_STATS_SAMTOOLS:SAMTOOLS_IDXSTATS,1700962015000,1700962015000,2,66.0,,1073741824.0,,,0.0,0.0,0.0,798.32192,
1851,NFCORE_CHIPSEQ:CHIPSEQ:FILTER_BAM_BAMTOOLS:BAM_SORT_SAMTOOLS:BAM_STATS_SAMTOOLS:SAMTOOLS_IDXSTATS,1700962000000,1700962010000,1,0.9,,1073741824.0,,,0.0009622135294444446,0.0009622135294444446,0.0,798.32192,
1855,NFCORE_CHIPSEQ:CHIPSEQ:FILTER_BAM_BAMTOOLS:BAM_SORT_SAMTOOLS:BAM_STATS_SAMTOOLS:SAMTOOLS_IDXSTATS,1700962002000,1700962010000,1,4.5,,1073741824.0,,,0.0010671457387555555,0.0010671457387555555,0.0,798.32192,
1826,NFCORE_CHIPSEQ:CHIPSEQ:FILTER_BAM_BAMTOOLS:BAM_SORT_SAMTOOLS:SAMTOOLS_INDEX,1700961986000,1700962063000,2,27.0,,1073741824.0,,,0.028160237478022217,0.028160237478022217,0.0,798.32192,
1868,NFCORE_CHIPSEQ:CHIPSEQ:FILTER_BAM_BAMTOOLS:BAM_SORT_SAMTOOLS:BAM_STATS_SAMTOOLS:SAMTOOLS_IDXSTATS,1700962053000,1700962066000,1,0.7,,1073741824.0,,,0.0012240312417666668,0.0012240312417666668,0.0,798.32192,
1523,NFCORE_CHIPSEQ:CHIPSEQ:MARK_DUPLICATES_PICARD:SAMTOOLS_INDEX,1700961922000,1700962066000,2,15.3,,1073741824.0,,,0.03526686871839999,0.03526686871839999,0.0,798.32192,
1742,NFCORE_CHIPSEQ:CHIPSEQ:MARK_DUPLICATES_PICARD:BAM_STATS_SAMTOOLS:SAMTOOLS_STATS,1700961908000,1700962066000,2,35.6,,1073741824.0,,,0.07181365814284445,0.07181365814284445,0.0,798.32192,
1791,NFCORE_CHIPSEQ:CHIPSEQ:FILTER_BAM_BAMTOOLS:BAM_SORT_SAMTOOLS:BAM_STATS_SAMTOOLS:SAMTOOLS_FLAGSTAT,1700961985000,1700962072000,2,8.6,,1073741824.0,,,0.015288322139933334,0.015288322139933334,0.0,798.32192,
1793,NFCORE_CHIPSEQ:CHIPSEQ:BEDTOOLS_GENOMECOV,1700961985000,1700962072000,2,103.7,,4567597056.0,,,0.12532710294646668,0.12532710294646668,0.0,798.32192,
1806,NFCORE_CHIPSEQ:CHIPSEQ:MARK_DUPLICATES_PICARD:BAM_STATS_SAMTOOLS:SAMTOOLS_IDXSTATS,1700962070000,1700962075000,2,3.1,,1073741824.0,,,0.0005946874615000001,0.0005946874615000001,0.0,798.32192,
1810,NFCORE_CHIPSEQ:CHIPSEQ:FILTER_BAM_BAMTOOLS:BAM_REMOVE_ORPHANS,1700962052000,1700962072000,2,8.4,,1073741824.0,,,0.003473254742222222,0.003473254742222222,0.0,798.32192,
1834,NFCORE_CHIPSEQ:CHIPSEQ:MARK_DUPLICATES_PICARD:BAM_STATS_SAMTOOLS:SAMTOOLS_STATS,1700962000000,1700962075000,2,137.3,,1073741824.0,,,0.11284664947416667,0.11284664947416667,0.0,798.32192,
1877,NFCORE_CHIPSEQ:CHIPSEQ:FILTER_BAM_BAMTOOLS:BAM_SORT_SAMTOOLS:BAM_STATS_SAMTOOLS:SAMTOOLS_IDXSTATS,1700962068000,1700962075000,1,10.1,,1073741824.0,,,0.0013385128226555555,0.0013385128226555555,0.0,798.32192,
1501,NFCORE_CHIPSEQ:CHIPSEQ:FILTER_BAM_BAMTOOLS:BAM_SORT_SAMTOOLS:SAMTOOLS_SORT,1700961953000,1700962073000,5,200.2,,6309281792.0,,,0.30935494140833336,0.30935494140833336,0.0,798.32192,
1693,NFCORE_CHIPSEQ:CHIPSEQ:MARK_DUPLICATES_PICARD:BAM_STATS_SAMTOOLS:SAMTOOLS_FLAGSTAT,1700961980000,1700962074000,2,22.3,,1073741824.0,,,0.02981561896206667,0.02981561896206667,0.0,798.32192,
1713,NFCORE_CHIPSEQ:CHIPSEQ:MARK_DUPLICATES_PICARD:BAM_STATS_SAMTOOLS:SAMTOOLS_FLAGSTAT,1700961963000,1700962073000,2,11.2,,1073741824.0,,,0.022283160592,0.022283160592,0.0,798.32192,
1711,NFCORE_CHIPSEQ:CHIPSEQ:MARK_DUPLICATES_PICARD:BAM_STATS_SAMTOOLS:SAMTOOLS_STATS,1700961962000,1700962075000,2,82.4,,1073741824.0,,,0.10596586988044447,0.10596586988044447,0.0,798.32192,
1768,NFCORE_CHIPSEQ:CHIPSEQ:MARK_DUPLICATES_PICARD:BAM_STATS_SAMTOOLS:SAMTOOLS_STATS,1700961939000,1700962076000,2,50.9,,1073741824.0,,,0.08391212289227777,0.08391212289227777,0.0,798.32192,
1776,NFCORE_CHIPSEQ:CHIPSEQ:MARK_DUPLICATES_PICARD:BAM_STATS_SAMTOOLS:SAMTOOLS_STATS,1700961945000,1700962075000,2,37.8,,1073741824.0,,,0.06204028519577777,0.06204028519577777,0.0,798.32192,
1807,NFCORE_CHIPSEQ:CHIPSEQ:FILTER_BAM_BAMTOOLS:BAM_REMOVE_ORPHANS,1700962081000,1700962083000,2,63.2,,1073741824.0,,,0.0014790022348444445,0.0014790022348444445,0.0,798.32192,
1808,NFCORE_CHIPSEQ:CHIPSEQ:FILTER_BAM_BAMTOOLS:BAM_REMOVE_ORPHANS,1700962081000,1700962082000,2,68.1,,1073741824.0,,,0.0007900961550777777,0.0007900961550777777,0.0,798.32192,
1815,NFCORE_CHIPSEQ:CHIPSEQ:FILTER_BAM_BAMTOOLS:BAM_SORT_SAMTOOLS:SAMTOOLS_INDEX,1700961986000,1700962082000,2,19.5,,1073741824.0,,,0.02767449462506667,0.02767449462506667,0.0,798.32192,
1885,NFCORE_CHIPSEQ:CHIPSEQ:FILTER_BAM_BAMTOOLS:BAM_SORT_SAMTOOLS:BAM_STATS_SAMTOOLS:SAMTOOLS_IDXSTATS,1700962073000,1700962091000,1,0.7,,1073741824.0,,,0.0016948124885999998,0.0016948124885999998,0.0,798.32192,
1529,NFCORE_CHIPSEQ:CHIPSEQ:MARK_DUPLICATES_PICARD:BAM_STATS_SAMTOOLS:SAMTOOLS_STATS,1700961952000,1700962085000,2,44.1,,1073741824.0,,,0.07212373552401112,0.07212373552401112,0.0,798.32192,
1752,NFCORE_CHIPSEQ:CHIPSEQ:FILTER_BAM_BAMTOOLS:BAM_REMOVE_ORPHANS,1700962071000,1700962097000,2,98.0,,1073741824.0,,,0.02856955763884445,0.02856955763884445,0.0,798.32192,
1784,NFCORE_CHIPSEQ:CHIPSEQ:FILTER_BAM_BAMTOOLS:BAM_SORT_SAMTOOLS:BAM_STATS_SAMTOOLS:SAMTOOLS_STATS,1700962006000,1700962091000,2,51.4,,1073741824.0,,,0.05250110053833333,0.05250110053833333,0.0,798.32192,
1786,NFCORE_CHIPSEQ:CHIPSEQ:FILTER_BAM_BAMTOOLS:BAM_SORT_SAMTOOLS:BAM_STATS_SAMTOOLS:SAMTOOLS_FLAGSTAT,1700962006000,1700962091000,2,13.5,,1073741824.0,,,0.019237444659277778,0.019237444659277778,0.0,798.32192,
1789,NFCORE_CHIPSEQ:CHIPSEQ:FILTER_BAM_BAMTOOLS:BAM_SORT_SAMTOOLS:BAM_STATS_SAMTOOLS:SAMTOOLS_STATS,1700961982000,1700962093000,2,38.3,,1073741824.0,,,0.05354592514076666,0.05354592514076666,0.0,798.32192,
1788,NFCORE_CHIPSEQ:CHIPSEQ:FILTER_BAM_BAMTOOLS:BAM_SORT_SAMTOOLS:BAM_STATS_SAMTOOLS:SAMTOOLS_FLAGSTAT,1700961982000,1700962093000,2,10.4,,1073741824.0,,,0.02156882879066667,0.02156882879066667,0.0,798.32192,
1802,NFCORE_CHIPSEQ:CHIPSEQ:FILTER_BAM_BAMTOOLS:BAM_REMOVE_ORPHANS,1700962080000,1700962091000,2,20.3,,1073741824.0,,,0.003261900399877778,0.003261900399877778,0.0,798.32192,
1837,NFCORE_CHIPSEQ:CHIPSEQ:MARK_DUPLICATES_PICARD:BAM_STATS_SAMTOOLS:SAMTOOLS_IDXSTATS,1700962098000,1700962102000,2,10.1,,1073741824.0,,,0.0007648644700888889,0.0007648644700888889,0.0,798.32192,
1849,NFCORE_CHIPSEQ:CHIPSEQ:MARK_DUPLICATES_PICARD:BAM_STATS_SAMTOOLS:SAMTOOLS_IDXSTATS,1700962047000,1700962097000,2,24.3,,1073741824.0,,,0.01689192357722222,0.01689192357722222,0.0,798.32192,
1853,NFCORE_CHIPSEQ:CHIPSEQ:FILTER_BAM_BAMTOOLS:BAM_SORT_SAMTOOLS:BAM_STATS_SAMTOOLS:SAMTOOLS_FLAGSTAT,1700962078000,1700962091000,2,151.0,,1073741824.0,,,0.021399060644866665,0.021399060644866665,0.0,798.32192,
1854,NFCORE_CHIPSEQ:CHIPSEQ:FILTER_BAM_BAMTOOLS:BAM_SORT_SAMTOOLS:BAM_STATS_SAMTOOLS:SAMTOOLS_STATS,1700962005000,1700962104000,2,33.4,,1073741824.0,,,0.042748267749,0.042748267749,0.0,798.32192,
1862,NFCORE_CHIPSEQ:CHIPSEQ:FILTER_BAM_BAMTOOLS:BAM_REMOVE_ORPHANS,1700962040000,1700962097000,2,2.7,,1073741824.0,,,0.006544015253233335,0.006544015253233335,0.0,798.32192,
1867,NFCORE_CHIPSEQ:CHIPSEQ:FILTER_BAM_BAMTOOLS:BAM_SORT_SAMTOOLS:BAM_STATS_SAMTOOLS:SAMTOOLS_FLAGSTAT,1700962066000,1700962093000,2,134.7,,1073741824.0,,,0.03989994245489999,0.03989994245489999,0.0,798.32192,
1887,NFCORE_CHIPSEQ:CHIPSEQ:UCSC_BEDGRAPHTOBIGWIG,1700962077000,1700962104000,1,39.6,,1073741824.0,,,0.013387110171600002,0.013387110171600002,0.0,798.32192,
1894,NFCORE_CHIPSEQ:CHIPSEQ:FILTER_BAM_BAMTOOLS:BAM_REMOVE_ORPHANS,1700962085000,1700962093000,2,14.4,,1073741824.0,,,0.0018849267555555555,0.0018849267555555555,0.0,798.32192,
1794,NFCORE_CHIPSEQ:CHIPSEQ:PRESEQ_LCEXTRAP,1700961987000,1700962107000,2,98.1,,1073741824.0,,,0.1319834030093333,0.1319834030093333,0.0,798.32192,
1795,NFCORE_CHIPSEQ:CHIPSEQ:MARK_DUPLICATES_PICARD:SAMTOOLS_INDEX,1700961987000,1700962107000,2,23.0,,1073741824.0,,,0.03892983579466667,0.03892983579466667,0.0,798.32192,
1809,NFCORE_CHIPSEQ:CHIPSEQ:FILTER_BAM_BAMTOOLS:BAM_REMOVE_ORPHANS,1700962081000,1700962123000,2,32.3,,1073741824.0,,,0.017658589815533334,0.017658589815533334,0.0,798.32192,
1832,NFCORE_CHIPSEQ:CHIPSEQ:FILTER_BAM_BAMTOOLS:BAM_SORT_SAMTOOLS:SAMTOOLS_SORT,1700961988000,1700962107000,5,83.5,,6309281792.0,,,0.1633834189848972,0.1633834189848972,0.0,798.32192,
1838,NFCORE_CHIPSEQ:CHIPSEQ:PICARD_COLLECTMULTIPLEMETRICS,1700961991000,1700962126000,2,82.2,,2573205504.0,,,0.14270581232325,0.14270581232325,0.0,798.32192,
1846,NFCORE_CHIPSEQ:CHIPSEQ:MARK_DUPLICATES_PICARD:BAM_STATS_SAMTOOLS:SAMTOOLS_STATS,1700962015000,1700962127000,2,49.7,,1073741824.0,,,0.06721194210328889,0.06721194210328889,0.0,798.32192,
1856,NFCORE_CHIPSEQ:CHIPSEQ:FILTER_BAM_BAMTOOLS:BAM_SORT_SAMTOOLS:BAM_STATS_SAMTOOLS:SAMTOOLS_FLAGSTAT,1700962080000,1700962130000,2,19.3,,1073741824.0,,,0.014310544105,0.014310544105,0.0,798.32192,
1869,NFCORE_CHIPSEQ:CHIPSEQ:FILTER_BAM_BAMTOOLS:BAM_SORT_SAMTOOLS:BAM_STATS_SAMTOOLS:SAMTOOLS_STATS,1700962055000,1700962107000,2,138.6,,1073741824.0,,,0.0789383486447111,0.0789383486447111,0.0,798.32192,
1879,NFCORE_CHIPSEQ:CHIPSEQ:MARK_DUPLICATES_PICARD:BAM_STATS_SAMTOOLS:SAMTOOLS_IDXSTATS,1700962134000,1700962134000,2,30.6,,1073741824.0,,,0.0,0.0,0.0,798.32192,
1892,NFCORE_CHIPSEQ:CHIPSEQ:FILTER_BAM_BAMTOOLS:BAM_REMOVE_ORPHANS,1700962087000,1700962133000,2,124.7,,1073741824.0,,,0.06322794150908889,0.06322794150908889,0.0,798.32192,
1893,NFCORE_CHIPSEQ:CHIPSEQ:FILTER_BAM_BAMTOOLS:BAM_REMOVE_ORPHANS,1700962086000,1700962123000,2,124.7,,1073741824.0,,,0.0508572573007889,0.0508572573007889,0.0,798.32192,
1767,NFCORE_CHIPSEQ:CHIPSEQ:FILTER_BAM_BAMTOOLS:BAM_SORT_SAMTOOLS:SAMTOOLS_SORT,1700961935000,1700962138000,5,87.7,,6309281792.0,,,0.2875164277615972,0.2875164277615972,0.0,798.32192,
1780,NFCORE_CHIPSEQ:CHIPSEQ:FILTER_BAM_BAMTOOLS:BAM_SORT_SAMTOOLS:SAMTOOLS_SORT,1700961951000,1700962139000,5,73.6,,6309281792.0,,,0.23890048870318892,0.23890048870318892,0.0,798.32192,
1782,NFCORE_CHIPSEQ:CHIPSEQ:FILTER_BAM_BAMTOOLS:BAM_SORT_SAMTOOLS:SAMTOOLS_SORT,1700961951000,1700962139000,5,77.6,,6309281792.0,,,0.24666527815563338,0.24666527815563338,0.0,798.32192,
1783,NFCORE_CHIPSEQ:CHIPSEQ:FILTER_BAM_BAMTOOLS:BAM_SORT_SAMTOOLS:SAMTOOLS_SORT,1700962027000,1700962133000,5,146.6,,6309281792.0,,,0.21459806913984997,0.21459806913984997,0.0,798.32192,
1796,NFCORE_CHIPSEQ:CHIPSEQ:MARK_DUPLICATES_PICARD:SAMTOOLS_INDEX,1700961987000,1700962126000,2,14.8,,1073741824.0,,,0.033324701172399995,0.033324701172399995,0.0,798.32192,
1825,NFCORE_CHIPSEQ:CHIPSEQ:PICARD_COLLECTMULTIPLEMETRICS,1700961986000,1700962138000,2,81.6,,2573205504.0,,,0.1597344866436,0.1597344866436,0.0,798.32192,
1841,NFCORE_CHIPSEQ:CHIPSEQ:FILTER_BAM_BAMTOOLS:BAM_REMOVE_ORPHANS,1700962098000,1700962138000,2,123.1,,1073741824.0,,,0.05431998555866667,0.05431998555866667,0.0,798.32192,
1845,NFCORE_CHIPSEQ:CHIPSEQ:MARK_DUPLICATES_PICARD:BAM_STATS_SAMTOOLS:SAMTOOLS_FLAGSTAT,1700962025000,1700962138000,2,14.2,,1073741824.0,,,0.026391233717933334,0.026391233717933334,0.0,798.32192,
1850,NFCORE_CHIPSEQ:CHIPSEQ:MARK_DUPLICATES_PICARD:BAM_STATS_SAMTOOLS:SAMTOOLS_FLAGSTAT,1700962078000,1700962142000,2,18.4,,1073741824.0,,,0.017722746624,0.017722746624,0.0,798.32192,
1852,NFCORE_CHIPSEQ:CHIPSEQ:FILTER_BAM_BAMTOOLS:BAM_SORT_SAMTOOLS:BAM_STATS_SAMTOOLS:SAMTOOLS_STATS,1700962077000,1700962138000,2,62.2,,1073741824.0,,,0.04447971157153334,0.04447971157153334,0.0,798.32192,
1895,NFCORE_CHIPSEQ:CHIPSEQ:FILTER_BAM_BAMTOOLS:BAM_REMOVE_ORPHANS,1700962089000,1700962139000,2,1.6,,1073741824.0,,,0.005172460773333333,0.005172460773333333,0.0,798.32192,
1900,NFCORE_CHIPSEQ:CHIPSEQ:FILTER_BAM_BAMTOOLS:BAM_SORT_SAMTOOLS:BAM_STATS_SAMTOOLS:SAMTOOLS_IDXSTATS,1700962094000,1700962137000,1,0.7,,1073741824.0,,,0.0040487187227666675,0.0040487187227666675,0.0,798.32192,
1904,NFCORE_CHIPSEQ:CHIPSEQ:MARK_DUPLICATES_PICARD:SAMTOOLS_INDEX,1700962101000,1700962137000,2,167.2,,1073741824.0,,,0.0652807792032,0.0652807792032,0.0,798.32192,
1905,NFCORE_CHIPSEQ:CHIPSEQ:MARK_DUPLICATES_PICARD:BAM_STATS_SAMTOOLS:SAMTOOLS_IDXSTATS,1700962128000,1700962138000,2,30.1,,1073741824.0,,,0.003977264753000001,0.003977264753000001,0.0,798.32192,
1909,NFCORE_CHIPSEQ:CHIPSEQ:FILTER_BAM_BAMTOOLS:BAM_REMOVE_ORPHANS,1700962138000,1700962138000,2,103.2,,1073741824.0,,,0.0,0.0,0.0,798.32192,
1919,NFCORE_CHIPSEQ:CHIPSEQ:FILTER_BAM_BAMTOOLS:BAM_REMOVE_ORPHANS,1700962111000,1700962119000,2,10.3,,1073741824.0,,,0.0015462497688,0.0015462497688,0.0,798.32192,
1922,NFCORE_CHIPSEQ:CHIPSEQ:MARK_DUPLICATES_PICARD:BAM_STATS_SAMTOOLS:SAMTOOLS_IDXSTATS,1700962129000,1700962138000,2,8.8,,1073741824.0,,,0.0016001364983999997,0.0016001364983999997,0.0,798.32192,
1531,NFCORE_CHIPSEQ:CHIPSEQ:MARK_DUPLICATES_PICARD:BAM_STATS_SAMTOOLS:SAMTOOLS_FLAGSTAT,1700961933000,1700962140000,2,7.0,,1073741824.0,,,0.032955851497800004,0.032955851497800004,0.0,798.32192,
1684,NFCORE_CHIPSEQ:CHIPSEQ:BEDTOOLS_GENOMECOV,1700961906000,1700962138000,2,92.7,,4567597056.0,,,0.3078548862048,0.3078548862048,0.0,798.32192,
1774,NFCORE_CHIPSEQ:CHIPSEQ:FILTER_BAM_BAMTOOLS:BAM_SORT_SAMTOOLS:BAM_STATS_SAMTOOLS:SAMTOOLS_STATS,1700961938000,1700962154000,2,21.3,,1073741824.0,,,0.0662821742616,0.0662821742616,0.0,798.32192,
1797,NFCORE_CHIPSEQ:CHIPSEQ:PRESEQ_LCEXTRAP,1700961987000,1700962157000,2,82.8,,1073741824.0,,,0.16011981556755556,0.16011981556755556,0.0,798.32192,
1799,NFCORE_CHIPSEQ:CHIPSEQ:PRESEQ_LCEXTRAP,1700961987000,1700962167000,2,57.9,,1073741824.0,,,0.12325965707000001,0.12325965707000001,0.0,798.32192,
1800,NFCORE_CHIPSEQ:CHIPSEQ:MARK_DUPLICATES_PICARD:SAMTOOLS_INDEX,1700962079000,1700962151000,2,27.1,,1073741824.0,,,0.026405994357600004,0.026405994357600004,0.0,798.32192,
1819,NFCORE_CHIPSEQ:CHIPSEQ:PICARD_COLLECTMULTIPLEMETRICS,1700961986000,1700962148000,2,63.5,,2573205504.0,,,0.1399668508953,0.1399668508953,0.0,798.32192,
1876,NFCORE_CHIPSEQ:CHIPSEQ:FILTER_BAM_BAMTOOLS:BAM_SORT_SAMTOOLS:BAM_STATS_SAMTOOLS:SAMTOOLS_FLAGSTAT,1700962082000,1700962161000,2,17.9,,1073741824.0,,,0.02146865740738889,0.02146865740738889,0.0,798.32192,
1884,NFCORE_CHIPSEQ:CHIPSEQ:FILTER_BAM_BAMTOOLS:BAM_SORT_SAMTOOLS:BAM_STATS_SAMTOOLS:SAMTOOLS_FLAGSTAT,1700962154000,1700962166000,2,155.5,,1073741824.0,,,0.020310557022799998,0.020310557022799998,0.0,798.32192,
1924,NFCORE_CHIPSEQ:CHIPSEQ:MARK_DUPLICATES_PICARD:BAM_STATS_SAMTOOLS:SAMTOOLS_FLAGSTAT,1700962127000,1700962171000,2,25.9,,1073741824.0,,,0.015591809207333333,0.015591809207333333,0.0,798.32192,
1921,NFCORE_CHIPSEQ:CHIPSEQ:MARK_DUPLICATES_PICARD:BAM_STATS_SAMTOOLS:SAMTOOLS_STATS,1700962129000,1700962163000,2,138.1,,1073741824.0,,,0.051438001848199986,0.051438001848199986,0.0,798.32192,
1935,NFCORE_CHIPSEQ:CHIPSEQ:FILTER_BAM_BAMTOOLS:BAM_SORT_SAMTOOLS:SAMTOOLS_INDEX,1700962144000,1700962155000,2,127.6,,1073741824.0,,,0.015449109164133331,0.015449109164133331,0.0,798.32192,
1943,NFCORE_CHIPSEQ:CHIPSEQ:FILTER_BAM_BAMTOOLS:BAM_SORT_SAMTOOLS:SAMTOOLS_INDEX,1700962152000,1700962167000,2,170.8,,1073741824.0,,,0.027757902634000003,0.027757902634000003,0.0,798.32192,
1950,NFCORE_CHIPSEQ:CHIPSEQ:MARK_DUPLICATES_PICARD:BAM_STATS_SAMTOOLS:SAMTOOLS_IDXSTATS,1700962160000,1700962161000,2,4.9,,1073741824.0,,,0.0001375234245,0.0001375234245,0.0,798.32192,
1723,NFCORE_CHIPSEQ:CHIPSEQ:FILTER_BAM_BAMTOOLS:BAM_REMOVE_ORPHANS,1700962165000,1700962171000,2,0.8,,1073741824.0,,,0.0005711328069333333,0.0005711328069333333,0.0,798.32192,
1874,NFCORE_CHIPSEQ:CHIPSEQ:UCSC_BEDGRAPHTOBIGWIG,1700962066000,1700962177000,1,33.8,,1073741824.0,,,0.048388328955266666,0.048388328955266666,0.0,798.32192,
1920,NFCORE_CHIPSEQ:CHIPSEQ:UCSC_BEDGRAPHTOBIGWIG,1700962110000,1700962176000,1,99.1,,1073741824.0,,,0.07327235583579998,0.07327235583579998,0.0,798.32192,
1926,NFCORE_CHIPSEQ:CHIPSEQ:FILTER_BAM_BAMTOOLS:BAM_SORT_SAMTOOLS:SAMTOOLS_INDEX,1700962143000,1700962179000,2,24.6,,1073741824.0,,,0.0122737005688,0.0122737005688,0.0,798.32192,
1967,NFCORE_CHIPSEQ:CHIPSEQ:FILTER_BAM_BAMTOOLS:BAM_SORT_SAMTOOLS:BAM_STATS_SAMTOOLS:SAMTOOLS_IDXSTATS,1700962178000,1700962181000,1,5.3,,1073741824.0,,,0.00042496089496666664,0.00042496089496666664,0.0,798.32192,
1971,NFCORE_CHIPSEQ:CHIPSEQ:FILTER_BAM_BAMTOOLS:BAM_SORT_SAMTOOLS:BAM_STATS_SAMTOOLS:SAMTOOLS_IDXSTATS,1700962181000,1700962184000,1,4.0,,1073741824.0,,,0.0003846913752,0.0003846913752,0.0,798.32192,
1691,NFCORE_CHIPSEQ:CHIPSEQ:FILTER_BAM_BAMTOOLS:BAM_FILTER,1700961964000,1700962192000,2,98.9,,1073741824.0,,,0.2526518401806667,0.2526518401806667,0.0,798.32192,
1811,NFCORE_CHIPSEQ:CHIPSEQ:FILTER_BAM_BAMTOOLS:BAM_REMOVE_ORPHANS,1700962185000,1700962187000,2,2.2,,1073741824.0,,,0.0002192890524,0.0002192890524,0.0,798.32192,
1860,NFCORE_CHIPSEQ:CHIPSEQ:MARK_DUPLICATES_PICARD:SAMTOOLS_INDEX,1700962019000,1700962184000,2,11.8,,1073741824.0,,,0.034446967158999996,0.034446967158999996,0.0,798.32192,
1875,NFCORE_CHIPSEQ:CHIPSEQ:FILTER_BAM_BAMTOOLS:BAM_SORT_SAMTOOLS:BAM_STATS_SAMTOOLS:SAMTOOLS_STATS,1700962077000,1700962190000,2,40.2,,1073741824.0,,,0.05672760527548888,0.05672760527548888,0.0,798.32192,
1908,NFCORE_CHIPSEQ:CHIPSEQ:MARK_DUPLICATES_PICARD:BAM_STATS_SAMTOOLS:SAMTOOLS_FLAGSTAT,1700962105000,1700962182000,2,25.7,,1073741824.0,,,0.027126653137344442,0.027126653137344442,0.0,798.32192,
1952,NFCORE_CHIPSEQ:CHIPSEQ:MARK_DUPLICATES_PICARD:BAM_STATS_SAMTOOLS:SAMTOOLS_FLAGSTAT,1700962165000,1700962188000,2,66.7,,1073741824.0,,,0.01783972989076667,0.01783972989076667,0.0,798.32192,
1962,NFCORE_CHIPSEQ:CHIPSEQ:MARK_DUPLICATES_PICARD:BAM_STATS_SAMTOOLS:SAMTOOLS_IDXSTATS,1700962187000,1700962188000,2,85.3,,1073741824.0,,,0.0009676950627666667,0.0009676950627666667,0.0,798.32192,
1973,NFCORE_CHIPSEQ:CHIPSEQ:FILTER_BAM_BAMTOOLS:BAM_REMOVE_ORPHANS,1700962197000,1700962200000,2,0.6,,1073741824.0,,,0.002712968448638055,0.002712968448638055,0.0,800.363084,
1978,NFCORE_CHIPSEQ:CHIPSEQ:FILTER_BAM_BAMTOOLS:BAM_SORT_SAMTOOLS:BAM_STATS_SAMTOOLS:SAMTOOLS_STATS,1700962194000,1700962200000,2,133.3,,1073741824.0,,,0.06761203182440834,0.06761203182440834,0.0,800.363084,
1977,NFCORE_CHIPSEQ:CHIPSEQ:FILTER_BAM_BAMTOOLS:BAM_SORT_SAMTOOLS:BAM_STATS_SAMTOOLS:SAMTOOLS_IDXSTATS,1700962190000,1700962200000,1,0.5,,1073741824.0,,,0.003975459649774098,0.003975459649774098,0.0,800.363084,
1530,NFCORE_CHIPSEQ:CHIPSEQ:FILTER_BAM_BAMTOOLS:BAM_FILTER,1700961922000,1700962200000,2,112.2,,1073741824.0,,,0.3963083265268833,0.3963083265268833,0.0,800.363084,
1689,NFCORE_CHIPSEQ:CHIPSEQ:FILTER_BAM_BAMTOOLS:BAM_SORT_SAMTOOLS:SAMTOOLS_SORT,1700962143000,1700962200000,5,109.7,,6309281792.0,,,0.18123025781301796,0.18123025781301796,0.0,800.363084,
1710,NFCORE_CHIPSEQ:CHIPSEQ:FILTER_BAM_BAMTOOLS:BAM_FILTER,1700961953000,1700962200000,2,146.1,,1073741824.0,,,0.4486091177589459,0.4486091177589459,0.0,800.363084,
1734,NFCORE_CHIPSEQ:CHIPSEQ:PICARD_COLLECTMULTIPLEMETRICS,1700961907000,1700962200000,2,22.5,,2573205504.0,,,0.14372517462735554,0.14372517462735554,0.0,800.363084,
1745,NFCORE_CHIPSEQ:CHIPSEQ:MARK_DUPLICATES_PICARD:SAMTOOLS_INDEX,1700962134000,1700962200000,2,35.2,,1073741824.0,,,0.04738041615782,0.04738041615782,0.0,800.363084,
1761,NFCORE_CHIPSEQ:CHIPSEQ:FILTER_BAM_BAMTOOLS:BAM_FILTER,1700961907000,1700962200000,2,71.1,,1073741824.0,,,0.27110934457430974,0.27110934457430974,0.0,800.363084,
1764,NFCORE_CHIPSEQ:CHIPSEQ:BEDTOOLS_GENOMECOV,1700961917000,1700962200000,2,105.3,,4567597056.0,,,0.4709291395599501,0.4709291395599501,0.0,800.363084,
1769,NFCORE_CHIPSEQ:CHIPSEQ:FILTER_BAM_BAMTOOLS:BAM_FILTER,1700961993000,1700962200000,2,128.3,,1073741824.0,,,0.37877389672885287,0.37877389672885287,0.0,800.363084,
1775,NFCORE_CHIPSEQ:CHIPSEQ:BEDTOOLS_GENOMECOV,1700961940000,1700962200000,2,95.9,,4567597056.0,,,0.3905084542909531,0.3905084542909531,0.0,800.363084,
1779,NFCORE_CHIPSEQ:CHIPSEQ:FILTER_BAM_BAMTOOLS:BAM_FILTER,1700961943000,1700962200000,2,92.4,,1073741824.0,,,0.30625279760707924,0.30625279760707924,0.0,800.363084,
1812,NFCORE_CHIPSEQ:CHIPSEQ:FILTER_BAM_BAMTOOLS:BAM_SORT_SAMTOOLS:SAMTOOLS_INDEX,1700961986000,1700962200000,2,4.6,,1073741824.0,,,0.036603678665339166,0.036603678665339166,0.0,800.363084,
1818,NFCORE_CHIPSEQ:CHIPSEQ:FILTER_BAM_BAMTOOLS:BAM_SORT_SAMTOOLS:SAMTOOLS_INDEX,1700961986000,1700962200000,2,4.3,,1073741824.0,,,0.03351620314344313,0.03351620314344313,0.0,800.363084,
1828,NFCORE_CHIPSEQ:CHIPSEQ:FILTER_BAM_BAMTOOLS:BAM_SORT_SAMTOOLS:SAMTOOLS_INDEX,1700961995000,1700962200000,2,4.1,,1073741824.0,,,0.03182580167167104,0.03182580167167104,0.0,800.363084,
1836,NFCORE_CHIPSEQ:CHIPSEQ:FILTER_BAM_BAMTOOLS:BAM_FILTER,1700962008000,1700962200000,2,92.5,,1073741824.0,,,0.2555819201290477,0.2555819201290477,0.0,800.363084,
1835,NFCORE_CHIPSEQ:CHIPSEQ:MARK_DUPLICATES_PICARD:BAM_STATS_SAMTOOLS:SAMTOOLS_FLAGSTAT,1700962098000,1700962200000,2,6.6,,1073741824.0,,,0.02174088693032806,0.02174088693032806,0.0,800.363084,
1844,NFCORE_CHIPSEQ:CHIPSEQ:FILTER_BAM_BAMTOOLS:BAM_FILTER,1700962015000,1700962200000,2,134.5,,1073741824.0,,,0.32788695166629184,0.32788695166629184,0.0,800.363084,
1848,NFCORE_CHIPSEQ:CHIPSEQ:MARK_DUPLICATES_PICARD:BAM_STATS_SAMTOOLS:SAMTOOLS_STATS,1700962056000,1700962200000,2,22.5,,1073741824.0,,,0.05656157332998104,0.05656157332998104,0.0,800.363084,
1847,NFCORE_CHIPSEQ:CHIPSEQ:FILTER_BAM_BAMTOOLS:BAM_FILTER,1700962078000,1700962200000,2,104.4,,1073741824.0,,,0.21588409120953478,0.21588409120953478,0.0,800.363084,
1872,NFCORE_CHIPSEQ:CHIPSEQ:FILTER_BAM_BAMTOOLS:BAM_SORT_SAMTOOLS:SAMTOOLS_INDEX,1700962070000,1700962200000,2,7.8,,1073741824.0,,,0.030355278917961526,0.030355278917961526,0.0,800.363084,
1880,NFCORE_CHIPSEQ:CHIPSEQ:MARK_DUPLICATES_PICARD:BAM_STATS_SAMTOOLS:SAMTOOLS_STATS,1700962124000,1700962200000,2,45.2,,1073741824.0,,,0.07156984111879416,0.07156984111879416,0.0,800.363084,
1882,NFCORE_CHIPSEQ:CHIPSEQ:FILTER_BAM_BAMTOOLS:BAM_REMOVE_ORPHANS,1700962134000,1700962200000,2,78.0,,1073741824.0,,,0.07503691159083833,0.07503691159083833,0.0,800.363084,
1889,NFCORE_CHIPSEQ:CHIPSEQ:FILTER_BAM_BAMTOOLS:BAM_SORT_SAMTOOLS:SAMTOOLS_INDEX,1700962088000,1700962200000,2,11.9,,1073741824.0,,,0.03045670130561285,0.03045670130561285,0.0,800.363084,
1896,NFCORE_CHIPSEQ:CHIPSEQ:FILTER_BAM_BAMTOOLS:BAM_SORT_SAMTOOLS:SAMTOOLS_SORT,1700962110000,1700962200000,5,138.4,,6309281792.0,,,0.27792298100846996,0.27792298100846996,0.0,800.363084,
1903,NFCORE_CHIPSEQ:CHIPSEQ:PRESEQ_LCEXTRAP,1700962099000,1700962200000,2,87.6,,1073741824.0,,,0.13999636461476667,0.13999636461476667,0.0,800.363084,
1927,NFCORE_CHIPSEQ:CHIPSEQ:PICARD_COLLECTMULTIPLEMETRICS,1700962137000,1700962200000,2,75.7,,2573205504.0,,,0.12306436524132985,0.12306436524132985,0.0,800.363084,
1930,NFCORE_CHIPSEQ:CHIPSEQ:FILTER_BAM_BAMTOOLS:BAM_SORT_SAMTOOLS:SAMTOOLS_SORT,1700962137000,1700962200000,5,186.9,,6309281792.0,,,0.30339923835839977,0.30339923835839977,0.0,800.363084,
1934,NFCORE_CHIPSEQ:CHIPSEQ:PICARD_COLLECTMULTIPLEMETRICS,1700962142000,1700962200000,2,113.3,,2573205504.0,,,0.16443614560293152,0.16443614560293152,0.0,800.363084,
1951,NFCORE_CHIPSEQ:CHIPSEQ:MARK_DUPLICATES_PICARD:BAM_STATS_SAMTOOLS:SAMTOOLS_STATS,1700962160000,1700962200000,2,139.1,,1073741824.0,,,0.10073424047979292,0.10073424047979292,0.0,800.363084,
1957,NFCORE_CHIPSEQ:CHIPSEQ:MARK_DUPLICATES_PICARD:SAMTOOLS_INDEX,1700962167000,1700962200000,2,14.1,,1073741824.0,,,0.025201140430415627,0.025201140430415627,0.0,800.363084,
1960,NFCORE_CHIPSEQ:CHIPSEQ:MARK_DUPLICATES_PICARD:BAM_STATS_SAMTOOLS:SAMTOOLS_FLAGSTAT,1700962173000,1700962200000,2,53.3,,1073741824.0,,,0.05627929458652993,0.05627929458652993,0.0,800.363084,
1527,NFCORE_CHIPSEQ:CHIPSEQ:MARK_DUPLICATES_PICARD:BAM_STATS_SAMTOOLS:SAMTOOLS_FLAGSTAT,1700961922000,1700962200000,2,5.5,,1073741824.0,,,0.04905438901165604,0.04905438901165604,0.0,800.363084,
1572,NFCORE_CHIPSEQ:CHIPSEQ:FILTER_BAM_BAMTOOLS:BAM_SORT_SAMTOOLS:SAMTOOLS_SORT,1700962101000,1700962200000,5,61.5,,6309281792.0,,,0.18599011187783768,0.18599011187783768,0.0,800.363084,
1577,NFCORE_CHIPSEQ:CHIPSEQ:FILTER_BAM_BAMTOOLS:BAM_SORT_SAMTOOLS:SAMTOOLS_SORT,1700962111000,1700962200000,5,129.3,,6309281792.0,,,0.262615040057741,0.262615040057741,0.0,800.363084,
1627,NFCORE_CHIPSEQ:CHIPSEQ:FILTER_BAM_BAMTOOLS:BAM_SORT_SAMTOOLS:SAMTOOLS_SORT,1700962143000,1700962200000,5,116.7,,6309281792.0,,,0.2029969034297902,0.2029969034297902,0.0,800.363084,
1798,NFCORE_CHIPSEQ:CHIPSEQ:MARK_DUPLICATES_PICARD:SAMTOOLS_INDEX,1700962009000,1700962200000,2,5.5,,1073741824.0,,,0.037995395652195625,0.037995395652195625,0.0,800.363084,
1804,NFCORE_CHIPSEQ:CHIPSEQ:FILTER_BAM_BAMTOOLS:BAM_FILTER,1700962070000,1700962200000,2,105.7,,1073741824.0,,,0.26451358511675127,0.26451358511675127,0.0,800.363084,
1805,NFCORE_CHIPSEQ:CHIPSEQ:MARK_DUPLICATES_PICARD:BAM_STATS_SAMTOOLS:SAMTOOLS_STATS,1700962070000,1700962200000,2,24.4,,1073741824.0,,,0.06789550508979166,0.06789550508979166,0.0,800.363084,
1881,NFCORE_CHIPSEQ:CHIPSEQ:MARK_DUPLICATES_PICARD:BAM_STATS_SAMTOOLS:SAMTOOLS_FLAGSTAT,1700962100000,1700962200000,2,8.4,,1073741824.0,,,0.03045758260100694,0.03045758260100694,0.0,800.363084,
1899,NFCORE_CHIPSEQ:CHIPSEQ:FILTER_BAM_BAMTOOLS:BAM_SORT_SAMTOOLS:BAM_STATS_SAMTOOLS:SAMTOOLS_STATS,1700962096000,1700962200000,2,22.6,,1073741824.0,,,0.0635704032643425,0.0635704032643425,0.0,800.363084,
1898,NFCORE_CHIPSEQ:CHIPSEQ:FILTER_BAM_BAMTOOLS:BAM_SORT_SAMTOOLS:BAM_STATS_SAMTOOLS:SAMTOOLS_FLAGSTAT,1700962095000,1700962200000,2,5.9,,1073741824.0,,,0.02949300783383264,0.02949300783383264,0.0,800.363084,
1629,NFCORE_CHIPSEQ:CHIPSEQ:FILTER_BAM_BAMTOOLS:BAM_SORT_SAMTOOLS:SAMTOOLS_SORT,1700962144000,1700962200000,5,87.0,,6309281792.0,,,0.2531168480626529,0.2531168480626529,0.0,800.363084,
1803,NFCORE_CHIPSEQ:CHIPSEQ:MARK_DUPLICATES_PICARD:BAM_STATS_SAMTOOLS:SAMTOOLS_FLAGSTAT,1700962020000,1700962200000,2,4.8,,1073741824.0,,,0.039247562689918886,0.039247562689918886,0.0,800.363084,
1886,NFCORE_CHIPSEQ:CHIPSEQ:BEDTOOLS_GENOMECOV,1700962078000,1700962200000,2,121.2,,4567597056.0,,,0.42103642358573773,0.42103642358573773,0.0,800.363084,
1888,NFCORE_CHIPSEQ:CHIPSEQ:FILTER_BAM_BAMTOOLS:BAM_SORT_SAMTOOLS:SAMTOOLS_SORT,1700962097000,1700962200000,5,63.8,,6309281792.0,,,0.26505555323676516,0.26505555323676516,0.0,800.363084,
1915,NFCORE_CHIPSEQ:CHIPSEQ:FILTER_BAM_BAMTOOLS:BAM_SORT_SAMTOOLS:SAMTOOLS_SORT,1700962142000,1700962200000,5,62.2,,6309281792.0,,,0.22101414365574543,0.22101414365574543,0.0,800.363084,
1933,NFCORE_CHIPSEQ:CHIPSEQ:FILTER_BAM_BAMTOOLS:BAM_SORT_SAMTOOLS:SAMTOOLS_INDEX,1700962142000,1700962200000,2,10.4,,1073741824.0,,,0.03529301183981389,0.03529301183981389,0.0,800.363084,
1956,NFCORE_CHIPSEQ:CHIPSEQ:PRESEQ_LCEXTRAP,1700962171000,1700962200000,2,66.3,,1073741824.0,,,0.12395845983815629,0.12395845983815629,0.0,800.363084,
1963,NFCORE_CHIPSEQ:CHIPSEQ:MARK_DUPLICATES_PICARD:BAM_STATS_SAMTOOLS:SAMTOOLS_STATS,1700962171000,1700962200000,2,43.1,,1073741824.0,,,0.07851884497337043,0.07851884497337043,0.0,800.363084,
1968,NFCORE_CHIPSEQ:CHIPSEQ:FILTER_BAM_BAMTOOLS:BAM_SORT_SAMTOOLS:BAM_STATS_SAMTOOLS:SAMTOOLS_STATS,1700962194000,1700962200000,2,42.8,,1073741824.0,,,0.07227660721031388,0.07227660721031388,0.0,800.363084,
1628,NFCORE_CHIPSEQ:CHIPSEQ:FILTER_BAM_BAMTOOLS:BAM_SORT_SAMTOOLS:SAMTOOLS_SORT,1700962143000,1700962200000,5,120.2,,6309281792.0,,,0.3727948725986393,0.3727948725986393,0.0,800.363084,
1730,NFCORE_CHIPSEQ:CHIPSEQ:PICARD_COLLECTMULTIPLEMETRICS,1700962021000,1700962200000,2,33.8,,2573205504.0,,,0.1933104017148104,0.1933104017148104,0.0,800.363084,
1766,NFCORE_CHIPSEQ:CHIPSEQ:BEDTOOLS_GENOMECOV,1700961935000,1700962200000,2,79.6,,4567597056.0,,,0.5014570563057864,0.5014570563057864,0.0,800.363084,
1801,NFCORE_CHIPSEQ:CHIPSEQ:PRESEQ_LCEXTRAP,1700962080000,1700962200000,2,42.9,,1073741824.0,,,0.14827101531635312,0.14827101531635312,0.0,800.363084,
1816,NFCORE_CHIPSEQ:CHIPSEQ:PICARD_COLLECTMULTIPLEMETRICS,1700961986000,1700962200000,2,31.3,,2573205504.0,,,0.202959677422767,0.202959677422767,0.0,800.363084,
1878,NFCORE_CHIPSEQ:CHIPSEQ:FILTER_BAM_BAMTOOLS:BAM_FILTER,1700962113000,1700962200000,2,141.6,,1073741824.0,,,0.36674937483447717,0.36674937483447717,0.0,800.363084,
1883,NFCORE_CHIPSEQ:CHIPSEQ:FILTER_BAM_BAMTOOLS:BAM_SORT_SAMTOOLS:BAM_STATS_SAMTOOLS:SAMTOOLS_STATS,1700962174000,1700962200000,2,27.9,,1073741824.0,,,0.06968182112173159,0.06968182112173159,0.0,800.363084,
1959,NFCORE_CHIPSEQ:CHIPSEQ:UCSC_BEDGRAPHTOBIGWIG,1700962165000,1700962200000,1,55.7,,1073741824.0,,,0.1263161068912212,0.1263161068912212,0.0,800.363084,
1863,NFCORE_CHIPSEQ:CHIPSEQ:BEDTOOLS_GENOMECOV,1700962047000,1700962200000,2,120.4,,4567597056.0,,,0.5661670382735097,0.5661670382735097,0.0,800.363084,
1871,NFCORE_CHIPSEQ:CHIPSEQ:PICARD_COLLECTMULTIPLEMETRICS,1700962083000,1700962200000,2,38.7,,2573205504.0,,,0.19516548267194364,0.19516548267194364,0.0,800.363084,
1906,NFCORE_CHIPSEQ:CHIPSEQ:MARK_DUPLICATES_PICARD:BAM_STATS_SAMTOOLS:SAMTOOLS_STATS,1700962101000,1700962200000,2,25.1,,1073741824.0,,,0.10279392551132507,0.10279392551132507,0.0,800.363084,
1911,NFCORE_CHIPSEQ:CHIPSEQ:BEDTOOLS_GENOMECOV,1700962108000,1700962200000,2,120.7,,4567597056.0,,,0.49791185622215134,0.49791185622215134,0.0,800.363084,
1923,NFCORE_CHIPSEQ:CHIPSEQ:FILTER_BAM_BAMTOOLS:BAM_FILTER,1700962142000,1700962200000,2,92.6,,1073741824.0,,,0.2691307788650765,0.2691307788650765,0.0,800.363084,
1929,NFCORE_CHIPSEQ:CHIPSEQ:BEDTOOLS_GENOMECOV,1700962172000,1700962200000,2,106.7,,4567597056.0,,,0.35180148574382786,0.35180148574382786,0.0,800.363084,
1936,NFCORE_CHIPSEQ:CHIPSEQ:PICARD_COLLECTMULTIPLEMETRICS,1700962143000,1700962200000,2,48.0,,2573205504.0,,,0.180926875600378,0.180926875600378,0.0,800.363084,
1953,NFCORE_CHIPSEQ:CHIPSEQ:FILTER_BAM_BAMTOOLS:BAM_FILTER,1700962160000,1700962200000,2,101.9,,1073741824.0,,,0.3100412970765191,0.3100412970765191,0.0,800.363084,
1890,NFCORE_CHIPSEQ:CHIPSEQ:PICARD_COLLECTMULTIPLEMETRICS,1700962110000,1700962200000,2,38.0,,2573205504.0,,,0.20198445896181544,0.20198445896181544,0.0,800.363084,
1961,NFCORE_CHIPSEQ:CHIPSEQ:FILTER_BAM_BAMTOOLS:BAM_FILTER,1700962169000,1700962200000,2,110.5,,1073741824.0,,,0.34660912602332705,0.34660912602332705,0.0,800.363084,
1813,NFCORE_CHIPSEQ:CHIPSEQ:PICARD_COLLECTMULTIPLEMETRICS,1700962196000,1700962200000,2,35.9,,2573205504.0,,,0.17516096185239705,0.17516096185239705,0.0,800.363084,
1902,NFCORE_CHIPSEQ:CHIPSEQ:MACS2_CALLPEAK,1700962094000,1700962200000,1,65.5,,1892679680.0,,,0.08793226626402777,0.08793226626402777,0.0,798.32192,
1861,NFCORE_CHIPSEQ:CHIPSEQ:PRESEQ_LCEXTRAP,1700962016000,1700962200000,2,26.8,,1073741824.0,,,0.18314478583976165,0.18314478583976165,0.0,801.383666,
1916,NFCORE_CHIPSEQ:CHIPSEQ:BEDTOOLS_GENOMECOV,1700962133000,1700962200000,2,103.0,,4567597056.0,,,0.561359695262346,0.561359695262346,0.0,801.383666,
1912,NFCORE_CHIPSEQ:CHIPSEQ:BEDTOOLS_GENOMECOV,1700962195000,1700962200000,2,116.3,,4567597056.0,,,0.5667040356325522,0.5667040356325522,0.0,801.383666,
1965,NFCORE_CHIPSEQ:CHIPSEQ:BEDTOOLS_GENOMECOV,1700962183000,1700962200000,2,120.8,,4567597056.0,,,0.632131102177433,0.632131102177433,0.0,801.383666,
1907,NFCORE_CHIPSEQ:CHIPSEQ:FILTER_BAM_BAMTOOLS:BAM_FILTER,1700962101000,1700962200000,2,98.0,,1073741824.0,,,0.5593989311176466,0.5593989311176466,0.0,801.383666,
1942,NFCORE_CHIPSEQ:CHIPSEQ:PICARD_COLLECTMULTIPLEMETRICS,1700962143000,1700962200000,2,20.8,,2573205504.0,,,0.21505663802647895,0.21505663802647895,0.0,801.383666,
1928,NFCORE_CHIPSEQ:CHIPSEQ:PHANTOMPEAKQUALTOOLS,1700962135000,1700962200000,1,19.4,,4294967296.0,,,0.2934107728950594,0.2934107728950594,0.0,801.383666,
1964,NFCORE_CHIPSEQ:CHIPSEQ:BEDTOOLS_GENOMECOV,1700962188000,1700962200000,2,86.0,,4567597056.0,,,0.653520202229412,0.653520202229412,0.0,801.383666,
1749,NFCORE_CHIPSEQ:CHIPSEQ:PICARD_COLLECTMULTIPLEMETRICS,1700962032000,1700962200000,2,13.5,,2573205504.0,,,0.24120240095227946,0.24120240095227946,0.0,801.383666,
1822,NFCORE_CHIPSEQ:CHIPSEQ:PICARD_COLLECTMULTIPLEMETRICS,1700961986000,1700962200000,2,15.4,,2573205504.0,,,0.27207788843291875,0.27207788843291875,0.0,801.383666,
1393,NFCORE_CHIPSEQ:CHIPSEQ:DEEPTOOLS_COMPUTEMATRIX,1700961921000,1700962200000,9,684.0,,5673844736.0,,,7.436325587817256,7.436325587817256,0.0,801.893957,
1820,NFCORE_CHIPSEQ:CHIPSEQ:PHANTOMPEAKQUALTOOLS,1700961987000,1700962200000,1,16.0,,4294967296.0,,,0.49384871864443997,0.49384871864443997,0.0,801.893957,
1827,NFCORE_CHIPSEQ:CHIPSEQ:PHANTOMPEAKQUALTOOLS,1700961987000,1700962200000,1,14.5,,4294967296.0,,,0.491435808182493,0.491435808182493,0.0,801.893957,
1839,NFCORE_CHIPSEQ:CHIPSEQ:PHANTOMPEAKQUALTOOLS,1700961992000,1700962200000,1,16.4,,4294967296.0,,,0.49524008290445487,0.49524008290445487,0.0,801.893957,
1824,NFCORE_CHIPSEQ:CHIPSEQ:PHANTOMPEAKQUALTOOLS,1700961986000,1700962200000,1,14.9,,4294967296.0,,,0.6067810123754742,0.6067810123754742,0.0,805.3242465000001,
1941,NFCORE_CHIPSEQ:CHIPSEQ:PHANTOMPEAKQUALTOOLS,1700962145000,1700962200000,1,13.7,,4294967296.0,,,0.5605957565254924,0.5605957565254924,0.0,805.3242465000001,
1937,NFCORE_CHIPSEQ:CHIPSEQ:PHANTOMPEAKQUALTOOLS,1700962143000,1700962200000,1,15.0,,4294967296.0,,,0.5963322419877641,0.5963322419877641,0.0,805.3242465000001,
1814,NFCORE_CHIPSEQ:CHIPSEQ:PHANTOMPEAKQUALTOOLS,1700961986000,1700962200000,1,13.1,,4294967296.0,,,0.6709003897570004,0.6709003897570004,0.0,805.3242465000001,
1821,NFCORE_CHIPSEQ:CHIPSEQ:PHANTOMPEAKQUALTOOLS,1700961986000,1700962200000,1,12.9,,4294967296.0,,,0.6865439063064338,0.6865439063064338,0.0,806.81259525,
1817,NFCORE_CHIPSEQ:CHIPSEQ:PHANTOMPEAKQUALTOOLS,1700961987000,1700962200000,1,12.5,,4294967296.0,,,0.7105836661221765,0.7105836661221765,0.0,806.81259525,
1873,NFCORE_CHIPSEQ:CHIPSEQ:PHANTOMPEAKQUALTOOLS,1700962065000,1700962200000,1,13.9,,4294967296.0,,,0.6943088800148788,0.6943088800148788,0.0,806.81259525,
1939,NFCORE_CHIPSEQ:CHIPSEQ:PHANTOMPEAKQUALTOOLS,1700962143000,1700962200000,1,12.5,,4294967296.0,,,0.7766836028757736,0.7766836028757736,0.0,807.556769625,
1891,NFCORE_CHIPSEQ:CHIPSEQ:PHANTOMPEAKQUALTOOLS,1700962084000,1700962200000,1,10.8,,4294967296.0,,,0.8202855279259489,0.8202855279259489,0.0,807.556769625,
1932,NFCORE_CHIPSEQ:CHIPSEQ:PHANTOMPEAKQUALTOOLS,1700962142000,1700962200000,1,11.4,,4294967296.0,,,0.9585881999203644,0.9585881999203644,0.0,802.0321608125,
1969,NFCORE_CHIPSEQ:CHIPSEQ:FILTER_BAM_BAMTOOLS:BAM_SORT_SAMTOOLS:BAM_STATS_SAMTOOLS:SAMTOOLS_STATS,1700962232000,1700962261000,2,137.3,,1073741824.0,,,0.04385716639904715,0.04385716639904715,0.0,802.4042479999999,
1980,NFCORE_CHIPSEQ:CHIPSEQ:MULTIQC_CUSTOM_PHANTOMPEAKQUALTOOLS,1700962258000,1700962265000,12,65.7,,4294967296.0,,,0.007219430227255069,0.007219430227255069,0.0,802.4042479999999,
1981,NFCORE_CHIPSEQ:CHIPSEQ:FILTER_BAM_BAMTOOLS:BAM_REMOVE_ORPHANS,1700962221000,1700962237000,2,20.1,,1073741824.0,,,0.004735633848647777,0.004735633848647777,0.0,802.4042479999999,
1984,NFCORE_CHIPSEQ:CHIPSEQ:MARK_DUPLICATES_PICARD:BAM_STATS_SAMTOOLS:SAMTOOLS_IDXSTATS,1700962264000,1700962275000,2,53.8,,1073741824.0,,,0.007102991062204582,0.007102991062204582,0.0,802.4042479999999,
1748,NFCORE_CHIPSEQ:CHIPSEQ:MARK_DUPLICATES_PICARD:SAMTOOLS_INDEX,1700962265000,1700962291000,2,46.0,,1073741824.0,,,0.014684164905951667,0.014684164905951667,0.0,802.4042479999999,
1758,NFCORE_CHIPSEQ:CHIPSEQ:MARK_DUPLICATES_PICARD:BAM_STATS_SAMTOOLS:SAMTOOLS_FLAGSTAT,1700962264000,1700962291000,2,45.2,,1073741824.0,,,0.015024768792472496,0.015024768792472496,0.0,802.4042479999999,
1771,NFCORE_CHIPSEQ:CHIPSEQ:MARK_DUPLICATES_PICARD:BAM_STATS_SAMTOOLS:SAMTOOLS_FLAGSTAT,1700962265000,1700962287000,2,86.5,,1073741824.0,,,0.02167214469260958,0.02167214469260958,0.0,802.4042479999999,
1770,NFCORE_CHIPSEQ:CHIPSEQ:MARK_DUPLICATES_PICARD:BAM_STATS_SAMTOOLS:SAMTOOLS_IDXSTATS,1700962264000,1700962275000,2,60.8,,1073741824.0,,,0.007902121612317778,0.007902121612317778,0.0,802.4042479999999,
1864,NFCORE_CHIPSEQ:CHIPSEQ:FILTER_BAM_BAMTOOLS:BAM_SORT_SAMTOOLS:SAMTOOLS_SORT,1700962264000,1700962287000,5,198.6,,6309281792.0,,,0.059214311300106896,0.059214311300106896,0.0,802.4042479999999,
1979,NFCORE_CHIPSEQ:CHIPSEQ:FILTER_BAM_BAMTOOLS:BAM_SORT_SAMTOOLS:BAM_STATS_SAMTOOLS:SAMTOOLS_FLAGSTAT,1700962242000,1700962299000,2,14.4,,1073741824.0,,,0.013498779797083334,0.013498779797083334,0.0,802.4042479999999,
1992,NFCORE_CHIPSEQ:CHIPSEQ:FILTER_BAM_BAMTOOLS:BAM_REMOVE_ORPHANS,1700962244000,1700962251000,2,9.5,,1073741824.0,,,0.001301768551401597,0.001301768551401597,0.0,802.4042479999999,
1994,NFCORE_CHIPSEQ:CHIPSEQ:FILTER_BAM_BAMTOOLS:BAM_REMOVE_ORPHANS,1700962254000,1700962263000,2,57.9,,1073741824.0,,,0.006194498106728125,0.006194498106728125,0.0,802.4042479999999,
1995,NFCORE_CHIPSEQ:CHIPSEQ:FILTER_BAM_BAMTOOLS:BAM_REMOVE_ORPHANS,1700962244000,1700962263000,2,0.3,,1073741824.0,,,0.0017192416504304862,0.0017192416504304862,0.0,802.4042479999999,
1996,NFCORE_CHIPSEQ:CHIPSEQ:FILTER_BAM_BAMTOOLS:BAM_REMOVE_ORPHANS,1700962256000,1700962260000,2,31.9,,1073741824.0,,,0.0016737651110624997,0.0016737651110624997,0.0,802.4042479999999,
2000,NFCORE_CHIPSEQ:CHIPSEQ:FILTER_BAM_BAMTOOLS:BAM_SORT_SAMTOOLS:SAMTOOLS_INDEX,1700962262000,1700962275000,2,140.8,,1073741824.0,,,0.02013232258232,0.02013232258232,0.0,802.4042479999999,
2001,NFCORE_CHIPSEQ:CHIPSEQ:FILTER_BAM_BAMTOOLS:BAM_REMOVE_ORPHANS,1700962280000,1700962294000,2,0.5,,1073741824.0,,,0.0012958689298906943,0.0012958689298906943,0.0,802.4042479999999,
2005,NFCORE_CHIPSEQ:CHIPSEQ:MARK_DUPLICATES_PICARD:BAM_STATS_SAMTOOLS:SAMTOOLS_IDXSTATS,1700962268000,1700962285000,2,2.6,,1073741824.0,,,0.0019440611114781943,0.0019440611114781943,0.0,802.4042479999999,
2007,NFCORE_CHIPSEQ:CHIPSEQ:FILTER_BAM_BAMTOOLS:BAM_REMOVE_ORPHANS,1700962266000,1700962268000,2,39.0,,1073741824.0,,,0.000984254682954722,0.000984254682954722,0.0,802.4042479999999,
2009,NFCORE_CHIPSEQ:CHIPSEQ:FILTER_BAM_BAMTOOLS:BAM_REMOVE_ORPHANS,1700962294000,1700962295000,2,74.0,,1073741824.0,,,0.0008553685006197222,0.0008553685006197222,0.0,802.4042479999999,
2014,NFCORE_CHIPSEQ:CHIPSEQ:FILTER_BAM_BAMTOOLS:BAM_SORT_SAMTOOLS:BAM_STATS_SAMTOOLS:SAMTOOLS_FLAGSTAT,1700962266000,1700962310000,2,33.3,,1073741824.0,,,0.019050720661778056,0.019050720661778056,0.0,802.4042479999999,
2013,NFCORE_CHIPSEQ:CHIPSEQ:FILTER_BAM_BAMTOOLS:BAM_SORT_SAMTOOLS:BAM_STATS_SAMTOOLS:SAMTOOLS_IDXSTATS,1700962267000,1700962275000,1,5.1,,1073741824.0,,,0.0011224186644072222,0.0011224186644072222,0.0,802.4042479999999,
2016,NFCORE_CHIPSEQ:CHIPSEQ:FILTER_BAM_BAMTOOLS:BAM_SORT_SAMTOOLS:BAM_STATS_SAMTOOLS:SAMTOOLS_IDXSTATS,1700962268000,1700962275000,1,1.4,,1073741824.0,,,0.0007133178735909721,0.0007133178735909721,0.0,802.4042479999999,
2019,NFCORE_CHIPSEQ:CHIPSEQ:FILTER_BAM_BAMTOOLS:BAM_SORT_SAMTOOLS:BAM_STATS_SAMTOOLS:SAMTOOLS_IDXSTATS,1700962271000,1700962273000,1,6.2,,1073741824.0,,,0.0003034369675336111,0.0003034369675336111,0.0,802.4042479999999,
2023,NFCORE_CHIPSEQ:CHIPSEQ:FILTER_BAM_BAMTOOLS:BAM_REMOVE_ORPHANS,1700962279000,1700962282000,2,17.9,,1073741824.0,,,0.0008194344423260415,0.0008194344423260415,0.0,802.4042479999999,
2025,NFCORE_CHIPSEQ:CHIPSEQ:FILTER_BAM_BAMTOOLS:BAM_REMOVE_ORPHANS,1700962273000,1700962275000,2,11.8,,1073741824.0,,,0.0004196741384591667,0.0004196741384591667,0.0,802.4042479999999,
2028,NFCORE_CHIPSEQ:CHIPSEQ:FILTER_BAM_BAMTOOLS:BAM_SORT_SAMTOOLS:BAM_STATS_SAMTOOLS:SAMTOOLS_IDXSTATS,1700962273000,1700962276000,1,3.2,,1073741824.0,,,0.00036175058180666663,0.00036175058180666663,0.0,802.4042479999999,
2032,NFCORE_CHIPSEQ:CHIPSEQ:FILTER_BAM_BAMTOOLS:BAM_SORT_SAMTOOLS:BAM_STATS_SAMTOOLS:SAMTOOLS_STATS,1700962278000,1700962331000,2,111.2,,1073741824.0,,,0.06579642394327612,0.06579642394327612,0.0,802.4042479999999,
2031,NFCORE_CHIPSEQ:CHIPSEQ:FILTER_BAM_BAMTOOLS:BAM_SORT_SAMTOOLS:BAM_STATS_SAMTOOLS:SAMTOOLS_IDXSTATS,1700962276000,1700962285000,1,1.2,,1073741824.0,,,0.0008984420064325,0.0008984420064325,0.0,802.4042479999999,
2039,NFCORE_CHIPSEQ:CHIPSEQ:MARK_DUPLICATES_PICARD:BAM_STATS_SAMTOOLS:SAMTOOLS_STATS,1700962279000,1700962331000,2,131.9,,1073741824.0,,,0.07572620437353471,0.07572620437353471,0.0,802.4042479999999,
2040,NFCORE_CHIPSEQ:CHIPSEQ:MARK_DUPLICATES_PICARD:BAM_STATS_SAMTOOLS:SAMTOOLS_IDXSTATS,1700962315000,1700962326000,2,32.1,,1073741824.0,,,0.004625686356853681,0.004625686356853681,0.0,802.4042479999999,
1757,NFCORE_CHIPSEQ:CHIPSEQ:MARK_DUPLICATES_PICARD:BAM_STATS_SAMTOOLS:SAMTOOLS_STATS,1700962265000,1700962311000,2,135.2,,1073741824.0,,,0.06856399420615222,0.06856399420615222,0.0,802.4042479999999,
1823,NFCORE_CHIPSEQ:CHIPSEQ:FILTER_BAM_BAMTOOLS:BAM_SORT_SAMTOOLS:SAMTOOLS_INDEX,1700962242000,1700962326000,2,17.8,,1073741824.0,,,0.022856986506935004,0.022856986506935004,0.0,802.4042479999999,
1938,NFCORE_CHIPSEQ:CHIPSEQ:FILTER_BAM_BAMTOOLS:BAM_SORT_SAMTOOLS:SAMTOOLS_INDEX,1700962263000,1700962339000,2,19.0,,1073741824.0,,,0.021626633326668334,0.021626633326668334,0.0,802.4042479999999,
1947,NFCORE_CHIPSEQ:CHIPSEQ:MARK_DUPLICATES_PICARD:BAM_STATS_SAMTOOLS:SAMTOOLS_STATS,1700962242000,1700962333000,2,75.5,,1073741824.0,,,0.07925517407704992,0.07925517407704992,0.0,802.4042479999999,
1966,NFCORE_CHIPSEQ:CHIPSEQ:FILTER_BAM_BAMTOOLS:BAM_SORT_SAMTOOLS:BAM_STATS_SAMTOOLS:SAMTOOLS_FLAGSTAT,1700962231000,1700962336000,2,12.2,,1073741824.0,,,0.02246878166007708,0.02246878166007708,0.0,802.4042479999999,
1970,NFCORE_CHIPSEQ:CHIPSEQ:FILTER_BAM_BAMTOOLS:BAM_SORT_SAMTOOLS:BAM_STATS_SAMTOOLS:SAMTOOLS_FLAGSTAT,1700962231000,1700962333000,2,11.0,,1073741824.0,,,0.020556510244674166,0.020556510244674166,0.0,802.4042479999999,
1974,NFCORE_CHIPSEQ:CHIPSEQ:FILTER_BAM_BAMTOOLS:BAM_SORT_SAMTOOLS:SAMTOOLS_SORT,1700962292000,1700962330000,5,388.3,,6309281792.0,,,0.17264548954583295,0.17264548954583295,0.0,802.4042479999999,
1989,NFCORE_CHIPSEQ:CHIPSEQ:MARK_DUPLICATES_PICARD:SAMTOOLS_INDEX,1700962244000,1700962315000,2,29.9,,1073741824.0,,,0.028235609447124645,0.028235609447124645,0.0,802.4042479999999,
1990,NFCORE_CHIPSEQ:CHIPSEQ:MARK_DUPLICATES_PICARD:SAMTOOLS_INDEX,1700962244000,1700962323000,2,32.8,,1073741824.0,,,0.03379475941248499,0.03379475941248499,0.0,802.4042479999999,
2011,NFCORE_CHIPSEQ:CHIPSEQ:FILTER_BAM_BAMTOOLS:BAM_REMOVE_ORPHANS,1700962314000,1700962331000,2,110.3,,1073741824.0,,,0.020945725062156736,0.020945725062156736,0.0,802.4042479999999,
2012,NFCORE_CHIPSEQ:CHIPSEQ:FILTER_BAM_BAMTOOLS:BAM_SORT_SAMTOOLS:BAM_STATS_SAMTOOLS:SAMTOOLS_STATS,1700962267000,1700962352000,2,53.0,,1073741824.0,,,0.05418102343641597,0.05418102343641597,0.0,802.4042479999999,
2017,NFCORE_CHIPSEQ:CHIPSEQ:FILTER_BAM_BAMTOOLS:BAM_SORT_SAMTOOLS:BAM_STATS_SAMTOOLS:SAMTOOLS_FLAGSTAT,1700962268000,1700962349000,2,15.4,,1073741824.0,,,0.020023120379193748,0.020023120379193748,0.0,802.4042479999999,
2018,NFCORE_CHIPSEQ:CHIPSEQ:FILTER_BAM_BAMTOOLS:BAM_SORT_SAMTOOLS:BAM_STATS_SAMTOOLS:SAMTOOLS_STATS,1700962268000,1700962349000,2,47.8,,1073741824.0,,,0.04725998032357124,0.04725998032357124,0.0,802.4042479999999,
2024,NFCORE_CHIPSEQ:CHIPSEQ:FILTER_BAM_BAMTOOLS:BAM_REMOVE_ORPHANS,1700962328000,1700962338000,2,44.7,,1073741824.0,,,0.005512837588234029,0.005512837588234029,0.0,802.4042479999999,
2045,NFCORE_CHIPSEQ:CHIPSEQ:FILTER_BAM_BAMTOOLS:BAM_SORT_SAMTOOLS:SAMTOOLS_INDEX,1700962296000,1700962331000,2,63.4,,1073741824.0,,,0.02608754123478125,0.02608754123478125,0.0,802.4042479999999,
2054,NFCORE_CHIPSEQ:CHIPSEQ:MARK_DUPLICATES_PICARD:BAM_STATS_SAMTOOLS:SAMTOOLS_FLAGSTAT,1700962299000,1700962324000,2,147.6,,1073741824.0,,,0.0404803191675486,0.0404803191675486,0.0,802.4042479999999,
2057,NFCORE_CHIPSEQ:CHIPSEQ:MARK_DUPLICATES_PICARD:BAM_STATS_SAMTOOLS:SAMTOOLS_IDXSTATS,1700962302000,1700962312000,2,7.6,,1073741824.0,,,0.0016624813013250003,0.0016624813013250003,0.0,802.4042479999999,
2061,NFCORE_CHIPSEQ:CHIPSEQ:MARK_DUPLICATES_PICARD:BAM_STATS_SAMTOOLS:SAMTOOLS_IDXSTATS,1700962313000,1700962319000,2,2.5,,1073741824.0,,,0.00067991222451625,0.00067991222451625,0.0,802.4042479999999,
2062,NFCORE_CHIPSEQ:CHIPSEQ:FILTER_BAM_BAMTOOLS:BAM_REMOVE_ORPHANS,1700962329000,1700962359000,2,1.7,,1073741824.0,,,0.0031504814705979167,0.0031504814705979167,0.0,802.4042479999999,
2063,NFCORE_CHIPSEQ:CHIPSEQ:FILTER_BAM_BAMTOOLS:BAM_SORT_SAMTOOLS:SAMTOOLS_INDEX,1700962329000,1700962359000,2,20.9,,1073741824.0,,,0.009128393118197917,0.009128393118197917,0.0,802.4042479999999,
2073,NFCORE_CHIPSEQ:CHIPSEQ:FILTER_BAM_BAMTOOLS:BAM_SORT_SAMTOOLS:BAM_STATS_SAMTOOLS:SAMTOOLS_IDXSTATS,1700962332000,1700962339000,1,1.0,,1073741824.0,,,0.0006842585808595832,0.0006842585808595832,0.0,802.4042479999999,
1859,NFCORE_CHIPSEQ:CHIPSEQ:FILTER_BAM_BAMTOOLS:BAM_SORT_SAMTOOLS:SAMTOOLS_SORT,1700962261000,1700962348000,5,161.1,,6309281792.0,,,0.1901253036393547,0.1901253036393547,0.0,802.4042479999999,
1944,NFCORE_CHIPSEQ:CHIPSEQ:MARK_DUPLICATES_PICARD:BAM_STATS_SAMTOOLS:SAMTOOLS_FLAGSTAT,1700962334000,1700962349000,2,127.4,,1073741824.0,,,0.021143560894239584,0.021143560894239584,0.0,802.4042479999999,
1949,NFCORE_CHIPSEQ:CHIPSEQ:FILTER_BAM_BAMTOOLS:BAM_SORT_SAMTOOLS:SAMTOOLS_SORT,1700962241000,1700962359000,5,57.1,,6309281792.0,,,0.13050837277371602,0.13050837277371602,0.0,802.4042479999999,
1997,NFCORE_CHIPSEQ:CHIPSEQ:FILTER_BAM_BAMTOOLS:BAM_REMOVE_ORPHANS,1700962263000,1700962355000,2,0.1,,1073741824.0,,,0.008133787977669166,0.008133787977669166,0.0,802.4042479999999,
2006,NFCORE_CHIPSEQ:CHIPSEQ:MARK_DUPLICATES_PICARD:BAM_STATS_SAMTOOLS:SAMTOOLS_FLAGSTAT,1700962265000,1700962365000,2,42.1,,1073741824.0,,,0.05243001298585416,0.05243001298585416,0.0,802.4042479999999,
2010,NFCORE_CHIPSEQ:CHIPSEQ:UCSC_BEDGRAPHTOBIGWIG,1700962283000,1700962383000,1,59.0,,1073741824.0,,,0.0699693718130139,0.0699693718130139,0.0,802.4042479999999,
2020,NFCORE_CHIPSEQ:CHIPSEQ:FILTER_BAM_BAMTOOLS:BAM_SORT_SAMTOOLS:BAM_STATS_SAMTOOLS:SAMTOOLS_FLAGSTAT,1700962268000,1700962397000,2,8.1,,1073741824.0,,,0.022115410351797704,0.022115410351797704,0.0,802.4042479999999,
2074,NFCORE_CHIPSEQ:CHIPSEQ:FILTER_BAM_BAMTOOLS:BAM_SORT_SAMTOOLS:BAM_STATS_SAMTOOLS:SAMTOOLS_FLAGSTAT,1700962326000,1700962384000,2,19.0,,1073741824.0,,,0.016504535959825834,0.016504535959825834,0.0,802.4042479999999,
2075,NFCORE_CHIPSEQ:CHIPSEQ:FILTER_BAM_BAMTOOLS:BAM_SORT_SAMTOOLS:SAMTOOLS_SORT,1700962334000,1700962384000,5,203.3,,6309281792.0,,,0.13116566862155465,0.13116566862155465,0.0,802.4042479999999,
2087,NFCORE_CHIPSEQ:CHIPSEQ:FILTER_BAM_BAMTOOLS:BAM_SORT_SAMTOOLS:BAM_STATS_SAMTOOLS:SAMTOOLS_FLAGSTAT,1700962342000,1700962399000,2,28.9,,1073741824.0,,,0.022076460312259374,0.022076460312259374,0.0,802.4042479999999,
2085,NFCORE_CHIPSEQ:CHIPSEQ:FILTER_BAM_BAMTOOLS:BAM_SORT_SAMTOOLS:BAM_STATS_SAMTOOLS:SAMTOOLS_IDXSTATS,1700962341000,1700962383000,1,42.0,,1073741824.0,,,0.021977016514961666,0.021977016514961666,0.0,802.4042479999999,
2102,NFCORE_CHIPSEQ:CHIPSEQ:FILTER_BAM_BAMTOOLS:BAM_SORT_SAMTOOLS:BAM_STATS_SAMTOOLS:SAMTOOLS_IDXSTATS,1700962374000,1700962399000,1,10.5,,1073741824.0,,,0.004908631368678819,0.004908631368678819,0.0,802.4042479999999,
2107,NFCORE_CHIPSEQ:CHIPSEQ:FILTER_BAM_BAMTOOLS:BAM_SORT_SAMTOOLS:SAMTOOLS_INDEX,1700962355000,1700962394000,2,23.3,,1073741824.0,,,0.01283832169639229,0.01283832169639229,0.0,802.4042479999999,
2110,NFCORE_CHIPSEQ:CHIPSEQ:MARK_DUPLICATES_PICARD:BAM_STATS_SAMTOOLS:SAMTOOLS_IDXSTATS,1700962359000,1700962367000,2,65.8,,1073741824.0,,,0.006162130289536666,0.006162130289536666,0.0,802.4042479999999,
2121,NFCORE_CHIPSEQ:CHIPSEQ:FILTER_BAM_BAMTOOLS:BAM_SORT_SAMTOOLS:BAM_STATS_SAMTOOLS:SAMTOOLS_IDXSTATS,1700962370000,1700962399000,1,18.7,,1073741824.0,,,0.008161976606068957,0.008161976606068957,0.0,802.4042479999999,
2126,NFCORE_CHIPSEQ:CHIPSEQ:FILTER_BAM_BAMTOOLS:BAM_SORT_SAMTOOLS:BAM_STATS_SAMTOOLS:SAMTOOLS_IDXSTATS,1700962369000,1700962399000,1,6.0,,1073741824.0,,,0.0044892846000083335,0.0044892846000083335,0.0,802.4042479999999,
2125,NFCORE_CHIPSEQ:CHIPSEQ:FILTER_BAM_BAMTOOLS:BAM_SORT_SAMTOOLS:BAM_STATS_SAMTOOLS:SAMTOOLS_FLAGSTAT,1700962367000,1700962399000,2,116.2,,1073741824.0,,,0.041386673771426664,0.041386673771426664,0.0,802.4042479999999,
2127,NFCORE_CHIPSEQ:CHIPSEQ:FILTER_BAM_BAMTOOLS:BAM_SORT_SAMTOOLS:BAM_STATS_SAMTOOLS:SAMTOOLS_STATS,1700962368000,1700962399000,2,132.5,,1073741824.0,,,0.045337504722202014,0.045337504722202014,0.0,802.4042479999999,
1480,NFCORE_CHIPSEQ:CHIPSEQ:FILTER_BAM_BAMTOOLS:BAM_SORT_SAMTOOLS:SAMTOOLS_SORT,1700962335000,1700962410000,5,187.4,,6309281792.0,,,0.18437235772441013,0.18437235772441013,0.0,802.4042479999999,
1722,NFCORE_CHIPSEQ:CHIPSEQ:FILTER_BAM_BAMTOOLS:BAM_FILTER,1700962242000,1700962386000,2,136.7,,1073741824.0,,,0.21687682916537002,0.21687682916537002,0.0,802.4042479999999,
1829,NFCORE_CHIPSEQ:CHIPSEQ:PICARD_COLLECTMULTIPLEMETRICS,1700962264000,1700962383000,2,109.8,,2573205504.0,,,0.16052233849672926,0.16052233849672926,0.0,802.4042479999999,
1865,NFCORE_CHIPSEQ:CHIPSEQ:FILTER_BAM_BAMTOOLS:BAM_SORT_SAMTOOLS:SAMTOOLS_SORT,1700962241000,1700962415000,5,106.6,,6309281792.0,,,0.2818330097887949,0.2818330097887949,0.0,802.4042479999999,
1866,NFCORE_CHIPSEQ:CHIPSEQ:FILTER_BAM_BAMTOOLS:BAM_SORT_SAMTOOLS:SAMTOOLS_SORT,1700962241000,1700962415000,5,103.1,,6309281792.0,,,0.27551261361971774,0.27551261361971774,0.0,802.4042479999999,
1945,NFCORE_CHIPSEQ:CHIPSEQ:MARK_DUPLICATES_PICARD:BAM_STATS_SAMTOOLS:SAMTOOLS_IDXSTATS,1700962367000,1700962399000,2,1.3,,1073741824.0,,,0.0032276710875799998,0.0032276710875799998,0.0,802.4042479999999,
1988,NFCORE_CHIPSEQ:CHIPSEQ:PRESEQ_LCEXTRAP,1700962244000,1700962404000,2,92.4,,1073741824.0,,,0.16741273074244448,0.16741273074244448,0.0,802.4042479999999,
2003,NFCORE_CHIPSEQ:CHIPSEQ:MARK_DUPLICATES_PICARD:BAM_STATS_SAMTOOLS:SAMTOOLS_STATS,1700962268000,1700962403000,2,53.4,,1073741824.0,,,0.08661264291009375,0.08661264291009375,0.0,802.4042479999999,
2008,NFCORE_CHIPSEQ:CHIPSEQ:UCSC_BEDGRAPHTOBIGWIG,1700962265000,1700962418000,1,38.9,,1073741824.0,,,0.07513669496789688,0.07513669496789688,0.0,802.4042479999999,
2015,NFCORE_CHIPSEQ:CHIPSEQ:FILTER_BAM_BAMTOOLS:BAM_SORT_SAMTOOLS:BAM_STATS_SAMTOOLS:SAMTOOLS_STATS,1700962268000,1700962408000,2,29.0,,1073741824.0,,,0.054368181441136115,0.054368181441136115,0.0,802.4042479999999,
2033,NFCORE_CHIPSEQ:CHIPSEQ:FILTER_BAM_BAMTOOLS:BAM_SORT_SAMTOOLS:SAMTOOLS_INDEX,1700962323000,1700962403000,2,24.2,,1073741824.0,,,0.027082257820344447,0.027082257820344447,0.0,802.4042479999999,
2037,NFCORE_CHIPSEQ:CHIPSEQ:PICARD_COLLECTMULTIPLEMETRICS,1700962286000,1700962403000,2,110.2,,2573205504.0,,,0.15831018938958033,0.15831018938958033,0.0,802.4042479999999,
2065,NFCORE_CHIPSEQ:CHIPSEQ:PICARD_COLLECTMULTIPLEMETRICS,1700962330000,1700962399000,2,132.0,,2573205504.0,,,0.10897348657165405,0.10897348657165405,0.0,802.4042479999999,
2088,NFCORE_CHIPSEQ:CHIPSEQ:UCSC_BEDGRAPHTOBIGWIG,1700962342000,1700962410000,1,60.8,,1073741824.0,,,0.04884947905796444,0.04884947905796444,0.0,802.4042479999999,
2109,NFCORE_CHIPSEQ:CHIPSEQ:PICARD_COLLECTMULTIPLEMETRICS,1700962354000,1700962431000,2,119.9,,2573205504.0,,,0.11193861405402691,0.11193861405402691,0.0,802.4042479999999,
2117,NFCORE_CHIPSEQ:CHIPSEQ:MARK_DUPLICATES_PICARD:BAM_STATS_SAMTOOLS:SAMTOOLS_IDXSTATS,1700962421000,1700962426000,2,75.8,,1073741824.0,,,0.0043702473725923605,0.0043702473725923605,0.0,802.4042479999999,
2150,NFCORE_CHIPSEQ:CHIPSEQ:FILTER_BAM_BAMTOOLS:BAM_SORT_SAMTOOLS:BAM_STATS_SAMTOOLS:SAMTOOLS_IDXSTATS,1700962404000,1700962419000,1,0.9,,1073741824.0,,,0.0014507009093072917,0.0014507009093072917,0.0,802.4042479999999,
1755,NFCORE_CHIPSEQ:CHIPSEQ:FILTER_BAM_BAMTOOLS:BAM_FILTER,1700962265000,1700962421000,2,141.2,,1073741824.0,,,0.24223547808299664,0.24223547808299664,0.0,802.4042479999999,
2027,NFCORE_CHIPSEQ:CHIPSEQ:FILTER_BAM_BAMTOOLS:BAM_SORT_SAMTOOLS:BAM_STATS_SAMTOOLS:SAMTOOLS_FLAGSTAT,1700962278000,1700962432000,2,8.5,,1073741824.0,,,0.027040647030608746,0.027040647030608746,0.0,802.4042479999999,
2030,NFCORE_CHIPSEQ:CHIPSEQ:FILTER_BAM_BAMTOOLS:BAM_SORT_SAMTOOLS:BAM_STATS_SAMTOOLS:SAMTOOLS_FLAGSTAT,1700962294000,1700962439000,2,9.0,,1073741824.0,,,0.0262127775922382,0.0262127775922382,0.0,802.4042479999999,
2051,NFCORE_CHIPSEQ:CHIPSEQ:FILTER_BAM_BAMTOOLS:BAM_SORT_SAMTOOLS:SAMTOOLS_INDEX,1700962359000,1700962441000,2,17.1,,1073741824.0,,,0.021717057041490694,0.021717057041490694,0.0,802.4042479999999,
2076,NFCORE_CHIPSEQ:CHIPSEQ:FILTER_BAM_BAMTOOLS:BAM_SORT_SAMTOOLS:SAMTOOLS_SORT,1700962388000,1700962434000,5,139.6,,6309281792.0,,,0.09026186528843184,0.09026186528843184,0.0,802.4042479999999,
2086,NFCORE_CHIPSEQ:CHIPSEQ:FILTER_BAM_BAMTOOLS:BAM_SORT_SAMTOOLS:BAM_STATS_SAMTOOLS:SAMTOOLS_STATS,1700962351000,1700962431000,2,64.7,,1073741824.0,,,0.06070801083809444,0.06070801083809444,0.0,802.4042479999999,
2097,NFCORE_CHIPSEQ:CHIPSEQ:FILTER_BAM_BAMTOOLS:BAM_SORT_SAMTOOLS:BAM_STATS_SAMTOOLS:SAMTOOLS_STATS,1700962352000,1700962435000,2,72.6,,1073741824.0,,,0.06978962490308428,0.06978962490308428,0.0,802.4042479999999,
2095,NFCORE_CHIPSEQ:CHIPSEQ:FILTER_BAM_BAMTOOLS:BAM_SORT_SAMTOOLS:BAM_STATS_SAMTOOLS:SAMTOOLS_FLAGSTAT,1700962406000,1700962435000,2,54.2,,1073741824.0,,,0.018846455844270693,0.018846455844270693,0.0,802.4042479999999,
2123,NFCORE_CHIPSEQ:CHIPSEQ:FILTER_BAM_BAMTOOLS:BAM_SORT_SAMTOOLS:BAM_STATS_SAMTOOLS:SAMTOOLS_STATS,1700962365000,1700962444000,2,53.3,,1073741824.0,,,0.05060244676194368,0.05060244676194368,0.0,802.4042479999999,
2130,NFCORE_CHIPSEQ:CHIPSEQ:FILTER_BAM_BAMTOOLS:BAM_SORT_SAMTOOLS:SAMTOOLS_INDEX,1700962388000,1700962434000,2,35.9,,1073741824.0,,,0.021157909442424308,0.021157909442424308,0.0,802.4042479999999,
2129,NFCORE_CHIPSEQ:CHIPSEQ:FILTER_BAM_BAMTOOLS:BAM_REMOVE_ORPHANS,1700962431000,1700962434000,2,106.7,,1073741824.0,,,0.003584218579341042,0.003584218579341042,0.0,802.4042479999999,
2137,NFCORE_CHIPSEQ:CHIPSEQ:FILTER_BAM_BAMTOOLS:BAM_REMOVE_ORPHANS,1700962441000,1700962448000,2,101.1,,1073741824.0,,,0.007956346586889651,0.007956346586889651,0.0,802.4042479999999,
2139,NFCORE_CHIPSEQ:CHIPSEQ:FILTER_BAM_BAMTOOLS:BAM_SORT_SAMTOOLS:SAMTOOLS_INDEX,1700962398000,1700962434000,2,26.7,,1073741824.0,,,0.013121064714092497,0.013121064714092497,0.0,802.4042479999999,
2148,NFCORE_CHIPSEQ:CHIPSEQ:FILTER_BAM_BAMTOOLS:BAM_SORT_SAMTOOLS:SAMTOOLS_INDEX,1700962401000,1700962453000,2,18.3,,1073741824.0,,,0.014419399365370275,0.014419399365370275,0.0,802.4042479999999,
2152,NFCORE_CHIPSEQ:CHIPSEQ:FILTER_BAM_BAMTOOLS:BAM_SORT_SAMTOOLS:BAM_STATS_SAMTOOLS:SAMTOOLS_FLAGSTAT,1700962404000,1700962455000,2,15.0,,1073741824.0,,,0.012395432164195417,0.012395432164195417,0.0,802.4042479999999,
2151,NFCORE_CHIPSEQ:CHIPSEQ:FILTER_BAM_BAMTOOLS:BAM_SORT_SAMTOOLS:BAM_STATS_SAMTOOLS:SAMTOOLS_STATS,1700962405000,1700962455000,2,62.9,,1073741824.0,,,0.03700845807887153,0.03700845807887153,0.0,802.4042479999999,
2154,NFCORE_CHIPSEQ:CHIPSEQ:FILTER_BAM_BAMTOOLS:BAM_SORT_SAMTOOLS:SAMTOOLS_INDEX,1700962417000,1700962426000,2,158.2,,1073741824.0,,,0.01556300651695125,0.01556300651695125,0.0,802.4042479999999,
2157,NFCORE_CHIPSEQ:CHIPSEQ:FILTER_BAM_BAMTOOLS:BAM_REMOVE_ORPHANS,1700962419000,1700962426000,2,22.6,,1073741824.0,,,0.002253460388354583,0.002253460388354583,0.0,802.4042479999999,
2164,NFCORE_CHIPSEQ:CHIPSEQ:FILTER_BAM_BAMTOOLS:BAM_SORT_SAMTOOLS:SAMTOOLS_INDEX,1700962436000,1700962445000,2,167.8,,1073741824.0,,,0.01645969326409125,0.01645969326409125,0.0,802.4042479999999,
2166,NFCORE_CHIPSEQ:CHIPSEQ:FILTER_BAM_BAMTOOLS:BAM_REMOVE_ORPHANS,1700962424000,1700962426000,2,59.3,,1073741824.0,,,0.001405614427559861,0.001405614427559861,0.0,802.4042479999999,
2170,NFCORE_CHIPSEQ:CHIPSEQ:FILTER_BAM_BAMTOOLS:BAM_SORT_SAMTOOLS:BAM_STATS_SAMTOOLS:SAMTOOLS_FLAGSTAT,1700962437000,1700962449000,2,140.4,,1073741824.0,,,0.018533866453283334,0.018533866453283334,0.0,802.4042479999999,
2171,NFCORE_CHIPSEQ:CHIPSEQ:FILTER_BAM_BAMTOOLS:BAM_SORT_SAMTOOLS:BAM_STATS_SAMTOOLS:SAMTOOLS_IDXSTATS,1700962446000,1700962449000,1,20.6,,1073741824.0,,,0.0009034988248704168,0.0009034988248704168,0.0,802.4042479999999,
2042,NFCORE_CHIPSEQ:CHIPSEQ:FILTER_BAM_BAMTOOLS:BAM_FILTER,1700962278000,1700962468000,2,134.7,,1073741824.0,,,0.2822131662145715,0.2822131662145715,0.0,802.4042479999999,
2046,NFCORE_CHIPSEQ:CHIPSEQ:PICARD_COLLECTMULTIPLEMETRICS,1700962320000,1700962450000,2,93.1,,2573205504.0,,,0.15282920766791072,0.15282920766791072,0.0,802.4042479999999,
2048,NFCORE_CHIPSEQ:CHIPSEQ:FILTER_BAM_BAMTOOLS:BAM_SORT_SAMTOOLS:SAMTOOLS_INDEX,1700962339000,1700962452000,2,11.3,,1073741824.0,,,0.023125213808898818,0.023125213808898818,0.0,802.4042479999999,
2050,NFCORE_CHIPSEQ:CHIPSEQ:PICARD_COLLECTMULTIPLEMETRICS,1700962339000,1700962461000,2,102.0,,2573205504.0,,,0.1546931119383648,0.1546931119383648,0.0,802.4042479999999,
2055,NFCORE_CHIPSEQ:CHIPSEQ:FILTER_BAM_BAMTOOLS:BAM_FILTER,1700962298000,1700962448000,2,140.5,,1073741824.0,,,0.23182900544853124,0.23182900544853124,0.0,802.4042479999999,
2056,NFCORE_CHIPSEQ:CHIPSEQ:MARK_DUPLICATES_PICARD:BAM_STATS_SAMTOOLS:SAMTOOLS_STATS,1700962302000,1700962453000,2,23.5,,1073741824.0,,,0.0500207733352902,0.0500207733352902,0.0,802.4042479999999,
2059,NFCORE_CHIPSEQ:CHIPSEQ:MARK_DUPLICATES_PICARD:BAM_STATS_SAMTOOLS:SAMTOOLS_FLAGSTAT,1700962407000,1700962450000,2,55.2,,1073741824.0,,,0.028391012582342782,0.028391012582342782,0.0,802.4042479999999,
2072,NFCORE_CHIPSEQ:CHIPSEQ:FILTER_BAM_BAMTOOLS:BAM_SORT_SAMTOOLS:BAM_STATS_SAMTOOLS:SAMTOOLS_STATS,1700962332000,1700962476000,2,19.6,,1073741824.0,,,0.041873465681879996,0.041873465681879996,0.0,802.4042479999999,
2084,NFCORE_CHIPSEQ:CHIPSEQ:FILTER_BAM_BAMTOOLS:BAM_SORT_SAMTOOLS:SAMTOOLS_INDEX,1700962338000,1700962455000,2,11.4,,1073741824.0,,,0.024065231778493748,0.024065231778493748,0.0,802.4042479999999,
2094,NFCORE_CHIPSEQ:CHIPSEQ:FILTER_BAM_BAMTOOLS:BAM_SORT_SAMTOOLS:SAMTOOLS_INDEX,1700962375000,1700962449000,2,16.2,,1073741824.0,,,0.018907123734896388,0.018907123734896388,0.0,802.4042479999999,
2122,NFCORE_CHIPSEQ:CHIPSEQ:FILTER_BAM_BAMTOOLS:BAM_SORT_SAMTOOLS:BAM_STATS_SAMTOOLS:SAMTOOLS_FLAGSTAT,1700962407000,1700962473000,2,15.6,,1073741824.0,,,0.016452128932378334,0.016452128932378334,0.0,802.4042479999999,
2173,NFCORE_CHIPSEQ:CHIPSEQ:FILTER_BAM_BAMTOOLS:BAM_REMOVE_ORPHANS,1700962439000,1700962443000,2,25.5,,1073741824.0,,,0.0014080801489469443,0.0014080801489469443,0.0,802.4042479999999,
2174,NFCORE_CHIPSEQ:CHIPSEQ:FILTER_BAM_BAMTOOLS:BAM_REMOVE_ORPHANS,1700962443000,1700962446000,2,1.6,,1073741824.0,,,0.00031193465141,0.00031193465141,0.0,802.4042479999999,
2177,NFCORE_CHIPSEQ:CHIPSEQ:FILTER_BAM_BAMTOOLS:BAM_SORT_SAMTOOLS:BAM_STATS_SAMTOOLS:SAMTOOLS_IDXSTATS,1700962447000,1700962449000,1,35.3,,1073741824.0,,,0.0009074551235931944,0.0009074551235931944,0.0,802.4042479999999,
2185,NFCORE_CHIPSEQ:CHIPSEQ:FILTER_BAM_BAMTOOLS:BAM_SORT_SAMTOOLS:BAM_STATS_SAMTOOLS:SAMTOOLS_IDXSTATS,1700962460000,1700962476000,1,0.5,,1073741824.0,,,0.001480993062732222,0.001480993062732222,0.0,802.4042479999999,
2198,NFCORE_CHIPSEQ:CHIPSEQ:FILTER_BAM_BAMTOOLS:BAM_SORT_SAMTOOLS:BAM_STATS_SAMTOOLS:SAMTOOLS_IDXSTATS,1700962462000,1700962468000,1,22.5,,1073741824.0,,,0.0019253104844329165,0.0019253104844329165,0.0,802.4042479999999,
2202,NFCORE_CHIPSEQ:CHIPSEQ:FILTER_BAM_BAMTOOLS:BAM_SORT_SAMTOOLS:BAM_STATS_SAMTOOLS:SAMTOOLS_IDXSTATS,1700962465000,1700962470000,1,2.5,,1073741824.0,,,0.0005665935204302084,0.0005665935204302084,0.0,802.4042479999999,
2204,NFCORE_CHIPSEQ:CHIPSEQ:FILTER_BAM_BAMTOOLS:BAM_SORT_SAMTOOLS:BAM_STATS_SAMTOOLS:SAMTOOLS_IDXSTATS,1700962473000,1700962477000,1,1.7,,1073741824.0,,,0.0004200641960797222,0.0004200641960797222,0.0,802.4042479999999,
1870,NFCORE_CHIPSEQ:CHIPSEQ:FILTER_BAM_BAMTOOLS:BAM_SORT_SAMTOOLS:SAMTOOLS_SORT,1700962241000,1700962492000,5,115.9,,6309281792.0,,,0.4307783249210722,0.4307783249210722,0.0,802.4042479999999,
1940,NFCORE_CHIPSEQ:CHIPSEQ:PICARD_COLLECTMULTIPLEMETRICS,1700962325000,1700962472000,2,97.6,,2573205504.0,,,0.17967982350150505,0.17967982350150505,0.0,802.4042479999999,
1983,NFCORE_CHIPSEQ:CHIPSEQ:MARK_DUPLICATES_PICARD:BAM_STATS_SAMTOOLS:SAMTOOLS_FLAGSTAT,1700962305000,1700962491000,2,9.8,,1073741824.0,,,0.03516896027096083,0.03516896027096083,0.0,802.4042479999999,
1987,NFCORE_CHIPSEQ:CHIPSEQ:FILTER_BAM_BAMTOOLS:BAM_SORT_SAMTOOLS:SAMTOOLS_SORT,1700962239000,1700962492000,5,124.6,,6309281792.0,,,0.45705453911651056,0.45705453911651056,0.0,802.4042479999999,
1991,NFCORE_CHIPSEQ:CHIPSEQ:PRESEQ_LCEXTRAP,1700962244000,1700962492000,2,96.4,,1073741824.0,,,0.2697850249327666,0.2697850249327666,0.0,802.4042479999999,
2041,NFCORE_CHIPSEQ:CHIPSEQ:MARK_DUPLICATES_PICARD:BAM_STATS_SAMTOOLS:SAMTOOLS_FLAGSTAT,1700962407000,1700962487000,2,16.1,,1073741824.0,,,0.020357107216794443,0.020357107216794443,0.0,802.4042479999999,
2053,NFCORE_CHIPSEQ:CHIPSEQ:FILTER_BAM_BAMTOOLS:BAM_REMOVE_ORPHANS,1700962311000,1700962492000,2,36.0,,1073741824.0,,,0.08343962168127944,0.08343962168127944,0.0,802.4042479999999,
2058,NFCORE_CHIPSEQ:CHIPSEQ:MARK_DUPLICATES_PICARD:BAM_STATS_SAMTOOLS:SAMTOOLS_STATS,1700962311000,1700962492000,2,138.7,,1073741824.0,,,0.2763590769655539,0.2763590769655539,0.0,802.4042479999999,
2068,NFCORE_CHIPSEQ:CHIPSEQ:FILTER_BAM_BAMTOOLS:BAM_SORT_SAMTOOLS:SAMTOOLS_SORT,1700962359000,1700962497000,5,113.3,,6309281792.0,,,0.23311852549411594,0.23311852549411594,0.0,802.4042479999999,
2090,NFCORE_CHIPSEQ:CHIPSEQ:FILTER_BAM_BAMTOOLS:BAM_SORT_SAMTOOLS:SAMTOOLS_INDEX,1700962429000,1700962490000,2,25.3,,1073741824.0,,,0.02134660678168271,0.02134660678168271,0.0,802.4042479999999,
2092,NFCORE_CHIPSEQ:CHIPSEQ:PICARD_COLLECTMULTIPLEMETRICS,1700962352000,1700962487000,2,85.3,,2573205504.0,,,0.14777888438590778,0.14777888438590778,0.0,802.4042479999999,
2096,NFCORE_CHIPSEQ:CHIPSEQ:FILTER_BAM_BAMTOOLS:BAM_SORT_SAMTOOLS:BAM_STATS_SAMTOOLS:SAMTOOLS_IDXSTATS,1700962374000,1700962492000,1,0.0,,1073741824.0,,,0.010310003026524446,0.010310003026524446,0.0,802.4042479999999,
2101,NFCORE_CHIPSEQ:CHIPSEQ:FILTER_BAM_BAMTOOLS:BAM_SORT_SAMTOOLS:BAM_STATS_SAMTOOLS:SAMTOOLS_STATS,1700962418000,1700962492000,2,71.5,,1073741824.0,,,0.06137728006182124,0.06137728006182124,0.0,802.4042479999999,
2100,NFCORE_CHIPSEQ:CHIPSEQ:FILTER_BAM_BAMTOOLS:BAM_SORT_SAMTOOLS:BAM_STATS_SAMTOOLS:SAMTOOLS_FLAGSTAT,1700962437000,1700962477000,2,35.4,,1073741824.0,,,0.018190615747194442,0.018190615747194442,0.0,802.4042479999999,
2113,NFCORE_CHIPSEQ:CHIPSEQ:MARK_DUPLICATES_PICARD:BAM_STATS_SAMTOOLS:SAMTOOLS_STATS,1700962359000,1700962500000,2,44.7,,1073741824.0,,,0.08324384758233383,0.08324384758233383,0.0,802.4042479999999,
2116,NFCORE_CHIPSEQ:CHIPSEQ:MARK_DUPLICATES_PICARD:BAM_STATS_SAMTOOLS:SAMTOOLS_FLAGSTAT,1700962373000,1700962500000,2,15.9,,1073741824.0,,,0.03457718017274618,0.03457718017274618,0.0,802.4042479999999,
2114,NFCORE_CHIPSEQ:CHIPSEQ:MARK_DUPLICATES_PICARD:BAM_STATS_SAMTOOLS:SAMTOOLS_STATS,1700962374000,1700962500000,2,55.3,,1073741824.0,,,0.089935975629115,0.089935975629115,0.0,802.4042479999999,
2134,NFCORE_CHIPSEQ:CHIPSEQ:FILTER_BAM_BAMTOOLS:BAM_SORT_SAMTOOLS:SAMTOOLS_INDEX,1700962442000,1700962500000,2,17.8,,1073741824.0,,,0.01959170272023,0.01959170272023,0.0,802.4042479999999,
2138,NFCORE_CHIPSEQ:CHIPSEQ:PICARD_COLLECTMULTIPLEMETRICS,1700962404000,1700962500000,2,90.9,,2573205504.0,,,0.130263799680313,0.130263799680313,0.0,802.4042479999999,
2142,NFCORE_CHIPSEQ:CHIPSEQ:FILTER_BAM_BAMTOOLS:BAM_SORT_SAMTOOLS:SAMTOOLS_SORT,1700962404000,1700962500000,5,104.7,,6309281792.0,,,0.18080125831521765,0.18080125831521765,0.0,802.4042479999999,
2146,NFCORE_CHIPSEQ:CHIPSEQ:PICARD_COLLECTMULTIPLEMETRICS,1700962405000,1700962500000,2,87.3,,2573205504.0,,,0.12492648453867167,0.12492648453867167,0.0,802.4042479999999,
2155,NFCORE_CHIPSEQ:CHIPSEQ:PICARD_COLLECTMULTIPLEMETRICS,1700962417000,1700962500000,2,110.4,,2573205504.0,,,0.13687057476133904,0.13687057476133904,0.0,802.4042479999999,
2159,NFCORE_CHIPSEQ:CHIPSEQ:FILTER_BAM_BAMTOOLS:BAM_SORT_SAMTOOLS:SAMTOOLS_INDEX,1700962436000,1700962500000,2,20.5,,1073741824.0,,,0.023410018559736245,0.023410018559736245,0.0,802.4042479999999,
2167,NFCORE_CHIPSEQ:CHIPSEQ:UCSC_BEDGRAPHTOBIGWIG,1700962422000,1700962500000,1,56.8,,1073741824.0,,,0.059563804669453324,0.059563804669453324,0.0,802.4042479999999,
2169,NFCORE_CHIPSEQ:CHIPSEQ:FILTER_BAM_BAMTOOLS:BAM_SORT_SAMTOOLS:BAM_STATS_SAMTOOLS:SAMTOOLS_STATS,1700962429000,1700962500000,2,68.4,,1073741824.0,,,0.07095524244896806,0.07095524244896806,0.0,802.4042479999999,
2181,NFCORE_CHIPSEQ:CHIPSEQ:FILTER_BAM_BAMTOOLS:BAM_SORT_SAMTOOLS:SAMTOOLS_INDEX,1700962449000,1700962500000,2,22.4,,1073741824.0,,,0.01631220969163333,0.01631220969163333,0.0,802.4042479999999,
2186,NFCORE_CHIPSEQ:CHIPSEQ:FILTER_BAM_BAMTOOLS:BAM_SORT_SAMTOOLS:BAM_STATS_SAMTOOLS:SAMTOOLS_FLAGSTAT,1700962460000,1700962500000,2,35.1,,1073741824.0,,,0.02574415818771396,0.02574415818771396,0.0,802.4042479999999,
2191,NFCORE_CHIPSEQ:CHIPSEQ:FILTER_BAM_BAMTOOLS:BAM_SORT_SAMTOOLS:BAM_STATS_SAMTOOLS:SAMTOOLS_IDXSTATS,1700962461000,1700962497000,1,56.5,,1073741824.0,,,0.0242549251577475,0.0242549251577475,0.0,802.4042479999999,
2192,NFCORE_CHIPSEQ:CHIPSEQ:FILTER_BAM_BAMTOOLS:BAM_SORT_SAMTOOLS:BAM_STATS_SAMTOOLS:SAMTOOLS_STATS,1700962461000,1700962500000,2,116.5,,1073741824.0,,,0.05056143498926813,0.05056143498926813,0.0,802.4042479999999,
2197,NFCORE_CHIPSEQ:CHIPSEQ:FILTER_BAM_BAMTOOLS:BAM_SORT_SAMTOOLS:BAM_STATS_SAMTOOLS:SAMTOOLS_FLAGSTAT,1700962471000,1700962500000,2,21.3,,1073741824.0,,,0.013262537220005068,0.013262537220005068,0.0,802.4042479999999,
2214,NFCORE_CHIPSEQ:CHIPSEQ:FILTER_BAM_BAMTOOLS:BAM_REMOVE_ORPHANS,1700962475000,1700962477000,2,50.4,,1073741824.0,,,0.001220880352338889,0.001220880352338889,0.0,802.4042479999999,
2220,NFCORE_CHIPSEQ:CHIPSEQ:FILTER_BAM_BAMTOOLS:BAM_REMOVE_ORPHANS,1700962492000,1700962500000,2,69.1,,1073741824.0,,,0.006436117906718333,0.006436117906718333,0.0,802.4042479999999,
1747,NFCORE_CHIPSEQ:CHIPSEQ:PRESEQ_LCEXTRAP,1700962408000,1700962500000,2,67.9,,1073741824.0,,,0.08554256161998752,0.08554256161998752,0.0,802.4042479999999,
1986,NFCORE_CHIPSEQ:CHIPSEQ:MARK_DUPLICATES_PICARD:BAM_STATS_SAMTOOLS:SAMTOOLS_STATS,1700962234000,1700962500000,2,23.2,,1073741824.0,,,0.08925677386669333,0.08925677386669333,0.0,802.4042479999999,
2022,NFCORE_CHIPSEQ:CHIPSEQ:MACS2_CALLPEAK,1700962268000,1700962500000,1,77.2,,1892679680.0,,,0.2349836347640049,0.2349836347640049,0.0,802.4042479999999,
2026,NFCORE_CHIPSEQ:CHIPSEQ:FILTER_BAM_BAMTOOLS:BAM_SORT_SAMTOOLS:BAM_STATS_SAMTOOLS:SAMTOOLS_STATS,1700962275000,1700962500000,2,19.8,,1073741824.0,,,0.07263017773289222,0.07263017773289222,0.0,802.4042479999999,
2035,NFCORE_CHIPSEQ:CHIPSEQ:PICARD_COLLECTMULTIPLEMETRICS,1700962304000,1700962500000,2,49.7,,2573205504.0,,,0.16606856780340867,0.16606856780340867,0.0,802.4042479999999,
2036,NFCORE_CHIPSEQ:CHIPSEQ:FILTER_BAM_BAMTOOLS:BAM_SORT_SAMTOOLS:SAMTOOLS_INDEX,1700962344000,1700962500000,2,8.7,,1073741824.0,,,0.030380592025076873,0.030380592025076873,0.0,802.4042479999999,
2077,NFCORE_CHIPSEQ:CHIPSEQ:FILTER_BAM_BAMTOOLS:BAM_SORT_SAMTOOLS:SAMTOOLS_SORT,1700962439000,1700962500000,5,197.0,,6309281792.0,,,0.19951853717526657,0.19951853717526657,0.0,802.4042479999999,
2132,NFCORE_CHIPSEQ:CHIPSEQ:PICARD_COLLECTMULTIPLEMETRICS,1700962388000,1700962500000,2,93.9,,2573205504.0,,,0.17166723199879427,0.17166723199879427,0.0,802.4042479999999,
2133,NFCORE_CHIPSEQ:CHIPSEQ:UCSC_BEDGRAPHTOBIGWIG,1700962388000,1700962500000,1,32.2,,1073741824.0,,,0.0581745587313275,0.0581745587313275,0.0,802.4042479999999,
2163,NFCORE_CHIPSEQ:CHIPSEQ:PICARD_COLLECTMULTIPLEMETRICS,1700962419000,1700962500000,2,114.4,,2573205504.0,,,0.14944342045505538,0.14944342045505538,0.0,802.4042479999999,
2178,NFCORE_CHIPSEQ:CHIPSEQ:FILTER_BAM_BAMTOOLS:BAM_SORT_SAMTOOLS:BAM_STATS_SAMTOOLS:SAMTOOLS_STATS,1700962447000,1700962500000,2,51.9,,1073741824.0,,,0.058844719515329866,0.058844719515329866,0.0,802.4042479999999,
2179,NFCORE_CHIPSEQ:CHIPSEQ:FILTER_BAM_BAMTOOLS:BAM_SORT_SAMTOOLS:BAM_STATS_SAMTOOLS:SAMTOOLS_FLAGSTAT,1700962448000,1700962500000,2,14.0,,1073741824.0,,,0.02163825147150917,0.02163825147150917,0.0,802.4042479999999,
2184,NFCORE_CHIPSEQ:CHIPSEQ:FILTER_BAM_BAMTOOLS:BAM_SORT_SAMTOOLS:BAM_STATS_SAMTOOLS:SAMTOOLS_STATS,1700962460000,1700962500000,2,62.8,,1073741824.0,,,0.06282616302400415,0.06282616302400415,0.0,802.4042479999999,
2194,NFCORE_CHIPSEQ:CHIPSEQ:FILTER_BAM_BAMTOOLS:BAM_SORT_SAMTOOLS:BAM_STATS_SAMTOOLS:SAMTOOLS_FLAGSTAT,1700962460000,1700962500000,2,12.9,,1073741824.0,,,0.014602712516402083,0.014602712516402083,0.0,802.4042479999999,
2205,NFCORE_CHIPSEQ:CHIPSEQ:FILTER_BAM_BAMTOOLS:BAM_SORT_SAMTOOLS:BAM_STATS_SAMTOOLS:SAMTOOLS_STATS,1700962496000,1700962500000,2,109.0,,1073741824.0,,,0.05849326366858,0.05849326366858,0.0,802.4042479999999,
2217,NFCORE_CHIPSEQ:CHIPSEQ:FILTER_BAM_BAMTOOLS:BAM_SORT_SAMTOOLS:BAM_STATS_SAMTOOLS:SAMTOOLS_FLAGSTAT,1700962491000,1700962500000,2,30.4,,1073741824.0,,,0.016920699579699997,0.016920699579699997,0.0,802.4042479999999,
1415,NFCORE_CHIPSEQ:CHIPSEQ:FILTER_BAM_BAMTOOLS:BAM_SORT_SAMTOOLS:SAMTOOLS_SORT,1700962499000,1700962500000,5,116.3,,6309281792.0,,,0.07741798352961797,0.07741798352961797,0.0,802.4042479999999,
1781,NFCORE_CHIPSEQ:CHIPSEQ:FILTER_BAM_BAMTOOLS:BAM_SORT_SAMTOOLS:SAMTOOLS_SORT,1700962457000,1700962500000,5,287.1,,6309281792.0,,,0.30039941819213606,0.30039941819213606,0.0,802.4042479999999,
2111,NFCORE_CHIPSEQ:CHIPSEQ:MARK_DUPLICATES_PICARD:BAM_STATS_SAMTOOLS:SAMTOOLS_FLAGSTAT,1700962421000,1700962500000,2,13.4,,1073741824.0,,,0.030343278834481943,0.030343278834481943,0.0,802.4042479999999,
2135,NFCORE_CHIPSEQ:CHIPSEQ:PICARD_COLLECTMULTIPLEMETRICS,1700962441000,1700962500000,2,82.6,,2573205504.0,,,0.13119634386728551,0.13119634386728551,0.0,802.4042479999999,
2182,NFCORE_CHIPSEQ:CHIPSEQ:PICARD_COLLECTMULTIPLEMETRICS,1700962450000,1700962500000,2,87.0,,2573205504.0,,,0.11679166221177656,0.11679166221177656,0.0,802.4042479999999,
2200,NFCORE_CHIPSEQ:CHIPSEQ:FILTER_BAM_BAMTOOLS:BAM_SORT_SAMTOOLS:BAM_STATS_SAMTOOLS:SAMTOOLS_FLAGSTAT,1700962477000,1700962500000,2,14.2,,1073741824.0,,,0.0183101126853775,0.0183101126853775,0.0,802.4042479999999,
1914,NFCORE_CHIPSEQ:CHIPSEQ:BEDTOOLS_GENOMECOV,1700962336000,1700962500000,2,108.2,,4567597056.0,,,0.345254968414911,0.345254968414911,0.0,802.4042479999999,
2067,NFCORE_CHIPSEQ:CHIPSEQ:BEDTOOLS_GENOMECOV,1700962328000,1700962500000,2,122.3,,4567597056.0,,,0.4003904698141411,0.4003904698141411,0.0,802.4042479999999,
2160,NFCORE_CHIPSEQ:CHIPSEQ:PICARD_COLLECTMULTIPLEMETRICS,1700962436000,1700962500000,2,94.2,,2573205504.0,,,0.16262248534426155,0.16262248534426155,0.0,802.4042479999999,
2196,NFCORE_CHIPSEQ:CHIPSEQ:FILTER_BAM_BAMTOOLS:BAM_SORT_SAMTOOLS:BAM_STATS_SAMTOOLS:SAMTOOLS_STATS,1700962464000,1700962500000,2,28.9,,1073741824.0,,,0.04918790280099895,0.04918790280099895,0.0,802.4042479999999,
2232,NFCORE_CHIPSEQ:CHIPSEQ:FILTER_BAM_BAMTOOLS:BAM_SORT_SAMTOOLS:SAMTOOLS_SORT,1700962499000,1700962500000,5,76.3,,6309281792.0,,,0.12008455302310783,0.12008455302310783,0.0,802.4042479999999,
1946,NFCORE_CHIPSEQ:CHIPSEQ:FILTER_BAM_BAMTOOLS:BAM_FILTER,1700962335000,1700962500000,2,125.5,,1073741824.0,,,0.3655310550916643,0.3655310550916643,0.0,802.4042479999999,
2060,NFCORE_CHIPSEQ:CHIPSEQ:FILTER_BAM_BAMTOOLS:BAM_FILTER,1700962303000,1700962500000,2,91.6,,1073741824.0,,,0.32282636965506584,0.32282636965506584,0.0,802.4042479999999,
2079,NFCORE_CHIPSEQ:CHIPSEQ:FILTER_BAM_BAMTOOLS:BAM_SORT_SAMTOOLS:SAMTOOLS_SORT,1700962459000,1700962500000,5,199.5,,6309281792.0,,,0.38499748836919284,0.38499748836919284,0.0,802.4042479999999,
2145,NFCORE_CHIPSEQ:CHIPSEQ:BEDTOOLS_GENOMECOV,1700962404000,1700962500000,2,122.0,,4567597056.0,,,0.3390310279231456,0.3390310279231456,0.0,802.4042479999999,
2153,NFCORE_CHIPSEQ:CHIPSEQ:BEDTOOLS_GENOMECOV,1700962412000,1700962500000,2,111.0,,4567597056.0,,,0.29863923093951916,0.29863923093951916,0.0,802.4042479999999,
2158,NFCORE_CHIPSEQ:CHIPSEQ:UCSC_BEDGRAPHTOBIGWIG,1700962421000,1700962500000,1,42.7,,1073741824.0,,,0.09390330044498812,0.09390330044498812,0.0,802.4042479999999,
2201,NFCORE_CHIPSEQ:CHIPSEQ:FILTER_BAM_BAMTOOLS:BAM_SORT_SAMTOOLS:BAM_STATS_SAMTOOLS:SAMTOOLS_STATS,1700962496000,1700962500000,2,46.9,,1073741824.0,,,0.06774569511011458,0.06774569511011458,0.0,802.4042479999999,
2216,NFCORE_CHIPSEQ:CHIPSEQ:FILTER_BAM_BAMTOOLS:BAM_SORT_SAMTOOLS:BAM_STATS_SAMTOOLS:SAMTOOLS_IDXSTATS,1700962482000,1700962500000,1,8.9,,1073741824.0,,,0.022647233021481247,0.022647233021481247,0.0,802.4042479999999,
2222,NFCORE_CHIPSEQ:CHIPSEQ:FILTER_BAM_BAMTOOLS:BAM_SORT_SAMTOOLS:BAM_STATS_SAMTOOLS:SAMTOOLS_STATS,1700962479000,1700962500000,2,48.7,,1073741824.0,,,0.08002759961078439,0.08002759961078439,0.0,802.4042479999999,
2004,NFCORE_CHIPSEQ:CHIPSEQ:FILTER_BAM_BAMTOOLS:BAM_FILTER,1700962268000,1700962500000,2,120.1,,1073741824.0,,,0.47083457657794436,0.47083457657794436,0.0,802.4042479999999,
2215,NFCORE_CHIPSEQ:CHIPSEQ:FILTER_BAM_BAMTOOLS:BAM_SORT_SAMTOOLS:BAM_STATS_SAMTOOLS:SAMTOOLS_STATS,1700962481000,1700962500000,2,28.7,,1073741824.0,,,0.058169829282678255,0.058169829282678255,0.0,802.4042479999999,
2049,NFCORE_CHIPSEQ:CHIPSEQ:PICARD_COLLECTMULTIPLEMETRICS,1700962340000,1700962500000,2,36.3,,2573205504.0,,,0.18111132103831468,0.18111132103831468,0.0,802.4042479999999,
2083,NFCORE_CHIPSEQ:CHIPSEQ:PICARD_COLLECTMULTIPLEMETRICS,1700962339000,1700962500000,2,39.3,,2573205504.0,,,0.19134927833272813,0.19134927833272813,0.0,802.4042479999999,
2089,NFCORE_CHIPSEQ:CHIPSEQ:PICARD_COLLECTMULTIPLEMETRICS,1700962389000,1700962500000,2,49.8,,2573205504.0,,,0.18881930191797291,0.18881930191797291,0.0,802.4042479999999,
2115,NFCORE_CHIPSEQ:CHIPSEQ:FILTER_BAM_BAMTOOLS:BAM_FILTER,1700962372000,1700962500000,2,137.5,,1073741824.0,,,0.41191455504590335,0.41191455504590335,0.0,802.4042479999999,
2064,NFCORE_CHIPSEQ:CHIPSEQ:PHANTOMPEAKQUALTOOLS,1700962329000,1700962500000,1,21.2,,4294967296.0,,,0.21413650721341554,0.21413650721341554,0.0,802.4042479999999,
2078,NFCORE_CHIPSEQ:CHIPSEQ:BEDTOOLS_GENOMECOV,1700962340000,1700962500000,2,119.9,,4567597056.0,,,0.5462203651284538,0.5462203651284538,0.0,802.4042479999999,
2112,NFCORE_CHIPSEQ:CHIPSEQ:FILTER_BAM_BAMTOOLS:BAM_FILTER,1700962421000,1700962500000,2,139.5,,1073741824.0,,,0.41295491533838613,0.41295491533838613,0.0,802.4042479999999,
2119,NFCORE_CHIPSEQ:CHIPSEQ:BEDTOOLS_GENOMECOV,1700962366000,1700962500000,2,104.1,,4567597056.0,,,0.49224805038029373,0.49224805038029373,0.0,802.4042479999999,
2199,NFCORE_CHIPSEQ:CHIPSEQ:BEDTOOLS_GENOMECOV,1700962495000,1700962500000,2,122.1,,4567597056.0,,,0.3605511546234583,0.3605511546234583,0.0,802.4042479999999,
1999,NFCORE_CHIPSEQ:CHIPSEQ:PHANTOMPEAKQUALTOOLS,1700962262000,1700962500000,1,22.1,,4294967296.0,,,0.26916640051188023,0.26916640051188023,0.0,802.4042479999999,
1998,NFCORE_CHIPSEQ:CHIPSEQ:PICARD_COLLECTMULTIPLEMETRICS,1700962262000,1700962500000,2,17.7,,2573205504.0,,,0.18121174694497844,0.18121174694497844,0.0,802.4042479999999,
2066,NFCORE_CHIPSEQ:CHIPSEQ:BEDTOOLS_GENOMECOV,1700962328000,1700962500000,2,113.4,,4567597056.0,,,0.5992994966827443,0.5992994966827443,0.0,802.4042479999999,
2106,NFCORE_CHIPSEQ:CHIPSEQ:BEDTOOLS_GENOMECOV,1700962354000,1700962500000,2,107.3,,4567597056.0,,,0.5658877808189595,0.5658877808189595,0.0,802.4042479999999,
2165,NFCORE_CHIPSEQ:CHIPSEQ:UCSC_BEDGRAPHTOBIGWIG,1700962423000,1700962500000,1,18.9,,1073741824.0,,,0.08448989361651318,0.08448989361651318,0.0,802.4042479999999,
2098,NFCORE_CHIPSEQ:CHIPSEQ:MACS2_CALLPEAK,1700962351000,1700962500000,1,80.4,,1892679680.0,,,0.3973483163996805,0.3973483163996805,0.0,802.4042479999999,
2103,NFCORE_CHIPSEQ:CHIPSEQ:MACS2_CALLPEAK,1700962345000,1700962500000,1,72.1,,1892679680.0,,,0.35640399757255103,0.35640399757255103,0.0,802.4042479999999,
2105,NFCORE_CHIPSEQ:CHIPSEQ:BEDTOOLS_GENOMECOV,1700962353000,1700962500000,2,120.6,,4567597056.0,,,0.6249710414652031,0.6249710414652031,0.0,802.4042479999999,
2195,NFCORE_CHIPSEQ:CHIPSEQ:MACS2_CALLPEAK,1700962461000,1700962500000,1,62.6,,1892679680.0,,,0.22583817488357902,0.22583817488357902,0.0,802.4042479999999,
2144,NFCORE_CHIPSEQ:CHIPSEQ:BEDTOOLS_GENOMECOV,1700962447000,1700962500000,2,96.6,,4567597056.0,,,0.4534931789585312,0.4534931789585312,0.0,802.4042479999999,
2224,NFCORE_CHIPSEQ:CHIPSEQ:MACS2_CALLPEAK,1700962480000,1700962500000,1,82.5,,1892679680.0,,,0.3353940749465684,0.3353940749465684,0.0,802.4042479999999,
2188,NFCORE_CHIPSEQ:CHIPSEQ:MACS2_CALLPEAK,1700962460000,1700962500000,1,88.1,,1892679680.0,,,0.4113115555671117,0.4113115555671117,0.0,802.4042479999999,
2208,NFCORE_CHIPSEQ:CHIPSEQ:MACS2_CALLPEAK,1700962467000,1700962500000,1,73.2,,1892679680.0,,,0.33989816780552845,0.33989816780552845,0.0,802.4042479999999,
2176,NFCORE_CHIPSEQ:CHIPSEQ:BEDTOOLS_GENOMECOV,1700962453000,1700962500000,2,120.1,,4567597056.0,,,0.7022607151922736,0.7022607151922736,0.0,802.4042479999999,
1985,NFCORE_CHIPSEQ:CHIPSEQ:FILTER_BAM_BAMTOOLS:BAM_FILTER,1700962230000,1700962500000,2,68.4,,1073741824.0,,,0.5389409426460945,0.5389409426460945,0.0,802.4042479999999,
2149,NFCORE_CHIPSEQ:CHIPSEQ:BEDTOOLS_GENOMECOV,1700962401000,1700962500000,2,82.3,,4567597056.0,,,0.6190349565320931,0.6190349565320931,0.0,802.4042479999999,
2175,NFCORE_CHIPSEQ:CHIPSEQ:BEDTOOLS_GENOMECOV,1700962444000,1700962500000,2,119.5,,4567597056.0,,,0.7446909881274967,0.7446909881274967,0.0,802.4042479999999,
2183,NFCORE_CHIPSEQ:CHIPSEQ:BEDTOOLS_GENOMECOV,1700962452000,1700962500000,2,120.6,,4567597056.0,,,0.7532118525710498,0.7532118525710498,0.0,802.4042479999999,
2219,NFCORE_CHIPSEQ:CHIPSEQ:MACS2_CALLPEAK,1700962473000,1700962500000,1,68.4,,1892679680.0,,,0.38702219215239225,0.38702219215239225,0.0,802.4042479999999,
2140,NFCORE_CHIPSEQ:CHIPSEQ:PHANTOMPEAKQUALTOOLS,1700962401000,1700962500000,1,18.8,,4294967296.0,,,0.3588940505450452,0.3588940505450452,0.0,802.4042479999999,
2147,NFCORE_CHIPSEQ:CHIPSEQ:PHANTOMPEAKQUALTOOLS,1700962401000,1700962500000,1,18.9,,4294967296.0,,,0.3595779817561161,0.3595779817561161,0.0,802.4042479999999,
2108,NFCORE_CHIPSEQ:CHIPSEQ:PHANTOMPEAKQUALTOOLS,1700962358000,1700962500000,1,15.3,,4294967296.0,,,0.3822667150869691,0.3822667150869691,0.0,805.579392,
2231,NFCORE_CHIPSEQ:CHIPSEQ:BEDTOOLS_GENOMECOV,1700962481000,1700962500000,2,53.6,,4567597056.0,,,0.5837565330496719,0.5837565330496719,0.0,805.579392,
2180,NFCORE_CHIPSEQ:CHIPSEQ:PHANTOMPEAKQUALTOOLS,1700962448000,1700962500000,1,17.1,,4294967296.0,,,0.3913803097504173,0.3913803097504173,0.0,805.579392,
2156,NFCORE_CHIPSEQ:CHIPSEQ:PHANTOMPEAKQUALTOOLS,1700962416000,1700962500000,1,16.4,,4294967296.0,,,0.45656723427205687,0.45656723427205687,0.0,805.579392,
2136,NFCORE_CHIPSEQ:CHIPSEQ:PHANTOMPEAKQUALTOOLS,1700962411000,1700962500000,1,15.5,,4294967296.0,,,0.45657147844026497,0.45657147844026497,0.0,805.579392,
2044,NFCORE_CHIPSEQ:CHIPSEQ:PHANTOMPEAKQUALTOOLS,1700962294000,1700962500000,1,17.1,,4294967296.0,,,0.5389236963262052,0.5389236963262052,0.0,805.579392,
2047,NFCORE_CHIPSEQ:CHIPSEQ:PHANTOMPEAKQUALTOOLS,1700962303000,1700962500000,1,14.3,,4294967296.0,,,0.6125830432092708,0.6125830432092708,0.0,806.940168,
2082,NFCORE_CHIPSEQ:CHIPSEQ:PHANTOMPEAKQUALTOOLS,1700962339000,1700962500000,1,15.5,,4294967296.0,,,0.6352380488367917,0.6352380488367917,0.0,806.940168,
2091,NFCORE_CHIPSEQ:CHIPSEQ:PHANTOMPEAKQUALTOOLS,1700962370000,1700962500000,1,15.0,,4294967296.0,,,0.6375451398760753,0.6375451398760753,0.0,806.940168,
2034,NFCORE_CHIPSEQ:CHIPSEQ:PHANTOMPEAKQUALTOOLS,1700962279000,1700962500000,1,14.2,,4294967296.0,,,0.7093194953194762,0.7093194953194762,0.0,807.620556,
2093,NFCORE_CHIPSEQ:CHIPSEQ:PHANTOMPEAKQUALTOOLS,1700962343000,1700962500000,1,12.3,,4294967296.0,,,0.6506317784811533,0.6506317784811533,0.0,807.620556,
2038,NFCORE_CHIPSEQ:CHIPSEQ:PHANTOMPEAKQUALTOOLS,1700962279000,1700962500000,1,12.4,,4294967296.0,,,0.7804351166622174,0.7804351166622174,0.0,807.620556,
2052,NFCORE_CHIPSEQ:CHIPSEQ:PHANTOMPEAKQUALTOOLS,1700962330000,1700962500000,1,12.8,,4294967296.0,,,0.7626113979863111,0.7626113979863111,0.0,807.620556,
2162,NFCORE_CHIPSEQ:CHIPSEQ:PHANTOMPEAKQUALTOOLS,1700962420000,1700962500000,1,12.1,,4294967296.0,,,0.7265541544608729,0.7265541544608729,0.0,807.620556,
2161,NFCORE_CHIPSEQ:CHIPSEQ:PHANTOMPEAKQUALTOOLS,1700962420000,1700962500000,1,12.1,,4294967296.0,,,0.77599627201235,0.77599627201235,0.0,802.0640539999999,
2131,NFCORE_CHIPSEQ:CHIPSEQ:PHANTOMPEAKQUALTOOLS,1700962387000,1700962500000,1,13.0,,4294967296.0,,,0.9187960901199953,0.9187960901199953,0.0,802.0640539999999,
2213,NFCORE_CHIPSEQ:CHIPSEQ:FILTER_BAM_BAMTOOLS:BAM_REMOVE_ORPHANS,1700962519000,1700962525000,2,139.1,,1073741824.0,,,0.009185982339747083,0.009185982339747083,0.0,802.4042479999999,
2223,NFCORE_CHIPSEQ:CHIPSEQ:FILTER_BAM_BAMTOOLS:BAM_SORT_SAMTOOLS:BAM_STATS_SAMTOOLS:SAMTOOLS_IDXSTATS,1700962520000,1700962525000,1,49.4,,1073741824.0,,,0.0030003092866840277,0.0030003092866840277,0.0,802.4042479999999,
2226,NFCORE_CHIPSEQ:CHIPSEQ:FILTER_BAM_BAMTOOLS:BAM_SORT_SAMTOOLS:BAM_STATS_SAMTOOLS:SAMTOOLS_IDXSTATS,1700962520000,1700962525000,1,2.0,,1073741824.0,,,0.0005406477233486112,0.0005406477233486112,0.0,802.4042479999999,
2203,NFCORE_CHIPSEQ:CHIPSEQ:FILTER_BAM_BAMTOOLS:BAM_SORT_SAMTOOLS:SAMTOOLS_SORT,1700962516000,1700962545000,5,206.0,,6309281792.0,,,0.07688871016509734,0.07688871016509734,0.0,802.4042479999999,
2206,NFCORE_CHIPSEQ:CHIPSEQ:FILTER_BAM_BAMTOOLS:BAM_SORT_SAMTOOLS:BAM_STATS_SAMTOOLS:SAMTOOLS_FLAGSTAT,1700962539000,1700962547000,2,152.0,,1073741824.0,,,0.013319018956524443,0.013319018956524443,0.0,802.4042479999999,
2234,NFCORE_CHIPSEQ:CHIPSEQ:FILTER_BAM_BAMTOOLS:BAM_SORT_SAMTOOLS:SAMTOOLS_INDEX,1700962505000,1700962543000,2,31.1,,1073741824.0,,,0.015585267662581528,0.015585267662581528,0.0,802.4042479999999,
2248,NFCORE_CHIPSEQ:CHIPSEQ:FILTER_BAM_BAMTOOLS:BAM_SORT_SAMTOOLS:BAM_STATS_SAMTOOLS:SAMTOOLS_IDXSTATS,1700962522000,1700962526000,1,1.3,,1073741824.0,,,0.00040345888594749997,0.00040345888594749997,0.0,802.4042479999999,
2252,NFCORE_CHIPSEQ:CHIPSEQ:FILTER_BAM_BAMTOOLS:BAM_SORT_SAMTOOLS:BAM_STATS_SAMTOOLS:SAMTOOLS_FLAGSTAT,1700962525000,1700962544000,2,62.7,,1073741824.0,,,0.014023776458407156,0.014023776458407156,0.0,802.4042479999999,
2251,NFCORE_CHIPSEQ:CHIPSEQ:FILTER_BAM_BAMTOOLS:BAM_SORT_SAMTOOLS:BAM_STATS_SAMTOOLS:SAMTOOLS_IDXSTATS,1700962522000,1700962524000,1,27.3,,1073741824.0,,,0.0007414020222709721,0.0007414020222709721,0.0,802.4042479999999,
2253,NFCORE_CHIPSEQ:CHIPSEQ:FILTER_BAM_BAMTOOLS:BAM_SORT_SAMTOOLS:SAMTOOLS_INDEX,1700962522000,1700962533000,2,151.8,,1073741824.0,,,0.018290818763789306,0.018290818763789306,0.0,802.4042479999999,
2257,NFCORE_CHIPSEQ:CHIPSEQ:FILTER_BAM_BAMTOOLS:BAM_SORT_SAMTOOLS:BAM_STATS_SAMTOOLS:SAMTOOLS_IDXSTATS,1700962524000,1700962528000,1,2.8,,1073741824.0,,,0.0004657287989433333,0.0004657287989433333,0.0,802.4042479999999,
2262,NFCORE_CHIPSEQ:CHIPSEQ:FILTER_BAM_BAMTOOLS:BAM_SORT_SAMTOOLS:BAM_STATS_SAMTOOLS:SAMTOOLS_IDXSTATS,1700962526000,1700962528000,1,75.1,,1073741824.0,,,0.0017335693026712497,0.0017335693026712497,0.0,802.4042479999999,
2241,NFCORE_CHIPSEQ:CHIPSEQ:FILTER_BAM_BAMTOOLS:BAM_SORT_SAMTOOLS:SAMTOOLS_INDEX,1700962515000,1700962552000,2,43.0,,1073741824.0,,,0.019744702821892914,0.019744702821892914,0.0,802.4042479999999,
2250,NFCORE_CHIPSEQ:CHIPSEQ:FILTER_BAM_BAMTOOLS:BAM_SORT_SAMTOOLS:BAM_STATS_SAMTOOLS:SAMTOOLS_STATS,1700962520000,1700962556000,2,126.4,,1073741824.0,,,0.050370926668200006,0.050370926668200006,0.0,802.4042479999999,
2273,NFCORE_CHIPSEQ:CHIPSEQ:FILTER_BAM_BAMTOOLS:BAM_SORT_SAMTOOLS:BAM_STATS_SAMTOOLS:SAMTOOLS_IDXSTATS,1700962545000,1700962555000,1,91.4,,1073741824.0,,,0.01035951248307639,0.01035951248307639,0.0,802.4042479999999,
2221,NFCORE_CHIPSEQ:CHIPSEQ:FILTER_BAM_BAMTOOLS:BAM_SORT_SAMTOOLS:BAM_STATS_SAMTOOLS:SAMTOOLS_FLAGSTAT,1700962500000,1700962603000,2,13.3,,1073741824.0,,,0.02321666839028979,0.02321666839028979,0.0,802.4042479999999,
2228,NFCORE_CHIPSEQ:CHIPSEQ:FILTER_BAM_BAMTOOLS:BAM_SORT_SAMTOOLS:BAM_STATS_SAMTOOLS:SAMTOOLS_STATS,1700962529000,1700962586000,2,78.5,,1073741824.0,,,0.05141804331589605,0.05141804331589605,0.0,802.4042479999999,
2236,NFCORE_CHIPSEQ:CHIPSEQ:PICARD_COLLECTMULTIPLEMETRICS,1700962505000,1700962586000,2,118.1,,2573205504.0,,,0.11624044810609968,0.11624044810609968,0.0,802.4042479999999,
2247,NFCORE_CHIPSEQ:CHIPSEQ:FILTER_BAM_BAMTOOLS:BAM_SORT_SAMTOOLS:BAM_STATS_SAMTOOLS:SAMTOOLS_FLAGSTAT,1700962518000,1700962573000,2,24.1,,1073741824.0,,,0.018561971497907292,0.018561971497907292,0.0,802.4042479999999,
2258,NFCORE_CHIPSEQ:CHIPSEQ:FILTER_BAM_BAMTOOLS:BAM_SORT_SAMTOOLS:BAM_STATS_SAMTOOLS:SAMTOOLS_STATS,1700962523000,1700962598000,2,87.8,,1073741824.0,,,0.07489419753826042,0.07489419753826042,0.0,802.4042479999999,
2274,NFCORE_CHIPSEQ:CHIPSEQ:FILTER_BAM_BAMTOOLS:BAM_SORT_SAMTOOLS:BAM_STATS_SAMTOOLS:SAMTOOLS_FLAGSTAT,1700962564000,1700962575000,2,145.8,,1073741824.0,,,0.017605849720835138,0.017605849720835138,0.0,802.4042479999999,
2286,NFCORE_CHIPSEQ:CHIPSEQ:FILTER_BAM_BAMTOOLS:BAM_SORT_SAMTOOLS:SAMTOOLS_INDEX,1700962563000,1700962598000,2,32.6,,1073741824.0,,,0.014899713533196527,0.014899713533196527,0.0,802.4042479999999,
2291,NFCORE_CHIPSEQ:CHIPSEQ:FILTER_BAM_BAMTOOLS:BAM_SORT_SAMTOOLS:BAM_STATS_SAMTOOLS:SAMTOOLS_IDXSTATS,1700962556000,1700962567000,1,46.6,,1073741824.0,,,0.006281028210659584,0.006281028210659584,0.0,802.4042479999999,
2306,NFCORE_CHIPSEQ:CHIPSEQ:FILTER_BAM_BAMTOOLS:BAM_SORT_SAMTOOLS:BAM_STATS_SAMTOOLS:SAMTOOLS_IDXSTATS,1700962572000,1700962598000,1,1.1,,1073741824.0,,,0.0025685155007290276,0.0025685155007290276,0.0,802.4042479999999,
1948,NFCORE_CHIPSEQ:CHIPSEQ:FILTER_BAM_BAMTOOLS:BAM_SORT_SAMTOOLS:SAMTOOLS_SORT,1700962528000,1700962614000,5,174.3,,6309281792.0,,,0.19972142286047267,0.19972142286047267,0.0,802.4042479999999,
2244,NFCORE_CHIPSEQ:CHIPSEQ:FILTER_BAM_BAMTOOLS:BAM_SORT_SAMTOOLS:SAMTOOLS_INDEX,1700962522000,1700962618000,2,15.3,,1073741824.0,,,0.023631473773806668,0.023631473773806668,0.0,802.4042479999999,
2254,NFCORE_CHIPSEQ:CHIPSEQ:PICARD_COLLECTMULTIPLEMETRICS,1700962522000,1700962627000,2,105.4,,2573205504.0,,,0.13684257419643492,0.13684257419643492,0.0,802.4042479999999,
2261,NFCORE_CHIPSEQ:CHIPSEQ:FILTER_BAM_BAMTOOLS:BAM_SORT_SAMTOOLS:BAM_STATS_SAMTOOLS:SAMTOOLS_FLAGSTAT,1700962606000,1700962628000,2,34.1,,1073741824.0,,,0.009708018742343474,0.009708018742343474,0.0,802.4042479999999,
2275,NFCORE_CHIPSEQ:CHIPSEQ:FILTER_BAM_BAMTOOLS:BAM_SORT_SAMTOOLS:BAM_STATS_SAMTOOLS:SAMTOOLS_STATS,1700962546000,1700962621000,2,131.9,,1073741824.0,,,0.10922048707721353,0.10922048707721353,0.0,802.4042479999999,
2290,NFCORE_CHIPSEQ:CHIPSEQ:FILTER_BAM_BAMTOOLS:BAM_SORT_SAMTOOLS:BAM_STATS_SAMTOOLS:SAMTOOLS_FLAGSTAT,1700962577000,1700962627000,2,21.2,,1073741824.0,,,0.015369663312819443,0.015369663312819443,0.0,802.4042479999999,
2289,NFCORE_CHIPSEQ:CHIPSEQ:FILTER_BAM_BAMTOOLS:BAM_SORT_SAMTOOLS:BAM_STATS_SAMTOOLS:SAMTOOLS_STATS,1700962577000,1700962621000,2,127.9,,1073741824.0,,,0.06224943497075417,0.06224943497075417,0.0,802.4042479999999,
2297,NFCORE_CHIPSEQ:CHIPSEQ:FILTER_BAM_BAMTOOLS:BAM_SORT_SAMTOOLS:BAM_STATS_SAMTOOLS:SAMTOOLS_IDXSTATS,1700962599000,1700962621000,1,1.4,,1073741824.0,,,0.0022418561741430554,0.0022418561741430554,0.0,802.4042479999999,
1931,NFCORE_CHIPSEQ:CHIPSEQ:FILTER_BAM_BAMTOOLS:BAM_SORT_SAMTOOLS:SAMTOOLS_SORT,1700962546000,1700962627000,5,110.4,,6309281792.0,,,0.13439257178319422,0.13439257178319422,0.0,802.4042479999999,
2272,NFCORE_CHIPSEQ:CHIPSEQ:FRIP_SCORE,1700962545000,1700962637000,2,112.0,,1073741824.0,,,0.11497650469592001,0.11497650469592001,0.0,802.4042479999999,
2278,NFCORE_CHIPSEQ:CHIPSEQ:FILTER_BAM_BAMTOOLS:BAM_SORT_SAMTOOLS:SAMTOOLS_INDEX,1700962549000,1700962635000,2,14.1,,1073741824.0,,,0.02009881941884014,0.02009881941884014,0.0,802.4042479999999,
2284,NFCORE_CHIPSEQ:CHIPSEQ:PICARD_COLLECTMULTIPLEMETRICS,1700962548000,1700962644000,2,128.2,,2573205504.0,,,0.14782927495476333,0.14782927495476333,0.0,802.4042479999999,
2299,NFCORE_CHIPSEQ:CHIPSEQ:FILTER_BAM_BAMTOOLS:BAM_SORT_SAMTOOLS:SAMTOOLS_INDEX,1700962618000,1700962641000,2,29.0,,1073741824.0,,,0.00893191552247236,0.00893191552247236,0.0,802.4042479999999,
2320,NFCORE_CHIPSEQ:CHIPSEQ:FILTER_BAM_BAMTOOLS:BAM_SORT_SAMTOOLS:BAM_STATS_SAMTOOLS:SAMTOOLS_IDXSTATS,1700962632000,1700962637000,1,1.9,,1073741824.0,,,0.0005354585639322916,0.0005354585639322916,0.0,802.4042479999999,
2321,NFCORE_CHIPSEQ:CHIPSEQ:FILTER_BAM_BAMTOOLS:BAM_REMOVE_ORPHANS,1700962618000,1700962619000,2,25.1,,1073741824.0,,,0.0003478687097036805,0.0003478687097036805,0.0,802.4042479999999,
2322,NFCORE_CHIPSEQ:CHIPSEQ:FILTER_BAM_BAMTOOLS:BAM_REMOVE_ORPHANS,1700962622000,1700962624000,2,6.0,,1073741824.0,,,0.00029928564000055553,0.00029928564000055553,0.0,802.4042479999999,
1500,NFCORE_CHIPSEQ:CHIPSEQ:FILTER_BAM_BAMTOOLS:BAM_SORT_SAMTOOLS:SAMTOOLS_SORT,1700962548000,1700962644000,5,330.3,,6309281792.0,,,0.3783705469609183,0.3783705469609183,0.0,802.4042479999999,
1954,NFCORE_CHIPSEQ:CHIPSEQ:FILTER_BAM_BAMTOOLS:BAM_SORT_SAMTOOLS:SAMTOOLS_SORT,1700962631000,1700962654000,5,422.7,,6309281792.0,,,0.11270728005917752,0.11270728005917752,0.0,802.4042479999999,
2227,NFCORE_CHIPSEQ:CHIPSEQ:FILTER_BAM_BAMTOOLS:BAM_SORT_SAMTOOLS:BAM_STATS_SAMTOOLS:SAMTOOLS_FLAGSTAT,1700962540000,1700962673000,2,12.0,,1073741824.0,,,0.028184393488482777,0.028184393488482777,0.0,802.4042479999999,
2243,NFCORE_CHIPSEQ:CHIPSEQ:PICARD_COLLECTMULTIPLEMETRICS,1700962517000,1700962653000,2,98.1,,2573205504.0,,,0.16694012021262417,0.16694012021262417,0.0,802.4042479999999,
2260,NFCORE_CHIPSEQ:CHIPSEQ:FILTER_BAM_BAMTOOLS:BAM_SORT_SAMTOOLS:BAM_STATS_SAMTOOLS:SAMTOOLS_STATS,1700962593000,1700962653000,2,70.3,,1073741824.0,,,0.049018123256337504,0.049018123256337504,0.0,802.4042479999999,
2308,NFCORE_CHIPSEQ:CHIPSEQ:FILTER_BAM_BAMTOOLS:BAM_SORT_SAMTOOLS:BAM_STATS_SAMTOOLS:SAMTOOLS_STATS,1700962575000,1700962664000,2,65.1,,1073741824.0,,,0.06790713020782202,0.06790713020782202,0.0,802.4042479999999,
2318,NFCORE_CHIPSEQ:CHIPSEQ:FILTER_BAM_BAMTOOLS:BAM_SORT_SAMTOOLS:BAM_STATS_SAMTOOLS:SAMTOOLS_STATS,1700962631000,1700962650000,2,123.8,,1073741824.0,,,0.02607196679121764,0.02607196679121764,0.0,802.4042479999999,
2328,NFCORE_CHIPSEQ:CHIPSEQ:FILTER_BAM_BAMTOOLS:BAM_SORT_SAMTOOLS:SAMTOOLS_INDEX,1700962626000,1700962671000,2,20.2,,1073741824.0,,,0.013365672634068753,0.013365672634068753,0.0,802.4042479999999,
2331,NFCORE_CHIPSEQ:CHIPSEQ:UCSC_BEDGRAPHTOBIGWIG,1700962632000,1700962678000,1,61.6,,1073741824.0,,,0.033427157966370004,0.033427157966370004,0.0,802.4042479999999,
2333,NFCORE_CHIPSEQ:CHIPSEQ:FILTER_BAM_BAMTOOLS:BAM_SORT_SAMTOOLS:BAM_STATS_SAMTOOLS:SAMTOOLS_STATS,1700962630000,1700962678000,2,106.3,,1073741824.0,,,0.05714823354787,0.05714823354787,0.0,802.4042479999999,
2334,NFCORE_CHIPSEQ:CHIPSEQ:FILTER_BAM_BAMTOOLS:BAM_SORT_SAMTOOLS:BAM_STATS_SAMTOOLS:SAMTOOLS_IDXSTATS,1700962648000,1700962655000,1,1.2,,1073741824.0,,,0.0006987882272252776,0.0006987882272252776,0.0,802.4042479999999,
2338,NFCORE_CHIPSEQ:CHIPSEQ:FILTER_BAM_BAMTOOLS:BAM_SORT_SAMTOOLS:SAMTOOLS_INDEX,1700962654000,1700962678000,2,40.7,,1073741824.0,,,0.012234491603828333,0.012234491603828333,0.0,802.4042479999999,
2341,NFCORE_CHIPSEQ:CHIPSEQ:FILTER_BAM_BAMTOOLS:BAM_REMOVE_ORPHANS,1700962677000,1700962679000,2,69.6,,1073741824.0,,,0.001619407795512222,0.001619407795512222,0.0,802.4042479999999,
2342,NFCORE_CHIPSEQ:CHIPSEQ:MULTIQC_CUSTOM_PEAKS,1700962649000,1700962652000,2,66.2,,1073741824.0,,,0.002323252841175417,0.002323252841175417,0.0,802.4042479999999,
2345,NFCORE_CHIPSEQ:CHIPSEQ:FILTER_BAM_BAMTOOLS:BAM_SORT_SAMTOOLS:BAM_STATS_SAMTOOLS:SAMTOOLS_IDXSTATS,1700962651000,1700962678000,1,32.0,,1073741824.0,,,0.011325935960519999,0.011325935960519999,0.0,802.4042479999999,
2355,NFCORE_CHIPSEQ:CHIPSEQ:FILTER_BAM_BAMTOOLS:BAM_SORT_SAMTOOLS:BAM_STATS_SAMTOOLS:SAMTOOLS_FLAGSTAT,1700962652000,1700962671000,2,52.7,,1073741824.0,,,0.012051895880205764,0.012051895880205764,0.0,802.4042479999999,
2356,NFCORE_CHIPSEQ:CHIPSEQ:FILTER_BAM_BAMTOOLS:BAM_SORT_SAMTOOLS:BAM_STATS_SAMTOOLS:SAMTOOLS_IDXSTATS,1700962659000,1700962678000,1,0.4,,1073741824.0,,,0.0017389604562125,0.0017389604562125,0.0,802.4042479999999,
1499,NFCORE_CHIPSEQ:CHIPSEQ:FILTER_BAM_BAMTOOLS:BAM_SORT_SAMTOOLS:SAMTOOLS_SORT,1700962500000,1700962672000,5,90.1,,6309281792.0,,,0.24913988105913593,0.24913988105913593,0.0,802.4042479999999,
1910,NFCORE_CHIPSEQ:CHIPSEQ:FILTER_BAM_BAMTOOLS:BAM_SORT_SAMTOOLS:SAMTOOLS_SORT,1700962608000,1700962678000,5,225.8,,6309281792.0,,,0.1999777882315828,0.1999777882315828,0.0,802.4042479999999,
1925,NFCORE_CHIPSEQ:CHIPSEQ:FILTER_BAM_BAMTOOLS:BAM_SORT_SAMTOOLS:SAMTOOLS_SORT,1700962611000,1700962662000,5,153.4,,6309281792.0,,,0.10737719839680306,0.10737719839680306,0.0,802.4042479999999,
2246,NFCORE_CHIPSEQ:CHIPSEQ:FILTER_BAM_BAMTOOLS:BAM_SORT_SAMTOOLS:BAM_STATS_SAMTOOLS:SAMTOOLS_STATS,1700962522000,1700962705000,2,40.8,,1073741824.0,,,0.09347792171382832,0.09347792171382832,0.0,802.4042479999999,
2256,NFCORE_CHIPSEQ:CHIPSEQ:FILTER_BAM_BAMTOOLS:BAM_SORT_SAMTOOLS:BAM_STATS_SAMTOOLS:SAMTOOLS_FLAGSTAT,1700962524000,1700962705000,2,11.7,,1073741824.0,,,0.03779266195968382,0.03779266195968382,0.0,802.4042479999999,
2279,NFCORE_CHIPSEQ:CHIPSEQ:PICARD_COLLECTMULTIPLEMETRICS,1700962555000,1700962719000,2,70.4,,2573205504.0,,,0.15416351816937013,0.15416351816937013,0.0,802.4042479999999,
2296,NFCORE_CHIPSEQ:CHIPSEQ:FILTER_BAM_BAMTOOLS:BAM_SORT_SAMTOOLS:BAM_STATS_SAMTOOLS:SAMTOOLS_FLAGSTAT,1700962618000,1700962720000,2,11.7,,1073741824.0,,,0.02129752220932458,0.02129752220932458,0.0,802.4042479999999,
2300,NFCORE_CHIPSEQ:CHIPSEQ:PICARD_COLLECTMULTIPLEMETRICS,1700962618000,1700962720000,2,77.1,,2573205504.0,,,0.10297473121995561,0.10297473121995561,0.0,802.4042479999999,
2307,NFCORE_CHIPSEQ:CHIPSEQ:FILTER_BAM_BAMTOOLS:BAM_SORT_SAMTOOLS:BAM_STATS_SAMTOOLS:SAMTOOLS_FLAGSTAT,1700962579000,1700962720000,2,12.6,,1073741824.0,,,0.030757701125692916,0.030757701125692916,0.0,802.4042479999999,
2313,NFCORE_CHIPSEQ:CHIPSEQ:FILTER_BAM_BAMTOOLS:BAM_SORT_SAMTOOLS:SAMTOOLS_INDEX,1700962614000,1700962721000,2,8.7,,1073741824.0,,,0.019010078050779092,0.019010078050779092,0.0,802.4042479999999,
2319,NFCORE_CHIPSEQ:CHIPSEQ:FILTER_BAM_BAMTOOLS:BAM_SORT_SAMTOOLS:BAM_STATS_SAMTOOLS:SAMTOOLS_FLAGSTAT,1700962682000,1700962710000,2,42.6,,1073741824.0,,,0.01482570009969611,0.01482570009969611,0.0,802.4042479999999,
2344,NFCORE_CHIPSEQ:CHIPSEQ:FILTER_BAM_BAMTOOLS:BAM_SORT_SAMTOOLS:BAM_STATS_SAMTOOLS:SAMTOOLS_STATS,1700962651000,1700962701000,2,115.2,,1073741824.0,,,0.06414776182622221,0.06414776182622221,0.0,802.4042479999999,
2343,NFCORE_CHIPSEQ:CHIPSEQ:FILTER_BAM_BAMTOOLS:BAM_SORT_SAMTOOLS:BAM_STATS_SAMTOOLS:SAMTOOLS_FLAGSTAT,1700962651000,1700962701000,2,32.9,,1073741824.0,,,0.021440979829913193,0.021440979829913193,0.0,802.4042479999999,
2354,NFCORE_CHIPSEQ:CHIPSEQ:FILTER_BAM_BAMTOOLS:BAM_SORT_SAMTOOLS:BAM_STATS_SAMTOOLS:SAMTOOLS_STATS,1700962668000,1700962710000,2,102.8,,1073741824.0,,,0.04847909148598833,0.04847909148598833,0.0,802.4042479999999,
2365,NFCORE_CHIPSEQ:CHIPSEQ:FILTER_BAM_BAMTOOLS:BAM_REMOVE_ORPHANS,1700962679000,1700962705000,2,0.2,,1073741824.0,,,0.0023256628400452777,0.0023256628400452777,0.0,802.4042479999999,
2368,NFCORE_CHIPSEQ:CHIPSEQ:FILTER_BAM_BAMTOOLS:BAM_SORT_SAMTOOLS:BAM_STATS_SAMTOOLS:SAMTOOLS_IDXSTATS,1700962686000,1700962701000,1,1.3,,1073741824.0,,,0.0015129708223031249,0.0015129708223031249,0.0,802.4042479999999,
2369,NFCORE_CHIPSEQ:CHIPSEQ:FILTER_BAM_BAMTOOLS:BAM_SORT_SAMTOOLS:BAM_STATS_SAMTOOLS:SAMTOOLS_STATS,1700962686000,1700962726000,2,81.8,,1073741824.0,,,0.037452775500572216,0.037452775500572216,0.0,802.4042479999999,
2374,NFCORE_CHIPSEQ:CHIPSEQ:FILTER_BAM_BAMTOOLS:BAM_SORT_SAMTOOLS:BAM_STATS_SAMTOOLS:SAMTOOLS_FLAGSTAT,1700962695000,1700962720000,2,32.5,,1073741824.0,,,0.010616706726630206,0.010616706726630206,0.0,802.4042479999999,
2373,NFCORE_CHIPSEQ:CHIPSEQ:FILTER_BAM_BAMTOOLS:BAM_SORT_SAMTOOLS:BAM_STATS_SAMTOOLS:SAMTOOLS_IDXSTATS,1700962705000,1700962719000,1,0.7,,1073741824.0,,,0.0013249282226220833,0.0013249282226220833,0.0,802.4042479999999,
1493,NFCORE_CHIPSEQ:CHIPSEQ:FILTER_BAM_BAMTOOLS:BAM_SORT_SAMTOOLS:SAMTOOLS_SORT,1700962539000,1700962705000,5,92.1,,6309281792.0,,,0.24389455682811376,0.24389455682811376,0.0,802.4042479999999,
2295,NFCORE_CHIPSEQ:CHIPSEQ:FILTER_BAM_BAMTOOLS:BAM_SORT_SAMTOOLS:BAM_STATS_SAMTOOLS:SAMTOOLS_STATS,1700962609000,1700962727000,2,57.8,,1073741824.0,,,0.08109428879265473,0.08109428879265473,0.0,802.4042479999999,
2302,NFCORE_CHIPSEQ:CHIPSEQ:FILTER_BAM_BAMTOOLS:BAM_SORT_SAMTOOLS:SAMTOOLS_INDEX,1700962627000,1700962740000,2,12.5,,1073741824.0,,,0.024532513842604655,0.024532513842604655,0.0,802.4042479999999,
2309,NFCORE_CHIPSEQ:CHIPSEQ:UCSC_BEDGRAPHTOBIGWIG,1700962582000,1700962738000,1,31.1,,1073741824.0,,,0.06398162514112417,0.06398162514112417,0.0,802.4042479999999,
2311,NFCORE_CHIPSEQ:CHIPSEQ:UCSC_BEDGRAPHTOBIGWIG,1700962591000,1700962738000,1,34.5,,1073741824.0,,,0.06547746128938145,0.06547746128938145,0.0,802.4042479999999,
2323,NFCORE_CHIPSEQ:CHIPSEQ:PICARD_COLLECTMULTIPLEMETRICS,1700962625000,1700962747000,2,78.6,,2573205504.0,,,0.12506508733494728,0.12506508733494728,0.0,802.4042479999999,
2327,NFCORE_CHIPSEQ:CHIPSEQ:PICARD_COLLECTMULTIPLEMETRICS,1700962658000,1700962742000,2,110.5,,2573205504.0,,,0.11392013114505041,0.11392013114505041,0.0,802.4042479999999,
2361,NFCORE_CHIPSEQ:CHIPSEQ:FILTER_BAM_BAMTOOLS:BAM_SORT_SAMTOOLS:SAMTOOLS_INDEX,1700962656000,1700962753000,2,15.5,,1073741824.0,,,0.02407897434430368,0.02407897434430368,0.0,802.4042479999999,
2378,NFCORE_CHIPSEQ:CHIPSEQ:FILTER_BAM_BAMTOOLS:BAM_SORT_SAMTOOLS:SAMTOOLS_INDEX,1700962706000,1700962726000,2,57.3,,1073741824.0,,,0.013641011522293054,0.013641011522293054,0.0,802.4042479999999,
2400,NFCORE_CHIPSEQ:CHIPSEQ:FILTER_BAM_BAMTOOLS:BAM_SORT_SAMTOOLS:BAM_STATS_SAMTOOLS:SAMTOOLS_IDXSTATS,1700962726000,1700962729000,1,36.2,,1073741824.0,,,0.0013892041462379167,0.0013892041462379167,0.0,802.4042479999999,
2266,NFCORE_CHIPSEQ:CHIPSEQ:BEDTOOLS_GENOMECOV,1700962526000,1700962765000,2,121.2,,4567597056.0,,,0.38945728705094723,0.38945728705094723,0.0,802.4042479999999,
2301,NFCORE_CHIPSEQ:CHIPSEQ:PICARD_COLLECTMULTIPLEMETRICS,1700962559000,1700962760000,2,67.1,,2573205504.0,,,0.18206037302101424,0.18206037302101424,0.0,802.4042479999999,
2326,NFCORE_CHIPSEQ:CHIPSEQ:FILTER_BAM_BAMTOOLS:BAM_REMOVE_ORPHANS,1700962749000,1700962765000,2,32.5,,1073741824.0,,,0.006794692305043332,0.006794692305043332,0.0,802.4042479999999,
2330,NFCORE_CHIPSEQ:CHIPSEQ:UCSC_BEDGRAPHTOBIGWIG,1700962627000,1700962770000,1,30.5,,1073741824.0,,,0.05775936329019006,0.05775936329019006,0.0,802.4042479999999,
2392,NFCORE_CHIPSEQ:CHIPSEQ:FILTER_BAM_BAMTOOLS:BAM_REMOVE_ORPHANS,1700962747000,1700962760000,2,12.9,,1073741824.0,,,0.002876291859291319,0.002876291859291319,0.0,802.4042479999999,
1918,NFCORE_CHIPSEQ:CHIPSEQ:FILTER_BAM_BAMTOOLS:BAM_SORT_SAMTOOLS:SAMTOOLS_SORT,1700962683000,1700962774000,5,159.2,,6309281792.0,,,0.19707228558396636,0.19707228558396636,0.0,802.4042479999999,
2242,NFCORE_CHIPSEQ:CHIPSEQ:FILTER_BAM_BAMTOOLS:BAM_SORT_SAMTOOLS:SAMTOOLS_SORT,1700962682000,1700962777000,5,171.1,,6309281792.0,,,0.21746749307191154,0.21746749307191154,0.0,802.4042479999999,
2292,NFCORE_CHIPSEQ:CHIPSEQ:MACS2_CALLPEAK,1700962558000,1700962778000,1,79.3,,1892679680.0,,,0.2149427493497892,0.2149427493497892,0.0,802.4042479999999,
2339,NFCORE_CHIPSEQ:CHIPSEQ:PICARD_COLLECTMULTIPLEMETRICS,1700962641000,1700962779000,2,64.4,,2573205504.0,,,0.12112971241738645,0.12112971241738645,0.0,802.4042479999999,
2375,NFCORE_CHIPSEQ:CHIPSEQ:FILTER_BAM_BAMTOOLS:BAM_SORT_SAMTOOLS:BAM_STATS_SAMTOOLS:SAMTOOLS_STATS,1700962710000,1700962777000,2,68.0,,1073741824.0,,,0.05313760537080055,0.05313760537080055,0.0,802.4042479999999,
2382,NFCORE_CHIPSEQ:CHIPSEQ:FILTER_BAM_BAMTOOLS:BAM_SORT_SAMTOOLS:SAMTOOLS_INDEX,1700962713000,1700962777000,2,23.8,,1073741824.0,,,0.02140012129416,0.02140012129416,0.0,802.4042479999999,
2387,NFCORE_CHIPSEQ:CHIPSEQ:FILTER_BAM_BAMTOOLS:BAM_SORT_SAMTOOLS:SAMTOOLS_INDEX,1700962726000,1700962777000,2,17.4,,1073741824.0,,,0.013665738389310414,0.013665738389310414,0.0,802.4042479999999,
2394,NFCORE_CHIPSEQ:CHIPSEQ:UCSC_BEDGRAPHTOBIGWIG,1700962721000,1700962777000,1,99.8,,1073741824.0,,,0.06289523108410111,0.06289523108410111,0.0,802.4042479999999,
2399,NFCORE_CHIPSEQ:CHIPSEQ:FILTER_BAM_BAMTOOLS:BAM_SORT_SAMTOOLS:BAM_STATS_SAMTOOLS:SAMTOOLS_STATS,1700962731000,1700962777000,2,80.1,,1073741824.0,,,0.04225910729294569,0.04225910729294569,0.0,802.4042479999999,
2398,NFCORE_CHIPSEQ:CHIPSEQ:FILTER_BAM_BAMTOOLS:BAM_SORT_SAMTOOLS:BAM_STATS_SAMTOOLS:SAMTOOLS_FLAGSTAT,1700962743000,1700962778000,2,29.9,,1073741824.0,,,0.01391896240351215,0.01391896240351215,0.0,802.4042479999999,
2408,NFCORE_CHIPSEQ:CHIPSEQ:FILTER_BAM_BAMTOOLS:BAM_SORT_SAMTOOLS:SAMTOOLS_INDEX,1700962744000,1700962777000,2,163.6,,1073741824.0,,,0.058913773644797496,0.058913773644797496,0.0,802.4042479999999,
2415,NFCORE_CHIPSEQ:CHIPSEQ:FILTER_BAM_BAMTOOLS:BAM_SORT_SAMTOOLS:BAM_STATS_SAMTOOLS:SAMTOOLS_IDXSTATS,1700962757000,1700962778000,1,1.5,,1073741824.0,,,0.0021617480903214584,0.0021617480903214584,0.0,802.4042479999999,
2422,NFCORE_CHIPSEQ:CHIPSEQ:FILTER_BAM_BAMTOOLS:BAM_SORT_SAMTOOLS:BAM_STATS_SAMTOOLS:SAMTOOLS_IDXSTATS,1700962769000,1700962777000,1,13.0,,1073741824.0,,,0.00177832841463,0.00177832841463,0.0,802.4042479999999,
2426,NFCORE_CHIPSEQ:CHIPSEQ:FILTER_BAM_BAMTOOLS:BAM_SORT_SAMTOOLS:BAM_STATS_SAMTOOLS:SAMTOOLS_IDXSTATS,1700962768000,1700962777000,1,1.7,,1073741824.0,,,0.0009451444411793749,0.0009451444411793749,0.0,802.4042479999999,
1857,NFCORE_CHIPSEQ:CHIPSEQ:FILTER_BAM_BAMTOOLS:BAM_SORT_SAMTOOLS:SAMTOOLS_SORT,1700962611000,1700962778000,5,187.4,,6309281792.0,,,0.4105357831996866,0.4105357831996866,0.0,802.4042479999999,
2189,NFCORE_CHIPSEQ:CHIPSEQ:FILTER_BAM_BAMTOOLS:BAM_SORT_SAMTOOLS:SAMTOOLS_SORT,1700962726000,1700962790000,5,284.3,,6309281792.0,,,0.22169326066399,0.22169326066399,0.0,802.4042479999999,
2218,NFCORE_CHIPSEQ:CHIPSEQ:DEEPTOOLS_PLOTFINGERPRINT,1700962501000,1700962789000,8,331.4,,4294967296.0,,,1.0911935488764397,1.0911935488764397,0.0,802.4042479999999,
2360,NFCORE_CHIPSEQ:CHIPSEQ:PICARD_COLLECTMULTIPLEMETRICS,1700962658000,1700962793000,2,95.0,,2573205504.0,,,0.1613692928972484,0.1613692928972484,0.0,802.4042479999999,
2385,NFCORE_CHIPSEQ:CHIPSEQ:PICARD_COLLECTMULTIPLEMETRICS,1700962716000,1700962793000,2,118.6,,2573205504.0,,,0.11089974433887974,0.11089974433887974,0.0,802.4042479999999,
2416,NFCORE_CHIPSEQ:CHIPSEQ:FILTER_BAM_BAMTOOLS:BAM_SORT_SAMTOOLS:BAM_STATS_SAMTOOLS:SAMTOOLS_FLAGSTAT,1700962756000,1700962794000,2,38.3,,1073741824.0,,,0.018424775695191527,0.018424775695191527,0.0,802.4042479999999,
2446,NFCORE_CHIPSEQ:CHIPSEQ:FILTER_BAM_BAMTOOLS:BAM_SORT_SAMTOOLS:BAM_STATS_SAMTOOLS:SAMTOOLS_IDXSTATS,1700962786000,1700962793000,1,3.9,,1073741824.0,,,0.0008949384531621526,0.0008949384531621526,0.0,802.4042479999999,
2229,NFCORE_CHIPSEQ:CHIPSEQ:MACS2_CALLPEAK,1700962530000,1700962800000,1,77.0,,1892679680.0,,,0.25830158057067476,0.25830158057067476,0.0,802.4042479999999,
2304,NFCORE_CHIPSEQ:CHIPSEQ:UCSC_BEDGRAPHTOBIGWIG,1700962561000,1700962800000,1,27.4,,1073741824.0,,,0.08921732232449998,0.08921732232449998,0.0,802.4042479999999,
2324,NFCORE_CHIPSEQ:CHIPSEQ:FILTER_BAM_BAMTOOLS:BAM_SORT_SAMTOOLS:SAMTOOLS_INDEX,1700962767000,1700962800000,2,24.5,,1073741824.0,,,0.012982385299355694,0.012982385299355694,0.0,802.4042479999999,
2379,NFCORE_CHIPSEQ:CHIPSEQ:PICARD_COLLECTMULTIPLEMETRICS,1700962706000,1700962800000,2,114.4,,2573205504.0,,,0.132683410684395,0.132683410684395,0.0,802.4042479999999,
2414,NFCORE_CHIPSEQ:CHIPSEQ:FILTER_BAM_BAMTOOLS:BAM_SORT_SAMTOOLS:BAM_STATS_SAMTOOLS:SAMTOOLS_STATS,1700962760000,1700962800000,2,120.2,,1073741824.0,,,0.05739841371956848,0.05739841371956848,0.0,802.4042479999999,
2421,NFCORE_CHIPSEQ:CHIPSEQ:FILTER_BAM_BAMTOOLS:BAM_SORT_SAMTOOLS:BAM_STATS_SAMTOOLS:SAMTOOLS_FLAGSTAT,1700962763000,1700962800000,2,29.0,,1073741824.0,,,0.0166987985854918,0.0166987985854918,0.0,802.4042479999999,
2424,NFCORE_CHIPSEQ:CHIPSEQ:FILTER_BAM_BAMTOOLS:BAM_SORT_SAMTOOLS:BAM_STATS_SAMTOOLS:SAMTOOLS_FLAGSTAT,1700962784000,1700962800000,2,49.0,,1073741824.0,,,0.013110031655682503,0.013110031655682503,0.0,802.4042479999999,
2438,NFCORE_CHIPSEQ:CHIPSEQ:FILTER_BAM_BAMTOOLS:BAM_SORT_SAMTOOLS:SAMTOOLS_INDEX,1700962782000,1700962800000,2,46.9,,1073741824.0,,,0.013778785446125,0.013778785446125,0.0,802.4042479999999,
2440,NFCORE_CHIPSEQ:CHIPSEQ:FILTER_BAM_BAMTOOLS:BAM_SORT_SAMTOOLS:SAMTOOLS_INDEX,1700962781000,1700962800000,2,45.4,,1073741824.0,,,0.01619790887818125,0.01619790887818125,0.0,802.4042479999999,
2425,NFCORE_CHIPSEQ:CHIPSEQ:FILTER_BAM_BAMTOOLS:BAM_SORT_SAMTOOLS:BAM_STATS_SAMTOOLS:SAMTOOLS_STATS,1700962784000,1700962800000,2,126.5,,1073741824.0,,,0.042006907179997915,0.042006907179997915,0.0,802.4042479999999,
1897,NFCORE_CHIPSEQ:CHIPSEQ:FILTER_BAM_BAMTOOLS:BAM_SORT_SAMTOOLS:SAMTOOLS_SORT,1700962793000,1700962800000,5,225.5,,6309281792.0,,,0.1483930266268152,0.1483930266268152,0.0,802.4042479999999,
1913,NFCORE_CHIPSEQ:CHIPSEQ:FILTER_BAM_BAMTOOLS:BAM_SORT_SAMTOOLS:SAMTOOLS_SORT,1700962677000,1700962800000,5,160.8,,6309281792.0,,,0.3295174581286351,0.3295174581286351,0.0,802.4042479999999,
2118,NFCORE_CHIPSEQ:CHIPSEQ:FILTER_BAM_BAMTOOLS:BAM_SORT_SAMTOOLS:SAMTOOLS_SORT,1700962794000,1700962800000,5,214.4,,6309281792.0,,,0.1862188643801902,0.1862188643801902,0.0,802.4042479999999,
2233,NFCORE_CHIPSEQ:CHIPSEQ:FILTER_BAM_BAMTOOLS:BAM_SORT_SAMTOOLS:SAMTOOLS_SORT,1700962597000,1700962800000,5,68.4,,6309281792.0,,,0.2825772554007729,0.2825772554007729,0.0,802.4042479999999,
2238,NFCORE_CHIPSEQ:CHIPSEQ:FRIP_SCORE,1700962549000,1700962800000,2,67.2,,1073741824.0,,,0.21895806518362002,0.21895806518362002,0.0,802.4042479999999,
2239,NFCORE_CHIPSEQ:CHIPSEQ:PICARD_COLLECTMULTIPLEMETRICS,1700962511000,1700962800000,2,52.1,,2573205504.0,,,0.23778113498394401,0.23778113498394401,0.0,802.4042479999999,
2264,NFCORE_CHIPSEQ:CHIPSEQ:MACS2_CALLPEAK,1700962526000,1700962800000,1,49.9,,1892679680.0,,,0.21030154601321785,0.21030154601321785,0.0,802.4042479999999,
2270,NFCORE_CHIPSEQ:CHIPSEQ:UCSC_BEDGRAPHTOBIGWIG,1700962533000,1700962800000,1,20.2,,1073741824.0,,,0.086728364647735,0.086728364647735,0.0,802.4042479999999,
2276,NFCORE_CHIPSEQ:CHIPSEQ:MACS2_CALLPEAK,1700962545000,1700962800000,1,98.6,,1892679680.0,,,0.37320855401307335,0.37320855401307335,0.0,802.4042479999999,
2352,NFCORE_CHIPSEQ:CHIPSEQ:MACS2_CALLPEAK,1700962651000,1700962800000,1,78.9,,1892679680.0,,,0.18873506688521957,0.18873506688521957,0.0,802.4042479999999,
2357,NFCORE_CHIPSEQ:CHIPSEQ:FILTER_BAM_BAMTOOLS:BAM_SORT_SAMTOOLS:SAMTOOLS_SORT,1700962654000,1700962800000,5,388.3,,6309281792.0,,,0.8950305642244497,0.8950305642244497,0.0,802.4042479999999,
2383,NFCORE_CHIPSEQ:CHIPSEQ:PICARD_COLLECTMULTIPLEMETRICS,1700962713000,1700962800000,2,110.7,,2573205504.0,,,0.1711417303521581,0.1711417303521581,0.0,802.4042479999999,
2409,NFCORE_CHIPSEQ:CHIPSEQ:PICARD_COLLECTMULTIPLEMETRICS,1700962738000,1700962800000,2,107.0,,2573205504.0,,,0.13330666007421088,0.13330666007421088,0.0,802.4042479999999,
2423,NFCORE_CHIPSEQ:CHIPSEQ:FILTER_BAM_BAMTOOLS:BAM_SORT_SAMTOOLS:BAM_STATS_SAMTOOLS:SAMTOOLS_STATS,1700962784000,1700962800000,2,127.3,,1073741824.0,,,0.08592050655836186,0.08592050655836186,0.0,802.4042479999999,
2439,NFCORE_CHIPSEQ:CHIPSEQ:UCSC_BEDGRAPHTOBIGWIG,1700962781000,1700962800000,1,100.2,,1073741824.0,,,0.08905515586875402,0.08905515586875402,0.0,802.4042479999999,
2444,NFCORE_CHIPSEQ:CHIPSEQ:FRIP_SCORE,1700962782000,1700962800000,2,117.7,,1073741824.0,,,0.10209428062127122,0.10209428062127122,0.0,802.4042479999999,
2445,NFCORE_CHIPSEQ:CHIPSEQ:FILTER_BAM_BAMTOOLS:BAM_SORT_SAMTOOLS:BAM_STATS_SAMTOOLS:SAMTOOLS_STATS,1700962793000,1700962800000,2,67.5,,1073741824.0,,,0.06066902597198286,0.06066902597198286,0.0,802.4042479999999,
2305,NFCORE_CHIPSEQ:CHIPSEQ:BEDTOOLS_GENOMECOV,1700962571000,1700962800000,2,122.8,,4567597056.0,,,0.497132379766149,0.497132379766149,0.0,802.4042479999999,
2310,NFCORE_CHIPSEQ:CHIPSEQ:UCSC_BEDGRAPHTOBIGWIG,1700962586000,1700962800000,1,29.7,,1073741824.0,,,0.11512221211314144,0.11512221211314144,0.0,802.4042479999999,
2393,NFCORE_CHIPSEQ:CHIPSEQ:UCSC_BEDGRAPHTOBIGWIG,1700962720000,1700962800000,1,41.2,,1073741824.0,,,0.08599826036583083,0.08599826036583083,0.0,802.4042479999999,
2431,NFCORE_CHIPSEQ:CHIPSEQ:UCSC_BEDGRAPHTOBIGWIG,1700962773000,1700962800000,1,88.1,,1073741824.0,,,0.10918560478143241,0.10918560478143241,0.0,802.4042479999999,
2432,NFCORE_CHIPSEQ:CHIPSEQ:UCSC_BEDGRAPHTOBIGWIG,1700962777000,1700962800000,1,67.9,,1073741824.0,,,0.08712668313146874,0.08712668313146874,0.0,802.4042479999999,
2441,NFCORE_CHIPSEQ:CHIPSEQ:PICARD_COLLECTMULTIPLEMETRICS,1700962781000,1700962800000,2,113.8,,2573205504.0,,,0.13209184651093453,0.13209184651093453,0.0,802.4042479999999,
1670,NFCORE_CHIPSEQ:CHIPSEQ:FILTER_BAM_BAMTOOLS:BAM_SORT_SAMTOOLS:SAMTOOLS_SORT,1700962780000,1700962800000,5,274.1,,6309281792.0,,,0.3559584246528843,0.3559584246528843,0.0,802.4042479999999,
2288,NFCORE_CHIPSEQ:CHIPSEQ:BEDTOOLS_GENOMECOV,1700962568000,1700962800000,2,110.8,,4567597056.0,,,0.5173419198267097,0.5173419198267097,0.0,802.4042479999999,
2294,NFCORE_CHIPSEQ:CHIPSEQ:BEDTOOLS_GENOMECOV,1700962598000,1700962800000,2,111.5,,4567597056.0,,,0.47241733985306833,0.47241733985306833,0.0,802.4042479999999,
2315,NFCORE_CHIPSEQ:CHIPSEQ:PICARD_COLLECTMULTIPLEMETRICS,1700962727000,1700962800000,2,49.8,,2573205504.0,,,0.13289973942688094,0.13289973942688094,0.0,802.4042479999999,
2336,NFCORE_CHIPSEQ:CHIPSEQ:BEDTOOLS_GENOMECOV,1700962636000,1700962800000,2,114.4,,4567597056.0,,,0.422477029832647,0.422477029832647,0.0,802.4042479999999,
2349,NFCORE_CHIPSEQ:CHIPSEQ:MACS2_CALLPEAK,1700962649000,1700962800000,1,77.4,,1892679680.0,,,0.24698177234572055,0.24698177234572055,0.0,802.4042479999999,
2348,NFCORE_CHIPSEQ:CHIPSEQ:MACS2_CALLPEAK,1700962651000,1700962800000,1,83.7,,1892679680.0,,,0.26078266047656745,0.26078266047656745,0.0,802.4042479999999,
2364,NFCORE_CHIPSEQ:CHIPSEQ:PICARD_COLLECTMULTIPLEMETRICS,1700962669000,1700962800000,2,33.1,,2573205504.0,,,0.13656880946932212,0.13656880946932212,0.0,802.4042479999999,
2362,NFCORE_CHIPSEQ:CHIPSEQ:FILTER_BAM_BAMTOOLS:BAM_SORT_SAMTOOLS:SAMTOOLS_INDEX,1700962668000,1700962800000,2,3.3,,1073741824.0,,,0.02943236891482097,0.02943236891482097,0.0,802.4042479999999,
2371,NFCORE_CHIPSEQ:CHIPSEQ:MACS2_CALLPEAK,1700962686000,1700962800000,1,92.2,,1892679680.0,,,0.28883213059623997,0.28883213059623997,0.0,802.4042479999999,
2367,NFCORE_CHIPSEQ:CHIPSEQ:FILTER_BAM_BAMTOOLS:BAM_SORT_SAMTOOLS:BAM_STATS_SAMTOOLS:SAMTOOLS_FLAGSTAT,1700962686000,1700962800000,2,3.2,,1073741824.0,,,0.028698879489995555,0.028698879489995555,0.0,802.4042479999999,
2376,NFCORE_CHIPSEQ:CHIPSEQ:FILTER_BAM_BAMTOOLS:BAM_SORT_SAMTOOLS:SAMTOOLS_SORT,1700962798000,1700962800000,5,198.5,,6309281792.0,,,0.28051122118175253,0.28051122118175253,0.0,802.4042479999999,
2389,NFCORE_CHIPSEQ:CHIPSEQ:UCSC_BEDGRAPHTOBIGWIG,1700962716000,1700962800000,1,31.0,,1073741824.0,,,0.09082037556120749,0.09082037556120749,0.0,802.4042479999999,
2391,NFCORE_CHIPSEQ:CHIPSEQ:UCSC_BEDGRAPHTOBIGWIG,1700962720000,1700962800000,1,38.6,,1073741824.0,,,0.10149901090041555,0.10149901090041555,0.0,802.4042479999999,
2402,NFCORE_CHIPSEQ:CHIPSEQ:MACS2_CALLPEAK,1700962726000,1700962800000,1,91.1,,1892679680.0,,,0.24188486503931977,0.24188486503931977,0.0,802.4042479999999,
2403,NFCORE_CHIPSEQ:CHIPSEQ:BEDTOOLS_GENOMECOV,1700962743000,1700962800000,2,112.8,,4567597056.0,,,0.24677608312136667,0.24677608312136667,0.0,802.4042479999999,
2411,NFCORE_CHIPSEQ:CHIPSEQ:UCSC_BEDGRAPHTOBIGWIG,1700962740000,1700962800000,1,44.5,,1073741824.0,,,0.09171775187449811,0.09171775187449811,0.0,802.4042479999999,
2428,NFCORE_CHIPSEQ:CHIPSEQ:FRIP_SCORE,1700962777000,1700962800000,2,131.2,,1073741824.0,,,0.24488240909608663,0.24488240909608663,0.0,802.4042479999999,
2430,NFCORE_CHIPSEQ:CHIPSEQ:FRIP_SCORE,1700962777000,1700962800000,2,76.6,,1073741824.0,,,0.14911750989979455,0.14911750989979455,0.0,802.4042479999999,
2437,NFCORE_CHIPSEQ:CHIPSEQ:PICARD_COLLECTMULTIPLEMETRICS,1700962783000,1700962800000,2,94.1,,2573205504.0,,,0.14231851303029583,0.14231851303029583,0.0,802.4042479999999,
2210,NFCORE_CHIPSEQ:CHIPSEQ:BEDTOOLS_GENOMECOV,1700962547000,1700962800000,2,120.3,,4567597056.0,,,0.6464549763905799,0.6464549763905799,0.0,802.4042479999999,
2237,NFCORE_CHIPSEQ:CHIPSEQ:HOMER_ANNOTATEPEAKS_MACS2,1700962506000,1700962800000,1,79.0,,4807720960.0,,,0.5813293401096249,0.5813293401096249,0.0,802.4042479999999,
2249,NFCORE_CHIPSEQ:CHIPSEQ:BEDTOOLS_GENOMECOV,1700962518000,1700962800000,2,99.1,,4567597056.0,,,0.65527841410265,0.65527841410265,0.0,802.4042479999999,
2282,NFCORE_CHIPSEQ:CHIPSEQ:BEDTOOLS_GENOMECOV,1700962547000,1700962800000,2,112.2,,4567597056.0,,,0.6129132877553743,0.6129132877553743,0.0,802.4042479999999,
2285,NFCORE_CHIPSEQ:CHIPSEQ:PHANTOMPEAKQUALTOOLS,1700962555000,1700962800000,1,18.4,,4294967296.0,,,0.19780568620102995,0.19780568620102995,0.0,802.4042479999999,
2335,NFCORE_CHIPSEQ:CHIPSEQ:FILTER_BAM_BAMTOOLS:BAM_SORT_SAMTOOLS:BAM_STATS_SAMTOOLS:SAMTOOLS_FLAGSTAT,1700962677000,1700962800000,2,4.4,,1073741824.0,,,0.03924606541107639,0.03924606541107639,0.0,802.4042479999999,
2337,NFCORE_CHIPSEQ:CHIPSEQ:BEDTOOLS_GENOMECOV,1700962640000,1700962800000,2,100.6,,4567597056.0,,,0.46436108975811385,0.46436108975811385,0.0,802.4042479999999,
2462,NFCORE_CHIPSEQ:CHIPSEQ:PICARD_COLLECTMULTIPLEMETRICS,1700962798000,1700962800000,2,97.3,,2573205504.0,,,0.1987293113025896,0.1987293113025896,0.0,802.4042479999999,
1955,NFCORE_CHIPSEQ:CHIPSEQ:FILTER_BAM_BAMTOOLS:BAM_SORT_SAMTOOLS:SAMTOOLS_SORT,1700962782000,1700962800000,5,75.7,,6309281792.0,,,0.3039753341164109,0.3039753341164109,0.0,802.4042479999999,
2283,NFCORE_CHIPSEQ:CHIPSEQ:BEDTOOLS_GENOMECOV,1700962548000,1700962800000,2,66.3,,4567597056.0,,,0.49278779261273753,0.49278779261273753,0.0,802.4042479999999,
2287,NFCORE_CHIPSEQ:CHIPSEQ:BEDTOOLS_GENOMECOV,1700962562000,1700962800000,2,98.9,,4567597056.0,,,0.6375299008070967,0.6375299008070967,0.0,802.4042479999999,
2298,NFCORE_CHIPSEQ:CHIPSEQ:PHANTOMPEAKQUALTOOLS,1700962608000,1700962800000,1,21.4,,4294967296.0,,,0.23720887518004374,0.23720887518004374,0.0,802.4042479999999,
2377,NFCORE_CHIPSEQ:CHIPSEQ:BEDTOOLS_GENOMECOV,1700962728000,1700962800000,2,72.8,,4567597056.0,,,0.321257063367851,0.321257063367851,0.0,802.4042479999999,
2353,NFCORE_CHIPSEQ:CHIPSEQ:MACS2_CALLPEAK,1700962655000,1700962800000,1,39.3,,1892679680.0,,,0.22419001775183744,0.22419001775183744,0.0,802.4042479999999,
2370,NFCORE_CHIPSEQ:CHIPSEQ:DEEPTOOLS_PLOTFINGERPRINT,1700962710000,1700962800000,8,279.0,,4294967296.0,,,1.067619009584605,1.067619009584605,0.0,802.4042479999999,
2366,NFCORE_CHIPSEQ:CHIPSEQ:BEDTOOLS_GENOMECOV,1700962679000,1700962800000,2,112.2,,4567597056.0,,,0.5960159289450757,0.5960159289450757,0.0,802.4042479999999,
2412,NFCORE_CHIPSEQ:CHIPSEQ:UCSC_BEDGRAPHTOBIGWIG,1700962740000,1700962800000,1,26.5,,1073741824.0,,,0.11596747394219999,0.11596747394219999,0.0,802.4042479999999,
2271,NFCORE_CHIPSEQ:CHIPSEQ:HOMER_ANNOTATEPEAKS_MACS2,1700962538000,1700962800000,1,68.1,,4807720960.0,,,0.5863208482746998,0.5863208482746998,0.0,802.4042479999999,
2316,NFCORE_CHIPSEQ:CHIPSEQ:BEDTOOLS_GENOMECOV,1700962617000,1700962800000,2,97.3,,4567597056.0,,,0.6285763928092007,0.6285763928092007,0.0,802.4042479999999,
2317,NFCORE_CHIPSEQ:CHIPSEQ:BEDTOOLS_GENOMECOV,1700962623000,1700962800000,2,122.4,,4567597056.0,,,0.7372500887555418,0.7372500887555418,0.0,802.4042479999999,
2396,NFCORE_CHIPSEQ:CHIPSEQ:BEDTOOLS_GENOMECOV,1700962724000,1700962800000,2,108.2,,4567597056.0,,,0.5770378421986286,0.5770378421986286,0.0,805.579392,
2312,NFCORE_CHIPSEQ:CHIPSEQ:BEDTOOLS_GENOMECOV,1700962658000,1700962800000,2,98.0,,4567597056.0,,,0.6418229608385417,0.6418229608385417,0.0,805.579392,
2397,NFCORE_CHIPSEQ:CHIPSEQ:BEDTOOLS_GENOMECOV,1700962725000,1700962800000,2,117.9,,4567597056.0,,,0.623956461373285,0.623956461373285,0.0,805.579392,
2418,NFCORE_CHIPSEQ:CHIPSEQ:MACS2_CALLPEAK,1700962756000,1700962800000,1,79.7,,1892679680.0,,,0.4166346620072737,0.4166346620072737,0.0,805.579392,
2427,NFCORE_CHIPSEQ:CHIPSEQ:HOMER_ANNOTATEPEAKS_MACS2,1700962769000,1700962800000,1,97.1,,4807720960.0,,,0.5758543110279531,0.5758543110279531,0.0,805.579392,
2429,NFCORE_CHIPSEQ:CHIPSEQ:HOMER_ANNOTATEPEAKS_MACS2,1700962769000,1700962800000,1,99.1,,4807720960.0,,,0.5843984306766045,0.5843984306766045,0.0,805.579392,
2443,NFCORE_CHIPSEQ:CHIPSEQ:HOMER_ANNOTATEPEAKS_MACS2,1700962782000,1700962800000,1,98.7,,4807720960.0,,,0.5671408999746403,0.5671408999746403,0.0,805.579392,
2395,NFCORE_CHIPSEQ:CHIPSEQ:BEDTOOLS_GENOMECOV,1700962731000,1700962800000,2,95.2,,4567597056.0,,,0.7045534044020623,0.7045534044020623,0.0,805.579392,
2449,NFCORE_CHIPSEQ:CHIPSEQ:MACS2_CALLPEAK,1700962794000,1700962800000,1,75.9,,1892679680.0,,,0.4286467288106635,0.4286467288106635,0.0,805.579392,
2265,NFCORE_CHIPSEQ:CHIPSEQ:BEDTOOLS_GENOMECOV,1700962526000,1700962800000,2,80.7,,4567597056.0,,,0.939058545955531,0.939058545955531,0.0,805.579392,
2404,NFCORE_CHIPSEQ:CHIPSEQ:BEDTOOLS_GENOMECOV,1700962728000,1700962800000,2,77.2,,4567597056.0,,,0.6739273357377681,0.6739273357377681,0.0,805.579392,
2406,NFCORE_CHIPSEQ:CHIPSEQ:BEDTOOLS_GENOMECOV,1700962733000,1700962800000,2,65.3,,4567597056.0,,,0.5977173330074202,0.5977173330074202,0.0,805.579392,
2363,NFCORE_CHIPSEQ:CHIPSEQ:PHANTOMPEAKQUALTOOLS,1700962664000,1700962800000,1,17.1,,4294967296.0,,,0.3540396651846924,0.3540396651846924,0.0,805.579392,
2329,NFCORE_CHIPSEQ:CHIPSEQ:PHANTOMPEAKQUALTOOLS,1700962626000,1700962800000,1,16.2,,4294967296.0,,,0.3830853226806908,0.3830853226806908,0.0,805.579392,
2386,NFCORE_CHIPSEQ:CHIPSEQ:PHANTOMPEAKQUALTOOLS,1700962716000,1700962800000,1,15.8,,4294967296.0,,,0.3612250522416791,0.3612250522416791,0.0,806.940168,
2235,NFCORE_CHIPSEQ:CHIPSEQ:PHANTOMPEAKQUALTOOLS,1700962506000,1700962800000,1,13.9,,4294967296.0,,,0.48337006071760624,0.48337006071760624,0.0,806.940168,
2340,NFCORE_CHIPSEQ:CHIPSEQ:PHANTOMPEAKQUALTOOLS,1700962647000,1700962800000,1,14.3,,4294967296.0,,,0.4448158210816143,0.4448158210816143,0.0,806.940168,
2314,NFCORE_CHIPSEQ:CHIPSEQ:PHANTOMPEAKQUALTOOLS,1700962619000,1700962800000,1,14.1,,4294967296.0,,,0.4648361026206267,0.4648361026206267,0.0,806.940168,
2325,NFCORE_CHIPSEQ:CHIPSEQ:PHANTOMPEAKQUALTOOLS,1700962625000,1700962800000,1,14.0,,4294967296.0,,,0.4753487094477663,0.4753487094477663,0.0,806.940168,
2280,NFCORE_CHIPSEQ:CHIPSEQ:PHANTOMPEAKQUALTOOLS,1700962546000,1700962800000,1,14.1,,4294967296.0,,,0.5429868449247847,0.5429868449247847,0.0,806.940168,
2255,NFCORE_CHIPSEQ:CHIPSEQ:PHANTOMPEAKQUALTOOLS,1700962522000,1700962800000,1,13.2,,4294967296.0,,,0.5929495705916737,0.5929495705916737,0.0,807.620556,
2407,NFCORE_CHIPSEQ:CHIPSEQ:PHANTOMPEAKQUALTOOLS,1700962735000,1700962800000,1,12.2,,4294967296.0,,,0.5369215260436607,0.5369215260436607,0.0,807.620556,
2380,NFCORE_CHIPSEQ:CHIPSEQ:PHANTOMPEAKQUALTOOLS,1700962709000,1700962800000,1,12.6,,4294967296.0,,,0.5719899802497465,0.5719899802497465,0.0,807.620556,
2436,NFCORE_CHIPSEQ:CHIPSEQ:PHANTOMPEAKQUALTOOLS,1700962780000,1700962800000,1,12.6,,4294967296.0,,,0.5427295082446805,0.5427295082446805,0.0,807.620556,
2359,NFCORE_CHIPSEQ:CHIPSEQ:PHANTOMPEAKQUALTOOLS,1700962657000,1700962800000,1,16.3,,4294967296.0,,,0.6692505966366438,0.6692505966366438,0.0,807.620556,
2245,NFCORE_CHIPSEQ:CHIPSEQ:PHANTOMPEAKQUALTOOLS,1700962518000,1700962800000,1,14.3,,4294967296.0,,,0.7526352447590544,0.7526352447590544,0.0,802.0640539999999,
2442,NFCORE_CHIPSEQ:CHIPSEQ:PHANTOMPEAKQUALTOOLS,1700962781000,1700962800000,1,13.3,,4294967296.0,,,0.6479277939733156,0.6479277939733156,0.0,802.0640539999999,
2240,NFCORE_CHIPSEQ:CHIPSEQ:PHANTOMPEAKQUALTOOLS,1700962508000,1700962800000,1,12.8,,4294967296.0,,,0.8229814148086043,0.8229814148086043,0.0,802.0640539999999,
2303,NFCORE_CHIPSEQ:CHIPSEQ:PHANTOMPEAKQUALTOOLS,1700962557000,1700962800000,1,12.3,,4294967296.0,,,0.8167974397685309,0.8167974397685309,0.0,802.0640539999999,
2384,NFCORE_CHIPSEQ:CHIPSEQ:PHANTOMPEAKQUALTOOLS,1700962710000,1700962800000,1,12.2,,4294967296.0,,,0.8864667762035799,0.8864667762035799,0.0,799.739395,
2470,NFCORE_CHIPSEQ:CHIPSEQ:FILTER_BAM_BAMTOOLS:BAM_SORT_SAMTOOLS:BAM_STATS_SAMTOOLS:SAMTOOLS_FLAGSTAT,1700962811000,1700962825000,2,125.9,,1073741824.0,,,0.01951604547247153,0.01951604547247153,0.0,802.4042479999999,
2472,NFCORE_CHIPSEQ:CHIPSEQ:FILTER_BAM_BAMTOOLS:BAM_SORT_SAMTOOLS:BAM_STATS_SAMTOOLS:SAMTOOLS_STATS,1700962811000,1700962843000,2,127.4,,1073741824.0,,,0.045106263241044435,0.045106263241044435,0.0,802.4042479999999,
2471,NFCORE_CHIPSEQ:CHIPSEQ:FILTER_BAM_BAMTOOLS:BAM_SORT_SAMTOOLS:BAM_STATS_SAMTOOLS:SAMTOOLS_IDXSTATS,1700962811000,1700962812000,1,9.7,,1073741824.0,,,0.00018804259968104167,0.00018804259968104167,0.0,802.4042479999999,
2479,NFCORE_CHIPSEQ:CHIPSEQ:FILTER_BAM_BAMTOOLS:BAM_SORT_SAMTOOLS:BAM_STATS_SAMTOOLS:SAMTOOLS_IDXSTATS,1700962818000,1700962839000,1,2.5,,1073741824.0,,,0.0023796927858068754,0.0023796927858068754,0.0,802.4042479999999,
2448,NFCORE_CHIPSEQ:CHIPSEQ:FILTER_BAM_BAMTOOLS:BAM_SORT_SAMTOOLS:BAM_STATS_SAMTOOLS:SAMTOOLS_FLAGSTAT,1700962809000,1700962864000,2,24.7,,1073741824.0,,,0.018904456019384373,0.018904456019384373,0.0,802.4042479999999,
2452,NFCORE_CHIPSEQ:CHIPSEQ:FILTER_BAM_BAMTOOLS:BAM_SORT_SAMTOOLS:BAM_STATS_SAMTOOLS:SAMTOOLS_STATS,1700962820000,1700962860000,2,127.9,,1073741824.0,,,0.05659039542795833,0.05659039542795833,0.0,802.4042479999999,
2450,NFCORE_CHIPSEQ:CHIPSEQ:FILTER_BAM_BAMTOOLS:BAM_SORT_SAMTOOLS:BAM_STATS_SAMTOOLS:SAMTOOLS_IDXSTATS,1700962830000,1700962862000,1,4.3,,1073741824.0,,,0.004223989695513334,0.004223989695513334,0.0,802.4042479999999,
2457,NFCORE_CHIPSEQ:CHIPSEQ:FILTER_BAM_BAMTOOLS:BAM_SORT_SAMTOOLS:BAM_STATS_SAMTOOLS:SAMTOOLS_FLAGSTAT,1700962849000,1700962882000,2,92.8,,1073741824.0,,,0.034665869524219996,0.034665869524219996,0.0,802.4042479999999,
2461,NFCORE_CHIPSEQ:CHIPSEQ:FILTER_BAM_BAMTOOLS:BAM_SORT_SAMTOOLS:SAMTOOLS_INDEX,1700962804000,1700962854000,2,36.7,,1073741824.0,,,0.02341286040811458,0.02341286040811458,0.0,802.4042479999999,
2463,NFCORE_CHIPSEQ:CHIPSEQ:FILTER_BAM_BAMTOOLS:BAM_SORT_SAMTOOLS:SAMTOOLS_INDEX,1700962806000,1700962862000,2,34.2,,1073741824.0,,,0.024769439020518886,0.024769439020518886,0.0,802.4042479999999,
2484,NFCORE_CHIPSEQ:CHIPSEQ:FILTER_BAM_BAMTOOLS:BAM_SORT_SAMTOOLS:BAM_STATS_SAMTOOLS:SAMTOOLS_IDXSTATS,1700962853000,1700962867000,1,7.3,,1073741824.0,,,0.002283884882757916,0.002283884882757916,0.0,802.4042479999999,
2451,NFCORE_CHIPSEQ:CHIPSEQ:FILTER_BAM_BAMTOOLS:BAM_SORT_SAMTOOLS:BAM_STATS_SAMTOOLS:SAMTOOLS_FLAGSTAT,1700962849000,1700962882000,2,46.6,,1073741824.0,,,0.018843084631978747,0.018843084631978747,0.0,802.4042479999999,
2478,NFCORE_CHIPSEQ:CHIPSEQ:FILTER_BAM_BAMTOOLS:BAM_SORT_SAMTOOLS:BAM_STATS_SAMTOOLS:SAMTOOLS_FLAGSTAT,1700962851000,1700962894000,2,23.6,,1073741824.0,,,0.014288952952553054,0.014288952952553054,0.0,802.4042479999999,
2523,NFCORE_CHIPSEQ:CHIPSEQ:FILTER_BAM_BAMTOOLS:BAM_SORT_SAMTOOLS:BAM_STATS_SAMTOOLS:SAMTOOLS_IDXSTATS,1700962889000,1700962903000,1,6.8,,1073741824.0,,,0.002211236650929444,0.002211236650929444,0.0,802.4042479999999,
2526,NFCORE_CHIPSEQ:CHIPSEQ:FILTER_BAM_BAMTOOLS:BAM_SORT_SAMTOOLS:BAM_STATS_SAMTOOLS:SAMTOOLS_IDXSTATS,1700962890000,1700962903000,1,3.4,,1073741824.0,,,0.0015945694834604166,0.0015945694834604166,0.0,802.4042479999999,
2433,NFCORE_CHIPSEQ:CHIPSEQ:FILTER_BAM_BAMTOOLS:BAM_SORT_SAMTOOLS:SAMTOOLS_SORT,1700962850000,1700962946000,5,161.3,,6309281792.0,,,0.209992702220185,0.209992702220185,0.0,802.4042479999999,
2459,NFCORE_CHIPSEQ:CHIPSEQ:FILTER_BAM_BAMTOOLS:BAM_SORT_SAMTOOLS:BAM_STATS_SAMTOOLS:SAMTOOLS_IDXSTATS,1700962849000,1700962907000,1,0.1,,1073741824.0,,,0.005127822855487084,0.005127822855487084,0.0,802.4042479999999,
2477,NFCORE_CHIPSEQ:CHIPSEQ:FILTER_BAM_BAMTOOLS:BAM_SORT_SAMTOOLS:BAM_STATS_SAMTOOLS:SAMTOOLS_STATS,1700962890000,1700962946000,2,132.8,,1073741824.0,,,0.08207436428681777,0.08207436428681777,0.0,802.4042479999999,
2486,NFCORE_CHIPSEQ:CHIPSEQ:FILTER_BAM_BAMTOOLS:BAM_SORT_SAMTOOLS:BAM_STATS_SAMTOOLS:SAMTOOLS_STATS,1700962892000,1700962946000,2,133.9,,1073741824.0,,,0.07975960912951874,0.07975960912951874,0.0,802.4042479999999,
2491,NFCORE_CHIPSEQ:CHIPSEQ:PICARD_COLLECTMULTIPLEMETRICS,1700962865000,1700962947000,2,100.7,,2573205504.0,,,0.10286773005625965,0.10286773005625965,0.0,802.4042479999999,
2490,NFCORE_CHIPSEQ:CHIPSEQ:FILTER_BAM_BAMTOOLS:BAM_SORT_SAMTOOLS:SAMTOOLS_INDEX,1700962875000,1700962965000,2,10.0,,1073741824.0,,,0.017204048579775,0.017204048579775,0.0,802.4042479999999,
2495,NFCORE_CHIPSEQ:CHIPSEQ:FILTER_BAM_BAMTOOLS:BAM_SORT_SAMTOOLS:SAMTOOLS_INDEX,1700962880000,1700962928000,2,29.6,,1073741824.0,,,0.018939414933626664,0.018939414933626664,0.0,802.4042479999999,
2496,NFCORE_CHIPSEQ:CHIPSEQ:FILTER_BAM_BAMTOOLS:BAM_SORT_SAMTOOLS:SAMTOOLS_INDEX,1700962923000,1700962949000,2,33.0,,1073741824.0,,,0.011176293140519721,0.011176293140519721,0.0,802.4042479999999,
2518,NFCORE_CHIPSEQ:CHIPSEQ:MULTIQC_CUSTOM_PEAKS,1700962916000,1700962924000,2,0.8,,1073741824.0,,,0.0007654044965644444,0.0007654044965644444,0.0,802.4042479999999,
2522,NFCORE_CHIPSEQ:CHIPSEQ:FILTER_BAM_BAMTOOLS:BAM_SORT_SAMTOOLS:BAM_STATS_SAMTOOLS:SAMTOOLS_FLAGSTAT,1700962890000,1700962968000,2,20.6,,1073741824.0,,,0.023490969446630833,0.023490969446630833,0.0,802.4042479999999,
2527,NFCORE_CHIPSEQ:CHIPSEQ:FILTER_BAM_BAMTOOLS:BAM_SORT_SAMTOOLS:BAM_STATS_SAMTOOLS:SAMTOOLS_FLAGSTAT,1700962912000,1700962968000,2,82.0,,1073741824.0,,,0.05255012287172667,0.05255012287172667,0.0,802.4042479999999,
1982,NFCORE_CHIPSEQ:CHIPSEQ:FILTER_BAM_BAMTOOLS:BAM_SORT_SAMTOOLS:SAMTOOLS_SORT,1700962911000,1700962984000,5,181.6,,6309281792.0,,,0.17506158132468655,0.17506158132468655,0.0,802.4042479999999,
2029,NFCORE_CHIPSEQ:CHIPSEQ:FILTER_BAM_BAMTOOLS:BAM_SORT_SAMTOOLS:SAMTOOLS_SORT,1700962907000,1700962961000,5,283.7,,6309281792.0,,,0.18671743115506403,0.18671743115506403,0.0,802.4042479999999,
2190,NFCORE_CHIPSEQ:CHIPSEQ:FILTER_BAM_BAMTOOLS:BAM_SORT_SAMTOOLS:SAMTOOLS_SORT,1700962866000,1700962968000,5,146.5,,6309281792.0,,,0.2074501359991949,0.2074501359991949,0.0,802.4042479999999,
2458,NFCORE_CHIPSEQ:CHIPSEQ:FILTER_BAM_BAMTOOLS:BAM_SORT_SAMTOOLS:BAM_STATS_SAMTOOLS:SAMTOOLS_STATS,1700962859000,1700962972000,2,33.0,,1073741824.0,,,0.04857388941841264,0.04857388941841264,0.0,802.4042479999999,
2485,NFCORE_CHIPSEQ:CHIPSEQ:FILTER_BAM_BAMTOOLS:BAM_SORT_SAMTOOLS:BAM_STATS_SAMTOOLS:SAMTOOLS_FLAGSTAT,1700962872000,1700962971000,2,11.9,,1073741824.0,,,0.020876615210171874,0.020876615210171874,0.0,802.4042479999999,
2488,NFCORE_CHIPSEQ:CHIPSEQ:FRIP_SCORE,1700962837000,1700963013000,2,131.6,,1073741824.0,,,0.25575610110683106,0.25575610110683106,0.0,802.4042479999999,
2506,NFCORE_CHIPSEQ:CHIPSEQ:MULTIQC_CUSTOM_PEAKS,1700963003000,1700963007000,2,2.0,,1073741824.0,,,0.0004325181786788888,0.0004325181786788888,0.0,802.4042479999999,
2521,NFCORE_CHIPSEQ:CHIPSEQ:FILTER_BAM_BAMTOOLS:BAM_SORT_SAMTOOLS:BAM_STATS_SAMTOOLS:SAMTOOLS_STATS,1700962902000,1700962984000,2,66.4,,1073741824.0,,,0.06367244875431667,0.06367244875431667,0.0,802.4042479999999,
2531,NFCORE_CHIPSEQ:CHIPSEQ:UCSC_BEDGRAPHTOBIGWIG,1700962892000,1700963003000,1,85.4,,1073741824.0,,,0.10807862821961041,0.10807862821961041,0.0,802.4042479999999,
2532,NFCORE_CHIPSEQ:CHIPSEQ:UCSC_BEDGRAPHTOBIGWIG,1700962906000,1700963018000,1,60.1,,1073741824.0,,,0.07964430531075667,0.07964430531075667,0.0,802.4042479999999,
2541,NFCORE_CHIPSEQ:CHIPSEQ:FILTER_BAM_BAMTOOLS:BAM_SORT_SAMTOOLS:SAMTOOLS_INDEX,1700962909000,1700962953000,2,34.2,,1073741824.0,,,0.019461702087550558,0.019461702087550558,0.0,802.4042479999999,
2542,NFCORE_CHIPSEQ:CHIPSEQ:FILTER_BAM_BAMTOOLS:BAM_REMOVE_ORPHANS,1700962910000,1700962912000,2,69.1,,1073741824.0,,,0.0016090294766795833,0.0016090294766795833,0.0,802.4042479999999,
2543,NFCORE_CHIPSEQ:CHIPSEQ:UCSC_BEDGRAPHTOBIGWIG,1700962909000,1700963016000,1,99.9,,1073741824.0,,,0.12028586454720243,0.12028586454720243,0.0,802.4042479999999,
2547,NFCORE_CHIPSEQ:CHIPSEQ:UCSC_BEDGRAPHTOBIGWIG,1700962942000,1700963006000,1,99.3,,1073741824.0,,,0.0715481578934711,0.0715481578934711,0.0,802.4042479999999,
2551,NFCORE_CHIPSEQ:CHIPSEQ:FILTER_BAM_BAMTOOLS:BAM_SORT_SAMTOOLS:BAM_STATS_SAMTOOLS:SAMTOOLS_STATS,1700962952000,1700963003000,2,75.4,,1073741824.0,,,0.044364805496256245,0.044364805496256245,0.0,802.4042479999999,
2552,NFCORE_CHIPSEQ:CHIPSEQ:FILTER_BAM_BAMTOOLS:BAM_SORT_SAMTOOLS:BAM_STATS_SAMTOOLS:SAMTOOLS_IDXSTATS,1700962952000,1700962954000,1,28.6,,1073741824.0,,,0.0007683856512358334,0.0007683856512358334,0.0,802.4042479999999,
2550,NFCORE_CHIPSEQ:CHIPSEQ:FILTER_BAM_BAMTOOLS:BAM_SORT_SAMTOOLS:BAM_STATS_SAMTOOLS:SAMTOOLS_FLAGSTAT,1700962952000,1700962996000,2,22.8,,1073741824.0,,,0.014255937361098888,0.014255937361098888,0.0,802.4042479999999,
2554,NFCORE_CHIPSEQ:CHIPSEQ:FRIP_SCORE,1700962953000,1700963021000,2,126.1,,1073741824.0,,,0.09493336600241416,0.09493336600241416,0.0,802.4042479999999,
2558,NFCORE_CHIPSEQ:CHIPSEQ:FILTER_BAM_BAMTOOLS:BAM_SORT_SAMTOOLS:SAMTOOLS_INDEX,1700962956000,1700962984000,2,153.0,,1073741824.0,,,0.046907159275149435,0.046907159275149435,0.0,802.4042479999999,
2563,NFCORE_CHIPSEQ:CHIPSEQ:UCSC_BEDGRAPHTOBIGWIG,1700962958000,1700963023000,1,59.4,,1073741824.0,,,0.04574992796810763,0.04574992796810763,0.0,802.4042479999999,
2565,NFCORE_CHIPSEQ:CHIPSEQ:MULTIQC_CUSTOM_PEAKS,1700963011000,1700963021000,2,2.4,,1073741824.0,,,0.001122808722027778,0.001122808722027778,0.0,802.4042479999999,
2570,NFCORE_CHIPSEQ:CHIPSEQ:FILTER_BAM_BAMTOOLS:BAM_SORT_SAMTOOLS:BAM_STATS_SAMTOOLS:SAMTOOLS_STATS,1700962972000,1700963011000,2,115.1,,1073741824.0,,,0.04999477878100604,0.04999477878100604,0.0,802.4042479999999,
2571,NFCORE_CHIPSEQ:CHIPSEQ:FILTER_BAM_BAMTOOLS:BAM_SORT_SAMTOOLS:BAM_STATS_SAMTOOLS:SAMTOOLS_FLAGSTAT,1700962989000,1700963025000,2,41.6,,1073741824.0,,,0.01868799493592,0.01868799493592,0.0,802.4042479999999,
2572,NFCORE_CHIPSEQ:CHIPSEQ:FILTER_BAM_BAMTOOLS:BAM_SORT_SAMTOOLS:BAM_STATS_SAMTOOLS:SAMTOOLS_IDXSTATS,1700962976000,1700962987000,1,16.1,,1073741824.0,,,0.002799102242309236,0.002799102242309236,0.0,802.4042479999999,
2576,NFCORE_CHIPSEQ:CHIPSEQ:FILTER_BAM_BAMTOOLS:BAM_SORT_SAMTOOLS:BAM_STATS_SAMTOOLS:SAMTOOLS_IDXSTATS,1700962973000,1700962997000,1,7.5,,1073741824.0,,,0.003965047157981666,0.003965047157981666,0.0,802.4042479999999,
2575,NFCORE_CHIPSEQ:CHIPSEQ:FILTER_BAM_BAMTOOLS:BAM_SORT_SAMTOOLS:BAM_STATS_SAMTOOLS:SAMTOOLS_FLAGSTAT,1700962977000,1700963016000,2,155.3,,1073741824.0,,,0.0662659070468173,0.0662659070468173,0.0,802.4042479999999,
2580,NFCORE_CHIPSEQ:CHIPSEQ:FILTER_BAM_BAMTOOLS:BAM_SORT_SAMTOOLS:BAM_STATS_SAMTOOLS:SAMTOOLS_IDXSTATS,1700962976000,1700962996000,1,1.5,,1073741824.0,,,0.0020588077050680558,0.0020588077050680558,0.0,802.4042479999999,
2468,NFCORE_CHIPSEQ:CHIPSEQ:FRIP_SCORE,1700962836000,1700963033000,2,63.1,,1073741824.0,,,0.1462222305927598,0.1462222305927598,0.0,802.4042479999999,
2493,NFCORE_CHIPSEQ:CHIPSEQ:PICARD_COLLECTMULTIPLEMETRICS,1700962877000,1700963023000,2,77.8,,2573205504.0,,,0.14845586769561253,0.14845586769561253,0.0,802.4042479999999,
2497,NFCORE_CHIPSEQ:CHIPSEQ:PICARD_COLLECTMULTIPLEMETRICS,1700962923000,1700963036000,2,76.2,,2573205504.0,,,0.11302437426741656,0.11302437426741656,0.0,802.4042479999999,
2516,NFCORE_CHIPSEQ:CHIPSEQ:FILTER_BAM_BAMTOOLS:BAM_SORT_SAMTOOLS:SAMTOOLS_INDEX,1700962914000,1700963026000,2,15.0,,1073741824.0,,,0.02722134122333111,0.02722134122333111,0.0,802.4042479999999,
2539,NFCORE_CHIPSEQ:CHIPSEQ:PICARD_COLLECTMULTIPLEMETRICS,1700962910000,1700963025000,2,111.3,,2573205504.0,,,0.15691688963832653,0.15691688963832653,0.0,802.4042479999999,
2545,NFCORE_CHIPSEQ:CHIPSEQ:UCSC_BEDGRAPHTOBIGWIG,1700962913000,1700963021000,1,66.4,,1073741824.0,,,0.0838612739691,0.0838612739691,0.0,802.4042479999999,
2549,NFCORE_CHIPSEQ:CHIPSEQ:FRIP_SCORE,1700962953000,1700963038000,2,98.1,,1073741824.0,,,0.09396630868133714,0.09396630868133714,0.0,802.4042479999999,
2566,NFCORE_CHIPSEQ:CHIPSEQ:MULTIQC_CUSTOM_PEAKS,1700963022000,1700963025000,2,32.0,,1073741824.0,,,0.0012584373289466666,0.0012584373289466666,0.0,802.4042479999999,
2591,NFCORE_CHIPSEQ:CHIPSEQ:FILTER_BAM_BAMTOOLS:BAM_SORT_SAMTOOLS:SAMTOOLS_INDEX,1700963006000,1700963025000,2,55.8,,1073741824.0,,,0.012663178859448192,0.012663178859448192,0.0,802.4042479999999,
2609,NFCORE_CHIPSEQ:CHIPSEQ:MULTIQC_CUSTOM_PEAKS,1700963024000,1700963025000,2,9.7,,1073741824.0,,,0.00018804259968104167,0.00018804259968104167,0.0,802.4042479999999,
2621,NFCORE_CHIPSEQ:CHIPSEQ:MULTIQC_CUSTOM_PEAKS,1700963029000,1700963030000,2,13.7,,1073741824.0,,,0.0002295558750115972,0.0002295558750115972,0.0,802.4042479999999,
2623,NFCORE_CHIPSEQ:CHIPSEQ:FILTER_BAM_BAMTOOLS:BAM_SORT_SAMTOOLS:BAM_STATS_SAMTOOLS:SAMTOOLS_IDXSTATS,1700963026000,1700963026000,1,40.4,,1073741824.0,,,0.0,0.0,0.0,802.4042479999999,
2464,NFCORE_CHIPSEQ:CHIPSEQ:PICARD_COLLECTMULTIPLEMETRICS,1700962860000,1700963037000,2,71.8,,2573205504.0,,,0.16895554445537736,0.16895554445537736,0.0,802.4042479999999,
2502,NFCORE_CHIPSEQ:CHIPSEQ:FRIP_SCORE,1700962934000,1700963052000,2,119.8,,1073741824.0,,,0.1570220693722408,0.1570220693722408,0.0,802.4042479999999,
2505,NFCORE_CHIPSEQ:CHIPSEQ:PICARD_COLLECTMULTIPLEMETRICS,1700962953000,1700963052000,2,110.7,,2573205504.0,,,0.1344685024195528,0.1344685024195528,0.0,802.4042479999999,
2613,NFCORE_CHIPSEQ:CHIPSEQ:FILTER_BAM_BAMTOOLS:BAM_SORT_SAMTOOLS:BAM_STATS_SAMTOOLS:SAMTOOLS_IDXSTATS,1700963050000,1700963058000,1,13.6,,1073741824.0,,,0.0018281443450266664,0.0018281443450266664,0.0,802.4042479999999,
2624,NFCORE_CHIPSEQ:CHIPSEQ:FILTER_BAM_BAMTOOLS:BAM_SORT_SAMTOOLS:BAM_STATS_SAMTOOLS:SAMTOOLS_FLAGSTAT,1700963034000,1700963060000,2,135.5,,1073741824.0,,,0.03883451282950236,0.03883451282950236,0.0,802.4042479999999,
2629,NFCORE_CHIPSEQ:CHIPSEQ:FILTER_BAM_BAMTOOLS:BAM_SORT_SAMTOOLS:SAMTOOLS_INDEX,1700963029000,1700963045000,2,88.3,,1073741824.0,,,0.016060455358823333,0.016060455358823333,0.0,802.4042479999999,
2637,NFCORE_CHIPSEQ:CHIPSEQ:FILTER_BAM_BAMTOOLS:BAM_SORT_SAMTOOLS:BAM_STATS_SAMTOOLS:SAMTOOLS_IDXSTATS,1700963043000,1700963050000,1,4.4,,1073741824.0,,,0.0009312625690763889,0.0009312625690763889,0.0,802.4042479999999,
2636,NFCORE_CHIPSEQ:CHIPSEQ:FILTER_BAM_BAMTOOLS:BAM_SORT_SAMTOOLS:BAM_STATS_SAMTOOLS:SAMTOOLS_FLAGSTAT,1700963043000,1700963059000,2,126.1,,1073741824.0,,,0.022337262588803333,0.022337262588803333,0.0,802.4042479999999,
2644,NFCORE_CHIPSEQ:CHIPSEQ:MULTIQC_CUSTOM_PEAKS,1700963046000,1700963052000,2,18.7,,1073741824.0,,,0.0016886848150487503,0.0016886848150487503,0.0,802.4042479999999,
2649,NFCORE_CHIPSEQ:CHIPSEQ:FILTER_BAM_BAMTOOLS:BAM_SORT_SAMTOOLS:BAM_STATS_SAMTOOLS:SAMTOOLS_IDXSTATS,1700963049000,1700963063000,1,0.6,,1073741824.0,,,0.0013103985762563887,0.0013103985762563887,0.0,802.4042479999999,
1498,NFCORE_CHIPSEQ:CHIPSEQ:FILTER_BAM_BAMTOOLS:BAM_SORT_SAMTOOLS:SAMTOOLS_SORT,1700962989000,1700963060000,5,245.7,,6309281792.0,,,0.21749814045638372,0.21749814045638372,0.0,802.4042479999999,
2080,NFCORE_CHIPSEQ:CHIPSEQ:FILTER_BAM_BAMTOOLS:BAM_SORT_SAMTOOLS:SAMTOOLS_SORT,1700963021000,1700963054000,5,230.0,,6309281792.0,,,0.09571367801366422,0.09571367801366422,0.0,802.4042479999999,
2655,NFCORE_CHIPSEQ:CHIPSEQ:FILTER_BAM_BAMTOOLS:BAM_SORT_SAMTOOLS:BAM_STATS_SAMTOOLS:SAMTOOLS_IDXSTATS,1700963064000,1700963065000,1,31.0,,1073741824.0,,,0.00040910079081624996,0.00040910079081624996,0.0,802.4042479999999,
1624,NFCORE_CHIPSEQ:CHIPSEQ:FILTER_BAM_BAMTOOLS:BAM_SORT_SAMTOOLS:SAMTOOLS_SORT,1700962869000,1700963072000,5,91.4,,6309281792.0,,,0.2967818374969368,0.2967818374969368,0.0,802.4042479999999,
2120,NFCORE_CHIPSEQ:CHIPSEQ:FILTER_BAM_BAMTOOLS:BAM_SORT_SAMTOOLS:SAMTOOLS_SORT,1700962966000,1700963067000,5,123.5,,6309281792.0,,,0.18130747648823753,0.18130747648823753,0.0,802.4042479999999,
2586,NFCORE_CHIPSEQ:CHIPSEQ:DEEPTOOLS_PLOTPROFILE,1700962990000,1700963082000,1,77.3,,5420089344.0,,,0.11438263500330952,0.11438263500330952,0.0,802.4042479999999,
2612,NFCORE_CHIPSEQ:CHIPSEQ:FILTER_BAM_BAMTOOLS:BAM_SORT_SAMTOOLS:BAM_STATS_SAMTOOLS:SAMTOOLS_STATS,1700963028000,1700963082000,2,126.1,,1073741824.0,,,0.07538826123721125,0.07538826123721125,0.0,802.4042479999999,
2657,NFCORE_CHIPSEQ:CHIPSEQ:FILTER_BAM_BAMTOOLS:BAM_SORT_SAMTOOLS:BAM_STATS_SAMTOOLS:SAMTOOLS_FLAGSTAT,1700963064000,1700963086000,2,62.3,,1073741824.0,,,0.016146727746112637,0.016146727746112637,0.0,802.4042479999999,
2456,NFCORE_CHIPSEQ:CHIPSEQ:BEDTOOLS_GENOMECOV,1700962849000,1700963087000,2,120.6,,4567597056.0,,,0.38634573472394373,0.38634573472394373,0.0,802.4042479999999,
2544,NFCORE_CHIPSEQ:CHIPSEQ:UCSC_BEDGRAPHTOBIGWIG,1700962911000,1700963086000,1,52.7,,1073741824.0,,,0.11100430415978994,0.11100430415978994,0.0,802.4042479999999,
2474,NFCORE_CHIPSEQ:CHIPSEQ:MACS2_CALLPEAK,1700962811000,1700963100000,1,69.0,,1892679680.0,,,0.25847948578093016,0.25847948578093016,0.0,805.579392,
2508,NFCORE_CHIPSEQ:CHIPSEQ:FRIP_SCORE,1700963015000,1700963100000,2,96.8,,1073741824.0,,,0.10382586739615833,0.10382586739615833,0.0,805.579392,
2513,NFCORE_CHIPSEQ:CHIPSEQ:FRIP_SCORE,1700963047000,1700963100000,2,68.2,,1073741824.0,,,0.050158908530187916,0.050158908530187916,0.0,805.579392,
2596,NFCORE_CHIPSEQ:CHIPSEQ:UCSC_BEDGRAPHTOBIGWIG,1700963009000,1700963100000,1,100.3,,1073741824.0,,,0.11746118648847376,0.11746118648847376,0.0,805.579392,
2634,NFCORE_CHIPSEQ:CHIPSEQ:UCSC_BEDGRAPHTOBIGWIG,1700963039000,1700963100000,1,56.0,,1073741824.0,,,0.04752058232271,0.04752058232271,0.0,805.579392,
2653,NFCORE_CHIPSEQ:CHIPSEQ:MULTIQC_CUSTOM_PEAKS,1700963079000,1700963100000,2,2.3,,1073741824.0,,,0.004130078665384236,0.004130078665384236,0.0,805.579392,
2656,NFCORE_CHIPSEQ:CHIPSEQ:FILTER_BAM_BAMTOOLS:BAM_SORT_SAMTOOLS:BAM_STATS_SAMTOOLS:SAMTOOLS_STATS,1700963068000,1700963100000,2,118.4,,1073741824.0,,,0.05272996416186666,0.05272996416186666,0.0,805.579392,
2124,NFCORE_CHIPSEQ:CHIPSEQ:FILTER_BAM_BAMTOOLS:BAM_SORT_SAMTOOLS:SAMTOOLS_SORT,1700963071000,1700963100000,5,221.8,,6309281792.0,,,0.1383959131622809,0.1383959131622809,0.0,805.579392,
2504,NFCORE_CHIPSEQ:CHIPSEQ:FILTER_BAM_BAMTOOLS:BAM_SORT_SAMTOOLS:SAMTOOLS_INDEX,1700962974000,1700963100000,2,10.2,,1073741824.0,,,0.027463377804283054,0.027463377804283054,0.0,805.579392,
2562,NFCORE_CHIPSEQ:CHIPSEQ:FRIP_SCORE,1700962965000,1700963100000,2,62.8,,1073741824.0,,,0.11542732780025497,0.11542732780025497,0.0,805.579392,
2579,NFCORE_CHIPSEQ:CHIPSEQ:FILTER_BAM_BAMTOOLS:BAM_SORT_SAMTOOLS:BAM_STATS_SAMTOOLS:SAMTOOLS_STATS,1700962973000,1700963100000,2,29.0,,1073741824.0,,,0.055582388061304576,0.055582388061304576,0.0,805.579392,
2578,NFCORE_CHIPSEQ:CHIPSEQ:FILTER_BAM_BAMTOOLS:BAM_SORT_SAMTOOLS:BAM_STATS_SAMTOOLS:SAMTOOLS_FLAGSTAT,1700962974000,1700963100000,2,8.0,,1073741824.0,,,0.02421829985595778,0.02421829985595778,0.0,805.579392,
2614,NFCORE_CHIPSEQ:CHIPSEQ:FILTER_BAM_BAMTOOLS:BAM_SORT_SAMTOOLS:BAM_STATS_SAMTOOLS:SAMTOOLS_FLAGSTAT,1700963090000,1700963100000,2,45.0,,1073741824.0,,,0.017278453267874864,0.017278453267874864,0.0,805.579392,
2646,NFCORE_CHIPSEQ:CHIPSEQ:FILTER_BAM_BAMTOOLS:BAM_SORT_SAMTOOLS:BAM_STATS_SAMTOOLS:SAMTOOLS_STATS,1700963057000,1700963100000,2,51.7,,1073741824.0,,,0.041921951654545625,0.041921951654545625,0.0,805.579392,
2648,NFCORE_CHIPSEQ:CHIPSEQ:FILTER_BAM_BAMTOOLS:BAM_SORT_SAMTOOLS:BAM_STATS_SAMTOOLS:SAMTOOLS_FLAGSTAT,1700963057000,1700963100000,2,14.5,,1073741824.0,,,0.015502217924391876,0.015502217924391876,0.0,805.579392,
2666,NFCORE_CHIPSEQ:CHIPSEQ:FILTER_BAM_BAMTOOLS:BAM_SORT_SAMTOOLS:SAMTOOLS_INDEX,1700963070000,1700963100000,2,43.6,,1073741824.0,,,0.027078831468275,0.027078831468275,0.0,805.579392,
2480,NFCORE_CHIPSEQ:CHIPSEQ:MACS2_CALLPEAK,1700962832000,1700963100000,1,81.9,,1892679680.0,,,0.30448892572958863,0.30448892572958863,0.0,805.579392,
2577,NFCORE_CHIPSEQ:CHIPSEQ:FILTER_BAM_BAMTOOLS:BAM_SORT_SAMTOOLS:BAM_STATS_SAMTOOLS:SAMTOOLS_STATS,1700962973000,1700963100000,2,27.1,,1073741824.0,,,0.05944787010975313,0.05944787010975313,0.0,805.579392,
2582,NFCORE_CHIPSEQ:CHIPSEQ:MACS2_CALLPEAK,1700962975000,1700963100000,1,95.3,,1892679680.0,,,0.17975078079098483,0.17975078079098483,0.0,805.579392,
2638,NFCORE_CHIPSEQ:CHIPSEQ:FILTER_BAM_BAMTOOLS:BAM_SORT_SAMTOOLS:BAM_STATS_SAMTOOLS:SAMTOOLS_STATS,1700963041000,1700963100000,2,58.7,,1073741824.0,,,0.06777776754914064,0.06777776754914064,0.0,805.579392,
2511,NFCORE_CHIPSEQ:CHIPSEQ:FRIP_SCORE,1700963025000,1700963100000,2,103.7,,1073741824.0,,,0.15998477507495162,0.15998477507495162,0.0,805.579392,
2520,NFCORE_CHIPSEQ:CHIPSEQ:BEDTOOLS_GENOMECOV,1700962886000,1700963100000,2,121.3,,4567597056.0,,,0.46891453089096874,0.46891453089096874,0.0,805.579392,
2267,NFCORE_CHIPSEQ:CHIPSEQ:FILTER_BAM_BAMTOOLS:BAM_SORT_SAMTOOLS:SAMTOOLS_SORT,1700963057000,1700963100000,5,104.6,,6309281792.0,,,0.19929769571605885,0.19929769571605885,0.0,805.579392,
2358,NFCORE_CHIPSEQ:CHIPSEQ:FILTER_BAM_BAMTOOLS:BAM_SORT_SAMTOOLS:SAMTOOLS_SORT,1700963076000,1700963100000,5,148.2,,6309281792.0,,,0.21258380687124367,0.21258380687124367,0.0,805.579392,
2467,NFCORE_CHIPSEQ:CHIPSEQ:HOMER_ANNOTATEPEAKS_MACS2,1700962807000,1700963100000,1,97.8,,4807720960.0,,,0.5282432639978314,0.5282432639978314,0.0,805.579392,
2475,NFCORE_CHIPSEQ:CHIPSEQ:BEDTOOLS_GENOMECOV,1700962813000,1700963100000,2,115.2,,4567597056.0,,,0.5919727549474544,0.5919727549474544,0.0,805.579392,
2476,NFCORE_CHIPSEQ:CHIPSEQ:BEDTOOLS_GENOMECOV,1700962870000,1700963100000,2,122.2,,4567597056.0,,,0.5259382004291486,0.5259382004291486,0.0,805.579392,
2482,NFCORE_CHIPSEQ:CHIPSEQ:DEEPTOOLS_PLOTFINGERPRINT,1700962953000,1700963100000,8,508.8,,4294967296.0,,,1.3383153673800732,1.3383153673800732,0.0,805.579392,
2489,NFCORE_CHIPSEQ:CHIPSEQ:BEDTOOLS_GENOMECOV,1700962855000,1700963100000,2,87.8,,4567597056.0,,,0.41904535648724134,0.41904535648724134,0.0,805.579392,
2537,NFCORE_CHIPSEQ:CHIPSEQ:BEDTOOLS_GENOMECOV,1700962909000,1700963100000,2,97.1,,4567597056.0,,,0.3760840263227722,0.3760840263227722,0.0,805.579392,
2555,NFCORE_CHIPSEQ:CHIPSEQ:BEDTOOLS_GENOMECOV,1700962954000,1700963100000,2,118.6,,4567597056.0,,,0.37934200488431946,0.37934200488431946,0.0,805.579392,
2568,NFCORE_CHIPSEQ:CHIPSEQ:FILTER_BAM_BAMTOOLS:BAM_SORT_SAMTOOLS:SAMTOOLS_INDEX,1700963092000,1700963100000,2,20.4,,1073741824.0,,,0.029523912214397225,0.029523912214397225,0.0,805.579392,
2590,NFCORE_CHIPSEQ:CHIPSEQ:PICARD_COLLECTMULTIPLEMETRICS,1700962991000,1700963100000,2,62.9,,2573205504.0,,,0.1652366736298349,0.1652366736298349,0.0,805.579392,
2607,NFCORE_CHIPSEQ:CHIPSEQ:UCSC_BEDGRAPHTOBIGWIG,1700963053000,1700963100000,1,39.2,,1073741824.0,,,0.06805781612011279,0.06805781612011279,0.0,805.579392,
2622,NFCORE_CHIPSEQ:CHIPSEQ:FILTER_BAM_BAMTOOLS:BAM_SORT_SAMTOOLS:BAM_STATS_SAMTOOLS:SAMTOOLS_STATS,1700963030000,1700963100000,2,43.6,,1073741824.0,,,0.08241022579023,0.08241022579023,0.0,805.579392,
2652,NFCORE_CHIPSEQ:CHIPSEQ:FRIP_SCORE,1700963080000,1700963100000,2,103.3,,1073741824.0,,,0.12836569673667708,0.12836569673667708,0.0,805.579392,
2671,NFCORE_CHIPSEQ:CHIPSEQ:PICARD_COLLECTMULTIPLEMETRICS,1700963086000,1700963100000,2,90.9,,2573205504.0,,,0.1381383938730068,0.1381383938730068,0.0,805.579392,
2500,NFCORE_CHIPSEQ:CHIPSEQ:FRIP_SCORE,1700962933000,1700963100000,2,55.3,,1073741824.0,,,0.19108591144229126,0.19108591144229126,0.0,805.579392,
2515,NFCORE_CHIPSEQ:CHIPSEQ:PICARD_COLLECTMULTIPLEMETRICS,1700963065000,1700963100000,2,95.7,,2573205504.0,,,0.1936045434266281,0.1936045434266281,0.0,805.579392,
2546,NFCORE_CHIPSEQ:CHIPSEQ:UCSC_BEDGRAPHTOBIGWIG,1700962926000,1700963100000,1,34.3,,1073741824.0,,,0.13746859050729435,0.13746859050729435,0.0,805.579392,
2585,NFCORE_CHIPSEQ:CHIPSEQ:DEEPTOOLS_PLOTHEATMAP,1700962990000,1700963100000,1,100.4,,7430209536.0,,,0.43172951641199037,0.43172951641199037,0.0,805.579392,
2620,NFCORE_CHIPSEQ:CHIPSEQ:BEDTOOLS_GENOMECOV,1700963028000,1700963100000,2,112.3,,4567597056.0,,,0.34617325679987554,0.34617325679987554,0.0,805.579392,
2626,NFCORE_CHIPSEQ:CHIPSEQ:BEDTOOLS_GENOMECOV,1700963027000,1700963100000,2,116.5,,4567597056.0,,,0.3320781966852604,0.3320781966852604,0.0,805.579392,
2466,NFCORE_CHIPSEQ:CHIPSEQ:BEDTOOLS_GENOMECOV,1700962870000,1700963100000,2,121.0,,4567597056.0,,,0.6384076642275498,0.6384076642275498,0.0,805.579392,
2510,NFCORE_CHIPSEQ:CHIPSEQ:HOMER_ANNOTATEPEAKS_MACS2,1700962884000,1700963100000,1,100.5,,4807720960.0,,,0.5295243859558612,0.5295243859558612,0.0,805.579392,
2600,NFCORE_CHIPSEQ:CHIPSEQ:UCSC_BEDGRAPHTOBIGWIG,1700963022000,1700963100000,1,34.7,,1073741824.0,,,0.10752282644822117,0.10752282644822117,0.0,805.579392,
2529,NFCORE_CHIPSEQ:CHIPSEQ:MACS2_CALLPEAK,1700962891000,1700963100000,1,86.4,,1892679680.0,,,0.4250446897366069,0.4250446897366069,0.0,805.579392,
2631,NFCORE_CHIPSEQ:CHIPSEQ:UCSC_BEDGRAPHTOBIGWIG,1700963037000,1700963100000,1,98.5,,1073741824.0,,,0.2947093828751063,0.2947093828751063,0.0,805.579392,
2647,NFCORE_CHIPSEQ:CHIPSEQ:MACS2_CALLPEAK,1700963049000,1700963100000,1,82.0,,1892679680.0,,,0.24372442767800892,0.24372442767800892,0.0,805.579392,
2677,NFCORE_CHIPSEQ:CHIPSEQ:UCSC_BEDGRAPHTOBIGWIG,1700963082000,1700963100000,1,37.6,,1073741824.0,,,0.10198398176498669,0.10198398176498669,0.0,805.579392,
2435,NFCORE_CHIPSEQ:CHIPSEQ:FILTER_BAM_BAMTOOLS:BAM_SORT_SAMTOOLS:SAMTOOLS_SORT,1700963016000,1700963100000,5,180.4,,6309281792.0,,,0.6837051362536364,0.6837051362536364,0.0,805.579392,
2454,NFCORE_CHIPSEQ:CHIPSEQ:MACS2_CALLPEAK,1700962840000,1700963100000,1,62.2,,1892679680.0,,,0.3698612927548609,0.3698612927548609,0.0,805.579392,
2483,NFCORE_CHIPSEQ:CHIPSEQ:MACS2_CALLPEAK,1700962851000,1700963100000,1,64.6,,1892679680.0,,,0.3723145232272308,0.3723145232272308,0.0,805.579392,
2678,NFCORE_CHIPSEQ:CHIPSEQ:UCSC_BEDGRAPHTOBIGWIG,1700963090000,1700963100000,1,40.6,,1073741824.0,,,0.11533046859143543,0.11533046859143543,0.0,805.579392,
2487,NFCORE_CHIPSEQ:CHIPSEQ:HOMER_ANNOTATEPEAKS_MACS2,1700962830000,1700963100000,1,77.9,,4807720960.0,,,0.5911444056396566,0.5911444056396566,0.0,805.579392,
2512,NFCORE_CHIPSEQ:CHIPSEQ:HOMER_ANNOTATEPEAKS_MACS2,1700962934000,1700963100000,1,88.4,,4807720960.0,,,0.5258870929388437,0.5258870929388437,0.0,805.579392,
2524,NFCORE_CHIPSEQ:CHIPSEQ:MACS2_CALLPEAK,1700962887000,1700963100000,1,79.1,,1892679680.0,,,0.41893184529201904,0.41893184529201904,0.0,805.579392,
2627,NFCORE_CHIPSEQ:CHIPSEQ:BEDTOOLS_GENOMECOV,1700963029000,1700963100000,2,122.1,,4567597056.0,,,0.5260157670629814,0.5260157670629814,0.0,805.579392,
2630,NFCORE_CHIPSEQ:CHIPSEQ:PICARD_COLLECTMULTIPLEMETRICS,1700963029000,1700963100000,2,32.6,,2573205504.0,,,0.1708295047285675,0.1708295047285675,0.0,805.579392,
2659,NFCORE_CHIPSEQ:CHIPSEQ:MACS2_CALLPEAK,1700963064000,1700963100000,1,94.3,,1892679680.0,,,0.29993162177261246,0.29993162177261246,0.0,805.579392,
2499,NFCORE_CHIPSEQ:CHIPSEQ:HOMER_ANNOTATEPEAKS_MACS2,1700962913000,1700963100000,1,90.2,,4807720960.0,,,0.6054170897463463,0.6054170897463463,0.0,805.579392,
2501,NFCORE_CHIPSEQ:CHIPSEQ:HOMER_ANNOTATEPEAKS_MACS2,1700962912000,1700963100000,1,99.2,,4807720960.0,,,0.6093453312495161,0.6093453312495161,0.0,805.579392,
2507,NFCORE_CHIPSEQ:CHIPSEQ:HOMER_ANNOTATEPEAKS_MACS2,1700962933000,1700963100000,1,97.3,,4807720960.0,,,0.5841755818838001,0.5841755818838001,0.0,805.579392,
2548,NFCORE_CHIPSEQ:CHIPSEQ:HOMER_ANNOTATEPEAKS_MACS2,1700962951000,1700963100000,1,100.8,,4807720960.0,,,0.5734490804317753,0.5734490804317753,0.0,805.579392,
2553,NFCORE_CHIPSEQ:CHIPSEQ:HOMER_ANNOTATEPEAKS_MACS2,1700962953000,1700963100000,1,92.2,,4807720960.0,,,0.5609605992108888,0.5609605992108888,0.0,805.579392,
2561,NFCORE_CHIPSEQ:CHIPSEQ:HOMER_ANNOTATEPEAKS_MACS2,1700962956000,1700963100000,1,93.8,,4807720960.0,,,0.5637761798609278,0.5637761798609278,0.0,805.579392,
2584,NFCORE_CHIPSEQ:CHIPSEQ:BEDTOOLS_GENOMECOV,1700962987000,1700963100000,2,119.0,,4567597056.0,,,0.613939558984221,0.613939558984221,0.0,805.579392,
2604,NFCORE_CHIPSEQ:CHIPSEQ:UCSC_BEDGRAPHTOBIGWIG,1700963053000,1700963100000,1,30.5,,1073741824.0,,,0.1276817410544753,0.1276817410544753,0.0,805.579392,
2669,NFCORE_CHIPSEQ:CHIPSEQ:UCSC_BEDGRAPHTOBIGWIG,1700963069000,1700963100000,1,29.5,,1073741824.0,,,0.11810448594797918,0.11810448594797918,0.0,805.579392,
2603,NFCORE_CHIPSEQ:CHIPSEQ:UCSC_BEDGRAPHTOBIGWIG,1700963022000,1700963100000,1,24.0,,1073741824.0,,,0.12560407371853444,0.12560407371853444,0.0,805.579392,
2573,NFCORE_CHIPSEQ:CHIPSEQ:MACS2_CALLPEAK,1700962973000,1700963100000,1,64.5,,1892679680.0,,,0.3585292660932626,0.3585292660932626,0.0,806.940168,
2632,NFCORE_CHIPSEQ:CHIPSEQ:UCSC_BEDGRAPHTOBIGWIG,1700963037000,1700963100000,1,22.2,,1073741824.0,,,0.11706586636598289,0.11706586636598289,0.0,806.940168,
2602,NFCORE_CHIPSEQ:CHIPSEQ:HOMER_ANNOTATEPEAKS_MACS2,1700963022000,1700963100000,1,100.8,,4807720960.0,,,0.5698975499215243,0.5698975499215243,0.0,806.940168,
2519,NFCORE_CHIPSEQ:CHIPSEQ:BEDTOOLS_GENOMECOV,1700962916000,1700963100000,2,94.0,,4567597056.0,,,0.704118888871173,0.704118888871173,0.0,806.940168,
2608,NFCORE_CHIPSEQ:CHIPSEQ:BEDTOOLS_GENOMECOV,1700963020000,1700963100000,2,99.4,,4567597056.0,,,0.5874678641327553,0.5874678641327553,0.0,806.940168,
2615,NFCORE_CHIPSEQ:CHIPSEQ:MACS2_CALLPEAK,1700963040000,1700963100000,1,71.7,,1892679680.0,,,0.3580323462225454,0.3580323462225454,0.0,806.940168,
2639,NFCORE_CHIPSEQ:CHIPSEQ:MACS2_CALLPEAK,1700963042000,1700963100000,1,90.6,,1892679680.0,,,0.44175316206627974,0.44175316206627974,0.0,806.940168,
2640,NFCORE_CHIPSEQ:CHIPSEQ:MACS2_CALLPEAK,1700963042000,1700963100000,1,89.2,,1892679680.0,,,0.446764613535646,0.446764613535646,0.0,806.940168,
2651,NFCORE_CHIPSEQ:CHIPSEQ:HOMER_ANNOTATEPEAKS_MACS2,1700963057000,1700963100000,1,83.6,,4807720960.0,,,0.5907475079501768,0.5907475079501768,0.0,806.940168,
2583,NFCORE_CHIPSEQ:CHIPSEQ:BEDTOOLS_GENOMECOV,1700962977000,1700963100000,2,96.1,,4567597056.0,,,0.807143387256448,0.807143387256448,0.0,806.940168,
2660,NFCORE_CHIPSEQ:CHIPSEQ:BEDTOOLS_GENOMECOV,1700963065000,1700963100000,2,104.7,,4567597056.0,,,0.7314356031044109,0.7314356031044109,0.0,806.940168,
2654,NFCORE_CHIPSEQ:CHIPSEQ:BEDTOOLS_GENOMECOV,1700963063000,1700963100000,2,102.0,,4567597056.0,,,0.733208328653796,0.733208328653796,0.0,806.940168,
2664,NFCORE_CHIPSEQ:CHIPSEQ:PHANTOMPEAKQUALTOOLS,1700963067000,1700963100000,1,17.0,,4294967296.0,,,0.3469727512630704,0.3469727512630704,0.0,807.620556,
2492,NFCORE_CHIPSEQ:CHIPSEQ:PHANTOMPEAKQUALTOOLS,1700962874000,1700963100000,1,13.1,,4294967296.0,,,0.4320544054284555,0.4320544054284555,0.0,807.620556,
1975,NFCORE_CHIPSEQ:CHIPSEQ:DEEPTOOLS_COMPUTEMATRIX,1700962835000,1700963100000,9,662.1,,5673844736.0,,,7.056387802863004,7.056387802863004,0.0,807.620556,
2503,NFCORE_CHIPSEQ:CHIPSEQ:PHANTOMPEAKQUALTOOLS,1700962934000,1700963100000,1,16.6,,4294967296.0,,,0.4525244431147459,0.4525244431147459,0.0,807.620556,
2498,NFCORE_CHIPSEQ:CHIPSEQ:PHANTOMPEAKQUALTOOLS,1700962893000,1700963100000,1,15.2,,4294967296.0,,,0.4642968211896183,0.4642968211896183,0.0,807.620556,
2592,NFCORE_CHIPSEQ:CHIPSEQ:PHANTOMPEAKQUALTOOLS,1700963001000,1700963100000,1,17.7,,4294967296.0,,,0.451945893736056,0.451945893736056,0.0,807.620556,
2141,NFCORE_CHIPSEQ:CHIPSEQ:DEEPTOOLS_COMPUTEMATRIX,1700962911000,1700963100000,9,685.8,,5673844736.0,,,7.992073649687844,7.992073649687844,0.0,807.620556,
2494,NFCORE_CHIPSEQ:CHIPSEQ:PHANTOMPEAKQUALTOOLS,1700962874000,1700963100000,1,15.3,,4294967296.0,,,0.5833392577710914,0.5833392577710914,0.0,802.0640539999999,
2676,NFCORE_CHIPSEQ:CHIPSEQ:PHANTOMPEAKQUALTOOLS,1700963084000,1700963100000,1,14.7,,4294967296.0,,,0.5056470347635933,0.5056470347635933,0.0,802.0640539999999,
2540,NFCORE_CHIPSEQ:CHIPSEQ:PHANTOMPEAKQUALTOOLS,1700962909000,1700963100000,1,15.1,,4294967296.0,,,0.6215280992289843,0.6215280992289843,0.0,802.0640539999999,
2567,NFCORE_CHIPSEQ:CHIPSEQ:PHANTOMPEAKQUALTOOLS,1700962973000,1700963100000,1,13.6,,4294967296.0,,,0.5817279586491916,0.5817279586491916,0.0,802.0640539999999,
2594,NFCORE_CHIPSEQ:CHIPSEQ:PHANTOMPEAKQUALTOOLS,1700963004000,1700963100000,1,13.7,,4294967296.0,,,0.5828464639643686,0.5828464639643686,0.0,802.0640539999999,
2628,NFCORE_CHIPSEQ:CHIPSEQ:PHANTOMPEAKQUALTOOLS,1700963029000,1700963100000,1,14.7,,4294967296.0,,,0.5955553745953083,0.5955553745953083,0.0,802.0640539999999,
2465,NFCORE_CHIPSEQ:CHIPSEQ:PHANTOMPEAKQUALTOOLS,1700962807000,1700963100000,1,14.3,,4294967296.0,,,0.5973741058589784,0.5973741058589784,0.0,807.620556,
2599,NFCORE_CHIPSEQ:CHIPSEQ:PHANTOMPEAKQUALTOOLS,1700963014000,1700963100000,1,15.0,,4294967296.0,,,0.7292689674933531,0.7292689674933531,0.0,799.739395,
2663,NFCORE_CHIPSEQ:CHIPSEQ:PHANTOMPEAKQUALTOOLS,1700963065000,1700963100000,1,14.6,,4294967296.0,,,0.7634470100117506,0.7634470100117506,0.0,799.739395,
2673,NFCORE_CHIPSEQ:CHIPSEQ:PHANTOMPEAKQUALTOOLS,1700963074000,1700963100000,1,13.9,,4294967296.0,,,0.7518585569882428,0.7518585569882428,0.0,799.739395,
2514,NFCORE_CHIPSEQ:CHIPSEQ:PHANTOMPEAKQUALTOOLS,1700962934000,1700963100000,1,12.8,,4294967296.0,,,0.9002650265739022,0.9002650265739022,0.0,798.5770654999999,
2557,NFCORE_CHIPSEQ:CHIPSEQ:PHANTOMPEAKQUALTOOLS,1700962955000,1700963100000,1,13.3,,4294967296.0,,,0.9118247730708942,0.9118247730708942,0.0,798.5770654999999,
2460,NFCORE_CHIPSEQ:CHIPSEQ:PHANTOMPEAKQUALTOOLS,1700962818000,1700963100000,1,14.2,,4294967296.0,,,1.0023025535357626,1.0023025535357626,0.0,798.5770654999999,
2685,NFCORE_CHIPSEQ:CHIPSEQ:MULTIQC_CUSTOM_PEAKS,1700963115000,1700963117000,2,4.4,,1073741824.0,,,0.00026818075759722223,0.00026818075759722223,0.0,808.754536,
2686,NFCORE_CHIPSEQ:CHIPSEQ:MULTIQC_CUSTOM_PEAKS,1700963115000,1700963118000,2,2.0,,1073741824.0,,,0.0003269558702308334,0.0003269558702308334,0.0,808.754536,
2595,NFCORE_CHIPSEQ:CHIPSEQ:FILTER_BAM_BAMTOOLS:BAM_SORT_SAMTOOLS:SAMTOOLS_INDEX,1700963122000,1700963143000,2,54.3,,1073741824.0,,,0.013777407317868542,0.013777407317868542,0.0,808.754536,
2705,NFCORE_CHIPSEQ:CHIPSEQ:FILTER_BAM_BAMTOOLS:BAM_SORT_SAMTOOLS:BAM_STATS_SAMTOOLS:SAMTOOLS_IDXSTATS,1700963134000,1700963142000,1,11.4,,1073741824.0,,,0.0016585084338944444,0.0016585084338944444,0.0,808.754536,
2690,NFCORE_CHIPSEQ:CHIPSEQ:FILTER_BAM_BAMTOOLS:BAM_SORT_SAMTOOLS:SAMTOOLS_INDEX,1700963125000,1700963163000,2,156.0,,1073741824.0,,,0.06535601568925445,0.06535601568925445,0.0,808.754536,
2697,NFCORE_CHIPSEQ:CHIPSEQ:FILTER_BAM_BAMTOOLS:BAM_SORT_SAMTOOLS:BAM_STATS_SAMTOOLS:SAMTOOLS_IDXSTATS,1700963128000,1700963182000,1,0.6,,1073741824.0,,,0.005094395369422499,0.005094395369422499,0.0,808.754536,
2698,NFCORE_CHIPSEQ:CHIPSEQ:FILTER_BAM_BAMTOOLS:BAM_SORT_SAMTOOLS:BAM_STATS_SAMTOOLS:SAMTOOLS_STATS,1700963128000,1700963186000,2,82.9,,1073741824.0,,,0.05540368736604793,0.05540368736604793,0.0,808.754536,
2701,NFCORE_CHIPSEQ:CHIPSEQ:MULTIQC_CUSTOM_PEAKS,1700963129000,1700963182000,2,0.1,,1073741824.0,,,0.00472285269313146,0.00472285269313146,0.0,808.754536,
2718,NFCORE_CHIPSEQ:CHIPSEQ:FILTER_BAM_BAMTOOLS:BAM_SORT_SAMTOOLS:BAM_STATS_SAMTOOLS:SAMTOOLS_IDXSTATS,1700963148000,1700963182000,1,9.6,,1073741824.0,,,0.00640848108164889,0.00640848108164889,0.0,808.754536,
2721,NFCORE_CHIPSEQ:CHIPSEQ:MULTIQC_CUSTOM_PEAKS,1700963167000,1700963182000,2,26.8,,1073741824.0,,,0.0055260681030125,0.0055260681030125,0.0,808.754536,
2680,NFCORE_CHIPSEQ:CHIPSEQ:UCSC_BEDGRAPHTOBIGWIG,1700963101000,1700963200000,1,57.4,,1073741824.0,,,0.06816094771880625,0.06816094771880625,0.0,808.754536,
2682,NFCORE_CHIPSEQ:CHIPSEQ:UCSC_BEDGRAPHTOBIGWIG,1700963113000,1700963198000,1,100.4,,1073741824.0,,,0.09675498385154861,0.09675498385154861,0.0,808.754536,
2694,NFCORE_CHIPSEQ:CHIPSEQ:UCSC_BEDGRAPHTOBIGWIG,1700963126000,1700963206000,1,88.5,,1073741824.0,,,0.08110516235362777,0.08110516235362777,0.0,808.754536,
2696,NFCORE_CHIPSEQ:CHIPSEQ:FILTER_BAM_BAMTOOLS:BAM_SORT_SAMTOOLS:BAM_STATS_SAMTOOLS:SAMTOOLS_FLAGSTAT,1700963128000,1700963190000,2,124.3,,1073741824.0,,,0.08607452371014958,0.08607452371014958,0.0,808.754536,
2715,NFCORE_CHIPSEQ:CHIPSEQ:FRIP_SCORE,1700963148000,1700963196000,2,55.4,,1073741824.0,,,0.03204352867843333,0.03204352867843333,0.0,808.754536,
2722,NFCORE_CHIPSEQ:CHIPSEQ:FILTER_BAM_BAMTOOLS:BAM_SORT_SAMTOOLS:BAM_STATS_SAMTOOLS:SAMTOOLS_FLAGSTAT,1700963183000,1700963198000,2,62.6,,1073741824.0,,,0.011143331704485417,0.011143331704485417,0.0,808.754536,
2723,NFCORE_CHIPSEQ:CHIPSEQ:FILTER_BAM_BAMTOOLS:BAM_SORT_SAMTOOLS:BAM_STATS_SAMTOOLS:SAMTOOLS_IDXSTATS,1700963183000,1700963198000,1,1.9,,1073741824.0,,,0.0016190886707031253,0.0016190886707031253,0.0,808.754536,
2717,NFCORE_CHIPSEQ:CHIPSEQ:FILTER_BAM_BAMTOOLS:BAM_SORT_SAMTOOLS:BAM_STATS_SAMTOOLS:SAMTOOLS_FLAGSTAT,1700963176000,1700963209000,2,35.0,,1073741824.0,,,0.014987948579995419,0.014987948579995419,0.0,808.754536,
2744,NFCORE_CHIPSEQ:CHIPSEQ:FILTER_BAM_BAMTOOLS:BAM_SORT_SAMTOOLS:BAM_STATS_SAMTOOLS:SAMTOOLS_FLAGSTAT,1700963208000,1700963217000,2,131.1,,1073741824.0,,,0.013134868688069377,0.013134868688069377,0.0,808.754536,
2745,NFCORE_CHIPSEQ:CHIPSEQ:FILTER_BAM_BAMTOOLS:BAM_SORT_SAMTOOLS:BAM_STATS_SAMTOOLS:SAMTOOLS_IDXSTATS,1700963204000,1700963208000,1,77.1,,1073741824.0,,,0.0035782614319697223,0.0035782614319697223,0.0,808.754536,
2692,NFCORE_CHIPSEQ:CHIPSEQ:PICARD_COLLECTMULTIPLEMETRICS,1700963125000,1700963229000,2,95.5,,2573205504.0,,,0.12584189690229805,0.12584189690229805,0.0,808.754536,
2706,NFCORE_CHIPSEQ:CHIPSEQ:FILTER_BAM_BAMTOOLS:BAM_SORT_SAMTOOLS:BAM_STATS_SAMTOOLS:SAMTOOLS_STATS,1700963196000,1700963230000,2,79.7,,1073741824.0,,,0.031339926272990704,0.031339926272990704,0.0,808.754536,
2711,NFCORE_CHIPSEQ:CHIPSEQ:FILTER_BAM_BAMTOOLS:BAM_SORT_SAMTOOLS:BAM_STATS_SAMTOOLS:SAMTOOLS_FLAGSTAT,1700963196000,1700963224000,2,46.3,,1073741824.0,,,0.0160267348098025,0.0160267348098025,0.0,808.754536,
2716,NFCORE_CHIPSEQ:CHIPSEQ:FILTER_BAM_BAMTOOLS:BAM_SORT_SAMTOOLS:BAM_STATS_SAMTOOLS:SAMTOOLS_STATS,1700963185000,1700963217000,2,128.5,,1073741824.0,,,0.04583144559300667,0.04583144559300667,0.0,808.754536,
2724,NFCORE_CHIPSEQ:CHIPSEQ:FILTER_BAM_BAMTOOLS:BAM_SORT_SAMTOOLS:BAM_STATS_SAMTOOLS:SAMTOOLS_STATS,1700963184000,1700963224000,2,127.1,,1073741824.0,,,0.056703521587752784,0.056703521587752784,0.0,808.754536,
2733,NFCORE_CHIPSEQ:CHIPSEQ:FILTER_BAM_BAMTOOLS:BAM_SORT_SAMTOOLS:SAMTOOLS_INDEX,1700963200000,1700963230000,2,42.6,,1073741824.0,,,0.016010391228554167,0.016010391228554167,0.0,808.754536,
2755,NFCORE_CHIPSEQ:CHIPSEQ:MULTIQC_CUSTOM_PEAKS,1700963220000,1700963225000,2,5.1,,1073741824.0,,,0.0007070634817121529,0.0007070634817121529,0.0,808.754536,
2569,NFCORE_CHIPSEQ:CHIPSEQ:PICARD_COLLECTMULTIPLEMETRICS,1700963122000,1700963248000,2,79.6,,2573205504.0,,,0.13150582535968064,0.13150582535968064,0.0,808.754536,
2635,NFCORE_CHIPSEQ:CHIPSEQ:MULTIQC_CUSTOM_PEAKS,1700963229000,1700963230000,2,25.2,,1073741824.0,,,0.0003516678143863889,0.0003516678143863889,0.0,808.754536,
2662,NFCORE_CHIPSEQ:CHIPSEQ:FILTER_BAM_BAMTOOLS:BAM_SORT_SAMTOOLS:SAMTOOLS_INDEX,1700963228000,1700963251000,2,72.4,,1073741824.0,,,0.019444228195987505,0.019444228195987505,0.0,808.754536,
2684,NFCORE_CHIPSEQ:CHIPSEQ:FRIP_SCORE,1700963114000,1700963253000,2,67.3,,1073741824.0,,,0.11009535482067521,0.11009535482067521,0.0,808.754536,
2750,NFCORE_CHIPSEQ:CHIPSEQ:MULTIQC_CUSTOM_PEAKS,1700963254000,1700963257000,2,2.5,,1073741824.0,,,0.00034264655068187504,0.00034264655068187504,0.0,808.754536,
2759,NFCORE_CHIPSEQ:CHIPSEQ:MULTIQC_CUSTOM_PEAKS,1700963231000,1700963234000,2,38.6,,1073741824.0,,,0.0014755136792470836,0.0014755136792470836,0.0,808.754536,
2763,NFCORE_CHIPSEQ:CHIPSEQ:FILTER_BAM_BAMTOOLS:BAM_SORT_SAMTOOLS:BAM_STATS_SAMTOOLS:SAMTOOLS_IDXSTATS,1700963239000,1700963252000,1,5.0,,1073741824.0,,,0.0018247664627273612,0.0018247664627273612,0.0,808.754536,
2597,NFCORE_CHIPSEQ:CHIPSEQ:FILTER_BAM_BAMTOOLS:BAM_SORT_SAMTOOLS:SAMTOOLS_INDEX,1700963257000,1700963267000,2,140.5,,1073741824.0,,,0.015577581183897918,0.015577581183897918,0.0,808.754536,
2735,NFCORE_CHIPSEQ:CHIPSEQ:FILTER_BAM_BAMTOOLS:BAM_SORT_SAMTOOLS:SAMTOOLS_INDEX,1700963235000,1700963260000,2,53.0,,1073741824.0,,,0.016061710635309027,0.016061710635309027,0.0,808.754536,
2742,NFCORE_CHIPSEQ:CHIPSEQ:UCSC_BEDGRAPHTOBIGWIG,1700963203000,1700963274000,1,70.9,,1073741824.0,,,0.05890944872776355,0.05890944872776355,0.0,808.754536,
2743,NFCORE_CHIPSEQ:CHIPSEQ:UCSC_BEDGRAPHTOBIGWIG,1700963204000,1700963274000,1,67.7,,1073741824.0,,,0.05573659656827987,0.05573659656827987,0.0,808.754536,
2746,NFCORE_CHIPSEQ:CHIPSEQ:FILTER_BAM_BAMTOOLS:BAM_SORT_SAMTOOLS:BAM_STATS_SAMTOOLS:SAMTOOLS_STATS,1700963233000,1700963266000,2,124.7,,1073741824.0,,,0.045951937382081046,0.045951937382081046,0.0,808.754536,
2761,NFCORE_CHIPSEQ:CHIPSEQ:FILTER_BAM_BAMTOOLS:BAM_SORT_SAMTOOLS:BAM_STATS_SAMTOOLS:SAMTOOLS_STATS,1700963240000,1700963274000,2,126.5,,1073741824.0,,,0.047984600095455694,0.047984600095455694,0.0,808.754536,
2762,NFCORE_CHIPSEQ:CHIPSEQ:FILTER_BAM_BAMTOOLS:BAM_SORT_SAMTOOLS:BAM_STATS_SAMTOOLS:SAMTOOLS_FLAGSTAT,1700963251000,1700963265000,2,81.1,,1073741824.0,,,0.013109700415399581,0.013109700415399581,0.0,808.754536,
2771,NFCORE_CHIPSEQ:CHIPSEQ:FILTER_BAM_BAMTOOLS:BAM_SORT_SAMTOOLS:BAM_STATS_SAMTOOLS:SAMTOOLS_IDXSTATS,1700963260000,1700963264000,1,16.8,,1073741824.0,,,0.0010552000154422222,0.0010552000154422222,0.0,808.754536,
2774,NFCORE_CHIPSEQ:CHIPSEQ:MULTIQC_CUSTOM_PEAKS,1700963260000,1700963261000,2,60.4,,1073741824.0,,,0.0007198757823041667,0.0007198757823041667,0.0,808.754536,
2727,NFCORE_CHIPSEQ:CHIPSEQ:UCSC_BEDGRAPHTOBIGWIG,1700963185000,1700963275000,1,56.5,,1073741824.0,,,0.06111720118183126,0.06111720118183126,0.0,808.754536,
2741,NFCORE_CHIPSEQ:CHIPSEQ:UCSC_BEDGRAPHTOBIGWIG,1700963202000,1700963278000,1,70.6,,1073741824.0,,,0.06281950311221501,0.06281950311221501,0.0,808.754536,
2780,NFCORE_CHIPSEQ:CHIPSEQ:FILTER_BAM_BAMTOOLS:BAM_SORT_SAMTOOLS:BAM_STATS_SAMTOOLS:SAMTOOLS_FLAGSTAT,1700963271000,1700963289000,2,92.9,,1073741824.0,,,0.01907712945738125,0.01907712945738125,0.0,808.754536,
2782,NFCORE_CHIPSEQ:CHIPSEQ:FILTER_BAM_BAMTOOLS:BAM_SORT_SAMTOOLS:BAM_STATS_SAMTOOLS:SAMTOOLS_IDXSTATS,1700963277000,1700963278000,1,54.2,,1073741824.0,,,0.0006550209697731946,0.0006550209697731946,0.0,808.754536,
2789,NFCORE_CHIPSEQ:CHIPSEQ:FILTER_BAM_BAMTOOLS:BAM_SORT_SAMTOOLS:BAM_STATS_SAMTOOLS:SAMTOOLS_IDXSTATS,1700963281000,1700963282000,1,13.2,,1073741824.0,,,0.00022614237077805556,0.00022614237077805556,0.0,808.754536,
2593,NFCORE_CHIPSEQ:CHIPSEQ:PICARD_COLLECTMULTIPLEMETRICS,1700963122000,1700963291000,2,62.7,,2573205504.0,,,0.14650869588209156,0.14650869588209156,0.0,808.754536,
2672,NFCORE_CHIPSEQ:CHIPSEQ:FILTER_BAM_BAMTOOLS:BAM_SORT_SAMTOOLS:SAMTOOLS_INDEX,1700963278000,1700963296000,2,80.4,,1073741824.0,,,0.016723527389725004,0.016723527389725004,0.0,808.754536,
2693,NFCORE_CHIPSEQ:CHIPSEQ:UCSC_BEDGRAPHTOBIGWIG,1700963124000,1700963289000,1,40.9,,1073741824.0,,,0.08512299451270311,0.08512299451270311,0.0,808.754536,
2707,NFCORE_CHIPSEQ:CHIPSEQ:DEEPTOOLS_PLOTFINGERPRINT,1700963196000,1700963293000,8,427.1,,4294967296.0,,,0.46753197599789553,0.46753197599789553,0.0,808.754536,
2528,NFCORE_CHIPSEQ:CHIPSEQ:FILTER_BAM_BAMTOOLS:BAM_SORT_SAMTOOLS:BAM_STATS_SAMTOOLS:SAMTOOLS_STATS,1700963259000,1700963300000,2,122.8,,1073741824.0,,,0.056276931651767496,0.056276931651767496,0.0,808.754536,
2598,NFCORE_CHIPSEQ:CHIPSEQ:PICARD_COLLECTMULTIPLEMETRICS,1700963187000,1700963304000,2,108.6,,2573205504.0,,,0.1576048712999597,0.1576048712999597,0.0,808.754536,
2665,NFCORE_CHIPSEQ:CHIPSEQ:PICARD_COLLECTMULTIPLEMETRICS,1700963238000,1700963313000,2,114.2,,2573205504.0,,,0.10542215418011198,0.10542215418011198,0.0,808.754536,
2695,NFCORE_CHIPSEQ:CHIPSEQ:UCSC_BEDGRAPHTOBIGWIG,1700963127000,1700963315000,1,48.4,,1073741824.0,,,0.11173786367481668,0.11173786367481668,0.0,808.754536,
2708,NFCORE_CHIPSEQ:CHIPSEQ:MACS2_CALLPEAK,1700963134000,1700963319000,1,79.2,,1892679680.0,,,0.1819842414792303,0.1819842414792303,0.0,808.754536,
2713,NFCORE_CHIPSEQ:CHIPSEQ:FRIP_SCORE,1700963166000,1700963315000,2,81.5,,1073741824.0,,,0.14014811174334077,0.14014811174334077,0.0,808.754536,
2731,NFCORE_CHIPSEQ:CHIPSEQ:PICARD_COLLECTMULTIPLEMETRICS,1700963226000,1700963316000,2,115.5,,2573205504.0,,,0.12773045809131564,0.12773045809131564,0.0,808.754536,
2740,NFCORE_CHIPSEQ:CHIPSEQ:UCSC_BEDGRAPHTOBIGWIG,1700963201000,1700963309000,1,66.4,,1073741824.0,,,0.0845249584437,0.0845249584437,0.0,808.754536,
2781,NFCORE_CHIPSEQ:CHIPSEQ:FILTER_BAM_BAMTOOLS:BAM_SORT_SAMTOOLS:BAM_STATS_SAMTOOLS:SAMTOOLS_STATS,1700963271000,1700963308000,2,127.2,,1073741824.0,,,0.05248946114711722,0.05248946114711722,0.0,808.754536,
2807,NFCORE_CHIPSEQ:CHIPSEQ:FILTER_BAM_BAMTOOLS:BAM_SORT_SAMTOOLS:BAM_STATS_SAMTOOLS:SAMTOOLS_FLAGSTAT,1700963305000,1700963317000,2,116.2,,1073741824.0,,,0.015642829140995,0.015642829140995,0.0,808.754536,
2808,NFCORE_CHIPSEQ:CHIPSEQ:FILTER_BAM_BAMTOOLS:BAM_SORT_SAMTOOLS:BAM_STATS_SAMTOOLS:SAMTOOLS_IDXSTATS,1700963305000,1700963306000,1,7.1,,1073741824.0,,,0.00016233360361048613,0.00016233360361048613,0.0,808.754536,
2661,NFCORE_CHIPSEQ:CHIPSEQ:PICARD_COLLECTMULTIPLEMETRICS,1700963228000,1700963348000,2,104.8,,2573205504.0,,,0.15687605498899584,0.15687605498899584,0.0,808.754536,
2675,NFCORE_CHIPSEQ:CHIPSEQ:FILTER_BAM_BAMTOOLS:BAM_SORT_SAMTOOLS:SAMTOOLS_INDEX,1700963308000,1700963329000,2,53.8,,1073741824.0,,,0.01366757255471125,0.01366757255471125,0.0,808.754536,
2710,NFCORE_CHIPSEQ:CHIPSEQ:MACS2_CALLPEAK,1700963134000,1700963338000,1,89.3,,1892679680.0,,,0.22222723359599936,0.22222723359599936,0.0,808.754536,
2734,NFCORE_CHIPSEQ:CHIPSEQ:PICARD_COLLECTMULTIPLEMETRICS,1700963235000,1700963344000,2,110.7,,2573205504.0,,,0.14922286768038115,0.14922286768038115,0.0,808.754536,
2772,NFCORE_CHIPSEQ:CHIPSEQ:FILTER_BAM_BAMTOOLS:BAM_SORT_SAMTOOLS:BAM_STATS_SAMTOOLS:SAMTOOLS_FLAGSTAT,1700963309000,1700963348000,2,41.8,,1073741824.0,,,0.020487142443738754,0.020487142443738754,0.0,808.754536,
2773,NFCORE_CHIPSEQ:CHIPSEQ:FILTER_BAM_BAMTOOLS:BAM_SORT_SAMTOOLS:BAM_STATS_SAMTOOLS:SAMTOOLS_STATS,1700963308000,1700963350000,2,119.1,,1073741824.0,,,0.05602398524610709,0.05602398524610709,0.0,808.754536,
2806,NFCORE_CHIPSEQ:CHIPSEQ:FILTER_BAM_BAMTOOLS:BAM_SORT_SAMTOOLS:BAM_STATS_SAMTOOLS:SAMTOOLS_STATS,1700963305000,1700963344000,2,128.1,,1073741824.0,,,0.05569389123978604,0.05569389123978604,0.0,808.754536,
2819,NFCORE_CHIPSEQ:CHIPSEQ:FILTER_BAM_BAMTOOLS:BAM_SORT_SAMTOOLS:SAMTOOLS_INDEX,1700963318000,1700963354000,2,43.6,,1073741824.0,,,0.01958904580509,0.01958904580509,0.0,808.754536,
2830,NFCORE_CHIPSEQ:CHIPSEQ:MULTIQC_CUSTOM_PEAKS,1700963324000,1700963329000,2,27.7,,1073741824.0,,,0.0018890947423572918,0.0018890947423572918,0.0,808.754536,
2699,NFCORE_CHIPSEQ:CHIPSEQ:DEEPTOOLS_PLOTFINGERPRINT,1700963196000,1700963359000,8,517.9,,4294967296.0,,,0.9404654143326622,0.9404654143326622,0.0,808.754536,
2702,NFCORE_CHIPSEQ:CHIPSEQ:BEDTOOLS_GENOMECOV,1700963138000,1700963379000,2,119.1,,4567597056.0,,,0.3905302951552459,0.3905302951552459,0.0,808.754536,
2738,NFCORE_CHIPSEQ:CHIPSEQ:FRIP_SCORE,1700963235000,1700963361000,2,120.1,,1073741824.0,,,0.16938997289620875,0.16938997289620875,0.0,808.754536,
2767,NFCORE_CHIPSEQ:CHIPSEQ:UCSC_BEDGRAPHTOBIGWIG,1700963258000,1700963361000,1,64.1,,1073741824.0,,,0.07813368445725714,0.07813368445725714,0.0,808.754536,
2768,NFCORE_CHIPSEQ:CHIPSEQ:UCSC_BEDGRAPHTOBIGWIG,1700963259000,1700963370000,1,68.6,,1073741824.0,,,0.08942731673345458,0.08942731673345458,0.0,808.754536,
2779,NFCORE_CHIPSEQ:CHIPSEQ:UCSC_BEDGRAPHTOBIGWIG,1700963267000,1700963375000,1,82.0,,1073741824.0,,,0.10214873072630999,0.10214873072630999,0.0,808.754536,
2788,NFCORE_CHIPSEQ:CHIPSEQ:FILTER_BAM_BAMTOOLS:BAM_SORT_SAMTOOLS:BAM_STATS_SAMTOOLS:SAMTOOLS_STATS,1700963296000,1700963368000,2,58.4,,1073741824.0,,,0.0503247510026,0.0503247510026,0.0,808.754536,
2790,NFCORE_CHIPSEQ:CHIPSEQ:FILTER_BAM_BAMTOOLS:BAM_SORT_SAMTOOLS:BAM_STATS_SAMTOOLS:SAMTOOLS_FLAGSTAT,1700963296000,1700963367000,2,16.5,,1073741824.0,,,0.018506992611694653,0.018506992611694653,0.0,808.754536,
2818,NFCORE_CHIPSEQ:CHIPSEQ:UCSC_BEDGRAPHTOBIGWIG,1700963313000,1700963382000,1,72.1,,1073741824.0,,,0.058116153197738114,0.058116153197738114,0.0,808.754536,
2829,NFCORE_CHIPSEQ:CHIPSEQ:FRIP_SCORE,1700963325000,1700963378000,2,117.5,,1073741824.0,,,0.0698098872947791,0.0698098872947791,0.0,808.754536,
2843,NFCORE_CHIPSEQ:CHIPSEQ:FILTER_BAM_BAMTOOLS:BAM_SORT_SAMTOOLS:BAM_STATS_SAMTOOLS:SAMTOOLS_IDXSTATS,1700963352000,1700963352000,1,8.0,,1073741824.0,,,0.0,0.0,0.0,808.754536,
2841,NFCORE_CHIPSEQ:CHIPSEQ:FILTER_BAM_BAMTOOLS:BAM_SORT_SAMTOOLS:BAM_STATS_SAMTOOLS:SAMTOOLS_FLAGSTAT,1700963352000,1700963363000,2,92.4,,1073741824.0,,,0.011600713284523615,0.011600713284523615,0.0,808.754536,
2850,NFCORE_CHIPSEQ:CHIPSEQ:FILTER_BAM_BAMTOOLS:BAM_SORT_SAMTOOLS:BAM_STATS_SAMTOOLS:SAMTOOLS_IDXSTATS,1700963363000,1700963367000,1,44.9,,1073741824.0,,,0.002230955003906945,0.002230955003906945,0.0,808.754536,
2851,NFCORE_CHIPSEQ:CHIPSEQ:FILTER_BAM_BAMTOOLS:BAM_SORT_SAMTOOLS:BAM_STATS_SAMTOOLS:SAMTOOLS_FLAGSTAT,1700963368000,1700963380000,2,107.3,,1073741824.0,,,0.014525652692880833,0.014525652692880833,0.0,808.754536,
2601,NFCORE_CHIPSEQ:CHIPSEQ:FRIP_SCORE,1700963257000,1700963379000,2,118.3,,1073741824.0,,,0.16171539782115377,0.16171539782115377,0.0,808.754536,
2805,NFCORE_CHIPSEQ:CHIPSEQ:FRIP_SCORE,1700963304000,1700963393000,2,122.2,,1073741824.0,,,0.12160353170295042,0.12160353170295042,0.0,808.754536,
2842,NFCORE_CHIPSEQ:CHIPSEQ:FILTER_BAM_BAMTOOLS:BAM_SORT_SAMTOOLS:BAM_STATS_SAMTOOLS:SAMTOOLS_STATS,1700963361000,1700963390000,2,114.0,,1073741824.0,,,0.037136126815553616,0.037136126815553616,0.0,808.754536,
2859,NFCORE_CHIPSEQ:CHIPSEQ:MULTIQC_CUSTOM_PEAKS,1700963384000,1700963400000,2,84.2,,1073741824.0,,,0.017437935671709447,0.017437935671709447,0.0,808.52774,
2674,NFCORE_CHIPSEQ:CHIPSEQ:PICARD_COLLECTMULTIPLEMETRICS,1700963319000,1700963400000,2,113.2,,2573205504.0,,,0.12416371605145969,0.12416371605145969,0.0,808.52774,
2700,NFCORE_CHIPSEQ:CHIPSEQ:MACS2_CALLPEAK,1700963128000,1700963400000,1,91.0,,1892679680.0,,,0.3011398918883736,0.3011398918883736,0.0,808.754536,
2726,NFCORE_CHIPSEQ:CHIPSEQ:MACS2_CALLPEAK,1700963185000,1700963400000,1,90.8,,1892679680.0,,,0.24862777192399924,0.24862777192399924,0.0,808.52774,
2776,NFCORE_CHIPSEQ:CHIPSEQ:UCSC_BEDGRAPHTOBIGWIG,1700963266000,1700963400000,1,66.9,,1073741824.0,,,0.11187382476624655,0.11187382476624655,0.0,808.52774,
2802,NFCORE_CHIPSEQ:CHIPSEQ:FRIP_SCORE,1700963304000,1700963400000,2,133.2,,1073741824.0,,,0.15405862115281335,0.15405862115281335,0.0,808.52774,
2043,NFCORE_CHIPSEQ:CHIPSEQ:FILTER_BAM_BAMTOOLS:BAM_SORT_SAMTOOLS:SAMTOOLS_SORT,1700963372000,1700963400000,5,289.6,,6309281792.0,,,0.11703483732833567,0.11703483732833567,0.0,808.52774,
2405,NFCORE_CHIPSEQ:CHIPSEQ:FILTER_BAM_BAMTOOLS:BAM_SORT_SAMTOOLS:SAMTOOLS_SORT,1700963364000,1700963400000,5,319.8,,6309281792.0,,,0.20854773989935377,0.20854773989935377,0.0,808.52774,
2739,NFCORE_CHIPSEQ:CHIPSEQ:UCSC_BEDGRAPHTOBIGWIG,1700963201000,1700963400000,1,33.0,,1073741824.0,,,0.09401290564019431,0.09401290564019431,0.0,808.52774,
2778,NFCORE_CHIPSEQ:CHIPSEQ:FRIP_SCORE,1700963267000,1700963400000,2,91.3,,1073741824.0,,,0.16375325587964812,0.16375325587964812,0.0,808.52774,
2823,NFCORE_CHIPSEQ:CHIPSEQ:FRIP_SCORE,1700963324000,1700963400000,2,76.1,,1073741824.0,,,0.08663137187339612,0.08663137187339612,0.0,808.52774,
2847,NFCORE_CHIPSEQ:CHIPSEQ:FRIP_SCORE,1700963353000,1700963400000,2,121.2,,1073741824.0,,,0.09895883797768362,0.09895883797768362,0.0,808.52774,
2849,NFCORE_CHIPSEQ:CHIPSEQ:FILTER_BAM_BAMTOOLS:BAM_SORT_SAMTOOLS:BAM_STATS_SAMTOOLS:SAMTOOLS_STATS,1700963364000,1700963400000,2,89.2,,1073741824.0,,,0.05615164514719501,0.05615164514719501,0.0,808.52774,
2858,NFCORE_CHIPSEQ:CHIPSEQ:UCSC_BEDGRAPHTOBIGWIG,1700963384000,1700963400000,1,99.6,,1073741824.0,,,0.059862607233973894,0.059862607233973894,0.0,808.52774,
2747,NFCORE_CHIPSEQ:CHIPSEQ:MACS2_CALLPEAK,1700963204000,1700963400000,1,93.3,,1892679680.0,,,0.26241347220199546,0.26241347220199546,0.0,808.52774,
2760,NFCORE_CHIPSEQ:CHIPSEQ:BEDTOOLS_GENOMECOV,1700963269000,1700963400000,2,120.6,,4567597056.0,,,0.29609696704822813,0.29609696704822813,0.0,808.52774,
2816,NFCORE_CHIPSEQ:CHIPSEQ:UCSC_BEDGRAPHTOBIGWIG,1700963311000,1700963400000,1,75.7,,1073741824.0,,,0.12228430519708897,0.12228430519708897,0.0,808.52774,
2817,NFCORE_CHIPSEQ:CHIPSEQ:UCSC_BEDGRAPHTOBIGWIG,1700963313000,1700963400000,1,57.8,,1073741824.0,,,0.0962621242897354,0.0962621242897354,0.0,808.52774,
2825,NFCORE_CHIPSEQ:CHIPSEQ:FRIP_SCORE,1700963343000,1700963400000,2,104.7,,1073741824.0,,,0.1301249535803598,0.1301249535803598,0.0,808.52774,
2840,NFCORE_CHIPSEQ:CHIPSEQ:FRIP_SCORE,1700963351000,1700963400000,2,123.4,,1073741824.0,,,0.14060521725831043,0.14060521725831043,0.0,808.52774,
2069,NFCORE_CHIPSEQ:CHIPSEQ:FILTER_BAM_BAMTOOLS:BAM_SORT_SAMTOOLS:SAMTOOLS_SORT,1700963399000,1700963400000,5,361.3,,6309281792.0,,,0.21901763923142842,0.21901763923142842,0.0,808.52774,
2070,NFCORE_CHIPSEQ:CHIPSEQ:FILTER_BAM_BAMTOOLS:BAM_SORT_SAMTOOLS:SAMTOOLS_SORT,1700963399000,1700963400000,5,239.1,,6309281792.0,,,0.16291244330872742,0.16291244330872742,0.0,808.52774,
2679,NFCORE_CHIPSEQ:CHIPSEQ:BEDTOOLS_GENOMECOV,1700963114000,1700963400000,2,104.5,,4567597056.0,,,0.49751854755968444,0.49751854755968444,0.0,808.52774,
2704,NFCORE_CHIPSEQ:CHIPSEQ:BEDTOOLS_GENOMECOV,1700963196000,1700963400000,2,122.4,,4567597056.0,,,0.4252799338846538,0.4252799338846538,0.0,808.52774,
2719,NFCORE_CHIPSEQ:CHIPSEQ:DEEPTOOLS_PLOTFINGERPRINT,1700963185000,1700963400000,8,296.4,,4294967296.0,,,0.9528370077763637,0.9528370077763637,0.0,808.52774,
2720,NFCORE_CHIPSEQ:CHIPSEQ:MACS2_CALLPEAK,1700963149000,1700963400000,1,84.8,,1892679680.0,,,0.31682126957600365,0.31682126957600365,0.0,808.52774,
2765,NFCORE_CHIPSEQ:CHIPSEQ:MACS2_CALLPEAK,1700963238000,1700963400000,1,95.4,,1892679680.0,,,0.2744024393327316,0.2744024393327316,0.0,808.52774,
2838,NFCORE_CHIPSEQ:CHIPSEQ:UCSC_BEDGRAPHTOBIGWIG,1700963350000,1700963400000,1,58.4,,1073741824.0,,,0.09013421004335555,0.09013421004335555,0.0,808.52774,
2556,NFCORE_CHIPSEQ:CHIPSEQ:PICARD_COLLECTMULTIPLEMETRICS,1700963340000,1700963400000,2,96.3,,2573205504.0,,,0.1985266326612631,0.1985266326612631,0.0,808.52774,
2758,NFCORE_CHIPSEQ:CHIPSEQ:BEDTOOLS_GENOMECOV,1700963221000,1700963400000,2,122.7,,4567597056.0,,,0.4691499112376917,0.4691499112376917,0.0,808.52774,
2855,NFCORE_CHIPSEQ:CHIPSEQ:UCSC_BEDGRAPHTOBIGWIG,1700963381000,1700963400000,1,61.4,,1073741824.0,,,0.0978179503621382,0.0978179503621382,0.0,808.52774,
2712,NFCORE_CHIPSEQ:CHIPSEQ:HOMER_ANNOTATEPEAKS_MACS2,1700963145000,1700963400000,1,95.0,,4807720960.0,,,0.5315253447195701,0.5315253447195701,0.0,808.52774,
2754,NFCORE_CHIPSEQ:CHIPSEQ:BEDTOOLS_GENOMECOV,1700963212000,1700963400000,2,114.6,,4567597056.0,,,0.5128019341146667,0.5128019341146667,0.0,808.52774,
2757,NFCORE_CHIPSEQ:CHIPSEQ:BEDTOOLS_GENOMECOV,1700963255000,1700963400000,2,119.4,,4567597056.0,,,0.4674653727142023,0.4674653727142023,0.0,808.52774,
2811,NFCORE_CHIPSEQ:CHIPSEQ:MACS2_CALLPEAK,1700963305000,1700963400000,1,97.8,,1892679680.0,,,0.2803321046209868,0.2803321046209868,0.0,808.52774,
2837,NFCORE_CHIPSEQ:CHIPSEQ:FRIP_SCORE,1700963348000,1700963400000,2,95.1,,1073741824.0,,,0.20457611293267014,0.20457611293267014,0.0,808.52774,
2683,NFCORE_CHIPSEQ:CHIPSEQ:HOMER_ANNOTATEPEAKS_MACS2,1700963114000,1700963400000,1,99.5,,4807720960.0,,,0.6169886409652949,0.6169886409652949,0.0,808.52774,
2792,NFCORE_CHIPSEQ:CHIPSEQ:MACS2_CALLPEAK,1700963286000,1700963400000,1,97.7,,1892679680.0,,,0.31421592011821187,0.31421592011821187,0.0,808.52774,
2810,NFCORE_CHIPSEQ:CHIPSEQ:MACS2_CALLPEAK,1700963305000,1700963400000,1,98.1,,1892679680.0,,,0.3035127624309887,0.3035127624309887,0.0,808.52774,
2844,NFCORE_CHIPSEQ:CHIPSEQ:MACS2_CALLPEAK,1700963352000,1700963400000,1,97.0,,1892679680.0,,,0.24440234927643073,0.24440234927643073,0.0,808.52774,
2821,NFCORE_CHIPSEQ:CHIPSEQ:PICARD_COLLECTMULTIPLEMETRICS,1700963324000,1700963400000,2,48.0,,2573205504.0,,,0.17394059782910792,0.17394059782910792,0.0,808.52774,
2714,NFCORE_CHIPSEQ:CHIPSEQ:HOMER_ANNOTATEPEAKS_MACS2,1700963148000,1700963400000,1,100.1,,4807720960.0,,,0.6225406344360307,0.6225406344360307,0.0,808.52774,
2785,NFCORE_CHIPSEQ:CHIPSEQ:MACS2_CALLPEAK,1700963271000,1700963400000,1,97.7,,1892679680.0,,,0.3754067747805327,0.3754067747805327,0.0,808.52774,
2853,NFCORE_CHIPSEQ:CHIPSEQ:MACS2_CALLPEAK,1700963363000,1700963400000,1,92.8,,1892679680.0,,,0.27122772048171756,0.27122772048171756,0.0,808.52774,
2346,NFCORE_CHIPSEQ:CHIPSEQ:DEEPTOOLS_PLOTFINGERPRINT,1700963372000,1700963400000,8,446.5,,4294967296.0,,,1.229986963386507,1.229986963386507,0.0,808.52774,
2703,NFCORE_CHIPSEQ:CHIPSEQ:BEDTOOLS_GENOMECOV,1700963142000,1700963400000,2,92.7,,4567597056.0,,,0.6383796899213701,0.6383796899213701,0.0,808.52774,
2770,NFCORE_CHIPSEQ:CHIPSEQ:MACS2_CALLPEAK,1700963260000,1700963400000,1,97.7,,1892679680.0,,,0.4201231939662705,0.4201231939662705,0.0,808.52774,
2538,NFCORE_CHIPSEQ:CHIPSEQ:BEDTOOLS_GENOMECOV,1700963320000,1700963400000,2,119.5,,4567597056.0,,,0.5099243198811356,0.5099243198811356,0.0,808.52774,
2606,NFCORE_CHIPSEQ:CHIPSEQ:BEDTOOLS_GENOMECOV,1700963267000,1700963400000,2,119.2,,4567597056.0,,,0.6094644016763622,0.6094644016763622,0.0,808.52774,
2737,NFCORE_CHIPSEQ:CHIPSEQ:HOMER_ANNOTATEPEAKS_MACS2,1700963197000,1700963400000,1,99.7,,4807720960.0,,,0.6206939931319378,0.6206939931319378,0.0,808.52774,
2786,NFCORE_CHIPSEQ:CHIPSEQ:MACS2_CALLPEAK,1700963277000,1700963400000,1,95.9,,1892679680.0,,,0.42381219981908835,0.42381219981908835,0.0,808.52774,
2795,NFCORE_CHIPSEQ:CHIPSEQ:BEDTOOLS_GENOMECOV,1700963306000,1700963400000,2,112.6,,4567597056.0,,,0.575723221602211,0.575723221602211,0.0,808.52774,
2756,NFCORE_CHIPSEQ:CHIPSEQ:BEDTOOLS_GENOMECOV,1700963339000,1700963400000,2,79.6,,4567597056.0,,,0.4380344305115934,0.4380344305115934,0.0,808.414342,
2804,NFCORE_CHIPSEQ:CHIPSEQ:HOMER_ANNOTATEPEAKS_MACS2,1700963304000,1700963400000,1,98.9,,4807720960.0,,,0.1371696555309217,0.1371696555309217,0.0,808.754536,
2828,NFCORE_CHIPSEQ:CHIPSEQ:HOMER_ANNOTATEPEAKS_MACS2,1700963323000,1700963400000,1,94.2,,4807720960.0,,,0.5226674753959264,0.5226674753959264,0.0,808.414342,
2777,NFCORE_CHIPSEQ:CHIPSEQ:HOMER_ANNOTATEPEAKS_MACS2,1700963267000,1700963400000,1,101.0,,4807720960.0,,,0.6511599439501672,0.6511599439501672,0.0,808.414342,
2798,NFCORE_CHIPSEQ:CHIPSEQ:BEDTOOLS_GENOMECOV,1700963292000,1700963400000,2,119.8,,4567597056.0,,,0.6898902184371675,0.6898902184371675,0.0,808.414342,
2832,NFCORE_CHIPSEQ:CHIPSEQ:BEDTOOLS_GENOMECOV,1700963332000,1700963400000,2,119.8,,4567597056.0,,,0.6247790194855813,0.6247790194855813,0.0,808.414342,
2801,NFCORE_CHIPSEQ:CHIPSEQ:HOMER_ANNOTATEPEAKS_MACS2,1700963302000,1700963400000,1,98.7,,4807720960.0,,,0.6531673149947514,0.6531673149947514,0.0,808.414342,
2822,NFCORE_CHIPSEQ:CHIPSEQ:HOMER_ANNOTATEPEAKS_MACS2,1700963314000,1700963400000,1,100.3,,4807720960.0,,,0.6420647279693086,0.6420647279693086,0.0,808.414342,
2824,NFCORE_CHIPSEQ:CHIPSEQ:HOMER_ANNOTATEPEAKS_MACS2,1700963314000,1700963400000,1,99.4,,4807720960.0,,,0.6450435943300876,0.6450435943300876,0.0,808.414342,
2839,NFCORE_CHIPSEQ:CHIPSEQ:HOMER_ANNOTATEPEAKS_MACS2,1700963351000,1700963400000,1,96.9,,4807720960.0,,,0.5797803848899629,0.5797803848899629,0.0,808.414342,
2863,NFCORE_CHIPSEQ:CHIPSEQ:BEDTOOLS_GENOMECOV,1700963388000,1700963400000,2,110.3,,4567597056.0,,,0.5728409568222016,0.5728409568222016,0.0,808.414342,
2848,NFCORE_CHIPSEQ:CHIPSEQ:BEDTOOLS_GENOMECOV,1700963356000,1700963400000,2,117.7,,4567597056.0,,,0.6612635349966005,0.6612635349966005,0.0,808.414342,
2846,NFCORE_CHIPSEQ:CHIPSEQ:HOMER_ANNOTATEPEAKS_MACS2,1700963353000,1700963400000,1,99.8,,4807720960.0,,,0.6440192455920684,0.6440192455920684,0.0,808.414342,
2836,NFCORE_CHIPSEQ:CHIPSEQ:HOMER_ANNOTATEPEAKS_MACS2,1700963348000,1700963400000,1,92.7,,4807720960.0,,,0.6325788552081024,0.6325788552081024,0.0,808.414342,
2691,NFCORE_CHIPSEQ:CHIPSEQ:PHANTOMPEAKQUALTOOLS,1700963123000,1700963400000,1,13.1,,4294967296.0,,,0.49255039746311213,0.49255039746311213,0.0,802.460947,
2143,NFCORE_CHIPSEQ:CHIPSEQ:DEEPTOOLS_COMPUTEMATRIX,1700963122000,1700963400000,9,685.8,,5673844736.0,,,8.186702156647755,8.186702156647755,0.0,802.460947,
2419,NFCORE_CHIPSEQ:CHIPSEQ:DEEPTOOLS_COMPUTEMATRIX,1700963187000,1700963400000,9,664.9,,5673844736.0,,,8.083958264636443,8.083958264636443,0.0,802.460947,
2619,NFCORE_CHIPSEQ:CHIPSEQ:DEEPTOOLS_COMPUTEMATRIX,1700963297000,1700963400000,9,672.8,,5673844736.0,,,7.688784006977367,7.688784006977367,0.0,799.9378415,
2732,NFCORE_CHIPSEQ:CHIPSEQ:PHANTOMPEAKQUALTOOLS,1700963196000,1700963400000,1,14.3,,4294967296.0,,,0.6549992484729179,0.6549992484729179,0.0,799.9378415,
2736,NFCORE_CHIPSEQ:CHIPSEQ:PHANTOMPEAKQUALTOOLS,1700963197000,1700963400000,1,13.8,,4294967296.0,,,0.7088822765574515,0.7088822765574515,0.0,798.6762887499999,
2820,NFCORE_CHIPSEQ:CHIPSEQ:PHANTOMPEAKQUALTOOLS,1700963313000,1700963400000,1,15.6,,4294967296.0,,,0.7516919288566875,0.7516919288566875,0.0,798.6762887499999,
2865,NFCORE_CHIPSEQ:CHIPSEQ:MULTIQC_CUSTOM_PEAKS,1700963403000,1700963408000,2,1.0,,1073741824.0,,,0.0004923478927125,0.0004923478927125,0.0,808.300944,
2869,NFCORE_CHIPSEQ:CHIPSEQ:MULTIQC_CUSTOM_PEAKS,1700963406000,1700963408000,2,25.3,,1073741824.0,,,0.0007050320786025,0.0007050320786025,0.0,808.300944,
2871,NFCORE_CHIPSEQ:CHIPSEQ:MULTIQC_CUSTOM_PEAKS,1700963413000,1700963414000,2,62.1,,1073741824.0,,,0.00073724483584125,0.00073724483584125,0.0,808.300944,
2880,NFCORE_CHIPSEQ:CHIPSEQ:MULTIQC_CUSTOM_PEAKS,1700963419000,1700963421000,2,15.3,,1073741824.0,,,0.0004959403413525,0.0004959403413525,0.0,808.300944,
2884,NFCORE_CHIPSEQ:CHIPSEQ:FILTER_BAM_BAMTOOLS:BAM_SORT_SAMTOOLS:SAMTOOLS_INDEX,1700963424000,1700963437000,2,83.3,,1073741824.0,,,0.012465467005241248,0.012465467005241248,0.0,808.300944,
2890,NFCORE_CHIPSEQ:CHIPSEQ:MULTIQC_CUSTOM_PEAKS,1700963437000,1700963450000,2,1.7,,1073741824.0,,,0.0013752412615012498,0.0013752412615012498,0.0,808.300944,
2891,NFCORE_CHIPSEQ:CHIPSEQ:MULTIQC_CUSTOM_PEAKS,1700963439000,1700963453000,2,1.0,,1073741824.0,,,0.0013785740995949998,0.0013785740995949998,0.0,808.300944,
2892,NFCORE_CHIPSEQ:CHIPSEQ:MULTIQC_CUSTOM_PEAKS,1700963440000,1700963450000,2,10.3,,1073741824.0,,,0.0019569723636375003,0.0019569723636375003,0.0,808.300944,
2886,NFCORE_CHIPSEQ:CHIPSEQ:FILTER_BAM_BAMTOOLS:BAM_SORT_SAMTOOLS:SAMTOOLS_INDEX,1700963427000,1700963457000,2,45.8,,1073741824.0,,,0.017005052099474997,0.017005052099474997,0.0,808.300944,
2905,NFCORE_CHIPSEQ:CHIPSEQ:MULTIQC_CUSTOM_PEAKS,1700963456000,1700963457000,2,6.6,,1073741824.0,,,0.00015701526497249998,0.00015701526497249998,0.0,808.300944,
2906,NFCORE_CHIPSEQ:CHIPSEQ:MULTIQC_CUSTOM_PEAKS,1700963456000,1700963457000,2,30.4,,1073741824.0,,,0.0004058344323,0.0004058344323,0.0,808.300944,
2907,NFCORE_CHIPSEQ:CHIPSEQ:FILTER_BAM_BAMTOOLS:BAM_SORT_SAMTOOLS:BAM_STATS_SAMTOOLS:SAMTOOLS_IDXSTATS,1700963457000,1700963458000,1,32.7,,1073741824.0,,,0.00042987998208375,0.00042987998208375,0.0,808.300944,
2908,NFCORE_CHIPSEQ:CHIPSEQ:FILTER_BAM_BAMTOOLS:BAM_SORT_SAMTOOLS:BAM_STATS_SAMTOOLS:SAMTOOLS_FLAGSTAT,1700963457000,1700963469000,2,78.2,,1073741824.0,,,0.01086676421193,0.01086676421193,0.0,808.300944,
2915,NFCORE_CHIPSEQ:CHIPSEQ:FILTER_BAM_BAMTOOLS:BAM_SORT_SAMTOOLS:SAMTOOLS_INDEX,1700963461000,1700963471000,2,105.4,,1073741824.0,,,0.011899284469875001,0.011899284469875001,0.0,808.300944,
2926,NFCORE_CHIPSEQ:CHIPSEQ:FILTER_BAM_BAMTOOLS:BAM_SORT_SAMTOOLS:BAM_STATS_SAMTOOLS:SAMTOOLS_IDXSTATS,1700963468000,1700963470000,1,4.6,,1073741824.0,,,0.000272212182495,0.000272212182495,0.0,808.300944,
2936,NFCORE_CHIPSEQ:CHIPSEQ:FILTER_BAM_BAMTOOLS:BAM_SORT_SAMTOOLS:BAM_STATS_SAMTOOLS:SAMTOOLS_IDXSTATS,1700963477000,1700963479000,1,5.1,,1073741824.0,,,0.00028266676935749996,0.00028266676935749996,0.0,808.300944,
2071,NFCORE_CHIPSEQ:CHIPSEQ:FILTER_BAM_BAMTOOLS:BAM_SORT_SAMTOOLS:SAMTOOLS_SORT,1700963422000,1700963479000,5,312.6,,6309281792.0,,,0.21576083924423534,0.21576083924423534,0.0,808.300944,
2269,NFCORE_CHIPSEQ:CHIPSEQ:FILTER_BAM_BAMTOOLS:BAM_SORT_SAMTOOLS:SAMTOOLS_SORT,1700963453000,1700963487000,5,271.6,,6309281792.0,,,0.11412575388392063,0.11412575388392063,0.0,808.300944,
2876,NFCORE_CHIPSEQ:CHIPSEQ:FRIP_SCORE,1700963416000,1700963508000,2,118.5,,1073741824.0,,,0.12207328520953502,0.12207328520953502,0.0,808.300944,
2878,NFCORE_CHIPSEQ:CHIPSEQ:FRIP_SCORE,1700963417000,1700963508000,2,103.0,,1073741824.0,,,0.10600020690509249,0.10600020690509249,0.0,808.300944,
2909,NFCORE_CHIPSEQ:CHIPSEQ:FILTER_BAM_BAMTOOLS:BAM_SORT_SAMTOOLS:BAM_STATS_SAMTOOLS:SAMTOOLS_STATS,1700963457000,1700963504000,2,79.4,,1073741824.0,,,0.043151131862437506,0.043151131862437506,0.0,808.300944,
2914,NFCORE_CHIPSEQ:CHIPSEQ:FILTER_BAM_BAMTOOLS:BAM_SORT_SAMTOOLS:SAMTOOLS_INDEX,1700963459000,1700963504000,2,51.7,,1073741824.0,,,0.02828327096120625,0.02828327096120625,0.0,808.300944,
2268,NFCORE_CHIPSEQ:CHIPSEQ:FILTER_BAM_BAMTOOLS:BAM_SORT_SAMTOOLS:SAMTOOLS_SORT,1700963453000,1700963505000,5,316.6,,6309281792.0,,,0.19900900390424628,0.19900900390424628,0.0,808.300944,
2902,NFCORE_CHIPSEQ:CHIPSEQ:UCSC_BEDGRAPHTOBIGWIG,1700963455000,1700963515000,1,61.6,,1073741824.0,,,0.043921052544600006,0.043921052544600006,0.0,808.300944,
2934,NFCORE_CHIPSEQ:CHIPSEQ:FILTER_BAM_BAMTOOLS:BAM_SORT_SAMTOOLS:BAM_STATS_SAMTOOLS:SAMTOOLS_FLAGSTAT,1700963506000,1700963519000,2,88.0,,1073741824.0,,,0.013104242262539999,0.013104242262539999,0.0,808.300944,
2950,NFCORE_CHIPSEQ:CHIPSEQ:MULTIQC_CUSTOM_PEAKS,1700963511000,1700963514000,2,6.3,,1073741824.0,,,0.00046163666674125,0.00046163666674125,0.0,808.300944,
2951,NFCORE_CHIPSEQ:CHIPSEQ:MULTIQC_CUSTOM_PEAKS,1700963517000,1700963519000,2,55.7,,1073741824.0,,,0.0013406709598425002,0.0013406709598425002,0.0,808.300944,
2873,NFCORE_CHIPSEQ:CHIPSEQ:FRIP_SCORE,1700963410000,1700963523000,2,108.6,,1073741824.0,,,0.1382422931190675,0.1382422931190675,0.0,808.300944,
2882,NFCORE_CHIPSEQ:CHIPSEQ:PICARD_COLLECTMULTIPLEMETRICS,1700963424000,1700963527000,2,88.3,,2573205504.0,,,0.11680885694541937,0.11680885694541937,0.0,808.300944,
2924,NFCORE_CHIPSEQ:CHIPSEQ:FILTER_BAM_BAMTOOLS:BAM_SORT_SAMTOOLS:BAM_STATS_SAMTOOLS:SAMTOOLS_FLAGSTAT,1700963507000,1700963527000,2,82.4,,1073741824.0,,,0.018989458983,0.018989458983,0.0,808.300944,
2935,NFCORE_CHIPSEQ:CHIPSEQ:FILTER_BAM_BAMTOOLS:BAM_SORT_SAMTOOLS:BAM_STATS_SAMTOOLS:SAMTOOLS_STATS,1700963486000,1700963523000,2,115.4,,1073741824.0,,,0.0478955496776625,0.0478955496776625,0.0,808.300944,
2946,NFCORE_CHIPSEQ:CHIPSEQ:FILTER_BAM_BAMTOOLS:BAM_SORT_SAMTOOLS:SAMTOOLS_INDEX,1700963509000,1700963533000,2,48.4,,1073741824.0,,,0.0142564078998,0.0142564078998,0.0,808.300944,
2954,NFCORE_CHIPSEQ:CHIPSEQ:FILTER_BAM_BAMTOOLS:BAM_SORT_SAMTOOLS:BAM_STATS_SAMTOOLS:SAMTOOLS_FLAGSTAT,1700963519000,1700963531000,2,117.3,,1073741824.0,,,0.015772056367814997,0.015772056367814997,0.0,808.300944,
2952,NFCORE_CHIPSEQ:CHIPSEQ:FILTER_BAM_BAMTOOLS:BAM_SORT_SAMTOOLS:BAM_STATS_SAMTOOLS:SAMTOOLS_IDXSTATS,1700963524000,1700963533000,1,2.1,,1073741824.0,,,0.00098972661682125,0.00098972661682125,0.0,808.300944,
2963,NFCORE_CHIPSEQ:CHIPSEQ:MULTIQC_CUSTOM_PEAKS,1700963539000,1700963543000,2,10.1,,1073741824.0,,,0.000774425275965,0.000774425275965,0.0,808.300944,
2967,NFCORE_CHIPSEQ:CHIPSEQ:FILTER_BAM_BAMTOOLS:BAM_SORT_SAMTOOLS:BAM_STATS_SAMTOOLS:SAMTOOLS_IDXSTATS,1700963541000,1700963543000,1,50.5,,1073741824.0,,,0.0012319432564725,0.0012319432564725,0.0,808.300944,
2901,NFCORE_CHIPSEQ:CHIPSEQ:FRIP_SCORE,1700963455000,1700963547000,2,119.8,,1073741824.0,,,0.12332365379829,0.12332365379829,0.0,808.300944,
2916,NFCORE_CHIPSEQ:CHIPSEQ:PICARD_COLLECTMULTIPLEMETRICS,1700963461000,1700963552000,2,114.7,,2573205504.0,,,0.1283161575564619,0.1283161575564619,0.0,808.300944,
2923,NFCORE_CHIPSEQ:CHIPSEQ:FRIP_SCORE,1700963473000,1700963554000,2,127.9,,1073741824.0,,,0.11543768876289374,0.11543768876289374,0.0,808.300944,
2953,NFCORE_CHIPSEQ:CHIPSEQ:FILTER_BAM_BAMTOOLS:BAM_SORT_SAMTOOLS:BAM_STATS_SAMTOOLS:SAMTOOLS_STATS,1700963511000,1700963552000,2,118.2,,1073741824.0,,,0.05427363351192749,0.05427363351192749,0.0,808.300944,
2965,NFCORE_CHIPSEQ:CHIPSEQ:FILTER_BAM_BAMTOOLS:BAM_SORT_SAMTOOLS:BAM_STATS_SAMTOOLS:SAMTOOLS_FLAGSTAT,1700963541000,1700963548000,2,122.6,,1073741824.0,,,0.009588231387157498,0.009588231387157498,0.0,808.300944,
2709,NFCORE_CHIPSEQ:CHIPSEQ:DEEPTOOLS_PLOTFINGERPRINT,1700963456000,1700963553000,8,560.9,,4294967296.0,,,0.6029556605759362,0.6029556605759362,0.0,808.300944,
2888,NFCORE_CHIPSEQ:CHIPSEQ:PICARD_COLLECTMULTIPLEMETRICS,1700963427000,1700963559000,2,95.9,,2573205504.0,,,0.16018482908216253,0.16018482908216253,0.0,808.300944,
2895,NFCORE_CHIPSEQ:CHIPSEQ:UCSC_BEDGRAPHTOBIGWIG,1700963453000,1700963562000,1,67.2,,1073741824.0,,,0.08617139194356,0.08617139194356,0.0,808.300944,
2977,NFCORE_CHIPSEQ:CHIPSEQ:MULTIQC_CUSTOM_PEAKS,1700963555000,1700963557000,2,16.0,,1073741824.0,,,0.00051057676296,0.00051057676296,0.0,808.300944,
2980,NFCORE_CHIPSEQ:CHIPSEQ:MULTIQC_CUSTOM_PEAKS,1700963558000,1700963561000,2,25.1,,1073741824.0,,,0.00105127536578625,0.00105127536578625,0.0,808.300944,
2981,NFCORE_CHIPSEQ:CHIPSEQ:MULTIQC_CUSTOM_PEAKS,1700963559000,1700963560000,2,30.3,,1073741824.0,,,0.00040478897361375,0.00040478897361375,0.0,808.300944,
2617,NFCORE_CHIPSEQ:CHIPSEQ:FILTER_BAM_BAMTOOLS:BAM_SORT_SAMTOOLS:SAMTOOLS_SORT,1700963464000,1700963563000,5,276.3,,6309281792.0,,,0.3371718614585372,0.3371718614585372,0.0,808.300944,
2899,NFCORE_CHIPSEQ:CHIPSEQ:FRIP_SCORE,1700963453000,1700963569000,2,119.8,,1073741824.0,,,0.15549504174566997,0.15549504174566997,0.0,808.300944,
2925,NFCORE_CHIPSEQ:CHIPSEQ:FILTER_BAM_BAMTOOLS:BAM_SORT_SAMTOOLS:BAM_STATS_SAMTOOLS:SAMTOOLS_STATS,1700963507000,1700963572000,2,124.9,,1073741824.0,,,0.09059653790240624,0.09059653790240624,0.0,808.300944,
2957,NFCORE_CHIPSEQ:CHIPSEQ:FILTER_BAM_BAMTOOLS:BAM_SORT_SAMTOOLS:SAMTOOLS_INDEX,1700963533000,1700963572000,2,152.0,,1073741824.0,,,0.06540737559641999,0.06540737559641999,0.0,808.300944,
2966,NFCORE_CHIPSEQ:CHIPSEQ:FILTER_BAM_BAMTOOLS:BAM_SORT_SAMTOOLS:BAM_STATS_SAMTOOLS:SAMTOOLS_STATS,1700963541000,1700963567000,2,124.4,,1073741824.0,,,0.03610270553174999,0.03610270553174999,0.0,808.300944,
2912,NFCORE_CHIPSEQ:CHIPSEQ:PICARD_COLLECTMULTIPLEMETRICS,1700963459000,1700963582000,2,100.3,,2573205504.0,,,0.15492115860018185,0.15492115860018185,0.0,808.300944,
2940,NFCORE_CHIPSEQ:CHIPSEQ:FRIP_SCORE,1700963484000,1700963579000,2,112.4,,1073741824.0,,,0.11999550272737498,0.11999550272737498,0.0,808.300944,
2944,NFCORE_CHIPSEQ:CHIPSEQ:FILTER_BAM_BAMTOOLS:BAM_SORT_SAMTOOLS:SAMTOOLS_INDEX,1700963490000,1700963581000,2,26.2,,1073741824.0,,,0.032935190240452494,0.032935190240452494,0.0,808.300944,
2994,NFCORE_CHIPSEQ:CHIPSEQ:MULTIQC_CUSTOM_PEAKS,1700963575000,1700963578000,2,126.3,,1073741824.0,,,0.00422528793724125,0.00422528793724125,0.0,808.300944,
2995,NFCORE_CHIPSEQ:CHIPSEQ:FILTER_BAM_BAMTOOLS:BAM_SORT_SAMTOOLS:BAM_STATS_SAMTOOLS:SAMTOOLS_IDXSTATS,1700963581000,1700963583000,1,4.1,,1073741824.0,,,0.00026175759563249997,0.00026175759563249997,0.0,808.300944,
2919,NFCORE_CHIPSEQ:CHIPSEQ:FRIP_SCORE,1700963463000,1700963592000,2,122.3,,1073741824.0,,,0.17629281448032375,0.17629281448032375,0.0,808.300944,
2947,NFCORE_CHIPSEQ:CHIPSEQ:PICARD_COLLECTMULTIPLEMETRICS,1700963507000,1700963593000,2,112.0,,2573205504.0,,,0.11883826415971126,0.11883826415971126,0.0,808.300944,
2949,NFCORE_CHIPSEQ:CHIPSEQ:UCSC_BEDGRAPHTOBIGWIG,1700963510000,1700963595000,1,65.8,,1073741824.0,,,0.0659537786147625,0.0659537786147625,0.0,808.300944,
2976,NFCORE_CHIPSEQ:CHIPSEQ:FRIP_SCORE,1700963554000,1700963598000,2,112.2,,1073741824.0,,,0.05548486405670999,0.05548486405670999,0.0,808.300944,
2991,NFCORE_CHIPSEQ:CHIPSEQ:FILTER_BAM_BAMTOOLS:BAM_SORT_SAMTOOLS:SAMTOOLS_INDEX,1700963571000,1700963595000,2,75.5,,1073741824.0,,,0.02105607119517,0.02105607119517,0.0,808.300944,
2997,NFCORE_CHIPSEQ:CHIPSEQ:FILTER_BAM_BAMTOOLS:BAM_SORT_SAMTOOLS:BAM_STATS_SAMTOOLS:SAMTOOLS_FLAGSTAT,1700963580000,1700963596000,2,57.5,,1073741824.0,,,0.01102645978038,0.01102645978038,0.0,808.300944,
3003,NFCORE_CHIPSEQ:CHIPSEQ:MULTIQC_CUSTOM_PEAKS,1700963591000,1700963598000,2,1.7,,1073741824.0,,,0.0007405145254237499,0.0007405145254237499,0.0,808.300944,
3006,NFCORE_CHIPSEQ:CHIPSEQ:FILTER_BAM_BAMTOOLS:BAM_SORT_SAMTOOLS:BAM_STATS_SAMTOOLS:SAMTOOLS_IDXSTATS,1700963592000,1700963593000,1,24.2,,1073741824.0,,,0.00034101599375249995,0.00034101599375249995,0.0,808.300944,
1694,NFCORE_CHIPSEQ:CHIPSEQ:FILTER_BAM_BAMTOOLS:BAM_SORT_SAMTOOLS:SAMTOOLS_SORT,1700963537000,1700963598000,5,191.3,,6309281792.0,,,0.15354532619845035,0.15354532619845035,0.0,808.300944,
3013,NFCORE_CHIPSEQ:CHIPSEQ:MULTIQC_CUSTOM_PEAKS,1700963602000,1700963603000,2,46.7,,1073741824.0,,,0.00057624419815875,0.00057624419815875,0.0,808.300944,
3015,NFCORE_CHIPSEQ:CHIPSEQ:MULTIQC_CUSTOM_PEAKS,1700963603000,1700963603000,2,37.9,,1073741824.0,,,0.0,0.0,0.0,808.300944,
3017,NFCORE_CHIPSEQ:CHIPSEQ:FILTER_BAM_BAMTOOLS:BAM_SORT_SAMTOOLS:BAM_STATS_SAMTOOLS:SAMTOOLS_IDXSTATS,1700963603000,1700963604000,1,19.9,,1073741824.0,,,0.00029606127024375,0.00029606127024375,0.0,808.300944,
2985,NFCORE_CHIPSEQ:CHIPSEQ:FRIP_SCORE,1700963564000,1700963617000,2,112.6,,1073741824.0,,,0.0670556780370675,0.0670556780370675,0.0,808.300944,
2897,NFCORE_CHIPSEQ:CHIPSEQ:FRIP_SCORE,1700963453000,1700963627000,2,69.6,,1073741824.0,,,0.14192383729193997,0.14192383729193997,0.0,808.300944,
2921,NFCORE_CHIPSEQ:CHIPSEQ:UCSC_BEDGRAPHTOBIGWIG,1700963464000,1700963627000,1,30.0,,1073741824.0,,,0.065469373401465,0.065469373401465,0.0,808.300944,
2974,NFCORE_CHIPSEQ:CHIPSEQ:UCSC_BEDGRAPHTOBIGWIG,1700963549000,1700963628000,1,79.6,,1073741824.0,,,0.07269580836886498,0.07269580836886498,0.0,808.300944,
2987,NFCORE_CHIPSEQ:CHIPSEQ:FRIP_SCORE,1700963566000,1700963637000,2,112.7,,1073741824.0,,,0.08990353210694625,0.08990353210694625,0.0,808.300944,
2996,NFCORE_CHIPSEQ:CHIPSEQ:FILTER_BAM_BAMTOOLS:BAM_SORT_SAMTOOLS:BAM_STATS_SAMTOOLS:SAMTOOLS_STATS,1700963580000,1700963633000,2,63.2,,1073741824.0,,,0.03968347871367,0.03968347871367,0.0,808.300944,
3005,NFCORE_CHIPSEQ:CHIPSEQ:FILTER_BAM_BAMTOOLS:BAM_SORT_SAMTOOLS:BAM_STATS_SAMTOOLS:SAMTOOLS_STATS,1700963592000,1700963627000,2,131.4,,1073741824.0,,,0.051161169689437506,0.051161169689437506,0.0,808.300944,
3004,NFCORE_CHIPSEQ:CHIPSEQ:FILTER_BAM_BAMTOOLS:BAM_SORT_SAMTOOLS:BAM_STATS_SAMTOOLS:SAMTOOLS_FLAGSTAT,1700963599000,1700963628000,2,56.0,,1073741824.0,,,0.01953068382342,0.01953068382342,0.0,808.300944,
1696,NFCORE_CHIPSEQ:CHIPSEQ:FILTER_BAM_BAMTOOLS:BAM_SORT_SAMTOOLS:SAMTOOLS_SORT,1700963587000,1700963634000,5,320.5,,6309281792.0,,,0.18178984853150346,0.18178984853150346,0.0,808.300944,
2212,NFCORE_CHIPSEQ:CHIPSEQ:MULTIQC_CUSTOM_PHANTOMPEAKQUALTOOLS,1700963621000,1700963626000,12,64.8,,4294967296.0,,,0.0051475859770500005,0.0051475859770500005,0.0,808.300944,
2866,NFCORE_CHIPSEQ:CHIPSEQ:BEDTOOLS_GENOMECOV,1700963403000,1700963643000,2,121.5,,4567597056.0,,,0.39471355847879996,0.39471355847879996,0.0,808.300944,
2911,NFCORE_CHIPSEQ:CHIPSEQ:MACS2_CALLPEAK,1700963457000,1700963645000,1,90.0,,1892679680.0,,,0.20605860900714373,0.20605860900714373,0.0,808.300944,
2942,NFCORE_CHIPSEQ:CHIPSEQ:PICARD_COLLECTMULTIPLEMETRICS,1700963490000,1700963651000,2,65.1,,2573205504.0,,,0.14353474528917562,0.14353474528917562,0.0,808.300944,
2959,NFCORE_CHIPSEQ:CHIPSEQ:PICARD_COLLECTMULTIPLEMETRICS,1700963525000,1700963647000,2,77.3,,2573205504.0,,,0.12432606624937124,0.12432606624937124,0.0,808.300944,
2973,NFCORE_CHIPSEQ:CHIPSEQ:UCSC_BEDGRAPHTOBIGWIG,1700963547000,1700963647000,1,56.9,,1073741824.0,,,0.068288098415625,0.068288098415625,0.0,808.300944,
2978,NFCORE_CHIPSEQ:CHIPSEQ:FRIP_SCORE,1700963557000,1700963647000,2,131.8,,1073741824.0,,,0.131933658614175,0.131933658614175,0.0,808.300944,
3016,NFCORE_CHIPSEQ:CHIPSEQ:FILTER_BAM_BAMTOOLS:BAM_SORT_SAMTOOLS:BAM_STATS_SAMTOOLS:SAMTOOLS_FLAGSTAT,1700963613000,1700963647000,2,46.2,,1073741824.0,,,0.019414574760735,0.019414574760735,0.0,808.300944,
3023,NFCORE_CHIPSEQ:CHIPSEQ:FILTER_BAM_BAMTOOLS:BAM_SORT_SAMTOOLS:SAMTOOLS_INDEX,1700963629000,1700963647000,2,76.9,,1073741824.0,,,0.016055508985312498,0.016055508985312498,0.0,808.300944,
3025,NFCORE_CHIPSEQ:CHIPSEQ:MULTIQC_CUSTOM_PEAKS,1700963631000,1700963637000,2,5.1,,1073741824.0,,,0.0008480003080725,0.0008480003080725,0.0,808.300944,
3032,NFCORE_CHIPSEQ:CHIPSEQ:MULTIQC_CUSTOM_PEAKS,1700963645000,1700963647000,2,7.0,,1073741824.0,,,0.00032239419943499997,0.00032239419943499997,0.0,808.300944,
1695,NFCORE_CHIPSEQ:CHIPSEQ:FILTER_BAM_BAMTOOLS:BAM_SORT_SAMTOOLS:SAMTOOLS_SORT,1700963577000,1700963645000,5,278.2,,6309281792.0,,,0.2329435263517312,0.2329435263517312,0.0,808.300944,
3019,NFCORE_CHIPSEQ:CHIPSEQ:FILTER_BAM_BAMTOOLS:BAM_SORT_SAMTOOLS:BAM_STATS_SAMTOOLS:SAMTOOLS_STATS,1700963610000,1700963663000,2,116.4,,1073741824.0,,,0.06916123183117501,0.06916123183117501,0.0,808.300944,
3029,NFCORE_CHIPSEQ:CHIPSEQ:MULTIQC_CUSTOM_PEAKS,1700963641000,1700963677000,2,0.7,,1073741824.0,,,0.0034319952894149995,0.0034319952894149995,0.0,808.300944,
3034,NFCORE_CHIPSEQ:CHIPSEQ:FILTER_BAM_BAMTOOLS:BAM_SORT_SAMTOOLS:SAMTOOLS_INDEX,1700963647000,1700963654000,2,133.7,,1073741824.0,,,0.010400552786373748,0.010400552786373748,0.0,808.300944,
3047,NFCORE_CHIPSEQ:CHIPSEQ:MULTIQC_CUSTOM_PEAKS,1700963659000,1700963660000,2,11.7,,1073741824.0,,,0.00021033365797124996,0.00021033365797124996,0.0,808.300944,
3049,NFCORE_CHIPSEQ:CHIPSEQ:FILTER_BAM_BAMTOOLS:BAM_SORT_SAMTOOLS:BAM_STATS_SAMTOOLS:SAMTOOLS_IDXSTATS,1700963662000,1700963677000,1,1.4,,1073741824.0,,,0.0015397711993125,0.0015397711993125,0.0,808.300944,
1744,NFCORE_CHIPSEQ:CHIPSEQ:FILTER_BAM_BAMTOOLS:BAM_SORT_SAMTOOLS:SAMTOOLS_SORT,1700963650000,1700963677000,5,316.8,,6309281792.0,,,0.10338805295010844,0.10338805295010844,0.0,808.300944,
3050,NFCORE_CHIPSEQ:CHIPSEQ:FILTER_BAM_BAMTOOLS:BAM_SORT_SAMTOOLS:BAM_STATS_SAMTOOLS:SAMTOOLS_FLAGSTAT,1700963680000,1700963689000,2,151.6,,1073741824.0,,,0.015056373240314998,0.015056373240314998,0.0,808.300944,
2920,NFCORE_CHIPSEQ:CHIPSEQ:UCSC_BEDGRAPHTOBIGWIG,1700963464000,1700963700000,1,26.3,,1073741824.0,,,0.0863870090269725,0.0863870090269725,0.0,808.300944,
2931,NFCORE_CHIPSEQ:CHIPSEQ:BEDTOOLS_GENOMECOV,1700963477000,1700963698000,2,121.9,,4567597056.0,,,0.36438958724454,0.36438958724454,0.0,808.300944,
2992,NFCORE_CHIPSEQ:CHIPSEQ:PICARD_COLLECTMULTIPLEMETRICS,1700963571000,1700963699000,2,110.6,,2573205504.0,,,0.17500209399287997,0.17500209399287997,0.0,808.300944,
2993,NFCORE_CHIPSEQ:CHIPSEQ:UCSC_BEDGRAPHTOBIGWIG,1700963572000,1700963699000,1,78.1,,1073741824.0,,,0.11487381465643873,0.11487381465643873,0.0,808.300944,
3051,NFCORE_CHIPSEQ:CHIPSEQ:FILTER_BAM_BAMTOOLS:BAM_SORT_SAMTOOLS:BAM_STATS_SAMTOOLS:SAMTOOLS_STATS,1700963666000,1700963700000,2,123.0,,1073741824.0,,,0.049461450327630004,0.049461450327630004,0.0,808.300944,
3055,NFCORE_CHIPSEQ:CHIPSEQ:FILTER_BAM_BAMTOOLS:BAM_SORT_SAMTOOLS:SAMTOOLS_INDEX,1700963693000,1700963700000,2,158.9,,1073741824.0,,,0.015743239597181248,0.015743239597181248,0.0,808.300944,
2209,NFCORE_CHIPSEQ:CHIPSEQ:FILTER_BAM_BAMTOOLS:BAM_SORT_SAMTOOLS:SAMTOOLS_SORT,1700963642000,1700963700000,5,207.9,,6309281792.0,,,0.16144095821844376,0.16144095821844376,0.0,808.300944,
2989,NFCORE_CHIPSEQ:CHIPSEQ:UCSC_BEDGRAPHTOBIGWIG,1700963570000,1700963700000,1,79.8,,1073741824.0,,,0.13834365349612499,0.13834365349612499,0.0,808.300944,
3022,NFCORE_CHIPSEQ:CHIPSEQ:PICARD_COLLECTMULTIPLEMETRICS,1700963629000,1700963700000,2,111.7,,2573205504.0,,,0.1282194631527356,0.1282194631527356,0.0,808.300944,
3043,NFCORE_CHIPSEQ:CHIPSEQ:UCSC_BEDGRAPHTOBIGWIG,1700963657000,1700963700000,1,98.7,,1073741824.0,,,0.06943272833054251,0.06943272833054251,0.0,808.300944,
1743,NFCORE_CHIPSEQ:CHIPSEQ:FILTER_BAM_BAMTOOLS:BAM_SORT_SAMTOOLS:SAMTOOLS_SORT,1700963680000,1700963700000,5,310.5,,6309281792.0,,,0.12795299046826314,0.12795299046826314,0.0,808.300944,
1858,NFCORE_CHIPSEQ:CHIPSEQ:FILTER_BAM_BAMTOOLS:BAM_SORT_SAMTOOLS:SAMTOOLS_SORT,1700963640000,1700963700000,5,354.4,,6309281792.0,,,0.3208932505371037,0.3208932505371037,0.0,808.300944,
2894,NFCORE_CHIPSEQ:CHIPSEQ:UCSC_BEDGRAPHTOBIGWIG,1700963451000,1700963700000,1,28.2,,1073741824.0,,,0.1029824377834725,0.1029824377834725,0.0,808.300944,
2929,NFCORE_CHIPSEQ:CHIPSEQ:MACS2_CALLPEAK,1700963471000,1700963700000,1,97.5,,1892679680.0,,,0.30418665058067346,0.30418665058067346,0.0,808.300944,
2933,NFCORE_CHIPSEQ:CHIPSEQ:MACS2_CALLPEAK,1700963479000,1700963700000,1,97.8,,1892679680.0,,,0.29793335872939036,0.29793335872939036,0.0,808.300944,
3012,NFCORE_CHIPSEQ:CHIPSEQ:FRIP_SCORE,1700963601000,1700963700000,2,99.3,,1073741824.0,,,0.14189558885790748,0.14189558885790748,0.0,808.300944,
3039,NFCORE_CHIPSEQ:CHIPSEQ:UCSC_BEDGRAPHTOBIGWIG,1700963651000,1700963700000,1,78.6,,1073741824.0,,,0.070960150487655,0.070960150487655,0.0,808.300944,
3045,NFCORE_CHIPSEQ:CHIPSEQ:FRIP_SCORE,1700963658000,1700963700000,2,119.8,,1073741824.0,,,0.09919511283775498,0.09919511283775498,0.0,808.300944,
3035,NFCORE_CHIPSEQ:CHIPSEQ:PICARD_COLLECTMULTIPLEMETRICS,1700963648000,1700963700000,2,95.7,,2573205504.0,,,0.11750875996160812,0.11750875996160812,0.0,808.300944,
3040,NFCORE_CHIPSEQ:CHIPSEQ:UCSC_BEDGRAPHTOBIGWIG,1700963654000,1700963700000,1,81.7,,1073741824.0,,,0.09892624752635626,0.09892624752635626,0.0,808.300944,
2930,NFCORE_CHIPSEQ:CHIPSEQ:MACS2_CALLPEAK,1700963473000,1700963700000,1,95.0,,1892679680.0,,,0.3318671865432516,0.3318671865432516,0.0,808.300944,
2872,NFCORE_CHIPSEQ:CHIPSEQ:HOMER_ANNOTATEPEAKS_MACS2,1700963410000,1700963700000,1,99.9,,4807720960.0,,,0.529369395049935,0.529369395049935,0.0,808.300944,
3002,NFCORE_CHIPSEQ:CHIPSEQ:UCSC_BEDGRAPHTOBIGWIG,1700963588000,1700963700000,1,45.7,,1073741824.0,,,0.11089476381406499,0.11089476381406499,0.0,808.300944,
3028,NFCORE_CHIPSEQ:CHIPSEQ:FRIP_SCORE,1700963635000,1700963700000,2,113.2,,1073741824.0,,,0.18690671100370498,0.18690671100370498,0.0,808.300944,
2867,NFCORE_CHIPSEQ:CHIPSEQ:BEDTOOLS_GENOMECOV,1700963403000,1700963700000,2,118.1,,4567597056.0,,,0.6484649753599875,0.6484649753599875,0.0,808.300944,
2982,NFCORE_CHIPSEQ:CHIPSEQ:BEDTOOLS_GENOMECOV,1700963559000,1700963700000,2,118.9,,4567597056.0,,,0.39951210158466754,0.39951210158466754,0.0,808.300944,
2998,NFCORE_CHIPSEQ:CHIPSEQ:MACS2_CALLPEAK,1700963580000,1700963700000,1,96.7,,1892679680.0,,,0.2623729866452578,0.2623729866452578,0.0,808.300944,
3008,NFCORE_CHIPSEQ:CHIPSEQ:DEEPTOOLS_PLOTFINGERPRINT,1700963601000,1700963700000,8,407.6,,4294967296.0,,,0.9088298656593751,0.9088298656593751,0.0,808.300944,
3026,NFCORE_CHIPSEQ:CHIPSEQ:UCSC_BEDGRAPHTOBIGWIG,1700963632000,1700963700000,1,46.6,,1073741824.0,,,0.09893418318926998,0.09893418318926998,0.0,808.300944,
3056,NFCORE_CHIPSEQ:CHIPSEQ:PICARD_COLLECTMULTIPLEMETRICS,1700963683000,1700963700000,2,112.7,,2573205504.0,,,0.15141827559863813,0.15141827559863813,0.0,808.300944,
2852,NFCORE_CHIPSEQ:CHIPSEQ:DEEPTOOLS_PLOTFINGERPRINT,1700963630000,1700963700000,8,445.9,,4294967296.0,,,0.9024768447675748,0.9024768447675748,0.0,808.300944,
2955,NFCORE_CHIPSEQ:CHIPSEQ:DEEPTOOLS_PLOTFINGERPRINT,1700963651000,1700963700000,8,498.7,,4294967296.0,,,0.9016535144778974,0.9016535144778974,0.0,808.300944,
2968,NFCORE_CHIPSEQ:CHIPSEQ:MACS2_CALLPEAK,1700963543000,1700963700000,1,89.4,,1892679680.0,,,0.2909722422320072,0.2909722422320072,0.0,808.300944,
3042,NFCORE_CHIPSEQ:CHIPSEQ:FRIP_SCORE,1700963656000,1700963700000,2,99.7,,1073741824.0,,,0.17633261909191497,0.17633261909191497,0.0,808.300944,
2896,NFCORE_CHIPSEQ:CHIPSEQ:HOMER_ANNOTATEPEAKS_MACS2,1700963453000,1700963700000,1,100.3,,4807720960.0,,,0.5251375677335287,0.5251375677335287,0.0,808.300944,
2922,NFCORE_CHIPSEQ:CHIPSEQ:HOMER_ANNOTATEPEAKS_MACS2,1700963465000,1700963700000,1,94.6,,4807720960.0,,,0.5103618633138403,0.5103618633138403,0.0,808.300944,
2962,NFCORE_CHIPSEQ:CHIPSEQ:BEDTOOLS_GENOMECOV,1700963539000,1700963700000,2,105.7,,4567597056.0,,,0.4453166637248175,0.4453166637248175,0.0,808.300944,
2877,NFCORE_CHIPSEQ:CHIPSEQ:HOMER_ANNOTATEPEAKS_MACS2,1700963417000,1700963700000,1,99.9,,4807720960.0,,,0.64444969832166,0.64444969832166,0.0,808.300944,
3021,NFCORE_CHIPSEQ:CHIPSEQ:BEDTOOLS_GENOMECOV,1700963620000,1700963700000,2,120.1,,4567597056.0,,,0.41076085815764996,0.41076085815764996,0.0,808.300944,
2875,NFCORE_CHIPSEQ:CHIPSEQ:HOMER_ANNOTATEPEAKS_MACS2,1700963415000,1700963700000,1,99.9,,4807720960.0,,,0.6573962324397291,0.6573962324397291,0.0,808.300944,
2956,NFCORE_CHIPSEQ:CHIPSEQ:MACS2_CALLPEAK,1700963522000,1700963700000,1,97.4,,1892679680.0,,,0.42829843639012033,0.42829843639012033,0.0,808.300944,
3020,NFCORE_CHIPSEQ:CHIPSEQ:MACS2_CALLPEAK,1700963603000,1700963700000,1,82.3,,1892679680.0,,,0.2945112724938656,0.2945112724938656,0.0,808.300944,
2530,NFCORE_CHIPSEQ:CHIPSEQ:DEEPTOOLS_PLOTFINGERPRINT,1700963568000,1700963700000,8,295.4,,4294967296.0,,,1.14219451539963,1.14219451539963,0.0,808.300944,
2900,NFCORE_CHIPSEQ:CHIPSEQ:HOMER_ANNOTATEPEAKS_MACS2,1700963454000,1700963700000,1,99.9,,4807720960.0,,,0.6487652096943497,0.6487652096943497,0.0,808.300944,
2918,NFCORE_CHIPSEQ:CHIPSEQ:HOMER_ANNOTATEPEAKS_MACS2,1700963463000,1700963700000,1,100.3,,4807720960.0,,,0.6290109327797213,0.6290109327797213,0.0,808.300944,
2898,NFCORE_CHIPSEQ:CHIPSEQ:HOMER_ANNOTATEPEAKS_MACS2,1700963453000,1700963700000,1,99.9,,4807720960.0,,,0.6573962324397291,0.6573962324397291,0.0,808.300944,
2975,NFCORE_CHIPSEQ:CHIPSEQ:HOMER_ANNOTATEPEAKS_MACS2,1700963549000,1700963700000,1,100.3,,4807720960.0,,,0.5265802533591704,0.5265802533591704,0.0,808.300944,
2939,NFCORE_CHIPSEQ:CHIPSEQ:HOMER_ANNOTATEPEAKS_MACS2,1700963483000,1700963700000,1,87.4,,4807720960.0,,,0.5780570831609682,0.5780570831609682,0.0,808.300944,
2964,NFCORE_CHIPSEQ:CHIPSEQ:BEDTOOLS_GENOMECOV,1700963540000,1700963700000,2,121.1,,4567597056.0,,,0.6217335790627501,0.6217335790627501,0.0,808.300944,
2970,NFCORE_CHIPSEQ:CHIPSEQ:BEDTOOLS_GENOMECOV,1700963546000,1700963700000,2,106.3,,4567597056.0,,,0.566063170646985,0.566063170646985,0.0,808.300944,
2984,NFCORE_CHIPSEQ:CHIPSEQ:HOMER_ANNOTATEPEAKS_MACS2,1700963564000,1700963700000,1,100.3,,4807720960.0,,,0.5323509958617366,0.5323509958617366,0.0,808.300944,
3009,NFCORE_CHIPSEQ:CHIPSEQ:MACS2_CALLPEAK,1700963594000,1700963700000,1,95.9,,1892679680.0,,,0.41678585761601256,0.41678585761601256,0.0,808.300944,
3053,NFCORE_CHIPSEQ:CHIPSEQ:MACS2_CALLPEAK,1700963663000,1700963700000,1,83.4,,1892679680.0,,,0.30503567880617904,0.30503567880617904,0.0,808.300944,
3010,NFCORE_CHIPSEQ:CHIPSEQ:MACS2_CALLPEAK,1700963592000,1700963700000,1,96.9,,1892679680.0,,,0.4427451774110784,0.4427451774110784,0.0,808.300944,
3033,NFCORE_CHIPSEQ:CHIPSEQ:BEDTOOLS_GENOMECOV,1700963646000,1700963700000,2,119.8,,4567597056.0,,,0.5450004548251312,0.5450004548251312,0.0,808.300944,
2979,NFCORE_CHIPSEQ:CHIPSEQ:HOMER_ANNOTATEPEAKS_MACS2,1700963557000,1700963700000,1,100.0,,4807720960.0,,,0.6290830220676891,0.6290830220676891,0.0,808.300944,
2986,NFCORE_CHIPSEQ:CHIPSEQ:HOMER_ANNOTATEPEAKS_MACS2,1700963565000,1700963700000,1,99.9,,4807720960.0,,,0.6271666645601025,0.6271666645601025,0.0,802.404248,
3011,NFCORE_CHIPSEQ:CHIPSEQ:HOMER_ANNOTATEPEAKS_MACS2,1700963602000,1700963700000,1,99.9,,4807720960.0,,,0.6107974278194737,0.6107974278194737,0.0,802.404248,
3044,NFCORE_CHIPSEQ:CHIPSEQ:HOMER_ANNOTATEPEAKS_MACS2,1700963658000,1700963700000,1,99.9,,4807720960.0,,,0.5826892897728866,0.5826892897728866,0.0,802.404248,
3041,NFCORE_CHIPSEQ:CHIPSEQ:HOMER_ANNOTATEPEAKS_MACS2,1700963654000,1700963700000,1,100.4,,4807720960.0,,,0.6119216122718628,0.6119216122718628,0.0,802.404248,
3048,NFCORE_CHIPSEQ:CHIPSEQ:BEDTOOLS_GENOMECOV,1700963664000,1700963700000,2,120.5,,4567597056.0,,,0.6827446191238193,0.6827446191238193,0.0,802.404248,
3027,NFCORE_CHIPSEQ:CHIPSEQ:HOMER_ANNOTATEPEAKS_MACS2,1700963639000,1700963700000,1,91.2,,4807720960.0,,,0.6033192632286093,0.6033192632286093,0.0,802.404248,
2883,NFCORE_CHIPSEQ:CHIPSEQ:PHANTOMPEAKQUALTOOLS,1700963424000,1700963700000,1,16.4,,4294967296.0,,,0.43257748847884225,0.43257748847884225,0.0,802.404248,
2948,NFCORE_CHIPSEQ:CHIPSEQ:PHANTOMPEAKQUALTOOLS,1700963508000,1700963700000,1,17.0,,4294967296.0,,,0.3932584389967355,0.3932584389967355,0.0,802.404248,
2917,NFCORE_CHIPSEQ:CHIPSEQ:PHANTOMPEAKQUALTOOLS,1700963459000,1700963700000,1,16.7,,4294967296.0,,,0.48165388997557657,0.48165388997557657,0.0,799.909492,
3036,NFCORE_CHIPSEQ:CHIPSEQ:PHANTOMPEAKQUALTOOLS,1700963647000,1700963700000,1,18.9,,4294967296.0,,,0.41345278922982415,0.41345278922982415,0.0,799.909492,
2958,NFCORE_CHIPSEQ:CHIPSEQ:PHANTOMPEAKQUALTOOLS,1700963525000,1700963700000,1,13.0,,4294967296.0,,,0.5117946703790225,0.5117946703790225,0.0,799.909492,
2536,NFCORE_CHIPSEQ:CHIPSEQ:DEEPTOOLS_COMPUTEMATRIX,1700963557000,1700963700000,9,679.4,,5673844736.0,,,5.589848841618066,5.589848841618066,0.0,802.404248,
3024,NFCORE_CHIPSEQ:CHIPSEQ:PHANTOMPEAKQUALTOOLS,1700963628000,1700963700000,1,13.6,,4294967296.0,,,0.5488935701116501,0.5488935701116501,0.0,798.662114,
2913,NFCORE_CHIPSEQ:CHIPSEQ:PHANTOMPEAKQUALTOOLS,1700963459000,1700963700000,1,16.6,,4294967296.0,,,0.693293924185775,0.693293924185775,0.0,798.662114,
2887,NFCORE_CHIPSEQ:CHIPSEQ:PHANTOMPEAKQUALTOOLS,1700963427000,1700963700000,1,14.0,,4294967296.0,,,0.7043673492598282,0.7043673492598282,0.0,798.662114,
2943,NFCORE_CHIPSEQ:CHIPSEQ:PHANTOMPEAKQUALTOOLS,1700963488000,1700963700000,1,14.5,,4294967296.0,,,0.6909691262732249,0.6909691262732249,0.0,798.662114,
3054,NFCORE_CHIPSEQ:CHIPSEQ:PHANTOMPEAKQUALTOOLS,1700963683000,1700963700000,1,13.5,,4294967296.0,,,0.586778093078244,0.586778093078244,0.0,798.662114,
2990,NFCORE_CHIPSEQ:CHIPSEQ:PHANTOMPEAKQUALTOOLS,1700963571000,1700963700000,1,13.2,,4294967296.0,,,0.8158468024227299,0.8158468024227299,0.0,797.7265805,
3062,NFCORE_CHIPSEQ:CHIPSEQ:FILTER_BAM_BAMTOOLS:BAM_SORT_SAMTOOLS:BAM_STATS_SAMTOOLS:SAMTOOLS_IDXSTATS,1700963706000,1700963711000,1,49.5,,1073741824.0,,,0.00302758520686875,0.00302758520686875,0.0,808.300944,
3061,NFCORE_CHIPSEQ:CHIPSEQ:FILTER_BAM_BAMTOOLS:BAM_SORT_SAMTOOLS:BAM_STATS_SAMTOOLS:SAMTOOLS_FLAGSTAT,1700963702000,1700963718000,2,63.1,,1073741824.0,,,0.01196319076326,0.01196319076326,0.0,808.300944,
3064,NFCORE_CHIPSEQ:CHIPSEQ:FILTER_BAM_BAMTOOLS:BAM_SORT_SAMTOOLS:SAMTOOLS_INDEX,1700963717000,1700963723000,2,139.0,,1073741824.0,,,0.009247215393405,0.009247215393405,0.0,808.300944,
3063,NFCORE_CHIPSEQ:CHIPSEQ:FILTER_BAM_BAMTOOLS:BAM_SORT_SAMTOOLS:BAM_STATS_SAMTOOLS:SAMTOOLS_STATS,1700963704000,1700963729000,2,121.1,,1073741824.0,,,0.03385163651821875,0.03385163651821875,0.0,808.300944,
3074,NFCORE_CHIPSEQ:CHIPSEQ:FILTER_BAM_BAMTOOLS:BAM_SORT_SAMTOOLS:BAM_STATS_SAMTOOLS:SAMTOOLS_FLAGSTAT,1700963723000,1700963736000,2,88.5,,1073741824.0,,,0.013172197077146248,0.013172197077146248,0.0,808.300944,
3075,NFCORE_CHIPSEQ:CHIPSEQ:FILTER_BAM_BAMTOOLS:BAM_SORT_SAMTOOLS:BAM_STATS_SAMTOOLS:SAMTOOLS_IDXSTATS,1700963724000,1700963725000,1,9.2,,1073741824.0,,,0.000184197190815,0.000184197190815,0.0,808.300944,
3069,NFCORE_CHIPSEQ:CHIPSEQ:UCSC_BEDGRAPHTOBIGWIG,1700963713000,1700963769000,1,100.6,,1073741824.0,,,0.06382580008265999,0.06382580008265999,0.0,808.300944,
3071,NFCORE_CHIPSEQ:CHIPSEQ:UCSC_BEDGRAPHTOBIGWIG,1700963715000,1700963766000,1,83.4,,1073741824.0,,,0.0489563043366375,0.0489563043366375,0.0,808.300944,
3082,NFCORE_CHIPSEQ:CHIPSEQ:FILTER_BAM_BAMTOOLS:BAM_SORT_SAMTOOLS:SAMTOOLS_INDEX,1700963731000,1700963766000,2,27.3,,1073741824.0,,,0.01306988245591875,0.01306988245591875,0.0,808.300944,
3092,NFCORE_CHIPSEQ:CHIPSEQ:FILTER_BAM_BAMTOOLS:BAM_SORT_SAMTOOLS:BAM_STATS_SAMTOOLS:SAMTOOLS_IDXSTATS,1700963738000,1700963763000,1,34.0,,1073741824.0,,,0.011086773625125,0.011086773625125,0.0,808.300944,
3091,NFCORE_CHIPSEQ:CHIPSEQ:FILTER_BAM_BAMTOOLS:BAM_SORT_SAMTOOLS:BAM_STATS_SAMTOOLS:SAMTOOLS_STATS,1700963739000,1700963772000,2,107.0,,1073741824.0,,,0.0398196409369275,0.0398196409369275,0.0,808.300944,
3090,NFCORE_CHIPSEQ:CHIPSEQ:FILTER_BAM_BAMTOOLS:BAM_SORT_SAMTOOLS:BAM_STATS_SAMTOOLS:SAMTOOLS_FLAGSTAT,1700963744000,1700963768000,2,109.9,,1073741824.0,,,0.02968737810885,0.02968737810885,0.0,808.300944,
3065,NFCORE_CHIPSEQ:CHIPSEQ:PICARD_COLLECTMULTIPLEMETRICS,1700963708000,1700963788000,2,109.9,,2573205504.0,,,0.10879085188125,0.10879085188125,0.0,808.300944,
3073,NFCORE_CHIPSEQ:CHIPSEQ:FILTER_BAM_BAMTOOLS:BAM_SORT_SAMTOOLS:BAM_STATS_SAMTOOLS:SAMTOOLS_STATS,1700963728000,1700963782000,2,75.9,,1073741824.0,,,0.047601979265362505,0.047601979265362505,0.0,808.300944,
3099,NFCORE_CHIPSEQ:CHIPSEQ:FILTER_BAM_BAMTOOLS:BAM_SORT_SAMTOOLS:SAMTOOLS_INDEX,1700963764000,1700963777000,2,87.2,,1073741824.0,,,0.012995514559169998,0.012995514559169998,0.0,808.300944,
3109,NFCORE_CHIPSEQ:CHIPSEQ:MULTIQC_CUSTOM_PEAKS,1700963777000,1700963781000,2,5.3,,1073741824.0,,,0.000573697208205,0.000573697208205,0.0,808.300944,
3083,NFCORE_CHIPSEQ:CHIPSEQ:PICARD_COLLECTMULTIPLEMETRICS,1700963726000,1700963809000,2,114.8,,2573205504.0,,,0.11712238930377561,0.11712238930377561,0.0,808.300944,
3102,NFCORE_CHIPSEQ:CHIPSEQ:FILTER_BAM_BAMTOOLS:BAM_SORT_SAMTOOLS:SAMTOOLS_INDEX,1700963770000,1700963806000,2,40.0,,1073741824.0,,,0.018223144782479998,0.018223144782479998,0.0,808.300944,
3111,NFCORE_CHIPSEQ:CHIPSEQ:MULTIQC_CUSTOM_PEAKS,1700963785000,1700963789000,2,16.4,,1073741824.0,,,0.0010378808649,0.0010378808649,0.0,808.300944,
3086,NFCORE_CHIPSEQ:CHIPSEQ:UCSC_BEDGRAPHTOBIGWIG,1700963734000,1700963818000,1,76.8,,1073741824.0,,,0.07483789006847999,0.07483789006847999,0.0,808.300944,
3128,NFCORE_CHIPSEQ:CHIPSEQ:FILTER_BAM_BAMTOOLS:BAM_SORT_SAMTOOLS:BAM_STATS_SAMTOOLS:SAMTOOLS_IDXSTATS,1700963812000,1700963813000,1,11.3,,1073741824.0,,,0.00020615182322624998,0.00020615182322624998,0.0,808.300944,
3067,NFCORE_CHIPSEQ:CHIPSEQ:UCSC_BEDGRAPHTOBIGWIG,1700963712000,1700963827000,1,55.8,,1073741824.0,,,0.0772088079398625,0.0772088079398625,0.0,808.300944,
3126,NFCORE_CHIPSEQ:CHIPSEQ:FILTER_BAM_BAMTOOLS:BAM_SORT_SAMTOOLS:BAM_STATS_SAMTOOLS:SAMTOOLS_FLAGSTAT,1700963812000,1700963821000,2,121.9,,1073741824.0,,,0.012261862171968752,0.012261862171968752,0.0,808.300944,
3132,NFCORE_CHIPSEQ:CHIPSEQ:MULTIQC_CUSTOM_PEAKS,1700963817000,1700963818000,2,32.7,,1073741824.0,,,0.00042987998208375,0.00042987998208375,0.0,808.300944,
3134,NFCORE_CHIPSEQ:CHIPSEQ:FILTER_BAM_BAMTOOLS:BAM_SORT_SAMTOOLS:BAM_STATS_SAMTOOLS:SAMTOOLS_FLAGSTAT,1700963818000,1700963825000,2,136.4,,1073741824.0,,,0.010598144478075002,0.010598144478075002,0.0,808.300944,
3137,NFCORE_CHIPSEQ:CHIPSEQ:FILTER_BAM_BAMTOOLS:BAM_SORT_SAMTOOLS:BAM_STATS_SAMTOOLS:SAMTOOLS_IDXSTATS,1700963820000,1700963822000,1,4.3,,1073741824.0,,,0.0002659394303775,0.0002659394303775,0.0,808.300944,
3127,NFCORE_CHIPSEQ:CHIPSEQ:FILTER_BAM_BAMTOOLS:BAM_SORT_SAMTOOLS:BAM_STATS_SAMTOOLS:SAMTOOLS_STATS,1700963811000,1700963838000,2,127.2,,1073741824.0,,,0.038281637895930004,0.038281637895930004,0.0,808.300944,
3144,NFCORE_CHIPSEQ:CHIPSEQ:FILTER_BAM_BAMTOOLS:BAM_SORT_SAMTOOLS:BAM_STATS_SAMTOOLS:SAMTOOLS_IDXSTATS,1700963832000,1700963837000,1,2.6,,1073741824.0,,,0.0005759845876125,0.0005759845876125,0.0,808.300944,
3098,NFCORE_CHIPSEQ:CHIPSEQ:PICARD_COLLECTMULTIPLEMETRICS,1700963761000,1700963844000,2,115.1,,2573205504.0,,,0.11738270851665185,0.11738270851665185,0.0,808.300944,
3133,NFCORE_CHIPSEQ:CHIPSEQ:FILTER_BAM_BAMTOOLS:BAM_SORT_SAMTOOLS:BAM_STATS_SAMTOOLS:SAMTOOLS_STATS,1700963819000,1700963844000,2,125.5,,1073741824.0,,,0.035001641073093746,0.035001641073093746,0.0,808.300944,
3108,NFCORE_CHIPSEQ:CHIPSEQ:FRIP_SCORE,1700963774000,1700963859000,2,119.6,,1073741824.0,,,0.11376260433697499,0.11376260433697499,0.0,808.300944,
3145,NFCORE_CHIPSEQ:CHIPSEQ:FILTER_BAM_BAMTOOLS:BAM_SORT_SAMTOOLS:BAM_STATS_SAMTOOLS:SAMTOOLS_FLAGSTAT,1700963838000,1700963857000,2,68.3,,1073741824.0,,,0.015239202213386253,0.015239202213386253,0.0,808.300944,
3085,NFCORE_CHIPSEQ:CHIPSEQ:UCSC_BEDGRAPHTOBIGWIG,1700963733000,1700963868000,1,51.5,,1073741824.0,,,0.08456753903833125,0.08456753903833125,0.0,808.300944,
3106,NFCORE_CHIPSEQ:CHIPSEQ:FRIP_SCORE,1700963773000,1700963863000,2,126.9,,1073741824.0,,,0.1273231858078125,0.1273231858078125,0.0,808.300944,
3152,NFCORE_CHIPSEQ:CHIPSEQ:MULTIQC_CUSTOM_PEAKS,1700963858000,1700963862000,2,5.6,,1073741824.0,,,0.00058624271244,0.00058624271244,0.0,808.300944,
3057,NFCORE_CHIPSEQ:CHIPSEQ:MACS2_CALLPEAK,1700963704000,1700963876000,1,97.1,,1892679680.0,,,0.20128884758940377,0.20128884758940377,0.0,808.300944,
3101,NFCORE_CHIPSEQ:CHIPSEQ:PICARD_COLLECTMULTIPLEMETRICS,1700963767000,1700963879000,2,109.9,,2573205504.0,,,0.15230719263375,0.15230719263375,0.0,808.300944,
3117,NFCORE_CHIPSEQ:CHIPSEQ:UCSC_BEDGRAPHTOBIGWIG,1700963795000,1700963874000,1,90.4,,1073741824.0,,,0.08161566187995,0.08161566187995,0.0,808.300944,
3139,NFCORE_CHIPSEQ:CHIPSEQ:DEEPTOOLS_PLOTPROFILE,1700963821000,1700963880000,1,96.9,,5420089344.0,,,0.08598282873484218,0.08598282873484218,0.0,808.300944,
3118,NFCORE_CHIPSEQ:CHIPSEQ:FRIP_SCORE,1700963798000,1700963889000,2,111.6,,1073741824.0,,,0.114181966583685,0.114181966583685,0.0,808.300944,
3146,NFCORE_CHIPSEQ:CHIPSEQ:FILTER_BAM_BAMTOOLS:BAM_SORT_SAMTOOLS:BAM_STATS_SAMTOOLS:SAMTOOLS_STATS,1700963845000,1700963889000,2,126.6,,1073741824.0,,,0.06210889029279001,0.06210889029279001,0.0,808.300944,
3161,NFCORE_CHIPSEQ:CHIPSEQ:MULTIQC_CUSTOM_PEAKS,1700963881000,1700963883000,2,6.1,,1073741824.0,,,0.0003035759430825,0.0003035759430825,0.0,808.300944,
3165,NFCORE_CHIPSEQ:CHIPSEQ:MULTIQC_CUSTOM_PEAKS,1700963884000,1700963887000,2,124.3,,1073741824.0,,,0.004162560416066249,0.004162560416066249,0.0,808.300944,
3058,NFCORE_CHIPSEQ:CHIPSEQ:MACS2_CALLPEAK,1700963704000,1700963896000,1,98.2,,1892679680.0,,,0.22690253628702003,0.22690253628702003,0.0,808.300944,
3142,NFCORE_CHIPSEQ:CHIPSEQ:UCSC_BEDGRAPHTOBIGWIG,1700963831000,1700963895000,1,79.1,,1073741824.0,,,0.058558260000239996,0.058558260000239996,0.0,808.300944,
3171,NFCORE_CHIPSEQ:CHIPSEQ:MULTIQC_CUSTOM_PEAKS,1700963896000,1700963899000,2,82.1,,1073741824.0,,,0.00283900971927375,0.00283900971927375,0.0,808.300944,
3130,NFCORE_CHIPSEQ:CHIPSEQ:UCSC_BEDGRAPHTOBIGWIG,1700963813000,1700963909000,1,94.6,,1073741824.0,,,0.10339381525175999,0.10339381525175999,0.0,808.300944,
3141,NFCORE_CHIPSEQ:CHIPSEQ:UCSC_BEDGRAPHTOBIGWIG,1700963831000,1700963919000,1,89.8,,1073741824.0,,,0.09036164649006,0.09036164649006,0.0,808.300944,
3096,NFCORE_CHIPSEQ:CHIPSEQ:MACS2_CALLPEAK,1700963736000,1700963930000,1,98.1,,1892679680.0,,,0.22906328538821058,0.22906328538821058,0.0,808.300944,
1901,NFCORE_CHIPSEQ:CHIPSEQ:DEEPTOOLS_PLOTFINGERPRINT,1700963797000,1700963934000,8,557.6,,4294967296.0,,,0.8468706513712501,0.8468706513712501,0.0,808.300944,
3158,NFCORE_CHIPSEQ:CHIPSEQ:UCSC_BEDGRAPHTOBIGWIG,1700963875000,1700963937000,1,98.5,,1073741824.0,,,0.06930309145344749,0.06930309145344749,0.0,808.300944,
2390,NFCORE_CHIPSEQ:CHIPSEQ:MULTIQC_CUSTOM_PHANTOMPEAKQUALTOOLS,1700963936000,1700963939000,12,410.8,,4294967296.0,,,0.013940412749505,0.013940412749505,0.0,808.300944,
3089,NFCORE_CHIPSEQ:CHIPSEQ:BEDTOOLS_GENOMECOV,1700963736000,1700963955000,2,122.5,,4567597056.0,,,0.36246567663479257,0.36246567663479257,0.0,808.300944,
3095,NFCORE_CHIPSEQ:CHIPSEQ:MACS2_CALLPEAK,1700963752000,1700963954000,1,97.6,,1892679680.0,,,0.2374532807909006,0.2374532807909006,0.0,808.300944,
3151,NFCORE_CHIPSEQ:CHIPSEQ:FRIP_SCORE,1700963857000,1700963948000,2,128.4,,1073741824.0,,,0.130164938979075,0.130164938979075,0.0,808.300944,
3163,NFCORE_CHIPSEQ:CHIPSEQ:UCSC_BEDGRAPHTOBIGWIG,1700963884000,1700963943000,1,96.8,,1073741824.0,,,0.06490112099823,0.06490112099823,0.0,808.300944,
3167,NFCORE_CHIPSEQ:CHIPSEQ:FRIP_SCORE,1700963891000,1700963945000,2,128.0,,1073741824.0,,,0.07701491394431999,0.07701491394431999,0.0,808.300944,
3194,NFCORE_CHIPSEQ:CHIPSEQ:MULTIQC_CUSTOM_PEAKS,1700963960000,1700963960000,2,47.5,,1073741824.0,,,0.0,0.0,0.0,808.300944,
3196,NFCORE_CHIPSEQ:CHIPSEQ:MULTIQC_CUSTOM_PEAKS,1700963960000,1700963962000,2,66.2,,1073741824.0,,,0.001560217283955,0.001560217283955,0.0,808.300944,
2473,NFCORE_CHIPSEQ:CHIPSEQ:DEEPTOOLS_PLOTFINGERPRINT,1700963817000,1700963968000,8,611.9,,4294967296.0,,,1.0191324718504462,1.0191324718504462,0.0,808.300944,
3176,NFCORE_CHIPSEQ:CHIPSEQ:FRIP_SCORE,1700963904000,1700963975000,2,108.7,,1073741824.0,,,0.08693442943799624,0.08693442943799624,0.0,808.300944,
3170,NFCORE_CHIPSEQ:CHIPSEQ:FRIP_SCORE,1700963895000,1700963985000,2,129.1,,1073741824.0,,,0.1293931940065875,0.1293931940065875,0.0,808.300944,
3204,NFCORE_CHIPSEQ:CHIPSEQ:MULTIQC_CUSTOM_PEAKS,1700963981000,1700963986000,2,1.7,,1073741824.0,,,0.0005289389467312501,0.0005289389467312501,0.0,808.300944,
3186,NFCORE_CHIPSEQ:CHIPSEQ:FRIP_SCORE,1700963935000,1700963994000,2,128.4,,1073741824.0,,,0.084392652744675,0.084392652744675,0.0,808.300944,
3206,NFCORE_CHIPSEQ:CHIPSEQ:MULTIQC_CUSTOM_PEAKS,1700963988000,1700963995000,2,0.6,,1073741824.0,,,0.0006600142065824999,0.0006600142065824999,0.0,808.300944,
3077,NFCORE_CHIPSEQ:CHIPSEQ:MACS2_CALLPEAK,1700963725000,1700964000000,1,97.7,,1892679680.0,,,0.3258718869306355,0.3258718869306355,0.0,802.404248,
3184,NFCORE_CHIPSEQ:CHIPSEQ:UCSC_BEDGRAPHTOBIGWIG,1700963934000,1700964000000,1,100.0,,1073741824.0,,,0.07927700635380665,0.07927700635380665,0.0,802.404248,
3191,NFCORE_CHIPSEQ:CHIPSEQ:UCSC_BEDGRAPHTOBIGWIG,1700963958000,1700964000000,1,100.2,,1073741824.0,,,0.05328869456654111,0.05328869456654111,0.0,802.404248,
3207,NFCORE_CHIPSEQ:CHIPSEQ:MULTIQC_CUSTOM_PEAKS,1700963997000,1700964000000,2,101.6,,1073741824.0,,,0.004584022234621111,0.004584022234621111,0.0,802.404248,
3068,NFCORE_CHIPSEQ:CHIPSEQ:BEDTOOLS_GENOMECOV,1700963717000,1700964000000,2,113.2,,4567597056.0,,,0.44701683971044653,0.44701683971044653,0.0,802.404248,
3124,NFCORE_CHIPSEQ:CHIPSEQ:MACS2_CALLPEAK,1700963811000,1700964000000,1,93.3,,1892679680.0,,,0.2237017434489822,0.2237017434489822,0.0,802.404248,
3200,NFCORE_CHIPSEQ:CHIPSEQ:DEEPTOOLS_PLOTPROFILE,1700963968000,1700964000000,1,100.4,,5420089344.0,,,0.05811057981991076,0.05811057981991076,0.0,802.404248,
3076,NFCORE_CHIPSEQ:CHIPSEQ:MACS2_CALLPEAK,1700963719000,1700964000000,1,91.3,,1892679680.0,,,0.32602586194010397,0.32602586194010397,0.0,802.404248,
3125,NFCORE_CHIPSEQ:CHIPSEQ:MACS2_CALLPEAK,1700963810000,1700964000000,1,91.8,,1892679680.0,,,0.2370941809621551,0.2370941809621551,0.0,802.404248,
3129,NFCORE_CHIPSEQ:CHIPSEQ:BEDTOOLS_GENOMECOV,1700963813000,1700964000000,2,122.7,,4567597056.0,,,0.33602175967078335,0.33602175967078335,0.0,802.404248,
3174,NFCORE_CHIPSEQ:CHIPSEQ:FRIP_SCORE,1700963901000,1700964000000,2,127.7,,1073741824.0,,,0.1773433781240376,0.1773433781240376,0.0,802.404248,
3183,NFCORE_CHIPSEQ:CHIPSEQ:UCSC_BEDGRAPHTOBIGWIG,1700963934000,1700964000000,1,89.3,,1073741824.0,,,0.0925938324765061,0.0925938324765061,0.0,802.404248,
3193,NFCORE_CHIPSEQ:CHIPSEQ:FRIP_SCORE,1700963959000,1700964000000,2,128.5,,1073741824.0,,,0.08125731515173458,0.08125731515173458,0.0,802.404248,
3136,NFCORE_CHIPSEQ:CHIPSEQ:MACS2_CALLPEAK,1700963819000,1700964000000,1,94.6,,1892679680.0,,,0.2566986798887297,0.2566986798887297,0.0,802.404248,
3199,NFCORE_CHIPSEQ:CHIPSEQ:FRIP_SCORE,1700963966000,1700964000000,2,128.9,,1073741824.0,,,0.11812937547025278,0.11812937547025278,0.0,802.404248,
3190,NFCORE_CHIPSEQ:CHIPSEQ:FRIP_SCORE,1700963957000,1700964000000,2,121.1,,1073741824.0,,,0.14628922033132458,0.14628922033132458,0.0,802.404248,
3205,NFCORE_CHIPSEQ:CHIPSEQ:UCSC_BEDGRAPHTOBIGWIG,1700963986000,1700964000000,1,98.1,,1073741824.0,,,0.09789268993658166,0.09789268993658166,0.0,802.404248,
2783,NFCORE_CHIPSEQ:CHIPSEQ:DEEPTOOLS_PLOTFINGERPRINT,1700963941000,1700964000000,8,587.6,,4294967296.0,,,0.8888475961615694,0.8888475961615694,0.0,802.404248,
3112,NFCORE_CHIPSEQ:CHIPSEQ:BEDTOOLS_GENOMECOV,1700963786000,1700964000000,2,122.9,,4567597056.0,,,0.4940657978218156,0.4940657978218156,0.0,802.404248,
2616,NFCORE_CHIPSEQ:CHIPSEQ:DEEPTOOLS_PLOTFINGERPRINT,1700963950000,1700964000000,8,568.0,,4294967296.0,,,0.8413847575809335,0.8413847575809335,0.0,802.404248,
3156,NFCORE_CHIPSEQ:CHIPSEQ:BEDTOOLS_GENOMECOV,1700963873000,1700964000000,2,121.2,,4567597056.0,,,0.35405073927112873,0.35405073927112873,0.0,802.404248,
3155,NFCORE_CHIPSEQ:CHIPSEQ:BEDTOOLS_GENOMECOV,1700963865000,1700964000000,2,122.4,,4567597056.0,,,0.39280785271309876,0.39280785271309876,0.0,802.404248,
3203,NFCORE_CHIPSEQ:CHIPSEQ:FRIP_SCORE,1700963979000,1700964000000,2,119.1,,1073741824.0,,,0.16462160961280986,0.16462160961280986,0.0,802.404248,
3148,NFCORE_CHIPSEQ:CHIPSEQ:MACS2_CALLPEAK,1700963844000,1700964000000,1,93.1,,1892679680.0,,,0.2994727461768773,0.2994727461768773,0.0,802.404248,
3138,NFCORE_CHIPSEQ:CHIPSEQ:DEEPTOOLS_PLOTHEATMAP,1700963826000,1700964000000,1,99.8,,7430209536.0,,,0.46989318720916173,0.46989318720916173,0.0,802.404248,
3107,NFCORE_CHIPSEQ:CHIPSEQ:HOMER_ANNOTATEPEAKS_MACS2,1700963775000,1700964000000,1,100.1,,4807720960.0,,,0.542748502620333,0.542748502620333,0.0,802.404248,
3119,NFCORE_CHIPSEQ:CHIPSEQ:HOMER_ANNOTATEPEAKS_MACS2,1700963798000,1700964000000,1,100.1,,4807720960.0,,,0.5380063429353127,0.5380063429353127,0.0,802.404248,
3105,NFCORE_CHIPSEQ:CHIPSEQ:HOMER_ANNOTATEPEAKS_MACS2,1700963772000,1700964000000,1,99.9,,4807720960.0,,,0.5831316579420289,0.5831316579420289,0.0,802.404248,
3162,NFCORE_CHIPSEQ:CHIPSEQ:BEDTOOLS_GENOMECOV,1700963883000,1700964000000,2,122.0,,4567597056.0,,,0.5799736595463818,0.5799736595463818,0.0,802.404248,
3150,NFCORE_CHIPSEQ:CHIPSEQ:HOMER_ANNOTATEPEAKS_MACS2,1700963857000,1700964000000,1,100.4,,4807720960.0,,,0.5478935159786938,0.5478935159786938,0.0,802.404248,
3166,NFCORE_CHIPSEQ:CHIPSEQ:HOMER_ANNOTATEPEAKS_MACS2,1700963889000,1700964000000,1,99.5,,4807720960.0,,,0.557787042469863,0.557787042469863,0.0,802.404248,
3169,NFCORE_CHIPSEQ:CHIPSEQ:HOMER_ANNOTATEPEAKS_MACS2,1700963895000,1700964000000,1,100.2,,4807720960.0,,,0.5605067845078479,0.5605067845078479,0.0,802.404248,
3173,NFCORE_CHIPSEQ:CHIPSEQ:HOMER_ANNOTATEPEAKS_MACS2,1700963902000,1700964000000,1,100.1,,4807720960.0,,,0.5414986937432377,0.5414986937432377,0.0,802.404248,
3201,NFCORE_CHIPSEQ:CHIPSEQ:DEEPTOOLS_PLOTHEATMAP,1700963968000,1700964000000,1,99.9,,7430209536.0,,,0.5368266237929513,0.5368266237929513,0.0,802.404248,
3175,NFCORE_CHIPSEQ:CHIPSEQ:HOMER_ANNOTATEPEAKS_MACS2,1700963907000,1700964000000,1,99.8,,4807720960.0,,,0.5898273891295426,0.5898273891295426,0.0,799.909492,
3066,NFCORE_CHIPSEQ:CHIPSEQ:PHANTOMPEAKQUALTOOLS,1700963712000,1700964000000,1,23.4,,4294967296.0,,,0.36826067867861834,0.36826067867861834,0.0,799.909492,
3192,NFCORE_CHIPSEQ:CHIPSEQ:HOMER_ANNOTATEPEAKS_MACS2,1700963958000,1700964000000,1,100.0,,4807720960.0,,,0.5456715640337813,0.5456715640337813,0.0,799.909492,
3198,NFCORE_CHIPSEQ:CHIPSEQ:HOMER_ANNOTATEPEAKS_MACS2,1700963966000,1700964000000,1,100.1,,4807720960.0,,,0.5345430950507871,0.5345430950507871,0.0,799.909492,
3202,NFCORE_CHIPSEQ:CHIPSEQ:HOMER_ANNOTATEPEAKS_MACS2,1700963979000,1700964000000,1,100.1,,4807720960.0,,,0.5413968335113399,0.5413968335113399,0.0,799.909492,
3185,NFCORE_CHIPSEQ:CHIPSEQ:HOMER_ANNOTATEPEAKS_MACS2,1700963935000,1700964000000,1,99.9,,4807720960.0,,,0.635126062639923,0.635126062639923,0.0,799.909492,
3189,NFCORE_CHIPSEQ:CHIPSEQ:HOMER_ANNOTATEPEAKS_MACS2,1700963957000,1700964000000,1,100.0,,4807720960.0,,,0.6280603119947532,0.6280603119947532,0.0,799.909492,
3097,NFCORE_CHIPSEQ:CHIPSEQ:PHANTOMPEAKQUALTOOLS,1700963766000,1700964000000,1,15.7,,4294967296.0,,,0.43176488243489625,0.43176488243489625,0.0,798.662114,
3084,NFCORE_CHIPSEQ:CHIPSEQ:PHANTOMPEAKQUALTOOLS,1700963727000,1700964000000,1,14.4,,4294967296.0,,,0.4811530327441933,0.4811530327441933,0.0,798.662114,
2794,NFCORE_CHIPSEQ:CHIPSEQ:DEEPTOOLS_COMPUTEMATRIX,1700963707000,1700964000000,9,692.0,,5673844736.0,,,7.859228191653996,7.859228191653996,0.0,798.662114,
3072,NFCORE_CHIPSEQ:CHIPSEQ:DEEPTOOLS_COMPUTEMATRIX,1700963719000,1700964000000,9,666.8,,5673844736.0,,,7.853208929780064,7.853208929780064,0.0,798.662114,
3088,NFCORE_CHIPSEQ:CHIPSEQ:DEEPTOOLS_COMPUTEMATRIX,1700963801000,1700964000000,9,684.9,,5673844736.0,,,7.901695072513159,7.901695072513159,0.0,798.662114,
2332,NFCORE_CHIPSEQ:CHIPSEQ:DEEPTOOLS_COMPUTEMATRIX,1700963902000,1700964000000,9,680.1,,5673844736.0,,,7.87675677072159,7.87675677072159,0.0,798.038425,
2559,NFCORE_CHIPSEQ:CHIPSEQ:DEEPTOOLS_COMPUTEMATRIX,1700963813000,1700964000000,9,688.4,,5673844736.0,,,8.63378605385404,8.63378605385404,0.0,798.038425,
3100,NFCORE_CHIPSEQ:CHIPSEQ:PHANTOMPEAKQUALTOOLS,1700963767000,1700964000000,1,18.3,,4294967296.0,,,0.688215913433502,0.688215913433502,0.0,798.038425,
3195,NFCORE_CHIPSEQ:CHIPSEQ:DEEPTOOLS_COMPUTEMATRIX,1700963962000,1700964000000,9,687.7,,5673844736.0,,,8.262804541799811,8.262804541799811,0.0,798.038425,
2787,NFCORE_CHIPSEQ:CHIPSEQ:DEEPTOOLS_COMPUTEMATRIX,1700963971000,1700964000000,9,678.0,,5673844736.0,,,8.398325196376124,8.398325196376124,0.0,798.038425,
3217,NFCORE_CHIPSEQ:CHIPSEQ:MULTIQC_CUSTOM_PEAKS,1700964028000,1700964028000,2,62.7,,1073741824.0,,,0.0,0.0,0.0,796.507552,
3219,NFCORE_CHIPSEQ:CHIPSEQ:MULTIQC_CUSTOM_PEAKS,1700964028000,1700964028000,2,22.8,,1073741824.0,,,0.0,0.0,0.0,796.507552,
3223,NFCORE_CHIPSEQ:CHIPSEQ:MULTIQC_CUSTOM_PEAKS,1700964050000,1700964054000,2,1.5,,1073741824.0,,,0.00040873559413222223,0.00040873559413222223,0.0,796.507552,
3210,NFCORE_CHIPSEQ:CHIPSEQ:UCSC_BEDGRAPHTOBIGWIG,1700964011000,1700964076000,1,90.3,,1073741824.0,,,0.06610539063828196,0.06610539063828196,0.0,796.507552,
3212,NFCORE_CHIPSEQ:CHIPSEQ:FRIP_SCORE,1700964016000,1700964079000,2,130.1,,1073741824.0,,,0.0899027408015275,0.0899027408015275,0.0,796.507552,
3216,NFCORE_CHIPSEQ:CHIPSEQ:UCSC_BEDGRAPHTOBIGWIG,1700964027000,1700964076000,1,98.5,,1073741824.0,,,0.05397265849372249,0.05397265849372249,0.0,796.507552,
3225,NFCORE_CHIPSEQ:CHIPSEQ:MULTIQC_CUSTOM_PEAKS,1700964074000,1700964085000,2,36.4,,1073741824.0,,,0.005078980187050001,0.005078980187050001,0.0,796.507552,
3228,NFCORE_CHIPSEQ:CHIPSEQ:MULTIQC_CUSTOM_PEAKS,1700964082000,1700964084000,2,23.4,,1073741824.0,,,0.0006555976222277777,0.0006555976222277777,0.0,796.507552,
3215,NFCORE_CHIPSEQ:CHIPSEQ:FRIP_SCORE,1700964026000,1700964105000,2,127.9,,1073741824.0,,,0.11094468648032917,0.11094468648032917,0.0,796.507552,
3235,NFCORE_CHIPSEQ:CHIPSEQ:MULTIQC_CUSTOM_PEAKS,1700964107000,1700964108000,2,55.4,,1073741824.0,,,0.0006574644368027778,0.0006574644368027778,0.0,796.507552,
3236,NFCORE_CHIPSEQ:CHIPSEQ:MULTIQC_CUSTOM_PEAKS,1700964107000,1700964108000,2,9.7,,1073741824.0,,,0.00018666071511583336,0.00018666071511583336,0.0,796.507552,
3243,NFCORE_CHIPSEQ:CHIPSEQ:MACS2_CONSENSUS,1700964115000,1700964120000,6,127.2,,1073741824.0,,,0.0069857584222111115,0.0069857584222111115,0.0,796.507552,
3246,NFCORE_CHIPSEQ:CHIPSEQ:MACS2_CONSENSUS,1700964123000,1700964129000,6,134.4,,1073741824.0,,,0.008827958701333334,0.008827958701333334,0.0,796.507552,
3238,NFCORE_CHIPSEQ:CHIPSEQ:PLOT_MACS2_QC,1700964114000,1700964136000,2,120.2,,1073741824.0,,,0.029150821234101117,0.029150821234101117,0.0,796.507552,
3222,NFCORE_CHIPSEQ:CHIPSEQ:FRIP_SCORE,1700964049000,1700964142000,2,127.3,,1073741824.0,,,0.13003091572559253,0.13003091572559253,0.0,796.507552,
3248,NFCORE_CHIPSEQ:CHIPSEQ:MACS2_CONSENSUS,1700964131000,1700964139000,6,117.0,,1073741824.0,,,0.010336566130031113,0.010336566130031113,0.0,796.507552,
3255,NFCORE_CHIPSEQ:CHIPSEQ:MULTIQC_CUSTOM_PEAKS,1700964146000,1700964152000,2,3.1,,1073741824.0,,,0.000712003078905,0.000712003078905,0.0,796.507552,
2641,NFCORE_CHIPSEQ:CHIPSEQ:DEEPTOOLS_PLOTFINGERPRINT,1700964021000,1700964152000,8,613.0,,4294967296.0,,,0.8727325365158016,0.8727325365158016,0.0,796.507552,
3231,NFCORE_CHIPSEQ:CHIPSEQ:UCSC_BEDGRAPHTOBIGWIG,1700964088000,1700964153000,1,99.5,,1073741824.0,,,0.07226601701834305,0.07226601701834305,0.0,796.507552,
3233,NFCORE_CHIPSEQ:CHIPSEQ:UCSC_BEDGRAPHTOBIGWIG,1700964099000,1700964157000,1,96.8,,1073741824.0,,,0.06287022172219112,0.06287022172219112,0.0,796.507552,
3234,NFCORE_CHIPSEQ:CHIPSEQ:UCSC_BEDGRAPHTOBIGWIG,1700964106000,1700964162000,1,98.2,,1073741824.0,,,0.061509963825053346,0.061509963825053346,0.0,796.507552,
3252,NFCORE_CHIPSEQ:CHIPSEQ:SUBREAD_FEATURECOUNTS,1700964142000,1700964174000,5,441.2,,1073741824.0,,,0.14822386036846222,0.14822386036846222,0.0,796.507552,
3230,NFCORE_CHIPSEQ:CHIPSEQ:UCSC_BEDGRAPHTOBIGWIG,1700964087000,1700964184000,1,99.6,,1073741824.0,,,0.1079430629816989,0.1079430629816989,0.0,796.507552,
3244,NFCORE_CHIPSEQ:CHIPSEQ:MACS2_CONSENSUS,1700964180000,1700964185000,6,139.0,,1073741824.0,,,0.007593579419575001,0.007593579419575001,0.0,796.507552,
3250,NFCORE_CHIPSEQ:CHIPSEQ:SUBREAD_FEATURECOUNTS,1700964124000,1700964199000,5,449.8,,1073741824.0,,,0.354044495506375,0.354044495506375,0.0,796.507552,
2002,NFCORE_CHIPSEQ:CHIPSEQ:MULTIQC_CUSTOM_PHANTOMPEAKQUALTOOLS,1700964200000,1700964202000,12,412.4,,4294967296.0,,,0.009190978080762222,0.009190978080762222,0.0,796.507552,
3257,NFCORE_CHIPSEQ:CHIPSEQ:SUBREAD_FEATURECOUNTS,1700964154000,1700964204000,5,454.7,,1073741824.0,,,0.23855366611759718,0.23855366611759718,0.0,796.507552,
3262,NFCORE_CHIPSEQ:CHIPSEQ:DESEQ2_QC,1700964186000,1700964209000,4,146.4,,1303379968.0,,,0.03711049854862174,0.03711049854862174,0.0,796.507552,
2453,NFCORE_CHIPSEQ:CHIPSEQ:DEEPTOOLS_PLOTFINGERPRINT,1700964070000,1700964224000,8,582.1,,4294967296.0,,,0.9769370474883251,0.9769370474883251,0.0,796.507552,
3268,NFCORE_CHIPSEQ:CHIPSEQ:DESEQ2_QC,1700964203000,1700964234000,4,206.8,,1303379968.0,,,0.06930805796691562,0.06930805796691562,0.0,796.507552,
2784,NFCORE_CHIPSEQ:CHIPSEQ:DEEPTOOLS_PLOTFINGERPRINT,1700964092000,1700964239000,8,579.5,,4294967296.0,,,0.9285933742402159,0.9285933742402159,0.0,796.507552,
3241,NFCORE_CHIPSEQ:CHIPSEQ:MACS2_CONSENSUS,1700964243000,1700964245000,6,195.7,,1073741824.0,,,0.004205684328865,0.004205684328865,0.0,796.507552,
3271,NFCORE_CHIPSEQ:CHIPSEQ:DESEQ2_QC,1700964210000,1700964246000,4,100.5,,1303379968.0,,,0.041062888981767506,0.041062888981767506,0.0,796.507552,
2748,NFCORE_CHIPSEQ:CHIPSEQ:DEEPTOOLS_PLOTFINGERPRINT,1700964052000,1700964252000,8,598.7,,4294967296.0,,,1.3029522209877225,1.3029522209877225,0.0,796.507552,
3265,NFCORE_CHIPSEQ:CHIPSEQ:SUBREAD_FEATURECOUNTS,1700964189000,1700964251000,5,431.8,,1073741824.0,,,0.2811796942560367,0.2811796942560367,0.0,796.507552,
3269,NFCORE_CHIPSEQ:CHIPSEQ:DEEPTOOLS_PLOTPROFILE,1700964203000,1700964254000,1,99.2,,5420089344.0,,,0.0744481555889127,0.0744481555889127,0.0,796.507552,
3239,NFCORE_CHIPSEQ:CHIPSEQ:MACS2_CONSENSUS,1700964284000,1700964289000,6,173.4,,1073741824.0,,,0.009365532157652779,0.009365532157652779,0.0,796.507552,
2999,NFCORE_CHIPSEQ:CHIPSEQ:DEEPTOOLS_PLOTFINGERPRINT,1700964112000,1700964294000,8,658.2,,4294967296.0,,,1.297247429242108,1.297247429242108,0.0,796.507552,
3279,NFCORE_CHIPSEQ:CHIPSEQ:DESEQ2_QC,1700964262000,1700964300000,4,201.2,,1303379968.0,,,0.08276598819377513,0.08276598819377513,0.0,796.507552,
2927,NFCORE_CHIPSEQ:CHIPSEQ:DEEPTOOLS_PLOTFINGERPRINT,1700964089000,1700964300000,8,577.3,,4294967296.0,,,1.397412840280343,1.397412840280343,0.0,796.961144,
3276,NFCORE_CHIPSEQ:CHIPSEQ:SUBREAD_FEATURECOUNTS,1700964254000,1700964300000,5,431.0,,1073741824.0,,,0.2762191369076136,0.2762191369076136,0.0,796.961144,
3274,NFCORE_CHIPSEQ:CHIPSEQ:UCSC_BEDGRAPHTOBIGWIG,1700964240000,1700964300000,1,96.5,,1073741824.0,,,0.09623390751264457,0.09623390751264457,0.0,796.961144,
3282,NFCORE_CHIPSEQ:CHIPSEQ:DEEPTOOLS_PLOTPROFILE,1700964284000,1700964300000,1,99.1,,5420089344.0,,,0.0744537652600062,0.0744537652600062,0.0,796.961144,
3285,NFCORE_CHIPSEQ:CHIPSEQ:SUBREAD_FEATURECOUNTS,1700964296000,1700964300000,5,454.6,,1073741824.0,,,0.20054825926078168,0.20054825926078168,0.0,796.961144,
3135,NFCORE_CHIPSEQ:CHIPSEQ:DEEPTOOLS_PLOTFINGERPRINT,1700964249000,1700964300000,8,602.1,,4294967296.0,,,0.720916822366473,0.720916822366473,0.0,796.961144,
3211,NFCORE_CHIPSEQ:CHIPSEQ:HOMER_ANNOTATEPEAKS_MACS2,1700964016000,1700964300000,1,100.3,,4807720960.0,,,0.5588795719453632,0.5588795719453632,0.0,796.961144,
3214,NFCORE_CHIPSEQ:CHIPSEQ:HOMER_ANNOTATEPEAKS_MACS2,1700964026000,1700964300000,1,100.3,,4807720960.0,,,0.5802445964463065,0.5802445964463065,0.0,796.961144,
3221,NFCORE_CHIPSEQ:CHIPSEQ:HOMER_ANNOTATEPEAKS_MACS2,1700964049000,1700964300000,1,100.1,,4807720960.0,,,0.5467533882459027,0.5467533882459027,0.0,796.961144,
2187,NFCORE_CHIPSEQ:CHIPSEQ:DEEPTOOLS_PLOTFINGERPRINT,1700964292000,1700964300000,8,540.8,,4294967296.0,,,1.0190483096896887,1.0190483096896887,0.0,796.961144,
3270,NFCORE_CHIPSEQ:CHIPSEQ:DEEPTOOLS_PLOTHEATMAP,1700964203000,1700964300000,1,100.0,,7430209536.0,,,0.5139731209277002,0.5139731209277002,0.0,796.961144,
3256,NFCORE_CHIPSEQ:CHIPSEQ:HOMER_ANNOTATEPEAKS_CONSENSUS,1700964147000,1700964300000,1,100.1,,4841275392.0,,,0.542260409135117,0.542260409135117,0.0,796.961144,
3249,NFCORE_CHIPSEQ:CHIPSEQ:HOMER_ANNOTATEPEAKS_CONSENSUS,1700964124000,1700964300000,1,97.8,,4841275392.0,,,0.6102000780091796,0.6102000780091796,0.0,796.961144,
3251,NFCORE_CHIPSEQ:CHIPSEQ:HOMER_ANNOTATEPEAKS_CONSENSUS,1700964132000,1700964300000,1,98.0,,4841275392.0,,,0.5970893168145515,0.5970893168145515,0.0,796.961144,
3283,NFCORE_CHIPSEQ:CHIPSEQ:DEEPTOOLS_PLOTHEATMAP,1700964284000,1700964300000,1,100.2,,7430209536.0,,,0.5376533961017343,0.5376533961017343,0.0,797.18794,
3264,NFCORE_CHIPSEQ:CHIPSEQ:HOMER_ANNOTATEPEAKS_CONSENSUS,1700964189000,1700964300000,1,100.0,,4841275392.0,,,0.6230394846114062,0.6230394846114062,0.0,797.18794,
3275,NFCORE_CHIPSEQ:CHIPSEQ:HOMER_ANNOTATEPEAKS_CONSENSUS,1700964252000,1700964300000,1,99.8,,4841275392.0,,,0.6094507820902895,0.6094507820902895,0.0,797.18794,
3284,NFCORE_CHIPSEQ:CHIPSEQ:HOMER_ANNOTATEPEAKS_CONSENSUS,1700964295000,1700964300000,1,100.0,,4841275392.0,,,0.5961764500194664,0.5961764500194664,0.0,797.18794,
2803,NFCORE_CHIPSEQ:CHIPSEQ:DEEPTOOLS_COMPUTEMATRIX,1700964155000,1700964300000,9,666.8,,5673844736.0,,,7.114762838685347,7.114762838685347,0.0,797.301338,
3226,NFCORE_CHIPSEQ:CHIPSEQ:DEEPTOOLS_COMPUTEMATRIX,1700964081000,1700964300000,9,668.4,,5673844736.0,,,7.711000101715348,7.711000101715348,0.0,797.301338,
3208,NFCORE_CHIPSEQ:CHIPSEQ:DEEPTOOLS_COMPUTEMATRIX,1700964089000,1700964300000,9,694.4,,5673844736.0,,,6.17857061356006,6.17857061356006,0.0,797.18794,
2857,NFCORE_CHIPSEQ:CHIPSEQ:DEEPTOOLS_COMPUTEMATRIX,1700964242000,1700964300000,9,674.6,,5673844736.0,,,7.282515742766125,7.282515742766125,0.0,797.358037,
3182,NFCORE_CHIPSEQ:CHIPSEQ:DEEPTOOLS_COMPUTEMATRIX,1700964226000,1700964300000,9,662.1,,5673844736.0,,,7.396280029537644,7.396280029537644,0.0,797.358037,
2517,NFCORE_CHIPSEQ:CHIPSEQ:DEEPTOOLS_COMPUTEMATRIX,1700964257000,1700964300000,9,678.6,,5673844736.0,,,7.763160511082201,7.763160511082201,0.0,797.358037,
3263,NFCORE_CHIPSEQ:CHIPSEQ:DEEPTOOLS_COMPUTEMATRIX,1700964205000,1700964300000,9,702.4,,5673844736.0,,,8.580560503816038,8.580560503816038,0.0,797.358037,
3240,NFCORE_CHIPSEQ:CHIPSEQ:MACS2_CONSENSUS,1700964303000,1700964305000,6,160.5,,1073741824.0,,,0.0034843839841858333,0.0034843839841858333,0.0,797.414736,
3245,NFCORE_CHIPSEQ:CHIPSEQ:MACS2_CONSENSUS,1700964335000,1700964337000,6,134.5,,1073741824.0,,,0.0029480671982025,0.0029480671982025,0.0,797.414736,
3289,NFCORE_CHIPSEQ:CHIPSEQ:DESEQ2_QC,1700964323000,1700964342000,4,143.0,,1303379968.0,,,0.030025144617944897,0.030025144617944897,0.0,797.414736,
3288,NFCORE_CHIPSEQ:CHIPSEQ:SUBREAD_FEATURECOUNTS,1700964311000,1700964361000,5,425.0,,1073741824.0,,,0.22350939757829164,0.22350939757829164,0.0,797.414736,
3296,NFCORE_CHIPSEQ:CHIPSEQ:DESEQ2_QC,1700964344000,1700964364000,4,169.7,,1303379968.0,,,0.03711297622798541,0.03711297622798541,0.0,797.414736,
3242,NFCORE_CHIPSEQ:CHIPSEQ:MACS2_CONSENSUS,1700964372000,1700964379000,6,142.0,,1073741824.0,,,0.010859708871865,0.010859708871865,0.0,797.414736,
3295,NFCORE_CHIPSEQ:CHIPSEQ:SUBREAD_FEATURECOUNTS,1700964342000,1700964381000,5,405.7,,1073741824.0,,,0.16657414463395873,0.16657414463395873,0.0,797.414736,
3297,NFCORE_CHIPSEQ:CHIPSEQ:DESEQ2_QC,1700964366000,1700964383000,4,141.8,,1303379968.0,,,0.026654201878558857,0.026654201878558857,0.0,797.414736,
3247,NFCORE_CHIPSEQ:CHIPSEQ:MACS2_CONSENSUS,1700964382000,1700964385000,6,183.0,,1073741824.0,,,0.0059227564196225,0.0059227564196225,0.0,797.414736,
3291,NFCORE_CHIPSEQ:CHIPSEQ:DEEPTOOLS_PLOTPROFILE,1700964338000,1700964393000,1,99.2,,5420089344.0,,,0.0803786699259901,0.0803786699259901,0.0,797.414736,
3303,NFCORE_CHIPSEQ:CHIPSEQ:IGV,1700964394000,1700964400000,1,3.4,,1073741824.0,,,0.000731378828175,0.000731378828175,0.0,797.414736,
3301,NFCORE_CHIPSEQ:CHIPSEQ:DESEQ2_QC,1700964387000,1700964406000,4,101.7,,1303379968.0,,,0.021931918041769482,0.021931918041769482,0.0,797.414736,
3300,NFCORE_CHIPSEQ:CHIPSEQ:SUBREAD_FEATURECOUNTS,1700964386000,1700964439000,5,470.8,,1073741824.0,,,0.261955641554065,0.261955641554065,0.0,797.414736,
3302,NFCORE_CHIPSEQ:CHIPSEQ:SUBREAD_FEATURECOUNTS,1700964394000,1700964434000,5,469.0,,1073741824.0,,,0.19695977851129998,0.19695977851129998,0.0,797.414736,
3306,NFCORE_CHIPSEQ:CHIPSEQ:PLOT_HOMER_ANNOTATEPEAKS,1700964445000,1700964474000,2,96.8,,1073741824.0,,,0.031470913948636665,0.031470913948636665,0.0,797.414736,
3307,NFCORE_CHIPSEQ:CHIPSEQ:DESEQ2_QC,1700964446000,1700964477000,4,168.4,,1303379968.0,,,0.057109467644240304,0.057109467644240304,0.0,797.414736,
3308,NFCORE_CHIPSEQ:CHIPSEQ:DESEQ2_QC,1700964466000,1700964494000,4,167.7,,1303379968.0,,,0.05138059479581291,0.05138059479581291,0.0,797.414736,
2525,NFCORE_CHIPSEQ:CHIPSEQ:DEEPTOOLS_PLOTFINGERPRINT,1700964361000,1700964496000,8,640.8,,4294967296.0,,,0.9391128426661497,0.9391128426661497,0.0,797.414736,
3311,NFCORE_CHIPSEQ:CHIPSEQ:ANNOTATE_BOOLEAN_PEAKS,1700964536000,1700964549000,1,6.1,,1073741824.0,,,0.0019466679582512498,0.0019466679582512498,0.0,797.414736,
2193,NFCORE_CHIPSEQ:CHIPSEQ:DEEPTOOLS_PLOTFINGERPRINT,1700964332000,1700964553000,8,505.5,,4294967296.0,,,1.228966945541557,1.228966945541557,0.0,797.414736,
3094,NFCORE_CHIPSEQ:CHIPSEQ:DEEPTOOLS_PLOTFINGERPRINT,1700964436000,1700964553000,8,617.8,,4294967296.0,,,0.7861434033026924,0.7861434033026924,0.0,797.414736,
3123,NFCORE_CHIPSEQ:CHIPSEQ:DEEPTOOLS_PLOTFINGERPRINT,1700964386000,1700964554000,8,585.3,,4294967296.0,,,1.07250803452177,1.07250803452177,0.0,797.414736,
3310,NFCORE_CHIPSEQ:CHIPSEQ:MULTIQC_CUSTOM_PHANTOMPEAKQUALTOOLS,1700964559000,1700964561000,12,604.0,,4294967296.0,,,0.01315368832646,0.01315368832646,0.0,797.414736,
3312,NFCORE_CHIPSEQ:CHIPSEQ:ANNOTATE_BOOLEAN_PEAKS,1700964562000,1700964563000,1,115.5,,1073741824.0,,,0.0012780716965304167,0.0012780716965304167,0.0,797.414736,
3313,NFCORE_CHIPSEQ:CHIPSEQ:ANNOTATE_BOOLEAN_PEAKS,1700964563000,1700964564000,1,113.7,,1073741824.0,,,0.0012595068847079168,0.0012595068847079168,0.0,797.414736,
3273,NFCORE_CHIPSEQ:CHIPSEQ:MULTIQC_CUSTOM_PHANTOMPEAKQUALTOOLS,1700964571000,1700964574000,12,702.3,,4294967296.0,,,0.02277206749327625,0.02277206749327625,0.0,797.414736,
3314,NFCORE_CHIPSEQ:CHIPSEQ:MULTIQC_CUSTOM_PHANTOMPEAKQUALTOOLS,1700964576000,1700964579000,12,743.3,,4294967296.0,,,0.024040662967813747,0.024040662967813747,0.0,797.414736,
3258,NFCORE_CHIPSEQ:CHIPSEQ:MULTIQC_CUSTOM_PHANTOMPEAKQUALTOOLS,1700964582000,1700964584000,12,814.1,,4294967296.0,,,0.017487540508579164,0.017487540508579164,0.0,797.414736,
3315,NFCORE_CHIPSEQ:CHIPSEQ:MULTIQC_CUSTOM_PHANTOMPEAKQUALTOOLS,1700964587000,1700964589000,12,782.8,,4294967296.0,,,0.016841897608529995,0.016841897608529995,0.0,797.414736,
3254,NFCORE_CHIPSEQ:CHIPSEQ:MULTIQC_CUSTOM_PHANTOMPEAKQUALTOOLS,1700964592000,1700964596000,12,727.4,,4294967296.0,,,0.03139826060602333,0.03139826060602333,0.0,797.414736,
2277,NFCORE_CHIPSEQ:CHIPSEQ:DEEPTOOLS_PLOTFINGERPRINT,1700964499000,1700964600000,8,593.6,,4294967296.0,,,0.8928021512326,0.8928021512326,0.0,797.414736,
2764,NFCORE_CHIPSEQ:CHIPSEQ:DEEPTOOLS_PLOTFINGERPRINT,1700964480000,1700964600000,8,555.8,,4294967296.0,,,1.088269836639189,1.088269836639189,0.0,797.414736,
3292,NFCORE_CHIPSEQ:CHIPSEQ:DEEPTOOLS_PLOTHEATMAP,1700964338000,1700964600000,1,99.6,,7430209536.0,,,0.5372753103372186,0.5372753103372186,0.0,797.414736,
3287,NFCORE_CHIPSEQ:CHIPSEQ:HOMER_ANNOTATEPEAKS_CONSENSUS,1700964311000,1700964600000,1,99.7,,4841275392.0,,,0.5579738036012702,0.5579738036012702,0.0,797.414736,
2207,NFCORE_CHIPSEQ:CHIPSEQ:DEEPTOOLS_PLOTFINGERPRINT,1700964591000,1700964600000,8,553.3,,4294967296.0,,,0.8959824239406449,0.8959824239406449,0.0,797.414736,
3294,NFCORE_CHIPSEQ:CHIPSEQ:HOMER_ANNOTATEPEAKS_CONSENSUS,1700964342000,1700964600000,1,99.8,,4841275392.0,,,0.5697456317194673,0.5697456317194673,0.0,797.414736,
3299,NFCORE_CHIPSEQ:CHIPSEQ:HOMER_ANNOTATEPEAKS_CONSENSUS,1700964386000,1700964600000,1,100.0,,4841275392.0,,,0.5378466766849707,0.5378466766849707,0.0,797.414736,
3304,NFCORE_CHIPSEQ:CHIPSEQ:HOMER_ANNOTATEPEAKS_CONSENSUS,1700964394000,1700964600000,1,100.0,,4841275392.0,,,0.6673282840350561,0.6673282840350561,0.0,797.414736,
3177,NFCORE_CHIPSEQ:CHIPSEQ:DEEPTOOLS_COMPUTEMATRIX,1700964322000,1700964600000,9,699.1,,5673844736.0,,,7.830242856251659,7.830242856251659,0.0,797.414736,
2961,NFCORE_CHIPSEQ:CHIPSEQ:DEEPTOOLS_COMPUTEMATRIX,1700964315000,1700964600000,9,718.9,,5673844736.0,,,8.345806966993111,8.345806966993111,0.0,797.414736,
2281,NFCORE_CHIPSEQ:CHIPSEQ:DEEPTOOLS_COMPUTEMATRIX,1700964561000,1700964600000,9,691.3,,5673844736.0,,,7.869525818095993,7.869525818095993,0.0,797.414736,
3317,NFCORE_CHIPSEQ:CHIPSEQ:MULTIQC_CUSTOM_PHANTOMPEAKQUALTOOLS,1700964601000,1700964603000,12,740.0,,4294967296.0,,,0.015959037668526667,0.015959037668526667,0.0,797.414736,
3321,NFCORE_CHIPSEQ:CHIPSEQ:ANNOTATE_BOOLEAN_PEAKS,1700964634000,1700964639000,1,86.2,,1073741824.0,,,0.004879389075987501,0.004879389075987501,0.0,797.414736,
3318,NFCORE_CHIPSEQ:CHIPSEQ:DEEPTOOLS_PLOTPROFILE,1700964607000,1700964654000,1,94.6,,5420089344.0,,,0.0664573868520951,0.0664573868520951,0.0,797.414736,
3322,NFCORE_CHIPSEQ:CHIPSEQ:MULTIQC_CUSTOM_PHANTOMPEAKQUALTOOLS,1700964665000,1700964672000,12,616.5,,4294967296.0,,,0.04694036527287041,0.04694036527287041,0.0,797.414736,
2605,NFCORE_CHIPSEQ:CHIPSEQ:MULTIQC_CUSTOM_PHANTOMPEAKQUALTOOLS,1700964677000,1700964679000,12,717.1,,4294967296.0,,,0.0154866663454875,0.0154866663454875,0.0,797.414736,
3253,NFCORE_CHIPSEQ:CHIPSEQ:MULTIQC_CUSTOM_PHANTOMPEAKQUALTOOLS,1700964681000,1700964684000,12,758.9,,4294967296.0,,,0.02452334807519875,0.02452334807519875,0.0,797.414736,
3323,NFCORE_CHIPSEQ:CHIPSEQ:ANNOTATE_BOOLEAN_PEAKS,1700964687000,1700964694000,1,3.3,,1073741824.0,,,0.0008460556504954166,0.0008460556504954166,0.0,797.414736,
3325,NFCORE_CHIPSEQ:CHIPSEQ:ANNOTATE_BOOLEAN_PEAKS,1700964711000,1700964716000,1,6.1,,1073741824.0,,,0.00074871844548125,0.00074871844548125,0.0,797.414736,
3326,NFCORE_CHIPSEQ:CHIPSEQ:ANNOTATE_BOOLEAN_PEAKS,1700964719000,1700964730000,1,3.7,,1073741824.0,,,0.00137489667332875,0.00137489667332875,0.0,797.414736,
3329,NFCORE_CHIPSEQ:CHIPSEQ:ANNOTATE_BOOLEAN_PEAKS,1700964749000,1700964758000,1,2.1,,1073741824.0,,,0.0009763969654162499,0.0009763969654162499,0.0,797.414736,
3060,NFCORE_CHIPSEQ:CHIPSEQ:DEEPTOOLS_PLOTFINGERPRINT,1700964606000,1700964759000,8,545.1,,4294967296.0,,,0.9133124265848437,0.9133124265848437,0.0,797.414736,
3331,NFCORE_CHIPSEQ:CHIPSEQ:ANNOTATE_BOOLEAN_PEAKS,1700964767000,1700964777000,1,4.7,,1073741824.0,,,0.0013530439101208335,0.0013530439101208335,0.0,797.414736,
3327,NFCORE_CHIPSEQ:CHIPSEQ:DEEPTOOLS_PLOTPROFILE,1700964740000,1700964789000,1,99.6,,5420089344.0,,,0.07181223792542404,0.07181223792542404,0.0,797.414736,
2347,NFCORE_CHIPSEQ:CHIPSEQ:DEEPTOOLS_PLOTFINGERPRINT,1700964603000,1700964789000,8,621.7,,4294967296.0,,,1.2572480551841327,1.2572480551841327,0.0,797.414736,
3332,NFCORE_CHIPSEQ:CHIPSEQ:MULTIQC_CUSTOM_PHANTOMPEAKQUALTOOLS,1700964789000,1700964792000,12,137.6,,4294967296.0,,,0.005299485433000001,0.005299485433000001,0.0,797.414736,
1765,NFCORE_CHIPSEQ:CHIPSEQ:MULTIQC_CUSTOM_PHANTOMPEAKQUALTOOLS,1700964793000,1700964799000,12,566.0,,4294967296.0,,,0.03710952214853001,0.03710952214853001,0.0,797.414736,
1416,NFCORE_CHIPSEQ:CHIPSEQ:MULTIQC_CUSTOM_PHANTOMPEAKQUALTOOLS,1700964795000,1700964799000,12,446.1,,4294967296.0,,,0.01979319046009167,0.01979319046009167,0.0,797.414736,
3335,NFCORE_CHIPSEQ:CHIPSEQ:DEEPTOOLS_PLOTPROFILE,1700964791000,1700964839000,1,97.3,,5420089344.0,,,0.06920804025761501,0.06920804025761501,0.0,797.414736,
3336,NFCORE_CHIPSEQ:CHIPSEQ:MULTIQC_CUSTOM_PHANTOMPEAKQUALTOOLS,1700964851000,1700964854000,12,420.6,,4294967296.0,,,0.0140558883426125,0.0140558883426125,0.0,797.414736,
3280,NFCORE_CHIPSEQ:CHIPSEQ:MULTIQC_CUSTOM_PHANTOMPEAKQUALTOOLS,1700964857000,1700964860000,12,665.3,,4294967296.0,,,0.021627237430888745,0.021627237430888745,0.0,797.414736,
3341,NFCORE_CHIPSEQ:CHIPSEQ:MULTIQC_CUSTOM_PHANTOMPEAKQUALTOOLS,1700964863000,1700964867000,12,106.5,,4294967296.0,,,0.0057829458047116665,0.0057829458047116665,0.0,797.414736,
3342,NFCORE_CHIPSEQ:CHIPSEQ:ANNOTATE_BOOLEAN_PEAKS,1700964866000,1700964869000,1,8.6,,1073741824.0,,,0.0005265844498825,0.0005265844498825,0.0,797.414736,
2769,NFCORE_CHIPSEQ:CHIPSEQ:DEEPTOOLS_PLOTFINGERPRINT,1700964687000,1700964872000,8,557.3,,4294967296.0,,,1.1276102303417228,1.1276102303417228,0.0,797.414736,
3343,NFCORE_CHIPSEQ:CHIPSEQ:CUSTOM_DUMPSOFTWAREVERSIONS,1700964875000,1700964877000,1,8.9,,1073741824.0,,,0.00035724457052916666,0.00035724457052916666,0.0,797.414736,
3340,NFCORE_CHIPSEQ:CHIPSEQ:DEEPTOOLS_PLOTPROFILE,1700964851000,1700964892000,1,96.5,,5420089344.0,,,0.058776908926836145,0.058776908926836145,0.0,797.414736,
2401,NFCORE_CHIPSEQ:CHIPSEQ:DEEPTOOLS_PLOTFINGERPRINT,1700964743000,1700964894000,8,609.4,,4294967296.0,,,1.0015133284033224,1.0015133284033224,0.0,797.414736,
3345,NFCORE_CHIPSEQ:CHIPSEQ:MULTIQC_CUSTOM_PHANTOMPEAKQUALTOOLS,1700964896000,1700964900000,12,101.2,,4294967296.0,,,0.01112858715316,0.01112858715316,0.0,797.414736,
3319,NFCORE_CHIPSEQ:CHIPSEQ:DEEPTOOLS_PLOTHEATMAP,1700964607000,1700964900000,1,100.1,,7430209536.0,,,0.509578334676775,0.509578334676775,0.0,797.414736,
3007,NFCORE_CHIPSEQ:CHIPSEQ:DEEPTOOLS_PLOTFINGERPRINT,1700964763000,1700964900000,8,581.7,,4294967296.0,,,1.002801790026231,1.002801790026231,0.0,797.414736,
2350,NFCORE_CHIPSEQ:CHIPSEQ:DEEPTOOLS_PLOTFINGERPRINT,1700964869000,1700964900000,8,541.0,,4294967296.0,,,0.37933284796432,0.37933284796432,0.0,797.414736,
2263,NFCORE_CHIPSEQ:CHIPSEQ:DEEPTOOLS_PLOTFINGERPRINT,1700964877000,1700964900000,8,628.7,,4294967296.0,,,0.9700864383932359,0.9700864383932359,0.0,797.414736,
2574,NFCORE_CHIPSEQ:CHIPSEQ:DEEPTOOLS_PLOTFINGERPRINT,1700964897000,1700964900000,8,596.2,,4294967296.0,,,0.8900063404105524,0.8900063404105524,0.0,797.414736,
3328,NFCORE_CHIPSEQ:CHIPSEQ:DEEPTOOLS_PLOTHEATMAP,1700964740000,1700964900000,1,100.1,,7430209536.0,,,0.4883459040652427,0.4883459040652427,0.0,797.414736,
3334,NFCORE_CHIPSEQ:CHIPSEQ:DEEPTOOLS_PLOTHEATMAP,1700964791000,1700964900000,1,100.1,,7430209536.0,,,0.49814548742441145,0.49814548742441145,0.0,797.414736,
3339,NFCORE_CHIPSEQ:CHIPSEQ:DEEPTOOLS_PLOTHEATMAP,1700964851000,1700964900000,1,100.1,,7430209536.0,,,0.4981454874244115,0.4981454874244115,0.0,797.414736,
3209,NFCORE_CHIPSEQ:CHIPSEQ:DEEPTOOLS_COMPUTEMATRIX,1700964606000,1700964900000,9,689.7,,5673844736.0,,,7.511662373782556,7.511662373782556,0.0,797.414736,
3120,NFCORE_CHIPSEQ:CHIPSEQ:DEEPTOOLS_COMPUTEMATRIX,1700964641000,1700964900000,9,690.7,,5673844736.0,,,7.954099230441986,7.954099230441986,0.0,797.414736,
2904,NFCORE_CHIPSEQ:CHIPSEQ:DEEPTOOLS_COMPUTEMATRIX,1700964743000,1700964900000,9,680.5,,5673844736.0,,,8.038537790849082,8.038537790849082,0.0,798.548716,
3154,NFCORE_CHIPSEQ:CHIPSEQ:DEEPTOOLS_COMPUTEMATRIX,1700964801000,1700964900000,9,668.2,,5673844736.0,,,7.733827626826346,7.733827626826346,0.0,798.548716,
2941,NFCORE_CHIPSEQ:CHIPSEQ:DEEPTOOLS_COMPUTEMATRIX,1700964801000,1700964900000,9,684.5,,5673844736.0,,,8.06150946881672,8.06150946881672,0.0,798.548716,
2381,NFCORE_CHIPSEQ:CHIPSEQ:MULTIQC_CUSTOM_PHANTOMPEAKQUALTOOLS,1700964907000,1700964914000,12,686.6,,4294967296.0,,,0.05200133925137083,0.05200133925137083,0.0,797.414736,
3081,NFCORE_CHIPSEQ:CHIPSEQ:MULTIQC_CUSTOM_PHANTOMPEAKQUALTOOLS,1700964925000,1700964929000,12,758.2,,4294967296.0,,,0.03266891883743,0.03266891883743,0.0,797.414736,
3316,NFCORE_CHIPSEQ:CHIPSEQ:MULTIQC_CUSTOM_PHANTOMPEAKQUALTOOLS,1700964955000,1700964958000,12,698.6,,4294967296.0,,,0.0226575844870375,0.0226575844870375,0.0,797.414736,
3286,NFCORE_CHIPSEQ:CHIPSEQ:MULTIQC_CUSTOM_PHANTOMPEAKQUALTOOLS,1700964965000,1700964969000,12,790.5,,4294967296.0,,,0.03400145977491167,0.03400145977491167,0.0,797.414736,
3281,NFCORE_CHIPSEQ:CHIPSEQ:MULTIQC_CUSTOM_PHANTOMPEAKQUALTOOLS,1700964975000,1700964979000,12,803.4,,4294967296.0,,,0.03453365104715667,0.03453365104715667,0.0,797.414736,
2410,NFCORE_CHIPSEQ:CHIPSEQ:MULTIQC_CUSTOM_PHANTOMPEAKQUALTOOLS,1700964985000,1700964989000,12,713.5,,4294967296.0,,,0.030824814196395,0.030824814196395,0.0,797.414736,
3160,NFCORE_CHIPSEQ:CHIPSEQ:MULTIQC_CUSTOM_PHANTOMPEAKQUALTOOLS,1700964995000,1700964999000,12,766.7,,4294967296.0,,,0.03301958750518833,0.03301958750518833,0.0,797.414736,
2775,NFCORE_CHIPSEQ:CHIPSEQ:MULTIQC_CUSTOM_PHANTOMPEAKQUALTOOLS,1700965005000,1700965009000,12,813.1,,4294967296.0,,,0.034933825879775,0.034933825879775,0.0,797.414736,
3197,NFCORE_CHIPSEQ:CHIPSEQ:MULTIQC_CUSTOM_PHANTOMPEAKQUALTOOLS,1700965015000,1700965018000,12,696.4,,4294967296.0,,,0.022589513510355,0.022589513510355,0.0,797.414736,
3338,NFCORE_CHIPSEQ:CHIPSEQ:MULTIQC_CUSTOM_PHANTOMPEAKQUALTOOLS,1700965021000,1700965023000,12,833.0,,4294967296.0,,,0.01787740155685167,0.01787740155685167,0.0,797.414736,
3346,NFCORE_CHIPSEQ:CHIPSEQ:DEEPTOOLS_PLOTPROFILE,1700964958000,1700965018000,1,98.2,,5420089344.0,,,0.08706699467669375,0.08706699467669375,0.0,797.414736,
3349,NFCORE_CHIPSEQ:CHIPSEQ:DEEPTOOLS_PLOTPROFILE,1700964959000,1700965026000,1,94.3,,5420089344.0,,,0.09452981887274177,0.09452981887274177,0.0,797.414736,
2833,NFCORE_CHIPSEQ:CHIPSEQ:MULTIQC_CUSTOM_PHANTOMPEAKQUALTOOLS,1700965026000,1700965029000,12,728.7,,4294967296.0,,,0.02358891921346625,0.02358891921346625,0.0,797.414736,
3149,NFCORE_CHIPSEQ:CHIPSEQ:MULTIQC_CUSTOM_PHANTOMPEAKQUALTOOLS,1700965035000,1700965039000,12,822.5,,4294967296.0,,,0.03532162417117834,0.03532162417117834,0.0,797.414736,
3350,NFCORE_CHIPSEQ:CHIPSEQ:MULTIQC_CUSTOM_PHANTOMPEAKQUALTOOLS,1700965059000,1700965064000,12,168.9,,4294967296.0,,,0.010446582971789584,0.010446582971789584,0.0,797.414736,
2587,NFCORE_CHIPSEQ:CHIPSEQ:MULTIQC_CUSTOM_PHANTOMPEAKQUALTOOLS,1700965067000,1700965074000,12,537.5,,4294967296.0,,,0.04123684252962458,0.04123684252962458,0.0,797.414736,
2588,NFCORE_CHIPSEQ:CHIPSEQ:MULTIQC_CUSTOM_PHANTOMPEAKQUALTOOLS,1700965077000,1700965084000,12,443.5,,4294967296.0,,,0.034450372430066246,0.034450372430066246,0.0,797.414736,
3352,NFCORE_CHIPSEQ:CHIPSEQ:DEEPTOOLS_PLOTPROFILE,1700965062000,1700965100000,1,96.8,,5420089344.0,,,0.05459373663470771,0.05459373663470771,0.0,797.414736,
2581,NFCORE_CHIPSEQ:CHIPSEQ:DEEPTOOLS_PLOTFINGERPRINT,1700965045000,1700965114000,8,546.9,,4294967296.0,,,0.41316696831872124,0.41316696831872124,0.0,797.414736,
3277,NFCORE_CHIPSEQ:CHIPSEQ:MULTIQC_CUSTOM_PHANTOMPEAKQUALTOOLS,1700965128000,1700965132000,12,495.3,,4294967296.0,,,0.021822943219351663,0.021822943219351663,0.0,797.414736,
3354,NFCORE_CHIPSEQ:CHIPSEQ:DEEPTOOLS_PLOTPROFILE,1700965101000,1700965149000,1,95.0,,5420089344.0,,,0.068069398465835,0.068069398465835,0.0,797.414736,
3355,NFCORE_CHIPSEQ:CHIPSEQ:DEEPTOOLS_PLOTPROFILE,1700965132000,1700965169000,1,99.1,,5420089344.0,,,0.0540347624026774,0.0540347624026774,0.0,797.414736,
3147,NFCORE_CHIPSEQ:CHIPSEQ:DEEPTOOLS_PLOTFINGERPRINT,1700965025000,1700965192000,8,617.9,,4294967296.0,,,1.122274362861393,1.122274362861393,0.0,797.414736,
3357,NFCORE_CHIPSEQ:CHIPSEQ:DEEPTOOLS_PLOTPROFILE,1700965135000,1700965189000,1,88.9,,5420089344.0,,,0.07318071271054687,0.07318071271054687,0.0,797.414736,
2481,NFCORE_CHIPSEQ:CHIPSEQ:DEEPTOOLS_PLOTFINGERPRINT,1700965101000,1700965200000,8,598.5,,4294967296.0,,,0.8215349120153175,0.8215349120153175,0.0,797.414736,
3347,NFCORE_CHIPSEQ:CHIPSEQ:DEEPTOOLS_PLOTHEATMAP,1700964958000,1700965200000,1,99.8,,7430209536.0,,,0.5999024709039033,0.5999024709039033,0.0,797.414736,
3348,NFCORE_CHIPSEQ:CHIPSEQ:DEEPTOOLS_PLOTHEATMAP,1700964959000,1700965200000,1,99.0,,7430209536.0,,,0.6179510362878767,0.6179510362878767,0.0,797.414736,
3351,NFCORE_CHIPSEQ:CHIPSEQ:DEEPTOOLS_PLOTHEATMAP,1700965062000,1700965200000,1,99.9,,7430209536.0,,,0.48609793862503625,0.48609793862503625,0.0,797.414736,
3353,NFCORE_CHIPSEQ:CHIPSEQ:DEEPTOOLS_PLOTHEATMAP,1700965101000,1700965200000,1,100.0,,7430209536.0,,,0.5647524501070321,0.5647524501070321,0.0,797.414736,
3356,NFCORE_CHIPSEQ:CHIPSEQ:DEEPTOOLS_PLOTHEATMAP,1700965132000,1700965200000,1,100.3,,7430209536.0,,,0.5314811612707864,0.5314811612707864,0.0,797.414736,
3358,NFCORE_CHIPSEQ:CHIPSEQ:DEEPTOOLS_PLOTHEATMAP,1700965135000,1700965200000,1,98.6,,7430209536.0,,,0.5953479037367833,0.5953479037367833,0.0,797.414736,
2793,NFCORE_CHIPSEQ:CHIPSEQ:DEEPTOOLS_COMPUTEMATRIX,1700964932000,1700965200000,9,689.3,,5673844736.0,,,7.51023893762688,7.51023893762688,0.0,798.548716,
3181,NFCORE_CHIPSEQ:CHIPSEQ:DEEPTOOLS_COMPUTEMATRIX,1700964917000,1700965200000,9,683.1,,5673844736.0,,,8.168911517393976,8.168911517393976,0.0,798.548716,
3218,NFCORE_CHIPSEQ:CHIPSEQ:DEEPTOOLS_COMPUTEMATRIX,1700964937000,1700965200000,9,689.9,,5673844736.0,,,8.291263831259878,8.291263831259878,0.0,798.548716,
2168,NFCORE_CHIPSEQ:CHIPSEQ:DEEPTOOLS_COMPUTEMATRIX,1700964965000,1700965200000,9,679.9,,5673844736.0,,,7.976663057694932,7.976663057694932,0.0,798.548716,
2413,NFCORE_CHIPSEQ:CHIPSEQ:DEEPTOOLS_COMPUTEMATRIX,1700965036000,1700965200000,9,703.8,,5673844736.0,,,8.256878305389487,8.256878305389487,0.0,799.115706,
2610,NFCORE_CHIPSEQ:CHIPSEQ:DEEPTOOLS_COMPUTEMATRIX,1700965087000,1700965200000,9,690.7,,5673844736.0,,,8.121031875821679,8.121031875821679,0.0,799.115706,
2766,NFCORE_CHIPSEQ:CHIPSEQ:DEEPTOOLS_COMPUTEMATRIX,1700965136000,1700965200000,9,680.8,,5673844736.0,,,7.735153027200047,7.735153027200047,0.0,799.115706,
2826,NFCORE_CHIPSEQ:CHIPSEQ:DEEPTOOLS_COMPUTEMATRIX,1700965132000,1700965200000,9,693.5,,5673844736.0,,,8.191100858642855,8.191100858642855,0.0,799.115706,
3046,NFCORE_CHIPSEQ:CHIPSEQ:DEEPTOOLS_COMPUTEMATRIX,1700965116000,1700965200000,9,705.0,,5673844736.0,,,8.512191212603692,8.512191212603692,0.0,799.115706,
3278,NFCORE_CHIPSEQ:CHIPSEQ:MULTIQC_CUSTOM_PHANTOMPEAKQUALTOOLS,1700965201000,1700965204000,12,752.9,,4294967296.0,,,0.02433769995697375,0.02433769995697375,0.0,797.414736,
3037,NFCORE_CHIPSEQ:CHIPSEQ:MULTIQC_CUSTOM_PHANTOMPEAKQUALTOOLS,1700965211000,1700965214000,12,767.1,,4294967296.0,,,0.024777067170106252,0.024777067170106252,0.0,797.414736,
3360,NFCORE_CHIPSEQ:CHIPSEQ:DEEPTOOLS_PLOTPROFILE,1700965206000,1700965244000,1,91.6,,5420089344.0,,,0.05255573284797104,0.05255573284797104,0.0,797.414736,
3001,NFCORE_CHIPSEQ:CHIPSEQ:MULTIQC_CUSTOM_PHANTOMPEAKQUALTOOLS,1700965244000,1700965249000,12,348.7,,4294967296.0,,,0.01971867509869375,0.01971867509869375,0.0,797.414736,
2983,NFCORE_CHIPSEQ:CHIPSEQ:MULTIQC_CUSTOM_PHANTOMPEAKQUALTOOLS,1700965254000,1700965258000,12,577.6,,4294967296.0,,,0.025218241026,0.025218241026,0.0,797.414736,
3365,NFCORE_CHIPSEQ:CHIPSEQ:MULTIQC_CUSTOM_PHANTOMPEAKQUALTOOLS,1700965261000,1700965269000,12,289.2,,4294967296.0,,,0.026640518809293332,0.026640518809293332,0.0,797.414736,
3038,NFCORE_CHIPSEQ:CHIPSEQ:MULTIQC_CUSTOM_PHANTOMPEAKQUALTOOLS,1700965275000,1700965279000,12,414.2,,4294967296.0,,,0.018477151577563335,0.018477151577563335,0.0,797.414736,
3363,NFCORE_CHIPSEQ:CHIPSEQ:DEEPTOOLS_PLOTPROFILE,1700965245000,1700965284000,1,98.2,,5420089344.0,,,0.05659354653985094,0.05659354653985094,0.0,797.414736,
3361,NFCORE_CHIPSEQ:CHIPSEQ:DEEPTOOLS_PLOTPROFILE,1700965228000,1700965289000,1,95.7,,5420089344.0,,,0.08694525914189907,0.08694525914189907,0.0,797.414736,
1958,NFCORE_CHIPSEQ:CHIPSEQ:MULTIQC_CUSTOM_PHANTOMPEAKQUALTOOLS,1700965285000,1700965285000,12,561.3,,4294967296.0,,,0.0,0.0,0.0,797.414736,
3059,NFCORE_CHIPSEQ:CHIPSEQ:DEEPTOOLS_PLOTFINGERPRINT,1700965211000,1700965319000,8,604.3,,4294967296.0,,,0.7106333362416449,0.7106333362416449,0.0,797.414736,
3330,NFCORE_CHIPSEQ:CHIPSEQ:MULTIQC_CUSTOM_PHANTOMPEAKQUALTOOLS,1700965332000,1700965334000,12,761.3,,4294967296.0,,,0.016398404881659164,0.016398404881659164,0.0,797.414736,
3080,NFCORE_CHIPSEQ:CHIPSEQ:MULTIQC_CUSTOM_PHANTOMPEAKQUALTOOLS,1700965342000,1700965344000,12,776.9,,4294967296.0,,,0.016720194953249164,0.016720194953249164,0.0,797.414736,
3366,NFCORE_CHIPSEQ:CHIPSEQ:DEEPTOOLS_PLOTPROFILE,1700965302000,1700965362000,1,97.9,,5420089344.0,,,0.08688134655846874,0.08688134655846874,0.0,797.414736,
3018,NFCORE_CHIPSEQ:CHIPSEQ:DEEPTOOLS_PLOTFINGERPRINT,1700965232000,1700965368000,8,593.7,,4294967296.0,,,0.8800032570876366,0.8800032570876366,0.0,797.414736,
3368,NFCORE_CHIPSEQ:CHIPSEQ:DEEPTOOLS_PLOTPROFILE,1700965320000,1700965374000,1,98.9,,5420089344.0,,,0.07875015625729688,0.07875015625729688,0.0,797.414736,
3370,NFCORE_CHIPSEQ:CHIPSEQ:DEEPTOOLS_PLOTPROFILE,1700965347000,1700965394000,1,93.4,,5420089344.0,,,0.0658756894149901,0.0658756894149901,0.0,797.414736,
3372,NFCORE_CHIPSEQ:CHIPSEQ:DEEPTOOLS_PLOTPROFILE,1700965381000,1700965434000,1,95.9,,5420089344.0,,,0.0756519283193224,0.0756519283193224,0.0,797.414736,
3359,NFCORE_CHIPSEQ:CHIPSEQ:DEEPTOOLS_PLOTHEATMAP,1700965206000,1700965500000,1,98.9,,7430209536.0,,,0.47978265618601834,0.47978265618601834,0.0,797.414736,
3079,NFCORE_CHIPSEQ:CHIPSEQ:DEEPTOOLS_PLOTFINGERPRINT,1700965321000,1700965500000,8,526.9,,4294967296.0,,,1.2893082600070738,1.2893082600070738,0.0,797.414736,
3362,NFCORE_CHIPSEQ:CHIPSEQ:DEEPTOOLS_PLOTHEATMAP,1700965228000,1700965500000,1,99.5,,7430209536.0,,,0.6117804340928217,0.6117804340928217,0.0,797.414736,
3364,NFCORE_CHIPSEQ:CHIPSEQ:DEEPTOOLS_PLOTHEATMAP,1700965245000,1700965500000,1,100.2,,7430209536.0,,,0.5997863646879805,0.5997863646879805,0.0,797.414736,
3369,NFCORE_CHIPSEQ:CHIPSEQ:DEEPTOOLS_PLOTHEATMAP,1700965320000,1700965500000,1,99.9,,7430209536.0,,,0.54808358180541,0.54808358180541,0.0,797.414736,
3371,NFCORE_CHIPSEQ:CHIPSEQ:DEEPTOOLS_PLOTHEATMAP,1700965347000,1700965500000,1,99.6,,7430209536.0,,,0.5372753103372188,0.5372753103372188,0.0,797.414736,
3367,NFCORE_CHIPSEQ:CHIPSEQ:DEEPTOOLS_PLOTHEATMAP,1700965302000,1700965500000,1,99.8,,7430209536.0,,,0.6308756963038331,0.6308756963038331,0.0,797.414736,
3373,NFCORE_CHIPSEQ:CHIPSEQ:DEEPTOOLS_PLOTHEATMAP,1700965381000,1700965500000,1,99.3,,7430209536.0,,,0.5037539883726186,0.5037539883726186,0.0,797.414736,
3229,NFCORE_CHIPSEQ:CHIPSEQ:DEEPTOOLS_COMPUTEMATRIX,1700965289000,1700965500000,9,687.6,,5673844736.0,,,7.58379875298079,7.58379875298079,0.0,799.115706,
2988,NFCORE_CHIPSEQ:CHIPSEQ:DEEPTOOLS_COMPUTEMATRIX,1700965222000,1700965500000,9,685.5,,5673844736.0,,,8.368495750971132,8.368495750971132,0.0,799.115706,
3014,NFCORE_CHIPSEQ:CHIPSEQ:DEEPTOOLS_COMPUTEMATRIX,1700965231000,1700965500000,9,705.3,,5673844736.0,,,8.642209818355253,8.642209818355253,0.0,799.115706,
3070,NFCORE_CHIPSEQ:CHIPSEQ:DEEPTOOLS_COMPUTEMATRIX,1700965305000,1700965500000,9,708.0,,5673844736.0,,,8.519302945304112,8.519302945304112,0.0,799.399201,
3131,NFCORE_CHIPSEQ:CHIPSEQ:DEEPTOOLS_COMPUTEMATRIX,1700965352000,1700965500000,9,678.4,,5673844736.0,,,8.207612777426718,8.207612777426718,0.0,799.399201,
3143,NFCORE_CHIPSEQ:CHIPSEQ:DEEPTOOLS_COMPUTEMATRIX,1700965374000,1700965500000,9,693.1,,5673844736.0,,,8.260557620225601,8.260557620225601,0.0,799.399201,
3087,NFCORE_CHIPSEQ:CHIPSEQ:DEEPTOOLS_COMPUTEMATRIX,1700965352000,1700965500000,9,707.0,,5673844736.0,,,8.718880720332631,8.718880720332631,0.0,799.399201,
3164,NFCORE_CHIPSEQ:CHIPSEQ:DEEPTOOLS_COMPUTEMATRIX,1700965384000,1700965500000,9,706.4,,5673844736.0,,,8.77475631198733,8.77475631198733,0.0,799.399201,
2972,NFCORE_CHIPSEQ:CHIPSEQ:MULTIQC_CUSTOM_PHANTOMPEAKQUALTOOLS,1700965601000,1700965603000,12,485.0,,4294967296.0,,,0.010699007652151666,0.010699007652151666,0.0,797.414736,
3157,NFCORE_CHIPSEQ:CHIPSEQ:MULTIQC_CUSTOM_PHANTOMPEAKQUALTOOLS,1700965612000,1700965614000,12,488.3,,4294967296.0,,,0.010767078628834168,0.010767078628834168,0.0,797.414736,
2128,NFCORE_CHIPSEQ:CHIPSEQ:MULTIQC_CUSTOM_PHANTOMPEAKQUALTOOLS,1700965622000,1700965624000,12,541.8,,4294967296.0,,,0.011870653553838331,0.011870653553838331,0.0,797.414736,
3232,NFCORE_CHIPSEQ:CHIPSEQ:MULTIQC_CUSTOM_PHANTOMPEAKQUALTOOLS,1700965632000,1700965634000,12,607.3,,4294967296.0,,,0.013221759303142499,0.013221759303142499,0.0,797.414736,
2667,NFCORE_CHIPSEQ:CHIPSEQ:MULTIQC_CUSTOM_PHANTOMPEAKQUALTOOLS,1700965642000,1700965644000,12,531.3,,4294967296.0,,,0.011654064082575832,0.011654064082575832,0.0,797.414736,
3377,NFCORE_CHIPSEQ:CHIPSEQ:DEEPTOOLS_PLOTPROFILE,1700965604000,1700965645000,1,99.8,,5420089344.0,,,0.0601723639488274,0.0601723639488274,0.0,797.414736,
3375,NFCORE_CHIPSEQ:CHIPSEQ:DEEPTOOLS_PLOTPROFILE,1700965601000,1700965648000,1,94.9,,5420089344.0,,,0.06660281121137136,0.06660281121137136,0.0,797.414736,
2668,NFCORE_CHIPSEQ:CHIPSEQ:MULTIQC_CUSTOM_PHANTOMPEAKQUALTOOLS,1700965652000,1700965654000,12,521.7,,4294967296.0,,,0.011456039423135835,0.011456039423135835,0.0,797.414736,
3379,NFCORE_CHIPSEQ:CHIPSEQ:DEEPTOOLS_PLOTPROFILE,1700965693000,1700965739000,1,99.9,,5420089344.0,,,0.06755790052130937,0.06755790052130937,0.0,797.414736,
3376,NFCORE_CHIPSEQ:CHIPSEQ:DEEPTOOLS_PLOTHEATMAP,1700965604000,1700965800000,1,99.8,,7430209536.0,,,0.4486629616079585,0.4486629616079585,0.0,798.548716,
3374,NFCORE_CHIPSEQ:CHIPSEQ:DEEPTOOLS_PLOTHEATMAP,1700965601000,1700965800000,1,99.7,,7430209536.0,,,0.5022796723042181,0.5022796723042181,0.0,798.548716,
3378,NFCORE_CHIPSEQ:CHIPSEQ:DEEPTOOLS_PLOTHEATMAP,1700965693000,1700965800000,1,100.2,,7430209536.0,,,0.5010193382125997,0.5010193382125997,0.0,798.548716,
3261,NFCORE_CHIPSEQ:CHIPSEQ:DEEPTOOLS_COMPUTEMATRIX,1700965612000,1700965800000,9,669.0,,5673844736.0,,,7.560231415630389,7.560231415630389,0.0,799.399201,
2560,NFCORE_CHIPSEQ:CHIPSEQ:DEEPTOOLS_COMPUTEMATRIX,1700965547000,1700965800000,9,695.5,,5673844736.0,,,8.405998040613799,8.405998040613799,0.0,799.399201,
2259,NFCORE_CHIPSEQ:CHIPSEQ:DEEPTOOLS_COMPUTEMATRIX,1700965662000,1700965800000,9,674.4,,5673844736.0,,,7.5218433283396395,7.5218433283396395,0.0,799.399201,
1976,NFCORE_CHIPSEQ:CHIPSEQ:DEEPTOOLS_COMPUTEMATRIX,1700965702000,1700965800000,9,676.9,,5673844736.0,,,7.706869967933811,7.706869967933811,0.0,801.5821125,
3381,NFCORE_CHIPSEQ:CHIPSEQ:DEEPTOOLS_PLOTPROFILE,1700965822000,1700965875000,1,97.3,,5420089344.0,,,0.07663455244633209,0.07663455244633209,0.0,799.682696,
3382,NFCORE_CHIPSEQ:CHIPSEQ:DEEPTOOLS_PLOTPROFILE,1700965856000,1700965912000,1,95.3,,5420089344.0,,,0.07981392806299596,0.07981392806299596,0.0,799.682696,
3385,NFCORE_CHIPSEQ:CHIPSEQ:DEEPTOOLS_PLOTPROFILE,1700965876000,1700965921000,1,99.7,,5420089344.0,,,0.0661841295977664,0.0661841295977664,0.0,799.682696,
3386,NFCORE_CHIPSEQ:CHIPSEQ:DEEPTOOLS_PLOTPROFILE,1700965928000,1700965974000,1,100.1,,5420089344.0,,,0.06784520140821622,0.06784520140821622,0.0,799.682696,
3388,NFCORE_CHIPSEQ:CHIPSEQ:DEEPTOOLS_PLOTPROFILE,1700966008000,1700966054000,1,98.4,,5420089344.0,,,0.0670363695647047,0.0670363695647047,0.0,799.682696,
3390,NFCORE_CHIPSEQ:CHIPSEQ:DEEPTOOLS_PLOTPROFILE,1700966034000,1700966079000,1,98.0,,5420089344.0,,,0.06539288105520079,0.06539288105520079,0.0,799.682696,
3392,NFCORE_CHIPSEQ:CHIPSEQ:DEEPTOOLS_PLOTPROFILE,1700966035000,1700966094000,1,90.4,,5420089344.0,,,0.08109947873660409,0.08109947873660409,0.0,799.682696,
3383,NFCORE_CHIPSEQ:CHIPSEQ:DEEPTOOLS_PLOTHEATMAP,1700965856000,1700966100000,1,99.7,,7430209536.0,,,0.5358771762559781,0.5358771762559781,0.0,799.682696,
3384,NFCORE_CHIPSEQ:CHIPSEQ:DEEPTOOLS_PLOTHEATMAP,1700965876000,1700966100000,1,100.0,,7430209536.0,,,0.5090680672442656,0.5090680672442656,0.0,799.682696,
3380,NFCORE_CHIPSEQ:CHIPSEQ:DEEPTOOLS_PLOTHEATMAP,1700965822000,1700966100000,1,100.0,,7430209536.0,,,0.6351074279446143,0.6351074279446143,0.0,799.682696,
2645,NFCORE_CHIPSEQ:CHIPSEQ:DEEPTOOLS_PLOTFINGERPRINT,1700966044000,1700966100000,8,620.8,,4294967296.0,,,1.27263103606832,1.27263103606832,0.0,799.682696,
3387,NFCORE_CHIPSEQ:CHIPSEQ:DEEPTOOLS_PLOTHEATMAP,1700965928000,1700966100000,1,100.0,,7430209536.0,,,0.4976099435442338,0.4976099435442338,0.0,799.682696,
3389,NFCORE_CHIPSEQ:CHIPSEQ:DEEPTOOLS_PLOTHEATMAP,1700966008000,1700966100000,1,99.8,,7430209536.0,,,0.503520306720061,0.503520306720061,0.0,799.682696,
3391,NFCORE_CHIPSEQ:CHIPSEQ:DEEPTOOLS_PLOTHEATMAP,1700966034000,1700966100000,1,100.0,,7430209536.0,,,0.5401686887157802,0.5401686887157802,0.0,799.682696,
3393,NFCORE_CHIPSEQ:CHIPSEQ:DEEPTOOLS_PLOTHEATMAP,1700966035000,1700966100000,1,98.6,,7430209536.0,,,0.5645932681842729,0.5645932681842729,0.0,799.682696,
1917,NFCORE_CHIPSEQ:CHIPSEQ:DEEPTOOLS_COMPUTEMATRIX,1700965821000,1700966100000,9,706.2,,5673844736.0,,,7.527308005451764,7.527308005451764,0.0,801.7238600000001,
2827,NFCORE_CHIPSEQ:CHIPSEQ:DEEPTOOLS_COMPUTEMATRIX,1700965855000,1700966100000,9,653.7,,5673844736.0,,,7.488437040770195,7.488437040770195,0.0,801.7238600000001,
2870,NFCORE_CHIPSEQ:CHIPSEQ:DEEPTOOLS_COMPUTEMATRIX,1700965876000,1700966100000,9,666.6,,5673844736.0,,,7.738471124919102,7.738471124919102,0.0,801.7238600000001,
2434,NFCORE_CHIPSEQ:CHIPSEQ:DEEPTOOLS_COMPUTEMATRIX,1700965933000,1700966100000,9,686.6,,5673844736.0,,,7.730314046774906,7.730314046774906,0.0,801.7238600000001,
2420,NFCORE_CHIPSEQ:CHIPSEQ:DEEPTOOLS_COMPUTEMATRIX,1700966033000,1700966100000,9,710.0,,5673844736.0,,,8.284741230837998,8.284741230837998,0.0,801.15687,
2903,NFCORE_CHIPSEQ:CHIPSEQ:DEEPTOOLS_COMPUTEMATRIX,1700966012000,1700966100000,9,692.9,,5673844736.0,,,8.257136712261246,8.257136712261246,0.0,801.15687,
2881,NFCORE_CHIPSEQ:CHIPSEQ:MULTIQC_CUSTOM_PHANTOMPEAKQUALTOOLS,1700966107000,1700966109000,12,615.1,,4294967296.0,,,0.013420716495760416,0.013420716495760416,0.0,799.682696,
3159,NFCORE_CHIPSEQ:CHIPSEQ:MULTIQC_CUSTOM_PHANTOMPEAKQUALTOOLS,1700966118000,1700966124000,12,795.7,,4294967296.0,,,0.05146995237256376,0.05146995237256376,0.0,799.682696,
3337,NFCORE_CHIPSEQ:CHIPSEQ:MULTIQC_CUSTOM_PHANTOMPEAKQUALTOOLS,1700966128000,1700966134000,12,750.3,,4294967296.0,,,0.04865248697393792,0.04865248697393792,0.0,799.682696,
3272,NFCORE_CHIPSEQ:CHIPSEQ:MULTIQC_CUSTOM_PHANTOMPEAKQUALTOOLS,1700966138000,1700966144000,12,612.3,,4294967296.0,,,0.04008838510146291,0.04008838510146291,0.0,799.682696,
3395,NFCORE_CHIPSEQ:CHIPSEQ:DEEPTOOLS_PLOTPROFILE,1700966110000,1700966157000,1,100.1,,5420089344.0,,,0.06932009709100352,0.06932009709100352,0.0,799.682696,
3396,NFCORE_CHIPSEQ:CHIPSEQ:DEEPTOOLS_PLOTPROFILE,1700966169000,1700966215000,1,91.2,,5420089344.0,,,0.0636107288157147,0.0636107288157147,0.0,799.682696,
3398,NFCORE_CHIPSEQ:CHIPSEQ:DEEPTOOLS_PLOTPROFILE,1700966174000,1700966219000,1,95.1,,5420089344.0,,,0.06404310412964766,0.06404310412964766,0.0,799.682696,
3400,NFCORE_CHIPSEQ:CHIPSEQ:DEEPTOOLS_PLOTPROFILE,1700966214000,1700966259000,1,94.5,,5420089344.0,,,0.0637638399381539,0.0637638399381539,0.0,799.682696,
3403,NFCORE_CHIPSEQ:CHIPSEQ:DEEPTOOLS_PLOTPROFILE,1700966220000,1700966264000,1,99.9,,5420089344.0,,,0.06480439060245104,0.06480439060245104,0.0,799.682696,
3180,NFCORE_CHIPSEQ:CHIPSEQ:MULTIQC_CUSTOM_PHANTOMPEAKQUALTOOLS,1700966295000,1700966297000,12,363.5,,4294967296.0,,,0.008216059415773195,0.008216059415773195,0.0,799.682696,
3093,NFCORE_CHIPSEQ:CHIPSEQ:DEEPTOOLS_PLOTFINGERPRINT,1700966172000,1700966302000,8,642.6,,4294967296.0,,,0.9093232198018403,0.9093232198018403,0.0,799.682696,
3266,NFCORE_CHIPSEQ:CHIPSEQ:MULTIQC_CUSTOM_PHANTOMPEAKQUALTOOLS,1700966306000,1700966309000,12,413.8,,4294967296.0,,,0.01388486566056375,0.01388486566056375,0.0,799.682696,
3267,NFCORE_CHIPSEQ:CHIPSEQ:MULTIQC_CUSTOM_PHANTOMPEAKQUALTOOLS,1700966316000,1700966319000,12,459.6,,4294967296.0,,,0.015306010101720832,0.015306010101720832,0.0,799.682696,
2834,NFCORE_CHIPSEQ:CHIPSEQ:MULTIQC_CUSTOM_PHANTOMPEAKQUALTOOLS,1700966327000,1700966329000,12,471.4,,4294967296.0,,,0.010448104324082498,0.010448104324082498,0.0,799.682696,
2835,NFCORE_CHIPSEQ:CHIPSEQ:MULTIQC_CUSTOM_PHANTOMPEAKQUALTOOLS,1700966336000,1700966338000,12,687.0,,4294967296.0,,,0.014908056893419721,0.014908056893419721,0.0,799.682696,
3405,NFCORE_CHIPSEQ:CHIPSEQ:DEEPTOOLS_PLOTPROFILE,1700966298000,1700966344000,1,100.0,,5420089344.0,,,0.06779762306448024,0.06779762306448024,0.0,799.682696,
2099,NFCORE_CHIPSEQ:CHIPSEQ:DEEPTOOLS_PLOTFINGERPRINT,1700966221000,1700966359000,8,552.7,,4294967296.0,,,0.8369627787337287,0.8369627787337287,0.0,799.682696,
3407,NFCORE_CHIPSEQ:CHIPSEQ:DEEPTOOLS_PLOTPROFILE,1700966337000,1700966387000,1,99.6,,5420089344.0,,,0.07348620618427865,0.07348620618427865,0.0,799.682696,
2293,NFCORE_CHIPSEQ:CHIPSEQ:DEEPTOOLS_PLOTFINGERPRINT,1700966241000,1700966399000,8,639.4,,4294967296.0,,,1.0999479711954843,1.0999479711954843,0.0,799.682696,
3409,NFCORE_CHIPSEQ:CHIPSEQ:DEEPTOOLS_PLOTPROFILE,1700966351000,1700966400000,1,95.0,,5420089344.0,,,0.07537372633732883,0.07537372633732883,0.0,799.682696,
3394,NFCORE_CHIPSEQ:CHIPSEQ:DEEPTOOLS_PLOTHEATMAP,1700966111000,1700966400000,1,99.1,,7430209536.0,,,0.5126832924907421,0.5126832924907421,0.0,799.682696,
2351,NFCORE_CHIPSEQ:CHIPSEQ:DEEPTOOLS_PLOTFINGERPRINT,1700966336000,1700966400000,8,580.9,,4294967296.0,,,0.6547322313481101,0.6547322313481101,0.0,799.682696,
2658,NFCORE_CHIPSEQ:CHIPSEQ:DEEPTOOLS_PLOTFINGERPRINT,1700966350000,1700966400000,8,566.3,,4294967296.0,,,0.5709164953186703,0.5709164953186703,0.0,799.682696,
3399,NFCORE_CHIPSEQ:CHIPSEQ:DEEPTOOLS_PLOTHEATMAP,1700966174000,1700966400000,1,99.1,,7430209536.0,,,0.44758065217445747,0.44758065217445747,0.0,799.682696,
3397,NFCORE_CHIPSEQ:CHIPSEQ:DEEPTOOLS_PLOTHEATMAP,1700966169000,1700966400000,1,100.2,,7430209536.0,,,0.4933219748172121,0.4933219748172121,0.0,799.682696,
3401,NFCORE_CHIPSEQ:CHIPSEQ:DEEPTOOLS_PLOTHEATMAP,1700966214000,1700966400000,1,99.8,,7430209536.0,,,0.4266844157595322,0.4266844157595322,0.0,799.682696,
2225,NFCORE_CHIPSEQ:CHIPSEQ:DEEPTOOLS_PLOTFINGERPRINT,1700966362000,1700966400000,8,559.4,,4294967296.0,,,0.8710630120804463,0.8710630120804463,0.0,799.682696,
3402,NFCORE_CHIPSEQ:CHIPSEQ:DEEPTOOLS_PLOTHEATMAP,1700966220000,1700966400000,1,100.0,,7430209536.0,,,0.46487244725842897,0.46487244725842897,0.0,799.682696,
3404,NFCORE_CHIPSEQ:CHIPSEQ:DEEPTOOLS_PLOTHEATMAP,1700966298000,1700966400000,1,99.7,,7430209536.0,,,0.46562498546632236,0.46562498546632236,0.0,799.682696,
3408,NFCORE_CHIPSEQ:CHIPSEQ:DEEPTOOLS_PLOTHEATMAP,1700966351000,1700966400000,1,100.1,,7430209536.0,,,0.5536132846253794,0.5536132846253794,0.0,799.682696,
3406,NFCORE_CHIPSEQ:CHIPSEQ:DEEPTOOLS_PLOTHEATMAP,1700966337000,1700966400000,1,100.0,,7430209536.0,,,0.608992636168357,0.608992636168357,0.0,801.7238600000001,
2469,NFCORE_CHIPSEQ:CHIPSEQ:DEEPTOOLS_COMPUTEMATRIX,1700966160000,1700966400000,9,675.1,,5673844736.0,,,7.880235673673492,7.880235673673492,0.0,801.15687,
2670,NFCORE_CHIPSEQ:CHIPSEQ:DEEPTOOLS_COMPUTEMATRIX,1700966148000,1700966400000,9,673.1,,5673844736.0,,,8.207466052472114,8.207466052472114,0.0,801.15687,
3121,NFCORE_CHIPSEQ:CHIPSEQ:DEEPTOOLS_COMPUTEMATRIX,1700966210000,1700966400000,9,705.0,,5673844736.0,,,8.355567738528366,8.355567738528366,0.0,801.15687,
2864,NFCORE_CHIPSEQ:CHIPSEQ:DEEPTOOLS_COMPUTEMATRIX,1700966306000,1700966400000,9,684.1,,5673844736.0,,,7.685811608802089,7.685811608802089,0.0,800.873375,
2372,NFCORE_CHIPSEQ:CHIPSEQ:DEEPTOOLS_COMPUTEMATRIX,1700966346000,1700966400000,9,711.1,,5673844736.0,,,8.135291206919142,8.135291206919142,0.0,800.873375,
3411,NFCORE_CHIPSEQ:CHIPSEQ:DEEPTOOLS_PLOTPROFILE,1700966407000,1700966444000,1,100.0,,5420089344.0,,,0.05453287072577759,0.05453287072577759,0.0,799.682696,
2650,NFCORE_CHIPSEQ:CHIPSEQ:MULTIQC_CUSTOM_PHANTOMPEAKQUALTOOLS,1700966462000,1700966465000,12,493.4,,4294967296.0,,,0.016354802287552914,0.016354802287552914,0.0,799.682696,
3413,NFCORE_CHIPSEQ:CHIPSEQ:DEEPTOOLS_PLOTPROFILE,1700966456000,1700966507000,1,100.0,,5420089344.0,,,0.07516692991931505,0.07516692991931505,0.0,799.682696,
3414,NFCORE_CHIPSEQ:CHIPSEQ:DEEPTOOLS_PLOTPROFILE,1700966460000,1700966514000,1,99.7,,5420089344.0,,,0.07942095551731967,0.07942095551731967,0.0,799.682696,
3417,NFCORE_CHIPSEQ:CHIPSEQ:DEEPTOOLS_PLOTPROFILE,1700966482000,1700966517000,1,98.7,,5420089344.0,,,0.05111453610558569,0.05111453610558569,0.0,799.682696,
3418,NFCORE_CHIPSEQ:CHIPSEQ:DEEPTOOLS_PLOTPROFILE,1700966518000,1700966556000,1,99.3,,5420089344.0,,,0.055731605152532185,0.055731605152532185,0.0,799.682696,
2969,NFCORE_CHIPSEQ:CHIPSEQ:DEEPTOOLS_PLOTFINGERPRINT,1700966462000,1700966599000,8,604.0,,4294967296.0,,,0.9035903001075682,0.9035903001075682,0.0,799.682696,
2932,NFCORE_CHIPSEQ:CHIPSEQ:DEEPTOOLS_PLOTFINGERPRINT,1700966482000,1700966609000,8,596.7,,4294967296.0,,,0.8280456988629126,0.8280456988629126,0.0,799.682696,
2728,NFCORE_CHIPSEQ:CHIPSEQ:MULTIQC_CUSTOM_PHANTOMPEAKQUALTOOLS,1700966612000,1700966614000,12,707.8,,4294967296.0,,,0.015338330610684164,0.015338330610684164,0.0,799.682696,
2729,NFCORE_CHIPSEQ:CHIPSEQ:MULTIQC_CUSTOM_PHANTOMPEAKQUALTOOLS,1700966650000,1700966652000,12,717.1,,4294967296.0,,,0.01553071260926875,0.01553071260926875,0.0,799.682696,
3178,NFCORE_CHIPSEQ:CHIPSEQ:MULTIQC_CUSTOM_PHANTOMPEAKQUALTOOLS,1700966660000,1700966664000,12,612.6,,4294967296.0,,,0.026738001809486107,0.026738001809486107,0.0,799.682696,
2104,NFCORE_CHIPSEQ:CHIPSEQ:DEEPTOOLS_PLOTFINGERPRINT,1700966526000,1700966668000,8,626.2,,4294967296.0,,,0.9691736941113024,0.9691736941113024,0.0,799.682696,
3298,NFCORE_CHIPSEQ:CHIPSEQ:MULTIQC_CUSTOM_PHANTOMPEAKQUALTOOLS,1700966670000,1700966672000,12,717.5,,4294967296.0,,,0.01553898710383153,0.01553898710383153,0.0,799.682696,
3421,NFCORE_CHIPSEQ:CHIPSEQ:DEEPTOOLS_PLOTPROFILE,1700966643000,1700966684000,1,89.2,,5420089344.0,,,0.05584838346914794,0.05584838346914794,0.0,799.682696,
3422,NFCORE_CHIPSEQ:CHIPSEQ:DEEPTOOLS_PLOTPROFILE,1700966651000,1700966699000,1,95.7,,5420089344.0,,,0.0686105262092175,0.0686105262092175,0.0,799.682696,
3410,NFCORE_CHIPSEQ:CHIPSEQ:DEEPTOOLS_PLOTHEATMAP,1700966407000,1700966700000,1,99.6,,7430209536.0,,,0.5144957040208734,0.5144957040208734,0.0,801.7238600000001,
3425,NFCORE_CHIPSEQ:CHIPSEQ:DEEPTOOLS_PLOTPROFILE,1700966677000,1700966700000,1,98.8,,5420089344.0,,,0.06886718708941261,0.06886718708941261,0.0,801.7238600000001,
2791,NFCORE_CHIPSEQ:CHIPSEQ:DEEPTOOLS_PLOTFINGERPRINT,1700966621000,1700966700000,8,631.9,,4294967296.0,,,0.8344548445513398,0.8344548445513398,0.0,801.7238600000001,
3416,NFCORE_CHIPSEQ:CHIPSEQ:DEEPTOOLS_PLOTHEATMAP,1700966482000,1700966700000,1,99.8,,7430209536.0,,,0.4484042486600338,0.4484042486600338,0.0,801.7238600000001,
2809,NFCORE_CHIPSEQ:CHIPSEQ:DEEPTOOLS_PLOTFINGERPRINT,1700966680000,1700966700000,8,595.9,,4294967296.0,,,0.6865614735859751,0.6865614735859751,0.0,801.7238600000001,
3419,NFCORE_CHIPSEQ:CHIPSEQ:DEEPTOOLS_PLOTHEATMAP,1700966518000,1700966700000,1,99.8,,7430209536.0,,,0.44706153773317026,0.44706153773317026,0.0,801.7238600000001,
3415,NFCORE_CHIPSEQ:CHIPSEQ:DEEPTOOLS_PLOTHEATMAP,1700966460000,1700966700000,1,99.8,,7430209536.0,,,0.5615981180262224,0.5615981180262224,0.0,801.7238600000001,
2910,NFCORE_CHIPSEQ:CHIPSEQ:DEEPTOOLS_PLOTFINGERPRINT,1700966671000,1700966700000,8,646.4,,4294967296.0,,,0.9746195415396667,0.9746195415396667,0.0,801.7238600000001,
3412,NFCORE_CHIPSEQ:CHIPSEQ:DEEPTOOLS_PLOTHEATMAP,1700966456000,1700966700000,1,100.1,,7430209536.0,,,0.5790933162151181,0.5790933162151181,0.0,801.7238600000001,
3423,NFCORE_CHIPSEQ:CHIPSEQ:DEEPTOOLS_PLOTHEATMAP,1700966651000,1700966700000,1,99.7,,7430209536.0,,,0.4971513151984661,0.4971513151984661,0.0,801.7238600000001,
3420,NFCORE_CHIPSEQ:CHIPSEQ:DEEPTOOLS_PLOTHEATMAP,1700966643000,1700966700000,1,100.0,,7430209536.0,,,0.5342237599376177,0.5342237599376177,0.0,801.7238600000001,
3424,NFCORE_CHIPSEQ:CHIPSEQ:DEEPTOOLS_PLOTHEATMAP,1700966677000,1700966700000,1,100.1,,7430209536.0,,,0.5348326079468058,0.5348326079468058,0.0,801.15687,
2455,NFCORE_CHIPSEQ:CHIPSEQ:DEEPTOOLS_COMPUTEMATRIX,1700966406000,1700966700000,9,687.2,,5673844736.0,,,7.628453787144786,7.628453787144786,0.0,800.873375,
2687,NFCORE_CHIPSEQ:CHIPSEQ:DEEPTOOLS_COMPUTEMATRIX,1700966442000,1700966700000,9,671.8,,5673844736.0,,,7.928054693928075,7.928054693928075,0.0,800.873375,
2681,NFCORE_CHIPSEQ:CHIPSEQ:DEEPTOOLS_COMPUTEMATRIX,1700966472000,1700966700000,9,693.0,,5673844736.0,,,8.201144528141576,8.201144528141576,0.0,800.873375,
2564,NFCORE_CHIPSEQ:CHIPSEQ:DEEPTOOLS_COMPUTEMATRIX,1700966406000,1700966700000,9,698.3,,5673844736.0,,,8.813291335517174,8.813291335517174,0.0,800.873375,
2688,NFCORE_CHIPSEQ:CHIPSEQ:DEEPTOOLS_COMPUTEMATRIX,1700966453000,1700966700000,9,733.3,,5673844736.0,,,8.850469860644996,8.850469860644996,0.0,800.873375,
2889,NFCORE_CHIPSEQ:CHIPSEQ:DEEPTOOLS_COMPUTEMATRIX,1700966506000,1700966700000,9,706.8,,5673844736.0,,,8.743239642755817,8.743239642755817,0.0,799.5976475,
2625,NFCORE_CHIPSEQ:CHIPSEQ:DEEPTOOLS_COMPUTEMATRIX,1700966640000,1700966700000,9,705.2,,5673844736.0,,,7.817165893478584,7.817165893478584,0.0,799.5976475,
3110,NFCORE_CHIPSEQ:CHIPSEQ:DEEPTOOLS_COMPUTEMATRIX,1700966601000,1700966700000,9,686.1,,5673844736.0,,,8.01832214684488,8.01832214684488,0.0,799.5976475,
2749,NFCORE_CHIPSEQ:CHIPSEQ:DEEPTOOLS_COMPUTEMATRIX,1700966680000,1700966700000,9,679.2,,5673844736.0,,,7.754776203805878,7.754776203805878,0.0,799.5976475,
3179,NFCORE_CHIPSEQ:CHIPSEQ:MULTIQC_CUSTOM_PHANTOMPEAKQUALTOOLS,1700966741000,1700966744000,12,488.9,,4294967296.0,,,0.01629794757792417,0.01629794757792417,0.0,803.765024,
3426,NFCORE_CHIPSEQ:CHIPSEQ:DEEPTOOLS_PLOTPROFILE,1700966737000,1700966784000,1,96.0,,5420089344.0,,,0.06767067804525272,0.06767067804525272,0.0,803.765024,
2689,NFCORE_CHIPSEQ:CHIPSEQ:MULTIQC_CUSTOM_PHANTOMPEAKQUALTOOLS,1700966797000,1700966799000,12,390.2,,4294967296.0,,,0.008813143945621112,0.008813143945621112,0.0,803.765024,
1972,NFCORE_CHIPSEQ:CHIPSEQ:MULTIQC_CUSTOM_PHANTOMPEAKQUALTOOLS,1700966807000,1700966809000,12,390.8,,4294967296.0,,,0.008825619048597778,0.008825619048597778,0.0,803.765024,
1993,NFCORE_CHIPSEQ:CHIPSEQ:MULTIQC_CUSTOM_PHANTOMPEAKQUALTOOLS,1700966817000,1700966819000,12,481.9,,4294967296.0,,,0.010719755517221666,0.010719755517221666,0.0,803.765024,
3140,NFCORE_CHIPSEQ:CHIPSEQ:MULTIQC_CUSTOM_PHANTOMPEAKQUALTOOLS,1700966827000,1700966829000,12,421.3,,4294967296.0,,,0.009459770116578333,0.009459770116578333,0.0,803.765024,
3429,NFCORE_CHIPSEQ:CHIPSEQ:DEEPTOOLS_PLOTPROFILE,1700966792000,1700966828000,1,95.0,,5420089344.0,,,0.051458606690042506,0.051458606690042506,0.0,803.765024,
3113,NFCORE_CHIPSEQ:CHIPSEQ:MULTIQC_CUSTOM_PHANTOMPEAKQUALTOOLS,1700966837000,1700966839000,12,542.4,,4294967296.0,,,0.011977661734035557,0.011977661734035557,0.0,803.765024,
2815,NFCORE_CHIPSEQ:CHIPSEQ:MULTIQC_CUSTOM_PHANTOMPEAKQUALTOOLS,1700966894000,1700966899000,12,429.3,,4294967296.0,,,0.024065262057334724,0.024065262057334724,0.0,803.765024,
3430,NFCORE_CHIPSEQ:CHIPSEQ:DEEPTOOLS_PLOTPROFILE,1700966893000,1700966939000,1,90.7,,5420089344.0,,,0.06369635129662266,0.06369635129662266,0.0,803.765024,
2021,NFCORE_CHIPSEQ:CHIPSEQ:DEEPTOOLS_PLOTFINGERPRINT,1700966797000,1700966973000,8,638.4,,4294967296.0,,,1.2296836825065958,1.2296836825065958,0.0,803.765024,
3433,NFCORE_CHIPSEQ:CHIPSEQ:DEEPTOOLS_PLOTPROFILE,1700966929000,1700966976000,1,91.1,,5420089344.0,,,0.06527649786564745,0.06527649786564745,0.0,803.765024,
3435,NFCORE_CHIPSEQ:CHIPSEQ:DEEPTOOLS_PLOTPROFILE,1700966957000,1700967000000,1,97.2,,5420089344.0,,,0.06389444060965672,0.06389444060965672,0.0,802.177452,
3428,NFCORE_CHIPSEQ:CHIPSEQ:DEEPTOOLS_PLOTHEATMAP,1700966792000,1700967000000,1,100.0,,7430209536.0,,,0.4438094058307555,0.4438094058307555,0.0,802.177452,
3427,NFCORE_CHIPSEQ:CHIPSEQ:DEEPTOOLS_PLOTHEATMAP,1700966737000,1700967000000,1,100.0,,7430209536.0,,,0.5523231573453171,0.5523231573453171,0.0,802.177452,
3431,NFCORE_CHIPSEQ:CHIPSEQ:DEEPTOOLS_PLOTHEATMAP,1700966893000,1700967000000,1,100.0,,7430209536.0,,,0.5185346444459124,0.5185346444459124,0.0,802.177452,
3434,NFCORE_CHIPSEQ:CHIPSEQ:DEEPTOOLS_PLOTHEATMAP,1700966957000,1700967000000,1,99.5,,7430209536.0,,,0.42173559500567337,0.42173559500567337,0.0,802.177452,
3432,NFCORE_CHIPSEQ:CHIPSEQ:DEEPTOOLS_PLOTHEATMAP,1700966930000,1700967000000,1,99.0,,7430209536.0,,,0.6306339241075619,0.6306339241075619,0.0,801.383666,
2831,NFCORE_CHIPSEQ:CHIPSEQ:DEEPTOOLS_COMPUTEMATRIX,1700966747000,1700967000000,9,674.7,,5673844736.0,,,7.6593670644459255,7.6593670644459255,0.0,799.852793,
3227,NFCORE_CHIPSEQ:CHIPSEQ:DEEPTOOLS_COMPUTEMATRIX,1700966745000,1700967000000,9,712.9,,5673844736.0,,,8.785782832216128,8.785782832216128,0.0,799.852793,
2618,NFCORE_CHIPSEQ:CHIPSEQ:DEEPTOOLS_COMPUTEMATRIX,1700966847000,1700967000000,9,687.7,,5673844736.0,,,7.868264993567868,7.868264993567868,0.0,799.852793,
2860,NFCORE_CHIPSEQ:CHIPSEQ:DEEPTOOLS_COMPUTEMATRIX,1700966905000,1700967000000,9,694.9,,5673844736.0,,,7.652007286836492,7.652007286836492,0.0,793.8710485,
2862,NFCORE_CHIPSEQ:CHIPSEQ:DEEPTOOLS_COMPUTEMATRIX,1700966957000,1700967000000,9,680.7,,5673844736.0,,,7.5046964937403455,7.5046964937403455,0.0,793.8710485,
3114,NFCORE_CHIPSEQ:CHIPSEQ:DEEPTOOLS_COMPUTEMATRIX,1700966817000,1700967000000,9,695.6,,5673844736.0,,,8.766201931562975,8.766201931562975,0.0,793.8710485,
2861,NFCORE_CHIPSEQ:CHIPSEQ:DEEPTOOLS_COMPUTEMATRIX,1700966929000,1700967000000,9,710.0,,5673844736.0,,,8.181305130015403,8.181305130015403,0.0,793.8710485,
3168,NFCORE_CHIPSEQ:CHIPSEQ:DEEPTOOLS_COMPUTEMATRIX,1700966978000,1700967000000,9,688.7,,5673844736.0,,,8.249296168567366,8.249296168567366,0.0,793.8710485,
3436,NFCORE_CHIPSEQ:CHIPSEQ:DEEPTOOLS_PLOTPROFILE,1700967099000,1700967159000,1,93.0,,5420089344.0,,,0.08418296407326563,0.08418296407326563,0.0,800.58988,
3438,NFCORE_CHIPSEQ:CHIPSEQ:DEEPTOOLS_PLOTPROFILE,1700967110000,1700967162000,1,92.2,,5420089344.0,,,0.07252780703084133,0.07252780703084133,0.0,800.58988,
3440,NFCORE_CHIPSEQ:CHIPSEQ:DEEPTOOLS_PLOTPROFILE,1700967221000,1700967277000,1,100.0,,5420089344.0,,,0.08262986835302014,0.08262986835302014,0.0,800.58988,
3443,NFCORE_CHIPSEQ:CHIPSEQ:DEEPTOOLS_PLOTPROFILE,1700967256000,1700967299000,1,100.1,,5420089344.0,,,0.06349246049072198,0.06349246049072198,0.0,800.58988,
3445,NFCORE_CHIPSEQ:CHIPSEQ:DEEPTOOLS_PLOTPROFILE,1700967292000,1700967300000,1,96.4,,5420089344.0,,,0.060406747680690105,0.060406747680690105,0.0,800.58988,
3437,NFCORE_CHIPSEQ:CHIPSEQ:DEEPTOOLS_PLOTHEATMAP,1700967099000,1700967300000,1,98.7,,7430209536.0,,,0.5282128887203255,0.5282128887203255,0.0,800.58988,
3439,NFCORE_CHIPSEQ:CHIPSEQ:DEEPTOOLS_PLOTHEATMAP,1700967110000,1700967300000,1,99.0,,7430209536.0,,,0.5520197631185921,0.5520197631185921,0.0,800.58988,
3441,NFCORE_CHIPSEQ:CHIPSEQ:DEEPTOOLS_PLOTHEATMAP,1700967221000,1700967300000,1,100.0,,7430209536.0,,,0.5833884973404034,0.5833884973404034,0.0,800.58988,
3442,NFCORE_CHIPSEQ:CHIPSEQ:DEEPTOOLS_PLOTHEATMAP,1700967256000,1700967300000,1,99.4,,7430209536.0,,,0.623446451836571,0.623446451836571,0.0,799.4558999999999,
3444,NFCORE_CHIPSEQ:CHIPSEQ:DEEPTOOLS_PLOTHEATMAP,1700967292000,1700967300000,1,100.0,,7430209536.0,,,0.5995065613086841,0.5995065613086841,0.0,799.4558999999999,
2534,NFCORE_CHIPSEQ:CHIPSEQ:DEEPTOOLS_COMPUTEMATRIX,1700967106000,1700967300000,9,691.5,,5673844736.0,,,8.279659876862658,8.279659876862658,0.0,793.672602,
2533,NFCORE_CHIPSEQ:CHIPSEQ:DEEPTOOLS_COMPUTEMATRIX,1700967096000,1700967300000,9,702.4,,5673844736.0,,,8.563344364777924,8.563344364777924,0.0,790.780953,
2535,NFCORE_CHIPSEQ:CHIPSEQ:DEEPTOOLS_COMPUTEMATRIX,1700967223000,1700967300000,9,679.2,,5673844736.0,,,7.640643220553368,7.640643220553368,0.0,790.780953,
2796,NFCORE_CHIPSEQ:CHIPSEQ:DEEPTOOLS_COMPUTEMATRIX,1700967255000,1700967300000,9,692.5,,5673844736.0,,,7.897354990038204,7.897354990038204,0.0,790.780953,
2797,NFCORE_CHIPSEQ:CHIPSEQ:DEEPTOOLS_COMPUTEMATRIX,1700967291000,1700967300000,9,694.7,,5673844736.0,,,8.029549385249629,8.029549385249629,0.0,790.780953,
3447,NFCORE_CHIPSEQ:CHIPSEQ:DEEPTOOLS_PLOTPROFILE,1700967330000,1700967379000,1,100.1,,5420089344.0,,,0.0723518735824506,0.0723518735824506,0.0,800.58988,
2885,NFCORE_CHIPSEQ:CHIPSEQ:MULTIQC_CUSTOM_PHANTOMPEAKQUALTOOLS,1700967415000,1700967419000,12,661.2,,4294967296.0,,,0.028781317379038895,0.028781317379038895,0.0,800.58988,
2945,NFCORE_CHIPSEQ:CHIPSEQ:MULTIQC_CUSTOM_PHANTOMPEAKQUALTOOLS,1700967425000,1700967429000,12,772.1,,4294967296.0,,,0.033374729613798615,0.033374729613798615,0.0,800.58988,
3448,NFCORE_CHIPSEQ:CHIPSEQ:DEEPTOOLS_PLOTPROFILE,1700967389000,1700967434000,1,96.3,,5420089344.0,,,0.0646749185393086,0.0646749185393086,0.0,800.58988,
3450,NFCORE_CHIPSEQ:CHIPSEQ:DEEPTOOLS_PLOTPROFILE,1700967414000,1700967469000,1,99.1,,5420089344.0,,,0.08064176982812023,0.08064176982812023,0.0,800.58988,
2845,NFCORE_CHIPSEQ:CHIPSEQ:DEEPTOOLS_PLOTFINGERPRINT,1700967330000,1700967484000,8,598.7,,4294967296.0,,,1.0084152710326675,1.0084152710326675,0.0,800.58988,
2971,NFCORE_CHIPSEQ:CHIPSEQ:MULTIQC_CUSTOM_PHANTOMPEAKQUALTOOLS,1700967512000,1700967514000,12,419.7,,4294967296.0,,,0.009389265295946527,0.009389265295946527,0.0,800.58988,
3115,NFCORE_CHIPSEQ:CHIPSEQ:MULTIQC_CUSTOM_PHANTOMPEAKQUALTOOLS,1700967548000,1700967554000,12,498.1,,4294967296.0,,,0.033038718149406246,0.033038718149406246,0.0,800.58988,
2868,NFCORE_CHIPSEQ:CHIPSEQ:MULTIQC_CUSTOM_PHANTOMPEAKQUALTOOLS,1700967558000,1700967560000,12,927.9,,4294967296.0,,,0.01991393661111736,0.01991393661111736,0.0,800.58988,
3324,NFCORE_CHIPSEQ:CHIPSEQ:MULTIQC_CUSTOM_PHANTOMPEAKQUALTOOLS,1700967558000,1700967564000,12,390.0,,4294967296.0,,,0.026322561306608337,0.026322561306608337,0.0,800.58988,
3103,NFCORE_CHIPSEQ:CHIPSEQ:MULTIQC_CUSTOM_PHANTOMPEAKQUALTOOLS,1700967568000,1700967570000,12,889.5,,4294967296.0,,,0.019118683996984027,0.019118683996984027,0.0,800.58988,
2633,NFCORE_CHIPSEQ:CHIPSEQ:MULTIQC_CUSTOM_PHANTOMPEAKQUALTOOLS,1700967568000,1700967574000,12,516.6,,4294967296.0,,,0.03418810669327083,0.03418810669327083,0.0,800.58988,
3452,NFCORE_CHIPSEQ:CHIPSEQ:DEEPTOOLS_PLOTPROFILE,1700967519000,1700967576000,1,99.0,,5420089344.0,,,0.08351517516691485,0.08351517516691485,0.0,800.58988,
2081,NFCORE_CHIPSEQ:CHIPSEQ:MULTIQC_CUSTOM_PHANTOMPEAKQUALTOOLS,1700967578000,1700967582000,12,956.1,,4294967296.0,,,0.04099590049924306,0.04099590049924306,0.0,800.58988,
3456,NFCORE_CHIPSEQ:CHIPSEQ:DEEPTOOLS_PLOTPROFILE,1700967556000,1700967590000,1,99.5,,5420089344.0,,,0.04999210187749983,0.04999210187749983,0.0,800.58988,
3459,NFCORE_CHIPSEQ:CHIPSEQ:DEEPTOOLS_PLOTPROFILE,1700967557000,1700967589000,1,99.3,,5420089344.0,,,0.046985118951175006,0.046985118951175006,0.0,800.58988,
3454,NFCORE_CHIPSEQ:CHIPSEQ:DEEPTOOLS_PLOTPROFILE,1700967549000,1700967594000,1,99.6,,5420089344.0,,,0.06621261402366797,0.06621261402366797,0.0,800.58988,
3446,NFCORE_CHIPSEQ:CHIPSEQ:DEEPTOOLS_PLOTHEATMAP,1700967330000,1700967600000,1,100.0,,7430209536.0,,,0.49801660898306493,0.49801660898306493,0.0,799.4558999999999,
3449,NFCORE_CHIPSEQ:CHIPSEQ:DEEPTOOLS_PLOTHEATMAP,1700967389000,1700967600000,1,99.7,,7430209536.0,,,0.4462384240907655,0.4462384240907655,0.0,799.4558999999999,
3451,NFCORE_CHIPSEQ:CHIPSEQ:DEEPTOOLS_PLOTHEATMAP,1700967414000,1700967600000,1,100.0,,7430209536.0,,,0.424092631266792,0.424092631266792,0.0,799.4558999999999,
2447,NFCORE_CHIPSEQ:CHIPSEQ:DEEPTOOLS_PLOTFINGERPRINT,1700967588000,1700967600000,8,571.5,,4294967296.0,,,0.9125300905147762,0.9125300905147762,0.0,799.4558999999999,
2642,NFCORE_CHIPSEQ:CHIPSEQ:DEEPTOOLS_PLOTFINGERPRINT,1700967578000,1700967600000,8,565.0,,4294967296.0,,,0.9709024432193625,0.9709024432193625,0.0,799.4558999999999,
3455,NFCORE_CHIPSEQ:CHIPSEQ:DEEPTOOLS_PLOTHEATMAP,1700967549000,1700967600000,1,99.8,,7430209536.0,,,0.44414707610117277,0.44414707610117277,0.0,799.4558999999999,
3458,NFCORE_CHIPSEQ:CHIPSEQ:DEEPTOOLS_PLOTHEATMAP,1700967557000,1700967600000,1,99.8,,7430209536.0,,,0.4669583252730269,0.4669583252730269,0.0,799.4558999999999,
3457,NFCORE_CHIPSEQ:CHIPSEQ:DEEPTOOLS_PLOTHEATMAP,1700967556000,1700967600000,1,100.0,,7430209536.0,,,0.5231128802424326,0.5231128802424326,0.0,799.4558999999999,
3453,NFCORE_CHIPSEQ:CHIPSEQ:DEEPTOOLS_PLOTHEATMAP,1700967519000,1700967600000,1,99.9,,7430209536.0,,,0.6127721197014359,0.6127721197014359,0.0,799.4558999999999,
2874,NFCORE_CHIPSEQ:CHIPSEQ:DEEPTOOLS_COMPUTEMATRIX,1700967392000,1700967600000,9,679.2,,5673844736.0,,,7.458307267173325,7.458307267173325,0.0,790.780953,
2960,NFCORE_CHIPSEQ:CHIPSEQ:DEEPTOOLS_COMPUTEMATRIX,1700967435000,1700967600000,9,671.1,,5673844736.0,,,7.449988773510293,7.449988773510293,0.0,790.780953,
2814,NFCORE_CHIPSEQ:CHIPSEQ:DEEPTOOLS_COMPUTEMATRIX,1700967486000,1700967600000,9,672.4,,5673844736.0,,,7.5670995601285655,7.5670995601285655,0.0,789.3351285,
2611,NFCORE_CHIPSEQ:CHIPSEQ:DEEPTOOLS_COMPUTEMATRIX,1700967523000,1700967600000,9,678.3,,5673844736.0,,,7.853318016471774,7.853318016471774,0.0,789.3351285,
3030,NFCORE_CHIPSEQ:CHIPSEQ:DEEPTOOLS_COMPUTEMATRIX,1700967588000,1700967600000,9,692.2,,5673844736.0,,,8.59706128526357,8.59706128526357,0.0,789.3351285,
3188,NFCORE_CHIPSEQ:CHIPSEQ:MULTIQC_CUSTOM_PHANTOMPEAKQUALTOOLS,1700967652000,1700967655000,12,618.3,,4294967296.0,,,0.02019594377423333,0.02019594377423333,0.0,798.32192,
2937,NFCORE_CHIPSEQ:CHIPSEQ:MULTIQC_CUSTOM_PHANTOMPEAKQUALTOOLS,1700967663000,1700967667000,12,407.8,,4294967296.0,,,0.018233838969866665,0.018233838969866665,0.0,798.32192,
3000,NFCORE_CHIPSEQ:CHIPSEQ:MULTIQC_CUSTOM_PHANTOMPEAKQUALTOOLS,1700967672000,1700967674000,12,406.5,,4294967296.0,,,0.009090073138422222,0.009090073138422222,0.0,798.32192,
3460,NFCORE_CHIPSEQ:CHIPSEQ:DEEPTOOLS_PLOTPROFILE,1700967632000,1700967678000,1,96.9,,5420089344.0,,,0.06620983673241666,0.06620983673241666,0.0,798.32192,
3462,NFCORE_CHIPSEQ:CHIPSEQ:DEEPTOOLS_PLOTPROFILE,1700967653000,1700967694000,1,99.3,,5420089344.0,,,0.060029146308724995,0.060029146308724995,0.0,798.32192,
3464,NFCORE_CHIPSEQ:CHIPSEQ:DEEPTOOLS_PLOTPROFILE,1700967662000,1700967702000,1,99.9,,5420089344.0,,,0.058812833218333346,0.058812833218333346,0.0,798.32192,
2799,NFCORE_CHIPSEQ:CHIPSEQ:MULTIQC_CUSTOM_PHANTOMPEAKQUALTOOLS,1700967747000,1700967749000,12,711.1,,4294967296.0,,,0.015380378636333333,0.015380378636333333,0.0,798.32192,
2730,NFCORE_CHIPSEQ:CHIPSEQ:MULTIQC_CUSTOM_PHANTOMPEAKQUALTOOLS,1700967757000,1700967759000,12,683.5,,4294967296.0,,,0.014810410048866665,0.014810410048866665,0.0,798.32192,
3466,NFCORE_CHIPSEQ:CHIPSEQ:DEEPTOOLS_PLOTPROFILE,1700967717000,1700967764000,1,99.8,,5420089344.0,,,0.06905654909746389,0.06905654909746389,0.0,798.32192,
3220,NFCORE_CHIPSEQ:CHIPSEQ:MULTIQC_CUSTOM_PHANTOMPEAKQUALTOOLS,1700967767000,1700967774000,12,504.6,,4294967296.0,,,0.03890578911877778,0.03890578911877778,0.0,798.32192,
3224,NFCORE_CHIPSEQ:CHIPSEQ:MULTIQC_CUSTOM_PHANTOMPEAKQUALTOOLS,1700967777000,1700967779000,12,786.1,,4294967296.0,,,0.016929206319666663,0.016929206319666663,0.0,798.32192,
2812,NFCORE_CHIPSEQ:CHIPSEQ:DEEPTOOLS_PLOTFINGERPRINT,1700967682000,1700967804000,8,552.8,,4294967296.0,,,0.7387905000353777,0.7387905000353777,0.0,798.32192,
3172,NFCORE_CHIPSEQ:CHIPSEQ:MULTIQC_CUSTOM_PHANTOMPEAKQUALTOOLS,1700967806000,1700967809000,12,638.3,,4294967296.0,,,0.020815474847566667,0.020815474847566667,0.0,798.32192,
3469,NFCORE_CHIPSEQ:CHIPSEQ:DEEPTOOLS_PLOTPROFILE,1700967782000,1700967829000,1,100.2,,5420089344.0,,,0.06925066883377501,0.06925066883377501,0.0,798.32192,
3052,NFCORE_CHIPSEQ:CHIPSEQ:DEEPTOOLS_PLOTFINGERPRINT,1700967817000,1700967900000,8,555.5,,4294967296.0,,,0.588990246197635,0.588990246197635,0.0,793.1056120000001,
3461,NFCORE_CHIPSEQ:CHIPSEQ:DEEPTOOLS_PLOTHEATMAP,1700967632000,1700967900000,1,99.7,,7430209536.0,,,0.45964128437636204,0.45964128437636204,0.0,793.1056120000001,
3465,NFCORE_CHIPSEQ:CHIPSEQ:DEEPTOOLS_PLOTHEATMAP,1700967662000,1700967900000,1,99.4,,7430209536.0,,,0.4131447295928205,0.4131447295928205,0.0,793.1056120000001,
3471,NFCORE_CHIPSEQ:CHIPSEQ:DEEPTOOLS_PLOTPROFILE,1700967867000,1700967900000,1,99.9,,5420089344.0,,,0.07318939638387734,0.07318939638387734,0.0,793.1056120000001,
3463,NFCORE_CHIPSEQ:CHIPSEQ:DEEPTOOLS_PLOTHEATMAP,1700967653000,1700967900000,1,100.0,,7430209536.0,,,0.43264931776055204,0.43264931776055204,0.0,793.1056120000001,
3473,NFCORE_CHIPSEQ:CHIPSEQ:DEEPTOOLS_PLOTPROFILE,1700967886000,1700967900000,1,96.7,,5420089344.0,,,0.07544327378353335,0.07544327378353335,0.0,793.1056120000001,
2230,NFCORE_CHIPSEQ:CHIPSEQ:DEEPTOOLS_PLOTFINGERPRINT,1700967778000,1700967900000,8,615.2,,4294967296.0,,,1.2472036230129864,1.2472036230129864,0.0,793.1056120000001,
2417,NFCORE_CHIPSEQ:CHIPSEQ:DEEPTOOLS_PLOTFINGERPRINT,1700967888000,1700967900000,8,614.1,,4294967296.0,,,0.9648249807669146,0.9648249807669146,0.0,793.1056120000001,
3078,NFCORE_CHIPSEQ:CHIPSEQ:DEEPTOOLS_PLOTFINGERPRINT,1700967868000,1700967900000,8,548.1,,4294967296.0,,,1.016307398347692,1.016307398347692,0.0,793.1056120000001,
3467,NFCORE_CHIPSEQ:CHIPSEQ:DEEPTOOLS_PLOTHEATMAP,1700967717000,1700967900000,1,100.1,,7430209536.0,,,0.5332216411716069,0.5332216411716069,0.0,793.1056120000001,
3468,NFCORE_CHIPSEQ:CHIPSEQ:DEEPTOOLS_PLOTHEATMAP,1700967782000,1700967900000,1,99.2,,7430209536.0,,,0.5576926095431575,0.5576926095431575,0.0,793.1056120000001,
3470,NFCORE_CHIPSEQ:CHIPSEQ:DEEPTOOLS_PLOTHEATMAP,1700967867000,1700967900000,1,99.8,,7430209536.0,,,0.46619516844097675,0.46619516844097675,0.0,793.1056120000001,
3472,NFCORE_CHIPSEQ:CHIPSEQ:DEEPTOOLS_PLOTHEATMAP,1700967886000,1700967900000,1,100.1,,7430209536.0,,,0.46990154224977276,0.46990154224977276,0.0,793.1056120000001,
3104,NFCORE_CHIPSEQ:CHIPSEQ:DEEPTOOLS_COMPUTEMATRIX,1700967662000,1700967900000,9,686.9,,5673844736.0,,,7.521461063967103,7.521461063967103,0.0,789.193381,
2813,NFCORE_CHIPSEQ:CHIPSEQ:DEEPTOOLS_COMPUTEMATRIX,1700967717000,1700967900000,9,668.8,,5673844736.0,,,7.628050876544074,7.628050876544074,0.0,789.193381,
3031,NFCORE_CHIPSEQ:CHIPSEQ:DEEPTOOLS_COMPUTEMATRIX,1700967631000,1700967900000,9,708.5,,5673844736.0,,,8.721259735621498,8.721259735621498,0.0,789.193381,
3187,NFCORE_CHIPSEQ:CHIPSEQ:DEEPTOOLS_COMPUTEMATRIX,1700967787000,1700967900000,9,681.1,,5673844736.0,,,7.27951094525157,7.27951094525157,0.0,789.193381,
2753,NFCORE_CHIPSEQ:CHIPSEQ:DEEPTOOLS_COMPUTEMATRIX,1700967737000,1700967900000,9,704.8,,5673844736.0,,,8.46133633917692,8.46133633917692,0.0,788.3145465,
3475,NFCORE_CHIPSEQ:CHIPSEQ:DEEPTOOLS_PLOTPROFILE,1700967912000,1700967961000,1,99.9,,5420089344.0,,,0.07110421411522734,0.07110421411522734,0.0,787.889304,
3116,NFCORE_CHIPSEQ:CHIPSEQ:MULTIQC_CUSTOM_PHANTOMPEAKQUALTOOLS,1700967981000,1700967983000,12,694.1,,4294967296.0,,,0.014832905258993754,0.014832905258993754,0.0,787.889304,
2938,NFCORE_CHIPSEQ:CHIPSEQ:MULTIQC_CUSTOM_PHANTOMPEAKQUALTOOLS,1700967991000,1700967994000,12,831.7,,4294967296.0,,,0.02645603019743063,0.02645603019743063,0.0,787.889304,
3213,NFCORE_CHIPSEQ:CHIPSEQ:MULTIQC_CUSTOM_PHANTOMPEAKQUALTOOLS,1700968001000,1700968004000,12,785.2,,4294967296.0,,,0.025034443988377505,0.025034443988377505,0.0,787.889304,
3477,NFCORE_CHIPSEQ:CHIPSEQ:DEEPTOOLS_PLOTPROFILE,1700967962000,1700968009000,1,98.2,,5420089344.0,,,0.06738777378091204,0.06738777378091204,0.0,787.889304,
3479,NFCORE_CHIPSEQ:CHIPSEQ:DEEPTOOLS_PLOTPROFILE,1700967967000,1700968009000,1,98.3,,5420089344.0,,,0.06026166212156344,0.06026166212156344,0.0,787.889304,
2388,NFCORE_CHIPSEQ:CHIPSEQ:MULTIQC_CUSTOM_PHANTOMPEAKQUALTOOLS,1700968011000,1700968014000,12,840.2,,4294967296.0,,,0.02671589004209626,0.02671589004209626,0.0,787.889304,
3480,NFCORE_CHIPSEQ:CHIPSEQ:DEEPTOOLS_PLOTPROFILE,1700967982000,1700968024000,1,97.6,,5420089344.0,,,0.05996205900653719,0.05996205900653719,0.0,787.889304,
3344,NFCORE_CHIPSEQ:CHIPSEQ:MULTIQC_CUSTOM_PHANTOMPEAKQUALTOOLS,1700968041000,1700968044000,12,466.2,,4294967296.0,,,0.015282056876808753,0.015282056876808753,0.0,787.889304,
2800,NFCORE_CHIPSEQ:CHIPSEQ:MULTIQC_CUSTOM_PHANTOMPEAKQUALTOOLS,1700968051000,1700968054000,12,503.9,,4294967296.0,,,0.016434611717266876,0.016434611717266876,0.0,787.889304,
3122,NFCORE_CHIPSEQ:CHIPSEQ:DEEPTOOLS_PLOTFINGERPRINT,1700967919000,1700968059000,8,593.3,,4294967296.0,,,0.8944938729169626,0.8944938729169626,0.0,787.889304,
3293,NFCORE_CHIPSEQ:CHIPSEQ:MULTIQC_CUSTOM_PHANTOMPEAKQUALTOOLS,1700968061000,1700968064000,12,407.2,,4294967296.0,,,0.013478323837364999,0.013478323837364999,0.0,787.889304,
3309,NFCORE_CHIPSEQ:CHIPSEQ:MULTIQC_CUSTOM_PHANTOMPEAKQUALTOOLS,1700968061000,1700968063000,12,678.5,,4294967296.0,,,0.014514959096108749,0.014514959096108749,0.0,787.889304,
2928,NFCORE_CHIPSEQ:CHIPSEQ:DEEPTOOLS_PLOTFINGERPRINT,1700967909000,1700968123000,8,652.2,,4294967296.0,,,1.4957459888621827,1.4957459888621827,0.0,787.889304,
3483,NFCORE_CHIPSEQ:CHIPSEQ:DEEPTOOLS_PLOTPROFILE,1700968072000,1700968124000,1,96.5,,5420089344.0,,,0.07365583842375686,0.07365583842375686,0.0,787.889304,
2725,NFCORE_CHIPSEQ:CHIPSEQ:DEEPTOOLS_PLOTFINGERPRINT,1700968021000,1700968149000,8,620.5,,4294967296.0,,,0.85330250031576,0.85330250031576,0.0,787.889304,
3474,NFCORE_CHIPSEQ:CHIPSEQ:DEEPTOOLS_PLOTHEATMAP,1700967912000,1700968200000,1,100.0,,7430209536.0,,,0.48220772216348473,0.48220772216348473,0.0,787.889304,
3481,NFCORE_CHIPSEQ:CHIPSEQ:DEEPTOOLS_PLOTHEATMAP,1700967982000,1700968200000,1,99.8,,7430209536.0,,,0.40428488181663347,0.40428488181663347,0.0,787.889304,
3476,NFCORE_CHIPSEQ:CHIPSEQ:DEEPTOOLS_PLOTHEATMAP,1700967962000,1700968200000,1,99.8,,7430209536.0,,,0.4413309068436556,0.4413309068436556,0.0,787.889304,
3478,NFCORE_CHIPSEQ:CHIPSEQ:DEEPTOOLS_PLOTHEATMAP,1700967967000,1700968200000,1,100.1,,7430209536.0,,,0.571268885891747,0.571268885891747,0.0,787.889304,
3482,NFCORE_CHIPSEQ:CHIPSEQ:DEEPTOOLS_PLOTHEATMAP,1700968072000,1700968200000,1,100.1,,7430209536.0,,,0.5147874988685517,0.5147874988685517,0.0,787.889304,
2893,NFCORE_CHIPSEQ:CHIPSEQ:DEEPTOOLS_COMPUTEMATRIX,1700967972000,1700968200000,9,664.1,,5673844736.0,,,6.188197609014036,6.188197609014036,0.0,787.662508,
2856,NFCORE_CHIPSEQ:CHIPSEQ:DEEPTOOLS_COMPUTEMATRIX,1700967961000,1700968200000,9,676.7,,5673844736.0,,,7.106240564896603,7.106240564896603,0.0,787.662508,
3260,NFCORE_CHIPSEQ:CHIPSEQ:DEEPTOOLS_COMPUTEMATRIX,1700968071000,1700968200000,9,658.9,,5673844736.0,,,6.457583425890212,6.457583425890212,0.0,787.662508,
3153,NFCORE_CHIPSEQ:CHIPSEQ:DEEPTOOLS_COMPUTEMATRIX,1700968126000,1700968200000,9,653.7,,5673844736.0,,,6.395396812449741,6.395396812449741,0.0,787.662508,
2172,NFCORE_CHIPSEQ:CHIPSEQ:DEEPTOOLS_COMPUTEMATRIX,1700967971000,1700968200000,9,721.3,,5673844736.0,,,8.434785704724353,8.434785704724353,0.0,787.662508,
2643,NFCORE_CHIPSEQ:CHIPSEQ:DEEPTOOLS_COMPUTEMATRIX,1700968071000,1700968200000,9,688.0,,5673844736.0,,,8.194394575773204,8.194394575773204,0.0,787.5491099999999,
2509,NFCORE_CHIPSEQ:CHIPSEQ:DEEPTOOLS_COMPUTEMATRIX,1700968071000,1700968200000,9,702.7,,5673844736.0,,,8.564311647355469,8.564311647355469,0.0,787.5491099999999,
3290,NFCORE_CHIPSEQ:CHIPSEQ:DEEPTOOLS_COMPUTEMATRIX,1700968042000,1700968200000,9,691.3,,5673844736.0,,,8.65108857982619,8.65108857982619,0.0,787.5491099999999,
2879,NFCORE_CHIPSEQ:CHIPSEQ:DEEPTOOLS_COMPUTEMATRIX,1700968151000,1700968200000,9,700.8,,5673844736.0,,,8.291696409809209,8.291696409809209,0.0,787.5491099999999,
3305,NFCORE_CHIPSEQ:CHIPSEQ:MULTIQC_CUSTOM_PHANTOMPEAKQUALTOOLS,1700968202000,1700968210000,12,779.4,,4294967296.0,,,0.06628567429087001,0.06628567429087001,0.0,787.889304,
3333,NFCORE_CHIPSEQ:CHIPSEQ:MULTIQC_CUSTOM_PHANTOMPEAKQUALTOOLS,1700968222000,1700968224000,12,423.4,,4294967296.0,,,0.0093157240863675,0.0093157240863675,0.0,787.889304,
2854,NFCORE_CHIPSEQ:CHIPSEQ:MULTIQC_CUSTOM_PHANTOMPEAKQUALTOOLS,1700968232000,1700968233000,12,516.9,,4294967296.0,,,0.005610681473624375,0.005610681473624375,0.0,787.889304,
3320,NFCORE_CHIPSEQ:CHIPSEQ:MULTIQC_CUSTOM_PHANTOMPEAKQUALTOOLS,1700968242000,1700968243000,12,419.2,,4294967296.0,,,0.00461506159818,0.00461506159818,0.0,787.889304,
3484,NFCORE_CHIPSEQ:CHIPSEQ:DEEPTOOLS_PLOTPROFILE,1700968201000,1700968244000,1,90.4,,5420089344.0,,,0.05823472284641642,0.05823472284641642,0.0,787.889304,
2211,NFCORE_CHIPSEQ:CHIPSEQ:MULTIQC_CUSTOM_PHANTOMPEAKQUALTOOLS,1700968262000,1700968264000,12,482.5,,4294967296.0,,,0.01052025089575875,0.01052025089575875,0.0,787.889304,
3486,NFCORE_CHIPSEQ:CHIPSEQ:DEEPTOOLS_PLOTPROFILE,1700968211000,1700968269000,1,95.5,,5420089344.0,,,0.08156353524677595,0.08156353524677595,0.0,787.889304,
2589,NFCORE_CHIPSEQ:CHIPSEQ:MULTIQC_CUSTOM_PHANTOMPEAKQUALTOOLS,1700968272000,1700968274000,12,484.3,,4294967296.0,,,0.01055693699147625,0.01055693699147625,0.0,787.889304,
3237,NFCORE_CHIPSEQ:CHIPSEQ:MULTIQC_CUSTOM_PHANTOMPEAKQUALTOOLS,1700968299000,1700968301000,12,779.0,,4294967296.0,,,0.0165632661070025,0.0165632661070025,0.0,787.889304,
3489,NFCORE_CHIPSEQ:CHIPSEQ:DEEPTOOLS_PLOTPROFILE,1700968251000,1700968309000,1,96.1,,5420089344.0,,,0.08191816750537843,0.08191816750537843,0.0,787.889304,
3491,NFCORE_CHIPSEQ:CHIPSEQ:DEEPTOOLS_PLOTPROFILE,1700968301000,1700968353000,1,95.8,,5420089344.0,,,0.07328490123372437,0.07328490123372437,0.0,787.889304,
3492,NFCORE_CHIPSEQ:CHIPSEQ:DEEPTOOLS_PLOTPROFILE,1700968351000,1700968388000,1,99.0,,5420089344.0,,,0.05335159080366235,0.05335159080366235,0.0,787.889304,
3494,NFCORE_CHIPSEQ:CHIPSEQ:DEEPTOOLS_PLOTPROFILE,1700968401000,1700968441000,1,85.9,,5420089344.0,,,0.052337530420093765,0.052337530420093765,0.0,787.889304,
3497,NFCORE_CHIPSEQ:CHIPSEQ:DEEPTOOLS_PLOTPROFILE,1700968451000,1700968494000,1,86.4,,5420089344.0,,,0.05648194271769143,0.05648194271769143,0.0,787.889304,
3487,NFCORE_CHIPSEQ:CHIPSEQ:DEEPTOOLS_PLOTHEATMAP,1700968211000,1700968500000,1,100.0,,7430209536.0,,,0.4676931084528782,0.4676931084528782,0.0,787.889304,
3485,NFCORE_CHIPSEQ:CHIPSEQ:DEEPTOOLS_PLOTHEATMAP,1700968201000,1700968500000,1,99.6,,7430209536.0,,,0.5469439321180313,0.5469439321180313,0.0,787.889304,
3488,NFCORE_CHIPSEQ:CHIPSEQ:DEEPTOOLS_PLOTHEATMAP,1700968251000,1700968500000,1,99.3,,7430209536.0,,,0.5041588550592994,0.5041588550592994,0.0,787.889304,
3490,NFCORE_CHIPSEQ:CHIPSEQ:DEEPTOOLS_PLOTHEATMAP,1700968301000,1700968500000,1,99.7,,7430209536.0,,,0.439442007210826,0.439442007210826,0.0,787.889304,
3493,NFCORE_CHIPSEQ:CHIPSEQ:DEEPTOOLS_PLOTHEATMAP,1700968351000,1700968500000,1,99.7,,7430209536.0,,,0.39920006515855255,0.39920006515855255,0.0,787.889304,
3495,NFCORE_CHIPSEQ:CHIPSEQ:DEEPTOOLS_PLOTHEATMAP,1700968401000,1700968500000,1,99.7,,7430209536.0,,,0.3959807097943706,0.3959807097943706,0.0,787.889304,
3496,NFCORE_CHIPSEQ:CHIPSEQ:DEEPTOOLS_PLOTHEATMAP,1700968451000,1700968500000,1,97.9,,7430209536.0,,,0.4280690166084584,0.4280690166084584,0.0,787.889304,
2751,NFCORE_CHIPSEQ:CHIPSEQ:DEEPTOOLS_COMPUTEMATRIX,1700968252000,1700968500000,9,669.6,,5673844736.0,,,6.9332425710538725,6.9332425710538725,0.0,787.5491099999999,
3259,NFCORE_CHIPSEQ:CHIPSEQ:DEEPTOOLS_COMPUTEMATRIX,1700968211000,1700968500000,9,656.5,,5673844736.0,,,7.0989332556036775,7.0989332556036775,0.0,787.5491099999999,
2752,NFCORE_CHIPSEQ:CHIPSEQ:DEEPTOOLS_COMPUTEMATRIX,1700968282000,1700968500000,9,693.7,,5673844736.0,,,8.03921888524578,8.03921888524578,0.0,787.5491099999999,
3499,NFCORE_CHIPSEQ:CHIPSEQ:DEEPTOOLS_PLOTPROFILE,1700968521000,1700968564000,1,86.5,,5420089344.0,,,0.05652576222090954,0.05652576222090954,0.0,787.889304,
3500,NFCORE_CHIPSEQ:CHIPSEQ:DEEPTOOLS_PLOTPROFILE,1700968586000,1700968624000,1,92.5,,5420089344.0,,,0.05227645190074157,0.05227645190074157,0.0,787.889304,
3503,NFCORE_CHIPSEQ:CHIPSEQ:DEEPTOOLS_PLOTPROFILE,1700968671000,1700968709000,1,99.1,,5420089344.0,,,0.05483224990239407,0.05483224990239407,0.0,787.889304,
3504,NFCORE_CHIPSEQ:CHIPSEQ:DEEPTOOLS_PLOTPROFILE,1700968731000,1700968766000,1,99.7,,5420089344.0,,,0.050717390293013295,0.050717390293013295,0.0,787.889304,
3498,NFCORE_CHIPSEQ:CHIPSEQ:DEEPTOOLS_PLOTHEATMAP,1700968521000,1700968784000,1,97.9,,7430209536.0,,,0.41852100880306536,0.41852100880306536,0.0,787.889304,
3507,NFCORE_CHIPSEQ:CHIPSEQ:DEEPTOOLS_PLOTPROFILE,1700968767000,1700968800000,1,99.3,,5420089344.0,,,0.053461378707458596,0.053461378707458596,0.0,787.662508,
3508,NFCORE_CHIPSEQ:CHIPSEQ:DEEPTOOLS_PLOTPROFILE,1700968767000,1700968800000,1,97.7,,5420089344.0,,,0.05285813379188638,0.05285813379188638,0.0,787.662508,
3510,NFCORE_CHIPSEQ:CHIPSEQ:DEEPTOOLS_PLOTPROFILE,1700968771000,1700968800000,1,99.9,,5420089344.0,,,0.04643289890778672,0.04643289890778672,0.0,787.662508,
3501,NFCORE_CHIPSEQ:CHIPSEQ:DEEPTOOLS_PLOTHEATMAP,1700968586000,1700968800000,1,99.9,,7430209536.0,,,0.41578184959600983,0.41578184959600983,0.0,787.662508,
3502,NFCORE_CHIPSEQ:CHIPSEQ:DEEPTOOLS_PLOTHEATMAP,1700968671000,1700968800000,1,97.7,,7430209536.0,,,0.3924482738703329,0.3924482738703329,0.0,787.662508,
3505,NFCORE_CHIPSEQ:CHIPSEQ:DEEPTOOLS_PLOTHEATMAP,1700968731000,1700968800000,1,99.0,,7430209536.0,,,0.4100788093789724,0.4100788093789724,0.0,787.662508,
3509,NFCORE_CHIPSEQ:CHIPSEQ:DEEPTOOLS_PLOTHEATMAP,1700968767000,1700968800000,1,99.9,,7430209536.0,,,0.39789523736338805,0.39789523736338805,0.0,787.662508,
3511,NFCORE_CHIPSEQ:CHIPSEQ:DEEPTOOLS_PLOTHEATMAP,1700968771000,1700968800000,1,98.1,,7430209536.0,,,0.41088010498433797,0.41088010498433797,0.0,787.662508,
3506,NFCORE_CHIPSEQ:CHIPSEQ:DEEPTOOLS_PLOTHEATMAP,1700968767000,1700968800000,1,99.8,,7430209536.0,,,0.43144881406217395,0.43144881406217395,0.0,787.662508,
3513,NFCORE_CHIPSEQ:CHIPSEQ:DEEPTOOLS_PLOTPROFILE,1700968831000,1700968864000,1,99.9,,5420089344.0,,,0.047858943031418744,0.047858943031418744,0.0,787.435712,
3515,NFCORE_CHIPSEQ:CHIPSEQ:DEEPTOOLS_PLOTPROFILE,1700968846000,1700968884000,1,92.9,,5420089344.0,,,0.05240116374716807,0.05240116374716807,0.0,787.435712,
3517,NFCORE_CHIPSEQ:CHIPSEQ:DEEPTOOLS_PLOTPROFILE,1700968931000,1700968964000,1,100.1,,5420089344.0,,,0.04792616215287542,0.04792616215287542,0.0,787.435712,
3518,NFCORE_CHIPSEQ:CHIPSEQ:DEEPTOOLS_PLOTPROFILE,1700968976000,1700969009000,1,99.9,,5420089344.0,,,0.047858943031418744,0.047858943031418744,0.0,787.435712,
3521,NFCORE_CHIPSEQ:CHIPSEQ:DEEPTOOLS_PLOTPROFILE,1700969026000,1700969061000,1,100.0,,5420089344.0,,,0.0507951315371257,0.0507951315371257,0.0,787.435712,
3512,NFCORE_CHIPSEQ:CHIPSEQ:DEEPTOOLS_PLOTHEATMAP,1700968831000,1700969068000,1,98.3,,7430209536.0,,,0.3778946942247808,0.3778946942247808,0.0,787.435712,
3514,NFCORE_CHIPSEQ:CHIPSEQ:DEEPTOOLS_PLOTHEATMAP,1700968846000,1700969087000,1,100.0,,7430209536.0,,,0.3884453416355614,0.3884453416355614,0.0,787.435712,
3523,NFCORE_CHIPSEQ:CHIPSEQ:DEEPTOOLS_PLOTPROFILE,1700969062000,1700969095000,1,96.0,,5420089344.0,,,0.04654817016301375,0.04654817016301375,0.0,787.435712,
3516,NFCORE_CHIPSEQ:CHIPSEQ:DEEPTOOLS_PLOTHEATMAP,1700968931000,1700969100000,1,98.0,,7430209536.0,,,0.40104211545307,0.40104211545307,0.0,787.435712,
3519,NFCORE_CHIPSEQ:CHIPSEQ:DEEPTOOLS_PLOTHEATMAP,1700968976000,1700969100000,1,100.0,,7430209536.0,,,0.3610446328894844,0.3610446328894844,0.0,787.435712,
3520,NFCORE_CHIPSEQ:CHIPSEQ:DEEPTOOLS_PLOTHEATMAP,1700969026000,1700969100000,1,99.9,,7430209536.0,,,0.3994754054721267,0.3994754054721267,0.0,787.435712,
3522,NFCORE_CHIPSEQ:CHIPSEQ:DEEPTOOLS_PLOTHEATMAP,1700969062000,1700969100000,1,100.4,,7430209536.0,,,0.3425666199911122,0.3425666199911122,0.0,787.435712,
3524,NFCORE_CHIPSEQ:CHIPSEQ:DEEPTOOLS_PLOTPROFILE,1700969178000,1700969214000,1,96.6,,5420089344.0,,,0.05099981184805499,0.05099981184805499,0.0,787.435712,
3527,NFCORE_CHIPSEQ:CHIPSEQ:DEEPTOOLS_PLOTPROFILE,1700969207000,1700969244000,1,99.7,,5420089344.0,,,0.05358466014147264,0.05358466014147264,0.0,787.435712,
3528,NFCORE_CHIPSEQ:CHIPSEQ:DEEPTOOLS_PLOTPROFILE,1700969207000,1700969241000,1,99.9,,5420089344.0,,,0.04930921403237083,0.04930921403237083,0.0,787.435712,
3533,NFCORE_CHIPSEQ:CHIPSEQ:DEEPTOOLS_PLOTPROFILE,1700969206000,1700969240000,1,98.8,,5420089344.0,,,0.04892830567744972,0.04892830567744972,0.0,787.435712,
3531,NFCORE_CHIPSEQ:CHIPSEQ:DEEPTOOLS_PLOTPROFILE,1700969212000,1700969246000,1,100.0,,5420089344.0,,,0.049343842064636385,0.049343842064636385,0.0,787.435712,
3535,NFCORE_CHIPSEQ:CHIPSEQ:DEEPTOOLS_PLOTPROFILE,1700969246000,1700969284000,1,96.9,,5420089344.0,,,0.05394924048374584,0.05394924048374584,0.0,787.435712,
3536,NFCORE_CHIPSEQ:CHIPSEQ:DEEPTOOLS_PLOTPROFILE,1700969360000,1700969400000,1,86.6,,5420089344.0,,,0.05790636007417097,0.05790636007417097,0.0,791.5180399999999,
3525,NFCORE_CHIPSEQ:CHIPSEQ:DEEPTOOLS_PLOTHEATMAP,1700969179000,1700969400000,1,100.0,,7430209536.0,,,0.416464404679039,0.416464404679039,0.0,791.5180399999999,
3530,NFCORE_CHIPSEQ:CHIPSEQ:DEEPTOOLS_PLOTHEATMAP,1700969207000,1700969400000,1,98.9,,7430209536.0,,,0.4010967811048697,0.4010967811048697,0.0,791.5180399999999,
3532,NFCORE_CHIPSEQ:CHIPSEQ:DEEPTOOLS_PLOTHEATMAP,1700969206000,1700969400000,1,100.3,,7430209536.0,,,0.41770596071940835,0.41770596071940835,0.0,791.5180399999999,
3529,NFCORE_CHIPSEQ:CHIPSEQ:DEEPTOOLS_PLOTHEATMAP,1700969205000,1700969400000,1,100.0,,7430209536.0,,,0.4266700359658673,0.4266700359658673,0.0,791.5180399999999,
3526,NFCORE_CHIPSEQ:CHIPSEQ:DEEPTOOLS_PLOTHEATMAP,1700969212000,1700969400000,1,99.7,,7430209536.0,,,0.4162253952537596,0.4162253952537596,0.0,791.5180399999999,
3534,NFCORE_CHIPSEQ:CHIPSEQ:DEEPTOOLS_PLOTHEATMAP,1700969250000,1700969400000,1,98.8,,7430209536.0,,,0.3983223996108107,0.3983223996108107,0.0,791.5180399999999,
3537,NFCORE_CHIPSEQ:CHIPSEQ:DEEPTOOLS_PLOTHEATMAP,1700969359000,1700969400000,1,100.0,,7430209536.0,,,0.4227296521247738,0.4227296521247738,0.0,791.5180399999999,
