id,name,start,end,cpu_count,avg_cpu_usage,cpu_model,memory,rapl_timeseries,cpu_usage_timeseries,average_co2e,marginal_co2e,embodied_co2e,avg_ci,ci_timeseries
1,NFCORE_RANGELAND:RANGELAND:PREPROCESSING:FORCE_GENERATE_ANALYSIS_MASK,1722108887000,1722108889000,1,1056.2,,6442450944.0,,,0.009104745800140559,0.009104745800140559,0.0,799.229104,
2,NFCORE_RANGELAND:RANGELAND:PREPROCESSING:FORCE_GENERATE_TILE_ALLOW_LIST,1722108891000,1722108894000,1,1485.5,,6442450944.0,,,0.018571441093204587,0.018571441093204587,0.0,799.229104,
11,NFCORE_RANGELAND:RANGELAND:PREPROCESSING:PREPROCESS_CONFIG,1722108943000,1722108943000,1,110.3,,6442450944.0,,,0.0,0.0,0.0,801.043472,
16,NFCORE_RANGELAND:RANGELAND:PREPROCESSING:PREPROCESS_CONFIG,1722108943000,1722108944000,1,110.3,,6442450944.0,,,0.0009451826224434722,0.0009451826224434722,0.0,801.043472,
33,NFCORE_RANGELAND:RANGELAND:PREPROCESSING:PREPROCESS_CONFIG,1722108944000,1722108944000,1,104.5,,6442450944.0,,,0.0,0.0,0.0,801.043472,
23,NFCORE_RANGELAND:RANGELAND:PREPROCESSING:PREPROCESS_CONFIG,1722108901000,1722108902000,1,71.8,,6442450944.0,,,0.0007979422099469444,0.0007979422099469444,0.0,801.043472,
26,NFCORE_RANGELAND:RANGELAND:PREPROCESSING:PREPROCESS_CONFIG,1722108944000,1722108944000,1,98.2,,6442450944.0,,,0.0,0.0,0.0,801.043472,
40,NFCORE_RANGELAND:RANGELAND:PREPROCESSING:PREPROCESS_CONFIG,1722108944000,1722108944000,1,103.2,,6442450944.0,,,0.0,0.0,0.0,801.043472,
43,NFCORE_RANGELAND:RANGELAND:PREPROCESSING:PREPROCESS_CONFIG,1722108901000,1722108902000,1,82.9,,6442450944.0,,,0.000840393341861528,0.000840393341861528,0.0,801.043472,
50,NFCORE_RANGELAND:RANGELAND:PREPROCESSING:PREPROCESS_CONFIG,1722108944000,1722108945000,1,111.4,,6442450944.0,,,0.0009493894913719446,0.0009493894913719446,0.0,801.043472,
58,NFCORE_RANGELAND:RANGELAND:PREPROCESSING:PREPROCESS_CONFIG,1722108945000,1722108945000,1,109.3,,6442450944.0,,,0.0,0.0,0.0,801.043472,
59,NFCORE_RANGELAND:RANGELAND:PREPROCESSING:PREPROCESS_CONFIG,1722108902000,1722108903000,1,71.0,,6442450944.0,,,0.0007948826689080556,0.0007948826689080556,0.0,801.043472,
67,NFCORE_RANGELAND:RANGELAND:PREPROCESSING:PREPROCESS_CONFIG,1722108945000,1722108945000,1,108.6,,6442450944.0,,,0.0,0.0,0.0,801.043472,
74,NFCORE_RANGELAND:RANGELAND:PREPROCESSING:PREPROCESS_CONFIG,1722108945000,1722108945000,1,106.0,,6442450944.0,,,0.0,0.0,0.0,801.043472,
75,NFCORE_RANGELAND:RANGELAND:PREPROCESSING:PREPROCESS_CONFIG,1722108901000,1722108902000,1,79.2,,6442450944.0,,,0.0008262429645566667,0.0008262429645566667,0.0,801.043472,
82,NFCORE_RANGELAND:RANGELAND:PREPROCESSING:PREPROCESS_CONFIG,1722108945000,1722108946000,1,100.0,,6442450944.0,,,0.000905791031567778,0.000905791031567778,0.0,801.043472,
83,NFCORE_RANGELAND:RANGELAND:PREPROCESSING:PREPROCESS_CONFIG,1722108902000,1722108902000,1,85.1,,6442450944.0,,,0.0,0.0,0.0,801.043472,
90,NFCORE_RANGELAND:RANGELAND:PREPROCESSING:PREPROCESS_CONFIG,1722108946000,1722108946000,1,103.2,,6442450944.0,,,0.0,0.0,0.0,801.043472,
92,NFCORE_RANGELAND:RANGELAND:PREPROCESSING:PREPROCESS_CONFIG,1722108902000,1722108903000,1,82.4,,6442450944.0,,,0.0008384811287122224,0.0008384811287122224,0.0,801.043472,
98,NFCORE_RANGELAND:RANGELAND:PREPROCESSING:PREPROCESS_CONFIG,1722108946000,1722108946000,1,110.7,,6442450944.0,,,0.0,0.0,0.0,801.043472,
100,NFCORE_RANGELAND:RANGELAND:PREPROCESSING:PREPROCESS_CONFIG,1722108902000,1722108902000,1,80.6,,6442450944.0,,,0.0,0.0,0.0,801.043472,
103,NFCORE_RANGELAND:RANGELAND:PREPROCESSING:PREPROCESS_CONFIG,1722108904000,1722108904000,1,88.1,,6442450944.0,,,0.0,0.0,0.0,801.043472,
105,NFCORE_RANGELAND:RANGELAND:PREPROCESSING:PREPROCESS_CONFIG,1722108946000,1722108946000,1,97.0,,6442450944.0,,,0.0,0.0,0.0,801.043472,
107,NFCORE_RANGELAND:RANGELAND:PREPROCESSING:PREPROCESS_CONFIG,1722108903000,1722108903000,1,77.9,,6442450944.0,,,0.0,0.0,0.0,801.043472,
108,NFCORE_RANGELAND:RANGELAND:PREPROCESSING:PREPROCESS_CONFIG,1722108947000,1722108947000,1,101.6,,6442450944.0,,,0.0,0.0,0.0,801.043472,
111,NFCORE_RANGELAND:RANGELAND:PREPROCESSING:PREPROCESS_CONFIG,1722108947000,1722108947000,1,99.0,,6442450944.0,,,0.0,0.0,0.0,801.043472,
113,NFCORE_RANGELAND:RANGELAND:PREPROCESSING:PREPROCESS_CONFIG,1722108947000,1722108947000,1,115.5,,6442450944.0,,,0.0,0.0,0.0,801.043472,
116,NFCORE_RANGELAND:RANGELAND:PREPROCESSING:PREPROCESS_CONFIG,1722108947000,1722108947000,1,105.9,,6442450944.0,,,0.0,0.0,0.0,801.043472,
117,NFCORE_RANGELAND:RANGELAND:PREPROCESSING:PREPROCESS_CONFIG,1722108902000,1722108902000,1,82.4,,6442450944.0,,,0.0,0.0,0.0,801.043472,
121,NFCORE_RANGELAND:RANGELAND:PREPROCESSING:PREPROCESS_CONFIG,1722108903000,1722108904000,1,80.7,,6442450944.0,,,0.0008319796040045834,0.0008319796040045834,0.0,801.043472,
125,NFCORE_RANGELAND:RANGELAND:PREPROCESSING:PREPROCESS_CONFIG,1722108905000,1722108905000,1,74.1,,6442450944.0,,,0.0,0.0,0.0,801.043472,
138,NFCORE_RANGELAND:RANGELAND:PREPROCESSING:PREPROCESS_CONFIG,1722108947000,1722108947000,1,102.0,,6442450944.0,,,0.0,0.0,0.0,801.043472,
140,NFCORE_RANGELAND:RANGELAND:PREPROCESSING:PREPROCESS_CONFIG,1722108948000,1722108948000,1,100.8,,6442450944.0,,,0.0,0.0,0.0,801.043472,
144,NFCORE_RANGELAND:RANGELAND:PREPROCESSING:PREPROCESS_CONFIG,1722108947000,1722108947000,1,100.0,,6442450944.0,,,0.0,0.0,0.0,801.043472,
18,NFCORE_RANGELAND:RANGELAND:PREPROCESSING:PREPROCESS_CONFIG,1722108902000,1722108902000,1,93.9,,6442450944.0,,,0.0,0.0,0.0,801.043472,
31,NFCORE_RANGELAND:RANGELAND:PREPROCESSING:PREPROCESS_CONFIG,1722108905000,1722108906000,1,95.0,,6442450944.0,,,0.0008866689000747223,0.0008866689000747223,0.0,801.043472,
19,NFCORE_RANGELAND:RANGELAND:PREPROCESSING:PREPROCESS_CONFIG,1722108903000,1722108903000,1,87.0,,6442450944.0,,,0.0,0.0,0.0,801.043472,
24,NFCORE_RANGELAND:RANGELAND:PREPROCESSING:PREPROCESS_CONFIG,1722108905000,1722108905000,1,102.6,,6442450944.0,,,0.0,0.0,0.0,801.043472,
4,NFCORE_RANGELAND:RANGELAND:PREPROCESSING:PREPROCESS_CONFIG,1722108902000,1722108902000,1,82.1,,6442450944.0,,,0.0,0.0,0.0,801.043472,
12,NFCORE_RANGELAND:RANGELAND:PREPROCESSING:PREPROCESS_CONFIG,1722108906000,1722108906000,1,101.4,,6442450944.0,,,0.0,0.0,0.0,801.043472,
9,NFCORE_RANGELAND:RANGELAND:PREPROCESSING:PREPROCESS_CONFIG,1722108905000,1722108905000,1,98.5,,6442450944.0,,,0.0,0.0,0.0,801.043472,
17,NFCORE_RANGELAND:RANGELAND:PREPROCESSING:PREPROCESS_CONFIG,1722108903000,1722108904000,1,106.1,,6442450944.0,,,0.0009291200319893056,0.0009291200319893056,0.0,801.043472,
20,NFCORE_RANGELAND:RANGELAND:PREPROCESSING:PREPROCESS_CONFIG,1722108902000,1722108903000,1,72.0,,6442450944.0,,,0.0007987070952066667,0.0007987070952066667,0.0,801.043472,
15,NFCORE_RANGELAND:RANGELAND:PREPROCESSING:PREPROCESS_CONFIG,1722108904000,1722108904000,1,101.7,,6442450944.0,,,0.0,0.0,0.0,801.043472,
32,NFCORE_RANGELAND:RANGELAND:PREPROCESSING:PREPROCESS_CONFIG,1722108906000,1722108906000,1,95.2,,6442450944.0,,,0.0,0.0,0.0,801.043472,
6,NFCORE_RANGELAND:RANGELAND:PREPROCESSING:PREPROCESS_CONFIG,1722108907000,1722108907000,1,101.1,,6442450944.0,,,0.0,0.0,0.0,801.043472,
29,NFCORE_RANGELAND:RANGELAND:PREPROCESSING:PREPROCESS_CONFIG,1722108907000,1722108907000,1,87.7,,6442450944.0,,,0.0,0.0,0.0,801.043472,
13,NFCORE_RANGELAND:RANGELAND:PREPROCESSING:PREPROCESS_CONFIG,1722108904000,1722108904000,1,100.3,,6442450944.0,,,0.0,0.0,0.0,801.043472,
22,NFCORE_RANGELAND:RANGELAND:PREPROCESSING:PREPROCESS_CONFIG,1722108906000,1722108906000,1,106.0,,6442450944.0,,,0.0,0.0,0.0,801.043472,
25,NFCORE_RANGELAND:RANGELAND:PREPROCESSING:PREPROCESS_CONFIG,1722108907000,1722108907000,1,103.5,,6442450944.0,,,0.0,0.0,0.0,801.043472,
34,NFCORE_RANGELAND:RANGELAND:PREPROCESSING:PREPROCESS_CONFIG,1722108907000,1722108907000,1,90.9,,6442450944.0,,,0.0,0.0,0.0,801.043472,
7,NFCORE_RANGELAND:RANGELAND:PREPROCESSING:PREPROCESS_CONFIG,1722108907000,1722108907000,1,98.6,,6442450944.0,,,0.0,0.0,0.0,801.043472,
38,NFCORE_RANGELAND:RANGELAND:PREPROCESSING:PREPROCESS_CONFIG,1722108902000,1722108902000,1,78.2,,6442450944.0,,,0.0,0.0,0.0,801.043472,
35,NFCORE_RANGELAND:RANGELAND:PREPROCESSING:PREPROCESS_CONFIG,1722108907000,1722108907000,1,94.1,,6442450944.0,,,0.0,0.0,0.0,801.043472,
37,NFCORE_RANGELAND:RANGELAND:PREPROCESSING:PREPROCESS_CONFIG,1722108906000,1722108906000,1,99.1,,6442450944.0,,,0.0,0.0,0.0,801.043472,
39,NFCORE_RANGELAND:RANGELAND:PREPROCESSING:PREPROCESS_CONFIG,1722108905000,1722108906000,1,94.7,,6442450944.0,,,0.000885521572185139,0.000885521572185139,0.0,801.043472,
41,NFCORE_RANGELAND:RANGELAND:PREPROCESSING:PREPROCESS_CONFIG,1722108904000,1722108904000,1,100.0,,6442450944.0,,,0.0,0.0,0.0,801.043472,
44,NFCORE_RANGELAND:RANGELAND:PREPROCESSING:PREPROCESS_CONFIG,1722108907000,1722108907000,1,100.3,,6442450944.0,,,0.0,0.0,0.0,801.043472,
45,NFCORE_RANGELAND:RANGELAND:PREPROCESSING:PREPROCESS_CONFIG,1722108905000,1722108906000,1,90.7,,6442450944.0,,,0.0008702238669906946,0.0008702238669906946,0.0,801.043472,
47,NFCORE_RANGELAND:RANGELAND:PREPROCESSING:PREPROCESS_CONFIG,1722108904000,1722108904000,1,100.8,,6442450944.0,,,0.0,0.0,0.0,801.043472,
49,NFCORE_RANGELAND:RANGELAND:PREPROCESSING:PREPROCESS_CONFIG,1722108907000,1722108908000,1,102.0,,6442450944.0,,,0.000913439884165,0.000913439884165,0.0,801.043472,
48,NFCORE_RANGELAND:RANGELAND:PREPROCESSING:PREPROCESS_CONFIG,1722108905000,1722108906000,1,94.1,,6442450944.0,,,0.0008832269164059722,0.0008832269164059722,0.0,801.043472,
52,NFCORE_RANGELAND:RANGELAND:PREPROCESSING:PREPROCESS_CONFIG,1722108908000,1722108908000,1,97.3,,6442450944.0,,,0.0,0.0,0.0,801.043472,
51,NFCORE_RANGELAND:RANGELAND:PREPROCESSING:PREPROCESS_CONFIG,1722108902000,1722108902000,1,62.9,,6442450944.0,,,0.0,0.0,0.0,801.043472,
53,NFCORE_RANGELAND:RANGELAND:PREPROCESSING:PREPROCESS_CONFIG,1722108908000,1722108908000,1,102.0,,6442450944.0,,,0.0,0.0,0.0,801.043472,
54,NFCORE_RANGELAND:RANGELAND:PREPROCESSING:PREPROCESS_CONFIG,1722108906000,1722108906000,1,108.0,,6442450944.0,,,0.0,0.0,0.0,801.043472,
55,NFCORE_RANGELAND:RANGELAND:PREPROCESSING:PREPROCESS_CONFIG,1722108904000,1722108905000,1,108.2,,6442450944.0,,,0.000937151327216389,0.000937151327216389,0.0,801.043472,
56,NFCORE_RANGELAND:RANGELAND:PREPROCESSING:PREPROCESS_CONFIG,1722108905000,1722108905000,1,89.9,,6442450944.0,,,0.0,0.0,0.0,801.043472,
57,NFCORE_RANGELAND:RANGELAND:PREPROCESSING:PREPROCESS_CONFIG,1722108908000,1722108908000,1,103.2,,6442450944.0,,,0.0,0.0,0.0,801.043472,
60,NFCORE_RANGELAND:RANGELAND:PREPROCESSING:PREPROCESS_CONFIG,1722108908000,1722108908000,1,108.5,,6442450944.0,,,0.0,0.0,0.0,801.043472,
61,NFCORE_RANGELAND:RANGELAND:PREPROCESSING:PREPROCESS_CONFIG,1722108908000,1722108908000,1,94.4,,6442450944.0,,,0.0,0.0,0.0,801.043472,
62,NFCORE_RANGELAND:RANGELAND:PREPROCESSING:PREPROCESS_CONFIG,1722108906000,1722108906000,1,92.2,,6442450944.0,,,0.0,0.0,0.0,801.043472,
63,NFCORE_RANGELAND:RANGELAND:PREPROCESSING:PREPROCESS_CONFIG,1722108904000,1722108904000,1,105.2,,6442450944.0,,,0.0,0.0,0.0,801.043472,
64,NFCORE_RANGELAND:RANGELAND:PREPROCESSING:PREPROCESS_CONFIG,1722108907000,1722108907000,1,96.4,,6442450944.0,,,0.0,0.0,0.0,801.043472,
65,NFCORE_RANGELAND:RANGELAND:PREPROCESSING:PREPROCESS_CONFIG,1722108905000,1722108905000,1,101.1,,6442450944.0,,,0.0,0.0,0.0,801.043472,
66,NFCORE_RANGELAND:RANGELAND:PREPROCESSING:PREPROCESS_CONFIG,1722108909000,1722108909000,1,87.9,,6442450944.0,,,0.0,0.0,0.0,801.043472,
68,NFCORE_RANGELAND:RANGELAND:PREPROCESSING:PREPROCESS_CONFIG,1722108903000,1722108903000,1,71.9,,6442450944.0,,,0.0,0.0,0.0,801.043472,
69,NFCORE_RANGELAND:RANGELAND:PREPROCESSING:PREPROCESS_CONFIG,1722108907000,1722108907000,1,94.4,,6442450944.0,,,0.0,0.0,0.0,801.043472,
70,NFCORE_RANGELAND:RANGELAND:PREPROCESSING:PREPROCESS_CONFIG,1722108903000,1722108903000,1,65.2,,6442450944.0,,,0.0,0.0,0.0,801.043472,
71,NFCORE_RANGELAND:RANGELAND:PREPROCESSING:PREPROCESS_CONFIG,1722108908000,1722108908000,1,91.9,,6442450944.0,,,0.0,0.0,0.0,801.043472,
72,NFCORE_RANGELAND:RANGELAND:PREPROCESSING:PREPROCESS_CONFIG,1722108907000,1722108907000,1,85.2,,6442450944.0,,,0.0,0.0,0.0,801.043472,
73,NFCORE_RANGELAND:RANGELAND:PREPROCESSING:PREPROCESS_CONFIG,1722108905000,1722108906000,1,101.6,,6442450944.0,,,0.0009119101136455557,0.0009119101136455557,0.0,801.043472,
76,NFCORE_RANGELAND:RANGELAND:PREPROCESSING:PREPROCESS_CONFIG,1722108908000,1722108908000,1,100.0,,6442450944.0,,,0.0,0.0,0.0,801.043472,
77,NFCORE_RANGELAND:RANGELAND:PREPROCESSING:PREPROCESS_CONFIG,1722108908000,1722108908000,1,102.3,,6442450944.0,,,0.0,0.0,0.0,801.043472,
78,NFCORE_RANGELAND:RANGELAND:PREPROCESSING:PREPROCESS_CONFIG,1722108908000,1722108908000,1,106.4,,6442450944.0,,,0.0,0.0,0.0,801.043472,
79,NFCORE_RANGELAND:RANGELAND:PREPROCESSING:PREPROCESS_CONFIG,1722108905000,1722108906000,1,106.7,,6442450944.0,,,0.0009314146877684724,0.0009314146877684724,0.0,801.043472,
80,NFCORE_RANGELAND:RANGELAND:PREPROCESSING:PREPROCESS_CONFIG,1722108905000,1722108905000,1,92.0,,6442450944.0,,,0.0,0.0,0.0,801.043472,
81,NFCORE_RANGELAND:RANGELAND:PREPROCESSING:PREPROCESS_CONFIG,1722108906000,1722108907000,1,88.9,,6442450944.0,,,0.0008633398996531945,0.0008633398996531945,0.0,801.043472,
84,NFCORE_RANGELAND:RANGELAND:PREPROCESSING:PREPROCESS_CONFIG,1722108906000,1722108907000,1,87.2,,6442450944.0,,,0.0008568383749455557,0.0008568383749455557,0.0,801.043472,
85,NFCORE_RANGELAND:RANGELAND:PREPROCESSING:PREPROCESS_CONFIG,1722108909000,1722108909000,1,86.0,,6442450944.0,,,0.0,0.0,0.0,801.043472,
86,NFCORE_RANGELAND:RANGELAND:PREPROCESSING:PREPROCESS_CONFIG,1722108904000,1722108905000,1,85.2,,6442450944.0,,,0.0008491895223483335,0.0008491895223483335,0.0,801.043472,
87,NFCORE_RANGELAND:RANGELAND:PREPROCESSING:PREPROCESS_CONFIG,1722108906000,1722108906000,1,99.4,,6442450944.0,,,0.0,0.0,0.0,801.043472,
88,NFCORE_RANGELAND:RANGELAND:PREPROCESSING:PREPROCESS_CONFIG,1722108905000,1722108905000,1,95.7,,6442450944.0,,,0.0,0.0,0.0,801.043472,
89,NFCORE_RANGELAND:RANGELAND:PREPROCESSING:PREPROCESS_CONFIG,1722108907000,1722108908000,1,94.6,,6442450944.0,,,0.0008851391295552778,0.0008851391295552778,0.0,801.043472,
91,NFCORE_RANGELAND:RANGELAND:PREPROCESSING:PREPROCESS_CONFIG,1722108909000,1722108909000,1,102.3,,6442450944.0,,,0.0,0.0,0.0,801.043472,
93,NFCORE_RANGELAND:RANGELAND:PREPROCESSING:PREPROCESS_CONFIG,1722108907000,1722108908000,1,102.3,,6442450944.0,,,0.0009145872120545833,0.0009145872120545833,0.0,801.043472,
94,NFCORE_RANGELAND:RANGELAND:PREPROCESSING:PREPROCESS_CONFIG,1722108907000,1722108907000,1,92.2,,6442450944.0,,,0.0,0.0,0.0,801.043472,
95,NFCORE_RANGELAND:RANGELAND:PREPROCESSING:PREPROCESS_CONFIG,1722108906000,1722108906000,1,101.4,,6442450944.0,,,0.0,0.0,0.0,801.043472,
96,NFCORE_RANGELAND:RANGELAND:PREPROCESSING:PREPROCESS_CONFIG,1722108904000,1722108905000,1,81.5,,6442450944.0,,,0.0008350391450434722,0.0008350391450434722,0.0,801.043472,
97,NFCORE_RANGELAND:RANGELAND:PREPROCESSING:PREPROCESS_CONFIG,1722108908000,1722108909000,1,100.3,,6442450944.0,,,0.0009069383594573613,0.0009069383594573613,0.0,801.043472,
99,NFCORE_RANGELAND:RANGELAND:PREPROCESSING:PREPROCESS_CONFIG,1722108909000,1722108909000,1,107.6,,6442450944.0,,,0.0,0.0,0.0,801.043472,
101,NFCORE_RANGELAND:RANGELAND:PREPROCESSING:PREPROCESS_CONFIG,1722108907000,1722108907000,1,97.0,,6442450944.0,,,0.0,0.0,0.0,801.043472,
102,NFCORE_RANGELAND:RANGELAND:PREPROCESSING:PREPROCESS_CONFIG,1722108906000,1722108906000,1,95.8,,6442450944.0,,,0.0,0.0,0.0,801.043472,
106,NFCORE_RANGELAND:RANGELAND:PREPROCESSING:PREPROCESS_CONFIG,1722108907000,1722108908000,1,98.6,,6442450944.0,,,0.0009004368347497224,0.0009004368347497224,0.0,801.043472,
104,NFCORE_RANGELAND:RANGELAND:PREPROCESSING:PREPROCESS_CONFIG,1722108906000,1722108906000,1,100.9,,6442450944.0,,,0.0,0.0,0.0,801.043472,
110,NFCORE_RANGELAND:RANGELAND:PREPROCESSING:PREPROCESS_CONFIG,1722108907000,1722108907000,1,72.2,,6442450944.0,,,0.0,0.0,0.0,801.043472,
109,NFCORE_RANGELAND:RANGELAND:PREPROCESSING:PREPROCESS_CONFIG,1722108909000,1722108909000,1,107.0,,6442450944.0,,,0.0,0.0,0.0,801.043472,
112,NFCORE_RANGELAND:RANGELAND:PREPROCESSING:PREPROCESS_CONFIG,1722108904000,1722108904000,1,77.7,,6442450944.0,,,0.0,0.0,0.0,801.043472,
114,NFCORE_RANGELAND:RANGELAND:PREPROCESSING:PREPROCESS_CONFIG,1722108907000,1722108907000,1,100.3,,6442450944.0,,,0.0,0.0,0.0,801.043472,
115,NFCORE_RANGELAND:RANGELAND:PREPROCESSING:PREPROCESS_CONFIG,1722108906000,1722108906000,1,92.9,,6442450944.0,,,0.0,0.0,0.0,801.043472,
145,NFCORE_RANGELAND:RANGELAND:PREPROCESSING:PREPROCESS_CONFIG,1722108905000,1722108905000,1,74.4,,6442450944.0,,,0.0,0.0,0.0,801.043472,
118,NFCORE_RANGELAND:RANGELAND:PREPROCESSING:PREPROCESS_CONFIG,1722108907000,1722108908000,1,111.0,,6442450944.0,,,0.0009478597208525001,0.0009478597208525001,0.0,801.043472,
119,NFCORE_RANGELAND:RANGELAND:PREPROCESSING:PREPROCESS_CONFIG,1722108908000,1722108908000,1,100.0,,6442450944.0,,,0.0,0.0,0.0,801.043472,
120,NFCORE_RANGELAND:RANGELAND:PREPROCESSING:PREPROCESS_CONFIG,1722108908000,1722108908000,1,101.7,,6442450944.0,,,0.0,0.0,0.0,801.043472,
122,NFCORE_RANGELAND:RANGELAND:PREPROCESSING:PREPROCESS_CONFIG,1722108906000,1722108907000,1,101.4,,6442450944.0,,,0.0009111452283858335,0.0009111452283858335,0.0,801.043472,
124,NFCORE_RANGELAND:RANGELAND:PREPROCESSING:PREPROCESS_CONFIG,1722108906000,1722108906000,1,98.9,,6442450944.0,,,0.0,0.0,0.0,801.043472,
123,NFCORE_RANGELAND:RANGELAND:PREPROCESSING:PREPROCESS_CONFIG,1722108911000,1722108911000,1,103.8,,6442450944.0,,,0.0,0.0,0.0,801.043472,
126,NFCORE_RANGELAND:RANGELAND:PREPROCESSING:PREPROCESS_CONFIG,1722108910000,1722108910000,1,105.7,,6442450944.0,,,0.0,0.0,0.0,801.043472,
127,NFCORE_RANGELAND:RANGELAND:PREPROCESSING:PREPROCESS_CONFIG,1722108911000,1722108911000,1,99.2,,6442450944.0,,,0.0,0.0,0.0,801.043472,
129,NFCORE_RANGELAND:RANGELAND:PREPROCESSING:PREPROCESS_CONFIG,1722108911000,1722108911000,1,85.0,,6442450944.0,,,0.0,0.0,0.0,801.043472,
128,NFCORE_RANGELAND:RANGELAND:PREPROCESSING:PREPROCESS_CONFIG,1722108911000,1722108911000,1,106.3,,6442450944.0,,,0.0,0.0,0.0,801.043472,
130,NFCORE_RANGELAND:RANGELAND:PREPROCESSING:PREPROCESS_CONFIG,1722108910000,1722108911000,1,90.1,,6442450944.0,,,0.0008679292112115279,0.0008679292112115279,0.0,801.043472,
131,NFCORE_RANGELAND:RANGELAND:PREPROCESSING:PREPROCESS_CONFIG,1722108912000,1722108912000,1,98.6,,6442450944.0,,,0.0,0.0,0.0,801.043472,
132,NFCORE_RANGELAND:RANGELAND:PREPROCESSING:PREPROCESS_CONFIG,1722108912000,1722108912000,1,110.7,,6442450944.0,,,0.0,0.0,0.0,801.043472,
133,NFCORE_RANGELAND:RANGELAND:PREPROCESSING:PREPROCESS_CONFIG,1722108912000,1722108912000,1,103.2,,6442450944.0,,,0.0,0.0,0.0,801.043472,
135,NFCORE_RANGELAND:RANGELAND:PREPROCESSING:PREPROCESS_CONFIG,1722108912000,1722108912000,1,87.7,,6442450944.0,,,0.0,0.0,0.0,801.043472,
134,NFCORE_RANGELAND:RANGELAND:PREPROCESSING:PREPROCESS_CONFIG,1722108912000,1722108912000,1,96.4,,6442450944.0,,,0.0,0.0,0.0,801.043472,
136,NFCORE_RANGELAND:RANGELAND:PREPROCESSING:PREPROCESS_CONFIG,1722108912000,1722108912000,1,106.0,,6442450944.0,,,0.0,0.0,0.0,801.043472,
137,NFCORE_RANGELAND:RANGELAND:PREPROCESSING:PREPROCESS_CONFIG,1722108911000,1722108911000,1,104.5,,6442450944.0,,,0.0,0.0,0.0,801.043472,
139,NFCORE_RANGELAND:RANGELAND:PREPROCESSING:PREPROCESS_CONFIG,1722108911000,1722108912000,1,92.2,,6442450944.0,,,0.0008759605064386112,0.0008759605064386112,0.0,801.043472,
141,NFCORE_RANGELAND:RANGELAND:PREPROCESSING:PREPROCESS_CONFIG,1722108912000,1722108912000,1,102.3,,6442450944.0,,,0.0,0.0,0.0,801.043472,
142,NFCORE_RANGELAND:RANGELAND:PREPROCESSING:PREPROCESS_CONFIG,1722108911000,1722108912000,1,108.6,,6442450944.0,,,0.0009386810977358334,0.0009386810977358334,0.0,801.043472,
143,NFCORE_RANGELAND:RANGELAND:PREPROCESSING:PREPROCESS_CONFIG,1722108908000,1722108908000,1,97.5,,6442450944.0,,,0.0,0.0,0.0,801.043472,
146,NFCORE_RANGELAND:RANGELAND:PREPROCESSING:PREPROCESS_CONFIG,1722108907000,1722108908000,1,102.9,,6442450944.0,,,0.0009168818678337501,0.0009168818678337501,0.0,801.043472,
147,NFCORE_RANGELAND:RANGELAND:PREPROCESSING:PREPROCESS_CONFIG,1722108909000,1722108909000,1,91.7,,6442450944.0,,,0.0,0.0,0.0,801.043472,
148,NFCORE_RANGELAND:RANGELAND:PREPROCESSING:PREPROCESS_CONFIG,1722108907000,1722108907000,1,98.5,,6442450944.0,,,0.0,0.0,0.0,801.043472,
149,NFCORE_RANGELAND:RANGELAND:PREPROCESSING:PREPROCESS_CONFIG,1722108908000,1722108909000,1,97.2,,6442450944.0,,,0.0008950826379316666,0.0008950826379316666,0.0,801.043472,
150,NFCORE_RANGELAND:RANGELAND:PREPROCESSING:PREPROCESS_CONFIG,1722108913000,1722108913000,1,101.8,,6442450944.0,,,0.0,0.0,0.0,801.043472,
151,NFCORE_RANGELAND:RANGELAND:PREPROCESSING:PREPROCESS_CONFIG,1722108913000,1722108913000,1,98.1,,6442450944.0,,,0.0,0.0,0.0,801.043472,
152,NFCORE_RANGELAND:RANGELAND:PREPROCESSING:PREPROCESS_CONFIG,1722108913000,1722108913000,1,102.3,,6442450944.0,,,0.0,0.0,0.0,801.043472,
153,NFCORE_RANGELAND:RANGELAND:PREPROCESSING:PREPROCESS_CONFIG,1722108912000,1722108913000,1,103.5,,6442450944.0,,,0.0009191765236129168,0.0009191765236129168,0.0,801.043472,
154,NFCORE_RANGELAND:RANGELAND:PREPROCESSING:PREPROCESS_CONFIG,1722108913000,1722108913000,1,87.4,,6442450944.0,,,0.0,0.0,0.0,801.043472,
155,NFCORE_RANGELAND:RANGELAND:PREPROCESSING:PREPROCESS_CONFIG,1722108913000,1722108913000,1,99.3,,6442450944.0,,,0.0,0.0,0.0,801.043472,
156,NFCORE_RANGELAND:RANGELAND:PREPROCESSING:PREPROCESS_CONFIG,1722108913000,1722108913000,1,105.1,,6442450944.0,,,0.0,0.0,0.0,801.043472,
157,NFCORE_RANGELAND:RANGELAND:PREPROCESSING:PREPROCESS_CONFIG,1722108913000,1722108913000,1,94.5,,6442450944.0,,,0.0,0.0,0.0,801.043472,
158,NFCORE_RANGELAND:RANGELAND:PREPROCESSING:PREPROCESS_CONFIG,1722108912000,1722108913000,1,97.9,,6442450944.0,,,0.0008977597363406945,0.0008977597363406945,0.0,801.043472,
186,NFCORE_RANGELAND:RANGELAND:PREPROCESSING:PREPROCESS_CONFIG,1722108912000,1722108912000,1,99.6,,6442450944.0,,,0.0,0.0,0.0,801.043472,
159,NFCORE_RANGELAND:RANGELAND:PREPROCESSING:PREPROCESS_CONFIG,1722108913000,1722108913000,1,95.0,,6442450944.0,,,0.0,0.0,0.0,801.043472,
160,NFCORE_RANGELAND:RANGELAND:PREPROCESSING:PREPROCESS_CONFIG,1722108912000,1722108913000,1,107.0,,6442450944.0,,,0.0009325620156580555,0.0009325620156580555,0.0,801.043472,
191,NFCORE_RANGELAND:RANGELAND:PREPROCESSING:PREPROCESS_CONFIG,1722108957000,1722108957000,1,103.2,,6442450944.0,,,0.0,0.0,0.0,801.043472,
161,NFCORE_RANGELAND:RANGELAND:PREPROCESSING:PREPROCESS_CONFIG,1722108912000,1722108912000,1,110.3,,6442450944.0,,,0.0,0.0,0.0,801.043472,
162,NFCORE_RANGELAND:RANGELAND:PREPROCESSING:PREPROCESS_CONFIG,1722108913000,1722108913000,1,102.3,,6442450944.0,,,0.0,0.0,0.0,801.043472,
163,NFCORE_RANGELAND:RANGELAND:PREPROCESSING:PREPROCESS_CONFIG,1722108912000,1722108912000,1,106.7,,6442450944.0,,,0.0,0.0,0.0,801.043472,
164,NFCORE_RANGELAND:RANGELAND:PREPROCESSING:PREPROCESS_CONFIG,1722108913000,1722108913000,1,103.2,,6442450944.0,,,0.0,0.0,0.0,801.043472,
165,NFCORE_RANGELAND:RANGELAND:PREPROCESSING:PREPROCESS_CONFIG,1722108914000,1722108915000,1,98.8,,6442450944.0,,,0.0009012017200094444,0.0009012017200094444,0.0,801.043472,
166,NFCORE_RANGELAND:RANGELAND:PREPROCESSING:PREPROCESS_CONFIG,1722108913000,1722108913000,1,102.5,,6442450944.0,,,0.0,0.0,0.0,801.043472,
167,NFCORE_RANGELAND:RANGELAND:PREPROCESSING:PREPROCESS_CONFIG,1722108958000,1722108958000,1,101.4,,6442450944.0,,,0.0,0.0,0.0,801.043472,
168,NFCORE_RANGELAND:RANGELAND:PREPROCESSING:PREPROCESS_CONFIG,1722108912000,1722108913000,1,99.2,,6442450944.0,,,0.0009027314905288889,0.0009027314905288889,0.0,801.043472,
169,NFCORE_RANGELAND:RANGELAND:PREPROCESSING:PREPROCESS_CONFIG,1722108912000,1722108913000,1,110.3,,6442450944.0,,,0.0009451826224434722,0.0009451826224434722,0.0,801.043472,
170,NFCORE_RANGELAND:RANGELAND:PREPROCESSING:PREPROCESS_CONFIG,1722108913000,1722108913000,1,111.7,,6442450944.0,,,0.0,0.0,0.0,801.043472,
171,NFCORE_RANGELAND:RANGELAND:PREPROCESSING:PREPROCESS_CONFIG,1722108913000,1722108913000,1,95.9,,6442450944.0,,,0.0,0.0,0.0,801.043472,
172,NFCORE_RANGELAND:RANGELAND:PREPROCESSING:PREPROCESS_CONFIG,1722108912000,1722108912000,1,110.0,,6442450944.0,,,0.0,0.0,0.0,801.043472,
175,NFCORE_RANGELAND:RANGELAND:PREPROCESSING:PREPROCESS_CONFIG,1722108913000,1722108913000,1,105.4,,6442450944.0,,,0.0,0.0,0.0,801.043472,
173,NFCORE_RANGELAND:RANGELAND:PREPROCESSING:PREPROCESS_CONFIG,1722108912000,1722108912000,1,92.2,,6442450944.0,,,0.0,0.0,0.0,801.043472,
174,NFCORE_RANGELAND:RANGELAND:PREPROCESSING:PREPROCESS_CONFIG,1722108950000,1722108950000,1,112.9,,6442450944.0,,,0.0,0.0,0.0,801.043472,
178,NFCORE_RANGELAND:RANGELAND:PREPROCESSING:PREPROCESS_CONFIG,1722108954000,1722108954000,1,95.3,,6442450944.0,,,0.0,0.0,0.0,801.043472,
179,NFCORE_RANGELAND:RANGELAND:PREPROCESSING:PREPROCESS_CONFIG,1722108954000,1722108954000,1,100.9,,6442450944.0,,,0.0,0.0,0.0,801.043472,
180,NFCORE_RANGELAND:RANGELAND:PREPROCESSING:PREPROCESS_CONFIG,1722108909000,1722108909000,1,92.5,,6442450944.0,,,0.0,0.0,0.0,801.043472,
181,NFCORE_RANGELAND:RANGELAND:PREPROCESSING:PREPROCESS_CONFIG,1722108948000,1722108948000,1,110.3,,6442450944.0,,,0.0,0.0,0.0,801.043472,
182,NFCORE_RANGELAND:RANGELAND:PREPROCESSING:PREPROCESS_CONFIG,1722108953000,1722108953000,1,97.0,,6442450944.0,,,0.0,0.0,0.0,801.043472,
183,NFCORE_RANGELAND:RANGELAND:PREPROCESSING:PREPROCESS_CONFIG,1722108908000,1722108908000,1,80.7,,6442450944.0,,,0.0,0.0,0.0,801.043472,
184,NFCORE_RANGELAND:RANGELAND:PREPROCESSING:PREPROCESS_CONFIG,1722108949000,1722108949000,1,98.8,,6442450944.0,,,0.0,0.0,0.0,801.043472,
185,NFCORE_RANGELAND:RANGELAND:PREPROCESSING:PREPROCESS_CONFIG,1722108909000,1722108909000,1,93.6,,6442450944.0,,,0.0,0.0,0.0,801.043472,
187,NFCORE_RANGELAND:RANGELAND:PREPROCESSING:PREPROCESS_CONFIG,1722108956000,1722108956000,1,99.6,,6442450944.0,,,0.0,0.0,0.0,801.043472,
188,NFCORE_RANGELAND:RANGELAND:PREPROCESSING:PREPROCESS_CONFIG,1722108949000,1722108949000,1,105.5,,6442450944.0,,,0.0,0.0,0.0,801.043472,
190,NFCORE_RANGELAND:RANGELAND:PREPROCESSING:PREPROCESS_CONFIG,1722108908000,1722108908000,1,94.1,,6442450944.0,,,0.0,0.0,0.0,801.043472,
189,NFCORE_RANGELAND:RANGELAND:PREPROCESSING:PREPROCESS_CONFIG,1722108909000,1722108909000,1,105.7,,6442450944.0,,,0.0,0.0,0.0,801.043472,
192,NFCORE_RANGELAND:RANGELAND:PREPROCESSING:PREPROCESS_CONFIG,1722108954000,1722108954000,1,103.2,,6442450944.0,,,0.0,0.0,0.0,801.043472,
193,NFCORE_RANGELAND:RANGELAND:PREPROCESSING:PREPROCESS_CONFIG,1722108949000,1722108949000,1,86.8,,6442450944.0,,,0.0,0.0,0.0,801.043472,
194,NFCORE_RANGELAND:RANGELAND:PREPROCESSING:PREPROCESS_CONFIG,1722108908000,1722108909000,1,106.7,,6442450944.0,,,0.0009314146877684724,0.0009314146877684724,0.0,801.043472,
195,NFCORE_RANGELAND:RANGELAND:PREPROCESSING:PREPROCESS_CONFIG,1722108910000,1722108910000,1,102.3,,6442450944.0,,,0.0,0.0,0.0,801.043472,
198,NFCORE_RANGELAND:RANGELAND:PREPROCESSING:PREPROCESS_CONFIG,1722108909000,1722108909000,1,101.9,,6442450944.0,,,0.0,0.0,0.0,801.043472,
196,NFCORE_RANGELAND:RANGELAND:PREPROCESSING:PREPROCESS_CONFIG,1722108953000,1722108954000,1,100.9,,6442450944.0,,,0.0009092330152365279,0.0009092330152365279,0.0,801.043472,
197,NFCORE_RANGELAND:RANGELAND:PREPROCESSING:PREPROCESS_CONFIG,1722108908000,1722108909000,1,98.8,,6442450944.0,,,0.0009012017200094444,0.0009012017200094444,0.0,801.043472,
200,NFCORE_RANGELAND:RANGELAND:PREPROCESSING:PREPROCESS_CONFIG,1722108909000,1722108909000,1,106.4,,6442450944.0,,,0.0,0.0,0.0,801.043472,
199,NFCORE_RANGELAND:RANGELAND:PREPROCESSING:PREPROCESS_CONFIG,1722108909000,1722108909000,1,99.7,,6442450944.0,,,0.0,0.0,0.0,801.043472,
201,NFCORE_RANGELAND:RANGELAND:PREPROCESSING:PREPROCESS_CONFIG,1722108915000,1722108915000,1,105.5,,6442450944.0,,,0.0,0.0,0.0,801.043472,
202,NFCORE_RANGELAND:RANGELAND:PREPROCESSING:PREPROCESS_CONFIG,1722108915000,1722108915000,1,89.9,,6442450944.0,,,0.0,0.0,0.0,801.043472,
203,NFCORE_RANGELAND:RANGELAND:PREPROCESSING:PREPROCESS_CONFIG,1722108913000,1722108914000,1,100.4,,6442450944.0,,,0.0009073208020872224,0.0009073208020872224,0.0,801.043472,
204,NFCORE_RANGELAND:RANGELAND:PREPROCESSING:PREPROCESS_CONFIG,1722108914000,1722108915000,1,103.8,,6442450944.0,,,0.0009203238515025,0.0009203238515025,0.0,801.043472,
205,NFCORE_RANGELAND:RANGELAND:PREPROCESSING:PREPROCESS_CONFIG,1722108914000,1722108914000,1,97.0,,6442450944.0,,,0.0,0.0,0.0,801.043472,
206,NFCORE_RANGELAND:RANGELAND:PREPROCESSING:PREPROCESS_CONFIG,1722108914000,1722108914000,1,91.4,,6442450944.0,,,0.0,0.0,0.0,801.043472,
207,NFCORE_RANGELAND:RANGELAND:PREPROCESSING:PREPROCESS_CONFIG,1722108915000,1722108915000,1,86.5,,6442450944.0,,,0.0,0.0,0.0,801.043472,
208,NFCORE_RANGELAND:RANGELAND:PREPROCESSING:PREPROCESS_CONFIG,1722108914000,1722108914000,1,89.5,,6442450944.0,,,0.0,0.0,0.0,801.043472,
209,NFCORE_RANGELAND:RANGELAND:PREPROCESSING:PREPROCESS_CONFIG,1722108958000,1722108959000,1,102.3,,6442450944.0,,,0.0009145872120545833,0.0009145872120545833,0.0,801.043472,
210,NFCORE_RANGELAND:RANGELAND:PREPROCESSING:PREPROCESS_CONFIG,1722108914000,1722108914000,1,100.0,,6442450944.0,,,0.0,0.0,0.0,801.043472,
211,NFCORE_RANGELAND:RANGELAND:PREPROCESSING:PREPROCESS_CONFIG,1722108913000,1722108913000,1,99.4,,6442450944.0,,,0.0,0.0,0.0,801.043472,
241,NFCORE_RANGELAND:RANGELAND:PREPROCESSING:PREPROCESS_CONFIG,1722108914000,1722108914000,1,100.9,,6442450944.0,,,0.0,0.0,0.0,801.043472,
212,NFCORE_RANGELAND:RANGELAND:PREPROCESSING:PREPROCESS_CONFIG,1722108913000,1722108913000,1,103.2,,6442450944.0,,,0.0,0.0,0.0,801.043472,
213,NFCORE_RANGELAND:RANGELAND:PREPROCESSING:PREPROCESS_CONFIG,1722108914000,1722108914000,1,89.2,,6442450944.0,,,0.0,0.0,0.0,801.043472,
214,NFCORE_RANGELAND:RANGELAND:PREPROCESSING:PREPROCESS_CONFIG,1722108913000,1722108914000,1,106.7,,6442450944.0,,,0.0009314146877684724,0.0009314146877684724,0.0,801.043472,
216,NFCORE_RANGELAND:RANGELAND:PREPROCESSING:PREPROCESS_CONFIG,1722108950000,1722108950000,1,97.7,,6442450944.0,,,0.0,0.0,0.0,801.043472,
217,NFCORE_RANGELAND:RANGELAND:PREPROCESSING:PREPROCESS_CONFIG,1722108904000,1722108905000,1,70.8,,6442450944.0,,,0.0007941177836483335,0.0007941177836483335,0.0,801.043472,
219,NFCORE_RANGELAND:RANGELAND:PREPROCESSING:PREPROCESS_CONFIG,1722108949000,1722108949000,1,103.6,,6442450944.0,,,0.0,0.0,0.0,801.043472,
221,NFCORE_RANGELAND:RANGELAND:PREPROCESSING:PREPROCESS_CONFIG,1722108904000,1722108904000,1,73.9,,6442450944.0,,,0.0,0.0,0.0,801.043472,
220,NFCORE_RANGELAND:RANGELAND:PREPROCESSING:PREPROCESS_CONFIG,1722108909000,1722108910000,1,105.6,,6442450944.0,,,0.00092720781884,0.00092720781884,0.0,801.043472,
222,NFCORE_RANGELAND:RANGELAND:PREPROCESSING:PREPROCESS_CONFIG,1722108910000,1722108910000,1,103.8,,6442450944.0,,,0.0,0.0,0.0,801.043472,
223,NFCORE_RANGELAND:RANGELAND:PREPROCESSING:PREPROCESS_CONFIG,1722108910000,1722108910000,1,89.9,,6442450944.0,,,0.0,0.0,0.0,801.043472,
224,NFCORE_RANGELAND:RANGELAND:PREPROCESSING:PREPROCESS_CONFIG,1722108910000,1722108910000,1,103.5,,6442450944.0,,,0.0,0.0,0.0,801.043472,
225,NFCORE_RANGELAND:RANGELAND:PREPROCESSING:PREPROCESS_CONFIG,1722108949000,1722108949000,1,111.6,,6442450944.0,,,0.0,0.0,0.0,801.043472,
226,NFCORE_RANGELAND:RANGELAND:PREPROCESSING:PREPROCESS_CONFIG,1722108910000,1722108910000,1,95.8,,6442450944.0,,,0.0,0.0,0.0,801.043472,
227,NFCORE_RANGELAND:RANGELAND:PREPROCESSING:PREPROCESS_CONFIG,1722108910000,1722108910000,1,103.5,,6442450944.0,,,0.0,0.0,0.0,801.043472,
228,NFCORE_RANGELAND:RANGELAND:PREPROCESSING:PREPROCESS_CONFIG,1722108950000,1722108950000,1,109.4,,6442450944.0,,,0.0,0.0,0.0,801.043472,
229,NFCORE_RANGELAND:RANGELAND:PREPROCESSING:PREPROCESS_CONFIG,1722108909000,1722108910000,1,103.2,,6442450944.0,,,0.0009180291957233335,0.0009180291957233335,0.0,801.043472,
231,NFCORE_RANGELAND:RANGELAND:PREPROCESSING:PREPROCESS_CONFIG,1722108910000,1722108910000,1,104.8,,6442450944.0,,,0.0,0.0,0.0,801.043472,
230,NFCORE_RANGELAND:RANGELAND:PREPROCESSING:PREPROCESS_CONFIG,1722108909000,1722108909000,1,88.6,,6442450944.0,,,0.0,0.0,0.0,801.043472,
232,NFCORE_RANGELAND:RANGELAND:PREPROCESSING:PREPROCESS_CONFIG,1722108910000,1722108910000,1,104.1,,6442450944.0,,,0.0,0.0,0.0,801.043472,
234,NFCORE_RANGELAND:RANGELAND:PREPROCESSING:PREPROCESS_CONFIG,1722108910000,1722108910000,1,96.4,,6442450944.0,,,0.0,0.0,0.0,801.043472,
233,NFCORE_RANGELAND:RANGELAND:PREPROCESSING:PREPROCESS_CONFIG,1722108922000,1722108923000,1,95.9,,6442450944.0,,,0.0008901108837434722,0.0008901108837434722,0.0,801.043472,
235,NFCORE_RANGELAND:RANGELAND:PREPROCESSING:PREPROCESS_CONFIG,1722108922000,1722108922000,1,87.1,,6442450944.0,,,0.0,0.0,0.0,801.043472,
236,NFCORE_RANGELAND:RANGELAND:PREPROCESSING:PREPROCESS_CONFIG,1722108922000,1722108922000,1,108.3,,6442450944.0,,,0.0,0.0,0.0,801.043472,
238,NFCORE_RANGELAND:RANGELAND:PREPROCESSING:PREPROCESS_CONFIG,1722108922000,1722108922000,1,90.9,,6442450944.0,,,0.0,0.0,0.0,801.043472,
237,NFCORE_RANGELAND:RANGELAND:PREPROCESSING:PREPROCESS_CONFIG,1722108922000,1722108922000,1,107.9,,6442450944.0,,,0.0,0.0,0.0,801.043472,
240,NFCORE_RANGELAND:RANGELAND:PREPROCESSING:PREPROCESS_CONFIG,1722108915000,1722108915000,1,98.5,,6442450944.0,,,0.0,0.0,0.0,801.043472,
268,NFCORE_RANGELAND:RANGELAND:PREPROCESSING:PREPROCESS_CONFIG,1722108915000,1722108915000,1,95.9,,6442450944.0,,,0.0,0.0,0.0,801.043472,
239,NFCORE_RANGELAND:RANGELAND:PREPROCESSING:PREPROCESS_CONFIG,1722108914000,1722108914000,1,103.8,,6442450944.0,,,0.0,0.0,0.0,801.043472,
242,NFCORE_RANGELAND:RANGELAND:PREPROCESSING:PREPROCESS_CONFIG,1722108914000,1722108915000,1,100.0,,6442450944.0,,,0.000905791031567778,0.000905791031567778,0.0,801.043472,
244,NFCORE_RANGELAND:RANGELAND:PREPROCESSING:PREPROCESS_CONFIG,1722108915000,1722108915000,1,101.6,,6442450944.0,,,0.0,0.0,0.0,801.043472,
245,NFCORE_RANGELAND:RANGELAND:PREPROCESSING:PREPROCESS_CONFIG,1722108914000,1722108914000,1,101.4,,6442450944.0,,,0.0,0.0,0.0,801.043472,
243,NFCORE_RANGELAND:RANGELAND:PREPROCESSING:PREPROCESS_CONFIG,1722108915000,1722108915000,1,99.4,,6442450944.0,,,0.0,0.0,0.0,801.043472,
246,NFCORE_RANGELAND:RANGELAND:PREPROCESSING:PREPROCESS_CONFIG,1722108915000,1722108915000,1,96.2,,6442450944.0,,,0.0,0.0,0.0,801.043472,
247,NFCORE_RANGELAND:RANGELAND:PREPROCESSING:PREPROCESS_CONFIG,1722108915000,1722108915000,1,102.5,,6442450944.0,,,0.0,0.0,0.0,801.043472,
249,NFCORE_RANGELAND:RANGELAND:PREPROCESSING:PREPROCESS_CONFIG,1722108959000,1722108959000,1,98.2,,6442450944.0,,,0.0,0.0,0.0,801.043472,
248,NFCORE_RANGELAND:RANGELAND:PREPROCESSING:PREPROCESS_CONFIG,1722108910000,1722108910000,1,107.0,,6442450944.0,,,0.0,0.0,0.0,801.043472,
250,NFCORE_RANGELAND:RANGELAND:PREPROCESSING:PREPROCESS_CONFIG,1722108914000,1722108914000,1,96.4,,6442450944.0,,,0.0,0.0,0.0,801.043472,
251,NFCORE_RANGELAND:RANGELAND:PREPROCESSING:PREPROCESS_CONFIG,1722108907000,1722108907000,1,66.7,,6442450944.0,,,0.0,0.0,0.0,801.043472,
254,NFCORE_RANGELAND:RANGELAND:PREPROCESSING:PREPROCESS_CONFIG,1722108914000,1722108915000,1,98.2,,6442450944.0,,,0.0008989070642302778,0.0008989070642302778,0.0,801.043472,
253,NFCORE_RANGELAND:RANGELAND:PREPROCESSING:PREPROCESS_CONFIG,1722108915000,1722108915000,1,98.1,,6442450944.0,,,0.0,0.0,0.0,801.043472,
252,NFCORE_RANGELAND:RANGELAND:PREPROCESSING:PREPROCESS_CONFIG,1722108909000,1722108910000,1,103.2,,6442450944.0,,,0.0009180291957233335,0.0009180291957233335,0.0,801.043472,
255,NFCORE_RANGELAND:RANGELAND:PREPROCESSING:PREPROCESS_CONFIG,1722108915000,1722108915000,1,88.3,,6442450944.0,,,0.0,0.0,0.0,801.043472,
256,NFCORE_RANGELAND:RANGELAND:PREPROCESSING:PREPROCESS_CONFIG,1722108914000,1722108915000,1,92.2,,6442450944.0,,,0.0008759605064386112,0.0008759605064386112,0.0,801.043472,
287,NFCORE_RANGELAND:RANGELAND:PREPROCESSING:PREPROCESS_CONFIG,1722108914000,1722108915000,1,107.5,,6442450944.0,,,0.0009344742288073613,0.0009344742288073613,0.0,801.043472,
258,NFCORE_RANGELAND:RANGELAND:PREPROCESSING:PREPROCESS_CONFIG,1722108923000,1722108923000,1,100.4,,6442450944.0,,,0.0,0.0,0.0,801.043472,
257,NFCORE_RANGELAND:RANGELAND:PREPROCESSING:PREPROCESS_CONFIG,1722108923000,1722108924000,1,51.0,,6442450944.0,,,0.0007183941429358333,0.0007183941429358333,0.0,801.043472,
288,NFCORE_RANGELAND:RANGELAND:PREPROCESSING:PREPROCESS_CONFIG,1722108923000,1722108924000,1,91.1,,6442450944.0,,,0.000871753637510139,0.000871753637510139,0.0,801.043472,
259,NFCORE_RANGELAND:RANGELAND:PREPROCESSING:PREPROCESS_CONFIG,1722108924000,1722108924000,1,100.0,,6442450944.0,,,0.0,0.0,0.0,801.043472,
261,NFCORE_RANGELAND:RANGELAND:PREPROCESSING:PREPROCESS_CONFIG,1722108923000,1722108923000,1,92.1,,6442450944.0,,,0.0,0.0,0.0,801.043472,
260,NFCORE_RANGELAND:RANGELAND:PREPROCESSING:PREPROCESS_CONFIG,1722108923000,1722108923000,1,90.4,,6442450944.0,,,0.0,0.0,0.0,801.043472,
263,NFCORE_RANGELAND:RANGELAND:PREPROCESSING:PREPROCESS_CONFIG,1722108923000,1722108923000,1,95.3,,6442450944.0,,,0.0,0.0,0.0,801.043472,
262,NFCORE_RANGELAND:RANGELAND:PREPROCESSING:PREPROCESS_CONFIG,1722108924000,1722108924000,1,97.3,,6442450944.0,,,0.0,0.0,0.0,801.043472,
265,NFCORE_RANGELAND:RANGELAND:PREPROCESSING:PREPROCESS_CONFIG,1722108906000,1722108906000,1,69.9,,6442450944.0,,,0.0,0.0,0.0,801.043472,
264,NFCORE_RANGELAND:RANGELAND:PREPROCESSING:PREPROCESS_CONFIG,1722108923000,1722108923000,1,89.9,,6442450944.0,,,0.0,0.0,0.0,801.043472,
266,NFCORE_RANGELAND:RANGELAND:PREPROCESSING:PREPROCESS_CONFIG,1722108951000,1722108952000,1,102.3,,6442450944.0,,,0.0009145872120545833,0.0009145872120545833,0.0,801.043472,
267,NFCORE_RANGELAND:RANGELAND:PREPROCESSING:PREPROCESS_CONFIG,1722108911000,1722108911000,1,88.9,,6442450944.0,,,0.0,0.0,0.0,801.043472,
270,NFCORE_RANGELAND:RANGELAND:PREPROCESSING:PREPROCESS_CONFIG,1722108911000,1722108911000,1,90.4,,6442450944.0,,,0.0,0.0,0.0,801.043472,
269,NFCORE_RANGELAND:RANGELAND:PREPROCESSING:PREPROCESS_CONFIG,1722108910000,1722108911000,1,103.5,,6442450944.0,,,0.0009191765236129168,0.0009191765236129168,0.0,801.043472,
271,NFCORE_RANGELAND:RANGELAND:PREPROCESSING:PREPROCESS_CONFIG,1722108905000,1722108906000,1,78.0,,6442450944.0,,,0.0008216536529983335,0.0008216536529983335,0.0,801.043472,
272,NFCORE_RANGELAND:RANGELAND:PREPROCESSING:PREPROCESS_CONFIG,1722108910000,1722108910000,1,103.6,,6442450944.0,,,0.0,0.0,0.0,801.043472,
274,NFCORE_RANGELAND:RANGELAND:PREPROCESSING:PREPROCESS_CONFIG,1722108951000,1722108951000,1,103.7,,6442450944.0,,,0.0,0.0,0.0,801.043472,
273,NFCORE_RANGELAND:RANGELAND:PREPROCESSING:PREPROCESS_CONFIG,1722108912000,1722108912000,1,103.5,,6442450944.0,,,0.0,0.0,0.0,801.043472,
306,NFCORE_RANGELAND:RANGELAND:PREPROCESSING:PREPROCESS_CONFIG,1722108907000,1722108907000,1,73.2,,6442450944.0,,,0.0,0.0,0.0,801.043472,
307,NFCORE_RANGELAND:RANGELAND:PREPROCESSING:PREPROCESS_CONFIG,1722108951000,1722108951000,1,112.3,,6442450944.0,,,0.0,0.0,0.0,801.043472,
276,NFCORE_RANGELAND:RANGELAND:PREPROCESSING:PREPROCESS_CONFIG,1722108910000,1722108910000,1,105.1,,6442450944.0,,,0.0,0.0,0.0,801.043472,
277,NFCORE_RANGELAND:RANGELAND:PREPROCESSING:PREPROCESS_CONFIG,1722108906000,1722108906000,1,63.0,,6442450944.0,,,0.0,0.0,0.0,801.043472,
275,NFCORE_RANGELAND:RANGELAND:PREPROCESSING:PREPROCESS_CONFIG,1722108911000,1722108911000,1,105.4,,6442450944.0,,,0.0,0.0,0.0,801.043472,
278,NFCORE_RANGELAND:RANGELAND:PREPROCESSING:PREPROCESS_CONFIG,1722108907000,1722108907000,1,82.4,,6442450944.0,,,0.0,0.0,0.0,801.043472,
279,NFCORE_RANGELAND:RANGELAND:PREPROCESSING:PREPROCESS_CONFIG,1722108951000,1722108951000,1,108.0,,6442450944.0,,,0.0,0.0,0.0,801.043472,
280,NFCORE_RANGELAND:RANGELAND:PREPROCESSING:PREPROCESS_CONFIG,1722108911000,1722108911000,1,97.8,,6442450944.0,,,0.0,0.0,0.0,801.043472,
281,NFCORE_RANGELAND:RANGELAND:PREPROCESSING:PREPROCESS_CONFIG,1722108910000,1722108911000,1,93.0,,6442450944.0,,,0.0008790200474775001,0.0008790200474775001,0.0,801.043472,
283,NFCORE_RANGELAND:RANGELAND:PREPROCESSING:PREPROCESS_CONFIG,1722108950000,1722108950000,1,114.7,,6442450944.0,,,0.0,0.0,0.0,801.043472,
282,NFCORE_RANGELAND:RANGELAND:PREPROCESSING:PREPROCESS_CONFIG,1722108907000,1722108908000,1,77.2,,6442450944.0,,,0.0008185941119594445,0.0008185941119594445,0.0,801.043472,
284,NFCORE_RANGELAND:RANGELAND:PREPROCESSING:PREPROCESS_CONFIG,1722108956000,1722108956000,1,99.6,,6442450944.0,,,0.0,0.0,0.0,801.043472,
286,NFCORE_RANGELAND:RANGELAND:PREPROCESSING:PREPROCESS_CONFIG,1722108951000,1722108951000,1,101.8,,6442450944.0,,,0.0,0.0,0.0,801.043472,
285,NFCORE_RANGELAND:RANGELAND:PREPROCESSING:PREPROCESS_CONFIG,1722108906000,1722108907000,1,76.8,,6442450944.0,,,0.0008170643414400001,0.0008170643414400001,0.0,801.043472,
290,NFCORE_RANGELAND:RANGELAND:PREPROCESSING:PREPROCESS_CONFIG,1722108911000,1722108911000,1,93.8,,6442450944.0,,,0.0,0.0,0.0,801.043472,
289,NFCORE_RANGELAND:RANGELAND:PREPROCESSING:PREPROCESS_CONFIG,1722108911000,1722108911000,1,99.7,,6442450944.0,,,0.0,0.0,0.0,801.043472,
291,NFCORE_RANGELAND:RANGELAND:PREPROCESSING:PREPROCESS_CONFIG,1722108907000,1722108907000,1,80.9,,6442450944.0,,,0.0,0.0,0.0,801.043472,
292,NFCORE_RANGELAND:RANGELAND:PREPROCESSING:PREPROCESS_CONFIG,1722108911000,1722108911000,1,102.9,,6442450944.0,,,0.0,0.0,0.0,801.043472,
293,NFCORE_RANGELAND:RANGELAND:PREPROCESSING:PREPROCESS_CONFIG,1722108910000,1722108910000,1,97.0,,6442450944.0,,,0.0,0.0,0.0,801.043472,
294,NFCORE_RANGELAND:RANGELAND:PREPROCESSING:PREPROCESS_CONFIG,1722108907000,1722108908000,1,82.1,,6442450944.0,,,0.0008373338008226389,0.0008373338008226389,0.0,801.043472,
295,NFCORE_RANGELAND:RANGELAND:PREPROCESSING:PREPROCESS_CONFIG,1722108911000,1722108911000,1,98.2,,6442450944.0,,,0.0,0.0,0.0,801.043472,
296,NFCORE_RANGELAND:RANGELAND:PREPROCESSING:PREPROCESS_CONFIG,1722108910000,1722108911000,1,98.2,,6442450944.0,,,0.0008989070642302778,0.0008989070642302778,0.0,801.043472,
297,NFCORE_RANGELAND:RANGELAND:PREPROCESSING:PREPROCESS_CONFIG,1722108960000,1722108960000,1,112.8,,6442450944.0,,,0.0,0.0,0.0,801.043472,
298,NFCORE_RANGELAND:RANGELAND:PREPROCESSING:PREPROCESS_CONFIG,1722108906000,1722108906000,1,80.5,,6442450944.0,,,0.0,0.0,0.0,801.043472,
301,NFCORE_RANGELAND:RANGELAND:PREPROCESSING:PREPROCESS_CONFIG,1722108916000,1722108916000,1,101.2,,6442450944.0,,,0.0,0.0,0.0,801.043472,
299,NFCORE_RANGELAND:RANGELAND:PREPROCESSING:PREPROCESS_CONFIG,1722108916000,1722108916000,1,100.8,,6442450944.0,,,0.0,0.0,0.0,801.043472,
300,NFCORE_RANGELAND:RANGELAND:PREPROCESSING:PREPROCESS_CONFIG,1722108961000,1722108961000,1,100.0,,6442450944.0,,,0.0,0.0,0.0,801.043472,
302,NFCORE_RANGELAND:RANGELAND:PREPROCESSING:PREPROCESS_CONFIG,1722108916000,1722108916000,1,104.3,,6442450944.0,,,0.0,0.0,0.0,801.043472,
303,NFCORE_RANGELAND:RANGELAND:PREPROCESSING:PREPROCESS_CONFIG,1722108916000,1722108916000,1,92.5,,6442450944.0,,,0.0,0.0,0.0,801.043472,
304,NFCORE_RANGELAND:RANGELAND:PREPROCESSING:PREPROCESS_CONFIG,1722108916000,1722108916000,1,98.1,,6442450944.0,,,0.0,0.0,0.0,801.043472,
305,NFCORE_RANGELAND:RANGELAND:PREPROCESSING:PREPROCESS_CONFIG,1722108961000,1722108961000,1,104.7,,6442450944.0,,,0.0,0.0,0.0,801.043472,
309,NFCORE_RANGELAND:RANGELAND:PREPROCESSING:PREPROCESS_CONFIG,1722108916000,1722108916000,1,94.9,,6442450944.0,,,0.0,0.0,0.0,801.043472,
338,NFCORE_RANGELAND:RANGELAND:PREPROCESSING:PREPROCESS_CONFIG,1722108916000,1722108916000,1,101.4,,6442450944.0,,,0.0,0.0,0.0,801.043472,
308,NFCORE_RANGELAND:RANGELAND:PREPROCESSING:PREPROCESS_CONFIG,1722108915000,1722108916000,1,105.1,,6442450944.0,,,0.0009252956056906945,0.0009252956056906945,0.0,801.043472,
310,NFCORE_RANGELAND:RANGELAND:PREPROCESSING:PREPROCESS_CONFIG,1722108915000,1722108916000,1,109.1,,6442450944.0,,,0.000940593310885139,0.000940593310885139,0.0,801.043472,
312,NFCORE_RANGELAND:RANGELAND:PREPROCESSING:PREPROCESS_CONFIG,1722108915000,1722108916000,1,101.2,,6442450944.0,,,0.0009103803431261112,0.0009103803431261112,0.0,801.043472,
311,NFCORE_RANGELAND:RANGELAND:PREPROCESSING:PREPROCESS_CONFIG,1722108915000,1722108916000,1,105.7,,6442450944.0,,,0.0009275902614698612,0.0009275902614698612,0.0,801.043472,
314,NFCORE_RANGELAND:RANGELAND:PREPROCESSING:PREPROCESS_CONFIG,1722108924000,1722108924000,1,101.8,,6442450944.0,,,0.0,0.0,0.0,801.043472,
315,NFCORE_RANGELAND:RANGELAND:PREPROCESSING:PREPROCESS_CONFIG,1722108924000,1722108924000,1,97.3,,6442450944.0,,,0.0,0.0,0.0,801.043472,
313,NFCORE_RANGELAND:RANGELAND:PREPROCESSING:PREPROCESS_CONFIG,1722108969000,1722108969000,1,97.8,,6442450944.0,,,0.0,0.0,0.0,801.043472,
317,NFCORE_RANGELAND:RANGELAND:PREPROCESSING:PREPROCESS_CONFIG,1722108924000,1722108924000,1,92.0,,6442450944.0,,,0.0,0.0,0.0,801.043472,
316,NFCORE_RANGELAND:RANGELAND:PREPROCESSING:PREPROCESS_CONFIG,1722108924000,1722108924000,1,98.1,,6442450944.0,,,0.0,0.0,0.0,801.043472,
318,NFCORE_RANGELAND:RANGELAND:PREPROCESSING:PREPROCESS_CONFIG,1722108924000,1722108924000,1,102.8,,6442450944.0,,,0.0,0.0,0.0,801.043472,
319,NFCORE_RANGELAND:RANGELAND:PREPROCESSING:PREPROCESS_CONFIG,1722108951000,1722108951000,1,102.3,,6442450944.0,,,0.0,0.0,0.0,801.043472,
320,NFCORE_RANGELAND:RANGELAND:PREPROCESSING:PREPROCESS_CONFIG,1722108924000,1722108924000,1,96.2,,6442450944.0,,,0.0,0.0,0.0,801.043472,
321,NFCORE_RANGELAND:RANGELAND:PREPROCESSING:PREPROCESS_CONFIG,1722108911000,1722108912000,1,97.3,,6442450944.0,,,0.0008954650805615278,0.0008954650805615278,0.0,801.043472,
322,NFCORE_RANGELAND:RANGELAND:PREPROCESSING:PREPROCESS_CONFIG,1722108912000,1722108912000,1,104.1,,6442450944.0,,,0.0,0.0,0.0,801.043472,
353,NFCORE_RANGELAND:RANGELAND:PREPROCESSING:PREPROCESS_CONFIG,1722108957000,1722108957000,1,103.2,,6442450944.0,,,0.0,0.0,0.0,801.043472,
323,NFCORE_RANGELAND:RANGELAND:PREPROCESSING:PREPROCESS_CONFIG,1722108912000,1722108912000,1,103.2,,6442450944.0,,,0.0,0.0,0.0,801.043472,
324,NFCORE_RANGELAND:RANGELAND:PREPROCESSING:PREPROCESS_CONFIG,1722108912000,1722108912000,1,100.8,,6442450944.0,,,0.0,0.0,0.0,801.043472,
325,NFCORE_RANGELAND:RANGELAND:PREPROCESSING:PREPROCESS_CONFIG,1722108911000,1722108911000,1,99.4,,6442450944.0,,,0.0,0.0,0.0,801.043472,
326,NFCORE_RANGELAND:RANGELAND:PREPROCESSING:PREPROCESS_CONFIG,1722108911000,1722108912000,1,108.3,,6442450944.0,,,0.0009375337698462502,0.0009375337698462502,0.0,801.043472,
327,NFCORE_RANGELAND:RANGELAND:PREPROCESSING:PREPROCESS_CONFIG,1722108912000,1722108912000,1,102.1,,6442450944.0,,,0.0,0.0,0.0,801.043472,
328,NFCORE_RANGELAND:RANGELAND:PREPROCESSING:PREPROCESS_CONFIG,1722108907000,1722108907000,1,80.6,,6442450944.0,,,0.0,0.0,0.0,801.043472,
329,NFCORE_RANGELAND:RANGELAND:PREPROCESSING:PREPROCESS_CONFIG,1722108907000,1722108907000,1,83.8,,6442450944.0,,,0.0,0.0,0.0,801.043472,
331,NFCORE_RANGELAND:RANGELAND:PREPROCESSING:PREPROCESS_CONFIG,1722108907000,1722108908000,1,70.2,,6442450944.0,,,0.0007918231278691667,0.0007918231278691667,0.0,801.043472,
362,NFCORE_RANGELAND:RANGELAND:PREPROCESSING:PREPROCESS_CONFIG,1722108917000,1722108917000,1,91.8,,6442450944.0,,,0.0,0.0,0.0,801.043472,
330,NFCORE_RANGELAND:RANGELAND:PREPROCESSING:PREPROCESS_CONFIG,1722108953000,1722108953000,1,100.4,,6442450944.0,,,0.0,0.0,0.0,801.043472,
10,NFCORE_RANGELAND:RANGELAND:PREPROCESSING:PREPROCESS_CONFIG,1722108908000,1722108908000,1,107.0,,6442450944.0,,,0.0,0.0,0.0,801.043472,
27,NFCORE_RANGELAND:RANGELAND:PREPROCESSING:PREPROCESS_CONFIG,1722108907000,1722108908000,1,107.0,,6442450944.0,,,0.0009325620156580555,0.0009325620156580555,0.0,801.043472,
5,NFCORE_RANGELAND:RANGELAND:PREPROCESSING:PREPROCESS_CONFIG,1722108908000,1722108908000,1,90.9,,6442450944.0,,,0.0,0.0,0.0,801.043472,
14,NFCORE_RANGELAND:RANGELAND:PREPROCESSING:PREPROCESS_CONFIG,1722108907000,1722108908000,1,96.4,,6442450944.0,,,0.000892023096892778,0.000892023096892778,0.0,801.043472,
3,NFCORE_RANGELAND:RANGELAND:PREPROCESSING:PREPROCESS_CONFIG,1722108908000,1722108908000,1,95.5,,6442450944.0,,,0.0,0.0,0.0,801.043472,
46,NFCORE_RANGELAND:RANGELAND:PREPROCESSING:PREPROCESS_CONFIG,1722108908000,1722108908000,1,102.9,,6442450944.0,,,0.0,0.0,0.0,801.043472,
8,NFCORE_RANGELAND:RANGELAND:PREPROCESSING:PREPROCESS_CONFIG,1722108908000,1722108909000,1,99.7,,6442450944.0,,,0.0009046437036781947,0.0009046437036781947,0.0,801.043472,
21,NFCORE_RANGELAND:RANGELAND:PREPROCESSING:PREPROCESS_CONFIG,1722108907000,1722108908000,1,102.9,,6442450944.0,,,0.0009168818678337501,0.0009168818678337501,0.0,801.043472,
30,NFCORE_RANGELAND:RANGELAND:PREPROCESSING:PREPROCESS_CONFIG,1722108908000,1722108909000,1,106.0,,6442450944.0,,,0.0009287375893594444,0.0009287375893594444,0.0,801.043472,
28,NFCORE_RANGELAND:RANGELAND:PREPROCESSING:PREPROCESS_CONFIG,1722108908000,1722108908000,1,97.8,,6442450944.0,,,0.0,0.0,0.0,801.043472,
36,NFCORE_RANGELAND:RANGELAND:PREPROCESSING:PREPROCESS_CONFIG,1722108908000,1722108909000,1,98.6,,6442450944.0,,,0.0009004368347497224,0.0009004368347497224,0.0,801.043472,
42,NFCORE_RANGELAND:RANGELAND:PREPROCESSING:PREPROCESS_CONFIG,1722108908000,1722108909000,1,87.2,,6442450944.0,,,0.0008568383749455557,0.0008568383749455557,0.0,801.043472,
176,NFCORE_RANGELAND:RANGELAND:PREPROCESSING:PREPROCESS_CONFIG,1722108921000,1722108921000,1,93.4,,6442450944.0,,,0.0,0.0,0.0,801.043472,
177,NFCORE_RANGELAND:RANGELAND:PREPROCESSING:PREPROCESS_CONFIG,1722108921000,1722108922000,1,101.7,,6442450944.0,,,0.0009122925562754168,0.0009122925562754168,0.0,801.043472,
215,NFCORE_RANGELAND:RANGELAND:PREPROCESSING:PREPROCESS_CONFIG,1722108922000,1722108922000,1,94.5,,6442450944.0,,,0.0,0.0,0.0,801.043472,
218,NFCORE_RANGELAND:RANGELAND:PREPROCESSING:PREPROCESS_CONFIG,1722108922000,1722108922000,1,88.0,,6442450944.0,,,0.0,0.0,0.0,801.043472,
332,NFCORE_RANGELAND:RANGELAND:PREPROCESSING:PREPROCESS_CONFIG,1722108953000,1722108953000,1,114.3,,6442450944.0,,,0.0,0.0,0.0,801.043472,
333,NFCORE_RANGELAND:RANGELAND:PREPROCESSING:PREPROCESS_CONFIG,1722108909000,1722108909000,1,97.5,,6442450944.0,,,0.0,0.0,0.0,801.043472,
335,NFCORE_RANGELAND:RANGELAND:PREPROCESSING:PREPROCESS_CONFIG,1722108908000,1722108908000,1,69.3,,6442450944.0,,,0.0,0.0,0.0,801.043472,
334,NFCORE_RANGELAND:RANGELAND:PREPROCESSING:PREPROCESS_CONFIG,1722108909000,1722108909000,1,81.1,,6442450944.0,,,0.0,0.0,0.0,801.043472,
337,NFCORE_RANGELAND:RANGELAND:PREPROCESSING:PREPROCESS_CONFIG,1722108908000,1722108908000,1,76.0,,6442450944.0,,,0.0,0.0,0.0,801.043472,
336,NFCORE_RANGELAND:RANGELAND:PREPROCESSING:PREPROCESS_CONFIG,1722108955000,1722108955000,1,119.6,,6442450944.0,,,0.0,0.0,0.0,801.043472,
339,NFCORE_RANGELAND:RANGELAND:PREPROCESSING:PREPROCESS_CONFIG,1722108955000,1722108955000,1,100.9,,6442450944.0,,,0.0,0.0,0.0,801.043472,
340,NFCORE_RANGELAND:RANGELAND:PREPROCESSING:PREPROCESS_CONFIG,1722108909000,1722108909000,1,88.6,,6442450944.0,,,0.0,0.0,0.0,801.043472,
369,NFCORE_RANGELAND:RANGELAND:PREPROCESSING:PREPROCESS_CONFIG,1722108956000,1722108956000,1,103.7,,6442450944.0,,,0.0,0.0,0.0,801.043472,
341,NFCORE_RANGELAND:RANGELAND:PREPROCESSING:PREPROCESS_CONFIG,1722108909000,1722108910000,1,81.9,,6442450944.0,,,0.0008365689155629168,0.0008365689155629168,0.0,801.043472,
343,NFCORE_RANGELAND:RANGELAND:PREPROCESSING:PREPROCESS_CONFIG,1722108909000,1722108910000,1,85.9,,6442450944.0,,,0.0008518666207573612,0.0008518666207573612,0.0,801.043472,
342,NFCORE_RANGELAND:RANGELAND:PREPROCESSING:PREPROCESS_CONFIG,1722108910000,1722108911000,1,76.5,,6442450944.0,,,0.0008159170135504166,0.0008159170135504166,0.0,801.043472,
344,NFCORE_RANGELAND:RANGELAND:PREPROCESSING:PREPROCESS_CONFIG,1722108909000,1722108909000,1,81.6,,6442450944.0,,,0.0,0.0,0.0,801.043472,
346,NFCORE_RANGELAND:RANGELAND:PREPROCESSING:PREPROCESS_CONFIG,1722108909000,1722108910000,1,86.8,,6442450944.0,,,0.0008553086044261112,0.0008553086044261112,0.0,801.043472,
345,NFCORE_RANGELAND:RANGELAND:PREPROCESSING:PREPROCESS_CONFIG,1722108910000,1722108911000,1,75.7,,6442450944.0,,,0.0008128574725115279,0.0008128574725115279,0.0,801.043472,
347,NFCORE_RANGELAND:RANGELAND:PREPROCESSING:PREPROCESS_CONFIG,1722108955000,1722108955000,1,100.4,,6442450944.0,,,0.0,0.0,0.0,801.043472,
348,NFCORE_RANGELAND:RANGELAND:PREPROCESSING:PREPROCESS_CONFIG,1722108955000,1722108956000,1,104.7,,6442450944.0,,,0.00092376583517125,0.00092376583517125,0.0,801.043472,
349,NFCORE_RANGELAND:RANGELAND:PREPROCESSING:PREPROCESS_CONFIG,1722108910000,1722108911000,1,70.2,,6442450944.0,,,0.0007918231278691667,0.0007918231278691667,0.0,801.043472,
350,NFCORE_RANGELAND:RANGELAND:PREPROCESSING:PREPROCESS_CONFIG,1722108910000,1722108911000,1,82.1,,6442450944.0,,,0.0008373338008226389,0.0008373338008226389,0.0,801.043472,
351,NFCORE_RANGELAND:RANGELAND:PREPROCESSING:PREPROCESS_CONFIG,1722108910000,1722108911000,1,81.7,,6442450944.0,,,0.0008358040303031945,0.0008358040303031945,0.0,801.043472,
352,NFCORE_RANGELAND:RANGELAND:PREPROCESSING:PREPROCESS_CONFIG,1722108920000,1722108921000,1,100.6,,6442450944.0,,,0.0009080856873469445,0.0009080856873469445,0.0,801.043472,
356,NFCORE_RANGELAND:RANGELAND:PREPROCESSING:PREPROCESS_CONFIG,1722108911000,1722108912000,1,96.6,,6442450944.0,,,0.0008927879821525001,0.0008927879821525001,0.0,801.043472,
355,NFCORE_RANGELAND:RANGELAND:PREPROCESSING:PREPROCESS_CONFIG,1722108911000,1722108911000,1,88.9,,6442450944.0,,,0.0,0.0,0.0,801.043472,
357,NFCORE_RANGELAND:RANGELAND:PREPROCESSING:PREPROCESS_CONFIG,1722108911000,1722108911000,1,79.6,,6442450944.0,,,0.0,0.0,0.0,801.043472,
354,NFCORE_RANGELAND:RANGELAND:PREPROCESSING:PREPROCESS_CONFIG,1722108911000,1722108912000,1,58.2,,6442450944.0,,,0.0007459300122858334,0.0007459300122858334,0.0,801.043472,
358,NFCORE_RANGELAND:RANGELAND:PREPROCESSING:PREPROCESS_CONFIG,1722108956000,1722108956000,1,101.4,,6442450944.0,,,0.0,0.0,0.0,801.043472,
359,NFCORE_RANGELAND:RANGELAND:PREPROCESSING:PREPROCESS_CONFIG,1722108912000,1722108912000,1,79.8,,6442450944.0,,,0.0,0.0,0.0,801.043472,
360,NFCORE_RANGELAND:RANGELAND:PREPROCESSING:PREPROCESS_CONFIG,1722108912000,1722108912000,1,83.1,,6442450944.0,,,0.0,0.0,0.0,801.043472,
361,NFCORE_RANGELAND:RANGELAND:PREPROCESSING:PREPROCESS_CONFIG,1722108912000,1722108913000,1,82.9,,6442450944.0,,,0.000840393341861528,0.000840393341861528,0.0,801.043472,
393,NFCORE_RANGELAND:RANGELAND:PREPROCESSING:PREPROCESS_CONFIG,1722108911000,1722108912000,1,86.3,,6442450944.0,,,0.0008533963912768056,0.0008533963912768056,0.0,801.043472,
363,NFCORE_RANGELAND:RANGELAND:PREPROCESSING:PREPROCESS_CONFIG,1722108911000,1722108912000,1,89.1,,6442450944.0,,,0.0008641047849129168,0.0008641047849129168,0.0,801.043472,
364,NFCORE_RANGELAND:RANGELAND:PREPROCESSING:PREPROCESS_CONFIG,1722108911000,1722108912000,1,87.9,,6442450944.0,,,0.0008595154733545835,0.0008595154733545835,0.0,801.043472,
365,NFCORE_RANGELAND:RANGELAND:PREPROCESSING:PREPROCESS_CONFIG,1722108956000,1722108956000,1,111.3,,6442450944.0,,,0.0,0.0,0.0,801.043472,
366,NFCORE_RANGELAND:RANGELAND:PREPROCESSING:PREPROCESS_CONFIG,1722108912000,1722108913000,1,70.1,,6442450944.0,,,0.0007914406852393056,0.0007914406852393056,0.0,801.043472,
367,NFCORE_RANGELAND:RANGELAND:PREPROCESSING:PREPROCESS_CONFIG,1722108912000,1722108912000,1,84.8,,6442450944.0,,,0.0,0.0,0.0,801.043472,
368,NFCORE_RANGELAND:RANGELAND:PREPROCESSING:PREPROCESS_CONFIG,1722108912000,1722108912000,1,73.1,,6442450944.0,,,0.0,0.0,0.0,801.043472,
370,NFCORE_RANGELAND:RANGELAND:PREPROCESSING:PREPROCESS_CONFIG,1722108912000,1722108912000,1,81.4,,6442450944.0,,,0.0,0.0,0.0,801.043472,
371,NFCORE_RANGELAND:RANGELAND:PREPROCESSING:PREPROCESS_CONFIG,1722108913000,1722108913000,1,74.6,,6442450944.0,,,0.0,0.0,0.0,801.043472,
372,NFCORE_RANGELAND:RANGELAND:PREPROCESSING:PREPROCESS_CONFIG,1722108958000,1722108958000,1,97.4,,6442450944.0,,,0.0,0.0,0.0,801.043472,
373,NFCORE_RANGELAND:RANGELAND:PREPROCESSING:PREPROCESS_CONFIG,1722108912000,1722108913000,1,86.6,,6442450944.0,,,0.0008545437191663889,0.0008545437191663889,0.0,801.043472,
374,NFCORE_RANGELAND:RANGELAND:PREPROCESSING:PREPROCESS_CONFIG,1722108913000,1722108913000,1,85.5,,6442450944.0,,,0.0,0.0,0.0,801.043472,
375,NFCORE_RANGELAND:RANGELAND:PREPROCESSING:PREPROCESS_CONFIG,1722108913000,1722108913000,1,80.0,,6442450944.0,,,0.0,0.0,0.0,801.043472,
376,NFCORE_RANGELAND:RANGELAND:PREPROCESSING:PREPROCESS_CONFIG,1722108913000,1722108913000,1,86.5,,6442450944.0,,,0.0,0.0,0.0,801.043472,
377,NFCORE_RANGELAND:RANGELAND:PREPROCESSING:PREPROCESS_CONFIG,1722108958000,1722108958000,1,98.7,,6442450944.0,,,0.0,0.0,0.0,801.043472,
378,NFCORE_RANGELAND:RANGELAND:PREPROCESSING:PREPROCESS_CONFIG,1722108959000,1722108959000,1,101.4,,6442450944.0,,,0.0,0.0,0.0,801.043472,
380,NFCORE_RANGELAND:RANGELAND:PREPROCESSING:PREPROCESS_CONFIG,1722108913000,1722108913000,1,77.9,,6442450944.0,,,0.0,0.0,0.0,801.043472,
379,NFCORE_RANGELAND:RANGELAND:PREPROCESSING:PREPROCESS_CONFIG,1722108914000,1722108914000,1,80.4,,6442450944.0,,,0.0,0.0,0.0,801.043472,
381,NFCORE_RANGELAND:RANGELAND:PREPROCESSING:PREPROCESS_CONFIG,1722108913000,1722108913000,1,87.1,,6442450944.0,,,0.0,0.0,0.0,801.043472,
382,NFCORE_RANGELAND:RANGELAND:PREPROCESSING:PREPROCESS_CONFIG,1722108914000,1722108914000,1,86.7,,6442450944.0,,,0.0,0.0,0.0,801.043472,
383,NFCORE_RANGELAND:RANGELAND:PREPROCESSING:PREPROCESS_CONFIG,1722108914000,1722108914000,1,81.5,,6442450944.0,,,0.0,0.0,0.0,801.043472,
385,NFCORE_RANGELAND:RANGELAND:PREPROCESSING:PREPROCESS_CONFIG,1722108918000,1722108919000,1,110.3,,6442450944.0,,,0.0009451826224434722,0.0009451826224434722,0.0,801.043472,
384,NFCORE_RANGELAND:RANGELAND:PREPROCESSING:PREPROCESS_CONFIG,1722108915000,1722108915000,1,78.8,,6442450944.0,,,0.0,0.0,0.0,801.043472,
386,NFCORE_RANGELAND:RANGELAND:PREPROCESSING:PREPROCESS_CONFIG,1722108913000,1722108913000,1,73.6,,6442450944.0,,,0.0,0.0,0.0,801.043472,
387,NFCORE_RANGELAND:RANGELAND:PREPROCESSING:PREPROCESS_CONFIG,1722108918000,1722108918000,1,94.5,,6442450944.0,,,0.0,0.0,0.0,801.043472,
388,NFCORE_RANGELAND:RANGELAND:PREPROCESSING:PREPROCESS_CONFIG,1722108919000,1722108919000,1,98.1,,6442450944.0,,,0.0,0.0,0.0,801.043472,
390,NFCORE_RANGELAND:RANGELAND:PREPROCESSING:PREPROCESS_CONFIG,1722108913000,1722108914000,1,71.5,,6442450944.0,,,0.0007967948820573612,0.0007967948820573612,0.0,801.043472,
389,NFCORE_RANGELAND:RANGELAND:PREPROCESSING:PREPROCESS_CONFIG,1722108914000,1722108914000,1,67.7,,6442450944.0,,,0.0,0.0,0.0,801.043472,
391,NFCORE_RANGELAND:RANGELAND:PREPROCESSING:PREPROCESS_CONFIG,1722108959000,1722108959000,1,106.7,,6442450944.0,,,0.0,0.0,0.0,801.043472,
392,NFCORE_RANGELAND:RANGELAND:PREPROCESSING:PREPROCESS_CONFIG,1722108959000,1722108959000,1,100.4,,6442450944.0,,,0.0,0.0,0.0,801.043472,
395,NFCORE_RANGELAND:RANGELAND:PREPROCESSING:PREPROCESS_CONFIG,1722108914000,1722108914000,1,73.2,,6442450944.0,,,0.0,0.0,0.0,801.043472,
396,NFCORE_RANGELAND:RANGELAND:PREPROCESSING:PREPROCESS_CONFIG,1722108959000,1722108960000,1,95.3,,6442450944.0,,,0.0008878162279643057,0.0008878162279643057,0.0,801.043472,
394,NFCORE_RANGELAND:RANGELAND:PREPROCESSING:PREPROCESS_CONFIG,1722108915000,1722108915000,1,84.2,,6442450944.0,,,0.0,0.0,0.0,801.043472,
397,NFCORE_RANGELAND:RANGELAND:PREPROCESSING:PREPROCESS_CONFIG,1722108915000,1722108915000,1,89.6,,6442450944.0,,,0.0,0.0,0.0,801.043472,
398,NFCORE_RANGELAND:RANGELAND:PREPROCESSING:PREPROCESS_CONFIG,1722108916000,1722108917000,1,83.0,,6442450944.0,,,0.0008407757844913889,0.0008407757844913889,0.0,801.043472,
399,NFCORE_RANGELAND:RANGELAND:PREPROCESSING:PREPROCESS_CONFIG,1722108915000,1722108915000,1,70.9,,6442450944.0,,,0.0,0.0,0.0,801.043472,
400,NFCORE_RANGELAND:RANGELAND:PREPROCESSING:PREPROCESS_CONFIG,1722108915000,1722108915000,1,70.3,,6442450944.0,,,0.0,0.0,0.0,801.043472,
401,NFCORE_RANGELAND:RANGELAND:PREPROCESSING:PREPROCESS_CONFIG,1722108915000,1722108915000,1,79.7,,6442450944.0,,,0.0,0.0,0.0,801.043472,
402,NFCORE_RANGELAND:RANGELAND:PREPROCESSING:PREPROCESS_CONFIG,1722108915000,1722108915000,1,90.6,,6442450944.0,,,0.0,0.0,0.0,801.043472,
404,NFCORE_RANGELAND:RANGELAND:PREPROCESSING:PREPROCESS_CONFIG,1722108914000,1722108915000,1,76.4,,6442450944.0,,,0.0008155345709205555,0.0008155345709205555,0.0,801.043472,
403,NFCORE_RANGELAND:RANGELAND:PREPROCESSING:PREPROCESS_CONFIG,1722108915000,1722108916000,1,84.6,,6442450944.0,,,0.0008468948665691667,0.0008468948665691667,0.0,801.043472,
405,NFCORE_RANGELAND:RANGELAND:PREPROCESSING:PREPROCESS_CONFIG,1722108960000,1722108960000,1,104.2,,6442450944.0,,,0.0,0.0,0.0,801.043472,
406,NFCORE_RANGELAND:RANGELAND:PREPROCESSING:PREPROCESS_CONFIG,1722108915000,1722108915000,1,80.4,,6442450944.0,,,0.0,0.0,0.0,801.043472,
407,NFCORE_RANGELAND:RANGELAND:PREPROCESSING:PREPROCESS_CONFIG,1722108916000,1722108916000,1,70.9,,6442450944.0,,,0.0,0.0,0.0,801.043472,
436,NFCORE_RANGELAND:RANGELAND:PREPROCESSING:PREPROCESS_CONFIG,1722108915000,1722108915000,1,78.6,,6442450944.0,,,0.0,0.0,0.0,801.043472,
408,NFCORE_RANGELAND:RANGELAND:PREPROCESSING:PREPROCESS_CONFIG,1722108915000,1722108915000,1,80.0,,6442450944.0,,,0.0,0.0,0.0,801.043472,
410,NFCORE_RANGELAND:RANGELAND:PREPROCESSING:PREPROCESS_CONFIG,1722108917000,1722108917000,1,79.5,,6442450944.0,,,0.0,0.0,0.0,801.043472,
411,NFCORE_RANGELAND:RANGELAND:PREPROCESSING:PREPROCESS_CONFIG,1722108916000,1722108916000,1,78.6,,6442450944.0,,,0.0,0.0,0.0,801.043472,
409,NFCORE_RANGELAND:RANGELAND:PREPROCESSING:PREPROCESS_CONFIG,1722108916000,1722108916000,1,85.9,,6442450944.0,,,0.0,0.0,0.0,801.043472,
413,NFCORE_RANGELAND:RANGELAND:PREPROCESSING:PREPROCESS_CONFIG,1722108915000,1722108916000,1,71.6,,6442450944.0,,,0.0007971773246872224,0.0007971773246872224,0.0,801.043472,
412,NFCORE_RANGELAND:RANGELAND:PREPROCESSING:PREPROCESS_CONFIG,1722108916000,1722108916000,1,74.9,,6442450944.0,,,0.0,0.0,0.0,801.043472,
415,NFCORE_RANGELAND:RANGELAND:PREPROCESSING:PREPROCESS_CONFIG,1722108916000,1722108916000,1,80.7,,6442450944.0,,,0.0,0.0,0.0,801.043472,
414,NFCORE_RANGELAND:RANGELAND:PREPROCESSING:PREPROCESS_CONFIG,1722108916000,1722108916000,1,77.6,,6442450944.0,,,0.0,0.0,0.0,801.043472,
416,NFCORE_RANGELAND:RANGELAND:PREPROCESSING:PREPROCESS_CONFIG,1722108916000,1722108916000,1,72.4,,6442450944.0,,,0.0,0.0,0.0,801.043472,
418,NFCORE_RANGELAND:RANGELAND:PREPROCESSING:PREPROCESS_CONFIG,1722108916000,1722108916000,1,76.2,,6442450944.0,,,0.0,0.0,0.0,801.043472,
417,NFCORE_RANGELAND:RANGELAND:PREPROCESSING:PREPROCESS_CONFIG,1722108916000,1722108916000,1,72.0,,6442450944.0,,,0.0,0.0,0.0,801.043472,
419,NFCORE_RANGELAND:RANGELAND:PREPROCESSING:PREPROCESS_CONFIG,1722108916000,1722108916000,1,80.0,,6442450944.0,,,0.0,0.0,0.0,801.043472,
420,NFCORE_RANGELAND:RANGELAND:PREPROCESSING:PREPROCESS_CONFIG,1722108916000,1722108917000,1,80.8,,6442450944.0,,,0.0008323620466344445,0.0008323620466344445,0.0,801.043472,
421,NFCORE_RANGELAND:RANGELAND:PREPROCESSING:PREPROCESS_CONFIG,1722108916000,1722108917000,1,78.2,,6442450944.0,,,0.0008224185382580555,0.0008224185382580555,0.0,801.043472,
422,NFCORE_RANGELAND:RANGELAND:PREPROCESSING:PREPROCESS_CONFIG,1722108917000,1722108917000,1,78.4,,6442450944.0,,,0.0,0.0,0.0,801.043472,
423,NFCORE_RANGELAND:RANGELAND:PREPROCESSING:PREPROCESS_CONFIG,1722108917000,1722108917000,1,79.8,,6442450944.0,,,0.0,0.0,0.0,801.043472,
454,NFCORE_RANGELAND:RANGELAND:PREPROCESSING:PREPROCESS_CONFIG,1722108917000,1722108917000,1,75.1,,6442450944.0,,,0.0,0.0,0.0,801.043472,
424,NFCORE_RANGELAND:RANGELAND:PREPROCESSING:PREPROCESS_CONFIG,1722108917000,1722108917000,1,81.9,,6442450944.0,,,0.0,0.0,0.0,801.043472,
425,NFCORE_RANGELAND:RANGELAND:PREPROCESSING:PREPROCESS_CONFIG,1722108961000,1722108961000,1,102.3,,6442450944.0,,,0.0,0.0,0.0,801.043472,
426,NFCORE_RANGELAND:RANGELAND:PREPROCESSING:PREPROCESS_CONFIG,1722108917000,1722108917000,1,77.6,,6442450944.0,,,0.0,0.0,0.0,801.043472,
427,NFCORE_RANGELAND:RANGELAND:PREPROCESSING:PREPROCESS_CONFIG,1722108917000,1722108917000,1,73.4,,6442450944.0,,,0.0,0.0,0.0,801.043472,
428,NFCORE_RANGELAND:RANGELAND:PREPROCESSING:PREPROCESS_CONFIG,1722108917000,1722108917000,1,72.1,,6442450944.0,,,0.0,0.0,0.0,801.043472,
429,NFCORE_RANGELAND:RANGELAND:PREPROCESSING:PREPROCESS_CONFIG,1722108917000,1722108917000,1,78.3,,6442450944.0,,,0.0,0.0,0.0,801.043472,
430,NFCORE_RANGELAND:RANGELAND:PREPROCESSING:PREPROCESS_CONFIG,1722108917000,1722108917000,1,73.9,,6442450944.0,,,0.0,0.0,0.0,801.043472,
432,NFCORE_RANGELAND:RANGELAND:PREPROCESSING:PREPROCESS_CONFIG,1722108917000,1722108917000,1,79.8,,6442450944.0,,,0.0,0.0,0.0,801.043472,
431,NFCORE_RANGELAND:RANGELAND:PREPROCESSING:PREPROCESS_CONFIG,1722108962000,1722108963000,1,104.2,,6442450944.0,,,0.0009218536220219446,0.0009218536220219446,0.0,801.043472,
433,NFCORE_RANGELAND:RANGELAND:PREPROCESSING:PREPROCESS_CONFIG,1722108918000,1722108918000,1,68.3,,6442450944.0,,,0.0,0.0,0.0,801.043472,
434,NFCORE_RANGELAND:RANGELAND:PREPROCESSING:PREPROCESS_CONFIG,1722108963000,1722108963000,1,107.7,,6442450944.0,,,0.0,0.0,0.0,801.043472,
435,NFCORE_RANGELAND:RANGELAND:PREPROCESSING:PREPROCESS_CONFIG,1722108918000,1722108918000,1,68.7,,6442450944.0,,,0.0,0.0,0.0,801.043472,
438,NFCORE_RANGELAND:RANGELAND:PREPROCESSING:PREPROCESS_CONFIG,1722108918000,1722108918000,1,78.9,,6442450944.0,,,0.0,0.0,0.0,801.043472,
437,NFCORE_RANGELAND:RANGELAND:PREPROCESSING:PREPROCESS_CONFIG,1722108918000,1722108919000,1,86.0,,6442450944.0,,,0.0008522490633872224,0.0008522490633872224,0.0,801.043472,
439,NFCORE_RANGELAND:RANGELAND:PREPROCESSING:PREPROCESS_CONFIG,1722108918000,1722108918000,1,77.3,,6442450944.0,,,0.0,0.0,0.0,801.043472,
440,NFCORE_RANGELAND:RANGELAND:PREPROCESSING:PREPROCESS_CONFIG,1722108918000,1722108918000,1,90.9,,6442450944.0,,,0.0,0.0,0.0,801.043472,
441,NFCORE_RANGELAND:RANGELAND:PREPROCESSING:PREPROCESS_CONFIG,1722108918000,1722108919000,1,77.3,,6442450944.0,,,0.0008189765545893057,0.0008189765545893057,0.0,801.043472,
443,NFCORE_RANGELAND:RANGELAND:PREPROCESSING:PREPROCESS_CONFIG,1722108919000,1722108919000,1,85.2,,6442450944.0,,,0.0,0.0,0.0,801.043472,
442,NFCORE_RANGELAND:RANGELAND:PREPROCESSING:PREPROCESS_CONFIG,1722108963000,1722108963000,1,106.2,,6442450944.0,,,0.0,0.0,0.0,801.043472,
445,NFCORE_RANGELAND:RANGELAND:PREPROCESSING:PREPROCESS_CONFIG,1722108918000,1722108919000,1,73.2,,6442450944.0,,,0.0008032964067650002,0.0008032964067650002,0.0,801.043472,
444,NFCORE_RANGELAND:RANGELAND:PREPROCESSING:PREPROCESS_CONFIG,1722108964000,1722108964000,1,108.5,,6442450944.0,,,0.0,0.0,0.0,801.043472,
446,NFCORE_RANGELAND:RANGELAND:PREPROCESSING:PREPROCESS_CONFIG,1722108919000,1722108919000,1,71.3,,6442450944.0,,,0.0,0.0,0.0,801.043472,
447,NFCORE_RANGELAND:RANGELAND:PREPROCESSING:PREPROCESS_CONFIG,1722108919000,1722108920000,1,84.0,,6442450944.0,,,0.0008446002107900001,0.0008446002107900001,0.0,801.043472,
449,NFCORE_RANGELAND:RANGELAND:PREPROCESSING:PREPROCESS_CONFIG,1722108919000,1722108919000,1,69.6,,6442450944.0,,,0.0,0.0,0.0,801.043472,
448,NFCORE_RANGELAND:RANGELAND:PREPROCESSING:PREPROCESS_CONFIG,1722108919000,1722108920000,1,91.4,,6442450944.0,,,0.0008729009653997223,0.0008729009653997223,0.0,801.043472,
451,NFCORE_RANGELAND:RANGELAND:PREPROCESSING:PREPROCESS_CONFIG,1722108919000,1722108920000,1,75.3,,6442450944.0,,,0.0008113277019920834,0.0008113277019920834,0.0,801.043472,
450,NFCORE_RANGELAND:RANGELAND:PREPROCESSING:PREPROCESS_CONFIG,1722108920000,1722108920000,1,64.6,,6442450944.0,,,0.0,0.0,0.0,801.043472,
452,NFCORE_RANGELAND:RANGELAND:PREPROCESSING:PREPROCESS_CONFIG,1722108919000,1722108920000,1,84.5,,6442450944.0,,,0.0008465124239393056,0.0008465124239393056,0.0,801.043472,
483,NFCORE_RANGELAND:RANGELAND:PREPROCESSING:PREPROCESS_CONFIG,1722108919000,1722108920000,1,60.3,,6442450944.0,,,0.0007539613075129168,0.0007539613075129168,0.0,801.043472,
455,NFCORE_RANGELAND:RANGELAND:PREPROCESSING:PREPROCESS_CONFIG,1722108919000,1722108920000,1,92.9,,6442450944.0,,,0.000878637604847639,0.000878637604847639,0.0,801.043472,
453,NFCORE_RANGELAND:RANGELAND:PREPROCESSING:PREPROCESS_CONFIG,1722108964000,1722108964000,1,102.8,,6442450944.0,,,0.0,0.0,0.0,801.043472,
457,NFCORE_RANGELAND:RANGELAND:PREPROCESSING:PREPROCESS_CONFIG,1722108919000,1722108920000,1,60.6,,6442450944.0,,,0.0007551086354025001,0.0007551086354025001,0.0,801.043472,
456,NFCORE_RANGELAND:RANGELAND:PREPROCESSING:PREPROCESS_CONFIG,1722108920000,1722108920000,1,74.6,,6442450944.0,,,0.0,0.0,0.0,801.043472,
458,NFCORE_RANGELAND:RANGELAND:PREPROCESSING:PREPROCESS_CONFIG,1722108920000,1722108920000,1,74.4,,6442450944.0,,,0.0,0.0,0.0,801.043472,
459,NFCORE_RANGELAND:RANGELAND:PREPROCESSING:PREPROCESS_CONFIG,1722108920000,1722108920000,1,75.8,,6442450944.0,,,0.0,0.0,0.0,801.043472,
461,NFCORE_RANGELAND:RANGELAND:PREPROCESSING:PREPROCESS_CONFIG,1722108920000,1722108920000,1,74.9,,6442450944.0,,,0.0,0.0,0.0,801.043472,
463,NFCORE_RANGELAND:RANGELAND:PREPROCESSING:PREPROCESS_CONFIG,1722108920000,1722108920000,1,77.3,,6442450944.0,,,0.0,0.0,0.0,801.043472,
460,NFCORE_RANGELAND:RANGELAND:PREPROCESSING:PREPROCESS_CONFIG,1722108920000,1722108920000,1,78.7,,6442450944.0,,,0.0,0.0,0.0,801.043472,
462,NFCORE_RANGELAND:RANGELAND:PREPROCESSING:PREPROCESS_CONFIG,1722108920000,1722108921000,1,70.5,,6442450944.0,,,0.0007929704557587502,0.0007929704557587502,0.0,801.043472,
465,NFCORE_RANGELAND:RANGELAND:PREPROCESSING:PREPROCESS_CONFIG,1722108920000,1722108921000,1,78.2,,6442450944.0,,,0.0008224185382580555,0.0008224185382580555,0.0,801.043472,
464,NFCORE_RANGELAND:RANGELAND:PREPROCESSING:PREPROCESS_CONFIG,1722108920000,1722108920000,1,73.2,,6442450944.0,,,0.0,0.0,0.0,801.043472,
467,NFCORE_RANGELAND:RANGELAND:PREPROCESSING:PREPROCESS_CONFIG,1722108920000,1722108921000,1,73.4,,6442450944.0,,,0.0008040612920247223,0.0008040612920247223,0.0,801.043472,
466,NFCORE_RANGELAND:RANGELAND:PREPROCESSING:PREPROCESS_CONFIG,1722108965000,1722108965000,1,105.2,,6442450944.0,,,0.0,0.0,0.0,801.043472,
468,NFCORE_RANGELAND:RANGELAND:PREPROCESSING:PREPROCESS_CONFIG,1722108920000,1722108921000,1,83.2,,6442450944.0,,,0.0008415406697511112,0.0008415406697511112,0.0,801.043472,
498,NFCORE_RANGELAND:RANGELAND:PREPROCESSING:PREPROCESS_CONFIG,1722108920000,1722108921000,1,75.2,,6442450944.0,,,0.0008109452593622223,0.0008109452593622223,0.0,801.043472,
470,NFCORE_RANGELAND:RANGELAND:PREPROCESSING:PREPROCESS_CONFIG,1722108920000,1722108921000,1,76.2,,6442450944.0,,,0.0008147696856608335,0.0008147696856608335,0.0,801.043472,
469,NFCORE_RANGELAND:RANGELAND:PREPROCESSING:PREPROCESS_CONFIG,1722108965000,1722108966000,1,91.4,,6442450944.0,,,0.0008729009653997223,0.0008729009653997223,0.0,801.043472,
471,NFCORE_RANGELAND:RANGELAND:PREPROCESSING:PREPROCESS_CONFIG,1722108921000,1722108921000,1,71.7,,6442450944.0,,,0.0,0.0,0.0,801.043472,
472,NFCORE_RANGELAND:RANGELAND:PREPROCESSING:PREPROCESS_CONFIG,1722108921000,1722108921000,1,66.9,,6442450944.0,,,0.0,0.0,0.0,801.043472,
473,NFCORE_RANGELAND:RANGELAND:PREPROCESSING:PREPROCESS_CONFIG,1722108921000,1722108921000,1,86.5,,6442450944.0,,,0.0,0.0,0.0,801.043472,
474,NFCORE_RANGELAND:RANGELAND:PREPROCESSING:PREPROCESS_CONFIG,1722108921000,1722108921000,1,80.3,,6442450944.0,,,0.0,0.0,0.0,801.043472,
476,NFCORE_RANGELAND:RANGELAND:PREPROCESSING:PREPROCESS_CONFIG,1722108921000,1722108921000,1,72.7,,6442450944.0,,,0.0,0.0,0.0,801.043472,
478,NFCORE_RANGELAND:RANGELAND:PREPROCESSING:PREPROCESS_CONFIG,1722108921000,1722108921000,1,83.2,,6442450944.0,,,0.0,0.0,0.0,801.043472,
477,NFCORE_RANGELAND:RANGELAND:PREPROCESSING:PREPROCESS_CONFIG,1722108921000,1722108922000,1,78.5,,6442450944.0,,,0.000823565866147639,0.000823565866147639,0.0,801.043472,
480,NFCORE_RANGELAND:RANGELAND:PREPROCESSING:PREPROCESS_CONFIG,1722108921000,1722108922000,1,66.7,,6442450944.0,,,0.0007784376358240277,0.0007784376358240277,0.0,801.043472,
479,NFCORE_RANGELAND:RANGELAND:PREPROCESSING:PREPROCESS_CONFIG,1722108921000,1722108922000,1,67.3,,6442450944.0,,,0.0007807322916031945,0.0007807322916031945,0.0,801.043472,
475,NFCORE_RANGELAND:RANGELAND:PREPROCESSING:PREPROCESS_CONFIG,1722108921000,1722108922000,1,81.8,,6442450944.0,,,0.0008361864729330556,0.0008361864729330556,0.0,801.043472,
481,NFCORE_RANGELAND:RANGELAND:PREPROCESSING:PREPROCESS_CONFIG,1722108966000,1722108966000,1,100.9,,6442450944.0,,,0.0,0.0,0.0,801.043472,
482,NFCORE_RANGELAND:RANGELAND:PREPROCESSING:PREPROCESS_CONFIG,1722108966000,1722108966000,1,96.6,,6442450944.0,,,0.0,0.0,0.0,801.043472,
484,NFCORE_RANGELAND:RANGELAND:PREPROCESSING:PREPROCESS_CONFIG,1722108922000,1722108922000,1,77.4,,6442450944.0,,,0.0,0.0,0.0,801.043472,
486,NFCORE_RANGELAND:RANGELAND:PREPROCESSING:PREPROCESS_CONFIG,1722108922000,1722108922000,1,76.9,,6442450944.0,,,0.0,0.0,0.0,801.043472,
485,NFCORE_RANGELAND:RANGELAND:PREPROCESSING:PREPROCESS_CONFIG,1722108922000,1722108922000,1,72.0,,6442450944.0,,,0.0,0.0,0.0,801.043472,
488,NFCORE_RANGELAND:RANGELAND:PREPROCESSING:PREPROCESS_CONFIG,1722108967000,1722108967000,1,100.9,,6442450944.0,,,0.0,0.0,0.0,801.043472,
490,NFCORE_RANGELAND:RANGELAND:PREPROCESSING:PREPROCESS_CONFIG,1722108922000,1722108923000,1,77.6,,6442450944.0,,,0.000820123882478889,0.000820123882478889,0.0,801.043472,
518,NFCORE_RANGELAND:RANGELAND:PREPROCESSING:PREPROCESS_CONFIG,1722108922000,1722108923000,1,80.3,,6442450944.0,,,0.0008304498334851389,0.0008304498334851389,0.0,801.043472,
487,NFCORE_RANGELAND:RANGELAND:PREPROCESSING:PREPROCESS_CONFIG,1722108922000,1722108923000,1,71.8,,6442450944.0,,,0.0007979422099469444,0.0007979422099469444,0.0,801.043472,
489,NFCORE_RANGELAND:RANGELAND:PREPROCESSING:PREPROCESS_CONFIG,1722108922000,1722108923000,1,68.8,,6442450944.0,,,0.0007864689310511112,0.0007864689310511112,0.0,801.043472,
492,NFCORE_RANGELAND:RANGELAND:PREPROCESSING:PREPROCESS_CONFIG,1722108922000,1722108923000,1,82.8,,6442450944.0,,,0.0008400108992316668,0.0008400108992316668,0.0,801.043472,
491,NFCORE_RANGELAND:RANGELAND:PREPROCESSING:PREPROCESS_CONFIG,1722108922000,1722108923000,1,79.0,,6442450944.0,,,0.0008254780792969446,0.0008254780792969446,0.0,801.043472,
493,NFCORE_RANGELAND:RANGELAND:PREPROCESSING:PREPROCESS_CONFIG,1722108923000,1722108923000,1,71.7,,6442450944.0,,,0.0,0.0,0.0,801.043472,
494,NFCORE_RANGELAND:RANGELAND:PREPROCESSING:PREPROCESS_CONFIG,1722108923000,1722108923000,1,75.8,,6442450944.0,,,0.0,0.0,0.0,801.043472,
526,NFCORE_RANGELAND:RANGELAND:PREPROCESSING:PREPROCESS_CONFIG,1722108923000,1722108923000,1,81.1,,6442450944.0,,,0.0,0.0,0.0,801.043472,
525,NFCORE_RANGELAND:RANGELAND:PREPROCESSING:PREPROCESS_CONFIG,1722108923000,1722108923000,1,90.4,,6442450944.0,,,0.0,0.0,0.0,801.043472,
495,NFCORE_RANGELAND:RANGELAND:PREPROCESSING:PREPROCESS_CONFIG,1722108923000,1722108923000,1,69.4,,6442450944.0,,,0.0,0.0,0.0,801.043472,
496,NFCORE_RANGELAND:RANGELAND:PREPROCESSING:PREPROCESS_CONFIG,1722108923000,1722108923000,1,70.5,,6442450944.0,,,0.0,0.0,0.0,801.043472,
497,NFCORE_RANGELAND:RANGELAND:PREPROCESSING:PREPROCESS_CONFIG,1722108968000,1722108968000,1,97.4,,6442450944.0,,,0.0,0.0,0.0,801.043472,
499,NFCORE_RANGELAND:RANGELAND:PREPROCESSING:PREPROCESS_CONFIG,1722108923000,1722108924000,1,46.7,,6442450944.0,,,0.0007019491098518056,0.0007019491098518056,0.0,801.043472,
500,NFCORE_RANGELAND:RANGELAND:PREPROCESSING:PREPROCESS_CONFIG,1722108923000,1722108923000,1,71.6,,6442450944.0,,,0.0,0.0,0.0,801.043472,
501,NFCORE_RANGELAND:RANGELAND:PREPROCESSING:PREPROCESS_CONFIG,1722108968000,1722108968000,1,115.8,,6442450944.0,,,0.0,0.0,0.0,801.043472,
534,NFCORE_RANGELAND:RANGELAND:PREPROCESSING:PREPROCESS_CONFIG,1722108923000,1722108923000,1,90.1,,6442450944.0,,,0.0,0.0,0.0,801.043472,
502,NFCORE_RANGELAND:RANGELAND:PREPROCESSING:PREPROCESS_CONFIG,1722108968000,1722108968000,1,100.9,,6442450944.0,,,0.0,0.0,0.0,801.043472,
503,NFCORE_RANGELAND:RANGELAND:PREPROCESSING:PREPROCESS_CONFIG,1722108924000,1722108924000,1,74.6,,6442450944.0,,,0.0,0.0,0.0,801.043472,
504,NFCORE_RANGELAND:RANGELAND:PREPROCESSING:PREPROCESS_CONFIG,1722108924000,1722108924000,1,86.3,,6442450944.0,,,0.0,0.0,0.0,801.043472,
505,NFCORE_RANGELAND:RANGELAND:PREPROCESSING:PREPROCESS_CONFIG,1722108924000,1722108924000,1,85.9,,6442450944.0,,,0.0,0.0,0.0,801.043472,
507,NFCORE_RANGELAND:RANGELAND:PREPROCESSING:PREPROCESS_CONFIG,1722108924000,1722108924000,1,75.7,,6442450944.0,,,0.0,0.0,0.0,801.043472,
506,NFCORE_RANGELAND:RANGELAND:PREPROCESSING:PREPROCESS_CONFIG,1722108924000,1722108924000,1,81.1,,6442450944.0,,,0.0,0.0,0.0,801.043472,
510,NFCORE_RANGELAND:RANGELAND:PREPROCESSING:PREPROCESS_CONFIG,1722108924000,1722108924000,1,80.2,,6442450944.0,,,0.0,0.0,0.0,801.043472,
541,NFCORE_RANGELAND:RANGELAND:PREPROCESSING:PREPROCESS_CONFIG,1722108924000,1722108924000,1,75.7,,6442450944.0,,,0.0,0.0,0.0,801.043472,
509,NFCORE_RANGELAND:RANGELAND:PREPROCESSING:PREPROCESS_CONFIG,1722108924000,1722108925000,1,83.9,,6442450944.0,,,0.0008442177681601391,0.0008442177681601391,0.0,801.043472,
508,NFCORE_RANGELAND:RANGELAND:PREPROCESSING:PREPROCESS_CONFIG,1722108924000,1722108924000,1,81.8,,6442450944.0,,,0.0,0.0,0.0,801.043472,
511,NFCORE_RANGELAND:RANGELAND:PREPROCESSING:PREPROCESS_CONFIG,1722108924000,1722108925000,1,76.0,,6442450944.0,,,0.0008140048004011113,0.0008140048004011113,0.0,801.043472,
512,NFCORE_RANGELAND:RANGELAND:PREPROCESSING:PREPROCESS_CONFIG,1722108924000,1722108925000,1,73.6,,6442450944.0,,,0.0008048261772844444,0.0008048261772844444,0.0,801.043472,
513,NFCORE_RANGELAND:RANGELAND:PREPROCESSING:PREPROCESS_CONFIG,1722108970000,1722108970000,1,103.2,,6442450944.0,,,0.0,0.0,0.0,801.043472,
515,NFCORE_RANGELAND:RANGELAND:PREPROCESSING:PREPROCESS_CONFIG,1722108969000,1722108969000,1,100.0,,6442450944.0,,,0.0,0.0,0.0,801.043472,
514,NFCORE_RANGELAND:RANGELAND:PREPROCESSING:PREPROCESS_CONFIG,1722108925000,1722108925000,1,76.0,,6442450944.0,,,0.0,0.0,0.0,801.043472,
550,NFCORE_RANGELAND:RANGELAND:PREPROCESSING:PREPROCESS_CONFIG,1722108925000,1722108925000,1,70.6,,6442450944.0,,,0.0,0.0,0.0,801.043472,
517,NFCORE_RANGELAND:RANGELAND:PREPROCESSING:PREPROCESS_CONFIG,1722108925000,1722108925000,1,77.4,,6442450944.0,,,0.0,0.0,0.0,801.043472,
516,NFCORE_RANGELAND:RANGELAND:PREPROCESSING:PREPROCESS_CONFIG,1722108970000,1722108970000,1,99.1,,6442450944.0,,,0.0,0.0,0.0,801.043472,
519,NFCORE_RANGELAND:RANGELAND:PREPROCESSING:PREPROCESS_CONFIG,1722108926000,1722108926000,1,71.9,,6442450944.0,,,0.0,0.0,0.0,801.043472,
521,NFCORE_RANGELAND:RANGELAND:PREPROCESSING:PREPROCESS_CONFIG,1722108926000,1722108926000,1,71.3,,6442450944.0,,,0.0,0.0,0.0,801.043472,
520,NFCORE_RANGELAND:RANGELAND:PREPROCESSING:PREPROCESS_CONFIG,1722108925000,1722108926000,1,87.8,,6442450944.0,,,0.0008591330307247223,0.0008591330307247223,0.0,801.043472,
523,NFCORE_RANGELAND:RANGELAND:PREPROCESSING:PREPROCESS_CONFIG,1722108925000,1722108925000,1,66.5,,6442450944.0,,,0.0,0.0,0.0,801.043472,
522,NFCORE_RANGELAND:RANGELAND:PREPROCESSING:PREPROCESS_CONFIG,1722108926000,1722108926000,1,87.5,,6442450944.0,,,0.0,0.0,0.0,801.043472,
524,NFCORE_RANGELAND:RANGELAND:PREPROCESSING:PREPROCESS_CONFIG,1722108925000,1722108926000,1,68.3,,6442450944.0,,,0.0007845567179018057,0.0007845567179018057,0.0,801.043472,
527,NFCORE_RANGELAND:RANGELAND:PREPROCESSING:PREPROCESS_CONFIG,1722108926000,1722108926000,1,73.5,,6442450944.0,,,0.0,0.0,0.0,801.043472,
528,NFCORE_RANGELAND:RANGELAND:PREPROCESSING:PREPROCESS_CONFIG,1722108926000,1722108926000,1,68.1,,6442450944.0,,,0.0,0.0,0.0,801.043472,
529,NFCORE_RANGELAND:RANGELAND:PREPROCESSING:PREPROCESS_CONFIG,1722108926000,1722108926000,1,81.5,,6442450944.0,,,0.0,0.0,0.0,801.043472,
530,NFCORE_RANGELAND:RANGELAND:PREPROCESSING:PREPROCESS_CONFIG,1722108926000,1722108927000,1,80.9,,6442450944.0,,,0.0008327444892643057,0.0008327444892643057,0.0,801.043472,
531,NFCORE_RANGELAND:RANGELAND:PREPROCESSING:PREPROCESS_CONFIG,1722108926000,1722108926000,1,54.5,,6442450944.0,,,0.0,0.0,0.0,801.043472,
532,NFCORE_RANGELAND:RANGELAND:PREPROCESSING:PREPROCESS_CONFIG,1722108926000,1722108926000,1,73.4,,6442450944.0,,,0.0,0.0,0.0,801.043472,
533,NFCORE_RANGELAND:RANGELAND:PREPROCESSING:PREPROCESS_CONFIG,1722108926000,1722108926000,1,65.8,,6442450944.0,,,0.0,0.0,0.0,801.043472,
535,NFCORE_RANGELAND:RANGELAND:PREPROCESSING:PREPROCESS_CONFIG,1722108926000,1722108926000,1,76.6,,6442450944.0,,,0.0,0.0,0.0,801.043472,
537,NFCORE_RANGELAND:RANGELAND:PREPROCESSING:PREPROCESS_CONFIG,1722108926000,1722108926000,1,81.4,,6442450944.0,,,0.0,0.0,0.0,801.043472,
536,NFCORE_RANGELAND:RANGELAND:PREPROCESSING:PREPROCESS_CONFIG,1722108971000,1722108971000,1,110.8,,6442450944.0,,,0.0,0.0,0.0,801.043472,
538,NFCORE_RANGELAND:RANGELAND:PREPROCESSING:PREPROCESS_CONFIG,1722108926000,1722108927000,1,69.9,,6442450944.0,,,0.0007906757999795835,0.0007906757999795835,0.0,801.043472,
540,NFCORE_RANGELAND:RANGELAND:PREPROCESSING:PREPROCESS_CONFIG,1722108926000,1722108927000,1,72.9,,6442450944.0,,,0.0008021490788754168,0.0008021490788754168,0.0,801.043472,
539,NFCORE_RANGELAND:RANGELAND:PREPROCESSING:PREPROCESS_CONFIG,1722108926000,1722108927000,1,71.1,,6442450944.0,,,0.0007952651115379168,0.0007952651115379168,0.0,801.043472,
542,NFCORE_RANGELAND:RANGELAND:PREPROCESSING:PREPROCESS_CONFIG,1722108927000,1722108927000,1,76.9,,6442450944.0,,,0.0,0.0,0.0,801.043472,
543,NFCORE_RANGELAND:RANGELAND:PREPROCESSING:PREPROCESS_CONFIG,1722108927000,1722108927000,1,72.6,,6442450944.0,,,0.0,0.0,0.0,801.043472,
544,NFCORE_RANGELAND:RANGELAND:PREPROCESSING:PREPROCESS_CONFIG,1722108927000,1722108927000,1,67.0,,6442450944.0,,,0.0,0.0,0.0,801.043472,
545,NFCORE_RANGELAND:RANGELAND:PREPROCESSING:PREPROCESS_CONFIG,1722108927000,1722108928000,1,66.8,,6442450944.0,,,0.000778820078453889,0.000778820078453889,0.0,801.043472,
547,NFCORE_RANGELAND:RANGELAND:PREPROCESSING:PREPROCESS_CONFIG,1722108927000,1722108928000,1,77.3,,6442450944.0,,,0.0008189765545893057,0.0008189765545893057,0.0,801.043472,
546,NFCORE_RANGELAND:RANGELAND:PREPROCESSING:PREPROCESS_CONFIG,1722108927000,1722108928000,1,66.2,,6442450944.0,,,0.0007765254226747224,0.0007765254226747224,0.0,801.043472,
549,NFCORE_RANGELAND:RANGELAND:PREPROCESSING:PREPROCESS_CONFIG,1722108927000,1722108928000,1,78.2,,6442450944.0,,,0.0008224185382580555,0.0008224185382580555,0.0,801.043472,
548,NFCORE_RANGELAND:RANGELAND:PREPROCESSING:PREPROCESS_CONFIG,1722108972000,1722108973000,1,101.2,,6442450944.0,,,0.0009103803431261112,0.0009103803431261112,0.0,801.043472,
551,NFCORE_RANGELAND:RANGELAND:PREPROCESSING:PREPROCESS_CONFIG,1722108928000,1722108928000,1,81.1,,6442450944.0,,,0.0,0.0,0.0,801.043472,
552,NFCORE_RANGELAND:RANGELAND:PREPROCESSING:PREPROCESS_CONFIG,1722108973000,1722108973000,1,112.9,,6442450944.0,,,0.0,0.0,0.0,801.043472,
553,NFCORE_RANGELAND:RANGELAND:PREPROCESSING:PREPROCESS_CONFIG,1722108928000,1722108928000,1,83.6,,6442450944.0,,,0.0,0.0,0.0,801.043472,
555,NFCORE_RANGELAND:RANGELAND:PREPROCESSING:PREPROCESS_CONFIG,1722108928000,1722108928000,1,73.2,,6442450944.0,,,0.0,0.0,0.0,801.043472,
554,NFCORE_RANGELAND:RANGELAND:PREPROCESSING:PREPROCESS_CONFIG,1722108928000,1722108929000,1,81.3,,6442450944.0,,,0.0008342742597837502,0.0008342742597837502,0.0,801.043472,
557,NFCORE_RANGELAND:RANGELAND:PREPROCESSING:PREPROCESS_CONFIG,1722108928000,1722108928000,1,76.4,,6442450944.0,,,0.0,0.0,0.0,801.043472,
558,NFCORE_RANGELAND:RANGELAND:PREPROCESSING:PREPROCESS_CONFIG,1722108973000,1722108973000,1,96.1,,6442450944.0,,,0.0,0.0,0.0,801.043472,
556,NFCORE_RANGELAND:RANGELAND:PREPROCESSING:PREPROCESS_CONFIG,1722108928000,1722108929000,1,77.0,,6442450944.0,,,0.0008178292266997223,0.0008178292266997223,0.0,801.043472,
560,NFCORE_RANGELAND:RANGELAND:PREPROCESSING:PREPROCESS_CONFIG,1722108928000,1722108929000,1,77.3,,6442450944.0,,,0.0008189765545893057,0.0008189765545893057,0.0,801.043472,
559,NFCORE_RANGELAND:RANGELAND:PREPROCESSING:PREPROCESS_CONFIG,1722108928000,1722108929000,1,73.9,,6442450944.0,,,0.0008059735051740279,0.0008059735051740279,0.0,801.043472,
561,NFCORE_RANGELAND:RANGELAND:PREPROCESSING:PREPROCESS_CONFIG,1722108928000,1722108929000,1,82.1,,6442450944.0,,,0.0008373338008226389,0.0008373338008226389,0.0,801.043472,
562,NFCORE_RANGELAND:RANGELAND:PREPROCESSING:PREPROCESS_CONFIG,1722108929000,1722108929000,1,76.0,,6442450944.0,,,0.0,0.0,0.0,801.043472,
563,NFCORE_RANGELAND:RANGELAND:PREPROCESSING:PREPROCESS_CONFIG,1722108929000,1722108929000,1,72.1,,6442450944.0,,,0.0,0.0,0.0,801.043472,
565,NFCORE_RANGELAND:RANGELAND:PREPROCESSING:PREPROCESS_CONFIG,1722108929000,1722108929000,1,77.6,,6442450944.0,,,0.0,0.0,0.0,801.043472,
593,NFCORE_RANGELAND:RANGELAND:PREPROCESSING:PREPROCESS_CONFIG,1722108929000,1722108929000,1,78.0,,6442450944.0,,,0.0,0.0,0.0,801.043472,
564,NFCORE_RANGELAND:RANGELAND:PREPROCESSING:PREPROCESS_CONFIG,1722108929000,1722108929000,1,72.7,,6442450944.0,,,0.0,0.0,0.0,801.043472,
566,NFCORE_RANGELAND:RANGELAND:PREPROCESSING:PREPROCESS_CONFIG,1722108929000,1722108930000,1,71.7,,6442450944.0,,,0.0007975597673170834,0.0007975597673170834,0.0,801.043472,
567,NFCORE_RANGELAND:RANGELAND:PREPROCESSING:PREPROCESS_CONFIG,1722108929000,1722108930000,1,70.8,,6442450944.0,,,0.0007941177836483335,0.0007941177836483335,0.0,801.043472,
568,NFCORE_RANGELAND:RANGELAND:PREPROCESSING:PREPROCESS_CONFIG,1722108929000,1722108929000,1,69.9,,6442450944.0,,,0.0,0.0,0.0,801.043472,
569,NFCORE_RANGELAND:RANGELAND:PREPROCESSING:PREPROCESS_CONFIG,1722108929000,1722108930000,1,73.1,,6442450944.0,,,0.0008029139641351388,0.0008029139641351388,0.0,801.043472,
570,NFCORE_RANGELAND:RANGELAND:PREPROCESSING:PREPROCESS_CONFIG,1722108929000,1722108930000,1,77.9,,6442450944.0,,,0.0008212712103684723,0.0008212712103684723,0.0,801.043472,
571,NFCORE_RANGELAND:RANGELAND:PREPROCESSING:PREPROCESS_CONFIG,1722108929000,1722108930000,1,80.5,,6442450944.0,,,0.0008312147187448611,0.0008312147187448611,0.0,801.043472,
573,NFCORE_RANGELAND:RANGELAND:PREPROCESSING:PREPROCESS_CONFIG,1722108930000,1722108930000,1,65.8,,6442450944.0,,,0.0,0.0,0.0,801.043472,
572,NFCORE_RANGELAND:RANGELAND:PREPROCESSING:PREPROCESS_CONFIG,1722108930000,1722108930000,1,69.1,,6442450944.0,,,0.0,0.0,0.0,801.043472,
574,NFCORE_RANGELAND:RANGELAND:PREPROCESSING:PREPROCESS_CONFIG,1722108930000,1722108930000,1,68.1,,6442450944.0,,,0.0,0.0,0.0,801.043472,
575,NFCORE_RANGELAND:RANGELAND:PREPROCESSING:PREPROCESS_CONFIG,1722108975000,1722108975000,1,98.5,,6442450944.0,,,0.0,0.0,0.0,801.043472,
576,NFCORE_RANGELAND:RANGELAND:PREPROCESSING:PREPROCESS_CONFIG,1722108930000,1722108930000,1,79.3,,6442450944.0,,,0.0,0.0,0.0,801.043472,
578,NFCORE_RANGELAND:RANGELAND:PREPROCESSING:PREPROCESS_CONFIG,1722108930000,1722108931000,1,75.7,,6442450944.0,,,0.0008128574725115279,0.0008128574725115279,0.0,801.043472,
577,NFCORE_RANGELAND:RANGELAND:PREPROCESSING:PREPROCESS_CONFIG,1722108930000,1722108930000,1,72.1,,6442450944.0,,,0.0,0.0,0.0,801.043472,
608,NFCORE_RANGELAND:RANGELAND:PREPROCESSING:PREPROCESS_CONFIG,1722108930000,1722108930000,1,80.0,,6442450944.0,,,0.0,0.0,0.0,801.043472,
579,NFCORE_RANGELAND:RANGELAND:PREPROCESSING:PREPROCESS_CONFIG,1722108930000,1722108931000,1,80.4,,6442450944.0,,,0.0008308322761150001,0.0008308322761150001,0.0,801.043472,
580,NFCORE_RANGELAND:RANGELAND:PREPROCESSING:PREPROCESS_CONFIG,1722108975000,1722108975000,1,105.1,,6442450944.0,,,0.0,0.0,0.0,801.043472,
581,NFCORE_RANGELAND:RANGELAND:PREPROCESSING:PREPROCESS_CONFIG,1722108975000,1722108976000,1,100.8,,6442450944.0,,,0.0009088505726066667,0.0009088505726066667,0.0,801.043472,
583,NFCORE_RANGELAND:RANGELAND:PREPROCESSING:PREPROCESS_CONFIG,1722108931000,1722108931000,1,69.4,,6442450944.0,,,0.0,0.0,0.0,801.043472,
584,NFCORE_RANGELAND:RANGELAND:PREPROCESSING:PREPROCESS_CONFIG,1722108976000,1722108976000,1,110.8,,6442450944.0,,,0.0,0.0,0.0,801.043472,
582,NFCORE_RANGELAND:RANGELAND:PREPROCESSING:PREPROCESS_CONFIG,1722108931000,1722108931000,1,70.6,,6442450944.0,,,0.0,0.0,0.0,801.043472,
585,NFCORE_RANGELAND:RANGELAND:PREPROCESSING:PREPROCESS_CONFIG,1722108931000,1722108931000,1,69.1,,6442450944.0,,,0.0,0.0,0.0,801.043472,
587,NFCORE_RANGELAND:RANGELAND:PREPROCESSING:PREPROCESS_CONFIG,1722108931000,1722108931000,1,63.4,,6442450944.0,,,0.0,0.0,0.0,801.043472,
588,NFCORE_RANGELAND:RANGELAND:PREPROCESSING:PREPROCESS_CONFIG,1722108931000,1722108931000,1,74.6,,6442450944.0,,,0.0,0.0,0.0,801.043472,
586,NFCORE_RANGELAND:RANGELAND:PREPROCESSING:PREPROCESS_CONFIG,1722108931000,1722108931000,1,76.0,,6442450944.0,,,0.0,0.0,0.0,801.043472,
589,NFCORE_RANGELAND:RANGELAND:PREPROCESSING:PREPROCESS_CONFIG,1722108931000,1722108931000,1,74.2,,6442450944.0,,,0.0,0.0,0.0,801.043472,
590,NFCORE_RANGELAND:RANGELAND:PREPROCESSING:PREPROCESS_CONFIG,1722108932000,1722108932000,1,78.0,,6442450944.0,,,0.0,0.0,0.0,801.043472,
591,NFCORE_RANGELAND:RANGELAND:PREPROCESSING:PREPROCESS_CONFIG,1722108931000,1722108932000,1,74.9,,6442450944.0,,,0.0008097979314726389,0.0008097979314726389,0.0,801.043472,
594,NFCORE_RANGELAND:RANGELAND:PREPROCESSING:PREPROCESS_CONFIG,1722108932000,1722108932000,1,67.6,,6442450944.0,,,0.0,0.0,0.0,801.043472,
592,NFCORE_RANGELAND:RANGELAND:PREPROCESSING:PREPROCESS_CONFIG,1722108932000,1722108932000,1,72.4,,6442450944.0,,,0.0,0.0,0.0,801.043472,
595,NFCORE_RANGELAND:RANGELAND:PREPROCESSING:PREPROCESS_CONFIG,1722108932000,1722108932000,1,75.1,,6442450944.0,,,0.0,0.0,0.0,801.043472,
596,NFCORE_RANGELAND:RANGELAND:PREPROCESSING:PREPROCESS_CONFIG,1722108932000,1722108932000,1,72.4,,6442450944.0,,,0.0,0.0,0.0,801.043472,
597,NFCORE_RANGELAND:RANGELAND:PREPROCESSING:PREPROCESS_CONFIG,1722108932000,1722108932000,1,77.7,,6442450944.0,,,0.0,0.0,0.0,801.043472,
627,NFCORE_RANGELAND:RANGELAND:PREPROCESSING:PREPROCESS_CONFIG,1722108932000,1722108932000,1,71.9,,6442450944.0,,,0.0,0.0,0.0,801.043472,
598,NFCORE_RANGELAND:RANGELAND:PREPROCESSING:PREPROCESS_CONFIG,1722108932000,1722108933000,1,70.8,,6442450944.0,,,0.0007941177836483335,0.0007941177836483335,0.0,801.043472,
599,NFCORE_RANGELAND:RANGELAND:PREPROCESSING:PREPROCESS_CONFIG,1722108932000,1722108933000,1,75.3,,6442450944.0,,,0.0008113277019920834,0.0008113277019920834,0.0,801.043472,
600,NFCORE_RANGELAND:RANGELAND:PREPROCESSING:PREPROCESS_CONFIG,1722108932000,1722108932000,1,71.9,,6442450944.0,,,0.0,0.0,0.0,801.043472,
601,NFCORE_RANGELAND:RANGELAND:PREPROCESSING:PREPROCESS_CONFIG,1722108932000,1722108933000,1,69.1,,6442450944.0,,,0.0007876162589406945,0.0007876162589406945,0.0,801.043472,
603,NFCORE_RANGELAND:RANGELAND:PREPROCESSING:PREPROCESS_CONFIG,1722108932000,1722108933000,1,72.9,,6442450944.0,,,0.0008021490788754168,0.0008021490788754168,0.0,801.043472,
602,NFCORE_RANGELAND:RANGELAND:PREPROCESSING:PREPROCESS_CONFIG,1722108977000,1722108978000,1,98.2,,6442450944.0,,,0.0008989070642302778,0.0008989070642302778,0.0,801.043472,
605,NFCORE_RANGELAND:RANGELAND:PREPROCESSING:PREPROCESS_CONFIG,1722108934000,1722108934000,1,79.1,,6442450944.0,,,0.0,0.0,0.0,801.043472,
636,NFCORE_RANGELAND:RANGELAND:PREPROCESSING:PREPROCESS_CONFIG,1722108934000,1722108934000,1,74.1,,6442450944.0,,,0.0,0.0,0.0,801.043472,
604,NFCORE_RANGELAND:RANGELAND:PREPROCESSING:PREPROCESS_CONFIG,1722108933000,1722108933000,1,69.8,,6442450944.0,,,0.0,0.0,0.0,801.043472,
607,NFCORE_RANGELAND:RANGELAND:PREPROCESSING:PREPROCESS_CONFIG,1722108934000,1722108934000,1,71.7,,6442450944.0,,,0.0,0.0,0.0,801.043472,
606,NFCORE_RANGELAND:RANGELAND:PREPROCESSING:PREPROCESS_CONFIG,1722108933000,1722108934000,1,64.6,,6442450944.0,,,0.0007704063405969445,0.0007704063405969445,0.0,801.043472,
609,NFCORE_RANGELAND:RANGELAND:PREPROCESSING:PREPROCESS_CONFIG,1722108933000,1722108933000,1,74.4,,6442450944.0,,,0.0,0.0,0.0,801.043472,
610,NFCORE_RANGELAND:RANGELAND:PREPROCESSING:PREPROCESS_CONFIG,1722108933000,1722108934000,1,78.2,,6442450944.0,,,0.0008224185382580555,0.0008224185382580555,0.0,801.043472,
611,NFCORE_RANGELAND:RANGELAND:PREPROCESSING:PREPROCESS_CONFIG,1722108934000,1722108934000,1,74.9,,6442450944.0,,,0.0,0.0,0.0,801.043472,
612,NFCORE_RANGELAND:RANGELAND:PREPROCESSING:PREPROCESS_CONFIG,1722108933000,1722108934000,1,70.8,,6442450944.0,,,0.0007941177836483335,0.0007941177836483335,0.0,801.043472,
613,NFCORE_RANGELAND:RANGELAND:PREPROCESSING:PREPROCESS_CONFIG,1722108979000,1722108979000,1,100.6,,6442450944.0,,,0.0,0.0,0.0,801.043472,
614,NFCORE_RANGELAND:RANGELAND:PREPROCESSING:PREPROCESS_CONFIG,1722108979000,1722108979000,1,90.9,,6442450944.0,,,0.0,0.0,0.0,801.043472,
615,NFCORE_RANGELAND:RANGELAND:PREPROCESSING:PREPROCESS_CONFIG,1722108934000,1722108934000,1,81.7,,6442450944.0,,,0.0,0.0,0.0,801.043472,
644,NFCORE_RANGELAND:RANGELAND:PREPROCESSING:PREPROCESS_CONFIG,1722108979000,1722108979000,1,99.1,,6442450944.0,,,0.0,0.0,0.0,801.043472,
616,NFCORE_RANGELAND:RANGELAND:PREPROCESSING:PREPROCESS_CONFIG,1722108934000,1722108934000,1,78.2,,6442450944.0,,,0.0,0.0,0.0,801.043472,
617,NFCORE_RANGELAND:RANGELAND:PREPROCESSING:PREPROCESS_CONFIG,1722108934000,1722108934000,1,78.7,,6442450944.0,,,0.0,0.0,0.0,801.043472,
618,NFCORE_RANGELAND:RANGELAND:PREPROCESSING:PREPROCESS_CONFIG,1722108934000,1722108935000,1,85.4,,6442450944.0,,,0.0008499544076080556,0.0008499544076080556,0.0,801.043472,
619,NFCORE_RANGELAND:RANGELAND:PREPROCESSING:PREPROCESS_CONFIG,1722108934000,1722108935000,1,75.1,,6442450944.0,,,0.0008105628167323611,0.0008105628167323611,0.0,801.043472,
620,NFCORE_RANGELAND:RANGELAND:PREPROCESSING:PREPROCESS_CONFIG,1722108934000,1722108935000,1,71.0,,6442450944.0,,,0.0007948826689080556,0.0007948826689080556,0.0,801.043472,
621,NFCORE_RANGELAND:RANGELAND:PREPROCESSING:PREPROCESS_CONFIG,1722108935000,1722108935000,1,78.0,,6442450944.0,,,0.0,0.0,0.0,801.043472,
622,NFCORE_RANGELAND:RANGELAND:PREPROCESSING:PREPROCESS_CONFIG,1722108935000,1722108935000,1,79.5,,6442450944.0,,,0.0,0.0,0.0,801.043472,
623,NFCORE_RANGELAND:RANGELAND:PREPROCESSING:PREPROCESS_CONFIG,1722108935000,1722108935000,1,77.4,,6442450944.0,,,0.0,0.0,0.0,801.043472,
625,NFCORE_RANGELAND:RANGELAND:PREPROCESSING:PREPROCESS_CONFIG,1722108935000,1722108935000,1,67.5,,6442450944.0,,,0.0,0.0,0.0,801.043472,
624,NFCORE_RANGELAND:RANGELAND:PREPROCESSING:PREPROCESS_CONFIG,1722108935000,1722108935000,1,65.8,,6442450944.0,,,0.0,0.0,0.0,801.043472,
626,NFCORE_RANGELAND:RANGELAND:PREPROCESSING:PREPROCESS_CONFIG,1722108935000,1722108935000,1,61.9,,6442450944.0,,,0.0,0.0,0.0,801.043472,
628,NFCORE_RANGELAND:RANGELAND:PREPROCESSING:PREPROCESS_CONFIG,1722108935000,1722108936000,1,64.7,,6442450944.0,,,0.0007707887832268057,0.0007707887832268057,0.0,801.043472,
629,NFCORE_RANGELAND:RANGELAND:PREPROCESSING:PREPROCESS_CONFIG,1722108935000,1722108936000,1,61.8,,6442450944.0,,,0.0007596979469608335,0.0007596979469608335,0.0,801.043472,
661,NFCORE_RANGELAND:RANGELAND:PREPROCESSING:PREPROCESS_CONFIG,1722108935000,1722108936000,1,68.7,,6442450944.0,,,0.00078608648842125,0.00078608648842125,0.0,801.043472,
631,NFCORE_RANGELAND:RANGELAND:PREPROCESSING:PREPROCESS_CONFIG,1722108935000,1722108936000,1,62.4,,6442450944.0,,,0.00076199260274,0.00076199260274,0.0,801.043472,
630,NFCORE_RANGELAND:RANGELAND:PREPROCESSING:PREPROCESS_CONFIG,1722108936000,1722108936000,1,71.7,,6442450944.0,,,0.0,0.0,0.0,801.043472,
632,NFCORE_RANGELAND:RANGELAND:PREPROCESSING:PREPROCESS_CONFIG,1722108936000,1722108936000,1,62.5,,6442450944.0,,,0.0,0.0,0.0,801.043472,
633,NFCORE_RANGELAND:RANGELAND:PREPROCESSING:PREPROCESS_CONFIG,1722108936000,1722108936000,1,71.1,,6442450944.0,,,0.0,0.0,0.0,801.043472,
635,NFCORE_RANGELAND:RANGELAND:PREPROCESSING:PREPROCESS_CONFIG,1722108981000,1722108981000,1,97.6,,6442450944.0,,,0.0,0.0,0.0,801.043472,
634,NFCORE_RANGELAND:RANGELAND:PREPROCESSING:PREPROCESS_CONFIG,1722108936000,1722108936000,1,60.8,,6442450944.0,,,0.0,0.0,0.0,801.043472,
637,NFCORE_RANGELAND:RANGELAND:PREPROCESSING:PREPROCESS_CONFIG,1722108936000,1722108936000,1,63.8,,6442450944.0,,,0.0,0.0,0.0,801.043472,
639,NFCORE_RANGELAND:RANGELAND:PREPROCESSING:PREPROCESS_CONFIG,1722108936000,1722108937000,1,82.4,,6442450944.0,,,0.0008384811287122224,0.0008384811287122224,0.0,801.043472,
638,NFCORE_RANGELAND:RANGELAND:PREPROCESSING:PREPROCESS_CONFIG,1722108936000,1722108937000,1,69.1,,6442450944.0,,,0.0007876162589406945,0.0007876162589406945,0.0,801.043472,
671,NFCORE_RANGELAND:RANGELAND:PREPROCESSING:PREPROCESS_CONFIG,1722108936000,1722108937000,1,76.7,,6442450944.0,,,0.000816681898810139,0.000816681898810139,0.0,801.043472,
640,NFCORE_RANGELAND:RANGELAND:PREPROCESSING:PREPROCESS_CONFIG,1722108981000,1722108982000,1,100.0,,6442450944.0,,,0.000905791031567778,0.000905791031567778,0.0,801.043472,
641,NFCORE_RANGELAND:RANGELAND:PREPROCESSING:PREPROCESS_CONFIG,1722108982000,1722108982000,1,110.7,,6442450944.0,,,0.0,0.0,0.0,801.043472,
643,NFCORE_RANGELAND:RANGELAND:PREPROCESSING:PREPROCESS_CONFIG,1722108937000,1722108937000,1,73.2,,6442450944.0,,,0.0,0.0,0.0,801.043472,
642,NFCORE_RANGELAND:RANGELAND:PREPROCESSING:PREPROCESS_CONFIG,1722108937000,1722108937000,1,70.3,,6442450944.0,,,0.0,0.0,0.0,801.043472,
645,NFCORE_RANGELAND:RANGELAND:PREPROCESSING:PREPROCESS_CONFIG,1722108937000,1722108937000,1,65.6,,6442450944.0,,,0.0,0.0,0.0,801.043472,
646,NFCORE_RANGELAND:RANGELAND:PREPROCESSING:PREPROCESS_CONFIG,1722108937000,1722108937000,1,72.0,,6442450944.0,,,0.0,0.0,0.0,801.043472,
647,NFCORE_RANGELAND:RANGELAND:PREPROCESSING:PREPROCESS_CONFIG,1722108937000,1722108937000,1,67.2,,6442450944.0,,,0.0,0.0,0.0,801.043472,
648,NFCORE_RANGELAND:RANGELAND:PREPROCESSING:PREPROCESS_CONFIG,1722108937000,1722108938000,1,73.6,,6442450944.0,,,0.0008048261772844444,0.0008048261772844444,0.0,801.043472,
649,NFCORE_RANGELAND:RANGELAND:PREPROCESSING:PREPROCESS_CONFIG,1722108938000,1722108938000,1,79.5,,6442450944.0,,,0.0,0.0,0.0,801.043472,
650,NFCORE_RANGELAND:RANGELAND:PREPROCESSING:PREPROCESS_CONFIG,1722108938000,1722108938000,1,78.9,,6442450944.0,,,0.0,0.0,0.0,801.043472,
651,NFCORE_RANGELAND:RANGELAND:PREPROCESSING:PREPROCESS_CONFIG,1722108938000,1722108938000,1,72.6,,6442450944.0,,,0.0,0.0,0.0,801.043472,
652,NFCORE_RANGELAND:RANGELAND:PREPROCESSING:PREPROCESS_CONFIG,1722108937000,1722108938000,1,69.0,,6442450944.0,,,0.0007872338163108333,0.0007872338163108333,0.0,801.043472,
653,NFCORE_RANGELAND:RANGELAND:PREPROCESSING:PREPROCESS_CONFIG,1722108938000,1722108938000,1,74.6,,6442450944.0,,,0.0,0.0,0.0,801.043472,
654,NFCORE_RANGELAND:RANGELAND:PREPROCESSING:PREPROCESS_CONFIG,1722108938000,1722108938000,1,82.1,,6442450944.0,,,0.0,0.0,0.0,801.043472,
655,NFCORE_RANGELAND:RANGELAND:PREPROCESSING:PREPROCESS_CONFIG,1722108938000,1722108938000,1,80.2,,6442450944.0,,,0.0,0.0,0.0,801.043472,
656,NFCORE_RANGELAND:RANGELAND:PREPROCESSING:PREPROCESS_CONFIG,1722108938000,1722108938000,1,69.7,,6442450944.0,,,0.0,0.0,0.0,801.043472,
657,NFCORE_RANGELAND:RANGELAND:PREPROCESSING:PREPROCESS_CONFIG,1722108938000,1722108939000,1,71.2,,6442450944.0,,,0.0007956475541677779,0.0007956475541677779,0.0,801.043472,
658,NFCORE_RANGELAND:RANGELAND:PREPROCESSING:PREPROCESS_CONFIG,1722108938000,1722108939000,1,75.1,,6442450944.0,,,0.0008105628167323611,0.0008105628167323611,0.0,801.043472,
659,NFCORE_RANGELAND:RANGELAND:PREPROCESSING:PREPROCESS_CONFIG,1722108938000,1722108939000,1,76.9,,6442450944.0,,,0.0008174467840698611,0.0008174467840698611,0.0,801.043472,
660,NFCORE_RANGELAND:RANGELAND:PREPROCESSING:PREPROCESS_CONFIG,1722108938000,1722108939000,1,73.8,,6442450944.0,,,0.0008055910625441667,0.0008055910625441667,0.0,801.043472,
662,NFCORE_RANGELAND:RANGELAND:PREPROCESSING:PREPROCESS_CONFIG,1722108938000,1722108939000,1,65.3,,6442450944.0,,,0.0007730834390059723,0.0007730834390059723,0.0,801.043472,
663,NFCORE_RANGELAND:RANGELAND:PREPROCESSING:PREPROCESS_CONFIG,1722108939000,1722108939000,1,82.8,,6442450944.0,,,0.0,0.0,0.0,801.043472,
664,NFCORE_RANGELAND:RANGELAND:PREPROCESSING:PREPROCESS_CONFIG,1722108939000,1722108939000,1,80.7,,6442450944.0,,,0.0,0.0,0.0,801.043472,
665,NFCORE_RANGELAND:RANGELAND:PREPROCESSING:PREPROCESS_CONFIG,1722108984000,1722108984000,1,95.8,,6442450944.0,,,0.0,0.0,0.0,801.043472,
666,NFCORE_RANGELAND:RANGELAND:PREPROCESSING:PREPROCESS_CONFIG,1722108939000,1722108939000,1,69.7,,6442450944.0,,,0.0,0.0,0.0,801.043472,
667,NFCORE_RANGELAND:RANGELAND:PREPROCESSING:PREPROCESS_CONFIG,1722108939000,1722108939000,1,73.1,,6442450944.0,,,0.0,0.0,0.0,801.043472,
668,NFCORE_RANGELAND:RANGELAND:PREPROCESSING:PREPROCESS_CONFIG,1722108939000,1722108939000,1,66.7,,6442450944.0,,,0.0,0.0,0.0,801.043472,
669,NFCORE_RANGELAND:RANGELAND:PREPROCESSING:PREPROCESS_CONFIG,1722108939000,1722108939000,1,83.6,,6442450944.0,,,0.0,0.0,0.0,801.043472,
670,NFCORE_RANGELAND:RANGELAND:PREPROCESSING:PREPROCESS_CONFIG,1722108940000,1722108940000,1,72.4,,6442450944.0,,,0.0,0.0,0.0,801.043472,
672,NFCORE_RANGELAND:RANGELAND:PREPROCESSING:PREPROCESS_CONFIG,1722108939000,1722108940000,1,71.3,,6442450944.0,,,0.0007960299967976389,0.0007960299967976389,0.0,801.043472,
674,NFCORE_RANGELAND:RANGELAND:PREPROCESSING:PREPROCESS_CONFIG,1722108939000,1722108940000,1,67.6,,6442450944.0,,,0.0007818796194927779,0.0007818796194927779,0.0,801.043472,
703,NFCORE_RANGELAND:RANGELAND:PREPROCESSING:PREPROCESS_CONFIG,1722108985000,1722108985000,1,117.1,,6442450944.0,,,0.0,0.0,0.0,801.043472,
673,NFCORE_RANGELAND:RANGELAND:PREPROCESSING:PREPROCESS_CONFIG,1722108984000,1722108985000,1,95.5,,6442450944.0,,,0.0008885811132240279,0.0008885811132240279,0.0,801.043472,
675,NFCORE_RANGELAND:RANGELAND:PREPROCESSING:PREPROCESS_CONFIG,1722108940000,1722108940000,1,71.6,,6442450944.0,,,0.0,0.0,0.0,801.043472,
676,NFCORE_RANGELAND:RANGELAND:PREPROCESSING:PREPROCESS_CONFIG,1722108940000,1722108940000,1,77.5,,6442450944.0,,,0.0,0.0,0.0,801.043472,
677,NFCORE_RANGELAND:RANGELAND:PREPROCESSING:PREPROCESS_CONFIG,1722108940000,1722108940000,1,81.3,,6442450944.0,,,0.0,0.0,0.0,801.043472,
678,NFCORE_RANGELAND:RANGELAND:PREPROCESSING:PREPROCESS_CONFIG,1722108940000,1722108940000,1,71.5,,6442450944.0,,,0.0,0.0,0.0,801.043472,
679,NFCORE_RANGELAND:RANGELAND:PREPROCESSING:PREPROCESS_CONFIG,1722108940000,1722108941000,1,75.8,,6442450944.0,,,0.000813239915141389,0.000813239915141389,0.0,801.043472,
680,NFCORE_RANGELAND:RANGELAND:PREPROCESSING:PREPROCESS_CONFIG,1722108940000,1722108940000,1,63.4,,6442450944.0,,,0.0,0.0,0.0,801.043472,
681,NFCORE_RANGELAND:RANGELAND:PREPROCESSING:PREPROCESS_CONFIG,1722108940000,1722108941000,1,71.1,,6442450944.0,,,0.0007952651115379168,0.0007952651115379168,0.0,801.043472,
682,NFCORE_RANGELAND:RANGELAND:PREPROCESSING:PREPROCESS_CONFIG,1722108985000,1722108985000,1,106.3,,6442450944.0,,,0.0,0.0,0.0,801.043472,
683,NFCORE_RANGELAND:RANGELAND:PREPROCESSING:PREPROCESS_CONFIG,1722108940000,1722108941000,1,70.8,,6442450944.0,,,0.0007941177836483335,0.0007941177836483335,0.0,801.043472,
684,NFCORE_RANGELAND:RANGELAND:PREPROCESSING:PREPROCESS_CONFIG,1722108941000,1722108941000,1,63.3,,6442450944.0,,,0.0,0.0,0.0,801.043472,
685,NFCORE_RANGELAND:RANGELAND:PREPROCESSING:PREPROCESS_CONFIG,1722108941000,1722108941000,1,74.4,,6442450944.0,,,0.0,0.0,0.0,801.043472,
716,NFCORE_RANGELAND:RANGELAND:PREPROCESSING:PREPROCESS_CONFIG,1722108941000,1722108941000,1,83.1,,6442450944.0,,,0.0,0.0,0.0,801.043472,
686,NFCORE_RANGELAND:RANGELAND:PREPROCESSING:PREPROCESS_CONFIG,1722108941000,1722108941000,1,75.5,,6442450944.0,,,0.0,0.0,0.0,801.043472,
687,NFCORE_RANGELAND:RANGELAND:PREPROCESSING:PREPROCESS_CONFIG,1722108941000,1722108941000,1,69.3,,6442450944.0,,,0.0,0.0,0.0,801.043472,
688,NFCORE_RANGELAND:RANGELAND:PREPROCESSING:PREPROCESS_CONFIG,1722108941000,1722108942000,1,63.4,,6442450944.0,,,0.0007658170290386113,0.0007658170290386113,0.0,801.043472,
689,NFCORE_RANGELAND:RANGELAND:PREPROCESSING:PREPROCESS_CONFIG,1722108941000,1722108941000,1,71.9,,6442450944.0,,,0.0,0.0,0.0,801.043472,
690,NFCORE_RANGELAND:RANGELAND:PREPROCESSING:PREPROCESS_CONFIG,1722108941000,1722108942000,1,73.7,,6442450944.0,,,0.0008052086199143056,0.0008052086199143056,0.0,801.043472,
691,NFCORE_RANGELAND:RANGELAND:PREPROCESSING:PREPROCESS_CONFIG,1722108942000,1722108942000,1,65.8,,6442450944.0,,,0.0,0.0,0.0,801.043472,
693,NFCORE_RANGELAND:RANGELAND:PREPROCESSING:PREPROCESS_CONFIG,1722108941000,1722108942000,1,61.9,,6442450944.0,,,0.0007600803895906946,0.0007600803895906946,0.0,801.043472,
692,NFCORE_RANGELAND:RANGELAND:PREPROCESSING:PREPROCESS_CONFIG,1722108942000,1722108942000,1,68.5,,6442450944.0,,,0.0,0.0,0.0,801.043472,
694,NFCORE_RANGELAND:RANGELAND:PREPROCESSING:PREPROCESS_CONFIG,1722108942000,1722108942000,1,72.2,,6442450944.0,,,0.0,0.0,0.0,801.043472,
695,NFCORE_RANGELAND:RANGELAND:PREPROCESSING:PREPROCESS_CONFIG,1722108942000,1722108942000,1,68.2,,6442450944.0,,,0.0,0.0,0.0,801.043472,
696,NFCORE_RANGELAND:RANGELAND:PREPROCESSING:PREPROCESS_CONFIG,1722108987000,1722108987000,1,109.0,,6442450944.0,,,0.0,0.0,0.0,801.043472,
697,NFCORE_RANGELAND:RANGELAND:PREPROCESSING:PREPROCESS_CONFIG,1722108942000,1722108943000,1,72.1,,6442450944.0,,,0.0007990895378365279,0.0007990895378365279,0.0,801.043472,
698,NFCORE_RANGELAND:RANGELAND:PREPROCESSING:PREPROCESS_CONFIG,1722108942000,1722108942000,1,71.1,,6442450944.0,,,0.0,0.0,0.0,801.043472,
699,NFCORE_RANGELAND:RANGELAND:PREPROCESSING:PREPROCESS_CONFIG,1722108942000,1722108942000,1,69.9,,6442450944.0,,,0.0,0.0,0.0,801.043472,
700,NFCORE_RANGELAND:RANGELAND:PREPROCESSING:PREPROCESS_CONFIG,1722108943000,1722108943000,1,75.4,,6442450944.0,,,0.0,0.0,0.0,801.043472,
702,NFCORE_RANGELAND:RANGELAND:PREPROCESSING:PREPROCESS_CONFIG,1722108942000,1722108943000,1,72.6,,6442450944.0,,,0.0008010017509858333,0.0008010017509858333,0.0,801.043472,
701,NFCORE_RANGELAND:RANGELAND:PREPROCESSING:PREPROCESS_CONFIG,1722108987000,1722108988000,1,113.5,,6442450944.0,,,0.0009574207865990277,0.0009574207865990277,0.0,801.043472,
704,NFCORE_RANGELAND:RANGELAND:PREPROCESSING:PREPROCESS_CONFIG,1722108943000,1722108943000,1,70.3,,6442450944.0,,,0.0,0.0,0.0,801.043472,
705,NFCORE_RANGELAND:RANGELAND:PREPROCESSING:PREPROCESS_CONFIG,1722108943000,1722108943000,1,66.5,,6442450944.0,,,0.0,0.0,0.0,801.043472,
706,NFCORE_RANGELAND:RANGELAND:PREPROCESSING:PREPROCESS_CONFIG,1722108943000,1722108943000,1,78.4,,6442450944.0,,,0.0,0.0,0.0,801.043472,
707,NFCORE_RANGELAND:RANGELAND:PREPROCESSING:PREPROCESS_CONFIG,1722108943000,1722108943000,1,76.7,,6442450944.0,,,0.0,0.0,0.0,801.043472,
708,NFCORE_RANGELAND:RANGELAND:PREPROCESSING:PREPROCESS_CONFIG,1722108943000,1722108943000,1,79.1,,6442450944.0,,,0.0,0.0,0.0,801.043472,
709,NFCORE_RANGELAND:RANGELAND:PREPROCESSING:PREPROCESS_CONFIG,1722108943000,1722108944000,1,73.0,,6442450944.0,,,0.0008025315215052779,0.0008025315215052779,0.0,801.043472,
710,NFCORE_RANGELAND:RANGELAND:PREPROCESSING:PREPROCESS_CONFIG,1722108943000,1722108944000,1,74.4,,6442450944.0,,,0.0008078857183233335,0.0008078857183233335,0.0,801.043472,
711,NFCORE_RANGELAND:RANGELAND:PREPROCESSING:PREPROCESS_CONFIG,1722108943000,1722108944000,1,69.6,,6442450944.0,,,0.0007895284720900001,0.0007895284720900001,0.0,801.043472,
712,NFCORE_RANGELAND:RANGELAND:PREPROCESSING:PREPROCESS_CONFIG,1722108988000,1722108989000,1,99.4,,6442450944.0,,,0.0009034963757886112,0.0009034963757886112,0.0,801.043472,
713,NFCORE_RANGELAND:RANGELAND:PREPROCESSING:PREPROCESS_CONFIG,1722108943000,1722108944000,1,77.3,,6442450944.0,,,0.0008189765545893057,0.0008189765545893057,0.0,801.043472,
743,NFCORE_RANGELAND:RANGELAND:PREPROCESSING:PREPROCESS_CONFIG,1722108944000,1722108944000,1,76.7,,6442450944.0,,,0.0,0.0,0.0,801.043472,
714,NFCORE_RANGELAND:RANGELAND:PREPROCESSING:PREPROCESS_CONFIG,1722108944000,1722108944000,1,74.6,,6442450944.0,,,0.0,0.0,0.0,801.043472,
715,NFCORE_RANGELAND:RANGELAND:PREPROCESSING:PREPROCESS_CONFIG,1722108944000,1722108944000,1,74.6,,6442450944.0,,,0.0,0.0,0.0,801.043472,
717,NFCORE_RANGELAND:RANGELAND:PREPROCESSING:PREPROCESS_CONFIG,1722108944000,1722108944000,1,67.8,,6442450944.0,,,0.0,0.0,0.0,801.043472,
718,NFCORE_RANGELAND:RANGELAND:PREPROCESSING:PREPROCESS_CONFIG,1722108944000,1722108944000,1,70.4,,6442450944.0,,,0.0,0.0,0.0,801.043472,
719,NFCORE_RANGELAND:RANGELAND:PREPROCESSING:PREPROCESS_CONFIG,1722108944000,1722108944000,1,71.1,,6442450944.0,,,0.0,0.0,0.0,801.043472,
720,NFCORE_RANGELAND:RANGELAND:PREPROCESSING:PREPROCESS_CONFIG,1722108944000,1722108944000,1,80.4,,6442450944.0,,,0.0,0.0,0.0,801.043472,
721,NFCORE_RANGELAND:RANGELAND:PREPROCESSING:PREPROCESS_CONFIG,1722108944000,1722108945000,1,66.4,,6442450944.0,,,0.0007772903079344445,0.0007772903079344445,0.0,801.043472,
722,NFCORE_RANGELAND:RANGELAND:PREPROCESSING:PREPROCESS_CONFIG,1722108989000,1722108990000,1,100.9,,6442450944.0,,,0.0009092330152365279,0.0009092330152365279,0.0,801.043472,
723,NFCORE_RANGELAND:RANGELAND:PREPROCESSING:PREPROCESS_CONFIG,1722108944000,1722108945000,1,67.7,,6442450944.0,,,0.0007822620621226389,0.0007822620621226389,0.0,801.043472,
724,NFCORE_RANGELAND:RANGELAND:PREPROCESSING:PREPROCESS_CONFIG,1722108945000,1722108945000,1,65.0,,6442450944.0,,,0.0,0.0,0.0,801.043472,
726,NFCORE_RANGELAND:RANGELAND:PREPROCESSING:PREPROCESS_CONFIG,1722108945000,1722108945000,1,66.7,,6442450944.0,,,0.0,0.0,0.0,801.043472,
725,NFCORE_RANGELAND:RANGELAND:PREPROCESSING:PREPROCESS_CONFIG,1722108945000,1722108945000,1,77.2,,6442450944.0,,,0.0,0.0,0.0,801.043472,
728,NFCORE_RANGELAND:RANGELAND:PREPROCESSING:PREPROCESS_CONFIG,1722108945000,1722108946000,1,80.4,,6442450944.0,,,0.0008308322761150001,0.0008308322761150001,0.0,801.043472,
727,NFCORE_RANGELAND:RANGELAND:PREPROCESSING:PREPROCESS_CONFIG,1722108945000,1722108945000,1,75.0,,6442450944.0,,,0.0,0.0,0.0,801.043472,
729,NFCORE_RANGELAND:RANGELAND:PREPROCESSING:PREPROCESS_CONFIG,1722108945000,1722108945000,1,67.8,,6442450944.0,,,0.0,0.0,0.0,801.043472,
730,NFCORE_RANGELAND:RANGELAND:PREPROCESSING:PREPROCESS_CONFIG,1722108945000,1722108946000,1,72.6,,6442450944.0,,,0.0008010017509858333,0.0008010017509858333,0.0,801.043472,
731,NFCORE_RANGELAND:RANGELAND:PREPROCESSING:PREPROCESS_CONFIG,1722108945000,1722108946000,1,68.8,,6442450944.0,,,0.0007864689310511112,0.0007864689310511112,0.0,801.043472,
732,NFCORE_RANGELAND:RANGELAND:PREPROCESSING:PREPROCESS_CONFIG,1722108990000,1722108991000,1,98.2,,6442450944.0,,,0.0008989070642302778,0.0008989070642302778,0.0,801.043472,
733,NFCORE_RANGELAND:RANGELAND:PREPROCESSING:PREPROCESS_CONFIG,1722108946000,1722108946000,1,64.3,,6442450944.0,,,0.0,0.0,0.0,801.043472,
734,NFCORE_RANGELAND:RANGELAND:PREPROCESSING:PREPROCESS_CONFIG,1722108946000,1722108946000,1,76.0,,6442450944.0,,,0.0,0.0,0.0,801.043472,
735,NFCORE_RANGELAND:RANGELAND:PREPROCESSING:PREPROCESS_CONFIG,1722108946000,1722108946000,1,70.5,,6442450944.0,,,0.0,0.0,0.0,801.043472,
736,NFCORE_RANGELAND:RANGELAND:PREPROCESSING:PREPROCESS_CONFIG,1722108946000,1722108946000,1,69.1,,6442450944.0,,,0.0,0.0,0.0,801.043472,
737,NFCORE_RANGELAND:RANGELAND:PREPROCESSING:PREPROCESS_CONFIG,1722108946000,1722108947000,1,69.6,,6442450944.0,,,0.0007895284720900001,0.0007895284720900001,0.0,801.043472,
738,NFCORE_RANGELAND:RANGELAND:PREPROCESSING:PREPROCESS_CONFIG,1722108946000,1722108946000,1,72.1,,6442450944.0,,,0.0,0.0,0.0,801.043472,
739,NFCORE_RANGELAND:RANGELAND:PREPROCESSING:PREPROCESS_CONFIG,1722108991000,1722108991000,1,97.3,,6442450944.0,,,0.0,0.0,0.0,801.043472,
740,NFCORE_RANGELAND:RANGELAND:PREPROCESSING:PREPROCESS_CONFIG,1722108946000,1722108947000,1,79.3,,6442450944.0,,,0.0008266254071865279,0.0008266254071865279,0.0,801.043472,
741,NFCORE_RANGELAND:RANGELAND:PREPROCESSING:PREPROCESS_CONFIG,1722108946000,1722108947000,1,80.5,,6442450944.0,,,0.0008312147187448611,0.0008312147187448611,0.0,801.043472,
772,NFCORE_RANGELAND:RANGELAND:PREPROCESSING:PREPROCESS_CONFIG,1722108946000,1722108947000,1,79.3,,6442450944.0,,,0.0008266254071865279,0.0008266254071865279,0.0,801.043472,
742,NFCORE_RANGELAND:RANGELAND:PREPROCESSING:PREPROCESS_CONFIG,1722108946000,1722108947000,1,61.8,,6442450944.0,,,0.0007596979469608335,0.0007596979469608335,0.0,801.043472,
745,NFCORE_RANGELAND:RANGELAND:PREPROCESSING:PREPROCESS_CONFIG,1722108947000,1722108947000,1,79.5,,6442450944.0,,,0.0,0.0,0.0,801.043472,
744,NFCORE_RANGELAND:RANGELAND:PREPROCESSING:PREPROCESS_CONFIG,1722108947000,1722108947000,1,66.9,,6442450944.0,,,0.0,0.0,0.0,801.043472,
747,NFCORE_RANGELAND:RANGELAND:PREPROCESSING:PREPROCESS_CONFIG,1722108947000,1722108947000,1,67.2,,6442450944.0,,,0.0,0.0,0.0,801.043472,
746,NFCORE_RANGELAND:RANGELAND:PREPROCESSING:PREPROCESS_CONFIG,1722108947000,1722108947000,1,79.0,,6442450944.0,,,0.0,0.0,0.0,801.043472,
748,NFCORE_RANGELAND:RANGELAND:PREPROCESSING:PREPROCESS_CONFIG,1722108992000,1722108992000,1,105.7,,6442450944.0,,,0.0,0.0,0.0,801.043472,
750,NFCORE_RANGELAND:RANGELAND:PREPROCESSING:PREPROCESS_CONFIG,1722108947000,1722108947000,1,66.8,,6442450944.0,,,0.0,0.0,0.0,801.043472,
749,NFCORE_RANGELAND:RANGELAND:PREPROCESSING:PREPROCESS_CONFIG,1722108947000,1722108948000,1,70.8,,6442450944.0,,,0.0007941177836483335,0.0007941177836483335,0.0,801.043472,
751,NFCORE_RANGELAND:RANGELAND:PREPROCESSING:PREPROCESS_CONFIG,1722108947000,1722108948000,1,70.2,,6442450944.0,,,0.0007918231278691667,0.0007918231278691667,0.0,801.043472,
752,NFCORE_RANGELAND:RANGELAND:PREPROCESSING:PREPROCESS_CONFIG,1722108947000,1722108948000,1,63.6,,6442450944.0,,,0.0007665819142983336,0.0007665819142983336,0.0,801.043472,
753,NFCORE_RANGELAND:RANGELAND:PREPROCESSING:PREPROCESS_CONFIG,1722108947000,1722108948000,1,61.8,,6442450944.0,,,0.0007596979469608335,0.0007596979469608335,0.0,801.043472,
755,NFCORE_RANGELAND:RANGELAND:PREPROCESSING:PREPROCESS_CONFIG,1722108948000,1722108948000,1,72.1,,6442450944.0,,,0.0,0.0,0.0,801.043472,
754,NFCORE_RANGELAND:RANGELAND:PREPROCESSING:PREPROCESS_CONFIG,1722108948000,1722108948000,1,74.4,,6442450944.0,,,0.0,0.0,0.0,801.043472,
757,NFCORE_RANGELAND:RANGELAND:PREPROCESSING:PREPROCESS_CONFIG,1722108948000,1722108948000,1,77.3,,6442450944.0,,,0.0,0.0,0.0,801.043472,
756,NFCORE_RANGELAND:RANGELAND:PREPROCESSING:PREPROCESS_CONFIG,1722108948000,1722108948000,1,78.2,,6442450944.0,,,0.0,0.0,0.0,801.043472,
758,NFCORE_RANGELAND:RANGELAND:PREPROCESSING:PREPROCESS_CONFIG,1722108993000,1722108993000,1,97.9,,6442450944.0,,,0.0,0.0,0.0,801.043472,
759,NFCORE_RANGELAND:RANGELAND:PREPROCESSING:PREPROCESS_CONFIG,1722108948000,1722108948000,1,73.2,,6442450944.0,,,0.0,0.0,0.0,801.043472,
760,NFCORE_RANGELAND:RANGELAND:PREPROCESSING:PREPROCESS_CONFIG,1722108948000,1722108948000,1,80.4,,6442450944.0,,,0.0,0.0,0.0,801.043472,
761,NFCORE_RANGELAND:RANGELAND:PREPROCESSING:PREPROCESS_CONFIG,1722108948000,1722108949000,1,66.7,,6442450944.0,,,0.0007784376358240277,0.0007784376358240277,0.0,801.043472,
762,NFCORE_RANGELAND:RANGELAND:PREPROCESSING:PREPROCESS_CONFIG,1722108948000,1722108949000,1,76.9,,6442450944.0,,,0.0008174467840698611,0.0008174467840698611,0.0,801.043472,
763,NFCORE_RANGELAND:RANGELAND:PREPROCESSING:PREPROCESS_CONFIG,1722108948000,1722108949000,1,87.1,,6442450944.0,,,0.0008564559323156945,0.0008564559323156945,0.0,801.043472,
764,NFCORE_RANGELAND:RANGELAND:PREPROCESSING:PREPROCESS_CONFIG,1722108949000,1722108949000,1,75.1,,6442450944.0,,,0.0,0.0,0.0,801.043472,
765,NFCORE_RANGELAND:RANGELAND:PREPROCESSING:PREPROCESS_CONFIG,1722108994000,1722108994000,1,100.3,,6442450944.0,,,0.0,0.0,0.0,801.043472,
766,NFCORE_RANGELAND:RANGELAND:PREPROCESSING:PREPROCESS_CONFIG,1722108949000,1722108949000,1,75.4,,6442450944.0,,,0.0,0.0,0.0,801.043472,
767,NFCORE_RANGELAND:RANGELAND:PREPROCESSING:PREPROCESS_CONFIG,1722108949000,1722108949000,1,85.4,,6442450944.0,,,0.0,0.0,0.0,801.043472,
768,NFCORE_RANGELAND:RANGELAND:PREPROCESSING:PREPROCESS_CONFIG,1722108949000,1722108949000,1,81.3,,6442450944.0,,,0.0,0.0,0.0,801.043472,
769,NFCORE_RANGELAND:RANGELAND:PREPROCESSING:PREPROCESS_CONFIG,1722108949000,1722108949000,1,69.6,,6442450944.0,,,0.0,0.0,0.0,801.043472,
770,NFCORE_RANGELAND:RANGELAND:PREPROCESSING:PREPROCESS_CONFIG,1722108949000,1722108949000,1,75.8,,6442450944.0,,,0.0,0.0,0.0,801.043472,
773,NFCORE_RANGELAND:RANGELAND:PREPROCESSING:PREPROCESS_CONFIG,1722108949000,1722108950000,1,85.4,,6442450944.0,,,0.0008499544076080556,0.0008499544076080556,0.0,801.043472,
771,NFCORE_RANGELAND:RANGELAND:PREPROCESSING:PREPROCESS_CONFIG,1722108949000,1722108950000,1,78.9,,6442450944.0,,,0.0008250956366670834,0.0008250956366670834,0.0,801.043472,
775,NFCORE_RANGELAND:RANGELAND:PREPROCESSING:PREPROCESS_CONFIG,1722108994000,1722108994000,1,104.8,,6442450944.0,,,0.0,0.0,0.0,801.043472,
774,NFCORE_RANGELAND:RANGELAND:PREPROCESSING:PREPROCESS_CONFIG,1722108949000,1722108950000,1,75.1,,6442450944.0,,,0.0008105628167323611,0.0008105628167323611,0.0,801.043472,
777,NFCORE_RANGELAND:RANGELAND:PREPROCESSING:PREPROCESS_CONFIG,1722108950000,1722108950000,1,64.1,,6442450944.0,,,0.0,0.0,0.0,801.043472,
778,NFCORE_RANGELAND:RANGELAND:PREPROCESSING:PREPROCESS_CONFIG,1722108950000,1722108950000,1,72.7,,6442450944.0,,,0.0,0.0,0.0,801.043472,
806,NFCORE_RANGELAND:RANGELAND:PREPROCESSING:PREPROCESS_CONFIG,1722108950000,1722108950000,1,73.6,,6442450944.0,,,0.0,0.0,0.0,801.043472,
779,NFCORE_RANGELAND:RANGELAND:PREPROCESSING:PREPROCESS_CONFIG,1722108995000,1722108995000,1,97.6,,6442450944.0,,,0.0,0.0,0.0,801.043472,
776,NFCORE_RANGELAND:RANGELAND:PREPROCESSING:PREPROCESS_CONFIG,1722108950000,1722108951000,1,68.8,,6442450944.0,,,0.0007864689310511112,0.0007864689310511112,0.0,801.043472,
780,NFCORE_RANGELAND:RANGELAND:PREPROCESSING:PREPROCESS_CONFIG,1722108950000,1722108950000,1,73.3,,6442450944.0,,,0.0,0.0,0.0,801.043472,
781,NFCORE_RANGELAND:RANGELAND:PREPROCESSING:PREPROCESS_CONFIG,1722108950000,1722108950000,1,61.8,,6442450944.0,,,0.0,0.0,0.0,801.043472,
782,NFCORE_RANGELAND:RANGELAND:PREPROCESSING:PREPROCESS_CONFIG,1722108950000,1722108951000,1,72.2,,6442450944.0,,,0.000799471980466389,0.000799471980466389,0.0,801.043472,
783,NFCORE_RANGELAND:RANGELAND:PREPROCESSING:PREPROCESS_CONFIG,1722108950000,1722108951000,1,78.9,,6442450944.0,,,0.0008250956366670834,0.0008250956366670834,0.0,801.043472,
784,NFCORE_RANGELAND:RANGELAND:PREPROCESSING:PREPROCESS_CONFIG,1722108950000,1722108951000,1,69.6,,6442450944.0,,,0.0007895284720900001,0.0007895284720900001,0.0,801.043472,
814,NFCORE_RANGELAND:RANGELAND:PREPROCESSING:PREPROCESS_CONFIG,1722108950000,1722108951000,1,63.5,,6442450944.0,,,0.0007661994716684723,0.0007661994716684723,0.0,801.043472,
786,NFCORE_RANGELAND:RANGELAND:PREPROCESSING:PREPROCESS_CONFIG,1722108951000,1722108951000,1,77.4,,6442450944.0,,,0.0,0.0,0.0,801.043472,
785,NFCORE_RANGELAND:RANGELAND:PREPROCESSING:PREPROCESS_CONFIG,1722108951000,1722108951000,1,62.3,,6442450944.0,,,0.0,0.0,0.0,801.043472,
787,NFCORE_RANGELAND:RANGELAND:PREPROCESSING:PREPROCESS_CONFIG,1722108951000,1722108951000,1,79.5,,6442450944.0,,,0.0,0.0,0.0,801.043472,
788,NFCORE_RANGELAND:RANGELAND:PREPROCESSING:PREPROCESS_CONFIG,1722108951000,1722108951000,1,70.6,,6442450944.0,,,0.0,0.0,0.0,801.043472,
790,NFCORE_RANGELAND:RANGELAND:PREPROCESSING:PREPROCESS_CONFIG,1722108996000,1722108996000,1,100.9,,6442450944.0,,,0.0,0.0,0.0,801.043472,
820,NFCORE_RANGELAND:RANGELAND:PREPROCESSING:PREPROCESS_CONFIG,1722108951000,1722108951000,1,67.9,,6442450944.0,,,0.0,0.0,0.0,801.043472,
791,NFCORE_RANGELAND:RANGELAND:PREPROCESSING:PREPROCESS_CONFIG,1722108951000,1722108952000,1,70.3,,6442450944.0,,,0.0007922055704990277,0.0007922055704990277,0.0,801.043472,
789,NFCORE_RANGELAND:RANGELAND:PREPROCESSING:PREPROCESS_CONFIG,1722108951000,1722108952000,1,78.7,,6442450944.0,,,0.0008243307514073611,0.0008243307514073611,0.0,801.043472,
792,NFCORE_RANGELAND:RANGELAND:PREPROCESSING:PREPROCESS_CONFIG,1722108951000,1722108952000,1,74.9,,6442450944.0,,,0.0008097979314726389,0.0008097979314726389,0.0,801.043472,
793,NFCORE_RANGELAND:RANGELAND:PREPROCESSING:PREPROCESS_CONFIG,1722108952000,1722108952000,1,82.6,,6442450944.0,,,0.0,0.0,0.0,801.043472,
794,NFCORE_RANGELAND:RANGELAND:PREPROCESSING:PREPROCESS_CONFIG,1722108952000,1722108952000,1,64.8,,6442450944.0,,,0.0,0.0,0.0,801.043472,
795,NFCORE_RANGELAND:RANGELAND:PREPROCESSING:PREPROCESS_CONFIG,1722108997000,1722108997000,1,91.7,,6442450944.0,,,0.0,0.0,0.0,801.043472,
796,NFCORE_RANGELAND:RANGELAND:PREPROCESSING:PREPROCESS_CONFIG,1722108952000,1722108953000,1,67.1,,6442450944.0,,,0.0007799674063434723,0.0007799674063434723,0.0,801.043472,
797,NFCORE_RANGELAND:RANGELAND:PREPROCESSING:PREPROCESS_CONFIG,1722108952000,1722108953000,1,71.9,,6442450944.0,,,0.0007983246525768056,0.0007983246525768056,0.0,801.043472,
798,NFCORE_RANGELAND:RANGELAND:PREPROCESSING:PREPROCESS_CONFIG,1722108952000,1722108953000,1,87.5,,6442450944.0,,,0.0008579857028351391,0.0008579857028351391,0.0,801.043472,
799,NFCORE_RANGELAND:RANGELAND:PREPROCESSING:PREPROCESS_CONFIG,1722108952000,1722108952000,1,78.0,,6442450944.0,,,0.0,0.0,0.0,801.043472,
800,NFCORE_RANGELAND:RANGELAND:PREPROCESSING:PREPROCESS_CONFIG,1722108952000,1722108953000,1,74.8,,6442450944.0,,,0.0008094154888427778,0.0008094154888427778,0.0,801.043472,
801,NFCORE_RANGELAND:RANGELAND:PREPROCESSING:PREPROCESS_CONFIG,1722108952000,1722108953000,1,77.4,,6442450944.0,,,0.0008193589972191669,0.0008193589972191669,0.0,801.043472,
802,NFCORE_RANGELAND:RANGELAND:PREPROCESSING:PREPROCESS_CONFIG,1722108952000,1722108953000,1,71.7,,6442450944.0,,,0.0007975597673170834,0.0007975597673170834,0.0,801.043472,
803,NFCORE_RANGELAND:RANGELAND:PREPROCESSING:PREPROCESS_CONFIG,1722108952000,1722108953000,1,66.5,,6442450944.0,,,0.0007776727505643057,0.0007776727505643057,0.0,801.043472,
804,NFCORE_RANGELAND:RANGELAND:PREPROCESSING:PREPROCESS_CONFIG,1722108953000,1722108953000,1,74.9,,6442450944.0,,,0.0,0.0,0.0,801.043472,
805,NFCORE_RANGELAND:RANGELAND:PREPROCESSING:PREPROCESS_CONFIG,1722108998000,1722108998000,1,108.0,,6442450944.0,,,0.0,0.0,0.0,801.043472,
807,NFCORE_RANGELAND:RANGELAND:PREPROCESSING:PREPROCESS_CONFIG,1722108953000,1722108953000,1,74.4,,6442450944.0,,,0.0,0.0,0.0,801.043472,
808,NFCORE_RANGELAND:RANGELAND:PREPROCESSING:PREPROCESS_CONFIG,1722108953000,1722108953000,1,70.6,,6442450944.0,,,0.0,0.0,0.0,801.043472,
809,NFCORE_RANGELAND:RANGELAND:PREPROCESSING:PREPROCESS_CONFIG,1722108953000,1722108953000,1,84.7,,6442450944.0,,,0.0,0.0,0.0,801.043472,
810,NFCORE_RANGELAND:RANGELAND:PREPROCESSING:PREPROCESS_CONFIG,1722108998000,1722108998000,1,105.7,,6442450944.0,,,0.0,0.0,0.0,801.043472,
811,NFCORE_RANGELAND:RANGELAND:PREPROCESSING:PREPROCESS_CONFIG,1722108953000,1722108954000,1,68.1,,6442450944.0,,,0.0007837918326420834,0.0007837918326420834,0.0,801.043472,
842,NFCORE_RANGELAND:RANGELAND:PREPROCESSING:PREPROCESS_CONFIG,1722108953000,1722108954000,1,73.7,,6442450944.0,,,0.0008052086199143056,0.0008052086199143056,0.0,801.043472,
812,NFCORE_RANGELAND:RANGELAND:PREPROCESSING:PREPROCESS_CONFIG,1722108953000,1722108954000,1,67.3,,6442450944.0,,,0.0007807322916031945,0.0007807322916031945,0.0,801.043472,
813,NFCORE_RANGELAND:RANGELAND:PREPROCESSING:PREPROCESS_CONFIG,1722108954000,1722108954000,1,70.5,,6442450944.0,,,0.0,0.0,0.0,801.043472,
815,NFCORE_RANGELAND:RANGELAND:PREPROCESSING:PREPROCESS_CONFIG,1722108954000,1722108954000,1,82.1,,6442450944.0,,,0.0,0.0,0.0,801.043472,
816,NFCORE_RANGELAND:RANGELAND:PREPROCESSING:PREPROCESS_CONFIG,1722108954000,1722108954000,1,71.6,,6442450944.0,,,0.0,0.0,0.0,801.043472,
848,NFCORE_RANGELAND:RANGELAND:PREPROCESSING:PREPROCESS_CONFIG,1722108954000,1722108954000,1,69.6,,6442450944.0,,,0.0,0.0,0.0,801.043472,
817,NFCORE_RANGELAND:RANGELAND:PREPROCESSING:PREPROCESS_CONFIG,1722108954000,1722108954000,1,78.6,,6442450944.0,,,0.0,0.0,0.0,801.043472,
818,NFCORE_RANGELAND:RANGELAND:PREPROCESSING:PREPROCESS_CONFIG,1722108954000,1722108954000,1,86.3,,6442450944.0,,,0.0,0.0,0.0,801.043472,
819,NFCORE_RANGELAND:RANGELAND:PREPROCESSING:PREPROCESS_CONFIG,1722108954000,1722108954000,1,83.8,,6442450944.0,,,0.0,0.0,0.0,801.043472,
821,NFCORE_RANGELAND:RANGELAND:PREPROCESSING:PREPROCESS_CONFIG,1722108954000,1722108954000,1,81.8,,6442450944.0,,,0.0,0.0,0.0,801.043472,
822,NFCORE_RANGELAND:RANGELAND:PREPROCESSING:PREPROCESS_CONFIG,1722108999000,1722108999000,1,98.5,,6442450944.0,,,0.0,0.0,0.0,801.043472,
823,NFCORE_RANGELAND:RANGELAND:PREPROCESSING:PREPROCESS_CONFIG,1722108954000,1722108955000,1,71.0,,6442450944.0,,,0.0007948826689080556,0.0007948826689080556,0.0,801.043472,
824,NFCORE_RANGELAND:RANGELAND:PREPROCESSING:PREPROCESS_CONFIG,1722108954000,1722108955000,1,67.4,,6442450944.0,,,0.0007811147342330556,0.0007811147342330556,0.0,801.043472,
825,NFCORE_RANGELAND:RANGELAND:PREPROCESSING:PREPROCESS_CONFIG,1722108955000,1722108955000,1,71.3,,6442450944.0,,,0.0,0.0,0.0,801.043472,
826,NFCORE_RANGELAND:RANGELAND:PREPROCESSING:PREPROCESS_CONFIG,1722108955000,1722108955000,1,54.3,,6442450944.0,,,0.0,0.0,0.0,801.043472,
827,NFCORE_RANGELAND:RANGELAND:PREPROCESSING:PREPROCESS_CONFIG,1722108955000,1722108955000,1,72.1,,6442450944.0,,,0.0,0.0,0.0,801.043472,
828,NFCORE_RANGELAND:RANGELAND:PREPROCESSING:PREPROCESS_CONFIG,1722108955000,1722108955000,1,70.5,,6442450944.0,,,0.0,0.0,0.0,801.043472,
829,NFCORE_RANGELAND:RANGELAND:PREPROCESSING:PREPROCESS_CONFIG,1722108955000,1722108955000,1,68.4,,6442450944.0,,,0.0,0.0,0.0,801.043472,
830,NFCORE_RANGELAND:RANGELAND:PREPROCESSING:PREPROCESS_CONFIG,1722108955000,1722108956000,1,77.8,,6442450944.0,,,0.0008208887677386113,0.0008208887677386113,0.0,801.043472,
831,NFCORE_RANGELAND:RANGELAND:PREPROCESSING:PREPROCESS_CONFIG,1722108955000,1722108955000,1,78.7,,6442450944.0,,,0.0,0.0,0.0,801.043472,
833,NFCORE_RANGELAND:RANGELAND:PREPROCESSING:PREPROCESS_CONFIG,1722109000000,1722109000000,1,105.1,,6442450944.0,,,0.0,0.0,0.0,801.043472,
832,NFCORE_RANGELAND:RANGELAND:PREPROCESSING:PREPROCESS_CONFIG,1722108955000,1722108956000,1,77.9,,6442450944.0,,,0.0008212712103684723,0.0008212712103684723,0.0,801.043472,
834,NFCORE_RANGELAND:RANGELAND:PREPROCESSING:PREPROCESS_CONFIG,1722108955000,1722108956000,1,68.5,,6442450944.0,,,0.000785321603161528,0.000785321603161528,0.0,801.043472,
835,NFCORE_RANGELAND:RANGELAND:PREPROCESSING:PREPROCESS_CONFIG,1722108955000,1722108956000,1,76.4,,6442450944.0,,,0.0008155345709205555,0.0008155345709205555,0.0,801.043472,
836,NFCORE_RANGELAND:RANGELAND:PREPROCESSING:PREPROCESS_CONFIG,1722108956000,1722108956000,1,73.1,,6442450944.0,,,0.0,0.0,0.0,801.043472,
837,NFCORE_RANGELAND:RANGELAND:PREPROCESSING:PREPROCESS_CONFIG,1722108956000,1722108956000,1,68.9,,6442450944.0,,,0.0,0.0,0.0,801.043472,
838,NFCORE_RANGELAND:RANGELAND:PREPROCESSING:PREPROCESS_CONFIG,1722109001000,1722109001000,1,97.9,,6442450944.0,,,0.0,0.0,0.0,801.043472,
840,NFCORE_RANGELAND:RANGELAND:PREPROCESSING:PREPROCESS_CONFIG,1722109001000,1722109001000,1,113.9,,6442450944.0,,,0.0,0.0,0.0,801.043472,
839,NFCORE_RANGELAND:RANGELAND:PREPROCESSING:PREPROCESS_CONFIG,1722108956000,1722108956000,1,63.0,,6442450944.0,,,0.0,0.0,0.0,801.043472,
841,NFCORE_RANGELAND:RANGELAND:PREPROCESSING:PREPROCESS_CONFIG,1722108956000,1722108956000,1,81.9,,6442450944.0,,,0.0,0.0,0.0,801.043472,
843,NFCORE_RANGELAND:RANGELAND:PREPROCESSING:PREPROCESS_CONFIG,1722108956000,1722108956000,1,74.3,,6442450944.0,,,0.0,0.0,0.0,801.043472,
844,NFCORE_RANGELAND:RANGELAND:PREPROCESSING:PREPROCESS_CONFIG,1722108957000,1722108957000,1,65.2,,6442450944.0,,,0.0,0.0,0.0,801.043472,
846,NFCORE_RANGELAND:RANGELAND:PREPROCESSING:PREPROCESS_CONFIG,1722108956000,1722108957000,1,83.2,,6442450944.0,,,0.0008415406697511112,0.0008415406697511112,0.0,801.043472,
845,NFCORE_RANGELAND:RANGELAND:PREPROCESSING:PREPROCESS_CONFIG,1722108956000,1722108957000,1,75.8,,6442450944.0,,,0.000813239915141389,0.000813239915141389,0.0,801.043472,
847,NFCORE_RANGELAND:RANGELAND:PREPROCESSING:PREPROCESS_CONFIG,1722108956000,1722108957000,1,70.8,,6442450944.0,,,0.0007941177836483335,0.0007941177836483335,0.0,801.043472,
850,NFCORE_RANGELAND:RANGELAND:PREPROCESSING:PREPROCESS_CONFIG,1722108957000,1722108957000,1,76.9,,6442450944.0,,,0.0,0.0,0.0,801.043472,
849,NFCORE_RANGELAND:RANGELAND:PREPROCESSING:PREPROCESS_CONFIG,1722108957000,1722108957000,1,71.3,,6442450944.0,,,0.0,0.0,0.0,801.043472,
851,NFCORE_RANGELAND:RANGELAND:PREPROCESSING:PREPROCESS_CONFIG,1722108957000,1722108957000,1,73.7,,6442450944.0,,,0.0,0.0,0.0,801.043472,
852,NFCORE_RANGELAND:RANGELAND:PREPROCESSING:PREPROCESS_CONFIG,1722108957000,1722108957000,1,82.8,,6442450944.0,,,0.0,0.0,0.0,801.043472,
853,NFCORE_RANGELAND:RANGELAND:PREPROCESSING:PREPROCESS_CONFIG,1722108957000,1722108957000,1,68.8,,6442450944.0,,,0.0,0.0,0.0,801.043472,
854,NFCORE_RANGELAND:RANGELAND:PREPROCESSING:PREPROCESS_CONFIG,1722108957000,1722108957000,1,68.1,,6442450944.0,,,0.0,0.0,0.0,801.043472,
855,NFCORE_RANGELAND:RANGELAND:PREPROCESSING:PREPROCESS_CONFIG,1722109002000,1722109002000,1,106.7,,6442450944.0,,,0.0,0.0,0.0,801.043472,
856,NFCORE_RANGELAND:RANGELAND:PREPROCESSING:PREPROCESS_CONFIG,1722108957000,1722108958000,1,76.0,,6442450944.0,,,0.0008140048004011113,0.0008140048004011113,0.0,801.043472,
858,NFCORE_RANGELAND:RANGELAND:PREPROCESSING:PREPROCESS_CONFIG,1722108957000,1722108958000,1,74.1,,6442450944.0,,,0.00080673839043375,0.00080673839043375,0.0,801.043472,
859,NFCORE_RANGELAND:RANGELAND:PREPROCESSING:PREPROCESS_CONFIG,1722108957000,1722108958000,1,80.7,,6442450944.0,,,0.0008319796040045834,0.0008319796040045834,0.0,801.043472,
857,NFCORE_RANGELAND:RANGELAND:PREPROCESSING:PREPROCESS_CONFIG,1722108958000,1722108958000,1,63.6,,6442450944.0,,,0.0,0.0,0.0,801.043472,
860,NFCORE_RANGELAND:RANGELAND:PREPROCESSING:PREPROCESS_CONFIG,1722108958000,1722108958000,1,74.4,,6442450944.0,,,0.0,0.0,0.0,801.043472,
861,NFCORE_RANGELAND:RANGELAND:PREPROCESSING:PREPROCESS_CONFIG,1722109003000,1722109003000,1,112.8,,6442450944.0,,,0.0,0.0,0.0,801.043472,
862,NFCORE_RANGELAND:RANGELAND:PREPROCESSING:PREPROCESS_CONFIG,1722108958000,1722108958000,1,73.8,,6442450944.0,,,0.0,0.0,0.0,801.043472,
863,NFCORE_RANGELAND:RANGELAND:PREPROCESSING:PREPROCESS_CONFIG,1722108958000,1722108958000,1,70.8,,6442450944.0,,,0.0,0.0,0.0,801.043472,
864,NFCORE_RANGELAND:RANGELAND:PREPROCESSING:PREPROCESS_CONFIG,1722108958000,1722108958000,1,78.4,,6442450944.0,,,0.0,0.0,0.0,801.043472,
865,NFCORE_RANGELAND:RANGELAND:PREPROCESSING:PREPROCESS_CONFIG,1722108958000,1722108958000,1,77.7,,6442450944.0,,,0.0,0.0,0.0,801.043472,
866,NFCORE_RANGELAND:RANGELAND:PREPROCESSING:PREPROCESS_CONFIG,1722108958000,1722108959000,1,72.9,,6442450944.0,,,0.0008021490788754168,0.0008021490788754168,0.0,801.043472,
867,NFCORE_RANGELAND:RANGELAND:PREPROCESSING:PREPROCESS_CONFIG,1722108958000,1722108959000,1,76.9,,6442450944.0,,,0.0008174467840698611,0.0008174467840698611,0.0,801.043472,
868,NFCORE_RANGELAND:RANGELAND:PREPROCESSING:PREPROCESS_CONFIG,1722108958000,1722108959000,1,83.2,,6442450944.0,,,0.0008415406697511112,0.0008415406697511112,0.0,801.043472,
870,NFCORE_RANGELAND:RANGELAND:PREPROCESSING:PREPROCESS_CONFIG,1722108958000,1722108959000,1,74.2,,6442450944.0,,,0.0008071208330636112,0.0008071208330636112,0.0,801.043472,
869,NFCORE_RANGELAND:RANGELAND:PREPROCESSING:PREPROCESS_CONFIG,1722108959000,1722108959000,1,73.9,,6442450944.0,,,0.0,0.0,0.0,801.043472,
871,NFCORE_RANGELAND:RANGELAND:PREPROCESSING:PREPROCESS_CONFIG,1722108959000,1722108959000,1,74.2,,6442450944.0,,,0.0,0.0,0.0,801.043472,
872,NFCORE_RANGELAND:RANGELAND:PREPROCESSING:PREPROCESS_CONFIG,1722109004000,1722109004000,1,90.4,,6442450944.0,,,0.0,0.0,0.0,801.043472,
873,NFCORE_RANGELAND:RANGELAND:PREPROCESSING:PREPROCESS_CONFIG,1722109004000,1722109004000,1,100.6,,6442450944.0,,,0.0,0.0,0.0,801.043472,
902,NFCORE_RANGELAND:RANGELAND:PREPROCESSING:PREPROCESS_CONFIG,1722108959000,1722108959000,1,69.3,,6442450944.0,,,0.0,0.0,0.0,801.043472,
874,NFCORE_RANGELAND:RANGELAND:PREPROCESSING:PREPROCESS_CONFIG,1722108959000,1722108960000,1,70.2,,6442450944.0,,,0.0007918231278691667,0.0007918231278691667,0.0,801.043472,
875,NFCORE_RANGELAND:RANGELAND:PREPROCESSING:PREPROCESS_CONFIG,1722108959000,1722108959000,1,72.7,,6442450944.0,,,0.0,0.0,0.0,801.043472,
876,NFCORE_RANGELAND:RANGELAND:PREPROCESSING:PREPROCESS_CONFIG,1722108960000,1722108960000,1,80.4,,6442450944.0,,,0.0,0.0,0.0,801.043472,
877,NFCORE_RANGELAND:RANGELAND:PREPROCESSING:PREPROCESS_CONFIG,1722108959000,1722108960000,1,77.3,,6442450944.0,,,0.0008189765545893057,0.0008189765545893057,0.0,801.043472,
878,NFCORE_RANGELAND:RANGELAND:PREPROCESSING:PREPROCESS_CONFIG,1722108959000,1722108960000,1,71.0,,6442450944.0,,,0.0007948826689080556,0.0007948826689080556,0.0,801.043472,
879,NFCORE_RANGELAND:RANGELAND:PREPROCESSING:PREPROCESS_CONFIG,1722108959000,1722108960000,1,81.5,,6442450944.0,,,0.0008350391450434722,0.0008350391450434722,0.0,801.043472,
880,NFCORE_RANGELAND:RANGELAND:PREPROCESSING:PREPROCESS_CONFIG,1722108960000,1722108960000,1,69.9,,6442450944.0,,,0.0,0.0,0.0,801.043472,
881,NFCORE_RANGELAND:RANGELAND:PREPROCESSING:PREPROCESS_CONFIG,1722108960000,1722108960000,1,71.4,,6442450944.0,,,0.0,0.0,0.0,801.043472,
882,NFCORE_RANGELAND:RANGELAND:PREPROCESSING:PREPROCESS_CONFIG,1722108960000,1722108960000,1,82.2,,6442450944.0,,,0.0,0.0,0.0,801.043472,
883,NFCORE_RANGELAND:RANGELAND:PREPROCESSING:PREPROCESS_CONFIG,1722108960000,1722108960000,1,72.4,,6442450944.0,,,0.0,0.0,0.0,801.043472,
914,NFCORE_RANGELAND:RANGELAND:PREPROCESSING:PREPROCESS_CONFIG,1722108960000,1722108960000,1,66.8,,6442450944.0,,,0.0,0.0,0.0,801.043472,
884,NFCORE_RANGELAND:RANGELAND:PREPROCESSING:PREPROCESS_CONFIG,1722109005000,1722109005000,1,112.5,,6442450944.0,,,0.0,0.0,0.0,801.043472,
886,NFCORE_RANGELAND:RANGELAND:PREPROCESSING:PREPROCESS_CONFIG,1722108960000,1722108960000,1,73.4,,6442450944.0,,,0.0,0.0,0.0,801.043472,
885,NFCORE_RANGELAND:RANGELAND:PREPROCESSING:PREPROCESS_CONFIG,1722108960000,1722108961000,1,71.7,,6442450944.0,,,0.0007975597673170834,0.0007975597673170834,0.0,801.043472,
887,NFCORE_RANGELAND:RANGELAND:PREPROCESSING:PREPROCESS_CONFIG,1722108960000,1722108961000,1,71.0,,6442450944.0,,,0.0007948826689080556,0.0007948826689080556,0.0,801.043472,
888,NFCORE_RANGELAND:RANGELAND:PREPROCESSING:PREPROCESS_CONFIG,1722108961000,1722108961000,1,70.4,,6442450944.0,,,0.0,0.0,0.0,801.043472,
889,NFCORE_RANGELAND:RANGELAND:PREPROCESSING:PREPROCESS_CONFIG,1722108960000,1722108961000,1,71.9,,6442450944.0,,,0.0007983246525768056,0.0007983246525768056,0.0,801.043472,
890,NFCORE_RANGELAND:RANGELAND:PREPROCESSING:PREPROCESS_CONFIG,1722108960000,1722108961000,1,77.5,,6442450944.0,,,0.0008197414398490278,0.0008197414398490278,0.0,801.043472,
891,NFCORE_RANGELAND:RANGELAND:PREPROCESSING:PREPROCESS_CONFIG,1722108961000,1722108961000,1,73.9,,6442450944.0,,,0.0,0.0,0.0,801.043472,
892,NFCORE_RANGELAND:RANGELAND:PREPROCESSING:PREPROCESS_CONFIG,1722108961000,1722108961000,1,68.7,,6442450944.0,,,0.0,0.0,0.0,801.043472,
894,NFCORE_RANGELAND:RANGELAND:PREPROCESSING:PREPROCESS_CONFIG,1722109006000,1722109006000,1,93.4,,6442450944.0,,,0.0,0.0,0.0,801.043472,
895,NFCORE_RANGELAND:RANGELAND:PREPROCESSING:PREPROCESS_CONFIG,1722108961000,1722108961000,1,76.7,,6442450944.0,,,0.0,0.0,0.0,801.043472,
893,NFCORE_RANGELAND:RANGELAND:PREPROCESSING:PREPROCESS_CONFIG,1722108961000,1722108961000,1,77.5,,6442450944.0,,,0.0,0.0,0.0,801.043472,
896,NFCORE_RANGELAND:RANGELAND:PREPROCESSING:PREPROCESS_CONFIG,1722108961000,1722108961000,1,78.7,,6442450944.0,,,0.0,0.0,0.0,801.043472,
897,NFCORE_RANGELAND:RANGELAND:PREPROCESSING:PREPROCESS_CONFIG,1722108961000,1722108961000,1,67.8,,6442450944.0,,,0.0,0.0,0.0,801.043472,
898,NFCORE_RANGELAND:RANGELAND:PREPROCESSING:PREPROCESS_CONFIG,1722108961000,1722108961000,1,71.0,,6442450944.0,,,0.0,0.0,0.0,801.043472,
900,NFCORE_RANGELAND:RANGELAND:PREPROCESSING:PREPROCESS_CONFIG,1722108961000,1722108962000,1,71.4,,6442450944.0,,,0.0007964124394275001,0.0007964124394275001,0.0,801.043472,
899,NFCORE_RANGELAND:RANGELAND:PREPROCESSING:PREPROCESS_CONFIG,1722108961000,1722108962000,1,73.1,,6442450944.0,,,0.0008029139641351388,0.0008029139641351388,0.0,801.043472,
901,NFCORE_RANGELAND:RANGELAND:PREPROCESSING:PREPROCESS_CONFIG,1722108962000,1722108962000,1,77.7,,6442450944.0,,,0.0,0.0,0.0,801.043472,
904,NFCORE_RANGELAND:RANGELAND:PREPROCESSING:PREPROCESS_CONFIG,1722108962000,1722108962000,1,72.6,,6442450944.0,,,0.0,0.0,0.0,801.043472,
903,NFCORE_RANGELAND:RANGELAND:PREPROCESSING:PREPROCESS_CONFIG,1722108962000,1722108962000,1,70.5,,6442450944.0,,,0.0,0.0,0.0,801.043472,
905,NFCORE_RANGELAND:RANGELAND:PREPROCESSING:PREPROCESS_CONFIG,1722109007000,1722109007000,1,101.2,,6442450944.0,,,0.0,0.0,0.0,801.043472,
907,NFCORE_RANGELAND:RANGELAND:PREPROCESSING:PREPROCESS_CONFIG,1722109007000,1722109007000,1,100.0,,6442450944.0,,,0.0,0.0,0.0,801.043472,
906,NFCORE_RANGELAND:RANGELAND:PREPROCESSING:PREPROCESS_CONFIG,1722108962000,1722108962000,1,68.0,,6442450944.0,,,0.0,0.0,0.0,801.043472,
908,NFCORE_RANGELAND:RANGELAND:PREPROCESSING:PREPROCESS_CONFIG,1722108962000,1722108963000,1,87.9,,6442450944.0,,,0.0008595154733545835,0.0008595154733545835,0.0,801.043472,
909,NFCORE_RANGELAND:RANGELAND:PREPROCESSING:PREPROCESS_CONFIG,1722108962000,1722108962000,1,65.9,,6442450944.0,,,0.0,0.0,0.0,801.043472,
911,NFCORE_RANGELAND:RANGELAND:PREPROCESSING:PREPROCESS_CONFIG,1722108962000,1722108962000,1,68.2,,6442450944.0,,,0.0,0.0,0.0,801.043472,
910,NFCORE_RANGELAND:RANGELAND:PREPROCESSING:PREPROCESS_CONFIG,1722108962000,1722108963000,1,73.9,,6442450944.0,,,0.0008059735051740279,0.0008059735051740279,0.0,801.043472,
912,NFCORE_RANGELAND:RANGELAND:PREPROCESSING:PREPROCESS_CONFIG,1722108962000,1722108963000,1,82.2,,6442450944.0,,,0.0008377162434525001,0.0008377162434525001,0.0,801.043472,
913,NFCORE_RANGELAND:RANGELAND:PREPROCESSING:PREPROCESS_CONFIG,1722108962000,1722108963000,1,65.0,,6442450944.0,,,0.000771936111116389,0.000771936111116389,0.0,801.043472,
916,NFCORE_RANGELAND:RANGELAND:PREPROCESSING:PREPROCESS_CONFIG,1722108963000,1722108963000,1,66.4,,6442450944.0,,,0.0,0.0,0.0,801.043472,
915,NFCORE_RANGELAND:RANGELAND:PREPROCESSING:PREPROCESS_CONFIG,1722108963000,1722108963000,1,85.4,,6442450944.0,,,0.0,0.0,0.0,801.043472,
917,NFCORE_RANGELAND:RANGELAND:PREPROCESSING:PREPROCESS_CONFIG,1722108963000,1722108963000,1,78.7,,6442450944.0,,,0.0,0.0,0.0,801.043472,
945,NFCORE_RANGELAND:RANGELAND:PREPROCESSING:PREPROCESS_CONFIG,1722108963000,1722108963000,1,73.1,,6442450944.0,,,0.0,0.0,0.0,801.043472,
918,NFCORE_RANGELAND:RANGELAND:PREPROCESSING:PREPROCESS_CONFIG,1722109008000,1722109008000,1,112.1,,6442450944.0,,,0.0,0.0,0.0,801.043472,
919,NFCORE_RANGELAND:RANGELAND:PREPROCESSING:PREPROCESS_CONFIG,1722108963000,1722108963000,1,81.5,,6442450944.0,,,0.0,0.0,0.0,801.043472,
950,NFCORE_RANGELAND:RANGELAND:PREPROCESSING:PREPROCESS_CONFIG,1722108963000,1722108963000,1,64.7,,6442450944.0,,,0.0,0.0,0.0,801.043472,
921,NFCORE_RANGELAND:RANGELAND:PREPROCESSING:PREPROCESS_CONFIG,1722108963000,1722108963000,1,72.9,,6442450944.0,,,0.0,0.0,0.0,801.043472,
920,NFCORE_RANGELAND:RANGELAND:PREPROCESSING:PREPROCESS_CONFIG,1722108963000,1722108964000,1,72.9,,6442450944.0,,,0.0008021490788754168,0.0008021490788754168,0.0,801.043472,
923,NFCORE_RANGELAND:RANGELAND:PREPROCESSING:PREPROCESS_CONFIG,1722108963000,1722108964000,1,76.4,,6442450944.0,,,0.0008155345709205555,0.0008155345709205555,0.0,801.043472,
922,NFCORE_RANGELAND:RANGELAND:PREPROCESSING:PREPROCESS_CONFIG,1722108963000,1722108964000,1,71.7,,6442450944.0,,,0.0007975597673170834,0.0007975597673170834,0.0,801.043472,
924,NFCORE_RANGELAND:RANGELAND:PREPROCESSING:PREPROCESS_CONFIG,1722108963000,1722108964000,1,83.0,,6442450944.0,,,0.0008407757844913889,0.0008407757844913889,0.0,801.043472,
925,NFCORE_RANGELAND:RANGELAND:PREPROCESSING:PREPROCESS_CONFIG,1722108963000,1722108964000,1,75.1,,6442450944.0,,,0.0008105628167323611,0.0008105628167323611,0.0,801.043472,
927,NFCORE_RANGELAND:RANGELAND:PREPROCESSING:PREPROCESS_CONFIG,1722109009000,1722109009000,1,113.8,,6442450944.0,,,0.0,0.0,0.0,801.043472,
926,NFCORE_RANGELAND:RANGELAND:PREPROCESSING:PREPROCESS_CONFIG,1722108964000,1722108964000,1,74.1,,6442450944.0,,,0.0,0.0,0.0,801.043472,
928,NFCORE_RANGELAND:RANGELAND:PREPROCESSING:PREPROCESS_CONFIG,1722108964000,1722108964000,1,79.6,,6442450944.0,,,0.0,0.0,0.0,801.043472,
929,NFCORE_RANGELAND:RANGELAND:PREPROCESSING:PREPROCESS_CONFIG,1722108964000,1722108964000,1,80.9,,6442450944.0,,,0.0,0.0,0.0,801.043472,
930,NFCORE_RANGELAND:RANGELAND:PREPROCESSING:PREPROCESS_CONFIG,1722108964000,1722108964000,1,81.5,,6442450944.0,,,0.0,0.0,0.0,801.043472,
931,NFCORE_RANGELAND:RANGELAND:PREPROCESSING:PREPROCESS_CONFIG,1722108964000,1722108964000,1,77.7,,6442450944.0,,,0.0,0.0,0.0,801.043472,
932,NFCORE_RANGELAND:RANGELAND:PREPROCESSING:PREPROCESS_CONFIG,1722108964000,1722108965000,1,80.3,,6442450944.0,,,0.0008304498334851389,0.0008304498334851389,0.0,801.043472,
933,NFCORE_RANGELAND:RANGELAND:PREPROCESSING:PREPROCESS_CONFIG,1722108964000,1722108965000,1,85.2,,6442450944.0,,,0.0008491895223483335,0.0008491895223483335,0.0,801.043472,
934,NFCORE_RANGELAND:RANGELAND:PREPROCESSING:PREPROCESS_CONFIG,1722108964000,1722108965000,1,84.4,,6442450944.0,,,0.0008461299813094447,0.0008461299813094447,0.0,801.043472,
936,NFCORE_RANGELAND:RANGELAND:PREPROCESSING:PREPROCESS_CONFIG,1722108965000,1722108965000,1,71.4,,6442450944.0,,,0.0,0.0,0.0,801.043472,
935,NFCORE_RANGELAND:RANGELAND:PREPROCESSING:PREPROCESS_CONFIG,1722108965000,1722108965000,1,72.6,,6442450944.0,,,0.0,0.0,0.0,801.043472,
937,NFCORE_RANGELAND:RANGELAND:PREPROCESSING:PREPROCESS_CONFIG,1722109010000,1722109010000,1,112.1,,6442450944.0,,,0.0,0.0,0.0,801.043472,
938,NFCORE_RANGELAND:RANGELAND:PREPROCESSING:PREPROCESS_CONFIG,1722108965000,1722108965000,1,66.5,,6442450944.0,,,0.0,0.0,0.0,801.043472,
939,NFCORE_RANGELAND:RANGELAND:PREPROCESSING:PREPROCESS_CONFIG,1722109010000,1722109010000,1,99.6,,6442450944.0,,,0.0,0.0,0.0,801.043472,
940,NFCORE_RANGELAND:RANGELAND:PREPROCESSING:PREPROCESS_CONFIG,1722108965000,1722108965000,1,63.4,,6442450944.0,,,0.0,0.0,0.0,801.043472,
941,NFCORE_RANGELAND:RANGELAND:PREPROCESSING:PREPROCESS_CONFIG,1722108965000,1722108966000,1,80.0,,6442450944.0,,,0.0008293025055955556,0.0008293025055955556,0.0,801.043472,
942,NFCORE_RANGELAND:RANGELAND:PREPROCESSING:PREPROCESS_CONFIG,1722108965000,1722108965000,1,83.0,,6442450944.0,,,0.0,0.0,0.0,801.043472,
943,NFCORE_RANGELAND:RANGELAND:PREPROCESSING:PREPROCESS_CONFIG,1722108965000,1722108966000,1,69.6,,6442450944.0,,,0.0007895284720900001,0.0007895284720900001,0.0,801.043472,
946,NFCORE_RANGELAND:RANGELAND:PREPROCESSING:PREPROCESS_CONFIG,1722108965000,1722108966000,1,75.7,,6442450944.0,,,0.0008128574725115279,0.0008128574725115279,0.0,801.043472,
947,NFCORE_RANGELAND:RANGELAND:PREPROCESSING:PREPROCESS_CONFIG,1722108966000,1722108966000,1,69.4,,6442450944.0,,,0.0,0.0,0.0,801.043472,
948,NFCORE_RANGELAND:RANGELAND:PREPROCESSING:PREPROCESS_CONFIG,1722108965000,1722108966000,1,65.6,,6442450944.0,,,0.0007742307668955556,0.0007742307668955556,0.0,801.043472,
944,NFCORE_RANGELAND:RANGELAND:PREPROCESSING:PREPROCESS_CONFIG,1722108966000,1722108966000,1,74.8,,6442450944.0,,,0.0,0.0,0.0,801.043472,
949,NFCORE_RANGELAND:RANGELAND:PREPROCESSING:PREPROCESS_CONFIG,1722108966000,1722108966000,1,85.9,,6442450944.0,,,0.0,0.0,0.0,801.043472,
951,NFCORE_RANGELAND:RANGELAND:PREPROCESSING:PREPROCESS_CONFIG,1722108966000,1722108966000,1,71.0,,6442450944.0,,,0.0,0.0,0.0,801.043472,
953,NFCORE_RANGELAND:RANGELAND:PREPROCESSING:PREPROCESS_CONFIG,1722108966000,1722108966000,1,74.4,,6442450944.0,,,0.0,0.0,0.0,801.043472,
952,NFCORE_RANGELAND:RANGELAND:PREPROCESSING:PREPROCESS_CONFIG,1722108966000,1722108966000,1,68.7,,6442450944.0,,,0.0,0.0,0.0,801.043472,
954,NFCORE_RANGELAND:RANGELAND:PREPROCESSING:PREPROCESS_CONFIG,1722109011000,1722109011000,1,114.3,,6442450944.0,,,0.0,0.0,0.0,801.043472,
956,NFCORE_RANGELAND:RANGELAND:PREPROCESSING:PREPROCESS_CONFIG,1722108966000,1722108966000,1,84.8,,6442450944.0,,,0.0,0.0,0.0,801.043472,
955,NFCORE_RANGELAND:RANGELAND:PREPROCESSING:PREPROCESS_CONFIG,1722108966000,1722108967000,1,71.3,,6442450944.0,,,0.0007960299967976389,0.0007960299967976389,0.0,801.043472,
957,NFCORE_RANGELAND:RANGELAND:PREPROCESSING:PREPROCESS_CONFIG,1722108966000,1722108967000,1,67.3,,6442450944.0,,,0.0007807322916031945,0.0007807322916031945,0.0,801.043472,
958,NFCORE_RANGELAND:RANGELAND:PREPROCESSING:PREPROCESS_CONFIG,1722108966000,1722108967000,1,69.3,,6442450944.0,,,0.0007883811442004167,0.0007883811442004167,0.0,801.043472,
962,NFCORE_RANGELAND:RANGELAND:PREPROCESSING:PREPROCESS_CONFIG,1722108967000,1722108967000,1,74.2,,6442450944.0,,,0.0,0.0,0.0,801.043472,
959,NFCORE_RANGELAND:RANGELAND:PREPROCESSING:PREPROCESS_CONFIG,1722108967000,1722108967000,1,72.6,,6442450944.0,,,0.0,0.0,0.0,801.043472,
984,NFCORE_RANGELAND:RANGELAND:PREPROCESSING:PREPROCESS_CONFIG,1722108967000,1722108967000,1,77.5,,6442450944.0,,,0.0,0.0,0.0,801.043472,
960,NFCORE_RANGELAND:RANGELAND:PREPROCESSING:PREPROCESS_CONFIG,1722108967000,1722108967000,1,78.7,,6442450944.0,,,0.0,0.0,0.0,801.043472,
961,NFCORE_RANGELAND:RANGELAND:PREPROCESSING:PREPROCESS_CONFIG,1722109012000,1722109012000,1,97.7,,6442450944.0,,,0.0,0.0,0.0,801.043472,
963,NFCORE_RANGELAND:RANGELAND:PREPROCESSING:PREPROCESS_CONFIG,1722108967000,1722108967000,1,86.9,,6442450944.0,,,0.0,0.0,0.0,801.043472,
965,NFCORE_RANGELAND:RANGELAND:PREPROCESSING:PREPROCESS_CONFIG,1722108967000,1722108967000,1,82.2,,6442450944.0,,,0.0,0.0,0.0,801.043472,
964,NFCORE_RANGELAND:RANGELAND:PREPROCESSING:PREPROCESS_CONFIG,1722108967000,1722108967000,1,70.5,,6442450944.0,,,0.0,0.0,0.0,801.043472,
969,NFCORE_RANGELAND:RANGELAND:PREPROCESSING:PREPROCESS_CONFIG,1722108967000,1722108968000,1,79.3,,6442450944.0,,,0.0008266254071865279,0.0008266254071865279,0.0,801.043472,
996,NFCORE_RANGELAND:RANGELAND:PREPROCESSING:PREPROCESS_CONFIG,1722108968000,1722108968000,1,78.5,,6442450944.0,,,0.0,0.0,0.0,801.043472,
967,NFCORE_RANGELAND:RANGELAND:PREPROCESSING:PREPROCESS_CONFIG,1722108967000,1722108968000,1,78.4,,6442450944.0,,,0.0008231834235177778,0.0008231834235177778,0.0,801.043472,
966,NFCORE_RANGELAND:RANGELAND:PREPROCESSING:PREPROCESS_CONFIG,1722108968000,1722108968000,1,86.5,,6442450944.0,,,0.0,0.0,0.0,801.043472,
968,NFCORE_RANGELAND:RANGELAND:PREPROCESSING:PREPROCESS_CONFIG,1722108968000,1722108968000,1,81.1,,6442450944.0,,,0.0,0.0,0.0,801.043472,
970,NFCORE_RANGELAND:RANGELAND:PREPROCESSING:PREPROCESS_CONFIG,1722108968000,1722108968000,1,82.1,,6442450944.0,,,0.0,0.0,0.0,801.043472,
972,NFCORE_RANGELAND:RANGELAND:PREPROCESSING:PREPROCESS_CONFIG,1722108968000,1722108968000,1,66.8,,6442450944.0,,,0.0,0.0,0.0,801.043472,
1002,NFCORE_RANGELAND:RANGELAND:PREPROCESSING:PREPROCESS_CONFIG,1722109013000,1722109013000,1,108.0,,6442450944.0,,,0.0,0.0,0.0,801.043472,
974,NFCORE_RANGELAND:RANGELAND:PREPROCESSING:PREPROCESS_CONFIG,1722109013000,1722109013000,1,100.4,,6442450944.0,,,0.0,0.0,0.0,801.043472,
973,NFCORE_RANGELAND:RANGELAND:PREPROCESSING:PREPROCESS_CONFIG,1722108968000,1722108968000,1,71.7,,6442450944.0,,,0.0,0.0,0.0,801.043472,
975,NFCORE_RANGELAND:RANGELAND:PREPROCESSING:PREPROCESS_CONFIG,1722108968000,1722108968000,1,73.6,,6442450944.0,,,0.0,0.0,0.0,801.043472,
985,NFCORE_RANGELAND:RANGELAND:PREPROCESSING:PREPROCESS_CONFIG,1722108968000,1722108969000,1,81.8,,6442450944.0,,,0.0008361864729330556,0.0008361864729330556,0.0,801.043472,
976,NFCORE_RANGELAND:RANGELAND:PREPROCESSING:PREPROCESS_CONFIG,1722108968000,1722108969000,1,70.8,,6442450944.0,,,0.0007941177836483335,0.0007941177836483335,0.0,801.043472,
971,NFCORE_RANGELAND:RANGELAND:PREPROCESSING:PREPROCESS_CONFIG,1722108968000,1722108968000,1,76.6,,6442450944.0,,,0.0,0.0,0.0,801.043472,
977,NFCORE_RANGELAND:RANGELAND:PREPROCESSING:PREPROCESS_CONFIG,1722108968000,1722108969000,1,73.2,,6442450944.0,,,0.0008032964067650002,0.0008032964067650002,0.0,801.043472,
979,NFCORE_RANGELAND:RANGELAND:PREPROCESSING:PREPROCESS_CONFIG,1722108968000,1722108969000,1,72.9,,6442450944.0,,,0.0008021490788754168,0.0008021490788754168,0.0,801.043472,
1010,NFCORE_RANGELAND:RANGELAND:PREPROCESSING:PREPROCESS_CONFIG,1722108968000,1722108969000,1,75.8,,6442450944.0,,,0.000813239915141389,0.000813239915141389,0.0,801.043472,
978,NFCORE_RANGELAND:RANGELAND:PREPROCESSING:PREPROCESS_CONFIG,1722108969000,1722108969000,1,70.6,,6442450944.0,,,0.0,0.0,0.0,801.043472,
980,NFCORE_RANGELAND:RANGELAND:PREPROCESSING:PREPROCESS_CONFIG,1722108969000,1722108969000,1,74.9,,6442450944.0,,,0.0,0.0,0.0,801.043472,
981,NFCORE_RANGELAND:RANGELAND:PREPROCESSING:PREPROCESS_CONFIG,1722108969000,1722108969000,1,76.2,,6442450944.0,,,0.0,0.0,0.0,801.043472,
982,NFCORE_RANGELAND:RANGELAND:PREPROCESSING:PREPROCESS_CONFIG,1722108969000,1722108969000,1,73.7,,6442450944.0,,,0.0,0.0,0.0,801.043472,
983,NFCORE_RANGELAND:RANGELAND:PREPROCESSING:PREPROCESS_CONFIG,1722108969000,1722108969000,1,78.4,,6442450944.0,,,0.0,0.0,0.0,801.043472,
1017,NFCORE_RANGELAND:RANGELAND:PREPROCESSING:PREPROCESS_CONFIG,1722108969000,1722108969000,1,72.4,,6442450944.0,,,0.0,0.0,0.0,801.043472,
986,NFCORE_RANGELAND:RANGELAND:PREPROCESSING:PREPROCESS_CONFIG,1722109014000,1722109014000,1,94.5,,6442450944.0,,,0.0,0.0,0.0,801.043472,
987,NFCORE_RANGELAND:RANGELAND:PREPROCESSING:PREPROCESS_CONFIG,1722108969000,1722108970000,1,69.2,,6442450944.0,,,0.0007879987015705556,0.0007879987015705556,0.0,801.043472,
988,NFCORE_RANGELAND:RANGELAND:PREPROCESSING:PREPROCESS_CONFIG,1722108969000,1722108970000,1,76.0,,6442450944.0,,,0.0008140048004011113,0.0008140048004011113,0.0,801.043472,
989,NFCORE_RANGELAND:RANGELAND:PREPROCESSING:PREPROCESS_CONFIG,1722108969000,1722108970000,1,80.4,,6442450944.0,,,0.0008308322761150001,0.0008308322761150001,0.0,801.043472,
990,NFCORE_RANGELAND:RANGELAND:PREPROCESSING:PREPROCESS_CONFIG,1722108970000,1722108970000,1,80.2,,6442450944.0,,,0.0,0.0,0.0,801.043472,
991,NFCORE_RANGELAND:RANGELAND:PREPROCESSING:PREPROCESS_CONFIG,1722108970000,1722108970000,1,71.1,,6442450944.0,,,0.0,0.0,0.0,801.043472,
992,NFCORE_RANGELAND:RANGELAND:PREPROCESSING:PREPROCESS_CONFIG,1722108970000,1722108970000,1,72.1,,6442450944.0,,,0.0,0.0,0.0,801.043472,
993,NFCORE_RANGELAND:RANGELAND:PREPROCESSING:PREPROCESS_CONFIG,1722108970000,1722108970000,1,74.9,,6442450944.0,,,0.0,0.0,0.0,801.043472,
994,NFCORE_RANGELAND:RANGELAND:PREPROCESSING:PREPROCESS_CONFIG,1722109015000,1722109015000,1,101.2,,6442450944.0,,,0.0,0.0,0.0,801.043472,
995,NFCORE_RANGELAND:RANGELAND:PREPROCESSING:PREPROCESS_CONFIG,1722108970000,1722108970000,1,81.1,,6442450944.0,,,0.0,0.0,0.0,801.043472,
997,NFCORE_RANGELAND:RANGELAND:PREPROCESSING:PREPROCESS_CONFIG,1722108970000,1722108970000,1,74.1,,6442450944.0,,,0.0,0.0,0.0,801.043472,
998,NFCORE_RANGELAND:RANGELAND:PREPROCESSING:PREPROCESS_CONFIG,1722108970000,1722108970000,1,78.2,,6442450944.0,,,0.0,0.0,0.0,801.043472,
999,NFCORE_RANGELAND:RANGELAND:PREPROCESSING:PREPROCESS_CONFIG,1722108970000,1722108970000,1,72.1,,6442450944.0,,,0.0,0.0,0.0,801.043472,
1000,NFCORE_RANGELAND:RANGELAND:PREPROCESSING:PREPROCESS_CONFIG,1722108970000,1722108971000,1,75.9,,6442450944.0,,,0.00081362235777125,0.00081362235777125,0.0,801.043472,
1001,NFCORE_RANGELAND:RANGELAND:PREPROCESSING:PREPROCESS_CONFIG,1722108970000,1722108971000,1,77.3,,6442450944.0,,,0.0008189765545893057,0.0008189765545893057,0.0,801.043472,
1003,NFCORE_RANGELAND:RANGELAND:PREPROCESSING:PREPROCESS_CONFIG,1722108970000,1722108971000,1,70.2,,6442450944.0,,,0.0007918231278691667,0.0007918231278691667,0.0,801.043472,
1005,NFCORE_RANGELAND:RANGELAND:PREPROCESSING:PREPROCESS_CONFIG,1722108970000,1722108971000,1,78.0,,6442450944.0,,,0.0008216536529983335,0.0008216536529983335,0.0,801.043472,
1004,NFCORE_RANGELAND:RANGELAND:PREPROCESSING:PREPROCESS_CONFIG,1722108971000,1722108971000,1,73.9,,6442450944.0,,,0.0,0.0,0.0,801.043472,
1006,NFCORE_RANGELAND:RANGELAND:PREPROCESSING:PREPROCESS_CONFIG,1722108971000,1722108971000,1,71.6,,6442450944.0,,,0.0,0.0,0.0,801.043472,
1007,NFCORE_RANGELAND:RANGELAND:PREPROCESSING:PREPROCESS_CONFIG,1722108971000,1722108971000,1,78.0,,6442450944.0,,,0.0,0.0,0.0,801.043472,
1008,NFCORE_RANGELAND:RANGELAND:PREPROCESSING:PREPROCESS_CONFIG,1722109016000,1722109016000,1,110.3,,6442450944.0,,,0.0,0.0,0.0,801.043472,
1011,NFCORE_RANGELAND:RANGELAND:PREPROCESSING:PREPROCESS_CONFIG,1722109016000,1722109016000,1,102.4,,6442450944.0,,,0.0,0.0,0.0,801.043472,
1009,NFCORE_RANGELAND:RANGELAND:PREPROCESSING:PREPROCESS_CONFIG,1722108971000,1722108972000,1,75.3,,6442450944.0,,,0.0008113277019920834,0.0008113277019920834,0.0,801.043472,
1012,NFCORE_RANGELAND:RANGELAND:PREPROCESSING:PREPROCESS_CONFIG,1722108971000,1722108972000,1,72.6,,6442450944.0,,,0.0008010017509858333,0.0008010017509858333,0.0,801.043472,
1013,NFCORE_RANGELAND:RANGELAND:PREPROCESSING:PREPROCESS_CONFIG,1722108971000,1722108972000,1,68.2,,6442450944.0,,,0.0007841742752719447,0.0007841742752719447,0.0,801.043472,
1044,NFCORE_RANGELAND:RANGELAND:PREPROCESSING:PREPROCESS_CONFIG,1722108972000,1722108972000,1,74.7,,6442450944.0,,,0.0,0.0,0.0,801.043472,
1015,NFCORE_RANGELAND:RANGELAND:PREPROCESSING:PREPROCESS_CONFIG,1722108971000,1722108972000,1,76.9,,6442450944.0,,,0.0008174467840698611,0.0008174467840698611,0.0,801.043472,
1014,NFCORE_RANGELAND:RANGELAND:PREPROCESSING:PREPROCESS_CONFIG,1722108972000,1722108972000,1,71.6,,6442450944.0,,,0.0,0.0,0.0,801.043472,
1016,NFCORE_RANGELAND:RANGELAND:PREPROCESSING:PREPROCESS_CONFIG,1722108971000,1722108972000,1,66.8,,6442450944.0,,,0.000778820078453889,0.000778820078453889,0.0,801.043472,
1018,NFCORE_RANGELAND:RANGELAND:PREPROCESSING:PREPROCESS_CONFIG,1722108972000,1722108972000,1,76.2,,6442450944.0,,,0.0,0.0,0.0,801.043472,
1019,NFCORE_RANGELAND:RANGELAND:PREPROCESSING:PREPROCESS_CONFIG,1722108972000,1722108972000,1,68.8,,6442450944.0,,,0.0,0.0,0.0,801.043472,
1020,NFCORE_RANGELAND:RANGELAND:PREPROCESSING:PREPROCESS_CONFIG,1722108972000,1722108973000,1,73.4,,6442450944.0,,,0.0008040612920247223,0.0008040612920247223,0.0,801.043472,
1021,NFCORE_RANGELAND:RANGELAND:PREPROCESSING:PREPROCESS_CONFIG,1722108972000,1722108972000,1,78.6,,6442450944.0,,,0.0,0.0,0.0,801.043472,
1022,NFCORE_RANGELAND:RANGELAND:PREPROCESSING:PREPROCESS_CONFIG,1722108972000,1722108972000,1,67.4,,6442450944.0,,,0.0,0.0,0.0,801.043472,
1023,NFCORE_RANGELAND:RANGELAND:PREPROCESSING:PREPROCESS_CONFIG,1722109017000,1722109017000,1,100.8,,6442450944.0,,,0.0,0.0,0.0,801.043472,
1024,NFCORE_RANGELAND:RANGELAND:PREPROCESSING:PREPROCESS_CONFIG,1722108972000,1722108973000,1,73.1,,6442450944.0,,,0.0008029139641351388,0.0008029139641351388,0.0,801.043472,
1026,NFCORE_RANGELAND:RANGELAND:PREPROCESSING:PREPROCESS_CONFIG,1722108972000,1722108973000,1,77.7,,6442450944.0,,,0.0008205063251087502,0.0008205063251087502,0.0,801.043472,
1025,NFCORE_RANGELAND:RANGELAND:PREPROCESSING:PREPROCESS_CONFIG,1722108972000,1722108973000,1,75.8,,6442450944.0,,,0.000813239915141389,0.000813239915141389,0.0,801.043472,
1027,NFCORE_RANGELAND:RANGELAND:PREPROCESSING:PREPROCESS_CONFIG,1722108973000,1722108973000,1,86.5,,6442450944.0,,,0.0,0.0,0.0,801.043472,
1028,NFCORE_RANGELAND:RANGELAND:PREPROCESSING:PREPROCESS_CONFIG,1722108973000,1722108973000,1,73.6,,6442450944.0,,,0.0,0.0,0.0,801.043472,
1029,NFCORE_RANGELAND:RANGELAND:PREPROCESSING:PREPROCESS_CONFIG,1722108973000,1722108973000,1,88.1,,6442450944.0,,,0.0,0.0,0.0,801.043472,
1030,NFCORE_RANGELAND:RANGELAND:PREPROCESSING:PREPROCESS_CONFIG,1722108973000,1722108973000,1,79.4,,6442450944.0,,,0.0,0.0,0.0,801.043472,
1031,NFCORE_RANGELAND:RANGELAND:PREPROCESSING:PREPROCESS_CONFIG,1722108973000,1722108973000,1,87.3,,6442450944.0,,,0.0,0.0,0.0,801.043472,
1032,NFCORE_RANGELAND:RANGELAND:PREPROCESSING:PREPROCESS_CONFIG,1722109018000,1722109018000,1,102.8,,6442450944.0,,,0.0,0.0,0.0,801.043472,
1033,NFCORE_RANGELAND:RANGELAND:PREPROCESSING:PREPROCESS_CONFIG,1722108973000,1722108973000,1,78.9,,6442450944.0,,,0.0,0.0,0.0,801.043472,
1034,NFCORE_RANGELAND:RANGELAND:PREPROCESSING:PREPROCESS_CONFIG,1722108973000,1722108973000,1,48.6,,6442450944.0,,,0.0,0.0,0.0,801.043472,
1035,NFCORE_RANGELAND:RANGELAND:PREPROCESSING:PREPROCESS_CONFIG,1722108973000,1722108974000,1,76.5,,6442450944.0,,,0.0008159170135504166,0.0008159170135504166,0.0,801.043472,
1036,NFCORE_RANGELAND:RANGELAND:PREPROCESSING:PREPROCESS_CONFIG,1722108973000,1722108974000,1,73.2,,6442450944.0,,,0.0008032964067650002,0.0008032964067650002,0.0,801.043472,
1037,NFCORE_RANGELAND:RANGELAND:PREPROCESSING:PREPROCESS_CONFIG,1722108973000,1722108974000,1,71.1,,6442450944.0,,,0.0007952651115379168,0.0007952651115379168,0.0,801.043472,
1038,NFCORE_RANGELAND:RANGELAND:PREPROCESSING:PREPROCESS_CONFIG,1722108973000,1722108974000,1,68.7,,6442450944.0,,,0.00078608648842125,0.00078608648842125,0.0,801.043472,
1039,NFCORE_RANGELAND:RANGELAND:PREPROCESSING:PREPROCESS_CONFIG,1722108974000,1722108974000,1,76.4,,6442450944.0,,,0.0,0.0,0.0,801.043472,
1040,NFCORE_RANGELAND:RANGELAND:PREPROCESSING:PREPROCESS_CONFIG,1722108974000,1722108974000,1,78.7,,6442450944.0,,,0.0,0.0,0.0,801.043472,
1041,NFCORE_RANGELAND:RANGELAND:PREPROCESSING:PREPROCESS_CONFIG,1722108974000,1722108974000,1,80.2,,6442450944.0,,,0.0,0.0,0.0,801.043472,
1042,NFCORE_RANGELAND:RANGELAND:PREPROCESSING:PREPROCESS_CONFIG,1722108974000,1722108974000,1,83.4,,6442450944.0,,,0.0,0.0,0.0,801.043472,
1043,NFCORE_RANGELAND:RANGELAND:PREPROCESSING:PREPROCESS_CONFIG,1722109019000,1722109019000,1,107.6,,6442450944.0,,,0.0,0.0,0.0,801.043472,
1045,NFCORE_RANGELAND:RANGELAND:PREPROCESSING:PREPROCESS_CONFIG,1722108974000,1722108974000,1,73.9,,6442450944.0,,,0.0,0.0,0.0,801.043472,
1046,NFCORE_RANGELAND:RANGELAND:PREPROCESSING:PREPROCESS_CONFIG,1722108974000,1722108974000,1,77.7,,6442450944.0,,,0.0,0.0,0.0,801.043472,
1047,NFCORE_RANGELAND:RANGELAND:PREPROCESSING:PREPROCESS_CONFIG,1722108974000,1722108975000,1,71.1,,6442450944.0,,,0.0007952651115379168,0.0007952651115379168,0.0,801.043472,
1048,NFCORE_RANGELAND:RANGELAND:PREPROCESSING:PREPROCESS_CONFIG,1722108974000,1722108975000,1,83.0,,6442450944.0,,,0.0008407757844913889,0.0008407757844913889,0.0,801.043472,
1049,NFCORE_RANGELAND:RANGELAND:PREPROCESSING:PREPROCESS_CONFIG,1722108974000,1722108975000,1,74.9,,6442450944.0,,,0.0008097979314726389,0.0008097979314726389,0.0,801.043472,
1050,NFCORE_RANGELAND:RANGELAND:PREPROCESSING:PREPROCESS_CONFIG,1722109019000,1722109020000,1,97.3,,6442450944.0,,,0.0008954650805615278,0.0008954650805615278,0.0,801.043472,
1051,NFCORE_RANGELAND:RANGELAND:PREPROCESSING:PREPROCESS_CONFIG,1722108975000,1722108975000,1,69.9,,6442450944.0,,,0.0,0.0,0.0,801.043472,
1052,NFCORE_RANGELAND:RANGELAND:PREPROCESSING:PREPROCESS_CONFIG,1722108975000,1722108975000,1,62.3,,6442450944.0,,,0.0,0.0,0.0,801.043472,
1053,NFCORE_RANGELAND:RANGELAND:PREPROCESSING:PREPROCESS_CONFIG,1722108975000,1722108975000,1,70.6,,6442450944.0,,,0.0,0.0,0.0,801.043472,
1054,NFCORE_RANGELAND:RANGELAND:PREPROCESSING:PREPROCESS_CONFIG,1722108975000,1722108975000,1,75.1,,6442450944.0,,,0.0,0.0,0.0,801.043472,
1055,NFCORE_RANGELAND:RANGELAND:PREPROCESSING:PREPROCESS_CONFIG,1722108975000,1722108975000,1,70.4,,6442450944.0,,,0.0,0.0,0.0,801.043472,
1056,NFCORE_RANGELAND:RANGELAND:PREPROCESSING:PREPROCESS_CONFIG,1722109020000,1722109020000,1,104.1,,6442450944.0,,,0.0,0.0,0.0,801.043472,
1057,NFCORE_RANGELAND:RANGELAND:PREPROCESSING:PREPROCESS_CONFIG,1722108975000,1722108976000,1,73.8,,6442450944.0,,,0.0008055910625441667,0.0008055910625441667,0.0,801.043472,
1058,NFCORE_RANGELAND:RANGELAND:PREPROCESSING:PREPROCESS_CONFIG,1722108975000,1722108976000,1,77.9,,6442450944.0,,,0.0008212712103684723,0.0008212712103684723,0.0,801.043472,
1059,NFCORE_RANGELAND:RANGELAND:PREPROCESSING:PREPROCESS_CONFIG,1722108975000,1722108976000,1,78.4,,6442450944.0,,,0.0008231834235177778,0.0008231834235177778,0.0,801.043472,
1060,NFCORE_RANGELAND:RANGELAND:PREPROCESSING:PREPROCESS_CONFIG,1722108975000,1722108976000,1,72.1,,6442450944.0,,,0.0007990895378365279,0.0007990895378365279,0.0,801.043472,
1061,NFCORE_RANGELAND:RANGELAND:PREPROCESSING:PREPROCESS_CONFIG,1722108975000,1722108976000,1,63.3,,6442450944.0,,,0.0007654345864087501,0.0007654345864087501,0.0,801.043472,
1062,NFCORE_RANGELAND:RANGELAND:PREPROCESSING:PREPROCESS_CONFIG,1722108976000,1722108976000,1,75.5,,6442450944.0,,,0.0,0.0,0.0,801.043472,
1063,NFCORE_RANGELAND:RANGELAND:PREPROCESSING:PREPROCESS_CONFIG,1722108976000,1722108976000,1,77.9,,6442450944.0,,,0.0,0.0,0.0,801.043472,
1064,NFCORE_RANGELAND:RANGELAND:PREPROCESSING:PREPROCESS_CONFIG,1722108976000,1722108976000,1,79.8,,6442450944.0,,,0.0,0.0,0.0,801.043472,
1065,NFCORE_RANGELAND:RANGELAND:PREPROCESSING:PREPROCESS_CONFIG,1722108976000,1722108976000,1,73.7,,6442450944.0,,,0.0,0.0,0.0,801.043472,
1066,NFCORE_RANGELAND:RANGELAND:PREPROCESSING:PREPROCESS_CONFIG,1722108976000,1722108976000,1,73.7,,6442450944.0,,,0.0,0.0,0.0,801.043472,
1067,NFCORE_RANGELAND:RANGELAND:PREPROCESSING:PREPROCESS_CONFIG,1722108976000,1722108977000,1,72.4,,6442450944.0,,,0.0008002368657261112,0.0008002368657261112,0.0,801.043472,
1068,NFCORE_RANGELAND:RANGELAND:PREPROCESSING:PREPROCESS_CONFIG,1722108976000,1722108977000,1,71.9,,6442450944.0,,,0.0007983246525768056,0.0007983246525768056,0.0,801.043472,
1069,NFCORE_RANGELAND:RANGELAND:PREPROCESSING:PREPROCESS_CONFIG,1722108976000,1722108977000,1,69.0,,6442450944.0,,,0.0007872338163108333,0.0007872338163108333,0.0,801.043472,
1070,NFCORE_RANGELAND:RANGELAND:PREPROCESSING:PREPROCESS_CONFIG,1722108976000,1722108977000,1,68.4,,6442450944.0,,,0.0007849391605316668,0.0007849391605316668,0.0,801.043472,
1071,NFCORE_RANGELAND:RANGELAND:PREPROCESSING:PREPROCESS_CONFIG,1722108976000,1722108977000,1,74.6,,6442450944.0,,,0.0008086506035830556,0.0008086506035830556,0.0,801.043472,
1073,NFCORE_RANGELAND:RANGELAND:PREPROCESSING:PREPROCESS_CONFIG,1722108977000,1722108977000,1,74.1,,6442450944.0,,,0.0,0.0,0.0,801.043472,
1072,NFCORE_RANGELAND:RANGELAND:PREPROCESSING:PREPROCESS_CONFIG,1722108977000,1722108977000,1,61.7,,6442450944.0,,,0.0,0.0,0.0,801.043472,
1075,NFCORE_RANGELAND:RANGELAND:PREPROCESSING:PREPROCESS_CONFIG,1722108977000,1722108977000,1,67.8,,6442450944.0,,,0.0,0.0,0.0,801.043472,
1076,NFCORE_RANGELAND:RANGELAND:PREPROCESSING:PREPROCESS_CONFIG,1722109022000,1722109022000,1,100.3,,6442450944.0,,,0.0,0.0,0.0,801.043472,
1074,NFCORE_RANGELAND:RANGELAND:PREPROCESSING:PREPROCESS_CONFIG,1722109022000,1722109022000,1,99.7,,6442450944.0,,,0.0,0.0,0.0,801.043472,
1077,NFCORE_RANGELAND:RANGELAND:PREPROCESSING:PREPROCESS_CONFIG,1722109022000,1722109022000,1,99.7,,6442450944.0,,,0.0,0.0,0.0,801.043472,
1078,NFCORE_RANGELAND:RANGELAND:PREPROCESSING:PREPROCESS_CONFIG,1722108977000,1722108977000,1,67.1,,6442450944.0,,,0.0,0.0,0.0,801.043472,
1079,NFCORE_RANGELAND:RANGELAND:PREPROCESSING:PREPROCESS_CONFIG,1722108978000,1722108979000,1,77.1,,6442450944.0,,,0.0008182116693295834,0.0008182116693295834,0.0,801.043472,
1080,NFCORE_RANGELAND:RANGELAND:PREPROCESSING:PREPROCESS_CONFIG,1722108978000,1722108979000,1,65.2,,6442450944.0,,,0.0007727009963761113,0.0007727009963761113,0.0,801.043472,
1081,NFCORE_RANGELAND:RANGELAND:PREPROCESSING:PREPROCESS_CONFIG,1722108977000,1722108978000,1,67.9,,6442450944.0,,,0.0007830269473823612,0.0007830269473823612,0.0,801.043472,
1082,NFCORE_RANGELAND:RANGELAND:PREPROCESSING:PREPROCESS_CONFIG,1722108977000,1722108978000,1,71.4,,6442450944.0,,,0.0007964124394275001,0.0007964124394275001,0.0,801.043472,
1083,NFCORE_RANGELAND:RANGELAND:PREPROCESSING:PREPROCESS_CONFIG,1722108978000,1722108978000,1,80.4,,6442450944.0,,,0.0,0.0,0.0,801.043472,
1084,NFCORE_RANGELAND:RANGELAND:PREPROCESSING:PREPROCESS_CONFIG,1722108978000,1722108978000,1,71.0,,6442450944.0,,,0.0,0.0,0.0,801.043472,
1085,NFCORE_RANGELAND:RANGELAND:PREPROCESSING:PREPROCESS_CONFIG,1722108978000,1722108978000,1,71.6,,6442450944.0,,,0.0,0.0,0.0,801.043472,
1086,NFCORE_RANGELAND:RANGELAND:PREPROCESSING:PREPROCESS_CONFIG,1722108978000,1722108978000,1,70.3,,6442450944.0,,,0.0,0.0,0.0,801.043472,
1087,NFCORE_RANGELAND:RANGELAND:PREPROCESSING:PREPROCESS_CONFIG,1722108978000,1722108978000,1,70.6,,6442450944.0,,,0.0,0.0,0.0,801.043472,
1089,NFCORE_RANGELAND:RANGELAND:PREPROCESSING:PREPROCESS_CONFIG,1722108978000,1722108978000,1,78.0,,6442450944.0,,,0.0,0.0,0.0,801.043472,
1088,NFCORE_RANGELAND:RANGELAND:PREPROCESSING:PREPROCESS_CONFIG,1722109023000,1722109023000,1,90.9,,6442450944.0,,,0.0,0.0,0.0,801.043472,
1091,NFCORE_RANGELAND:RANGELAND:PREPROCESSING:PREPROCESS_CONFIG,1722108978000,1722108979000,1,80.9,,6442450944.0,,,0.0008327444892643057,0.0008327444892643057,0.0,801.043472,
1090,NFCORE_RANGELAND:RANGELAND:PREPROCESSING:PREPROCESS_CONFIG,1722108978000,1722108979000,1,71.1,,6442450944.0,,,0.0007952651115379168,0.0007952651115379168,0.0,801.043472,
1092,NFCORE_RANGELAND:RANGELAND:PREPROCESSING:PREPROCESS_CONFIG,1722108978000,1722108979000,1,71.3,,6442450944.0,,,0.0007960299967976389,0.0007960299967976389,0.0,801.043472,
1093,NFCORE_RANGELAND:RANGELAND:PREPROCESSING:PREPROCESS_CONFIG,1722108979000,1722108979000,1,82.2,,6442450944.0,,,0.0,0.0,0.0,801.043472,
1122,NFCORE_RANGELAND:RANGELAND:PREPROCESSING:PREPROCESS_CONFIG,1722108979000,1722108979000,1,71.6,,6442450944.0,,,0.0,0.0,0.0,801.043472,
1094,NFCORE_RANGELAND:RANGELAND:PREPROCESSING:PREPROCESS_CONFIG,1722108979000,1722108979000,1,76.0,,6442450944.0,,,0.0,0.0,0.0,801.043472,
1095,NFCORE_RANGELAND:RANGELAND:PREPROCESSING:PREPROCESS_CONFIG,1722108979000,1722108979000,1,74.8,,6442450944.0,,,0.0,0.0,0.0,801.043472,
1096,NFCORE_RANGELAND:RANGELAND:PREPROCESSING:PREPROCESS_CONFIG,1722108979000,1722108979000,1,76.7,,6442450944.0,,,0.0,0.0,0.0,801.043472,
1097,NFCORE_RANGELAND:RANGELAND:PREPROCESSING:PREPROCESS_CONFIG,1722108979000,1722108980000,1,72.6,,6442450944.0,,,0.0008010017509858333,0.0008010017509858333,0.0,801.043472,
1098,NFCORE_RANGELAND:RANGELAND:PREPROCESSING:PREPROCESS_CONFIG,1722108979000,1722108979000,1,70.6,,6442450944.0,,,0.0,0.0,0.0,801.043472,
1099,NFCORE_RANGELAND:RANGELAND:PREPROCESSING:PREPROCESS_CONFIG,1722108979000,1722108980000,1,78.9,,6442450944.0,,,0.0008250956366670834,0.0008250956366670834,0.0,801.043472,
1100,NFCORE_RANGELAND:RANGELAND:PREPROCESSING:PREPROCESS_CONFIG,1722108979000,1722108980000,1,67.1,,6442450944.0,,,0.0007799674063434723,0.0007799674063434723,0.0,801.043472,
1101,NFCORE_RANGELAND:RANGELAND:PREPROCESSING:PREPROCESS_CONFIG,1722108979000,1722108980000,1,71.3,,6442450944.0,,,0.0007960299967976389,0.0007960299967976389,0.0,801.043472,
1102,NFCORE_RANGELAND:RANGELAND:PREPROCESSING:PREPROCESS_CONFIG,1722108980000,1722108980000,1,76.6,,6442450944.0,,,0.0,0.0,0.0,801.043472,
1103,NFCORE_RANGELAND:RANGELAND:PREPROCESSING:PREPROCESS_CONFIG,1722108980000,1722108980000,1,77.2,,6442450944.0,,,0.0,0.0,0.0,801.043472,
1104,NFCORE_RANGELAND:RANGELAND:PREPROCESSING:PREPROCESS_CONFIG,1722108980000,1722108980000,1,73.8,,6442450944.0,,,0.0,0.0,0.0,801.043472,
1105,NFCORE_RANGELAND:RANGELAND:PREPROCESSING:PREPROCESS_CONFIG,1722109025000,1722109025000,1,103.8,,6442450944.0,,,0.0,0.0,0.0,801.043472,
1106,NFCORE_RANGELAND:RANGELAND:PREPROCESSING:PREPROCESS_CONFIG,1722109025000,1722109025000,1,99.1,,6442450944.0,,,0.0,0.0,0.0,801.043472,
1107,NFCORE_RANGELAND:RANGELAND:PREPROCESSING:PREPROCESS_CONFIG,1722108980000,1722108980000,1,66.9,,6442450944.0,,,0.0,0.0,0.0,801.043472,
1108,NFCORE_RANGELAND:RANGELAND:PREPROCESSING:PREPROCESS_CONFIG,1722108980000,1722108981000,1,70.6,,6442450944.0,,,0.0007933528983886111,0.0007933528983886111,0.0,801.043472,
1109,NFCORE_RANGELAND:RANGELAND:PREPROCESSING:PREPROCESS_CONFIG,1722109025000,1722109026000,1,110.0,,6442450944.0,,,0.000944035294553889,0.000944035294553889,0.0,801.043472,
1110,NFCORE_RANGELAND:RANGELAND:PREPROCESSING:PREPROCESS_CONFIG,1722108981000,1722108981000,1,63.5,,6442450944.0,,,0.0,0.0,0.0,801.043472,
1111,NFCORE_RANGELAND:RANGELAND:PREPROCESSING:PREPROCESS_CONFIG,1722108980000,1722108981000,1,77.5,,6442450944.0,,,0.0008197414398490278,0.0008197414398490278,0.0,801.043472,
1112,NFCORE_RANGELAND:RANGELAND:PREPROCESSING:PREPROCESS_CONFIG,1722108981000,1722108981000,1,80.5,,6442450944.0,,,0.0,0.0,0.0,801.043472,
1113,NFCORE_RANGELAND:RANGELAND:PREPROCESSING:PREPROCESS_CONFIG,1722108981000,1722108981000,1,78.7,,6442450944.0,,,0.0,0.0,0.0,801.043472,
1114,NFCORE_RANGELAND:RANGELAND:PREPROCESSING:PREPROCESS_CONFIG,1722108981000,1722108981000,1,69.9,,6442450944.0,,,0.0,0.0,0.0,801.043472,
1115,NFCORE_RANGELAND:RANGELAND:PREPROCESSING:PREPROCESS_CONFIG,1722108981000,1722108981000,1,74.4,,6442450944.0,,,0.0,0.0,0.0,801.043472,
1116,NFCORE_RANGELAND:RANGELAND:PREPROCESSING:PREPROCESS_CONFIG,1722108981000,1722108981000,1,78.6,,6442450944.0,,,0.0,0.0,0.0,801.043472,
1117,NFCORE_RANGELAND:RANGELAND:PREPROCESSING:PREPROCESS_CONFIG,1722108981000,1722108982000,1,67.8,,6442450944.0,,,0.0007826445047525001,0.0007826445047525001,0.0,801.043472,
1118,NFCORE_RANGELAND:RANGELAND:PREPROCESSING:PREPROCESS_CONFIG,1722108982000,1722108982000,1,82.6,,6442450944.0,,,0.0,0.0,0.0,801.043472,
1119,NFCORE_RANGELAND:RANGELAND:PREPROCESSING:PREPROCESS_CONFIG,1722108981000,1722108982000,1,77.4,,6442450944.0,,,0.0008193589972191669,0.0008193589972191669,0.0,801.043472,
1120,NFCORE_RANGELAND:RANGELAND:PREPROCESSING:PREPROCESS_CONFIG,1722108982000,1722108982000,1,78.7,,6442450944.0,,,0.0,0.0,0.0,801.043472,
1121,NFCORE_RANGELAND:RANGELAND:PREPROCESSING:PREPROCESS_CONFIG,1722108982000,1722108982000,1,68.4,,6442450944.0,,,0.0,0.0,0.0,801.043472,
1123,NFCORE_RANGELAND:RANGELAND:PREPROCESSING:PREPROCESS_CONFIG,1722108982000,1722108982000,1,83.7,,6442450944.0,,,0.0,0.0,0.0,801.043472,
1124,NFCORE_RANGELAND:RANGELAND:PREPROCESSING:PREPROCESS_CONFIG,1722108982000,1722108982000,1,76.5,,6442450944.0,,,0.0,0.0,0.0,801.043472,
1125,NFCORE_RANGELAND:RANGELAND:PREPROCESSING:PREPROCESS_CONFIG,1722108982000,1722108982000,1,72.5,,6442450944.0,,,0.0,0.0,0.0,801.043472,
1126,NFCORE_RANGELAND:RANGELAND:PREPROCESSING:PREPROCESS_CONFIG,1722108982000,1722108982000,1,74.6,,6442450944.0,,,0.0,0.0,0.0,801.043472,
1127,NFCORE_RANGELAND:RANGELAND:PREPROCESSING:PREPROCESS_CONFIG,1722108982000,1722108983000,1,66.9,,6442450944.0,,,0.0007792025210837501,0.0007792025210837501,0.0,801.043472,
1128,NFCORE_RANGELAND:RANGELAND:PREPROCESSING:PREPROCESS_CONFIG,1722108982000,1722108983000,1,73.2,,6442450944.0,,,0.0008032964067650002,0.0008032964067650002,0.0,801.043472,
1129,NFCORE_RANGELAND:RANGELAND:PREPROCESSING:PREPROCESS_CONFIG,1722108983000,1722108983000,1,67.0,,6442450944.0,,,0.0,0.0,0.0,801.043472,
1130,NFCORE_RANGELAND:RANGELAND:PREPROCESSING:PREPROCESS_CONFIG,1722108982000,1722108983000,1,72.9,,6442450944.0,,,0.0008021490788754168,0.0008021490788754168,0.0,801.043472,
1131,NFCORE_RANGELAND:RANGELAND:PREPROCESSING:PREPROCESS_CONFIG,1722108983000,1722108983000,1,72.5,,6442450944.0,,,0.0,0.0,0.0,801.043472,
1132,NFCORE_RANGELAND:RANGELAND:PREPROCESSING:PREPROCESS_CONFIG,1722108983000,1722108983000,1,73.4,,6442450944.0,,,0.0,0.0,0.0,801.043472,
1133,NFCORE_RANGELAND:RANGELAND:PREPROCESSING:PREPROCESS_CONFIG,1722108983000,1722108983000,1,73.5,,6442450944.0,,,0.0,0.0,0.0,801.043472,
1134,NFCORE_RANGELAND:RANGELAND:PREPROCESSING:PREPROCESS_CONFIG,1722109028000,1722109028000,1,98.2,,6442450944.0,,,0.0,0.0,0.0,801.043472,
1135,NFCORE_RANGELAND:RANGELAND:PREPROCESSING:PREPROCESS_CONFIG,1722109028000,1722109028000,1,108.3,,6442450944.0,,,0.0,0.0,0.0,801.043472,
1164,NFCORE_RANGELAND:RANGELAND:PREPROCESSING:PREPROCESS_CONFIG,1722108983000,1722108983000,1,73.9,,6442450944.0,,,0.0,0.0,0.0,801.043472,
1136,NFCORE_RANGELAND:RANGELAND:PREPROCESSING:PREPROCESS_CONFIG,1722109028000,1722109028000,1,102.9,,6442450944.0,,,0.0,0.0,0.0,801.043472,
1137,NFCORE_RANGELAND:RANGELAND:PREPROCESSING:PREPROCESS_CONFIG,1722108983000,1722108984000,1,51.4,,6442450944.0,,,0.0007199239134552779,0.0007199239134552779,0.0,801.043472,
1138,NFCORE_RANGELAND:RANGELAND:PREPROCESSING:PREPROCESS_CONFIG,1722108984000,1722108984000,1,80.4,,6442450944.0,,,0.0,0.0,0.0,801.043472,
1139,NFCORE_RANGELAND:RANGELAND:PREPROCESSING:PREPROCESS_CONFIG,1722108983000,1722108984000,1,71.8,,6442450944.0,,,0.0007979422099469444,0.0007979422099469444,0.0,801.043472,
1140,NFCORE_RANGELAND:RANGELAND:PREPROCESSING:PREPROCESS_CONFIG,1722108984000,1722108984000,1,79.1,,6442450944.0,,,0.0,0.0,0.0,801.043472,
1141,NFCORE_RANGELAND:RANGELAND:PREPROCESSING:PREPROCESS_CONFIG,1722108984000,1722108984000,1,68.7,,6442450944.0,,,0.0,0.0,0.0,801.043472,
1142,NFCORE_RANGELAND:RANGELAND:PREPROCESSING:PREPROCESS_CONFIG,1722108984000,1722108984000,1,72.0,,6442450944.0,,,0.0,0.0,0.0,801.043472,
1143,NFCORE_RANGELAND:RANGELAND:PREPROCESSING:PREPROCESS_CONFIG,1722108984000,1722108984000,1,65.3,,6442450944.0,,,0.0,0.0,0.0,801.043472,
1144,NFCORE_RANGELAND:RANGELAND:PREPROCESSING:PREPROCESS_CONFIG,1722108984000,1722108985000,1,77.4,,6442450944.0,,,0.0008193589972191669,0.0008193589972191669,0.0,801.043472,
1145,NFCORE_RANGELAND:RANGELAND:PREPROCESSING:PREPROCESS_CONFIG,1722108984000,1722108985000,1,73.9,,6442450944.0,,,0.0008059735051740279,0.0008059735051740279,0.0,801.043472,
1146,NFCORE_RANGELAND:RANGELAND:PREPROCESSING:PREPROCESS_CONFIG,1722108985000,1722108985000,1,72.3,,6442450944.0,,,0.0,0.0,0.0,801.043472,
1147,NFCORE_RANGELAND:RANGELAND:PREPROCESSING:PREPROCESS_CONFIG,1722108985000,1722108985000,1,72.2,,6442450944.0,,,0.0,0.0,0.0,801.043472,
1148,NFCORE_RANGELAND:RANGELAND:PREPROCESSING:PREPROCESS_CONFIG,1722108985000,1722108985000,1,72.5,,6442450944.0,,,0.0,0.0,0.0,801.043472,
1149,NFCORE_RANGELAND:RANGELAND:PREPROCESSING:PREPROCESS_CONFIG,1722108985000,1722108985000,1,73.6,,6442450944.0,,,0.0,0.0,0.0,801.043472,
1150,NFCORE_RANGELAND:RANGELAND:PREPROCESSING:PREPROCESS_CONFIG,1722108985000,1722108985000,1,67.2,,6442450944.0,,,0.0,0.0,0.0,801.043472,
1151,NFCORE_RANGELAND:RANGELAND:PREPROCESSING:PREPROCESS_CONFIG,1722108985000,1722108986000,1,82.4,,6442450944.0,,,0.0008384811287122224,0.0008384811287122224,0.0,801.043472,
1152,NFCORE_RANGELAND:RANGELAND:PREPROCESSING:PREPROCESS_CONFIG,1722108985000,1722108986000,1,72.7,,6442450944.0,,,0.0008013841936156946,0.0008013841936156946,0.0,801.043472,
1153,NFCORE_RANGELAND:RANGELAND:PREPROCESSING:PREPROCESS_CONFIG,1722108985000,1722108986000,1,64.4,,6442450944.0,,,0.0007696414553372224,0.0007696414553372224,0.0,801.043472,
1154,NFCORE_RANGELAND:RANGELAND:PREPROCESSING:PREPROCESS_CONFIG,1722108985000,1722108986000,1,76.4,,6442450944.0,,,0.0008155345709205555,0.0008155345709205555,0.0,801.043472,
1155,NFCORE_RANGELAND:RANGELAND:PREPROCESSING:PREPROCESS_CONFIG,1722108986000,1722108986000,1,76.0,,6442450944.0,,,0.0,0.0,0.0,801.043472,
1156,NFCORE_RANGELAND:RANGELAND:PREPROCESSING:PREPROCESS_CONFIG,1722108986000,1722108986000,1,65.2,,6442450944.0,,,0.0,0.0,0.0,801.043472,
1157,NFCORE_RANGELAND:RANGELAND:PREPROCESSING:PREPROCESS_CONFIG,1722108986000,1722108986000,1,68.7,,6442450944.0,,,0.0,0.0,0.0,801.043472,
1158,NFCORE_RANGELAND:RANGELAND:PREPROCESSING:PREPROCESS_CONFIG,1722109031000,1722109031000,1,88.1,,6442450944.0,,,0.0,0.0,0.0,801.043472,
1159,NFCORE_RANGELAND:RANGELAND:PREPROCESSING:PREPROCESS_CONFIG,1722109031000,1722109031000,1,94.4,,6442450944.0,,,0.0,0.0,0.0,801.043472,
1160,NFCORE_RANGELAND:RANGELAND:PREPROCESSING:PREPROCESS_CONFIG,1722109031000,1722109031000,1,102.6,,6442450944.0,,,0.0,0.0,0.0,801.043472,
1161,NFCORE_RANGELAND:RANGELAND:PREPROCESSING:PREPROCESS_CONFIG,1722108986000,1722108987000,1,70.2,,6442450944.0,,,0.0007918231278691667,0.0007918231278691667,0.0,801.043472,
1162,NFCORE_RANGELAND:RANGELAND:PREPROCESSING:PREPROCESS_CONFIG,1722108986000,1722108987000,1,75.1,,6442450944.0,,,0.0008105628167323611,0.0008105628167323611,0.0,801.043472,
1163,NFCORE_RANGELAND:RANGELAND:PREPROCESSING:PREPROCESS_CONFIG,1722108987000,1722108987000,1,73.1,,6442450944.0,,,0.0,0.0,0.0,801.043472,
1165,NFCORE_RANGELAND:RANGELAND:PREPROCESSING:PREPROCESS_CONFIG,1722108987000,1722108987000,1,68.8,,6442450944.0,,,0.0,0.0,0.0,801.043472,
1166,NFCORE_RANGELAND:RANGELAND:PREPROCESSING:PREPROCESS_CONFIG,1722108987000,1722108987000,1,66.3,,6442450944.0,,,0.0,0.0,0.0,801.043472,
1167,NFCORE_RANGELAND:RANGELAND:PREPROCESSING:PREPROCESS_CONFIG,1722108987000,1722108987000,1,64.9,,6442450944.0,,,0.0,0.0,0.0,801.043472,
1168,NFCORE_RANGELAND:RANGELAND:PREPROCESSING:PREPROCESS_CONFIG,1722108987000,1722108987000,1,70.0,,6442450944.0,,,0.0,0.0,0.0,801.043472,
1169,NFCORE_RANGELAND:RANGELAND:PREPROCESSING:PREPROCESS_CONFIG,1722108987000,1722108988000,1,61.4,,6442450944.0,,,0.000758168176441389,0.000758168176441389,0.0,801.043472,
1170,NFCORE_RANGELAND:RANGELAND:PREPROCESSING:PREPROCESS_CONFIG,1722108987000,1722108988000,1,81.9,,6442450944.0,,,0.0008365689155629168,0.0008365689155629168,0.0,801.043472,
1171,NFCORE_RANGELAND:RANGELAND:PREPROCESSING:PREPROCESS_CONFIG,1722108987000,1722108988000,1,74.9,,6442450944.0,,,0.0008097979314726389,0.0008097979314726389,0.0,801.043472,
1172,NFCORE_RANGELAND:RANGELAND:PREPROCESSING:PREPROCESS_CONFIG,1722108988000,1722108988000,1,78.7,,6442450944.0,,,0.0,0.0,0.0,801.043472,
1173,NFCORE_RANGELAND:RANGELAND:PREPROCESSING:PREPROCESS_CONFIG,1722108988000,1722108988000,1,82.1,,6442450944.0,,,0.0,0.0,0.0,801.043472,
1174,NFCORE_RANGELAND:RANGELAND:PREPROCESSING:PREPROCESS_CONFIG,1722108988000,1722108988000,1,68.1,,6442450944.0,,,0.0,0.0,0.0,801.043472,
1175,NFCORE_RANGELAND:RANGELAND:PREPROCESSING:PREPROCESS_CONFIG,1722108988000,1722108988000,1,70.2,,6442450944.0,,,0.0,0.0,0.0,801.043472,
1176,NFCORE_RANGELAND:RANGELAND:PREPROCESSING:PREPROCESS_CONFIG,1722108988000,1722108988000,1,70.0,,6442450944.0,,,0.0,0.0,0.0,801.043472,
1177,NFCORE_RANGELAND:RANGELAND:PREPROCESSING:PREPROCESS_CONFIG,1722108988000,1722108988000,1,69.6,,6442450944.0,,,0.0,0.0,0.0,801.043472,
1178,NFCORE_RANGELAND:RANGELAND:PREPROCESSING:PREPROCESS_CONFIG,1722108988000,1722108989000,1,66.3,,6442450944.0,,,0.0007769078653045834,0.0007769078653045834,0.0,801.043472,
1179,NFCORE_RANGELAND:RANGELAND:PREPROCESSING:PREPROCESS_CONFIG,1722108988000,1722108989000,1,68.7,,6442450944.0,,,0.00078608648842125,0.00078608648842125,0.0,801.043472,
1180,NFCORE_RANGELAND:RANGELAND:PREPROCESSING:PREPROCESS_CONFIG,1722108989000,1722108989000,1,76.7,,6442450944.0,,,0.0,0.0,0.0,801.043472,
1209,NFCORE_RANGELAND:RANGELAND:PREPROCESSING:PREPROCESS_CONFIG,1722108989000,1722108989000,1,66.1,,6442450944.0,,,0.0,0.0,0.0,801.043472,
1181,NFCORE_RANGELAND:RANGELAND:PREPROCESSING:PREPROCESS_CONFIG,1722108989000,1722108989000,1,28.9,,6442450944.0,,,0.0,0.0,0.0,801.043472,
1182,NFCORE_RANGELAND:RANGELAND:PREPROCESSING:PREPROCESS_CONFIG,1722108989000,1722108989000,1,83.7,,6442450944.0,,,0.0,0.0,0.0,801.043472,
1183,NFCORE_RANGELAND:RANGELAND:PREPROCESSING:PREPROCESS_CONFIG,1722109034000,1722109034000,1,100.9,,6442450944.0,,,0.0,0.0,0.0,801.043472,
1184,NFCORE_RANGELAND:RANGELAND:PREPROCESSING:PREPROCESS_CONFIG,1722109034000,1722109034000,1,99.7,,6442450944.0,,,0.0,0.0,0.0,801.043472,
1185,NFCORE_RANGELAND:RANGELAND:PREPROCESSING:PREPROCESS_CONFIG,1722109034000,1722109035000,1,111.7,,6442450944.0,,,0.0009505368192615278,0.0009505368192615278,0.0,801.043472,
1186,NFCORE_RANGELAND:RANGELAND:PREPROCESSING:PREPROCESS_CONFIG,1722108989000,1722108990000,1,81.3,,6442450944.0,,,0.0008342742597837502,0.0008342742597837502,0.0,801.043472,
1187,NFCORE_RANGELAND:RANGELAND:PREPROCESSING:PREPROCESS_CONFIG,1722108990000,1722108990000,1,78.9,,6442450944.0,,,0.0,0.0,0.0,801.043472,
1188,NFCORE_RANGELAND:RANGELAND:PREPROCESSING:PREPROCESS_CONFIG,1722108989000,1722108990000,1,79.8,,6442450944.0,,,0.0008285376203358333,0.0008285376203358333,0.0,801.043472,
1189,NFCORE_RANGELAND:RANGELAND:PREPROCESSING:PREPROCESS_CONFIG,1722108990000,1722108990000,1,72.0,,6442450944.0,,,0.0,0.0,0.0,801.043472,
1190,NFCORE_RANGELAND:RANGELAND:PREPROCESSING:PREPROCESS_CONFIG,1722108990000,1722108990000,1,72.1,,6442450944.0,,,0.0,0.0,0.0,801.043472,
1191,NFCORE_RANGELAND:RANGELAND:PREPROCESSING:PREPROCESS_CONFIG,1722108990000,1722108990000,1,72.6,,6442450944.0,,,0.0,0.0,0.0,801.043472,
1192,NFCORE_RANGELAND:RANGELAND:PREPROCESSING:PREPROCESS_CONFIG,1722108990000,1722108990000,1,61.4,,6442450944.0,,,0.0,0.0,0.0,801.043472,
1193,NFCORE_RANGELAND:RANGELAND:PREPROCESSING:PREPROCESS_CONFIG,1722108990000,1722108990000,1,63.3,,6442450944.0,,,0.0,0.0,0.0,801.043472,
1194,NFCORE_RANGELAND:RANGELAND:PREPROCESSING:PREPROCESS_CONFIG,1722108990000,1722108990000,1,66.8,,6442450944.0,,,0.0,0.0,0.0,801.043472,
1195,NFCORE_RANGELAND:RANGELAND:PREPROCESSING:PREPROCESS_CONFIG,1722108990000,1722108991000,1,67.4,,6442450944.0,,,0.0007811147342330556,0.0007811147342330556,0.0,801.043472,
1196,NFCORE_RANGELAND:RANGELAND:PREPROCESSING:PREPROCESS_CONFIG,1722108990000,1722108991000,1,70.6,,6442450944.0,,,0.0007933528983886111,0.0007933528983886111,0.0,801.043472,
1197,NFCORE_RANGELAND:RANGELAND:PREPROCESSING:PREPROCESS_CONFIG,1722108991000,1722108991000,1,65.5,,6442450944.0,,,0.0,0.0,0.0,801.043472,
1198,NFCORE_RANGELAND:RANGELAND:PREPROCESSING:PREPROCESS_CONFIG,1722108991000,1722108991000,1,72.4,,6442450944.0,,,0.0,0.0,0.0,801.043472,
1199,NFCORE_RANGELAND:RANGELAND:PREPROCESSING:PREPROCESS_CONFIG,1722108991000,1722108991000,1,75.7,,6442450944.0,,,0.0,0.0,0.0,801.043472,
1200,NFCORE_RANGELAND:RANGELAND:PREPROCESSING:PREPROCESS_CONFIG,1722108991000,1722108991000,1,72.4,,6442450944.0,,,0.0,0.0,0.0,801.043472,
1201,NFCORE_RANGELAND:RANGELAND:PREPROCESSING:PREPROCESS_CONFIG,1722108991000,1722108991000,1,76.9,,6442450944.0,,,0.0,0.0,0.0,801.043472,
1202,NFCORE_RANGELAND:RANGELAND:PREPROCESSING:PREPROCESS_CONFIG,1722108991000,1722108991000,1,67.1,,6442450944.0,,,0.0,0.0,0.0,801.043472,
1203,NFCORE_RANGELAND:RANGELAND:PREPROCESSING:PREPROCESS_CONFIG,1722108991000,1722108992000,1,75.1,,6442450944.0,,,0.0008105628167323611,0.0008105628167323611,0.0,801.043472,
1204,NFCORE_RANGELAND:RANGELAND:PREPROCESSING:PREPROCESS_CONFIG,1722108991000,1722108992000,1,72.7,,6442450944.0,,,0.0008013841936156946,0.0008013841936156946,0.0,801.043472,
1205,NFCORE_RANGELAND:RANGELAND:PREPROCESSING:PREPROCESS_CONFIG,1722108991000,1722108992000,1,70.9,,6442450944.0,,,0.0007945002262781945,0.0007945002262781945,0.0,801.043472,
1206,NFCORE_RANGELAND:RANGELAND:PREPROCESSING:PREPROCESS_CONFIG,1722108992000,1722108992000,1,72.2,,6442450944.0,,,0.0,0.0,0.0,801.043472,
1207,NFCORE_RANGELAND:RANGELAND:PREPROCESSING:PREPROCESS_CONFIG,1722108992000,1722108992000,1,69.9,,6442450944.0,,,0.0,0.0,0.0,801.043472,
1208,NFCORE_RANGELAND:RANGELAND:PREPROCESSING:PREPROCESS_CONFIG,1722108992000,1722108992000,1,67.4,,6442450944.0,,,0.0,0.0,0.0,801.043472,
1210,NFCORE_RANGELAND:RANGELAND:PREPROCESSING:PREPROCESS_CONFIG,1722108992000,1722108993000,1,71.4,,6442450944.0,,,0.0007964124394275001,0.0007964124394275001,0.0,801.043472,
1211,NFCORE_RANGELAND:RANGELAND:PREPROCESSING:PREPROCESS_CONFIG,1722109037000,1722109037000,1,90.0,,6442450944.0,,,0.0,0.0,0.0,801.043472,
1212,NFCORE_RANGELAND:RANGELAND:PREPROCESSING:PREPROCESS_CONFIG,1722109037000,1722109037000,1,101.6,,6442450944.0,,,0.0,0.0,0.0,801.043472,
1213,NFCORE_RANGELAND:RANGELAND:PREPROCESSING:PREPROCESS_CONFIG,1722109037000,1722109038000,1,92.0,,6442450944.0,,,0.000875195621178889,0.000875195621178889,0.0,801.043472,
1214,NFCORE_RANGELAND:RANGELAND:PREPROCESSING:PREPROCESS_CONFIG,1722108992000,1722108993000,1,68.5,,6442450944.0,,,0.000785321603161528,0.000785321603161528,0.0,801.043472,
1215,NFCORE_RANGELAND:RANGELAND:PREPROCESSING:PREPROCESS_CONFIG,1722108993000,1722108993000,1,67.2,,6442450944.0,,,0.0,0.0,0.0,801.043472,
1245,NFCORE_RANGELAND:RANGELAND:PREPROCESSING:PREPROCESS_CONFIG,1722108993000,1722108993000,1,71.0,,6442450944.0,,,0.0,0.0,0.0,801.043472,
1216,NFCORE_RANGELAND:RANGELAND:PREPROCESSING:PREPROCESS_CONFIG,1722108993000,1722108993000,1,69.0,,6442450944.0,,,0.0,0.0,0.0,801.043472,
1217,NFCORE_RANGELAND:RANGELAND:PREPROCESSING:PREPROCESS_CONFIG,1722108993000,1722108993000,1,70.0,,6442450944.0,,,0.0,0.0,0.0,801.043472,
1218,NFCORE_RANGELAND:RANGELAND:PREPROCESSING:PREPROCESS_CONFIG,1722108993000,1722108993000,1,66.8,,6442450944.0,,,0.0,0.0,0.0,801.043472,
1219,NFCORE_RANGELAND:RANGELAND:PREPROCESSING:PREPROCESS_CONFIG,1722108993000,1722108993000,1,75.7,,6442450944.0,,,0.0,0.0,0.0,801.043472,
1220,NFCORE_RANGELAND:RANGELAND:PREPROCESSING:PREPROCESS_CONFIG,1722108993000,1722108994000,1,71.3,,6442450944.0,,,0.0007960299967976389,0.0007960299967976389,0.0,801.043472,
1222,NFCORE_RANGELAND:RANGELAND:PREPROCESSING:PREPROCESS_CONFIG,1722108993000,1722108994000,1,63.5,,6442450944.0,,,0.0007661994716684723,0.0007661994716684723,0.0,801.043472,
1221,NFCORE_RANGELAND:RANGELAND:PREPROCESSING:PREPROCESS_CONFIG,1722108993000,1722108994000,1,65.6,,6442450944.0,,,0.0007742307668955556,0.0007742307668955556,0.0,801.043472,
1223,NFCORE_RANGELAND:RANGELAND:PREPROCESSING:PREPROCESS_CONFIG,1722108994000,1722108994000,1,67.2,,6442450944.0,,,0.0,0.0,0.0,801.043472,
1224,NFCORE_RANGELAND:RANGELAND:PREPROCESSING:PREPROCESS_CONFIG,1722108994000,1722108994000,1,72.7,,6442450944.0,,,0.0,0.0,0.0,801.043472,
1225,NFCORE_RANGELAND:RANGELAND:PREPROCESSING:PREPROCESS_CONFIG,1722108994000,1722108994000,1,64.6,,6442450944.0,,,0.0,0.0,0.0,801.043472,
1255,NFCORE_RANGELAND:RANGELAND:PREPROCESSING:PREPROCESS_CONFIG,1722108994000,1722108994000,1,68.7,,6442450944.0,,,0.0,0.0,0.0,801.043472,
1226,NFCORE_RANGELAND:RANGELAND:PREPROCESSING:PREPROCESS_CONFIG,1722108994000,1722108994000,1,68.5,,6442450944.0,,,0.0,0.0,0.0,801.043472,
1227,NFCORE_RANGELAND:RANGELAND:PREPROCESSING:PREPROCESS_CONFIG,1722108994000,1722108994000,1,80.0,,6442450944.0,,,0.0,0.0,0.0,801.043472,
1260,NFCORE_RANGELAND:RANGELAND:PREPROCESSING:PREPROCESS_CONFIG,1722108994000,1722108995000,1,76.4,,6442450944.0,,,0.0008155345709205555,0.0008155345709205555,0.0,801.043472,
1228,NFCORE_RANGELAND:RANGELAND:PREPROCESSING:PREPROCESS_CONFIG,1722108995000,1722108995000,1,74.1,,6442450944.0,,,0.0,0.0,0.0,801.043472,
1229,NFCORE_RANGELAND:RANGELAND:PREPROCESSING:PREPROCESS_CONFIG,1722108995000,1722108995000,1,86.5,,6442450944.0,,,0.0,0.0,0.0,801.043472,
1230,NFCORE_RANGELAND:RANGELAND:PREPROCESSING:PREPROCESS_CONFIG,1722108995000,1722108995000,1,76.2,,6442450944.0,,,0.0,0.0,0.0,801.043472,
1231,NFCORE_RANGELAND:RANGELAND:PREPROCESSING:PREPROCESS_CONFIG,1722108995000,1722108995000,1,72.0,,6442450944.0,,,0.0,0.0,0.0,801.043472,
1232,NFCORE_RANGELAND:RANGELAND:PREPROCESSING:PREPROCESS_CONFIG,1722108995000,1722108995000,1,68.5,,6442450944.0,,,0.0,0.0,0.0,801.043472,
1233,NFCORE_RANGELAND:RANGELAND:PREPROCESSING:PREPROCESS_CONFIG,1722109040000,1722109040000,1,102.6,,6442450944.0,,,0.0,0.0,0.0,801.043472,
1234,NFCORE_RANGELAND:RANGELAND:PREPROCESSING:PREPROCESS_CONFIG,1722109040000,1722109041000,1,112.1,,6442450944.0,,,0.0009520665897809724,0.0009520665897809724,0.0,801.043472,
1235,NFCORE_RANGELAND:RANGELAND:PREPROCESSING:PREPROCESS_CONFIG,1722109040000,1722109040000,1,100.3,,6442450944.0,,,0.0,0.0,0.0,801.043472,
1236,NFCORE_RANGELAND:RANGELAND:PREPROCESSING:PREPROCESS_CONFIG,1722108995000,1722108996000,1,66.4,,6442450944.0,,,0.0007772903079344445,0.0007772903079344445,0.0,801.043472,
1237,NFCORE_RANGELAND:RANGELAND:PREPROCESSING:PREPROCESS_CONFIG,1722108995000,1722108996000,1,70.8,,6442450944.0,,,0.0007941177836483335,0.0007941177836483335,0.0,801.043472,
1238,NFCORE_RANGELAND:RANGELAND:PREPROCESSING:PREPROCESS_CONFIG,1722108995000,1722108996000,1,77.5,,6442450944.0,,,0.0008197414398490278,0.0008197414398490278,0.0,801.043472,
1239,NFCORE_RANGELAND:RANGELAND:PREPROCESSING:PREPROCESS_CONFIG,1722108996000,1722108996000,1,66.7,,6442450944.0,,,0.0,0.0,0.0,801.043472,
1240,NFCORE_RANGELAND:RANGELAND:PREPROCESSING:PREPROCESS_CONFIG,1722108996000,1722108996000,1,74.3,,6442450944.0,,,0.0,0.0,0.0,801.043472,
1241,NFCORE_RANGELAND:RANGELAND:PREPROCESSING:PREPROCESS_CONFIG,1722108996000,1722108996000,1,71.3,,6442450944.0,,,0.0,0.0,0.0,801.043472,
1242,NFCORE_RANGELAND:RANGELAND:PREPROCESSING:PREPROCESS_CONFIG,1722108996000,1722108996000,1,70.2,,6442450944.0,,,0.0,0.0,0.0,801.043472,
1243,NFCORE_RANGELAND:RANGELAND:PREPROCESSING:PREPROCESS_CONFIG,1722108996000,1722108996000,1,78.6,,6442450944.0,,,0.0,0.0,0.0,801.043472,
1244,NFCORE_RANGELAND:RANGELAND:PREPROCESSING:PREPROCESS_CONFIG,1722108996000,1722108997000,1,64.5,,6442450944.0,,,0.0007700238979670834,0.0007700238979670834,0.0,801.043472,
1246,NFCORE_RANGELAND:RANGELAND:PREPROCESSING:PREPROCESS_CONFIG,1722108996000,1722108997000,1,72.6,,6442450944.0,,,0.0008010017509858333,0.0008010017509858333,0.0,801.043472,
1247,NFCORE_RANGELAND:RANGELAND:PREPROCESSING:PREPROCESS_CONFIG,1722108997000,1722108997000,1,71.9,,6442450944.0,,,0.0,0.0,0.0,801.043472,
1248,NFCORE_RANGELAND:RANGELAND:PREPROCESSING:PREPROCESS_CONFIG,1722108997000,1722108997000,1,63.4,,6442450944.0,,,0.0,0.0,0.0,801.043472,
1249,NFCORE_RANGELAND:RANGELAND:PREPROCESSING:PREPROCESS_CONFIG,1722108997000,1722108997000,1,79.3,,6442450944.0,,,0.0,0.0,0.0,801.043472,
1250,NFCORE_RANGELAND:RANGELAND:PREPROCESSING:PREPROCESS_CONFIG,1722108997000,1722108997000,1,74.8,,6442450944.0,,,0.0,0.0,0.0,801.043472,
1251,NFCORE_RANGELAND:RANGELAND:PREPROCESSING:PREPROCESS_CONFIG,1722108997000,1722108998000,1,77.9,,6442450944.0,,,0.0008212712103684723,0.0008212712103684723,0.0,801.043472,
1252,NFCORE_RANGELAND:RANGELAND:PREPROCESSING:PREPROCESS_CONFIG,1722108997000,1722108998000,1,71.6,,6442450944.0,,,0.0007971773246872224,0.0007971773246872224,0.0,801.043472,
1253,NFCORE_RANGELAND:RANGELAND:PREPROCESSING:PREPROCESS_CONFIG,1722108998000,1722108998000,1,64.0,,6442450944.0,,,0.0,0.0,0.0,801.043472,
1254,NFCORE_RANGELAND:RANGELAND:PREPROCESSING:PREPROCESS_CONFIG,1722108998000,1722108998000,1,85.9,,6442450944.0,,,0.0,0.0,0.0,801.043472,
1256,NFCORE_RANGELAND:RANGELAND:PREPROCESSING:PREPROCESS_CONFIG,1722108998000,1722108998000,1,74.6,,6442450944.0,,,0.0,0.0,0.0,801.043472,
1257,NFCORE_RANGELAND:RANGELAND:PREPROCESSING:PREPROCESS_CONFIG,1722108998000,1722108998000,1,66.9,,6442450944.0,,,0.0,0.0,0.0,801.043472,
1287,NFCORE_RANGELAND:RANGELAND:PREPROCESSING:PREPROCESS_CONFIG,1722108998000,1722108998000,1,74.1,,6442450944.0,,,0.0,0.0,0.0,801.043472,
1258,NFCORE_RANGELAND:RANGELAND:PREPROCESSING:PREPROCESS_CONFIG,1722108998000,1722108999000,1,66.4,,6442450944.0,,,0.0007772903079344445,0.0007772903079344445,0.0,801.043472,
1259,NFCORE_RANGELAND:RANGELAND:PREPROCESSING:PREPROCESS_CONFIG,1722109043000,1722109043000,1,96.4,,6442450944.0,,,0.0,0.0,0.0,801.043472,
1261,NFCORE_RANGELAND:RANGELAND:PREPROCESSING:PREPROCESS_CONFIG,1722109043000,1722109043000,1,99.7,,6442450944.0,,,0.0,0.0,0.0,801.043472,
1262,NFCORE_RANGELAND:RANGELAND:PREPROCESSING:PREPROCESS_CONFIG,1722109043000,1722109044000,1,100.3,,6442450944.0,,,0.0009069383594573613,0.0009069383594573613,0.0,801.043472,
1263,NFCORE_RANGELAND:RANGELAND:PREPROCESSING:PREPROCESS_CONFIG,1722108998000,1722108999000,1,73.0,,6442450944.0,,,0.0008025315215052779,0.0008025315215052779,0.0,801.043472,
1264,NFCORE_RANGELAND:RANGELAND:PREPROCESSING:PREPROCESS_CONFIG,1722108999000,1722108999000,1,65.7,,6442450944.0,,,0.0,0.0,0.0,801.043472,
1265,NFCORE_RANGELAND:RANGELAND:PREPROCESSING:PREPROCESS_CONFIG,1722108999000,1722108999000,1,78.2,,6442450944.0,,,0.0,0.0,0.0,801.043472,
1266,NFCORE_RANGELAND:RANGELAND:PREPROCESSING:PREPROCESS_CONFIG,1722108999000,1722108999000,1,65.6,,6442450944.0,,,0.0,0.0,0.0,801.043472,
1267,NFCORE_RANGELAND:RANGELAND:PREPROCESSING:PREPROCESS_CONFIG,1722108999000,1722108999000,1,73.9,,6442450944.0,,,0.0,0.0,0.0,801.043472,
1268,NFCORE_RANGELAND:RANGELAND:PREPROCESSING:PREPROCESS_CONFIG,1722108999000,1722108999000,1,73.4,,6442450944.0,,,0.0,0.0,0.0,801.043472,
1269,NFCORE_RANGELAND:RANGELAND:PREPROCESSING:PREPROCESS_CONFIG,1722108999000,1722109000000,1,64.9,,6442450944.0,,,0.000771553668486528,0.000771553668486528,0.0,801.043472,
1270,NFCORE_RANGELAND:RANGELAND:PREPROCESSING:PREPROCESS_CONFIG,1722108999000,1722109000000,1,81.6,,6442450944.0,,,0.0008354215876733335,0.0008354215876733335,0.0,801.043472,
1271,NFCORE_RANGELAND:RANGELAND:PREPROCESSING:PREPROCESS_CONFIG,1722108999000,1722109000000,1,71.3,,6442450944.0,,,0.0007960299967976389,0.0007960299967976389,0.0,801.043472,
1272,NFCORE_RANGELAND:RANGELAND:PREPROCESSING:PREPROCESS_CONFIG,1722109000000,1722109000000,1,72.2,,6442450944.0,,,0.0,0.0,0.0,801.043472,
1273,NFCORE_RANGELAND:RANGELAND:PREPROCESSING:PREPROCESS_CONFIG,1722109000000,1722109000000,1,68.8,,6442450944.0,,,0.0,0.0,0.0,801.043472,
1274,NFCORE_RANGELAND:RANGELAND:PREPROCESSING:PREPROCESS_CONFIG,1722109000000,1722109000000,1,76.7,,6442450944.0,,,0.0,0.0,0.0,801.043472,
1275,NFCORE_RANGELAND:RANGELAND:PREPROCESSING:PREPROCESS_CONFIG,1722109000000,1722109000000,1,81.3,,6442450944.0,,,0.0,0.0,0.0,801.043472,
1305,NFCORE_RANGELAND:RANGELAND:PREPROCESSING:PREPROCESS_CONFIG,1722109000000,1722109000000,1,84.8,,6442450944.0,,,0.0,0.0,0.0,801.043472,
1276,NFCORE_RANGELAND:RANGELAND:PREPROCESSING:PREPROCESS_CONFIG,1722109000000,1722109000000,1,72.1,,6442450944.0,,,0.0,0.0,0.0,801.043472,
1277,NFCORE_RANGELAND:RANGELAND:PREPROCESSING:PREPROCESS_CONFIG,1722109000000,1722109001000,1,76.7,,6442450944.0,,,0.000816681898810139,0.000816681898810139,0.0,801.043472,
1279,NFCORE_RANGELAND:RANGELAND:PREPROCESSING:PREPROCESS_CONFIG,1722109000000,1722109001000,1,68.4,,6442450944.0,,,0.0007849391605316668,0.0007849391605316668,0.0,801.043472,
1278,NFCORE_RANGELAND:RANGELAND:PREPROCESSING:PREPROCESS_CONFIG,1722109001000,1722109001000,1,71.6,,6442450944.0,,,0.0,0.0,0.0,801.043472,
1280,NFCORE_RANGELAND:RANGELAND:PREPROCESSING:PREPROCESS_CONFIG,1722109001000,1722109001000,1,69.7,,6442450944.0,,,0.0,0.0,0.0,801.043472,
1281,NFCORE_RANGELAND:RANGELAND:PREPROCESSING:PREPROCESS_CONFIG,1722109001000,1722109001000,1,63.7,,6442450944.0,,,0.0,0.0,0.0,801.043472,
1282,NFCORE_RANGELAND:RANGELAND:PREPROCESSING:PREPROCESS_CONFIG,1722109001000,1722109001000,1,74.7,,6442450944.0,,,0.0,0.0,0.0,801.043472,
1283,NFCORE_RANGELAND:RANGELAND:PREPROCESSING:PREPROCESS_CONFIG,1722109001000,1722109001000,1,66.0,,6442450944.0,,,0.0,0.0,0.0,801.043472,
1284,NFCORE_RANGELAND:RANGELAND:PREPROCESSING:PREPROCESS_CONFIG,1722109047000,1722109047000,1,91.1,,6442450944.0,,,0.0,0.0,0.0,801.043472,
1285,NFCORE_RANGELAND:RANGELAND:PREPROCESSING:PREPROCESS_CONFIG,1722109046000,1722109046000,1,97.6,,6442450944.0,,,0.0,0.0,0.0,801.043472,
1286,NFCORE_RANGELAND:RANGELAND:PREPROCESSING:PREPROCESS_CONFIG,1722109001000,1722109002000,1,72.1,,6442450944.0,,,0.0007990895378365279,0.0007990895378365279,0.0,801.043472,
1288,NFCORE_RANGELAND:RANGELAND:PREPROCESSING:PREPROCESS_CONFIG,1722109046000,1722109047000,1,98.8,,6442450944.0,,,0.0009012017200094444,0.0009012017200094444,0.0,801.043472,
1289,NFCORE_RANGELAND:RANGELAND:PREPROCESSING:PREPROCESS_CONFIG,1722109002000,1722109002000,1,70.8,,6442450944.0,,,0.0,0.0,0.0,801.043472,
1290,NFCORE_RANGELAND:RANGELAND:PREPROCESSING:PREPROCESS_CONFIG,1722109002000,1722109002000,1,70.2,,6442450944.0,,,0.0,0.0,0.0,801.043472,
1291,NFCORE_RANGELAND:RANGELAND:PREPROCESSING:PREPROCESS_CONFIG,1722109002000,1722109002000,1,65.8,,6442450944.0,,,0.0,0.0,0.0,801.043472,
1292,NFCORE_RANGELAND:RANGELAND:PREPROCESSING:PREPROCESS_CONFIG,1722109002000,1722109002000,1,59.8,,6442450944.0,,,0.0,0.0,0.0,801.043472,
1293,NFCORE_RANGELAND:RANGELAND:PREPROCESSING:PREPROCESS_CONFIG,1722109002000,1722109002000,1,66.1,,6442450944.0,,,0.0,0.0,0.0,801.043472,
1294,NFCORE_RANGELAND:RANGELAND:PREPROCESSING:PREPROCESS_CONFIG,1722109002000,1722109002000,1,71.4,,6442450944.0,,,0.0,0.0,0.0,801.043472,
1296,NFCORE_RANGELAND:RANGELAND:PREPROCESSING:PREPROCESS_CONFIG,1722109002000,1722109002000,1,66.4,,6442450944.0,,,0.0,0.0,0.0,801.043472,
1297,NFCORE_RANGELAND:RANGELAND:PREPROCESSING:PREPROCESS_CONFIG,1722109002000,1722109003000,1,70.6,,6442450944.0,,,0.0007933528983886111,0.0007933528983886111,0.0,801.043472,
1295,NFCORE_RANGELAND:RANGELAND:PREPROCESSING:PREPROCESS_CONFIG,1722109002000,1722109003000,1,77.2,,6442450944.0,,,0.0008185941119594445,0.0008185941119594445,0.0,801.043472,
1298,NFCORE_RANGELAND:RANGELAND:PREPROCESSING:PREPROCESS_CONFIG,1722109002000,1722109003000,1,78.0,,6442450944.0,,,0.0008216536529983335,0.0008216536529983335,0.0,801.043472,
1299,NFCORE_RANGELAND:RANGELAND:PREPROCESSING:PREPROCESS_CONFIG,1722109002000,1722109003000,1,78.6,,6442450944.0,,,0.0008239483087775001,0.0008239483087775001,0.0,801.043472,
1300,NFCORE_RANGELAND:RANGELAND:PREPROCESSING:PREPROCESS_CONFIG,1722109003000,1722109003000,1,74.6,,6442450944.0,,,0.0,0.0,0.0,801.043472,
1301,NFCORE_RANGELAND:RANGELAND:PREPROCESSING:PREPROCESS_CONFIG,1722109003000,1722109003000,1,71.2,,6442450944.0,,,0.0,0.0,0.0,801.043472,
1302,NFCORE_RANGELAND:RANGELAND:PREPROCESSING:PREPROCESS_CONFIG,1722109003000,1722109003000,1,80.4,,6442450944.0,,,0.0,0.0,0.0,801.043472,
1304,NFCORE_RANGELAND:RANGELAND:PREPROCESSING:PREPROCESS_CONFIG,1722109003000,1722109003000,1,67.8,,6442450944.0,,,0.0,0.0,0.0,801.043472,
1303,NFCORE_RANGELAND:RANGELAND:PREPROCESSING:PREPROCESS_CONFIG,1722109003000,1722109004000,1,71.9,,6442450944.0,,,0.0007983246525768056,0.0007983246525768056,0.0,801.043472,
1306,NFCORE_RANGELAND:RANGELAND:PREPROCESSING:PREPROCESS_CONFIG,1722109003000,1722109003000,1,80.9,,6442450944.0,,,0.0,0.0,0.0,801.043472,
1307,NFCORE_RANGELAND:RANGELAND:PREPROCESSING:PREPROCESS_CONFIG,1722109003000,1722109004000,1,75.3,,6442450944.0,,,0.0008113277019920834,0.0008113277019920834,0.0,801.043472,
1308,NFCORE_RANGELAND:RANGELAND:PREPROCESSING:PREPROCESS_CONFIG,1722109003000,1722109004000,1,70.3,,6442450944.0,,,0.0007922055704990277,0.0007922055704990277,0.0,801.043472,
1309,NFCORE_RANGELAND:RANGELAND:PREPROCESSING:PREPROCESS_CONFIG,1722109003000,1722109004000,1,72.6,,6442450944.0,,,0.0008010017509858333,0.0008010017509858333,0.0,801.043472,
1310,NFCORE_RANGELAND:RANGELAND:PREPROCESSING:PREPROCESS_CONFIG,1722109004000,1722109004000,1,69.6,,6442450944.0,,,0.0,0.0,0.0,801.043472,
1311,NFCORE_RANGELAND:RANGELAND:PREPROCESSING:PREPROCESS_CONFIG,1722109004000,1722109004000,1,78.2,,6442450944.0,,,0.0,0.0,0.0,801.043472,
1312,NFCORE_RANGELAND:RANGELAND:PREPROCESSING:PREPROCESS_CONFIG,1722109004000,1722109004000,1,78.4,,6442450944.0,,,0.0,0.0,0.0,801.043472,
1338,NFCORE_RANGELAND:RANGELAND:PREPROCESSING:PREPROCESS_CONFIG,1722109004000,1722109005000,1,72.1,,6442450944.0,,,0.0007990895378365279,0.0007990895378365279,0.0,801.043472,
1313,NFCORE_RANGELAND:RANGELAND:PREPROCESSING:PREPROCESS_CONFIG,1722109004000,1722109004000,1,72.4,,6442450944.0,,,0.0,0.0,0.0,801.043472,
1314,NFCORE_RANGELAND:RANGELAND:PREPROCESSING:PREPROCESS_CONFIG,1722109004000,1722109004000,1,47.9,,6442450944.0,,,0.0,0.0,0.0,801.043472,
1315,NFCORE_RANGELAND:RANGELAND:PREPROCESSING:PREPROCESS_CONFIG,1722109004000,1722109004000,1,73.9,,6442450944.0,,,0.0,0.0,0.0,801.043472,
1316,NFCORE_RANGELAND:RANGELAND:PREPROCESSING:PREPROCESS_CONFIG,1722109050000,1722109050000,1,101.3,,6442450944.0,,,0.0,0.0,0.0,801.043472,
1318,NFCORE_RANGELAND:RANGELAND:PREPROCESSING:PREPROCESS_CONFIG,1722109049000,1722109049000,1,97.6,,6442450944.0,,,0.0,0.0,0.0,801.043472,
1317,NFCORE_RANGELAND:RANGELAND:PREPROCESSING:PREPROCESS_CONFIG,1722109049000,1722109050000,1,107.3,,6442450944.0,,,0.000933709343547639,0.000933709343547639,0.0,801.043472,
1319,NFCORE_RANGELAND:RANGELAND:PREPROCESSING:PREPROCESS_CONFIG,1722109005000,1722109005000,1,73.6,,6442450944.0,,,0.0,0.0,0.0,801.043472,
1320,NFCORE_RANGELAND:RANGELAND:PREPROCESSING:PREPROCESS_CONFIG,1722109005000,1722109005000,1,73.4,,6442450944.0,,,0.0,0.0,0.0,801.043472,
1321,NFCORE_RANGELAND:RANGELAND:PREPROCESSING:PREPROCESS_CONFIG,1722109005000,1722109005000,1,72.7,,6442450944.0,,,0.0,0.0,0.0,801.043472,
1323,NFCORE_RANGELAND:RANGELAND:PREPROCESSING:PREPROCESS_CONFIG,1722109005000,1722109005000,1,71.3,,6442450944.0,,,0.0,0.0,0.0,801.043472,
1322,NFCORE_RANGELAND:RANGELAND:PREPROCESSING:PREPROCESS_CONFIG,1722109005000,1722109006000,1,74.8,,6442450944.0,,,0.0008094154888427778,0.0008094154888427778,0.0,801.043472,
1324,NFCORE_RANGELAND:RANGELAND:PREPROCESSING:PREPROCESS_CONFIG,1722109005000,1722109005000,1,74.6,,6442450944.0,,,0.0,0.0,0.0,801.043472,
1325,NFCORE_RANGELAND:RANGELAND:PREPROCESSING:PREPROCESS_CONFIG,1722109005000,1722109005000,1,75.3,,6442450944.0,,,0.0,0.0,0.0,801.043472,
1326,NFCORE_RANGELAND:RANGELAND:PREPROCESSING:PREPROCESS_CONFIG,1722109005000,1722109005000,1,77.7,,6442450944.0,,,0.0,0.0,0.0,801.043472,
1327,NFCORE_RANGELAND:RANGELAND:PREPROCESSING:PREPROCESS_CONFIG,1722109005000,1722109006000,1,78.2,,6442450944.0,,,0.0008224185382580555,0.0008224185382580555,0.0,801.043472,
1328,NFCORE_RANGELAND:RANGELAND:PREPROCESSING:PREPROCESS_CONFIG,1722109005000,1722109006000,1,75.2,,6442450944.0,,,0.0008109452593622223,0.0008109452593622223,0.0,801.043472,
1329,NFCORE_RANGELAND:RANGELAND:PREPROCESSING:PREPROCESS_CONFIG,1722109006000,1722109006000,1,81.4,,6442450944.0,,,0.0,0.0,0.0,801.043472,
1330,NFCORE_RANGELAND:RANGELAND:PREPROCESSING:PREPROCESS_CONFIG,1722109006000,1722109006000,1,72.4,,6442450944.0,,,0.0,0.0,0.0,801.043472,
1331,NFCORE_RANGELAND:RANGELAND:PREPROCESSING:PREPROCESS_CONFIG,1722109006000,1722109006000,1,75.1,,6442450944.0,,,0.0,0.0,0.0,801.043472,
1332,NFCORE_RANGELAND:RANGELAND:PREPROCESSING:PREPROCESS_CONFIG,1722109051000,1722109051000,1,108.0,,6442450944.0,,,0.0,0.0,0.0,801.043472,
1333,NFCORE_RANGELAND:RANGELAND:PREPROCESSING:PREPROCESS_CONFIG,1722109006000,1722109006000,1,72.7,,6442450944.0,,,0.0,0.0,0.0,801.043472,
1334,NFCORE_RANGELAND:RANGELAND:PREPROCESSING:PREPROCESS_CONFIG,1722109006000,1722109006000,1,67.8,,6442450944.0,,,0.0,0.0,0.0,801.043472,
1335,NFCORE_RANGELAND:RANGELAND:PREPROCESSING:PREPROCESS_CONFIG,1722109006000,1722109006000,1,79.8,,6442450944.0,,,0.0,0.0,0.0,801.043472,
1336,NFCORE_RANGELAND:RANGELAND:PREPROCESSING:PREPROCESS_CONFIG,1722109006000,1722109006000,1,74.8,,6442450944.0,,,0.0,0.0,0.0,801.043472,
1337,NFCORE_RANGELAND:RANGELAND:PREPROCESSING:PREPROCESS_CONFIG,1722109006000,1722109006000,1,74.6,,6442450944.0,,,0.0,0.0,0.0,801.043472,
1339,NFCORE_RANGELAND:RANGELAND:PREPROCESSING:PREPROCESS_CONFIG,1722109006000,1722109007000,1,82.4,,6442450944.0,,,0.0008384811287122224,0.0008384811287122224,0.0,801.043472,
1340,NFCORE_RANGELAND:RANGELAND:PREPROCESSING:PREPROCESS_CONFIG,1722109007000,1722109007000,1,71.1,,6442450944.0,,,0.0,0.0,0.0,801.043472,
1342,NFCORE_RANGELAND:RANGELAND:PREPROCESSING:PREPROCESS_CONFIG,1722109006000,1722109007000,1,77.4,,6442450944.0,,,0.0008193589972191669,0.0008193589972191669,0.0,801.043472,
1341,NFCORE_RANGELAND:RANGELAND:PREPROCESSING:PREPROCESS_CONFIG,1722109007000,1722109007000,1,69.9,,6442450944.0,,,0.0,0.0,0.0,801.043472,
1343,NFCORE_RANGELAND:RANGELAND:PREPROCESSING:PREPROCESS_CONFIG,1722109007000,1722109007000,1,76.2,,6442450944.0,,,0.0,0.0,0.0,801.043472,
1344,NFCORE_RANGELAND:RANGELAND:PREPROCESSING:PREPROCESS_CONFIG,1722109007000,1722109007000,1,82.8,,6442450944.0,,,0.0,0.0,0.0,801.043472,
1345,NFCORE_RANGELAND:RANGELAND:PREPROCESSING:PREPROCESS_CONFIG,1722109007000,1722109007000,1,61.9,,6442450944.0,,,0.0,0.0,0.0,801.043472,
1346,NFCORE_RANGELAND:RANGELAND:PREPROCESSING:PREPROCESS_CONFIG,1722109007000,1722109007000,1,83.2,,6442450944.0,,,0.0,0.0,0.0,801.043472,
1347,NFCORE_RANGELAND:RANGELAND:PREPROCESSING:PREPROCESS_CONFIG,1722109007000,1722109007000,1,69.6,,6442450944.0,,,0.0,0.0,0.0,801.043472,
1348,NFCORE_RANGELAND:RANGELAND:PREPROCESSING:PREPROCESS_CONFIG,1722109007000,1722109007000,1,72.2,,6442450944.0,,,0.0,0.0,0.0,801.043472,
1349,NFCORE_RANGELAND:RANGELAND:PREPROCESSING:PREPROCESS_CONFIG,1722109007000,1722109007000,1,71.7,,6442450944.0,,,0.0,0.0,0.0,801.043472,
1350,NFCORE_RANGELAND:RANGELAND:PREPROCESSING:PREPROCESS_CONFIG,1722109007000,1722109007000,1,61.3,,6442450944.0,,,0.0,0.0,0.0,801.043472,
1351,NFCORE_RANGELAND:RANGELAND:PREPROCESSING:PREPROCESS_CONFIG,1722109052000,1722109052000,1,111.0,,6442450944.0,,,0.0,0.0,0.0,801.043472,
1352,NFCORE_RANGELAND:RANGELAND:PREPROCESSING:PREPROCESS_CONFIG,1722109052000,1722109052000,1,95.0,,6442450944.0,,,0.0,0.0,0.0,801.043472,
1353,NFCORE_RANGELAND:RANGELAND:PREPROCESSING:PREPROCESS_CONFIG,1722109052000,1722109053000,1,109.7,,6442450944.0,,,0.0009428879666643056,0.0009428879666643056,0.0,801.043472,
1354,NFCORE_RANGELAND:RANGELAND:PREPROCESSING:PREPROCESS_CONFIG,1722109008000,1722109008000,1,73.2,,6442450944.0,,,0.0,0.0,0.0,801.043472,
1355,NFCORE_RANGELAND:RANGELAND:PREPROCESSING:PREPROCESS_CONFIG,1722109007000,1722109008000,1,72.1,,6442450944.0,,,0.0007990895378365279,0.0007990895378365279,0.0,801.043472,
1356,NFCORE_RANGELAND:RANGELAND:PREPROCESSING:PREPROCESS_CONFIG,1722109008000,1722109008000,1,85.2,,6442450944.0,,,0.0,0.0,0.0,801.043472,
1357,NFCORE_RANGELAND:RANGELAND:PREPROCESSING:PREPROCESS_CONFIG,1722109008000,1722109008000,1,82.2,,6442450944.0,,,0.0,0.0,0.0,801.043472,
1358,NFCORE_RANGELAND:RANGELAND:PREPROCESSING:PREPROCESS_CONFIG,1722109008000,1722109008000,1,78.8,,6442450944.0,,,0.0,0.0,0.0,801.043472,
1359,NFCORE_RANGELAND:RANGELAND:PREPROCESSING:PREPROCESS_CONFIG,1722109008000,1722109008000,1,82.1,,6442450944.0,,,0.0,0.0,0.0,801.043472,
1360,NFCORE_RANGELAND:RANGELAND:PREPROCESSING:PREPROCESS_CONFIG,1722109008000,1722109008000,1,77.5,,6442450944.0,,,0.0,0.0,0.0,801.043472,
1361,NFCORE_RANGELAND:RANGELAND:PREPROCESSING:PREPROCESS_CONFIG,1722109008000,1722109008000,1,57.2,,6442450944.0,,,0.0,0.0,0.0,801.043472,
1362,NFCORE_RANGELAND:RANGELAND:PREPROCESSING:PREPROCESS_CONFIG,1722109053000,1722109053000,1,106.3,,6442450944.0,,,0.0,0.0,0.0,801.043472,
1363,NFCORE_RANGELAND:RANGELAND:PREPROCESSING:PREPROCESS_CONFIG,1722109008000,1722109009000,1,79.8,,6442450944.0,,,0.0008285376203358333,0.0008285376203358333,0.0,801.043472,
1364,NFCORE_RANGELAND:RANGELAND:PREPROCESSING:PREPROCESS_CONFIG,1722109008000,1722109009000,1,83.0,,6442450944.0,,,0.0008407757844913889,0.0008407757844913889,0.0,801.043472,
1365,NFCORE_RANGELAND:RANGELAND:PREPROCESSING:PREPROCESS_CONFIG,1722109009000,1722109009000,1,67.4,,6442450944.0,,,0.0,0.0,0.0,801.043472,
1366,NFCORE_RANGELAND:RANGELAND:PREPROCESSING:PREPROCESS_CONFIG,1722109009000,1722109009000,1,80.0,,6442450944.0,,,0.0,0.0,0.0,801.043472,
1367,NFCORE_RANGELAND:RANGELAND:PREPROCESSING:PREPROCESS_CONFIG,1722109009000,1722109009000,1,70.2,,6442450944.0,,,0.0,0.0,0.0,801.043472,
1368,NFCORE_RANGELAND:RANGELAND:PREPROCESSING:PREPROCESS_CONFIG,1722109009000,1722109009000,1,82.1,,6442450944.0,,,0.0,0.0,0.0,801.043472,
1369,NFCORE_RANGELAND:RANGELAND:PREPROCESSING:PREPROCESS_CONFIG,1722109009000,1722109009000,1,77.1,,6442450944.0,,,0.0,0.0,0.0,801.043472,
1370,NFCORE_RANGELAND:RANGELAND:PREPROCESSING:PREPROCESS_CONFIG,1722109009000,1722109009000,1,70.2,,6442450944.0,,,0.0,0.0,0.0,801.043472,
1371,NFCORE_RANGELAND:RANGELAND:PREPROCESSING:PREPROCESS_CONFIG,1722109009000,1722109009000,1,68.8,,6442450944.0,,,0.0,0.0,0.0,801.043472,
1372,NFCORE_RANGELAND:RANGELAND:PREPROCESSING:PREPROCESS_CONFIG,1722109009000,1722109009000,1,65.6,,6442450944.0,,,0.0,0.0,0.0,801.043472,
1402,NFCORE_RANGELAND:RANGELAND:PREPROCESSING:PREPROCESS_CONFIG,1722109009000,1722109010000,1,75.8,,6442450944.0,,,0.000813239915141389,0.000813239915141389,0.0,801.043472,
1373,NFCORE_RANGELAND:RANGELAND:PREPROCESSING:PREPROCESS_CONFIG,1722109009000,1722109010000,1,69.3,,6442450944.0,,,0.0007883811442004167,0.0007883811442004167,0.0,801.043472,
1374,NFCORE_RANGELAND:RANGELAND:PREPROCESSING:PREPROCESS_CONFIG,1722109009000,1722109010000,1,72.1,,6442450944.0,,,0.0007990895378365279,0.0007990895378365279,0.0,801.043472,
1375,NFCORE_RANGELAND:RANGELAND:PREPROCESSING:PREPROCESS_CONFIG,1722109010000,1722109010000,1,82.8,,6442450944.0,,,0.0,0.0,0.0,801.043472,
1376,NFCORE_RANGELAND:RANGELAND:PREPROCESSING:PREPROCESS_CONFIG,1722109010000,1722109010000,1,75.7,,6442450944.0,,,0.0,0.0,0.0,801.043472,
1377,NFCORE_RANGELAND:RANGELAND:PREPROCESSING:PREPROCESS_CONFIG,1722109010000,1722109010000,1,85.0,,6442450944.0,,,0.0,0.0,0.0,801.043472,
1378,NFCORE_RANGELAND:RANGELAND:PREPROCESSING:PREPROCESS_CONFIG,1722109010000,1722109010000,1,67.7,,6442450944.0,,,0.0,0.0,0.0,801.043472,
1379,NFCORE_RANGELAND:RANGELAND:PREPROCESSING:PREPROCESS_CONFIG,1722109010000,1722109010000,1,77.7,,6442450944.0,,,0.0,0.0,0.0,801.043472,
1380,NFCORE_RANGELAND:RANGELAND:PREPROCESSING:PREPROCESS_CONFIG,1722109010000,1722109010000,1,78.4,,6442450944.0,,,0.0,0.0,0.0,801.043472,
1381,NFCORE_RANGELAND:RANGELAND:PREPROCESSING:PREPROCESS_CONFIG,1722109010000,1722109010000,1,77.7,,6442450944.0,,,0.0,0.0,0.0,801.043472,
1382,NFCORE_RANGELAND:RANGELAND:PREPROCESSING:PREPROCESS_CONFIG,1722109056000,1722109056000,1,98.2,,6442450944.0,,,0.0,0.0,0.0,801.043472,
1383,NFCORE_RANGELAND:RANGELAND:PREPROCESSING:PREPROCESS_CONFIG,1722109010000,1722109011000,1,74.8,,6442450944.0,,,0.0008094154888427778,0.0008094154888427778,0.0,801.043472,
1384,NFCORE_RANGELAND:RANGELAND:PREPROCESSING:PREPROCESS_CONFIG,1722109010000,1722109011000,1,73.6,,6442450944.0,,,0.0008048261772844444,0.0008048261772844444,0.0,801.043472,
1414,NFCORE_RANGELAND:RANGELAND:PREPROCESSING:PREPROCESS_CONFIG,1722109056000,1722109056000,1,98.2,,6442450944.0,,,0.0,0.0,0.0,801.043472,
1385,NFCORE_RANGELAND:RANGELAND:PREPROCESSING:PREPROCESS_CONFIG,1722109011000,1722109011000,1,77.9,,6442450944.0,,,0.0,0.0,0.0,801.043472,
1386,NFCORE_RANGELAND:RANGELAND:PREPROCESSING:PREPROCESS_CONFIG,1722109011000,1722109011000,1,75.4,,6442450944.0,,,0.0,0.0,0.0,801.043472,
1387,NFCORE_RANGELAND:RANGELAND:PREPROCESSING:PREPROCESS_CONFIG,1722109011000,1722109011000,1,65.5,,6442450944.0,,,0.0,0.0,0.0,801.043472,
1388,NFCORE_RANGELAND:RANGELAND:PREPROCESSING:PREPROCESS_CONFIG,1722109011000,1722109011000,1,67.7,,6442450944.0,,,0.0,0.0,0.0,801.043472,
1389,NFCORE_RANGELAND:RANGELAND:PREPROCESSING:PREPROCESS_CONFIG,1722109056000,1722109056000,1,112.1,,6442450944.0,,,0.0,0.0,0.0,801.043472,
1390,NFCORE_RANGELAND:RANGELAND:PREPROCESSING:PREPROCESS_CONFIG,1722109011000,1722109012000,1,73.9,,6442450944.0,,,0.0008059735051740279,0.0008059735051740279,0.0,801.043472,
1391,NFCORE_RANGELAND:RANGELAND:PREPROCESSING:PREPROCESS_CONFIG,1722109012000,1722109012000,1,65.2,,6442450944.0,,,0.0,0.0,0.0,801.043472,
1392,NFCORE_RANGELAND:RANGELAND:PREPROCESSING:PREPROCESS_CONFIG,1722109012000,1722109012000,1,68.6,,6442450944.0,,,0.0,0.0,0.0,801.043472,
1393,NFCORE_RANGELAND:RANGELAND:PREPROCESSING:PREPROCESS_CONFIG,1722109012000,1722109012000,1,73.6,,6442450944.0,,,0.0,0.0,0.0,801.043472,
1394,NFCORE_RANGELAND:RANGELAND:PREPROCESSING:PREPROCESS_CONFIG,1722109012000,1722109012000,1,67.2,,6442450944.0,,,0.0,0.0,0.0,801.043472,
1395,NFCORE_RANGELAND:RANGELAND:PREPROCESSING:PREPROCESS_CONFIG,1722109012000,1722109012000,1,77.4,,6442450944.0,,,0.0,0.0,0.0,801.043472,
1396,NFCORE_RANGELAND:RANGELAND:PREPROCESSING:PREPROCESS_CONFIG,1722109012000,1722109012000,1,74.6,,6442450944.0,,,0.0,0.0,0.0,801.043472,
1397,NFCORE_RANGELAND:RANGELAND:PREPROCESSING:PREPROCESS_CONFIG,1722109012000,1722109013000,1,84.8,,6442450944.0,,,0.0008476597518288889,0.0008476597518288889,0.0,801.043472,
1398,NFCORE_RANGELAND:RANGELAND:PREPROCESSING:PREPROCESS_CONFIG,1722109012000,1722109013000,1,77.7,,6442450944.0,,,0.0008205063251087502,0.0008205063251087502,0.0,801.043472,
1399,NFCORE_RANGELAND:RANGELAND:PREPROCESSING:PREPROCESS_CONFIG,1722109012000,1722109013000,1,76.7,,6442450944.0,,,0.000816681898810139,0.000816681898810139,0.0,801.043472,
1400,NFCORE_RANGELAND:RANGELAND:PREPROCESSING:PREPROCESS_CONFIG,1722109013000,1722109013000,1,73.4,,6442450944.0,,,0.0,0.0,0.0,801.043472,
1401,NFCORE_RANGELAND:RANGELAND:PREPROCESSING:PREPROCESS_CONFIG,1722109012000,1722109013000,1,68.0,,6442450944.0,,,0.0007834093900122224,0.0007834093900122224,0.0,801.043472,
1403,NFCORE_RANGELAND:RANGELAND:PREPROCESSING:PREPROCESS_CONFIG,1722109013000,1722109013000,1,77.4,,6442450944.0,,,0.0,0.0,0.0,801.043472,
1404,NFCORE_RANGELAND:RANGELAND:PREPROCESSING:PREPROCESS_CONFIG,1722109013000,1722109013000,1,79.0,,6442450944.0,,,0.0,0.0,0.0,801.043472,
1405,NFCORE_RANGELAND:RANGELAND:PREPROCESSING:PREPROCESS_CONFIG,1722109013000,1722109013000,1,70.3,,6442450944.0,,,0.0,0.0,0.0,801.043472,
1406,NFCORE_RANGELAND:RANGELAND:PREPROCESSING:PREPROCESS_CONFIG,1722109013000,1722109013000,1,81.1,,6442450944.0,,,0.0,0.0,0.0,801.043472,
1407,NFCORE_RANGELAND:RANGELAND:PREPROCESSING:PREPROCESS_CONFIG,1722109013000,1722109013000,1,78.0,,6442450944.0,,,0.0,0.0,0.0,801.043472,
1408,NFCORE_RANGELAND:RANGELAND:PREPROCESSING:PREPROCESS_CONFIG,1722109013000,1722109013000,1,79.3,,6442450944.0,,,0.0,0.0,0.0,801.043472,
1409,NFCORE_RANGELAND:RANGELAND:PREPROCESSING:PREPROCESS_CONFIG,1722109013000,1722109013000,1,71.6,,6442450944.0,,,0.0,0.0,0.0,801.043472,
1410,NFCORE_RANGELAND:RANGELAND:PREPROCESSING:PREPROCESS_CONFIG,1722109058000,1722109058000,1,104.8,,6442450944.0,,,0.0,0.0,0.0,801.043472,
1411,NFCORE_RANGELAND:RANGELAND:PREPROCESSING:PREPROCESS_CONFIG,1722109013000,1722109014000,1,77.6,,6442450944.0,,,0.000820123882478889,0.000820123882478889,0.0,801.043472,
1412,NFCORE_RANGELAND:RANGELAND:PREPROCESSING:PREPROCESS_CONFIG,1722109013000,1722109014000,1,67.2,,6442450944.0,,,0.0007803498489733335,0.0007803498489733335,0.0,801.043472,
1413,NFCORE_RANGELAND:RANGELAND:PREPROCESSING:PREPROCESS_CONFIG,1722109058000,1722109059000,1,99.7,,6442450944.0,,,0.0009046437036781947,0.0009046437036781947,0.0,801.043472,
1415,NFCORE_RANGELAND:RANGELAND:PREPROCESSING:PREPROCESS_CONFIG,1722109014000,1722109014000,1,68.1,,6442450944.0,,,0.0,0.0,0.0,801.043472,
1416,NFCORE_RANGELAND:RANGELAND:PREPROCESSING:PREPROCESS_CONFIG,1722109014000,1722109014000,1,84.8,,6442450944.0,,,0.0,0.0,0.0,801.043472,
1417,NFCORE_RANGELAND:RANGELAND:PREPROCESSING:PREPROCESS_CONFIG,1722109014000,1722109014000,1,71.1,,6442450944.0,,,0.0,0.0,0.0,801.043472,
1418,NFCORE_RANGELAND:RANGELAND:PREPROCESSING:PREPROCESS_CONFIG,1722109014000,1722109014000,1,71.3,,6442450944.0,,,0.0,0.0,0.0,801.043472,
1419,NFCORE_RANGELAND:RANGELAND:PREPROCESSING:PREPROCESS_CONFIG,1722109014000,1722109014000,1,78.4,,6442450944.0,,,0.0,0.0,0.0,801.043472,
1420,NFCORE_RANGELAND:RANGELAND:PREPROCESSING:PREPROCESS_CONFIG,1722109014000,1722109014000,1,77.5,,6442450944.0,,,0.0,0.0,0.0,801.043472,
1421,NFCORE_RANGELAND:RANGELAND:PREPROCESSING:PREPROCESS_CONFIG,1722109014000,1722109014000,1,79.6,,6442450944.0,,,0.0,0.0,0.0,801.043472,
1422,NFCORE_RANGELAND:RANGELAND:PREPROCESSING:PREPROCESS_CONFIG,1722109014000,1722109015000,1,77.9,,6442450944.0,,,0.0008212712103684723,0.0008212712103684723,0.0,801.043472,
1424,NFCORE_RANGELAND:RANGELAND:PREPROCESSING:PREPROCESS_CONFIG,1722109059000,1722109059000,1,107.6,,6442450944.0,,,0.0,0.0,0.0,801.043472,
1423,NFCORE_RANGELAND:RANGELAND:PREPROCESSING:PREPROCESS_CONFIG,1722109059000,1722109060000,1,111.4,,6442450944.0,,,0.0009493894913719446,0.0009493894913719446,0.0,801.043472,
1425,NFCORE_RANGELAND:RANGELAND:PREPROCESSING:PREPROCESS_CONFIG,1722109014000,1722109015000,1,82.1,,6442450944.0,,,0.0008373338008226389,0.0008373338008226389,0.0,801.043472,
1426,NFCORE_RANGELAND:RANGELAND:PREPROCESSING:PREPROCESS_CONFIG,1722109015000,1722109015000,1,75.1,,6442450944.0,,,0.0,0.0,0.0,801.043472,
1427,NFCORE_RANGELAND:RANGELAND:PREPROCESSING:PREPROCESS_CONFIG,1722109015000,1722109015000,1,64.0,,6442450944.0,,,0.0,0.0,0.0,801.043472,
1428,NFCORE_RANGELAND:RANGELAND:PREPROCESSING:PREPROCESS_CONFIG,1722109015000,1722109015000,1,72.7,,6442450944.0,,,0.0,0.0,0.0,801.043472,
1429,NFCORE_RANGELAND:RANGELAND:PREPROCESSING:PREPROCESS_CONFIG,1722109015000,1722109015000,1,65.6,,6442450944.0,,,0.0,0.0,0.0,801.043472,
1430,NFCORE_RANGELAND:RANGELAND:PREPROCESSING:PREPROCESS_CONFIG,1722109015000,1722109015000,1,78.4,,6442450944.0,,,0.0,0.0,0.0,801.043472,
1431,NFCORE_RANGELAND:RANGELAND:PREPROCESSING:PREPROCESS_CONFIG,1722109015000,1722109015000,1,75.2,,6442450944.0,,,0.0,0.0,0.0,801.043472,
1432,NFCORE_RANGELAND:RANGELAND:PREPROCESSING:PREPROCESS_CONFIG,1722109015000,1722109016000,1,72.7,,6442450944.0,,,0.0008013841936156946,0.0008013841936156946,0.0,801.043472,
1433,NFCORE_RANGELAND:RANGELAND:PREPROCESSING:PREPROCESS_CONFIG,1722109015000,1722109016000,1,66.9,,6442450944.0,,,0.0007792025210837501,0.0007792025210837501,0.0,801.043472,
1434,NFCORE_RANGELAND:RANGELAND:PREPROCESSING:PREPROCESS_CONFIG,1722109015000,1722109016000,1,79.1,,6442450944.0,,,0.0008258605219268057,0.0008258605219268057,0.0,801.043472,
1435,NFCORE_RANGELAND:RANGELAND:PREPROCESSING:PREPROCESS_CONFIG,1722109016000,1722109016000,1,75.2,,6442450944.0,,,0.0,0.0,0.0,801.043472,
1436,NFCORE_RANGELAND:RANGELAND:PREPROCESSING:PREPROCESS_CONFIG,1722109015000,1722109016000,1,75.9,,6442450944.0,,,0.00081362235777125,0.00081362235777125,0.0,801.043472,
1437,NFCORE_RANGELAND:RANGELAND:PREPROCESSING:PREPROCESS_CONFIG,1722109016000,1722109016000,1,75.4,,6442450944.0,,,0.0,0.0,0.0,801.043472,
1438,NFCORE_RANGELAND:RANGELAND:PREPROCESSING:PREPROCESS_CONFIG,1722109016000,1722109016000,1,76.0,,6442450944.0,,,0.0,0.0,0.0,801.043472,
1439,NFCORE_RANGELAND:RANGELAND:PREPROCESSING:PREPROCESS_CONFIG,1722109016000,1722109016000,1,70.3,,6442450944.0,,,0.0,0.0,0.0,801.043472,
1440,NFCORE_RANGELAND:RANGELAND:PREPROCESSING:PREPROCESS_CONFIG,1722109016000,1722109017000,1,66.8,,6442450944.0,,,0.000778820078453889,0.000778820078453889,0.0,801.043472,
1441,NFCORE_RANGELAND:RANGELAND:PREPROCESSING:PREPROCESS_CONFIG,1722109016000,1722109016000,1,69.8,,6442450944.0,,,0.0,0.0,0.0,801.043472,
1442,NFCORE_RANGELAND:RANGELAND:PREPROCESSING:PREPROCESS_CONFIG,1722109016000,1722109016000,1,72.9,,6442450944.0,,,0.0,0.0,0.0,801.043472,
1443,NFCORE_RANGELAND:RANGELAND:PREPROCESSING:PREPROCESS_CONFIG,1722109016000,1722109017000,1,85.0,,6442450944.0,,,0.0008484246370886112,0.0008484246370886112,0.0,801.043472,
1444,NFCORE_RANGELAND:RANGELAND:PREPROCESSING:PREPROCESS_CONFIG,1722109016000,1722109017000,1,67.3,,6442450944.0,,,0.0007807322916031945,0.0007807322916031945,0.0,801.043472,
1445,NFCORE_RANGELAND:RANGELAND:PREPROCESSING:PREPROCESS_CONFIG,1722109016000,1722109017000,1,84.8,,6442450944.0,,,0.0008476597518288889,0.0008476597518288889,0.0,801.043472,
1446,NFCORE_RANGELAND:RANGELAND:PREPROCESSING:PREPROCESS_CONFIG,1722109061000,1722109062000,1,100.0,,6442450944.0,,,0.000905791031567778,0.000905791031567778,0.0,801.043472,
1447,NFCORE_RANGELAND:RANGELAND:PREPROCESSING:PREPROCESS_CONFIG,1722109017000,1722109017000,1,73.3,,6442450944.0,,,0.0,0.0,0.0,801.043472,
1476,NFCORE_RANGELAND:RANGELAND:PREPROCESSING:PREPROCESS_CONFIG,1722109017000,1722109017000,1,70.3,,6442450944.0,,,0.0,0.0,0.0,801.043472,
1475,NFCORE_RANGELAND:RANGELAND:PREPROCESSING:PREPROCESS_CONFIG,1722109017000,1722109017000,1,81.5,,6442450944.0,,,0.0,0.0,0.0,801.043472,
1477,NFCORE_RANGELAND:RANGELAND:PREPROCESSING:PREPROCESS_CONFIG,1722109017000,1722109017000,1,75.7,,6442450944.0,,,0.0,0.0,0.0,801.043472,
1478,NFCORE_RANGELAND:RANGELAND:PREPROCESSING:PREPROCESS_CONFIG,1722109017000,1722109018000,1,69.0,,6442450944.0,,,0.0007872338163108333,0.0007872338163108333,0.0,801.043472,
1479,NFCORE_RANGELAND:RANGELAND:PREPROCESSING:PREPROCESS_CONFIG,1722109063000,1722109063000,1,60.7,,6442450944.0,,,0.0,0.0,0.0,801.043472,
1480,NFCORE_RANGELAND:RANGELAND:PREPROCESSING:PREPROCESS_CONFIG,1722109063000,1722109063000,1,114.3,,6442450944.0,,,0.0,0.0,0.0,801.043472,
1481,NFCORE_RANGELAND:RANGELAND:PREPROCESSING:PREPROCESS_CONFIG,1722109018000,1722109018000,1,71.3,,6442450944.0,,,0.0,0.0,0.0,801.043472,
1482,NFCORE_RANGELAND:RANGELAND:PREPROCESSING:PREPROCESS_CONFIG,1722109018000,1722109018000,1,73.6,,6442450944.0,,,0.0,0.0,0.0,801.043472,
1483,NFCORE_RANGELAND:RANGELAND:PREPROCESSING:PREPROCESS_CONFIG,1722109018000,1722109018000,1,61.0,,6442450944.0,,,0.0,0.0,0.0,801.043472,
1484,NFCORE_RANGELAND:RANGELAND:PREPROCESSING:PREPROCESS_CONFIG,1722109019000,1722109019000,1,69.3,,6442450944.0,,,0.0,0.0,0.0,801.043472,
1485,NFCORE_RANGELAND:RANGELAND:PREPROCESSING:PREPROCESS_CONFIG,1722109019000,1722109019000,1,66.7,,6442450944.0,,,0.0,0.0,0.0,801.043472,
1486,NFCORE_RANGELAND:RANGELAND:PREPROCESSING:PREPROCESS_CONFIG,1722109023000,1722109024000,1,85.1,,6442450944.0,,,0.0008488070797184723,0.0008488070797184723,0.0,801.043472,
1488,NFCORE_RANGELAND:RANGELAND:PREPROCESSING:PREPROCESS_CONFIG,1722109024000,1722109024000,1,101.4,,6442450944.0,,,0.0,0.0,0.0,801.043472,
1487,NFCORE_RANGELAND:RANGELAND:PREPROCESSING:PREPROCESS_CONFIG,1722109019000,1722109019000,1,64.8,,6442450944.0,,,0.0,0.0,0.0,801.043472,
1491,NFCORE_RANGELAND:RANGELAND:PREPROCESSING:PREPROCESS_CONFIG,1722109019000,1722109019000,1,64.9,,6442450944.0,,,0.0,0.0,0.0,801.043472,
1492,NFCORE_RANGELAND:RANGELAND:PREPROCESSING:PREPROCESS_CONFIG,1722109024000,1722109024000,1,100.9,,6442450944.0,,,0.0,0.0,0.0,801.043472,
1489,NFCORE_RANGELAND:RANGELAND:PREPROCESSING:PREPROCESS_CONFIG,1722109020000,1722109020000,1,73.2,,6442450944.0,,,0.0,0.0,0.0,801.043472,
1490,NFCORE_RANGELAND:RANGELAND:PREPROCESSING:PREPROCESS_CONFIG,1722109020000,1722109020000,1,75.7,,6442450944.0,,,0.0,0.0,0.0,801.043472,
1493,NFCORE_RANGELAND:RANGELAND:PREPROCESSING:PREPROCESS_CONFIG,1722109020000,1722109020000,1,70.0,,6442450944.0,,,0.0,0.0,0.0,801.043472,
1494,NFCORE_RANGELAND:RANGELAND:PREPROCESSING:PREPROCESS_CONFIG,1722109019000,1722109020000,1,74.9,,6442450944.0,,,0.0008097979314726389,0.0008097979314726389,0.0,801.043472,
1495,NFCORE_RANGELAND:RANGELAND:PREPROCESSING:PREPROCESS_CONFIG,1722109020000,1722109020000,1,68.1,,6442450944.0,,,0.0,0.0,0.0,801.043472,
1496,NFCORE_RANGELAND:RANGELAND:PREPROCESSING:PREPROCESS_CONFIG,1722109020000,1722109020000,1,71.0,,6442450944.0,,,0.0,0.0,0.0,801.043472,
1497,NFCORE_RANGELAND:RANGELAND:PREPROCESSING:PREPROCESS_CONFIG,1722109020000,1722109020000,1,77.7,,6442450944.0,,,0.0,0.0,0.0,801.043472,
1498,NFCORE_RANGELAND:RANGELAND:PREPROCESSING:PREPROCESS_CONFIG,1722109020000,1722109021000,1,75.0,,6442450944.0,,,0.0008101803741025001,0.0008101803741025001,0.0,801.043472,
1499,NFCORE_RANGELAND:RANGELAND:PREPROCESSING:PREPROCESS_CONFIG,1722109020000,1722109020000,1,75.3,,6442450944.0,,,0.0,0.0,0.0,801.043472,
1501,NFCORE_RANGELAND:RANGELAND:PREPROCESSING:PREPROCESS_CONFIG,1722109020000,1722109021000,1,79.1,,6442450944.0,,,0.0008258605219268057,0.0008258605219268057,0.0,801.043472,
1502,NFCORE_RANGELAND:RANGELAND:PREPROCESSING:PREPROCESS_CONFIG,1722109065000,1722109066000,1,99.7,,6442450944.0,,,0.0009046437036781947,0.0009046437036781947,0.0,801.043472,
1503,NFCORE_RANGELAND:RANGELAND:PREPROCESSING:PREPROCESS_CONFIG,1722109065000,1722109066000,1,98.5,,6442450944.0,,,0.0009000543921198611,0.0009000543921198611,0.0,801.043472,
1504,NFCORE_RANGELAND:RANGELAND:PREPROCESSING:PREPROCESS_CONFIG,1722109021000,1722109021000,1,73.9,,6442450944.0,,,0.0,0.0,0.0,801.043472,
1506,NFCORE_RANGELAND:RANGELAND:PREPROCESSING:PREPROCESS_CONFIG,1722109066000,1722109066000,1,97.9,,6442450944.0,,,0.0,0.0,0.0,801.043472,
1507,NFCORE_RANGELAND:RANGELAND:PREPROCESSING:PREPROCESS_CONFIG,1722109021000,1722109021000,1,76.5,,6442450944.0,,,0.0,0.0,0.0,801.043472,
1508,NFCORE_RANGELAND:RANGELAND:PREPROCESSING:PREPROCESS_CONFIG,1722109021000,1722109021000,1,72.1,,6442450944.0,,,0.0,0.0,0.0,801.043472,
1511,NFCORE_RANGELAND:RANGELAND:PREPROCESSING:PREPROCESS_CONFIG,1722109021000,1722109021000,1,76.4,,6442450944.0,,,0.0,0.0,0.0,801.043472,
1512,NFCORE_RANGELAND:RANGELAND:PREPROCESSING:PREPROCESS_CONFIG,1722109021000,1722109022000,1,69.7,,6442450944.0,,,0.0007899109147198612,0.0007899109147198612,0.0,801.043472,
1513,NFCORE_RANGELAND:RANGELAND:PREPROCESSING:PREPROCESS_CONFIG,1722109022000,1722109022000,1,68.5,,6442450944.0,,,0.0,0.0,0.0,801.043472,
1514,NFCORE_RANGELAND:RANGELAND:PREPROCESSING:PREPROCESS_CONFIG,1722109024000,1722109024000,1,72.5,,6442450944.0,,,0.0,0.0,0.0,801.043472,
1515,NFCORE_RANGELAND:RANGELAND:PREPROCESSING:PREPROCESS_CONFIG,1722109022000,1722109022000,1,65.7,,6442450944.0,,,0.0,0.0,0.0,801.043472,
1448,NFCORE_RANGELAND:RANGELAND:PREPROCESSING:PREPROCESS_CONFIG,1722109022000,1722109022000,1,66.1,,6442450944.0,,,0.0,0.0,0.0,801.043472,
1449,NFCORE_RANGELAND:RANGELAND:PREPROCESSING:PREPROCESS_CONFIG,1722109022000,1722109022000,1,69.0,,6442450944.0,,,0.0,0.0,0.0,801.043472,
1516,NFCORE_RANGELAND:RANGELAND:PREPROCESSING:PREPROCESS_CONFIG,1722109022000,1722109022000,1,67.9,,6442450944.0,,,0.0,0.0,0.0,801.043472,
1467,NFCORE_RANGELAND:RANGELAND:PREPROCESSING:PREPROCESS_CONFIG,1722109022000,1722109022000,1,67.8,,6442450944.0,,,0.0,0.0,0.0,801.043472,
1450,NFCORE_RANGELAND:RANGELAND:PREPROCESSING:PREPROCESS_CONFIG,1722109022000,1722109022000,1,66.9,,6442450944.0,,,0.0,0.0,0.0,801.043472,
1451,NFCORE_RANGELAND:RANGELAND:PREPROCESSING:PREPROCESS_CONFIG,1722109022000,1722109022000,1,64.8,,6442450944.0,,,0.0,0.0,0.0,801.043472,
1500,NFCORE_RANGELAND:RANGELAND:PREPROCESSING:PREPROCESS_CONFIG,1722109022000,1722109023000,1,66.1,,6442450944.0,,,0.0007761429800448612,0.0007761429800448612,0.0,801.043472,
1453,NFCORE_RANGELAND:RANGELAND:PREPROCESSING:PREPROCESS_CONFIG,1722109022000,1722109023000,1,67.8,,6442450944.0,,,0.0007826445047525001,0.0007826445047525001,0.0,801.043472,
1452,NFCORE_RANGELAND:RANGELAND:PREPROCESSING:PREPROCESS_CONFIG,1722109023000,1722109023000,1,78.4,,6442450944.0,,,0.0,0.0,0.0,801.043472,
1454,NFCORE_RANGELAND:RANGELAND:PREPROCESSING:PREPROCESS_CONFIG,1722109023000,1722109023000,1,67.8,,6442450944.0,,,0.0,0.0,0.0,801.043472,
1455,NFCORE_RANGELAND:RANGELAND:PREPROCESSING:PREPROCESS_CONFIG,1722109023000,1722109023000,1,71.3,,6442450944.0,,,0.0,0.0,0.0,801.043472,
1457,NFCORE_RANGELAND:RANGELAND:PREPROCESSING:PREPROCESS_CONFIG,1722109023000,1722109023000,1,75.1,,6442450944.0,,,0.0,0.0,0.0,801.043472,
1456,NFCORE_RANGELAND:RANGELAND:PREPROCESSING:PREPROCESS_CONFIG,1722109023000,1722109023000,1,62.3,,6442450944.0,,,0.0,0.0,0.0,801.043472,
1458,NFCORE_RANGELAND:RANGELAND:PREPROCESSING:PREPROCESS_CONFIG,1722109024000,1722109024000,1,73.1,,6442450944.0,,,0.0,0.0,0.0,801.043472,
1460,NFCORE_RANGELAND:RANGELAND:PREPROCESSING:PREPROCESS_CONFIG,1722109023000,1722109024000,1,69.1,,6442450944.0,,,0.0007876162589406945,0.0007876162589406945,0.0,801.043472,
1459,NFCORE_RANGELAND:RANGELAND:PREPROCESSING:PREPROCESS_CONFIG,1722109068000,1722109069000,1,83.0,,6442450944.0,,,0.0008407757844913889,0.0008407757844913889,0.0,801.043472,
1530,NFCORE_RANGELAND:RANGELAND:PREPROCESSING:PREPROCESS_CONFIG,1722109068000,1722109069000,1,100.6,,6442450944.0,,,0.0009080856873469445,0.0009080856873469445,0.0,801.043472,
1461,NFCORE_RANGELAND:RANGELAND:PREPROCESSING:PREPROCESS_CONFIG,1722109069000,1722109069000,1,100.0,,6442450944.0,,,0.0,0.0,0.0,801.043472,
1462,NFCORE_RANGELAND:RANGELAND:PREPROCESSING:PREPROCESS_CONFIG,1722109024000,1722109024000,1,73.9,,6442450944.0,,,0.0,0.0,0.0,801.043472,
1532,NFCORE_RANGELAND:RANGELAND:PREPROCESSING:PREPROCESS_CONFIG,1722109024000,1722109025000,1,69.4,,6442450944.0,,,0.0007887635868302779,0.0007887635868302779,0.0,801.043472,
1534,NFCORE_RANGELAND:RANGELAND:PREPROCESSING:PREPROCESS_CONFIG,1722109024000,1722109024000,1,70.3,,6442450944.0,,,0.0,0.0,0.0,801.043472,
1463,NFCORE_RANGELAND:RANGELAND:PREPROCESSING:PREPROCESS_CONFIG,1722109024000,1722109024000,1,66.5,,6442450944.0,,,0.0,0.0,0.0,801.043472,
1464,NFCORE_RANGELAND:RANGELAND:PREPROCESSING:PREPROCESS_CONFIG,1722109024000,1722109025000,1,70.6,,6442450944.0,,,0.0007933528983886111,0.0007933528983886111,0.0,801.043472,
1510,NFCORE_RANGELAND:RANGELAND:PREPROCESSING:PREPROCESS_CONFIG,1722109024000,1722109025000,1,71.0,,6442450944.0,,,0.0007948826689080556,0.0007948826689080556,0.0,801.043472,
1465,NFCORE_RANGELAND:RANGELAND:PREPROCESSING:PREPROCESS_CONFIG,1722109025000,1722109025000,1,70.8,,6442450944.0,,,0.0,0.0,0.0,801.043472,
1509,NFCORE_RANGELAND:RANGELAND:PREPROCESSING:PREPROCESS_CONFIG,1722109025000,1722109025000,1,75.4,,6442450944.0,,,0.0,0.0,0.0,801.043472,
1505,NFCORE_RANGELAND:RANGELAND:PREPROCESSING:PREPROCESS_CONFIG,1722109070000,1722109070000,1,108.0,,6442450944.0,,,0.0,0.0,0.0,801.043472,
1468,NFCORE_RANGELAND:RANGELAND:PREPROCESSING:PREPROCESS_CONFIG,1722109025000,1722109025000,1,65.6,,6442450944.0,,,0.0,0.0,0.0,801.043472,
1471,NFCORE_RANGELAND:RANGELAND:PREPROCESSING:PREPROCESS_CONFIG,1722109025000,1722109025000,1,71.6,,6442450944.0,,,0.0,0.0,0.0,801.043472,
1517,NFCORE_RANGELAND:RANGELAND:PREPROCESSING:PREPROCESS_CONFIG,1722109025000,1722109025000,1,82.8,,6442450944.0,,,0.0,0.0,0.0,801.043472,
1469,NFCORE_RANGELAND:RANGELAND:PREPROCESSING:PREPROCESS_CONFIG,1722109025000,1722109025000,1,67.9,,6442450944.0,,,0.0,0.0,0.0,801.043472,
1470,NFCORE_RANGELAND:RANGELAND:PREPROCESSING:PREPROCESS_CONFIG,1722109025000,1722109026000,1,71.0,,6442450944.0,,,0.0007948826689080556,0.0007948826689080556,0.0,801.043472,
1472,NFCORE_RANGELAND:RANGELAND:PREPROCESSING:PREPROCESS_CONFIG,1722109026000,1722109026000,1,82.8,,6442450944.0,,,0.0,0.0,0.0,801.043472,
1466,NFCORE_RANGELAND:RANGELAND:PREPROCESSING:PREPROCESS_CONFIG,1722109025000,1722109026000,1,75.9,,6442450944.0,,,0.00081362235777125,0.00081362235777125,0.0,801.043472,
1473,NFCORE_RANGELAND:RANGELAND:PREPROCESSING:PREPROCESS_CONFIG,1722109026000,1722109026000,1,66.7,,6442450944.0,,,0.0,0.0,0.0,801.043472,
1474,NFCORE_RANGELAND:RANGELAND:PREPROCESSING:PREPROCESS_CONFIG,1722109026000,1722109026000,1,70.2,,6442450944.0,,,0.0,0.0,0.0,801.043472,
1518,NFCORE_RANGELAND:RANGELAND:PREPROCESSING:PREPROCESS_CONFIG,1722109026000,1722109026000,1,67.6,,6442450944.0,,,0.0,0.0,0.0,801.043472,
1519,NFCORE_RANGELAND:RANGELAND:PREPROCESSING:PREPROCESS_CONFIG,1722109026000,1722109027000,1,67.3,,6442450944.0,,,0.0007807322916031945,0.0007807322916031945,0.0,801.043472,
1520,NFCORE_RANGELAND:RANGELAND:PREPROCESSING:PREPROCESS_CONFIG,1722109026000,1722109027000,1,71.9,,6442450944.0,,,0.0007983246525768056,0.0007983246525768056,0.0,801.043472,
1521,NFCORE_RANGELAND:RANGELAND:PREPROCESSING:PREPROCESS_CONFIG,1722109027000,1722109027000,1,75.2,,6442450944.0,,,0.0,0.0,0.0,801.043472,
1522,NFCORE_RANGELAND:RANGELAND:PREPROCESSING:PREPROCESS_CONFIG,1722109072000,1722109072000,1,96.4,,6442450944.0,,,0.0,0.0,0.0,801.043472,
1523,NFCORE_RANGELAND:RANGELAND:PREPROCESSING:PREPROCESS_CONFIG,1722109027000,1722109027000,1,71.0,,6442450944.0,,,0.0,0.0,0.0,801.043472,
1524,NFCORE_RANGELAND:RANGELAND:PREPROCESSING:PREPROCESS_CONFIG,1722109027000,1722109027000,1,73.3,,6442450944.0,,,0.0,0.0,0.0,801.043472,
1525,NFCORE_RANGELAND:RANGELAND:PREPROCESSING:PREPROCESS_CONFIG,1722109072000,1722109072000,1,100.0,,6442450944.0,,,0.0,0.0,0.0,801.043472,
1526,NFCORE_RANGELAND:RANGELAND:PREPROCESSING:PREPROCESS_CONFIG,1722109027000,1722109027000,1,73.2,,6442450944.0,,,0.0,0.0,0.0,801.043472,
1527,NFCORE_RANGELAND:RANGELAND:PREPROCESSING:PREPROCESS_CONFIG,1722109027000,1722109027000,1,69.0,,6442450944.0,,,0.0,0.0,0.0,801.043472,
1528,NFCORE_RANGELAND:RANGELAND:PREPROCESSING:PREPROCESS_CONFIG,1722109027000,1722109028000,1,69.9,,6442450944.0,,,0.0007906757999795835,0.0007906757999795835,0.0,801.043472,
1529,NFCORE_RANGELAND:RANGELAND:PREPROCESSING:PREPROCESS_CONFIG,1722109027000,1722109028000,1,73.1,,6442450944.0,,,0.0008029139641351388,0.0008029139641351388,0.0,801.043472,
1531,NFCORE_RANGELAND:RANGELAND:PREPROCESSING:PREPROCESS_CONFIG,1722109027000,1722109028000,1,67.4,,6442450944.0,,,0.0007811147342330556,0.0007811147342330556,0.0,801.043472,
1533,NFCORE_RANGELAND:RANGELAND:PREPROCESSING:PREPROCESS_CONFIG,1722109072000,1722109073000,1,97.6,,6442450944.0,,,0.0008966124084511112,0.0008966124084511112,0.0,801.043472,
1535,NFCORE_RANGELAND:RANGELAND:PREPROCESSING:PREPROCESS_CONFIG,1722109028000,1722109028000,1,68.2,,6442450944.0,,,0.0,0.0,0.0,801.043472,
1537,NFCORE_RANGELAND:RANGELAND:PREPROCESSING:PREPROCESS_CONFIG,1722109028000,1722109028000,1,77.5,,6442450944.0,,,0.0,0.0,0.0,801.043472,
1538,NFCORE_RANGELAND:RANGELAND:PREPROCESSING:PREPROCESS_CONFIG,1722109028000,1722109028000,1,80.0,,6442450944.0,,,0.0,0.0,0.0,801.043472,
1536,NFCORE_RANGELAND:RANGELAND:PREPROCESSING:PREPROCESS_CONFIG,1722109028000,1722109029000,1,74.2,,6442450944.0,,,0.0008071208330636112,0.0008071208330636112,0.0,801.043472,
1539,NFCORE_RANGELAND:RANGELAND:PREPROCESSING:PREPROCESS_CONFIG,1722109028000,1722109028000,1,74.2,,6442450944.0,,,0.0,0.0,0.0,801.043472,
1540,NFCORE_RANGELAND:RANGELAND:PREPROCESSING:PREPROCESS_CONFIG,1722109028000,1722109029000,1,71.1,,6442450944.0,,,0.0007952651115379168,0.0007952651115379168,0.0,801.043472,
1541,NFCORE_RANGELAND:RANGELAND:PREPROCESSING:PREPROCESS_CONFIG,1722109029000,1722109029000,1,82.6,,6442450944.0,,,0.0,0.0,0.0,801.043472,
1542,NFCORE_RANGELAND:RANGELAND:PREPROCESSING:PREPROCESS_CONFIG,1722109028000,1722109029000,1,68.7,,6442450944.0,,,0.00078608648842125,0.00078608648842125,0.0,801.043472,
1543,NFCORE_RANGELAND:RANGELAND:PREPROCESSING:PREPROCESS_CONFIG,1722109029000,1722109029000,1,80.7,,6442450944.0,,,0.0,0.0,0.0,801.043472,
1544,NFCORE_RANGELAND:RANGELAND:PREPROCESSING:PREPROCESS_CONFIG,1722109029000,1722109029000,1,72.2,,6442450944.0,,,0.0,0.0,0.0,801.043472,
1545,NFCORE_RANGELAND:RANGELAND:PREPROCESSING:PREPROCESS_CONFIG,1722109029000,1722109029000,1,66.5,,6442450944.0,,,0.0,0.0,0.0,801.043472,
1546,NFCORE_RANGELAND:RANGELAND:PREPROCESSING:PREPROCESS_CONFIG,1722109029000,1722109029000,1,73.8,,6442450944.0,,,0.0,0.0,0.0,801.043472,
1547,NFCORE_RANGELAND:RANGELAND:PREPROCESSING:PREPROCESS_CONFIG,1722109029000,1722109029000,1,65.2,,6442450944.0,,,0.0,0.0,0.0,801.043472,
1548,NFCORE_RANGELAND:RANGELAND:PREPROCESSING:PREPROCESS_CONFIG,1722109029000,1722109030000,1,74.4,,6442450944.0,,,0.0008078857183233335,0.0008078857183233335,0.0,801.043472,
1549,NFCORE_RANGELAND:RANGELAND:PREPROCESSING:PREPROCESS_CONFIG,1722109029000,1722109030000,1,71.8,,6442450944.0,,,0.0007979422099469444,0.0007979422099469444,0.0,801.043472,
1550,NFCORE_RANGELAND:RANGELAND:PREPROCESSING:PREPROCESS_CONFIG,1722109029000,1722109030000,1,65.5,,6442450944.0,,,0.0007738483242656945,0.0007738483242656945,0.0,801.043472,
1551,NFCORE_RANGELAND:RANGELAND:PREPROCESSING:PREPROCESS_CONFIG,1722109074000,1722109075000,1,99.1,,6442450944.0,,,0.0009023490478990279,0.0009023490478990279,0.0,801.043472,
1552,NFCORE_RANGELAND:RANGELAND:PREPROCESSING:PREPROCESS_CONFIG,1722109030000,1722109030000,1,78.2,,6442450944.0,,,0.0,0.0,0.0,801.043472,
1553,NFCORE_RANGELAND:RANGELAND:PREPROCESSING:PREPROCESS_CONFIG,1722109030000,1722109030000,1,71.5,,6442450944.0,,,0.0,0.0,0.0,801.043472,
1554,NFCORE_RANGELAND:RANGELAND:PREPROCESSING:PREPROCESS_CONFIG,1722109030000,1722109030000,1,73.9,,6442450944.0,,,0.0,0.0,0.0,801.043472,
1555,NFCORE_RANGELAND:RANGELAND:PREPROCESSING:PREPROCESS_CONFIG,1722109075000,1722109075000,1,100.0,,6442450944.0,,,0.0,0.0,0.0,801.043472,
1556,NFCORE_RANGELAND:RANGELAND:PREPROCESSING:PREPROCESS_CONFIG,1722109030000,1722109031000,1,81.1,,6442450944.0,,,0.000833509374524028,0.000833509374524028,0.0,801.043472,
1557,NFCORE_RANGELAND:RANGELAND:PREPROCESSING:PREPROCESS_CONFIG,1722109030000,1722109031000,1,76.7,,6442450944.0,,,0.000816681898810139,0.000816681898810139,0.0,801.043472,
1558,NFCORE_RANGELAND:RANGELAND:PREPROCESSING:PREPROCESS_CONFIG,1722109030000,1722109031000,1,70.5,,6442450944.0,,,0.0007929704557587502,0.0007929704557587502,0.0,801.043472,
1559,NFCORE_RANGELAND:RANGELAND:PREPROCESSING:PREPROCESS_CONFIG,1722109031000,1722109031000,1,68.5,,6442450944.0,,,0.0,0.0,0.0,801.043472,
1560,NFCORE_RANGELAND:RANGELAND:PREPROCESSING:PREPROCESS_CONFIG,1722109031000,1722109031000,1,65.8,,6442450944.0,,,0.0,0.0,0.0,801.043472,
1561,NFCORE_RANGELAND:RANGELAND:PREPROCESSING:PREPROCESS_CONFIG,1722109076000,1722109076000,1,92.0,,6442450944.0,,,0.0,0.0,0.0,801.043472,
1562,NFCORE_RANGELAND:RANGELAND:PREPROCESSING:PREPROCESS_CONFIG,1722109031000,1722109031000,1,90.6,,6442450944.0,,,0.0,0.0,0.0,801.043472,
1563,NFCORE_RANGELAND:RANGELAND:PREPROCESSING:PREPROCESS_CONFIG,1722109031000,1722109032000,1,86.7,,6442450944.0,,,0.00085492616179625,0.00085492616179625,0.0,801.043472,
1564,NFCORE_RANGELAND:RANGELAND:PREPROCESSING:PREPROCESS_CONFIG,1722109032000,1722109032000,1,68.5,,6442450944.0,,,0.0,0.0,0.0,801.043472,
1565,NFCORE_RANGELAND:RANGELAND:PREPROCESSING:PREPROCESS_CONFIG,1722109031000,1722109032000,1,77.5,,6442450944.0,,,0.0008197414398490278,0.0008197414398490278,0.0,801.043472,
1566,NFCORE_RANGELAND:RANGELAND:PREPROCESSING:PREPROCESS_CONFIG,1722109031000,1722109032000,1,67.4,,6442450944.0,,,0.0007811147342330556,0.0007811147342330556,0.0,801.043472,
1567,NFCORE_RANGELAND:RANGELAND:PREPROCESSING:PREPROCESS_CONFIG,1722109031000,1722109032000,1,76.4,,6442450944.0,,,0.0008155345709205555,0.0008155345709205555,0.0,801.043472,
1568,NFCORE_RANGELAND:RANGELAND:PREPROCESSING:PREPROCESS_CONFIG,1722109032000,1722109032000,1,67.8,,6442450944.0,,,0.0,0.0,0.0,801.043472,
1569,NFCORE_RANGELAND:RANGELAND:PREPROCESSING:PREPROCESS_CONFIG,1722109032000,1722109033000,1,69.3,,6442450944.0,,,0.0007883811442004167,0.0007883811442004167,0.0,801.043472,
1570,NFCORE_RANGELAND:RANGELAND:PREPROCESSING:PREPROCESS_CONFIG,1722109032000,1722109032000,1,79.9,,6442450944.0,,,0.0,0.0,0.0,801.043472,
1571,NFCORE_RANGELAND:RANGELAND:PREPROCESSING:PREPROCESS_CONFIG,1722109032000,1722109033000,1,74.4,,6442450944.0,,,0.0008078857183233335,0.0008078857183233335,0.0,801.043472,
1572,NFCORE_RANGELAND:RANGELAND:PREPROCESSING:PREPROCESS_CONFIG,1722109032000,1722109033000,1,72.9,,6442450944.0,,,0.0008021490788754168,0.0008021490788754168,0.0,801.043472,
1573,NFCORE_RANGELAND:RANGELAND:PREPROCESSING:PREPROCESS_CONFIG,1722109032000,1722109033000,1,76.0,,6442450944.0,,,0.0008140048004011113,0.0008140048004011113,0.0,801.043472,
1574,NFCORE_RANGELAND:RANGELAND:PREPROCESSING:PREPROCESS_CONFIG,1722109032000,1722109033000,1,58.4,,6442450944.0,,,0.0007466948975455556,0.0007466948975455556,0.0,801.043472,
1575,NFCORE_RANGELAND:RANGELAND:PREPROCESSING:PREPROCESS_CONFIG,1722109033000,1722109033000,1,74.6,,6442450944.0,,,0.0,0.0,0.0,801.043472,
1576,NFCORE_RANGELAND:RANGELAND:PREPROCESSING:PREPROCESS_CONFIG,1722109033000,1722109033000,1,70.3,,6442450944.0,,,0.0,0.0,0.0,801.043472,
1577,NFCORE_RANGELAND:RANGELAND:PREPROCESSING:PREPROCESS_CONFIG,1722109033000,1722109033000,1,70.5,,6442450944.0,,,0.0,0.0,0.0,801.043472,
1578,NFCORE_RANGELAND:RANGELAND:PREPROCESSING:PREPROCESS_CONFIG,1722109078000,1722109078000,1,95.7,,6442450944.0,,,0.0,0.0,0.0,801.043472,
1579,NFCORE_RANGELAND:RANGELAND:PREPROCESSING:PREPROCESS_CONFIG,1722109033000,1722109034000,1,70.8,,6442450944.0,,,0.0007941177836483335,0.0007941177836483335,0.0,801.043472,
1581,NFCORE_RANGELAND:RANGELAND:PREPROCESSING:PREPROCESS_CONFIG,1722109033000,1722109034000,1,77.1,,6442450944.0,,,0.0008182116693295834,0.0008182116693295834,0.0,801.043472,
1580,NFCORE_RANGELAND:RANGELAND:PREPROCESSING:PREPROCESS_CONFIG,1722109033000,1722109034000,1,71.1,,6442450944.0,,,0.0007952651115379168,0.0007952651115379168,0.0,801.043472,
1582,NFCORE_RANGELAND:RANGELAND:PREPROCESSING:PREPROCESS_CONFIG,1722109034000,1722109034000,1,74.1,,6442450944.0,,,0.0,0.0,0.0,801.043472,
1583,NFCORE_RANGELAND:RANGELAND:PREPROCESSING:PREPROCESS_CONFIG,1722109034000,1722109034000,1,77.4,,6442450944.0,,,0.0,0.0,0.0,801.043472,
1585,NFCORE_RANGELAND:RANGELAND:PREPROCESSING:PREPROCESS_CONFIG,1722109034000,1722109034000,1,62.6,,6442450944.0,,,0.0,0.0,0.0,801.043472,
1584,NFCORE_RANGELAND:RANGELAND:PREPROCESSING:PREPROCESS_CONFIG,1722109034000,1722109034000,1,68.4,,6442450944.0,,,0.0,0.0,0.0,801.043472,
1586,NFCORE_RANGELAND:RANGELAND:PREPROCESSING:PREPROCESS_CONFIG,1722109079000,1722109079000,1,91.1,,6442450944.0,,,0.0,0.0,0.0,801.043472,
1587,NFCORE_RANGELAND:RANGELAND:PREPROCESSING:PREPROCESS_CONFIG,1722109079000,1722109079000,1,100.9,,6442450944.0,,,0.0,0.0,0.0,801.043472,
1589,NFCORE_RANGELAND:RANGELAND:PREPROCESSING:PREPROCESS_CONFIG,1722109034000,1722109034000,1,74.4,,6442450944.0,,,0.0,0.0,0.0,801.043472,
1588,NFCORE_RANGELAND:RANGELAND:PREPROCESSING:PREPROCESS_CONFIG,1722109034000,1722109035000,1,86.3,,6442450944.0,,,0.0008533963912768056,0.0008533963912768056,0.0,801.043472,
1591,NFCORE_RANGELAND:RANGELAND:PREPROCESSING:PREPROCESS_CONFIG,1722109034000,1722109035000,1,72.9,,6442450944.0,,,0.0008021490788754168,0.0008021490788754168,0.0,801.043472,
1590,NFCORE_RANGELAND:RANGELAND:PREPROCESSING:PREPROCESS_CONFIG,1722109035000,1722109035000,1,67.9,,6442450944.0,,,0.0,0.0,0.0,801.043472,
1592,NFCORE_RANGELAND:RANGELAND:PREPROCESSING:PREPROCESS_CONFIG,1722109035000,1722109035000,1,81.3,,6442450944.0,,,0.0,0.0,0.0,801.043472,
1593,NFCORE_RANGELAND:RANGELAND:PREPROCESSING:PREPROCESS_CONFIG,1722109035000,1722109035000,1,80.5,,6442450944.0,,,0.0,0.0,0.0,801.043472,
1594,NFCORE_RANGELAND:RANGELAND:PREPROCESSING:PREPROCESS_CONFIG,1722109035000,1722109035000,1,70.2,,6442450944.0,,,0.0,0.0,0.0,801.043472,
1624,NFCORE_RANGELAND:RANGELAND:PREPROCESSING:PREPROCESS_CONFIG,1722109035000,1722109035000,1,68.8,,6442450944.0,,,0.0,0.0,0.0,801.043472,
1595,NFCORE_RANGELAND:RANGELAND:PREPROCESSING:PREPROCESS_CONFIG,1722109035000,1722109036000,1,66.5,,6442450944.0,,,0.0007776727505643057,0.0007776727505643057,0.0,801.043472,
1626,NFCORE_RANGELAND:RANGELAND:PREPROCESSING:PREPROCESS_CONFIG,1722109035000,1722109036000,1,80.4,,6442450944.0,,,0.0008308322761150001,0.0008308322761150001,0.0,801.043472,
1627,NFCORE_RANGELAND:RANGELAND:PREPROCESSING:PREPROCESS_CONFIG,1722109035000,1722109036000,1,74.2,,6442450944.0,,,0.0008071208330636112,0.0008071208330636112,0.0,801.043472,
1596,NFCORE_RANGELAND:RANGELAND:PREPROCESSING:PREPROCESS_CONFIG,1722109036000,1722109036000,1,72.2,,6442450944.0,,,0.0,0.0,0.0,801.043472,
1597,NFCORE_RANGELAND:RANGELAND:PREPROCESSING:PREPROCESS_CONFIG,1722109036000,1722109036000,1,68.8,,6442450944.0,,,0.0,0.0,0.0,801.043472,
1598,NFCORE_RANGELAND:RANGELAND:PREPROCESSING:PREPROCESS_CONFIG,1722109036000,1722109036000,1,72.4,,6442450944.0,,,0.0,0.0,0.0,801.043472,
1599,NFCORE_RANGELAND:RANGELAND:PREPROCESSING:PREPROCESS_CONFIG,1722109036000,1722109036000,1,67.9,,6442450944.0,,,0.0,0.0,0.0,801.043472,
1600,NFCORE_RANGELAND:RANGELAND:PREPROCESSING:PREPROCESS_CONFIG,1722109081000,1722109081000,1,97.0,,6442450944.0,,,0.0,0.0,0.0,801.043472,
1601,NFCORE_RANGELAND:RANGELAND:PREPROCESSING:PREPROCESS_CONFIG,1722109036000,1722109037000,1,73.4,,6442450944.0,,,0.0008040612920247223,0.0008040612920247223,0.0,801.043472,
1602,NFCORE_RANGELAND:RANGELAND:PREPROCESSING:PREPROCESS_CONFIG,1722109036000,1722109037000,1,68.4,,6442450944.0,,,0.0007849391605316668,0.0007849391605316668,0.0,801.043472,
1634,NFCORE_RANGELAND:RANGELAND:PREPROCESSING:PREPROCESS_CONFIG,1722109036000,1722109037000,1,71.4,,6442450944.0,,,0.0007964124394275001,0.0007964124394275001,0.0,801.043472,
1603,NFCORE_RANGELAND:RANGELAND:PREPROCESSING:PREPROCESS_CONFIG,1722109037000,1722109037000,1,77.0,,6442450944.0,,,0.0,0.0,0.0,801.043472,
1604,NFCORE_RANGELAND:RANGELAND:PREPROCESSING:PREPROCESS_CONFIG,1722109082000,1722109082000,1,99.4,,6442450944.0,,,0.0,0.0,0.0,801.043472,
1605,NFCORE_RANGELAND:RANGELAND:PREPROCESSING:PREPROCESS_CONFIG,1722109037000,1722109037000,1,70.0,,6442450944.0,,,0.0,0.0,0.0,801.043472,
1606,NFCORE_RANGELAND:RANGELAND:PREPROCESSING:PREPROCESS_CONFIG,1722109037000,1722109037000,1,80.4,,6442450944.0,,,0.0,0.0,0.0,801.043472,
1607,NFCORE_RANGELAND:RANGELAND:PREPROCESSING:PREPROCESS_CONFIG,1722109037000,1722109037000,1,69.9,,6442450944.0,,,0.0,0.0,0.0,801.043472,
1608,NFCORE_RANGELAND:RANGELAND:PREPROCESSING:PREPROCESS_CONFIG,1722109037000,1722109037000,1,76.0,,6442450944.0,,,0.0,0.0,0.0,801.043472,
1609,NFCORE_RANGELAND:RANGELAND:PREPROCESSING:PREPROCESS_CONFIG,1722109037000,1722109037000,1,71.9,,6442450944.0,,,0.0,0.0,0.0,801.043472,
1610,NFCORE_RANGELAND:RANGELAND:PREPROCESSING:PREPROCESS_CONFIG,1722109037000,1722109038000,1,69.4,,6442450944.0,,,0.0007887635868302779,0.0007887635868302779,0.0,801.043472,
1611,NFCORE_RANGELAND:RANGELAND:PREPROCESSING:PREPROCESS_CONFIG,1722109038000,1722109038000,1,74.1,,6442450944.0,,,0.0,0.0,0.0,801.043472,
1612,NFCORE_RANGELAND:RANGELAND:PREPROCESSING:PREPROCESS_CONFIG,1722109038000,1722109038000,1,71.1,,6442450944.0,,,0.0,0.0,0.0,801.043472,
1613,NFCORE_RANGELAND:RANGELAND:PREPROCESSING:PREPROCESS_CONFIG,1722109038000,1722109038000,1,74.2,,6442450944.0,,,0.0,0.0,0.0,801.043472,
1614,NFCORE_RANGELAND:RANGELAND:PREPROCESSING:PREPROCESS_CONFIG,1722109083000,1722109083000,1,98.5,,6442450944.0,,,0.0,0.0,0.0,801.043472,
1615,NFCORE_RANGELAND:RANGELAND:PREPROCESSING:PREPROCESS_CONFIG,1722109038000,1722109038000,1,78.0,,6442450944.0,,,0.0,0.0,0.0,801.043472,
1616,NFCORE_RANGELAND:RANGELAND:PREPROCESSING:PREPROCESS_CONFIG,1722109038000,1722109039000,1,62.7,,6442450944.0,,,0.0007631399306295834,0.0007631399306295834,0.0,801.043472,
1617,NFCORE_RANGELAND:RANGELAND:PREPROCESSING:PREPROCESS_CONFIG,1722109038000,1722109038000,1,80.5,,6442450944.0,,,0.0,0.0,0.0,801.043472,
1618,NFCORE_RANGELAND:RANGELAND:PREPROCESSING:PREPROCESS_CONFIG,1722109038000,1722109038000,1,78.0,,6442450944.0,,,0.0,0.0,0.0,801.043472,
1619,NFCORE_RANGELAND:RANGELAND:PREPROCESSING:PREPROCESS_CONFIG,1722109038000,1722109039000,1,78.2,,6442450944.0,,,0.0008224185382580555,0.0008224185382580555,0.0,801.043472,
1620,NFCORE_RANGELAND:RANGELAND:PREPROCESSING:PREPROCESS_CONFIG,1722109038000,1722109039000,1,77.7,,6442450944.0,,,0.0008205063251087502,0.0008205063251087502,0.0,801.043472,
1621,NFCORE_RANGELAND:RANGELAND:PREPROCESSING:PREPROCESS_CONFIG,1722109038000,1722109039000,1,69.1,,6442450944.0,,,0.0007876162589406945,0.0007876162589406945,0.0,801.043472,
1622,NFCORE_RANGELAND:RANGELAND:PREPROCESSING:PREPROCESS_CONFIG,1722109039000,1722109039000,1,73.2,,6442450944.0,,,0.0,0.0,0.0,801.043472,
1623,NFCORE_RANGELAND:RANGELAND:PREPROCESSING:PREPROCESS_CONFIG,1722109084000,1722109084000,1,91.1,,6442450944.0,,,0.0,0.0,0.0,801.043472,
1625,NFCORE_RANGELAND:RANGELAND:PREPROCESSING:PREPROCESS_CONFIG,1722109039000,1722109039000,1,72.1,,6442450944.0,,,0.0,0.0,0.0,801.043472,
1628,NFCORE_RANGELAND:RANGELAND:PREPROCESSING:PREPROCESS_CONFIG,1722109039000,1722109039000,1,65.5,,6442450944.0,,,0.0,0.0,0.0,801.043472,
1629,NFCORE_RANGELAND:RANGELAND:PREPROCESSING:PREPROCESS_CONFIG,1722109039000,1722109039000,1,81.0,,6442450944.0,,,0.0,0.0,0.0,801.043472,
1659,NFCORE_RANGELAND:RANGELAND:PREPROCESSING:PREPROCESS_CONFIG,1722109039000,1722109040000,1,81.9,,6442450944.0,,,0.0008365689155629168,0.0008365689155629168,0.0,801.043472,
1630,NFCORE_RANGELAND:RANGELAND:PREPROCESSING:PREPROCESS_CONFIG,1722109039000,1722109040000,1,72.4,,6442450944.0,,,0.0008002368657261112,0.0008002368657261112,0.0,801.043472,
1631,NFCORE_RANGELAND:RANGELAND:PREPROCESSING:PREPROCESS_CONFIG,1722109039000,1722109040000,1,70.2,,6442450944.0,,,0.0007918231278691667,0.0007918231278691667,0.0,801.043472,
1632,NFCORE_RANGELAND:RANGELAND:PREPROCESSING:PREPROCESS_CONFIG,1722109039000,1722109040000,1,71.1,,6442450944.0,,,0.0007952651115379168,0.0007952651115379168,0.0,801.043472,
1633,NFCORE_RANGELAND:RANGELAND:PREPROCESSING:PREPROCESS_CONFIG,1722109040000,1722109040000,1,76.8,,6442450944.0,,,0.0,0.0,0.0,801.043472,
1635,NFCORE_RANGELAND:RANGELAND:PREPROCESSING:PREPROCESS_CONFIG,1722109039000,1722109040000,1,78.7,,6442450944.0,,,0.0008243307514073611,0.0008243307514073611,0.0,801.043472,
1636,NFCORE_RANGELAND:RANGELAND:PREPROCESSING:PREPROCESS_CONFIG,1722109085000,1722109085000,1,95.2,,6442450944.0,,,0.0,0.0,0.0,801.043472,
1637,NFCORE_RANGELAND:RANGELAND:PREPROCESSING:PREPROCESS_CONFIG,1722109040000,1722109040000,1,70.5,,6442450944.0,,,0.0,0.0,0.0,801.043472,
1638,NFCORE_RANGELAND:RANGELAND:PREPROCESSING:PREPROCESS_CONFIG,1722109040000,1722109040000,1,83.2,,6442450944.0,,,0.0,0.0,0.0,801.043472,
1639,NFCORE_RANGELAND:RANGELAND:PREPROCESSING:PREPROCESS_CONFIG,1722109040000,1722109040000,1,65.7,,6442450944.0,,,0.0,0.0,0.0,801.043472,
1669,NFCORE_RANGELAND:RANGELAND:PREPROCESSING:PREPROCESS_CONFIG,1722109040000,1722109041000,1,68.4,,6442450944.0,,,0.0007849391605316668,0.0007849391605316668,0.0,801.043472,
1640,NFCORE_RANGELAND:RANGELAND:PREPROCESSING:PREPROCESS_CONFIG,1722109040000,1722109041000,1,69.9,,6442450944.0,,,0.0007906757999795835,0.0007906757999795835,0.0,801.043472,
1641,NFCORE_RANGELAND:RANGELAND:PREPROCESSING:PREPROCESS_CONFIG,1722109041000,1722109041000,1,83.3,,6442450944.0,,,0.0,0.0,0.0,801.043472,
1642,NFCORE_RANGELAND:RANGELAND:PREPROCESSING:PREPROCESS_CONFIG,1722109041000,1722109041000,1,77.7,,6442450944.0,,,0.0,0.0,0.0,801.043472,
1643,NFCORE_RANGELAND:RANGELAND:PREPROCESSING:PREPROCESS_CONFIG,1722109086000,1722109086000,1,109.0,,6442450944.0,,,0.0,0.0,0.0,801.043472,
1644,NFCORE_RANGELAND:RANGELAND:PREPROCESSING:PREPROCESS_CONFIG,1722109041000,1722109041000,1,76.0,,6442450944.0,,,0.0,0.0,0.0,801.043472,
1645,NFCORE_RANGELAND:RANGELAND:PREPROCESSING:PREPROCESS_CONFIG,1722109041000,1722109041000,1,77.3,,6442450944.0,,,0.0,0.0,0.0,801.043472,
1646,NFCORE_RANGELAND:RANGELAND:PREPROCESSING:PREPROCESS_CONFIG,1722109041000,1722109041000,1,82.4,,6442450944.0,,,0.0,0.0,0.0,801.043472,
1647,NFCORE_RANGELAND:RANGELAND:PREPROCESSING:PREPROCESS_CONFIG,1722109041000,1722109041000,1,77.3,,6442450944.0,,,0.0,0.0,0.0,801.043472,
1648,NFCORE_RANGELAND:RANGELAND:PREPROCESSING:PREPROCESS_CONFIG,1722109041000,1722109042000,1,76.2,,6442450944.0,,,0.0008147696856608335,0.0008147696856608335,0.0,801.043472,
1649,NFCORE_RANGELAND:RANGELAND:PREPROCESSING:PREPROCESS_CONFIG,1722109041000,1722109042000,1,81.5,,6442450944.0,,,0.0008350391450434722,0.0008350391450434722,0.0,801.043472,
1650,NFCORE_RANGELAND:RANGELAND:PREPROCESSING:PREPROCESS_CONFIG,1722109041000,1722109042000,1,70.2,,6442450944.0,,,0.0007918231278691667,0.0007918231278691667,0.0,801.043472,
1651,NFCORE_RANGELAND:RANGELAND:PREPROCESSING:PREPROCESS_CONFIG,1722109041000,1722109042000,1,68.4,,6442450944.0,,,0.0007849391605316668,0.0007849391605316668,0.0,801.043472,
1652,NFCORE_RANGELAND:RANGELAND:PREPROCESSING:PREPROCESS_CONFIG,1722109042000,1722109042000,1,66.7,,6442450944.0,,,0.0,0.0,0.0,801.043472,
1653,NFCORE_RANGELAND:RANGELAND:PREPROCESSING:PREPROCESS_CONFIG,1722109041000,1722109042000,1,72.7,,6442450944.0,,,0.0008013841936156946,0.0008013841936156946,0.0,801.043472,
1654,NFCORE_RANGELAND:RANGELAND:PREPROCESSING:PREPROCESS_CONFIG,1722109042000,1722109042000,1,61.3,,6442450944.0,,,0.0,0.0,0.0,801.043472,
1655,NFCORE_RANGELAND:RANGELAND:PREPROCESSING:PREPROCESS_CONFIG,1722109042000,1722109042000,1,76.0,,6442450944.0,,,0.0,0.0,0.0,801.043472,
1656,NFCORE_RANGELAND:RANGELAND:PREPROCESSING:PREPROCESS_CONFIG,1722109087000,1722109087000,1,109.0,,6442450944.0,,,0.0,0.0,0.0,801.043472,
1657,NFCORE_RANGELAND:RANGELAND:PREPROCESSING:PREPROCESS_CONFIG,1722109042000,1722109042000,1,69.3,,6442450944.0,,,0.0,0.0,0.0,801.043472,
1658,NFCORE_RANGELAND:RANGELAND:PREPROCESSING:PREPROCESS_CONFIG,1722109042000,1722109042000,1,77.3,,6442450944.0,,,0.0,0.0,0.0,801.043472,
1660,NFCORE_RANGELAND:RANGELAND:PREPROCESSING:PREPROCESS_CONFIG,1722109087000,1722109087000,1,101.4,,6442450944.0,,,0.0,0.0,0.0,801.043472,
1661,NFCORE_RANGELAND:RANGELAND:PREPROCESSING:PREPROCESS_CONFIG,1722109042000,1722109042000,1,70.0,,6442450944.0,,,0.0,0.0,0.0,801.043472,
1662,NFCORE_RANGELAND:RANGELAND:PREPROCESSING:PREPROCESS_CONFIG,1722109042000,1722109042000,1,78.0,,6442450944.0,,,0.0,0.0,0.0,801.043472,
1663,NFCORE_RANGELAND:RANGELAND:PREPROCESSING:PREPROCESS_CONFIG,1722109042000,1722109042000,1,81.7,,6442450944.0,,,0.0,0.0,0.0,801.043472,
1664,NFCORE_RANGELAND:RANGELAND:PREPROCESSING:PREPROCESS_CONFIG,1722109042000,1722109042000,1,71.0,,6442450944.0,,,0.0,0.0,0.0,801.043472,
1665,NFCORE_RANGELAND:RANGELAND:PREPROCESSING:PREPROCESS_CONFIG,1722109042000,1722109043000,1,67.1,,6442450944.0,,,0.0007799674063434723,0.0007799674063434723,0.0,801.043472,
1666,NFCORE_RANGELAND:RANGELAND:PREPROCESSING:PREPROCESS_CONFIG,1722109042000,1722109043000,1,77.5,,6442450944.0,,,0.0008197414398490278,0.0008197414398490278,0.0,801.043472,
1667,NFCORE_RANGELAND:RANGELAND:PREPROCESSING:PREPROCESS_CONFIG,1722109042000,1722109043000,1,80.7,,6442450944.0,,,0.0008319796040045834,0.0008319796040045834,0.0,801.043472,
1668,NFCORE_RANGELAND:RANGELAND:PREPROCESSING:PREPROCESS_CONFIG,1722109043000,1722109043000,1,71.7,,6442450944.0,,,0.0,0.0,0.0,801.043472,
1670,NFCORE_RANGELAND:RANGELAND:PREPROCESSING:PREPROCESS_CONFIG,1722109043000,1722109043000,1,77.1,,6442450944.0,,,0.0,0.0,0.0,801.043472,
1671,NFCORE_RANGELAND:RANGELAND:PREPROCESSING:PREPROCESS_CONFIG,1722109043000,1722109043000,1,70.3,,6442450944.0,,,0.0,0.0,0.0,801.043472,
1672,NFCORE_RANGELAND:RANGELAND:PREPROCESSING:PREPROCESS_CONFIG,1722109088000,1722109088000,1,100.0,,6442450944.0,,,0.0,0.0,0.0,801.043472,
1673,NFCORE_RANGELAND:RANGELAND:PREPROCESSING:PREPROCESS_CONFIG,1722109043000,1722109043000,1,82.1,,6442450944.0,,,0.0,0.0,0.0,801.043472,
1674,NFCORE_RANGELAND:RANGELAND:PREPROCESSING:PREPROCESS_CONFIG,1722109043000,1722109044000,1,70.6,,6442450944.0,,,0.0007933528983886111,0.0007933528983886111,0.0,801.043472,
1675,NFCORE_RANGELAND:RANGELAND:PREPROCESSING:PREPROCESS_CONFIG,1722109043000,1722109043000,1,77.7,,6442450944.0,,,0.0,0.0,0.0,801.043472,
1676,NFCORE_RANGELAND:RANGELAND:PREPROCESSING:PREPROCESS_CONFIG,1722109043000,1722109044000,1,60.3,,6442450944.0,,,0.0007539613075129168,0.0007539613075129168,0.0,801.043472,
1677,NFCORE_RANGELAND:RANGELAND:PREPROCESSING:PREPROCESS_CONFIG,1722109043000,1722109044000,1,71.0,,6442450944.0,,,0.0007948826689080556,0.0007948826689080556,0.0,801.043472,
1678,NFCORE_RANGELAND:RANGELAND:PREPROCESSING:PREPROCESS_CONFIG,1722109043000,1722109044000,1,69.1,,6442450944.0,,,0.0007876162589406945,0.0007876162589406945,0.0,801.043472,
1679,NFCORE_RANGELAND:RANGELAND:PREPROCESSING:PREPROCESS_CONFIG,1722109043000,1722109044000,1,73.8,,6442450944.0,,,0.0008055910625441667,0.0008055910625441667,0.0,801.043472,
1680,NFCORE_RANGELAND:RANGELAND:PREPROCESSING:PREPROCESS_CONFIG,1722109044000,1722109044000,1,69.4,,6442450944.0,,,0.0,0.0,0.0,801.043472,
1681,NFCORE_RANGELAND:RANGELAND:PREPROCESSING:PREPROCESS_CONFIG,1722109044000,1722109044000,1,79.8,,6442450944.0,,,0.0,0.0,0.0,801.043472,
1682,NFCORE_RANGELAND:RANGELAND:PREPROCESSING:PREPROCESS_CONFIG,1722109044000,1722109044000,1,72.9,,6442450944.0,,,0.0,0.0,0.0,801.043472,
1683,NFCORE_RANGELAND:RANGELAND:PREPROCESSING:PREPROCESS_CONFIG,1722109089000,1722109089000,1,98.8,,6442450944.0,,,0.0,0.0,0.0,801.043472,
1684,NFCORE_RANGELAND:RANGELAND:PREPROCESSING:PREPROCESS_CONFIG,1722109044000,1722109044000,1,70.6,,6442450944.0,,,0.0,0.0,0.0,801.043472,
1685,NFCORE_RANGELAND:RANGELAND:PREPROCESSING:PREPROCESS_CONFIG,1722109044000,1722109044000,1,81.1,,6442450944.0,,,0.0,0.0,0.0,801.043472,
1686,NFCORE_RANGELAND:RANGELAND:PREPROCESSING:PREPROCESS_CONFIG,1722109044000,1722109045000,1,79.6,,6442450944.0,,,0.0008277727350761113,0.0008277727350761113,0.0,801.043472,
1687,NFCORE_RANGELAND:RANGELAND:PREPROCESSING:PREPROCESS_CONFIG,1722109044000,1722109045000,1,18.8,,6442450944.0,,,0.0005952476161205556,0.0005952476161205556,0.0,801.043472,
1688,NFCORE_RANGELAND:RANGELAND:PREPROCESSING:PREPROCESS_CONFIG,1722109045000,1722109045000,1,68.1,,6442450944.0,,,0.0,0.0,0.0,801.043472,
1717,NFCORE_RANGELAND:RANGELAND:PREPROCESSING:PREPROCESS_CONFIG,1722109045000,1722109045000,1,71.6,,6442450944.0,,,0.0,0.0,0.0,801.043472,
1689,NFCORE_RANGELAND:RANGELAND:PREPROCESSING:PREPROCESS_CONFIG,1722109045000,1722109045000,1,70.5,,6442450944.0,,,0.0,0.0,0.0,801.043472,
1690,NFCORE_RANGELAND:RANGELAND:PREPROCESSING:PREPROCESS_CONFIG,1722109090000,1722109090000,1,92.3,,6442450944.0,,,0.0,0.0,0.0,801.043472,
1691,NFCORE_RANGELAND:RANGELAND:PREPROCESSING:PREPROCESS_CONFIG,1722109045000,1722109045000,1,79.3,,6442450944.0,,,0.0,0.0,0.0,801.043472,
1692,NFCORE_RANGELAND:RANGELAND:PREPROCESSING:PREPROCESS_CONFIG,1722109045000,1722109045000,1,72.4,,6442450944.0,,,0.0,0.0,0.0,801.043472,
1693,NFCORE_RANGELAND:RANGELAND:PREPROCESSING:PREPROCESS_CONFIG,1722109045000,1722109045000,1,77.5,,6442450944.0,,,0.0,0.0,0.0,801.043472,
1694,NFCORE_RANGELAND:RANGELAND:PREPROCESSING:PREPROCESS_CONFIG,1722109045000,1722109045000,1,78.0,,6442450944.0,,,0.0,0.0,0.0,801.043472,
1695,NFCORE_RANGELAND:RANGELAND:PREPROCESSING:PREPROCESS_CONFIG,1722109045000,1722109046000,1,68.7,,6442450944.0,,,0.00078608648842125,0.00078608648842125,0.0,801.043472,
1696,NFCORE_RANGELAND:RANGELAND:PREPROCESSING:PREPROCESS_CONFIG,1722109090000,1722109090000,1,90.6,,6442450944.0,,,0.0,0.0,0.0,801.043472,
1697,NFCORE_RANGELAND:RANGELAND:PREPROCESSING:PREPROCESS_CONFIG,1722109045000,1722109046000,1,73.8,,6442450944.0,,,0.0008055910625441667,0.0008055910625441667,0.0,801.043472,
1698,NFCORE_RANGELAND:RANGELAND:PREPROCESSING:PREPROCESS_CONFIG,1722109045000,1722109046000,1,71.0,,6442450944.0,,,0.0007948826689080556,0.0007948826689080556,0.0,801.043472,
1700,NFCORE_RANGELAND:RANGELAND:PREPROCESSING:PREPROCESS_CONFIG,1722109046000,1722109046000,1,69.7,,6442450944.0,,,0.0,0.0,0.0,801.043472,
1699,NFCORE_RANGELAND:RANGELAND:PREPROCESSING:PREPROCESS_CONFIG,1722109045000,1722109046000,1,71.6,,6442450944.0,,,0.0007971773246872224,0.0007971773246872224,0.0,801.043472,
1701,NFCORE_RANGELAND:RANGELAND:PREPROCESSING:PREPROCESS_CONFIG,1722109046000,1722109046000,1,66.2,,6442450944.0,,,0.0,0.0,0.0,801.043472,
1702,NFCORE_RANGELAND:RANGELAND:PREPROCESSING:PREPROCESS_CONFIG,1722109046000,1722109046000,1,75.1,,6442450944.0,,,0.0,0.0,0.0,801.043472,
1703,NFCORE_RANGELAND:RANGELAND:PREPROCESSING:PREPROCESS_CONFIG,1722109046000,1722109046000,1,67.9,,6442450944.0,,,0.0,0.0,0.0,801.043472,
1704,NFCORE_RANGELAND:RANGELAND:PREPROCESSING:PREPROCESS_CONFIG,1722109046000,1722109046000,1,75.1,,6442450944.0,,,0.0,0.0,0.0,801.043472,
1705,NFCORE_RANGELAND:RANGELAND:PREPROCESSING:PREPROCESS_CONFIG,1722109046000,1722109047000,1,71.1,,6442450944.0,,,0.0007952651115379168,0.0007952651115379168,0.0,801.043472,
1706,NFCORE_RANGELAND:RANGELAND:PREPROCESSING:PREPROCESS_CONFIG,1722109091000,1722109091000,1,89.2,,6442450944.0,,,0.0,0.0,0.0,801.043472,
1737,NFCORE_RANGELAND:RANGELAND:PREPROCESSING:PREPROCESS_CONFIG,1722109046000,1722109047000,1,70.3,,6442450944.0,,,0.0007922055704990277,0.0007922055704990277,0.0,801.043472,
1707,NFCORE_RANGELAND:RANGELAND:PREPROCESSING:PREPROCESS_CONFIG,1722109047000,1722109047000,1,87.1,,6442450944.0,,,0.0,0.0,0.0,801.043472,
1708,NFCORE_RANGELAND:RANGELAND:PREPROCESSING:PREPROCESS_CONFIG,1722109047000,1722109047000,1,75.7,,6442450944.0,,,0.0,0.0,0.0,801.043472,
1709,NFCORE_RANGELAND:RANGELAND:PREPROCESSING:PREPROCESS_CONFIG,1722109047000,1722109047000,1,71.4,,6442450944.0,,,0.0,0.0,0.0,801.043472,
1710,NFCORE_RANGELAND:RANGELAND:PREPROCESSING:PREPROCESS_CONFIG,1722109047000,1722109047000,1,86.1,,6442450944.0,,,0.0,0.0,0.0,801.043472,
1711,NFCORE_RANGELAND:RANGELAND:PREPROCESSING:PREPROCESS_CONFIG,1722109047000,1722109047000,1,76.6,,6442450944.0,,,0.0,0.0,0.0,801.043472,
1712,NFCORE_RANGELAND:RANGELAND:PREPROCESSING:PREPROCESS_CONFIG,1722109047000,1722109048000,1,64.3,,6442450944.0,,,0.0007692590127073612,0.0007692590127073612,0.0,801.043472,
1713,NFCORE_RANGELAND:RANGELAND:PREPROCESSING:PREPROCESS_CONFIG,1722109047000,1722109047000,1,81.1,,6442450944.0,,,0.0,0.0,0.0,801.043472,
1714,NFCORE_RANGELAND:RANGELAND:PREPROCESSING:PREPROCESS_CONFIG,1722109047000,1722109047000,1,71.7,,6442450944.0,,,0.0,0.0,0.0,801.043472,
1715,NFCORE_RANGELAND:RANGELAND:PREPROCESSING:PREPROCESS_CONFIG,1722109047000,1722109048000,1,68.1,,6442450944.0,,,0.0007837918326420834,0.0007837918326420834,0.0,801.043472,
1716,NFCORE_RANGELAND:RANGELAND:PREPROCESSING:PREPROCESS_CONFIG,1722109092000,1722109093000,1,112.1,,6442450944.0,,,0.0009520665897809724,0.0009520665897809724,0.0,801.043472,
1718,NFCORE_RANGELAND:RANGELAND:PREPROCESSING:PREPROCESS_CONFIG,1722109047000,1722109048000,1,64.3,,6442450944.0,,,0.0007692590127073612,0.0007692590127073612,0.0,801.043472,
1719,NFCORE_RANGELAND:RANGELAND:PREPROCESSING:PREPROCESS_CONFIG,1722109047000,1722109048000,1,83.1,,6442450944.0,,,0.00084115822712125,0.00084115822712125,0.0,801.043472,
1720,NFCORE_RANGELAND:RANGELAND:PREPROCESSING:PREPROCESS_CONFIG,1722109048000,1722109048000,1,91.4,,6442450944.0,,,0.0,0.0,0.0,801.043472,
1721,NFCORE_RANGELAND:RANGELAND:PREPROCESSING:PREPROCESS_CONFIG,1722109048000,1722109048000,1,74.6,,6442450944.0,,,0.0,0.0,0.0,801.043472,
1722,NFCORE_RANGELAND:RANGELAND:PREPROCESSING:PREPROCESS_CONFIG,1722109048000,1722109048000,1,85.2,,6442450944.0,,,0.0,0.0,0.0,801.043472,
1723,NFCORE_RANGELAND:RANGELAND:PREPROCESSING:PREPROCESS_CONFIG,1722109093000,1722109093000,1,100.0,,6442450944.0,,,0.0,0.0,0.0,801.043472,
1724,NFCORE_RANGELAND:RANGELAND:PREPROCESSING:PREPROCESS_CONFIG,1722109093000,1722109093000,1,106.3,,6442450944.0,,,0.0,0.0,0.0,801.043472,
1725,NFCORE_RANGELAND:RANGELAND:PREPROCESSING:PREPROCESS_CONFIG,1722109048000,1722109048000,1,77.4,,6442450944.0,,,0.0,0.0,0.0,801.043472,
1726,NFCORE_RANGELAND:RANGELAND:PREPROCESSING:PREPROCESS_CONFIG,1722109048000,1722109048000,1,71.9,,6442450944.0,,,0.0,0.0,0.0,801.043472,
1727,NFCORE_RANGELAND:RANGELAND:PREPROCESSING:PREPROCESS_CONFIG,1722109048000,1722109048000,1,68.8,,6442450944.0,,,0.0,0.0,0.0,801.043472,
1729,NFCORE_RANGELAND:RANGELAND:PREPROCESSING:PREPROCESS_CONFIG,1722109048000,1722109048000,1,74.8,,6442450944.0,,,0.0,0.0,0.0,801.043472,
1728,NFCORE_RANGELAND:RANGELAND:PREPROCESSING:PREPROCESS_CONFIG,1722109048000,1722109049000,1,67.6,,6442450944.0,,,0.0007818796194927779,0.0007818796194927779,0.0,801.043472,
1730,NFCORE_RANGELAND:RANGELAND:PREPROCESSING:PREPROCESS_CONFIG,1722109049000,1722109049000,1,72.5,,6442450944.0,,,0.0,0.0,0.0,801.043472,
1731,NFCORE_RANGELAND:RANGELAND:PREPROCESSING:PREPROCESS_CONFIG,1722109049000,1722109049000,1,78.9,,6442450944.0,,,0.0,0.0,0.0,801.043472,
1732,NFCORE_RANGELAND:RANGELAND:PREPROCESSING:PREPROCESS_CONFIG,1722109048000,1722109049000,1,83.6,,6442450944.0,,,0.0008430704402705557,0.0008430704402705557,0.0,801.043472,
1733,NFCORE_RANGELAND:RANGELAND:PREPROCESSING:PREPROCESS_CONFIG,1722109049000,1722109049000,1,80.7,,6442450944.0,,,0.0,0.0,0.0,801.043472,
1734,NFCORE_RANGELAND:RANGELAND:PREPROCESSING:PREPROCESS_CONFIG,1722109049000,1722109049000,1,78.0,,6442450944.0,,,0.0,0.0,0.0,801.043472,
1735,NFCORE_RANGELAND:RANGELAND:PREPROCESSING:PREPROCESS_CONFIG,1722109049000,1722109049000,1,72.6,,6442450944.0,,,0.0,0.0,0.0,801.043472,
1736,NFCORE_RANGELAND:RANGELAND:PREPROCESSING:PREPROCESS_CONFIG,1722109049000,1722109049000,1,64.6,,6442450944.0,,,0.0,0.0,0.0,801.043472,
1738,NFCORE_RANGELAND:RANGELAND:PREPROCESSING:PREPROCESS_CONFIG,1722109049000,1722109049000,1,80.7,,6442450944.0,,,0.0,0.0,0.0,801.043472,
1739,NFCORE_RANGELAND:RANGELAND:PREPROCESSING:PREPROCESS_CONFIG,1722109094000,1722109094000,1,88.9,,6442450944.0,,,0.0,0.0,0.0,801.043472,
1740,NFCORE_RANGELAND:RANGELAND:PREPROCESSING:PREPROCESS_CONFIG,1722109049000,1722109050000,1,67.4,,6442450944.0,,,0.0007811147342330556,0.0007811147342330556,0.0,801.043472,
1741,NFCORE_RANGELAND:RANGELAND:PREPROCESSING:PREPROCESS_CONFIG,1722109049000,1722109050000,1,80.5,,6442450944.0,,,0.0008312147187448611,0.0008312147187448611,0.0,801.043472,
1742,NFCORE_RANGELAND:RANGELAND:PREPROCESSING:PREPROCESS_CONFIG,1722109049000,1722109050000,1,72.3,,6442450944.0,,,0.00079985442309625,0.00079985442309625,0.0,801.043472,
1743,NFCORE_RANGELAND:RANGELAND:PREPROCESSING:PREPROCESS_CONFIG,1722109049000,1722109050000,1,67.7,,6442450944.0,,,0.0007822620621226389,0.0007822620621226389,0.0,801.043472,
1744,NFCORE_RANGELAND:RANGELAND:PREPROCESSING:PREPROCESS_CONFIG,1722109050000,1722109050000,1,65.5,,6442450944.0,,,0.0,0.0,0.0,801.043472,
1745,NFCORE_RANGELAND:RANGELAND:PREPROCESSING:PREPROCESS_CONFIG,1722109050000,1722109050000,1,69.7,,6442450944.0,,,0.0,0.0,0.0,801.043472,
1746,NFCORE_RANGELAND:RANGELAND:PREPROCESSING:PREPROCESS_CONFIG,1722109050000,1722109050000,1,70.0,,6442450944.0,,,0.0,0.0,0.0,801.043472,
1747,NFCORE_RANGELAND:RANGELAND:PREPROCESSING:PREPROCESS_CONFIG,1722109050000,1722109050000,1,69.3,,6442450944.0,,,0.0,0.0,0.0,801.043472,
1748,NFCORE_RANGELAND:RANGELAND:PREPROCESSING:PREPROCESS_CONFIG,1722109050000,1722109050000,1,66.7,,6442450944.0,,,0.0,0.0,0.0,801.043472,
1749,NFCORE_RANGELAND:RANGELAND:PREPROCESSING:PREPROCESS_CONFIG,1722109050000,1722109051000,1,71.3,,6442450944.0,,,0.0007960299967976389,0.0007960299967976389,0.0,801.043472,
1750,NFCORE_RANGELAND:RANGELAND:PREPROCESSING:PREPROCESS_CONFIG,1722109050000,1722109051000,1,76.0,,6442450944.0,,,0.0008140048004011113,0.0008140048004011113,0.0,801.043472,
1751,NFCORE_RANGELAND:RANGELAND:PREPROCESSING:PREPROCESS_CONFIG,1722109051000,1722109051000,1,82.6,,6442450944.0,,,0.0,0.0,0.0,801.043472,
1752,NFCORE_RANGELAND:RANGELAND:PREPROCESSING:PREPROCESS_CONFIG,1722109051000,1722109051000,1,75.4,,6442450944.0,,,0.0,0.0,0.0,801.043472,
1753,NFCORE_RANGELAND:RANGELAND:PREPROCESSING:PREPROCESS_CONFIG,1722109051000,1722109051000,1,78.6,,6442450944.0,,,0.0,0.0,0.0,801.043472,
1754,NFCORE_RANGELAND:RANGELAND:PREPROCESSING:PREPROCESS_CONFIG,1722109051000,1722109051000,1,65.0,,6442450944.0,,,0.0,0.0,0.0,801.043472,
1755,NFCORE_RANGELAND:RANGELAND:PREPROCESSING:PREPROCESS_CONFIG,1722109051000,1722109051000,1,67.1,,6442450944.0,,,0.0,0.0,0.0,801.043472,
1756,NFCORE_RANGELAND:RANGELAND:PREPROCESSING:PREPROCESS_CONFIG,1722109096000,1722109096000,1,102.4,,6442450944.0,,,0.0,0.0,0.0,801.043472,
1757,NFCORE_RANGELAND:RANGELAND:PREPROCESSING:PREPROCESS_CONFIG,1722109096000,1722109096000,1,97.7,,6442450944.0,,,0.0,0.0,0.0,801.043472,
1758,NFCORE_RANGELAND:RANGELAND:PREPROCESSING:PREPROCESS_CONFIG,1722109051000,1722109051000,1,74.1,,6442450944.0,,,0.0,0.0,0.0,801.043472,
1759,NFCORE_RANGELAND:RANGELAND:PREPROCESSING:PREPROCESS_CONFIG,1722109051000,1722109051000,1,66.7,,6442450944.0,,,0.0,0.0,0.0,801.043472,
1760,NFCORE_RANGELAND:RANGELAND:PREPROCESSING:PREPROCESS_CONFIG,1722109051000,1722109052000,1,73.9,,6442450944.0,,,0.0008059735051740279,0.0008059735051740279,0.0,801.043472,
1761,NFCORE_RANGELAND:RANGELAND:PREPROCESSING:PREPROCESS_CONFIG,1722109051000,1722109052000,1,68.5,,6442450944.0,,,0.000785321603161528,0.000785321603161528,0.0,801.043472,
1762,NFCORE_RANGELAND:RANGELAND:PREPROCESSING:PREPROCESS_CONFIG,1722109052000,1722109052000,1,55.3,,6442450944.0,,,0.0,0.0,0.0,801.043472,
1763,NFCORE_RANGELAND:RANGELAND:PREPROCESSING:PREPROCESS_CONFIG,1722109052000,1722109052000,1,73.3,,6442450944.0,,,0.0,0.0,0.0,801.043472,
1764,NFCORE_RANGELAND:RANGELAND:PREPROCESSING:PREPROCESS_CONFIG,1722109052000,1722109052000,1,81.2,,6442450944.0,,,0.0,0.0,0.0,801.043472,
1765,NFCORE_RANGELAND:RANGELAND:PREPROCESSING:PREPROCESS_CONFIG,1722109097000,1722109097000,1,111.6,,6442450944.0,,,0.0,0.0,0.0,801.043472,
1767,NFCORE_RANGELAND:RANGELAND:PREPROCESSING:PREPROCESS_CONFIG,1722109052000,1722109052000,1,86.1,,6442450944.0,,,0.0,0.0,0.0,801.043472,
1769,NFCORE_RANGELAND:RANGELAND:PREPROCESSING:PREPROCESS_CONFIG,1722109052000,1722109052000,1,76.4,,6442450944.0,,,0.0,0.0,0.0,801.043472,
1770,NFCORE_RANGELAND:RANGELAND:PREPROCESSING:PREPROCESS_CONFIG,1722109052000,1722109052000,1,72.9,,6442450944.0,,,0.0,0.0,0.0,801.043472,
1771,NFCORE_RANGELAND:RANGELAND:PREPROCESSING:PREPROCESS_CONFIG,1722109052000,1722109052000,1,80.0,,6442450944.0,,,0.0,0.0,0.0,801.043472,
1768,NFCORE_RANGELAND:RANGELAND:PREPROCESSING:PREPROCESS_CONFIG,1722109052000,1722109053000,1,77.7,,6442450944.0,,,0.0008205063251087502,0.0008205063251087502,0.0,801.043472,
1766,NFCORE_RANGELAND:RANGELAND:PREPROCESSING:PREPROCESS_CONFIG,1722109052000,1722109053000,1,78.2,,6442450944.0,,,0.0008224185382580555,0.0008224185382580555,0.0,801.043472,
1772,NFCORE_RANGELAND:RANGELAND:PREPROCESSING:PREPROCESS_CONFIG,1722109052000,1722109053000,1,68.2,,6442450944.0,,,0.0007841742752719447,0.0007841742752719447,0.0,801.043472,
1773,NFCORE_RANGELAND:RANGELAND:PREPROCESSING:PREPROCESS_CONFIG,1722109052000,1722109053000,1,73.6,,6442450944.0,,,0.0008048261772844444,0.0008048261772844444,0.0,801.043472,
1774,NFCORE_RANGELAND:RANGELAND:PREPROCESSING:PREPROCESS_CONFIG,1722109053000,1722109053000,1,74.2,,6442450944.0,,,0.0,0.0,0.0,801.043472,
1775,NFCORE_RANGELAND:RANGELAND:PREPROCESSING:PREPROCESS_CONFIG,1722109097000,1722109098000,1,106.0,,6442450944.0,,,0.0009287375893594444,0.0009287375893594444,0.0,801.043472,
1776,NFCORE_RANGELAND:RANGELAND:PREPROCESSING:PREPROCESS_CONFIG,1722109053000,1722109053000,1,72.7,,6442450944.0,,,0.0,0.0,0.0,801.043472,
1777,NFCORE_RANGELAND:RANGELAND:PREPROCESSING:PREPROCESS_CONFIG,1722109053000,1722109053000,1,70.8,,6442450944.0,,,0.0,0.0,0.0,801.043472,
1778,NFCORE_RANGELAND:RANGELAND:PREPROCESSING:PREPROCESS_CONFIG,1722109053000,1722109053000,1,70.5,,6442450944.0,,,0.0,0.0,0.0,801.043472,
1779,NFCORE_RANGELAND:RANGELAND:PREPROCESSING:PREPROCESS_CONFIG,1722109053000,1722109053000,1,85.4,,6442450944.0,,,0.0,0.0,0.0,801.043472,
1780,NFCORE_RANGELAND:RANGELAND:PREPROCESSING:PREPROCESS_CONFIG,1722109053000,1722109053000,1,64.4,,6442450944.0,,,0.0,0.0,0.0,801.043472,
1781,NFCORE_RANGELAND:RANGELAND:PREPROCESSING:PREPROCESS_CONFIG,1722109053000,1722109053000,1,67.2,,6442450944.0,,,0.0,0.0,0.0,801.043472,
1783,NFCORE_RANGELAND:RANGELAND:PREPROCESSING:PREPROCESS_CONFIG,1722109053000,1722109053000,1,71.3,,6442450944.0,,,0.0,0.0,0.0,801.043472,
1782,NFCORE_RANGELAND:RANGELAND:PREPROCESSING:PREPROCESS_CONFIG,1722109053000,1722109054000,1,67.6,,6442450944.0,,,0.0007818796194927779,0.0007818796194927779,0.0,801.043472,
1784,NFCORE_RANGELAND:RANGELAND:PREPROCESSING:PREPROCESS_CONFIG,1722109054000,1722109054000,1,70.0,,6442450944.0,,,0.0,0.0,0.0,801.043472,
1785,NFCORE_RANGELAND:RANGELAND:PREPROCESSING:PREPROCESS_CONFIG,1722109054000,1722109054000,1,66.8,,6442450944.0,,,0.0,0.0,0.0,801.043472,
1786,NFCORE_RANGELAND:RANGELAND:PREPROCESSING:PREPROCESS_CONFIG,1722109054000,1722109054000,1,74.6,,6442450944.0,,,0.0,0.0,0.0,801.043472,
1787,NFCORE_RANGELAND:RANGELAND:PREPROCESSING:PREPROCESS_CONFIG,1722109054000,1722109054000,1,69.4,,6442450944.0,,,0.0,0.0,0.0,801.043472,
1788,NFCORE_RANGELAND:RANGELAND:PREPROCESSING:PREPROCESS_CONFIG,1722109099000,1722109099000,1,104.7,,6442450944.0,,,0.0,0.0,0.0,801.043472,
1789,NFCORE_RANGELAND:RANGELAND:PREPROCESSING:PREPROCESS_CONFIG,1722109054000,1722109054000,1,72.6,,6442450944.0,,,0.0,0.0,0.0,801.043472,
1790,NFCORE_RANGELAND:RANGELAND:PREPROCESSING:PREPROCESS_CONFIG,1722109054000,1722109055000,1,82.1,,6442450944.0,,,0.0008373338008226389,0.0008373338008226389,0.0,801.043472,
1791,NFCORE_RANGELAND:RANGELAND:PREPROCESSING:PREPROCESS_CONFIG,1722109054000,1722109055000,1,80.9,,6442450944.0,,,0.0008327444892643057,0.0008327444892643057,0.0,801.043472,
1793,NFCORE_RANGELAND:RANGELAND:PREPROCESSING:PREPROCESS_CONFIG,1722109054000,1722109055000,1,89.6,,6442450944.0,,,0.0008660169980622223,0.0008660169980622223,0.0,801.043472,
1792,NFCORE_RANGELAND:RANGELAND:PREPROCESSING:PREPROCESS_CONFIG,1722109055000,1722109055000,1,75.7,,6442450944.0,,,0.0,0.0,0.0,801.043472,
1794,NFCORE_RANGELAND:RANGELAND:PREPROCESSING:PREPROCESS_CONFIG,1722109100000,1722109100000,1,98.8,,6442450944.0,,,0.0,0.0,0.0,801.043472,
1795,NFCORE_RANGELAND:RANGELAND:PREPROCESSING:PREPROCESS_CONFIG,1722109055000,1722109055000,1,70.5,,6442450944.0,,,0.0,0.0,0.0,801.043472,
1796,NFCORE_RANGELAND:RANGELAND:PREPROCESSING:PREPROCESS_CONFIG,1722109100000,1722109100000,1,107.1,,6442450944.0,,,0.0,0.0,0.0,801.043472,
1797,NFCORE_RANGELAND:RANGELAND:PREPROCESSING:PREPROCESS_CONFIG,1722109055000,1722109055000,1,71.5,,6442450944.0,,,0.0,0.0,0.0,801.043472,
1798,NFCORE_RANGELAND:RANGELAND:PREPROCESSING:PREPROCESS_CONFIG,1722109055000,1722109055000,1,71.6,,6442450944.0,,,0.0,0.0,0.0,801.043472,
1799,NFCORE_RANGELAND:RANGELAND:PREPROCESSING:PREPROCESS_CONFIG,1722109055000,1722109056000,1,69.3,,6442450944.0,,,0.0007883811442004167,0.0007883811442004167,0.0,801.043472,
1800,NFCORE_RANGELAND:RANGELAND:PREPROCESSING:PREPROCESS_CONFIG,1722109055000,1722109056000,1,71.3,,6442450944.0,,,0.0007960299967976389,0.0007960299967976389,0.0,801.043472,
1801,NFCORE_RANGELAND:RANGELAND:PREPROCESSING:PREPROCESS_CONFIG,1722109055000,1722109056000,1,80.9,,6442450944.0,,,0.0008327444892643057,0.0008327444892643057,0.0,801.043472,
1802,NFCORE_RANGELAND:RANGELAND:PREPROCESSING:PREPROCESS_CONFIG,1722109056000,1722109056000,1,72.7,,6442450944.0,,,0.0,0.0,0.0,801.043472,
1803,NFCORE_RANGELAND:RANGELAND:PREPROCESSING:PREPROCESS_CONFIG,1722109056000,1722109056000,1,82.2,,6442450944.0,,,0.0,0.0,0.0,801.043472,
1804,NFCORE_RANGELAND:RANGELAND:PREPROCESSING:PREPROCESS_CONFIG,1722109056000,1722109056000,1,67.0,,6442450944.0,,,0.0,0.0,0.0,801.043472,
1806,NFCORE_RANGELAND:RANGELAND:PREPROCESSING:PREPROCESS_CONFIG,1722109056000,1722109056000,1,77.1,,6442450944.0,,,0.0,0.0,0.0,801.043472,
1805,NFCORE_RANGELAND:RANGELAND:PREPROCESSING:PREPROCESS_CONFIG,1722109056000,1722109056000,1,74.9,,6442450944.0,,,0.0,0.0,0.0,801.043472,
1807,NFCORE_RANGELAND:RANGELAND:PREPROCESSING:PREPROCESS_CONFIG,1722109056000,1722109056000,1,63.4,,6442450944.0,,,0.0,0.0,0.0,801.043472,
1808,NFCORE_RANGELAND:RANGELAND:PREPROCESSING:PREPROCESS_CONFIG,1722109056000,1722109056000,1,62.2,,6442450944.0,,,0.0,0.0,0.0,801.043472,
1809,NFCORE_RANGELAND:RANGELAND:PREPROCESSING:PREPROCESS_CONFIG,1722109056000,1722109056000,1,65.4,,6442450944.0,,,0.0,0.0,0.0,801.043472,
1810,NFCORE_RANGELAND:RANGELAND:PREPROCESSING:PREPROCESS_CONFIG,1722109056000,1722109057000,1,67.2,,6442450944.0,,,0.0007803498489733335,0.0007803498489733335,0.0,801.043472,
1811,NFCORE_RANGELAND:RANGELAND:PREPROCESSING:PREPROCESS_CONFIG,1722109056000,1722109057000,1,78.0,,6442450944.0,,,0.0008216536529983335,0.0008216536529983335,0.0,801.043472,
1812,NFCORE_RANGELAND:RANGELAND:PREPROCESSING:PREPROCESS_CONFIG,1722109057000,1722109057000,1,67.4,,6442450944.0,,,0.0,0.0,0.0,801.043472,
1813,NFCORE_RANGELAND:RANGELAND:PREPROCESSING:PREPROCESS_CONFIG,1722109057000,1722109057000,1,82.9,,6442450944.0,,,0.0,0.0,0.0,801.043472,
1814,NFCORE_RANGELAND:RANGELAND:PREPROCESSING:PREPROCESS_CONFIG,1722109102000,1722109102000,1,89.7,,6442450944.0,,,0.0,0.0,0.0,801.043472,
1815,NFCORE_RANGELAND:RANGELAND:PREPROCESSING:PREPROCESS_CONFIG,1722109057000,1722109057000,1,63.9,,6442450944.0,,,0.0,0.0,0.0,801.043472,
1816,NFCORE_RANGELAND:RANGELAND:PREPROCESSING:PREPROCESS_CONFIG,1722109057000,1722109057000,1,71.9,,6442450944.0,,,0.0,0.0,0.0,801.043472,
1817,NFCORE_RANGELAND:RANGELAND:PREPROCESSING:PREPROCESS_CONFIG,1722109057000,1722109058000,1,76.7,,6442450944.0,,,0.000816681898810139,0.000816681898810139,0.0,801.043472,
1818,NFCORE_RANGELAND:RANGELAND:PREPROCESSING:PREPROCESS_CONFIG,1722109057000,1722109058000,1,78.7,,6442450944.0,,,0.0008243307514073611,0.0008243307514073611,0.0,801.043472,
1819,NFCORE_RANGELAND:RANGELAND:PREPROCESSING:PREPROCESS_CONFIG,1722109057000,1722109058000,1,67.9,,6442450944.0,,,0.0007830269473823612,0.0007830269473823612,0.0,801.043472,
1820,NFCORE_RANGELAND:RANGELAND:PREPROCESSING:PREPROCESS_CONFIG,1722109058000,1722109058000,1,65.5,,6442450944.0,,,0.0,0.0,0.0,801.043472,
1821,NFCORE_RANGELAND:RANGELAND:PREPROCESSING:PREPROCESS_CONFIG,1722109058000,1722109058000,1,73.8,,6442450944.0,,,0.0,0.0,0.0,801.043472,
1822,NFCORE_RANGELAND:RANGELAND:PREPROCESSING:PREPROCESS_CONFIG,1722109058000,1722109058000,1,66.1,,6442450944.0,,,0.0,0.0,0.0,801.043472,
1823,NFCORE_RANGELAND:RANGELAND:PREPROCESSING:PREPROCESS_CONFIG,1722109103000,1722109103000,1,96.7,,6442450944.0,,,0.0,0.0,0.0,801.043472,
1824,NFCORE_RANGELAND:RANGELAND:PREPROCESSING:PREPROCESS_CONFIG,1722109103000,1722109103000,1,100.3,,6442450944.0,,,0.0,0.0,0.0,801.043472,
1825,NFCORE_RANGELAND:RANGELAND:PREPROCESSING:PREPROCESS_CONFIG,1722109058000,1722109058000,1,65.4,,6442450944.0,,,0.0,0.0,0.0,801.043472,
1826,NFCORE_RANGELAND:RANGELAND:PREPROCESSING:PREPROCESS_CONFIG,1722109058000,1722109058000,1,69.1,,6442450944.0,,,0.0,0.0,0.0,801.043472,
1828,NFCORE_RANGELAND:RANGELAND:PREPROCESSING:PREPROCESS_CONFIG,1722109058000,1722109058000,1,75.7,,6442450944.0,,,0.0,0.0,0.0,801.043472,
1827,NFCORE_RANGELAND:RANGELAND:PREPROCESSING:PREPROCESS_CONFIG,1722109058000,1722109059000,1,79.6,,6442450944.0,,,0.0008277727350761113,0.0008277727350761113,0.0,801.043472,
1829,NFCORE_RANGELAND:RANGELAND:PREPROCESSING:PREPROCESS_CONFIG,1722109058000,1722109059000,1,80.4,,6442450944.0,,,0.0008308322761150001,0.0008308322761150001,0.0,801.043472,
1830,NFCORE_RANGELAND:RANGELAND:PREPROCESSING:PREPROCESS_CONFIG,1722109058000,1722109059000,1,77.2,,6442450944.0,,,0.0008185941119594445,0.0008185941119594445,0.0,801.043472,
1831,NFCORE_RANGELAND:RANGELAND:PREPROCESSING:PREPROCESS_CONFIG,1722109059000,1722109059000,1,72.2,,6442450944.0,,,0.0,0.0,0.0,801.043472,
1832,NFCORE_RANGELAND:RANGELAND:PREPROCESSING:PREPROCESS_CONFIG,1722109059000,1722109059000,1,74.6,,6442450944.0,,,0.0,0.0,0.0,801.043472,
1833,NFCORE_RANGELAND:RANGELAND:PREPROCESSING:PREPROCESS_CONFIG,1722109059000,1722109059000,1,72.2,,6442450944.0,,,0.0,0.0,0.0,801.043472,
1834,NFCORE_RANGELAND:RANGELAND:PREPROCESSING:PREPROCESS_CONFIG,1722109059000,1722109059000,1,69.7,,6442450944.0,,,0.0,0.0,0.0,801.043472,
1835,NFCORE_RANGELAND:RANGELAND:PREPROCESSING:PREPROCESS_CONFIG,1722109059000,1722109059000,1,73.6,,6442450944.0,,,0.0,0.0,0.0,801.043472,
1836,NFCORE_RANGELAND:RANGELAND:PREPROCESSING:PREPROCESS_CONFIG,1722109059000,1722109059000,1,63.9,,6442450944.0,,,0.0,0.0,0.0,801.043472,
1837,NFCORE_RANGELAND:RANGELAND:PREPROCESSING:PREPROCESS_CONFIG,1722109059000,1722109060000,1,67.8,,6442450944.0,,,0.0007826445047525001,0.0007826445047525001,0.0,801.043472,
1838,NFCORE_RANGELAND:RANGELAND:PREPROCESSING:PREPROCESS_CONFIG,1722109059000,1722109060000,1,70.2,,6442450944.0,,,0.0007918231278691667,0.0007918231278691667,0.0,801.043472,
1839,NFCORE_RANGELAND:RANGELAND:PREPROCESSING:PREPROCESS_CONFIG,1722109060000,1722109060000,1,77.9,,6442450944.0,,,0.0,0.0,0.0,801.043472,
1841,NFCORE_RANGELAND:RANGELAND:PREPROCESSING:PREPROCESS_CONFIG,1722109059000,1722109060000,1,71.4,,6442450944.0,,,0.0007964124394275001,0.0007964124394275001,0.0,801.043472,
1842,NFCORE_RANGELAND:RANGELAND:PREPROCESSING:PREPROCESS_CONFIG,1722109060000,1722109060000,1,78.0,,6442450944.0,,,0.0,0.0,0.0,801.043472,
1843,NFCORE_RANGELAND:RANGELAND:PREPROCESSING:PREPROCESS_CONFIG,1722109060000,1722109060000,1,80.0,,6442450944.0,,,0.0,0.0,0.0,801.043472,
1844,NFCORE_RANGELAND:RANGELAND:PREPROCESSING:PREPROCESS_CONFIG,1722109060000,1722109060000,1,74.1,,6442450944.0,,,0.0,0.0,0.0,801.043472,
1845,NFCORE_RANGELAND:RANGELAND:PREPROCESSING:PREPROCESS_CONFIG,1722109105000,1722109105000,1,100.6,,6442450944.0,,,0.0,0.0,0.0,801.043472,
1874,NFCORE_RANGELAND:RANGELAND:PREPROCESSING:PREPROCESS_CONFIG,1722109060000,1722109060000,1,80.4,,6442450944.0,,,0.0,0.0,0.0,801.043472,
1846,NFCORE_RANGELAND:RANGELAND:PREPROCESSING:PREPROCESS_CONFIG,1722109060000,1722109061000,1,74.6,,6442450944.0,,,0.0008086506035830556,0.0008086506035830556,0.0,801.043472,
1847,NFCORE_RANGELAND:RANGELAND:PREPROCESSING:PREPROCESS_CONFIG,1722109060000,1722109061000,1,68.2,,6442450944.0,,,0.0007841742752719447,0.0007841742752719447,0.0,801.043472,
1848,NFCORE_RANGELAND:RANGELAND:PREPROCESSING:PREPROCESS_CONFIG,1722109060000,1722109061000,1,84.4,,6442450944.0,,,0.0008461299813094447,0.0008461299813094447,0.0,801.043472,
1849,NFCORE_RANGELAND:RANGELAND:PREPROCESSING:PREPROCESS_CONFIG,1722109061000,1722109061000,1,67.4,,6442450944.0,,,0.0,0.0,0.0,801.043472,
1850,NFCORE_RANGELAND:RANGELAND:PREPROCESSING:PREPROCESS_CONFIG,1722109061000,1722109061000,1,80.7,,6442450944.0,,,0.0,0.0,0.0,801.043472,
1851,NFCORE_RANGELAND:RANGELAND:PREPROCESSING:PREPROCESS_CONFIG,1722109061000,1722109061000,1,82.2,,6442450944.0,,,0.0,0.0,0.0,801.043472,
1852,NFCORE_RANGELAND:RANGELAND:PREPROCESSING:PREPROCESS_CONFIG,1722109106000,1722109106000,1,99.7,,6442450944.0,,,0.0,0.0,0.0,801.043472,
1853,NFCORE_RANGELAND:RANGELAND:PREPROCESSING:PREPROCESS_CONFIG,1722109106000,1722109106000,1,100.9,,6442450944.0,,,0.0,0.0,0.0,801.043472,
1854,NFCORE_RANGELAND:RANGELAND:PREPROCESSING:PREPROCESS_CONFIG,1722109061000,1722109061000,1,70.3,,6442450944.0,,,0.0,0.0,0.0,801.043472,
1855,NFCORE_RANGELAND:RANGELAND:PREPROCESSING:PREPROCESS_CONFIG,1722109061000,1722109061000,1,69.0,,6442450944.0,,,0.0,0.0,0.0,801.043472,
1856,NFCORE_RANGELAND:RANGELAND:PREPROCESSING:PREPROCESS_CONFIG,1722109061000,1722109062000,1,79.5,,6442450944.0,,,0.0008273902924462501,0.0008273902924462501,0.0,801.043472,
1857,NFCORE_RANGELAND:RANGELAND:PREPROCESSING:PREPROCESS_CONFIG,1722109061000,1722109062000,1,77.7,,6442450944.0,,,0.0008205063251087502,0.0008205063251087502,0.0,801.043472,
1858,NFCORE_RANGELAND:RANGELAND:PREPROCESSING:PREPROCESS_CONFIG,1722109061000,1722109062000,1,77.7,,6442450944.0,,,0.0008205063251087502,0.0008205063251087502,0.0,801.043472,
1859,NFCORE_RANGELAND:RANGELAND:PREPROCESSING:PREPROCESS_CONFIG,1722109061000,1722109062000,1,68.5,,6442450944.0,,,0.000785321603161528,0.000785321603161528,0.0,801.043472,
1860,NFCORE_RANGELAND:RANGELAND:PREPROCESSING:PREPROCESS_CONFIG,1722109062000,1722109062000,1,71.1,,6442450944.0,,,0.0,0.0,0.0,801.043472,
1861,NFCORE_RANGELAND:RANGELAND:PREPROCESSING:PREPROCESS_CONFIG,1722109062000,1722109062000,1,81.1,,6442450944.0,,,0.0,0.0,0.0,801.043472,
1863,NFCORE_RANGELAND:RANGELAND:PREPROCESSING:PREPROCESS_CONFIG,1722109062000,1722109062000,1,73.0,,6442450944.0,,,0.0,0.0,0.0,801.043472,
1862,NFCORE_RANGELAND:RANGELAND:PREPROCESSING:PREPROCESS_CONFIG,1722109062000,1722109062000,1,65.5,,6442450944.0,,,0.0,0.0,0.0,801.043472,
1864,NFCORE_RANGELAND:RANGELAND:PREPROCESSING:PREPROCESS_CONFIG,1722109062000,1722109062000,1,65.9,,6442450944.0,,,0.0,0.0,0.0,801.043472,
1865,NFCORE_RANGELAND:RANGELAND:PREPROCESSING:PREPROCESS_CONFIG,1722109062000,1722109063000,1,69.1,,6442450944.0,,,0.0007876162589406945,0.0007876162589406945,0.0,801.043472,
1866,NFCORE_RANGELAND:RANGELAND:PREPROCESSING:PREPROCESS_CONFIG,1722109063000,1722109063000,1,75.2,,6442450944.0,,,0.0,0.0,0.0,801.043472,
1867,NFCORE_RANGELAND:RANGELAND:PREPROCESSING:PREPROCESS_CONFIG,1722109063000,1722109063000,1,76.4,,6442450944.0,,,0.0,0.0,0.0,801.043472,
1868,NFCORE_RANGELAND:RANGELAND:PREPROCESSING:PREPROCESS_CONFIG,1722109063000,1722109063000,1,79.1,,6442450944.0,,,0.0,0.0,0.0,801.043472,
1869,NFCORE_RANGELAND:RANGELAND:PREPROCESSING:PREPROCESS_CONFIG,1722109108000,1722109108000,1,105.6,,6442450944.0,,,0.0,0.0,0.0,801.043472,
1870,NFCORE_RANGELAND:RANGELAND:PREPROCESSING:PREPROCESS_CONFIG,1722109063000,1722109063000,1,76.9,,6442450944.0,,,0.0,0.0,0.0,801.043472,
1871,NFCORE_RANGELAND:RANGELAND:PREPROCESSING:PREPROCESS_CONFIG,1722109063000,1722109063000,1,73.2,,6442450944.0,,,0.0,0.0,0.0,801.043472,
1872,NFCORE_RANGELAND:RANGELAND:PREPROCESSING:PREPROCESS_CONFIG,1722109063000,1722109063000,1,80.2,,6442450944.0,,,0.0,0.0,0.0,801.043472,
1873,NFCORE_RANGELAND:RANGELAND:PREPROCESSING:PREPROCESS_CONFIG,1722109063000,1722109063000,1,77.5,,6442450944.0,,,0.0,0.0,0.0,801.043472,
1903,NFCORE_RANGELAND:RANGELAND:PREPROCESSING:PREPROCESS_CONFIG,1722109063000,1722109064000,1,68.4,,6442450944.0,,,0.0007849391605316668,0.0007849391605316668,0.0,801.043472,
1875,NFCORE_RANGELAND:RANGELAND:PREPROCESSING:PREPROCESS_CONFIG,1722109063000,1722109063000,1,68.2,,6442450944.0,,,0.0,0.0,0.0,801.043472,
1905,NFCORE_RANGELAND:RANGELAND:PREPROCESSING:PREPROCESS_CONFIG,1722109063000,1722109064000,1,68.5,,6442450944.0,,,0.000785321603161528,0.000785321603161528,0.0,801.043472,
1876,NFCORE_RANGELAND:RANGELAND:PREPROCESSING:PREPROCESS_CONFIG,1722109063000,1722109064000,1,80.6,,6442450944.0,,,0.0008315971613747224,0.0008315971613747224,0.0,801.043472,
1906,NFCORE_RANGELAND:RANGELAND:PREPROCESSING:PREPROCESS_CONFIG,1722109064000,1722109064000,1,44.7,,6442450944.0,,,0.0,0.0,0.0,801.043472,
1877,NFCORE_RANGELAND:RANGELAND:PREPROCESSING:PREPROCESS_CONFIG,1722109064000,1722109064000,1,78.0,,6442450944.0,,,0.0,0.0,0.0,801.043472,
1878,NFCORE_RANGELAND:RANGELAND:PREPROCESSING:PREPROCESS_CONFIG,1722109064000,1722109064000,1,81.1,,6442450944.0,,,0.0,0.0,0.0,801.043472,
1879,NFCORE_RANGELAND:RANGELAND:PREPROCESSING:PREPROCESS_CONFIG,1722109064000,1722109064000,1,77.5,,6442450944.0,,,0.0,0.0,0.0,801.043472,
1880,NFCORE_RANGELAND:RANGELAND:PREPROCESSING:PREPROCESS_CONFIG,1722109109000,1722109109000,1,97.6,,6442450944.0,,,0.0,0.0,0.0,801.043472,
1881,NFCORE_RANGELAND:RANGELAND:PREPROCESSING:PREPROCESS_CONFIG,1722109064000,1722109065000,1,67.7,,6442450944.0,,,0.0007822620621226389,0.0007822620621226389,0.0,801.043472,
1882,NFCORE_RANGELAND:RANGELAND:PREPROCESSING:PREPROCESS_CONFIG,1722109109000,1722109109000,1,108.0,,6442450944.0,,,0.0,0.0,0.0,801.043472,
1883,NFCORE_RANGELAND:RANGELAND:PREPROCESSING:PREPROCESS_CONFIG,1722109064000,1722109065000,1,73.7,,6442450944.0,,,0.0008052086199143056,0.0008052086199143056,0.0,801.043472,
1884,NFCORE_RANGELAND:RANGELAND:PREPROCESSING:PREPROCESS_CONFIG,1722109065000,1722109065000,1,71.6,,6442450944.0,,,0.0,0.0,0.0,801.043472,
1885,NFCORE_RANGELAND:RANGELAND:PREPROCESSING:PREPROCESS_CONFIG,1722109065000,1722109065000,1,69.0,,6442450944.0,,,0.0,0.0,0.0,801.043472,
1886,NFCORE_RANGELAND:RANGELAND:PREPROCESSING:PREPROCESS_CONFIG,1722109065000,1722109065000,1,74.0,,6442450944.0,,,0.0,0.0,0.0,801.043472,
1887,NFCORE_RANGELAND:RANGELAND:PREPROCESSING:PREPROCESS_CONFIG,1722109065000,1722109065000,1,69.7,,6442450944.0,,,0.0,0.0,0.0,801.043472,
1888,NFCORE_RANGELAND:RANGELAND:PREPROCESSING:PREPROCESS_CONFIG,1722109065000,1722109065000,1,68.8,,6442450944.0,,,0.0,0.0,0.0,801.043472,
1889,NFCORE_RANGELAND:RANGELAND:PREPROCESSING:PREPROCESS_CONFIG,1722109065000,1722109065000,1,74.6,,6442450944.0,,,0.0,0.0,0.0,801.043472,
1890,NFCORE_RANGELAND:RANGELAND:PREPROCESSING:PREPROCESS_CONFIG,1722109065000,1722109066000,1,71.3,,6442450944.0,,,0.0007960299967976389,0.0007960299967976389,0.0,801.043472,
1891,NFCORE_RANGELAND:RANGELAND:PREPROCESSING:PREPROCESS_CONFIG,1722109065000,1722109066000,1,67.1,,6442450944.0,,,0.0007799674063434723,0.0007799674063434723,0.0,801.043472,
1892,NFCORE_RANGELAND:RANGELAND:PREPROCESSING:PREPROCESS_CONFIG,1722109065000,1722109066000,1,73.3,,6442450944.0,,,0.0008036788493948611,0.0008036788493948611,0.0,801.043472,
1893,NFCORE_RANGELAND:RANGELAND:PREPROCESSING:PREPROCESS_CONFIG,1722109066000,1722109066000,1,65.5,,6442450944.0,,,0.0,0.0,0.0,801.043472,
1894,NFCORE_RANGELAND:RANGELAND:PREPROCESSING:PREPROCESS_CONFIG,1722109066000,1722109066000,1,73.1,,6442450944.0,,,0.0,0.0,0.0,801.043472,
1895,NFCORE_RANGELAND:RANGELAND:PREPROCESSING:PREPROCESS_CONFIG,1722109066000,1722109066000,1,70.6,,6442450944.0,,,0.0,0.0,0.0,801.043472,
1896,NFCORE_RANGELAND:RANGELAND:PREPROCESSING:PREPROCESS_CONFIG,1722109111000,1722109111000,1,101.3,,6442450944.0,,,0.0,0.0,0.0,801.043472,
1897,NFCORE_RANGELAND:RANGELAND:PREPROCESSING:PREPROCESS_CONFIG,1722109066000,1722109066000,1,79.7,,6442450944.0,,,0.0,0.0,0.0,801.043472,
1898,NFCORE_RANGELAND:RANGELAND:PREPROCESSING:PREPROCESS_CONFIG,1722109066000,1722109067000,1,81.7,,6442450944.0,,,0.0008358040303031945,0.0008358040303031945,0.0,801.043472,
1899,NFCORE_RANGELAND:RANGELAND:PREPROCESSING:PREPROCESS_CONFIG,1722109066000,1722109067000,1,72.9,,6442450944.0,,,0.0008021490788754168,0.0008021490788754168,0.0,801.043472,
1900,NFCORE_RANGELAND:RANGELAND:PREPROCESSING:PREPROCESS_CONFIG,1722109066000,1722109067000,1,71.8,,6442450944.0,,,0.0007979422099469444,0.0007979422099469444,0.0,801.043472,
1901,NFCORE_RANGELAND:RANGELAND:PREPROCESSING:PREPROCESS_CONFIG,1722109067000,1722109067000,1,82.8,,6442450944.0,,,0.0,0.0,0.0,801.043472,
1902,NFCORE_RANGELAND:RANGELAND:PREPROCESSING:PREPROCESS_CONFIG,1722109067000,1722109067000,1,73.4,,6442450944.0,,,0.0,0.0,0.0,801.043472,
1904,NFCORE_RANGELAND:RANGELAND:PREPROCESSING:PREPROCESS_CONFIG,1722109067000,1722109067000,1,69.3,,6442450944.0,,,0.0,0.0,0.0,801.043472,
1907,NFCORE_RANGELAND:RANGELAND:PREPROCESSING:PREPROCESS_CONFIG,1722109067000,1722109067000,1,78.4,,6442450944.0,,,0.0,0.0,0.0,801.043472,
1908,NFCORE_RANGELAND:RANGELAND:PREPROCESSING:PREPROCESS_CONFIG,1722109112000,1722109112000,1,110.7,,6442450944.0,,,0.0,0.0,0.0,801.043472,
1909,NFCORE_RANGELAND:RANGELAND:PREPROCESSING:PREPROCESS_CONFIG,1722109067000,1722109067000,1,76.9,,6442450944.0,,,0.0,0.0,0.0,801.043472,
1910,NFCORE_RANGELAND:RANGELAND:PREPROCESSING:PREPROCESS_CONFIG,1722109068000,1722109069000,1,70.6,,6442450944.0,,,0.0007933528983886111,0.0007933528983886111,0.0,801.043472,
1911,NFCORE_RANGELAND:RANGELAND:PREPROCESSING:PREPROCESS_CONFIG,1722109112000,1722109112000,1,91.1,,6442450944.0,,,0.0,0.0,0.0,801.043472,
1912,NFCORE_RANGELAND:RANGELAND:PREPROCESSING:PREPROCESS_CONFIG,1722109067000,1722109068000,1,72.9,,6442450944.0,,,0.0008021490788754168,0.0008021490788754168,0.0,801.043472,
1913,NFCORE_RANGELAND:RANGELAND:PREPROCESSING:PREPROCESS_CONFIG,1722109067000,1722109068000,1,67.9,,6442450944.0,,,0.0007830269473823612,0.0007830269473823612,0.0,801.043472,
1914,NFCORE_RANGELAND:RANGELAND:PREPROCESSING:PREPROCESS_CONFIG,1722109068000,1722109068000,1,69.1,,6442450944.0,,,0.0,0.0,0.0,801.043472,
1915,NFCORE_RANGELAND:RANGELAND:PREPROCESSING:PREPROCESS_CONFIG,1722109068000,1722109068000,1,69.6,,6442450944.0,,,0.0,0.0,0.0,801.043472,
1916,NFCORE_RANGELAND:RANGELAND:PREPROCESSING:PREPROCESS_CONFIG,1722109068000,1722109068000,1,69.4,,6442450944.0,,,0.0,0.0,0.0,801.043472,
1917,NFCORE_RANGELAND:RANGELAND:PREPROCESSING:PREPROCESS_CONFIG,1722109068000,1722109069000,1,74.3,,6442450944.0,,,0.0008075032756934723,0.0008075032756934723,0.0,801.043472,
1918,NFCORE_RANGELAND:RANGELAND:PREPROCESSING:PREPROCESS_CONFIG,1722109068000,1722109069000,1,64.0,,6442450944.0,,,0.0007681116848177778,0.0007681116848177778,0.0,801.043472,
1919,NFCORE_RANGELAND:RANGELAND:PREPROCESSING:PREPROCESS_CONFIG,1722109068000,1722109069000,1,68.6,,6442450944.0,,,0.0007857040457913889,0.0007857040457913889,0.0,801.043472,
1920,NFCORE_RANGELAND:RANGELAND:PREPROCESSING:PREPROCESS_CONFIG,1722109068000,1722109069000,1,63.7,,6442450944.0,,,0.0007669643569281945,0.0007669643569281945,0.0,801.043472,
1921,NFCORE_RANGELAND:RANGELAND:PREPROCESSING:PREPROCESS_CONFIG,1722109069000,1722109069000,1,52.4,,6442450944.0,,,0.0,0.0,0.0,801.043472,
1922,NFCORE_RANGELAND:RANGELAND:PREPROCESSING:PREPROCESS_CONFIG,1722109069000,1722109069000,1,73.7,,6442450944.0,,,0.0,0.0,0.0,801.043472,
1923,NFCORE_RANGELAND:RANGELAND:PREPROCESSING:PREPROCESS_CONFIG,1722109069000,1722109069000,1,73.5,,6442450944.0,,,0.0,0.0,0.0,801.043472,
1924,NFCORE_RANGELAND:RANGELAND:PREPROCESSING:PREPROCESS_CONFIG,1722109114000,1722109114000,1,101.9,,6442450944.0,,,0.0,0.0,0.0,801.043472,
1925,NFCORE_RANGELAND:RANGELAND:PREPROCESSING:PREPROCESS_CONFIG,1722109069000,1722109070000,1,71.4,,6442450944.0,,,0.0007964124394275001,0.0007964124394275001,0.0,801.043472,
1926,NFCORE_RANGELAND:RANGELAND:PREPROCESSING:PREPROCESS_CONFIG,1722109069000,1722109070000,1,75.5,,6442450944.0,,,0.0008120925872518057,0.0008120925872518057,0.0,801.043472,
1927,NFCORE_RANGELAND:RANGELAND:PREPROCESSING:PREPROCESS_CONFIG,1722109069000,1722109070000,1,67.4,,6442450944.0,,,0.0007811147342330556,0.0007811147342330556,0.0,801.043472,
1928,NFCORE_RANGELAND:RANGELAND:PREPROCESSING:PREPROCESS_CONFIG,1722109069000,1722109070000,1,80.2,,6442450944.0,,,0.0008300673908552778,0.0008300673908552778,0.0,801.043472,
1929,NFCORE_RANGELAND:RANGELAND:PREPROCESSING:PREPROCESS_CONFIG,1722109070000,1722109070000,1,81.7,,6442450944.0,,,0.0,0.0,0.0,801.043472,
1930,NFCORE_RANGELAND:RANGELAND:PREPROCESSING:PREPROCESS_CONFIG,1722109070000,1722109070000,1,80.0,,6442450944.0,,,0.0,0.0,0.0,801.043472,
1931,NFCORE_RANGELAND:RANGELAND:PREPROCESSING:PREPROCESS_CONFIG,1722109070000,1722109070000,1,75.1,,6442450944.0,,,0.0,0.0,0.0,801.043472,
1932,NFCORE_RANGELAND:RANGELAND:PREPROCESSING:PREPROCESS_CONFIG,1722109115000,1722109115000,1,100.6,,6442450944.0,,,0.0,0.0,0.0,801.043472,
1933,NFCORE_RANGELAND:RANGELAND:PREPROCESSING:PREPROCESS_CONFIG,1722109070000,1722109070000,1,68.2,,6442450944.0,,,0.0,0.0,0.0,801.043472,
1934,NFCORE_RANGELAND:RANGELAND:PREPROCESSING:PREPROCESS_CONFIG,1722109115000,1722109115000,1,106.7,,6442450944.0,,,0.0,0.0,0.0,801.043472,
1935,NFCORE_RANGELAND:RANGELAND:PREPROCESSING:PREPROCESS_CONFIG,1722109070000,1722109071000,1,64.3,,6442450944.0,,,0.0007692590127073612,0.0007692590127073612,0.0,801.043472,
1936,NFCORE_RANGELAND:RANGELAND:PREPROCESSING:PREPROCESS_CONFIG,1722109070000,1722109071000,1,61.0,,6442450944.0,,,0.0007566384059219445,0.0007566384059219445,0.0,801.043472,
1840,NFCORE_RANGELAND:RANGELAND:PREPROCESSING:PREPROCESS_CONFIG,1722109070000,1722109071000,1,76.4,,6442450944.0,,,0.0008155345709205555,0.0008155345709205555,0.0,801.043472,
1937,NFCORE_RANGELAND:RANGELAND:PREPROCESSING:PREPROCESS_CONFIG,1722109071000,1722109071000,1,66.1,,6442450944.0,,,0.0,0.0,0.0,801.043472,
1938,NFCORE_RANGELAND:RANGELAND:PREPROCESSING:PREPROCESS_CONFIG,1722109071000,1722109071000,1,76.9,,6442450944.0,,,0.0,0.0,0.0,801.043472,
1939,NFCORE_RANGELAND:RANGELAND:PREPROCESSING:PREPROCESS_CONFIG,1722109071000,1722109071000,1,72.6,,6442450944.0,,,0.0,0.0,0.0,801.043472,
1940,NFCORE_RANGELAND:RANGELAND:PREPROCESSING:PREPROCESS_CONFIG,1722109071000,1722109071000,1,67.9,,6442450944.0,,,0.0,0.0,0.0,801.043472,
1941,NFCORE_RANGELAND:RANGELAND:PREPROCESSING:PREPROCESS_CONFIG,1722109071000,1722109071000,1,67.5,,6442450944.0,,,0.0,0.0,0.0,801.043472,
1942,NFCORE_RANGELAND:RANGELAND:PREPROCESSING:PREPROCESS_CONFIG,1722109071000,1722109072000,1,70.5,,6442450944.0,,,0.0007929704557587502,0.0007929704557587502,0.0,801.043472,
1943,NFCORE_RANGELAND:RANGELAND:PREPROCESSING:PREPROCESS_CONFIG,1722109071000,1722109072000,1,75.0,,6442450944.0,,,0.0008101803741025001,0.0008101803741025001,0.0,801.043472,
1944,NFCORE_RANGELAND:RANGELAND:PREPROCESSING:PREPROCESS_CONFIG,1722109071000,1722109072000,1,65.8,,6442450944.0,,,0.0007749956521552778,0.0007749956521552778,0.0,801.043472,
1945,NFCORE_RANGELAND:RANGELAND:PREPROCESSING:PREPROCESS_CONFIG,1722109071000,1722109072000,1,76.7,,6442450944.0,,,0.000816681898810139,0.000816681898810139,0.0,801.043472,
1946,NFCORE_RANGELAND:RANGELAND:PREPROCESSING:PREPROCESS_CONFIG,1722109071000,1722109072000,1,73.8,,6442450944.0,,,0.0008055910625441667,0.0008055910625441667,0.0,801.043472,
1947,NFCORE_RANGELAND:RANGELAND:PREPROCESSING:PREPROCESS_CONFIG,1722109072000,1722109072000,1,67.6,,6442450944.0,,,0.0,0.0,0.0,801.043472,
1948,NFCORE_RANGELAND:RANGELAND:PREPROCESSING:PREPROCESS_CONFIG,1722109072000,1722109072000,1,59.8,,6442450944.0,,,0.0,0.0,0.0,801.043472,
1949,NFCORE_RANGELAND:RANGELAND:PREPROCESSING:PREPROCESS_CONFIG,1722109072000,1722109072000,1,73.6,,6442450944.0,,,0.0,0.0,0.0,801.043472,
1950,NFCORE_RANGELAND:RANGELAND:PREPROCESSING:PREPROCESS_CONFIG,1722109072000,1722109072000,1,70.3,,6442450944.0,,,0.0,0.0,0.0,801.043472,
1951,NFCORE_RANGELAND:RANGELAND:PREPROCESSING:PREPROCESS_CONFIG,1722109072000,1722109073000,1,67.1,,6442450944.0,,,0.0007799674063434723,0.0007799674063434723,0.0,801.043472,
1952,NFCORE_RANGELAND:RANGELAND:PREPROCESSING:PREPROCESS_CONFIG,1722109072000,1722109073000,1,70.0,,6442450944.0,,,0.0007910582426094444,0.0007910582426094444,0.0,801.043472,
1953,NFCORE_RANGELAND:RANGELAND:PREPROCESSING:PREPROCESS_CONFIG,1722109117000,1722109118000,1,100.0,,6442450944.0,,,0.000905791031567778,0.000905791031567778,0.0,801.043472,
1954,NFCORE_RANGELAND:RANGELAND:PREPROCESSING:PREPROCESS_CONFIG,1722109073000,1722109073000,1,79.3,,6442450944.0,,,0.0,0.0,0.0,801.043472,
1955,NFCORE_RANGELAND:RANGELAND:PREPROCESSING:PREPROCESS_CONFIG,1722109118000,1722109118000,1,111.0,,6442450944.0,,,0.0,0.0,0.0,801.043472,
1984,NFCORE_RANGELAND:RANGELAND:PREPROCESSING:PREPROCESS_CONFIG,1722109073000,1722109073000,1,70.5,,6442450944.0,,,0.0,0.0,0.0,801.043472,
1956,NFCORE_RANGELAND:RANGELAND:PREPROCESSING:PREPROCESS_CONFIG,1722109073000,1722109073000,1,61.1,,6442450944.0,,,0.0,0.0,0.0,801.043472,
1957,NFCORE_RANGELAND:RANGELAND:PREPROCESSING:PREPROCESS_CONFIG,1722109118000,1722109118000,1,97.6,,6442450944.0,,,0.0,0.0,0.0,801.043472,
1958,NFCORE_RANGELAND:RANGELAND:PREPROCESSING:PREPROCESS_CONFIG,1722109073000,1722109074000,1,67.9,,6442450944.0,,,0.0007830269473823612,0.0007830269473823612,0.0,801.043472,
1989,NFCORE_RANGELAND:RANGELAND:PREPROCESSING:PREPROCESS_CONFIG,1722109073000,1722109074000,1,70.5,,6442450944.0,,,0.0007929704557587502,0.0007929704557587502,0.0,801.043472,
1959,NFCORE_RANGELAND:RANGELAND:PREPROCESSING:PREPROCESS_CONFIG,1722109073000,1722109074000,1,64.4,,6442450944.0,,,0.0007696414553372224,0.0007696414553372224,0.0,801.043472,
1960,NFCORE_RANGELAND:RANGELAND:PREPROCESSING:PREPROCESS_CONFIG,1722109074000,1722109074000,1,64.5,,6442450944.0,,,0.0,0.0,0.0,801.043472,
1961,NFCORE_RANGELAND:RANGELAND:PREPROCESSING:PREPROCESS_CONFIG,1722109074000,1722109074000,1,70.0,,6442450944.0,,,0.0,0.0,0.0,801.043472,
1962,NFCORE_RANGELAND:RANGELAND:PREPROCESSING:PREPROCESS_CONFIG,1722109074000,1722109074000,1,62.3,,6442450944.0,,,0.0,0.0,0.0,801.043472,
1963,NFCORE_RANGELAND:RANGELAND:PREPROCESSING:PREPROCESS_CONFIG,1722109074000,1722109075000,1,71.9,,6442450944.0,,,0.0007983246525768056,0.0007983246525768056,0.0,801.043472,
1964,NFCORE_RANGELAND:RANGELAND:PREPROCESSING:PREPROCESS_CONFIG,1722109074000,1722109075000,1,77.9,,6442450944.0,,,0.0008212712103684723,0.0008212712103684723,0.0,801.043472,
1996,NFCORE_RANGELAND:RANGELAND:PREPROCESSING:PREPROCESS_CONFIG,1722109074000,1722109075000,1,70.0,,6442450944.0,,,0.0007910582426094444,0.0007910582426094444,0.0,801.043472,
1965,NFCORE_RANGELAND:RANGELAND:PREPROCESSING:PREPROCESS_CONFIG,1722109074000,1722109075000,1,68.1,,6442450944.0,,,0.0007837918326420834,0.0007837918326420834,0.0,801.043472,
1966,NFCORE_RANGELAND:RANGELAND:PREPROCESSING:PREPROCESS_CONFIG,1722109075000,1722109075000,1,72.2,,6442450944.0,,,0.0,0.0,0.0,801.043472,
1967,NFCORE_RANGELAND:RANGELAND:PREPROCESSING:PREPROCESS_CONFIG,1722109075000,1722109075000,1,82.2,,6442450944.0,,,0.0,0.0,0.0,801.043472,
1968,NFCORE_RANGELAND:RANGELAND:PREPROCESSING:PREPROCESS_CONFIG,1722109075000,1722109075000,1,78.2,,6442450944.0,,,0.0,0.0,0.0,801.043472,
1969,NFCORE_RANGELAND:RANGELAND:PREPROCESSING:PREPROCESS_CONFIG,1722109075000,1722109075000,1,79.1,,6442450944.0,,,0.0,0.0,0.0,801.043472,
1970,NFCORE_RANGELAND:RANGELAND:PREPROCESSING:PREPROCESS_CONFIG,1722109075000,1722109075000,1,79.8,,6442450944.0,,,0.0,0.0,0.0,801.043472,
2002,NFCORE_RANGELAND:RANGELAND:PREPROCESSING:PREPROCESS_CONFIG,1722109120000,1722109120000,1,86.7,,6442450944.0,,,0.0,0.0,0.0,801.043472,
1971,NFCORE_RANGELAND:RANGELAND:PREPROCESSING:PREPROCESS_CONFIG,1722109075000,1722109076000,1,75.5,,6442450944.0,,,0.0008120925872518057,0.0008120925872518057,0.0,801.043472,
1972,NFCORE_RANGELAND:RANGELAND:PREPROCESSING:PREPROCESS_CONFIG,1722109075000,1722109076000,1,69.1,,6442450944.0,,,0.0007876162589406945,0.0007876162589406945,0.0,801.043472,
1973,NFCORE_RANGELAND:RANGELAND:PREPROCESSING:PREPROCESS_CONFIG,1722109075000,1722109076000,1,73.8,,6442450944.0,,,0.0008055910625441667,0.0008055910625441667,0.0,801.043472,
1974,NFCORE_RANGELAND:RANGELAND:PREPROCESSING:PREPROCESS_CONFIG,1722109075000,1722109076000,1,66.4,,6442450944.0,,,0.0007772903079344445,0.0007772903079344445,0.0,801.043472,
1975,NFCORE_RANGELAND:RANGELAND:PREPROCESSING:PREPROCESS_CONFIG,1722109076000,1722109076000,1,72.3,,6442450944.0,,,0.0,0.0,0.0,801.043472,
1976,NFCORE_RANGELAND:RANGELAND:PREPROCESSING:PREPROCESS_CONFIG,1722109076000,1722109076000,1,62.9,,6442450944.0,,,0.0,0.0,0.0,801.043472,
1977,NFCORE_RANGELAND:RANGELAND:PREPROCESSING:PREPROCESS_CONFIG,1722109076000,1722109076000,1,72.4,,6442450944.0,,,0.0,0.0,0.0,801.043472,
1978,NFCORE_RANGELAND:RANGELAND:PREPROCESSING:PREPROCESS_CONFIG,1722109076000,1722109077000,1,64.6,,6442450944.0,,,0.0007704063405969445,0.0007704063405969445,0.0,801.043472,
1979,NFCORE_RANGELAND:RANGELAND:PREPROCESSING:PREPROCESS_CONFIG,1722109121000,1722109121000,1,100.6,,6442450944.0,,,0.0,0.0,0.0,801.043472,
1980,NFCORE_RANGELAND:RANGELAND:PREPROCESSING:PREPROCESS_CONFIG,1722109121000,1722109121000,1,95.8,,6442450944.0,,,0.0,0.0,0.0,801.043472,
1981,NFCORE_RANGELAND:RANGELAND:PREPROCESSING:PREPROCESS_CONFIG,1722109076000,1722109077000,1,75.2,,6442450944.0,,,0.0008109452593622223,0.0008109452593622223,0.0,801.043472,
1982,NFCORE_RANGELAND:RANGELAND:PREPROCESSING:PREPROCESS_CONFIG,1722109076000,1722109077000,1,76.2,,6442450944.0,,,0.0008147696856608335,0.0008147696856608335,0.0,801.043472,
1983,NFCORE_RANGELAND:RANGELAND:PREPROCESSING:PREPROCESS_CONFIG,1722109077000,1722109077000,1,80.0,,6442450944.0,,,0.0,0.0,0.0,801.043472,
1985,NFCORE_RANGELAND:RANGELAND:PREPROCESSING:PREPROCESS_CONFIG,1722109077000,1722109077000,1,71.8,,6442450944.0,,,0.0,0.0,0.0,801.043472,
1986,NFCORE_RANGELAND:RANGELAND:PREPROCESSING:PREPROCESS_CONFIG,1722109077000,1722109077000,1,87.5,,6442450944.0,,,0.0,0.0,0.0,801.043472,
1987,NFCORE_RANGELAND:RANGELAND:PREPROCESSING:PREPROCESS_CONFIG,1722109077000,1722109077000,1,81.3,,6442450944.0,,,0.0,0.0,0.0,801.043472,
1988,NFCORE_RANGELAND:RANGELAND:PREPROCESSING:PREPROCESS_CONFIG,1722109077000,1722109077000,1,78.2,,6442450944.0,,,0.0,0.0,0.0,801.043472,
1990,NFCORE_RANGELAND:RANGELAND:PREPROCESSING:PREPROCESS_CONFIG,1722109077000,1722109078000,1,65.7,,6442450944.0,,,0.0007746132095254168,0.0007746132095254168,0.0,801.043472,
1991,NFCORE_RANGELAND:RANGELAND:PREPROCESSING:PREPROCESS_CONFIG,1722109077000,1722109078000,1,72.3,,6442450944.0,,,0.00079985442309625,0.00079985442309625,0.0,801.043472,
1992,NFCORE_RANGELAND:RANGELAND:PREPROCESSING:PREPROCESS_CONFIG,1722109078000,1722109078000,1,80.4,,6442450944.0,,,0.0,0.0,0.0,801.043472,
1993,NFCORE_RANGELAND:RANGELAND:PREPROCESSING:PREPROCESS_CONFIG,1722109078000,1722109078000,1,63.4,,6442450944.0,,,0.0,0.0,0.0,801.043472,
1994,NFCORE_RANGELAND:RANGELAND:PREPROCESSING:PREPROCESS_CONFIG,1722109078000,1722109078000,1,83.1,,6442450944.0,,,0.0,0.0,0.0,801.043472,
1995,NFCORE_RANGELAND:RANGELAND:PREPROCESSING:PREPROCESS_CONFIG,1722109078000,1722109078000,1,71.4,,6442450944.0,,,0.0,0.0,0.0,801.043472,
1997,NFCORE_RANGELAND:RANGELAND:PREPROCESSING:PREPROCESS_CONFIG,1722109078000,1722109078000,1,73.2,,6442450944.0,,,0.0,0.0,0.0,801.043472,
1998,NFCORE_RANGELAND:RANGELAND:PREPROCESSING:PREPROCESS_CONFIG,1722109123000,1722109123000,1,104.1,,6442450944.0,,,0.0,0.0,0.0,801.043472,
1999,NFCORE_RANGELAND:RANGELAND:PREPROCESSING:PREPROCESS_CONFIG,1722109078000,1722109079000,1,68.2,,6442450944.0,,,0.0007841742752719447,0.0007841742752719447,0.0,801.043472,
2000,NFCORE_RANGELAND:RANGELAND:PREPROCESSING:PREPROCESS_CONFIG,1722109078000,1722109079000,1,76.6,,6442450944.0,,,0.0008162994561802778,0.0008162994561802778,0.0,801.043472,
2001,NFCORE_RANGELAND:RANGELAND:PREPROCESSING:PREPROCESS_CONFIG,1722109078000,1722109079000,1,77.0,,6442450944.0,,,0.0008178292266997223,0.0008178292266997223,0.0,801.043472,
2003,NFCORE_RANGELAND:RANGELAND:PREPROCESSING:PREPROCESS_CONFIG,1722109078000,1722109079000,1,69.9,,6442450944.0,,,0.0007906757999795835,0.0007906757999795835,0.0,801.043472,
2004,NFCORE_RANGELAND:RANGELAND:PREPROCESSING:PREPROCESS_CONFIG,1722109078000,1722109079000,1,77.0,,6442450944.0,,,0.0008178292266997223,0.0008178292266997223,0.0,801.043472,
2005,NFCORE_RANGELAND:RANGELAND:PREPROCESSING:PREPROCESS_CONFIG,1722109079000,1722109079000,1,72.0,,6442450944.0,,,0.0,0.0,0.0,801.043472,
2035,NFCORE_RANGELAND:RANGELAND:PREPROCESSING:PREPROCESS_CONFIG,1722109079000,1722109079000,1,70.8,,6442450944.0,,,0.0,0.0,0.0,801.043472,
2006,NFCORE_RANGELAND:RANGELAND:PREPROCESSING:PREPROCESS_CONFIG,1722109124000,1722109124000,1,109.0,,6442450944.0,,,0.0,0.0,0.0,801.043472,
2007,NFCORE_RANGELAND:RANGELAND:PREPROCESSING:PREPROCESS_CONFIG,1722109079000,1722109079000,1,68.9,,6442450944.0,,,0.0,0.0,0.0,801.043472,
2008,NFCORE_RANGELAND:RANGELAND:PREPROCESSING:PREPROCESS_CONFIG,1722109079000,1722109079000,1,80.0,,6442450944.0,,,0.0,0.0,0.0,801.043472,
2009,NFCORE_RANGELAND:RANGELAND:PREPROCESSING:PREPROCESS_CONFIG,1722109124000,1722109124000,1,101.6,,6442450944.0,,,0.0,0.0,0.0,801.043472,
2010,NFCORE_RANGELAND:RANGELAND:PREPROCESSING:PREPROCESS_CONFIG,1722109079000,1722109080000,1,77.0,,6442450944.0,,,0.0008178292266997223,0.0008178292266997223,0.0,801.043472,
2011,NFCORE_RANGELAND:RANGELAND:PREPROCESSING:PREPROCESS_CONFIG,1722109079000,1722109080000,1,70.0,,6442450944.0,,,0.0007910582426094444,0.0007910582426094444,0.0,801.043472,
2012,NFCORE_RANGELAND:RANGELAND:PREPROCESSING:PREPROCESS_CONFIG,1722109080000,1722109080000,1,71.9,,6442450944.0,,,0.0,0.0,0.0,801.043472,
2013,NFCORE_RANGELAND:RANGELAND:PREPROCESSING:PREPROCESS_CONFIG,1722109080000,1722109080000,1,69.6,,6442450944.0,,,0.0,0.0,0.0,801.043472,
2014,NFCORE_RANGELAND:RANGELAND:PREPROCESSING:PREPROCESS_CONFIG,1722109080000,1722109080000,1,75.5,,6442450944.0,,,0.0,0.0,0.0,801.043472,
2015,NFCORE_RANGELAND:RANGELAND:PREPROCESSING:PREPROCESS_CONFIG,1722109080000,1722109080000,1,72.3,,6442450944.0,,,0.0,0.0,0.0,801.043472,
2016,NFCORE_RANGELAND:RANGELAND:PREPROCESSING:PREPROCESS_CONFIG,1722109080000,1722109080000,1,73.2,,6442450944.0,,,0.0,0.0,0.0,801.043472,
2017,NFCORE_RANGELAND:RANGELAND:PREPROCESSING:PREPROCESS_CONFIG,1722109080000,1722109080000,1,57.9,,6442450944.0,,,0.0,0.0,0.0,801.043472,
2018,NFCORE_RANGELAND:RANGELAND:PREPROCESSING:PREPROCESS_CONFIG,1722109080000,1722109081000,1,66.9,,6442450944.0,,,0.0007792025210837501,0.0007792025210837501,0.0,801.043472,
2019,NFCORE_RANGELAND:RANGELAND:PREPROCESSING:PREPROCESS_CONFIG,1722109080000,1722109081000,1,73.1,,6442450944.0,,,0.0008029139641351388,0.0008029139641351388,0.0,801.043472,
2020,NFCORE_RANGELAND:RANGELAND:PREPROCESSING:PREPROCESS_CONFIG,1722109080000,1722109081000,1,73.1,,6442450944.0,,,0.0008029139641351388,0.0008029139641351388,0.0,801.043472,
2021,NFCORE_RANGELAND:RANGELAND:PREPROCESSING:PREPROCESS_CONFIG,1722109080000,1722109081000,1,71.3,,6442450944.0,,,0.0007960299967976389,0.0007960299967976389,0.0,801.043472,
2022,NFCORE_RANGELAND:RANGELAND:PREPROCESSING:PREPROCESS_CONFIG,1722109081000,1722109081000,1,69.9,,6442450944.0,,,0.0,0.0,0.0,801.043472,
2023,NFCORE_RANGELAND:RANGELAND:PREPROCESSING:PREPROCESS_CONFIG,1722109081000,1722109081000,1,60.6,,6442450944.0,,,0.0,0.0,0.0,801.043472,
2024,NFCORE_RANGELAND:RANGELAND:PREPROCESSING:PREPROCESS_CONFIG,1722109081000,1722109081000,1,69.1,,6442450944.0,,,0.0,0.0,0.0,801.043472,
2025,NFCORE_RANGELAND:RANGELAND:PREPROCESSING:PREPROCESS_CONFIG,1722109081000,1722109081000,1,69.3,,6442450944.0,,,0.0,0.0,0.0,801.043472,
2026,NFCORE_RANGELAND:RANGELAND:PREPROCESSING:PREPROCESS_CONFIG,1722109081000,1722109081000,1,86.5,,6442450944.0,,,0.0,0.0,0.0,801.043472,
2027,NFCORE_RANGELAND:RANGELAND:PREPROCESSING:PREPROCESS_CONFIG,1722109126000,1722109126000,1,100.9,,6442450944.0,,,0.0,0.0,0.0,801.043472,
2028,NFCORE_RANGELAND:RANGELAND:PREPROCESSING:PREPROCESS_CONFIG,1722109081000,1722109081000,1,77.5,,6442450944.0,,,0.0,0.0,0.0,801.043472,
2029,NFCORE_RANGELAND:RANGELAND:PREPROCESSING:PREPROCESS_CONFIG,1722109081000,1722109082000,1,68.5,,6442450944.0,,,0.000785321603161528,0.000785321603161528,0.0,801.043472,
2030,NFCORE_RANGELAND:RANGELAND:PREPROCESSING:PREPROCESS_CONFIG,1722109081000,1722109082000,1,81.5,,6442450944.0,,,0.0008350391450434722,0.0008350391450434722,0.0,801.043472,
2031,NFCORE_RANGELAND:RANGELAND:PREPROCESSING:PREPROCESS_CONFIG,1722109081000,1722109082000,1,74.9,,6442450944.0,,,0.0008097979314726389,0.0008097979314726389,0.0,801.043472,
2032,NFCORE_RANGELAND:RANGELAND:PREPROCESSING:PREPROCESS_CONFIG,1722109082000,1722109082000,1,74.1,,6442450944.0,,,0.0,0.0,0.0,801.043472,
2033,NFCORE_RANGELAND:RANGELAND:PREPROCESSING:PREPROCESS_CONFIG,1722109127000,1722109127000,1,108.6,,6442450944.0,,,0.0,0.0,0.0,801.043472,
2034,NFCORE_RANGELAND:RANGELAND:PREPROCESSING:PREPROCESS_CONFIG,1722109082000,1722109082000,1,71.3,,6442450944.0,,,0.0,0.0,0.0,801.043472,
2036,NFCORE_RANGELAND:RANGELAND:PREPROCESSING:PREPROCESS_CONFIG,1722109082000,1722109082000,1,66.3,,6442450944.0,,,0.0,0.0,0.0,801.043472,
2037,NFCORE_RANGELAND:RANGELAND:PREPROCESSING:PREPROCESS_CONFIG,1722109082000,1722109082000,1,73.0,,6442450944.0,,,0.0,0.0,0.0,801.043472,
2038,NFCORE_RANGELAND:RANGELAND:PREPROCESSING:PREPROCESS_CONFIG,1722109082000,1722109082000,1,71.3,,6442450944.0,,,0.0,0.0,0.0,801.043472,
2039,NFCORE_RANGELAND:RANGELAND:PREPROCESSING:PREPROCESS_CONFIG,1722109127000,1722109127000,1,110.7,,6442450944.0,,,0.0,0.0,0.0,801.043472,
2040,NFCORE_RANGELAND:RANGELAND:PREPROCESSING:PREPROCESS_CONFIG,1722109082000,1722109083000,1,71.3,,6442450944.0,,,0.0007960299967976389,0.0007960299967976389,0.0,801.043472,
2041,NFCORE_RANGELAND:RANGELAND:PREPROCESSING:PREPROCESS_CONFIG,1722109082000,1722109083000,1,67.2,,6442450944.0,,,0.0007803498489733335,0.0007803498489733335,0.0,801.043472,
2042,NFCORE_RANGELAND:RANGELAND:PREPROCESSING:PREPROCESS_CONFIG,1722109082000,1722109083000,1,71.3,,6442450944.0,,,0.0007960299967976389,0.0007960299967976389,0.0,801.043472,
2043,NFCORE_RANGELAND:RANGELAND:PREPROCESSING:PREPROCESS_CONFIG,1722109127000,1722109128000,1,101.9,,6442450944.0,,,0.0009130574415351391,0.0009130574415351391,0.0,801.043472,
2044,NFCORE_RANGELAND:RANGELAND:PREPROCESSING:PREPROCESS_CONFIG,1722109083000,1722109083000,1,73.9,,6442450944.0,,,0.0,0.0,0.0,801.043472,
2045,NFCORE_RANGELAND:RANGELAND:PREPROCESSING:PREPROCESS_CONFIG,1722109083000,1722109083000,1,78.2,,6442450944.0,,,0.0,0.0,0.0,801.043472,
2046,NFCORE_RANGELAND:RANGELAND:PREPROCESSING:PREPROCESS_CONFIG,1722109083000,1722109083000,1,80.5,,6442450944.0,,,0.0,0.0,0.0,801.043472,
2047,NFCORE_RANGELAND:RANGELAND:PREPROCESSING:PREPROCESS_CONFIG,1722109083000,1722109083000,1,71.0,,6442450944.0,,,0.0,0.0,0.0,801.043472,
2048,NFCORE_RANGELAND:RANGELAND:PREPROCESSING:PREPROCESS_CONFIG,1722109083000,1722109084000,1,82.2,,6442450944.0,,,0.0008377162434525001,0.0008377162434525001,0.0,801.043472,
2049,NFCORE_RANGELAND:RANGELAND:PREPROCESSING:PREPROCESS_CONFIG,1722109083000,1722109083000,1,80.2,,6442450944.0,,,0.0,0.0,0.0,801.043472,
2071,NFCORE_RANGELAND:RANGELAND:PREPROCESSING:PREPROCESS_CONFIG,1722109083000,1722109084000,1,78.2,,6442450944.0,,,0.0008224185382580555,0.0008224185382580555,0.0,801.043472,
2050,NFCORE_RANGELAND:RANGELAND:PREPROCESSING:PREPROCESS_CONFIG,1722109083000,1722109084000,1,66.7,,6442450944.0,,,0.0007784376358240277,0.0007784376358240277,0.0,801.043472,
2051,NFCORE_RANGELAND:RANGELAND:PREPROCESSING:PREPROCESS_CONFIG,1722109084000,1722109084000,1,69.8,,6442450944.0,,,0.0,0.0,0.0,801.043472,
2052,NFCORE_RANGELAND:RANGELAND:PREPROCESSING:PREPROCESS_CONFIG,1722109084000,1722109084000,1,72.7,,6442450944.0,,,0.0,0.0,0.0,801.043472,
2053,NFCORE_RANGELAND:RANGELAND:PREPROCESSING:PREPROCESS_CONFIG,1722109084000,1722109084000,1,71.4,,6442450944.0,,,0.0,0.0,0.0,801.043472,
2054,NFCORE_RANGELAND:RANGELAND:PREPROCESSING:PREPROCESS_CONFIG,1722109084000,1722109084000,1,80.4,,6442450944.0,,,0.0,0.0,0.0,801.043472,
2055,NFCORE_RANGELAND:RANGELAND:PREPROCESSING:PREPROCESS_CONFIG,1722109084000,1722109084000,1,71.9,,6442450944.0,,,0.0,0.0,0.0,801.043472,
2056,NFCORE_RANGELAND:RANGELAND:PREPROCESSING:PREPROCESS_CONFIG,1722109084000,1722109084000,1,71.4,,6442450944.0,,,0.0,0.0,0.0,801.043472,
2057,NFCORE_RANGELAND:RANGELAND:PREPROCESSING:PREPROCESS_CONFIG,1722109084000,1722109084000,1,67.4,,6442450944.0,,,0.0,0.0,0.0,801.043472,
2058,NFCORE_RANGELAND:RANGELAND:PREPROCESSING:PREPROCESS_CONFIG,1722109084000,1722109084000,1,73.4,,6442450944.0,,,0.0,0.0,0.0,801.043472,
2059,NFCORE_RANGELAND:RANGELAND:PREPROCESSING:PREPROCESS_CONFIG,1722109129000,1722109129000,1,88.9,,6442450944.0,,,0.0,0.0,0.0,801.043472,
2060,NFCORE_RANGELAND:RANGELAND:PREPROCESSING:PREPROCESS_CONFIG,1722109084000,1722109085000,1,80.2,,6442450944.0,,,0.0008300673908552778,0.0008300673908552778,0.0,801.043472,
2061,NFCORE_RANGELAND:RANGELAND:PREPROCESSING:PREPROCESS_CONFIG,1722109084000,1722109085000,1,83.5,,6442450944.0,,,0.0008426879976406945,0.0008426879976406945,0.0,801.043472,
2062,NFCORE_RANGELAND:RANGELAND:PREPROCESSING:PREPROCESS_CONFIG,1722109085000,1722109085000,1,67.2,,6442450944.0,,,0.0,0.0,0.0,801.043472,
2063,NFCORE_RANGELAND:RANGELAND:PREPROCESSING:PREPROCESS_CONFIG,1722109085000,1722109085000,1,69.1,,6442450944.0,,,0.0,0.0,0.0,801.043472,
2064,NFCORE_RANGELAND:RANGELAND:PREPROCESSING:PREPROCESS_CONFIG,1722109085000,1722109085000,1,66.5,,6442450944.0,,,0.0,0.0,0.0,801.043472,
2065,NFCORE_RANGELAND:RANGELAND:PREPROCESSING:PREPROCESS_CONFIG,1722109085000,1722109085000,1,70.3,,6442450944.0,,,0.0,0.0,0.0,801.043472,
2066,NFCORE_RANGELAND:RANGELAND:PREPROCESSING:PREPROCESS_CONFIG,1722109130000,1722109130000,1,89.4,,6442450944.0,,,0.0,0.0,0.0,801.043472,
2067,NFCORE_RANGELAND:RANGELAND:PREPROCESSING:PREPROCESS_CONFIG,1722109130000,1722109130000,1,103.2,,6442450944.0,,,0.0,0.0,0.0,801.043472,
2068,NFCORE_RANGELAND:RANGELAND:PREPROCESSING:PREPROCESS_CONFIG,1722109085000,1722109086000,1,70.0,,6442450944.0,,,0.0007910582426094444,0.0007910582426094444,0.0,801.043472,
2070,NFCORE_RANGELAND:RANGELAND:PREPROCESSING:PREPROCESS_CONFIG,1722109086000,1722109086000,1,67.1,,6442450944.0,,,0.0,0.0,0.0,801.043472,
2069,NFCORE_RANGELAND:RANGELAND:PREPROCESSING:PREPROCESS_CONFIG,1722109086000,1722109086000,1,74.6,,6442450944.0,,,0.0,0.0,0.0,801.043472,
2074,NFCORE_RANGELAND:RANGELAND:PREPROCESSING:PREPROCESS_CONFIG,1722109086000,1722109086000,1,75.5,,6442450944.0,,,0.0,0.0,0.0,801.043472,
2072,NFCORE_RANGELAND:RANGELAND:PREPROCESSING:PREPROCESS_CONFIG,1722109086000,1722109086000,1,83.6,,6442450944.0,,,0.0,0.0,0.0,801.043472,
2073,NFCORE_RANGELAND:RANGELAND:PREPROCESSING:PREPROCESS_CONFIG,1722109086000,1722109086000,1,65.2,,6442450944.0,,,0.0,0.0,0.0,801.043472,
2075,NFCORE_RANGELAND:RANGELAND:PREPROCESSING:FORCE_PREPROCESS,1722109086000,1722109200000,6,186.8,,38654705664.0,,,0.5280655742664162,0.5280655742664162,0.0,801.043472,
2083,NFCORE_RANGELAND:RANGELAND:PREPROCESSING:FORCE_PREPROCESS,1722109087000,1722109200000,6,186.5,,38654705664.0,,,0.5202016985156812,0.5202016985156812,0.0,801.043472,
2084,NFCORE_RANGELAND:RANGELAND:PREPROCESSING:FORCE_PREPROCESS,1722109087000,1722109200000,6,188.3,,38654705664.0,,,0.50569011457717,0.50569011457717,0.0,801.043472,
2085,NFCORE_RANGELAND:RANGELAND:PREPROCESSING:FORCE_PREPROCESS,1722109087000,1722109200000,6,187.2,,38654705664.0,,,0.52441912981424,0.52441912981424,0.0,801.043472,
2086,NFCORE_RANGELAND:RANGELAND:PREPROCESSING:FORCE_PREPROCESS,1722109087000,1722109200000,6,186.9,,38654705664.0,,,0.528117968906707,0.528117968906707,0.0,801.043472,
2077,NFCORE_RANGELAND:RANGELAND:PREPROCESSING:FORCE_PREPROCESS,1722109086000,1722109200000,6,180.7,,38654705664.0,,,0.5555188151478591,0.5555188151478591,0.0,801.043472,
2078,NFCORE_RANGELAND:RANGELAND:PREPROCESSING:FORCE_PREPROCESS,1722109086000,1722109200000,6,119.9,,38654705664.0,,,0.5649863423806252,0.5649863423806252,0.0,801.043472,
2079,NFCORE_RANGELAND:RANGELAND:PREPROCESSING:FORCE_PREPROCESS,1722109087000,1722109200000,6,173.5,,38654705664.0,,,0.6390095666722366,0.6390095666722366,0.0,801.043472,
2080,NFCORE_RANGELAND:RANGELAND:PREPROCESSING:FORCE_PREPROCESS,1722109131000,1722109200000,6,187.0,,38654705664.0,,,0.5590124285716402,0.5590124285716402,0.0,801.043472,
2081,NFCORE_RANGELAND:RANGELAND:PREPROCESSING:FORCE_PREPROCESS,1722109087000,1722109200000,6,188.6,,38654705664.0,,,0.6409886168862372,0.6409886168862372,0.0,801.043472,
2082,NFCORE_RANGELAND:RANGELAND:PREPROCESSING:FORCE_PREPROCESS,1722109087000,1722109200000,6,168.5,,38654705664.0,,,0.7379787171034147,0.7379787171034147,0.0,801.043472,
2089,NFCORE_RANGELAND:RANGELAND:PREPROCESSING:FORCE_PREPROCESS,1722109087000,1722109200000,6,179.9,,38654705664.0,,,0.8077300919869894,0.8077300919869894,0.0,801.043472,
2076,NFCORE_RANGELAND:RANGELAND:PREPROCESSING:FORCE_PREPROCESS,1722109086000,1722109200000,6,158.1,,38654705664.0,,,0.8500542112274446,0.8500542112274446,0.0,801.043472,
2088,NFCORE_RANGELAND:RANGELAND:PREPROCESSING:FORCE_PREPROCESS,1722109087000,1722109200000,6,165.4,,38654705664.0,,,0.9959797372879934,0.9959797372879934,0.0,801.043472,
2087,NFCORE_RANGELAND:RANGELAND:PREPROCESSING:FORCE_PREPROCESS,1722109132000,1722109200000,6,145.3,,38654705664.0,,,1.2528692679341578,1.2528692679341578,0.0,801.043472,
2090,NFCORE_RANGELAND:RANGELAND:PREPROCESSING:FORCE_PREPROCESS,1722109087000,1722109200000,6,130.0,,38654705664.0,,,1.5057539073813198,1.5057539073813198,0.0,792.8788159999999,
2101,NFCORE_RANGELAND:RANGELAND:PREPROCESSING:FORCE_PREPROCESS,1722109224000,1722109258000,6,167.5,,38654705664.0,,,0.12854318171875032,0.12854318171875032,0.0,801.043472,
2091,NFCORE_RANGELAND:RANGELAND:PREPROCESSING:FORCE_PREPROCESS,1722109221000,1722109351000,6,188.2,,38654705664.0,,,0.5017801671530193,0.5017801671530193,0.0,801.043472,
2092,NFCORE_RANGELAND:RANGELAND:PREPROCESSING:FORCE_PREPROCESS,1722109226000,1722109362000,6,185.6,,38654705664.0,,,0.5235869346516623,0.5235869346516623,0.0,801.043472,
2093,NFCORE_RANGELAND:RANGELAND:PREPROCESSING:FORCE_PREPROCESS,1722109226000,1722109361000,6,187.8,,38654705664.0,,,0.5208728853310874,0.5208728853310874,0.0,801.043472,
2094,NFCORE_RANGELAND:RANGELAND:PREPROCESSING:FORCE_PREPROCESS,1722109226000,1722109358000,6,188.2,,38654705664.0,,,0.5094998620322967,0.5094998620322967,0.0,801.043472,
2102,NFCORE_RANGELAND:RANGELAND:PREPROCESSING:FORCE_PREPROCESS,1722109257000,1722109384000,6,185.2,,38654705664.0,,,0.48874351841433283,0.48874351841433283,0.0,801.043472,
2130,NFCORE_RANGELAND:RANGELAND:PREPROCESSING:FORCE_PREPROCESS,1722109281000,1722109430000,6,185.4,,38654705664.0,,,0.5735217178543726,0.5735217178543726,0.0,801.043472,
2132,NFCORE_RANGELAND:RANGELAND:PREPROCESSING:FORCE_PREPROCESS,1722109284000,1722109415000,6,187.3,,38654705664.0,,,0.5051891147320517,0.5051891147320517,0.0,801.043472,
2375,NFCORE_RANGELAND:RANGELAND:PREPROCESSING:FORCE_PREPROCESS,1722109233000,1722109363000,6,186.7,,38654705664.0,,,0.5010344040247902,0.5010344040247902,0.0,801.043472,
2376,NFCORE_RANGELAND:RANGELAND:PREPROCESSING:FORCE_PREPROCESS,1722109245000,1722109372000,6,189.0,,38654705664.0,,,0.4905891865460425,0.4905891865460425,0.0,801.043472,
2377,NFCORE_RANGELAND:RANGELAND:PREPROCESSING:FORCE_PREPROCESS,1722109255000,1722109388000,6,187.1,,38654705664.0,,,0.5128001959044485,0.5128001959044485,0.0,801.043472,
2133,NFCORE_RANGELAND:RANGELAND:PREPROCESSING:FORCE_PREPROCESS,1722109301000,1722109430000,6,188.8,,38654705664.0,,,0.49821633030889334,0.49821633030889334,0.0,801.043472,
2134,NFCORE_RANGELAND:RANGELAND:PREPROCESSING:FORCE_PREPROCESS,1722109316000,1722109449000,6,186.9,,38654705664.0,,,0.5126984661649054,0.5126984661649054,0.0,801.043472,
2135,NFCORE_RANGELAND:RANGELAND:PREPROCESSING:FORCE_PREPROCESS,1722109354000,1722109482000,6,188.8,,38654705664.0,,,0.4943541882134755,0.4943541882134755,0.0,801.043472,
2276,NFCORE_RANGELAND:RANGELAND:PREPROCESSING:FORCE_PREPROCESS,1722109364000,1722109493000,6,188.6,,38654705664.0,,,0.4981176601103891,0.4981176601103891,0.0,801.043472,
2387,NFCORE_RANGELAND:RANGELAND:PREPROCESSING:FORCE_PREPROCESS,1722109366000,1722109500000,6,186.7,,38654705664.0,,,0.5202263917806662,0.5202263917806662,0.0,792.8788159999999,
2388,NFCORE_RANGELAND:RANGELAND:PREPROCESSING:FORCE_PREPROCESS,1722109356000,1722109497000,6,186.6,,38654705664.0,,,0.5433756984160775,0.5433756984160775,0.0,801.043472,
2136,NFCORE_RANGELAND:RANGELAND:PREPROCESSING:FORCE_PREPROCESS,1722109364000,1722109499000,6,188.8,,38654705664.0,,,0.5213891828814,0.5213891828814,0.0,801.043472,
2384,NFCORE_RANGELAND:RANGELAND:PREPROCESSING:FORCE_PREPROCESS,1722109392000,1722109500000,6,186.4,,38654705664.0,,,0.4991573085508645,0.4991573085508645,0.0,792.8788159999999,
2390,NFCORE_RANGELAND:RANGELAND:PREPROCESSING:FORCE_PREPROCESS,1722109387000,1722109500000,6,188.6,,38654705664.0,,,0.5044235558488352,0.5044235558488352,0.0,792.8788159999999,
2131,NFCORE_RANGELAND:RANGELAND:PREPROCESSING:FORCE_PREPROCESS,1722109260000,1722109500000,6,151.4,,38654705664.0,,,0.9982415881439902,0.9982415881439902,0.0,792.8788159999999,
2393,NFCORE_RANGELAND:RANGELAND:PREPROCESSING:FORCE_PREPROCESS,1722109433000,1722109500000,6,186.6,,38654705664.0,,,0.5375623731926675,0.5375623731926675,0.0,792.8788159999999,
2389,NFCORE_RANGELAND:RANGELAND:PREPROCESSING:FORCE_PREPROCESS,1722109374000,1722109500000,6,176.7,,38654705664.0,,,0.6340604597262379,0.6340604597262379,0.0,792.8788159999999,
2385,NFCORE_RANGELAND:RANGELAND:PREPROCESSING:FORCE_PREPROCESS,1722109417000,1722109500000,6,187.9,,38654705664.0,,,0.5130541652545673,0.5130541652545673,0.0,792.8788159999999,
2386,NFCORE_RANGELAND:RANGELAND:PREPROCESSING:FORCE_PREPROCESS,1722109474000,1722109500000,6,188.0,,38654705664.0,,,0.5426446967150012,0.5426446967150012,0.0,792.8788159999999,
2383,NFCORE_RANGELAND:RANGELAND:PREPROCESSING:FORCE_PREPROCESS,1722109362000,1722109500000,6,170.5,,38654705664.0,,,0.7945015858020916,0.7945015858020916,0.0,792.8788159999999,
2396,NFCORE_RANGELAND:RANGELAND:PREPROCESSING:FORCE_PREPROCESS,1722109451000,1722109500000,6,189.5,,38654705664.0,,,0.6247701261214336,0.6247701261214336,0.0,792.8788159999999,
2400,NFCORE_RANGELAND:RANGELAND:PREPROCESSING:FORCE_PREPROCESS,1722109485000,1722109500000,6,187.8,,38654705664.0,,,0.4925363167192667,0.4925363167192667,0.0,792.8788159999999,
2397,NFCORE_RANGELAND:RANGELAND:PREPROCESSING:FORCE_PREPROCESS,1722109496000,1722109500000,6,187.9,,38654705664.0,,,0.49549992023883016,0.49549992023883016,0.0,792.8788159999999,
2395,NFCORE_RANGELAND:RANGELAND:PREPROCESSING:FORCE_PREPROCESS,1722109433000,1722109500000,6,177.8,,38654705664.0,,,0.7761108593053745,0.7761108593053745,0.0,792.8788159999999,
2403,NFCORE_RANGELAND:RANGELAND:PREPROCESSING:FORCE_PREPROCESS,1722109499000,1722109500000,6,187.3,,38654705664.0,,,0.5138583840753136,0.5138583840753136,0.0,792.8788159999999,
2404,NFCORE_RANGELAND:RANGELAND:PREPROCESSING:FORCE_PREPROCESS,1722109503000,1722109636000,6,188.1,,38654705664.0,,,0.5028450176453813,0.5028450176453813,0.0,784.71416,
2401,NFCORE_RANGELAND:RANGELAND:PREPROCESSING:FORCE_PREPROCESS,1722109504000,1722109644000,6,181.3,,38654705664.0,,,0.5257439100445974,0.5257439100445974,0.0,784.71416,
2405,NFCORE_RANGELAND:RANGELAND:PREPROCESSING:FORCE_PREPROCESS,1722109524000,1722109656000,6,187.0,,38654705664.0,,,0.4985202412958166,0.4985202412958166,0.0,784.71416,
2406,NFCORE_RANGELAND:RANGELAND:PREPROCESSING:FORCE_PREPROCESS,1722109531000,1722109660000,6,188.3,,38654705664.0,,,0.48781851802143544,0.48781851802143544,0.0,784.71416,
2417,NFCORE_RANGELAND:RANGELAND:PREPROCESSING:FORCE_PREPROCESS,1722109638000,1722109672000,6,169.5,,38654705664.0,,,0.12617758204032087,0.12617758204032087,0.0,784.71416,
2411,NFCORE_RANGELAND:RANGELAND:PREPROCESSING:FORCE_PREPROCESS,1722109553000,1722109686000,6,187.6,,38654705664.0,,,0.5025958777113362,0.5025958777113362,0.0,784.71416,
2153,NFCORE_RANGELAND:RANGELAND:PREPROCESSING:FORCE_PREPROCESS,1722109544000,1722109701000,6,173.5,,38654705664.0,,,0.5849963207269799,0.5849963207269799,0.0,784.71416,
2162,NFCORE_RANGELAND:RANGELAND:PREPROCESSING:FORCE_PREPROCESS,1722109521000,1722109720000,6,159.9,,38654705664.0,,,0.7313527184036229,0.7313527184036229,0.0,784.71416,
2414,NFCORE_RANGELAND:RANGELAND:PREPROCESSING:FORCE_PREPROCESS,1722109577000,1722109744000,6,174.5,,38654705664.0,,,0.6228828925591883,0.6228828925591883,0.0,784.71416,
2140,NFCORE_RANGELAND:RANGELAND:PREPROCESSING:FORCE_PREPROCESS,1722109505000,1722109748000,6,165.0,,38654705664.0,,,0.8977018413855377,0.8977018413855377,0.0,784.71416,
2264,NFCORE_RANGELAND:RANGELAND:PREPROCESSING:FORCE_PREPROCESS,1722109618000,1722109748000,6,187.6,,38654705664.0,,,0.49125912859002774,0.49125912859002774,0.0,784.71416,
2426,NFCORE_RANGELAND:RANGELAND:PREPROCESSING:FORCE_PREPROCESS,1722109722000,1722109759000,6,168.8,,38654705664.0,,,0.13721386465470556,0.13721386465470556,0.0,784.71416,
2415,NFCORE_RANGELAND:RANGELAND:PREPROCESSING:FORCE_PREPROCESS,1722109618000,1722109779000,6,184.4,,38654705664.0,,,0.606475357319436,0.606475357319436,0.0,784.71416,
2265,NFCORE_RANGELAND:RANGELAND:PREPROCESSING:FORCE_PREPROCESS,1722109629000,1722109779000,6,177.2,,38654705664.0,,,0.5609929703945833,0.5609929703945833,0.0,784.71416,
2160,NFCORE_RANGELAND:RANGELAND:PREPROCESSING:FORCE_PREPROCESS,1722109640000,1722109788000,6,186.4,,38654705664.0,,,0.5586142511030445,0.5586142511030445,0.0,784.71416,
2409,NFCORE_RANGELAND:RANGELAND:PREPROCESSING:FORCE_PREPROCESS,1722109620000,1722109800000,6,165.3,,38654705664.0,,,0.8438773022254351,0.8438773022254351,0.0,787.662508,
2423,NFCORE_RANGELAND:RANGELAND:PREPROCESSING:FORCE_PREPROCESS,1722109662000,1722109800000,6,192.4,,38654705664.0,,,0.5851790144414367,0.5851790144414367,0.0,787.662508,
2151,NFCORE_RANGELAND:RANGELAND:PREPROCESSING:FORCE_PREPROCESS,1722109576000,1722109800000,6,148.9,,38654705664.0,,,1.0373352543486183,1.0373352543486183,0.0,787.662508,
2422,NFCORE_RANGELAND:RANGELAND:PREPROCESSING:FORCE_PREPROCESS,1722109642000,1722109800000,6,174.7,,38654705664.0,,,0.6946741097339489,0.6946741097339489,0.0,787.662508,
2425,NFCORE_RANGELAND:RANGELAND:PREPROCESSING:FORCE_PREPROCESS,1722109703000,1722109800000,6,191.7,,38654705664.0,,,0.5438931417114325,0.5438931417114325,0.0,787.662508,
2421,NFCORE_RANGELAND:RANGELAND:PREPROCESSING:FORCE_PREPROCESS,1722109659000,1722109800000,6,188.1,,38654705664.0,,,0.723551342700825,0.723551342700825,0.0,787.662508,
2419,NFCORE_RANGELAND:RANGELAND:PREPROCESSING:FORCE_PREPROCESS,1722109674000,1722109800000,6,176.7,,38654705664.0,,,0.7120329171789925,0.7120329171789925,0.0,787.662508,
2416,NFCORE_RANGELAND:RANGELAND:PREPROCESSING:FORCE_PREPROCESS,1722109746000,1722109800000,6,187.4,,38654705664.0,,,0.5123522148217388,0.5123522148217388,0.0,787.662508,
2424,NFCORE_RANGELAND:RANGELAND:PREPROCESSING:FORCE_PREPROCESS,1722109688000,1722109800000,6,189.9,,38654705664.0,,,0.7027713200488006,0.7027713200488006,0.0,787.662508,
2428,NFCORE_RANGELAND:RANGELAND:PREPROCESSING:FORCE_PREPROCESS,1722109751000,1722109800000,6,192.6,,38654705664.0,,,0.5495724509813563,0.5495724509813563,0.0,787.662508,
2430,NFCORE_RANGELAND:RANGELAND:PREPROCESSING:FORCE_PREPROCESS,1722109761000,1722109800000,6,190.6,,38654705664.0,,,0.5487729294050147,0.5487729294050147,0.0,787.662508,
2431,NFCORE_RANGELAND:RANGELAND:PREPROCESSING:FORCE_PREPROCESS,1722109752000,1722109800000,6,190.6,,38654705664.0,,,0.5485166009512534,0.5485166009512534,0.0,787.662508,
2432,NFCORE_RANGELAND:RANGELAND:PREPROCESSING:FORCE_PREPROCESS,1722109781000,1722109800000,6,189.9,,38654705664.0,,,0.552778435622795,0.552778435622795,0.0,787.662508,
2434,NFCORE_RANGELAND:RANGELAND:PREPROCESSING:FORCE_PREPROCESS,1722109783000,1722109800000,6,192.7,,38654705664.0,,,0.7877868806151281,0.7877868806151281,0.0,787.662508,
2420,NFCORE_RANGELAND:RANGELAND:PREPROCESSING:FORCE_PREPROCESS,1722109647000,1722109800000,6,112.3,,38654705664.0,,,1.2713361387191062,1.2713361387191062,0.0,787.662508,
2433,NFCORE_RANGELAND:RANGELAND:PREPROCESSING:FORCE_PREPROCESS,1722109790000,1722109800000,6,188.2,,38654705664.0,,,1.173065775038617,1.173065775038617,0.0,787.662508,
2440,NFCORE_RANGELAND:RANGELAND:PREPROCESSING:FORCE_PREPROCESS,1722109853000,1722109890000,6,166.7,,38654705664.0,,,0.1379516636957098,0.1379516636957098,0.0,790.610856,
2435,NFCORE_RANGELAND:RANGELAND:PREPROCESSING:FORCE_PREPROCESS,1722109850000,1722110005000,6,191.2,,38654705664.0,,,0.5922397292881416,0.5922397292881416,0.0,790.610856,
2437,NFCORE_RANGELAND:RANGELAND:PREPROCESSING:FORCE_PREPROCESS,1722109821000,1722109968000,6,192.2,,38654705664.0,,,0.5622273862708212,0.5622273862708212,0.0,790.610856,
2439,NFCORE_RANGELAND:RANGELAND:PREPROCESSING:FORCE_PREPROCESS,1722109848000,1722109991000,6,191.9,,38654705664.0,,,0.5467667507787902,0.5467667507787902,0.0,790.610856,
2436,NFCORE_RANGELAND:RANGELAND:PREPROCESSING:FORCE_PREPROCESS,1722109899000,1722110042000,6,192.3,,38654705664.0,,,0.5469826589170694,0.5469826589170694,0.0,790.610856,
2443,NFCORE_RANGELAND:RANGELAND:PREPROCESSING:FORCE_PREPROCESS,1722109884000,1722110040000,6,190.2,,38654705664.0,,,0.5954717903902951,0.5954717903902951,0.0,790.610856,
2429,NFCORE_RANGELAND:RANGELAND:PREPROCESSING:FORCE_PREPROCESS,1722109863000,1722110100000,6,169.8,,38654705664.0,,,0.8976299179952999,0.8976299179952999,0.0,790.610856,
2445,NFCORE_RANGELAND:RANGELAND:PREPROCESSING:FORCE_PREPROCESS,1722109898000,1722110051000,6,190.9,,38654705664.0,,,0.5844246713724695,0.5844246713724695,0.0,790.610856,
2448,NFCORE_RANGELAND:RANGELAND:PREPROCESSING:FORCE_PREPROCESS,1722109929000,1722110073000,6,190.1,,38654705664.0,,,0.5496119135562301,0.5496119135562301,0.0,790.610856,
2441,NFCORE_RANGELAND:RANGELAND:PREPROCESSING:FORCE_PREPROCESS,1722109867000,1722110083000,6,163.2,,38654705664.0,,,0.80248583105712,0.80248583105712,0.0,790.610856,
2444,NFCORE_RANGELAND:RANGELAND:PREPROCESSING:FORCE_PREPROCESS,1722109892000,1722110082000,6,185.6,,38654705664.0,,,0.7219550877214667,0.7219550877214667,0.0,790.610856,
2446,NFCORE_RANGELAND:RANGELAND:PREPROCESSING:FORCE_PREPROCESS,1722109908000,1722110081000,6,179.2,,38654705664.0,,,0.6531798493580266,0.6531798493580266,0.0,790.610856,
2449,NFCORE_RANGELAND:RANGELAND:PREPROCESSING:FORCE_PREPROCESS,1722110008000,1722110100000,6,191.0,,38654705664.0,,,0.5730219833576875,0.5730219833576875,0.0,790.610856,
2450,NFCORE_RANGELAND:RANGELAND:PREPROCESSING:FORCE_PREPROCESS,1722109971000,1722110100000,6,185.3,,38654705664.0,,,0.626774153650597,0.626774153650597,0.0,790.610856,
2451,NFCORE_RANGELAND:RANGELAND:PREPROCESSING:FORCE_PREPROCESS,1722109992000,1722110100000,6,191.8,,38654705664.0,,,0.5849444362438163,0.5849444362438163,0.0,790.610856,
2453,NFCORE_RANGELAND:RANGELAND:PREPROCESSING:FORCE_PREPROCESS,1722110012000,1722110100000,6,190.0,,38654705664.0,,,0.5648230468115434,0.5648230468115434,0.0,790.610856,
2452,NFCORE_RANGELAND:RANGELAND:PREPROCESSING:FORCE_PREPROCESS,1722109994000,1722110100000,6,176.8,,38654705664.0,,,0.6779784569271001,0.6779784569271001,0.0,790.610856,
2454,NFCORE_RANGELAND:RANGELAND:PREPROCESSING:FORCE_PREPROCESS,1722110043000,1722110100000,6,190.5,,38654705664.0,,,0.5574658500352638,0.5574658500352638,0.0,790.610856,
2455,NFCORE_RANGELAND:RANGELAND:PREPROCESSING:FORCE_PREPROCESS,1722110046000,1722110100000,6,190.3,,38654705664.0,,,0.5535381268721865,0.5535381268721865,0.0,790.610856,
2438,NFCORE_RANGELAND:RANGELAND:PREPROCESSING:FORCE_PREPROCESS,1722109830000,1722110100000,6,149.0,,38654705664.0,,,1.398736016267619,1.398736016267619,0.0,790.610856,
2458,NFCORE_RANGELAND:RANGELAND:PREPROCESSING:FORCE_PREPROCESS,1722110075000,1722110100000,6,191.4,,38654705664.0,,,0.5541401784116188,0.5541401784116188,0.0,790.610856,
2456,NFCORE_RANGELAND:RANGELAND:PREPROCESSING:FORCE_PREPROCESS,1722110054000,1722110100000,6,185.8,,38654705664.0,,,0.6764923006801808,0.6764923006801808,0.0,790.610856,
2459,NFCORE_RANGELAND:RANGELAND:PREPROCESSING:FORCE_PREPROCESS,1722110084000,1722110100000,6,192.5,,38654705664.0,,,0.5662196553983142,0.5662196553983142,0.0,790.610856,
2442,NFCORE_RANGELAND:RANGELAND:PREPROCESSING:FORCE_PREPROCESS,1722109875000,1722110100000,6,137.4,,38654705664.0,,,1.3241246971986076,1.3241246971986076,0.0,790.610856,
2447,NFCORE_RANGELAND:RANGELAND:PREPROCESSING:FORCE_PREPROCESS,1722110086000,1722110100000,6,167.2,,38654705664.0,,,0.7870955475779784,0.7870955475779784,0.0,790.610856,
2163,NFCORE_RANGELAND:RANGELAND:PREPROCESSING:FORCE_PREPROCESS,1722110086000,1722110100000,6,150.2,,38654705664.0,,,0.8652095472567283,0.8652095472567283,0.0,790.610856,
2457,NFCORE_RANGELAND:RANGELAND:PREPROCESSING:FORCE_PREPROCESS,1722110106000,1722110259000,6,190.0,,38654705664.0,,,0.5839049065011226,0.5839049065011226,0.0,790.610856,
2470,NFCORE_RANGELAND:RANGELAND:PREPROCESSING:FORCE_PREPROCESS,1722110194000,1722110231000,6,164.9,,38654705664.0,,,0.13770027415009106,0.13770027415009106,0.0,790.610856,
2193,NFCORE_RANGELAND:RANGELAND:PREPROCESSING:FORCE_PREPROCESS,1722110100000,1722110246000,6,185.7,,38654705664.0,,,0.5548205978795637,0.5548205978795637,0.0,790.610856,
2413,NFCORE_RANGELAND:RANGELAND:PREPROCESSING:FORCE_PREPROCESS,1722110138000,1722110269000,6,187.6,,38654705664.0,,,0.4987579840299991,0.4987579840299991,0.0,790.610856,
2476,NFCORE_RANGELAND:RANGELAND:PREPROCESSING:FORCE_PREPROCESS,1722110249000,1722110286000,6,167.7,,38654705664.0,,,0.13809132455438689,0.13809132455438689,0.0,790.610856,
2463,NFCORE_RANGELAND:RANGELAND:PREPROCESSING:FORCE_PREPROCESS,1722110162000,1722110301000,6,190.6,,38654705664.0,,,0.5307905024949946,0.5307905024949946,0.0,790.610856,
2461,NFCORE_RANGELAND:RANGELAND:PREPROCESSING:FORCE_PREPROCESS,1722110148000,1722110343000,6,168.4,,38654705664.0,,,0.7282938377112126,0.7282938377112126,0.0,790.610856,
2464,NFCORE_RANGELAND:RANGELAND:PREPROCESSING:FORCE_PREPROCESS,1722110177000,1722110344000,6,188.5,,38654705664.0,,,0.6363885718725224,0.6363885718725224,0.0,790.610856,
2469,NFCORE_RANGELAND:RANGELAND:PREPROCESSING:FORCE_PREPROCESS,1722110214000,1722110364000,6,191.3,,38654705664.0,,,0.5731918411587813,0.5731918411587813,0.0,790.610856,
2427,NFCORE_RANGELAND:RANGELAND:PREPROCESSING:FORCE_PREPROCESS,1722110160000,1722110400000,6,153.8,,38654705664.0,,,0.9244484387082996,0.9244484387082996,0.0,798.7755119999999,
2472,NFCORE_RANGELAND:RANGELAND:PREPROCESSING:FORCE_PREPROCESS,1722110223000,1722110366000,6,190.7,,38654705664.0,,,0.5461190263639527,0.5461190263639527,0.0,790.610856,
2474,NFCORE_RANGELAND:RANGELAND:PREPROCESSING:FORCE_PREPROCESS,1722110233000,1722110377000,6,190.2,,38654705664.0,,,0.54966626805258,0.54966626805258,0.0,790.610856,
2184,NFCORE_RANGELAND:RANGELAND:PREPROCESSING:FORCE_PREPROCESS,1722110235000,1722110371000,6,188.9,,38654705664.0,,,0.5184619007333618,0.5184619007333618,0.0,790.610856,
2465,NFCORE_RANGELAND:RANGELAND:PREPROCESSING:FORCE_PREPROCESS,1722110192000,1722110380000,6,191.9,,38654705664.0,,,0.7188262178070809,0.7188262178070809,0.0,790.610856,
2473,NFCORE_RANGELAND:RANGELAND:PREPROCESSING:FORCE_PREPROCESS,1722110262000,1722110400000,6,187.6,,38654705664.0,,,0.6147860071177942,0.6147860071177942,0.0,798.7755119999999,
2475,NFCORE_RANGELAND:RANGELAND:PREPROCESSING:FORCE_PREPROCESS,1722110244000,1722110400000,6,184.1,,38654705664.0,,,0.6073697250459766,0.6073697250459766,0.0,798.7755119999999,
2468,NFCORE_RANGELAND:RANGELAND:PREPROCESSING:FORCE_PREPROCESS,1722110235000,1722110400000,6,183.6,,38654705664.0,,,0.6953850744494174,0.6953850744494174,0.0,798.7755119999999,
2477,NFCORE_RANGELAND:RANGELAND:PREPROCESSING:FORCE_PREPROCESS,1722110272000,1722110400000,6,189.6,,38654705664.0,,,0.577856399353865,0.577856399353865,0.0,798.7755119999999,
2221,NFCORE_RANGELAND:RANGELAND:PREPROCESSING:FORCE_PREPROCESS,1722110299000,1722110400000,6,188.5,,38654705664.0,,,0.5015642087219397,0.5015642087219397,0.0,798.7755119999999,
2480,NFCORE_RANGELAND:RANGELAND:PREPROCESSING:FORCE_PREPROCESS,1722110304000,1722110400000,6,191.6,,38654705664.0,,,0.5386113088978434,0.5386113088978434,0.0,798.7755119999999,
2478,NFCORE_RANGELAND:RANGELAND:PREPROCESSING:FORCE_PREPROCESS,1722110288000,1722110400000,6,192.1,,38654705664.0,,,0.6117758830649006,0.6117758830649006,0.0,798.7755119999999,
2481,NFCORE_RANGELAND:RANGELAND:PREPROCESSING:FORCE_PREPROCESS,1722110324000,1722110400000,6,189.8,,38654705664.0,,,0.5703854886932818,0.5703854886932818,0.0,798.7755119999999,
2483,NFCORE_RANGELAND:RANGELAND:PREPROCESSING:FORCE_PREPROCESS,1722110346000,1722110400000,6,191.2,,38654705664.0,,,0.55731234932868,0.55731234932868,0.0,798.7755119999999,
2484,NFCORE_RANGELAND:RANGELAND:PREPROCESSING:FORCE_PREPROCESS,1722110348000,1722110400000,6,185.7,,38654705664.0,,,0.6087420489549312,0.6087420489549312,0.0,798.7755119999999,
2485,NFCORE_RANGELAND:RANGELAND:PREPROCESSING:FORCE_PREPROCESS,1722110367000,1722110400000,6,191.0,,38654705664.0,,,0.5744553602064767,0.5744553602064767,0.0,798.7755119999999,
2486,NFCORE_RANGELAND:RANGELAND:PREPROCESSING:FORCE_PREPROCESS,1722110369000,1722110400000,6,191.9,,38654705664.0,,,0.5556115747866701,0.5556115747866701,0.0,798.7755119999999,
2488,NFCORE_RANGELAND:RANGELAND:PREPROCESSING:FORCE_PREPROCESS,1722110377000,1722110400000,6,192.2,,38654705664.0,,,0.5759264412760268,0.5759264412760268,0.0,798.7755119999999,
2491,NFCORE_RANGELAND:RANGELAND:PREPROCESSING:FORCE_PREPROCESS,1722110382000,1722110400000,6,189.7,,38654705664.0,,,0.586581589523039,0.586581589523039,0.0,798.7755119999999,
2489,NFCORE_RANGELAND:RANGELAND:PREPROCESSING:FORCE_PREPROCESS,1722110379000,1722110400000,6,189.0,,38654705664.0,,,0.7610495469836701,0.7610495469836701,0.0,798.7755119999999,
2487,NFCORE_RANGELAND:RANGELAND:PREPROCESSING:FORCE_PREPROCESS,1722110414000,1722110573000,6,192.3,,38654705664.0,,,0.6207449654118619,0.6207449654118619,0.0,806.940168,
2490,NFCORE_RANGELAND:RANGELAND:PREPROCESSING:FORCE_PREPROCESS,1722110427000,1722110579000,6,190.8,,38654705664.0,,,0.59253818271282,0.59253818271282,0.0,806.940168,
2482,NFCORE_RANGELAND:RANGELAND:PREPROCESSING:FORCE_PREPROCESS,1722110407000,1722110554000,6,189.8,,38654705664.0,,,0.5724804660213013,0.5724804660213013,0.0,806.940168,
2492,NFCORE_RANGELAND:RANGELAND:PREPROCESSING:FORCE_PREPROCESS,1722110425000,1722110569000,6,190.6,,38654705664.0,,,0.56124100829694,0.56124100829694,0.0,806.940168,
2479,NFCORE_RANGELAND:RANGELAND:PREPROCESSING:FORCE_PREPROCESS,1722110421000,1722110581000,6,182.3,,38654705664.0,,,0.6184848955147666,0.6184848955147666,0.0,806.940168,
2497,NFCORE_RANGELAND:RANGELAND:PREPROCESSING:FORCE_PREPROCESS,1722110450000,1722110594000,6,192.4,,38654705664.0,,,0.56223959675484,0.56223959675484,0.0,806.940168,
2495,NFCORE_RANGELAND:RANGELAND:PREPROCESSING:FORCE_PREPROCESS,1722110447000,1722110604000,6,182.3,,38654705664.0,,,0.6068883037238648,0.6068883037238648,0.0,806.940168,
2498,NFCORE_RANGELAND:RANGELAND:PREPROCESSING:FORCE_PREPROCESS,1722110474000,1722110629000,6,189.3,,38654705664.0,,,0.6033372906658157,0.6033372906658157,0.0,806.940168,
2210,NFCORE_RANGELAND:RANGELAND:PREPROCESSING:FORCE_PREPROCESS,1722110508000,1722110638000,6,187.4,,38654705664.0,,,0.505073237434404,0.505073237434404,0.0,806.940168,
2511,NFCORE_RANGELAND:RANGELAND:PREPROCESSING:FORCE_PREPROCESS,1722110607000,1722110642000,6,167.0,,38654705664.0,,,0.13323051487840212,0.13323051487840212,0.0,806.940168,
2172,NFCORE_RANGELAND:RANGELAND:PREPROCESSING:FORCE_PREPROCESS,1722110493000,1722110652000,6,169.9,,38654705664.0,,,0.6070236203051619,0.6070236203051619,0.0,806.940168,
2494,NFCORE_RANGELAND:RANGELAND:PREPROCESSING:FORCE_PREPROCESS,1722110432000,1722110653000,6,181.0,,38654705664.0,,,0.8531754160040204,0.8531754160040204,0.0,806.940168,
2502,NFCORE_RANGELAND:RANGELAND:PREPROCESSING:FORCE_PREPROCESS,1722110517000,1722110665000,6,192.7,,38654705664.0,,,0.5780284178357259,0.5780284178357259,0.0,806.940168,
2500,NFCORE_RANGELAND:RANGELAND:PREPROCESSING:FORCE_PREPROCESS,1722110515000,1722110677000,6,189.0,,38654705664.0,,,0.6303975458761575,0.6303975458761575,0.0,806.940168,
2503,NFCORE_RANGELAND:RANGELAND:PREPROCESSING:FORCE_PREPROCESS,1722110576000,1722110700000,6,191.0,,38654705664.0,,,0.5863387994635636,0.5863387994635636,0.0,812.836864,
2466,NFCORE_RANGELAND:RANGELAND:PREPROCESSING:FORCE_PREPROCESS,1722110556000,1722110700000,6,191.4,,38654705664.0,,,0.5893879973055005,0.5893879973055005,0.0,812.836864,
2509,NFCORE_RANGELAND:RANGELAND:PREPROCESSING:FORCE_PREPROCESS,1722110583000,1722110700000,6,190.2,,38654705664.0,,,0.5783680836845408,0.5783680836845408,0.0,812.836864,
2510,NFCORE_RANGELAND:RANGELAND:PREPROCESSING:FORCE_PREPROCESS,1722110596000,1722110700000,6,189.5,,38654705664.0,,,0.5787074339404219,0.5787074339404219,0.0,812.836864,
2504,NFCORE_RANGELAND:RANGELAND:PREPROCESSING:FORCE_PREPROCESS,1722110535000,1722110700000,6,172.3,,38654705664.0,,,0.9537395061788784,0.9537395061788784,0.0,812.836864,
2513,NFCORE_RANGELAND:RANGELAND:PREPROCESSING:FORCE_PREPROCESS,1722110640000,1722110700000,6,188.4,,38654705664.0,,,0.5569031652139583,0.5569031652139583,0.0,812.836864,
2512,NFCORE_RANGELAND:RANGELAND:PREPROCESSING:FORCE_PREPROCESS,1722110632000,1722110700000,6,192.0,,38654705664.0,,,0.6257519016406135,0.6257519016406135,0.0,812.836864,
2518,NFCORE_RANGELAND:RANGELAND:PREPROCESSING:FORCE_PREPROCESS,1722110656000,1722110700000,6,192.0,,38654705664.0,,,0.5954413480357068,0.5954413480357068,0.0,812.836864,
2516,NFCORE_RANGELAND:RANGELAND:PREPROCESSING:FORCE_PREPROCESS,1722110679000,1722110700000,6,189.7,,38654705664.0,,,0.5479870377209701,0.5479870377209701,0.0,812.836864,
2517,NFCORE_RANGELAND:RANGELAND:PREPROCESSING:FORCE_PREPROCESS,1722110668000,1722110700000,6,190.4,,38654705664.0,,,0.5833232716061645,0.5833232716061645,0.0,812.836864,
2514,NFCORE_RANGELAND:RANGELAND:PREPROCESSING:FORCE_PREPROCESS,1722110645000,1722110700000,6,193.0,,38654705664.0,,,0.7063888506687424,0.7063888506687424,0.0,812.836864,
2515,NFCORE_RANGELAND:RANGELAND:PREPROCESSING:FORCE_PREPROCESS,1722110654000,1722110700000,6,177.4,,38654705664.0,,,0.7233480614928449,0.7233480614928449,0.0,812.836864,
2506,NFCORE_RANGELAND:RANGELAND:PREPROCESSING:FORCE_PREPROCESS,1722110578000,1722110700000,6,111.2,,38654705664.0,,,0.9775040072173589,0.9775040072173589,0.0,812.836864,
2467,NFCORE_RANGELAND:RANGELAND:PREPROCESSING:FORCE_PREPROCESS,1722110584000,1722110700000,6,156.7,,38654705664.0,,,1.3542307805072558,1.3542307805072558,0.0,812.836864,
2412,NFCORE_RANGELAND:RANGELAND:PREPROCESSING:FORCE_PREPROCESS,1722110571000,1722110700000,6,134.4,,38654705664.0,,,1.2516842111833735,1.2516842111833735,0.0,812.836864,
2499,NFCORE_RANGELAND:RANGELAND:PREPROCESSING:FORCE_PREPROCESS,1722110528000,1722110700000,6,112.4,,38654705664.0,,,1.36290648080072,1.36290648080072,0.0,812.836864,
2520,NFCORE_RANGELAND:RANGELAND:PREPROCESSING:FORCE_PREPROCESS,1722110728000,1722110876000,6,191.7,,38654705664.0,,,0.5858977606851625,0.5858977606851625,0.0,818.73356,
2182,NFCORE_RANGELAND:RANGELAND:PREPROCESSING:FORCE_PREPROCESS,1722110710000,1722110844000,6,187.4,,38654705664.0,,,0.5282227004724319,0.5282227004724319,0.0,818.73356,
2183,NFCORE_RANGELAND:RANGELAND:PREPROCESSING:FORCE_PREPROCESS,1722110733000,1722110882000,6,184.2,,38654705664.0,,,0.5854883512627896,0.5854883512627896,0.0,818.73356,
2187,NFCORE_RANGELAND:RANGELAND:PREPROCESSING:FORCE_PREPROCESS,1722110747000,1722110884000,6,188.2,,38654705664.0,,,0.5404769955328619,0.5404769955328619,0.0,818.73356,
2190,NFCORE_RANGELAND:RANGELAND:PREPROCESSING:FORCE_PREPROCESS,1722110784000,1722110924000,6,188.7,,38654705664.0,,,0.5525858801016459,0.5525858801016459,0.0,818.73356,
2526,NFCORE_RANGELAND:RANGELAND:PREPROCESSING:FORCE_PREPROCESS,1722110786000,1722110935000,6,191.4,,38654705664.0,,,0.5896818022154147,0.5896818022154147,0.0,818.73356,
2525,NFCORE_RANGELAND:RANGELAND:PREPROCESSING:FORCE_PREPROCESS,1722110793000,1722110943000,6,189.9,,38654705664.0,,,0.5927598992620312,0.5927598992620312,0.0,818.73356,
2527,NFCORE_RANGELAND:RANGELAND:PREPROCESSING:FORCE_PREPROCESS,1722110809000,1722110956000,6,192.3,,38654705664.0,,,0.5822837556169156,0.5822837556169156,0.0,818.73356,
2528,NFCORE_RANGELAND:RANGELAND:PREPROCESSING:FORCE_PREPROCESS,1722110821000,1722110979000,6,185.7,,38654705664.0,,,0.6217798250114854,0.6217798250114854,0.0,818.73356,
2529,NFCORE_RANGELAND:RANGELAND:PREPROCESSING:FORCE_PREPROCESS,1722110827000,1722110968000,6,192.0,,38654705664.0,,,0.5583517259132,0.5583517259132,0.0,818.73356,
2194,NFCORE_RANGELAND:RANGELAND:PREPROCESSING:FORCE_PREPROCESS,1722110819000,1722110961000,6,184.7,,38654705664.0,,,0.5582597178865701,0.5582597178865701,0.0,818.73356,
2533,NFCORE_RANGELAND:RANGELAND:PREPROCESSING:FORCE_PREPROCESS,1722110846000,1722110999000,6,191.8,,38654705664.0,,,0.6057514098795688,0.6057514098795688,0.0,818.73356,
2534,NFCORE_RANGELAND:RANGELAND:PREPROCESSING:FORCE_PREPROCESS,1722110851000,1722110995000,6,190.5,,38654705664.0,,,0.56938723088505,0.56938723088505,0.0,818.73356,
2292,NFCORE_RANGELAND:RANGELAND:PREPROCESSING:FORCE_PREPROCESS,1722110905000,1722111000000,6,188.0,,38654705664.0,,,0.5403698921062194,0.5403698921062194,0.0,818.73356,
2535,NFCORE_RANGELAND:RANGELAND:PREPROCESSING:FORCE_PREPROCESS,1722110884000,1722111000000,6,191.2,,38654705664.0,,,0.6093493885226611,0.6093493885226611,0.0,818.73356,
2537,NFCORE_RANGELAND:RANGELAND:PREPROCESSING:FORCE_PREPROCESS,1722110943000,1722111000000,6,190.0,,38654705664.0,,,0.5928185325247918,0.5928185325247918,0.0,818.73356,
2536,NFCORE_RANGELAND:RANGELAND:PREPROCESSING:FORCE_PREPROCESS,1722110887000,1722111000000,6,193.0,,38654705664.0,,,0.6857460850701036,0.6857460850701036,0.0,818.73356,
2538,NFCORE_RANGELAND:RANGELAND:PREPROCESSING:FORCE_PREPROCESS,1722110910000,1722111000000,6,190.7,,38654705664.0,,,0.5576352274422677,0.5576352274422677,0.0,818.73356,
2539,NFCORE_RANGELAND:RANGELAND:PREPROCESSING:FORCE_PREPROCESS,1722110926000,1722111000000,6,190.1,,38654705664.0,,,0.5652095647174664,0.5652095647174664,0.0,818.73356,
2541,NFCORE_RANGELAND:RANGELAND:PREPROCESSING:FORCE_PREPROCESS,1722110938000,1722111000000,6,191.6,,38654705664.0,,,0.5739647759046598,0.5739647759046598,0.0,818.73356,
2540,NFCORE_RANGELAND:RANGELAND:PREPROCESSING:FORCE_PREPROCESS,1722110946000,1722111000000,6,184.8,,38654705664.0,,,0.6133603869757001,0.6133603869757001,0.0,818.73356,
2542,NFCORE_RANGELAND:RANGELAND:PREPROCESSING:FORCE_PREPROCESS,1722110958000,1722111000000,6,193.6,,38654705664.0,,,0.5750983523180278,0.5750983523180278,0.0,818.73356,
2095,NFCORE_RANGELAND:RANGELAND:PREPROCESSING:FORCE_PREPROCESS,1722110971000,1722111000000,6,186.6,,38654705664.0,,,0.5238648347439646,0.5238648347439646,0.0,818.73356,
2531,NFCORE_RANGELAND:RANGELAND:PREPROCESSING:FORCE_PREPROCESS,1722110843000,1722111000000,6,155.8,,38654705664.0,,,1.0538893602557418,1.0538893602557418,0.0,818.73356,
2543,NFCORE_RANGELAND:RANGELAND:PREPROCESSING:FORCE_PREPROCESS,1722110963000,1722111000000,6,187.4,,38654705664.0,,,0.6188877908520285,0.6188877908520285,0.0,818.73356,
2097,NFCORE_RANGELAND:RANGELAND:PREPROCESSING:FORCE_PREPROCESS,1722110998000,1722111000000,6,182.7,,38654705664.0,,,0.5610731834739281,0.5610731834739281,0.0,818.73356,
2096,NFCORE_RANGELAND:RANGELAND:PREPROCESSING:FORCE_PREPROCESS,1722110981000,1722111000000,6,153.2,,38654705664.0,,,0.9558774296604571,0.9558774296604571,0.0,818.73356,
2530,NFCORE_RANGELAND:RANGELAND:PREPROCESSING:FORCE_PREPROCESS,1722110879000,1722111000000,6,131.6,,38654705664.0,,,1.7277752351214426,1.7277752351214426,0.0,818.506764,
2551,NFCORE_RANGELAND:RANGELAND:PREPROCESSING:FORCE_PREPROCESS,1722111054000,1722111090000,6,164.2,,38654705664.0,,,0.13864587617582502,0.13864587617582502,0.0,818.73356,
2548,NFCORE_RANGELAND:RANGELAND:PREPROCESSING:FORCE_PREPROCESS,1722111002000,1722111144000,6,188.7,,38654705664.0,,,0.5604799641030979,0.5604799641030979,0.0,818.73356,
2549,NFCORE_RANGELAND:RANGELAND:PREPROCESSING:FORCE_PREPROCESS,1722111044000,1722111191000,6,190.0,,38654705664.0,,,0.5809621618742958,0.5809621618742958,0.0,818.73356,
2545,NFCORE_RANGELAND:RANGELAND:PREPROCESSING:FORCE_PREPROCESS,1722111041000,1722111192000,6,190.0,,38654705664.0,,,0.596770656074957,0.596770656074957,0.0,818.73356,
2552,NFCORE_RANGELAND:RANGELAND:PREPROCESSING:FORCE_PREPROCESS,1722111063000,1722111214000,6,187.2,,38654705664.0,,,0.59511797984195,0.59511797984195,0.0,818.73356,
2556,NFCORE_RANGELAND:RANGELAND:PREPROCESSING:FORCE_PREPROCESS,1722111093000,1722111235000,6,191.9,,38654705664.0,,,0.5622561610763201,0.5622561610763201,0.0,818.73356,
2563,NFCORE_RANGELAND:RANGELAND:PREPROCESSING:FORCE_PREPROCESS,1722111193000,1722111230000,6,167.4,,38654705664.0,,,0.14295996240143125,0.14295996240143125,0.0,818.73356,
2564,NFCORE_RANGELAND:RANGELAND:PREPROCESSING:FORCE_PREPROCESS,1722111196000,1722111232000,6,166.6,,38654705664.0,,,0.138983603769325,0.138983603769325,0.0,818.73356,
2381,NFCORE_RANGELAND:RANGELAND:PREPROCESSING:FORCE_PREPROCESS,1722111107000,1722111249000,6,184.4,,38654705664.0,,,0.5580931994203305,0.5580931994203305,0.0,818.73356,
2553,NFCORE_RANGELAND:RANGELAND:PREPROCESSING:FORCE_PREPROCESS,1722111072000,1722111242000,6,188.3,,38654705664.0,,,0.6707313359989132,0.6707313359989132,0.0,818.73356,
2555,NFCORE_RANGELAND:RANGELAND:PREPROCESSING:FORCE_PREPROCESS,1722111086000,1722111250000,6,180.8,,38654705664.0,,,0.6422505377702444,0.6422505377702444,0.0,818.73356,
2557,NFCORE_RANGELAND:RANGELAND:PREPROCESSING:FORCE_PREPROCESS,1722111104000,1722111251000,6,192.3,,38654705664.0,,,0.5822837556169156,0.5822837556169156,0.0,818.73356,
2565,NFCORE_RANGELAND:RANGELAND:PREPROCESSING:FORCE_PREPROCESS,1722111216000,1722111254000,6,166.9,,38654705664.0,,,0.146749476369541,0.146749476369541,0.0,818.73356,
2559,NFCORE_RANGELAND:RANGELAND:PREPROCESSING:FORCE_PREPROCESS,1722111124000,1722111270000,6,192.4,,38654705664.0,,,0.5783797113422139,0.5783797113422139,0.0,818.73356,
2550,NFCORE_RANGELAND:RANGELAND:PREPROCESSING:FORCE_PREPROCESS,1722111095000,1722111300000,6,167.3,,38654705664.0,,,0.892387874126266,0.892387874126266,0.0,818.506764,
2560,NFCORE_RANGELAND:RANGELAND:PREPROCESSING:FORCE_PREPROCESS,1722111144000,1722111283000,6,192.5,,38654705664.0,,,0.5507035107269234,0.5507035107269234,0.0,818.73356,
2103,NFCORE_RANGELAND:RANGELAND:PREPROCESSING:FORCE_PREPROCESS,1722111121000,1722111278000,6,178.5,,38654705664.0,,,0.6134259069816865,0.6134259069816865,0.0,818.73356,
2380,NFCORE_RANGELAND:RANGELAND:PREPROCESSING:FORCE_PREPROCESS,1722111107000,1722111300000,6,181.8,,38654705664.0,,,1.0660876593995212,1.0660876593995212,0.0,818.506764,
2566,NFCORE_RANGELAND:RANGELAND:PREPROCESSING:FORCE_PREPROCESS,1722111233000,1722111300000,6,187.6,,38654705664.0,,,0.5912300336063896,0.5912300336063896,0.0,818.506764,
2126,NFCORE_RANGELAND:RANGELAND:PREPROCESSING:FORCE_PREPROCESS,1722111237000,1722111300000,6,186.3,,38654705664.0,,,0.5511045172472482,0.5511045172472482,0.0,818.506764,
2561,NFCORE_RANGELAND:RANGELAND:PREPROCESSING:FORCE_PREPROCESS,1722111253000,1722111300000,6,192.5,,38654705664.0,,,0.5703000787883432,0.5703000787883432,0.0,818.506764,
2568,NFCORE_RANGELAND:RANGELAND:PREPROCESSING:FORCE_PREPROCESS,1722111238000,1722111300000,6,189.5,,38654705664.0,,,0.6002287430865674,0.6002287430865674,0.0,818.506764,
2569,NFCORE_RANGELAND:RANGELAND:PREPROCESSING:FORCE_PREPROCESS,1722111245000,1722111300000,6,186.3,,38654705664.0,,,0.6061837731006682,0.6061837731006682,0.0,818.506764,
2570,NFCORE_RANGELAND:RANGELAND:PREPROCESSING:FORCE_PREPROCESS,1722111251000,1722111300000,6,193.0,,38654705664.0,,,0.5785091138240679,0.5785091138240679,0.0,818.506764,
2573,NFCORE_RANGELAND:RANGELAND:PREPROCESSING:FORCE_PREPROCESS,1722111256000,1722111300000,6,190.3,,38654705664.0,,,0.5651045298160289,0.5651045298160289,0.0,818.506764,
2574,NFCORE_RANGELAND:RANGELAND:PREPROCESSING:FORCE_PREPROCESS,1722111254000,1722111300000,6,190.2,,38654705664.0,,,0.5769051802172624,0.5769051802172624,0.0,818.506764,
2575,NFCORE_RANGELAND:RANGELAND:PREPROCESSING:FORCE_PREPROCESS,1722111272000,1722111300000,6,191.5,,38654705664.0,,,0.605297893281364,0.605297893281364,0.0,818.506764,
2576,NFCORE_RANGELAND:RANGELAND:PREPROCESSING:FORCE_PREPROCESS,1722111280000,1722111300000,6,191.5,,38654705664.0,,,0.5657224100979772,0.5657224100979772,0.0,818.506764,
2159,NFCORE_RANGELAND:RANGELAND:PREPROCESSING:FORCE_PREPROCESS,1722111286000,1722111300000,6,170.9,,38654705664.0,,,0.6665843719578987,0.6665843719578987,0.0,818.506764,
2562,NFCORE_RANGELAND:RANGELAND:PREPROCESSING:FORCE_PREPROCESS,1722111146000,1722111300000,6,130.9,,38654705664.0,,,1.8858742776574875,1.8858742776574875,0.0,818.393366,
2109,NFCORE_RANGELAND:RANGELAND:PREPROCESSING:FORCE_PREPROCESS,1722111237000,1722111300000,6,125.4,,38654705664.0,,,1.996811520441101,1.996811520441101,0.0,818.393366,
2578,NFCORE_RANGELAND:RANGELAND:PREPROCESSING:FORCE_PREPROCESS,1722111329000,1722111368000,6,165.5,,38654705664.0,,,0.15031455669361085,0.15031455669361085,0.0,818.2799679999999,
2186,NFCORE_RANGELAND:RANGELAND:PREPROCESSING:FORCE_PREPROCESS,1722111345000,1722111482000,6,189.1,,38654705664.0,,,0.540659260697377,0.540659260697377,0.0,818.2799679999999,
2152,NFCORE_RANGELAND:RANGELAND:PREPROCESSING:FORCE_PREPROCESS,1722111371000,1722111510000,6,186.8,,38654705664.0,,,0.5473031186844345,0.5473031186844345,0.0,818.2799679999999,
2583,NFCORE_RANGELAND:RANGELAND:PREPROCESSING:FORCE_PREPROCESS,1722111382000,1722111523000,6,191.4,,38654705664.0,,,0.557711881383635,0.557711881383635,0.0,818.2799679999999,
2584,NFCORE_RANGELAND:RANGELAND:PREPROCESSING:FORCE_PREPROCESS,1722111386000,1722111532000,6,190.3,,38654705664.0,,,0.5768614794472627,0.5768614794472627,0.0,818.2799679999999,
2585,NFCORE_RANGELAND:RANGELAND:PREPROCESSING:FORCE_PREPROCESS,1722111393000,1722111533000,6,192.8,,38654705664.0,,,0.5545221948146223,0.5545221948146223,0.0,818.2799679999999,
2586,NFCORE_RANGELAND:RANGELAND:PREPROCESSING:FORCE_PREPROCESS,1722111399000,1722111544000,6,193.4,,38654705664.0,,,0.5746664434331028,0.5746664434331028,0.0,818.2799679999999,
2587,NFCORE_RANGELAND:RANGELAND:PREPROCESSING:FORCE_PREPROCESS,1722111403000,1722111549000,6,190.2,,38654705664.0,,,0.5768044413557432,0.5768044413557432,0.0,818.2799679999999,
2580,NFCORE_RANGELAND:RANGELAND:PREPROCESSING:FORCE_PREPROCESS,1722111408000,1722111555000,6,191.4,,38654705664.0,,,0.581444301868045,0.581444301868045,0.0,818.2799679999999,
2581,NFCORE_RANGELAND:RANGELAND:PREPROCESSING:FORCE_PREPROCESS,1722111425000,1722111576000,6,191.7,,38654705664.0,,,0.5974428898767725,0.5974428898767725,0.0,818.2799679999999,
2594,NFCORE_RANGELAND:RANGELAND:PREPROCESSING:FORCE_PREPROCESS,1722111427000,1722111571000,6,192.1,,38654705664.0,,,0.5699718888604399,0.5699718888604399,0.0,818.2799679999999,
2589,NFCORE_RANGELAND:RANGELAND:PREPROCESSING:FORCE_PREPROCESS,1722111484000,1722111600000,6,191.6,,38654705664.0,,,0.5973838984259544,0.5973838984259544,0.0,818.2799679999999,
2590,NFCORE_RANGELAND:RANGELAND:PREPROCESSING:FORCE_PREPROCESS,1722111460000,1722111598000,6,191.7,,38654705664.0,,,0.546007409291355,0.546007409291355,0.0,818.2799679999999,
2579,NFCORE_RANGELAND:RANGELAND:PREPROCESSING:FORCE_PREPROCESS,1722111408000,1722111600000,6,177.8,,38654705664.0,,,0.9092293855870439,0.9092293855870439,0.0,818.2799679999999,
2595,NFCORE_RANGELAND:RANGELAND:PREPROCESSING:FORCE_PREPROCESS,1722111513000,1722111600000,6,177.6,,38654705664.0,,,0.7646921766956266,0.7646921766956266,0.0,818.2799679999999,
2596,NFCORE_RANGELAND:RANGELAND:PREPROCESSING:FORCE_PREPROCESS,1722111525000,1722111600000,6,188.0,,38654705664.0,,,0.56766536220064,0.56766536220064,0.0,818.2799679999999,
2591,NFCORE_RANGELAND:RANGELAND:PREPROCESSING:FORCE_PREPROCESS,1722111546000,1722111600000,6,190.6,,38654705664.0,,,0.5849371498002022,0.5849371498002022,0.0,818.2799679999999,
2593,NFCORE_RANGELAND:RANGELAND:PREPROCESSING:FORCE_PREPROCESS,1722111536000,1722111600000,6,191.1,,38654705664.0,,,0.5615008585854616,0.5615008585854616,0.0,818.2799679999999,
2599,NFCORE_RANGELAND:RANGELAND:PREPROCESSING:FORCE_PREPROCESS,1722111551000,1722111600000,6,189.1,,38654705664.0,,,0.5919626941942083,0.5919626941942083,0.0,818.2799679999999,
2601,NFCORE_RANGELAND:RANGELAND:PREPROCESSING:FORCE_PREPROCESS,1722111573000,1722111600000,6,192.4,,38654705664.0,,,0.57014065910384,0.57014065910384,0.0,818.2799679999999,
2603,NFCORE_RANGELAND:RANGELAND:PREPROCESSING:FORCE_PREPROCESS,1722111578000,1722111600000,6,186.6,,38654705664.0,,,0.6062442793794566,0.6062442793794566,0.0,818.2799679999999,
2588,NFCORE_RANGELAND:RANGELAND:PREPROCESSING:FORCE_PREPROCESS,1722111399000,1722111600000,6,140.7,,38654705664.0,,,1.292522476729073,1.292522476729073,0.0,818.2799679999999,
2597,NFCORE_RANGELAND:RANGELAND:PREPROCESSING:FORCE_PREPROCESS,1722111534000,1722111600000,6,185.7,,38654705664.0,,,0.8338246450296032,0.8338246450296032,0.0,818.2799679999999,
2173,NFCORE_RANGELAND:RANGELAND:PREPROCESSING:FORCE_PREPROCESS,1722111380000,1722111600000,6,136.4,,38654705664.0,,,1.3989596753166955,1.3989596753166955,0.0,818.2799679999999,
2600,NFCORE_RANGELAND:RANGELAND:PREPROCESSING:FORCE_PREPROCESS,1722111557000,1722111600000,6,159.6,,38654705664.0,,,0.90798723375437,0.90798723375437,0.0,818.2799679999999,
2139,NFCORE_RANGELAND:RANGELAND:PREPROCESSING:FORCE_PREPROCESS,1722111638000,1722111774000,6,188.6,,38654705664.0,,,0.5364471858714712,0.5364471858714712,0.0,818.2799679999999,
2604,NFCORE_RANGELAND:RANGELAND:PREPROCESSING:FORCE_PREPROCESS,1722111601000,1722111743000,6,192.1,,38654705664.0,,,0.5620556126262671,0.5620556126262671,0.0,818.2799679999999,
2605,NFCORE_RANGELAND:RANGELAND:PREPROCESSING:FORCE_PREPROCESS,1722111644000,1722111795000,6,189.5,,38654705664.0,,,0.5961450779587752,0.5961450779587752,0.0,818.2799679999999,
2141,NFCORE_RANGELAND:RANGELAND:PREPROCESSING:FORCE_PREPROCESS,1722111711000,1722111849000,6,187.4,,38654705664.0,,,0.5436891624757634,0.5436891624757634,0.0,818.2799679999999,
2606,NFCORE_RANGELAND:RANGELAND:PREPROCESSING:FORCE_PREPROCESS,1722111656000,1722111806000,6,191.4,,38654705664.0,,,0.59331051211025,0.59331051211025,0.0,818.2799679999999,
2609,NFCORE_RANGELAND:RANGELAND:PREPROCESSING:FORCE_PREPROCESS,1722111672000,1722111830000,6,186.8,,38654705664.0,,,0.6221143363463355,0.6221143363463355,0.0,818.2799679999999,
2611,NFCORE_RANGELAND:RANGELAND:PREPROCESSING:FORCE_PREPROCESS,1722111696000,1722111842000,6,189.8,,38654705664.0,,,0.5765762889896655,0.5765762889896655,0.0,818.2799679999999,
2612,NFCORE_RANGELAND:RANGELAND:PREPROCESSING:FORCE_PREPROCESS,1722111705000,1722111850000,6,191.8,,38654705664.0,,,0.5737600847185472,0.5737600847185472,0.0,818.2799679999999,
2616,NFCORE_RANGELAND:RANGELAND:PREPROCESSING:FORCE_PREPROCESS,1722111745000,1722111887000,6,191.9,,38654705664.0,,,0.5619446618181061,0.5619446618181061,0.0,818.2799679999999,
2610,NFCORE_RANGELAND:RANGELAND:PREPROCESSING:FORCE_PREPROCESS,1722111681000,1722111895000,6,175.7,,38654705664.0,,,0.833330537467676,0.833330537467676,0.0,818.2799679999999,
2619,NFCORE_RANGELAND:RANGELAND:PREPROCESSING:FORCE_PREPROCESS,1722111757000,1722111900000,6,190.2,,38654705664.0,,,0.5649522953004883,0.5649522953004883,0.0,818.2799679999999,
2147,NFCORE_RANGELAND:RANGELAND:PREPROCESSING:FORCE_PREPROCESS,1722111796000,1722111900000,6,188.7,,38654705664.0,,,0.5286106066966816,0.5286106066966816,0.0,818.2799679999999,
2615,NFCORE_RANGELAND:RANGELAND:PREPROCESSING:FORCE_PREPROCESS,1722111735000,1722111900000,6,183.2,,38654705664.0,,,0.6983595612396576,0.6983595612396576,0.0,818.2799679999999,
2622,NFCORE_RANGELAND:RANGELAND:PREPROCESSING:FORCE_PREPROCESS,1722111798000,1722111900000,6,190.3,,38654705664.0,,,0.5887147975180969,0.5887147975180969,0.0,818.2799679999999,
2148,NFCORE_RANGELAND:RANGELAND:PREPROCESSING:FORCE_PREPROCESS,1722111809000,1722111900000,6,188.3,,38654705664.0,,,0.5284012065798706,0.5284012065798706,0.0,818.2799679999999,
2617,NFCORE_RANGELAND:RANGELAND:PREPROCESSING:FORCE_PREPROCESS,1722111747000,1722111900000,6,174.9,,38654705664.0,,,0.8248798221294034,0.8248798221294034,0.0,818.2799679999999,
2623,NFCORE_RANGELAND:RANGELAND:PREPROCESSING:FORCE_PREPROCESS,1722111852000,1722111900000,6,191.5,,38654705664.0,,,0.6091922892329206,0.6091922892329206,0.0,818.2799679999999,
2175,NFCORE_RANGELAND:RANGELAND:PREPROCESSING:FORCE_PREPROCESS,1722111832000,1722111900000,6,188.3,,38654705664.0,,,0.5086847436477858,0.5086847436477858,0.0,818.2799679999999,
2613,NFCORE_RANGELAND:RANGELAND:PREPROCESSING:FORCE_PREPROCESS,1722111720000,1722111900000,6,174.0,,38654705664.0,,,0.96796920110869,0.96796920110869,0.0,818.2799679999999,
2618,NFCORE_RANGELAND:RANGELAND:PREPROCESSING:FORCE_PREPROCESS,1722111750000,1722111900000,6,191.5,,38654705664.0,,,0.9454347865368051,0.9454347865368051,0.0,818.2799679999999,
2624,NFCORE_RANGELAND:RANGELAND:PREPROCESSING:FORCE_PREPROCESS,1722111844000,1722111900000,6,192.7,,38654705664.0,,,0.5821908757919741,0.5821908757919741,0.0,818.2799679999999,
2626,NFCORE_RANGELAND:RANGELAND:PREPROCESSING:FORCE_PREPROCESS,1722111852000,1722111900000,6,191.6,,38654705664.0,,,0.6250771917304688,0.6250771917304688,0.0,818.2799679999999,
2614,NFCORE_RANGELAND:RANGELAND:PREPROCESSING:FORCE_PREPROCESS,1722111777000,1722111900000,6,162.7,,38654705664.0,,,1.0299991982079186,1.0299991982079186,0.0,818.2799679999999,
2620,NFCORE_RANGELAND:RANGELAND:PREPROCESSING:FORCE_PREPROCESS,1722111779000,1722111900000,6,158.7,,38654705664.0,,,0.8573944323703733,0.8573944323703733,0.0,818.2799679999999,
2627,NFCORE_RANGELAND:RANGELAND:PREPROCESSING:FORCE_PREPROCESS,1722111890000,1722111900000,6,190.2,,38654705664.0,,,0.580755156707495,0.580755156707495,0.0,818.2799679999999,
2628,NFCORE_RANGELAND:RANGELAND:PREPROCESSING:FORCE_PREPROCESS,1722111897000,1722111900000,6,191.2,,38654705664.0,,,0.5655109560598911,0.5655109560598911,0.0,818.2799679999999,
2630,NFCORE_RANGELAND:RANGELAND:PREPROCESSING:FORCE_PREPROCESS,1722111915000,1722112058000,6,192.1,,38654705664.0,,,0.5660137507433536,0.5660137507433536,0.0,818.2799679999999,
2629,NFCORE_RANGELAND:RANGELAND:PREPROCESSING:FORCE_PREPROCESS,1722111902000,1722112076000,6,190.7,,38654705664.0,,,0.6877643557227483,0.6877643557227483,0.0,818.2799679999999,
2631,NFCORE_RANGELAND:RANGELAND:PREPROCESSING:FORCE_PREPROCESS,1722111933000,1722112078000,6,192.5,,38654705664.0,,,0.5741566166561654,0.5741566166561654,0.0,818.2799679999999,
2633,NFCORE_RANGELAND:RANGELAND:PREPROCESSING:FORCE_PREPROCESS,1722111950000,1722112101000,6,191.9,,38654705664.0,,,0.5975608727784086,0.5975608727784086,0.0,818.2799679999999,
2632,NFCORE_RANGELAND:RANGELAND:PREPROCESSING:FORCE_PREPROCESS,1722111946000,1722112103000,6,184.9,,38654705664.0,,,0.6170115296802631,0.6170115296802631,0.0,818.2799679999999,
2635,NFCORE_RANGELAND:RANGELAND:PREPROCESSING:FORCE_PREPROCESS,1722112009000,1722112160000,6,192.2,,38654705664.0,,,0.5977378471308628,0.5977378471308628,0.0,818.2799679999999,
2636,NFCORE_RANGELAND:RANGELAND:PREPROCESSING:FORCE_PREPROCESS,1722111971000,1722112118000,6,191.0,,38654705664.0,,,0.5812145868145283,0.5812145868145283,0.0,818.2799679999999,
2637,NFCORE_RANGELAND:RANGELAND:PREPROCESSING:FORCE_PREPROCESS,1722111991000,1722112138000,6,191.6,,38654705664.0,,,0.5815591593948033,0.5815591593948033,0.0,818.2799679999999,
2639,NFCORE_RANGELAND:RANGELAND:PREPROCESSING:FORCE_PREPROCESS,1722112013000,1722112162000,6,191.2,,38654705664.0,,,0.5892386884819845,0.5892386884819845,0.0,818.2799679999999,
2638,NFCORE_RANGELAND:RANGELAND:PREPROCESSING:FORCE_PREPROCESS,1722111964000,1722112165000,6,181.2,,38654705664.0,,,0.7870265317597099,0.7870265317597099,0.0,818.2799679999999,
2640,NFCORE_RANGELAND:RANGELAND:PREPROCESSING:FORCE_PREPROCESS,1722111994000,1722112166000,6,182.6,,38654705664.0,,,0.6744161779509978,0.6744161779509978,0.0,818.2799679999999,
2644,NFCORE_RANGELAND:RANGELAND:PREPROCESSING:FORCE_PREPROCESS,1722112061000,1722112200000,6,191.6,,38654705664.0,,,0.5656116119676233,0.5656116119676233,0.0,815.104824,
2645,NFCORE_RANGELAND:RANGELAND:PREPROCESSING:FORCE_PREPROCESS,1722112079000,1722112200000,6,187.9,,38654705664.0,,,0.5864612371426309,0.5864612371426309,0.0,815.104824,
2607,NFCORE_RANGELAND:RANGELAND:PREPROCESSING:FORCE_PREPROCESS,1722112081000,1722112200000,6,191.9,,38654705664.0,,,0.5887248233975205,0.5887248233975205,0.0,815.104824,
2641,NFCORE_RANGELAND:RANGELAND:PREPROCESSING:FORCE_PREPROCESS,1722112048000,1722112200000,6,166.1,,38654705664.0,,,0.8961550322732277,0.8961550322732277,0.0,815.104824,
2643,NFCORE_RANGELAND:RANGELAND:PREPROCESSING:FORCE_PREPROCESS,1722112043000,1722112200000,6,170.6,,38654705664.0,,,0.8004444682956255,0.8004444682956255,0.0,815.104824,
2145,NFCORE_RANGELAND:RANGELAND:PREPROCESSING:FORCE_PREPROCESS,1722112040000,1722112200000,6,184.4,,38654705664.0,,,0.80777735991945,0.80777735991945,0.0,815.104824,
2649,NFCORE_RANGELAND:RANGELAND:PREPROCESSING:FORCE_PREPROCESS,1722112163000,1722112200000,6,192.2,,38654705664.0,,,0.5903079255791048,0.5903079255791048,0.0,815.104824,
2652,NFCORE_RANGELAND:RANGELAND:PREPROCESSING:FORCE_PREPROCESS,1722112121000,1722112200000,6,191.9,,38654705664.0,,,0.5874963756186484,0.5874963756186484,0.0,815.104824,
2647,NFCORE_RANGELAND:RANGELAND:PREPROCESSING:FORCE_PREPROCESS,1722112174000,1722112200000,6,128.9,,38654705664.0,,,0.4094988212060649,0.4094988212060649,0.0,815.104824,
2642,NFCORE_RANGELAND:RANGELAND:PREPROCESSING:FORCE_PREPROCESS,1722112006000,1722112200000,6,158.7,,38654705664.0,,,1.1565412712895877,1.1565412712895877,0.0,815.104824,
2646,NFCORE_RANGELAND:RANGELAND:PREPROCESSING:FORCE_PREPROCESS,1722112164000,1722112200000,6,192.0,,38654705664.0,,,0.5587444292350934,0.5587444292350934,0.0,815.104824,
2656,NFCORE_RANGELAND:RANGELAND:PREPROCESSING:FORCE_PREPROCESS,1722112167000,1722112200000,6,190.7,,38654705664.0,,,0.5697013840895814,0.5697013840895814,0.0,815.104824,
2648,NFCORE_RANGELAND:RANGELAND:PREPROCESSING:FORCE_PREPROCESS,1722112140000,1722112200000,6,163.6,,38654705664.0,,,0.8453356933657972,0.8453356933657972,0.0,815.104824,
2651,NFCORE_RANGELAND:RANGELAND:PREPROCESSING:FORCE_PREPROCESS,1722112105000,1722112200000,6,174.1,,38654705664.0,,,1.0444306214388495,1.0444306214388495,0.0,815.104824,
2634,NFCORE_RANGELAND:RANGELAND:PREPROCESSING:FORCE_PREPROCESS,1722111962000,1722112200000,6,131.5,,38654705664.0,,,1.8198963328264444,1.8198963328264444,0.0,815.104824,
2215,NFCORE_RANGELAND:RANGELAND:PREPROCESSING:FORCE_PREPROCESS,1722112103000,1722112200000,6,132.6,,38654705664.0,,,1.6848372339495201,1.6848372339495201,0.0,813.517252,
2270,NFCORE_RANGELAND:RANGELAND:PREPROCESSING:FORCE_PREPROCESS,1722112206000,1722112346000,6,187.4,,38654705664.0,,,0.5472882488046945,0.5472882488046945,0.0,811.92968,
2098,NFCORE_RANGELAND:RANGELAND:PREPROCESSING:FORCE_PREPROCESS,1722112230000,1722112360000,6,185.8,,38654705664.0,,,0.507389939753486,0.507389939753486,0.0,811.92968,
2659,NFCORE_RANGELAND:RANGELAND:PREPROCESSING:FORCE_PREPROCESS,1722112234000,1722112379000,6,192.6,,38654705664.0,,,0.5697570635785625,0.5697570635785625,0.0,811.92968,
2660,NFCORE_RANGELAND:RANGELAND:PREPROCESSING:FORCE_PREPROCESS,1722112283000,1722112433000,6,191.9,,38654705664.0,,,0.5889968368342708,0.5889968368342708,0.0,811.92968,
2661,NFCORE_RANGELAND:RANGELAND:PREPROCESSING:FORCE_PREPROCESS,1722112249000,1722112390000,6,192.5,,38654705664.0,,,0.5539849700965271,0.5539849700965271,0.0,811.92968,
2662,NFCORE_RANGELAND:RANGELAND:PREPROCESSING:FORCE_PREPROCESS,1722112252000,1722112394000,6,192.4,,38654705664.0,,,0.5578588966302277,0.5578588966302277,0.0,811.92968,
2663,NFCORE_RANGELAND:RANGELAND:PREPROCESSING:FORCE_PREPROCESS,1722112272000,1722112418000,6,192.2,,38654705664.0,,,0.5734600408554194,0.5734600408554194,0.0,811.92968,
2664,NFCORE_RANGELAND:RANGELAND:PREPROCESSING:FORCE_PREPROCESS,1722112288000,1722112433000,6,191.9,,38654705664.0,,,0.5693636089397951,0.5693636089397951,0.0,811.92968,
2667,NFCORE_RANGELAND:RANGELAND:PREPROCESSING:FORCE_PREPROCESS,1722112311000,1722112463000,6,188.6,,38654705664.0,,,0.5949057255604778,0.5949057255604778,0.0,811.92968,
2668,NFCORE_RANGELAND:RANGELAND:PREPROCESSING:FORCE_PREPROCESS,1722112319000,1722112460000,6,192.5,,38654705664.0,,,0.5539849700965271,0.5539849700965271,0.0,811.92968,
2188,NFCORE_RANGELAND:RANGELAND:PREPROCESSING:FORCE_PREPROCESS,1722112349000,1722112476000,6,189.1,,38654705664.0,,,0.4973055405438632,0.4973055405438632,0.0,811.92968,
2672,NFCORE_RANGELAND:RANGELAND:PREPROCESSING:FORCE_PREPROCESS,1722112378000,1722112500000,6,192.1,,38654705664.0,,,0.5655486036919001,0.5655486036919001,0.0,811.92968,
2149,NFCORE_RANGELAND:RANGELAND:PREPROCESSING:FORCE_PREPROCESS,1722112396000,1722112500000,6,186.3,,38654705664.0,,,0.5193567189885813,0.5193567189885813,0.0,811.92968,
2155,NFCORE_RANGELAND:RANGELAND:PREPROCESSING:FORCE_PREPROCESS,1722112309000,1722112500000,6,154.6,,38654705664.0,,,0.8433984533566402,0.8433984533566402,0.0,811.92968,
2671,NFCORE_RANGELAND:RANGELAND:PREPROCESSING:FORCE_PREPROCESS,1722112366000,1722112500000,6,176.8,,38654705664.0,,,0.6885239240967445,0.6885239240967445,0.0,811.92968,
2673,NFCORE_RANGELAND:RANGELAND:PREPROCESSING:FORCE_PREPROCESS,1722112382000,1722112500000,6,185.8,,38654705664.0,,,0.6400919239967056,0.6400919239967056,0.0,811.92968,
2657,NFCORE_RANGELAND:RANGELAND:PREPROCESSING:FORCE_PREPROCESS,1722112421000,1722112500000,6,190.3,,38654705664.0,,,0.5959073874191722,0.5959073874191722,0.0,811.92968,
2460,NFCORE_RANGELAND:RANGELAND:PREPROCESSING:FORCE_PREPROCESS,1722112394000,1722112500000,6,162.7,,38654705664.0,,,0.7703178469239569,0.7703178469239569,0.0,811.92968,
2167,NFCORE_RANGELAND:RANGELAND:PREPROCESSING:FORCE_PREPROCESS,1722112467000,1722112500000,6,188.8,,38654705664.0,,,0.5206456221155777,0.5206456221155777,0.0,811.92968,
2625,NFCORE_RANGELAND:RANGELAND:PREPROCESSING:FORCE_PREPROCESS,1722112456000,1722112500000,6,192.7,,38654705664.0,,,0.5737430180833014,0.5737430180833014,0.0,811.92968,
2680,NFCORE_RANGELAND:RANGELAND:PREPROCESSING:FORCE_PREPROCESS,1722112463000,1722112500000,6,188.8,,38654705664.0,,,0.5480480232795556,0.5480480232795556,0.0,811.92968,
2382,NFCORE_RANGELAND:RANGELAND:PREPROCESSING:FORCE_PREPROCESS,1722112363000,1722112500000,6,149.7,,38654705664.0,,,1.0047374159014812,1.0047374159014812,0.0,811.92968,
2392,NFCORE_RANGELAND:RANGELAND:PREPROCESSING:FORCE_PREPROCESS,1722112315000,1722112500000,6,136.2,,38654705664.0,,,1.3655486685644664,1.3655486685644664,0.0,811.92968,
2658,NFCORE_RANGELAND:RANGELAND:PREPROCESSING:FORCE_PREPROCESS,1722112435000,1722112500000,6,174.1,,38654705664.0,,,1.0647101999786417,1.0647101999786417,0.0,811.92968,
2674,NFCORE_RANGELAND:RANGELAND:PREPROCESSING:FORCE_PREPROCESS,1722112435000,1722112500000,6,151.7,,38654705664.0,,,1.221743827867275,1.221743827867275,0.0,811.92968,
2150,NFCORE_RANGELAND:RANGELAND:PREPROCESSING:FORCE_PREPROCESS,1722112478000,1722112500000,6,135.8,,38654705664.0,,,1.4317432937426693,1.4317432937426693,0.0,811.92968,
2688,NFCORE_RANGELAND:RANGELAND:PREPROCESSING:FORCE_PREPROCESS,1722112575000,1722112614000,6,168.4,,38654705664.0,,,0.14958645662685835,0.14958645662685835,0.0,811.92968,
2608,NFCORE_RANGELAND:RANGELAND:PREPROCESSING:FORCE_PREPROCESS,1722112524000,1722112671000,6,191.2,,38654705664.0,,,0.5768180184982833,0.5768180184982833,0.0,811.92968,
2685,NFCORE_RANGELAND:RANGELAND:PREPROCESSING:FORCE_PREPROCESS,1722112535000,1722112672000,6,192.8,,38654705664.0,,,0.5384284044757279,0.5384284044757279,0.0,811.92968,
2681,NFCORE_RANGELAND:RANGELAND:PREPROCESSING:FORCE_PREPROCESS,1722112532000,1722112684000,6,193.5,,38654705664.0,,,0.5977928685649501,0.5977928685649501,0.0,811.92968,
2695,NFCORE_RANGELAND:RANGELAND:PREPROCESSING:FORCE_PREPROCESS,1722112685000,1722112724000,6,168.2,,38654705664.0,,,0.14955622070387917,0.14955622070387917,0.0,811.92968,
2228,NFCORE_RANGELAND:RANGELAND:PREPROCESSING:FORCE_PREPROCESS,1722112546000,1722112685000,6,186.6,,38654705664.0,,,0.5429479913050459,0.5429479913050459,0.0,811.92968,
2686,NFCORE_RANGELAND:RANGELAND:PREPROCESSING:FORCE_PREPROCESS,1722112548000,1722112696000,6,190.9,,38654705664.0,,,0.5805698384199528,0.5805698384199528,0.0,811.92968,
2697,NFCORE_RANGELAND:RANGELAND:PREPROCESSING:FORCE_PREPROCESS,1722112677000,1722112713000,6,164.1,,38654705664.0,,,0.137479739337975,0.137479739337975,0.0,811.92968,
2689,NFCORE_RANGELAND:RANGELAND:PREPROCESSING:FORCE_PREPROCESS,1722112599000,1722112744000,6,191.2,,38654705664.0,,,0.5689701543010278,0.5689701543010278,0.0,811.92968,
2266,NFCORE_RANGELAND:RANGELAND:PREPROCESSING:FORCE_PREPROCESS,1722112762000,1722112796000,6,171.4,,38654705664.0,,,0.13080409861621944,0.13080409861621944,0.0,811.92968,
2691,NFCORE_RANGELAND:RANGELAND:PREPROCESSING:FORCE_PREPROCESS,1722112602000,1722112755000,6,192.0,,38654705664.0,,,0.6008360824968001,0.6008360824968001,0.0,811.92968,
2694,NFCORE_RANGELAND:RANGELAND:PREPROCESSING:FORCE_PREPROCESS,1722112616000,1722112762000,6,191.4,,38654705664.0,,,0.5730072772908084,0.5730072772908084,0.0,811.92968,
2683,NFCORE_RANGELAND:RANGELAND:PREPROCESSING:FORCE_PREPROCESS,1722112633000,1722112777000,6,191.5,,38654705664.0,,,0.5652136826989,0.5652136826989,0.0,811.92968,
2693,NFCORE_RANGELAND:RANGELAND:PREPROCESSING:FORCE_PREPROCESS,1722112606000,1722112792000,6,173.1,,38654705664.0,,,0.7168010808189125,0.7168010808189125,0.0,811.92968,
2696,NFCORE_RANGELAND:RANGELAND:PREPROCESSING:FORCE_PREPROCESS,1722112674000,1722112800000,6,191.3,,38654705664.0,,,0.5651020423679001,0.5651020423679001,0.0,811.92968,
2692,NFCORE_RANGELAND:RANGELAND:PREPROCESSING:FORCE_PREPROCESS,1722112607000,1722112800000,6,193.1,,38654705664.0,,,0.915992261429359,0.915992261429359,0.0,811.92968,
2698,NFCORE_RANGELAND:RANGELAND:PREPROCESSING:FORCE_PREPROCESS,1722112726000,1722112800000,6,191.1,,38654705664.0,,,0.6277671133743334,0.6277671133743334,0.0,811.92968,
2701,NFCORE_RANGELAND:RANGELAND:PREPROCESSING:FORCE_PREPROCESS,1722112698000,1722112800000,6,192.2,,38654705664.0,,,0.5734600408554194,0.5734600408554194,0.0,811.92968,
2702,NFCORE_RANGELAND:RANGELAND:PREPROCESSING:FORCE_PREPROCESS,1722112714000,1722112800000,6,187.0,,38654705664.0,,,0.6174088922897306,0.6174088922897306,0.0,811.92968,
2310,NFCORE_RANGELAND:RANGELAND:PREPROCESSING:FORCE_PREPROCESS,1722112746000,1722112800000,6,188.4,,38654705664.0,,,0.5126132412601416,0.5126132412601416,0.0,811.92968,
2705,NFCORE_RANGELAND:RANGELAND:PREPROCESSING:FORCE_PREPROCESS,1722112799000,1722112800000,6,191.9,,38654705664.0,,,0.596850127992061,0.596850127992061,0.0,811.92968,
2291,NFCORE_RANGELAND:RANGELAND:PREPROCESSING:FORCE_PREPROCESS,1722112716000,1722112800000,6,179.6,,38654705664.0,,,0.7680352391310501,0.7680352391310501,0.0,811.92968,
2700,NFCORE_RANGELAND:RANGELAND:PREPROCESSING:FORCE_PREPROCESS,1722112691000,1722112800000,6,163.0,,38654705664.0,,,0.8773620498070972,0.8773620498070972,0.0,811.92968,
2710,NFCORE_RANGELAND:RANGELAND:PREPROCESSING:FORCE_PREPROCESS,1722112779000,1722112800000,6,191.1,,38654705664.0,,,0.5610668575783105,0.5610668575783105,0.0,811.92968,
2709,NFCORE_RANGELAND:RANGELAND:PREPROCESSING:FORCE_PREPROCESS,1722112765000,1722112800000,6,186.9,,38654705664.0,,,0.703307443857375,0.703307443857375,0.0,811.92968,
2687,NFCORE_RANGELAND:RANGELAND:PREPROCESSING:FORCE_PREPROCESS,1722112560000,1722112800000,6,140.0,,38654705664.0,,,1.5535169864131166,1.5535169864131166,0.0,811.92968,
2699,NFCORE_RANGELAND:RANGELAND:PREPROCESSING:FORCE_PREPROCESS,1722112687000,1722112800000,6,155.5,,38654705664.0,,,1.2340875412275096,1.2340875412275096,0.0,811.92968,
2703,NFCORE_RANGELAND:RANGELAND:PREPROCESSING:FORCE_PREPROCESS,1722112795000,1722112800000,6,158.6,,38654705664.0,,,0.8506537639435111,0.8506537639435111,0.0,811.92968,
2708,NFCORE_RANGELAND:RANGELAND:PREPROCESSING:FORCE_PREPROCESS,1722112758000,1722112800000,6,153.8,,38654705664.0,,,1.0165388208482822,1.0165388208482822,0.0,811.92968,
2704,NFCORE_RANGELAND:RANGELAND:PREPROCESSING:FORCE_PREPROCESS,1722112821000,1722112961000,6,189.3,,38654705664.0,,,0.5483193713062917,0.5483193713062917,0.0,811.92968,
2706,NFCORE_RANGELAND:RANGELAND:PREPROCESSING:FORCE_PREPROCESS,1722112842000,1722112995000,6,189.3,,38654705664.0,,,0.5992347414990188,0.5992347414990188,0.0,811.92968,
2714,NFCORE_RANGELAND:RANGELAND:PREPROCESSING:FORCE_PREPROCESS,1722112890000,1722113043000,6,191.4,,38654705664.0,,,0.6004802289417376,0.6004802289417376,0.0,811.92968,
2713,NFCORE_RANGELAND:RANGELAND:PREPROCESSING:FORCE_PREPROCESS,1722112867000,1722113009000,6,191.4,,38654705664.0,,,0.5573084477759915,0.5573084477759915,0.0,811.92968,
2715,NFCORE_RANGELAND:RANGELAND:PREPROCESSING:FORCE_PREPROCESS,1722112874000,1722113020000,6,190.7,,38654705664.0,,,0.5726111091717736,0.5726111091717736,0.0,811.92968,
2716,NFCORE_RANGELAND:RANGELAND:PREPROCESSING:FORCE_PREPROCESS,1722112880000,1722113019000,6,190.3,,38654705664.0,,,0.5449416240214799,0.5449416240214799,0.0,811.92968,
2712,NFCORE_RANGELAND:RANGELAND:PREPROCESSING:FORCE_PREPROCESS,1722112847000,1722113054000,6,163.7,,38654705664.0,,,0.7901875352417314,0.7901875352417314,0.0,811.92968,
2717,NFCORE_RANGELAND:RANGELAND:PREPROCESSING:FORCE_PREPROCESS,1722112953000,1722113100000,6,191.6,,38654705664.0,,,0.6482967506082167,0.6482967506082167,0.0,815.3316199999999,
2723,NFCORE_RANGELAND:RANGELAND:PREPROCESSING:FORCE_PREPROCESS,1722112926000,1722113092000,6,184.5,,38654705664.0,,,0.6470613958674125,0.6470613958674125,0.0,811.92968,
2724,NFCORE_RANGELAND:RANGELAND:PREPROCESSING:FORCE_PREPROCESS,1722112963000,1722113100000,6,191.1,,38654705664.0,,,0.5652205540861469,0.5652205540861469,0.0,815.3316199999999,
2718,NFCORE_RANGELAND:RANGELAND:PREPROCESSING:FORCE_PREPROCESS,1722112999000,1722113100000,6,191.9,,38654705664.0,,,0.5628923215332362,0.5628923215332362,0.0,815.3316199999999,
2720,NFCORE_RANGELAND:RANGELAND:PREPROCESSING:FORCE_PREPROCESS,1722112924000,1722113100000,6,173.9,,38654705664.0,,,0.7449254242271858,0.7449254242271858,0.0,815.3316199999999,
2721,NFCORE_RANGELAND:RANGELAND:PREPROCESSING:FORCE_PREPROCESS,1722112980000,1722113100000,6,177.5,,38654705664.0,,,0.6908882744835827,0.6908882744835827,0.0,815.3316199999999,
2728,NFCORE_RANGELAND:RANGELAND:PREPROCESSING:FORCE_PREPROCESS,1722113012000,1722113100000,6,190.7,,38654705664.0,,,0.5586978905935203,0.5586978905935203,0.0,815.3316199999999,
2730,NFCORE_RANGELAND:RANGELAND:PREPROCESSING:FORCE_PREPROCESS,1722113016000,1722113100000,6,190.0,,38654705664.0,,,0.5702990916863153,0.5702990916863153,0.0,815.3316199999999,
2732,NFCORE_RANGELAND:RANGELAND:PREPROCESSING:FORCE_PREPROCESS,1722113023000,1722113100000,6,190.9,,38654705664.0,,,0.5631255687769555,0.5631255687769555,0.0,815.3316199999999,
2731,NFCORE_RANGELAND:RANGELAND:PREPROCESSING:FORCE_PREPROCESS,1722113023000,1722113100000,6,191.1,,38654705664.0,,,0.6304960591011177,0.6304960591011177,0.0,815.3316199999999,
2722,NFCORE_RANGELAND:RANGELAND:PREPROCESSING:FORCE_PREPROCESS,1722112947000,1722113100000,6,183.8,,38654705664.0,,,0.9926894858682674,0.9926894858682674,0.0,815.3316199999999,
2734,NFCORE_RANGELAND:RANGELAND:PREPROCESSING:FORCE_PREPROCESS,1722113057000,1722113100000,6,192.0,,38654705664.0,,,0.5767363842230667,0.5767363842230667,0.0,815.3316199999999,
2302,NFCORE_RANGELAND:RANGELAND:PREPROCESSING:FORCE_PREPROCESS,1722113094000,1722113100000,6,187.8,,38654705664.0,,,0.5085179666341063,0.5085179666341063,0.0,815.3316199999999,
2727,NFCORE_RANGELAND:RANGELAND:PREPROCESSING:FORCE_PREPROCESS,1722113045000,1722113100000,6,182.3,,38654705664.0,,,0.9002731672785123,0.9002731672785123,0.0,815.3316199999999,
2733,NFCORE_RANGELAND:RANGELAND:PREPROCESSING:FORCE_PREPROCESS,1722113030000,1722113100000,6,186.2,,38654705664.0,,,0.7694145003437765,0.7694145003437765,0.0,815.3316199999999,
2726,NFCORE_RANGELAND:RANGELAND:PREPROCESSING:FORCE_PREPROCESS,1722113022000,1722113100000,6,173.1,,38654705664.0,,,0.8718453225296532,0.8718453225296532,0.0,815.3316199999999,
2719,NFCORE_RANGELAND:RANGELAND:PREPROCESSING:FORCE_PREPROCESS,1722112917000,1722113100000,6,142.9,,38654705664.0,,,1.414811389101843,1.414811389101843,0.0,815.3316199999999,
2301,NFCORE_RANGELAND:RANGELAND:PREPROCESSING:FORCE_PREPROCESS,1722113121000,1722113264000,6,186.0,,38654705664.0,,,0.5629177859203708,0.5629177859203708,0.0,818.73356,
2303,NFCORE_RANGELAND:RANGELAND:PREPROCESSING:FORCE_PREPROCESS,1722113109000,1722113241000,6,188.6,,38654705664.0,,,0.5209579468246083,0.5209579468246083,0.0,818.73356,
2743,NFCORE_RANGELAND:RANGELAND:PREPROCESSING:FORCE_PREPROCESS,1722113186000,1722113266000,6,169.3,,38654705664.0,,,0.3096967718044722,0.3096967718044722,0.0,818.73356,
2306,NFCORE_RANGELAND:RANGELAND:PREPROCESSING:FORCE_PREPROCESS,1722113145000,1722113278000,6,189.4,,38654705664.0,,,0.5253205032140966,0.5253205032140966,0.0,818.73356,
2308,NFCORE_RANGELAND:RANGELAND:PREPROCESSING:FORCE_PREPROCESS,1722113156000,1722113286000,6,188.2,,38654705664.0,,,0.5128613826224235,0.5128613826224235,0.0,818.73356,
2742,NFCORE_RANGELAND:RANGELAND:PREPROCESSING:FORCE_PREPROCESS,1722113163000,1722113308000,6,189.4,,38654705664.0,,,0.5727178418499549,0.5727178418499549,0.0,818.73356,
2756,NFCORE_RANGELAND:RANGELAND:PREPROCESSING:FORCE_PREPROCESS,1722113297000,1722113332000,6,169.3,,38654705664.0,,,0.13549233766445662,0.13549233766445662,0.0,818.73356,
2746,NFCORE_RANGELAND:RANGELAND:PREPROCESSING:FORCE_PREPROCESS,1722113206000,1722113355000,6,196.2,,38654705664.0,,,0.5924774361838313,0.5924774361838313,0.0,818.73356,
2747,NFCORE_RANGELAND:RANGELAND:PREPROCESSING:FORCE_PREPROCESS,1722113226000,1722113370000,6,192.1,,38654705664.0,,,0.57028783780105,0.57028783780105,0.0,818.73356,
2750,NFCORE_RANGELAND:RANGELAND:PREPROCESSING:FORCE_PREPROCESS,1722113277000,1722113400000,6,196.5,,38654705664.0,,,0.5886746320094959,0.5886746320094959,0.0,818.73356,
2745,NFCORE_RANGELAND:RANGELAND:PREPROCESSING:FORCE_PREPROCESS,1722113266000,1722113400000,6,189.2,,38654705664.0,,,0.6792273881647055,0.6792273881647055,0.0,818.73356,
2749,NFCORE_RANGELAND:RANGELAND:PREPROCESSING:FORCE_PREPROCESS,1722113228000,1722113391000,6,194.6,,38654705664.0,,,0.6471270200381243,0.6471270200381243,0.0,818.73356,
2751,NFCORE_RANGELAND:RANGELAND:PREPROCESSING:FORCE_PREPROCESS,1722113251000,1722113400000,6,196.4,,38654705664.0,,,0.6045253421593445,0.6045253421593445,0.0,818.73356,
2752,NFCORE_RANGELAND:RANGELAND:PREPROCESSING:FORCE_PREPROCESS,1722113243000,1722113398000,6,193.1,,38654705664.0,,,0.6144573691260434,0.6144573691260434,0.0,818.73356,
2753,NFCORE_RANGELAND:RANGELAND:PREPROCESSING:FORCE_PREPROCESS,1722113268000,1722113400000,6,199.1,,38654705664.0,,,0.5702402986623101,0.5702402986623101,0.0,818.73356,
2740,NFCORE_RANGELAND:RANGELAND:PREPROCESSING:FORCE_PREPROCESS,1722113160000,1722113400000,6,187.8,,38654705664.0,,,0.9819374772351437,0.9819374772351437,0.0,818.73356,
2741,NFCORE_RANGELAND:RANGELAND:PREPROCESSING:FORCE_PREPROCESS,1722113203000,1722113400000,6,165.6,,38654705664.0,,,0.8831950117211752,0.8831950117211752,0.0,818.73356,
2754,NFCORE_RANGELAND:RANGELAND:PREPROCESSING:FORCE_PREPROCESS,1722113281000,1722113400000,6,198.9,,38654705664.0,,,0.57411541719405,0.57411541719405,0.0,818.73356,
2755,NFCORE_RANGELAND:RANGELAND:PREPROCESSING:FORCE_PREPROCESS,1722113288000,1722113400000,6,195.6,,38654705664.0,,,0.5762319287313958,0.5762319287313958,0.0,818.73356,
2304,NFCORE_RANGELAND:RANGELAND:PREPROCESSING:FORCE_PREPROCESS,1722113120000,1722113400000,6,137.3,,38654705664.0,,,1.2212368652954466,1.2212368652954466,0.0,818.73356,
2757,NFCORE_RANGELAND:RANGELAND:PREPROCESSING:FORCE_PREPROCESS,1722113310000,1722113400000,6,197.0,,38654705664.0,,,0.565086975002393,0.565086975002393,0.0,818.73356,
2758,NFCORE_RANGELAND:RANGELAND:PREPROCESSING:FORCE_PREPROCESS,1722113335000,1722113400000,6,198.4,,38654705664.0,,,0.5658640611781778,0.5658640611781778,0.0,818.73356,
2324,NFCORE_RANGELAND:RANGELAND:PREPROCESSING:FORCE_PREPROCESS,1722113372000,1722113400000,6,188.5,,38654705664.0,,,0.5090675688817115,0.5090675688817115,0.0,818.73356,
2744,NFCORE_RANGELAND:RANGELAND:PREPROCESSING:FORCE_PREPROCESS,1722113169000,1722113400000,6,143.7,,38654705664.0,,,1.2897306366561188,1.2897306366561188,0.0,818.73356,
2362,NFCORE_RANGELAND:RANGELAND:PREPROCESSING:FORCE_PREPROCESS,1722113358000,1722113400000,6,173.6,,38654705664.0,,,0.664851052272575,0.664851052272575,0.0,818.73356,
2760,NFCORE_RANGELAND:RANGELAND:PREPROCESSING:FORCE_PREPROCESS,1722113393000,1722113400000,6,191.2,,38654705664.0,,,0.6291334595785917,0.6291334595785917,0.0,818.73356,
2759,NFCORE_RANGELAND:RANGELAND:PREPROCESSING:FORCE_PREPROCESS,1722113427000,1722113576000,6,196.6,,38654705664.0,,,0.5927104056811994,0.5927104056811994,0.0,818.73356,
2765,NFCORE_RANGELAND:RANGELAND:PREPROCESSING:FORCE_PREPROCESS,1722113406000,1722113546000,6,196.9,,38654705664.0,,,0.5570732791449098,0.5570732791449098,0.0,818.73356,
2761,NFCORE_RANGELAND:RANGELAND:PREPROCESSING:FORCE_PREPROCESS,1722113411000,1722113556000,6,197.1,,38654705664.0,,,0.5770821110414219,0.5770821110414219,0.0,818.73356,
2766,NFCORE_RANGELAND:RANGELAND:PREPROCESSING:FORCE_PREPROCESS,1722113435000,1722113577000,6,199.0,,38654705664.0,,,0.5661970981106569,0.5661970981106569,0.0,818.73356,
2770,NFCORE_RANGELAND:RANGELAND:PREPROCESSING:FORCE_PREPROCESS,1722113436000,1722113578000,6,196.8,,38654705664.0,,,0.5649759626915666,0.5649759626915666,0.0,818.73356,
2309,NFCORE_RANGELAND:RANGELAND:PREPROCESSING:FORCE_PREPROCESS,1722113428000,1722113591000,6,183.4,,38654705664.0,,,0.6399909610717632,0.6399909610717632,0.0,818.73356,
2764,NFCORE_RANGELAND:RANGELAND:PREPROCESSING:FORCE_PREPROCESS,1722113400000,1722113608000,6,175.9,,38654705664.0,,,0.8105777228994611,0.8105777228994611,0.0,818.73356,
2773,NFCORE_RANGELAND:RANGELAND:PREPROCESSING:FORCE_PREPROCESS,1722113480000,1722113623000,6,197.9,,38654705664.0,,,0.5695695341363309,0.5695695341363309,0.0,818.73356,
2311,NFCORE_RANGELAND:RANGELAND:PREPROCESSING:FORCE_PREPROCESS,1722113504000,1722113638000,6,187.7,,38654705664.0,,,0.5283798376166298,0.5283798376166298,0.0,818.73356,
2772,NFCORE_RANGELAND:RANGELAND:PREPROCESSING:FORCE_PREPROCESS,1722113455000,1722113640000,6,176.1,,38654705664.0,,,0.721091161101349,0.721091161101349,0.0,818.73356,
2312,NFCORE_RANGELAND:RANGELAND:PREPROCESSING:FORCE_PREPROCESS,1722113514000,1722113647000,6,186.9,,38654705664.0,,,0.5240207992229073,0.5240207992229073,0.0,818.73356,
2739,NFCORE_RANGELAND:RANGELAND:PREPROCESSING:FORCE_PREPROCESS,1722113413000,1722113647000,6,170.1,,38654705664.0,,,0.9065948006473313,0.9065948006473313,0.0,818.73356,
2763,NFCORE_RANGELAND:RANGELAND:PREPROCESSING:FORCE_PREPROCESS,1722113441000,1722113692000,6,162.5,,38654705664.0,,,0.9650019380112331,0.9650019380112331,0.0,818.73356,
2315,NFCORE_RANGELAND:RANGELAND:PREPROCESSING:FORCE_PREPROCESS,1722113532000,1722113664000,6,188.0,,38654705664.0,,,0.5206483631972333,0.5206483631972333,0.0,818.73356,
2771,NFCORE_RANGELAND:RANGELAND:PREPROCESSING:FORCE_PREPROCESS,1722113449000,1722113665000,6,167.0,,38654705664.0,,,0.8342393502094501,0.8342393502094501,0.0,818.73356,
2331,NFCORE_RANGELAND:RANGELAND:PREPROCESSING:FORCE_PREPROCESS,1722113579000,1722113700000,6,188.0,,38654705664.0,,,0.5600914210152057,0.5600914210152057,0.0,818.73356,
2777,NFCORE_RANGELAND:RANGELAND:PREPROCESSING:FORCE_PREPROCESS,1722113549000,1722113690000,6,198.0,,38654705664.0,,,0.5616586419328876,0.5616586419328876,0.0,818.73356,
2778,NFCORE_RANGELAND:RANGELAND:PREPROCESSING:FORCE_PREPROCESS,1722113555000,1722113700000,6,196.1,,38654705664.0,,,0.600371129296865,0.600371129296865,0.0,818.73356,
2781,NFCORE_RANGELAND:RANGELAND:PREPROCESSING:FORCE_PREPROCESS,1722113558000,1722113700000,6,197.0,,38654705664.0,,,0.5929433751785673,0.5929433751785673,0.0,818.73356,
2782,NFCORE_RANGELAND:RANGELAND:PREPROCESSING:FORCE_PREPROCESS,1722113584000,1722113700000,6,198.6,,38654705664.0,,,0.5659750734890042,0.5659750734890042,0.0,818.73356,
2780,NFCORE_RANGELAND:RANGELAND:PREPROCESSING:FORCE_PREPROCESS,1722113580000,1722113700000,6,192.6,,38654705664.0,,,0.6260412905489126,0.6260412905489126,0.0,818.73356,
2783,NFCORE_RANGELAND:RANGELAND:PREPROCESSING:FORCE_PREPROCESS,1722113593000,1722113700000,6,198.3,,38654705664.0,,,0.5817468241783355,0.5817468241783355,0.0,818.73356,
2784,NFCORE_RANGELAND:RANGELAND:PREPROCESSING:FORCE_PREPROCESS,1722113610000,1722113700000,6,191.3,,38654705664.0,,,0.6094095853390952,0.6094095853390952,0.0,818.73356,
2776,NFCORE_RANGELAND:RANGELAND:PREPROCESSING:FORCE_PREPROCESS,1722113640000,1722113700000,6,198.4,,38654705664.0,,,0.5658640611781778,0.5658640611781778,0.0,818.73356,
2779,NFCORE_RANGELAND:RANGELAND:PREPROCESSING:FORCE_PREPROCESS,1722113651000,1722113700000,6,195.8,,38654705664.0,,,0.584294876529598,0.584294876529598,0.0,818.73356,
2316,NFCORE_RANGELAND:RANGELAND:PREPROCESSING:FORCE_PREPROCESS,1722113666000,1722113700000,6,187.0,,38654705664.0,,,0.5555959625634604,0.5555959625634604,0.0,818.73356,
2790,NFCORE_RANGELAND:RANGELAND:PREPROCESSING:FORCE_PREPROCESS,1722113669000,1722113700000,6,197.8,,38654705664.0,,,0.5734962499393002,0.5734962499393002,0.0,818.73356,
2789,NFCORE_RANGELAND:RANGELAND:PREPROCESSING:FORCE_PREPROCESS,1722113649000,1722113700000,6,172.5,,38654705664.0,,,0.730138998465621,0.730138998465621,0.0,818.73356,
2788,NFCORE_RANGELAND:RANGELAND:PREPROCESSING:FORCE_PREPROCESS,1722113644000,1722113700000,6,178.9,,38654705664.0,,,0.7582945775301786,0.7582945775301786,0.0,818.73356,
2792,NFCORE_RANGELAND:RANGELAND:PREPROCESSING:FORCE_PREPROCESS,1722113693000,1722113700000,6,196.6,,38654705664.0,,,0.5847545613096397,0.5847545613096397,0.0,818.73356,
2775,NFCORE_RANGELAND:RANGELAND:PREPROCESSING:FORCE_PREPROCESS,1722113696000,1722113700000,6,173.8,,38654705664.0,,,0.8166479215406459,0.8166479215406459,0.0,818.73356,
2785,NFCORE_RANGELAND:RANGELAND:PREPROCESSING:FORCE_PREPROCESS,1722113625000,1722113700000,6,166.6,,38654705664.0,,,0.9381393254429439,0.9381393254429439,0.0,818.73356,
2127,NFCORE_RANGELAND:RANGELAND:PREPROCESSING:FORCE_PREPROCESS,1722113784000,1722113816000,6,169.9,,38654705664.0,,,0.12395375929812222,0.12395375929812222,0.0,818.73356,
2274,NFCORE_RANGELAND:RANGELAND:PREPROCESSING:FORCE_PREPROCESS,1722113710000,1722113845000,6,188.1,,38654705664.0,,,0.5325340504791093,0.5325340504791093,0.0,818.73356,
2793,NFCORE_RANGELAND:RANGELAND:PREPROCESSING:FORCE_PREPROCESS,1722113709000,1722113858000,6,196.4,,38654705664.0,,,0.5925939209325153,0.5925939209325153,0.0,818.73356,
2791,NFCORE_RANGELAND:RANGELAND:PREPROCESSING:FORCE_PREPROCESS,1722113724000,1722113930000,6,176.0,,38654705664.0,,,0.8028642293473112,0.8028642293473112,0.0,818.73356,
2277,NFCORE_RANGELAND:RANGELAND:PREPROCESSING:FORCE_PREPROCESS,1722113728000,1722113889000,6,183.1,,38654705664.0,,,0.6319495121365732,0.6319495121365732,0.0,818.73356,
2283,NFCORE_RANGELAND:RANGELAND:PREPROCESSING:FORCE_PREPROCESS,1722113741000,1722113884000,6,183.3,,38654705664.0,,,0.5614085657369178,0.5614085657369178,0.0,818.73356,
2374,NFCORE_RANGELAND:RANGELAND:PREPROCESSING:FORCE_PREPROCESS,1722113743000,1722113888000,6,182.9,,38654705664.0,,,0.5690337185065087,0.5690337185065087,0.0,818.73356,
2810,NFCORE_RANGELAND:RANGELAND:PREPROCESSING:FORCE_PREPROCESS,1722113860000,1722113897000,6,169.6,,38654705664.0,,,0.1432781455740111,0.1432781455740111,0.0,818.73356,
2815,NFCORE_RANGELAND:RANGELAND:PREPROCESSING:FORCE_PREPROCESS,1722113933000,1722113969000,6,171.3,,38654705664.0,,,0.1396449869732625,0.1396449869732625,0.0,818.73356,
2800,NFCORE_RANGELAND:RANGELAND:PREPROCESSING:FORCE_PREPROCESS,1722113810000,1722113972000,6,193.0,,38654705664.0,,,0.6421437328402124,0.6421437328402124,0.0,818.73356,
2378,NFCORE_RANGELAND:RANGELAND:PREPROCESSING:FORCE_PREPROCESS,1722113767000,1722113970000,6,156.9,,38654705664.0,,,0.7760161151858137,0.7760161151858137,0.0,818.73356,
2805,NFCORE_RANGELAND:RANGELAND:PREPROCESSING:FORCE_PREPROCESS,1722113819000,1722113978000,6,188.8,,38654705664.0,,,0.6276418293739667,0.6276418293739667,0.0,818.73356,
2806,NFCORE_RANGELAND:RANGELAND:PREPROCESSING:FORCE_PREPROCESS,1722113840000,1722113979000,6,194.8,,38654705664.0,,,0.551953181000557,0.551953181000557,0.0,818.73356,
2808,NFCORE_RANGELAND:RANGELAND:PREPROCESSING:FORCE_PREPROCESS,1722113843000,1722113985000,6,198.3,,38654705664.0,,,0.5658085550227645,0.5658085550227645,0.0,818.73356,
2807,NFCORE_RANGELAND:RANGELAND:PREPROCESSING:FORCE_PREPROCESS,1722113845000,1722114000000,6,184.0,,38654705664.0,,,0.6285328254944722,0.6285328254944722,0.0,817.5995800000001,
2809,NFCORE_RANGELAND:RANGELAND:PREPROCESSING:FORCE_PREPROCESS,1722113850000,1722114000000,6,195.2,,38654705664.0,,,0.6037903536523334,0.6037903536523334,0.0,817.5995800000001,
2812,NFCORE_RANGELAND:RANGELAND:PREPROCESSING:FORCE_PREPROCESS,1722113886000,1722114000000,6,195.1,,38654705664.0,,,0.5835295555538105,0.5835295555538105,0.0,817.5995800000001,
2813,NFCORE_RANGELAND:RANGELAND:PREPROCESSING:FORCE_PREPROCESS,1722113871000,1722114000000,6,195.7,,38654705664.0,,,0.5721490619137115,0.5721490619137115,0.0,817.5995800000001,
2220,NFCORE_RANGELAND:RANGELAND:PREPROCESSING:FORCE_PREPROCESS,1722113801000,1722114000000,6,189.0,,38654705664.0,,,0.8841266631115189,0.8841266631115189,0.0,817.5995800000001,
2817,NFCORE_RANGELAND:RANGELAND:PREPROCESSING:FORCE_PREPROCESS,1722113893000,1722114000000,6,197.6,,38654705664.0,,,0.5769463650321361,0.5769463650321361,0.0,817.5995800000001,
2803,NFCORE_RANGELAND:RANGELAND:PREPROCESSING:FORCE_PREPROCESS,1722113816000,1722114000000,6,163.5,,38654705664.0,,,0.9230521454860917,0.9230521454860917,0.0,817.5995800000001,
2816,NFCORE_RANGELAND:RANGELAND:PREPROCESSING:FORCE_PREPROCESS,1722113892000,1722114000000,6,185.0,,38654705664.0,,,0.640411251662225,0.640411251662225,0.0,817.5995800000001,
2811,NFCORE_RANGELAND:RANGELAND:PREPROCESSING:FORCE_PREPROCESS,1722113908000,1722114000000,6,172.6,,38654705664.0,,,0.7950265364781639,0.7950265364781639,0.0,817.5995800000001,
2818,NFCORE_RANGELAND:RANGELAND:PREPROCESSING:FORCE_PREPROCESS,1722113899000,1722114000000,6,196.6,,38654705664.0,,,0.6794533515162661,0.6794533515162661,0.0,817.5995800000001,
2819,NFCORE_RANGELAND:RANGELAND:PREPROCESSING:FORCE_PREPROCESS,1722113972000,1722114000000,6,198.1,,38654705664.0,,,0.5644395051818153,0.5644395051818153,0.0,817.5995800000001,
2820,NFCORE_RANGELAND:RANGELAND:PREPROCESSING:FORCE_PREPROCESS,1722113975000,1722114000000,6,198.4,,38654705664.0,,,0.5804682153847778,0.5804682153847778,0.0,817.5995800000001,
2821,NFCORE_RANGELAND:RANGELAND:PREPROCESSING:FORCE_PREPROCESS,1722113980000,1722114000000,6,194.3,,38654705664.0,,,0.5939105076218818,0.5939105076218818,0.0,817.5995800000001,
2822,NFCORE_RANGELAND:RANGELAND:PREPROCESSING:FORCE_PREPROCESS,1722113987000,1722114000000,6,197.9,,38654705664.0,,,0.5800511229132232,0.5800511229132232,0.0,817.5995800000001,
2801,NFCORE_RANGELAND:RANGELAND:PREPROCESSING:FORCE_PREPROCESS,1722113983000,1722114000000,6,188.3,,38654705664.0,,,0.6493864068933913,0.6493864068933913,0.0,817.5995800000001,
2814,NFCORE_RANGELAND:RANGELAND:PREPROCESSING:FORCE_PREPROCESS,1722113972000,1722114000000,6,144.1,,38654705664.0,,,1.3835483960246069,1.3835483960246069,0.0,813.6306500000001,
2823,NFCORE_RANGELAND:RANGELAND:PREPROCESSING:FORCE_PREPROCESS,1722114005000,1722114158000,6,193.7,,38654705664.0,,,0.605206593086625,0.605206593086625,0.0,816.4656,
2824,NFCORE_RANGELAND:RANGELAND:PREPROCESSING:FORCE_PREPROCESS,1722114018000,1722114161000,6,196.0,,38654705664.0,,,0.566932677311,0.566932677311,0.0,816.4656,
2825,NFCORE_RANGELAND:RANGELAND:PREPROCESSING:FORCE_PREPROCESS,1722114007000,1722114152000,6,193.6,,38654705664.0,,,0.57350528209,0.57350528209,0.0,816.4656,
2237,NFCORE_RANGELAND:RANGELAND:PREPROCESSING:FORCE_PREPROCESS,1722114036000,1722114171000,6,188.1,,38654705664.0,,,0.531058886904375,0.531058886904375,0.0,816.4656,
2827,NFCORE_RANGELAND:RANGELAND:PREPROCESSING:FORCE_PREPROCESS,1722114041000,1722114187000,6,196.7,,38654705664.0,,,0.57922475119075,0.57922475119075,0.0,816.4656,
2524,NFCORE_RANGELAND:RANGELAND:PREPROCESSING:FORCE_PREPROCESS,1722114116000,1722114268000,6,193.1,,38654705664.0,,,0.600895491709,0.600895491709,0.0,816.4656,
2832,NFCORE_RANGELAND:RANGELAND:PREPROCESSING:FORCE_PREPROCESS,1722114074000,1722114221000,6,196.4,,38654705664.0,,,0.5830201397265,0.5830201397265,0.0,816.4656,
2828,NFCORE_RANGELAND:RANGELAND:PREPROCESSING:FORCE_PREPROCESS,1722114057000,1722114248000,6,169.9,,38654705664.0,,,0.737799557595125,0.737799557595125,0.0,816.4656,
2833,NFCORE_RANGELAND:RANGELAND:PREPROCESSING:FORCE_PREPROCESS,1722114117000,1722114270000,6,194.0,,38654705664.0,,,0.6053855138685,0.6053855138685,0.0,816.4656,
2834,NFCORE_RANGELAND:RANGELAND:PREPROCESSING:FORCE_PREPROCESS,1722114124000,1722114275000,6,199.5,,38654705664.0,,,0.600709313455125,0.600709313455125,0.0,816.4656,
2835,NFCORE_RANGELAND:RANGELAND:PREPROCESSING:FORCE_PREPROCESS,1722114133000,1722114274000,6,199.0,,38654705664.0,,,0.5606524267507501,0.5606524267507501,0.0,816.4656,
2837,NFCORE_RANGELAND:RANGELAND:PREPROCESSING:FORCE_PREPROCESS,1722114136000,1722114276000,6,199.0,,38654705664.0,,,0.5566761684050001,0.5566761684050001,0.0,816.4656,
2804,NFCORE_RANGELAND:RANGELAND:PREPROCESSING:FORCE_PREPROCESS,1722114151000,1722114293000,6,195.5,,38654705664.0,,,0.5626913511402499,0.5626913511402499,0.0,816.4656,
2840,NFCORE_RANGELAND:RANGELAND:PREPROCESSING:FORCE_PREPROCESS,1722114160000,1722114300000,6,197.9,,38654705664.0,,,0.5678924799320282,0.5678924799320282,0.0,813.06366,
2838,NFCORE_RANGELAND:RANGELAND:PREPROCESSING:FORCE_PREPROCESS,1722114169000,1722114300000,6,196.1,,38654705664.0,,,0.5705238368165488,0.5705238368165488,0.0,813.06366,
2841,NFCORE_RANGELAND:RANGELAND:PREPROCESSING:FORCE_PREPROCESS,1722114190000,1722114300000,6,197.2,,38654705664.0,,,0.5743823719145208,0.5743823719145208,0.0,813.06366,
2179,NFCORE_RANGELAND:RANGELAND:PREPROCESSING:FORCE_PREPROCESS,1722114181000,1722114300000,6,171.3,,38654705664.0,,,0.7173406960101594,0.7173406960101594,0.0,813.06366,
2839,NFCORE_RANGELAND:RANGELAND:PREPROCESSING:FORCE_PREPROCESS,1722114155000,1722114300000,6,165.4,,38654705664.0,,,0.8740650189824397,0.8740650189824397,0.0,813.06366,
2842,NFCORE_RANGELAND:RANGELAND:PREPROCESSING:FORCE_PREPROCESS,1722114223000,1722114300000,6,195.2,,38654705664.0,,,0.6035922813657333,0.6035922813657333,0.0,813.06366,
2248,NFCORE_RANGELAND:RANGELAND:PREPROCESSING:FORCE_PREPROCESS,1722114059000,1722114300000,6,146.3,,38654705664.0,,,1.2378380511660334,1.2378380511660334,0.0,813.06366,
2845,NFCORE_RANGELAND:RANGELAND:PREPROCESSING:FORCE_PREPROCESS,1722114270000,1722114300000,6,183.4,,38654705664.0,,,0.672706709944252,0.672706709944252,0.0,813.06366,
2843,NFCORE_RANGELAND:RANGELAND:PREPROCESSING:FORCE_PREPROCESS,1722114273000,1722114300000,6,198.2,,38654705664.0,,,0.5643183039031917,0.5643183039031917,0.0,813.06366,
2848,NFCORE_RANGELAND:RANGELAND:PREPROCESSING:FORCE_PREPROCESS,1722114276000,1722114300000,6,197.6,,38654705664.0,,,0.5599491304647833,0.5599491304647833,0.0,813.06366,
2847,NFCORE_RANGELAND:RANGELAND:PREPROCESSING:FORCE_PREPROCESS,1722114278000,1722114300000,6,196.7,,38654705664.0,,,0.5829936793663063,0.5829936793663063,0.0,813.06366,
2849,NFCORE_RANGELAND:RANGELAND:PREPROCESSING:FORCE_PREPROCESS,1722114281000,1722114300000,6,195.1,,38654705664.0,,,0.5662659534746928,0.5662659534746928,0.0,813.06366,
2826,NFCORE_RANGELAND:RANGELAND:PREPROCESSING:FORCE_PREPROCESS,1722114027000,1722114300000,6,142.2,,38654705664.0,,,1.5687132272508375,1.5687132272508375,0.0,813.06366,
2844,NFCORE_RANGELAND:RANGELAND:PREPROCESSING:FORCE_PREPROCESS,1722114296000,1722114300000,6,195.5,,38654705664.0,,,0.5502751570071085,0.5502751570071085,0.0,813.06366,
2846,NFCORE_RANGELAND:RANGELAND:PREPROCESSING:FORCE_PREPROCESS,1722114250000,1722114300000,6,177.0,,38654705664.0,,,0.8542567808439937,0.8542567808439937,0.0,813.06366,
2853,NFCORE_RANGELAND:RANGELAND:PREPROCESSING:FORCE_PREPROCESS,1722114305000,1722114344000,6,172.8,,38654705664.0,,,0.1498319495946,0.1498319495946,0.0,809.66172,
2850,NFCORE_RANGELAND:RANGELAND:PREPROCESSING:FORCE_PREPROCESS,1722114315000,1722114481000,6,184.5,,38654705664.0,,,0.6452539618007437,0.6452539618007437,0.0,809.66172,
2854,NFCORE_RANGELAND:RANGELAND:PREPROCESSING:FORCE_PREPROCESS,1722114343000,1722114524000,6,187.6,,38654705664.0,,,0.705729015386879,0.705729015386879,0.0,809.66172,
2851,NFCORE_RANGELAND:RANGELAND:PREPROCESSING:FORCE_PREPROCESS,1722114338000,1722114495000,6,188.1,,38654705664.0,,,0.6124551348169407,0.6124551348169407,0.0,809.66172,
2855,NFCORE_RANGELAND:RANGELAND:PREPROCESSING:FORCE_PREPROCESS,1722114346000,1722114495000,6,194.1,,38654705664.0,,,0.5847030516265531,0.5847030516265531,0.0,809.66172,
2857,NFCORE_RANGELAND:RANGELAND:PREPROCESSING:FORCE_PREPROCESS,1722114379000,1722114522000,6,198.4,,38654705664.0,,,0.5635349027975334,0.5635349027975334,0.0,809.66172,
2858,NFCORE_RANGELAND:RANGELAND:PREPROCESSING:FORCE_PREPROCESS,1722114386000,1722114526000,6,198.8,,38654705664.0,,,0.5519289643064168,0.5519289643064168,0.0,809.66172,
2856,NFCORE_RANGELAND:RANGELAND:PREPROCESSING:FORCE_PREPROCESS,1722114370000,1722114533000,6,197.1,,38654705664.0,,,0.6415318583171531,0.6415318583171531,0.0,809.66172,
2859,NFCORE_RANGELAND:RANGELAND:PREPROCESSING:FORCE_PREPROCESS,1722114391000,1722114537000,6,196.7,,38654705664.0,,,0.5743978782641603,0.5743978782641603,0.0,809.66172,
2860,NFCORE_RANGELAND:RANGELAND:PREPROCESSING:FORCE_PREPROCESS,1722114445000,1722114599000,6,195.4,,38654705664.0,,,0.6050978470033291,0.6050978470033291,0.0,809.66172,
2861,NFCORE_RANGELAND:RANGELAND:PREPROCESSING:FORCE_PREPROCESS,1722114419000,1722114564000,6,197.1,,38654705664.0,,,0.5706878494232344,0.5706878494232344,0.0,809.66172,
2852,NFCORE_RANGELAND:RANGELAND:PREPROCESSING:FORCE_PREPROCESS,1722114429000,1722114577000,6,196.6,,38654705664.0,,,0.5822091318777417,0.5822091318777417,0.0,809.66172,
2863,NFCORE_RANGELAND:RANGELAND:PREPROCESSING:FORCE_PREPROCESS,1722114421000,1722114577000,6,187.7,,38654705664.0,,,0.6083129349763375,0.6083129349763375,0.0,809.66172,
2865,NFCORE_RANGELAND:RANGELAND:PREPROCESSING:FORCE_PREPROCESS,1722114438000,1722114599000,6,187.5,,38654705664.0,,,0.6276856729978842,0.6276856729978842,0.0,809.66172,
2866,NFCORE_RANGELAND:RANGELAND:PREPROCESSING:FORCE_PREPROCESS,1722114449000,1722114593000,6,197.3,,38654705664.0,,,0.5668633996378499,0.5668633996378499,0.0,809.66172,
2864,NFCORE_RANGELAND:RANGELAND:PREPROCESSING:FORCE_PREPROCESS,1722114428000,1722114600000,6,182.0,,38654705664.0,,,0.7328301361770375,0.7328301361770375,0.0,809.66172,
2867,NFCORE_RANGELAND:RANGELAND:PREPROCESSING:FORCE_PREPROCESS,1722114473000,1722114600000,6,196.1,,38654705664.0,,,0.5701273414182865,0.5701273414182865,0.0,809.66172,
2871,NFCORE_RANGELAND:RANGELAND:PREPROCESSING:FORCE_PREPROCESS,1722114484000,1722114600000,6,197.7,,38654705664.0,,,0.5592098613801437,0.5592098613801437,0.0,809.66172,
2554,NFCORE_RANGELAND:RANGELAND:PREPROCESSING:FORCE_PREPROCESS,1722114499000,1722114600000,6,188.2,,38654705664.0,,,0.5891075762417854,0.5891075762417854,0.0,809.66172,
2365,NFCORE_RANGELAND:RANGELAND:PREPROCESSING:FORCE_PREPROCESS,1722114524000,1722114600000,6,189.3,,38654705664.0,,,0.5467877529506875,0.5467877529506875,0.0,809.66172,
2873,NFCORE_RANGELAND:RANGELAND:PREPROCESSING:FORCE_PREPROCESS,1722114535000,1722114600000,6,198.1,,38654705664.0,,,0.5830672889611791,0.5830672889611791,0.0,809.66172,
2872,NFCORE_RANGELAND:RANGELAND:PREPROCESSING:FORCE_PREPROCESS,1722114529000,1722114600000,6,181.1,,38654705664.0,,,0.7128029567400584,0.7128029567400584,0.0,809.66172,
2227,NFCORE_RANGELAND:RANGELAND:PREPROCESSING:FORCE_PREPROCESS,1722114498000,1722114600000,6,154.5,,38654705664.0,,,0.8296430748326875,0.8296430748326875,0.0,809.66172,
2870,NFCORE_RANGELAND:RANGELAND:PREPROCESSING:FORCE_PREPROCESS,1722114579000,1722114600000,6,196.5,,38654705664.0,,,0.5703515446202656,0.5703515446202656,0.0,809.66172,
2258,NFCORE_RANGELAND:RANGELAND:PREPROCESSING:FORCE_PREPROCESS,1722114595000,1722114600000,6,188.0,,38654705664.0,,,0.5265812109521248,0.5265812109521248,0.0,809.66172,
2257,NFCORE_RANGELAND:RANGELAND:PREPROCESSING:FORCE_PREPROCESS,1722114579000,1722114600000,6,188.0,,38654705664.0,,,0.643599257830375,0.643599257830375,0.0,809.66172,
2868,NFCORE_RANGELAND:RANGELAND:PREPROCESSING:FORCE_PREPROCESS,1722114526000,1722114600000,6,187.3,,38654705664.0,,,1.1732665942303324,1.1732665942303324,0.0,809.66172,
2875,NFCORE_RANGELAND:RANGELAND:PREPROCESSING:FORCE_PREPROCESS,1722114539000,1722114600000,6,184.2,,38654705664.0,,,0.979249921601175,0.979249921601175,0.0,809.66172,
2877,NFCORE_RANGELAND:RANGELAND:PREPROCESSING:FORCE_PREPROCESS,1722114567000,1722114600000,6,133.9,,38654705664.0,,,1.5465497925074208,1.5465497925074208,0.0,809.4349239999999,
2876,NFCORE_RANGELAND:RANGELAND:PREPROCESSING:FORCE_PREPROCESS,1722114601000,1722114747000,6,198.9,,38654705664.0,,,0.5756395001344312,0.5756395001344312,0.0,809.66172,
2884,NFCORE_RANGELAND:RANGELAND:PREPROCESSING:FORCE_PREPROCESS,1722114629000,1722114775000,6,194.5,,38654705664.0,,,0.5731562563938896,0.5731562563938896,0.0,809.66172,
2885,NFCORE_RANGELAND:RANGELAND:PREPROCESSING:FORCE_PREPROCESS,1722114653000,1722114797000,6,199.0,,38654705664.0,,,0.5678096917730999,0.5678096917730999,0.0,809.66172,
2880,NFCORE_RANGELAND:RANGELAND:PREPROCESSING:FORCE_PREPROCESS,1722114667000,1722114813000,6,197.4,,38654705664.0,,,0.5747929397683375,0.5747929397683375,0.0,809.66172,
2881,NFCORE_RANGELAND:RANGELAND:PREPROCESSING:FORCE_PREPROCESS,1722114620000,1722114819000,6,167.6,,38654705664.0,,,0.7605270330494959,0.7605270330494959,0.0,809.66172,
2768,NFCORE_RANGELAND:RANGELAND:PREPROCESSING:FORCE_PREPROCESS,1722114685000,1722114831000,6,197.6,,38654705664.0,,,0.5749058144838166,0.5749058144838166,0.0,809.66172,
2886,NFCORE_RANGELAND:RANGELAND:PREPROCESSING:FORCE_PREPROCESS,1722114621000,1722114850000,6,157.9,,38654705664.0,,,0.8665927535110635,0.8665927535110635,0.0,809.66172,
2769,NFCORE_RANGELAND:RANGELAND:PREPROCESSING:FORCE_PREPROCESS,1722114750000,1722114900000,6,191.5,,38654705664.0,,,0.6184151661317083,0.6184151661317083,0.0,809.4349239999999,
2891,NFCORE_RANGELAND:RANGELAND:PREPROCESSING:FORCE_PREPROCESS,1722114727000,1722114871000,6,198.5,,38654705664.0,,,0.5675313705568501,0.5675313705568501,0.0,809.66172,
2893,NFCORE_RANGELAND:RANGELAND:PREPROCESSING:FORCE_PREPROCESS,1722114746000,1722114886000,6,197.6,,38654705664.0,,,0.5512795481351668,0.5512795481351668,0.0,809.66172,
2892,NFCORE_RANGELAND:RANGELAND:PREPROCESSING:FORCE_PREPROCESS,1722114733000,1722114887000,6,193.5,,38654705664.0,,,0.6039667805050687,0.6039667805050687,0.0,809.66172,
2259,NFCORE_RANGELAND:RANGELAND:PREPROCESSING:FORCE_PREPROCESS,1722114716000,1722114900000,6,157.6,,38654705664.0,,,0.7528027532213334,0.7528027532213334,0.0,809.4349239999999,
2894,NFCORE_RANGELAND:RANGELAND:PREPROCESSING:FORCE_PREPROCESS,1722114777000,1722114900000,6,198.5,,38654705664.0,,,0.5556680572437394,0.5556680572437394,0.0,809.4349239999999,
2898,NFCORE_RANGELAND:RANGELAND:PREPROCESSING:FORCE_PREPROCESS,1722114800000,1722114900000,6,198.2,,38654705664.0,,,0.5712050797311583,0.5712050797311583,0.0,809.4349239999999,
2882,NFCORE_RANGELAND:RANGELAND:PREPROCESSING:FORCE_PREPROCESS,1722114602000,1722114900000,6,140.8,,38654705664.0,,,1.31982329205872,1.31982329205872,0.0,809.4349239999999,
2896,NFCORE_RANGELAND:RANGELAND:PREPROCESSING:FORCE_PREPROCESS,1722114794000,1722114900000,6,188.5,,38654705664.0,,,0.6983940489970223,0.6983940489970223,0.0,809.4349239999999,
2897,NFCORE_RANGELAND:RANGELAND:PREPROCESSING:FORCE_PREPROCESS,1722114816000,1722114900000,6,197.3,,38654705664.0,,,0.5903371547955891,0.5903371547955891,0.0,809.4349239999999,
2895,NFCORE_RANGELAND:RANGELAND:PREPROCESSING:FORCE_PREPROCESS,1722114829000,1722114900000,6,180.2,,38654705664.0,,,0.7544688974119309,0.7544688974119309,0.0,809.4349239999999,
2901,NFCORE_RANGELAND:RANGELAND:PREPROCESSING:FORCE_PREPROCESS,1722114853000,1722114900000,6,197.4,,38654705664.0,,,0.5627703914598413,0.5627703914598413,0.0,809.4349239999999,
2900,NFCORE_RANGELAND:RANGELAND:PREPROCESSING:FORCE_PREPROCESS,1722114833000,1722114900000,6,193.2,,38654705664.0,,,0.7133152678781791,0.7133152678781791,0.0,809.4349239999999,
2906,NFCORE_RANGELAND:RANGELAND:PREPROCESSING:FORCE_PREPROCESS,1722114891000,1722114900000,6,198.0,,38654705664.0,,,0.5590810214783675,0.5590810214783675,0.0,809.4349239999999,
2904,NFCORE_RANGELAND:RANGELAND:PREPROCESSING:FORCE_PREPROCESS,1722114888000,1722114900000,6,194.9,,38654705664.0,,,0.6790641794474668,0.6790641794474668,0.0,809.4349239999999,
2903,NFCORE_RANGELAND:RANGELAND:PREPROCESSING:FORCE_PREPROCESS,1722114873000,1722114900000,6,185.0,,38654705664.0,,,0.7541030947100915,0.7541030947100915,0.0,809.4349239999999,
2890,NFCORE_RANGELAND:RANGELAND:PREPROCESSING:FORCE_PREPROCESS,1722114721000,1722114900000,6,139.9,,38654705664.0,,,1.4037301973318335,1.4037301973318335,0.0,809.4349239999999,
2899,NFCORE_RANGELAND:RANGELAND:PREPROCESSING:FORCE_PREPROCESS,1722114821000,1722114900000,6,145.5,,38654705664.0,,,1.1241660502836481,1.1241660502836481,0.0,809.4349239999999,
2908,NFCORE_RANGELAND:RANGELAND:PREPROCESSING:FORCE_PREPROCESS,1722114921000,1722115069000,6,194.1,,38654705664.0,,,0.5804535037582467,0.5804535037582467,0.0,809.208128,
2909,NFCORE_RANGELAND:RANGELAND:PREPROCESSING:FORCE_PREPROCESS,1722114947000,1722115091000,6,198.2,,38654705664.0,,,0.56704652663504,0.56704652663504,0.0,809.208128,
2905,NFCORE_RANGELAND:RANGELAND:PREPROCESSING:FORCE_PREPROCESS,1722114960000,1722115103000,6,196.6,,38654705664.0,,,0.5622247560435855,0.5622247560435855,0.0,809.208128,
2911,NFCORE_RANGELAND:RANGELAND:PREPROCESSING:FORCE_PREPROCESS,1722114975000,1722115119000,6,196.4,,38654705664.0,,,0.56604513157664,0.56604513157664,0.0,809.208128,
2913,NFCORE_RANGELAND:RANGELAND:PREPROCESSING:FORCE_PREPROCESS,1722114998000,1722115137000,6,198.9,,38654705664.0,,,0.547733320614465,0.547733320614465,0.0,809.208128,
2914,NFCORE_RANGELAND:RANGELAND:PREPROCESSING:FORCE_PREPROCESS,1722114988000,1722115172000,6,183.6,,38654705664.0,,,0.71418079450864,0.71418079450864,0.0,809.208128,
2915,NFCORE_RANGELAND:RANGELAND:PREPROCESSING:FORCE_PREPROCESS,1722115017000,1722115170000,6,198.4,,38654705664.0,,,0.6026051547996801,0.6026051547996801,0.0,809.208128,
2234,NFCORE_RANGELAND:RANGELAND:PREPROCESSING:FORCE_PREPROCESS,1722115035000,1722115169000,6,188.5,,38654705664.0,,,0.5226466393806455,0.5226466393806455,0.0,809.208128,
2361,NFCORE_RANGELAND:RANGELAND:PREPROCESSING:FORCE_PREPROCESS,1722115027000,1722115200000,6,165.7,,38654705664.0,,,0.720517589564115,0.720517589564115,0.0,809.208128,
2907,NFCORE_RANGELAND:RANGELAND:PREPROCESSING:FORCE_PREPROCESS,1722114918000,1722115186000,6,157.5,,38654705664.0,,,1.01319609455918,1.01319609455918,0.0,809.208128,
2918,NFCORE_RANGELAND:RANGELAND:PREPROCESSING:FORCE_PREPROCESS,1722115070000,1722115200000,6,198.9,,38654705664.0,,,0.555614375587335,0.555614375587335,0.0,809.208128,
2337,NFCORE_RANGELAND:RANGELAND:PREPROCESSING:FORCE_PREPROCESS,1722115063000,1722115200000,6,174.1,,38654705664.0,,,0.6766698393451824,0.6766698393451824,0.0,809.208128,
2917,NFCORE_RANGELAND:RANGELAND:PREPROCESSING:FORCE_PREPROCESS,1722115094000,1722115200000,6,194.5,,38654705664.0,,,0.604223388421901,0.604223388421901,0.0,809.208128,
2295,NFCORE_RANGELAND:RANGELAND:PREPROCESSING:FORCE_PREPROCESS,1722114910000,1722115200000,6,136.6,,38654705664.0,,,1.4577358721611844,1.4577358721611844,0.0,809.208128,
2902,NFCORE_RANGELAND:RANGELAND:PREPROCESSING:FORCE_PREPROCESS,1722115140000,1722115200000,6,198.0,,38654705664.0,,,0.5590611596769199,0.5590611596769199,0.0,809.208128,
2921,NFCORE_RANGELAND:RANGELAND:PREPROCESSING:FORCE_PREPROCESS,1722115101000,1722115200000,6,193.8,,38654705664.0,,,0.7449565811742334,0.7449565811742334,0.0,809.208128,
2925,NFCORE_RANGELAND:RANGELAND:PREPROCESSING:FORCE_PREPROCESS,1722115124000,1722115200000,6,184.7,,38654705664.0,,,0.6333637387681772,0.6333637387681772,0.0,809.208128,
2922,NFCORE_RANGELAND:RANGELAND:PREPROCESSING:FORCE_PREPROCESS,1722115106000,1722115200000,6,197.9,,38654705664.0,,,0.7361561828803173,0.7361561828803173,0.0,809.208128,
2296,NFCORE_RANGELAND:RANGELAND:PREPROCESSING:FORCE_PREPROCESS,1722115171000,1722115200000,6,189.2,,38654705664.0,,,0.5269120793841,0.5269120793841,0.0,809.208128,
2916,NFCORE_RANGELAND:RANGELAND:PREPROCESSING:FORCE_PREPROCESS,1722115072000,1722115200000,6,164.4,,38654705664.0,,,0.9099303479846733,0.9099303479846733,0.0,809.208128,
2928,NFCORE_RANGELAND:RANGELAND:PREPROCESSING:FORCE_PREPROCESS,1722115174000,1722115200000,6,197.4,,38654705664.0,,,0.5626667297884966,0.5626667297884966,0.0,809.208128,
2910,NFCORE_RANGELAND:RANGELAND:PREPROCESSING:FORCE_PREPROCESS,1722114968000,1722115200000,6,140.7,,38654705664.0,,,1.4119573387049669,1.4119573387049669,0.0,809.208128,
2926,NFCORE_RANGELAND:RANGELAND:PREPROCESSING:FORCE_PREPROCESS,1722115176000,1722115200000,6,197.2,,38654705664.0,,,0.5743581154365822,0.5743581154365822,0.0,809.208128,
2927,NFCORE_RANGELAND:RANGELAND:PREPROCESSING:FORCE_PREPROCESS,1722115188000,1722115200000,6,197.7,,38654705664.0,,,0.5470889043500318,0.5470889043500318,0.0,809.208128,
2923,NFCORE_RANGELAND:RANGELAND:PREPROCESSING:FORCE_PREPROCESS,1722115121000,1722115200000,6,162.9,,38654705664.0,,,0.99597854793197,0.99597854793197,0.0,809.208128,
2929,NFCORE_RANGELAND:RANGELAND:PREPROCESSING:FORCE_PREPROCESS,1722115220000,1722115420000,6,175.6,,38654705664.0,,,0.7701020213142221,0.7701020213142221,0.0,809.208128,
2930,NFCORE_RANGELAND:RANGELAND:PREPROCESSING:FORCE_PREPROCESS,1722115213000,1722115359000,6,196.3,,38654705664.0,,,0.5738504637750322,0.5738504637750322,0.0,809.208128,
2931,NFCORE_RANGELAND:RANGELAND:PREPROCESSING:FORCE_PREPROCESS,1722115242000,1722115383000,6,197.5,,38654705664.0,,,0.5548517390729517,0.5548517390729517,0.0,809.208128,
2932,NFCORE_RANGELAND:RANGELAND:PREPROCESSING:FORCE_PREPROCESS,1722115250000,1722115438000,6,175.2,,38654705664.0,,,0.7236053718394134,0.7236053718394134,0.0,809.208128,
2937,NFCORE_RANGELAND:RANGELAND:PREPROCESSING:FORCE_PREPROCESS,1722115293000,1722115437000,6,196.9,,38654705664.0,,,0.56632329687064,0.56632329687064,0.0,809.208128,
2938,NFCORE_RANGELAND:RANGELAND:PREPROCESSING:FORCE_PREPROCESS,1722115296000,1722115436000,6,197.7,,38654705664.0,,,0.5510247957482335,0.5510247957482335,0.0,809.208128,
2933,NFCORE_RANGELAND:RANGELAND:PREPROCESSING:FORCE_PREPROCESS,1722115307000,1722115500000,6,176.0,,38654705664.0,,,0.7858193157403732,0.7858193157403732,0.0,809.208128,
2942,NFCORE_RANGELAND:RANGELAND:PREPROCESSING:FORCE_PREPROCESS,1722115320000,1722115467000,6,196.1,,38654705664.0,,,0.5776673622419116,0.5776673622419116,0.0,809.208128,
2944,NFCORE_RANGELAND:RANGELAND:PREPROCESSING:FORCE_PREPROCESS,1722115329000,1722115472000,6,195.9,,38654705664.0,,,0.5618380290167884,0.5618380290167884,0.0,809.208128,
2941,NFCORE_RANGELAND:RANGELAND:PREPROCESSING:FORCE_PREPROCESS,1722115313000,1722115482000,6,183.4,,38654705664.0,,,0.6558289509348345,0.6558289509348345,0.0,809.208128,
2943,NFCORE_RANGELAND:RANGELAND:PREPROCESSING:FORCE_PREPROCESS,1722115324000,1722115486000,6,190.6,,38654705664.0,,,0.6331707159370199,0.6331707159370199,0.0,809.208128,
2297,NFCORE_RANGELAND:RANGELAND:PREPROCESSING:FORCE_PREPROCESS,1722115361000,1722115493000,6,187.6,,38654705664.0,,,0.5143869705353866,0.5143869705353866,0.0,809.208128,
2935,NFCORE_RANGELAND:RANGELAND:PREPROCESSING:FORCE_PREPROCESS,1722115350000,1722115494000,6,197.5,,38654705664.0,,,0.5666570952234401,0.5666570952234401,0.0,809.208128,
2940,NFCORE_RANGELAND:RANGELAND:PREPROCESSING:FORCE_PREPROCESS,1722115309000,1722115500000,6,195.1,,38654705664.0,,,0.812650233855095,0.812650233855095,0.0,809.208128,
2945,NFCORE_RANGELAND:RANGELAND:PREPROCESSING:FORCE_PREPROCESS,1722115385000,1722115500000,6,196.8,,38654705664.0,,,0.5623352494798134,0.5623352494798134,0.0,809.208128,
2946,NFCORE_RANGELAND:RANGELAND:PREPROCESSING:FORCE_PREPROCESS,1722115387000,1722115500000,6,197.9,,38654705664.0,,,0.5550696352199184,0.5550696352199184,0.0,809.208128,
2934,NFCORE_RANGELAND:RANGELAND:PREPROCESSING:FORCE_PREPROCESS,1722115284000,1722115500000,6,153.3,,38654705664.0,,,1.027669224464155,1.027669224464155,0.0,809.208128,
2936,NFCORE_RANGELAND:RANGELAND:PREPROCESSING:FORCE_PREPROCESS,1722115289000,1722115500000,6,164.7,,38654705664.0,,,1.0663517120998,1.0663517120998,0.0,809.208128,
2950,NFCORE_RANGELAND:RANGELAND:PREPROCESSING:FORCE_PREPROCESS,1722115442000,1722115500000,6,192.1,,38654705664.0,,,0.6184524985251522,0.6184524985251522,0.0,809.208128,
2952,NFCORE_RANGELAND:RANGELAND:PREPROCESSING:FORCE_PREPROCESS,1722115485000,1722115500000,6,197.8,,38654705664.0,,,0.5471426057054012,0.5471426057054012,0.0,809.208128,
2912,NFCORE_RANGELAND:RANGELAND:PREPROCESSING:FORCE_PREPROCESS,1722115423000,1722115500000,6,171.0,,38654705664.0,,,0.9696828240575301,0.9696828240575301,0.0,809.208128,
2957,NFCORE_RANGELAND:RANGELAND:PREPROCESSING:FORCE_PREPROCESS,1722115488000,1722115500000,6,189.0,,38654705664.0,,,0.61656020184458,0.61656020184458,0.0,809.208128,
2951,NFCORE_RANGELAND:RANGELAND:PREPROCESSING:FORCE_PREPROCESS,1722115442000,1722115500000,6,163.8,,38654705664.0,,,0.8903517259127401,0.8903517259127401,0.0,809.208128,
2958,NFCORE_RANGELAND:RANGELAND:PREPROCESSING:FORCE_PREPROCESS,1722115495000,1722115500000,6,196.5,,38654705664.0,,,0.8137698491634451,0.8137698491634451,0.0,809.208128,
2959,NFCORE_RANGELAND:RANGELAND:PREPROCESSING:FORCE_PREPROCESS,1722115498000,1722115500000,6,169.6,,38654705664.0,,,0.79225724073872,0.79225724073872,0.0,809.208128,
2956,NFCORE_RANGELAND:RANGELAND:PREPROCESSING:FORCE_PREPROCESS,1722115475000,1722115500000,6,158.6,,38654705664.0,,,0.9537777118629202,0.9537777118629202,0.0,809.208128,
2947,NFCORE_RANGELAND:RANGELAND:PREPROCESSING:FORCE_PREPROCESS,1722115438000,1722115500000,6,134.5,,38654705664.0,,,1.4766896338317779,1.4766896338317779,0.0,809.208128,
2955,NFCORE_RANGELAND:RANGELAND:PREPROCESSING:FORCE_PREPROCESS,1722115470000,1722115500000,6,138.3,,38654705664.0,,,1.4751492021993635,1.4751492021993635,0.0,809.208128,
2948,NFCORE_RANGELAND:RANGELAND:PREPROCESSING:FORCE_PREPROCESS,1722115513000,1722115660000,6,198.1,,38654705664.0,,,0.5788032038590784,0.5788032038590784,0.0,809.208128,
2949,NFCORE_RANGELAND:RANGELAND:PREPROCESSING:FORCE_PREPROCESS,1722115518000,1722115659000,6,197.6,,38654705664.0,,,0.5549062131096935,0.5549062131096935,0.0,809.208128,
2299,NFCORE_RANGELAND:RANGELAND:PREPROCESSING:FORCE_PREPROCESS,1722115530000,1722115662000,6,188.4,,38654705664.0,,,0.5147949462999201,0.5147949462999201,0.0,809.208128,
2960,NFCORE_RANGELAND:RANGELAND:PREPROCESSING:FORCE_PREPROCESS,1722115533000,1722115673000,6,197.9,,38654705664.0,,,0.5511329711403445,0.5511329711403445,0.0,809.208128,
2961,NFCORE_RANGELAND:RANGELAND:PREPROCESSING:FORCE_PREPROCESS,1722115560000,1722115703000,6,196.3,,38654705664.0,,,0.5620590158892439,0.5620590158892439,0.0,809.208128,
2962,NFCORE_RANGELAND:RANGELAND:PREPROCESSING:FORCE_PREPROCESS,1722115571000,1722115739000,6,187.9,,38654705664.0,,,0.6548690418417467,0.6548690418417467,0.0,809.208128,
2219,NFCORE_RANGELAND:RANGELAND:PREPROCESSING:FORCE_PREPROCESS,1722115663000,1722115800000,6,188.5,,38654705664.0,,,0.5382480316009635,0.5382480316009635,0.0,809.208128,
2965,NFCORE_RANGELAND:RANGELAND:PREPROCESSING:FORCE_PREPROCESS,1722115626000,1722115771000,6,196.8,,38654705664.0,,,0.5702000781438668,0.5702000781438668,0.0,809.208128,
2967,NFCORE_RANGELAND:RANGELAND:PREPROCESSING:FORCE_PREPROCESS,1722115679000,1722115800000,6,197.5,,38654705664.0,,,0.5902678075244168,0.5902678075244168,0.0,809.208128,
2968,NFCORE_RANGELAND:RANGELAND:PREPROCESSING:FORCE_PREPROCESS,1722115649000,1722115792000,6,196.9,,38654705664.0,,,0.5623904961979272,0.5623904961979272,0.0,809.208128,
2971,NFCORE_RANGELAND:RANGELAND:PREPROCESSING:FORCE_PREPROCESS,1722115665000,1722115800000,6,191.1,,38654705664.0,,,0.5904693298506682,0.5904693298506682,0.0,809.208128,
2973,NFCORE_RANGELAND:RANGELAND:PREPROCESSING:FORCE_PREPROCESS,1722115679000,1722115800000,6,197.9,,38654705664.0,,,0.5668796274586401,0.5668796274586401,0.0,809.208128,
2972,NFCORE_RANGELAND:RANGELAND:PREPROCESSING:FORCE_PREPROCESS,1722115676000,1722115800000,6,185.5,,38654705664.0,,,0.6688663475333312,0.6688663475333312,0.0,809.208128,
2975,NFCORE_RANGELAND:RANGELAND:PREPROCESSING:FORCE_PREPROCESS,1722115707000,1722115800000,6,197.5,,38654705664.0,,,0.5587868577897811,0.5587868577897811,0.0,809.208128,
2976,NFCORE_RANGELAND:RANGELAND:PREPROCESSING:FORCE_PREPROCESS,1722115713000,1722115800000,6,198.4,,38654705664.0,,,0.5710963885356445,0.5710963885356445,0.0,809.208128,
2969,NFCORE_RANGELAND:RANGELAND:PREPROCESSING:FORCE_PREPROCESS,1722115662000,1722115800000,6,169.0,,38654705664.0,,,0.7764773591214189,0.7764773591214189,0.0,809.208128,
2795,NFCORE_RANGELAND:RANGELAND:PREPROCESSING:FORCE_PREPROCESS,1722115602000,1722115800000,6,169.1,,38654705664.0,,,1.1093654089724279,1.1093654089724279,0.0,809.208128,
2978,NFCORE_RANGELAND:RANGELAND:PREPROCESSING:FORCE_PREPROCESS,1722115742000,1722115800000,6,190.9,,38654705664.0,,,0.6177199965842856,0.6177199965842856,0.0,809.208128,
2974,NFCORE_RANGELAND:RANGELAND:PREPROCESSING:FORCE_PREPROCESS,1722115705000,1722115800000,6,181.7,,38654705664.0,,,0.7864376083500495,0.7864376083500495,0.0,809.208128,
2963,NFCORE_RANGELAND:RANGELAND:PREPROCESSING:FORCE_PREPROCESS,1722115774000,1722115800000,6,195.7,,38654705664.0,,,0.5617275355805605,0.5617275355805605,0.0,809.208128,
2977,NFCORE_RANGELAND:RANGELAND:PREPROCESSING:FORCE_PREPROCESS,1722115730000,1722115800000,6,172.9,,38654705664.0,,,0.7334550714368073,0.7334550714368073,0.0,809.208128,
2982,NFCORE_RANGELAND:RANGELAND:PREPROCESSING:FORCE_PREPROCESS,1722115794000,1722115800000,6,196.8,,38654705664.0,,,0.57806490680792,0.57806490680792,0.0,809.208128,
2966,NFCORE_RANGELAND:RANGELAND:PREPROCESSING:FORCE_PREPROCESS,1722115803000,1722115841000,6,175.0,,38654705664.0,,,0.1462312983732689,0.1462312983732689,0.0,809.208128,
2984,NFCORE_RANGELAND:RANGELAND:PREPROCESSING:FORCE_PREPROCESS,1722115826000,1722115863000,6,171.7,,38654705664.0,,,0.1419113843330728,0.1419113843330728,0.0,809.208128,
2983,NFCORE_RANGELAND:RANGELAND:PREPROCESSING:FORCE_PREPROCESS,1722115843000,1722115995000,6,194.4,,38654705664.0,,,0.5963176076451201,0.5963176076451201,0.0,809.208128,
2964,NFCORE_RANGELAND:RANGELAND:PREPROCESSING:FORCE_PREPROCESS,1722115831000,1722116021000,6,174.9,,38654705664.0,,,0.7310830871359834,0.7310830871359834,0.0,809.208128,
2985,NFCORE_RANGELAND:RANGELAND:PREPROCESSING:FORCE_PREPROCESS,1722115841000,1722115986000,6,197.3,,38654705664.0,,,0.5704801751412972,0.5704801751412972,0.0,809.208128,
2986,NFCORE_RANGELAND:RANGELAND:PREPROCESSING:FORCE_PREPROCESS,1722115851000,1722116000000,6,194.2,,38654705664.0,,,0.584433051653979,0.584433051653979,0.0,809.208128,
2987,NFCORE_RANGELAND:RANGELAND:PREPROCESSING:FORCE_PREPROCESS,1722115853000,1722115997000,6,195.8,,38654705664.0,,,0.56571133322384,0.56571133322384,0.0,809.208128,
2366,NFCORE_RANGELAND:RANGELAND:PREPROCESSING:FORCE_PREPROCESS,1722115871000,1722116006000,6,187.1,,38654705664.0,,,0.525816803538975,0.525816803538975,0.0,809.208128,
2988,NFCORE_RANGELAND:RANGELAND:PREPROCESSING:FORCE_PREPROCESS,1722115860000,1722116007000,6,195.5,,38654705664.0,,,0.5773266097567616,0.5773266097567616,0.0,809.208128,
2989,NFCORE_RANGELAND:RANGELAND:PREPROCESSING:FORCE_PREPROCESS,1722115865000,1722116013000,6,197.3,,38654705664.0,,,0.582283213247669,0.582283213247669,0.0,809.208128,
2354,NFCORE_RANGELAND:RANGELAND:PREPROCESSING:FORCE_PREPROCESS,1722115818000,1722116030000,6,162.6,,38654705664.0,,,0.8056605932838533,0.8056605932838533,0.0,809.208128,
2796,NFCORE_RANGELAND:RANGELAND:PREPROCESSING:FORCE_PREPROCESS,1722115871000,1722116034000,6,191.6,,38654705664.0,,,0.6377089124648688,0.6377089124648688,0.0,809.208128,
2367,NFCORE_RANGELAND:RANGELAND:PREPROCESSING:FORCE_PREPROCESS,1722115894000,1722116041000,6,181.1,,38654705664.0,,,0.5691485501131616,0.5691485501131616,0.0,809.208128,
2991,NFCORE_RANGELAND:RANGELAND:PREPROCESSING:FORCE_PREPROCESS,1722115911000,1722116063000,6,193.7,,38654705664.0,,,0.5959065411550978,0.5959065411550978,0.0,809.208128,
2997,NFCORE_RANGELAND:RANGELAND:PREPROCESSING:FORCE_PREPROCESS,1722115923000,1722116062000,6,199.3,,38654705664.0,,,0.5479481260359429,0.5479481260359429,0.0,809.208128,
2980,NFCORE_RANGELAND:RANGELAND:PREPROCESSING:FORCE_PREPROCESS,1722115943000,1722116089000,6,198.5,,38654705664.0,,,0.5750913900588212,0.5750913900588212,0.0,809.208128,
2998,NFCORE_RANGELAND:RANGELAND:PREPROCESSING:FORCE_PREPROCESS,1722115998000,1722116100000,6,197.2,,38654705664.0,,,0.5822260348261245,0.5822260348261245,0.0,809.208128,
2992,NFCORE_RANGELAND:RANGELAND:PREPROCESSING:FORCE_PREPROCESS,1722115920000,1722116100000,6,193.8,,38654705664.0,,,0.7959272946229967,0.7959272946229967,0.0,809.208128,
2999,NFCORE_RANGELAND:RANGELAND:PREPROCESSING:FORCE_PREPROCESS,1722116024000,1722116100000,6,196.7,,38654705664.0,,,0.5898041987010834,0.5898041987010834,0.0,809.208128,
3000,NFCORE_RANGELAND:RANGELAND:PREPROCESSING:FORCE_PREPROCESS,1722115989000,1722116100000,6,197.5,,38654705664.0,,,0.5548517390729517,0.5548517390729517,0.0,809.208128,
2332,NFCORE_RANGELAND:RANGELAND:PREPROCESSING:FORCE_PREPROCESS,1722116009000,1722116100000,6,186.5,,38654705664.0,,,0.5138260038591533,0.5138260038591533,0.0,809.208128,
3003,NFCORE_RANGELAND:RANGELAND:PREPROCESSING:FORCE_PREPROCESS,1722116008000,1722116100000,6,195.4,,38654705664.0,,,0.5733428121134823,0.5733428121134823,0.0,809.208128,
3005,NFCORE_RANGELAND:RANGELAND:PREPROCESSING:FORCE_PREPROCESS,1722116016000,1722116100000,6,195.2,,38654705664.0,,,0.56537753487104,0.56537753487104,0.0,809.208128,
3006,NFCORE_RANGELAND:RANGELAND:PREPROCESSING:FORCE_PREPROCESS,1722116033000,1722116100000,6,199.5,,38654705664.0,,,0.5638269108688883,0.5638269108688883,0.0,809.208128,
3007,NFCORE_RANGELAND:RANGELAND:PREPROCESSING:FORCE_PREPROCESS,1722116036000,1722116100000,6,198.7,,38654705664.0,,,0.5712644467341027,0.5712644467341027,0.0,809.208128,
2981,NFCORE_RANGELAND:RANGELAND:PREPROCESSING:FORCE_PREPROCESS,1722116000000,1722116100000,6,172.8,,38654705664.0,,,0.74106066550048,0.74106066550048,0.0,809.208128,
3009,NFCORE_RANGELAND:RANGELAND:PREPROCESSING:FORCE_PREPROCESS,1722116065000,1722116100000,6,193.9,,38654705664.0,,,0.615630040984323,0.615630040984323,0.0,809.208128,
2990,NFCORE_RANGELAND:RANGELAND:PREPROCESSING:FORCE_PREPROCESS,1722115903000,1722116100000,6,149.8,,38654705664.0,,,1.3202936417631645,1.3202936417631645,0.0,809.208128,
3008,NFCORE_RANGELAND:RANGELAND:PREPROCESSING:FORCE_PREPROCESS,1722116044000,1722116100000,6,167.8,,38654705664.0,,,0.8557641194041957,0.8557641194041957,0.0,809.208128,
2887,NFCORE_RANGELAND:RANGELAND:PREPROCESSING:FORCE_PREPROCESS,1722116066000,1722116100000,6,174.8,,38654705664.0,,,0.7964158118840201,0.7964158118840201,0.0,809.208128,
2888,NFCORE_RANGELAND:RANGELAND:PREPROCESSING:FORCE_PREPROCESS,1722116091000,1722116100000,6,174.8,,38654705664.0,,,0.8425848444570067,0.8425848444570067,0.0,809.208128,
3004,NFCORE_RANGELAND:RANGELAND:PREPROCESSING:FORCE_PREPROCESS,1722116003000,1722116100000,6,146.0,,38654705664.0,,,1.1656798182064534,1.1656798182064534,0.0,809.208128,
2268,NFCORE_RANGELAND:RANGELAND:PREPROCESSING:FORCE_PREPROCESS,1722116148000,1722116292000,6,186.7,,38654705664.0,,,0.5606487248730401,0.5606487248730401,0.0,809.208128,
3011,NFCORE_RANGELAND:RANGELAND:PREPROCESSING:FORCE_PREPROCESS,1722116135000,1722116279000,6,197.6,,38654705664.0,,,0.56671272828224,0.56671272828224,0.0,809.208128,
3015,NFCORE_RANGELAND:RANGELAND:PREPROCESSING:FORCE_PREPROCESS,1722116176000,1722116326000,6,196.6,,38654705664.0,,,0.5897462475981666,0.5897462475981666,0.0,809.208128,
3017,NFCORE_RANGELAND:RANGELAND:PREPROCESSING:FORCE_PREPROCESS,1722116143000,1722116292000,6,195.1,,38654705664.0,,,0.5849511345140539,0.5849511345140539,0.0,809.208128,
3018,NFCORE_RANGELAND:RANGELAND:PREPROCESSING:FORCE_PREPROCESS,1722116157000,1722116305000,6,196.2,,38654705664.0,,,0.58165425061068,0.58165425061068,0.0,809.208128,
3019,NFCORE_RANGELAND:RANGELAND:PREPROCESSING:FORCE_PREPROCESS,1722116163000,1722116332000,6,184.5,,38654705664.0,,,0.6565471582703151,0.6565471582703151,0.0,809.208128,
3022,NFCORE_RANGELAND:RANGELAND:PREPROCESSING:FORCE_PREPROCESS,1722116196000,1722116349000,6,187.5,,38654705664.0,,,0.5961621511774051,0.5961621511774051,0.0,809.208128,
2118,NFCORE_RANGELAND:RANGELAND:PREPROCESSING:FORCE_PREPROCESS,1722116126000,1722116344000,6,164.7,,38654705664.0,,,0.83023097584913,0.83023097584913,0.0,809.208128,
3016,NFCORE_RANGELAND:RANGELAND:PREPROCESSING:FORCE_PREPROCESS,1722116295000,1722116400000,6,196.3,,38654705664.0,,,0.5895723942894167,0.5895723942894167,0.0,809.208128,
3024,NFCORE_RANGELAND:RANGELAND:PREPROCESSING:FORCE_PREPROCESS,1722116257000,1722116398000,6,198.0,,38654705664.0,,,0.5551241092566601,0.5551241092566601,0.0,809.208128,
3020,NFCORE_RANGELAND:RANGELAND:PREPROCESSING:FORCE_PREPROCESS,1722116178000,1722116400000,6,163.5,,38654705664.0,,,0.9243143807030549,0.9243143807030549,0.0,809.208128,
3021,NFCORE_RANGELAND:RANGELAND:PREPROCESSING:FORCE_PREPROCESS,1722116183000,1722116400000,6,174.4,,38654705664.0,,,0.9268556384194045,0.9268556384194045,0.0,809.208128,
3025,NFCORE_RANGELAND:RANGELAND:PREPROCESSING:FORCE_PREPROCESS,1722116270000,1722116400000,6,196.5,,38654705664.0,,,0.6093445730450916,0.6093445730450916,0.0,809.208128,
3026,NFCORE_RANGELAND:RANGELAND:PREPROCESSING:FORCE_PREPROCESS,1722116276000,1722116400000,6,199.1,,38654705664.0,,,0.5675472241642401,0.5675472241642401,0.0,809.208128,
3023,NFCORE_RANGELAND:RANGELAND:PREPROCESSING:FORCE_PREPROCESS,1722116224000,1722116400000,6,179.3,,38654705664.0,,,0.7884201612392735,0.7884201612392735,0.0,809.208128,
3027,NFCORE_RANGELAND:RANGELAND:PREPROCESSING:FORCE_PREPROCESS,1722116282000,1722116400000,6,195.3,,38654705664.0,,,0.6282590754776001,0.6282590754776001,0.0,809.208128,
3030,NFCORE_RANGELAND:RANGELAND:PREPROCESSING:FORCE_PREPROCESS,1722116294000,1722116400000,6,194.4,,38654705664.0,,,0.5923944654895601,0.5923944654895601,0.0,809.208128,
3031,NFCORE_RANGELAND:RANGELAND:PREPROCESSING:FORCE_PREPROCESS,1722116311000,1722116400000,6,195.1,,38654705664.0,,,0.5692477483526028,0.5692477483526028,0.0,809.208128,
3033,NFCORE_RANGELAND:RANGELAND:PREPROCESSING:FORCE_PREPROCESS,1722116317000,1722116400000,6,193.4,,38654705664.0,,,0.5722146973100377,0.5722146973100377,0.0,809.208128,
3012,NFCORE_RANGELAND:RANGELAND:PREPROCESSING:FORCE_PREPROCESS,1722116334000,1722116400000,6,197.4,,38654705664.0,,,0.5862751240453568,0.5862751240453568,0.0,809.208128,
3013,NFCORE_RANGELAND:RANGELAND:PREPROCESSING:FORCE_PREPROCESS,1722116346000,1722116400000,6,197.4,,38654705664.0,,,0.54299306790778,0.54299306790778,0.0,809.208128,
3034,NFCORE_RANGELAND:RANGELAND:PREPROCESSING:FORCE_PREPROCESS,1722116351000,1722116400000,6,187.0,,38654705664.0,,,0.6153393652764689,0.6153393652764689,0.0,809.208128,
3032,NFCORE_RANGELAND:RANGELAND:PREPROCESSING:FORCE_PREPROCESS,1722116313000,1722116400000,6,162.8,,38654705664.0,,,0.82102863572976,0.82102863572976,0.0,809.208128,
3029,NFCORE_RANGELAND:RANGELAND:PREPROCESSING:FORCE_PREPROCESS,1722116331000,1722116400000,6,183.3,,38654705664.0,,,1.0166276849232367,1.0166276849232367,0.0,809.208128,
3047,NFCORE_RANGELAND:RANGELAND:PREPROCESSING:FORCE_PREPROCESS,1722116465000,1722116500000,6,171.5,,38654705664.0,,,0.13421345484541947,0.13421345484541947,0.0,809.208128,
3035,NFCORE_RANGELAND:RANGELAND:PREPROCESSING:FORCE_PREPROCESS,1722116400000,1722116541000,6,198.1,,38654705664.0,,,0.5551785832934018,0.5551785832934018,0.0,809.208128,
3038,NFCORE_RANGELAND:RANGELAND:PREPROCESSING:FORCE_PREPROCESS,1722116448000,1722116599000,6,195.7,,38654705664.0,,,0.5931528522563961,0.5931528522563961,0.0,809.208128,
3039,NFCORE_RANGELAND:RANGELAND:PREPROCESSING:FORCE_PREPROCESS,1722116423000,1722116573000,6,192.7,,38654705664.0,,,0.5874861545844167,0.5874861545844167,0.0,809.208128,
3040,NFCORE_RANGELAND:RANGELAND:PREPROCESSING:FORCE_PREPROCESS,1722116426000,1722116569000,6,198.2,,38654705664.0,,,0.5631087035334077,0.5631087035334077,0.0,809.208128,
3042,NFCORE_RANGELAND:RANGELAND:PREPROCESSING:FORCE_PREPROCESS,1722116428000,1722116569000,6,199.4,,38654705664.0,,,0.5558867457710434,0.5558867457710434,0.0,809.208128,
3043,NFCORE_RANGELAND:RANGELAND:PREPROCESSING:FORCE_PREPROCESS,1722116431000,1722116593000,6,195.0,,38654705664.0,,,0.6359245523476199,0.6359245523476199,0.0,809.208128,
3045,NFCORE_RANGELAND:RANGELAND:PREPROCESSING:FORCE_PREPROCESS,1722116448000,1722116592000,6,198.9,,38654705664.0,,,0.5674359580466399,0.5674359580466399,0.0,809.208128,
3048,NFCORE_RANGELAND:RANGELAND:PREPROCESSING:FORCE_PREPROCESS,1722116489000,1722116637000,6,193.8,,38654705664.0,,,0.5802819684936134,0.5802819684936134,0.0,809.208128,
3049,NFCORE_RANGELAND:RANGELAND:PREPROCESSING:FORCE_PREPROCESS,1722116503000,1722116643000,6,198.5,,38654705664.0,,,0.5514574973166778,0.5514574973166778,0.0,809.208128,
3036,NFCORE_RANGELAND:RANGELAND:PREPROCESSING:FORCE_PREPROCESS,1722116486000,1722116670000,6,179.1,,38654705664.0,,,0.71098189362764,0.71098189362764,0.0,809.208128,
3051,NFCORE_RANGELAND:RANGELAND:PREPROCESSING:FORCE_PREPROCESS,1722116531000,1722116673000,6,196.9,,38654705664.0,,,0.5584576955252144,0.5584576955252144,0.0,809.208128,
3053,NFCORE_RANGELAND:RANGELAND:PREPROCESSING:FORCE_PREPROCESS,1722116596000,1722116700000,6,194.9,,38654705664.0,,,0.5902791847693813,0.5902791847693813,0.0,812.610068,
3055,NFCORE_RANGELAND:RANGELAND:PREPROCESSING:FORCE_PREPROCESS,1722116602000,1722116700000,6,193.1,,38654705664.0,,,0.5933821018071854,0.5933821018071854,0.0,812.610068,
3056,NFCORE_RANGELAND:RANGELAND:PREPROCESSING:FORCE_PREPROCESS,1722116571000,1722116700000,6,197.6,,38654705664.0,,,0.567209078415615,0.567209078415615,0.0,812.610068,
2313,NFCORE_RANGELAND:RANGELAND:PREPROCESSING:FORCE_PREPROCESS,1722116594000,1722116700000,6,187.8,,38654705664.0,,,0.49961936648330085,0.49961936648330085,0.0,812.610068,
2546,NFCORE_RANGELAND:RANGELAND:PREPROCESSING:FORCE_PREPROCESS,1722116576000,1722116700000,6,190.6,,38654705664.0,,,0.5713583142753114,0.5713583142753114,0.0,812.610068,
3028,NFCORE_RANGELAND:RANGELAND:PREPROCESSING:FORCE_PREPROCESS,1722116572000,1722116700000,6,196.9,,38654705664.0,,,0.5787499770231522,0.5787499770231522,0.0,812.610068,
3050,NFCORE_RANGELAND:RANGELAND:PREPROCESSING:FORCE_PREPROCESS,1722116511000,1722116700000,6,164.7,,38654705664.0,,,0.8542021148929494,0.8542021148929494,0.0,812.610068,
3058,NFCORE_RANGELAND:RANGELAND:PREPROCESSING:FORCE_PREPROCESS,1722116597000,1722116700000,6,196.5,,38654705664.0,,,0.5714202995672021,0.5714202995672021,0.0,812.610068,
3052,NFCORE_RANGELAND:RANGELAND:PREPROCESSING:FORCE_PREPROCESS,1722116544000,1722116700000,6,170.1,,38654705664.0,,,0.8444980902211,0.8444980902211,0.0,812.610068,
3059,NFCORE_RANGELAND:RANGELAND:PREPROCESSING:FORCE_PREPROCESS,1722116639000,1722116700000,6,198.3,,38654705664.0,,,0.5619078733610064,0.5619078733610064,0.0,812.610068,
3061,NFCORE_RANGELAND:RANGELAND:PREPROCESSING:FORCE_PREPROCESS,1722116645000,1722116700000,6,197.3,,38654705664.0,,,0.5615551199812663,0.5615551199812663,0.0,812.610068,
3046,NFCORE_RANGELAND:RANGELAND:PREPROCESSING:FORCE_PREPROCESS,1722116458000,1722116700000,6,145.2,,38654705664.0,,,1.302432876133905,1.302432876133905,0.0,812.610068,
3044,NFCORE_RANGELAND:RANGELAND:PREPROCESSING:FORCE_PREPROCESS,1722116445000,1722116700000,6,137.5,,38654705664.0,,,1.3700726800971212,1.3700726800971212,0.0,812.610068,
3063,NFCORE_RANGELAND:RANGELAND:PREPROCESSING:FORCE_PREPROCESS,1722116676000,1722116700000,6,197.7,,38654705664.0,,,0.5747085368691386,0.5747085368691386,0.0,812.610068,
3062,NFCORE_RANGELAND:RANGELAND:PREPROCESSING:FORCE_PREPROCESS,1722116673000,1722116700000,6,182.1,,38654705664.0,,,0.7377716200842337,0.7377716200842337,0.0,812.610068,
3041,NFCORE_RANGELAND:RANGELAND:PREPROCESSING:FORCE_PREPROCESS,1722116427000,1722116700000,6,134.1,,38654705664.0,,,1.680957078743237,1.680957078743237,0.0,812.610068,
3068,NFCORE_RANGELAND:RANGELAND:PREPROCESSING:FORCE_PREPROCESS,1722116721000,1722116871000,6,193.3,,38654705664.0,,,0.592776410483323,0.592776410483323,0.0,816.012008,
3069,NFCORE_RANGELAND:RANGELAND:PREPROCESSING:FORCE_PREPROCESS,1722116724000,1722116871000,6,192.5,,38654705664.0,,,0.5804627255316649,0.5804627255316649,0.0,816.012008,
2878,NFCORE_RANGELAND:RANGELAND:PREPROCESSING:FORCE_PREPROCESS,1722116738000,1722116882000,6,195.9,,38654705664.0,,,0.5705239755282902,0.5705239755282902,0.0,816.012008,
3071,NFCORE_RANGELAND:RANGELAND:PREPROCESSING:FORCE_PREPROCESS,1722116744000,1722116924000,6,176.6,,38654705664.0,,,0.6996206452464251,0.6996206452464251,0.0,816.012008,
3070,NFCORE_RANGELAND:RANGELAND:PREPROCESSING:FORCE_PREPROCESS,1722116725000,1722116934000,6,174.5,,38654705664.0,,,0.8106273983462731,0.8106273983462731,0.0,816.012008,
3072,NFCORE_RANGELAND:RANGELAND:PREPROCESSING:FORCE_PREPROCESS,1722116767000,1722116927000,6,195.1,,38654705664.0,,,0.6334168543598778,0.6334168543598778,0.0,816.012008,
3073,NFCORE_RANGELAND:RANGELAND:PREPROCESSING:FORCE_PREPROCESS,1722116784000,1722116937000,6,192.1,,38654705664.0,,,0.603916653167227,0.603916653167227,0.0,816.012008,
3065,NFCORE_RANGELAND:RANGELAND:PREPROCESSING:FORCE_PREPROCESS,1722116755000,1722116991000,6,164.5,,38654705664.0,,,0.9061552961674949,0.9061552961674949,0.0,816.012008,
3075,NFCORE_RANGELAND:RANGELAND:PREPROCESSING:FORCE_PREPROCESS,1722116790000,1722116944000,6,191.2,,38654705664.0,,,0.6073238503890678,0.6073238503890678,0.0,816.012008,
3078,NFCORE_RANGELAND:RANGELAND:PREPROCESSING:FORCE_PREPROCESS,1722116823000,1722116965000,6,197.4,,38654705664.0,,,0.5634298561349909,0.5634298561349909,0.0,816.012008,
3076,NFCORE_RANGELAND:RANGELAND:PREPROCESSING:FORCE_PREPROCESS,1722116817000,1722116999000,6,184.3,,38654705664.0,,,0.7128539091467859,0.7128539091467859,0.0,816.012008,
3066,NFCORE_RANGELAND:RANGELAND:PREPROCESSING:FORCE_PREPROCESS,1722116718000,1722117000000,6,149.0,,38654705664.0,,,1.1070443511857884,1.1070443511857884,0.0,813.290456,
2879,NFCORE_RANGELAND:RANGELAND:PREPROCESSING:FORCE_PREPROCESS,1722116884000,1722117000000,6,198.2,,38654705664.0,,,0.5631837517315331,0.5631837517315331,0.0,813.290456,
3064,NFCORE_RANGELAND:RANGELAND:PREPROCESSING:FORCE_PREPROCESS,1722116748000,1722117000000,6,150.5,,38654705664.0,,,1.2358336461790274,1.2358336461790274,0.0,813.290456,
2111,NFCORE_RANGELAND:RANGELAND:PREPROCESSING:FORCE_PREPROCESS,1722116885000,1722117000000,6,176.5,,38654705664.0,,,0.5781909691004975,0.5781909691004975,0.0,813.290456,
2399,NFCORE_RANGELAND:RANGELAND:PREPROCESSING:FORCE_PREPROCESS,1722116927000,1722117000000,6,187.6,,38654705664.0,,,0.5054551849559975,0.5054551849559975,0.0,813.290456,
3077,NFCORE_RANGELAND:RANGELAND:PREPROCESSING:FORCE_PREPROCESS,1722116809000,1722117000000,6,164.3,,38654705664.0,,,0.9963372378387578,0.9963372378387578,0.0,813.290456,
3080,NFCORE_RANGELAND:RANGELAND:PREPROCESSING:FORCE_PREPROCESS,1722116873000,1722117000000,6,189.1,,38654705664.0,,,0.781270438715584,0.781270438715584,0.0,813.290456,
3084,NFCORE_RANGELAND:RANGELAND:PREPROCESSING:FORCE_PREPROCESS,1722116930000,1722117000000,6,190.1,,38654705664.0,,,0.6122828073137176,0.6122828073137176,0.0,813.290456,
3089,NFCORE_RANGELAND:RANGELAND:PREPROCESSING:FORCE_PREPROCESS,1722116994000,1722117000000,6,193.5,,38654705664.0,,,0.6048016867460813,0.6048016867460813,0.0,813.290456,
3079,NFCORE_RANGELAND:RANGELAND:PREPROCESSING:FORCE_PREPROCESS,1722116864000,1722117000000,6,159.7,,38654705664.0,,,1.0244432938980652,1.0244432938980652,0.0,813.290456,
3086,NFCORE_RANGELAND:RANGELAND:PREPROCESSING:FORCE_PREPROCESS,1722116968000,1722117000000,6,175.9,,38654705664.0,,,0.7107279505559327,0.7107279505559327,0.0,813.290456,
3074,NFCORE_RANGELAND:RANGELAND:PREPROCESSING:FORCE_PREPROCESS,1722116874000,1722117000000,6,160.8,,38654705664.0,,,1.1013313413217416,1.1013313413217416,0.0,813.290456,
3087,NFCORE_RANGELAND:RANGELAND:PREPROCESSING:FORCE_PREPROCESS,1722116946000,1722117000000,6,158.8,,38654705664.0,,,0.8090648204742643,0.8090648204742643,0.0,813.290456,
3088,NFCORE_RANGELAND:RANGELAND:PREPROCESSING:FORCE_PREPROCESS,1722116941000,1722117000000,6,152.5,,38654705664.0,,,1.011206928298596,1.011206928298596,0.0,813.290456,
3085,NFCORE_RANGELAND:RANGELAND:PREPROCESSING:FORCE_PREPROCESS,1722116937000,1722117000000,6,135.6,,38654705664.0,,,1.4787396559322974,1.4787396559322974,0.0,811.92968,
3090,NFCORE_RANGELAND:RANGELAND:PREPROCESSING:FORCE_PREPROCESS,1722117002000,1722117144000,6,199.0,,38654705664.0,,,0.5605508112596919,0.5605508112596919,0.0,810.568904,
3095,NFCORE_RANGELAND:RANGELAND:PREPROCESSING:FORCE_PREPROCESS,1722117037000,1722117174000,6,198.9,,38654705664.0,,,0.540760088958257,0.540760088958257,0.0,810.568904,
3083,NFCORE_RANGELAND:RANGELAND:PREPROCESSING:FORCE_PREPROCESS,1722117071000,1722117217000,6,199.5,,38654705664.0,,,0.5766234779215196,0.5766234779215196,0.0,810.568904,
3091,NFCORE_RANGELAND:RANGELAND:PREPROCESSING:FORCE_PREPROCESS,1722117013000,1722117221000,6,178.3,,38654705664.0,,,0.8044262552348677,0.8044262552348677,0.0,810.568904,
3096,NFCORE_RANGELAND:RANGELAND:PREPROCESSING:FORCE_PREPROCESS,1722117089000,1722117228000,6,197.4,,38654705664.0,,,0.5478475219211721,0.5478475219211721,0.0,810.568904,
3098,NFCORE_RANGELAND:RANGELAND:PREPROCESSING:FORCE_PREPROCESS,1722117074000,1722117221000,6,198.1,,38654705664.0,,,0.579776527632384,0.579776527632384,0.0,810.568904,
3092,NFCORE_RANGELAND:RANGELAND:PREPROCESSING:FORCE_PREPROCESS,1722117058000,1722117232000,6,182.4,,38654705664.0,,,0.67569429121892,0.67569429121892,0.0,810.568904,
3094,NFCORE_RANGELAND:RANGELAND:PREPROCESSING:FORCE_PREPROCESS,1722117077000,1722117295000,6,172.0,,38654705664.0,,,0.8377856687950455,0.8377856687950455,0.0,810.568904,
3099,NFCORE_RANGELAND:RANGELAND:PREPROCESSING:FORCE_PREPROCESS,1722117136000,1722117282000,6,198.2,,38654705664.0,,,0.5758889702141535,0.5758889702141535,0.0,810.568904,
3082,NFCORE_RANGELAND:RANGELAND:PREPROCESSING:FORCE_PREPROCESS,1722117029000,1722117297000,6,150.6,,38654705664.0,,,1.0077436738739982,1.0077436738739982,0.0,810.568904,
3104,NFCORE_RANGELAND:RANGELAND:PREPROCESSING:FORCE_PREPROCESS,1722117162000,1722117300000,6,195.8,,38654705664.0,,,0.5627274842868448,0.5627274842868448,0.0,810.568904,
3105,NFCORE_RANGELAND:RANGELAND:PREPROCESSING:FORCE_PREPROCESS,1722117166000,1722117300000,6,195.2,,38654705664.0,,,0.5781267877185265,0.5781267877185265,0.0,810.568904,
3106,NFCORE_RANGELAND:RANGELAND:PREPROCESSING:FORCE_PREPROCESS,1722117176000,1722117300000,6,198.5,,38654705664.0,,,0.5444936242123505,0.5444936242123505,0.0,810.568904,
3100,NFCORE_RANGELAND:RANGELAND:PREPROCESSING:FORCE_PREPROCESS,1722117146000,1722117300000,6,178.6,,38654705664.0,,,0.6576611313824263,0.6576611313824263,0.0,810.568904,
3101,NFCORE_RANGELAND:RANGELAND:PREPROCESSING:FORCE_PREPROCESS,1722117155000,1722117300000,6,191.0,,38654705664.0,,,0.6462359797396481,0.6462359797396481,0.0,810.568904,
3107,NFCORE_RANGELAND:RANGELAND:PREPROCESSING:FORCE_PREPROCESS,1722117211000,1722117300000,6,186.6,,38654705664.0,,,0.5810335637991054,0.5810335637991054,0.0,810.568904,
3108,NFCORE_RANGELAND:RANGELAND:PREPROCESSING:FORCE_PREPROCESS,1722117219000,1722117300000,6,190.0,,38654705664.0,,,0.5634304980149201,0.5634304980149201,0.0,810.568904,
3110,NFCORE_RANGELAND:RANGELAND:PREPROCESSING:FORCE_PREPROCESS,1722117229000,1722117300000,6,191.3,,38654705664.0,,,0.5563194586399134,0.5563194586399134,0.0,810.568904,
3112,NFCORE_RANGELAND:RANGELAND:PREPROCESSING:FORCE_PREPROCESS,1722117230000,1722117300000,6,189.6,,38654705664.0,,,0.5358294447540684,0.5358294447540684,0.0,810.568904,
3113,NFCORE_RANGELAND:RANGELAND:PREPROCESSING:FORCE_PREPROCESS,1722117298000,1722117300000,6,190.1,,38654705664.0,,,0.590877916101997,0.590877916101997,0.0,810.568904,
2654,NFCORE_RANGELAND:RANGELAND:PREPROCESSING:FORCE_PREPROCESS,1722117284000,1722117300000,6,190.2,,38654705664.0,,,0.5791958943291984,0.5791958943291984,0.0,810.568904,
3097,NFCORE_RANGELAND:RANGELAND:PREPROCESSING:FORCE_PREPROCESS,1722117150000,1722117300000,6,147.7,,38654705664.0,,,1.2259278620255465,1.2259278620255465,0.0,810.568904,
2690,NFCORE_RANGELAND:RANGELAND:PREPROCESSING:FORCE_PREPROCESS,1722117299000,1722117300000,6,188.4,,38654705664.0,,,0.5937910317883266,0.5937910317883266,0.0,810.568904,
3109,NFCORE_RANGELAND:RANGELAND:PREPROCESSING:FORCE_PREPROCESS,1722117224000,1722117300000,6,155.4,,38654705664.0,,,0.9598185341222158,0.9598185341222158,0.0,810.568904,
3111,NFCORE_RANGELAND:RANGELAND:PREPROCESSING:FORCE_PREPROCESS,1722117235000,1722117300000,6,137.8,,38654705664.0,,,1.280192473840652,1.280192473840652,0.0,810.568904,
3114,NFCORE_RANGELAND:RANGELAND:PREPROCESSING:FORCE_PREPROCESS,1722117308000,1722117455000,6,188.8,,38654705664.0,,,0.5744859823913933,0.5744859823913933,0.0,810.568904,
3115,NFCORE_RANGELAND:RANGELAND:PREPROCESSING:FORCE_PREPROCESS,1722117316000,1722117459000,6,189.5,,38654705664.0,,,0.5592410881142105,0.5592410881142105,0.0,810.568904,
3116,NFCORE_RANGELAND:RANGELAND:PREPROCESSING:FORCE_PREPROCESS,1722117315000,1722117458000,6,189.1,,38654705664.0,,,0.559019729627059,0.559019729627059,0.0,810.568904,
2189,NFCORE_RANGELAND:RANGELAND:PREPROCESSING:FORCE_PREPROCESS,1722117319000,1722117455000,6,183.2,,38654705664.0,,,0.5285499168115689,0.5285499168115689,0.0,810.568904,
2165,NFCORE_RANGELAND:RANGELAND:PREPROCESSING:FORCE_PREPROCESS,1722117324000,1722117478000,6,177.6,,38654705664.0,,,0.5951676479769533,0.5951676479769533,0.0,810.568904,
3120,NFCORE_RANGELAND:RANGELAND:PREPROCESSING:FORCE_PREPROCESS,1722117363000,1722117502000,6,190.7,,38654705664.0,,,0.5442434806784433,0.5442434806784433,0.0,810.568904,
3122,NFCORE_RANGELAND:RANGELAND:PREPROCESSING:FORCE_PREPROCESS,1722117369000,1722117516000,6,190.6,,38654705664.0,,,0.5755099588896496,0.5755099588896496,0.0,810.568904,
3121,NFCORE_RANGELAND:RANGELAND:PREPROCESSING:FORCE_PREPROCESS,1722117365000,1722117549000,6,184.3,,38654705664.0,,,0.7158802147674729,0.7158802147674729,0.0,810.568904,
3125,NFCORE_RANGELAND:RANGELAND:PREPROCESSING:FORCE_PREPROCESS,1722117451000,1722117600000,6,190.1,,38654705664.0,,,0.5830517185377322,0.5830517185377322,0.0,810.568904,
3128,NFCORE_RANGELAND:RANGELAND:PREPROCESSING:FORCE_PREPROCESS,1722117481000,1722117600000,6,187.9,,38654705664.0,,,0.6756111936881983,0.6756111936881983,0.0,810.7957,
3129,NFCORE_RANGELAND:RANGELAND:PREPROCESSING:FORCE_PREPROCESS,1722117454000,1722117600000,6,190.0,,38654705664.0,,,0.5986602309357838,0.5986602309357838,0.0,810.7957,
3132,NFCORE_RANGELAND:RANGELAND:PREPROCESSING:FORCE_PREPROCESS,1722117465000,1722117600000,6,191.4,,38654705664.0,,,0.5446287925966362,0.5446287925966362,0.0,810.7957,
2774,NFCORE_RANGELAND:RANGELAND:PREPROCESSING:FORCE_PREPROCESS,1722117481000,1722117600000,6,196.5,,38654705664.0,,,0.5789280276171247,0.5789280276171247,0.0,810.7957,
2391,NFCORE_RANGELAND:RANGELAND:PREPROCESSING:FORCE_PREPROCESS,1722117434000,1722117600000,6,178.9,,38654705664.0,,,0.7701528780886364,0.7701528780886364,0.0,810.7957,
3127,NFCORE_RANGELAND:RANGELAND:PREPROCESSING:FORCE_PREPROCESS,1722117481000,1722117600000,6,191.3,,38654705664.0,,,0.6465283884091251,0.6465283884091251,0.0,810.7957,
3131,NFCORE_RANGELAND:RANGELAND:PREPROCESSING:FORCE_PREPROCESS,1722117461000,1722117600000,6,192.0,,38654705664.0,,,0.7057712366279734,0.7057712366279734,0.0,810.7957,
2353,NFCORE_RANGELAND:RANGELAND:PREPROCESSING:FORCE_PREPROCESS,1722117504000,1722117600000,6,182.5,,38654705664.0,,,0.5515835988851251,0.5515835988851251,0.0,810.7957,
3124,NFCORE_RANGELAND:RANGELAND:PREPROCESSING:FORCE_PREPROCESS,1722117373000,1722117600000,6,145.6,,38654705664.0,,,1.129905201690199,1.129905201690199,0.0,810.7957,
2360,NFCORE_RANGELAND:RANGELAND:PREPROCESSING:FORCE_PREPROCESS,1722117552000,1722117600000,6,189.1,,38654705664.0,,,0.5201133862558692,0.5201133862558692,0.0,810.7957,
3126,NFCORE_RANGELAND:RANGELAND:PREPROCESSING:FORCE_PREPROCESS,1722117465000,1722117600000,6,176.5,,38654705664.0,,,0.8572118633031556,0.8572118633031556,0.0,810.7957,
3119,NFCORE_RANGELAND:RANGELAND:PREPROCESSING:FORCE_PREPROCESS,1722117338000,1722117600000,6,141.5,,38654705664.0,,,1.3784830696733692,1.3784830696733692,0.0,810.7957,
3130,NFCORE_RANGELAND:RANGELAND:PREPROCESSING:FORCE_PREPROCESS,1722117457000,1722117600000,6,163.6,,38654705664.0,,,0.9452393902855081,0.9452393902855081,0.0,810.7957,
3140,NFCORE_RANGELAND:RANGELAND:PREPROCESSING:FORCE_PREPROCESS,1722117582000,1722117600000,6,190.0,,38654705664.0,,,0.5558765776558784,0.5558765776558784,0.0,810.7957,
2355,NFCORE_RANGELAND:RANGELAND:PREPROCESSING:FORCE_PREPROCESS,1722117519000,1722117600000,6,154.7,,38654705664.0,,,0.8121455566821464,0.8121455566821464,0.0,810.7957,
3139,NFCORE_RANGELAND:RANGELAND:PREPROCESSING:FORCE_PREPROCESS,1722117602000,1722117811000,6,184.4,,38654705664.0,,,0.8136825089843633,0.8136825089843633,0.0,811.022496,
3143,NFCORE_RANGELAND:RANGELAND:PREPROCESSING:FORCE_PREPROCESS,1722117659000,1722117810000,6,191.5,,38654705664.0,,,0.5920271250950908,0.5920271250950908,0.0,811.022496,
3136,NFCORE_RANGELAND:RANGELAND:PREPROCESSING:FORCE_PREPROCESS,1722117606000,1722117770000,6,191.2,,38654705664.0,,,0.6428058419803466,0.6428058419803466,0.0,811.022496,
3144,NFCORE_RANGELAND:RANGELAND:PREPROCESSING:FORCE_PREPROCESS,1722117631000,1722117776000,6,191.2,,38654705664.0,,,0.5683344334582334,0.5683344334582334,0.0,811.022496,
3145,NFCORE_RANGELAND:RANGELAND:PREPROCESSING:FORCE_PREPROCESS,1722117635000,1722117783000,6,191.3,,38654705664.0,,,0.5801503835333768,0.5801503835333768,0.0,811.022496,
3146,NFCORE_RANGELAND:RANGELAND:PREPROCESSING:FORCE_PREPROCESS,1722117644000,1722117807000,6,191.1,,38654705664.0,,,0.6388231794352974,0.6388231794352974,0.0,811.022496,
3147,NFCORE_RANGELAND:RANGELAND:PREPROCESSING:FORCE_PREPROCESS,1722117648000,1722117815000,6,185.3,,38654705664.0,,,0.650749335640236,0.650749335640236,0.0,811.022496,
3149,NFCORE_RANGELAND:RANGELAND:PREPROCESSING:FORCE_PREPROCESS,1722117677000,1722117823000,6,190.6,,38654705664.0,,,0.5719147880125367,0.5719147880125367,0.0,811.022496,
3153,NFCORE_RANGELAND:RANGELAND:PREPROCESSING:FORCE_PREPROCESS,1722117710000,1722117863000,6,187.1,,38654705664.0,,,0.5972618669794726,0.5972618669794726,0.0,811.022496,
3154,NFCORE_RANGELAND:RANGELAND:PREPROCESSING:FORCE_PREPROCESS,1722117726000,1722117863000,6,190.1,,38654705664.0,,,0.5363945300929109,0.5363945300929109,0.0,811.022496,
3155,NFCORE_RANGELAND:RANGELAND:PREPROCESSING:FORCE_PREPROCESS,1722117736000,1722117876000,6,187.3,,38654705664.0,,,0.5466225445857168,0.5466225445857168,0.0,811.022496,
3163,NFCORE_RANGELAND:RANGELAND:PREPROCESSING:FORCE_PREPROCESS,1722117826000,1722117861000,6,165.7,,38654705664.0,,,0.1337283518249292,0.1337283518249292,0.0,811.022496,
2363,NFCORE_RANGELAND:RANGELAND:PREPROCESSING:FORCE_PREPROCESS,1722117779000,1722117900000,6,188.8,,38654705664.0,,,0.5047727867087023,0.5047727867087023,0.0,815.5584160000001,
3142,NFCORE_RANGELAND:RANGELAND:PREPROCESSING:FORCE_PREPROCESS,1722117610000,1722117884000,6,147.9,,38654705664.0,,,1.0280170983437054,1.0280170983437054,0.0,811.022496,
3148,NFCORE_RANGELAND:RANGELAND:PREPROCESSING:FORCE_PREPROCESS,1722117649000,1722117900000,6,164.8,,38654705664.0,,,1.0237690404581825,1.0237690404581825,0.0,815.5584160000001,
3150,NFCORE_RANGELAND:RANGELAND:PREPROCESSING:FORCE_PREPROCESS,1722117687000,1722117872000,6,175.0,,38654705664.0,,,0.7135117547189918,0.7135117547189918,0.0,811.022496,
3151,NFCORE_RANGELAND:RANGELAND:PREPROCESSING:FORCE_PREPROCESS,1722117690000,1722117884000,6,191.3,,38654705664.0,,,0.7604673946315884,0.7604673946315884,0.0,811.022496,
3156,NFCORE_RANGELAND:RANGELAND:PREPROCESSING:FORCE_PREPROCESS,1722117813000,1722117900000,6,189.4,,38654705664.0,,,0.5817312138647796,0.5817312138647796,0.0,815.5584160000001,
3160,NFCORE_RANGELAND:RANGELAND:PREPROCESSING:FORCE_PREPROCESS,1722117786000,1722117900000,6,189.4,,38654705664.0,,,0.5607678480230657,0.5607678480230657,0.0,815.5584160000001,
3161,NFCORE_RANGELAND:RANGELAND:PREPROCESSING:FORCE_PREPROCESS,1722117809000,1722117900000,6,190.9,,38654705664.0,,,0.5427972967658448,0.5427972967658448,0.0,815.5584160000001,
3158,NFCORE_RANGELAND:RANGELAND:PREPROCESSING:FORCE_PREPROCESS,1722117815000,1722117900000,6,186.9,,38654705664.0,,,0.7106155547265076,0.7106155547265076,0.0,815.5584160000001,
3162,NFCORE_RANGELAND:RANGELAND:PREPROCESSING:FORCE_PREPROCESS,1722117817000,1722117900000,6,189.8,,38654705664.0,,,0.5702628985884028,0.5702628985884028,0.0,815.5584160000001,
2241,NFCORE_RANGELAND:RANGELAND:PREPROCESSING:FORCE_PREPROCESS,1722117875000,1722117900000,6,189.1,,38654705664.0,,,0.5209884234978415,0.5209884234978415,0.0,815.5584160000001,
3165,NFCORE_RANGELAND:RANGELAND:PREPROCESSING:FORCE_PREPROCESS,1722117867000,1722117900000,6,190.2,,38654705664.0,,,0.5528811517201917,0.5528811517201917,0.0,815.5584160000001,
3166,NFCORE_RANGELAND:RANGELAND:PREPROCESSING:FORCE_PREPROCESS,1722117872000,1722117900000,6,190.2,,38654705664.0,,,0.572897525509,0.572897525509,0.0,815.5584160000001,
3167,NFCORE_RANGELAND:RANGELAND:PREPROCESSING:FORCE_PREPROCESS,1722117879000,1722117900000,6,190.0,,38654705664.0,,,0.5612146813762678,0.5612146813762678,0.0,815.5584160000001,
3168,NFCORE_RANGELAND:RANGELAND:PREPROCESSING:FORCE_PREPROCESS,1722117889000,1722117900000,6,189.4,,38654705664.0,,,0.5692319710998662,0.5692319710998662,0.0,815.5584160000001,
3010,NFCORE_RANGELAND:RANGELAND:PREPROCESSING:FORCE_PREPROCESS,1722117886000,1722117900000,6,197.6,,38654705664.0,,,0.5737189861649021,0.5737189861649021,0.0,815.5584160000001,
3152,NFCORE_RANGELAND:RANGELAND:PREPROCESSING:FORCE_PREPROCESS,1722117708000,1722117900000,6,138.5,,38654705664.0,,,1.2769315444662737,1.2769315444662737,0.0,815.5584160000001,
3164,NFCORE_RANGELAND:RANGELAND:PREPROCESSING:FORCE_PREPROCESS,1722117864000,1722117900000,6,182.8,,38654705664.0,,,0.8120485528554401,0.8120485528554401,0.0,815.5584160000001,
3159,NFCORE_RANGELAND:RANGELAND:PREPROCESSING:FORCE_PREPROCESS,1722117773000,1722117900000,6,143.9,,38654705664.0,,,1.3510634684976233,1.3510634684976233,0.0,815.5584160000001,
3171,NFCORE_RANGELAND:RANGELAND:PREPROCESSING:FORCE_PREPROCESS,1722117931000,1722117969000,6,159.2,,38654705664.0,,,0.1458477408520711,0.1458477408520711,0.0,820.094336,
3170,NFCORE_RANGELAND:RANGELAND:PREPROCESSING:FORCE_PREPROCESS,1722117921000,1722118059000,6,189.7,,38654705664.0,,,0.5461374235947933,0.5461374235947933,0.0,820.094336,
3169,NFCORE_RANGELAND:RANGELAND:PREPROCESSING:FORCE_PREPROCESS,1722117963000,1722118112000,6,190.0,,38654705664.0,,,0.5898451343081023,0.5898451343081023,0.0,820.094336,
3173,NFCORE_RANGELAND:RANGELAND:PREPROCESSING:FORCE_PREPROCESS,1722117999000,1722118147000,6,191.5,,38654705664.0,,,0.5867556567012044,0.5867556567012044,0.0,820.094336,
3137,NFCORE_RANGELAND:RANGELAND:PREPROCESSING:FORCE_PREPROCESS,1722117911000,1722118107000,6,187.6,,38654705664.0,,,0.7740618714103645,0.7740618714103645,0.0,820.094336,
3172,NFCORE_RANGELAND:RANGELAND:PREPROCESSING:FORCE_PREPROCESS,1722117950000,1722118106000,6,189.8,,38654705664.0,,,0.6174338196585868,0.6174338196585868,0.0,820.094336,
3174,NFCORE_RANGELAND:RANGELAND:PREPROCESSING:FORCE_PREPROCESS,1722117965000,1722118105000,6,191.1,,38654705664.0,,,0.5548198733844667,0.5548198733844667,0.0,820.094336,
3181,NFCORE_RANGELAND:RANGELAND:PREPROCESSING:FORCE_PREPROCESS,1722118023000,1722118161000,6,190.4,,38654705664.0,,,0.5465156493940267,0.5465156493940267,0.0,820.094336,
3002,NFCORE_RANGELAND:RANGELAND:PREPROCESSING:FORCE_PREPROCESS,1722118019000,1722118163000,6,195.7,,38654705664.0,,,0.5732654181044801,0.5732654181044801,0.0,820.094336,
3182,NFCORE_RANGELAND:RANGELAND:PREPROCESSING:FORCE_PREPROCESS,1722118034000,1722118172000,6,185.8,,38654705664.0,,,0.5440301655704934,0.5440301655704934,0.0,820.094336,
3178,NFCORE_RANGELAND:RANGELAND:PREPROCESSING:FORCE_PREPROCESS,1722118009000,1722118200000,6,174.2,,38654705664.0,,,0.7442943691096644,0.7442943691096644,0.0,820.094336,
3179,NFCORE_RANGELAND:RANGELAND:PREPROCESSING:FORCE_PREPROCESS,1722118052000,1722118200000,6,178.7,,38654705664.0,,,0.5949961525276178,0.5949961525276178,0.0,820.094336,
3187,NFCORE_RANGELAND:RANGELAND:PREPROCESSING:FORCE_PREPROCESS,1722118074000,1722118200000,6,188.2,,38654705664.0,,,0.5769400956662089,0.5769400956662089,0.0,820.094336,
3186,NFCORE_RANGELAND:RANGELAND:PREPROCESSING:FORCE_PREPROCESS,1722118114000,1722118200000,6,187.1,,38654705664.0,,,0.6315740114920889,0.6315740114920889,0.0,820.094336,
3001,NFCORE_RANGELAND:RANGELAND:PREPROCESSING:FORCE_PREPROCESS,1722118009000,1722118200000,6,162.9,,38654705664.0,,,0.8822420458301301,0.8822420458301301,0.0,820.094336,
3189,NFCORE_RANGELAND:RANGELAND:PREPROCESSING:FORCE_PREPROCESS,1722118108000,1722118200000,6,190.5,,38654705664.0,,,0.54656968165106,0.54656968165106,0.0,820.094336,
3188,NFCORE_RANGELAND:RANGELAND:PREPROCESSING:FORCE_PREPROCESS,1722118150000,1722118200000,6,189.6,,38654705664.0,,,0.5896117776038134,0.5896117776038134,0.0,820.094336,
3190,NFCORE_RANGELAND:RANGELAND:PREPROCESSING:FORCE_PREPROCESS,1722118114000,1722118200000,6,188.5,,38654705664.0,,,0.5613003129309845,0.5613003129309845,0.0,820.094336,
3191,NFCORE_RANGELAND:RANGELAND:PREPROCESSING:FORCE_PREPROCESS,1722118114000,1722118200000,6,189.7,,38654705664.0,,,0.5580099762816367,0.5580099762816367,0.0,820.094336,
3184,NFCORE_RANGELAND:RANGELAND:PREPROCESSING:FORCE_PREPROCESS,1722118036000,1722118200000,6,163.0,,38654705664.0,,,0.9208614769644021,0.9208614769644021,0.0,820.094336,
3093,NFCORE_RANGELAND:RANGELAND:PREPROCESSING:FORCE_PREPROCESS,1722118135000,1722118200000,6,192.1,,38654705664.0,,,0.6267724872945488,0.6267724872945488,0.0,820.094336,
3177,NFCORE_RANGELAND:RANGELAND:PREPROCESSING:FORCE_PREPROCESS,1722117971000,1722118200000,6,155.8,,38654705664.0,,,1.3922221579682577,1.3922221579682577,0.0,820.094336,
3195,NFCORE_RANGELAND:RANGELAND:PREPROCESSING:FORCE_PREPROCESS,1722118166000,1722118200000,6,184.4,,38654705664.0,,,0.6928708236164978,0.6928708236164978,0.0,820.094336,
3185,NFCORE_RANGELAND:RANGELAND:PREPROCESSING:FORCE_PREPROCESS,1722118062000,1722118200000,6,120.0,,38654705664.0,,,1.1569692702823469,1.1569692702823469,0.0,820.094336,
2655,NFCORE_RANGELAND:RANGELAND:PREPROCESSING:FORCE_PREPROCESS,1722118163000,1722118200000,6,164.0,,38654705664.0,,,0.8485162998419556,0.8485162998419556,0.0,820.094336,
3196,NFCORE_RANGELAND:RANGELAND:PREPROCESSING:FORCE_PREPROCESS,1722118175000,1722118200000,6,170.3,,38654705664.0,,,0.834535221971161,0.834535221971161,0.0,820.094336,
3206,NFCORE_RANGELAND:RANGELAND:PREPROCESSING:FORCE_PREPROCESS,1722118259000,1722118272000,6,134.8,,38654705664.0,,,0.04865332092960445,0.04865332092960445,0.0,820.094336,
3192,NFCORE_RANGELAND:RANGELAND:PREPROCESSING:FORCE_PREPROCESS,1722118203000,1722118345000,6,189.2,,38654705664.0,,,0.5616895017968622,0.5616895017968622,0.0,820.094336,
3198,NFCORE_RANGELAND:RANGELAND:PREPROCESSING:FORCE_PREPROCESS,1722118207000,1722118345000,6,190.4,,38654705664.0,,,0.5465156493940267,0.5465156493940267,0.0,820.094336,
3197,NFCORE_RANGELAND:RANGELAND:PREPROCESSING:FORCE_PREPROCESS,1722118222000,1722118367000,6,189.2,,38654705664.0,,,0.5735561814122889,0.5735561814122889,0.0,820.094336,
3208,NFCORE_RANGELAND:RANGELAND:PREPROCESSING:FORCE_PREPROCESS,1722118344000,1722118381000,6,167.3,,38654705664.0,,,0.14318308207764557,0.14318308207764557,0.0,820.094336,
3199,NFCORE_RANGELAND:RANGELAND:PREPROCESSING:FORCE_PREPROCESS,1722118276000,1722118442000,6,188.0,,38654705664.0,,,0.6558429948361423,0.6558429948361423,0.0,820.094336,
3200,NFCORE_RANGELAND:RANGELAND:PREPROCESSING:FORCE_PREPROCESS,1722118241000,1722118383000,6,190.4,,38654705664.0,,,0.5623566827097956,0.5623566827097956,0.0,820.094336,
3201,NFCORE_RANGELAND:RANGELAND:PREPROCESSING:FORCE_PREPROCESS,1722118249000,1722118399000,6,189.0,,38654705664.0,,,0.593216519343,0.593216519343,0.0,820.094336,
3207,NFCORE_RANGELAND:RANGELAND:PREPROCESSING:FORCE_PREPROCESS,1722118275000,1722118415000,6,190.5,,38654705664.0,,,0.5544909813851334,0.5544909813851334,0.0,820.094336,
2218,NFCORE_RANGELAND:RANGELAND:PREPROCESSING:FORCE_PREPROCESS,1722118278000,1722118417000,6,186.7,,38654705664.0,,,0.5484622273032411,0.5484622273032411,0.0,820.094336,
2919,NFCORE_RANGELAND:RANGELAND:PREPROCESSING:FORCE_PREPROCESS,1722118302000,1722118466000,6,189.7,,38654705664.0,,,0.6490328802141022,0.6490328802141022,0.0,820.094336,
2290,NFCORE_RANGELAND:RANGELAND:PREPROCESSING:FORCE_PREPROCESS,1722118295000,1722118428000,6,189.1,,38654705664.0,,,0.5260373883840211,0.5260373883840211,0.0,820.094336,
2273,NFCORE_RANGELAND:RANGELAND:PREPROCESSING:FORCE_PREPROCESS,1722118337000,1722118468000,6,189.1,,38654705664.0,,,0.5181270517165922,0.5181270517165922,0.0,820.094336,
3205,NFCORE_RANGELAND:RANGELAND:PREPROCESSING:FORCE_PREPROCESS,1722118259000,1722118469000,6,175.0,,38654705664.0,,,0.8189919071035333,0.8189919071035333,0.0,820.094336,
3224,NFCORE_RANGELAND:RANGELAND:PREPROCESSING:FORCE_PREPROCESS,1722118430000,1722118467000,6,169.7,,38654705664.0,,,0.14353076790551222,0.14353076790551222,0.0,820.094336,
3117,NFCORE_RANGELAND:RANGELAND:PREPROCESSING:FORCE_PREPROCESS,1722118348000,1722118486000,6,190.2,,38654705664.0,,,0.5464075848799601,0.5464075848799601,0.0,820.094336,
3217,NFCORE_RANGELAND:RANGELAND:PREPROCESSING:FORCE_PREPROCESS,1722118387000,1722118500000,6,189.0,,38654705664.0,,,0.54971397459118,0.54971397459118,0.0,820.094336,
3220,NFCORE_RANGELAND:RANGELAND:PREPROCESSING:FORCE_PREPROCESS,1722118401000,1722118500000,6,189.0,,38654705664.0,,,0.55762352818242,0.55762352818242,0.0,820.094336,
3118,NFCORE_RANGELAND:RANGELAND:PREPROCESSING:FORCE_PREPROCESS,1722118348000,1722118500000,6,190.2,,38654705664.0,,,0.7325029217593666,0.7325029217593666,0.0,820.094336,
3212,NFCORE_RANGELAND:RANGELAND:PREPROCESSING:FORCE_PREPROCESS,1722118379000,1722118500000,6,182.3,,38654705664.0,,,0.6128528239535868,0.6128528239535868,0.0,820.094336,
3219,NFCORE_RANGELAND:RANGELAND:PREPROCESSING:FORCE_PREPROCESS,1722118444000,1722118500000,6,186.5,,38654705664.0,,,0.6154181815483867,0.6154181815483867,0.0,820.094336,
3221,NFCORE_RANGELAND:RANGELAND:PREPROCESSING:FORCE_PREPROCESS,1722118417000,1722118500000,6,191.1,,38654705664.0,,,0.5627458715756734,0.5627458715756734,0.0,820.094336,
2794,NFCORE_RANGELAND:RANGELAND:PREPROCESSING:FORCE_PREPROCESS,1722118370000,1722118500000,6,186.6,,38654705664.0,,,0.7614583171011933,0.7614583171011933,0.0,820.094336,
3213,NFCORE_RANGELAND:RANGELAND:PREPROCESSING:FORCE_PREPROCESS,1722118384000,1722118500000,6,172.4,,38654705664.0,,,0.7079402278934845,0.7079402278934845,0.0,820.094336,
3223,NFCORE_RANGELAND:RANGELAND:PREPROCESSING:FORCE_PREPROCESS,1722118420000,1722118500000,6,188.8,,38654705664.0,,,0.56937509559808,0.56937509559808,0.0,820.094336,
3222,NFCORE_RANGELAND:RANGELAND:PREPROCESSING:FORCE_PREPROCESS,1722118470000,1722118500000,6,187.1,,38654705664.0,,,0.60394264848931,0.60394264848931,0.0,820.094336,
3218,NFCORE_RANGELAND:RANGELAND:PREPROCESSING:FORCE_PREPROCESS,1722118394000,1722118500000,6,160.6,,38654705664.0,,,0.8148389550811289,0.8148389550811289,0.0,820.094336,
3225,NFCORE_RANGELAND:RANGELAND:PREPROCESSING:FORCE_PREPROCESS,1722118471000,1722118500000,6,189.8,,38654705664.0,,,0.5738968195544556,0.5738968195544556,0.0,820.094336,
3227,NFCORE_RANGELAND:RANGELAND:PREPROCESSING:FORCE_PREPROCESS,1722118472000,1722118500000,6,189.3,,38654705664.0,,,0.5617451002062734,0.5617451002062734,0.0,820.094336,
3226,NFCORE_RANGELAND:RANGELAND:PREPROCESSING:FORCE_PREPROCESS,1722118489000,1722118500000,6,189.2,,38654705664.0,,,0.5537783820532444,0.5537783820532444,0.0,820.094336,
3216,NFCORE_RANGELAND:RANGELAND:PREPROCESSING:FORCE_PREPROCESS,1722118386000,1722118500000,6,156.5,,38654705664.0,,,1.0142946324552724,1.0142946324552724,0.0,820.094336,
2307,NFCORE_RANGELAND:RANGELAND:PREPROCESSING:FORCE_PREPROCESS,1722118469000,1722118500000,6,162.2,,38654705664.0,,,0.7815184510207045,0.7815184510207045,0.0,820.094336,
3228,NFCORE_RANGELAND:RANGELAND:PREPROCESSING:FORCE_PREPROCESS,1722118529000,1722118670000,6,191.0,,38654705664.0,,,0.5587276656087534,0.5587276656087534,0.0,820.094336,
3229,NFCORE_RANGELAND:RANGELAND:PREPROCESSING:FORCE_PREPROCESS,1722118536000,1722118678000,6,187.1,,38654705664.0,,,0.5605219351992289,0.5605219351992289,0.0,820.094336,
3231,NFCORE_RANGELAND:RANGELAND:PREPROCESSING:FORCE_PREPROCESS,1722118538000,1722118677000,6,190.4,,38654705664.0,,,0.550475907722969,0.550475907722969,0.0,820.094336,
3230,NFCORE_RANGELAND:RANGELAND:PREPROCESSING:FORCE_PREPROCESS,1722118548000,1722118687000,6,190.7,,38654705664.0,,,0.5506391791083524,0.5506391791083524,0.0,820.094336,
3233,NFCORE_RANGELAND:RANGELAND:PREPROCESSING:FORCE_PREPROCESS,1722118562000,1722118706000,6,191.0,,38654705664.0,,,0.5706154882812801,0.5706154882812801,0.0,820.094336,
2104,NFCORE_RANGELAND:RANGELAND:PREPROCESSING:FORCE_PREPROCESS,1722118569000,1722118709000,6,186.2,,38654705664.0,,,0.5521339220565779,0.5521339220565779,0.0,820.094336,
2278,NFCORE_RANGELAND:RANGELAND:PREPROCESSING:FORCE_PREPROCESS,1722118626000,1722118761000,6,189.4,,38654705664.0,,,0.5341062979797,0.5341062979797,0.0,820.094336,
3249,NFCORE_RANGELAND:RANGELAND:PREPROCESSING:FORCE_PREPROCESS,1722118708000,1722118744000,6,166.3,,38654705664.0,,,0.13917231533452,0.13917231533452,0.0,820.094336,
2320,NFCORE_RANGELAND:RANGELAND:PREPROCESSING:FORCE_PREPROCESS,1722118609000,1722118745000,6,187.1,,38654705664.0,,,0.5368379097682756,0.5368379097682756,0.0,820.094336,
2305,NFCORE_RANGELAND:RANGELAND:PREPROCESSING:FORCE_PREPROCESS,1722118631000,1722118758000,6,188.5,,38654705664.0,,,0.5020080263537678,0.5020080263537678,0.0,820.094336,
2501,NFCORE_RANGELAND:RANGELAND:PREPROCESSING:FORCE_PREPROCESS,1722118569000,1722118760000,6,188.2,,38654705664.0,,,0.7547640977551089,0.7547640977551089,0.0,820.094336,
3232,NFCORE_RANGELAND:RANGELAND:PREPROCESSING:FORCE_PREPROCESS,1722118602000,1722118800000,6,167.8,,38654705664.0,,,0.8247192852659163,0.8247192852659163,0.0,820.321132,
3237,NFCORE_RANGELAND:RANGELAND:PREPROCESSING:FORCE_PREPROCESS,1722118617000,1722118760000,6,189.5,,38654705664.0,,,0.5658130315111878,0.5658130315111878,0.0,820.094336,
3243,NFCORE_RANGELAND:RANGELAND:PREPROCESSING:FORCE_PREPROCESS,1722118619000,1722118764000,6,189.3,,38654705664.0,,,0.5736129544359835,0.5736129544359835,0.0,820.094336,
2279,NFCORE_RANGELAND:RANGELAND:PREPROCESSING:FORCE_PREPROCESS,1722118653000,1722118788000,6,186.9,,38654705664.0,,,0.53278485691095,0.53278485691095,0.0,820.094336,
3248,NFCORE_RANGELAND:RANGELAND:PREPROCESSING:FORCE_PREPROCESS,1722118689000,1722118800000,6,190.4,,38654705664.0,,,0.5782743803184367,0.5782743803184367,0.0,820.321132,
3250,NFCORE_RANGELAND:RANGELAND:PREPROCESSING:FORCE_PREPROCESS,1722118711000,1722118800000,6,190.2,,38654705664.0,,,0.5623615545792454,0.5623615545792454,0.0,820.321132,
3247,NFCORE_RANGELAND:RANGELAND:PREPROCESSING:FORCE_PREPROCESS,1722118681000,1722118800000,6,190.6,,38654705664.0,,,0.7963489714331347,0.7963489714331347,0.0,820.321132,
3253,NFCORE_RANGELAND:RANGELAND:PREPROCESSING:FORCE_PREPROCESS,1722118748000,1722118800000,6,190.4,,38654705664.0,,,0.5784036144121356,0.5784036144121356,0.0,820.321132,
3254,NFCORE_RANGELAND:RANGELAND:PREPROCESSING:FORCE_PREPROCESS,1722118760000,1722118800000,6,190.0,,38654705664.0,,,0.5623576223697228,0.5623576223697228,0.0,820.321132,
3256,NFCORE_RANGELAND:RANGELAND:PREPROCESSING:FORCE_PREPROCESS,1722118765000,1722118800000,6,189.1,,38654705664.0,,,0.5618679758496787,0.5618679758496787,0.0,820.321132,
3180,NFCORE_RANGELAND:RANGELAND:PREPROCESSING:FORCE_PREPROCESS,1722118768000,1722118800000,6,186.7,,38654705664.0,,,0.5763314203487877,0.5763314203487877,0.0,820.321132,
2582,NFCORE_RANGELAND:RANGELAND:PREPROCESSING:FORCE_PREPROCESS,1722118746000,1722118800000,6,181.6,,38654705664.0,,,0.7304859720123,0.7304859720123,0.0,820.321132,
3235,NFCORE_RANGELAND:RANGELAND:PREPROCESSING:FORCE_PREPROCESS,1722118673000,1722118800000,6,150.1,,38654705664.0,,,0.9737032345248817,0.9737032345248817,0.0,820.321132,
3246,NFCORE_RANGELAND:RANGELAND:PREPROCESSING:FORCE_PREPROCESS,1722118675000,1722118800000,6,150.9,,38654705664.0,,,0.9935480660128685,0.9935480660128685,0.0,820.321132,
3258,NFCORE_RANGELAND:RANGELAND:PREPROCESSING:FORCE_PREPROCESS,1722118791000,1722118800000,6,189.7,,38654705664.0,,,0.5622586165407005,0.5622586165407005,0.0,820.321132,
3234,NFCORE_RANGELAND:RANGELAND:PREPROCESSING:FORCE_PREPROCESS,1722118565000,1722118800000,6,133.9,,38654705664.0,,,1.5558146686628431,1.5558146686628431,0.0,820.321132,
2598,NFCORE_RANGELAND:RANGELAND:PREPROCESSING:FORCE_PREPROCESS,1722118764000,1722118800000,6,155.5,,38654705664.0,,,1.094081606065664,1.094081606065664,0.0,820.321132,
3255,NFCORE_RANGELAND:RANGELAND:PREPROCESSING:FORCE_PREPROCESS,1722118763000,1722118800000,6,141.1,,38654705664.0,,,1.3003361293324684,1.3003361293324684,0.0,820.43453,
3244,NFCORE_RANGELAND:RANGELAND:PREPROCESSING:FORCE_PREPROCESS,1722118682000,1722118800000,6,127.8,,38654705664.0,,,1.7542808017113873,1.7542808017113873,0.0,820.43453,
3257,NFCORE_RANGELAND:RANGELAND:PREPROCESSING:FORCE_PREPROCESS,1722118818000,1722118987000,6,187.9,,38654705664.0,,,0.6679986731959369,0.6679986731959369,0.0,820.547928,
3264,NFCORE_RANGELAND:RANGELAND:PREPROCESSING:FORCE_PREPROCESS,1722118909000,1722118944000,6,165.6,,38654705664.0,,,0.13528527541672503,0.13528527541672503,0.0,820.547928,
3260,NFCORE_RANGELAND:RANGELAND:PREPROCESSING:FORCE_PREPROCESS,1722118855000,1722119008000,6,188.4,,38654705664.0,,,0.6050558875698675,0.6050558875698675,0.0,820.547928,
2146,NFCORE_RANGELAND:RANGELAND:PREPROCESSING:FORCE_PREPROCESS,1722118884000,1722119024000,6,186.5,,38654705664.0,,,0.5526038428173375,0.5526038428173375,0.0,820.547928,
3259,NFCORE_RANGELAND:RANGELAND:PREPROCESSING:FORCE_PREPROCESS,1722118838000,1722119040000,6,175.0,,38654705664.0,,,0.7882279411872075,0.7882279411872075,0.0,820.547928,
3262,NFCORE_RANGELAND:RANGELAND:PREPROCESSING:FORCE_PREPROCESS,1722118905000,1722119045000,6,189.9,,38654705664.0,,,0.5544685949662126,0.5544685949662126,0.0,820.547928,
3265,NFCORE_RANGELAND:RANGELAND:PREPROCESSING:FORCE_PREPROCESS,1722118917000,1722119058000,6,190.1,,38654705664.0,,,0.5585395597424381,0.5585395597424381,0.0,820.547928,
2137,NFCORE_RANGELAND:RANGELAND:PREPROCESSING:FORCE_PREPROCESS,1722118937000,1722119070000,6,187.4,,38654705664.0,,,0.5254425809962612,0.5254425809962612,0.0,820.547928,
3268,NFCORE_RANGELAND:RANGELAND:PREPROCESSING:FORCE_PREPROCESS,1722118935000,1722119080000,6,189.9,,38654705664.0,,,0.5742710447864344,0.5742710447864344,0.0,820.547928,
3271,NFCORE_RANGELAND:RANGELAND:PREPROCESSING:FORCE_PREPROCESS,1722118947000,1722119089000,6,187.0,,38654705664.0,,,0.5607763292327325,0.5607763292327325,0.0,820.547928,
3269,NFCORE_RANGELAND:RANGELAND:PREPROCESSING:FORCE_PREPROCESS,1722118989000,1722119100000,6,191.8,,38654705664.0,,,0.5832861954607013,0.5832861954607013,0.0,820.547928,
3270,NFCORE_RANGELAND:RANGELAND:PREPROCESSING:FORCE_PREPROCESS,1722118939000,1722119094000,6,190.9,,38654705664.0,,,0.6144831641392219,0.6144831641392219,0.0,820.547928,
2171,NFCORE_RANGELAND:RANGELAND:PREPROCESSING:FORCE_PREPROCESS,1722118896000,1722119100000,6,190.2,,38654705664.0,,,0.85571968924881,0.85571968924881,0.0,820.547928,
3272,NFCORE_RANGELAND:RANGELAND:PREPROCESSING:FORCE_PREPROCESS,1722118984000,1722119100000,6,191.8,,38654705664.0,,,0.5555106623435251,0.5555106623435251,0.0,820.547928,
3282,NFCORE_RANGELAND:RANGELAND:PREPROCESSING:FORCE_PREPROCESS,1722119091000,1722119100000,6,166.2,,38654705664.0,,,0.1314998997826275,0.1314998997826275,0.0,820.547928,
3275,NFCORE_RANGELAND:RANGELAND:PREPROCESSING:FORCE_PREPROCESS,1722119010000,1722119100000,6,190.5,,38654705664.0,,,0.602351754778395,0.602351754778395,0.0,820.547928,
3276,NFCORE_RANGELAND:RANGELAND:PREPROCESSING:FORCE_PREPROCESS,1722119043000,1722119100000,6,189.6,,38654705664.0,,,0.5899378903126651,0.5899378903126651,0.0,820.547928,
3278,NFCORE_RANGELAND:RANGELAND:PREPROCESSING:FORCE_PREPROCESS,1722119048000,1722119100000,6,191.0,,38654705664.0,,,0.5431774993363387,0.5431774993363387,0.0,820.547928,
3279,NFCORE_RANGELAND:RANGELAND:PREPROCESSING:FORCE_PREPROCESS,1722119060000,1722119100000,6,191.0,,38654705664.0,,,0.5669662949277112,0.5669662949277112,0.0,820.547928,
3280,NFCORE_RANGELAND:RANGELAND:PREPROCESSING:FORCE_PREPROCESS,1722119072000,1722119100000,6,189.9,,38654705664.0,,,0.5742710447864343,0.5742710447864343,0.0,820.547928,
3281,NFCORE_RANGELAND:RANGELAND:PREPROCESSING:FORCE_PREPROCESS,1722119082000,1722119100000,6,190.3,,38654705664.0,,,0.6022326613638449,0.6022326613638449,0.0,820.547928,
3266,NFCORE_RANGELAND:RANGELAND:PREPROCESSING:FORCE_PREPROCESS,1722118931000,1722119100000,6,150.7,,38654705664.0,,,1.2029873962461224,1.2029873962461224,0.0,820.547928,
3284,NFCORE_RANGELAND:RANGELAND:PREPROCESSING:FORCE_PREPROCESS,1722119096000,1722119100000,6,153.1,,38654705664.0,,,0.9121014961549556,0.9121014961549556,0.0,820.547928,
3277,NFCORE_RANGELAND:RANGELAND:PREPROCESSING:FORCE_PREPROCESS,1722119027000,1722119100000,6,148.6,,38654705664.0,,,1.2421733605833263,1.2421733605833263,0.0,820.547928,
2402,NFCORE_RANGELAND:RANGELAND:PREPROCESSING:FORCE_PREPROCESS,1722119052000,1722119100000,6,133.6,,38654705664.0,,,1.4093548526835005,1.4093548526835005,0.0,818.279968,
2679,NFCORE_RANGELAND:RANGELAND:PREPROCESSING:FORCE_PREPROCESS,1722119111000,1722119147000,6,168.3,,38654705664.0,,,0.1395313545228975,0.1395313545228975,0.0,820.547928,
3283,NFCORE_RANGELAND:RANGELAND:PREPROCESSING:FORCE_PREPROCESS,1722119139000,1722119285000,6,190.7,,38654705664.0,,,0.5786891041853287,0.5786891041853287,0.0,820.547928,
3285,NFCORE_RANGELAND:RANGELAND:PREPROCESSING:FORCE_PREPROCESS,1722119115000,1722119259000,6,188.1,,38654705664.0,,,0.5692951267614901,0.5692951267614901,0.0,820.547928,
3286,NFCORE_RANGELAND:RANGELAND:PREPROCESSING:FORCE_PREPROCESS,1722119126000,1722119263000,6,191.3,,38654705664.0,,,0.5433385104987732,0.5433385104987732,0.0,820.547928,
3287,NFCORE_RANGELAND:RANGELAND:PREPROCESSING:FORCE_PREPROCESS,1722119129000,1722119267000,6,190.5,,38654705664.0,,,0.5468719878909113,0.5468719878909113,0.0,820.547928,
3289,NFCORE_RANGELAND:RANGELAND:PREPROCESSING:FORCE_PREPROCESS,1722119156000,1722119295000,6,190.0,,38654705664.0,,,0.5505625588989526,0.5505625588989526,0.0,820.547928,
3288,NFCORE_RANGELAND:RANGELAND:PREPROCESSING:FORCE_PREPROCESS,1722119150000,1722119308000,6,190.7,,38654705664.0,,,0.6262525922005612,0.6262525922005612,0.0,820.547928,
3290,NFCORE_RANGELAND:RANGELAND:PREPROCESSING:FORCE_PREPROCESS,1722119165000,1722119309000,6,189.7,,38654705664.0,,,0.57019772948229,0.57019772948229,0.0,820.547928,
2954,NFCORE_RANGELAND:RANGELAND:PREPROCESSING:FORCE_PREPROCESS,1722119297000,1722119332000,6,172.6,,38654705664.0,,,0.13624507431688127,0.13624507431688127,0.0,820.547928,
3291,NFCORE_RANGELAND:RANGELAND:PREPROCESSING:FORCE_PREPROCESS,1722119188000,1722119334000,6,189.1,,38654705664.0,,,0.5777739653156287,0.5777739653156287,0.0,820.547928,
3292,NFCORE_RANGELAND:RANGELAND:PREPROCESSING:FORCE_PREPROCESS,1722119194000,1722119332000,6,189.9,,38654705664.0,,,0.5465476150381238,0.5465476150381238,0.0,820.547928,
3293,NFCORE_RANGELAND:RANGELAND:PREPROCESSING:FORCE_PREPROCESS,1722119205000,1722119350000,6,189.8,,38654705664.0,,,0.5742142403617313,0.5742142403617313,0.0,820.547928,
3294,NFCORE_RANGELAND:RANGELAND:PREPROCESSING:FORCE_PREPROCESS,1722119220000,1722119362000,6,190.1,,38654705664.0,,,0.5625008332157887,0.5625008332157887,0.0,820.547928,
3298,NFCORE_RANGELAND:RANGELAND:PREPROCESSING:FORCE_PREPROCESS,1722119249000,1722119390000,6,190.3,,38654705664.0,,,0.5586500345546194,0.5586500345546194,0.0,820.547928,
2164,NFCORE_RANGELAND:RANGELAND:PREPROCESSING:FORCE_PREPROCESS,1722119270000,1722119397000,6,188.6,,38654705664.0,,,0.5023354385013262,0.5023354385013262,0.0,820.547928,
3299,NFCORE_RANGELAND:RANGELAND:PREPROCESSING:FORCE_PREPROCESS,1722119261000,1722119400000,6,190.8,,38654705664.0,,,0.570708705122715,0.570708705122715,0.0,818.279968,
3297,NFCORE_RANGELAND:RANGELAND:PREPROCESSING:FORCE_PREPROCESS,1722119287000,1722119400000,6,175.2,,38654705664.0,,,0.68555153767371,0.68555153767371,0.0,818.279968,
3300,NFCORE_RANGELAND:RANGELAND:PREPROCESSING:FORCE_PREPROCESS,1722119266000,1722119400000,6,183.5,,38654705664.0,,,0.6173602164620384,0.6173602164620384,0.0,818.279968,
3210,NFCORE_RANGELAND:RANGELAND:PREPROCESSING:FORCE_PREPROCESS,1722119310000,1722119400000,6,190.6,,38654705664.0,,,0.5537570937837055,0.5537570937837055,0.0,818.279968,
3304,NFCORE_RANGELAND:RANGELAND:PREPROCESSING:FORCE_PREPROCESS,1722119313000,1722119400000,6,191.2,,38654705664.0,,,0.5737380606219862,0.5737380606219862,0.0,818.279968,
3301,NFCORE_RANGELAND:RANGELAND:PREPROCESSING:FORCE_PREPROCESS,1722119335000,1722119400000,6,189.4,,38654705664.0,,,0.5446798870973577,0.5446798870973577,0.0,818.279968,
3305,NFCORE_RANGELAND:RANGELAND:PREPROCESSING:FORCE_PREPROCESS,1722119341000,1722119400000,6,189.8,,38654705664.0,,,0.5644551923697655,0.5644551923697655,0.0,818.279968,
3306,NFCORE_RANGELAND:RANGELAND:PREPROCESSING:FORCE_PREPROCESS,1722119352000,1722119400000,6,189.9,,38654705664.0,,,0.5642702055626894,0.5642702055626894,0.0,818.279968,
3308,NFCORE_RANGELAND:RANGELAND:PREPROCESSING:FORCE_PREPROCESS,1722119336000,1722119400000,6,184.6,,38654705664.0,,,0.6361014777184381,0.6361014777184381,0.0,818.279968,
3311,NFCORE_RANGELAND:RANGELAND:PREPROCESSING:FORCE_PREPROCESS,1722119364000,1722119400000,6,187.4,,38654705664.0,,,0.6136878973149018,0.6136878973149018,0.0,818.279968,
3310,NFCORE_RANGELAND:RANGELAND:PREPROCESSING:FORCE_PREPROCESS,1722119356000,1722119400000,6,190.1,,38654705664.0,,,0.7415661604738176,0.7415661604738176,0.0,818.279968,
3309,NFCORE_RANGELAND:RANGELAND:PREPROCESSING:FORCE_PREPROCESS,1722119336000,1722119400000,6,178.2,,38654705664.0,,,0.8656342352877575,0.8656342352877575,0.0,818.279968,
3295,NFCORE_RANGELAND:RANGELAND:PREPROCESSING:FORCE_PREPROCESS,1722119237000,1722119400000,6,142.3,,38654705664.0,,,1.249447144964375,1.249447144964375,0.0,818.279968,
3314,NFCORE_RANGELAND:RANGELAND:PREPROCESSING:FORCE_PREPROCESS,1722119399000,1722119400000,6,173.0,,38654705664.0,,,0.7242269284608972,0.7242269284608972,0.0,818.279968,
3313,NFCORE_RANGELAND:RANGELAND:PREPROCESSING:FORCE_PREPROCESS,1722119392000,1722119400000,6,159.4,,38654705664.0,,,0.8863569760071256,0.8863569760071256,0.0,818.279968,
3317,NFCORE_RANGELAND:RANGELAND:PREPROCESSING:FORCE_PREPROCESS,1722119426000,1722119463000,6,164.3,,38654705664.0,,,0.14203789057094537,0.14203789057094537,0.0,816.012008,
3312,NFCORE_RANGELAND:RANGELAND:PREPROCESSING:FORCE_PREPROCESS,1722119432000,1722119589000,6,190.1,,38654705664.0,,,0.6184820141700226,0.6184820141700226,0.0,816.012008,
3315,NFCORE_RANGELAND:RANGELAND:PREPROCESSING:FORCE_PREPROCESS,1722119407000,1722119551000,6,189.4,,38654705664.0,,,0.56687742186754,0.56687742186754,0.0,816.012008,
3316,NFCORE_RANGELAND:RANGELAND:PREPROCESSING:FORCE_PREPROCESS,1722119466000,1722119613000,6,191.7,,38654705664.0,,,0.5800045687896732,0.5800045687896732,0.0,816.012008,
3319,NFCORE_RANGELAND:RANGELAND:PREPROCESSING:FORCE_PREPROCESS,1722119465000,1722119608000,6,190.8,,38654705664.0,,,0.5637207304153425,0.5637207304153425,0.0,816.012008,
3321,NFCORE_RANGELAND:RANGELAND:PREPROCESSING:FORCE_PREPROCESS,1722119486000,1722119628000,6,191.4,,38654705664.0,,,0.5601105572899492,0.5601105572899492,0.0,816.012008,
3324,NFCORE_RANGELAND:RANGELAND:PREPROCESSING:FORCE_PREPROCESS,1722119500000,1722119636000,6,191.6,,38654705664.0,,,0.5365498822502157,0.5365498822502157,0.0,816.012008,
3323,NFCORE_RANGELAND:RANGELAND:PREPROCESSING:FORCE_PREPROCESS,1722119498000,1722119652000,6,182.8,,38654705664.0,,,0.6022841262271594,0.6022841262271594,0.0,816.012008,
3327,NFCORE_RANGELAND:RANGELAND:PREPROCESSING:FORCE_PREPROCESS,1722119594000,1722119700000,6,189.9,,38654705664.0,,,0.5829123128284927,0.5829123128284927,0.0,816.012008,
3330,NFCORE_RANGELAND:RANGELAND:PREPROCESSING:FORCE_PREPROCESS,1722119560000,1722119700000,6,188.3,,38654705664.0,,,0.5544632229367716,0.5544632229367716,0.0,816.012008,
3328,NFCORE_RANGELAND:RANGELAND:PREPROCESSING:FORCE_PREPROCESS,1722119616000,1722119700000,6,189.3,,38654705664.0,,,0.5904388760854062,0.5904388760854062,0.0,816.012008,
3331,NFCORE_RANGELAND:RANGELAND:PREPROCESSING:FORCE_PREPROCESS,1722119574000,1722119700000,6,188.3,,38654705664.0,,,0.5465984963702925,0.5465984963702925,0.0,816.012008,
3303,NFCORE_RANGELAND:RANGELAND:PREPROCESSING:FORCE_PREPROCESS,1722119547000,1722119700000,6,187.3,,38654705664.0,,,0.7306949350191956,0.7306949350191956,0.0,816.012008,
3320,NFCORE_RANGELAND:RANGELAND:PREPROCESSING:FORCE_PREPROCESS,1722119475000,1722119700000,6,167.3,,38654705664.0,,,0.9549362956694828,0.9549362956694828,0.0,816.012008,
3329,NFCORE_RANGELAND:RANGELAND:PREPROCESSING:FORCE_PREPROCESS,1722119554000,1722119700000,6,179.1,,38654705664.0,,,0.6818911905991719,0.6818911905991719,0.0,816.012008,
3332,NFCORE_RANGELAND:RANGELAND:PREPROCESSING:FORCE_PREPROCESS,1722119589000,1722119700000,6,186.4,,38654705664.0,,,0.5573444749190811,0.5573444749190811,0.0,816.012008,
3318,NFCORE_RANGELAND:RANGELAND:PREPROCESSING:FORCE_PREPROCESS,1722119461000,1722119700000,6,146.0,,38654705664.0,,,1.1001295955904258,1.1001295955904258,0.0,816.012008,
3333,NFCORE_RANGELAND:RANGELAND:PREPROCESSING:FORCE_PREPROCESS,1722119611000,1722119700000,6,190.1,,38654705664.0,,,0.5672701276463901,0.5672701276463901,0.0,816.012008,
3325,NFCORE_RANGELAND:RANGELAND:PREPROCESSING:FORCE_PREPROCESS,1722119523000,1722119700000,6,154.9,,38654705664.0,,,0.9201422094914943,0.9201422094914943,0.0,816.012008,
3335,NFCORE_RANGELAND:RANGELAND:PREPROCESSING:FORCE_PREPROCESS,1722119630000,1722119700000,6,189.7,,38654705664.0,,,0.5512944542235182,0.5512944542235182,0.0,816.012008,
3240,NFCORE_RANGELAND:RANGELAND:PREPROCESSING:FORCE_PREPROCESS,1722119627000,1722119700000,6,189.3,,38654705664.0,,,0.5983113944332117,0.5983113944332117,0.0,816.012008,
3302,NFCORE_RANGELAND:RANGELAND:PREPROCESSING:FORCE_PREPROCESS,1722119453000,1722119700000,6,145.4,,38654705664.0,,,1.2124039227598882,1.2124039227598882,0.0,816.012008,
3337,NFCORE_RANGELAND:RANGELAND:PREPROCESSING:FORCE_PREPROCESS,1722119655000,1722119700000,6,191.3,,38654705664.0,,,0.563999286597761,0.563999286597761,0.0,816.012008,
3336,NFCORE_RANGELAND:RANGELAND:PREPROCESSING:FORCE_PREPROCESS,1722119639000,1722119700000,6,171.6,,38654705664.0,,,0.7695930799236693,0.7695930799236693,0.0,816.012008,
3242,NFCORE_RANGELAND:RANGELAND:PREPROCESSING:FORCE_PREPROCESS,1722119744000,1722119889000,6,189.9,,38654705664.0,,,0.5710965227035907,0.5710965227035907,0.0,816.012008,
3338,NFCORE_RANGELAND:RANGELAND:PREPROCESSING:FORCE_PREPROCESS,1722119703000,1722119845000,6,190.3,,38654705664.0,,,0.5595020191683582,0.5595020191683582,0.0,816.012008,
3339,NFCORE_RANGELAND:RANGELAND:PREPROCESSING:FORCE_PREPROCESS,1722119715000,1722119858000,6,190.6,,38654705664.0,,,0.5636093079423752,0.5636093079423752,0.0,816.012008,
2267,NFCORE_RANGELAND:RANGELAND:PREPROCESSING:FORCE_PREPROCESS,1722119732000,1722119868000,6,187.2,,38654705664.0,,,0.5342185812773601,0.5342185812773601,0.0,816.012008,
3340,NFCORE_RANGELAND:RANGELAND:PREPROCESSING:FORCE_PREPROCESS,1722119769000,1722119918000,6,189.2,,38654705664.0,,,0.5864445681406221,0.5864445681406221,0.0,816.012008,
3342,NFCORE_RANGELAND:RANGELAND:PREPROCESSING:FORCE_PREPROCESS,1722119726000,1722119875000,6,188.9,,38654705664.0,,,0.5862704218279773,0.5862704218279773,0.0,816.012008,
3344,NFCORE_RANGELAND:RANGELAND:PREPROCESSING:FORCE_PREPROCESS,1722119739000,1722119876000,6,189.9,,38654705664.0,,,0.5395877490371858,0.5395877490371858,0.0,816.012008,
3345,NFCORE_RANGELAND:RANGELAND:PREPROCESSING:FORCE_PREPROCESS,1722119738000,1722119876000,6,189.7,,38654705664.0,,,0.5434188191631821,0.5434188191631821,0.0,816.012008,
3341,NFCORE_RANGELAND:RANGELAND:PREPROCESSING:FORCE_PREPROCESS,1722119755000,1722119899000,6,191.1,,38654705664.0,,,0.5678311359018899,0.5678311359018899,0.0,816.012008,
3347,NFCORE_RANGELAND:RANGELAND:PREPROCESSING:FORCE_PREPROCESS,1722119767000,1722119915000,6,191.4,,38654705664.0,,,0.5837772005557217,0.5837772005557217,0.0,816.012008,
3351,NFCORE_RANGELAND:RANGELAND:PREPROCESSING:FORCE_PREPROCESS,1722119801000,1722119942000,6,190.4,,38654705664.0,,,0.5556167961621434,0.5556167961621434,0.0,816.012008,
3355,NFCORE_RANGELAND:RANGELAND:PREPROCESSING:FORCE_PREPROCESS,1722119849000,1722119987000,6,190.8,,38654705664.0,,,0.544010215365855,0.544010215365855,0.0,816.012008,
3348,NFCORE_RANGELAND:RANGELAND:PREPROCESSING:FORCE_PREPROCESS,1722119772000,1722119997000,6,169.0,,38654705664.0,,,0.8678638335239687,0.8678638335239687,0.0,816.012008,
3350,NFCORE_RANGELAND:RANGELAND:PREPROCESSING:FORCE_PREPROCESS,1722119781000,1722120000000,6,167.3,,38654705664.0,,,0.8663736553452969,0.8663736553452969,0.0,816.012008,
3352,NFCORE_RANGELAND:RANGELAND:PREPROCESSING:FORCE_PREPROCESS,1722119892000,1722120000000,6,190.5,,38654705664.0,,,0.5950810706474798,0.5950810706474798,0.0,816.012008,
3346,NFCORE_RANGELAND:RANGELAND:PREPROCESSING:FORCE_PREPROCESS,1722119758000,1722120000000,6,154.5,,38654705664.0,,,0.9463698625270619,0.9463698625270619,0.0,816.012008,
3359,NFCORE_RANGELAND:RANGELAND:PREPROCESSING:FORCE_PREPROCESS,1722119878000,1722120000000,6,188.2,,38654705664.0,,,0.5583402645725938,0.5583402645725938,0.0,816.012008,
2798,NFCORE_RANGELAND:RANGELAND:PREPROCESSING:FORCE_PREPROCESS,1722119882000,1722120000000,6,196.7,,38654705664.0,,,0.5511473383086384,0.5511473383086384,0.0,816.012008,
3354,NFCORE_RANGELAND:RANGELAND:PREPROCESSING:FORCE_PREPROCESS,1722119871000,1722120000000,6,192.4,,38654705664.0,,,0.659372184638088,0.659372184638088,0.0,816.012008,
3358,NFCORE_RANGELAND:RANGELAND:PREPROCESSING:FORCE_PREPROCESS,1722119882000,1722120000000,6,186.4,,38654705664.0,,,0.6358436967386701,0.6358436967386701,0.0,816.012008,
3334,NFCORE_RANGELAND:RANGELAND:PREPROCESSING:FORCE_PREPROCESS,1722119902000,1722120000000,6,190.4,,38654705664.0,,,0.5950222426984657,0.5950222426984657,0.0,816.012008,
3349,NFCORE_RANGELAND:RANGELAND:PREPROCESSING:FORCE_PREPROCESS,1722119778000,1722120000000,6,149.5,,38654705664.0,,,1.009581127710521,1.009581127710521,0.0,816.012008,
3353,NFCORE_RANGELAND:RANGELAND:PREPROCESSING:FORCE_PREPROCESS,1722119860000,1722120000000,6,189.2,,38654705664.0,,,0.8304684824004781,0.8304684824004781,0.0,816.012008,
3343,NFCORE_RANGELAND:RANGELAND:PREPROCESSING:FORCE_PREPROCESS,1722119840000,1722120000000,6,152.0,,38654705664.0,,,0.9287809007805612,0.9287809007805612,0.0,816.012008,
3211,NFCORE_RANGELAND:RANGELAND:PREPROCESSING:FORCE_PREPROCESS,1722119944000,1722120000000,6,188.8,,38654705664.0,,,0.5901466842856667,0.5901466842856667,0.0,816.012008,
3209,NFCORE_RANGELAND:RANGELAND:PREPROCESSING:FORCE_PREPROCESS,1722119990000,1722120000000,6,190.3,,38654705664.0,,,0.5437413989100945,0.5437413989100945,0.0,816.012008,
3356,NFCORE_RANGELAND:RANGELAND:PREPROCESSING:FORCE_PREPROCESS,1722119920000,1722120000000,6,154.1,,38654705664.0,,,1.1473353944125957,1.1473353944125957,0.0,816.012008,
2345,NFCORE_RANGELAND:RANGELAND:PREPROCESSING:FORCE_PREPROCESS,1722119918000,1722120000000,6,190.0,,38654705664.0,,,1.0753432591811758,1.0753432591811758,0.0,816.012008,
3241,NFCORE_RANGELAND:RANGELAND:PREPROCESSING:FORCE_PREPROCESS,1722120046000,1722120195000,6,189.6,,38654705664.0,,,0.5866767632241484,0.5866767632241484,0.0,816.012008,
3363,NFCORE_RANGELAND:RANGELAND:PREPROCESSING:FORCE_PREPROCESS,1722120011000,1722120152000,6,191.4,,38654705664.0,,,0.5561661167456539,0.5561661167456539,0.0,816.012008,
3362,NFCORE_RANGELAND:RANGELAND:PREPROCESSING:FORCE_PREPROCESS,1722120000000,1722120179000,6,190.3,,38654705664.0,,,0.7052877565572967,0.7052877565572967,0.0,816.012008,
2462,NFCORE_RANGELAND:RANGELAND:PREPROCESSING:FORCE_PREPROCESS,1722120023000,1722120186000,6,191.8,,38654705664.0,,,0.6431978207913932,0.6431978207913932,0.0,816.012008,
3367,NFCORE_RANGELAND:RANGELAND:PREPROCESSING:FORCE_PREPROCESS,1722120008000,1722120189000,6,172.7,,38654705664.0,,,0.7007573173897561,0.7007573173897561,0.0,816.012008,
3372,NFCORE_RANGELAND:RANGELAND:PREPROCESSING:FORCE_PREPROCESS,1722120040000,1722120186000,6,189.7,,38654705664.0,,,0.5749213594045259,0.5749213594045259,0.0,816.012008,
3375,NFCORE_RANGELAND:RANGELAND:PREPROCESSING:FORCE_PREPROCESS,1722120048000,1722120189000,6,189.6,,38654705664.0,,,0.555177339695335,0.555177339695335,0.0,816.012008,
3373,NFCORE_RANGELAND:RANGELAND:PREPROCESSING:FORCE_PREPROCESS,1722120046000,1722120206000,6,186.8,,38654705664.0,,,0.6282431115591556,0.6282431115591556,0.0,816.012008,
3374,NFCORE_RANGELAND:RANGELAND:PREPROCESSING:FORCE_PREPROCESS,1722120055000,1722120197000,6,191.0,,38654705664.0,,,0.5598892707002797,0.5598892707002797,0.0,816.012008,
2285,NFCORE_RANGELAND:RANGELAND:PREPROCESSING:FORCE_PREPROCESS,1722120088000,1722120223000,6,185.0,,38654705664.0,,,0.5291334239468812,0.5291334239468812,0.0,816.012008,
3371,NFCORE_RANGELAND:RANGELAND:PREPROCESSING:FORCE_PREPROCESS,1722120026000,1722120230000,6,167.9,,38654705664.0,,,0.7859889711969109,0.7859889711969109,0.0,816.012008,
3376,NFCORE_RANGELAND:RANGELAND:PREPROCESSING:FORCE_PREPROCESS,1722120096000,1722120239000,6,187.9,,38654705664.0,,,0.5621051045573158,0.5621051045573158,0.0,816.012008,
3390,NFCORE_RANGELAND:RANGELAND:PREPROCESSING:FORCE_PREPROCESS,1722120225000,1722120261000,6,165.6,,38654705664.0,,,0.13838135634666002,0.13838135634666002,0.0,816.012008,
3381,NFCORE_RANGELAND:RANGELAND:PREPROCESSING:FORCE_PREPROCESS,1722120154000,1722120300000,6,188.4,,38654705664.0,,,0.5819818427854383,0.5819818427854383,0.0,812.610068,
3382,NFCORE_RANGELAND:RANGELAND:PREPROCESSING:FORCE_PREPROCESS,1722120183000,1722120300000,6,190.1,,38654705664.0,,,0.5624767458701797,0.5624767458701797,0.0,812.610068,
3383,NFCORE_RANGELAND:RANGELAND:PREPROCESSING:FORCE_PREPROCESS,1722120188000,1722120300000,6,189.7,,38654705664.0,,,0.5503751193915722,0.5503751193915722,0.0,812.610068,
3384,NFCORE_RANGELAND:RANGELAND:PREPROCESSING:FORCE_PREPROCESS,1722120193000,1722120300000,6,189.8,,38654705664.0,,,0.5619814991820309,0.5619814991820309,0.0,812.610068,
3386,NFCORE_RANGELAND:RANGELAND:PREPROCESSING:FORCE_PREPROCESS,1722120189000,1722120300000,6,191.3,,38654705664.0,,,0.5707692862363087,0.5707692862363087,0.0,812.610068,
3387,NFCORE_RANGELAND:RANGELAND:PREPROCESSING:FORCE_PREPROCESS,1722120194000,1722120300000,6,190.0,,38654705664.0,,,0.5659659878049984,0.5659659878049984,0.0,812.610068,
3388,NFCORE_RANGELAND:RANGELAND:PREPROCESSING:FORCE_PREPROCESS,1722120200000,1722120300000,6,190.7,,38654705664.0,,,0.5778871769412908,0.5778871769412908,0.0,812.610068,
3389,NFCORE_RANGELAND:RANGELAND:PREPROCESSING:FORCE_PREPROCESS,1722120209000,1722120300000,6,179.8,,38654705664.0,,,0.6487035549162861,0.6487035549162861,0.0,812.610068,
3391,NFCORE_RANGELAND:RANGELAND:PREPROCESSING:FORCE_PREPROCESS,1722120233000,1722120300000,6,189.4,,38654705664.0,,,0.5448308758492448,0.5448308758492448,0.0,812.610068,
3392,NFCORE_RANGELAND:RANGELAND:PREPROCESSING:FORCE_PREPROCESS,1722120241000,1722120300000,6,191.0,,38654705664.0,,,0.5532505880168204,0.5532505880168204,0.0,812.610068,
3378,NFCORE_RANGELAND:RANGELAND:PREPROCESSING:FORCE_PREPROCESS,1722120197000,1722120300000,6,191.8,,38654705664.0,,,0.9503584111409862,0.9503584111409862,0.0,812.610068,
3393,NFCORE_RANGELAND:RANGELAND:PREPROCESSING:FORCE_PREPROCESS,1722120264000,1722120300000,6,189.4,,38654705664.0,,,0.5360056927135839,0.5360056927135839,0.0,812.610068,
2284,NFCORE_RANGELAND:RANGELAND:PREPROCESSING:FORCE_PREPROCESS,1722120074000,1722120300000,6,142.5,,38654705664.0,,,1.2467100702586489,1.2467100702586489,0.0,812.610068,
3377,NFCORE_RANGELAND:RANGELAND:PREPROCESSING:FORCE_PREPROCESS,1722120131000,1722120300000,6,150.0,,38654705664.0,,,1.0745388627193124,1.0745388627193124,0.0,812.610068,
3380,NFCORE_RANGELAND:RANGELAND:PREPROCESSING:FORCE_PREPROCESS,1722120225000,1722120300000,6,143.1,,38654705664.0,,,1.2613818647775892,1.2613818647775892,0.0,812.610068,
3385,NFCORE_RANGELAND:RANGELAND:PREPROCESSING:FORCE_PREPROCESS,1722120193000,1722120300000,6,140.2,,38654705664.0,,,1.5734894059007716,1.5734894059007716,0.0,805.69279,
3379,NFCORE_RANGELAND:RANGELAND:PREPROCESSING:FORCE_PREPROCESS,1722120339000,1722120374000,6,166.1,,38654705664.0,,,0.13348327094866946,0.13348327094866946,0.0,809.208128,
3395,NFCORE_RANGELAND:RANGELAND:PREPROCESSING:FORCE_PREPROCESS,1722120328000,1722120471000,6,190.8,,38654705664.0,,,0.55902044639298,0.55902044639298,0.0,809.208128,
3394,NFCORE_RANGELAND:RANGELAND:PREPROCESSING:FORCE_PREPROCESS,1722120304000,1722120495000,6,175.5,,38654705664.0,,,0.735373639284035,0.735373639284035,0.0,809.208128,
3397,NFCORE_RANGELAND:RANGELAND:PREPROCESSING:FORCE_PREPROCESS,1722120331000,1722120502000,6,181.0,,38654705664.0,,,0.66200469811921,0.66200469811921,0.0,809.208128,
3401,NFCORE_RANGELAND:RANGELAND:PREPROCESSING:FORCE_PREPROCESS,1722120341000,1722120501000,6,186.1,,38654705664.0,,,0.6225721405780444,0.6225721405780444,0.0,809.208128,
3403,NFCORE_RANGELAND:RANGELAND:PREPROCESSING:FORCE_PREPROCESS,1722120377000,1722120523000,6,189.1,,38654705664.0,,,0.5697892504826322,0.5697892504826322,0.0,809.208128,
3404,NFCORE_RANGELAND:RANGELAND:PREPROCESSING:FORCE_PREPROCESS,1722120382000,1722120523000,6,190.1,,38654705664.0,,,0.5508206603540683,0.5508206603540683,0.0,809.208128,
3410,NFCORE_RANGELAND:RANGELAND:PREPROCESSING:FORCE_PREPROCESS,1722120474000,1722120509000,6,167.1,,38654705664.0,,,0.13361849018880834,0.13361849018880834,0.0,809.208128,
3398,NFCORE_RANGELAND:RANGELAND:PREPROCESSING:FORCE_PREPROCESS,1722120336000,1722120528000,6,188.6,,38654705664.0,,,0.7489410039869867,0.7489410039869867,0.0,809.208128,
3406,NFCORE_RANGELAND:RANGELAND:PREPROCESSING:FORCE_PREPROCESS,1722120441000,1722120586000,6,190.6,,38654705664.0,,,0.5667268753757279,0.5667268753757279,0.0,809.208128,
3407,NFCORE_RANGELAND:RANGELAND:PREPROCESSING:FORCE_PREPROCESS,1722120403000,1722120548000,6,189.8,,38654705664.0,,,0.5662787201798389,0.5662787201798389,0.0,809.208128,
3409,NFCORE_RANGELAND:RANGELAND:PREPROCESSING:FORCE_PREPROCESS,1722120419000,1722120559000,6,190.2,,38654705664.0,,,0.5469682185440667,0.5469682185440667,0.0,809.208128,
3408,NFCORE_RANGELAND:RANGELAND:PREPROCESSING:FORCE_PREPROCESS,1722120409000,1722120572000,6,183.7,,38654705664.0,,,0.632734003449816,0.632734003449816,0.0,809.208128,
3400,NFCORE_RANGELAND:RANGELAND:PREPROCESSING:FORCE_PREPROCESS,1722120349000,1722120585000,6,169.2,,38654705664.0,,,0.9028850954277601,0.9028850954277601,0.0,809.208128,
3402,NFCORE_RANGELAND:RANGELAND:PREPROCESSING:FORCE_PREPROCESS,1722120374000,1722120600000,6,167.0,,38654705664.0,,,0.9870527073293545,0.9870527073293545,0.0,803.99182,
3413,NFCORE_RANGELAND:RANGELAND:PREPROCESSING:FORCE_PREPROCESS,1722120504000,1722120600000,6,190.1,,38654705664.0,,,0.5485542601081215,0.5485542601081215,0.0,803.99182,
2343,NFCORE_RANGELAND:RANGELAND:PREPROCESSING:FORCE_PREPROCESS,1722120498000,1722120600000,6,176.7,,38654705664.0,,,0.5834386470231637,0.5834386470231637,0.0,803.99182,
3412,NFCORE_RANGELAND:RANGELAND:PREPROCESSING:FORCE_PREPROCESS,1722120527000,1722120600000,6,190.9,,38654705664.0,,,0.5285328807977204,0.5285328807977204,0.0,803.99182,
3414,NFCORE_RANGELAND:RANGELAND:PREPROCESSING:FORCE_PREPROCESS,1722120512000,1722120600000,6,190.0,,38654705664.0,,,0.5519529181534428,0.5519529181534428,0.0,803.99182,
3416,NFCORE_RANGELAND:RANGELAND:PREPROCESSING:FORCE_PREPROCESS,1722120531000,1722120600000,6,190.8,,38654705664.0,,,0.5514320624445225,0.5514320624445225,0.0,803.99182,
2953,NFCORE_RANGELAND:RANGELAND:PREPROCESSING:FORCE_PREPROCESS,1722120528000,1722120600000,6,194.5,,38654705664.0,,,0.5845837530679339,0.5845837530679339,0.0,803.99182,
3418,NFCORE_RANGELAND:RANGELAND:PREPROCESSING:FORCE_PREPROCESS,1722120551000,1722120600000,6,191.0,,38654705664.0,,,0.5428136758548417,0.5428136758548417,0.0,803.99182,
3415,NFCORE_RANGELAND:RANGELAND:PREPROCESSING:FORCE_PREPROCESS,1722120565000,1722120600000,6,190.8,,38654705664.0,,,0.7658132219055075,0.7658132219055075,0.0,803.99182,
3420,NFCORE_RANGELAND:RANGELAND:PREPROCESSING:FORCE_PREPROCESS,1722120575000,1722120600000,6,190.5,,38654705664.0,,,0.5451939691972442,0.5451939691972442,0.0,803.99182,
2738,NFCORE_RANGELAND:RANGELAND:PREPROCESSING:FORCE_PREPROCESS,1722120588000,1722120600000,6,190.7,,38654705664.0,,,0.5870896207253326,0.5870896207253326,0.0,803.99182,
3405,NFCORE_RANGELAND:RANGELAND:PREPROCESSING:FORCE_PREPROCESS,1722120385000,1722120600000,6,147.2,,38654705664.0,,,1.310150661642858,1.310150661642858,0.0,803.99182,
3419,NFCORE_RANGELAND:RANGELAND:PREPROCESSING:FORCE_PREPROCESS,1722120562000,1722120600000,6,168.6,,38654705664.0,,,0.7453851757427379,0.7453851757427379,0.0,803.99182,
3417,NFCORE_RANGELAND:RANGELAND:PREPROCESSING:FORCE_PREPROCESS,1722120588000,1722120600000,6,164.9,,38654705664.0,,,0.9744454670457552,0.9744454670457552,0.0,803.99182,
3411,NFCORE_RANGELAND:RANGELAND:PREPROCESSING:FORCE_PREPROCESS,1722120504000,1722120600000,6,147.7,,38654705664.0,,,1.2607515317533324,1.2607515317533324,0.0,803.99182,
2342,NFCORE_RANGELAND:RANGELAND:PREPROCESSING:FORCE_PREPROCESS,1722120618000,1722120759000,6,188.3,,38654705664.0,,,0.5427513816518369,0.5427513816518369,0.0,798.7755119999999,
2346,NFCORE_RANGELAND:RANGELAND:PREPROCESSING:FORCE_PREPROCESS,1722120647000,1722120774000,6,188.1,,38654705664.0,,,0.4887643081461019,0.4887643081461019,0.0,798.7755119999999,
3263,NFCORE_RANGELAND:RANGELAND:PREPROCESSING:FORCE_PREPROCESS,1722120657000,1722120800000,6,190.1,,38654705664.0,,,0.5514316030290627,0.5514316030290627,0.0,798.7755119999999,
3426,NFCORE_RANGELAND:RANGELAND:PREPROCESSING:FORCE_PREPROCESS,1722120652000,1722120793000,6,190.9,,38654705664.0,,,0.5441494468122932,0.5441494468122932,0.0,798.7755119999999,
3428,NFCORE_RANGELAND:RANGELAND:PREPROCESSING:FORCE_PREPROCESS,1722120665000,1722120803000,6,190.1,,38654705664.0,,,0.5321507777483263,0.5321507777483263,0.0,798.7755119999999,
3429,NFCORE_RANGELAND:RANGELAND:PREPROCESSING:FORCE_PREPROCESS,1722120676000,1722120818000,6,191.0,,38654705664.0,,,0.548062815843909,0.548062815843909,0.0,798.7755119999999,
3430,NFCORE_RANGELAND:RANGELAND:PREPROCESSING:FORCE_PREPROCESS,1722120681000,1722120819000,6,189.6,,38654705664.0,,,0.5318876394611699,0.5318876394611699,0.0,798.7755119999999,
3431,NFCORE_RANGELAND:RANGELAND:PREPROCESSING:FORCE_PREPROCESS,1722120693000,1722120873000,6,182.2,,38654705664.0,,,0.688686773232075,0.688686773232075,0.0,798.7755119999999,
3434,NFCORE_RANGELAND:RANGELAND:PREPROCESSING:FORCE_PREPROCESS,1722120766000,1722120900000,6,191.2,,38654705664.0,,,0.6099368822670366,0.6099368822670366,0.0,798.7755119999999,
3432,NFCORE_RANGELAND:RANGELAND:PREPROCESSING:FORCE_PREPROCESS,1722120718000,1722120890000,6,175.8,,38654705664.0,,,0.6538804631198051,0.6538804631198051,0.0,798.7755119999999,
3433,NFCORE_RANGELAND:RANGELAND:PREPROCESSING:FORCE_PREPROCESS,1722120740000,1722120885000,6,188.5,,38654705664.0,,,0.558259178320774,0.558259178320774,0.0,798.7755119999999,
3436,NFCORE_RANGELAND:RANGELAND:PREPROCESSING:FORCE_PREPROCESS,1722120761000,1722120899000,6,190.2,,38654705664.0,,,0.5322034054057575,0.5322034054057575,0.0,798.7755119999999,
3437,NFCORE_RANGELAND:RANGELAND:PREPROCESSING:FORCE_PREPROCESS,1722120764000,1722120900000,6,190.7,,38654705664.0,,,0.5440419033384118,0.5440419033384118,0.0,798.7755119999999,
3438,NFCORE_RANGELAND:RANGELAND:PREPROCESSING:FORCE_PREPROCESS,1722120777000,1722120900000,6,191.0,,38654705664.0,,,0.5403436212545583,0.5403436212545583,0.0,798.7755119999999,
3435,NFCORE_RANGELAND:RANGELAND:PREPROCESSING:FORCE_PREPROCESS,1722120742000,1722120900000,6,177.1,,38654705664.0,,,0.7194451844300569,0.7194451844300569,0.0,798.7755119999999,
3439,NFCORE_RANGELAND:RANGELAND:PREPROCESSING:FORCE_PREPROCESS,1722120796000,1722120900000,6,190.9,,38654705664.0,,,0.5480086627471321,0.5480086627471321,0.0,798.7755119999999,
2410,NFCORE_RANGELAND:RANGELAND:PREPROCESSING:FORCE_PREPROCESS,1722120806000,1722120900000,6,187.8,,38654705664.0,,,0.5040085851680463,0.5040085851680463,0.0,798.7755119999999,
3440,NFCORE_RANGELAND:RANGELAND:PREPROCESSING:FORCE_PREPROCESS,1722120803000,1722120900000,6,189.1,,38654705664.0,,,0.5431815555473619,0.5431815555473619,0.0,798.7755119999999,
3442,NFCORE_RANGELAND:RANGELAND:PREPROCESSING:FORCE_PREPROCESS,1722120850000,1722120900000,6,190.1,,38654705664.0,,,0.5668562632536518,0.5668562632536518,0.0,798.7755119999999,
3425,NFCORE_RANGELAND:RANGELAND:PREPROCESSING:FORCE_PREPROCESS,1722120821000,1722120900000,6,190.8,,38654705664.0,,,0.563389847950365,0.563389847950365,0.0,798.7755119999999,
3445,NFCORE_RANGELAND:RANGELAND:PREPROCESSING:FORCE_PREPROCESS,1722120846000,1722120900000,6,189.9,,38654705664.0,,,0.5513225341158356,0.5513225341158356,0.0,798.7755119999999,
3448,NFCORE_RANGELAND:RANGELAND:PREPROCESSING:FORCE_PREPROCESS,1722120887000,1722120900000,6,191.1,,38654705664.0,,,0.5442569902861742,0.5442569902861742,0.0,798.7755119999999,
3449,NFCORE_RANGELAND:RANGELAND:PREPROCESSING:FORCE_PREPROCESS,1722120892000,1722120900000,6,185.6,,38654705664.0,,,0.6295966336150933,0.6295966336150933,0.0,798.7755119999999,
2344,NFCORE_RANGELAND:RANGELAND:PREPROCESSING:FORCE_PREPROCESS,1722120635000,1722120900000,6,129.8,,38654705664.0,,,1.5338847466247136,1.5338847466247136,0.0,798.7755119999999,
3444,NFCORE_RANGELAND:RANGELAND:PREPROCESSING:FORCE_PREPROCESS,1722120823000,1722120900000,6,142.5,,38654705664.0,,,1.3890422920440384,1.3890422920440384,0.0,801.950656,
3175,NFCORE_RANGELAND:RANGELAND:PREPROCESSING:FORCE_PREPROCESS,1722120876000,1722120900000,6,135.9,,38654705664.0,,,1.583382112544088,1.583382112544088,0.0,801.950656,
3446,NFCORE_RANGELAND:RANGELAND:PREPROCESSING:FORCE_PREPROCESS,1722120926000,1722121082000,6,189.9,,38654705664.0,,,0.6014427644900026,0.6014427644900026,0.0,798.7755119999999,
3450,NFCORE_RANGELAND:RANGELAND:PREPROCESSING:FORCE_PREPROCESS,1722120902000,1722121048000,6,188.7,,38654705664.0,,,0.5622205986917836,0.5622205986917836,0.0,798.7755119999999,
3452,NFCORE_RANGELAND:RANGELAND:PREPROCESSING:FORCE_PREPROCESS,1722120919000,1722121056000,6,190.0,,38654705664.0,,,0.5282423663945842,0.5282423663945842,0.0,798.7755119999999,
2370,NFCORE_RANGELAND:RANGELAND:PREPROCESSING:FORCE_PREPROCESS,1722120934000,1722121070000,6,185.8,,38654705664.0,,,0.5222082553124233,0.5222082553124233,0.0,798.7755119999999,
3451,NFCORE_RANGELAND:RANGELAND:PREPROCESSING:FORCE_PREPROCESS,1722120907000,1722121069000,6,184.8,,38654705664.0,,,0.6214243835400298,0.6214243835400298,0.0,798.7755119999999,
3453,NFCORE_RANGELAND:RANGELAND:PREPROCESSING:FORCE_PREPROCESS,1722120942000,1722121084000,6,189.4,,38654705664.0,,,0.5471963662954757,0.5471963662954757,0.0,798.7755119999999,
3457,NFCORE_RANGELAND:RANGELAND:PREPROCESSING:FORCE_PREPROCESS,1722121000000,1722121149000,6,189.9,,38654705664.0,,,0.5744549481346819,0.5744549481346819,0.0,798.7755119999999,
3461,NFCORE_RANGELAND:RANGELAND:PREPROCESSING:FORCE_PREPROCESS,1722121060000,1722121096000,6,164.5,,38654705664.0,,,0.1353073297685025,0.1353073297685025,0.0,798.7755119999999,
3455,NFCORE_RANGELAND:RANGELAND:PREPROCESSING:FORCE_PREPROCESS,1722120939000,1722121110000,6,176.2,,38654705664.0,,,0.6503396826484087,0.6503396826484087,0.0,798.7755119999999,
3458,NFCORE_RANGELAND:RANGELAND:PREPROCESSING:FORCE_PREPROCESS,1722120969000,1722121110000,6,190.3,,38654705664.0,,,0.5438268163906493,0.5438268163906493,0.0,798.7755119999999,
2496,NFCORE_RANGELAND:RANGELAND:PREPROCESSING:FORCE_PREPROCESS,1722121030000,1722121176000,6,192.5,,38654705664.0,,,0.5643363830644545,0.5643363830644545,0.0,798.7755119999999,
3459,NFCORE_RANGELAND:RANGELAND:PREPROCESSING:FORCE_PREPROCESS,1722121085000,1722121200000,6,191.1,,38654705664.0,,,0.5683988442900322,0.5683988442900322,0.0,801.950656,
3456,NFCORE_RANGELAND:RANGELAND:PREPROCESSING:FORCE_PREPROCESS,1722120947000,1722121197000,6,165.0,,38654705664.0,,,0.9401109342990626,0.9401109342990626,0.0,798.7755119999999,
2185,NFCORE_RANGELAND:RANGELAND:PREPROCESSING:FORCE_PREPROCESS,1722121072000,1722121200000,6,188.9,,38654705664.0,,,0.5046499854118606,0.5046499854118606,0.0,801.950656,
2869,NFCORE_RANGELAND:RANGELAND:PREPROCESSING:FORCE_PREPROCESS,1722120992000,1722121200000,6,169.0,,38654705664.0,,,0.8005680713281396,0.8005680713281396,0.0,801.950656,
3463,NFCORE_RANGELAND:RANGELAND:PREPROCESSING:FORCE_PREPROCESS,1722121058000,1722121200000,6,188.7,,38654705664.0,,,0.5739873759803747,0.5739873759803747,0.0,801.950656,
2232,NFCORE_RANGELAND:RANGELAND:PREPROCESSING:FORCE_PREPROCESS,1722121087000,1722121200000,6,189.9,,38654705664.0,,,0.5094954690174013,0.5094954690174013,0.0,801.950656,
2493,NFCORE_RANGELAND:RANGELAND:PREPROCESSING:FORCE_PREPROCESS,1722121060000,1722121200000,6,190.5,,38654705664.0,,,0.578960261813673,0.578960261813673,0.0,801.950656,
3460,NFCORE_RANGELAND:RANGELAND:PREPROCESSING:FORCE_PREPROCESS,1722121050000,1722121200000,6,160.0,,38654705664.0,,,0.7874735491326667,0.7874735491326667,0.0,801.950656,
3471,NFCORE_RANGELAND:RANGELAND:PREPROCESSING:FORCE_PREPROCESS,1722121112000,1722121200000,6,188.2,,38654705664.0,,,0.5947530948921742,0.5947530948921742,0.0,801.950656,
2236,NFCORE_RANGELAND:RANGELAND:PREPROCESSING:FORCE_PREPROCESS,1722121098000,1722121200000,6,181.5,,38654705664.0,,,0.744529834804132,0.744529834804132,0.0,801.950656,
2830,NFCORE_RANGELAND:RANGELAND:PREPROCESSING:FORCE_PREPROCESS,1722121178000,1722121200000,6,192.2,,38654705664.0,,,0.5640837695055487,0.5640837695055487,0.0,801.950656,
3470,NFCORE_RANGELAND:RANGELAND:PREPROCESSING:FORCE_PREPROCESS,1722121151000,1722121200000,6,183.5,,38654705664.0,,,0.8750571954961146,0.8750571954961146,0.0,801.950656,
2256,NFCORE_RANGELAND:RANGELAND:PREPROCESSING:FORCE_PREPROCESS,1722121113000,1722121200000,6,147.3,,38654705664.0,,,1.1029694751392958,1.1029694751392958,0.0,801.950656,
3474,NFCORE_RANGELAND:RANGELAND:PREPROCESSING:FORCE_PREPROCESS,1722121199000,1722121200000,6,169.4,,38654705664.0,,,0.8870598278438061,0.8870598278438061,0.0,801.950656,
2231,NFCORE_RANGELAND:RANGELAND:PREPROCESSING:FORCE_PREPROCESS,1722121073000,1722121200000,6,138.0,,38654705664.0,,,1.3713917173408925,1.3713917173408925,0.0,801.950656,
2254,NFCORE_RANGELAND:RANGELAND:PREPROCESSING:FORCE_PREPROCESS,1722121234000,1722121269000,6,171.5,,38654705664.0,,,0.13353636903061636,0.13353636903061636,0.0,805.1258,
3475,NFCORE_RANGELAND:RANGELAND:PREPROCESSING:FORCE_PREPROCESS,1722121207000,1722121348000,6,190.6,,38654705664.0,,,0.5483128526931355,0.5483128526931355,0.0,805.1258,
3478,NFCORE_RANGELAND:RANGELAND:PREPROCESSING:FORCE_PREPROCESS,1722121206000,1722121350000,6,188.2,,38654705664.0,,,0.5586506260315001,0.5586506260315001,0.0,805.1258,
2523,NFCORE_RANGELAND:RANGELAND:PREPROCESSING:FORCE_PREPROCESS,1722121210000,1722121358000,6,189.2,,38654705664.0,,,0.5747375986306389,0.5747375986306389,0.0,805.1258,
3481,NFCORE_RANGELAND:RANGELAND:PREPROCESSING:FORCE_PREPROCESS,1722121221000,1722121377000,6,184.1,,38654705664.0,,,0.6027462758229792,0.6027462758229792,0.0,805.1258,
3476,NFCORE_RANGELAND:RANGELAND:PREPROCESSING:FORCE_PREPROCESS,1722121204000,1722121393000,6,185.8,,38654705664.0,,,0.7314853461057188,0.7314853461057188,0.0,805.1258,
3483,NFCORE_RANGELAND:RANGELAND:PREPROCESSING:FORCE_PREPROCESS,1722121263000,1722121409000,6,189.3,,38654705664.0,,,0.5670269955068854,0.5670269955068854,0.0,805.1258,
3484,NFCORE_RANGELAND:RANGELAND:PREPROCESSING:FORCE_PREPROCESS,1722121269000,1722121416000,6,188.8,,38654705664.0,,,0.5706282141828334,0.5706282141828334,0.0,805.1258,
3485,NFCORE_RANGELAND:RANGELAND:PREPROCESSING:FORCE_PREPROCESS,1722121295000,1722121433000,6,191.5,,38654705664.0,,,0.5371240362239896,0.5371240362239896,0.0,805.1258,
2217,NFCORE_RANGELAND:RANGELAND:PREPROCESSING:FORCE_PREPROCESS,1722121325000,1722121458000,6,188.7,,38654705664.0,,,0.5162315458844323,0.5162315458844323,0.0,805.1258,
3480,NFCORE_RANGELAND:RANGELAND:PREPROCESSING:FORCE_PREPROCESS,1722121214000,1722121466000,6,152.3,,38654705664.0,,,0.9428634510404376,0.9428634510404376,0.0,805.1258,
2252,NFCORE_RANGELAND:RANGELAND:PREPROCESSING:FORCE_PREPROCESS,1722121381000,1722121500000,6,187.4,,38654705664.0,,,0.5431606558667819,0.5431606558667819,0.0,807.3937599999999,
2197,NFCORE_RANGELAND:RANGELAND:PREPROCESSING:FORCE_PREPROCESS,1722121350000,1722121482000,6,187.8,,38654705664.0,,,0.511893448400125,0.511893448400125,0.0,805.1258,
3491,NFCORE_RANGELAND:RANGELAND:PREPROCESSING:FORCE_PREPROCESS,1722121353000,1722121494000,6,187.9,,38654705664.0,,,0.5468494736511824,0.5468494736511824,0.0,805.1258,
3492,NFCORE_RANGELAND:RANGELAND:PREPROCESSING:FORCE_PREPROCESS,1722121361000,1722121500000,6,186.6,,38654705664.0,,,0.5539789068472147,0.5539789068472147,0.0,807.3937599999999,
3493,NFCORE_RANGELAND:RANGELAND:PREPROCESSING:FORCE_PREPROCESS,1722121379000,1722121500000,6,192.5,,38654705664.0,,,0.5262736493331504,0.5262736493331504,0.0,807.3937599999999,
2294,NFCORE_RANGELAND:RANGELAND:PREPROCESSING:FORCE_PREPROCESS,1722121412000,1722121500000,6,188.3,,38654705664.0,,,0.5053054031053243,0.5053054031053243,0.0,807.3937599999999,
2261,NFCORE_RANGELAND:RANGELAND:PREPROCESSING:FORCE_PREPROCESS,1722121436000,1722121500000,6,188.3,,38654705664.0,,,0.49802648718915554,0.49802648718915554,0.0,807.3937599999999,
3486,NFCORE_RANGELAND:RANGELAND:PREPROCESSING:FORCE_PREPROCESS,1722121311000,1722121500000,6,152.2,,38654705664.0,,,0.9704299230850729,0.9704299230850729,0.0,807.3937599999999,
3495,NFCORE_RANGELAND:RANGELAND:PREPROCESSING:FORCE_PREPROCESS,1722121418000,1722121500000,6,182.6,,38654705664.0,,,0.5918160193542368,0.5918160193542368,0.0,807.3937599999999,
3496,NFCORE_RANGELAND:RANGELAND:PREPROCESSING:FORCE_PREPROCESS,1722121435000,1722121500000,6,190.8,,38654705664.0,,,0.5735551708313624,0.5735551708313624,0.0,807.3937599999999,
2099,NFCORE_RANGELAND:RANGELAND:PREPROCESSING:FORCE_PREPROCESS,1722121448000,1722121500000,6,185.8,,38654705664.0,,,0.5320834982739341,0.5320834982739341,0.0,807.3937599999999,
3500,NFCORE_RANGELAND:RANGELAND:PREPROCESSING:FORCE_PREPROCESS,1722121469000,1722121500000,6,191.0,,38654705664.0,,,0.5313795366803264,0.5313795366803264,0.0,807.3937599999999,
2222,NFCORE_RANGELAND:RANGELAND:PREPROCESSING:FORCE_PREPROCESS,1722121395000,1722121500000,6,158.8,,38654705664.0,,,0.9447036371663334,0.9447036371663334,0.0,807.3937599999999,
3482,NFCORE_RANGELAND:RANGELAND:PREPROCESSING:FORCE_PREPROCESS,1722121272000,1722121500000,6,135.6,,38654705664.0,,,1.7370559077442627,1.7370559077442627,0.0,807.3937599999999,
2157,NFCORE_RANGELAND:RANGELAND:PREPROCESSING:FORCE_PREPROCESS,1722121412000,1722121500000,6,145.8,,38654705664.0,,,1.0932374363420312,1.0932374363420312,0.0,807.3937599999999,
3503,NFCORE_RANGELAND:RANGELAND:PREPROCESSING:FORCE_PREPROCESS,1722121485000,1722121500000,6,171.4,,38654705664.0,,,1.0355145368599168,1.0355145368599168,0.0,807.3937599999999,
3498,NFCORE_RANGELAND:RANGELAND:PREPROCESSING:FORCE_PREPROCESS,1722121460000,1722121500000,6,173.2,,38654705664.0,,,1.1905899739076526,1.1905899739076526,0.0,807.3937599999999,
3504,NFCORE_RANGELAND:RANGELAND:PREPROCESSING:FORCE_PREPROCESS,1722121496000,1722121500000,6,158.7,,38654705664.0,,,1.1133931748553647,1.1133931748553647,0.0,807.3937599999999,
3501,NFCORE_RANGELAND:RANGELAND:PREPROCESSING:FORCE_PREPROCESS,1722121524000,1722121667000,6,190.9,,38654705664.0,,,0.5593890763471426,0.5593890763471426,0.0,809.66172,
3505,NFCORE_RANGELAND:RANGELAND:PREPROCESSING:FORCE_PREPROCESS,1722121506000,1722121654000,6,191.2,,38654705664.0,,,0.5791197663773667,0.5791197663773667,0.0,809.66172,
3506,NFCORE_RANGELAND:RANGELAND:PREPROCESSING:FORCE_PREPROCESS,1722121517000,1722121681000,6,184.0,,38654705664.0,,,0.6371628407419333,0.6371628407419333,0.0,809.66172,
2347,NFCORE_RANGELAND:RANGELAND:PREPROCESSING:FORCE_PREPROCESS,1722121588000,1722121718000,6,188.4,,38654705664.0,,,0.5072792129063749,0.5072792129063749,0.0,809.66172,
3490,NFCORE_RANGELAND:RANGELAND:PREPROCESSING:FORCE_PREPROCESS,1722121566000,1722121717000,6,182.0,,38654705664.0,,,0.5854886273160459,0.5854886273160459,0.0,809.66172,
3508,NFCORE_RANGELAND:RANGELAND:PREPROCESSING:FORCE_PREPROCESS,1722121573000,1722121716000,6,189.1,,38654705664.0,,,0.5583940779990489,0.5583940779990489,0.0,809.66172,
3511,NFCORE_RANGELAND:RANGELAND:PREPROCESSING:FORCE_PREPROCESS,1722121584000,1722121722000,6,190.1,,38654705664.0,,,0.5394032585353563,0.5394032585353563,0.0,809.66172,
3512,NFCORE_RANGELAND:RANGELAND:PREPROCESSING:FORCE_PREPROCESS,1722121575000,1722121716000,6,192.5,,38654705664.0,,,0.5524375260459782,0.5524375260459782,0.0,809.66172,
3507,NFCORE_RANGELAND:RANGELAND:PREPROCESSING:FORCE_PREPROCESS,1722121544000,1722121729000,6,184.3,,38654705664.0,,,0.7189653047419426,0.7189653047419426,0.0,809.66172,
3399,NFCORE_RANGELAND:RANGELAND:PREPROCESSING:FORCE_PREPROCESS,1722121608000,1722121752000,6,190.3,,38654705664.0,,,0.56296690261035,0.56296690261035,0.0,809.66172,
2212,NFCORE_RANGELAND:RANGELAND:PREPROCESSING:FORCE_PREPROCESS,1722121670000,1722121800000,6,188.4,,38654705664.0,,,0.5345942474474874,0.5345942474474874,0.0,809.66172,
2993,NFCORE_RANGELAND:RANGELAND:PREPROCESSING:FORCE_PREPROCESS,1722121647000,1722121790000,6,199.4,,38654705664.0,,,0.5640876796575854,0.5640876796575854,0.0,809.66172,
3515,NFCORE_RANGELAND:RANGELAND:PREPROCESSING:FORCE_PREPROCESS,1722121657000,1722121795000,6,192.1,,38654705664.0,,,0.5404701565309813,0.5404701565309813,0.0,809.66172,
3516,NFCORE_RANGELAND:RANGELAND:PREPROCESSING:FORCE_PREPROCESS,1722121684000,1722121800000,6,191.1,,38654705664.0,,,0.5751499710679406,0.5751499710679406,0.0,809.66172,
3517,NFCORE_RANGELAND:RANGELAND:PREPROCESSING:FORCE_PREPROCESS,1722121746000,1722121800000,6,191.7,,38654705664.0,,,0.5559163936545188,0.5559163936545188,0.0,809.66172,
3522,NFCORE_RANGELAND:RANGELAND:PREPROCESSING:FORCE_PREPROCESS,1722121719000,1722121800000,6,189.2,,38654705664.0,,,0.5193969531895958,0.5193969531895958,0.0,809.66172,
3518,NFCORE_RANGELAND:RANGELAND:PREPROCESSING:FORCE_PREPROCESS,1722121720000,1722121800000,6,189.6,,38654705664.0,,,0.535229747557925,0.535229747557925,0.0,809.66172,
3520,NFCORE_RANGELAND:RANGELAND:PREPROCESSING:FORCE_PREPROCESS,1722121718000,1722121800000,6,190.1,,38654705664.0,,,0.5433119778001052,0.5433119778001052,0.0,809.66172,
3523,NFCORE_RANGELAND:RANGELAND:PREPROCESSING:FORCE_PREPROCESS,1722121732000,1722121800000,6,191.3,,38654705664.0,,,0.5243899655259854,0.5243899655259854,0.0,809.66172,
2802,NFCORE_RANGELAND:RANGELAND:PREPROCESSING:FORCE_PREPROCESS,1722121722000,1722121800000,6,194.5,,38654705664.0,,,0.6006363508785282,0.6006363508785282,0.0,809.66172,
2787,NFCORE_RANGELAND:RANGELAND:PREPROCESSING:FORCE_PREPROCESS,1722121724000,1722121800000,6,190.4,,38654705664.0,,,0.6138509930278833,0.6138509930278833,0.0,809.66172,
3519,NFCORE_RANGELAND:RANGELAND:PREPROCESSING:FORCE_PREPROCESS,1722121708000,1722121800000,6,170.0,,38654705664.0,,,0.6857528052797042,0.6857528052797042,0.0,809.66172,
3524,NFCORE_RANGELAND:RANGELAND:PREPROCESSING:FORCE_PREPROCESS,1722121755000,1722121800000,6,188.9,,38654705664.0,,,0.5309549585823583,0.5309549585823583,0.0,809.66172,
3527,NFCORE_RANGELAND:RANGELAND:PREPROCESSING:FORCE_PREPROCESS,1722121757000,1722121800000,6,190.9,,38654705664.0,,,0.5437418294563136,0.5437418294563136,0.0,809.66172,
3530,NFCORE_RANGELAND:RANGELAND:PREPROCESSING:FORCE_PREPROCESS,1722121772000,1722121800000,6,191.8,,38654705664.0,,,0.5716324477349208,0.5716324477349208,0.0,809.66172,
3531,NFCORE_RANGELAND:RANGELAND:PREPROCESSING:FORCE_PREPROCESS,1722121798000,1722121800000,6,190.8,,38654705664.0,,,0.539776672833825,0.539776672833825,0.0,809.66172,
3529,NFCORE_RANGELAND:RANGELAND:PREPROCESSING:FORCE_PREPROCESS,1722121793000,1722121800000,6,190.0,,38654705664.0,,,0.5940665715406335,0.5940665715406335,0.0,809.66172,
3533,NFCORE_RANGELAND:RANGELAND:PREPROCESSING:FORCE_PREPROCESS,1722121794000,1722121800000,6,145.7,,38654705664.0,,,1.0127508068246551,1.0127508068246551,0.0,809.66172,
3528,NFCORE_RANGELAND:RANGELAND:PREPROCESSING:FORCE_PREPROCESS,1722121809000,1722121952000,6,191.0,,38654705664.0,,,0.5594443540331479,0.5594443540331479,0.0,809.66172,
3532,NFCORE_RANGELAND:RANGELAND:PREPROCESSING:FORCE_PREPROCESS,1722121834000,1722121975000,6,191.5,,38654705664.0,,,0.5518924803308219,0.5518924803308219,0.0,809.66172,
3534,NFCORE_RANGELAND:RANGELAND:PREPROCESSING:FORCE_PREPROCESS,1722121890000,1722122032000,6,191.1,,38654705664.0,,,0.5555870468819561,0.5555870468819561,0.0,809.66172,
3535,NFCORE_RANGELAND:RANGELAND:PREPROCESSING:FORCE_PREPROCESS,1722121855000,1722121988000,6,192.2,,38654705664.0,,,0.5209393165963145,0.5209393165963145,0.0,809.66172,
3536,NFCORE_RANGELAND:RANGELAND:PREPROCESSING:FORCE_PREPROCESS,1722121860000,1722122000000,6,189.5,,38654705664.0,,,0.5468959889792293,0.5468959889792293,0.0,809.66172,
3537,NFCORE_RANGELAND:RANGELAND:PREPROCESSING:FORCE_PREPROCESS,1722121859000,1722121999000,6,186.0,,38654705664.0,,,0.54500185847975,0.54500185847975,0.0,809.66172,
3540,NFCORE_RANGELAND:RANGELAND:PREPROCESSING:FORCE_PREPROCESS,1722121878000,1722122015000,6,190.9,,38654705664.0,,,0.535918206010899,0.535918206010899,0.0,809.66172,
3542,NFCORE_RANGELAND:RANGELAND:PREPROCESSING:FORCE_PREPROCESS,1722121889000,1722122024000,6,188.0,,38654705664.0,,,0.526581210952125,0.526581210952125,0.0,809.66172,
3544,NFCORE_RANGELAND:RANGELAND:PREPROCESSING:FORCE_PREPROCESS,1722121899000,1722122036000,6,192.1,,38654705664.0,,,0.5365537061213366,0.5365537061213366,0.0,809.66172,
3554,NFCORE_RANGELAND:RANGELAND:PREPROCESSING:FORCE_PREPROCESS,1722122004000,1722122037000,6,173.1,,38654705664.0,,,0.12681914959343438,0.12681914959343438,0.0,809.66172,
3541,NFCORE_RANGELAND:RANGELAND:PREPROCESSING:FORCE_PREPROCESS,1722121884000,1722122046000,6,183.0,,38654705664.0,,,0.6287663394597374,0.6287663394597374,0.0,809.66172,
2216,NFCORE_RANGELAND:RANGELAND:PREPROCESSING:FORCE_PREPROCESS,1722121955000,1722122098000,6,186.9,,38654705664.0,,,0.5571779689069344,0.5571779689069344,0.0,809.66172,
2246,NFCORE_RANGELAND:RANGELAND:PREPROCESSING:FORCE_PREPROCESS,1722121920000,1722122058000,6,183.8,,38654705664.0,,,0.5360425298491376,0.5360425298491376,0.0,809.66172,
3543,NFCORE_RANGELAND:RANGELAND:PREPROCESSING:FORCE_PREPROCESS,1722121894000,1722122071000,6,174.0,,38654705664.0,,,0.6808275880557375,0.6808275880557375,0.0,809.66172,
3546,NFCORE_RANGELAND:RANGELAND:PREPROCESSING:FORCE_PREPROCESS,1722121948000,1722122084000,6,189.7,,38654705664.0,,,0.5313755328646917,0.5313755328646917,0.0,809.66172,
3539,NFCORE_RANGELAND:RANGELAND:PREPROCESSING:FORCE_PREPROCESS,1722121868000,1722122100000,6,153.5,,38654705664.0,,,0.8815339992783188,0.8815339992783188,0.0,809.66172,
3547,NFCORE_RANGELAND:RANGELAND:PREPROCESSING:FORCE_PREPROCESS,1722121977000,1722122100000,6,192.3,,38654705664.0,,,0.5366596228064093,0.5366596228064093,0.0,809.66172,
2195,NFCORE_RANGELAND:RANGELAND:PREPROCESSING:FORCE_PREPROCESS,1722121938000,1722122100000,6,166.6,,38654705664.0,,,0.6643108263267875,0.6643108263267875,0.0,809.66172,
3551,NFCORE_RANGELAND:RANGELAND:PREPROCESSING:FORCE_PREPROCESS,1722121992000,1722122100000,6,189.1,,38654705664.0,,,0.5466795169221459,0.5466795169221459,0.0,809.66172,
3552,NFCORE_RANGELAND:RANGELAND:PREPROCESSING:FORCE_PREPROCESS,1722122002000,1722122100000,6,191.9,,38654705664.0,,,0.5286164348459532,0.5286164348459532,0.0,809.66172,
3555,NFCORE_RANGELAND:RANGELAND:PREPROCESSING:FORCE_PREPROCESS,1722122017000,1722122100000,6,191.5,,38654705664.0,,,0.5401500871322937,0.5401500871322937,0.0,809.66172,
3556,NFCORE_RANGELAND:RANGELAND:PREPROCESSING:FORCE_PREPROCESS,1722122038000,1722122100000,6,190.9,,38654705664.0,,,0.5398300177336063,0.5398300177336063,0.0,809.66172,
3559,NFCORE_RANGELAND:RANGELAND:PREPROCESSING:FORCE_PREPROCESS,1722122039000,1722122100000,6,192.5,,38654705664.0,,,0.5406835361301063,0.5406835361301063,0.0,809.66172,
3558,NFCORE_RANGELAND:RANGELAND:PREPROCESSING:FORCE_PREPROCESS,1722122048000,1722122100000,6,191.6,,38654705664.0,,,0.5480324672789167,0.5480324672789167,0.0,809.66172,
3553,NFCORE_RANGELAND:RANGELAND:PREPROCESSING:FORCE_PREPROCESS,1722122026000,1722122100000,6,180.1,,38654705664.0,,,0.6733910560069437,0.6733910560069437,0.0,809.66172,
3560,NFCORE_RANGELAND:RANGELAND:PREPROCESSING:FORCE_PREPROCESS,1722122060000,1722122100000,6,192.0,,38654705664.0,,,0.5404168116312,0.5404168116312,0.0,809.66172,
3561,NFCORE_RANGELAND:RANGELAND:PREPROCESSING:FORCE_PREPROCESS,1722122068000,1722122100000,6,189.0,,38654705664.0,,,0.5349119975027062,0.5349119975027062,0.0,809.66172,
3562,NFCORE_RANGELAND:RANGELAND:PREPROCESSING:FORCE_PREPROCESS,1722122074000,1722122100000,6,190.6,,38654705664.0,,,0.5240273748303708,0.5240273748303708,0.0,809.66172,
3563,NFCORE_RANGELAND:RANGELAND:PREPROCESSING:FORCE_PREPROCESS,1722122087000,1722122100000,6,190.1,,38654705664.0,,,0.5315858200058583,0.5315858200058583,0.0,809.66172,
3548,NFCORE_RANGELAND:RANGELAND:PREPROCESSING:FORCE_PREPROCESS,1722122034000,1722122100000,6,148.9,,38654705664.0,,,1.3947982569208626,1.3947982569208626,0.0,809.66172,
3567,NFCORE_RANGELAND:RANGELAND:PREPROCESSING:FORCE_PREPROCESS,1722122140000,1722122172000,6,173.3,,38654705664.0,,,0.12300088472396666,0.12300088472396666,0.0,809.66172,
3557,NFCORE_RANGELAND:RANGELAND:PREPROCESSING:FORCE_PREPROCESS,1722122101000,1722122242000,6,191.4,,38654705664.0,,,0.5518379757593063,0.5518379757593063,0.0,809.66172,
2225,NFCORE_RANGELAND:RANGELAND:PREPROCESSING:FORCE_PREPROCESS,1722122117000,1722122251000,6,189.1,,38654705664.0,,,0.5232503947683395,0.5232503947683395,0.0,809.66172,
2521,NFCORE_RANGELAND:RANGELAND:PREPROCESSING:FORCE_PREPROCESS,1722122104000,1722122252000,6,192.1,,38654705664.0,,,0.5796346606274291,0.5796346606274291,0.0,809.66172,
2124,NFCORE_RANGELAND:RANGELAND:PREPROCESSING:FORCE_PREPROCESS,1722122115000,1722122266000,6,184.0,,38654705664.0,,,0.5866560301953166,0.5866560301953166,0.0,809.66172,
2253,NFCORE_RANGELAND:RANGELAND:PREPROCESSING:FORCE_PREPROCESS,1722122135000,1722122265000,6,189.8,,38654705664.0,,,0.5079827470918957,0.5079827470918957,0.0,809.66172,
3568,NFCORE_RANGELAND:RANGELAND:PREPROCESSING:FORCE_PREPROCESS,1722122158000,1722122302000,6,188.1,,38654705664.0,,,0.5617422892588501,0.5617422892588501,0.0,809.66172,
3570,NFCORE_RANGELAND:RANGELAND:PREPROCESSING:FORCE_PREPROCESS,1722122179000,1722122315000,6,190.5,,38654705664.0,,,0.5317961071470251,0.5317961071470251,0.0,809.66172,
3573,NFCORE_RANGELAND:RANGELAND:PREPROCESSING:FORCE_PREPROCESS,1722122190000,1722122338000,6,190.5,,38654705664.0,,,0.5787192930717625,0.5787192930717625,0.0,809.66172,
3571,NFCORE_RANGELAND:RANGELAND:PREPROCESSING:FORCE_PREPROCESS,1722122246000,1722122390000,6,192.2,,38654705664.0,,,0.5640245232321,0.5640245232321,0.0,809.66172,
3572,NFCORE_RANGELAND:RANGELAND:PREPROCESSING:FORCE_PREPROCESS,1722122180000,1722122348000,6,191.6,,38654705664.0,,,0.6576389607347001,0.6576389607347001,0.0,809.66172,
3574,NFCORE_RANGELAND:RANGELAND:PREPROCESSING:FORCE_PREPROCESS,1722122200000,1722122340000,6,191.8,,38654705664.0,,,0.5481407033074583,0.5481407033074583,0.0,809.66172,
3579,NFCORE_RANGELAND:RANGELAND:PREPROCESSING:FORCE_PREPROCESS,1722122207000,1722122343000,6,190.4,,38654705664.0,,,0.5317435353617334,0.5317435353617334,0.0,809.66172,
3576,NFCORE_RANGELAND:RANGELAND:PREPROCESSING:FORCE_PREPROCESS,1722122211000,1722122353000,6,190.5,,38654705664.0,,,0.5552577001093937,0.5552577001093937,0.0,809.66172,
3577,NFCORE_RANGELAND:RANGELAND:PREPROCESSING:FORCE_PREPROCESS,1722122225000,1722122381000,6,187.3,,38654705664.0,,,0.6080717232555876,0.6080717232555876,0.0,809.66172,
3578,NFCORE_RANGELAND:RANGELAND:PREPROCESSING:FORCE_PREPROCESS,1722122253000,1722122388000,6,191.6,,38654705664.0,,,0.5284598791618125,0.5284598791618125,0.0,809.66172,
3582,NFCORE_RANGELAND:RANGELAND:PREPROCESSING:FORCE_PREPROCESS,1722122255000,1722122390000,6,190.9,,38654705664.0,,,0.5280945825654844,0.5280945825654844,0.0,809.66172,
3566,NFCORE_RANGELAND:RANGELAND:PREPROCESSING:FORCE_PREPROCESS,1722122204000,1722122400000,6,183.4,,38654705664.0,,,0.7804468057989313,0.7804468057989313,0.0,809.66172,
3581,NFCORE_RANGELAND:RANGELAND:PREPROCESSING:FORCE_PREPROCESS,1722122267000,1722122400000,6,191.3,,38654705664.0,,,0.5283033234776718,0.5283033234776718,0.0,809.66172,
3583,NFCORE_RANGELAND:RANGELAND:PREPROCESSING:FORCE_PREPROCESS,1722122270000,1722122400000,6,192.0,,38654705664.0,,,0.5482489393359998,0.5482489393359998,0.0,809.66172,
3565,NFCORE_RANGELAND:RANGELAND:PREPROCESSING:FORCE_PREPROCESS,1722122304000,1722122400000,6,190.3,,38654705664.0,,,0.5434194407141574,0.5434194407141574,0.0,809.66172,
3569,NFCORE_RANGELAND:RANGELAND:PREPROCESSING:FORCE_PREPROCESS,1722122174000,1722122400000,6,148.1,,38654705664.0,,,1.0602213578080177,1.0602213578080177,0.0,809.66172,
3564,NFCORE_RANGELAND:RANGELAND:PREPROCESSING:FORCE_PREPROCESS,1722122318000,1722122400000,6,189.5,,38654705664.0,,,0.56252158866435,0.56252158866435,0.0,809.66172,
2100,NFCORE_RANGELAND:RANGELAND:PREPROCESSING:FORCE_PREPROCESS,1722122341000,1722122400000,6,188.5,,38654705664.0,,,0.5034269309993656,0.5034269309993656,0.0,809.66172,
3587,NFCORE_RANGELAND:RANGELAND:PREPROCESSING:FORCE_PREPROCESS,1722122343000,1722122400000,6,188.0,,38654705664.0,,,0.5772890312660333,0.5772890312660333,0.0,809.66172,
3588,NFCORE_RANGELAND:RANGELAND:PREPROCESSING:FORCE_PREPROCESS,1722122393000,1722122400000,6,191.6,,38654705664.0,,,0.5636905377726,0.5636905377726,0.0,809.66172,
3590,NFCORE_RANGELAND:RANGELAND:PREPROCESSING:FORCE_PREPROCESS,1722122351000,1722122400000,6,191.2,,38654705664.0,,,0.5478159952218333,0.5478159952218333,0.0,809.66172,
3591,NFCORE_RANGELAND:RANGELAND:PREPROCESSING:FORCE_PREPROCESS,1722122355000,1722122400000,6,190.2,,38654705664.0,,,0.5590021325451062,0.5590021325451062,0.0,809.66172,
3595,NFCORE_RANGELAND:RANGELAND:PREPROCESSING:FORCE_PREPROCESS,1722122393000,1722122400000,6,188.5,,38654705664.0,,,0.5307446714411916,0.5307446714411916,0.0,809.66172,
3593,NFCORE_RANGELAND:RANGELAND:PREPROCESSING:FORCE_PREPROCESS,1722122390000,1722122400000,6,159.8,,38654705664.0,,,0.8000260005307646,0.8000260005307646,0.0,809.66172,
3592,NFCORE_RANGELAND:RANGELAND:PREPROCESSING:FORCE_PREPROCESS,1722122383000,1722122400000,6,157.3,,38654705664.0,,,0.9568279075796949,0.9568279075796949,0.0,809.66172,
3586,NFCORE_RANGELAND:RANGELAND:PREPROCESSING:FORCE_PREPROCESS,1722122345000,1722122400000,6,144.8,,38654705664.0,,,1.3590336151604332,1.3590336151604332,0.0,809.66172,
3589,NFCORE_RANGELAND:RANGELAND:PREPROCESSING:FORCE_PREPROCESS,1722122409000,1722122555000,6,190.4,,38654705664.0,,,0.5708423247265666,0.5708423247265666,0.0,809.66172,
3584,NFCORE_RANGELAND:RANGELAND:PREPROCESSING:FORCE_PREPROCESS,1722122404000,1722122540000,6,191.4,,38654705664.0,,,0.53226925321465,0.53226925321465,0.0,809.66172,
3596,NFCORE_RANGELAND:RANGELAND:PREPROCESSING:FORCE_PREPROCESS,1722122408000,1722122544000,6,190.8,,38654705664.0,,,0.5319538225029,0.5319538225029,0.0,809.66172,
3597,NFCORE_RANGELAND:RANGELAND:PREPROCESSING:FORCE_PREPROCESS,1722122413000,1722122559000,6,189.5,,38654705664.0,,,0.5703343885069103,0.5703343885069103,0.0,809.66172,
3598,NFCORE_RANGELAND:RANGELAND:PREPROCESSING:FORCE_PREPROCESS,1722122445000,1722122581000,6,191.4,,38654705664.0,,,0.53226925321465,0.53226925321465,0.0,809.66172,
3599,NFCORE_RANGELAND:RANGELAND:PREPROCESSING:FORCE_PREPROCESS,1722122459000,1722122592000,6,189.5,,38654705664.0,,,0.5195511895302677,0.5195511895302677,0.0,809.66172,
3600,NFCORE_RANGELAND:RANGELAND:PREPROCESSING:FORCE_PREPROCESS,1722122464000,1722122613000,6,184.4,,38654705664.0,,,0.5791161397675791,0.5791161397675791,0.0,809.66172,
3602,NFCORE_RANGELAND:RANGELAND:PREPROCESSING:FORCE_PREPROCESS,1722122493000,1722122634000,6,192.0,,38654705664.0,,,0.5521650031884,0.5521650031884,0.0,809.66172,
3605,NFCORE_RANGELAND:RANGELAND:PREPROCESSING:FORCE_PREPROCESS,1722122495000,1722122633000,6,191.3,,38654705664.0,,,0.5400433973327312,0.5400433973327312,0.0,809.66172,
3601,NFCORE_RANGELAND:RANGELAND:PREPROCESSING:FORCE_PREPROCESS,1722122472000,1722122637000,6,176.1,,38654705664.0,,,0.6360092063288905,0.6360092063288905,0.0,809.66172,
3607,NFCORE_RANGELAND:RANGELAND:PREPROCESSING:FORCE_PREPROCESS,1722122501000,1722122661000,6,188.4,,38654705664.0,,,0.6243436466539999,0.6243436466539999,0.0,809.66172,
3608,NFCORE_RANGELAND:RANGELAND:PREPROCESSING:FORCE_PREPROCESS,1722122531000,1722122660000,6,189.5,,38654705664.0,,,0.5039255898451469,0.5039255898451469,0.0,809.66172,
2247,NFCORE_RANGELAND:RANGELAND:PREPROCESSING:FORCE_PREPROCESS,1722122542000,1722122676000,6,184.1,,38654705664.0,,,0.5206604612282353,0.5206604612282353,0.0,809.66172,
3610,NFCORE_RANGELAND:RANGELAND:PREPROCESSING:FORCE_PREPROCESS,1722122546000,1722122688000,6,187.3,,38654705664.0,,,0.5535011839890603,0.5535011839890603,0.0,809.66172,
3609,NFCORE_RANGELAND:RANGELAND:PREPROCESSING:FORCE_PREPROCESS,1722122562000,1722122700000,6,189.7,,38654705664.0,,,0.5430970519720011,0.5430970519720011,0.0,809.66172,
3604,NFCORE_RANGELAND:RANGELAND:PREPROCESSING:FORCE_PREPROCESS,1722122558000,1722122700000,6,170.3,,38654705664.0,,,0.7664361860560417,0.7664361860560417,0.0,809.66172,
2240,NFCORE_RANGELAND:RANGELAND:PREPROCESSING:FORCE_PREPROCESS,1722122594000,1722122700000,6,189.7,,38654705664.0,,,0.4962109755427635,0.4962109755427635,0.0,809.66172,
3611,NFCORE_RANGELAND:RANGELAND:PREPROCESSING:FORCE_PREPROCESS,1722122584000,1722122700000,6,190.3,,38654705664.0,,,0.5434194407141574,0.5434194407141574,0.0,809.66172,
3612,NFCORE_RANGELAND:RANGELAND:PREPROCESSING:FORCE_PREPROCESS,1722122603000,1722122700000,6,189.9,,38654705664.0,,,0.5353886225855343,0.5353886225855343,0.0,809.66172,
3613,NFCORE_RANGELAND:RANGELAND:PREPROCESSING:FORCE_PREPROCESS,1722122616000,1722122700000,6,190.8,,38654705664.0,,,0.5593337986611375,0.5593337986611375,0.0,809.66172,
3614,NFCORE_RANGELAND:RANGELAND:PREPROCESSING:FORCE_PREPROCESS,1722122635000,1722122700000,6,191.1,,38654705664.0,,,0.5829751407423343,0.5829751407423343,0.0,809.66172,
3616,NFCORE_RANGELAND:RANGELAND:PREPROCESSING:FORCE_PREPROCESS,1722122640000,1722122700000,6,187.8,,38654705664.0,,,0.5381763258403875,0.5381763258403875,0.0,809.66172,
3618,NFCORE_RANGELAND:RANGELAND:PREPROCESSING:FORCE_PREPROCESS,1722122641000,1722122700000,6,192.3,,38654705664.0,,,0.5405768463305438,0.5405768463305438,0.0,809.66172,
3617,NFCORE_RANGELAND:RANGELAND:PREPROCESSING:FORCE_PREPROCESS,1722122663000,1722122700000,6,189.9,,38654705664.0,,,0.5158488918342374,0.5158488918342374,0.0,809.66172,
3620,NFCORE_RANGELAND:RANGELAND:PREPROCESSING:FORCE_PREPROCESS,1722122666000,1722122700000,6,190.5,,38654705664.0,,,0.5278858416532969,0.5278858416532969,0.0,809.66172,
3621,NFCORE_RANGELAND:RANGELAND:PREPROCESSING:FORCE_PREPROCESS,1722122679000,1722122700000,6,191.0,,38654705664.0,,,0.5359711643534354,0.5359711643534354,0.0,809.66172,
3622,NFCORE_RANGELAND:RANGELAND:PREPROCESSING:FORCE_PREPROCESS,1722122691000,1722122700000,6,191.2,,38654705664.0,,,0.5321641096440667,0.5321641096440667,0.0,809.66172,
3606,NFCORE_RANGELAND:RANGELAND:PREPROCESSING:FORCE_PREPROCESS,1722122541000,1722122700000,6,138.7,,38654705664.0,,,1.2799599501194843,1.2799599501194843,0.0,809.66172,
3619,NFCORE_RANGELAND:RANGELAND:PREPROCESSING:FORCE_PREPROCESS,1722122637000,1722122700000,6,145.7,,38654705664.0,,,1.2706098683408957,1.2706098683408957,0.0,809.66172,
3623,NFCORE_RANGELAND:RANGELAND:PREPROCESSING:FORCE_PREPROCESS,1722122703000,1722122840000,6,192.1,,38654705664.0,,,0.5365537061213366,0.5365537061213366,0.0,809.66172,
3624,NFCORE_RANGELAND:RANGELAND:PREPROCESSING:FORCE_PREPROCESS,1722122711000,1722122846000,6,191.8,,38654705664.0,,,0.5285642496179062,0.5285642496179062,0.0,809.66172,
2245,NFCORE_RANGELAND:RANGELAND:PREPROCESSING:FORCE_PREPROCESS,1722122726000,1722122878000,6,189.2,,38654705664.0,,,0.5935965179309667,0.5935965179309667,0.0,809.66172,
2249,NFCORE_RANGELAND:RANGELAND:PREPROCESSING:FORCE_PREPROCESS,1722122743000,1722122874000,6,188.5,,38654705664.0,,,0.5112319996970301,0.5112319996970301,0.0,809.66172,
3625,NFCORE_RANGELAND:RANGELAND:PREPROCESSING:FORCE_PREPROCESS,1722122761000,1722122927000,6,180.6,,38654705664.0,,,0.6427513901979625,0.6427513901979625,0.0,809.66172,
3626,NFCORE_RANGELAND:RANGELAND:PREPROCESSING:FORCE_PREPROCESS,1722122724000,1722122884000,6,180.0,,38654705664.0,,,0.619148317284,0.619148317284,0.0,809.66172,
2250,NFCORE_RANGELAND:RANGELAND:PREPROCESSING:FORCE_PREPROCESS,1722122762000,1722122898000,6,187.8,,38654705664.0,,,0.5303766689441501,0.5303766689441501,0.0,809.66172,
2255,NFCORE_RANGELAND:RANGELAND:PREPROCESSING:FORCE_PREPROCESS,1722122781000,1722122914000,6,188.8,,38654705664.0,,,0.5191913047353667,0.5191913047353667,0.0,809.66172,
3488,NFCORE_RANGELAND:RANGELAND:PREPROCESSING:FORCE_PREPROCESS,1722122781000,1722122924000,6,189.8,,38654705664.0,,,0.5587810218010854,0.5587810218010854,0.0,809.66172,
3634,NFCORE_RANGELAND:RANGELAND:PREPROCESSING:FORCE_PREPROCESS,1722122803000,1722122937000,6,191.5,,38654705664.0,,,0.5244935628675895,0.5244935628675895,0.0,809.66172,
3631,NFCORE_RANGELAND:RANGELAND:PREPROCESSING:FORCE_PREPROCESS,1722122786000,1722122951000,6,177.0,,38654705664.0,,,0.6365832438374062,0.6365832438374062,0.0,809.66172,
3632,NFCORE_RANGELAND:RANGELAND:PREPROCESSING:FORCE_PREPROCESS,1722122797000,1722122957000,6,184.4,,38654705664.0,,,0.6218696802873332,0.6218696802873332,0.0,809.66172,
3633,NFCORE_RANGELAND:RANGELAND:PREPROCESSING:FORCE_PREPROCESS,1722122818000,1722122951000,6,192.5,,38654705664.0,,,0.5210935529369864,0.5210935529369864,0.0,809.66172,
3635,NFCORE_RANGELAND:RANGELAND:PREPROCESSING:FORCE_PREPROCESS,1722122829000,1722122965000,6,188.6,,38654705664.0,,,0.5307972432264834,0.5307972432264834,0.0,809.66172,
3639,NFCORE_RANGELAND:RANGELAND:PREPROCESSING:FORCE_PREPROCESS,1722122849000,1722122985000,6,191.3,,38654705664.0,,,0.5322166814293584,0.5322166814293584,0.0,809.66172,
2567,NFCORE_RANGELAND:RANGELAND:PREPROCESSING:FORCE_PREPROCESS,1722122889000,1722123000000,6,191.6,,38654705664.0,,,0.5837631315021075,0.5837631315021075,0.0,811.022496,
3636,NFCORE_RANGELAND:RANGELAND:PREPROCESSING:FORCE_PREPROCESS,1722122842000,1722123000000,6,179.1,,38654705664.0,,,0.6845639571494756,0.6845639571494756,0.0,811.022496,
3641,NFCORE_RANGELAND:RANGELAND:PREPROCESSING:FORCE_PREPROCESS,1722122881000,1722123000000,6,192.4,,38654705664.0,,,0.5330188345007882,0.5330188345007882,0.0,811.022496,
3637,NFCORE_RANGELAND:RANGELAND:PREPROCESSING:FORCE_PREPROCESS,1722122887000,1722123000000,6,190.6,,38654705664.0,,,0.5243034208574984,0.5243034208574984,0.0,811.022496,
3640,NFCORE_RANGELAND:RANGELAND:PREPROCESSING:FORCE_PREPROCESS,1722122876000,1722123000000,6,185.3,,38654705664.0,,,0.6189938246165989,0.6189938246165989,0.0,811.022496,
3642,NFCORE_RANGELAND:RANGELAND:PREPROCESSING:FORCE_PREPROCESS,1722122930000,1722123000000,6,188.6,,38654705664.0,,,0.5825716208931496,0.5825716208931496,0.0,811.022496,
3630,NFCORE_RANGELAND:RANGELAND:PREPROCESSING:FORCE_PREPROCESS,1722122901000,1722123000000,6,189.9,,38654705664.0,,,0.5672564456461369,0.5672564456461369,0.0,811.022496,
2117,NFCORE_RANGELAND:RANGELAND:PREPROCESSING:FORCE_PREPROCESS,1722122917000,1722123000000,6,187.9,,38654705664.0,,,0.5154707690618121,0.5154707690618121,0.0,811.022496,
2129,NFCORE_RANGELAND:RANGELAND:PREPROCESSING:FORCE_PREPROCESS,1722122940000,1722123000000,6,188.7,,38654705664.0,,,0.5122648233418743,0.5122648233418743,0.0,811.022496,
3649,NFCORE_RANGELAND:RANGELAND:PREPROCESSING:FORCE_PREPROCESS,1722122960000,1722123000000,6,191.7,,38654705664.0,,,0.5258341383368662,0.5258341383368662,0.0,811.022496,
3627,NFCORE_RANGELAND:RANGELAND:PREPROCESSING:FORCE_PREPROCESS,1722122954000,1722123000000,6,185.2,,38654705664.0,,,0.5770207762012467,0.5770207762012467,0.0,811.022496,
3651,NFCORE_RANGELAND:RANGELAND:PREPROCESSING:FORCE_PREPROCESS,1722122979000,1722123000000,6,190.0,,38654705664.0,,,0.5369655022526776,0.5369655022526776,0.0,811.022496,
3652,NFCORE_RANGELAND:RANGELAND:PREPROCESSING:FORCE_PREPROCESS,1722122987000,1722123000000,6,191.1,,38654705664.0,,,0.5298034415934707,0.5298034415934707,0.0,811.022496,
2298,NFCORE_RANGELAND:RANGELAND:PREPROCESSING:FORCE_PREPROCESS,1722122954000,1722123000000,6,174.1,,38654705664.0,,,0.6825899246001035,0.6825899246001035,0.0,811.022496,
2572,NFCORE_RANGELAND:RANGELAND:PREPROCESSING:FORCE_PREPROCESS,1722122927000,1722123000000,6,194.8,,38654705664.0,,,0.8894961070072867,0.8894961070072867,0.0,811.022496,
3650,NFCORE_RANGELAND:RANGELAND:PREPROCESSING:FORCE_PREPROCESS,1722122967000,1722123000000,6,162.2,,38654705664.0,,,0.8423941185417139,0.8423941185417139,0.0,811.022496,
3653,NFCORE_RANGELAND:RANGELAND:PREPROCESSING:FORCE_PREPROCESS,1722123041000,1722123182000,6,190.9,,38654705664.0,,,0.5534194544240869,0.5534194544240869,0.0,812.383272,
3654,NFCORE_RANGELAND:RANGELAND:PREPROCESSING:FORCE_PREPROCESS,1722123020000,1722123164000,6,190.5,,38654705664.0,,,0.5649709310333101,0.5649709310333101,0.0,812.383272,
3658,NFCORE_RANGELAND:RANGELAND:PREPROCESSING:FORCE_PREPROCESS,1722123022000,1722123166000,6,191.8,,38654705664.0,,,0.5656969985826601,0.5656969985826601,0.0,812.383272,
3669,NFCORE_RANGELAND:RANGELAND:PREPROCESSING:FORCE_PREPROCESS,1722123185000,1722123221000,6,172.2,,38654705664.0,,,0.13868753349811502,0.13868753349811502,0.0,812.383272,
3655,NFCORE_RANGELAND:RANGELAND:PREPROCESSING:FORCE_PREPROCESS,1722123039000,1722123179000,6,190.2,,38654705664.0,,,0.5491143942894752,0.5491143942894752,0.0,812.383272,
3659,NFCORE_RANGELAND:RANGELAND:PREPROCESSING:FORCE_PREPROCESS,1722123082000,1722123225000,6,190.2,,38654705664.0,,,0.5608811313099638,0.5608811313099638,0.0,812.383272,
3660,NFCORE_RANGELAND:RANGELAND:PREPROCESSING:FORCE_PREPROCESS,1722123049000,1722123190000,6,189.5,,38654705664.0,,,0.5526538255018557,0.5526538255018557,0.0,812.383272,
3274,NFCORE_RANGELAND:RANGELAND:PREPROCESSING:FORCE_PREPROCESS,1722123052000,1722123195000,6,191.2,,38654705664.0,,,0.561435766243495,0.561435766243495,0.0,812.383272,
3656,NFCORE_RANGELAND:RANGELAND:PREPROCESSING:FORCE_PREPROCESS,1722123025000,1722123238000,6,158.8,,38654705664.0,,,0.8094977035425076,0.8094977035425076,0.0,812.383272,
2408,NFCORE_RANGELAND:RANGELAND:PREPROCESSING:FORCE_PREPROCESS,1722123096000,1722123247000,6,179.4,,38654705664.0,,,0.5859339313160963,0.5859339313160963,0.0,812.383272,
3663,NFCORE_RANGELAND:RANGELAND:PREPROCESSING:FORCE_PREPROCESS,1722123104000,1722123259000,6,183.3,,38654705664.0,,,0.6037999530883407,0.6037999530883407,0.0,812.383272,
3664,NFCORE_RANGELAND:RANGELAND:PREPROCESSING:FORCE_PREPROCESS,1722123118000,1722123260000,6,190.1,,38654705664.0,,,0.5569038099997112,0.5569038099997112,0.0,812.383272,
3667,NFCORE_RANGELAND:RANGELAND:PREPROCESSING:FORCE_PREPROCESS,1722123124000,1722123259000,6,191.5,,38654705664.0,,,0.5301838542495093,0.5301838542495093,0.0,812.383272,
2407,NFCORE_RANGELAND:RANGELAND:PREPROCESSING:FORCE_PREPROCESS,1722123073000,1722123256000,6,166.8,,38654705664.0,,,0.7011621630584325,0.7011621630584325,0.0,812.383272,
3668,NFCORE_RANGELAND:RANGELAND:PREPROCESSING:FORCE_PREPROCESS,1722123133000,1722123279000,6,189.0,,38654705664.0,,,0.5719683435727275,0.5719683435727275,0.0,812.383272,
3670,NFCORE_RANGELAND:RANGELAND:PREPROCESSING:FORCE_PREPROCESS,1722123155000,1722123294000,6,190.1,,38654705664.0,,,0.5451382365490133,0.5451382365490133,0.0,812.383272,
2191,NFCORE_RANGELAND:RANGELAND:PREPROCESSING:FORCE_PREPROCESS,1722123166000,1722123298000,6,189.0,,38654705664.0,,,0.517122064052055,0.517122064052055,0.0,812.383272,
3674,NFCORE_RANGELAND:RANGELAND:PREPROCESSING:FORCE_PREPROCESS,1722123181000,1722123300000,6,192.2,,38654705664.0,,,0.5382918917975262,0.5382918917975262,0.0,811.702884,
3673,NFCORE_RANGELAND:RANGELAND:PREPROCESSING:FORCE_PREPROCESS,1722123169000,1722123300000,6,185.7,,38654705664.0,,,0.6245770602423482,0.6245770602423482,0.0,811.702884,
3675,NFCORE_RANGELAND:RANGELAND:PREPROCESSING:FORCE_PREPROCESS,1722123229000,1722123300000,6,191.2,,38654705664.0,,,0.5570427160057017,0.5570427160057017,0.0,811.702884,
3676,NFCORE_RANGELAND:RANGELAND:PREPROCESSING:FORCE_PREPROCESS,1722123193000,1722123300000,6,191.8,,38654705664.0,,,0.5419223003707772,0.5419223003707772,0.0,811.702884,
3677,NFCORE_RANGELAND:RANGELAND:PREPROCESSING:FORCE_PREPROCESS,1722123197000,1722123300000,6,188.3,,38654705664.0,,,0.5517483840274978,0.5517483840274978,0.0,811.702884,
2995,NFCORE_RANGELAND:RANGELAND:PREPROCESSING:FORCE_PREPROCESS,1722123191000,1722123300000,6,195.6,,38654705664.0,,,0.5636515896702776,0.5636515896702776,0.0,811.702884,
3671,NFCORE_RANGELAND:RANGELAND:PREPROCESSING:FORCE_PREPROCESS,1722123224000,1722123300000,6,179.3,,38654705664.0,,,0.6783512162812451,0.6783512162812451,0.0,811.702884,
3679,NFCORE_RANGELAND:RANGELAND:PREPROCESSING:FORCE_PREPROCESS,1722123249000,1722123300000,6,189.8,,38654705664.0,,,0.5365703217278497,0.5365703217278497,0.0,811.702884,
3680,NFCORE_RANGELAND:RANGELAND:PREPROCESSING:FORCE_PREPROCESS,1722123259000,1722123300000,6,191.6,,38654705664.0,,,0.5335388835404359,0.5335388835404359,0.0,811.702884,
3684,NFCORE_RANGELAND:RANGELAND:PREPROCESSING:FORCE_PREPROCESS,1722123262000,1722123300000,6,190.7,,38654705664.0,,,0.529127371234133,0.529127371234133,0.0,811.702884,
3681,NFCORE_RANGELAND:RANGELAND:PREPROCESSING:FORCE_PREPROCESS,1722123263000,1722123300000,6,192.0,,38654705664.0,,,0.6200215045636001,0.6200215045636001,0.0,811.702884,
3685,NFCORE_RANGELAND:RANGELAND:PREPROCESSING:FORCE_PREPROCESS,1722123297000,1722123300000,6,188.2,,38654705664.0,,,0.5549459593213146,0.5549459593213146,0.0,811.702884,
2207,NFCORE_RANGELAND:RANGELAND:PREPROCESSING:FORCE_PREPROCESS,1722123261000,1722123300000,6,181.4,,38654705664.0,,,0.7144686805390705,0.7144686805390705,0.0,811.702884,
3683,NFCORE_RANGELAND:RANGELAND:PREPROCESSING:FORCE_PREPROCESS,1722123282000,1722123300000,6,164.6,,38654705664.0,,,0.935170205079181,0.935170205079181,0.0,811.702884,
3678,NFCORE_RANGELAND:RANGELAND:PREPROCESSING:FORCE_PREPROCESS,1722123240000,1722123300000,6,149.4,,38654705664.0,,,1.46212177252908,1.46212177252908,0.0,811.36269,
3686,NFCORE_RANGELAND:RANGELAND:PREPROCESSING:FORCE_PREPROCESS,1722123301000,1722123425000,6,189.5,,38654705664.0,,,0.4852076971130967,0.4852076971130967,0.0,811.022496,
3688,NFCORE_RANGELAND:RANGELAND:PREPROCESSING:FORCE_PREPROCESS,1722123374000,1722123516000,6,191.7,,38654705664.0,,,0.556850706921165,0.556850706921165,0.0,811.022496,
3690,NFCORE_RANGELAND:RANGELAND:PREPROCESSING:FORCE_PREPROCESS,1722123332000,1722123474000,6,191.8,,38654705664.0,,,0.5569056903039233,0.5569056903039233,0.0,811.022496,
3682,NFCORE_RANGELAND:RANGELAND:PREPROCESSING:FORCE_PREPROCESS,1722123340000,1722123484000,6,188.1,,38654705664.0,,,0.5626863939466801,0.5626863939466801,0.0,811.022496,
3687,NFCORE_RANGELAND:RANGELAND:PREPROCESSING:FORCE_PREPROCESS,1722123320000,1722123484000,6,187.4,,38654705664.0,,,0.6403927684497133,0.6403927684497133,0.0,811.022496,
3689,NFCORE_RANGELAND:RANGELAND:PREPROCESSING:FORCE_PREPROCESS,1722123334000,1722123504000,6,175.5,,38654705664.0,,,0.655988576165025,0.655988576165025,0.0,811.022496,
3693,NFCORE_RANGELAND:RANGELAND:PREPROCESSING:FORCE_PREPROCESS,1722123519000,1722123552000,6,171.7,,38654705664.0,,,0.1268534014238975,0.1268534014238975,0.0,811.022496,
3692,NFCORE_RANGELAND:RANGELAND:PREPROCESSING:FORCE_PREPROCESS,1722123397000,1722123532000,6,191.0,,38654705664.0,,,0.529034409420075,0.529034409420075,0.0,811.022496,
3699,NFCORE_RANGELAND:RANGELAND:PREPROCESSING:FORCE_PREPROCESS,1722123424000,1722123567000,6,188.7,,38654705664.0,,,0.5591110730823475,0.5591110730823475,0.0,811.022496,
3700,NFCORE_RANGELAND:RANGELAND:PREPROCESSING:FORCE_PREPROCESS,1722123432000,1722123570000,6,191.7,,38654705664.0,,,0.5411647715149351,0.5411647715149351,0.0,811.022496,
3701,NFCORE_RANGELAND:RANGELAND:PREPROCESSING:FORCE_PREPROCESS,1722123442000,1722123580000,6,191.0,,38654705664.0,,,0.54079072962941,0.54079072962941,0.0,811.022496,
3703,NFCORE_RANGELAND:RANGELAND:PREPROCESSING:FORCE_PREPROCESS,1722123476000,1722123600000,6,191.2,,38654705664.0,,,0.5644148856412801,0.5644148856412801,0.0,811.022496,
3702,NFCORE_RANGELAND:RANGELAND:PREPROCESSING:FORCE_PREPROCESS,1722123448000,1722123600000,6,174.0,,38654705664.0,,,0.7127954219154501,0.7127954219154501,0.0,811.022496,
3704,NFCORE_RANGELAND:RANGELAND:PREPROCESSING:FORCE_PREPROCESS,1722123486000,1722123600000,6,190.8,,38654705664.0,,,0.5524378574870701,0.5524378574870701,0.0,811.022496,
3705,NFCORE_RANGELAND:RANGELAND:PREPROCESSING:FORCE_PREPROCESS,1722123490000,1722123600000,6,189.9,,38654705664.0,,,0.5441174636505675,0.5441174636505675,0.0,811.022496,
3706,NFCORE_RANGELAND:RANGELAND:PREPROCESSING:FORCE_PREPROCESS,1722123507000,1722123600000,6,181.8,,38654705664.0,,,0.578589404592855,0.578589404592855,0.0,811.022496,
3707,NFCORE_RANGELAND:RANGELAND:PREPROCESSING:FORCE_PREPROCESS,1722123555000,1722123600000,6,190.0,,38654705664.0,,,0.5911501014194034,0.5911501014194034,0.0,811.022496,
3708,NFCORE_RANGELAND:RANGELAND:PREPROCESSING:FORCE_PREPROCESS,1722123535000,1722123600000,6,189.5,,38654705664.0,,,0.5478151419018833,0.5478151419018833,0.0,811.022496,
3709,NFCORE_RANGELAND:RANGELAND:PREPROCESSING:FORCE_PREPROCESS,1722123570000,1722123600000,6,191.2,,38654705664.0,,,0.5369780509226068,0.5369780509226068,0.0,811.022496,
2282,NFCORE_RANGELAND:RANGELAND:PREPROCESSING:FORCE_PREPROCESS,1722123388000,1722123600000,6,143.3,,38654705664.0,,,1.2135746031091044,1.2135746031091044,0.0,811.022496,
2544,NFCORE_RANGELAND:RANGELAND:PREPROCESSING:FORCE_PREPROCESS,1722123402000,1722123600000,6,144.5,,38654705664.0,,,1.3384625422028518,1.3384625422028518,0.0,811.022496,
3711,NFCORE_RANGELAND:RANGELAND:PREPROCESSING:FORCE_PREPROCESS,1722123573000,1722123600000,6,185.2,,38654705664.0,,,0.5844473102555,0.5844473102555,0.0,811.022496,
3712,NFCORE_RANGELAND:RANGELAND:PREPROCESSING:FORCE_PREPROCESS,1722123582000,1722123600000,6,191.5,,38654705664.0,,,0.541057902404785,0.541057902404785,0.0,811.022496,
3691,NFCORE_RANGELAND:RANGELAND:PREPROCESSING:FORCE_PREPROCESS,1722123337000,1722123600000,6,133.7,,38654705664.0,,,1.5083367656894602,1.5083367656894602,0.0,811.022496,
3694,NFCORE_RANGELAND:RANGELAND:PREPROCESSING:FORCE_PREPROCESS,1722123529000,1722123600000,6,158.3,,38654705664.0,,,1.224866627019731,1.224866627019731,0.0,811.022496,
3698,NFCORE_RANGELAND:RANGELAND:PREPROCESSING:FORCE_PREPROCESS,1722123400000,1722123600000,6,127.4,,38654705664.0,,,1.7113895674811368,1.7113895674811368,0.0,811.022496,
3714,NFCORE_RANGELAND:RANGELAND:PREPROCESSING:FORCE_PREPROCESS,1722123630000,1722123764000,6,189.0,,38654705664.0,,,0.52407792146913,0.52407792146913,0.0,811.022496,
3710,NFCORE_RANGELAND:RANGELAND:PREPROCESSING:FORCE_PREPROCESS,1722123633000,1722123774000,6,191.7,,38654705664.0,,,0.5529292230696076,0.5529292230696076,0.0,811.022496,
3713,NFCORE_RANGELAND:RANGELAND:PREPROCESSING:FORCE_PREPROCESS,1722123623000,1722123779000,6,183.0,,38654705664.0,,,0.6064963085134201,0.6064963085134201,0.0,811.022496,
3718,NFCORE_RANGELAND:RANGELAND:PREPROCESSING:FORCE_PREPROCESS,1722123637000,1722123775000,6,188.8,,38654705664.0,,,0.5396151694177601,0.5396151694177601,0.0,811.022496,
3719,NFCORE_RANGELAND:RANGELAND:PREPROCESSING:FORCE_PREPROCESS,1722123659000,1722123797000,6,191.2,,38654705664.0,,,0.54089759873956,0.54089759873956,0.0,811.022496,
3716,NFCORE_RANGELAND:RANGELAND:PREPROCESSING:FORCE_PREPROCESS,1722123708000,1722123862000,6,189.2,,38654705664.0,,,0.6024177664946467,0.6024177664946467,0.0,811.022496,
3721,NFCORE_RANGELAND:RANGELAND:PREPROCESSING:FORCE_PREPROCESS,1722123715000,1722123848000,6,191.8,,38654705664.0,,,0.5216088507776184,0.5216088507776184,0.0,811.022496,
3723,NFCORE_RANGELAND:RANGELAND:PREPROCESSING:FORCE_PREPROCESS,1722123762000,1722123900000,6,189.7,,38654705664.0,,,0.5556197057185776,0.5556197057185776,0.0,807.6205560000001,
3724,NFCORE_RANGELAND:RANGELAND:PREPROCESSING:FORCE_PREPROCESS,1722123722000,1722123861000,6,190.8,,38654705664.0,,,0.5446018595085301,0.5446018595085301,0.0,811.022496,
3725,NFCORE_RANGELAND:RANGELAND:PREPROCESSING:FORCE_PREPROCESS,1722123725000,1722123872000,6,188.2,,38654705664.0,,,0.574465946571265,0.574465946571265,0.0,811.022496,
3726,NFCORE_RANGELAND:RANGELAND:PREPROCESSING:FORCE_PREPROCESS,1722123747000,1722123900000,6,177.3,,38654705664.0,,,0.5952893818757458,0.5952893818757458,0.0,807.6205560000001,
3727,NFCORE_RANGELAND:RANGELAND:PREPROCESSING:FORCE_PREPROCESS,1722123766000,1722123900000,6,192.0,,38654705664.0,,,0.5373037054090399,0.5373037054090399,0.0,807.6205560000001,
3722,NFCORE_RANGELAND:RANGELAND:PREPROCESSING:FORCE_PREPROCESS,1722123777000,1722123900000,6,189.1,,38654705664.0,,,0.5315260594842919,0.5315260594842919,0.0,807.6205560000001,
3720,NFCORE_RANGELAND:RANGELAND:PREPROCESSING:FORCE_PREPROCESS,1722123709000,1722123900000,6,186.1,,38654705664.0,,,0.8415389458928274,0.8415389458928274,0.0,807.6205560000001,
3730,NFCORE_RANGELAND:RANGELAND:PREPROCESSING:FORCE_PREPROCESS,1722123785000,1722123900000,6,190.2,,38654705664.0,,,0.55902184232236,0.55902184232236,0.0,807.6205560000001,
3731,NFCORE_RANGELAND:RANGELAND:PREPROCESSING:FORCE_PREPROCESS,1722123799000,1722123900000,6,191.3,,38654705664.0,,,0.5513954239287159,0.5513954239287159,0.0,807.6205560000001,
3717,NFCORE_RANGELAND:RANGELAND:PREPROCESSING:FORCE_PREPROCESS,1722123678000,1722123900000,6,144.0,,38654705664.0,,,1.0333655753981401,1.0333655753981401,0.0,807.6205560000001,
3732,NFCORE_RANGELAND:RANGELAND:PREPROCESSING:FORCE_PREPROCESS,1722123864000,1722123900000,6,191.2,,38654705664.0,,,0.55309028607619,0.55309028607619,0.0,807.6205560000001,
2682,NFCORE_RANGELAND:RANGELAND:PREPROCESSING:FORCE_PREPROCESS,1722123850000,1722123900000,6,191.3,,38654705664.0,,,0.5419441711949791,0.5419441711949791,0.0,807.6205560000001,
3734,NFCORE_RANGELAND:RANGELAND:PREPROCESSING:FORCE_PREPROCESS,1722123854000,1722123900000,6,190.7,,38654705664.0,,,0.541491511775406,0.541491511775406,0.0,807.6205560000001,
3733,NFCORE_RANGELAND:RANGELAND:PREPROCESSING:FORCE_PREPROCESS,1722123863000,1722123900000,6,189.1,,38654705664.0,,,0.544218474679099,0.544218474679099,0.0,807.6205560000001,
3737,NFCORE_RANGELAND:RANGELAND:PREPROCESSING:FORCE_PREPROCESS,1722123875000,1722123900000,6,192.1,,38654705664.0,,,0.5298792847509503,0.5298792847509503,0.0,807.6205560000001,
3736,NFCORE_RANGELAND:RANGELAND:PREPROCESSING:FORCE_PREPROCESS,1722123868000,1722123900000,6,176.6,,38654705664.0,,,0.7250219173301823,0.7250219173301823,0.0,807.6205560000001,
3715,NFCORE_RANGELAND:RANGELAND:PREPROCESSING:FORCE_PREPROCESS,1722123632000,1722123900000,6,128.0,,38654705664.0,,,1.7537400798383467,1.7537400798383467,0.0,807.6205560000001,
3729,NFCORE_RANGELAND:RANGELAND:PREPROCESSING:FORCE_PREPROCESS,1722123780000,1722123900000,6,147.0,,38654705664.0,,,1.4124998945780365,1.4124998945780365,0.0,807.6205560000001,
3735,NFCORE_RANGELAND:RANGELAND:PREPROCESSING:FORCE_PREPROCESS,1722123906000,1722124050000,6,188.8,,38654705664.0,,,0.55835290071648,0.55835290071648,0.0,804.218616,
3739,NFCORE_RANGELAND:RANGELAND:PREPROCESSING:FORCE_PREPROCESS,1722123905000,1722124043000,6,191.2,,38654705664.0,,,0.53635986720651,0.53635986720651,0.0,804.218616,
3741,NFCORE_RANGELAND:RANGELAND:PREPROCESSING:FORCE_PREPROCESS,1722123928000,1722124066000,6,192.2,,38654705664.0,,,0.5368897299925726,0.5368897299925726,0.0,804.218616,
3743,NFCORE_RANGELAND:RANGELAND:PREPROCESSING:FORCE_PREPROCESS,1722123930000,1722124069000,6,192.1,,38654705664.0,,,0.5407268650452269,0.5407268650452269,0.0,804.218616,
3742,NFCORE_RANGELAND:RANGELAND:PREPROCESSING:FORCE_PREPROCESS,1722123942000,1722124082000,6,191.2,,38654705664.0,,,0.5441331986153001,0.5441331986153001,0.0,804.218616,
3744,NFCORE_RANGELAND:RANGELAND:PREPROCESSING:FORCE_PREPROCESS,1722123957000,1722124093000,6,188.0,,38654705664.0,,,0.5269155482289202,0.5269155482289202,0.0,804.218616,
3745,NFCORE_RANGELAND:RANGELAND:PREPROCESSING:FORCE_PREPROCESS,1722124008000,1722124153000,6,189.9,,38654705664.0,,,0.5628427652881969,0.5628427652881969,0.0,804.218616,
3746,NFCORE_RANGELAND:RANGELAND:PREPROCESSING:FORCE_PREPROCESS,1722123991000,1722124124000,6,190.1,,38654705664.0,,,0.5163648073396007,0.5163648073396007,0.0,804.218616,
3747,NFCORE_RANGELAND:RANGELAND:PREPROCESSING:FORCE_PREPROCESS,1722123996000,1722124136000,6,191.6,,38654705664.0,,,0.5443482153980501,0.5443482153980501,0.0,804.218616,
3748,NFCORE_RANGELAND:RANGELAND:PREPROCESSING:FORCE_PREPROCESS,1722124006000,1722124144000,6,191.9,,38654705664.0,,,0.5367307711567537,0.5367307711567537,0.0,804.218616,
3750,NFCORE_RANGELAND:RANGELAND:PREPROCESSING:FORCE_PREPROCESS,1722124013000,1722124150000,6,188.8,,38654705664.0,,,0.5312107458205401,0.5312107458205401,0.0,804.218616,
3751,NFCORE_RANGELAND:RANGELAND:PREPROCESSING:FORCE_PREPROCESS,1722124045000,1722124186000,6,191.1,,38654705664.0,,,0.5479657261654669,0.5479657261654669,0.0,804.218616,
3752,NFCORE_RANGELAND:RANGELAND:PREPROCESSING:FORCE_PREPROCESS,1722124060000,1722124198000,6,189.2,,38654705664.0,,,0.535300141634385,0.535300141634385,0.0,804.218616,
3740,NFCORE_RANGELAND:RANGELAND:PREPROCESSING:FORCE_PREPROCESS,1722123915000,1722124200000,6,156.2,,38654705664.0,,,1.099688995244917,1.099688995244917,0.0,807.847352,
3749,NFCORE_RANGELAND:RANGELAND:PREPROCESSING:FORCE_PREPROCESS,1722124054000,1722124200000,6,186.7,,38654705664.0,,,0.7406243507843231,0.7406243507843231,0.0,807.847352,
3753,NFCORE_RANGELAND:RANGELAND:PREPROCESSING:FORCE_PREPROCESS,1722124069000,1722124200000,6,189.1,,38654705664.0,,,0.5394057698482516,0.5394057698482516,0.0,807.847352,
3755,NFCORE_RANGELAND:RANGELAND:PREPROCESSING:FORCE_PREPROCESS,1722124071000,1722124200000,6,190.7,,38654705664.0,,,0.5481698566929677,0.5481698566929677,0.0,807.847352,
3756,NFCORE_RANGELAND:RANGELAND:PREPROCESSING:FORCE_PREPROCESS,1722124085000,1722124200000,6,191.5,,38654705664.0,,,0.5334028707229808,0.5334028707229808,0.0,807.847352,
3757,NFCORE_RANGELAND:RANGELAND:PREPROCESSING:FORCE_PREPROCESS,1722124096000,1722124200000,6,190.7,,38654705664.0,,,0.5294472657085305,0.5294472657085305,0.0,807.847352,
2289,NFCORE_RANGELAND:RANGELAND:PREPROCESSING:FORCE_PREPROCESS,1722124114000,1722124200000,6,188.5,,38654705664.0,,,0.5132805569434481,0.5132805569434481,0.0,807.847352,
3754,NFCORE_RANGELAND:RANGELAND:PREPROCESSING:FORCE_PREPROCESS,1722124156000,1722124200000,6,187.2,,38654705664.0,,,0.6078367420462001,0.6078367420462001,0.0,807.847352,
3360,NFCORE_RANGELAND:RANGELAND:PREPROCESSING:FORCE_PREPROCESS,1722124126000,1722124200000,6,180.0,,38654705664.0,,,0.6140906386277551,0.6140906386277551,0.0,807.847352,
3760,NFCORE_RANGELAND:RANGELAND:PREPROCESSING:FORCE_PREPROCESS,1722124147000,1722124200000,6,189.4,,38654705664.0,,,0.5540411897143569,0.5540411897143569,0.0,807.847352,
2200,NFCORE_RANGELAND:RANGELAND:PREPROCESSING:FORCE_PREPROCESS,1722124162000,1722124200000,6,186.8,,38654705664.0,,,0.4984737173093601,0.4984737173093601,0.0,807.847352,
2924,NFCORE_RANGELAND:RANGELAND:PREPROCESSING:FORCE_PREPROCESS,1722124138000,1722124200000,6,196.8,,38654705664.0,,,0.6051024596087267,0.6051024596087267,0.0,807.847352,
3366,NFCORE_RANGELAND:RANGELAND:PREPROCESSING:FORCE_PREPROCESS,1722124189000,1722124200000,6,190.3,,38654705664.0,,,0.5677612324804637,0.5677612324804637,0.0,807.847352,
3762,NFCORE_RANGELAND:RANGELAND:PREPROCESSING:FORCE_PREPROCESS,1722124152000,1722124200000,6,186.1,,38654705664.0,,,0.7045835442281112,0.7045835442281112,0.0,807.847352,
3738,NFCORE_RANGELAND:RANGELAND:PREPROCESSING:FORCE_PREPROCESS,1722123903000,1722124200000,6,130.4,,38654705664.0,,,1.6969129728262697,1.6969129728262697,0.0,807.847352,
3774,NFCORE_RANGELAND:RANGELAND:PREPROCESSING:FORCE_PREPROCESS,1722124287000,1722124321000,6,170.5,,38654705664.0,,,0.13061247211606017,0.13061247211606017,0.0,811.476088,
3695,NFCORE_RANGELAND:RANGELAND:PREPROCESSING:FORCE_PREPROCESS,1722124201000,1722124349000,6,184.1,,38654705664.0,,,0.5763464678302703,0.5763464678302703,0.0,811.476088,
3768,NFCORE_RANGELAND:RANGELAND:PREPROCESSING:FORCE_PREPROCESS,1722124248000,1722124392000,6,191.1,,38654705664.0,,,0.5646747649407899,0.5646747649407899,0.0,811.476088,
3769,NFCORE_RANGELAND:RANGELAND:PREPROCESSING:FORCE_PREPROCESS,1722124215000,1722124364000,6,188.7,,38654705664.0,,,0.5828961012496036,0.5828961012496036,0.0,811.476088,
3770,NFCORE_RANGELAND:RANGELAND:PREPROCESSING:FORCE_PREPROCESS,1722124225000,1722124359000,6,191.5,,38654705664.0,,,0.5256688985826989,0.5256688985826989,0.0,811.476088,
3771,NFCORE_RANGELAND:RANGELAND:PREPROCESSING:FORCE_PREPROCESS,1722124235000,1722124374000,6,190.6,,38654705664.0,,,0.5447987429509726,0.5447987429509726,0.0,811.476088,
3766,NFCORE_RANGELAND:RANGELAND:PREPROCESSING:FORCE_PREPROCESS,1722124210000,1722124371000,6,181.5,,38654705664.0,,,0.625349740724711,0.625349740724711,0.0,811.476088,
3772,NFCORE_RANGELAND:RANGELAND:PREPROCESSING:FORCE_PREPROCESS,1722124249000,1722124408000,6,182.7,,38654705664.0,,,0.6183206249630682,0.6183206249630682,0.0,811.476088,
3773,NFCORE_RANGELAND:RANGELAND:PREPROCESSING:FORCE_PREPROCESS,1722124314000,1722124455000,6,191.9,,38654705664.0,,,0.5533477210227485,0.5533477210227485,0.0,811.476088,
3775,NFCORE_RANGELAND:RANGELAND:PREPROCESSING:FORCE_PREPROCESS,1722124292000,1722124427000,6,190.9,,38654705664.0,,,0.5292779877925219,0.5292779877925219,0.0,811.476088,
3778,NFCORE_RANGELAND:RANGELAND:PREPROCESSING:FORCE_PREPROCESS,1722124293000,1722124462000,6,173.5,,38654705664.0,,,0.6511850543239049,0.6511850543239049,0.0,811.476088,
3779,NFCORE_RANGELAND:RANGELAND:PREPROCESSING:FORCE_PREPROCESS,1722124295000,1722124467000,6,190.8,,38654705664.0,,,0.6742727253860702,0.6742727253860702,0.0,811.476088,
3696,NFCORE_RANGELAND:RANGELAND:PREPROCESSING:FORCE_PREPROCESS,1722124212000,1722124475000,6,154.3,,38654705664.0,,,0.9938193224825316,0.9938193224825316,0.0,811.476088,
3776,NFCORE_RANGELAND:RANGELAND:PREPROCESSING:FORCE_PREPROCESS,1722124335000,1722124472000,6,191.5,,38654705664.0,,,0.5374376052673865,0.5374376052673865,0.0,811.476088,
3777,NFCORE_RANGELAND:RANGELAND:PREPROCESSING:FORCE_PREPROCESS,1722124324000,1722124487000,6,183.8,,38654705664.0,,,0.634570511109964,0.634570511109964,0.0,811.476088,
3782,NFCORE_RANGELAND:RANGELAND:PREPROCESSING:FORCE_PREPROCESS,1722124394000,1722124500000,6,189.9,,38654705664.0,,,0.5483384833579625,0.5483384833579625,0.0,811.476088,
3783,NFCORE_RANGELAND:RANGELAND:PREPROCESSING:FORCE_PREPROCESS,1722124352000,1722124487000,6,192.8,,38654705664.0,,,0.530271729017475,0.530271729017475,0.0,811.476088,
3784,NFCORE_RANGELAND:RANGELAND:PREPROCESSING:FORCE_PREPROCESS,1722124361000,1722124500000,6,187.5,,38654705664.0,,,0.5782959827791841,0.5782959827791841,0.0,811.476088,
3787,NFCORE_RANGELAND:RANGELAND:PREPROCESSING:FORCE_PREPROCESS,1722124369000,1722124500000,6,191.1,,38654705664.0,,,0.5215398870633685,0.5215398870633685,0.0,811.476088,
2144,NFCORE_RANGELAND:RANGELAND:PREPROCESSING:FORCE_PREPROCESS,1722124410000,1722124500000,6,188.3,,38654705664.0,,,0.5200971220256589,0.5200971220256589,0.0,811.476088,
2684,NFCORE_RANGELAND:RANGELAND:PREPROCESSING:FORCE_PREPROCESS,1722124377000,1722124500000,6,185.0,,38654705664.0,,,0.6821009478606215,0.6821009478606215,0.0,811.476088,
3788,NFCORE_RANGELAND:RANGELAND:PREPROCESSING:FORCE_PREPROCESS,1722124458000,1722124500000,6,186.7,,38654705664.0,,,0.616880332391564,0.616880332391564,0.0,811.476088,
3791,NFCORE_RANGELAND:RANGELAND:PREPROCESSING:FORCE_PREPROCESS,1722124470000,1722124500000,6,188.1,,38654705664.0,,,0.5512719060195131,0.5512719060195131,0.0,811.476088,
3790,NFCORE_RANGELAND:RANGELAND:PREPROCESSING:FORCE_PREPROCESS,1722124465000,1722124500000,6,190.1,,38654705664.0,,,0.5876217449273855,0.5876217449273855,0.0,811.476088,
3793,NFCORE_RANGELAND:RANGELAND:PREPROCESSING:FORCE_PREPROCESS,1722124474000,1722124500000,6,191.0,,38654705664.0,,,0.5842238015138976,0.5842238015138976,0.0,811.476088,
3794,NFCORE_RANGELAND:RANGELAND:PREPROCESSING:FORCE_PREPROCESS,1722124489000,1722124500000,6,189.2,,38654705664.0,,,0.551872799836239,0.551872799836239,0.0,811.476088,
3797,NFCORE_RANGELAND:RANGELAND:PREPROCESSING:FORCE_PREPROCESS,1722124490000,1722124500000,6,191.5,,38654705664.0,,,0.525668898582699,0.525668898582699,0.0,811.476088,
2418,NFCORE_RANGELAND:RANGELAND:PREPROCESSING:FORCE_PREPROCESS,1722124374000,1722124500000,6,153.0,,38654705664.0,,,1.0151371867377712,1.0151371867377712,0.0,811.476088,
3789,NFCORE_RANGELAND:RANGELAND:PREPROCESSING:FORCE_PREPROCESS,1722124430000,1722124500000,6,172.7,,38654705664.0,,,0.8739651213962705,0.8739651213962705,0.0,811.476088,
3792,NFCORE_RANGELAND:RANGELAND:PREPROCESSING:FORCE_PREPROCESS,1722124479000,1722124500000,6,177.9,,38654705664.0,,,0.6734169984926462,0.6734169984926462,0.0,811.476088,
3781,NFCORE_RANGELAND:RANGELAND:PREPROCESSING:FORCE_PREPROCESS,1722124337000,1722124500000,6,178.9,,38654705664.0,,,1.2668264064279835,1.2668264064279835,0.0,811.476088,
3785,NFCORE_RANGELAND:RANGELAND:PREPROCESSING:FORCE_PREPROCESS,1722124366000,1722124500000,6,150.7,,38654705664.0,,,1.2423950380338522,1.2423950380338522,0.0,811.476088,
3801,NFCORE_RANGELAND:RANGELAND:PREPROCESSING:FORCE_PREPROCESS,1722124554000,1722124588000,6,169.8,,38654705664.0,,,0.13052026532793584,0.13052026532793584,0.0,811.476088,
3796,NFCORE_RANGELAND:RANGELAND:PREPROCESSING:FORCE_PREPROCESS,1722124504000,1722124637000,6,192.1,,38654705664.0,,,0.5220551602911221,0.5220551602911221,0.0,811.476088,
3798,NFCORE_RANGELAND:RANGELAND:PREPROCESSING:FORCE_PREPROCESS,1722124537000,1722124680000,6,190.1,,38654705664.0,,,0.5601993968307741,0.5601993968307741,0.0,811.476088,
3799,NFCORE_RANGELAND:RANGELAND:PREPROCESSING:FORCE_PREPROCESS,1722124511000,1722124654000,6,190.6,,38654705664.0,,,0.5604764046186266,0.5604764046186266,0.0,811.476088,
3800,NFCORE_RANGELAND:RANGELAND:PREPROCESSING:FORCE_PREPROCESS,1722124546000,1722124688000,6,192.2,,38654705664.0,,,0.5574372153471686,0.5574372153471686,0.0,811.476088,
3802,NFCORE_RANGELAND:RANGELAND:PREPROCESSING:FORCE_PREPROCESS,1722124618000,1722124768000,6,192.3,,38654705664.0,,,0.5889002424097812,0.5889002424097812,0.0,811.476088,
3818,NFCORE_RANGELAND:RANGELAND:PREPROCESSING:FORCE_PREPROCESS,1722124698000,1722124732000,6,174.0,,38654705664.0,,,0.1310735060566817,0.1310735060566817,0.0,811.476088,
3803,NFCORE_RANGELAND:RANGELAND:PREPROCESSING:FORCE_PREPROCESS,1722124590000,1722124748000,6,182.3,,38654705664.0,,,0.6141869643619835,0.6141869643619835,0.0,811.476088,
3806,NFCORE_RANGELAND:RANGELAND:PREPROCESSING:FORCE_PREPROCESS,1722124626000,1722124761000,6,195.6,,38654705664.0,,,0.5317361897700374,0.5317361897700374,0.0,811.476088,
3808,NFCORE_RANGELAND:RANGELAND:PREPROCESSING:FORCE_PREPROCESS,1722124628000,1722124763000,6,191.2,,38654705664.0,,,0.529434894301725,0.529434894301725,0.0,811.476088,
2166,NFCORE_RANGELAND:RANGELAND:PREPROCESSING:FORCE_PREPROCESS,1722124633000,1722124763000,6,188.5,,38654705664.0,,,0.5084663380996784,0.5084663380996784,0.0,811.476088,
3811,NFCORE_RANGELAND:RANGELAND:PREPROCESSING:FORCE_PREPROCESS,1722124646000,1722124777000,6,193.6,,38654705664.0,,,0.5149659938901544,0.5149659938901544,0.0,811.476088,
3805,NFCORE_RANGELAND:RANGELAND:PREPROCESSING:FORCE_PREPROCESS,1722124617000,1722124787000,6,171.0,,38654705664.0,,,0.6533916705378876,0.6533916705378876,0.0,811.476088,
3812,NFCORE_RANGELAND:RANGELAND:PREPROCESSING:FORCE_PREPROCESS,1722124655000,1722124795000,6,190.8,,38654705664.0,,,0.5488266369421502,0.5488266369421502,0.0,811.476088,
3815,NFCORE_RANGELAND:RANGELAND:PREPROCESSING:FORCE_PREPROCESS,1722124661000,1722124797000,6,193.9,,38654705664.0,,,0.5347792532762906,0.5347792532762906,0.0,811.476088,
3809,NFCORE_RANGELAND:RANGELAND:PREPROCESSING:FORCE_PREPROCESS,1722124682000,1722124800000,6,189.2,,38654705664.0,,,0.6766392093326536,0.6766392093326536,0.0,810.568904,
3816,NFCORE_RANGELAND:RANGELAND:PREPROCESSING:FORCE_PREPROCESS,1722124666000,1722124800000,6,189.3,,38654705664.0,,,0.5401492813922545,0.5401492813922545,0.0,810.568904,
3810,NFCORE_RANGELAND:RANGELAND:PREPROCESSING:FORCE_PREPROCESS,1722124640000,1722124800000,6,169.7,,38654705664.0,,,0.7405364579159892,0.7405364579159892,0.0,810.568904,
3817,NFCORE_RANGELAND:RANGELAND:PREPROCESSING:FORCE_PREPROCESS,1722124691000,1722124800000,6,193.3,,38654705664.0,,,0.5185415169651706,0.5185415169651706,0.0,810.568904,
3813,NFCORE_RANGELAND:RANGELAND:PREPROCESSING:FORCE_PREPROCESS,1722124657000,1722124800000,6,184.0,,38654705664.0,,,0.7976985367336078,0.7976985367336078,0.0,810.568904,
3820,NFCORE_RANGELAND:RANGELAND:PREPROCESSING:FORCE_PREPROCESS,1722124771000,1722124800000,6,188.5,,38654705664.0,,,0.5270957471676896,0.5270957471676896,0.0,810.568904,
3819,NFCORE_RANGELAND:RANGELAND:PREPROCESSING:FORCE_PREPROCESS,1722124734000,1722124800000,6,192.4,,38654705664.0,,,0.5372919923878725,0.5372919923878725,0.0,810.568904,
3821,NFCORE_RANGELAND:RANGELAND:PREPROCESSING:FORCE_PREPROCESS,1722124751000,1722124800000,6,191.9,,38654705664.0,,,0.536877746158869,0.536877746158869,0.0,810.568904,
2505,NFCORE_RANGELAND:RANGELAND:PREPROCESSING:FORCE_PREPROCESS,1722124613000,1722124800000,6,152.8,,38654705664.0,,,1.0443532740096506,1.0443532740096506,0.0,810.568904,
3823,NFCORE_RANGELAND:RANGELAND:PREPROCESSING:FORCE_PREPROCESS,1722124766000,1722124800000,6,193.1,,38654705664.0,,,0.5177804003777303,0.5177804003777303,0.0,810.568904,
2341,NFCORE_RANGELAND:RANGELAND:PREPROCESSING:FORCE_PREPROCESS,1722124763000,1722124800000,6,188.8,,38654705664.0,,,0.523418666383409,0.523418666383409,0.0,810.568904,
3824,NFCORE_RANGELAND:RANGELAND:PREPROCESSING:FORCE_PREPROCESS,1722124780000,1722124800000,6,193.0,,38654705664.0,,,0.5136864377665549,0.5136864377665549,0.0,810.568904,
3825,NFCORE_RANGELAND:RANGELAND:PREPROCESSING:FORCE_PREPROCESS,1722124790000,1722124800000,6,193.6,,38654705664.0,,,0.5178247309476223,0.5178247309476223,0.0,810.568904,
3822,NFCORE_RANGELAND:RANGELAND:PREPROCESSING:FORCE_PREPROCESS,1722124768000,1722124800000,6,179.0,,38654705664.0,,,0.611075415117988,0.611075415117988,0.0,810.568904,
3826,NFCORE_RANGELAND:RANGELAND:PREPROCESSING:FORCE_PREPROCESS,1722124797000,1722124800000,6,192.2,,38654705664.0,,,0.5953855506443051,0.5953855506443051,0.0,810.568904,
3828,NFCORE_RANGELAND:RANGELAND:PREPROCESSING:FORCE_PREPROCESS,1722124800000,1722124935000,6,194.6,,38654705664.0,,,0.5300254360032187,0.5300254360032187,0.0,809.66172,
3829,NFCORE_RANGELAND:RANGELAND:PREPROCESSING:FORCE_PREPROCESS,1722124807000,1722124949000,6,194.9,,38654705664.0,,,0.5576729097748521,0.5576729097748521,0.0,809.66172,
3830,NFCORE_RANGELAND:RANGELAND:PREPROCESSING:FORCE_PREPROCESS,1722124858000,1722125024000,6,181.1,,38654705664.0,,,0.6430722327111396,0.6430722327111396,0.0,809.66172,
2735,NFCORE_RANGELAND:RANGELAND:PREPROCESSING:FORCE_PREPROCESS,1722124835000,1722124987000,6,190.8,,38654705664.0,,,0.5945366251502999,0.5945366251502999,0.0,809.66172,
3834,NFCORE_RANGELAND:RANGELAND:PREPROCESSING:FORCE_PREPROCESS,1722124865000,1722124997000,6,193.9,,38654705664.0,,,0.5178899140867375,0.5178899140867375,0.0,809.66172,
2238,NFCORE_RANGELAND:RANGELAND:PREPROCESSING:FORCE_PREPROCESS,1722124908000,1722125047000,6,185.2,,38654705664.0,,,0.5406791364058292,0.5406791364058292,0.0,809.66172,
3836,NFCORE_RANGELAND:RANGELAND:PREPROCESSING:FORCE_PREPROCESS,1722124890000,1722125021000,6,195.0,,38654705664.0,,,0.5145235346364312,0.5145235346364312,0.0,809.66172,
3839,NFCORE_RANGELAND:RANGELAND:PREPROCESSING:FORCE_PREPROCESS,1722124902000,1722125033000,6,194.0,,38654705664.0,,,0.5140171446457541,0.5140171446457541,0.0,809.66172,
3831,NFCORE_RANGELAND:RANGELAND:PREPROCESSING:FORCE_PREPROCESS,1722124825000,1722125029000,6,167.0,,38654705664.0,,,0.779162606405225,0.779162606405225,0.0,809.66172,
3838,NFCORE_RANGELAND:RANGELAND:PREPROCESSING:FORCE_PREPROCESS,1722124900000,1722125034000,6,195.4,,38654705664.0,,,0.5265137110288708,0.5265137110288708,0.0,809.66172,
2340,NFCORE_RANGELAND:RANGELAND:PREPROCESSING:FORCE_PREPROCESS,1722124913000,1722125044000,6,188.1,,38654705664.0,,,0.5110294437007593,0.5110294437007593,0.0,809.66172,
3835,NFCORE_RANGELAND:RANGELAND:PREPROCESSING:FORCE_PREPROCESS,1722124874000,1722125049000,6,177.4,,38654705664.0,,,0.6754346365655729,0.6754346365655729,0.0,809.66172,
2202,NFCORE_RANGELAND:RANGELAND:PREPROCESSING:FORCE_PREPROCESS,1722124928000,1722125057000,6,187.7,,38654705664.0,,,0.5030280039227406,0.5030280039227406,0.0,809.66172,
3837,NFCORE_RANGELAND:RANGELAND:PREPROCESSING:FORCE_PREPROCESS,1722124893000,1722125083000,6,170.9,,38654705664.0,,,0.728555052012302,0.728555052012302,0.0,809.66172,
3840,NFCORE_RANGELAND:RANGELAND:PREPROCESSING:FORCE_PREPROCESS,1722124937000,1722125083000,6,188.2,,38654705664.0,,,0.5696007028562957,0.5696007028562957,0.0,809.66172,
3841,NFCORE_RANGELAND:RANGELAND:PREPROCESSING:FORCE_PREPROCESS,1722124951000,1722125089000,6,193.1,,38654705664.0,,,0.5410036055287938,0.5410036055287938,0.0,809.66172,
2288,NFCORE_RANGELAND:RANGELAND:PREPROCESSING:FORCE_PREPROCESS,1722125026000,1722125100000,6,187.6,,38654705664.0,,,0.5237709154727934,0.5237709154727934,0.0,798.7755119999999,
3396,NFCORE_RANGELAND:RANGELAND:PREPROCESSING:FORCE_PREPROCESS,1722124924000,1722125100000,6,188.1,,38654705664.0,,,0.7397191354799139,0.7397191354799139,0.0,798.7755119999999,
3844,NFCORE_RANGELAND:RANGELAND:PREPROCESSING:FORCE_PREPROCESS,1722124990000,1722125100000,6,193.0,,38654705664.0,,,0.5227407061243408,0.5227407061243408,0.0,798.7755119999999,
3845,NFCORE_RANGELAND:RANGELAND:PREPROCESSING:FORCE_PREPROCESS,1722125000000,1722125100000,6,193.2,,38654705664.0,,,0.521789497949545,0.521789497949545,0.0,798.7755119999999,
3850,NFCORE_RANGELAND:RANGELAND:PREPROCESSING:FORCE_PREPROCESS,1722125024000,1722125100000,6,192.6,,38654705664.0,,,0.5036999279314576,0.5036999279314576,0.0,798.7755119999999,
3851,NFCORE_RANGELAND:RANGELAND:PREPROCESSING:FORCE_PREPROCESS,1722125031000,1722125100000,6,195.7,,38654705664.0,,,0.5236238987339144,0.5236238987339144,0.0,798.7755119999999,
3852,NFCORE_RANGELAND:RANGELAND:PREPROCESSING:FORCE_PREPROCESS,1722125035000,1722125100000,6,195.7,,38654705664.0,,,0.5079024328520851,0.5079024328520851,0.0,798.7755119999999,
2338,NFCORE_RANGELAND:RANGELAND:PREPROCESSING:FORCE_PREPROCESS,1722125036000,1722125100000,6,187.9,,38654705664.0,,,0.5114918942580211,0.5114918942580211,0.0,798.7755119999999,
3849,NFCORE_RANGELAND:RANGELAND:PREPROCESSING:FORCE_PREPROCESS,1722125049000,1722125100000,6,187.0,,38654705664.0,,,0.6689353122201263,0.6689353122201263,0.0,798.7755119999999,
2339,NFCORE_RANGELAND:RANGELAND:PREPROCESSING:FORCE_PREPROCESS,1722125047000,1722125100000,6,186.2,,38654705664.0,,,0.5094783482346104,0.5094783482346104,0.0,798.7755119999999,
3853,NFCORE_RANGELAND:RANGELAND:PREPROCESSING:FORCE_PREPROCESS,1722125051000,1722125100000,6,191.7,,38654705664.0,,,0.5575547317065956,0.5575547317065956,0.0,798.7755119999999,
2286,NFCORE_RANGELAND:RANGELAND:PREPROCESSING:FORCE_PREPROCESS,1722124954000,1722125100000,6,161.9,,38654705664.0,,,1.005856708994139,1.005856708994139,0.0,798.7755119999999,
3857,NFCORE_RANGELAND:RANGELAND:PREPROCESSING:FORCE_PREPROCESS,1722125092000,1722125100000,6,185.6,,38654705664.0,,,0.5877730736370267,0.5877730736370267,0.0,798.7755119999999,
3854,NFCORE_RANGELAND:RANGELAND:PREPROCESSING:FORCE_PREPROCESS,1722125086000,1722125100000,6,183.3,,38654705664.0,,,0.7570679824620049,0.7570679824620049,0.0,798.7755119999999,
3855,NFCORE_RANGELAND:RANGELAND:PREPROCESSING:FORCE_PREPROCESS,1722125060000,1722125100000,6,169.2,,38654705664.0,,,0.905565717837135,0.905565717837135,0.0,798.7755119999999,
3858,NFCORE_RANGELAND:RANGELAND:PREPROCESSING:FORCE_PREPROCESS,1722125087000,1722125100000,6,165.5,,38654705664.0,,,1.051567360734149,1.051567360734149,0.0,798.7755119999999,
3859,NFCORE_RANGELAND:RANGELAND:PREPROCESSING:FORCE_PREPROCESS,1722125117000,1722125248000,6,193.2,,38654705664.0,,,0.4998006166490925,0.4998006166490925,0.0,787.889304,
3860,NFCORE_RANGELAND:RANGELAND:PREPROCESSING:FORCE_PREPROCESS,1722125165000,1722125304000,6,192.3,,38654705664.0,,,0.5298522125140482,0.5298522125140482,0.0,787.889304,
3861,NFCORE_RANGELAND:RANGELAND:PREPROCESSING:FORCE_PREPROCESS,1722125127000,1722125256000,6,195.1,,38654705664.0,,,0.49309204699479187,0.49309204699479187,0.0,787.889304,
3870,NFCORE_RANGELAND:RANGELAND:PREPROCESSING:FORCE_PREPROCESS,1722125225000,1722125260000,6,172.3,,38654705664.0,,,0.13078288773687816,0.13078288773687816,0.0,787.889304,
3862,NFCORE_RANGELAND:RANGELAND:PREPROCESSING:FORCE_PREPROCESS,1722125136000,1722125269000,6,190.1,,38654705664.0,,,0.5058802427235682,0.5058802427235682,0.0,787.889304,
3865,NFCORE_RANGELAND:RANGELAND:PREPROCESSING:FORCE_PREPROCESS,1722125173000,1722125308000,6,195.3,,38654705664.0,,,0.516128124664097,0.516128124664097,0.0,787.889304,
3866,NFCORE_RANGELAND:RANGELAND:PREPROCESSING:FORCE_PREPROCESS,1722125171000,1722125303000,6,195.3,,38654705664.0,,,0.5046586107826726,0.5046586107826726,0.0,787.889304,
3867,NFCORE_RANGELAND:RANGELAND:PREPROCESSING:FORCE_PREPROCESS,1722125227000,1722125367000,6,195.5,,38654705664.0,,,0.5353493066130126,0.5353493066130126,0.0,787.889304,
3868,NFCORE_RANGELAND:RANGELAND:PREPROCESSING:FORCE_PREPROCESS,1722125185000,1722125316000,6,194.9,,38654705664.0,,,0.5006383303765268,0.5006383303765268,0.0,787.889304,
3863,NFCORE_RANGELAND:RANGELAND:PREPROCESSING:FORCE_PREPROCESS,1722125157000,1722125314000,6,183.6,,38654705664.0,,,0.5933281654856476,0.5933281654856476,0.0,787.889304,
3864,NFCORE_RANGELAND:RANGELAND:PREPROCESSING:FORCE_PREPROCESS,1722125168000,1722125336000,6,173.9,,38654705664.0,,,0.6287689857438151,0.6287689857438151,0.0,787.889304,
3869,NFCORE_RANGELAND:RANGELAND:PREPROCESSING:FORCE_PREPROCESS,1722125199000,1722125334000,6,194.6,,38654705664.0,,,0.5157726511695188,0.5157726511695188,0.0,787.889304,
3874,NFCORE_RANGELAND:RANGELAND:PREPROCESSING:FORCE_PREPROCESS,1722125251000,1722125384000,6,192.8,,38654705664.0,,,0.5072310420029651,0.5072310420029651,0.0,787.889304,
2169,NFCORE_RANGELAND:RANGELAND:PREPROCESSING:FORCE_PREPROCESS,1722125249000,1722125385000,6,188.7,,38654705664.0,,,0.5165748620030551,0.5165748620030551,0.0,787.889304,
3876,NFCORE_RANGELAND:RANGELAND:PREPROCESSING:FORCE_PREPROCESS,1722125263000,1722125400000,6,190.7,,38654705664.0,,,0.5252097594517838,0.5252097594517838,0.0,787.889304,
2177,NFCORE_RANGELAND:RANGELAND:PREPROCESSING:FORCE_PREPROCESS,1722125271000,1722125400000,6,185.7,,38654705664.0,,,0.5074659998948888,0.5074659998948888,0.0,787.889304,
3873,NFCORE_RANGELAND:RANGELAND:PREPROCESSING:FORCE_PREPROCESS,1722125258000,1722125400000,6,186.8,,38654705664.0,,,0.5914268080371301,0.5914268080371301,0.0,787.889304,
2178,NFCORE_RANGELAND:RANGELAND:PREPROCESSING:FORCE_PREPROCESS,1722125288000,1722125400000,6,187.3,,38654705664.0,,,0.5082724921407888,0.5082724921407888,0.0,787.889304,
3880,NFCORE_RANGELAND:RANGELAND:PREPROCESSING:FORCE_PREPROCESS,1722125308000,1722125400000,6,194.1,,38654705664.0,,,0.5155187415305345,0.5155187415305345,0.0,787.889304,
3882,NFCORE_RANGELAND:RANGELAND:PREPROCESSING:FORCE_PREPROCESS,1722125317000,1722125400000,6,193.8,,38654705664.0,,,0.5230014534619163,0.5230014534619163,0.0,787.889304,
3877,NFCORE_RANGELAND:RANGELAND:PREPROCESSING:FORCE_PREPROCESS,1722125324000,1722125400000,6,195.4,,38654705664.0,,,0.5352966438730751,0.5352966438730751,0.0,787.889304,
3477,NFCORE_RANGELAND:RANGELAND:PREPROCESSING:FORCE_PREPROCESS,1722125370000,1722125400000,6,191.5,,38654705664.0,,,0.5484783055016701,0.5484783055016701,0.0,787.889304,
2199,NFCORE_RANGELAND:RANGELAND:PREPROCESSING:FORCE_PREPROCESS,1722125339000,1722125400000,6,186.9,,38654705664.0,,,0.5118624427291595,0.5118624427291595,0.0,787.889304,
3881,NFCORE_RANGELAND:RANGELAND:PREPROCESSING:FORCE_PREPROCESS,1722125313000,1722125400000,6,165.7,,38654705664.0,,,0.738653615801542,0.738653615801542,0.0,787.889304,
2204,NFCORE_RANGELAND:RANGELAND:PREPROCESSING:FORCE_PREPROCESS,1722125305000,1722125400000,6,146.4,,38654705664.0,,,0.9425600174118451,0.9425600174118451,0.0,787.889304,
3487,NFCORE_RANGELAND:RANGELAND:PREPROCESSING:FORCE_PREPROCESS,1722125337000,1722125400000,6,191.5,,38654705664.0,,,0.8112908268878869,0.8112908268878869,0.0,787.889304,
3886,NFCORE_RANGELAND:RANGELAND:PREPROCESSING:FORCE_PREPROCESS,1722125372000,1722125400000,6,167.3,,38654705664.0,,,0.7435691627866251,0.7435691627866251,0.0,787.889304,
3875,NFCORE_RANGELAND:RANGELAND:PREPROCESSING:FORCE_PREPROCESS,1722125306000,1722125400000,6,144.1,,38654705664.0,,,1.2561793411904114,1.2561793411904114,0.0,787.889304,
3890,NFCORE_RANGELAND:RANGELAND:PREPROCESSING:FORCE_PREPROCESS,1722125387000,1722125400000,6,142.1,,38654705664.0,,,1.0869158646136876,1.0869158646136876,0.0,787.889304,
3883,NFCORE_RANGELAND:RANGELAND:PREPROCESSING:FORCE_PREPROCESS,1722125386000,1722125400000,6,137.9,,38654705664.0,,,1.2047813217602916,1.2047813217602916,0.0,787.662508,
3891,NFCORE_RANGELAND:RANGELAND:PREPROCESSING:FORCE_PREPROCESS,1722125404000,1722125543000,6,194.0,,38654705664.0,,,0.5307410843317075,0.5307410843317075,0.0,787.889304,
3892,NFCORE_RANGELAND:RANGELAND:PREPROCESSING:FORCE_PREPROCESS,1722125410000,1722125549000,6,190.1,,38654705664.0,,,0.528701907808842,0.528701907808842,0.0,787.889304,
2203,NFCORE_RANGELAND:RANGELAND:PREPROCESSING:FORCE_PREPROCESS,1722125418000,1722125545000,6,188.2,,38654705664.0,,,0.48215089769922875,0.48215089769922875,0.0,787.889304,
3887,NFCORE_RANGELAND:RANGELAND:PREPROCESSING:FORCE_PREPROCESS,1722125446000,1722125575000,6,192.4,,38654705664.0,,,0.4917818732576325,0.4917818732576325,0.0,787.889304,
3888,NFCORE_RANGELAND:RANGELAND:PREPROCESSING:FORCE_PREPROCESS,1722125457000,1722125598000,6,190.9,,38654705664.0,,,0.5367334407228582,0.5367334407228582,0.0,787.889304,
3896,NFCORE_RANGELAND:RANGELAND:PREPROCESSING:FORCE_PREPROCESS,1722125517000,1722125656000,6,190.1,,38654705664.0,,,0.528701907808842,0.528701907808842,0.0,787.889304,
3897,NFCORE_RANGELAND:RANGELAND:PREPROCESSING:FORCE_PREPROCESS,1722125477000,1722125628000,6,180.7,,38654705664.0,,,0.5690059884745832,0.5690059884745832,0.0,787.889304,
3894,NFCORE_RANGELAND:RANGELAND:PREPROCESSING:FORCE_PREPROCESS,1722125466000,1722125653000,6,168.8,,38654705664.0,,,0.6962923028163851,0.6962923028163851,0.0,787.889304,
3898,NFCORE_RANGELAND:RANGELAND:PREPROCESSING:FORCE_PREPROCESS,1722125515000,1722125647000,6,194.0,,38654705664.0,,,0.5040131160560101,0.5040131160560101,0.0,787.889304,
3902,NFCORE_RANGELAND:RANGELAND:PREPROCESSING:FORCE_PREPROCESS,1722125548000,1722125679000,6,191.2,,38654705664.0,,,0.49881507108740497,0.49881507108740497,0.0,787.889304,
3514,NFCORE_RANGELAND:RANGELAND:PREPROCESSING:FORCE_PREPROCESS,1722125545000,1722125686000,6,190.4,,38654705664.0,,,0.5364682462110301,0.5364682462110301,0.0,787.889304,
3878,NFCORE_RANGELAND:RANGELAND:PREPROCESSING:FORCE_PREPROCESS,1722125566000,1722125698000,6,192.0,,38654705664.0,,,0.50302004724576,0.50302004724576,0.0,787.889304,
3884,NFCORE_RANGELAND:RANGELAND:PREPROCESSING:FORCE_PREPROCESS,1722125556000,1722125690000,6,192.1,,38654705664.0,,,0.5106919688784888,0.5106919688784888,0.0,787.889304,
3885,NFCORE_RANGELAND:RANGELAND:PREPROCESSING:FORCE_PREPROCESS,1722125556000,1722125691000,6,194.1,,38654705664.0,,,0.5155187415305343,0.5155187415305343,0.0,787.889304,
3903,NFCORE_RANGELAND:RANGELAND:PREPROCESSING:FORCE_PREPROCESS,1722125574000,1722125700000,6,194.7,,38654705664.0,,,0.5081662064160997,0.5081662064160997,0.0,787.662508,
3904,NFCORE_RANGELAND:RANGELAND:PREPROCESSING:FORCE_PREPROCESS,1722125577000,1722125700000,6,190.5,,38654705664.0,,,0.5250730792477244,0.5250730792477244,0.0,787.662508,
3893,NFCORE_RANGELAND:RANGELAND:PREPROCESSING:FORCE_PREPROCESS,1722125424000,1722125700000,6,153.1,,38654705664.0,,,1.1175901991600916,1.1175901991600916,0.0,787.662508,
3906,NFCORE_RANGELAND:RANGELAND:PREPROCESSING:FORCE_PREPROCESS,1722125654000,1722125700000,6,192.0,,38654705664.0,,,0.529491322564,0.529491322564,0.0,787.662508,
3908,NFCORE_RANGELAND:RANGELAND:PREPROCESSING:FORCE_PREPROCESS,1722125631000,1722125700000,6,195.0,,38654705664.0,,,0.4967313422739955,0.4967313422739955,0.0,787.662508,
3909,NFCORE_RANGELAND:RANGELAND:PREPROCESSING:FORCE_PREPROCESS,1722125650000,1722125700000,6,193.1,,38654705664.0,,,0.5071988416092582,0.5071988416092582,0.0,787.662508,
3911,NFCORE_RANGELAND:RANGELAND:PREPROCESSING:FORCE_PREPROCESS,1722125656000,1722125700000,6,194.0,,38654705664.0,,,0.49618750810622114,0.49618750810622114,0.0,787.662508,
3905,NFCORE_RANGELAND:RANGELAND:PREPROCESSING:FORCE_PREPROCESS,1722125601000,1722125700000,6,166.8,,38654705664.0,,,0.7392631053047908,0.7392631053047908,0.0,787.662508,
3912,NFCORE_RANGELAND:RANGELAND:PREPROCESSING:FORCE_PREPROCESS,1722125682000,1722125700000,6,194.1,,38654705664.0,,,0.4885463138035545,0.4885463138035545,0.0,787.662508,
3913,NFCORE_RANGELAND:RANGELAND:PREPROCESSING:FORCE_PREPROCESS,1722125688000,1722125700000,6,190.8,,38654705664.0,,,0.5363977273967699,0.5363977273967699,0.0,787.662508,
3915,NFCORE_RANGELAND:RANGELAND:PREPROCESSING:FORCE_PREPROCESS,1722125690000,1722125700000,6,193.6,,38654705664.0,,,0.5111755854165712,0.5111755854165712,0.0,787.662508,
3916,NFCORE_RANGELAND:RANGELAND:PREPROCESSING:FORCE_PREPROCESS,1722125693000,1722125700000,6,193.9,,38654705664.0,,,0.5075044211571906,0.5075044211571906,0.0,787.662508,
3907,NFCORE_RANGELAND:RANGELAND:PREPROCESSING:FORCE_PREPROCESS,1722125658000,1722125700000,6,176.1,,38654705664.0,,,0.8398193579375045,0.8398193579375045,0.0,787.662508,
3914,NFCORE_RANGELAND:RANGELAND:PREPROCESSING:FORCE_PREPROCESS,1722125701000,1722125847000,6,195.4,,38654705664.0,,,0.5579165481104288,0.5579165481104288,0.0,787.435712,
3918,NFCORE_RANGELAND:RANGELAND:PREPROCESSING:FORCE_PREPROCESS,1722125710000,1722125848000,6,193.5,,38654705664.0,,,0.52636004828127,0.52636004828127,0.0,787.435712,
3919,NFCORE_RANGELAND:RANGELAND:PREPROCESSING:FORCE_PREPROCESS,1722125717000,1722125853000,6,193.9,,38654705664.0,,,0.5189361563374179,0.5189361563374179,0.0,787.435712,
3920,NFCORE_RANGELAND:RANGELAND:PREPROCESSING:FORCE_PREPROCESS,1722125722000,1722125853000,6,194.6,,38654705664.0,,,0.5002023635402344,0.5002023635402344,0.0,787.435712,
3921,NFCORE_RANGELAND:RANGELAND:PREPROCESSING:FORCE_PREPROCESS,1722125732000,1722125892000,6,184.8,,38654705664.0,,,0.6050393532437334,0.6050393532437334,0.0,787.435712,
3900,NFCORE_RANGELAND:RANGELAND:PREPROCESSING:FORCE_PREPROCESS,1722125785000,1722125917000,6,193.2,,38654705664.0,,,0.50332595422648,0.50332595422648,0.0,787.435712,
3910,NFCORE_RANGELAND:RANGELAND:PREPROCESSING:FORCE_PREPROCESS,1722125796000,1722125956000,6,184.5,,38654705664.0,,,0.6048588992263999,0.6048588992263999,0.0,787.435712,
3926,NFCORE_RANGELAND:RANGELAND:PREPROCESSING:FORCE_PREPROCESS,1722125789000,1722125920000,6,193.3,,38654705664.0,,,0.49956212772457054,0.49956212772457054,0.0,787.435712,
3899,NFCORE_RANGELAND:RANGELAND:PREPROCESSING:FORCE_PREPROCESS,1722125763000,1722125923000,6,177.4,,38654705664.0,,,0.600588154149511,0.600588154149511,0.0,787.435712,
3923,NFCORE_RANGELAND:RANGELAND:PREPROCESSING:FORCE_PREPROCESS,1722125802000,1722125933000,6,195.6,,38654705664.0,,,0.5006948526292067,0.5006948526292067,0.0,787.435712,
3927,NFCORE_RANGELAND:RANGELAND:PREPROCESSING:FORCE_PREPROCESS,1722125812000,1722125957000,6,185.7,,38654705664.0,,,0.5488075232367583,0.5488075232367583,0.0,787.435712,
3928,NFCORE_RANGELAND:RANGELAND:PREPROCESSING:FORCE_PREPROCESS,1722125826000,1722125967000,6,192.0,,38654705664.0,,,0.53700753251264,0.53700753251264,0.0,787.435712,
3931,NFCORE_RANGELAND:RANGELAND:PREPROCESSING:FORCE_PREPROCESS,1722125834000,1722125967000,6,195.1,,38654705664.0,,,0.5080890448493728,0.5080890448493728,0.0,787.435712,
2251,NFCORE_RANGELAND:RANGELAND:PREPROCESSING:FORCE_PREPROCESS,1722125829000,1722125963000,6,188.6,,38654705664.0,,,0.5086347747088378,0.5086347747088378,0.0,787.435712,
3215,NFCORE_RANGELAND:RANGELAND:PREPROCESSING:FORCE_PREPROCESS,1722125885000,1722126000000,6,189.5,,38654705664.0,,,0.5548816771096221,0.5548816771096221,0.0,788.1161,
3917,NFCORE_RANGELAND:RANGELAND:PREPROCESSING:FORCE_PREPROCESS,1722125701000,1722125990000,6,152.9,,38654705664.0,,,1.0581935061465408,1.0581935061465408,0.0,787.435712,
3924,NFCORE_RANGELAND:RANGELAND:PREPROCESSING:FORCE_PREPROCESS,1722125857000,1722125990000,6,194.1,,38654705664.0,,,0.5075890368430117,0.5075890368430117,0.0,787.435712,
3932,NFCORE_RANGELAND:RANGELAND:PREPROCESSING:FORCE_PREPROCESS,1722125849000,1722125986000,6,194.7,,38654705664.0,,,0.5231639000422218,0.5231639000422218,0.0,787.435712,
2678,NFCORE_RANGELAND:RANGELAND:PREPROCESSING:FORCE_PREPROCESS,1722125851000,1722126000000,6,190.9,,38654705664.0,,,0.5668598697156072,0.5668598697156072,0.0,787.435712,
3925,NFCORE_RANGELAND:RANGELAND:PREPROCESSING:FORCE_PREPROCESS,1722125894000,1722126000000,6,194.8,,38654705664.0,,,0.504291546984825,0.504291546984825,0.0,788.1161,
3940,NFCORE_RANGELAND:RANGELAND:PREPROCESSING:FORCE_PREPROCESS,1722125926000,1722126000000,6,194.1,,38654705664.0,,,0.4926859406199131,0.4926859406199131,0.0,788.1161,
3941,NFCORE_RANGELAND:RANGELAND:PREPROCESSING:FORCE_PREPROCESS,1722125923000,1722126000000,6,195.3,,38654705664.0,,,0.5123863911007844,0.5123863911007844,0.0,788.1161,
3922,NFCORE_RANGELAND:RANGELAND:PREPROCESSING:FORCE_PREPROCESS,1722125959000,1722126000000,6,174.6,,38654705664.0,,,0.648418711952685,0.648418711952685,0.0,788.1161,
3943,NFCORE_RANGELAND:RANGELAND:PREPROCESSING:FORCE_PREPROCESS,1722125959000,1722126000000,6,185.2,,38654705664.0,,,0.5378462448945236,0.5378462448945236,0.0,788.1161,
3944,NFCORE_RANGELAND:RANGELAND:PREPROCESSING:FORCE_PREPROCESS,1722125966000,1722126000000,6,193.7,,38654705664.0,,,0.5003986118081921,0.5003986118081921,0.0,788.1161,
3945,NFCORE_RANGELAND:RANGELAND:PREPROCESSING:FORCE_PREPROCESS,1722125970000,1722126000000,6,193.8,,38654705664.0,,,0.5081181457922447,0.5081181457922447,0.0,788.1161,
3946,NFCORE_RANGELAND:RANGELAND:PREPROCESSING:FORCE_PREPROCESS,1722125970000,1722126000000,6,194.8,,38654705664.0,,,0.5086188229649286,0.5086188229649286,0.0,788.1161,
3948,NFCORE_RANGELAND:RANGELAND:PREPROCESSING:FORCE_PREPROCESS,1722125992000,1722126000000,6,192.6,,38654705664.0,,,0.47712297255197117,0.47712297255197117,0.0,788.1161,
3934,NFCORE_RANGELAND:RANGELAND:PREPROCESSING:FORCE_PREPROCESS,1722125920000,1722126000000,6,187.2,,38654705664.0,,,0.7588897839844,0.7588897839844,0.0,788.1161,
3950,NFCORE_RANGELAND:RANGELAND:PREPROCESSING:FORCE_PREPROCESS,1722125993000,1722126000000,6,195.6,,38654705664.0,,,0.5168286861328599,0.5168286861328599,0.0,788.1161,
2260,NFCORE_RANGELAND:RANGELAND:PREPROCESSING:FORCE_PREPROCESS,1722125989000,1722126000000,6,175.1,,38654705664.0,,,0.5851629710932056,0.5851629710932056,0.0,788.1161,
3942,NFCORE_RANGELAND:RANGELAND:PREPROCESSING:FORCE_PREPROCESS,1722125936000,1722126000000,6,178.1,,38654705664.0,,,0.8161119170283424,0.8161119170283424,0.0,788.1161,
3933,NFCORE_RANGELAND:RANGELAND:PREPROCESSING:FORCE_PREPROCESS,1722125856000,1722126000000,6,143.5,,38654705664.0,,,1.2014540743887503,1.2014540743887503,0.0,788.1161,
3764,NFCORE_RANGELAND:RANGELAND:PREPROCESSING:FORCE_PREPROCESS,1722126034000,1722126178000,6,190.7,,38654705664.0,,,0.54867599110109,0.54867599110109,0.0,788.796488,
3947,NFCORE_RANGELAND:RANGELAND:PREPROCESSING:FORCE_PREPROCESS,1722126003000,1722126138000,6,193.4,,38654705664.0,,,0.5157564324205687,0.5157564324205687,0.0,788.796488,
3963,NFCORE_RANGELAND:RANGELAND:PREPROCESSING:FORCE_PREPROCESS,1722126181000,1722126218000,6,172.8,,38654705664.0,,,0.13848505541572,0.13848505541572,0.0,788.796488,
3951,NFCORE_RANGELAND:RANGELAND:PREPROCESSING:FORCE_PREPROCESS,1722126029000,1722126179000,6,194.1,,38654705664.0,,,0.5734581280122812,0.5734581280122812,0.0,788.796488,
3949,NFCORE_RANGELAND:RANGELAND:PREPROCESSING:FORCE_PREPROCESS,1722126058000,1722126191000,6,192.6,,38654705664.0,,,0.5077148987243113,0.5077148987243113,0.0,788.796488,
3956,NFCORE_RANGELAND:RANGELAND:PREPROCESSING:FORCE_PREPROCESS,1722126135000,1722126277000,6,193.5,,38654705664.0,,,0.5425528351135387,0.5425528351135387,0.0,788.796488,
3958,NFCORE_RANGELAND:RANGELAND:PREPROCESSING:FORCE_PREPROCESS,1722126105000,1722126242000,6,192.0,,38654705664.0,,,0.5226749582001867,0.5226749582001867,0.0,788.796488,
3955,NFCORE_RANGELAND:RANGELAND:PREPROCESSING:FORCE_PREPROCESS,1722126061000,1722126246000,6,195.2,,38654705664.0,,,0.7080313964835444,0.7080313964835444,0.0,788.796488,
3960,NFCORE_RANGELAND:RANGELAND:PREPROCESSING:FORCE_PREPROCESS,1722126119000,1722126251000,6,194.4,,38654705664.0,,,0.50479228448682,0.50479228448682,0.0,788.796488,
3961,NFCORE_RANGELAND:RANGELAND:PREPROCESSING:FORCE_PREPROCESS,1722126122000,1722126259000,6,192.5,,38654705664.0,,,0.5229329261488447,0.5229329261488447,0.0,788.796488,
3962,NFCORE_RANGELAND:RANGELAND:PREPROCESSING:FORCE_PREPROCESS,1722126130000,1722126269000,6,190.6,,38654705664.0,,,0.5295723946292574,0.5295723946292574,0.0,788.796488,
3957,NFCORE_RANGELAND:RANGELAND:PREPROCESSING:FORCE_PREPROCESS,1722126104000,1722126300000,6,158.9,,38654705664.0,,,0.7676224513853857,0.7676224513853857,0.0,788.796488,
3968,NFCORE_RANGELAND:RANGELAND:PREPROCESSING:FORCE_PREPROCESS,1722126182000,1722126300000,6,195.1,,38654705664.0,,,0.5013134386286457,0.5013134386286457,0.0,788.796488,
3967,NFCORE_RANGELAND:RANGELAND:PREPROCESSING:FORCE_PREPROCESS,1722126220000,1722126300000,6,192.7,,38654705664.0,,,0.5421250225738665,0.5421250225738665,0.0,788.796488,
3969,NFCORE_RANGELAND:RANGELAND:PREPROCESSING:FORCE_PREPROCESS,1722126189000,1722126300000,6,192.8,,38654705664.0,,,0.515451390028725,0.515451390028725,0.0,788.796488,
3959,NFCORE_RANGELAND:RANGELAND:PREPROCESSING:FORCE_PREPROCESS,1722126106000,1722126300000,6,181.7,,38654705664.0,,,0.8987728087077669,0.8987728087077669,0.0,788.796488,
3971,NFCORE_RANGELAND:RANGELAND:PREPROCESSING:FORCE_PREPROCESS,1722126193000,1722126300000,6,179.8,,38654705664.0,,,0.5842261586803243,0.5842261586803243,0.0,788.796488,
3953,NFCORE_RANGELAND:RANGELAND:PREPROCESSING:FORCE_PREPROCESS,1722126100000,1722126300000,6,148.4,,38654705664.0,,,1.014964106244266,1.014964106244266,0.0,788.796488,
3966,NFCORE_RANGELAND:RANGELAND:PREPROCESSING:FORCE_PREPROCESS,1722126156000,1722126300000,6,157.0,,38654705664.0,,,0.8177008671408492,0.8177008671408492,0.0,788.796488,
3970,NFCORE_RANGELAND:RANGELAND:PREPROCESSING:FORCE_PREPROCESS,1722126279000,1722126300000,6,193.8,,38654705664.0,,,0.5312474916155796,0.5312474916155796,0.0,788.796488,
3975,NFCORE_RANGELAND:RANGELAND:PREPROCESSING:FORCE_PREPROCESS,1722126262000,1722126300000,6,195.6,,38654705664.0,,,0.5130462180707317,0.5130462180707317,0.0,788.796488,
3964,NFCORE_RANGELAND:RANGELAND:PREPROCESSING:FORCE_PREPROCESS,1722126141000,1722126300000,6,150.6,,38654705664.0,,,1.013608129475997,1.013608129475997,0.0,788.796488,
3972,NFCORE_RANGELAND:RANGELAND:PREPROCESSING:FORCE_PREPROCESS,1722126249000,1722126300000,6,177.3,,38654705664.0,,,0.6053255677522068,0.6053255677522068,0.0,788.796488,
3974,NFCORE_RANGELAND:RANGELAND:PREPROCESSING:FORCE_PREPROCESS,1722126253000,1722126300000,6,172.6,,38654705664.0,,,0.6548650752820798,0.6548650752820798,0.0,788.796488,
3976,NFCORE_RANGELAND:RANGELAND:PREPROCESSING:FORCE_PREPROCESS,1722126271000,1722126300000,6,173.9,,38654705664.0,,,0.6782037214674228,0.6782037214674228,0.0,788.796488,
3965,NFCORE_RANGELAND:RANGELAND:PREPROCESSING:FORCE_PREPROCESS,1722126148000,1722126300000,6,146.9,,38654705664.0,,,1.1482698431229155,1.1482698431229155,0.0,788.796488,
3954,NFCORE_RANGELAND:RANGELAND:PREPROCESSING:FORCE_PREPROCESS,1722126244000,1722126300000,6,172.2,,38654705664.0,,,0.9762913179569287,0.9762913179569287,0.0,788.796488,
3952,NFCORE_RANGELAND:RANGELAND:PREPROCESSING:FORCE_PREPROCESS,1722126315000,1722126453000,6,194.0,,38654705664.0,,,0.5275295075860217,0.5275295075860217,0.0,788.796488,
3979,NFCORE_RANGELAND:RANGELAND:PREPROCESSING:FORCE_PREPROCESS,1722126365000,1722126505000,6,193.1,,38654705664.0,,,0.5347003523811154,0.5347003523811154,0.0,788.796488,
3980,NFCORE_RANGELAND:RANGELAND:PREPROCESSING:FORCE_PREPROCESS,1722126327000,1722126479000,6,184.0,,38654705664.0,,,0.5753227415714756,0.5753227415714756,0.0,788.796488,
3990,NFCORE_RANGELAND:RANGELAND:PREPROCESSING:FORCE_PREPROCESS,1722126430000,1722126464000,6,171.2,,38654705664.0,,,0.12705166943229557,0.12705166943229557,0.0,788.796488,
3978,NFCORE_RANGELAND:RANGELAND:PREPROCESSING:FORCE_PREPROCESS,1722126347000,1722126480000,6,193.9,,38654705664.0,,,0.5083660324224567,0.5083660324224567,0.0,788.796488,
3982,NFCORE_RANGELAND:RANGELAND:PREPROCESSING:FORCE_PREPROCESS,1722126421000,1722126561000,6,193.5,,38654705664.0,,,0.5349112458865876,0.5349112458865876,0.0,788.796488,
3984,NFCORE_RANGELAND:RANGELAND:PREPROCESSING:FORCE_PREPROCESS,1722126380000,1722126522000,6,194.1,,38654705664.0,,,0.5428736945182929,0.5428736945182929,0.0,788.796488,
3987,NFCORE_RANGELAND:RANGELAND:PREPROCESSING:FORCE_PREPROCESS,1722126382000,1722126517000,6,191.6,,38654705664.0,,,0.5148413052450375,0.5148413052450375,0.0,788.796488,
3981,NFCORE_RANGELAND:RANGELAND:PREPROCESSING:FORCE_PREPROCESS,1722126350000,1722126530000,6,171.9,,38654705664.0,,,0.6731009956171126,0.6731009956171126,0.0,788.796488,
3985,NFCORE_RANGELAND:RANGELAND:PREPROCESSING:FORCE_PREPROCESS,1722126412000,1722126542000,6,192.4,,38654705664.0,,,0.496164768121786,0.496164768121786,0.0,788.796488,
3988,NFCORE_RANGELAND:RANGELAND:PREPROCESSING:FORCE_PREPROCESS,1722126421000,1722126557000,6,193.5,,38654705664.0,,,0.5196280674326851,0.5196280674326851,0.0,788.796488,
3986,NFCORE_RANGELAND:RANGELAND:PREPROCESSING:FORCE_PREPROCESS,1722126399000,1722126578000,6,188.8,,38654705664.0,,,0.6807539374879623,0.6807539374879623,0.0,788.796488,
4001,NFCORE_RANGELAND:RANGELAND:PREPROCESSING:FORCE_PREPROCESS,1722126545000,1722126579000,6,172.8,,38654705664.0,,,0.12725653740904003,0.12725653740904003,0.0,788.796488,
3994,NFCORE_RANGELAND:RANGELAND:PREPROCESSING:FORCE_PREPROCESS,1722126468000,1722126595000,6,194.5,,38654705664.0,,,0.4857191922541717,0.4857191922541717,0.0,788.796488,
3989,NFCORE_RANGELAND:RANGELAND:PREPROCESSING:FORCE_PREPROCESS,1722126455000,1722126600000,6,188.0,,38654705664.0,,,0.5624645601171623,0.5624645601171623,0.0,790.610856,
3991,NFCORE_RANGELAND:RANGELAND:PREPROCESSING:FORCE_PREPROCESS,1722126472000,1722126600000,6,195.8,,38654705664.0,,,0.49401748094210507,0.49401748094210507,0.0,790.610856,
3992,NFCORE_RANGELAND:RANGELAND:PREPROCESSING:FORCE_PREPROCESS,1722126508000,1722126600000,6,195.2,,38654705664.0,,,0.5366526517076711,0.5366526517076711,0.0,790.610856,
3993,NFCORE_RANGELAND:RANGELAND:PREPROCESSING:FORCE_PREPROCESS,1722126456000,1722126600000,6,188.4,,38654705664.0,,,0.5627050140872767,0.5627050140872767,0.0,790.610856,
3995,NFCORE_RANGELAND:RANGELAND:PREPROCESSING:FORCE_PREPROCESS,1722126481000,1722126600000,6,185.2,,38654705664.0,,,0.6222685910787455,0.6222685910787455,0.0,790.610856,
3996,NFCORE_RANGELAND:RANGELAND:PREPROCESSING:FORCE_PREPROCESS,1722126507000,1722126600000,6,191.9,,38654705664.0,,,0.48890466673716054,0.48890466673716054,0.0,790.610856,
3997,NFCORE_RANGELAND:RANGELAND:PREPROCESSING:FORCE_PREPROCESS,1722126483000,1722126600000,6,187.3,,38654705664.0,,,0.6083425014416239,0.6083425014416239,0.0,790.610856,
3983,NFCORE_RANGELAND:RANGELAND:PREPROCESSING:FORCE_PREPROCESS,1722126563000,1722126600000,6,191.6,,38654705664.0,,,0.5663660064003722,0.5663660064003722,0.0,790.610856,
4002,NFCORE_RANGELAND:RANGELAND:PREPROCESSING:FORCE_PREPROCESS,1722126526000,1722126600000,6,193.4,,38654705664.0,,,0.524504508641039,0.524504508641039,0.0,790.610856,
3977,NFCORE_RANGELAND:RANGELAND:PREPROCESSING:FORCE_PREPROCESS,1722126317000,1722126600000,6,136.8,,38654705664.0,,,1.35787492082232,1.35787492082232,0.0,790.610856,
3999,NFCORE_RANGELAND:RANGELAND:PREPROCESSING:FORCE_PREPROCESS,1722126521000,1722126600000,6,176.3,,38654705664.0,,,0.6702822118643634,0.6702822118643634,0.0,790.610856,
4000,NFCORE_RANGELAND:RANGELAND:PREPROCESSING:FORCE_PREPROCESS,1722126532000,1722126600000,6,192.8,,38654705664.0,,,0.528135404597319,0.528135404597319,0.0,790.610856,
4003,NFCORE_RANGELAND:RANGELAND:PREPROCESSING:FORCE_PREPROCESS,1722126559000,1722126600000,6,191.2,,38654705664.0,,,0.5354347837732022,0.5354347837732022,0.0,790.610856,
4005,NFCORE_RANGELAND:RANGELAND:PREPROCESSING:FORCE_PREPROCESS,1722126584000,1722126600000,6,192.9,,38654705664.0,,,0.5060843484334442,0.5060843484334442,0.0,790.610856,
3585,NFCORE_RANGELAND:RANGELAND:PREPROCESSING:FORCE_PREPROCESS,1722126581000,1722126600000,6,186.2,,38654705664.0,,,0.5865245012883413,0.5865245012883413,0.0,790.610856,
4004,NFCORE_RANGELAND:RANGELAND:PREPROCESSING:FORCE_PREPROCESS,1722126597000,1722126600000,6,131.0,,38654705664.0,,,1.4585164306073537,1.4585164306073537,0.0,791.291244,
4008,NFCORE_RANGELAND:RANGELAND:PREPROCESSING:FORCE_PREPROCESS,1722126607000,1722126734000,6,195.1,,38654705664.0,,,0.48824195407160825,0.48824195407160825,0.0,792.425224,
3067,NFCORE_RANGELAND:RANGELAND:PREPROCESSING:FORCE_PREPROCESS,1722126657000,1722126805000,6,198.0,,38654705664.0,,,0.57059865945109,0.57059865945109,0.0,792.425224,
3509,NFCORE_RANGELAND:RANGELAND:PREPROCESSING:FORCE_PREPROCESS,1722126638000,1722126775000,6,190.7,,38654705664.0,,,0.5244056411497021,0.5244056411497021,0.0,792.425224,
4006,NFCORE_RANGELAND:RANGELAND:PREPROCESSING:FORCE_PREPROCESS,1722126604000,1722126741000,6,193.8,,38654705664.0,,,0.5260124002291122,0.5260124002291122,0.0,792.425224,
4009,NFCORE_RANGELAND:RANGELAND:PREPROCESSING:FORCE_PREPROCESS,1722126646000,1722126781000,6,191.5,,38654705664.0,,,0.5171586786007218,0.5171586786007218,0.0,792.425224,
4014,NFCORE_RANGELAND:RANGELAND:PREPROCESSING:FORCE_PREPROCESS,1722126647000,1722126783000,6,195.2,,38654705664.0,,,0.5228932301985245,0.5228932301985245,0.0,792.425224,
4015,NFCORE_RANGELAND:RANGELAND:PREPROCESSING:FORCE_PREPROCESS,1722126666000,1722126804000,6,193.4,,38654705664.0,,,0.5296430697358858,0.5296430697358858,0.0,792.425224,
4016,NFCORE_RANGELAND:RANGELAND:PREPROCESSING:FORCE_PREPROCESS,1722126714000,1722126852000,6,193.9,,38654705664.0,,,0.5299041160661879,0.5299041160661879,0.0,792.425224,
4017,NFCORE_RANGELAND:RANGELAND:PREPROCESSING:FORCE_PREPROCESS,1722126672000,1722126800000,6,195.5,,38654705664.0,,,0.49228008285046215,0.49228008285046215,0.0,792.425224,
2229,NFCORE_RANGELAND:RANGELAND:PREPROCESSING:FORCE_PREPROCESS,1722126696000,1722126828000,6,189.0,,38654705664.0,,,0.504417781071435,0.504417781071435,0.0,792.425224,
4018,NFCORE_RANGELAND:RANGELAND:PREPROCESSING:FORCE_PREPROCESS,1722126704000,1722126840000,6,194.2,,38654705664.0,,,0.522378704098219,0.522378704098219,0.0,792.425224,
4019,NFCORE_RANGELAND:RANGELAND:PREPROCESSING:FORCE_PREPROCESS,1722126705000,1722126862000,6,183.4,,38654705664.0,,,0.5966251918216344,0.5966251918216344,0.0,792.425224,
4020,NFCORE_RANGELAND:RANGELAND:PREPROCESSING:FORCE_PREPROCESS,1722126719000,1722126870000,6,191.2,,38654705664.0,,,0.5782801764367105,0.5782801764367105,0.0,792.425224,
4021,NFCORE_RANGELAND:RANGELAND:PREPROCESSING:FORCE_PREPROCESS,1722126737000,1722126870000,6,193.6,,38654705664.0,,,0.5105537386930789,0.5105537386930789,0.0,792.425224,
4024,NFCORE_RANGELAND:RANGELAND:PREPROCESSING:FORCE_PREPROCESS,1722126743000,1722126871000,6,189.7,,38654705664.0,,,0.4894713756676177,0.4894713756676177,0.0,792.425224,
4007,NFCORE_RANGELAND:RANGELAND:PREPROCESSING:FORCE_PREPROCESS,1722126609000,1722126870000,6,179.2,,38654705664.0,,,0.98769464769808,0.98769464769808,0.0,792.425224,
4023,NFCORE_RANGELAND:RANGELAND:PREPROCESSING:FORCE_PREPROCESS,1722126738000,1722126874000,6,192.9,,38654705664.0,,,0.5217098201678217,0.5217098201678217,0.0,792.425224,
4034,NFCORE_RANGELAND:RANGELAND:PREPROCESSING:FORCE_PREPROCESS,1722126877000,1722126900000,6,170.8,,38654705664.0,,,0.12756107074623696,0.12756107074623696,0.0,792.1984279999999,
4027,NFCORE_RANGELAND:RANGELAND:PREPROCESSING:FORCE_PREPROCESS,1722126787000,1722126900000,6,193.0,,38654705664.0,,,0.5178764799753,0.5178764799753,0.0,792.1984279999999,
4028,NFCORE_RANGELAND:RANGELAND:PREPROCESSING:FORCE_PREPROCESS,1722126806000,1722126900000,6,192.1,,38654705664.0,,,0.5020516429887514,0.5020516429887514,0.0,792.1984279999999,
2143,NFCORE_RANGELAND:RANGELAND:PREPROCESSING:FORCE_PREPROCESS,1722126777000,1722126900000,6,184.3,,38654705664.0,,,0.5856815799310039,0.5856815799310039,0.0,792.1984279999999,
4022,NFCORE_RANGELAND:RANGELAND:PREPROCESSING:FORCE_PREPROCESS,1722126807000,1722126900000,6,173.3,,38654705664.0,,,0.6656841473939676,0.6656841473939676,0.0,792.1984279999999,
4025,NFCORE_RANGELAND:RANGELAND:PREPROCESSING:FORCE_PREPROCESS,1722126784000,1722126900000,6,182.1,,38654705664.0,,,0.6185223731048997,0.6185223731048997,0.0,792.1984279999999,
4030,NFCORE_RANGELAND:RANGELAND:PREPROCESSING:FORCE_PREPROCESS,1722126854000,1722126900000,6,190.0,,38654705664.0,,,0.5582500413281106,0.5582500413281106,0.0,792.1984279999999,
4031,NFCORE_RANGELAND:RANGELAND:PREPROCESSING:FORCE_PREPROCESS,1722126830000,1722126900000,6,192.7,,38654705664.0,,,0.5099625705385089,0.5099625705385089,0.0,792.1984279999999,
4032,NFCORE_RANGELAND:RANGELAND:PREPROCESSING:FORCE_PREPROCESS,1722126864000,1722126900000,6,194.7,,38654705664.0,,,0.4955310124899563,0.4955310124899563,0.0,792.1984279999999,
4029,NFCORE_RANGELAND:RANGELAND:PREPROCESSING:FORCE_PREPROCESS,1722126842000,1722126900000,6,189.0,,38654705664.0,,,0.5959157420010724,0.5959157420010724,0.0,792.1984279999999,
4033,NFCORE_RANGELAND:RANGELAND:PREPROCESSING:FORCE_PREPROCESS,1722126872000,1722126900000,6,190.0,,38654705664.0,,,0.5123353427979356,0.5123353427979356,0.0,792.1984279999999,
2213,NFCORE_RANGELAND:RANGELAND:PREPROCESSING:FORCE_PREPROCESS,1722126875000,1722126900000,6,188.8,,38654705664.0,,,0.49644709307492224,0.49644709307492224,0.0,792.1984279999999,
3603,NFCORE_RANGELAND:RANGELAND:PREPROCESSING:FORCE_PREPROCESS,1722126803000,1722126900000,6,165.9,,38654705664.0,,,0.7726931736898923,0.7726931736898923,0.0,792.1984279999999,
4037,NFCORE_RANGELAND:RANGELAND:PREPROCESSING:FORCE_PREPROCESS,1722126873000,1722126900000,6,169.8,,38654705664.0,,,0.7868359670585737,0.7868359670585737,0.0,792.1984279999999,
4038,NFCORE_RANGELAND:RANGELAND:PREPROCESSING:FORCE_PREPROCESS,1722126874000,1722126900000,6,192.7,,38654705664.0,,,0.877848332481782,0.877848332481782,0.0,792.1984279999999,
4050,NFCORE_RANGELAND:RANGELAND:PREPROCESSING:FORCE_PREPROCESS,1722127010000,1722127042000,6,171.6,,38654705664.0,,,0.12010777780368,0.12010777780368,0.0,791.971632,
4035,NFCORE_RANGELAND:RANGELAND:PREPROCESSING:FORCE_PREPROCESS,1722126913000,1722127055000,6,190.6,,38654705664.0,,,0.543179711093455,0.543179711093455,0.0,791.971632,
4039,NFCORE_RANGELAND:RANGELAND:PREPROCESSING:FORCE_PREPROCESS,1722126933000,1722127062000,6,192.8,,38654705664.0,,,0.49452507137661,0.49452507137661,0.0,791.971632,
4036,NFCORE_RANGELAND:RANGELAND:PREPROCESSING:FORCE_PREPROCESS,1722126925000,1722127068000,6,186.3,,38654705664.0,,,0.5446799129820262,0.5446799129820262,0.0,791.971632,
4043,NFCORE_RANGELAND:RANGELAND:PREPROCESSING:FORCE_PREPROCESS,1722126987000,1722127137000,6,187.3,,38654705664.0,,,0.5719097332494375,0.5719097332494375,0.0,791.971632,
4044,NFCORE_RANGELAND:RANGELAND:PREPROCESSING:FORCE_PREPROCESS,1722126949000,1722127083000,6,193.3,,38654705664.0,,,0.5139460444777475,0.5139460444777475,0.0,791.971632,
3895,NFCORE_RANGELAND:RANGELAND:PREPROCESSING:FORCE_PREPROCESS,1722127003000,1722127141000,6,192.5,,38654705664.0,,,0.5288702823995325,0.5288702823995325,0.0,791.971632,
4041,NFCORE_RANGELAND:RANGELAND:PREPROCESSING:FORCE_PREPROCESS,1722126940000,1722127124000,6,166.1,,38654705664.0,,,0.68679323443391,0.68679323443391,0.0,791.971632,
4047,NFCORE_RANGELAND:RANGELAND:PREPROCESSING:FORCE_PREPROCESS,1722126995000,1722127138000,6,189.4,,38654705664.0,,,0.5463560810675825,0.5463560810675825,0.0,791.971632,
4048,NFCORE_RANGELAND:RANGELAND:PREPROCESSING:FORCE_PREPROCESS,1722127001000,1722127142000,6,190.9,,38654705664.0,,,0.5395144430063963,0.5395144430063963,0.0,791.971632,
4049,NFCORE_RANGELAND:RANGELAND:PREPROCESSING:FORCE_PREPROCESS,1722127005000,1722127152000,6,191.3,,38654705664.0,,,0.5626948339471988,0.5626948339471988,0.0,791.971632,
3930,NFCORE_RANGELAND:RANGELAND:PREPROCESSING:FORCE_PREPROCESS,1722127016000,1722127174000,6,177.0,,38654705664.0,,,0.596258199850395,0.596258199850395,0.0,791.971632,
2547,NFCORE_RANGELAND:RANGELAND:PREPROCESSING:FORCE_PREPROCESS,1722127045000,1722127187000,6,191.5,,38654705664.0,,,0.5436629375345425,0.5436629375345425,0.0,791.971632,
2670,NFCORE_RANGELAND:RANGELAND:PREPROCESSING:FORCE_PREPROCESS,1722127057000,1722127200000,6,193.2,,38654705664.0,,,0.5522457788517598,0.5522457788517598,0.0,791.971632,
4055,NFCORE_RANGELAND:RANGELAND:PREPROCESSING:FORCE_PREPROCESS,1722127070000,1722127200000,6,195.0,,38654705664.0,,,0.55322584374636,0.55322584374636,0.0,791.971632,
4051,NFCORE_RANGELAND:RANGELAND:PREPROCESSING:FORCE_PREPROCESS,1722127064000,1722127200000,6,190.5,,38654705664.0,,,0.6119729794554001,0.6119729794554001,0.0,791.971632,
4058,NFCORE_RANGELAND:RANGELAND:PREPROCESSING:FORCE_PREPROCESS,1722127139000,1722127200000,6,195.2,,38654705664.0,,,0.5264365233254801,0.5264365233254801,0.0,791.971632,
4045,NFCORE_RANGELAND:RANGELAND:PREPROCESSING:FORCE_PREPROCESS,1722127016000,1722127200000,6,196.3,,38654705664.0,,,0.8385940257608075,0.8385940257608075,0.0,791.971632,
4046,NFCORE_RANGELAND:RANGELAND:PREPROCESSING:FORCE_PREPROCESS,1722126965000,1722127200000,6,170.6,,38654705664.0,,,1.0011397134612676,1.0011397134612676,0.0,791.971632,
4060,NFCORE_RANGELAND:RANGELAND:PREPROCESSING:FORCE_PREPROCESS,1722127105000,1722127200000,6,195.1,,38654705664.0,,,0.5263847220559738,0.5263847220559738,0.0,791.971632,
4061,NFCORE_RANGELAND:RANGELAND:PREPROCESSING:FORCE_PREPROCESS,1722127127000,1722127200000,6,193.9,,38654705664.0,,,0.5180877329996812,0.5180877329996812,0.0,791.971632,
4052,NFCORE_RANGELAND:RANGELAND:PREPROCESSING:FORCE_PREPROCESS,1722127141000,1722127200000,6,190.6,,38654705664.0,,,0.5164032464620876,0.5164032464620876,0.0,791.971632,
4063,NFCORE_RANGELAND:RANGELAND:PREPROCESSING:FORCE_PREPROCESS,1722127177000,1722127200000,6,194.5,,38654705664.0,,,0.49919422538001257,0.49919422538001257,0.0,791.971632,
4065,NFCORE_RANGELAND:RANGELAND:PREPROCESSING:FORCE_PREPROCESS,1722127190000,1722127200000,6,196.5,,38654705664.0,,,0.4963297973572912,0.4963297973572912,0.0,791.971632,
4064,NFCORE_RANGELAND:RANGELAND:PREPROCESSING:FORCE_PREPROCESS,1722127144000,1722127200000,6,168.9,,38654705664.0,,,0.6962275827506024,0.6962275827506024,0.0,791.971632,
3643,NFCORE_RANGELAND:RANGELAND:PREPROCESSING:FORCE_PREPROCESS,1722127087000,1722127200000,6,191.4,,38654705664.0,,,1.1025314279143201,1.1025314279143201,0.0,791.971632,
4059,NFCORE_RANGELAND:RANGELAND:PREPROCESSING:FORCE_PREPROCESS,1722127144000,1722127200000,6,149.8,,38654705664.0,,,1.1196366264652626,1.1196366264652626,0.0,791.971632,
4057,NFCORE_RANGELAND:RANGELAND:PREPROCESSING:FORCE_PREPROCESS,1722127085000,1722127200000,6,138.0,,38654705664.0,,,1.1930601377243852,1.1930601377243852,0.0,791.971632,
4062,NFCORE_RANGELAND:RANGELAND:PREPROCESSING:FORCE_PREPROCESS,1722127155000,1722127200000,6,149.3,,38654705664.0,,,0.953952792421525,0.953952792421525,0.0,791.971632,
4069,NFCORE_RANGELAND:RANGELAND:PREPROCESSING:FORCE_PREPROCESS,1722127235000,1722127271000,6,171.5,,38654705664.0,,,0.135107638016715,0.135107638016715,0.0,791.971632,
4066,NFCORE_RANGELAND:RANGELAND:PREPROCESSING:FORCE_PREPROCESS,1722127203000,1722127335000,6,196.0,,38654705664.0,,,0.50762279722308,0.50762279722308,0.0,791.971632,
2394,NFCORE_RANGELAND:RANGELAND:PREPROCESSING:FORCE_PREPROCESS,1722127217000,1722127369000,6,184.1,,38654705664.0,,,0.57769606223623,0.57769606223623,0.0,791.971632,
4067,NFCORE_RANGELAND:RANGELAND:PREPROCESSING:FORCE_PREPROCESS,1722127237000,1722127376000,6,191.5,,38654705664.0,,,0.5321771008260663,0.5321771008260663,0.0,791.971632,
4076,NFCORE_RANGELAND:RANGELAND:PREPROCESSING:FORCE_PREPROCESS,1722127265000,1722127398000,6,193.7,,38654705664.0,,,0.5103117815301013,0.5103117815301013,0.0,791.971632,
4077,NFCORE_RANGELAND:RANGELAND:PREPROCESSING:FORCE_PREPROCESS,1722127278000,1722127410000,6,194.9,,38654705664.0,,,0.507073779388605,0.507073779388605,0.0,791.971632,
4070,NFCORE_RANGELAND:RANGELAND:PREPROCESSING:FORCE_PREPROCESS,1722127279000,1722127468000,6,169.9,,38654705664.0,,,0.7081716905440537,0.7081716905440537,0.0,791.971632,
4074,NFCORE_RANGELAND:RANGELAND:PREPROCESSING:FORCE_PREPROCESS,1722127273000,1722127436000,6,178.7,,38654705664.0,,,0.6161748770706762,0.6161748770706762,0.0,791.971632,
4079,NFCORE_RANGELAND:RANGELAND:PREPROCESSING:FORCE_PREPROCESS,1722127321000,1722127451000,6,194.6,,38654705664.0,,,0.49924337986932493,0.49924337986932493,0.0,791.971632,
4078,NFCORE_RANGELAND:RANGELAND:PREPROCESSING:FORCE_PREPROCESS,1722127309000,1722127470000,6,175.6,,38654705664.0,,,0.6067272948530149,0.6067272948530149,0.0,791.971632,
4080,NFCORE_RANGELAND:RANGELAND:PREPROCESSING:FORCE_PREPROCESS,1722127338000,1722127473000,6,192.5,,38654705664.0,,,0.5173731023473687,0.5173731023473687,0.0,791.971632,
2602,NFCORE_RANGELAND:RANGELAND:PREPROCESSING:FORCE_PREPROCESS,1722127227000,1722127477000,6,166.2,,38654705664.0,,,0.9332375094318752,0.9332375094318752,0.0,791.971632,
4073,NFCORE_RANGELAND:RANGELAND:PREPROCESSING:FORCE_PREPROCESS,1722127244000,1722127485000,6,149.7,,38654705664.0,,,0.8846053570345463,0.8846053570345463,0.0,791.971632,
4081,NFCORE_RANGELAND:RANGELAND:PREPROCESSING:FORCE_PREPROCESS,1722127371000,1722127500000,6,193.3,,38654705664.0,,,0.5500332442977217,0.5500332442977217,0.0,803.538228,
4082,NFCORE_RANGELAND:RANGELAND:PREPROCESSING:FORCE_PREPROCESS,1722127378000,1722127500000,6,192.2,,38654705664.0,,,0.5383906355866075,0.5383906355866075,0.0,803.538228,
4084,NFCORE_RANGELAND:RANGELAND:PREPROCESSING:FORCE_PREPROCESS,1722127379000,1722127500000,6,180.6,,38654705664.0,,,0.6102982041807787,0.6102982041807787,0.0,803.538228,
2281,NFCORE_RANGELAND:RANGELAND:PREPROCESSING:FORCE_PREPROCESS,1722127401000,1722127500000,6,186.2,,38654705664.0,,,0.5260017934763084,0.5260017934763084,0.0,803.538228,
4085,NFCORE_RANGELAND:RANGELAND:PREPROCESSING:FORCE_PREPROCESS,1722127452000,1722127500000,6,193.0,,38654705664.0,,,0.5471035616085217,0.5471035616085217,0.0,803.538228,
4089,NFCORE_RANGELAND:RANGELAND:PREPROCESSING:FORCE_PREPROCESS,1722127420000,1722127500000,6,192.7,,38654705664.0,,,0.5157430303480035,0.5157430303480035,0.0,803.538228,
4086,NFCORE_RANGELAND:RANGELAND:PREPROCESSING:FORCE_PREPROCESS,1722127413000,1722127500000,6,189.8,,38654705664.0,,,0.544956798366975,0.544956798366975,0.0,803.538228,
4087,NFCORE_RANGELAND:RANGELAND:PREPROCESSING:FORCE_PREPROCESS,1722127417000,1722127500000,6,181.9,,38654705664.0,,,0.5840749286230057,0.5840749286230057,0.0,803.538228,
4091,NFCORE_RANGELAND:RANGELAND:PREPROCESSING:FORCE_PREPROCESS,1722127438000,1722127500000,6,193.2,,38654705664.0,,,0.529854943173325,0.529854943173325,0.0,803.538228,
4092,NFCORE_RANGELAND:RANGELAND:PREPROCESSING:FORCE_PREPROCESS,1722127454000,1722127500000,6,192.3,,38654705664.0,,,0.5351190676725481,0.5351190676725481,0.0,803.538228,
3666,NFCORE_RANGELAND:RANGELAND:PREPROCESSING:FORCE_PREPROCESS,1722127473000,1722127500000,6,191.4,,38654705664.0,,,0.5446485257622276,0.5446485257622276,0.0,803.538228,
4096,NFCORE_RANGELAND:RANGELAND:PREPROCESSING:FORCE_PREPROCESS,1722127480000,1722127500000,6,195.7,,38654705664.0,,,0.5279638159962513,0.5279638159962513,0.0,803.538228,
4090,NFCORE_RANGELAND:RANGELAND:PREPROCESSING:FORCE_PREPROCESS,1722127471000,1722127500000,6,178.8,,38654705664.0,,,0.7711108673142101,0.7711108673142101,0.0,803.538228,
4095,NFCORE_RANGELAND:RANGELAND:PREPROCESSING:FORCE_PREPROCESS,1722127487000,1722127500000,6,193.7,,38654705664.0,,,0.5356078348816631,0.5356078348816631,0.0,803.538228,
4094,NFCORE_RANGELAND:RANGELAND:PREPROCESSING:FORCE_PREPROCESS,1722127475000,1722127500000,6,168.7,,38654705664.0,,,0.8908654887696945,0.8908654887696945,0.0,803.538228,
4075,NFCORE_RANGELAND:RANGELAND:PREPROCESSING:FORCE_PREPROCESS,1722127333000,1722127500000,6,132.0,,38654705664.0,,,1.5104869054509549,1.5104869054509549,0.0,803.538228,
4099,NFCORE_RANGELAND:RANGELAND:PREPROCESSING:FORCE_PREPROCESS,1722127540000,1722127575000,6,170.5,,38654705664.0,,,0.13505526310688856,0.13505526310688856,0.0,815.104824,
4111,NFCORE_RANGELAND:RANGELAND:PREPROCESSING:FORCE_PREPROCESS,1722127616000,1722127652000,6,169.8,,38654705664.0,,,0.13881591761080503,0.13881591761080503,0.0,815.104824,
4102,NFCORE_RANGELAND:RANGELAND:PREPROCESSING:FORCE_PREPROCESS,1722127594000,1722127735000,6,194.0,,38654705664.0,,,0.5569744565993425,0.5569744565993425,0.0,815.104824,
4103,NFCORE_RANGELAND:RANGELAND:PREPROCESSING:FORCE_PREPROCESS,1722127555000,1722127686000,6,195.0,,38654705664.0,,,0.5179825163818862,0.5179825163818862,0.0,815.104824,
2105,NFCORE_RANGELAND:RANGELAND:PREPROCESSING:FORCE_PREPROCESS,1722127571000,1722127699000,6,188.8,,38654705664.0,,,0.5030319797393067,0.5030319797393067,0.0,815.104824,
4097,NFCORE_RANGELAND:RANGELAND:PREPROCESSING:FORCE_PREPROCESS,1722127516000,1722127720000,6,166.8,,38654705664.0,,,0.7842418987202701,0.7842418987202701,0.0,815.104824,
4106,NFCORE_RANGELAND:RANGELAND:PREPROCESSING:FORCE_PREPROCESS,1722127578000,1722127710000,6,196.1,,38654705664.0,,,0.5225016358303225,0.5225016358303225,0.0,815.104824,
4107,NFCORE_RANGELAND:RANGELAND:PREPROCESSING:FORCE_PREPROCESS,1722127578000,1722127715000,6,192.9,,38654705664.0,,,0.5405873047800257,0.5405873047800257,0.0,815.104824,
4098,NFCORE_RANGELAND:RANGELAND:PREPROCESSING:FORCE_PREPROCESS,1722127520000,1722127737000,6,196.1,,38654705664.0,,,0.8589610225392422,0.8589610225392422,0.0,815.104824,
4101,NFCORE_RANGELAND:RANGELAND:PREPROCESSING:FORCE_PREPROCESS,1722127542000,1722127740000,6,165.4,,38654705664.0,,,0.7600972202321026,0.7600972202321026,0.0,815.104824,
2180,NFCORE_RANGELAND:RANGELAND:PREPROCESSING:FORCE_PREPROCESS,1722127626000,1722127763000,6,188.6,,38654705664.0,,,0.5382947870847122,0.5382947870847122,0.0,815.104824,
4112,NFCORE_RANGELAND:RANGELAND:PREPROCESSING:FORCE_PREPROCESS,1722127673000,1722127800000,6,189.1,,38654705664.0,,,0.6408488373100916,0.6408488373100916,0.0,815.3316199999999,
4113,NFCORE_RANGELAND:RANGELAND:PREPROCESSING:FORCE_PREPROCESS,1722127654000,1722127786000,6,194.7,,38654705664.0,,,0.5217824756366475,0.5217824756366475,0.0,815.104824,
4104,NFCORE_RANGELAND:RANGELAND:PREPROCESSING:FORCE_PREPROCESS,1722127557000,1722127793000,6,157.6,,38654705664.0,,,0.8988108818106467,0.8988108818106467,0.0,815.104824,
4105,NFCORE_RANGELAND:RANGELAND:PREPROCESSING:FORCE_PREPROCESS,1722127593000,1722127799000,6,196.2,,38654705664.0,,,0.8154993856788675,0.8154993856788675,0.0,815.104824,
3203,NFCORE_RANGELAND:RANGELAND:PREPROCESSING:FORCE_PREPROCESS,1722127688000,1722127800000,6,189.7,,38654705664.0,,,0.5782922537883274,0.5782922537883274,0.0,815.3316199999999,
4114,NFCORE_RANGELAND:RANGELAND:PREPROCESSING:FORCE_PREPROCESS,1722127737000,1722127800000,6,189.3,,38654705664.0,,,0.5703024707616561,0.5703024707616561,0.0,815.3316199999999,
4115,NFCORE_RANGELAND:RANGELAND:PREPROCESSING:FORCE_PREPROCESS,1722127701000,1722127800000,6,194.7,,38654705664.0,,,0.517899969146459,0.517899969146459,0.0,815.3316199999999,
4108,NFCORE_RANGELAND:RANGELAND:PREPROCESSING:FORCE_PREPROCESS,1722127614000,1722127800000,6,160.5,,38654705664.0,,,0.8939366842604712,0.8939366842604712,0.0,815.3316199999999,
4118,NFCORE_RANGELAND:RANGELAND:PREPROCESSING:FORCE_PREPROCESS,1722127718000,1722127800000,6,194.4,,38654705664.0,,,0.54150796914446,0.54150796914446,0.0,815.3316199999999,
4119,NFCORE_RANGELAND:RANGELAND:PREPROCESSING:FORCE_PREPROCESS,1722127723000,1722127800000,6,194.7,,38654705664.0,,,0.5219034602581547,0.5219034602581547,0.0,815.3316199999999,
4120,NFCORE_RANGELAND:RANGELAND:PREPROCESSING:FORCE_PREPROCESS,1722127739000,1722127800000,6,190.3,,38654705664.0,,,0.5669333399766251,0.5669333399766251,0.0,815.3316199999999,
4121,NFCORE_RANGELAND:RANGELAND:PREPROCESSING:FORCE_PREPROCESS,1722127742000,1722127800000,6,188.9,,38654705664.0,,,0.5504250567917015,0.5504250567917015,0.0,815.3316199999999,
4123,NFCORE_RANGELAND:RANGELAND:PREPROCESSING:FORCE_PREPROCESS,1722127747000,1722127800000,6,195.5,,38654705664.0,,,0.5302837635810339,0.5302837635810339,0.0,815.3316199999999,
4122,NFCORE_RANGELAND:RANGELAND:PREPROCESSING:FORCE_PREPROCESS,1722127765000,1722127800000,6,194.5,,38654705664.0,,,0.5377103434039802,0.5377103434039802,0.0,815.3316199999999,
4126,NFCORE_RANGELAND:RANGELAND:PREPROCESSING:FORCE_PREPROCESS,1722127796000,1722127800000,6,194.0,,38654705664.0,,,0.5137995224022067,0.5137995224022067,0.0,815.3316199999999,
4116,NFCORE_RANGELAND:RANGELAND:PREPROCESSING:FORCE_PREPROCESS,1722127710000,1722127800000,6,171.7,,38654705664.0,,,0.9004776975457752,0.9004776975457752,0.0,815.3316199999999,
4117,NFCORE_RANGELAND:RANGELAND:PREPROCESSING:FORCE_PREPROCESS,1722127713000,1722127800000,6,159.2,,38654705664.0,,,0.8967797681178895,0.8967797681178895,0.0,815.3316199999999,
4124,NFCORE_RANGELAND:RANGELAND:PREPROCESSING:FORCE_PREPROCESS,1722127789000,1722127800000,6,145.8,,38654705664.0,,,1.0390325414375112,1.0390325414375112,0.0,815.3316199999999,
4127,NFCORE_RANGELAND:RANGELAND:PREPROCESSING:FORCE_PREPROCESS,1722127802000,1722127932000,6,193.8,,38654705664.0,,,0.5137070783681416,0.5137070783681416,0.0,815.558416,
4128,NFCORE_RANGELAND:RANGELAND:PREPROCESSING:FORCE_PREPROCESS,1722127835000,1722127970000,6,192.7,,38654705664.0,,,0.5328868247469187,0.5328868247469187,0.0,815.558416,
4129,NFCORE_RANGELAND:RANGELAND:PREPROCESSING:FORCE_PREPROCESS,1722127838000,1722127969000,6,193.3,,38654705664.0,,,0.5174036322861624,0.5174036322861624,0.0,815.558416,
4130,NFCORE_RANGELAND:RANGELAND:PREPROCESSING:FORCE_PREPROCESS,1722127884000,1722128022000,6,191.9,,38654705664.0,,,0.5442988869373059,0.5442988869373059,0.0,815.558416,
4139,NFCORE_RANGELAND:RANGELAND:PREPROCESSING:FORCE_PREPROCESS,1722127946000,1722127980000,6,172.0,,38654705664.0,,,0.13146812993120222,0.13146812993120222,0.0,815.558416,
4131,NFCORE_RANGELAND:RANGELAND:PREPROCESSING:FORCE_PREPROCESS,1722127850000,1722127985000,6,190.4,,38654705664.0,,,0.5316778231107,0.5316778231107,0.0,815.558416,
4132,NFCORE_RANGELAND:RANGELAND:PREPROCESSING:FORCE_PREPROCESS,1722127857000,1722127991000,6,195.6,,38654705664.0,,,0.5304526164986633,0.5304526164986633,0.0,815.558416,
4135,NFCORE_RANGELAND:RANGELAND:PREPROCESSING:FORCE_PREPROCESS,1722127887000,1722128022000,6,192.5,,38654705664.0,,,0.5327816941698562,0.5327816941698562,0.0,815.558416,
4125,NFCORE_RANGELAND:RANGELAND:PREPROCESSING:FORCE_PREPROCESS,1722127838000,1722128073000,6,160.7,,38654705664.0,,,0.8983369934664883,0.8983369934664883,0.0,815.558416,
4134,NFCORE_RANGELAND:RANGELAND:PREPROCESSING:FORCE_PREPROCESS,1722127887000,1722128027000,6,192.1,,38654705664.0,,,0.5522963009052029,0.5522963009052029,0.0,815.558416,
4053,NFCORE_RANGELAND:RANGELAND:PREPROCESSING:FORCE_PREPROCESS,1722127884000,1722128037000,6,186.4,,38654705664.0,,,0.60018523977871,0.60018523977871,0.0,815.558416,
4137,NFCORE_RANGELAND:RANGELAND:PREPROCESSING:FORCE_PREPROCESS,1722127928000,1722128065000,6,189.9,,38654705664.0,,,0.5392878114334964,0.5392878114334964,0.0,815.558416,
4133,NFCORE_RANGELAND:RANGELAND:PREPROCESSING:FORCE_PREPROCESS,1722127860000,1722128087000,6,159.9,,38654705664.0,,,0.8670482081086505,0.8670482081086505,0.0,815.558416,
4138,NFCORE_RANGELAND:RANGELAND:PREPROCESSING:FORCE_PREPROCESS,1722127934000,1722128100000,6,181.4,,38654705664.0,,,0.6674661330476576,0.6674661330476576,0.0,815.558416,
4141,NFCORE_RANGELAND:RANGELAND:PREPROCESSING:FORCE_PREPROCESS,1722127971000,1722128100000,6,191.6,,38654705664.0,,,0.5323086065730749,0.5323086065730749,0.0,815.558416,
4143,NFCORE_RANGELAND:RANGELAND:PREPROCESSING:FORCE_PREPROCESS,1722127974000,1722128100000,6,195.1,,38654705664.0,,,0.5222784274122984,0.5222784274122984,0.0,815.558416,
4145,NFCORE_RANGELAND:RANGELAND:PREPROCESSING:FORCE_PREPROCESS,1722127982000,1722128100000,6,195.4,,38654705664.0,,,0.518474796054677,0.518474796054677,0.0,815.558416,
4142,NFCORE_RANGELAND:RANGELAND:PREPROCESSING:FORCE_PREPROCESS,1722127994000,1722128100000,6,195.4,,38654705664.0,,,0.5224326189253233,0.5224326189253233,0.0,815.558416,
4136,NFCORE_RANGELAND:RANGELAND:PREPROCESSING:FORCE_PREPROCESS,1722127903000,1722128100000,6,160.7,,38654705664.0,,,0.8945142828559925,0.8945142828559925,0.0,815.558416,
4144,NFCORE_RANGELAND:RANGELAND:PREPROCESSING:FORCE_PREPROCESS,1722128025000,1722128100000,6,192.2,,38654705664.0,,,0.6194219832131052,0.6194219832131052,0.0,815.558416,
4140,NFCORE_RANGELAND:RANGELAND:PREPROCESSING:FORCE_PREPROCESS,1722127950000,1722128100000,6,163.9,,38654705664.0,,,0.7516934240250672,0.7516934240250672,0.0,815.558416,
4146,NFCORE_RANGELAND:RANGELAND:PREPROCESSING:FORCE_PREPROCESS,1722127988000,1722128100000,6,192.1,,38654705664.0,,,0.6114709045736173,0.6114709045736173,0.0,815.558416,
4088,NFCORE_RANGELAND:RANGELAND:PREPROCESSING:FORCE_PREPROCESS,1722128080000,1722128100000,6,193.8,,38654705664.0,,,0.5729809720260043,0.5729809720260043,0.0,815.558416,
3267,NFCORE_RANGELAND:RANGELAND:PREPROCESSING:FORCE_PREPROCESS,1722128045000,1722128100000,6,191.6,,38654705664.0,,,0.5559667668652117,0.5559667668652117,0.0,815.558416,
3646,NFCORE_RANGELAND:RANGELAND:PREPROCESSING:FORCE_PREPROCESS,1722128067000,1722128100000,6,189.2,,38654705664.0,,,0.5585828120745344,0.5585828120745344,0.0,815.558416,
2269,NFCORE_RANGELAND:RANGELAND:PREPROCESSING:FORCE_PREPROCESS,1722128078000,1722128100000,6,186.0,,38654705664.0,,,0.5411286159801101,0.5411286159801101,0.0,815.558416,
4071,NFCORE_RANGELAND:RANGELAND:PREPROCESSING:FORCE_PREPROCESS,1722128090000,1722128100000,6,194.4,,38654705664.0,,,0.52982650550638,0.52982650550638,0.0,815.558416,
4054,NFCORE_RANGELAND:RANGELAND:PREPROCESSING:FORCE_PREPROCESS,1722128024000,1722128100000,6,176.5,,38654705664.0,,,1.1652694400107915,1.1652694400107915,0.0,815.558416,
3648,NFCORE_RANGELAND:RANGELAND:PREPROCESSING:FORCE_PREPROCESS,1722128035000,1722128100000,6,158.4,,38654705664.0,,,1.1250577376319,1.1250577376319,0.0,815.558416,
2107,NFCORE_RANGELAND:RANGELAND:PREPROCESSING:FORCE_PREPROCESS,1722128108000,1722128248000,6,187.1,,38654705664.0,,,0.5495706933517307,0.5495706933517307,0.0,815.558416,
4109,NFCORE_RANGELAND:RANGELAND:PREPROCESSING:FORCE_PREPROCESS,1722128128000,1722128265000,6,193.8,,38654705664.0,,,0.5413682287418109,0.5413682287418109,0.0,815.558416,
2108,NFCORE_RANGELAND:RANGELAND:PREPROCESSING:FORCE_PREPROCESS,1722128118000,1722128262000,6,184.9,,38654705664.0,,,0.56403918105758,0.56403918105758,0.0,815.558416,
2125,NFCORE_RANGELAND:RANGELAND:PREPROCESSING:FORCE_PREPROCESS,1722128109000,1722128263000,6,188.9,,38654705664.0,,,0.6056071032780785,0.6056071032780785,0.0,815.558416,
3807,NFCORE_RANGELAND:RANGELAND:PREPROCESSING:FORCE_PREPROCESS,1722128141000,1722128273000,6,192.2,,38654705664.0,,,0.5207879094530566,0.5207879094530566,0.0,815.558416,
4110,NFCORE_RANGELAND:RANGELAND:PREPROCESSING:FORCE_PREPROCESS,1722128184000,1722128325000,6,193.7,,38654705664.0,,,0.5571196988603304,0.5571196988603304,0.0,815.558416,
2314,NFCORE_RANGELAND:RANGELAND:PREPROCESSING:FORCE_PREPROCESS,1722128148000,1722128279000,6,187.9,,38654705664.0,,,0.5146492111671248,0.5146492111671248,0.0,815.558416,
3261,NFCORE_RANGELAND:RANGELAND:PREPROCESSING:FORCE_PREPROCESS,1722128149000,1722128291000,6,191.2,,38654705664.0,,,0.5596886299962288,0.5596886299962288,0.0,815.558416,
2116,NFCORE_RANGELAND:RANGELAND:PREPROCESSING:FORCE_PREPROCESS,1722128228000,1722128366000,6,185.5,,38654705664.0,,,0.5408599489498391,0.5408599489498391,0.0,815.558416,
2571,NFCORE_RANGELAND:RANGELAND:PREPROCESSING:FORCE_PREPROCESS,1722128193000,1722128338000,6,191.9,,38654705664.0,,,0.571908250767459,0.571908250767459,0.0,815.558416,
2119,NFCORE_RANGELAND:RANGELAND:PREPROCESSING:FORCE_PREPROCESS,1722128211000,1722128357000,6,182.3,,38654705664.0,,,0.5703950005332713,0.5703950005332713,0.0,815.558416,
2122,NFCORE_RANGELAND:RANGELAND:PREPROCESSING:FORCE_PREPROCESS,1722128232000,1722128362000,6,189.2,,38654705664.0,,,0.511378630772461,0.511378630772461,0.0,815.558416,
2323,NFCORE_RANGELAND:RANGELAND:PREPROCESSING:FORCE_PREPROCESS,1722128108000,1722128343000,6,149.9,,38654705664.0,,,0.8884547192226131,0.8884547192226131,0.0,815.558416,
2883,NFCORE_RANGELAND:RANGELAND:PREPROCESSING:FORCE_PREPROCESS,1722128251000,1722128400000,6,194.1,,38654705664.0,,,0.5929141542070625,0.5929141542070625,0.0,815.558416,
3728,NFCORE_RANGELAND:RANGELAND:PREPROCESSING:FORCE_PREPROCESS,1722128272000,1722128400000,6,192.2,,38654705664.0,,,0.5247332724034587,0.5247332724034587,0.0,815.558416,
3661,NFCORE_RANGELAND:RANGELAND:PREPROCESSING:FORCE_PREPROCESS,1722128272000,1722128400000,6,189.2,,38654705664.0,,,0.5664501756248799,0.5664501756248799,0.0,815.558416,
2275,NFCORE_RANGELAND:RANGELAND:PREPROCESSING:FORCE_PREPROCESS,1722128285000,1722128400000,6,180.2,,38654705664.0,,,0.5653025461753652,0.5653025461753652,0.0,815.558416,
2322,NFCORE_RANGELAND:RANGELAND:PREPROCESSING:FORCE_PREPROCESS,1722128295000,1722128400000,6,188.4,,38654705664.0,,,0.5149042501596284,0.5149042501596284,0.0,815.558416,
3251,NFCORE_RANGELAND:RANGELAND:PREPROCESSING:FORCE_PREPROCESS,1722128285000,1722128400000,6,189.8,,38654705664.0,,,0.5707226114816986,0.5707226114816986,0.0,815.558416,
3638,NFCORE_RANGELAND:RANGELAND:PREPROCESSING:FORCE_PREPROCESS,1722128330000,1722128400000,6,188.2,,38654705664.0,,,0.5816086314142657,0.5816086314142657,0.0,815.558416,
2121,NFCORE_RANGELAND:RANGELAND:PREPROCESSING:FORCE_PREPROCESS,1722128222000,1722128400000,6,164.5,,38654705664.0,,,0.8097139275808403,0.8097139275808403,0.0,815.558416,
3183,NFCORE_RANGELAND:RANGELAND:PREPROCESSING:FORCE_PREPROCESS,1722128265000,1722128400000,6,178.8,,38654705664.0,,,0.6696281699130733,0.6696281699130733,0.0,815.558416,
2280,NFCORE_RANGELAND:RANGELAND:PREPROCESSING:FORCE_PREPROCESS,1722128334000,1722128400000,6,189.1,,38654705664.0,,,0.5231278895544634,0.5231278895544634,0.0,815.558416,
2669,NFCORE_RANGELAND:RANGELAND:PREPROCESSING:FORCE_PREPROCESS,1722128368000,1722128400000,6,187.6,,38654705664.0,,,0.5694805131823306,0.5694805131823306,0.0,815.558416,
2675,NFCORE_RANGELAND:RANGELAND:PREPROCESSING:FORCE_PREPROCESS,1722128334000,1722128400000,6,192.3,,38654705664.0,,,0.5602968298531608,0.5602968298531608,0.0,815.558416,
2359,NFCORE_RANGELAND:RANGELAND:PREPROCESSING:FORCE_PREPROCESS,1722128364000,1722128400000,6,187.1,,38654705664.0,,,0.5299431685891687,0.5299431685891687,0.0,815.558416,
3357,NFCORE_RANGELAND:RANGELAND:PREPROCESSING:FORCE_PREPROCESS,1722128365000,1722128400000,6,190.2,,38654705664.0,,,0.5630732965356309,0.5630732965356309,0.0,815.558416,
2327,NFCORE_RANGELAND:RANGELAND:PREPROCESSING:FORCE_PREPROCESS,1722128354000,1722128400000,6,175.9,,38654705664.0,,,0.6249851322967457,0.6249851322967457,0.0,815.558416,
3665,NFCORE_RANGELAND:RANGELAND:PREPROCESSING:FORCE_PREPROCESS,1722128344000,1722128400000,6,161.6,,38654705664.0,,,0.9412488809138533,0.9412488809138533,0.0,815.558416,
2158,NFCORE_RANGELAND:RANGELAND:PREPROCESSING:FORCE_PREPROCESS,1722128423000,1722128458000,6,172.9,,38654705664.0,,,0.13545749197496737,0.13545749197496737,0.0,815.558416,
2192,NFCORE_RANGELAND:RANGELAND:PREPROCESSING:FORCE_PREPROCESS,1722128413000,1722128544000,6,188.5,,38654705664.0,,,0.5149552579581289,0.5149552579581289,0.0,815.558416,
3123,NFCORE_RANGELAND:RANGELAND:PREPROCESSING:FORCE_PREPROCESS,1722128433000,1722128573000,6,190.6,,38654705664.0,,,0.5514786186391611,0.5514786186391611,0.0,815.558416,
2138,NFCORE_RANGELAND:RANGELAND:PREPROCESSING:FORCE_PREPROCESS,1722128443000,1722128574000,6,190.0,,38654705664.0,,,0.5157203749356394,0.5157203749356394,0.0,815.558416,
2358,NFCORE_RANGELAND:RANGELAND:PREPROCESSING:FORCE_PREPROCESS,1722128433000,1722128578000,6,183.7,,38654705664.0,,,0.5672786116516326,0.5672786116516326,0.0,815.558416,
2979,NFCORE_RANGELAND:RANGELAND:PREPROCESSING:FORCE_PREPROCESS,1722128433000,1722128581000,6,196.5,,38654705664.0,,,0.5863916832981017,0.5863916832981017,0.0,815.558416,
2650,NFCORE_RANGELAND:RANGELAND:PREPROCESSING:FORCE_PREPROCESS,1722128461000,1722128605000,6,192.6,,38654705664.0,,,0.56835654342228,0.56835654342228,0.0,815.558416,
2653,NFCORE_RANGELAND:RANGELAND:PREPROCESSING:FORCE_PREPROCESS,1722128471000,1722128620000,6,191.0,,38654705664.0,,,0.5871628815662315,0.5871628815662315,0.0,815.558416,
3672,NFCORE_RANGELAND:RANGELAND:PREPROCESSING:FORCE_PREPROCESS,1722128481000,1722128616000,6,191.2,,38654705664.0,,,0.53209834541895,0.53209834541895,0.0,815.558416,
3133,NFCORE_RANGELAND:RANGELAND:PREPROCESSING:FORCE_PREPROCESS,1722128443000,1722128626000,6,172.2,,38654705664.0,,,0.7077503861439725,0.7077503861439725,0.0,815.558416,
2373,NFCORE_RANGELAND:RANGELAND:PREPROCESSING:FORCE_PREPROCESS,1722128513000,1722128644000,6,188.4,,38654705664.0,,,0.5149042501596283,0.5149042501596283,0.0,815.558416,
2621,NFCORE_RANGELAND:RANGELAND:PREPROCESSING:FORCE_PREPROCESS,1722128489000,1722128700000,6,157.8,,38654705664.0,,,0.9330047988756902,0.9330047988756902,0.0,813.06366,
3361,NFCORE_RANGELAND:RANGELAND:PREPROCESSING:FORCE_PREPROCESS,1722128502000,1722128697000,6,191.7,,38654705664.0,,,0.7689661371334314,0.7689661371334314,0.0,815.558416,
4068,NFCORE_RANGELAND:RANGELAND:PREPROCESSING:FORCE_PREPROCESS,1722128546000,1722128700000,6,182.5,,38654705664.0,,,0.6017694478427896,0.6017694478427896,0.0,815.558416,
3202,NFCORE_RANGELAND:RANGELAND:PREPROCESSING:FORCE_PREPROCESS,1722128526000,1722128700000,6,161.9,,38654705664.0,,,0.8751828685224949,0.8751828685224949,0.0,813.06366,
3193,NFCORE_RANGELAND:RANGELAND:PREPROCESSING:FORCE_PREPROCESS,1722128585000,1722128700000,6,188.7,,38654705664.0,,,0.5654722615477835,0.5654722615477835,0.0,813.06366,
3628,NFCORE_RANGELAND:RANGELAND:PREPROCESSING:FORCE_PREPROCESS,1722128575000,1722128700000,6,189.9,,38654705664.0,,,0.5937713676773926,0.5937713676773926,0.0,813.06366,
2201,NFCORE_RANGELAND:RANGELAND:PREPROCESSING:FORCE_PREPROCESS,1722128585000,1722128700000,6,187.5,,38654705664.0,,,0.592121514070228,0.592121514070228,0.0,813.06366,
2300,NFCORE_RANGELAND:RANGELAND:PREPROCESSING:FORCE_PREPROCESS,1722128595000,1722128700000,6,186.8,,38654705664.0,,,0.5641681635809659,0.5641681635809659,0.0,813.06366,
3214,NFCORE_RANGELAND:RANGELAND:PREPROCESSING:FORCE_PREPROCESS,1722128607000,1722128700000,6,190.5,,38654705664.0,,,0.5659501403754369,0.5659501403754369,0.0,813.06366,
3194,NFCORE_RANGELAND:RANGELAND:PREPROCESSING:FORCE_PREPROCESS,1722128403000,1722128700000,6,150.7,,38654705664.0,,,1.3381362888686676,1.3381362888686676,0.0,813.06366,
3758,NFCORE_RANGELAND:RANGELAND:PREPROCESSING:FORCE_PREPROCESS,1722128618000,1722128700000,6,188.0,,38654705664.0,,,0.5525721101037573,0.5525721101037573,0.0,813.06366,
3364,NFCORE_RANGELAND:RANGELAND:PREPROCESSING:FORCE_PREPROCESS,1722128585000,1722128700000,6,181.5,,38654705664.0,,,0.7088732905258757,0.7088732905258757,0.0,813.06366,
4072,NFCORE_RANGELAND:RANGELAND:PREPROCESSING:FORCE_PREPROCESS,1722128627000,1722128700000,6,195.2,,38654705664.0,,,0.5602298562226244,0.5602298562226244,0.0,813.06366,
3054,NFCORE_RANGELAND:RANGELAND:PREPROCESSING:FORCE_PREPROCESS,1722128629000,1722128700000,6,199.8,,38654705664.0,,,0.5706183133798286,0.5706183133798286,0.0,813.06366,
3998,NFCORE_RANGELAND:RANGELAND:PREPROCESSING:FORCE_PREPROCESS,1722128646000,1722128700000,6,176.4,,38654705664.0,,,0.6922376109012175,0.6922376109012175,0.0,813.06366,
2287,NFCORE_RANGELAND:RANGELAND:PREPROCESSING:FORCE_PREPROCESS,1722128523000,1722128700000,6,130.0,,38654705664.0,,,1.6160767523040658,1.6160767523040658,0.0,813.06366,
4010,NFCORE_RANGELAND:RANGELAND:PREPROCESSING:FORCE_PREPROCESS,1722128701000,1722128831000,6,194.9,,38654705664.0,,,0.5111176615370492,0.5111176615370492,0.0,810.568904,
4011,NFCORE_RANGELAND:RANGELAND:PREPROCESSING:FORCE_PREPROCESS,1722128711000,1722128840000,6,192.2,,38654705664.0,,,0.5058380997861553,0.5058380997861553,0.0,810.568904,
2205,NFCORE_RANGELAND:RANGELAND:PREPROCESSING:FORCE_PREPROCESS,1722128736000,1722128894000,6,181.2,,38654705664.0,,,0.6128277491043317,0.6128277491043317,0.0,810.568904,
3833,NFCORE_RANGELAND:RANGELAND:PREPROCESSING:FORCE_PREPROCESS,1722128729000,1722128861000,6,192.9,,38654705664.0,,,0.5179593556199975,0.5179593556199975,0.0,810.568904,
2142,NFCORE_RANGELAND:RANGELAND:PREPROCESSING:FORCE_PREPROCESS,1722128732000,1722128867000,6,187.2,,38654705664.0,,,0.52675326832005,0.52675326832005,0.0,810.568904,
2737,NFCORE_RANGELAND:RANGELAND:PREPROCESSING:FORCE_PREPROCESS,1722128758000,1722128915000,6,192.0,,38654705664.0,,,0.6155109010450934,0.6155109010450934,0.0,810.568904,
2156,NFCORE_RANGELAND:RANGELAND:PREPROCESSING:FORCE_PREPROCESS,1722128739000,1722128871000,6,187.6,,38654705664.0,,,0.5152519710463767,0.5152519710463767,0.0,810.568904,
4012,NFCORE_RANGELAND:RANGELAND:PREPROCESSING:FORCE_PREPROCESS,1722128741000,1722128883000,6,191.5,,38654705664.0,,,0.5564293639027649,0.5564293639027649,0.0,810.568904,
2371,NFCORE_RANGELAND:RANGELAND:PREPROCESSING:FORCE_PREPROCESS,1722128759000,1722128888000,6,188.3,,38654705664.0,,,0.5038911512741648,0.5038911512741648,0.0,810.568904,
4013,NFCORE_RANGELAND:RANGELAND:PREPROCESSING:FORCE_PREPROCESS,1722128753000,1722128896000,6,186.4,,38654705664.0,,,0.5575255598387873,0.5575255598387873,0.0,810.568904,
3526,NFCORE_RANGELAND:RANGELAND:PREPROCESSING:FORCE_PREPROCESS,1722128772000,1722128910000,6,191.2,,38654705664.0,,,0.5405950833040233,0.5405950833040233,0.0,810.568904,
3662,NFCORE_RANGELAND:RANGELAND:PREPROCESSING:FORCE_PREPROCESS,1722128775000,1722128912000,6,190.0,,38654705664.0,,,0.5360415154725282,0.5360415154725282,0.0,810.568904,
2262,NFCORE_RANGELAND:RANGELAND:PREPROCESSING:FORCE_PREPROCESS,1722128763000,1722128936000,6,171.3,,38654705664.0,,,0.6643796147702535,0.6643796147702535,0.0,810.568904,
2349,NFCORE_RANGELAND:RANGELAND:PREPROCESSING:FORCE_PREPROCESS,1722128828000,1722128983000,6,181.8,,38654705664.0,,,0.6015516802214312,0.6015516802214312,0.0,810.568904,
3296,NFCORE_RANGELAND:RANGELAND:PREPROCESSING:FORCE_PREPROCESS,1722128903000,1722129000000,6,191.1,,38654705664.0,,,0.5875453028630937,0.5875453028630937,0.0,810.568904,
3368,NFCORE_RANGELAND:RANGELAND:PREPROCESSING:FORCE_PREPROCESS,1722128869000,1722129000000,6,190.8,,38654705664.0,,,0.5560446954827849,0.5560446954827849,0.0,810.568904,
3759,NFCORE_RANGELAND:RANGELAND:PREPROCESSING:FORCE_PREPROCESS,1722128868000,1722129000000,6,189.9,,38654705664.0,,,0.5555501217999538,0.5555501217999538,0.0,810.568904,
3780,NFCORE_RANGELAND:RANGELAND:PREPROCESSING:FORCE_PREPROCESS,1722128889000,1722129000000,6,195.6,,38654705664.0,,,0.5154042060186592,0.5154042060186592,0.0,810.568904,
2318,NFCORE_RANGELAND:RANGELAND:PREPROCESSING:FORCE_PREPROCESS,1722128986000,1722129000000,6,168.9,,38654705664.0,,,0.1264248752367494,0.1264248752367494,0.0,810.568904,
2677,NFCORE_RANGELAND:RANGELAND:PREPROCESSING:FORCE_PREPROCESS,1722128878000,1722129000000,6,192.5,,38654705664.0,,,0.5765908229711424,0.5765908229711424,0.0,810.568904,
3765,NFCORE_RANGELAND:RANGELAND:PREPROCESSING:FORCE_PREPROCESS,1722128924000,1722129000000,6,189.7,,38654705664.0,,,0.5632633181784701,0.5632633181784701,0.0,810.568904,
3804,NFCORE_RANGELAND:RANGELAND:PREPROCESSING:FORCE_PREPROCESS,1722128891000,1722129000000,6,191.0,,38654705664.0,,,0.5209053654871101,0.5209053654871101,0.0,810.568904,
2168,NFCORE_RANGELAND:RANGELAND:PREPROCESSING:FORCE_PREPROCESS,1722128914000,1722129000000,6,188.5,,38654705664.0,,,0.5118048086602762,0.5118048086602762,0.0,810.568904,
3786,NFCORE_RANGELAND:RANGELAND:PREPROCESSING:FORCE_PREPROCESS,1722128899000,1722129000000,6,174.7,,38654705664.0,,,0.6550953852813535,0.6550953852813535,0.0,810.568904,
2831,NFCORE_RANGELAND:RANGELAND:PREPROCESSING:FORCE_PREPROCESS,1722128838000,1722129000000,6,157.9,,38654705664.0,,,0.9281795319522128,0.9281795319522128,0.0,810.568904,
3238,NFCORE_RANGELAND:RANGELAND:PREPROCESSING:FORCE_PREPROCESS,1722128939000,1722129000000,6,191.4,,38654705664.0,,,0.5602925409281796,0.5602925409281796,0.0,810.568904,
3427,NFCORE_RANGELAND:RANGELAND:PREPROCESSING:FORCE_PREPROCESS,1722128769000,1722129000000,6,145.1,,38654705664.0,,,1.2002039512515414,1.2002039512515414,0.0,810.568904,
2767,NFCORE_RANGELAND:RANGELAND:PREPROCESSING:FORCE_PREPROCESS,1722128963000,1722129000000,6,198.1,,38654705664.0,,,0.5600562375768607,0.5600562375768607,0.0,810.568904,
3204,NFCORE_RANGELAND:RANGELAND:PREPROCESSING:FORCE_PREPROCESS,1722128848000,1722129000000,6,173.9,,38654705664.0,,,1.0858145888567579,1.0858145888567579,0.0,810.568904,
3236,NFCORE_RANGELAND:RANGELAND:PREPROCESSING:FORCE_PREPROCESS,1722128912000,1722129000000,6,159.4,,38654705664.0,,,0.9637503562016881,0.9637503562016881,0.0,810.568904,
2707,NFCORE_RANGELAND:RANGELAND:PREPROCESSING:FORCE_PREPROCESS,1722129031000,1722129066000,6,164.8,,38654705664.0,,,0.13353165771777226,0.13353165771777226,0.0,810.568904,
2351,NFCORE_RANGELAND:RANGELAND:PREPROCESSING:FORCE_PREPROCESS,1722129047000,1722129081000,6,167.7,,38654705664.0,,,0.1300980399943471,0.1300980399943471,0.0,810.568904,
2325,NFCORE_RANGELAND:RANGELAND:PREPROCESSING:FORCE_PREPROCESS,1722129080000,1722129113000,6,169.5,,38654705664.0,,,0.1265014993284556,0.1265014993284556,0.0,810.568904,
2369,NFCORE_RANGELAND:RANGELAND:PREPROCESSING:FORCE_PREPROCESS,1722129090000,1722129124000,6,169.0,,38654705664.0,,,0.13026908973441864,0.13026908973441864,0.0,810.568904,
2272,NFCORE_RANGELAND:RANGELAND:PREPROCESSING:FORCE_PREPROCESS,1722129031000,1722129163000,6,187.9,,38654705664.0,,,0.5154052192297891,0.5154052192297891,0.0,810.568904,
2348,NFCORE_RANGELAND:RANGELAND:PREPROCESSING:FORCE_PREPROCESS,1722129075000,1722129211000,6,189.1,,38654705664.0,,,0.5316551274774829,0.5316551274774829,0.0,810.568904,
2799,NFCORE_RANGELAND:RANGELAND:PREPROCESSING:FORCE_PREPROCESS,1722129031000,1722129172000,6,198.4,,38654705664.0,,,0.5562758764889467,0.5562758764889467,0.0,810.568904,
2797,NFCORE_RANGELAND:RANGELAND:PREPROCESSING:FORCE_PREPROCESS,1722129031000,1722129178000,6,194.8,,38654705664.0,,,0.5778992373855808,0.5778992373855808,0.0,810.568904,
3827,NFCORE_RANGELAND:RANGELAND:PREPROCESSING:FORCE_PREPROCESS,1722129069000,1722129200000,6,195.2,,38654705664.0,,,0.515201423068891,0.515201423068891,0.0,810.568904,
2333,NFCORE_RANGELAND:RANGELAND:PREPROCESSING:FORCE_PREPROCESS,1722129221000,1722129255000,6,167.2,,38654705664.0,,,0.13003225163278112,0.13003225163278112,0.0,810.568904,
2336,NFCORE_RANGELAND:RANGELAND:PREPROCESSING:FORCE_PREPROCESS,1722129090000,1722129217000,6,188.6,,38654705664.0,,,0.49622632869091765,0.49622632869091765,0.0,810.568904,
2729,NFCORE_RANGELAND:RANGELAND:PREPROCESSING:FORCE_PREPROCESS,1722129020000,1722129194000,6,182.9,,38654705664.0,,,0.6760309728339929,0.6760309728339929,0.0,810.568904,
2736,NFCORE_RANGELAND:RANGELAND:PREPROCESSING:FORCE_PREPROCESS,1722129090000,1722129230000,6,192.3,,38654705664.0,,,0.549025759813971,0.549025759813971,0.0,810.568904,
3872,NFCORE_RANGELAND:RANGELAND:PREPROCESSING:FORCE_PREPROCESS,1722129100000,1722129235000,6,193.9,,38654705664.0,,,0.5302535961457219,0.5302535961457219,0.0,810.568904,
2154,NFCORE_RANGELAND:RANGELAND:PREPROCESSING:FORCE_PREPROCESS,1722129263000,1722129298000,6,170.6,,38654705664.0,,,0.13431724815294238,0.13431724815294238,0.0,810.568904,
3846,NFCORE_RANGELAND:RANGELAND:PREPROCESSING:FORCE_PREPROCESS,1722129120000,1722129257000,6,194.6,,38654705664.0,,,0.5384803287348149,0.5384803287348149,0.0,810.568904,
2321,NFCORE_RANGELAND:RANGELAND:PREPROCESSING:FORCE_PREPROCESS,1722129134000,1722129263000,6,188.6,,38654705664.0,,,0.5040409165443178,0.5040409165443178,0.0,810.568904,
3847,NFCORE_RANGELAND:RANGELAND:PREPROCESSING:FORCE_PREPROCESS,1722129130000,1722129271000,6,190.7,,38654705664.0,,,0.552074322127054,0.552074322127054,0.0,810.568904,
3245,NFCORE_RANGELAND:RANGELAND:PREPROCESSING:FORCE_PREPROCESS,1722129055000,1722129300000,6,149.4,,38654705664.0,,,1.1003889554877213,1.1003889554877213,0.0,810.568904,
2725,NFCORE_RANGELAND:RANGELAND:PREPROCESSING:FORCE_PREPROCESS,1722129021000,1722129300000,6,183.6,,38654705664.0,,,1.10417621204027,1.10417621204027,0.0,810.568904,
2211,NFCORE_RANGELAND:RANGELAND:PREPROCESSING:FORCE_PREPROCESS,1722129186000,1722129300000,6,188.8,,38654705664.0,,,0.5197730316874511,0.5197730316874511,0.0,810.568904,
2330,NFCORE_RANGELAND:RANGELAND:PREPROCESSING:FORCE_PREPROCESS,1722129176000,1722129300000,6,183.0,,38654705664.0,,,0.55952963516442,0.55952963516442,0.0,810.568904,
2996,NFCORE_RANGELAND:RANGELAND:PREPROCESSING:FORCE_PREPROCESS,1722129176000,1722129300000,6,197.5,,38654705664.0,,,0.5715517299951018,0.5715517299951018,0.0,810.568904,
3842,NFCORE_RANGELAND:RANGELAND:PREPROCESSING:FORCE_PREPROCESS,1722129165000,1722129300000,6,188.7,,38654705664.0,,,0.6994748841541502,0.6994748841541502,0.0,810.568904,
2263,NFCORE_RANGELAND:RANGELAND:PREPROCESSING:FORCE_PREPROCESS,1722129197000,1722129300000,6,179.0,,38654705664.0,,,0.5805214277900208,0.5805214277900208,0.0,810.568904,
2836,NFCORE_RANGELAND:RANGELAND:PREPROCESSING:FORCE_PREPROCESS,1722129208000,1722129300000,6,198.8,,38654705664.0,,,0.5486006051659215,0.5486006051659215,0.0,810.568904,
3871,NFCORE_RANGELAND:RANGELAND:PREPROCESSING:FORCE_PREPROCESS,1722129110000,1722129300000,6,153.2,,38654705664.0,,,0.9048718412395332,0.9048718412395332,0.0,810.568904,
3441,NFCORE_RANGELAND:RANGELAND:PREPROCESSING:FORCE_PREPROCESS,1722129228000,1722129300000,6,189.4,,38654705664.0,,,0.5513649687932279,0.5513649687932279,0.0,810.568904,
3549,NFCORE_RANGELAND:RANGELAND:PREPROCESSING:FORCE_PREPROCESS,1722129276000,1722129300000,6,190.4,,38654705664.0,,,0.5323393264377688,0.5323393264377688,0.0,810.568904,
3550,NFCORE_RANGELAND:RANGELAND:PREPROCESSING:FORCE_PREPROCESS,1722129276000,1722129300000,6,190.9,,38654705664.0,,,0.5365186745890624,0.5365186745890624,0.0,810.568904,
3447,NFCORE_RANGELAND:RANGELAND:PREPROCESSING:FORCE_PREPROCESS,1722129238000,1722129300000,6,190.5,,38654705664.0,,,0.755526821511141,0.755526821511141,0.0,810.568904,
3443,NFCORE_RANGELAND:RANGELAND:PREPROCESSING:FORCE_PREPROCESS,1722129266000,1722129300000,6,144.9,,38654705664.0,,,1.2373372948234334,1.2373372948234334,0.0,810.568904,
2372,NFCORE_RANGELAND:RANGELAND:PREPROCESSING:FORCE_PREPROCESS,1722129238000,1722129300000,6,139.3,,38654705664.0,,,1.3676748255624456,1.3676748255624456,0.0,810.568904,
2198,NFCORE_RANGELAND:RANGELAND:PREPROCESSING:FORCE_PREPROCESS,1722129300000,1722129440000,6,188.7,,38654705664.0,,,0.5470753283887209,0.5470753283887209,0.0,810.568904,
3479,NFCORE_RANGELAND:RANGELAND:PREPROCESSING:FORCE_PREPROCESS,1722129316000,1722129456000,6,189.7,,38654705664.0,,,0.5476171148957348,0.5476171148957348,0.0,810.568904,
3141,NFCORE_RANGELAND:RANGELAND:PREPROCESSING:FORCE_PREPROCESS,1722129327000,1722129473000,6,190.2,,38654705664.0,,,0.571368922784209,0.571368922784209,0.0,810.568904,
3545,NFCORE_RANGELAND:RANGELAND:PREPROCESSING:FORCE_PREPROCESS,1722129327000,1722129478000,6,190.8,,38654705664.0,,,0.5912869649147925,0.5912869649147925,0.0,810.568904,
3176,NFCORE_RANGELAND:RANGELAND:PREPROCESSING:FORCE_PREPROCESS,1722129347000,1722129489000,6,191.5,,38654705664.0,,,0.5564293639027649,0.5564293639027649,0.0,810.568904,
2368,NFCORE_RANGELAND:RANGELAND:PREPROCESSING:FORCE_PREPROCESS,1722129371000,1722129505000,6,187.8,,38654705664.0,,,0.5231625325095908,0.5231625325095908,0.0,810.568904,
3138,NFCORE_RANGELAND:RANGELAND:PREPROCESSING:FORCE_PREPROCESS,1722129366000,1722129501000,6,190.4,,38654705664.0,,,0.5284250666845499,0.5284250666845499,0.0,810.568904,
2181,NFCORE_RANGELAND:RANGELAND:PREPROCESSING:FORCE_PREPROCESS,1722129475000,1722129509000,6,169.4,,38654705664.0,,,0.1303217204236714,0.1303217204236714,0.0,810.568904,
2223,NFCORE_RANGELAND:RANGELAND:PREPROCESSING:FORCE_PREPROCESS,1722129326000,1722129510000,6,165.2,,38654705664.0,,,0.7022798254799756,0.7022798254799756,0.0,810.568904,
3489,NFCORE_RANGELAND:RANGELAND:PREPROCESSING:FORCE_PREPROCESS,1722129508000,1722129540000,6,172.4,,38654705664.0,,,0.12302724761700444,0.12302724761700444,0.0,810.568904,
3454,NFCORE_RANGELAND:RANGELAND:PREPROCESSING:FORCE_PREPROCESS,1722129442000,1722129593000,6,189.3,,38654705664.0,,,0.5904104317445165,0.5904104317445165,0.0,810.568904,
2233,NFCORE_RANGELAND:RANGELAND:PREPROCESSING:FORCE_PREPROCESS,1722129418000,1722129553000,6,186.9,,38654705664.0,,,0.5265965372233782,0.5265965372233782,0.0,810.568904,
2508,NFCORE_RANGELAND:RANGELAND:PREPROCESSING:FORCE_PREPROCESS,1722129415000,1722129557000,6,192.0,,38654705664.0,,,0.5567041270598933,0.5567041270598933,0.0,810.568904,
2364,NFCORE_RANGELAND:RANGELAND:PREPROCESSING:FORCE_PREPROCESS,1722129358000,1722129561000,6,165.9,,38654705664.0,,,0.7753477642417661,0.7753477642417661,0.0,810.568904,
3856,NFCORE_RANGELAND:RANGELAND:PREPROCESSING:FORCE_PREPROCESS,1722129434000,1722129564000,6,194.2,,38654705664.0,,,0.5107655003074902,0.5107655003074902,0.0,810.568904,
2235,NFCORE_RANGELAND:RANGELAND:PREPROCESSING:FORCE_PREPROCESS,1722129458000,1722129589000,6,187.2,,38654705664.0,,,0.51114576407353,0.51114576407353,0.0,810.568904,
2243,NFCORE_RANGELAND:RANGELAND:PREPROCESSING:FORCE_PREPROCESS,1722129516000,1722129600000,6,188.8,,38654705664.0,,,0.5197730316874511,0.5197730316874511,0.0,810.568904,
3466,NFCORE_RANGELAND:RANGELAND:PREPROCESSING:FORCE_PREPROCESS,1722129516000,1722129600000,6,190.9,,38654705664.0,,,0.56393203752427,0.56393203752427,0.0,810.568904,
2519,NFCORE_RANGELAND:RANGELAND:PREPROCESSING:FORCE_PREPROCESS,1722129486000,1722129600000,6,168.6,,38654705664.0,,,0.7391698998740297,0.7391698998740297,0.0,810.568904,
2862,NFCORE_RANGELAND:RANGELAND:PREPROCESSING:FORCE_PREPROCESS,1722129350000,1722129600000,6,139.3,,38654705664.0,,,1.3974068869877163,1.3974068869877163,0.0,810.568904,
3468,NFCORE_RANGELAND:RANGELAND:PREPROCESSING:FORCE_PREPROCESS,1722129542000,1722129600000,6,189.4,,38654705664.0,,,0.5435441890940331,0.5435441890940331,0.0,810.568904,
2224,NFCORE_RANGELAND:RANGELAND:PREPROCESSING:FORCE_PREPROCESS,1722129563000,1722129600000,6,186.3,,38654705664.0,,,0.4911975366946988,0.4911975366946988,0.0,810.568904,
3510,NFCORE_RANGELAND:RANGELAND:PREPROCESSING:FORCE_PREPROCESS,1722129564000,1722129600000,6,190.8,,38654705664.0,,,0.5442972723387826,0.5442972723387826,0.0,810.568904,
3465,NFCORE_RANGELAND:RANGELAND:PREPROCESSING:FORCE_PREPROCESS,1722129563000,1722129600000,6,189.5,,38654705664.0,,,0.555330311274251,0.555330311274251,0.0,810.568904,
2522,NFCORE_RANGELAND:RANGELAND:PREPROCESSING:FORCE_PREPROCESS,1722129573000,1722129600000,6,190.5,,38654705664.0,,,0.5676237778192511,0.5676237778192511,0.0,810.568904,
3469,NFCORE_RANGELAND:RANGELAND:PREPROCESSING:FORCE_PREPROCESS,1722129598000,1722129600000,6,182.8,,38654705664.0,,,0.6487696971111112,0.6487696971111112,0.0,810.568904,
3832,NFCORE_RANGELAND:RANGELAND:PREPROCESSING:FORCE_PREPROCESS,1722129366000,1722129600000,6,134.4,,38654705664.0,,,1.3126285283967334,1.3126285283967334,0.0,810.568904,
2507,NFCORE_RANGELAND:RANGELAND:PREPROCESSING:FORCE_PREPROCESS,1722129592000,1722129600000,6,188.3,,38654705664.0,,,0.5663892785639838,0.5663892785639838,0.0,810.568904,
2829,NFCORE_RANGELAND:RANGELAND:PREPROCESSING:FORCE_PREPROCESS,1722129496000,1722129600000,6,172.3,,38654705664.0,,,0.9572094099196398,0.9572094099196398,0.0,810.568904,
2230,NFCORE_RANGELAND:RANGELAND:PREPROCESSING:FORCE_PREPROCESS,1722129506000,1722129600000,6,155.6,,38654705664.0,,,0.9297784283686716,0.9297784283686716,0.0,810.568904,
3513,NFCORE_RANGELAND:RANGELAND:PREPROCESSING:FORCE_PREPROCESS,1722129603000,1722129743000,6,191.4,,38654705664.0,,,0.5485381519576584,0.5485381519576584,0.0,810.568904,
3879,NFCORE_RANGELAND:RANGELAND:PREPROCESSING:FORCE_PREPROCESS,1722129651000,1722129783000,6,195.3,,38654705664.0,,,0.5191853410872975,0.5191853410872975,0.0,810.568904,
2113,NFCORE_RANGELAND:RANGELAND:PREPROCESSING:FORCE_PREPROCESS,1722129694000,1722129826000,6,187.9,,38654705664.0,,,0.5154052192297891,0.5154052192297891,0.0,810.568904,
3594,NFCORE_RANGELAND:RANGELAND:PREPROCESSING:FORCE_PREPROCESS,1722129737000,1722129882000,6,188.2,,38654705664.0,,,0.5663331649614716,0.5663331649614716,0.0,810.568904,
2209,NFCORE_RANGELAND:RANGELAND:PREPROCESSING:FORCE_PREPROCESS,1722129694000,1722129853000,6,180.7,,38654705664.0,,,0.616398748406321,0.616398748406321,0.0,810.568904,
3157,NFCORE_RANGELAND:RANGELAND:PREPROCESSING:FORCE_PREPROCESS,1722129713000,1722129854000,6,190.7,,38654705664.0,,,0.552074322127054,0.552074322127054,0.0,810.568904,
3464,NFCORE_RANGELAND:RANGELAND:PREPROCESSING:FORCE_PREPROCESS,1722129681000,1722129871000,6,170.8,,38654705664.0,,,0.7292978320250194,0.7292978320250194,0.0,810.568904,
2676,NFCORE_RANGELAND:RANGELAND:PREPROCESSING:FORCE_PREPROCESS,1722129768000,1722129900000,6,192.9,,38654705664.0,,,0.5964380458654517,0.5964380458654517,0.0,810.568904,
2889,NFCORE_RANGELAND:RANGELAND:PREPROCESSING:FORCE_PREPROCESS,1722129706000,1722129874000,6,184.8,,38654705664.0,,,0.6539548332136401,0.6539548332136401,0.0,810.568904,
2114,NFCORE_RANGELAND:RANGELAND:PREPROCESSING:FORCE_PREPROCESS,1722129740000,1722129876000,6,187.0,,38654705664.0,,,0.5305498830031745,0.5305498830031745,0.0,810.568904,
3935,NFCORE_RANGELAND:RANGELAND:PREPROCESSING:FORCE_PREPROCESS,1722129751000,1722129889000,6,193.3,,38654705664.0,,,0.5417165813735422,0.5417165813735422,0.0,810.568904,
3081,NFCORE_RANGELAND:RANGELAND:PREPROCESSING:FORCE_PREPROCESS,1722129723000,1722129892000,6,186.3,,38654705664.0,,,0.6588284420746356,0.6588284420746356,0.0,810.568904,
3938,NFCORE_RANGELAND:RANGELAND:PREPROCESSING:FORCE_PREPROCESS,1722129760000,1722129900000,6,194.1,,38654705664.0,,,0.5735724459063072,0.5735724459063072,0.0,810.568904,
3889,NFCORE_RANGELAND:RANGELAND:PREPROCESSING:FORCE_PREPROCESS,1722129662000,1722129900000,6,143.6,,38654705664.0,,,1.0975455895370283,1.0975455895370283,0.0,810.568904,
3936,NFCORE_RANGELAND:RANGELAND:PREPROCESSING:FORCE_PREPROCESS,1722129829000,1722129900000,6,193.0,,38654705664.0,,,0.5258590813530714,0.5258590813530714,0.0,810.568904,
3939,NFCORE_RANGELAND:RANGELAND:PREPROCESSING:FORCE_PREPROCESS,1722129785000,1722129900000,6,172.4,,38654705664.0,,,0.6997174708217127,0.6997174708217127,0.0,810.568904,
3901,NFCORE_RANGELAND:RANGELAND:PREPROCESSING:FORCE_PREPROCESS,1722129885000,1722129900000,6,192.8,,38654705664.0,,,0.5532202005893884,0.5532202005893884,0.0,810.568904,
3499,NFCORE_RANGELAND:RANGELAND:PREPROCESSING:FORCE_PREPROCESS,1722129855000,1722129900000,6,190.8,,38654705664.0,,,0.5834553494854575,0.5834553494854575,0.0,810.568904,
2379,NFCORE_RANGELAND:RANGELAND:PREPROCESSING:FORCE_PREPROCESS,1722129726000,1722129900000,6,147.0,,38654705664.0,,,1.045219356156439,1.045219356156439,0.0,810.568904,
2874,NFCORE_RANGELAND:RANGELAND:PREPROCESSING:FORCE_PREPROCESS,1722129859000,1722129900000,6,197.1,,38654705664.0,,,0.598908592337435,0.598908592337435,0.0,810.568904,
3102,NFCORE_RANGELAND:RANGELAND:PREPROCESSING:FORCE_PREPROCESS,1722129873000,1722129900000,6,198.9,,38654705664.0,,,0.5723373204302719,0.5723373204302719,0.0,810.568904,
2206,NFCORE_RANGELAND:RANGELAND:PREPROCESSING:FORCE_PREPROCESS,1722129883000,1722129900000,6,187.7,,38654705664.0,,,0.546533541881707,0.546533541881707,0.0,810.568904,
3973,NFCORE_RANGELAND:RANGELAND:PREPROCESSING:FORCE_PREPROCESS,1722129895000,1722129900000,6,196.4,,38654705664.0,,,0.5276222094430394,0.5276222094430394,0.0,810.568904,
3473,NFCORE_RANGELAND:RANGELAND:PREPROCESSING:FORCE_PREPROCESS,1722129895000,1722129900000,6,190.2,,38654705664.0,,,0.5478880081492415,0.5478880081492415,0.0,810.568904,
3472,NFCORE_RANGELAND:RANGELAND:PREPROCESSING:FORCE_PREPROCESS,1722129613000,1722129900000,6,134.0,,38654705664.0,,,1.6188467687665482,1.6188467687665482,0.0,810.568904,
3057,NFCORE_RANGELAND:RANGELAND:PREPROCESSING:FORCE_PREPROCESS,1722129883000,1722129900000,6,194.4,,38654705664.0,,,0.7466504798639501,0.7466504798639501,0.0,810.568904,
3645,NFCORE_RANGELAND:RANGELAND:PREPROCESSING:FORCE_PREPROCESS,1722129751000,1722129900000,6,140.2,,38654705664.0,,,1.5028761989329507,1.5028761989329507,0.0,810.568904,
3615,NFCORE_RANGELAND:RANGELAND:PREPROCESSING:FORCE_PREPROCESS,1722130027000,1722130061000,6,171.5,,38654705664.0,,,0.1305980315422485,0.1305980315422485,0.0,810.568904,
3497,NFCORE_RANGELAND:RANGELAND:PREPROCESSING:FORCE_PREPROCESS,1722129930000,1722130111000,6,174.1,,38654705664.0,,,0.6970636386780255,0.6970636386780255,0.0,810.568904,
3575,NFCORE_RANGELAND:RANGELAND:PREPROCESSING:FORCE_PREPROCESS,1722129909000,1722130084000,6,188.5,,38654705664.0,,,0.6837087138591477,0.6837087138591477,0.0,810.568904,
4093,NFCORE_RANGELAND:RANGELAND:PREPROCESSING:FORCE_PREPROCESS,1722129958000,1722130093000,6,193.6,,38654705664.0,,,0.53009686504905,0.53009686504905,0.0,810.568904,
3629,NFCORE_RANGELAND:RANGELAND:PREPROCESSING:FORCE_PREPROCESS,1722129969000,1722130133000,6,189.8,,38654705664.0,,,0.6415578010115395,0.6415578010115395,0.0,810.568904,
4042,NFCORE_RANGELAND:RANGELAND:PREPROCESSING:FORCE_PREPROCESS,1722130017000,1722130148000,6,194.2,,38654705664.0,,,0.5146944656944709,0.5146944656944709,0.0,810.568904,
2115,NFCORE_RANGELAND:RANGELAND:PREPROCESSING:FORCE_PREPROCESS,1722130037000,1722130170000,6,187.5,,38654705664.0,,,0.5191039253512889,0.5191039253512889,0.0,810.568904,
3060,NFCORE_RANGELAND:RANGELAND:PREPROCESSING:FORCE_PREPROCESS,1722130027000,1722130168000,6,198.8,,38654705664.0,,,0.5564941390532009,0.5564941390532009,0.0,810.568904,
3937,NFCORE_RANGELAND:RANGELAND:PREPROCESSING:FORCE_PREPROCESS,1722130064000,1722130197000,6,195.3,,38654705664.0,,,0.5231185633682619,0.5231185633682619,0.0,810.568904,
2110,NFCORE_RANGELAND:RANGELAND:PREPROCESSING:FORCE_PREPROCESS,1722130017000,1722130200000,6,165.9,,38654705664.0,,,0.6989588219519369,0.6989588219519369,0.0,810.568904,
3494,NFCORE_RANGELAND:RANGELAND:PREPROCESSING:FORCE_PREPROCESS,1722130037000,1722130200000,6,192.0,,38654705664.0,,,0.6390336106391733,0.6390336106391733,0.0,810.568904,
2242,NFCORE_RANGELAND:RANGELAND:PREPROCESSING:FORCE_PREPROCESS,1722130006000,1722130200000,6,167.0,,38654705664.0,,,0.8157905667953075,0.8157905667953075,0.0,797.414736,
4056,NFCORE_RANGELAND:RANGELAND:PREPROCESSING:FORCE_PREPROCESS,1722130094000,1722130200000,6,192.2,,38654705664.0,,,0.5256746298593665,0.5256746298593665,0.0,797.414736,
2271,NFCORE_RANGELAND:RANGELAND:PREPROCESSING:FORCE_PREPROCESS,1722130096000,1722130200000,6,188.7,,38654705664.0,,,0.5198243381321845,0.5198243381321845,0.0,797.414736,
2120,NFCORE_RANGELAND:RANGELAND:PREPROCESSING:FORCE_PREPROCESS,1722129969000,1722130200000,6,152.2,,38654705664.0,,,1.0668311259347556,1.0668311259347556,0.0,797.414736,
4026,NFCORE_RANGELAND:RANGELAND:PREPROCESSING:FORCE_PREPROCESS,1722130028000,1722130200000,6,162.8,,38654705664.0,,,1.0195849376114348,1.0195849376114348,0.0,797.414736,
3424,NFCORE_RANGELAND:RANGELAND:PREPROCESSING:FORCE_PREPROCESS,1722130083000,1722130200000,6,179.7,,38654705664.0,,,0.7416543675806092,0.7416543675806092,0.0,797.414736,
3239,NFCORE_RANGELAND:RANGELAND:PREPROCESSING:FORCE_PREPROCESS,1722130150000,1722130200000,6,189.4,,38654705664.0,,,0.5322484798586546,0.5322484798586546,0.0,797.414736,
2317,NFCORE_RANGELAND:RANGELAND:PREPROCESSING:FORCE_PREPROCESS,1722130160000,1722130200000,6,187.2,,38654705664.0,,,0.50717183322173,0.50717183322173,0.0,797.414736,
3307,NFCORE_RANGELAND:RANGELAND:PREPROCESSING:FORCE_PREPROCESS,1722130171000,1722130200000,6,129.7,,38654705664.0,,,0.4413354272974285,0.4413354272974285,0.0,797.414736,
2577,NFCORE_RANGELAND:RANGELAND:PREPROCESSING:FORCE_PREPROCESS,1722130118000,1722130200000,6,192.4,,38654705664.0,,,0.871836140681781,0.871836140681781,0.0,797.414736,
3521,NFCORE_RANGELAND:RANGELAND:PREPROCESSING:FORCE_PREPROCESS,1722130176000,1722130200000,6,191.3,,38654705664.0,,,0.5337337927473231,0.5337337927473231,0.0,797.414736,
3502,NFCORE_RANGELAND:RANGELAND:PREPROCESSING:FORCE_PREPROCESS,1722130053000,1722130200000,6,145.0,,38654705664.0,,,1.045129027664437,1.045129027664437,0.0,797.414736,
2208,NFCORE_RANGELAND:RANGELAND:PREPROCESSING:FORCE_PREPROCESS,1722130135000,1722130200000,6,153.8,,38654705664.0,,,0.8913013056765062,0.8913013056765062,0.0,797.414736,
3326,NFCORE_RANGELAND:RANGELAND:PREPROCESSING:FORCE_PREPROCESS,1722130210000,1722130350000,6,191.6,,38654705664.0,,,0.5308392918348723,0.5308392918348723,0.0,784.260568,
3761,NFCORE_RANGELAND:RANGELAND:PREPROCESSING:FORCE_PREPROCESS,1722130222000,1722130357000,6,190.9,,38654705664.0,,,0.5115269093869594,0.5115269093869594,0.0,784.260568,
2748,NFCORE_RANGELAND:RANGELAND:PREPROCESSING:FORCE_PREPROCESS,1722130232000,1722130375000,6,198.4,,38654705664.0,,,0.5458553764352578,0.5458553764352578,0.0,784.260568,
3422,NFCORE_RANGELAND:RANGELAND:PREPROCESSING:FORCE_PREPROCESS,1722130241000,1722130381000,6,190.0,,38654705664.0,,,0.5300005687274278,0.5300005687274278,0.0,784.260568,
2920,NFCORE_RANGELAND:RANGELAND:PREPROCESSING:FORCE_PREPROCESS,1722130266000,1722130424000,6,191.4,,38654705664.0,,,0.5989717380609841,0.5989717380609841,0.0,784.260568,
4040,NFCORE_RANGELAND:RANGELAND:PREPROCESSING:FORCE_PREPROCESS,1722130301000,1722130478000,6,179.8,,38654705664.0,,,0.6633121891313721,0.6633121891313721,0.0,784.260568,
2939,NFCORE_RANGELAND:RANGELAND:PREPROCESSING:FORCE_PREPROCESS,1722130297000,1722130441000,6,196.4,,38654705664.0,,,0.54859418861884,0.54859418861884,0.0,784.260568,
3103,NFCORE_RANGELAND:RANGELAND:PREPROCESSING:FORCE_PREPROCESS,1722130291000,1722130445000,6,189.4,,38654705664.0,,,0.5826546523183497,0.5826546523183497,0.0,784.260568,
3014,NFCORE_RANGELAND:RANGELAND:PREPROCESSING:FORCE_PREPROCESS,1722130297000,1722130450000,6,194.2,,38654705664.0,,,0.5816209941665988,0.5816209941665988,0.0,784.260568,
3795,NFCORE_RANGELAND:RANGELAND:PREPROCESSING:FORCE_PREPROCESS,1722130320000,1722130456000,6,191.5,,38654705664.0,,,0.515621532450924,0.515621532450924,0.0,784.260568,
2319,NFCORE_RANGELAND:RANGELAND:PREPROCESSING:FORCE_PREPROCESS,1722130355000,1722130500000,6,187.3,,38654705664.0,,,0.5813847860656625,0.5813847860656625,0.0,783.58018,
3365,NFCORE_RANGELAND:RANGELAND:PREPROCESSING:FORCE_PREPROCESS,1722130279000,1722130474000,6,163.5,,38654705664.0,,,0.7188664097555283,0.7188664097555283,0.0,784.260568,
2293,NFCORE_RANGELAND:RANGELAND:PREPROCESSING:FORCE_PREPROCESS,1722130210000,1722130500000,6,142.8,,38654705664.0,,,1.0682227007606817,1.0682227007606817,0.0,783.58018,
2762,NFCORE_RANGELAND:RANGELAND:PREPROCESSING:FORCE_PREPROCESS,1722130360000,1722130500000,6,193.7,,38654705664.0,,,0.5888348097950661,0.5888348097950661,0.0,783.58018,
3644,NFCORE_RANGELAND:RANGELAND:PREPROCESSING:FORCE_PREPROCESS,1722130377000,1722130500000,6,189.3,,38654705664.0,,,0.529522038030584,0.529522038030584,0.0,783.58018,
3848,NFCORE_RANGELAND:RANGELAND:PREPROCESSING:FORCE_PREPROCESS,1722130388000,1722130500000,6,195.0,,38654705664.0,,,0.5058518762020559,0.5058518762020559,0.0,783.58018,
2106,NFCORE_RANGELAND:RANGELAND:PREPROCESSING:FORCE_PREPROCESS,1722130388000,1722130500000,6,187.4,,38654705664.0,,,0.5020681750626753,0.5020681750626753,0.0,783.58018,
2174,NFCORE_RANGELAND:RANGELAND:PREPROCESSING:FORCE_PREPROCESS,1722130447000,1722130500000,6,187.8,,38654705664.0,,,0.528277097437908,0.528277097437908,0.0,783.58018,
2558,NFCORE_RANGELAND:RANGELAND:PREPROCESSING:FORCE_PREPROCESS,1722130447000,1722130500000,6,190.9,,38654705664.0,,,0.5336828850264949,0.5336828850264949,0.0,783.58018,
2196,NFCORE_RANGELAND:RANGELAND:PREPROCESSING:FORCE_PREPROCESS,1722130458000,1722130500000,6,182.7,,38654705664.0,,,0.5330385444670388,0.5330385444670388,0.0,783.58018,
2334,NFCORE_RANGELAND:RANGELAND:PREPROCESSING:FORCE_PREPROCESS,1722130427000,1722130500000,6,168.3,,38654705664.0,,,0.6772104284677519,0.6772104284677519,0.0,783.58018,
2352,NFCORE_RANGELAND:RANGELAND:PREPROCESSING:FORCE_PREPROCESS,1722130477000,1722130500000,6,186.7,,38654705664.0,,,0.4936033466778768,0.4936033466778768,0.0,783.58018,
2326,NFCORE_RANGELAND:RANGELAND:PREPROCESSING:FORCE_PREPROCESS,1722130482000,1722130500000,6,183.4,,38654705664.0,,,0.6646604629309985,0.6646604629309985,0.0,783.58018,
2357,NFCORE_RANGELAND:RANGELAND:PREPROCESSING:FORCE_PREPROCESS,1722130340000,1722130500000,6,143.3,,38654705664.0,,,1.1400542446030761,1.1400542446030761,0.0,783.58018,
2161,NFCORE_RANGELAND:RANGELAND:PREPROCESSING:FORCE_PREPROCESS,1722130353000,1722130500000,6,145.8,,38654705664.0,,,1.327238929108539,1.327238929108539,0.0,783.58018,
3423,NFCORE_RANGELAND:RANGELAND:PREPROCESSING:FORCE_PREPROCESS,1722130457000,1722130500000,6,147.2,,38654705664.0,,,0.9774468696820936,0.9774468696820936,0.0,783.58018,
3462,NFCORE_RANGELAND:RANGELAND:PREPROCESSING:FORCE_PREPROCESS,1722130500000,1722130556000,6,137.9,,38654705664.0,,,0.20072697088634558,0.20072697088634558,0.0,782.899792,
3421,NFCORE_RANGELAND:RANGELAND:PREPROCESSING:FORCE_PREPROCESS,1722130512000,1722130655000,6,191.2,,38654705664.0,,,0.5410598171615144,0.5410598171615144,0.0,782.899792,
3538,NFCORE_RANGELAND:RANGELAND:PREPROCESSING:FORCE_PREPROCESS,1722130519000,1722130675000,6,184.5,,38654705664.0,,,0.5863403217529651,0.5863403217529651,0.0,782.899792,
3467,NFCORE_RANGELAND:RANGELAND:PREPROCESSING:FORCE_PREPROCESS,1722130528000,1722130689000,6,186.7,,38654705664.0,,,0.6064572105446157,0.6064572105446157,0.0,782.899792,
2994,NFCORE_RANGELAND:RANGELAND:PREPROCESSING:FORCE_PREPROCESS,1722130528000,1722130718000,6,196.5,,38654705664.0,,,0.7226546336048292,0.7226546336048292,0.0,782.899792,
3525,NFCORE_RANGELAND:RANGELAND:PREPROCESSING:FORCE_PREPROCESS,1722130508000,1722130721000,6,180.8,,38654705664.0,,,0.7976342922936869,0.7976342922936869,0.0,782.899792,
2244,NFCORE_RANGELAND:RANGELAND:PREPROCESSING:FORCE_PREPROCESS,1722130590000,1722130726000,6,189.3,,38654705664.0,,,0.5136085233158568,0.5136085233158568,0.0,782.899792,
2786,NFCORE_RANGELAND:RANGELAND:PREPROCESSING:FORCE_PREPROCESS,1722130528000,1722130741000,6,167.9,,38654705664.0,,,0.787363931467618,0.787363931467618,0.0,782.899792,
2226,NFCORE_RANGELAND:RANGELAND:PREPROCESSING:FORCE_PREPROCESS,1722130666000,1722130799000,6,188.5,,38654705664.0,,,0.5018812213161027,0.5018812213161027,0.0,782.899792,
2239,NFCORE_RANGELAND:RANGELAND:PREPROCESSING:FORCE_PREPROCESS,1722130611000,1722130760000,6,188.5,,38654705664.0,,,0.5622579095947317,0.5622579095947317,0.0,782.899792,
2176,NFCORE_RANGELAND:RANGELAND:PREPROCESSING:FORCE_PREPROCESS,1722130601000,1722130769000,6,174.4,,38654705664.0,,,0.6251011195904534,0.6251011195904534,0.0,782.899792,
3037,NFCORE_RANGELAND:RANGELAND:PREPROCESSING:FORCE_PREPROCESS,1722130621000,1722130785000,6,179.4,,38654705664.0,,,0.6132827579178434,0.6132827579178434,0.0,782.899792,
2112,NFCORE_RANGELAND:RANGELAND:PREPROCESSING:FORCE_PREPROCESS,1722130659000,1722130790000,6,189.2,,38654705664.0,,,0.4946768918004539,0.4946768918004539,0.0,782.899792,
3814,NFCORE_RANGELAND:RANGELAND:PREPROCESSING:FORCE_PREPROCESS,1722130612000,1722130795000,6,170.6,,38654705664.0,,,0.6783144514684158,0.6783144514684158,0.0,782.899792,
3252,NFCORE_RANGELAND:RANGELAND:PREPROCESSING:FORCE_PREPROCESS,1722130678000,1722130800000,6,190.8,,38654705664.0,,,0.5257174549841851,0.5257174549841851,0.0,782.899792,
2335,NFCORE_RANGELAND:RANGELAND:PREPROCESSING:FORCE_PREPROCESS,1722130666000,1722130800000,6,152.5,,38654705664.0,,,0.8187709760244688,0.8187709760244688,0.0,782.899792,
2128,NFCORE_RANGELAND:RANGELAND:PREPROCESSING:FORCE_PREPROCESS,1722130691000,1722130800000,6,176.1,,38654705664.0,,,0.6448046073895055,0.6448046073895055,0.0,782.899792,
2350,NFCORE_RANGELAND:RANGELAND:PREPROCESSING:FORCE_PREPROCESS,1722130734000,1722130800000,6,187.5,,38654705664.0,,,0.497614288325605,0.497614288325605,0.0,782.899792,
2398,NFCORE_RANGELAND:RANGELAND:PREPROCESSING:FORCE_PREPROCESS,1722130734000,1722130800000,6,184.7,,38654705664.0,,,0.5150294932343418,0.5150294932343418,0.0,782.899792,
3134,NFCORE_RANGELAND:RANGELAND:PREPROCESSING:FORCE_PREPROCESS,1722130731000,1722130800000,6,188.1,,38654705664.0,,,0.5243146575834413,0.5243146575834413,0.0,782.899792,
4083,NFCORE_RANGELAND:RANGELAND:PREPROCESSING:FORCE_PREPROCESS,1722130743000,1722130800000,6,190.7,,38654705664.0,,,0.5181019671576335,0.5181019671576335,0.0,782.899792,
2214,NFCORE_RANGELAND:RANGELAND:PREPROCESSING:FORCE_PREPROCESS,1722130559000,1722130800000,6,140.1,,38654705664.0,,,1.164013208839935,1.164013208839935,0.0,782.899792,
3929,NFCORE_RANGELAND:RANGELAND:PREPROCESSING:FORCE_PREPROCESS,1722130720000,1722130800000,6,165.8,,38654705664.0,,,0.7008520297185028,0.7008520297185028,0.0,782.899792,
3697,NFCORE_RANGELAND:RANGELAND:PREPROCESSING:FORCE_PREPROCESS,1722130772000,1722130800000,6,187.8,,38654705664.0,,,0.610890101980605,0.610890101980605,0.0,782.899792,
3135,NFCORE_RANGELAND:RANGELAND:PREPROCESSING:FORCE_PREPROCESS,1722130799000,1722130800000,6,190.6,,38654705664.0,,,0.5218321516622618,0.5218321516622618,0.0,782.899792,
3369,NFCORE_RANGELAND:RANGELAND:PREPROCESSING:FORCE_PREPROCESS,1722130799000,1722130800000,6,190.0,,38654705664.0,,,0.5253018113098907,0.5253018113098907,0.0,782.899792,
2123,NFCORE_RANGELAND:RANGELAND:PREPROCESSING:FORCE_PREPROCESS,1722130788000,1722130800000,6,180.3,,38654705664.0,,,0.5988628854780668,0.5988628854780668,0.0,782.899792,
3647,NFCORE_RANGELAND:RANGELAND:PREPROCESSING:FORCE_PREPROCESS,1722130731000,1722130800000,6,158.7,,38654705664.0,,,0.8313095239536572,0.8313095239536572,0.0,782.899792,
2711,NFCORE_RANGELAND:RANGELAND:PREPROCESSING:FORCE_PREPROCESS,1722130764000,1722130800000,6,131.3,,38654705664.0,,,1.5824057979457815,1.5824057979457815,0.0,796.05396,
2471,NFCORE_RANGELAND:RANGELAND:PREPROCESSING:FORCE_PREPROCESS,1722130820000,1722130855000,6,168.5,,38654705664.0,,,0.12945754363102852,0.12945754363102852,0.0,782.899792,
2592,NFCORE_RANGELAND:RANGELAND:PREPROCESSING:FORCE_PREPROCESS,1722130802000,1722130947000,6,191.0,,38654705664.0,,,0.5485186910496404,0.5485186910496404,0.0,782.899792,
4100,NFCORE_RANGELAND:RANGELAND:PREPROCESSING:FORCE_PREPROCESS,1722130947000,1722130981000,6,173.0,,38654705664.0,,,0.12633064050257947,0.12633064050257947,0.0,782.899792,
3763,NFCORE_RANGELAND:RANGELAND:PREPROCESSING:FORCE_PREPROCESS,1722130860000,1722130997000,6,190.5,,38654705664.0,,,0.5179995513601906,0.5179995513601906,0.0,782.899792,
2329,NFCORE_RANGELAND:RANGELAND:PREPROCESSING:FORCE_PREPROCESS,1722130870000,1722131003000,6,186.6,,38654705664.0,,,0.5009366785418743,0.5009366785418743,0.0,782.899792,
2356,NFCORE_RANGELAND:RANGELAND:PREPROCESSING:FORCE_PREPROCESS,1722130890000,1722131019000,6,188.6,,38654705664.0,,,0.48683526690290585,0.48683526690290585,0.0,782.899792,
2665,NFCORE_RANGELAND:RANGELAND:PREPROCESSING:FORCE_PREPROCESS,1722130880000,1722131028000,6,190.3,,38654705664.0,,,0.5594801172502673,0.5594801172502673,0.0,782.899792,
3843,NFCORE_RANGELAND:RANGELAND:PREPROCESSING:FORCE_PREPROCESS,1722130915000,1722131044000,6,195.3,,38654705664.0,,,0.49006584988575386,0.49006584988575386,0.0,782.899792,
3370,NFCORE_RANGELAND:RANGELAND:PREPROCESSING:FORCE_PREPROCESS,1722130894000,1722131096000,6,174.4,,38654705664.0,,,0.751609679507569,0.751609679507569,0.0,782.899792,
3322,NFCORE_RANGELAND:RANGELAND:PREPROCESSING:FORCE_PREPROCESS,1722130890000,1722131060000,6,186.8,,38654705664.0,,,0.6404220879436057,0.6404220879436057,0.0,782.899792,
2170,NFCORE_RANGELAND:RANGELAND:PREPROCESSING:FORCE_PREPROCESS,1722130936000,1722131064000,6,187.9,,38654705664.0,,,0.4827264429719645,0.4827264429719645,0.0,782.899792,
2666,NFCORE_RANGELAND:RANGELAND:PREPROCESSING:FORCE_PREPROCESS,1722130880000,1722131069000,6,177.6,,38654705664.0,,,0.70549938268866,0.70549938268866,0.0,782.899792,
3273,NFCORE_RANGELAND:RANGELAND:PREPROCESSING:FORCE_PREPROCESS,1722130947000,1722131081000,6,190.2,,38654705664.0,,,0.5065062358173683,0.5065062358173683,0.0,782.899792,
2970,NFCORE_RANGELAND:RANGELAND:PREPROCESSING:FORCE_PREPROCESS,1722130949000,1722131100000,6,189.3,,38654705664.0,,,0.6912631244086064,0.6912631244086064,0.0,796.05396,
3767,NFCORE_RANGELAND:RANGELAND:PREPROCESSING:FORCE_PREPROCESS,1722130957000,1722131100000,6,185.9,,38654705664.0,,,0.5654590587800782,0.5654590587800782,0.0,796.05396,
3580,NFCORE_RANGELAND:RANGELAND:PREPROCESSING:FORCE_PREPROCESS,1722130983000,1722131100000,6,189.3,,38654705664.0,,,0.5433437996768005,0.5433437996768005,0.0,796.05396,
3657,NFCORE_RANGELAND:RANGELAND:PREPROCESSING:FORCE_PREPROCESS,1722130967000,1722131100000,6,184.9,,38654705664.0,,,0.6400033937764876,0.6400033937764876,0.0,796.05396,
2532,NFCORE_RANGELAND:RANGELAND:PREPROCESSING:FORCE_PREPROCESS,1722130999000,1722131100000,6,180.1,,38654705664.0,,,0.7028599095864099,0.7028599095864099,0.0,796.05396,
2328,NFCORE_RANGELAND:RANGELAND:PREPROCESSING:FORCE_PREPROCESS,1722130870000,1722131100000,6,140.1,,38654705664.0,,,1.3053290049691442,1.3053290049691442,0.0,796.05396,
4238,NFCORE_RANGELAND:RANGELAND:PREPROCESSING:MERGE_QAI,1722131279000,1722131288000,2,100.6,,12884901888.0,,,0.01301421615733,0.01301421615733,0.0,809.208128,
4235,NFCORE_RANGELAND:RANGELAND:PREPROCESSING:MERGE_QAI,1722131241000,1722131254000,2,100.2,,12884901888.0,,,0.018778222511576667,0.018778222511576667,0.0,809.208128,
4236,NFCORE_RANGELAND:RANGELAND:PREPROCESSING:MERGE_QAI,1722131242000,1722131251000,2,100.3,,12884901888.0,,,0.013003784958805002,0.013003784958805002,0.0,809.208128,
4263,NFCORE_RANGELAND:RANGELAND:PREPROCESSING:MERGE_BOA,1722131279000,1722131298000,2,101.7,,12884901888.0,,,0.027555201535538334,0.027555201535538334,0.0,809.208128,
4264,NFCORE_RANGELAND:RANGELAND:PREPROCESSING:MERGE_BOA,1722131290000,1722131301000,2,104.0,,12884901888.0,,,0.01605075560889778,0.01605075560889778,0.0,809.208128,
4265,NFCORE_RANGELAND:RANGELAND:PREPROCESSING:MERGE_BOA,1722131254000,1722131265000,2,103.2,,12884901888.0,,,0.016016757628520003,0.016016757628520003,0.0,809.208128,
4153,NFCORE_RANGELAND:RANGELAND:PREPROCESSING:MERGE_QAI,1722131234000,1722131400000,2,100.5,,12884901888.0,,,0.6354144824028463,0.6354144824028463,0.0,808.52774,
4165,NFCORE_RANGELAND:RANGELAND:PREPROCESSING:MERGE_QAI,1722131235000,1722131400000,2,100.5,,12884901888.0,,,0.6484009114433825,0.6484009114433825,0.0,808.52774,
4168,NFCORE_RANGELAND:RANGELAND:PREPROCESSING:MERGE_QAI,1722131236000,1722131400000,2,100.4,,12884901888.0,,,0.6467823776472056,0.6467823776472056,0.0,808.52774,
4156,NFCORE_RANGELAND:RANGELAND:PREPROCESSING:MERGE_QAI,1722131234000,1722131400000,2,100.4,,12884901888.0,,,0.6525585222808695,0.6525585222808695,0.0,808.52774,
4162,NFCORE_RANGELAND:RANGELAND:PREPROCESSING:MERGE_QAI,1722131234000,1722131400000,2,100.4,,12884901888.0,,,0.6511157013001464,0.6511157013001464,0.0,808.52774,
4155,NFCORE_RANGELAND:RANGELAND:PREPROCESSING:MERGE_QAI,1722131235000,1722131400000,2,100.4,,12884901888.0,,,0.6467848080025915,0.6467848080025915,0.0,808.52774,
4190,NFCORE_RANGELAND:RANGELAND:PREPROCESSING:MERGE_QAI,1722131241000,1722131400000,2,100.4,,12884901888.0,,,0.6438845839088303,0.6438845839088303,0.0,808.52774,
4157,NFCORE_RANGELAND:RANGELAND:PREPROCESSING:MERGE_QAI,1722131238000,1722131400000,2,100.4,,12884901888.0,,,0.6410062330135418,0.6410062330135418,0.0,808.52774,
4189,NFCORE_RANGELAND:RANGELAND:PREPROCESSING:MERGE_QAI,1722131234000,1722131400000,2,100.4,,12884901888.0,,,0.6554441642423157,0.6554441642423157,0.0,808.52774,
4193,NFCORE_RANGELAND:RANGELAND:PREPROCESSING:MERGE_QAI,1722131236000,1722131400000,2,100.3,,12884901888.0,,,0.6451670462381107,0.6451670462381107,0.0,808.52774,
4185,NFCORE_RANGELAND:RANGELAND:PREPROCESSING:MERGE_QAI,1722131234000,1722131400000,2,100.4,,12884901888.0,,,0.6554441642423157,0.6554441642423157,0.0,808.52774,
4188,NFCORE_RANGELAND:RANGELAND:PREPROCESSING:MERGE_QAI,1722131240000,1722131400000,2,100.5,,12884901888.0,,,0.6483887564180733,0.6483887564180733,0.0,808.52774,
4147,NFCORE_RANGELAND:RANGELAND:PREPROCESSING:MERGE_QAI,1722131234000,1722131400000,2,100.5,,12884901888.0,,,0.6541761691353769,0.6541761691353769,0.0,808.52774,
4149,NFCORE_RANGELAND:RANGELAND:PREPROCESSING:MERGE_QAI,1722131238000,1722131400000,2,100.4,,12884901888.0,,,0.6554344428207723,0.6554344428207723,0.0,808.52774,
4164,NFCORE_RANGELAND:RANGELAND:PREPROCESSING:MERGE_QAI,1722131235000,1722131400000,2,100.4,,12884901888.0,,,0.6525560919254837,0.6525560919254837,0.0,808.52774,
4161,NFCORE_RANGELAND:RANGELAND:PREPROCESSING:MERGE_QAI,1722131241000,1722131400000,2,100.5,,12884901888.0,,,0.6527159454282108,0.6527159454282108,0.0,808.52774,
4170,NFCORE_RANGELAND:RANGELAND:PREPROCESSING:MERGE_QAI,1722131238000,1722131400000,2,100.6,,12884901888.0,,,0.6586720454784393,0.6586720454784393,0.0,808.52774,
4152,NFCORE_RANGELAND:RANGELAND:PREPROCESSING:MERGE_QAI,1722131240000,1722131400000,2,100.5,,12884901888.0,,,0.645502343074607,0.645502343074607,0.0,808.52774,
4169,NFCORE_RANGELAND:RANGELAND:PREPROCESSING:MERGE_QAI,1722131241000,1722131400000,2,100.5,,12884901888.0,,,0.6527159454282108,0.6527159454282108,0.0,808.52774,
4176,NFCORE_RANGELAND:RANGELAND:PREPROCESSING:MERGE_QAI,1722131278000,1722131400000,2,100.7,,12884901888.0,,,0.6818543825100435,0.6818543825100435,0.0,808.187546,
4154,NFCORE_RANGELAND:RANGELAND:PREPROCESSING:MERGE_QAI,1722131238000,1722131400000,2,100.4,,12884901888.0,,,0.6597629057629415,0.6597629057629415,0.0,808.52774,
4167,NFCORE_RANGELAND:RANGELAND:PREPROCESSING:MERGE_QAI,1722131236000,1722131400000,2,100.5,,12884901888.0,,,0.6570577204687195,0.6570577204687195,0.0,808.52774,
4163,NFCORE_RANGELAND:RANGELAND:PREPROCESSING:MERGE_QAI,1722131242000,1722131400000,2,100.6,,12884901888.0,,,0.6730982424869194,0.6730982424869194,0.0,808.187546,
4159,NFCORE_RANGELAND:RANGELAND:PREPROCESSING:MERGE_QAI,1722131235000,1722131400000,2,100.5,,12884901888.0,,,0.6570601514737813,0.6570601514737813,0.0,808.52774,
4158,NFCORE_RANGELAND:RANGELAND:PREPROCESSING:MERGE_QAI,1722131240000,1722131400000,2,100.4,,12884901888.0,,,0.6583152240714467,0.6583152240714467,0.0,808.52774,
4166,NFCORE_RANGELAND:RANGELAND:PREPROCESSING:MERGE_QAI,1722131279000,1722131400000,2,100.7,,12884901888.0,,,0.6789639940981231,0.6789639940981231,0.0,808.187546,
4182,NFCORE_RANGELAND:RANGELAND:PREPROCESSING:MERGE_QAI,1722131241000,1722131400000,2,100.5,,12884901888.0,,,0.6599319787868765,0.6599319787868765,0.0,808.52774,
4191,NFCORE_RANGELAND:RANGELAND:PREPROCESSING:MERGE_QAI,1722131235000,1722131400000,2,100.3,,12884901888.0,,,0.6696908758689412,0.6696908758689412,0.0,808.52774,
4186,NFCORE_RANGELAND:RANGELAND:PREPROCESSING:MERGE_QAI,1722131241000,1722131400000,2,100.5,,12884901888.0,,,0.6613751854586095,0.6613751854586095,0.0,808.52774,
4192,NFCORE_RANGELAND:RANGELAND:PREPROCESSING:MERGE_QAI,1722131279000,1722131400000,2,100.7,,12884901888.0,,,0.6601922793993307,0.6601922793993307,0.0,808.187546,
4210,NFCORE_RANGELAND:RANGELAND:PREPROCESSING:MERGE_QAI,1722131258000,1722131400000,2,100.6,,12884901888.0,,,0.6687285589228833,0.6687285589228833,0.0,808.187546,
4233,NFCORE_RANGELAND:RANGELAND:PREPROCESSING:MERGE_QAI,1722131307000,1722131400000,2,100.7,,12884901888.0,,,0.6644561090369996,0.6644561090369996,0.0,808.187546,
4148,NFCORE_RANGELAND:RANGELAND:PREPROCESSING:MERGE_QAI,1722131242000,1722131400000,2,100.5,,12884901888.0,,,0.6685887878122132,0.6685887878122132,0.0,808.187546,
4268,NFCORE_RANGELAND:RANGELAND:PREPROCESSING:MERGE_BOA,1722131272000,1722131400000,2,104.5,,12884901888.0,,,0.9498854321897261,0.9498854321897261,0.0,808.187546,
4174,NFCORE_RANGELAND:RANGELAND:PREPROCESSING:MERGE_BOA,1722131234000,1722131400000,2,104.4,,12884901888.0,,,1.0313895279789294,1.0313895279789294,0.0,808.187546,
4151,NFCORE_RANGELAND:RANGELAND:PREPROCESSING:MERGE_BOA,1722131238000,1722131400000,2,104.6,,12884901888.0,,,1.0333843001956409,1.0333843001956409,0.0,808.187546,
4195,NFCORE_RANGELAND:RANGELAND:PREPROCESSING:MERGE_BOA,1722131238000,1722131400000,2,104.9,,12884901888.0,,,1.037124177795937,1.037124177795937,0.0,808.187546,
4199,NFCORE_RANGELAND:RANGELAND:PREPROCESSING:MERGE_BOA,1722131238000,1722131400000,2,105.2,,12884901888.0,,,1.0350233470915284,1.0350233470915284,0.0,808.187546,
4209,NFCORE_RANGELAND:RANGELAND:PREPROCESSING:MERGE_BOA,1722131236000,1722131400000,2,104.6,,12884901888.0,,,1.039225295491784,1.039225295491784,0.0,808.187546,
4184,NFCORE_RANGELAND:RANGELAND:PREPROCESSING:MERGE_BOA,1722131235000,1722131400000,2,104.9,,12884901888.0,,,1.0429722648730648,1.0429722648730648,0.0,808.187546,
4197,NFCORE_RANGELAND:RANGELAND:PREPROCESSING:MERGE_BOA,1722131236000,1722131400000,2,104.9,,12884901888.0,,,1.0488105135869619,1.0488105135869619,0.0,808.187546,
4198,NFCORE_RANGELAND:RANGELAND:PREPROCESSING:MERGE_BOA,1722131235000,1722131400000,2,105.1,,12884901888.0,,,1.0464451429449304,1.0464451429449304,0.0,808.187546,
4177,NFCORE_RANGELAND:RANGELAND:PREPROCESSING:MERGE_BOA,1722131242000,1722131400000,2,104.7,,12884901888.0,,,1.0497011041481827,1.0497011041481827,0.0,808.187546,
4175,NFCORE_RANGELAND:RANGELAND:PREPROCESSING:MERGE_BOA,1722131279000,1722131400000,2,104.8,,12884901888.0,,,1.0659157357546127,1.0659157357546127,0.0,807.110265,
4200,NFCORE_RANGELAND:RANGELAND:PREPROCESSING:MERGE_BOA,1722131242000,1722131400000,2,105.2,,12884901888.0,,,1.0583948473194873,1.0583948473194873,0.0,808.187546,
4196,NFCORE_RANGELAND:RANGELAND:PREPROCESSING:MERGE_BOA,1722131242000,1722131400000,2,104.7,,12884901888.0,,,1.065754566783899,1.065754566783899,0.0,808.187546,
4205,NFCORE_RANGELAND:RANGELAND:PREPROCESSING:MERGE_BOA,1722131236000,1722131400000,2,104.6,,12884901888.0,,,1.0479794155106599,1.0479794155106599,0.0,808.187546,
4183,NFCORE_RANGELAND:RANGELAND:PREPROCESSING:MERGE_BOA,1722131241000,1722131400000,2,105.0,,12884901888.0,,,1.0592991844469477,1.0592991844469477,0.0,808.187546,
4207,NFCORE_RANGELAND:RANGELAND:PREPROCESSING:MERGE_BOA,1722131303000,1722131400000,2,105.1,,12884901888.0,,,1.0695381362044154,1.0695381362044154,0.0,807.110265,
4173,NFCORE_RANGELAND:RANGELAND:PREPROCESSING:MERGE_BOA,1722131235000,1722131400000,2,105.1,,12884901888.0,,,1.0610546275268935,1.0610546275268935,0.0,808.187546,
4160,NFCORE_RANGELAND:RANGELAND:PREPROCESSING:MERGE_BOA,1722131240000,1722131400000,2,104.6,,12884901888.0,,,1.0596417449687092,1.0596417449687092,0.0,808.187546,
4150,NFCORE_RANGELAND:RANGELAND:PREPROCESSING:MERGE_BOA,1722131278000,1722131400000,2,104.8,,12884901888.0,,,1.0702910116748916,1.0702910116748916,0.0,807.110265,
4171,NFCORE_RANGELAND:RANGELAND:PREPROCESSING:MERGE_BOA,1722131241000,1722131400000,2,104.8,,12884901888.0,,,1.0485211861892028,1.0485211861892028,0.0,808.187546,
4172,NFCORE_RANGELAND:RANGELAND:PREPROCESSING:MERGE_BOA,1722131240000,1722131400000,2,104.7,,12884901888.0,,,1.042408992260314,1.042408992260314,0.0,808.187546,
4180,NFCORE_RANGELAND:RANGELAND:PREPROCESSING:MERGE_BOA,1722131241000,1722131400000,2,105.1,,12884901888.0,,,1.0493522745203645,1.0493522745203645,0.0,808.187546,
4201,NFCORE_RANGELAND:RANGELAND:PREPROCESSING:MERGE_BOA,1722131241000,1722131400000,2,103.7,,12884901888.0,,,1.0454738623082775,1.0454738623082775,0.0,808.187546,
4274,NFCORE_RANGELAND:RANGELAND:PREPROCESSING:MERGE_QAI,1722131687000,1722131700000,2,100.5,,12884901888.0,,,0.08081957361705501,0.08081957361705501,0.0,807.847352,
4271,NFCORE_RANGELAND:RANGELAND:PREPROCESSING:MERGE_QAI,1722131698000,1722131700000,2,100.6,,12884901888.0,,,0.22520040858793838,0.22520040858793838,0.0,807.847352,
4187,NFCORE_RANGELAND:RANGELAND:PREPROCESSING:MERGE_QAI,1722131687000,1722131700000,2,100.5,,12884901888.0,,,0.6417991120303508,0.6417991120303508,0.0,806.940168,
4221,NFCORE_RANGELAND:RANGELAND:PREPROCESSING:MERGE_QAI,1722131698000,1722131700000,2,100.5,,12884901888.0,,,0.6561631106059495,0.6561631106059495,0.0,806.940168,
4224,NFCORE_RANGELAND:RANGELAND:PREPROCESSING:MERGE_QAI,1722131698000,1722131700000,2,100.6,,12884901888.0,,,0.6664209185766004,0.6664209185766004,0.0,806.940168,
4229,NFCORE_RANGELAND:RANGELAND:PREPROCESSING:MERGE_QAI,1722131698000,1722131700000,2,100.4,,12884901888.0,,,0.6660648172784074,0.6660648172784074,0.0,806.940168,
4226,NFCORE_RANGELAND:RANGELAND:PREPROCESSING:MERGE_QAI,1722131698000,1722131700000,2,100.7,,12884901888.0,,,0.6738026441317034,0.6738026441317034,0.0,806.940168,
4208,NFCORE_RANGELAND:RANGELAND:PREPROCESSING:MERGE_QAI,1722131698000,1722131700000,2,100.5,,12884901888.0,,,0.6734426945857569,0.6734426945857569,0.0,806.940168,
4203,NFCORE_RANGELAND:RANGELAND:PREPROCESSING:MERGE_BOA,1722131676000,1722131700000,2,104.8,,12884901888.0,,,1.047604001147091,1.047604001147091,0.0,792.1984279999999,
4181,NFCORE_RANGELAND:RANGELAND:PREPROCESSING:MERGE_BOA,1722131687000,1722131700000,2,105.0,,12884901888.0,,,1.0363082371263037,1.0363082371263037,0.0,792.1984279999999,
4214,NFCORE_RANGELAND:RANGELAND:PREPROCESSING:MERGE_BOA,1722131687000,1722131700000,2,105.0,,12884901888.0,,,1.0391194719190688,1.0391194719190688,0.0,792.1984279999999,
4217,NFCORE_RANGELAND:RANGELAND:PREPROCESSING:MERGE_BOA,1722131698000,1722131700000,2,105.1,,12884901888.0,,,1.0261354164561698,1.0261354164561698,0.0,792.1984279999999,
4206,NFCORE_RANGELAND:RANGELAND:PREPROCESSING:MERGE_BOA,1722131698000,1722131700000,2,104.9,,12884901888.0,,,1.0269988623042043,1.0269988623042043,0.0,792.1984279999999,
4215,NFCORE_RANGELAND:RANGELAND:PREPROCESSING:MERGE_BOA,1722131687000,1722131700000,2,105.0,,12884901888.0,,,1.0559868806756587,1.0559868806756587,0.0,792.1984279999999,
4202,NFCORE_RANGELAND:RANGELAND:PREPROCESSING:MERGE_BOA,1722131697000,1722131700000,2,104.9,,12884901888.0,,,1.053753471246853,1.053753471246853,0.0,792.1984279999999,
4216,NFCORE_RANGELAND:RANGELAND:PREPROCESSING:MERGE_BOA,1722131697000,1722131700000,2,104.9,,12884901888.0,,,1.048132486387637,1.048132486387637,0.0,792.1984279999999,
4204,NFCORE_RANGELAND:RANGELAND:PREPROCESSING:MERGE_BOA,1722131698000,1722131700000,2,104.8,,12884901888.0,,,1.0463958414043988,1.0463958414043988,0.0,792.1984279999999,
4179,NFCORE_RANGELAND:RANGELAND:PREPROCESSING:MERGE_BOA,1722131699000,1722131700000,2,104.8,,12884901888.0,,,1.0547701752518117,1.0547701752518117,0.0,792.1984279999999,
4178,NFCORE_RANGELAND:RANGELAND:PREPROCESSING:MERGE_BOA,1722131699000,1722131700000,2,104.8,,12884901888.0,,,1.0589848003514883,1.0589848003514883,0.0,792.1984279999999,
4213,NFCORE_RANGELAND:RANGELAND:PREPROCESSING:MERGE_BOA,1722131699000,1722131700000,2,104.5,,12884901888.0,,,1.048319087836548,1.048319087836548,0.0,792.1984279999999,
4212,NFCORE_RANGELAND:RANGELAND:PREPROCESSING:MERGE_BOA,1722131698000,1722131700000,2,104.8,,12884901888.0,,,1.06184946676988,1.06184946676988,0.0,792.1984279999999,
4227,NFCORE_RANGELAND:RANGELAND:PREPROCESSING:MERGE_BOA,1722131699000,1722131700000,2,104.9,,12884901888.0,,,1.0480226246648927,1.0480226246648927,0.0,792.1984279999999,
4287,NFCORE_RANGELAND:RANGELAND:PREPROCESSING:MERGE_QAI,1722131754000,1722131763000,2,100.7,,12884901888.0,,,0.012995802483779377,0.012995802483779377,0.0,807.847352,
4284,NFCORE_RANGELAND:RANGELAND:PREPROCESSING:MERGE_QAI,1722131709000,1722131732000,2,100.3,,12884901888.0,,,0.03317601166339869,0.03317601166339869,0.0,807.847352,
4283,NFCORE_RANGELAND:RANGELAND:PREPROCESSING:MERGE_QAI,1722131709000,1722131758000,2,100.4,,12884901888.0,,,0.07069822805542975,0.07069822805542975,0.0,807.847352,
4289,NFCORE_RANGELAND:RANGELAND:PREPROCESSING:MERGE_BOA,1722131750000,1722131784000,2,103.2,,12884901888.0,,,0.04942309118617001,0.04942309118617001,0.0,807.847352,
4286,NFCORE_RANGELAND:RANGELAND:PREPROCESSING:MERGE_BOA,1722131709000,1722131793000,2,104.0,,12884901888.0,,,0.12236329199518668,0.12236329199518668,0.0,807.847352,
4290,NFCORE_RANGELAND:RANGELAND:PREPROCESSING:MERGE_BOA,1722131786000,1722131797000,2,104.4,,12884901888.0,,,0.01604073483238417,0.01604073483238417,0.0,807.847352,
4288,NFCORE_RANGELAND:RANGELAND:PREPROCESSING:MERGE_BOA,1722131796000,1722131873000,2,105.2,,12884901888.0,,,0.11252272948889196,0.11252272948889196,0.0,807.847352,
4258,NFCORE_RANGELAND:RANGELAND:PREPROCESSING:MERGE_QAI,1722131720000,1722131983000,2,100.3,,12884901888.0,,,0.3793604811945154,0.3793604811945154,0.0,807.847352,
4253,NFCORE_RANGELAND:RANGELAND:PREPROCESSING:MERGE_QAI,1722131775000,1722132000000,2,100.9,,12884901888.0,,,0.4447135074014328,0.4447135074014328,0.0,806.940168,
4250,NFCORE_RANGELAND:RANGELAND:PREPROCESSING:MERGE_QAI,1722131709000,1722132000000,2,100.5,,12884901888.0,,,0.49053144272522003,0.49053144272522003,0.0,806.940168,
4256,NFCORE_RANGELAND:RANGELAND:PREPROCESSING:MERGE_QAI,1722131730000,1722132000000,2,100.6,,12884901888.0,,,0.5078786507675922,0.5078786507675922,0.0,806.940168,
4234,NFCORE_RANGELAND:RANGELAND:PREPROCESSING:MERGE_QAI,1722131709000,1722132000000,2,100.5,,12884901888.0,,,0.5956489119357157,0.5956489119357157,0.0,806.940168,
4223,NFCORE_RANGELAND:RANGELAND:PREPROCESSING:MERGE_QAI,1722131743000,1722132000000,2,100.7,,12884901888.0,,,0.6563678860924502,0.6563678860924502,0.0,806.940168,
4262,NFCORE_RANGELAND:RANGELAND:PREPROCESSING:MERGE_QAI,1722131953000,1722132000000,2,100.4,,12884901888.0,,,0.292387145166527,0.292387145166527,0.0,806.940168,
4260,NFCORE_RANGELAND:RANGELAND:PREPROCESSING:MERGE_QAI,1722131965000,1722132000000,2,100.5,,12884901888.0,,,0.28522658256971123,0.28522658256971123,0.0,806.940168,
4194,NFCORE_RANGELAND:RANGELAND:PREPROCESSING:MERGE_QAI,1722131754000,1722132000000,2,100.8,,12884901888.0,,,0.6723598385266467,0.6723598385266467,0.0,806.940168,
4231,NFCORE_RANGELAND:RANGELAND:PREPROCESSING:MERGE_QAI,1722131775000,1722132000000,2,100.6,,12884901888.0,,,0.6704923191594521,0.6704923191594521,0.0,806.940168,
4254,NFCORE_RANGELAND:RANGELAND:PREPROCESSING:MERGE_QAI,1722131806000,1722132000000,2,100.5,,12884901888.0,,,0.5694151259780019,0.5694151259780019,0.0,806.940168,
4220,NFCORE_RANGELAND:RANGELAND:PREPROCESSING:MERGE_QAI,1722131761000,1722132000000,2,100.4,,12884901888.0,,,0.6500252818503691,0.6500252818503691,0.0,806.940168,
4257,NFCORE_RANGELAND:RANGELAND:PREPROCESSING:MERGE_QAI,1722131975000,1722132000000,2,100.5,,12884901888.0,,,0.40327132636423757,0.40327132636423757,0.0,806.940168,
4281,NFCORE_RANGELAND:RANGELAND:PREPROCESSING:MERGE_BOA,1722131964000,1722132000000,2,105.0,,12884901888.0,,,0.472277604222585,0.472277604222585,0.0,806.940168,
4219,NFCORE_RANGELAND:RANGELAND:PREPROCESSING:MERGE_QAI,1722131857000,1722132000000,2,100.5,,12884901888.0,,,0.6592018669332931,0.6592018669332931,0.0,792.1984279999999,
4222,NFCORE_RANGELAND:RANGELAND:PREPROCESSING:MERGE_QAI,1722131876000,1722132000000,2,100.5,,12884901888.0,,,0.67205945270555,0.67205945270555,0.0,792.1984279999999,
4244,NFCORE_RANGELAND:RANGELAND:PREPROCESSING:MERGE_QAI,1722131953000,1722132000000,2,100.4,,12884901888.0,,,0.5566170029512509,0.5566170029512509,0.0,792.1984279999999,
4242,NFCORE_RANGELAND:RANGELAND:PREPROCESSING:MERGE_QAI,1722131954000,1722132000000,2,100.6,,12884901888.0,,,0.5832567054366917,0.5832567054366917,0.0,792.1984279999999,
4228,NFCORE_RANGELAND:RANGELAND:PREPROCESSING:MERGE_QAI,1722131926000,1722132000000,2,100.5,,12884901888.0,,,0.6596224308089975,0.6596224308089975,0.0,792.1984279999999,
4211,NFCORE_RANGELAND:RANGELAND:PREPROCESSING:MERGE_QAI,1722131944000,1722132000000,2,100.6,,12884901888.0,,,0.6463176183066639,0.6463176183066639,0.0,792.1984279999999,
4239,NFCORE_RANGELAND:RANGELAND:PREPROCESSING:MERGE_QAI,1722131954000,1722132000000,2,100.5,,12884901888.0,,,0.6386574431553875,0.6386574431553875,0.0,792.1984279999999,
4243,NFCORE_RANGELAND:RANGELAND:PREPROCESSING:MERGE_QAI,1722131953000,1722132000000,2,100.5,,12884901888.0,,,0.6484341351792281,0.6484341351792281,0.0,792.1984279999999,
4276,NFCORE_RANGELAND:RANGELAND:PREPROCESSING:MERGE_BOA,1722131964000,1722132000000,2,104.9,,12884901888.0,,,0.6863701313446773,0.6863701313446773,0.0,792.1984279999999,
4273,NFCORE_RANGELAND:RANGELAND:PREPROCESSING:MERGE_BOA,1722131964000,1722132000000,2,105.2,,12884901888.0,,,0.6798822257368384,0.6798822257368384,0.0,792.1984279999999,
4225,NFCORE_RANGELAND:RANGELAND:PREPROCESSING:MERGE_QAI,1722131986000,1722132000000,2,100.5,,12884901888.0,,,0.656364884026085,0.656364884026085,0.0,792.1984279999999,
4218,NFCORE_RANGELAND:RANGELAND:PREPROCESSING:MERGE_BOA,1722131741000,1722132000000,2,104.8,,12884901888.0,,,1.0426295632377296,1.0426295632377296,0.0,792.1984279999999,
4270,NFCORE_RANGELAND:RANGELAND:PREPROCESSING:MERGE_BOA,1722131965000,1722132000000,2,104.6,,12884901888.0,,,0.8963912513320331,0.8963912513320331,0.0,792.1984279999999,
4261,NFCORE_RANGELAND:RANGELAND:PREPROCESSING:MERGE_BOA,1722131964000,1722132000000,2,102.5,,12884901888.0,,,0.8942623400777562,0.8942623400777562,0.0,792.1984279999999,
4251,NFCORE_RANGELAND:RANGELAND:PREPROCESSING:MERGE_BOA,1722131953000,1722132000000,2,106.1,,12884901888.0,,,1.007744147810702,1.007744147810702,0.0,784.827558,
4241,NFCORE_RANGELAND:RANGELAND:PREPROCESSING:MERGE_BOA,1722131956000,1722132000000,2,105.7,,12884901888.0,,,1.0248244331951006,1.0248244331951006,0.0,784.827558,
4246,NFCORE_RANGELAND:RANGELAND:PREPROCESSING:MERGE_BOA,1722131964000,1722132000000,2,104.9,,12884901888.0,,,1.0180082380384279,1.0180082380384279,0.0,784.827558,
4247,NFCORE_RANGELAND:RANGELAND:PREPROCESSING:MERGE_BOA,1722131975000,1722132000000,2,105.6,,12884901888.0,,,1.0066145570417266,1.0066145570417266,0.0,784.827558,
4245,NFCORE_RANGELAND:RANGELAND:PREPROCESSING:MERGE_BOA,1722131975000,1722132000000,2,105.8,,12884901888.0,,,1.0113711102777942,1.0113711102777942,0.0,784.827558,
4237,NFCORE_RANGELAND:RANGELAND:PREPROCESSING:MERGE_BOA,1722131975000,1722132000000,2,104.5,,12884901888.0,,,1.0163290506484355,1.0163290506484355,0.0,784.827558,
4255,NFCORE_RANGELAND:RANGELAND:PREPROCESSING:MERGE_QAI,1722132041000,1722132300000,2,100.8,,12884901888.0,,,0.4510915848728101,0.4510915848728101,0.0,791.744836,
4285,NFCORE_RANGELAND:RANGELAND:PREPROCESSING:MERGE_BOA,1722132177000,1722132300000,2,105.6,,12884901888.0,,,0.34565539093947334,0.34565539093947334,0.0,791.744836,
4279,NFCORE_RANGELAND:RANGELAND:PREPROCESSING:MERGE_BOA,1722132085000,1722132300000,2,105.1,,12884901888.0,,,0.5960021675032239,0.5960021675032239,0.0,791.744836,
4278,NFCORE_RANGELAND:RANGELAND:PREPROCESSING:MERGE_BOA,1722132051000,1722132300000,2,105.3,,12884901888.0,,,0.6233960174027703,0.6233960174027703,0.0,791.744836,
4280,NFCORE_RANGELAND:RANGELAND:PREPROCESSING:MERGE_BOA,1722132242000,1722132300000,2,105.4,,12884901888.0,,,0.44905111102563783,0.44905111102563783,0.0,791.744836,
4277,NFCORE_RANGELAND:RANGELAND:PREPROCESSING:MERGE_BOA,1722132020000,1722132300000,2,104.8,,12884901888.0,,,0.7829252170285791,0.7829252170285791,0.0,791.744836,
4266,NFCORE_RANGELAND:RANGELAND:PREPROCESSING:MERGE_QAI,1722132177000,1722132300000,2,100.5,,12884901888.0,,,0.5229553779054882,0.5229553779054882,0.0,791.744836,
4272,NFCORE_RANGELAND:RANGELAND:PREPROCESSING:MERGE_BOA,1722132085000,1722132300000,2,105.2,,12884901888.0,,,0.759297244433772,0.759297244433772,0.0,784.600762,
4230,NFCORE_RANGELAND:RANGELAND:PREPROCESSING:MERGE_QAI,1722132167000,1722132300000,2,100.6,,12884901888.0,,,0.6305807593944466,0.6305807593944466,0.0,784.600762,
4248,NFCORE_RANGELAND:RANGELAND:PREPROCESSING:MERGE_BOA,1722132019000,1722132300000,2,104.8,,12884901888.0,,,1.0274251105735908,1.0274251105735908,0.0,784.600762,
4275,NFCORE_RANGELAND:RANGELAND:PREPROCESSING:MERGE_BOA,1722132156000,1722132300000,2,106.5,,12884901888.0,,,0.8443020127234431,0.8443020127234431,0.0,784.600762,
4282,NFCORE_RANGELAND:RANGELAND:PREPROCESSING:MERGE_BOA,1722132231000,1722132300000,2,105.3,,12884901888.0,,,0.8293187750389241,0.8293187750389241,0.0,784.600762,
4249,NFCORE_RANGELAND:RANGELAND:PREPROCESSING:MERGE_BOA,1722132135000,1722132300000,2,104.6,,12884901888.0,,,0.9745590057734608,0.9745590057734608,0.0,784.600762,
4240,NFCORE_RANGELAND:RANGELAND:PREPROCESSING:MERGE_BOA,1722132125000,1722132300000,2,106.4,,12884901888.0,,,1.0008770083623464,1.0008770083623464,0.0,784.600762,
4269,NFCORE_RANGELAND:RANGELAND:PREPROCESSING:MERGE_BOA,1722132166000,1722132300000,2,106.5,,12884901888.0,,,0.949622199746793,0.949622199746793,0.0,784.600762,
4267,NFCORE_RANGELAND:RANGELAND:PREPROCESSING:MERGE_BOA,1722132167000,1722132300000,2,106.6,,12884901888.0,,,0.949820093888285,0.949820093888285,0.0,784.600762,
4232,NFCORE_RANGELAND:RANGELAND:PREPROCESSING:MERGE_BOA,1722132201000,1722132300000,2,106.3,,12884901888.0,,,1.0108817692551122,1.0108817692551122,0.0,783.069889,
4252,NFCORE_RANGELAND:RANGELAND:PREPROCESSING:MERGE_BOA,1722132167000,1722132300000,2,106.3,,12884901888.0,,,1.0083093981593843,1.0083093981593843,0.0,784.600762,
4259,NFCORE_RANGELAND:RANGELAND:PREPROCESSING:MERGE_BOA,1722132208000,1722132300000,2,106.2,,12884901888.0,,,0.9819552525133912,0.9819552525133912,0.0,783.069889,
4291,NFCORE_RANGELAND:RANGELAND:HIGHER_LEVEL:HIGHER_LEVEL_CONFIG,1722132907000,1722132910000,1,64.6,,6442450944.0,,,0.002254943586945417,0.002254943586945417,0.0,781.539016,
4306,NFCORE_RANGELAND:RANGELAND:HIGHER_LEVEL:HIGHER_LEVEL_CONFIG,1722132908000,1722132911000,1,65.7,,6442450944.0,,,0.0022672568969631253,0.0022672568969631253,0.0,781.539016,
4303,NFCORE_RANGELAND:RANGELAND:HIGHER_LEVEL:HIGHER_LEVEL_CONFIG,1722132908000,1722132911000,1,38.8,,6442450944.0,,,0.001966140497439167,0.001966140497439167,0.0,781.539016,
4298,NFCORE_RANGELAND:RANGELAND:HIGHER_LEVEL:HIGHER_LEVEL_CONFIG,1722132950000,1722132953000,1,84.2,,6442450944.0,,,0.0024743443836245833,0.0024743443836245833,0.0,781.539016,
4314,NFCORE_RANGELAND:RANGELAND:HIGHER_LEVEL:HIGHER_LEVEL_CONFIG,1722132907000,1722132912000,1,22.3,,6442450944.0,,,0.00296906807862257,0.00296906807862257,0.0,781.539016,
4297,NFCORE_RANGELAND:RANGELAND:HIGHER_LEVEL:HIGHER_LEVEL_CONFIG,1722132951000,1722132956000,1,104.8,,6442450944.0,,,0.004508231830836111,0.004508231830836111,0.0,781.539016,
4305,NFCORE_RANGELAND:RANGELAND:HIGHER_LEVEL:HIGHER_LEVEL_CONFIG,1722132907000,1722132916000,1,53.1,,6442450944.0,,,0.006378640583008125,0.006378640583008125,0.0,781.539016,
4300,NFCORE_RANGELAND:RANGELAND:HIGHER_LEVEL:HIGHER_LEVEL_CONFIG,1722132951000,1722132959000,1,88.3,,6442450944.0,,,0.006720638528629445,0.006720638528629445,0.0,781.539016,
4325,NFCORE_RANGELAND:RANGELAND:HIGHER_LEVEL:HIGHER_LEVEL_CONFIG,1722132907000,1722132910000,1,62.1,,6442450944.0,,,0.0022269587914506253,0.0022269587914506253,0.0,781.539016,
4323,NFCORE_RANGELAND:RANGELAND:HIGHER_LEVEL:HIGHER_LEVEL_CONFIG,1722132908000,1722132917000,1,25.0,,6442450944.0,,,0.00543499327892375,0.00543499327892375,0.0,781.539016,
4326,NFCORE_RANGELAND:RANGELAND:HIGHER_LEVEL:HIGHER_LEVEL_CONFIG,1722132909000,1722132916000,1,57.3,,6442450944.0,,,0.005070865296234792,0.005070865296234792,0.0,781.539016,
4318,NFCORE_RANGELAND:RANGELAND:HIGHER_LEVEL:HIGHER_LEVEL_CONFIG,1722132908000,1722132917000,1,32.1,,6442450944.0,,,0.005673423736539375,0.005673423736539375,0.0,781.539016,
4324,NFCORE_RANGELAND:RANGELAND:HIGHER_LEVEL:HIGHER_LEVEL_CONFIG,1722132914000,1722132920000,1,26.4,,6442450944.0,,,0.00365467182357,0.00365467182357,0.0,781.539016,
4320,NFCORE_RANGELAND:RANGELAND:HIGHER_LEVEL:HIGHER_LEVEL_CONFIG,1722132951000,1722132960000,1,112.9,,6442450944.0,,,0.008386829507714374,0.008386829507714374,0.0,781.539016,
4319,NFCORE_RANGELAND:RANGELAND:HIGHER_LEVEL:HIGHER_LEVEL_CONFIG,1722132909000,1722132920000,1,54.4,,6442450944.0,,,0.007849473944864445,0.007849473944864445,0.0,781.539016,
4315,NFCORE_RANGELAND:RANGELAND:HIGHER_LEVEL:HIGHER_LEVEL_CONFIG,1722132907000,1722132916000,1,39.6,,6442450944.0,,,0.005925286895992501,0.005925286895992501,0.0,781.539016,
4333,NFCORE_RANGELAND:RANGELAND:HIGHER_LEVEL:HIGHER_LEVEL_CONFIG,1722132909000,1722132916000,1,43.6,,6442450944.0,,,0.004713033044508055,0.004713033044508055,0.0,781.539016,
4334,NFCORE_RANGELAND:RANGELAND:HIGHER_LEVEL:HIGHER_LEVEL_CONFIG,1722132912000,1722132916000,1,30.0,,6442450944.0,,,0.00249017868973,0.00249017868973,0.0,781.539016,
4335,NFCORE_RANGELAND:RANGELAND:HIGHER_LEVEL:HIGHER_LEVEL_CONFIG,1722132908000,1722132911000,1,51.5,,6442450944.0,,,0.0021083032585527085,0.0021083032585527085,0.0,781.539016,
4327,NFCORE_RANGELAND:RANGELAND:HIGHER_LEVEL:HIGHER_LEVEL_CONFIG,1722132914000,1722132921000,1,27.1,,6442450944.0,,,0.0042820671938882645,0.0042820671938882645,0.0,781.539016,
4328,NFCORE_RANGELAND:RANGELAND:HIGHER_LEVEL:HIGHER_LEVEL_CONFIG,1722132952000,1722132959000,1,112.9,,6442450944.0,,,0.00652308961711118,0.00652308961711118,0.0,781.539016,
4329,NFCORE_RANGELAND:RANGELAND:HIGHER_LEVEL:HIGHER_LEVEL_CONFIG,1722132908000,1722132919000,1,60.9,,6442450944.0,,,0.00811626232858146,0.00811626232858146,0.0,781.539016,
4330,NFCORE_RANGELAND:RANGELAND:HIGHER_LEVEL:HIGHER_LEVEL_CONFIG,1722132908000,1722132916000,1,36.9,,6442450944.0,,,0.005186325474301668,0.005186325474301668,0.0,781.539016,
4331,NFCORE_RANGELAND:RANGELAND:HIGHER_LEVEL:HIGHER_LEVEL_CONFIG,1722132910000,1722132919000,1,28.7,,6442450944.0,,,0.005559245770920625,0.005559245770920625,0.0,781.539016,
4307,NFCORE_RANGELAND:RANGELAND:HIGHER_LEVEL:HIGHER_LEVEL_CONFIG,1722132911000,1722132921000,1,20.2,,6442450944.0,,,0.005859778729859723,0.005859778729859723,0.0,781.539016,
4312,NFCORE_RANGELAND:RANGELAND:HIGHER_LEVEL:HIGHER_LEVEL_CONFIG,1722132915000,1722132920000,1,26.3,,6442450944.0,,,0.003043694199942014,0.003043694199942014,0.0,781.539016,
4301,NFCORE_RANGELAND:RANGELAND:HIGHER_LEVEL:HIGHER_LEVEL_CONFIG,1722132909000,1722132916000,1,64.9,,6442450944.0,,,0.005269370778944515,0.005269370778944515,0.0,781.539016,
4313,NFCORE_RANGELAND:RANGELAND:HIGHER_LEVEL:HIGHER_LEVEL_CONFIG,1722132912000,1722132916000,1,26.8,,6442450944.0,,,0.002442417972085556,0.002442417972085556,0.0,781.539016,
4293,NFCORE_RANGELAND:RANGELAND:HIGHER_LEVEL:HIGHER_LEVEL_CONFIG,1722132914000,1722132919000,1,28.1,,6442450944.0,,,0.0030772759545357646,0.0030772759545357646,0.0,781.539016,
4316,NFCORE_RANGELAND:RANGELAND:HIGHER_LEVEL:HIGHER_LEVEL_CONFIG,1722132915000,1722132920000,1,32.4,,6442450944.0,,,0.003157499034954167,0.003157499034954167,0.0,781.539016,
4309,NFCORE_RANGELAND:RANGELAND:HIGHER_LEVEL:HIGHER_LEVEL_CONFIG,1722132908000,1722132918000,1,23.8,,6442450944.0,,,0.005994105748234723,0.005994105748234723,0.0,781.539016,
4317,NFCORE_RANGELAND:RANGELAND:HIGHER_LEVEL:HIGHER_LEVEL_CONFIG,1722132912000,1722132919000,1,15.5,,6442450944.0,,,0.00397908514133132,0.00397908514133132,0.0,781.539016,
4304,NFCORE_RANGELAND:RANGELAND:HIGHER_LEVEL:HIGHER_LEVEL_CONFIG,1722132909000,1722132918000,1,48.7,,6442450944.0,,,0.006230880862795626,0.006230880862795626,0.0,781.539016,
4322,NFCORE_RANGELAND:RANGELAND:HIGHER_LEVEL:HIGHER_LEVEL_CONFIG,1722132914000,1722132921000,1,26.4,,6442450944.0,,,0.004263783794165,0.004263783794165,0.0,781.539016,
4295,NFCORE_RANGELAND:RANGELAND:HIGHER_LEVEL:HIGHER_LEVEL_CONFIG,1722132908000,1722132917000,1,36.5,,6442450944.0,,,0.005821183456751876,0.005821183456751876,0.0,781.539016,
4299,NFCORE_RANGELAND:RANGELAND:HIGHER_LEVEL:HIGHER_LEVEL_CONFIG,1722132915000,1722132921000,1,40.1,,6442450944.0,,,0.0039613851821929166,0.0039613851821929166,0.0,781.539016,
4308,NFCORE_RANGELAND:RANGELAND:HIGHER_LEVEL:HIGHER_LEVEL_CONFIG,1722132908000,1722132919000,1,60.2,,6442450944.0,,,0.008087531271873472,0.008087531271873472,0.0,781.539016,
4302,NFCORE_RANGELAND:RANGELAND:HIGHER_LEVEL:HIGHER_LEVEL_CONFIG,1722132909000,1722132919000,1,32.2,,6442450944.0,,,0.00630753545777639,0.00630753545777639,0.0,781.539016,
4296,NFCORE_RANGELAND:RANGELAND:HIGHER_LEVEL:HIGHER_LEVEL_CONFIG,1722132914000,1722132921000,1,27.4,,6442450944.0,,,0.004289902936626806,0.004289902936626806,0.0,781.539016,
4294,NFCORE_RANGELAND:RANGELAND:HIGHER_LEVEL:HIGHER_LEVEL_CONFIG,1722132907000,1722132917000,1,29.1,,6442450944.0,,,0.006191864969731251,0.006191864969731251,0.0,781.539016,
4310,NFCORE_RANGELAND:RANGELAND:HIGHER_LEVEL:HIGHER_LEVEL_CONFIG,1722132912000,1722132921000,1,43.9,,6442450944.0,,,0.006069688440745624,0.006069688440745624,0.0,781.539016,
4311,NFCORE_RANGELAND:RANGELAND:HIGHER_LEVEL:HIGHER_LEVEL_CONFIG,1722132916000,1722132922000,1,22.9,,6442450944.0,,,0.003576314396184583,0.003576314396184583,0.0,781.539016,
4292,NFCORE_RANGELAND:RANGELAND:HIGHER_LEVEL:HIGHER_LEVEL_CONFIG,1722132912000,1722132920000,1,22.9,,6442450944.0,,,0.004768419194912779,0.004768419194912779,0.0,781.539016,
4321,NFCORE_RANGELAND:RANGELAND:HIGHER_LEVEL:HIGHER_LEVEL_CONFIG,1722132915000,1722132922000,1,23.2,,6442450944.0,,,0.004180202538287222,0.004180202538287222,0.0,781.539016,
4332,NFCORE_RANGELAND:RANGELAND:HIGHER_LEVEL:HIGHER_LEVEL_CONFIG,1722132915000,1722132922000,1,44.9,,6442450944.0,,,0.004746987929708403,0.004746987929708403,0.0,781.539016,
4336,NFCORE_RANGELAND:RANGELAND:HIGHER_LEVEL:FORCE_HIGHER_LEVEL,1722132914000,1722132916000,6,25.6,,38654705664.0,,,0.006318308756017777,0.006318308756017777,0.0,781.539016,
4343,NFCORE_RANGELAND:RANGELAND:HIGHER_LEVEL:FORCE_HIGHER_LEVEL,1722132919000,1722132921000,6,22.7,,38654705664.0,,,0.006296667180835138,0.006296667180835138,0.0,781.539016,
4344,NFCORE_RANGELAND:RANGELAND:HIGHER_LEVEL:FORCE_HIGHER_LEVEL,1722132920000,1722132921000,6,29.1,,38654705664.0,,,0.003172213949239791,0.003172213949239791,0.0,781.539016,
4345,NFCORE_RANGELAND:RANGELAND:HIGHER_LEVEL:FORCE_HIGHER_LEVEL,1722132921000,1722132921000,6,72.2,,38654705664.0,,,0.0,0.0,0.0,781.539016,
4346,NFCORE_RANGELAND:RANGELAND:HIGHER_LEVEL:FORCE_HIGHER_LEVEL,1722132921000,1722132922000,6,89.4,,38654705664.0,,,0.0033972117050179167,0.0033972117050179167,0.0,781.539016,
4350,NFCORE_RANGELAND:RANGELAND:HIGHER_LEVEL:FORCE_HIGHER_LEVEL,1722132922000,1722132922000,6,100.0,,38654705664.0,,,0.0,0.0,0.0,781.539016,
4354,NFCORE_RANGELAND:RANGELAND:HIGHER_LEVEL:FORCE_HIGHER_LEVEL,1722132923000,1722132923000,6,90.7,,38654705664.0,,,0.0,0.0,0.0,781.539016,
4359,NFCORE_RANGELAND:RANGELAND:HIGHER_LEVEL:FORCE_HIGHER_LEVEL,1722132923000,1722132924000,6,90.6,,38654705664.0,,,0.003401689272297083,0.003401689272297083,0.0,781.539016,
4371,NFCORE_RANGELAND:RANGELAND:HIGHER_LEVEL:FORCE_HIGHER_LEVEL,1722132924000,1722132925000,6,92.7,,38654705664.0,,,0.0034095250150356247,0.0034095250150356247,0.0,781.539016,
4380,NFCORE_RANGELAND:RANGELAND:HIGHER_LEVEL:FORCE_HIGHER_LEVEL,1722132926000,1722132926000,6,87.9,,38654705664.0,,,0.0,0.0,0.0,781.539016,
4352,NFCORE_RANGELAND:RANGELAND:HIGHER_LEVEL:FORCE_HIGHER_LEVEL,1722132927000,1722132929000,6,29.9,,38654705664.0,,,0.0063503979881851386,0.0063503979881851386,0.0,781.539016,
4357,NFCORE_RANGELAND:RANGELAND:HIGHER_LEVEL:FORCE_HIGHER_LEVEL,1722132932000,1722132932000,6,112.6,,38654705664.0,,,0.0,0.0,0.0,781.539016,
4339,NFCORE_RANGELAND:RANGELAND:HIGHER_LEVEL:FORCE_HIGHER_LEVEL,1722132961000,1722132984000,6,59.2,,38654705664.0,,,0.07554410402198777,0.07554410402198777,0.0,781.539016,
4351,NFCORE_RANGELAND:RANGELAND:HIGHER_LEVEL:FORCE_HIGHER_LEVEL,1722132938000,1722132938000,6,131.3,,38654705664.0,,,0.0,0.0,0.0,781.539016,
4347,NFCORE_RANGELAND:RANGELAND:HIGHER_LEVEL:FORCE_HIGHER_LEVEL,1722132922000,1722132961000,6,53.4,,38654705664.0,,,0.12725250277907377,0.12725250277907377,0.0,781.539016,
4368,NFCORE_RANGELAND:RANGELAND:HIGHER_LEVEL:FORCE_HIGHER_LEVEL,1722132929000,1722132964000,6,59.0,,38654705664.0,,,0.11493230002143265,0.11493230002143265,0.0,781.539016,
4375,NFCORE_RANGELAND:RANGELAND:HIGHER_LEVEL:FORCE_HIGHER_LEVEL,1722132964000,1722132964000,6,121.3,,38654705664.0,,,0.0,0.0,0.0,781.539016,
4365,NFCORE_RANGELAND:RANGELAND:HIGHER_LEVEL:FORCE_HIGHER_LEVEL,1722132986000,1722133030000,6,157.2,,38654705664.0,,,0.1606085472767967,0.1606085472767967,0.0,781.539016,
4360,NFCORE_RANGELAND:RANGELAND:HIGHER_LEVEL:FORCE_HIGHER_LEVEL,1722132928000,1722132994000,6,112.7,,38654705664.0,,,0.22995397499943457,0.22995397499943457,0.0,781.539016,
4379,NFCORE_RANGELAND:RANGELAND:HIGHER_LEVEL:FORCE_HIGHER_LEVEL,1722132998000,1722132998000,6,114.7,,38654705664.0,,,0.0,0.0,0.0,781.539016,
4358,NFCORE_RANGELAND:RANGELAND:HIGHER_LEVEL:FORCE_HIGHER_LEVEL,1722132925000,1722133004000,6,128.4,,38654705664.0,,,0.2798758786856758,0.2798758786856758,0.0,781.539016,
4378,NFCORE_RANGELAND:RANGELAND:HIGHER_LEVEL:FORCE_HIGHER_LEVEL,1722133033000,1722133062000,6,58.6,,38654705664.0,,,0.0951863368673932,0.0951863368673932,0.0,781.539016,
4349,NFCORE_RANGELAND:RANGELAND:HIGHER_LEVEL:FORCE_HIGHER_LEVEL,1722132922000,1722133019000,6,149.3,,38654705664.0,,,0.3512095430218563,0.3512095430218563,0.0,781.539016,
4353,NFCORE_RANGELAND:RANGELAND:HIGHER_LEVEL:FORCE_HIGHER_LEVEL,1722133008000,1722133031000,6,71.8,,38654705664.0,,,0.07662543651990653,0.07662543651990653,0.0,781.539016,
4356,NFCORE_RANGELAND:RANGELAND:HIGHER_LEVEL:FORCE_HIGHER_LEVEL,1722133030000,1722133030000,6,120.1,,38654705664.0,,,0.0,0.0,0.0,781.539016,
4338,NFCORE_RANGELAND:RANGELAND:HIGHER_LEVEL:FORCE_HIGHER_LEVEL,1722132916000,1722133127000,6,200.9,,38654705664.0,,,0.8045962419198759,0.8045962419198759,0.0,781.539016,
4348,NFCORE_RANGELAND:RANGELAND:HIGHER_LEVEL:FORCE_HIGHER_LEVEL,1722132967000,1722133172000,6,205.3,,38654705664.0,,,0.7850823660031399,0.7850823660031399,0.0,781.539016,
4362,NFCORE_RANGELAND:RANGELAND:HIGHER_LEVEL:FORCE_HIGHER_LEVEL,1722132924000,1722133131000,6,203.5,,38654705664.0,,,0.7913514215190869,0.7913514215190869,0.0,781.539016,
4364,NFCORE_RANGELAND:RANGELAND:HIGHER_LEVEL:FORCE_HIGHER_LEVEL,1722133174000,1722133174000,6,115.1,,38654705664.0,,,0.0,0.0,0.0,781.539016,
4337,NFCORE_RANGELAND:RANGELAND:HIGHER_LEVEL:FORCE_HIGHER_LEVEL,1722132915000,1722133137000,6,205.8,,38654705664.0,,,0.8506009323035525,0.8506009323035525,0.0,781.539016,
4342,NFCORE_RANGELAND:RANGELAND:HIGHER_LEVEL:FORCE_HIGHER_LEVEL,1722132919000,1722133143000,6,198.4,,38654705664.0,,,0.8520789908307911,0.8520789908307911,0.0,781.539016,
4355,NFCORE_RANGELAND:RANGELAND:HIGHER_LEVEL:FORCE_HIGHER_LEVEL,1722133065000,1722133194000,6,180.3,,38654705664.0,,,0.48199397800750815,0.48199397800750815,0.0,781.539016,
4369,NFCORE_RANGELAND:RANGELAND:HIGHER_LEVEL:FORCE_HIGHER_LEVEL,1722133140000,1722133162000,6,61.4,,38654705664.0,,,0.07244017297375528,0.07244017297375528,0.0,781.539016,
4367,NFCORE_RANGELAND:RANGELAND:HIGHER_LEVEL:FORCE_HIGHER_LEVEL,1722133142000,1722133165000,6,58.1,,38654705664.0,,,0.07544970197851868,0.07544970197851868,0.0,781.539016,
4361,NFCORE_RANGELAND:RANGELAND:HIGHER_LEVEL:FORCE_HIGHER_LEVEL,1722133040000,1722133192000,6,204.1,,38654705664.0,,,0.5814292616393094,0.5814292616393094,0.0,781.539016,
4376,NFCORE_RANGELAND:RANGELAND:HIGHER_LEVEL:FORCE_HIGHER_LEVEL,1722132974000,1722133196000,6,204.3,,38654705664.0,,,0.8493584073835837,0.8493584073835837,0.0,781.539016,
4366,NFCORE_RANGELAND:RANGELAND:HIGHER_LEVEL:FORCE_HIGHER_LEVEL,1722132924000,1722133200000,6,195.8,,38654705664.0,,,1.0889419064155226,1.0889419064155226,0.0,781.539016,
4370,NFCORE_RANGELAND:RANGELAND:HIGHER_LEVEL:FORCE_HIGHER_LEVEL,1722132924000,1722133200000,6,189.8,,38654705664.0,,,1.1466377895486244,1.1466377895486244,0.0,781.539016,
4340,NFCORE_RANGELAND:RANGELAND:HIGHER_LEVEL:FORCE_HIGHER_LEVEL,1722132917000,1722133200000,6,207.7,,38654705664.0,,,1.4586775807965238,1.4586775807965238,0.0,781.539016,
4363,NFCORE_RANGELAND:RANGELAND:HIGHER_LEVEL:FORCE_HIGHER_LEVEL,1722133041000,1722133200000,6,206.5,,38654705664.0,,,1.062058897760084,1.062058897760084,0.0,781.539016,
4372,NFCORE_RANGELAND:RANGELAND:HIGHER_LEVEL:FORCE_HIGHER_LEVEL,1722133142000,1722133200000,6,204.1,,38654705664.0,,,0.6923598444520724,0.6923598444520724,0.0,781.539016,
4374,NFCORE_RANGELAND:RANGELAND:HIGHER_LEVEL:FORCE_HIGHER_LEVEL,1722132942000,1722133200000,6,202.0,,38654705664.0,,,1.5842030587392513,1.5842030587392513,0.0,781.539016,
4341,NFCORE_RANGELAND:RANGELAND:HIGHER_LEVEL:FORCE_HIGHER_LEVEL,1722132918000,1722133200000,6,196.9,,38654705664.0,,,1.7358354879492386,1.7358354879492386,0.0,781.539016,
4373,NFCORE_RANGELAND:RANGELAND:HIGHER_LEVEL:FORCE_HIGHER_LEVEL,1722133005000,1722133200000,6,199.1,,38654705664.0,,,1.5606797519865787,1.5606797519865787,0.0,781.539016,
4377,NFCORE_RANGELAND:RANGELAND:HIGHER_LEVEL:FORCE_HIGHER_LEVEL,1722132974000,1722133200000,6,204.6,,38654705664.0,,,2.4952419228092815,2.4952419228092815,0.0,781.539016,
4388,NFCORE_RANGELAND:RANGELAND:HIGHER_LEVEL:FORCE_MOSAIC,1722133633000,1722133636000,2,78.4,,12884901888.0,,,0.003941236129436667,0.003941236129436667,0.0,781.539016,
4386,NFCORE_RANGELAND:RANGELAND:HIGHER_LEVEL:FORCE_MOSAIC,1722133630000,1722133632000,2,73.0,,12884901888.0,,,0.0025871926474452783,0.0025871926474452783,0.0,781.539016,
4385,NFCORE_RANGELAND:RANGELAND:HIGHER_LEVEL:FORCE_MOSAIC,1722133629000,1722133632000,2,59.9,,12884901888.0,,,0.003734148642775208,0.003734148642775208,0.0,781.539016,
4383,NFCORE_RANGELAND:RANGELAND:HIGHER_LEVEL:FORCE_MOSAIC,1722133674000,1722133678000,2,59.2,,12884901888.0,,,0.00496841720004889,0.00496841720004889,0.0,781.539016,
4382,NFCORE_RANGELAND:RANGELAND:HIGHER_LEVEL:FORCE_MOSAIC,1722133633000,1722133636000,2,72.8,,12884901888.0,,,0.0038785501875283337,0.0038785501875283337,0.0,781.539016,
4381,NFCORE_RANGELAND:RANGELAND:HIGHER_LEVEL:FORCE_MOSAIC,1722133630000,1722133635000,2,75.9,,12884901888.0,,,0.006522085556569792,0.006522085556569792,0.0,781.539016,
4387,NFCORE_RANGELAND:RANGELAND:HIGHER_LEVEL:FORCE_MOSAIC,1722133635000,1722133637000,2,76.7,,12884901888.0,,,0.0026148043123334725,0.0026148043123334725,0.0,781.539016,
4389,NFCORE_RANGELAND:RANGELAND:HIGHER_LEVEL:FORCE_MOSAIC,1722133638000,1722133641000,2,78.7,,12884901888.0,,,0.003944594304896042,0.003944594304896042,0.0,781.539016,
4390,NFCORE_RANGELAND:RANGELAND:HIGHER_LEVEL:FORCE_MOSAIC,1722133636000,1722133638000,2,78.6,,12884901888.0,,,0.002628983275384167,0.002628983275384167,0.0,781.539016,
4384,NFCORE_RANGELAND:RANGELAND:HIGHER_LEVEL:FORCE_MOSAIC,1722133633000,1722133636000,2,68.6,,12884901888.0,,,0.0038315357310970835,0.0038315357310970835,0.0,781.539016,
4399,NFCORE_RANGELAND:RANGELAND:HIGHER_LEVEL:FORCE_PYRAMID,1722133630000,1722133647000,2,100.6,,5242880000.0,,,0.013445320436195835,0.013445320436195835,0.0,781.539016,
4392,NFCORE_RANGELAND:RANGELAND:HIGHER_LEVEL:FORCE_PYRAMID,1722133633000,1722133653000,2,93.2,,5242880000.0,,,0.015265790744819444,0.015265790744819444,0.0,781.539016,
4391,NFCORE_RANGELAND:RANGELAND:HIGHER_LEVEL:FORCE_PYRAMID,1722133633000,1722133652000,2,94.1,,5242880000.0,,,0.014566306541306598,0.014566306541306598,0.0,781.539016,
4394,NFCORE_RANGELAND:RANGELAND:HIGHER_LEVEL:FORCE_PYRAMID,1722133636000,1722133655000,2,100.3,,5242880000.0,,,0.015005854395878126,0.015005854395878126,0.0,781.539016,
4397,NFCORE_RANGELAND:RANGELAND:HIGHER_LEVEL:FORCE_PYRAMID,1722133639000,1722133656000,2,100.7,,5242880000.0,,,0.013451663656507988,0.013451663656507988,0.0,781.539016,
4398,NFCORE_RANGELAND:RANGELAND:HIGHER_LEVEL:FORCE_PYRAMID,1722133636000,1722133656000,2,100.2,,5242880000.0,,,0.015788173594055557,0.015788173594055557,0.0,781.539016,
4407,NFCORE_RANGELAND:RANGELAND:HIGHER_LEVEL:FORCE_PYRAMID,1722133633000,1722133654000,2,92.7,,5242880000.0,,,0.015989901568367708,0.015989901568367708,0.0,781.539016,
4406,NFCORE_RANGELAND:RANGELAND:HIGHER_LEVEL:FORCE_PYRAMID,1722133635000,1722133652000,2,100.5,,5242880000.0,,,0.013438977215883684,0.013438977215883684,0.0,781.539016,
4393,NFCORE_RANGELAND:RANGELAND:HIGHER_LEVEL:FORCE_PYRAMID,1722133633000,1722133653000,2,94.3,,5242880000.0,,,0.015347879478270833,0.015347879478270833,0.0,781.539016,
4395,NFCORE_RANGELAND:RANGELAND:HIGHER_LEVEL:FORCE_PYRAMID,1722133636000,1722133655000,2,100.4,,5242880000.0,,,0.015012943877403474,0.015012943877403474,0.0,781.539016,
4419,NFCORE_RANGELAND:RANGELAND:CUSTOM_DUMPSOFTWAREVERSIONS,1722133656000,1722133657000,1,83.4,,6442450944.0,,,0.0008217964163554168,0.0008217964163554168,0.0,781.539016,
4405,NFCORE_RANGELAND:RANGELAND:HIGHER_LEVEL:FORCE_PYRAMID,1722133633000,1722133662000,2,94.7,,5242880000.0,,,0.022297708393857987,0.022297708393857987,0.0,781.539016,
4396,NFCORE_RANGELAND:RANGELAND:HIGHER_LEVEL:FORCE_PYRAMID,1722133639000,1722133659000,2,100.3,,5242880000.0,,,0.0157956362061875,0.0157956362061875,0.0,781.539016,
4411,NFCORE_RANGELAND:RANGELAND:HIGHER_LEVEL:FORCE_PYRAMID,1722133674000,1722133712000,2,99.6,,5242880000.0,,,0.02991245605040139,0.02991245605040139,0.0,781.539016,
4414,NFCORE_RANGELAND:RANGELAND:HIGHER_LEVEL:FORCE_PYRAMID,1722133630000,1722133663000,2,100.1,,5242880000.0,,,0.026038173120173952,0.026038173120173952,0.0,781.539016,
4408,NFCORE_RANGELAND:RANGELAND:HIGHER_LEVEL:FORCE_PYRAMID,1722133629000,1722133663000,2,99.9,,5242880000.0,,,0.02680183578802153,0.02680183578802153,0.0,781.539016,
4420,NFCORE_RANGELAND:RANGELAND:MULTIQC,1722133661000,1722133663000,1,348.8,,6442450944.0,,,0.0036241700925288894,0.0036241700925288894,0.0,781.539016,
4404,NFCORE_RANGELAND:RANGELAND:HIGHER_LEVEL:FORCE_PYRAMID,1722133634000,1722133671000,2,100.3,,5242880000.0,,,0.029221926981446877,0.029221926981446877,0.0,781.539016,
4401,NFCORE_RANGELAND:RANGELAND:HIGHER_LEVEL:FORCE_PYRAMID,1722133634000,1722133674000,2,99.9,,5242880000.0,,,0.03153157151531945,0.03153157151531945,0.0,781.539016,
4417,NFCORE_RANGELAND:RANGELAND:HIGHER_LEVEL:FORCE_PYRAMID,1722133630000,1722133673000,2,100.0,,5242880000.0,,,0.03391248399505208,0.03391248399505208,0.0,781.539016,
4400,NFCORE_RANGELAND:RANGELAND:HIGHER_LEVEL:FORCE_PYRAMID,1722133633000,1722133676000,2,98.2,,5242880000.0,,,0.033623680905545836,0.033623680905545836,0.0,781.539016,
4409,NFCORE_RANGELAND:RANGELAND:HIGHER_LEVEL:FORCE_PYRAMID,1722133639000,1722133675000,2,100.2,,5242880000.0,,,0.0284187124693,0.0284187124693,0.0,781.539016,
4402,NFCORE_RANGELAND:RANGELAND:HIGHER_LEVEL:FORCE_PYRAMID,1722133674000,1722133718000,2,99.8,,5242880000.0,,,0.03466831092016111,0.03466831092016111,0.0,781.539016,
4403,NFCORE_RANGELAND:RANGELAND:HIGHER_LEVEL:FORCE_PYRAMID,1722133636000,1722133677000,2,100.3,,5242880000.0,,,0.03238105422268437,0.03238105422268437,0.0,781.539016,
4415,NFCORE_RANGELAND:RANGELAND:HIGHER_LEVEL:FORCE_PYRAMID,1722133674000,1722133719000,2,100.1,,5242880000.0,,,0.03550659970932813,0.03550659970932813,0.0,781.539016,
4413,NFCORE_RANGELAND:RANGELAND:HIGHER_LEVEL:FORCE_PYRAMID,1722133629000,1722133677000,2,99.8,,5242880000.0,,,0.037819975549266666,0.037819975549266666,0.0,781.539016,
4412,NFCORE_RANGELAND:RANGELAND:HIGHER_LEVEL:FORCE_PYRAMID,1722133629000,1722133685000,2,99.6,,5242880000.0,,,0.04408151417953888,0.04408151417953888,0.0,781.539016,
4410,NFCORE_RANGELAND:RANGELAND:HIGHER_LEVEL:FORCE_PYRAMID,1722133633000,1722133679000,2,97.7,,5242880000.0,,,0.03588369906874097,0.03588369906874097,0.0,781.539016,
4416,NFCORE_RANGELAND:RANGELAND:HIGHER_LEVEL:FORCE_PYRAMID,1722133674000,1722133726000,2,100.4,,5242880000.0,,,0.041088056927630554,0.041088056927630554,0.0,781.539016,
4418,NFCORE_RANGELAND:RANGELAND:HIGHER_LEVEL:FORCE_PYRAMID,1722133630000,1722133686000,2,100.2,,5242880000.0,,,0.04420688606335556,0.04420688606335556,0.0,781.539016,
