id,name,start,end,cpu_count,avg_cpu_usage,cpu_model,memory,rapl_timeseries,cpu_usage_timeseries,average_co2e,marginal_co2e,embodied_co2e,avg_ci,ci_timeseries
3,NFCORE_RNASEQ:RNASEQ:INPUT_CHECK:SAMPLESHEET_CHECK,1700837782000,1700837784000,1,83.8,,1073741824.0,,,0.0017388594374941667,0.0017388594374941667,0.0,728.922344,
2,NFCORE_RNASEQ:RNASEQ:PREPARE_GENOME:CUSTOM_GETCHROMSIZES,1700837780000,1700837834000,1,26.2,,1073741824.0,,,0.017624658913222496,0.017624658913222496,0.0,728.922344,
60,NFCORE_RNASEQ:RNASEQ:FASTQ_FASTQC_UMITOOLS_TRIMGALORE:FASTQC,1700837797000,1700837899000,2,138.4,,1073741824.0,,,0.14118770226815,0.14118770226815,0.0,728.922344,
41,NFCORE_RNASEQ:RNASEQ:FASTQ_FASTQC_UMITOOLS_TRIMGALORE:FASTQC,1700837790000,1700837909000,2,184.7,,1073741824.0,,,0.21666389677567008,0.21666389677567008,0.0,728.922344,
5,NFCORE_RNASEQ:RNASEQ:FASTQ_FASTQC_UMITOOLS_TRIMGALORE:FASTQC,1700837791000,1700837924000,2,189.5,,1073741824.0,,,0.24817253952250914,0.24817253952250914,0.0,728.922344,
37,NFCORE_RNASEQ:RNASEQ:FASTQ_FASTQC_UMITOOLS_TRIMGALORE:FASTQC,1700837793000,1700837929000,2,187.9,,1073741824.0,,,0.25171890491234167,0.25171890491234167,0.0,728.922344,
18,NFCORE_RNASEQ:RNASEQ:FASTQ_FASTQC_UMITOOLS_TRIMGALORE:FASTQC,1700837794000,1700837934000,2,147.0,,1073741824.0,,,0.20513823615038054,0.20513823615038054,0.0,728.922344,
39,NFCORE_RNASEQ:RNASEQ:FASTQ_FASTQC_UMITOOLS_TRIMGALORE:FASTQC,1700837788000,1700837934000,2,173.6,,1073741824.0,,,0.25054407444832105,0.25054407444832105,0.0,728.922344,
66,NFCORE_RNASEQ:RNASEQ:FASTQ_FASTQC_UMITOOLS_TRIMGALORE:FASTQC,1700837790000,1700837938000,2,189.8,,1073741824.0,,,0.2765805225211072,0.2765805225211072,0.0,728.922344,
73,NFCORE_RNASEQ:RNASEQ:FASTQ_FASTQC_UMITOOLS_TRIMGALORE:FASTQC,1700837791000,1700837938000,2,191.0,,1073741824.0,,,0.2763748170922579,0.2763748170922579,0.0,728.922344,
55,NFCORE_RNASEQ:RNASEQ:FASTQ_FASTQC_UMITOOLS_TRIMGALORE:FASTQC,1700837795000,1700837947000,2,155.3,,1073741824.0,,,0.23461575450252614,0.23461575450252614,0.0,728.922344,
61,NFCORE_RNASEQ:RNASEQ:FASTQ_FASTQC_UMITOOLS_TRIMGALORE:FASTQC,1700837793000,1700837944000,2,161.0,,1073741824.0,,,0.24118682491996263,0.24118682491996263,0.0,728.922344,
77,NFCORE_RNASEQ:RNASEQ:FASTQ_FASTQC_UMITOOLS_TRIMGALORE:FASTQC,1700837797000,1700837951000,2,118.5,,1073741824.0,,,0.184272998567104,0.184272998567104,0.0,728.922344,
12,NFCORE_RNASEQ:RNASEQ:FASTQ_FASTQC_UMITOOLS_TRIMGALORE:FASTQC,1700837797000,1700837948000,2,161.3,,1073741824.0,,,0.24161390887354742,0.24161390887354742,0.0,728.922344,
17,NFCORE_RNASEQ:RNASEQ:FASTQ_FASTQC_UMITOOLS_TRIMGALORE:FASTQC,1700837797000,1700837951000,2,112.3,,1073741824.0,,,0.17527123788536542,0.17527123788536542,0.0,728.922344,
44,NFCORE_RNASEQ:RNASEQ:FASTQ_FASTQC_UMITOOLS_TRIMGALORE:FASTQC,1700837793000,1700837952000,2,160.8,,1073741824.0,,,0.25366512757082166,0.25366512757082166,0.0,728.922344,
68,NFCORE_RNASEQ:RNASEQ:FASTQ_FASTQC_UMITOOLS_TRIMGALORE:FASTQC,1700837793000,1700837954000,2,155.0,,1073741824.0,,,0.2480521091494765,0.2480521091494765,0.0,728.922344,
1,NFCORE_RNASEQ:RNASEQ:PREPARE_GENOME:GTF_GENE_FILTER,1700837777000,1700837957000,1,19.6,,1712324608.0,,,0.056045301459590635,0.056045301459590635,0.0,728.922344,
74,NFCORE_RNASEQ:RNASEQ:FASTQ_FASTQC_UMITOOLS_TRIMGALORE:FASTQC,1700837798000,1700837964000,2,162.4,,1073741824.0,,,0.26733682542665,0.26733682542665,0.0,728.922344,
70,NFCORE_RNASEQ:RNASEQ:FASTQ_FASTQC_UMITOOLS_TRIMGALORE:FASTQC,1700837790000,1700837967000,2,179.4,,1073741824.0,,,0.31342047292019787,0.31342047292019787,0.0,728.922344,
62,NFCORE_RNASEQ:RNASEQ:FASTQ_FASTQC_UMITOOLS_TRIMGALORE:FASTQC,1700837797000,1700837974000,2,168.1,,1073741824.0,,,0.2945637264397356,0.2945637264397356,0.0,728.922344,
34,NFCORE_RNASEQ:RNASEQ:FASTQ_FASTQC_UMITOOLS_TRIMGALORE:FASTQC,1700837796000,1700837979000,2,164.9,,1073741824.0,,,0.299027958184976,0.299027958184976,0.0,728.922344,
59,NFCORE_RNASEQ:RNASEQ:FASTQ_FASTQC_UMITOOLS_TRIMGALORE:FASTQC,1700837798000,1700837989000,2,125.7,,1073741824.0,,,0.24151163195715492,0.24151163195715492,0.0,728.922344,
9,NFCORE_RNASEQ:RNASEQ:FASTQ_FASTQC_UMITOOLS_TRIMGALORE:FASTQC,1700837799000,1700837999000,2,122.7,,1073741824.0,,,0.24723502010459722,0.24723502010459722,0.0,728.922344,
57,NFCORE_RNASEQ:RNASEQ:FASTQ_FASTQC_UMITOOLS_TRIMGALORE:FASTQC,1700837798000,1700837998000,2,122.5,,1073741824.0,,,0.24685790403079166,0.24685790403079166,0.0,728.922344,
71,NFCORE_RNASEQ:RNASEQ:FASTQ_FASTQC_UMITOOLS_TRIMGALORE:FASTQC,1700837797000,1700837998000,2,128.1,,1073741824.0,,,0.2587042398678339,0.2587042398678339,0.0,728.922344,
24,NFCORE_RNASEQ:RNASEQ:FASTQ_FASTQC_UMITOOLS_TRIMGALORE:FASTQC,1700837798000,1700838000000,2,126.2,,1073741824.0,,,0.2614590652704286,0.2614590652704286,0.0,729.602732,
56,NFCORE_RNASEQ:RNASEQ:FASTQ_FASTQC_UMITOOLS_TRIMGALORE:FASTQC,1700837799000,1700838000000,2,119.4,,1073741824.0,,,0.2530834819896771,0.2530834819896771,0.0,729.602732,
64,NFCORE_RNASEQ:RNASEQ:FASTQ_FASTQC_UMITOOLS_TRIMGALORE:FASTQC,1700837797000,1700838000000,2,128.6,,1073741824.0,,,0.2661179773318432,0.2661179773318432,0.0,729.602732,
27,NFCORE_RNASEQ:RNASEQ:FASTQ_FASTQC_UMITOOLS_TRIMGALORE:FASTQC,1700837788000,1700838000000,2,107.2,,1073741824.0,,,0.24091773378904666,0.24091773378904666,0.0,729.602732,
7,NFCORE_RNASEQ:RNASEQ:FASTQ_FASTQC_UMITOOLS_TRIMGALORE:FASTQC,1700837789000,1700838000000,2,109.5,,1073741824.0,,,0.2468261782352769,0.2468261782352769,0.0,729.602732,
53,NFCORE_RNASEQ:RNASEQ:FASTQ_FASTQC_UMITOOLS_TRIMGALORE:FASTQC,1700837791000,1700838000000,2,109.7,,1073741824.0,,,0.24836466495811862,0.24836466495811862,0.0,729.602732,
54,NFCORE_RNASEQ:RNASEQ:FASTQ_FASTQC_UMITOOLS_TRIMGALORE:FASTQC,1700837799000,1700838000000,2,127.1,,1073741824.0,,,0.2772899202691499,0.2772899202691499,0.0,729.602732,
29,NFCORE_RNASEQ:RNASEQ:FASTQ_FASTQC_UMITOOLS_TRIMGALORE:FASTQC,1700837797000,1700838000000,2,133.3,,1073741824.0,,,0.2926481870829694,0.2926481870829694,0.0,729.602732,
21,NFCORE_RNASEQ:RNASEQ:FASTQ_FASTQC_UMITOOLS_TRIMGALORE:FASTQC,1700837799000,1700838000000,2,129.4,,1073741824.0,,,0.28720310455955206,0.28720310455955206,0.0,729.602732,
65,NFCORE_RNASEQ:RNASEQ:FASTQ_FASTQC_UMITOOLS_TRIMGALORE:FASTQC,1700837797000,1700838000000,2,133.1,,1073741824.0,,,0.29624533682605597,0.29624533682605597,0.0,729.602732,
58,NFCORE_RNASEQ:RNASEQ:FASTQ_FASTQC_UMITOOLS_TRIMGALORE:FASTQC,1700837789000,1700838000000,2,114.1,,1073741824.0,,,0.2668701058008694,0.2668701058008694,0.0,729.602732,
69,NFCORE_RNASEQ:RNASEQ:FASTQ_FASTQC_UMITOOLS_TRIMGALORE:FASTQC,1700837798000,1700838000000,2,131.4,,1073741824.0,,,0.29929243254075555,0.29929243254075555,0.0,729.602732,
67,NFCORE_RNASEQ:RNASEQ:FASTQ_FASTQC_UMITOOLS_TRIMGALORE:FASTQC,1700837798000,1700838000000,2,132.2,,1073741824.0,,,0.299676676419098,0.299676676419098,0.0,729.602732,
32,NFCORE_RNASEQ:RNASEQ:FASTQ_FASTQC_UMITOOLS_TRIMGALORE:FASTQC,1700837797000,1700838000000,2,136.2,,1073741824.0,,,0.3300545977677151,0.3300545977677151,0.0,729.602732,
82,NFCORE_RNASEQ:RNASEQ:PREPARE_GENOME:MAKE_TRANSCRIPTS_FASTA,1700837965000,1700838000000,1,87.3,,1729101824.0,,,0.07519698699632352,0.07519698699632352,0.0,729.602732,
63,NFCORE_RNASEQ:RNASEQ:FASTQ_FASTQC_UMITOOLS_TRIMGALORE:FASTQC,1700837799000,1700838000000,2,135.5,,1073741824.0,,,0.3338996377791998,0.3338996377791998,0.0,729.602732,
75,NFCORE_RNASEQ:RNASEQ:FASTQ_FASTQC_UMITOOLS_TRIMGALORE:FASTQC,1700837791000,1700838000000,2,126.7,,1073741824.0,,,0.360685920196786,0.360685920196786,0.0,729.602732,
42,NFCORE_RNASEQ:RNASEQ:FASTQ_FASTQC_UMITOOLS_TRIMGALORE:TRIMGALORE,1700837789000,1700838000000,5,152.1,,3493855232.0,,,2.190985416392999,2.190985416392999,0.0,738.3627275,
11,NFCORE_RNASEQ:RNASEQ:FASTQ_FASTQC_UMITOOLS_TRIMGALORE:TRIMGALORE,1700837789000,1700838000000,5,162.7,,3493855232.0,,,2.7257884692714107,2.7257884692714107,0.0,738.6320477500001,
81,NFCORE_RNASEQ:RNASEQ:FASTQ_FASTQC_UMITOOLS_TRIMGALORE:TRIMGALORE,1700837978000,1700838000000,5,162.4,,3493855232.0,,,2.8203969529568984,2.8203969529568984,0.0,738.539911875,
13,NFCORE_RNASEQ:RNASEQ:FASTQ_FASTQC_UMITOOLS_TRIMGALORE:TRIMGALORE,1700837798000,1700838000000,5,162.8,,3493855232.0,,,3.4070563201876096,3.4070563201876096,0.0,738.539911875,
26,NFCORE_RNASEQ:RNASEQ:FASTQ_FASTQC_UMITOOLS_TRIMGALORE:TRIMGALORE,1700837789000,1700838000000,5,162.2,,3493855232.0,,,3.4866395233839604,3.4866395233839604,0.0,738.539911875,
8,NFCORE_RNASEQ:RNASEQ:FASTQ_FASTQC_UMITOOLS_TRIMGALORE:TRIMGALORE,1700837789000,1700838000000,5,162.9,,3493855232.0,,,3.850723226000574,3.850723226000574,0.0,735.9990879375,
6,NFCORE_RNASEQ:RNASEQ:FASTQ_FASTQC_UMITOOLS_TRIMGALORE:TRIMGALORE,1700837798000,1700838000000,5,163.4,,3493855232.0,,,3.8736116565168692,3.8736116565168692,0.0,735.9990879375,
40,NFCORE_RNASEQ:RNASEQ:FASTQ_FASTQC_UMITOOLS_TRIMGALORE:TRIMGALORE,1700837789000,1700838000000,5,155.8,,3493855232.0,,,3.7574486490172943,3.7574486490172943,0.0,735.9990879375,
33,NFCORE_RNASEQ:RNASEQ:FASTQ_FASTQC_UMITOOLS_TRIMGALORE:TRIMGALORE,1700837794000,1700838000000,5,161.5,,3493855232.0,,,3.901294766913293,3.901294766913293,0.0,735.9990879375,
36,NFCORE_RNASEQ:RNASEQ:FASTQ_FASTQC_UMITOOLS_TRIMGALORE:TRIMGALORE,1700837792000,1700838000000,5,163.7,,3493855232.0,,,3.9521482130884227,3.9521482130884227,0.0,735.9990879375,
4,NFCORE_RNASEQ:RNASEQ:FASTQ_FASTQC_UMITOOLS_TRIMGALORE:TRIMGALORE,1700837793000,1700838000000,5,163.2,,3493855232.0,,,3.94001046124752,3.94001046124752,0.0,735.9990879375,
30,NFCORE_RNASEQ:RNASEQ:FASTQ_FASTQC_UMITOOLS_TRIMGALORE:TRIMGALORE,1700837796000,1700838000000,5,162.9,,3493855232.0,,,3.989804614999387,3.989804614999387,0.0,735.9990879375,
35,NFCORE_RNASEQ:RNASEQ:FASTQ_FASTQC_UMITOOLS_TRIMGALORE:TRIMGALORE,1700837796000,1700838000000,5,163.1,,3493855232.0,,,3.993997921629432,3.993997921629432,0.0,735.9990879375,
10,NFCORE_RNASEQ:RNASEQ:FASTQ_FASTQC_UMITOOLS_TRIMGALORE:TRIMGALORE,1700837798000,1700838000000,5,162.7,,3493855232.0,,,4.021700404566119,4.021700404566119,0.0,735.9990879375,
51,NFCORE_RNASEQ:RNASEQ:FASTQ_FASTQC_UMITOOLS_TRIMGALORE:TRIMGALORE,1700837788000,1700838000000,5,162.9,,3493855232.0,,,4.069145725085096,4.069145725085096,0.0,735.9990879375,
16,NFCORE_RNASEQ:RNASEQ:FASTQ_FASTQC_UMITOOLS_TRIMGALORE:TRIMGALORE,1700837789000,1700838000000,5,156.2,,3493855232.0,,,3.9903292720848866,3.9903292720848866,0.0,735.9990879375,
15,NFCORE_RNASEQ:RNASEQ:FASTQ_FASTQC_UMITOOLS_TRIMGALORE:TRIMGALORE,1700837798000,1700838000000,5,163.2,,3493855232.0,,,4.16969289262048,4.16969289262048,0.0,735.9990879375,
43,NFCORE_RNASEQ:RNASEQ:FASTQ_FASTQC_UMITOOLS_TRIMGALORE:TRIMGALORE,1700837796000,1700838000000,5,162.2,,3493855232.0,,,4.162182055665952,4.162182055665952,0.0,734.7286759687499,
23,NFCORE_RNASEQ:RNASEQ:FASTQ_FASTQC_UMITOOLS_TRIMGALORE:TRIMGALORE,1700837798000,1700838000000,5,162.5,,3493855232.0,,,4.165187393354638,4.165187393354638,0.0,734.7286759687499,
28,NFCORE_RNASEQ:RNASEQ:FASTQ_FASTQC_UMITOOLS_TRIMGALORE:TRIMGALORE,1700837790000,1700838000000,5,163.3,,3493855232.0,,,4.215207884435219,4.215207884435219,0.0,734.7286759687499,
38,NFCORE_RNASEQ:RNASEQ:FASTQ_FASTQC_UMITOOLS_TRIMGALORE:TRIMGALORE,1700837789000,1700838000000,5,161.9,,3493855232.0,,,4.349459410808547,4.349459410808547,0.0,734.7286759687499,
47,NFCORE_RNASEQ:RNASEQ:FASTQ_FASTQC_UMITOOLS_TRIMGALORE:TRIMGALORE,1700837794000,1700838000000,5,162.0,,3493855232.0,,,4.53507599016361,4.53507599016361,0.0,734.7286759687499,
25,NFCORE_RNASEQ:RNASEQ:FASTQ_FASTQC_UMITOOLS_TRIMGALORE:TRIMGALORE,1700837795000,1700838000000,5,162.8,,3493855232.0,,,4.552439019105137,4.552439019105137,0.0,734.7286759687499,
76,NFCORE_RNASEQ:RNASEQ:FASTQ_FASTQC_UMITOOLS_TRIMGALORE:TRIMGALORE,1700837959000,1700838000000,5,162.2,,3493855232.0,,,4.244931944836228,4.244931944836228,0.0,734.7286759687499,
31,NFCORE_RNASEQ:RNASEQ:FASTQ_FASTQC_UMITOOLS_TRIMGALORE:TRIMGALORE,1700837788000,1700838000000,5,163.3,,3493855232.0,,,4.587846001108733,4.587846001108733,0.0,734.7286759687499,
14,NFCORE_RNASEQ:RNASEQ:FASTQ_FASTQC_UMITOOLS_TRIMGALORE:TRIMGALORE,1700837792000,1700838000000,5,163.0,,3493855232.0,,,4.676400909150107,4.676400909150107,0.0,734.7286759687499,
49,NFCORE_RNASEQ:RNASEQ:FASTQ_FASTQC_UMITOOLS_TRIMGALORE:TRIMGALORE,1700837795000,1700838000000,5,162.2,,3493855232.0,,,4.649590526460326,4.649590526460326,0.0,734.7286759687499,
79,NFCORE_RNASEQ:RNASEQ:FASTQ_FASTQC_UMITOOLS_TRIMGALORE:TRIMGALORE,1700837959000,1700838000000,5,163.2,,3493855232.0,,,4.527685471066097,4.527685471066097,0.0,734.0934699843749,
48,NFCORE_RNASEQ:RNASEQ:FASTQ_FASTQC_UMITOOLS_TRIMGALORE:TRIMGALORE,1700837789000,1700838000000,5,161.3,,3493855232.0,,,4.83688939056938,4.83688939056938,0.0,734.0934699843749,
22,NFCORE_RNASEQ:RNASEQ:FASTQ_FASTQC_UMITOOLS_TRIMGALORE:TRIMGALORE,1700837792000,1700838000000,5,162.9,,3493855232.0,,,4.97361406137862,4.97361406137862,0.0,734.0934699843749,
19,NFCORE_RNASEQ:RNASEQ:FASTQ_FASTQC_UMITOOLS_TRIMGALORE:TRIMGALORE,1700837788000,1700838000000,5,158.3,,3493855232.0,,,4.8780050628473335,4.8780050628473335,0.0,734.0934699843749,
45,NFCORE_RNASEQ:RNASEQ:FASTQ_FASTQC_UMITOOLS_TRIMGALORE:TRIMGALORE,1700837791000,1700838000000,5,163.0,,3493855232.0,,,5.180315505634019,5.180315505634019,0.0,734.0934699843749,
52,NFCORE_RNASEQ:RNASEQ:FASTQ_FASTQC_UMITOOLS_TRIMGALORE:TRIMGALORE,1700837938000,1700838000000,5,163.8,,3493855232.0,,,4.937106218497275,4.937106218497275,0.0,734.0934699843749,
50,NFCORE_RNASEQ:RNASEQ:FASTQ_FASTQC_UMITOOLS_TRIMGALORE:TRIMGALORE,1700837796000,1700838000000,5,162.0,,3493855232.0,,,5.404157172767136,5.404157172767136,0.0,736.4974189921875,
20,NFCORE_RNASEQ:RNASEQ:FASTQ_FASTQC_UMITOOLS_TRIMGALORE:TRIMGALORE,1700837788000,1700838000000,5,160.9,,3493855232.0,,,5.3869715670412095,5.3869715670412095,0.0,736.4974189921875,
78,NFCORE_RNASEQ:RNASEQ:FASTQ_FASTQC_UMITOOLS_TRIMGALORE:TRIMGALORE,1700837958000,1700838000000,5,161.8,,3493855232.0,,,5.109490646114676,5.109490646114676,0.0,736.4974189921875,
46,NFCORE_RNASEQ:RNASEQ:FASTQ_FASTQC_UMITOOLS_TRIMGALORE:TRIMGALORE,1700837788000,1700838000000,5,160.8,,3493855232.0,,,5.492024480924079,5.492024480924079,0.0,736.4974189921875,
72,NFCORE_RNASEQ:RNASEQ:FASTQ_FASTQC_UMITOOLS_TRIMGALORE:TRIMGALORE,1700837948000,1700838000000,5,161.4,,3493855232.0,,,5.673227987651798,5.673227987651798,0.0,739.7405574960937,
80,NFCORE_RNASEQ:RNASEQ:FASTQ_FASTQC_UMITOOLS_TRIMGALORE:TRIMGALORE,1700837968000,1700838000000,5,162.5,,3493855232.0,,,6.013546248739205,6.013546248739205,0.0,739.7405574960937,
83,NFCORE_RNASEQ:RNASEQ:PREPARE_GENOME:SALMON_INDEX,1700838045000,1700838300000,5,426.3,,34359738368.0,,,18.217362101554116,18.217362101554116,0.0,736.498747875,
84,NFCORE_RNASEQ:RNASEQ:ALIGN_STAR:STAR_ALIGN_IGENOMES,1700839076000,1700839200000,10,508.5,,42949672960.0,,,8.021271191066273,8.021271191066273,0.0,736.1798160000001,
85,NFCORE_RNASEQ:RNASEQ:ALIGN_STAR:STAR_ALIGN_IGENOMES,1700839301000,1700839500000,10,545.4,,42949672960.0,,,9.48594795269521,9.48594795269521,0.0,734.1103025,
88,NFCORE_RNASEQ:RNASEQ:ALIGN_STAR:STAR_ALIGN_IGENOMES,1700839724000,1700839800000,10,707.4,,42949672960.0,,,10.600848892999121,10.600848892999121,0.0,736.4916605,
87,NFCORE_RNASEQ:RNASEQ:ALIGN_STAR:STAR_ALIGN_IGENOMES,1700839684000,1700839800000,10,601.2,,42949672960.0,,,12.448592111051182,12.448592111051182,0.0,739.73767825,
86,NFCORE_RNASEQ:RNASEQ:ALIGN_STAR:STAR_ALIGN_IGENOMES,1700839541000,1700839800000,10,413.4,,42949672960.0,,,11.254587956254671,11.254587956254671,0.0,739.73767825,
101,NFCORE_RNASEQ:RNASEQ:QUANTIFY_STAR_SALMON:SALMON_QUANT,1700840079000,1700840100000,4,269.5,,7838105600.0,,,0.8947953258634413,0.8947953258634413,0.0,733.458264,
100,NFCORE_RNASEQ:RNASEQ:ALIGN_STAR:BAM_SORT_STATS_SAMTOOLS:SAMTOOLS_SORT,1700840078000,1700840100000,4,52.9,,6442450944.0,,,0.32766477558349794,0.32766477558349794,0.0,733.458264,
92,NFCORE_RNASEQ:RNASEQ:ALIGN_STAR:STAR_ALIGN_IGENOMES,1700839966000,1700840100000,10,548.3,,42949672960.0,,,13.293042574450897,13.293042574450897,0.0,741.282726,
89,NFCORE_RNASEQ:RNASEQ:ALIGN_STAR:STAR_ALIGN_IGENOMES,1700839945000,1700840100000,10,569.0,,42949672960.0,,,15.69142398566295,15.69142398566295,0.0,742.360007,
99,NFCORE_RNASEQ:RNASEQ:ALIGN_STAR:STAR_ALIGN_IGENOMES,1700840078000,1700840100000,10,620.6,,42949672960.0,,,15.377448972425677,15.377448972425677,0.0,742.360007,
95,NFCORE_RNASEQ:RNASEQ:ALIGN_STAR:STAR_ALIGN_IGENOMES,1700840038000,1700840100000,10,570.1,,42949672960.0,,,15.110968867542425,15.110968867542425,0.0,742.360007,
98,NFCORE_RNASEQ:RNASEQ:ALIGN_STAR:STAR_ALIGN_IGENOMES,1700840099000,1700840100000,10,576.8,,42949672960.0,,,14.79936953034874,14.79936953034874,0.0,742.360007,
93,NFCORE_RNASEQ:RNASEQ:ALIGN_STAR:STAR_ALIGN_IGENOMES,1700840002000,1700840100000,10,562.2,,42949672960.0,,,15.977856687921708,15.977856687921708,0.0,742.360007,
102,NFCORE_RNASEQ:RNASEQ:ALIGN_STAR:STAR_ALIGN_IGENOMES,1700840206000,1700840400000,10,628.0,,42949672960.0,,,15.968755373450549,15.968755373450549,0.0,734.9607874999999,
103,NFCORE_RNASEQ:RNASEQ:ALIGN_STAR:STAR_ALIGN_IGENOMES,1700840108000,1700840400000,10,583.5,,42949672960.0,,,17.92361320859823,17.92361320859823,0.0,734.9607874999999,
106,NFCORE_RNASEQ:RNASEQ:ALIGN_STAR:STAR_ALIGN_IGENOMES,1700840315000,1700840400000,10,580.9,,42949672960.0,,,17.409446255354833,17.409446255354833,0.0,731.2611777499999,
111,NFCORE_RNASEQ:RNASEQ:ALIGN_STAR:STAR_ALIGN_IGENOMES,1700840375000,1700840400000,10,553.4,,42949672960.0,,,17.972607522550614,17.972607522550614,0.0,731.2611777499999,
113,NFCORE_RNASEQ:RNASEQ:ALIGN_STAR:BAM_SORT_STATS_SAMTOOLS:SAMTOOLS_INDEX,1700840416000,1700840429000,2,136.0,,1073741824.0,,,0.01781050590319,0.01781050590319,0.0,733.458264,
115,NFCORE_RNASEQ:RNASEQ:ALIGN_STAR:BAM_SORT_STATS_SAMTOOLS:SAMTOOLS_SORT,1700840435000,1700840553000,4,247.4,,6442450944.0,,,0.3334880649237959,0.3334880649237959,0.0,733.458264,
121,NFCORE_RNASEQ:RNASEQ:ALIGN_STAR:BAM_SORT_STATS_SAMTOOLS:SAMTOOLS_INDEX,1700840558000,1700840585000,2,81.7,,1073741824.0,,,0.023082791089483124,0.023082791089483124,0.0,733.458264,
116,NFCORE_RNASEQ:RNASEQ:QUANTIFY_STAR_SALMON:SALMON_QUANT,1700840435000,1700840687000,4,342.5,,7838105600.0,,,0.965702379660047,0.965702379660047,0.0,733.458264,
114,NFCORE_RNASEQ:RNASEQ:BAM_MARKDUPLICATES_PICARD:PICARD_MARKDUPLICATES,1700840416000,1700840700000,1,100.6,,17330864128.0,,,0.84506034188567,0.84506034188567,0.0,736.1798160000001,
122,NFCORE_RNASEQ:RNASEQ:BAM_MARKDUPLICATES_PICARD:PICARD_MARKDUPLICATES,1700840559000,1700840700000,1,117.0,,17330864128.0,,,0.9182944828080913,0.9182944828080913,0.0,736.1798160000001,
104,NFCORE_RNASEQ:RNASEQ:ALIGN_STAR:STAR_ALIGN_IGENOMES,1700840485000,1700840700000,10,635.4,,42949672960.0,,,13.820088251263241,13.820088251263241,0.0,734.9607874999999,
97,NFCORE_RNASEQ:RNASEQ:ALIGN_STAR:STAR_ALIGN_IGENOMES,1700840541000,1700840700000,10,575.5,,42949672960.0,,,16.73327816310034,16.73327816310034,0.0,731.2611777499999,
112,NFCORE_RNASEQ:RNASEQ:ALIGN_STAR:STAR_ALIGN_IGENOMES,1700840456000,1700840700000,10,660.3,,42949672960.0,,,19.092731222208496,19.092731222208496,0.0,731.2611777499999,
107,NFCORE_RNASEQ:RNASEQ:ALIGN_STAR:STAR_ALIGN_IGENOMES,1700840655000,1700840700000,10,589.2,,42949672960.0,,,17.33442895251072,17.33442895251072,0.0,729.638168875,
108,NFCORE_RNASEQ:RNASEQ:ALIGN_STAR:STAR_ALIGN_IGENOMES,1700840691000,1700840700000,10,497.0,,42949672960.0,,,16.163673736596284,16.163673736596284,0.0,729.638168875,
169,NFCORE_RNASEQ:RNASEQ:BAM_MARKDUPLICATES_PICARD:SAMTOOLS_INDEX,1700840798000,1700840835000,1,35.7,,1073741824.0,,,0.015600754266006878,0.015600754266006878,0.0,738.901368,
171,NFCORE_RNASEQ:RNASEQ:SUBREAD_FEATURECOUNTS,1700840841000,1700840903000,2,89.5,,1073741824.0,,,0.058020036308763755,0.058020036308763755,0.0,738.901368,
181,NFCORE_RNASEQ:RNASEQ:MULTIQC_CUSTOM_BIOTYPE,1700840911000,1700840919000,1,16.7,,1073741824.0,,,0.001920476493065,0.001920476493065,0.0,738.901368,
177,NFCORE_RNASEQ:RNASEQ:BAM_RSEQC:RSEQC_BAMSTAT,1700840841000,1700840952000,1,58.4,,1073741824.0,,,0.07088296217002499,0.07088296217002499,0.0,738.901368,
170,NFCORE_RNASEQ:RNASEQ:STRINGTIE_STRINGTIE,1700840858000,1700840969000,2,118.7,,1333788672.0,,,0.13701357628375313,0.13701357628375313,0.0,738.901368,
164,NFCORE_RNASEQ:RNASEQ:ALIGN_STAR:BAM_SORT_STATS_SAMTOOLS:SAMTOOLS_SORT,1700840798000,1700840979000,4,233.1,,6442450944.0,,,0.49059666128152324,0.49059666128152324,0.0,738.901368,
167,NFCORE_RNASEQ:RNASEQ:DUPRADAR,1700840858000,1700840982000,2,141.0,,1097859072.0,,,0.1772949767825044,0.1772949767825044,0.0,738.901368,
173,NFCORE_RNASEQ:RNASEQ:BAM_RSEQC:RSEQC_INFEREXPERIMENT,1700840982000,1700840987000,5,141.8,,1073741824.0,,,0.007178183055293752,0.007178183055293752,0.0,738.901368,
182,NFCORE_RNASEQ:RNASEQ:BAM_MARKDUPLICATES_PICARD:SAMTOOLS_INDEX,1700840947000,1700840987000,1,40.4,,1073741824.0,,,0.018662390801500003,0.018662390801500003,0.0,738.901368,
166,NFCORE_RNASEQ:RNASEQ:BEDTOOLS_GENOMECOV,1700840858000,1700841000000,2,103.1,,5999951872.0,,,0.2557002723931694,0.2557002723931694,0.0,740.942532,
174,NFCORE_RNASEQ:RNASEQ:BAM_RSEQC:RSEQC_JUNCTIONANNOTATION,1700840971000,1700841000000,2,101.3,,1073741824.0,,,0.06309434850258061,0.06309434850258061,0.0,740.942532,
178,NFCORE_RNASEQ:RNASEQ:BAM_RSEQC:RSEQC_READDISTRIBUTION,1700840944000,1700841000000,2,95.4,,1734344704.0,,,0.13898842477898438,0.13898842477898438,0.0,740.942532,
188,NFCORE_RNASEQ:RNASEQ:ALIGN_STAR:BAM_SORT_STATS_SAMTOOLS:SAMTOOLS_INDEX,1700840985000,1700841000000,2,20.0,,1073741824.0,,,0.031110675812655003,0.031110675812655003,0.0,740.942532,
195,NFCORE_RNASEQ:RNASEQ:BAM_RSEQC:RSEQC_JUNCTIONANNOTATION,1700840990000,1700841000000,2,43.2,,1073741824.0,,,0.08578849679268002,0.08578849679268002,0.0,740.942532,
194,NFCORE_RNASEQ:RNASEQ:BAM_RSEQC:RSEQC_JUNCTIONSATURATION,1700840990000,1700841000000,2,48.8,,2000683008.0,,,0.11337128626614999,0.11337128626614999,0.0,740.942532,
165,NFCORE_RNASEQ:RNASEQ:QUANTIFY_STAR_SALMON:SALMON_QUANT,1700840798000,1700841000000,4,266.4,,7838105600.0,,,1.2283943618780875,1.2283943618780875,0.0,740.942532,
193,NFCORE_RNASEQ:RNASEQ:BAM_RSEQC:RSEQC_BAMSTAT,1700840991000,1700841000000,1,36.2,,1073741824.0,,,0.08230386690020626,0.08230386690020626,0.0,740.942532,
136,NFCORE_RNASEQ:RNASEQ:QUANTIFY_SALMON:SALMON_QUANT,1700840797000,1700841000000,4,300.8,,23622320128.0,,,3.0632947105054003,3.0632947105054003,0.0,741.963114,
129,NFCORE_RNASEQ:RNASEQ:QUANTIFY_SALMON:SALMON_QUANT,1700840797000,1700841000000,4,205.3,,23622320128.0,,,2.596466436506316,2.596466436506316,0.0,741.963114,
159,NFCORE_RNASEQ:RNASEQ:QUANTIFY_SALMON:SALMON_QUANT,1700840797000,1700841000000,4,332.2,,23622320128.0,,,3.5346781857436085,3.5346781857436085,0.0,741.963114,
162,NFCORE_RNASEQ:RNASEQ:QUANTIFY_SALMON:SALMON_QUANT,1700840797000,1700841000000,4,345.6,,23622320128.0,,,3.753744363092081,3.753744363092081,0.0,741.963114,
133,NFCORE_RNASEQ:RNASEQ:QUANTIFY_SALMON:SALMON_QUANT,1700840797000,1700841000000,4,262.0,,23622320128.0,,,3.3129683100755325,3.3129683100755325,0.0,741.963114,
137,NFCORE_RNASEQ:RNASEQ:QUANTIFY_SALMON:SALMON_QUANT,1700840797000,1700841000000,4,269.5,,23622320128.0,,,3.3860072679860833,3.3860072679860833,0.0,741.963114,
168,NFCORE_RNASEQ:RNASEQ:QUALIMAP_RNASEQ,1700840907000,1700841000000,2,104.6,,10797187072.0,,,1.2867355425926723,1.2867355425926723,0.0,742.700201,
125,NFCORE_RNASEQ:RNASEQ:ALIGN_STAR:STAR_ALIGN_IGENOMES,1700840797000,1700841000000,10,697.0,,42949672960.0,,,16.794553855646548,16.794553855646548,0.0,729.6806931250001,
109,NFCORE_RNASEQ:RNASEQ:ALIGN_STAR:STAR_ALIGN_IGENOMES,1700840795000,1700841000000,10,539.2,,42949672960.0,,,20.128545042629455,20.128545042629455,0.0,728.43154328125,
197,NFCORE_RNASEQ:RNASEQ:BEDGRAPH_BEDCLIP_BEDGRAPHTOBIGWIG_FORWARD:UCSC_BEDCLIP,1700841039000,1700841051000,1,74.3,,1073741824.0,,,0.009538904532885,0.009538904532885,0.0,742.983696,
199,NFCORE_RNASEQ:RNASEQ:BEDGRAPH_BEDCLIP_BEDGRAPHTOBIGWIG_FORWARD:UCSC_BEDGRAPHTOBIGWIG,1700841059000,1700841078000,1,82.0,,1073741824.0,,,0.016509175119255,0.016509175119255,0.0,742.983696,
192,NFCORE_RNASEQ:RNASEQ:BAM_RSEQC:RSEQC_INFEREXPERIMENT,1700841112000,1700841119000,5,185.7,,1073741824.0,,,0.013058060997913748,0.013058060997913748,0.0,742.983696,
198,NFCORE_RNASEQ:RNASEQ:BEDGRAPH_BEDCLIP_BEDGRAPHTOBIGWIG_REVERSE:UCSC_BEDCLIP,1700841038000,1700841125000,1,3.5,,1073741824.0,,,0.009964707715121248,0.009964707715121248,0.0,742.983696,
206,NFCORE_RNASEQ:RNASEQ:BEDGRAPH_BEDCLIP_BEDGRAPHTOBIGWIG_REVERSE:UCSC_BEDGRAPHTOBIGWIG,1700841130000,1700841159000,1,68.6,,1073741824.0,,,0.021463857348797497,0.021463857348797497,0.0,742.983696,
196,NFCORE_RNASEQ:RNASEQ:BAM_RSEQC:RSEQC_READDUPLICATION,1700841034000,1700841159000,2,101.7,,10159652864.0,,,0.21785098636082037,0.21785098636082037,0.0,742.983696,
190,NFCORE_RNASEQ:RNASEQ:BAM_RSEQC:RSEQC_INNERDISTANCE,1700841079000,1700841159000,2,102.2,,1523580928.0,,,0.08775321097952501,0.08775321097952501,0.0,742.983696,
187,NFCORE_RNASEQ:RNASEQ:SUBREAD_FEATURECOUNTS,1700841122000,1700841173000,2,132.1,,1073741824.0,,,0.06886802946625874,0.06886802946625874,0.0,742.983696,
207,NFCORE_RNASEQ:RNASEQ:MULTIQC_CUSTOM_BIOTYPE,1700841175000,1700841180000,1,8.0,,1073741824.0,,,0.0007889042161000001,0.0007889042161000001,0.0,742.983696,
191,NFCORE_RNASEQ:RNASEQ:BAM_RSEQC:RSEQC_READDISTRIBUTION,1700841039000,1700841183000,2,100.9,,1734344704.0,,,0.15844359499605,0.15844359499605,0.0,742.983696,
184,NFCORE_RNASEQ:RNASEQ:DUPRADAR,1700841102000,1700841226000,2,179.6,,1097859072.0,,,0.22427071860500125,0.22427071860500125,0.0,742.983696,
176,NFCORE_RNASEQ:RNASEQ:BAM_RSEQC:RSEQC_INNERDISTANCE,1700841172000,1700841244000,2,104.2,,1523580928.0,,,0.0803616970153725,0.0803616970153725,0.0,742.983696,
185,NFCORE_RNASEQ:RNASEQ:STRINGTIE_STRINGTIE,1700841091000,1700841254000,2,92.7,,1333788672.0,,,0.16158550664904375,0.16158550664904375,0.0,742.983696,
175,NFCORE_RNASEQ:RNASEQ:BAM_RSEQC:RSEQC_JUNCTIONSATURATION,1700841172000,1700841279000,2,71.2,,2000683008.0,,,0.08934073882517876,0.08934073882517876,0.0,742.983696,
172,NFCORE_RNASEQ:RNASEQ:BAM_RSEQC:RSEQC_READDUPLICATION,1700841183000,1700841284000,2,104.1,,10159652864.0,,,0.1783530056547728,0.1783530056547728,0.0,742.983696,
200,NFCORE_RNASEQ:RNASEQ:ALIGN_STAR:BAM_SORT_STATS_SAMTOOLS:SAMTOOLS_SORT,1700841089000,1700841284000,4,194.0,,6442450944.0,,,0.458193788645775,0.458193788645775,0.0,742.983696,
209,NFCORE_RNASEQ:RNASEQ:ALIGN_STAR:BAM_SORT_STATS_SAMTOOLS:SAMTOOLS_INDEX,1700841292000,1700841300000,2,99.3,,1073741824.0,,,0.0310545901540875,0.0310545901540875,0.0,742.983696,
204,NFCORE_RNASEQ:RNASEQ:ALIGN_STAR:BAM_SORT_STATS_SAMTOOLS:SAMTOOLS_SORT,1700841232000,1700841300000,4,318.1,,6442450944.0,,,0.37902443212372383,0.37902443212372383,0.0,742.983696,
201,NFCORE_RNASEQ:RNASEQ:QUANTIFY_STAR_SALMON:SALMON_QUANT,1700841088000,1700841300000,4,345.0,,7838105600.0,,,1.1600656475767734,1.1600656475767734,0.0,742.983696,
186,NFCORE_RNASEQ:RNASEQ:BEDTOOLS_GENOMECOV,1700841172000,1700841300000,2,90.3,,5999951872.0,,,0.3233602258343844,0.3233602258343844,0.0,742.983696,
205,NFCORE_RNASEQ:RNASEQ:QUANTIFY_STAR_SALMON:SALMON_QUANT,1700841197000,1700841300000,4,287.2,,7838105600.0,,,0.8811815351008843,0.8811815351008843,0.0,742.983696,
208,NFCORE_RNASEQ:RNASEQ:BAM_MARKDUPLICATES_PICARD:PICARD_MARKDUPLICATES,1700841293000,1700841300000,1,113.8,,17330864128.0,,,1.2023894262432666,1.2023894262432666,0.0,743.2104919999999,
189,NFCORE_RNASEQ:RNASEQ:BAM_MARKDUPLICATES_PICARD:PICARD_MARKDUPLICATES,1700841195000,1700841300000,1,86.2,,17330864128.0,,,1.4217052537774089,1.4217052537774089,0.0,743.2104919999999,
183,NFCORE_RNASEQ:RNASEQ:QUALIMAP_RNASEQ,1700841122000,1700841300000,2,110.6,,10797187072.0,,,1.528144804322237,1.528144804322237,0.0,735.3860299999999,
202,NFCORE_RNASEQ:RNASEQ:ALIGN_STAR:STAR_ALIGN_IGENOMES,1700841119000,1700841300000,10,676.8,,42949672960.0,,,21.66313424288484,21.66313424288484,0.0,728.447489875,
212,NFCORE_RNASEQ:RNASEQ:ALIGN_STAR:BAM_SORT_STATS_SAMTOOLS:SAMTOOLS_INDEX,1700841355000,1700841365000,2,140.9,,1073741824.0,,,0.014349195104562501,0.014349195104562501,0.0,742.983696,
215,NFCORE_RNASEQ:RNASEQ:BEDGRAPH_BEDCLIP_BEDGRAPHTOBIGWIG_FORWARD:UCSC_BEDCLIP,1700841421000,1700841428000,1,86.1,,1073741824.0,,,0.006358128125098749,0.006358128125098749,0.0,742.983696,
214,NFCORE_RNASEQ:RNASEQ:BEDGRAPH_BEDCLIP_BEDGRAPHTOBIGWIG_REVERSE:UCSC_BEDCLIP,1700841422000,1700841427000,1,98.2,,1073741824.0,,,0.0051229112809875015,0.0051229112809875015,0.0,742.983696,
216,NFCORE_RNASEQ:RNASEQ:BEDGRAPH_BEDCLIP_BEDGRAPHTOBIGWIG_FORWARD:UCSC_BEDGRAPHTOBIGWIG,1700841432000,1700841449000,1,100.1,,1073741824.0,,,0.017728293983286254,0.017728293983286254,0.0,742.983696,
217,NFCORE_RNASEQ:RNASEQ:BEDGRAPH_BEDCLIP_BEDGRAPHTOBIGWIG_REVERSE:UCSC_BEDGRAPHTOBIGWIG,1700841431000,1700841449000,1,100.0,,1073741824.0,,,0.01875383721666,0.01875383721666,0.0,742.983696,
218,NFCORE_RNASEQ:RNASEQ:ALIGN_STAR:BAM_SORT_STATS_SAMTOOLS:SAMTOOLS_SORT,1700841545000,1700841600000,4,217.1,,6442450944.0,,,0.5557394259838841,0.5557394259838841,0.0,743.2104919999999,
213,NFCORE_RNASEQ:RNASEQ:BAM_MARKDUPLICATES_PICARD:PICARD_MARKDUPLICATES,1700841356000,1700841600000,1,116.6,,17330864128.0,,,1.0217424968229478,1.0217424968229478,0.0,743.2104919999999,
219,NFCORE_RNASEQ:RNASEQ:QUANTIFY_STAR_SALMON:SALMON_QUANT,1700841545000,1700841600000,4,347.1,,7838105600.0,,,1.4560077023298768,1.4560077023298768,0.0,735.3860299999999,
134,NFCORE_RNASEQ:RNASEQ:QUANTIFY_SALMON:SALMON_QUANT,1700841537000,1700841600000,4,359.7,,23622320128.0,,,3.111966959695292,3.111966959695292,0.0,735.3860299999999,
203,NFCORE_RNASEQ:RNASEQ:QUANTIFY_SALMON:SALMON_QUANT,1700841513000,1700841600000,4,392.7,,23622320128.0,,,4.2059589297527396,4.2059589297527396,0.0,731.4737989999999,
210,NFCORE_RNASEQ:RNASEQ:QUANTIFY_SALMON:SALMON_QUANT,1700841464000,1700841600000,4,354.1,,23622320128.0,,,4.463191446588409,4.463191446588409,0.0,731.4737989999999,
130,NFCORE_RNASEQ:RNASEQ:QUANTIFY_SALMON:SALMON_QUANT,1700841548000,1700841600000,4,208.0,,23622320128.0,,,3.1476175124445334,3.1476175124445334,0.0,731.4737989999999,
135,NFCORE_RNASEQ:RNASEQ:QUANTIFY_SALMON:SALMON_QUANT,1700841584000,1700841600000,4,166.6,,23622320128.0,,,3.486024465471923,3.486024465471923,0.0,729.7444794999999,
128,NFCORE_RNASEQ:RNASEQ:QUANTIFY_SALMON:SALMON_QUANT,1700841575000,1700841600000,4,96.2,,23622320128.0,,,3.112220177791535,3.112220177791535,0.0,729.7444794999999,
211,NFCORE_RNASEQ:RNASEQ:ALIGN_STAR:STAR_ALIGN_IGENOMES,1700841494000,1700841600000,10,719.2,,42949672960.0,,,18.91321991776004,18.91321991776004,0.0,728.447489875,
234,NFCORE_RNASEQ:RNASEQ:BAM_MARKDUPLICATES_PICARD:SAMTOOLS_INDEX,1700841799000,1700841861000,1,97.8,,1073741824.0,,,0.06332441355036195,0.06332441355036195,0.0,743.437288,
220,NFCORE_RNASEQ:RNASEQ:ALIGN_STAR:BAM_SORT_STATS_SAMTOOLS:SAMTOOLS_INDEX,1700841768000,1700841864000,2,24.0,,1073741824.0,,,0.029925828966293328,0.029925828966293328,0.0,743.437288,
235,NFCORE_RNASEQ:RNASEQ:SUBREAD_FEATURECOUNTS,1700841799000,1700841892000,2,85.5,,1073741824.0,,,0.08398729140646854,0.08398729140646854,0.0,743.437288,
247,NFCORE_RNASEQ:RNASEQ:SUBREAD_FEATURECOUNTS,1700841864000,1700841900000,2,154.2,,1073741824.0,,,0.09301961160104166,0.09301961160104166,0.0,735.499428,
246,NFCORE_RNASEQ:RNASEQ:BAM_MARKDUPLICATES_PICARD:SAMTOOLS_INDEX,1700841865000,1700841892000,1,98.7,,1073741824.0,,,0.02781042075605063,0.02781042075605063,0.0,743.437288,
251,NFCORE_RNASEQ:RNASEQ:BAM_RSEQC:RSEQC_INNERDISTANCE,1700841866000,1700841900000,2,103.0,,1523580928.0,,,0.07868306687614574,0.07868306687614574,0.0,735.499428,
224,NFCORE_RNASEQ:RNASEQ:ALIGN_STAR:BAM_SORT_STATS_SAMTOOLS:SAMTOOLS_SORT,1700841768000,1700841900000,4,160.3,,6442450944.0,,,0.5413430920906458,0.5413430920906458,0.0,735.499428,
230,NFCORE_RNASEQ:RNASEQ:BAM_MARKDUPLICATES_PICARD:SAMTOOLS_INDEX,1700841785000,1700841900000,1,5.3,,1073741824.0,,,0.033631228160622424,0.033631228160622424,0.0,735.499428,
232,NFCORE_RNASEQ:RNASEQ:ALIGN_STAR:BAM_SORT_STATS_SAMTOOLS:SAMTOOLS_SORT,1700841785000,1700841900000,4,164.2,,6442450944.0,,,0.5344442491641315,0.5344442491641315,0.0,735.499428,
231,NFCORE_RNASEQ:RNASEQ:SUBREAD_FEATURECOUNTS,1700841785000,1700841900000,2,21.5,,1073741824.0,,,0.07700515037258257,0.07700515037258257,0.0,735.499428,
238,NFCORE_RNASEQ:RNASEQ:BEDTOOLS_GENOMECOV,1700841807000,1700841900000,2,100.5,,5999951872.0,,,0.37491592863072454,0.37491592863072454,0.0,735.499428,
239,NFCORE_RNASEQ:RNASEQ:STRINGTIE_STRINGTIE,1700841807000,1700841900000,2,74.5,,1333788672.0,,,0.22147876142104966,0.22147876142104966,0.0,735.499428,
222,NFCORE_RNASEQ:RNASEQ:ALIGN_STAR:BAM_SORT_STATS_SAMTOOLS:SAMTOOLS_SORT,1700841768000,1700841900000,4,120.4,,6442450944.0,,,0.5627266654824111,0.5627266654824111,0.0,735.499428,
233,NFCORE_RNASEQ:RNASEQ:QUANTIFY_STAR_SALMON:SALMON_QUANT,1700841785000,1700841900000,4,327.9,,7838105600.0,,,1.225626544052218,1.225626544052218,0.0,735.499428,
226,NFCORE_RNASEQ:RNASEQ:STRINGTIE_STRINGTIE,1700841785000,1700841900000,2,44.9,,1333788672.0,,,0.1810290263634642,0.1810290263634642,0.0,735.499428,
225,NFCORE_RNASEQ:RNASEQ:QUANTIFY_STAR_SALMON:SALMON_QUANT,1700841768000,1700841900000,4,329.5,,7838105600.0,,,1.3534351111712222,1.3534351111712222,0.0,735.499428,
242,NFCORE_RNASEQ:RNASEQ:BEDTOOLS_GENOMECOV,1700841895000,1700841900000,2,116.5,,5999951872.0,,,0.3633699389530409,0.3633699389530409,0.0,735.499428,
229,NFCORE_RNASEQ:RNASEQ:DUPRADAR,1700841785000,1700841900000,2,60.9,,1097859072.0,,,0.2331892606711693,0.2331892606711693,0.0,735.499428,
254,NFCORE_RNASEQ:RNASEQ:BAM_RSEQC:RSEQC_BAMSTAT,1700841866000,1700841900000,1,33.2,,1073741824.0,,,0.1111262028321761,0.1111262028321761,0.0,735.499428,
250,NFCORE_RNASEQ:RNASEQ:BAM_RSEQC:RSEQC_READDISTRIBUTION,1700841866000,1700841900000,2,55.2,,1734344704.0,,,0.18564041807949494,0.18564041807949494,0.0,735.499428,
248,NFCORE_RNASEQ:RNASEQ:BAM_RSEQC:RSEQC_JUNCTIONANNOTATION,1700841866000,1700841900000,2,30.4,,1073741824.0,,,0.10547641450296666,0.10547641450296666,0.0,735.499428,
244,NFCORE_RNASEQ:RNASEQ:STRINGTIE_STRINGTIE,1700841869000,1700841900000,2,62.6,,1333788672.0,,,0.2032761162525806,0.2032761162525806,0.0,735.499428,
253,NFCORE_RNASEQ:RNASEQ:BAM_RSEQC:RSEQC_READDUPLICATION,1700841865000,1700841900000,2,53.0,,10159652864.0,,,0.3717135449614786,0.3717135449614786,0.0,735.499428,
249,NFCORE_RNASEQ:RNASEQ:BAM_RSEQC:RSEQC_JUNCTIONSATURATION,1700841865000,1700841900000,2,35.4,,2000683008.0,,,0.14651213777716812,0.14651213777716812,0.0,735.499428,
223,NFCORE_RNASEQ:RNASEQ:QUANTIFY_STAR_SALMON:SALMON_QUANT,1700841768000,1700841900000,4,220.1,,7838105600.0,,,1.109832777652136,1.109832777652136,0.0,735.499428,
227,NFCORE_RNASEQ:RNASEQ:BEDTOOLS_GENOMECOV,1700841785000,1700841900000,2,54.6,,5999951872.0,,,0.4003016813398217,0.4003016813398217,0.0,731.530498,
221,NFCORE_RNASEQ:RNASEQ:BAM_MARKDUPLICATES_PICARD:PICARD_MARKDUPLICATES,1700841767000,1700841900000,1,115.4,,17330864128.0,,,1.2577695359759031,1.2577695359759031,0.0,731.530498,
236,NFCORE_RNASEQ:RNASEQ:DUPRADAR,1700841807000,1700841900000,2,38.4,,1097859072.0,,,0.30391316940663776,0.30391316940663776,0.0,731.530498,
237,NFCORE_RNASEQ:RNASEQ:QUALIMAP_RNASEQ,1700841807000,1700841900000,2,107.5,,10797187072.0,,,1.705513273497072,1.705513273497072,0.0,729.772829,
228,NFCORE_RNASEQ:RNASEQ:QUALIMAP_RNASEQ,1700841785000,1700841900000,2,92.2,,10797187072.0,,,1.7020515793452837,1.7020515793452837,0.0,728.8939945,
156,NFCORE_RNASEQ:RNASEQ:QUANTIFY_SALMON:SALMON_QUANT,1700841783000,1700841900000,4,174.6,,23622320128.0,,,4.245598512951095,4.245598512951095,0.0,728.8939945,
163,NFCORE_RNASEQ:RNASEQ:QUANTIFY_SALMON:SALMON_QUANT,1700841804000,1700841900000,4,168.6,,23622320128.0,,,4.4998133060007195,4.4998133060007195,0.0,728.45457725,
152,NFCORE_RNASEQ:RNASEQ:QUANTIFY_SALMON:SALMON_QUANT,1700841805000,1700841900000,4,167.0,,23622320128.0,,,4.476077684849885,4.476077684849885,0.0,728.45457725,
138,NFCORE_RNASEQ:RNASEQ:QUANTIFY_SALMON:SALMON_QUANT,1700841762000,1700841900000,4,102.1,,23622320128.0,,,5.873046010293635,5.873046010293635,0.0,740.0318043125001,
160,NFCORE_RNASEQ:RNASEQ:QUANTIFY_SALMON:SALMON_QUANT,1700841762000,1700841900000,4,116.0,,23622320128.0,,,6.351353888343933,6.351353888343933,0.0,740.0318043125001,
252,NFCORE_RNASEQ:RNASEQ:BAM_RSEQC:RSEQC_INFEREXPERIMENT,1700841941000,1700841957000,5,106.6,,1073741824.0,,,0.01731778422232,0.01731778422232,0.0,727.561568,
257,NFCORE_RNASEQ:RNASEQ:MULTIQC_CUSTOM_BIOTYPE,1700841938000,1700841944000,1,22.4,,1073741824.0,,,0.0017400847501333335,0.0017400847501333335,0.0,727.561568,
258,NFCORE_RNASEQ:RNASEQ:MULTIQC_CUSTOM_BIOTYPE,1700841938000,1700841966000,1,15.3,,1073741824.0,,,0.0062496275563477775,0.0062496275563477775,0.0,727.561568,
260,NFCORE_RNASEQ:RNASEQ:BAM_RSEQC:RSEQC_INFEREXPERIMENT,1700841960000,1700841971000,5,268.8,,1073741824.0,,,0.028695836643662227,0.028695836643662227,0.0,727.561568,
264,NFCORE_RNASEQ:RNASEQ:BAM_RSEQC:RSEQC_INNERDISTANCE,1700841973000,1700842043000,2,101.4,,1523580928.0,,,0.0746632744023007,0.0746632744023007,0.0,727.561568,
265,NFCORE_RNASEQ:RNASEQ:BAM_RSEQC:RSEQC_JUNCTIONANNOTATION,1700841972000,1700842071000,2,101.6,,1073741824.0,,,0.10249569061797999,0.10249569061797999,0.0,727.561568,
273,NFCORE_RNASEQ:RNASEQ:BAM_RSEQC:RSEQC_INFEREXPERIMENT,1700842051000,1700842075000,5,72.7,,1073741824.0,,,0.018320455008220004,0.018320455008220004,0.0,727.561568,
281,NFCORE_RNASEQ:RNASEQ:MULTIQC_CUSTOM_BIOTYPE,1700842064000,1700842076000,1,10.0,,1073741824.0,,,0.00207991663252,0.00207991663252,0.0,727.561568,
262,NFCORE_RNASEQ:RNASEQ:BAM_RSEQC:RSEQC_JUNCTIONSATURATION,1700841972000,1700842094000,2,100.9,,2000683008.0,,,0.1338480111742478,0.1338480111742478,0.0,727.561568,
270,NFCORE_RNASEQ:RNASEQ:ALIGN_STAR:BAM_SORT_STATS_SAMTOOLS:SAMTOOLS_INDEX,1700842046000,1700842094000,2,86.6,,1073741824.0,,,0.04291946319762667,0.04291946319762667,0.0,727.561568,
282,NFCORE_RNASEQ:RNASEQ:BEDGRAPH_BEDCLIP_BEDGRAPHTOBIGWIG_FORWARD:UCSC_BEDCLIP,1700842081000,1700842112000,1,35.1,,1073741824.0,,,0.012695273588268611,0.012695273588268611,0.0,727.561568,
283,NFCORE_RNASEQ:RNASEQ:BEDGRAPH_BEDCLIP_BEDGRAPHTOBIGWIG_REVERSE:UCSC_BEDCLIP,1700842081000,1700842112000,1,84.1,,1073741824.0,,,0.026989521613182497,0.026989521613182497,0.0,727.561568,
267,NFCORE_RNASEQ:RNASEQ:ALIGN_STAR:BAM_SORT_STATS_SAMTOOLS:SAMTOOLS_SORT,1700841975000,1700842117000,4,400.6,,6442450944.0,,,0.6028051964945454,0.6028051964945454,0.0,727.561568,
259,NFCORE_RNASEQ:RNASEQ:BAM_RSEQC:RSEQC_BAMSTAT,1700841960000,1700842130000,1,54.3,,1073741824.0,,,0.10033446645398054,0.10033446645398054,0.0,727.561568,
274,NFCORE_RNASEQ:RNASEQ:BAM_RSEQC:RSEQC_BAMSTAT,1700842047000,1700842131000,1,100.9,,1073741824.0,,,0.08641271479434999,0.08641271479434999,0.0,727.561568,
261,NFCORE_RNASEQ:RNASEQ:BAM_RSEQC:RSEQC_READDISTRIBUTION,1700841973000,1700842144000,2,100.1,,1734344704.0,,,0.18295896963262626,0.18295896963262626,0.0,727.561568,
275,NFCORE_RNASEQ:RNASEQ:BAM_RSEQC:RSEQC_JUNCTIONSATURATION,1700842060000,1700842152000,2,103.2,,2000683008.0,,,0.10292578560739668,0.10292578560739668,0.0,727.561568,
272,NFCORE_RNASEQ:RNASEQ:BAM_RSEQC:RSEQC_JUNCTIONANNOTATION,1700842074000,1700842152000,2,103.3,,1073741824.0,,,0.08200198646984501,0.08200198646984501,0.0,727.561568,
286,NFCORE_RNASEQ:RNASEQ:BEDGRAPH_BEDCLIP_BEDGRAPHTOBIGWIG_FORWARD:UCSC_BEDGRAPHTOBIGWIG,1700842119000,1700842164000,1,41.9,,1073741824.0,,,0.0213081752190625,0.0213081752190625,0.0,727.561568,
287,NFCORE_RNASEQ:RNASEQ:BEDGRAPH_BEDCLIP_BEDGRAPHTOBIGWIG_REVERSE:UCSC_BEDGRAPHTOBIGWIG,1700842119000,1700842164000,1,43.4,,1073741824.0,,,0.021943370572375,0.021943370572375,0.0,727.561568,
290,NFCORE_RNASEQ:RNASEQ:BEDGRAPH_BEDCLIP_BEDGRAPHTOBIGWIG_FORWARD:UCSC_BEDCLIP,1700842140000,1700842163000,1,43.7,,1073741824.0,,,0.011280431595330279,0.011280431595330279,0.0,727.561568,
291,NFCORE_RNASEQ:RNASEQ:BEDGRAPH_BEDCLIP_BEDGRAPHTOBIGWIG_REVERSE:UCSC_BEDCLIP,1700842140000,1700842163000,1,42.5,,1073741824.0,,,0.011020707273086945,0.011020707273086945,0.0,727.561568,
276,NFCORE_RNASEQ:RNASEQ:BAM_RSEQC:RSEQC_INNERDISTANCE,1700842094000,1700842189000,2,92.1,,1523580928.0,,,0.09301472814373365,0.09301472814373365,0.0,727.561568,
278,NFCORE_RNASEQ:RNASEQ:BAM_RSEQC:RSEQC_READDISTRIBUTION,1700842047000,1700842191000,2,101.3,,1734344704.0,,,0.15569681137405997,0.15569681137405997,0.0,727.561568,
294,NFCORE_RNASEQ:RNASEQ:BEDGRAPH_BEDCLIP_BEDGRAPHTOBIGWIG_FORWARD:UCSC_BEDGRAPHTOBIGWIG,1700842171000,1700842200000,1,59.8,,1073741824.0,,,0.021184660274744995,0.021184660274744995,0.0,727.561568,
295,NFCORE_RNASEQ:RNASEQ:BEDGRAPH_BEDCLIP_BEDGRAPHTOBIGWIG_REVERSE:UCSC_BEDGRAPHTOBIGWIG,1700842173000,1700842200000,1,59.0,,1073741824.0,,,0.01966736599225722,0.01966736599225722,0.0,727.561568,
268,NFCORE_RNASEQ:RNASEQ:ALIGN_STAR:BAM_SORT_STATS_SAMTOOLS:SAMTOOLS_SORT,1700842098000,1700842200000,4,399.1,,6442450944.0,,,0.5288739456589235,0.5288739456589235,0.0,727.561568,
279,NFCORE_RNASEQ:RNASEQ:ALIGN_STAR:BAM_SORT_STATS_SAMTOOLS:SAMTOOLS_INDEX,1700842082000,1700842200000,2,16.0,,1073741824.0,,,0.03584695845536,0.03584695845536,0.0,727.561568,
288,NFCORE_RNASEQ:RNASEQ:ALIGN_STAR:BAM_SORT_STATS_SAMTOOLS:SAMTOOLS_INDEX,1700842125000,1700842200000,2,24.2,,1073741824.0,,,0.034685651458826114,0.034685651458826114,0.0,727.561568,
256,NFCORE_RNASEQ:RNASEQ:QUANTIFY_STAR_SALMON:SALMON_QUANT,1700841919000,1700842200000,4,345.1,,7838105600.0,,,1.373465858664459,1.373465858664459,0.0,727.561568,
255,NFCORE_RNASEQ:RNASEQ:ALIGN_STAR:BAM_SORT_STATS_SAMTOOLS:SAMTOOLS_SORT,1700841940000,1700842200000,4,105.4,,6442450944.0,,,0.5428588221264723,0.5428588221264723,0.0,727.561568,
277,NFCORE_RNASEQ:RNASEQ:BAM_RSEQC:RSEQC_READDUPLICATION,1700842083000,1700842200000,2,60.6,,10159652864.0,,,0.2824519656606168,0.2824519656606168,0.0,727.561568,
284,NFCORE_RNASEQ:RNASEQ:ALIGN_STAR:BAM_SORT_STATS_SAMTOOLS:SAMTOOLS_INDEX,1700842118000,1700842200000,2,13.8,,1073741824.0,,,0.037426310202840554,0.037426310202840554,0.0,727.561568,
240,NFCORE_RNASEQ:RNASEQ:ALIGN_STAR:BAM_SORT_STATS_SAMTOOLS:SAMTOOLS_SORT,1700842137000,1700842200000,4,220.7,,6442450944.0,,,0.5027821731273947,0.5027821731273947,0.0,727.561568,
292,NFCORE_RNASEQ:RNASEQ:ALIGN_STAR:BAM_SORT_STATS_SAMTOOLS:SAMTOOLS_SORT,1700842156000,1700842200000,4,254.4,,6442450944.0,,,0.5136084471502,0.5136084471502,0.0,727.561568,
245,NFCORE_RNASEQ:RNASEQ:DUPRADAR,1700841951000,1700842200000,2,52.9,,1097859072.0,,,0.3027164547577291,0.3027164547577291,0.0,727.561568,
266,NFCORE_RNASEQ:RNASEQ:QUANTIFY_STAR_SALMON:SALMON_QUANT,1700842041000,1700842200000,4,364.8,,7838105600.0,,,1.7007458877211672,1.7007458877211672,0.0,727.561568,
269,NFCORE_RNASEQ:RNASEQ:QUANTIFY_STAR_SALMON:SALMON_QUANT,1700842125000,1700842200000,4,283.9,,7838105600.0,,,1.300010548089134,1.300010548089134,0.0,727.788364,
263,NFCORE_RNASEQ:RNASEQ:BAM_RSEQC:RSEQC_READDUPLICATION,1700841960000,1700842200000,2,29.1,,10159652864.0,,,0.621273561486156,0.621273561486156,0.0,727.788364,
241,NFCORE_RNASEQ:RNASEQ:QUANTIFY_STAR_SALMON:SALMON_QUANT,1700842146000,1700842200000,4,277.4,,7838105600.0,,,1.3904505060715304,1.3904505060715304,0.0,727.788364,
293,NFCORE_RNASEQ:RNASEQ:QUANTIFY_STAR_SALMON:SALMON_QUANT,1700842156000,1700842200000,4,296.2,,7838105600.0,,,1.501292340002807,1.501292340002807,0.0,727.788364,
271,NFCORE_RNASEQ:RNASEQ:BAM_MARKDUPLICATES_PICARD:PICARD_MARKDUPLICATES,1700842042000,1700842200000,1,114.8,,17330864128.0,,,1.3872933845830113,1.3872933845830113,0.0,727.788364,
280,NFCORE_RNASEQ:RNASEQ:BAM_MARKDUPLICATES_PICARD:PICARD_MARKDUPLICATES,1700842135000,1700842200000,1,106.7,,17330864128.0,,,1.4476741649190308,1.4476741649190308,0.0,727.788364,
285,NFCORE_RNASEQ:RNASEQ:BAM_MARKDUPLICATES_PICARD:PICARD_MARKDUPLICATES,1700842121000,1700842200000,1,98.9,,17330864128.0,,,1.4320575416857175,1.4320575416857175,0.0,727.788364,
289,NFCORE_RNASEQ:RNASEQ:BAM_MARKDUPLICATES_PICARD:PICARD_MARKDUPLICATES,1700842125000,1700842200000,1,105.1,,17330864128.0,,,1.460803204079728,1.460803204079728,0.0,727.788364,
243,NFCORE_RNASEQ:RNASEQ:QUALIMAP_RNASEQ,1700841930000,1700842200000,2,108.8,,10797187072.0,,,1.8227940630333936,1.8227940630333936,0.0,727.901762,
157,NFCORE_RNASEQ:RNASEQ:QUANTIFY_SALMON:SALMON_QUANT,1700842167000,1700842200000,4,325.7,,23622320128.0,,,3.8717335172261658,3.8717335172261658,0.0,727.901762,
155,NFCORE_RNASEQ:RNASEQ:QUANTIFY_SALMON:SALMON_QUANT,1700842157000,1700842200000,4,180.2,,23622320128.0,,,4.8351885015938265,4.8351885015938265,0.0,735.9246705,
154,NFCORE_RNASEQ:RNASEQ:QUANTIFY_SALMON:SALMON_QUANT,1700842168000,1700842200000,4,180.9,,23622320128.0,,,4.806553359827938,4.806553359827938,0.0,735.9246705,
153,NFCORE_RNASEQ:RNASEQ:QUANTIFY_SALMON:SALMON_QUANT,1700842156000,1700842200000,4,168.9,,23622320128.0,,,4.886610079993938,4.886610079993938,0.0,735.9246705,
296,NFCORE_RNASEQ:RNASEQ:BEDGRAPH_BEDCLIP_BEDGRAPHTOBIGWIG_FORWARD:UCSC_BEDCLIP,1700842208000,1700842232000,1,25.6,,1073741824.0,,,0.00768305015808,0.00768305015808,0.0,727.561568,
300,NFCORE_RNASEQ:RNASEQ:BEDGRAPH_BEDCLIP_BEDGRAPHTOBIGWIG_FORWARD:UCSC_BEDGRAPHTOBIGWIG,1700842237000,1700842265000,1,82.1,,1073741824.0,,,0.023850655539098885,0.023850655539098885,0.0,727.561568,
297,NFCORE_RNASEQ:RNASEQ:BEDGRAPH_BEDCLIP_BEDGRAPHTOBIGWIG_REVERSE:UCSC_BEDCLIP,1700842210000,1700842296000,1,15.7,,1073741824.0,,,0.019518999010005,0.019518999010005,0.0,727.561568,
307,NFCORE_RNASEQ:RNASEQ:BEDGRAPH_BEDCLIP_BEDGRAPHTOBIGWIG_REVERSE:UCSC_BEDGRAPHTOBIGWIG,1700842298000,1700842322000,1,90.9,,1073741824.0,,,0.022430874716766667,0.022430874716766667,0.0,727.561568,
299,NFCORE_RNASEQ:RNASEQ:ALIGN_STAR:BAM_SORT_STATS_SAMTOOLS:SAMTOOLS_INDEX,1700842228000,1700842354000,2,20.7,,1073741824.0,,,0.034526093164955,0.034526093164955,0.0,727.561568,
305,NFCORE_RNASEQ:RNASEQ:BAM_MARKDUPLICATES_PICARD:SAMTOOLS_INDEX,1700842297000,1700842399000,1,20.5,,1073741824.0,,,0.027757724315644994,0.027757724315644994,0.0,727.561568,
306,NFCORE_RNASEQ:RNASEQ:SUBREAD_FEATURECOUNTS,1700842298000,1700842443000,2,71.4,,1073741824.0,,,0.10891224050281945,0.10891224050281945,0.0,727.561568,
308,NFCORE_RNASEQ:RNASEQ:ALIGN_STAR:BAM_SORT_STATS_SAMTOOLS:SAMTOOLS_INDEX,1700842322000,1700842435000,2,24.6,,1073741824.0,,,0.035110997088007224,0.035110997088007224,0.0,727.561568,
314,NFCORE_RNASEQ:RNASEQ:ALIGN_STAR:BAM_SORT_STATS_SAMTOOLS:SAMTOOLS_INDEX,1700842346000,1700842495000,2,18.3,,1073741824.0,,,0.037463351423294725,0.037463351423294725,0.0,727.561568,
319,NFCORE_RNASEQ:RNASEQ:BAM_RSEQC:RSEQC_INFEREXPERIMENT,1700842405000,1700842498000,5,24.7,,1073741824.0,,,0.028984177124452497,0.028984177124452497,0.0,727.561568,
302,NFCORE_RNASEQ:RNASEQ:STRINGTIE_STRINGTIE,1700842297000,1700842500000,2,102.4,,1333788672.0,,,0.2166537942541607,0.2166537942541607,0.0,727.788364,
312,NFCORE_RNASEQ:RNASEQ:ALIGN_STAR:BAM_SORT_STATS_SAMTOOLS:SAMTOOLS_INDEX,1700842346000,1700842500000,2,40.2,,1073741824.0,,,0.07091549653659153,0.07091549653659153,0.0,727.788364,
317,NFCORE_RNASEQ:RNASEQ:BAM_RSEQC:RSEQC_READDISTRIBUTION,1700842405000,1700842500000,2,102.7,,1734344704.0,,,0.2101914202316151,0.2101914202316151,0.0,727.788364,
322,NFCORE_RNASEQ:RNASEQ:BAM_RSEQC:RSEQC_INNERDISTANCE,1700842406000,1700842500000,2,58.4,,1523580928.0,,,0.13906267390707786,0.13906267390707786,0.0,727.788364,
323,NFCORE_RNASEQ:RNASEQ:MULTIQC_CUSTOM_BIOTYPE,1700842486000,1700842500000,1,0.2,,1073741824.0,,,0.010874195497864446,0.010874195497864446,0.0,727.788364,
318,NFCORE_RNASEQ:RNASEQ:BAM_RSEQC:RSEQC_JUNCTIONANNOTATION,1700842405000,1700842500000,2,42.0,,1073741824.0,,,0.11058907594348055,0.11058907594348055,0.0,727.788364,
301,NFCORE_RNASEQ:RNASEQ:BEDTOOLS_GENOMECOV,1700842298000,1700842500000,2,90.9,,5999951872.0,,,0.4557494498355985,0.4557494498355985,0.0,727.788364,
320,NFCORE_RNASEQ:RNASEQ:BAM_RSEQC:RSEQC_JUNCTIONSATURATION,1700842405000,1700842500000,2,46.2,,2000683008.0,,,0.14856278665757086,0.14856278665757086,0.0,727.788364,
311,NFCORE_RNASEQ:RNASEQ:QUANTIFY_STAR_SALMON:SALMON_QUANT,1700842338000,1700842500000,4,338.5,,7838105600.0,,,1.3064387566389122,1.3064387566389122,0.0,727.788364,
303,NFCORE_RNASEQ:RNASEQ:DUPRADAR,1700842297000,1700842500000,2,59.8,,1097859072.0,,,0.2949347257437195,0.2949347257437195,0.0,727.788364,
321,NFCORE_RNASEQ:RNASEQ:BAM_RSEQC:RSEQC_BAMSTAT,1700842405000,1700842500000,1,23.5,,1073741824.0,,,0.13042208943840106,0.13042208943840106,0.0,727.901762,
316,NFCORE_RNASEQ:RNASEQ:BAM_RSEQC:RSEQC_READDUPLICATION,1700842439000,1700842500000,2,45.7,,10159652864.0,,,0.4862762098834451,0.4862762098834451,0.0,727.901762,
310,NFCORE_RNASEQ:RNASEQ:ALIGN_STAR:BAM_SORT_STATS_SAMTOOLS:SAMTOOLS_SORT,1700842324000,1700842500000,4,70.8,,6442450944.0,,,0.6932516195026526,0.6932516195026526,0.0,727.901762,
313,NFCORE_RNASEQ:RNASEQ:BAM_MARKDUPLICATES_PICARD:PICARD_MARKDUPLICATES,1700842346000,1700842500000,1,96.7,,17330864128.0,,,1.3598142652660485,1.3598142652660485,0.0,727.901762,
149,NFCORE_RNASEQ:RNASEQ:QUANTIFY_SALMON:SALMON_QUANT,1700842281000,1700842500000,4,332.8,,23622320128.0,,,3.3698262307104003,3.3698262307104003,0.0,727.901762,
148,NFCORE_RNASEQ:RNASEQ:QUANTIFY_SALMON:SALMON_QUANT,1700842340000,1700842500000,4,364.6,,23622320128.0,,,3.338736441226499,3.338736441226499,0.0,727.901762,
324,NFCORE_RNASEQ:RNASEQ:ALIGN_STAR:BAM_SORT_STATS_SAMTOOLS:SAMTOOLS_SORT,1700842491000,1700842500000,4,72.7,,6442450944.0,,,0.6311379459286628,0.6311379459286628,0.0,727.901762,
309,NFCORE_RNASEQ:RNASEQ:BAM_MARKDUPLICATES_PICARD:PICARD_MARKDUPLICATES,1700842322000,1700842500000,1,80.0,,17330864128.0,,,1.619920447694828,1.619920447694828,0.0,727.9584609999999,
315,NFCORE_RNASEQ:RNASEQ:BAM_MARKDUPLICATES_PICARD:PICARD_MARKDUPLICATES,1700842468000,1700842500000,1,79.2,,17330864128.0,,,1.6930873902145522,1.6930873902145522,0.0,727.9584609999999,
131,NFCORE_RNASEQ:RNASEQ:QUANTIFY_SALMON:SALMON_QUANT,1700842310000,1700842500000,4,147.3,,23622320128.0,,,3.473208228961327,3.473208228961327,0.0,735.9246705,
139,NFCORE_RNASEQ:RNASEQ:QUANTIFY_SALMON:SALMON_QUANT,1700842267000,1700842500000,4,169.5,,23622320128.0,,,3.9271227386849743,3.9271227386849743,0.0,735.9246705,
142,NFCORE_RNASEQ:RNASEQ:QUANTIFY_SALMON:SALMON_QUANT,1700842468000,1700842500000,4,202.8,,23622320128.0,,,3.9986725090665063,3.9986725090665063,0.0,735.9246705,
304,NFCORE_RNASEQ:RNASEQ:QUALIMAP_RNASEQ,1700842298000,1700842500000,2,82.1,,10797187072.0,,,2.2933328306644407,2.2933328306644407,0.0,739.90777525,
161,NFCORE_RNASEQ:RNASEQ:QUANTIFY_SALMON:SALMON_QUANT,1700842394000,1700842500000,4,194.0,,23622320128.0,,,4.967449704503603,4.967449704503603,0.0,739.90777525,
298,NFCORE_RNASEQ:RNASEQ:BAM_MARKDUPLICATES_PICARD:PICARD_MARKDUPLICATES,1700842229000,1700842500000,1,40.5,,17330864128.0,,,2.825381640840606,2.825381640840606,0.0,739.90777525,
145,NFCORE_RNASEQ:RNASEQ:QUANTIFY_SALMON:SALMON_QUANT,1700842301000,1700842500000,4,111.6,,23622320128.0,,,5.281571234768631,5.281571234768631,0.0,741.8993276250001,
91,NFCORE_RNASEQ:RNASEQ:ALIGN_STAR:STAR_ALIGN_IGENOMES,1700842499000,1700842500000,10,499.6,,42949672960.0,,,15.509116147180949,15.509116147180949,0.0,741.7611238125,
123,NFCORE_RNASEQ:RNASEQ:ALIGN_STAR:STAR_ALIGN_IGENOMES,1700842478000,1700842500000,10,583.4,,42949672960.0,,,19.01899815582112,19.01899815582112,0.0,741.69202190625,
341,NFCORE_RNASEQ:RNASEQ:BEDGRAPH_BEDCLIP_BEDGRAPHTOBIGWIG_REVERSE:UCSC_BEDCLIP,1700842653000,1700842714000,1,11.0,,1073741824.0,,,0.011153887404564586,0.011153887404564586,0.0,728.01516,
339,NFCORE_RNASEQ:RNASEQ:SUBREAD_FEATURECOUNTS,1700842642000,1700842759000,2,78.8,,1073741824.0,,,0.09608821841628751,0.09608821841628751,0.0,728.01516,
345,NFCORE_RNASEQ:RNASEQ:MULTIQC_CUSTOM_BIOTYPE,1700842766000,1700842771000,1,18.0,,1073741824.0,,,0.0012438189565208335,0.0012438189565208335,0.0,728.01516,
340,NFCORE_RNASEQ:RNASEQ:BEDGRAPH_BEDCLIP_BEDGRAPHTOBIGWIG_FORWARD:UCSC_BEDCLIP,1700842653000,1700842787000,1,3.3,,1073741824.0,,,0.014786379713314582,0.014786379713314582,0.0,728.01516,
348,NFCORE_RNASEQ:RNASEQ:BAM_MARKDUPLICATES_PICARD:SAMTOOLS_INDEX,1700842773000,1700842792000,1,100.1,,1073741824.0,,,0.019414792969198964,0.019414792969198964,0.0,728.01516,
355,NFCORE_RNASEQ:RNASEQ:BAM_MARKDUPLICATES_PICARD:SAMTOOLS_INDEX,1700842774000,1700842796000,1,72.7,,1073741824.0,,,0.016804220343418753,0.016804220343418753,0.0,728.01516,
342,NFCORE_RNASEQ:RNASEQ:BEDGRAPH_BEDCLIP_BEDGRAPHTOBIGWIG_REVERSE:UCSC_BEDGRAPHTOBIGWIG,1700842718000,1700842800000,1,21.1,,1073741824.0,,,0.02418199043453438,0.02418199043453438,0.0,728.01516,
364,NFCORE_RNASEQ:RNASEQ:BEDGRAPH_BEDCLIP_BEDGRAPHTOBIGWIG_FORWARD:UCSC_BEDGRAPHTOBIGWIG,1700842794000,1700842800000,1,91.1,,1073741824.0,,,0.021552970966288543,0.021552970966288543,0.0,728.01516,
338,NFCORE_RNASEQ:RNASEQ:BAM_MARKDUPLICATES_PICARD:SAMTOOLS_INDEX,1700842642000,1700842800000,1,8.0,,1073741824.0,,,0.03741371020456667,0.03741371020456667,0.0,728.01516,
357,NFCORE_RNASEQ:RNASEQ:SUBREAD_FEATURECOUNTS,1700842774000,1700842800000,2,75.9,,1073741824.0,,,0.09924499199934898,0.09924499199934898,0.0,728.01516,
349,NFCORE_RNASEQ:RNASEQ:STRINGTIE_STRINGTIE,1700842773000,1700842800000,2,139.3,,1333788672.0,,,0.21998244502438757,0.21998244502438757,0.0,728.01516,
372,NFCORE_RNASEQ:RNASEQ:BAM_RSEQC:RSEQC_BAMSTAT,1700842799000,1700842800000,1,81.2,,1073741824.0,,,0.12489211294338333,0.12489211294338333,0.0,728.01516,
336,NFCORE_RNASEQ:RNASEQ:BEDTOOLS_GENOMECOV,1700842653000,1700842800000,2,96.2,,5999951872.0,,,0.47882503429712236,0.47882503429712236,0.0,728.01516,
367,NFCORE_RNASEQ:RNASEQ:BAM_RSEQC:RSEQC_READDUPLICATION,1700842799000,1700842800000,2,102.7,,10159652864.0,,,0.31766582080712635,0.31766582080712635,0.0,728.01516,
327,NFCORE_RNASEQ:RNASEQ:QUANTIFY_STAR_SALMON:SALMON_QUANT,1700842689000,1700842800000,4,354.5,,7838105600.0,,,1.3630141549303596,1.3630141549303596,0.0,728.01516,
337,NFCORE_RNASEQ:RNASEQ:STRINGTIE_STRINGTIE,1700842642000,1700842800000,2,50.2,,1333788672.0,,,0.21818437397070833,0.21818437397070833,0.0,728.01516,
351,NFCORE_RNASEQ:RNASEQ:SUBREAD_FEATURECOUNTS,1700842773000,1700842800000,2,30.6,,1073741824.0,,,0.09626076812052918,0.09626076812052918,0.0,728.01516,
362,NFCORE_RNASEQ:RNASEQ:BAM_MARKDUPLICATES_PICARD:SAMTOOLS_INDEX,1700842775000,1700842800000,1,7.4,,1073741824.0,,,0.03872762589854167,0.03872762589854167,0.0,728.01516,
366,NFCORE_RNASEQ:RNASEQ:BAM_RSEQC:RSEQC_BAMSTAT,1700842794000,1700842800000,1,45.1,,1073741824.0,,,0.12195395245433129,0.12195395245433129,0.0,728.01516,
356,NFCORE_RNASEQ:RNASEQ:STRINGTIE_STRINGTIE,1700842774000,1700842800000,2,63.8,,1333788672.0,,,0.1950832648636125,0.1950832648636125,0.0,728.01516,
328,NFCORE_RNASEQ:RNASEQ:ALIGN_STAR:BAM_SORT_STATS_SAMTOOLS:SAMTOOLS_SORT,1700842571000,1700842800000,4,141.8,,6442450944.0,,,0.9724260399658188,0.9724260399658188,0.0,728.01516,
330,NFCORE_RNASEQ:RNASEQ:ALIGN_STAR:BAM_SORT_STATS_SAMTOOLS:SAMTOOLS_SORT,1700842570000,1700842800000,4,145.8,,6442450944.0,,,0.9945004833883375,0.9945004833883375,0.0,728.01516,
325,NFCORE_RNASEQ:RNASEQ:QUANTIFY_STAR_SALMON:SALMON_QUANT,1700842610000,1700842800000,4,199.2,,7838105600.0,,,1.310636999971155,1.310636999971155,0.0,728.01516,
326,NFCORE_RNASEQ:RNASEQ:ALIGN_STAR:BAM_SORT_STATS_SAMTOOLS:SAMTOOLS_SORT,1700842600000,1700842800000,4,79.0,,6442450944.0,,,0.6658545714172625,0.6658545714172625,0.0,728.01516,
329,NFCORE_RNASEQ:RNASEQ:QUANTIFY_STAR_SALMON:SALMON_QUANT,1700842527000,1700842800000,4,229.6,,7838105600.0,,,1.6306736128901003,1.6306736128901003,0.0,728.01516,
331,NFCORE_RNASEQ:RNASEQ:QUANTIFY_STAR_SALMON:SALMON_QUANT,1700842586000,1700842800000,4,240.0,,7838105600.0,,,1.5214660541446354,1.5214660541446354,0.0,728.01516,
333,NFCORE_RNASEQ:RNASEQ:QUANTIFY_STAR_SALMON:SALMON_QUANT,1700842638000,1700842800000,4,247.7,,7838105600.0,,,1.4089533144722406,1.4089533144722406,0.0,728.01516,
332,NFCORE_RNASEQ:RNASEQ:ALIGN_STAR:BAM_SORT_STATS_SAMTOOLS:SAMTOOLS_SORT,1700842639000,1700842800000,4,88.4,,6442450944.0,,,0.6317764851173125,0.6317764851173125,0.0,728.01516,
347,NFCORE_RNASEQ:RNASEQ:BEDTOOLS_GENOMECOV,1700842773000,1700842800000,2,77.1,,5999951872.0,,,0.4360198789058245,0.4360198789058245,0.0,728.01516,
350,NFCORE_RNASEQ:RNASEQ:DUPRADAR,1700842774000,1700842800000,2,90.7,,1097859072.0,,,0.33196041743245447,0.33196041743245447,0.0,728.01516,
359,NFCORE_RNASEQ:RNASEQ:STRINGTIE_STRINGTIE,1700842775000,1700842800000,2,52.0,,1333788672.0,,,0.2093680092698917,0.2093680092698917,0.0,728.01516,
335,NFCORE_RNASEQ:RNASEQ:DUPRADAR,1700842642000,1700842800000,2,57.4,,1097859072.0,,,0.3350107946332784,0.3350107946332784,0.0,728.01516,
144,NFCORE_RNASEQ:RNASEQ:QUANTIFY_SALMON:SALMON_QUANT,1700842746000,1700842800000,4,268.2,,23622320128.0,,,3.1804630323345013,3.1804630323345013,0.0,735.95302,
143,NFCORE_RNASEQ:RNASEQ:QUANTIFY_SALMON:SALMON_QUANT,1700842632000,1700842800000,4,207.6,,23622320128.0,,,3.853570650552311,3.853570650552311,0.0,735.95302,
147,NFCORE_RNASEQ:RNASEQ:QUANTIFY_SALMON:SALMON_QUANT,1700842631000,1700842800000,4,214.8,,23622320128.0,,,4.105012183562909,4.105012183562909,0.0,739.92195,
334,NFCORE_RNASEQ:RNASEQ:QUALIMAP_RNASEQ,1700842643000,1700842800000,2,95.2,,10797187072.0,,,2.031326998357262,2.031326998357262,0.0,739.92195,
352,NFCORE_RNASEQ:RNASEQ:DUPRADAR,1700842774000,1700842800000,2,36.2,,1097859072.0,,,0.5421929966641642,0.5421929966641642,0.0,741.906415,
346,NFCORE_RNASEQ:RNASEQ:QUALIMAP_RNASEQ,1700842773000,1700842800000,2,89.0,,10797187072.0,,,2.3034479616406256,2.3034479616406256,0.0,741.906415,
360,NFCORE_RNASEQ:RNASEQ:DUPRADAR,1700842775000,1700842800000,2,34.3,,1097859072.0,,,0.5720543837530029,0.5720543837530029,0.0,741.906415,
124,NFCORE_RNASEQ:RNASEQ:ALIGN_STAR:STAR_ALIGN_IGENOMES,1700842506000,1700842800000,10,502.2,,42949672960.0,,,16.974705313531743,16.974705313531743,0.0,741.69379375,
120,NFCORE_RNASEQ:RNASEQ:ALIGN_STAR:STAR_ALIGN_IGENOMES,1700842730000,1700842800000,10,522.7,,42949672960.0,,,16.945217776777362,16.945217776777362,0.0,741.69379375,
373,NFCORE_RNASEQ:RNASEQ:BAM_RSEQC:RSEQC_INNERDISTANCE,1700842811000,1700842887000,2,106.2,,1523580928.0,,,0.0845485398531073,0.0845485398531073,0.0,728.01516,
386,NFCORE_RNASEQ:RNASEQ:MULTIQC_CUSTOM_BIOTYPE,1700842902000,1700842931000,1,3.1,,1073741824.0,,,0.0031454236244906255,0.0031454236244906255,0.0,728.01516,
381,NFCORE_RNASEQ:RNASEQ:BAM_RSEQC:RSEQC_INFEREXPERIMENT,1700842941000,1700842954000,5,125.0,,1073741824.0,,,0.016331819395152086,0.016331819395152086,0.0,728.01516,
378,NFCORE_RNASEQ:RNASEQ:BAM_RSEQC:RSEQC_READDISTRIBUTION,1700842820000,1700843009000,2,101.5,,1734344704.0,,,0.2048353976270109,0.2048353976270109,0.0,728.01516,
387,NFCORE_RNASEQ:RNASEQ:ALIGN_STAR:BAM_SORT_STATS_SAMTOOLS:SAMTOOLS_INDEX,1700842959000,1700842984000,2,144.8,,1073741824.0,,,0.03606834830020834,0.03606834830020834,0.0,728.01516,
390,NFCORE_RNASEQ:RNASEQ:BAM_MARKDUPLICATES_PICARD:SAMTOOLS_INDEX,1700842973000,1700843036000,1,95.9,,1073741824.0,,,0.0618838480282969,0.0618838480282969,0.0,728.01516,
380,NFCORE_RNASEQ:RNASEQ:BAM_RSEQC:RSEQC_BAMSTAT,1700842889000,1700843041000,1,66.5,,1073741824.0,,,0.10722808900119168,0.10722808900119168,0.0,728.01516,
395,NFCORE_RNASEQ:RNASEQ:BEDGRAPH_BEDCLIP_BEDGRAPHTOBIGWIG_FORWARD:UCSC_BEDCLIP,1700843035000,1700843048000,1,92.1,,1073741824.0,,,0.012304524212351042,0.012304524212351042,0.0,728.01516,
398,NFCORE_RNASEQ:RNASEQ:BAM_RSEQC:RSEQC_INFEREXPERIMENT,1700843039000,1700843052000,5,191.4,,1073741824.0,,,0.02445985587351042,0.02445985587351042,0.0,728.01516,
406,NFCORE_RNASEQ:RNASEQ:MULTIQC_CUSTOM_BIOTYPE,1700843049000,1700843064000,1,2.6,,1073741824.0,,,0.00155632199178125,0.00155632199178125,0.0,728.01516,
396,NFCORE_RNASEQ:RNASEQ:BEDGRAPH_BEDCLIP_BEDGRAPHTOBIGWIG_REVERSE:UCSC_BEDCLIP,1700843039000,1700843074000,1,17.8,,1073741824.0,,,0.008640819517531251,0.008640819517531251,0.0,728.01516,
414,NFCORE_RNASEQ:RNASEQ:BEDGRAPH_BEDCLIP_BEDGRAPHTOBIGWIG_FORWARD:UCSC_BEDGRAPHTOBIGWIG,1700843055000,1700843076000,1,98.6,,1073741824.0,,,0.021161846085493752,0.021161846085493752,0.0,728.01516,
365,NFCORE_RNASEQ:RNASEQ:BAM_RSEQC:RSEQC_INNERDISTANCE,1700842998000,1700843087000,2,87.6,,1523580928.0,,,0.08342326508387007,0.08342326508387007,0.0,728.01516,
394,NFCORE_RNASEQ:RNASEQ:SUBREAD_FEATURECOUNTS,1700842978000,1700843095000,2,72.7,,1073741824.0,,,0.08936789909909064,0.08936789909909064,0.0,728.01516,
379,NFCORE_RNASEQ:RNASEQ:BAM_RSEQC:RSEQC_READDISTRIBUTION,1700842891000,1700843100000,2,85.8,,1734344704.0,,,0.21620475729629224,0.21620475729629224,0.0,728.01516,
382,NFCORE_RNASEQ:RNASEQ:BAM_RSEQC:RSEQC_JUNCTIONSATURATION,1700842933000,1700843100000,2,68.1,,2000683008.0,,,0.14911126880461875,0.14911126880461875,0.0,728.01516,
400,NFCORE_RNASEQ:RNASEQ:BAM_RSEQC:RSEQC_INNERDISTANCE,1700843039000,1700843100000,2,100.2,,1523580928.0,,,0.08447870221827085,0.08447870221827085,0.0,728.01516,
404,NFCORE_RNASEQ:RNASEQ:ALIGN_STAR:BAM_SORT_STATS_SAMTOOLS:SAMTOOLS_INDEX,1700843043000,1700843100000,2,34.1,,1073741824.0,,,0.03082803577451355,0.03082803577451355,0.0,728.01516,
410,NFCORE_RNASEQ:RNASEQ:BAM_RSEQC:RSEQC_INNERDISTANCE,1700843055000,1700843100000,2,97.9,,1523580928.0,,,0.07964314747878674,0.07964314747878674,0.0,728.01516,
415,NFCORE_RNASEQ:RNASEQ:BEDGRAPH_BEDCLIP_BEDGRAPHTOBIGWIG_REVERSE:UCSC_BEDGRAPHTOBIGWIG,1700843077000,1700843100000,1,100.7,,1073741824.0,,,0.043154198215231254,0.043154198215231254,0.0,728.01516,
377,NFCORE_RNASEQ:RNASEQ:BAM_RSEQC:RSEQC_JUNCTIONSATURATION,1700842994000,1700843100000,2,80.9,,2000683008.0,,,0.13914974636844377,0.13914974636844377,0.0,728.01516,
376,NFCORE_RNASEQ:RNASEQ:BAM_RSEQC:RSEQC_JUNCTIONANNOTATION,1700842855000,1700843100000,2,31.8,,1073741824.0,,,0.11853526404222292,0.11853526404222292,0.0,728.01516,
383,NFCORE_RNASEQ:RNASEQ:BAM_RSEQC:RSEQC_INNERDISTANCE,1700842903000,1700843100000,2,27.8,,1523580928.0,,,0.10329388117348438,0.10329388117348438,0.0,728.01516,
384,NFCORE_RNASEQ:RNASEQ:BAM_RSEQC:RSEQC_JUNCTIONANNOTATION,1700842961000,1700843100000,2,46.1,,1073741824.0,,,0.11139871216861774,0.11139871216861774,0.0,728.01516,
399,NFCORE_RNASEQ:RNASEQ:BAM_RSEQC:RSEQC_BAMSTAT,1700843039000,1700843100000,1,71.7,,1073741824.0,,,0.11089856828152814,0.11089856828152814,0.0,728.01516,
385,NFCORE_RNASEQ:RNASEQ:BAM_RSEQC:RSEQC_READDUPLICATION,1700842941000,1700843100000,2,73.5,,10159652864.0,,,0.35188714503774277,0.35188714503774277,0.0,728.01516,
411,NFCORE_RNASEQ:RNASEQ:BAM_RSEQC:RSEQC_JUNCTIONANNOTATION,1700843055000,1700843100000,2,70.9,,1073741824.0,,,0.11576625964507814,0.11576625964507814,0.0,728.01516,
412,NFCORE_RNASEQ:RNASEQ:BAM_RSEQC:RSEQC_BAMSTAT,1700843051000,1700843100000,1,72.9,,1073741824.0,,,0.12174811754307813,0.12174811754307813,0.0,728.01516,
403,NFCORE_RNASEQ:RNASEQ:BAM_RSEQC:RSEQC_READDISTRIBUTION,1700843041000,1700843100000,2,101.9,,1734344704.0,,,0.19467174355114325,0.19467174355114325,0.0,728.01516,
401,NFCORE_RNASEQ:RNASEQ:BAM_RSEQC:RSEQC_JUNCTIONANNOTATION,1700843039000,1700843100000,2,55.3,,1073741824.0,,,0.11699743944951563,0.11699743944951563,0.0,728.01516,
353,NFCORE_RNASEQ:RNASEQ:BEDTOOLS_GENOMECOV,1700843012000,1700843100000,2,98.2,,5999951872.0,,,0.49371632529230475,0.49371632529230475,0.0,728.01516,
368,NFCORE_RNASEQ:RNASEQ:BAM_RSEQC:RSEQC_READDISTRIBUTION,1700843033000,1700843100000,2,70.9,,1734344704.0,,,0.20607345944975783,0.20607345944975783,0.0,728.01516,
370,NFCORE_RNASEQ:RNASEQ:BAM_RSEQC:RSEQC_JUNCTIONANNOTATION,1700843096000,1700843100000,2,54.4,,1073741824.0,,,0.11593641423000002,0.11593641423000002,0.0,728.01516,
374,NFCORE_RNASEQ:RNASEQ:BAM_RSEQC:RSEQC_READDUPLICATION,1700842996000,1700843100000,2,101.7,,10159652864.0,,,0.643801533978691,0.643801533978691,0.0,728.01516,
389,NFCORE_RNASEQ:RNASEQ:STRINGTIE_STRINGTIE,1700842978000,1700843100000,2,82.9,,1333788672.0,,,0.3472334345189636,0.3472334345189636,0.0,728.01516,
402,NFCORE_RNASEQ:RNASEQ:BAM_RSEQC:RSEQC_READDUPLICATION,1700843040000,1700843100000,2,81.9,,10159652864.0,,,0.36662275485703255,0.36662275485703255,0.0,728.01516,
397,NFCORE_RNASEQ:RNASEQ:BAM_RSEQC:RSEQC_JUNCTIONSATURATION,1700843041000,1700843100000,2,72.7,,2000683008.0,,,0.2763112782792667,0.2763112782792667,0.0,728.01516,
408,NFCORE_RNASEQ:RNASEQ:BAM_RSEQC:RSEQC_READDISTRIBUTION,1700843060000,1700843100000,2,80.3,,1734344704.0,,,0.2095464898962484,0.2095464898962484,0.0,728.01516,
392,NFCORE_RNASEQ:RNASEQ:DUPRADAR,1700842975000,1700843100000,2,69.6,,1097859072.0,,,0.3182452550268664,0.3182452550268664,0.0,735.95302,
393,NFCORE_RNASEQ:RNASEQ:BEDTOOLS_GENOMECOV,1700842988000,1700843100000,2,62.3,,5999951872.0,,,0.5178252467116506,0.5178252467116506,0.0,735.95302,
388,NFCORE_RNASEQ:RNASEQ:BAM_MARKDUPLICATES_PICARD:PICARD_MARKDUPLICATES,1700842960000,1700843100000,1,119.2,,17330864128.0,,,1.3709945186860335,1.3709945186860335,0.0,735.95302,
405,NFCORE_RNASEQ:RNASEQ:BAM_MARKDUPLICATES_PICARD:PICARD_MARKDUPLICATES,1700843045000,1700843100000,1,92.4,,17330864128.0,,,1.411046021662861,1.411046021662861,0.0,735.95302,
354,NFCORE_RNASEQ:RNASEQ:QUALIMAP_RNASEQ,1700843022000,1700843100000,2,108.7,,10797187072.0,,,2.00536594749743,2.00536594749743,0.0,741.906415,
391,NFCORE_RNASEQ:RNASEQ:QUALIMAP_RNASEQ,1700842975000,1700843100000,2,103.5,,10797187072.0,,,2.1632403281749752,2.1632403281749752,0.0,741.906415,
416,NFCORE_RNASEQ:RNASEQ:MULTIQC_CUSTOM_BIOTYPE,1700843103000,1700843118000,1,2.5,,1073741824.0,,,0.0015421977393281251,0.0015421977393281251,0.0,728.01516,
409,NFCORE_RNASEQ:RNASEQ:BAM_RSEQC:RSEQC_INFEREXPERIMENT,1700843129000,1700843134000,5,188.4,,1073741824.0,,,0.009266394349895835,0.009266394349895835,0.0,728.01516,
427,NFCORE_RNASEQ:RNASEQ:ALIGN_STAR:BAM_SORT_STATS_SAMTOOLS:SAMTOOLS_INDEX,1700843152000,1700843173000,2,142.5,,1073741824.0,,,0.02984261164318438,0.02984261164318438,0.0,728.01516,
432,NFCORE_RNASEQ:RNASEQ:BEDGRAPH_BEDCLIP_BEDGRAPHTOBIGWIG_FORWARD:UCSC_BEDCLIP,1700843153000,1700843173000,1,89.5,,1073741824.0,,,0.0184403964980625,0.0184403964980625,0.0,728.01516,
431,NFCORE_RNASEQ:RNASEQ:BEDGRAPH_BEDCLIP_BEDGRAPHTOBIGWIG_REVERSE:UCSC_BEDCLIP,1700843153000,1700843174000,1,40.4,,1073741824.0,,,0.009653405186687503,0.009653405186687503,0.0,728.01516,
375,NFCORE_RNASEQ:RNASEQ:BAM_RSEQC:RSEQC_INFEREXPERIMENT,1700843191000,1700843213000,5,158.3,,1073741824.0,,,0.03453674848990209,0.03453674848990209,0.0,728.01516,
371,NFCORE_RNASEQ:RNASEQ:BAM_RSEQC:RSEQC_INFEREXPERIMENT,1700843213000,1700843219000,5,143.6,,1073741824.0,,,0.008588607180275,0.008588607180275,0.0,728.01516,
425,NFCORE_RNASEQ:RNASEQ:BAM_MARKDUPLICATES_PICARD:SAMTOOLS_INDEX,1700843123000,1700843217000,1,19.3,,1073741824.0,,,0.024534452149106253,0.024534452149106253,0.0,728.01516,
433,NFCORE_RNASEQ:RNASEQ:BEDGRAPH_BEDCLIP_BEDGRAPHTOBIGWIG_FORWARD:UCSC_BEDGRAPHTOBIGWIG,1700843180000,1700843220000,1,100.0,,1073741824.0,,,0.040835583683000005,0.040835583683000005,0.0,728.01516,
434,NFCORE_RNASEQ:RNASEQ:BEDGRAPH_BEDCLIP_BEDGRAPHTOBIGWIG_REVERSE:UCSC_BEDGRAPHTOBIGWIG,1700843181000,1700843220000,1,60.7,,1073741824.0,,,0.02538253293432188,0.02538253293432188,0.0,728.01516,
441,NFCORE_RNASEQ:RNASEQ:BAM_RSEQC:RSEQC_INFEREXPERIMENT,1700843223000,1700843229000,5,131.0,,1073741824.0,,,0.007876744856637502,0.007876744856637502,0.0,728.01516,
419,NFCORE_RNASEQ:RNASEQ:ALIGN_STAR:BAM_SORT_STATS_SAMTOOLS:SAMTOOLS_INDEX,1700843137000,1700843234000,2,32.4,,1073741824.0,,,0.037282591640854165,0.037282591640854165,0.0,728.01516,
429,NFCORE_RNASEQ:RNASEQ:ALIGN_STAR:BAM_SORT_STATS_SAMTOOLS:SAMTOOLS_INDEX,1700843153000,1700843234000,2,34.6,,1073741824.0,,,0.03281084699461875,0.03281084699461875,0.0,728.01516,
363,NFCORE_RNASEQ:RNASEQ:SUBREAD_FEATURECOUNTS,1700843118000,1700843244000,2,73.3,,1073741824.0,,,0.09695421519958126,0.09695421519958126,0.0,728.01516,
426,NFCORE_RNASEQ:RNASEQ:SUBREAD_FEATURECOUNTS,1700843127000,1700843276000,2,59.9,,1073741824.0,,,0.0958518852310573,0.0958518852310573,0.0,728.01516,
442,NFCORE_RNASEQ:RNASEQ:BAM_RSEQC:RSEQC_INNERDISTANCE,1700843224000,1700843292000,2,105.5,,1523580928.0,,,0.07520048394160105,0.07520048394160105,0.0,728.01516,
444,NFCORE_RNASEQ:RNASEQ:MULTIQC_CUSTOM_BIOTYPE,1700843247000,1700843304000,1,0.8,,1073741824.0,,,0.0049479247009750005,0.0049479247009750005,0.0,728.01516,
369,NFCORE_RNASEQ:RNASEQ:BAM_RSEQC:RSEQC_JUNCTIONSATURATION,1700843117000,1700843339000,2,58.7,,2000683008.0,,,0.15549690969422503,0.15549690969422503,0.0,728.01516,
417,NFCORE_RNASEQ:RNASEQ:ALIGN_STAR:BAM_SORT_STATS_SAMTOOLS:SAMTOOLS_INDEX,1700843124000,1700843378000,2,11.4,,1073741824.0,,,0.04740073844964584,0.04740073844964584,0.0,728.01516,
424,NFCORE_RNASEQ:RNASEQ:STRINGTIE_STRINGTIE,1700843123000,1700843281000,2,128.0,,1333788672.0,,,0.20599110589457081,0.20599110589457081,0.0,728.01516,
445,NFCORE_RNASEQ:RNASEQ:MULTIQC_CUSTOM_BIOTYPE,1700843326000,1700843384000,1,21.9,,1073741824.0,,,0.016558237165572916,0.016558237165572916,0.0,728.01516,
413,NFCORE_RNASEQ:RNASEQ:BAM_RSEQC:RSEQC_JUNCTIONSATURATION,1700843140000,1700843384000,2,51.8,,2000683008.0,,,0.1550534524042292,0.1550534524042292,0.0,728.01516,
422,NFCORE_RNASEQ:RNASEQ:BEDTOOLS_GENOMECOV,1700843123000,1700843400000,2,106.6,,5999951872.0,,,0.41257074241844843,0.41257074241844843,0.0,735.95302,
454,NFCORE_RNASEQ:RNASEQ:BEDGRAPH_BEDCLIP_BEDGRAPHTOBIGWIG_REVERSE:UCSC_BEDCLIP,1700843375000,1700843400000,1,29.0,,1073741824.0,,,0.012048767012827083,0.012048767012827083,0.0,735.95302,
443,NFCORE_RNASEQ:RNASEQ:BAM_RSEQC:RSEQC_READDUPLICATION,1700843223000,1700843400000,2,102.6,,10159652864.0,,,0.3195446112149711,0.3195446112149711,0.0,735.95302,
438,NFCORE_RNASEQ:RNASEQ:BAM_RSEQC:RSEQC_READDISTRIBUTION,1700843223000,1700843400000,2,83.9,,1734344704.0,,,0.18313450178498525,0.18313450178498525,0.0,735.95302,
452,NFCORE_RNASEQ:RNASEQ:BAM_MARKDUPLICATES_PICARD:SAMTOOLS_INDEX,1700843375000,1700843400000,1,45.0,,1073741824.0,,,0.024396299759449305,0.024396299759449305,0.0,735.95302,
455,NFCORE_RNASEQ:RNASEQ:BEDGRAPH_BEDCLIP_BEDGRAPHTOBIGWIG_FORWARD:UCSC_BEDCLIP,1700843375000,1700843400000,1,24.6,,1073741824.0,,,0.023339596165275697,0.023339596165275697,0.0,735.95302,
407,NFCORE_RNASEQ:RNASEQ:BAM_RSEQC:RSEQC_READDUPLICATION,1700843129000,1700843400000,2,57.2,,10159652864.0,,,0.42165427456434357,0.42165427456434357,0.0,735.95302,
436,NFCORE_RNASEQ:RNASEQ:QUANTIFY_STAR_SALMON:SALMON_QUANT,1700843219000,1700843400000,4,348.9,,7838105600.0,,,1.2087024995150133,1.2087024995150133,0.0,735.95302,
437,NFCORE_RNASEQ:RNASEQ:BAM_RSEQC:RSEQC_JUNCTIONSATURATION,1700843223000,1700843400000,2,53.3,,2000683008.0,,,0.19993789612437846,0.19993789612437846,0.0,735.95302,
448,NFCORE_RNASEQ:RNASEQ:STRINGTIE_STRINGTIE,1700843375000,1700843400000,2,127.1,,1333788672.0,,,0.22958500052009828,0.22958500052009828,0.0,735.95302,
343,NFCORE_RNASEQ:RNASEQ:ALIGN_STAR:BAM_SORT_STATS_SAMTOOLS:SAMTOOLS_SORT,1700843113000,1700843400000,4,130.2,,6442450944.0,,,0.7648232864946187,0.7648232864946187,0.0,735.95302,
439,NFCORE_RNASEQ:RNASEQ:BAM_RSEQC:RSEQC_BAMSTAT,1700843223000,1700843400000,1,54.4,,1073741824.0,,,0.2007990832575,0.2007990832575,0.0,735.95302,
440,NFCORE_RNASEQ:RNASEQ:BAM_RSEQC:RSEQC_JUNCTIONANNOTATION,1700843223000,1700843400000,2,50.5,,1073741824.0,,,0.18833280683859688,0.18833280683859688,0.0,735.95302,
453,NFCORE_RNASEQ:RNASEQ:SUBREAD_FEATURECOUNTS,1700843375000,1700843400000,2,164.3,,1073741824.0,,,0.3048872792672824,0.3048872792672824,0.0,735.95302,
344,NFCORE_RNASEQ:RNASEQ:QUANTIFY_STAR_SALMON:SALMON_QUANT,1700843142000,1700843400000,4,256.0,,7838105600.0,,,1.4279134376387304,1.4279134376387304,0.0,735.95302,
421,NFCORE_RNASEQ:RNASEQ:DUPRADAR,1700843127000,1700843400000,2,55.6,,1097859072.0,,,0.3034356263217193,0.3034356263217193,0.0,735.95302,
450,NFCORE_RNASEQ:RNASEQ:BEDTOOLS_GENOMECOV,1700843375000,1700843400000,2,116.1,,5999951872.0,,,0.4135590965690384,0.4135590965690384,0.0,735.95302,
451,NFCORE_RNASEQ:RNASEQ:DUPRADAR,1700843375000,1700843400000,2,121.3,,1097859072.0,,,0.33680866923870356,0.33680866923870356,0.0,735.95302,
428,NFCORE_RNASEQ:RNASEQ:BAM_MARKDUPLICATES_PICARD:PICARD_MARKDUPLICATES,1700843152000,1700843400000,1,119.0,,17330864128.0,,,1.3554446021648388,1.3554446021648388,0.0,739.92195,
435,NFCORE_RNASEQ:RNASEQ:ALIGN_STAR:BAM_SORT_STATS_SAMTOOLS:SAMTOOLS_SORT,1700843220000,1700843400000,4,119.9,,6442450944.0,,,0.7987583845708265,0.7987583845708265,0.0,739.92195,
358,NFCORE_RNASEQ:RNASEQ:BEDTOOLS_GENOMECOV,1700843105000,1700843400000,2,49.6,,5999951872.0,,,0.5771642932593183,0.5771642932593183,0.0,739.92195,
447,NFCORE_RNASEQ:RNASEQ:QUANTIFY_STAR_SALMON:SALMON_QUANT,1700843375000,1700843400000,4,338.3,,7838105600.0,,,1.490292892398748,1.490292892398748,0.0,739.92195,
446,NFCORE_RNASEQ:RNASEQ:ALIGN_STAR:BAM_SORT_STATS_SAMTOOLS:SAMTOOLS_SORT,1700843374000,1700843400000,4,115.1,,6442450944.0,,,0.8117722570770924,0.8117722570770924,0.0,739.92195,
418,NFCORE_RNASEQ:RNASEQ:BAM_MARKDUPLICATES_PICARD:PICARD_MARKDUPLICATES,1700843121000,1700843400000,1,81.9,,17330864128.0,,,1.7371951401908081,1.7371951401908081,0.0,739.92195,
430,NFCORE_RNASEQ:RNASEQ:BAM_MARKDUPLICATES_PICARD:PICARD_MARKDUPLICATES,1700843153000,1700843400000,1,67.3,,17330864128.0,,,1.7628266484548905,1.7628266484548905,0.0,741.906415,
132,NFCORE_RNASEQ:RNASEQ:QUANTIFY_SALMON:SALMON_QUANT,1700843311000,1700843400000,4,204.3,,23622320128.0,,,2.837390092159419,2.837390092159419,0.0,741.906415,
151,NFCORE_RNASEQ:RNASEQ:QUANTIFY_SALMON:SALMON_QUANT,1700843157000,1700843400000,4,222.6,,23622320128.0,,,3.6444609743293257,3.6444609743293257,0.0,741.906415,
141,NFCORE_RNASEQ:RNASEQ:QUANTIFY_SALMON:SALMON_QUANT,1700843157000,1700843400000,4,212.2,,23622320128.0,,,3.6279947551914566,3.6279947551914566,0.0,741.906415,
140,NFCORE_RNASEQ:RNASEQ:QUANTIFY_SALMON:SALMON_QUANT,1700843126000,1700843400000,4,194.4,,23622320128.0,,,3.6128323598374283,3.6128323598374283,0.0,741.906415,
179,NFCORE_RNASEQ:RNASEQ:QUANTIFY_SALMON:SALMON_QUANT,1700843245000,1700843400000,4,308.1,,23622320128.0,,,4.260821558670247,4.260821558670247,0.0,741.906415,
420,NFCORE_RNASEQ:RNASEQ:BAM_MARKDUPLICATES_PICARD:PICARD_MARKDUPLICATES,1700843137000,1700843400000,1,65.9,,17330864128.0,,,2.0121159440063665,2.0121159440063665,0.0,741.906415,
361,NFCORE_RNASEQ:RNASEQ:QUALIMAP_RNASEQ,1700843128000,1700843400000,2,98.6,,10797187072.0,,,2.1951081050928294,2.1951081050928294,0.0,741.7646675000001,
146,NFCORE_RNASEQ:RNASEQ:QUANTIFY_SALMON:SALMON_QUANT,1700843234000,1700843400000,4,168.5,,23622320128.0,,,4.138317275228663,4.138317275228663,0.0,741.7646675000001,
423,NFCORE_RNASEQ:RNASEQ:QUALIMAP_RNASEQ,1700843128000,1700843400000,2,84.5,,10797187072.0,,,2.251752015266558,2.251752015266558,0.0,741.7646675000001,
449,NFCORE_RNASEQ:RNASEQ:QUALIMAP_RNASEQ,1700843375000,1700843400000,2,101.6,,10797187072.0,,,2.2248473589772155,2.2248473589772155,0.0,741.69379375,
119,NFCORE_RNASEQ:RNASEQ:ALIGN_STAR:STAR_ALIGN_IGENOMES,1700843396000,1700843400000,10,565.6,,42949672960.0,,,16.877427847410843,16.877427847410843,0.0,737.1047184375,
118,NFCORE_RNASEQ:RNASEQ:ALIGN_STAR:STAR_ALIGN_IGENOMES,1700843386000,1700843400000,10,575.4,,42949672960.0,,,18.33927835405586,18.33927835405586,0.0,737.1047184375,
465,NFCORE_RNASEQ:RNASEQ:BAM_RSEQC:RSEQC_INFEREXPERIMENT,1700843426000,1700843451000,5,135.5,,1073741824.0,,,0.03461788550701389,0.03461788550701389,0.0,743.89088,
458,NFCORE_RNASEQ:RNASEQ:BEDGRAPH_BEDCLIP_BEDGRAPHTOBIGWIG_FORWARD:UCSC_BEDCLIP,1700843411000,1700843459000,1,11.1,,1073741824.0,,,0.009014407692933334,0.009014407692933334,0.0,743.89088,
459,NFCORE_RNASEQ:RNASEQ:BEDGRAPH_BEDCLIP_BEDGRAPHTOBIGWIG_REVERSE:UCSC_BEDCLIP,1700843410000,1700843459000,1,12.2,,1073741824.0,,,0.00972080698917222,0.00972080698917222,0.0,743.89088,
468,NFCORE_RNASEQ:RNASEQ:BEDGRAPH_BEDCLIP_BEDGRAPHTOBIGWIG_FORWARD:UCSC_BEDGRAPHTOBIGWIG,1700843456000,1700843497000,1,48.7,,1073741824.0,,,0.02253231915009167,0.02253231915009167,0.0,743.89088,
460,NFCORE_RNASEQ:RNASEQ:BEDGRAPH_BEDCLIP_BEDGRAPHTOBIGWIG_REVERSE:UCSC_BEDGRAPHTOBIGWIG,1700843411000,1700843507000,1,20.3,,1073741824.0,,,0.026526528871733335,0.026526528871733335,0.0,743.89088,
471,NFCORE_RNASEQ:RNASEQ:BEDGRAPH_BEDCLIP_BEDGRAPHTOBIGWIG_REVERSE:UCSC_BEDCLIP,1700843495000,1700843518000,1,53.9,,1073741824.0,,,0.013790813508986111,0.013790813508986111,0.0,743.89088,
463,NFCORE_RNASEQ:RNASEQ:BAM_RSEQC:RSEQC_INNERDISTANCE,1700843425000,1700843529000,2,88.9,,1523580928.0,,,0.10090999894581668,0.10090999894581668,0.0,743.89088,
469,NFCORE_RNASEQ:RNASEQ:BEDGRAPH_BEDCLIP_BEDGRAPHTOBIGWIG_FORWARD:UCSC_BEDGRAPHTOBIGWIG,1700843466000,1700843529000,1,45.1,,1073741824.0,,,0.03244067446147501,0.03244067446147501,0.0,743.89088,
470,NFCORE_RNASEQ:RNASEQ:BEDGRAPH_BEDCLIP_BEDGRAPHTOBIGWIG_REVERSE:UCSC_BEDGRAPHTOBIGWIG,1700843466000,1700843529000,1,41.8,,1073741824.0,,,0.030440363508450006,0.030440363508450006,0.0,743.89088,
472,NFCORE_RNASEQ:RNASEQ:BEDGRAPH_BEDCLIP_BEDGRAPHTOBIGWIG_FORWARD:UCSC_BEDCLIP,1700843495000,1700843529000,1,27.4,,1073741824.0,,,0.011717443689500001,0.011717443689500001,0.0,743.89088,
467,NFCORE_RNASEQ:RNASEQ:BAM_RSEQC:RSEQC_JUNCTIONANNOTATION,1700843426000,1700843556000,2,85.6,,1073741824.0,,,0.11759829971933332,0.11759829971933332,0.0,743.89088,
473,NFCORE_RNASEQ:RNASEQ:BEDGRAPH_BEDCLIP_BEDGRAPHTOBIGWIG_REVERSE:UCSC_BEDGRAPHTOBIGWIG,1700843522000,1700843553000,1,92.4,,1073741824.0,,,0.030070884789944446,0.030070884789944446,0.0,743.89088,
461,NFCORE_RNASEQ:RNASEQ:BAM_RSEQC:RSEQC_BAMSTAT,1700843426000,1700843564000,1,84.0,,1073741824.0,,,0.12271068979213333,0.12271068979213333,0.0,743.89088,
483,NFCORE_RNASEQ:RNASEQ:MULTIQC_CUSTOM_BIOTYPE,1700843569000,1700843571000,1,19.8,,1073741824.0,,,0.0005430145128555555,0.0005430145128555555,0.0,743.89088,
474,NFCORE_RNASEQ:RNASEQ:BAM_MARKDUPLICATES_PICARD:SAMTOOLS_INDEX,1700843532000,1700843610000,1,28.5,,1073741824.0,,,0.02770671950171667,0.02770671950171667,0.0,743.89088,
484,NFCORE_RNASEQ:RNASEQ:BAM_RSEQC:RSEQC_INFEREXPERIMENT,1700843617000,1700843623000,5,89.3,,1073741824.0,,,0.005641211250983334,0.005641211250983334,0.0,743.89088,
464,NFCORE_RNASEQ:RNASEQ:BAM_RSEQC:RSEQC_READDUPLICATION,1700843426000,1700843639000,2,92.0,,10159652864.0,,,0.3517923463768938,0.3517923463768938,0.0,743.89088,
466,NFCORE_RNASEQ:RNASEQ:BAM_RSEQC:RSEQC_JUNCTIONSATURATION,1700843426000,1700843642000,2,57.4,,2000683008.0,,,0.1518918242646,0.1518918242646,0.0,743.89088,
492,NFCORE_RNASEQ:RNASEQ:BEDGRAPH_BEDCLIP_BEDGRAPHTOBIGWIG_REVERSE:UCSC_BEDCLIP,1700843643000,1700843665000,1,99.0,,1073741824.0,,,0.02273767048581111,0.02273767048581111,0.0,743.89088,
491,NFCORE_RNASEQ:RNASEQ:BEDGRAPH_BEDCLIP_BEDGRAPHTOBIGWIG_FORWARD:UCSC_BEDCLIP,1700843643000,1700843665000,1,86.8,,1073741824.0,,,0.020155258461800003,0.020155258461800003,0.0,743.89088,
462,NFCORE_RNASEQ:RNASEQ:BAM_RSEQC:RSEQC_READDISTRIBUTION,1700843426000,1700843695000,2,64.3,,1734344704.0,,,0.2016152632362875,0.2016152632362875,0.0,743.89088,
487,NFCORE_RNASEQ:RNASEQ:BAM_RSEQC:RSEQC_INNERDISTANCE,1700843616000,1700843693000,2,102.2,,1523580928.0,,,0.08456559434137986,0.08456559434137986,0.0,743.89088,
493,NFCORE_RNASEQ:RNASEQ:BEDGRAPH_BEDCLIP_BEDGRAPHTOBIGWIG_REVERSE:UCSC_BEDGRAPHTOBIGWIG,1700843672000,1700843695000,1,99.0,,1073741824.0,,,0.023771200962438892,0.023771200962438892,0.0,743.89088,
494,NFCORE_RNASEQ:RNASEQ:BEDGRAPH_BEDCLIP_BEDGRAPHTOBIGWIG_FORWARD:UCSC_BEDGRAPHTOBIGWIG,1700843674000,1700843700000,1,100.0,,1073741824.0,,,0.03338086342186666,0.03338086342186666,0.0,743.89088,
479,NFCORE_RNASEQ:RNASEQ:SUBREAD_FEATURECOUNTS,1700843532000,1700843700000,2,49.9,,1073741824.0,,,0.09987839277025,0.09987839277025,0.0,743.89088,
476,NFCORE_RNASEQ:RNASEQ:STRINGTIE_STRINGTIE,1700843532000,1700843700000,2,111.3,,1333788672.0,,,0.23429850617833337,0.23429850617833337,0.0,743.89088,
481,NFCORE_RNASEQ:RNASEQ:ALIGN_STAR:BAM_SORT_STATS_SAMTOOLS:SAMTOOLS_INDEX,1700843569000,1700843700000,2,13.1,,1073741824.0,,,0.04223680685963333,0.04223680685963333,0.0,743.89088,
488,NFCORE_RNASEQ:RNASEQ:BAM_RSEQC:RSEQC_JUNCTIONSATURATION,1700843617000,1700843700000,2,76.1,,2000683008.0,,,0.14130000629244444,0.14130000629244444,0.0,743.89088,
475,NFCORE_RNASEQ:RNASEQ:DUPRADAR,1700843532000,1700843700000,2,126.3,,1097859072.0,,,0.3556566415617125,0.3556566415617125,0.0,743.89088,
489,NFCORE_RNASEQ:RNASEQ:BAM_RSEQC:RSEQC_READDUPLICATION,1700843617000,1700843700000,2,100.4,,10159652864.0,,,0.34128829719676046,0.34128829719676046,0.0,743.89088,
485,NFCORE_RNASEQ:RNASEQ:BAM_RSEQC:RSEQC_BAMSTAT,1700843617000,1700843700000,1,45.5,,1073741824.0,,,0.12087572666786946,0.12087572666786946,0.0,743.89088,
486,NFCORE_RNASEQ:RNASEQ:BAM_RSEQC:RSEQC_JUNCTIONANNOTATION,1700843617000,1700843700000,2,44.8,,1073741824.0,,,0.12084259381973333,0.12084259381973333,0.0,743.89088,
490,NFCORE_RNASEQ:RNASEQ:BAM_RSEQC:RSEQC_READDISTRIBUTION,1700843616000,1700843700000,2,77.0,,1734344704.0,,,0.20397598350902502,0.20397598350902502,0.0,743.89088,
480,NFCORE_RNASEQ:RNASEQ:BEDGRAPH_BEDCLIP_BEDGRAPHTOBIGWIG_FORWARD:UCSC_BEDGRAPHTOBIGWIG,1700843547000,1700843700000,1,35.6,,1073741824.0,,,0.1575520589750667,0.1575520589750667,0.0,743.89088,
477,NFCORE_RNASEQ:RNASEQ:BEDTOOLS_GENOMECOV,1700843532000,1700843700000,2,69.9,,5999951872.0,,,0.5198287578901084,0.5198287578901084,0.0,743.89088,
456,NFCORE_RNASEQ:RNASEQ:ALIGN_STAR:BAM_SORT_STATS_SAMTOOLS:SAMTOOLS_SORT,1700843404000,1700843700000,4,91.5,,6442450944.0,,,0.8485197715532251,0.8485197715532251,0.0,743.89088,
457,NFCORE_RNASEQ:RNASEQ:QUANTIFY_STAR_SALMON:SALMON_QUANT,1700843404000,1700843700000,4,227.4,,7838105600.0,,,1.7258987752669317,1.7258987752669317,0.0,743.89088,
150,NFCORE_RNASEQ:RNASEQ:QUANTIFY_SALMON:SALMON_QUANT,1700843493000,1700843700000,4,350.3,,23622320128.0,,,3.2924125076233755,3.2924125076233755,0.0,743.89088,
482,NFCORE_RNASEQ:RNASEQ:BAM_MARKDUPLICATES_PICARD:PICARD_MARKDUPLICATES,1700843568000,1700843700000,1,106.8,,17330864128.0,,,1.61814863672,1.61814863672,0.0,743.89088,
158,NFCORE_RNASEQ:RNASEQ:QUANTIFY_SALMON:SALMON_QUANT,1700843445000,1700843700000,4,221.3,,23622320128.0,,,3.835454403930344,3.835454403930344,0.0,742.7569000000001,
478,NFCORE_RNASEQ:RNASEQ:QUALIMAP_RNASEQ,1700843532000,1700843700000,2,104.7,,10797187072.0,,,2.2983038651031262,2.2983038651031262,0.0,742.18991,
96,NFCORE_RNASEQ:RNASEQ:ALIGN_STAR:STAR_ALIGN_IGENOMES,1700843563000,1700843700000,10,510.3,,42949672960.0,,,13.439428864112022,13.439428864112022,0.0,737.2287475,
509,NFCORE_RNASEQ:RNASEQ:MULTIQC_CUSTOM_BIOTYPE,1700843715000,1700843728000,1,21.6,,1073741824.0,,,0.003754737557711112,0.003754737557711112,0.0,743.89088,
497,NFCORE_RNASEQ:RNASEQ:BAM_MARKDUPLICATES_PICARD:SAMTOOLS_INDEX,1700843716000,1700843749000,1,71.1,,1073741824.0,,,0.025247985793891665,0.025247985793891665,0.0,743.89088,
515,NFCORE_RNASEQ:RNASEQ:BAM_RSEQC:RSEQC_INFEREXPERIMENT,1700843756000,1700843762000,5,94.8,,1073741824.0,,,0.005958720926066667,0.005958720926066667,0.0,743.89088,
511,NFCORE_RNASEQ:RNASEQ:BEDGRAPH_BEDCLIP_BEDGRAPHTOBIGWIG_FORWARD:UCSC_BEDCLIP,1700843735000,1700843776000,1,65.0,,1073741824.0,,,0.02896237114579445,0.02896237114579445,0.0,743.89088,
510,NFCORE_RNASEQ:RNASEQ:BEDGRAPH_BEDCLIP_BEDGRAPHTOBIGWIG_REVERSE:UCSC_BEDCLIP,1700843735000,1700843791000,1,14.3,,1073741824.0,,,0.012240982725844446,0.012240982725844446,0.0,743.89088,
519,NFCORE_RNASEQ:RNASEQ:BEDGRAPH_BEDCLIP_BEDGRAPHTOBIGWIG_FORWARD:UCSC_BEDGRAPHTOBIGWIG,1700843778000,1700843802000,1,90.9,,1073741824.0,,,0.02293431080766667,0.02293431080766667,0.0,743.89088,
520,NFCORE_RNASEQ:RNASEQ:BEDGRAPH_BEDCLIP_BEDGRAPHTOBIGWIG_REVERSE:UCSC_BEDGRAPHTOBIGWIG,1700843793000,1700843823000,1,66.8,,1073741824.0,,,0.021711540173666666,0.021711540173666666,0.0,743.89088,
516,NFCORE_RNASEQ:RNASEQ:BAM_RSEQC:RSEQC_INNERDISTANCE,1700843756000,1700843833000,2,96.7,,1523580928.0,,,0.08049088684447708,0.08049088684447708,0.0,743.89088,
504,NFCORE_RNASEQ:RNASEQ:STRINGTIE_STRINGTIE,1700843715000,1700843879000,2,136.8,,1333788672.0,,,0.2323619102540667,0.2323619102540667,0.0,743.89088,
502,NFCORE_RNASEQ:RNASEQ:BAM_MARKDUPLICATES_PICARD:SAMTOOLS_INDEX,1700843715000,1700843883000,1,12.7,,1073741824.0,,,0.0341366875514,0.0341366875514,0.0,743.89088,
518,NFCORE_RNASEQ:RNASEQ:BAM_RSEQC:RSEQC_BAMSTAT,1700843755000,1700843879000,1,96.5,,1073741824.0,,,0.1251751124571222,0.1251751124571222,0.0,743.89088,
499,NFCORE_RNASEQ:RNASEQ:STRINGTIE_STRINGTIE,1700843716000,1700843884000,2,145.0,,1333788672.0,,,0.25128385962773336,0.25128385962773336,0.0,743.89088,
500,NFCORE_RNASEQ:RNASEQ:SUBREAD_FEATURECOUNTS,1700843715000,1700843895000,2,40.5,,1073741824.0,,,0.08472103492550001,0.08472103492550001,0.0,743.89088,
525,NFCORE_RNASEQ:RNASEQ:BAM_RSEQC:RSEQC_INFEREXPERIMENT,1700843888000,1700843895000,5,201.3,,1073741824.0,,,0.014124673285702778,0.014124673285702778,0.0,743.89088,
530,NFCORE_RNASEQ:RNASEQ:MULTIQC_CUSTOM_BIOTYPE,1700843899000,1700843901000,1,29.1,,1073741824.0,,,0.000721974511538889,0.000721974511538889,0.0,743.89088,
522,NFCORE_RNASEQ:RNASEQ:BAM_RSEQC:RSEQC_INNERDISTANCE,1700843887000,1700843959000,2,103.0,,1523580928.0,,,0.07962852068715,0.07962852068715,0.0,743.89088,
495,NFCORE_RNASEQ:RNASEQ:BEDTOOLS_GENOMECOV,1700843717000,1700843994000,2,116.0,,5999951872.0,,,0.43453595694009306,0.43453595694009306,0.0,743.89088,
507,NFCORE_RNASEQ:RNASEQ:ALIGN_STAR:BAM_SORT_STATS_SAMTOOLS:SAMTOOLS_INDEX,1700843716000,1700844000000,2,21.5,,1073741824.0,,,0.08348050647969445,0.08348050647969445,0.0,743.89088,
528,NFCORE_RNASEQ:RNASEQ:ALIGN_STAR:BAM_SORT_STATS_SAMTOOLS:SAMTOOLS_INDEX,1700843889000,1700843989000,2,46.1,,1073741824.0,,,0.0524552845963889,0.0524552845963889,0.0,743.89088,
536,NFCORE_RNASEQ:RNASEQ:SUBREAD_FEATURECOUNTS,1700843930000,1700843986000,2,161.6,,1073741824.0,,,0.0916068556903111,0.0916068556903111,0.0,743.89088,
517,NFCORE_RNASEQ:RNASEQ:BAM_RSEQC:RSEQC_READDUPLICATION,1700843756000,1700844000000,2,72.1,,10159652864.0,,,0.38547677636288336,0.38547677636288336,0.0,743.89088,
524,NFCORE_RNASEQ:RNASEQ:BAM_RSEQC:RSEQC_JUNCTIONSATURATION,1700843887000,1700844000000,2,100.2,,2000683008.0,,,0.15721546772402503,0.15721546772402503,0.0,743.89088,
521,NFCORE_RNASEQ:RNASEQ:BAM_RSEQC:RSEQC_BAMSTAT,1700843887000,1700844000000,1,102.0,,1073741824.0,,,0.14979769394876666,0.14979769394876666,0.0,743.89088,
527,NFCORE_RNASEQ:RNASEQ:BAM_RSEQC:RSEQC_JUNCTIONANNOTATION,1700843887000,1700844000000,2,102.2,,1073741824.0,,,0.14794038181117225,0.14794038181117225,0.0,743.89088,
535,NFCORE_RNASEQ:RNASEQ:BAM_MARKDUPLICATES_PICARD:SAMTOOLS_INDEX,1700843930000,1700844000000,1,19.9,,1073741824.0,,,0.028881757137583335,0.028881757137583335,0.0,743.89088,
538,NFCORE_RNASEQ:RNASEQ:BAM_MARKDUPLICATES_PICARD:SAMTOOLS_INDEX,1700843960000,1700844000000,1,27.7,,1073741824.0,,,0.027453854718991668,0.027453854718991668,0.0,743.89088,
503,NFCORE_RNASEQ:RNASEQ:BEDTOOLS_GENOMECOV,1700843715000,1700844000000,2,96.3,,5999951872.0,,,0.46340387912793335,0.46340387912793335,0.0,743.89088,
506,NFCORE_RNASEQ:RNASEQ:SUBREAD_FEATURECOUNTS,1700843716000,1700844000000,2,27.3,,1073741824.0,,,0.11306695170619722,0.11306695170619722,0.0,743.89088,
513,NFCORE_RNASEQ:RNASEQ:BAM_RSEQC:RSEQC_READDISTRIBUTION,1700843756000,1700844000000,2,60.5,,1734344704.0,,,0.21673296950162224,0.21673296950162224,0.0,743.89088,
514,NFCORE_RNASEQ:RNASEQ:BAM_RSEQC:RSEQC_JUNCTIONSATURATION,1700843756000,1700844000000,2,39.4,,2000683008.0,,,0.16112480156262224,0.16112480156262224,0.0,743.89088,
526,NFCORE_RNASEQ:RNASEQ:BAM_RSEQC:RSEQC_READDISTRIBUTION,1700843888000,1700844000000,2,101.0,,1734344704.0,,,0.2194190645457264,0.2194190645457264,0.0,743.89088,
534,NFCORE_RNASEQ:RNASEQ:STRINGTIE_STRINGTIE,1700843931000,1700844000000,2,122.3,,1333788672.0,,,0.21075929972670837,0.21075929972670837,0.0,743.89088,
523,NFCORE_RNASEQ:RNASEQ:BAM_RSEQC:RSEQC_READDUPLICATION,1700843887000,1700844000000,2,98.9,,10159652864.0,,,0.38139503354381254,0.38139503354381254,0.0,743.89088,
501,NFCORE_RNASEQ:RNASEQ:DUPRADAR,1700843717000,1700844000000,2,85.1,,1097859072.0,,,0.366955645016866,0.366955645016866,0.0,743.89088,
512,NFCORE_RNASEQ:RNASEQ:BAM_RSEQC:RSEQC_JUNCTIONANNOTATION,1700843756000,1700844000000,2,61.8,,1073741824.0,,,0.27700029649705554,0.27700029649705554,0.0,743.89088,
498,NFCORE_RNASEQ:RNASEQ:DUPRADAR,1700843715000,1700844000000,2,60.9,,1097859072.0,,,0.3103095087626334,0.3103095087626334,0.0,743.89088,
540,NFCORE_RNASEQ:RNASEQ:SUBREAD_FEATURECOUNTS,1700843959000,1700844000000,2,43.2,,1073741824.0,,,0.10677985332422225,0.10677985332422225,0.0,743.89088,
539,NFCORE_RNASEQ:RNASEQ:STRINGTIE_STRINGTIE,1700843959000,1700844000000,2,85.8,,1333788672.0,,,0.23616675712800003,0.23616675712800003,0.0,743.89088,
542,NFCORE_RNASEQ:RNASEQ:DUPRADAR,1700843959000,1700844000000,2,98.9,,1097859072.0,,,0.3630385446063415,0.3630385446063415,0.0,742.7569000000001,
531,NFCORE_RNASEQ:RNASEQ:DUPRADAR,1700843930000,1700844000000,2,81.7,,1097859072.0,,,0.3318871719465503,0.3318871719465503,0.0,742.7569000000001,
508,NFCORE_RNASEQ:RNASEQ:BAM_MARKDUPLICATES_PICARD:PICARD_MARKDUPLICATES,1700843717000,1700844000000,1,97.0,,17330864128.0,,,1.4559973387823146,1.4559973387823146,0.0,742.7569000000001,
532,NFCORE_RNASEQ:RNASEQ:BEDTOOLS_GENOMECOV,1700843930000,1700844000000,2,103.0,,5999951872.0,,,0.6694362991622844,0.6694362991622844,0.0,742.7569000000001,
541,NFCORE_RNASEQ:RNASEQ:BEDTOOLS_GENOMECOV,1700843959000,1700844000000,2,68.1,,5999951872.0,,,0.5412396273223284,0.5412396273223284,0.0,742.7569000000001,
529,NFCORE_RNASEQ:RNASEQ:BAM_MARKDUPLICATES_PICARD:PICARD_MARKDUPLICATES,1700843889000,1700844000000,1,86.7,,17330864128.0,,,2.0865111615620098,2.0865111615620098,0.0,742.18991,
496,NFCORE_RNASEQ:RNASEQ:QUALIMAP_RNASEQ,1700843715000,1700844000000,2,100.9,,10797187072.0,,,1.5783870162595781,1.5783870162595781,0.0,742.7569000000001,
505,NFCORE_RNASEQ:RNASEQ:QUALIMAP_RNASEQ,1700843715000,1700844000000,2,101.0,,10797187072.0,,,2.3645922234833137,2.3645922234833137,0.0,741.906415,
533,NFCORE_RNASEQ:RNASEQ:QUALIMAP_RNASEQ,1700843931000,1700844000000,2,108.2,,10797187072.0,,,2.0795398506848306,2.0795398506848306,0.0,741.906415,
537,NFCORE_RNASEQ:RNASEQ:QUALIMAP_RNASEQ,1700843959000,1700844000000,2,107.4,,10797187072.0,,,2.5519971931992944,2.5519971931992944,0.0,737.2287475,
180,NFCORE_RNASEQ:RNASEQ:ALIGN_STAR:STAR_ALIGN_IGENOMES,1700843717000,1700844000000,10,611.2,,42949672960.0,,,19.601099158225065,19.601099158225065,0.0,735.4214668750001,
547,NFCORE_RNASEQ:RNASEQ:MULTIQC_CUSTOM_BIOTYPE,1700844011000,1700844017000,1,11.2,,1073741824.0,,,0.0011325738648,0.0011325738648,0.0,743.89088,
545,NFCORE_RNASEQ:RNASEQ:BEDGRAPH_BEDCLIP_BEDGRAPHTOBIGWIG_FORWARD:UCSC_BEDCLIP,1700844008000,1700844029000,1,57.6,,1073741824.0,,,0.013339203296533333,0.013339203296533333,0.0,743.89088,
543,NFCORE_RNASEQ:RNASEQ:BEDGRAPH_BEDCLIP_BEDGRAPHTOBIGWIG_REVERSE:UCSC_BEDCLIP,1700844008000,1700844045000,1,29.7,,1073741824.0,,,0.01357012588125278,0.01357012588125278,0.0,743.89088,
546,NFCORE_RNASEQ:RNASEQ:BEDGRAPH_BEDCLIP_BEDGRAPHTOBIGWIG_REVERSE:UCSC_BEDCLIP,1700844009000,1700844045000,1,30.6,,1073741824.0,,,0.013515102494200001,0.013515102494200001,0.0,743.89088,
544,NFCORE_RNASEQ:RNASEQ:BEDGRAPH_BEDCLIP_BEDGRAPHTOBIGWIG_FORWARD:UCSC_BEDCLIP,1700844008000,1700844056000,1,12.4,,1073741824.0,,,0.009614789624000001,0.009614789624000001,0.0,743.89088,
549,NFCORE_RNASEQ:RNASEQ:ALIGN_STAR:BAM_SORT_STATS_SAMTOOLS:SAMTOOLS_INDEX,1700844029000,1700844060000,2,147.8,,1073741824.0,,,0.04659485800170556,0.04659485800170556,0.0,743.89088,
552,NFCORE_RNASEQ:RNASEQ:BAM_RSEQC:RSEQC_INFEREXPERIMENT,1700844040000,1700844063000,5,80.8,,1073741824.0,,,0.019743638841533333,0.019743638841533333,0.0,743.89088,
559,NFCORE_RNASEQ:RNASEQ:BAM_RSEQC:RSEQC_INFEREXPERIMENT,1700844054000,1700844062000,5,172.7,,1073741824.0,,,0.013941083341177777,0.013941083341177777,0.0,743.89088,
569,NFCORE_RNASEQ:RNASEQ:MULTIQC_CUSTOM_BIOTYPE,1700844061000,1700844072000,1,3.8,,1073741824.0,,,0.0012931948869277779,0.0012931948869277779,0.0,743.89088,
568,NFCORE_RNASEQ:RNASEQ:BEDGRAPH_BEDCLIP_BEDGRAPHTOBIGWIG_REVERSE:UCSC_BEDCLIP,1700844061000,1700844073000,1,100.1,,1073741824.0,,,0.012529369589566668,0.012529369589566668,0.0,743.89088,
550,NFCORE_RNASEQ:RNASEQ:BEDGRAPH_BEDCLIP_BEDGRAPHTOBIGWIG_FORWARD:UCSC_BEDGRAPHTOBIGWIG,1700844031000,1700844092000,1,51.1,,1073741824.0,,,0.03493228272199167,0.03493228272199167,0.0,743.89088,
566,NFCORE_RNASEQ:RNASEQ:BEDGRAPH_BEDCLIP_BEDGRAPHTOBIGWIG_REVERSE:UCSC_BEDGRAPHTOBIGWIG,1700844056000,1700844088000,1,90.7,,1073741824.0,,,0.03051750344293334,0.03051750344293334,0.0,743.89088,
570,NFCORE_RNASEQ:RNASEQ:BEDGRAPH_BEDCLIP_BEDGRAPHTOBIGWIG_FORWARD:UCSC_BEDGRAPHTOBIGWIG,1700844062000,1700844100000,1,70.5,,1073741824.0,,,0.028854067865938887,0.028854067865938887,0.0,743.89088,
555,NFCORE_RNASEQ:RNASEQ:BAM_RSEQC:RSEQC_INNERDISTANCE,1700844041000,1700844121000,2,102.7,,1523580928.0,,,0.08824521796950001,0.08824521796950001,0.0,743.89088,
577,NFCORE_RNASEQ:RNASEQ:BEDGRAPH_BEDCLIP_BEDGRAPHTOBIGWIG_REVERSE:UCSC_BEDGRAPHTOBIGWIG,1700844081000,1700844120000,1,54.3,,1073741824.0,,,0.023534518389308333,0.023534518389308333,0.0,743.89088,
565,NFCORE_RNASEQ:RNASEQ:BEDGRAPH_BEDCLIP_BEDGRAPHTOBIGWIG_REVERSE:UCSC_BEDGRAPHTOBIGWIG,1700844057000,1700844150000,1,71.6,,1073741824.0,,,0.07160081450676667,0.07160081450676667,0.0,743.89088,
567,NFCORE_RNASEQ:RNASEQ:BEDGRAPH_BEDCLIP_BEDGRAPHTOBIGWIG_FORWARD:UCSC_BEDCLIP,1700844062000,1700844149000,1,34.2,,1073741824.0,,,0.035674953156016674,0.035674953156016674,0.0,743.89088,
557,NFCORE_RNASEQ:RNASEQ:BAM_RSEQC:RSEQC_BAMSTAT,1700844041000,1700844168000,1,101.2,,1073741824.0,,,0.1339466191141,0.1339466191141,0.0,743.89088,
553,NFCORE_RNASEQ:RNASEQ:BAM_RSEQC:RSEQC_JUNCTIONANNOTATION,1700844040000,1700844174000,2,104.0,,1073741824.0,,,0.14493949242284446,0.14493949242284446,0.0,743.89088,
558,NFCORE_RNASEQ:RNASEQ:BAM_RSEQC:RSEQC_INNERDISTANCE,1700844056000,1700844174000,2,102.4,,1523580928.0,,,0.12982109521719584,0.12982109521719584,0.0,743.89088,
564,NFCORE_RNASEQ:RNASEQ:BAM_RSEQC:RSEQC_BAMSTAT,1700844055000,1700844185000,1,101.7,,1073741824.0,,,0.13773611032386113,0.13773611032386113,0.0,743.89088,
579,NFCORE_RNASEQ:RNASEQ:MULTIQC_CUSTOM_BIOTYPE,1700844181000,1700844186000,1,6.8,,1073741824.0,,,0.0007321384372777778,0.0007321384372777778,0.0,743.89088,
573,NFCORE_RNASEQ:RNASEQ:BAM_MARKDUPLICATES_PICARD:SAMTOOLS_INDEX,1700844066000,1700844228000,1,12.9,,1073741824.0,,,0.03322925691075,0.03322925691075,0.0,743.89088,
572,NFCORE_RNASEQ:RNASEQ:STRINGTIE_STRINGTIE,1700844066000,1700844228000,2,138.7,,1333788672.0,,,0.23248972775474994,0.23248972775474994,0.0,743.89088,
556,NFCORE_RNASEQ:RNASEQ:BAM_RSEQC:RSEQC_READDUPLICATION,1700844041000,1700844230000,2,96.8,,10159652864.0,,,0.32088240175044375,0.32088240175044375,0.0,743.89088,
591,NFCORE_RNASEQ:RNASEQ:BAM_RSEQC:RSEQC_INFEREXPERIMENT,1700844231000,1700844253000,5,77.3,,1073741824.0,,,0.01814436385293889,0.01814436385293889,0.0,743.89088,
562,NFCORE_RNASEQ:RNASEQ:BAM_RSEQC:RSEQC_JUNCTIONANNOTATION,1700844053000,1700844261000,2,96.8,,1073741824.0,,,0.21057153831075553,0.21057153831075553,0.0,743.89088,
576,NFCORE_RNASEQ:RNASEQ:SUBREAD_FEATURECOUNTS,1700844065000,1700844261000,2,98.7,,1073741824.0,,,0.20200622890707778,0.20200622890707778,0.0,743.89088,
599,NFCORE_RNASEQ:RNASEQ:MULTIQC_CUSTOM_BIOTYPE,1700844267000,1700844283000,1,9.5,,1073741824.0,,,0.0027584920284888887,0.0027584920284888887,0.0,743.89088,
578,NFCORE_RNASEQ:RNASEQ:BEDGRAPH_BEDCLIP_BEDGRAPHTOBIGWIG_FORWARD:UCSC_BEDGRAPHTOBIGWIG,1700844154000,1700844286000,1,54.9,,1073741824.0,,,0.08041731623016668,0.08041731623016668,0.0,743.89088,
554,NFCORE_RNASEQ:RNASEQ:BAM_RSEQC:RSEQC_JUNCTIONSATURATION,1700844041000,1700844294000,2,50.0,,2000683008.0,,,0.1598969489657528,0.1598969489657528,0.0,743.89088,
560,NFCORE_RNASEQ:RNASEQ:BAM_RSEQC:RSEQC_JUNCTIONSATURATION,1700844054000,1700844300000,2,54.0,,2000683008.0,,,0.16961960310203433,0.16961960310203433,0.0,742.7569000000001,
592,NFCORE_RNASEQ:RNASEQ:BAM_RSEQC:RSEQC_INNERDISTANCE,1700844231000,1700844300000,2,103.5,,1523580928.0,,,0.08771636717199532,0.08771636717199532,0.0,742.7569000000001,
593,NFCORE_RNASEQ:RNASEQ:BAM_MARKDUPLICATES_PICARD:SAMTOOLS_INDEX,1700844265000,1700844300000,1,50.0,,1073741824.0,,,0.030319583377398613,0.030319583377398613,0.0,742.7569000000001,
551,NFCORE_RNASEQ:RNASEQ:BAM_RSEQC:RSEQC_READDISTRIBUTION,1700844042000,1700844300000,2,61.2,,1734344704.0,,,0.21006975619662188,0.21006975619662188,0.0,742.7569000000001,
563,NFCORE_RNASEQ:RNASEQ:BAM_RSEQC:RSEQC_READDUPLICATION,1700844055000,1700844300000,2,74.8,,10159652864.0,,,0.424843802785649,0.424843802785649,0.0,742.7569000000001,
586,NFCORE_RNASEQ:RNASEQ:BAM_RSEQC:RSEQC_BAMSTAT,1700844231000,1700844300000,1,95.4,,1073741824.0,,,0.10975337469586459,0.10975337469586459,0.0,742.7569000000001,
598,NFCORE_RNASEQ:RNASEQ:SUBREAD_FEATURECOUNTS,1700844265000,1700844300000,2,138.6,,1073741824.0,,,0.10168746299681179,0.10168746299681179,0.0,742.7569000000001,
583,NFCORE_RNASEQ:RNASEQ:STRINGTIE_STRINGTIE,1700844185000,1700844300000,2,144.4,,1333788672.0,,,0.2664128950620056,0.2664128950620056,0.0,742.7569000000001,
584,NFCORE_RNASEQ:RNASEQ:BAM_MARKDUPLICATES_PICARD:SAMTOOLS_INDEX,1700844185000,1700844300000,1,13.1,,1073741824.0,,,0.03805238862863576,0.03805238862863576,0.0,742.7569000000001,
590,NFCORE_RNASEQ:RNASEQ:BAM_RSEQC:RSEQC_JUNCTIONSATURATION,1700844231000,1700844300000,2,95.5,,2000683008.0,,,0.14740490377664583,0.14740490377664583,0.0,742.7569000000001,
585,NFCORE_RNASEQ:RNASEQ:SUBREAD_FEATURECOUNTS,1700844185000,1700844300000,2,46.4,,1073741824.0,,,0.09956703178672222,0.09956703178672222,0.0,742.7569000000001,
594,NFCORE_RNASEQ:RNASEQ:STRINGTIE_STRINGTIE,1700844265000,1700844300000,2,144.4,,1333788672.0,,,0.2318847881296924,0.2318847881296924,0.0,742.7569000000001,
574,NFCORE_RNASEQ:RNASEQ:BEDTOOLS_GENOMECOV,1700844067000,1700844300000,2,83.1,,5999951872.0,,,0.4840035590974108,0.4840035590974108,0.0,742.7569000000001,
587,NFCORE_RNASEQ:RNASEQ:BAM_RSEQC:RSEQC_READDUPLICATION,1700844231000,1700844300000,2,75.1,,10159652864.0,,,0.3981496343332305,0.3981496343332305,0.0,742.7569000000001,
561,NFCORE_RNASEQ:RNASEQ:BAM_RSEQC:RSEQC_READDISTRIBUTION,1700844054000,1700844300000,2,41.4,,1734344704.0,,,0.2536224759725052,0.2536224759725052,0.0,742.7569000000001,
571,NFCORE_RNASEQ:RNASEQ:DUPRADAR,1700844066000,1700844300000,2,59.9,,1097859072.0,,,0.33035421888073646,0.33035421888073646,0.0,742.7569000000001,
588,NFCORE_RNASEQ:RNASEQ:BAM_RSEQC:RSEQC_READDISTRIBUTION,1700844231000,1700844300000,2,58.3,,1734344704.0,,,0.20980247879387343,0.20980247879387343,0.0,742.7569000000001,
581,NFCORE_RNASEQ:RNASEQ:BEDTOOLS_GENOMECOV,1700844185000,1700844300000,2,107.8,,5999951872.0,,,0.6867232650979276,0.6867232650979276,0.0,742.18991,
589,NFCORE_RNASEQ:RNASEQ:BAM_RSEQC:RSEQC_JUNCTIONANNOTATION,1700844231000,1700844300000,2,24.9,,1073741824.0,,,0.13557765390973436,0.13557765390973436,0.0,742.18991,
597,NFCORE_RNASEQ:RNASEQ:BEDTOOLS_GENOMECOV,1700844265000,1700844300000,2,78.0,,5999951872.0,,,0.4894985384004551,0.4894985384004551,0.0,742.18991,
580,NFCORE_RNASEQ:RNASEQ:DUPRADAR,1700844185000,1700844300000,2,65.6,,1097859072.0,,,0.3518868260221973,0.3518868260221973,0.0,742.18991,
596,NFCORE_RNASEQ:RNASEQ:DUPRADAR,1700844265000,1700844300000,2,62.0,,1097859072.0,,,0.33261841912673473,0.33261841912673473,0.0,742.18991,
548,NFCORE_RNASEQ:RNASEQ:BAM_MARKDUPLICATES_PICARD:PICARD_MARKDUPLICATES,1700844029000,1700844300000,1,97.7,,17330864128.0,,,1.935480161812864,1.935480161812864,0.0,742.18991,
595,NFCORE_RNASEQ:RNASEQ:QUALIMAP_RNASEQ,1700844265000,1700844300000,2,108.0,,10797187072.0,,,2.219102429426761,2.219102429426761,0.0,737.2287475,
575,NFCORE_RNASEQ:RNASEQ:QUALIMAP_RNASEQ,1700844065000,1700844300000,2,82.9,,10797187072.0,,,2.4035526620759726,2.4035526620759726,0.0,736.0238937500001,
582,NFCORE_RNASEQ:RNASEQ:QUALIMAP_RNASEQ,1700844185000,1700844300000,2,108.0,,10797187072.0,,,2.640043951010832,2.640043951010832,0.0,736.0238937500001,
90,NFCORE_RNASEQ:RNASEQ:ALIGN_STAR:STAR_ALIGN_IGENOMES,1700844182000,1700844300000,10,613.2,,42949672960.0,,,14.164493732379743,14.164493732379743,0.0,736.0238937500001,
117,NFCORE_RNASEQ:RNASEQ:ALIGN_STAR:STAR_ALIGN_IGENOMES,1700844126000,1700844300000,10,539.1,,42949672960.0,,,14.38059246781235,14.38059246781235,0.0,735.4214668750001,
94,NFCORE_RNASEQ:RNASEQ:ALIGN_STAR:STAR_ALIGN_IGENOMES,1700844137000,1700844300000,10,488.5,,42949672960.0,,,14.082073446879688,14.082073446879688,0.0,735.4214668750001,
105,NFCORE_RNASEQ:RNASEQ:ALIGN_STAR:STAR_ALIGN_IGENOMES,1700844064000,1700844300000,10,561.0,,42949672960.0,,,15.97536248398097,15.97536248398097,0.0,735.4214668750001,
110,NFCORE_RNASEQ:RNASEQ:ALIGN_STAR:STAR_ALIGN_IGENOMES,1700844114000,1700844300000,10,529.7,,42949672960.0,,,15.298011539298944,15.298011539298944,0.0,735.4214668750001,
126,NFCORE_RNASEQ:RNASEQ:ALIGN_STAR:STAR_ALIGN_IGENOMES,1700844180000,1700844300000,10,598.0,,42949672960.0,,,17.740438242873,17.740438242873,0.0,735.1202534375,
603,NFCORE_RNASEQ:RNASEQ:BAM_RSEQC:RSEQC_INFEREXPERIMENT,1700844326000,1700844333000,5,156.7,,1073741824.0,,,0.011086934331353123,0.011086934331353123,0.0,741.62292,
607,NFCORE_RNASEQ:RNASEQ:MULTIQC_CUSTOM_BIOTYPE,1700844354000,1700844368000,1,16.8,,1073741824.0,,,0.0033866416648166667,0.0033866416648166667,0.0,741.62292,
616,NFCORE_RNASEQ:RNASEQ:BAM_RSEQC:RSEQC_INFEREXPERIMENT,1700844375000,1700844379000,5,128.9,,1073741824.0,,,0.005268741581479167,0.005268741581479167,0.0,741.62292,
621,NFCORE_RNASEQ:RNASEQ:MULTIQC_CUSTOM_BIOTYPE,1700844382000,1700844385000,1,16.9,,1073741824.0,,,0.000728586579609375,0.000728586579609375,0.0,741.62292,
600,NFCORE_RNASEQ:RNASEQ:BAM_RSEQC:RSEQC_INNERDISTANCE,1700844326000,1700844404000,2,96.8,,1523580928.0,,,0.08136245592871096,0.08136245592871096,0.0,741.62292,
623,NFCORE_RNASEQ:RNASEQ:BEDGRAPH_BEDCLIP_BEDGRAPHTOBIGWIG_FORWARD:UCSC_BEDCLIP,1700844401000,1700844413000,1,84.0,,1073741824.0,,,0.0106379627683,0.0106379627683,0.0,741.62292,
612,NFCORE_RNASEQ:RNASEQ:BAM_MARKDUPLICATES_PICARD:SAMTOOLS_INDEX,1700844371000,1700844421000,1,61.2,,1073741824.0,,,0.03338976941729167,0.03338976941729167,0.0,741.62292,
626,NFCORE_RNASEQ:RNASEQ:BAM_RSEQC:RSEQC_INFEREXPERIMENT,1700844428000,1700844437000,5,158.7,,1073741824.0,,,0.014427288940659375,0.014427288940659375,0.0,741.62292,
617,NFCORE_RNASEQ:RNASEQ:BAM_RSEQC:RSEQC_INNERDISTANCE,1700844372000,1700844446000,2,104.8,,1523580928.0,,,0.08286858778850782,0.08286858778850782,0.0,741.62292,
622,NFCORE_RNASEQ:RNASEQ:BEDGRAPH_BEDCLIP_BEDGRAPHTOBIGWIG_REVERSE:UCSC_BEDCLIP,1700844402000,1700844446000,1,73.6,,1073741824.0,,,0.034616485829199996,0.034616485829199996,0.0,741.62292,
624,NFCORE_RNASEQ:RNASEQ:BEDGRAPH_BEDCLIP_BEDGRAPHTOBIGWIG_FORWARD:UCSC_BEDGRAPHTOBIGWIG,1700844419000,1700844447000,1,79.0,,1073741824.0,,,0.023479009123324998,0.023479009123324998,0.0,741.62292,
602,NFCORE_RNASEQ:RNASEQ:BAM_RSEQC:RSEQC_JUNCTIONSATURATION,1700844326000,1700844469000,2,97.9,,2000683008.0,,,0.15580449491809584,0.15580449491809584,0.0,741.62292,
639,NFCORE_RNASEQ:RNASEQ:BEDGRAPH_BEDCLIP_BEDGRAPHTOBIGWIG_FORWARD:UCSC_BEDCLIP,1700844461000,1700844480000,1,61.3,,1073741824.0,,,0.012706337504321878,0.012706337504321878,0.0,741.62292,
634,NFCORE_RNASEQ:RNASEQ:BEDGRAPH_BEDCLIP_BEDGRAPHTOBIGWIG_FORWARD:UCSC_BEDCLIP,1700844451000,1700844489000,1,16.1,,1073741824.0,,,0.008937161329702084,0.008937161329702084,0.0,741.62292,
635,NFCORE_RNASEQ:RNASEQ:BEDGRAPH_BEDCLIP_BEDGRAPHTOBIGWIG_REVERSE:UCSC_BEDCLIP,1700844450000,1700844492000,1,14.9,,1073741824.0,,,0.009394469712906252,0.009394469712906252,0.0,741.62292,
638,NFCORE_RNASEQ:RNASEQ:BEDGRAPH_BEDCLIP_BEDGRAPHTOBIGWIG_REVERSE:UCSC_BEDCLIP,1700844461000,1700844492000,1,15.8,,1073741824.0,,,0.007201634942922917,0.007201634942922917,0.0,741.62292,
614,NFCORE_RNASEQ:RNASEQ:BAM_RSEQC:RSEQC_JUNCTIONANNOTATION,1700844371000,1700844494000,2,102.6,,1073741824.0,,,0.13098408821361876,0.13098408821361876,0.0,741.62292,
631,NFCORE_RNASEQ:RNASEQ:BAM_RSEQC:RSEQC_INNERDISTANCE,1700844428000,1700844500000,2,106.8,,1523580928.0,,,0.08201016891515625,0.08201016891515625,0.0,741.62292,
636,NFCORE_RNASEQ:RNASEQ:BEDGRAPH_BEDCLIP_BEDGRAPHTOBIGWIG_REVERSE:UCSC_BEDGRAPHTOBIGWIG,1700844451000,1700844499000,1,36.8,,1073741824.0,,,0.0208198274408,0.0208198274408,0.0,741.62292,
637,NFCORE_RNASEQ:RNASEQ:QUANTIFY_SALMON:SALMON_TX2GENE,1700844461000,1700844499000,1,99.3,,8119123968.0,,,0.059398926204070314,0.059398926204070314,0.0,741.62292,
601,NFCORE_RNASEQ:RNASEQ:BAM_RSEQC:RSEQC_READDISTRIBUTION,1700844327000,1700844519000,2,100.9,,1734344704.0,,,0.21087120701550002,0.21087120701550002,0.0,741.62292,
640,NFCORE_RNASEQ:RNASEQ:BEDGRAPH_BEDCLIP_BEDGRAPHTOBIGWIG_FORWARD:UCSC_BEDGRAPHTOBIGWIG,1700844487000,1700844520000,1,87.1,,1073741824.0,,,0.030235676751946876,0.030235676751946876,0.0,741.62292,
641,NFCORE_RNASEQ:RNASEQ:BEDGRAPH_BEDCLIP_BEDGRAPHTOBIGWIG_FORWARD:UCSC_BEDGRAPHTOBIGWIG,1700844491000,1700844534000,1,100.0,,1073741824.0,,,0.044718780542575005,0.044718780542575005,0.0,741.62292,
642,NFCORE_RNASEQ:RNASEQ:BEDGRAPH_BEDCLIP_BEDGRAPHTOBIGWIG_REVERSE:UCSC_BEDGRAPHTOBIGWIG,1700844496000,1700844534000,1,95.9,,1073741824.0,,,0.03802446202836459,0.03802446202836459,0.0,741.62292,
643,NFCORE_RNASEQ:RNASEQ:BEDGRAPH_BEDCLIP_BEDGRAPHTOBIGWIG_REVERSE:UCSC_BEDGRAPHTOBIGWIG,1700844497000,1700844550000,1,40.8,,1073741824.0,,,0.025022099812841668,0.025022099812841668,0.0,741.62292,
606,NFCORE_RNASEQ:RNASEQ:BAM_RSEQC:RSEQC_JUNCTIONANNOTATION,1700844326000,1700844576000,2,44.8,,1073741824.0,,,0.12762094415000003,0.12762094415000003,0.0,741.62292,
604,NFCORE_RNASEQ:RNASEQ:BAM_RSEQC:RSEQC_READDUPLICATION,1700844326000,1700844590000,2,101.5,,10159652864.0,,,0.45875214019875626,0.45875214019875626,0.0,741.62292,
605,NFCORE_RNASEQ:RNASEQ:BAM_RSEQC:RSEQC_BAMSTAT,1700844327000,1700844563000,1,44.8,,1073741824.0,,,0.12047417127760002,0.12047417127760002,0.0,741.62292,
613,NFCORE_RNASEQ:RNASEQ:SUBREAD_FEATURECOUNTS,1700844370000,1700844576000,2,36.1,,1073741824.0,,,0.08796856831064376,0.08796856831064376,0.0,741.62292,
610,NFCORE_RNASEQ:RNASEQ:DUPRADAR,1700844370000,1700844592000,2,144.4,,1097859072.0,,,0.3258244881376704,0.3258244881376704,0.0,741.62292,
630,NFCORE_RNASEQ:RNASEQ:BAM_RSEQC:RSEQC_JUNCTIONANNOTATION,1700844428000,1700844600000,2,56.6,,1073741824.0,,,0.1153792089418021,0.1153792089418021,0.0,741.62292,
628,NFCORE_RNASEQ:RNASEQ:BAM_RSEQC:RSEQC_BAMSTAT,1700844428000,1700844600000,1,101.9,,1073741824.0,,,0.21269755002148444,0.21269755002148444,0.0,741.62292,
625,NFCORE_RNASEQ:RNASEQ:BAM_RSEQC:RSEQC_JUNCTIONSATURATION,1700844428000,1700844600000,2,103.8,,2000683008.0,,,0.2303732825434219,0.2303732825434219,0.0,741.62292,
620,NFCORE_RNASEQ:RNASEQ:BAM_RSEQC:RSEQC_BAMSTAT,1700844371000,1700844600000,1,62.4,,1073741824.0,,,0.18748845436699998,0.18748845436699998,0.0,741.62292,
627,NFCORE_RNASEQ:RNASEQ:BAM_RSEQC:RSEQC_READDUPLICATION,1700844428000,1700844600000,2,85.6,,10159652864.0,,,0.35032521641554876,0.35032521641554876,0.0,741.62292,
644,NFCORE_RNASEQ:RNASEQ:QUANTIFY_SALMON:SALMON_TXIMPORT,1700844506000,1700844600000,2,68.9,,2239758336.0,,,0.11527957267502398,0.11527957267502398,0.0,741.62292,
615,NFCORE_RNASEQ:RNASEQ:BAM_RSEQC:RSEQC_READDISTRIBUTION,1700844371000,1700844600000,2,68.0,,1734344704.0,,,0.22620177271585257,0.22620177271585257,0.0,741.62292,
611,NFCORE_RNASEQ:RNASEQ:STRINGTIE_STRINGTIE,1700844371000,1700844600000,2,71.4,,1333788672.0,,,0.23791355976465,0.23791355976465,0.0,741.62292,
629,NFCORE_RNASEQ:RNASEQ:BAM_RSEQC:RSEQC_READDISTRIBUTION,1700844428000,1700844600000,2,67.4,,1734344704.0,,,0.2020069461888021,0.2020069461888021,0.0,741.62292,
619,NFCORE_RNASEQ:RNASEQ:BAM_RSEQC:RSEQC_READDUPLICATION,1700844372000,1700844600000,2,67.1,,10159652864.0,,,0.4546957573510836,0.4546957573510836,0.0,741.62292,
618,NFCORE_RNASEQ:RNASEQ:BAM_RSEQC:RSEQC_JUNCTIONSATURATION,1700844371000,1700844600000,2,43.1,,2000683008.0,,,0.184392333180775,0.184392333180775,0.0,741.62292,
633,NFCORE_RNASEQ:RNASEQ:QUANTIFY_STAR_SALMON:SALMON_QUANT,1700844449000,1700844600000,4,305.7,,7838105600.0,,,0.947369272834014,0.947369272834014,0.0,741.62292,
632,NFCORE_RNASEQ:RNASEQ:ALIGN_STAR:BAM_SORT_STATS_SAMTOOLS:SAMTOOLS_SORT,1700844449000,1700844600000,4,133.5,,6442450944.0,,,0.49069275782973126,0.49069275782973126,0.0,741.62292,
608,NFCORE_RNASEQ:RNASEQ:BEDTOOLS_GENOMECOV,1700844371000,1700844600000,2,76.4,,5999951872.0,,,0.45587433747845574,0.45587433747845574,0.0,741.62292,
609,NFCORE_RNASEQ:RNASEQ:QUALIMAP_RNASEQ,1700844370000,1700844600000,2,104.6,,10797187072.0,,,2.0950831600400557,2.0950831600400557,0.0,735.9530199999999,
127,NFCORE_RNASEQ:RNASEQ:ALIGN_STAR:STAR_ALIGN_IGENOMES,1700844543000,1700844600000,10,666.4,,42949672960.0,,,16.114170228556926,16.114170228556926,0.0,735.102535,
645,NFCORE_RNASEQ:RNASEQ:MULTIQC_CUSTOM_BIOTYPE,1700844613000,1700844617000,1,88.6,,1073741824.0,,,0.003722483544075,0.003722483544075,0.0,741.62292,
651,NFCORE_RNASEQ:RNASEQ:BEDGRAPH_BEDCLIP_BEDGRAPHTOBIGWIG_REVERSE:UCSC_BEDCLIP,1700844650000,1700844674000,1,94.8,,1073741824.0,,,0.0237622163759,0.0237622163759,0.0,741.62292,
650,NFCORE_RNASEQ:RNASEQ:BEDGRAPH_BEDCLIP_BEDGRAPHTOBIGWIG_FORWARD:UCSC_BEDCLIP,1700844650000,1700844674000,1,86.6,,1073741824.0,,,0.02187447703495,0.02187447703495,0.0,741.62292,
656,NFCORE_RNASEQ:RNASEQ:QUANTIFY_SALMON:SALMON_SE_GENE_SCALED,1700844651000,1700844678000,2,72.7,,1306525696.0,,,0.021481542422479693,0.021481542422479693,0.0,741.62292,
655,NFCORE_RNASEQ:RNASEQ:QUANTIFY_SALMON:SALMON_SE_GENE,1700844652000,1700844675000,2,117.2,,1240465408.0,,,0.028002408404230995,0.028002408404230995,0.0,741.62292,
653,NFCORE_RNASEQ:RNASEQ:QUANTIFY_SALMON:SALMON_SE_GENE_LENGTH_SCALED,1700844652000,1700844675000,2,113.0,,1308622848.0,,,0.027193703051660422,0.027193703051660422,0.0,741.62292,
654,NFCORE_RNASEQ:RNASEQ:QUANTIFY_SALMON:SALMON_SE_TRANSCRIPT,1700844651000,1700844694000,2,83.3,,1356857344.0,,,0.0387462278659276,0.0387462278659276,0.0,741.62292,
652,NFCORE_RNASEQ:RNASEQ:DESEQ2_QC_SALMON,1700844652000,1700844695000,3,175.8,,1561329664.0,,,0.07756034609564506,0.07756034609564506,0.0,741.62292,
658,NFCORE_RNASEQ:RNASEQ:BEDGRAPH_BEDCLIP_BEDGRAPHTOBIGWIG_FORWARD:UCSC_BEDCLIP,1700844679000,1700844696000,1,51.6,,1073741824.0,,,0.009787079221579167,0.009787079221579167,0.0,741.62292,
657,NFCORE_RNASEQ:RNASEQ:BEDGRAPH_BEDCLIP_BEDGRAPHTOBIGWIG_REVERSE:UCSC_BEDCLIP,1700844679000,1700844695000,1,76.3,,1073741824.0,,,0.013002194835350001,0.013002194835350001,0.0,741.62292,
660,NFCORE_RNASEQ:RNASEQ:BEDGRAPH_BEDCLIP_BEDGRAPHTOBIGWIG_FORWARD:UCSC_BEDGRAPHTOBIGWIG,1700844680000,1700844712000,1,78.5,,1073741824.0,,,0.026679678540633335,0.026679678540633335,0.0,741.62292,
659,NFCORE_RNASEQ:RNASEQ:BEDGRAPH_BEDCLIP_BEDGRAPHTOBIGWIG_REVERSE:UCSC_BEDGRAPHTOBIGWIG,1700844679000,1700844716000,1,80.0,,1073741824.0,,,0.03138074382796667,0.03138074382796667,0.0,741.62292,
662,NFCORE_RNASEQ:RNASEQ:BEDGRAPH_BEDCLIP_BEDGRAPHTOBIGWIG_REVERSE:UCSC_BEDGRAPHTOBIGWIG,1700844705000,1700844727000,1,100.7,,1073741824.0,,,0.02302709553184792,0.02302709553184792,0.0,741.62292,
661,NFCORE_RNASEQ:RNASEQ:BEDGRAPH_BEDCLIP_BEDGRAPHTOBIGWIG_FORWARD:UCSC_BEDGRAPHTOBIGWIG,1700844704000,1700844744000,1,45.9,,1073741824.0,,,0.02084140660770833,0.02084140660770833,0.0,741.62292,
663,NFCORE_RNASEQ:RNASEQ:ALIGN_STAR:BAM_SORT_STATS_SAMTOOLS:SAMTOOLS_INDEX,1700844731000,1700844748000,2,149.2,,1073741824.0,,,0.0257024100879625,0.0257024100879625,0.0,741.62292,
646,NFCORE_RNASEQ:RNASEQ:ALIGN_STAR:BAM_SORT_STATS_SAMTOOLS:SAMTOOLS_SORT,1700844634000,1700844759000,4,395.6,,6442450944.0,,,0.5348987498994793,0.5348987498994793,0.0,741.62292,
665,NFCORE_RNASEQ:RNASEQ:BEDGRAPH_BEDCLIP_BEDGRAPHTOBIGWIG_REVERSE:UCSC_BEDCLIP,1700844760000,1700844772000,1,91.5,,1073741824.0,,,0.011501258198612502,0.011501258198612502,0.0,741.62292,
666,NFCORE_RNASEQ:RNASEQ:BEDGRAPH_BEDCLIP_BEDGRAPHTOBIGWIG_FORWARD:UCSC_BEDCLIP,1700844760000,1700844772000,1,91.4,,1073741824.0,,,0.011489747592875,0.011489747592875,0.0,741.62292,
669,NFCORE_RNASEQ:RNASEQ:BEDGRAPH_BEDCLIP_BEDGRAPHTOBIGWIG_REVERSE:UCSC_BEDGRAPHTOBIGWIG,1700844775000,1700844791000,1,100.3,,1073741824.0,,,0.01668558867135,0.01668558867135,0.0,741.62292,
667,NFCORE_RNASEQ:RNASEQ:ALIGN_STAR:BAM_SORT_STATS_SAMTOOLS:SAMTOOLS_INDEX,1700844765000,1700844795000,2,96.3,,1073741824.0,,,0.03013441818503125,0.03013441818503125,0.0,741.62292,
670,NFCORE_RNASEQ:RNASEQ:BEDGRAPH_BEDCLIP_BEDGRAPHTOBIGWIG_FORWARD:UCSC_BEDGRAPHTOBIGWIG,1700844775000,1700844796000,1,78.1,,1073741824.0,,,0.017427964802128125,0.017427964802128125,0.0,741.62292,
648,NFCORE_RNASEQ:RNASEQ:ALIGN_STAR:BAM_SORT_STATS_SAMTOOLS:SAMTOOLS_SORT,1700844649000,1700844821000,4,286.5,,6442450944.0,,,0.5560216642072375,0.5560216642072375,0.0,741.62292,
673,NFCORE_RNASEQ:RNASEQ:ALIGN_STAR:BAM_SORT_STATS_SAMTOOLS:SAMTOOLS_INDEX,1700844825000,1700844844000,2,144.6,,1073741824.0,,,0.02788786725493958,0.02788786725493958,0.0,741.62292,
678,NFCORE_RNASEQ:RNASEQ:BAM_MARKDUPLICATES_PICARD:SAMTOOLS_INDEX,1700844870000,1700844893000,1,99.4,,1073741824.0,,,0.02378697576609375,0.02378697576609375,0.0,741.62292,
671,NFCORE_RNASEQ:RNASEQ:ALIGN_STAR:BAM_SORT_STATS_SAMTOOLS:SAMTOOLS_SORT,1700844800000,1700844900000,4,312.8,,6442450944.0,,,0.5994128109690333,0.5994128109690333,0.0,741.62292,
680,NFCORE_RNASEQ:RNASEQ:SUBREAD_FEATURECOUNTS,1700844870000,1700844900000,2,145.6,,1073741824.0,,,0.15069221517210002,0.15069221517210002,0.0,741.62292,
649,NFCORE_RNASEQ:RNASEQ:QUANTIFY_STAR_SALMON:SALMON_QUANT,1700844649000,1700844900000,4,363.2,,7838105600.0,,,1.3849453635672346,1.3849453635672346,0.0,741.62292,
647,NFCORE_RNASEQ:RNASEQ:QUANTIFY_STAR_SALMON:SALMON_QUANT,1700844634000,1700844900000,4,350.3,,7838105600.0,,,1.4416148422140744,1.4416148422140744,0.0,741.62292,
676,NFCORE_RNASEQ:RNASEQ:STRINGTIE_STRINGTIE,1700844870000,1700844900000,2,134.8,,1333788672.0,,,0.250800648542625,0.250800648542625,0.0,741.62292,
672,NFCORE_RNASEQ:RNASEQ:QUANTIFY_STAR_SALMON:SALMON_QUANT,1700844800000,1700844900000,4,371.8,,7838105600.0,,,1.2010439419488013,1.2010439419488013,0.0,741.62292,
677,NFCORE_RNASEQ:RNASEQ:DUPRADAR,1700844870000,1700844900000,2,169.8,,1097859072.0,,,0.3679335912932852,0.3679335912932852,0.0,741.62292,
664,NFCORE_RNASEQ:RNASEQ:BAM_MARKDUPLICATES_PICARD:PICARD_MARKDUPLICATES,1700844731000,1700844900000,1,117.2,,17330864128.0,,,1.0924337368762502,1.0924337368762502,0.0,741.62292,
675,NFCORE_RNASEQ:RNASEQ:BEDTOOLS_GENOMECOV,1700844870000,1700844900000,2,107.1,,5999951872.0,,,0.5156768863321165,0.5156768863321165,0.0,737.087,
668,NFCORE_RNASEQ:RNASEQ:BAM_MARKDUPLICATES_PICARD:PICARD_MARKDUPLICATES,1700844765000,1700844900000,1,114.5,,17330864128.0,,,1.4456808770230778,1.4456808770230778,0.0,737.087,
674,NFCORE_RNASEQ:RNASEQ:BAM_MARKDUPLICATES_PICARD:PICARD_MARKDUPLICATES,1700844825000,1700844900000,1,113.7,,17330864128.0,,,1.4558581064932663,1.4558581064932663,0.0,737.087,
679,NFCORE_RNASEQ:RNASEQ:QUALIMAP_RNASEQ,1700844870000,1700844900000,2,109.0,,10797187072.0,,,2.726085272068108,2.726085272068108,0.0,735.102535,
693,NFCORE_RNASEQ:RNASEQ:BAM_RSEQC:RSEQC_INFEREXPERIMENT,1700844909000,1700844914000,5,206.9,,1073741824.0,,,0.010326873841536459,0.010326873841536459,0.0,741.62292,
683,NFCORE_RNASEQ:RNASEQ:BAM_MARKDUPLICATES_PICARD:SAMTOOLS_INDEX,1700844909000,1700844954000,1,60.9,,1073741824.0,,,0.029921298161015627,0.029921298161015627,0.0,741.62292,
700,NFCORE_RNASEQ:RNASEQ:BAM_RSEQC:RSEQC_INFEREXPERIMENT,1700844957000,1700844974000,5,38.3,,1073741824.0,,,0.007618289257205208,0.007618289257205208,0.0,741.62292,
688,NFCORE_RNASEQ:RNASEQ:BAM_RSEQC:RSEQC_INNERDISTANCE,1700844909000,1700844980000,2,105.0,,1523580928.0,,,0.07964525928029088,0.07964525928029088,0.0,741.62292,
703,NFCORE_RNASEQ:RNASEQ:MULTIQC_CUSTOM_BIOTYPE,1700844976000,1700844979000,1,86.7,,1073741824.0,,,0.002737187280803125,0.002737187280803125,0.0,741.62292,
701,NFCORE_RNASEQ:RNASEQ:ALIGN_STAR:BAM_SORT_STATS_SAMTOOLS:SAMTOOLS_INDEX,1700844976000,1700844995000,2,144.7,,1073741824.0,,,0.027906092380690622,0.027906092380690622,0.0,741.62292,
686,NFCORE_RNASEQ:RNASEQ:SUBREAD_FEATURECOUNTS,1700844909000,1700845005000,2,113.7,,1073741824.0,,,0.11245290137870001,0.11245290137870001,0.0,741.62292,
699,NFCORE_RNASEQ:RNASEQ:BAM_RSEQC:RSEQC_INNERDISTANCE,1700844957000,1700845022000,2,106.7,,1523580928.0,,,0.07397460893399349,0.07397460893399349,0.0,741.62292,
704,NFCORE_RNASEQ:RNASEQ:MULTIQC_CUSTOM_BIOTYPE,1700845015000,1700845024000,1,8.5,,1073741824.0,,,0.0014605915773656247,0.0014605915773656247,0.0,741.62292,
687,NFCORE_RNASEQ:RNASEQ:BAM_RSEQC:RSEQC_JUNCTIONANNOTATION,1700844909000,1700845039000,2,97.5,,1073741824.0,,,0.1320788575476771,0.1320788575476771,0.0,741.62292,
690,NFCORE_RNASEQ:RNASEQ:BAM_RSEQC:RSEQC_BAMSTAT,1700844909000,1700845038000,1,102.8,,1073741824.0,,,0.1376210339547125,0.1376210339547125,0.0,741.62292,
691,NFCORE_RNASEQ:RNASEQ:BAM_RSEQC:RSEQC_JUNCTIONSATURATION,1700844909000,1700845062000,2,102.8,,2000683008.0,,,0.17389116507764066,0.17389116507764066,0.0,741.62292,
685,NFCORE_RNASEQ:RNASEQ:STRINGTIE_STRINGTIE,1700844909000,1700845084000,2,138.7,,1333788672.0,,,0.2503806208740885,0.2503806208740885,0.0,741.62292,
697,NFCORE_RNASEQ:RNASEQ:BAM_RSEQC:RSEQC_JUNCTIONANNOTATION,1700844957000,1700845092000,2,100.3,,1073741824.0,,,0.14078465441451563,0.14078465441451563,0.0,741.62292,
698,NFCORE_RNASEQ:RNASEQ:BAM_RSEQC:RSEQC_BAMSTAT,1700844958000,1700845109000,1,94.4,,1073741824.0,,,0.1489245775429167,0.1489245775429167,0.0,741.62292,
694,NFCORE_RNASEQ:RNASEQ:BAM_RSEQC:RSEQC_JUNCTIONSATURATION,1700844957000,1700845129000,2,96.7,,2000683008.0,,,0.1854213864838667,0.1854213864838667,0.0,741.62292,
684,NFCORE_RNASEQ:RNASEQ:DUPRADAR,1700844909000,1700845137000,2,172.6,,1097859072.0,,,0.3963043809261593,0.3963043809261593,0.0,741.62292,
689,NFCORE_RNASEQ:RNASEQ:BAM_RSEQC:RSEQC_READDISTRIBUTION,1700844909000,1700845137000,2,97.5,,1734344704.0,,,0.2429737070244813,0.2429737070244813,0.0,741.62292,
692,NFCORE_RNASEQ:RNASEQ:BAM_RSEQC:RSEQC_READDUPLICATION,1700844910000,1700845154000,2,101.7,,10159652864.0,,,0.42446628815035736,0.42446628815035736,0.0,741.62292,
696,NFCORE_RNASEQ:RNASEQ:BAM_RSEQC:RSEQC_READDISTRIBUTION,1700844957000,1700845184000,2,100.5,,1734344704.0,,,0.2484403016268964,0.2484403016268964,0.0,741.62292,
707,NFCORE_RNASEQ:RNASEQ:BAM_MARKDUPLICATES_PICARD:SAMTOOLS_INDEX,1700845187000,1700845200000,1,79.8,,1073741824.0,,,0.01768759580332986,0.01768759580332986,0.0,737.087,
695,NFCORE_RNASEQ:RNASEQ:BAM_RSEQC:RSEQC_READDUPLICATION,1700844957000,1700845200000,2,101.7,,10159652864.0,,,0.4553750605742003,0.4553750605742003,0.0,737.087,
682,NFCORE_RNASEQ:RNASEQ:BEDTOOLS_GENOMECOV,1700844909000,1700845200000,2,114.5,,5999951872.0,,,0.5182655492830675,0.5182655492830675,0.0,737.087,
710,NFCORE_RNASEQ:RNASEQ:SUBREAD_FEATURECOUNTS,1700845186000,1700845200000,2,131.0,,1073741824.0,,,0.07288238322437013,0.07288238322437013,0.0,737.087,
706,NFCORE_RNASEQ:RNASEQ:DUPRADAR,1700845186000,1700845200000,2,180.2,,1097859072.0,,,0.270437641383589,0.270437641383589,0.0,737.087,
705,NFCORE_RNASEQ:RNASEQ:STRINGTIE_STRINGTIE,1700845186000,1700845200000,2,145.2,,1333788672.0,,,0.17428579809093747,0.17428579809093747,0.0,737.087,
709,NFCORE_RNASEQ:RNASEQ:BEDTOOLS_GENOMECOV,1700845186000,1700845200000,2,115.4,,5999951872.0,,,0.36657824306591485,0.36657824306591485,0.0,737.087,
702,NFCORE_RNASEQ:RNASEQ:BAM_MARKDUPLICATES_PICARD:PICARD_MARKDUPLICATES,1700844976000,1700845200000,1,119.8,,17330864128.0,,,1.368489154775625,1.368489154775625,0.0,735.9530199999999,
708,NFCORE_RNASEQ:RNASEQ:QUALIMAP_RNASEQ,1700845187000,1700845200000,2,109.5,,10797187072.0,,,1.8308932064691508,1.8308932064691508,0.0,735.102535,
681,NFCORE_RNASEQ:RNASEQ:QUALIMAP_RNASEQ,1700844909000,1700845200000,2,105.8,,10797187072.0,,,2.827006148082163,2.827006148082163,0.0,734.9607874999999,
711,NFCORE_RNASEQ:RNASEQ:BAM_RSEQC:RSEQC_INFEREXPERIMENT,1700845216000,1700845222000,5,271.9,,1073741824.0,,,0.01593584751765625,0.01593584751765625,0.0,732.55108,
721,NFCORE_RNASEQ:RNASEQ:BEDGRAPH_BEDCLIP_BEDGRAPHTOBIGWIG_REVERSE:UCSC_BEDCLIP,1700845221000,1700845236000,1,74.9,,1073741824.0,,,0.011841478362838541,0.011841478362838541,0.0,732.55108,
720,NFCORE_RNASEQ:RNASEQ:BEDGRAPH_BEDCLIP_BEDGRAPHTOBIGWIG_FORWARD:UCSC_BEDCLIP,1700845221000,1700845236000,1,75.3,,1073741824.0,,,0.011898327378942707,0.011898327378942707,0.0,732.55108,
724,NFCORE_RNASEQ:RNASEQ:BEDGRAPH_BEDCLIP_BEDGRAPHTOBIGWIG_FORWARD:UCSC_BEDCLIP,1700845246000,1700845257000,1,96.6,,1073741824.0,,,0.010945394156759028,0.010945394156759028,0.0,732.55108,
726,NFCORE_RNASEQ:RNASEQ:MULTIQC_CUSTOM_BIOTYPE,1700845246000,1700845257000,1,12.4,,1073741824.0,,,0.0021698010374791668,0.0021698010374791668,0.0,732.55108,
722,NFCORE_RNASEQ:RNASEQ:BEDGRAPH_BEDCLIP_BEDGRAPHTOBIGWIG_REVERSE:UCSC_BEDGRAPHTOBIGWIG,1700845242000,1700845263000,1,95.4,,1073741824.0,,,0.02065698661344792,0.02065698661344792,0.0,732.55108,
723,NFCORE_RNASEQ:RNASEQ:BEDGRAPH_BEDCLIP_BEDGRAPHTOBIGWIG_FORWARD:UCSC_BEDGRAPHTOBIGWIG,1700845244000,1700845265000,1,94.0,,1073741824.0,,,0.020378426434537498,0.020378426434537498,0.0,732.55108,
725,NFCORE_RNASEQ:RNASEQ:BEDGRAPH_BEDCLIP_BEDGRAPHTOBIGWIG_REVERSE:UCSC_BEDCLIP,1700845246000,1700845263000,1,44.8,,1073741824.0,,,0.008572068554466666,0.008572068554466666,0.0,732.55108,
727,NFCORE_RNASEQ:RNASEQ:BEDGRAPH_BEDCLIP_BEDGRAPHTOBIGWIG_FORWARD:UCSC_BEDGRAPHTOBIGWIG,1700845261000,1700845283000,1,100.0,,1073741824.0,,,0.022599506047616666,0.022599506047616666,0.0,732.55108,
713,NFCORE_RNASEQ:RNASEQ:BAM_RSEQC:RSEQC_BAMSTAT,1700845217000,1700845309000,1,99.8,,1073741824.0,,,0.09433268830731387,0.09433268830731387,0.0,732.55108,
712,NFCORE_RNASEQ:RNASEQ:BAM_RSEQC:RSEQC_INNERDISTANCE,1700845216000,1700845282000,2,106.3,,1523580928.0,,,0.07394373463047656,0.07394373463047656,0.0,732.55108,
715,NFCORE_RNASEQ:RNASEQ:BAM_RSEQC:RSEQC_JUNCTIONANNOTATION,1700845216000,1700845314000,2,92.9,,1073741824.0,,,0.09407793603850348,0.09407793603850348,0.0,732.55108,
714,NFCORE_RNASEQ:RNASEQ:BAM_RSEQC:RSEQC_JUNCTIONSATURATION,1700845216000,1700845319000,2,104.1,,2000683008.0,,,0.1169006921149104,0.1169006921149104,0.0,732.55108,
718,NFCORE_RNASEQ:RNASEQ:ALIGN_STAR:BAM_SORT_STATS_SAMTOOLS:SAMTOOLS_SORT,1700845217000,1700845348000,4,302.8,,6442450944.0,,,0.4385330304337263,0.4385330304337263,0.0,732.55108,
728,NFCORE_RNASEQ:RNASEQ:BEDGRAPH_BEDCLIP_BEDGRAPHTOBIGWIG_REVERSE:UCSC_BEDGRAPHTOBIGWIG,1700845338000,1700845365000,1,81.3,,1073741824.0,,,0.022951912716909374,0.022951912716909374,0.0,732.55108,
716,NFCORE_RNASEQ:RNASEQ:BAM_RSEQC:RSEQC_READDISTRIBUTION,1700845216000,1700845371000,2,102.3,,1734344704.0,,,0.1702082275406241,0.1702082275406241,0.0,732.55108,
717,NFCORE_RNASEQ:RNASEQ:BAM_RSEQC:RSEQC_READDUPLICATION,1700845217000,1700845383000,2,101.4,,10159652864.0,,,0.28477196724922826,0.28477196724922826,0.0,732.55108,
731,NFCORE_RNASEQ:RNASEQ:ALIGN_STAR:BAM_SORT_STATS_SAMTOOLS:SAMTOOLS_INDEX,1700845354000,1700845388000,2,77.9,,1073741824.0,,,0.027807117562871537,0.027807117562871537,0.0,732.55108,
733,NFCORE_RNASEQ:RNASEQ:BAM_MARKDUPLICATES_PICARD:SAMTOOLS_INDEX,1700845373000,1700845404000,1,68.3,,1073741824.0,,,0.022533837167380902,0.022533837167380902,0.0,732.55108,
743,NFCORE_RNASEQ:RNASEQ:BAM_RSEQC:RSEQC_INFEREXPERIMENT,1700845410000,1700845414000,5,259.9,,1073741824.0,,,0.010169106216270834,0.010169106216270834,0.0,732.55108,
738,NFCORE_RNASEQ:RNASEQ:SUBREAD_FEATURECOUNTS,1700845374000,1700845434000,2,134.3,,1073741824.0,,,0.08113422901722918,0.08113422901722918,0.0,732.55108,
747,NFCORE_RNASEQ:RNASEQ:BEDGRAPH_BEDCLIP_BEDGRAPHTOBIGWIG_FORWARD:UCSC_BEDCLIP,1700845430000,1700845436000,1,97.6,,1073741824.0,,,0.0060270640106999986,0.0060270640106999986,0.0,732.55108,
746,NFCORE_RNASEQ:RNASEQ:BEDGRAPH_BEDCLIP_BEDGRAPHTOBIGWIG_REVERSE:UCSC_BEDCLIP,1700845430000,1700845445000,1,32.7,,1073741824.0,,,0.005843907163848958,0.005843907163848958,0.0,732.55108,
754,NFCORE_RNASEQ:RNASEQ:MULTIQC_CUSTOM_BIOTYPE,1700845440000,1700845445000,1,14.4,,1073741824.0,,,0.0010810215590277778,0.0010810215590277778,0.0,732.55108,
755,NFCORE_RNASEQ:RNASEQ:BEDGRAPH_BEDCLIP_BEDGRAPHTOBIGWIG_FORWARD:UCSC_BEDGRAPHTOBIGWIG,1700845440000,1700845458000,1,93.1,,1073741824.0,,,0.01731373031469375,0.01731373031469375,0.0,732.55108,
756,NFCORE_RNASEQ:RNASEQ:BEDGRAPH_BEDCLIP_BEDGRAPHTOBIGWIG_REVERSE:UCSC_BEDGRAPHTOBIGWIG,1700845453000,1700845478000,1,92.6,,1073741824.0,,,0.023928412209079857,0.023928412209079857,0.0,732.55108,
729,NFCORE_RNASEQ:RNASEQ:ALIGN_STAR:BAM_SORT_STATS_SAMTOOLS:SAMTOOLS_SORT,1700845349000,1700845482000,4,400.9,,6442450944.0,,,0.5688492191730226,0.5688492191730226,0.0,732.55108,
742,NFCORE_RNASEQ:RNASEQ:BAM_RSEQC:RSEQC_INNERDISTANCE,1700845409000,1700845482000,2,107.9,,1523580928.0,,,0.0828929127865973,0.0828929127865973,0.0,732.55108,
719,NFCORE_RNASEQ:RNASEQ:QUANTIFY_STAR_SALMON:SALMON_QUANT,1700845217000,1700845494000,4,384.4,,7838105600.0,,,1.170161043611586,1.170161043611586,0.0,732.55108,
753,NFCORE_RNASEQ:RNASEQ:SUBREAD_FEATURECOUNTS,1700845439000,1700845498000,2,144.5,,1073741824.0,,,0.08548394818218993,0.08548394818218993,0.0,732.55108,
750,NFCORE_RNASEQ:RNASEQ:BAM_MARKDUPLICATES_PICARD:SAMTOOLS_INDEX,1700845439000,1700845500000,1,37.3,,1073741824.0,,,0.028596457278478128,0.028596457278478128,0.0,733.68506,
759,NFCORE_RNASEQ:RNASEQ:ALIGN_STAR:BAM_SORT_STATS_SAMTOOLS:SAMTOOLS_INDEX,1700845489000,1700845500000,2,147.0,,1073741824.0,,,0.029492382648609032,0.029492382648609032,0.0,733.68506,
734,NFCORE_RNASEQ:RNASEQ:STRINGTIE_STRINGTIE,1700845374000,1700845500000,2,140.9,,1333788672.0,,,0.2080273442870688,0.2080273442870688,0.0,733.68506,
744,NFCORE_RNASEQ:RNASEQ:BAM_RSEQC:RSEQC_BAMSTAT,1700845409000,1700845500000,1,102.0,,1073741824.0,,,0.12144016907155138,0.12144016907155138,0.0,733.68506,
741,NFCORE_RNASEQ:RNASEQ:BAM_RSEQC:RSEQC_JUNCTIONSATURATION,1700845409000,1700845500000,2,103.4,,2000683008.0,,,0.15134586650271703,0.15134586650271703,0.0,733.68506,
745,NFCORE_RNASEQ:RNASEQ:BAM_RSEQC:RSEQC_JUNCTIONANNOTATION,1700845409000,1700845500000,2,82.7,,1073741824.0,,,0.12532799845598508,0.12532799845598508,0.0,733.68506,
735,NFCORE_RNASEQ:RNASEQ:DUPRADAR,1700845374000,1700845500000,2,141.3,,1097859072.0,,,0.3271384335986204,0.3271384335986204,0.0,733.68506,
740,NFCORE_RNASEQ:RNASEQ:BAM_RSEQC:RSEQC_READDISTRIBUTION,1700845409000,1700845500000,2,102.3,,1734344704.0,,,0.21338498754793317,0.21338498754793317,0.0,733.68506,
748,NFCORE_RNASEQ:RNASEQ:STRINGTIE_STRINGTIE,1700845439000,1700845500000,2,122.4,,1333788672.0,,,0.21189625914103544,0.21189625914103544,0.0,733.68506,
739,NFCORE_RNASEQ:RNASEQ:BAM_RSEQC:RSEQC_READDUPLICATION,1700845410000,1700845500000,2,100.9,,10159652864.0,,,0.3650425693044922,0.3650425693044922,0.0,733.68506,
730,NFCORE_RNASEQ:RNASEQ:QUANTIFY_STAR_SALMON:SALMON_QUANT,1700845349000,1700845500000,4,392.9,,7838105600.0,,,1.245968139572342,1.245968139572342,0.0,733.68506,
749,NFCORE_RNASEQ:RNASEQ:DUPRADAR,1700845439000,1700845500000,2,153.1,,1097859072.0,,,0.33782847342882805,0.33782847342882805,0.0,733.68506,
757,NFCORE_RNASEQ:RNASEQ:ALIGN_STAR:BAM_SORT_STATS_SAMTOOLS:SAMTOOLS_SORT,1700845488000,1700845500000,4,281.5,,6442450944.0,,,0.5647186305001334,0.5647186305001334,0.0,733.68506,
736,NFCORE_RNASEQ:RNASEQ:BEDTOOLS_GENOMECOV,1700845374000,1700845500000,2,115.0,,5999951872.0,,,0.4598870729191406,0.4598870729191406,0.0,733.68506,
758,NFCORE_RNASEQ:RNASEQ:QUANTIFY_STAR_SALMON:SALMON_QUANT,1700845488000,1700845500000,4,381.1,,7838105600.0,,,1.1607341662022075,1.1607341662022075,0.0,733.68506,
752,NFCORE_RNASEQ:RNASEQ:BEDTOOLS_GENOMECOV,1700845439000,1700845500000,2,114.8,,5999951872.0,,,0.6749741045981292,0.6749741045981292,0.0,734.25205,
732,NFCORE_RNASEQ:RNASEQ:BAM_MARKDUPLICATES_PICARD:PICARD_MARKDUPLICATES,1700845354000,1700845500000,1,111.4,,17330864128.0,,,1.3432750785274208,1.3432750785274208,0.0,734.25205,
760,NFCORE_RNASEQ:RNASEQ:BAM_MARKDUPLICATES_PICARD:PICARD_MARKDUPLICATES,1700845488000,1700845500000,1,117.4,,17330864128.0,,,1.482782706975775,1.482782706975775,0.0,734.535545,
737,NFCORE_RNASEQ:RNASEQ:QUALIMAP_RNASEQ,1700845374000,1700845500000,2,107.4,,10797187072.0,,,2.370404229383008,2.370404229383008,0.0,734.6772925,
751,NFCORE_RNASEQ:RNASEQ:QUALIMAP_RNASEQ,1700845439000,1700845500000,2,106.3,,10797187072.0,,,2.3989342025805493,2.3989342025805493,0.0,734.7481662499999,
761,NFCORE_RNASEQ:RNASEQ:MULTIQC_CUSTOM_BIOTYPE,1700845503000,1700845506000,1,23.2,,1073741824.0,,,0.0009015311097,0.0009015311097,0.0,734.81904,
768,NFCORE_RNASEQ:RNASEQ:BAM_RSEQC:RSEQC_INFEREXPERIMENT,1700845509000,1700845519000,5,291.3,,1073741824.0,,,0.028485783133875,0.028485783133875,0.0,734.81904,
769,NFCORE_RNASEQ:RNASEQ:BAM_MARKDUPLICATES_PICARD:SAMTOOLS_INDEX,1700845544000,1700845569000,1,91.5,,1073741824.0,,,0.0237411293090625,0.0237411293090625,0.0,734.81904,
767,NFCORE_RNASEQ:RNASEQ:BAM_RSEQC:RSEQC_INNERDISTANCE,1700845509000,1700845574000,2,105.9,,1523580928.0,,,0.07280172596348437,0.07280172596348437,0.0,734.81904,
775,NFCORE_RNASEQ:RNASEQ:BAM_RSEQC:RSEQC_INFEREXPERIMENT,1700845572000,1700845581000,5,252.8,,1073741824.0,,,0.022344009958800003,0.022344009958800003,0.0,734.81904,
774,NFCORE_RNASEQ:RNASEQ:SUBREAD_FEATURECOUNTS,1700845544000,1700845598000,2,150.3,,1073741824.0,,,0.081458479494675,0.081458479494675,0.0,734.81904,
782,NFCORE_RNASEQ:RNASEQ:MULTIQC_CUSTOM_BIOTYPE,1700845604000,1700845607000,1,10.5,,1073741824.0,,,0.0005394222374625,0.0005394222374625,0.0,734.81904,
762,NFCORE_RNASEQ:RNASEQ:BAM_RSEQC:RSEQC_JUNCTIONANNOTATION,1700845509000,1700845622000,2,102.2,,1073741824.0,,,0.118801396272825,0.118801396272825,0.0,734.81904,
763,NFCORE_RNASEQ:RNASEQ:BAM_RSEQC:RSEQC_BAMSTAT,1700845508000,1700845624000,1,101.5,,1073741824.0,,,0.12118367704905,0.12118367704905,0.0,734.81904,
781,NFCORE_RNASEQ:RNASEQ:BAM_RSEQC:RSEQC_INNERDISTANCE,1700845572000,1700845639000,2,106.1,,1523580928.0,,,0.07516913494637813,0.07516913494637813,0.0,734.81904,
764,NFCORE_RNASEQ:RNASEQ:BAM_RSEQC:RSEQC_JUNCTIONSATURATION,1700845509000,1700845674000,2,84.6,,2000683008.0,,,0.15726820984256246,0.15726820984256246,0.0,734.81904,
779,NFCORE_RNASEQ:RNASEQ:BAM_RSEQC:RSEQC_JUNCTIONANNOTATION,1700845572000,1700845680000,2,103.4,,1073741824.0,,,0.11477643773849999,0.11477643773849999,0.0,734.81904,
780,NFCORE_RNASEQ:RNASEQ:BAM_RSEQC:RSEQC_BAMSTAT,1700845572000,1700845683000,1,102.0,,1073741824.0,,,0.11648772412154998,0.11648772412154998,0.0,734.81904,
786,NFCORE_RNASEQ:RNASEQ:BEDGRAPH_BEDCLIP_BEDGRAPHTOBIGWIG_FORWARD:UCSC_BEDCLIP,1700845679000,1700845688000,1,96.3,,1073741824.0,,,0.0089573866898625,0.0089573866898625,0.0,734.81904,
785,NFCORE_RNASEQ:RNASEQ:BEDGRAPH_BEDCLIP_BEDGRAPHTOBIGWIG_REVERSE:UCSC_BEDCLIP,1700845679000,1700845688000,1,100.1,,1073741824.0,,,0.009282429299587499,0.009282429299587499,0.0,734.81904,
771,NFCORE_RNASEQ:RNASEQ:STRINGTIE_STRINGTIE,1700845544000,1700845695000,2,132.8,,1333788672.0,,,0.205593399027675,0.205593399027675,0.0,734.81904,
765,NFCORE_RNASEQ:RNASEQ:BAM_RSEQC:RSEQC_READDISTRIBUTION,1700845509000,1700845706000,2,101.7,,1734344704.0,,,0.21587552347876876,0.21587552347876876,0.0,734.81904,
783,NFCORE_RNASEQ:RNASEQ:ALIGN_STAR:BAM_SORT_STATS_SAMTOOLS:SAMTOOLS_INDEX,1700845674000,1700845713000,2,92.2,,1073741824.0,,,0.037295625559725,0.037295625559725,0.0,734.81904,
787,NFCORE_RNASEQ:RNASEQ:BEDGRAPH_BEDCLIP_BEDGRAPHTOBIGWIG_FORWARD:UCSC_BEDGRAPHTOBIGWIG,1700845694000,1700845714000,1,98.3,,1073741824.0,,,0.020285470550249998,0.020285470550249998,0.0,734.81904,
788,NFCORE_RNASEQ:RNASEQ:BEDGRAPH_BEDCLIP_BEDGRAPHTOBIGWIG_REVERSE:UCSC_BEDGRAPHTOBIGWIG,1700845694000,1700845717000,1,84.7,,1073741824.0,,,0.020355386795887505,0.020355386795887505,0.0,734.81904,
766,NFCORE_RNASEQ:RNASEQ:BAM_RSEQC:RSEQC_READDUPLICATION,1700845508000,1700845720000,2,102.4,,10159652864.0,,,0.36682552384368744,0.36682552384368744,0.0,734.81904,
772,NFCORE_RNASEQ:RNASEQ:DUPRADAR,1700845544000,1700845730000,2,169.6,,1097859072.0,,,0.3150315518531062,0.3150315518531062,0.0,734.81904,
776,NFCORE_RNASEQ:RNASEQ:BAM_RSEQC:RSEQC_JUNCTIONSATURATION,1700845572000,1700845727000,2,88.1,,2000683008.0,,,0.15289281534262497,0.15289281534262497,0.0,734.81904,
778,NFCORE_RNASEQ:RNASEQ:BAM_RSEQC:RSEQC_READDUPLICATION,1700845572000,1700845779000,2,102.8,,10159652864.0,,,0.3589609237356656,0.3589609237356656,0.0,734.81904,
770,NFCORE_RNASEQ:RNASEQ:BEDTOOLS_GENOMECOV,1700845544000,1700845800000,2,114.7,,5999951872.0,,,0.46578241434459366,0.46578241434459366,0.0,734.81904,
777,NFCORE_RNASEQ:RNASEQ:BAM_RSEQC:RSEQC_READDISTRIBUTION,1700845573000,1700845800000,2,102.5,,1734344704.0,,,0.33654254364759373,0.33654254364759373,0.0,734.81904,
789,NFCORE_RNASEQ:RNASEQ:ALIGN_STAR:BAM_SORT_STATS_SAMTOOLS:SAMTOOLS_SORT,1700845748000,1700845800000,4,297.2,,6442450944.0,,,0.5287553695439999,0.5287553695439999,0.0,734.81904,
790,NFCORE_RNASEQ:RNASEQ:QUANTIFY_STAR_SALMON:SALMON_QUANT,1700845749000,1700845800000,4,304.6,,7838105600.0,,,1.1967945782370752,1.1967945782370752,0.0,734.81904,
784,NFCORE_RNASEQ:RNASEQ:BAM_MARKDUPLICATES_PICARD:PICARD_MARKDUPLICATES,1700845674000,1700845800000,1,119.0,,17330864128.0,,,1.3953405268655998,1.3953405268655998,0.0,734.81904,
773,NFCORE_RNASEQ:RNASEQ:QUALIMAP_RNASEQ,1700845543000,1700845800000,2,107.3,,10797187072.0,,,2.3096747006148934,2.3096747006148934,0.0,734.81904,
794,NFCORE_RNASEQ:RNASEQ:BEDGRAPH_BEDCLIP_BEDGRAPHTOBIGWIG_FORWARD:UCSC_BEDCLIP,1700845854000,1700845926000,1,100.3,,1073741824.0,,,0.0743962944429,0.0743962944429,0.0,734.81904,
793,NFCORE_RNASEQ:RNASEQ:BEDGRAPH_BEDCLIP_BEDGRAPHTOBIGWIG_REVERSE:UCSC_BEDCLIP,1700845855000,1700845926000,1,100.5,,1073741824.0,,,0.07349797178786249,0.07349797178786249,0.0,734.81904,
798,NFCORE_RNASEQ:RNASEQ:BEDGRAPH_BEDCLIP_BEDGRAPHTOBIGWIG_FORWARD:UCSC_BEDCLIP,1700845884000,1700845926000,1,11.6,,1073741824.0,,,0.0079910039727,0.0079910039727,0.0,734.81904,
797,NFCORE_RNASEQ:RNASEQ:BEDGRAPH_BEDCLIP_BEDGRAPHTOBIGWIG_REVERSE:UCSC_BEDCLIP,1700845884000,1700845926000,1,12.1,,1073741824.0,,,0.008190591540075001,0.008190591540075001,0.0,734.81904,
813,NFCORE_RNASEQ:RNASEQ:BEDGRAPH_BEDCLIP_BEDGRAPHTOBIGWIG_FORWARD:UCSC_BEDGRAPHTOBIGWIG,1700845929000,1700845949000,1,92.2,,1073741824.0,,,0.0191259618255,0.0191259618255,0.0,734.81904,
814,NFCORE_RNASEQ:RNASEQ:BEDGRAPH_BEDCLIP_BEDGRAPHTOBIGWIG_REVERSE:UCSC_BEDGRAPHTOBIGWIG,1700845929000,1700845949000,1,99.3,,1073741824.0,,,0.02047555394775,0.02047555394775,0.0,734.81904,
799,NFCORE_RNASEQ:RNASEQ:ALIGN_STAR:BAM_SORT_STATS_SAMTOOLS:SAMTOOLS_INDEX,1700845919000,1700845959000,2,95.8,,1073741824.0,,,0.039620524112999995,0.039620524112999995,0.0,734.81904,
811,NFCORE_RNASEQ:RNASEQ:BEDGRAPH_BEDCLIP_BEDGRAPHTOBIGWIG_FORWARD:UCSC_BEDGRAPHTOBIGWIG,1700845930000,1700845961000,1,65.3,,1073741824.0,,,0.021719713570762498,0.021719713570762498,0.0,734.81904,
812,NFCORE_RNASEQ:RNASEQ:BEDGRAPH_BEDCLIP_BEDGRAPHTOBIGWIG_REVERSE:UCSC_BEDGRAPHTOBIGWIG,1700845929000,1700845959000,1,92.0,,1073741824.0,,,0.028631917719000005,0.028631917719000005,0.0,734.81904,
806,NFCORE_RNASEQ:RNASEQ:BAM_MARKDUPLICATES_PICARD:SAMTOOLS_INDEX,1700845930000,1700845990000,1,29.8,,1073741824.0,,,0.0217942734645,0.0217942734645,0.0,734.81904,
821,NFCORE_RNASEQ:RNASEQ:BAM_RSEQC:RSEQC_INFEREXPERIMENT,1700845994000,1700846005000,5,339.7,,1073741824.0,,,0.0363943814887125,0.0363943814887125,0.0,734.81904,
810,NFCORE_RNASEQ:RNASEQ:SUBREAD_FEATURECOUNTS,1700845930000,1700846016000,2,79.8,,1073741824.0,,,0.07210638909495,0.07210638909495,0.0,734.81904,
795,NFCORE_RNASEQ:RNASEQ:ALIGN_STAR:BAM_SORT_STATS_SAMTOOLS:SAMTOOLS_SORT,1700845883000,1700846027000,4,406.7,,6442450944.0,,,0.6257415831786,0.6257415831786,0.0,734.81904,
824,NFCORE_RNASEQ:RNASEQ:MULTIQC_CUSTOM_BIOTYPE,1700846020000,1700846028000,1,89.7,,1073741824.0,,,0.007460301332699999,0.007460301332699999,0.0,734.81904,
805,NFCORE_RNASEQ:RNASEQ:STRINGTIE_STRINGTIE,1700845929000,1700846064000,2,129.5,,1333788672.0,,,0.1795745603255625,0.1795745603255625,0.0,734.81904,
825,NFCORE_RNASEQ:RNASEQ:ALIGN_STAR:BAM_SORT_STATS_SAMTOOLS:SAMTOOLS_INDEX,1700846033000,1700846062000,2,104.3,,1073741824.0,,,0.0310676578561125,0.0310676578561125,0.0,734.81904,
791,NFCORE_RNASEQ:RNASEQ:ALIGN_STAR:BAM_SORT_STATS_SAMTOOLS:SAMTOOLS_SORT,1700845848000,1700846090000,4,218.0,,6442450944.0,,,0.6175817749431,0.6175817749431,0.0,734.81904,
815,NFCORE_RNASEQ:RNASEQ:ALIGN_STAR:BAM_SORT_STATS_SAMTOOLS:SAMTOOLS_SORT,1700845968000,1700846093000,4,403.9,,6442450944.0,,,0.5398519981640625,0.5398519981640625,0.0,734.81904,
822,NFCORE_RNASEQ:RNASEQ:BAM_RSEQC:RSEQC_BAMSTAT,1700845994000,1700846097000,1,92.9,,1073741824.0,,,0.0991839540493125,0.0991839540493125,0.0,734.81904,
820,NFCORE_RNASEQ:RNASEQ:BAM_RSEQC:RSEQC_INNERDISTANCE,1700845994000,1700846093000,2,91.5,,1523580928.0,,,0.09733348420135314,0.09733348420135314,0.0,734.81904,
801,NFCORE_RNASEQ:RNASEQ:ALIGN_STAR:BAM_SORT_STATS_SAMTOOLS:SAMTOOLS_SORT,1700845925000,1700846100000,4,297.3,,6442450944.0,,,0.5917151943181126,0.5917151943181126,0.0,734.81904,
809,NFCORE_RNASEQ:RNASEQ:DUPRADAR,1700845929000,1700846100000,2,141.1,,1097859072.0,,,0.27745558995923436,0.27745558995923436,0.0,734.81904,
819,NFCORE_RNASEQ:RNASEQ:BAM_RSEQC:RSEQC_JUNCTIONANNOTATION,1700845994000,1700846100000,2,76.2,,1073741824.0,,,0.10776700401885,0.10776700401885,0.0,734.81904,
829,NFCORE_RNASEQ:RNASEQ:ALIGN_STAR:BAM_SORT_STATS_SAMTOOLS:SAMTOOLS_INDEX,1700846099000,1700846100000,2,148.2,,1073741824.0,,,0.043167416523974995,0.043167416523974995,0.0,734.81904,
804,NFCORE_RNASEQ:RNASEQ:ALIGN_STAR:BAM_SORT_STATS_SAMTOOLS:SAMTOOLS_SORT,1700845929000,1700846100000,4,208.7,,6442450944.0,,,0.5124292213482,0.5124292213482,0.0,734.81904,
823,NFCORE_RNASEQ:RNASEQ:BAM_RSEQC:RSEQC_JUNCTIONSATURATION,1700845994000,1700846100000,2,104.8,,2000683008.0,,,0.1637528602978125,0.1637528602978125,0.0,734.81904,
827,NFCORE_RNASEQ:RNASEQ:ALIGN_STAR:BAM_SORT_STATS_SAMTOOLS:SAMTOOLS_INDEX,1700846093000,1700846100000,2,76.5,,1073741824.0,,,0.037125800714925,0.037125800714925,0.0,734.81904,
818,NFCORE_RNASEQ:RNASEQ:BAM_RSEQC:RSEQC_READDUPLICATION,1700845994000,1700846100000,2,103.1,,10159652864.0,,,0.2952835389199687,0.2952835389199687,0.0,734.81904,
808,NFCORE_RNASEQ:RNASEQ:BEDTOOLS_GENOMECOV,1700845929000,1700846100000,2,115.7,,5999951872.0,,,0.3944186644992187,0.3944186644992187,0.0,734.81904,
792,NFCORE_RNASEQ:RNASEQ:QUANTIFY_STAR_SALMON:SALMON_QUANT,1700845848000,1700846100000,4,306.4,,7838105600.0,,,1.2236565292973436,1.2236565292973436,0.0,734.81904,
796,NFCORE_RNASEQ:RNASEQ:QUANTIFY_STAR_SALMON:SALMON_QUANT,1700845883000,1700846100000,4,352.1,,7838105600.0,,,1.3560232160701406,1.3560232160701406,0.0,734.81904,
803,NFCORE_RNASEQ:RNASEQ:QUANTIFY_STAR_SALMON:SALMON_QUANT,1700845930000,1700846100000,4,331.1,,7838105600.0,,,1.1118125234408063,1.1118125234408063,0.0,734.81904,
816,NFCORE_RNASEQ:RNASEQ:QUANTIFY_STAR_SALMON:SALMON_QUANT,1700845969000,1700846100000,4,388.7,,7838105600.0,,,1.1209289295635436,1.1209289295635436,0.0,734.81904,
802,NFCORE_RNASEQ:RNASEQ:QUANTIFY_STAR_SALMON:SALMON_QUANT,1700845925000,1700846100000,4,342.4,,7838105600.0,,,1.2474512790278904,1.2474512790278904,0.0,734.81904,
817,NFCORE_RNASEQ:RNASEQ:BAM_RSEQC:RSEQC_READDISTRIBUTION,1700845994000,1700846100000,2,103.2,,1734344704.0,,,0.3718738167600937,0.3718738167600937,0.0,734.81904,
800,NFCORE_RNASEQ:RNASEQ:BAM_MARKDUPLICATES_PICARD:PICARD_MARKDUPLICATES,1700845919000,1700846100000,1,118.9,,17330864128.0,,,1.1042111936223,1.1042111936223,0.0,734.81904,
828,NFCORE_RNASEQ:RNASEQ:BAM_MARKDUPLICATES_PICARD:PICARD_MARKDUPLICATES,1700846093000,1700846100000,1,122.6,,17330864128.0,,,1.3241511689694747,1.3241511689694747,0.0,734.81904,
830,NFCORE_RNASEQ:RNASEQ:BAM_MARKDUPLICATES_PICARD:PICARD_MARKDUPLICATES,1700846098000,1700846100000,1,121.6,,17330864128.0,,,1.3679719620898498,1.3679719620898498,0.0,734.81904,
826,NFCORE_RNASEQ:RNASEQ:BAM_MARKDUPLICATES_PICARD:PICARD_MARKDUPLICATES,1700846033000,1700846100000,1,117.8,,17330864128.0,,,1.6178220575673747,1.6178220575673747,0.0,734.81904,
807,NFCORE_RNASEQ:RNASEQ:QUALIMAP_RNASEQ,1700845929000,1700846100000,2,107.5,,10797187072.0,,,1.8810770861927812,1.8810770861927812,0.0,734.81904,
837,NFCORE_RNASEQ:RNASEQ:ALIGN_STAR:BAM_SORT_STATS_SAMTOOLS:SAMTOOLS_INDEX,1700846110000,1700846142000,2,72.5,,1073741824.0,,,0.024610110231600004,0.024610110231600004,0.0,734.81904,
835,NFCORE_RNASEQ:RNASEQ:BAM_MARKDUPLICATES_PICARD:SAMTOOLS_INDEX,1700846110000,1700846165000,1,45.1,,1073741824.0,,,0.0279758429589375,0.0279758429589375,0.0,734.81904,
844,NFCORE_RNASEQ:RNASEQ:BAM_RSEQC:RSEQC_INFEREXPERIMENT,1700846174000,1700846179000,5,319.5,,1073741824.0,,,0.015582979519312501,0.015582979519312501,0.0,734.81904,
839,NFCORE_RNASEQ:RNASEQ:ALIGN_STAR:BAM_SORT_STATS_SAMTOOLS:SAMTOOLS_INDEX,1700846138000,1700846188000,2,52.2,,1073741824.0,,,0.02880656481375,0.02880656481375,0.0,734.81904,
850,NFCORE_RNASEQ:RNASEQ:BEDGRAPH_BEDCLIP_BEDGRAPHTOBIGWIG_FORWARD:UCSC_BEDCLIP,1700846189000,1700846202000,1,91.0,,1073741824.0,,,0.012283610136525,0.012283610136525,0.0,734.81904,
851,NFCORE_RNASEQ:RNASEQ:BEDGRAPH_BEDCLIP_BEDGRAPHTOBIGWIG_REVERSE:UCSC_BEDCLIP,1700846189000,1700846202000,1,93.1,,1073741824.0,,,0.012543073974112499,0.012543073974112499,0.0,734.81904,
852,NFCORE_RNASEQ:RNASEQ:BEDGRAPH_BEDCLIP_BEDGRAPHTOBIGWIG_FORWARD:UCSC_BEDGRAPHTOBIGWIG,1700846205000,1700846228000,1,77.9,,1073741824.0,,,0.0188689346274375,0.0188689346274375,0.0,734.81904,
853,NFCORE_RNASEQ:RNASEQ:BEDGRAPH_BEDCLIP_BEDGRAPHTOBIGWIG_REVERSE:UCSC_BEDGRAPHTOBIGWIG,1700846205000,1700846228000,1,99.3,,1073741824.0,,,0.0235468870399125,0.0235468870399125,0.0,734.81904,
846,NFCORE_RNASEQ:RNASEQ:BAM_RSEQC:RSEQC_INNERDISTANCE,1700846174000,1700846236000,2,110.2,,1523580928.0,,,0.07197545799230624,0.07197545799230624,0.0,734.81904,
834,NFCORE_RNASEQ:RNASEQ:STRINGTIE_STRINGTIE,1700846110000,1700846255000,2,141.0,,1333788672.0,,,0.2087245828755,0.2087245828755,0.0,734.81904,
836,NFCORE_RNASEQ:RNASEQ:SUBREAD_FEATURECOUNTS,1700846111000,1700846277000,2,64.0,,1073741824.0,,,0.1142545631328,0.1142545631328,0.0,734.81904,
833,NFCORE_RNASEQ:RNASEQ:DUPRADAR,1700846110000,1700846283000,2,188.8,,1097859072.0,,,0.32458226824060316,0.32458226824060316,0.0,734.81904,
862,NFCORE_RNASEQ:RNASEQ:MULTIQC_CUSTOM_BIOTYPE,1700846279000,1700846284000,1,19.0,,1073741824.0,,,0.001302964282125,0.001302964282125,0.0,734.81904,
843,NFCORE_RNASEQ:RNASEQ:BAM_RSEQC:RSEQC_JUNCTIONANNOTATION,1700846174000,1700846284000,2,103.9,,1073741824.0,,,0.11742465666937497,0.11742465666937497,0.0,734.81904,
858,NFCORE_RNASEQ:RNASEQ:BAM_MARKDUPLICATES_PICARD:SAMTOOLS_INDEX,1700846254000,1700846289000,1,66.5,,1073741824.0,,,0.0249214323920625,0.0249214323920625,0.0,734.81904,
842,NFCORE_RNASEQ:RNASEQ:BAM_RSEQC:RSEQC_BAMSTAT,1700846174000,1700846289000,1,99.3,,1073741824.0,,,0.11773443519956248,0.11773443519956248,0.0,734.81904,
864,NFCORE_RNASEQ:RNASEQ:BAM_RSEQC:RSEQC_INFEREXPERIMENT,1700846292000,1700846299000,5,356.3,,1073741824.0,,,0.0242644454868375,0.0242644454868375,0.0,734.81904,
861,NFCORE_RNASEQ:RNASEQ:SUBREAD_FEATURECOUNTS,1700846254000,1700846311000,2,140.6,,1073741824.0,,,0.08072909505382501,0.08072909505382501,0.0,734.81904,
841,NFCORE_RNASEQ:RNASEQ:BAM_RSEQC:RSEQC_JUNCTIONSATURATION,1700846174000,1700846317000,2,99.4,,2000683008.0,,,0.1564137403203375,0.1564137403203375,0.0,734.81904,
870,NFCORE_RNASEQ:RNASEQ:MULTIQC_CUSTOM_BIOTYPE,1700846315000,1700846315000,1,62.1,,1073741824.0,,,0.0,0.0,0.0,734.81904,
848,NFCORE_RNASEQ:RNASEQ:ALIGN_STAR:BAM_SORT_STATS_SAMTOOLS:SAMTOOLS_SORT,1700846174000,1700846339000,4,313.4,,6442450944.0,,,0.5706836209181249,0.5706836209181249,0.0,734.81904,
866,NFCORE_RNASEQ:RNASEQ:BAM_RSEQC:RSEQC_INNERDISTANCE,1700846292000,1700846355000,2,109.5,,1523580928.0,,,0.07271721858456563,0.07271721858456563,0.0,734.81904,
854,NFCORE_RNASEQ:RNASEQ:ALIGN_STAR:BAM_SORT_STATS_SAMTOOLS:SAMTOOLS_SORT,1700846234000,1700846360000,4,403.9,,6442450944.0,,,0.544170814149375,0.544170814149375,0.0,734.81904,
845,NFCORE_RNASEQ:RNASEQ:BAM_RSEQC:RSEQC_READDISTRIBUTION,1700846174000,1700846364000,2,102.6,,1734344704.0,,,0.20983003264743752,0.20983003264743752,0.0,734.81904,
871,NFCORE_RNASEQ:RNASEQ:ALIGN_STAR:BAM_SORT_STATS_SAMTOOLS:SAMTOOLS_INDEX,1700846341000,1700846369000,2,112.1,,1073741824.0,,,0.03207207001005,0.03207207001005,0.0,734.81904,
847,NFCORE_RNASEQ:RNASEQ:BAM_RSEQC:RSEQC_READDUPLICATION,1700846174000,1700846384000,2,101.5,,10159652864.0,,,0.3615686175878437,0.3615686175878437,0.0,734.81904,
873,NFCORE_RNASEQ:RNASEQ:ALIGN_STAR:BAM_SORT_STATS_SAMTOOLS:SAMTOOLS_INDEX,1700846366000,1700846384000,2,153.4,,1073741824.0,,,0.02768315917725,0.02768315917725,0.0,734.81904,
900,NFCORE_RNASEQ:RNASEQ:ALIGN_STAR:BAM_SORT_STATS_SAMTOOLS:BAM_STATS_SAMTOOLS:SAMTOOLS_IDXSTATS,1700846397000,1700846400000,1,8.4,,1073741824.0,,,0.0007992432787499999,0.0007992432787499999,0.0,734.81904,
904,NFCORE_RNASEQ:RNASEQ:ALIGN_STAR:BAM_SORT_STATS_SAMTOOLS:BAM_STATS_SAMTOOLS:SAMTOOLS_IDXSTATS,1700846398000,1700846400000,1,3.2,,1073741824.0,,,0.0007729888068,0.0007729888068,0.0,734.81904,
975,NFCORE_RNASEQ:RNASEQ:ALIGN_STAR:BAM_SORT_STATS_SAMTOOLS:BAM_STATS_SAMTOOLS:SAMTOOLS_IDXSTATS,1700846399000,1700846400000,1,2.9,,1073741824.0,,,0.000645454328625,0.000645454328625,0.0,734.81904,
935,NFCORE_RNASEQ:RNASEQ:ALIGN_STAR:BAM_SORT_STATS_SAMTOOLS:BAM_STATS_SAMTOOLS:SAMTOOLS_IDXSTATS,1700846394000,1700846400000,1,2.4,,1073741824.0,,,0.0011310600015000001,0.0011310600015000001,0.0,734.81904,
894,NFCORE_RNASEQ:RNASEQ:ALIGN_STAR:BAM_SORT_STATS_SAMTOOLS:BAM_STATS_SAMTOOLS:SAMTOOLS_IDXSTATS,1700846394000,1700846400000,1,7.8,,1073741824.0,,,0.0012331692306000001,0.0012331692306000001,0.0,734.81904,
926,NFCORE_RNASEQ:RNASEQ:ALIGN_STAR:BAM_SORT_STATS_SAMTOOLS:BAM_STATS_SAMTOOLS:SAMTOOLS_IDXSTATS,1700846396000,1700846400000,1,2.4,,1073741824.0,,,0.0009254127285,0.0009254127285,0.0,734.81904,
978,NFCORE_RNASEQ:RNASEQ:ALIGN_STAR:BAM_SORT_STATS_SAMTOOLS:BAM_STATS_SAMTOOLS:SAMTOOLS_IDXSTATS,1700846395000,1700846400000,1,9.1,,1073741824.0,,,0.0013320125973,0.0013320125973,0.0,734.81904,
965,NFCORE_RNASEQ:RNASEQ:ALIGN_STAR:BAM_SORT_STATS_SAMTOOLS:BAM_STATS_SAMTOOLS:SAMTOOLS_IDXSTATS,1700846397000,1700846400000,1,6.8,,1073741824.0,,,0.0008678519037,0.0008678519037,0.0,734.81904,
945,NFCORE_RNASEQ:RNASEQ:ALIGN_STAR:BAM_SORT_STATS_SAMTOOLS:BAM_STATS_SAMTOOLS:SAMTOOLS_IDXSTATS,1700846399000,1700846400000,1,13.0,,1073741824.0,,,0.0008142713487000001,0.0008142713487000001,0.0,734.81904,
859,NFCORE_RNASEQ:RNASEQ:STRINGTIE_STRINGTIE,1700846254000,1700846400000,2,119.7,,1333788672.0,,,0.2078228986785,0.2078228986785,0.0,734.81904,
869,NFCORE_RNASEQ:RNASEQ:BAM_RSEQC:RSEQC_JUNCTIONSATURATION,1700846292000,1700846400000,2,105.0,,2000683008.0,,,0.1525544222446125,0.1525544222446125,0.0,734.81904,
878,NFCORE_RNASEQ:RNASEQ:BAM_MARKDUPLICATES_PICARD:SAMTOOLS_INDEX,1700846381000,1700846400000,1,47.0,,1073741824.0,,,0.02001496529115,0.02001496529115,0.0,734.81904,
863,NFCORE_RNASEQ:RNASEQ:BAM_RSEQC:RSEQC_BAMSTAT,1700846292000,1700846400000,1,70.7,,1073741824.0,,,0.12106530867296249,0.12106530867296249,0.0,734.81904,
867,NFCORE_RNASEQ:RNASEQ:BAM_RSEQC:RSEQC_JUNCTIONANNOTATION,1700846292000,1700846400000,2,68.8,,1073741824.0,,,0.1225613862054,0.1225613862054,0.0,734.81904,
865,NFCORE_RNASEQ:RNASEQ:BAM_RSEQC:RSEQC_READDUPLICATION,1700846292000,1700846400000,2,103.0,,10159652864.0,,,0.35935439636849065,0.35935439636849065,0.0,734.81904,
876,NFCORE_RNASEQ:RNASEQ:STRINGTIE_STRINGTIE,1700846381000,1700846400000,2,146.9,,1333788672.0,,,0.1869443105203125,0.1869443105203125,0.0,734.81904,
831,NFCORE_RNASEQ:RNASEQ:BEDTOOLS_GENOMECOV,1700846110000,1700846400000,2,110.5,,5999951872.0,,,0.6079111800370874,0.6079111800370874,0.0,734.81904,
849,NFCORE_RNASEQ:RNASEQ:QUANTIFY_STAR_SALMON:SALMON_QUANT,1700846174000,1700846400000,4,364.6,,7838105600.0,,,1.4172564696510939,1.4172564696510939,0.0,734.81904,
856,NFCORE_RNASEQ:RNASEQ:DUPRADAR,1700846254000,1700846400000,2,116.9,,1097859072.0,,,0.32922612205166246,0.32922612205166246,0.0,734.81904,
875,NFCORE_RNASEQ:RNASEQ:DUPRADAR,1700846381000,1700846400000,2,184.8,,1097859072.0,,,0.2628599406026344,0.2628599406026344,0.0,734.81904,
879,NFCORE_RNASEQ:RNASEQ:SUBREAD_FEATURECOUNTS,1700846381000,1700846400000,2,49.8,,1073741824.0,,,0.07635833782334998,0.07635833782334998,0.0,734.81904,
976,NFCORE_RNASEQ:RNASEQ:ALIGN_STAR:BAM_SORT_STATS_SAMTOOLS:BAM_STATS_SAMTOOLS:SAMTOOLS_STATS,1700846395000,1700846400000,2,70.2,,1073741824.0,,,0.09489520696117502,0.09489520696117502,0.0,734.81904,
913,NFCORE_RNASEQ:RNASEQ:ALIGN_STAR:BAM_SORT_STATS_SAMTOOLS:BAM_STATS_SAMTOOLS:SAMTOOLS_FLAGSTAT,1700846397000,1700846400000,3,22.1,,1073741824.0,,,0.0339365266153875,0.0339365266153875,0.0,734.81904,
895,NFCORE_RNASEQ:RNASEQ:ALIGN_STAR:BAM_SORT_STATS_SAMTOOLS:BAM_STATS_SAMTOOLS:SAMTOOLS_FLAGSTAT,1700846398000,1700846400000,3,13.2,,1073741824.0,,,0.0275328019341,0.0275328019341,0.0,734.81904,
966,NFCORE_RNASEQ:RNASEQ:ALIGN_STAR:BAM_SORT_STATS_SAMTOOLS:BAM_STATS_SAMTOOLS:SAMTOOLS_FLAGSTAT,1700846399000,1700846400000,3,16.2,,1073741824.0,,,0.0327573653085,0.0327573653085,0.0,734.81904,
893,NFCORE_RNASEQ:RNASEQ:ALIGN_STAR:BAM_SORT_STATS_SAMTOOLS:BAM_STATS_SAMTOOLS:SAMTOOLS_STATS,1700846398000,1700846400000,2,47.4,,1073741824.0,,,0.07427157932249999,0.07427157932249999,0.0,734.81904,
949,NFCORE_RNASEQ:RNASEQ:ALIGN_STAR:BAM_SORT_STATS_SAMTOOLS:BAM_STATS_SAMTOOLS:SAMTOOLS_FLAGSTAT,1700846398000,1700846400000,3,20.0,,1073741824.0,,,0.04186503907650001,0.04186503907650001,0.0,734.81904,
911,NFCORE_RNASEQ:RNASEQ:ALIGN_STAR:BAM_SORT_STATS_SAMTOOLS:BAM_STATS_SAMTOOLS:SAMTOOLS_FLAGSTAT,1700846398000,1700846400000,3,15.1,,1073741824.0,,,0.0375524677773,0.0375524677773,0.0,734.81904,
919,NFCORE_RNASEQ:RNASEQ:ALIGN_STAR:BAM_SORT_STATS_SAMTOOLS:BAM_STATS_SAMTOOLS:SAMTOOLS_FLAGSTAT,1700846398000,1700846400000,3,18.0,,1073741824.0,,,0.0411785445942,0.0411785445942,0.0,734.81904,
884,NFCORE_RNASEQ:RNASEQ:ALIGN_STAR:BAM_SORT_STATS_SAMTOOLS:BAM_STATS_SAMTOOLS:SAMTOOLS_STATS,1700846399000,1700846400000,2,39.4,,1073741824.0,,,0.076352290875,0.076352290875,0.0,734.81904,
922,NFCORE_RNASEQ:RNASEQ:ALIGN_STAR:BAM_SORT_STATS_SAMTOOLS:BAM_STATS_SAMTOOLS:SAMTOOLS_STATS,1700846399000,1700846400000,2,51.4,,1073741824.0,,,0.10119797694674999,0.10119797694674999,0.0,734.81904,
943,NFCORE_RNASEQ:RNASEQ:ALIGN_STAR:BAM_SORT_STATS_SAMTOOLS:BAM_STATS_SAMTOOLS:SAMTOOLS_STATS,1700846399000,1700846400000,2,57.9,,1073741824.0,,,0.11660643694406252,0.11660643694406252,0.0,734.81904,
868,NFCORE_RNASEQ:RNASEQ:BAM_RSEQC:RSEQC_READDISTRIBUTION,1700846292000,1700846400000,2,65.1,,1734344704.0,,,0.22064885565778125,0.22064885565778125,0.0,734.81904,
838,NFCORE_RNASEQ:RNASEQ:BAM_MARKDUPLICATES_PICARD:PICARD_MARKDUPLICATES,1700846110000,1700846400000,1,121.6,,17330864128.0,,,1.2480602874165,1.2480602874165,0.0,734.81904,
889,NFCORE_RNASEQ:RNASEQ:ALIGN_STAR:BAM_SORT_STATS_SAMTOOLS:BAM_STATS_SAMTOOLS:SAMTOOLS_FLAGSTAT,1700846399000,1700846400000,3,9.3,,1073741824.0,,,0.038058944352075,0.038058944352075,0.0,734.81904,
840,NFCORE_RNASEQ:RNASEQ:BAM_MARKDUPLICATES_PICARD:PICARD_MARKDUPLICATES,1700846138000,1700846400000,1,120.8,,17330864128.0,,,1.2246659965215,1.2246659965215,0.0,734.81904,
857,NFCORE_RNASEQ:RNASEQ:BEDTOOLS_GENOMECOV,1700846254000,1700846400000,2,88.9,,5999951872.0,,,0.4974308216305312,0.4974308216305312,0.0,734.81904,
855,NFCORE_RNASEQ:RNASEQ:QUANTIFY_STAR_SALMON:SALMON_QUANT,1700846235000,1700846400000,4,295.6,,7838105600.0,,,1.4863602172011188,1.4863602172011188,0.0,734.81904,
933,NFCORE_RNASEQ:RNASEQ:ALIGN_STAR:BAM_SORT_STATS_SAMTOOLS:BAM_STATS_SAMTOOLS:SAMTOOLS_STATS,1700846395000,1700846400000,2,38.8,,1073741824.0,,,0.1247595667461,0.1247595667461,0.0,734.81904,
901,NFCORE_RNASEQ:RNASEQ:ALIGN_STAR:BAM_SORT_STATS_SAMTOOLS:BAM_STATS_SAMTOOLS:SAMTOOLS_FLAGSTAT,1700846397000,1700846400000,3,11.5,,1073741824.0,,,0.04922101141425001,0.04922101141425001,0.0,734.81904,
877,NFCORE_RNASEQ:RNASEQ:BEDTOOLS_GENOMECOV,1700846381000,1700846400000,2,103.4,,5999951872.0,,,0.4618378585359562,0.4618378585359562,0.0,734.81904,
973,NFCORE_RNASEQ:RNASEQ:ALIGN_STAR:BAM_SORT_STATS_SAMTOOLS:BAM_STATS_SAMTOOLS:SAMTOOLS_STATS,1700846394000,1700846400000,2,35.8,,1073741824.0,,,0.13196255384205,0.13196255384205,0.0,734.81904,
874,NFCORE_RNASEQ:RNASEQ:BAM_MARKDUPLICATES_PICARD:PICARD_MARKDUPLICATES,1700846366000,1700846400000,1,120.7,,17330864128.0,,,1.3631904142257374,1.3631904142257374,0.0,734.81904,
872,NFCORE_RNASEQ:RNASEQ:BAM_MARKDUPLICATES_PICARD:PICARD_MARKDUPLICATES,1700846341000,1700846400000,1,110.4,,17330864128.0,,,1.589529282554417,1.589529282554417,0.0,736.179816,
832,NFCORE_RNASEQ:RNASEQ:QUALIMAP_RNASEQ,1700846110000,1700846400000,2,107.3,,10797187072.0,,,2.35433165484918,2.35433165484918,0.0,736.860204,
880,NFCORE_RNASEQ:RNASEQ:QUALIMAP_RNASEQ,1700846381000,1700846400000,2,96.5,,10797187072.0,,,1.936730819468083,1.936730819468083,0.0,736.860204,
860,NFCORE_RNASEQ:RNASEQ:QUALIMAP_RNASEQ,1700846254000,1700846400000,2,104.0,,10797187072.0,,,2.289618392816745,2.289618392816745,0.0,736.860204,
944,NFCORE_RNASEQ:RNASEQ:ALIGN_STAR:BAM_SORT_STATS_SAMTOOLS:BAM_STATS_SAMTOOLS:SAMTOOLS_FLAGSTAT,1700846401000,1700846413000,3,374.2,,1073741824.0,,,0.0436376879523,0.0436376879523,0.0,734.81904,
958,NFCORE_RNASEQ:RNASEQ:ALIGN_STAR:BAM_SORT_STATS_SAMTOOLS:BAM_STATS_SAMTOOLS:SAMTOOLS_FLAGSTAT,1700846401000,1700846411000,3,369.2,,1073741824.0,,,0.035889531466499994,0.035889531466499994,0.0,734.81904,
918,NFCORE_RNASEQ:RNASEQ:ALIGN_STAR:BAM_SORT_STATS_SAMTOOLS:BAM_STATS_SAMTOOLS:SAMTOOLS_IDXSTATS,1700846401000,1700846405000,1,3.1,,1073741824.0,,,0.00043790622164999995,0.00043790622164999995,0.0,734.81904,
886,NFCORE_RNASEQ:RNASEQ:ALIGN_STAR:BAM_SORT_STATS_SAMTOOLS:BAM_STATS_SAMTOOLS:SAMTOOLS_IDXSTATS,1700846401000,1700846404000,1,10.5,,1073741824.0,,,0.0005394222374625,0.0005394222374625,0.0,734.81904,
888,NFCORE_RNASEQ:RNASEQ:ALIGN_STAR:BAM_SORT_STATS_SAMTOOLS:BAM_STATS_SAMTOOLS:SAMTOOLS_IDXSTATS,1700846401000,1700846404000,1,5.3,,1073741824.0,,,0.0003911571874125,0.0003911571874125,0.0,734.81904,
891,NFCORE_RNASEQ:RNASEQ:ALIGN_STAR:BAM_SORT_STATS_SAMTOOLS:BAM_STATS_SAMTOOLS:SAMTOOLS_IDXSTATS,1700846403000,1700846405000,1,9.1,,1073741824.0,,,0.000333003149325,0.000333003149325,0.0,734.81904,
972,NFCORE_RNASEQ:RNASEQ:ALIGN_STAR:BAM_SORT_STATS_SAMTOOLS:BAM_STATS_SAMTOOLS:SAMTOOLS_IDXSTATS,1700846406000,1700846409000,1,16.5,,1073741824.0,,,0.0007104972952125001,0.0007104972952125001,0.0,734.81904,
961,NFCORE_RNASEQ:RNASEQ:ALIGN_STAR:BAM_SORT_STATS_SAMTOOLS:BAM_STATS_SAMTOOLS:SAMTOOLS_IDXSTATS,1700846405000,1700846407000,1,3.1,,1073741824.0,,,0.00021895311082499998,0.00021895311082499998,0.0,734.81904,
939,NFCORE_RNASEQ:RNASEQ:ALIGN_STAR:BAM_SORT_STATS_SAMTOOLS:BAM_STATS_SAMTOOLS:SAMTOOLS_IDXSTATS,1700846406000,1700846408000,1,9.4,,1073741824.0,,,0.00033870565124999996,0.00033870565124999996,0.0,734.81904,
930,NFCORE_RNASEQ:RNASEQ:ALIGN_STAR:BAM_SORT_STATS_SAMTOOLS:BAM_STATS_SAMTOOLS:SAMTOOLS_IDXSTATS,1700846407000,1700846411000,1,16.5,,1073741824.0,,,0.00094732972695,0.00094732972695,0.0,734.81904,
970,NFCORE_RNASEQ:RNASEQ:ALIGN_STAR:BAM_SORT_STATS_SAMTOOLS:BAM_STATS_SAMTOOLS:SAMTOOLS_IDXSTATS,1700846407000,1700846413000,1,5.0,,1073741824.0,,,0.00076520686905,0.00076520686905,0.0,734.81904,
934,NFCORE_RNASEQ:RNASEQ:ALIGN_STAR:BAM_SORT_STATS_SAMTOOLS:BAM_STATS_SAMTOOLS:SAMTOOLS_IDXSTATS,1700846407000,1700846415000,1,1.7,,1073741824.0,,,0.0007693657407,0.0007693657407,0.0,734.81904,
947,NFCORE_RNASEQ:RNASEQ:ALIGN_STAR:BAM_SORT_STATS_SAMTOOLS:BAM_STATS_SAMTOOLS:SAMTOOLS_FLAGSTAT,1700846407000,1700846418000,3,319.6,,1073741824.0,,,0.03429300952935,0.03429300952935,0.0,734.81904,
897,NFCORE_RNASEQ:RNASEQ:ALIGN_STAR:BAM_SORT_STATS_SAMTOOLS:BAM_STATS_SAMTOOLS:SAMTOOLS_IDXSTATS,1700846408000,1700846426000,1,5.8,,1073741824.0,,,0.00243248065335,0.00243248065335,0.0,734.81904,
917,NFCORE_RNASEQ:RNASEQ:ALIGN_STAR:BAM_SORT_STATS_SAMTOOLS:BAM_STATS_SAMTOOLS:SAMTOOLS_IDXSTATS,1700846409000,1700846411000,1,29.8,,1073741824.0,,,0.00072647578215,0.00072647578215,0.0,734.81904,
985,NFCORE_RNASEQ:RNASEQ:ALIGN_STAR:BAM_SORT_STATS_SAMTOOLS:BAM_STATS_SAMTOOLS:SAMTOOLS_IDXSTATS,1700846409000,1700846415000,1,1.2,,1073741824.0,,,0.0005485117959,0.0005485117959,0.0,734.81904,
923,NFCORE_RNASEQ:RNASEQ:ALIGN_STAR:BAM_SORT_STATS_SAMTOOLS:BAM_STATS_SAMTOOLS:SAMTOOLS_IDXSTATS,1700846409000,1700846410000,1,41.7,,1073741824.0,,,0.00047633751258749997,0.00047633751258749997,0.0,734.81904,
964,NFCORE_RNASEQ:RNASEQ:ALIGN_STAR:BAM_SORT_STATS_SAMTOOLS:BAM_STATS_SAMTOOLS:SAMTOOLS_IDXSTATS,1700846409000,1700846413000,1,37.4,,1073741824.0,,,0.0017418783285,0.0017418783285,0.0,734.81904,
957,NFCORE_RNASEQ:RNASEQ:ALIGN_STAR:BAM_SORT_STATS_SAMTOOLS:BAM_STATS_SAMTOOLS:SAMTOOLS_IDXSTATS,1700846410000,1700846413000,1,1.3,,1073741824.0,,,0.0002771071489125,0.0002771071489125,0.0,734.81904,
906,NFCORE_RNASEQ:RNASEQ:ALIGN_STAR:BAM_SORT_STATS_SAMTOOLS:BAM_STATS_SAMTOOLS:SAMTOOLS_IDXSTATS,1700846410000,1700846419000,1,0.6,,1073741824.0,,,0.000771445176525,0.000771445176525,0.0,734.81904,
956,NFCORE_RNASEQ:RNASEQ:ALIGN_STAR:BAM_SORT_STATS_SAMTOOLS:BAM_STATS_SAMTOOLS:SAMTOOLS_IDXSTATS,1700846410000,1700846413000,1,35.9,,1073741824.0,,,0.0012636399819374998,0.0012636399819374998,0.0,734.81904,
988,NFCORE_RNASEQ:RNASEQ:ALIGN_STAR:BAM_SORT_STATS_SAMTOOLS:BAM_STATS_SAMTOOLS:SAMTOOLS_IDXSTATS,1700846410000,1700846415000,1,3.7,,1073741824.0,,,0.0005758952866875,0.0005758952866875,0.0,734.81904,
974,NFCORE_RNASEQ:RNASEQ:ALIGN_STAR:BAM_SORT_STATS_SAMTOOLS:BAM_STATS_SAMTOOLS:SAMTOOLS_IDXSTATS,1700846410000,1700846411000,1,25.1,,1073741824.0,,,0.0003185682926625,0.0003185682926625,0.0,734.81904,
952,NFCORE_RNASEQ:RNASEQ:ALIGN_STAR:BAM_SORT_STATS_SAMTOOLS:BAM_STATS_SAMTOOLS:SAMTOOLS_IDXSTATS,1700846410000,1700846415000,1,2.6,,1073741824.0,,,0.000523622352375,0.000523622352375,0.0,734.81904,
883,NFCORE_RNASEQ:RNASEQ:ALIGN_STAR:BAM_SORT_STATS_SAMTOOLS:BAM_STATS_SAMTOOLS:SAMTOOLS_IDXSTATS,1700846410000,1700846411000,1,35.5,,1073741824.0,,,0.0004174116593625,0.0004174116593625,0.0,734.81904,
995,NFCORE_RNASEQ:RNASEQ:ALIGN_STAR:BAM_SORT_STATS_SAMTOOLS:BAM_STATS_SAMTOOLS:SAMTOOLS_FLAGSTAT,1700846410000,1700846426000,3,240.2,,1073741824.0,,,0.0378066437244,0.0378066437244,0.0,734.81904,
986,NFCORE_RNASEQ:RNASEQ:ALIGN_STAR:BAM_SORT_STATS_SAMTOOLS:BAM_STATS_SAMTOOLS:SAMTOOLS_IDXSTATS,1700846410000,1700846417000,1,2.0,,1073741824.0,,,0.00069315377985,0.00069315377985,0.0,734.81904,
979,NFCORE_RNASEQ:RNASEQ:ALIGN_STAR:BAM_SORT_STATS_SAMTOOLS:BAM_STATS_SAMTOOLS:SAMTOOLS_IDXSTATS,1700846411000,1700846417000,1,2.2,,1073741824.0,,,0.00060553681515,0.00060553681515,0.0,734.81904,
948,NFCORE_RNASEQ:RNASEQ:ALIGN_STAR:BAM_SORT_STATS_SAMTOOLS:BAM_STATS_SAMTOOLS:SAMTOOLS_IDXSTATS,1700846412000,1700846415000,1,7.9,,1073741824.0,,,0.0004652897124375,0.0004652897124375,0.0,734.81904,
987,NFCORE_RNASEQ:RNASEQ:ALIGN_STAR:BAM_SORT_STATS_SAMTOOLS:BAM_STATS_SAMTOOLS:SAMTOOLS_IDXSTATS,1700846412000,1700846426000,1,0.8,,1073741824.0,,,0.0012266375058,0.0012266375058,0.0,734.81904,
980,NFCORE_RNASEQ:RNASEQ:ALIGN_STAR:BAM_SORT_STATS_SAMTOOLS:BAM_STATS_SAMTOOLS:SAMTOOLS_IDXSTATS,1700846414000,1700846438000,1,0.3,,1073741824.0,,,0.0019887571143,0.0019887571143,0.0,734.81904,
992,NFCORE_RNASEQ:RNASEQ:ALIGN_STAR:BAM_SORT_STATS_SAMTOOLS:BAM_STATS_SAMTOOLS:SAMTOOLS_FLAGSTAT,1700846411000,1700846477000,3,34.9,,1073741824.0,,,0.027172804390874994,0.027172804390874994,0.0,734.81904,
885,NFCORE_RNASEQ:RNASEQ:ALIGN_STAR:BAM_SORT_STATS_SAMTOOLS:BAM_STATS_SAMTOOLS:SAMTOOLS_FLAGSTAT,1700846402000,1700846484000,3,21.0,,1073741824.0,,,0.022927298086350002,0.022927298086350002,0.0,734.81904,
997,NFCORE_RNASEQ:RNASEQ:ALIGN_STAR:BAM_SORT_STATS_SAMTOOLS:BAM_STATS_SAMTOOLS:SAMTOOLS_STATS,1700846410000,1700846503000,2,122.1,,1073741824.0,,,0.11536396765998752,0.11536396765998752,0.0,734.81904,
955,NFCORE_RNASEQ:RNASEQ:ALIGN_STAR:BAM_SORT_STATS_SAMTOOLS:BAM_STATS_SAMTOOLS:SAMTOOLS_FLAGSTAT,1700846401000,1700846508000,3,22.7,,1073741824.0,,,0.0316461364909875,0.0316461364909875,0.0,734.81904,
892,NFCORE_RNASEQ:RNASEQ:ALIGN_STAR:BAM_SORT_STATS_SAMTOOLS:BAM_STATS_SAMTOOLS:SAMTOOLS_FLAGSTAT,1700846405000,1700846510000,3,19.8,,1073741824.0,,,0.028160600194125005,0.028160600194125005,0.0,734.81904,
963,NFCORE_RNASEQ:RNASEQ:ALIGN_STAR:BAM_SORT_STATS_SAMTOOLS:BAM_STATS_SAMTOOLS:SAMTOOLS_STATS,1700846405000,1700846516000,2,140.3,,1073741824.0,,,0.1568928015111375,0.1568928015111375,0.0,734.81904,
929,NFCORE_RNASEQ:RNASEQ:ALIGN_STAR:BAM_SORT_STATS_SAMTOOLS:BAM_STATS_SAMTOOLS:SAMTOOLS_IDXSTATS,1700846408000,1700846516000,1,0.0,,1073741824.0,,,0.0086414719104,0.0086414719104,0.0,734.81904,
981,NFCORE_RNASEQ:RNASEQ:ALIGN_STAR:BAM_SORT_STATS_SAMTOOLS:BAM_STATS_SAMTOOLS:SAMTOOLS_IDXSTATS,1700846410000,1700846516000,1,1.5,,1073741824.0,,,0.009992607662925,0.009992607662925,0.0,734.81904,
942,NFCORE_RNASEQ:RNASEQ:ALIGN_STAR:BAM_SORT_STATS_SAMTOOLS:BAM_STATS_SAMTOOLS:SAMTOOLS_IDXSTATS,1700846411000,1700846516000,1,0.2,,1073741824.0,,,0.008601018591375,0.008601018591375,0.0,734.81904,
1003,NFCORE_RNASEQ:RNASEQ:BAM_RSEQC:RSEQC_INFEREXPERIMENT,1700846513000,1700846518000,5,287.8,,1073741824.0,,,0.014076568594124999,0.014076568594124999,0.0,734.81904,
881,NFCORE_RNASEQ:RNASEQ:ALIGN_STAR:BAM_SORT_STATS_SAMTOOLS:BAM_STATS_SAMTOOLS:SAMTOOLS_STATS,1700846409000,1700846529000,2,43.0,,1073741824.0,,,0.05864315201099999,0.05864315201099999,0.0,734.81904,
882,NFCORE_RNASEQ:RNASEQ:ALIGN_STAR:BAM_SORT_STATS_SAMTOOLS:BAM_STATS_SAMTOOLS:SAMTOOLS_FLAGSTAT,1700846410000,1700846532000,3,10.9,,1073741824.0,,,0.022400307813375004,0.022400307813375004,0.0,734.81904,
1004,NFCORE_RNASEQ:RNASEQ:BAM_RSEQC:RSEQC_INNERDISTANCE,1700846458000,1700846531000,2,102.3,,1523580928.0,,,0.07926424254660935,0.07926424254660935,0.0,734.81904,
912,NFCORE_RNASEQ:RNASEQ:ALIGN_STAR:BAM_SORT_STATS_SAMTOOLS:BAM_STATS_SAMTOOLS:SAMTOOLS_FLAGSTAT,1700846406000,1700846562000,3,16.6,,1073741824.0,,,0.0370941244011,0.0370941244011,0.0,734.81904,
962,NFCORE_RNASEQ:RNASEQ:ALIGN_STAR:BAM_SORT_STATS_SAMTOOLS:BAM_STATS_SAMTOOLS:SAMTOOLS_FLAGSTAT,1700846406000,1700846563000,3,20.4,,1073741824.0,,,0.043002094997249996,0.043002094997249996,0.0,734.81904,
982,NFCORE_RNASEQ:RNASEQ:ALIGN_STAR:BAM_SORT_STATS_SAMTOOLS:BAM_STATS_SAMTOOLS:SAMTOOLS_STATS,1700846417000,1700846565000,2,69.8,,1073741824.0,,,0.1100238935391,0.1100238935391,0.0,734.81904,
890,NFCORE_RNASEQ:RNASEQ:ALIGN_STAR:BAM_SORT_STATS_SAMTOOLS:BAM_STATS_SAMTOOLS:SAMTOOLS_STATS,1700846403000,1700846564000,2,48.2,,1073741824.0,,,0.08663645330077499,0.08663645330077499,0.0,734.81904,
909,NFCORE_RNASEQ:RNASEQ:ALIGN_STAR:BAM_SORT_STATS_SAMTOOLS:BAM_STATS_SAMTOOLS:SAMTOOLS_STATS,1700846403000,1700846566000,2,57.6,,1073741824.0,,,0.1022749716168,0.1022749716168,0.0,734.81904,
920,NFCORE_RNASEQ:RNASEQ:ALIGN_STAR:BAM_SORT_STATS_SAMTOOLS:BAM_STATS_SAMTOOLS:SAMTOOLS_FLAGSTAT,1700846408000,1700846565000,3,18.7,,1073741824.0,,,0.0404654320576125,0.0404654320576125,0.0,734.81904,
990,NFCORE_RNASEQ:RNASEQ:ALIGN_STAR:BAM_SORT_STATS_SAMTOOLS:BAM_STATS_SAMTOOLS:SAMTOOLS_FLAGSTAT,1700846421000,1700846565000,3,19.4,,1073741824.0,,,0.03807281151,0.03807281151,0.0,734.81904,
1007,NFCORE_RNASEQ:RNASEQ:MULTIQC_CUSTOM_BIOTYPE,1700846539000,1700846570000,1,1.7,,1073741824.0,,,0.0029812922452125,0.0029812922452125,0.0,734.81904,
931,NFCORE_RNASEQ:RNASEQ:ALIGN_STAR:BAM_SORT_STATS_SAMTOOLS:BAM_STATS_SAMTOOLS:SAMTOOLS_STATS,1700846406000,1700846567000,2,57.0,,1073741824.0,,,0.10010196117967499,0.10010196117967499,0.0,734.81904,
910,NFCORE_RNASEQ:RNASEQ:ALIGN_STAR:BAM_SORT_STATS_SAMTOOLS:BAM_STATS_SAMTOOLS:SAMTOOLS_FLAGSTAT,1700846408000,1700846570000,3,14.0,,1073741824.0,,,0.0345176651421,0.0345176651421,0.0,734.81904,
993,NFCORE_RNASEQ:RNASEQ:ALIGN_STAR:BAM_SORT_STATS_SAMTOOLS:BAM_STATS_SAMTOOLS:SAMTOOLS_FLAGSTAT,1700846410000,1700846571000,3,15.8,,1073741824.0,,,0.037058901564825,0.037058901564825,0.0,734.81904,
994,NFCORE_RNASEQ:RNASEQ:ALIGN_STAR:BAM_SORT_STATS_SAMTOOLS:BAM_STATS_SAMTOOLS:SAMTOOLS_FLAGSTAT,1700846417000,1700846574000,3,20.5,,1073741824.0,,,0.043151310464287496,0.043151310464287496,0.0,734.81904,
1005,NFCORE_RNASEQ:RNASEQ:BEDGRAPH_BEDCLIP_BEDGRAPHTOBIGWIG_FORWARD:UCSC_BEDCLIP,1700846532000,1700846576000,1,21.0,,1073741824.0,,,0.0123024526317,0.0123024526317,0.0,734.81904,
1006,NFCORE_RNASEQ:RNASEQ:BEDGRAPH_BEDCLIP_BEDGRAPHTOBIGWIG_REVERSE:UCSC_BEDCLIP,1700846533000,1700846576000,1,15.2,,1073741824.0,,,0.009652511468700001,0.009652511468700001,0.0,734.81904,
903,NFCORE_RNASEQ:RNASEQ:ALIGN_STAR:BAM_SORT_STATS_SAMTOOLS:BAM_STATS_SAMTOOLS:SAMTOOLS_FLAGSTAT,1700846404000,1700846581000,3,13.4,,1073741824.0,,,0.036704402407125004,0.036704402407125004,0.0,734.81904,
971,NFCORE_RNASEQ:RNASEQ:ALIGN_STAR:BAM_SORT_STATS_SAMTOOLS:BAM_STATS_SAMTOOLS:SAMTOOLS_STATS,1700846408000,1700846581000,2,63.8,,1073741824.0,,,0.118743682360725,0.118743682360725,0.0,734.81904,
908,NFCORE_RNASEQ:RNASEQ:ALIGN_STAR:BAM_SORT_STATS_SAMTOOLS:BAM_STATS_SAMTOOLS:SAMTOOLS_STATS,1700846409000,1700846580000,2,52.4,,1073741824.0,,,0.09884349427275,0.09884349427275,0.0,734.81904,
914,NFCORE_RNASEQ:RNASEQ:ALIGN_STAR:BAM_SORT_STATS_SAMTOOLS:BAM_STATS_SAMTOOLS:SAMTOOLS_FLAGSTAT,1700846410000,1700846579000,3,14.3,,1073741824.0,,,0.0364910306041125,0.0364910306041125,0.0,734.81904,
924,NFCORE_RNASEQ:RNASEQ:ALIGN_STAR:BAM_SORT_STATS_SAMTOOLS:BAM_STATS_SAMTOOLS:SAMTOOLS_FLAGSTAT,1700846427000,1700846581000,3,16.7,,1073741824.0,,,0.03676492291972499,0.03676492291972499,0.0,734.81904,
959,NFCORE_RNASEQ:RNASEQ:ALIGN_STAR:BAM_SORT_STATS_SAMTOOLS:BAM_STATS_SAMTOOLS:SAMTOOLS_STATS,1700846401000,1700846585000,2,46.3,,1073741824.0,,,0.0956904316983,0.0956904316983,0.0,734.81904,
887,NFCORE_RNASEQ:RNASEQ:ALIGN_STAR:BAM_SORT_STATS_SAMTOOLS:BAM_STATS_SAMTOOLS:SAMTOOLS_STATS,1700846405000,1700846584000,2,44.0,,1073741824.0,,,0.0891772814907,0.0891772814907,0.0,734.81904,
938,NFCORE_RNASEQ:RNASEQ:ALIGN_STAR:BAM_SORT_STATS_SAMTOOLS:BAM_STATS_SAMTOOLS:SAMTOOLS_FLAGSTAT,1700846407000,1700846587000,3,18.1,,1073741824.0,,,0.045367038636750005,0.045367038636750005,0.0,734.81904,
1000,NFCORE_RNASEQ:RNASEQ:BAM_RSEQC:RSEQC_JUNCTIONSATURATION,1700846480000,1700846589000,2,105.8,,2000683008.0,,,0.1258545683098125,0.1258545683098125,0.0,734.81904,
902,NFCORE_RNASEQ:RNASEQ:ALIGN_STAR:BAM_SORT_STATS_SAMTOOLS:BAM_STATS_SAMTOOLS:SAMTOOLS_STATS,1700846401000,1700846587000,2,48.3,,1073741824.0,,,0.10026609627982501,0.10026609627982501,0.0,734.81904,
896,NFCORE_RNASEQ:RNASEQ:ALIGN_STAR:BAM_SORT_STATS_SAMTOOLS:BAM_STATS_SAMTOOLS:SAMTOOLS_STATS,1700846407000,1700846595000,2,47.5,,1073741824.0,,,0.09991479919815,0.09991479919815,0.0,734.81904,
915,NFCORE_RNASEQ:RNASEQ:ALIGN_STAR:BAM_SORT_STATS_SAMTOOLS:BAM_STATS_SAMTOOLS:SAMTOOLS_FLAGSTAT,1700846410000,1700846594000,3,13.5,,1073741824.0,,,0.038330865668700004,0.038330865668700004,0.0,734.81904,
984,NFCORE_RNASEQ:RNASEQ:ALIGN_STAR:BAM_SORT_STATS_SAMTOOLS:BAM_STATS_SAMTOOLS:SAMTOOLS_STATS,1700846411000,1700846594000,2,47.4,,1073741824.0,,,0.097083564400125,0.097083564400125,0.0,734.81904,
940,NFCORE_RNASEQ:RNASEQ:ALIGN_STAR:BAM_SORT_STATS_SAMTOOLS:BAM_STATS_SAMTOOLS:SAMTOOLS_STATS,1700846428000,1700846594000,2,58.5,,1073741824.0,,,0.10557725603692501,0.10557725603692501,0.0,734.81904,
968,NFCORE_RNASEQ:RNASEQ:ALIGN_STAR:BAM_SORT_STATS_SAMTOOLS:BAM_STATS_SAMTOOLS:SAMTOOLS_STATS,1700846408000,1700846600000,2,60.2,,1073741824.0,,,0.12521561381280003,0.12521561381280003,0.0,734.81904,
969,NFCORE_RNASEQ:RNASEQ:ALIGN_STAR:BAM_SORT_STATS_SAMTOOLS:BAM_STATS_SAMTOOLS:SAMTOOLS_STATS,1700846403000,1700846604000,2,45.6,,1073741824.0,,,0.10319415879510001,0.10319415879510001,0.0,734.81904,
953,NFCORE_RNASEQ:RNASEQ:ALIGN_STAR:BAM_SORT_STATS_SAMTOOLS:BAM_STATS_SAMTOOLS:SAMTOOLS_FLAGSTAT,1700846406000,1700846603000,3,14.3,,1073741824.0,,,0.0425368818284625,0.0425368818284625,0.0,734.81904,
907,NFCORE_RNASEQ:RNASEQ:ALIGN_STAR:BAM_SORT_STATS_SAMTOOLS:BAM_STATS_SAMTOOLS:SAMTOOLS_FLAGSTAT,1700846419000,1700846602000,3,13.8,,1073741824.0,,,0.038644324672725,0.038644324672725,0.0,734.81904,
932,NFCORE_RNASEQ:RNASEQ:ALIGN_STAR:BAM_SORT_STATS_SAMTOOLS:BAM_STATS_SAMTOOLS:SAMTOOLS_FLAGSTAT,1700846428000,1700846604000,3,15.2,,1073741824.0,,,0.0395079539184,0.0395079539184,0.0,734.81904,
921,NFCORE_RNASEQ:RNASEQ:ALIGN_STAR:BAM_SORT_STATS_SAMTOOLS:BAM_STATS_SAMTOOLS:SAMTOOLS_STATS,1700846410000,1700846610000,2,44.9,,1073741824.0,,,0.1013501712375,0.1013501712375,0.0,734.81904,
989,NFCORE_RNASEQ:RNASEQ:ALIGN_STAR:BAM_SORT_STATS_SAMTOOLS:BAM_STATS_SAMTOOLS:SAMTOOLS_STATS,1700846412000,1700846613000,2,49.6,,1073741824.0,,,0.11083551137459997,0.11083551137459997,0.0,734.81904,
996,NFCORE_RNASEQ:RNASEQ:ALIGN_STAR:BAM_SORT_STATS_SAMTOOLS:BAM_STATS_SAMTOOLS:SAMTOOLS_STATS,1700846416000,1700846613000,2,62.2,,1073741824.0,,,0.132221080019925,0.132221080019925,0.0,734.81904,
928,NFCORE_RNASEQ:RNASEQ:ALIGN_STAR:BAM_SORT_STATS_SAMTOOLS:BAM_STATS_SAMTOOLS:SAMTOOLS_STATS,1700846407000,1700846620000,2,47.9,,1073741824.0,,,0.11401109691806248,0.11401109691806248,0.0,734.81904,
954,NFCORE_RNASEQ:RNASEQ:ALIGN_STAR:BAM_SORT_STATS_SAMTOOLS:BAM_STATS_SAMTOOLS:SAMTOOLS_STATS,1700846409000,1700846619000,2,63.4,,1073741824.0,,,0.14334137976375,0.14334137976375,0.0,734.81904,
999,NFCORE_RNASEQ:RNASEQ:BAM_RSEQC:RSEQC_READDISTRIBUTION,1700846458000,1700846623000,2,102.0,,1734344704.0,,,0.1812799050077812,0.1812799050077812,0.0,734.81904,
1002,NFCORE_RNASEQ:RNASEQ:BAM_RSEQC:RSEQC_BAMSTAT,1700846458000,1700846619000,1,61.3,,1073741824.0,,,0.10668169798413747,0.10668169798413747,0.0,734.81904,
1001,NFCORE_RNASEQ:RNASEQ:BAM_RSEQC:RSEQC_JUNCTIONANNOTATION,1700846462000,1700846619000,2,63.9,,1073741824.0,,,0.1079108231585625,0.1079108231585625,0.0,734.81904,
898,NFCORE_RNASEQ:RNASEQ:ALIGN_STAR:BAM_SORT_STATS_SAMTOOLS:BAM_STATS_SAMTOOLS:SAMTOOLS_FLAGSTAT,1700846407000,1700846625000,3,10.6,,1073741824.0,,,0.039405206825549995,0.039405206825549995,0.0,734.81904,
1008,NFCORE_RNASEQ:RNASEQ:BEDGRAPH_BEDCLIP_BEDGRAPHTOBIGWIG_FORWARD:UCSC_BEDGRAPHTOBIGWIG,1700846580000,1700846632000,1,73.1,,1073741824.0,,,0.04028795922645,0.04028795922645,0.0,734.81904,
1009,NFCORE_RNASEQ:RNASEQ:BEDGRAPH_BEDCLIP_BEDGRAPHTOBIGWIG_REVERSE:UCSC_BEDGRAPHTOBIGWIG,1700846581000,1700846632000,1,74.0,,1073741824.0,,,0.03994943217705,0.03994943217705,0.0,734.81904,
960,NFCORE_RNASEQ:RNASEQ:ALIGN_STAR:BAM_SORT_STATS_SAMTOOLS:BAM_STATS_SAMTOOLS:SAMTOOLS_STATS,1700846409000,1700846639000,2,50.8,,1073741824.0,,,0.1294498554435,0.1294498554435,0.0,734.81904,
951,NFCORE_RNASEQ:RNASEQ:ALIGN_STAR:BAM_SORT_STATS_SAMTOOLS:BAM_STATS_SAMTOOLS:SAMTOOLS_STATS,1700846410000,1700846633000,2,56.6,,1073741824.0,,,0.137802770550675,0.137802770550675,0.0,734.81904,
937,NFCORE_RNASEQ:RNASEQ:ALIGN_STAR:BAM_SORT_STATS_SAMTOOLS:BAM_STATS_SAMTOOLS:SAMTOOLS_FLAGSTAT,1700846411000,1700846639000,3,10.6,,1073741824.0,,,0.0412127851203,0.0412127851203,0.0,734.81904,
946,NFCORE_RNASEQ:RNASEQ:ALIGN_STAR:BAM_SORT_STATS_SAMTOOLS:BAM_STATS_SAMTOOLS:SAMTOOLS_STATS,1700846419000,1700846640000,2,45.2,,1073741824.0,,,0.11262206568015,0.11262206568015,0.0,734.81904,
998,NFCORE_RNASEQ:RNASEQ:BAM_RSEQC:RSEQC_READDUPLICATION,1700846473000,1700846639000,2,104.8,,10159652864.0,,,0.2910177676841062,0.2910177676841062,0.0,734.81904,
941,NFCORE_RNASEQ:RNASEQ:ALIGN_STAR:BAM_SORT_STATS_SAMTOOLS:BAM_STATS_SAMTOOLS:SAMTOOLS_FLAGSTAT,1700846410000,1700846640000,3,15.5,,1073741824.0,,,0.052285500228375,0.052285500228375,0.0,734.81904,
916,NFCORE_RNASEQ:RNASEQ:ALIGN_STAR:BAM_SORT_STATS_SAMTOOLS:BAM_STATS_SAMTOOLS:SAMTOOLS_FLAGSTAT,1700846404000,1700846648000,3,9.8,,1073741824.0,,,0.042249696432300005,0.042249696432300005,0.0,734.81904,
977,NFCORE_RNASEQ:RNASEQ:ALIGN_STAR:BAM_SORT_STATS_SAMTOOLS:BAM_STATS_SAMTOOLS:SAMTOOLS_STATS,1700846415000,1700846666000,2,48.4,,1073741824.0,,,0.13554387813825,0.13554387813825,0.0,734.81904,
1017,NFCORE_RNASEQ:RNASEQ:BAM_MARKDUPLICATES_PICARD:SAMTOOLS_INDEX,1700846640000,1700846665000,1,98.5,,1073741824.0,,,0.025404359037187497,0.025404359037187497,0.0,734.81904,
1029,NFCORE_RNASEQ:RNASEQ:BEDGRAPH_BEDCLIP_BEDGRAPHTOBIGWIG_REVERSE:UCSC_BEDCLIP,1700846645000,1700846661000,1,69.5,,1073741824.0,,,0.0118488549618,0.0118488549618,0.0,734.81904,
1028,NFCORE_RNASEQ:RNASEQ:BEDGRAPH_BEDCLIP_BEDGRAPHTOBIGWIG_FORWARD:UCSC_BEDCLIP,1700846645000,1700846665000,1,53.8,,1073741824.0,,,0.0118267593615,0.0118267593615,0.0,734.81904,
899,NFCORE_RNASEQ:RNASEQ:ALIGN_STAR:BAM_SORT_STATS_SAMTOOLS:BAM_STATS_SAMTOOLS:SAMTOOLS_STATS,1700846400000,1700846657000,2,43.1,,1073741824.0,,,0.12583834105601252,0.12583834105601252,0.0,734.81904,
925,NFCORE_RNASEQ:RNASEQ:ALIGN_STAR:BAM_SORT_STATS_SAMTOOLS:BAM_STATS_SAMTOOLS:SAMTOOLS_STATS,1700846408000,1700846669000,2,36.1,,1073741824.0,,,0.11043279609603751,0.11043279609603751,0.0,734.81904,
983,NFCORE_RNASEQ:RNASEQ:ALIGN_STAR:BAM_SORT_STATS_SAMTOOLS:BAM_STATS_SAMTOOLS:SAMTOOLS_STATS,1700846410000,1700846674000,2,38.3,,1073741824.0,,,0.11722216044329999,0.11722216044329999,0.0,734.81904,
991,NFCORE_RNASEQ:RNASEQ:ALIGN_STAR:BAM_SORT_STATS_SAMTOOLS:BAM_STATS_SAMTOOLS:SAMTOOLS_FLAGSTAT,1700846411000,1700846678000,3,15.6,,1073741824.0,,,0.06095040725295,0.06095040725295,0.0,734.81904,
967,NFCORE_RNASEQ:RNASEQ:ALIGN_STAR:BAM_SORT_STATS_SAMTOOLS:BAM_STATS_SAMTOOLS:SAMTOOLS_FLAGSTAT,1700846415000,1700846673000,3,13.0,,1073741824.0,,,0.052520501991150007,0.052520501991150007,0.0,734.81904,
1026,NFCORE_RNASEQ:RNASEQ:BAM_MARKDUPLICATES_PICARD:SAMTOOLS_INDEX,1700846645000,1700846679000,1,54.3,,1073741824.0,,,0.020267061802424997,0.020267061802424997,0.0,734.81904,
1030,NFCORE_RNASEQ:RNASEQ:BAM_RSEQC:RSEQC_INFEREXPERIMENT,1700846672000,1700846675000,5,312.4,,1073741824.0,,,0.00914734889325,0.00914734889325,0.0,734.81904,
927,NFCORE_RNASEQ:RNASEQ:ALIGN_STAR:BAM_SORT_STATS_SAMTOOLS:BAM_STATS_SAMTOOLS:SAMTOOLS_FLAGSTAT,1700846404000,1700846681000,3,9.9,,1073741824.0,,,0.048227060225812496,0.048227060225812496,0.0,734.81904,
1021,NFCORE_RNASEQ:RNASEQ:SUBREAD_FEATURECOUNTS,1700846640000,1700846691000,2,164.9,,1073741824.0,,,0.0840098133005625,0.0840098133005625,0.0,734.81904,
1052,NFCORE_RNASEQ:RNASEQ:BAM_RSEQC:RSEQC_INFEREXPERIMENT,1700846689000,1700846694000,5,355.6,,1073741824.0,,,0.01729848218175,0.01729848218175,0.0,734.81904,
1015,NFCORE_RNASEQ:RNASEQ:SUBREAD_FEATURECOUNTS,1700846623000,1700846695000,2,107.8,,1073741824.0,,,0.07952854617539999,0.07952854617539999,0.0,734.81904,
905,NFCORE_RNASEQ:RNASEQ:ALIGN_STAR:BAM_SORT_STATS_SAMTOOLS:BAM_STATS_SAMTOOLS:SAMTOOLS_STATS,1700846407000,1700846700000,2,47.7,,1073741824.0,,,0.1584086719557375,0.1584086719557375,0.0,734.81904,
936,NFCORE_RNASEQ:RNASEQ:ALIGN_STAR:BAM_SORT_STATS_SAMTOOLS:BAM_STATS_SAMTOOLS:SAMTOOLS_STATS,1700846409000,1700846700000,2,37.0,,1073741824.0,,,0.132522049651725,0.132522049651725,0.0,734.81904,
950,NFCORE_RNASEQ:RNASEQ:ALIGN_STAR:BAM_SORT_STATS_SAMTOOLS:BAM_STATS_SAMTOOLS:SAMTOOLS_STATS,1700846409000,1700846700000,2,49.0,,1073741824.0,,,0.160986796039125,0.160986796039125,0.0,734.81904,
1014,NFCORE_RNASEQ:RNASEQ:BAM_MARKDUPLICATES_PICARD:SAMTOOLS_INDEX,1700846623000,1700846700000,1,19.5,,1073741824.0,,,0.023881044722625,0.023881044722625,0.0,734.81904,
1027,NFCORE_RNASEQ:RNASEQ:SUBREAD_FEATURECOUNTS,1700846645000,1700846700000,2,100.0,,1073741824.0,,,0.0783127268388,0.0783127268388,0.0,734.81904,
1037,NFCORE_RNASEQ:RNASEQ:BEDGRAPH_BEDCLIP_BEDGRAPHTOBIGWIG_REVERSE:UCSC_BEDGRAPHTOBIGWIG,1700846673000,1700846700000,1,96.5,,1073741824.0,,,0.030912146673862495,0.030912146673862495,0.0,734.81904,
1038,NFCORE_RNASEQ:RNASEQ:BEDGRAPH_BEDCLIP_BEDGRAPHTOBIGWIG_FORWARD:UCSC_BEDGRAPHTOBIGWIG,1700846674000,1700846700000,1,93.7,,1073741824.0,,,0.029116630382624995,0.029116630382624995,0.0,734.81904,
1045,NFCORE_RNASEQ:RNASEQ:QUANTIFY_STAR_SALMON:SALMON_TX2GENE,1700846678000,1700846700000,1,97.3,,7932477440.0,,,0.062150753609634374,0.062150753609634374,0.0,734.81904,
1053,NFCORE_RNASEQ:RNASEQ:MULTIQC_CUSTOM_BIOTYPE,1700846692000,1700846700000,1,8.8,,1073741824.0,,,0.0019638038844,0.0019638038844,0.0,734.81904,
1044,NFCORE_RNASEQ:RNASEQ:SUBREAD_FEATURECOUNTS,1700846676000,1700846700000,2,129.0,,1073741824.0,,,0.079669144103175,0.079669144103175,0.0,734.81904,
1040,NFCORE_RNASEQ:RNASEQ:BAM_MARKDUPLICATES_PICARD:SAMTOOLS_INDEX,1700846676000,1700846700000,1,30.2,,1073741824.0,,,0.024958690013699998,0.024958690013699998,0.0,734.81904,
1031,NFCORE_RNASEQ:RNASEQ:BAM_RSEQC:RSEQC_INNERDISTANCE,1700846672000,1700846700000,2,84.7,,1523580928.0,,,0.07715720476248748,0.07715720476248748,0.0,734.81904,
1048,NFCORE_RNASEQ:RNASEQ:BAM_RSEQC:RSEQC_INNERDISTANCE,1700846689000,1700846700000,2,83.8,,1523580928.0,,,0.07279875192374999,0.07279875192374999,0.0,734.81904,
1034,NFCORE_RNASEQ:RNASEQ:BAM_RSEQC:RSEQC_BAMSTAT,1700846672000,1700846700000,1,101.2,,1073741824.0,,,0.10835090449560002,0.10835090449560002,0.0,734.81904,
1022,NFCORE_RNASEQ:RNASEQ:STRINGTIE_STRINGTIE,1700846645000,1700846700000,2,137.1,,1333788672.0,,,0.20475238843057497,0.20475238843057497,0.0,734.81904,
1035,NFCORE_RNASEQ:RNASEQ:BAM_RSEQC:RSEQC_JUNCTIONANNOTATION,1700846672000,1700846700000,2,105.4,,1073741824.0,,,0.128728622901375,0.128728622901375,0.0,734.81904,
1033,NFCORE_RNASEQ:RNASEQ:BAM_RSEQC:RSEQC_JUNCTIONSATURATION,1700846672000,1700846700000,2,105.4,,2000683008.0,,,0.14155177009083753,0.14155177009083753,0.0,734.81904,
1019,NFCORE_RNASEQ:RNASEQ:STRINGTIE_STRINGTIE,1700846640000,1700846700000,2,129.5,,1333788672.0,,,0.2088385627489875,0.2088385627489875,0.0,734.81904,
1012,NFCORE_RNASEQ:RNASEQ:STRINGTIE_STRINGTIE,1700846623000,1700846700000,2,97.2,,1333788672.0,,,0.18212910896474999,0.18212910896474999,0.0,734.81904,
1024,NFCORE_RNASEQ:RNASEQ:DUPRADAR,1700846645000,1700846700000,2,165.5,,1097859072.0,,,0.27965290619455313,0.27965290619455313,0.0,734.81904,
1046,NFCORE_RNASEQ:RNASEQ:BAM_RSEQC:RSEQC_JUNCTIONANNOTATION,1700846689000,1700846700000,2,92.4,,1073741824.0,,,0.10827647855325001,0.10827647855325001,0.0,734.81904,
1049,NFCORE_RNASEQ:RNASEQ:BAM_RSEQC:RSEQC_BAMSTAT,1700846689000,1700846700000,1,83.3,,1073741824.0,,,0.10547702850588749,0.10547702850588749,0.0,734.81904,
1051,NFCORE_RNASEQ:RNASEQ:BAM_RSEQC:RSEQC_JUNCTIONSATURATION,1700846689000,1700846700000,2,106.4,,2000683008.0,,,0.15896542495128752,0.15896542495128752,0.0,734.81904,
1011,NFCORE_RNASEQ:RNASEQ:DUPRADAR,1700846623000,1700846700000,2,134.0,,1097859072.0,,,0.2615863276209656,0.2615863276209656,0.0,734.81904,
1041,NFCORE_RNASEQ:RNASEQ:STRINGTIE_STRINGTIE,1700846676000,1700846700000,2,142.4,,1333788672.0,,,0.21791785795875002,0.21791785795875002,0.0,734.81904,
1020,NFCORE_RNASEQ:RNASEQ:DUPRADAR,1700846640000,1700846700000,2,141.9,,1097859072.0,,,0.29324276561151563,0.29324276561151563,0.0,734.81904,
1032,NFCORE_RNASEQ:RNASEQ:BAM_RSEQC:RSEQC_READDISTRIBUTION,1700846672000,1700846700000,2,100.5,,1734344704.0,,,0.1973625901781625,0.1973625901781625,0.0,734.81904,
1050,NFCORE_RNASEQ:RNASEQ:BAM_RSEQC:RSEQC_READDISTRIBUTION,1700846689000,1700846700000,2,101.9,,1734344704.0,,,0.18661166457468753,0.18661166457468753,0.0,734.81904,
1036,NFCORE_RNASEQ:RNASEQ:BAM_RSEQC:RSEQC_READDUPLICATION,1700846672000,1700846700000,2,103.6,,10159652864.0,,,0.3274422467738625,0.3274422467738625,0.0,734.81904,
1043,NFCORE_RNASEQ:RNASEQ:DUPRADAR,1700846675000,1700846700000,2,149.2,,1097859072.0,,,0.3044660899189219,0.3044660899189219,0.0,734.81904,
1013,NFCORE_RNASEQ:RNASEQ:BEDTOOLS_GENOMECOV,1700846623000,1700846700000,2,102.8,,5999951872.0,,,0.37739605838934376,0.37739605838934376,0.0,734.81904,
1047,NFCORE_RNASEQ:RNASEQ:BAM_RSEQC:RSEQC_READDUPLICATION,1700846689000,1700846700000,2,93.9,,10159652864.0,,,0.3233066316361875,0.3233066316361875,0.0,734.81904,
1016,NFCORE_RNASEQ:RNASEQ:BEDTOOLS_GENOMECOV,1700846640000,1700846700000,2,115.7,,5999951872.0,,,0.4114328029678125,0.4114328029678125,0.0,734.81904,
1023,NFCORE_RNASEQ:RNASEQ:BEDTOOLS_GENOMECOV,1700846645000,1700846700000,2,110.5,,5999951872.0,,,0.4042759079064375,0.4042759079064375,0.0,734.81904,
1042,NFCORE_RNASEQ:RNASEQ:BEDTOOLS_GENOMECOV,1700846676000,1700846700000,2,114.1,,5999951872.0,,,0.4272977597257688,0.4272977597257688,0.0,734.81904,
1010,NFCORE_RNASEQ:RNASEQ:QUALIMAP_RNASEQ,1700846623000,1700846700000,2,103.3,,10797187072.0,,,1.8909000832799707,1.8909000832799707,0.0,737.200398,
1025,NFCORE_RNASEQ:RNASEQ:QUALIMAP_RNASEQ,1700846645000,1700846700000,2,106.1,,10797187072.0,,,2.024759106762369,2.024759106762369,0.0,737.200398,
1018,NFCORE_RNASEQ:RNASEQ:QUALIMAP_RNASEQ,1700846640000,1700846700000,2,107.8,,10797187072.0,,,2.0794879355979883,2.0794879355979883,0.0,737.200398,
1039,NFCORE_RNASEQ:RNASEQ:QUALIMAP_RNASEQ,1700846676000,1700846700000,2,106.8,,10797187072.0,,,2.149286075564767,2.149286075564767,0.0,737.200398,
1054,NFCORE_RNASEQ:RNASEQ:MULTIQC_CUSTOM_BIOTYPE,1700846700000,1700846704000,1,47.5,,1073741824.0,,,0.0021258467914500004,0.0021258467914500004,0.0,734.81904,
1070,NFCORE_RNASEQ:RNASEQ:MULTIQC_CUSTOM_BIOTYPE,1700846727000,1700846731000,1,21.7,,1073741824.0,,,0.0011450164603499999,0.0011450164603499999,0.0,734.81904,
1062,NFCORE_RNASEQ:RNASEQ:BEDGRAPH_BEDCLIP_BEDGRAPHTOBIGWIG_REVERSE:UCSC_BEDCLIP,1700846720000,1700846754000,1,78.6,,1073741824.0,,,0.02811940695315,0.02811940695315,0.0,734.81904,
1061,NFCORE_RNASEQ:RNASEQ:BEDGRAPH_BEDCLIP_BEDGRAPHTOBIGWIG_FORWARD:UCSC_BEDCLIP,1700846720000,1700846754000,1,64.7,,1073741824.0,,,0.023627736270225002,0.023627736270225002,0.0,734.81904,
1068,NFCORE_RNASEQ:RNASEQ:BAM_RSEQC:RSEQC_INFEREXPERIMENT,1700846726000,1700846757000,5,22.1,,1073741824.0,,,0.0089917292741625,0.0089917292741625,0.0,734.81904,
1072,NFCORE_RNASEQ:RNASEQ:MULTIQC_CUSTOM_BIOTYPE,1700846742000,1700846755000,1,2.7,,1073741824.0,,,0.0013737735370125,0.0013737735370125,0.0,734.81904,
1059,NFCORE_RNASEQ:RNASEQ:BAM_MARKDUPLICATES_PICARD:SAMTOOLS_INDEX,1700846712000,1700846763000,1,48.4,,1073741824.0,,,0.027540787988249996,0.027540787988249996,0.0,734.81904,
1076,NFCORE_RNASEQ:RNASEQ:BAM_RSEQC:RSEQC_INFEREXPERIMENT,1700846758000,1700846765000,5,284.9,,1073741824.0,,,0.019514261383312498,0.019514261383312498,0.0,734.81904,
1086,NFCORE_RNASEQ:RNASEQ:BAM_RSEQC:RSEQC_INFEREXPERIMENT,1700846767000,1700846770000,5,295.0,,1073741824.0,,,0.008651231225775,0.008651231225775,0.0,734.81904,
1080,NFCORE_RNASEQ:RNASEQ:BEDGRAPH_BEDCLIP_BEDGRAPHTOBIGWIG_REVERSE:UCSC_BEDGRAPHTOBIGWIG,1700846762000,1700846786000,1,86.4,,1073741824.0,,,0.021628173744000005,0.021628173744000005,0.0,734.81904,
1081,NFCORE_RNASEQ:RNASEQ:BEDGRAPH_BEDCLIP_BEDGRAPHTOBIGWIG_FORWARD:UCSC_BEDGRAPHTOBIGWIG,1700846762000,1700846786000,1,86.4,,1073741824.0,,,0.021628173744000005,0.021628173744000005,0.0,734.81904,
1060,NFCORE_RNASEQ:RNASEQ:SUBREAD_FEATURECOUNTS,1700846713000,1700846810000,2,98.0,,1073741824.0,,,0.09810796082534999,0.09810796082534999,0.0,734.81904,
1066,NFCORE_RNASEQ:RNASEQ:BAM_RSEQC:RSEQC_INNERDISTANCE,1700846725000,1700846811000,2,80.9,,1523580928.0,,,0.07588831835120625,0.07588831835120625,0.0,734.81904,
1069,NFCORE_RNASEQ:RNASEQ:BAM_RSEQC:RSEQC_JUNCTIONANNOTATION,1700846725000,1700846815000,2,106.3,,1073741824.0,,,0.098127619786125,0.098127619786125,0.0,734.81904,
1065,NFCORE_RNASEQ:RNASEQ:BAM_RSEQC:RSEQC_BAMSTAT,1700846726000,1700846817000,1,103.3,,1073741824.0,,,0.09662328829676249,0.09662328829676249,0.0,734.81904,
1071,NFCORE_RNASEQ:RNASEQ:QUANTIFY_STAR_SALMON:SALMON_TXIMPORT,1700846730000,1700846817000,1,96.8,,2231369728.0,,,0.09450653106375001,0.09450653106375001,0.0,734.81904,
1074,NFCORE_RNASEQ:RNASEQ:BAM_RSEQC:RSEQC_INNERDISTANCE,1700846758000,1700846824000,2,109.1,,1523580928.0,,,0.07592903319436875,0.07592903319436875,0.0,734.81904,
1089,NFCORE_RNASEQ:RNASEQ:MULTIQC_CUSTOM_BIOTYPE,1700846828000,1700846829000,1,56.5,,1073741824.0,,,0.0006169992267375001,0.0006169992267375001,0.0,734.81904,
1088,NFCORE_RNASEQ:RNASEQ:BAM_RSEQC:RSEQC_INNERDISTANCE,1700846767000,1700846834000,2,108.4,,1523580928.0,,,0.07663372752411562,0.07663372752411562,0.0,734.81904,
1063,NFCORE_RNASEQ:RNASEQ:BAM_RSEQC:RSEQC_JUNCTIONSATURATION,1700846725000,1700846839000,2,103.8,,2000683008.0,,,0.12946076291362502,0.12946076291362502,0.0,734.81904,
1091,NFCORE_RNASEQ:RNASEQ:QUANTIFY_STAR_SALMON:SALMON_SE_GENE_LENGTH_SCALED,1700846830000,1700846845000,1,124.3,,1306525696.0,,,0.01918092973415625,0.01918092973415625,0.0,734.81904,
1094,NFCORE_RNASEQ:RNASEQ:QUANTIFY_STAR_SALMON:SALMON_SE_GENE_SCALED,1700846831000,1700846846000,1,114.7,,1117782016.0,,,0.017601355836843746,0.017601355836843746,0.0,734.81904,
1093,NFCORE_RNASEQ:RNASEQ:QUANTIFY_STAR_SALMON:SALMON_SE_TRANSCRIPT,1700846831000,1700846856000,1,112.0,,1358954496.0,,,0.029143356873750005,0.029143356873750005,0.0,734.81904,
1092,NFCORE_RNASEQ:RNASEQ:QUANTIFY_STAR_SALMON:SALMON_SE_GENE,1700846831000,1700846855000,1,125.7,,1099956224.0,,,0.030639389755724996,0.030639389755724996,0.0,734.81904,
1090,NFCORE_RNASEQ:RNASEQ:DESEQ2_QC_STAR_SALMON,1700846831000,1700846860000,2,211.9,,1522532352.0,,,0.06169432223002499,0.06169432223002499,0.0,734.81904,
1078,NFCORE_RNASEQ:RNASEQ:BAM_RSEQC:RSEQC_BAMSTAT,1700846758000,1700846865000,1,100.1,,1073741824.0,,,0.1103577705617625,0.1103577705617625,0.0,734.81904,
1057,NFCORE_RNASEQ:RNASEQ:STRINGTIE_STRINGTIE,1700846712000,1700846874000,2,137.3,,1333788672.0,,,0.22749894144472502,0.22749894144472502,0.0,734.81904,
1073,NFCORE_RNASEQ:RNASEQ:BAM_RSEQC:RSEQC_JUNCTIONANNOTATION,1700846758000,1700846878000,2,89.2,,1073741824.0,,,0.11133426979800001,0.11133426979800001,0.0,734.81904,
1064,NFCORE_RNASEQ:RNASEQ:BAM_RSEQC:RSEQC_READDISTRIBUTION,1700846726000,1700846889000,2,101.0,,1734344704.0,,,0.17753339313624375,0.17753339313624375,0.0,734.81904,
1077,NFCORE_RNASEQ:RNASEQ:BAM_RSEQC:RSEQC_JUNCTIONSATURATION,1700846758000,1700846887000,2,103.8,,2000683008.0,,,0.1464950738233125,0.1464950738233125,0.0,734.81904,
1083,NFCORE_RNASEQ:RNASEQ:BAM_RSEQC:RSEQC_JUNCTIONANNOTATION,1700846767000,1700846885000,2,102.7,,1073741824.0,,,0.124618841245575,0.124618841245575,0.0,734.81904,
1087,NFCORE_RNASEQ:RNASEQ:BAM_RSEQC:RSEQC_BAMSTAT,1700846767000,1700846889000,1,102.1,,1073741824.0,,,0.12814750351057502,0.12814750351057502,0.0,734.81904,
1067,NFCORE_RNASEQ:RNASEQ:BAM_RSEQC:RSEQC_READDUPLICATION,1700846725000,1700846894000,2,102.4,,10159652864.0,,,0.2924222336301094,0.2924222336301094,0.0,734.81904,
1096,NFCORE_RNASEQ:RNASEQ:BEDGRAPH_BEDCLIP_BEDGRAPHTOBIGWIG_FORWARD:UCSC_BEDCLIP,1700846891000,1700846897000,1,99.6,,1073741824.0,,,0.0061597736901,0.0061597736901,0.0,734.81904,
1095,NFCORE_RNASEQ:RNASEQ:BEDGRAPH_BEDCLIP_BEDGRAPHTOBIGWIG_REVERSE:UCSC_BEDCLIP,1700846891000,1700846898000,1,99.8,,1073741824.0,,,0.0071997084762749994,0.0071997084762749994,0.0,734.81904,
1082,NFCORE_RNASEQ:RNASEQ:BAM_RSEQC:RSEQC_JUNCTIONSATURATION,1700846767000,1700846914000,2,103.8,,2000683008.0,,,0.1669362469149375,0.1669362469149375,0.0,734.81904,
1099,NFCORE_RNASEQ:RNASEQ:BEDGRAPH_BEDCLIP_BEDGRAPHTOBIGWIG_REVERSE:UCSC_BEDCLIP,1700846912000,1700846917000,1,98.6,,1073741824.0,,,0.0050856238923749995,0.0050856238923749995,0.0,734.81904,
1097,NFCORE_RNASEQ:RNASEQ:BEDGRAPH_BEDCLIP_BEDGRAPHTOBIGWIG_FORWARD:UCSC_BEDGRAPHTOBIGWIG,1700846902000,1700846921000,1,86.5,,1073741824.0,,,0.0171403621367625,0.0171403621367625,0.0,734.81904,
1098,NFCORE_RNASEQ:RNASEQ:BEDGRAPH_BEDCLIP_BEDGRAPHTOBIGWIG_REVERSE:UCSC_BEDGRAPHTOBIGWIG,1700846902000,1700846923000,1,77.1,,1073741824.0,,,0.0170684876494125,0.0170684876494125,0.0,734.81904,
1100,NFCORE_RNASEQ:RNASEQ:BEDGRAPH_BEDCLIP_BEDGRAPHTOBIGWIG_FORWARD:UCSC_BEDCLIP,1700846912000,1700846921000,1,81.8,,1073741824.0,,,0.007717092521174999,0.007717092521174999,0.0,734.81904,
1079,NFCORE_RNASEQ:RNASEQ:BAM_RSEQC:RSEQC_READDISTRIBUTION,1700846758000,1700846936000,2,102.3,,1734344704.0,,,0.19607008686153748,0.19607008686153748,0.0,734.81904,
1102,NFCORE_RNASEQ:RNASEQ:BEDGRAPH_BEDCLIP_BEDGRAPHTOBIGWIG_REVERSE:UCSC_BEDCLIP,1700846921000,1700846932000,1,90.8,,1073741824.0,,,0.01037291478795,0.01037291478795,0.0,734.81904,
1101,NFCORE_RNASEQ:RNASEQ:BEDGRAPH_BEDCLIP_BEDGRAPHTOBIGWIG_FORWARD:UCSC_BEDCLIP,1700846921000,1700846932000,1,99.7,,1073741824.0,,,0.0113033730187125,0.0113033730187125,0.0,734.81904,
1055,NFCORE_RNASEQ:RNASEQ:DUPRADAR,1700846713000,1700846942000,2,153.2,,1097859072.0,,,0.35216756636132807,0.35216756636132807,0.0,734.81904,
1075,NFCORE_RNASEQ:RNASEQ:BAM_RSEQC:RSEQC_READDUPLICATION,1700846758000,1700846951000,2,103.5,,10159652864.0,,,0.33596738668819687,0.33596738668819687,0.0,734.81904,
1103,NFCORE_RNASEQ:RNASEQ:BEDGRAPH_BEDCLIP_BEDGRAPHTOBIGWIG_REVERSE:UCSC_BEDGRAPHTOBIGWIG,1700846922000,1700846942000,1,95.8,,1073741824.0,,,0.019810262056499998,0.019810262056499998,0.0,734.81904,
1104,NFCORE_RNASEQ:RNASEQ:BAM_MARKDUPLICATES_PICARD:SAMTOOLS_INDEX,1700846927000,1700846953000,1,80.2,,1073741824.0,,,0.02189844937215,0.02189844937215,0.0,734.81904,
1110,NFCORE_RNASEQ:RNASEQ:BEDGRAPH_BEDCLIP_BEDGRAPHTOBIGWIG_FORWARD:UCSC_BEDGRAPHTOBIGWIG,1700846928000,1700846947000,1,98.2,,1073741824.0,,,0.019253139099975003,0.019253139099975003,0.0,734.81904,
1111,NFCORE_RNASEQ:RNASEQ:BEDGRAPH_BEDCLIP_BEDGRAPHTOBIGWIG_REVERSE:UCSC_BEDGRAPHTOBIGWIG,1700846938000,1700846956000,1,95.1,,1073741824.0,,,0.017709483310425,0.017709483310425,0.0,734.81904,
1112,NFCORE_RNASEQ:RNASEQ:BEDGRAPH_BEDCLIP_BEDGRAPHTOBIGWIG_FORWARD:UCSC_BEDGRAPHTOBIGWIG,1700846938000,1700846956000,1,96.0,,1073741824.0,,,0.017863450862399995,0.017863450862399995,0.0,734.81904,
1119,NFCORE_RNASEQ:RNASEQ:BAM_RSEQC:RSEQC_INFEREXPERIMENT,1700846961000,1700846964000,5,368.7,,1073741824.0,,,0.010752603185137499,0.010752603185137499,0.0,734.81904,
1084,NFCORE_RNASEQ:RNASEQ:BAM_RSEQC:RSEQC_READDISTRIBUTION,1700846767000,1700846976000,2,102.5,,1734344704.0,,,0.23061439876179374,0.23061439876179374,0.0,734.81904,
1109,NFCORE_RNASEQ:RNASEQ:SUBREAD_FEATURECOUNTS,1700846926000,1700846974000,2,162.0,,1073741824.0,,,0.07774507913039999,0.07774507913039999,0.0,734.81904,
1121,NFCORE_RNASEQ:RNASEQ:BEDGRAPH_BEDCLIP_BEDGRAPHTOBIGWIG_REVERSE:UCSC_BEDCLIP,1700846963000,1700846976000,1,93.1,,1073741824.0,,,0.012543073974112499,0.012543073974112499,0.0,734.81904,
1120,NFCORE_RNASEQ:RNASEQ:BEDGRAPH_BEDCLIP_BEDGRAPHTOBIGWIG_FORWARD:UCSC_BEDCLIP,1700846963000,1700846976000,1,94.0,,1073741824.0,,,0.01265427276165,0.01265427276165,0.0,734.81904,
1122,NFCORE_RNASEQ:RNASEQ:MULTIQC_CUSTOM_BIOTYPE,1700846977000,1700846979000,1,92.5,,1073741824.0,,,0.0019182986844749998,0.0019182986844749998,0.0,734.81904,
1085,NFCORE_RNASEQ:RNASEQ:BAM_RSEQC:RSEQC_READDUPLICATION,1700846767000,1700846994000,2,101.4,,10159652864.0,,,0.39062271340307814,0.39062271340307814,0.0,734.81904,
1123,NFCORE_RNASEQ:RNASEQ:BEDGRAPH_BEDCLIP_BEDGRAPHTOBIGWIG_REVERSE:UCSC_BEDGRAPHTOBIGWIG,1700846978000,1700847000000,1,99.5,,1073741824.0,,,0.02668283705292667,0.02668283705292667,0.0,736.179816,
1124,NFCORE_RNASEQ:RNASEQ:BEDGRAPH_BEDCLIP_BEDGRAPHTOBIGWIG_FORWARD:UCSC_BEDGRAPHTOBIGWIG,1700846978000,1700847000000,1,98.6,,1073741824.0,,,0.04279458327213333,0.04279458327213333,0.0,736.179816,
1115,NFCORE_RNASEQ:RNASEQ:BAM_RSEQC:RSEQC_INNERDISTANCE,1700846961000,1700847000000,2,109.0,,1523580928.0,,,0.07367376092450156,0.07367376092450156,0.0,736.179816,
1058,NFCORE_RNASEQ:RNASEQ:BEDTOOLS_GENOMECOV,1700846712000,1700847000000,2,111.4,,5999951872.0,,,0.4911261868148462,0.4911261868148462,0.0,736.179816,
1106,NFCORE_RNASEQ:RNASEQ:STRINGTIE_STRINGTIE,1700846926000,1700847000000,2,140.9,,1333788672.0,,,0.20174576562361748,0.20174576562361748,0.0,736.179816,
1116,NFCORE_RNASEQ:RNASEQ:BAM_RSEQC:RSEQC_BAMSTAT,1700846960000,1700847000000,1,103.9,,1073741824.0,,,0.11662996454848124,0.11662996454848124,0.0,736.179816,
1113,NFCORE_RNASEQ:RNASEQ:BAM_RSEQC:RSEQC_JUNCTIONANNOTATION,1700846961000,1700847000000,2,100.2,,1073741824.0,,,0.11279176956708334,0.11279176956708334,0.0,736.179816,
1108,NFCORE_RNASEQ:RNASEQ:DUPRADAR,1700846927000,1700847000000,2,168.1,,1097859072.0,,,0.30634004632949263,0.30634004632949263,0.0,736.179816,
1118,NFCORE_RNASEQ:RNASEQ:BAM_RSEQC:RSEQC_JUNCTIONSATURATION,1700846961000,1700847000000,2,104.1,,2000683008.0,,,0.1483850643980575,0.1483850643980575,0.0,736.179816,
1114,NFCORE_RNASEQ:RNASEQ:BAM_RSEQC:RSEQC_READDUPLICATION,1700846961000,1700847000000,2,103.3,,10159652864.0,,,0.3540453521692035,0.3540453521692035,0.0,736.179816,
1117,NFCORE_RNASEQ:RNASEQ:BAM_RSEQC:RSEQC_READDISTRIBUTION,1700846961000,1700847000000,2,69.5,,1734344704.0,,,0.2202581005253402,0.2202581005253402,0.0,736.179816,
1107,NFCORE_RNASEQ:RNASEQ:BEDTOOLS_GENOMECOV,1700846926000,1700847000000,2,101.7,,5999951872.0,,,0.46217959935555,0.46217959935555,0.0,736.179816,
1056,NFCORE_RNASEQ:RNASEQ:QUALIMAP_RNASEQ,1700846713000,1700847000000,2,106.6,,10797187072.0,,,2.550064077135793,2.550064077135793,0.0,733.514963,
1105,NFCORE_RNASEQ:RNASEQ:QUALIMAP_RNASEQ,1700846927000,1700847000000,2,105.6,,10797187072.0,,,2.2395671558233983,2.2395671558233983,0.0,733.514963,
1131,NFCORE_RNASEQ:RNASEQ:BEDGRAPH_BEDCLIP_BEDGRAPHTOBIGWIG_FORWARD:UCSC_BEDCLIP,1700847043000,1700847051000,1,97.2,,1073741824.0,,,0.008060294308626667,0.008060294308626667,0.0,737.540592,
1132,NFCORE_RNASEQ:RNASEQ:BEDGRAPH_BEDCLIP_BEDGRAPHTOBIGWIG_REVERSE:UCSC_BEDCLIP,1700847043000,1700847051000,1,83.6,,1073741824.0,,,0.007022410797773333,0.007022410797773333,0.0,737.540592,
1127,NFCORE_RNASEQ:RNASEQ:BAM_MARKDUPLICATES_PICARD:SAMTOOLS_INDEX,1700847026000,1700847069000,1,78.0,,1073741824.0,,,0.03544837762062834,0.03544837762062834,0.0,737.540592,
1176,NFCORE_RNASEQ:RNASEQ:BAM_MARKDUPLICATES_PICARD:BAM_STATS_SAMTOOLS:SAMTOOLS_IDXSTATS,1700847074000,1700847074000,1,33.4,,1073741824.0,,,0.0,0.0,0.0,737.540592,
1211,NFCORE_RNASEQ:RNASEQ:BAM_MARKDUPLICATES_PICARD:BAM_STATS_SAMTOOLS:SAMTOOLS_IDXSTATS,1700847074000,1700847075000,1,22.7,,1073741824.0,,,0.00029685368601791665,0.00029685368601791665,0.0,737.540592,
1219,NFCORE_RNASEQ:RNASEQ:BAM_MARKDUPLICATES_PICARD:BAM_STATS_SAMTOOLS:SAMTOOLS_IDXSTATS,1700847074000,1700847075000,1,49.6,,1073741824.0,,,0.00055346275258,0.00055346275258,0.0,737.540592,
1235,NFCORE_RNASEQ:RNASEQ:BAM_MARKDUPLICATES_PICARD:BAM_STATS_SAMTOOLS:SAMTOOLS_IDXSTATS,1700847074000,1700847076000,1,60.8,,1073741824.0,,,0.0013206074044533334,0.0013206074044533334,0.0,737.540592,
1236,NFCORE_RNASEQ:RNASEQ:BAM_MARKDUPLICATES_PICARD:BAM_STATS_SAMTOOLS:SAMTOOLS_IDXSTATS,1700847075000,1700847075000,1,51.8,,1073741824.0,,,0.0,0.0,0.0,737.540592,
1238,NFCORE_RNASEQ:RNASEQ:BAM_MARKDUPLICATES_PICARD:BAM_STATS_SAMTOOLS:SAMTOOLS_IDXSTATS,1700847075000,1700847076000,1,23.7,,1073741824.0,,,0.00030639305652208326,0.00030639305652208326,0.0,737.540592,
1234,NFCORE_RNASEQ:RNASEQ:BAM_MARKDUPLICATES_PICARD:BAM_STATS_SAMTOOLS:SAMTOOLS_IDXSTATS,1700847075000,1700847075000,1,32.5,,1073741824.0,,,0.0,0.0,0.0,737.540592,
1218,NFCORE_RNASEQ:RNASEQ:BAM_MARKDUPLICATES_PICARD:BAM_STATS_SAMTOOLS:SAMTOOLS_IDXSTATS,1700847074000,1700847075000,1,32.1,,1073741824.0,,,0.0003865237687570834,0.0003865237687570834,0.0,737.540592,
1174,NFCORE_RNASEQ:RNASEQ:BAM_MARKDUPLICATES_PICARD:BAM_STATS_SAMTOOLS:SAMTOOLS_IDXSTATS,1700847075000,1700847077000,1,3.5,,1073741824.0,,,0.0002273955446758333,0.0002273955446758333,0.0,737.540592,
1224,NFCORE_RNASEQ:RNASEQ:BAM_MARKDUPLICATES_PICARD:BAM_STATS_SAMTOOLS:SAMTOOLS_IDXSTATS,1700847075000,1700847087000,1,15.4,,1073741824.0,,,0.0027265953760500002,0.0027265953760500002,0.0,737.540592,
1151,NFCORE_RNASEQ:RNASEQ:BAM_MARKDUPLICATES_PICARD:BAM_STATS_SAMTOOLS:SAMTOOLS_IDXSTATS,1700847075000,1700847076000,1,4.5,,1073741824.0,,,0.00012323714284208332,0.00012323714284208332,0.0,737.540592,
1158,NFCORE_RNASEQ:RNASEQ:BAM_MARKDUPLICATES_PICARD:BAM_STATS_SAMTOOLS:SAMTOOLS_IDXSTATS,1700847075000,1700847079000,1,1.9,,1073741824.0,,,0.00039373911812499995,0.00039373911812499995,0.0,737.540592,
1233,NFCORE_RNASEQ:RNASEQ:BAM_MARKDUPLICATES_PICARD:BAM_STATS_SAMTOOLS:SAMTOOLS_IDXSTATS,1700847076000,1700847084000,1,43.6,,1073741824.0,,,0.003969812236439999,0.003969812236439999,0.0,737.540592,
1227,NFCORE_RNASEQ:RNASEQ:BAM_MARKDUPLICATES_PICARD:BAM_STATS_SAMTOOLS:SAMTOOLS_IDXSTATS,1700847075000,1700847079000,1,1.4,,1073741824.0,,,0.00037466037711666664,0.00037466037711666664,0.0,737.540592,
1206,NFCORE_RNASEQ:RNASEQ:BAM_MARKDUPLICATES_PICARD:BAM_STATS_SAMTOOLS:SAMTOOLS_IDXSTATS,1700847075000,1700847078000,1,11.3,,1073741824.0,,,0.00056431458681125,0.00056431458681125,0.0,737.540592,
1228,NFCORE_RNASEQ:RNASEQ:BAM_MARKDUPLICATES_PICARD:BAM_STATS_SAMTOOLS:SAMTOOLS_IDXSTATS,1700847075000,1700847079000,1,10.2,,1073741824.0,,,0.0007104462188633333,0.0007104462188633333,0.0,737.540592,
1185,NFCORE_RNASEQ:RNASEQ:BAM_MARKDUPLICATES_PICARD:BAM_STATS_SAMTOOLS:SAMTOOLS_FLAGSTAT,1700847076000,1700847087000,3,271.2,,1073741824.0,,,0.029341259819336666,0.029341259819336666,0.0,737.540592,
1195,NFCORE_RNASEQ:RNASEQ:BAM_MARKDUPLICATES_PICARD:BAM_STATS_SAMTOOLS:SAMTOOLS_IDXSTATS,1700847075000,1700847078000,1,2.9,,1073741824.0,,,0.00032392245010625,0.00032392245010625,0.0,737.540592,
1194,NFCORE_RNASEQ:RNASEQ:BAM_MARKDUPLICATES_PICARD:BAM_STATS_SAMTOOLS:SAMTOOLS_IDXSTATS,1700847075000,1700847086000,1,1.4,,1073741824.0,,,0.0010303160370708333,0.0010303160370708333,0.0,737.540592,
1217,NFCORE_RNASEQ:RNASEQ:BAM_MARKDUPLICATES_PICARD:BAM_STATS_SAMTOOLS:SAMTOOLS_IDXSTATS,1700847075000,1700847079000,1,10.1,,1073741824.0,,,0.0007066304706616666,0.0007066304706616666,0.0,737.540592,
1177,NFCORE_RNASEQ:RNASEQ:BAM_MARKDUPLICATES_PICARD:BAM_STATS_SAMTOOLS:SAMTOOLS_IDXSTATS,1700847076000,1700847087000,1,1.7,,1073741824.0,,,0.0010617959597345832,0.0010617959597345832,0.0,737.540592,
1210,NFCORE_RNASEQ:RNASEQ:BAM_MARKDUPLICATES_PICARD:BAM_STATS_SAMTOOLS:SAMTOOLS_IDXSTATS,1700847076000,1700847079000,1,6.5,,1073741824.0,,,0.00042694765155125,0.00042694765155125,0.0,737.540592,
1173,NFCORE_RNASEQ:RNASEQ:BAM_MARKDUPLICATES_PICARD:BAM_STATS_SAMTOOLS:SAMTOOLS_IDXSTATS,1700847077000,1700847087000,1,2.1,,1073741824.0,,,0.0010034265363208334,0.0010034265363208334,0.0,737.540592,
1199,NFCORE_RNASEQ:RNASEQ:BAM_MARKDUPLICATES_PICARD:BAM_STATS_SAMTOOLS:SAMTOOLS_IDXSTATS,1700847077000,1700847079000,1,10.5,,1073741824.0,,,0.00036094673173416665,0.00036094673173416665,0.0,737.540592,
1183,NFCORE_RNASEQ:RNASEQ:BAM_MARKDUPLICATES_PICARD:BAM_STATS_SAMTOOLS:SAMTOOLS_IDXSTATS,1700847078000,1700847086000,1,2.7,,1073741824.0,,,0.0008485302074766667,0.0008485302074766667,0.0,737.540592,
1142,NFCORE_RNASEQ:RNASEQ:BAM_MARKDUPLICATES_PICARD:BAM_STATS_SAMTOOLS:SAMTOOLS_IDXSTATS,1700847078000,1700847087000,1,2.0,,1073741824.0,,,0.0008944984492349999,0.0008944984492349999,0.0,737.540592,
1130,NFCORE_RNASEQ:RNASEQ:SUBREAD_FEATURECOUNTS,1700847025000,1700847086000,2,154.2,,1073741824.0,,,0.09462813534626582,0.09462813534626582,0.0,737.540592,
1133,NFCORE_RNASEQ:RNASEQ:BEDGRAPH_BEDCLIP_BEDGRAPHTOBIGWIG_FORWARD:UCSC_BEDGRAPHTOBIGWIG,1700847054000,1700847092000,1,100.5,,1073741824.0,,,0.03948263502719917,0.03948263502719917,0.0,737.540592,
1134,NFCORE_RNASEQ:RNASEQ:BEDGRAPH_BEDCLIP_BEDGRAPHTOBIGWIG_REVERSE:UCSC_BEDGRAPHTOBIGWIG,1700847066000,1700847092000,1,100.5,,1073741824.0,,,0.027014434492294164,0.027014434492294164,0.0,737.540592,
1135,NFCORE_RNASEQ:RNASEQ:BAM_RSEQC:RSEQC_INFEREXPERIMENT,1700847074000,1700847078000,5,300.8,,1073741824.0,,,0.011799010492906666,0.011799010492906666,0.0,737.540592,
1148,NFCORE_RNASEQ:RNASEQ:BAM_MARKDUPLICATES_PICARD:BAM_STATS_SAMTOOLS:SAMTOOLS_IDXSTATS,1700847079000,1700847082000,1,7.9,,1073741824.0,,,0.00046701300766875,0.00046701300766875,0.0,737.540592,
1145,NFCORE_RNASEQ:RNASEQ:BAM_MARKDUPLICATES_PICARD:BAM_STATS_SAMTOOLS:SAMTOOLS_IDXSTATS,1700847079000,1700847083000,1,2.8,,1073741824.0,,,0.00042808085194,0.00042808085194,0.0,737.540592,
1159,NFCORE_RNASEQ:RNASEQ:BAM_MARKDUPLICATES_PICARD:BAM_STATS_SAMTOOLS:SAMTOOLS_IDXSTATS,1700847079000,1700847086000,1,0.8,,1073741824.0,,,0.0006155903038366666,0.0006155903038366666,0.0,737.540592,
1186,NFCORE_RNASEQ:RNASEQ:BAM_MARKDUPLICATES_PICARD:BAM_STATS_SAMTOOLS:SAMTOOLS_IDXSTATS,1700847079000,1700847083000,1,22.5,,1073741824.0,,,0.0011797832476683331,0.0011797832476683331,0.0,737.540592,
1203,NFCORE_RNASEQ:RNASEQ:BAM_MARKDUPLICATES_PICARD:BAM_STATS_SAMTOOLS:SAMTOOLS_IDXSTATS,1700847083000,1700847095000,1,0.5,,1073741824.0,,,0.0010209559299049998,0.0010209559299049998,0.0,737.540592,
1189,NFCORE_RNASEQ:RNASEQ:BAM_MARKDUPLICATES_PICARD:BAM_STATS_SAMTOOLS:SAMTOOLS_IDXSTATS,1700847084000,1700847092000,1,1.8,,1073741824.0,,,0.0007798467398466666,0.0007798467398466666,0.0,737.540592,
1240,NFCORE_RNASEQ:RNASEQ:BAM_MARKDUPLICATES_PICARD:BAM_STATS_SAMTOOLS:SAMTOOLS_FLAGSTAT,1700847083000,1700847092000,3,328.6,,1073741824.0,,,0.028934524109182506,0.028934524109182506,0.0,737.540592,
1167,NFCORE_RNASEQ:RNASEQ:BAM_MARKDUPLICATES_PICARD:BAM_STATS_SAMTOOLS:SAMTOOLS_IDXSTATS,1700847084000,1700847098000,1,0.8,,1073741824.0,,,0.0012311806076733332,0.0012311806076733332,0.0,737.540592,
1239,NFCORE_RNASEQ:RNASEQ:BAM_MARKDUPLICATES_PICARD:BAM_STATS_SAMTOOLS:SAMTOOLS_IDXSTATS,1700847084000,1700847084000,1,23.1,,1073741824.0,,,0.0,0.0,0.0,737.540592,
1255,NFCORE_RNASEQ:RNASEQ:BAM_MARKDUPLICATES_PICARD:BAM_STATS_SAMTOOLS:SAMTOOLS_IDXSTATS,1700847084000,1700847093000,1,0.9,,1073741824.0,,,0.0008000586812437499,0.0008000586812437499,0.0,737.540592,
1245,NFCORE_RNASEQ:RNASEQ:BAM_MARKDUPLICATES_PICARD:BAM_STATS_SAMTOOLS:SAMTOOLS_FLAGSTAT,1700847093000,1700847101000,3,388.0,,1073741824.0,,,0.030252685849519997,0.030252685849519997,0.0,737.540592,
1251,NFCORE_RNASEQ:RNASEQ:BAM_MARKDUPLICATES_PICARD:BAM_STATS_SAMTOOLS:SAMTOOLS_IDXSTATS,1700847085000,1700847092000,1,4.4,,1073741824.0,,,0.0008559824405416667,0.0008559824405416667,0.0,737.540592,
1258,NFCORE_RNASEQ:RNASEQ:BAM_MARKDUPLICATES_PICARD:BAM_STATS_SAMTOOLS:SAMTOOLS_IDXSTATS,1700847084000,1700847087000,1,53.6,,1073741824.0,,,0.0017748607037900003,0.0017748607037900003,0.0,737.540592,
1256,NFCORE_RNASEQ:RNASEQ:BAM_MARKDUPLICATES_PICARD:BAM_STATS_SAMTOOLS:SAMTOOLS_IDXSTATS,1700847085000,1700847092000,1,28.7,,1073741824.0,,,0.002478629363300416,0.002478629363300416,0.0,737.540592,
1257,NFCORE_RNASEQ:RNASEQ:BAM_MARKDUPLICATES_PICARD:BAM_STATS_SAMTOOLS:SAMTOOLS_IDXSTATS,1700847084000,1700847086000,1,41.0,,1073741824.0,,,0.0009428483324883332,0.0009428483324883332,0.0,737.540592,
1252,NFCORE_RNASEQ:RNASEQ:BAM_MARKDUPLICATES_PICARD:BAM_STATS_SAMTOOLS:SAMTOOLS_IDXSTATS,1700847084000,1700847087000,1,94.1,,1073741824.0,,,0.00293389422004625,0.00293389422004625,0.0,737.540592,
1242,NFCORE_RNASEQ:RNASEQ:BAM_MARKDUPLICATES_PICARD:BAM_STATS_SAMTOOLS:SAMTOOLS_FLAGSTAT,1700847089000,1700847103000,3,183.3,,1073741824.0,,,0.025604272245819164,0.025604272245819164,0.0,737.540592,
1198,NFCORE_RNASEQ:RNASEQ:BAM_MARKDUPLICATES_PICARD:BAM_STATS_SAMTOOLS:SAMTOOLS_FLAGSTAT,1700847075000,1700847115000,3,71.6,,1073741824.0,,,0.030533156146866667,0.030533156146866667,0.0,737.540592,
1170,NFCORE_RNASEQ:RNASEQ:BAM_MARKDUPLICATES_PICARD:BAM_STATS_SAMTOOLS:SAMTOOLS_FLAGSTAT,1700847077000,1700847115000,3,60.9,,1073741824.0,,,0.025127790292529168,0.025127790292529168,0.0,737.540592,
1259,NFCORE_RNASEQ:RNASEQ:MULTIQC_CUSTOM_BIOTYPE,1700847113000,1700847123000,1,4.1,,1073741824.0,,,0.0011942139464041666,0.0011942139464041666,0.0,737.540592,
1214,NFCORE_RNASEQ:RNASEQ:BAM_MARKDUPLICATES_PICARD:BAM_STATS_SAMTOOLS:SAMTOOLS_FLAGSTAT,1700847075000,1700847134000,3,54.8,,1073741824.0,,,0.03558098127289834,0.03558098127289834,0.0,737.540592,
1190,NFCORE_RNASEQ:RNASEQ:BAM_MARKDUPLICATES_PICARD:BAM_STATS_SAMTOOLS:SAMTOOLS_FLAGSTAT,1700847080000,1700847137000,3,41.5,,1073741824.0,,,0.027143049535286255,0.027143049535286255,0.0,737.540592,
1241,NFCORE_RNASEQ:RNASEQ:BAM_MARKDUPLICATES_PICARD:BAM_STATS_SAMTOOLS:SAMTOOLS_FLAGSTAT,1700847088000,1700847134000,3,57.2,,1073741824.0,,,0.02879425054693667,0.02879425054693667,0.0,737.540592,
1136,NFCORE_RNASEQ:RNASEQ:BAM_RSEQC:RSEQC_INNERDISTANCE,1700847074000,1700847139000,2,110.0,,1523580928.0,,,0.07561360422493177,0.07561360422493177,0.0,737.540592,
1231,NFCORE_RNASEQ:RNASEQ:BAM_MARKDUPLICATES_PICARD:BAM_STATS_SAMTOOLS:SAMTOOLS_STATS,1700847074000,1700847139000,2,138.0,,1073741824.0,,,0.09078830183464165,0.09078830183464165,0.0,737.540592,
1223,NFCORE_RNASEQ:RNASEQ:BAM_MARKDUPLICATES_PICARD:BAM_STATS_SAMTOOLS:SAMTOOLS_STATS,1700847074000,1700847141000,2,137.9,,1073741824.0,,,0.09351787426256039,0.09351787426256039,0.0,737.540592,
1175,NFCORE_RNASEQ:RNASEQ:BAM_MARKDUPLICATES_PICARD:BAM_STATS_SAMTOOLS:SAMTOOLS_FLAGSTAT,1700847079000,1700847138000,3,44.0,,1073741824.0,,,0.029502494387643338,0.029502494387643338,0.0,737.540592,
1246,NFCORE_RNASEQ:RNASEQ:BAM_MARKDUPLICATES_PICARD:BAM_STATS_SAMTOOLS:SAMTOOLS_STATS,1700847084000,1700847164000,2,137.6,,1073741824.0,,,0.11143418855573334,0.11143418855573334,0.0,737.540592,
1244,NFCORE_RNASEQ:RNASEQ:BAM_MARKDUPLICATES_PICARD:BAM_STATS_SAMTOOLS:SAMTOOLS_STATS,1700847093000,1700847164000,2,138.1,,1073741824.0,,,0.09923648999611125,0.09923648999611125,0.0,737.540592,
1192,NFCORE_RNASEQ:RNASEQ:BAM_MARKDUPLICATES_PICARD:BAM_STATS_SAMTOOLS:SAMTOOLS_FLAGSTAT,1700847080000,1700847164000,3,29.0,,1073741824.0,,,0.02998394449631,0.02998394449631,0.0,737.540592,
1196,NFCORE_RNASEQ:RNASEQ:BAM_MARKDUPLICATES_PICARD:BAM_STATS_SAMTOOLS:SAMTOOLS_STATS,1700847085000,1700847168000,2,127.7,,1073741824.0,,,0.10777446988329957,0.10777446988329957,0.0,737.540592,
1213,NFCORE_RNASEQ:RNASEQ:BAM_MARKDUPLICATES_PICARD:BAM_STATS_SAMTOOLS:SAMTOOLS_FLAGSTAT,1700847075000,1700847171000,3,29.6,,1073741824.0,,,0.034816832879679994,0.034816832879679994,0.0,737.540592,
1143,NFCORE_RNASEQ:RNASEQ:BAM_MARKDUPLICATES_PICARD:BAM_STATS_SAMTOOLS:SAMTOOLS_FLAGSTAT,1700847080000,1700847173000,3,14.9,,1073741824.0,,,0.02068753343594375,0.02068753343594375,0.0,737.540592,
1200,NFCORE_RNASEQ:RNASEQ:BAM_MARKDUPLICATES_PICARD:BAM_STATS_SAMTOOLS:SAMTOOLS_FLAGSTAT,1700847074000,1700847179000,3,25.8,,1073741824.0,,,0.034274702130987496,0.034274702130987496,0.0,737.540592,
1152,NFCORE_RNASEQ:RNASEQ:BAM_MARKDUPLICATES_PICARD:BAM_STATS_SAMTOOLS:SAMTOOLS_FLAGSTAT,1700847075000,1700847184000,3,20.9,,1073741824.0,,,0.030485427283035417,0.030485427283035417,0.0,737.540592,
1171,NFCORE_RNASEQ:RNASEQ:BAM_MARKDUPLICATES_PICARD:BAM_STATS_SAMTOOLS:SAMTOOLS_FLAGSTAT,1700847080000,1700847183000,3,23.5,,1073741824.0,,,0.03136197378938875,0.03136197378938875,0.0,737.540592,
1146,NFCORE_RNASEQ:RNASEQ:BAM_MARKDUPLICATES_PICARD:BAM_STATS_SAMTOOLS:SAMTOOLS_FLAGSTAT,1700847077000,1700847188000,3,15.5,,1073741824.0,,,0.02532689424105875,0.02532689424105875,0.0,737.540592,
1161,NFCORE_RNASEQ:RNASEQ:BAM_MARKDUPLICATES_PICARD:BAM_STATS_SAMTOOLS:SAMTOOLS_FLAGSTAT,1700847077000,1700847194000,3,20.9,,1073741824.0,,,0.03272288983591875,0.03272288983591875,0.0,737.540592,
1163,NFCORE_RNASEQ:RNASEQ:BAM_MARKDUPLICATES_PICARD:BAM_STATS_SAMTOOLS:SAMTOOLS_STATS,1700847084000,1700847194000,2,81.7,,1073741824.0,,,0.0945644200340125,0.0945644200340125,0.0,737.540592,
1248,NFCORE_RNASEQ:RNASEQ:BAM_MARKDUPLICATES_PICARD:BAM_STATS_SAMTOOLS:SAMTOOLS_FLAGSTAT,1700847092000,1700847198000,3,32.6,,1073741824.0,,,0.04147710612497167,0.04147710612497167,0.0,737.540592,
1230,NFCORE_RNASEQ:RNASEQ:BAM_MARKDUPLICATES_PICARD:BAM_STATS_SAMTOOLS:SAMTOOLS_STATS,1700847075000,1700847198000,2,94.0,,1073741824.0,,,0.120172328764695,0.120172328764695,0.0,737.540592,
1156,NFCORE_RNASEQ:RNASEQ:BAM_MARKDUPLICATES_PICARD:BAM_STATS_SAMTOOLS:SAMTOOLS_STATS,1700847075000,1700847198000,2,56.4,,1073741824.0,,,0.07605464805702498,0.07605464805702498,0.0,737.540592,
1144,NFCORE_RNASEQ:RNASEQ:BAM_MARKDUPLICATES_PICARD:BAM_STATS_SAMTOOLS:SAMTOOLS_STATS,1700847077000,1700847198000,2,44.7,,1073741824.0,,,0.061313100290259596,0.061313100290259596,0.0,737.540592,
1250,NFCORE_RNASEQ:RNASEQ:BAM_MARKDUPLICATES_PICARD:BAM_STATS_SAMTOOLS:SAMTOOLS_FLAGSTAT,1700847101000,1700847199000,3,34.5,,1073741824.0,,,0.04012298928077416,0.04012298928077416,0.0,737.540592,
1155,NFCORE_RNASEQ:RNASEQ:BAM_MARKDUPLICATES_PICARD:BAM_STATS_SAMTOOLS:SAMTOOLS_FLAGSTAT,1700847079000,1700847203000,3,21.0,,1073741824.0,,,0.03479895776394333,0.03479895776394333,0.0,737.540592,
1168,NFCORE_RNASEQ:RNASEQ:BAM_MARKDUPLICATES_PICARD:BAM_STATS_SAMTOOLS:SAMTOOLS_STATS,1700847074000,1700847209000,2,71.7,,1073741824.0,,,0.10317818349748124,0.10317818349748124,0.0,737.540592,
1180,NFCORE_RNASEQ:RNASEQ:BAM_MARKDUPLICATES_PICARD:BAM_STATS_SAMTOOLS:SAMTOOLS_FLAGSTAT,1700847075000,1700847212000,3,18.3,,1073741824.0,,,0.03491862244454292,0.03491862244454292,0.0,737.540592,
1193,NFCORE_RNASEQ:RNASEQ:BAM_MARKDUPLICATES_PICARD:BAM_STATS_SAMTOOLS:SAMTOOLS_STATS,1700847079000,1700847208000,2,85.7,,1073741824.0,,,0.11582058958367376,0.11582058958367376,0.0,737.540592,
1165,NFCORE_RNASEQ:RNASEQ:BAM_MARKDUPLICATES_PICARD:BAM_STATS_SAMTOOLS:SAMTOOLS_STATS,1700847074000,1700847214000,2,67.6,,1073741824.0,,,0.1015239990317,0.1015239990317,0.0,737.540592,
1209,NFCORE_RNASEQ:RNASEQ:BAM_MARKDUPLICATES_PICARD:BAM_STATS_SAMTOOLS:SAMTOOLS_STATS,1700847075000,1700847218000,2,62.4,,1073741824.0,,,0.09660603738976666,0.09660603738976666,0.0,737.540592,
1149,NFCORE_RNASEQ:RNASEQ:BAM_MARKDUPLICATES_PICARD:BAM_STATS_SAMTOOLS:SAMTOOLS_FLAGSTAT,1700847079000,1700847218000,3,15.4,,1073741824.0,,,0.031583063105912496,0.031583063105912496,0.0,737.540592,
1184,NFCORE_RNASEQ:RNASEQ:BAM_MARKDUPLICATES_PICARD:BAM_STATS_SAMTOOLS:SAMTOOLS_FLAGSTAT,1700847084000,1700847224000,3,21.0,,1073741824.0,,,0.03928914586251667,0.03928914586251667,0.0,737.540592,
1154,NFCORE_RNASEQ:RNASEQ:BAM_MARKDUPLICATES_PICARD:BAM_STATS_SAMTOOLS:SAMTOOLS_FLAGSTAT,1700847083000,1700847219000,3,13.1,,1073741824.0,,,0.027917499168196663,0.027917499168196663,0.0,737.540592,
1249,NFCORE_RNASEQ:RNASEQ:BAM_MARKDUPLICATES_PICARD:BAM_STATS_SAMTOOLS:SAMTOOLS_FLAGSTAT,1700847100000,1700847229000,3,24.0,,1073741824.0,,,0.03989387792986,0.03989387792986,0.0,737.540592,
1166,NFCORE_RNASEQ:RNASEQ:BAM_MARKDUPLICATES_PICARD:BAM_STATS_SAMTOOLS:SAMTOOLS_FLAGSTAT,1700847074000,1700847219000,3,17.8,,1073741824.0,,,0.036266061729387504,0.036266061729387504,0.0,737.540592,
1221,NFCORE_RNASEQ:RNASEQ:BAM_MARKDUPLICATES_PICARD:BAM_STATS_SAMTOOLS:SAMTOOLS_FLAGSTAT,1700847074000,1700847237000,3,16.3,,1073741824.0,,,0.03843567951097376,0.03843567951097376,0.0,737.540592,
1226,NFCORE_RNASEQ:RNASEQ:BAM_MARKDUPLICATES_PICARD:BAM_STATS_SAMTOOLS:SAMTOOLS_STATS,1700847074000,1700847218000,2,81.7,,1073741824.0,,,0.12379342258998,0.12379342258998,0.0,737.540592,
1225,NFCORE_RNASEQ:RNASEQ:BAM_MARKDUPLICATES_PICARD:BAM_STATS_SAMTOOLS:SAMTOOLS_FLAGSTAT,1700847074000,1700847238000,3,19.7,,1073741824.0,,,0.04399063421888833,0.04399063421888833,0.0,737.540592,
1237,NFCORE_RNASEQ:RNASEQ:BAM_MARKDUPLICATES_PICARD:BAM_STATS_SAMTOOLS:SAMTOOLS_FLAGSTAT,1700847074000,1700847218000,3,17.7,,1073741824.0,,,0.03587858402357999,0.03587858402357999,0.0,737.540592,
1204,NFCORE_RNASEQ:RNASEQ:BAM_MARKDUPLICATES_PICARD:BAM_STATS_SAMTOOLS:SAMTOOLS_FLAGSTAT,1700847074000,1700847219000,3,24.6,,1073741824.0,,,0.04567188104649583,0.04567188104649583,0.0,737.540592,
1212,NFCORE_RNASEQ:RNASEQ:BAM_MARKDUPLICATES_PICARD:BAM_STATS_SAMTOOLS:SAMTOOLS_FLAGSTAT,1700847075000,1700847224000,3,15.8,,1073741824.0,,,0.03442377240133584,0.03442377240133584,0.0,737.540592,
1178,NFCORE_RNASEQ:RNASEQ:BAM_MARKDUPLICATES_PICARD:BAM_STATS_SAMTOOLS:SAMTOOLS_STATS,1700847076000,1700847224000,2,63.5,,1073741824.0,,,0.10153688038301166,0.10153688038301166,0.0,737.540592,
1220,NFCORE_RNASEQ:RNASEQ:BAM_MARKDUPLICATES_PICARD:BAM_STATS_SAMTOOLS:SAMTOOLS_FLAGSTAT,1700847075000,1700847234000,3,19.4,,1073741824.0,,,0.0421944283733125,0.0421944283733125,0.0,737.540592,
1162,NFCORE_RNASEQ:RNASEQ:BAM_MARKDUPLICATES_PICARD:BAM_STATS_SAMTOOLS:SAMTOOLS_STATS,1700847077000,1700847224000,2,64.0,,1073741824.0,,,0.10155196411247999,0.10155196411247999,0.0,737.540592,
1207,NFCORE_RNASEQ:RNASEQ:BAM_MARKDUPLICATES_PICARD:BAM_STATS_SAMTOOLS:SAMTOOLS_FLAGSTAT,1700847079000,1700847224000,3,26.0,,1073741824.0,,,0.04760837325884167,0.04760837325884167,0.0,737.540592,
1150,NFCORE_RNASEQ:RNASEQ:BAM_MARKDUPLICATES_PICARD:BAM_STATS_SAMTOOLS:SAMTOOLS_STATS,1700847079000,1700847238000,2,51.7,,1073741824.0,,,0.09118577347156123,0.09118577347156123,0.0,737.540592,
1197,NFCORE_RNASEQ:RNASEQ:BAM_MARKDUPLICATES_PICARD:BAM_STATS_SAMTOOLS:SAMTOOLS_STATS,1700847080000,1700847231000,2,68.3,,1073741824.0,,,0.11050919613219541,0.11050919613219541,0.0,737.540592,
1222,NFCORE_RNASEQ:RNASEQ:BAM_MARKDUPLICATES_PICARD:BAM_STATS_SAMTOOLS:SAMTOOLS_STATS,1700847075000,1700847241000,2,68.2,,1073741824.0,,,0.121328577296945,0.121328577296945,0.0,737.540592,
1229,NFCORE_RNASEQ:RNASEQ:BAM_MARKDUPLICATES_PICARD:BAM_STATS_SAMTOOLS:SAMTOOLS_FLAGSTAT,1700847075000,1700847241000,3,18.7,,1073741824.0,,,0.04294356986420749,0.04294356986420749,0.0,737.540592,
1191,NFCORE_RNASEQ:RNASEQ:BAM_MARKDUPLICATES_PICARD:BAM_STATS_SAMTOOLS:SAMTOOLS_STATS,1700847078000,1700847242000,2,58.9,,1073741824.0,,,0.105317339316075,0.105317339316075,0.0,737.540592,
1181,NFCORE_RNASEQ:RNASEQ:BAM_MARKDUPLICATES_PICARD:BAM_STATS_SAMTOOLS:SAMTOOLS_STATS,1700847079000,1700847244000,2,61.1,,1073741824.0,,,0.10942230970735622,0.10942230970735622,0.0,737.540592,
1188,NFCORE_RNASEQ:RNASEQ:BAM_MARKDUPLICATES_PICARD:BAM_STATS_SAMTOOLS:SAMTOOLS_FLAGSTAT,1700847084000,1700847241000,3,19.1,,1073741824.0,,,0.04121437649585792,0.04121437649585792,0.0,737.540592,
1232,NFCORE_RNASEQ:RNASEQ:BAM_MARKDUPLICATES_PICARD:BAM_STATS_SAMTOOLS:SAMTOOLS_STATS,1700847084000,1700847245000,2,66.3,,1073741824.0,,,0.1147560086399329,0.1147560086399329,0.0,737.540592,
1243,NFCORE_RNASEQ:RNASEQ:BAM_MARKDUPLICATES_PICARD:BAM_STATS_SAMTOOLS:SAMTOOLS_STATS,1700847084000,1700847248000,2,79.2,,1073741824.0,,,0.13707581159854668,0.13707581159854668,0.0,737.540592,
1125,NFCORE_RNASEQ:RNASEQ:STRINGTIE_STRINGTIE,1700847025000,1700847248000,2,142.3,,1333788672.0,,,0.32495838092716794,0.32495838092716794,0.0,737.540592,
1137,NFCORE_RNASEQ:RNASEQ:BAM_RSEQC:RSEQC_JUNCTIONSATURATION,1700847074000,1700847248000,2,105.1,,2000683008.0,,,0.20048765662912998,0.20048765662912998,0.0,737.540592,
1164,NFCORE_RNASEQ:RNASEQ:BAM_MARKDUPLICATES_PICARD:BAM_STATS_SAMTOOLS:SAMTOOLS_FLAGSTAT,1700847074000,1700847248000,3,15.6,,1073741824.0,,,0.039867603046269996,0.039867603046269996,0.0,737.540592,
1202,NFCORE_RNASEQ:RNASEQ:BAM_MARKDUPLICATES_PICARD:BAM_STATS_SAMTOOLS:SAMTOOLS_STATS,1700847077000,1700847248000,2,85.0,,1073741824.0,,,0.1523877561011025,0.1523877561011025,0.0,737.540592,
1160,NFCORE_RNASEQ:RNASEQ:BAM_MARKDUPLICATES_PICARD:BAM_STATS_SAMTOOLS:SAMTOOLS_FLAGSTAT,1700847079000,1700847252000,3,15.3,,1073741824.0,,,0.03914338556166542,0.03914338556166542,0.0,737.540592,
1147,NFCORE_RNASEQ:RNASEQ:BAM_MARKDUPLICATES_PICARD:BAM_STATS_SAMTOOLS:SAMTOOLS_STATS,1700847080000,1700847254000,2,37.6,,1073741824.0,,,0.07638431333622,0.07638431333622,0.0,737.540592,
1139,NFCORE_RNASEQ:RNASEQ:BAM_RSEQC:RSEQC_JUNCTIONANNOTATION,1700847074000,1700847259000,2,67.4,,1073741824.0,,,0.13380375629752084,0.13380375629752084,0.0,737.540592,
1153,NFCORE_RNASEQ:RNASEQ:BAM_MARKDUPLICATES_PICARD:BAM_STATS_SAMTOOLS:SAMTOOLS_STATS,1700847074000,1700847258000,2,45.8,,1073741824.0,,,0.09516721861820665,0.09516721861820665,0.0,737.540592,
1215,NFCORE_RNASEQ:RNASEQ:BAM_MARKDUPLICATES_PICARD:BAM_STATS_SAMTOOLS:SAMTOOLS_STATS,1700847075000,1700847259000,2,62.9,,1073741824.0,,,0.12518189397251667,0.12518189397251667,0.0,737.540592,
1169,NFCORE_RNASEQ:RNASEQ:BAM_MARKDUPLICATES_PICARD:BAM_STATS_SAMTOOLS:SAMTOOLS_FLAGSTAT,1700847084000,1700847260000,3,16.5,,1073741824.0,,,0.04183688764500667,0.04183688764500667,0.0,737.540592,
1216,NFCORE_RNASEQ:RNASEQ:BAM_MARKDUPLICATES_PICARD:BAM_STATS_SAMTOOLS:SAMTOOLS_STATS,1700847075000,1700847260000,2,63.8,,1073741824.0,,,0.12745053554174582,0.12745053554174582,0.0,737.540592,
1172,NFCORE_RNASEQ:RNASEQ:BAM_MARKDUPLICATES_PICARD:BAM_STATS_SAMTOOLS:SAMTOOLS_STATS,1700847080000,1700847264000,2,53.6,,1073741824.0,,,0.10885812316578666,0.10885812316578666,0.0,737.540592,
1247,NFCORE_RNASEQ:RNASEQ:BAM_MARKDUPLICATES_PICARD:BAM_STATS_SAMTOOLS:SAMTOOLS_STATS,1700847084000,1700847264000,2,70.4,,1073741824.0,,,0.13533869863200002,0.13533869863200002,0.0,737.540592,
1253,NFCORE_RNASEQ:RNASEQ:BAM_MARKDUPLICATES_PICARD:BAM_STATS_SAMTOOLS:SAMTOOLS_STATS,1700847084000,1700847265000,2,63.0,,1073741824.0,,,0.12331354743778582,0.12331354743778582,0.0,737.540592,
1261,NFCORE_RNASEQ:RNASEQ:BEDGRAPH_BEDCLIP_BEDGRAPHTOBIGWIG_FORWARD:UCSC_BEDCLIP,1700847256000,1700847266000,1,91.9,,1073741824.0,,,0.009569781249062501,0.009569781249062501,0.0,737.540592,
1260,NFCORE_RNASEQ:RNASEQ:BEDGRAPH_BEDCLIP_BEDGRAPHTOBIGWIG_REVERSE:UCSC_BEDCLIP,1700847256000,1700847269000,1,90.2,,1073741824.0,,,0.012229895535639164,0.012229895535639164,0.0,737.540592,
1157,NFCORE_RNASEQ:RNASEQ:BAM_MARKDUPLICATES_PICARD:BAM_STATS_SAMTOOLS:SAMTOOLS_STATS,1700847078000,1700847274000,2,47.8,,1073741824.0,,,0.10511320959180999,0.10511320959180999,0.0,737.540592,
1182,NFCORE_RNASEQ:RNASEQ:BAM_MARKDUPLICATES_PICARD:BAM_STATS_SAMTOOLS:SAMTOOLS_STATS,1700847078000,1700847279000,2,48.5,,1073741824.0,,,0.10913685845010872,0.10913685845010872,0.0,737.540592,
1140,NFCORE_RNASEQ:RNASEQ:BAM_RSEQC:RSEQC_BAMSTAT,1700847074000,1700847280000,1,61.0,,1073741824.0,,,0.13641558472346502,0.13641558472346502,0.0,737.540592,
1187,NFCORE_RNASEQ:RNASEQ:BAM_MARKDUPLICATES_PICARD:BAM_STATS_SAMTOOLS:SAMTOOLS_STATS,1700847075000,1700847289000,2,52.8,,1073741824.0,,,0.12497358997337332,0.12497358997337332,0.0,737.540592,
1179,NFCORE_RNASEQ:RNASEQ:BAM_MARKDUPLICATES_PICARD:BAM_STATS_SAMTOOLS:SAMTOOLS_STATS,1700847084000,1700847284000,2,49.8,,1073741824.0,,,0.11107412533616666,0.11107412533616666,0.0,737.540592,
1262,NFCORE_RNASEQ:RNASEQ:BEDGRAPH_BEDCLIP_BEDGRAPHTOBIGWIG_FORWARD:UCSC_BEDGRAPHTOBIGWIG,1700847271000,1700847289000,1,99.6,,1073741824.0,,,0.01854776300019,0.01854776300019,0.0,737.540592,
1201,NFCORE_RNASEQ:RNASEQ:BAM_MARKDUPLICATES_PICARD:BAM_STATS_SAMTOOLS:SAMTOOLS_STATS,1700847084000,1700847290000,2,56.3,,1073741824.0,,,0.12717956620133083,0.12717956620133083,0.0,737.540592,
1138,NFCORE_RNASEQ:RNASEQ:BAM_RSEQC:RSEQC_READDISTRIBUTION,1700847074000,1700847294000,2,94.4,,1734344704.0,,,0.22665192193485417,0.22665192193485417,0.0,737.540592,
1205,NFCORE_RNASEQ:RNASEQ:BAM_MARKDUPLICATES_PICARD:BAM_STATS_SAMTOOLS:SAMTOOLS_STATS,1700847075000,1700847299000,2,59.7,,1073741824.0,,,0.14555752840654665,0.14555752840654665,0.0,737.540592,
1254,NFCORE_RNASEQ:RNASEQ:BAM_MARKDUPLICATES_PICARD:BAM_STATS_SAMTOOLS:SAMTOOLS_STATS,1700847088000,1700847297000,2,60.8,,1073741824.0,,,0.13800347376537334,0.13800347376537334,0.0,737.540592,
1263,NFCORE_RNASEQ:RNASEQ:BEDGRAPH_BEDCLIP_BEDGRAPHTOBIGWIG_REVERSE:UCSC_BEDGRAPHTOBIGWIG,1700847271000,1700847297000,1,67.3,,1073741824.0,,,0.018780049873097497,0.018780049873097497,0.0,737.540592,
1208,NFCORE_RNASEQ:RNASEQ:BAM_MARKDUPLICATES_PICARD:BAM_STATS_SAMTOOLS:SAMTOOLS_STATS,1700847075000,1700847299000,2,61.5,,1073741824.0,,,0.14940380259382666,0.14940380259382666,0.0,737.540592,
1128,NFCORE_RNASEQ:RNASEQ:DUPRADAR,1700847025000,1700847300000,2,110.5,,1097859072.0,,,0.3510902043703504,0.3510902043703504,0.0,737.540592,
1141,NFCORE_RNASEQ:RNASEQ:BAM_RSEQC:RSEQC_READDUPLICATION,1700847074000,1700847300000,2,92.6,,10159652864.0,,,0.4190241079601578,0.4190241079601578,0.0,737.540592,
1129,NFCORE_RNASEQ:RNASEQ:BEDTOOLS_GENOMECOV,1700847025000,1700847300000,2,115.1,,5999951872.0,,,0.47949092043523545,0.47949092043523545,0.0,737.540592,
1126,NFCORE_RNASEQ:RNASEQ:QUALIMAP_RNASEQ,1700847025000,1700847300000,2,107.6,,10797187072.0,,,2.473829875826439,2.473829875826439,0.0,753.076118,
1264,NFCORE_RNASEQ:RNASEQ:CUSTOM_DUMPSOFTWAREVERSIONS,1700847306000,1700847324000,1,1.2,,1073741824.0,,,0.00165162996321,0.00165162996321,0.0,737.540592,
1265,NFCORE_RNASEQ:RNASEQ:BEDGRAPH_BEDCLIP_BEDGRAPHTOBIGWIG_REVERSE:UCSC_BEDCLIP,1700847341000,1700847351000,1,56.5,,1073741824.0,,,0.0061928440905875005,0.0061928440905875005,0.0,737.540592,
1266,NFCORE_RNASEQ:RNASEQ:BEDGRAPH_BEDCLIP_BEDGRAPHTOBIGWIG_FORWARD:UCSC_BEDCLIP,1700847341000,1700847351000,1,57.1,,1073741824.0,,,0.006250080313612501,0.006250080313612501,0.0,737.540592,
1267,NFCORE_RNASEQ:RNASEQ:BEDGRAPH_BEDCLIP_BEDGRAPHTOBIGWIG_REVERSE:UCSC_BEDGRAPHTOBIGWIG,1700847356000,1700847375000,1,99.9,,1073741824.0,,,0.01963256868985208,0.01963256868985208,0.0,737.540592,
1268,NFCORE_RNASEQ:RNASEQ:BEDGRAPH_BEDCLIP_BEDGRAPHTOBIGWIG_FORWARD:UCSC_BEDGRAPHTOBIGWIG,1700847356000,1700847378000,1,83.9,,1073741824.0,,,0.01937458953920417,0.01937458953920417,0.0,737.540592,
1269,NFCORE_RNASEQ:RNASEQ:MULTIQC,1700848379000,1700848474000,2,157.2,,1073741824.0,,,0.15719800907819306,0.15719800907819306,0.0,772.467176,
