workflow,footprint,makespan,flexible-6h,flexible-12h,flexible-24h,flexible-48h,flexible-96h
chipseq-feb-1,17531.798933301427,13607.0,0.0%:17531.798933301427:0.0|0.0%,0.0%:17531.798933301427:0.0|0.0%,0.0%:17531.755539761296:217.471|1.6%,0.2%:17498.033859270836:723.413|5.3%,0.2%:17498.033859270836:723.413|5.3%
chipseq-feb-2,17244.12473842102,13099.0,0.2%:17202.589814035553:278.14|2.1%,0.2%:17202.589814035553:278.14|2.1%,0.2%:17202.589814035553:278.14|2.1%,0.2%:17202.589814035553:278.14|2.1%,0.2%:17202.589814035553:278.14|2.1%
chipseq-feb-3,17482.778287998604,13266.0,0.0%:17482.778287998604:0.0|0.0%,0.0%:17482.778287998604:0.0|0.0%,0.3%:17438.31589259579:479.744|3.6%,0.3%:17438.31589259579:479.744|3.6%,0.3%:17438.31589259579:479.744|3.6%
