workflow,footprint,makespan,flexible-6h,flexible-12h,flexible-24h,flexible-48h,flexible-96h
chipseq-jan-1,20114.229195888773,13607.0,0.1%:20090.660130956465:851.413|6.3%,0.6%:20000.255747908945:1097.884|8.1%,1.0%:19908.26470759771:1927.297|14.2%,1.7%:19763.306306827126:1297.355|9.5%,1.9%:19734.78918980905:1557.826|11.4%
chipseq-jan-2,19681.213621053455,13099.0,0.1%:19665.62795162275:779.42|6.0%,0.5%:19583.678177724487:1040.56|7.9%,0.9%:19502.171341409292:1576.84|12.0%,1.7%:19348.683049113286:1423.84|10.9%,1.8%:19321.080360315922:1252.7|9.6%
chipseq-jan-3,19965.095247295132,13266.0,0.1%:19946.521198373794:1035.488|7.8%,0.5%:19860.46735607699:1059.488|8.0%,0.9%:19778.969751406872:1859.604|14.0%,1.7%:19622.558721375615:1610.232|12.1%,1.8%:19596.659216995944:1322.86|10.0%
