workflow,footprint,makespan,flexible-6h,flexible-12h,flexible-24h,flexible-48h,flexible-96h
chipseq-jan-1,14432.090050497058,13607.0,0.0%:14432.090050497058:0.0|0.0%,31.1%:9940.614827444037:0.0|0.0%,45.1%:7916.0537234813:0.0|0.0%,51.5%:6994.422454035049:0.0|0.0%,52.8%:6816.542127025695:0.0|0.0%
chipseq-jan-2,14189.169716369926,13099.0,0.0%:14189.169716369926:0.0|0.0%,30.6%:9844.651147675988:0.0|0.0%,45.3%:7764.453068249522:0.0|0.0%,51.6%:6868.444043829792:0.0|0.0%,52.7%:6714.116570366555:0.0|0.0%
chipseq-jan-3,14421.47053490191,13266.0,0.0%:14421.47053490191:0.0|0.0%,30.7%:9996.327548539131:0.0|0.0%,45.3%:7892.940348639235:0.0|0.0%,51.6%:6981.522959749838:0.0|0.0%,52.7%:6823.367919634144:0.0|0.0%
