workflow,footprint,makespan,flexible-6h,flexible-12h,flexible-24h,flexible-48h,flexible-96h
chipseq-oct-1,19230.11291677175,13607.0,0.1%:19210.941751820897:299.471|2.2%,0.1%:19209.073553589133:550.942|4.0%,0.3%:19175.634325192914:586.942|4.3%,0.7%:19093.51738305113:1269.355|9.3%,1.3%:18973.428795830852:1635.826|12.0%
chipseq-oct-2,18873.06332725787,13099.0,0.1%:18851.42895484177:270.14|2.1%,0.1%:18850.70182159532:490.28|3.7%,0.3%:18821.620406173173:522.28|4.0%,0.8%:18728.036606682086:1181.7|9.0%,1.4%:18611.17864169941:1821.98|13.9%
chipseq-oct-3,19138.769164948364,13266.0,0.1%:19117.786148164556:268.372|2.0%,0.1%:19116.758333638227:522.744|3.9%,0.3%:19086.177557425333:539.744|4.1%,0.7%:19000.40461335727:1590.232|12.0%,1.4%:18875.315789415065:1580.232|11.9%
