workflow,footprint,makespan,flexible-6h,flexible-12h,flexible-24h,flexible-48h,flexible-96h
chipseq-mar-1,15199.009232719773,13607.0,45.7%:8253.74025581328:0.0|0.0%,59.4%:6174.167837408856:1412.471|10.4%,60.1%:6057.294525647035:653.471|4.8%,66.7%:5065.743954832776:0.0|0.0%,67.0%:5022.5054475759425:0.0|0.0%
chipseq-mar-2,14913.005049577227,13099.0,46.1%:8033.868608450244:0.0|0.0%,59.3%:6075.179190879539:1373.14|10.5%,60.0%:5969.14252740892:792.14|6.0%,66.7%:4973.128969909726:0.0|0.0%,66.9%:4937.441527209362:0.0|0.0%
chipseq-mar-3,15158.06233823498,13266.0,46.1%:8172.689438621704:0.0|0.0%,59.3%:6172.238565281629:1410.372|10.6%,60.0%:6065.750383921031:673.372|5.1%,66.7%:5054.46514095062:0.0|0.0%,66.9%:5017.71558297141:0.0|0.0%
