workflow,footprint,makespan,flexible-6h,flexible-12h,flexible-24h,flexible-48h,flexible-96h
chipseq-jul-1,18095.706661608838,13607.0,0.1%:18075.685071842185:0.0|0.0%,0.1%:18075.685071842185:0.0|0.0%,0.1%:18075.685071842185:0.0|0.0%,0.1%:18075.685071842185:0.0|0.0%,0.1%:18075.685071842185:0.0|0.0%
chipseq-jul-2,17735.72669274526,13099.0,0.1%:17724.656324641634:315.28|2.4%,0.1%:17724.656324641634:220.14|1.7%,0.1%:17724.656324641634:220.14|1.7%,0.1%:17724.656324641634:220.14|1.7%,0.1%:17724.656324641634:220.14|1.7%
chipseq-jul-3,17987.829960652616,13266.0,0.1%:17974.876030519463:216.372|1.6%,0.1%:17974.876030519463:187.372|1.4%,0.1%:17974.876030519463:187.372|1.4%,0.1%:17974.876030519463:254.372|1.9%,0.1%:17974.876030519463:187.372|1.4%
