workflow,footprint,makespan,flexible-6h,flexible-12h,flexible-24h,flexible-48h,flexible-96h
chipseq-jun-1,14365.369292358553,13607.0,45.3%:7858.390648994017:0.0|0.0%,48.4%:7413.943689766976:0.0|0.0%,48.4%:7413.943689766976:0.0|0.0%,52.3%:6849.15610909843:0.0|0.0%,52.3%:6849.15610909843:0.0|0.0%
chipseq-jun-2,14107.603269029209,13099.0,45.6%:7673.479857541467:0.0|0.0%,48.4%:7279.042267825632:0.0|0.0%,48.4%:7279.042267825632:0.0|0.0%,52.2%:6740.095290054157:0.0|0.0%,52.2%:6740.095290054157:0.0|0.0%
chipseq-jun-3,14339.628628481627,13266.0,45.6%:7807.477813065845:0.0|0.0%,48.4%:7398.443216744579:0.0|0.0%,48.4%:7398.443216744579:0.0|0.0%,52.2%:6849.0334721478175:0.0|0.0%,52.2%:6849.0334721478175:0.0|0.0%
