workflow,footprint,makespan,flexible-6h,flexible-12h,flexible-24h,flexible-48h,flexible-96h
chipseq-oct-1,12968.163166792341,13607.0,30.4%:9025.348690238963:0.0|0.0%,44.7%:7174.923128447473:0.0|0.0%,44.7%:7174.923128447473:0.0|0.0%,69.0%:4019.391993582502:0.0|0.0%,69.0%:4019.391993582502:0.0|0.0%
chipseq-oct-2,12740.298200421368,13099.0,30.7%:8829.233697520189:0.0|0.0%,44.6%:7057.0692684247815:0.0|0.0%,44.6%:7057.0692684247815:0.0|0.0%,68.9%:3960.0614656770163:0.0|0.0%,68.9%:3960.0614656770163:0.0|0.0%
chipseq-oct-3,12950.317968153528,13266.0,30.7%:8978.758154100227:0.0|0.0%,44.6%:7170.518905705426:0.0|0.0%,44.6%:7170.518905705426:0.0|0.0%,68.9%:4024.6449801351255:0.0|0.0%,68.9%:4024.6449801351255:0.0|0.0%
