workflow,footprint,makespan,flexible-6h,flexible-12h,flexible-24h,flexible-48h,flexible-96h
chipseq-nov-1,19751.437530321713,13607.0,0.6%:19638.896203743552:251.471|1.8%,1.3%:19495.170453740422:283.471|2.1%,2.0%:19364.583731845647:493.942|3.6%,2.0%:19358.742047208776:770.413|5.7%,3.4%:19086.38427253809:526.942|3.9%
chipseq-nov-2,19359.336041270497,13099.0,0.6%:19252.05562902557:220.14|1.7%,1.3%:19113.544646362614:278.14|2.1%,2.1%:18944.698191919553:295.28|2.3%,2.1%:18943.832498998396:515.42|3.9%,3.4%:18709.884515990674:585.28|4.5%
chipseq-nov-3,19632.983559157066,13266.0,0.6%:19524.02928739011:254.372|1.9%,1.3%:19384.72820989781:263.372|2.0%,2.1%:19214.51572198435:442.744|3.3%,2.1%:19212.02246311056:697.116|5.3%,3.3%:18977.154077849136:299.372|2.3%
