workflow,footprint,makespan,flexible-6h,flexible-12h,flexible-24h,flexible-48h,flexible-96h
chipseq-nov-1,14295.362354235765,13607.0,30.1%:9998.201022281815:0.0|0.0%,42.4%:8230.77971873145:653.471|4.8%,45.6%:7771.658703261699:0.0|0.0%,70.2%:4263.169723239453:0.0|0.0%,77.5%:3217.5176433394527:0.0|0.0%
chipseq-nov-2,14045.325270083082,13099.0,30.4%:9773.336992948702:0.0|0.0%,42.1%:8129.099843456714:792.14|6.0%,45.6%:7637.819633687945:0.0|0.0%,70.1%:4201.215903227327:0.0|0.0%,77.6%:3150.050054230614:0.0|0.0%
chipseq-nov-3,14275.149058394303,13266.0,30.4%:9934.38018401171:0.0|0.0%,42.1%:8259.694537277072:673.372|5.1%,45.6%:7761.3650088534905:0.0|0.0%,70.1%:4272.359359170045:0.0|0.0%,77.6%:3202.1824218590764:0.0|0.0%
