workflow,footprint,makespan,flexible-6h,flexible-12h,flexible-24h,flexible-48h,flexible-96h
chipseq-sep-1,19602.771157900726,13607.0,0.3%:19539.358854593065:242.471|1.8%,0.6%:19477.41248751507:563.942|4.1%,0.6%:19477.41248751507:518.942|3.8%,23.7%:14948.078659513674:748.413|5.5%,100.0%:0.0:1065.884|7.8%
chipseq-sep-2,19217.370783412076,13099.0,0.4%:19147.203361594038:95.14|0.7%,0.7%:19086.564368632586:252.14|1.9%,0.7%:19086.564368632586:452.28|3.5%,27.8%:13879.417361041254:378.28|2.9%,100.0%:0.0:1050.56|8.0%
chipseq-sep-3,19489.242306592187,13266.0,0.4%:19419.24507560941:403.744|3.0%,0.7%:19356.184791534026:556.744|4.2%,0.7%:19356.184791534026:539.744|4.1%,27.3%:14162.309550185037:675.116|5.1%,100.0%:0.0:789.116|5.9%
