workflow,footprint,makespan,flexible-6h,flexible-12h,flexible-24h,flexible-48h,flexible-96h
chipseq-apr-1,19096.94074017531,13607.0,2.4%:18640.432413634895:1110.884|8.2%,6.0%:17956.129069706338:2205.768|16.2%,7.1%:17742.60575030661:1290.355|9.5%,6.7%:17819.996722015847:1664.826|12.2%,16.8%:15893.12250100059:2260.71|16.6%
chipseq-apr-2,18714.426974142145,13099.0,2.9%:18175.797761849128:946.56|7.2%,6.4%:17525.10544702671:1505.84|11.5%,7.1%:17390.145762645705:1214.7|9.3%,7.1%:17390.145762645705:1214.7|9.3%,18.7%:15223.99756479145:1617.12|12.3%
chipseq-apr-3,18983.405855088884,13266.0,2.9%:18434.19710345248:1064.488|8.0%,6.4%:17770.78557685957:1857.604|14.0%,6.8%:17698.984350799754:983.488|7.4%,6.7%:17703.38694422758:1301.86|9.8%,16.8%:15789.140542007906:2214.348|16.7%
