workflow,footprint,makespan,flexible-6h,flexible-12h,flexible-24h,flexible-48h,flexible-96h
chipseq-oct-1,19230.11291677175,13607.0,7.2%:17836.87416757469:570.942|4.2%,8.4%:17618.216175587324:594.942|4.4%,8.6%:17581.474995650005:886.413|6.5%,8.1%:17673.82177220806:1137.884|8.4%,20.1%:15358.37954793241:2152.768|15.8%
chipseq-oct-2,18873.06332725787,13099.0,7.7%:17420.233348097732:278.14|2.1%,8.8%:17209.757287531596:832.42|6.4%,9.0%:17183.722392236217:819.42|6.3%,9.0%:17169.032966100687:844.42|6.4%,22.3%:14669.655141540139:2130.12|16.3%
chipseq-oct-3,19138.769164948364,13266.0,7.2%:17760.802481523442:534.744|4.0%,8.7%:17479.11095883899:877.116|6.6%,8.8%:17448.79492264398:837.116|6.3%,8.8%:17459.395808434165:1168.488|8.8%,20.1%:15284.425865655305:1830.976|13.8%
