workflow,footprint,makespan,flexible-6h,flexible-12h,flexible-24h,flexible-48h,flexible-96h
chipseq-jul-1,13777.7519887169,13607.0,5.8%:12985.210754610353:1412.471|10.4%,7.0%:12818.539786534166:1412.471|10.4%,17.7%:11341.029379456073:0.0|0.0%,36.6%:8732.15968791517:653.471|4.8%,43.2%:7828.778628626988:0.0|0.0%
chipseq-jul-2,13530.194579229961,13099.0,5.9%:12734.591489454859:1373.14|10.5%,6.8%:12606.31565608607:1373.14|10.5%,17.4%:11170.463809236317:0.0|0.0%,36.4%:8607.52417825814:792.14|6.0%,43.1%:7702.381328495449:0.0|0.0%
chipseq-jul-3,13752.689680700627,13266.0,5.9%:12940.444077289454:1410.372|10.6%,6.8%:12812.782296618392:1410.372|10.6%,17.5%:11352.11248026604:0.0|0.0%,36.4%:8750.765964674938:673.372|5.1%,43.1%:7827.85820213326:0.0|0.0%
