workflow,footprint,makespan,flexible-6h,flexible-12h,flexible-24h,flexible-48h,flexible-96h
mag-jun-1,25810.242400293355,45898.0,0.2%:25756.76254311857:579.524|1.3%,0.3%:25734.515633553037:488.524|1.1%,0.3%:25727.293169652454:827.048|1.8%,0.5%:25692.66407162431:856.048|1.9%,1.3%:25473.60547227176:2348.62|5.1%
mag-jun-2,25692.953621592605,44188.0,0.2%:25653.104091495683:790.491|1.8%,0.1%:25656.648998562025:1194.485|2.7%,0.2%:25646.097493258527:734.491|1.7%,0.2%:25630.98776990089:841.988|1.9%,1.2%:25374.877588593452:1992.976|4.5%
mag-jun-3,25695.34702765491,46342.0,0.2%:25641.964885646892:772.631|1.7%,0.3%:25618.688188495405:725.631|1.6%,0.3%:25619.115078254916:1149.385|2.5%,0.5%:25559.601795236264:1019.508|2.2%,1.3%:25348.70577585044:2553.647|5.5%
