workflow,footprint,makespan,flexible-6h,flexible-12h,flexible-24h,flexible-48h,flexible-96h
mag-feb-1,20492.273302471673,45898.0,29.9%:14362.33242735411:4206.524|9.2%,37.1%:12889.669762031555:0.0|0.0%,36.7%:12966.755144882372:250.762|0.5%,47.9%:10676.780925029629:3586.762|7.8%,47.7%:10724.199032885084:3837.524|8.4%
mag-feb-2,20771.098809578856,44188.0,31.6%:14208.976900812046:4737.994|10.7%,40.0%:12466.854854307865:0.0|0.0%,38.6%:12762.213672680573:583.497|1.3%,47.4%:10935.639267131974:3457.497|7.8%,47.3%:10954.51566963033:4345.491|9.8%
mag-feb-3,20320.883705109653,46342.0,29.8%:14266.415471590173:5036.754|10.9%,36.0%:13004.599998861388:0.0|0.0%,35.9%:13018.70260630911:214.877|0.5%,45.9%:11002.377829897647:2233.877|4.8%,46.1%:10958.956494778631:2778.631|6.0%
