workflow,footprint,makespan,flexible-6h,flexible-12h,flexible-24h,flexible-48h,flexible-96h
mag-dec-1,26758.25238889074,45898.0,0.1%:26732.143277173513:240.762|0.5%,0.5%:26616.75404997702:260.762|0.6%,3.4%:25835.43697747081:1075.81|2.3%,14.4%:22913.997486924287:1330.81|2.9%,16.9%:22238.56120577865:1628.572|3.5%
mag-dec-2,26637.144979496465,44188.0,0.0%:26630.187645085698:530.994|1.2%,0.5%:26514.12679256731:715.491|1.6%,1.2%:26304.682901436387:1262.485|2.9%,12.5%:23303.241780077537:1452.982|3.3%,17.1%:22077.118789836928:2226.473|5.0%
mag-dec-3,26648.05618920764,46342.0,0.1%:26631.387631363992:0.0|0.0%,0.5%:26525.58879094882:555.754|1.2%,4.2%:25519.55868220347:1021.508|2.2%,14.3%:22829.324673693474:1296.262|2.8%,17.3%:22049.46986022646:1653.262|3.6%
