workflow,footprint,makespan,flexible-6h,flexible-12h,flexible-24h,flexible-48h,flexible-96h
mag-sep-1,26952.00264941577,45898.0,0.2%:26886.830454539922:1023.048|2.2%,0.4%:26846.720964997683:1240.572|2.7%,5.4%:25504.03497028896:1544.572|3.4%,27.0%:19667.232114119157:966.048|2.1%,71.6%:7648.434798007165:1406.572|3.1%
mag-sep-2,26870.60340457664,44188.0,0.3%:26795.132228228733:745.491|1.7%,0.4%:26752.60817318328:1061.485|2.4%,1.8%:26400.350127142163:1370.982|3.1%,20.7%:21310.492293256226:1631.982|3.7%,69.4%:8215.05338158192:2469.97|5.6%
mag-sep-3,26842.31162877019,46342.0,0.2%:26782.604283376142:723.631|1.6%,0.4%:26745.695365868487:1166.385|2.5%,6.0%:25229.24949095985:1447.262|3.1%,27.9%:19361.86110969696:1264.262|2.7%,71.2%:7729.699469701482:1266.262|2.7%
