workflow,footprint,makespan,flexible-6h,flexible-12h,flexible-24h,flexible-48h,flexible-96h
mag-jan-1,27586.415720255467,45898.0,0.3%:27502.517105666637:291.762|0.6%,0.6%:27426.217397805176:437.524|1.0%,0.9%:27350.030843572466:1289.572|2.8%,1.0%:27322.02745501779:2242.382|4.9%,1.7%:27120.23110043252:2109.382|4.6%
mag-jan-2,27490.306547473807,44188.0,0.3%:27403.2714019822:725.491|1.6%,0.5%:27340.266334283093:1122.988|2.5%,0.8%:27259.231530793397:822.485|1.9%,0.9%:27229.380455514307:2653.964|6.0%,1.5%:27074.571635286837:2654.461|6.0%
mag-jan-3,27441.69384720753,46342.0,0.3%:27358.029745357017:928.508|2.0%,0.4%:27327.79304273239:498.754|1.1%,0.8%:27215.58983121968:984.508|2.1%,0.9%:27186.524120144302:2418.77|5.2%,1.6%:26993.091004610735:1973.893|4.3%
