workflow,footprint,makespan,flexible-6h,flexible-12h,flexible-24h,flexible-48h,flexible-96h
montage-jul-1,827.0315062328231,2003.0,0.0%:827.0315062328231:47.0|2.3%,0.0%:827.0315062328231:261.0|13.0%,0.0%:827.0315062328231:203.0|10.1%,0.0%:827.0315062328231:0.0|0.0%,0.3%:824.4836580928561:47.0|2.3%
montage-jul-2,828.6868555517236,1814.0,0.0%:828.6868555517236:99.0|5.5%,0.0%:828.6868555517236:301.0|16.6%,0.0%:828.6868555517236:497.0|27.4%,0.0%:828.6868555517236:99.0|5.5%,0.3%:826.1339077527351:99.0|5.5%
montage-jul-3,712.2412271164159,1884.0,0.0%:712.2412271164159:96.0|5.1%,0.0%:712.2412271164159:188.0|10.0%,0.0%:712.2412271164159:385.0|20.4%,0.0%:712.2412271164159:96.0|5.1%,0.3%:710.047015079704:96.0|5.1%
