workflow,footprint,makespan,flexible-6h,flexible-12h,flexible-24h,flexible-48h,flexible-96h
montage-nov-1,879.8088155675555,2003.0,0.3%:877.4788994041409:122.0|6.1%,0.3%:877.4788994041409:0.0|0.0%,0.3%:877.4788994041409:417.0|20.8%,0.3%:877.4788994041409:448.0|22.4%,0.3%:877.4788994041409:122.0|6.1%
montage-nov-2,881.2294295126861,1814.0,0.2%:879.2352219716985:394.0|21.7%,0.2%:879.2352219716985:596.0|32.9%,0.2%:879.2352219716985:301.0|16.6%,0.2%:879.2352219716985:282.0|15.5%,0.2%:879.2352219716985:157.0|8.7%
montage-nov-3,757.6501320054958,1884.0,0.3%:755.6866254432949:389.0|20.6%,0.3%:755.6866254432949:481.0|25.5%,0.3%:755.6866254432949:188.0|10.0%,0.3%:755.6866254432949:147.0|7.8%,0.3%:755.6866254432949:160.0|8.5%
