workflow,footprint,makespan,flexible-6h,flexible-12h,flexible-24h,flexible-48h,flexible-96h
montage-jul-1,611.0847877970458,2003.0,18.1%:500.3889352354482:0.0|0.0%,18.1%:500.3889352354482:0.0|0.0%,35.7%:392.6712877412046:0.0|0.0%,35.7%:392.6712877412046:0.0|0.0%,44.6%:338.27404111197245:0.0|0.0%
montage-jul-2,568.9838169581258,1814.0,20.4%:452.73559295327834:0.0|0.0%,20.4%:452.73559295327834:0.0|0.0%,39.0%:347.3285277102619:0.0|0.0%,39.0%:347.3285277102619:0.0|0.0%,44.6%:315.40786960834623:0.0|0.0%
montage-jul-3,504.0902117810356,1884.0,20.4%:401.10030220670876:0.0|0.0%,20.4%:401.10030220670876:0.0|0.0%,39.0%:307.71509816762796:0.0|0.0%,39.0%:307.71509816762796:0.0|0.0%,44.6%:279.4350472712614:0.0|0.0%
