workflow,footprint,makespan,flexible-6h,flexible-12h,flexible-24h,flexible-48h,flexible-96h
montage-feb-1,828.0506454888074,2003.0,0.0%:828.0506454888074:47.0|2.3%,0.6%:822.6825206779409:47.0|2.3%,7.2%:768.7911649917548:150.0|7.5%,12.9%:721.2286568900363:177.0|8.8%,36.8%:523.4688603061404:570.0|28.5%
montage-feb-2,829.7080346713199,1814.0,0.0%:829.7080346713199:99.0|5.5%,1.0%:821.5226342513769:99.0|5.5%,11.8%:732.1221209645457:99.0|5.5%,13.4%:718.8290704744944:179.0|9.9%,34.5%:543.5297891161543:635.0|35.0%
montage-feb-3,713.1189119311002,1884.0,0.0%:713.1189119311002:96.0|5.1%,1.0%:706.200681459651:96.0|5.1%,11.7%:629.5809590115941:96.0|5.1%,13.4%:617.8919004258565:151.0|8.0%,34.5%:467.2248208666278:504.0|26.8%
