workflow,footprint,makespan,flexible-6h,flexible-12h,flexible-24h,flexible-48h,flexible-96h
montage-mar-1,602.7895824044904,2003.0,50.0%:301.2914146115341:0.0|0.0%,57.3%:257.2094522820082:0.0|0.0%,57.3%:257.2094522820082:0.0|0.0%,57.3%:257.2094522820082:0.0|0.0%,63.6%:219.47938205846077:0.0|0.0%
montage-mar-2,563.9411950097718,1814.0,49.9%:282.32941785225483:0.0|0.0%,57.5%:239.61544370148982:0.0|0.0%,57.5%:239.61544370148982:0.0|0.0%,57.5%:239.61544370148982:0.0|0.0%,63.9%:203.54203811269429:0.0|0.0%
montage-mar-3,499.6227097359566,1884.0,49.9%:250.12925112355802:0.0|0.0%,57.5%:212.28688085935534:0.0|0.0%,57.5%:212.28688085935534:0.0|0.0%,57.5%:212.28688085935534:0.0|0.0%,63.9%:180.32771063174687:0.0|0.0%
