workflow,footprint,makespan,flexible-6h,flexible-12h,flexible-24h,flexible-48h,flexible-96h
montage-jun-1,519.1613606071186,2003.0,18.7%:422.0982759203526:0.0|0.0%,18.7%:422.0982759203526:0.0|0.0%,42.8%:296.7792543324781:0.0|0.0%,42.8%:296.7792543324781:0.0|0.0%,42.8%:296.7792543324781:0.0|0.0%
montage-jun-2,482.5320345987716,1814.0,18.4%:393.5445884513449:0.0|0.0%,18.4%:393.5445884513449:0.0|0.0%,42.6%:276.78923168888264:0.0|0.0%,42.6%:276.78923168888264:0.0|0.0%,42.6%:276.78923168888264:0.0|0.0%
montage-jun-3,427.49840727004346,1884.0,18.4%:348.660135886288:0.0|0.0%,18.4%:348.660135886288:0.0|0.0%,42.6%:245.22093293740798:0.0|0.0%,42.6%:245.22093293740798:0.0|0.0%,42.6%:245.22093293740798:0.0|0.0%
