workflow,footprint,makespan,flexible-6h,flexible-12h,flexible-24h,flexible-48h,flexible-96h
montage-mar-1,602.7895824044904,2003.0,0.0%:602.7895824044904:0.0|0.0%,4.7%:574.3545241829128:0.0|0.0%,44.1%:336.7912285559257:0.0|0.0%,51.6%:291.84643968038495:0.0|0.0%,55.0%:270.96206565646304:0.0|0.0%
montage-mar-2,563.9411950097718,1814.0,0.0%:563.9411950097718:0.0|0.0%,5.0%:535.876659574245:0.0|0.0%,44.3%:314.0874107300302:0.0|0.0%,53.3%:263.4698203945579:0.0|0.0%,55.2%:252.5521132919543:0.0|0.0%
montage-mar-3,499.6227097359566,1884.0,0.0%:499.6227097359566:0.0|0.0%,5.0%:474.75898393288617:0.0|0.0%,44.3%:278.2651890507284:0.0|0.0%,53.3%:233.42062393029082:0.0|0.0%,55.2%:223.74810052718732:0.0|0.0%
