workflow,footprint,makespan,flexible-6h,flexible-12h,flexible-24h,flexible-48h,flexible-96h
montage-jun-1,830.0276677292253,2003.0,2.1%:812.8554729641238:0.0|0.0%,2.1%:812.8554729641238:0.0|0.0%,2.1%:812.8554729641238:0.0|0.0%,2.1%:812.8554729641238:0.0|0.0%,2.1%:812.8554729641238:0.0|0.0%
montage-jun-2,837.3477426312108,1814.0,2.7%:814.8940119592943:0.0|0.0%,2.7%:814.8940119592943:0.0|0.0%,2.7%:814.8940119592943:0.0|0.0%,2.7%:814.8940119592943:0.0|0.0%,2.7%:814.8940119592943:0.0|0.0%
montage-jun-3,719.6733465794887,1884.0,2.7%:700.4484247744093:0.0|0.0%,2.7%:700.4484247744093:0.0|0.0%,2.7%:700.4484247744093:0.0|0.0%,2.7%:700.4484247744093:0.0|0.0%,2.7%:700.4484247744093:0.0|0.0%
