workflow,footprint,makespan,flexible-6h,flexible-12h,flexible-24h,flexible-48h,flexible-96h
montage-aug-1,827.0472601770545,2003.0,0.0%:827.0315062328231:222.0|11.1%,0.0%:827.0315062328231:222.0|11.1%,0.0%:827.0315062328231:403.0|20.1%,0.0%:827.0315062328231:250.0|12.5%,0.0%:827.0315062328231:353.0|17.6%
montage-aug-2,828.6904866420361,1814.0,0.0%:828.6868555517236:80.0|4.4%,0.0%:828.6868555517236:138.0|7.6%,0.0%:828.6868555517236:237.0|13.1%,0.0%:828.6868555517236:237.0|13.1%,0.0%:828.6868555517236:596.0|32.9%
montage-aug-3,712.2505179040395,1884.0,0.0%:712.2412271164159:55.0|2.9%,0.0%:712.2412271164159:119.0|6.3%,0.0%:712.2412271164159:215.0|11.4%,0.0%:712.2412271164159:215.0|11.4%,0.0%:712.2412271164159:481.0|25.5%
