workflow,footprint,makespan,flexible-6h,flexible-12h,flexible-24h,flexible-48h,flexible-96h
montage-jan-1,792.3962759177267,2003.0,6.0%:744.9251668144962:503.178|25.1%,4.0%:760.7645851954564:405.178|20.2%,4.0%:760.7645851954564:405.178|20.2%,51.4%:384.8935210869263:695.767|34.7%,51.4%:384.8935210869263:698.767|34.9%
montage-jan-2,881.8378121100578,1814.0,5.8%:830.7683209806878:340.89|18.8%,3.8%:847.9359061109526:519.89|28.7%,3.8%:847.9359061109526:519.89|28.7%,56.3%:385.5697392818983:432.835|23.9%,56.3%:385.5697392818983:638.835|35.2%
montage-jan-3,755.74496596891,1884.0,5.5%:714.1316589935642:201.092|10.7%,3.7%:727.8313087930535:398.092|21.1%,3.7%:727.8313087930535:398.092|21.1%,54.9%:340.95727773039704:262.638|13.9%,54.9%:340.95727773039704:500.638|26.6%
