workflow,footprint,makespan,flexible-6h,flexible-12h,flexible-24h,flexible-48h,flexible-96h
montage-apr-1,768.8782865091669,2003.0,3.8%:739.7639694205882:314.0|15.7%,3.8%:739.7549671667416:314.0|15.7%,3.8%:739.4236364331445:559.0|27.9%,17.8%:632.1180990308183:261.0|13.0%,100.0%:0.0:47.0|2.3%
montage-apr-2,771.1419835669842,1814.0,4.0%:740.4147389066973:295.0|16.3%,4.0%:740.4147389066973:295.0|16.3%,4.0%:740.2434424278534:577.0|31.8%,25.8%:572.1103107548043:359.0|19.8%,100.0%:0.0:295.0|16.3%
montage-apr-3,662.7601144886107,1884.0,4.0%:636.4316733350848:293.0|15.6%,4.0%:636.4316733350848:293.0|15.6%,4.0%:636.2410166243637:440.0|23.4%,27.2%:482.4985726591338:252.0|13.4%,100.0%:0.0:293.0|15.6%
