workflow,footprint,makespan,flexible-6h,flexible-12h,flexible-24h,flexible-48h,flexible-96h
montage-jul-1,827.0315062328231,2003.0,0.0%:827.0315062328231:0.0|0.0%,0.0%:827.0315062328231:111.0|5.5%,0.0%:827.0315062328231:280.0|14.0%,0.0%:827.0315062328231:280.0|14.0%,0.3%:824.4836580928561:103.0|5.1%
montage-jul-2,828.6868555517236,1814.0,0.0%:828.6868555517236:0.0|0.0%,0.0%:828.6868555517236:202.0|11.1%,0.0%:828.6868555517236:596.0|32.9%,0.0%:828.6868555517236:260.0|14.3%,0.3%:826.1339077527351:99.0|5.5%
montage-jul-3,712.2412271164159,1884.0,0.0%:712.2412271164159:0.0|0.0%,0.0%:712.2412271164159:92.0|4.9%,0.0%:712.2412271164159:481.0|25.5%,0.0%:712.2412271164159:156.0|8.3%,0.3%:710.047015079704:96.0|5.1%
