workflow,footprint,makespan,flexible-6h,flexible-12h,flexible-24h,flexible-48h,flexible-96h
nanoseq-sep-1,211.70363826891312,19616.143,58.0%:88.90955891506466:0.0|0.0%,70.2%:63.01145169935835:253.567|1.3%,70.2%:63.01145169935835:253.567|1.3%,70.5%:62.53136694253599:686.13|3.5%,70.7%:62.016019482347225:1042.139|5.3%
nanoseq-sep-2,216.4648842900222,20705.598,55.3%:96.81259062062836:0.0|0.0%,70.3%:64.24004573484316:841.132|4.1%,70.3%:64.24004573484316:841.132|4.1%,70.7%:63.462139368831124:105.161|0.5%,71.0%:62.75132330174231:241.557|1.2%
nanoseq-sep-3,212.09645190034328,19775.509,57.6%:90.02083743623062:0.0|0.0%,70.2%:63.13586861311899:2616.284|13.2%,70.2%:63.13586861311899:2616.284|13.2%,70.5%:62.612456462678075:507.757|2.6%,70.8%:62.036563351497854:965.522|4.9%
