workflow,footprint,makespan,flexible-6h,flexible-12h,flexible-24h,flexible-48h,flexible-96h
nanoseq-jun-1,222.41088701745824,19616.143,1.4%:219.40369339252078:1042.139|5.3%,17.7%:183.12511663410888:0.0|0.0%,31.7%:151.96508189521998:0.0|0.0%,51.6%:107.62024534639572:0.0|0.0%,51.6%:107.62024534639572:0.0|0.0%
nanoseq-jun-2,226.94012320270807,20705.598,1.7%:223.1053850536929:241.557|1.2%,19.6%:182.54663770684022:0.0|0.0%,32.4%:153.43821471001525:0.0|0.0%,52.0%:108.85820444202434:0.0|0.0%,52.0%:108.85820444202434:0.0|0.0%
nanoseq-jun-3,222.74266012668048,19775.509,1.4%:219.60533763891812:965.522|4.9%,17.9%:182.76523166086056:0.0|0.0%,31.7%:152.04552885455269:0.0|0.0%,51.6%:107.72757061517103:0.0|0.0%,51.6%:107.72757061517103:0.0|0.0%
