workflow,footprint,makespan,flexible-6h,flexible-12h,flexible-24h,flexible-48h,flexible-96h
nanoseq-jul-1,215.9041524279666,19616.143,0.1%:215.74743516641828:253.567|1.3%,5.9%:203.22920852136858:1042.139|5.3%,18.4%:176.20247638202127:0.0|0.0%,34.1%:142.256592080453:0.0|0.0%,36.5%:137.01072250225872:1728.269|8.8%
nanoseq-jul-2,221.06368170541998,20705.598,0.1%:220.801528831748:841.132|4.1%,7.3%:204.97764009643026:241.557|1.2%,19.0%:178.97407544378444:0.0|0.0%,35.0%:143.6893702849717:0.0|0.0%,37.1%:139.0973674222243:346.718|1.7%
nanoseq-jul-3,216.35500905839368,19775.509,0.1%:216.18303284940416:2616.284|13.2%,6.1%:203.14394995776428:965.522|4.9%,18.5%:176.4212330232648:0.0|0.0%,34.2%:142.3524339102547:0.0|0.0%,36.6%:137.1420703196214:1473.279|7.5%
