workflow,footprint,makespan,flexible-6h,flexible-12h,flexible-24h,flexible-48h,flexible-96h
nanoseq-jul-1,263.0051588664393,19616.143,0.5%:261.6026812638422:0.0|0.0%,0.5%:261.57956571134537:299.452|1.5%,0.5%:261.5593810772892:115.594|0.6%,0.5%:261.5593810772892:115.594|0.6%,0.6%:261.54663348218315:115.594|0.6%
nanoseq-jul-2,267.31111618181933,20705.598,0.6%:265.7041750938792:14.946|0.1%,0.6%:265.68527237130627:75.974|0.4%,0.6%:265.6567089719094:80.978|0.4%,0.6%:265.6567089719094:80.978|0.4%,0.6%:265.64517412557774:158.823|0.8%
nanoseq-jul-3,263.30354396114876,19775.509,0.6%:261.7445948068966:216.284|1.1%,0.6%:261.7155179138312:434.55|2.2%,0.6%:261.7057564030475:331.494|1.7%,0.6%:261.7057564030475:331.494|1.7%,0.6%:261.6928944115787:298.998|1.5%
