workflow,footprint,makespan,flexible-6h,flexible-12h,flexible-24h,flexible-48h,flexible-96h
nanoseq-jul-1,263.0051588664393,19616.143,0.9%:260.6824722009498:4.326|0.0%,0.9%:260.56503546588124:259.232|1.3%,0.9%:260.56503546588124:259.232|1.3%,1.0%:260.4786577411286:0.0|0.0%,1.0%:260.4786577411286:0.0|0.0%
nanoseq-jul-2,267.31111618181933,20705.598,1.0%:264.7107915155054:299.832|1.4%,1.0%:264.61484956129794:160.261|0.8%,1.0%:264.61484956129794:160.261|0.8%,1.1%:264.4085893624127:14.946|0.1%,1.1%:264.4493039625562:69.538|0.3%
nanoseq-jul-3,263.30354396114876,19775.509,0.9%:260.8352417052683:32.496|0.2%,1.0%:260.76092917093456:144.923|0.7%,1.0%:260.76092917093456:144.923|0.7%,1.0%:260.6758719693184:0.0|0.0%,1.0%:260.6758719693184:0.0|0.0%
