workflow,footprint,makespan,flexible-6h,flexible-12h,flexible-24h,flexible-48h,flexible-96h
nanoseq-jan-1,293.5591736734338,19616.143,2.8%:285.43490223716975:106.869|0.5%,4.1%:281.6534500396236:0.0|0.0%,4.8%:279.35967515707824:63.26|0.3%,5.0%:278.82580749465046:33.935|0.2%,5.0%:278.82580749465046:33.935|0.2%
nanoseq-jan-2,297.9381060452004,20705.598,2.9%:289.36532401475733:395.309|1.9%,4.1%:285.84946384868357:122.427|0.6%,4.8%:283.6682606171498:155.357|0.8%,5.1%:282.8622916391031:535.269|2.6%,5.1%:282.8622916391031:535.269|2.6%
nanoseq-jan-3,293.7604017002319,19775.509,2.9%:285.18015593024677:136.82|0.7%,4.1%:281.5862804420414:25.467|0.1%,4.8%:279.58155359687476:45.185|0.2%,5.4%:277.7748015403316:40.847|0.2%,5.4%:277.7748015403316:40.847|0.2%
