workflow,footprint,makespan,flexible-6h,flexible-12h,flexible-24h,flexible-48h,flexible-96h
nanoseq-oct-1,198.45269425882063,19616.143,0.7%:197.00807203752396:1844.858|9.4%,29.9%:139.1026208774418:0.0|0.0%,36.2%:126.70487502260401:0.0|0.0%,36.2%:126.70487502260401:0.0|0.0%,59.4%:80.61266503101535:0.0|0.0%
nanoseq-oct-2,202.57921160510116,20705.598,1.0%:200.62666782012639:1118.078|5.4%,31.3%:139.1626104792869:0.0|0.0%,36.3%:129.13606474270762:0.0|0.0%,36.3%:129.13606474270762:0.0|0.0%,59.7%:81.6987433369601:0.0|0.0%
nanoseq-oct-3,198.6974344704366,19775.509,0.8%:197.19934822010913:4097.1|20.7%,30.1%:138.98303845232476:0.0|0.0%,36.2%:126.86130734285382:0.0|0.0%,36.2%:126.86130734285382:0.0|0.0%,59.4%:80.72326527392993:0.0|0.0%
