workflow,footprint,makespan,flexible-6h,flexible-12h,flexible-24h,flexible-48h,flexible-96h
nanoseq-nov-1,219.53186652871986,19616.143,2.3%:214.52058103634678:686.13|3.5%,42.8%:125.50112487378375:0.0|0.0%,45.8%:118.99805835976075:0.0|0.0%,56.2%:96.05477018093656:0.0|0.0%,58.1%:92.00555951006413:1042.139|5.3%
nanoseq-nov-2,223.7110967539541,20705.598,3.3%:216.29914816557826:105.161|0.5%,43.8%:125.70265704086924:0.0|0.0%,45.8%:121.23417785476822:0.0|0.0%,56.7%:96.96603322074097:0.0|0.0%,58.1%:93.7243485867785:241.557|1.2%
nanoseq-nov-3,219.8077109525837,19775.509,2.4%:214.44028518180468:507.757|2.6%,42.9%:125.46889106569827:0.0|0.0%,45.8%:119.15957934160879:0.0|0.0%,56.3%:96.12027934094316:0.0|0.0%,58.1%:92.17079277471603:965.522|4.9%
