workflow,footprint,makespan,flexible-6h,flexible-12h,flexible-24h,flexible-48h,flexible-96h
nanoseq-nov-1,219.53186652871986,19616.143,26.3%:161.79445138825818:939.697|4.8%,44.6%:121.53470786120299:905.161|4.6%,45.7%:119.14725612053276:0.0|0.0%,70.0%:65.8241584296817:0.0|0.0%,76.3%:52.00539327522355:253.567|1.3%
nanoseq-nov-2,223.7110967539541,20705.598,25.9%:165.68833408079834:946.293|4.6%,45.1%:122.7175860815035:171.785|0.8%,46.1%:120.57283585026757:0.0|0.0%,69.9%:67.2508847364988:0.0|0.0%,76.3%:52.94940309161485:841.132|4.1%
nanoseq-nov-3,219.8077109525837,19775.509,26.2%:162.16727167648983:3124.041|15.8%,44.7%:121.58065544496196:973.059|4.9%,45.8%:119.23502767640171:0.0|0.0%,70.0%:65.93483562580734:0.0|0.0%,76.3%:52.13792279978413:2616.284|13.2%
