workflow,footprint,makespan,flexible-6h,flexible-12h,flexible-24h,flexible-48h,flexible-96h
nanoseq-oct-1,281.70287304999573,19616.143,6.8%:262.55654807880853:0.0|0.0%,8.6%:257.5962383052942:4.326|0.0%,8.7%:257.1507938056947:0.0|0.0%,9.2%:255.88676693850965:142.139|0.7%,11.7%:248.7544765472726:527.721|2.7%
nanoseq-oct-2,286.70795381625027,20705.598,7.6%:264.8617274939233:258.398|1.2%,8.7%:261.65380697921046:290.148|1.4%,8.8%:261.4637851007857:0.0|0.0%,9.3%:259.93351232362585:171.785|0.8%,11.7%:253.02890292612045:223.362|1.1%
nanoseq-oct-3,281.9213103897837,19775.509,7.7%:260.22056187119637:207.757|1.1%,8.7%:257.3783428578605:43.865|0.2%,8.9%:256.9445412278124:0.0|0.0%,9.2%:255.95441029289003:65.522|0.3%,11.8%:248.56772129214676:136.867|0.7%
