workflow,footprint,makespan,flexible-6h,flexible-12h,flexible-24h,flexible-48h,flexible-96h
nanoseq-mar-1,236.25813991162073,19616.143,6.2%:221.61007417589596:905.161|4.6%,54.9%:106.63449422946204:0.0|0.0%,59.2%:96.3342352333031:0.0|0.0%,59.2%:96.3342352333031:0.0|0.0%,60.6%:93.13616113372363:1042.139|5.3%
nanoseq-mar-2,241.06166832302128,20705.598,7.0%:224.29102153231491:171.785|0.8%,56.5%:104.94614109268683:0.0|0.0%,59.1%:98.52092461998856:0.0|0.0%,59.1%:98.52092461998856:0.0|0.0%,60.7%:94.64511500704752:241.557|1.2%
nanoseq-mar-3,236.59864262299442,19775.509,6.3%:221.6357227117927:973.059|4.9%,55.0%:106.3952179210848:0.0|0.0%,59.2%:96.59086802063892:0.0|0.0%,59.2%:96.59086802063892:0.0|0.0%,60.6%:93.20289189357992:965.522|4.9%
