workflow,footprint,makespan,flexible-6h,flexible-12h,flexible-24h,flexible-48h,flexible-96h
rangeland-jun-1,7139.200494761775,24817.0,26.9%:5217.265578284939:0.0|0.0%,43.9%:4004.052304082254:335.814|1.4%,43.9%:4004.052304082254:335.814|1.4%,52.3%:3407.7034080837307:212.814|0.9%,52.3%:3407.7034080837307:212.814|0.9%
rangeland-jun-2,7120.846815132477,24742.0,27.0%:5198.795487255552:0.0|0.0%,42.3%:4108.869439411982:268.05|1.1%,42.4%:4099.593746466225:323.05|1.3%,52.3%:3399.8515331977974:143.05|0.6%,52.3%:3399.8515331977974:143.05|0.6%
rangeland-jun-3,7135.158547056341,24839.0,27.0%:5210.2904105630305:0.0|0.0%,42.3%:4117.467419850251:155.333|0.6%,42.4%:4108.532434792759:271.333|1.1%,52.3%:3406.6086007196814:221.333|0.9%,52.3%:3406.6086007196814:221.333|0.9%
