workflow,footprint,makespan,flexible-6h,flexible-12h,flexible-24h,flexible-48h,flexible-96h
rangeland-jun-1,8607.095654275361,24817.0,0.1%:8594.6078048902:745.442|3.0%,0.4%:8571.015564016521:249.814|1.0%,0.4%:8573.809942912949:1182.07|4.8%,0.4%:8573.809942912949:1142.07|4.6%,0.4%:8573.765962231595:1427.698|5.8%
rangeland-jun-2,8585.336129344538,24742.0,0.1%:8574.417500728714:704.15|2.8%,0.4%:8548.732097050626:175.05|0.7%,0.4%:8551.247678751999:956.25|3.9%,0.4%:8551.247678751999:1116.3|4.5%,0.4%:8551.2095311093:1212.35|4.9%
rangeland-jun-3,8602.470733290413,24839.0,0.1%:8591.156626421858:789.999|3.2%,0.4%:8566.079768740557:271.333|1.1%,0.4%:8568.784544643433:1196.665|4.8%,0.4%:8568.784544643433:1233.998|5.0%,0.4%:8568.743246604075:1527.331|6.1%
