workflow,footprint,makespan,flexible-6h,flexible-12h,flexible-24h,flexible-48h,flexible-96h
rangeland-jul-1,7083.275313459265,24817.0,0.9%:7015.996546552073:608.628|2.5%,12.6%:6191.827572264547:212.814|0.9%,17.4%:5852.5243860617065:0.0|0.0%,32.9%:4750.999333235765:220.814|0.9%,37.6%:4421.466336186795:462.628|1.9%
rangeland-jul-2,7063.479732556574,24742.0,0.9%:6997.235726024238:535.1|2.2%,12.5%:6179.323509913991:143.05|0.6%,17.4%:5837.053824385289:0.05|0.0%,32.9%:4739.242510050202:137.05|0.6%,36.5%:4484.01047527056:280.1|1.1%
rangeland-jul-3,7078.233088955345,24839.0,0.9%:7011.509477680114:482.666|1.9%,12.5%:6190.781596649437:221.333|0.9%,17.4%:5849.855198863348:0.333|0.0%,32.9%:4749.339213884549:421.333|1.7%,36.5%:4493.290225070865:642.666|2.6%
