workflow,footprint,makespan,flexible-6h,flexible-12h,flexible-24h,flexible-48h,flexible-96h
rangeland-may-1,7485.41959900162,24817.0,0.6%:7443.8292802784945:272.814|1.1%,34.2%:4925.251645099536:220.814|0.9%,46.6%:3996.8411151002047:0.0|0.0%,52.7%:3538.4619953169704:249.814|1.0%,53.6%:3473.6451214976255:485.628|2.0%
rangeland-may-2,7465.429891218543,24742.0,0.5%:7424.620977459024:267.05|1.1%,34.1%:4919.957772843918:137.05|0.6%,46.6%:3984.5499427939276:0.0|0.0%,52.7%:3530.0800370469706:323.05|1.3%,53.5%:3470.5936136975283:405.1|1.6%
rangeland-may-3,7480.760033782728,24839.0,0.6%:7439.585325969563:327.333|1.3%,34.1%:4928.5408989161115:421.333|1.7%,46.6%:3994.34074955674:0.0|0.0%,52.7%:3537.1281113885257:271.333|1.1%,53.5%:3477.428734362736:576.666|2.3%
