workflow,footprint,makespan,flexible-6h,flexible-12h,flexible-24h,flexible-48h,flexible-96h
rangeland-jun-1,7139.200494761775,24817.0,2.8%:6937.933074125882:212.814|0.9%,22.7%:5515.424852624761:0.0|0.0%,30.0%:5000.753933342418:0.0|0.0%,48.5%:3679.924114665534:0.0|0.0%,48.5%:3679.924114665534:0.0|0.0%
rangeland-jun-2,7120.846815132477,24742.0,2.8%:6921.166431713015:143.05|0.6%,22.7%:5505.833876658547:0.05|0.0%,29.4%:5027.784323989468:267.05|1.1%,48.4%:3671.1018401917054:0.05|0.0%,48.4%:3671.1018401917054:0.05|0.0%
rangeland-jun-3,7135.158547056341,24839.0,2.8%:6934.7677802309845:221.333|0.9%,22.7%:5516.124589133682:0.333|0.0%,29.4%:5038.697179823089:327.333|1.3%,48.4%:3679.215491781139:0.333|0.0%,48.4%:3679.215491781139:0.333|0.0%
