workflow,footprint,makespan,flexible-6h,flexible-12h,flexible-24h,flexible-48h,flexible-96h
rangeland-sep-1,6820.504431002912,24817.0,0.2%:6806.116337304066:522.628|2.1%,48.0%:3547.9432324787635:0.0|0.0%,60.9%:2665.1234650951014:0.0|0.0%,67.5%:2217.00977703706:212.814|0.9%,67.5%:2217.00977703706:212.814|0.9%
rangeland-sep-2,6802.519681777447,24742.0,0.2%:6788.301002746562:590.1|2.4%,47.9%:3545.5306489075356:0.05|0.0%,61.0%:2656.2969869356084:0.0|0.0%,67.3%:2224.92316412805:143.05|0.6%,67.3%:2224.92316412805:143.05|0.6%
rangeland-sep-3,6816.209660473499,24839.0,0.2%:6801.913383993615:598.666|2.4%,47.9%:3552.060717627377:0.333|0.0%,60.9%:2663.055424893977:0.0|0.0%,67.3%:2229.5835655374785:221.333|0.9%,67.3%:2229.5835655374785:221.333|0.9%
