workflow,footprint,makespan,flexible-6h,flexible-12h,flexible-24h,flexible-48h,flexible-96h
rangeland-sep-1,6820.504431002912,24817.0,45.3%:3729.201485325877:0.0|0.0%,69.4%:2084.7353960392356:335.814|1.4%,69.4%:2084.7353960392356:335.814|1.4%,70.4%:2021.3867946581677:335.814|1.4%,71.1%:1968.9516135572972:249.814|1.0%
rangeland-sep-2,6802.519681777447,24742.0,45.4%:3710.775132357314:0.0|0.0%,68.9%:2115.768082394324:323.05|1.3%,68.9%:2115.768082394324:323.05|1.3%,70.2%:2027.5357149757715:323.05|1.3%,71.0%:1972.3226422713292:410.1|1.7%
rangeland-sep-3,6816.209660473499,24839.0,45.4%:3720.8015588594267:0.0|0.0%,68.9%:2120.1334669560865:271.333|1.1%,68.9%:2120.1334669560865:271.333|1.1%,70.2%:2031.5397015100214:271.333|1.1%,71.0%:1976.37559589121:548.666|2.2%
