workflow,footprint,makespan,flexible-6h,flexible-12h,flexible-24h,flexible-48h,flexible-96h
rangeland-oct-1,8884.483527206561,24817.0,3.8%:8544.345447134285:438.628|1.8%,4.1%:8521.26202606446:514.628|2.1%,4.5%:8488.851969914047:1320.884|5.3%,4.6%:8471.42646804969:1367.884|5.5%,6.6%:8294.101712867934:2114.14|8.5%
rangeland-oct-2,8862.771431260018,24742.0,3.9%:8521.52921701288:503.1|2.0%,4.1%:8501.893933638947:788.2|3.2%,4.4%:8469.19318016002:1415.3|5.7%,4.6%:8451.049156785832:1371.3|5.5%,6.7%:8273.280699493933:2469.5|10.0%
rangeland-oct-3,8880.05628347208,24839.0,3.8%:8539.480426906848:335.666|1.4%,4.1%:8519.645902006352:760.332|3.1%,4.4%:8485.887724720027:1282.998|5.2%,4.6%:8468.149835616241:1250.998|5.0%,6.6%:8290.561019038429:2140.33|8.6%
