workflow,footprint,makespan,flexible-6h,flexible-12h,flexible-24h,flexible-48h,flexible-96h
rangeland-mar-1,7548.928558638217,24817.0,12.0%:6640.923094749605:220.814|0.9%,54.4%:3441.7940116374994:0.0|0.0%,56.7%:3269.5605010862646:0.0|0.0%,56.9%:3255.8595076457473:272.814|1.1%,60.6%:2973.286263317232:462.628|1.9%
rangeland-mar-2,7529.799065008816,24742.0,11.9%:6630.440895728167:137.05|0.6%,54.4%:3435.337232360001:0.0|0.0%,55.4%:3361.5022726131638:0.0|0.0%,56.0%:3311.2716615467625:268.05|1.1%,60.0%:3011.9609622373946:280.1|1.1%
rangeland-mar-3,7544.755900919648,24839.0,12.0%:6641.378996967058:421.333|1.7%,54.4%:3442.943036099851:0.0|0.0%,55.3%:3369.616698973943:0.0|0.0%,56.0%:3318.176616167543:155.333|0.6%,60.0%:3018.1288346500182:642.666|2.6%
