workflow,footprint,makespan,flexible-6h,flexible-12h,flexible-24h,flexible-48h,flexible-96h
rangeland-mar-1,8660.769347843247,24817.0,1.8%:8506.154656267188:973.07|3.9%,2.7%:8428.610562466305:964.07|3.9%,5.6%:8176.8681473131965:271.628|1.1%,7.3%:8031.744233035947:1091.256|4.4%,21.8%:6774.945994362624:990.07|4.0%
rangeland-mar-2,8641.591469082918,24742.0,1.8%:8482.55075338726:963.25|3.9%,2.7%:8405.819920122314:1124.3|4.5%,5.6%:8159.0350944568245:522.15|2.1%,7.3%:8009.152562364738:869.2|3.5%,21.5%:6783.554326500065:880.3|3.6%
rangeland-mar-3,8657.182725160908,24839.0,1.8%:8500.253226560393:1047.665|4.2%,2.7%:8423.664775219166:1077.998|4.3%,5.6%:8174.810262531793:454.999|1.8%,7.3%:8026.785482076561:1089.332|4.4%,21.4%:6806.973729254737:1246.998|5.0%
