workflow,footprint,makespan,flexible-6h,flexible-12h,flexible-24h,flexible-48h,flexible-96h
rangeland-jan-1,7131.145632133005,24817.0,22.8%:5504.4240692125295:272.814|1.1%,41.6%:4161.8533407161085:220.814|0.9%,42.1%:4126.299845917438:0.0|0.0%,54.8%:3220.9520698763367:249.814|1.0%,62.4%:2682.25813007367:0.0|0.0%
rangeland-jan-2,7112.936285168747,24742.0,22.8%:5490.679067915436:267.05|1.1%,41.0%:4197.368198993472:137.05|0.6%,42.1%:4116.014650632561:0.05|0.0%,54.3%:3254.1110770384817:323.05|1.3%,62.3%:2679.741990045229:0.05|0.0%
rangeland-jan-3,7127.345058508342,24839.0,22.8%:5501.220659540931:327.333|1.3%,41.0%:4206.148970071814:421.333|1.7%,42.1%:4124.655664158246:0.333|0.0%,54.3%:3260.658289774149:271.333|1.1%,62.3%:2685.282221483387:0.333|0.0%
