workflow,footprint,makespan,flexible-6h,flexible-12h,flexible-24h,flexible-48h,flexible-96h
rangeland-feb-1,8626.791251409553,24817.0,1.5%:8495.809508575914:156.814|0.6%,2.5%:8413.030902242643:931.256|3.8%,4.1%:8276.61906561115:532.442|2.1%,6.2%:8088.412343571949:583.442|2.4%,10.5%:7718.7352645812425:1196.884|4.8%
rangeland-feb-2,8604.046653471345,24742.0,1.5%:8471.576533125599:143.05|0.6%,2.5%:8389.862080419518:922.2|3.7%,4.1%:8254.347569936586:683.2|2.8%,6.3%:8064.539083957587:690.2|2.8%,9.9%:7750.026516946685:1016.3|4.1%
rangeland-feb-3,8621.518693724352,24839.0,1.5%:8489.492562478912:211.333|0.9%,2.5%:8407.295116321067:970.332|3.9%,4.1%:8271.895470131052:756.332|3.0%,6.3%:8080.199717065662:842.332|3.4%,10.0%:7758.722308451014:1015.998|4.1%
