workflow,footprint,makespan,flexible-6h,flexible-12h,flexible-24h,flexible-48h,flexible-96h
rangeland-sep-1,9012.38021040331,24817.0,0.2%:8991.138540808732:912.256|3.7%,0.4%:8978.787143095931:617.442|2.5%,0.4%:8978.772440225057:681.442|2.7%,11.7%:7960.336137317572:805.442|3.2%,81.4%:1672.7681519422053:1705.698|6.9%
rangeland-sep-2,8990.605522955504,24742.0,0.2%:8969.343275671677:891.25|3.6%,0.4%:8958.44189762901:607.2|2.5%,0.4%:8958.429583570502:515.15|2.1%,11.8%:7932.244596563057:465.15|1.9%,80.8%:1724.821195593631:1419.35|5.7%
rangeland-sep-3,9008.371680941342,24839.0,0.2%:8986.890603087057:939.665|3.8%,0.4%:8976.040672149458:759.332|3.1%,0.4%:8976.028788621792:387.999|1.6%,11.8%:7945.6923490222525:754.999|3.0%,81.2%:1697.73576897903:1676.331|6.7%
