workflow,footprint,makespan,flexible-6h,flexible-12h,flexible-24h,flexible-48h,flexible-96h
rangeland-oct-1,6319.73801673518,24817.0,4.3%:6050.855292964846:806.442|3.2%,31.2%:4350.961492880811:0.0|0.0%,35.3%:4091.1129344942847:0.0|0.0%,35.5%:4078.025474097132:272.814|1.1%,56.0%:2782.3943831910383:272.814|1.1%
rangeland-oct-2,6303.459556338367,24742.0,4.2%:6038.244852889454:728.15|2.9%,31.1%:4342.575616594162:0.0|0.0%,34.3%:4141.063031332618:0.0|0.0%,34.3%:4143.666071485284:268.05|1.1%,55.3%:2816.494113613006:268.05|1.1%
rangeland-oct-3,6315.945224407386,24839.0,4.2%:6049.037880592628:847.999|3.4%,31.1%:4351.136030177586:0.0|0.0%,34.3%:4150.080053925546:0.0|0.0%,34.3%:4152.223281808208:155.333|0.6%,55.3%:2822.7541984414956:155.333|0.6%
