workflow,footprint,makespan,flexible-6h,flexible-12h,flexible-24h,flexible-48h,flexible-96h
rnaseq-aug-1,8066.4857733473,10697.0,0.1%:8058.966848886217:1412.064|13.2%,2.5%:7865.230332706446:1412.064|13.2%,24.5%:6087.716384512085:0.0|0.0%,24.5%:6087.716384512085:0.0|0.0%,40.0%:4840.199179092117:0.0|0.0%
rnaseq-aug-2,7917.791932945314,11472.0,0.0%:7917.791932945314:0.0|0.0%,2.5%:7717.891093561575:1606.844|14.0%,24.5%:5976.5082170949545:0.0|0.0%,24.5%:5976.5082170949545:0.0|0.0%,38.5%:4870.681615408771:0.0|0.0%
rnaseq-aug-3,8272.347546975747,10863.0,0.0%:8272.347546975747:0.0|0.0%,2.7%:8050.365399975551:1624.336|15.0%,24.6%:6240.830064646416:0.0|0.0%,24.6%:6240.830064646416:0.0|0.0%,38.6%:5079.283492341671:0.0|0.0%
