workflow,footprint,makespan,flexible-6h,flexible-12h,flexible-24h,flexible-48h,flexible-96h
rnaseq-nov-1,12195.321440858666,10697.0,0.6%:12120.35497024636:417.128|3.9%,1.6%:11995.116245066276:0.0|0.0%,2.6%:11878.193038050207:574.128|5.4%,2.6%:11878.193038050207:131.064|1.2%,3.5%:11773.42643765023:682.192|6.4%
rnaseq-nov-2,11937.304944566891,11472.0,0.6%:11865.652845893825:299.844|2.6%,1.6%:11741.54801206342:0.0|0.0%,2.6%:11632.131656253025:293.844|2.6%,2.6%:11632.131656253025:0.0|0.0%,3.5%:11523.743214350341:650.532|5.7%
rnaseq-nov-3,12511.858672332775,10863.0,0.6%:12436.334342930872:533.672|4.9%,1.6%:12309.299141953354:0.0|0.0%,2.5%:12194.150598885402:278.336|2.6%,2.5%:12194.150598885402:0.0|0.0%,3.5%:12079.271568472828:480.672|4.4%
