workflow,footprint,makespan,flexible-6h,flexible-12h,flexible-24h,flexible-48h,flexible-96h
rnaseq-mar-1,9387.154606531029,10697.0,0.7%:9323.359679165247:1412.064|13.2%,42.9%:5362.784433254362:0.0|0.0%,59.9%:3760.5667959871416:0.0|0.0%,59.9%:3760.5667959871416:0.0|0.0%,60.2%:3732.975324286372:1412.064|13.2%
rnaseq-mar-2,9215.116053918247,11472.0,0.7%:9150.817395375016:1606.844|14.0%,42.9%:5265.928734733184:0.0|0.0%,58.5%:3823.2645553203456:0.0|0.0%,58.5%:3823.2645553203456:0.0|0.0%,60.0%:3682.7422518646977:1606.844|14.0%
rnaseq-mar-3,9627.924866439722,10863.0,0.7%:9557.445112325811:1624.336|15.0%,43.2%:5470.518916464605:0.0|0.0%,58.6%:3984.553782748115:0.0|0.0%,58.6%:3984.553782748115:0.0|0.0%,60.0%:3847.923822770397:1624.336|15.0%
