workflow,footprint,makespan,flexible-6h,flexible-12h,flexible-24h,flexible-48h,flexible-96h
rnaseq-apr-1,9045.453000271737,10697.0,50.6%:4472.922489806289:0.0|0.0%,54.5%:4115.757912036996:0.0|0.0%,54.5%:4115.757912036996:0.0|0.0%,57.8%:3818.5276296560155:0.0|0.0%,61.7%:3463.813937662876:0.0|0.0%
rnaseq-apr-2,8879.98012707369,11472.0,50.5%:4392.7729150185205:0.0|0.0%,54.5%:4040.8016820075495:0.0|0.0%,54.5%:4040.7545289041873:2167.844|18.9%,57.6%:3761.173419487269:0.0|0.0%,61.4%:3428.070706007852:0.0|0.0%
rnaseq-apr-3,9273.57608337568,10863.0,50.4%:4598.655428987166:0.0|0.0%,54.5%:4217.3186910029735:0.0|0.0%,54.5%:4217.312891120885:2693.336|24.8%,57.7%:3925.2888795252625:0.0|0.0%,61.4%:3576.973248265594:0.0|0.0%
