workflow,footprint,makespan,flexible-6h,flexible-12h,flexible-24h,flexible-48h,flexible-96h
rnaseq-apr-1,11535.820088149978,10697.0,3.2%:11162.769735204934:701.192|6.6%,4.7%:10989.728846894042:1122.256|10.5%,4.9%:10974.15471509451:355.192|3.3%,4.9%:10974.15471509451:355.192|3.3%,25.5%:8598.273901473887:1351.384|12.6%
rnaseq-apr-2,11281.429361335593,11472.0,3.4%:10902.865126935807:813.532|7.1%,4.5%:10772.358164579202:1121.376|9.8%,4.2%:10802.947496135102:747.376|6.5%,4.2%:10802.947496135102:747.376|6.5%,25.7%:8384.651354993646:1347.064|11.7%
rnaseq-apr-3,11843.977982837172,10863.0,3.2%:11464.802791264066:805.008|7.4%,4.5%:11313.722648458865:1055.344|9.7%,4.9%:11261.766350744434:632.008|5.8%,4.9%:11261.766350744434:632.008|5.8%,25.2%:8860.914017748979:1423.016|13.1%
