workflow,footprint,makespan,flexible-6h,flexible-12h,flexible-24h,flexible-48h,flexible-96h
rnaseq-feb-1,9024.417034736824,10697.0,0.1%:9017.09684836725:1412.064|13.2%,43.6%:5093.536976346824:0.0|0.0%,56.2%:3948.5867446309794:0.0|0.0%,56.2%:3948.5867446309794:0.0|0.0%,56.2%:3948.5867446309794:0.0|0.0%
rnaseq-feb-2,8858.707271931324,11472.0,0.1%:8850.717124797766:3774.688|32.9%,43.5%:5001.914698633642:0.0|0.0%,56.2%:3876.7733712773156:0.0|0.0%,56.2%:3876.7733712773156:0.0|0.0%,56.2%:3876.7733712773156:0.0|0.0%
rnaseq-feb-3,9254.654176221495,10863.0,0.1%:9246.49163917103:4317.672|39.7%,43.8%:5196.550187258428:0.0|0.0%,56.3%:4044.938999676515:0.0|0.0%,56.3%:4044.938999676515:0.0|0.0%,56.3%:4044.938999676515:0.0|0.0%
