workflow,footprint,makespan,flexible-6h,flexible-12h,flexible-24h,flexible-48h,flexible-96h
rnaseq-jan-1,9016.055205390854,10697.0,26.9%:6588.178611389468:0.0|0.0%,34.9%:5865.387277378017:1412.064|13.2%,45.5%:4913.056686171972:0.0|0.0%,55.6%:4000.850358642157:0.0|0.0%,63.1%:3328.9565782947993:0.0|0.0%
rnaseq-jan-2,8850.46127812439,11472.0,26.9%:6467.142954188248:0.0|0.0%,35.0%:5756.532102970641:1606.844|14.0%,45.5%:4824.598188928902:0.0|0.0%,55.3%:3953.23660980491:0.0|0.0%,62.4%:3327.0643068576:0.0|0.0%
rnaseq-jan-3,9239.382145548263,10863.0,26.9%:6754.7089025504265:0.0|0.0%,35.0%:6009.079808463357:1624.336|15.0%,45.5%:5034.265812050842:0.0|0.0%,55.4%:4124.581495431497:0.0|0.0%,62.4%:3470.6624327891554:0.0|0.0%
