workflow,footprint,makespan,flexible-6h,flexible-12h,flexible-24h,flexible-48h,flexible-96h
rnaseq-jul-1,8542.666090590188,10697.0,0.0%:8542.666090590188:0.0|0.0%,0.0%:8542.666090590188:0.0|0.0%,17.7%:7031.841808909604:0.0|0.0%,35.7%:5493.431899248215:0.0|0.0%,35.4%:5514.942725974858:1412.064|13.2%
rnaseq-jul-2,8385.846530743787,11472.0,0.0%:8385.846530743787:0.0|0.0%,0.0%:8385.13262820303:2167.844|18.9%,16.0%:7044.517082080963:0.0|0.0%,31.9%:5708.44689656939:0.0|0.0%,35.7%:5393.864200163807:2167.844|18.9%
rnaseq-jul-3,8758.647243824755,10863.0,0.0%:8758.647243824755:0.0|0.0%,0.0%:8758.559433049562:2693.336|24.8%,16.1%:7347.250056783362:0.0|0.0%,32.1%:5946.415086228803:0.0|0.0%,35.7%:5631.8174857522545:2693.336|24.8%
