workflow,footprint,makespan,flexible-6h,flexible-12h,flexible-24h,flexible-48h,flexible-96h
rnaseq-sep-1,12096.546981449426,10697.0,0.0%:12096.546981449426:208.064|1.9%,0.0%:12096.546981449426:226.064|2.1%,0.0%:12096.546981449426:283.064|2.6%,0.0%:12096.546981449426:208.064|1.9%,0.0%:12096.482476161824:565.128|5.3%
rnaseq-sep-2,11839.69460702276,11472.0,0.0%:11839.69460702276:0.0|0.0%,0.0%:11839.69460702276:0.0|0.0%,0.0%:11839.69460702276:0.0|0.0%,0.0%:11839.618386481943:0.0|0.0%,0.0%:11839.618386481943:0.0|0.0%
rnaseq-sep-3,12410.483879813763,10863.0,0.0%:12410.483879813763:0.0|0.0%,0.0%:12410.483879813763:0.0|0.0%,0.0%:12410.483879813763:0.0|0.0%,0.0%:12410.45719074012:226.336|2.1%,0.0%:12410.45719074012:237.336|2.2%
