workflow,footprint,makespan,flexible-6h,flexible-12h,flexible-24h,flexible-48h,flexible-96h
rnaseq-mar-1,9387.154606531029,10697.0,48.6%:4823.399164626668:0.0|0.0%,58.4%:3907.319067226181:0.0|0.0%,60.0%:3757.635514637455:0.0|0.0%,66.5%:3143.080659579382:0.0|0.0%,66.5%:3143.080659579382:0.0|0.0%
rnaseq-mar-2,9215.116053918247,11472.0,48.6%:4736.142257898678:0.0|0.0%,58.4%:3835.79791376182:2167.844|18.9%,59.2%:3757.3743455116683:1606.844|14.0%,66.5%:3085.4963187719018:0.0|0.0%,66.4%:3094.952109046567:0.0|0.0%
rnaseq-mar-3,9627.924866439722,10863.0,48.5%:4961.3618156126795:0.0|0.0%,58.4%:4002.9395938514876:2693.336|24.8%,59.3%:3921.2830621585367:1624.336|15.0%,66.5%:3222.929606018991:0.0|0.0%,66.5%:3229.7335868875443:0.0|0.0%
