workflow,footprint,makespan,flexible-6h,flexible-12h,flexible-24h,flexible-48h,flexible-96h
rnaseq-nov-1,8885.739743760598,10697.0,31.1%:6121.338315819412:0.0|0.0%,40.6%:5280.118628595871:1412.064|13.2%,45.1%:4879.486431979551:0.0|0.0%,70.1%:2655.282169062849:0.0|0.0%,77.6%:1992.0154242497981:0.0|0.0%
rnaseq-nov-2,8722.084199774516,11472.0,31.1%:6012.200605567132:0.0|0.0%,40.6%:5182.368382545811:1606.844|14.0%,45.2%:4779.697778953071:0.0|0.0%,70.1%:2605.859746057401:0.0|0.0%,77.6%:1956.7437835322858:0.0|0.0%
rnaseq-nov-3,9110.494543164295,10863.0,31.1%:6280.289077726039:0.0|0.0%,40.7%:5402.597418985655:1624.336|15.0%,45.2%:4990.1806094044405:0.0|0.0%,70.2%:2718.7278029667928:0.0|0.0%,77.6%:2041.1455250861004:0.0|0.0%
