workflow,footprint,makespan,flexible-6h,flexible-12h,flexible-24h,flexible-48h,flexible-96h
rnaseq-oct-1,11624.411938746378,10697.0,0.0%:11622.163778825558:283.064|2.6%,0.1%:11610.393386443557:274.064|2.6%,0.1%:11610.393386443557:274.064|2.6%,0.8%:11533.088579827332:1200.32|11.2%,1.1%:11496.319638085868:1945.512|18.2%
rnaseq-oct-2,11409.225958721938,11472.0,0.0%:11405.857301121003:255.844|2.2%,0.1%:11400.78987914276:255.844|2.2%,0.1%:11394.482547533522:255.844|2.2%,0.7%:11325.789243260935:1056.376|9.2%,1.3%:11265.922978844215:1617.064|14.1%
rnaseq-oct-3,11971.664553882185,10863.0,0.0%:11968.835974336916:237.336|2.2%,0.1%:11958.73978796675:237.336|2.2%,0.1%:11958.73978796675:237.336|2.2%,0.8%:11874.095487186618:1265.68|11.7%,1.3%:11814.14553942521:1787.352|16.5%
