workflow,footprint,makespan,flexible-6h,flexible-12h,flexible-24h,flexible-48h,flexible-96h
rnaseq-oct-1,11624.411938746378,10697.0,11.0%:10343.649217512877:0.0|0.0%,9.5%:10525.369138037293:848.192|7.9%,9.5%:10525.386788565984:567.128|5.3%,10.0%:10467.119246032948:1375.384|12.9%,15.7%:9804.568062464357:1489.384|13.9%
rnaseq-oct-2,11409.225958721938,11472.0,11.9%:10049.807499888804:0.0|0.0%,9.6%:10318.859607364677:796.532|6.9%,9.6%:10316.51498045885:545.688|4.8%,10.2%:10245.253705510595:1012.376|8.8%,12.7%:9959.411502489535:1542.064|13.4%
rnaseq-oct-3,11971.664553882185,10863.0,11.2%:10624.866927815221:0.0|0.0%,9.4%:10842.5235034124:488.672|4.5%,9.4%:10842.5235034124:488.672|4.5%,9.8%:10794.292363957671:902.344|8.3%,16.9%:9952.421548007436:1481.016|13.6%
