workflow,footprint,makespan,flexible-6h,flexible-12h,flexible-24h,flexible-48h,flexible-96h
rnaseq-sep-1,8334.818868235709,10697.0,0.0%:8334.818868235709:0.0|0.0%,15.6%:7033.179397006791:0.0|0.0%,64.2%:2980.045605847088:0.0|0.0%,67.0%:2751.510847126051:0.0|0.0%,67.0%:2751.510847126051:0.0|0.0%
rnaseq-sep-2,8181.739976621229,11472.0,0.0%:8181.739976621229:0.0|0.0%,15.7%:6899.160510961477:0.0|0.0%,64.2%:2926.0154227485814:0.0|0.0%,65.9%:2791.71243349072:0.0|0.0%,65.9%:2791.71243349072:0.0|0.0%
rnaseq-sep-3,8546.6835855102,10863.0,0.0%:8546.6835855102:0.0|0.0%,16.2%:7159.386638983463:0.0|0.0%,64.3%:3053.026492640219:0.0|0.0%,65.9%:2912.225423611294:0.0|0.0%,65.9%:2912.225423611294:0.0|0.0%
