workflow,footprint,makespan,flexible-6h,flexible-12h,flexible-24h,flexible-48h,flexible-96h
rnaseq-dec-1,12053.231599568726,10697.0,0.3%:12013.327417345337:776.192|7.3%,0.6%:11985.731557163197:283.064|2.6%,0.7%:11974.548148131616:467.128|4.4%,0.7%:11974.548148131616:131.064|1.2%,1.3%:11895.664797564965:405.128|3.8%
rnaseq-dec-2,11798.272488272203,11472.0,0.3%:11759.074756266145:835.532|7.3%,0.5%:11737.017095533432:469.688|4.1%,0.7%:11721.202949432221:574.688|5.0%,0.7%:11721.202949432221:94.844|0.8%,1.2%:11659.755746046618:299.844|2.6%
rnaseq-dec-3,12366.395439231132,10863.0,0.3%:12326.437864595833:689.008|6.3%,0.6%:12297.256785244086:533.672|4.9%,0.7%:12283.332522597986:288.336|2.7%,0.7%:12283.332522597986:295.336|2.7%,1.3%:12205.720466636936:841.008|7.7%
