workflow,footprint,makespan,flexible-6h,flexible-12h,flexible-24h,flexible-48h,flexible-96h
rnaseq-jun-1,8901.837507828199,10697.0,0.0%:8901.837507828199:0.0|0.0%,5.1%:8452.086601528965:0.0|0.0%,31.6%:6084.485626671216:0.0|0.0%,52.2%:4252.384320858994:0.0|0.0%,52.2%:4252.384320858994:0.0|0.0%
rnaseq-jun-2,8738.202445714682,11472.0,0.0%:8738.127501893397:2167.844|18.9%,5.1%:8294.469750971364:0.0|0.0%,31.6%:5973.172306231959:0.0|0.0%,51.4%:4248.385032654272:0.0|0.0%,51.4%:4248.385032654272:0.0|0.0%
rnaseq-jun-3,9127.495628720453,10863.0,0.0%:9127.486410550371:2693.336|24.8%,5.2%:8651.508694017495:0.0|0.0%,31.7%:6238.490663843717:0.0|0.0%,51.4%:4431.997319490895:0.0|0.0%,51.4%:4431.997319490895:0.0|0.0%
