workflow,footprint,makespan,flexible-6h,flexible-12h,flexible-24h,flexible-48h,flexible-96h
sarek-apr-1,33788.42651588509,18299.0,0.2%:33707.236354690685:1358.845|7.4%,0.2%:33705.287847646956:1654.614|9.0%,0.3%:33703.43656021351:2190.152|12.0%,0.6%:33583.05294432952:2436.921|13.3%,1.4%:33331.218174234295:2090.152|11.4%
sarek-apr-2,34035.42128906091,17619.0,0.4%:33885.8117269839:1260.06|7.2%,0.4%:33884.54837418307:1764.884|10.0%,0.4%:33884.54837418307:1764.884|10.0%,0.8%:33758.621740763585:2498.12|14.2%,1.7%:33462.27721140005:1241.06|7.0%
sarek-apr-3,33480.46299148832,18878.0,0.2%:33409.8082398101:1296.085|6.9%,0.2%:33408.847987603345:1559.502|8.3%,0.2%:33408.90583888997:1563.502|8.3%,0.5%:33314.82842623689:2437.753|12.9%,1.3%:33059.815177559765:2217.753|11.7%
