workflow,footprint,makespan,flexible-6h,flexible-12h,flexible-24h,flexible-48h,flexible-96h
sarek-jan-1,26546.464274419086,18299.0,24.1%:20157.13400989575:0.0|0.0%,41.3%:15574.370116339986:1261.769|6.9%,43.5%:15008.25150840223:0.0|0.0%,55.2%:11904.204979263144:3528.769|19.3%,62.7%:9889.276661743013:0.0|0.0%
sarek-jan-2,26744.060281997623,17619.0,24.2%:20276.808495369187:0.0|0.0%,41.0%:15783.431665652666:1277.412|7.3%,43.0%:15252.238344976688:0.0|0.0%,55.2%:11969.463971051056:3010.412|17.1%,62.9%:9919.681435563534:3010.412|17.1%
sarek-jan-3,26503.1733332767,18878.0,23.9%:20157.73255740202:0.0|0.0%,41.3%:15569.847719481111:1271.417|6.7%,43.1%:15088.036087679233:0.0|0.0%,55.1%:11895.60380454874:2707.417|14.3%,62.6%:9906.542622739917:0.0|0.0%
