workflow,footprint,makespan,flexible-6h,flexible-12h,flexible-24h,flexible-48h,flexible-96h
sarek-mar-1,28355.060825473593,18299.0,37.8%:17637.246039486767:2569.769|14.0%,61.3%:10975.955009615489:2207.769|12.1%,61.3%:10975.955009615489:2207.769|12.1%,67.1%:9338.48978484715:2569.769|14.0%,67.5%:9205.478897456334:1261.769|6.9%
sarek-mar-2,28586.161055146717,17619.0,38.4%:17612.892330562143:0.0|0.0%,61.2%:11089.162184847146:1567.412|8.9%,61.3%:11055.368480728212:1277.412|7.3%,67.1%:9397.617361983477:0.0|0.0%,67.6%:9251.473501552362:1277.412|7.3%
sarek-mar-3,28318.15920109429,18878.0,37.2%:17776.57772027329:2375.417|12.6%,61.3%:10961.949054213908:2778.417|14.7%,61.3%:10961.949054213908:2778.417|14.7%,67.0%:9336.651484929509:2375.417|12.6%,67.5%:9211.017565812292:1271.417|6.7%
