workflow,footprint,makespan,flexible-6h,flexible-12h,flexible-24h,flexible-48h,flexible-96h
sarek-jun-1,33277.95839953729,18299.0,1.1%:32919.111794066965:189.769|1.0%,1.6%:32751.963325807872:1115.076|6.1%,1.9%:32636.403950992375:563.076|3.1%,7.8%:30686.627628041657:1120.845|6.1%,43.7%:18740.508540589173:735.076|4.0%
sarek-jun-2,33443.77391957964,17619.0,1.2%:33041.53717086844:271.412|1.5%,1.7%:32887.200071356165:1092.648|6.2%,2.1%:32738.344934559933:1028.06|5.8%,7.8%:30847.664715855277:1731.884|9.8%,48.0%:17384.686959999814:793.648|4.5%
sarek-jun-3,32865.49426839025,18878.0,0.7%:32629.042486145307:126.417|0.7%,1.1%:32493.341073671945:1053.668|5.6%,1.8%:32274.631764105678:799.668|4.2%,7.5%:30388.225466455162:1006.085|5.3%,41.9%:19093.35385701398:1215.085|6.4%
