workflow,footprint,makespan,flexible-6h,flexible-12h,flexible-24h,flexible-48h,flexible-96h
sarek-jul-1,25834.95062153541,18299.0,7.3%:23958.49976722546:2207.769|12.1%,9.4%:23405.71383097703:5736.538|31.3%,17.6%:21289.076665320037:1261.769|6.9%,38.2%:15957.59729018865:2207.769|12.1%,43.8%:14515.557087518298:1261.769|6.9%
sarek-jul-2,25981.52509157342,17619.0,6.8%:24222.581175611576:1567.412|8.9%,9.1%:23629.817700009713:4577.824|26.0%,19.3%:20974.649379544684:0.0|0.0%,38.2%:16052.564408074517:1277.412|7.3%,44.2%:14486.925607874935:1277.412|7.3%
sarek-jul-3,25862.80339837399,18878.0,7.6%:23908.487284381477:2778.417|14.7%,10.1%:23240.192097068324:5485.834|29.1%,17.9%:21242.320718837127:1271.417|6.7%,38.6%:15877.470986368791:2778.417|14.7%,43.8%:14528.859918582693:1271.417|6.7%
