workflow,footprint,makespan,flexible-6h,flexible-12h,flexible-24h,flexible-48h,flexible-96h
sarek-oct-1,23663.43376817913,18299.0,0.3%:23602.954013371265:7360.307|40.2%,30.0%:16568.436077026647:0.0|0.0%,36.1%:15130.84611755373:0.0|0.0%,36.1%:15130.84611755373:0.0|0.0%,59.7%:9529.559379839622:0.0|0.0%
sarek-oct-2,23890.90992054791,17619.0,0.3%:23808.520544251594:4287.824|24.3%,30.4%:16637.182041993405:0.0|0.0%,36.3%:15227.40143025923:0.0|0.0%,36.3%:15227.40143025923:0.0|0.0%,59.4%:9709.567858820223:0.0|0.0%
sarek-oct-3,23650.944616779714,18878.0,0.3%:23571.538631353735:6354.251|33.7%,29.6%:16655.746815763123:0.0|0.0%,35.9%:15168.643255373532:0.0|0.0%,35.9%:15168.643255373532:0.0|0.0%,59.5%:9570.74980694676:0.0|0.0%
