workflow,footprint,makespan,flexible-6h,flexible-12h,flexible-24h,flexible-48h,flexible-96h
sarek-oct-1,34296.16776628743,18299.0,3.8%:32999.092460441905:556.538|3.0%,4.1%:32905.70889110585:984.076|5.4%,4.4%:32803.789751863216:1053.076|5.8%,5.8%:32317.130986359854:1494.614|8.2%,9.4%:31060.20754231504:2039.921|11.1%
sarek-oct-2,34510.31155791635,17619.0,3.0%:33457.92696968257:564.824|3.2%,3.5%:33304.43779333695:792.236|4.5%,3.8%:33195.7177673204:1210.06|6.9%,5.0%:32783.955476483716:1367.472|7.8%,11.2%:30648.502428815296:2193.708|12.5%
sarek-oct-3,33962.15307535798,18878.0,3.3%:32851.812347333434:556.834|2.9%,3.5%:32784.51253995636:1318.085|7.0%,3.7%:32721.37065148697:1039.668|5.5%,5.6%:32069.737751494267:1274.502|6.8%,8.3%:31148.094372716583:2379.17|12.6%
