workflow,footprint,makespan,flexible-6h,flexible-12h,flexible-24h,flexible-48h,flexible-96h
sarek-may-1,33380.72714457094,18299.0,0.3%:33265.78786882625:1873.383|10.2%,0.4%:33257.45048799659:1346.614|7.4%,0.5%:33200.75544789233:3340.997|18.3%,0.6%:33183.81440330024:2920.228|16.0%,0.6%:33167.553699174314:4269.304|23.3%
sarek-may-2,33507.08293222938,17619.0,0.3%:33396.83505656017:1317.06|7.5%,0.4%:33373.125382090635:1713.472|9.7%,0.5%:33335.85324208593:2510.12|14.2%,0.6%:33300.21516951614:3506.768|19.9%,0.6%:33290.460532764344:3934.18|22.3%
sarek-may-3,33023.315167781955,18878.0,0.3%:32936.25915317514:1889.919|10.0%,0.3%:32925.3895606171:1629.919|8.6%,0.5%:32868.38412169551:2468.17|13.1%,0.5%:32860.420408108344:2589.587|13.7%,0.5%:32848.75939083975:4142.255|21.9%
