workflow,footprint,makespan,flexible-6h,flexible-12h,flexible-24h,flexible-48h,flexible-96h
sarek-sep-1,25416.000769664024,18299.0,0.1%:25380.590560659562:6098.538|33.3%,42.8%:14538.210790294368:0.0|0.0%,64.2%:9099.180862210582:0.0|0.0%,68.2%:8071.061748526984:1261.769|6.9%,68.2%:8071.061748526984:1261.769|6.9%
sarek-sep-2,25583.007655147212,17619.0,0.3%:25517.836590512135:3010.412|17.1%,42.7%:14652.102179464351:0.0|0.0%,64.4%:9119.471098567246:0.0|0.0%,68.1%:8150.941222645693:1277.412|7.3%,68.1%:8150.941222645693:1277.412|7.3%
sarek-sep-3,25385.71494247652,18878.0,0.2%:25340.68806784315:5082.834|26.9%,43.2%:14431.44822318572:0.0|0.0%,64.0%:9132.734512878413:0.0|0.0%,68.3%:8059.7266918894975:1271.417|6.7%,68.3%:8059.7266918894975:1271.417|6.7%
