workflow,footprint,makespan,flexible-6h,flexible-12h,flexible-24h,flexible-48h,flexible-96h
sarek-jun-1,26642.911683134113,18299.0,1.4%:26281.257410982307:2207.769|12.1%,18.0%:21842.09417161754:0.0|0.0%,31.7%:18203.65878381168:0.0|0.0%,52.0%:12796.661491594601:0.0|0.0%,52.0%:12796.661491594601:0.0|0.0%
sarek-jun-2,26852.85672996088,17619.0,1.1%:26554.26026313214:1567.412|8.9%,17.6%:22114.947569030217:0.0|0.0%,32.7%:18067.91239851586:0.0|0.0%,51.8%:12931.651930601187:0.0|0.0%,51.8%:12931.651930601187:0.0|0.0%
sarek-jun-3,26608.221262494655,18878.0,1.6%:26179.131945667155:2778.417|14.7%,18.1%:21801.98659465357:0.0|0.0%,31.5%:18223.730232965623:0.0|0.0%,51.8%:12814.034020465138:0.0|0.0%,51.8%:12814.034020465138:0.0|0.0%
