workflow,footprint,makespan,flexible-6h,flexible-12h,flexible-24h,flexible-48h,flexible-96h
sarek-sep-1,34789.42519557467,18299.0,0.3%:34686.35639702082:580.538|3.2%,0.5%:34614.75535460608:466.538|2.5%,0.6%:34584.10415002364:507.538|2.8%,15.8%:29279.021949539274:534.307|2.9%,91.0%:3130.7026523759737:459.538|2.5%
sarek-sep-2,34922.63551557708,17619.0,0.3%:34817.723719070105:571.824|3.2%,0.5%:34747.32572396419:0.0|0.0%,0.6%:34720.473638591975:271.412|1.5%,14.3%:29916.182925059416:681.236|3.9%,96.9%:1067.889593793158:554.824|3.1%
sarek-sep-3,34456.379101934835,18878.0,0.3%:34354.40650168068:281.417|1.5%,0.5%:34295.316834466954:497.834|2.6%,0.6%:34261.379913010496:641.251|3.4%,16.2%:28873.861710750487:865.668|4.6%,85.8%:4881.697654420748:534.834|2.8%
