workflow,footprint,makespan,flexible-6h,flexible-12h,flexible-24h,flexible-48h,flexible-96h
sarek-jan-1,36038.204482273635,18299.0,2.0%:35318.503071649604:1023.076|5.6%,3.3%:34859.52667992059:1731.383|9.5%,4.4%:34450.693667330874:710.076|3.9%,6.9%:33555.583069438464:1663.383|9.1%,6.9%:33555.583069438464:1663.383|9.1%
sarek-jan-2,36288.671176581454,17619.0,2.0%:35562.19467154069:774.236|4.4%,3.3%:35085.44832181125:1752.884|9.9%,4.7%:34578.88389909822:689.236|3.9%,7.4%:33619.250742154734:2350.708|13.3%,7.4%:33619.250742154734:2350.708|13.3%
sarek-jan-3,35582.82632718294,18878.0,1.9%:34907.17122173861:1303.085|6.9%,3.1%:34465.69506069448:1387.502|7.3%,4.3%:34057.619805792994:959.668|5.1%,6.8%:33165.241085857226:1632.919|8.6%,6.8%:33165.241085857226:1412.502|7.5%
