workflow,footprint,makespan,flexible-6h,flexible-12h,flexible-24h,flexible-48h,flexible-96h
sarek-may-1,27670.108187288282,18299.0,31.9%:18835.390195760145:2569.769|14.0%,45.6%:15048.217663685897:3528.769|19.3%,51.2%:13510.172435092138:0.0|0.0%,52.7%:13078.883487675745:2207.769|12.1%,52.9%:13027.271173762103:4777.538|26.1%
sarek-may-2,27887.977061316764,17619.0,32.9%:18710.107229934434:0.0|0.0%,45.6%:15182.631308841714:3010.412|17.1%,51.1%:13635.232765539622:0.0|0.0%,52.9%:13137.586448730111:1567.412|8.9%,52.9%:13133.845681955967:4287.824|24.3%
sarek-may-3,27643.513400167503,18878.0,31.2%:19007.697792972078:2375.417|12.6%,45.7%:15006.116440095255:2707.417|14.3%,51.0%:13556.256118619262:0.0|0.0%,52.9%:13032.448264962351:2778.417|14.7%,52.9%:13016.111885226102:5153.834|27.3%
