workflow,footprint,makespan,flexible-6h,flexible-12h,flexible-24h,flexible-48h,flexible-96h
sarek-mar-1,32309.615966568672,18299.0,1.7%:31773.70501942453:1034.076|5.7%,2.9%:31369.774156239087:946.076|5.2%,5.1%:30653.640344971616:199.538|1.1%,6.5%:30224.209438769274:569.307|3.1%,15.4%:27339.63061819314:2215.921|12.1%
sarek-mar-2,32499.99988579866,17619.0,2.0%:31853.023797189133:1256.06|7.1%,3.4%:31380.22298630021:907.648|5.2%,5.9%:30567.638202432547:238.412|1.4%,7.1%:30193.726420676354:772.236|4.4%,15.8%:27372.866760147648:1830.296|10.4%
sarek-mar-3,31980.668235924604,18878.0,1.5%:31516.152139675796:650.251|3.4%,2.8%:31091.199539267775:650.251|3.4%,4.5%:30532.54485327825:591.251|3.1%,5.5%:30209.880614169186:855.668|4.5%,18.6%:26016.38416268514:2335.753|12.4%
