trace,op_ems,emb_ems
sarek-apr-1,18168.915974191543,185.156829608021
sarek-apr-1~+00-01-00,17668.512847080085,185.156829608021
sarek-apr-1~+00-02-00,17329.80516769103,185.156829608021
sarek-apr-1~+00-03-00,17385.79503913448,185.156829608021
sarek-apr-1~+00-04-00,17871.618061180612,185.156829608021
sarek-apr-1~+00-05-00,18692.45108369456,185.156829608021
sarek-apr-1~+00-06-00,19286.881598942127,185.156829608021
sarek-apr-1~+00-07-00,19845.57545125856,185.156829608021
sarek-apr-1~+00-08-00,20145.248878321072,185.156829608021
sarek-apr-1~+00-09-00,19964.90128570556,185.156829608021
sarek-apr-1~+00-10-00,19412.47038887144,185.156829608021
sarek-apr-1~+00-11-00,18845.082397623944,185.156829608021
sarek-apr-1~+00-12-00,18007.134274216995,185.156829608021
sarek-apr-1~+00-13-00,17487.546064678925,185.156829608021
sarek-apr-1~+00-14-00,17070.94255532098,185.156829608021
sarek-apr-1~+00-15-00,16865.57380187327,185.156829608021
sarek-apr-1~+00-16-00,16742.92752829439,185.156829608021
sarek-apr-1~+00-17-00,16812.738188805022,185.156829608021
sarek-apr-1~+00-18-00,17017.036393603692,185.156829608021
sarek-apr-1~+00-19-00,16899.662381475893,185.156829608021
sarek-apr-1~+00-20-00,16931.107601585416,185.156829608021
sarek-apr-1~+00-21-00,17058.490542825755,185.156829608021
sarek-apr-1~+00-22-00,17208.055480157785,185.156829608021
sarek-apr-1~+00-23-00,16947.582480455836,185.156829608021
sarek-apr-1~+01-00-00,17008.55247741112,185.156829608021
