trace,op_ems,emb_ems
sarek-nov-3,5365.245438324061,179.93408696821612
sarek-nov-3~+00-01-00,5518.652846767422,179.93408696821612
sarek-nov-3~+00-02-00,5885.322294433725,179.93408696821612
sarek-nov-3~+00-03-00,6308.42135066106,179.93408696821612
sarek-nov-3~+00-04-00,6757.630668359865,179.93408696821612
sarek-nov-3~+00-05-00,7039.192694969877,179.93408696821612
sarek-nov-3~+00-06-00,7256.213663511621,179.93408696821612
sarek-nov-3~+00-07-00,7217.570032854085,179.93408696821612
sarek-nov-3~+00-08-00,6981.369227269682,179.93408696821612
sarek-nov-3~+00-09-00,6470.437966289745,179.93408696821612
sarek-nov-3~+00-10-00,5799.228282191265,179.93408696821612
sarek-nov-3~+00-11-00,5127.791420606008,179.93408696821612
sarek-nov-3~+00-12-00,4573.940663235555,179.93408696821612
sarek-nov-3~+00-13-00,4165.2246768713985,179.93408696821612
sarek-nov-3~+00-14-00,3974.157587208238,179.93408696821612
sarek-nov-3~+00-15-00,3956.609845503784,179.93408696821612
sarek-nov-3~+00-16-00,4082.526124243826,179.93408696821612
sarek-nov-3~+00-17-00,4551.880411581049,179.93408696821612
sarek-nov-3~+00-18-00,5334.611867794619,179.93408696821612
sarek-nov-3~+00-19-00,5952.493154288885,179.93408696821612
sarek-nov-3~+00-20-00,6399.306012143348,179.93408696821612
sarek-nov-3~+00-21-00,6638.874242781212,179.93408696821612
sarek-nov-3~+00-22-00,6624.759453208604,179.93408696821612
sarek-nov-3~+00-23-00,6405.906524731411,179.93408696821612
sarek-nov-3~+01-00-00,6367.715247204733,179.93408696821612
