trace,op_ems,emb_ems
montage-may-1,434.6628926781259,5.110399681598096
montage-may-1~+00-01-00,434.6628926781259,5.110399681598096
montage-may-1~+00-02-00,434.6628926781259,5.110399681598096
montage-may-1~+00-03-00,434.6628926781259,5.110399681598096
montage-may-1~+00-04-00,434.6628926781259,5.110399681598096
montage-may-1~+00-05-00,453.5614583922046,5.110399681598096
montage-may-1~+00-06-00,453.33538580184023,5.110399681598096
montage-may-1~+00-07-00,453.37934653874174,5.110399681598096
montage-may-1~+00-08-00,452.7666519200771,5.110399681598096
montage-may-1~+00-09-00,487.17632631510145,5.110399681598096
montage-may-1~+00-10-00,480.341028671663,5.110399681598096
montage-may-1~+00-11-00,487.3018558848731,5.110399681598096
montage-may-1~+00-12-00,486.13351170539363,5.110399681598096
montage-may-1~+00-13-00,471.2166326365487,5.110399681598096
montage-may-1~+00-14-00,473.99520088430216,5.110399681598096
montage-may-1~+00-15-00,478.1126014076346,5.110399681598096
montage-may-1~+00-16-00,434.6628926781259,5.110399681598096
montage-may-1~+00-17-00,434.6628926781259,5.110399681598096
montage-may-1~+00-18-00,434.6628926781259,5.110399681598096
montage-may-1~+00-19-00,434.6628926781259,5.110399681598096
montage-may-1~+00-20-00,434.6628926781259,5.110399681598096
montage-may-1~+00-21-00,434.6628926781259,5.110399681598096
montage-may-1~+00-22-00,467.1426367017198,5.110399681598096
montage-may-1~+00-23-00,463.3335592816238,5.110399681598096
montage-may-1~+01-00-00,434.6628926781259,5.110399681598096
