trace,op_ems,emb_ems
montage-nov-3,405.62203710640927,4.459453342142623
montage-nov-3~+00-01-00,404.74482438006015,4.459453342142623
montage-nov-3~+00-02-00,402.2648389629071,4.459453342142623
montage-nov-3~+00-03-00,434.28488762391277,4.459453342142623
montage-nov-3~+00-04-00,423.15584913450203,4.459453342142623
montage-nov-3~+00-05-00,429.95365011743,4.459453342142623
montage-nov-3~+00-06-00,468.40583492450145,4.459453342142623
montage-nov-3~+00-07-00,469.1715800918643,4.459453342142623
montage-nov-3~+00-08-00,464.0709155850864,4.459453342142623
montage-nov-3~+00-09-00,472.9599063498238,4.459453342142623
montage-nov-3~+00-10-00,462.2327076535555,4.459453342142623
montage-nov-3~+00-11-00,462.2313803981807,4.459453342142623
montage-nov-3~+00-12-00,461.7938652462134,4.459453342142623
montage-nov-3~+00-13-00,460.9600646722632,4.459453342142623
montage-nov-3~+00-14-00,465.2622619370189,4.459453342142623
montage-nov-3~+00-15-00,433.6798999518161,4.459453342142623
montage-nov-3~+00-16-00,433.8830899626363,4.459453342142623
montage-nov-3~+00-17-00,433.5226674411014,4.459453342142623
montage-nov-3~+00-18-00,433.8834881392487,4.459453342142623
montage-nov-3~+00-19-00,433.83960389851484,4.459453342142623
montage-nov-3~+00-20-00,422.2934192657567,4.459453342142623
montage-nov-3~+00-21-00,449.2450849938478,4.459453342142623
montage-nov-3~+00-22-00,406.7123398768104,4.459453342142623
montage-nov-3~+00-23-00,405.3953405664489,4.459453342142623
montage-nov-3~+01-00-00,405.5781528656756,4.459453342142623
