trace,op_ems,emb_ems
mag-may-3,13630.670732917535,170.67367805536568
mag-may-3~+00-01-00,13684.187374249386,170.67367805536568
mag-may-3~+00-02-00,13671.26214348522,170.67367805536568
mag-may-3~+00-03-00,13712.340599750087,170.67367805536568
mag-may-3~+00-04-00,13656.122535438557,170.67367805536568
mag-may-3~+00-05-00,13613.227261303153,170.67367805536568
mag-may-3~+00-06-00,13524.406196674923,170.67367805536568
mag-may-3~+00-07-00,13421.105048742507,170.67367805536568
mag-may-3~+00-08-00,13447.95493280908,170.67367805536568
mag-may-3~+00-09-00,13404.09631077929,170.67367805536568
mag-may-3~+00-10-00,13279.774384960154,170.67367805536568
mag-may-3~+00-11-00,13181.27283494425,170.67367805536568
mag-may-3~+00-12-00,13022.78920255123,170.67367805536568
mag-may-3~+00-13-00,12944.403472223225,170.67367805536568
mag-may-3~+00-14-00,12879.504117367478,170.67367805536568
mag-may-3~+00-15-00,12781.617047305606,170.67367805536568
mag-may-3~+00-16-00,12771.74141275986,170.67367805536568
mag-may-3~+00-17-00,12831.122549779644,170.67367805536568
mag-may-3~+00-18-00,12898.997151171272,170.67367805536568
mag-may-3~+00-19-00,12965.03964280638,170.67367805536568
mag-may-3~+00-20-00,13044.079637065346,170.67367805536568
mag-may-3~+00-21-00,13165.350084372647,170.67367805536568
mag-may-3~+00-22-00,13279.753515459506,170.67367805536568
mag-may-3~+00-23-00,13437.929484133598,170.67367805536568
mag-may-3~+01-00-00,13588.803294410529,170.67367805536568
