trace,op_ems,emb_ems
montage-apr-2,435.53289450746763,5.194323604266486
montage-apr-2~+00-01-00,435.53289450746763,5.194323604266486
montage-apr-2~+00-02-00,451.26994117011117,5.194323604266486
montage-apr-2~+00-03-00,435.53289450746763,5.194323604266486
montage-apr-2~+00-04-00,435.53289450746763,5.194323604266486
montage-apr-2~+00-05-00,435.53289450746763,5.194323604266486
montage-apr-2~+00-06-00,435.53289450746763,5.194323604266486
montage-apr-2~+00-07-00,435.53289450746763,5.194323604266486
montage-apr-2~+00-08-00,435.53289450746763,5.194323604266486
montage-apr-2~+00-09-00,459.47338394779905,5.194323604266486
montage-apr-2~+00-10-00,460.47909450031614,5.194323604266486
montage-apr-2~+00-11-00,460.6836760994337,5.194323604266486
montage-apr-2~+00-12-00,499.885627767841,5.194323604266486
montage-apr-2~+00-13-00,517.8429228736439,5.194323604266486
montage-apr-2~+00-14-00,465.84675361530566,5.194323604266486
montage-apr-2~+00-15-00,460.1649407709795,5.194323604266486
montage-apr-2~+00-16-00,435.53289450746763,5.194323604266486
montage-apr-2~+00-17-00,452.38400942041756,5.194323604266486
montage-apr-2~+00-18-00,440.7906914678891,5.194323604266486
montage-apr-2~+00-19-00,435.53289450746763,5.194323604266486
montage-apr-2~+00-20-00,435.53289450746763,5.194323604266486
montage-apr-2~+00-21-00,458.74060792752425,5.194323604266486
montage-apr-2~+00-22-00,456.48993319848375,5.194323604266486
montage-apr-2~+00-23-00,502.18307957274783,5.194323604266486
montage-apr-2~+01-00-00,472.85372232068187,5.194323604266486
