trace,op_ems,emb_ems
nanoseq-mar-1,68.99605227668049,2.2463699711004637
nanoseq-mar-1~+00-01-00,70.85179610528269,2.2463699711004637
nanoseq-mar-1~+00-02-00,73.02212728918508,2.2463699711004637
nanoseq-mar-1~+00-03-00,75.2748198910112,2.2463699711004637
nanoseq-mar-1~+00-04-00,77.66784079826938,2.2463699711004637
nanoseq-mar-1~+00-05-00,80.02560358301287,2.2463699711004637
nanoseq-mar-1~+00-06-00,81.85098198700474,2.2463699711004637
nanoseq-mar-1~+00-07-00,82.90265041484848,2.2463699711004637
nanoseq-mar-1~+00-08-00,82.61317561932493,2.2463699711004637
nanoseq-mar-1~+00-09-00,80.29040437568234,2.2463699711004637
nanoseq-mar-1~+00-10-00,76.27469872020511,2.2463699711004637
nanoseq-mar-1~+00-11-00,71.74765794206932,2.2463699711004637
nanoseq-mar-1~+00-12-00,67.53320038396862,2.2463699711004637
nanoseq-mar-1~+00-13-00,63.9687741061118,2.2463699711004637
nanoseq-mar-1~+00-14-00,61.88403150956302,2.2463699711004637
nanoseq-mar-1~+00-15-00,61.556243722680016,2.2463699711004637
nanoseq-mar-1~+00-16-00,62.53859427668534,2.2463699711004637
nanoseq-mar-1~+00-17-00,64.65032466661606,2.2463699711004637
nanoseq-mar-1~+00-18-00,66.84302204783896,2.2463699711004637
nanoseq-mar-1~+00-19-00,67.9595085385245,2.2463699711004637
nanoseq-mar-1~+00-20-00,66.95978321253827,2.2463699711004637
nanoseq-mar-1~+00-21-00,60.60669197780608,2.2463699711004637
nanoseq-mar-1~+00-22-00,51.40521055075583,2.2463699711004637
nanoseq-mar-1~+00-23-00,46.39833786775835,2.2463699711004637
nanoseq-mar-1~+01-00-00,43.92689601078878,2.2463699711004637
