trace,op_ems,emb_ems
rnaseq-nov-2,6316.428894272016,61.38903864146787
rnaseq-nov-2~+00-01-00,6260.833942377219,61.38903864146787
rnaseq-nov-2~+00-02-00,6392.020052915037,61.38903864146787
rnaseq-nov-2~+00-03-00,6452.873165052981,61.38903864146787
rnaseq-nov-2~+00-04-00,6536.414714351045,61.38903864146787
rnaseq-nov-2~+00-05-00,6775.427335253829,61.38903864146787
rnaseq-nov-2~+00-06-00,6958.980847454693,61.38903864146787
rnaseq-nov-2~+00-07-00,7009.061272623177,61.38903864146787
rnaseq-nov-2~+00-08-00,7096.214516158392,61.38903864146787
rnaseq-nov-2~+00-09-00,7156.255699470049,61.38903864146787
rnaseq-nov-2~+00-10-00,7105.755950201642,61.38903864146787
rnaseq-nov-2~+00-11-00,6987.246765645042,61.38903864146787
rnaseq-nov-2~+00-12-00,6871.910358659522,61.38903864146787
rnaseq-nov-2~+00-13-00,6643.95873232664,61.38903864146787
rnaseq-nov-2~+00-14-00,6602.375026251504,61.38903864146787
rnaseq-nov-2~+00-15-00,6606.183832587883,61.38903864146787
rnaseq-nov-2~+00-16-00,6532.100867579644,61.38903864146787
rnaseq-nov-2~+00-17-00,6328.333970021875,61.38903864146787
rnaseq-nov-2~+00-18-00,6210.412185835171,61.38903864146787
rnaseq-nov-2~+00-19-00,6237.737416814165,61.38903864146787
rnaseq-nov-2~+00-20-00,6249.779144386971,61.38903864146787
rnaseq-nov-2~+00-21-00,6237.85727794261,61.38903864146787
rnaseq-nov-2~+00-22-00,6229.004930573828,61.38903864146787
rnaseq-nov-2~+00-23-00,6220.878193092153,61.38903864146787
rnaseq-nov-2~+01-00-00,6247.404940221874,61.38903864146787
