trace,op_ems,emb_ems
rangeland-jan-3,2312.499983635064,56.21086774659671
rangeland-jan-3~+00-01-00,2318.1955649113597,56.21086774659671
rangeland-jan-3~+00-02-00,2332.5515654656047,56.21086774659671
rangeland-jan-3~+00-03-00,2326.415621607331,56.21086774659671
rangeland-jan-3~+00-04-00,2336.7950949968354,56.21086774659671
rangeland-jan-3~+00-05-00,2329.4929096745673,56.21086774659671
rangeland-jan-3~+00-06-00,2262.1842045823983,56.21086774659671
rangeland-jan-3~+00-07-00,2189.7078112929917,56.21086774659671
rangeland-jan-3~+00-08-00,2093.039928103112,56.21086774659671
rangeland-jan-3~+00-09-00,1997.9354231159011,56.21086774659671
rangeland-jan-3~+00-10-00,1927.778302577409,56.21086774659671
rangeland-jan-3~+00-11-00,1846.749386534951,56.21086774659671
rangeland-jan-3~+00-12-00,1767.8333103754817,56.21086774659671
rangeland-jan-3~+00-13-00,1740.9843437978805,56.21086774659671
rangeland-jan-3~+00-14-00,1733.247237404495,56.21086774659671
rangeland-jan-3~+00-15-00,1782.6279607595338,56.21086774659671
rangeland-jan-3~+00-16-00,1846.4674155747543,56.21086774659671
rangeland-jan-3~+00-17-00,1889.356092868933,56.21086774659671
rangeland-jan-3~+00-18-00,1920.4236959549341,56.21086774659671
rangeland-jan-3~+00-19-00,1930.894704589989,56.21086774659671
rangeland-jan-3~+00-20-00,1925.3906474691835,56.21086774659671
rangeland-jan-3~+00-21-00,1910.5105048199794,56.21086774659671
rangeland-jan-3~+00-22-00,1876.4348330211394,56.21086774659671
rangeland-jan-3~+00-23-00,1857.1012865715056,56.21086774659671
rangeland-jan-3~+01-00-00,1885.4673867238105,56.21086774659671
