trace,op_ems,emb_ems
rangeland-dec-3,4724.992492361885,56.305479409080235
rangeland-dec-3~+00-01-00,4895.033883424034,56.305479409080235
rangeland-dec-3~+00-02-00,5057.6234093948815,56.305479409080235
rangeland-dec-3~+00-03-00,5227.968531201034,56.305479409080235
rangeland-dec-3~+00-04-00,5319.201706768205,56.305479409080235
rangeland-dec-3~+00-05-00,5407.30690595429,56.305479409080235
rangeland-dec-3~+00-06-00,5494.822794219951,56.305479409080235
rangeland-dec-3~+00-07-00,5522.668519942778,56.305479409080235
rangeland-dec-3~+00-08-00,5507.95415105594,56.305479409080235
rangeland-dec-3~+00-09-00,5410.419671215738,56.305479409080235
rangeland-dec-3~+00-10-00,5335.489249981806,56.305479409080235
rangeland-dec-3~+00-11-00,5259.334943679163,56.305479409080235
rangeland-dec-3~+00-12-00,5186.043105914622,56.305479409080235
rangeland-dec-3~+00-13-00,5116.607495740734,56.305479409080235
rangeland-dec-3~+00-14-00,5052.748030760529,56.305479409080235
rangeland-dec-3~+00-15-00,5029.762005773627,56.305479409080235
rangeland-dec-3~+00-16-00,5037.126304184209,56.305479409080235
rangeland-dec-3~+00-17-00,5020.989720796496,56.305479409080235
rangeland-dec-3~+00-18-00,4992.493452489829,56.305479409080235
rangeland-dec-3~+00-19-00,4928.851455787401,56.305479409080235
rangeland-dec-3~+00-20-00,4944.65331899718,56.305479409080235
rangeland-dec-3~+00-21-00,4939.463261691043,56.305479409080235
rangeland-dec-3~+00-22-00,4967.6931769192115,56.305479409080235
rangeland-dec-3~+00-23-00,5013.823205148835,56.305479409080235
rangeland-dec-3~+01-00-00,4994.631169452722,56.305479409080235
