trace,op_ems,emb_ems
rangeland-jan-3,5337.0571056873,56.305479409080235
rangeland-jan-3~+00-01-00,5289.986517200811,56.305479409080235
rangeland-jan-3~+00-02-00,5242.874914695877,56.305479409080235
rangeland-jan-3~+00-03-00,5201.948466107512,56.305479409080235
rangeland-jan-3~+00-04-00,5252.50415360457,56.305479409080235
rangeland-jan-3~+00-05-00,5219.493295608793,56.305479409080235
rangeland-jan-3~+00-06-00,5167.122065282966,56.305479409080235
rangeland-jan-3~+00-07-00,5124.943136650033,56.305479409080235
rangeland-jan-3~+00-08-00,5090.837880947246,56.305479409080235
rangeland-jan-3~+00-09-00,4993.02346192265,56.305479409080235
rangeland-jan-3~+00-10-00,4901.1617556887995,56.305479409080235
rangeland-jan-3~+00-11-00,4798.968854416701,56.305479409080235
rangeland-jan-3~+00-12-00,4740.501294310863,56.305479409080235
rangeland-jan-3~+00-13-00,4690.049460789767,56.305479409080235
rangeland-jan-3~+00-14-00,4670.500236880343,56.305479409080235
rangeland-jan-3~+00-15-00,4680.175213523703,56.305479409080235
rangeland-jan-3~+00-16-00,4757.259059270794,56.305479409080235
rangeland-jan-3~+00-17-00,4829.268422105599,56.305479409080235
rangeland-jan-3~+00-18-00,4900.199166044266,56.305479409080235
rangeland-jan-3~+00-19-00,4967.344676154225,56.305479409080235
rangeland-jan-3~+00-20-00,5035.210774391333,56.305479409080235
rangeland-jan-3~+00-21-00,5090.221804233758,56.305479409080235
rangeland-jan-3~+00-22-00,5113.605481284563,56.305479409080235
rangeland-jan-3~+00-23-00,5114.859953438075,56.305479409080235
rangeland-jan-3~+01-00-00,5163.253636679418,56.305479409080235
