trace,op_ems,emb_ems
chipseq-jan-3,11810.221680470366,100.15869459141447
chipseq-jan-3~+00-01-00,11762.752235869986,100.15869459141447
chipseq-jan-3~+00-02-00,11461.094812187508,100.15869459141447
chipseq-jan-3~+00-03-00,11386.296949834426,100.15869459141447
chipseq-jan-3~+00-04-00,11482.317372493537,100.15869459141447
chipseq-jan-3~+00-05-00,11332.202047182882,100.15869459141447
chipseq-jan-3~+00-06-00,11218.71935233923,100.15869459141447
chipseq-jan-3~+00-07-00,11274.798155564507,100.15869459141447
chipseq-jan-3~+00-08-00,11497.595340749604,100.15869459141447
chipseq-jan-3~+00-09-00,11347.738973852998,100.15869459141447
chipseq-jan-3~+00-10-00,11112.922506983674,100.15869459141447
chipseq-jan-3~+00-11-00,10869.548905227968,100.15869459141447
chipseq-jan-3~+00-12-00,10675.62961750369,100.15869459141447
chipseq-jan-3~+00-13-00,10337.369792492576,100.15869459141447
chipseq-jan-3~+00-14-00,10115.53292068173,100.15869459141447
chipseq-jan-3~+00-15-00,10024.9586481225,100.15869459141447
chipseq-jan-3~+00-16-00,10053.766671446161,100.15869459141447
chipseq-jan-3~+00-17-00,10099.002472054162,100.15869459141447
chipseq-jan-3~+00-18-00,10173.940363441054,100.15869459141447
chipseq-jan-3~+00-19-00,10382.731108953436,100.15869459141447
chipseq-jan-3~+00-20-00,10779.258910590157,100.15869459141447
chipseq-jan-3~+00-21-00,11014.483619312135,100.15869459141447
chipseq-jan-3~+00-22-00,11115.94607143642,100.15869459141447
chipseq-jan-3~+00-23-00,11149.830859095124,100.15869459141447
chipseq-jan-3~+01-00-00,11155.477828684041,100.15869459141447
