trace,op_ems,emb_ems
rangeland-jan-2,2307.76108813541,56.10015765457453
rangeland-jan-2~+00-01-00,2313.475941003825,56.10015765457453
rangeland-jan-2~+00-02-00,2327.804062533668,56.10015765457453
rangeland-jan-2~+00-03-00,2321.90576521769,56.10015765457453
rangeland-jan-2~+00-04-00,2332.204985531946,56.10015765457453
rangeland-jan-2~+00-05-00,2324.996100803061,56.10015765457453
rangeland-jan-2~+00-06-00,2258.099730487364,56.10015765457453
rangeland-jan-2~+00-07-00,2185.69847480996,56.10015765457453
rangeland-jan-2~+00-08-00,2089.2460731587785,56.10015765457453
rangeland-jan-2~+00-09-00,1994.1914904346465,56.10015765457453
rangeland-jan-2~+00-10-00,1923.9813208918679,56.10015765457453
rangeland-jan-2~+00-11-00,1843.0679577901956,56.10015765457453
rangeland-jan-2~+00-12-00,1764.3620309159814,56.10015765457453
rangeland-jan-2~+00-13-00,1737.4348601477711,56.10015765457453
rangeland-jan-2~+00-14-00,1729.6781940003295,56.10015765457453
rangeland-jan-2~+00-15-00,1778.7265457190435,56.10015765457453
rangeland-jan-2~+00-16-00,1842.395740729287,56.10015765457453
rangeland-jan-2~+00-17-00,1885.4117961701731,56.10015765457453
rangeland-jan-2~+00-18-00,1916.6495455382392,56.10015765457453
rangeland-jan-2~+00-19-00,1927.3532459930957,56.10015765457453
rangeland-jan-2~+00-20-00,1921.8984611153446,56.10015765457453
rangeland-jan-2~+00-21-00,1906.9495839129092,56.10015765457453
rangeland-jan-2~+00-22-00,1872.7383688241148,56.10015765457453
rangeland-jan-2~+00-23-00,1853.1419689331012,56.10015765457453
rangeland-jan-2~+01-00-00,1881.1640955852279,56.10015765457453
