trace,op_ems,emb_ems
rnaseq-feb-2,6341.313588069462,61.38903864146787
rnaseq-feb-2~+00-01-00,6200.867825133525,61.38903864146787
rnaseq-feb-2~+00-02-00,6200.5282020185205,61.38903864146787
rnaseq-feb-2~+00-03-00,6267.543018963985,61.38903864146787
rnaseq-feb-2~+00-04-00,6396.083330078969,61.38903864146787
rnaseq-feb-2~+00-05-00,6650.599831842158,61.38903864146787
rnaseq-feb-2~+00-06-00,6929.977668131776,61.38903864146787
rnaseq-feb-2~+00-07-00,7127.615468409278,61.38903864146787
rnaseq-feb-2~+00-08-00,7165.613534355809,61.38903864146787
rnaseq-feb-2~+00-09-00,7034.963971498226,61.38903864146787
rnaseq-feb-2~+00-10-00,6838.4387118526,61.38903864146787
rnaseq-feb-2~+00-11-00,6647.767979283089,61.38903864146787
rnaseq-feb-2~+00-12-00,6497.825952643189,61.38903864146787
rnaseq-feb-2~+00-13-00,6302.5205328603315,61.38903864146787
rnaseq-feb-2~+00-14-00,6245.735305428639,61.38903864146787
rnaseq-feb-2~+00-15-00,6275.800043919408,61.38903864146787
rnaseq-feb-2~+00-16-00,6316.412440383456,61.38903864146787
rnaseq-feb-2~+00-17-00,6284.95602777048,61.38903864146787
rnaseq-feb-2~+00-18-00,6306.445580811843,61.38903864146787
rnaseq-feb-2~+00-19-00,6307.571321527426,61.38903864146787
rnaseq-feb-2~+00-20-00,6413.818047600982,61.38903864146787
rnaseq-feb-2~+00-21-00,6550.735327656091,61.38903864146787
rnaseq-feb-2~+00-22-00,6809.582510255353,61.38903864146787
rnaseq-feb-2~+00-23-00,6933.869785760253,61.38903864146787
rnaseq-feb-2~+01-00-00,6831.636190113882,61.38903864146787
