trace,op_ems,emb_ems
mag-oct-2,14635.804210371089,170.82096393261858
mag-oct-2~+00-01-00,14859.739514275065,170.82096393261858
mag-oct-2~+00-02-00,15001.57658871264,170.82096393261858
mag-oct-2~+00-03-00,15076.4550931873,170.82096393261858
mag-oct-2~+00-04-00,14787.072702137559,170.82096393261858
mag-oct-2~+00-05-00,14503.37553986099,170.82096393261858
mag-oct-2~+00-06-00,14203.845288066683,170.82096393261858
mag-oct-2~+00-07-00,14077.319930067602,170.82096393261858
mag-oct-2~+00-08-00,13923.345978974909,170.82096393261858
mag-oct-2~+00-09-00,13647.762302551258,170.82096393261858
mag-oct-2~+00-10-00,13521.9779802062,170.82096393261858
mag-oct-2~+00-11-00,13368.446897136548,170.82096393261858
mag-oct-2~+00-12-00,13196.01898581767,170.82096393261858
mag-oct-2~+00-13-00,12970.189853358628,170.82096393261858
mag-oct-2~+00-14-00,12882.035775146554,170.82096393261858
mag-oct-2~+00-15-00,12989.579445954456,170.82096393261858
mag-oct-2~+00-16-00,13173.689052169713,170.82096393261858
mag-oct-2~+00-17-00,13375.067393520821,170.82096393261858
mag-oct-2~+00-18-00,13576.033346347975,170.82096393261858
mag-oct-2~+00-19-00,13659.710994530622,170.82096393261858
mag-oct-2~+00-20-00,13896.104949561379,170.82096393261858
mag-oct-2~+00-21-00,14182.943691383663,170.82096393261858
mag-oct-2~+00-22-00,14490.555786811075,170.82096393261858
mag-oct-2~+00-23-00,14697.720643039836,170.82096393261858
mag-oct-2~+01-00-00,14854.265238289501,170.82096393261858
