trace,op_ems,emb_ems
nanoseq-jan-3,71.94903376664305,2.2487745329175857
nanoseq-jan-3~+00-01-00,72.03538145084758,2.2487745329175857
nanoseq-jan-3~+00-02-00,72.57356457759276,2.2487745329175857
nanoseq-jan-3~+00-03-00,73.48445528700701,2.2487745329175857
nanoseq-jan-3~+00-04-00,74.32675614498477,2.2487745329175857
nanoseq-jan-3~+00-05-00,74.36081587153146,2.2487745329175857
nanoseq-jan-3~+00-06-00,73.74976414316342,2.2487745329175857
nanoseq-jan-3~+00-07-00,72.2159309539607,2.2487745329175857
nanoseq-jan-3~+00-08-00,69.30791002464493,2.2487745329175857
nanoseq-jan-3~+00-09-00,65.92459167007037,2.2487745329175857
nanoseq-jan-3~+00-10-00,62.217550551017204,2.2487745329175857
nanoseq-jan-3~+00-11-00,58.56779466801091,2.2487745329175857
nanoseq-jan-3~+00-12-00,56.22215738314491,2.2487745329175857
nanoseq-jan-3~+00-13-00,54.79015124222738,2.2487745329175857
nanoseq-jan-3~+00-14-00,54.07942004741615,2.2487745329175857
nanoseq-jan-3~+00-15-00,54.21322249850002,2.2487745329175857
nanoseq-jan-3~+00-16-00,55.016457144573224,2.2487745329175857
nanoseq-jan-3~+00-17-00,56.922972393023535,2.2487745329175857
nanoseq-jan-3~+00-18-00,59.741829424304925,2.2487745329175857
nanoseq-jan-3~+00-19-00,62.18929355988542,2.2487745329175857
nanoseq-jan-3~+00-20-00,63.4128479932816,2.2487745329175857
nanoseq-jan-3~+00-21-00,62.72983330696861,2.2487745329175857
nanoseq-jan-3~+00-22-00,60.351734023799004,2.2487745329175857
nanoseq-jan-3~+00-23-00,57.69773560077468,2.2487745329175857
nanoseq-jan-3~+01-00-00,56.093754462339184,2.2487745329175857
