trace,op_ems,emb_ems
rnaseq-aug-3,6025.11940297649,64.60281226683885
rnaseq-aug-3~+00-01-00,6025.11940297649,64.60281226683885
rnaseq-aug-3~+00-02-00,6025.10682098463,64.60281226683885
rnaseq-aug-3~+00-03-00,6003.162467303746,64.60281226683885
rnaseq-aug-3~+00-04-00,5975.795535288632,64.60281226683885
rnaseq-aug-3~+00-05-00,5997.290796089608,64.60281226683885
rnaseq-aug-3~+00-06-00,6146.685392297249,64.60281226683885
rnaseq-aug-3~+00-07-00,6429.739045851806,64.60281226683885
rnaseq-aug-3~+00-08-00,6674.172694613678,64.60281226683885
rnaseq-aug-3~+00-09-00,6766.958262719787,64.60281226683885
rnaseq-aug-3~+00-10-00,6740.495776430594,64.60281226683885
rnaseq-aug-3~+00-11-00,6665.066390697193,64.60281226683885
rnaseq-aug-3~+00-12-00,6652.982463966781,64.60281226683885
rnaseq-aug-3~+00-13-00,6651.472846879329,64.60281226683885
rnaseq-aug-3~+00-14-00,6424.447745074203,64.60281226683885
rnaseq-aug-3~+00-15-00,6159.560863719502,64.60281226683885
rnaseq-aug-3~+00-16-00,6025.11940297649,64.60281226683885
rnaseq-aug-3~+00-17-00,6025.11940297649,64.60281226683885
rnaseq-aug-3~+00-18-00,6025.11940297649,64.60281226683885
rnaseq-aug-3~+00-19-00,6025.11940297649,64.60281226683885
rnaseq-aug-3~+00-20-00,6025.11940297649,64.60281226683885
rnaseq-aug-3~+00-21-00,6025.11940297649,64.60281226683885
rnaseq-aug-3~+00-22-00,6025.11940297649,64.60281226683885
rnaseq-aug-3~+00-23-00,6025.11940297649,64.60281226683885
rnaseq-aug-3~+01-00-00,6025.11940297649,64.60281226683885
