trace,op_ems,emb_ems
chipseq-feb-2,10168.370314074838,98.55920482780722
chipseq-feb-2~+00-01-00,10029.06519279633,98.55920482780722
chipseq-feb-2~+00-02-00,10067.974171787708,98.55920482780722
chipseq-feb-2~+00-03-00,10212.886910993262,98.55920482780722
chipseq-feb-2~+00-04-00,10499.783949268165,98.55920482780722
chipseq-feb-2~+00-05-00,10967.526606279915,98.55920482780722
chipseq-feb-2~+00-06-00,11344.698907608252,98.55920482780722
chipseq-feb-2~+00-07-00,11565.886516507871,98.55920482780722
chipseq-feb-2~+00-08-00,11504.326576865478,98.55920482780722
chipseq-feb-2~+00-09-00,11262.127671759808,98.55920482780722
chipseq-feb-2~+00-10-00,10975.277023817871,98.55920482780722
chipseq-feb-2~+00-11-00,10685.720206110544,98.55920482780722
chipseq-feb-2~+00-12-00,10390.2942182527,98.55920482780722
chipseq-feb-2~+00-13-00,10118.06845394004,98.55920482780722
chipseq-feb-2~+00-14-00,10147.03042701649,98.55920482780722
chipseq-feb-2~+00-15-00,10182.3506478534,98.55920482780722
chipseq-feb-2~+00-16-00,10215.69926705735,98.55920482780722
chipseq-feb-2~+00-17-00,10180.841589061896,98.55920482780722
chipseq-feb-2~+00-18-00,10228.560796090784,98.55920482780722
chipseq-feb-2~+00-19-00,10231.815778260045,98.55920482780722
chipseq-feb-2~+00-20-00,10529.37502250992,98.55920482780722
chipseq-feb-2~+00-21-00,10659.265736071127,98.55920482780722
chipseq-feb-2~+00-22-00,11112.61514295563,98.55920482780722
chipseq-feb-2~+00-23-00,11234.196343578562,98.55920482780722
chipseq-feb-2~+01-00-00,10904.473088563704,98.55920482780722
