trace,op_ems,emb_ems
rangeland-apr-3,4624.108800060548,56.305479409080235
rangeland-apr-3~+00-01-00,4564.831978653381,56.305479409080235
rangeland-apr-3~+00-02-00,4582.065074567163,56.305479409080235
rangeland-apr-3~+00-03-00,4705.160946405569,56.305479409080235
rangeland-apr-3~+00-04-00,4833.05954552358,56.305479409080235
rangeland-apr-3~+00-05-00,4923.153820731446,56.305479409080235
rangeland-apr-3~+00-06-00,5033.404272820099,56.305479409080235
rangeland-apr-3~+00-07-00,5065.704266799521,56.305479409080235
rangeland-apr-3~+00-08-00,5075.621900089972,56.305479409080235
rangeland-apr-3~+00-09-00,5024.03557483076,56.305479409080235
rangeland-apr-3~+00-10-00,4861.900626850611,56.305479409080235
rangeland-apr-3~+00-11-00,4732.943273776366,56.305479409080235
rangeland-apr-3~+00-12-00,4604.725546451697,56.305479409080235
rangeland-apr-3~+00-13-00,4489.569461941304,56.305479409080235
rangeland-apr-3~+00-14-00,4411.397926033425,56.305479409080235
rangeland-apr-3~+00-15-00,4364.279799123524,56.305479409080235
rangeland-apr-3~+00-16-00,4382.027054171204,56.305479409080235
rangeland-apr-3~+00-17-00,4365.996868810893,56.305479409080235
rangeland-apr-3~+00-18-00,4366.121325186893,56.305479409080235
rangeland-apr-3~+00-19-00,4379.3428639430895,56.305479409080235
rangeland-apr-3~+00-20-00,4410.364129107776,56.305479409080235
rangeland-apr-3~+00-21-00,4411.071222747883,56.305479409080235
rangeland-apr-3~+00-22-00,4393.300305048132,56.305479409080235
rangeland-apr-3~+00-23-00,4380.02442131941,56.305479409080235
rangeland-apr-3~+01-00-00,4380.131713583001,56.305479409080235
