trace,op_ems,emb_ems
chipseq-nov-3,10322.180910637642,100.15869459141447
chipseq-nov-3~+00-01-00,10342.77134871626,100.15869459141447
chipseq-nov-3~+00-02-00,10503.728467299152,100.15869459141447
chipseq-nov-3~+00-03-00,10698.079755493809,100.15869459141447
chipseq-nov-3~+00-04-00,10953.613927172593,100.15869459141447
chipseq-nov-3~+00-05-00,11247.197923591179,100.15869459141447
chipseq-nov-3~+00-06-00,11450.99274982948,100.15869459141447
chipseq-nov-3~+00-07-00,11549.928600120442,100.15869459141447
chipseq-nov-3~+00-08-00,11686.496621451652,100.15869459141447
chipseq-nov-3~+00-09-00,11707.272379735396,100.15869459141447
chipseq-nov-3~+00-10-00,11554.31441504484,100.15869459141447
chipseq-nov-3~+00-11-00,11347.018749898769,100.15869459141447
chipseq-nov-3~+00-12-00,11241.621207271637,100.15869459141447
chipseq-nov-3~+00-13-00,10695.00674116473,100.15869459141447
chipseq-nov-3~+00-14-00,10895.663178219358,100.15869459141447
chipseq-nov-3~+00-15-00,10779.558465144419,100.15869459141447
chipseq-nov-3~+00-16-00,10566.412792541241,100.15869459141447
chipseq-nov-3~+00-17-00,10300.967332330752,100.15869459141447
chipseq-nov-3~+00-18-00,10200.128373512604,100.15869459141447
chipseq-nov-3~+00-19-00,10249.398092666377,100.15869459141447
chipseq-nov-3~+00-20-00,10251.112909960997,100.15869459141447
chipseq-nov-3~+00-21-00,10225.828046247172,100.15869459141447
chipseq-nov-3~+00-22-00,10217.236629518426,100.15869459141447
chipseq-nov-3~+00-23-00,10208.57239186295,100.15869459141447
chipseq-nov-3~+01-00-00,10309.071725612517,100.15869459141447
