trace,op_ems,emb_ems
rnaseq-jun-1,770.9934525189069,60.34201273201991
rnaseq-jun-1~+00-01-00,602.4721587385789,60.34201273201991
rnaseq-jun-1~+00-02-00,505.11408469713797,60.34201273201991
rnaseq-jun-1~+00-03-00,461.8919910851738,60.34201273201991
rnaseq-jun-1~+00-04-00,411.2751004363545,60.34201273201991
rnaseq-jun-1~+00-05-00,380.44895899045576,60.34201273201991
rnaseq-jun-1~+00-06-00,413.41909386178315,60.34201273201991
rnaseq-jun-1~+00-07-00,539.2111182240287,60.34201273201991
rnaseq-jun-1~+00-08-00,766.9888487322289,60.34201273201991
rnaseq-jun-1~+00-09-00,1032.6642200044716,60.34201273201991
rnaseq-jun-1~+00-10-00,1207.7317594588922,60.34201273201991
rnaseq-jun-1~+00-11-00,1298.2630144603754,60.34201273201991
rnaseq-jun-1~+00-12-00,1297.0352235579421,60.34201273201991
rnaseq-jun-1~+00-13-00,1205.8625550063502,60.34201273201991
rnaseq-jun-1~+00-14-00,1099.1408887451264,60.34201273201991
rnaseq-jun-1~+00-15-00,1046.0655442271088,60.34201273201991
rnaseq-jun-1~+00-16-00,995.4853313505915,60.34201273201991
rnaseq-jun-1~+00-17-00,931.5662236269495,60.34201273201991
rnaseq-jun-1~+00-18-00,900.8605170724237,60.34201273201991
rnaseq-jun-1~+00-19-00,924.6690578313429,60.34201273201991
rnaseq-jun-1~+00-20-00,991.8722835487457,60.34201273201991
rnaseq-jun-1~+00-21-00,1047.6812125529634,60.34201273201991
rnaseq-jun-1~+00-22-00,1048.2833319643,60.34201273201991
rnaseq-jun-1~+00-23-00,999.8223048508027,60.34201273201991
rnaseq-jun-1~+01-00-00,974.8877803143325,60.34201273201991
