trace,op_ems,emb_ems
sarek-jan-3,8573.440198684091,179.93408696821612
sarek-jan-3~+00-01-00,8629.310384910716,179.93408696821612
sarek-jan-3~+00-02-00,8679.79100064311,179.93408696821612
sarek-jan-3~+00-03-00,8781.949798890693,179.93408696821612
sarek-jan-3~+00-04-00,8907.866281281225,179.93408696821612
sarek-jan-3~+00-05-00,8847.173297630285,179.93408696821612
sarek-jan-3~+00-06-00,8834.4125477197,179.93408696821612
sarek-jan-3~+00-07-00,8659.482412126279,179.93408696821612
sarek-jan-3~+00-08-00,8250.02967234774,179.93408696821612
sarek-jan-3~+00-09-00,7878.644270719415,179.93408696821612
sarek-jan-3~+00-10-00,7395.00440791638,179.93408696821612
sarek-jan-3~+00-11-00,7002.563602853165,179.93408696821612
sarek-jan-3~+00-12-00,6733.5047964379355,179.93408696821612
sarek-jan-3~+00-13-00,6565.171291094045,179.93408696821612
sarek-jan-3~+00-14-00,6434.263159796057,179.93408696821612
sarek-jan-3~+00-15-00,6475.793231903611,179.93408696821612
sarek-jan-3~+00-16-00,6538.908709709458,179.93408696821612
sarek-jan-3~+00-17-00,6834.892802641415,179.93408696821612
sarek-jan-3~+00-18-00,7178.797232712749,179.93408696821612
sarek-jan-3~+00-19-00,7449.908169735354,179.93408696821612
sarek-jan-3~+00-20-00,7578.899427406917,179.93408696821612
sarek-jan-3~+00-21-00,7455.832821455277,179.93408696821612
sarek-jan-3~+00-22-00,7193.707251103864,179.93408696821612
sarek-jan-3~+00-23-00,6875.894376129231,179.93408696821612
sarek-jan-3~+01-00-00,6684.760671058913,179.93408696821612
