trace,op_ems,emb_ems
nanoseq-mar-2,172.0801318035544,2.283583422059979
nanoseq-mar-2~+00-01-00,171.46693574809015,2.283583422059979
nanoseq-mar-2~+00-02-00,171.1022119287832,2.283583422059979
nanoseq-mar-2~+00-03-00,171.57965188366538,2.283583422059979
nanoseq-mar-2~+00-04-00,172.29172354234308,2.283583422059979
nanoseq-mar-2~+00-05-00,172.86809421000152,2.283583422059979
nanoseq-mar-2~+00-06-00,172.93131502890924,2.283583422059979
nanoseq-mar-2~+00-07-00,170.45545877654345,2.283583422059979
nanoseq-mar-2~+00-08-00,166.72851777580175,2.283583422059979
nanoseq-mar-2~+00-09-00,161.77402862094348,2.283583422059979
nanoseq-mar-2~+00-10-00,154.41433858310032,2.283583422059979
nanoseq-mar-2~+00-11-00,146.96209519898997,2.283583422059979
nanoseq-mar-2~+00-12-00,141.29373744607,2.283583422059979
nanoseq-mar-2~+00-13-00,135.00814483606524,2.283583422059979
nanoseq-mar-2~+00-14-00,131.49372211248615,2.283583422059979
nanoseq-mar-2~+00-15-00,134.24049223565711,2.283583422059979
nanoseq-mar-2~+00-16-00,137.95154578457868,2.283583422059979
nanoseq-mar-2~+00-17-00,142.02644312152114,2.283583422059979
nanoseq-mar-2~+00-18-00,148.22115921483964,2.283583422059979
nanoseq-mar-2~+00-19-00,155.29890421897412,2.283583422059979
nanoseq-mar-2~+00-20-00,158.78990740190426,2.283583422059979
nanoseq-mar-2~+00-21-00,162.91672457146922,2.283583422059979
nanoseq-mar-2~+00-22-00,166.61199486268706,2.283583422059979
nanoseq-mar-2~+00-23-00,165.69059292298792,2.283583422059979
nanoseq-mar-2~+01-00-00,164.4514885079992,2.283583422059979
