trace,op_ems,emb_ems
nanoseq-jul-2,139.8566186596046,2.283583422059979
nanoseq-jul-2~+00-01-00,140.71972323399987,2.283583422059979
nanoseq-jul-2~+00-02-00,141.64887962661075,2.283583422059979
nanoseq-jul-2~+00-03-00,143.05715600941156,2.283583422059979
nanoseq-jul-2~+00-04-00,146.04234033267275,2.283583422059979
nanoseq-jul-2~+00-05-00,148.2568791319663,2.283583422059979
nanoseq-jul-2~+00-06-00,150.7915794201279,2.283583422059979
nanoseq-jul-2~+00-07-00,153.74975963224728,2.283583422059979
nanoseq-jul-2~+00-08-00,155.47681727344582,2.283583422059979
nanoseq-jul-2~+00-09-00,154.40010698349732,2.283583422059979
nanoseq-jul-2~+00-10-00,152.64507566454085,2.283583422059979
nanoseq-jul-2~+00-11-00,149.03138443751595,2.283583422059979
nanoseq-jul-2~+00-12-00,145.47644170171904,2.283583422059979
nanoseq-jul-2~+00-13-00,142.00518294557304,2.283583422059979
nanoseq-jul-2~+00-14-00,139.68427084438872,2.283583422059979
nanoseq-jul-2~+00-15-00,138.36489186408073,2.283583422059979
nanoseq-jul-2~+00-16-00,138.34236703140235,2.283583422059979
nanoseq-jul-2~+00-17-00,139.8704647708055,2.283583422059979
nanoseq-jul-2~+00-18-00,141.64910248737797,2.283583422059979
nanoseq-jul-2~+00-19-00,142.00650041573005,2.283583422059979
nanoseq-jul-2~+00-20-00,142.00669319819363,2.283583422059979
nanoseq-jul-2~+00-21-00,142.01817087551177,2.283583422059979
nanoseq-jul-2~+00-22-00,139.77303087496614,2.283583422059979
nanoseq-jul-2~+00-23-00,138.44144830629014,2.283583422059979
nanoseq-jul-2~+01-00-00,139.3322999468644,2.283583422059979
