trace,op_ems,emb_ems
montage-sep-3,55.042676999432736,3.9090470464800857
montage-sep-3~+00-01-00,45.4210169972217,3.9090470464800857
montage-sep-3~+00-02-00,40.75006134857124,3.9090470464800857
montage-sep-3~+00-03-00,39.546294194109585,3.9090470464800857
montage-sep-3~+00-04-00,43.454298829368874,3.9090470464800857
montage-sep-3~+00-05-00,42.555712080263724,3.9090470464800857
montage-sep-3~+00-06-00,42.41159911106759,3.9090470464800857
montage-sep-3~+00-07-00,47.81159683918072,3.9090470464800857
montage-sep-3~+00-08-00,49.42227120078435,3.9090470464800857
montage-sep-3~+00-09-00,52.51646142175971,3.9090470464800857
montage-sep-3~+00-10-00,56.40751159005472,3.9090470464800857
montage-sep-3~+00-11-00,55.593697175770785,3.9090470464800857
montage-sep-3~+00-12-00,40.360108608393546,3.9090470464800857
montage-sep-3~+00-13-00,41.70798873205128,3.9090470464800857
montage-sep-3~+00-14-00,36.80814777938349,3.9090470464800857
montage-sep-3~+00-15-00,37.38459965616789,3.9090470464800857
montage-sep-3~+00-16-00,36.672512043669464,3.9090470464800857
montage-sep-3~+00-17-00,33.32400481823039,3.9090470464800857
montage-sep-3~+00-18-00,34.60406707403115,3.9090470464800857
montage-sep-3~+00-19-00,34.42604517090655,3.9090470464800857
montage-sep-3~+00-20-00,35.92651549724254,3.9090470464800857
montage-sep-3~+00-21-00,43.717093067314735,3.9090470464800857
montage-sep-3~+00-22-00,50.15979051372917,3.9090470464800857
montage-sep-3~+00-23-00,44.91238298829423,3.9090470464800857
montage-sep-3~+01-00-00,32.04394256242963,3.9090470464800857
