trace,op_ems,emb_ems
rnaseq-dec-2,1890.3594426639327,59.0952985091386
rnaseq-dec-2~+00-01-00,1891.3242969029357,59.0952985091386
rnaseq-dec-2~+00-02-00,1916.4678537912291,59.0952985091386
rnaseq-dec-2~+00-03-00,1979.6730419608868,59.0952985091386
rnaseq-dec-2~+00-04-00,2062.4762332366836,59.0952985091386
rnaseq-dec-2~+00-05-00,2156.803209745312,59.0952985091386
rnaseq-dec-2~+00-06-00,2281.5904979687266,59.0952985091386
rnaseq-dec-2~+00-07-00,2380.2399078520507,59.0952985091386
rnaseq-dec-2~+00-08-00,2385.4747893421877,59.0952985091386
rnaseq-dec-2~+00-09-00,2321.900321318744,59.0952985091386
rnaseq-dec-2~+00-10-00,2201.3386084164968,59.0952985091386
rnaseq-dec-2~+00-11-00,2000.5084804168227,59.0952985091386
rnaseq-dec-2~+00-12-00,1729.26388719861,59.0952985091386
rnaseq-dec-2~+00-13-00,1471.486963458038,59.0952985091386
rnaseq-dec-2~+00-14-00,1334.8097809518592,59.0952985091386
rnaseq-dec-2~+00-15-00,1310.2576935523446,59.0952985091386
rnaseq-dec-2~+00-16-00,1289.9769078144438,59.0952985091386
rnaseq-dec-2~+00-17-00,1264.3211843964334,59.0952985091386
rnaseq-dec-2~+00-18-00,1359.5136085440322,59.0952985091386
rnaseq-dec-2~+00-19-00,1741.2415822997245,59.0952985091386
rnaseq-dec-2~+00-20-00,2345.4409692864037,59.0952985091386
rnaseq-dec-2~+00-21-00,2807.2894343175353,59.0952985091386
rnaseq-dec-2~+00-22-00,2872.743431585552,59.0952985091386
rnaseq-dec-2~+00-23-00,2739.2710209411434,59.0952985091386
rnaseq-dec-2~+01-00-00,2632.5474883605066,59.0952985091386
