trace,op_ems,emb_ems
sarek-oct-2,18300.13710949222,185.95754100781198
sarek-oct-2~+00-01-00,18689.550325247885,185.95754100781198
sarek-oct-2~+00-02-00,19215.145031117885,185.95754100781198
sarek-oct-2~+00-03-00,19680.752882009012,185.95754100781198
sarek-oct-2~+00-04-00,20110.645143203143,185.95754100781198
sarek-oct-2~+00-05-00,20383.555904424185,185.95754100781198
sarek-oct-2~+00-06-00,19964.46240681209,185.95754100781198
sarek-oct-2~+00-07-00,19732.858399704088,185.95754100781198
sarek-oct-2~+00-08-00,19885.45520965598,185.95754100781198
sarek-oct-2~+00-09-00,20013.39683806464,185.95754100781198
sarek-oct-2~+00-10-00,19578.81737967633,185.95754100781198
sarek-oct-2~+00-11-00,19170.631269419522,185.95754100781198
sarek-oct-2~+00-12-00,18334.586242522073,185.95754100781198
sarek-oct-2~+00-13-00,17624.243607276723,185.95754100781198
sarek-oct-2~+00-14-00,17056.04602088645,185.95754100781198
sarek-oct-2~+00-15-00,16897.067926033767,185.95754100781198
sarek-oct-2~+00-16-00,16807.623126767576,185.95754100781198
sarek-oct-2~+00-17-00,16807.623126767576,185.95754100781198
sarek-oct-2~+00-18-00,16807.623126767576,185.95754100781198
sarek-oct-2~+00-19-00,16807.623126767576,185.95754100781198
sarek-oct-2~+00-20-00,16807.623126767576,185.95754100781198
sarek-oct-2~+00-21-00,16826.701640658906,185.95754100781198
sarek-oct-2~+00-22-00,17202.910259221993,185.95754100781198
sarek-oct-2~+00-23-00,17849.545220262924,185.95754100781198
sarek-oct-2~+01-00-00,18332.804541785335,185.95754100781198
