trace,op_ems,emb_ems
rangeland-sep-1,4447.31871057914,56.33951064719725
rangeland-sep-1~+00-01-00,4521.03675292783,56.33951064719725
rangeland-sep-1~+00-02-00,4529.731711554622,56.33951064719725
rangeland-sep-1~+00-03-00,4596.319783823585,56.33951064719725
rangeland-sep-1~+00-04-00,4640.719272301149,56.33951064719725
rangeland-sep-1~+00-05-00,4652.982361488837,56.33951064719725
rangeland-sep-1~+00-06-00,4684.410807351543,56.33951064719725
rangeland-sep-1~+00-07-00,4711.444542759848,56.33951064719725
rangeland-sep-1~+00-08-00,4717.157478466948,56.33951064719725
rangeland-sep-1~+00-09-00,4732.841528122045,56.33951064719725
rangeland-sep-1~+00-10-00,4736.684184997999,56.33951064719725
rangeland-sep-1~+00-11-00,4668.539014450488,56.33951064719725
rangeland-sep-1~+00-12-00,4622.731589152934,56.33951064719725
rangeland-sep-1~+00-13-00,4567.9163399731815,56.33951064719725
rangeland-sep-1~+00-14-00,4602.0712509506475,56.33951064719725
rangeland-sep-1~+00-15-00,4609.893425767076,56.33951064719725
rangeland-sep-1~+00-16-00,4646.146981349292,56.33951064719725
rangeland-sep-1~+00-17-00,4653.822553800438,56.33951064719725
rangeland-sep-1~+00-18-00,4624.35691387546,56.33951064719725
rangeland-sep-1~+00-19-00,4625.350873536361,56.33951064719725
rangeland-sep-1~+00-20-00,4621.740378651256,56.33951064719725
rangeland-sep-1~+00-21-00,4627.949368157738,56.33951064719725
rangeland-sep-1~+00-22-00,4642.589461131972,56.33951064719725
rangeland-sep-1~+00-23-00,4643.242755825371,56.33951064719725
rangeland-sep-1~+01-00-00,4543.130962206387,56.33951064719725
