trace,op_ems,emb_ems
sarek-dec-3,5657.403722024351,179.93408696821612
sarek-dec-3~+00-01-00,5779.047876630532,179.93408696821612
sarek-dec-3~+00-02-00,5942.933879753684,179.93408696821612
sarek-dec-3~+00-03-00,6247.482233199139,179.93408696821612
sarek-dec-3~+00-04-00,6542.161733107948,179.93408696821612
sarek-dec-3~+00-05-00,6737.618618361658,179.93408696821612
sarek-dec-3~+00-06-00,6856.1937116764275,179.93408696821612
sarek-dec-3~+00-07-00,6813.840096822395,179.93408696821612
sarek-dec-3~+00-08-00,6537.035830735216,179.93408696821612
sarek-dec-3~+00-09-00,6048.969598065457,179.93408696821612
sarek-dec-3~+00-10-00,5398.338362988767,179.93408696821612
sarek-dec-3~+00-11-00,4821.116035322068,179.93408696821612
sarek-dec-3~+00-12-00,4375.700905398848,179.93408696821612
sarek-dec-3~+00-13-00,4004.057517311256,179.93408696821612
sarek-dec-3~+00-14-00,3812.6530593815555,179.93408696821612
sarek-dec-3~+00-15-00,3794.945450874159,179.93408696821612
sarek-dec-3~+00-16-00,4144.469332663375,179.93408696821612
sarek-dec-3~+00-17-00,5106.522132644653,179.93408696821612
sarek-dec-3~+00-18-00,6132.61053427752,179.93408696821612
sarek-dec-3~+00-19-00,7089.569671833826,179.93408696821612
sarek-dec-3~+00-20-00,7713.508237122626,179.93408696821612
sarek-dec-3~+00-21-00,8058.140032637647,179.93408696821612
sarek-dec-3~+00-22-00,8012.023001495378,179.93408696821612
sarek-dec-3~+00-23-00,7875.221374644923,179.93408696821612
sarek-dec-3~+01-00-00,7784.8721824439435,179.93408696821612
