trace,op_ems,emb_ems
montage-mar-3,149.43667182288613,3.9090470464800857
montage-mar-3~+00-01-00,120.08848950777205,3.9090470464800857
montage-mar-3~+00-02-00,22.702031265128728,3.9090470464800857
montage-mar-3~+00-03-00,131.3632100389973,3.9090470464800857
montage-mar-3~+00-04-00,125.80214487472377,3.9090470464800857
montage-mar-3~+00-05-00,131.98204808319238,3.9090470464800857
montage-mar-3~+00-06-00,139.88282968853215,3.9090470464800857
montage-mar-3~+00-07-00,143.1974279800427,3.9090470464800857
montage-mar-3~+00-08-00,140.36603199701318,3.9090470464800857
montage-mar-3~+00-09-00,153.42944879296672,3.9090470464800857
montage-mar-3~+00-10-00,147.5292942894082,3.9090470464800857
montage-mar-3~+00-11-00,125.71737253990254,3.9090470464800857
montage-mar-3~+00-12-00,96.55568936139515,3.9090470464800857
montage-mar-3~+00-13-00,72.30232436903766,3.9090470464800857
montage-mar-3~+00-14-00,64.46936063155486,3.9090470464800857
montage-mar-3~+00-15-00,64.32524766235878,3.9090470464800857
montage-mar-3~+00-16-00,61.341261476651006,3.9090470464800857
montage-mar-3~+00-17-00,59.88317731772567,3.9090470464800857
montage-mar-3~+00-18-00,62.56198309807689,3.9090470464800857
montage-mar-3~+00-19-00,63.8166136534313,3.9090470464800857
montage-mar-3~+00-20-00,68.45366036815325,3.9090470464800857
montage-mar-3~+00-21-00,71.0816027476118,3.9090470464800857
montage-mar-3~+00-22-00,73.34502408733893,3.9090470464800857
montage-mar-3~+00-23-00,64.23199809405538,3.9090470464800857
montage-mar-3~+01-00-00,58.772659731567366,3.9090470464800857
