trace,op_ems,emb_ems
mag-apr-1,4023.7584651432853,170.94595497756436
mag-apr-1~+00-01-00,3984.768252682007,170.94595497756436
mag-apr-1~+00-02-00,3805.7676806068957,170.94595497756436
mag-apr-1~+00-03-00,3555.886999014718,170.94595497756436
mag-apr-1~+00-04-00,3331.1843894307144,170.94595497756436
mag-apr-1~+00-05-00,3179.032346675909,170.94595497756436
mag-apr-1~+00-06-00,3145.3198041029946,170.94595497756436
mag-apr-1~+00-07-00,3151.5384229013866,170.94595497756436
mag-apr-1~+00-08-00,3048.7205934106123,170.94595497756436
mag-apr-1~+00-09-00,2816.6759989025954,170.94595497756436
mag-apr-1~+00-10-00,2495.8061301622533,170.94595497756436
mag-apr-1~+00-11-00,2187.810618511073,170.94595497756436
mag-apr-1~+00-12-00,1893.219574069733,170.94595497756436
mag-apr-1~+00-13-00,1606.5719400162625,170.94595497756436
mag-apr-1~+00-14-00,1433.0018338730308,170.94595497756436
mag-apr-1~+00-15-00,1334.2306923670585,170.94595497756436
mag-apr-1~+00-16-00,1250.2330465085622,170.94595497756436
mag-apr-1~+00-17-00,1186.5702593569792,170.94595497756436
mag-apr-1~+00-18-00,1127.381366006529,170.94595497756436
mag-apr-1~+00-19-00,1074.1340044105798,170.94595497756436
mag-apr-1~+00-20-00,1012.9523320951706,170.94595497756436
mag-apr-1~+00-21-00,953.9215367906997,170.94595497756436
mag-apr-1~+00-22-00,934.7392301577348,170.94595497756436
mag-apr-1~+00-23-00,936.7847128206187,170.94595497756436
mag-apr-1~+01-00-00,965.2831565751305,170.94595497756436
