trace,op_ems,emb_ems
mag-oct-2,6902.68810394222,170.41523942885257
mag-oct-2~+00-01-00,6876.5899393347545,170.41523942885257
mag-oct-2~+00-02-00,6764.499961390147,170.41523942885257
mag-oct-2~+00-03-00,6537.688249370528,170.41523942885257
mag-oct-2~+00-04-00,6233.268915314706,170.41523942885257
mag-oct-2~+00-05-00,5911.006075309738,170.41523942885257
mag-oct-2~+00-06-00,5573.660318657371,170.41523942885257
mag-oct-2~+00-07-00,5288.327210392039,170.41523942885257
mag-oct-2~+00-08-00,4999.0303907289945,170.41523942885257
mag-oct-2~+00-09-00,4699.335523225424,170.41523942885257
mag-oct-2~+00-10-00,4526.06744418014,170.41523942885257
mag-oct-2~+00-11-00,4429.843712004969,170.41523942885257
mag-oct-2~+00-12-00,4389.176809825454,170.41523942885257
mag-oct-2~+00-13-00,4273.319199903541,170.41523942885257
mag-oct-2~+00-14-00,4080.3230689692173,170.41523942885257
mag-oct-2~+00-15-00,3945.762379374592,170.41523942885257
mag-oct-2~+00-16-00,3834.582493036545,170.41523942885257
mag-oct-2~+00-17-00,3842.8899855074014,170.41523942885257
mag-oct-2~+00-18-00,3868.776555719191,170.41523942885257
mag-oct-2~+00-19-00,3911.9404288560286,170.41523942885257
mag-oct-2~+00-20-00,3989.314533185684,170.41523942885257
mag-oct-2~+00-21-00,4042.899177920857,170.41523942885257
mag-oct-2~+00-22-00,4077.1235485076536,170.41523942885257
mag-oct-2~+00-23-00,4026.648981049858,170.41523942885257
mag-oct-2~+01-00-00,3884.1755867306797,170.41523942885257
