trace,op_ems,emb_ems
chipseq-dec-2,3020.0663031305467,93.55153285104065
chipseq-dec-2~+00-01-00,3037.940849772821,93.55153285104065
chipseq-dec-2~+00-02-00,3099.0944245282694,93.55153285104065
chipseq-dec-2~+00-03-00,3213.4719509507145,93.55153285104065
chipseq-dec-2~+00-04-00,3354.394468047086,93.55153285104065
chipseq-dec-2~+00-05-00,3520.2843924737626,93.55153285104065
chipseq-dec-2~+00-06-00,3705.3737419614067,93.55153285104065
chipseq-dec-2~+00-07-00,3807.144873397849,93.55153285104065
chipseq-dec-2~+00-08-00,3771.313548048261,93.55153285104065
chipseq-dec-2~+00-09-00,3634.9209640801914,93.55153285104065
chipseq-dec-2~+00-10-00,3393.3916569852936,93.55153285104065
chipseq-dec-2~+00-11-00,3028.9152728623503,93.55153285104065
chipseq-dec-2~+00-12-00,2605.9312003462646,93.55153285104065
chipseq-dec-2~+00-13-00,2265.1650672321402,93.55153285104065
chipseq-dec-2~+00-14-00,2114.646083172502,93.55153285104065
chipseq-dec-2~+00-15-00,2082.086217453867,93.55153285104065
chipseq-dec-2~+00-16-00,2044.8655618162334,93.55153285104065
chipseq-dec-2~+00-17-00,2080.051020879028,93.55153285104065
chipseq-dec-2~+00-18-00,2407.924471922802,93.55153285104065
chipseq-dec-2~+00-19-00,3144.548839681839,93.55153285104065
chipseq-dec-2~+00-20-00,4033.391322429432,93.55153285104065
chipseq-dec-2~+00-21-00,4527.445087098163,93.55153285104065
chipseq-dec-2~+00-22-00,4511.36974450998,93.55153285104065
chipseq-dec-2~+00-23-00,4308.541567619874,93.55153285104065
chipseq-dec-2~+01-00-00,4203.738167028088,93.55153285104065
