trace,op_ems,emb_ems
sarek-feb-3,4631.830047616577,179.93408696821612
sarek-feb-3~+00-01-00,4369.622257525767,179.93408696821612
sarek-feb-3~+00-02-00,4448.350531669709,179.93408696821612
sarek-feb-3~+00-03-00,4872.681963646044,179.93408696821612
sarek-feb-3~+00-04-00,5413.185656866316,179.93408696821612
sarek-feb-3~+00-05-00,5950.546442271466,179.93408696821612
sarek-feb-3~+00-06-00,6313.116657620274,179.93408696821612
sarek-feb-3~+00-07-00,6356.931685651085,179.93408696821612
sarek-feb-3~+00-08-00,6120.293057707025,179.93408696821612
sarek-feb-3~+00-09-00,5654.847435878527,179.93408696821612
sarek-feb-3~+00-10-00,4806.1494882281195,179.93408696821612
sarek-feb-3~+00-11-00,4144.448592517561,179.93408696821612
sarek-feb-3~+00-12-00,3642.392935069421,179.93408696821612
sarek-feb-3~+00-13-00,3200.90463809453,179.93408696821612
sarek-feb-3~+00-14-00,2974.405244592511,179.93408696821612
sarek-feb-3~+00-15-00,2959.9730559030027,179.93408696821612
sarek-feb-3~+00-16-00,3205.5604050378192,179.93408696821612
sarek-feb-3~+00-17-00,3985.434295909535,179.93408696821612
sarek-feb-3~+00-18-00,4789.399768816448,179.93408696821612
sarek-feb-3~+00-19-00,5371.955780279346,179.93408696821612
sarek-feb-3~+00-20-00,5907.708767844149,179.93408696821612
sarek-feb-3~+00-21-00,6106.315084703546,179.93408696821612
sarek-feb-3~+00-22-00,5947.690121044014,179.93408696821612
sarek-feb-3~+00-23-00,5730.7983511165885,179.93408696821612
sarek-feb-3~+01-00-00,5655.6729611298715,179.93408696821612
