trace,op_ems,emb_ems
rangeland-dec-1,1544.7604492664977,56.24585137653058
rangeland-dec-1~+00-01-00,1598.1958589152864,56.24585137653058
rangeland-dec-1~+00-02-00,1659.4173491498398,56.24585137653058
rangeland-dec-1~+00-03-00,1710.0898563710155,56.24585137653058
rangeland-dec-1~+00-04-00,1754.1674393700087,56.24585137653058
rangeland-dec-1~+00-05-00,1771.7070778422478,56.24585137653058
rangeland-dec-1~+00-06-00,1753.789071384221,56.24585137653058
rangeland-dec-1~+00-07-00,1695.6933298142653,56.24585137653058
rangeland-dec-1~+00-08-00,1582.2757707871447,56.24585137653058
rangeland-dec-1~+00-09-00,1458.722279665946,56.24585137653058
rangeland-dec-1~+00-10-00,1349.7374577807313,56.24585137653058
rangeland-dec-1~+00-11-00,1235.135273949141,56.24585137653058
rangeland-dec-1~+00-12-00,1131.8615360717079,56.24585137653058
rangeland-dec-1~+00-13-00,1059.4177329125507,56.24585137653058
rangeland-dec-1~+00-14-00,1072.8073435887206,56.24585137653058
rangeland-dec-1~+00-15-00,1233.4258555292358,56.24585137653058
rangeland-dec-1~+00-16-00,1424.9965607899935,56.24585137653058
rangeland-dec-1~+00-17-00,1592.9337442746244,56.24585137653058
rangeland-dec-1~+00-18-00,1730.1680151697115,56.24585137653058
rangeland-dec-1~+00-19-00,1873.3847921367753,56.24585137653058
rangeland-dec-1~+00-20-00,2015.2967511517784,56.24585137653058
rangeland-dec-1~+00-21-00,2119.0498916284473,56.24585137653058
rangeland-dec-1~+00-22-00,2129.9212081127084,56.24585137653058
rangeland-dec-1~+00-23-00,2119.364318360864,56.24585137653058
rangeland-dec-1~+01-00-00,2120.7047591624123,56.24585137653058
