trace,op_ems,emb_ems
mag-oct-1,6931.970141935309,170.94595497756436
mag-oct-1~+00-01-00,6834.87326269739,170.94595497756436
mag-oct-1~+00-02-00,6631.986704019951,170.94595497756436
mag-oct-1~+00-03-00,6332.406903781138,170.94595497756436
mag-oct-1~+00-04-00,6026.908980201179,170.94595497756436
mag-oct-1~+00-05-00,5728.042812205407,170.94595497756436
mag-oct-1~+00-06-00,5448.854513726509,170.94595497756436
mag-oct-1~+00-07-00,5235.405918371461,170.94595497756436
mag-oct-1~+00-08-00,5014.882590179879,170.94595497756436
mag-oct-1~+00-09-00,4815.962479126366,170.94595497756436
mag-oct-1~+00-10-00,4689.127772457277,170.94595497756436
mag-oct-1~+00-11-00,4610.249836666255,170.94595497756436
mag-oct-1~+00-12-00,4515.7598922045145,170.94595497756436
mag-oct-1~+00-13-00,4305.231384543786,170.94595497756436
mag-oct-1~+00-14-00,4043.715613052201,170.94595497756436
mag-oct-1~+00-15-00,3845.4738681685653,170.94595497756436
mag-oct-1~+00-16-00,3737.1530436325957,170.94595497756436
mag-oct-1~+00-17-00,3772.809315986394,170.94595497756436
mag-oct-1~+00-18-00,3841.9046781826505,170.94595497756436
mag-oct-1~+00-19-00,3944.970174594585,170.94595497756436
mag-oct-1~+00-20-00,4057.0368631755273,170.94595497756436
mag-oct-1~+00-21-00,4133.131800879325,170.94595497756436
mag-oct-1~+00-22-00,4154.17051268824,170.94595497756436
mag-oct-1~+00-23-00,4042.732862578725,170.94595497756436
mag-oct-1~+01-00-00,3816.181094572176,170.94595497756436
