trace,op_ems,emb_ems
rangeland-sep-2,582.7546838222424,56.10015765457453
rangeland-sep-2~+00-01-00,574.2908272057037,56.10015765457453
rangeland-sep-2~+00-02-00,596.5421936501231,56.10015765457453
rangeland-sep-2~+00-03-00,656.5002842036803,56.10015765457453
rangeland-sep-2~+00-04-00,732.8127143788518,56.10015765457453
rangeland-sep-2~+00-05-00,820.4209067792935,56.10015765457453
rangeland-sep-2~+00-06-00,860.1606071697487,56.10015765457453
rangeland-sep-2~+00-07-00,861.4767074509963,56.10015765457453
rangeland-sep-2~+00-08-00,861.2161057125855,56.10015765457453
rangeland-sep-2~+00-09-00,832.8346565210009,56.10015765457453
rangeland-sep-2~+00-10-00,780.9335339577914,56.10015765457453
rangeland-sep-2~+00-11-00,727.3765594169591,56.10015765457453
rangeland-sep-2~+00-12-00,674.6651679042715,56.10015765457453
rangeland-sep-2~+00-13-00,661.8817947503836,56.10015765457453
rangeland-sep-2~+00-14-00,691.0295146809248,56.10015765457453
rangeland-sep-2~+00-15-00,710.0579905384633,56.10015765457453
rangeland-sep-2~+00-16-00,746.2645394206675,56.10015765457453
rangeland-sep-2~+00-17-00,763.6337871835992,56.10015765457453
rangeland-sep-2~+00-18-00,772.5902994366862,56.10015765457453
rangeland-sep-2~+00-19-00,756.2115701333993,56.10015765457453
rangeland-sep-2~+00-20-00,726.617906593612,56.10015765457453
rangeland-sep-2~+00-21-00,689.7727755224088,56.10015765457453
rangeland-sep-2~+00-22-00,659.9764843825922,56.10015765457453
rangeland-sep-2~+00-23-00,612.4234861872568,56.10015765457453
rangeland-sep-2~+01-00-00,579.5966736439441,56.10015765457453
