trace,op_ems,emb_ems
mag-aug-1,13558.98790312906,171.36263744391223
mag-aug-1~+00-01-00,13546.956739165616,171.36263744391223
mag-aug-1~+00-02-00,13592.90678444812,171.36263744391223
mag-aug-1~+00-03-00,13676.177535971095,171.36263744391223
mag-aug-1~+00-04-00,13652.789772863214,171.36263744391223
mag-aug-1~+00-05-00,13661.032479092937,171.36263744391223
mag-aug-1~+00-06-00,13577.970310876626,171.36263744391223
mag-aug-1~+00-07-00,13481.208845020456,171.36263744391223
mag-aug-1~+00-08-00,13516.878640026762,171.36263744391223
mag-aug-1~+00-09-00,13463.81806601599,171.36263744391223
mag-aug-1~+00-10-00,13394.421586159278,171.36263744391223
mag-aug-1~+00-11-00,13268.29201843785,171.36263744391223
mag-aug-1~+00-12-00,13095.002673560228,171.36263744391223
mag-aug-1~+00-13-00,13036.118931483068,171.36263744391223
mag-aug-1~+00-14-00,12955.76725695747,171.36263744391223
mag-aug-1~+00-15-00,12826.884398093269,171.36263744391223
mag-aug-1~+00-16-00,12812.581258852206,171.36263744391223
mag-aug-1~+00-17-00,12840.84906060804,171.36263744391223
mag-aug-1~+00-18-00,12910.013479551004,171.36263744391223
mag-aug-1~+00-19-00,12942.00347262134,171.36263744391223
mag-aug-1~+00-20-00,13002.48794957215,171.36263744391223
mag-aug-1~+00-21-00,13154.20196700792,171.36263744391223
mag-aug-1~+00-22-00,13294.469638254486,171.36263744391223
mag-aug-1~+00-23-00,13430.15455549924,171.36263744391223
mag-aug-1~+01-00-00,13551.275527103186,171.36263744391223
