trace,op_ems,emb_ems
rangeland-sep-1,583.5822010259394,56.24585137653058
rangeland-sep-1~+00-01-00,575.9680582814036,56.24585137653058
rangeland-sep-1~+00-02-00,598.9784640951333,56.24585137653058
rangeland-sep-1~+00-03-00,659.3578613659203,56.24585137653058
rangeland-sep-1~+00-04-00,735.7067711926884,56.24585137653058
rangeland-sep-1~+00-05-00,823.5155188900688,56.24585137653058
rangeland-sep-1~+00-06-00,862.4842730234705,56.24585137653058
rangeland-sep-1~+00-07-00,862.7499901337007,56.24585137653058
rangeland-sep-1~+00-08-00,862.7315070369791,56.24585137653058
rangeland-sep-1~+00-09-00,834.2912270140265,56.24585137653058
rangeland-sep-1~+00-10-00,782.1898287458669,56.24585137653058
rangeland-sep-1~+00-11-00,728.5108787532846,56.24585137653058
rangeland-sep-1~+00-12-00,676.1130443130875,56.24585137653058
rangeland-sep-1~+00-13-00,663.7946033486791,56.24585137653058
rangeland-sep-1~+00-14-00,693.0469547707776,56.24585137653058
rangeland-sep-1~+00-15-00,712.1050990423922,56.24585137653058
rangeland-sep-1~+00-16-00,748.7184331083027,56.24585137653058
rangeland-sep-1~+00-17-00,765.6732537486948,56.24585137653058
rangeland-sep-1~+00-18-00,774.3777788253335,56.24585137653058
rangeland-sep-1~+00-19-00,757.5134557506309,56.24585137653058
rangeland-sep-1~+00-20-00,727.7265808694044,56.24585137653058
rangeland-sep-1~+00-21-00,690.8321937977827,56.24585137653058
rangeland-sep-1~+00-22-00,661.1261824134978,56.24585137653058
rangeland-sep-1~+00-23-00,613.5811756586758,56.24585137653058
rangeland-sep-1~+01-00-00,580.8042736445503,56.24585137653058
