trace,op_ems,emb_ems
sarek-nov-2,18676.724647252282,185.95754100781198
sarek-nov-2~+00-01-00,18548.267284651938,185.95754100781198
sarek-nov-2~+00-02-00,19088.677521597696,185.95754100781198
sarek-nov-2~+00-03-00,19624.08048318524,185.95754100781198
sarek-nov-2~+00-04-00,19952.057934324996,185.95754100781198
sarek-nov-2~+00-05-00,20260.09478154356,185.95754100781198
sarek-nov-2~+00-06-00,20632.219450089055,185.95754100781198
sarek-nov-2~+00-07-00,20762.086958475313,185.95754100781198
sarek-nov-2~+00-08-00,20725.67302516975,185.95754100781198
sarek-nov-2~+00-09-00,20495.734283026697,185.95754100781198
sarek-nov-2~+00-10-00,20373.672691861237,185.95754100781198
sarek-nov-2~+00-11-00,19721.13190877066,185.95754100781198
sarek-nov-2~+00-12-00,19535.11634042111,185.95754100781198
sarek-nov-2~+00-13-00,19352.0904295568,185.95754100781198
sarek-nov-2~+00-14-00,19109.44918663673,185.95754100781198
sarek-nov-2~+00-15-00,18667.86296964574,185.95754100781198
sarek-nov-2~+00-16-00,18494.810895603576,185.95754100781198
sarek-nov-2~+00-17-00,18350.89253754033,185.95754100781198
sarek-nov-2~+00-18-00,18227.688530560514,185.95754100781198
sarek-nov-2~+00-19-00,18228.29498683745,185.95754100781198
sarek-nov-2~+00-20-00,18229.787319310875,185.95754100781198
sarek-nov-2~+00-21-00,18201.418639391664,185.95754100781198
sarek-nov-2~+00-22-00,18220.377470951968,185.95754100781198
sarek-nov-2~+00-23-00,18623.74076802168,185.95754100781198
sarek-nov-2~+01-00-00,18860.948607201855,185.95754100781198
