trace,op_ems,emb_ems
chipseq-feb-2,2767.673206926352,93.55153285104065
chipseq-feb-2~+00-01-00,2424.1501830609495,93.55153285104065
chipseq-feb-2~+00-02-00,2258.8092854217325,93.55153285104065
chipseq-feb-2~+00-03-00,2302.0956530894578,93.55153285104065
chipseq-feb-2~+00-04-00,2513.2944324910013,93.55153285104065
chipseq-feb-2~+00-05-00,2872.804227319819,93.55153285104065
chipseq-feb-2~+00-06-00,3278.167072053997,93.55153285104065
chipseq-feb-2~+00-07-00,3551.288545884119,93.55153285104065
chipseq-feb-2~+00-08-00,3604.778028732747,93.55153285104065
chipseq-feb-2~+00-09-00,3443.2603754252277,93.55153285104065
chipseq-feb-2~+00-10-00,3134.3749115510964,93.55153285104065
chipseq-feb-2~+00-11-00,2741.154997378377,93.55153285104065
chipseq-feb-2~+00-12-00,2278.9032136013348,93.55153285104065
chipseq-feb-2~+00-13-00,1838.0644858190826,93.55153285104065
chipseq-feb-2~+00-14-00,1638.1144756714712,93.55153285104065
chipseq-feb-2~+00-15-00,1625.1610905097707,93.55153285104065
chipseq-feb-2~+00-16-00,1600.2389023177327,93.55153285104065
chipseq-feb-2~+00-17-00,1620.3184950937602,93.55153285104065
chipseq-feb-2~+00-18-00,1866.1750962032872,93.55153285104065
chipseq-feb-2~+00-19-00,2439.446363130746,93.55153285104065
chipseq-feb-2~+00-20-00,3131.744184842587,93.55153285104065
chipseq-feb-2~+00-21-00,3466.2692974109523,93.55153285104065
chipseq-feb-2~+00-22-00,3378.151629402912,93.55153285104065
chipseq-feb-2~+00-23-00,3220.612401475,93.55153285104065
chipseq-feb-2~+01-00-00,3110.340855892057,93.55153285104065
