trace,op_ems,emb_ems
sarek-aug-3,16580.470811267867,183.31733251806511
sarek-aug-3~+00-01-00,16490.73091146793,183.31733251806511
sarek-aug-3~+00-02-00,16542.213574177695,183.31733251806511
sarek-aug-3~+00-03-00,16592.616043641625,183.31733251806511
sarek-aug-3~+00-04-00,16967.6448984421,183.31733251806511
sarek-aug-3~+00-05-00,17456.329450391622,183.31733251806511
sarek-aug-3~+00-06-00,17861.827377997815,183.31733251806511
sarek-aug-3~+00-07-00,18238.003072908657,183.31733251806511
sarek-aug-3~+00-08-00,18394.988274888437,183.31733251806511
sarek-aug-3~+00-09-00,18431.575756789574,183.31733251806511
sarek-aug-3~+00-10-00,18436.977238661402,183.31733251806511
sarek-aug-3~+00-11-00,18154.533292526463,183.31733251806511
sarek-aug-3~+00-12-00,17685.45298980436,183.31733251806511
sarek-aug-3~+00-13-00,17385.644733493533,183.31733251806511
sarek-aug-3~+00-14-00,17022.34758191159,183.31733251806511
sarek-aug-3~+00-15-00,16746.302724797995,183.31733251806511
sarek-aug-3~+00-16-00,16582.37859408917,183.31733251806511
sarek-aug-3~+00-17-00,16582.37859408917,183.31733251806511
sarek-aug-3~+00-18-00,16582.37859408917,183.31733251806511
sarek-aug-3~+00-19-00,16582.37859408917,183.31733251806511
sarek-aug-3~+00-20-00,16582.37859408917,183.31733251806511
sarek-aug-3~+00-21-00,16582.37859408917,183.31733251806511
sarek-aug-3~+00-22-00,16582.37859408917,183.31733251806511
sarek-aug-3~+00-23-00,16582.37859408917,183.31733251806511
sarek-aug-3~+01-00-00,16583.463072073726,183.31733251806511
