trace,op_ems,emb_ems
sarek-apr-1,3976.9803142168653,180.2085610425426
sarek-apr-1~+00-01-00,3690.4002903493397,180.2085610425426
sarek-apr-1~+00-02-00,3559.1425327268907,180.2085610425426
sarek-apr-1~+00-03-00,3754.9809842448362,180.2085610425426
sarek-apr-1~+00-04-00,4230.4044026401225,180.2085610425426
sarek-apr-1~+00-05-00,4884.111492802999,180.2085610425426
sarek-apr-1~+00-06-00,5579.6091641451285,180.2085610425426
sarek-apr-1~+00-07-00,6162.887276646412,180.2085610425426
sarek-apr-1~+00-08-00,6390.496976627817,180.2085610425426
sarek-apr-1~+00-09-00,6110.640669161554,180.2085610425426
sarek-apr-1~+00-10-00,5197.124289594689,180.2085610425426
sarek-apr-1~+00-11-00,4177.308606252098,180.2085610425426
sarek-apr-1~+00-12-00,3298.3170557656417,180.2085610425426
sarek-apr-1~+00-13-00,2598.5246648376865,180.2085610425426
sarek-apr-1~+00-14-00,2211.1056475804116,180.2085610425426
sarek-apr-1~+00-15-00,2135.945608123951,180.2085610425426
sarek-apr-1~+00-16-00,2119.730137759541,180.2085610425426
sarek-apr-1~+00-17-00,2087.4699660146116,180.2085610425426
sarek-apr-1~+00-18-00,2005.275891528723,180.2085610425426
sarek-apr-1~+00-19-00,1920.1355027866784,180.2085610425426
sarek-apr-1~+00-20-00,1762.0288763049264,180.2085610425426
sarek-apr-1~+00-21-00,1575.2739472395222,180.2085610425426
sarek-apr-1~+00-22-00,1405.5427740181483,180.2085610425426
sarek-apr-1~+00-23-00,1236.4510203624147,180.2085610425426
sarek-apr-1~+01-00-00,1102.6846163874982,180.2085610425426
