trace,op_ems,emb_ems
mag-mar-1,7248.452599950486,170.94595497756436
mag-mar-1~+00-01-00,7266.569259664076,170.94595497756436
mag-mar-1~+00-02-00,7206.336383762352,170.94595497756436
mag-mar-1~+00-03-00,7087.244702263852,170.94595497756436
mag-mar-1~+00-04-00,6969.336224987955,170.94595497756436
mag-mar-1~+00-05-00,6861.687631931032,170.94595497756436
mag-mar-1~+00-06-00,6748.29302283872,170.94595497756436
mag-mar-1~+00-07-00,6676.982961505691,170.94595497756436
mag-mar-1~+00-08-00,6607.132980969781,170.94595497756436
mag-mar-1~+00-09-00,6543.033315458789,170.94595497756436
mag-mar-1~+00-10-00,6496.5552651575745,170.94595497756436
mag-mar-1~+00-11-00,6422.3209800107115,170.94595497756436
mag-mar-1~+00-12-00,6299.973139130783,170.94595497756436
mag-mar-1~+00-13-00,6043.960213682823,170.94595497756436
mag-mar-1~+00-14-00,5525.116176566097,170.94595497756436
mag-mar-1~+00-15-00,5133.30197014423,170.94595497756436
mag-mar-1~+00-16-00,5075.570590506426,170.94595497756436
mag-mar-1~+00-17-00,5102.563399926419,170.94595497756436
mag-mar-1~+00-18-00,5322.988170003594,170.94595497756436
mag-mar-1~+00-19-00,5554.506246757383,170.94595497756436
mag-mar-1~+00-20-00,5429.101752505012,170.94595497756436
mag-mar-1~+00-21-00,5282.294129723211,170.94595497756436
mag-mar-1~+00-22-00,5078.715147795034,170.94595497756436
mag-mar-1~+00-23-00,5123.436595343893,170.94595497756436
mag-mar-1~+01-00-00,4971.5730805737285,170.94595497756436
