trace,op_ems,emb_ems
nanoseq-nov-2,152.0907218187501,2.283583422059979
nanoseq-nov-2~+00-01-00,154.86933042999996,2.283583422059979
nanoseq-nov-2~+00-02-00,158.8970385799579,2.283583422059979
nanoseq-nov-2~+00-03-00,161.6563044601727,2.283583422059979
nanoseq-nov-2~+00-04-00,164.5831532730536,2.283583422059979
nanoseq-nov-2~+00-05-00,168.8360586089701,2.283583422059979
nanoseq-nov-2~+00-06-00,169.90109070191832,2.283583422059979
nanoseq-nov-2~+00-07-00,170.39492317991844,2.283583422059979
nanoseq-nov-2~+00-08-00,169.90071432658317,2.283583422059979
nanoseq-nov-2~+00-09-00,168.4847205160292,2.283583422059979
nanoseq-nov-2~+00-10-00,165.29864828018424,2.283583422059979
nanoseq-nov-2~+00-11-00,162.19194800554465,2.283583422059979
nanoseq-nov-2~+00-12-00,160.53814726689498,2.283583422059979
nanoseq-nov-2~+00-13-00,158.29064655687372,2.283583422059979
nanoseq-nov-2~+00-14-00,155.0818489928171,2.283583422059979
nanoseq-nov-2~+00-15-00,154.27954815726665,2.283583422059979
nanoseq-nov-2~+00-16-00,152.15558555444193,2.283583422059979
nanoseq-nov-2~+00-17-00,150.04298360578227,2.283583422059979
nanoseq-nov-2~+00-18-00,149.91471122333434,2.283583422059979
nanoseq-nov-2~+00-19-00,150.07488797516422,2.283583422059979
nanoseq-nov-2~+00-20-00,149.95914595817533,2.283583422059979
nanoseq-nov-2~+00-21-00,149.99871316130222,2.283583422059979
nanoseq-nov-2~+00-22-00,151.6265071501121,2.283583422059979
nanoseq-nov-2~+00-23-00,153.5016849842282,2.283583422059979
nanoseq-nov-2~+01-00-00,154.54796265415746,2.283583422059979
