trace,op_ems,emb_ems
mag-aug-1,2157.4099953309774,170.94595497756436
mag-aug-1~+00-01-00,2337.330441257142,170.94595497756436
mag-aug-1~+00-02-00,2412.444844913157,170.94595497756436
mag-aug-1~+00-03-00,2378.887745938112,170.94595497756436
mag-aug-1~+00-04-00,2339.8957522959518,170.94595497756436
mag-aug-1~+00-05-00,2339.650414539111,170.94595497756436
mag-aug-1~+00-06-00,2426.0864842978385,170.94595497756436
mag-aug-1~+00-07-00,2577.093370770357,170.94595497756436
mag-aug-1~+00-08-00,2646.2127372551763,170.94595497756436
mag-aug-1~+00-09-00,2636.2154356520314,170.94595497756436
mag-aug-1~+00-10-00,2544.7147854796226,170.94595497756436
mag-aug-1~+00-11-00,2426.6984645283055,170.94595497756436
mag-aug-1~+00-12-00,2301.867320857186,170.94595497756436
mag-aug-1~+00-13-00,2103.325697765218,170.94595497756436
mag-aug-1~+00-14-00,1876.2660779313385,170.94595497756436
mag-aug-1~+00-15-00,1672.9898516102344,170.94595497756436
mag-aug-1~+00-16-00,1560.6068526612567,170.94595497756436
mag-aug-1~+00-17-00,1505.997683933884,170.94595497756436
mag-aug-1~+00-18-00,1472.738240023327,170.94595497756436
mag-aug-1~+00-19-00,1474.795941627337,170.94595497756436
mag-aug-1~+00-20-00,1558.5979496262291,170.94595497756436
mag-aug-1~+00-21-00,1749.4935623093463,170.94595497756436
mag-aug-1~+00-22-00,1987.5829659499116,170.94595497756436
mag-aug-1~+00-23-00,2258.578756968656,170.94595497756436
mag-aug-1~+01-00-00,2522.813370365594,170.94595497756436
