trace,op_ems,emb_ems
chipseq-aug-1,740.7913050904681,95.2845684694022
chipseq-aug-1~+00-01-00,668.0117826860995,95.2845684694022
chipseq-aug-1~+00-02-00,648.4367783938144,95.2845684694022
chipseq-aug-1~+00-03-00,639.434961267104,95.2845684694022
chipseq-aug-1~+00-04-00,668.0036846866892,95.2845684694022
chipseq-aug-1~+00-05-00,822.4030162248348,95.2845684694022
chipseq-aug-1~+00-06-00,1178.145516830066,95.2845684694022
chipseq-aug-1~+00-07-00,1676.8985057445232,95.2845684694022
chipseq-aug-1~+00-08-00,2170.402650496904,95.2845684694022
chipseq-aug-1~+00-09-00,2536.3407152074897,95.2845684694022
chipseq-aug-1~+00-10-00,2706.5372942367558,95.2845684694022
chipseq-aug-1~+00-11-00,2601.598145317444,95.2845684694022
chipseq-aug-1~+00-12-00,2227.1387034349195,95.2845684694022
chipseq-aug-1~+00-13-00,1751.8681270788845,95.2845684694022
chipseq-aug-1~+00-14-00,1425.0532227920885,95.2845684694022
chipseq-aug-1~+00-15-00,1365.903518401563,95.2845684694022
chipseq-aug-1~+00-16-00,1407.8382351351256,95.2845684694022
chipseq-aug-1~+00-17-00,1408.0615849797848,95.2845684694022
chipseq-aug-1~+00-18-00,1384.211481566713,95.2845684694022
chipseq-aug-1~+00-19-00,1446.4979527058586,95.2845684694022
chipseq-aug-1~+00-20-00,1564.490574224527,95.2845684694022
chipseq-aug-1~+00-21-00,1566.9568796380404,95.2845684694022
chipseq-aug-1~+00-22-00,1387.7644679979176,95.2845684694022
chipseq-aug-1~+00-23-00,1103.7340010149944,95.2845684694022
chipseq-aug-1~+01-00-00,839.2112069537494,95.2845684694022
