trace,op_ems,emb_ems
nanoseq-dec-3,143.3239361435695,2.2520341597586646
nanoseq-dec-3~+00-01-00,148.79720580856218,2.2520341597586646
nanoseq-dec-3~+00-02-00,155.8597643823311,2.2520341597586646
nanoseq-dec-3~+00-03-00,161.18173351846235,2.2520341597586646
nanoseq-dec-3~+00-04-00,165.08844824980108,2.2520341597586646
nanoseq-dec-3~+00-05-00,170.5143479878496,2.2520341597586646
nanoseq-dec-3~+00-06-00,172.9028835800211,2.2520341597586646
nanoseq-dec-3~+00-07-00,173.82591298869679,2.2520341597586646
nanoseq-dec-3~+00-08-00,174.46630543807348,2.2520341597586646
nanoseq-dec-3~+00-09-00,174.53286937717942,2.2520341597586646
nanoseq-dec-3~+00-10-00,171.93236238423495,2.2520341597586646
nanoseq-dec-3~+00-11-00,168.1132177379454,2.2520341597586646
nanoseq-dec-3~+00-12-00,164.66061672082046,2.2520341597586646
nanoseq-dec-3~+00-13-00,161.04712111009158,2.2520341597586646
nanoseq-dec-3~+00-14-00,157.84326506847708,2.2520341597586646
nanoseq-dec-3~+00-15-00,157.87483198651225,2.2520341597586646
nanoseq-dec-3~+00-16-00,158.13442819145976,2.2520341597586646
nanoseq-dec-3~+00-17-00,158.48430056086863,2.2520341597586646
nanoseq-dec-3~+00-18-00,158.5898998295813,2.2520341597586646
nanoseq-dec-3~+00-19-00,158.0949216727924,2.2520341597586646
nanoseq-dec-3~+00-20-00,156.23506074709346,2.2520341597586646
nanoseq-dec-3~+00-21-00,154.07306597686906,2.2520341597586646
nanoseq-dec-3~+00-22-00,153.37956323077753,2.2520341597586646
nanoseq-dec-3~+00-23-00,153.86320833426535,2.2520341597586646
nanoseq-dec-3~+01-00-00,155.98123678838408,2.2520341597586646
