trace,op_ems,emb_ems
nanoseq-oct-1,67.86078125946933,2.2463699711004637
nanoseq-oct-1~+00-01-00,66.37494556291591,2.2463699711004637
nanoseq-oct-1~+00-02-00,66.09373865786587,2.2463699711004637
nanoseq-oct-1~+00-03-00,67.23355559774355,2.2463699711004637
nanoseq-oct-1~+00-04-00,69.93654719787214,2.2463699711004637
nanoseq-oct-1~+00-05-00,73.32960496452596,2.2463699711004637
nanoseq-oct-1~+00-06-00,76.53677761209543,2.2463699711004637
nanoseq-oct-1~+00-07-00,78.95933073773466,2.2463699711004637
nanoseq-oct-1~+00-08-00,79.0474524834002,2.2463699711004637
nanoseq-oct-1~+00-09-00,75.73052984121274,2.2463699711004637
nanoseq-oct-1~+00-10-00,69.28521573468419,2.2463699711004637
nanoseq-oct-1~+00-11-00,60.82664419167244,2.2463699711004637
nanoseq-oct-1~+00-12-00,51.90855064391141,2.2463699711004637
nanoseq-oct-1~+00-13-00,43.80857201876246,2.2463699711004637
nanoseq-oct-1~+00-14-00,37.839351488655396,2.2463699711004637
nanoseq-oct-1~+00-15-00,34.68229384875957,2.2463699711004637
nanoseq-oct-1~+00-16-00,34.362854431259485,2.2463699711004637
nanoseq-oct-1~+00-17-00,36.90067513239533,2.2463699711004637
nanoseq-oct-1~+00-18-00,41.472023677061834,2.2463699711004637
nanoseq-oct-1~+00-19-00,46.420711958252056,2.2463699711004637
nanoseq-oct-1~+00-20-00,49.776497571043265,2.2463699711004637
nanoseq-oct-1~+00-21-00,50.09176146995873,2.2463699711004637
nanoseq-oct-1~+00-22-00,47.6363261082333,2.2463699711004637
nanoseq-oct-1~+00-23-00,43.66730652409006,2.2463699711004637
nanoseq-oct-1~+01-00-00,40.091916435756126,2.2463699711004637
