trace,op_ems,emb_ems
montage-aug-2,828.6904866420361,5.194323604266486
montage-aug-2~+00-01-00,833.3990801674832,5.194323604266486
montage-aug-2~+00-02-00,838.1221275481435,5.194323604266486
montage-aug-2~+00-03-00,882.0824645178753,5.194323604266486
montage-aug-2~+00-04-00,891.0513575766524,5.194323604266486
montage-aug-2~+00-05-00,892.8466151564064,5.194323604266486
montage-aug-2~+00-06-00,892.5105505264406,5.194323604266486
montage-aug-2~+00-07-00,890.3270966662342,5.194323604266486
montage-aug-2~+00-08-00,928.7015568201365,5.194323604266486
montage-aug-2~+00-09-00,918.6296624597065,5.194323604266486
montage-aug-2~+00-10-00,916.0989774003497,5.194323604266486
montage-aug-2~+00-11-00,931.2982095884357,5.194323604266486
montage-aug-2~+00-12-00,906.7832394463233,5.194323604266486
montage-aug-2~+00-13-00,872.5975576943284,5.194323604266486
montage-aug-2~+00-14-00,875.3299991080161,5.194323604266486
montage-aug-2~+00-15-00,874.8560198896804,5.194323604266486
montage-aug-2~+00-16-00,861.7567355928504,5.194323604266486
montage-aug-2~+00-17-00,893.8171718976638,5.194323604266486
montage-aug-2~+00-18-00,897.062709103795,5.194323604266486
montage-aug-2~+00-19-00,910.6719070587427,5.194323604266486
montage-aug-2~+00-20-00,924.7750052457706,5.194323604266486
montage-aug-2~+00-21-00,900.0998208614642,5.194323604266486
montage-aug-2~+00-22-00,892.276370683261,5.194323604266486
montage-aug-2~+00-23-00,846.907056822099,5.194323604266486
montage-aug-2~+01-00-00,856.258691780802,5.194323604266486
