trace,op_ems,emb_ems
rnaseq-apr-3,9273.57608337568,61.95465283773145
rnaseq-apr-3~+00-01-00,9484.158992869672,61.95465283773145
rnaseq-apr-3~+00-02-00,9765.993574837876,61.95465283773145
rnaseq-apr-3~+00-03-00,9982.70746886043,61.95465283773145
rnaseq-apr-3~+00-04-00,10025.28114205428,61.95465283773145
rnaseq-apr-3~+00-05-00,9876.978013703143,61.95465283773145
rnaseq-apr-3~+00-06-00,9662.094098721122,61.95465283773145
rnaseq-apr-3~+00-07-00,9616.032369794535,61.95465283773145
rnaseq-apr-3~+00-08-00,9678.840015064805,61.95465283773145
rnaseq-apr-3~+00-09-00,9722.93170546047,61.95465283773145
rnaseq-apr-3~+00-10-00,9758.42954956281,61.95465283773145
rnaseq-apr-3~+00-11-00,9532.776863296653,61.95465283773145
rnaseq-apr-3~+00-12-00,8526.58993787251,61.95465283773145
rnaseq-apr-3~+00-13-00,6910.235144546902,61.95465283773145
rnaseq-apr-3~+00-14-00,5507.462331052969,61.95465283773145
rnaseq-apr-3~+00-15-00,4794.2965954743695,61.95465283773145
rnaseq-apr-3~+00-16-00,4525.7363108906875,61.95465283773145
rnaseq-apr-3~+00-17-00,4543.037299547148,61.95465283773145
rnaseq-apr-3~+00-18-00,4749.670069481583,61.95465283773145
rnaseq-apr-3~+00-19-00,5188.30457302729,61.95465283773145
rnaseq-apr-3~+00-20-00,5926.216911982469,61.95465283773145
rnaseq-apr-3~+00-21-00,6990.259952603218,61.95465283773145
rnaseq-apr-3~+00-22-00,8099.1417031971205,61.95465283773145
rnaseq-apr-3~+00-23-00,8842.316051315625,61.95465283773145
rnaseq-apr-3~+01-00-00,9156.125788510106,61.95465283773145
