trace,op_ems,emb_ems
sarek-oct-2,23890.90992054791,181.81188075481478
sarek-oct-2~+00-01-00,24302.007475088172,181.81188075481478
sarek-oct-2~+00-02-00,24446.63823001911,181.81188075481478
sarek-oct-2~+00-03-00,24452.798631321326,181.81188075481478
sarek-oct-2~+00-04-00,24431.562959083552,181.81188075481478
sarek-oct-2~+00-05-00,24440.90349163122,181.81188075481478
sarek-oct-2~+00-06-00,24473.219698088484,181.81188075481478
sarek-oct-2~+00-07-00,24273.867590539343,181.81188075481478
sarek-oct-2~+00-08-00,23349.214730005897,181.81188075481478
sarek-oct-2~+00-09-00,21940.766652708742,181.81188075481478
sarek-oct-2~+00-10-00,20215.873890950297,181.81188075481478
sarek-oct-2~+00-11-00,18183.073448118535,181.81188075481478
sarek-oct-2~+00-12-00,16637.182041993405,181.81188075481478
sarek-oct-2~+00-13-00,15858.87449323679,181.81188075481478
sarek-oct-2~+00-14-00,15349.572146862236,181.81188075481478
sarek-oct-2~+00-15-00,15227.40143025923,181.81188075481478
sarek-oct-2~+00-16-00,15464.76646980647,181.81188075481478
sarek-oct-2~+00-17-00,15969.295546310419,181.81188075481478
sarek-oct-2~+00-18-00,16965.997301933294,181.81188075481478
sarek-oct-2~+00-19-00,17990.154869166297,181.81188075481478
sarek-oct-2~+00-20-00,18991.95822414964,181.81188075481478
sarek-oct-2~+00-21-00,20273.77781934727,181.81188075481478
sarek-oct-2~+00-22-00,21550.964831528192,181.81188075481478
sarek-oct-2~+00-23-00,22594.358484937075,181.81188075481478
sarek-oct-2~+01-00-00,23477.592689690486,181.81188075481478
