trace,op_ems,emb_ems
nanoseq-nov-1,284.0044080057356,2.2493885276446886
nanoseq-nov-1~+00-01-00,284.44919176928926,2.2493885276446886
nanoseq-nov-1~+00-02-00,284.65160562946915,2.2493885276446886
nanoseq-nov-1~+00-03-00,283.4489176609651,2.2493885276446886
nanoseq-nov-1~+00-04-00,281.446216342744,2.2493885276446886
nanoseq-nov-1~+00-05-00,279.72014235944107,2.2493885276446886
nanoseq-nov-1~+00-06-00,280.11036747112513,2.2493885276446886
nanoseq-nov-1~+00-07-00,281.99495027331193,2.2493885276446886
nanoseq-nov-1~+00-08-00,285.8748169928431,2.2493885276446886
nanoseq-nov-1~+00-09-00,289.19058075496844,2.2493885276446886
nanoseq-nov-1~+00-10-00,291.81236157124107,2.2493885276446886
nanoseq-nov-1~+00-11-00,292.84978165287566,2.2493885276446886
nanoseq-nov-1~+00-12-00,295.2256228681773,2.2493885276446886
nanoseq-nov-1~+00-13-00,295.80985988156635,2.2493885276446886
nanoseq-nov-1~+00-14-00,296.6222284706908,2.2493885276446886
nanoseq-nov-1~+00-15-00,296.98885472736606,2.2493885276446886
nanoseq-nov-1~+00-16-00,293.8821652784494,2.2493885276446886
nanoseq-nov-1~+00-17-00,289.97269422299007,2.2493885276446886
nanoseq-nov-1~+00-18-00,286.92256398999723,2.2493885276446886
nanoseq-nov-1~+00-19-00,284.4912819508839,2.2493885276446886
nanoseq-nov-1~+00-20-00,281.9777873427588,2.2493885276446886
nanoseq-nov-1~+00-21-00,280.7622903846405,2.2493885276446886
nanoseq-nov-1~+00-22-00,280.6623376056396,2.2493885276446886
nanoseq-nov-1~+00-23-00,282.37874368097516,2.2493885276446886
nanoseq-nov-1~+01-00-00,283.76061055789285,2.2493885276446886
