trace,op_ems,emb_ems
rangeland-apr-2,7236.755847643542,56.10015765457453
rangeland-apr-2~+00-01-00,7260.149369769087,56.10015765457453
rangeland-apr-2~+00-02-00,7302.1862548836225,56.10015765457453
rangeland-apr-2~+00-03-00,7329.335149565788,56.10015765457453
rangeland-apr-2~+00-04-00,7311.869357728901,56.10015765457453
rangeland-apr-2~+00-05-00,7291.97917477143,56.10015765457453
rangeland-apr-2~+00-06-00,7261.34122374332,56.10015765457453
rangeland-apr-2~+00-07-00,7103.8680280676335,56.10015765457453
rangeland-apr-2~+00-08-00,6708.090020210612,56.10015765457453
rangeland-apr-2~+00-09-00,6222.171868173673,56.10015765457453
rangeland-apr-2~+00-10-00,5676.581911922884,56.10015765457453
rangeland-apr-2~+00-11-00,5139.058938066637,56.10015765457453
rangeland-apr-2~+00-12-00,4601.822550210031,56.10015765457453
rangeland-apr-2~+00-13-00,4093.6891330007948,56.10015765457453
rangeland-apr-2~+00-14-00,3757.0940188493037,56.10015765457453
rangeland-apr-2~+00-15-00,3727.2077264403783,56.10015765457453
rangeland-apr-2~+00-16-00,3950.9802308845983,56.10015765457453
rangeland-apr-2~+00-17-00,4387.788003149556,56.10015765457453
rangeland-apr-2~+00-18-00,4870.755498606404,56.10015765457453
rangeland-apr-2~+00-19-00,5351.80238003954,56.10015765457453
rangeland-apr-2~+00-20-00,5830.22825151674,56.10015765457453
rangeland-apr-2~+00-21-00,6254.3874568218125,56.10015765457453
rangeland-apr-2~+00-22-00,6595.744447658217,56.10015765457453
rangeland-apr-2~+00-23-00,6824.823749071924,56.10015765457453
rangeland-apr-2~+01-00-00,6919.346976417696,56.10015765457453
