trace,op_ems,emb_ems
nanoseq-nov-2,223.7110967539541,2.2810001647780567
nanoseq-nov-2~+00-01-00,227.03047797867032,2.2810001647780567
nanoseq-nov-2~+00-02-00,229.522963345175,2.2810001647780567
nanoseq-nov-2~+00-03-00,231.37727482648083,2.2810001647780567
nanoseq-nov-2~+00-04-00,232.02980221604975,2.2810001647780567
nanoseq-nov-2~+00-05-00,230.47091506913677,2.2810001647780567
nanoseq-nov-2~+00-06-00,223.30454279988302,2.2810001647780567
nanoseq-nov-2~+00-07-00,209.86057210831183,2.2810001647780567
nanoseq-nov-2~+00-08-00,192.05717855337963,2.2810001647780567
nanoseq-nov-2~+00-09-00,171.20280595936273,2.2810001647780567
nanoseq-nov-2~+00-10-00,149.8887724722127,2.2810001647780567
nanoseq-nov-2~+00-11-00,134.80530472182886,2.2810001647780567
nanoseq-nov-2~+00-12-00,125.70265704086924,2.2810001647780567
nanoseq-nov-2~+00-13-00,121.02455614617604,2.2810001647780567
nanoseq-nov-2~+00-14-00,121.23417785476822,2.2810001647780567
nanoseq-nov-2~+00-15-00,124.87398674660263,2.2810001647780567
nanoseq-nov-2~+00-16-00,130.87212258490837,2.2810001647780567
nanoseq-nov-2~+00-17-00,137.67171701580975,2.2810001647780567
nanoseq-nov-2~+00-18-00,146.58901160635466,2.2810001647780567
nanoseq-nov-2~+00-19-00,156.64613337415494,2.2810001647780567
nanoseq-nov-2~+00-20-00,164.8552068559231,2.2810001647780567
nanoseq-nov-2~+00-21-00,171.392721471714,2.2810001647780567
nanoseq-nov-2~+00-22-00,181.209116829312,2.2810001647780567
nanoseq-nov-2~+00-23-00,190.6585431685023,2.2810001647780567
nanoseq-nov-2~+01-00-00,200.09100572499332,2.2810001647780567
