trace,op_ems,emb_ems
montage-jan-1,510.57559662028564,3.805225364286258
montage-jan-1~+00-01-00,511.70141589361447,3.805225364286258
montage-jan-1~+00-02-00,513.3570324720383,3.805225364286258
montage-jan-1~+00-03-00,528.4976460817292,3.805225364286258
montage-jan-1~+00-04-00,533.1499286671017,3.805225364286258
montage-jan-1~+00-05-00,543.1746870494611,3.805225364286258
montage-jan-1~+00-06-00,544.6647419700429,3.805225364286258
montage-jan-1~+00-07-00,549.0107354884069,3.805225364286258
montage-jan-1~+00-08-00,552.4295837228533,3.805225364286258
montage-jan-1~+00-09-00,560.2523720559085,3.805225364286258
montage-jan-1~+00-10-00,555.1944634088221,3.805225364286258
montage-jan-1~+00-11-00,490.69164151340897,3.805225364286258
montage-jan-1~+00-12-00,413.5150747101578,3.805225364286258
montage-jan-1~+00-13-00,362.9608224879705,3.805225364286258
montage-jan-1~+00-14-00,330.22928273252126,3.805225364286258
montage-jan-1~+00-15-00,289.89018479921174,3.805225364286258
montage-jan-1~+00-16-00,271.28933254061417,3.805225364286258
montage-jan-1~+00-17-00,277.7627933622532,3.805225364286258
montage-jan-1~+00-18-00,315.5522417647892,3.805225364286258
montage-jan-1~+00-19-00,317.638318653604,3.805225364286258
montage-jan-1~+00-20-00,345.16294426990885,3.805225364286258
montage-jan-1~+00-21-00,369.02037916500404,3.805225364286258
montage-jan-1~+00-22-00,396.5615609470926,3.805225364286258
montage-jan-1~+00-23-00,449.4833448764272,3.805225364286258
montage-jan-1~+01-00-00,485.76618219259683,3.805225364286258
