trace,op_ems,emb_ems
montage-aug-1,827.0472601770545,5.110399681598096
montage-aug-1~+00-01-00,832.1049765166705,5.110399681598096
montage-aug-1~+00-02-00,835.4451661257467,5.110399681598096
montage-aug-1~+00-03-00,878.9473481144581,5.110399681598096
montage-aug-1~+00-04-00,892.7672101227238,5.110399681598096
montage-aug-1~+00-05-00,891.3546349440774,5.110399681598096
montage-aug-1~+00-06-00,890.7277097319616,5.110399681598096
montage-aug-1~+00-07-00,888.2673499190848,5.110399681598096
montage-aug-1~+00-08-00,930.2132889601185,5.110399681598096
montage-aug-1~+00-09-00,916.1775227715655,5.110399681598096
montage-aug-1~+00-10-00,915.165639510131,5.110399681598096
montage-aug-1~+00-11-00,926.8883401813076,5.110399681598096
montage-aug-1~+00-12-00,913.2033026580052,5.110399681598096
montage-aug-1~+00-13-00,871.7428007450608,5.110399681598096
montage-aug-1~+00-14-00,872.7820242174531,5.110399681598096
montage-aug-1~+00-15-00,875.3815166385232,5.110399681598096
montage-aug-1~+00-16-00,860.7088462669077,5.110399681598096
montage-aug-1~+00-17-00,893.6498035296177,5.110399681598096
montage-aug-1~+00-18-00,893.6704715160029,5.110399681598096
montage-aug-1~+00-19-00,906.0771304351927,5.110399681598096
montage-aug-1~+00-20-00,923.6706239428545,5.110399681598096
montage-aug-1~+00-21-00,899.9428607404973,5.110399681598096
montage-aug-1~+00-22-00,890.0095740353357,5.110399681598096
montage-aug-1~+00-23-00,849.74200923391,5.110399681598096
montage-aug-1~+01-00-00,853.1777361084274,5.110399681598096
