trace,op_ems,emb_ems
montage-mar-3,658.3249483016046,4.459453342142623
montage-mar-3~+00-01-00,659.9197858657174,4.459453342142623
montage-mar-3~+00-02-00,760.0161417632798,4.459453342142623
montage-mar-3~+00-03-00,817.1066724071982,4.459453342142623
montage-mar-3~+00-04-00,847.4046885778183,4.459453342142623
montage-mar-3~+00-05-00,847.4046885778183,4.459453342142623
montage-mar-3~+00-06-00,805.6985505364752,4.459453342142623
montage-mar-3~+00-07-00,807.1716133555228,4.459453342142623
montage-mar-3~+00-08-00,807.1339048013133,4.459453342142623
montage-mar-3~+00-09-00,836.7625750846802,4.459453342142623
montage-mar-3~+00-10-00,813.1602521149607,4.459453342142623
montage-mar-3~+00-11-00,770.4139501815209,4.459453342142623
montage-mar-3~+00-12-00,793.2444618153932,4.459453342142623
montage-mar-3~+00-13-00,778.4959263125127,4.459453342142623
montage-mar-3~+00-14-00,795.0112770225924,4.459453342142623
montage-mar-3~+00-15-00,835.1895275267094,4.459453342142623
montage-mar-3~+00-16-00,810.4836680999751,4.459453342142623
montage-mar-3~+00-17-00,847.4046885778183,4.459453342142623
montage-mar-3~+00-18-00,797.7623888567647,4.459453342142623
montage-mar-3~+00-19-00,757.4337734234985,4.459453342142623
montage-mar-3~+00-20-00,766.9423672938179,4.459453342142623
montage-mar-3~+00-21-00,755.86454012819,4.459453342142623
montage-mar-3~+00-22-00,763.8078043082157,4.459453342142623
montage-mar-3~+00-23-00,713.1189119311002,4.459453342142623
montage-mar-3~+01-00-00,709.5729836699494,4.459453342142623
