trace,op_ems,emb_ems
chipseq-jun-2,18295.08462764583,98.55920482780722
chipseq-jun-2~+00-01-00,18506.53805302088,98.55920482780722
chipseq-jun-2~+00-02-00,18780.98752778905,98.55920482780722
chipseq-jun-2~+00-03-00,18687.138074440692,98.55920482780722
chipseq-jun-2~+00-04-00,18609.389483449348,98.55920482780722
chipseq-jun-2~+00-05-00,18618.92805706475,98.55920482780722
chipseq-jun-2~+00-06-00,18698.080963509903,98.55920482780722
chipseq-jun-2~+00-07-00,18715.4395619759,98.55920482780722
chipseq-jun-2~+00-08-00,18870.140336607776,98.55920482780722
chipseq-jun-2~+00-09-00,18963.29734499199,98.55920482780722
chipseq-jun-2~+00-10-00,19132.725918557404,98.55920482780722
chipseq-jun-2~+00-11-00,19045.935615448183,98.55920482780722
chipseq-jun-2~+00-12-00,19147.661970394434,98.55920482780722
chipseq-jun-2~+00-13-00,19260.662155963484,98.55920482780722
chipseq-jun-2~+00-14-00,19036.94788665961,98.55920482780722
chipseq-jun-2~+00-15-00,18700.37450355247,98.55920482780722
chipseq-jun-2~+00-16-00,18599.318023190666,98.55920482780722
chipseq-jun-2~+00-17-00,18542.405503330163,98.55920482780722
chipseq-jun-2~+00-18-00,18786.243559875365,98.55920482780722
chipseq-jun-2~+00-19-00,19081.760888043093,98.55920482780722
chipseq-jun-2~+00-20-00,19101.360426482304,98.55920482780722
chipseq-jun-2~+00-21-00,18767.70914480749,98.55920482780722
chipseq-jun-2~+00-22-00,18219.857172930122,98.55920482780722
chipseq-jun-2~+00-23-00,18463.690298301644,98.55920482780722
chipseq-jun-2~+01-00-00,18582.396555771113,98.55920482780722
