trace,op_ems,emb_ems
mag-jan-1,27586.415720255467,171.36263744391223
mag-jan-1~+00-01-00,27645.057068930048,171.36263744391223
mag-jan-1~+00-02-00,27635.84743149786,171.36263744391223
mag-jan-1~+00-03-00,27601.238218574483,171.36263744391223
mag-jan-1~+00-04-00,27568.44260184817,171.36263744391223
mag-jan-1~+00-05-00,27542.439255946345,171.36263744391223
mag-jan-1~+00-06-00,27552.387147040557,171.36263744391223
mag-jan-1~+00-07-00,27507.208268087663,171.36263744391223
mag-jan-1~+00-08-00,27471.162278709286,171.36263744391223
mag-jan-1~+00-09-00,27497.370884970387,171.36263744391223
mag-jan-1~+00-10-00,27384.398578946228,171.36263744391223
mag-jan-1~+00-11-00,27090.02116353368,171.36263744391223
mag-jan-1~+00-12-00,26691.708992966443,171.36263744391223
mag-jan-1~+00-13-00,26083.93906467032,171.36263744391223
mag-jan-1~+00-14-00,25763.70380691894,171.36263744391223
mag-jan-1~+00-15-00,26079.49938991864,171.36263744391223
mag-jan-1~+00-16-00,26464.28163122505,171.36263744391223
mag-jan-1~+00-17-00,26911.337077287957,171.36263744391223
mag-jan-1~+00-18-00,27091.361546185846,171.36263744391223
mag-jan-1~+00-19-00,26768.249119870507,171.36263744391223
mag-jan-1~+00-20-00,26726.837678441185,171.36263744391223
mag-jan-1~+00-21-00,26756.361101579914,171.36263744391223
mag-jan-1~+00-22-00,26854.114607199317,171.36263744391223
mag-jan-1~+00-23-00,27177.940819003223,171.36263744391223
mag-jan-1~+01-00-00,27066.089585290163,171.36263744391223
