trace,op_ems,emb_ems
rnaseq-jan-3,12563.738900919108,64.60281226683885
rnaseq-jan-3~+00-01-00,13018.0299787017,64.60281226683885
rnaseq-jan-3~+00-02-00,13259.125390210587,64.60281226683885
rnaseq-jan-3~+00-03-00,13089.331648535934,64.60281226683885
rnaseq-jan-3~+00-04-00,12787.789357418287,64.60281226683885
rnaseq-jan-3~+00-05-00,12727.033586074891,64.60281226683885
rnaseq-jan-3~+00-06-00,12809.315679424715,64.60281226683885
rnaseq-jan-3~+00-07-00,12900.744492373222,64.60281226683885
rnaseq-jan-3~+00-08-00,13064.067488648165,64.60281226683885
rnaseq-jan-3~+00-09-00,13094.116047286472,64.60281226683885
rnaseq-jan-3~+00-10-00,13099.988424317533,64.60281226683885
rnaseq-jan-3~+00-11-00,13023.49618144089,64.60281226683885
rnaseq-jan-3~+00-12-00,13038.865078028968,64.60281226683885
rnaseq-jan-3~+00-13-00,13040.985430243649,64.60281226683885
rnaseq-jan-3~+00-14-00,13005.730144978332,64.60281226683885
rnaseq-jan-3~+00-15-00,12914.25721321252,64.60281226683885
rnaseq-jan-3~+00-16-00,12833.16767305786,64.60281226683885
rnaseq-jan-3~+00-17-00,12768.783150664984,64.60281226683885
rnaseq-jan-3~+00-18-00,12775.370294462953,64.60281226683885
rnaseq-jan-3~+00-19-00,12776.848131414294,64.60281226683885
rnaseq-jan-3~+00-20-00,12704.426246249855,64.60281226683885
rnaseq-jan-3~+00-21-00,12226.345887987209,64.60281226683885
rnaseq-jan-3~+00-22-00,11674.707771680252,64.60281226683885
rnaseq-jan-3~+00-23-00,10984.814960146623,64.60281226683885
rnaseq-jan-3~+01-00-00,11227.738259368018,64.60281226683885
