trace,op_ems,emb_ems
sarek-nov-2,35052.89728846689,185.95754100781198
sarek-nov-2~+00-01-00,35036.82124500507,185.95754100781198
sarek-nov-2~+00-02-00,35078.05075609252,185.95754100781198
sarek-nov-2~+00-03-00,35092.67196519385,185.95754100781198
sarek-nov-2~+00-04-00,34734.450240672784,185.95754100781198
sarek-nov-2~+00-05-00,34447.43161062362,185.95754100781198
sarek-nov-2~+00-06-00,34294.793018715136,185.95754100781198
sarek-nov-2~+00-07-00,34845.54245420891,185.95754100781198
sarek-nov-2~+00-08-00,35330.03088313257,185.95754100781198
sarek-nov-2~+00-09-00,35793.76582799472,185.95754100781198
sarek-nov-2~+00-10-00,35813.0897149578,185.95754100781198
sarek-nov-2~+00-11-00,35841.359831947644,185.95754100781198
sarek-nov-2~+00-12-00,36372.03971801213,185.95754100781198
sarek-nov-2~+00-13-00,36792.807763565295,185.95754100781198
sarek-nov-2~+00-14-00,36733.03205699159,185.95754100781198
sarek-nov-2~+00-15-00,36397.95532476412,185.95754100781198
sarek-nov-2~+00-16-00,36199.02737504469,185.95754100781198
sarek-nov-2~+00-17-00,35892.622543607584,185.95754100781198
sarek-nov-2~+00-18-00,35502.88628329439,185.95754100781198
sarek-nov-2~+00-19-00,34953.96641484097,185.95754100781198
sarek-nov-2~+00-20-00,34692.13551486536,185.95754100781198
sarek-nov-2~+00-21-00,34617.29216939091,185.95754100781198
sarek-nov-2~+00-22-00,34675.95127887993,185.95754100781198
sarek-nov-2~+00-23-00,34853.920160627895,185.95754100781198
sarek-nov-2~+01-00-00,34975.51348793972,185.95754100781198
