trace,op_ems,emb_ems
nanoseq-aug-1,263.26535354097433,2.2493885276446886
nanoseq-aug-1~+00-01-00,268.43097560839345,2.2493885276446886
nanoseq-aug-1~+00-02-00,272.4008997301925,2.2493885276446886
nanoseq-aug-1~+00-03-00,276.60063707271104,2.2493885276446886
nanoseq-aug-1~+00-04-00,281.9383943790002,2.2493885276446886
nanoseq-aug-1~+00-05-00,284.43666049619793,2.2493885276446886
nanoseq-aug-1~+00-06-00,286.6308256164282,2.2493885276446886
nanoseq-aug-1~+00-07-00,288.1585968896783,2.2493885276446886
nanoseq-aug-1~+00-08-00,285.4093099798359,2.2493885276446886
nanoseq-aug-1~+00-09-00,282.26001301718856,2.2493885276446886
nanoseq-aug-1~+00-10-00,279.34838890447065,2.2493885276446886
nanoseq-aug-1~+00-11-00,274.46218829635046,2.2493885276446886
nanoseq-aug-1~+00-12-00,272.65656801186134,2.2493885276446886
nanoseq-aug-1~+00-13-00,273.5916330116622,2.2493885276446886
nanoseq-aug-1~+00-14-00,275.84472573530076,2.2493885276446886
nanoseq-aug-1~+00-15-00,279.5142696575256,2.2493885276446886
nanoseq-aug-1~+00-16-00,285.09131661376966,2.2493885276446886
nanoseq-aug-1~+00-17-00,286.85645562059733,2.2493885276446886
nanoseq-aug-1~+00-18-00,286.8447333693137,2.2493885276446886
nanoseq-aug-1~+00-19-00,281.3404861973107,2.2493885276446886
nanoseq-aug-1~+00-20-00,274.3941359448901,2.2493885276446886
nanoseq-aug-1~+00-21-00,268.0546132837732,2.2493885276446886
nanoseq-aug-1~+00-22-00,264.60128364323026,2.2493885276446886
nanoseq-aug-1~+00-23-00,266.3794121028657,2.2493885276446886
nanoseq-aug-1~+01-00-00,270.5268309157812,2.2493885276446886
