trace,op_ems,emb_ems
rangeland-dec-2,7412.372651741109,56.10015765457453
rangeland-dec-2~+00-01-00,7613.708440199089,56.10015765457453
rangeland-dec-2~+00-02-00,7761.247549797981,56.10015765457453
rangeland-dec-2~+00-03-00,7853.296831125948,56.10015765457453
rangeland-dec-2~+00-04-00,7829.319646878476,56.10015765457453
rangeland-dec-2~+00-05-00,7545.921937744641,56.10015765457453
rangeland-dec-2~+00-06-00,7088.945126448811,56.10015765457453
rangeland-dec-2~+00-07-00,6548.360660433589,56.10015765457453
rangeland-dec-2~+00-08-00,5849.275844684857,56.10015765457453
rangeland-dec-2~+00-09-00,5228.203846210506,56.10015765457453
rangeland-dec-2~+00-10-00,4544.116963106625,56.10015765457453
rangeland-dec-2~+00-11-00,3848.132289257629,56.10015765457453
rangeland-dec-2~+00-12-00,3398.731655352752,56.10015765457453
rangeland-dec-2~+00-13-00,3130.152882588212,56.10015765457453
rangeland-dec-2~+00-14-00,3053.7038739699933,56.10015765457453
rangeland-dec-2~+00-15-00,3201.8365338984054,56.10015765457453
rangeland-dec-2~+00-16-00,3459.6257196178194,56.10015765457453
rangeland-dec-2~+00-17-00,3905.112783460723,56.10015765457453
rangeland-dec-2~+00-18-00,4464.513129666817,56.10015765457453
rangeland-dec-2~+00-19-00,4972.154456625176,56.10015765457453
rangeland-dec-2~+00-20-00,5484.212249718337,56.10015765457453
rangeland-dec-2~+00-21-00,5942.30064319044,56.10015765457453
rangeland-dec-2~+00-22-00,6322.700537915781,56.10015765457453
rangeland-dec-2~+00-23-00,6577.662131738603,56.10015765457453
rangeland-dec-2~+01-00-00,6769.313789874099,56.10015765457453
