trace,op_ems,emb_ems
montage-may-2,861.7108820823495,5.194323604266486
montage-may-2~+00-01-00,869.0234307757452,5.194323604266486
montage-may-2~+00-02-00,857.6182321625968,5.194323604266486
montage-may-2~+00-03-00,861.7778032595605,5.194323604266486
montage-may-2~+00-04-00,863.6663878914062,5.194323604266486
montage-may-2~+00-05-00,867.0504906368215,5.194323604266486
montage-may-2~+00-06-00,869.484129421279,5.194323604266486
montage-may-2~+00-07-00,864.2625832543397,5.194323604266486
montage-may-2~+00-08-00,888.4866657228861,5.194323604266486
montage-may-2~+00-09-00,901.7270490781407,5.194323604266486
montage-may-2~+00-10-00,891.0560025426793,5.194323604266486
montage-may-2~+00-11-00,891.3422240332534,5.194323604266486
montage-may-2~+00-12-00,872.9778130830989,5.194323604266486
montage-may-2~+00-13-00,868.859917025518,5.194323604266486
montage-may-2~+00-14-00,905.1767118036895,5.194323604266486
montage-may-2~+00-15-00,868.0665911630591,5.194323604266486
montage-may-2~+00-16-00,874.0299561996252,5.194323604266486
montage-may-2~+00-17-00,863.3160041595761,5.194323604266486
montage-may-2~+00-18-00,757.9222502585521,5.194323604266486
montage-may-2~+00-19-00,489.4215199862283,5.194323604266486
montage-may-2~+00-20-00,900.2519415743666,5.194323604266486
montage-may-2~+00-21-00,879.517209403298,5.194323604266486
montage-may-2~+00-22-00,873.2067880828187,5.194323604266486
montage-may-2~+00-23-00,880.3686959911366,5.194323604266486
montage-may-2~+01-00-00,863.4069456179694,5.194323604266486
