trace,op_ems,emb_ems
montage-sep-1,886.0906261172247,5.110399681598096
montage-sep-1~+00-01-00,886.0906261172247,5.110399681598096
montage-sep-1~+00-02-00,898.2437811149595,5.110399681598096
montage-sep-1~+00-03-00,898.9085057104298,5.110399681598096
montage-sep-1~+00-04-00,908.3218153911868,5.110399681598096
montage-sep-1~+00-05-00,911.4667434785894,5.110399681598096
montage-sep-1~+00-06-00,909.2998980598672,5.110399681598096
montage-sep-1~+00-07-00,925.5760076394821,5.110399681598096
montage-sep-1~+00-08-00,919.8953229280263,5.110399681598096
montage-sep-1~+00-09-00,942.9510605832568,5.110399681598096
montage-sep-1~+00-10-00,942.1942421592654,5.110399681598096
montage-sep-1~+00-11-00,922.6693701810489,5.110399681598096
montage-sep-1~+00-12-00,930.7218258719206,5.110399681598096
montage-sep-1~+00-13-00,929.4209920211862,5.110399681598096
montage-sep-1~+00-14-00,355.5859140697523,5.110399681598096
montage-sep-1~+00-15-00,119.01595264822868,5.110399681598096
montage-sep-1~+00-16-00,481.71510116924634,5.110399681598096
montage-sep-1~+00-17-00,679.7019175569659,5.110399681598096
montage-sep-1~+00-18-00,217.70498214280403,5.110399681598096
montage-sep-1~+00-19-00,415.71017667810656,5.110399681598096
montage-sep-1~+00-20-00,811.3281074261679,5.110399681598096
montage-sep-1~+00-21-00,340.9099438068877,5.110399681598096
montage-sep-1~+00-22-00,940.3294623869801,5.110399681598096
montage-sep-1~+00-23-00,910.0604859684753,5.110399681598096
montage-sep-1~+01-00-00,892.8093941729531,5.110399681598096
