trace,op_ems,emb_ems
nanoseq-jan-3,293.7604017002319,2.2520341597586646
nanoseq-jan-3~+00-01-00,295.29040657773334,2.2520341597586646
nanoseq-jan-3~+00-02-00,294.47533883374103,2.2520341597586646
nanoseq-jan-3~+00-03-00,292.0612603898401,2.2520341597586646
nanoseq-jan-3~+00-04-00,290.33425052208287,2.2520341597586646
nanoseq-jan-3~+00-05-00,291.40246957031326,2.2520341597586646
nanoseq-jan-3~+00-06-00,293.7979007371717,2.2520341597586646
nanoseq-jan-3~+00-07-00,294.95547259278,2.2520341597586646
nanoseq-jan-3~+00-08-00,295.2369352666664,2.2520341597586646
nanoseq-jan-3~+00-09-00,295.96122691045497,2.2520341597586646
nanoseq-jan-3~+00-10-00,294.87688175602784,2.2520341597586646
nanoseq-jan-3~+00-11-00,294.808298409743,2.2520341597586646
nanoseq-jan-3~+00-12-00,294.2032122653703,2.2520341597586646
nanoseq-jan-3~+00-13-00,293.2045925359788,2.2520341597586646
nanoseq-jan-3~+00-14-00,291.84525920729146,2.2520341597586646
nanoseq-jan-3~+00-15-00,290.5978876488585,2.2520341597586646
nanoseq-jan-3~+00-16-00,289.68977376578243,2.2520341597586646
nanoseq-jan-3~+00-17-00,288.8887057935241,2.2520341597586646
nanoseq-jan-3~+00-18-00,285.09875686556745,2.2520341597586646
nanoseq-jan-3~+00-19-00,279.1603876835318,2.2520341597586646
nanoseq-jan-3~+00-20-00,270.09704949804353,2.2520341597586646
nanoseq-jan-3~+00-21-00,262.0756729036825,2.2520341597586646
nanoseq-jan-3~+00-22-00,262.97081701618885,2.2520341597586646
nanoseq-jan-3~+00-23-00,271.21062551745877,2.2520341597586646
nanoseq-jan-3~+01-00-00,279.76525337568694,2.2520341597586646
