trace,op_ems,emb_ems
sarek-sep-3,34456.379101934835,183.31733251806511
sarek-sep-3~+00-01-00,34599.25823358569,183.31733251806511
sarek-sep-3~+00-02-00,34620.00963928355,183.31733251806511
sarek-sep-3~+00-03-00,34785.86616765557,183.31733251806511
sarek-sep-3~+00-04-00,35017.93599385,183.31733251806511
sarek-sep-3~+00-05-00,35037.516664587114,183.31733251806511
sarek-sep-3~+00-06-00,35145.926338840036,183.31733251806511
sarek-sep-3~+00-07-00,35168.80037707738,183.31733251806511
sarek-sep-3~+00-08-00,35246.40774922457,183.31733251806511
sarek-sep-3~+00-09-00,34603.268669491306,183.31733251806511
sarek-sep-3~+00-10-00,28128.86404394639,183.31733251806511
sarek-sep-3~+00-11-00,26431.24640810774,183.31733251806511
sarek-sep-3~+00-12-00,16198.059752067198,183.31733251806511
sarek-sep-3~+00-13-00,14056.715386165968,183.31733251806511
sarek-sep-3~+00-14-00,11724.415931039299,183.31733251806511
sarek-sep-3~+00-15-00,12409.176586695452,183.31733251806511
sarek-sep-3~+00-16-00,16488.569895740424,183.31733251806511
sarek-sep-3~+00-17-00,23351.1146919168,183.31733251806511
sarek-sep-3~+00-18-00,26265.866938970787,183.31733251806511
sarek-sep-3~+00-19-00,29424.779226247236,183.31733251806511
sarek-sep-3~+00-20-00,32058.683406433127,183.31733251806511
sarek-sep-3~+00-21-00,33238.148537940004,183.31733251806511
sarek-sep-3~+00-22-00,32730.838641275706,183.31733251806511
sarek-sep-3~+00-23-00,34137.46608251336,183.31733251806511
sarek-sep-3~+01-00-00,34300.636368686544,183.31733251806511
