trace,op_ems,emb_ems
nanoseq-aug-1,200.63497568806383,2.2463699711004637
nanoseq-aug-1~+00-01-00,203.9304747822509,2.2463699711004637
nanoseq-aug-1~+00-02-00,205.1950579415259,2.2463699711004637
nanoseq-aug-1~+00-03-00,205.6453810668959,2.2463699711004637
nanoseq-aug-1~+00-04-00,205.61145817758566,2.2463699711004637
nanoseq-aug-1~+00-05-00,205.36125990797726,2.2463699711004637
nanoseq-aug-1~+00-06-00,206.0814451316479,2.2463699711004637
nanoseq-aug-1~+00-07-00,207.6023549818947,2.2463699711004637
nanoseq-aug-1~+00-08-00,208.25149831650035,2.2463699711004637
nanoseq-aug-1~+00-09-00,205.9819188638295,2.2463699711004637
nanoseq-aug-1~+00-10-00,199.97415041849263,2.2463699711004637
nanoseq-aug-1~+00-11-00,190.16305671883674,2.2463699711004637
nanoseq-aug-1~+00-12-00,177.71936795900578,2.2463699711004637
nanoseq-aug-1~+00-13-00,165.57108618388352,2.2463699711004637
nanoseq-aug-1~+00-14-00,156.18369842859812,2.2463699711004637
nanoseq-aug-1~+00-15-00,150.59223712619456,2.2463699711004637
nanoseq-aug-1~+00-16-00,150.3696814238977,2.2463699711004637
nanoseq-aug-1~+00-17-00,155.889188664665,2.2463699711004637
nanoseq-aug-1~+00-18-00,165.65212320598692,2.2463699711004637
nanoseq-aug-1~+00-19-00,177.2135508882892,2.2463699711004637
nanoseq-aug-1~+00-20-00,188.0100211134622,2.2463699711004637
nanoseq-aug-1~+00-21-00,196.3148938367995,2.2463699711004637
nanoseq-aug-1~+00-22-00,201.14763800357696,2.2463699711004637
nanoseq-aug-1~+00-23-00,203.83898045420585,2.2463699711004637
nanoseq-aug-1~+01-00-00,206.74009783875007,2.2463699711004637
