trace,op_ems,emb_ems
rnaseq-nov-2,8722.084199774516,59.0952985091386
rnaseq-nov-2~+00-01-00,8905.153316717071,59.0952985091386
rnaseq-nov-2~+00-02-00,9027.739622627994,59.0952985091386
rnaseq-nov-2~+00-03-00,9125.47595288437,59.0952985091386
rnaseq-nov-2~+00-04-00,9245.592213768108,59.0952985091386
rnaseq-nov-2~+00-05-00,9341.413311101076,59.0952985091386
rnaseq-nov-2~+00-06-00,9370.62233294404,59.0952985091386
rnaseq-nov-2~+00-07-00,9295.35376817269,59.0952985091386
rnaseq-nov-2~+00-08-00,9090.236719114131,59.0952985091386
rnaseq-nov-2~+00-09-00,8499.90669183404,59.0952985091386
rnaseq-nov-2~+00-10-00,7495.727750232131,59.0952985091386
rnaseq-nov-2~+00-11-00,6415.019878024425,59.0952985091386
rnaseq-nov-2~+00-12-00,5618.942188131433,59.0952985091386
rnaseq-nov-2~+00-13-00,5039.40664793935,59.0952985091386
rnaseq-nov-2~+00-14-00,4779.697778953071,59.0952985091386
rnaseq-nov-2~+00-15-00,4789.476994406549,59.0952985091386
rnaseq-nov-2~+00-16-00,4844.421296301993,59.0952985091386
rnaseq-nov-2~+00-17-00,4953.867456717489,59.0952985091386
rnaseq-nov-2~+00-18-00,5224.611280916187,59.0952985091386
rnaseq-nov-2~+00-19-00,5660.957293291363,59.0952985091386
rnaseq-nov-2~+00-20-00,6014.438495346999,59.0952985091386
rnaseq-nov-2~+00-21-00,6349.412260077473,59.0952985091386
rnaseq-nov-2~+00-22-00,6738.771401962686,59.0952985091386
rnaseq-nov-2~+00-23-00,7101.60135338808,59.0952985091386
rnaseq-nov-2~+01-00-00,7216.822403471985,59.0952985091386
