trace,op_ems,emb_ems
rnaseq-dec-3,12366.395439231132,64.60281226683885
rnaseq-dec-3~+00-01-00,12454.99980143468,64.60281226683885
rnaseq-dec-3~+00-02-00,12544.338618561518,64.60281226683885
rnaseq-dec-3~+00-03-00,12572.695400221453,64.60281226683885
rnaseq-dec-3~+00-04-00,12602.911991903904,64.60281226683885
rnaseq-dec-3~+00-05-00,12987.044295954795,64.60281226683885
rnaseq-dec-3~+00-06-00,13104.792396700237,64.60281226683885
rnaseq-dec-3~+00-07-00,12682.165292423813,64.60281226683885
rnaseq-dec-3~+00-08-00,12314.734268272628,64.60281226683885
rnaseq-dec-3~+00-09-00,12582.776030149007,64.60281226683885
rnaseq-dec-3~+00-10-00,12856.408878622202,64.60281226683885
rnaseq-dec-3~+00-11-00,12825.154918821594,64.60281226683885
rnaseq-dec-3~+00-12-00,11157.219439163195,64.60281226683885
rnaseq-dec-3~+00-13-00,7302.517822286519,64.60281226683885
rnaseq-dec-3~+00-14-00,7882.252214195291,64.60281226683885
rnaseq-dec-3~+00-15-00,10573.360702128,64.60281226683885
rnaseq-dec-3~+00-16-00,12608.078538915684,64.60281226683885
rnaseq-dec-3~+00-17-00,10599.051128259689,64.60281226683885
rnaseq-dec-3~+00-18-00,9499.260439271284,64.60281226683885
rnaseq-dec-3~+00-19-00,10989.963963599304,64.60281226683885
rnaseq-dec-3~+00-20-00,12993.367844198629,64.60281226683885
rnaseq-dec-3~+00-21-00,12577.782338871899,64.60281226683885
rnaseq-dec-3~+00-22-00,12365.840445552889,64.60281226683885
rnaseq-dec-3~+00-23-00,12297.256785244086,64.60281226683885
rnaseq-dec-3~+01-00-00,12366.395439231132,64.60281226683885
