trace,op_ems,emb_ems
chipseq-aug-3,17912.364358113187,100.15869459141447
chipseq-aug-3~+00-01-00,18271.526174633284,100.15869459141447
chipseq-aug-3~+00-02-00,18449.36592088615,100.15869459141447
chipseq-aug-3~+00-03-00,18875.663224850374,100.15869459141447
chipseq-aug-3~+00-04-00,19174.34701391467,100.15869459141447
chipseq-aug-3~+00-05-00,19458.23517751115,100.15869459141447
chipseq-aug-3~+00-06-00,19785.976254191344,100.15869459141447
chipseq-aug-3~+00-07-00,19877.331615655883,100.15869459141447
chipseq-aug-3~+00-08-00,19950.457139039452,100.15869459141447
chipseq-aug-3~+00-09-00,19942.671437248104,100.15869459141447
chipseq-aug-3~+00-10-00,19729.675678422125,100.15869459141447
chipseq-aug-3~+00-11-00,19163.38188862041,100.15869459141447
chipseq-aug-3~+00-12-00,18916.879629033243,100.15869459141447
chipseq-aug-3~+00-13-00,18891.62136016552,100.15869459141447
chipseq-aug-3~+00-14-00,18731.179845388644,100.15869459141447
chipseq-aug-3~+00-15-00,19029.465841944802,100.15869459141447
chipseq-aug-3~+00-16-00,19256.544957657596,100.15869459141447
chipseq-aug-3~+00-17-00,19813.100893448343,100.15869459141447
chipseq-aug-3~+00-18-00,20002.05425346336,100.15869459141447
chipseq-aug-3~+00-19-00,20087.877074418142,100.15869459141447
chipseq-aug-3~+00-20-00,19746.37925984204,100.15869459141447
chipseq-aug-3~+00-21-00,18951.80181650265,100.15869459141447
chipseq-aug-3~+00-22-00,18279.813106604714,100.15869459141447
chipseq-aug-3~+00-23-00,18088.26390457099,100.15869459141447
chipseq-aug-3~+01-00-00,18279.088617868532,100.15869459141447
