trace,op_ems,emb_ems
montage-jul-3,712.2412271164159,4.459453342142623
montage-jul-3~+00-01-00,712.962173233944,4.459453342142623
montage-jul-3~+00-02-00,721.9627100035664,4.459453342142623
montage-jul-3~+00-03-00,721.555951987067,4.459453342142623
montage-jul-3~+00-04-00,744.2399412857485,4.459453342142623
montage-jul-3~+00-05-00,727.6570562797527,4.459453342142623
montage-jul-3~+00-06-00,720.0008357111875,4.459453342142623
montage-jul-3~+00-07-00,738.3012490744463,4.459453342142623
montage-jul-3~+00-08-00,750.2196129416709,4.459453342142623
montage-jul-3~+00-09-00,773.007045665387,4.459453342142623
montage-jul-3~+00-10-00,760.5282902879667,4.459453342142623
montage-jul-3~+00-11-00,767.1421396008785,4.459453342142623
montage-jul-3~+00-12-00,749.311362745233,4.459453342142623
montage-jul-3~+00-13-00,752.6691064291257,4.459453342142623
montage-jul-3~+00-14-00,765.1892184774997,4.459453342142623
montage-jul-3~+00-15-00,763.6026669535217,4.459453342142623
montage-jul-3~+00-16-00,750.8960858545862,4.459453342142623
montage-jul-3~+00-17-00,689.4957582956429,4.459453342142623
montage-jul-3~+00-18-00,765.7597949771506,4.459453342142623
montage-jul-3~+00-19-00,756.499734392711,4.459453342142623
montage-jul-3~+00-20-00,754.279434018732,4.459453342142623
montage-jul-3~+00-21-00,761.7072153651787,4.459453342142623
montage-jul-3~+00-22-00,772.9676078947214,4.459453342142623
montage-jul-3~+00-23-00,740.783672828923,4.459453342142623
montage-jul-3~+01-00-00,735.9387171128949,4.459453342142623
