trace,op_ems,emb_ems
rnaseq-aug-2,7917.791932945314,59.0952985091386
rnaseq-aug-2~+00-01-00,8117.328818514131,59.0952985091386
rnaseq-aug-2~+00-02-00,8268.102017956531,59.0952985091386
rnaseq-aug-2~+00-03-00,8396.574283960168,59.0952985091386
rnaseq-aug-2~+00-04-00,8453.151217247529,59.0952985091386
rnaseq-aug-2~+00-05-00,8349.07263489774,59.0952985091386
rnaseq-aug-2~+00-06-00,8284.004850852463,59.0952985091386
rnaseq-aug-2~+00-07-00,8330.903874384425,59.0952985091386
rnaseq-aug-2~+00-08-00,8430.59683753101,59.0952985091386
rnaseq-aug-2~+00-09-00,8511.921286209767,59.0952985091386
rnaseq-aug-2~+00-10-00,8543.981792299757,59.0952985091386
rnaseq-aug-2~+00-11-00,8447.991510665188,59.0952985091386
rnaseq-aug-2~+00-12-00,8077.857751188746,59.0952985091386
rnaseq-aug-2~+00-13-00,7508.825046857036,59.0952985091386
rnaseq-aug-2~+00-14-00,6848.151370443144,59.0952985091386
rnaseq-aug-2~+00-15-00,6345.968245488153,59.0952985091386
rnaseq-aug-2~+00-16-00,6046.832193015892,59.0952985091386
rnaseq-aug-2~+00-17-00,6010.128544832048,59.0952985091386
rnaseq-aug-2~+00-18-00,6027.759229450291,59.0952985091386
rnaseq-aug-2~+00-19-00,6336.945336216064,59.0952985091386
rnaseq-aug-2~+00-20-00,6935.826317233695,59.0952985091386
rnaseq-aug-2~+00-21-00,7684.146416885997,59.0952985091386
rnaseq-aug-2~+00-22-00,8080.464710111235,59.0952985091386
rnaseq-aug-2~+00-23-00,8153.86442822377,59.0952985091386
rnaseq-aug-2~+01-00-00,8150.920435641859,59.0952985091386
