trace,op_ems,emb_ems
sarek-may-2,27887.977061316764,181.81188075481478
sarek-may-2~+00-01-00,28533.687209864267,181.81188075481478
sarek-may-2~+00-02-00,29162.192489371693,181.81188075481478
sarek-may-2~+00-03-00,29563.340214438904,181.81188075481478
sarek-may-2~+00-04-00,29731.634295016956,181.81188075481478
sarek-may-2~+00-05-00,29830.71387991592,181.81188075481478
sarek-may-2~+00-06-00,29925.763134879406,181.81188075481478
sarek-may-2~+00-07-00,30019.690948719865,181.81188075481478
sarek-may-2~+00-08-00,29917.02741925638,181.81188075481478
sarek-may-2~+00-09-00,29305.429979161938,181.81188075481478
sarek-may-2~+00-10-00,27473.052735908797,181.81188075481478
sarek-may-2~+00-11-00,24404.419035098494,181.81188075481478
sarek-may-2~+00-12-00,20952.341022107346,181.81188075481478
sarek-may-2~+00-13-00,17806.85534111398,181.81188075481478
sarek-may-2~+00-14-00,15282.092466719025,181.81188075481478
sarek-may-2~+00-15-00,13868.334904384687,181.81188075481478
sarek-may-2~+00-16-00,13635.688087738297,181.81188075481478
sarek-may-2~+00-17-00,14674.300948351507,181.81188075481478
sarek-may-2~+00-18-00,17174.429784114516,181.81188075481478
sarek-may-2~+00-19-00,20434.87884090115,181.81188075481478
sarek-may-2~+00-20-00,23186.493308293713,181.81188075481478
sarek-may-2~+00-21-00,25210.616141096507,181.81188075481478
sarek-may-2~+00-22-00,26586.57350489375,181.81188075481478
sarek-may-2~+00-23-00,27265.17095334143,181.81188075481478
sarek-may-2~+01-00-00,27746.48968083157,181.81188075481478
