trace,op_ems,emb_ems
montage-dec-1,886.1415830800235,5.110399681598096
montage-dec-1~+00-01-00,886.1978471665641,5.110399681598096
montage-dec-1~+00-02-00,898.8808237798519,5.110399681598096
montage-dec-1~+00-03-00,904.7068510297728,5.110399681598096
montage-dec-1~+00-04-00,911.333247777349,5.110399681598096
montage-dec-1~+00-05-00,903.5684711751977,5.110399681598096
montage-dec-1~+00-06-00,908.7737284003025,5.110399681598096
montage-dec-1~+00-07-00,911.0851146658347,5.110399681598096
montage-dec-1~+00-08-00,971.2401518505523,5.110399681598096
montage-dec-1~+00-09-00,877.7002059303105,5.110399681598096
montage-dec-1~+00-10-00,876.6383258819789,5.110399681598096
montage-dec-1~+00-11-00,938.627254763315,5.110399681598096
montage-dec-1~+00-12-00,942.1569271485096,5.110399681598096
montage-dec-1~+00-13-00,927.4570275768135,5.110399681598096
montage-dec-1~+00-14-00,908.9619779949722,5.110399681598096
montage-dec-1~+00-15-00,905.015696369767,5.110399681598096
montage-dec-1~+00-16-00,916.8439329385536,5.110399681598096
montage-dec-1~+00-17-00,814.5843747169379,5.110399681598096
montage-dec-1~+00-18-00,0.0,5.110399681598096
montage-dec-1~+00-19-00,388.3763835443714,5.110399681598096
montage-dec-1~+00-20-00,864.9215814579594,5.110399681598096
montage-dec-1~+00-21-00,983.762897562386,5.110399681598096
montage-dec-1~+00-22-00,908.8850563819232,5.110399681598096
montage-dec-1~+00-23-00,886.1258291357921,5.110399681598096
montage-dec-1~+01-00-00,886.1415830800235,5.110399681598096
