trace,op_ems,emb_ems
rangeland-dec-3,7427.668055133412,56.21086774659671
rangeland-dec-3~+00-01-00,7629.368024750423,56.21086774659671
rangeland-dec-3~+00-02-00,7776.943820495885,56.21086774659671
rangeland-dec-3~+00-03-00,7868.825540009733,56.21086774659671
rangeland-dec-3~+00-04-00,7844.061629044338,56.21086774659671
rangeland-dec-3~+00-05-00,7558.644887196772,56.21086774659671
rangeland-dec-3~+00-06-00,7100.287933243748,56.21086774659671
rangeland-dec-3~+00-07-00,6558.925825890252,56.21086774659671
rangeland-dec-3~+00-08-00,5858.379109906717,56.21086774659671
rangeland-dec-3~+00-09-00,5237.585422490504,56.21086774659671
rangeland-dec-3~+00-10-00,4552.3988094967835,56.21086774659671
rangeland-dec-3~+00-11-00,3854.798170770585,56.21086774659671
rangeland-dec-3~+00-12-00,3405.2480804076554,56.21086774659671
rangeland-dec-3~+00-13-00,3136.6607923940524,56.21086774659671
rangeland-dec-3~+00-14-00,3060.7449011821645,56.21086774659671
rangeland-dec-3~+00-15-00,3209.879197473954,56.21086774659671
rangeland-dec-3~+00-16-00,3468.7562056646516,56.21086774659671
rangeland-dec-3~+00-17-00,3915.3488437614906,56.21086774659671
rangeland-dec-3~+00-18-00,4475.310858686871,56.21086774659671
rangeland-dec-3~+00-19-00,4982.950890422318,56.21086774659671
rangeland-dec-3~+00-20-00,5495.702279883008,56.21086774659671
rangeland-dec-3~+00-21-00,5954.520294473728,56.21086774659671
rangeland-dec-3~+00-22-00,6335.606954107304,56.21086774659671
rangeland-dec-3~+00-23-00,6590.97428647751,56.21086774659671
rangeland-dec-3~+01-00-00,6783.400831578348,56.21086774659671
