trace,op_ems,emb_ems
nanoseq-sep-1,211.70363826891312,2.2463699711004637
nanoseq-sep-1~+00-01-00,217.29088436662138,2.2463699711004637
nanoseq-sep-1~+00-02-00,221.60635261788457,2.2463699711004637
nanoseq-sep-1~+00-03-00,224.12897705352532,2.2463699711004637
nanoseq-sep-1~+00-04-00,224.7866194501283,2.2463699711004637
nanoseq-sep-1~+00-05-00,225.67857088419436,2.2463699711004637
nanoseq-sep-1~+00-06-00,227.70290408241522,2.2463699711004637
nanoseq-sep-1~+00-07-00,229.486786672657,2.2463699711004637
nanoseq-sep-1~+00-08-00,227.1788987572666,2.2463699711004637
nanoseq-sep-1~+00-09-00,214.798899953699,2.2463699711004637
nanoseq-sep-1~+00-10-00,191.1876487774367,2.2463699711004637
nanoseq-sep-1~+00-11-00,160.0269140470288,2.2463699711004637
nanoseq-sep-1~+00-12-00,126.11146212444265,2.2463699711004637
nanoseq-sep-1~+00-13-00,98.0364085776763,2.2463699711004637
nanoseq-sep-1~+00-14-00,81.98488275117877,2.2463699711004637
nanoseq-sep-1~+00-15-00,75.85803563069602,2.2463699711004637
nanoseq-sep-1~+00-16-00,77.04453900191889,2.2463699711004637
nanoseq-sep-1~+00-17-00,86.95507609208008,2.2463699711004637
nanoseq-sep-1~+00-18-00,107.32492750090147,2.2463699711004637
nanoseq-sep-1~+00-19-00,135.2042106409447,2.2463699711004637
nanoseq-sep-1~+00-20-00,164.51729881014015,2.2463699711004637
nanoseq-sep-1~+00-21-00,191.31223070729416,2.2463699711004637
nanoseq-sep-1~+00-22-00,210.62645414721666,2.2463699711004637
nanoseq-sep-1~+00-23-00,219.49977040073495,2.2463699711004637
nanoseq-sep-1~+01-00-00,223.0844720218216,2.2463699711004637
