trace,op_ems,emb_ems
nanoseq-jul-2,267.31111618181933,2.283583422059979
nanoseq-jul-2~+00-01-00,269.36299414897536,2.283583422059979
nanoseq-jul-2~+00-02-00,271.8017327282497,2.283583422059979
nanoseq-jul-2~+00-03-00,273.54697606988776,2.283583422059979
nanoseq-jul-2~+00-04-00,276.0086894339013,2.283583422059979
nanoseq-jul-2~+00-05-00,278.4632211690097,2.283583422059979
nanoseq-jul-2~+00-06-00,279.61572194297844,2.283583422059979
nanoseq-jul-2~+00-07-00,280.54906298520814,2.283583422059979
nanoseq-jul-2~+00-08-00,280.8177227678857,2.283583422059979
nanoseq-jul-2~+00-09-00,279.03180040691655,2.283583422059979
nanoseq-jul-2~+00-10-00,278.0955859539257,2.283583422059979
nanoseq-jul-2~+00-11-00,277.10309836110156,2.283583422059979
nanoseq-jul-2~+00-12-00,276.1189396184037,2.283583422059979
nanoseq-jul-2~+00-13-00,275.90848883197515,2.283583422059979
nanoseq-jul-2~+00-14-00,275.96777900934376,2.283583422059979
nanoseq-jul-2~+00-15-00,276.1923388560189,2.283583422059979
nanoseq-jul-2~+00-16-00,277.9588951713941,2.283583422059979
nanoseq-jul-2~+00-17-00,278.76113096523136,2.283583422059979
nanoseq-jul-2~+00-18-00,277.9615364719188,2.283583422059979
nanoseq-jul-2~+00-19-00,275.36671526704686,2.283583422059979
nanoseq-jul-2~+00-20-00,272.1393414992963,2.283583422059979
nanoseq-jul-2~+00-21-00,268.78931101245144,2.283583422059979
nanoseq-jul-2~+00-22-00,267.4646606367259,2.283583422059979
nanoseq-jul-2~+00-23-00,267.85924570238865,2.283583422059979
nanoseq-jul-2~+01-00-00,268.77923413646175,2.283583422059979
