trace,op_ems,emb_ems
rangeland-mar-2,7529.799065008816,56.10015765457453
rangeland-mar-2~+00-01-00,7580.6112681727545,56.10015765457453
rangeland-mar-2~+00-02-00,7584.315321367638,56.10015765457453
rangeland-mar-2~+00-03-00,7491.671365336136,56.10015765457453
rangeland-mar-2~+00-04-00,7364.9693095911625,56.10015765457453
rangeland-mar-2~+00-05-00,7195.517149901898,56.10015765457453
rangeland-mar-2~+00-06-00,6757.796707442514,56.10015765457453
rangeland-mar-2~+00-07-00,6162.9253586976465,56.10015765457453
rangeland-mar-2~+00-08-00,5562.0591710480685,56.10015765457453
rangeland-mar-2~+00-09-00,4945.8839912384055,56.10015765457453
rangeland-mar-2~+00-10-00,4376.335909694829,56.10015765457453
rangeland-mar-2~+00-11-00,3872.026901843816,56.10015765457453
rangeland-mar-2~+00-12-00,3435.337232360001,56.10015765457453
rangeland-mar-2~+00-13-00,3260.7656372398847,56.10015765457453
rangeland-mar-2~+00-14-00,3361.5022726131638,56.10015765457453
rangeland-mar-2~+00-15-00,3625.919309256839,56.10015765457453
rangeland-mar-2~+00-16-00,4023.9572664510374,56.10015765457453
rangeland-mar-2~+00-17-00,4531.815155319601,56.10015765457453
rangeland-mar-2~+00-18-00,5028.99261971642,56.10015765457453
rangeland-mar-2~+00-19-00,5512.546394059136,56.10015765457453
rangeland-mar-2~+00-20-00,5978.803316272182,56.10015765457453
rangeland-mar-2~+00-21-00,6318.9808466934455,56.10015765457453
rangeland-mar-2~+00-22-00,6591.512136124762,56.10015765457453
rangeland-mar-2~+00-23-00,6788.459149939228,56.10015765457453
rangeland-mar-2~+01-00-00,6906.505551705682,56.10015765457453
