trace,op_ems,emb_ems
mag-feb-1,26674.608528516852,171.36263744391223
mag-feb-1~+00-01-00,26537.242531847383,171.36263744391223
mag-feb-1~+00-02-00,26339.67042471378,171.36263744391223
mag-feb-1~+00-03-00,26907.71986557546,171.36263744391223
mag-feb-1~+00-04-00,26972.590152049648,171.36263744391223
mag-feb-1~+00-05-00,27180.448239611847,171.36263744391223
mag-feb-1~+00-06-00,26790.67467666733,171.36263744391223
mag-feb-1~+00-07-00,26049.16822296105,171.36263744391223
mag-feb-1~+00-08-00,25556.801425508933,171.36263744391223
mag-feb-1~+00-09-00,25508.900444573734,171.36263744391223
mag-feb-1~+00-10-00,25990.171919121818,171.36263744391223
mag-feb-1~+00-11-00,26050.903748879213,171.36263744391223
mag-feb-1~+00-12-00,25641.510353877708,171.36263744391223
mag-feb-1~+00-13-00,24930.26260033261,171.36263744391223
mag-feb-1~+00-14-00,24601.81293870123,171.36263744391223
mag-feb-1~+00-15-00,25111.281499293902,171.36263744391223
mag-feb-1~+00-16-00,25683.013609989976,171.36263744391223
mag-feb-1~+00-17-00,25460.938597788638,171.36263744391223
mag-feb-1~+00-18-00,25868.080496667633,171.36263744391223
mag-feb-1~+00-19-00,26088.06685702678,171.36263744391223
mag-feb-1~+00-20-00,26265.02382634765,171.36263744391223
mag-feb-1~+00-21-00,26282.185397813526,171.36263744391223
mag-feb-1~+00-22-00,26473.461436321504,171.36263744391223
mag-feb-1~+00-23-00,26603.305486236266,171.36263744391223
mag-feb-1~+01-00-00,26803.29263591202,171.36263744391223
