trace,op_ems,emb_ems
sarek-aug-2,24200.278240737098,181.81188075481478
sarek-aug-2~+00-01-00,24673.314411856627,181.81188075481478
sarek-aug-2~+00-02-00,24845.32939057254,181.81188075481478
sarek-aug-2~+00-03-00,24779.50097955799,181.81188075481478
sarek-aug-2~+00-04-00,24763.51682263377,181.81188075481478
sarek-aug-2~+00-05-00,24780.407974346806,181.81188075481478
sarek-aug-2~+00-06-00,24884.40215600832,181.81188075481478
sarek-aug-2~+00-07-00,25086.113493827404,181.81188075481478
sarek-aug-2~+00-08-00,25229.71008782265,181.81188075481478
sarek-aug-2~+00-09-00,25060.543641564345,181.81188075481478
sarek-aug-2~+00-10-00,24280.32480351586,181.81188075481478
sarek-aug-2~+00-11-00,23066.212484120188,181.81188075481478
sarek-aug-2~+00-12-00,21429.04477726349,181.81188075481478
sarek-aug-2~+00-13-00,19934.81008185768,181.81188075481478
sarek-aug-2~+00-14-00,18789.86945357823,181.81188075481478
sarek-aug-2~+00-15-00,18173.723483294976,181.81188075481478
sarek-aug-2~+00-16-00,17955.282216129282,181.81188075481478
sarek-aug-2~+00-17-00,18605.7617024677,181.81188075481478
sarek-aug-2~+00-18-00,19900.767625918987,181.81188075481478
sarek-aug-2~+00-19-00,21560.91339859517,181.81188075481478
sarek-aug-2~+00-20-00,22790.417147885095,181.81188075481478
sarek-aug-2~+00-21-00,23646.635084501737,181.81188075481478
sarek-aug-2~+00-22-00,24162.606845572474,181.81188075481478
sarek-aug-2~+00-23-00,24604.451131940594,181.81188075481478
sarek-aug-2~+01-00-00,24969.792875194264,181.81188075481478
