trace,op_ems,emb_ems
nanoseq-jan-1,221.63167632276537,2.2463699711004637
nanoseq-jan-1~+00-01-00,224.48313255538685,2.2463699711004637
nanoseq-jan-1~+00-02-00,227.5524673152682,2.2463699711004637
nanoseq-jan-1~+00-03-00,230.13807807953384,2.2463699711004637
nanoseq-jan-1~+00-04-00,232.28303806805081,2.2463699711004637
nanoseq-jan-1~+00-05-00,234.03376685235966,2.2463699711004637
nanoseq-jan-1~+00-06-00,233.40854814270173,2.2463699711004637
nanoseq-jan-1~+00-07-00,227.18386892911016,2.2463699711004637
nanoseq-jan-1~+00-08-00,214.40909613847717,2.2463699711004637
nanoseq-jan-1~+00-09-00,196.39990134075532,2.2463699711004637
nanoseq-jan-1~+00-10-00,174.7179389199421,2.2463699711004637
nanoseq-jan-1~+00-11-00,153.43575437563436,2.2463699711004637
nanoseq-jan-1~+00-12-00,137.38429887744965,2.2463699711004637
nanoseq-jan-1~+00-13-00,128.18417691172505,2.2463699711004637
nanoseq-jan-1~+00-14-00,124.8025653205943,2.2463699711004637
nanoseq-jan-1~+00-15-00,126.32073037432889,2.2463699711004637
nanoseq-jan-1~+00-16-00,132.59077719246082,2.2463699711004637
nanoseq-jan-1~+00-17-00,141.6748587183767,2.2463699711004637
nanoseq-jan-1~+00-18-00,151.80370977359252,2.2463699711004637
nanoseq-jan-1~+00-19-00,164.23108233930975,2.2463699711004637
nanoseq-jan-1~+00-20-00,177.78447143521106,2.2463699711004637
nanoseq-jan-1~+00-21-00,189.58267538046402,2.2463699711004637
nanoseq-jan-1~+00-22-00,199.5277056969171,2.2463699711004637
nanoseq-jan-1~+00-23-00,206.65805183530904,2.2463699711004637
nanoseq-jan-1~+01-00-00,210.67013108914912,2.2463699711004637
