trace,op_ems,emb_ems
rnaseq-nov-3,12511.858672332775,64.60281226683885
rnaseq-nov-3~+00-01-00,12574.214340293527,64.60281226683885
rnaseq-nov-3~+00-02-00,12599.628486191476,64.60281226683885
rnaseq-nov-3~+00-03-00,12564.919246519219,64.60281226683885
rnaseq-nov-3~+00-04-00,12555.23765221294,64.60281226683885
rnaseq-nov-3~+00-05-00,12575.316749179246,64.60281226683885
rnaseq-nov-3~+00-06-00,12433.686726953823,64.60281226683885
rnaseq-nov-3~+00-07-00,12260.634966124691,64.60281226683885
rnaseq-nov-3~+00-08-00,12221.038006374132,64.60281226683885
rnaseq-nov-3~+00-09-00,12537.268726271228,64.60281226683885
rnaseq-nov-3~+00-10-00,12848.000840071238,64.60281226683885
rnaseq-nov-3~+00-11-00,12996.999591322094,64.60281226683885
rnaseq-nov-3~+00-12-00,12886.197916657624,64.60281226683885
rnaseq-nov-3~+00-13-00,12787.299572606504,64.60281226683885
rnaseq-nov-3~+00-14-00,13024.072979220808,64.60281226683885
rnaseq-nov-3~+00-15-00,13302.241604929168,64.60281226683885
rnaseq-nov-3~+00-16-00,13326.512389370806,64.60281226683885
rnaseq-nov-3~+00-17-00,12993.909209831176,64.60281226683885
rnaseq-nov-3~+00-18-00,12811.316279711784,64.60281226683885
rnaseq-nov-3~+00-19-00,12759.487190341253,64.60281226683885
rnaseq-nov-3~+00-20-00,12712.614395791503,64.60281226683885
rnaseq-nov-3~+00-21-00,12462.349909025108,64.60281226683885
rnaseq-nov-3~+00-22-00,12303.184796961339,64.60281226683885
rnaseq-nov-3~+00-23-00,12352.011830024463,64.60281226683885
rnaseq-nov-3~+01-00-00,12482.483988017626,64.60281226683885
