trace,op_ems,emb_ems
montage-feb-3,509.1087340024534,3.9090470464800857
montage-feb-3~+00-01-00,526.0716782001841,3.9090470464800857
montage-feb-3~+00-02-00,543.602597041217,3.9090470464800857
montage-feb-3~+00-03-00,564.3463873719752,3.9090470464800857
montage-feb-3~+00-04-00,565.5162455925082,3.9090470464800857
montage-feb-3~+00-05-00,557.9206443925249,3.9090470464800857
montage-feb-3~+00-06-00,548.3837567251353,3.9090470464800857
montage-feb-3~+00-07-00,541.7291284416675,3.9090470464800857
montage-feb-3~+00-08-00,543.187212600593,3.9090470464800857
montage-feb-3~+00-09-00,534.8201831537365,3.9090470464800857
montage-feb-3~+00-10-00,529.869478800176,3.9090470464800857
montage-feb-3~+00-11-00,488.88205491410497,3.9090470464800857
montage-feb-3~+00-12-00,367.5813210183895,3.9090470464800857
montage-feb-3~+00-13-00,274.25545761368363,3.9090470464800857
montage-feb-3~+00-14-00,235.79424930528572,3.9090470464800857
montage-feb-3~+00-15-00,226.5710192767347,3.9090470464800857
montage-feb-3~+00-16-00,226.16411206959273,3.9090470464800857
montage-feb-3~+00-17-00,246.44165455883382,3.9090470464800857
montage-feb-3~+00-18-00,281.8849677475952,3.9090470464800857
montage-feb-3~+00-19-00,306.95214715423646,3.9090470464800857
montage-feb-3~+00-20-00,355.8742615795756,3.9090470464800857
montage-feb-3~+00-21-00,379.7037648978272,3.9090470464800857
montage-feb-3~+00-22-00,406.71223077187483,3.9090470464800857
montage-feb-3~+00-23-00,469.8930519141467,3.9090470464800857
montage-feb-3~+01-00-00,495.612978298912,3.9090470464800857
