trace,op_ems,emb_ems
chipseq-feb-2,14340.227007885851,93.55153285104065
chipseq-feb-2~+00-01-00,14793.366045480418,93.55153285104065
chipseq-feb-2~+00-02-00,15109.283773241537,93.55153285104065
chipseq-feb-2~+00-03-00,15147.45262568701,93.55153285104065
chipseq-feb-2~+00-04-00,14975.843828374847,93.55153285104065
chipseq-feb-2~+00-05-00,14779.721713908171,93.55153285104065
chipseq-feb-2~+00-06-00,14644.37889269529,93.55153285104065
chipseq-feb-2~+00-07-00,14547.25853097627,93.55153285104065
chipseq-feb-2~+00-08-00,14316.16382702732,93.55153285104065
chipseq-feb-2~+00-09-00,13581.847160118014,93.55153285104065
chipseq-feb-2~+00-10-00,11899.672545301746,93.55153285104065
chipseq-feb-2~+00-11-00,9483.080602207008,93.55153285104065
chipseq-feb-2~+00-12-00,7465.658758238141,93.55153285104065
chipseq-feb-2~+00-13-00,6466.879961836832,93.55153285104065
chipseq-feb-2~+00-14-00,6209.312487326988,93.55153285104065
chipseq-feb-2~+00-15-00,6406.792385454018,93.55153285104065
chipseq-feb-2~+00-16-00,6976.50896837888,93.55153285104065
chipseq-feb-2~+00-17-00,7806.007791057195,93.55153285104065
chipseq-feb-2~+00-18-00,8721.311239641476,93.55153285104065
chipseq-feb-2~+00-19-00,9661.920288470119,93.55153285104065
chipseq-feb-2~+00-20-00,10563.235489803952,93.55153285104065
chipseq-feb-2~+00-21-00,11556.241596342627,93.55153285104065
chipseq-feb-2~+00-22-00,12609.267575011943,93.55153285104065
chipseq-feb-2~+00-23-00,13181.322541807142,93.55153285104065
chipseq-feb-2~+01-00-00,13190.71262149735,93.55153285104065
