trace,op_ems,emb_ems
montage-aug-2,535.9914820854027,4.417620969401983
montage-aug-2~+00-01-00,545.9619034709533,4.417620969401983
montage-aug-2~+00-02-00,554.8797851708886,4.417620969401983
montage-aug-2~+00-03-00,576.2367722462711,4.417620969401983
montage-aug-2~+00-04-00,579.882386975536,4.417620969401983
montage-aug-2~+00-05-00,588.0347852677523,4.417620969401983
montage-aug-2~+00-06-00,599.1055890519002,4.417620969401983
montage-aug-2~+00-07-00,601.0192975711994,4.417620969401983
montage-aug-2~+00-08-00,609.717102791416,4.417620969401983
montage-aug-2~+00-09-00,614.7118820267874,4.417620969401983
montage-aug-2~+00-10-00,620.3286165309315,4.417620969401983
montage-aug-2~+00-11-00,627.3710638819533,4.417620969401983
montage-aug-2~+00-12-00,598.483633783128,4.417620969401983
montage-aug-2~+00-13-00,576.8491589724471,4.417620969401983
montage-aug-2~+00-14-00,544.6318760500401,4.417620969401983
montage-aug-2~+00-15-00,524.2795859472899,4.417620969401983
montage-aug-2~+00-16-00,512.9695685982299,4.417620969401983
montage-aug-2~+00-17-00,496.5595180452368,4.417620969401983
montage-aug-2~+00-18-00,495.583526700394,4.417620969401983
montage-aug-2~+00-19-00,479.2021817751902,4.417620969401983
montage-aug-2~+00-20-00,494.23436219428766,4.417620969401983
montage-aug-2~+00-21-00,514.1560678801957,4.417620969401983
montage-aug-2~+00-22-00,537.761662465755,4.417620969401983
montage-aug-2~+00-23-00,553.7698342296952,4.417620969401983
montage-aug-2~+01-00-00,542.5937764769857,4.417620969401983
