trace,op_ems,emb_ems
sarek-aug-3,31965.190840222833,183.31733251806511
sarek-aug-3~+00-01-00,32737.670584361644,183.31733251806511
sarek-aug-3~+00-02-00,33152.650458113996,183.31733251806511
sarek-aug-3~+00-03-00,33728.674573965625,183.31733251806511
sarek-aug-3~+00-04-00,34239.88181641093,183.31733251806511
sarek-aug-3~+00-05-00,34570.41310317975,183.31733251806511
sarek-aug-3~+00-06-00,34862.574079187616,183.31733251806511
sarek-aug-3~+00-07-00,35115.264048545665,183.31733251806511
sarek-aug-3~+00-08-00,34608.38358280912,183.31733251806511
sarek-aug-3~+00-09-00,34305.26479850422,183.31733251806511
sarek-aug-3~+00-10-00,34002.71561655327,183.31733251806511
sarek-aug-3~+00-11-00,33361.61853715278,183.31733251806511
sarek-aug-3~+00-12-00,33155.62193234872,183.31733251806511
sarek-aug-3~+00-13-00,33381.06275649076,183.31733251806511
sarek-aug-3~+00-14-00,33536.626554578725,183.31733251806511
sarek-aug-3~+00-15-00,34134.44786446886,183.31733251806511
sarek-aug-3~+00-16-00,34626.27567848013,183.31733251806511
sarek-aug-3~+00-17-00,35007.743029034325,183.31733251806511
sarek-aug-3~+00-18-00,34705.6337531865,183.31733251806511
sarek-aug-3~+00-19-00,34011.2431366247,183.31733251806511
sarek-aug-3~+00-20-00,33324.22673182644,183.31733251806511
sarek-aug-3~+00-21-00,32627.400783392684,183.31733251806511
sarek-aug-3~+00-22-00,32304.063996589684,183.31733251806511
sarek-aug-3~+00-23-00,32534.018520170554,183.31733251806511
sarek-aug-3~+01-00-00,32960.07777273547,183.31733251806511
