trace,op_ems,emb_ems
sarek-dec-1,27256.4619168223,180.2085610425426
sarek-dec-1~+00-01-00,28158.09237767201,180.2085610425426
sarek-dec-1~+00-02-00,28920.468842873266,180.2085610425426
sarek-dec-1~+00-03-00,29603.35195946656,180.2085610425426
sarek-dec-1~+00-04-00,30114.3793323824,180.2085610425426
sarek-dec-1~+00-05-00,30255.64868821911,180.2085610425426
sarek-dec-1~+00-06-00,29685.55094127473,180.2085610425426
sarek-dec-1~+00-07-00,27755.65874422701,180.2085610425426
sarek-dec-1~+00-08-00,24897.194771513863,180.2085610425426
sarek-dec-1~+00-09-00,21824.716509979866,180.2085610425426
sarek-dec-1~+00-10-00,18344.07332783759,180.2085610425426
sarek-dec-1~+00-11-00,15749.562155278005,180.2085610425426
sarek-dec-1~+00-12-00,13877.152644277581,180.2085610425426
sarek-dec-1~+00-13-00,12021.539757628852,180.2085610425426
sarek-dec-1~+00-14-00,10955.923120979287,180.2085610425426
sarek-dec-1~+00-15-00,10674.818456292378,180.2085610425426
sarek-dec-1~+00-16-00,10968.57853214412,180.2085610425426
sarek-dec-1~+00-17-00,12238.542253938078,180.2085610425426
sarek-dec-1~+00-18-00,14422.68617252901,180.2085610425426
sarek-dec-1~+00-19-00,17173.496728030386,180.2085610425426
sarek-dec-1~+00-20-00,19857.687926746425,180.2085610425426
sarek-dec-1~+00-21-00,21807.912391896487,180.2085610425426
sarek-dec-1~+00-22-00,23301.298464864714,180.2085610425426
sarek-dec-1~+00-23-00,24393.68656234207,180.2085610425426
sarek-dec-1~+01-00-00,25071.483283405916,180.2085610425426
