trace,op_ems,emb_ems
sarek-mar-3,28318.15920109429,179.93408696821612
sarek-mar-3~+00-01-00,28793.972800437714,179.93408696821612
sarek-mar-3~+00-02-00,29037.146932361597,179.93408696821612
sarek-mar-3~+00-03-00,28862.0481064771,179.93408696821612
sarek-mar-3~+00-04-00,28434.807786129604,179.93408696821612
sarek-mar-3~+00-05-00,27666.440261946405,179.93408696821612
sarek-mar-3~+00-06-00,26991.590047331054,179.93408696821612
sarek-mar-3~+00-07-00,26156.329898375527,179.93408696821612
sarek-mar-3~+00-08-00,23835.853964095688,179.93408696821612
sarek-mar-3~+00-09-00,20995.797288293223,179.93408696821612
sarek-mar-3~+00-10-00,18098.46914593383,179.93408696821612
sarek-mar-3~+00-11-00,15099.318652027147,179.93408696821612
sarek-mar-3~+00-12-00,12725.103438943972,179.93408696821612
sarek-mar-3~+00-13-00,11671.175355934094,179.93408696821612
sarek-mar-3~+00-14-00,11552.119054838839,179.93408696821612
sarek-mar-3~+00-15-00,12125.864172306954,179.93408696821612
sarek-mar-3~+00-16-00,13422.026643905281,179.93408696821612
sarek-mar-3~+00-17-00,15154.984439007818,179.93408696821612
sarek-mar-3~+00-18-00,17183.509182839785,179.93408696821612
sarek-mar-3~+00-19-00,19522.518761905725,179.93408696821612
sarek-mar-3~+00-20-00,21572.271674676085,179.93408696821612
sarek-mar-3~+00-21-00,23324.212042973824,179.93408696821612
sarek-mar-3~+00-22-00,24740.99497020258,179.93408696821612
sarek-mar-3~+00-23-00,25408.824059998387,179.93408696821612
sarek-mar-3~+01-00-00,25875.194573565223,179.93408696821612
