trace,op_ems,emb_ems
chipseq-dec-3,19431.48114299363,100.15869459141447
chipseq-dec-3~+00-01-00,19548.861019292326,100.15869459141447
chipseq-dec-3~+00-02-00,19666.985391698865,100.15869459141447
chipseq-dec-3~+00-03-00,19686.759946039867,100.15869459141447
chipseq-dec-3~+00-04-00,19953.7360153495,100.15869459141447
chipseq-dec-3~+00-05-00,20505.063877985518,100.15869459141447
chipseq-dec-3~+00-06-00,20451.695572330493,100.15869459141447
chipseq-dec-3~+00-07-00,19545.65971227098,100.15869459141447
chipseq-dec-3~+00-08-00,19409.857192678737,100.15869459141447
chipseq-dec-3~+00-09-00,19923.67825897371,100.15869459141447
chipseq-dec-3~+00-10-00,20140.808764296005,100.15869459141447
chipseq-dec-3~+00-11-00,19530.480012608412,100.15869459141447
chipseq-dec-3~+00-12-00,16125.4968345075,100.15869459141447
chipseq-dec-3~+00-13-00,9437.290229283846,100.15869459141447
chipseq-dec-3~+00-14-00,15255.08772464495,100.15869459141447
chipseq-dec-3~+00-15-00,17690.266319188566,100.15869459141447
chipseq-dec-3~+00-16-00,18777.85333625068,100.15869459141447
chipseq-dec-3~+00-17-00,18186.428487612735,100.15869459141447
chipseq-dec-3~+00-18-00,14815.54651326183,100.15869459141447
chipseq-dec-3~+00-19-00,18601.919444664843,100.15869459141447
chipseq-dec-3~+00-20-00,20120.908383761187,100.15869459141447
chipseq-dec-3~+00-21-00,19532.55703479214,100.15869459141447
chipseq-dec-3~+00-22-00,19315.618487845677,100.15869459141447
chipseq-dec-3~+00-23-00,19284.449879161864,100.15869459141447
chipseq-dec-3~+01-00-00,19431.48114299363,100.15869459141447
