trace,op_ems,emb_ems
nanoseq-mar-3,236.59864262299442,2.2487745329175857
nanoseq-mar-3~+00-01-00,241.06416192643053,2.2487745329175857
nanoseq-mar-3~+00-02-00,242.95868854708726,2.2487745329175857
nanoseq-mar-3~+00-03-00,241.7426748059242,2.2487745329175857
nanoseq-mar-3~+00-04-00,237.75662227156846,2.2487745329175857
nanoseq-mar-3~+00-05-00,232.0442434348094,2.2487745329175857
nanoseq-mar-3~+00-06-00,225.75237251233244,2.2487745329175857
nanoseq-mar-3~+00-07-00,216.43254680172655,2.2487745329175857
nanoseq-mar-3~+00-08-00,199.8380258370035,2.2487745329175857
nanoseq-mar-3~+00-09-00,177.512424227887,2.2487745329175857
nanoseq-mar-3~+00-10-00,152.5864718357077,2.2487745329175857
nanoseq-mar-3~+00-11-00,126.46167389981106,2.2487745329175857
nanoseq-mar-3~+00-12-00,106.3952179210848,2.2487745329175857
nanoseq-mar-3~+00-13-00,97.43579322558462,2.2487745329175857
nanoseq-mar-3~+00-14-00,96.59086802063892,2.2487745329175857
nanoseq-mar-3~+00-15-00,101.72152654445199,2.2487745329175857
nanoseq-mar-3~+00-16-00,112.3531187398132,2.2487745329175857
nanoseq-mar-3~+00-17-00,126.68862055844436,2.2487745329175857
nanoseq-mar-3~+00-18-00,143.80357583845043,2.2487745329175857
nanoseq-mar-3~+00-19-00,162.67845294622236,2.2487745329175857
nanoseq-mar-3~+00-20-00,180.42515890530228,2.2487745329175857
nanoseq-mar-3~+00-21-00,195.36996401291364,2.2487745329175857
nanoseq-mar-3~+00-22-00,206.6845735790432,2.2487745329175857
nanoseq-mar-3~+00-23-00,213.21669818236924,2.2487745329175857
nanoseq-mar-3~+01-00-00,216.6326259036726,2.2487745329175857
