trace,op_ems,emb_ems
nanoseq-dec-3,228.53923104720377,2.2487745329175857
nanoseq-dec-3~+00-01-00,235.42647470653569,2.2487745329175857
nanoseq-dec-3~+00-02-00,241.65276926585025,2.2487745329175857
nanoseq-dec-3~+00-03-00,247.2889004113797,2.2487745329175857
nanoseq-dec-3~+00-04-00,251.40536599987445,2.2487745329175857
nanoseq-dec-3~+00-05-00,251.73642031260567,2.2487745329175857
nanoseq-dec-3~+00-06-00,245.43406587122132,2.2487745329175857
nanoseq-dec-3~+00-07-00,230.40629021356537,2.2487745329175857
nanoseq-dec-3~+00-08-00,208.3975772899778,2.2487745329175857
nanoseq-dec-3~+00-09-00,181.63298793255788,2.2487745329175857
nanoseq-dec-3~+00-10-00,153.6732274638058,2.2487745329175857
nanoseq-dec-3~+00-11-00,131.15999804567338,2.2487745329175857
nanoseq-dec-3~+00-12-00,114.23164401116887,2.2487745329175857
nanoseq-dec-3~+00-13-00,100.60812434193068,2.2487745329175857
nanoseq-dec-3~+00-14-00,93.05114901216051,2.2487745329175857
nanoseq-dec-3~+00-15-00,90.18664527455479,2.2487745329175857
nanoseq-dec-3~+00-16-00,92.41965816322785,2.2487745329175857
nanoseq-dec-3~+00-17-00,103.45716079073884,2.2487745329175857
nanoseq-dec-3~+00-18-00,121.67002964049466,2.2487745329175857
nanoseq-dec-3~+00-19-00,143.67265096433013,2.2487745329175857
nanoseq-dec-3~+00-20-00,165.06524860620428,2.2487745329175857
nanoseq-dec-3~+00-21-00,182.60207831586465,2.2487745329175857
nanoseq-dec-3~+00-22-00,195.85590427892083,2.2487745329175857
nanoseq-dec-3~+00-23-00,204.3638529155151,2.2487745329175857
nanoseq-dec-3~+01-00-00,209.20903706418775,2.2487745329175857
