trace,op_ems,emb_ems
chipseq-aug-2,12768.601576826382,93.55153285104065
chipseq-aug-2~+00-01-00,13067.30606782071,93.55153285104065
chipseq-aug-2~+00-02-00,13279.897858060633,93.55153285104065
chipseq-aug-2~+00-03-00,13451.73280279598,93.55153285104065
chipseq-aug-2~+00-04-00,13441.213478264364,93.55153285104065
chipseq-aug-2~+00-05-00,13298.708040575626,93.55153285104065
chipseq-aug-2~+00-06-00,13260.090217655103,93.55153285104065
chipseq-aug-2~+00-07-00,13369.431389334926,93.55153285104065
chipseq-aug-2~+00-08-00,13519.409790114907,93.55153285104065
chipseq-aug-2~+00-09-00,13614.96978831744,93.55153285104065
chipseq-aug-2~+00-10-00,13591.285543487813,93.55153285104065
chipseq-aug-2~+00-11-00,13264.984136840229,93.55153285104065
chipseq-aug-2~+00-12-00,12563.044160269357,93.55153285104065
chipseq-aug-2~+00-13-00,11579.386044554807,93.55153285104065
chipseq-aug-2~+00-14-00,10643.86605752052,93.55153285104065
chipseq-aug-2~+00-15-00,9938.622586749632,93.55153285104065
chipseq-aug-2~+00-16-00,9645.916851885004,93.55153285104065
chipseq-aug-2~+00-17-00,9603.851115436846,93.55153285104065
chipseq-aug-2~+00-18-00,9830.219396741044,93.55153285104065
chipseq-aug-2~+00-19-00,10479.663414233557,93.55153285104065
chipseq-aug-2~+00-20-00,11543.150208339886,93.55153285104065
chipseq-aug-2~+00-21-00,12513.997284967978,93.55153285104065
chipseq-aug-2~+00-22-00,12967.089824580675,93.55153285104065
chipseq-aug-2~+00-23-00,13018.451892207528,93.55153285104065
chipseq-aug-2~+01-00-00,13134.516333123622,93.55153285104065
