trace,op_ems,emb_ems
rnaseq-aug-3,8272.347546975747,61.95465283773145
rnaseq-aug-3~+00-01-00,8475.29959969267,61.95465283773145
rnaseq-aug-3~+00-02-00,8636.378723542024,61.95465283773145
rnaseq-aug-3~+00-03-00,8767.993451269274,61.95465283773145
rnaseq-aug-3~+00-04-00,8821.631909879465,61.95465283773145
rnaseq-aug-3~+00-05-00,8712.579180484025,61.95465283773145
rnaseq-aug-3~+00-06-00,8648.634913230348,61.95465283773145
rnaseq-aug-3~+00-07-00,8699.603992191058,61.95465283773145
rnaseq-aug-3~+00-08-00,8802.474004887657,61.95465283773145
rnaseq-aug-3~+00-09-00,8888.025923909194,61.95465283773145
rnaseq-aug-3~+00-10-00,8918.591833809822,61.95465283773145
rnaseq-aug-3~+00-11-00,8813.867249670302,61.95465283773145
rnaseq-aug-3~+00-12-00,8417.146872833842,61.95465283773145
rnaseq-aug-3~+00-13-00,7825.0046043317,61.95465283773145
rnaseq-aug-3~+00-14-00,7130.837711365966,61.95465283773145
rnaseq-aug-3~+00-15-00,6618.593409981512,61.95465283773145
rnaseq-aug-3~+00-16-00,6308.645061748036,61.95465283773145
rnaseq-aug-3~+00-17-00,6274.964056278153,61.95465283773145
rnaseq-aug-3~+00-18-00,6293.734243644062,61.95465283773145
rnaseq-aug-3~+00-19-00,6629.921632753759,61.95465283773145
rnaseq-aug-3~+00-20-00,7260.027018153519,61.95465283773145
rnaseq-aug-3~+00-21-00,8037.102079241359,61.95465283773145
rnaseq-aug-3~+00-22-00,8435.208523279975,61.95465283773145
rnaseq-aug-3~+00-23-00,8511.271729149767,61.95465283773145
rnaseq-aug-3~+01-00-00,8511.935490914448,61.95465283773145
