trace,op_ems,emb_ems
mag-nov-3,26617.84088890767,170.67367805536568
mag-nov-3~+00-01-00,26835.525289095604,170.67367805536568
mag-nov-3~+00-02-00,26916.715555997773,170.67367805536568
mag-nov-3~+00-03-00,26845.76974754324,170.67367805536568
mag-nov-3~+00-04-00,26887.13529746847,170.67367805536568
mag-nov-3~+00-05-00,27116.464386388336,170.67367805536568
mag-nov-3~+00-06-00,27247.66438912096,170.67367805536568
mag-nov-3~+00-07-00,27342.749963205762,170.67367805536568
mag-nov-3~+00-08-00,27246.46084861456,170.67367805536568
mag-nov-3~+00-09-00,27166.767401479443,170.67367805536568
mag-nov-3~+00-10-00,27205.904024720247,170.67367805536568
mag-nov-3~+00-11-00,27180.012990546864,170.67367805536568
mag-nov-3~+00-12-00,27110.022781101376,170.67367805536568
mag-nov-3~+00-13-00,26915.56826339786,170.67367805536568
mag-nov-3~+00-14-00,26848.656104069174,170.67367805536568
mag-nov-3~+00-15-00,26917.543059653628,170.67367805536568
mag-nov-3~+00-16-00,26961.735145643102,170.67367805536568
mag-nov-3~+00-17-00,26758.088846331248,170.67367805536568
mag-nov-3~+00-18-00,26628.819800844023,170.67367805536568
mag-nov-3~+00-19-00,26771.559413465882,170.67367805536568
mag-nov-3~+00-20-00,26970.01956957783,170.67367805536568
mag-nov-3~+00-21-00,27231.162251246726,170.67367805536568
mag-nov-3~+00-22-00,27285.45462657452,170.67367805536568
mag-nov-3~+00-23-00,27218.28882490921,170.67367805536568
mag-nov-3~+01-00-00,27183.228146035184,170.67367805536568
