trace,op_ems,emb_ems
mag-feb-3,20320.883705109653,170.30505238040828
mag-feb-3~+00-01-00,19309.039947726862,170.30505238040828
mag-feb-3~+00-02-00,18001.858763605716,170.30505238040828
mag-feb-3~+00-03-00,16637.03985332721,170.30505238040828
mag-feb-3~+00-04-00,15539.6930008022,170.30505238040828
mag-feb-3~+00-05-00,14852.702767002766,170.30505238040828
mag-feb-3~+00-06-00,14391.482961846626,170.30505238040828
mag-feb-3~+00-07-00,13948.151935125847,170.30505238040828
mag-feb-3~+00-08-00,13511.62297989219,170.30505238040828
mag-feb-3~+00-09-00,13216.185765892926,170.30505238040828
mag-feb-3~+00-10-00,13032.253127466482,170.30505238040828
mag-feb-3~+00-11-00,13005.414316130154,170.30505238040828
mag-feb-3~+00-12-00,13266.689756041962,170.30505238040828
mag-feb-3~+00-13-00,13821.628656329867,170.30505238040828
mag-feb-3~+00-14-00,14536.424399310561,170.30505238040828
mag-feb-3~+00-15-00,15174.892220739757,170.30505238040828
mag-feb-3~+00-16-00,15748.117817031758,170.30505238040828
mag-feb-3~+00-17-00,16367.249150223115,170.30505238040828
mag-feb-3~+00-18-00,17038.631768398067,170.30505238040828
mag-feb-3~+00-19-00,17672.42897749567,170.30505238040828
mag-feb-3~+00-20-00,18097.172269350973,170.30505238040828
mag-feb-3~+00-21-00,18451.661420137814,170.30505238040828
mag-feb-3~+00-22-00,18905.286014502417,170.30505238040828
mag-feb-3~+00-23-00,19290.967587467712,170.30505238040828
mag-feb-3~+01-00-00,19210.664340508207,170.30505238040828
