trace,op_ems,emb_ems
rnaseq-aug-2,10850.133703387392,61.38903864146787
rnaseq-aug-2~+00-01-00,11082.92695506856,61.38903864146787
rnaseq-aug-2~+00-02-00,11236.87073393776,61.38903864146787
rnaseq-aug-2~+00-03-00,11385.014756933435,61.38903864146787
rnaseq-aug-2~+00-04-00,11609.943270555414,61.38903864146787
rnaseq-aug-2~+00-05-00,11810.977112549337,61.38903864146787
rnaseq-aug-2~+00-06-00,11963.256807992266,61.38903864146787
rnaseq-aug-2~+00-07-00,12093.403483716249,61.38903864146787
rnaseq-aug-2~+00-08-00,12141.69318368822,61.38903864146787
rnaseq-aug-2~+00-09-00,12185.320650159716,61.38903864146787
rnaseq-aug-2~+00-10-00,12115.417234526129,61.38903864146787
rnaseq-aug-2~+00-11-00,11794.595474226917,61.38903864146787
rnaseq-aug-2~+00-12-00,11538.90457720606,61.38903864146787
rnaseq-aug-2~+00-13-00,11527.24557925166,61.38903864146787
rnaseq-aug-2~+00-14-00,11439.024489682803,61.38903864146787
rnaseq-aug-2~+00-15-00,11536.879703116409,61.38903864146787
rnaseq-aug-2~+00-16-00,11716.172770932297,61.38903864146787
rnaseq-aug-2~+00-17-00,11944.910452244672,61.38903864146787
rnaseq-aug-2~+00-18-00,12119.691747548983,61.38903864146787
rnaseq-aug-2~+00-19-00,12273.015278734994,61.38903864146787
rnaseq-aug-2~+00-20-00,12175.60320124174,61.38903864146787
rnaseq-aug-2~+00-21-00,11764.750516461645,61.38903864146787
rnaseq-aug-2~+00-22-00,11254.409104299055,61.38903864146787
rnaseq-aug-2~+00-23-00,11014.103613124224,61.38903864146787
rnaseq-aug-2~+01-00-00,11075.81454684306,61.38903864146787
