trace,op_ems,emb_ems
mag-dec-2,21812.337491326656,170.41523942885257
mag-dec-2~+00-01-00,20977.324571731515,170.41523942885257
mag-dec-2~+00-02-00,19857.536802883722,170.41523942885257
mag-dec-2~+00-03-00,18570.98965535971,170.41523942885257
mag-dec-2~+00-04-00,17539.93567049549,170.41523942885257
mag-dec-2~+00-05-00,16410.295991365736,170.41523942885257
mag-dec-2~+00-06-00,15056.10183752499,170.41523942885257
mag-dec-2~+00-07-00,13803.913732230052,170.41523942885257
mag-dec-2~+00-08-00,12542.57887558733,170.41523942885257
mag-dec-2~+00-09-00,11686.113404153955,170.41523942885257
mag-dec-2~+00-10-00,11251.202727489494,170.41523942885257
mag-dec-2~+00-11-00,11243.743872248848,170.41523942885257
mag-dec-2~+00-12-00,11745.772549484196,170.41523942885257
mag-dec-2~+00-13-00,12363.008221620903,170.41523942885257
mag-dec-2~+00-14-00,13157.739658651239,170.41523942885257
mag-dec-2~+00-15-00,13960.489274667969,170.41523942885257
mag-dec-2~+00-16-00,14703.523008448752,170.41523942885257
mag-dec-2~+00-17-00,15663.88406321312,170.41523942885257
mag-dec-2~+00-18-00,16758.407783500927,170.41523942885257
mag-dec-2~+00-19-00,17854.354094438044,170.41523942885257
mag-dec-2~+00-20-00,18839.47032934758,170.41523942885257
mag-dec-2~+00-21-00,19620.133271260587,170.41523942885257
mag-dec-2~+00-22-00,20232.515510074787,170.41523942885257
mag-dec-2~+00-23-00,20432.162486318353,170.41523942885257
mag-dec-2~+01-00-00,19978.49133132513,170.41523942885257
