trace,op_ems,emb_ems
nanoseq-dec-2,233.39514872910706,2.2810001647780567
nanoseq-dec-2~+00-01-00,240.20747617838717,2.2810001647780567
nanoseq-dec-2~+00-02-00,246.36515083824156,2.2810001647780567
nanoseq-dec-2~+00-03-00,251.90826627596232,2.2810001647780567
nanoseq-dec-2~+00-04-00,255.51864052716982,2.2810001647780567
nanoseq-dec-2~+00-05-00,254.693994649625,2.2810001647780567
nanoseq-dec-2~+00-06-00,246.31722637246813,2.2810001647780567
nanoseq-dec-2~+00-07-00,229.07685471288195,2.2810001647780567
nanoseq-dec-2~+00-08-00,205.85943390096017,2.2810001647780567
nanoseq-dec-2~+00-09-00,177.81902432571894,2.2810001647780567
nanoseq-dec-2~+00-10-00,150.13429638346602,2.2810001647780567
nanoseq-dec-2~+00-11-00,129.10292454183076,2.2810001647780567
nanoseq-dec-2~+00-12-00,112.40614224877265,2.2810001647780567
nanoseq-dec-2~+00-13-00,99.53277613800667,2.2810001647780567
nanoseq-dec-2~+00-14-00,93.60912850907916,2.2810001647780567
nanoseq-dec-2~+00-15-00,91.30871756798335,2.2810001647780567
nanoseq-dec-2~+00-16-00,95.30500420523369,2.2810001647780567
nanoseq-dec-2~+00-17-00,108.51688459425455,2.2810001647780567
nanoseq-dec-2~+00-18-00,128.09840439832126,2.2810001647780567
nanoseq-dec-2~+00-19-00,150.81054191086216,2.2810001647780567
nanoseq-dec-2~+00-20-00,171.58061141480886,2.2810001647780567
nanoseq-dec-2~+00-21-00,188.42012375729504,2.2810001647780567
nanoseq-dec-2~+00-22-00,200.99647808821982,2.2810001647780567
nanoseq-dec-2~+00-23-00,208.59834435959306,2.2810001647780567
nanoseq-dec-2~+01-00-00,212.9953450620505,2.2810001647780567
