trace,op_ems,emb_ems
sarek-jan-1,26546.464274419086,180.2085610425426
sarek-jan-1~+00-01-00,26900.315452805575,180.2085610425426
sarek-jan-1~+00-02-00,27246.261463689134,180.2085610425426
sarek-jan-1~+00-03-00,27553.67754314064,180.2085610425426
sarek-jan-1~+00-04-00,27792.136018647005,180.2085610425426
sarek-jan-1~+00-05-00,28054.38247910575,180.2085610425426
sarek-jan-1~+00-06-00,28170.444722291017,180.2085610425426
sarek-jan-1~+00-07-00,27400.22405304098,180.2085610425426
sarek-jan-1~+00-08-00,25617.523586873966,180.2085610425426
sarek-jan-1~+00-09-00,23367.257690974664,180.2085610425426
sarek-jan-1~+00-10-00,20927.085688569885,180.2085610425426
sarek-jan-1~+00-11-00,18376.87588151896,180.2085610425426
sarek-jan-1~+00-12-00,16351.674013603635,180.2085610425426
sarek-jan-1~+00-13-00,15195.504598471349,180.2085610425426
sarek-jan-1~+00-14-00,15008.25150840223,180.2085610425426
sarek-jan-1~+00-15-00,15155.11720030357,180.2085610425426
sarek-jan-1~+00-16-00,15837.893477854423,180.2085610425426
sarek-jan-1~+00-17-00,16920.53186948092,180.2085610425426
sarek-jan-1~+00-18-00,18097.099175421277,180.2085610425426
sarek-jan-1~+00-19-00,19635.23142868521,180.2085610425426
sarek-jan-1~+00-20-00,21440.935310832618,180.2085610425426
sarek-jan-1~+00-21-00,22781.430970359535,180.2085610425426
sarek-jan-1~+00-22-00,23806.34116866524,180.2085610425426
sarek-jan-1~+00-23-00,24693.1521902008,180.2085610425426
sarek-jan-1~+01-00-00,25241.875929901642,180.2085610425426
