trace,op_ems,emb_ems
mag-oct-1,26752.506714228082,171.36263744391223
mag-oct-1~+00-01-00,26989.611050725885,171.36263744391223
mag-oct-1~+00-02-00,27094.261708752274,171.36263744391223
mag-oct-1~+00-03-00,27188.1887951619,171.36263744391223
mag-oct-1~+00-04-00,27111.36754060507,171.36263744391223
mag-oct-1~+00-05-00,27019.13929989757,171.36263744391223
mag-oct-1~+00-06-00,27075.59322146819,171.36263744391223
mag-oct-1~+00-07-00,27052.022541555507,171.36263744391223
mag-oct-1~+00-08-00,27187.697970336096,171.36263744391223
mag-oct-1~+00-09-00,27337.21436245428,171.36263744391223
mag-oct-1~+00-10-00,27267.78749922953,171.36263744391223
mag-oct-1~+00-11-00,27250.67771788477,171.36263744391223
mag-oct-1~+00-12-00,26996.87180487216,171.36263744391223
mag-oct-1~+00-13-00,26486.88089927954,171.36263744391223
mag-oct-1~+00-14-00,26454.42301526537,171.36263744391223
mag-oct-1~+00-15-00,26220.820363217994,171.36263744391223
mag-oct-1~+00-16-00,26245.714637451027,171.36263744391223
mag-oct-1~+00-17-00,26638.08998615104,171.36263744391223
mag-oct-1~+00-18-00,26669.784680945573,171.36263744391223
mag-oct-1~+00-19-00,26766.23906279748,171.36263744391223
mag-oct-1~+00-20-00,26452.352749823986,171.36263744391223
mag-oct-1~+00-21-00,26054.87617690872,171.36263744391223
mag-oct-1~+00-22-00,26101.267713103112,171.36263744391223
mag-oct-1~+00-23-00,26153.606488974263,171.36263744391223
mag-oct-1~+01-00-00,26394.479598673566,171.36263744391223
