trace,op_ems,emb_ems
montage-jun-1,830.0276677292253,5.110399681598096
montage-jun-1~+00-01-00,870.3449246122372,5.110399681598096
montage-jun-1~+00-02-00,870.3449246122372,5.110399681598096
montage-jun-1~+00-03-00,874.3283839338146,5.110399681598096
montage-jun-1~+00-04-00,875.4987396216948,5.110399681598096
montage-jun-1~+00-05-00,873.4280899926666,5.110399681598096
montage-jun-1~+00-06-00,871.1356421955533,5.110399681598096
montage-jun-1~+00-07-00,866.068851622432,5.110399681598096
montage-jun-1~+00-08-00,900.1127995628235,5.110399681598096
montage-jun-1~+00-09-00,907.4597783707442,5.110399681598096
montage-jun-1~+00-10-00,911.6825869476324,5.110399681598096
montage-jun-1~+00-11-00,885.1867123677531,5.110399681598096
montage-jun-1~+00-12-00,904.6064224242157,5.110399681598096
montage-jun-1~+00-13-00,887.2256328190666,5.110399681598096
montage-jun-1~+00-14-00,514.2774344281745,5.110399681598096
montage-jun-1~+00-15-00,594.4717240220925,5.110399681598096
montage-jun-1~+00-16-00,838.2752556715748,5.110399681598096
montage-jun-1~+00-17-00,34.00944904206574,5.110399681598096
montage-jun-1~+00-18-00,0.0,5.110399681598096
montage-jun-1~+00-19-00,2.3158298020126784,5.110399681598096
montage-jun-1~+00-20-00,866.7902236861573,5.110399681598096
montage-jun-1~+00-21-00,373.28421910168964,5.110399681598096
montage-jun-1~+00-22-00,895.3560111873849,5.110399681598096
montage-jun-1~+00-23-00,848.7558031060828,5.110399681598096
montage-jun-1~+01-00-00,831.949565064794,5.110399681598096
