trace,op_ems,emb_ems
nanoseq-feb-1,226.45034593620667,2.2463699711004637
nanoseq-feb-1~+00-01-00,229.9435528366455,2.2463699711004637
nanoseq-feb-1~+00-02-00,231.10665773804052,2.2463699711004637
nanoseq-feb-1~+00-03-00,230.08014403776158,2.2463699711004637
nanoseq-feb-1~+00-04-00,227.8558842666799,2.2463699711004637
nanoseq-feb-1~+00-05-00,225.43959103867095,2.2463699711004637
nanoseq-feb-1~+00-06-00,222.36125308761774,2.2463699711004637
nanoseq-feb-1~+00-07-00,214.74711605401373,2.2463699711004637
nanoseq-feb-1~+00-08-00,198.43407586537225,2.2463699711004637
nanoseq-feb-1~+00-09-00,175.03235416375088,2.2463699711004637
nanoseq-feb-1~+00-10-00,148.51874127377698,2.2463699711004637
nanoseq-feb-1~+00-11-00,123.08569953186962,2.2463699711004637
nanoseq-feb-1~+00-12-00,105.6555655755624,2.2463699711004637
nanoseq-feb-1~+00-13-00,99.79175501225663,2.2463699711004637
nanoseq-feb-1~+00-14-00,102.41330797587425,2.2463699711004637
nanoseq-feb-1~+00-15-00,110.18466548062148,2.2463699711004637
nanoseq-feb-1~+00-16-00,121.7672246495529,2.2463699711004637
nanoseq-feb-1~+00-17-00,135.01573591805302,2.2463699711004637
nanoseq-feb-1~+00-18-00,149.08155831584935,2.2463699711004637
nanoseq-feb-1~+00-19-00,164.56076652736513,2.2463699711004637
nanoseq-feb-1~+00-20-00,178.80550926234315,2.2463699711004637
nanoseq-feb-1~+00-21-00,189.84165548717522,2.2463699711004637
nanoseq-feb-1~+00-22-00,197.9140963130138,2.2463699711004637
nanoseq-feb-1~+00-23-00,201.72624643213967,2.2463699711004637
nanoseq-feb-1~+01-00-00,201.87032281623294,2.2463699711004637
