trace,op_ems,emb_ems
mag-may-3,25890.177703962592,170.67367805536568
mag-may-3~+00-01-00,25772.89233673549,170.67367805536568
mag-may-3~+00-02-00,25847.640189050733,170.67367805536568
mag-may-3~+00-03-00,25952.707380032996,170.67367805536568
mag-may-3~+00-04-00,25936.70511156767,170.67367805536568
mag-may-3~+00-05-00,25867.011956458853,170.67367805536568
mag-may-3~+00-06-00,25857.428416354276,170.67367805536568
mag-may-3~+00-07-00,25772.019163270787,170.67367805536568
mag-may-3~+00-08-00,25949.826868003816,170.67367805536568
mag-may-3~+00-09-00,25969.587162479784,170.67367805536568
mag-may-3~+00-10-00,25978.452382662777,170.67367805536568
mag-may-3~+00-11-00,25936.690697663795,170.67367805536568
mag-may-3~+00-12-00,25732.79432859221,170.67367805536568
mag-may-3~+00-13-00,25707.32483459807,170.67367805536568
mag-may-3~+00-14-00,25543.276670370327,170.67367805536568
mag-may-3~+00-15-00,25490.839445925616,170.67367805536568
mag-may-3~+00-16-00,25553.450373364187,170.67367805536568
mag-may-3~+00-17-00,25678.969701900918,170.67367805536568
mag-may-3~+00-18-00,25638.39621275435,170.67367805536568
mag-may-3~+00-19-00,25606.137934093007,170.67367805536568
mag-may-3~+00-20-00,25656.77977007181,170.67367805536568
mag-may-3~+00-21-00,25700.691447142526,170.67367805536568
mag-may-3~+00-22-00,25701.292785023066,170.67367805536568
mag-may-3~+00-23-00,25792.823486673165,170.67367805536568
mag-may-3~+01-00-00,25799.401758426087,170.67367805536568
