trace,op_ems,emb_ems
chipseq-jun-2,14107.603269029209,93.55153285104065
chipseq-jun-2~+00-01-00,14473.134394583763,93.55153285104065
chipseq-jun-2~+00-02-00,14788.162441064642,93.55153285104065
chipseq-jun-2~+00-03-00,14990.168593747334,93.55153285104065
chipseq-jun-2~+00-04-00,15063.508281786793,93.55153285104065
chipseq-jun-2~+00-05-00,15022.605389811642,93.55153285104065
chipseq-jun-2~+00-06-00,14934.848145699303,93.55153285104065
chipseq-jun-2~+00-07-00,14803.13552530539,93.55153285104065
chipseq-jun-2~+00-08-00,14581.592493539014,93.55153285104065
chipseq-jun-2~+00-09-00,14339.133243470846,93.55153285104065
chipseq-jun-2~+00-10-00,14121.379857123751,93.55153285104065
chipseq-jun-2~+00-11-00,13740.960256678081,93.55153285104065
chipseq-jun-2~+00-12-00,13034.423426497775,93.55153285104065
chipseq-jun-2~+00-13-00,12064.443796254554,93.55153285104065
chipseq-jun-2~+00-14-00,10964.460964786056,93.55153285104065
chipseq-jun-2~+00-15-00,10105.165233615044,93.55153285104065
chipseq-jun-2~+00-16-00,9661.471920599577,93.55153285104065
chipseq-jun-2~+00-17-00,9588.75276401445,93.55153285104065
chipseq-jun-2~+00-18-00,9876.549544956588,93.55153285104065
chipseq-jun-2~+00-19-00,10531.242227626617,93.55153285104065
chipseq-jun-2~+00-20-00,11527.183866376085,93.55153285104065
chipseq-jun-2~+00-21-00,12220.058350859768,93.55153285104065
chipseq-jun-2~+00-22-00,12200.572206828245,93.55153285104065
chipseq-jun-2~+00-23-00,12106.642403313184,93.55153285104065
chipseq-jun-2~+01-00-00,12518.240000371194,93.55153285104065
