trace,op_ems,emb_ems
nanoseq-jan-3,221.9246799223061,2.2487745329175857
nanoseq-jan-3~+00-01-00,224.75371201471347,2.2487745329175857
nanoseq-jan-3~+00-02-00,227.8259996890591,2.2487745329175857
nanoseq-jan-3~+00-03-00,230.3764310797355,2.2487745329175857
nanoseq-jan-3~+00-04-00,232.53979317454142,2.2487745329175857
nanoseq-jan-3~+00-05-00,234.26364403272515,2.2487745329175857
nanoseq-jan-3~+00-06-00,233.44771676944907,2.2487745329175857
nanoseq-jan-3~+00-07-00,226.8675068643681,2.2487745329175857
nanoseq-jan-3~+00-08-00,213.82099897097532,2.2487745329175857
nanoseq-jan-3~+00-09-00,195.8000474210633,2.2487745329175857
nanoseq-jan-3~+00-10-00,174.16190987941422,2.2487745329175857
nanoseq-jan-3~+00-11-00,152.9822785582953,2.2487745329175857
nanoseq-jan-3~+00-12-00,137.1167827311854,2.2487745329175857
nanoseq-jan-3~+00-13-00,128.21829459238273,2.2487745329175857
nanoseq-jan-3~+00-14-00,125.00999033248713,2.2487745329175857
nanoseq-jan-3~+00-15-00,126.64773969550177,2.2487745329175857
nanoseq-jan-3~+00-16-00,132.95473731340553,2.2487745329175857
nanoseq-jan-3~+00-17-00,142.15271964746867,2.2487745329175857
nanoseq-jan-3~+00-18-00,152.33356526790334,2.2487745329175857
nanoseq-jan-3~+00-19-00,164.89355708322597,2.2487745329175857
nanoseq-jan-3~+00-20-00,178.3940657517237,2.2487745329175857
nanoseq-jan-3~+00-21-00,190.01271461380114,2.2487745329175857
nanoseq-jan-3~+00-22-00,199.86786080916005,2.2487745329175857
nanoseq-jan-3~+00-23-00,206.98338752934058,2.2487745329175857
nanoseq-jan-3~+01-00-00,210.97091782124582,2.2487745329175857
