trace,op_ems,emb_ems
chipseq-jul-1,18095.706661608838,100.71517209432965
chipseq-jul-1~+00-01-00,18223.714211223953,100.71517209432965
chipseq-jul-1~+00-02-00,18588.699869810283,100.71517209432965
chipseq-jul-1~+00-03-00,18603.8581129148,100.71517209432965
chipseq-jul-1~+00-04-00,18729.753634387023,100.71517209432965
chipseq-jul-1~+00-05-00,18821.466106919655,100.71517209432965
chipseq-jul-1~+00-06-00,19034.742963822988,100.71517209432965
chipseq-jul-1~+00-07-00,19222.212824023234,100.71517209432965
chipseq-jul-1~+00-08-00,19362.34380755279,100.71517209432965
chipseq-jul-1~+00-09-00,19339.796975700832,100.71517209432965
chipseq-jul-1~+00-10-00,19100.241372624452,100.71517209432965
chipseq-jul-1~+00-11-00,19041.34785619347,100.71517209432965
chipseq-jul-1~+00-12-00,19072.490592883194,100.71517209432965
chipseq-jul-1~+00-13-00,18995.36364475572,100.71517209432965
chipseq-jul-1~+00-14-00,18869.19103917915,100.71517209432965
chipseq-jul-1~+00-15-00,18812.193652146605,100.71517209432965
chipseq-jul-1~+00-16-00,18893.16040827818,100.71517209432965
chipseq-jul-1~+00-17-00,19119.66057468681,100.71517209432965
chipseq-jul-1~+00-18-00,19064.68195706756,100.71517209432965
chipseq-jul-1~+00-19-00,19237.79922090416,100.71517209432965
chipseq-jul-1~+00-20-00,19105.47351745018,100.71517209432965
chipseq-jul-1~+00-21-00,18725.707463598326,100.71517209432965
chipseq-jul-1~+00-22-00,18372.954680652463,100.71517209432965
chipseq-jul-1~+00-23-00,18167.34038193158,100.71517209432965
chipseq-jul-1~+01-00-00,18257.195219104247,100.71517209432965
