trace,op_ems,emb_ems
chipseq-feb-2,17244.12473842102,98.55920482780722
chipseq-feb-2~+00-01-00,17258.18995855073,98.55920482780722
chipseq-feb-2~+00-02-00,18546.04261372951,98.55920482780722
chipseq-feb-2~+00-03-00,19760.150114244712,98.55920482780722
chipseq-feb-2~+00-04-00,19809.26195935875,98.55920482780722
chipseq-feb-2~+00-05-00,19692.9749785482,98.55920482780722
chipseq-feb-2~+00-06-00,19847.028826010446,98.55920482780722
chipseq-feb-2~+00-07-00,20024.3008619577,98.55920482780722
chipseq-feb-2~+00-08-00,20131.008371860324,98.55920482780722
chipseq-feb-2~+00-09-00,19970.113925735317,98.55920482780722
chipseq-feb-2~+00-10-00,19424.821819708803,98.55920482780722
chipseq-feb-2~+00-11-00,19361.0639059191,98.55920482780722
chipseq-feb-2~+00-12-00,18139.505800250197,98.55920482780722
chipseq-feb-2~+00-13-00,19548.498495793934,98.55920482780722
chipseq-feb-2~+00-14-00,19892.730911770137,98.55920482780722
chipseq-feb-2~+00-15-00,19092.50634780307,98.55920482780722
chipseq-feb-2~+00-16-00,18348.21229866007,98.55920482780722
chipseq-feb-2~+00-17-00,16837.372406664224,98.55920482780722
chipseq-feb-2~+00-18-00,16951.668939075545,98.55920482780722
chipseq-feb-2~+00-19-00,18841.34677411341,98.55920482780722
chipseq-feb-2~+00-20-00,19018.029423343083,98.55920482780722
chipseq-feb-2~+00-21-00,18115.026412261228,98.55920482780722
chipseq-feb-2~+00-22-00,17730.452987669618,98.55920482780722
chipseq-feb-2~+00-23-00,17363.50135576619,98.55920482780722
chipseq-feb-2~+01-00-00,17818.93362557507,98.55920482780722
