trace,op_ems,emb_ems
sarek-nov-3,34538.975460338275,183.31733251806511
sarek-nov-3~+00-01-00,34566.39985713306,183.31733251806511
sarek-nov-3~+00-02-00,34646.911566360184,183.31733251806511
sarek-nov-3~+00-03-00,34481.172278013655,183.31733251806511
sarek-nov-3~+00-04-00,34188.56289947049,183.31733251806511
sarek-nov-3~+00-05-00,34026.711796372314,183.31733251806511
sarek-nov-3~+00-06-00,34103.15817243902,183.31733251806511
sarek-nov-3~+00-07-00,34497.89614797367,183.31733251806511
sarek-nov-3~+00-08-00,34794.90842217174,183.31733251806511
sarek-nov-3~+00-09-00,35200.50167191703,183.31733251806511
sarek-nov-3~+00-10-00,35309.565597362394,183.31733251806511
sarek-nov-3~+00-11-00,35585.883933005854,183.31733251806511
sarek-nov-3~+00-12-00,36173.473199299326,183.31733251806511
sarek-nov-3~+00-13-00,36041.03994347985,183.31733251806511
sarek-nov-3~+00-14-00,36098.463264213446,183.31733251806511
sarek-nov-3~+00-15-00,35760.729888513524,183.31733251806511
sarek-nov-3~+00-16-00,35774.18655324908,183.31733251806511
sarek-nov-3~+00-17-00,35393.81250364796,183.31733251806511
sarek-nov-3~+00-18-00,34861.76735240086,183.31733251806511
sarek-nov-3~+00-19-00,34426.370558647846,183.31733251806511
sarek-nov-3~+00-20-00,34356.2861410978,183.31733251806511
sarek-nov-3~+00-21-00,34187.35249697994,183.31733251806511
sarek-nov-3~+00-22-00,34232.10225483055,183.31733251806511
sarek-nov-3~+00-23-00,34362.84747928554,183.31733251806511
sarek-nov-3~+01-00-00,34476.696858123985,183.31733251806511
