trace,op_ems,emb_ems
rangeland-aug-3,6405.648739971849,56.21086774659671
rangeland-aug-3~+00-01-00,6459.125363324874,56.21086774659671
rangeland-aug-3~+00-02-00,6505.512750716278,56.21086774659671
rangeland-aug-3~+00-03-00,6536.239571528745,56.21086774659671
rangeland-aug-3~+00-04-00,6570.939568730736,56.21086774659671
rangeland-aug-3~+00-05-00,6584.966814622631,56.21086774659671
rangeland-aug-3~+00-06-00,6580.984664053968,56.21086774659671
rangeland-aug-3~+00-07-00,6551.402461147442,56.21086774659671
rangeland-aug-3~+00-08-00,6423.433980154725,56.21086774659671
rangeland-aug-3~+00-09-00,6251.531636410225,56.21086774659671
rangeland-aug-3~+00-10-00,5959.153673993772,56.21086774659671
rangeland-aug-3~+00-11-00,5712.415236665034,56.21086774659671
rangeland-aug-3~+00-12-00,5409.851035420952,56.21086774659671
rangeland-aug-3~+00-13-00,5166.112754025273,56.21086774659671
rangeland-aug-3~+00-14-00,4954.496136058315,56.21086774659671
rangeland-aug-3~+00-15-00,4969.142283009036,56.21086774659671
rangeland-aug-3~+00-16-00,5096.894419842294,56.21086774659671
rangeland-aug-3~+00-17-00,5360.157775369081,56.21086774659671
rangeland-aug-3~+00-18-00,5548.262994622572,56.21086774659671
rangeland-aug-3~+00-19-00,5798.721733166011,56.21086774659671
rangeland-aug-3~+00-20-00,6039.619014238143,56.21086774659671
rangeland-aug-3~+00-21-00,6313.960328118867,56.21086774659671
rangeland-aug-3~+00-22-00,6481.718182238261,56.21086774659671
rangeland-aug-3~+00-23-00,6590.95517696729,56.21086774659671
rangeland-aug-3~+01-00-00,6667.451016135301,56.21086774659671
