trace,op_ems,emb_ems
mag-nov-2,20278.964254987422,170.41523942885257
mag-nov-2~+00-01-00,19554.202694988817,170.41523942885257
mag-nov-2~+00-02-00,18625.253839856894,170.41523942885257
mag-nov-2~+00-03-00,17567.07967183972,170.41523942885257
mag-nov-2~+00-04-00,16720.750623155218,170.41523942885257
mag-nov-2~+00-05-00,15939.194551986746,170.41523942885257
mag-nov-2~+00-06-00,15161.545302990837,170.41523942885257
mag-nov-2~+00-07-00,14431.613972838308,170.41523942885257
mag-nov-2~+00-08-00,13770.673066818727,170.41523942885257
mag-nov-2~+00-09-00,13280.227798185151,170.41523942885257
mag-nov-2~+00-10-00,12931.956788302707,170.41523942885257
mag-nov-2~+00-11-00,12780.479222477423,170.41523942885257
mag-nov-2~+00-12-00,12987.626176210675,170.41523942885257
mag-nov-2~+00-13-00,13290.789121287296,170.41523942885257
mag-nov-2~+00-14-00,13666.282752522433,170.41523942885257
mag-nov-2~+00-15-00,14340.283982598534,170.41523942885257
mag-nov-2~+00-16-00,15019.386757128184,170.41523942885257
mag-nov-2~+00-17-00,15877.746119650188,170.41523942885257
mag-nov-2~+00-18-00,16758.38495300553,170.41523942885257
mag-nov-2~+00-19-00,17533.015237579333,170.41523942885257
mag-nov-2~+00-20-00,18187.54708095026,170.41523942885257
mag-nov-2~+00-21-00,18683.09223180923,170.41523942885257
mag-nov-2~+00-22-00,19279.138566558664,170.41523942885257
mag-nov-2~+00-23-00,19654.08973155957,170.41523942885257
mag-nov-2~+01-00-00,19526.642948208413,170.41523942885257
