trace,op_ems,emb_ems
rangeland-apr-1,8811.905112302367,56.33951064719725
rangeland-apr-1~+00-01-00,9019.512176051485,56.33951064719725
rangeland-apr-1~+00-02-00,9005.852997093916,56.33951064719725
rangeland-apr-1~+00-03-00,8984.266779827,56.33951064719725
rangeland-apr-1~+00-04-00,8954.386990137584,56.33951064719725
rangeland-apr-1~+00-05-00,9055.15121983827,56.33951064719725
rangeland-apr-1~+00-06-00,9074.951881911145,56.33951064719725
rangeland-apr-1~+00-07-00,9088.19477575555,56.33951064719725
rangeland-apr-1~+00-08-00,9113.579987255785,56.33951064719725
rangeland-apr-1~+00-09-00,8720.229899079352,56.33951064719725
rangeland-apr-1~+00-10-00,6891.60490748159,56.33951064719725
rangeland-apr-1~+00-11-00,5706.15620432208,56.33951064719725
rangeland-apr-1~+00-12-00,4975.3695330145665,56.33951064719725
rangeland-apr-1~+00-13-00,4289.395496724934,56.33951064719725
rangeland-apr-1~+00-14-00,4727.012753209335,56.33951064719725
rangeland-apr-1~+00-15-00,4628.948151072567,56.33951064719725
rangeland-apr-1~+00-16-00,5250.629829609608,56.33951064719725
rangeland-apr-1~+00-17-00,6279.394642395874,56.33951064719725
rangeland-apr-1~+00-18-00,7282.960398718475,56.33951064719725
rangeland-apr-1~+00-19-00,7746.834195182649,56.33951064719725
rangeland-apr-1~+00-20-00,8133.05787268747,56.33951064719725
rangeland-apr-1~+00-21-00,8260.43227270823,56.33951064719725
rangeland-apr-1~+00-22-00,8285.926974993272,56.33951064719725
rangeland-apr-1~+00-23-00,8328.780238360396,56.33951064719725
rangeland-apr-1~+01-00-00,8448.754776404085,56.33951064719725
