trace,op_ems,emb_ems
mag-oct-2,26612.88181507972,170.82096393261858
mag-oct-2~+00-01-00,26877.84316759888,170.82096393261858
mag-oct-2~+00-02-00,26976.96725720208,170.82096393261858
mag-oct-2~+00-03-00,27045.53919763926,170.82096393261858
mag-oct-2~+00-04-00,27048.10824657072,170.82096393261858
mag-oct-2~+00-05-00,26982.103655458483,170.82096393261858
mag-oct-2~+00-06-00,26978.44678032187,170.82096393261858
mag-oct-2~+00-07-00,27016.147185626174,170.82096393261858
mag-oct-2~+00-08-00,27068.692881902276,170.82096393261858
mag-oct-2~+00-09-00,27224.122914054744,170.82096393261858
mag-oct-2~+00-10-00,27243.2409400955,170.82096393261858
mag-oct-2~+00-11-00,27178.395527105586,170.82096393261858
mag-oct-2~+00-12-00,27043.222347672578,170.82096393261858
mag-oct-2~+00-13-00,26574.427239556855,170.82096393261858
mag-oct-2~+00-14-00,26397.253520015278,170.82096393261858
mag-oct-2~+00-15-00,26321.353857309463,170.82096393261858
mag-oct-2~+00-16-00,26090.355084845498,170.82096393261858
mag-oct-2~+00-17-00,26609.186625342692,170.82096393261858
mag-oct-2~+00-18-00,26473.521128748114,170.82096393261858
mag-oct-2~+00-19-00,26237.529011126993,170.82096393261858
mag-oct-2~+00-20-00,26229.797176426073,170.82096393261858
mag-oct-2~+00-21-00,26169.162435517548,170.82096393261858
mag-oct-2~+00-22-00,26224.325508579335,170.82096393261858
mag-oct-2~+00-23-00,26007.99646952293,170.82096393261858
mag-oct-2~+01-00-00,26243.243088886098,170.82096393261858
