trace,op_ems,emb_ems
rangeland-apr-2,8786.674508439819,56.19540575328906
rangeland-apr-2~+00-01-00,8994.769646309243,56.19540575328906
rangeland-apr-2~+00-02-00,8986.841422109606,56.19540575328906
rangeland-apr-2~+00-03-00,8963.808864917424,56.19540575328906
rangeland-apr-2~+00-04-00,8933.628540717282,56.19540575328906
rangeland-apr-2~+00-05-00,9031.512095294942,56.19540575328906
rangeland-apr-2~+00-06-00,9053.47226079639,56.19540575328906
rangeland-apr-2~+00-07-00,9065.657940022194,56.19540575328906
rangeland-apr-2~+00-08-00,9091.221577291719,56.19540575328906
rangeland-apr-2~+00-09-00,8796.295639148255,56.19540575328906
rangeland-apr-2~+00-10-00,6892.034662310491,56.19540575328906
rangeland-apr-2~+00-11-00,5712.543544498097,56.19540575328906
rangeland-apr-2~+00-12-00,5056.6001772750515,56.19540575328906
rangeland-apr-2~+00-13-00,4228.414375774704,56.19540575328906
rangeland-apr-2~+00-14-00,4713.491112932652,56.19540575328906
rangeland-apr-2~+00-15-00,4609.582675845064,56.19540575328906
rangeland-apr-2~+00-16-00,5226.450952634421,56.19540575328906
rangeland-apr-2~+00-17-00,6262.04066977923,56.19540575328906
rangeland-apr-2~+00-18-00,7255.627365595047,56.19540575328906
rangeland-apr-2~+00-19-00,7725.654548827851,56.19540575328906
rangeland-apr-2~+00-20-00,8096.246647267083,56.19540575328906
rangeland-apr-2~+00-21-00,8238.110774352781,56.19540575328906
rangeland-apr-2~+00-22-00,8265.722269559443,56.19540575328906
rangeland-apr-2~+00-23-00,8307.389366945794,56.19540575328906
rangeland-apr-2~+01-00-00,8426.545273401056,56.19540575328906
