trace,op_ems,emb_ems
montage-nov-2,881.2294295126861,5.194323604266486
montage-nov-2~+00-01-00,900.686208209455,5.194323604266486
montage-nov-2~+00-02-00,906.8135422906205,5.194323604266486
montage-nov-2~+00-03-00,913.3130396218727,5.194323604266486
montage-nov-2~+00-04-00,906.805502019214,5.194323604266486
montage-nov-2~+00-05-00,905.2737333398221,5.194323604266486
montage-nov-2~+00-06-00,911.9218062943137,5.194323604266486
montage-nov-2~+00-07-00,985.923022337239,5.194323604266486
montage-nov-2~+00-08-00,960.9636146246498,5.194323604266486
montage-nov-2~+00-09-00,985.948439969427,5.194323604266486
montage-nov-2~+00-10-00,921.7929091679679,5.194323604266486
montage-nov-2~+00-11-00,940.5059691474273,5.194323604266486
montage-nov-2~+00-12-00,937.3642962836165,5.194323604266486
montage-nov-2~+00-13-00,929.0347972676554,5.194323604266486
montage-nov-2~+00-14-00,941.1296459752912,5.194323604266486
montage-nov-2~+00-15-00,937.0196578255839,5.194323604266486
montage-nov-2~+00-16-00,0.0,5.194323604266486
montage-nov-2~+00-17-00,0.0,5.194323604266486
montage-nov-2~+00-18-00,250.62150870015265,5.194323604266486
montage-nov-2~+00-19-00,930.5298290004689,5.194323604266486
montage-nov-2~+00-20-00,922.1247449947099,5.194323604266486
montage-nov-2~+00-21-00,922.1242262675223,5.194323604266486
montage-nov-2~+00-22-00,905.6470266946629,5.194323604266486
montage-nov-2~+00-23-00,900.6799834832049,5.194323604266486
montage-nov-2~+01-00-00,900.6799834832049,5.194323604266486
