trace,op_ems,emb_ems
nanoseq-nov-3,219.8077109525837,2.2487745329175857
nanoseq-nov-3~+00-01-00,223.18850263921237,2.2487745329175857
nanoseq-nov-3~+00-02-00,225.8439661749268,2.2487745329175857
nanoseq-nov-3~+00-03-00,227.81299528628497,2.2487745329175857
nanoseq-nov-3~+00-04-00,228.787690672553,2.2487745329175857
nanoseq-nov-3~+00-05-00,227.81493944527338,2.2487745329175857
nanoseq-nov-3~+00-06-00,222.29846022983867,2.2487745329175857
nanoseq-nov-3~+00-07-00,210.40994050583063,2.2487745329175857
nanoseq-nov-3~+00-08-00,193.52189474145146,2.2487745329175857
nanoseq-nov-3~+00-09-00,173.4559982907997,2.2487745329175857
nanoseq-nov-3~+00-10-00,152.19905837065778,2.2487745329175857
nanoseq-nov-3~+00-11-00,135.53335205827852,2.2487745329175857
nanoseq-nov-3~+00-12-00,125.46889106569827,2.2487745329175857
nanoseq-nov-3~+00-13-00,120.01274721643476,2.2487745329175857
nanoseq-nov-3~+00-14-00,119.15957934160879,2.2487745329175857
nanoseq-nov-3~+00-15-00,122.12583067042986,2.2487745329175857
nanoseq-nov-3~+00-16-00,127.53835094874924,2.2487745329175857
nanoseq-nov-3~+00-17-00,134.26528124690716,2.2487745329175857
nanoseq-nov-3~+00-18-00,142.4726258060371,2.2487745329175857
nanoseq-nov-3~+00-19-00,152.23513005307194,2.2487745329175857
nanoseq-nov-3~+00-20-00,161.01314845165052,2.2487745329175857
nanoseq-nov-3~+00-21-00,167.66813892918017,2.2487745329175857
nanoseq-nov-3~+00-22-00,176.2924821545488,2.2487745329175857
nanoseq-nov-3~+00-23-00,185.96077101089276,2.2487745329175857
nanoseq-nov-3~+01-00-00,195.21389362464387,2.2487745329175857
