trace,op_ems,emb_ems
chipseq-nov-3,19632.983559157066,100.15869459141447
chipseq-nov-3~+00-01-00,19701.933935677454,100.15869459141447
chipseq-nov-3~+00-02-00,19715.21649905254,100.15869459141447
chipseq-nov-3~+00-03-00,19663.561871593552,100.15869459141447
chipseq-nov-3~+00-04-00,19666.85338065624,100.15869459141447
chipseq-nov-3~+00-05-00,19624.015840940727,100.15869459141447
chipseq-nov-3~+00-06-00,19324.745161312705,100.15869459141447
chipseq-nov-3~+00-07-00,19150.740949856536,100.15869459141447
chipseq-nov-3~+00-08-00,19293.73327671468,100.15869459141447
chipseq-nov-3~+00-09-00,19892.91683903134,100.15869459141447
chipseq-nov-3~+00-10-00,20208.073368483005,100.15869459141447
chipseq-nov-3~+00-11-00,20287.559903458467,100.15869459141447
chipseq-nov-3~+00-12-00,20103.986369004484,100.15869459141447
chipseq-nov-3~+00-13-00,20202.597440517253,100.15869459141447
chipseq-nov-3~+00-14-00,20631.53826064653,100.15869459141447
chipseq-nov-3~+00-15-00,20909.893637150257,100.15869459141447
chipseq-nov-3~+00-16-00,20488.68611057681,100.15869459141447
chipseq-nov-3~+00-17-00,20239.851981608885,100.15869459141447
chipseq-nov-3~+00-18-00,20070.33519722556,100.15869459141447
chipseq-nov-3~+00-19-00,19939.308304295475,100.15869459141447
chipseq-nov-3~+00-20-00,19783.534334287873,100.15869459141447
chipseq-nov-3~+00-21-00,19385.16859712486,100.15869459141447
chipseq-nov-3~+00-22-00,19243.191110320724,100.15869459141447
chipseq-nov-3~+00-23-00,19441.64348486213,100.15869459141447
chipseq-nov-3~+01-00-00,19596.29455675538,100.15869459141447
