trace,op_ems,emb_ems
chipseq-aug-2,17662.765397327188,98.55920482780722
chipseq-aug-2~+00-01-00,18015.56800212596,98.55920482780722
chipseq-aug-2~+00-02-00,18187.444341839328,98.55920482780722
chipseq-aug-2~+00-03-00,18612.28773755621,98.55920482780722
chipseq-aug-2~+00-04-00,18902.67897067452,98.55920482780722
chipseq-aug-2~+00-05-00,19186.35878159453,98.55920482780722
chipseq-aug-2~+00-06-00,19506.41328419825,98.55920482780722
chipseq-aug-2~+00-07-00,19600.579973228367,98.55920482780722
chipseq-aug-2~+00-08-00,19672.805736279282,98.55920482780722
chipseq-aug-2~+00-09-00,19669.501644052005,98.55920482780722
chipseq-aug-2~+00-10-00,19456.33383525233,98.55920482780722
chipseq-aug-2~+00-11-00,18898.99645475278,98.55920482780722
chipseq-aug-2~+00-12-00,18656.465257486674,98.55920482780722
chipseq-aug-2~+00-13-00,18625.76694553796,98.55920482780722
chipseq-aug-2~+00-14-00,18473.9952450458,98.55920482780722
chipseq-aug-2~+00-15-00,18756.715754551864,98.55920482780722
chipseq-aug-2~+00-16-00,18985.440840892923,98.55920482780722
chipseq-aug-2~+00-17-00,19534.007681366165,98.55920482780722
chipseq-aug-2~+00-18-00,19723.551054389278,98.55920482780722
chipseq-aug-2~+00-19-00,19811.58455044325,98.55920482780722
chipseq-aug-2~+00-20-00,19477.146166786268,98.55920482780722
chipseq-aug-2~+00-21-00,18691.802854422407,98.55920482780722
chipseq-aug-2~+00-22-00,18027.85966545771,98.55920482780722
chipseq-aug-2~+00-23-00,17833.39176492549,98.55920482780722
chipseq-aug-2~+01-00-00,18022.08001562157,98.55920482780722
