trace,op_ems,emb_ems
chipseq-nov-2,19359.336041270497,98.55920482780722
chipseq-nov-2~+00-01-00,19428.28158241534,98.55920482780722
chipseq-nov-2~+00-02-00,19441.226813822577,98.55920482780722
chipseq-nov-2~+00-03-00,19390.35399914939,98.55920482780722
chipseq-nov-2~+00-04-00,19395.718281283658,98.55920482780722
chipseq-nov-2~+00-05-00,19352.477990150357,98.55920482780722
chipseq-nov-2~+00-06-00,19060.244160234328,98.55920482780722
chipseq-nov-2~+00-07-00,18881.800715686335,98.55920482780722
chipseq-nov-2~+00-08-00,19022.344791037896,98.55920482780722
chipseq-nov-2~+00-09-00,19609.79294168453,98.55920482780722
chipseq-nov-2~+00-10-00,19926.435284019684,98.55920482780722
chipseq-nov-2~+00-11-00,20006.50378973791,98.55920482780722
chipseq-nov-2~+00-12-00,19825.876787966736,98.55920482780722
chipseq-nov-2~+00-13-00,19917.835833647,98.55920482780722
chipseq-nov-2~+00-14-00,20349.910576626302,98.55920482780722
chipseq-nov-2~+00-15-00,20620.46488476768,98.55920482780722
chipseq-nov-2~+00-16-00,20200.453665293226,98.55920482780722
chipseq-nov-2~+00-17-00,19959.239180781802,98.55920482780722
chipseq-nov-2~+00-18-00,19790.434666247416,98.55920482780722
chipseq-nov-2~+00-19-00,19663.24291512246,98.55920482780722
chipseq-nov-2~+00-20-00,19510.028203031885,98.55920482780722
chipseq-nov-2~+00-21-00,19114.559432745828,98.55920482780722
chipseq-nov-2~+00-22-00,18974.49175444604,98.55920482780722
chipseq-nov-2~+00-23-00,19168.446902447682,98.55920482780722
chipseq-nov-2~+01-00-00,19323.600412818643,98.55920482780722
