trace,op_ems,emb_ems
sarek-aug-1,24033.714394801365,180.2085610425426
sarek-aug-1~+00-01-00,24477.11912289632,180.2085610425426
sarek-aug-1~+00-02-00,24589.67870178509,180.2085610425426
sarek-aug-1~+00-03-00,24554.812437153792,180.2085610425426
sarek-aug-1~+00-04-00,24587.639059291294,180.2085610425426
sarek-aug-1~+00-05-00,24608.745085074523,180.2085610425426
sarek-aug-1~+00-06-00,24684.61151361787,180.2085610425426
sarek-aug-1~+00-07-00,24889.823049922044,180.2085610425426
sarek-aug-1~+00-08-00,25001.11296723937,180.2085610425426
sarek-aug-1~+00-09-00,24788.116074146972,180.2085610425426
sarek-aug-1~+00-10-00,23941.9471972162,180.2085610425426
sarek-aug-1~+00-11-00,22793.968753691763,180.2085610425426
sarek-aug-1~+00-12-00,21157.890281593827,180.2085610425426
sarek-aug-1~+00-13-00,19792.064802251312,180.2085610425426
sarek-aug-1~+00-14-00,18662.557987165652,180.2085610425426
sarek-aug-1~+00-15-00,18049.492242639993,180.2085610425426
sarek-aug-1~+00-16-00,17843.640571631404,180.2085610425426
sarek-aug-1~+00-17-00,18598.953552763953,180.2085610425426
sarek-aug-1~+00-18-00,19888.882944750407,180.2085610425426
sarek-aug-1~+00-19-00,21427.34722759558,180.2085610425426
sarek-aug-1~+00-20-00,22515.12632225144,180.2085610425426
sarek-aug-1~+00-21-00,23419.7382908349,180.2085610425426
sarek-aug-1~+00-22-00,24010.402531428685,180.2085610425426
sarek-aug-1~+00-23-00,24451.99496438029,180.2085610425426
sarek-aug-1~+01-00-00,24775.97152111006,180.2085610425426
