trace,op_ems,emb_ems
sarek-may-1,27670.108187288282,180.2085610425426
sarek-may-1~+00-01-00,28326.58273832173,180.2085610425426
sarek-may-1~+00-02-00,28942.431475765876,180.2085610425426
sarek-may-1~+00-03-00,29292.572584095033,180.2085610425426
sarek-may-1~+00-04-00,29465.149289130833,180.2085610425426
sarek-may-1~+00-05-00,29598.07647206172,180.2085610425426
sarek-may-1~+00-06-00,29705.16680052332,180.2085610425426
sarek-may-1~+00-07-00,29775.595935392448,180.2085610425426
sarek-may-1~+00-08-00,29607.008859525522,180.2085610425426
sarek-may-1~+00-09-00,28936.136804672566,180.2085610425426
sarek-may-1~+00-10-00,26948.174286014593,180.2085610425426
sarek-may-1~+00-11-00,23935.59859437816,180.2085610425426
sarek-may-1~+00-12-00,20717.659857462568,180.2085610425426
sarek-may-1~+00-13-00,17670.529003611937,180.2085610425426
sarek-may-1~+00-14-00,15167.761528277299,180.2085610425426
sarek-may-1~+00-15-00,13814.947998451456,180.2085610425426
sarek-may-1~+00-16-00,13652.062948128747,180.2085610425426
sarek-may-1~+00-17-00,14771.96611036604,180.2085610425426
sarek-may-1~+00-18-00,17332.49833733256,180.2085610425426
sarek-may-1~+00-19-00,20396.17094362416,180.2085610425426
sarek-may-1~+00-20-00,22881.099769513155,180.2085610425426
sarek-may-1~+00-21-00,24963.698791518615,180.2085610425426
sarek-may-1~+00-22-00,26402.557252312767,180.2085610425426
sarek-may-1~+00-23-00,27045.153086954866,180.2085610425426
sarek-may-1~+01-00-00,27557.275844425898,180.2085610425426
