trace,op_ems,emb_ems
rnaseq-may-3,11986.5051234998,64.60281226683885
rnaseq-may-3~+00-01-00,12003.394435847275,64.60281226683885
rnaseq-may-3~+00-02-00,12011.33640872136,64.60281226683885
rnaseq-may-3~+00-03-00,12019.445747755723,64.60281226683885
rnaseq-may-3~+00-04-00,11998.81669497927,64.60281226683885
rnaseq-may-3~+00-05-00,12016.158027917365,64.60281226683885
rnaseq-may-3~+00-06-00,12225.208407980232,64.60281226683885
rnaseq-may-3~+00-07-00,12429.7214735808,64.60281226683885
rnaseq-may-3~+00-08-00,12489.772123377717,64.60281226683885
rnaseq-may-3~+00-09-00,12431.069540378061,64.60281226683885
rnaseq-may-3~+00-10-00,12355.202841703609,64.60281226683885
rnaseq-may-3~+00-11-00,12217.163525717391,64.60281226683885
rnaseq-may-3~+00-12-00,12218.687745524949,64.60281226683885
rnaseq-may-3~+00-13-00,12383.869961451419,64.60281226683885
rnaseq-may-3~+00-14-00,12175.203514502266,64.60281226683885
rnaseq-may-3~+00-15-00,11828.849740499803,64.60281226683885
rnaseq-may-3~+00-16-00,11850.044376029882,64.60281226683885
rnaseq-may-3~+00-17-00,12081.77406672131,64.60281226683885
rnaseq-may-3~+00-18-00,12183.740456864147,64.60281226683885
rnaseq-may-3~+00-19-00,12327.057540071948,64.60281226683885
rnaseq-may-3~+00-20-00,12372.676821586809,64.60281226683885
rnaseq-may-3~+00-21-00,12227.03611635636,64.60281226683885
rnaseq-may-3~+00-22-00,12048.308511788291,64.60281226683885
rnaseq-may-3~+00-23-00,11974.572833098704,64.60281226683885
rnaseq-may-3~+01-00-00,11988.190850176508,64.60281226683885
