trace,op_ems,emb_ems
sarek-dec-2,34837.57220180846,185.95754100781198
sarek-dec-2~+00-01-00,34940.09829717082,185.95754100781198
sarek-dec-2~+00-02-00,35086.37805389826,185.95754100781198
sarek-dec-2~+00-03-00,35989.35180456692,185.95754100781198
sarek-dec-2~+00-04-00,36136.30894186895,185.95754100781198
sarek-dec-2~+00-05-00,35482.06986394894,185.95754100781198
sarek-dec-2~+00-06-00,35122.85234805492,185.95754100781198
sarek-dec-2~+00-07-00,35382.8161747331,185.95754100781198
sarek-dec-2~+00-08-00,35405.40434592542,185.95754100781198
sarek-dec-2~+00-09-00,35471.70492194985,185.95754100781198
sarek-dec-2~+00-10-00,32863.307493384404,185.95754100781198
sarek-dec-2~+00-11-00,24051.586231609377,185.95754100781198
sarek-dec-2~+00-12-00,26100.100450524013,185.95754100781198
sarek-dec-2~+00-13-00,27741.158396510342,185.95754100781198
sarek-dec-2~+00-14-00,30952.4473323406,185.95754100781198
sarek-dec-2~+00-15-00,28554.05597728493,185.95754100781198
sarek-dec-2~+00-16-00,30014.687892158017,185.95754100781198
sarek-dec-2~+00-17-00,32156.647990411337,185.95754100781198
sarek-dec-2~+00-18-00,32883.2347059461,185.95754100781198
sarek-dec-2~+00-19-00,33534.3809297806,185.95754100781198
sarek-dec-2~+00-20-00,35098.341318761086,185.95754100781198
sarek-dec-2~+00-21-00,34598.82343732329,185.95754100781198
sarek-dec-2~+00-22-00,34538.16540365398,185.95754100781198
sarek-dec-2~+00-23-00,34616.57958170937,185.95754100781198
sarek-dec-2~+01-00-00,34838.05684498305,185.95754100781198
