trace,op_ems,emb_ems
nanoseq-may-1,271.64999329502353,2.2493885276446886
nanoseq-may-1~+00-01-00,271.735433699449,2.2493885276446886
nanoseq-may-1~+00-02-00,271.492395870664,2.2493885276446886
nanoseq-may-1~+00-03-00,273.0973844864398,2.2493885276446886
nanoseq-may-1~+00-04-00,275.5004687003713,2.2493885276446886
nanoseq-may-1~+00-05-00,277.78967452344955,2.2493885276446886
nanoseq-may-1~+00-06-00,279.64644173303736,2.2493885276446886
nanoseq-may-1~+00-07-00,281.73975801967407,2.2493885276446886
nanoseq-may-1~+00-08-00,279.9631713810974,2.2493885276446886
nanoseq-may-1~+00-09-00,278.2586541130949,2.2493885276446886
nanoseq-may-1~+00-10-00,278.43948709182274,2.2493885276446886
nanoseq-may-1~+00-11-00,278.674471838426,2.2493885276446886
nanoseq-may-1~+00-12-00,275.3050479981102,2.2493885276446886
nanoseq-may-1~+00-13-00,274.3469425207125,2.2493885276446886
nanoseq-may-1~+00-14-00,273.1712497673235,2.2493885276446886
nanoseq-may-1~+00-15-00,271.44253149432444,2.2493885276446886
nanoseq-may-1~+00-16-00,271.2132124827137,2.2493885276446886
nanoseq-may-1~+00-17-00,276.8864689217216,2.2493885276446886
nanoseq-may-1~+00-18-00,277.45694058383845,2.2493885276446886
nanoseq-may-1~+00-19-00,276.9829894143683,2.2493885276446886
nanoseq-may-1~+00-20-00,275.3843137396049,2.2493885276446886
nanoseq-may-1~+00-21-00,273.08084335802573,2.2493885276446886
nanoseq-may-1~+00-22-00,271.80587857565484,2.2493885276446886
nanoseq-may-1~+00-23-00,271.33969754551015,2.2493885276446886
nanoseq-may-1~+01-00-00,271.8735841273554,2.2493885276446886
