trace,op_ems,emb_ems
rnaseq-mar-1,10519.669790670008,62.89105340684976
rnaseq-mar-1~+00-01-00,11097.769634998282,62.89105340684976
rnaseq-mar-1~+00-02-00,11789.561161303558,62.89105340684976
rnaseq-mar-1~+00-03-00,12189.032525585148,62.89105340684976
rnaseq-mar-1~+00-04-00,12623.892145722197,62.89105340684976
rnaseq-mar-1~+00-05-00,12765.9370643683,62.89105340684976
rnaseq-mar-1~+00-06-00,12743.297454136427,62.89105340684976
rnaseq-mar-1~+00-07-00,12651.495783068285,62.89105340684976
rnaseq-mar-1~+00-08-00,12744.35305137312,62.89105340684976
rnaseq-mar-1~+00-09-00,12763.024932077698,62.89105340684976
rnaseq-mar-1~+00-10-00,11373.42764129131,62.89105340684976
rnaseq-mar-1~+00-11-00,9366.731503275445,62.89105340684976
rnaseq-mar-1~+00-12-00,9983.727014428921,62.89105340684976
rnaseq-mar-1~+00-13-00,10125.3579135618,62.89105340684976
rnaseq-mar-1~+00-14-00,7839.5675015565785,62.89105340684976
rnaseq-mar-1~+00-15-00,9330.500078716093,62.89105340684976
rnaseq-mar-1~+00-16-00,12264.470940072615,62.89105340684976
rnaseq-mar-1~+00-17-00,12461.458441332497,62.89105340684976
rnaseq-mar-1~+00-18-00,11623.226573752367,62.89105340684976
rnaseq-mar-1~+00-19-00,11118.060984273829,62.89105340684976
rnaseq-mar-1~+00-20-00,10878.097056782404,62.89105340684976
rnaseq-mar-1~+00-21-00,10746.633378164299,62.89105340684976
rnaseq-mar-1~+00-22-00,10499.179519573825,62.89105340684976
rnaseq-mar-1~+00-23-00,10655.862909629479,62.89105340684976
rnaseq-mar-1~+01-00-00,11058.190702308328,62.89105340684976
