trace,op_ems,emb_ems
montage-apr-2,576.0071272239553,4.417620969401983
montage-apr-2~+00-01-00,586.7047578468395,4.417620969401983
montage-apr-2~+00-02-00,598.636730464672,4.417620969401983
montage-apr-2~+00-03-00,598.3114000163911,4.417620969401983
montage-apr-2~+00-04-00,595.1250753317572,4.417620969401983
montage-apr-2~+00-05-00,596.723021945372,4.417620969401983
montage-apr-2~+00-06-00,597.6511705772324,4.417620969401983
montage-apr-2~+00-07-00,601.6029786695857,4.417620969401983
montage-apr-2~+00-08-00,589.0777564107707,4.417620969401983
montage-apr-2~+00-09-00,583.1739656287315,4.417620969401983
montage-apr-2~+00-10-00,602.0622687142177,4.417620969401983
montage-apr-2~+00-11-00,611.2863437772418,4.417620969401983
montage-apr-2~+00-12-00,607.6407290479758,4.417620969401983
montage-apr-2~+00-13-00,527.9156321339588,4.417620969401983
montage-apr-2~+00-14-00,388.3393012788505,4.417620969401983
montage-apr-2~+00-15-00,318.0966300779622,4.417620969401983
montage-apr-2~+00-16-00,267.4407655721046,4.417620969401983
montage-apr-2~+00-17-00,251.31777129700635,4.417620969401983
montage-apr-2~+00-18-00,248.55246248661857,4.417620969401983
montage-apr-2~+00-19-00,253.17406856072674,4.417620969401983
montage-apr-2~+00-20-00,261.9579906643114,4.417620969401983
montage-apr-2~+00-21-00,303.1697036274262,4.417620969401983
montage-apr-2~+00-22-00,411.0550214029353,4.417620969401983
montage-apr-2~+00-23-00,572.2658270687248,4.417620969401983
montage-apr-2~+01-00-00,605.2868675692378,4.417620969401983
