trace,op_ems,emb_ems
rnaseq-apr-2,11281.429361335593,61.38903864146787
rnaseq-apr-2~+00-01-00,11838.315748007048,61.38903864146787
rnaseq-apr-2~+00-02-00,11872.199016402123,61.38903864146787
rnaseq-apr-2~+00-03-00,11807.68601503285,61.38903864146787
rnaseq-apr-2~+00-04-00,11920.982514213969,61.38903864146787
rnaseq-apr-2~+00-05-00,12125.6258068392,61.38903864146787
rnaseq-apr-2~+00-06-00,12123.732991303861,61.38903864146787
rnaseq-apr-2~+00-07-00,11887.971517280057,61.38903864146787
rnaseq-apr-2~+00-08-00,11699.549385192648,61.38903864146787
rnaseq-apr-2~+00-09-00,11830.959997342601,61.38903864146787
rnaseq-apr-2~+00-10-00,12118.874118017444,61.38903864146787
rnaseq-apr-2~+00-11-00,12295.33897080779,61.38903864146787
rnaseq-apr-2~+00-12-00,12304.539128903414,61.38903864146787
rnaseq-apr-2~+00-13-00,11187.999909771375,61.38903864146787
rnaseq-apr-2~+00-14-00,6996.1435179475275,61.38903864146787
rnaseq-apr-2~+00-15-00,2308.092482112288,61.38903864146787
rnaseq-apr-2~+00-16-00,1213.0047207352525,61.38903864146787
rnaseq-apr-2~+00-17-00,3447.0765354715004,61.38903864146787
rnaseq-apr-2~+00-18-00,7162.122771379324,61.38903864146787
rnaseq-apr-2~+00-19-00,9799.594153713137,61.38903864146787
rnaseq-apr-2~+00-20-00,11081.134289328302,61.38903864146787
rnaseq-apr-2~+00-21-00,11126.022382873167,61.38903864146787
rnaseq-apr-2~+00-22-00,10698.385776241626,61.38903864146787
rnaseq-apr-2~+00-23-00,10438.155269262277,61.38903864146787
rnaseq-apr-2~+01-00-00,10483.430394962377,61.38903864146787
