trace,op_ems,emb_ems
sarek-sep-1,25416.000769664024,180.2085610425426
sarek-sep-1~+00-01-00,26062.61325103704,180.2085610425426
sarek-sep-1~+00-02-00,26490.445763335025,180.2085610425426
sarek-sep-1~+00-03-00,26856.860712044952,180.2085610425426
sarek-sep-1~+00-04-00,26877.817993867822,180.2085610425426
sarek-sep-1~+00-05-00,26985.18235911427,180.2085610425426
sarek-sep-1~+00-06-00,27251.05736927982,180.2085610425426
sarek-sep-1~+00-07-00,27621.825562295653,180.2085610425426
sarek-sep-1~+00-08-00,27579.968361828796,180.2085610425426
sarek-sep-1~+00-09-00,26012.04912541926,180.2085610425426
sarek-sep-1~+00-10-00,22684.047350079316,180.2085610425426
sarek-sep-1~+00-11-00,18898.99456939275,180.2085610425426
sarek-sep-1~+00-12-00,14994.756972532114,180.2085610425426
sarek-sep-1~+00-13-00,11720.391659278324,180.2085610425426
sarek-sep-1~+00-14-00,9782.15820473311,180.2085610425426
sarek-sep-1~+00-15-00,9099.180862210582,180.2085610425426
sarek-sep-1~+00-16-00,9090.727113092604,180.2085610425426
sarek-sep-1~+00-17-00,10109.41433019545,180.2085610425426
sarek-sep-1~+00-18-00,12652.15501822343,180.2085610425426
sarek-sep-1~+00-19-00,16565.669083532688,180.2085610425426
sarek-sep-1~+00-20-00,19994.156850639858,180.2085610425426
sarek-sep-1~+00-21-00,22847.295237696726,180.2085610425426
sarek-sep-1~+00-22-00,25082.120183362873,180.2085610425426
sarek-sep-1~+00-23-00,26293.558851087302,180.2085610425426
sarek-sep-1~+01-00-00,26754.75995780797,180.2085610425426
