trace,op_ems,emb_ems
rangeland-feb-2,8604.046653471345,56.19540575328906
rangeland-feb-2~+00-01-00,8756.559633961615,56.19540575328906
rangeland-feb-2~+00-02-00,8906.376527646415,56.19540575328906
rangeland-feb-2~+00-03-00,9153.804858955178,56.19540575328906
rangeland-feb-2~+00-04-00,9312.565850893168,56.19540575328906
rangeland-feb-2~+00-05-00,9236.986121183794,56.19540575328906
rangeland-feb-2~+00-06-00,9257.992429924676,56.19540575328906
rangeland-feb-2~+00-07-00,8964.092531297683,56.19540575328906
rangeland-feb-2~+00-08-00,9109.23321178766,56.19540575328906
rangeland-feb-2~+00-09-00,9110.17917339072,56.19540575328906
rangeland-feb-2~+00-10-00,9057.766186338173,56.19540575328906
rangeland-feb-2~+00-11-00,9047.788990199473,56.19540575328906
rangeland-feb-2~+00-12-00,8183.073153474354,56.19540575328906
rangeland-feb-2~+00-13-00,8437.380712085329,56.19540575328906
rangeland-feb-2~+00-14-00,8656.626632579102,56.19540575328906
rangeland-feb-2~+00-15-00,8620.756321412988,56.19540575328906
rangeland-feb-2~+00-16-00,8518.925175857561,56.19540575328906
rangeland-feb-2~+00-17-00,8350.636913662125,56.19540575328906
rangeland-feb-2~+00-18-00,8100.390343211649,56.19540575328906
rangeland-feb-2~+00-19-00,8384.68834004349,56.19540575328906
rangeland-feb-2~+00-20-00,8541.513779473027,56.19540575328906
rangeland-feb-2~+00-21-00,8588.421690685082,56.19540575328906
rangeland-feb-2~+00-22-00,8629.267790311373,56.19540575328906
rangeland-feb-2~+00-23-00,8701.159718275443,56.19540575328906
rangeland-feb-2~+01-00-00,8828.647848412413,56.19540575328906
