trace,op_ems,emb_ems
mag-aug-1,26068.313023623086,171.36263744391223
mag-aug-1~+00-01-00,26173.78906069025,171.36263744391223
mag-aug-1~+00-02-00,26186.456136936977,171.36263744391223
mag-aug-1~+00-03-00,26126.21266229454,171.36263744391223
mag-aug-1~+00-04-00,26138.14671917703,171.36263744391223
mag-aug-1~+00-05-00,26250.457403457207,171.36263744391223
mag-aug-1~+00-06-00,26295.59291946133,171.36263744391223
mag-aug-1~+00-07-00,26432.814105804075,171.36263744391223
mag-aug-1~+00-08-00,26551.84529546927,171.36263744391223
mag-aug-1~+00-09-00,26578.204913897083,171.36263744391223
mag-aug-1~+00-10-00,26646.11093322882,171.36263744391223
mag-aug-1~+00-11-00,26315.313157834724,171.36263744391223
mag-aug-1~+00-12-00,25930.93180709445,171.36263744391223
mag-aug-1~+00-13-00,25748.38599932499,171.36263744391223
mag-aug-1~+00-14-00,25556.344308843432,171.36263744391223
mag-aug-1~+00-15-00,25696.157894389773,171.36263744391223
mag-aug-1~+00-16-00,26026.77689444447,171.36263744391223
mag-aug-1~+00-17-00,26108.874550974277,171.36263744391223
mag-aug-1~+00-18-00,26171.921538933686,171.36263744391223
mag-aug-1~+00-19-00,26041.505181056295,171.36263744391223
mag-aug-1~+00-20-00,26015.75716102287,171.36263744391223
mag-aug-1~+00-21-00,26037.58163600512,171.36263744391223
mag-aug-1~+00-22-00,26071.984170910237,171.36263744391223
mag-aug-1~+00-23-00,26287.81847499206,171.36263744391223
mag-aug-1~+01-00-00,26420.682201454678,171.36263744391223
