trace,op_ems,emb_ems
nanoseq-jun-2,275.3275845596285,2.283583422059979
nanoseq-jun-2~+00-01-00,277.0434715505572,2.283583422059979
nanoseq-jun-2~+00-02-00,277.82751917146595,2.283583422059979
nanoseq-jun-2~+00-03-00,277.3266076144749,2.283583422059979
nanoseq-jun-2~+00-04-00,277.50592817938303,2.283583422059979
nanoseq-jun-2~+00-05-00,277.99580949608435,2.283583422059979
nanoseq-jun-2~+00-06-00,279.5872408904859,2.283583422059979
nanoseq-jun-2~+00-07-00,281.360888340129,2.283583422059979
nanoseq-jun-2~+00-08-00,281.98795746293877,2.283583422059979
nanoseq-jun-2~+00-09-00,283.32675210258327,2.283583422059979
nanoseq-jun-2~+00-10-00,285.14571994263434,2.283583422059979
nanoseq-jun-2~+00-11-00,284.1319668506013,2.283583422059979
nanoseq-jun-2~+00-12-00,282.8194182428668,2.283583422059979
nanoseq-jun-2~+00-13-00,281.7836752293582,2.283583422059979
nanoseq-jun-2~+00-14-00,278.876796560272,2.283583422059979
nanoseq-jun-2~+00-15-00,277.1736097938872,2.283583422059979
nanoseq-jun-2~+00-16-00,279.00071682798847,2.283583422059979
nanoseq-jun-2~+00-17-00,280.2498928261915,2.283583422059979
nanoseq-jun-2~+00-18-00,280.7557774960519,2.283583422059979
nanoseq-jun-2~+00-19-00,279.8132472926832,2.283583422059979
nanoseq-jun-2~+00-20-00,277.9037393761959,2.283583422059979
nanoseq-jun-2~+00-21-00,276.0658786957329,2.283583422059979
nanoseq-jun-2~+00-22-00,274.56223984258776,2.283583422059979
nanoseq-jun-2~+00-23-00,275.7122822805231,2.283583422059979
nanoseq-jun-2~+01-00-00,277.4062663274296,2.283583422059979
