trace,op_ems,emb_ems
mag-aug-1,19298.93002583183,170.94595497756436
mag-aug-1~+00-01-00,19370.661621355255,170.94595497756436
mag-aug-1~+00-02-00,19181.89719225456,170.94595497756436
mag-aug-1~+00-03-00,18827.412212379433,170.94595497756436
mag-aug-1~+00-04-00,18281.6514456883,170.94595497756436
mag-aug-1~+00-05-00,17660.952825642165,170.94595497756436
mag-aug-1~+00-06-00,17144.068715170964,170.94595497756436
mag-aug-1~+00-07-00,16783.98275378669,170.94595497756436
mag-aug-1~+00-08-00,16512.585525824277,170.94595497756436
mag-aug-1~+00-09-00,16372.977384661841,170.94595497756436
mag-aug-1~+00-10-00,16357.322044572065,170.94595497756436
mag-aug-1~+00-11-00,16503.03480919207,170.94595497756436
mag-aug-1~+00-12-00,16604.83565507818,170.94595497756436
mag-aug-1~+00-13-00,16662.533653289585,170.94595497756436
mag-aug-1~+00-14-00,16676.144790801052,170.94595497756436
mag-aug-1~+00-15-00,16764.43080907983,170.94595497756436
mag-aug-1~+00-16-00,17106.920033912782,170.94595497756436
mag-aug-1~+00-17-00,17674.57201685539,170.94595497756436
mag-aug-1~+00-18-00,18286.65062658073,170.94595497756436
mag-aug-1~+00-19-00,18817.621148203114,170.94595497756436
mag-aug-1~+00-20-00,19293.15331916239,170.94595497756436
mag-aug-1~+00-21-00,19750.46365559389,170.94595497756436
mag-aug-1~+00-22-00,20106.548556292073,170.94595497756436
mag-aug-1~+00-23-00,20337.64664634311,170.94595497756436
mag-aug-1~+01-00-00,20505.150346936847,170.94595497756436
