trace,op_ems,emb_ems
rnaseq-aug-3,11389.30369527961,64.60281226683885
rnaseq-aug-3~+00-01-00,11620.26637400152,64.60281226683885
rnaseq-aug-3~+00-02-00,11767.592501289433,64.60281226683885
rnaseq-aug-3~+00-03-00,11942.473880002182,64.60281226683885
rnaseq-aug-3~+00-04-00,12174.132268986219,64.60281226683885
rnaseq-aug-3~+00-05-00,12373.293075594887,64.60281226683885
rnaseq-aug-3~+00-06-00,12545.966257406502,64.60281226683885
rnaseq-aug-3~+00-07-00,12673.572164548796,64.60281226683885
rnaseq-aug-3~+00-08-00,12725.111515066445,64.60281226683885
rnaseq-aug-3~+00-09-00,12774.834378031415,64.60281226683885
rnaseq-aug-3~+00-10-00,12682.160874710507,64.60281226683885
rnaseq-aug-3~+00-11-00,12345.491251829999,64.60281226683885
rnaseq-aug-3~+00-12-00,12097.997015728215,64.60281226683885
rnaseq-aug-3~+00-13-00,12083.517432989618,64.60281226683885
rnaseq-aug-3~+00-14-00,11991.0910166125,64.60281226683885
rnaseq-aug-3~+00-15-00,12105.37109294243,64.60281226683885
rnaseq-aug-3~+00-16-00,12283.462994380052,64.60281226683885
rnaseq-aug-3~+00-17-00,12525.94802833392,64.60281226683885
rnaseq-aug-3~+00-18-00,12710.143171125263,64.60281226683885
rnaseq-aug-3~+00-19-00,12861.848072640803,64.60281226683885
rnaseq-aug-3~+00-20-00,12762.468693237846,64.60281226683885
rnaseq-aug-3~+00-21-00,12308.575394813945,64.60281226683885
rnaseq-aug-3~+00-22-00,11781.531077940403,64.60281226683885
rnaseq-aug-3~+00-23-00,11554.264574063633,64.60281226683885
rnaseq-aug-3~+01-00-00,11616.375862014595,64.60281226683885
