trace,op_ems,emb_ems
montage-jun-1,519.1613606071186,4.6572801319491965
montage-jun-1~+00-01-00,557.1788164613532,4.6572801319491965
montage-jun-1~+00-02-00,579.2489747433061,4.6572801319491965
montage-jun-1~+00-03-00,599.7693609340256,4.6572801319491965
montage-jun-1~+00-04-00,599.2591385282059,4.6572801319491965
montage-jun-1~+00-05-00,591.5934415106295,4.6572801319491965
montage-jun-1~+00-06-00,566.085504710391,4.6572801319491965
montage-jun-1~+00-07-00,543.1159252089232,4.6572801319491965
montage-jun-1~+00-08-00,521.3012339439202,4.6572801319491965
montage-jun-1~+00-09-00,512.6973180582395,4.6572801319491965
montage-jun-1~+00-10-00,523.4765431583949,4.6572801319491965
montage-jun-1~+00-11-00,538.3457453730693,4.6572801319491965
montage-jun-1~+00-12-00,565.982601963966,4.6572801319491965
montage-jun-1~+00-13-00,570.7683705438978,4.6572801319491965
montage-jun-1~+00-14-00,486.1251302014496,4.6572801319491965
montage-jun-1~+00-15-00,376.7281543581646,4.6572801319491965
montage-jun-1~+00-16-00,319.1395698392028,4.6572801319491965
montage-jun-1~+00-17-00,300.2934432427011,4.6572801319491965
montage-jun-1~+00-18-00,296.7792543324781,4.6572801319491965
montage-jun-1~+00-19-00,302.61103394780474,4.6572801319491965
montage-jun-1~+00-20-00,348.5803342139247,4.6572801319491965
montage-jun-1~+00-21-00,432.3498988872586,4.6572801319491965
montage-jun-1~+00-22-00,552.9833341248266,4.6572801319491965
montage-jun-1~+00-23-00,609.0513866601874,4.6572801319491965
montage-jun-1~+01-00-00,601.450041031024,4.6572801319491965
