trace,op_ems,emb_ems
mag-jul-3,25384.97846424924,170.67367805536568
mag-jul-3~+00-01-00,25402.46213646534,170.67367805536568
mag-jul-3~+00-02-00,25456.079179646127,170.67367805536568
mag-jul-3~+00-03-00,25537.892895358862,170.67367805536568
mag-jul-3~+00-04-00,25548.03750195373,170.67367805536568
mag-jul-3~+00-05-00,25594.063943597044,170.67367805536568
mag-jul-3~+00-06-00,25573.85509820044,170.67367805536568
mag-jul-3~+00-07-00,25611.87194699934,170.67367805536568
mag-jul-3~+00-08-00,25678.670481714442,170.67367805536568
mag-jul-3~+00-09-00,25726.913887038365,170.67367805536568
mag-jul-3~+00-10-00,25686.677326740388,170.67367805536568
mag-jul-3~+00-11-00,25571.120836946244,170.67367805536568
mag-jul-3~+00-12-00,25400.51263892679,170.67367805536568
mag-jul-3~+00-13-00,25221.447565901235,170.67367805536568
mag-jul-3~+00-14-00,25075.54402396243,170.67367805536568
mag-jul-3~+00-15-00,25078.556157814794,170.67367805536568
mag-jul-3~+00-16-00,25208.87281264177,170.67367805536568
mag-jul-3~+00-17-00,25228.482597344155,170.67367805536568
mag-jul-3~+00-18-00,25128.534811993024,170.67367805536568
mag-jul-3~+00-19-00,25016.486445705825,170.67367805536568
mag-jul-3~+00-20-00,24992.46576996205,170.67367805536568
mag-jul-3~+00-21-00,25118.98744632429,170.67367805536568
mag-jul-3~+00-22-00,25308.677886996848,170.67367805536568
mag-jul-3~+00-23-00,25397.134798097213,170.67367805536568
mag-jul-3~+01-00-00,25421.677772621042,170.67367805536568
