trace,op_ems,emb_ems
sarek-jun-2,26852.85672996088,181.81188075481478
sarek-jun-2~+00-01-00,27393.122627775694,181.81188075481478
sarek-jun-2~+00-02-00,27736.39100801676,181.81188075481478
sarek-jun-2~+00-03-00,27864.063597722008,181.81188075481478
sarek-jun-2~+00-04-00,27858.164883321326,181.81188075481478
sarek-jun-2~+00-05-00,27734.746993834855,181.81188075481478
sarek-jun-2~+00-06-00,27388.17160375638,181.81188075481478
sarek-jun-2~+00-07-00,27043.25693435962,181.81188075481478
sarek-jun-2~+00-08-00,26710.124153667588,181.81188075481478
sarek-jun-2~+00-09-00,26127.758893977945,181.81188075481478
sarek-jun-2~+00-10-00,25280.962293656215,181.81188075481478
sarek-jun-2~+00-11-00,23942.768540252502,181.81188075481478
sarek-jun-2~+00-12-00,22208.339211114362,181.81188075481478
sarek-jun-2~+00-13-00,20487.334224816437,181.81188075481478
sarek-jun-2~+00-14-00,19093.404917802534,181.81188075481478
sarek-jun-2~+00-15-00,18282.080788038227,181.81188075481478
sarek-jun-2~+00-16-00,18067.91239851586,181.81188075481478
sarek-jun-2~+00-17-00,18603.85094683321,181.81188075481478
sarek-jun-2~+00-18-00,20027.818052871193,181.81188075481478
sarek-jun-2~+00-19-00,21372.64373434844,181.81188075481478
sarek-jun-2~+00-20-00,21916.33030148539,181.81188075481478
sarek-jun-2~+00-21-00,22423.558876022038,181.81188075481478
sarek-jun-2~+00-22-00,22975.233989284723,181.81188075481478
sarek-jun-2~+00-23-00,23461.22355992383,181.81188075481478
sarek-jun-2~+01-00-00,23993.864103145617,181.81188075481478
