trace,op_ems,emb_ems
chipseq-dec-2,14397.494054899504,93.55153285104065
chipseq-dec-2~+00-01-00,14814.566925890898,93.55153285104065
chipseq-dec-2~+00-02-00,15204.550615908329,93.55153285104065
chipseq-dec-2~+00-03-00,15664.621649544679,93.55153285104065
chipseq-dec-2~+00-04-00,16129.560934039302,93.55153285104065
chipseq-dec-2~+00-05-00,16433.366697454203,93.55153285104065
chipseq-dec-2~+00-06-00,16544.968745507016,93.55153285104065
chipseq-dec-2~+00-07-00,16366.653041798338,93.55153285104065
chipseq-dec-2~+00-08-00,15612.298307538878,93.55153285104065
chipseq-dec-2~+00-09-00,14036.316017253162,93.55153285104065
chipseq-dec-2~+00-10-00,11867.024372524758,93.55153285104065
chipseq-dec-2~+00-11-00,9829.568520053885,93.55153285104065
chipseq-dec-2~+00-12-00,8315.903339162203,93.55153285104065
chipseq-dec-2~+00-13-00,7260.047712637876,93.55153285104065
chipseq-dec-2~+00-14-00,6632.190353303597,93.55153285104065
chipseq-dec-2~+00-15-00,5985.6860461651895,93.55153285104065
chipseq-dec-2~+00-16-00,5427.148264042702,93.55153285104065
chipseq-dec-2~+00-17-00,5575.682556195705,93.55153285104065
chipseq-dec-2~+00-18-00,6350.260170736439,93.55153285104065
chipseq-dec-2~+00-19-00,7569.097864873653,93.55153285104065
chipseq-dec-2~+00-20-00,9127.619814072403,93.55153285104065
chipseq-dec-2~+00-21-00,10790.89762756472,93.55153285104065
chipseq-dec-2~+00-22-00,12175.538842418553,93.55153285104065
chipseq-dec-2~+00-23-00,12927.607004815063,93.55153285104065
chipseq-dec-2~+01-00-00,13221.394986012565,93.55153285104065
