trace,op_ems,emb_ems
rnaseq-jun-1,8901.837507828199,60.34201273201991
rnaseq-jun-1~+00-01-00,9146.302480054626,60.34201273201991
rnaseq-jun-1~+00-02-00,9365.587139069,60.34201273201991
rnaseq-jun-1~+00-03-00,9531.807875969098,60.34201273201991
rnaseq-jun-1~+00-04-00,9607.771845057223,60.34201273201991
rnaseq-jun-1~+00-05-00,9600.848760311663,60.34201273201991
rnaseq-jun-1~+00-06-00,9547.149576598003,60.34201273201991
rnaseq-jun-1~+00-07-00,9491.271112713206,60.34201273201991
rnaseq-jun-1~+00-08-00,9360.4680117013,60.34201273201991
rnaseq-jun-1~+00-09-00,9193.961779974383,60.34201273201991
rnaseq-jun-1~+00-10-00,9073.68759074287,60.34201273201991
rnaseq-jun-1~+00-11-00,8900.717369990347,60.34201273201991
rnaseq-jun-1~+00-12-00,8540.135230187418,60.34201273201991
rnaseq-jun-1~+00-13-00,7963.001990721009,60.34201273201991
rnaseq-jun-1~+00-14-00,7249.651791151509,60.34201273201991
rnaseq-jun-1~+00-15-00,6589.629696419519,60.34201273201991
rnaseq-jun-1~+00-16-00,6208.662315351731,60.34201273201991
rnaseq-jun-1~+00-17-00,6084.485626671216,60.34201273201991
rnaseq-jun-1~+00-18-00,6172.160534555155,60.34201273201991
rnaseq-jun-1~+00-19-00,6478.160554045614,60.34201273201991
rnaseq-jun-1~+00-20-00,7106.142193315613,60.34201273201991
rnaseq-jun-1~+00-21-00,7760.253944535729,60.34201273201991
rnaseq-jun-1~+00-22-00,7836.064082801396,60.34201273201991
rnaseq-jun-1~+00-23-00,7666.262094739059,60.34201273201991
rnaseq-jun-1~+01-00-00,7828.447578994761,60.34201273201991
