trace,op_ems,emb_ems
nanoseq-feb-3,264.99914119231124,2.2520341597586646
nanoseq-feb-3~+00-01-00,271.04479932521616,2.2520341597586646
nanoseq-feb-3~+00-02-00,279.4661638249123,2.2520341597586646
nanoseq-feb-3~+00-03-00,290.5086567507804,2.2520341597586646
nanoseq-feb-3~+00-04-00,291.18654031771536,2.2520341597586646
nanoseq-feb-3~+00-05-00,291.2494266656251,2.2520341597586646
nanoseq-feb-3~+00-06-00,293.11845107826355,2.2520341597586646
nanoseq-feb-3~+00-07-00,292.382342747822,2.2520341597586646
nanoseq-feb-3~+00-08-00,290.0895949073307,2.2520341597586646
nanoseq-feb-3~+00-09-00,284.0029963195303,2.2520341597586646
nanoseq-feb-3~+00-10-00,282.0571972068088,2.2520341597586646
nanoseq-feb-3~+00-11-00,282.59783819311684,2.2520341597586646
nanoseq-feb-3~+00-12-00,283.11994322318765,2.2520341597586646
nanoseq-feb-3~+00-13-00,278.2193460878054,2.2520341597586646
nanoseq-feb-3~+00-14-00,274.6920430666799,2.2520341597586646
nanoseq-feb-3~+00-15-00,266.30330143345714,2.2520341597586646
nanoseq-feb-3~+00-16-00,262.0582884947094,2.2520341597586646
nanoseq-feb-3~+00-17-00,260.140136607982,2.2520341597586646
nanoseq-feb-3~+00-18-00,269.0661001629601,2.2520341597586646
nanoseq-feb-3~+00-19-00,267.39080400220803,2.2520341597586646
nanoseq-feb-3~+00-20-00,267.7447448948318,2.2520341597586646
nanoseq-feb-3~+00-21-00,262.67340076452155,2.2520341597586646
nanoseq-feb-3~+00-22-00,262.008785999853,2.2520341597586646
nanoseq-feb-3~+00-23-00,268.5592471517753,2.2520341597586646
nanoseq-feb-3~+01-00-00,277.2120363199446,2.2520341597586646
