trace,op_ems,emb_ems
chipseq-jun-3,18557.515604255328,100.15869459141447
chipseq-jun-3~+00-01-00,18768.19315834471,100.15869459141447
chipseq-jun-3~+00-02-00,19048.33350764523,100.15869459141447
chipseq-jun-3~+00-03-00,18950.599427640955,100.15869459141447
chipseq-jun-3~+00-04-00,18872.575648579026,100.15869459141447
chipseq-jun-3~+00-05-00,18882.241462219015,100.15869459141447
chipseq-jun-3~+00-06-00,18964.940941553134,100.15869459141447
chipseq-jun-3~+00-07-00,18980.115773699912,100.15869459141447
chipseq-jun-3~+00-08-00,19140.111635833207,100.15869459141447
chipseq-jun-3~+00-09-00,19231.370440890405,100.15869459141447
chipseq-jun-3~+00-10-00,19405.3362217614,100.15869459141447
chipseq-jun-3~+00-11-00,19315.41640134163,100.15869459141447
chipseq-jun-3~+00-12-00,19417.510839547682,100.15869459141447
chipseq-jun-3~+00-13-00,19530.892732124586,100.15869459141447
chipseq-jun-3~+00-14-00,19303.729510381625,100.15869459141447
chipseq-jun-3~+00-15-00,18960.257156062293,100.15869459141447
chipseq-jun-3~+00-16-00,18861.927900003164,100.15869459141447
chipseq-jun-3~+00-17-00,18804.060181295514,100.15869459141447
chipseq-jun-3~+00-18-00,19052.26655663881,100.15869459141447
chipseq-jun-3~+00-19-00,19351.092109555357,100.15869459141447
chipseq-jun-3~+00-20-00,19364.19175896157,100.15869459141447
chipseq-jun-3~+00-21-00,19033.36332052483,100.15869459141447
chipseq-jun-3~+00-22-00,18471.427417086525,100.15869459141447
chipseq-jun-3~+00-23-00,18725.630190356078,100.15869459141447
chipseq-jun-3~+01-00-00,18844.839056302066,100.15869459141447
