trace,op_ems,emb_ems
montage-jul-2,828.6868555517236,5.194323604266486
montage-jul-2~+00-01-00,829.5080119305048,5.194323604266486
montage-jul-2~+00-02-00,838.9526192126988,5.194323604266486
montage-jul-2~+00-03-00,839.4874363198679,5.194323604266486
montage-jul-2~+00-04-00,864.8044574904836,5.194323604266486
montage-jul-2~+00-05-00,846.969472458043,5.194323604266486
montage-jul-2~+00-06-00,837.3574594127074,5.194323604266486
montage-jul-2~+00-07-00,858.910418087312,5.194323604266486
montage-jul-2~+00-08-00,872.6407051551533,5.194323604266486
montage-jul-2~+00-09-00,900.6588961120286,5.194323604266486
montage-jul-2~+00-10-00,884.8036952501209,5.194323604266486
montage-jul-2~+00-11-00,893.4087977119241,5.194323604266486
montage-jul-2~+00-12-00,872.4186217386557,5.194323604266486
montage-jul-2~+00-13-00,875.719634312098,5.194323604266486
montage-jul-2~+00-14-00,890.1851510537074,5.194323604266486
montage-jul-2~+00-15-00,887.8493284792709,5.194323604266486
montage-jul-2~+00-16-00,873.4979100211161,5.194323604266486
montage-jul-2~+00-17-00,803.5033353725992,5.194323604266486
montage-jul-2~+00-18-00,892.3588880589476,5.194323604266486
montage-jul-2~+00-19-00,880.4601602753587,5.194323604266486
montage-jul-2~+00-20-00,877.1474377585171,5.194323604266486
montage-jul-2~+00-21-00,885.6648864235333,5.194323604266486
montage-jul-2~+00-22-00,899.4326282015425,5.194323604266486
montage-jul-2~+00-23-00,859.8353945379178,5.194323604266486
montage-jul-2~+01-00-00,856.258691780802,5.194323604266486
