trace,op_ems,emb_ems
nanoseq-aug-3,263.598793049777,2.2520341597586646
nanoseq-aug-3~+00-01-00,268.86757233668607,2.2520341597586646
nanoseq-aug-3~+00-02-00,272.71983834863016,2.2520341597586646
nanoseq-aug-3~+00-03-00,276.9089641010043,2.2520341597586646
nanoseq-aug-3~+00-04-00,282.2080907276342,2.2520341597586646
nanoseq-aug-3~+00-05-00,284.7298486573484,2.2520341597586646
nanoseq-aug-3~+00-06-00,286.92283639595456,2.2520341597586646
nanoseq-aug-3~+00-07-00,288.48118823944424,2.2520341597586646
nanoseq-aug-3~+00-08-00,285.4750629944489,2.2520341597586646
nanoseq-aug-3~+00-09-00,282.35315707525143,2.2520341597586646
nanoseq-aug-3~+00-10-00,279.54302981187277,2.2520341597586646
nanoseq-aug-3~+00-11-00,274.606615570384,2.2520341597586646
nanoseq-aug-3~+00-12-00,272.9100055337356,2.2520341597586646
nanoseq-aug-3~+00-13-00,273.9917998277721,2.2520341597586646
nanoseq-aug-3~+00-14-00,276.15476356895925,2.2520341597586646
nanoseq-aug-3~+00-15-00,279.8146315328259,2.2520341597586646
nanoseq-aug-3~+00-16-00,285.49691535431685,2.2520341597586646
nanoseq-aug-3~+00-17-00,286.9431863201676,2.2520341597586646
nanoseq-aug-3~+00-18-00,286.91363105103784,2.2520341597586646
nanoseq-aug-3~+00-19-00,281.27286106205526,2.2520341597586646
nanoseq-aug-3~+00-20-00,274.4542708823606,2.2520341597586646
nanoseq-aug-3~+00-21-00,268.25159935382135,2.2520341597586646
nanoseq-aug-3~+00-22-00,264.879860582559,2.2520341597586646
nanoseq-aug-3~+00-23-00,266.6900357984664,2.2520341597586646
nanoseq-aug-3~+01-00-00,270.85554870128055,2.2520341597586646
