trace,op_ems,emb_ems
rnaseq-nov-3,9110.494543164295,61.95465283773145
rnaseq-nov-3~+00-01-00,9299.08351292256,61.95465283773145
rnaseq-nov-3~+00-02-00,9426.385597777607,61.95465283773145
rnaseq-nov-3~+00-03-00,9528.955250922128,61.95465283773145
rnaseq-nov-3~+00-04-00,9654.977471961452,61.95465283773145
rnaseq-nov-3~+00-05-00,9752.656381229315,61.95465283773145
rnaseq-nov-3~+00-06-00,9781.80367648745,61.95465283773145
rnaseq-nov-3~+00-07-00,9699.992660482894,61.95465283773145
rnaseq-nov-3~+00-08-00,9483.263024243142,61.95465283773145
rnaseq-nov-3~+00-09-00,8846.975868028238,61.95465283773145
rnaseq-nov-3~+00-10-00,7796.74056146438,61.95465283773145
rnaseq-nov-3~+00-11-00,6676.998803195244,61.95465283773145
rnaseq-nov-3~+00-12-00,5847.813155518046,61.95465283773145
rnaseq-nov-3~+00-13-00,5251.9294622062835,61.95465283773145
rnaseq-nov-3~+00-14-00,4990.1806094044405,61.95465283773145
rnaseq-nov-3~+00-15-00,5000.943122615278,61.95465283773145
rnaseq-nov-3~+00-16-00,5057.6259888887735,61.95465283773145
rnaseq-nov-3~+00-17-00,5177.025435573628,61.95465283773145
rnaseq-nov-3~+00-18-00,5463.138446771757,61.95465283773145
rnaseq-nov-3~+00-19-00,5923.390835109627,61.95465283773145
rnaseq-nov-3~+00-20-00,6279.211446437548,61.95465283773145
rnaseq-nov-3~+00-21-00,6642.563315902813,61.95465283773145
rnaseq-nov-3~+00-22-00,7044.868477489331,61.95465283773145
rnaseq-nov-3~+00-23-00,7413.855667365656,61.95465283773145
rnaseq-nov-3~+01-00-00,7538.828010675938,61.95465283773145
