trace,op_ems,emb_ems
sarek-mar-2,28586.161055146717,181.81188075481478
sarek-mar-2~+00-01-00,29133.71893050124,181.81188075481478
sarek-mar-2~+00-02-00,29375.0317763216,181.81188075481478
sarek-mar-2~+00-03-00,29229.325141251862,181.81188075481478
sarek-mar-2~+00-04-00,28783.04851636217,181.81188075481478
sarek-mar-2~+00-05-00,28054.594912571465,181.81188075481478
sarek-mar-2~+00-06-00,27266.779838901,181.81188075481478
sarek-mar-2~+00-07-00,26515.929205668654,181.81188075481478
sarek-mar-2~+00-08-00,24772.03436250188,181.81188075481478
sarek-mar-2~+00-09-00,21679.231991716126,181.81188075481478
sarek-mar-2~+00-10-00,18315.253340947715,181.81188075481478
sarek-mar-2~+00-11-00,15257.980455503692,181.81188075481478
sarek-mar-2~+00-12-00,12793.478559456367,181.81188075481478
sarek-mar-2~+00-13-00,11627.16360246169,181.81188075481478
sarek-mar-2~+00-14-00,11545.805052025406,181.81188075481478
sarek-mar-2~+00-15-00,12093.693771793449,181.81188075481478
sarek-mar-2~+00-16-00,13299.835001923408,181.81188075481478
sarek-mar-2~+00-17-00,15064.272476633745,181.81188075481478
sarek-mar-2~+00-18-00,17139.67666033357,181.81188075481478
sarek-mar-2~+00-19-00,19487.283355562882,181.81188075481478
sarek-mar-2~+00-20-00,21740.873914035732,181.81188075481478
sarek-mar-2~+00-21-00,23533.224904951836,181.81188075481478
sarek-mar-2~+00-22-00,24928.403173569743,181.81188075481478
sarek-mar-2~+00-23-00,25756.919155171232,181.81188075481478
sarek-mar-2~+01-00-00,26098.171212795394,181.81188075481478
