trace,op_ems,emb_ems
montage-dec-2,887.9152444882614,5.194323604266486
montage-dec-2~+00-01-00,887.9282126679492,5.194323604266486
montage-dec-2~+00-02-00,900.6799834832049,5.194323604266486
montage-dec-2~+00-03-00,906.8106892910891,5.194323604266486
montage-dec-2~+00-04-00,913.264991301112,5.194323604266486
montage-dec-2~+00-05-00,905.2752895213846,5.194323604266486
montage-dec-2~+00-06-00,913.0630953549359,5.194323604266486
montage-dec-2~+00-07-00,912.9341329183507,5.194323604266486
montage-dec-2~+00-08-00,968.9838155327636,5.194323604266486
montage-dec-2~+00-09-00,879.4399765228054,5.194323604266486
montage-dec-2~+00-10-00,878.2353106667912,5.194323604266486
montage-dec-2~+00-11-00,940.5059691474273,5.194323604266486
montage-dec-2~+00-12-00,943.3769933394289,5.194323604266486
montage-dec-2~+00-13-00,926.2788929784737,5.194323604266486
montage-dec-2~+00-14-00,910.3796289377988,5.194323604266486
montage-dec-2~+00-15-00,906.4717739156779,5.194323604266486
montage-dec-2~+00-16-00,918.9851842393412,5.194323604266486
montage-dec-2~+00-17-00,826.2110862866319,5.194323604266486
montage-dec-2~+00-18-00,0.0,5.194323604266486
montage-dec-2~+00-19-00,563.0803017865488,5.194323604266486
montage-dec-2~+00-20-00,899.8686553531834,5.194323604266486
montage-dec-2~+00-21-00,985.8986421594259,5.194323604266486
montage-dec-2~+00-22-00,905.6470266946629,5.194323604266486
montage-dec-2~+00-23-00,887.9116133979488,5.194323604266486
montage-dec-2~+01-00-00,887.9152444882614,5.194323604266486
