trace,op_ems,emb_ems
montage-may-3,740.4084704909235,4.459453342142623
montage-may-3~+00-01-00,746.9097772964511,4.459453342142623
montage-may-3~+00-02-00,737.6743605668843,4.459453342142623
montage-may-3~+00-03-00,740.6739195810094,4.459453342142623
montage-may-3~+00-04-00,742.5990530556398,4.459453342142623
montage-may-3~+00-05-00,744.9583719321791,4.459453342142623
montage-may-3~+00-06-00,747.0934265900952,4.459453342142623
montage-may-3~+00-07-00,742.8086265829024,4.459453342142623
montage-may-3~+00-08-00,763.8018476984314,4.459453342142623
montage-may-3~+00-09-00,774.8897384823391,4.459453342142623
montage-may-3~+00-10-00,765.6993054222456,4.459453342142623
montage-may-3~+00-11-00,766.1387237389014,4.459453342142623
montage-may-3~+00-12-00,751.0804275417029,4.459453342142623
montage-may-3~+00-13-00,746.8288123319109,4.459453342142623
montage-may-3~+00-14-00,778.0345283070968,4.459453342142623
montage-may-3~+00-15-00,745.9376323730137,4.459453342142623
montage-may-3~+00-16-00,751.2407705798721,4.459453342142623
montage-may-3~+00-17-00,740.23034033645,4.459453342142623
montage-may-3~+00-18-00,641.6053477663884,4.459453342142623
montage-may-3~+00-19-00,410.8392823164575,4.459453342142623
montage-may-3~+00-20-00,773.0218134866118,4.459453342142623
montage-may-3~+00-21-00,754.2722058842057,4.459453342142623
montage-may-3~+00-22-00,749.5184892381154,4.459453342142623
montage-may-3~+00-23-00,757.0007330173256,4.459453342142623
montage-may-3~+01-00-00,742.0825108156866,4.459453342142623
