trace,op_ems,emb_ems
chipseq-mar-3,15158.06233823498,95.28231502287919
chipseq-mar-3~+00-01-00,15666.538040699088,95.28231502287919
chipseq-mar-3~+00-02-00,16052.744421530351,95.28231502287919
chipseq-mar-3~+00-03-00,16185.98870883594,95.28231502287919
chipseq-mar-3~+00-04-00,16073.984358480267,95.28231502287919
chipseq-mar-3~+00-05-00,15799.529583483021,95.28231502287919
chipseq-mar-3~+00-06-00,15397.744623347333,95.28231502287919
chipseq-mar-3~+00-07-00,14928.479683788439,95.28231502287919
chipseq-mar-3~+00-08-00,14460.075105938542,95.28231502287919
chipseq-mar-3~+00-09-00,13809.809255926077,95.28231502287919
chipseq-mar-3~+00-10-00,12420.225001323884,95.28231502287919
chipseq-mar-3~+00-11-00,10098.328287018496,95.28231502287919
chipseq-mar-3~+00-12-00,7913.72450972248,95.28231502287919
chipseq-mar-3~+00-13-00,6663.807519089061,95.28231502287919
chipseq-mar-3~+00-14-00,6124.21048697126,95.28231502287919
chipseq-mar-3~+00-15-00,6102.769029378994,95.28231502287919
chipseq-mar-3~+00-16-00,6510.336995333875,95.28231502287919
chipseq-mar-3~+00-17-00,7175.664257841296,95.28231502287919
chipseq-mar-3~+00-18-00,8100.231294449243,95.28231502287919
chipseq-mar-3~+00-19-00,9308.441434631632,95.28231502287919
chipseq-mar-3~+00-20-00,10651.360416226367,95.28231502287919
chipseq-mar-3~+00-21-00,11954.040431705109,95.28231502287919
chipseq-mar-3~+00-22-00,13055.897568665456,95.28231502287919
chipseq-mar-3~+00-23-00,13781.517335138244,95.28231502287919
chipseq-mar-3~+01-00-00,14189.322208463547,95.28231502287919
