trace,op_ems,emb_ems
chipseq-sep-1,13504.874641445334,95.2845684694022
chipseq-sep-1~+00-01-00,14010.867769505227,95.2845684694022
chipseq-sep-1~+00-02-00,14481.701763141806,95.2845684694022
chipseq-sep-1~+00-03-00,14764.164186443872,95.2845684694022
chipseq-sep-1~+00-04-00,14841.439678144201,95.2845684694022
chipseq-sep-1~+00-05-00,14850.153082214661,95.2845684694022
chipseq-sep-1~+00-06-00,14869.092350866395,95.2845684694022
chipseq-sep-1~+00-07-00,14959.722709186286,95.2845684694022
chipseq-sep-1~+00-08-00,15183.271734476803,95.2845684694022
chipseq-sep-1~+00-09-00,15387.829963737264,95.2845684694022
chipseq-sep-1~+00-10-00,14954.804062428593,95.2845684694022
chipseq-sep-1~+00-11-00,13257.416324289545,95.2845684694022
chipseq-sep-1~+00-12-00,10474.87896561257,95.2845684694022
chipseq-sep-1~+00-13-00,7742.608097240431,95.2845684694022
chipseq-sep-1~+00-14-00,5940.380495503664,95.2845684694022
chipseq-sep-1~+00-15-00,5054.823858251893,95.2845684694022
chipseq-sep-1~+00-16-00,4769.487944942941,95.2845684694022
chipseq-sep-1~+00-17-00,4907.58782889874,95.2845684694022
chipseq-sep-1~+00-18-00,5367.996101157787,95.2845684694022
chipseq-sep-1~+00-19-00,6475.898166110393,95.2845684694022
chipseq-sep-1~+00-20-00,8618.554991653611,95.2845684694022
chipseq-sep-1~+00-21-00,11333.36834024761,95.2845684694022
chipseq-sep-1~+00-22-00,13378.447746675522,95.2845684694022
chipseq-sep-1~+00-23-00,14231.83241610209,95.2845684694022
chipseq-sep-1~+01-00-00,14487.256748158296,95.2845684694022
