trace,op_ems,emb_ems
nanoseq-jun-3,222.74266012668048,2.2487745329175857
nanoseq-jun-3~+00-01-00,226.93881239738715,2.2487745329175857
nanoseq-jun-3~+00-02-00,229.6863141747424,2.2487745329175857
nanoseq-jun-3~+00-03-00,230.8846262043964,2.2487745329175857
nanoseq-jun-3~+00-04-00,230.83025033483332,2.2487745329175857
nanoseq-jun-3~+00-05-00,229.25469753913487,2.2487745329175857
nanoseq-jun-3~+00-06-00,226.76404641425074,2.2487745329175857
nanoseq-jun-3~+00-07-00,224.18374318529067,2.2487745329175857
nanoseq-jun-3~+00-08-00,220.54834151598584,2.2487745329175857
nanoseq-jun-3~+00-09-00,215.17659688443126,2.2487745329175857
nanoseq-jun-3~+00-10-00,207.69349810518048,2.2487745329175857
nanoseq-jun-3~+00-11-00,196.81957721898803,2.2487745329175857
nanoseq-jun-3~+00-12-00,183.40020303233382,2.2487745329175857
nanoseq-jun-3~+00-13-00,170.00812513062579,2.2487745329175857
nanoseq-jun-3~+00-14-00,158.71370865677392,2.2487745329175857
nanoseq-jun-3~+00-15-00,152.04552885455269,2.2487745329175857
nanoseq-jun-3~+00-16-00,151.09058631939584,2.2487745329175857
nanoseq-jun-3~+00-17-00,156.66328201576928,2.2487745329175857
nanoseq-jun-3~+00-18-00,166.37236867618452,2.2487745329175857
nanoseq-jun-3~+00-19-00,174.73564263241514,2.2487745329175857
nanoseq-jun-3~+00-20-00,181.88842261751654,2.2487745329175857
nanoseq-jun-3~+00-21-00,188.09893808772415,2.2487745329175857
nanoseq-jun-3~+00-22-00,191.29291846608214,2.2487745329175857
nanoseq-jun-3~+00-23-00,193.8798307260615,2.2487745329175857
nanoseq-jun-3~+01-00-00,198.57002537653023,2.2487745329175857
