trace,op_ems,emb_ems
chipseq-dec-1,14661.143409535349,95.2845684694022
chipseq-dec-1~+00-01-00,15080.287268599815,95.2845684694022
chipseq-dec-1~+00-02-00,15488.388138258299,95.2845684694022
chipseq-dec-1~+00-03-00,15960.051261204653,95.2845684694022
chipseq-dec-1~+00-04-00,16413.284864969086,95.2845684694022
chipseq-dec-1~+00-05-00,16717.04991792395,95.2845684694022
chipseq-dec-1~+00-06-00,16810.06682136093,95.2845684694022
chipseq-dec-1~+00-07-00,16601.628968966037,95.2845684694022
chipseq-dec-1~+00-08-00,15767.504104300166,95.2845684694022
chipseq-dec-1~+00-09-00,14094.574366583165,95.2845684694022
chipseq-dec-1~+00-10-00,11926.57075987033,95.2845684694022
chipseq-dec-1~+00-11-00,9888.99263446911,95.2845684694022
chipseq-dec-1~+00-12-00,8363.243589272943,95.2845684694022
chipseq-dec-1~+00-13-00,7371.0673675818,95.2845684694022
chipseq-dec-1~+00-14-00,6681.000626435302,95.2845684694022
chipseq-dec-1~+00-15-00,6026.661014295331,95.2845684694022
chipseq-dec-1~+00-16-00,5534.772220644651,95.2845684694022
chipseq-dec-1~+00-17-00,5712.78400264999,95.2845684694022
chipseq-dec-1~+00-18-00,6539.742744859044,95.2845684694022
chipseq-dec-1~+00-19-00,7797.543617928038,95.2845684694022
chipseq-dec-1~+00-20-00,9397.76646329116,95.2845684694022
chipseq-dec-1~+00-21-00,11078.891293369534,95.2845684694022
chipseq-dec-1~+00-22-00,12423.59262585218,95.2845684694022
chipseq-dec-1~+00-23-00,13146.188223065743,95.2845684694022
chipseq-dec-1~+01-00-00,13465.047391888691,95.2845684694022
