trace,op_ems,emb_ems
chipseq-feb-1,14609.675489751931,95.2845684694022
chipseq-feb-1~+00-01-00,15065.697938878395,95.2845684694022
chipseq-feb-1~+00-02-00,15358.414065347692,95.2845684694022
chipseq-feb-1~+00-03-00,15383.22429399301,95.2845684694022
chipseq-feb-1~+00-04-00,15206.712093160388,95.2845684694022
chipseq-feb-1~+00-05-00,15014.429213138574,95.2845684694022
chipseq-feb-1~+00-06-00,14883.068936320733,95.2845684694022
chipseq-feb-1~+00-07-00,14774.235684918454,95.2845684694022
chipseq-feb-1~+00-08-00,14526.616902080867,95.2845684694022
chipseq-feb-1~+00-09-00,13699.075926545707,95.2845684694022
chipseq-feb-1~+00-10-00,11896.071348705964,95.2845684694022
chipseq-feb-1~+00-11-00,9491.369046503876,95.2845684694022
chipseq-feb-1~+00-12-00,7526.196213973397,95.2845684694022
chipseq-feb-1~+00-13-00,6557.595550064874,95.2845684694022
chipseq-feb-1~+00-14-00,6319.171427328502,95.2845684694022
chipseq-feb-1~+00-15-00,6553.8000563350115,95.2845684694022
chipseq-feb-1~+00-16-00,7149.638102739092,95.2845684694022
chipseq-feb-1~+00-17-00,7991.81205947471,95.2845684694022
chipseq-feb-1~+00-18-00,8940.22214903347,95.2845684694022
chipseq-feb-1~+00-19-00,9868.350171890364,95.2845684694022
chipseq-feb-1~+00-20-00,10802.08454957812,95.2845684694022
chipseq-feb-1~+00-21-00,11840.983439240159,95.2845684694022
chipseq-feb-1~+00-22-00,12855.395696766307,95.2845684694022
chipseq-feb-1~+00-23-00,13392.464847237183,95.2845684694022
chipseq-feb-1~+01-00-00,13390.430245113002,95.2845684694022
