trace,op_ems,emb_ems
mag-mar-3,25830.224929346405,170.67367805536568
mag-mar-3~+00-01-00,25107.56933848849,170.67367805536568
mag-mar-3~+00-02-00,25051.7296997787,170.67367805536568
mag-mar-3~+00-03-00,24035.12713805015,170.67367805536568
mag-mar-3~+00-04-00,23357.013194798543,170.67367805536568
mag-mar-3~+00-05-00,24262.009607486747,170.67367805536568
mag-mar-3~+00-06-00,24344.02848604861,170.67367805536568
mag-mar-3~+00-07-00,24364.176115731545,170.67367805536568
mag-mar-3~+00-08-00,25022.85131019309,170.67367805536568
mag-mar-3~+00-09-00,24255.496535132945,170.67367805536568
mag-mar-3~+00-10-00,22851.210291102067,170.67367805536568
mag-mar-3~+00-11-00,22411.040037704875,170.67367805536568
mag-mar-3~+00-12-00,22351.44365076803,170.67367805536568
mag-mar-3~+00-13-00,23518.890253027726,170.67367805536568
mag-mar-3~+00-14-00,23237.087936533095,170.67367805536568
mag-mar-3~+00-15-00,23922.80693614222,170.67367805536568
mag-mar-3~+00-16-00,25309.98958488355,170.67367805536568
mag-mar-3~+00-17-00,25964.963262166737,170.67367805536568
mag-mar-3~+00-18-00,25975.19283291057,170.67367805536568
mag-mar-3~+00-19-00,25878.845049452008,170.67367805536568
mag-mar-3~+00-20-00,25984.735089701036,170.67367805536568
mag-mar-3~+00-21-00,26094.44589107145,170.67367805536568
mag-mar-3~+00-22-00,26527.107966624175,170.67367805536568
mag-mar-3~+00-23-00,26839.084090737408,170.67367805536568
mag-mar-3~+01-00-00,27117.665131675767,170.67367805536568
