trace,op_ems,emb_ems
mag-jan-1,20973.250071199443,170.94595497756436
mag-jan-1~+00-01-00,20272.1177963192,170.94595497756436
mag-jan-1~+00-02-00,19377.623689112956,170.94595497756436
mag-jan-1~+00-03-00,18412.965584699166,170.94595497756436
mag-jan-1~+00-04-00,17565.06924136059,170.94595497756436
mag-jan-1~+00-05-00,16855.905837513685,170.94595497756436
mag-jan-1~+00-06-00,16257.79252119693,170.94595497756436
mag-jan-1~+00-07-00,15672.942538562875,170.94595497756436
mag-jan-1~+00-08-00,15169.285129528644,170.94595497756436
mag-jan-1~+00-09-00,14793.492711933512,170.94595497756436
mag-jan-1~+00-10-00,14398.596784696912,170.94595497756436
mag-jan-1~+00-11-00,14157.154727270263,170.94595497756436
mag-jan-1~+00-12-00,14366.48780565938,170.94595497756436
mag-jan-1~+00-13-00,14829.074964293559,170.94595497756436
mag-jan-1~+00-14-00,15365.45235548025,170.94595497756436
mag-jan-1~+00-15-00,15896.406374967557,170.94595497756436
mag-jan-1~+00-16-00,16477.010451343325,170.94595497756436
mag-jan-1~+00-17-00,17166.35556989964,170.94595497756436
mag-jan-1~+00-18-00,17886.999007503175,170.94595497756436
mag-jan-1~+00-19-00,18675.296584454667,170.94595497756436
mag-jan-1~+00-20-00,19402.430299462405,170.94595497756436
mag-jan-1~+00-21-00,20017.87538698732,170.94595497756436
mag-jan-1~+00-22-00,20594.049708359817,170.94595497756436
mag-jan-1~+00-23-00,20828.46005279012,170.94595497756436
mag-jan-1~+01-00-00,20438.4767167951,170.94595497756436
