trace,op_ems,emb_ems
rangeland-jan-1,9227.892557920559,56.33951064719725
rangeland-jan-1~+00-01-00,9286.854430976377,56.33951064719725
rangeland-jan-1~+00-02-00,9349.88899341651,56.33951064719725
rangeland-jan-1~+00-03-00,9313.722542664347,56.33951064719725
rangeland-jan-1~+00-04-00,9341.251664908534,56.33951064719725
rangeland-jan-1~+00-05-00,9295.579358844705,56.33951064719725
rangeland-jan-1~+00-06-00,9333.318493508505,56.33951064719725
rangeland-jan-1~+00-07-00,9359.554510266626,56.33951064719725
rangeland-jan-1~+00-08-00,9398.20228774148,56.33951064719725
rangeland-jan-1~+00-09-00,9383.719473952042,56.33951064719725
rangeland-jan-1~+00-10-00,9390.595649287596,56.33951064719725
rangeland-jan-1~+00-11-00,9330.272954880402,56.33951064719725
rangeland-jan-1~+00-12-00,9309.191526589151,56.33951064719725
rangeland-jan-1~+00-13-00,9288.303745826415,56.33951064719725
rangeland-jan-1~+00-14-00,9253.897999990388,56.33951064719725
rangeland-jan-1~+00-15-00,9221.761844304136,56.33951064719725
rangeland-jan-1~+00-16-00,9168.259966823847,56.33951064719725
rangeland-jan-1~+00-17-00,8934.337287958615,56.33951064719725
rangeland-jan-1~+00-18-00,8826.371882108158,56.33951064719725
rangeland-jan-1~+00-19-00,8515.9157702563,56.33951064719725
rangeland-jan-1~+00-20-00,8647.46654101033,56.33951064719725
rangeland-jan-1~+00-21-00,8745.090765698902,56.33951064719725
rangeland-jan-1~+00-22-00,8728.74244564174,56.33951064719725
rangeland-jan-1~+00-23-00,8878.638606984703,56.33951064719725
rangeland-jan-1~+01-00-00,8969.580017458478,56.33951064719725
