trace,op_ems,emb_ems
mag-sep-3,26842.31162877019,170.67367805536568
mag-sep-3~+00-01-00,26917.075829649697,170.67367805536568
mag-sep-3~+00-02-00,25526.94673847853,170.67367805536568
mag-sep-3~+00-03-00,24178.302454311168,170.67367805536568
mag-sep-3~+00-04-00,21178.486997411856,170.67367805536568
mag-sep-3~+00-05-00,18596.553804614512,170.67367805536568
mag-sep-3~+00-06-00,18121.180494507866,170.67367805536568
mag-sep-3~+00-07-00,17066.476745614964,170.67367805536568
mag-sep-3~+00-08-00,17528.138657086783,170.67367805536568
mag-sep-3~+00-09-00,19526.817092338024,170.67367805536568
mag-sep-3~+00-10-00,17995.53346943176,170.67367805536568
mag-sep-3~+00-11-00,19443.34644846015,170.67367805536568
mag-sep-3~+00-12-00,19067.64138709681,170.67367805536568
mag-sep-3~+00-13-00,18103.223367068516,170.67367805536568
mag-sep-3~+00-14-00,19196.014650027602,170.67367805536568
mag-sep-3~+00-15-00,18933.029673782956,170.67367805536568
mag-sep-3~+00-16-00,20810.553815448777,170.67367805536568
mag-sep-3~+00-17-00,23373.81882990382,170.67367805536568
mag-sep-3~+00-18-00,23649.848880189336,170.67367805536568
mag-sep-3~+00-19-00,25510.25499970238,170.67367805536568
mag-sep-3~+00-20-00,26379.418390836043,170.67367805536568
mag-sep-3~+00-21-00,26267.91227313443,170.67367805536568
mag-sep-3~+00-22-00,26838.754338217095,170.67367805536568
mag-sep-3~+00-23-00,26896.553707795716,170.67367805536568
mag-sep-3~+01-00-00,26936.668233763445,170.67367805536568
