trace,op_ems,emb_ems
nanoseq-dec-1,282.2397890601068,2.2493885276446886
nanoseq-dec-1~+00-01-00,283.641088204184,2.2493885276446886
nanoseq-dec-1~+00-02-00,286.97874954236687,2.2493885276446886
nanoseq-dec-1~+00-03-00,290.735325208603,2.2493885276446886
nanoseq-dec-1~+00-04-00,290.08221854791924,2.2493885276446886
nanoseq-dec-1~+00-05-00,288.47596755121543,2.2493885276446886
nanoseq-dec-1~+00-06-00,288.8885961142304,2.2493885276446886
nanoseq-dec-1~+00-07-00,286.31233272300466,2.2493885276446886
nanoseq-dec-1~+00-08-00,285.04388680026034,2.2493885276446886
nanoseq-dec-1~+00-09-00,285.40942101472194,2.2493885276446886
nanoseq-dec-1~+00-10-00,245.3481095436519,2.2493885276446886
nanoseq-dec-1~+00-11-00,221.91995464643915,2.2493885276446886
nanoseq-dec-1~+00-12-00,219.79901502222577,2.2493885276446886
nanoseq-dec-1~+00-13-00,218.61130865131017,2.2493885276446886
nanoseq-dec-1~+00-14-00,220.07166907075998,2.2493885276446886
nanoseq-dec-1~+00-15-00,261.2130649853181,2.2493885276446886
nanoseq-dec-1~+00-16-00,257.1810693826382,2.2493885276446886
nanoseq-dec-1~+00-17-00,258.9006795527817,2.2493885276446886
nanoseq-dec-1~+00-18-00,259.0997176403809,2.2493885276446886
nanoseq-dec-1~+00-19-00,272.4413122957469,2.2493885276446886
nanoseq-dec-1~+00-20-00,284.4054412387265,2.2493885276446886
nanoseq-dec-1~+00-21-00,280.84864123506605,2.2493885276446886
nanoseq-dec-1~+00-22-00,279.5973058500287,2.2493885276446886
nanoseq-dec-1~+00-23-00,280.80723864588106,2.2493885276446886
nanoseq-dec-1~+01-00-00,282.2122183443938,2.2493885276446886
