trace,op_ems,emb_ems
mag-aug-3,19219.111907347375,170.30505238040828
mag-aug-3~+00-01-00,19279.122279936873,170.30505238040828
mag-aug-3~+00-02-00,19081.392448034738,170.30505238040828
mag-aug-3~+00-03-00,18712.8234774852,170.30505238040828
mag-aug-3~+00-04-00,18157.744512481084,170.30505238040828
mag-aug-3~+00-05-00,17545.642989710723,170.30505238040828
mag-aug-3~+00-06-00,17038.495940336,170.30505238040828
mag-aug-3~+00-07-00,16682.019090456797,170.30505238040828
mag-aug-3~+00-08-00,16426.43362868377,170.30505238040828
mag-aug-3~+00-09-00,16311.44555150152,170.30505238040828
mag-aug-3~+00-10-00,16330.214971546064,170.30505238040828
mag-aug-3~+00-11-00,16502.27031944333,170.30505238040828
mag-aug-3~+00-12-00,16621.744190748967,170.30505238040828
mag-aug-3~+00-13-00,16670.162949957903,170.30505238040828
mag-aug-3~+00-14-00,16664.184070698946,170.30505238040828
mag-aug-3~+00-15-00,16754.45130694595,170.30505238040828
mag-aug-3~+00-16-00,17092.766010919,170.30505238040828
mag-aug-3~+00-17-00,17651.41475336232,170.30505238040828
mag-aug-3~+00-18-00,18227.475951977987,170.30505238040828
mag-aug-3~+00-19-00,18736.065399492247,170.30505238040828
mag-aug-3~+00-20-00,19204.014352708666,170.30505238040828
mag-aug-3~+00-21-00,19675.969479288447,170.30505238040828
mag-aug-3~+00-22-00,20038.06235429235,170.30505238040828
mag-aug-3~+00-23-00,20281.687851634106,170.30505238040828
mag-aug-3~+01-00-00,20424.691290572893,170.30505238040828
