trace,op_ems,emb_ems
mag-aug-2,26086.20598155636,170.82096393261858
mag-aug-2~+00-01-00,26187.75429862013,170.82096393261858
mag-aug-2~+00-02-00,26215.833044813735,170.82096393261858
mag-aug-2~+00-03-00,26175.241944819827,170.82096393261858
mag-aug-2~+00-04-00,26104.903239844793,170.82096393261858
mag-aug-2~+00-05-00,26146.51398281508,170.82096393261858
mag-aug-2~+00-06-00,26194.234988482982,170.82096393261858
mag-aug-2~+00-07-00,26246.77917658208,170.82096393261858
mag-aug-2~+00-08-00,26342.496502983504,170.82096393261858
mag-aug-2~+00-09-00,26440.40144037368,170.82096393261858
mag-aug-2~+00-10-00,26499.936904671114,170.82096393261858
mag-aug-2~+00-11-00,26348.020610006137,170.82096393261858
mag-aug-2~+00-12-00,26044.960636346506,170.82096393261858
mag-aug-2~+00-13-00,25827.547254161836,170.82096393261858
mag-aug-2~+00-14-00,25648.057408096793,170.82096393261858
mag-aug-2~+00-15-00,25616.55852128959,170.82096393261858
mag-aug-2~+00-16-00,25854.024992032664,170.82096393261858
mag-aug-2~+00-17-00,25906.15373384657,170.82096393261858
mag-aug-2~+00-18-00,25970.371097312305,170.82096393261858
mag-aug-2~+00-19-00,25900.2389502665,170.82096393261858
mag-aug-2~+00-20-00,25848.625914882003,170.82096393261858
mag-aug-2~+00-21-00,25913.849856336798,170.82096393261858
mag-aug-2~+00-22-00,26002.114905342623,170.82096393261858
mag-aug-2~+00-23-00,26164.03158788811,170.82096393261858
mag-aug-2~+01-00-00,26355.062420345024,170.82096393261858
