trace,op_ems,emb_ems
rangeland-aug-1,6409.1033732532815,56.24585137653058
rangeland-aug-1~+00-01-00,6462.161900834577,56.24585137653058
rangeland-aug-1~+00-02-00,6508.479714583921,56.24585137653058
rangeland-aug-1~+00-03-00,6539.395141485039,56.24585137653058
rangeland-aug-1~+00-04-00,6573.824534886065,56.24585137653058
rangeland-aug-1~+00-05-00,6587.993685443477,56.24585137653058
rangeland-aug-1~+00-06-00,6583.953154836026,56.24585137653058
rangeland-aug-1~+00-07-00,6554.028489962838,56.24585137653058
rangeland-aug-1~+00-08-00,6424.759506637712,56.24585137653058
rangeland-aug-1~+00-09-00,6252.188315667783,56.24585137653058
rangeland-aug-1~+00-10-00,5958.535319734505,56.24585137653058
rangeland-aug-1~+00-11-00,5712.003719724048,56.24585137653058
rangeland-aug-1~+00-12-00,5409.084463365707,56.24585137653058
rangeland-aug-1~+00-13-00,5166.0755423794935,56.24585137653058
rangeland-aug-1~+00-14-00,4955.207436414755,56.24585137653058
rangeland-aug-1~+00-15-00,4971.8037330058805,56.24585137653058
rangeland-aug-1~+00-16-00,5101.3283746556735,56.24585137653058
rangeland-aug-1~+00-17-00,5365.298856413964,56.24585137653058
rangeland-aug-1~+00-18-00,5553.063106456388,56.24585137653058
rangeland-aug-1~+00-19-00,5803.593811976776,56.24585137653058
rangeland-aug-1~+00-20-00,6044.635083544279,56.24585137653058
rangeland-aug-1~+00-21-00,6318.607308855354,56.24585137653058
rangeland-aug-1~+00-22-00,6485.617173768845,56.24585137653058
rangeland-aug-1~+00-23-00,6594.448309705466,56.24585137653058
rangeland-aug-1~+01-00-00,6671.405246320307,56.24585137653058
