trace,op_ems,emb_ems
chipseq-feb-3,17482.778287998604,100.15869459141447
chipseq-feb-3~+00-01-00,17509.01194516082,100.15869459141447
chipseq-feb-3~+00-02-00,18804.515878429,100.15869459141447
chipseq-feb-3~+00-03-00,20047.257674061402,100.15869459141447
chipseq-feb-3~+00-04-00,20085.72254367129,100.15869459141447
chipseq-feb-3~+00-05-00,19974.09279546753,100.15869459141447
chipseq-feb-3~+00-06-00,20127.45218173526,100.15869459141447
chipseq-feb-3~+00-07-00,20306.848626149567,100.15869459141447
chipseq-feb-3~+00-08-00,20413.637787557513,100.15869459141447
chipseq-feb-3~+00-09-00,20246.83245981808,100.15869459141447
chipseq-feb-3~+00-10-00,19670.248032769025,100.15869459141447
chipseq-feb-3~+00-11-00,19636.043990027472,100.15869459141447
chipseq-feb-3~+00-12-00,18384.52640347728,100.15869459141447
chipseq-feb-3~+00-13-00,19826.92195761986,100.15869459141447
chipseq-feb-3~+00-14-00,20174.11254844386,100.15869459141447
chipseq-feb-3~+00-15-00,19297.432512008,100.15869459141447
chipseq-feb-3~+00-16-00,18581.53935095158,100.15869459141447
chipseq-feb-3~+00-17-00,17001.68906669325,100.15869459141447
chipseq-feb-3~+00-18-00,17209.465836391526,100.15869459141447
chipseq-feb-3~+00-19-00,19098.17177210804,100.15869459141447
chipseq-feb-3~+00-20-00,19280.453105591987,100.15869459141447
chipseq-feb-3~+00-21-00,18362.67922262023,100.15869459141447
chipseq-feb-3~+00-22-00,17976.264284834102,100.15869459141447
chipseq-feb-3~+00-23-00,17618.279136866357,100.15869459141447
chipseq-feb-3~+01-00-00,18070.521737724357,100.15869459141447
