trace,op_ems,emb_ems
nanoseq-jul-3,216.35500905839368,2.2487745329175857
nanoseq-jul-3~+00-01-00,223.81139968082212,2.2487745329175857
nanoseq-jul-3~+00-02-00,230.8720472821309,2.2487745329175857
nanoseq-jul-3~+00-03-00,236.25153224341216,2.2487745329175857
nanoseq-jul-3~+00-04-00,239.1522071418402,2.2487745329175857
nanoseq-jul-3~+00-05-00,239.87062953663713,2.2487745329175857
nanoseq-jul-3~+00-06-00,239.36158227557823,2.2487745329175857
nanoseq-jul-3~+00-07-00,238.27909771633676,2.2487745329175857
nanoseq-jul-3~+00-08-00,236.49792914066816,2.2487745329175857
nanoseq-jul-3~+00-09-00,233.3529440991464,2.2487745329175857
nanoseq-jul-3~+00-10-00,228.1087868979169,2.2487745329175857
nanoseq-jul-3~+00-11-00,220.61676668403223,2.2487745329175857
nanoseq-jul-3~+00-12-00,210.9082598142668,2.2487745329175857
nanoseq-jul-3~+00-13-00,200.25606007131498,2.2487745329175857
nanoseq-jul-3~+00-14-00,189.93387523231297,2.2487745329175857
nanoseq-jul-3~+00-15-00,180.81834553463844,2.2487745329175857
nanoseq-jul-3~+00-16-00,176.4212330232648,2.2487745329175857
nanoseq-jul-3~+00-17-00,179.79879940947762,2.2487745329175857
nanoseq-jul-3~+00-18-00,188.47756673719527,2.2487745329175857
nanoseq-jul-3~+00-19-00,198.37661599925121,2.2487745329175857
nanoseq-jul-3~+00-20-00,207.38573576093367,2.2487745329175857
nanoseq-jul-3~+00-21-00,213.14611721097464,2.2487745329175857
nanoseq-jul-3~+00-22-00,215.6878810744133,2.2487745329175857
nanoseq-jul-3~+00-23-00,218.83901759846268,2.2487745329175857
nanoseq-jul-3~+01-00-00,224.668399520927,2.2487745329175857
