trace,op_ems,emb_ems
rangeland-dec-2,8988.87907582422,56.19540575328906
rangeland-dec-2~+00-01-00,9180.652099245915,56.19540575328906
rangeland-dec-2~+00-02-00,9121.125327998423,56.19540575328906
rangeland-dec-2~+00-03-00,9090.005235055876,56.19540575328906
rangeland-dec-2~+00-04-00,9095.203208407898,56.19540575328906
rangeland-dec-2~+00-05-00,9173.275658572453,56.19540575328906
rangeland-dec-2~+00-06-00,9196.464633147914,56.19540575328906
rangeland-dec-2~+00-07-00,9144.173727953419,56.19540575328906
rangeland-dec-2~+00-08-00,8384.32023744382,56.19540575328906
rangeland-dec-2~+00-09-00,7093.163029327056,56.19540575328906
rangeland-dec-2~+00-10-00,7818.205939058678,56.19540575328906
rangeland-dec-2~+00-11-00,7790.424502271873,56.19540575328906
rangeland-dec-2~+00-12-00,7769.036512158491,56.19540575328906
rangeland-dec-2~+00-13-00,6540.968412749982,56.19540575328906
rangeland-dec-2~+00-14-00,7243.049613353179,56.19540575328906
rangeland-dec-2~+00-15-00,8021.896946637973,56.19540575328906
rangeland-dec-2~+00-16-00,8533.063616057261,56.19540575328906
rangeland-dec-2~+00-17-00,8484.059944471059,56.19540575328906
rangeland-dec-2~+00-18-00,8463.236504809067,56.19540575328906
rangeland-dec-2~+00-19-00,8386.313641529894,56.19540575328906
rangeland-dec-2~+00-20-00,9043.884709925887,56.19540575328906
rangeland-dec-2~+00-21-00,8962.455386180996,56.19540575328906
rangeland-dec-2~+00-22-00,8940.570340912918,56.19540575328906
rangeland-dec-2~+00-23-00,8936.92254780307,56.19540575328906
rangeland-dec-2~+01-00-00,8977.743155289198,56.19540575328906
