trace,op_ems,emb_ems
rangeland-sep-1,6820.504431002912,56.24585137653058
rangeland-sep-1~+00-01-00,6963.352454324662,56.24585137653058
rangeland-sep-1~+00-02-00,7040.396587203941,56.24585137653058
rangeland-sep-1~+00-03-00,7141.979119182391,56.24585137653058
rangeland-sep-1~+00-04-00,7206.381646388497,56.24585137653058
rangeland-sep-1~+00-05-00,7273.9113484323325,56.24585137653058
rangeland-sep-1~+00-06-00,7259.108130022182,56.24585137653058
rangeland-sep-1~+00-07-00,6970.085902139405,56.24585137653058
rangeland-sep-1~+00-08-00,6407.798200637558,56.24585137653058
rangeland-sep-1~+00-09-00,5808.801758628656,56.24585137653058
rangeland-sep-1~+00-10-00,5106.357290849947,56.24585137653058
rangeland-sep-1~+00-11-00,4396.913056150395,56.24585137653058
rangeland-sep-1~+00-12-00,3676.275624429961,56.24585137653058
rangeland-sep-1~+00-13-00,3053.984812958876,56.24585137653058
rangeland-sep-1~+00-14-00,2666.9900986257016,56.24585137653058
rangeland-sep-1~+00-15-00,2665.1234650951014,56.24585137653058
rangeland-sep-1~+00-16-00,3029.8739603572826,56.24585137653058
rangeland-sep-1~+00-17-00,3716.201760618607,56.24585137653058
rangeland-sep-1~+00-18-00,4336.973220020381,56.24585137653058
rangeland-sep-1~+00-19-00,4977.61575089179,56.24585137653058
rangeland-sep-1~+00-20-00,5609.970808431636,56.24585137653058
rangeland-sep-1~+00-21-00,6239.252063000577,56.24585137653058
rangeland-sep-1~+00-22-00,6763.444019201468,56.24585137653058
rangeland-sep-1~+00-23-00,7056.161273016545,56.24585137653058
rangeland-sep-1~+01-00-00,7108.747483408038,56.24585137653058
