trace,op_ems,emb_ems
chipseq-jan-1,20114.229195888773,100.71517209432965
chipseq-jan-1~+00-01-00,20694.788416810832,100.71517209432965
chipseq-jan-1~+00-02-00,20792.126227755594,100.71517209432965
chipseq-jan-1~+00-03-00,20466.75244097163,100.71517209432965
chipseq-jan-1~+00-04-00,20051.809697951358,100.71517209432965
chipseq-jan-1~+00-05-00,20150.639508991706,100.71517209432965
chipseq-jan-1~+00-06-00,20260.42166251238,100.71517209432965
chipseq-jan-1~+00-07-00,20414.378897312887,100.71517209432965
chipseq-jan-1~+00-08-00,20592.79284630299,100.71517209432965
chipseq-jan-1~+00-09-00,20553.343397716082,100.71517209432965
chipseq-jan-1~+00-10-00,20565.752203900807,100.71517209432965
chipseq-jan-1~+00-11-00,20516.19394289436,100.71517209432965
chipseq-jan-1~+00-12-00,20508.110480357776,100.71517209432965
chipseq-jan-1~+00-13-00,20522.850490940036,100.71517209432965
chipseq-jan-1~+00-14-00,20416.88986915448,100.71517209432965
chipseq-jan-1~+00-15-00,20299.460227623447,100.71517209432965
chipseq-jan-1~+00-16-00,20189.13964573107,100.71517209432965
chipseq-jan-1~+00-17-00,20094.616544407963,100.71517209432965
chipseq-jan-1~+00-18-00,20169.229795211304,100.71517209432965
chipseq-jan-1~+00-19-00,20068.550418717336,100.71517209432965
chipseq-jan-1~+00-20-00,19727.30184743282,100.71517209432965
chipseq-jan-1~+00-21-00,18877.159376280233,100.71517209432965
chipseq-jan-1~+00-22-00,18071.074702355647,100.71517209432965
chipseq-jan-1~+00-23-00,17388.879474237165,100.71517209432965
chipseq-jan-1~+01-00-00,18188.08384503422,100.71517209432965
