trace,op_ems,emb_ems
mag-mar-1,26085.17870476318,171.36263744391223
mag-mar-1~+00-01-00,25272.774505855738,171.36263744391223
mag-mar-1~+00-02-00,25156.8510847117,171.36263744391223
mag-mar-1~+00-03-00,24384.89419738199,171.36263744391223
mag-mar-1~+00-04-00,23108.354192948427,171.36263744391223
mag-mar-1~+00-05-00,24384.075675939846,171.36263744391223
mag-mar-1~+00-06-00,24082.737695452543,171.36263744391223
mag-mar-1~+00-07-00,24307.35770142089,171.36263744391223
mag-mar-1~+00-08-00,24762.425292326483,171.36263744391223
mag-mar-1~+00-09-00,24295.302555572373,171.36263744391223
mag-mar-1~+00-10-00,23417.85002836362,171.36263744391223
mag-mar-1~+00-11-00,21970.905376025876,171.36263744391223
mag-mar-1~+00-12-00,22514.61361103146,171.36263744391223
mag-mar-1~+00-13-00,23651.58812010644,171.36263744391223
mag-mar-1~+00-14-00,23244.415091472936,171.36263744391223
mag-mar-1~+00-15-00,24090.63346882272,171.36263744391223
mag-mar-1~+00-16-00,25491.03058786368,171.36263744391223
mag-mar-1~+00-17-00,25958.894573906262,171.36263744391223
mag-mar-1~+00-18-00,26060.48493472041,171.36263744391223
mag-mar-1~+00-19-00,25953.319392596775,171.36263744391223
mag-mar-1~+00-20-00,26114.53520817841,171.36263744391223
mag-mar-1~+00-21-00,26186.965234579417,171.36263744391223
mag-mar-1~+00-22-00,26617.264271615146,171.36263744391223
mag-mar-1~+00-23-00,26931.487670764487,171.36263744391223
mag-mar-1~+01-00-00,27261.50964768061,171.36263744391223
