trace,op_ems,emb_ems
mag-apr-2,21405.360428813725,170.41523942885257
mag-apr-2~+00-01-00,21477.92286670092,170.41523942885257
mag-apr-2~+00-02-00,21200.605637745193,170.41523942885257
mag-apr-2~+00-03-00,20343.758203089255,170.41523942885257
mag-apr-2~+00-04-00,19137.67794265976,170.41523942885257
mag-apr-2~+00-05-00,17732.426245161805,170.41523942885257
mag-apr-2~+00-06-00,16517.777628207536,170.41523942885257
mag-apr-2~+00-07-00,15724.302899783415,170.41523942885257
mag-apr-2~+00-08-00,15037.928134769349,170.41523942885257
mag-apr-2~+00-09-00,14376.845123786985,170.41523942885257
mag-apr-2~+00-10-00,13824.541916873952,170.41523942885257
mag-apr-2~+00-11-00,13644.97644831963,170.41523942885257
mag-apr-2~+00-12-00,13808.442823572912,170.41523942885257
mag-apr-2~+00-13-00,14104.229961360617,170.41523942885257
mag-apr-2~+00-14-00,14631.050652859902,170.41523942885257
mag-apr-2~+00-15-00,15301.662517513238,170.41523942885257
mag-apr-2~+00-16-00,15984.091856676761,170.41523942885257
mag-apr-2~+00-17-00,16745.32182863432,170.41523942885257
mag-apr-2~+00-18-00,17575.624162143456,170.41523942885257
mag-apr-2~+00-19-00,18371.336673636364,170.41523942885257
mag-apr-2~+00-20-00,19087.60416758239,170.41523942885257
mag-apr-2~+00-21-00,19654.414380841758,170.41523942885257
mag-apr-2~+00-22-00,20081.92404475782,170.41523942885257
mag-apr-2~+00-23-00,20359.203576135842,170.41523942885257
mag-apr-2~+01-00-00,20494.953122222778,170.41523942885257
