trace,op_ems,emb_ems
montage-apr-1,768.8782865091669,5.110399681598096
montage-apr-1~+00-01-00,783.654798265171,5.110399681598096
montage-apr-1~+00-02-00,755.0213837857925,5.110399681598096
montage-apr-1~+00-03-00,865.0221173760018,5.110399681598096
montage-apr-1~+00-04-00,866.3849103032993,5.110399681598096
montage-apr-1~+00-05-00,876.4321066367469,5.110399681598096
montage-apr-1~+00-06-00,881.9736065894963,5.110399681598096
montage-apr-1~+00-07-00,893.5841672742625,5.110399681598096
montage-apr-1~+00-08-00,888.8233077881413,5.110399681598096
montage-apr-1~+00-09-00,872.3832031242098,5.110399681598096
montage-apr-1~+00-10-00,872.3832031242098,5.110399681598096
montage-apr-1~+00-11-00,908.1164914215484,5.110399681598096
montage-apr-1~+00-12-00,894.7398168673226,5.110399681598096
montage-apr-1~+00-13-00,898.4646482375704,5.110399681598096
montage-apr-1~+00-14-00,899.5827212025347,5.110399681598096
montage-apr-1~+00-15-00,888.2227642706027,5.110399681598096
montage-apr-1~+00-16-00,813.4112560350464,5.110399681598096
montage-apr-1~+00-17-00,792.3822663970409,5.110399681598096
montage-apr-1~+00-18-00,648.8001356104547,5.110399681598096
montage-apr-1~+00-19-00,472.8472158171461,5.110399681598096
montage-apr-1~+00-20-00,145.7848999200901,5.110399681598096
montage-apr-1~+00-21-00,572.3625619492809,5.110399681598096
montage-apr-1~+00-22-00,872.8490026165395,5.110399681598096
montage-apr-1~+00-23-00,839.0601312054083,5.110399681598096
montage-apr-1~+01-00-00,770.6995540464787,5.110399681598096
