trace,op_ems,emb_ems
chipseq-dec-1,19552.06323027567,100.71517209432965
chipseq-dec-1~+00-01-00,19664.14793801625,100.71517209432965
chipseq-dec-1~+00-02-00,19780.967088772628,100.71517209432965
chipseq-dec-1~+00-03-00,19798.435356594466,100.71517209432965
chipseq-dec-1~+00-04-00,20088.94040901381,100.71517209432965
chipseq-dec-1~+00-05-00,20651.46319015014,100.71517209432965
chipseq-dec-1~+00-06-00,20491.494963544363,100.71517209432965
chipseq-dec-1~+00-07-00,19662.349221108427,100.71517209432965
chipseq-dec-1~+00-08-00,19550.045588227727,100.71517209432965
chipseq-dec-1~+00-09-00,20063.686112827774,100.71517209432965
chipseq-dec-1~+00-10-00,20242.87755274861,100.71517209432965
chipseq-dec-1~+00-11-00,19407.82287629419,100.71517209432965
chipseq-dec-1~+00-12-00,16170.93112313482,100.71517209432965
chipseq-dec-1~+00-13-00,9081.974608309725,100.71517209432965
chipseq-dec-1~+00-14-00,16052.758338481062,100.71517209432965
chipseq-dec-1~+00-15-00,17800.90021681475,100.71517209432965
chipseq-dec-1~+00-16-00,18662.65675627086,100.71517209432965
chipseq-dec-1~+00-17-00,18175.020589852607,100.71517209432965
chipseq-dec-1~+00-18-00,15663.912740732836,100.71517209432965
chipseq-dec-1~+00-19-00,18672.27077739562,100.71517209432965
chipseq-dec-1~+00-20-00,20208.67606913243,100.71517209432965
chipseq-dec-1~+00-21-00,19619.373773895462,100.71517209432965
chipseq-dec-1~+00-22-00,19425.67991871763,100.71517209432965
chipseq-dec-1~+00-23-00,19395.008083717697,100.71517209432965
chipseq-dec-1~+01-00-00,19552.06323027567,100.71517209432965
