trace,op_ems,emb_ems
montage-may-1,636.2520795891471,4.6572801319491965
montage-may-1~+00-01-00,655.2518702350478,4.6572801319491965
montage-may-1~+00-02-00,666.8249977218519,4.6572801319491965
montage-may-1~+00-03-00,674.6223336626329,4.6572801319491965
montage-may-1~+00-04-00,694.7471845290081,4.6572801319491965
montage-may-1~+00-05-00,717.1746627238798,4.6572801319491965
montage-may-1~+00-06-00,732.1701252624531,4.6572801319491965
montage-may-1~+00-07-00,735.2526585862391,4.6572801319491965
montage-may-1~+00-08-00,721.9379226776816,4.6572801319491965
montage-may-1~+00-09-00,713.3768619383121,4.6572801319491965
montage-may-1~+00-10-00,712.2779967117756,4.6572801319491965
montage-may-1~+00-11-00,712.9191486885134,4.6572801319491965
montage-may-1~+00-12-00,699.9865782146476,4.6572801319491965
montage-may-1~+00-13-00,651.1125743557592,4.6572801319491965
montage-may-1~+00-14-00,543.0390290632004,4.6572801319491965
montage-may-1~+00-15-00,434.40953815567525,4.6572801319491965
montage-may-1~+00-16-00,370.9226003758346,4.6572801319491965
montage-may-1~+00-17-00,328.2970558508566,4.6572801319491965
montage-may-1~+00-18-00,318.61211298351367,4.6572801319491965
montage-may-1~+00-19-00,320.88893574465646,4.6572801319491965
montage-may-1~+00-20-00,360.30927651369507,4.6572801319491965
montage-may-1~+00-21-00,466.6595453374552,4.6572801319491965
montage-may-1~+00-22-00,606.3008521745923,4.6572801319491965
montage-may-1~+00-23-00,642.6909508778107,4.6572801319491965
montage-may-1~+01-00-00,649.3970916882245,4.6572801319491965
