trace,op_ems,emb_ems
chipseq-jul-3,13752.689680700627,95.28231502287919
chipseq-jul-3~+00-01-00,14157.755395332008,95.28231502287919
chipseq-jul-3~+00-02-00,14691.262932907244,95.28231502287919
chipseq-jul-3~+00-03-00,15289.610065943192,95.28231502287919
chipseq-jul-3~+00-04-00,15756.038830909356,95.28231502287919
chipseq-jul-3~+00-05-00,15930.776481187017,95.28231502287919
chipseq-jul-3~+00-06-00,15855.662756480837,95.28231502287919
chipseq-jul-3~+00-07-00,15740.680264005674,95.28231502287919
chipseq-jul-3~+00-08-00,15718.964826558084,95.28231502287919
chipseq-jul-3~+00-09-00,15733.605698303587,95.28231502287919
chipseq-jul-3~+00-10-00,15572.309879484215,95.28231502287919
chipseq-jul-3~+00-11-00,15181.30308830879,95.28231502287919
chipseq-jul-3~+00-12-00,14640.86190721758,95.28231502287919
chipseq-jul-3~+00-13-00,14046.488305060424,95.28231502287919
chipseq-jul-3~+00-14-00,13358.445698088286,95.28231502287919
chipseq-jul-3~+00-15-00,12540.578839935788,95.28231502287919
chipseq-jul-3~+00-16-00,11792.668696661507,95.28231502287919
chipseq-jul-3~+00-17-00,11352.11248026604,95.28231502287919
chipseq-jul-3~+00-18-00,11383.415761055647,95.28231502287919
chipseq-jul-3~+00-19-00,12098.661329885506,95.28231502287919
chipseq-jul-3~+00-20-00,13286.407989544965,95.28231502287919
chipseq-jul-3~+00-21-00,14117.922155471724,95.28231502287919
chipseq-jul-3~+00-22-00,14190.410256108127,95.28231502287919
chipseq-jul-3~+00-23-00,14010.082616176709,95.28231502287919
chipseq-jul-3~+01-00-00,14175.631147042102,95.28231502287919
