trace,op_ems,emb_ems
chipseq-jul-2,13530.194579229961,93.55153285104065
chipseq-jul-2~+00-01-00,13927.789316933326,93.55153285104065
chipseq-jul-2~+00-02-00,14452.631952621965,93.55153285104065
chipseq-jul-2~+00-03-00,15042.04061113002,93.55153285104065
chipseq-jul-2~+00-04-00,15502.65151505118,93.55153285104065
chipseq-jul-2~+00-05-00,15675.868785745179,93.55153285104065
chipseq-jul-2~+00-06-00,15602.7465562662,93.55153285104065
chipseq-jul-2~+00-07-00,15488.656197057639,93.55153285104065
chipseq-jul-2~+00-08-00,15468.32367032066,93.55153285104065
chipseq-jul-2~+00-09-00,15482.224931312974,93.55153285104065
chipseq-jul-2~+00-10-00,15326.037581717876,93.55153285104065
chipseq-jul-2~+00-11-00,14941.112708021252,93.55153285104065
chipseq-jul-2~+00-12-00,14410.508881333579,93.55153285104065
chipseq-jul-2~+00-13-00,13826.72956370386,93.55153285104065
chipseq-jul-2~+00-14-00,13149.661898140186,93.55153285104065
chipseq-jul-2~+00-15-00,12344.26563164932,93.55153285104065
chipseq-jul-2~+00-16-00,11608.23584327919,93.55153285104065
chipseq-jul-2~+00-17-00,11170.463809236317,93.55153285104065
chipseq-jul-2~+00-18-00,11196.294804603827,93.55153285104065
chipseq-jul-2~+00-19-00,11899.244481742931,93.55153285104065
chipseq-jul-2~+00-20-00,13069.300801582634,93.55153285104065
chipseq-jul-2~+00-21-00,13889.875099331564,93.55153285104065
chipseq-jul-2~+00-22-00,13963.296339764378,93.55153285104065
chipseq-jul-2~+00-23-00,13786.189660224087,93.55153285104065
chipseq-jul-2~+01-00-00,13944.69486711292,93.55153285104065
