trace,op_ems,emb_ems
mag-feb-2,20771.098809578856,170.41523942885257
mag-feb-2~+00-01-00,19999.32051299466,170.41523942885257
mag-feb-2~+00-02-00,18798.657403525125,170.41523942885257
mag-feb-2~+00-03-00,17369.649626446757,170.41523942885257
mag-feb-2~+00-04-00,16017.52751191656,170.41523942885257
mag-feb-2~+00-05-00,15046.639110428525,170.41523942885257
mag-feb-2~+00-06-00,14316.905476002008,170.41523942885257
mag-feb-2~+00-07-00,13687.892158803112,170.41523942885257
mag-feb-2~+00-08-00,13087.772966721403,170.41523942885257
mag-feb-2~+00-09-00,12734.634229721918,170.41523942885257
mag-feb-2~+00-10-00,12558.634266588255,170.41523942885257
mag-feb-2~+00-11-00,12467.31101596405,170.41523942885257
mag-feb-2~+00-12-00,12816.232455016814,170.41523942885257
mag-feb-2~+00-13-00,13491.508194446476,170.41523942885257
mag-feb-2~+00-14-00,14354.43896979909,170.41523942885257
mag-feb-2~+00-15-00,15159.898248286467,170.41523942885257
mag-feb-2~+00-16-00,15813.928575627247,170.41523942885257
mag-feb-2~+00-17-00,16464.254636720125,170.41523942885257
mag-feb-2~+00-18-00,17105.54817714092,170.41523942885257
mag-feb-2~+00-19-00,17779.727106072456,170.41523942885257
mag-feb-2~+00-20-00,18189.96440830703,170.41523942885257
mag-feb-2~+00-21-00,18456.768263706224,170.41523942885257
mag-feb-2~+00-22-00,18829.83388460873,170.41523942885257
mag-feb-2~+00-23-00,19194.677045414122,170.41523942885257
mag-feb-2~+01-00-00,19370.061340613673,170.41523942885257
