trace,op_ems,emb_ems
montage-mar-1,760.0993662000257,5.110399681598096
montage-mar-1~+00-01-00,768.0693310810752,5.110399681598096
montage-mar-1~+00-02-00,846.8372700926556,5.110399681598096
montage-mar-1~+00-03-00,955.7480667966752,5.110399681598096
montage-mar-1~+00-04-00,981.3901726977687,5.110399681598096
montage-mar-1~+00-05-00,983.978951654702,5.110399681598096
montage-mar-1~+00-06-00,938.6464572553,5.110399681598096
montage-mar-1~+00-07-00,937.2137512152193,5.110399681598096
montage-mar-1~+00-08-00,937.2709383816066,5.110399681598096
montage-mar-1~+00-09-00,962.4908684106805,5.110399681598096
montage-mar-1~+00-10-00,955.3180767296371,5.110399681598096
montage-mar-1~+00-11-00,901.0201913155717,5.110399681598096
montage-mar-1~+00-12-00,913.9558758395511,5.110399681598096
montage-mar-1~+00-13-00,909.176696342619,5.110399681598096
montage-mar-1~+00-14-00,920.8180313012309,5.110399681598096
montage-mar-1~+00-15-00,975.4268264656423,5.110399681598096
montage-mar-1~+00-16-00,949.7138744289904,5.110399681598096
montage-mar-1~+00-17-00,979.9942624758929,5.110399681598096
montage-mar-1~+00-18-00,928.9972772144863,5.110399681598096
montage-mar-1~+00-19-00,883.6951326359246,5.110399681598096
montage-mar-1~+00-20-00,892.3495344268265,5.110399681598096
montage-mar-1~+00-21-00,872.7274549521012,5.110399681598096
montage-mar-1~+00-22-00,884.3604131874936,5.110399681598096
montage-mar-1~+00-23-00,828.0506454888074,5.110399681598096
montage-mar-1~+01-00-00,822.9130254072863,5.110399681598096
