trace,op_ems,emb_ems
sarek-dec-2,27450.903757165852,181.81188075481478
sarek-dec-2~+00-01-00,28324.077899831642,181.81188075481478
sarek-dec-2~+00-02-00,29140.610488939245,181.81188075481478
sarek-dec-2~+00-03-00,29847.4724816023,181.81188075481478
sarek-dec-2~+00-04-00,30377.89944585132,181.81188075481478
sarek-dec-2~+00-05-00,30556.73947066261,181.81188075481478
sarek-dec-2~+00-06-00,30059.701322220884,181.81188075481478
sarek-dec-2~+00-07-00,28292.30753951813,181.81188075481478
sarek-dec-2~+00-08-00,25348.6597622206,181.81188075481478
sarek-dec-2~+00-09-00,22064.806420896442,181.81188075481478
sarek-dec-2~+00-10-00,18608.383712314142,181.81188075481478
sarek-dec-2~+00-11-00,15827.368029381525,181.81188075481478
sarek-dec-2~+00-12-00,13979.490916119514,181.81188075481478
sarek-dec-2~+00-13-00,12276.166849850944,181.81188075481478
sarek-dec-2~+00-14-00,11008.098033550667,181.81188075481478
sarek-dec-2~+00-15-00,10638.556940473713,181.81188075481478
sarek-dec-2~+00-16-00,10924.39451658575,181.81188075481478
sarek-dec-2~+00-17-00,12177.524367648704,181.81188075481478
sarek-dec-2~+00-18-00,14380.203943905793,181.81188075481478
sarek-dec-2~+00-19-00,17149.968328693903,181.81188075481478
sarek-dec-2~+00-20-00,19971.312006761655,181.81188075481478
sarek-dec-2~+00-21-00,22072.250151879434,181.81188075481478
sarek-dec-2~+00-22-00,23506.37589130409,181.81188075481478
sarek-dec-2~+00-23-00,24540.226527303577,181.81188075481478
sarek-dec-2~+01-00-00,25248.406354513765,181.81188075481478
