trace,op_ems,emb_ems
rangeland-dec-3,9008.565840294988,56.305479409080235
rangeland-dec-3~+00-01-00,9199.620722944783,56.305479409080235
rangeland-dec-3~+00-02-00,9138.971951245754,56.305479409080235
rangeland-dec-3~+00-03-00,9107.401805365784,56.305479409080235
rangeland-dec-3~+00-04-00,9113.978990709196,56.305479409080235
rangeland-dec-3~+00-05-00,9191.606858740979,56.305479409080235
rangeland-dec-3~+00-06-00,9213.978765875103,56.305479409080235
rangeland-dec-3~+00-07-00,9162.551444358885,56.305479409080235
rangeland-dec-3~+00-08-00,8361.915940477707,56.305479409080235
rangeland-dec-3~+00-09-00,7131.633385190488,56.305479409080235
rangeland-dec-3~+00-10-00,7835.908091532068,56.305479409080235
rangeland-dec-3~+00-11-00,7806.817325741305,56.305479409080235
rangeland-dec-3~+00-12-00,7789.5369987366175,56.305479409080235
rangeland-dec-3~+00-13-00,6508.722257080394,56.305479409080235
rangeland-dec-3~+00-14-00,7263.035946042274,56.305479409080235
rangeland-dec-3~+00-15-00,8035.475139022804,56.305479409080235
rangeland-dec-3~+00-16-00,8549.713575481417,56.305479409080235
rangeland-dec-3~+00-17-00,8502.249972681837,56.305479409080235
rangeland-dec-3~+00-18-00,8480.873700548376,56.305479409080235
rangeland-dec-3~+00-19-00,8404.523710845864,56.305479409080235
rangeland-dec-3~+00-20-00,9061.982507748893,56.305479409080235
rangeland-dec-3~+00-21-00,8980.494323670053,56.305479409080235
rangeland-dec-3~+00-22-00,8958.493009039787,56.305479409080235
rangeland-dec-3~+00-23-00,8954.664976189384,56.305479409080235
rangeland-dec-3~+01-00-00,8995.600511448878,56.305479409080235
