trace,op_ems,emb_ems
rangeland-dec-1,7432.896292587727,56.24585137653058
rangeland-dec-1~+00-01-00,7634.422958889244,56.24585137653058
rangeland-dec-1~+00-02-00,7781.605859428031,56.24585137653058
rangeland-dec-1~+00-03-00,7873.033611214435,56.24585137653058
rangeland-dec-1~+00-04-00,7846.931703909329,56.24585137653058
rangeland-dec-1~+00-05-00,7558.551990317792,56.24585137653058
rangeland-dec-1~+00-06-00,7098.185895994568,56.24585137653058
rangeland-dec-1~+00-07-00,6555.567379493786,56.24585137653058
rangeland-dec-1~+00-08-00,5853.487863821018,56.24585137653058
rangeland-dec-1~+00-09-00,5233.2726726235305,56.24585137653058
rangeland-dec-1~+00-10-00,4547.866193535193,56.24585137653058
rangeland-dec-1~+00-11-00,3850.9675930837957,56.24585137653058
rangeland-dec-1~+00-12-00,3403.133425793567,56.24585137653058
rangeland-dec-1~+00-13-00,3135.9312075562993,56.24585137653058
rangeland-dec-1~+00-14-00,3062.4425262574146,56.24585137653058
rangeland-dec-1~+00-15-00,3212.708335201371,56.24585137653058
rangeland-dec-1~+00-16-00,3473.603665630823,56.24585137653058
rangeland-dec-1~+00-17-00,3922.6161298624343,56.24585137653058
rangeland-dec-1~+00-18-00,4483.138116384771,56.24585137653058
rangeland-dec-1~+00-19-00,4990.306707959941,56.24585137653058
rangeland-dec-1~+00-20-00,5502.650153894327,56.24585137653058
rangeland-dec-1~+00-21-00,5960.933460924033,56.24585137653058
rangeland-dec-1~+00-22-00,6341.275388809511,56.24585137653058
rangeland-dec-1~+00-23-00,6595.376090449632,56.24585137653058
rangeland-dec-1~+01-00-00,6787.754310143896,56.24585137653058
