trace,op_ems,emb_ems
rnaseq-nov-1,8885.739743760598,60.34201273201991
rnaseq-nov-1~+00-01-00,9072.388009982426,60.34201273201991
rnaseq-nov-1~+00-02-00,9196.845350598305,60.34201273201991
rnaseq-nov-1~+00-03-00,9296.460088592397,60.34201273201991
rnaseq-nov-1~+00-04-00,9419.077936737884,60.34201273201991
rnaseq-nov-1~+00-05-00,9517.070762732805,60.34201273201991
rnaseq-nov-1~+00-06-00,9546.809304425744,60.34201273201991
rnaseq-nov-1~+00-07-00,9470.75195253584,60.34201273201991
rnaseq-nov-1~+00-08-00,9263.382278452806,60.34201273201991
rnaseq-nov-1~+00-09-00,8662.961171593342,60.34201273201991
rnaseq-nov-1~+00-10-00,7635.846763288919,60.34201273201991
rnaseq-nov-1~+00-11-00,6535.708756201775,60.34201273201991
rnaseq-nov-1~+00-12-00,5724.17320871099,60.34201273201991
rnaseq-nov-1~+00-13-00,5132.364503155003,60.34201273201991
rnaseq-nov-1~+00-14-00,4868.811693382604,60.34201273201991
rnaseq-nov-1~+00-15-00,4879.486431979551,60.34201273201991
rnaseq-nov-1~+00-16-00,4934.6328524846995,60.34201273201991
rnaseq-nov-1~+00-17-00,5045.555139886143,60.34201273201991
rnaseq-nov-1~+00-18-00,5321.672137066366,60.34201273201991
rnaseq-nov-1~+00-19-00,5767.300574769974,60.34201273201991
rnaseq-nov-1~+00-20-00,6127.466295107202,60.34201273201991
rnaseq-nov-1~+00-21-00,6465.903942609295,60.34201273201991
rnaseq-nov-1~+00-22-00,6867.5057233876505,60.34201273201991
rnaseq-nov-1~+00-23-00,7234.213283027327,60.34201273201991
rnaseq-nov-1~+01-00-00,7350.114450312665,60.34201273201991
