trace,op_ems,emb_ems
chipseq-feb-3,14576.773260274595,95.28231502287919
chipseq-feb-3~+00-01-00,15035.34786505881,95.28231502287919
chipseq-feb-3~+00-02-00,15355.860013047928,95.28231502287919
chipseq-feb-3~+00-03-00,15392.85049301058,95.28231502287919
chipseq-feb-3~+00-04-00,15218.016216556123,95.28231502287919
chipseq-feb-3~+00-05-00,15019.34829552896,95.28231502287919
chipseq-feb-3~+00-06-00,14881.029834742156,95.28231502287919
chipseq-feb-3~+00-07-00,14783.387480391479,95.28231502287919
chipseq-feb-3~+00-08-00,14544.082782886144,95.28231502287919
chipseq-feb-3~+00-09-00,13790.177896933155,95.28231502287919
chipseq-feb-3~+00-10-00,12080.748936188262,95.28231502287919
chipseq-feb-3~+00-11-00,9623.572580542394,95.28231502287919
chipseq-feb-3~+00-12-00,7578.431942214889,95.28231502287919
chipseq-feb-3~+00-13-00,6568.7815261965625,95.28231502287919
chipseq-feb-3~+00-14-00,6311.516149399947,95.28231502287919
chipseq-feb-3~+00-15-00,6514.391285527012,95.28231502287919
chipseq-feb-3~+00-16-00,7094.00000856431,95.28231502287919
chipseq-feb-3~+00-17-00,7940.684061550027,95.28231502287919
chipseq-feb-3~+00-18-00,8867.392025963885,95.28231502287919
chipseq-feb-3~+00-19-00,9825.694988958401,95.28231502287919
chipseq-feb-3~+00-20-00,10743.186901450681,95.28231502287919
chipseq-feb-3~+00-21-00,11748.706172193959,95.28231502287919
chipseq-feb-3~+00-22-00,12819.26964586119,95.28231502287919
chipseq-feb-3~+00-23-00,13396.240905329256,95.28231502287919
chipseq-feb-3~+01-00-00,13405.421812638426,95.28231502287919
