trace,op_ems,emb_ems
chipseq-oct-3,12950.317968153528,95.28231502287919
chipseq-oct-3~+00-01-00,13274.357036912885,95.28231502287919
chipseq-oct-3~+00-02-00,13287.107238368499,95.28231502287919
chipseq-oct-3~+00-03-00,13325.712595032373,95.28231502287919
chipseq-oct-3~+00-04-00,13428.792019809573,95.28231502287919
chipseq-oct-3~+00-05-00,13412.507983208929,95.28231502287919
chipseq-oct-3~+00-06-00,13351.22660591191,95.28231502287919
chipseq-oct-3~+00-07-00,13346.549991236943,95.28231502287919
chipseq-oct-3~+00-08-00,13344.62511204102,95.28231502287919
chipseq-oct-3~+00-09-00,13046.774542752706,95.28231502287919
chipseq-oct-3~+00-10-00,12203.509360745924,95.28231502287919
chipseq-oct-3~+00-11-00,11031.28464067436,95.28231502287919
chipseq-oct-3~+00-12-00,9920.804361484543,95.28231502287919
chipseq-oct-3~+00-13-00,8981.711199883357,95.28231502287919
chipseq-oct-3~+00-14-00,8388.112919094081,95.28231502287919
chipseq-oct-3~+00-15-00,8317.896718680038,95.28231502287919
chipseq-oct-3~+00-16-00,8372.644974131606,95.28231502287919
chipseq-oct-3~+00-17-00,8390.241452449274,95.28231502287919
chipseq-oct-3~+00-18-00,8630.311638979541,95.28231502287919
chipseq-oct-3~+00-19-00,9131.83694264814,95.28231502287919
chipseq-oct-3~+00-20-00,9849.375144193978,95.28231502287919
chipseq-oct-3~+00-21-00,10520.196833207967,95.28231502287919
chipseq-oct-3~+00-22-00,11019.99500596649,95.28231502287919
chipseq-oct-3~+00-23-00,11698.127557230735,95.28231502287919
chipseq-oct-3~+01-00-00,12458.023717637961,95.28231502287919
