workflow,footprint,makespan,flexible-6h,flexible-12h,flexible-24h,flexible-48h,flexible-96h
chipseq-aug-1,11548.790525827126,13607.0,0.6%:11483.095398318794:0.0|0.0%,10.5%:10334.043170328283:0.0|0.0%,30.0%:8078.614299500236:0.0|0.0%,30.0%:8078.614299500236:0.0|0.0%,31.7%:7888.184887765791:0.0|0.0%
chipseq-aug-2,11360.052405896336,13099.0,0.5%:11297.777588846087:0.0|0.0%,10.0%:10220.468774307988:0.0|0.0%,30.1%:7938.7733702279165:0.0|0.0%,30.1%:7938.7733702279165:0.0|0.0%,31.6%:7767.181021371693:0.0|0.0%
chipseq-aug-3,11545.74965192887,13266.0,0.5%:11482.27492374258:0.0|0.0%,10.1%:10382.174669682146:0.0|0.0%,30.1%:8068.6637537027:0.0|0.0%,30.1%:8068.6637537027:0.0|0.0%,31.6%:7893.489408434294:0.0|0.0%
