workflow,footprint,makespan,flexible-6h,flexible-12h,flexible-24h,flexible-48h,flexible-96h
chipseq-sep-1,11716.283618146042,13607.0,24.5%:8841.854779933765:0.0|0.0%,26.0%:8670.136517778858:0.0|0.0%,26.5%:8613.118283064527:653.471|4.8%,35.6%:7540.118352403157:0.0|0.0%,36.6%:7425.954558117836:653.471|4.8%
chipseq-sep-2,11528.153784215525,13099.0,24.8%:8671.108601011236:0.0|0.0%,26.1%:8522.888212467831:0.0|0.0%,26.5%:8472.688083121657:792.14|6.0%,35.7%:7409.2036136790975:0.0|0.0%,36.6%:7305.451369930901:792.14|6.0%
chipseq-sep-3,11715.697924036518,13266.0,24.8%:8814.04348012683:0.0|0.0%,26.1%:8662.512092852132:0.0|0.0%,26.5%:8610.226715366129:673.372|5.1%,35.7%:7529.959140580481:0.0|0.0%,36.6%:7424.520132164397:673.372|5.1%
