workflow,footprint,makespan,flexible-6h,flexible-12h,flexible-24h,flexible-48h,flexible-96h
chipseq-jun-1,11640.850972264414,13607.0,0.3%:11611.644014249048:653.471|4.8%,8.5%:10648.444881621346:0.0|0.0%,34.5%:7619.775870635505:0.0|0.0%,35.6%:7497.415219515561:653.471|4.8%,35.7%:7489.065722270005:1412.471|10.4%
chipseq-jun-2,11447.365896226682,13099.0,0.2%:11421.556677541763:792.14|6.0%,8.0%:10530.517202932517:0.0|0.0%,34.6%:7489.716428739035:0.0|0.0%,35.6%:7375.9220216303365:792.14|6.0%,35.6%:7368.756405934611:1373.14|10.5%
chipseq-jun-3,11633.884525296044,13266.0,0.2%:11607.791035112466:673.372|5.1%,8.1%:10697.009945258536:0.0|0.0%,34.6%:7612.716175118496:0.0|0.0%,35.6%:7495.595435748792:673.372|5.1%,35.6%:7488.704077210185:1410.372|10.6%
