workflow,footprint,makespan,flexible-6h,flexible-12h,flexible-24h,flexible-48h,flexible-96h
chipseq-jun-1,11640.850972264414,13607.0,31.6%:7964.349959179622:0.0|0.0%,33.2%:7775.486620926386:0.0|0.0%,34.8%:7584.692637737876:653.471|4.8%,35.6%:7497.415219515561:653.471|4.8%,35.8%:7478.315607929382:2065.942|15.2%
chipseq-jun-2,11447.365896226682,13099.0,31.9%:7797.29747207737:0.0|0.0%,33.2%:7644.00605894526:0.0|0.0%,34.8%:7467.096647065286:792.14|6.0%,35.6%:7375.9220216303365:792.14|6.0%,35.7%:7357.5704400413415:2165.28|16.5%
chipseq-jun-3,11633.884525296044,13266.0,31.9%:7926.634014744383:0.0|0.0%,33.2%:7769.4042274135645:0.0|0.0%,34.8%:7588.213765827932:673.372|5.1%,35.6%:7495.595435748792:673.372|5.1%,35.7%:7477.304678046062:2083.744|15.7%
