workflow,footprint,makespan,flexible-6h,flexible-12h,flexible-24h,flexible-48h,flexible-96h
chipseq-may-1,13134.461571206191,13607.0,0.0%:13134.461571206191:211.471|1.6%,0.0%:13134.461571206191:787.413|5.8%,0.0%:13134.461571206191:0.0|0.0%,0.0%:13134.461571206191:788.413|5.8%,0.0%:13134.461571206191:766.884|5.6%
chipseq-may-2,12880.004649237808,13099.0,0.0%:12880.004649237808:182.28|1.4%,0.0%:12880.004649237808:572.28|4.4%,0.0%:12880.004649237808:250.14|1.9%,0.0%:12880.004649237808:471.28|3.6%,0.0%:12880.004649237808:785.42|6.0%
chipseq-may-3,13061.542756691508,13266.0,0.0%:13061.542756691508:390.744|2.9%,0.0%:13061.542756691508:790.116|6.0%,0.0%:13061.542756691508:254.372|1.9%,0.0%:13061.542756691508:534.744|4.0%,0.0%:13061.542756691508:688.116|5.2%
