workflow,footprint,makespan,flexible-6h,flexible-12h,flexible-24h,flexible-48h,flexible-96h
chipseq-mar-1,13145.583045864345,13607.0,0.0%:13145.583045864345:326.942|2.4%,0.0%:13145.583045864345:211.471|1.6%,0.0%:13144.885056572808:787.413|5.8%,0.1%:13136.753294538934:0.0|0.0%,0.1%:13134.461571206191:788.413|5.8%
chipseq-mar-2,12890.91066502888,13099.0,0.0%:12890.91066502888:585.28|4.5%,0.0%:12890.91066502888:182.28|1.4%,0.0%:12890.405847822069:572.28|4.4%,0.1%:12882.39972914381:0.0|0.0%,0.1%:12880.004649237808:471.28|3.6%
chipseq-mar-3,13072.6024880689,13266.0,0.0%:13072.6024880689:303.744|2.3%,0.0%:13072.6024880689:390.744|2.9%,0.0%:13072.03090389183:790.116|6.0%,0.1%:13063.921995158522:0.0|0.0%,0.1%:13061.542756691508:534.744|4.0%
