workflow,footprint,makespan,flexible-6h,flexible-12h,flexible-24h,flexible-48h,flexible-96h
chipseq-feb-1,13145.583045864345,13607.0,0.0%:13145.583045864345:211.471|1.6%,0.0%:13145.583045864345:787.413|5.8%,0.0%:13145.472816405496:0.0|0.0%,0.1%:13136.011280851082:865.413|6.4%,0.1%:13134.461571206191:511.942|3.8%
chipseq-feb-2,12890.91066502888,13099.0,0.0%:12890.91066502888:182.28|1.4%,0.0%:12890.91066502888:572.28|4.4%,0.0%:12890.897946366025:0.0|0.0%,0.1%:12881.952955179811:855.42|6.5%,0.1%:12880.004649237808:851.56|6.5%
chipseq-feb-3,13072.6024880689,13266.0,0.0%:13072.6024880689:390.744|2.9%,0.0%:13072.6024880689:790.116|6.0%,0.0%:13072.557166819377:0.0|0.0%,0.1%:13063.479711610493:863.116|6.5%,0.1%:13061.542756691508:769.488|5.8%
