workflow,footprint,makespan,flexible-6h,flexible-12h,flexible-24h,flexible-48h,flexible-96h
chipseq-feb-1,11569.826743711668,13607.0,40.5%:6885.311438357452:0.0|0.0%,45.3%:6332.206380288152:0.0|0.0%,46.1%:6235.467691922733:1412.471|10.4%,47.1%:6115.75928690145:2065.942|15.2%,47.6%:6066.7077780903555:2065.942|15.2%
chipseq-feb-2,11382.85311671541,13099.0,41.1%:6706.489025061753:0.0|0.0%,45.2%:6234.193908950147:0.0|0.0%,46.2%:6122.616076974556:1373.14|10.5%,47.1%:6021.368797232427:2165.28|16.5%,47.5%:5970.816279431193:2165.28|16.5%
chipseq-feb-3,11567.87320607537,13266.0,41.0%:6822.215972025467:0.0|0.0%,45.2%:6334.573808341473:0.0|0.0%,46.2%:6221.4654787962745:1410.372|10.6%,47.1%:6119.225708833583:2083.744|15.7%,47.5%:6067.981875299237:2083.744|15.7%
