workflow,footprint,makespan,flexible-6h,flexible-12h,flexible-24h,flexible-48h,flexible-96h
chipseq-mar-1,11678.873105323555,13607.0,38.4%:7199.894850080997:0.0|0.0%,44.4%:6490.01138452645:0.0|0.0%,44.4%:6490.01138452645:0.0|0.0%,53.0%:5493.798292115596:0.0|0.0%,54.3%:5335.295144736719:1412.471|10.4%
chipseq-mar-2,11490.252863336545,13099.0,39.0%:7013.493833485706:0.0|0.0%,44.4%:6389.536832783292:0.0|0.0%,44.4%:6389.536832783292:0.0|0.0%,52.9%:5417.37973826847:0.0|0.0%,54.4%:5242.085466484355:1373.14|10.5%
chipseq-mar-3,11677.007042993087,13266.0,38.9%:7134.522387911191:0.0|0.0%,44.4%:6493.764837352096:0.0|0.0%,44.4%:6493.764837352096:0.0|0.0%,52.9%:5504.399465335908:0.0|0.0%,54.4%:5326.508654641609:1410.372|10.6%
