workflow,footprint,makespan,flexible-6h,flexible-12h,flexible-24h,flexible-48h,flexible-96h
mag-aug-1,16381.300965837292,45898.0,21.7%:12828.210956510044:3586.762|7.8%,28.2%:11761.600116501853:2400.762|5.2%,28.2%:11761.600116501853:2400.762|5.2%,31.9%:11158.804499588749:2701.524|5.9%,32.8%:11000.123623526664:3444.286|7.5%
mag-aug-2,16346.82903194424,44188.0,20.4%:13016.080542831798:2628.497|5.9%,28.0%:11777.7266213743:3457.497|7.8%,28.0%:11777.7266213743:3457.497|7.8%,31.1%:11266.876678406783:3729.994|8.4%,33.0%:10954.0469652005:3880.988|8.8%
mag-aug-3,16313.375051629047,46342.0,21.8%:12754.242380554535:2158.877|4.7%,27.6%:11812.198636416535:2233.877|4.8%,27.6%:11812.198636416535:2233.877|4.8%,31.1%:11244.679374713653:3177.754|6.9%,33.0%:10937.66840285167:2412.631|5.2%
