workflow,footprint,makespan,flexible-6h,flexible-12h,flexible-24h,flexible-48h,flexible-96h
mag-aug-1,17745.665599863652,45898.0,0.0%:17744.96839410341:519.524|1.1%,0.0%:17744.448649170266:394.524|0.9%,0.0%:17742.73644418731:513.286|1.1%,0.0%:17743.85099925184:531.524|1.2%,0.0%:17745.40472212411:1840.334|4.0%
mag-aug-2,17694.02925402132,44188.0,0.0%:17693.627336590962:277.994|0.6%,0.0%:17692.804911545918:74.497|0.2%,0.0%:17691.51787664315:41.497|0.1%,0.0%:17691.642162467884:474.994|1.1%,0.0%:17693.4770971564:1771.479|4.0%
mag-aug-3,17676.678006527636,46342.0,0.0%:17676.19907080825:231.877|0.5%,0.0%:17675.642484574288:262.877|0.6%,0.0%:17673.997587386708:0.0|0.0%,0.0%:17675.335066994336:409.754|0.9%,-0.0%:17677.02633558937:1759.139|3.8%
