workflow,footprint,makespan,flexible-6h,flexible-12h,flexible-24h,flexible-48h,flexible-96h
mag-jun-1,16548.666535219847,45898.0,22.7%:12796.843876072835:2400.762|5.2%,30.8%:11450.48267220571:2400.762|5.2%,30.8%:11450.48267220571:2400.762|5.2%,34.2%:10894.17820609269:5544.286|12.1%,35.3%:10710.288078729385:7511.81|16.4%
mag-jun-2,16517.973769683078,44188.0,20.9%:13058.445909430418:3457.497|7.8%,31.0%:11396.193451639516:3457.497|7.8%,31.0%:11396.193451639516:3457.497|7.8%,34.0%:10894.07555062733:5858.491|13.3%,35.3%:10680.348153892448:11968.479|27.1%
mag-jun-3,16481.832417197376,46342.0,22.9%:12710.091798792366:2233.877|4.8%,30.5%:11449.297206206662:2233.877|4.8%,30.5%:11449.297206206662:2233.877|4.8%,33.9%:10888.194286306347:5158.631|11.1%,35.3%:10671.185243030191:8962.262|19.3%
