workflow,footprint,makespan,flexible-6h,flexible-12h,flexible-24h,flexible-48h,flexible-96h
mag-oct-1,17739.194051613795,45898.0,0.0%:17738.624205684133:0.0|0.0%,0.0%:17738.179501921448:485.524|1.1%,0.0%:17737.77189189913:531.524|1.2%,0.0%:17737.62896132499:2169.858|4.7%,0.0%:17737.599763496844:2191.62|4.8%
mag-oct-2,17687.722879618173,44188.0,0.0%:17687.15096118442:0.0|0.0%,0.0%:17686.82354939269:267.994|0.6%,0.0%:17686.59990359892:187.497|0.4%,0.0%:17686.084867627673:2194.97|5.0%,0.0%:17686.06610521641:2044.473|4.6%
mag-oct-3,17670.454228053004,46342.0,0.0%:17670.067967912928:234.877|0.5%,0.0%:17669.598480357425:79.754|0.2%,0.0%:17669.105013135937:149.877|0.3%,0.0%:17668.99199392423:1959.893|4.2%,0.0%:17669.027695779183:1919.016|4.1%
