workflow,footprint,makespan,flexible-6h,flexible-12h,flexible-24h,flexible-48h,flexible-96h
mag-sep-1,17747.118015181302,45898.0,0.0%:17746.353302398125:825.286|1.8%,0.0%:17745.665599863652:560.524|1.2%,0.0%:17745.198770803883:263.762|0.6%,0.0%:17745.290997443597:818.286|1.8%,0.0%:17745.290997443597:605.286|1.3%
mag-sep-2,17696.008656153237,44188.0,0.0%:17695.066866158842:204.994|0.5%,0.0%:17694.02925402132:187.497|0.4%,0.0%:17692.951408619578:187.497|0.4%,0.0%:17693.40135946876:542.491|1.2%,0.0%:17693.40135946876:261.994|0.6%
mag-sep-3,17678.60016534814,46342.0,0.0%:17677.649329649223:177.877|0.4%,0.0%:17676.678006527636:356.754|0.8%,0.0%:17676.555747275564:177.877|0.4%,0.0%:17676.801576265192:838.508|1.8%,0.0%:17676.801576265192:409.754|0.9%
