workflow,footprint,makespan,flexible-6h,flexible-12h,flexible-24h,flexible-48h,flexible-96h
mag-apr-1,16622.874403503323,45898.0,8.9%:15137.633121319306:2400.762|5.2%,15.7%:14014.543167840546:418.762|0.9%,15.7%:14014.543167840546:418.762|0.9%,51.8%:8008.581977648469:2400.762|5.2%,51.4%:8079.3516115331695:2651.524|5.8%
mag-apr-2,16579.48399842184,44188.0,8.5%:15168.412906333873:3457.497|7.8%,15.4%:14031.263230540755:1183.497|2.7%,16.1%:13912.215223489036:951.497|2.2%,50.5%:8202.530709297615:3457.497|7.8%,50.6%:8191.472516978165:3749.994|8.5%
mag-apr-3,16560.32616260904,46342.0,8.9%:15081.30691986034:2233.877|4.8%,15.3%:14034.13936691902:0.0|0.0%,15.5%:13995.200507305051:353.877|0.8%,50.5%:8191.706646607851:2233.877|4.8%,49.8%:8318.924689418918:3291.754|7.1%
