workflow,footprint,makespan,flexible-6h,flexible-12h,flexible-24h,flexible-48h,flexible-96h
mag-mar-1,16644.527724446405,45898.0,13.5%:14401.938941712455:5987.524|13.0%,23.2%:12778.345487659139:300.762|0.7%,23.2%:12778.345487659139:300.762|0.7%,46.8%:8847.040749774369:2701.524|5.9%,50.5%:8240.701044089352:3444.286|7.5%
mag-mar-2,16601.8696376416,44188.0,12.8%:14477.482066353336:6085.994|13.8%,23.8%:12645.746333818732:951.497|2.2%,23.8%:12645.746333818732:951.497|2.2%,45.8%:8996.790607223116:4396.994|10.0%,50.3%:8253.56270171132:5557.988|12.6%
mag-mar-3,16583.66673358235,46342.0,13.6%:14323.502317663171:4392.754|9.5%,23.1%:12750.950029965052:353.877|0.8%,23.1%:12750.950029965052:353.877|0.8%,45.8%:8987.947394360437:3315.754|7.2%,50.5%:8210.014523162266:4217.631|9.1%
