workflow,footprint,makespan,flexible-6h,flexible-12h,flexible-24h,flexible-48h,flexible-96h
mag-apr-1,16622.874403503323,45898.0,2.1%:16277.620783254757:0.0|0.0%,4.5%:15875.770404792813:0.0|0.0%,4.1%:15948.042632009376:250.762|0.5%,34.7%:10849.97027268521:1481.762|3.2%,45.4%:9077.125602696675:3586.762|7.8%
mag-apr-2,16579.48399842184,44188.0,1.9%:16260.26343957078:16.497|0.0%,4.9%:15760.19203654402:0.0|0.0%,4.5%:15826.49696714739:583.497|1.3%,37.2%:10410.684523021377:1461.497|3.3%,44.3%:9237.466258999551:4040.994|9.1%
mag-apr-3,16560.32616260904,46342.0,2.1%:16211.155273472064:26.877|0.1%,4.4%:15835.588049702763:0.0|0.0%,4.0%:15901.179592134875:214.877|0.5%,34.1%:10906.37056749037:1842.877|4.0%,43.4%:9365.566309207074:2448.754|5.3%
