workflow,footprint,makespan,flexible-6h,flexible-12h,flexible-24h,flexible-48h,flexible-96h
mag-feb-1,17746.917170815756,45898.0,-0.0%:17747.179121853555:275.762|0.6%,-0.0%:17747.520787183206:503.524|1.1%,-0.0%:17747.597847894733:854.286|1.9%,-0.0%:17747.139177596982:966.048|2.1%,-0.0%:17747.17489274334:1194.572|2.6%
mag-feb-2,17694.49683476551,44188.0,-0.0%:17694.927180440165:718.491|1.6%,-0.0%:17695.045617412572:841.491|1.9%,-0.0%:17695.562408167836:571.994|1.3%,-0.0%:17694.964703976457:1371.479|3.1%,-0.0%:17695.783416042195:920.988|2.1%
mag-feb-3,17678.166541305432,46342.0,-0.0%:17678.553409748438:0.0|0.0%,-0.0%:17678.96232657096:389.754|0.8%,-0.0%:17679.123080359957:1004.508|2.2%,-0.0%:17678.608035479305:1299.385|2.8%,-0.0%:17678.472047781932:1167.385|2.5%
