workflow,footprint,makespan,flexible-6h,flexible-12h,flexible-24h,flexible-48h,flexible-96h
mag-may-1,16448.094540710175,45898.0,13.7%:14193.359441106866:5056.524|11.0%,20.4%:13087.842166763587:0.0|0.0%,19.2%:13283.502177171491:250.762|0.5%,32.4%:11114.00951394793:2400.762|5.2%,34.8%:10723.512309722524:6965.286|15.2%
mag-may-2,16418.820533928752,44188.0,12.3%:14401.345741486284:4906.994|11.1%,22.5%:12719.759157944625:0.0|0.0%,21.5%:12894.045314409595:583.497|1.3%,32.7%:11055.612141795125:3457.497|7.8%,34.9%:10695.596036793047:7685.491|17.4%
mag-may-3,16382.145844599374,46342.0,14.0%:14085.422950908185:4804.754|10.4%,20.1%:13092.737983049155:0.0|0.0%,18.8%:13304.3099908646:214.877|0.5%,32.1%:11119.115430052938:2233.877|4.8%,34.7%:10700.420691664747:5781.631|12.5%
