workflow,footprint,makespan,flexible-6h,flexible-12h,flexible-24h,flexible-48h,flexible-96h
montage-jul-1,503.9093494278452,2003.0,29.9%:353.1570490416668:0.0|0.0%,29.9%:353.1570490416668:0.0|0.0%,30.1%:352.0126092935717:0.0|0.0%,30.2%:351.7120682758875:0.0|0.0%,33.4%:335.66448858788624:0.0|0.0%
montage-jul-2,471.0689205681672,1814.0,30.1%:329.4353530548117:0.0|0.0%,30.1%:329.4353530548117:0.0|0.0%,30.3%:328.1244627190917:0.0|0.0%,30.3%:328.1244627190917:0.0|0.0%,33.5%:313.18796772595886:0.0|0.0%
montage-jul-3,417.3426815584588,1884.0,30.1%:291.86267155605566:0.0|0.0%,30.1%:291.86267155605566:0.0|0.0%,30.3%:290.7012905690045:0.0|0.0%,30.3%:290.7012905690045:0.0|0.0%,33.5%:277.4683291034086:0.0|0.0%
