workflow,footprint,makespan,flexible-6h,flexible-12h,flexible-24h,flexible-48h,flexible-96h
montage-jun-1,503.82535066339665,2003.0,34.4%:330.40996014597437:0.0|0.0%,34.4%:330.40996014597437:0.0|0.0%,34.6%:329.46300318343515:0.0|0.0%,34.6%:329.46300318343515:0.0|0.0%,34.6%:329.3180828996616:0.0|0.0%
montage-jun-2,471.24115433490425,1814.0,34.6%:308.2410312035701:0.0|0.0%,34.6%:308.2410312035701:0.0|0.0%,34.8%:307.3798623698851:0.0|0.0%,34.8%:307.3798623698851:0.0|0.0%,35.1%:305.76277867107683:0.0|0.0%
montage-jun-3,417.49527176113696,1884.0,34.6%:273.0855993931506:0.0|0.0%,34.6%:273.0855993931506:0.0|0.0%,34.8%:272.3226483797591:0.0|0.0%,34.8%:272.3226483797591:0.0|0.0%,35.1%:270.8899959212803:0.0|0.0%
