workflow,footprint,makespan,flexible-6h,flexible-12h,flexible-24h,flexible-48h,flexible-96h
montage-may-1,502.46834330920626,2003.0,36.9%:317.13650632037337:0.0|0.0%,36.9%:317.13650632037337:0.0|0.0%,36.9%:317.13650632037337:0.0|0.0%,36.9%:317.13650632037337:0.0|0.0%,36.9%:316.99214557437494:0.0|0.0%
montage-may-2,470.15034047890356,1814.0,37.1%:295.75408311514053:0.0|0.0%,37.1%:295.75408311514053:0.0|0.0%,37.1%:295.75408311514053:0.0|0.0%,37.1%:295.75408311514053:0.0|0.0%,37.1%:295.75408311514053:0.0|0.0%
montage-may-3,416.52886714417457,1884.0,37.1%:262.02280969897816:0.0|0.0%,37.1%:262.02280969897816:0.0|0.0%,37.1%:262.02280969897816:0.0|0.0%,37.1%:262.02280969897816:0.0|0.0%,37.1%:262.02280969897816:0.0|0.0%
