workflow,footprint,makespan,flexible-6h,flexible-12h,flexible-24h,flexible-48h,flexible-96h
montage-nov-1,514.2491376242323,2003.0,38.4%:316.75068743271964:0.0|0.0%,38.4%:316.75068743271964:0.0|0.0%,47.6%:269.477883197335:0.0|0.0%,47.6%:269.477883197335:0.0|0.0%,53.3%:240.15518355434097:0.0|0.0%
montage-nov-2,479.80499995876954,1814.0,38.4%:295.5627122632108:0.0|0.0%,38.4%:295.5627122632108:0.0|0.0%,47.6%:251.39431963777824:0.0|0.0%,47.6%:251.39431963777824:0.0|0.0%,54.2%:219.73201218596802:0.0|0.0%
montage-nov-3,425.0823957276382,1884.0,38.4%:261.8532650293357:0.0|0.0%,38.4%:261.8532650293357:0.0|0.0%,47.6%:222.72235527585033:0.0|0.0%,47.6%:222.72235527585033:0.0|0.0%,54.2%:194.6711896835011:0.0|0.0%
