workflow,footprint,makespan,flexible-6h,flexible-12h,flexible-24h,flexible-48h,flexible-96h
montage-sep-1,511.07399682516416,2003.0,25.9%:378.7131038220959:0.0|0.0%,25.9%:378.7131038220959:0.0|0.0%,27.3%:371.6093904280356:0.0|0.0%,27.3%:371.6093904280356:0.0|0.0%,36.1%:326.3937716511325:0.0|0.0%
montage-sep-2,478.2644646007337,1814.0,26.1%:353.2418870348976:0.0|0.0%,26.1%:353.2418870348976:0.0|0.0%,27.5%:346.6587297285074:0.0|0.0%,27.5%:346.6587297285074:0.0|0.0%,36.3%:304.4997310483392:0.0|0.0%
montage-sep-3,423.7175611370163,1884.0,26.1%:312.9540284595807:0.0|0.0%,26.1%:312.9540284595807:0.0|0.0%,27.5%:307.1216918238794:0.0|0.0%,27.5%:307.1216918238794:0.0|0.0%,36.3%:269.7710011016399:0.0|0.0%
