workflow,footprint,makespan,flexible-6h,flexible-12h,flexible-24h,flexible-48h,flexible-96h
montage-aug-1,497.37138887568943,2003.0,0.0%:497.37138887568943:0.0|0.0%,0.0%:497.37138887568943:0.0|0.0%,25.3%:371.50389996575075:0.0|0.0%,30.6%:344.9918561705138:0.0|0.0%,33.2%:332.00340115153836:0.0|0.0%
montage-aug-2,465.7488108845148,1814.0,0.0%:465.7488108845148:0.0|0.0%,0.0%:465.7488108845148:0.0|0.0%,25.6%:346.467358876577:0.0|0.0%,31.2%:320.46962864189356:0.0|0.0%,33.5%:309.49451028371095:0.0|0.0%
montage-aug-3,412.6293397423975,1884.0,0.0%:412.6293397423975:0.0|0.0%,0.0%:412.6293397423975:0.0|0.0%,25.6%:306.95214715423646:0.0|0.0%,31.2%:283.9195037833051:0.0|0.0%,33.5%:274.1961169793088:0.0|0.0%
