workflow,footprint,makespan,flexible-6h,flexible-12h,flexible-24h,flexible-48h,flexible-96h
montage-jan-1,412.7038225867304,2003.0,0.5%:410.8329758531107:0.0|0.0%,0.5%:410.8329758531107:0.0|0.0%,34.0%:272.4068737310508:0.0|0.0%,34.0%:272.4068737310508:0.0|0.0%,34.0%:272.4068737310508:0.0|0.0%
montage-jan-2,477.03969114838173,1814.0,0.5%:474.8772005215732:0.0|0.0%,0.5%:474.8772005215732:0.0|0.0%,34.0%:314.87203122294227:0.0|0.0%,34.0%:314.87203122294227:0.0|0.0%,34.0%:314.87203122294227:0.0|0.0%
montage-jan-3,422.6324752513042,1884.0,0.5%:420.7166204843443:0.0|0.0%,0.5%:420.7166204843443:0.0|0.0%,34.0%:278.96032219626244:0.0|0.0%,34.0%:278.96032219626244:0.0|0.0%,34.0%:278.96032219626244:0.0|0.0%
