workflow,footprint,makespan,flexible-6h,flexible-12h,flexible-24h,flexible-48h,flexible-96h
montage-oct-1,512.9979646258944,2003.0,42.4%:295.5890471180072:0.0|0.0%,42.4%:295.5890471180072:0.0|0.0%,42.4%:295.5890471180072:0.0|0.0%,52.9%:241.52096986479307:0.0|0.0%,62.7%:191.57923513722014:0.0|0.0%
montage-oct-2,479.45096388269906,1814.0,42.4%:276.0237482811628:0.0|0.0%,43.2%:272.26331104073915:0.0|0.0%,43.2%:272.26331104073915:0.0|0.0%,53.2%:224.45887222863786:0.0|0.0%,62.7%:178.7116700747834:0.0|0.0%
montage-oct-3,424.76873808879924,1884.0,42.4%:244.54275425883804:0.0|0.0%,43.2%:241.21120150036325:0.0|0.0%,43.2%:241.21120150036325:0.0|0.0%,53.2%:198.85894302367052:0.0|0.0%,62.7%:158.32928974563458:0.0|0.0%
