workflow,footprint,makespan,flexible-6h,flexible-12h,flexible-24h,flexible-48h,flexible-96h
nanoseq-oct-1,188.74171379544802,19616.143,0.0%:188.7257835773063:0.0|0.0%,0.0%:188.71088957996818:0.0|0.0%,0.0%:188.69167601950474:0.0|0.0%,0.0%:188.67058930133496:346.887|1.8%,0.0%:188.66139053441103:65.419|0.3%
nanoseq-oct-2,191.52541923611972,20705.598,0.0%:191.50955343950992:0.0|0.0%,0.0%:191.49472314651675:0.0|0.0%,0.0%:191.47968217199985:0.0|0.0%,0.0%:191.45878166049303:69.538|0.3%,0.0%:191.45130883067299:14.946|0.1%
nanoseq-oct-3,188.89604900989346,19775.509,0.0%:188.87999626847125:0.0|0.0%,0.0%:188.86519380314115:0.0|0.0%,0.0%:188.8461758883158:0.0|0.0%,0.0%:188.8257865919744:73.059|0.4%,0.0%:188.816461243003:144.923|0.7%
