workflow,footprint,makespan,flexible-6h,flexible-12h,flexible-24h,flexible-48h,flexible-96h
nanoseq-jul-1,188.8927170918841,19616.143,0.0%:188.86378690031975:0.0|0.0%,0.0%:188.8496725930861:142.139|0.7%,0.0%:188.82202908481838:21.256|0.1%,0.1%:188.75227954968855:0.0|0.0%,0.1%:188.69817328959923:128.679|0.7%
nanoseq-jul-2,191.68491419916555,20705.598,0.0%:191.64674727066958:241.557|1.2%,0.0%:191.63531607188165:0.0|0.0%,0.0%:191.60386560297812:0.0|0.0%,0.1%:191.53537462640176:0.0|0.0%,0.1%:191.48843134375437:0.0|0.0%
nanoseq-jul-3,189.04752641635974,19775.509,0.0%:189.01632013899805:0.0|0.0%,0.0%:189.00413088425375:0.0|0.0%,0.0%:188.9757954882181:0.0|0.0%,0.1%:188.90708354977048:0.0|0.0%,0.1%:188.85350928571629:19.718|0.1%
