workflow,footprint,makespan,flexible-6h,flexible-12h,flexible-24h,flexible-48h,flexible-96h
nanoseq-apr-1,177.32067462292048,19616.143,0.3%:176.852202036051:0.0|0.0%,2.9%:172.25542532704497:0.0|0.0%,7.4%:164.25177405392085:0.0|0.0%,52.5%:84.24056938106538:0.0|0.0%,52.6%:84.1249398829316:253.567|1.3%
nanoseq-apr-2,180.00602427808272,20705.598,0.3%:179.51808374939063:0.0|0.0%,3.1%:174.46127044196473:0.0|0.0%,7.4%:166.6481870069737:0.0|0.0%,52.5%:85.5433510865447:0.0|0.0%,52.6%:85.34992883734547:841.132|4.1%
nanoseq-apr-3,177.46263705306205,19775.509,0.3%:176.99386100247398:0.0|0.0%,2.9%:172.3407055500882:0.0|0.0%,7.4%:164.4031457397185:0.0|0.0%,52.5%:84.36498905255075:0.0|0.0%,52.5%:84.23810116196394:2616.284|13.2%
