workflow,footprint,makespan,flexible-6h,flexible-12h,flexible-24h,flexible-48h,flexible-96h
nanoseq-nov-1,188.79958717204136,19616.143,0.0%:188.77327358988805:0.0|0.0%,0.0%:188.76178126067165:0.0|0.0%,0.0%:188.7316658685858:0.0|0.0%,0.1%:188.6768464008624:0.0|0.0%,0.1%:188.65160050741125:0.0|0.0%
nanoseq-nov-2,191.58452601063019,20705.598,0.0%:191.56021018340334:0.0|0.0%,0.0%:191.5449117116569:69.538|0.3%,0.0%:191.51420146410916:265.541|1.3%,0.1%:191.46288718479718:265.541|1.3%,0.1%:191.4426344089812:0.0|0.0%
nanoseq-nov-3,188.95331303007313,19775.509,0.0%:188.9276616593278:0.0|0.0%,0.0%:188.91603092551233:0.0|0.0%,0.0%:188.88595598041454:0.0|0.0%,0.1%:188.83162999552812:0.0|0.0%,0.1%:188.80653018370342:0.0|0.0%
