workflow,footprint,makespan,flexible-6h,flexible-12h,flexible-24h,flexible-48h,flexible-96h
nanoseq-apr-1,188.70398981681174,19616.143,0.0%:188.69817328959923:21.256|0.1%,0.0%:188.69817328959923:163.395|0.8%,0.0%:188.69817328959923:21.256|0.1%,0.0%:188.69817328959923:0.0|0.0%,0.0%:188.69817328959923:0.0|0.0%
nanoseq-apr-2,191.49426056306285,20705.598,0.0%:191.48843134375437:390.117|1.9%,0.0%:191.48843134375437:148.56|0.7%,0.0%:191.48843134375437:86.317|0.4%,0.0%:191.48843134375437:0.0|0.0%,0.0%:191.48843134375437:17.266|0.1%
nanoseq-apr-3,188.8593529114523,19775.509,0.0%:188.85350928571629:0.0|0.0%,0.0%:188.85350928571629:0.0|0.0%,0.0%:188.85350928571629:0.0|0.0%,0.0%:188.85350928571629:0.0|0.0%,0.0%:188.85350928571629:0.0|0.0%
