workflow,footprint,makespan,flexible-6h,flexible-12h,flexible-24h,flexible-48h,flexible-96h
nanoseq-jul-1,175.2953604634465,19616.143,22.6%:135.640808769155:0.0|0.0%,28.5%:125.29995751824411:253.567|1.3%,29.8%:122.98443508991313:1042.139|5.3%,32.2%:118.91293900010183:1728.269|8.8%,33.0%:117.38786901943588:1591.291|8.1%
nanoseq-jul-2,177.99431369717874,20705.598,21.3%:140.08893445928015:0.0|0.0%,28.7%:126.8878075426975:841.132|4.1%,30.0%:124.5730655209879:241.557|1.2%,32.2%:120.73438973102296:346.718|1.7%,33.1%:119.0689043557547:276.946|1.3%
nanoseq-jul-3,175.4409620720235,19775.509,22.4%:136.12035168325755:0.0|0.0%,28.5%:125.40458228918233:2616.284|13.2%,29.9%:123.06551095804056:965.522|4.9%,32.2%:119.03481761393707:1473.279|7.5%,33.0%:117.4645557231542:1480.816|7.5%
