workflow,footprint,makespan,flexible-6h,flexible-12h,flexible-24h,flexible-48h,flexible-96h
nanoseq-nov-1,188.79958717204136,19616.143,0.0%:188.7720561790407:0.0|0.0%,0.0%:188.76178126067165:281.468|1.4%,0.0%:188.7316658685858:65.419|0.3%,0.1%:188.6768464008624:0.0|0.0%,0.1%:188.6522440347771:0.0|0.0%
nanoseq-nov-2,191.58452601063019,20705.598,0.0%:191.55962332607373:86.317|0.4%,0.0%:191.5449117116569:69.538|0.3%,0.0%:191.51420146410916:0.0|0.0%,0.1%:191.46288718479718:265.541|1.3%,0.1%:191.44159742931606:14.946|0.1%
nanoseq-nov-3,188.95331303007313,19775.509,0.0%:188.92679731022986:81.503|0.4%,0.0%:188.91603092551233:73.059|0.4%,0.0%:188.88595598041454:0.0|0.0%,0.1%:188.83163165869877:0.0|0.0%,0.1%:188.80690366475946:0.0|0.0%
