workflow,footprint,makespan,flexible-6h,flexible-12h,flexible-24h,flexible-48h,flexible-96h
nanoseq-feb-1,188.85795159043707,19616.143,0.0%:188.8496725930861:0.0|0.0%,0.0%:188.83831513655775:142.139|0.7%,0.0%:188.80455098078355:21.256|0.1%,0.1%:188.73479998008457:0.0|0.0%,0.1%:188.69817328959923:0.0|0.0%
nanoseq-feb-2,191.64674727066958,20705.598,0.0%:191.63531607188165:148.56|0.7%,0.0%:191.6213840064061:0.0|0.0%,0.0%:191.58678359278665:0.0|0.0%,0.1%:191.51793943061097:0.0|0.0%,0.1%:191.48843134375437:0.0|0.0%
nanoseq-feb-3,189.01341911576338,19775.509,0.0%:189.00413088425375:0.0|0.0%,0.0%:188.9927847727075:65.522|0.3%,0.0%:188.95828955857004:0.0|0.0%,0.1%:188.88958872615123:0.0|0.0%,0.1%:188.85350928571629:0.0|0.0%
