workflow,footprint,makespan,flexible-6h,flexible-12h,flexible-24h,flexible-48h,flexible-96h
nanoseq-nov-1,176.11775921774517,19616.143,0.0%:176.07564099764946:0.0|0.0%,23.9%:134.0312970567085:0.0|0.0%,34.9%:114.66658115139353:0.0|0.0%,43.2%:100.01562832670042:905.161|4.6%,43.2%:100.01562832670042:905.161|4.6%
nanoseq-nov-2,178.74061627557026,20705.598,0.0%:178.69629191117878:0.0|0.0%,25.8%:132.58449206158608:0.0|0.0%,35.2%:115.7871115145025:0.0|0.0%,43.3%:101.3541845786914:171.785|0.8%,43.3%:101.3541845786914:171.785|0.8%
nanoseq-nov-3,176.25556551712214,19775.509,0.0%:176.21268415593792:0.0|0.0%,24.1%:133.7296762800896:0.0|0.0%,34.9%:114.74219777535222:0.0|0.0%,43.2%:100.09991065089011:973.059|4.9%,43.2%:100.09991065089011:973.059|4.9%
