workflow,footprint,makespan,flexible-6h,flexible-12h,flexible-24h,flexible-48h,flexible-96h
nanoseq-aug-1,175.13461492667957,19616.143,0.7%:173.8935573587185:0.0|0.0%,16.7%:145.8514120487387:0.0|0.0%,29.0%:124.27006637712132:0.0|0.0%,29.3%:123.76443991149534:253.567|1.3%,31.2%:120.48051329079168:1042.139|5.3%
nanoseq-aug-2,177.97508896133573,20705.598,0.7%:176.646470177082:0.0|0.0%,18.2%:145.54518819896492:0.0|0.0%,28.9%:126.51141713960263:0.0|0.0%,29.4%:125.6656173236868:841.132|4.1%,31.4%:122.03502318566532:241.557|1.2%
nanoseq-aug-3,175.28761139309367,19775.509,0.7%:174.04046341952807:0.0|0.0%,16.9%:145.63970029046845:0.0|0.0%,29.0%:124.45629687200946:0.0|0.0%,29.3%:123.90143953297734:2616.284|13.2%,31.2%:120.53165750335792:965.522|4.9%
