workflow,footprint,makespan,flexible-6h,flexible-12h,flexible-24h,flexible-48h,flexible-96h
rangeland-jul-1,6009.36305665025,24817.0,0.0%:6008.329367425654:241.814|1.0%,0.0%:6007.986303983343:495.628|2.0%,0.0%:6007.294060146854:437.628|1.8%,0.1%:6005.908463528677:437.628|1.8%,0.1%:6004.500577151552:252.814|1.0%
rangeland-jul-2,5994.983203213997,24742.0,0.0%:5993.948847623558:204.05|0.8%,0.0%:5993.60535965597:377.1|1.5%,0.0%:5992.913150645008:431.1|1.7%,0.1%:5991.5277999064765:289.1|1.2%,0.1%:5990.115802724414:0.0|0.0%
rangeland-jul-3,6006.868213410282,24839.0,0.0%:6005.835196513462:216.333|0.9%,0.0%:6005.491531847065:450.666|1.8%,0.0%:6004.799408251029:399.666|1.6%,0.1%:6003.4137030962365:478.666|1.9%,0.1%:6001.999060327652:0.0|0.0%
