workflow,footprint,makespan,flexible-6h,flexible-12h,flexible-24h,flexible-48h,flexible-96h
rangeland-aug-1,6008.442793879315,24817.0,0.0%:6008.101671673414:363.628|1.5%,0.0%:6007.755581528018:495.628|2.0%,0.0%:6007.063301547657:437.628|1.8%,0.0%:6005.6774894335995:176.814|0.7%,0.1%:6004.500577151552:516.628|2.1%
rangeland-aug-2,5994.062640018443,24742.0,0.0%:5993.720787687376:452.1|1.8%,0.0%:5993.374647263963:293.1|1.2%,0.0%:5992.682065938393:431.1|1.7%,0.0%:5991.296760353227:531.1|2.1%,0.1%:5990.115802724414:132.05|0.5%
rangeland-aug-3,6005.947805614344,24839.0,0.0%:6005.607083209524:415.666|1.7%,0.0%:6005.260971833402:471.666|1.9%,0.0%:6004.568386156443:399.666|1.6%,0.0%:6003.182558261684:471.666|1.9%,0.1%:6001.999060327652:170.333|0.7%
