workflow,footprint,makespan,flexible-6h,flexible-12h,flexible-24h,flexible-48h,flexible-96h
rangeland-may-1,5595.470696446841,24817.0,18.1%:4580.814682464026:272.814|1.1%,32.2%:3795.677406958052:249.814|1.0%,34.0%:3693.3528853882326:212.814|0.9%,36.5%:3550.67332878553:556.628|2.2%,37.5%:3496.8439972384663:743.442|3.0%
rangeland-may-2,5581.794923456102,24742.0,18.2%:4566.261361298049:267.05|1.1%,32.1%:3787.6500449564433:323.05|1.3%,33.8%:3694.7440414441708:137.05|0.6%,36.5%:3542.0178196887828:405.1|1.6%,37.4%:3495.6244672194152:733.2|3.0%
rangeland-may-3,5592.918653580331,24839.0,18.2%:4576.280882901684:327.333|1.3%,32.1%:3794.8446366722674:271.333|1.1%,33.8%:3702.3119289037504:421.333|1.7%,36.5%:3549.134953486679:576.666|2.3%,37.4%:3502.7095884112787:820.332|3.3%
