workflow,footprint,makespan,flexible-6h,flexible-12h,flexible-24h,flexible-48h,flexible-96h
rangeland-sep-1,6010.187355179683,24817.0,0.0%:6008.799144875267:296.814|1.2%,0.0%:6008.442793879315:495.628|2.0%,0.0%:6007.755581528018:437.628|1.8%,0.1%:6006.370693129753:834.442|3.4%,0.1%:6004.500577151552:449.628|1.8%
rangeland-sep-2,5995.803211892216,24742.0,0.0%:5994.474490593658:143.05|0.6%,0.0%:5994.062640018443:520.15|2.1%,0.0%:5993.374647263963:431.1|1.7%,0.1%:5991.989737806946:410.1|1.7%,0.1%:5990.115802724414:561.1|2.3%
rangeland-sep-3,6007.693078124877,24839.0,0.0%:6006.338344048465:297.333|1.2%,0.0%:6005.947805614344:747.999|3.0%,0.0%:6005.260971833402:399.666|1.6%,0.1%:6003.875366067825:362.666|1.5%,0.1%:6001.999060327652:290.666|1.2%
