workflow,footprint,makespan,flexible-6h,flexible-12h,flexible-24h,flexible-48h,flexible-96h
rangeland-sep-1,5621.505575372352,24817.0,15.2%:4769.8334576779325:272.814|1.1%,24.9%:4223.546465590481:249.814|1.0%,25.4%:4192.393417318851:212.814|0.9%,31.9%:3826.3085733842117:272.814|1.1%,35.4%:3633.7610758145674:249.814|1.0%
rangeland-sep-2,5607.8891311409125,24742.0,15.2%:4755.17611170546:267.05|1.1%,24.9%:4213.54548949237:323.05|1.3%,25.1%:4201.02871249936:143.05|0.6%,31.7%:3831.9547863596663:268.05|1.1%,35.1%:3639.3428579228344:143.05|0.6%
rangeland-sep-3,5619.059613664489,24839.0,15.2%:4765.543492475806:327.333|1.3%,24.9%:4221.868382728099:271.333|1.1%,25.1%:4209.589660426601:221.333|0.9%,31.7%:3839.8503637191643:155.333|0.6%,35.1%:3646.8329890092746:221.333|0.9%
