workflow,footprint,makespan,flexible-6h,flexible-12h,flexible-24h,flexible-48h,flexible-96h
rangeland-oct-1,5575.728924803419,24817.0,0.6%:5544.769886265018:0.0|0.0%,26.8%:4080.2412504539716:0.0|0.0%,35.4%:3601.137960296808:0.0|0.0%,35.4%:3601.137960296808:0.0|0.0%,37.3%:3495.537875604631:272.814|1.1%
rangeland-oct-2,5562.2592565959885,24742.0,0.6%:5531.283929032796:0.0|0.0%,26.8%:4074.132423463654:0.05|0.0%,35.5%:3590.0995859850987:0.0|0.0%,33.3%:3709.942390625119:267.05|1.1%,37.2%:3491.796784281596:268.05|1.1%
rangeland-oct-3,5573.353831946292,24839.0,0.6%:5542.3610114688345:0.0|0.0%,26.8%:4081.794139413777:0.333|0.0%,35.4%:3598.5459008683165:0.0|0.0%,33.3%:3718.3898009563773:327.333|1.3%,37.2%:3499.0856268268253:155.333|0.6%
