workflow,footprint,makespan,flexible-6h,flexible-12h,flexible-24h,flexible-48h,flexible-96h
rangeland-jan-1,5572.816480069382,24817.0,15.1%:4733.861244753326:608.628|2.5%,34.2%:3664.320332499316:249.814|1.0%,34.0%:3677.128264782652:249.814|1.0%,37.8%:3466.4036421333835:485.628|2.0%,39.3%:3381.107409737687:556.628|2.2%
rangeland-jan-2,5559.378946678271,24742.0,15.1%:4718.7355782672:535.1|2.2%,33.0%:3726.8254562686675:323.05|1.3%,33.2%:3713.13230304757:143.05|0.6%,37.1%:3496.297959011579:404.1|1.6%,39.1%:3386.9951579078656:405.1|1.6%
rangeland-jan-3,5570.467969327871,24839.0,15.1%:4728.681203867839:482.666|1.9%,33.0%:3734.061232458779:271.333|1.1%,33.2%:3720.9106611260218:221.333|0.9%,37.1%:3503.4496947249336:748.666|3.0%,39.1%:3393.795536190163:576.666|2.3%
