workflow,footprint,makespan,flexible-6h,flexible-12h,flexible-24h,flexible-48h,flexible-96h
rangeland-sep-1,6010.187355179683,24817.0,0.0%:6009.087993001627:800.442|3.2%,0.0%:6008.442793879315:547.628|2.2%,0.0%:6007.755581528018:1212.07|4.9%,0.1%:6006.370693129753:1421.884|5.7%,0.1%:6004.500577151552:468.628|1.9%
rangeland-sep-2,5995.803211892216,24742.0,0.0%:5994.763109477246:602.15|2.4%,0.0%:5994.062640018443:434.1|1.8%,0.0%:5993.374647263963:1000.25|4.0%,0.1%:5991.989737806946:1232.35|5.0%,0.1%:5990.115802724414:267.05|1.1%
rangeland-sep-3,6007.693078124877,24839.0,0.0%:6006.627272471755:677.999|2.7%,0.0%:6005.947805614344:477.666|1.9%,0.0%:6005.260971833402:1215.665|4.9%,0.1%:6003.875366067825:1225.331|4.9%,0.1%:6001.999060327652:147.333|0.6%
