workflow,footprint,makespan,flexible-6h,flexible-12h,flexible-24h,flexible-48h,flexible-96h
rangeland-apr-1,5636.083214357193,24817.0,0.3%:5618.082956680722:0.0|0.0%,3.4%:5447.1139184829:0.0|0.0%,6.5%:5271.824475483971:0.0|0.0%,48.6%:2895.890128026954:0.0|0.0%,49.8%:2827.2441134490196:272.814|1.1%
rangeland-apr-2,5622.381923332999,24742.0,0.3%:5604.52088117013:0.05|0.0%,3.3%:5434.396376576205:0.0|0.0%,6.5%:5258.891520850316:0.0|0.0%,47.2%:2971.1536004291597:0.0|0.0%,49.4%:2843.3074851717756:268.05|1.1%
rangeland-apr-3,5633.601029656722,24839.0,0.3%:5615.674918087279:0.333|0.0%,3.3%:5445.154489150623:0.0|0.0%,6.5%:5269.577987275075:0.0|0.0%,47.1%:2978.6313229999714:0.0|0.0%,49.4%:2849.493980026241:155.333|0.6%
