workflow,footprint,makespan,flexible-6h,flexible-12h,flexible-24h,flexible-48h,flexible-96h
rangeland-may-1,6004.500577151552,24817.0,0.0%:6004.500577151552:363.628|1.5%,0.0%:6004.500577151552:495.628|2.0%,0.0%:6004.500577151552:437.628|1.8%,0.0%:6004.500577151552:695.256|2.8%,0.0%:6004.500577151552:512.628|2.1%
rangeland-may-2,5990.115802724414,24742.0,0.0%:5990.115802724414:452.1|1.8%,0.0%:5990.115802724414:293.1|1.2%,0.0%:5990.115802724414:431.1|1.7%,0.0%:5990.115802724414:442.15|1.8%,0.0%:5990.115802724414:232.1|0.9%
rangeland-may-3,6001.999060327652,24839.0,0.0%:6001.999060327652:415.666|1.7%,0.0%:6001.999060327652:471.666|1.9%,0.0%:6001.999060327652:399.666|1.6%,0.0%:6001.999060327652:242.999|1.0%,0.0%:6001.999060327652:264.666|1.1%
