workflow,footprint,makespan,flexible-6h,flexible-12h,flexible-24h,flexible-48h,flexible-96h
rangeland-dec-1,6006.607445201385,24817.0,0.0%:6006.001049499365:256.814|1.0%,0.0%:6005.595411383093:230.814|0.9%,0.0%:6004.879525220645:749.256|3.0%,0.0%:6003.665632859923:460.628|1.9%,0.1%:6003.339254260467:389.442|1.6%
rangeland-dec-2,5992.259008881021,24742.0,0.0%:5991.625310170384:332.15|1.3%,0.0%:5991.218245108528:255.05|1.0%,0.0%:5990.502606320308:1184.3|4.8%,0.0%:5989.3033310703:403.1|1.6%,0.1%:5988.9730706627115:692.15|2.8%
rangeland-dec-3,6004.131409462172,24839.0,0.0%:6003.507931585699:310.999|1.3%,0.0%:6003.101358850801:240.333|1.0%,0.0%:6002.3853796240455:1150.998|4.6%,0.0%:6001.18469646656:422.666|1.7%,0.1%:6000.8640860686255:530.999|2.1%
