workflow,footprint,makespan,flexible-6h,flexible-12h,flexible-24h,flexible-48h,flexible-96h
rangeland-sep-1,5621.505575372352,24817.0,0.8%:5578.1739071026805:0.0|0.0%,16.7%:4681.019614588858:0.0|0.0%,22.8%:4342.502558097823:0.0|0.0%,26.0%:4158.458528517636:212.814|0.9%,26.6%:4124.895544118463:829.442|3.3%
rangeland-sep-2,5607.8891311409125,24742.0,0.8%:5564.708594301889:0.05|0.0%,16.7%:4672.04716352313:0.0|0.0%,22.8%:4331.351260296598:0.0|0.0%,25.9%:4157.6220862281125:137.05|0.6%,26.6%:4117.711726461558:591.15|2.4%
rangeland-sep-3,5619.059613664489,24839.0,0.8%:5575.8085267782635:0.333|0.0%,16.7%:4681.050584287607:0.0|0.0%,22.8%:4340.504475080952:0.0|0.0%,25.9%:4166.1634639629665:421.333|1.7%,26.6%:4125.955036888919:426.999|1.7%
