workflow,footprint,makespan,flexible-6h,flexible-12h,flexible-24h,flexible-48h,flexible-96h
rangeland-dec-1,5604.5754882731835,24817.0,12.4%:4910.479936269777:249.814|1.0%,33.5%:3724.539873629247:249.814|1.0%,33.4%:3733.318438341712:212.814|0.9%,37.3%:3514.895397735287:585.628|2.4%,39.3%:3400.068585461547:485.628|2.0%
rangeland-dec-2,5591.061111960537,24742.0,12.4%:4895.474784919599:323.05|1.3%,33.5%:3716.3054088450244:323.05|1.3%,33.1%:3739.051855096633:143.05|0.6%,36.9%:3528.5781652658798:411.1|1.7%,39.3%:3391.4591633907366:410.1|1.7%
rangeland-dec-3,5602.220510347509,24839.0,12.4%:4905.5970628698515:271.333|1.1%,33.5%:3723.5792030244256:271.333|1.1%,33.1%:3746.844944459498:221.333|0.9%,36.9%:3535.5344354769036:376.666|1.5%,39.3%:3398.551644716606:548.666|2.2%
