workflow,footprint,makespan,flexible-6h,flexible-12h,flexible-24h,flexible-48h,flexible-96h
rangeland-feb-1,6008.329367425654,24817.0,0.0%:6007.986303983343:363.628|1.5%,0.0%:6007.640402265575:495.628|2.0%,0.0%:6006.948030408161:437.628|1.8%,0.1%:6004.84753858777:738.442|3.0%,0.1%:6004.500577151552:352.628|1.4%
rangeland-feb-2,5993.948847623558,24742.0,0.0%:5993.60535965597:452.1|1.8%,0.0%:5993.259276993951:293.1|1.2%,0.0%:5992.566941548629:431.1|1.7%,0.1%:5990.519830742128:538.15|2.2%,0.1%:5990.115802724414:447.1|1.8%
rangeland-feb-3,6005.835196513462,24839.0,0.0%:6005.491531847065:415.666|1.7%,0.0%:6005.145629875426:471.666|1.9%,0.0%:6004.453046124855:399.666|1.6%,0.1%:6002.403107718765:782.999|3.2%,0.1%:6001.999060327652:452.666|1.8%
