workflow,footprint,makespan,flexible-6h,flexible-12h,flexible-24h,flexible-48h,flexible-96h
rnaseq-dec-1,8137.643850247253,10697.0,0.0%:8137.170669140501:274.064|2.6%,0.0%:8136.614235398619:293.064|2.7%,0.0%:8135.315823723816:645.192|6.0%,0.1%:8132.732623661833:388.128|3.6%,0.1%:8130.160436169616:274.064|2.6%
rnaseq-dec-2,7965.478523106873,11472.0,0.0%:7964.9946686311005:484.688|4.2%,0.0%:7964.456772782026:289.844|2.5%,0.0%:7963.213067175616:762.532|6.6%,0.1%:7960.634209067979:482.688|4.2%,0.1%:7958.150846690428:763.532|6.7%
rnaseq-dec-3,8347.58500624474,10863.0,0.0%:8347.028550620666:555.672|5.1%,0.0%:8346.433125539981:251.336|2.3%,0.0%:8345.05663197238:273.336|2.5%,0.1%:8342.34896353098:821.008|7.6%,0.1%:8339.810643721377:699.008|6.4%
