workflow,footprint,makespan,flexible-6h,flexible-12h,flexible-24h,flexible-48h,flexible-96h
rnaseq-aug-1,7214.266331246255,10697.0,0.4%:7184.086083326854:0.0|0.0%,7.2%:6697.43919270798:0.0|0.0%,30.1%:5043.198558998644:0.0|0.0%,30.1%:5043.198558998644:0.0|0.0%,31.8%:4923.205994046619:0.0|0.0%
rnaseq-aug-2,7080.887224991547,11472.0,0.4%:7051.283617386434:0.0|0.0%,7.2%:6573.117010581841:0.0|0.0%,30.1%:4950.914122444565:0.0|0.0%,30.1%:4950.914122444565:0.0|0.0%,31.1%:4878.502082377624:0.0|0.0%
rnaseq-aug-3,7394.124467729377,10863.0,0.4%:7362.455512485057:0.0|0.0%,7.3%:6850.6876288723315:0.0|0.0%,30.1%:5168.314123818869:0.0|0.0%,30.1%:5168.314123818869:0.0|0.0%,31.1%:5090.9181308435545:0.0|0.0%
