workflow,footprint,makespan,flexible-6h,flexible-12h,flexible-24h,flexible-48h,flexible-96h
rnaseq-jan-1,7272.225404270043,10697.0,0.3%:7247.288048572994:0.0|0.0%,2.8%:7070.993809230988:0.0|0.0%,32.2%:4927.302008635689:0.0|0.0%,32.5%:4906.898231243533:1412.064|13.2%,33.5%:4835.518133386214:1412.064|13.2%
rnaseq-jan-2,7138.307266021897,11472.0,0.3%:7113.806045655531:0.0|0.0%,2.8%:6938.730527752983:0.0|0.0%,31.3%:4903.895145804835:0.0|0.0%,32.2%:4837.456805542606:2167.844|18.9%,33.0%:4779.554775077874:1606.844|14.0%
rnaseq-jan-3,7451.828719795255,10863.0,0.3%:7426.232921289417:0.0|0.0%,2.9%:7234.738595416223:0.0|0.0%,31.4%:5113.806785621855:0.0|0.0%,32.2%:5055.41516799367:2693.336|24.8%,33.0%:4991.017670618538:1624.336|15.0%
