workflow,footprint,makespan,flexible-6h,flexible-12h,flexible-24h,flexible-48h,flexible-96h
rnaseq-feb-1,8139.112082283796,10697.0,0.0%:8139.112082283796:262.064|2.4%,0.0%:8139.112082283796:450.128|4.2%,0.0%:8139.112082283796:720.192|6.7%,0.1%:8133.893379575945:1006.256|9.4%,0.1%:8132.226200657516:439.128|4.1%
rnaseq-feb-2,7966.913103064361,11472.0,0.0%:7966.913103064361:194.844|1.7%,0.0%:7966.913103064361:136.844|1.2%,0.0%:7966.913103064361:527.688|4.6%,0.1%:7961.805304393956:667.532|5.8%,0.1%:7960.172905853611:187.844|1.6%
rnaseq-feb-3,8348.993123467986,10863.0,0.0%:8348.993123467986:462.672|4.3%,0.0%:8348.993123467986:569.672|5.2%,0.0%:8348.993123467986:692.008|6.4%,0.1%:8343.579363685692:1112.344|10.2%,0.1%:8341.92967750904:491.672|4.5%
