workflow,footprint,makespan,flexible-6h,flexible-12h,flexible-24h,flexible-48h,flexible-96h
rnaseq-dec-1,7315.36922619482,10697.0,0.6%:7270.91548963278:0.0|0.0%,4.9%:6960.078213190339:0.0|0.0%,35.0%:4753.577239884755:0.0|0.0%,35.0%:4753.577239884755:0.0|0.0%,35.0%:4753.577239884755:0.0|0.0%
rnaseq-dec-2,7180.67725553799,11472.0,0.6%:7137.107615985002:0.0|0.0%,4.9%:6829.802915132957:0.0|0.0%,35.0%:4667.394860792776:0.0|0.0%,35.0%:4667.204426037169:2167.844|18.9%,35.0%:4667.204426037169:2167.844|18.9%
rnaseq-dec-3,7495.94082813809,10863.0,0.6%:7450.432059754092:0.0|0.0%,5.1%:7116.771023447525:0.0|0.0%,35.1%:4868.183426749487:0.0|0.0%,35.1%:4868.1600030711015:2693.336|24.8%,35.1%:4868.1600030711015:2693.336|24.8%
