workflow,footprint,makespan,flexible-6h,flexible-12h,flexible-24h,flexible-48h,flexible-96h
rnaseq-jul-1,8140.489289524263,10697.0,0.0%:8140.1852399134905:999.256|9.3%,0.0%:8139.112082283796:226.064|2.1%,0.0%:8139.112082283796:711.192|6.6%,0.0%:8137.734875043347:874.192|8.2%,0.1%:8132.226200657516:558.128|5.2%
rnaseq-jul-2,7968.286697080464,11472.0,0.0%:7967.91982030326:562.688|4.9%,0.0%:7966.913103064361:298.844|2.6%,0.0%:7966.913103064361:716.532|6.2%,0.0%:7965.533648844545:827.532|7.2%,0.1%:7960.172905853611:482.688|4.2%
rnaseq-jul-3,8350.575192963837,10863.0,0.0%:8350.233397001273:984.344|9.1%,0.0%:8348.993123467986:226.336|2.1%,0.0%:8348.993123467986:1105.344|10.2%,0.0%:8347.411053972133:555.672|5.1%,0.1%:8341.92967750904:532.672|4.9%
