workflow,footprint,makespan,flexible-6h,flexible-12h,flexible-24h,flexible-48h,flexible-96h
rnaseq-nov-1,7302.159863474714,10697.0,0.1%:7295.194590611048:1412.064|13.2%,10.4%:6545.9280432128335:0.0|0.0%,38.0%:4528.058716197774:0.0|0.0%,46.4%:3915.9362150480915:0.0|0.0%,46.4%:3915.9362150480915:0.0|0.0%
rnaseq-nov-2,7167.734372212481,11472.0,0.1%:7162.860950891165:1606.844|14.0%,10.4%:6424.331772190548:0.0|0.0%,36.1%:4582.707463165401:0.0|0.0%,43.0%:4084.2211801372955:0.0|0.0%,43.0%:4084.2211801372955:0.0|0.0%
rnaseq-nov-3,7482.493764274225,10863.0,0.1%:7477.44974106948:1624.336|15.0%,10.7%:6685.064524383856:0.0|0.0%,36.1%:4779.787670375399:0.0|0.0%,43.1%:4256.125161143171:0.0|0.0%,43.1%:4256.125161143171:0.0|0.0%
