workflow,footprint,makespan,flexible-6h,flexible-12h,flexible-24h,flexible-48h,flexible-96h
rnaseq-jun-1,8134.451374498762,10697.0,0.0%:8133.405690907494:181.064|1.7%,0.0%:8132.226200657516:0.0|0.0%,0.0%:8132.226200657516:720.192|6.7%,0.0%:8132.226200657516:1.064|0.0%,0.0%:8132.226200657516:437.128|4.1%
rnaseq-jun-2,7962.394527061222,11472.0,0.0%:7961.33797531138:215.844|1.9%,0.0%:7960.172905853611:0.0|0.0%,0.0%:7960.172905853611:527.688|4.6%,0.0%:7960.172905853611:94.844|0.8%,0.0%:7960.172905853611:927.376|8.1%
rnaseq-jun-3,8344.16625549368,10863.0,0.0%:8343.110311640496:260.336|2.4%,0.0%:8341.92967750904:0.0|0.0%,0.0%:8341.92967750904:692.008|6.4%,0.0%:8341.92967750904:0.0|0.0%,0.0%:8341.92967750904:479.672|4.4%
