workflow,footprint,makespan,flexible-6h,flexible-12h,flexible-24h,flexible-48h,flexible-96h
rnaseq-oct-1,7287.266189823559,10697.0,0.8%:7229.850268363654:0.0|0.0%,6.4%:6820.588042815076:0.0|0.0%,42.1%:4221.7417914388725:0.0|0.0%,42.1%:4221.7417914388725:0.0|0.0%,42.1%:4221.7417914388725:0.0|0.0%
rnaseq-oct-2,7153.024662338282,11472.0,0.8%:7096.752788280978:0.0|0.0%,6.4%:6691.890502348158:0.0|0.0%,41.9%:4156.466521895164:0.0|0.0%,41.9%:4156.466521895164:0.0|0.0%,41.9%:4156.466521895164:0.0|0.0%
rnaseq-oct-3,7466.905614267935,10863.0,0.8%:7407.962431678057:0.0|0.0%,6.7%:6968.932305214249:0.0|0.0%,41.9%:4337.692973329648:0.0|0.0%,41.9%:4337.692973329648:0.0|0.0%,41.9%:4337.692973329648:0.0|0.0%
