workflow,footprint,makespan,flexible-6h,flexible-12h,flexible-24h,flexible-48h,flexible-96h
rnaseq-apr-1,7344.571891976145,10697.0,25.4%:5480.111149896191:0.0|0.0%,25.8%:5449.951734315421:0.0|0.0%,25.8%:5449.951734315421:0.0|0.0%,55.0%:3301.835446459043:0.0|0.0%,55.0%:3301.835446459043:0.0|0.0%
rnaseq-apr-2,7209.166592600921,11472.0,25.4%:5380.980337078676:0.0|0.0%,25.2%:5390.882101393742:0.0|0.0%,25.2%:5390.882101393742:0.0|0.0%,54.1%:3309.9900399786347:1606.844|14.0%,54.1%:3309.9900399786347:1606.844|14.0%
rnaseq-apr-3,7526.12238135037,10863.0,25.3%:5620.388255340011:0.0|0.0%,25.2%:5627.736284795667:0.0|0.0%,25.2%:5627.736284795667:0.0|0.0%,54.1%:3455.044901354195:1624.336|15.0%,54.1%:3455.044901354195:1624.336|15.0%
