workflow,footprint,makespan,flexible-6h,flexible-12h,flexible-24h,flexible-48h,flexible-96h
rnaseq-jun-1,7278.017856065486,10697.0,33.0%:4873.908415532977:0.0|0.0%,33.1%:4871.91304707971:0.0|0.0%,34.9%:4734.4766614768205:0.0|0.0%,35.4%:4699.708121975474:0.0|0.0%,35.7%:4683.257361355397:1412.064|13.2%
rnaseq-jun-2,7143.878488946174,11472.0,33.0%:4785.676904450168:0.0|0.0%,33.0%:4783.140919732296:0.0|0.0%,34.3%:4690.415865483394:1606.844|14.0%,35.3%:4620.37492776653:1606.844|14.0%,35.6%:4602.052107879171:3774.688|32.9%
rnaseq-jun-3,7459.482723172494,10863.0,33.0%:5000.417488014397:0.0|0.0%,33.1%:4990.338855946864:0.0|0.0%,34.4%:4895.103752925497:1624.336|15.0%,35.3%:4823.2728644886965:1624.336|15.0%,35.6%:4804.484472633631:4317.672|39.7%
