workflow,footprint,makespan,flexible-6h,flexible-12h,flexible-24h,flexible-48h,flexible-96h
rnaseq-dec-1,7315.36922619482,10697.0,28.7%:5215.526486716619:0.0|0.0%,33.3%:4877.220045725888:0.0|0.0%,35.9%:4688.995526340038:0.0|0.0%,39.9%:4393.311581668647:0.0|0.0%,41.7%:4263.3210109361935:1412.064|13.2%
rnaseq-dec-2,7180.67725553799,11472.0,28.7%:5121.088619589707:0.0|0.0%,33.3%:4788.682433560425:0.0|0.0%,35.0%:4665.1916396683355:1606.844|14.0%,39.9%:4313.783440733037:2167.844|18.9%,41.7%:4184.594262223408:1606.844|14.0%
rnaseq-dec-3,7495.94082813809,10863.0,28.5%:5359.469105799154:0.0|0.0%,33.4%:4995.437720581814:0.0|0.0%,35.1%:4868.280079229724:1624.336|15.0%,39.9%:4501.440300283716:2693.336|24.8%,41.7%:4368.445688526323:1624.336|15.0%
