workflow,footprint,makespan,flexible-6h,flexible-12h,flexible-24h,flexible-48h,flexible-96h
rnaseq-sep-1,7348.371031137362,10697.0,0.8%:7288.089100706713:0.0|0.0%,6.3%:6884.380868558669:0.0|0.0%,26.0%:5438.646285152677:0.0|0.0%,27.5%:5328.919178673127:0.0|0.0%,27.5%:5328.919178673127:0.0|0.0%
rnaseq-sep-2,7212.801378550794,11472.0,0.8%:7153.893999120146:0.0|0.0%,6.3%:6756.651258635672:0.0|0.0%,26.0%:5338.953677208211:0.0|0.0%,26.9%:5273.7298408078705:0.0|0.0%,26.9%:5273.7298408078705:0.0|0.0%
rnaseq-sep-3,7530.003775623539,10863.0,0.8%:7467.735622973879:0.0|0.0%,6.5%:7041.293865009767:0.0|0.0%,26.0%:5571.788418092054:0.0|0.0%,26.9%:5504.132210606938:0.0|0.0%,26.9%:5504.132210606938:0.0|0.0%
