workflow,footprint,makespan,flexible-6h,flexible-12h,flexible-24h,flexible-48h,flexible-96h
rnaseq-apr-1,8132.807926591008,10697.0,0.0%:8132.226200657516:455.128|4.3%,0.0%:8132.226200657516:262.064|2.4%,0.0%:8132.226200657516:450.128|4.2%,0.0%:8132.226200657516:720.192|6.7%,0.0%:8132.226200657516:1.064|0.0%
rnaseq-apr-2,7960.783285687088,11472.0,0.0%:7960.172905853611:775.532|6.8%,0.0%:7960.172905853611:194.844|1.7%,0.0%:7960.172905853611:665.532|5.8%,0.0%:7960.172905853611:527.688|4.6%,0.0%:7960.172905853611:94.844|0.8%
rnaseq-apr-3,8342.502523158848,10863.0,0.0%:8341.92967750904:781.008|7.2%,0.0%:8341.92967750904:462.672|4.3%,0.0%:8341.92967750904:569.672|5.2%,0.0%:8341.92967750904:692.008|6.4%,0.0%:8341.92967750904:0.0|0.0%
