workflow,footprint,makespan,flexible-6h,flexible-12h,flexible-24h,flexible-48h,flexible-96h
rnaseq-sep-1,7348.371031137362,10697.0,25.8%:5454.824208778051:0.0|0.0%,26.2%:5420.685506079136:0.0|0.0%,26.6%:5392.88417026613:1412.064|13.2%,35.8%:4721.1978704591465:0.0|0.0%,36.6%:4656.872451483954:1412.064|13.2%
rnaseq-sep-2,7212.801378550794,11472.0,25.8%:5355.384301657267:0.0|0.0%,26.2%:5321.4910761925785:0.0|0.0%,26.5%:5302.322846860092:1606.844|14.0%,35.7%:4635.191218013221:0.0|0.0%,36.6%:4571.188879201553:1606.844|14.0%
rnaseq-sep-3,7530.003775623539,10863.0,25.7%:5594.2079424893:0.0|0.0%,26.2%:5554.146658234852:0.0|0.0%,26.5%:5535.701305744019:1624.336|15.0%,35.8%:4837.435746832205:0.0|0.0%,36.6%:4771.523298033325:1624.336|15.0%
