workflow,footprint,makespan,flexible-6h,flexible-12h,flexible-24h,flexible-48h,flexible-96h
rnaseq-jul-1,7243.590928818591,10697.0,29.6%:5100.80292683854:0.0|0.0%,29.6%:5097.612747793768:0.0|0.0%,30.5%:5036.169526687904:0.0|0.0%,32.6%:4881.060220491914:0.0|0.0%,33.3%:4832.123117023024:0.0|0.0%
rnaseq-jul-2,7110.0818864184475,11472.0,29.6%:5008.226226617387:0.0|0.0%,29.6%:5004.524479183145:0.0|0.0%,30.4%:4947.26565273425:1606.844|14.0%,32.6%:4791.846266577595:2167.844|18.9%,33.1%:4758.48891075805:1606.844|14.0%
rnaseq-jul-3,7423.000081628435,10863.0,29.5%:5231.815348174874:0.0|0.0%,29.7%:5222.036785736329:0.0|0.0%,30.4%:5164.702545741435:1624.336|15.0%,32.6%:5000.618007117651:2693.336|24.8%,33.1%:4966.889322325397:1624.336|15.0%
