workflow,footprint,makespan,flexible-6h,flexible-12h,flexible-24h,flexible-48h,flexible-96h
rnaseq-mar-1,7330.973292657738,10697.0,0.1%:7321.950835581402:0.0|0.0%,1.8%:7199.601904675311:0.0|0.0%,8.0%:6746.83103443693:0.0|0.0%,44.0%:4104.637436884861:0.0|0.0%,51.8%:3532.57153792276:0.0|0.0%
rnaseq-mar-2,7196.023383955803,11472.0,0.1%:7187.180425240931:2167.844|18.9%,1.8%:7066.949190985729:0.0|0.0%,8.0%:6622.74729918498:0.0|0.0%,42.6%:4129.51581714083:0.0|0.0%,50.6%:3552.7203606785324:0.0|0.0%
rnaseq-mar-3,7511.650242310174,10863.0,0.1%:7502.8718671647675:2693.336|24.8%,1.8%:7374.500722255695:0.0|0.0%,8.0%:6912.930182061796:0.0|0.0%,42.7%:4305.743748622598:0.0|0.0%,50.7%:3702.919193763392:0.0|0.0%
