workflow,footprint,makespan,flexible-6h,flexible-12h,flexible-24h,flexible-48h,flexible-96h
sarek-jun-1,23183.571704560803,18299.0,0.0%:23182.61688888169:565.538|3.1%,0.0%:23181.00517106147:0.0|0.0%,0.0%:23181.00517106147:565.538|3.1%,0.0%:23181.00517106147:955.076|5.2%,0.0%:23181.00517106147:28.769|0.2%
sarek-jun-2,23273.027520050506,17619.0,0.0%:23272.127419739594:523.824|3.0%,0.0%:23270.57785781056:0.0|0.0%,0.0%:23270.57785781056:345.824|2.0%,0.0%:23270.57785781056:494.824|2.8%,0.0%:23270.57785781056:645.236|3.7%
sarek-jun-3,22961.21164779962,18878.0,0.0%:22960.256702308903:550.834|2.9%,0.0%:22958.721124993343:0.0|0.0%,0.0%:22958.721124993343:0.0|0.0%,0.0%:22958.721124993343:761.251|4.0%,0.0%:22958.721124993343:0.0|0.0%
