workflow,footprint,makespan,flexible-6h,flexible-12h,flexible-24h,flexible-48h,flexible-96h
sarek-nov-1,21088.73025974695,18299.0,0.0%:21085.428425725553:0.0|0.0%,24.3%:15973.625241844678:0.0|0.0%,35.3%:13636.644075024802:0.0|0.0%,44.0%:11806.830790320262:1261.769|6.9%,44.0%:11806.830790320262:1261.769|6.9%
sarek-nov-2,21263.303638174282,17619.0,0.1%:21251.525571766902:1567.412|8.9%,24.2%:16109.130930600402:0.0|0.0%,35.8%:13646.530902012968:0.0|0.0%,44.1%:11883.138134379995:1277.412|7.3%,44.1%:11883.138134379995:1277.412|7.3%
sarek-nov-3,21061.025451807174,18878.0,0.0%:21055.13093910757:0.0|0.0%,24.3%:15936.199318391291:0.0|0.0%,35.3%:13635.643658203988:0.0|0.0%,43.9%:11820.807689253928:1271.417|6.7%,43.9%:11820.807689253928:1271.417|6.7%
