workflow,footprint,makespan,flexible-6h,flexible-12h,flexible-24h,flexible-48h,flexible-96h
sarek-dec-1,21120.103844724774,18299.0,0.4%:21027.449195365178:0.0|0.0%,17.3%:17474.228013483204:0.0|0.0%,32.5%:14259.63369931339:0.0|0.0%,33.1%:14135.496184996253:3528.769|19.3%,33.5%:14046.282529774071:4777.538|26.1%
sarek-dec-2,21295.30424443728,17619.0,0.4%:21200.559869957597:0.0|0.0%,16.9%:17694.116060458473:0.0|0.0%,33.0%:14273.930393459104:0.0|0.0%,33.6%:14148.103173387952:1567.412|8.9%,33.6%:14148.103173387952:1567.412|8.9%
sarek-dec-3,21090.66465414437,18878.0,0.4%:20997.55730744959:0.0|0.0%,17.6%:17380.037252823302:0.0|0.0%,32.0%:14343.785632627507:0.0|0.0%,33.4%:14052.887358589194:2707.417|14.3%,33.7%:13978.47780235644:5153.834|27.3%
