workflow,footprint,makespan,flexible-6h,flexible-12h,flexible-24h,flexible-48h,flexible-96h
sarek-aug-1,20955.536230484253,18299.0,23.6%:16011.213471136958:0.0|0.0%,29.3%:14814.64327485951:2569.769|14.0%,30.4%:14579.907626654616:2207.769|12.1%,35.3%:13568.274942184484:0.0|0.0%,35.7%:13480.450953122798:1261.769|6.9%
sarek-aug-2,21134.25187508391,17619.0,24.0%:16066.315081423441:0.0|0.0%,29.5%:14896.45453219117:0.0|0.0%,30.5%:14687.380510051691:1277.412|7.3%,35.4%:13643.682905407486:0.0|0.0%,35.8%:13566.784045186503:0.0|0.0%
sarek-aug-3,20926.00486675683,18878.0,23.4%:16035.898323203606:0.0|0.0%,29.2%:14819.948770525225:2375.417|12.6%,30.5%:14547.420632792016:2778.417|14.7%,35.1%:13580.819670749086:0.0|0.0%,35.6%:13477.673656165227:1271.417|6.7%
