workflow,footprint,makespan,flexible-6h,flexible-12h,flexible-24h,flexible-48h,flexible-96h
sarek-aug-1,20955.536230484253,18299.0,0.7%:20807.296586442346:0.0|0.0%,16.8%:17429.90028075289:0.0|0.0%,29.2%:14845.003028329309:0.0|0.0%,29.2%:14844.571597545746:2569.769|14.0%,31.2%:14413.435613507532:2207.769|12.1%
sarek-aug-2,21134.25187508391,17619.0,0.7%:20981.835142140866:0.0|0.0%,16.7%:17609.71969654563:0.0|0.0%,29.4%:14925.305191007275:0.0|0.0%,28.9%:15027.882993762498:3010.412|17.1%,31.7%:14435.483648099547:1277.412|7.3%
sarek-aug-3,20926.00486675683,18878.0,0.7%:20778.658063264924:0.0|0.0%,17.0%:17374.075475270878:0.0|0.0%,29.0%:14863.058136572288:0.0|0.0%,29.0%:14853.028288249963:2375.417|12.6%,31.3%:14385.616794735259:2778.417|14.7%
