workflow,footprint,makespan,flexible-6h,flexible-12h,flexible-24h,flexible-48h,flexible-96h
sarek-aug-1,23200.633456558007,18299.0,0.0%:23200.633456558007:843.307|4.6%,0.0%:23200.06699345821:987.076|5.4%,0.0%:23194.111831682552:540.538|3.0%,0.1%:23186.117790422628:853.307|4.7%,0.1%:23181.00517106147:1308.845|7.2%
sarek-aug-2,23290.281988088376,17619.0,0.0%:23290.281988088376:802.236|4.6%,0.0%:23290.2629222614:866.236|4.9%,0.0%:23284.870035582207:523.824|3.0%,0.1%:23275.314905095525:564.824|3.2%,0.1%:23270.57785781056:1096.648|6.2%
sarek-aug-3,22978.1611936852,18878.0,0.0%:22978.16103216478:662.251|3.5%,0.0%:22976.59758228475:503.834|2.7%,0.0%:22970.709121007643:335.834|1.8%,0.1%:22963.819864962355:781.251|4.1%,0.1%:22958.721124993343:935.668|5.0%
