workflow,footprint,makespan,flexible-6h,flexible-12h,flexible-24h,flexible-48h,flexible-96h
sarek-apr-1,21229.383105580455,18299.0,18.5%:17304.658311693:0.0|0.0%,25.2%:15875.178388049335:0.0|0.0%,25.2%:15875.178388049335:0.0|0.0%,54.0%:9772.77797406455:3528.769|19.3%,54.0%:9772.77797406455:3528.769|19.3%
sarek-apr-2,21405.63118075791,17619.0,18.8%:17372.600151186827:0.0|0.0%,25.3%:15998.43543425791:0.0|0.0%,25.3%:15998.43543425791:0.0|0.0%,54.8%:9682.68493459586:1567.412|8.9%,54.8%:9682.68493459586:1567.412|8.9%
sarek-apr-3,21198.912100270572,18878.0,18.3%:17328.12343688527:0.0|0.0%,25.3%:15829.736708041302:0.0|0.0%,25.3%:15829.736708041302:0.0|0.0%,54.0%:9755.360040465755:2707.417|14.3%,54.0%:9755.360040465755:2707.417|14.3%
