id,name,start,end,cpu_count,avg_cpu_usage,cpu_model,memory,rapl_timeseries,cpu_usage_timeseries,average_co2e,marginal_co2e,embodied_co2e,avg_ci,ci_timeseries
3,NFCORE_CHIPSEQ:CHIPSEQ:INPUT_CHECK:SAMPLESHEET_CHECK,1697327756000,1697327782000,1,1.2,,1073741824.0,,,0.0027466220298400005,0.0027466220298400005,0.0,849.124224,
1,NFCORE_CHIPSEQ:CHIPSEQ:PREPARE_GENOME:GTF2BED,1697327756000,1697327827000,1,53.0,,3398434816.0,,,0.062104958642382496,0.062104958642382496,0.0,849.124224,
66,NFCORE_CHIPSEQ:CHIPSEQ:FASTQC_TRIMGALORE:FASTQC,1697327789000,1697327852000,2,93.6,,1680867328.0,,,0.07388078954460751,0.07388078954460751,0.0,849.124224,
68,NFCORE_CHIPSEQ:CHIPSEQ:FASTQC_TRIMGALORE:FASTQC,1697327788000,1697327852000,2,90.1,,1680867328.0,,,0.07259339891856001,0.07259339891856001,0.0,849.124224,
64,NFCORE_CHIPSEQ:CHIPSEQ:FASTQC_TRIMGALORE:FASTQC,1697327789000,1697327854000,2,87.8,,1680867328.0,,,0.0720857726298125,0.0720857726298125,0.0,849.124224,
59,NFCORE_CHIPSEQ:CHIPSEQ:FASTQC_TRIMGALORE:FASTQC,1697327788000,1697327853000,2,89.8,,1680867328.0,,,0.0735135101488125,0.0735135101488125,0.0,849.124224,
70,NFCORE_CHIPSEQ:CHIPSEQ:FASTQC_TRIMGALORE:FASTQC,1697327788000,1697327852000,2,89.0,,1680867328.0,,,0.07182022413904,0.07182022413904,0.0,849.124224,
71,NFCORE_CHIPSEQ:CHIPSEQ:FASTQC_TRIMGALORE:FASTQC,1697327789000,1697327850000,2,91.6,,1680867328.0,,,0.07019549090570251,0.07019549090570251,0.0,849.124224,
72,NFCORE_CHIPSEQ:CHIPSEQ:FASTQC_TRIMGALORE:FASTQC,1697327788000,1697327855000,2,87.1,,1680867328.0,,,0.0737887126365675,0.0737887126365675,0.0,849.124224,
51,NFCORE_CHIPSEQ:CHIPSEQ:FASTQC_TRIMGALORE:FASTQC,1697327788000,1697327856000,2,100.6,,1680867328.0,,,0.08497206010916998,0.08497206010916998,0.0,849.124224,
80,NFCORE_CHIPSEQ:CHIPSEQ:FASTQC_TRIMGALORE:FASTQC,1697327789000,1697327856000,2,98.3,,1680867328.0,,,0.08203005290008748,0.08203005290008748,0.0,849.124224,
40,NFCORE_CHIPSEQ:CHIPSEQ:FASTQC_TRIMGALORE:FASTQC,1697327787000,1697327860000,2,101.0,,1680867328.0,,,0.0915406975173925,0.0915406975173925,0.0,849.124224,
62,NFCORE_CHIPSEQ:CHIPSEQ:FASTQC_TRIMGALORE:FASTQC,1697327789000,1697327860000,2,87.3,,1680867328.0,,,0.07834996178083749,0.07834996178083749,0.0,849.124224,
7,NFCORE_CHIPSEQ:CHIPSEQ:FASTQC_TRIMGALORE:FASTQC,1697327787000,1697327871000,2,95.6,,1680867328.0,,,0.10035279557121,0.10035279557121,0.0,849.124224,
53,NFCORE_CHIPSEQ:CHIPSEQ:FASTQC_TRIMGALORE:FASTQC,1697327788000,1697327868000,2,97.4,,1680867328.0,,,0.09715558488740002,0.09715558488740002,0.0,849.124224,
9,NFCORE_CHIPSEQ:CHIPSEQ:FASTQC_TRIMGALORE:FASTQC,1697327788000,1697327871000,2,99.5,,1680867328.0,,,0.1027131858557675,0.1027131858557675,0.0,849.124224,
56,NFCORE_CHIPSEQ:CHIPSEQ:FASTQC_TRIMGALORE:FASTQC,1697327789000,1697327867000,2,94.3,,1680867328.0,,,0.092071103479875,0.092071103479875,0.0,849.124224,
58,NFCORE_CHIPSEQ:CHIPSEQ:FASTQC_TRIMGALORE:FASTQC,1697327789000,1697327865000,2,96.8,,1680867328.0,,,0.09179699925175001,0.09179699925175001,0.0,849.124224,
63,NFCORE_CHIPSEQ:CHIPSEQ:FASTQC_TRIMGALORE:FASTQC,1697327788000,1697327872000,2,89.2,,1680867328.0,,,0.09444855180033002,0.09444855180033002,0.0,849.124224,
89,NFCORE_CHIPSEQ:CHIPSEQ:FASTQC_TRIMGALORE:FASTQC,1697327789000,1697327871000,2,100.4,,1680867328.0,,,0.10228619319938502,0.10228619319938502,0.0,849.124224,
5,NFCORE_CHIPSEQ:CHIPSEQ:FASTQC_TRIMGALORE:FASTQC,1697327788000,1697327875000,2,97.4,,1680867328.0,,,0.1056566985650475,0.1056566985650475,0.0,849.124224,
38,NFCORE_CHIPSEQ:CHIPSEQ:FASTQC_TRIMGALORE:FASTQC,1697327788000,1697327878000,2,94.8,,1680867328.0,,,0.106730105464125,0.106730105464125,0.0,849.124224,
46,NFCORE_CHIPSEQ:CHIPSEQ:FASTQC_TRIMGALORE:FASTQC,1697327788000,1697327887000,2,97.6,,1680867328.0,,,0.1204474917048975,0.1204474917048975,0.0,849.124224,
54,NFCORE_CHIPSEQ:CHIPSEQ:FASTQC_TRIMGALORE:FASTQC,1697327789000,1697327886000,2,93.2,,1680867328.0,,,0.1133268369433525,0.1133268369433525,0.0,849.124224,
104,NFCORE_CHIPSEQ:CHIPSEQ:FASTQC_TRIMGALORE:FASTQC,1697327789000,1697327882000,2,92.5,,1680867328.0,,,0.10793859829769248,0.10793859829769248,0.0,849.124224,
82,NFCORE_CHIPSEQ:CHIPSEQ:FASTQC_TRIMGALORE:FASTQC,1697327788000,1697327886000,2,101.0,,1680867328.0,,,0.12289025146170497,0.12289025146170497,0.0,849.124224,
85,NFCORE_CHIPSEQ:CHIPSEQ:FASTQC_TRIMGALORE:FASTQC,1697327789000,1697327888000,2,100.1,,1680867328.0,,,0.12316568428914754,0.12316568428914754,0.0,849.124224,
32,NFCORE_CHIPSEQ:CHIPSEQ:FASTQC_TRIMGALORE:FASTQC,1697327787000,1697327886000,2,79.9,,1680867328.0,,,0.10120268820840751,0.10120268820840751,0.0,849.124224,
34,NFCORE_CHIPSEQ:CHIPSEQ:FASTQC_TRIMGALORE:FASTQC,1697327788000,1697327886000,2,74.6,,1680867328.0,,,0.094476078314345,0.094476078314345,0.0,849.124224,
22,NFCORE_CHIPSEQ:CHIPSEQ:FASTQC_TRIMGALORE:FASTQC,1697327788000,1697327891000,2,75.0,,1680867328.0,,,0.09974876935916752,0.09974876935916752,0.0,849.124224,
21,NFCORE_CHIPSEQ:CHIPSEQ:FASTQC_TRIMGALORE:FASTQC,1697327788000,1697327891000,2,96.8,,1680867328.0,,,0.12440909109118752,0.12440909109118752,0.0,849.124224,
73,NFCORE_CHIPSEQ:CHIPSEQ:FASTQC_TRIMGALORE:FASTQC,1697327789000,1697327890000,2,90.0,,1680867328.0,,,0.11445053344572251,0.11445053344572251,0.0,849.124224,
74,NFCORE_CHIPSEQ:CHIPSEQ:FASTQC_TRIMGALORE:FASTQC,1697327788000,1697327893000,2,92.4,,1680867328.0,,,0.12175084210721253,0.12175084210721253,0.0,849.124224,
76,NFCORE_CHIPSEQ:CHIPSEQ:FASTQC_TRIMGALORE:FASTQC,1697327789000,1697327893000,2,96.3,,1680867328.0,,,0.1250458513369,0.1250458513369,0.0,849.124224,
77,NFCORE_CHIPSEQ:CHIPSEQ:FASTQC_TRIMGALORE:FASTQC,1697327788000,1697327895000,2,92.3,,1680867328.0,,,0.12395239198598751,0.12395239198598751,0.0,849.124224,
78,NFCORE_CHIPSEQ:CHIPSEQ:FASTQC_TRIMGALORE:FASTQC,1697327788000,1697327890000,2,97.9,,1680867328.0,,,0.124433483142735,0.124433483142735,0.0,849.124224,
83,NFCORE_CHIPSEQ:CHIPSEQ:FASTQC_TRIMGALORE:FASTQC,1697327789000,1697327890000,2,97.2,,1680867328.0,,,0.1224370774750825,0.1224370774750825,0.0,849.124224,
92,NFCORE_CHIPSEQ:CHIPSEQ:FASTQC_TRIMGALORE:FASTQC,1697327790000,1697327890000,2,102.5,,1680867328.0,,,0.12704560522225,0.12704560522225,0.0,849.124224,
17,NFCORE_CHIPSEQ:CHIPSEQ:FASTQC_TRIMGALORE:FASTQC,1697327789000,1697327897000,2,73.2,,1680867328.0,,,0.10245592590830999,0.10245592590830999,0.0,849.124224,
19,NFCORE_CHIPSEQ:CHIPSEQ:FASTQC_TRIMGALORE:FASTQC,1697327788000,1697327898000,2,76.6,,1680867328.0,,,0.10846074888577499,0.10846074888577499,0.0,849.124224,
27,NFCORE_CHIPSEQ:CHIPSEQ:FASTQC_TRIMGALORE:FASTQC,1697327790000,1697327895000,2,77.4,,1680867328.0,,,0.10445325293471251,0.10445325293471251,0.0,849.124224,
44,NFCORE_CHIPSEQ:CHIPSEQ:FASTQC_TRIMGALORE:FASTQC,1697327790000,1697327898000,2,70.4,,1680867328.0,,,0.09913478878719,0.09913478878719,0.0,849.124224,
10,NFCORE_CHIPSEQ:CHIPSEQ:FASTQC_TRIMGALORE:FASTQC,1697327788000,1697327907000,2,77.4,,1680867328.0,,,0.1183803533260075,0.1183803533260075,0.0,849.124224,
43,NFCORE_CHIPSEQ:CHIPSEQ:FASTQC_TRIMGALORE:FASTQC,1697327789000,1697327912000,2,77.1,,1680867328.0,,,0.1219542670629075,0.1219542670629075,0.0,849.124224,
30,NFCORE_CHIPSEQ:CHIPSEQ:FASTQC_TRIMGALORE:FASTQC,1697327789000,1697327903000,2,75.1,,1680867328.0,,,0.110526752150685,0.110526752150685,0.0,849.124224,
24,NFCORE_CHIPSEQ:CHIPSEQ:FASTQC_TRIMGALORE:FASTQC,1697327788000,1697327905000,2,78.2,,1680867328.0,,,0.11741873856950251,0.11741873856950251,0.0,849.124224,
39,NFCORE_CHIPSEQ:CHIPSEQ:FASTQC_TRIMGALORE:FASTQC,1697327789000,1697327902000,2,74.7,,1680867328.0,,,0.1090608058843225,0.1090608058843225,0.0,849.124224,
29,NFCORE_CHIPSEQ:CHIPSEQ:FASTQC_TRIMGALORE:FASTQC,1697327790000,1697327904000,2,74.5,,1680867328.0,,,0.10977554256376502,0.10977554256376502,0.0,849.124224,
79,NFCORE_CHIPSEQ:CHIPSEQ:FASTQC_TRIMGALORE:FASTQC,1697327789000,1697327909000,2,98.6,,1680867328.0,,,0.1473148711983,0.1473148711983,0.0,849.124224,
81,NFCORE_CHIPSEQ:CHIPSEQ:FASTQC_TRIMGALORE:FASTQC,1697327789000,1697327915000,2,99.8,,1680867328.0,,,0.15634118331877503,0.15634118331877503,0.0,849.124224,
84,NFCORE_CHIPSEQ:CHIPSEQ:FASTQC_TRIMGALORE:FASTQC,1697327789000,1697327903000,2,102.5,,1680867328.0,,,0.14483198995336502,0.14483198995336502,0.0,849.124224,
86,NFCORE_CHIPSEQ:CHIPSEQ:FASTQC_TRIMGALORE:FASTQC,1697327790000,1697327908000,2,102.3,,1680867328.0,,,0.149654624889575,0.149654624889575,0.0,849.124224,
12,NFCORE_CHIPSEQ:CHIPSEQ:FASTQC_TRIMGALORE:FASTQC,1697327788000,1697327917000,2,76.5,,1680867328.0,,,0.1270532027465025,0.1270532027465025,0.0,849.124224,
8,NFCORE_CHIPSEQ:CHIPSEQ:FASTQC_TRIMGALORE:FASTQC,1697327789000,1697327922000,2,91.3,,1680867328.0,,,0.1526109794971125,0.1526109794971125,0.0,849.124224,
75,NFCORE_CHIPSEQ:CHIPSEQ:FASTQC_TRIMGALORE:FASTQC,1697327789000,1697327915000,2,92.2,,1680867328.0,,,0.14582424910189504,0.14582424910189504,0.0,849.124224,
2,NFCORE_CHIPSEQ:CHIPSEQ:PREPARE_GENOME:CUSTOM_GETCHROMSIZES,1697327756000,1697327929000,1,9.7,,1073741824.0,,,0.034425508288470005,0.034425508288470005,0.0,849.124224,
214,NFCORE_CHIPSEQ:CHIPSEQ:PREPARE_GENOME:GENOME_BLACKLIST_REGIONS,1697327939000,1697327952000,1,1.7,,1073741824.0,,,0.00144469789087,0.00144469789087,0.0,849.124224,
65,NFCORE_CHIPSEQ:CHIPSEQ:FASTQC_TRIMGALORE:TRIMGALORE,1697327789000,1697327967000,5,261.6,,3157262336.0,,,0.559795740297625,0.559795740297625,0.0,849.124224,
67,NFCORE_CHIPSEQ:CHIPSEQ:FASTQC_TRIMGALORE:TRIMGALORE,1697327790000,1697327967000,5,272.3,,3157262336.0,,,0.5774507595408825,0.5774507595408825,0.0,849.124224,
57,NFCORE_CHIPSEQ:CHIPSEQ:FASTQC_TRIMGALORE:TRIMGALORE,1697327789000,1697327977000,5,276.2,,3157262336.0,,,0.6213899695149899,0.6213899695149899,0.0,849.124224,
60,NFCORE_CHIPSEQ:CHIPSEQ:FASTQC_TRIMGALORE:TRIMGALORE,1697327789000,1697327979000,5,272.0,,3157262336.0,,,0.619236389258175,0.619236389258175,0.0,849.124224,
98,NFCORE_CHIPSEQ:CHIPSEQ:FASTQC_TRIMGALORE:FASTQC,1697327912000,1697327989000,2,103.6,,1680867328.0,,,0.0987553419277425,0.0987553419277425,0.0,849.124224,
122,NFCORE_CHIPSEQ:CHIPSEQ:FASTQC_TRIMGALORE:FASTQC,1697327857000,1697327987000,2,96.0,,1680867328.0,,,0.155878992915425,0.155878992915425,0.0,849.124224,
144,NFCORE_CHIPSEQ:CHIPSEQ:FASTQC_TRIMGALORE:FASTQC,1697327854000,1697327987000,2,95.1,,1680867328.0,,,0.1581615836671325,0.1581615836671325,0.0,849.124224,
149,NFCORE_CHIPSEQ:CHIPSEQ:FASTQC_TRIMGALORE:FASTQC,1697327853000,1697327989000,2,93.5,,1680867328.0,,,0.15933932523106,0.15933932523106,0.0,849.124224,
168,NFCORE_CHIPSEQ:CHIPSEQ:FASTQC_TRIMGALORE:FASTQC,1697327863000,1697327988000,2,92.6,,1680867328.0,,,0.14521604360656248,0.14521604360656248,0.0,849.124224,
170,NFCORE_CHIPSEQ:CHIPSEQ:FASTQC_TRIMGALORE:FASTQC,1697327854000,1697327989000,2,94.3,,1680867328.0,,,0.1593538329459375,0.1593538329459375,0.0,849.124224,
172,NFCORE_CHIPSEQ:CHIPSEQ:FASTQC_TRIMGALORE:FASTQC,1697327857000,1697327987000,2,93.4,,1680867328.0,,,0.15216687536602497,0.15216687536602497,0.0,849.124224,
176,NFCORE_CHIPSEQ:CHIPSEQ:FASTQC_TRIMGALORE:FASTQC,1697327856000,1697327987000,2,94.7,,1680867328.0,,,0.1552077259418075,0.1552077259418075,0.0,849.124224,
52,NFCORE_CHIPSEQ:CHIPSEQ:FASTQC_TRIMGALORE:TRIMGALORE,1697327788000,1697327992000,5,281.3,,3157262336.0,,,0.68570051543019,0.68570051543019,0.0,849.124224,
90,NFCORE_CHIPSEQ:CHIPSEQ:FASTQC_TRIMGALORE:FASTQC,1697327907000,1697327996000,2,102.5,,1680867328.0,,,0.1130705886478025,0.1130705886478025,0.0,849.124224,
96,NFCORE_CHIPSEQ:CHIPSEQ:FASTQC_TRIMGALORE:FASTQC,1697327919000,1697327999000,2,90.6,,1680867328.0,,,0.0911810525002,0.0911810525002,0.0,849.124224,
108,NFCORE_CHIPSEQ:CHIPSEQ:FASTQC_TRIMGALORE:FASTQC,1697327877000,1697327995000,2,89.5,,1680867328.0,,,0.133066511438055,0.133066511438055,0.0,849.124224,
111,NFCORE_CHIPSEQ:CHIPSEQ:FASTQC_TRIMGALORE:FASTQC,1697327896000,1697328000000,2,91.9,,1680867328.0,,,0.12223582513647534,0.12223582513647534,0.0,832.1145240000001,
113,NFCORE_CHIPSEQ:CHIPSEQ:FASTQC_TRIMGALORE:FASTQC,1697327892000,1697328000000,2,92.0,,1680867328.0,,,0.1280815670120436,0.1280815670120436,0.0,832.1145240000001,
117,NFCORE_CHIPSEQ:CHIPSEQ:FASTQC_TRIMGALORE:FASTQC,1697327886000,1697327999000,2,96.2,,1680867328.0,,,0.1357430235951725,0.1357430235951725,0.0,849.124224,
119,NFCORE_CHIPSEQ:CHIPSEQ:FASTQC_TRIMGALORE:FASTQC,1697327893000,1697327996000,2,101.9,,1680867328.0,,,0.13017824892757754,0.13017824892757754,0.0,849.124224,
153,NFCORE_CHIPSEQ:CHIPSEQ:FASTQC_TRIMGALORE:FASTQC,1697327895000,1697328000000,2,90.9,,1680867328.0,,,0.1255073949139237,0.1255073949139237,0.0,832.1145240000001,
160,NFCORE_CHIPSEQ:CHIPSEQ:FASTQC_TRIMGALORE:FASTQC,1697327897000,1697327998000,2,94.6,,1680867328.0,,,0.1195530476867025,0.1195530476867025,0.0,849.124224,
162,NFCORE_CHIPSEQ:CHIPSEQ:FASTQC_TRIMGALORE:FASTQC,1697327859000,1697328000000,2,76.6,,1680867328.0,,,0.14375947658623142,0.14375947658623142,0.0,832.1145240000001,
165,NFCORE_CHIPSEQ:CHIPSEQ:FASTQC_TRIMGALORE:FASTQC,1697327868000,1697328000000,2,78.8,,1680867328.0,,,0.13819072975206848,0.13819072975206848,0.0,832.1145240000001,
167,NFCORE_CHIPSEQ:CHIPSEQ:FASTQC_TRIMGALORE:FASTQC,1697327888000,1697327999000,2,92.3,,1680867328.0,,,0.12858612626583749,0.12858612626583749,0.0,849.124224,
169,NFCORE_CHIPSEQ:CHIPSEQ:FASTQC_TRIMGALORE:FASTQC,1697327859000,1697327996000,2,86.5,,1680867328.0,,,0.14997862806488252,0.14997862806488252,0.0,849.124224,
173,NFCORE_CHIPSEQ:CHIPSEQ:FASTQC_TRIMGALORE:FASTQC,1697327855000,1697328000000,2,80.3,,1680867328.0,,,0.15674723734157708,0.15674723734157708,0.0,832.1145240000001,
174,NFCORE_CHIPSEQ:CHIPSEQ:FASTQC_TRIMGALORE:FASTQC,1697327876000,1697328000000,2,81.6,,1680867328.0,,,0.13407013526622433,0.13407013526622433,0.0,832.1145240000001,
175,NFCORE_CHIPSEQ:CHIPSEQ:FASTQC_TRIMGALORE:FASTQC,1697327832000,1697328000000,2,73.7,,1680867328.0,,,0.1630462123065692,0.1630462123065692,0.0,832.1145240000001,
45,NFCORE_CHIPSEQ:CHIPSEQ:FASTQC_TRIMGALORE:TRIMGALORE,1697327789000,1697328000000,5,279.4,,3157262336.0,,,0.7304791683921704,0.7304791683921704,0.0,832.1145240000001,
6,NFCORE_CHIPSEQ:CHIPSEQ:FASTQC_TRIMGALORE:TRIMGALORE,1697327789000,1697328000000,5,281.5,,3157262336.0,,,0.7452088293169434,0.7452088293169434,0.0,832.1145240000001,
55,NFCORE_CHIPSEQ:CHIPSEQ:FASTQC_TRIMGALORE:TRIMGALORE,1697327789000,1697328000000,5,279.5,,3157262336.0,,,0.733926969074154,0.733926969074154,0.0,832.1145240000001,
49,NFCORE_CHIPSEQ:CHIPSEQ:FASTQC_TRIMGALORE:TRIMGALORE,1697327789000,1697328000000,5,278.8,,3157262336.0,,,0.7482396913805027,0.7482396913805027,0.0,832.1145240000001,
35,NFCORE_CHIPSEQ:CHIPSEQ:FASTQC_TRIMGALORE:TRIMGALORE,1697327789000,1697328000000,5,277.9,,3157262336.0,,,0.7364489626654209,0.7364489626654209,0.0,832.1145240000001,
93,NFCORE_CHIPSEQ:CHIPSEQ:FASTQC_TRIMGALORE:FASTQC,1697327871000,1697328000000,2,79.3,,1680867328.0,,,0.1358949581247695,0.1358949581247695,0.0,832.1145240000001,
88,NFCORE_CHIPSEQ:CHIPSEQ:FASTQC_TRIMGALORE:FASTQC,1697327863000,1697328000000,2,82.4,,1680867328.0,,,0.14884795543862853,0.14884795543862853,0.0,832.1145240000001,
91,NFCORE_CHIPSEQ:CHIPSEQ:FASTQC_TRIMGALORE:FASTQC,1697327878000,1697328000000,2,81.7,,1680867328.0,,,0.13512836624975627,0.13512836624975627,0.0,832.1145240000001,
101,NFCORE_CHIPSEQ:CHIPSEQ:FASTQC_TRIMGALORE:FASTQC,1697327912000,1697328000000,2,75.9,,1680867328.0,,,0.09923980043219387,0.09923980043219387,0.0,832.1145240000001,
105,NFCORE_CHIPSEQ:CHIPSEQ:FASTQC_TRIMGALORE:FASTQC,1697327919000,1697328000000,2,76.9,,1680867328.0,,,0.08773075739591377,0.08773075739591377,0.0,832.1145240000001,
106,NFCORE_CHIPSEQ:CHIPSEQ:FASTQC_TRIMGALORE:FASTQC,1697327893000,1697328000000,2,82.9,,1680867328.0,,,0.12911284282439,0.12911284282439,0.0,832.1145240000001,
109,NFCORE_CHIPSEQ:CHIPSEQ:FASTQC_TRIMGALORE:FASTQC,1697327889000,1697328000000,2,84.3,,1680867328.0,,,0.1311657558848594,0.1311657558848594,0.0,832.1145240000001,
112,NFCORE_CHIPSEQ:CHIPSEQ:FASTQC_TRIMGALORE:FASTQC,1697327875000,1697328000000,2,81.9,,1680867328.0,,,0.13854585344630044,0.13854585344630044,0.0,832.1145240000001,
114,NFCORE_CHIPSEQ:CHIPSEQ:FASTQC_TRIMGALORE:FASTQC,1697327893000,1697328000000,2,78.0,,1680867328.0,,,0.12445065455891406,0.12445065455891406,0.0,832.1145240000001,
116,NFCORE_CHIPSEQ:CHIPSEQ:FASTQC_TRIMGALORE:FASTQC,1697327893000,1697328000000,2,82.5,,1680867328.0,,,0.1295840197386981,0.1295840197386981,0.0,832.1145240000001,
136,NFCORE_CHIPSEQ:CHIPSEQ:FASTQC_TRIMGALORE:FASTQC,1697327875000,1697328000000,2,78.5,,1680867328.0,,,0.13552456010974323,0.13552456010974323,0.0,832.1145240000001,
138,NFCORE_CHIPSEQ:CHIPSEQ:FASTQC_TRIMGALORE:FASTQC,1697327882000,1697328000000,2,77.1,,1680867328.0,,,0.13412871977079782,0.13412871977079782,0.0,832.1145240000001,
159,NFCORE_CHIPSEQ:CHIPSEQ:FASTQC_TRIMGALORE:FASTQC,1697327872000,1697328000000,2,78.2,,1680867328.0,,,0.13520170745459714,0.13520170745459714,0.0,832.1145240000001,
163,NFCORE_CHIPSEQ:CHIPSEQ:FASTQC_TRIMGALORE:FASTQC,1697327891000,1697328000000,2,84.7,,1680867328.0,,,0.1295540559089044,0.1295540559089044,0.0,832.1145240000001,
13,NFCORE_CHIPSEQ:CHIPSEQ:FASTQC_TRIMGALORE:TRIMGALORE,1697327789000,1697328000000,5,275.3,,3157262336.0,,,0.7585925869268757,0.7585925869268757,0.0,832.1145240000001,
33,NFCORE_CHIPSEQ:CHIPSEQ:FASTQC_TRIMGALORE:TRIMGALORE,1697327790000,1697328000000,5,268.3,,3157262336.0,,,0.7438559402039517,0.7438559402039517,0.0,832.1145240000001,
94,NFCORE_CHIPSEQ:CHIPSEQ:FASTQC_TRIMGALORE:FASTQC,1697327908000,1697328000000,2,69.3,,1680867328.0,,,0.10420573309584376,0.10420573309584376,0.0,832.1145240000001,
95,NFCORE_CHIPSEQ:CHIPSEQ:FASTQC_TRIMGALORE:FASTQC,1697327909000,1697328000000,2,70.2,,1680867328.0,,,0.10266903225959803,0.10266903225959803,0.0,832.1145240000001,
99,NFCORE_CHIPSEQ:CHIPSEQ:FASTQC_TRIMGALORE:FASTQC,1697327916000,1697328000000,2,65.1,,1680867328.0,,,0.09037118224009677,0.09037118224009677,0.0,832.1145240000001,
100,NFCORE_CHIPSEQ:CHIPSEQ:FASTQC_TRIMGALORE:FASTQC,1697327912000,1697328000000,2,65.5,,1680867328.0,,,0.09926625580169438,0.09926625580169438,0.0,832.1145240000001,
103,NFCORE_CHIPSEQ:CHIPSEQ:FASTQC_TRIMGALORE:FASTQC,1697327908000,1697328000000,2,67.1,,1680867328.0,,,0.10396525315542171,0.10396525315542171,0.0,832.1145240000001,
102,NFCORE_CHIPSEQ:CHIPSEQ:FASTQC_TRIMGALORE:FASTQC,1697327903000,1697328000000,2,71.0,,1680867328.0,,,0.11452592944890105,0.11452592944890105,0.0,832.1145240000001,
107,NFCORE_CHIPSEQ:CHIPSEQ:FASTQC_TRIMGALORE:FASTQC,1697327890000,1697328000000,2,76.7,,1680867328.0,,,0.12753270922526144,0.12753270922526144,0.0,832.1145240000001,
115,NFCORE_CHIPSEQ:CHIPSEQ:FASTQC_TRIMGALORE:FASTQC,1697327903000,1697328000000,2,75.0,,1680867328.0,,,0.1125308652087148,0.1125308652087148,0.0,832.1145240000001,
158,NFCORE_CHIPSEQ:CHIPSEQ:FASTQC_TRIMGALORE:FASTQC,1697327907000,1697328000000,2,67.5,,1680867328.0,,,0.10621990361149021,0.10621990361149021,0.0,832.1145240000001,
161,NFCORE_CHIPSEQ:CHIPSEQ:FASTQC_TRIMGALORE:FASTQC,1697327891000,1697328000000,2,72.8,,1680867328.0,,,0.12286746356070885,0.12286746356070885,0.0,832.1145240000001,
166,NFCORE_CHIPSEQ:CHIPSEQ:FASTQC_TRIMGALORE:FASTQC,1697327896000,1697328000000,2,71.6,,1680867328.0,,,0.12185988882514352,0.12185988882514352,0.0,832.1145240000001,
171,NFCORE_CHIPSEQ:CHIPSEQ:FASTQC_TRIMGALORE:FASTQC,1697327900000,1697328000000,2,74.6,,1680867328.0,,,0.11861419722432875,0.11861419722432875,0.0,832.1145240000001,
23,NFCORE_CHIPSEQ:CHIPSEQ:FASTQC_TRIMGALORE:TRIMGALORE,1697327789000,1697328000000,5,270.0,,3157262336.0,,,0.7700530690237811,0.7700530690237811,0.0,832.1145240000001,
16,NFCORE_CHIPSEQ:CHIPSEQ:FASTQC_TRIMGALORE:TRIMGALORE,1697327789000,1697328000000,5,282.2,,3157262336.0,,,0.7986897178106986,0.7986897178106986,0.0,832.1145240000001,
4,NFCORE_CHIPSEQ:CHIPSEQ:FASTQC_TRIMGALORE:TRIMGALORE,1697327789000,1697328000000,5,280.0,,3157262336.0,,,0.8058169873492664,0.8058169873492664,0.0,832.1145240000001,
87,NFCORE_CHIPSEQ:CHIPSEQ:FASTQC_TRIMGALORE:FASTQC,1697327902000,1697328000000,2,71.4,,1680867328.0,,,0.11867407409401505,0.11867407409401505,0.0,832.1145240000001,
110,NFCORE_CHIPSEQ:CHIPSEQ:FASTQC_TRIMGALORE:FASTQC,1697327891000,1697328000000,2,71.7,,1680867328.0,,,0.12934912144569194,0.12934912144569194,0.0,832.1145240000001,
37,NFCORE_CHIPSEQ:CHIPSEQ:FASTQC_TRIMGALORE:TRIMGALORE,1697327789000,1697328000000,5,268.9,,3157262336.0,,,0.7981381206176376,0.7981381206176376,0.0,832.1145240000001,
26,NFCORE_CHIPSEQ:CHIPSEQ:FASTQC_TRIMGALORE:TRIMGALORE,1697327789000,1697328000000,5,278.8,,3157262336.0,,,0.8378468038677129,0.8378468038677129,0.0,832.1145240000001,
28,NFCORE_CHIPSEQ:CHIPSEQ:FASTQC_TRIMGALORE:TRIMGALORE,1697327789000,1697328000000,5,277.8,,3157262336.0,,,0.866983801623775,0.866983801623775,0.0,832.1145240000001,
50,NFCORE_CHIPSEQ:CHIPSEQ:FASTQC_TRIMGALORE:TRIMGALORE,1697327789000,1697328000000,5,277.4,,3157262336.0,,,0.8658375846565982,0.8658375846565982,0.0,832.1145240000001,
31,NFCORE_CHIPSEQ:CHIPSEQ:FASTQC_TRIMGALORE:TRIMGALORE,1697327789000,1697328000000,5,278.7,,3157262336.0,,,0.8695627897999223,0.8695627897999223,0.0,832.1145240000001,
25,NFCORE_CHIPSEQ:CHIPSEQ:FASTQC_TRIMGALORE:TRIMGALORE,1697327790000,1697328000000,5,277.1,,3157262336.0,,,0.8934860879698548,0.8934860879698548,0.0,832.1145240000001,
14,NFCORE_CHIPSEQ:CHIPSEQ:FASTQC_TRIMGALORE:TRIMGALORE,1697327790000,1697328000000,5,277.1,,3157262336.0,,,0.8934860879698548,0.8934860879698548,0.0,832.1145240000001,
47,NFCORE_CHIPSEQ:CHIPSEQ:FASTQC_TRIMGALORE:TRIMGALORE,1697327789000,1697328000000,5,279.5,,3157262336.0,,,0.9231773650031582,0.9231773650031582,0.0,832.1145240000001,
123,NFCORE_CHIPSEQ:CHIPSEQ:FASTQC_TRIMGALORE:TRIMGALORE,1697327789000,1697328000000,5,276.5,,3157262336.0,,,0.9426587480804234,0.9426587480804234,0.0,832.1145240000001,
20,NFCORE_CHIPSEQ:CHIPSEQ:FASTQC_TRIMGALORE:TRIMGALORE,1697327789000,1697328000000,5,267.2,,3157262336.0,,,0.9258698917485295,0.9258698917485295,0.0,832.1145240000001,
15,NFCORE_CHIPSEQ:CHIPSEQ:FASTQC_TRIMGALORE:TRIMGALORE,1697327788000,1697328000000,5,266.9,,3157262336.0,,,0.9773183915937639,0.9773183915937639,0.0,832.1145240000001,
11,NFCORE_CHIPSEQ:CHIPSEQ:FASTQC_TRIMGALORE:TRIMGALORE,1697327789000,1697328000000,5,272.4,,3157262336.0,,,1.1773191435139143,1.1773191435139143,0.0,832.1145240000001,
190,NFCORE_CHIPSEQ:CHIPSEQ:FASTQC_TRIMGALORE:TRIMGALORE,1697327993000,1697328000000,5,283.2,,3157262336.0,,,1.0012717979131163,1.0012717979131163,0.0,423.99512200000004,
193,NFCORE_CHIPSEQ:CHIPSEQ:FASTQC_TRIMGALORE:TRIMGALORE,1697327983000,1697328000000,5,281.2,,3157262336.0,,,1.0282452201425247,1.0282452201425247,0.0,423.99512200000004,
194,NFCORE_CHIPSEQ:CHIPSEQ:FASTQC_TRIMGALORE:TRIMGALORE,1697327972000,1697328000000,5,276.9,,3157262336.0,,,1.0502363808097137,1.0502363808097137,0.0,423.99512200000004,
209,NFCORE_CHIPSEQ:CHIPSEQ:FASTQC_TRIMGALORE:TRIMGALORE,1697327995000,1697328000000,5,282.4,,3157262336.0,,,0.9917978544777939,0.9917978544777939,0.0,423.99512200000004,
210,NFCORE_CHIPSEQ:CHIPSEQ:FASTQC_TRIMGALORE:TRIMGALORE,1697327990000,1697328000000,5,281.8,,3157262336.0,,,1.0069460945524167,1.0069460945524167,0.0,423.99512200000004,
213,NFCORE_CHIPSEQ:CHIPSEQ:FASTQC_TRIMGALORE:TRIMGALORE,1697327991000,1697328000000,5,282.3,,3157262336.0,,,1.0050900941560308,1.0050900941560308,0.0,423.99512200000004,
207,NFCORE_CHIPSEQ:CHIPSEQ:FASTQC_TRIMGALORE:TRIMGALORE,1697327981000,1697328000000,5,268.9,,3157262336.0,,,0.9938402688128042,0.9938402688128042,0.0,423.99512200000004,
212,NFCORE_CHIPSEQ:CHIPSEQ:FASTQC_TRIMGALORE:TRIMGALORE,1697327972000,1697328000000,5,266.5,,3157262336.0,,,1.0145063632937419,1.0145063632937419,0.0,423.99512200000004,
145,NFCORE_CHIPSEQ:CHIPSEQ:FASTQC_TRIMGALORE:TRIMGALORE,1697328011000,1697328300000,5,282.9,,3157262336.0,,,0.93938685776955,0.93938685776955,0.0,415.490272,
178,NFCORE_CHIPSEQ:CHIPSEQ:FASTQC_TRIMGALORE:TRIMGALORE,1697328031000,1697328300000,5,279.6,,3157262336.0,,,0.865324431776542,0.865324431776542,0.0,415.490272,
180,NFCORE_CHIPSEQ:CHIPSEQ:FASTQC_TRIMGALORE:TRIMGALORE,1697328026000,1697328300000,5,281.7,,3157262336.0,,,0.8873862433489424,0.8873862433489424,0.0,415.490272,
179,NFCORE_CHIPSEQ:CHIPSEQ:FASTQC_TRIMGALORE:TRIMGALORE,1697328018000,1697328300000,5,284.1,,3157262336.0,,,0.9204482622250658,0.9204482622250658,0.0,415.490272,
181,NFCORE_CHIPSEQ:CHIPSEQ:FASTQC_TRIMGALORE:TRIMGALORE,1697328031000,1697328300000,5,280.3,,3157262336.0,,,0.867314631935516,0.867314631935516,0.0,415.490272,
184,NFCORE_CHIPSEQ:CHIPSEQ:FASTQC_TRIMGALORE:TRIMGALORE,1697328031000,1697328300000,5,281.6,,3157262336.0,,,0.8710107179450389,0.8710107179450389,0.0,415.490272,
197,NFCORE_CHIPSEQ:CHIPSEQ:FASTQC_TRIMGALORE:TRIMGALORE,1697328011000,1697328300000,5,279.4,,3157262336.0,,,0.9287000318227372,0.9287000318227372,0.0,415.490272,
199,NFCORE_CHIPSEQ:CHIPSEQ:FASTQC_TRIMGALORE:TRIMGALORE,1697328028000,1697328300000,5,278.3,,3157262336.0,,,0.8711510655585415,0.8711510655585415,0.0,415.490272,
201,NFCORE_CHIPSEQ:CHIPSEQ:FASTQC_TRIMGALORE:TRIMGALORE,1697328031000,1697328300000,5,279.0,,3157262336.0,,,0.8635561738120647,0.8635561738120647,0.0,415.490272,
204,NFCORE_CHIPSEQ:CHIPSEQ:FASTQC_TRIMGALORE:TRIMGALORE,1697328025000,1697328300000,5,280.8,,3157262336.0,,,0.8879387552021997,0.8879387552021997,0.0,415.490272,
126,NFCORE_CHIPSEQ:CHIPSEQ:FASTQC_TRIMGALORE:TRIMGALORE,1697328045000,1697328300000,5,280.1,,3157262336.0,,,0.8221261598733255,0.8221261598733255,0.0,415.490272,
125,NFCORE_CHIPSEQ:CHIPSEQ:FASTQC_TRIMGALORE:TRIMGALORE,1697328036000,1697328300000,5,279.8,,3157262336.0,,,0.8497765409806822,0.8497765409806822,0.0,415.490272,
128,NFCORE_CHIPSEQ:CHIPSEQ:FASTQC_TRIMGALORE:TRIMGALORE,1697328011000,1697328300000,5,280.8,,3157262336.0,,,0.933539437686268,0.933539437686268,0.0,415.490272,
133,NFCORE_CHIPSEQ:CHIPSEQ:FASTQC_TRIMGALORE:TRIMGALORE,1697328015000,1697328300000,5,270.7,,3157262336.0,,,0.889858203143905,0.889858203143905,0.0,415.490272,
142,NFCORE_CHIPSEQ:CHIPSEQ:FASTQC_TRIMGALORE:TRIMGALORE,1697328020000,1697328300000,5,281.0,,3157262336.0,,,0.9048255397139656,0.9048255397139656,0.0,415.490272,
183,NFCORE_CHIPSEQ:CHIPSEQ:FASTQC_TRIMGALORE:TRIMGALORE,1697328013000,1697328300000,5,271.9,,3157262336.0,,,0.9001538124057766,0.9001538124057766,0.0,415.490272,
185,NFCORE_CHIPSEQ:CHIPSEQ:FASTQC_TRIMGALORE:TRIMGALORE,1697328041000,1697328300000,5,279.9,,3157262336.0,,,0.8345593213928698,0.8345593213928698,0.0,415.490272,
188,NFCORE_CHIPSEQ:CHIPSEQ:FASTQC_TRIMGALORE:TRIMGALORE,1697328024000,1697328300000,5,281.4,,3157262336.0,,,0.8932872022504604,0.8932872022504604,0.0,415.490272,
191,NFCORE_CHIPSEQ:CHIPSEQ:FASTQC_TRIMGALORE:TRIMGALORE,1697328014000,1697328300000,5,268.4,,3157262336.0,,,0.8863827911435272,0.8863827911435272,0.0,415.490272,
192,NFCORE_CHIPSEQ:CHIPSEQ:FASTQC_TRIMGALORE:TRIMGALORE,1697328023000,1697328300000,5,282.3,,3157262336.0,,,0.8993394908016819,0.8993394908016819,0.0,415.490272,
189,NFCORE_CHIPSEQ:CHIPSEQ:FASTQC_TRIMGALORE:TRIMGALORE,1697328035000,1697328300000,5,283.8,,3157262336.0,,,0.8645071958182536,0.8645071958182536,0.0,415.490272,
202,NFCORE_CHIPSEQ:CHIPSEQ:FASTQC_TRIMGALORE:TRIMGALORE,1697328009000,1697328300000,5,280.6,,3157262336.0,,,0.9396803569301067,0.9396803569301067,0.0,415.490272,
211,NFCORE_CHIPSEQ:CHIPSEQ:FASTQC_TRIMGALORE:TRIMGALORE,1697328014000,1697328300000,5,279.8,,3157262336.0,,,0.9208518209937825,0.9208518209937825,0.0,415.490272,
127,NFCORE_CHIPSEQ:CHIPSEQ:FASTQC_TRIMGALORE:TRIMGALORE,1697328065000,1697328300000,5,278.3,,3157262336.0,,,0.7541190439832631,0.7541190439832631,0.0,415.490272,
135,NFCORE_CHIPSEQ:CHIPSEQ:FASTQC_TRIMGALORE:TRIMGALORE,1697328011000,1697328300000,5,281.6,,3157262336.0,,,0.936675585077754,0.936675585077754,0.0,415.490272,
139,NFCORE_CHIPSEQ:CHIPSEQ:FASTQC_TRIMGALORE:TRIMGALORE,1697328007000,1697328300000,5,268.1,,3157262336.0,,,0.9078695908862837,0.9078695908862837,0.0,415.490272,
177,NFCORE_CHIPSEQ:CHIPSEQ:FASTQC_TRIMGALORE:TRIMGALORE,1697328055000,1697328300000,5,270.1,,3157262336.0,,,0.7650417500450156,0.7650417500450156,0.0,415.490272,
187,NFCORE_CHIPSEQ:CHIPSEQ:FASTQC_TRIMGALORE:TRIMGALORE,1697328055000,1697328300000,5,281.2,,3157262336.0,,,0.7937165883065576,0.7937165883065576,0.0,415.490272,
200,NFCORE_CHIPSEQ:CHIPSEQ:FASTQC_TRIMGALORE:TRIMGALORE,1697328002000,1697328300000,5,280.5,,3157262336.0,,,0.962589339294366,0.962589339294366,0.0,415.490272,
203,NFCORE_CHIPSEQ:CHIPSEQ:FASTQC_TRIMGALORE:TRIMGALORE,1697328056000,1697328300000,5,278.6,,3157262336.0,,,0.783462000886356,0.783462000886356,0.0,415.490272,
206,NFCORE_CHIPSEQ:CHIPSEQ:FASTQC_TRIMGALORE:TRIMGALORE,1697328003000,1697328300000,5,268.7,,3157262336.0,,,0.9222854977773286,0.9222854977773286,0.0,415.490272,
205,NFCORE_CHIPSEQ:CHIPSEQ:FASTQC_TRIMGALORE:TRIMGALORE,1697328009000,1697328300000,5,280.7,,3157262336.0,,,0.9406780238589627,0.9406780238589627,0.0,415.490272,
130,NFCORE_CHIPSEQ:CHIPSEQ:FASTQC_TRIMGALORE:TRIMGALORE,1697328009000,1697328300000,5,281.9,,3157262336.0,,,0.9443735407916477,0.9443735407916477,0.0,415.490272,
182,NFCORE_CHIPSEQ:CHIPSEQ:FASTQC_TRIMGALORE:TRIMGALORE,1697328072000,1697328300000,5,282.3,,3157262336.0,,,0.7417908353750556,0.7417908353750556,0.0,415.490272,
195,NFCORE_CHIPSEQ:CHIPSEQ:FASTQC_TRIMGALORE:TRIMGALORE,1697328065000,1697328300000,5,280.6,,3157262336.0,,,0.7604066494915283,0.7604066494915283,0.0,415.490272,
198,NFCORE_CHIPSEQ:CHIPSEQ:FASTQC_TRIMGALORE:TRIMGALORE,1697328081000,1697328300000,5,278.8,,3157262336.0,,,0.7049694788814617,0.7049694788814617,0.0,415.490272,
208,NFCORE_CHIPSEQ:CHIPSEQ:FASTQC_TRIMGALORE:TRIMGALORE,1697328084000,1697328300000,5,278.1,,3157262336.0,,,0.6939517528201389,0.6939517528201389,0.0,415.490272,
42,NFCORE_CHIPSEQ:CHIPSEQ:FASTQC_TRIMGALORE:TRIMGALORE,1697328100000,1697328300000,5,276.8,,3157262336.0,,,0.6407254775349904,0.6407254775349904,0.0,415.490272,
143,NFCORE_CHIPSEQ:CHIPSEQ:FASTQC_TRIMGALORE:TRIMGALORE,1697328160000,1697328300000,5,272.9,,3157262336.0,,,0.44806748121192785,0.44806748121192785,0.0,415.490272,
124,NFCORE_CHIPSEQ:CHIPSEQ:FASTQC_TRIMGALORE:TRIMGALORE,1697328300000,1697328346000,5,280.7,,3157262336.0,,,0.002885174594345313,0.002885174594345313,0.0,15.87572,
118,NFCORE_CHIPSEQ:CHIPSEQ:FASTQC_TRIMGALORE:TRIMGALORE,1697328358000,1697328517000,5,272.7,,3157262336.0,,,0.009711480038124738,0.009711480038124738,0.0,15.87572,
69,NFCORE_CHIPSEQ:CHIPSEQ:FASTQC_TRIMGALORE:TRIMGALORE,1697328355000,1697328522000,5,281.2,,3157262336.0,,,0.010491583841000088,0.010491583841000088,0.0,15.87572,
97,NFCORE_CHIPSEQ:CHIPSEQ:FASTQC_TRIMGALORE:TRIMGALORE,1697328358000,1697328522000,5,276.8,,3157262336.0,,,0.01015494109328854,0.01015494109328854,0.0,15.87572,
129,NFCORE_CHIPSEQ:CHIPSEQ:FASTQC_TRIMGALORE:TRIMGALORE,1697328355000,1697328522000,5,269.3,,3157262336.0,,,0.01008351761399974,0.01008351761399974,0.0,15.87572,
120,NFCORE_CHIPSEQ:CHIPSEQ:FASTQC_TRIMGALORE:TRIMGALORE,1697328358000,1697328538000,5,263.2,,3157262336.0,,,0.010643002069109378,0.010643002069109378,0.0,15.87572,
164,NFCORE_CHIPSEQ:CHIPSEQ:FASTQC_TRIMGALORE:TRIMGALORE,1697328349000,1697328543000,5,279.4,,3157262336.0,,,0.01211612425344149,0.01211612425344149,0.0,15.87572,
41,NFCORE_CHIPSEQ:CHIPSEQ:FASTQC_TRIMGALORE:TRIMGALORE,1697328347000,1697328551000,5,284.0,,3157262336.0,,,0.012933354984790625,0.012933354984790625,0.0,15.87572,
48,NFCORE_CHIPSEQ:CHIPSEQ:FASTQC_TRIMGALORE:TRIMGALORE,1697328353000,1697328549000,5,270.8,,3157262336.0,,,0.011894916697846876,0.011894916697846876,0.0,15.87572,
151,NFCORE_CHIPSEQ:CHIPSEQ:FASTQC_TRIMGALORE:TRIMGALORE,1697328347000,1697328549000,5,277.1,,3157262336.0,,,0.012520358671460938,0.012520358671460938,0.0,15.87572,
148,NFCORE_CHIPSEQ:CHIPSEQ:FASTQC_TRIMGALORE:TRIMGALORE,1697328349000,1697328555000,5,266.9,,3157262336.0,,,0.012336832454249479,0.012336832454249479,0.0,15.87572,
61,NFCORE_CHIPSEQ:CHIPSEQ:FASTQC_TRIMGALORE:TRIMGALORE,1697328346000,1697328562000,5,279.6,,3157262336.0,,,0.01349898828403125,0.01349898828403125,0.0,15.87572,
154,NFCORE_CHIPSEQ:CHIPSEQ:FASTQC_TRIMGALORE:TRIMGALORE,1697328347000,1697328566000,5,267.6,,3157262336.0,,,0.013146848587295574,0.013146848587295574,0.0,15.87572,
150,NFCORE_CHIPSEQ:CHIPSEQ:FASTQC_TRIMGALORE:TRIMGALORE,1697328345000,1697328571000,5,262.9,,3157262336.0,,,0.01334895852682413,0.01334895852682413,0.0,15.87572,
152,NFCORE_CHIPSEQ:CHIPSEQ:FASTQC_TRIMGALORE:TRIMGALORE,1697328345000,1697328574000,5,279.0,,3157262336.0,,,0.01428321408944123,0.01428321408944123,0.0,15.87572,
36,NFCORE_CHIPSEQ:CHIPSEQ:FASTQC_TRIMGALORE:TRIMGALORE,1697328343000,1697328575000,5,280.2,,3157262336.0,,,0.014527496252990971,0.014527496252990971,0.0,15.87572,
140,NFCORE_CHIPSEQ:CHIPSEQ:FASTQC_TRIMGALORE:TRIMGALORE,1697328346000,1697328575000,5,252.8,,3157262336.0,,,0.013051233136008594,0.013051233136008594,0.0,15.87572,
157,NFCORE_CHIPSEQ:CHIPSEQ:FASTQC_TRIMGALORE:TRIMGALORE,1697328339000,1697328582000,5,270.0,,3157262336.0,,,0.014707351657835157,0.014707351657835157,0.0,15.87572,
146,NFCORE_CHIPSEQ:CHIPSEQ:FASTQC_TRIMGALORE:TRIMGALORE,1697328339000,1697328583000,5,282.1,,3157262336.0,,,0.015374112707782989,0.015374112707782989,0.0,15.87572,
147,NFCORE_CHIPSEQ:CHIPSEQ:FASTQC_TRIMGALORE:TRIMGALORE,1697328343000,1697328584000,5,261.6,,3157262336.0,,,0.014170619266213111,0.014170619266213111,0.0,15.87572,
156,NFCORE_CHIPSEQ:CHIPSEQ:FASTQC_TRIMGALORE:TRIMGALORE,1697328342000,1697328585000,5,272.8,,3157262336.0,,,0.014847062954997658,0.014847062954997658,0.0,15.87572,
18,NFCORE_CHIPSEQ:CHIPSEQ:FASTQC_TRIMGALORE:TRIMGALORE,1697328340000,1697328584000,5,273.8,,3157262336.0,,,0.014958264208351044,0.014958264208351044,0.0,15.87572,
196,NFCORE_CHIPSEQ:CHIPSEQ:FASTQC_TRIMGALORE:TRIMGALORE,1697328339000,1697328592000,5,275.5,,3157262336.0,,,0.01559831890713116,0.01559831890713116,0.0,15.87572,
121,NFCORE_CHIPSEQ:CHIPSEQ:FASTQC_TRIMGALORE:TRIMGALORE,1697328336000,1697328597000,5,275.7,,3157262336.0,,,0.016102264974036717,0.016102264974036717,0.0,15.87572,
131,NFCORE_CHIPSEQ:CHIPSEQ:FASTQC_TRIMGALORE:TRIMGALORE,1697328338000,1697328600000,5,277.9,,3157262336.0,,,0.01634446196787821,0.01634446196787821,0.0,15.87572,
141,NFCORE_CHIPSEQ:CHIPSEQ:FASTQC_TRIMGALORE:TRIMGALORE,1697328339000,1697328600000,5,282.5,,3157262336.0,,,0.01652978788123906,0.01652978788123906,0.0,15.87572,
134,NFCORE_CHIPSEQ:CHIPSEQ:FASTQC_TRIMGALORE:TRIMGALORE,1697328336000,1697328600000,5,282.5,,3157262336.0,,,0.016908332641878125,0.016908332641878125,0.0,15.87572,
155,NFCORE_CHIPSEQ:CHIPSEQ:FASTQC_TRIMGALORE:TRIMGALORE,1697328339000,1697328600000,5,283.4,,3157262336.0,,,0.016831308733629688,0.016831308733629688,0.0,15.87572,
186,NFCORE_CHIPSEQ:CHIPSEQ:FASTQC_TRIMGALORE:TRIMGALORE,1697328338000,1697328600000,5,270.7,,3157262336.0,,,0.016319642718896438,0.016319642718896438,0.0,15.87572,
132,NFCORE_CHIPSEQ:CHIPSEQ:FASTQC_TRIMGALORE:TRIMGALORE,1697328338000,1697328600000,5,281.4,,3157262336.0,,,0.017036394061462585,0.017036394061462585,0.0,15.87572,
137,NFCORE_CHIPSEQ:CHIPSEQ:FASTQC_TRIMGALORE:TRIMGALORE,1697328336000,1697328600000,5,276.6,,3157262336.0,,,0.016954929602703995,0.016954929602703995,0.0,15.87572,
242,NFCORE_CHIPSEQ:CHIPSEQ:ALIGN_BWA_MEM:BWA_MEM,1697328366000,1697328600000,10,910.6,,34359738368.0,,,0.1902038826781285,0.1902038826781285,0.0,15.87572,
271,NFCORE_CHIPSEQ:CHIPSEQ:ALIGN_BWA_MEM:BWA_MEM,1697328360000,1697328600000,10,905.9,,34359738368.0,,,0.20392626315188017,0.20392626315188017,0.0,15.87572,
280,NFCORE_CHIPSEQ:CHIPSEQ:ALIGN_BWA_MEM:BWA_MEM,1697328362000,1697328600000,10,902.7,,34359738368.0,,,0.2028896803397115,0.2028896803397115,0.0,15.87572,
284,NFCORE_CHIPSEQ:CHIPSEQ:ALIGN_BWA_MEM:BWA_MEM,1697328382000,1697328600000,10,911.3,,34359738368.0,,,0.2072876326549219,0.2072876326549219,0.0,15.87572,
272,NFCORE_CHIPSEQ:CHIPSEQ:ALIGN_BWA_MEM:BWA_MEM,1697328372000,1697328600000,10,897.7,,34359738368.0,,,0.21017225401074338,0.21017225401074338,0.0,15.87572,
255,NFCORE_CHIPSEQ:CHIPSEQ:ALIGN_BWA_MEM:BWA_MEM,1697328578000,1697328600000,10,1006.6,,34359738368.0,,,0.19179153378110833,0.19179153378110833,0.0,15.87572,
252,NFCORE_CHIPSEQ:CHIPSEQ:ALIGN_BWA_MEM:BWA_MEM,1697328552000,1697328600000,10,1008.6,,34359738368.0,,,0.20075203903409372,0.20075203903409372,0.0,15.87572,
276,NFCORE_CHIPSEQ:CHIPSEQ:ALIGN_BWA_MEM:BWA_MEM,1697328558000,1697328600000,10,925.2,,34359738368.0,,,0.18789662873553056,0.18789662873553056,0.0,15.87572,
281,NFCORE_CHIPSEQ:CHIPSEQ:ALIGN_BWA_MEM:BWA_MEM,1697328588000,1697328600000,10,1010.4,,34359738368.0,,,0.19446502377127775,0.19446502377127775,0.0,15.87572,
279,NFCORE_CHIPSEQ:CHIPSEQ:ALIGN_BWA_MEM:BWA_MEM,1697328360000,1697328600000,10,917.6,,34359738368.0,,,0.23861685746809166,0.23861685746809166,0.0,15.87572,
248,NFCORE_CHIPSEQ:CHIPSEQ:ALIGN_BWA_MEM:BWA_MEM,1697328588000,1697328600000,10,1005.9,,34359738368.0,,,0.20006604889727359,0.20006604889727359,0.0,15.87572,
267,NFCORE_CHIPSEQ:CHIPSEQ:ALIGN_BWA_MEM:BWA_MEM,1697328586000,1697328600000,10,959.5,,34359738368.0,,,0.19379628993573333,0.19379628993573333,0.0,15.87572,
285,NFCORE_CHIPSEQ:CHIPSEQ:ALIGN_BWA_MEM:BWA_MEM,1697328520000,1697328600000,10,916.8,,34359738368.0,,,0.2084968009428889,0.2084968009428889,0.0,15.87572,
277,NFCORE_CHIPSEQ:CHIPSEQ:ALIGN_BWA_MEM:BWA_MEM,1697328552000,1697328600000,10,950.0,,34359738368.0,,,0.2070710559999958,0.2070710559999958,0.0,15.87572,
278,NFCORE_CHIPSEQ:CHIPSEQ:ALIGN_BWA_MEM:BWA_MEM,1697328546000,1697328600000,10,950.1,,34359738368.0,,,0.2125970298999823,0.2125970298999823,0.0,15.87572,
273,NFCORE_CHIPSEQ:CHIPSEQ:ALIGN_BWA_MEM:BWA_MEM,1697328525000,1697328600000,10,929.0,,34359738368.0,,,0.21482447072743127,0.21482447072743127,0.0,15.87572,
268,NFCORE_CHIPSEQ:CHIPSEQ:ALIGN_BWA_MEM:BWA_MEM,1697328586000,1697328600000,10,920.8,,34359738368.0,,,0.204556419676875,0.204556419676875,0.0,15.87572,
241,NFCORE_CHIPSEQ:CHIPSEQ:ALIGN_BWA_MEM:BWA_MEM,1697328359000,1697328600000,10,902.4,,34359738368.0,,,0.26106638127344445,0.26106638127344445,0.0,15.87572,
274,NFCORE_CHIPSEQ:CHIPSEQ:ALIGN_BWA_MEM:BWA_MEM,1697328566000,1697328600000,10,973.5,,34359738368.0,,,0.23275483715901668,0.23275483715901668,0.0,15.87572,
265,NFCORE_CHIPSEQ:CHIPSEQ:ALIGN_BWA_MEM:BWA_MEM,1697328607000,1697328900000,10,984.1,,34359738368.0,,,0.1737383913939844,0.1737383913939844,0.0,15.87572,
257,NFCORE_CHIPSEQ:CHIPSEQ:ALIGN_BWA_MEM:BWA_MEM,1697328613000,1697328900000,10,1008.9,,34359738368.0,,,0.17743821539926802,0.17743821539926802,0.0,15.87572,
256,NFCORE_CHIPSEQ:CHIPSEQ:ALIGN_BWA_MEM:BWA_MEM,1697328613000,1697328900000,10,952.5,,34359738368.0,,,0.18616895764083263,0.18616895764083263,0.0,15.87572,
264,NFCORE_CHIPSEQ:CHIPSEQ:ALIGN_BWA_MEM:BWA_MEM,1697328609000,1697328900000,10,951.2,,34359738368.0,,,0.21379133261575833,0.21379133261575833,0.0,15.87572,
261,NFCORE_CHIPSEQ:CHIPSEQ:ALIGN_BWA_MEM:BWA_MEM,1697328900000,1697329200000,10,1004.3,,34359738368.0,,,0.1006921365229427,0.1006921365229427,0.0,15.87572,
258,NFCORE_CHIPSEQ:CHIPSEQ:ALIGN_BWA_MEM:BWA_MEM,1697329155000,1697329200000,10,1011.2,,34359738368.0,,,0.16960587326199997,0.16960587326199997,0.0,15.87572,
245,NFCORE_CHIPSEQ:CHIPSEQ:ALIGN_BWA_MEM:BWA_MEM,1697329209000,1697329500000,10,1007.4,,34359738368.0,,,0.15494516593720206,0.15494516593720206,0.0,15.87572,
262,NFCORE_CHIPSEQ:CHIPSEQ:ALIGN_BWA_MEM:BWA_MEM,1697329209000,1697329500000,10,1002.6,,34359738368.0,,,0.1543626659257521,0.1543626659257521,0.0,15.87572,
260,NFCORE_CHIPSEQ:CHIPSEQ:ALIGN_BWA_MEM:BWA_MEM,1697329240000,1697329500000,10,1009.4,,34359738368.0,,,0.14704773196983328,0.14704773196983328,0.0,15.87572,
244,NFCORE_CHIPSEQ:CHIPSEQ:ALIGN_BWA_MEM:BWA_MEM,1697329286000,1697329500000,10,1010.3,,34359738368.0,,,0.1350638000272604,0.1350638000272604,0.0,15.87572,
243,NFCORE_CHIPSEQ:CHIPSEQ:ALIGN_BWA_MEM:BWA_MEM,1697329313000,1697329500000,10,1006.4,,34359738368.0,,,0.12757901240455,0.12757901240455,0.0,15.87572,
269,NFCORE_CHIPSEQ:CHIPSEQ:ALIGN_BWA_MEM:BWA_MEM,1697329359000,1697329500000,10,1010.5,,34359738368.0,,,0.11589969790662813,0.11589969790662813,0.0,15.87572,
246,NFCORE_CHIPSEQ:CHIPSEQ:ALIGN_BWA_MEM:BWA_MEM,1697329322000,1697329500000,10,1002.2,,34359738368.0,,,0.12480905481452916,0.12480905481452916,0.0,15.87572,
263,NFCORE_CHIPSEQ:CHIPSEQ:ALIGN_BWA_MEM:BWA_MEM,1697329327000,1697329500000,10,1007.0,,34359738368.0,,,0.12396971790103539,0.12396971790103539,0.0,15.87572,
247,NFCORE_CHIPSEQ:CHIPSEQ:ALIGN_BWA_MEM:BWA_MEM,1697329332000,1697329500000,10,1008.3,,34359738368.0,,,0.1227841827996875,0.1227841827996875,0.0,15.87572,
259,NFCORE_CHIPSEQ:CHIPSEQ:ALIGN_BWA_MEM:BWA_MEM,1697329358000,1697329500000,10,1006.4,,34359738368.0,,,0.1157903972953,0.1157903972953,0.0,15.87572,
251,NFCORE_CHIPSEQ:CHIPSEQ:ALIGN_BWA_MEM:BWA_MEM,1697329252000,1697329500000,10,1006.9,,34359738368.0,,,0.14361539744715138,0.14361539744715138,0.0,15.87572,
253,NFCORE_CHIPSEQ:CHIPSEQ:ALIGN_BWA_MEM:BWA_MEM,1697329360000,1697329500000,10,1010.3,,34359738368.0,,,0.11561881714395833,0.11561881714395833,0.0,15.87572,
254,NFCORE_CHIPSEQ:CHIPSEQ:ALIGN_BWA_MEM:BWA_MEM,1697329342000,1697329500000,10,1005.3,,34359738368.0,,,0.11987845610735068,0.11987845610735068,0.0,15.87572,
270,NFCORE_CHIPSEQ:CHIPSEQ:ALIGN_BWA_MEM:BWA_MEM,1697329378000,1697329500000,10,1006.0,,34359738368.0,,,0.11051635191611389,0.11051635191611389,0.0,15.87572,
283,NFCORE_CHIPSEQ:CHIPSEQ:ALIGN_BWA_MEM:BWA_MEM,1697329401000,1697329500000,10,1007.2,,34359738368.0,,,0.10459126420685833,0.10459126420685833,0.0,15.87572,
249,NFCORE_CHIPSEQ:CHIPSEQ:ALIGN_BWA_MEM:BWA_MEM,1697329289000,1697329500000,10,1004.1,,34359738368.0,,,0.13362494121596907,0.13362494121596907,0.0,15.87572,
266,NFCORE_CHIPSEQ:CHIPSEQ:ALIGN_BWA_MEM:BWA_MEM,1697329426000,1697329500000,10,1010.7,,34359738368.0,,,0.09830671298808402,0.09830671298808402,0.0,15.87572,
238,NFCORE_CHIPSEQ:CHIPSEQ:ALIGN_BWA_MEM:BWA_MEM,1697329447000,1697329500000,10,1005.4,,34359738368.0,,,0.0924026523392243,0.0924026523392243,0.0,15.87572,
250,NFCORE_CHIPSEQ:CHIPSEQ:ALIGN_BWA_MEM:BWA_MEM,1697329292000,1697329500000,10,1004.3,,34359738368.0,,,0.13286131260689582,0.13286131260689582,0.0,15.87572,
275,NFCORE_CHIPSEQ:CHIPSEQ:ALIGN_BWA_MEM:BWA_MEM,1697329398000,1697329500000,10,1005.3,,34359738368.0,,,0.10522082828636457,0.10522082828636457,0.0,15.87572,
286,NFCORE_CHIPSEQ:CHIPSEQ:ALIGN_BWA_MEM:BWA_MEM,1697329481000,1697329500000,10,1006.4,,34359738368.0,,,0.08356818266334999,0.08356818266334999,0.0,15.87572,
240,NFCORE_CHIPSEQ:CHIPSEQ:ALIGN_BWA_MEM:BWA_MEM,1697329382000,1697329500000,10,999.9,,34359738368.0,,,0.10894523526526596,0.10894523526526596,0.0,15.87572,
239,NFCORE_CHIPSEQ:CHIPSEQ:ALIGN_BWA_MEM:BWA_MEM,1697329465000,1697329500000,10,1006.7,,34359738368.0,,,0.08778032662659895,0.08778032662659895,0.0,15.87572,
282,NFCORE_CHIPSEQ:CHIPSEQ:ALIGN_BWA_MEM:BWA_MEM,1697329838000,1697330100000,10,1007.4,,34359738368.0,,,0.0,0.0,0.0,0.0,
287,NFCORE_CHIPSEQ:CHIPSEQ:ALIGN_BWA_MEM:BWA_MEM,1697329887000,1697330100000,10,993.7,,34359738368.0,,,0.0,0.0,0.0,0.0,
312,NFCORE_CHIPSEQ:CHIPSEQ:ALIGN_BWA_MEM:BWA_MEM,1697329934000,1697330100000,10,994.3,,34359738368.0,,,0.0,0.0,0.0,0.0,
316,NFCORE_CHIPSEQ:CHIPSEQ:ALIGN_BWA_MEM:BWA_MEM,1697330002000,1697330100000,10,999.2,,34359738368.0,,,0.0,0.0,0.0,0.0,
317,NFCORE_CHIPSEQ:CHIPSEQ:ALIGN_BWA_MEM:BWA_MEM,1697329969000,1697330100000,10,1008.6,,34359738368.0,,,0.0,0.0,0.0,0.0,
315,NFCORE_CHIPSEQ:CHIPSEQ:ALIGN_BWA_MEM:BWA_MEM,1697329946000,1697330100000,10,992.8,,34359738368.0,,,0.0,0.0,0.0,0.0,
314,NFCORE_CHIPSEQ:CHIPSEQ:ALIGN_BWA_MEM:BWA_MEM,1697330002000,1697330100000,10,1002.0,,34359738368.0,,,0.0,0.0,0.0,0.0,
319,NFCORE_CHIPSEQ:CHIPSEQ:ALIGN_BWA_MEM:BWA_MEM,1697329969000,1697330100000,10,1009.7,,34359738368.0,,,0.0,0.0,0.0,0.0,
318,NFCORE_CHIPSEQ:CHIPSEQ:ALIGN_BWA_MEM:BWA_MEM,1697329988000,1697330100000,10,1010.9,,34359738368.0,,,0.0,0.0,0.0,0.0,
313,NFCORE_CHIPSEQ:CHIPSEQ:ALIGN_BWA_MEM:BWA_MEM,1697330014000,1697330100000,10,994.3,,34359738368.0,,,0.0,0.0,0.0,0.0,
288,NFCORE_CHIPSEQ:CHIPSEQ:ALIGN_BWA_MEM:BWA_MEM,1697329888000,1697330100000,10,993.3,,34359738368.0,,,0.0,0.0,0.0,0.0,
235,NFCORE_CHIPSEQ:CHIPSEQ:ALIGN_BWA_MEM:BWA_MEM,1697329985000,1697330100000,10,1003.8,,34359738368.0,,,0.0,0.0,0.0,0.0,
237,NFCORE_CHIPSEQ:CHIPSEQ:ALIGN_BWA_MEM:BWA_MEM,1697329909000,1697330100000,10,1000.7,,34359738368.0,,,0.0,0.0,0.0,0.0,
311,NFCORE_CHIPSEQ:CHIPSEQ:ALIGN_BWA_MEM:BWA_MEM,1697330026000,1697330100000,10,997.1,,34359738368.0,,,0.0,0.0,0.0,0.0,
289,NFCORE_CHIPSEQ:CHIPSEQ:ALIGN_BWA_MEM:BWA_MEM,1697329955000,1697330100000,10,1005.0,,34359738368.0,,,0.0,0.0,0.0,0.0,
232,NFCORE_CHIPSEQ:CHIPSEQ:ALIGN_BWA_MEM:BWA_MEM,1697330072000,1697330100000,10,1002.2,,34359738368.0,,,0.2661797415291333,0.2661797415291333,0.0,809.208128,
234,NFCORE_CHIPSEQ:CHIPSEQ:ALIGN_BWA_MEM:BWA_MEM,1697330033000,1697330100000,10,1003.4,,34359738368.0,,,0.22646629323603668,0.22646629323603668,0.0,809.208128,
233,NFCORE_CHIPSEQ:CHIPSEQ:ALIGN_BWA_MEM:BWA_MEM,1697330055000,1697330100000,10,1004.4,,34359738368.0,,,0.2933042855896756,0.2933042855896756,0.0,809.208128,
236,NFCORE_CHIPSEQ:CHIPSEQ:ALIGN_BWA_MEM:BWA_MEM,1697330002000,1697330100000,10,1001.6,,34359738368.0,,,0.5853191205053867,0.5853191205053867,0.0,809.208128,
310,NFCORE_CHIPSEQ:CHIPSEQ:ALIGN_BWA_MEM:BWA_MEM,1697330076000,1697330100000,10,1001.7,,34359738368.0,,,0.6917952036452023,0.6917952036452023,0.0,809.208128,
306,NFCORE_CHIPSEQ:CHIPSEQ:ALIGN_BWA_MEM:BWA_MEM,1697330115000,1697330400000,10,1001.8,,34359738368.0,,,0.0,0.0,0.0,0.0,
231,NFCORE_CHIPSEQ:CHIPSEQ:ALIGN_BWA_MEM:BWA_MEM,1697330162000,1697330400000,10,1004.0,,34359738368.0,,,1.0528982898017467,1.0528982898017467,0.0,809.208128,
230,NFCORE_CHIPSEQ:CHIPSEQ:ALIGN_BWA_MEM:BWA_MEM,1697330216000,1697330400000,10,999.5,,34359738368.0,,,1.6335295453974852,1.6335295453974852,0.0,809.208128,
307,NFCORE_CHIPSEQ:CHIPSEQ:ALIGN_BWA_MEM:BWA_MEM,1697330244000,1697330400000,10,1000.4,,34359738368.0,,,3.614920174325653,3.614920174325653,0.0,809.208128,
309,NFCORE_CHIPSEQ:CHIPSEQ:ALIGN_BWA_MEM:BWA_MEM,1697330453000,1697330700000,10,1000.3,,34359738368.0,,,3.2425406605154117,3.2425406605154117,0.0,809.208128,
303,NFCORE_CHIPSEQ:CHIPSEQ:ALIGN_BWA_MEM:BWA_MEM,1697330581000,1697330700000,10,1001.5,,34359738368.0,,,4.615676246303954,4.615676246303954,0.0,809.208128,
305,NFCORE_CHIPSEQ:CHIPSEQ:ALIGN_BWA_MEM:BWA_MEM,1697330614000,1697330700000,10,1005.6,,34359738368.0,,,4.777356978569128,4.777356978569128,0.0,809.208128,
301,NFCORE_CHIPSEQ:CHIPSEQ:ALIGN_BWA_MEM:BWA_MEM,1697330637000,1697330700000,10,990.5,,34359738368.0,,,5.103187546424414,5.103187546424414,0.0,809.208128,
308,NFCORE_CHIPSEQ:CHIPSEQ:ALIGN_BWA_MEM:BWA_MEM,1697330531000,1697330700000,10,988.0,,34359738368.0,,,5.290466861332506,5.290466861332506,0.0,809.208128,
227,NFCORE_CHIPSEQ:CHIPSEQ:ALIGN_BWA_MEM:BWA_MEM,1697330548000,1697330700000,10,1007.5,,34359738368.0,,,5.506156932737717,5.506156932737717,0.0,809.208128,
304,NFCORE_CHIPSEQ:CHIPSEQ:ALIGN_BWA_MEM:BWA_MEM,1697330548000,1697330700000,10,1002.6,,34359738368.0,,,5.498340698707601,5.498340698707601,0.0,809.208128,
226,NFCORE_CHIPSEQ:CHIPSEQ:ALIGN_BWA_MEM:BWA_MEM,1697330585000,1697330700000,10,1003.6,,34359738368.0,,,6.275434404686514,6.275434404686514,0.0,809.208128,
302,NFCORE_CHIPSEQ:CHIPSEQ:ALIGN_BWA_MEM:BWA_MEM,1697330601000,1697330700000,10,994.0,,34359738368.0,,,6.452903665575982,6.452903665575982,0.0,809.208128,
229,NFCORE_CHIPSEQ:CHIPSEQ:ALIGN_BWA_MEM:BWA_MEM,1697330540000,1697330700000,10,992.3,,34359738368.0,,,6.549863770203066,6.549863770203066,0.0,809.208128,
224,NFCORE_CHIPSEQ:CHIPSEQ:ALIGN_BWA_MEM:BWA_MEM,1697330690000,1697330700000,10,1000.5,,34359738368.0,,,6.79180030353305,6.79180030353305,0.0,809.208128,
228,NFCORE_CHIPSEQ:CHIPSEQ:ALIGN_BWA_MEM:BWA_MEM,1697330574000,1697330700000,10,991.1,,34359738368.0,,,6.78110481285687,6.78110481285687,0.0,809.208128,
225,NFCORE_CHIPSEQ:CHIPSEQ:ALIGN_BWA_MEM:BWA_MEM,1697330582000,1697330700000,10,1001.2,,34359738368.0,,,7.021618959194987,7.021618959194987,0.0,809.208128,
223,NFCORE_CHIPSEQ:CHIPSEQ:ALIGN_BWA_MEM:BWA_MEM,1697330645000,1697330700000,10,996.0,,34359738368.0,,,7.138567684678858,7.138567684678858,0.0,809.208128,
300,NFCORE_CHIPSEQ:CHIPSEQ:ALIGN_BWA_MEM:BWA_MEM,1697330646000,1697330700000,10,1000.5,,34359738368.0,,,7.137371356158997,7.137371356158997,0.0,809.208128,
221,NFCORE_CHIPSEQ:CHIPSEQ:ALIGN_BWA_MEM:BWA_MEM,1697330657000,1697330700000,10,1003.9,,34359738368.0,,,7.423016360378384,7.423016360378384,0.0,809.208128,
298,NFCORE_CHIPSEQ:CHIPSEQ:ALIGN_BWA_MEM:BWA_MEM,1697330755000,1697331000000,10,994.6,,34359738368.0,,,5.543136634335892,5.543136634335892,0.0,809.208128,
295,NFCORE_CHIPSEQ:CHIPSEQ:ALIGN_BWA_MEM:BWA_MEM,1697330827000,1697331000000,10,1002.5,,34359738368.0,,,5.338162916003912,5.338162916003912,0.0,809.208128,
219,NFCORE_CHIPSEQ:CHIPSEQ:ALIGN_BWA_MEM:BWA_MEM,1697330725000,1697331000000,10,1002.6,,34359738368.0,,,7.428750871377341,7.428750871377341,0.0,809.208128,
220,NFCORE_CHIPSEQ:CHIPSEQ:ALIGN_BWA_MEM:BWA_MEM,1697330722000,1697331000000,10,1003.9,,34359738368.0,,,7.329728901630361,7.329728901630361,0.0,809.208128,
222,NFCORE_CHIPSEQ:CHIPSEQ:ALIGN_BWA_MEM:BWA_MEM,1697330720000,1697331000000,10,1000.0,,34359738368.0,,,7.333850566703574,7.333850566703574,0.0,809.208128,
299,NFCORE_CHIPSEQ:CHIPSEQ:ALIGN_BWA_MEM:BWA_MEM,1697330783000,1697331000000,10,1001.3,,34359738368.0,,,6.676382828822016,6.676382828822016,0.0,809.208128,
296,NFCORE_CHIPSEQ:CHIPSEQ:ALIGN_BWA_MEM:BWA_MEM,1697330746000,1697331000000,10,1001.7,,34359738368.0,,,7.343672161772147,7.343672161772147,0.0,809.208128,
218,NFCORE_CHIPSEQ:CHIPSEQ:ALIGN_BWA_MEM:BWA_MEM,1697330976000,1697331000000,10,1002.7,,34359738368.0,,,6.510653695726469,6.510653695726469,0.0,809.208128,
297,NFCORE_CHIPSEQ:CHIPSEQ:ALIGN_BWA_MEM:BWA_MEM,1697330947000,1697331000000,10,1000.0,,34359738368.0,,,6.908699809213511,6.908699809213511,0.0,809.208128,
336,NFCORE_CHIPSEQ:CHIPSEQ:ALIGN_BWA_MEM:BAM_SORT_SAMTOOLS:SAMTOOLS_SORT,1697331192000,1697331233000,6,451.9,,6374293504.0,,,0.21536560669216875,0.21536560669216875,0.0,809.208128,
339,NFCORE_CHIPSEQ:CHIPSEQ:ALIGN_BWA_MEM:BAM_SORT_SAMTOOLS:SAMTOOLS_SORT,1697331199000,1697331251000,6,389.5,,6374293504.0,,,0.23918550666982835,0.23918550666982835,0.0,809.208128,
407,NFCORE_CHIPSEQ:CHIPSEQ:ALIGN_BWA_MEM:BAM_SORT_SAMTOOLS:SAMTOOLS_INDEX,1697331237000,1697331258000,2,113.5,,1073741824.0,,,0.026796863939335003,0.026796863939335003,0.0,809.208128,
323,NFCORE_CHIPSEQ:CHIPSEQ:ALIGN_BWA_MEM:BAM_SORT_SAMTOOLS:SAMTOOLS_SORT,1697331214000,1697331267000,6,379.9,,6374293504.0,,,0.23845996412959372,0.23845996412959372,0.0,809.208128,
324,NFCORE_CHIPSEQ:CHIPSEQ:ALIGN_BWA_MEM:BAM_SORT_SAMTOOLS:SAMTOOLS_SORT,1697331217000,1697331266000,6,421.5,,6374293504.0,,,0.24179753321940317,0.24179753321940317,0.0,809.208128,
332,NFCORE_CHIPSEQ:CHIPSEQ:ALIGN_BWA_MEM:BAM_SORT_SAMTOOLS:SAMTOOLS_SORT,1697331215000,1697331267000,6,383.4,,6374293504.0,,,0.2358655898371861,0.2358655898371861,0.0,809.208128,
410,NFCORE_CHIPSEQ:CHIPSEQ:ALIGN_BWA_MEM:BAM_SORT_SAMTOOLS:SAMTOOLS_INDEX,1697331257000,1697331273000,2,133.9,,1073741824.0,,,0.023832865219866668,0.023832865219866668,0.0,809.208128,
411,NFCORE_CHIPSEQ:CHIPSEQ:ALIGN_BWA_MEM:BAM_SORT_SAMTOOLS:BAM_STATS_SAMTOOLS:SAMTOOLS_FLAGSTAT,1697331265000,1697331278000,2,145.9,,1073741824.0,,,0.020996948974408333,0.020996948974408333,0.0,809.208128,
413,NFCORE_CHIPSEQ:CHIPSEQ:ALIGN_BWA_MEM:BAM_SORT_SAMTOOLS:BAM_STATS_SAMTOOLS:SAMTOOLS_IDXSTATS,1697331275000,1697331278000,2,84.8,,1073741824.0,,,0.002926973232986667,0.002926973232986667,0.0,809.208128,
321,NFCORE_CHIPSEQ:CHIPSEQ:ALIGN_BWA_MEM:BAM_SORT_SAMTOOLS:SAMTOOLS_SORT,1697331232000,1697331278000,6,405.3,,6374293504.0,,,0.21919410064791367,0.21919410064791367,0.0,809.208128,
322,NFCORE_CHIPSEQ:CHIPSEQ:ALIGN_BWA_MEM:BAM_SORT_SAMTOOLS:SAMTOOLS_SORT,1697331232000,1697331278000,6,397.0,,6374293504.0,,,0.21519805951707252,0.21519805951707252,0.0,809.208128,
329,NFCORE_CHIPSEQ:CHIPSEQ:ALIGN_BWA_MEM:BAM_SORT_SAMTOOLS:SAMTOOLS_SORT,1697331241000,1697331283000,6,461.6,,6374293504.0,,,0.22488240530081083,0.22488240530081083,0.0,809.208128,
338,NFCORE_CHIPSEQ:CHIPSEQ:ALIGN_BWA_MEM:BAM_SORT_SAMTOOLS:SAMTOOLS_SORT,1697331232000,1697331278000,6,408.3,,6374293504.0,,,0.22063845286388026,0.22063845286388026,0.0,809.208128,
341,NFCORE_CHIPSEQ:CHIPSEQ:ALIGN_BWA_MEM:BAM_SORT_SAMTOOLS:SAMTOOLS_SORT,1697331232000,1697331286000,6,399.4,,6374293504.0,,,0.2539802441228625,0.2539802441228625,0.0,809.208128,
343,NFCORE_CHIPSEQ:CHIPSEQ:ALIGN_BWA_MEM:BAM_SORT_SAMTOOLS:SAMTOOLS_SORT,1697331238000,1697331287000,6,365.7,,6374293504.0,,,0.2131805199665332,0.2131805199665332,0.0,809.208128,
331,NFCORE_CHIPSEQ:CHIPSEQ:ALIGN_BWA_MEM:BAM_SORT_SAMTOOLS:SAMTOOLS_SORT,1697331246000,1697331289000,6,402.4,,6374293504.0,,,0.20359368305978123,0.20359368305978123,0.0,809.208128,
416,NFCORE_CHIPSEQ:CHIPSEQ:ALIGN_BWA_MEM:BAM_SORT_SAMTOOLS:SAMTOOLS_INDEX,1697331275000,1697331297000,2,139.7,,1073741824.0,,,0.03410569216106556,0.03410569216106556,0.0,809.208128,
417,NFCORE_CHIPSEQ:CHIPSEQ:ALIGN_BWA_MEM:BAM_SORT_SAMTOOLS:SAMTOOLS_INDEX,1697331276000,1697331296000,2,115.9,,1073741824.0,,,0.026023206178833337,0.026023206178833337,0.0,809.208128,
340,NFCORE_CHIPSEQ:CHIPSEQ:ALIGN_BWA_MEM:BAM_SORT_SAMTOOLS:SAMTOOLS_SORT,1697331255000,1697331300000,6,387.1,,6374293504.0,,,0.21043169720438254,0.21043169720438254,0.0,809.208128,
425,NFCORE_CHIPSEQ:CHIPSEQ:ALIGN_BWA_MEM:BAM_SORT_SAMTOOLS:SAMTOOLS_INDEX,1697331290000,1697331300000,2,102.7,,1073741824.0,,,0.026749112230531665,0.026749112230531665,0.0,809.208128,
426,NFCORE_CHIPSEQ:CHIPSEQ:ALIGN_BWA_MEM:BAM_SORT_SAMTOOLS:SAMTOOLS_INDEX,1697331290000,1697331300000,2,135.6,,1073741824.0,,,0.021102855493035557,0.021102855493035557,0.0,809.208128,
428,NFCORE_CHIPSEQ:CHIPSEQ:ALIGN_BWA_MEM:BAM_SORT_SAMTOOLS:SAMTOOLS_INDEX,1697331291000,1697331300000,2,99.2,,1073741824.0,,,0.024780200679715557,0.024780200679715557,0.0,809.208128,
330,NFCORE_CHIPSEQ:CHIPSEQ:ALIGN_BWA_MEM:BAM_SORT_SAMTOOLS:SAMTOOLS_SORT,1697331261000,1697331300000,6,432.7,,6374293504.0,,,0.25764518250523627,0.25764518250523627,0.0,809.208128,
337,NFCORE_CHIPSEQ:CHIPSEQ:ALIGN_BWA_MEM:BAM_SORT_SAMTOOLS:SAMTOOLS_SORT,1697331262000,1697331300000,6,373.9,,6374293504.0,,,0.22182233418927083,0.22182233418927083,0.0,809.208128,
424,NFCORE_CHIPSEQ:CHIPSEQ:ALIGN_BWA_MEM:BAM_SORT_SAMTOOLS:SAMTOOLS_INDEX,1697331288000,1697331300000,2,98.1,,1073741824.0,,,0.02787149514306944,0.02787149514306944,0.0,809.208128,
427,NFCORE_CHIPSEQ:CHIPSEQ:ALIGN_BWA_MEM:BAM_SORT_SAMTOOLS:SAMTOOLS_INDEX,1697331296000,1697331300000,2,115.3,,1073741824.0,,,0.027192490850665003,0.027192490850665003,0.0,809.208128,
327,NFCORE_CHIPSEQ:CHIPSEQ:ALIGN_BWA_MEM:BAM_SORT_SAMTOOLS:SAMTOOLS_SORT,1697331285000,1697331300000,6,467.3,,6374293504.0,,,0.19490403634791503,0.19490403634791503,0.0,809.208128,
328,NFCORE_CHIPSEQ:CHIPSEQ:ALIGN_BWA_MEM:BAM_SORT_SAMTOOLS:SAMTOOLS_SORT,1697331271000,1697331300000,6,393.1,,6374293504.0,,,0.20404560156517168,0.20404560156517168,0.0,809.208128,
335,NFCORE_CHIPSEQ:CHIPSEQ:ALIGN_BWA_MEM:BAM_SORT_SAMTOOLS:SAMTOOLS_SORT,1697331271000,1697331300000,6,404.5,,6374293504.0,,,0.20929550788059834,0.20929550788059834,0.0,809.208128,
342,NFCORE_CHIPSEQ:CHIPSEQ:ALIGN_BWA_MEM:BAM_SORT_SAMTOOLS:SAMTOOLS_SORT,1697331269000,1697331300000,6,365.8,,6374293504.0,,,0.20452846595951957,0.20452846595951957,0.0,809.208128,
412,NFCORE_CHIPSEQ:CHIPSEQ:ALIGN_BWA_MEM:BAM_SORT_SAMTOOLS:BAM_STATS_SAMTOOLS:SAMTOOLS_STATS,1697331276000,1697331300000,2,136.1,,1073741824.0,,,0.07260383909442666,0.07260383909442666,0.0,809.208128,
320,NFCORE_CHIPSEQ:CHIPSEQ:ALIGN_BWA_MEM:BAM_SORT_SAMTOOLS:SAMTOOLS_SORT,1697331275000,1697331300000,6,358.5,,6374293504.0,,,0.20093747142837348,0.20093747142837348,0.0,809.208128,
325,NFCORE_CHIPSEQ:CHIPSEQ:ALIGN_BWA_MEM:BAM_SORT_SAMTOOLS:SAMTOOLS_SORT,1697331283000,1697331300000,6,399.6,,6374293504.0,,,0.192922675846536,0.192922675846536,0.0,809.208128,
333,NFCORE_CHIPSEQ:CHIPSEQ:ALIGN_BWA_MEM:BAM_SORT_SAMTOOLS:SAMTOOLS_SORT,1697331275000,1697331300000,6,328.4,,6374293504.0,,,0.2059319134772972,0.2059319134772972,0.0,809.208128,
334,NFCORE_CHIPSEQ:CHIPSEQ:ALIGN_BWA_MEM:BAM_SORT_SAMTOOLS:SAMTOOLS_SORT,1697331286000,1697331300000,6,445.7,,6374293504.0,,,0.20751713955617224,0.20751713955617224,0.0,809.208128,
326,NFCORE_CHIPSEQ:CHIPSEQ:ALIGN_BWA_MEM:BAM_SORT_SAMTOOLS:SAMTOOLS_SORT,1697331283000,1697331300000,6,363.5,,6374293504.0,,,0.19474186282054376,0.19474186282054376,0.0,809.208128,
355,NFCORE_CHIPSEQ:CHIPSEQ:ALIGN_BWA_MEM:BAM_SORT_SAMTOOLS:SAMTOOLS_SORT,1697331292000,1697331300000,6,397.8,,6374293504.0,,,0.20621003662504056,0.20621003662504056,0.0,809.208128,
344,NFCORE_CHIPSEQ:CHIPSEQ:ALIGN_BWA_MEM:BAM_SORT_SAMTOOLS:SAMTOOLS_SORT,1697331286000,1697331300000,6,340.5,,6374293504.0,,,0.20434357911199305,0.20434357911199305,0.0,809.208128,
345,NFCORE_CHIPSEQ:CHIPSEQ:ALIGN_BWA_MEM:BAM_SORT_SAMTOOLS:SAMTOOLS_SORT,1697331291000,1697331300000,6,370.4,,6374293504.0,,,0.19799165530646873,0.19799165530646873,0.0,809.208128,
346,NFCORE_CHIPSEQ:CHIPSEQ:ALIGN_BWA_MEM:BAM_SORT_SAMTOOLS:SAMTOOLS_SORT,1697331291000,1697331300000,6,318.7,,6374293504.0,,,0.20065270146473496,0.20065270146473496,0.0,809.208128,
347,NFCORE_CHIPSEQ:CHIPSEQ:ALIGN_BWA_MEM:BAM_SORT_SAMTOOLS:SAMTOOLS_SORT,1697331291000,1697331300000,6,359.3,,6374293504.0,,,0.21418192029321528,0.21418192029321528,0.0,809.208128,
363,NFCORE_CHIPSEQ:CHIPSEQ:ALIGN_BWA_MEM:BAM_SORT_SAMTOOLS:SAMTOOLS_SORT,1697331295000,1697331300000,6,370.5,,6374293504.0,,,0.20243961494270027,0.20243961494270027,0.0,809.208128,
293,NFCORE_CHIPSEQ:CHIPSEQ:ALIGN_BWA_MEM:BWA_MEM,1697331090000,1697331300000,10,998.5,,34359738368.0,,,4.817104993817069,4.817104993817069,0.0,809.208128,
217,NFCORE_CHIPSEQ:CHIPSEQ:ALIGN_BWA_MEM:BWA_MEM,1697331050000,1697331300000,10,1000.9,,34359738368.0,,,6.235533623306909,6.235533623306909,0.0,809.208128,
294,NFCORE_CHIPSEQ:CHIPSEQ:ALIGN_BWA_MEM:BWA_MEM,1697331115000,1697331300000,10,1005.5,,34359738368.0,,,5.617624418127695,5.617624418127695,0.0,809.208128,
290,NFCORE_CHIPSEQ:CHIPSEQ:ALIGN_BWA_MEM:BWA_MEM,1697331177000,1697331300000,10,1006.8,,34359738368.0,,,5.169210142174699,5.169210142174699,0.0,809.208128,
216,NFCORE_CHIPSEQ:CHIPSEQ:ALIGN_BWA_MEM:BWA_MEM,1697331116000,1697331300000,10,1008.5,,34359738368.0,,,6.125715601915344,6.125715601915344,0.0,809.208128,
291,NFCORE_CHIPSEQ:CHIPSEQ:ALIGN_BWA_MEM:BWA_MEM,1697331062000,1697331300000,10,1006.2,,34359738368.0,,,6.9557940785591015,6.9557940785591015,0.0,809.208128,
292,NFCORE_CHIPSEQ:CHIPSEQ:ALIGN_BWA_MEM:BWA_MEM,1697331174000,1697331300000,10,1004.7,,34359738368.0,,,5.427407221130517,5.427407221130517,0.0,809.208128,
215,NFCORE_CHIPSEQ:CHIPSEQ:ALIGN_BWA_MEM:BWA_MEM,1697331106000,1697331300000,10,1007.8,,34359738368.0,,,6.603593644539521,6.603593644539521,0.0,809.208128,
434,NFCORE_CHIPSEQ:CHIPSEQ:ALIGN_BWA_MEM:BAM_SORT_SAMTOOLS:BAM_STATS_SAMTOOLS:SAMTOOLS_IDXSTATS,1697331301000,1697331303000,2,56.4,,1073741824.0,,,0.0013568284896222224,0.0013568284896222224,0.0,809.208128,
415,NFCORE_CHIPSEQ:CHIPSEQ:ALIGN_BWA_MEM:BAM_SORT_SAMTOOLS:SAMTOOLS_INDEX,1697331300000,1697331315000,2,149.4,,1073741824.0,,,0.024776730637916664,0.024776730637916664,0.0,809.208128,
454,NFCORE_CHIPSEQ:CHIPSEQ:ALIGN_BWA_MEM:BAM_SORT_SAMTOOLS:BAM_STATS_SAMTOOLS:SAMTOOLS_IDXSTATS,1697331321000,1697331322000,2,30.5,,1073741824.0,,,0.00040733654630722223,0.00040733654630722223,0.0,809.208128,
432,NFCORE_CHIPSEQ:CHIPSEQ:ALIGN_BWA_MEM:BAM_SORT_SAMTOOLS:BAM_STATS_SAMTOOLS:SAMTOOLS_FLAGSTAT,1697331317000,1697331330000,2,149.5,,1073741824.0,,,0.021486772769388332,0.021486772769388332,0.0,809.208128,
443,NFCORE_CHIPSEQ:CHIPSEQ:ALIGN_BWA_MEM:BAM_SORT_SAMTOOLS:BAM_STATS_SAMTOOLS:SAMTOOLS_FLAGSTAT,1697331315000,1697331328000,2,135.4,,1073741824.0,,,0.01956829623905,0.01956829623905,0.0,809.208128,
446,NFCORE_CHIPSEQ:CHIPSEQ:ALIGN_BWA_MEM:BAM_SORT_SAMTOOLS:BAM_STATS_SAMTOOLS:SAMTOOLS_FLAGSTAT,1697331317000,1697331331000,2,141.1,,1073741824.0,,,0.02190876216426333,0.02190876216426333,0.0,809.208128,
429,NFCORE_CHIPSEQ:CHIPSEQ:ALIGN_BWA_MEM:BAM_SORT_SAMTOOLS:SAMTOOLS_INDEX,1697331316000,1697331336000,2,110.6,,1073741824.0,,,0.024913776215844445,0.024913776215844445,0.0,809.208128,
431,NFCORE_CHIPSEQ:CHIPSEQ:ALIGN_BWA_MEM:BAM_SORT_SAMTOOLS:SAMTOOLS_INDEX,1697331328000,1697331341000,2,153.3,,1073741824.0,,,0.02200380899742278,0.02200380899742278,0.0,809.208128,
439,NFCORE_CHIPSEQ:CHIPSEQ:ALIGN_BWA_MEM:BAM_SORT_SAMTOOLS:SAMTOOLS_INDEX,1697331319000,1697331336000,2,131.7,,1073741824.0,,,0.024930978912940552,0.024930978912940552,0.0,809.208128,
460,NFCORE_CHIPSEQ:CHIPSEQ:ALIGN_BWA_MEM:BAM_SORT_SAMTOOLS:SAMTOOLS_INDEX,1697331333000,1697331345000,2,141.2,,1073741824.0,,,0.018791498582426666,0.018791498582426666,0.0,809.208128,
463,NFCORE_CHIPSEQ:CHIPSEQ:ALIGN_BWA_MEM:BAM_SORT_SAMTOOLS:SAMTOOLS_INDEX,1697331326000,1697331349000,2,138.0,,1073741824.0,,,0.03524671776780223,0.03524671776780223,0.0,809.208128,
467,NFCORE_CHIPSEQ:CHIPSEQ:ALIGN_BWA_MEM:BAM_SORT_SAMTOOLS:SAMTOOLS_INDEX,1697331332000,1697331345000,2,141.9,,1073741824.0,,,0.020452700313319444,0.020452700313319444,0.0,809.208128,
348,NFCORE_CHIPSEQ:CHIPSEQ:ALIGN_BWA_MEM:BAM_SORT_SAMTOOLS:SAMTOOLS_SORT,1697331305000,1697331346000,6,392.7,,6374293504.0,,,0.1899617538038043,0.1899617538038043,0.0,809.208128,
360,NFCORE_CHIPSEQ:CHIPSEQ:ALIGN_BWA_MEM:BAM_SORT_SAMTOOLS:SAMTOOLS_SORT,1697331301000,1697331341000,6,449.5,,6374293504.0,,,0.20910802025781666,0.20910802025781666,0.0,809.208128,
464,NFCORE_CHIPSEQ:CHIPSEQ:ALIGN_BWA_MEM:BAM_SORT_SAMTOOLS:SAMTOOLS_INDEX,1697331336000,1697331355000,2,153.5,,1073741824.0,,,0.032199185167620555,0.032199185167620555,0.0,809.208128,
475,NFCORE_CHIPSEQ:CHIPSEQ:ALIGN_BWA_MEM:BAM_SORT_SAMTOOLS:BAM_STATS_SAMTOOLS:SAMTOOLS_IDXSTATS,1697331349000,1697331351000,2,54.6,,1073741824.0,,,0.0013191497361622223,0.0013191497361622223,0.0,809.208128,
445,NFCORE_CHIPSEQ:CHIPSEQ:ALIGN_BWA_MEM:BAM_SORT_SAMTOOLS:BAM_STATS_SAMTOOLS:SAMTOOLS_STATS,1697331315000,1697331365000,2,126.2,,1073741824.0,,,0.07044817045594445,0.07044817045594445,0.0,809.208128,
461,NFCORE_CHIPSEQ:CHIPSEQ:ALIGN_BWA_MEM:BAM_SORT_SAMTOOLS:SAMTOOLS_INDEX,1697331345000,1697331360000,2,135.2,,1073741824.0,,,0.02254740439153333,0.02254740439153333,0.0,809.208128,
462,NFCORE_CHIPSEQ:CHIPSEQ:ALIGN_BWA_MEM:BAM_SORT_SAMTOOLS:SAMTOOLS_INDEX,1697331342000,1697331361000,2,127.6,,1073741824.0,,,0.027048708896046665,0.027048708896046665,0.0,809.208128,
466,NFCORE_CHIPSEQ:CHIPSEQ:ALIGN_BWA_MEM:BAM_SORT_SAMTOOLS:SAMTOOLS_INDEX,1697331334000,1697331361000,2,98.0,,1073741824.0,,,0.030072955689420002,0.030072955689420002,0.0,809.208128,
469,NFCORE_CHIPSEQ:CHIPSEQ:ALIGN_BWA_MEM:BAM_SORT_SAMTOOLS:SAMTOOLS_INDEX,1697331341000,1697331362000,2,96.9,,1073741824.0,,,0.02314830464595833,0.02314830464595833,0.0,809.208128,
481,NFCORE_CHIPSEQ:CHIPSEQ:ALIGN_BWA_MEM:BAM_SORT_SAMTOOLS:BAM_STATS_SAMTOOLS:SAMTOOLS_FLAGSTAT,1697331352000,1697331365000,2,138.5,,1073741824.0,,,0.01999008895139389,0.01999008895139389,0.0,809.208128,
486,NFCORE_CHIPSEQ:CHIPSEQ:ALIGN_BWA_MEM:BAM_SORT_SAMTOOLS:BAM_STATS_SAMTOOLS:SAMTOOLS_IDXSTATS,1697331369000,1697331369000,2,63.6,,1073741824.0,,,0.0,0.0,0.0,809.208128,
349,NFCORE_CHIPSEQ:CHIPSEQ:ALIGN_BWA_MEM:BAM_SORT_SAMTOOLS:SAMTOOLS_SORT,1697331324000,1697331361000,6,440.1,,6374293504.0,,,0.18978473250142822,0.18978473250142822,0.0,809.208128,
351,NFCORE_CHIPSEQ:CHIPSEQ:ALIGN_BWA_MEM:BAM_SORT_SAMTOOLS:SAMTOOLS_SORT,1697331316000,1697331368000,6,319.8,,6374293504.0,,,0.20125137499193277,0.20125137499193277,0.0,809.208128,
352,NFCORE_CHIPSEQ:CHIPSEQ:ALIGN_BWA_MEM:BAM_SORT_SAMTOOLS:SAMTOOLS_SORT,1697331319000,1697331365000,6,360.0,,6374293504.0,,,0.19738438218681695,0.19738438218681695,0.0,809.208128,
353,NFCORE_CHIPSEQ:CHIPSEQ:ALIGN_BWA_MEM:BAM_SORT_SAMTOOLS:SAMTOOLS_SORT,1697331320000,1697331366000,6,374.2,,6374293504.0,,,0.20422098267572586,0.20422098267572586,0.0,809.208128,
354,NFCORE_CHIPSEQ:CHIPSEQ:ALIGN_BWA_MEM:BAM_SORT_SAMTOOLS:SAMTOOLS_SORT,1697331330000,1697331367000,6,428.8,,6374293504.0,,,0.18540876393986544,0.18540876393986544,0.0,809.208128,
357,NFCORE_CHIPSEQ:CHIPSEQ:ALIGN_BWA_MEM:BAM_SORT_SAMTOOLS:SAMTOOLS_SORT,1697331316000,1697331368000,6,328.9,,6374293504.0,,,0.20620403780784163,0.20620403780784163,0.0,809.208128,
358,NFCORE_CHIPSEQ:CHIPSEQ:ALIGN_BWA_MEM:BAM_SORT_SAMTOOLS:SAMTOOLS_SORT,1697331326000,1697331368000,6,384.9,,6374293504.0,,,0.19116620074635418,0.19116620074635418,0.0,809.208128,
364,NFCORE_CHIPSEQ:CHIPSEQ:ALIGN_BWA_MEM:BAM_SORT_SAMTOOLS:SAMTOOLS_SORT,1697331332000,1697331373000,6,388.4,,6374293504.0,,,0.18811654151630486,0.18811654151630486,0.0,809.208128,
366,NFCORE_CHIPSEQ:CHIPSEQ:ALIGN_BWA_MEM:BAM_SORT_SAMTOOLS:SAMTOOLS_SORT,1697331319000,1697331365000,6,350.7,,6374293504.0,,,0.1929068903173203,0.1929068903173203,0.0,809.208128,
433,NFCORE_CHIPSEQ:CHIPSEQ:ALIGN_BWA_MEM:BAM_SORT_SAMTOOLS:BAM_STATS_SAMTOOLS:SAMTOOLS_STATS,1697331308000,1697331361000,2,136.0,,1073741824.0,,,0.08011126750194665,0.08011126750194665,0.0,809.208128,
465,NFCORE_CHIPSEQ:CHIPSEQ:ALIGN_BWA_MEM:BAM_SORT_SAMTOOLS:SAMTOOLS_INDEX,1697331352000,1697331372000,2,104.0,,1073741824.0,,,0.023532221922311112,0.023532221922311112,0.0,809.208128,
468,NFCORE_CHIPSEQ:CHIPSEQ:ALIGN_BWA_MEM:BAM_SORT_SAMTOOLS:SAMTOOLS_INDEX,1697331366000,1697331379000,2,156.9,,1073741824.0,,,0.022493632792402775,0.022493632792402775,0.0,809.208128,
488,NFCORE_CHIPSEQ:CHIPSEQ:ALIGN_BWA_MEM:BAM_SORT_SAMTOOLS:SAMTOOLS_INDEX,1697331360000,1697331380000,2,115.9,,1073741824.0,,,0.026023206178833337,0.026023206178833337,0.0,809.208128,
492,NFCORE_CHIPSEQ:CHIPSEQ:ALIGN_BWA_MEM:BAM_SORT_SAMTOOLS:SAMTOOLS_INDEX,1697331365000,1697331380000,2,142.5,,1073741824.0,,,0.023693466475941664,0.023693466475941664,0.0,809.208128,
493,NFCORE_CHIPSEQ:CHIPSEQ:ALIGN_BWA_MEM:BAM_SORT_SAMTOOLS:SAMTOOLS_INDEX,1697331355000,1697331370000,2,121.6,,1073741824.0,,,0.0204122750288,0.0204122750288,0.0,809.208128,
350,NFCORE_CHIPSEQ:CHIPSEQ:ALIGN_BWA_MEM:BAM_SORT_SAMTOOLS:SAMTOOLS_SORT,1697331341000,1697331381000,6,395.4,,6374293504.0,,,0.18645890290019446,0.18645890290019446,0.0,809.208128,
356,NFCORE_CHIPSEQ:CHIPSEQ:ALIGN_BWA_MEM:BAM_SORT_SAMTOOLS:SAMTOOLS_SORT,1697331328000,1697331379000,6,336.2,,6374293504.0,,,0.20613518662929456,0.20613518662929456,0.0,809.208128,
359,NFCORE_CHIPSEQ:CHIPSEQ:ALIGN_BWA_MEM:BAM_SORT_SAMTOOLS:SAMTOOLS_SORT,1697331332000,1697331379000,6,350.3,,6374293504.0,,,0.1969037515440724,0.1969037515440724,0.0,809.208128,
365,NFCORE_CHIPSEQ:CHIPSEQ:ALIGN_BWA_MEM:BAM_SORT_SAMTOOLS:SAMTOOLS_SORT,1697331342000,1697331381000,6,396.3,,6374293504.0,,,0.18216479817392459,0.18216479817392459,0.0,809.208128,
367,NFCORE_CHIPSEQ:CHIPSEQ:ALIGN_BWA_MEM:BAM_SORT_SAMTOOLS:SAMTOOLS_SORT,1697331341000,1697331381000,6,406.4,,6374293504.0,,,0.19106408387863888,0.19106408387863888,0.0,809.208128,
380,NFCORE_CHIPSEQ:CHIPSEQ:ALIGN_BWA_MEM:BAM_SORT_SAMTOOLS:SAMTOOLS_SORT,1697331350000,1697331386000,6,424.4,,6374293504.0,,,0.17873985111357502,0.17873985111357502,0.0,809.208128,
420,NFCORE_CHIPSEQ:CHIPSEQ:ALIGN_BWA_MEM:BAM_SORT_SAMTOOLS:BAM_STATS_SAMTOOLS:SAMTOOLS_FLAGSTAT,1697331369000,1697331383000,2,133.5,,1073741824.0,,,0.02079514567311222,0.02079514567311222,0.0,809.208128,
418,NFCORE_CHIPSEQ:CHIPSEQ:ALIGN_BWA_MEM:BAM_SORT_SAMTOOLS:BAM_STATS_SAMTOOLS:SAMTOOLS_STATS,1697331333000,1697331389000,2,125.5,,1073741824.0,,,0.07849167115076,0.07849167115076,0.0,809.208128,
448,NFCORE_CHIPSEQ:CHIPSEQ:ALIGN_BWA_MEM:BAM_SORT_SAMTOOLS:BAM_STATS_SAMTOOLS:SAMTOOLS_STATS,1697331327000,1697331380000,2,133.9,,1073741824.0,,,0.07894636604080833,0.07894636604080833,0.0,809.208128,
470,NFCORE_CHIPSEQ:CHIPSEQ:ALIGN_BWA_MEM:BAM_SORT_SAMTOOLS:BAM_STATS_SAMTOOLS:SAMTOOLS_IDXSTATS,1697331384000,1697331387000,2,117.4,,1073741824.0,,,0.00395057936865,0.00395057936865,0.0,809.208128,
473,NFCORE_CHIPSEQ:CHIPSEQ:ALIGN_BWA_MEM:BAM_SORT_SAMTOOLS:BAM_STATS_SAMTOOLS:SAMTOOLS_FLAGSTAT,1697331374000,1697331386000,2,142.2,,1073741824.0,,,0.01891709442729333,0.01891709442729333,0.0,809.208128,
485,NFCORE_CHIPSEQ:CHIPSEQ:ALIGN_BWA_MEM:BAM_SORT_SAMTOOLS:BAM_STATS_SAMTOOLS:SAMTOOLS_FLAGSTAT,1697331373000,1697331386000,2,134.6,,1073741824.0,,,0.01945944650683222,0.01945944650683222,0.0,809.208128,
489,NFCORE_CHIPSEQ:CHIPSEQ:ALIGN_BWA_MEM:BAM_SORT_SAMTOOLS:SAMTOOLS_INDEX,1697331366000,1697331383000,2,106.1,,1073741824.0,,,0.02037603627244278,0.02037603627244278,0.0,809.208128,
500,NFCORE_CHIPSEQ:CHIPSEQ:ALIGN_BWA_MEM:BAM_SORT_SAMTOOLS:BAM_STATS_SAMTOOLS:SAMTOOLS_IDXSTATS,1697331390000,1697331391000,2,101.6,,1073741824.0,,,0.0011514919271422223,0.0011514919271422223,0.0,809.208128,
512,NFCORE_CHIPSEQ:CHIPSEQ:ALIGN_BWA_MEM:BAM_SORT_SAMTOOLS:SAMTOOLS_INDEX,1697331384000,1697331400000,2,134.8,,1073741824.0,,,0.023983580233706666,0.023983580233706666,0.0,809.208128,
513,NFCORE_CHIPSEQ:CHIPSEQ:ALIGN_BWA_MEM:BAM_SORT_SAMTOOLS:SAMTOOLS_INDEX,1697331376000,1697331389000,2,137.2,,1073741824.0,,,0.019813208136539997,0.019813208136539997,0.0,809.208128,
514,NFCORE_CHIPSEQ:CHIPSEQ:ALIGN_BWA_MEM:BAM_SORT_SAMTOOLS:SAMTOOLS_INDEX,1697331389000,1697331401000,2,137.3,,1073741824.0,,,0.018301674787446667,0.018301674787446667,0.0,809.208128,
516,NFCORE_CHIPSEQ:CHIPSEQ:ALIGN_BWA_MEM:BAM_SORT_SAMTOOLS:SAMTOOLS_INDEX,1697331384000,1697331402000,2,131.0,,1073741824.0,,,0.02626563144718,0.02626563144718,0.0,809.208128,
361,NFCORE_CHIPSEQ:CHIPSEQ:ALIGN_BWA_MEM:BAM_SORT_SAMTOOLS:SAMTOOLS_SORT,1697331346000,1697331391000,6,352.7,,6374293504.0,,,0.18965523110344376,0.18965523110344376,0.0,809.208128,
362,NFCORE_CHIPSEQ:CHIPSEQ:ALIGN_BWA_MEM:BAM_SORT_SAMTOOLS:SAMTOOLS_SORT,1697331346000,1697331386000,6,414.1,,6374293504.0,,,0.19428771056355001,0.19428771056355001,0.0,809.208128,
368,NFCORE_CHIPSEQ:CHIPSEQ:ALIGN_BWA_MEM:BAM_SORT_SAMTOOLS:SAMTOOLS_SORT,1697331347000,1697331390000,6,381.4,,6374293504.0,,,0.19414259573356457,0.19414259573356457,0.0,809.208128,
369,NFCORE_CHIPSEQ:CHIPSEQ:ALIGN_BWA_MEM:BAM_SORT_SAMTOOLS:SAMTOOLS_SORT,1697331364000,1697331400000,6,443.1,,6374293504.0,,,0.18578577801059498,0.18578577801059498,0.0,809.208128,
373,NFCORE_CHIPSEQ:CHIPSEQ:ALIGN_BWA_MEM:BAM_SORT_SAMTOOLS:SAMTOOLS_SORT,1697331369000,1697331404000,6,428.7,,6374293504.0,,,0.17535003647034514,0.17535003647034514,0.0,809.208128,
375,NFCORE_CHIPSEQ:CHIPSEQ:ALIGN_BWA_MEM:BAM_SORT_SAMTOOLS:SAMTOOLS_SORT,1697331370000,1697331409000,6,387.9,,6374293504.0,,,0.1787360316090646,0.1787360316090646,0.0,809.208128,
378,NFCORE_CHIPSEQ:CHIPSEQ:ALIGN_BWA_MEM:BAM_SORT_SAMTOOLS:SAMTOOLS_SORT,1697331349000,1697331390000,6,370.1,,6374293504.0,,,0.18026366131601657,0.18026366131601657,0.0,809.208128,
383,NFCORE_CHIPSEQ:CHIPSEQ:ALIGN_BWA_MEM:BAM_SORT_SAMTOOLS:SAMTOOLS_SORT,1697331368000,1697331404000,6,422.5,,6374293504.0,,,0.178023954797835,0.178023954797835,0.0,809.208128,
387,NFCORE_CHIPSEQ:CHIPSEQ:ALIGN_BWA_MEM:BAM_SORT_SAMTOOLS:SAMTOOLS_SORT,1697331371000,1697331403000,6,455.1,,6374293504.0,,,0.16916198082292888,0.16916198082292888,0.0,809.208128,
419,NFCORE_CHIPSEQ:CHIPSEQ:ALIGN_BWA_MEM:BAM_SORT_SAMTOOLS:BAM_STATS_SAMTOOLS:SAMTOOLS_IDXSTATS,1697331393000,1697331393000,2,77.3,,1073741824.0,,,0.0,0.0,0.0,809.208128,
444,NFCORE_CHIPSEQ:CHIPSEQ:ALIGN_BWA_MEM:BAM_SORT_SAMTOOLS:BAM_STATS_SAMTOOLS:SAMTOOLS_IDXSTATS,1697331397000,1697331397000,2,103.2,,1073741824.0,,,0.0,0.0,0.0,809.208128,
474,NFCORE_CHIPSEQ:CHIPSEQ:ALIGN_BWA_MEM:BAM_SORT_SAMTOOLS:BAM_STATS_SAMTOOLS:SAMTOOLS_STATS,1697331363000,1697331414000,2,126.8,,1073741824.0,,,0.07217740326947333,0.07217740326947333,0.0,809.208128,
479,NFCORE_CHIPSEQ:CHIPSEQ:ALIGN_BWA_MEM:BAM_SORT_SAMTOOLS:BAM_STATS_SAMTOOLS:SAMTOOLS_STATS,1697331351000,1697331397000,2,127.0,,1073741824.0,,,0.06519747741039335,0.06519747741039335,0.0,809.208128,
480,NFCORE_CHIPSEQ:CHIPSEQ:ALIGN_BWA_MEM:BAM_SORT_SAMTOOLS:BAM_STATS_SAMTOOLS:SAMTOOLS_IDXSTATS,1697331406000,1697331407000,2,44.7,,1073741824.0,,,0.0005559582960661111,0.0005559582960661111,0.0,809.208128,
510,NFCORE_CHIPSEQ:CHIPSEQ:ALIGN_BWA_MEM:BAM_SORT_SAMTOOLS:SAMTOOLS_INDEX,1697331388000,1697331400000,2,136.9,,1073741824.0,,,0.018251436449500003,0.018251436449500003,0.0,809.208128,
517,NFCORE_CHIPSEQ:CHIPSEQ:ALIGN_BWA_MEM:BAM_SORT_SAMTOOLS:SAMTOOLS_INDEX,1697331387000,1697331405000,2,120.9,,1073741824.0,,,0.024362854397450003,0.024362854397450003,0.0,809.208128,
536,NFCORE_CHIPSEQ:CHIPSEQ:ALIGN_BWA_MEM:BAM_SORT_SAMTOOLS:SAMTOOLS_INDEX,1697331392000,1697331410000,2,105.1,,1073741824.0,,,0.021386232874109998,0.021386232874109998,0.0,809.208128,
538,NFCORE_CHIPSEQ:CHIPSEQ:ALIGN_BWA_MEM:BAM_SORT_SAMTOOLS:SAMTOOLS_INDEX,1697331392000,1697331414000,2,87.1,,1073741824.0,,,0.021994066187756664,0.021994066187756664,0.0,809.208128,
550,NFCORE_CHIPSEQ:CHIPSEQ:ALIGN_BWA_MEM:BAM_SORT_SAMTOOLS:BAM_STATS_SAMTOOLS:SAMTOOLS_FLAGSTAT,1697331411000,1697331421000,2,136.9,,1073741824.0,,,0.015209530374583335,0.015209530374583335,0.0,809.208128,
370,NFCORE_CHIPSEQ:CHIPSEQ:ALIGN_BWA_MEM:BAM_SORT_SAMTOOLS:SAMTOOLS_SORT,1697331372000,1697331414000,6,385.0,,6374293504.0,,,0.1912101592920575,0.1912101592920575,0.0,809.208128,
372,NFCORE_CHIPSEQ:CHIPSEQ:ALIGN_BWA_MEM:BAM_SORT_SAMTOOLS:SAMTOOLS_SORT,1697331372000,1697331412000,6,368.7,,6374293504.0,,,0.1752808727070611,0.1752808727070611,0.0,809.208128,
376,NFCORE_CHIPSEQ:CHIPSEQ:ALIGN_BWA_MEM:BAM_SORT_SAMTOOLS:SAMTOOLS_SORT,1697331372000,1697331411000,6,375.9,,6374293504.0,,,0.17383779365926458,0.17383779365926458,0.0,809.208128,
379,NFCORE_CHIPSEQ:CHIPSEQ:ALIGN_BWA_MEM:BAM_SORT_SAMTOOLS:SAMTOOLS_SORT,1697331376000,1697331413000,6,379.4,,6374293504.0,,,0.16627842350259098,0.16627842350259098,0.0,809.208128,
382,NFCORE_CHIPSEQ:CHIPSEQ:ALIGN_BWA_MEM:BAM_SORT_SAMTOOLS:SAMTOOLS_SORT,1697331387000,1697331423000,6,403.7,,6374293504.0,,,0.170940349147355,0.170940349147355,0.0,809.208128,
388,NFCORE_CHIPSEQ:CHIPSEQ:ALIGN_BWA_MEM:BAM_SORT_SAMTOOLS:SAMTOOLS_SORT,1697331387000,1697331423000,6,398.8,,6374293504.0,,,0.169094090227815,0.169094090227815,0.0,809.208128,
455,NFCORE_CHIPSEQ:CHIPSEQ:ALIGN_BWA_MEM:BAM_SORT_SAMTOOLS:BAM_STATS_SAMTOOLS:SAMTOOLS_STATS,1697331366000,1697331422000,2,133.4,,1073741824.0,,,0.08312197129817779,0.08312197129817779,0.0,809.208128,
518,NFCORE_CHIPSEQ:CHIPSEQ:ALIGN_BWA_MEM:BAM_SORT_SAMTOOLS:SAMTOOLS_INDEX,1697331406000,1697331421000,2,137.4,,1073741824.0,,,0.02289279296491667,0.02289279296491667,0.0,809.208128,
534,NFCORE_CHIPSEQ:CHIPSEQ:ALIGN_BWA_MEM:BAM_SORT_SAMTOOLS:SAMTOOLS_INDEX,1697331419000,1697331429000,2,167.0,,1073741824.0,,,0.01835989281665556,0.01835989281665556,0.0,809.208128,
535,NFCORE_CHIPSEQ:CHIPSEQ:ALIGN_BWA_MEM:BAM_SORT_SAMTOOLS:SAMTOOLS_INDEX,1697331409000,1697331423000,2,128.6,,1073741824.0,,,0.02007715609329111,0.02007715609329111,0.0,809.208128,
537,NFCORE_CHIPSEQ:CHIPSEQ:ALIGN_BWA_MEM:BAM_SORT_SAMTOOLS:SAMTOOLS_INDEX,1697331407000,1697331423000,2,107.4,,1073741824.0,,,0.01939514536791111,0.01939514536791111,0.0,809.208128,
556,NFCORE_CHIPSEQ:CHIPSEQ:ALIGN_BWA_MEM:BAM_SORT_SAMTOOLS:SAMTOOLS_INDEX,1697331419000,1697331432000,2,139.4,,1073741824.0,,,0.02011254490013889,0.02011254490013889,0.0,809.208128,
558,NFCORE_CHIPSEQ:CHIPSEQ:ALIGN_BWA_MEM:BAM_SORT_SAMTOOLS:SAMTOOLS_INDEX,1697331411000,1697331425000,2,129.9,,1073741824.0,,,0.020267643124672222,0.020267643124672222,0.0,809.208128,
560,NFCORE_CHIPSEQ:CHIPSEQ:ALIGN_BWA_MEM:BAM_SORT_SAMTOOLS:SAMTOOLS_INDEX,1697331413000,1697331428000,2,118.2,,1073741824.0,,,0.019878492688116665,0.019878492688116665,0.0,809.208128,
564,NFCORE_CHIPSEQ:CHIPSEQ:ALIGN_BWA_MEM:BAM_SORT_SAMTOOLS:BAM_STATS_SAMTOOLS:SAMTOOLS_IDXSTATS,1697331429000,1697331430000,2,50.5,,1073741824.0,,,0.0006166629544183333,0.0006166629544183333,0.0,809.208128,
371,NFCORE_CHIPSEQ:CHIPSEQ:ALIGN_BWA_MEM:BAM_SORT_SAMTOOLS:SAMTOOLS_SORT,1697331386000,1697331423000,6,402.8,,6374293504.0,,,0.175340163709721,0.175340163709721,0.0,809.208128,
374,NFCORE_CHIPSEQ:CHIPSEQ:ALIGN_BWA_MEM:BAM_SORT_SAMTOOLS:SAMTOOLS_SORT,1697331387000,1697331423000,6,387.4,,6374293504.0,,,0.164798712333375,0.164798712333375,0.0,809.208128,
377,NFCORE_CHIPSEQ:CHIPSEQ:ALIGN_BWA_MEM:BAM_SORT_SAMTOOLS:SAMTOOLS_SORT,1697331391000,1697331424000,6,447.9,,6374293504.0,,,0.17196149499528543,0.17196149499528543,0.0,809.208128,
381,NFCORE_CHIPSEQ:CHIPSEQ:ALIGN_BWA_MEM:BAM_SORT_SAMTOOLS:SAMTOOLS_SORT,1697331394000,1697331432000,6,370.8,,6374293504.0,,,0.1673520414400714,0.1673520414400714,0.0,809.208128,
385,NFCORE_CHIPSEQ:CHIPSEQ:ALIGN_BWA_MEM:BAM_SORT_SAMTOOLS:SAMTOOLS_SORT,1697331387000,1697331424000,6,390.0,,6374293504.0,,,0.17038331436564988,0.17038331436564988,0.0,809.208128,
386,NFCORE_CHIPSEQ:CHIPSEQ:ALIGN_BWA_MEM:BAM_SORT_SAMTOOLS:SAMTOOLS_SORT,1697331390000,1697331424000,6,416.1,,6374293504.0,,,0.1658562637665953,0.1658562637665953,0.0,809.208128,
389,NFCORE_CHIPSEQ:CHIPSEQ:ALIGN_BWA_MEM:BAM_SORT_SAMTOOLS:SAMTOOLS_SORT,1697331394000,1697331432000,6,364.6,,6374293504.0,,,0.1648861763525225,0.1648861763525225,0.0,809.208128,
390,NFCORE_CHIPSEQ:CHIPSEQ:ALIGN_BWA_MEM:BAM_SORT_SAMTOOLS:SAMTOOLS_SORT,1697331395000,1697331432000,6,366.6,,6374293504.0,,,0.1613215741585199,0.1613215741585199,0.0,809.208128,
392,NFCORE_CHIPSEQ:CHIPSEQ:ALIGN_BWA_MEM:BAM_SORT_SAMTOOLS:SAMTOOLS_SORT,1697331407000,1697331436000,6,437.9,,6374293504.0,,,0.1480824445024882,0.1480824445024882,0.0,809.208128,
402,NFCORE_CHIPSEQ:CHIPSEQ:ALIGN_BWA_MEM:BAM_SORT_SAMTOOLS:SAMTOOLS_SORT,1697331408000,1697331441000,6,418.8,,6374293504.0,,,0.16191068750983045,0.16191068750983045,0.0,809.208128,
471,NFCORE_CHIPSEQ:CHIPSEQ:ALIGN_BWA_MEM:BAM_SORT_SAMTOOLS:BAM_STATS_SAMTOOLS:SAMTOOLS_STATS,1697331387000,1697331443000,2,128.7,,1073741824.0,,,0.08036723576743554,0.08036723576743554,0.0,809.208128,
499,NFCORE_CHIPSEQ:CHIPSEQ:ALIGN_BWA_MEM:BAM_SORT_SAMTOOLS:BAM_STATS_SAMTOOLS:SAMTOOLS_STATS,1697331394000,1697331442000,2,126.7,,1073741824.0,,,0.06788143532744001,0.06788143532744001,0.0,809.208128,
539,NFCORE_CHIPSEQ:CHIPSEQ:ALIGN_BWA_MEM:BAM_SORT_SAMTOOLS:SAMTOOLS_INDEX,1697331426000,1697331438000,2,134.4,,1073741824.0,,,0.017937446837333334,0.017937446837333334,0.0,809.208128,
549,NFCORE_CHIPSEQ:CHIPSEQ:ALIGN_BWA_MEM:BAM_SORT_SAMTOOLS:BAM_STATS_SAMTOOLS:SAMTOOLS_IDXSTATS,1697331442000,1697331443000,2,78.0,,1073741824.0,,,0.0009044867655711111,0.0009044867655711111,0.0,809.208128,
563,NFCORE_CHIPSEQ:CHIPSEQ:ALIGN_BWA_MEM:BAM_SORT_SAMTOOLS:SAMTOOLS_INDEX,1697331424000,1697331436000,2,139.2,,1073741824.0,,,0.018540306892693332,0.018540306892693332,0.0,809.208128,
566,NFCORE_CHIPSEQ:CHIPSEQ:ALIGN_BWA_MEM:BAM_SORT_SAMTOOLS:BAM_STATS_SAMTOOLS:SAMTOOLS_FLAGSTAT,1697331434000,1697331445000,2,137.8,,1073741824.0,,,0.016834099984056664,0.016834099984056664,0.0,809.208128,
576,NFCORE_CHIPSEQ:CHIPSEQ:ALIGN_BWA_MEM:BAM_SORT_SAMTOOLS:SAMTOOLS_INDEX,1697331430000,1697331444000,2,115.9,,1073741824.0,,,0.018216244325183335,0.018216244325183335,0.0,809.208128,
579,NFCORE_CHIPSEQ:CHIPSEQ:ALIGN_BWA_MEM:BAM_SORT_SAMTOOLS:SAMTOOLS_INDEX,1697331434000,1697331449000,2,112.6,,1073741824.0,,,0.01899932177405,0.01899932177405,0.0,809.208128,
580,NFCORE_CHIPSEQ:CHIPSEQ:ALIGN_BWA_MEM:BAM_SORT_SAMTOOLS:SAMTOOLS_INDEX,1697331426000,1697331443000,2,130.2,,1073741824.0,,,0.02466408774259889,0.02466408774259889,0.0,809.208128,
581,NFCORE_CHIPSEQ:CHIPSEQ:ALIGN_BWA_MEM:BAM_SORT_SAMTOOLS:SAMTOOLS_INDEX,1697331428000,1697331443000,2,127.9,,1073741824.0,,,0.021401342307125003,0.021401342307125003,0.0,809.208128,
384,NFCORE_CHIPSEQ:CHIPSEQ:ALIGN_BWA_MEM:BAM_SORT_SAMTOOLS:SAMTOOLS_SORT,1697331405000,1697331438000,6,426.7,,6374293504.0,,,0.16463925723955877,0.16463925723955877,0.0,809.208128,
391,NFCORE_CHIPSEQ:CHIPSEQ:ALIGN_BWA_MEM:BAM_SORT_SAMTOOLS:SAMTOOLS_SORT,1697331409000,1697331440000,6,418.6,,6374293504.0,,,0.15203302738332627,0.15203302738332627,0.0,809.208128,
397,NFCORE_CHIPSEQ:CHIPSEQ:ALIGN_BWA_MEM:BAM_SORT_SAMTOOLS:SAMTOOLS_SORT,1697331419000,1697331453000,6,379.3,,6374293504.0,,,0.15276080367516418,0.15276080367516418,0.0,809.208128,
404,NFCORE_CHIPSEQ:CHIPSEQ:ALIGN_BWA_MEM:BAM_SORT_SAMTOOLS:SAMTOOLS_SORT,1697331412000,1697331445000,6,398.2,,6374293504.0,,,0.15479568289813375,0.15479568289813375,0.0,809.208128,
405,NFCORE_CHIPSEQ:CHIPSEQ:ALIGN_BWA_MEM:BAM_SORT_SAMTOOLS:SAMTOOLS_SORT,1697331419000,1697331452000,6,396.2,,6374293504.0,,,0.1541049057513671,0.1541049057513671,0.0,809.208128,
459,NFCORE_CHIPSEQ:CHIPSEQ:ALIGN_BWA_MEM:BAM_SORT_SAMTOOLS:BAM_STATS_SAMTOOLS:SAMTOOLS_IDXSTATS,1697331447000,1697331448000,2,62.7,,1073741824.0,,,0.0007443520633661111,0.0007443520633661111,0.0,809.208128,
472,NFCORE_CHIPSEQ:CHIPSEQ:ALIGN_BWA_MEM:BAM_SORT_SAMTOOLS:BAM_STATS_SAMTOOLS:SAMTOOLS_FLAGSTAT,1697331432000,1697331446000,2,136.8,,1073741824.0,,,0.02127868967584889,0.02127868967584889,0.0,809.208128,
487,NFCORE_CHIPSEQ:CHIPSEQ:ALIGN_BWA_MEM:BAM_SORT_SAMTOOLS:BAM_STATS_SAMTOOLS:SAMTOOLS_STATS,1697331402000,1697331449000,2,128.2,,1073741824.0,,,0.06720511434670999,0.06720511434670999,0.0,809.208128,
498,NFCORE_CHIPSEQ:CHIPSEQ:ALIGN_BWA_MEM:BAM_SORT_SAMTOOLS:BAM_STATS_SAMTOOLS:SAMTOOLS_FLAGSTAT,1697331437000,1697331450000,2,135.5,,1073741824.0,,,0.01958190245557722,0.01958190245557722,0.0,809.208128,
533,NFCORE_CHIPSEQ:CHIPSEQ:ALIGN_BWA_MEM:BAM_SORT_SAMTOOLS:BAM_STATS_SAMTOOLS:SAMTOOLS_IDXSTATS,1697331454000,1697331454000,2,76.2,,1073741824.0,,,0.0,0.0,0.0,809.208128,
559,NFCORE_CHIPSEQ:CHIPSEQ:ALIGN_BWA_MEM:BAM_SORT_SAMTOOLS:SAMTOOLS_INDEX,1697331443000,1697331457000,2,144.8,,1073741824.0,,,0.02245091756127111,0.02245091756127111,0.0,809.208128,
595,NFCORE_CHIPSEQ:CHIPSEQ:ALIGN_BWA_MEM:BAM_SORT_SAMTOOLS:BAM_STATS_SAMTOOLS:SAMTOOLS_IDXSTATS,1697331459000,1697331459000,2,99.2,,1073741824.0,,,0.0,0.0,0.0,809.208128,
597,NFCORE_CHIPSEQ:CHIPSEQ:ALIGN_BWA_MEM:BAM_SORT_SAMTOOLS:BAM_STATS_SAMTOOLS:SAMTOOLS_IDXSTATS,1697331456000,1697331456000,2,83.1,,1073741824.0,,,0.0,0.0,0.0,809.208128,
603,NFCORE_CHIPSEQ:CHIPSEQ:ALIGN_BWA_MEM:BAM_SORT_SAMTOOLS:SAMTOOLS_INDEX,1697331448000,1697331460000,2,123.8,,1073741824.0,,,0.01660613088174667,0.01660613088174667,0.0,809.208128,
604,NFCORE_CHIPSEQ:CHIPSEQ:ALIGN_BWA_MEM:BAM_SORT_SAMTOOLS:SAMTOOLS_INDEX,1697331450000,1697331460000,2,144.8,,1073741824.0,,,0.016036369686622223,0.016036369686622223,0.0,809.208128,
605,NFCORE_CHIPSEQ:CHIPSEQ:ALIGN_BWA_MEM:BAM_SORT_SAMTOOLS:SAMTOOLS_INDEX,1697331445000,1697331455000,2,139.7,,1073741824.0,,,0.015502587345938889,0.015502587345938889,0.0,809.208128,
607,NFCORE_CHIPSEQ:CHIPSEQ:ALIGN_BWA_MEM:BAM_SORT_SAMTOOLS:SAMTOOLS_INDEX,1697331447000,1697331460000,2,118.5,,1073741824.0,,,0.01726884564594944,0.01726884564594944,0.0,809.208128,
611,NFCORE_CHIPSEQ:CHIPSEQ:ALIGN_BWA_MEM:BAM_SORT_SAMTOOLS:SAMTOOLS_INDEX,1697331446000,1697331454000,2,156.4,,1073741824.0,,,0.013800370282933332,0.013800370282933332,0.0,809.208128,
393,NFCORE_CHIPSEQ:CHIPSEQ:ALIGN_BWA_MEM:BAM_SORT_SAMTOOLS:SAMTOOLS_SORT,1697331427000,1697331456000,6,439.0,,6374293504.0,,,0.14841632012342543,0.14841632012342543,0.0,809.208128,
394,NFCORE_CHIPSEQ:CHIPSEQ:ALIGN_BWA_MEM:BAM_SORT_SAMTOOLS:SAMTOOLS_SORT,1697331429000,1697331461000,6,393.9,,6374293504.0,,,0.14866473894068888,0.14866473894068888,0.0,809.208128,
395,NFCORE_CHIPSEQ:CHIPSEQ:ALIGN_BWA_MEM:BAM_SORT_SAMTOOLS:SAMTOOLS_SORT,1697331429000,1697331461000,6,403.2,,6374293504.0,,,0.1517795158933822,0.1517795158933822,0.0,809.208128,
396,NFCORE_CHIPSEQ:CHIPSEQ:ALIGN_BWA_MEM:BAM_SORT_SAMTOOLS:SAMTOOLS_SORT,1697331416000,1697331456000,6,338.4,,6374293504.0,,,0.1625956923755278,0.1625956923755278,0.0,809.208128,
398,NFCORE_CHIPSEQ:CHIPSEQ:ALIGN_BWA_MEM:BAM_SORT_SAMTOOLS:SAMTOOLS_SORT,1697331417000,1697331455000,6,337.2,,6374293504.0,,,0.15398864354625805,0.15398864354625805,0.0,809.208128,
399,NFCORE_CHIPSEQ:CHIPSEQ:ALIGN_BWA_MEM:BAM_SORT_SAMTOOLS:SAMTOOLS_SORT,1697331428000,1697331459000,6,417.5,,6374293504.0,,,0.15167612585749682,0.15167612585749682,0.0,809.208128,
401,NFCORE_CHIPSEQ:CHIPSEQ:ALIGN_BWA_MEM:BAM_SORT_SAMTOOLS:SAMTOOLS_SORT,1697331428000,1697331457000,6,411.3,,6374293504.0,,,0.14000872494164265,0.14000872494164265,0.0,809.208128,
408,NFCORE_CHIPSEQ:CHIPSEQ:ALIGN_BWA_MEM:BAM_SORT_SAMTOOLS:SAMTOOLS_SORT,1697331429000,1697331460000,6,416.6,,6374293504.0,,,0.15138411551818182,0.15138411551818182,0.0,809.208128,
414,NFCORE_CHIPSEQ:CHIPSEQ:ALIGN_BWA_MEM:BAM_SORT_SAMTOOLS:SAMTOOLS_SORT,1697331429000,1697331461000,6,399.6,,6374293504.0,,,0.15057379578266222,0.15057379578266222,0.0,809.208128,
456,NFCORE_CHIPSEQ:CHIPSEQ:ALIGN_BWA_MEM:BAM_SORT_SAMTOOLS:BAM_STATS_SAMTOOLS:SAMTOOLS_FLAGSTAT,1697331446000,1697331459000,2,143.0,,1073741824.0,,,0.02060236869511889,0.02060236869511889,0.0,809.208128,
482,NFCORE_CHIPSEQ:CHIPSEQ:ALIGN_BWA_MEM:BAM_SORT_SAMTOOLS:BAM_STATS_SAMTOOLS:SAMTOOLS_IDXSTATS,1697331456000,1697331459000,2,77.1,,1073741824.0,,,0.0026852012316183334,0.0026852012316183334,0.0,809.208128,
504,NFCORE_CHIPSEQ:CHIPSEQ:ALIGN_BWA_MEM:BAM_SORT_SAMTOOLS:BAM_STATS_SAMTOOLS:SAMTOOLS_IDXSTATS,1697331462000,1697331463000,2,127.0,,1073741824.0,,,0.0014173364654433333,0.0014173364654433333,0.0,809.208128,
521,NFCORE_CHIPSEQ:CHIPSEQ:ALIGN_BWA_MEM:BAM_SORT_SAMTOOLS:BAM_STATS_SAMTOOLS:SAMTOOLS_IDXSTATS,1697331463000,1697331464000,2,80.5,,1073741824.0,,,0.000930652566585,0.000930652566585,0.0,809.208128,
565,NFCORE_CHIPSEQ:CHIPSEQ:ALIGN_BWA_MEM:BAM_SORT_SAMTOOLS:BAM_STATS_SAMTOOLS:SAMTOOLS_STATS,1697331421000,1697331465000,2,128.3,,1073741824.0,,,0.06296147800670446,0.06296147800670446,0.0,809.208128,
599,NFCORE_CHIPSEQ:CHIPSEQ:ALIGN_BWA_MEM:BAM_SORT_SAMTOOLS:BAM_STATS_SAMTOOLS:SAMTOOLS_FLAGSTAT,1697331456000,1697331466000,2,134.6,,1073741824.0,,,0.014968805005255556,0.014968805005255556,0.0,809.208128,
648,NFCORE_CHIPSEQ:CHIPSEQ:ALIGN_BWA_MEM:BAM_SORT_SAMTOOLS:BAM_STATS_SAMTOOLS:SAMTOOLS_IDXSTATS,1697331463000,1697331463000,2,62.7,,1073741824.0,,,0.0,0.0,0.0,809.208128,
653,NFCORE_CHIPSEQ:CHIPSEQ:ALIGN_BWA_MEM:BAM_SORT_SAMTOOLS:BAM_STATS_SAMTOOLS:SAMTOOLS_IDXSTATS,1697331468000,1697331468000,2,70.7,,1073741824.0,,,0.0,0.0,0.0,809.208128,
409,NFCORE_CHIPSEQ:CHIPSEQ:ALIGN_BWA_MEM:BAM_SORT_SAMTOOLS:SAMTOOLS_SORT,1697331442000,1697331468000,6,479.4,,6374293504.0,,,0.14405673065085972,0.14405673065085972,0.0,809.208128,
440,NFCORE_CHIPSEQ:CHIPSEQ:ALIGN_BWA_MEM:BAM_SORT_SAMTOOLS:BAM_STATS_SAMTOOLS:SAMTOOLS_IDXSTATS,1697331465000,1697331465000,2,133.3,,1073741824.0,,,0.0,0.0,0.0,809.208128,
447,NFCORE_CHIPSEQ:CHIPSEQ:ALIGN_BWA_MEM:BAM_SORT_SAMTOOLS:BAM_STATS_SAMTOOLS:SAMTOOLS_IDXSTATS,1697331464000,1697331464000,2,86.5,,1073741824.0,,,0.0,0.0,0.0,809.208128,
458,NFCORE_CHIPSEQ:CHIPSEQ:ALIGN_BWA_MEM:BAM_SORT_SAMTOOLS:BAM_STATS_SAMTOOLS:SAMTOOLS_FLAGSTAT,1697331452000,1697331465000,2,144.0,,1073741824.0,,,0.020738430860391108,0.020738430860391108,0.0,809.208128,
484,NFCORE_CHIPSEQ:CHIPSEQ:ALIGN_BWA_MEM:BAM_SORT_SAMTOOLS:BAM_STATS_SAMTOOLS:SAMTOOLS_FLAGSTAT,1697331456000,1697331469000,2,132.5,,1073741824.0,,,0.019173715959760553,0.019173715959760553,0.0,809.208128,
495,NFCORE_CHIPSEQ:CHIPSEQ:ALIGN_BWA_MEM:BAM_SORT_SAMTOOLS:BAM_STATS_SAMTOOLS:SAMTOOLS_IDXSTATS,1697331465000,1697331465000,2,90.8,,1073741824.0,,,0.0,0.0,0.0,809.208128,
508,NFCORE_CHIPSEQ:CHIPSEQ:ALIGN_BWA_MEM:BAM_SORT_SAMTOOLS:BAM_STATS_SAMTOOLS:SAMTOOLS_IDXSTATS,1697331469000,1697331469000,2,101.6,,1073741824.0,,,0.0,0.0,0.0,809.208128,
527,NFCORE_CHIPSEQ:CHIPSEQ:ALIGN_BWA_MEM:BAM_SORT_SAMTOOLS:BAM_STATS_SAMTOOLS:SAMTOOLS_IDXSTATS,1697331465000,1697331465000,2,126.0,,1073741824.0,,,0.0,0.0,0.0,809.208128,
531,NFCORE_CHIPSEQ:CHIPSEQ:ALIGN_BWA_MEM:BAM_SORT_SAMTOOLS:BAM_STATS_SAMTOOLS:SAMTOOLS_FLAGSTAT,1697331457000,1697331468000,2,138.7,,1073741824.0,,,0.016937716556071663,0.016937716556071663,0.0,809.208128,
596,NFCORE_CHIPSEQ:CHIPSEQ:ALIGN_BWA_MEM:BAM_SORT_SAMTOOLS:BAM_STATS_SAMTOOLS:SAMTOOLS_FLAGSTAT,1697331459000,1697331469000,2,138.8,,1073741824.0,,,0.01540839046228889,0.01540839046228889,0.0,809.208128,
608,NFCORE_CHIPSEQ:CHIPSEQ:ALIGN_BWA_MEM:BAM_SORT_SAMTOOLS:SAMTOOLS_INDEX,1697331460000,1697331470000,2,148.7,,1073741824.0,,,0.01644455618243889,0.01644455618243889,0.0,809.208128,
612,NFCORE_CHIPSEQ:CHIPSEQ:ALIGN_BWA_MEM:BAM_SORT_SAMTOOLS:SAMTOOLS_INDEX,1697331460000,1697331470000,2,137.4,,1073741824.0,,,0.015261861976611111,0.015261861976611111,0.0,809.208128,
618,NFCORE_CHIPSEQ:CHIPSEQ:ALIGN_BWA_MEM:BAM_SORT_SAMTOOLS:BAM_STATS_SAMTOOLS:SAMTOOLS_IDXSTATS,1697331468000,1697331468000,2,108.5,,1073741824.0,,,0.0,0.0,0.0,809.208128,
617,NFCORE_CHIPSEQ:CHIPSEQ:ALIGN_BWA_MEM:BAM_SORT_SAMTOOLS:BAM_STATS_SAMTOOLS:SAMTOOLS_FLAGSTAT,1697331458000,1697331467000,2,139.1,,1073741824.0,,,0.013895810481155001,0.013895810481155001,0.0,809.208128,
631,NFCORE_CHIPSEQ:CHIPSEQ:ALIGN_BWA_MEM:BAM_SORT_SAMTOOLS:SAMTOOLS_SORT,1697331457000,1697331472000,6,468.0,,6374293504.0,,,0.08131991150922292,0.08131991150922292,0.0,809.208128,
632,NFCORE_CHIPSEQ:CHIPSEQ:ALIGN_BWA_MEM:BAM_SORT_SAMTOOLS:SAMTOOLS_INDEX,1697331459000,1697331470000,2,132.4,,1073741824.0,,,0.01621240055196667,0.01621240055196667,0.0,809.208128,
633,NFCORE_CHIPSEQ:CHIPSEQ:ALIGN_BWA_MEM:BAM_SORT_SAMTOOLS:SAMTOOLS_INDEX,1697331460000,1697331469000,2,146.4,,1073741824.0,,,0.014583447731800002,0.014583447731800002,0.0,809.208128,
634,NFCORE_CHIPSEQ:CHIPSEQ:ALIGN_BWA_MEM:BAM_SORT_SAMTOOLS:SAMTOOLS_INDEX,1697331462000,1697331470000,2,162.1,,1073741824.0,,,0.014277634493426665,0.014277634493426665,0.0,809.208128,
635,NFCORE_CHIPSEQ:CHIPSEQ:ALIGN_BWA_MEM:BAM_SORT_SAMTOOLS:SAMTOOLS_INDEX,1697331462000,1697331472000,2,148.6,,1073741824.0,,,0.016434089862033336,0.016434089862033336,0.0,809.208128,
636,NFCORE_CHIPSEQ:CHIPSEQ:ALIGN_BWA_MEM:BAM_SORT_SAMTOOLS:SAMTOOLS_INDEX,1697331462000,1697331472000,2,149.8,,1073741824.0,,,0.016559685706900005,0.016559685706900005,0.0,809.208128,
655,NFCORE_CHIPSEQ:CHIPSEQ:ALIGN_BWA_MEM:BAM_SORT_SAMTOOLS:SAMTOOLS_INDEX,1697331466000,1697331473000,2,153.4,,1073741824.0,,,0.01185553126905,0.01185553126905,0.0,809.208128,
656,NFCORE_CHIPSEQ:CHIPSEQ:ALIGN_BWA_MEM:BAM_SORT_SAMTOOLS:SAMTOOLS_INDEX,1697331465000,1697331472000,2,166.7,,1073741824.0,,,0.012829945698807223,0.012829945698807223,0.0,809.208128,
657,NFCORE_CHIPSEQ:CHIPSEQ:ALIGN_BWA_MEM:BAM_SORT_SAMTOOLS:SAMTOOLS_INDEX,1697331464000,1697331472000,2,163.4,,1073741824.0,,,0.014386484225644446,0.014386484225644446,0.0,809.208128,
400,NFCORE_CHIPSEQ:CHIPSEQ:ALIGN_BWA_MEM:BAM_SORT_SAMTOOLS:SAMTOOLS_SORT,1697331449000,1697331474000,6,454.4,,6374293504.0,,,0.13197463691081593,0.13197463691081593,0.0,809.208128,
406,NFCORE_CHIPSEQ:CHIPSEQ:ALIGN_BWA_MEM:BAM_SORT_SAMTOOLS:SAMTOOLS_SORT,1697331455000,1697331470000,6,461.0,,6374293504.0,,,0.08022094786663958,0.08022094786663958,0.0,809.208128,
421,NFCORE_CHIPSEQ:CHIPSEQ:ALIGN_BWA_MEM:BAM_SORT_SAMTOOLS:SAMTOOLS_SORT,1697331443000,1697331470000,6,443.3,,6374293504.0,,,0.13939585163813625,0.13939585163813625,0.0,809.208128,
430,NFCORE_CHIPSEQ:CHIPSEQ:ALIGN_BWA_MEM:BAM_SORT_SAMTOOLS:SAMTOOLS_SORT,1697331445000,1697331471000,6,408.1,,6374293504.0,,,0.12465426588304085,0.12465426588304085,0.0,809.208128,
436,NFCORE_CHIPSEQ:CHIPSEQ:ALIGN_BWA_MEM:BAM_SORT_SAMTOOLS:BAM_STATS_SAMTOOLS:SAMTOOLS_IDXSTATS,1697331473000,1697331473000,2,83.5,,1073741824.0,,,0.0,0.0,0.0,809.208128,
438,NFCORE_CHIPSEQ:CHIPSEQ:ALIGN_BWA_MEM:BAM_SORT_SAMTOOLS:SAMTOOLS_SORT,1697331444000,1697331472000,6,436.8,,6374293504.0,,,0.1426537906442561,0.1426537906442561,0.0,809.208128,
453,NFCORE_CHIPSEQ:CHIPSEQ:ALIGN_BWA_MEM:BAM_SORT_SAMTOOLS:BAM_STATS_SAMTOOLS:SAMTOOLS_IDXSTATS,1697331474000,1697331474000,2,69.2,,1073741824.0,,,0.0,0.0,0.0,809.208128,
478,NFCORE_CHIPSEQ:CHIPSEQ:ALIGN_BWA_MEM:BAM_SORT_SAMTOOLS:BAM_STATS_SAMTOOLS:SAMTOOLS_IDXSTATS,1697331475000,1697331475000,2,76.6,,1073741824.0,,,0.0,0.0,0.0,809.208128,
506,NFCORE_CHIPSEQ:CHIPSEQ:ALIGN_BWA_MEM:BAM_SORT_SAMTOOLS:BAM_STATS_SAMTOOLS:SAMTOOLS_FLAGSTAT,1697331462000,1697331474000,2,145.0,,1073741824.0,,,0.01926876279292,0.01926876279292,0.0,809.208128,
519,NFCORE_CHIPSEQ:CHIPSEQ:ALIGN_BWA_MEM:BAM_SORT_SAMTOOLS:BAM_STATS_SAMTOOLS:SAMTOOLS_FLAGSTAT,1697331463000,1697331474000,2,145.8,,1073741824.0,,,0.017755136179745556,0.017755136179745556,0.0,809.208128,
541,NFCORE_CHIPSEQ:CHIPSEQ:ALIGN_BWA_MEM:BAM_SORT_SAMTOOLS:BAM_STATS_SAMTOOLS:SAMTOOLS_IDXSTATS,1697331473000,1697331473000,2,78.0,,1073741824.0,,,0.0,0.0,0.0,809.208128,
548,NFCORE_CHIPSEQ:CHIPSEQ:ALIGN_BWA_MEM:BAM_SORT_SAMTOOLS:BAM_STATS_SAMTOOLS:SAMTOOLS_IDXSTATS,1697331472000,1697331472000,2,125.0,,1073741824.0,,,0.0,0.0,0.0,809.208128,
562,NFCORE_CHIPSEQ:CHIPSEQ:ALIGN_BWA_MEM:BAM_SORT_SAMTOOLS:SAMTOOLS_INDEX,1697331460000,1697331471000,2,139.7,,1073741824.0,,,0.01705284608053278,0.01705284608053278,0.0,809.208128,
574,NFCORE_CHIPSEQ:CHIPSEQ:ALIGN_BWA_MEM:BAM_SORT_SAMTOOLS:BAM_STATS_SAMTOOLS:SAMTOOLS_IDXSTATS,1697331474000,1697331475000,2,58.7,,1073741824.0,,,0.0007024867817438889,0.0007024867817438889,0.0,809.208128,
652,NFCORE_CHIPSEQ:CHIPSEQ:ALIGN_BWA_MEM:BAM_SORT_SAMTOOLS:BAM_STATS_SAMTOOLS:SAMTOOLS_FLAGSTAT,1697331468000,1697331475000,2,152.9,,1073741824.0,,,0.011818899147630554,0.011818899147630554,0.0,809.208128,
660,NFCORE_CHIPSEQ:CHIPSEQ:ALIGN_BWA_MEM:BAM_SORT_SAMTOOLS:SAMTOOLS_INDEX,1697331467000,1697331475000,2,161.1,,1073741824.0,,,0.014193903930182224,0.014193903930182224,0.0,809.208128,
662,NFCORE_CHIPSEQ:CHIPSEQ:ALIGN_BWA_MEM:BAM_SORT_SAMTOOLS:SAMTOOLS_INDEX,1697331466000,1697331474000,2,154.0,,1073741824.0,,,0.013599416931146668,0.013599416931146668,0.0,809.208128,
663,NFCORE_CHIPSEQ:CHIPSEQ:ALIGN_BWA_MEM:BAM_SORT_SAMTOOLS:SAMTOOLS_INDEX,1697331467000,1697331475000,2,163.1,,1073741824.0,,,0.01436136505667111,0.01436136505667111,0.0,809.208128,
666,NFCORE_CHIPSEQ:CHIPSEQ:ALIGN_BWA_MEM:BAM_SORT_SAMTOOLS:SAMTOOLS_INDEX,1697331470000,1697331478000,2,157.9,,1073741824.0,,,0.0139259661278,0.0139259661278,0.0,809.208128,
674,NFCORE_CHIPSEQ:CHIPSEQ:ALIGN_BWA_MEM:BAM_SORT_SAMTOOLS:BAM_STATS_SAMTOOLS:SAMTOOLS_IDXSTATS,1697331474000,1697331475000,2,85.3,,1073741824.0,,,0.0009808909045316667,0.0009808909045316667,0.0,809.208128,
403,NFCORE_CHIPSEQ:CHIPSEQ:ALIGN_BWA_MEM:BAM_SORT_SAMTOOLS:SAMTOOLS_SORT,1697331436000,1697331475000,6,350.2,,6374293504.0,,,0.16334740071677625,0.16334740071677625,0.0,809.208128,
422,NFCORE_CHIPSEQ:CHIPSEQ:ALIGN_BWA_MEM:BAM_SORT_SAMTOOLS:SAMTOOLS_SORT,1697331437000,1697331475000,6,353.5,,6374293504.0,,,0.16047148240545916,0.16047148240545916,0.0,809.208128,
423,NFCORE_CHIPSEQ:CHIPSEQ:ALIGN_BWA_MEM:BAM_SORT_SAMTOOLS:SAMTOOLS_SORT,1697331437000,1697331475000,6,355.1,,6374293504.0,,,0.16110783468611697,0.16110783468611697,0.0,809.208128,
442,NFCORE_CHIPSEQ:CHIPSEQ:ALIGN_BWA_MEM:BAM_SORT_SAMTOOLS:BAM_STATS_SAMTOOLS:SAMTOOLS_FLAGSTAT,1697331464000,1697331475000,2,150.9,,1073741824.0,,,0.018342296754497223,0.018342296754497223,0.0,809.208128,
449,NFCORE_CHIPSEQ:CHIPSEQ:ALIGN_BWA_MEM:BAM_SORT_SAMTOOLS:SAMTOOLS_INDEX,1697331459000,1697331475000,2,144.9,,1073741824.0,,,0.02567493761124445,0.02567493761124445,0.0,809.208128,
450,NFCORE_CHIPSEQ:CHIPSEQ:ALIGN_BWA_MEM:BAM_SORT_SAMTOOLS:SAMTOOLS_INDEX,1697331460000,1697331475000,2,151.9,,1073741824.0,,,0.025169217653125003,0.025169217653125003,0.0,809.208128,
490,NFCORE_CHIPSEQ:CHIPSEQ:ALIGN_BWA_MEM:BAM_SORT_SAMTOOLS:SAMTOOLS_INDEX,1697331460000,1697331475000,2,129.2,,1073741824.0,,,0.02160543555503333,0.02160543555503333,0.0,809.208128,
491,NFCORE_CHIPSEQ:CHIPSEQ:ALIGN_BWA_MEM:BAM_SORT_SAMTOOLS:SAMTOOLS_INDEX,1697331460000,1697331475000,2,132.8,,1073741824.0,,,0.022170616856933334,0.022170616856933334,0.0,809.208128,
494,NFCORE_CHIPSEQ:CHIPSEQ:ALIGN_BWA_MEM:BAM_SORT_SAMTOOLS:SAMTOOLS_INDEX,1697331460000,1697331475000,2,144.2,,1073741824.0,,,0.02396035764628333,0.02396035764628333,0.0,809.208128,
496,NFCORE_CHIPSEQ:CHIPSEQ:ALIGN_BWA_MEM:BAM_SORT_SAMTOOLS:BAM_STATS_SAMTOOLS:SAMTOOLS_FLAGSTAT,1697331465000,1697331477000,2,148.2,,1073741824.0,,,0.019670669496493334,0.019670669496493334,0.0,809.208128,
511,NFCORE_CHIPSEQ:CHIPSEQ:ALIGN_BWA_MEM:BAM_SORT_SAMTOOLS:SAMTOOLS_INDEX,1697331460000,1697331475000,2,131.8,,1073741824.0,,,0.02201362205085,0.02201362205085,0.0,809.208128,
524,NFCORE_CHIPSEQ:CHIPSEQ:ALIGN_BWA_MEM:BAM_SORT_SAMTOOLS:BAM_STATS_SAMTOOLS:SAMTOOLS_IDXSTATS,1697331477000,1697331477000,2,71.9,,1073741824.0,,,0.0,0.0,0.0,809.208128,
526,NFCORE_CHIPSEQ:CHIPSEQ:ALIGN_BWA_MEM:BAM_SORT_SAMTOOLS:BAM_STATS_SAMTOOLS:SAMTOOLS_FLAGSTAT,1697331468000,1697331479000,2,149.8,,1073741824.0,,,0.018215654277590004,0.018215654277590004,0.0,809.208128,
552,NFCORE_CHIPSEQ:CHIPSEQ:ALIGN_BWA_MEM:BAM_SORT_SAMTOOLS:BAM_STATS_SAMTOOLS:SAMTOOLS_IDXSTATS,1697331478000,1697331479000,2,119.4,,1073741824.0,,,0.001337792430361111,0.001337792430361111,0.0,809.208128,
567,NFCORE_CHIPSEQ:CHIPSEQ:ALIGN_BWA_MEM:BAM_SORT_SAMTOOLS:BAM_STATS_SAMTOOLS:SAMTOOLS_IDXSTATS,1697331477000,1697331477000,2,67.7,,1073741824.0,,,0.0,0.0,0.0,809.208128,
572,NFCORE_CHIPSEQ:CHIPSEQ:ALIGN_BWA_MEM:BAM_SORT_SAMTOOLS:BAM_STATS_SAMTOOLS:SAMTOOLS_IDXSTATS,1697331478000,1697331478000,2,86.5,,1073741824.0,,,0.0,0.0,0.0,809.208128,
588,NFCORE_CHIPSEQ:CHIPSEQ:ALIGN_BWA_MEM:BAM_SORT_SAMTOOLS:BAM_STATS_SAMTOOLS:SAMTOOLS_IDXSTATS,1697331480000,1697331480000,2,81.0,,1073741824.0,,,0.0,0.0,0.0,809.208128,
591,NFCORE_CHIPSEQ:CHIPSEQ:ALIGN_BWA_MEM:BAM_SORT_SAMTOOLS:BAM_STATS_SAMTOOLS:SAMTOOLS_IDXSTATS,1697331483000,1697331483000,2,86.5,,1073741824.0,,,0.0,0.0,0.0,809.208128,
646,NFCORE_CHIPSEQ:CHIPSEQ:ALIGN_BWA_MEM:BAM_SORT_SAMTOOLS:BAM_STATS_SAMTOOLS:SAMTOOLS_FLAGSTAT,1697331471000,1697331480000,2,138.0,,1073741824.0,,,0.013792193909140002,0.013792193909140002,0.0,809.208128,
661,NFCORE_CHIPSEQ:CHIPSEQ:ALIGN_BWA_MEM:BAM_SORT_SAMTOOLS:SAMTOOLS_INDEX,1697331473000,1697331480000,2,158.4,,1073741824.0,,,0.012221852483244446,0.012221852483244446,0.0,809.208128,
673,NFCORE_CHIPSEQ:CHIPSEQ:ALIGN_BWA_MEM:BAM_SORT_SAMTOOLS:SAMTOOLS_INDEX,1697331474000,1697331480000,2,165.1,,1073741824.0,,,0.01089661963737,0.01089661963737,0.0,809.208128,
675,NFCORE_CHIPSEQ:CHIPSEQ:ALIGN_BWA_MEM:BAM_SORT_SAMTOOLS:BAM_STATS_SAMTOOLS:SAMTOOLS_FLAGSTAT,1697331474000,1697331482000,2,151.6,,1073741824.0,,,0.013398463579360002,0.013398463579360002,0.0,809.208128,
690,NFCORE_CHIPSEQ:CHIPSEQ:ALIGN_BWA_MEM:BAM_SORT_SAMTOOLS:BAM_STATS_SAMTOOLS:SAMTOOLS_IDXSTATS,1697331483000,1697331483000,2,58.0,,1073741824.0,,,0.0,0.0,0.0,809.208128,
698,NFCORE_CHIPSEQ:CHIPSEQ:ALIGN_BWA_MEM:BAM_SORT_SAMTOOLS:SAMTOOLS_INDEX,1697331477000,1697331484000,2,171.7,,1073741824.0,,,0.013196266913001665,0.013196266913001665,0.0,809.208128,
699,NFCORE_CHIPSEQ:CHIPSEQ:ALIGN_BWA_MEM:BAM_SORT_SAMTOOLS:SAMTOOLS_INDEX,1697331476000,1697331482000,2,170.6,,1073741824.0,,,0.011242008210753334,0.011242008210753334,0.0,809.208128,
700,NFCORE_CHIPSEQ:CHIPSEQ:ALIGN_BWA_MEM:BAM_SORT_SAMTOOLS:SAMTOOLS_INDEX,1697331476000,1697331483000,2,161.2,,1073741824.0,,,0.012426992363193333,0.012426992363193333,0.0,809.208128,
701,NFCORE_CHIPSEQ:CHIPSEQ:ALIGN_BWA_MEM:BAM_SORT_SAMTOOLS:SAMTOOLS_INDEX,1697331478000,1697331484000,2,156.0,,1073741824.0,,,0.010325158543226668,0.010325158543226668,0.0,809.208128,
702,NFCORE_CHIPSEQ:CHIPSEQ:ALIGN_BWA_MEM:BAM_SORT_SAMTOOLS:SAMTOOLS_INDEX,1697331477000,1697331485000,2,146.0,,1073741824.0,,,0.012929572425191108,0.012929572425191108,0.0,809.208128,
717,NFCORE_CHIPSEQ:CHIPSEQ:ALIGN_BWA_MEM:BAM_SORT_SAMTOOLS:BAM_STATS_SAMTOOLS:SAMTOOLS_IDXSTATS,1697331481000,1697331481000,2,64.9,,1073741824.0,,,0.0,0.0,0.0,809.208128,
501,NFCORE_CHIPSEQ:CHIPSEQ:ALIGN_BWA_MEM:BAM_SORT_SAMTOOLS:BAM_STATS_SAMTOOLS:SAMTOOLS_IDXSTATS,1697331483000,1697331483000,2,91.4,,1073741824.0,,,0.0,0.0,0.0,809.208128,
507,NFCORE_CHIPSEQ:CHIPSEQ:ALIGN_BWA_MEM:BAM_SORT_SAMTOOLS:BAM_STATS_SAMTOOLS:SAMTOOLS_FLAGSTAT,1697331472000,1697331483000,2,146.6,,1073741824.0,,,0.01784723979931445,0.01784723979931445,0.0,809.208128,
540,NFCORE_CHIPSEQ:CHIPSEQ:ALIGN_BWA_MEM:BAM_SORT_SAMTOOLS:BAM_STATS_SAMTOOLS:SAMTOOLS_FLAGSTAT,1697331474000,1697331484000,2,150.1,,1073741824.0,,,0.01659108466811667,0.01659108466811667,0.0,809.208128,
547,NFCORE_CHIPSEQ:CHIPSEQ:ALIGN_BWA_MEM:BAM_SORT_SAMTOOLS:BAM_STATS_SAMTOOLS:SAMTOOLS_FLAGSTAT,1697331475000,1697331486000,2,151.2,,1073741824.0,,,0.018376835611835556,0.018376835611835556,0.0,809.208128,
554,NFCORE_CHIPSEQ:CHIPSEQ:ALIGN_BWA_MEM:BAM_SORT_SAMTOOLS:BAM_STATS_SAMTOOLS:SAMTOOLS_FLAGSTAT,1697331477000,1697331488000,2,150.6,,1073741824.0,,,0.018307757897158886,0.018307757897158886,0.0,809.208128,
569,NFCORE_CHIPSEQ:CHIPSEQ:ALIGN_BWA_MEM:BAM_SORT_SAMTOOLS:BAM_STATS_SAMTOOLS:SAMTOOLS_FLAGSTAT,1697331475000,1697331485000,2,150.8,,1073741824.0,,,0.01666434891095556,0.01666434891095556,0.0,809.208128,
573,NFCORE_CHIPSEQ:CHIPSEQ:ALIGN_BWA_MEM:BAM_SORT_SAMTOOLS:BAM_STATS_SAMTOOLS:SAMTOOLS_FLAGSTAT,1697331474000,1697331484000,2,147.3,,1073741824.0,,,0.016298027696761114,0.016298027696761114,0.0,809.208128,
598,NFCORE_CHIPSEQ:CHIPSEQ:ALIGN_BWA_MEM:BAM_SORT_SAMTOOLS:BAM_STATS_SAMTOOLS:SAMTOOLS_STATS,1697331448000,1697331487000,2,131.6,,1073741824.0,,,0.057153780033046664,0.057153780033046664,0.0,809.208128,
600,NFCORE_CHIPSEQ:CHIPSEQ:ALIGN_BWA_MEM:BAM_SORT_SAMTOOLS:BAM_STATS_SAMTOOLS:SAMTOOLS_IDXSTATS,1697331488000,1697331488000,2,89.5,,1073741824.0,,,0.0,0.0,0.0,809.208128,
621,NFCORE_CHIPSEQ:CHIPSEQ:ALIGN_BWA_MEM:BAM_SORT_SAMTOOLS:BAM_STATS_SAMTOOLS:SAMTOOLS_IDXSTATS,1697331485000,1697331486000,2,76.8,,1073741824.0,,,0.0008919271810844445,0.0008919271810844445,0.0,809.208128,
664,NFCORE_CHIPSEQ:CHIPSEQ:ALIGN_BWA_MEM:BAM_SORT_SAMTOOLS:SAMTOOLS_SORT,1697331471000,1697331485000,6,520.6,,6374293504.0,,,0.08360598242192584,0.08360598242192584,0.0,809.208128,
665,NFCORE_CHIPSEQ:CHIPSEQ:ALIGN_BWA_MEM:BAM_SORT_SAMTOOLS:SAMTOOLS_SORT,1697331470000,1697331486000,6,503.7,,6374293504.0,,,0.09271960115882444,0.09271960115882444,0.0,809.208128,
716,NFCORE_CHIPSEQ:CHIPSEQ:ALIGN_BWA_MEM:BAM_SORT_SAMTOOLS:BAM_STATS_SAMTOOLS:SAMTOOLS_FLAGSTAT,1697331481000,1697331488000,2,146.9,,1073741824.0,,,0.011379313690597222,0.011379313690597222,0.0,809.208128,
744,NFCORE_CHIPSEQ:CHIPSEQ:ALIGN_BWA_MEM:BAM_SORT_SAMTOOLS:BAM_STATS_SAMTOOLS:SAMTOOLS_IDXSTATS,1697331486000,1697331486000,2,103.9,,1073741824.0,,,0.0,0.0,0.0,809.208128,
751,NFCORE_CHIPSEQ:CHIPSEQ:ALIGN_BWA_MEM:BAM_SORT_SAMTOOLS:BAM_STATS_SAMTOOLS:SAMTOOLS_IDXSTATS,1697331487000,1697331488000,2,41.6,,1073741824.0,,,0.000523512702808889,0.000523512702808889,0.0,809.208128,
435,NFCORE_CHIPSEQ:CHIPSEQ:ALIGN_BWA_MEM:BAM_SORT_SAMTOOLS:BAM_STATS_SAMTOOLS:SAMTOOLS_FLAGSTAT,1697331474000,1697331487000,2,141.9,,1073741824.0,,,0.020452700313319444,0.020452700313319444,0.0,809.208128,
452,NFCORE_CHIPSEQ:CHIPSEQ:ALIGN_BWA_MEM:BAM_SORT_SAMTOOLS:BAM_STATS_SAMTOOLS:SAMTOOLS_FLAGSTAT,1697331474000,1697331487000,2,141.2,,1073741824.0,,,0.02035745679762889,0.02035745679762889,0.0,809.208128,
476,NFCORE_CHIPSEQ:CHIPSEQ:ALIGN_BWA_MEM:BAM_SORT_SAMTOOLS:BAM_STATS_SAMTOOLS:SAMTOOLS_FLAGSTAT,1697331475000,1697331487000,2,145.2,,1073741824.0,,,0.01929388196189333,0.01929388196189333,0.0,809.208128,
523,NFCORE_CHIPSEQ:CHIPSEQ:ALIGN_BWA_MEM:BAM_SORT_SAMTOOLS:BAM_STATS_SAMTOOLS:SAMTOOLS_FLAGSTAT,1697331477000,1697331488000,2,151.7,,1073741824.0,,,0.018434400374066115,0.018434400374066115,0.0,809.208128,
529,NFCORE_CHIPSEQ:CHIPSEQ:ALIGN_BWA_MEM:BAM_SORT_SAMTOOLS:BAM_STATS_SAMTOOLS:SAMTOOLS_IDXSTATS,1697331490000,1697331490000,2,79.5,,1073741824.0,,,0.0,0.0,0.0,809.208128,
543,NFCORE_CHIPSEQ:CHIPSEQ:ALIGN_BWA_MEM:BAM_SORT_SAMTOOLS:BAM_STATS_SAMTOOLS:SAMTOOLS_IDXSTATS,1697331488000,1697331488000,2,92.8,,1073741824.0,,,0.0,0.0,0.0,809.208128,
561,NFCORE_CHIPSEQ:CHIPSEQ:ALIGN_BWA_MEM:BAM_SORT_SAMTOOLS:SAMTOOLS_INDEX,1697331480000,1697331492000,2,140.4,,1073741824.0,,,0.018691021906533333,0.018691021906533333,0.0,809.208128,
571,NFCORE_CHIPSEQ:CHIPSEQ:ALIGN_BWA_MEM:BAM_SORT_SAMTOOLS:BAM_STATS_SAMTOOLS:SAMTOOLS_FLAGSTAT,1697331480000,1697331490000,2,152.2,,1073741824.0,,,0.016810877396633336,0.016810877396633336,0.0,809.208128,
585,NFCORE_CHIPSEQ:CHIPSEQ:ALIGN_BWA_MEM:BAM_SORT_SAMTOOLS:BAM_STATS_SAMTOOLS:SAMTOOLS_IDXSTATS,1697331488000,1697331489000,2,90.8,,1073741824.0,,,0.0010384556667622222,0.0010384556667622222,0.0,809.208128,
589,NFCORE_CHIPSEQ:CHIPSEQ:ALIGN_BWA_MEM:BAM_SORT_SAMTOOLS:BAM_STATS_SAMTOOLS:SAMTOOLS_FLAGSTAT,1697331481000,1697331491000,2,150.7,,1073741824.0,,,0.016653882590550003,0.016653882590550003,0.0,809.208128,
592,NFCORE_CHIPSEQ:CHIPSEQ:ALIGN_BWA_MEM:BAM_SORT_SAMTOOLS:BAM_STATS_SAMTOOLS:SAMTOOLS_FLAGSTAT,1697331482000,1697331492000,2,151.9,,1073741824.0,,,0.01677947843541667,0.01677947843541667,0.0,809.208128,
606,NFCORE_CHIPSEQ:CHIPSEQ:ALIGN_BWA_MEM:BAM_SORT_SAMTOOLS:SAMTOOLS_INDEX,1697331480000,1697331492000,2,153.2,,1073741824.0,,,0.020298648720826665,0.020298648720826665,0.0,809.208128,
609,NFCORE_CHIPSEQ:CHIPSEQ:ALIGN_BWA_MEM:BAM_SORT_SAMTOOLS:SAMTOOLS_INDEX,1697331481000,1697331493000,2,131.4,,1073741824.0,,,0.017560659302733334,0.017560659302733334,0.0,809.208128,
610,NFCORE_CHIPSEQ:CHIPSEQ:ALIGN_BWA_MEM:BAM_SORT_SAMTOOLS:SAMTOOLS_INDEX,1697331481000,1697331492000,2,140.4,,1073741824.0,,,0.017133436747655557,0.017133436747655557,0.0,809.208128,
620,NFCORE_CHIPSEQ:CHIPSEQ:ALIGN_BWA_MEM:BAM_SORT_SAMTOOLS:BAM_STATS_SAMTOOLS:SAMTOOLS_FLAGSTAT,1697331484000,1697331493000,2,153.3,,1073741824.0,,,0.015233406228985003,0.015233406228985003,0.0,809.208128,
626,NFCORE_CHIPSEQ:CHIPSEQ:ALIGN_BWA_MEM:BAM_SORT_SAMTOOLS:BAM_STATS_SAMTOOLS:SAMTOOLS_IDXSTATS,1697331493000,1697331493000,2,82.1,,1073741824.0,,,0.0,0.0,0.0,809.208128,
630,NFCORE_CHIPSEQ:CHIPSEQ:ALIGN_BWA_MEM:BAM_SORT_SAMTOOLS:BAM_STATS_SAMTOOLS:SAMTOOLS_IDXSTATS,1697331494000,1697331494000,2,77.6,,1073741824.0,,,0.0,0.0,0.0,809.208128,
650,NFCORE_CHIPSEQ:CHIPSEQ:ALIGN_BWA_MEM:BAM_SORT_SAMTOOLS:BAM_STATS_SAMTOOLS:SAMTOOLS_IDXSTATS,1697331490000,1697331491000,2,100.8,,1073741824.0,,,0.0011431188708177777,0.0011431188708177777,0.0,809.208128,
658,NFCORE_CHIPSEQ:CHIPSEQ:ALIGN_BWA_MEM:BAM_SORT_SAMTOOLS:SAMTOOLS_INDEX,1697331481000,1697331492000,2,157.6,,1073741824.0,,,0.019113664568386667,0.019113664568386667,0.0,809.208128,
659,NFCORE_CHIPSEQ:CHIPSEQ:ALIGN_BWA_MEM:BAM_SORT_SAMTOOLS:SAMTOOLS_INDEX,1697331481000,1697331492000,2,156.6,,1073741824.0,,,0.018998535043925558,0.018998535043925558,0.0,809.208128,
691,NFCORE_CHIPSEQ:CHIPSEQ:ALIGN_BWA_MEM:BAM_SORT_SAMTOOLS:BAM_STATS_SAMTOOLS:SAMTOOLS_FLAGSTAT,1697331486000,1697331493000,2,141.7,,1073741824.0,,,0.010998339627834999,0.010998339627834999,0.0,809.208128,
718,NFCORE_CHIPSEQ:CHIPSEQ:ALIGN_BWA_MEM:BAM_SORT_SAMTOOLS:SAMTOOLS_INDEX,1697331482000,1697331492000,2,155.3,,1073741824.0,,,0.017135333329205558,0.017135333329205558,0.0,809.208128,
719,NFCORE_CHIPSEQ:CHIPSEQ:ALIGN_BWA_MEM:BAM_SORT_SAMTOOLS:SAMTOOLS_INDEX,1697331482000,1697331492000,2,153.4,,1073741824.0,,,0.0169364732415,0.0169364732415,0.0,809.208128,
720,NFCORE_CHIPSEQ:CHIPSEQ:ALIGN_BWA_MEM:BAM_SORT_SAMTOOLS:SAMTOOLS_INDEX,1697331482000,1697331493000,2,129.3,,1073741824.0,,,0.015855499026137226,0.015855499026137226,0.0,809.208128,
726,NFCORE_CHIPSEQ:CHIPSEQ:ALIGN_BWA_MEM:BAM_SORT_SAMTOOLS:BAM_STATS_SAMTOOLS:SAMTOOLS_IDXSTATS,1697331496000,1697331497000,2,60.0,,1073741824.0,,,0.0007160929982711112,0.0007160929982711112,0.0,809.208128,
742,NFCORE_CHIPSEQ:CHIPSEQ:ALIGN_BWA_MEM:BAM_SORT_SAMTOOLS:BAM_STATS_SAMTOOLS:SAMTOOLS_FLAGSTAT,1697331486000,1697331492000,2,150.8,,1073741824.0,,,0.009998609346573333,0.009998609346573333,0.0,809.208128,
753,NFCORE_CHIPSEQ:CHIPSEQ:ALIGN_BWA_MEM:BAM_SORT_SAMTOOLS:BAM_STATS_SAMTOOLS:SAMTOOLS_FLAGSTAT,1697331487000,1697331494000,2,152.9,,1073741824.0,,,0.011818899147630554,0.011818899147630554,0.0,809.208128,
760,NFCORE_CHIPSEQ:CHIPSEQ:ALIGN_BWA_MEM:BAM_SORT_SAMTOOLS:SAMTOOLS_INDEX,1697331491000,1697331497000,2,161.8,,1073741824.0,,,0.010689386493340001,0.010689386493340001,0.0,809.208128,
457,NFCORE_CHIPSEQ:CHIPSEQ:ALIGN_BWA_MEM:BAM_SORT_SAMTOOLS:BAM_STATS_SAMTOOLS:SAMTOOLS_STATS,1697331451000,1697331498000,2,135.2,,1073741824.0,,,0.07064853376013777,0.07064853376013777,0.0,809.208128,
503,NFCORE_CHIPSEQ:CHIPSEQ:ALIGN_BWA_MEM:BAM_SORT_SAMTOOLS:BAM_STATS_SAMTOOLS:SAMTOOLS_FLAGSTAT,1697331486000,1697331497000,2,140.1,,1073741824.0,,,0.01709889789031722,0.01709889789031722,0.0,809.208128,
515,NFCORE_CHIPSEQ:CHIPSEQ:ALIGN_BWA_MEM:BAM_SORT_SAMTOOLS:SAMTOOLS_INDEX,1697331481000,1697331496000,2,121.7,,1073741824.0,,,0.020427974509408333,0.020427974509408333,0.0,809.208128,
532,NFCORE_CHIPSEQ:CHIPSEQ:ALIGN_BWA_MEM:BAM_SORT_SAMTOOLS:BAM_STATS_SAMTOOLS:SAMTOOLS_STATS,1697331458000,1697331499000,2,129.6,,1073741824.0,,,0.05922650483840889,0.05922650483840889,0.0,809.208128,
545,NFCORE_CHIPSEQ:CHIPSEQ:ALIGN_BWA_MEM:BAM_SORT_SAMTOOLS:BAM_STATS_SAMTOOLS:SAMTOOLS_FLAGSTAT,1697331487000,1697331497000,2,147.7,,1073741824.0,,,0.016339892978383334,0.016339892978383334,0.0,809.208128,
551,NFCORE_CHIPSEQ:CHIPSEQ:ALIGN_BWA_MEM:BAM_SORT_SAMTOOLS:BAM_STATS_SAMTOOLS:SAMTOOLS_STATS,1697331454000,1697331493000,2,131.9,,1073741824.0,,,0.05727623598179167,0.05727623598179167,0.0,809.208128,
555,NFCORE_CHIPSEQ:CHIPSEQ:ALIGN_BWA_MEM:BAM_SORT_SAMTOOLS:SAMTOOLS_INDEX,1697331480000,1697331493000,2,137.6,,1073741824.0,,,0.019867633002648887,0.019867633002648887,0.0,809.208128,
557,NFCORE_CHIPSEQ:CHIPSEQ:ALIGN_BWA_MEM:BAM_SORT_SAMTOOLS:SAMTOOLS_INDEX,1697331480000,1697331493000,2,134.5,,1073741824.0,,,0.019445840290305,0.019445840290305,0.0,809.208128,
577,NFCORE_CHIPSEQ:CHIPSEQ:ALIGN_BWA_MEM:BAM_SORT_SAMTOOLS:SAMTOOLS_INDEX,1697331481000,1697331494000,2,129.9,,1073741824.0,,,0.01881995433005278,0.01881995433005278,0.0,809.208128,
578,NFCORE_CHIPSEQ:CHIPSEQ:ALIGN_BWA_MEM:BAM_SORT_SAMTOOLS:SAMTOOLS_INDEX,1697331482000,1697331495000,2,122.7,,1073741824.0,,,0.01784030674009278,0.01784030674009278,0.0,809.208128,
587,NFCORE_CHIPSEQ:CHIPSEQ:ALIGN_BWA_MEM:BAM_SORT_SAMTOOLS:BAM_STATS_SAMTOOLS:SAMTOOLS_FLAGSTAT,1697331488000,1697331497000,2,152.4,,1073741824.0,,,0.015148629033700001,0.015148629033700001,0.0,809.208128,
594,NFCORE_CHIPSEQ:CHIPSEQ:ALIGN_BWA_MEM:BAM_SORT_SAMTOOLS:BAM_STATS_SAMTOOLS:SAMTOOLS_STATS,1697331459000,1697331498000,2,128.5,,1073741824.0,,,0.055888401896015,0.055888401896015,0.0,809.208128,
601,NFCORE_CHIPSEQ:CHIPSEQ:ALIGN_BWA_MEM:BAM_SORT_SAMTOOLS:BAM_STATS_SAMTOOLS:SAMTOOLS_FLAGSTAT,1697331487000,1697331496000,2,154.4,,1073741824.0,,,0.015337022801000005,0.015337022801000005,0.0,809.208128,
622,NFCORE_CHIPSEQ:CHIPSEQ:ALIGN_BWA_MEM:BAM_SORT_SAMTOOLS:BAM_STATS_SAMTOOLS:SAMTOOLS_IDXSTATS,1697331501000,1697331502000,2,91.4,,1073741824.0,,,0.0010447354590055555,0.0010447354590055555,0.0,809.208128,
627,NFCORE_CHIPSEQ:CHIPSEQ:ALIGN_BWA_MEM:BAM_SORT_SAMTOOLS:BAM_STATS_SAMTOOLS:SAMTOOLS_FLAGSTAT,1697331490000,1697331499000,2,148.9,,1073741824.0,,,0.014818939940925004,0.014818939940925004,0.0,809.208128,
641,NFCORE_CHIPSEQ:CHIPSEQ:ALIGN_BWA_MEM:BAM_SORT_SAMTOOLS:BAM_STATS_SAMTOOLS:SAMTOOLS_IDXSTATS,1697331496000,1697331497000,2,104.1,,1073741824.0,,,0.001177657728156111,0.001177657728156111,0.0,809.208128,
649,NFCORE_CHIPSEQ:CHIPSEQ:ALIGN_BWA_MEM:BAM_SORT_SAMTOOLS:BAM_STATS_SAMTOOLS:SAMTOOLS_FLAGSTAT,1697331491000,1697331500000,2,149.0,,1073741824.0,,,0.014828359629290001,0.014828359629290001,0.0,809.208128,
654,NFCORE_CHIPSEQ:CHIPSEQ:ALIGN_BWA_MEM:BAM_SORT_SAMTOOLS:BAM_STATS_SAMTOOLS:SAMTOOLS_STATS,1697331468000,1697331498000,2,132.3,,1073741824.0,,,0.044184238907783335,0.044184238907783335,0.0,809.208128,
684,NFCORE_CHIPSEQ:CHIPSEQ:ALIGN_BWA_MEM:BAM_SORT_SAMTOOLS:BAM_STATS_SAMTOOLS:SAMTOOLS_IDXSTATS,1697331503000,1697331503000,2,92.8,,1073741824.0,,,0.0,0.0,0.0,809.208128,
723,NFCORE_CHIPSEQ:CHIPSEQ:ALIGN_BWA_MEM:BAM_SORT_SAMTOOLS:BAM_STATS_SAMTOOLS:SAMTOOLS_IDXSTATS,1697331497000,1697331498000,2,49.4,,1073741824.0,,,0.0006051500019722222,0.0006051500019722222,0.0,809.208128,
728,NFCORE_CHIPSEQ:CHIPSEQ:ALIGN_BWA_MEM:BAM_SORT_SAMTOOLS:BAM_STATS_SAMTOOLS:SAMTOOLS_IDXSTATS,1697331500000,1697331500000,2,56.6,,1073741824.0,,,0.0,0.0,0.0,809.208128,
731,NFCORE_CHIPSEQ:CHIPSEQ:ALIGN_BWA_MEM:BAM_SORT_SAMTOOLS:BAM_STATS_SAMTOOLS:SAMTOOLS_IDXSTATS,1697331498000,1697331498000,2,43.7,,1073741824.0,,,0.0,0.0,0.0,809.208128,
735,NFCORE_CHIPSEQ:CHIPSEQ:ALIGN_BWA_MEM:BAM_SORT_SAMTOOLS:BAM_STATS_SAMTOOLS:SAMTOOLS_IDXSTATS,1697331498000,1697331498000,2,44.0,,1073741824.0,,,0.0,0.0,0.0,809.208128,
736,NFCORE_CHIPSEQ:CHIPSEQ:ALIGN_BWA_MEM:BAM_SORT_SAMTOOLS:BAM_STATS_SAMTOOLS:SAMTOOLS_IDXSTATS,1697331500000,1697331500000,2,48.1,,1073741824.0,,,0.0,0.0,0.0,809.208128,
749,NFCORE_CHIPSEQ:CHIPSEQ:ALIGN_BWA_MEM:BAM_SORT_SAMTOOLS:BAM_STATS_SAMTOOLS:SAMTOOLS_IDXSTATS,1697331503000,1697331506000,2,83.8,,1073741824.0,,,0.00289557427177,0.00289557427177,0.0,809.208128,
761,NFCORE_CHIPSEQ:CHIPSEQ:ALIGN_BWA_MEM:BAM_SORT_SAMTOOLS:SAMTOOLS_INDEX,1697331491000,1697331498000,2,160.1,,1073741824.0,,,0.012346401696070554,0.012346401696070554,0.0,809.208128,
762,NFCORE_CHIPSEQ:CHIPSEQ:ALIGN_BWA_MEM:BAM_SORT_SAMTOOLS:BAM_STATS_SAMTOOLS:SAMTOOLS_IDXSTATS,1697331502000,1697331503000,2,68.8,,1073741824.0,,,0.0008081966178399999,0.0008081966178399999,0.0,809.208128,
791,NFCORE_CHIPSEQ:CHIPSEQ:ALIGN_BWA_MEM:BAM_SORT_SAMTOOLS:BAM_STATS_SAMTOOLS:SAMTOOLS_FLAGSTAT,1697331501000,1697331506000,2,150.8,,1073741824.0,,,0.00833217445547778,0.00833217445547778,0.0,809.208128,
483,NFCORE_CHIPSEQ:CHIPSEQ:ALIGN_BWA_MEM:BAM_SORT_SAMTOOLS:BAM_STATS_SAMTOOLS:SAMTOOLS_STATS,1697331457000,1697331501000,2,136.2,,1073741824.0,,,0.06659957097967556,0.06659957097967556,0.0,809.208128,
497,NFCORE_CHIPSEQ:CHIPSEQ:ALIGN_BWA_MEM:BAM_SORT_SAMTOOLS:BAM_STATS_SAMTOOLS:SAMTOOLS_STATS,1697331465000,1697331509000,2,134.0,,1073741824.0,,,0.06558643116441777,0.06558643116441777,0.0,809.208128,
505,NFCORE_CHIPSEQ:CHIPSEQ:ALIGN_BWA_MEM:BAM_SORT_SAMTOOLS:BAM_STATS_SAMTOOLS:SAMTOOLS_STATS,1697331462000,1697331505000,2,134.2,,1073741824.0,,,0.06418584081162333,0.06418584081162333,0.0,809.208128,
520,NFCORE_CHIPSEQ:CHIPSEQ:ALIGN_BWA_MEM:BAM_SORT_SAMTOOLS:BAM_STATS_SAMTOOLS:SAMTOOLS_STATS,1697331463000,1697331508000,2,133.5,,1073741824.0,,,0.06684153966357499,0.06684153966357499,0.0,809.208128,
525,NFCORE_CHIPSEQ:CHIPSEQ:ALIGN_BWA_MEM:BAM_SORT_SAMTOOLS:BAM_STATS_SAMTOOLS:SAMTOOLS_STATS,1697331465000,1697331509000,2,134.1,,1073741824.0,,,0.06563248297420222,0.06563248297420222,0.0,809.208128,
530,NFCORE_CHIPSEQ:CHIPSEQ:ALIGN_BWA_MEM:BAM_SORT_SAMTOOLS:BAM_STATS_SAMTOOLS:SAMTOOLS_FLAGSTAT,1697331490000,1697331501000,2,143.4,,1073741824.0,,,0.017478825321038893,0.017478825321038893,0.0,809.208128,
546,NFCORE_CHIPSEQ:CHIPSEQ:ALIGN_BWA_MEM:BAM_SORT_SAMTOOLS:BAM_STATS_SAMTOOLS:SAMTOOLS_STATS,1697331468000,1697331510000,2,134.1,,1073741824.0,,,0.06264918829355666,0.06264918829355666,0.0,809.208128,
582,NFCORE_CHIPSEQ:CHIPSEQ:ALIGN_BWA_MEM:BAM_SORT_SAMTOOLS:BAM_STATS_SAMTOOLS:SAMTOOLS_IDXSTATS,1697331500000,1697331500000,2,70.1,,1073741824.0,,,0.0,0.0,0.0,809.208128,
615,NFCORE_CHIPSEQ:CHIPSEQ:ALIGN_BWA_MEM:BAM_SORT_SAMTOOLS:BAM_STATS_SAMTOOLS:SAMTOOLS_IDXSTATS,1697331505000,1697331505000,2,58.2,,1073741824.0,,,0.0,0.0,0.0,809.208128,
616,NFCORE_CHIPSEQ:CHIPSEQ:ALIGN_BWA_MEM:BAM_SORT_SAMTOOLS:BAM_STATS_SAMTOOLS:SAMTOOLS_STATS,1697331468000,1697331504000,2,134.4,,1073741824.0,,,0.053812340512000005,0.053812340512000005,0.0,809.208128,
628,NFCORE_CHIPSEQ:CHIPSEQ:ALIGN_BWA_MEM:BAM_SORT_SAMTOOLS:BAM_STATS_SAMTOOLS:SAMTOOLS_FLAGSTAT,1697331497000,1697331506000,2,148.9,,1073741824.0,,,0.014818939940925004,0.014818939940925004,0.0,809.208128,
640,NFCORE_CHIPSEQ:CHIPSEQ:ALIGN_BWA_MEM:BAM_SORT_SAMTOOLS:BAM_STATS_SAMTOOLS:SAMTOOLS_FLAGSTAT,1697331494000,1697331503000,2,146.6,,1073741824.0,,,0.014602287108530003,0.014602287108530003,0.0,809.208128,
647,NFCORE_CHIPSEQ:CHIPSEQ:ALIGN_BWA_MEM:BAM_SORT_SAMTOOLS:BAM_STATS_SAMTOOLS:SAMTOOLS_STATS,1697331472000,1697331510000,2,128.3,,1073741824.0,,,0.05437582191488111,0.05437582191488111,0.0,809.208128,
676,NFCORE_CHIPSEQ:CHIPSEQ:ALIGN_BWA_MEM:BAM_SORT_SAMTOOLS:BAM_STATS_SAMTOOLS:SAMTOOLS_STATS,1697331475000,1697331507000,2,133.9,,1073741824.0,,,0.047665730439733336,0.047665730439733336,0.0,809.208128,
682,NFCORE_CHIPSEQ:CHIPSEQ:ALIGN_BWA_MEM:BAM_SORT_SAMTOOLS:BAM_STATS_SAMTOOLS:SAMTOOLS_IDXSTATS,1697331503000,1697331503000,2,88.9,,1073741824.0,,,0.0,0.0,0.0,809.208128,
686,NFCORE_CHIPSEQ:CHIPSEQ:ALIGN_BWA_MEM:BAM_SORT_SAMTOOLS:BAM_STATS_SAMTOOLS:SAMTOOLS_IDXSTATS,1697331511000,1697331512000,2,77.7,,1073741824.0,,,0.0009013468694494445,0.0009013468694494445,0.0,809.208128,
689,NFCORE_CHIPSEQ:CHIPSEQ:ALIGN_BWA_MEM:BAM_SORT_SAMTOOLS:BAM_STATS_SAMTOOLS:SAMTOOLS_STATS,1697331476000,1697331508000,2,128.2,,1073741824.0,,,0.04575667359775999,0.04575667359775999,0.0,809.208128,
715,NFCORE_CHIPSEQ:CHIPSEQ:ALIGN_BWA_MEM:BAM_SORT_SAMTOOLS:BAM_STATS_SAMTOOLS:SAMTOOLS_STATS,1697331481000,1697331509000,2,135.3,,1073741824.0,,,0.04211779389466445,0.04211779389466445,0.0,809.208128,
722,NFCORE_CHIPSEQ:CHIPSEQ:ALIGN_BWA_MEM:BAM_SORT_SAMTOOLS:BAM_STATS_SAMTOOLS:SAMTOOLS_FLAGSTAT,1697331497000,1697331508000,2,152.6,,1073741824.0,,,0.018538016946081114,0.018538016946081114,0.0,809.208128,
725,NFCORE_CHIPSEQ:CHIPSEQ:ALIGN_BWA_MEM:BAM_SORT_SAMTOOLS:BAM_STATS_SAMTOOLS:SAMTOOLS_FLAGSTAT,1697331496000,1697331508000,2,147.2,,1073741824.0,,,0.019545073651626665,0.019545073651626665,0.0,809.208128,
729,NFCORE_CHIPSEQ:CHIPSEQ:ALIGN_BWA_MEM:BAM_SORT_SAMTOOLS:BAM_STATS_SAMTOOLS:SAMTOOLS_FLAGSTAT,1697331498000,1697331509000,2,150.0,,1073741824.0,,,0.018238680182482224,0.018238680182482224,0.0,809.208128,
732,NFCORE_CHIPSEQ:CHIPSEQ:ALIGN_BWA_MEM:BAM_SORT_SAMTOOLS:BAM_STATS_SAMTOOLS:SAMTOOLS_FLAGSTAT,1697331498000,1697331509000,2,149.7,,1073741824.0,,,0.018204141325143888,0.018204141325143888,0.0,809.208128,
734,NFCORE_CHIPSEQ:CHIPSEQ:ALIGN_BWA_MEM:BAM_SORT_SAMTOOLS:BAM_STATS_SAMTOOLS:SAMTOOLS_FLAGSTAT,1697331496000,1697331508000,2,148.9,,1073741824.0,,,0.0197585865879,0.0197585865879,0.0,809.208128,
737,NFCORE_CHIPSEQ:CHIPSEQ:ALIGN_BWA_MEM:BAM_SORT_SAMTOOLS:BAM_STATS_SAMTOOLS:SAMTOOLS_FLAGSTAT,1697331502000,1697331513000,2,145.9,,1073741824.0,,,0.01776664913219167,0.01776664913219167,0.0,809.208128,
743,NFCORE_CHIPSEQ:CHIPSEQ:ALIGN_BWA_MEM:BAM_SORT_SAMTOOLS:BAM_STATS_SAMTOOLS:SAMTOOLS_STATS,1697331486000,1697331510000,2,133.0,,1073741824.0,,,0.03552322530904,0.03552322530904,0.0,809.208128,
745,NFCORE_CHIPSEQ:CHIPSEQ:ALIGN_BWA_MEM:BAM_SORT_SAMTOOLS:BAM_STATS_SAMTOOLS:SAMTOOLS_IDXSTATS,1697331509000,1697331510000,2,109.7,,1073741824.0,,,0.0012362691224272221,0.0012362691224272221,0.0,809.208128,
748,NFCORE_CHIPSEQ:CHIPSEQ:ALIGN_BWA_MEM:BAM_SORT_SAMTOOLS:BAM_STATS_SAMTOOLS:SAMTOOLS_FLAGSTAT,1697331504000,1697331509000,2,161.1,,1073741824.0,,,0.008871189956363889,0.008871189956363889,0.0,809.208128,
756,NFCORE_CHIPSEQ:CHIPSEQ:ALIGN_BWA_MEM:BAM_SORT_SAMTOOLS:BAM_STATS_SAMTOOLS:SAMTOOLS_IDXSTATS,1697331510000,1697331511000,2,83.8,,1073741824.0,,,0.0009651914239233334,0.0009651914239233334,0.0,809.208128,
789,NFCORE_CHIPSEQ:CHIPSEQ:ALIGN_BWA_MEM:BAM_SORT_SAMTOOLS:BAM_STATS_SAMTOOLS:SAMTOOLS_IDXSTATS,1697331500000,1697331501000,2,102.4,,1073741824.0,,,0.0011598649834666666,0.0011598649834666666,0.0,809.208128,
799,NFCORE_CHIPSEQ:CHIPSEQ:ALIGN_BWA_MEM:BAM_SORT_SAMTOOLS:BAM_STATS_SAMTOOLS:SAMTOOLS_IDXSTATS,1697331512000,1697331513000,2,46.6,,1073741824.0,,,0.0005758443048366667,0.0005758443048366667,0.0,809.208128,
807,NFCORE_CHIPSEQ:CHIPSEQ:ALIGN_BWA_MEM:BAM_SORT_SAMTOOLS:BAM_STATS_SAMTOOLS:SAMTOOLS_FLAGSTAT,1697331510000,1697331516000,2,149.1,,1073741824.0,,,0.009891852878436665,0.009891852878436665,0.0,809.208128,
808,NFCORE_CHIPSEQ:CHIPSEQ:ALIGN_BWA_MEM:BAM_SORT_SAMTOOLS:BAM_STATS_SAMTOOLS:SAMTOOLS_IDXSTATS,1697331510000,1697331511000,2,32.9,,1073741824.0,,,0.0004324557152805556,0.0004324557152805556,0.0,809.208128,
441,NFCORE_CHIPSEQ:CHIPSEQ:ALIGN_BWA_MEM:BAM_SORT_SAMTOOLS:BAM_STATS_SAMTOOLS:SAMTOOLS_STATS,1697331464000,1697331511000,2,134.1,,1073741824.0,,,0.07010742499517057,0.07010742499517057,0.0,809.208128,
509,NFCORE_CHIPSEQ:CHIPSEQ:ALIGN_BWA_MEM:BAM_SORT_SAMTOOLS:BAM_STATS_SAMTOOLS:SAMTOOLS_STATS,1697331468000,1697331510000,2,133.9,,1073741824.0,,,0.06256127120214999,0.06256127120214999,0.0,809.208128,
542,NFCORE_CHIPSEQ:CHIPSEQ:ALIGN_BWA_MEM:BAM_SORT_SAMTOOLS:BAM_STATS_SAMTOOLS:SAMTOOLS_STATS,1697331474000,1697331517000,2,133.8,,1073741824.0,,,0.06400582010064779,0.06400582010064779,0.0,809.208128,
568,NFCORE_CHIPSEQ:CHIPSEQ:ALIGN_BWA_MEM:BAM_SORT_SAMTOOLS:BAM_STATS_SAMTOOLS:SAMTOOLS_STATS,1697331475000,1697331515000,2,134.3,,1073741824.0,,,0.059749624176155564,0.059749624176155564,0.0,809.208128,
575,NFCORE_CHIPSEQ:CHIPSEQ:ALIGN_BWA_MEM:BAM_SORT_SAMTOOLS:BAM_STATS_SAMTOOLS:SAMTOOLS_STATS,1697331475000,1697331516000,2,133.3,,1073741824.0,,,0.060814245643931675,0.060814245643931675,0.0,809.208128,
583,NFCORE_CHIPSEQ:CHIPSEQ:ALIGN_BWA_MEM:BAM_SORT_SAMTOOLS:BAM_STATS_SAMTOOLS:SAMTOOLS_FLAGSTAT,1697331500000,1697331511000,2,139.4,,1073741824.0,,,0.017018307223194445,0.017018307223194445,0.0,809.208128,
593,NFCORE_CHIPSEQ:CHIPSEQ:ALIGN_BWA_MEM:BAM_SORT_SAMTOOLS:BAM_STATS_SAMTOOLS:SAMTOOLS_STATS,1697331479000,1697331517000,2,135.1,,1073741824.0,,,0.057080319107676664,0.057080319107676664,0.0,809.208128,
613,NFCORE_CHIPSEQ:CHIPSEQ:ALIGN_BWA_MEM:BAM_SORT_SAMTOOLS:BAM_STATS_SAMTOOLS:SAMTOOLS_FLAGSTAT,1697331509000,1697331519000,2,146.3,,1073741824.0,,,0.016193364492705555,0.016193364492705555,0.0,809.208128,
624,NFCORE_CHIPSEQ:CHIPSEQ:ALIGN_BWA_MEM:BAM_SORT_SAMTOOLS:BAM_STATS_SAMTOOLS:SAMTOOLS_FLAGSTAT,1697331503000,1697331512000,2,146.5,,1073741824.0,,,0.014592867420165,0.014592867420165,0.0,809.208128,
639,NFCORE_CHIPSEQ:CHIPSEQ:ALIGN_BWA_MEM:BAM_SORT_SAMTOOLS:BAM_STATS_SAMTOOLS:SAMTOOLS_IDXSTATS,1697331514000,1697331515000,2,61.5,,1073741824.0,,,0.0007317924788794444,0.0007317924788794444,0.0,809.208128,
644,NFCORE_CHIPSEQ:CHIPSEQ:ALIGN_BWA_MEM:BAM_SORT_SAMTOOLS:BAM_STATS_SAMTOOLS:SAMTOOLS_IDXSTATS,1697331512000,1697331512000,2,125.0,,1073741824.0,,,0.0,0.0,0.0,809.208128,
680,NFCORE_CHIPSEQ:CHIPSEQ:ALIGN_BWA_MEM:BAM_SORT_SAMTOOLS:BAM_STATS_SAMTOOLS:SAMTOOLS_FLAGSTAT,1697331508000,1697331516000,2,146.7,,1073741824.0,,,0.01298818381946222,0.01298818381946222,0.0,809.208128,
685,NFCORE_CHIPSEQ:CHIPSEQ:ALIGN_BWA_MEM:BAM_SORT_SAMTOOLS:BAM_STATS_SAMTOOLS:SAMTOOLS_FLAGSTAT,1697331505000,1697331513000,2,149.3,,1073741824.0,,,0.01320588328389778,0.01320588328389778,0.0,809.208128,
688,NFCORE_CHIPSEQ:CHIPSEQ:ALIGN_BWA_MEM:BAM_SORT_SAMTOOLS:BAM_STATS_SAMTOOLS:SAMTOOLS_FLAGSTAT,1697331509000,1697331517000,2,152.6,,1073741824.0,,,0.013482194142604445,0.013482194142604445,0.0,809.208128,
694,NFCORE_CHIPSEQ:CHIPSEQ:ALIGN_BWA_MEM:BAM_SORT_SAMTOOLS:BAM_STATS_SAMTOOLS:SAMTOOLS_IDXSTATS,1697331515000,1697331516000,2,79.2,,1073741824.0,,,0.0009170463500577778,0.0009170463500577778,0.0,809.208128,
697,NFCORE_CHIPSEQ:CHIPSEQ:ALIGN_BWA_MEM:BAM_SORT_SAMTOOLS:BAM_STATS_SAMTOOLS:SAMTOOLS_IDXSTATS,1697331519000,1697331519000,2,83.1,,1073741824.0,,,0.0,0.0,0.0,809.208128,
706,NFCORE_CHIPSEQ:CHIPSEQ:ALIGN_BWA_MEM:BAM_SORT_SAMTOOLS:BAM_STATS_SAMTOOLS:SAMTOOLS_IDXSTATS,1697331517000,1697331518000,2,67.1,,1073741824.0,,,0.0007904038731505555,0.0007904038731505555,0.0,809.208128,
710,NFCORE_CHIPSEQ:CHIPSEQ:ALIGN_BWA_MEM:BAM_SORT_SAMTOOLS:BAM_STATS_SAMTOOLS:SAMTOOLS_IDXSTATS,1697331515000,1697331515000,2,78.5,,1073741824.0,,,0.0,0.0,0.0,809.208128,
709,NFCORE_CHIPSEQ:CHIPSEQ:ALIGN_BWA_MEM:BAM_SORT_SAMTOOLS:BAM_STATS_SAMTOOLS:SAMTOOLS_FLAGSTAT,1697331512000,1697331521000,2,148.7,,1073741824.0,,,0.014800100564195002,0.014800100564195002,0.0,809.208128,
714,NFCORE_CHIPSEQ:CHIPSEQ:ALIGN_BWA_MEM:BAM_SORT_SAMTOOLS:BAM_STATS_SAMTOOLS:SAMTOOLS_IDXSTATS,1697331515000,1697331515000,2,114.3,,1073741824.0,,,0.0,0.0,0.0,809.208128,
712,NFCORE_CHIPSEQ:CHIPSEQ:ALIGN_BWA_MEM:BAM_SORT_SAMTOOLS:BAM_STATS_SAMTOOLS:SAMTOOLS_FLAGSTAT,1697331514000,1697331521000,2,151.9,,1073741824.0,,,0.011745634904791667,0.011745634904791667,0.0,809.208128,
746,NFCORE_CHIPSEQ:CHIPSEQ:ALIGN_BWA_MEM:BAM_SORT_SAMTOOLS:BAM_STATS_SAMTOOLS:SAMTOOLS_FLAGSTAT,1697331510000,1697331516000,2,156.9,,1073741824.0,,,0.010381676673416666,0.010381676673416666,0.0,809.208128,
752,NFCORE_CHIPSEQ:CHIPSEQ:ALIGN_BWA_MEM:BAM_SORT_SAMTOOLS:BAM_STATS_SAMTOOLS:SAMTOOLS_STATS,1697331487000,1697331517000,2,133.1,,1073741824.0,,,0.04443543059751666,0.04443543059751666,0.0,809.208128,
755,NFCORE_CHIPSEQ:CHIPSEQ:ALIGN_BWA_MEM:BAM_SORT_SAMTOOLS:BAM_STATS_SAMTOOLS:SAMTOOLS_FLAGSTAT,1697331511000,1697331516000,2,154.9,,1073741824.0,,,0.008546734023791669,0.008546734023791669,0.0,809.208128,
763,NFCORE_CHIPSEQ:CHIPSEQ:ALIGN_BWA_MEM:BAM_SORT_SAMTOOLS:BAM_STATS_SAMTOOLS:SAMTOOLS_FLAGSTAT,1697331506000,1697331516000,2,145.3,,1073741824.0,,,0.01608870128865,0.01608870128865,0.0,809.208128,
792,NFCORE_CHIPSEQ:CHIPSEQ:ALIGN_BWA_MEM:BAM_SORT_SAMTOOLS:BAM_STATS_SAMTOOLS:SAMTOOLS_IDXSTATS,1697331514000,1697331515000,2,55.2,,1073741824.0,,,0.0006658546603244445,0.0006658546603244445,0.0,809.208128,
797,NFCORE_CHIPSEQ:CHIPSEQ:ALIGN_BWA_MEM:BAM_SORT_SAMTOOLS:BAM_STATS_SAMTOOLS:SAMTOOLS_IDXSTATS,1697331517000,1697331517000,2,66.0,,1073741824.0,,,0.0,0.0,0.0,809.208128,
800,NFCORE_CHIPSEQ:CHIPSEQ:ALIGN_BWA_MEM:BAM_SORT_SAMTOOLS:BAM_STATS_SAMTOOLS:SAMTOOLS_FLAGSTAT,1697331511000,1697331521000,2,149.3,,1073741824.0,,,0.016507354104872227,0.016507354104872227,0.0,809.208128,
806,NFCORE_CHIPSEQ:CHIPSEQ:ALIGN_BWA_MEM:BAM_SORT_SAMTOOLS:BAM_STATS_SAMTOOLS:SAMTOOLS_IDXSTATS,1697331519000,1697331520000,2,58.4,,1073741824.0,,,0.0006993468856222221,0.0006993468856222221,0.0,809.208128,
437,NFCORE_CHIPSEQ:CHIPSEQ:ALIGN_BWA_MEM:BAM_SORT_SAMTOOLS:BAM_STATS_SAMTOOLS:SAMTOOLS_STATS,1697331473000,1697331524000,2,130.9,,1073741824.0,,,0.074365910866275,0.074365910866275,0.0,809.208128,
451,NFCORE_CHIPSEQ:CHIPSEQ:ALIGN_BWA_MEM:BAM_SORT_SAMTOOLS:BAM_STATS_SAMTOOLS:SAMTOOLS_STATS,1697331474000,1697331524000,2,130.8,,1073741824.0,,,0.07285542414922223,0.07285542414922223,0.0,809.208128,
477,NFCORE_CHIPSEQ:CHIPSEQ:ALIGN_BWA_MEM:BAM_SORT_SAMTOOLS:BAM_STATS_SAMTOOLS:SAMTOOLS_STATS,1697331475000,1697331523000,2,130.1,,1073741824.0,,,0.06958953881762667,0.06958953881762667,0.0,809.208128,
502,NFCORE_CHIPSEQ:CHIPSEQ:ALIGN_BWA_MEM:BAM_SORT_SAMTOOLS:BAM_STATS_SAMTOOLS:SAMTOOLS_STATS,1697331476000,1697331523000,2,131.3,,1073741824.0,,,0.06873005722979947,0.06873005722979947,0.0,809.208128,
522,NFCORE_CHIPSEQ:CHIPSEQ:ALIGN_BWA_MEM:BAM_SORT_SAMTOOLS:BAM_STATS_SAMTOOLS:SAMTOOLS_STATS,1697331478000,1697331519000,2,135.4,,1073741824.0,,,0.061715395830850006,0.061715395830850006,0.0,809.208128,
553,NFCORE_CHIPSEQ:CHIPSEQ:ALIGN_BWA_MEM:BAM_SORT_SAMTOOLS:BAM_STATS_SAMTOOLS:SAMTOOLS_STATS,1697331478000,1697331519000,2,133.0,,1073741824.0,,,0.06068550990294332,0.06068550990294332,0.0,809.208128,
570,NFCORE_CHIPSEQ:CHIPSEQ:ALIGN_BWA_MEM:BAM_SORT_SAMTOOLS:BAM_STATS_SAMTOOLS:SAMTOOLS_STATS,1697331478000,1697331519000,2,134.1,,1073741824.0,,,0.0611575409532339,0.0611575409532339,0.0,809.208128,
586,NFCORE_CHIPSEQ:CHIPSEQ:ALIGN_BWA_MEM:BAM_SORT_SAMTOOLS:BAM_STATS_SAMTOOLS:SAMTOOLS_STATS,1697331487000,1697331526000,2,134.3,,1073741824.0,,,0.058255883571751675,0.058255883571751675,0.0,809.208128,
590,NFCORE_CHIPSEQ:CHIPSEQ:ALIGN_BWA_MEM:BAM_SORT_SAMTOOLS:BAM_STATS_SAMTOOLS:SAMTOOLS_STATS,1697331483000,1697331523000,2,134.2,,1073741824.0,,,0.05970775889453333,0.05970775889453333,0.0,809.208128,
602,NFCORE_CHIPSEQ:CHIPSEQ:ALIGN_BWA_MEM:BAM_SORT_SAMTOOLS:BAM_STATS_SAMTOOLS:SAMTOOLS_STATS,1697331487000,1697331526000,2,134.9,,1073741824.0,,,0.05850079546924167,0.05850079546924167,0.0,809.208128,
619,NFCORE_CHIPSEQ:CHIPSEQ:ALIGN_BWA_MEM:BAM_SORT_SAMTOOLS:BAM_STATS_SAMTOOLS:SAMTOOLS_STATS,1697331485000,1697331523000,2,133.6,,1073741824.0,,,0.056483738844560004,0.056483738844560004,0.0,809.208128,
645,NFCORE_CHIPSEQ:CHIPSEQ:ALIGN_BWA_MEM:BAM_SORT_SAMTOOLS:BAM_STATS_SAMTOOLS:SAMTOOLS_FLAGSTAT,1697331512000,1697331520000,2,155.5,,1073741824.0,,,0.013725012776013333,0.013725012776013333,0.0,809.208128,
692,NFCORE_CHIPSEQ:CHIPSEQ:ALIGN_BWA_MEM:BAM_SORT_SAMTOOLS:BAM_STATS_SAMTOOLS:SAMTOOLS_FLAGSTAT,1697331516000,1697331523000,2,144.4,,1073741824.0,,,0.0111961530835,0.0111961530835,0.0,809.208128,
695,NFCORE_CHIPSEQ:CHIPSEQ:ALIGN_BWA_MEM:BAM_SORT_SAMTOOLS:BAM_STATS_SAMTOOLS:SAMTOOLS_FLAGSTAT,1697331517000,1697331524000,2,158.3,,1073741824.0,,,0.012214526058960557,0.012214526058960557,0.0,809.208128,
708,NFCORE_CHIPSEQ:CHIPSEQ:ALIGN_BWA_MEM:BAM_SORT_SAMTOOLS:BAM_STATS_SAMTOOLS:SAMTOOLS_FLAGSTAT,1697331515000,1697331523000,2,154.3,,1073741824.0,,,0.013624536100120002,0.013624536100120002,0.0,809.208128,
741,NFCORE_CHIPSEQ:CHIPSEQ:ALIGN_BWA_MEM:BAM_SORT_SAMTOOLS:BAM_STATS_SAMTOOLS:SAMTOOLS_IDXSTATS,1697331525000,1697331525000,2,113.5,,1073741824.0,,,0.0,0.0,0.0,809.208128,
750,NFCORE_CHIPSEQ:CHIPSEQ:ALIGN_BWA_MEM:BAM_SORT_SAMTOOLS:BAM_STATS_SAMTOOLS:SAMTOOLS_STATS,1697331503000,1697331526000,2,135.5,,1073741824.0,,,0.03464490434448278,0.03464490434448278,0.0,809.208128,
790,NFCORE_CHIPSEQ:CHIPSEQ:ALIGN_BWA_MEM:BAM_SORT_SAMTOOLS:BAM_STATS_SAMTOOLS:SAMTOOLS_STATS,1697331500000,1697331526000,2,137.8,,1073741824.0,,,0.039789690871406665,0.039789690871406665,0.0,809.208128,
793,NFCORE_CHIPSEQ:CHIPSEQ:ALIGN_BWA_MEM:BAM_SORT_SAMTOOLS:BAM_STATS_SAMTOOLS:SAMTOOLS_FLAGSTAT,1697331514000,1697331524000,2,147.0,,1073741824.0,,,0.016266628735544447,0.016266628735544447,0.0,809.208128,
625,NFCORE_CHIPSEQ:CHIPSEQ:ALIGN_BWA_MEM:BAM_SORT_SAMTOOLS:BAM_STATS_SAMTOOLS:SAMTOOLS_STATS,1697331491000,1697331526000,2,135.6,,1073741824.0,,,0.05275713873258889,0.05275713873258889,0.0,809.208128,
651,NFCORE_CHIPSEQ:CHIPSEQ:ALIGN_BWA_MEM:BAM_SORT_SAMTOOLS:BAM_STATS_SAMTOOLS:SAMTOOLS_STATS,1697331493000,1697331529000,2,134.7,,1073741824.0,,,0.05392537677238,0.05392537677238,0.0,809.208128,
667,NFCORE_CHIPSEQ:CHIPSEQ:ALIGN_BWA_MEM:BAM_SORT_SAMTOOLS:BAM_STATS_SAMTOOLS:SAMTOOLS_IDXSTATS,1697331528000,1697331528000,2,53.9,,1073741824.0,,,0.0,0.0,0.0,809.208128,
721,NFCORE_CHIPSEQ:CHIPSEQ:ALIGN_BWA_MEM:BAM_SORT_SAMTOOLS:BAM_STATS_SAMTOOLS:SAMTOOLS_STATS,1697331483000,1697331530000,2,136.0,,1073741824.0,,,0.07104206740738667,0.07104206740738667,0.0,809.208128,
796,NFCORE_CHIPSEQ:CHIPSEQ:ALIGN_BWA_MEM:BAM_SORT_SAMTOOLS:BAM_STATS_SAMTOOLS:SAMTOOLS_FLAGSTAT,1697331517000,1697331527000,2,148.4,,1073741824.0,,,0.016413157221222222,0.016413157221222222,0.0,809.208128,
802,NFCORE_CHIPSEQ:CHIPSEQ:ALIGN_BWA_MEM:BAM_SORT_SAMTOOLS:BAM_STATS_SAMTOOLS:SAMTOOLS_IDXSTATS,1697331530000,1697331531000,2,54.9,,1073741824.0,,,0.0006627147642027778,0.0006627147642027778,0.0,809.208128,
805,NFCORE_CHIPSEQ:CHIPSEQ:ALIGN_BWA_MEM:BAM_SORT_SAMTOOLS:BAM_STATS_SAMTOOLS:SAMTOOLS_FLAGSTAT,1697331520000,1697331530000,2,149.4,,1073741824.0,,,0.016517820425277777,0.016517820425277777,0.0,809.208128,
528,NFCORE_CHIPSEQ:CHIPSEQ:ALIGN_BWA_MEM:BAM_SORT_SAMTOOLS:BAM_STATS_SAMTOOLS:SAMTOOLS_STATS,1697331491000,1697331533000,2,130.5,,1073741824.0,,,0.061066680648236664,0.061066680648236664,0.0,809.208128,
544,NFCORE_CHIPSEQ:CHIPSEQ:ALIGN_BWA_MEM:BAM_SORT_SAMTOOLS:BAM_STATS_SAMTOOLS:SAMTOOLS_STATS,1697331490000,1697331533000,2,130.5,,1073741824.0,,,0.06252064923509945,0.06252064923509945,0.0,809.208128,
584,NFCORE_CHIPSEQ:CHIPSEQ:ALIGN_BWA_MEM:BAM_SORT_SAMTOOLS:BAM_STATS_SAMTOOLS:SAMTOOLS_STATS,1697331493000,1697331535000,2,131.2,,1073741824.0,,,0.061374390468160005,0.061374390468160005,0.0,809.208128,
623,NFCORE_CHIPSEQ:CHIPSEQ:ALIGN_BWA_MEM:BAM_SORT_SAMTOOLS:BAM_STATS_SAMTOOLS:SAMTOOLS_STATS,1697331499000,1697331534000,2,136.3,,1073741824.0,,,0.05301356358252501,0.05301356358252501,0.0,809.208128,
629,NFCORE_CHIPSEQ:CHIPSEQ:ALIGN_BWA_MEM:BAM_SORT_SAMTOOLS:BAM_STATS_SAMTOOLS:SAMTOOLS_STATS,1697331496000,1697331532000,2,136.3,,1073741824.0,,,0.05452823682774,0.05452823682774,0.0,809.208128,
638,NFCORE_CHIPSEQ:CHIPSEQ:ALIGN_BWA_MEM:BAM_SORT_SAMTOOLS:BAM_STATS_SAMTOOLS:SAMTOOLS_FLAGSTAT,1697331521000,1697331530000,2,146.7,,1073741824.0,,,0.014611706796894998,0.014611706796894998,0.0,809.208128,
642,NFCORE_CHIPSEQ:CHIPSEQ:ALIGN_BWA_MEM:BAM_SORT_SAMTOOLS:BAM_STATS_SAMTOOLS:SAMTOOLS_STATS,1697331499000,1697331535000,2,135.7,,1073741824.0,,,0.05430216430698,0.05430216430698,0.0,809.208128,
668,NFCORE_CHIPSEQ:CHIPSEQ:ALIGN_BWA_MEM:BAM_SORT_SAMTOOLS:BAM_STATS_SAMTOOLS:SAMTOOLS_FLAGSTAT,1697331526000,1697331535000,2,144.9,,1073741824.0,,,0.014442152406325003,0.014442152406325003,0.0,809.208128,
672,NFCORE_CHIPSEQ:CHIPSEQ:ALIGN_BWA_MEM:BAM_SORT_SAMTOOLS:BAM_STATS_SAMTOOLS:SAMTOOLS_IDXSTATS,1697331528000,1697331528000,2,82.9,,1073741824.0,,,0.0,0.0,0.0,809.208128,
681,NFCORE_CHIPSEQ:CHIPSEQ:ALIGN_BWA_MEM:BAM_SORT_SAMTOOLS:BAM_STATS_SAMTOOLS:SAMTOOLS_STATS,1697331499000,1697331531000,2,134.9,,1073741824.0,,,0.048000652692711115,0.048000652692711115,0.0,809.208128,
739,NFCORE_CHIPSEQ:CHIPSEQ:ALIGN_BWA_MEM:BAM_SORT_SAMTOOLS:BAM_STATS_SAMTOOLS:SAMTOOLS_FLAGSTAT,1697331525000,1697331532000,2,154.9,,1073741824.0,,,0.011965427633308334,0.011965427633308334,0.0,809.208128,
747,NFCORE_CHIPSEQ:CHIPSEQ:ALIGN_BWA_MEM:BAM_SORT_SAMTOOLS:BAM_STATS_SAMTOOLS:SAMTOOLS_STATS,1697331509000,1697331534000,2,137.1,,1073741824.0,,,0.038076157538486116,0.038076157538486116,0.0,809.208128,
754,NFCORE_CHIPSEQ:CHIPSEQ:ALIGN_BWA_MEM:BAM_SORT_SAMTOOLS:BAM_STATS_SAMTOOLS:SAMTOOLS_STATS,1697331510000,1697331534000,2,128.5,,1073741824.0,,,0.03439286270524,0.03439286270524,0.0,809.208128,
770,NFCORE_CHIPSEQ:CHIPSEQ:ALIGN_BWA_MEM:BAM_SORT_SAMTOOLS:BAM_STATS_SAMTOOLS:SAMTOOLS_IDXSTATS,1697331533000,1697331534000,2,51.2,,1073741824.0,,,0.0006239893787022222,0.0006239893787022222,0.0,809.208128,
774,NFCORE_CHIPSEQ:CHIPSEQ:ALIGN_BWA_MEM:BAM_SORT_SAMTOOLS:BAM_STATS_SAMTOOLS:SAMTOOLS_IDXSTATS,1697331537000,1697331537000,2,92.0,,1073741824.0,,,0.0,0.0,0.0,809.208128,
801,NFCORE_CHIPSEQ:CHIPSEQ:ALIGN_BWA_MEM:BAM_SORT_SAMTOOLS:BAM_STATS_SAMTOOLS:SAMTOOLS_FLAGSTAT,1697331524000,1697331534000,2,149.3,,1073741824.0,,,0.016507354104872227,0.016507354104872227,0.0,809.208128,
809,NFCORE_CHIPSEQ:CHIPSEQ:ALIGN_BWA_MEM:BAM_SORT_SAMTOOLS:BAM_STATS_SAMTOOLS:SAMTOOLS_STATS,1697331510000,1697331537000,2,131.9,,1073741824.0,,,0.039652778756625,0.039652778756625,0.0,809.208128,
643,NFCORE_CHIPSEQ:CHIPSEQ:ALIGN_BWA_MEM:BAM_SORT_SAMTOOLS:BAM_STATS_SAMTOOLS:SAMTOOLS_STATS,1697331508000,1697331540000,2,138.6,,1073741824.0,,,0.04923986502872888,0.04923986502872888,0.0,809.208128,
677,NFCORE_CHIPSEQ:CHIPSEQ:ALIGN_BWA_MEM:BAM_SORT_SAMTOOLS:BAM_STATS_SAMTOOLS:SAMTOOLS_IDXSTATS,1697331537000,1697331538000,2,71.9,,1073741824.0,,,0.0008406422110972222,0.0008406422110972222,0.0,809.208128,
683,NFCORE_CHIPSEQ:CHIPSEQ:ALIGN_BWA_MEM:BAM_SORT_SAMTOOLS:BAM_STATS_SAMTOOLS:SAMTOOLS_STATS,1697331507000,1697331540000,2,137.3,,1073741824.0,,,0.05032960566547834,0.05032960566547834,0.0,809.208128,
705,NFCORE_CHIPSEQ:CHIPSEQ:ALIGN_BWA_MEM:BAM_SORT_SAMTOOLS:BAM_STATS_SAMTOOLS:SAMTOOLS_IDXSTATS,1697331536000,1697331536000,2,78.0,,1073741824.0,,,0.0,0.0,0.0,809.208128,
757,NFCORE_CHIPSEQ:CHIPSEQ:ALIGN_BWA_MEM:BAM_SORT_SAMTOOLS:BAM_STATS_SAMTOOLS:SAMTOOLS_IDXSTATS,1697331536000,1697331536000,2,104.9,,1073741824.0,,,0.0,0.0,0.0,809.208128,
810,NFCORE_CHIPSEQ:CHIPSEQ:ALIGN_BWA_MEM:BAM_SORT_SAMTOOLS:SAMTOOLS_SORT,1697331526000,1697331540000,6,523.7,,6374293504.0,,,0.08406022072752695,0.08406022072752695,0.0,809.208128,
614,NFCORE_CHIPSEQ:CHIPSEQ:ALIGN_BWA_MEM:BAM_SORT_SAMTOOLS:BAM_STATS_SAMTOOLS:SAMTOOLS_STATS,1697331503000,1697331543000,2,133.2,,1073741824.0,,,0.059289106078311116,0.059289106078311116,0.0,809.208128,
671,NFCORE_CHIPSEQ:CHIPSEQ:ALIGN_BWA_MEM:BAM_SORT_SAMTOOLS:BAM_STATS_SAMTOOLS:SAMTOOLS_FLAGSTAT,1697331531000,1697331540000,2,150.8,,1073741824.0,,,0.014997914019860002,0.014997914019860002,0.0,809.208128,
687,NFCORE_CHIPSEQ:CHIPSEQ:ALIGN_BWA_MEM:BAM_SORT_SAMTOOLS:BAM_STATS_SAMTOOLS:SAMTOOLS_STATS,1697331509000,1697331541000,2,137.2,,1073741824.0,,,0.048770973874559996,0.048770973874559996,0.0,809.208128,
703,NFCORE_CHIPSEQ:CHIPSEQ:ALIGN_BWA_MEM:BAM_SORT_SAMTOOLS:BAM_STATS_SAMTOOLS:SAMTOOLS_FLAGSTAT,1697331533000,1697331542000,2,159.8,,1073741824.0,,,0.015845685972709998,0.015845685972709998,0.0,809.208128,
711,NFCORE_CHIPSEQ:CHIPSEQ:ALIGN_BWA_MEM:BAM_SORT_SAMTOOLS:BAM_STATS_SAMTOOLS:SAMTOOLS_STATS,1697331514000,1697331544000,2,138.5,,1073741824.0,,,0.04613097450321667,0.04613097450321667,0.0,809.208128,
713,NFCORE_CHIPSEQ:CHIPSEQ:ALIGN_BWA_MEM:BAM_SORT_SAMTOOLS:BAM_STATS_SAMTOOLS:SAMTOOLS_STATS,1697331514000,1697331544000,2,138.2,,1073741824.0,,,0.04603677761956666,0.04603677761956666,0.0,809.208128,
724,NFCORE_CHIPSEQ:CHIPSEQ:ALIGN_BWA_MEM:BAM_SORT_SAMTOOLS:BAM_STATS_SAMTOOLS:SAMTOOLS_STATS,1697331497000,1697331545000,2,134.8,,1073741824.0,,,0.07195074070112,0.07195074070112,0.0,809.208128,
727,NFCORE_CHIPSEQ:CHIPSEQ:ALIGN_BWA_MEM:BAM_SORT_SAMTOOLS:BAM_STATS_SAMTOOLS:SAMTOOLS_STATS,1697331499000,1697331543000,2,135.0,,1073741824.0,,,0.06604694926226225,0.06604694926226225,0.0,809.208128,
730,NFCORE_CHIPSEQ:CHIPSEQ:ALIGN_BWA_MEM:BAM_SORT_SAMTOOLS:BAM_STATS_SAMTOOLS:SAMTOOLS_STATS,1697331498000,1697331542000,2,134.4,,1073741824.0,,,0.06577063840355557,0.06577063840355557,0.0,809.208128,
733,NFCORE_CHIPSEQ:CHIPSEQ:ALIGN_BWA_MEM:BAM_SORT_SAMTOOLS:BAM_STATS_SAMTOOLS:SAMTOOLS_STATS,1697331497000,1697331541000,2,135.7,,1073741824.0,,,0.06636931193075332,0.06636931193075332,0.0,809.208128,
738,NFCORE_CHIPSEQ:CHIPSEQ:ALIGN_BWA_MEM:BAM_SORT_SAMTOOLS:BAM_STATS_SAMTOOLS:SAMTOOLS_STATS,1697331502000,1697331544000,2,134.0,,1073741824.0,,,0.06260522974785333,0.06260522974785333,0.0,809.208128,
759,NFCORE_CHIPSEQ:CHIPSEQ:ALIGN_BWA_MEM:BAM_SORT_SAMTOOLS:BAM_STATS_SAMTOOLS:SAMTOOLS_FLAGSTAT,1697331536000,1697331542000,2,152.2,,1073741824.0,,,0.010086526437979998,0.010086526437979998,0.0,809.208128,
764,NFCORE_CHIPSEQ:CHIPSEQ:ALIGN_BWA_MEM:BAM_SORT_SAMTOOLS:BAM_STATS_SAMTOOLS:SAMTOOLS_STATS,1697331505000,1697331546000,2,134.0,,1073741824.0,,,0.06111462903957111,0.06111462903957111,0.0,809.208128,
769,NFCORE_CHIPSEQ:CHIPSEQ:ALIGN_BWA_MEM:BAM_SORT_SAMTOOLS:BAM_STATS_SAMTOOLS:SAMTOOLS_FLAGSTAT,1697331534000,1697331543000,2,149.6,,1073741824.0,,,0.01488487775948,0.01488487775948,0.0,809.208128,
771,NFCORE_CHIPSEQ:CHIPSEQ:ALIGN_BWA_MEM:BAM_SORT_SAMTOOLS:BAM_STATS_SAMTOOLS:SAMTOOLS_IDXSTATS,1697331546000,1697331547000,2,81.6,,1073741824.0,,,0.0009421655190311111,0.0009421655190311111,0.0,809.208128,
776,NFCORE_CHIPSEQ:CHIPSEQ:ALIGN_BWA_MEM:BAM_SORT_SAMTOOLS:BAM_STATS_SAMTOOLS:SAMTOOLS_FLAGSTAT,1697331537000,1697331544000,2,159.8,,1073741824.0,,,0.012324422423218889,0.012324422423218889,0.0,809.208128,
798,NFCORE_CHIPSEQ:CHIPSEQ:ALIGN_BWA_MEM:BAM_SORT_SAMTOOLS:BAM_STATS_SAMTOOLS:SAMTOOLS_STATS,1697331507000,1697331547000,2,134.7,,1073741824.0,,,0.059917085302644446,0.059917085302644446,0.0,809.208128,
812,NFCORE_CHIPSEQ:CHIPSEQ:ALIGN_BWA_MEM:BAM_SORT_SAMTOOLS:SAMTOOLS_INDEX,1697331543000,1697331549000,2,168.8,,1073741824.0,,,0.011128971950373335,0.011128971950373335,0.0,809.208128,
679,NFCORE_CHIPSEQ:CHIPSEQ:ALIGN_BWA_MEM:BAM_SORT_SAMTOOLS:BAM_STATS_SAMTOOLS:SAMTOOLS_FLAGSTAT,1697331538000,1697331546000,2,155.9,,1073741824.0,,,0.013758505001311113,0.013758505001311113,0.0,809.208128,
693,NFCORE_CHIPSEQ:CHIPSEQ:ALIGN_BWA_MEM:BAM_SORT_SAMTOOLS:BAM_STATS_SAMTOOLS:SAMTOOLS_STATS,1697331515000,1697331543000,2,129.4,,1073741824.0,,,0.04038875776366667,0.04038875776366667,0.0,809.208128,
696,NFCORE_CHIPSEQ:CHIPSEQ:ALIGN_BWA_MEM:BAM_SORT_SAMTOOLS:BAM_STATS_SAMTOOLS:SAMTOOLS_STATS,1697331519000,1697331546000,2,140.1,,1073741824.0,,,0.041970022094415,0.041970022094415,0.0,809.208128,
707,NFCORE_CHIPSEQ:CHIPSEQ:ALIGN_BWA_MEM:BAM_SORT_SAMTOOLS:BAM_STATS_SAMTOOLS:SAMTOOLS_STATS,1697331518000,1697331548000,2,138.7,,1073741824.0,,,0.046193772425649995,0.046193772425649995,0.0,809.208128,
766,NFCORE_CHIPSEQ:CHIPSEQ:ALIGN_BWA_MEM:BAM_SORT_SAMTOOLS:BAM_STATS_SAMTOOLS:SAMTOOLS_IDXSTATS,1697331544000,1697331545000,2,52.3,,1073741824.0,,,0.0006355023311483333,0.0006355023311483333,0.0,809.208128,
767,NFCORE_CHIPSEQ:CHIPSEQ:ALIGN_BWA_MEM:BAM_SORT_SAMTOOLS:BAM_STATS_SAMTOOLS:SAMTOOLS_FLAGSTAT,1697331537000,1697331546000,2,152.9,,1073741824.0,,,0.015195727475525,0.015195727475525,0.0,809.208128,
778,NFCORE_CHIPSEQ:CHIPSEQ:ALIGN_BWA_MEM:BAM_SORT_SAMTOOLS:BAM_STATS_SAMTOOLS:SAMTOOLS_IDXSTATS,1697331548000,1697331549000,2,69.6,,1073741824.0,,,0.0008165696741644444,0.0008165696741644444,0.0,809.208128,
783,NFCORE_CHIPSEQ:CHIPSEQ:ALIGN_BWA_MEM:BAM_SORT_SAMTOOLS:BAM_STATS_SAMTOOLS:SAMTOOLS_IDXSTATS,1697331549000,1697331551000,2,43.2,,1073741824.0,,,0.001080517630915556,0.001080517630915556,0.0,809.208128,
813,NFCORE_CHIPSEQ:CHIPSEQ:ALIGN_BWA_MEM:BAM_SORT_SAMTOOLS:BAM_STATS_SAMTOOLS:SAMTOOLS_IDXSTATS,1697331550000,1697331551000,2,83.8,,1073741824.0,,,0.0009651914239233334,0.0009651914239233334,0.0,809.208128,
637,NFCORE_CHIPSEQ:CHIPSEQ:ALIGN_BWA_MEM:BAM_SORT_SAMTOOLS:BAM_STATS_SAMTOOLS:SAMTOOLS_STATS,1697331517000,1697331555000,2,134.5,,1073741824.0,,,0.056841687002429996,0.056841687002429996,0.0,809.208128,
740,NFCORE_CHIPSEQ:CHIPSEQ:ALIGN_BWA_MEM:BAM_SORT_SAMTOOLS:BAM_STATS_SAMTOOLS:SAMTOOLS_STATS,1697331525000,1697331552000,2,135.1,,1073741824.0,,,0.040557068839665,0.040557068839665,0.0,809.208128,
773,NFCORE_CHIPSEQ:CHIPSEQ:ALIGN_BWA_MEM:BAM_SORT_SAMTOOLS:BAM_STATS_SAMTOOLS:SAMTOOLS_FLAGSTAT,1697331546000,1697331555000,2,150.6,,1073741824.0,,,0.014979074643129999,0.014979074643129999,0.0,809.208128,
782,NFCORE_CHIPSEQ:CHIPSEQ:ALIGN_BWA_MEM:BAM_SORT_SAMTOOLS:BAM_STATS_SAMTOOLS:SAMTOOLS_IDXSTATS,1697331554000,1697331555000,2,61.8,,1073741824.0,,,0.0007349323750011111,0.0007349323750011111,0.0,809.208128,
788,NFCORE_CHIPSEQ:CHIPSEQ:ALIGN_BWA_MEM:BAM_SORT_SAMTOOLS:BAM_STATS_SAMTOOLS:SAMTOOLS_IDXSTATS,1697331551000,1697331551000,2,51.8,,1073741824.0,,,0.0,0.0,0.0,809.208128,
794,NFCORE_CHIPSEQ:CHIPSEQ:ALIGN_BWA_MEM:BAM_SORT_SAMTOOLS:BAM_STATS_SAMTOOLS:SAMTOOLS_STATS,1697331513000,1697331554000,2,134.7,,1073741824.0,,,0.061415012435210546,0.061415012435210546,0.0,809.208128,
811,NFCORE_CHIPSEQ:CHIPSEQ:ALIGN_BWA_MEM:BAM_SORT_SAMTOOLS:SAMTOOLS_SORT,1697331542000,1697331554000,6,525.7,,6374293504.0,,,0.072302809456185,0.072302809456185,0.0,809.208128,
814,NFCORE_CHIPSEQ:CHIPSEQ:ALIGN_BWA_MEM:BAM_SORT_SAMTOOLS:BAM_STATS_SAMTOOLS:SAMTOOLS_FLAGSTAT,1697331550000,1697331556000,2,153.0,,1073741824.0,,,0.010136764775926666,0.010136764775926666,0.0,809.208128,
779,NFCORE_CHIPSEQ:CHIPSEQ:ALIGN_BWA_MEM:BAM_SORT_SAMTOOLS:BAM_STATS_SAMTOOLS:SAMTOOLS_FLAGSTAT,1697331547000,1697331556000,2,150.6,,1073741824.0,,,0.014979074643129999,0.014979074643129999,0.0,809.208128,
785,NFCORE_CHIPSEQ:CHIPSEQ:ALIGN_BWA_MEM:BAM_SORT_SAMTOOLS:BAM_STATS_SAMTOOLS:SAMTOOLS_FLAGSTAT,1697331549000,1697331556000,2,152.7,,1073741824.0,,,0.011804246299062775,0.011804246299062775,0.0,809.208128,
786,NFCORE_CHIPSEQ:CHIPSEQ:ALIGN_BWA_MEM:BAM_SORT_SAMTOOLS:BAM_STATS_SAMTOOLS:SAMTOOLS_FLAGSTAT,1697331552000,1697331561000,2,149.8,,1073741824.0,,,0.014903717136210002,0.014903717136210002,0.0,809.208128,
795,NFCORE_CHIPSEQ:CHIPSEQ:ALIGN_BWA_MEM:BAM_SORT_SAMTOOLS:BAM_STATS_SAMTOOLS:SAMTOOLS_STATS,1697331518000,1697331557000,2,135.5,,1073741824.0,,,0.058745707366731674,0.058745707366731674,0.0,809.208128,
669,NFCORE_CHIPSEQ:CHIPSEQ:ALIGN_BWA_MEM:BAM_SORT_SAMTOOLS:BAM_STATS_SAMTOOLS:SAMTOOLS_STATS,1697331527000,1697331561000,2,137.6,,1073741824.0,,,0.05196150169923555,0.05196150169923555,0.0,809.208128,
670,NFCORE_CHIPSEQ:CHIPSEQ:ALIGN_BWA_MEM:BAM_SORT_SAMTOOLS:BAM_STATS_SAMTOOLS:SAMTOOLS_STATS,1697331531000,1697331564000,2,137.6,,1073741824.0,,,0.05043322223749334,0.05043322223749334,0.0,809.208128,
775,NFCORE_CHIPSEQ:CHIPSEQ:ALIGN_BWA_MEM:BAM_SORT_SAMTOOLS:BAM_STATS_SAMTOOLS:SAMTOOLS_STATS,1697331537000,1697331564000,2,138.6,,1073741824.0,,,0.04154613611799,0.04154613611799,0.0,809.208128,
804,NFCORE_CHIPSEQ:CHIPSEQ:ALIGN_BWA_MEM:BAM_SORT_SAMTOOLS:BAM_STATS_SAMTOOLS:SAMTOOLS_STATS,1697331523000,1697331561000,2,135.2,,1073741824.0,,,0.057120091125217765,0.057120091125217765,0.0,809.208128,
816,NFCORE_CHIPSEQ:CHIPSEQ:ALIGN_BWA_MEM:BAM_SORT_SAMTOOLS:SAMTOOLS_INDEX,1697331558000,1697331563000,2,168.6,,1073741824.0,,,0.009263676971572222,0.009263676971572222,0.0,809.208128,
758,NFCORE_CHIPSEQ:CHIPSEQ:ALIGN_BWA_MEM:BAM_SORT_SAMTOOLS:BAM_STATS_SAMTOOLS:SAMTOOLS_STATS,1697331536000,1697331565000,2,134.3,,1073741824.0,,,0.043318477527712784,0.043318477527712784,0.0,809.208128,
768,NFCORE_CHIPSEQ:CHIPSEQ:ALIGN_BWA_MEM:BAM_SORT_SAMTOOLS:BAM_STATS_SAMTOOLS:SAMTOOLS_STATS,1697331533000,1697331568000,2,135.1,,1073741824.0,,,0.052573978125491666,0.052573978125491666,0.0,809.208128,
780,NFCORE_CHIPSEQ:CHIPSEQ:ALIGN_BWA_MEM:BAM_SORT_SAMTOOLS:BAM_STATS_SAMTOOLS:SAMTOOLS_FLAGSTAT,1697331558000,1697331565000,2,156.4,,1073741824.0,,,0.012075323997566667,0.012075323997566667,0.0,809.208128,
803,NFCORE_CHIPSEQ:CHIPSEQ:ALIGN_BWA_MEM:BAM_SORT_SAMTOOLS:BAM_STATS_SAMTOOLS:SAMTOOLS_STATS,1697331527000,1697331565000,2,134.8,,1073741824.0,,,0.056961003055053326,0.056961003055053326,0.0,809.208128,
820,NFCORE_CHIPSEQ:CHIPSEQ:ALIGN_BWA_MEM:BAM_SORT_SAMTOOLS:BAM_STATS_SAMTOOLS:SAMTOOLS_IDXSTATS,1697331567000,1697331568000,2,106.0,,1073741824.0,,,0.0011975437369266667,0.0011975437369266667,0.0,809.208128,
678,NFCORE_CHIPSEQ:CHIPSEQ:ALIGN_BWA_MEM:BAM_SORT_SAMTOOLS:BAM_STATS_SAMTOOLS:SAMTOOLS_STATS,1697331539000,1697331570000,2,140.5,,1073741824.0,,,0.048317585518468334,0.048317585518468334,0.0,809.208128,
704,NFCORE_CHIPSEQ:CHIPSEQ:ALIGN_BWA_MEM:BAM_SORT_SAMTOOLS:BAM_STATS_SAMTOOLS:SAMTOOLS_STATS,1697331536000,1697331570000,2,141.2,,1073741824.0,,,0.05324257931687555,0.05324257931687555,0.0,809.208128,
765,NFCORE_CHIPSEQ:CHIPSEQ:ALIGN_BWA_MEM:BAM_SORT_SAMTOOLS:BAM_STATS_SAMTOOLS:SAMTOOLS_STATS,1697331538000,1697331573000,2,137.5,,1073741824.0,,,0.05345314903955833,0.05345314903955833,0.0,809.208128,
815,NFCORE_CHIPSEQ:CHIPSEQ:ALIGN_BWA_MEM:BAM_SORT_SAMTOOLS:BAM_STATS_SAMTOOLS:SAMTOOLS_STATS,1697331551000,1697331574000,2,137.0,,1073741824.0,,,0.03500599239847444,0.03500599239847444,0.0,809.208128,
818,NFCORE_CHIPSEQ:CHIPSEQ:ALIGN_BWA_MEM:BAM_SORT_SAMTOOLS:BAM_STATS_SAMTOOLS:SAMTOOLS_FLAGSTAT,1697331567000,1697331573000,2,153.8,,1073741824.0,,,0.010187003113873334,0.010187003113873334,0.0,809.208128,
817,NFCORE_CHIPSEQ:CHIPSEQ:ALIGN_BWA_MEM:BAM_SORT_SAMTOOLS:SAMTOOLS_SORT,1697331566000,1697331578000,6,519.5,,6374293504.0,,,0.07152411521801166,0.07152411521801166,0.0,809.208128,
772,NFCORE_CHIPSEQ:CHIPSEQ:ALIGN_BWA_MEM:BAM_SORT_SAMTOOLS:BAM_STATS_SAMTOOLS:SAMTOOLS_STATS,1697331547000,1697331580000,2,138.7,,1073741824.0,,,0.05081314966821499,0.05081314966821499,0.0,809.208128,
777,NFCORE_CHIPSEQ:CHIPSEQ:ALIGN_BWA_MEM:BAM_SORT_SAMTOOLS:BAM_STATS_SAMTOOLS:SAMTOOLS_STATS,1697331548000,1697331580000,2,138.1,,1073741824.0,,,0.04907240390224,0.04907240390224,0.0,809.208128,
784,NFCORE_CHIPSEQ:CHIPSEQ:ALIGN_BWA_MEM:BAM_SORT_SAMTOOLS:BAM_STATS_SAMTOOLS:SAMTOOLS_STATS,1697331551000,1697331581000,2,138.9,,1073741824.0,,,0.04625657034808334,0.04625657034808334,0.0,809.208128,
787,NFCORE_CHIPSEQ:CHIPSEQ:ALIGN_BWA_MEM:BAM_SORT_SAMTOOLS:BAM_STATS_SAMTOOLS:SAMTOOLS_STATS,1697331553000,1697331583000,2,139.3,,1073741824.0,,,0.046382166192950006,0.046382166192950006,0.0,809.208128,
781,NFCORE_CHIPSEQ:CHIPSEQ:ALIGN_BWA_MEM:BAM_SORT_SAMTOOLS:BAM_STATS_SAMTOOLS:SAMTOOLS_STATS,1697331557000,1697331585000,2,139.8,,1073741824.0,,,0.04343655026576444,0.04343655026576444,0.0,809.208128,
821,NFCORE_CHIPSEQ:CHIPSEQ:ALIGN_BWA_MEM:BAM_SORT_SAMTOOLS:SAMTOOLS_SORT,1697331576000,1697331588000,6,518.2,,6374293504.0,,,0.071360840619685,0.071360840619685,0.0,809.208128,
822,NFCORE_CHIPSEQ:CHIPSEQ:ALIGN_BWA_MEM:BAM_SORT_SAMTOOLS:SAMTOOLS_INDEX,1697331581000,1697331586000,2,167.6,,1073741824.0,,,0.009211345369544443,0.009211345369544443,0.0,809.208128,
819,NFCORE_CHIPSEQ:CHIPSEQ:ALIGN_BWA_MEM:BAM_SORT_SAMTOOLS:BAM_STATS_SAMTOOLS:SAMTOOLS_STATS,1697331567000,1697331590000,2,138.8,,1073741824.0,,,0.03543929806326444,0.03543929806326444,0.0,809.208128,
826,NFCORE_CHIPSEQ:CHIPSEQ:ALIGN_BWA_MEM:BAM_SORT_SAMTOOLS:BAM_STATS_SAMTOOLS:SAMTOOLS_IDXSTATS,1697331591000,1697331593000,2,97.6,,1073741824.0,,,0.00221925329104,0.00221925329104,0.0,809.208128,
824,NFCORE_CHIPSEQ:CHIPSEQ:ALIGN_BWA_MEM:BAM_SORT_SAMTOOLS:SAMTOOLS_SORT,1697331586000,1697331598000,6,524.9,,6374293504.0,,,0.07220233278029167,0.07220233278029167,0.0,809.208128,
825,NFCORE_CHIPSEQ:CHIPSEQ:ALIGN_BWA_MEM:BAM_SORT_SAMTOOLS:SAMTOOLS_INDEX,1697331591000,1697331598000,2,164.3,,1073741824.0,,,0.012654111515993889,0.012654111515993889,0.0,809.208128,
828,NFCORE_CHIPSEQ:CHIPSEQ:ALIGN_BWA_MEM:BAM_SORT_SAMTOOLS:BAM_STATS_SAMTOOLS:SAMTOOLS_FLAGSTAT,1697331591000,1697331598000,2,153.1,,1073741824.0,,,0.011833551996198333,0.011833551996198333,0.0,809.208128,
823,NFCORE_CHIPSEQ:CHIPSEQ:ALIGN_BWA_MEM:BAM_SORT_SAMTOOLS:SAMTOOLS_SORT,1697331586000,1697331600000,6,523.1,,6374293504.0,,,0.08397230363612027,0.08397230363612027,0.0,809.208128,
827,NFCORE_CHIPSEQ:CHIPSEQ:ALIGN_BWA_MEM:BAM_SORT_SAMTOOLS:BAM_STATS_SAMTOOLS:SAMTOOLS_STATS,1697331591000,1697331600000,2,138.9,,1073741824.0,,,0.013876971104425,0.013876971104425,0.0,809.208128,
830,NFCORE_CHIPSEQ:CHIPSEQ:ALIGN_BWA_MEM:BAM_SORT_SAMTOOLS:BAM_STATS_SAMTOOLS:SAMTOOLS_IDXSTATS,1697331601000,1697331601000,2,114.3,,1073741824.0,,,0.0,0.0,0.0,0.0,
829,NFCORE_CHIPSEQ:CHIPSEQ:ALIGN_BWA_MEM:BAM_SORT_SAMTOOLS:SAMTOOLS_INDEX,1697331601000,1697331606000,2,171.0,,1073741824.0,,,0.0,0.0,0.0,0.0,
832,NFCORE_CHIPSEQ:CHIPSEQ:ALIGN_BWA_MEM:BAM_SORT_SAMTOOLS:BAM_STATS_SAMTOOLS:SAMTOOLS_FLAGSTAT,1697331601000,1697331606000,2,159.8,,1073741824.0,,,0.0,0.0,0.0,0.0,
833,NFCORE_CHIPSEQ:CHIPSEQ:ALIGN_BWA_MEM:BAM_SORT_SAMTOOLS:SAMTOOLS_INDEX,1697331606000,1697331611000,2,166.9,,1073741824.0,,,0.0,0.0,0.0,0.0,
834,NFCORE_CHIPSEQ:CHIPSEQ:ALIGN_BWA_MEM:BAM_SORT_SAMTOOLS:BAM_STATS_SAMTOOLS:SAMTOOLS_IDXSTATS,1697331611000,1697331611000,2,109.7,,1073741824.0,,,0.0,0.0,0.0,0.0,
836,NFCORE_CHIPSEQ:CHIPSEQ:ALIGN_BWA_MEM:BAM_SORT_SAMTOOLS:BAM_STATS_SAMTOOLS:SAMTOOLS_FLAGSTAT,1697331611000,1697331616000,2,153.4,,1073741824.0,,,0.0,0.0,0.0,0.0,
839,NFCORE_CHIPSEQ:CHIPSEQ:ALIGN_BWA_MEM:BAM_SORT_SAMTOOLS:BAM_STATS_SAMTOOLS:SAMTOOLS_IDXSTATS,1697331616000,1697331618000,2,82.6,,1073741824.0,,,0.0,0.0,0.0,0.0,
838,NFCORE_CHIPSEQ:CHIPSEQ:ALIGN_BWA_MEM:BAM_SORT_SAMTOOLS:BAM_STATS_SAMTOOLS:SAMTOOLS_FLAGSTAT,1697331616000,1697331623000,2,157.0,,1073741824.0,,,0.0,0.0,0.0,0.0,
831,NFCORE_CHIPSEQ:CHIPSEQ:ALIGN_BWA_MEM:BAM_SORT_SAMTOOLS:BAM_STATS_SAMTOOLS:SAMTOOLS_STATS,1697331601000,1697331625000,2,138.8,,1073741824.0,,,0.0,0.0,0.0,0.0,
835,NFCORE_CHIPSEQ:CHIPSEQ:ALIGN_BWA_MEM:BAM_SORT_SAMTOOLS:BAM_STATS_SAMTOOLS:SAMTOOLS_STATS,1697331611000,1697331633000,2,137.6,,1073741824.0,,,0.0,0.0,0.0,0.0,
837,NFCORE_CHIPSEQ:CHIPSEQ:ALIGN_BWA_MEM:BAM_SORT_SAMTOOLS:SAMTOOLS_SORT,1697331616000,1697331630000,6,520.4,,6374293504.0,,,0.0,0.0,0.0,0.0,
852,NFCORE_CHIPSEQ:CHIPSEQ:PICARD_MERGESAMFILES,1697331636000,1697331640000,3,174.5,,1073741824.0,,,0.0,0.0,0.0,0.0,
851,NFCORE_CHIPSEQ:CHIPSEQ:PICARD_MERGESAMFILES,1697331637000,1697331640000,3,166.5,,1073741824.0,,,0.0,0.0,0.0,0.0,
853,NFCORE_CHIPSEQ:CHIPSEQ:PICARD_MERGESAMFILES,1697331637000,1697331641000,3,158.8,,1073741824.0,,,0.0,0.0,0.0,0.0,
861,NFCORE_CHIPSEQ:CHIPSEQ:PICARD_MERGESAMFILES,1697331637000,1697331640000,3,180.1,,1073741824.0,,,0.0,0.0,0.0,0.0,
867,NFCORE_CHIPSEQ:CHIPSEQ:PICARD_MERGESAMFILES,1697331637000,1697331640000,3,181.6,,1073741824.0,,,0.0,0.0,0.0,0.0,
873,NFCORE_CHIPSEQ:CHIPSEQ:PICARD_MERGESAMFILES,1697331637000,1697331641000,3,164.3,,1073741824.0,,,0.0,0.0,0.0,0.0,
864,NFCORE_CHIPSEQ:CHIPSEQ:PICARD_MERGESAMFILES,1697331637000,1697331640000,3,163.8,,1073741824.0,,,0.0,0.0,0.0,0.0,
866,NFCORE_CHIPSEQ:CHIPSEQ:PICARD_MERGESAMFILES,1697331637000,1697331640000,3,179.2,,1073741824.0,,,0.0,0.0,0.0,0.0,
847,NFCORE_CHIPSEQ:CHIPSEQ:PICARD_MERGESAMFILES,1697331637000,1697331641000,3,151.8,,1073741824.0,,,0.0,0.0,0.0,0.0,
870,NFCORE_CHIPSEQ:CHIPSEQ:PICARD_MERGESAMFILES,1697331637000,1697331641000,3,183.5,,1073741824.0,,,0.0,0.0,0.0,0.0,
848,NFCORE_CHIPSEQ:CHIPSEQ:PICARD_MERGESAMFILES,1697331637000,1697331640000,3,172.9,,1073741824.0,,,0.0,0.0,0.0,0.0,
860,NFCORE_CHIPSEQ:CHIPSEQ:PICARD_MERGESAMFILES,1697331637000,1697331641000,3,169.7,,1073741824.0,,,0.0,0.0,0.0,0.0,
868,NFCORE_CHIPSEQ:CHIPSEQ:PICARD_MERGESAMFILES,1697331637000,1697331640000,3,197.4,,1073741824.0,,,0.0,0.0,0.0,0.0,
846,NFCORE_CHIPSEQ:CHIPSEQ:PICARD_MERGESAMFILES,1697331637000,1697331641000,3,177.5,,1073741824.0,,,0.0,0.0,0.0,0.0,
865,NFCORE_CHIPSEQ:CHIPSEQ:PICARD_MERGESAMFILES,1697331637000,1697331640000,3,195.3,,1073741824.0,,,0.0,0.0,0.0,0.0,
858,NFCORE_CHIPSEQ:CHIPSEQ:PICARD_MERGESAMFILES,1697331637000,1697331640000,3,160.7,,1073741824.0,,,0.0,0.0,0.0,0.0,
857,NFCORE_CHIPSEQ:CHIPSEQ:PICARD_MERGESAMFILES,1697331637000,1697331641000,3,192.7,,1073741824.0,,,0.0,0.0,0.0,0.0,
874,NFCORE_CHIPSEQ:CHIPSEQ:PICARD_MERGESAMFILES,1697331637000,1697331641000,3,165.1,,1073741824.0,,,0.0,0.0,0.0,0.0,
875,NFCORE_CHIPSEQ:CHIPSEQ:PICARD_MERGESAMFILES,1697331637000,1697331641000,3,162.3,,1073741824.0,,,0.0,0.0,0.0,0.0,
876,NFCORE_CHIPSEQ:CHIPSEQ:PICARD_MERGESAMFILES,1697331637000,1697331641000,3,177.8,,1073741824.0,,,0.0,0.0,0.0,0.0,
877,NFCORE_CHIPSEQ:CHIPSEQ:PICARD_MERGESAMFILES,1697331637000,1697331641000,3,169.7,,1073741824.0,,,0.0,0.0,0.0,0.0,
878,NFCORE_CHIPSEQ:CHIPSEQ:PICARD_MERGESAMFILES,1697331637000,1697331641000,3,186.7,,1073741824.0,,,0.0,0.0,0.0,0.0,
880,NFCORE_CHIPSEQ:CHIPSEQ:PICARD_MERGESAMFILES,1697331637000,1697331641000,3,204.0,,1073741824.0,,,0.0,0.0,0.0,0.0,
881,NFCORE_CHIPSEQ:CHIPSEQ:PICARD_MERGESAMFILES,1697331637000,1697331642000,3,175.3,,1073741824.0,,,0.0,0.0,0.0,0.0,
882,NFCORE_CHIPSEQ:CHIPSEQ:PICARD_MERGESAMFILES,1697331637000,1697331641000,3,160.0,,1073741824.0,,,0.0,0.0,0.0,0.0,
883,NFCORE_CHIPSEQ:CHIPSEQ:PICARD_MERGESAMFILES,1697331637000,1697331641000,3,167.9,,1073741824.0,,,0.0,0.0,0.0,0.0,
884,NFCORE_CHIPSEQ:CHIPSEQ:PICARD_MERGESAMFILES,1697331637000,1697331642000,3,170.6,,1073741824.0,,,0.0,0.0,0.0,0.0,
885,NFCORE_CHIPSEQ:CHIPSEQ:PICARD_MERGESAMFILES,1697331637000,1697331642000,3,172.4,,1073741824.0,,,0.0,0.0,0.0,0.0,
886,NFCORE_CHIPSEQ:CHIPSEQ:PICARD_MERGESAMFILES,1697331638000,1697331641000,3,214.4,,1073741824.0,,,0.0,0.0,0.0,0.0,
887,NFCORE_CHIPSEQ:CHIPSEQ:PICARD_MERGESAMFILES,1697331638000,1697331641000,3,208.8,,1073741824.0,,,0.0,0.0,0.0,0.0,
888,NFCORE_CHIPSEQ:CHIPSEQ:PICARD_MERGESAMFILES,1697331637000,1697331641000,3,182.2,,1073741824.0,,,0.0,0.0,0.0,0.0,
889,NFCORE_CHIPSEQ:CHIPSEQ:PICARD_MERGESAMFILES,1697331638000,1697331641000,3,184.5,,1073741824.0,,,0.0,0.0,0.0,0.0,
891,NFCORE_CHIPSEQ:CHIPSEQ:PICARD_MERGESAMFILES,1697331638000,1697331642000,3,159.6,,1073741824.0,,,0.0,0.0,0.0,0.0,
890,NFCORE_CHIPSEQ:CHIPSEQ:PICARD_MERGESAMFILES,1697331638000,1697331641000,3,185.0,,1073741824.0,,,0.0,0.0,0.0,0.0,
892,NFCORE_CHIPSEQ:CHIPSEQ:PICARD_MERGESAMFILES,1697331638000,1697331641000,3,176.0,,1073741824.0,,,0.0,0.0,0.0,0.0,
894,NFCORE_CHIPSEQ:CHIPSEQ:PICARD_MERGESAMFILES,1697331645000,1697331648000,3,200.4,,1073741824.0,,,0.0,0.0,0.0,0.0,
893,NFCORE_CHIPSEQ:CHIPSEQ:PICARD_MERGESAMFILES,1697331638000,1697331641000,3,187.5,,1073741824.0,,,0.0,0.0,0.0,0.0,
895,NFCORE_CHIPSEQ:CHIPSEQ:PICARD_MERGESAMFILES,1697331638000,1697331641000,3,191.9,,1073741824.0,,,0.0,0.0,0.0,0.0,
897,NFCORE_CHIPSEQ:CHIPSEQ:PICARD_MERGESAMFILES,1697331638000,1697331641000,3,195.7,,1073741824.0,,,0.0,0.0,0.0,0.0,
896,NFCORE_CHIPSEQ:CHIPSEQ:PICARD_MERGESAMFILES,1697331638000,1697331641000,3,184.3,,1073741824.0,,,0.0,0.0,0.0,0.0,
898,NFCORE_CHIPSEQ:CHIPSEQ:PICARD_MERGESAMFILES,1697331647000,1697331650000,3,196.1,,1073741824.0,,,0.0,0.0,0.0,0.0,
899,NFCORE_CHIPSEQ:CHIPSEQ:PICARD_MERGESAMFILES,1697331647000,1697331651000,3,195.1,,1073741824.0,,,0.0,0.0,0.0,0.0,
900,NFCORE_CHIPSEQ:CHIPSEQ:PICARD_MERGESAMFILES,1697331646000,1697331650000,3,203.8,,1073741824.0,,,0.0,0.0,0.0,0.0,
902,NFCORE_CHIPSEQ:CHIPSEQ:PICARD_MERGESAMFILES,1697331646000,1697331650000,3,191.1,,1073741824.0,,,0.0,0.0,0.0,0.0,
901,NFCORE_CHIPSEQ:CHIPSEQ:PICARD_MERGESAMFILES,1697331647000,1697331650000,3,196.8,,1073741824.0,,,0.0,0.0,0.0,0.0,
903,NFCORE_CHIPSEQ:CHIPSEQ:PICARD_MERGESAMFILES,1697331647000,1697331650000,3,195.0,,1073741824.0,,,0.0,0.0,0.0,0.0,
904,NFCORE_CHIPSEQ:CHIPSEQ:PICARD_MERGESAMFILES,1697331647000,1697331651000,3,194.3,,1073741824.0,,,0.0,0.0,0.0,0.0,
905,NFCORE_CHIPSEQ:CHIPSEQ:PICARD_MERGESAMFILES,1697331649000,1697331652000,3,194.1,,1073741824.0,,,0.0,0.0,0.0,0.0,
906,NFCORE_CHIPSEQ:CHIPSEQ:PICARD_MERGESAMFILES,1697331638000,1697331641000,3,182.3,,1073741824.0,,,0.0,0.0,0.0,0.0,
908,NFCORE_CHIPSEQ:CHIPSEQ:PICARD_MERGESAMFILES,1697331647000,1697331650000,3,208.1,,1073741824.0,,,0.0,0.0,0.0,0.0,
907,NFCORE_CHIPSEQ:CHIPSEQ:PICARD_MERGESAMFILES,1697331638000,1697331642000,3,192.5,,1073741824.0,,,0.0,0.0,0.0,0.0,
909,NFCORE_CHIPSEQ:CHIPSEQ:PICARD_MERGESAMFILES,1697331638000,1697331642000,3,185.9,,1073741824.0,,,0.0,0.0,0.0,0.0,
910,NFCORE_CHIPSEQ:CHIPSEQ:PICARD_MERGESAMFILES,1697331648000,1697331651000,3,189.4,,1073741824.0,,,0.0,0.0,0.0,0.0,
912,NFCORE_CHIPSEQ:CHIPSEQ:PICARD_MERGESAMFILES,1697331638000,1697331642000,3,194.9,,1073741824.0,,,0.0,0.0,0.0,0.0,
911,NFCORE_CHIPSEQ:CHIPSEQ:PICARD_MERGESAMFILES,1697331648000,1697331651000,3,187.1,,1073741824.0,,,0.0,0.0,0.0,0.0,
913,NFCORE_CHIPSEQ:CHIPSEQ:PICARD_MERGESAMFILES,1697331647000,1697331651000,3,208.8,,1073741824.0,,,0.0,0.0,0.0,0.0,
915,NFCORE_CHIPSEQ:CHIPSEQ:PICARD_MERGESAMFILES,1697331638000,1697331642000,3,181.1,,1073741824.0,,,0.0,0.0,0.0,0.0,
914,NFCORE_CHIPSEQ:CHIPSEQ:PICARD_MERGESAMFILES,1697331639000,1697331642000,3,183.0,,1073741824.0,,,0.0,0.0,0.0,0.0,
916,NFCORE_CHIPSEQ:CHIPSEQ:PICARD_MERGESAMFILES,1697331648000,1697331651000,3,200.5,,1073741824.0,,,0.0,0.0,0.0,0.0,
917,NFCORE_CHIPSEQ:CHIPSEQ:PICARD_MERGESAMFILES,1697331647000,1697331651000,3,177.6,,1073741824.0,,,0.0,0.0,0.0,0.0,
918,NFCORE_CHIPSEQ:CHIPSEQ:PICARD_MERGESAMFILES,1697331648000,1697331651000,3,195.5,,1073741824.0,,,0.0,0.0,0.0,0.0,
919,NFCORE_CHIPSEQ:CHIPSEQ:PICARD_MERGESAMFILES,1697331639000,1697331642000,3,189.0,,1073741824.0,,,0.0,0.0,0.0,0.0,
920,NFCORE_CHIPSEQ:CHIPSEQ:PICARD_MERGESAMFILES,1697331639000,1697331642000,3,199.4,,1073741824.0,,,0.0,0.0,0.0,0.0,
921,NFCORE_CHIPSEQ:CHIPSEQ:PICARD_MERGESAMFILES,1697331639000,1697331642000,3,193.3,,1073741824.0,,,0.0,0.0,0.0,0.0,
922,NFCORE_CHIPSEQ:CHIPSEQ:PICARD_MERGESAMFILES,1697331639000,1697331642000,3,195.9,,1073741824.0,,,0.0,0.0,0.0,0.0,
923,NFCORE_CHIPSEQ:CHIPSEQ:PICARD_MERGESAMFILES,1697331649000,1697331652000,3,191.7,,1073741824.0,,,0.0,0.0,0.0,0.0,
924,NFCORE_CHIPSEQ:CHIPSEQ:PICARD_MERGESAMFILES,1697331648000,1697331652000,3,201.6,,1073741824.0,,,0.0,0.0,0.0,0.0,
925,NFCORE_CHIPSEQ:CHIPSEQ:PICARD_MERGESAMFILES,1697331639000,1697331643000,3,184.0,,1073741824.0,,,0.0,0.0,0.0,0.0,
926,NFCORE_CHIPSEQ:CHIPSEQ:PICARD_MERGESAMFILES,1697331648000,1697331651000,3,197.9,,1073741824.0,,,0.0,0.0,0.0,0.0,
927,NFCORE_CHIPSEQ:CHIPSEQ:PICARD_MERGESAMFILES,1697331648000,1697331651000,3,202.2,,1073741824.0,,,0.0,0.0,0.0,0.0,
928,NFCORE_CHIPSEQ:CHIPSEQ:PICARD_MERGESAMFILES,1697331640000,1697331643000,3,184.0,,1073741824.0,,,0.0,0.0,0.0,0.0,
930,NFCORE_CHIPSEQ:CHIPSEQ:PICARD_MERGESAMFILES,1697331640000,1697331643000,3,180.3,,1073741824.0,,,0.0,0.0,0.0,0.0,
929,NFCORE_CHIPSEQ:CHIPSEQ:PICARD_MERGESAMFILES,1697331640000,1697331643000,3,192.6,,1073741824.0,,,0.0,0.0,0.0,0.0,
931,NFCORE_CHIPSEQ:CHIPSEQ:PICARD_MERGESAMFILES,1697331646000,1697331649000,3,209.7,,1073741824.0,,,0.0,0.0,0.0,0.0,
932,NFCORE_CHIPSEQ:CHIPSEQ:PICARD_MERGESAMFILES,1697331644000,1697331647000,3,209.3,,1073741824.0,,,0.0,0.0,0.0,0.0,
933,NFCORE_CHIPSEQ:CHIPSEQ:PICARD_MERGESAMFILES,1697331640000,1697331643000,3,200.0,,1073741824.0,,,0.0,0.0,0.0,0.0,
935,NFCORE_CHIPSEQ:CHIPSEQ:PICARD_MERGESAMFILES,1697331645000,1697331648000,3,196.7,,1073741824.0,,,0.0,0.0,0.0,0.0,
934,NFCORE_CHIPSEQ:CHIPSEQ:PICARD_MERGESAMFILES,1697331641000,1697331644000,3,188.8,,1073741824.0,,,0.0,0.0,0.0,0.0,
936,NFCORE_CHIPSEQ:CHIPSEQ:PICARD_MERGESAMFILES,1697331641000,1697331644000,3,198.4,,1073741824.0,,,0.0,0.0,0.0,0.0,
937,NFCORE_CHIPSEQ:CHIPSEQ:PICARD_MERGESAMFILES,1697331650000,1697331653000,3,196.4,,1073741824.0,,,0.0,0.0,0.0,0.0,
938,NFCORE_CHIPSEQ:CHIPSEQ:PICARD_MERGESAMFILES,1697331646000,1697331648000,3,196.2,,1073741824.0,,,0.0,0.0,0.0,0.0,
939,NFCORE_CHIPSEQ:CHIPSEQ:PICARD_MERGESAMFILES,1697331642000,1697331645000,3,182.1,,1073741824.0,,,0.0,0.0,0.0,0.0,
940,NFCORE_CHIPSEQ:CHIPSEQ:PICARD_MERGESAMFILES,1697331641000,1697331645000,3,187.3,,1073741824.0,,,0.0,0.0,0.0,0.0,
943,NFCORE_CHIPSEQ:CHIPSEQ:PICARD_MERGESAMFILES,1697331646000,1697331649000,3,205.0,,1073741824.0,,,0.0,0.0,0.0,0.0,
941,NFCORE_CHIPSEQ:CHIPSEQ:PICARD_MERGESAMFILES,1697331648000,1697331651000,3,211.7,,1073741824.0,,,0.0,0.0,0.0,0.0,
942,NFCORE_CHIPSEQ:CHIPSEQ:PICARD_MERGESAMFILES,1697331645000,1697331648000,3,201.0,,1073741824.0,,,0.0,0.0,0.0,0.0,
840,NFCORE_CHIPSEQ:CHIPSEQ:ALIGN_BWA_MEM:BAM_SORT_SAMTOOLS:BAM_STATS_SAMTOOLS:SAMTOOLS_STATS,1697331616000,1697331640000,2,138.2,,1073741824.0,,,0.0,0.0,0.0,0.0,
841,NFCORE_CHIPSEQ:CHIPSEQ:ALIGN_BWA_MEM:BAM_SORT_SAMTOOLS:SAMTOOLS_INDEX,1697331636000,1697331642000,2,159.7,,1073741824.0,,,0.0,0.0,0.0,0.0,
859,NFCORE_CHIPSEQ:CHIPSEQ:PICARD_MERGESAMFILES,1697331636000,1697331641000,3,163.5,,1073741824.0,,,0.0,0.0,0.0,0.0,
842,NFCORE_CHIPSEQ:CHIPSEQ:PICARD_MERGESAMFILES,1697331636000,1697331641000,3,160.7,,1073741824.0,,,0.0,0.0,0.0,0.0,
872,NFCORE_CHIPSEQ:CHIPSEQ:PICARD_MERGESAMFILES,1697331636000,1697331640000,3,138.5,,1073741824.0,,,0.0,0.0,0.0,0.0,
844,NFCORE_CHIPSEQ:CHIPSEQ:PICARD_MERGESAMFILES,1697331636000,1697331641000,3,176.2,,1073741824.0,,,0.0,0.0,0.0,0.0,
845,NFCORE_CHIPSEQ:CHIPSEQ:PICARD_MERGESAMFILES,1697331636000,1697331640000,3,161.2,,1073741824.0,,,0.0,0.0,0.0,0.0,
843,NFCORE_CHIPSEQ:CHIPSEQ:PICARD_MERGESAMFILES,1697331636000,1697331641000,3,169.6,,1073741824.0,,,0.0,0.0,0.0,0.0,
850,NFCORE_CHIPSEQ:CHIPSEQ:PICARD_MERGESAMFILES,1697331636000,1697331641000,3,160.2,,1073741824.0,,,0.0,0.0,0.0,0.0,
871,NFCORE_CHIPSEQ:CHIPSEQ:PICARD_MERGESAMFILES,1697331637000,1697331641000,3,158.1,,1073741824.0,,,0.0,0.0,0.0,0.0,
849,NFCORE_CHIPSEQ:CHIPSEQ:PICARD_MERGESAMFILES,1697331637000,1697331641000,3,185.2,,1073741824.0,,,0.0,0.0,0.0,0.0,
862,NFCORE_CHIPSEQ:CHIPSEQ:PICARD_MERGESAMFILES,1697331637000,1697331641000,3,155.8,,1073741824.0,,,0.0,0.0,0.0,0.0,
855,NFCORE_CHIPSEQ:CHIPSEQ:PICARD_MERGESAMFILES,1697331637000,1697331641000,3,134.7,,1073741824.0,,,0.0,0.0,0.0,0.0,
856,NFCORE_CHIPSEQ:CHIPSEQ:PICARD_MERGESAMFILES,1697331637000,1697331641000,3,166.1,,1073741824.0,,,0.0,0.0,0.0,0.0,
863,NFCORE_CHIPSEQ:CHIPSEQ:PICARD_MERGESAMFILES,1697331637000,1697331641000,3,167.3,,1073741824.0,,,0.0,0.0,0.0,0.0,
854,NFCORE_CHIPSEQ:CHIPSEQ:PICARD_MERGESAMFILES,1697331637000,1697331641000,3,177.8,,1073741824.0,,,0.0,0.0,0.0,0.0,
869,NFCORE_CHIPSEQ:CHIPSEQ:PICARD_MERGESAMFILES,1697331637000,1697331641000,3,163.0,,1073741824.0,,,0.0,0.0,0.0,0.0,
879,NFCORE_CHIPSEQ:CHIPSEQ:PICARD_MERGESAMFILES,1697331648000,1697331651000,3,182.0,,1073741824.0,,,0.0,0.0,0.0,0.0,
944,NFCORE_CHIPSEQ:CHIPSEQ:PICARD_MERGESAMFILES,1697331642000,1697331646000,3,188.8,,1073741824.0,,,0.0,0.0,0.0,0.0,
946,NFCORE_CHIPSEQ:CHIPSEQ:PICARD_MERGESAMFILES,1697331642000,1697331646000,3,180.1,,1073741824.0,,,0.0,0.0,0.0,0.0,
945,NFCORE_CHIPSEQ:CHIPSEQ:PICARD_MERGESAMFILES,1697331644000,1697331647000,3,186.9,,1073741824.0,,,0.0,0.0,0.0,0.0,
1034,NFCORE_CHIPSEQ:CHIPSEQ:ALIGN_BWA_MEM:BAM_SORT_SAMTOOLS:BAM_STATS_SAMTOOLS:SAMTOOLS_IDXSTATS,1697331673000,1697331675000,2,39.1,,1073741824.0,,,0.0,0.0,0.0,0.0,
1035,NFCORE_CHIPSEQ:CHIPSEQ:ALIGN_BWA_MEM:BAM_SORT_SAMTOOLS:BAM_STATS_SAMTOOLS:SAMTOOLS_FLAGSTAT,1697331673000,1697331679000,2,155.8,,1073741824.0,,,0.0,0.0,0.0,0.0,
1033,NFCORE_CHIPSEQ:CHIPSEQ:ALIGN_BWA_MEM:BAM_SORT_SAMTOOLS:BAM_STATS_SAMTOOLS:SAMTOOLS_STATS,1697331673000,1697331697000,2,137.0,,1073741824.0,,,0.0,0.0,0.0,0.0,
1052,NFCORE_CHIPSEQ:CHIPSEQ:MARK_DUPLICATES_PICARD:PICARD_MARKDUPLICATES,1697331678000,1697331848000,2,107.6,,21180186624.0,,,0.0,0.0,0.0,0.0,
1029,NFCORE_CHIPSEQ:CHIPSEQ:MARK_DUPLICATES_PICARD:PICARD_MARKDUPLICATES,1697331671000,1697331853000,2,107.5,,21180186624.0,,,0.0,0.0,0.0,0.0,
1056,NFCORE_CHIPSEQ:CHIPSEQ:MARK_DUPLICATES_PICARD:SAMTOOLS_INDEX,1697331854000,1697331860000,2,162.7,,1073741824.0,,,0.0,0.0,0.0,0.0,
1057,NFCORE_CHIPSEQ:CHIPSEQ:MARK_DUPLICATES_PICARD:SAMTOOLS_INDEX,1697331858000,1697331868000,2,166.6,,1073741824.0,,,0.0,0.0,0.0,0.0,
1028,NFCORE_CHIPSEQ:CHIPSEQ:MARK_DUPLICATES_PICARD:PICARD_MARKDUPLICATES,1697331671000,1697331872000,2,107.3,,21180186624.0,,,0.0,0.0,0.0,0.0,
1059,NFCORE_CHIPSEQ:CHIPSEQ:MARK_DUPLICATES_PICARD:BAM_STATS_SAMTOOLS:SAMTOOLS_FLAGSTAT,1697331869000,1697331875000,2,156.3,,1073741824.0,,,0.0,0.0,0.0,0.0,
1061,NFCORE_CHIPSEQ:CHIPSEQ:MARK_DUPLICATES_PICARD:BAM_STATS_SAMTOOLS:SAMTOOLS_IDXSTATS,1697331870000,1697331871000,2,55.4,,1073741824.0,,,0.0,0.0,0.0,0.0,
1066,NFCORE_CHIPSEQ:CHIPSEQ:MARK_DUPLICATES_PICARD:BAM_STATS_SAMTOOLS:SAMTOOLS_IDXSTATS,1697331874000,1697331875000,2,35.3,,1073741824.0,,,0.0,0.0,0.0,0.0,
1064,NFCORE_CHIPSEQ:CHIPSEQ:MARK_DUPLICATES_PICARD:BAM_STATS_SAMTOOLS:SAMTOOLS_FLAGSTAT,1697331874000,1697331881000,2,148.4,,1073741824.0,,,0.0,0.0,0.0,0.0,
1014,NFCORE_CHIPSEQ:CHIPSEQ:MARK_DUPLICATES_PICARD:PICARD_MARKDUPLICATES,1697331666000,1697331886000,2,106.7,,21180186624.0,,,0.0,0.0,0.0,0.0,
1024,NFCORE_CHIPSEQ:CHIPSEQ:MARK_DUPLICATES_PICARD:PICARD_MARKDUPLICATES,1697331669000,1697331886000,2,107.0,,21180186624.0,,,0.0,0.0,0.0,0.0,
1068,NFCORE_CHIPSEQ:CHIPSEQ:MARK_DUPLICATES_PICARD:SAMTOOLS_INDEX,1697331879000,1697331886000,2,165.2,,1073741824.0,,,0.0,0.0,0.0,0.0,
1008,NFCORE_CHIPSEQ:CHIPSEQ:MARK_DUPLICATES_PICARD:PICARD_MARKDUPLICATES,1697331664000,1697331894000,2,106.6,,21180186624.0,,,0.0,0.0,0.0,0.0,
1009,NFCORE_CHIPSEQ:CHIPSEQ:MARK_DUPLICATES_PICARD:PICARD_MARKDUPLICATES,1697331664000,1697331891000,2,106.7,,21180186624.0,,,0.0,0.0,0.0,0.0,
1011,NFCORE_CHIPSEQ:CHIPSEQ:MARK_DUPLICATES_PICARD:PICARD_MARKDUPLICATES,1697331665000,1697331894000,2,107.2,,21180186624.0,,,0.0,0.0,0.0,0.0,
1060,NFCORE_CHIPSEQ:CHIPSEQ:MARK_DUPLICATES_PICARD:BAM_STATS_SAMTOOLS:SAMTOOLS_STATS,1697331870000,1697331893000,2,136.7,,1073741824.0,,,0.0,0.0,0.0,0.0,
1025,NFCORE_CHIPSEQ:CHIPSEQ:MARK_DUPLICATES_PICARD:PICARD_MARKDUPLICATES,1697331670000,1697331893000,2,106.6,,21180186624.0,,,0.0,0.0,0.0,0.0,
1069,NFCORE_CHIPSEQ:CHIPSEQ:MARK_DUPLICATES_PICARD:SAMTOOLS_INDEX,1697331891000,1697331899000,2,159.0,,1073741824.0,,,0.0,0.0,0.0,0.0,
1071,NFCORE_CHIPSEQ:CHIPSEQ:MARK_DUPLICATES_PICARD:SAMTOOLS_INDEX,1697331890000,1697331899000,2,158.8,,1073741824.0,,,0.0,0.0,0.0,0.0,
1073,NFCORE_CHIPSEQ:CHIPSEQ:MARK_DUPLICATES_PICARD:BAM_STATS_SAMTOOLS:SAMTOOLS_IDXSTATS,1697331893000,1697331894000,2,37.2,,1073741824.0,,,0.0,0.0,0.0,0.0,
1077,NFCORE_CHIPSEQ:CHIPSEQ:MARK_DUPLICATES_PICARD:SAMTOOLS_INDEX,1697331896000,1697331900000,2,169.2,,1073741824.0,,,0.007390210595889999,0.007390210595889999,0.0,804.218616,
1079,NFCORE_CHIPSEQ:CHIPSEQ:MARK_DUPLICATES_PICARD:SAMTOOLS_INDEX,1697331896000,1697331900000,2,172.3,,1073741824.0,,,0.007519192741282501,0.007519192741282501,0.0,804.218616,
1003,NFCORE_CHIPSEQ:CHIPSEQ:MARK_DUPLICATES_PICARD:PICARD_MARKDUPLICATES,1697331662000,1697331900000,2,107.2,,21180186624.0,,,0.017054701872270938,0.017054701872270938,0.0,804.218616,
1063,NFCORE_CHIPSEQ:CHIPSEQ:MARK_DUPLICATES_PICARD:BAM_STATS_SAMTOOLS:SAMTOOLS_STATS,1697331884000,1697331900000,2,134.1,,1073741824.0,,,0.014824499632243752,0.014824499632243752,0.0,804.218616,
1076,NFCORE_CHIPSEQ:CHIPSEQ:MARK_DUPLICATES_PICARD:BAM_STATS_SAMTOOLS:SAMTOOLS_FLAGSTAT,1697331897000,1697331900000,2,147.8,,1073741824.0,,,0.0097497265818675,0.0097497265818675,0.0,804.218616,
1082,NFCORE_CHIPSEQ:CHIPSEQ:MARK_DUPLICATES_PICARD:SAMTOOLS_INDEX,1697331897000,1697331900000,2,172.2,,1073741824.0,,,0.0112725480403725,0.0112725480403725,0.0,804.218616,
997,NFCORE_CHIPSEQ:CHIPSEQ:MARK_DUPLICATES_PICARD:PICARD_MARKDUPLICATES,1697331660000,1697331900000,2,106.4,,21180186624.0,,,0.048180191016272654,0.048180191016272654,0.0,804.218616,
1004,NFCORE_CHIPSEQ:CHIPSEQ:MARK_DUPLICATES_PICARD:PICARD_MARKDUPLICATES,1697331662000,1697331900000,2,106.6,,21180186624.0,,,0.04821555708839641,0.04821555708839641,0.0,804.218616,
1055,NFCORE_CHIPSEQ:CHIPSEQ:PRESEQ_LCEXTRAP,1697331854000,1697331900000,2,100.8,,1073741824.0,,,0.02044926885834,0.02044926885834,0.0,804.218616,
986,NFCORE_CHIPSEQ:CHIPSEQ:MARK_DUPLICATES_PICARD:PICARD_MARKDUPLICATES,1697331657000,1697331900000,2,106.4,,21180186624.0,,,0.07652147984937423,0.07652147984937423,0.0,804.218616,
1058,NFCORE_CHIPSEQ:CHIPSEQ:PRESEQ_LCEXTRAP,1697331858000,1697331900000,2,100.8,,1073741824.0,,,0.031809973779640004,0.031809973779640004,0.0,804.218616,
1075,NFCORE_CHIPSEQ:CHIPSEQ:MARK_DUPLICATES_PICARD:BAM_STATS_SAMTOOLS:SAMTOOLS_STATS,1697331898000,1697331900000,2,129.6,,1073741824.0,,,0.043069257797699996,0.043069257797699996,0.0,804.218616,
985,NFCORE_CHIPSEQ:CHIPSEQ:MARK_DUPLICATES_PICARD:PICARD_MARKDUPLICATES,1697331657000,1697331900000,2,105.5,,21180186624.0,,,0.09321732010744828,0.09321732010744828,0.0,804.218616,
995,NFCORE_CHIPSEQ:CHIPSEQ:MARK_DUPLICATES_PICARD:PICARD_MARKDUPLICATES,1697331659000,1697331900000,2,105.9,,21180186624.0,,,0.09618355167192656,0.09618355167192656,0.0,804.218616,
970,NFCORE_CHIPSEQ:CHIPSEQ:MARK_DUPLICATES_PICARD:PICARD_MARKDUPLICATES,1697331653000,1697331900000,2,106.2,,21180186624.0,,,0.13310628072794112,0.13310628072794112,0.0,804.218616,
977,NFCORE_CHIPSEQ:CHIPSEQ:MARK_DUPLICATES_PICARD:PICARD_MARKDUPLICATES,1697331655000,1697331900000,2,106.0,,21180186624.0,,,0.1301785357713622,0.1301785357713622,0.0,804.218616,
978,NFCORE_CHIPSEQ:CHIPSEQ:MARK_DUPLICATES_PICARD:PICARD_MARKDUPLICATES,1697331655000,1697331900000,2,105.8,,21180186624.0,,,0.13008283934090972,0.13008283934090972,0.0,804.218616,
980,NFCORE_CHIPSEQ:CHIPSEQ:MARK_DUPLICATES_PICARD:PICARD_MARKDUPLICATES,1697331656000,1697331900000,2,105.7,,21180186624.0,,,0.12438129585934939,0.12438129585934939,0.0,804.218616,
981,NFCORE_CHIPSEQ:CHIPSEQ:MARK_DUPLICATES_PICARD:PICARD_MARKDUPLICATES,1697331656000,1697331900000,2,105.8,,21180186624.0,,,0.11311551247035626,0.11311551247035626,0.0,804.218616,
983,NFCORE_CHIPSEQ:CHIPSEQ:MARK_DUPLICATES_PICARD:PICARD_MARKDUPLICATES,1697331656000,1697331900000,2,106.1,,21180186624.0,,,0.11607134224891578,0.11607134224891578,0.0,804.218616,
984,NFCORE_CHIPSEQ:CHIPSEQ:MARK_DUPLICATES_PICARD:PICARD_MARKDUPLICATES,1697331657000,1697331900000,2,106.1,,21180186624.0,,,0.13022638398658845,0.13022638398658845,0.0,804.218616,
988,NFCORE_CHIPSEQ:CHIPSEQ:MARK_DUPLICATES_PICARD:PICARD_MARKDUPLICATES,1697331658000,1697331900000,2,106.5,,21180186624.0,,,0.11057159341417923,0.11057159341417923,0.0,804.218616,
971,NFCORE_CHIPSEQ:CHIPSEQ:MARK_DUPLICATES_PICARD:PICARD_MARKDUPLICATES,1697331654000,1697331900000,2,105.9,,21180186624.0,,,0.14993318348859141,0.14993318348859141,0.0,804.218616,
972,NFCORE_CHIPSEQ:CHIPSEQ:MARK_DUPLICATES_PICARD:PICARD_MARKDUPLICATES,1697331654000,1697331900000,2,106.0,,21180186624.0,,,0.14149840844713282,0.14149840844713282,0.0,804.218616,
973,NFCORE_CHIPSEQ:CHIPSEQ:MARK_DUPLICATES_PICARD:PICARD_MARKDUPLICATES,1697331654000,1697331900000,2,106.0,,21180186624.0,,,0.1556482492918461,0.1556482492918461,0.0,804.218616,
974,NFCORE_CHIPSEQ:CHIPSEQ:MARK_DUPLICATES_PICARD:PICARD_MARKDUPLICATES,1697331654000,1697331900000,2,106.2,,21180186624.0,,,0.15576266893695234,0.15576266893695234,0.0,804.218616,
1067,NFCORE_CHIPSEQ:CHIPSEQ:PRESEQ_LCEXTRAP,1697331879000,1697331900000,2,100.9,,1073741824.0,,,0.06595241890186876,0.06595241890186876,0.0,804.218616,
961,NFCORE_CHIPSEQ:CHIPSEQ:MARK_DUPLICATES_PICARD:PICARD_MARKDUPLICATES,1697331651000,1697331900000,2,105.4,,21180186624.0,,,0.1835422613304414,0.1835422613304414,0.0,804.218616,
964,NFCORE_CHIPSEQ:CHIPSEQ:MARK_DUPLICATES_PICARD:PICARD_MARKDUPLICATES,1697331652000,1697331900000,2,106.0,,21180186624.0,,,0.18677789915021534,0.18677789915021534,0.0,804.218616,
965,NFCORE_CHIPSEQ:CHIPSEQ:MARK_DUPLICATES_PICARD:PICARD_MARKDUPLICATES,1697331652000,1697331900000,2,105.7,,21180186624.0,,,0.16678401035685486,0.16678401035685486,0.0,804.218616,
966,NFCORE_CHIPSEQ:CHIPSEQ:MARK_DUPLICATES_PICARD:PICARD_MARKDUPLICATES,1697331652000,1697331900000,2,105.8,,21180186624.0,,,0.1725011565172933,0.1725011565172933,0.0,804.218616,
967,NFCORE_CHIPSEQ:CHIPSEQ:MARK_DUPLICATES_PICARD:PICARD_MARKDUPLICATES,1697331653000,1697331900000,2,106.0,,21180186624.0,,,0.18677789915021534,0.18677789915021534,0.0,804.218616,
968,NFCORE_CHIPSEQ:CHIPSEQ:MARK_DUPLICATES_PICARD:PICARD_MARKDUPLICATES,1697331653000,1697331900000,2,105.4,,21180186624.0,,,0.15812871745391874,0.15812871745391874,0.0,804.218616,
976,NFCORE_CHIPSEQ:CHIPSEQ:MARK_DUPLICATES_PICARD:PICARD_MARKDUPLICATES,1697331655000,1697331900000,2,105.8,,21180186624.0,,,0.1866405955760878,0.1866405955760878,0.0,804.218616,
950,NFCORE_CHIPSEQ:CHIPSEQ:MARK_DUPLICATES_PICARD:PICARD_MARKDUPLICATES,1697331650000,1697331900000,2,105.5,,21180186624.0,,,0.21468231297472937,0.21468231297472937,0.0,804.218616,
952,NFCORE_CHIPSEQ:CHIPSEQ:MARK_DUPLICATES_PICARD:PICARD_MARKDUPLICATES,1697331649000,1697331900000,2,106.1,,21180186624.0,,,0.1896775592848136,0.1896775592848136,0.0,804.218616,
953,NFCORE_CHIPSEQ:CHIPSEQ:MARK_DUPLICATES_PICARD:PICARD_MARKDUPLICATES,1697331647000,1697331900000,2,105.4,,21180186624.0,,,0.19766089681739846,0.19766089681739846,0.0,804.218616,
956,NFCORE_CHIPSEQ:CHIPSEQ:MARK_DUPLICATES_PICARD:PICARD_MARKDUPLICATES,1697331650000,1697331900000,2,106.4,,21180186624.0,,,0.20122315071502112,0.20122315071502112,0.0,804.218616,
959,NFCORE_CHIPSEQ:CHIPSEQ:MARK_DUPLICATES_PICARD:PICARD_MARKDUPLICATES,1697331653000,1697331900000,2,105.9,,21180186624.0,,,0.21499852726665936,0.21499852726665936,0.0,804.218616,
963,NFCORE_CHIPSEQ:CHIPSEQ:MARK_DUPLICATES_PICARD:PICARD_MARKDUPLICATES,1697331652000,1697331900000,2,105.7,,21180186624.0,,,0.1893987914221911,0.1893987914221911,0.0,804.218616,
1072,NFCORE_CHIPSEQ:CHIPSEQ:PRESEQ_LCEXTRAP,1697331890000,1697331900000,2,100.7,,1073741824.0,,,0.08966739476951188,0.08966739476951188,0.0,804.218616,
951,NFCORE_CHIPSEQ:CHIPSEQ:MARK_DUPLICATES_PICARD:PICARD_MARKDUPLICATES,1697331650000,1697331900000,2,106.0,,21180186624.0,,,0.23488735802224048,0.23488735802224048,0.0,804.218616,
958,NFCORE_CHIPSEQ:CHIPSEQ:MARK_DUPLICATES_PICARD:PICARD_MARKDUPLICATES,1697331650000,1697331900000,2,105.5,,21180186624.0,,,0.24857952028652877,0.24857952028652877,0.0,804.218616,
962,NFCORE_CHIPSEQ:CHIPSEQ:MARK_DUPLICATES_PICARD:PICARD_MARKDUPLICATES,1697331651000,1697331900000,2,105.4,,21180186624.0,,,0.23719307618087818,0.23719307618087818,0.0,804.218616,
1070,NFCORE_CHIPSEQ:CHIPSEQ:PRESEQ_LCEXTRAP,1697331891000,1697331900000,2,100.6,,1073741824.0,,,0.09412118120053874,0.09412118120053874,0.0,804.218616,
1078,NFCORE_CHIPSEQ:CHIPSEQ:PRESEQ_LCEXTRAP,1697331896000,1697331900000,2,100.7,,1073741824.0,,,0.10328775853196939,0.10328775853196939,0.0,804.218616,
1080,NFCORE_CHIPSEQ:CHIPSEQ:PRESEQ_LCEXTRAP,1697331896000,1697331900000,2,100.7,,1073741824.0,,,0.10215272821843126,0.10215272821843126,0.0,804.218616,
1081,NFCORE_CHIPSEQ:CHIPSEQ:PRESEQ_LCEXTRAP,1697331897000,1697331900000,2,100.9,,1073741824.0,,,0.10688840304785627,0.10688840304785627,0.0,804.218616,
947,NFCORE_CHIPSEQ:CHIPSEQ:MARK_DUPLICATES_PICARD:PICARD_MARKDUPLICATES,1697331649000,1697331900000,2,105.4,,21180186624.0,,,0.3021387994208805,0.3021387994208805,0.0,804.218616,
949,NFCORE_CHIPSEQ:CHIPSEQ:MARK_DUPLICATES_PICARD:PICARD_MARKDUPLICATES,1697331649000,1697331900000,2,105.7,,21180186624.0,,,0.30247269674887234,0.30247269674887234,0.0,804.218616,
1062,NFCORE_CHIPSEQ:CHIPSEQ:FILTER_BAM_BAMTOOLS:BAM_FILTER,1697331878000,1697331900000,2,144.7,,1073741824.0,,,0.1672344338661281,0.1672344338661281,0.0,804.218616,
948,NFCORE_CHIPSEQ:CHIPSEQ:MARK_DUPLICATES_PICARD:PICARD_MARKDUPLICATES,1697331650000,1697331900000,2,105.2,,21180186624.0,,,0.36117078274657993,0.36117078274657993,0.0,804.218616,
955,NFCORE_CHIPSEQ:CHIPSEQ:MARK_DUPLICATES_PICARD:PICARD_MARKDUPLICATES,1697331649000,1697331900000,2,105.4,,21180186624.0,,,0.3303760703947946,0.3303760703947946,0.0,804.218616,
1065,NFCORE_CHIPSEQ:CHIPSEQ:FILTER_BAM_BAMTOOLS:BAM_FILTER,1697331890000,1697331900000,2,143.4,,1073741824.0,,,0.19897750810586254,0.19897750810586254,0.0,804.218616,
960,NFCORE_CHIPSEQ:CHIPSEQ:MARK_DUPLICATES_PICARD:PICARD_MARKDUPLICATES,1697331650000,1697331900000,2,106.3,,21180186624.0,,,0.37680079772753144,0.37680079772753144,0.0,804.218616,
1013,NFCORE_CHIPSEQ:CHIPSEQ:MARK_DUPLICATES_PICARD:PICARD_MARKDUPLICATES,1697331898000,1697331900000,2,107.0,,21180186624.0,,,0.7100924887153517,0.7100924887153517,0.0,804.218616,
994,NFCORE_CHIPSEQ:CHIPSEQ:MARK_DUPLICATES_PICARD:PICARD_MARKDUPLICATES,1697331895000,1697331900000,2,106.6,,21180186624.0,,,0.782793750376318,0.782793750376318,0.0,804.218616,
1043,NFCORE_CHIPSEQ:CHIPSEQ:MARK_DUPLICATES_PICARD:PICARD_MARKDUPLICATES,1697331856000,1697331900000,2,106.2,,21180186624.0,,,0.7788133446847618,0.7788133446847618,0.0,804.218616,
1050,NFCORE_CHIPSEQ:CHIPSEQ:MARK_DUPLICATES_PICARD:PICARD_MARKDUPLICATES,1697331876000,1697331900000,2,106.0,,21180186624.0,,,0.8518204188517396,0.8518204188517396,0.0,804.218616,
1051,NFCORE_CHIPSEQ:CHIPSEQ:MARK_DUPLICATES_PICARD:PICARD_MARKDUPLICATES,1697331892000,1697331900000,2,106.3,,21180186624.0,,,0.844260434006048,0.844260434006048,0.0,804.218616,
1040,NFCORE_CHIPSEQ:CHIPSEQ:MARK_DUPLICATES_PICARD:PICARD_MARKDUPLICATES,1697331852000,1697331900000,2,105.7,,21180186624.0,,,0.9837429763421268,0.9837429763421268,0.0,804.218616,
1047,NFCORE_CHIPSEQ:CHIPSEQ:MARK_DUPLICATES_PICARD:PICARD_MARKDUPLICATES,1697331896000,1697331900000,2,105.7,,21180186624.0,,,1.0289725384727992,1.0289725384727992,0.0,804.218616,
957,NFCORE_CHIPSEQ:CHIPSEQ:MARK_DUPLICATES_PICARD:PICARD_MARKDUPLICATES,1697331897000,1697331900000,2,105.7,,21180186624.0,,,1.0261456908396323,1.0261456908396323,0.0,804.218616,
1083,NFCORE_CHIPSEQ:CHIPSEQ:MARK_DUPLICATES_PICARD:SAMTOOLS_INDEX,1697331902000,1697331911000,2,154.8,,1073741824.0,,,0.015279902385682503,0.015279902385682503,0.0,804.218616,
1094,NFCORE_CHIPSEQ:CHIPSEQ:MARK_DUPLICATES_PICARD:BAM_STATS_SAMTOOLS:SAMTOOLS_IDXSTATS,1697331907000,1697331908000,2,49.6,,1073741824.0,,,0.00060349905309,0.00060349905309,0.0,804.218616,
1098,NFCORE_CHIPSEQ:CHIPSEQ:MARK_DUPLICATES_PICARD:BAM_STATS_SAMTOOLS:SAMTOOLS_IDXSTATS,1697331907000,1697331908000,2,51.3,,1073741824.0,,,0.000621182089151875,0.000621182089151875,0.0,804.218616,
1095,NFCORE_CHIPSEQ:CHIPSEQ:MARK_DUPLICATES_PICARD:BAM_STATS_SAMTOOLS:SAMTOOLS_FLAGSTAT,1697331907000,1697331914000,2,162.0,,1073741824.0,,,0.0124086185325025,0.0124086185325025,0.0,804.218616,
1105,NFCORE_CHIPSEQ:CHIPSEQ:MARK_DUPLICATES_PICARD:BAM_STATS_SAMTOOLS:SAMTOOLS_IDXSTATS,1697331913000,1697331913000,2,96.4,,1073741824.0,,,0.0,0.0,0.0,804.218616,
1107,NFCORE_CHIPSEQ:CHIPSEQ:MARK_DUPLICATES_PICARD:BAM_STATS_SAMTOOLS:SAMTOOLS_IDXSTATS,1697331914000,1697331915000,2,37.2,,1073741824.0,,,0.0004745169076975001,0.0004745169076975001,0.0,804.218616,
1091,NFCORE_CHIPSEQ:CHIPSEQ:MARK_DUPLICATES_PICARD:BAM_STATS_SAMTOOLS:SAMTOOLS_FLAGSTAT,1697331909000,1697331917000,2,154.5,,1073741824.0,,,0.013557171167735001,0.013557171167735001,0.0,804.218616,
1099,NFCORE_CHIPSEQ:CHIPSEQ:MARK_DUPLICATES_PICARD:BAM_STATS_SAMTOOLS:SAMTOOLS_FLAGSTAT,1697331910000,1697331917000,2,164.0,,1073741824.0,,,0.012554243535365002,0.012554243535365002,0.0,804.218616,
1102,NFCORE_CHIPSEQ:CHIPSEQ:MARK_DUPLICATES_PICARD:SAMTOOLS_INDEX,1697331911000,1697331918000,2,170.7,,1073741824.0,,,0.013042087294954376,0.013042087294954376,0.0,804.218616,
1103,NFCORE_CHIPSEQ:CHIPSEQ:MARK_DUPLICATES_PICARD:BAM_STATS_SAMTOOLS:SAMTOOLS_FLAGSTAT,1697331913000,1697331919000,2,162.9,,1073741824.0,,,0.01069212838610625,0.01069212838610625,0.0,804.218616,
1090,NFCORE_CHIPSEQ:CHIPSEQ:MARK_DUPLICATES_PICARD:BAM_STATS_SAMTOOLS:SAMTOOLS_IDXSTATS,1697331921000,1697331923000,2,50.8,,1073741824.0,,,0.001231962392385,0.001231962392385,0.0,804.218616,
1108,NFCORE_CHIPSEQ:CHIPSEQ:MARK_DUPLICATES_PICARD:BAM_STATS_SAMTOOLS:SAMTOOLS_FLAGSTAT,1697331918000,1697331927000,2,139.6,,1073741824.0,,,0.013856938071997501,0.013856938071997501,0.0,804.218616,
1086,NFCORE_CHIPSEQ:CHIPSEQ:MARK_DUPLICATES_PICARD:BAM_STATS_SAMTOOLS:SAMTOOLS_IDXSTATS,1697331930000,1697331931000,2,51.9,,1073741824.0,,,0.0006274231607031251,0.0006274231607031251,0.0,804.218616,
1111,NFCORE_CHIPSEQ:CHIPSEQ:MARK_DUPLICATES_PICARD:SAMTOOLS_INDEX,1697331921000,1697331930000,2,169.6,,1073741824.0,,,0.01666542027006,0.01666542027006,0.0,804.218616,
1114,NFCORE_CHIPSEQ:CHIPSEQ:MARK_DUPLICATES_PICARD:SAMTOOLS_INDEX,1697331922000,1697331930000,2,170.8,,1073741824.0,,,0.01491356405154,0.01491356405154,0.0,804.218616,
1115,NFCORE_CHIPSEQ:CHIPSEQ:MARK_DUPLICATES_PICARD:BAM_STATS_SAMTOOLS:SAMTOOLS_IDXSTATS,1697331925000,1697331927000,2,83.8,,1073741824.0,,,0.0019184802630225002,0.0019184802630225002,0.0,804.218616,
1088,NFCORE_CHIPSEQ:CHIPSEQ:MARK_DUPLICATES_PICARD:BAM_STATS_SAMTOOLS:SAMTOOLS_FLAGSTAT,1697331932000,1697331941000,2,142.8,,1073741824.0,,,0.0141565095064575,0.0141565095064575,0.0,804.218616,
1096,NFCORE_CHIPSEQ:CHIPSEQ:MARK_DUPLICATES_PICARD:BAM_STATS_SAMTOOLS:SAMTOOLS_STATS,1697331907000,1697331937000,2,135.2,,1073741824.0,,,0.04481675783205,0.04481675783205,0.0,804.218616,
1097,NFCORE_CHIPSEQ:CHIPSEQ:MARK_DUPLICATES_PICARD:BAM_STATS_SAMTOOLS:SAMTOOLS_STATS,1697331911000,1697331939000,2,135.0,,1073741824.0,,,0.041770723975435006,0.041770723975435006,0.0,804.218616,
1104,NFCORE_CHIPSEQ:CHIPSEQ:MARK_DUPLICATES_PICARD:BAM_STATS_SAMTOOLS:SAMTOOLS_STATS,1697331912000,1697331942000,2,136.8,,1073741824.0,,,0.04531604355615001,0.04531604355615001,0.0,804.218616,
1116,NFCORE_CHIPSEQ:CHIPSEQ:MARK_DUPLICATES_PICARD:BAM_STATS_SAMTOOLS:SAMTOOLS_FLAGSTAT,1697331934000,1697331941000,2,152.5,,1073741824.0,,,0.011716899768905624,0.011716899768905624,0.0,804.218616,
1120,NFCORE_CHIPSEQ:CHIPSEQ:MARK_DUPLICATES_PICARD:SAMTOOLS_INDEX,1697331932000,1697331941000,2,158.2,,1073741824.0,,,0.01559819703479625,0.01559819703479625,0.0,804.218616,
1122,NFCORE_CHIPSEQ:CHIPSEQ:MARK_DUPLICATES_PICARD:BAM_STATS_SAMTOOLS:SAMTOOLS_FLAGSTAT,1697331936000,1697331946000,2,155.0,,1073741824.0,,,0.016998472889262504,0.016998472889262504,0.0,804.218616,
1123,NFCORE_CHIPSEQ:CHIPSEQ:MARK_DUPLICATES_PICARD:BAM_STATS_SAMTOOLS:SAMTOOLS_IDXSTATS,1697331937000,1697331937000,2,44.1,,1073741824.0,,,0.0,0.0,0.0,804.218616,
1089,NFCORE_CHIPSEQ:CHIPSEQ:MARK_DUPLICATES_PICARD:BAM_STATS_SAMTOOLS:SAMTOOLS_STATS,1697331921000,1697331952000,2,134.7,,1073741824.0,,,0.046149422078044365,0.046149422078044365,0.0,804.218616,
1109,NFCORE_CHIPSEQ:CHIPSEQ:MARK_DUPLICATES_PICARD:BAM_STATS_SAMTOOLS:SAMTOOLS_STATS,1697331915000,1697331947000,2,134.2,,1073741824.0,,,0.04747168453811999,0.04747168453811999,0.0,804.218616,
1126,NFCORE_CHIPSEQ:CHIPSEQ:MARK_DUPLICATES_PICARD:BAM_STATS_SAMTOOLS:SAMTOOLS_IDXSTATS,1697331947000,1697331948000,2,59.6,,1073741824.0,,,0.0007075169122775001,0.0007075169122775001,0.0,804.218616,
1129,NFCORE_CHIPSEQ:CHIPSEQ:MARK_DUPLICATES_PICARD:SAMTOOLS_INDEX,1697331939000,1697331950000,2,170.2,,1073741824.0,,,0.02043749878380375,0.02043749878380375,0.0,804.218616,
1132,NFCORE_CHIPSEQ:CHIPSEQ:MARK_DUPLICATES_PICARD:SAMTOOLS_INDEX,1697331942000,1697331951000,2,166.2,,1073741824.0,,,0.01634712562094625,0.01634712562094625,0.0,804.218616,
1136,NFCORE_CHIPSEQ:CHIPSEQ:MARK_DUPLICATES_PICARD:BAM_STATS_SAMTOOLS:SAMTOOLS_IDXSTATS,1697331948000,1697331949000,2,33.1,,1073741824.0,,,0.000431869585430625,0.000431869585430625,0.0,804.218616,
1087,NFCORE_CHIPSEQ:CHIPSEQ:MARK_DUPLICATES_PICARD:BAM_STATS_SAMTOOLS:SAMTOOLS_STATS,1697331926000,1697331956000,2,134.5,,1073741824.0,,,0.04459832032775625,0.04459832032775625,0.0,804.218616,
1127,NFCORE_CHIPSEQ:CHIPSEQ:MARK_DUPLICATES_PICARD:BAM_STATS_SAMTOOLS:SAMTOOLS_FLAGSTAT,1697331947000,1697331958000,2,148.7,,1073741824.0,,,0.017977476414019377,0.017977476414019377,0.0,804.218616,
1135,NFCORE_CHIPSEQ:CHIPSEQ:MARK_DUPLICATES_PICARD:BAM_STATS_SAMTOOLS:SAMTOOLS_FLAGSTAT,1697331949000,1697331959000,2,158.1,,1073741824.0,,,0.017320928252743752,0.017320928252743752,0.0,804.218616,
1145,NFCORE_CHIPSEQ:CHIPSEQ:MARK_DUPLICATES_PICARD:SAMTOOLS_INDEX,1697331953000,1697331963000,2,160.1,,1073741824.0,,,0.01752896397111875,0.01752896397111875,0.0,804.218616,
1156,NFCORE_CHIPSEQ:CHIPSEQ:MARK_DUPLICATES_PICARD:BAM_STATS_SAMTOOLS:SAMTOOLS_IDXSTATS,1697331960000,1697331960000,2,44.1,,1073741824.0,,,0.0,0.0,0.0,804.218616,
1117,NFCORE_CHIPSEQ:CHIPSEQ:MARK_DUPLICATES_PICARD:BAM_STATS_SAMTOOLS:SAMTOOLS_STATS,1697331930000,1697331963000,2,136.4,,1073741824.0,,,0.049710344337637505,0.049710344337637505,0.0,804.218616,
1124,NFCORE_CHIPSEQ:CHIPSEQ:MARK_DUPLICATES_PICARD:BAM_STATS_SAMTOOLS:SAMTOOLS_STATS,1697331936000,1697331970000,2,134.6,,1073741824.0,,,0.05058012911024749,0.05058012911024749,0.0,804.218616,
1137,NFCORE_CHIPSEQ:CHIPSEQ:MARK_DUPLICATES_PICARD:SAMTOOLS_INDEX,1697331952000,1697331964000,2,148.8,,1073741824.0,,,0.019624274594760002,0.019624274594760002,0.0,804.218616,
1139,NFCORE_CHIPSEQ:CHIPSEQ:MARK_DUPLICATES_PICARD:SAMTOOLS_INDEX,1697331956000,1697331967000,2,155.6,,1073741824.0,,,0.018766971965252503,0.018766971965252503,0.0,804.218616,
1142,NFCORE_CHIPSEQ:CHIPSEQ:MARK_DUPLICATES_PICARD:SAMTOOLS_INDEX,1697331955000,1697331966000,2,162.6,,1073741824.0,,,0.01956790948099625,0.01956790948099625,0.0,804.218616,
1148,NFCORE_CHIPSEQ:CHIPSEQ:MARK_DUPLICATES_PICARD:SAMTOOLS_INDEX,1697331957000,1697331967000,2,158.8,,1073741824.0,,,0.017393740754175,0.017393740754175,0.0,804.218616,
1150,NFCORE_CHIPSEQ:CHIPSEQ:MARK_DUPLICATES_PICARD:SAMTOOLS_INDEX,1697331954000,1697331964000,2,161.5,,1073741824.0,,,0.01767458897398125,0.01767458897398125,0.0,804.218616,
1152,NFCORE_CHIPSEQ:CHIPSEQ:MARK_DUPLICATES_PICARD:SAMTOOLS_INDEX,1697331954000,1697331967000,2,159.4,,1073741824.0,,,0.02269299691059375,0.02269299691059375,0.0,804.218616,
1153,NFCORE_CHIPSEQ:CHIPSEQ:MARK_DUPLICATES_PICARD:BAM_STATS_SAMTOOLS:SAMTOOLS_FLAGSTAT,1697331959000,1697331968000,2,154.9,,1073741824.0,,,0.015289263993009379,0.015289263993009379,0.0,804.218616,
1161,NFCORE_CHIPSEQ:CHIPSEQ:MARK_DUPLICATES_PICARD:SAMTOOLS_INDEX,1697331962000,1697331973000,2,160.6,,1073741824.0,,,0.01933907019078375,0.01933907019078375,0.0,804.218616,
1163,NFCORE_CHIPSEQ:CHIPSEQ:MARK_DUPLICATES_PICARD:SAMTOOLS_INDEX,1697331961000,1697331971000,2,165.5,,1073741824.0,,,0.018090660410731253,0.018090660410731253,0.0,804.218616,
1165,NFCORE_CHIPSEQ:CHIPSEQ:MARK_DUPLICATES_PICARD:SAMTOOLS_INDEX,1697331961000,1697331971000,2,157.4,,1073741824.0,,,0.017248115751312503,0.017248115751312503,0.0,804.218616,
1167,NFCORE_CHIPSEQ:CHIPSEQ:MARK_DUPLICATES_PICARD:SAMTOOLS_INDEX,1697331962000,1697331972000,2,158.0,,1073741824.0,,,0.017310526466825,0.017310526466825,0.0,804.218616,
1170,NFCORE_CHIPSEQ:CHIPSEQ:MARK_DUPLICATES_PICARD:BAM_STATS_SAMTOOLS:SAMTOOLS_IDXSTATS,1697331967000,1697331968000,2,29.1,,1073741824.0,,,0.000390262441755625,0.000390262441755625,0.0,804.218616,
1128,NFCORE_CHIPSEQ:CHIPSEQ:MARK_DUPLICATES_PICARD:BAM_STATS_SAMTOOLS:SAMTOOLS_STATS,1697331946000,1697331983000,2,133.6,,1073741824.0,,,0.05465821559980499,0.05465821559980499,0.0,804.218616,
1143,NFCORE_CHIPSEQ:CHIPSEQ:MARK_DUPLICATES_PICARD:SAMTOOLS_INDEX,1697331970000,1697331981000,2,167.1,,1073741824.0,,,0.020082797883974372,0.020082797883974372,0.0,804.218616,
1174,NFCORE_CHIPSEQ:CHIPSEQ:MARK_DUPLICATES_PICARD:SAMTOOLS_INDEX,1697331969000,1697331982000,2,161.4,,1073741824.0,,,0.02296344334448125,0.02296344334448125,0.0,804.218616,
1176,NFCORE_CHIPSEQ:CHIPSEQ:MARK_DUPLICATES_PICARD:SAMTOOLS_INDEX,1697331971000,1697331983000,2,158.8,,1073741824.0,,,0.020872488905010003,0.020872488905010003,0.0,804.218616,
1177,NFCORE_CHIPSEQ:CHIPSEQ:MARK_DUPLICATES_PICARD:SAMTOOLS_INDEX,1697331971000,1697331982000,2,159.9,,1073741824.0,,,0.019258976439209374,0.019258976439209374,0.0,804.218616,
1179,NFCORE_CHIPSEQ:CHIPSEQ:MARK_DUPLICATES_PICARD:SAMTOOLS_INDEX,1697331976000,1697331987000,2,159.4,,1073741824.0,,,0.019201766616656245,0.019201766616656245,0.0,804.218616,
1181,NFCORE_CHIPSEQ:CHIPSEQ:MARK_DUPLICATES_PICARD:SAMTOOLS_INDEX,1697331974000,1697331985000,2,165.5,,1073741824.0,,,0.019899726451804378,0.019899726451804378,0.0,804.218616,
1183,NFCORE_CHIPSEQ:CHIPSEQ:MARK_DUPLICATES_PICARD:SAMTOOLS_INDEX,1697331974000,1697331984000,2,165.8,,1073741824.0,,,0.0181218657684875,0.0181218657684875,0.0,804.218616,
1187,NFCORE_CHIPSEQ:CHIPSEQ:MARK_DUPLICATES_PICARD:BAM_STATS_SAMTOOLS:SAMTOOLS_FLAGSTAT,1697331976000,1697331985000,2,150.7,,1073741824.0,,,0.014896076485280624,0.014896076485280624,0.0,804.218616,
1197,NFCORE_CHIPSEQ:CHIPSEQ:MARK_DUPLICATES_PICARD:BAM_STATS_SAMTOOLS:SAMTOOLS_IDXSTATS,1697331989000,1697331989000,2,38.8,,1073741824.0,,,0.0,0.0,0.0,804.218616,
1209,NFCORE_CHIPSEQ:CHIPSEQ:MARK_DUPLICATES_PICARD:BAM_STATS_SAMTOOLS:SAMTOOLS_IDXSTATS,1697331977000,1697331978000,2,44.8,,1073741824.0,,,0.00055357048068,0.00055357048068,0.0,804.218616,
1084,NFCORE_CHIPSEQ:CHIPSEQ:PRESEQ_LCEXTRAP,1697331902000,1697331989000,2,100.5,,1073741824.0,,,0.09856664620283064,0.09856664620283064,0.0,804.218616,
1134,NFCORE_CHIPSEQ:CHIPSEQ:MARK_DUPLICATES_PICARD:BAM_STATS_SAMTOOLS:SAMTOOLS_STATS,1697331949000,1697331987000,2,134.5,,1073741824.0,,,0.05649120574849125,0.05649120574849125,0.0,804.218616,
1155,NFCORE_CHIPSEQ:CHIPSEQ:MARK_DUPLICATES_PICARD:BAM_STATS_SAMTOOLS:SAMTOOLS_STATS,1697331960000,1697331999000,2,134.2,,1073741824.0,,,0.05785611553083375,0.05785611553083375,0.0,804.218616,
1169,NFCORE_CHIPSEQ:CHIPSEQ:MARK_DUPLICATES_PICARD:BAM_STATS_SAMTOOLS:SAMTOOLS_FLAGSTAT,1697331988000,1697331997000,2,151.4,,1073741824.0,,,0.014961607736568752,0.014961607736568752,0.0,804.218616,
1185,NFCORE_CHIPSEQ:CHIPSEQ:MARK_DUPLICATES_PICARD:SAMTOOLS_INDEX,1697331979000,1697331991000,2,148.9,,1073741824.0,,,0.0196367567378625,0.0196367567378625,0.0,804.218616,
1216,NFCORE_CHIPSEQ:CHIPSEQ:MARK_DUPLICATES_PICARD:BAM_STATS_SAMTOOLS:SAMTOOLS_IDXSTATS,1697331995000,1697331997000,2,126.0,,1073741824.0,,,0.002796390994565,0.002796390994565,0.0,804.218616,
1228,NFCORE_CHIPSEQ:CHIPSEQ:MARK_DUPLICATES_PICARD:SAMTOOLS_INDEX,1697331980000,1697331991000,2,156.7,,1073741824.0,,,0.018892833574869376,0.018892833574869376,0.0,804.218616,
1229,NFCORE_CHIPSEQ:CHIPSEQ:MARK_DUPLICATES_PICARD:SAMTOOLS_INDEX,1697331982000,1697331993000,2,166.0,,1073741824.0,,,0.019956936274357504,0.019956936274357504,0.0,804.218616,
1232,NFCORE_CHIPSEQ:CHIPSEQ:MARK_DUPLICATES_PICARD:SAMTOOLS_INDEX,1697331986000,1697331999000,2,162.8,,1073741824.0,,,0.0231527558482025,0.0231527558482025,0.0,804.218616,
1236,NFCORE_CHIPSEQ:CHIPSEQ:MARK_DUPLICATES_PICARD:SAMTOOLS_INDEX,1697331981000,1697331992000,2,159.9,,1073741824.0,,,0.019258976439209374,0.019258976439209374,0.0,804.218616,
1237,NFCORE_CHIPSEQ:CHIPSEQ:MARK_DUPLICATES_PICARD:SAMTOOLS_INDEX,1697331987000,1697331999000,2,160.9,,1073741824.0,,,0.0211346139101625,0.0211346139101625,0.0,804.218616,
1239,NFCORE_CHIPSEQ:CHIPSEQ:MARK_DUPLICATES_PICARD:BAM_STATS_SAMTOOLS:SAMTOOLS_FLAGSTAT,1697331994000,1697332004000,2,157.5,,1073741824.0,,,0.017258517537231254,0.017258517537231254,0.0,804.218616,
1240,NFCORE_CHIPSEQ:CHIPSEQ:MARK_DUPLICATES_PICARD:BAM_STATS_SAMTOOLS:SAMTOOLS_IDXSTATS,1697331990000,1697331991000,2,46.2,,1073741824.0,,,0.0005681329809662501,0.0005681329809662501,0.0,804.218616,
1249,NFCORE_CHIPSEQ:CHIPSEQ:MARK_DUPLICATES_PICARD:BAM_STATS_SAMTOOLS:SAMTOOLS_IDXSTATS,1697332000000,1697332001000,2,53.9,,1073741824.0,,,0.0006482267325406251,0.0006482267325406251,0.0,804.218616,
1261,NFCORE_CHIPSEQ:CHIPSEQ:MARK_DUPLICATES_PICARD:BAM_STATS_SAMTOOLS:SAMTOOLS_IDXSTATS,1697331993000,1697331994000,2,32.0,,1073741824.0,,,0.00042042762092,0.00042042762092,0.0,804.218616,
1259,NFCORE_CHIPSEQ:CHIPSEQ:MARK_DUPLICATES_PICARD:BAM_STATS_SAMTOOLS:SAMTOOLS_FLAGSTAT,1697331998000,1697332011000,2,149.6,,1073741824.0,,,0.021367809384544998,0.021367809384544998,0.0,804.218616,
1101,NFCORE_CHIPSEQ:CHIPSEQ:PRESEQ_LCEXTRAP,1697331911000,1697332011000,2,101.0,,1073741824.0,,,0.113815084931375,0.113815084931375,0.0,804.218616,
1160,NFCORE_CHIPSEQ:CHIPSEQ:MARK_DUPLICATES_PICARD:BAM_STATS_SAMTOOLS:SAMTOOLS_FLAGSTAT,1697331995000,1697332007000,2,148.0,,1073741824.0,,,0.01952441744994,0.01952441744994,0.0,804.218616,
1198,NFCORE_CHIPSEQ:CHIPSEQ:MARK_DUPLICATES_PICARD:BAM_STATS_SAMTOOLS:SAMTOOLS_FLAGSTAT,1697331994000,1697332007000,2,145.6,,1073741824.0,,,0.020826916516769996,0.020826916516769996,0.0,804.218616,
1215,NFCORE_CHIPSEQ:CHIPSEQ:MARK_DUPLICATES_PICARD:BAM_STATS_SAMTOOLS:SAMTOOLS_FLAGSTAT,1697331996000,1697332007000,2,154.1,,1073741824.0,,,0.018595342497593127,0.018595342497593127,0.0,804.218616,
1233,NFCORE_CHIPSEQ:CHIPSEQ:MARK_DUPLICATES_PICARD:SAMTOOLS_INDEX,1697331998000,1697332009000,2,167.0,,1073741824.0,,,0.020071355919463754,0.020071355919463754,0.0,804.218616,
1267,NFCORE_CHIPSEQ:CHIPSEQ:MARK_DUPLICATES_PICARD:SAMTOOLS_INDEX,1697331998000,1697332010000,2,164.5,,1073741824.0,,,0.0215839710618525,0.0215839710618525,0.0,804.218616,
1272,NFCORE_CHIPSEQ:CHIPSEQ:MARK_DUPLICATES_PICARD:SAMTOOLS_INDEX,1697332011000,1697332024000,2,159.2,,1073741824.0,,,0.022665952267204997,0.022665952267204997,0.0,804.218616,
1274,NFCORE_CHIPSEQ:CHIPSEQ:MARK_DUPLICATES_PICARD:BAM_STATS_SAMTOOLS:SAMTOOLS_FLAGSTAT,1697332007000,1697332018000,2,146.7,,1073741824.0,,,0.01774863712380687,0.01774863712380687,0.0,804.218616,
1282,NFCORE_CHIPSEQ:CHIPSEQ:MARK_DUPLICATES_PICARD:BAM_STATS_SAMTOOLS:SAMTOOLS_FLAGSTAT,1697332012000,1697332023000,2,145.4,,1073741824.0,,,0.01759989158516875,0.01759989158516875,0.0,804.218616,
1284,NFCORE_CHIPSEQ:CHIPSEQ:MARK_DUPLICATES_PICARD:BAM_STATS_SAMTOOLS:SAMTOOLS_IDXSTATS,1697332013000,1697332014000,2,25.2,,1073741824.0,,,0.0003496954766725,0.0003496954766725,0.0,804.218616,
1112,NFCORE_CHIPSEQ:CHIPSEQ:PRESEQ_LCEXTRAP,1697331922000,1697332023000,2,100.7,,1073741824.0,,,0.11463806166735065,0.11463806166735065,0.0,804.218616,
1113,NFCORE_CHIPSEQ:CHIPSEQ:PRESEQ_LCEXTRAP,1697331922000,1697332028000,2,100.9,,1073741824.0,,,0.12053373109651876,0.12053373109651876,0.0,804.218616,
1196,NFCORE_CHIPSEQ:CHIPSEQ:MARK_DUPLICATES_PICARD:BAM_STATS_SAMTOOLS:SAMTOOLS_STATS,1697331990000,1697332029000,2,132.9,,1073741824.0,,,0.05732874498475313,0.05732874498475313,0.0,804.218616,
1208,NFCORE_CHIPSEQ:CHIPSEQ:MARK_DUPLICATES_PICARD:BAM_STATS_SAMTOOLS:SAMTOOLS_FLAGSTAT,1697332021000,1697332030000,2,151.7,,1073741824.0,,,0.014989692558549374,0.014989692558549374,0.0,804.218616,
1242,NFCORE_CHIPSEQ:CHIPSEQ:MARK_DUPLICATES_PICARD:BAM_STATS_SAMTOOLS:SAMTOOLS_STATS,1697331991000,1697332028000,2,136.2,,1073741824.0,,,0.05565886740518875,0.05565886740518875,0.0,804.218616,
1250,NFCORE_CHIPSEQ:CHIPSEQ:MARK_DUPLICATES_PICARD:BAM_STATS_SAMTOOLS:SAMTOOLS_FLAGSTAT,1697332015000,1697332028000,2,152.8,,1073741824.0,,,0.021800523678765,0.021800523678765,0.0,804.218616,
1262,NFCORE_CHIPSEQ:CHIPSEQ:MARK_DUPLICATES_PICARD:BAM_STATS_SAMTOOLS:SAMTOOLS_STATS,1697331994000,1697332037000,2,133.7,,1073741824.0,,,0.06356643770084563,0.06356643770084563,0.0,804.218616,
1270,NFCORE_CHIPSEQ:CHIPSEQ:MARK_DUPLICATES_PICARD:SAMTOOLS_INDEX,1697332014000,1697332026000,2,158.2,,1073741824.0,,,0.020797596046395,0.020797596046395,0.0,804.218616,
1297,NFCORE_CHIPSEQ:CHIPSEQ:MARK_DUPLICATES_PICARD:SAMTOOLS_INDEX,1697332022000,1697332034000,2,161.8,,1073741824.0,,,0.021246953198085002,0.021246953198085002,0.0,804.218616,
1300,NFCORE_CHIPSEQ:CHIPSEQ:MARK_DUPLICATES_PICARD:SAMTOOLS_INDEX,1697332018000,1697332031000,2,157.7,,1073741824.0,,,0.02246311744178937,0.02246311744178937,0.0,804.218616,
1303,NFCORE_CHIPSEQ:CHIPSEQ:MARK_DUPLICATES_PICARD:BAM_STATS_SAMTOOLS:SAMTOOLS_IDXSTATS,1697332039000,1697332039000,2,63.2,,1073741824.0,,,0.0,0.0,0.0,804.218616,
1304,NFCORE_CHIPSEQ:CHIPSEQ:MARK_DUPLICATES_PICARD:BAM_STATS_SAMTOOLS:SAMTOOLS_FLAGSTAT,1697332030000,1697332041000,2,150.6,,1073741824.0,,,0.01819487373972125,0.01819487373972125,0.0,804.218616,
1312,NFCORE_CHIPSEQ:CHIPSEQ:MARK_DUPLICATES_PICARD:BAM_STATS_SAMTOOLS:SAMTOOLS_IDXSTATS,1697332034000,1697332035000,2,67.7,,1073741824.0,,,0.000791771378219375,0.000791771378219375,0.0,804.218616,
1085,NFCORE_CHIPSEQ:CHIPSEQ:FILTER_BAM_BAMTOOLS:BAM_FILTER,1697331939000,1697332036000,2,145.4,,1073741824.0,,,0.15519904397830628,0.15519904397830628,0.0,804.218616,
1100,NFCORE_CHIPSEQ:CHIPSEQ:FILTER_BAM_BAMTOOLS:BAM_FILTER,1697331921000,1697332044000,2,139.8,,1073741824.0,,,0.18963403758423378,0.18963403758423378,0.0,804.218616,
1106,NFCORE_CHIPSEQ:CHIPSEQ:FILTER_BAM_BAMTOOLS:BAM_FILTER,1697331946000,1697332040000,2,141.7,,1073741824.0,,,0.14678133240344624,0.14678133240344624,0.0,804.218616,
1119,NFCORE_CHIPSEQ:CHIPSEQ:PRESEQ_LCEXTRAP,1697331932000,1697332048000,2,100.6,,1073741824.0,,,0.131542855653765,0.131542855653765,0.0,804.218616,
1218,NFCORE_CHIPSEQ:CHIPSEQ:MARK_DUPLICATES_PICARD:BAM_STATS_SAMTOOLS:SAMTOOLS_STATS,1697331996000,1697332036000,2,132.7,,1073741824.0,,,0.05871549851752501,0.05871549851752501,0.0,804.218616,
1247,NFCORE_CHIPSEQ:CHIPSEQ:MARK_DUPLICATES_PICARD:BAM_STATS_SAMTOOLS:SAMTOOLS_STATS,1697332004000,1697332048000,2,134.5,,1073741824.0,,,0.06541086981404251,0.06541086981404251,0.0,804.218616,
1315,NFCORE_CHIPSEQ:CHIPSEQ:MARK_DUPLICATES_PICARD:SAMTOOLS_INDEX,1697332037000,1697332050000,2,159.7,,1073741824.0,,,0.022733563875676873,0.022733563875676873,0.0,804.218616,
1318,NFCORE_CHIPSEQ:CHIPSEQ:FILTER_BAM_BAMTOOLS:BAM_REMOVE_ORPHANS,1697332035000,1697332035000,2,27.1,,1073741824.0,,,0.0,0.0,0.0,804.218616,
1093,NFCORE_CHIPSEQ:CHIPSEQ:FILTER_BAM_BAMTOOLS:BAM_FILTER,1697331917000,1697332056000,2,139.5,,1073741824.0,,,0.21386812539880187,0.21386812539880187,0.0,804.218616,
1130,NFCORE_CHIPSEQ:CHIPSEQ:PRESEQ_LCEXTRAP,1697331939000,1697332056000,2,100.4,,1073741824.0,,,0.13243344399821252,0.13243344399821252,0.0,804.218616,
1131,NFCORE_CHIPSEQ:CHIPSEQ:PRESEQ_LCEXTRAP,1697331944000,1697332058000,2,100.7,,1073741824.0,,,0.12939345574334626,0.12939345574334626,0.0,804.218616,
1158,NFCORE_CHIPSEQ:CHIPSEQ:MARK_DUPLICATES_PICARD:BAM_STATS_SAMTOOLS:SAMTOOLS_IDXSTATS,1697332062000,1697332063000,2,71.6,,1073741824.0,,,0.0008323383433025,0.0008323383433025,0.0,804.218616,
1210,NFCORE_CHIPSEQ:CHIPSEQ:MARK_DUPLICATES_PICARD:BAM_STATS_SAMTOOLS:SAMTOOLS_STATS,1697332021000,1697332058000,2,137.6,,1073741824.0,,,0.05619767991578001,0.05619767991578001,0.0,804.218616,
1283,NFCORE_CHIPSEQ:CHIPSEQ:MARK_DUPLICATES_PICARD:BAM_STATS_SAMTOOLS:SAMTOOLS_STATS,1697332012000,1697332059000,2,135.7,,1073741824.0,,,0.07045736257263563,0.07045736257263563,0.0,804.218616,
1301,NFCORE_CHIPSEQ:CHIPSEQ:FILTER_BAM_BAMTOOLS:BAM_REMOVE_ORPHANS,1697332052000,1697332052000,2,64.0,,1073741824.0,,,0.0,0.0,0.0,804.218616,
1313,NFCORE_CHIPSEQ:CHIPSEQ:MARK_DUPLICATES_PICARD:BAM_STATS_SAMTOOLS:SAMTOOLS_FLAGSTAT,1697332048000,1697332060000,2,151.3,,1073741824.0,,,0.019936328172322503,0.019936328172322503,0.0,804.218616,
1317,NFCORE_CHIPSEQ:CHIPSEQ:MARK_DUPLICATES_PICARD:SAMTOOLS_INDEX,1697332041000,1697332058000,2,159.4,,1073741824.0,,,0.029675457498468755,0.029675457498468755,0.0,804.218616,
1333,NFCORE_CHIPSEQ:CHIPSEQ:FILTER_BAM_BAMTOOLS:BAM_REMOVE_ORPHANS,1697332050000,1697332051000,2,41.7,,1073741824.0,,,0.000521324944331875,0.000521324944331875,0.0,804.218616,
1334,NFCORE_CHIPSEQ:CHIPSEQ:FILTER_BAM_BAMTOOLS:BAM_REMOVE_ORPHANS,1697332060000,1697332061000,2,21.9,,1073741824.0,,,0.000315369583140625,0.000315369583140625,0.0,804.218616,
1335,NFCORE_CHIPSEQ:CHIPSEQ:FILTER_BAM_BAMTOOLS:BAM_REMOVE_ORPHANS,1697332050000,1697332051000,2,37.8,,1073741824.0,,,0.00048075797924875,0.00048075797924875,0.0,804.218616,
1074,NFCORE_CHIPSEQ:CHIPSEQ:FILTER_BAM_BAMTOOLS:BAM_FILTER,1697331922000,1697332061000,2,139.9,,1073741824.0,,,0.21444646469588438,0.21444646469588438,0.0,804.218616,
1138,NFCORE_CHIPSEQ:CHIPSEQ:PRESEQ_LCEXTRAP,1697331951000,1697332072000,2,100.7,,1073741824.0,,,0.13733866793811314,0.13733866793811314,0.0,804.218616,
1140,NFCORE_CHIPSEQ:CHIPSEQ:PRESEQ_LCEXTRAP,1697331957000,1697332071000,2,100.5,,1073741824.0,,,0.12915629502439877,0.12915629502439877,0.0,804.218616,
1149,NFCORE_CHIPSEQ:CHIPSEQ:PRESEQ_LCEXTRAP,1697331957000,1697332071000,2,100.5,,1073741824.0,,,0.12915629502439877,0.12915629502439877,0.0,804.218616,
1151,NFCORE_CHIPSEQ:CHIPSEQ:PRESEQ_LCEXTRAP,1697331954000,1697332070000,2,100.7,,1073741824.0,,,0.13166351637042253,0.13166351637042253,0.0,804.218616,
1172,NFCORE_CHIPSEQ:CHIPSEQ:MARK_DUPLICATES_PICARD:BAM_STATS_SAMTOOLS:SAMTOOLS_STATS,1697332032000,1697332073000,2,133.8,,1073741824.0,,,0.06065250652539877,0.06065250652539877,0.0,804.218616,
1201,NFCORE_CHIPSEQ:CHIPSEQ:MARK_DUPLICATES_PICARD:BAM_STATS_SAMTOOLS:SAMTOOLS_IDXSTATS,1697332072000,1697332072000,2,84.2,,1073741824.0,,,0.0,0.0,0.0,804.218616,
1332,NFCORE_CHIPSEQ:CHIPSEQ:MARK_DUPLICATES_PICARD:SAMTOOLS_INDEX,1697332063000,1697332076000,2,161.5,,1073741824.0,,,0.022976965666175624,0.022976965666175624,0.0,804.218616,
1341,NFCORE_CHIPSEQ:CHIPSEQ:FILTER_BAM_BAMTOOLS:BAM_REMOVE_ORPHANS,1697332063000,1697332064000,2,80.7,,1073741824.0,,,0.0009269945951631252,0.0009269945951631252,0.0,804.218616,
1092,NFCORE_CHIPSEQ:CHIPSEQ:FILTER_BAM_BAMTOOLS:BAM_FILTER,1697331939000,1697332080000,2,143.3,,1073741824.0,,,0.22251864150843945,0.22251864150843945,0.0,804.218616,
1202,NFCORE_CHIPSEQ:CHIPSEQ:MARK_DUPLICATES_PICARD:BAM_STATS_SAMTOOLS:SAMTOOLS_FLAGSTAT,1697332071000,1697332080000,2,153.5,,1073741824.0,,,0.015158201490433126,0.015158201490433126,0.0,804.218616,
1311,NFCORE_CHIPSEQ:CHIPSEQ:MARK_DUPLICATES_PICARD:BAM_STATS_SAMTOOLS:SAMTOOLS_STATS,1697332038000,1697332083000,2,135.0,,1073741824.0,,,0.06713152067480625,0.06713152067480625,0.0,804.218616,
1329,NFCORE_CHIPSEQ:CHIPSEQ:MARK_DUPLICATES_PICARD:BAM_STATS_SAMTOOLS:SAMTOOLS_IDXSTATS,1697332080000,1697332082000,2,60.7,,1073741824.0,,,0.00143791775357625,0.00143791775357625,0.0,804.218616,
1342,NFCORE_CHIPSEQ:CHIPSEQ:FILTER_BAM_BAMTOOLS:BAM_SORT_SAMTOOLS:SAMTOOLS_SORT,1697332073000,1697332086000,5,438.8,,6309281792.0,,,0.06602525409175923,0.06602525409175923,0.0,804.218616,
1348,NFCORE_CHIPSEQ:CHIPSEQ:FILTER_BAM_BAMTOOLS:BAM_SORT_SAMTOOLS:SAMTOOLS_SORT,1697332075000,1697332087000,5,398.4,,6309281792.0,,,0.055903602578983136,0.055903602578983136,0.0,804.218616,
1350,NFCORE_CHIPSEQ:CHIPSEQ:FILTER_BAM_BAMTOOLS:BAM_REMOVE_ORPHANS,1697332087000,1697332088000,2,9.5,,1073741824.0,,,0.00018638743774812498,0.00018638743774812498,0.0,804.218616,
1110,NFCORE_CHIPSEQ:CHIPSEQ:FILTER_BAM_BAMTOOLS:BAM_FILTER,1697331935000,1697332091000,2,138.9,,1073741824.0,,,0.2390510515589625,0.2390510515589625,0.0,804.218616,
1133,NFCORE_CHIPSEQ:CHIPSEQ:FILTER_BAM_BAMTOOLS:BAM_FILTER,1697331949000,1697332088000,2,140.6,,1073741824.0,,,0.21545855846577877,0.21545855846577877,0.0,804.218616,
1144,NFCORE_CHIPSEQ:CHIPSEQ:PRESEQ_LCEXTRAP,1697331976000,1697332088000,2,100.2,,1073741824.0,,,0.12654089510482,0.12654089510482,0.0,804.218616,
1147,NFCORE_CHIPSEQ:CHIPSEQ:PRESEQ_LCEXTRAP,1697331970000,1697332085000,2,100.4,,1073741824.0,,,0.1301696244426875,0.1301696244426875,0.0,804.218616,
1162,NFCORE_CHIPSEQ:CHIPSEQ:PRESEQ_LCEXTRAP,1697331968000,1697332089000,2,100.5,,1073741824.0,,,0.1370869447188794,0.1370869447188794,0.0,804.218616,
1166,NFCORE_CHIPSEQ:CHIPSEQ:PRESEQ_LCEXTRAP,1697331961000,1697332085000,2,100.7,,1073741824.0,,,0.14074375887872748,0.14074375887872748,0.0,804.218616,
1168,NFCORE_CHIPSEQ:CHIPSEQ:PRESEQ_LCEXTRAP,1697331962000,1697332085000,2,100.7,,1073741824.0,,,0.13960872856518938,0.13960872856518938,0.0,804.218616,
1184,NFCORE_CHIPSEQ:CHIPSEQ:PRESEQ_LCEXTRAP,1697331973000,1697332094000,2,100.3,,1073741824.0,,,0.13683522149964564,0.13683522149964564,0.0,804.218616,
1213,NFCORE_CHIPSEQ:CHIPSEQ:MARK_DUPLICATES_PICARD:BAM_STATS_SAMTOOLS:SAMTOOLS_IDXSTATS,1697332090000,1697332091000,2,93.4,,1073741824.0,,,0.0010590972763312501,0.0010590972763312501,0.0,804.218616,
1257,NFCORE_CHIPSEQ:CHIPSEQ:MARK_DUPLICATES_PICARD:BAM_STATS_SAMTOOLS:SAMTOOLS_IDXSTATS,1697332087000,1697332088000,2,60.7,,1073741824.0,,,0.000718958876788125,0.000718958876788125,0.0,804.218616,
1255,NFCORE_CHIPSEQ:CHIPSEQ:MARK_DUPLICATES_PICARD:BAM_STATS_SAMTOOLS:SAMTOOLS_FLAGSTAT,1697332073000,1697332085000,2,149.1,,1073741824.0,,,0.019661721024067498,0.019661721024067498,0.0,804.218616,
1302,NFCORE_CHIPSEQ:CHIPSEQ:MARK_DUPLICATES_PICARD:BAM_STATS_SAMTOOLS:SAMTOOLS_STATS,1697332042000,1697332088000,2,133.7,,1073741824.0,,,0.06800130544741625,0.06800130544741625,0.0,804.218616,
1344,NFCORE_CHIPSEQ:CHIPSEQ:MARK_DUPLICATES_PICARD:BAM_STATS_SAMTOOLS:SAMTOOLS_FLAGSTAT,1697332088000,1697332102000,2,147.5,,1073741824.0,,,0.02270567452349875,0.02270567452349875,0.0,804.218616,
1349,NFCORE_CHIPSEQ:CHIPSEQ:FILTER_BAM_BAMTOOLS:BAM_SORT_SAMTOOLS:SAMTOOLS_SORT,1697332088000,1697332097000,5,413.7,,6309281792.0,,,0.04336002785524922,0.04336002785524922,0.0,804.218616,
1356,NFCORE_CHIPSEQ:CHIPSEQ:FILTER_BAM_BAMTOOLS:BAM_REMOVE_ORPHANS,1697332084000,1697332085000,2,36.8,,1073741824.0,,,0.00047035619332999997,0.00047035619332999997,0.0,804.218616,
1358,NFCORE_CHIPSEQ:CHIPSEQ:FILTER_BAM_BAMTOOLS:BAM_SORT_SAMTOOLS:SAMTOOLS_INDEX,1697332091000,1697332097000,2,156.6,,1073741824.0,,,0.0102989408783775,0.0102989408783775,0.0,804.218616,
1125,NFCORE_CHIPSEQ:CHIPSEQ:FILTER_BAM_BAMTOOLS:BAM_FILTER,1697331945000,1697332098000,2,138.8,,1073741824.0,,,0.23429476862750254,0.23429476862750254,0.0,804.218616,
1159,NFCORE_CHIPSEQ:CHIPSEQ:MARK_DUPLICATES_PICARD:BAM_STATS_SAMTOOLS:SAMTOOLS_STATS,1697332064000,1697332103000,2,132.6,,1073741824.0,,,0.05720704408950375,0.05720704408950375,0.0,804.218616,
1173,NFCORE_CHIPSEQ:CHIPSEQ:PRESEQ_LCEXTRAP,1697331973000,1697332104000,2,100.3,,1073741824.0,,,0.14814391749135186,0.14814391749135186,0.0,804.218616,
1175,NFCORE_CHIPSEQ:CHIPSEQ:PRESEQ_LCEXTRAP,1697331974000,1697332101000,2,100.6,,1073741824.0,,,0.14401674713817372,0.14401674713817372,0.0,804.218616,
1178,NFCORE_CHIPSEQ:CHIPSEQ:PRESEQ_LCEXTRAP,1697331973000,1697332098000,2,100.4,,1073741824.0,,,0.1414887222203125,0.1414887222203125,0.0,804.218616,
1180,NFCORE_CHIPSEQ:CHIPSEQ:PRESEQ_LCEXTRAP,1697331970000,1697332097000,2,100.4,,1073741824.0,,,0.1437525417758375,0.1437525417758375,0.0,804.218616,
1182,NFCORE_CHIPSEQ:CHIPSEQ:PRESEQ_LCEXTRAP,1697331971000,1697332098000,2,100.7,,1073741824.0,,,0.14414884981934187,0.14414884981934187,0.0,804.218616,
1186,NFCORE_CHIPSEQ:CHIPSEQ:PRESEQ_LCEXTRAP,1697331979000,1697332106000,2,100.6,,1073741824.0,,,0.14401674713817372,0.14401674713817372,0.0,804.218616,
1191,NFCORE_CHIPSEQ:CHIPSEQ:MARK_DUPLICATES_PICARD:BAM_STATS_SAMTOOLS:SAMTOOLS_IDXSTATS,1697332107000,1697332107000,2,68.6,,1073741824.0,,,0.0,0.0,0.0,804.218616,
1200,NFCORE_CHIPSEQ:CHIPSEQ:MARK_DUPLICATES_PICARD:BAM_STATS_SAMTOOLS:SAMTOOLS_STATS,1697332072000,1697332111000,2,138.4,,1073741824.0,,,0.05955992806432501,0.05955992806432501,0.0,804.218616,
1204,NFCORE_CHIPSEQ:CHIPSEQ:MARK_DUPLICATES_PICARD:BAM_STATS_SAMTOOLS:SAMTOOLS_IDXSTATS,1697332105000,1697332106000,2,70.1,,1073741824.0,,,0.0008167356644243749,0.0008167356644243749,0.0,804.218616,
1206,NFCORE_CHIPSEQ:CHIPSEQ:MARK_DUPLICATES_PICARD:BAM_STATS_SAMTOOLS:SAMTOOLS_FLAGSTAT,1697332095000,1697332105000,2,147.9,,1073741824.0,,,0.016259946089031252,0.016259946089031252,0.0,804.218616,
1214,NFCORE_CHIPSEQ:CHIPSEQ:MARK_DUPLICATES_PICARD:BAM_STATS_SAMTOOLS:SAMTOOLS_FLAGSTAT,1697332091000,1697332102000,2,150.3,,1073741824.0,,,0.018160547846189375,0.018160547846189375,0.0,804.218616,
1227,NFCORE_CHIPSEQ:CHIPSEQ:PRESEQ_LCEXTRAP,1697331980000,1697332115000,2,100.6,,1073741824.0,,,0.15308866821774372,0.15308866821774372,0.0,804.218616,
1235,NFCORE_CHIPSEQ:CHIPSEQ:PRESEQ_LCEXTRAP,1697331981000,1697332115000,2,100.6,,1073741824.0,,,0.15195467808279745,0.15195467808279745,0.0,804.218616,
1256,NFCORE_CHIPSEQ:CHIPSEQ:MARK_DUPLICATES_PICARD:BAM_STATS_SAMTOOLS:SAMTOOLS_STATS,1697332073000,1697332117000,2,134.4,,1073741824.0,,,0.06536510195600001,0.06536510195600001,0.0,804.218616,
1285,NFCORE_CHIPSEQ:CHIPSEQ:MARK_DUPLICATES_PICARD:BAM_STATS_SAMTOOLS:SAMTOOLS_IDXSTATS,1697332102000,1697332102000,2,83.5,,1073741824.0,,,0.0,0.0,0.0,804.218616,
1288,NFCORE_CHIPSEQ:CHIPSEQ:MARK_DUPLICATES_PICARD:BAM_STATS_SAMTOOLS:SAMTOOLS_FLAGSTAT,1697332100000,1697332111000,2,150.2,,1073741824.0,,,0.01814910588167875,0.01814910588167875,0.0,804.218616,
1293,NFCORE_CHIPSEQ:CHIPSEQ:MARK_DUPLICATES_PICARD:BAM_STATS_SAMTOOLS:SAMTOOLS_IDXSTATS,1697332117000,1697332118000,2,51.1,,1073741824.0,,,0.000619101731968125,0.000619101731968125,0.0,804.218616,
1322,NFCORE_CHIPSEQ:CHIPSEQ:MARK_DUPLICATES_PICARD:BAM_STATS_SAMTOOLS:SAMTOOLS_IDXSTATS,1697332108000,1697332109000,2,46.8,,1073741824.0,,,0.0005743740525175,0.0005743740525175,0.0,804.218616,
1340,NFCORE_CHIPSEQ:CHIPSEQ:FILTER_BAM_BAMTOOLS:BAM_SORT_SAMTOOLS:SAMTOOLS_SORT,1697332100000,1697332113000,5,418.8,,6309281792.0,,,0.06332078975288423,0.06332078975288423,0.0,804.218616,
1346,NFCORE_CHIPSEQ:CHIPSEQ:MARK_DUPLICATES_PICARD:BAM_STATS_SAMTOOLS:SAMTOOLS_IDXSTATS,1697332102000,1697332103000,2,74.4,,1073741824.0,,,0.0008614633438750001,0.0008614633438750001,0.0,804.218616,
1353,NFCORE_CHIPSEQ:CHIPSEQ:MARK_DUPLICATES_PICARD:BAM_STATS_SAMTOOLS:SAMTOOLS_FLAGSTAT,1697332092000,1697332105000,2,148.0,,1073741824.0,,,0.021151452237435,0.021151452237435,0.0,804.218616,
1355,NFCORE_CHIPSEQ:CHIPSEQ:FILTER_BAM_BAMTOOLS:BAM_SORT_SAMTOOLS:SAMTOOLS_SORT,1697332089000,1697332103000,5,432.6,,6309281792.0,,,0.07020124477337782,0.07020124477337782,0.0,804.218616,
1360,NFCORE_CHIPSEQ:CHIPSEQ:FILTER_BAM_BAMTOOLS:BAM_SORT_SAMTOOLS:SAMTOOLS_INDEX,1697332110000,1697332119000,2,157.1,,1073741824.0,,,0.015495219354200623,0.015495219354200623,0.0,804.218616,
1363,NFCORE_CHIPSEQ:CHIPSEQ:FILTER_BAM_BAMTOOLS:BAM_SORT_SAMTOOLS:SAMTOOLS_SORT,1697332111000,1697332124000,5,423.6,,6309281792.0,,,0.06396986119421422,0.06396986119421422,0.0,804.218616,
1364,NFCORE_CHIPSEQ:CHIPSEQ:FILTER_BAM_BAMTOOLS:BAM_REMOVE_ORPHANS,1697332098000,1697332099000,2,31.5,,1073741824.0,,,0.000415226727960625,0.000415226727960625,0.0,804.218616,
1365,NFCORE_CHIPSEQ:CHIPSEQ:FILTER_BAM_BAMTOOLS:BAM_REMOVE_ORPHANS,1697332101000,1697332101000,2,78.0,,1073741824.0,,,0.0,0.0,0.0,804.218616,
1366,NFCORE_CHIPSEQ:CHIPSEQ:FILTER_BAM_BAMTOOLS:BAM_SORT_SAMTOOLS:SAMTOOLS_INDEX,1697332106000,1697332110000,2,152.8,,1073741824.0,,,0.006707853439620002,0.006707853439620002,0.0,804.218616,
1370,NFCORE_CHIPSEQ:CHIPSEQ:FILTER_BAM_BAMTOOLS:BAM_SORT_SAMTOOLS:BAM_STATS_SAMTOOLS:SAMTOOLS_FLAGSTAT,1697332118000,1697332124000,2,139.7,,1073741824.0,,,0.00924419978621625,0.00924419978621625,0.0,804.218616,
1372,NFCORE_CHIPSEQ:CHIPSEQ:FILTER_BAM_BAMTOOLS:BAM_SORT_SAMTOOLS:BAM_STATS_SAMTOOLS:SAMTOOLS_IDXSTATS,1697332120000,1697332121000,1,33.7,,1073741824.0,,,0.000438110656981875,0.000438110656981875,0.0,804.218616,
1121,NFCORE_CHIPSEQ:CHIPSEQ:FILTER_BAM_BAMTOOLS:BAM_FILTER,1697331936000,1697332127000,2,138.2,,1073741824.0,,,0.2912935815288288,0.2912935815288288,0.0,804.218616,
1141,NFCORE_CHIPSEQ:CHIPSEQ:PRESEQ_LCEXTRAP,1697331995000,1697332119000,2,100.4,,1073741824.0,,,0.14035681244255,0.14035681244255,0.0,804.218616,
1164,NFCORE_CHIPSEQ:CHIPSEQ:PRESEQ_LCEXTRAP,1697331995000,1697332118000,2,100.6,,1073741824.0,,,0.13948078659838875,0.13948078659838875,0.0,804.218616,
1192,NFCORE_CHIPSEQ:CHIPSEQ:MARK_DUPLICATES_PICARD:BAM_STATS_SAMTOOLS:SAMTOOLS_FLAGSTAT,1697332110000,1697332120000,2,147.9,,1073741824.0,,,0.016259946089031252,0.016259946089031252,0.0,804.218616,
1194,NFCORE_CHIPSEQ:CHIPSEQ:MARK_DUPLICATES_PICARD:BAM_STATS_SAMTOOLS:SAMTOOLS_STATS,1697332087000,1697332128000,2,134.0,,1073741824.0,,,0.0607378011699325,0.0607378011699325,0.0,804.218616,
1231,NFCORE_CHIPSEQ:CHIPSEQ:PRESEQ_LCEXTRAP,1697331989000,1697332120000,2,100.3,,1073741824.0,,,0.14814391749135186,0.14814391749135186,0.0,804.218616,
1252,NFCORE_CHIPSEQ:CHIPSEQ:MARK_DUPLICATES_PICARD:BAM_STATS_SAMTOOLS:SAMTOOLS_FLAGSTAT,1697332125000,1697332135000,2,150.0,,1073741824.0,,,0.016478383593325003,0.016478383593325003,0.0,804.218616,
1268,NFCORE_CHIPSEQ:CHIPSEQ:PRESEQ_LCEXTRAP,1697331998000,1697332133000,2,100.6,,1073741824.0,,,0.15308866821774372,0.15308866821774372,0.0,804.218616,
1295,NFCORE_CHIPSEQ:CHIPSEQ:MARK_DUPLICATES_PICARD:BAM_STATS_SAMTOOLS:SAMTOOLS_FLAGSTAT,1697332123000,1697332135000,2,147.6,,1073741824.0,,,0.019474488877529998,0.019474488877529998,0.0,804.218616,
1319,NFCORE_CHIPSEQ:CHIPSEQ:MARK_DUPLICATES_PICARD:BAM_STATS_SAMTOOLS:SAMTOOLS_FLAGSTAT,1697332113000,1697332125000,2,145.8,,1073741824.0,,,0.019249810301685003,0.019249810301685003,0.0,804.218616,
1324,NFCORE_CHIPSEQ:CHIPSEQ:MARK_DUPLICATES_PICARD:BAM_STATS_SAMTOOLS:SAMTOOLS_IDXSTATS,1697332130000,1697332132000,2,74.4,,1073741824.0,,,0.0017229266877500002,0.0017229266877500002,0.0,804.218616,
1339,NFCORE_CHIPSEQ:CHIPSEQ:MARK_DUPLICATES_PICARD:BAM_STATS_SAMTOOLS:SAMTOOLS_IDXSTATS,1697332122000,1697332124000,2,125.5,,1073741824.0,,,0.00278598920864625,0.00278598920864625,0.0,804.218616,
1337,NFCORE_CHIPSEQ:CHIPSEQ:MARK_DUPLICATES_PICARD:BAM_STATS_SAMTOOLS:SAMTOOLS_FLAGSTAT,1697332120000,1697332133000,2,150.4,,1073741824.0,,,0.021475987958099997,0.021475987958099997,0.0,804.218616,
1345,NFCORE_CHIPSEQ:CHIPSEQ:MARK_DUPLICATES_PICARD:BAM_STATS_SAMTOOLS:SAMTOOLS_STATS,1697332087000,1697332141000,2,133.5,,1073741824.0,,,0.07971528015034875,0.07971528015034875,0.0,804.218616,
1354,NFCORE_CHIPSEQ:CHIPSEQ:MARK_DUPLICATES_PICARD:BAM_STATS_SAMTOOLS:SAMTOOLS_IDXSTATS,1697332132000,1697332133000,2,54.5,,1073741824.0,,,0.0006544678040918751,0.0006544678040918751,0.0,804.218616,
1371,NFCORE_CHIPSEQ:CHIPSEQ:FILTER_BAM_BAMTOOLS:BAM_SORT_SAMTOOLS:BAM_STATS_SAMTOOLS:SAMTOOLS_STATS,1697332122000,1697332143000,2,130.9,,1073741824.0,,,0.03043244921397188,0.03043244921397188,0.0,804.218616,
1373,NFCORE_CHIPSEQ:CHIPSEQ:FILTER_BAM_BAMTOOLS:BAM_REMOVE_ORPHANS,1697332115000,1697332117000,2,36.4,,1073741824.0,,,0.000932390957925,0.000932390957925,0.0,804.218616,
1375,NFCORE_CHIPSEQ:CHIPSEQ:FILTER_BAM_BAMTOOLS:BAM_SORT_SAMTOOLS:SAMTOOLS_INDEX,1697332131000,1697332139000,2,153.8,,1073741824.0,,,0.01349892116659,0.01349892116659,0.0,804.218616,
1379,NFCORE_CHIPSEQ:CHIPSEQ:FILTER_BAM_BAMTOOLS:BAM_SORT_SAMTOOLS:SAMTOOLS_INDEX,1697332129000,1697332135000,2,152.3,,1073741824.0,,,0.01003057480167375,0.01003057480167375,0.0,804.218616,
1381,NFCORE_CHIPSEQ:CHIPSEQ:FILTER_BAM_BAMTOOLS:BAM_SORT_SAMTOOLS:BAM_STATS_SAMTOOLS:SAMTOOLS_FLAGSTAT,1697332133000,1697332138000,2,140.5,,1073741824.0,,,0.007745106965521876,0.007745106965521876,0.0,804.218616,
1382,NFCORE_CHIPSEQ:CHIPSEQ:FILTER_BAM_BAMTOOLS:BAM_SORT_SAMTOOLS:BAM_STATS_SAMTOOLS:SAMTOOLS_IDXSTATS,1697332130000,1697332132000,1,22.4,,1073741824.0,,,0.0006411409522,0.0006411409522,0.0,804.218616,
1383,NFCORE_CHIPSEQ:CHIPSEQ:FILTER_BAM_BAMTOOLS:BAM_SORT_SAMTOOLS:SAMTOOLS_INDEX,1697332129000,1697332134000,2,154.9,,1073741824.0,,,0.008494035551671877,0.008494035551671877,0.0,804.218616,
1387,NFCORE_CHIPSEQ:CHIPSEQ:FILTER_BAM_BAMTOOLS:BAM_SORT_SAMTOOLS:SAMTOOLS_SORT,1697332130000,1697332143000,5,425.9,,6309281792.0,,,0.06428087459318484,0.06428087459318484,0.0,804.218616,
1390,NFCORE_CHIPSEQ:CHIPSEQ:FILTER_BAM_BAMTOOLS:BAM_SORT_SAMTOOLS:BAM_STATS_SAMTOOLS:SAMTOOLS_FLAGSTAT,1697332142000,1697332146000,2,143.3,,1073741824.0,,,0.0063125855747075,0.0063125855747075,0.0,804.218616,
1389,NFCORE_CHIPSEQ:CHIPSEQ:FILTER_BAM_BAMTOOLS:BAM_SORT_SAMTOOLS:BAM_STATS_SAMTOOLS:SAMTOOLS_IDXSTATS,1697332136000,1697332138000,1,36.0,,1073741824.0,,,0.00092406952919,0.00092406952919,0.0,804.218616,
1019,NFCORE_CHIPSEQ:CHIPSEQ:MARK_DUPLICATES_PICARD:PICARD_MARKDUPLICATES,1697331951000,1697332150000,2,108.2,,21180186624.0,,,0.5677175674948174,0.5677175674948174,0.0,804.218616,
1022,NFCORE_CHIPSEQ:CHIPSEQ:MARK_DUPLICATES_PICARD:PICARD_MARKDUPLICATES,1697331939000,1697332144000,2,108.4,,21180186624.0,,,0.5852611533052696,0.5852611533052696,0.0,804.218616,
1027,NFCORE_CHIPSEQ:CHIPSEQ:MARK_DUPLICATES_PICARD:PICARD_MARKDUPLICATES,1697331950000,1697332153000,2,108.6,,21180186624.0,,,0.5799736009032755,0.5799736009032755,0.0,804.218616,
1032,NFCORE_CHIPSEQ:CHIPSEQ:MARK_DUPLICATES_PICARD:PICARD_MARKDUPLICATES,1697331970000,1697332152000,2,109.2,,21180186624.0,,,0.5211122068666435,0.5211122068666435,0.0,804.218616,
1118,NFCORE_CHIPSEQ:CHIPSEQ:FILTER_BAM_BAMTOOLS:BAM_FILTER,1697331948000,1697332139000,2,137.6,,1073741824.0,,,0.29010153686254,0.29010153686254,0.0,804.218616,
1146,NFCORE_CHIPSEQ:CHIPSEQ:PRESEQ_LCEXTRAP,1697332032000,1697332150000,2,100.7,,1073741824.0,,,0.13393357699749878,0.13393357699749878,0.0,804.218616,
1154,NFCORE_CHIPSEQ:CHIPSEQ:FILTER_BAM_BAMTOOLS:BAM_FILTER,1697331959000,1697332143000,2,138.9,,1073741824.0,,,0.28195765055672506,0.28195765055672506,0.0,804.218616,
1205,NFCORE_CHIPSEQ:CHIPSEQ:MARK_DUPLICATES_PICARD:BAM_STATS_SAMTOOLS:SAMTOOLS_STATS,1697332093000,1697332134000,2,134.7,,1073741824.0,,,0.061036332425800616,0.061036332425800616,0.0,804.218616,
1212,NFCORE_CHIPSEQ:CHIPSEQ:MARK_DUPLICATES_PICARD:BAM_STATS_SAMTOOLS:SAMTOOLS_STATS,1697332092000,1697332134000,2,134.5,,1073741824.0,,,0.062437648458858755,0.062437648458858755,0.0,804.218616,
1224,NFCORE_CHIPSEQ:CHIPSEQ:MARK_DUPLICATES_PICARD:BAM_STATS_SAMTOOLS:SAMTOOLS_FLAGSTAT,1697332133000,1697332143000,2,153.3,,1073741824.0,,,0.01682164252864375,0.01682164252864375,0.0,804.218616,
1223,NFCORE_CHIPSEQ:CHIPSEQ:MARK_DUPLICATES_PICARD:BAM_STATS_SAMTOOLS:SAMTOOLS_IDXSTATS,1697332133000,1697332135000,2,63.1,,1073741824.0,,,0.00148784632598625,0.00148784632598625,0.0,804.218616,
1230,NFCORE_CHIPSEQ:CHIPSEQ:PRESEQ_LCEXTRAP,1697332011000,1697332140000,2,100.6,,1073741824.0,,,0.14628472740806625,0.14628472740806625,0.0,804.218616,
1243,NFCORE_CHIPSEQ:CHIPSEQ:MARK_DUPLICATES_PICARD:BAM_STATS_SAMTOOLS:SAMTOOLS_IDXSTATS,1697332157000,1697332159000,2,94.8,,1073741824.0,,,0.002147319553235,0.002147319553235,0.0,804.218616,
1244,NFCORE_CHIPSEQ:CHIPSEQ:MARK_DUPLICATES_PICARD:BAM_STATS_SAMTOOLS:SAMTOOLS_FLAGSTAT,1697332148000,1697332159000,2,154.0,,1073741824.0,,,0.0185839005330825,0.0185839005330825,0.0,804.218616,
1254,NFCORE_CHIPSEQ:CHIPSEQ:MARK_DUPLICATES_PICARD:BAM_STATS_SAMTOOLS:SAMTOOLS_IDXSTATS,1697332140000,1697332141000,2,71.5,,1073741824.0,,,0.0008312981647106249,0.0008312981647106249,0.0,804.218616,
1263,NFCORE_CHIPSEQ:CHIPSEQ:MARK_DUPLICATES_PICARD:BAM_STATS_SAMTOOLS:SAMTOOLS_FLAGSTAT,1697332141000,1697332153000,2,151.5,,1073741824.0,,,0.0199612924585275,0.0199612924585275,0.0,804.218616,
1265,NFCORE_CHIPSEQ:CHIPSEQ:MARK_DUPLICATES_PICARD:BAM_STATS_SAMTOOLS:SAMTOOLS_IDXSTATS,1697332139000,1697332141000,2,92.1,,1073741824.0,,,0.00209114990927375,0.00209114990927375,0.0,804.218616,
1271,NFCORE_CHIPSEQ:CHIPSEQ:PRESEQ_LCEXTRAP,1697332011000,1697332149000,2,100.6,,1073741824.0,,,0.15649063862258247,0.15649063862258247,0.0,804.218616,
1287,NFCORE_CHIPSEQ:CHIPSEQ:MARK_DUPLICATES_PICARD:BAM_STATS_SAMTOOLS:SAMTOOLS_STATS,1697332106000,1697332151000,2,134.0,,1073741824.0,,,0.0666634403084625,0.0666634403084625,0.0,804.218616,
1294,NFCORE_CHIPSEQ:CHIPSEQ:MARK_DUPLICATES_PICARD:BAM_STATS_SAMTOOLS:SAMTOOLS_STATS,1697332109000,1697332152000,2,134.4,,1073741824.0,,,0.063879531457,0.063879531457,0.0,804.218616,
1323,NFCORE_CHIPSEQ:CHIPSEQ:MARK_DUPLICATES_PICARD:BAM_STATS_SAMTOOLS:SAMTOOLS_FLAGSTAT,1697332137000,1697332151000,2,142.8,,1073741824.0,,,0.022021237010045002,0.022021237010045002,0.0,804.218616,
1330,NFCORE_CHIPSEQ:CHIPSEQ:MARK_DUPLICATES_PICARD:BAM_STATS_SAMTOOLS:SAMTOOLS_FLAGSTAT,1697332145000,1697332158000,2,151.3,,1073741824.0,,,0.021597688853349374,0.021597688853349374,0.0,804.218616,
1351,NFCORE_CHIPSEQ:CHIPSEQ:MARK_DUPLICATES_PICARD:BAM_STATS_SAMTOOLS:SAMTOOLS_STATS,1697332109000,1697332160000,2,134.1,,1073741824.0,,,0.07560494812444311,0.07560494812444311,0.0,804.218616,
1380,NFCORE_CHIPSEQ:CHIPSEQ:FILTER_BAM_BAMTOOLS:BAM_SORT_SAMTOOLS:BAM_STATS_SAMTOOLS:SAMTOOLS_STATS,1697332135000,1697332154000,2,134.3,,1073741824.0,,,0.02820607608775438,0.02820607608775438,0.0,804.218616,
1394,NFCORE_CHIPSEQ:CHIPSEQ:FILTER_BAM_BAMTOOLS:BAM_REMOVE_ORPHANS,1697332138000,1697332141000,2,5.4,,1073741824.0,,,0.00043122034644375005,0.00043122034644375005,0.0,804.218616,
1396,NFCORE_CHIPSEQ:CHIPSEQ:FILTER_BAM_BAMTOOLS:BAM_SORT_SAMTOOLS:BAM_STATS_SAMTOOLS:SAMTOOLS_IDXSTATS,1697332158000,1697332159000,1,94.6,,1073741824.0,,,0.00107157941943375,0.00107157941943375,0.0,804.218616,
1397,NFCORE_CHIPSEQ:CHIPSEQ:FILTER_BAM_BAMTOOLS:BAM_SORT_SAMTOOLS:BAM_STATS_SAMTOOLS:SAMTOOLS_FLAGSTAT,1697332149000,1697332155000,2,144.1,,1073741824.0,,,0.009518806934471252,0.009518806934471252,0.0,804.218616,
1401,NFCORE_CHIPSEQ:CHIPSEQ:FILTER_BAM_BAMTOOLS:BAM_SORT_SAMTOOLS:BAM_STATS_SAMTOOLS:SAMTOOLS_IDXSTATS,1697332148000,1697332149000,1,25.9,,1073741824.0,,,0.000356976726815625,0.000356976726815625,0.0,804.218616,
1402,NFCORE_CHIPSEQ:CHIPSEQ:FILTER_BAM_BAMTOOLS:BAM_SORT_SAMTOOLS:BAM_STATS_SAMTOOLS:SAMTOOLS_FLAGSTAT,1697332149000,1697332154000,2,147.8,,1073741824.0,,,0.008124772151556253,0.008124772151556253,0.0,804.218616,
1407,NFCORE_CHIPSEQ:CHIPSEQ:FILTER_BAM_BAMTOOLS:BAM_SORT_SAMTOOLS:BAM_STATS_SAMTOOLS:SAMTOOLS_IDXSTATS,1697332150000,1697332153000,1,66.7,,1073741824.0,,,0.0023441087769018754,0.0023441087769018754,0.0,804.218616,
1405,NFCORE_CHIPSEQ:CHIPSEQ:FILTER_BAM_BAMTOOLS:BAM_SORT_SAMTOOLS:BAM_STATS_SAMTOOLS:SAMTOOLS_FLAGSTAT,1697332153000,1697332158000,2,150.4,,1073741824.0,,,0.0082599953685,0.0082599953685,0.0,804.218616,
1409,NFCORE_CHIPSEQ:CHIPSEQ:FILTER_BAM_BAMTOOLS:BAM_SORT_SAMTOOLS:SAMTOOLS_INDEX,1697332158000,1697332165000,2,154.1,,1073741824.0,,,0.011833399771195623,0.011833399771195623,0.0,804.218616,
1000,NFCORE_CHIPSEQ:CHIPSEQ:MARK_DUPLICATES_PICARD:PICARD_MARKDUPLICATES,1697331910000,1697332167000,2,107.6,,21180186624.0,,,0.7315790337880528,0.7315790337880528,0.0,804.218616,
1020,NFCORE_CHIPSEQ:CHIPSEQ:MARK_DUPLICATES_PICARD:PICARD_MARKDUPLICATES,1697331964000,1697332155000,2,108.2,,21180186624.0,,,0.5448947507111062,0.5448947507111062,0.0,804.218616,
1190,NFCORE_CHIPSEQ:CHIPSEQ:MARK_DUPLICATES_PICARD:BAM_STATS_SAMTOOLS:SAMTOOLS_IDXSTATS,1697332163000,1697332165000,2,27.8,,1073741824.0,,,0.0007534802401225001,0.0007534802401225001,0.0,804.218616,
1225,NFCORE_CHIPSEQ:CHIPSEQ:MARK_DUPLICATES_PICARD:BAM_STATS_SAMTOOLS:SAMTOOLS_STATS,1697332133000,1697332173000,2,138.5,,1073741824.0,,,0.06112871285067501,0.06112871285067501,0.0,804.218616,
1269,NFCORE_CHIPSEQ:CHIPSEQ:PRESEQ_LCEXTRAP,1697332030000,1697332172000,2,100.7,,1073741824.0,,,0.16117430452241377,0.16117430452241377,0.0,804.218616,
1299,NFCORE_CHIPSEQ:CHIPSEQ:PRESEQ_LCEXTRAP,1697332028000,1697332175000,2,100.6,,1073741824.0,,,0.16669654983709872,0.16669654983709872,0.0,804.218616,
1338,NFCORE_CHIPSEQ:CHIPSEQ:MARK_DUPLICATES_PICARD:BAM_STATS_SAMTOOLS:SAMTOOLS_STATS,1697332121000,1697332175000,2,134.0,,1073741824.0,,,0.079996128370155,0.079996128370155,0.0,804.218616,
1403,NFCORE_CHIPSEQ:CHIPSEQ:FILTER_BAM_BAMTOOLS:BAM_SORT_SAMTOOLS:BAM_STATS_SAMTOOLS:SAMTOOLS_STATS,1697332155000,1697332176000,2,131.0,,1073741824.0,,,0.030454292964401254,0.030454292964401254,0.0,804.218616,
1406,NFCORE_CHIPSEQ:CHIPSEQ:FILTER_BAM_BAMTOOLS:BAM_SORT_SAMTOOLS:BAM_STATS_SAMTOOLS:SAMTOOLS_STATS,1697332153000,1697332177000,2,128.7,,1073741824.0,,,0.034230727662315,0.034230727662315,0.0,804.218616,
1412,NFCORE_CHIPSEQ:CHIPSEQ:MARK_DUPLICATES_PICARD:SAMTOOLS_INDEX,1697332158000,1697332167000,2,150.9,,1073741824.0,,,0.014914799699934377,0.014914799699934377,0.0,804.218616,
1417,NFCORE_CHIPSEQ:CHIPSEQ:MARK_DUPLICATES_PICARD:SAMTOOLS_INDEX,1697332159000,1697332168000,2,159.6,,1073741824.0,,,0.0157292595373725,0.0157292595373725,0.0,804.218616,
1419,NFCORE_CHIPSEQ:CHIPSEQ:MARK_DUPLICATES_PICARD:SAMTOOLS_INDEX,1697332162000,1697332170000,2,153.8,,1073741824.0,,,0.01349892116659,0.01349892116659,0.0,804.218616,
1421,NFCORE_CHIPSEQ:CHIPSEQ:MARK_DUPLICATES_PICARD:SAMTOOLS_INDEX,1697332161000,1697332167000,2,156.2,,1073741824.0,,,0.0102739765921725,0.0102739765921725,0.0,804.218616,
1422,NFCORE_CHIPSEQ:CHIPSEQ:FILTER_BAM_BAMTOOLS:BAM_REMOVE_ORPHANS,1697332172000,1697332172000,2,64.3,,1073741824.0,,,0.0,0.0,0.0,804.218616,
1423,NFCORE_CHIPSEQ:CHIPSEQ:FILTER_BAM_BAMTOOLS:BAM_REMOVE_ORPHANS,1697332163000,1697332164000,2,28.0,,1073741824.0,,,0.00037882047724499996,0.00037882047724499996,0.0,804.218616,
1018,NFCORE_CHIPSEQ:CHIPSEQ:MARK_DUPLICATES_PICARD:PICARD_MARKDUPLICATES,1697331955000,1697332177000,2,108.4,,21180186624.0,,,0.6337950050427797,0.6337950050427797,0.0,804.218616,
1031,NFCORE_CHIPSEQ:CHIPSEQ:MARK_DUPLICATES_PICARD:PICARD_MARKDUPLICATES,1697331980000,1697332175000,2,108.5,,21180186624.0,,,0.5569146635792086,0.5569146635792086,0.0,804.218616,
1171,NFCORE_CHIPSEQ:CHIPSEQ:FILTER_BAM_BAMTOOLS:BAM_FILTER,1697331967000,1697332180000,2,135.8,,1073741824.0,,,0.3195283288479713,0.3195283288479713,0.0,804.218616,
1195,NFCORE_CHIPSEQ:CHIPSEQ:FILTER_BAM_BAMTOOLS:BAM_FILTER,1697331985000,1697332177000,2,136.1,,1073741824.0,,,0.28862467873188,0.28862467873188,0.0,804.218616,
1211,NFCORE_CHIPSEQ:CHIPSEQ:FILTER_BAM_BAMTOOLS:BAM_FILTER,1697331992000,1697332174000,2,139.5,,1073741824.0,,,0.28002876850778374,0.28002876850778374,0.0,804.218616,
1241,NFCORE_CHIPSEQ:CHIPSEQ:FILTER_BAM_BAMTOOLS:BAM_FILTER,1697331990000,1697332177000,2,136.0,,1073741824.0,,,0.28091389765989,0.28091389765989,0.0,804.218616,
1253,NFCORE_CHIPSEQ:CHIPSEQ:MARK_DUPLICATES_PICARD:BAM_STATS_SAMTOOLS:SAMTOOLS_STATS,1697332141000,1697332185000,2,133.2,,1073741824.0,,,0.06481588765949,0.06481588765949,0.0,804.218616,
1266,NFCORE_CHIPSEQ:CHIPSEQ:MARK_DUPLICATES_PICARD:BAM_STATS_SAMTOOLS:SAMTOOLS_STATS,1697332141000,1697332183000,2,133.8,,1073741824.0,,,0.062131835952847506,0.062131835952847506,0.0,804.218616,
1321,NFCORE_CHIPSEQ:CHIPSEQ:MARK_DUPLICATES_PICARD:BAM_STATS_SAMTOOLS:SAMTOOLS_STATS,1697332131000,1697332181000,2,134.1,,1073741824.0,,,0.07412249816121874,0.07412249816121874,0.0,804.218616,
1386,NFCORE_CHIPSEQ:CHIPSEQ:FILTER_BAM_BAMTOOLS:BAM_SORT_SAMTOOLS:SAMTOOLS_SORT,1697332167000,1697332187000,5,419.4,,6309281792.0,,,0.09754142105084687,0.09754142105084687,0.0,804.218616,
1388,NFCORE_CHIPSEQ:CHIPSEQ:FILTER_BAM_BAMTOOLS:BAM_SORT_SAMTOOLS:BAM_STATS_SAMTOOLS:SAMTOOLS_STATS,1697332163000,1697332179000,2,128.7,,1073741824.0,,,0.022820485108209998,0.022820485108209998,0.0,804.218616,
1415,NFCORE_CHIPSEQ:CHIPSEQ:MARK_DUPLICATES_PICARD:SAMTOOLS_INDEX,1697332176000,1697332183000,2,156.2,,1073741824.0,,,0.011986306024201249,0.011986306024201249,0.0,804.218616,
1428,NFCORE_CHIPSEQ:CHIPSEQ:FILTER_BAM_BAMTOOLS:BAM_SORT_SAMTOOLS:BAM_STATS_SAMTOOLS:SAMTOOLS_FLAGSTAT,1697332174000,1697332179000,2,157.4,,1073741824.0,,,0.008624057875656252,0.008624057875656252,0.0,804.218616,
1429,NFCORE_CHIPSEQ:CHIPSEQ:FILTER_BAM_BAMTOOLS:BAM_SORT_SAMTOOLS:BAM_STATS_SAMTOOLS:SAMTOOLS_IDXSTATS,1697332172000,1697332173000,1,84.8,,1073741824.0,,,0.00096964191743,0.00096964191743,0.0,804.218616,
1433,NFCORE_CHIPSEQ:CHIPSEQ:MARK_DUPLICATES_PICARD:SAMTOOLS_INDEX,1697332177000,1697332185000,2,160.0,,1073741824.0,,,0.01401484974816,0.01401484974816,0.0,804.218616,
1436,NFCORE_CHIPSEQ:CHIPSEQ:MARK_DUPLICATES_PICARD:SAMTOOLS_INDEX,1697332173000,1697332179000,2,168.8,,1073741824.0,,,0.011060351607630003,0.011060351607630003,0.0,804.218616,
1444,NFCORE_CHIPSEQ:CHIPSEQ:MARK_DUPLICATES_PICARD:BAM_STATS_SAMTOOLS:SAMTOOLS_IDXSTATS,1697332181000,1697332182000,2,110.3,,1073741824.0,,,0.001234887458358125,0.001234887458358125,0.0,804.218616,
1441,NFCORE_CHIPSEQ:CHIPSEQ:MARK_DUPLICATES_PICARD:BAM_STATS_SAMTOOLS:SAMTOOLS_FLAGSTAT,1697332182000,1697332189000,2,155.1,,1073741824.0,,,0.011906212272626875,0.011906212272626875,0.0,804.218616,
1445,NFCORE_CHIPSEQ:CHIPSEQ:MARK_DUPLICATES_PICARD:BAM_STATS_SAMTOOLS:SAMTOOLS_IDXSTATS,1697332192000,1697332193000,2,76.2,,1073741824.0,,,0.0008801865585287501,0.0008801865585287501,0.0,804.218616,
1010,NFCORE_CHIPSEQ:CHIPSEQ:MARK_DUPLICATES_PICARD:PICARD_MARKDUPLICATES,1697331960000,1697332195000,2,107.9,,21180186624.0,,,0.6696869171142462,0.6696869171142462,0.0,804.218616,
1188,NFCORE_CHIPSEQ:CHIPSEQ:MARK_DUPLICATES_PICARD:BAM_STATS_SAMTOOLS:SAMTOOLS_STATS,1697332146000,1697332190000,2,134.4,,1073741824.0,,,0.06536510195600001,0.06536510195600001,0.0,804.218616,
1203,NFCORE_CHIPSEQ:CHIPSEQ:FILTER_BAM_BAMTOOLS:BAM_FILTER,1697331992000,1697332194000,2,138.2,,1073741824.0,,,0.3080696516692325,0.3080696516692325,0.0,804.218616,
1207,NFCORE_CHIPSEQ:CHIPSEQ:FILTER_BAM_BAMTOOLS:BAM_FILTER,1697331977000,1697332192000,2,137.8,,1073741824.0,,,0.32700136279160624,0.32700136279160624,0.0,804.218616,
1217,NFCORE_CHIPSEQ:CHIPSEQ:FILTER_BAM_BAMTOOLS:BAM_FILTER,1697331987000,1697332187000,2,135.6,,1073741824.0,,,0.2996105284205,0.2996105284205,0.0,804.218616,
1220,NFCORE_CHIPSEQ:CHIPSEQ:MARK_DUPLICATES_PICARD:BAM_STATS_SAMTOOLS:SAMTOOLS_IDXSTATS,1697332187000,1697332188000,2,78.0,,1073741824.0,,,0.0008989097731824999,0.0008989097731824999,0.0,804.218616,
1221,NFCORE_CHIPSEQ:CHIPSEQ:MARK_DUPLICATES_PICARD:BAM_STATS_SAMTOOLS:SAMTOOLS_FLAGSTAT,1697332185000,1697332197000,2,147.0,,1073741824.0,,,0.019399596018915003,0.019399596018915003,0.0,804.218616,
1219,NFCORE_CHIPSEQ:CHIPSEQ:MARK_DUPLICATES_PICARD:BAM_STATS_SAMTOOLS:SAMTOOLS_STATS,1697332155000,1697332197000,2,133.1,,1073741824.0,,,0.06182602344683625,0.06182602344683625,0.0,804.218616,
1325,NFCORE_CHIPSEQ:CHIPSEQ:MARK_DUPLICATES_PICARD:BAM_STATS_SAMTOOLS:SAMTOOLS_STATS,1697332138000,1697332188000,2,133.9,,1073741824.0,,,0.07401848030203124,0.07401848030203124,0.0,804.218616,
1328,NFCORE_CHIPSEQ:CHIPSEQ:MARK_DUPLICATES_PICARD:BAM_STATS_SAMTOOLS:SAMTOOLS_STATS,1697332143000,1697332192000,2,132.4,,1073741824.0,,,0.0717735794309625,0.0717735794309625,0.0,804.218616,
1347,NFCORE_CHIPSEQ:CHIPSEQ:FILTER_BAM_BAMTOOLS:BAM_SORT_SAMTOOLS:SAMTOOLS_SORT,1697332179000,1697332189000,5,416.3,,6309281792.0,,,0.0484482551619422,0.0484482551619422,0.0,804.218616,
1357,NFCORE_CHIPSEQ:CHIPSEQ:PICARD_COLLECTMULTIPLEMETRICS,1697332100000,1697332196000,2,89.9,,2573205504.0,,,0.10991825479725004,0.10991825479725004,0.0,804.218616,
1368,NFCORE_CHIPSEQ:CHIPSEQ:PICARD_COLLECTMULTIPLEMETRICS,1697332120000,1697332195000,2,96.7,,2573205504.0,,,0.09117854737891407,0.09117854737891407,0.0,804.218616,
1369,NFCORE_CHIPSEQ:CHIPSEQ:FILTER_BAM_BAMTOOLS:BAM_SORT_SAMTOOLS:SAMTOOLS_SORT,1697332179000,1697332191000,5,416.8,,6309281792.0,,,0.05820031690984313,0.05820031690984313,0.0,804.218616,
1398,NFCORE_CHIPSEQ:CHIPSEQ:FILTER_BAM_BAMTOOLS:BAM_SORT_SAMTOOLS:BAM_STATS_SAMTOOLS:SAMTOOLS_STATS,1697332173000,1697332195000,2,131.1,,1073741824.0,,,0.03192738132029875,0.03192738132029875,0.0,804.218616,
1430,NFCORE_CHIPSEQ:CHIPSEQ:FILTER_BAM_BAMTOOLS:BAM_SORT_SAMTOOLS:BAM_STATS_SAMTOOLS:SAMTOOLS_STATS,1697332177000,1697332198000,2,131.4,,1073741824.0,,,0.030541667966118752,0.030541667966118752,0.0,804.218616,
1437,NFCORE_CHIPSEQ:CHIPSEQ:MARK_DUPLICATES_PICARD:BAM_STATS_SAMTOOLS:SAMTOOLS_IDXSTATS,1697332199000,1697332200000,2,92.1,,1073741824.0,,,0.00209114990927375,0.00209114990927375,0.0,804.218616,
1456,NFCORE_CHIPSEQ:CHIPSEQ:MARK_DUPLICATES_PICARD:SAMTOOLS_INDEX,1697332186000,1697332195000,2,163.3,,1073741824.0,,,0.016075639008466876,0.016075639008466876,0.0,804.218616,
1458,NFCORE_CHIPSEQ:CHIPSEQ:MARK_DUPLICATES_PICARD:SAMTOOLS_INDEX,1697332188000,1697332195000,2,161.3,,1073741824.0,,,0.012357649781500628,0.012357649781500628,0.0,804.218616,
1460,NFCORE_CHIPSEQ:CHIPSEQ:MARK_DUPLICATES_PICARD:SAMTOOLS_INDEX,1697332192000,1697332199000,2,159.7,,1073741824.0,,,0.012241149779210623,0.012241149779210623,0.0,804.218616,
1462,NFCORE_CHIPSEQ:CHIPSEQ:MARK_DUPLICATES_PICARD:SAMTOOLS_INDEX,1697332186000,1697332198000,2,144.6,,1073741824.0,,,0.019100024584454995,0.019100024584454995,0.0,804.218616,
1463,NFCORE_CHIPSEQ:CHIPSEQ:FILTER_BAM_BAMTOOLS:BAM_REMOVE_ORPHANS,1697332199000,1697332199000,2,52.5,,1073741824.0,,,0.0,0.0,0.0,804.218616,
1464,NFCORE_CHIPSEQ:CHIPSEQ:FILTER_BAM_BAMTOOLS:BAM_REMOVE_ORPHANS,1697332192000,1697332193000,2,67.7,,1073741824.0,,,0.000791771378219375,0.000791771378219375,0.0,804.218616,
1465,NFCORE_CHIPSEQ:CHIPSEQ:FILTER_BAM_BAMTOOLS:BAM_REMOVE_ORPHANS,1697332187000,1697332188000,2,37.0,,1073741824.0,,,0.00047243655051375005,0.00047243655051375005,0.0,804.218616,
1466,NFCORE_CHIPSEQ:CHIPSEQ:FILTER_BAM_BAMTOOLS:BAM_REMOVE_ORPHANS,1697332196000,1697332196000,2,130.6,,1073741824.0,,,0.0,0.0,0.0,804.218616,
1468,NFCORE_CHIPSEQ:CHIPSEQ:FILTER_BAM_BAMTOOLS:BAM_SORT_SAMTOOLS:SAMTOOLS_INDEX,1697332191000,1697332197000,2,155.2,,1073741824.0,,,0.01021156587666,0.01021156587666,0.0,804.218616,
992,NFCORE_CHIPSEQ:CHIPSEQ:MARK_DUPLICATES_PICARD:PICARD_MARKDUPLICATES,1697331930000,1697332200000,2,107.1,,21180186624.0,,,0.7813877866996523,0.7813877866996523,0.0,804.218616,
1017,NFCORE_CHIPSEQ:CHIPSEQ:MARK_DUPLICATES_PICARD:PICARD_MARKDUPLICATES,1697331963000,1697332200000,2,106.9,,21180186624.0,,,0.6871178058572266,0.6871178058572266,0.0,804.218616,
1189,NFCORE_CHIPSEQ:CHIPSEQ:FILTER_BAM_BAMTOOLS:BAM_FILTER,1697331990000,1697332198000,2,136.6,,1073741824.0,,,0.31375852102842,0.31375852102842,0.0,804.218616,
1222,NFCORE_CHIPSEQ:CHIPSEQ:FILTER_BAM_BAMTOOLS:BAM_FILTER,1697331994000,1697332200000,2,136.4,,1073741824.0,,,0.32236405115922506,0.32236405115922506,0.0,804.218616,
1245,NFCORE_CHIPSEQ:CHIPSEQ:MARK_DUPLICATES_PICARD:BAM_STATS_SAMTOOLS:SAMTOOLS_STATS,1697332156000,1697332199000,2,133.4,,1073741824.0,,,0.06343225466249378,0.06343225466249378,0.0,804.218616,
1361,NFCORE_CHIPSEQ:CHIPSEQ:PICARD_COLLECTMULTIPLEMETRICS,1697332109000,1697332200000,2,85.9,,2573205504.0,,,0.10592396900445002,0.10592396900445002,0.0,804.218616,
1378,NFCORE_CHIPSEQ:CHIPSEQ:PICARD_COLLECTMULTIPLEMETRICS,1697332128000,1697332200000,2,103.7,,2573205504.0,,,0.0992165379192247,0.0992165379192247,0.0,804.218616,
1424,NFCORE_CHIPSEQ:CHIPSEQ:FILTER_BAM_BAMTOOLS:BAM_SORT_SAMTOOLS:SAMTOOLS_SORT,1697332182000,1697332200000,5,427.4,,6309281792.0,,,0.10912627747763157,0.10912627747763157,0.0,804.218616,
1448,NFCORE_CHIPSEQ:CHIPSEQ:MARK_DUPLICATES_PICARD:BAM_STATS_SAMTOOLS:SAMTOOLS_FLAGSTAT,1697332198000,1697332200000,2,151.2,,1073741824.0,,,0.009961923014610002,0.009961923014610002,0.0,804.218616,
1454,NFCORE_CHIPSEQ:CHIPSEQ:FILTER_BAM_BAMTOOLS:BAM_SORT_SAMTOOLS:SAMTOOLS_SORT,1697332190000,1697332200000,5,443.2,,6309281792.0,,,0.10761730470558047,0.10761730470558047,0.0,804.218616,
1486,NFCORE_CHIPSEQ:CHIPSEQ:FILTER_BAM_BAMTOOLS:BAM_REMOVE_ORPHANS,1697332199000,1697332200000,2,30.2,,1073741824.0,,,0.00040170440626625,0.00040170440626625,0.0,804.218616,
1157,NFCORE_CHIPSEQ:CHIPSEQ:FILTER_BAM_BAMTOOLS:BAM_FILTER,1697331989000,1697332200000,2,134.6,,1073741824.0,,,0.3317461409289763,0.3317461409289763,0.0,804.218616,
1246,NFCORE_CHIPSEQ:CHIPSEQ:FILTER_BAM_BAMTOOLS:BAM_FILTER,1697332003000,1697332200000,2,138.6,,1073741824.0,,,0.3226734379701962,0.3226734379701962,0.0,804.218616,
1273,NFCORE_CHIPSEQ:CHIPSEQ:FILTER_BAM_BAMTOOLS:BAM_FILTER,1697332009000,1697332200000,2,136.6,,1073741824.0,,,0.3152669754564413,0.3152669754564413,0.0,804.218616,
1376,NFCORE_CHIPSEQ:CHIPSEQ:PICARD_COLLECTMULTIPLEMETRICS,1697332143000,1697332200000,2,119.1,,2573205504.0,,,0.1057561197831497,0.1057561197831497,0.0,804.218616,
1384,NFCORE_CHIPSEQ:CHIPSEQ:PICARD_COLLECTMULTIPLEMETRICS,1697332129000,1697332200000,2,90.1,,2573205504.0,,,0.1043826581969478,0.1043826581969478,0.0,804.218616,
1264,NFCORE_CHIPSEQ:CHIPSEQ:FILTER_BAM_BAMTOOLS:BAM_FILTER,1697332003000,1697332200000,2,137.2,,1073741824.0,,,0.33777709640466747,0.33777709640466747,0.0,804.218616,
1442,NFCORE_CHIPSEQ:CHIPSEQ:FILTER_BAM_BAMTOOLS:BAM_FILTER,1697332182000,1697332200000,2,145.9,,1073741824.0,,,0.06741802355675626,0.06741802355675626,0.0,804.218616,
1053,NFCORE_CHIPSEQ:CHIPSEQ:MARK_DUPLICATES_PICARD:PICARD_MARKDUPLICATES,1697332037000,1697332200000,2,108.4,,21180186624.0,,,0.5481470313883501,0.5481470313883501,0.0,804.218616,
1251,NFCORE_CHIPSEQ:CHIPSEQ:FILTER_BAM_BAMTOOLS:BAM_FILTER,1697332003000,1697332200000,2,137.4,,1073741824.0,,,0.34582489534042504,0.34582489534042504,0.0,804.218616,
1331,NFCORE_CHIPSEQ:CHIPSEQ:PRESEQ_LCEXTRAP,1697332074000,1697332200000,2,100.4,,1073741824.0,,,0.17544601555318753,0.17544601555318753,0.0,804.218616,
987,NFCORE_CHIPSEQ:CHIPSEQ:MARK_DUPLICATES_PICARD:PICARD_MARKDUPLICATES,1697331936000,1697332200000,2,106.9,,21180186624.0,,,0.8376022839995119,0.8376022839995119,0.0,804.218616,
1016,NFCORE_CHIPSEQ:CHIPSEQ:MARK_DUPLICATES_PICARD:PICARD_MARKDUPLICATES,1697331989000,1697332200000,2,107.6,,21180186624.0,,,0.6945730904446882,0.6945730904446882,0.0,804.218616,
1226,NFCORE_CHIPSEQ:CHIPSEQ:FILTER_BAM_BAMTOOLS:BAM_FILTER,1697331990000,1697332200000,2,135.6,,1073741824.0,,,0.3700190025993175,0.3700190025993175,0.0,804.218616,
1260,NFCORE_CHIPSEQ:CHIPSEQ:FILTER_BAM_BAMTOOLS:BAM_FILTER,1697331994000,1697332200000,2,135.9,,1073741824.0,,,0.3647850822243844,0.3647850822243844,0.0,804.218616,
1248,NFCORE_CHIPSEQ:CHIPSEQ:FILTER_BAM_BAMTOOLS:BAM_FILTER,1697331998000,1697332200000,2,135.0,,1073741824.0,,,0.3610184000734025,0.3610184000734025,0.0,804.218616,
989,NFCORE_CHIPSEQ:CHIPSEQ:MARK_DUPLICATES_PICARD:PICARD_MARKDUPLICATES,1697331959000,1697332200000,2,106.4,,21180186624.0,,,0.8247315050432555,0.8247315050432555,0.0,804.218616,
990,NFCORE_CHIPSEQ:CHIPSEQ:MARK_DUPLICATES_PICARD:PICARD_MARKDUPLICATES,1697331971000,1697332200000,2,106.6,,21180186624.0,,,0.785629959616812,0.785629959616812,0.0,804.218616,
1280,NFCORE_CHIPSEQ:CHIPSEQ:FILTER_BAM_BAMTOOLS:BAM_FILTER,1697332012000,1697332200000,2,137.1,,1073741824.0,,,0.35722265575142753,0.35722265575142753,0.0,804.218616,
1310,NFCORE_CHIPSEQ:CHIPSEQ:FILTER_BAM_BAMTOOLS:BAM_FILTER,1697332028000,1697332200000,2,135.2,,1073741824.0,,,0.333137899884905,0.333137899884905,0.0,804.218616,
969,NFCORE_CHIPSEQ:CHIPSEQ:MARK_DUPLICATES_PICARD:PICARD_MARKDUPLICATES,1697331919000,1697332200000,2,106.1,,21180186624.0,,,0.9540498131191371,0.9540498131191371,0.0,804.218616,
993,NFCORE_CHIPSEQ:CHIPSEQ:MARK_DUPLICATES_PICARD:PICARD_MARKDUPLICATES,1697331970000,1697332200000,2,107.1,,21180186624.0,,,0.8069604779007318,0.8069604779007318,0.0,804.218616,
1281,NFCORE_CHIPSEQ:CHIPSEQ:FILTER_BAM_BAMTOOLS:BAM_FILTER,1697332011000,1697332200000,2,137.7,,1073741824.0,,,0.3693348233852456,0.3693348233852456,0.0,804.218616,
1289,NFCORE_CHIPSEQ:CHIPSEQ:FILTER_BAM_BAMTOOLS:BAM_FILTER,1697332014000,1697332200000,2,137.1,,1073741824.0,,,0.36176362171436943,0.36176362171436943,0.0,804.218616,
1408,NFCORE_CHIPSEQ:CHIPSEQ:PICARD_COLLECTMULTIPLEMETRICS,1697332168000,1697332200000,2,94.5,,2573205504.0,,,0.10258338309866064,0.10258338309866064,0.0,804.218616,
1416,NFCORE_CHIPSEQ:CHIPSEQ:PRESEQ_LCEXTRAP,1697332168000,1697332200000,2,100.8,,1073741824.0,,,0.09997420330744,0.09997420330744,0.0,804.218616,
1418,NFCORE_CHIPSEQ:CHIPSEQ:PRESEQ_LCEXTRAP,1697332182000,1697332200000,2,100.5,,1073741824.0,,,0.08383829677022374,0.08383829677022374,0.0,804.218616,
1481,NFCORE_CHIPSEQ:CHIPSEQ:FILTER_BAM_BAMTOOLS:BAM_FILTER,1697332196000,1697332200000,2,143.8,,1073741824.0,,,0.09816753177144752,0.09816753177144752,0.0,804.218616,
982,NFCORE_CHIPSEQ:CHIPSEQ:MARK_DUPLICATES_PICARD:PICARD_MARKDUPLICATES,1697331959000,1697332200000,2,106.6,,21180186624.0,,,0.8565351906291598,0.8565351906291598,0.0,804.218616,
1193,NFCORE_CHIPSEQ:CHIPSEQ:FILTER_BAM_BAMTOOLS:BAM_FILTER,1697332065000,1697332200000,2,138.8,,1073741824.0,,,0.30014231798033,0.30014231798033,0.0,804.218616,
1316,NFCORE_CHIPSEQ:CHIPSEQ:PRESEQ_LCEXTRAP,1697332106000,1697332200000,2,100.7,,1073741824.0,,,0.1759296985984094,0.1759296985984094,0.0,804.218616,
1414,NFCORE_CHIPSEQ:CHIPSEQ:PRESEQ_LCEXTRAP,1697332192000,1697332200000,2,100.7,,1073741824.0,,,0.08285721288828313,0.08285721288828313,0.0,804.218616,
975,NFCORE_CHIPSEQ:CHIPSEQ:MARK_DUPLICATES_PICARD:PICARD_MARKDUPLICATES,1697331971000,1697332200000,2,106.6,,21180186624.0,,,0.8650438183506415,0.8650438183506415,0.0,804.218616,
1002,NFCORE_CHIPSEQ:CHIPSEQ:MARK_DUPLICATES_PICARD:PICARD_MARKDUPLICATES,1697332011000,1697332200000,2,106.8,,21180186624.0,,,0.7578233225799345,0.7578233225799345,0.0,804.218616,
1046,NFCORE_CHIPSEQ:CHIPSEQ:MARK_DUPLICATES_PICARD:PICARD_MARKDUPLICATES,1697331921000,1697332200000,2,105.7,,21180186624.0,,,1.0176651479401313,1.0176651479401313,0.0,804.218616,
1238,NFCORE_CHIPSEQ:CHIPSEQ:PRESEQ_LCEXTRAP,1697332146000,1697332200000,2,100.8,,1073741824.0,,,0.14996130496116,0.14996130496116,0.0,804.218616,
1305,NFCORE_CHIPSEQ:CHIPSEQ:FILTER_BAM_BAMTOOLS:BAM_FILTER,1697332027000,1697332200000,2,137.4,,1073741824.0,,,0.382227515902575,0.382227515902575,0.0,804.218616,
1320,NFCORE_CHIPSEQ:CHIPSEQ:FILTER_BAM_BAMTOOLS:BAM_FILTER,1697332061000,1697332200000,2,135.6,,1073741824.0,,,0.332567686546755,0.332567686546755,0.0,804.218616,
1392,NFCORE_CHIPSEQ:CHIPSEQ:MACS2_CALLPEAK,1697332138000,1697332200000,1,99.3,,1892679680.0,,,0.1662160361951031,0.1662160361951031,0.0,804.218616,
1431,NFCORE_CHIPSEQ:CHIPSEQ:DEEPTOOLS_PLOTFINGERPRINT,1697332194000,1697332200000,8,568.8,,4294967296.0,,,0.5514799590665199,0.5514799590665199,0.0,804.218616,
1309,NFCORE_CHIPSEQ:CHIPSEQ:FILTER_BAM_BAMTOOLS:BAM_FILTER,1697332040000,1697332200000,2,136.7,,1073741824.0,,,0.3758641570466681,0.3758641570466681,0.0,804.218616,
1314,NFCORE_CHIPSEQ:CHIPSEQ:PRESEQ_LCEXTRAP,1697332138000,1697332200000,2,100.9,,1073741824.0,,,0.17170371127900314,0.17170371127900314,0.0,804.218616,
1199,NFCORE_CHIPSEQ:CHIPSEQ:FILTER_BAM_BAMTOOLS:BAM_FILTER,1697332072000,1697332200000,2,140.6,,1073741824.0,,,0.341013545773175,0.341013545773175,0.0,804.218616,
1234,NFCORE_CHIPSEQ:CHIPSEQ:PRESEQ_LCEXTRAP,1697332162000,1697332200000,2,100.6,,1073741824.0,,,0.15195467808279747,0.15195467808279747,0.0,804.218616,
1258,NFCORE_CHIPSEQ:CHIPSEQ:FILTER_BAM_BAMTOOLS:BAM_FILTER,1697332052000,1697332200000,2,138.2,,1073741824.0,,,0.37059864037437373,0.37059864037437373,0.0,804.218616,
1298,NFCORE_CHIPSEQ:CHIPSEQ:PRESEQ_LCEXTRAP,1697332155000,1697332200000,2,100.9,,1073741824.0,,,0.16374393658395003,0.16374393658395003,0.0,804.218616,
1477,NFCORE_CHIPSEQ:CHIPSEQ:FILTER_BAM_BAMTOOLS:BAM_FILTER,1697332198000,1697332200000,2,139.4,,1073741824.0,,,0.15068278400218754,0.15068278400218754,0.0,804.218616,
1045,NFCORE_CHIPSEQ:CHIPSEQ:MARK_DUPLICATES_PICARD:PICARD_MARKDUPLICATES,1697331948000,1697332200000,2,105.7,,21180186624.0,,,1.0148383003069643,1.0148383003069643,0.0,804.218616,
1286,NFCORE_CHIPSEQ:CHIPSEQ:FILTER_BAM_BAMTOOLS:BAM_FILTER,1697332060000,1697332200000,2,137.5,,1073741824.0,,,0.3779361928016831,0.3779361928016831,0.0,804.218616,
1296,NFCORE_CHIPSEQ:CHIPSEQ:FILTER_BAM_BAMTOOLS:BAM_FILTER,1697332095000,1697332200000,2,139.2,,1073741824.0,,,0.33320329849596997,0.33320329849596997,0.0,804.218616,
1326,NFCORE_CHIPSEQ:CHIPSEQ:FILTER_BAM_BAMTOOLS:BAM_FILTER,1697332055000,1697332200000,2,137.4,,1073741824.0,,,0.39436172275662507,0.39436172275662507,0.0,804.218616,
1455,NFCORE_CHIPSEQ:CHIPSEQ:PRESEQ_LCEXTRAP,1697332199000,1697332200000,2,101.0,,1073741824.0,,,0.13543995106833628,0.13543995106833628,0.0,804.218616,
1461,NFCORE_CHIPSEQ:CHIPSEQ:PRESEQ_LCEXTRAP,1697332185000,1697332200000,2,101.2,,1073741824.0,,,0.1516507504641675,0.1516507504641675,0.0,804.218616,
1048,NFCORE_CHIPSEQ:CHIPSEQ:MARK_DUPLICATES_PICARD:PICARD_MARKDUPLICATES,1697331969000,1697332200000,2,105.5,,21180186624.0,,,0.9914933138701316,0.9914933138701316,0.0,804.218616,
1049,NFCORE_CHIPSEQ:CHIPSEQ:MARK_DUPLICATES_PICARD:PICARD_MARKDUPLICATES,1697331950000,1697332200000,2,106.1,,21180186624.0,,,1.0616281303254493,1.0616281303254493,0.0,804.218616,
1327,NFCORE_CHIPSEQ:CHIPSEQ:FILTER_BAM_BAMTOOLS:BAM_FILTER,1697332045000,1697332200000,2,137.3,,1073741824.0,,,0.4153115758170388,0.4153115758170388,0.0,804.218616,
1400,NFCORE_CHIPSEQ:CHIPSEQ:MACS2_CALLPEAK,1697332148000,1697332200000,1,98.0,,1892679680.0,,,0.2042299038676641,0.2042299038676641,0.0,804.218616,
1404,NFCORE_CHIPSEQ:CHIPSEQ:BEDTOOLS_GENOMECOV,1697332154000,1697332200000,2,121.5,,4567597056.0,,,0.278176706091225,0.278176706091225,0.0,804.218616,
1432,NFCORE_CHIPSEQ:CHIPSEQ:MACS2_CALLPEAK,1697332173000,1697332200000,1,99.3,,1892679680.0,,,0.18877392682158142,0.18877392682158142,0.0,804.218616,
1447,NFCORE_CHIPSEQ:CHIPSEQ:FILTER_BAM_BAMTOOLS:BAM_FILTER,1697332182000,1697332200000,2,137.6,,1073741824.0,,,0.22175300723524002,0.22175300723524002,0.0,804.218616,
1450,NFCORE_CHIPSEQ:CHIPSEQ:FILTER_BAM_BAMTOOLS:BAM_FILTER,1697332191000,1697332200000,2,134.5,,1073741824.0,,,0.20515227350767878,0.20515227350767878,0.0,804.218616,
1036,NFCORE_CHIPSEQ:CHIPSEQ:MARK_DUPLICATES_PICARD:PICARD_MARKDUPLICATES,1697331958000,1697332200000,2,105.7,,21180186624.0,,,1.0572410148044697,1.0572410148044697,0.0,804.218616,
1044,NFCORE_CHIPSEQ:CHIPSEQ:MARK_DUPLICATES_PICARD:PICARD_MARKDUPLICATES,1697331951000,1697332200000,2,105.4,,21180186624.0,,,1.075840024106126,1.075840024106126,0.0,804.218616,
1438,NFCORE_CHIPSEQ:CHIPSEQ:FILTER_BAM_BAMTOOLS:BAM_FILTER,1697332184000,1697332200000,2,135.0,,1073741824.0,,,0.2297389818648925,0.2297389818648925,0.0,804.218616,
979,NFCORE_CHIPSEQ:CHIPSEQ:MARK_DUPLICATES_PICARD:PICARD_MARKDUPLICATES,1697332021000,1697332200000,2,106.2,,21180186624.0,,,0.9175837224649557,0.9175837224649557,0.0,804.218616,
1039,NFCORE_CHIPSEQ:CHIPSEQ:MARK_DUPLICATES_PICARD:PICARD_MARKDUPLICATES,1697331944000,1697332200000,2,106.0,,21180186624.0,,,1.1348172357460051,1.1348172357460051,0.0,804.218616,
1041,NFCORE_CHIPSEQ:CHIPSEQ:MARK_DUPLICATES_PICARD:PICARD_MARKDUPLICATES,1697331946000,1697332200000,2,105.7,,21180186624.0,,,1.1505269866989818,1.1505269866989818,0.0,804.218616,
1336,NFCORE_CHIPSEQ:CHIPSEQ:FILTER_BAM_BAMTOOLS:BAM_FILTER,1697332111000,1697332200000,2,138.0,,1073741824.0,,,0.36095501200887753,0.36095501200887753,0.0,804.218616,
1352,NFCORE_CHIPSEQ:CHIPSEQ:FILTER_BAM_BAMTOOLS:BAM_FILTER,1697332086000,1697332200000,2,136.8,,1073741824.0,,,0.3927390441533001,0.3927390441533001,0.0,804.218616,
1473,NFCORE_CHIPSEQ:CHIPSEQ:FILTER_BAM_BAMTOOLS:BAM_FILTER,1697332194000,1697332200000,2,131.4,,1073741824.0,,,0.22833532717526878,0.22833532717526878,0.0,804.218616,
954,NFCORE_CHIPSEQ:CHIPSEQ:MARK_DUPLICATES_PICARD:PICARD_MARKDUPLICATES,1697332031000,1697332200000,2,106.4,,21180186624.0,,,0.9295942737257312,0.9295942737257312,0.0,804.218616,
1030,NFCORE_CHIPSEQ:CHIPSEQ:MARK_DUPLICATES_PICARD:PICARD_MARKDUPLICATES,1697332154000,1697332200000,2,108.4,,21180186624.0,,,0.5795512883949744,0.5795512883949744,0.0,804.218616,
1042,NFCORE_CHIPSEQ:CHIPSEQ:MARK_DUPLICATES_PICARD:PICARD_MARKDUPLICATES,1697331975000,1697332200000,2,106.0,,21180186624.0,,,1.0782178723671523,1.0782178723671523,0.0,804.218616,
1054,NFCORE_CHIPSEQ:CHIPSEQ:MARK_DUPLICATES_PICARD:PICARD_MARKDUPLICATES,1697332149000,1697332200000,2,108.1,,21180186624.0,,,0.5931768792293826,0.5931768792293826,0.0,804.218616,
1393,NFCORE_CHIPSEQ:CHIPSEQ:BEDTOOLS_GENOMECOV,1697332179000,1697332200000,2,121.9,,4567597056.0,,,0.29200798177058,0.29200798177058,0.0,804.218616,
1037,NFCORE_CHIPSEQ:CHIPSEQ:MARK_DUPLICATES_PICARD:PICARD_MARKDUPLICATES,1697331968000,1697332200000,2,106.2,,21180186624.0,,,1.1469796530811946,1.1469796530811946,0.0,804.218616,
1343,NFCORE_CHIPSEQ:CHIPSEQ:FILTER_BAM_BAMTOOLS:BAM_FILTER,1697332074000,1697332200000,2,133.6,,1073741824.0,,,0.44317472107950007,0.44317472107950007,0.0,804.218616,
1427,NFCORE_CHIPSEQ:CHIPSEQ:BEDTOOLS_GENOMECOV,1697332178000,1697332200000,2,121.9,,4567597056.0,,,0.32481786736278,0.32481786736278,0.0,804.218616,
1474,NFCORE_CHIPSEQ:CHIPSEQ:BEDTOOLS_GENOMECOV,1697332193000,1697332200000,2,122.5,,4567597056.0,,,0.32111339347644385,0.32111339347644385,0.0,804.218616,
1026,NFCORE_CHIPSEQ:CHIPSEQ:MARK_DUPLICATES_PICARD:PICARD_MARKDUPLICATES,1697332155000,1697332200000,2,108.1,,21180186624.0,,,0.7129529798430079,0.7129529798430079,0.0,804.218616,
1005,NFCORE_CHIPSEQ:CHIPSEQ:MARK_DUPLICATES_PICARD:PICARD_MARKDUPLICATES,1697332159000,1697332200000,2,107.9,,21180186624.0,,,0.7323810114823883,0.7323810114823883,0.0,804.218616,
1021,NFCORE_CHIPSEQ:CHIPSEQ:MARK_DUPLICATES_PICARD:PICARD_MARKDUPLICATES,1697332170000,1697332200000,2,108.0,,21180186624.0,,,0.7069913917134788,0.7069913917134788,0.0,804.218616,
999,NFCORE_CHIPSEQ:CHIPSEQ:MARK_DUPLICATES_PICARD:PICARD_MARKDUPLICATES,1697332161000,1697332200000,2,108.0,,21180186624.0,,,0.7554545113067415,0.7554545113067415,0.0,804.218616,
1015,NFCORE_CHIPSEQ:CHIPSEQ:MARK_DUPLICATES_PICARD:PICARD_MARKDUPLICATES,1697332181000,1697332200000,2,107.0,,21180186624.0,,,0.7299750783993814,0.7299750783993814,0.0,804.218616,
991,NFCORE_CHIPSEQ:CHIPSEQ:MARK_DUPLICATES_PICARD:PICARD_MARKDUPLICATES,1697332179000,1697332200000,2,106.6,,21180186624.0,,,0.7998110058192816,0.7998110058192816,0.0,804.218616,
998,NFCORE_CHIPSEQ:CHIPSEQ:MARK_DUPLICATES_PICARD:PICARD_MARKDUPLICATES,1697332171000,1697332200000,2,106.8,,21180186624.0,,,0.8372954313149088,0.8372954313149088,0.0,804.218616,
1006,NFCORE_CHIPSEQ:CHIPSEQ:MARK_DUPLICATES_PICARD:PICARD_MARKDUPLICATES,1697332199000,1697332200000,2,107.8,,21180186624.0,,,0.7577519080366442,0.7577519080366442,0.0,804.218616,
1367,NFCORE_CHIPSEQ:CHIPSEQ:PHANTOMPEAKQUALTOOLS,1697332105000,1697332200000,1,21.2,,4294967296.0,,,0.21062510684871752,0.21062510684871752,0.0,804.218616,
1038,NFCORE_CHIPSEQ:CHIPSEQ:MARK_DUPLICATES_PICARD:PICARD_MARKDUPLICATES,1697332180000,1697332200000,2,106.2,,21180186624.0,,,0.957318657115785,0.957318657115785,0.0,804.899004,
1362,NFCORE_CHIPSEQ:CHIPSEQ:PHANTOMPEAKQUALTOOLS,1697332108000,1697332200000,1,21.8,,4294967296.0,,,0.28920387583758334,0.28920387583758334,0.0,804.899004,
1359,NFCORE_CHIPSEQ:CHIPSEQ:PHANTOMPEAKQUALTOOLS,1697332101000,1697332200000,1,18.8,,4294967296.0,,,0.33260774765044754,0.33260774765044754,0.0,804.899004,
1374,NFCORE_CHIPSEQ:CHIPSEQ:PHANTOMPEAKQUALTOOLS,1697332127000,1697332200000,1,18.4,,4294967296.0,,,0.355598014653965,0.355598014653965,0.0,804.899004,
1377,NFCORE_CHIPSEQ:CHIPSEQ:PHANTOMPEAKQUALTOOLS,1697332128000,1697332200000,1,19.2,,4294967296.0,,,0.3555525192818667,0.3555525192818667,0.0,804.899004,
1385,NFCORE_CHIPSEQ:CHIPSEQ:PHANTOMPEAKQUALTOOLS,1697332145000,1697332200000,1,18.3,,4294967296.0,,,0.34734993456850266,0.34734993456850266,0.0,804.899004,
1410,NFCORE_CHIPSEQ:CHIPSEQ:PHANTOMPEAKQUALTOOLS,1697332153000,1697332200000,1,19.3,,4294967296.0,,,0.3474167666484107,0.3474167666484107,0.0,804.899004,
1440,NFCORE_CHIPSEQ:CHIPSEQ:MARK_DUPLICATES_PICARD:BAM_STATS_SAMTOOLS:SAMTOOLS_FLAGSTAT,1697332203000,1697332213000,2,147.7,,1073741824.0,,,0.01623914251719375,0.01623914251719375,0.0,804.218616,
1470,NFCORE_CHIPSEQ:CHIPSEQ:MARK_DUPLICATES_PICARD:BAM_STATS_SAMTOOLS:SAMTOOLS_IDXSTATS,1697332212000,1697332213000,2,80.0,,1073741824.0,,,0.00091971334502,0.00091971334502,0.0,804.218616,
1471,NFCORE_CHIPSEQ:CHIPSEQ:MARK_DUPLICATES_PICARD:BAM_STATS_SAMTOOLS:SAMTOOLS_FLAGSTAT,1697332201000,1697332208000,2,144.9,,1073741824.0,,,0.011163524758028126,0.011163524758028126,0.0,804.218616,
1484,NFCORE_CHIPSEQ:CHIPSEQ:MARK_DUPLICATES_PICARD:SAMTOOLS_INDEX,1697332201000,1697332209000,2,156.0,,1073741824.0,,,0.013681992598759999,0.013681992598759999,0.0,804.218616,
1485,NFCORE_CHIPSEQ:CHIPSEQ:FILTER_BAM_BAMTOOLS:BAM_REMOVE_ORPHANS,1697332209000,1697332209000,2,13.4,,1073741824.0,,,0.0,0.0,0.0,804.218616,
1487,NFCORE_CHIPSEQ:CHIPSEQ:FILTER_BAM_BAMTOOLS:BAM_REMOVE_ORPHANS,1697332201000,1697332201000,2,54.2,,1073741824.0,,,0.0,0.0,0.0,804.218616,
1496,NFCORE_CHIPSEQ:CHIPSEQ:MARK_DUPLICATES_PICARD:BAM_STATS_SAMTOOLS:SAMTOOLS_FLAGSTAT,1697332207000,1697332216000,2,154.4,,1073741824.0,,,0.015242455956375004,0.015242455956375004,0.0,804.218616,
1497,NFCORE_CHIPSEQ:CHIPSEQ:MARK_DUPLICATES_PICARD:BAM_STATS_SAMTOOLS:SAMTOOLS_IDXSTATS,1697332219000,1697332220000,2,73.4,,1073741824.0,,,0.0008510615579562501,0.0008510615579562501,0.0,804.218616,
1515,NFCORE_CHIPSEQ:CHIPSEQ:FILTER_BAM_BAMTOOLS:BAM_SORT_SAMTOOLS:BAM_STATS_SAMTOOLS:SAMTOOLS_IDXSTATS,1697332216000,1697332216000,1,71.4,,1073741824.0,,,0.0,0.0,0.0,804.218616,
1278,NFCORE_CHIPSEQ:CHIPSEQ:MARK_DUPLICATES_PICARD:BAM_STATS_SAMTOOLS:SAMTOOLS_IDXSTATS,1697332220000,1697332221000,2,104.1,,1073741824.0,,,0.001170396385661875,0.001170396385661875,0.0,804.218616,
1277,NFCORE_CHIPSEQ:CHIPSEQ:MARK_DUPLICATES_PICARD:BAM_STATS_SAMTOOLS:SAMTOOLS_FLAGSTAT,1697332202000,1697332216000,2,149.4,,1073741824.0,,,0.0229823620289375,0.0229823620289375,0.0,804.218616,
1516,NFCORE_CHIPSEQ:CHIPSEQ:FILTER_BAM_BAMTOOLS:BAM_SORT_SAMTOOLS:BAM_STATS_SAMTOOLS:SAMTOOLS_FLAGSTAT,1697332216000,1697332224000,2,147.3,,1073741824.0,,,0.012958028298815,0.012958028298815,0.0,804.218616,
1517,NFCORE_CHIPSEQ:CHIPSEQ:MARK_DUPLICATES_PICARD:SAMTOOLS_INDEX,1697332214000,1697332223000,2,158.4,,1073741824.0,,,0.01561692024945,0.01561692024945,0.0,804.218616,
1520,NFCORE_CHIPSEQ:CHIPSEQ:MARK_DUPLICATES_PICARD:SAMTOOLS_INDEX,1697332214000,1697332224000,2,154.2,,1073741824.0,,,0.0169152586019125,0.0169152586019125,0.0,804.218616,
1525,NFCORE_CHIPSEQ:CHIPSEQ:FILTER_BAM_BAMTOOLS:BAM_REMOVE_ORPHANS,1697332217000,1697332218000,2,19.8,,1073741824.0,,,0.00029352583271125,0.00029352583271125,0.0,804.218616,
1526,NFCORE_CHIPSEQ:CHIPSEQ:FILTER_BAM_BAMTOOLS:BAM_REMOVE_ORPHANS,1697332221000,1697332222000,2,50.0,,1073741824.0,,,0.0006076597674575001,0.0006076597674575001,0.0,804.218616,
1443,NFCORE_CHIPSEQ:CHIPSEQ:MARK_DUPLICATES_PICARD:BAM_STATS_SAMTOOLS:SAMTOOLS_STATS,1697332200000,1697332224000,2,130.9,,1073741824.0,,,0.034779941958825,0.034779941958825,0.0,804.218616,
1540,NFCORE_CHIPSEQ:CHIPSEQ:FILTER_BAM_BAMTOOLS:BAM_REMOVE_ORPHANS,1697332223000,1697332224000,2,29.1,,1073741824.0,,,0.000390262441755625,0.000390262441755625,0.0,804.218616,
1542,NFCORE_CHIPSEQ:CHIPSEQ:FILTER_BAM_BAMTOOLS:BAM_REMOVE_ORPHANS,1697332224000,1697332225000,2,44.1,,1073741824.0,,,0.0005462892305368751,0.0005462892305368751,0.0,804.218616,
1533,NFCORE_CHIPSEQ:CHIPSEQ:MARK_DUPLICATES_PICARD:BAM_STATS_SAMTOOLS:SAMTOOLS_IDXSTATS,1697332233000,1697332234000,2,83.3,,1073741824.0,,,0.000954039238551875,0.000954039238551875,0.0,804.218616,
1541,NFCORE_CHIPSEQ:CHIPSEQ:FILTER_BAM_BAMTOOLS:BAM_REMOVE_ORPHANS,1697332232000,1697332233000,2,55.7,,1073741824.0,,,0.0006669499471943751,0.0006669499471943751,0.0,804.218616,
1554,NFCORE_CHIPSEQ:CHIPSEQ:FILTER_BAM_BAMTOOLS:BAM_REMOVE_ORPHANS,1697332229000,1697332229000,2,33.4,,1073741824.0,,,0.0,0.0,0.0,804.218616,
1555,NFCORE_CHIPSEQ:CHIPSEQ:FILTER_BAM_BAMTOOLS:BAM_REMOVE_ORPHANS,1697332230000,1697332230000,2,44.9,,1073741824.0,,,0.0,0.0,0.0,804.218616,
1560,NFCORE_CHIPSEQ:CHIPSEQ:FILTER_BAM_BAMTOOLS:BAM_REMOVE_ORPHANS,1697332235000,1697332235000,2,85.3,,1073741824.0,,,0.0,0.0,0.0,804.218616,
1439,NFCORE_CHIPSEQ:CHIPSEQ:MARK_DUPLICATES_PICARD:BAM_STATS_SAMTOOLS:SAMTOOLS_STATS,1697332205000,1697332240000,2,132.0,,1073741824.0,,,0.05112121744782501,0.05112121744782501,0.0,804.218616,
1472,NFCORE_CHIPSEQ:CHIPSEQ:MARK_DUPLICATES_PICARD:BAM_STATS_SAMTOOLS:SAMTOOLS_STATS,1697332213000,1697332241000,2,130.9,,1073741824.0,,,0.0405765989519625,0.0405765989519625,0.0,804.218616,
1514,NFCORE_CHIPSEQ:CHIPSEQ:FILTER_BAM_BAMTOOLS:BAM_SORT_SAMTOOLS:BAM_STATS_SAMTOOLS:SAMTOOLS_STATS,1697332217000,1697332243000,2,131.0,,1073741824.0,,,0.0377053150987825,0.0377053150987825,0.0,804.218616,
1528,NFCORE_CHIPSEQ:CHIPSEQ:FILTER_BAM_BAMTOOLS:BAM_SORT_SAMTOOLS:SAMTOOLS_INDEX,1697332232000,1697332243000,2,161.4,,1073741824.0,,,0.019430605906868757,0.019430605906868757,0.0,804.218616,
1531,NFCORE_CHIPSEQ:CHIPSEQ:FILTER_BAM_BAMTOOLS:BAM_SORT_SAMTOOLS:SAMTOOLS_INDEX,1697332235000,1697332241000,2,158.2,,1073741824.0,,,0.0103987980231975,0.0103987980231975,0.0,804.218616,
1536,NFCORE_CHIPSEQ:CHIPSEQ:MARK_DUPLICATES_PICARD:BAM_STATS_SAMTOOLS:SAMTOOLS_FLAGSTAT,1697332233000,1697332241000,2,155.1,,1073741824.0,,,0.013607099740145,0.013607099740145,0.0,804.218616,
1568,NFCORE_CHIPSEQ:CHIPSEQ:FILTER_BAM_BAMTOOLS:BAM_REMOVE_ORPHANS,1697332238000,1697332239000,2,43.2,,1073741824.0,,,0.0005369276232100002,0.0005369276232100002,0.0,804.218616,
1569,NFCORE_CHIPSEQ:CHIPSEQ:FILTER_BAM_BAMTOOLS:BAM_REMOVE_ORPHANS,1697332239000,1697332241000,2,63.2,,1073741824.0,,,0.0014899266831700003,0.0014899266831700003,0.0,804.218616,
1564,NFCORE_CHIPSEQ:CHIPSEQ:MARK_DUPLICATES_PICARD:SAMTOOLS_INDEX,1697332239000,1697332249000,2,159.0,,1073741824.0,,,0.017414544326012502,0.017414544326012502,0.0,804.218616,
1572,NFCORE_CHIPSEQ:CHIPSEQ:FILTER_BAM_BAMTOOLS:BAM_SORT_SAMTOOLS:BAM_STATS_SAMTOOLS:SAMTOOLS_IDXSTATS,1697332246000,1697332247000,1,108.1,,1073741824.0,,,0.001212003529336875,0.001212003529336875,0.0,804.218616,
1307,NFCORE_CHIPSEQ:CHIPSEQ:MARK_DUPLICATES_PICARD:BAM_STATS_SAMTOOLS:SAMTOOLS_FLAGSTAT,1697332235000,1697332248000,2,151.1,,1073741824.0,,,0.02157064420996062,0.02157064420996062,0.0,804.218616,
1446,NFCORE_CHIPSEQ:CHIPSEQ:MARK_DUPLICATES_PICARD:BAM_STATS_SAMTOOLS:SAMTOOLS_STATS,1697332226000,1697332254000,2,132.3,,1073741824.0,,,0.0409843489599775,0.0409843489599775,0.0,804.218616,
1494,NFCORE_CHIPSEQ:CHIPSEQ:MARK_DUPLICATES_PICARD:BAM_STATS_SAMTOOLS:SAMTOOLS_STATS,1697332217000,1697332251000,2,132.7,,1073741824.0,,,0.04990817373989625,0.04990817373989625,0.0,804.218616,
1544,NFCORE_CHIPSEQ:CHIPSEQ:MARK_DUPLICATES_PICARD:BAM_STATS_SAMTOOLS:SAMTOOLS_IDXSTATS,1697332254000,1697332255000,2,62.3,,1073741824.0,,,0.000735601734258125,0.000735601734258125,0.0,804.218616,
1558,NFCORE_CHIPSEQ:CHIPSEQ:MARK_DUPLICATES_PICARD:SAMTOOLS_INDEX,1697332246000,1697332254000,2,146.5,,1073741824.0,,,0.012891456868935,0.012891456868935,0.0,804.218616,
1306,NFCORE_CHIPSEQ:CHIPSEQ:MARK_DUPLICATES_PICARD:BAM_STATS_SAMTOOLS:SAMTOOLS_IDXSTATS,1697332256000,1697332257000,2,104.1,,1073741824.0,,,0.001170396385661875,0.001170396385661875,0.0,804.218616,
1479,NFCORE_CHIPSEQ:CHIPSEQ:MARK_DUPLICATES_PICARD:BAM_STATS_SAMTOOLS:SAMTOOLS_IDXSTATS,1697332259000,1697332259000,2,75.5,,1073741824.0,,,0.0,0.0,0.0,804.218616,
1509,NFCORE_CHIPSEQ:CHIPSEQ:MARK_DUPLICATES_PICARD:BAM_STATS_SAMTOOLS:SAMTOOLS_FLAGSTAT,1697332243000,1697332256000,2,147.4,,1073741824.0,,,0.02107031830726875,0.02107031830726875,0.0,804.218616,
1538,NFCORE_CHIPSEQ:CHIPSEQ:FILTER_BAM_BAMTOOLS:BAM_SORT_SAMTOOLS:SAMTOOLS_SORT,1697332232000,1697332257000,5,415.5,,6309281792.0,,,0.12091260218648045,0.12091260218648045,0.0,804.218616,
1547,NFCORE_CHIPSEQ:CHIPSEQ:MARK_DUPLICATES_PICARD:BAM_STATS_SAMTOOLS:SAMTOOLS_FLAGSTAT,1697332252000,1697332261000,2,148.5,,1073741824.0,,,0.014690121124089376,0.014690121124089376,0.0,804.218616,
1567,NFCORE_CHIPSEQ:CHIPSEQ:MARK_DUPLICATES_PICARD:SAMTOOLS_INDEX,1697332250000,1697332259000,2,159.8,,1073741824.0,,,0.015747982752026247,0.015747982752026247,0.0,804.218616,
1571,NFCORE_CHIPSEQ:CHIPSEQ:FILTER_BAM_BAMTOOLS:BAM_REMOVE_ORPHANS,1697332260000,1697332260000,2,53.3,,1073741824.0,,,0.0,0.0,0.0,804.218616,
1577,NFCORE_CHIPSEQ:CHIPSEQ:FILTER_BAM_BAMTOOLS:BAM_SORT_SAMTOOLS:BAM_STATS_SAMTOOLS:SAMTOOLS_FLAGSTAT,1697332253000,1697332261000,2,142.9,,1073741824.0,,,0.012591885434475002,0.012591885434475002,0.0,804.218616,
1590,NFCORE_CHIPSEQ:CHIPSEQ:FILTER_BAM_BAMTOOLS:BAM_REMOVE_ORPHANS,1697332256000,1697332257000,2,62.7,,1073741824.0,,,0.000739762448625625,0.000739762448625625,0.0,804.218616,
1591,NFCORE_CHIPSEQ:CHIPSEQ:FILTER_BAM_BAMTOOLS:BAM_REMOVE_ORPHANS,1697332258000,1697332258000,2,47.4,,1073741824.0,,,0.0,0.0,0.0,804.218616,
1482,NFCORE_CHIPSEQ:CHIPSEQ:MARK_DUPLICATES_PICARD:BAM_STATS_SAMTOOLS:SAMTOOLS_FLAGSTAT,1697332257000,1697332262000,2,161.2,,1073741824.0,,,0.0088216918081125,0.0088216918081125,0.0,804.218616,
1522,NFCORE_CHIPSEQ:CHIPSEQ:MARK_DUPLICATES_PICARD:SAMTOOLS_INDEX,1697332252000,1697332263000,2,157.3,,1073741824.0,,,0.018961485361933126,0.018961485361933126,0.0,804.218616,
1523,NFCORE_CHIPSEQ:CHIPSEQ:MARK_DUPLICATES_PICARD:SAMTOOLS_INDEX,1697332254000,1697332264000,2,160.0,,1073741824.0,,,0.017518562185200003,0.017518562185200003,0.0,804.218616,
1534,NFCORE_CHIPSEQ:CHIPSEQ:MARK_DUPLICATES_PICARD:BAM_STATS_SAMTOOLS:SAMTOOLS_STATS,1697332234000,1697332265000,2,132.4,,1073741824.0,,,0.0454077747420375,0.0454077747420375,0.0,804.218616,
1553,NFCORE_CHIPSEQ:CHIPSEQ:FILTER_BAM_BAMTOOLS:BAM_SORT_SAMTOOLS:SAMTOOLS_SORT,1697332244000,1697332267000,5,423.6,,6309281792.0,,,0.11317744672822516,0.11317744672822516,0.0,804.218616,
1574,NFCORE_CHIPSEQ:CHIPSEQ:FILTER_BAM_BAMTOOLS:BAM_SORT_SAMTOOLS:BAM_STATS_SAMTOOLS:SAMTOOLS_FLAGSTAT,1697332257000,1697332264000,2,147.7,,1073741824.0,,,0.011367399762035624,0.011367399762035624,0.0,804.218616,
1576,NFCORE_CHIPSEQ:CHIPSEQ:FILTER_BAM_BAMTOOLS:BAM_SORT_SAMTOOLS:BAM_STATS_SAMTOOLS:SAMTOOLS_IDXSTATS,1697332265000,1697332266000,1,47.5,,1073741824.0,,,0.0005816553026606251,0.0005816553026606251,0.0,804.218616,
1596,NFCORE_CHIPSEQ:CHIPSEQ:MARK_DUPLICATES_PICARD:SAMTOOLS_INDEX,1697332259000,1697332271000,2,154.5,,1073741824.0,,,0.020335756751602502,0.020335756751602502,0.0,804.218616,
1598,NFCORE_CHIPSEQ:CHIPSEQ:MARK_DUPLICATES_PICARD:SAMTOOLS_INDEX,1697332259000,1697332269000,2,164.3,,1073741824.0,,,0.01796583897970625,0.01796583897970625,0.0,804.218616,
1600,NFCORE_CHIPSEQ:CHIPSEQ:FILTER_BAM_BAMTOOLS:BAM_REMOVE_ORPHANS,1697332261000,1697332262000,2,44.3,,1073741824.0,,,0.000548369587720625,0.000548369587720625,0.0,804.218616,
1601,NFCORE_CHIPSEQ:CHIPSEQ:FILTER_BAM_BAMTOOLS:BAM_REMOVE_ORPHANS,1697332261000,1697332262000,2,126.3,,1073741824.0,,,0.001401316033058125,0.001401316033058125,0.0,804.218616,
1602,NFCORE_CHIPSEQ:CHIPSEQ:FILTER_BAM_BAMTOOLS:BAM_REMOVE_ORPHANS,1697332262000,1697332263000,2,39.7,,1073741824.0,,,0.000500521372494375,0.000500521372494375,0.0,804.218616,
1488,NFCORE_CHIPSEQ:CHIPSEQ:FILTER_BAM_BAMTOOLS:BAM_SORT_SAMTOOLS:SAMTOOLS_INDEX,1697332269000,1697332274000,2,161.2,,1073741824.0,,,0.0088216918081125,0.0088216918081125,0.0,804.218616,
1491,NFCORE_CHIPSEQ:CHIPSEQ:FILTER_BAM_BAMTOOLS:BAM_SORT_SAMTOOLS:SAMTOOLS_INDEX,1697332268000,1697332274000,2,157.3,,1073741824.0,,,0.010342628379236251,0.010342628379236251,0.0,804.218616,
1584,NFCORE_CHIPSEQ:CHIPSEQ:MARK_DUPLICATES_PICARD:SAMTOOLS_INDEX,1697332268000,1697332278000,2,159.1,,1073741824.0,,,0.017424946111931253,0.017424946111931253,0.0,804.218616,
1586,NFCORE_CHIPSEQ:CHIPSEQ:MARK_DUPLICATES_PICARD:SAMTOOLS_INDEX,1697332264000,1697332275000,2,144.6,,1073741824.0,,,0.01750835586908375,0.01750835586908375,0.0,804.218616,
1589,NFCORE_CHIPSEQ:CHIPSEQ:MARK_DUPLICATES_PICARD:SAMTOOLS_INDEX,1697332260000,1697332274000,2,153.8,,1073741824.0,,,0.0236231120415325,0.0236231120415325,0.0,804.218616,
1603,NFCORE_CHIPSEQ:CHIPSEQ:FILTER_BAM_BAMTOOLS:BAM_SORT_SAMTOOLS:SAMTOOLS_INDEX,1697332265000,1697332274000,2,154.3,,1073741824.0,,,0.015233094349048125,0.015233094349048125,0.0,804.218616,
1614,NFCORE_CHIPSEQ:CHIPSEQ:MARK_DUPLICATES_PICARD:SAMTOOLS_INDEX,1697332267000,1697332281000,2,146.1,,1073741824.0,,,0.022501799519491248,0.022501799519491248,0.0,804.218616,
1618,NFCORE_CHIPSEQ:CHIPSEQ:FILTER_BAM_BAMTOOLS:BAM_REMOVE_ORPHANS,1697332268000,1697332269000,2,15.4,,1073741824.0,,,0.00024775797466875,0.00024775797466875,0.0,804.218616,
1279,NFCORE_CHIPSEQ:CHIPSEQ:MARK_DUPLICATES_PICARD:BAM_STATS_SAMTOOLS:SAMTOOLS_STATS,1697332228000,1697332275000,2,134.5,,1073741824.0,,,0.06987070184681814,0.06987070184681814,0.0,804.218616,
1290,NFCORE_CHIPSEQ:CHIPSEQ:MARK_DUPLICATES_PICARD:BAM_STATS_SAMTOOLS:SAMTOOLS_IDXSTATS,1697332282000,1697332283000,2,97.0,,1073741824.0,,,0.00109654370563875,0.00109654370563875,0.0,804.218616,
1292,NFCORE_CHIPSEQ:CHIPSEQ:MARK_DUPLICATES_PICARD:BAM_STATS_SAMTOOLS:SAMTOOLS_FLAGSTAT,1697332271000,1697332282000,2,151.8,,1073741824.0,,,0.01833217731384875,0.01833217731384875,0.0,804.218616,
1480,NFCORE_CHIPSEQ:CHIPSEQ:MARK_DUPLICATES_PICARD:BAM_STATS_SAMTOOLS:SAMTOOLS_STATS,1697332257000,1697332281000,2,131.3,,1073741824.0,,,0.034879799103645005,0.034879799103645005,0.0,804.218616,
1537,NFCORE_CHIPSEQ:CHIPSEQ:FILTER_BAM_BAMTOOLS:BAM_SORT_SAMTOOLS:SAMTOOLS_SORT,1697332265000,1697332287000,5,438.0,,6309281792.0,,,0.11155197395388407,0.11155197395388407,0.0,804.218616,
1573,NFCORE_CHIPSEQ:CHIPSEQ:FILTER_BAM_BAMTOOLS:BAM_SORT_SAMTOOLS:BAM_STATS_SAMTOOLS:SAMTOOLS_STATS,1697332257000,1697332287000,2,130.7,,1073741824.0,,,0.043412516733018755,0.043412516733018755,0.0,804.218616,
1593,NFCORE_CHIPSEQ:CHIPSEQ:MARK_DUPLICATES_PICARD:BAM_STATS_SAMTOOLS:SAMTOOLS_STATS,1697332260000,1697332287000,2,132.3,,1073741824.0,,,0.039520622211406876,0.039520622211406876,0.0,804.218616,
1616,NFCORE_CHIPSEQ:CHIPSEQ:MARK_DUPLICATES_PICARD:SAMTOOLS_INDEX,1697332268000,1697332284000,2,147.8,,1073741824.0,,,0.02599927088498,0.02599927088498,0.0,804.218616,
1645,NFCORE_CHIPSEQ:CHIPSEQ:FILTER_BAM_BAMTOOLS:BAM_SORT_SAMTOOLS:BAM_STATS_SAMTOOLS:SAMTOOLS_IDXSTATS,1697332286000,1697332287000,1,27.7,,1073741824.0,,,0.00037569994146937496,0.00037569994146937496,0.0,804.218616,
1644,NFCORE_CHIPSEQ:CHIPSEQ:FILTER_BAM_BAMTOOLS:BAM_SORT_SAMTOOLS:BAM_STATS_SAMTOOLS:SAMTOOLS_FLAGSTAT,1697332283000,1697332287000,2,150.2,,1073741824.0,,,0.006599674866064999,0.006599674866064999,0.0,804.218616,
1649,NFCORE_CHIPSEQ:CHIPSEQ:FILTER_BAM_BAMTOOLS:BAM_SORT_SAMTOOLS:BAM_STATS_SAMTOOLS:SAMTOOLS_FLAGSTAT,1697332279000,1697332285000,2,143.9,,1073741824.0,,,0.00950632479136875,0.00950632479136875,0.0,804.218616,
1648,NFCORE_CHIPSEQ:CHIPSEQ:FILTER_BAM_BAMTOOLS:BAM_SORT_SAMTOOLS:BAM_STATS_SAMTOOLS:SAMTOOLS_IDXSTATS,1697332286000,1697332287000,1,62.1,,1073741824.0,,,0.000733521377074375,0.000733521377074375,0.0,804.218616,
1662,NFCORE_CHIPSEQ:CHIPSEQ:FILTER_BAM_BAMTOOLS:BAM_SORT_SAMTOOLS:BAM_STATS_SAMTOOLS:SAMTOOLS_IDXSTATS,1697332286000,1697332287000,1,59.8,,1073741824.0,,,0.00070959726946125,0.00070959726946125,0.0,804.218616,
1545,NFCORE_CHIPSEQ:CHIPSEQ:MARK_DUPLICATES_PICARD:BAM_STATS_SAMTOOLS:SAMTOOLS_STATS,1697332254000,1697332293000,2,132.9,,1073741824.0,,,0.05732874498475313,0.05732874498475313,0.0,804.218616,
1556,NFCORE_CHIPSEQ:CHIPSEQ:FILTER_BAM_BAMTOOLS:BAM_SORT_SAMTOOLS:SAMTOOLS_SORT,1697332267000,1697332294000,5,406.2,,6309281792.0,,,0.12797372191720077,0.12797372191720077,0.0,804.218616,
1579,NFCORE_CHIPSEQ:CHIPSEQ:FILTER_BAM_BAMTOOLS:BAM_SORT_SAMTOOLS:SAMTOOLS_SORT,1697332263000,1697332290000,5,417.1,,6309281792.0,,,0.13103496751308893,0.13103496751308893,0.0,804.218616,
1583,NFCORE_CHIPSEQ:CHIPSEQ:MARK_DUPLICATES_PICARD:BAM_STATS_SAMTOOLS:SAMTOOLS_FLAGSTAT,1697332282000,1697332293000,2,147.0,,1073741824.0,,,0.017782963017338754,0.017782963017338754,0.0,804.218616,
1628,NFCORE_CHIPSEQ:CHIPSEQ:FILTER_BAM_BAMTOOLS:BAM_SORT_SAMTOOLS:SAMTOOLS_INDEX,1697332286000,1697332293000,2,157.2,,1073741824.0,,,0.012059118525632498,0.012059118525632498,0.0,804.218616,
1641,NFCORE_CHIPSEQ:CHIPSEQ:FILTER_BAM_BAMTOOLS:BAM_SORT_SAMTOOLS:SAMTOOLS_SORT,1697332290000,1697332296000,5,414.4,,6309281792.0,,,0.028950372737691566,0.028950372737691566,0.0,804.218616,
1642,NFCORE_CHIPSEQ:CHIPSEQ:MARK_DUPLICATES_PICARD:SAMTOOLS_INDEX,1697332278000,1697332292000,2,155.6,,1073741824.0,,,0.023885237046684996,0.023885237046684996,0.0,804.218616,
1658,NFCORE_CHIPSEQ:CHIPSEQ:MARK_DUPLICATES_PICARD:BAM_STATS_SAMTOOLS:SAMTOOLS_IDXSTATS,1697332292000,1697332292000,2,55.7,,1073741824.0,,,0.0,0.0,0.0,804.218616,
1664,NFCORE_CHIPSEQ:CHIPSEQ:FILTER_BAM_BAMTOOLS:BAM_SORT_SAMTOOLS:BAM_STATS_SAMTOOLS:SAMTOOLS_FLAGSTAT,1697332285000,1697332293000,2,150.7,,1073741824.0,,,0.013240956875805,0.013240956875805,0.0,804.218616,
1676,NFCORE_CHIPSEQ:CHIPSEQ:FILTER_BAM_BAMTOOLS:BAM_REMOVE_ORPHANS,1697332297000,1697332297000,2,74.0,,1073741824.0,,,0.0,0.0,0.0,804.218616,
1677,NFCORE_CHIPSEQ:CHIPSEQ:FILTER_BAM_BAMTOOLS:BAM_REMOVE_ORPHANS,1697332294000,1697332296000,2,17.3,,1073741824.0,,,0.00053504273582875,0.00053504273582875,0.0,804.218616,
1682,NFCORE_CHIPSEQ:CHIPSEQ:FILTER_BAM_BAMTOOLS:BAM_SORT_SAMTOOLS:SAMTOOLS_INDEX,1697332289000,1697332296000,2,157.9,,1073741824.0,,,0.012110087276634375,0.012110087276634375,0.0,804.218616,
1276,NFCORE_CHIPSEQ:CHIPSEQ:MARK_DUPLICATES_PICARD:BAM_STATS_SAMTOOLS:SAMTOOLS_IDXSTATS,1697332292000,1697332293000,2,111.3,,1073741824.0,,,0.001245289244276875,0.001245289244276875,0.0,804.218616,
1308,NFCORE_CHIPSEQ:CHIPSEQ:MARK_DUPLICATES_PICARD:BAM_STATS_SAMTOOLS:SAMTOOLS_STATS,1697332251000,1697332296000,2,133.8,,1073741824.0,,,0.06656982423519377,0.06656982423519377,0.0,804.218616,
1483,NFCORE_CHIPSEQ:CHIPSEQ:PRESEQ_LCEXTRAP,1697332202000,1697332295000,2,101.1,,1073741824.0,,,0.10594476559522312,0.10594476559522312,0.0,804.218616,
1578,NFCORE_CHIPSEQ:CHIPSEQ:FILTER_BAM_BAMTOOLS:BAM_SORT_SAMTOOLS:SAMTOOLS_SORT,1697332272000,1697332300000,5,408.6,,6309281792.0,,,0.13341248940935566,0.13341248940935566,0.0,804.218616,
1635,NFCORE_CHIPSEQ:CHIPSEQ:MARK_DUPLICATES_PICARD:BAM_STATS_SAMTOOLS:SAMTOOLS_IDXSTATS,1697332300000,1697332300000,2,129.0,,1073741824.0,,,0.0,0.0,0.0,804.218616,
1659,NFCORE_CHIPSEQ:CHIPSEQ:MARK_DUPLICATES_PICARD:BAM_STATS_SAMTOOLS:SAMTOOLS_FLAGSTAT,1697332289000,1697332302000,2,148.5,,1073741824.0,,,0.021219063845906872,0.021219063845906872,0.0,804.218616,
1671,NFCORE_CHIPSEQ:CHIPSEQ:MARK_DUPLICATES_PICARD:SAMTOOLS_INDEX,1697332292000,1697332303000,2,156.3,,1073741824.0,,,0.018847065716826882,0.018847065716826882,0.0,804.218616,
1673,NFCORE_CHIPSEQ:CHIPSEQ:MARK_DUPLICATES_PICARD:SAMTOOLS_INDEX,1697332291000,1697332300000,2,159.9,,1073741824.0,,,0.015757344359353127,0.015757344359353127,0.0,804.218616,
1675,NFCORE_CHIPSEQ:CHIPSEQ:MARK_DUPLICATES_PICARD:SAMTOOLS_INDEX,1697332292000,1697332306000,2,156.3,,1073741824.0,,,0.023987174548688754,0.023987174548688754,0.0,804.218616,
1689,NFCORE_CHIPSEQ:CHIPSEQ:FILTER_BAM_BAMTOOLS:BAM_REMOVE_ORPHANS,1697332297000,1697332297000,2,128.0,,1073741824.0,,,0.0,0.0,0.0,804.218616,
1691,NFCORE_CHIPSEQ:CHIPSEQ:FILTER_BAM_BAMTOOLS:BAM_SORT_SAMTOOLS:SAMTOOLS_INDEX,1697332297000,1697332307000,2,140.2,,1073741824.0,,,0.0154590085732875,0.0154590085732875,0.0,804.218616,
1695,NFCORE_CHIPSEQ:CHIPSEQ:FILTER_BAM_BAMTOOLS:BAM_SORT_SAMTOOLS:SAMTOOLS_INDEX,1697332297000,1697332307000,2,161.5,,1073741824.0,,,0.01767458897398125,0.01767458897398125,0.0,804.218616,
1698,NFCORE_CHIPSEQ:CHIPSEQ:FILTER_BAM_BAMTOOLS:BAM_SORT_SAMTOOLS:BAM_STATS_SAMTOOLS:SAMTOOLS_FLAGSTAT,1697332300000,1697332307000,2,148.9,,1073741824.0,,,0.011454774763753126,0.011454774763753126,0.0,804.218616,
1699,NFCORE_CHIPSEQ:CHIPSEQ:FILTER_BAM_BAMTOOLS:BAM_SORT_SAMTOOLS:SAMTOOLS_INDEX,1697332299000,1697332302000,2,160.6,,1073741824.0,,,0.0052742918702137495,0.0052742918702137495,0.0,804.218616,
1291,NFCORE_CHIPSEQ:CHIPSEQ:MARK_DUPLICATES_PICARD:BAM_STATS_SAMTOOLS:SAMTOOLS_STATS,1697332260000,1697332304000,2,133.6,,1073741824.0,,,0.06499895909166,0.06499895909166,0.0,804.218616,
1413,NFCORE_CHIPSEQ:CHIPSEQ:PRESEQ_LCEXTRAP,1697332205000,1697332306000,2,101.4,,1073741824.0,,,0.11537346793180628,0.11537346793180628,0.0,804.218616,
1490,NFCORE_CHIPSEQ:CHIPSEQ:PICARD_COLLECTMULTIPLEMETRICS,1697332203000,1697332306000,2,72.0,,2573205504.0,,,0.09875535484448345,0.09875535484448345,0.0,804.218616,
1519,NFCORE_CHIPSEQ:CHIPSEQ:PRESEQ_LCEXTRAP,1697332216000,1697332309000,2,101.2,,1073741824.0,,,0.1060415022042675,0.1060415022042675,0.0,804.218616,
1633,NFCORE_CHIPSEQ:CHIPSEQ:MARK_DUPLICATES_PICARD:BAM_STATS_SAMTOOLS:SAMTOOLS_IDXSTATS,1697332306000,1697332308000,2,14.9,,1073741824.0,,,0.00048511416341875,0.00048511416341875,0.0,804.218616,
1705,NFCORE_CHIPSEQ:CHIPSEQ:MARK_DUPLICATES_PICARD:BAM_STATS_SAMTOOLS:SAMTOOLS_IDXSTATS,1697332314000,1697332314000,2,51.4,,1073741824.0,,,0.0,0.0,0.0,804.218616,
1709,NFCORE_CHIPSEQ:CHIPSEQ:FILTER_BAM_BAMTOOLS:BAM_SORT_SAMTOOLS:BAM_STATS_SAMTOOLS:SAMTOOLS_FLAGSTAT,1697332301000,1697332309000,2,141.3,,1073741824.0,,,0.012458742574715,0.012458742574715,0.0,804.218616,
1711,NFCORE_CHIPSEQ:CHIPSEQ:FILTER_BAM_BAMTOOLS:BAM_SORT_SAMTOOLS:BAM_STATS_SAMTOOLS:SAMTOOLS_IDXSTATS,1697332315000,1697332315000,1,50.0,,1073741824.0,,,0.0,0.0,0.0,804.218616,
1714,NFCORE_CHIPSEQ:CHIPSEQ:FILTER_BAM_BAMTOOLS:BAM_REMOVE_ORPHANS,1697332310000,1697332311000,2,38.1,,1073741824.0,,,0.00048387851502437507,0.00048387851502437507,0.0,804.218616,
1715,NFCORE_CHIPSEQ:CHIPSEQ:FILTER_BAM_BAMTOOLS:BAM_REMOVE_ORPHANS,1697332307000,1697332308000,2,40.5,,1073741824.0,,,0.0005088428012293751,0.0005088428012293751,0.0,804.218616,
1716,NFCORE_CHIPSEQ:CHIPSEQ:FILTER_BAM_BAMTOOLS:BAM_REMOVE_ORPHANS,1697332309000,1697332310000,2,47.1,,1073741824.0,,,0.0005774945882931251,0.0005774945882931251,0.0,804.218616,
1741,NFCORE_CHIPSEQ:CHIPSEQ:FILTER_BAM_BAMTOOLS:BAM_SORT_SAMTOOLS:BAM_STATS_SAMTOOLS:SAMTOOLS_FLAGSTAT,1697332310000,1697332314000,2,132.8,,1073741824.0,,,0.005875710566120001,0.005875710566120001,0.0,804.218616,
1469,NFCORE_CHIPSEQ:CHIPSEQ:PICARD_COLLECTMULTIPLEMETRICS,1697332202000,1697332315000,2,74.8,,2573205504.0,,,0.11163437843776655,0.11163437843776655,0.0,804.218616,
1506,NFCORE_CHIPSEQ:CHIPSEQ:MARK_DUPLICATES_PICARD:BAM_STATS_SAMTOOLS:SAMTOOLS_IDXSTATS,1697332312000,1697332312000,2,97.6,,1073741824.0,,,0.0,0.0,0.0,804.218616,
1580,NFCORE_CHIPSEQ:CHIPSEQ:MARK_DUPLICATES_PICARD:BAM_STATS_SAMTOOLS:SAMTOOLS_IDXSTATS,1697332316000,1697332317000,2,56.5,,1073741824.0,,,0.000675271375929375,0.000675271375929375,0.0,804.218616,
1609,NFCORE_CHIPSEQ:CHIPSEQ:MARK_DUPLICATES_PICARD:BAM_STATS_SAMTOOLS:SAMTOOLS_FLAGSTAT,1697332307000,1697332315000,2,149.3,,1073741824.0,,,0.013124456873515001,0.013124456873515001,0.0,804.218616,
1636,NFCORE_CHIPSEQ:CHIPSEQ:MARK_DUPLICATES_PICARD:BAM_STATS_SAMTOOLS:SAMTOOLS_FLAGSTAT,1697332304000,1697332314000,2,151.9,,1073741824.0,,,0.016676017525781253,0.016676017525781253,0.0,804.218616,
1669,NFCORE_CHIPSEQ:CHIPSEQ:FILTER_BAM_BAMTOOLS:BAM_SORT_SAMTOOLS:SAMTOOLS_SORT,1697332299000,1697332321000,5,443.3,,6309281792.0,,,0.11276482219201032,0.11276482219201032,0.0,804.218616,
1686,NFCORE_CHIPSEQ:CHIPSEQ:MARK_DUPLICATES_PICARD:BAM_STATS_SAMTOOLS:SAMTOOLS_IDXSTATS,1697332315000,1697332315000,2,80.0,,1073741824.0,,,0.0,0.0,0.0,804.218616,
1685,NFCORE_CHIPSEQ:CHIPSEQ:MARK_DUPLICATES_PICARD:BAM_STATS_SAMTOOLS:SAMTOOLS_FLAGSTAT,1697332312000,1697332324000,2,149.7,,1073741824.0,,,0.019736613882682497,0.019736613882682497,0.0,804.218616,
1696,NFCORE_CHIPSEQ:CHIPSEQ:FILTER_BAM_BAMTOOLS:BAM_SORT_SAMTOOLS:BAM_STATS_SAMTOOLS:SAMTOOLS_IDXSTATS,1697332326000,1697332327000,1,59.0,,1073741824.0,,,0.00070127584072625,0.00070127584072625,0.0,804.218616,
1708,NFCORE_CHIPSEQ:CHIPSEQ:FILTER_BAM_BAMTOOLS:BAM_SORT_SAMTOOLS:SAMTOOLS_SORT,1697332302000,1697332326000,5,432.6,,6309281792.0,,,0.12034499104007629,0.12034499104007629,0.0,804.218616,
1717,NFCORE_CHIPSEQ:CHIPSEQ:FILTER_BAM_BAMTOOLS:BAM_SORT_SAMTOOLS:SAMTOOLS_INDEX,1697332311000,1697332320000,2,158.4,,1073741824.0,,,0.01561692024945,0.01561692024945,0.0,804.218616,
1731,NFCORE_CHIPSEQ:CHIPSEQ:MARK_DUPLICATES_PICARD:BAM_STATS_SAMTOOLS:SAMTOOLS_IDXSTATS,1697332324000,1697332326000,2,11.1,,1073741824.0,,,0.00040606059043624994,0.00040606059043624994,0.0,804.218616,
1734,NFCORE_CHIPSEQ:CHIPSEQ:FILTER_BAM_BAMTOOLS:BAM_SORT_SAMTOOLS:BAM_STATS_SAMTOOLS:SAMTOOLS_FLAGSTAT,1697332311000,1697332319000,2,147.3,,1073741824.0,,,0.012958028298815,0.012958028298815,0.0,804.218616,
1735,NFCORE_CHIPSEQ:CHIPSEQ:FILTER_BAM_BAMTOOLS:BAM_SORT_SAMTOOLS:BAM_STATS_SAMTOOLS:SAMTOOLS_IDXSTATS,1697332327000,1697332328000,1,72.7,,1073741824.0,,,0.0008437803078131251,0.0008437803078131251,0.0,804.218616,
1738,NFCORE_CHIPSEQ:CHIPSEQ:FILTER_BAM_BAMTOOLS:BAM_SORT_SAMTOOLS:BAM_STATS_SAMTOOLS:SAMTOOLS_FLAGSTAT,1697332311000,1697332321000,2,146.4,,1073741824.0,,,0.016103919300250003,0.016103919300250003,0.0,804.218616,
1737,NFCORE_CHIPSEQ:CHIPSEQ:FILTER_BAM_BAMTOOLS:BAM_SORT_SAMTOOLS:BAM_STATS_SAMTOOLS:SAMTOOLS_IDXSTATS,1697332323000,1697332326000,1,74.4,,1073741824.0,,,0.0025843900316250006,0.0025843900316250006,0.0,804.218616,
1745,NFCORE_CHIPSEQ:CHIPSEQ:FILTER_BAM_BAMTOOLS:BAM_REMOVE_ORPHANS,1697332312000,1697332313000,2,46.2,,1073741824.0,,,0.0005681329809662501,0.0005681329809662501,0.0,804.218616,
1275,NFCORE_CHIPSEQ:CHIPSEQ:MARK_DUPLICATES_PICARD:BAM_STATS_SAMTOOLS:SAMTOOLS_STATS,1697332286000,1697332330000,2,134.3,,1073741824.0,,,0.06531933409795751,0.06531933409795751,0.0,804.218616,
1499,NFCORE_CHIPSEQ:CHIPSEQ:FILTER_BAM_BAMTOOLS:BAM_FILTER,1697332217000,1697332324000,2,136.9,,1073741824.0,,,0.16173852112626563,0.16173852112626563,0.0,804.218616,
1518,NFCORE_CHIPSEQ:CHIPSEQ:PRESEQ_LCEXTRAP,1697332224000,1697332331000,2,100.9,,1073741824.0,,,0.12167084176724065,0.12167084176724065,0.0,804.218616,
1581,NFCORE_CHIPSEQ:CHIPSEQ:MARK_DUPLICATES_PICARD:BAM_STATS_SAMTOOLS:SAMTOOLS_STATS,1697332298000,1697332338000,2,133.2,,1073741824.0,,,0.05892353423590001,0.05892353423590001,0.0,804.218616,
1626,NFCORE_CHIPSEQ:CHIPSEQ:MARK_DUPLICATES_PICARD:BAM_STATS_SAMTOOLS:SAMTOOLS_STATS,1697332283000,1697332326000,2,133.3,,1073741824.0,,,0.06338752698304313,0.06338752698304313,0.0,804.218616,
1631,NFCORE_CHIPSEQ:CHIPSEQ:MARK_DUPLICATES_PICARD:BAM_STATS_SAMTOOLS:SAMTOOLS_FLAGSTAT,1697332326000,1697332338000,2,147.9,,1073741824.0,,,0.0195119353068375,0.0195119353068375,0.0,804.218616,
1638,NFCORE_CHIPSEQ:CHIPSEQ:MARK_DUPLICATES_PICARD:BAM_STATS_SAMTOOLS:SAMTOOLS_STATS,1697332301000,1697332339000,2,134.1,,1073741824.0,,,0.05633309860252625,0.05633309860252625,0.0,804.218616,
1655,NFCORE_CHIPSEQ:CHIPSEQ:MARK_DUPLICATES_PICARD:BAM_STATS_SAMTOOLS:SAMTOOLS_IDXSTATS,1697332327000,1697332328000,2,123.1,,1073741824.0,,,0.0013680303181181248,0.0013680303181181248,0.0,804.218616,
1657,NFCORE_CHIPSEQ:CHIPSEQ:MARK_DUPLICATES_PICARD:BAM_STATS_SAMTOOLS:SAMTOOLS_FLAGSTAT,1697332324000,1697332333000,2,150.4,,1073741824.0,,,0.014867991663300002,0.014867991663300002,0.0,804.218616,
1703,NFCORE_CHIPSEQ:CHIPSEQ:MARK_DUPLICATES_PICARD:BAM_STATS_SAMTOOLS:SAMTOOLS_FLAGSTAT,1697332318000,1697332332000,2,146.5,,1073741824.0,,,0.02256004952063625,0.02256004952063625,0.0,804.218616,
1727,NFCORE_CHIPSEQ:CHIPSEQ:MARK_DUPLICATES_PICARD:BAM_STATS_SAMTOOLS:SAMTOOLS_IDXSTATS,1697332337000,1697332338000,2,14.8,,1073741824.0,,,0.0002415169031175,0.0002415169031175,0.0,804.218616,
1724,NFCORE_CHIPSEQ:CHIPSEQ:MARK_DUPLICATES_PICARD:BAM_STATS_SAMTOOLS:SAMTOOLS_FLAGSTAT,1697332318000,1697332330000,2,146.1,,1073741824.0,,,0.0192872567309925,0.0192872567309925,0.0,804.218616,
1740,NFCORE_CHIPSEQ:CHIPSEQ:FILTER_BAM_BAMTOOLS:BAM_SORT_SAMTOOLS:BAM_STATS_SAMTOOLS:SAMTOOLS_STATS,1697332319000,1697332330000,2,126.9,,1073741824.0,,,0.015483128150703124,0.015483128150703124,0.0,804.218616,
1744,NFCORE_CHIPSEQ:CHIPSEQ:MARK_DUPLICATES_PICARD:SAMTOOLS_INDEX,1697332321000,1697332332000,2,159.9,,1073741824.0,,,0.019258976439209374,0.019258976439209374,0.0,804.218616,
1751,NFCORE_CHIPSEQ:CHIPSEQ:FILTER_BAM_BAMTOOLS:BAM_REMOVE_ORPHANS,1697332320000,1697332321000,2,79.0,,1073741824.0,,,0.00090931155910125,0.00090931155910125,0.0,804.218616,
1752,NFCORE_CHIPSEQ:CHIPSEQ:FILTER_BAM_BAMTOOLS:BAM_REMOVE_ORPHANS,1697332334000,1697332335000,2,107.6,,1073741824.0,,,0.0012068026363774998,0.0012068026363774998,0.0,804.218616,
1754,NFCORE_CHIPSEQ:CHIPSEQ:FILTER_BAM_BAMTOOLS:BAM_SORT_SAMTOOLS:SAMTOOLS_INDEX,1697332329000,1697332338000,2,155.4,,1073741824.0,,,0.015336072029643754,0.015336072029643754,0.0,804.218616,
1761,NFCORE_CHIPSEQ:CHIPSEQ:FILTER_BAM_BAMTOOLS:BAM_SORT_SAMTOOLS:BAM_STATS_SAMTOOLS:SAMTOOLS_IDXSTATS,1697332332000,1697332333000,1,75.1,,1073741824.0,,,0.0008687445940181249,0.0008687445940181249,0.0,804.218616,
1435,NFCORE_CHIPSEQ:CHIPSEQ:PRESEQ_LCEXTRAP,1697332261000,1697332342000,2,100.8,,1073741824.0,,,0.09202170986253,0.09202170986253,0.0,804.218616,
1508,NFCORE_CHIPSEQ:CHIPSEQ:MARK_DUPLICATES_PICARD:BAM_STATS_SAMTOOLS:SAMTOOLS_STATS,1697332299000,1697332343000,2,132.8,,1073741824.0,,,0.06463281622732,0.06463281622732,0.0,804.218616,
1549,NFCORE_CHIPSEQ:CHIPSEQ:MARK_DUPLICATES_PICARD:BAM_STATS_SAMTOOLS:SAMTOOLS_FLAGSTAT,1697332337000,1697332346000,2,147.5,,1073741824.0,,,0.014596505050820626,0.014596505050820626,0.0,804.218616,
1650,NFCORE_CHIPSEQ:CHIPSEQ:MARK_DUPLICATES_PICARD:BAM_STATS_SAMTOOLS:SAMTOOLS_IDXSTATS,1697332342000,1697332342000,2,97.7,,1073741824.0,,,0.0,0.0,0.0,804.218616,
1661,NFCORE_CHIPSEQ:CHIPSEQ:MARK_DUPLICATES_PICARD:BAM_STATS_SAMTOOLS:SAMTOOLS_STATS,1697332291000,1697332345000,2,133.4,,1073741824.0,,,0.07965911050638749,0.07965911050638749,0.0,804.218616,
1710,NFCORE_CHIPSEQ:CHIPSEQ:FILTER_BAM_BAMTOOLS:BAM_SORT_SAMTOOLS:BAM_STATS_SAMTOOLS:SAMTOOLS_STATS,1697332318000,1697332350000,2,131.9,,1073741824.0,,,0.0467061130945,0.0467061130945,0.0,804.218616,
1720,NFCORE_CHIPSEQ:CHIPSEQ:MARK_DUPLICATES_PICARD:BAM_STATS_SAMTOOLS:SAMTOOLS_IDXSTATS,1697332344000,1697332345000,2,100.0,,1073741824.0,,,0.0011277490633950001,0.0011277490633950001,0.0,804.218616,
1729,NFCORE_CHIPSEQ:CHIPSEQ:MARK_DUPLICATES_PICARD:BAM_STATS_SAMTOOLS:SAMTOOLS_FLAGSTAT,1697332329000,1697332345000,2,147.1,,1073741824.0,,,0.025882770882689997,0.025882770882689997,0.0,804.218616,
1758,NFCORE_CHIPSEQ:CHIPSEQ:FILTER_BAM_BAMTOOLS:BAM_SORT_SAMTOOLS:SAMTOOLS_INDEX,1697332333000,1697332342000,2,153.3,,1073741824.0,,,0.015139478275779378,0.015139478275779378,0.0,804.218616,
1759,NFCORE_CHIPSEQ:CHIPSEQ:FILTER_BAM_BAMTOOLS:BAM_SORT_SAMTOOLS:BAM_STATS_SAMTOOLS:SAMTOOLS_FLAGSTAT,1697332333000,1697332342000,2,143.7,,1073741824.0,,,0.014240763972399376,0.014240763972399376,0.0,804.218616,
1766,NFCORE_CHIPSEQ:CHIPSEQ:MARK_DUPLICATES_PICARD:SAMTOOLS_INDEX,1697332338000,1697332351000,2,147.1,,1073741824.0,,,0.021029751342185623,0.021029751342185623,0.0,804.218616,
1769,NFCORE_CHIPSEQ:CHIPSEQ:FILTER_BAM_BAMTOOLS:BAM_REMOVE_ORPHANS,1697332348000,1697332350000,2,44.7,,1073741824.0,,,0.0011050606041762502,0.0011050606041762502,0.0,804.218616,
1775,NFCORE_CHIPSEQ:CHIPSEQ:FILTER_BAM_BAMTOOLS:BAM_REMOVE_ORPHANS,1697332340000,1697332341000,2,26.3,,1073741824.0,,,0.00036113744118312495,0.00036113744118312495,0.0,804.218616,
1776,NFCORE_CHIPSEQ:CHIPSEQ:FILTER_BAM_BAMTOOLS:BAM_REMOVE_ORPHANS,1697332341000,1697332341000,2,54.2,,1073741824.0,,,0.0,0.0,0.0,804.218616,
1777,NFCORE_CHIPSEQ:CHIPSEQ:FILTER_BAM_BAMTOOLS:BAM_REMOVE_ORPHANS,1697332341000,1697332341000,2,50.0,,1073741824.0,,,0.0,0.0,0.0,804.218616,
1786,NFCORE_CHIPSEQ:CHIPSEQ:FILTER_BAM_BAMTOOLS:BAM_SORT_SAMTOOLS:BAM_STATS_SAMTOOLS:SAMTOOLS_FLAGSTAT,1697332346000,1697332354000,2,141.3,,1073741824.0,,,0.012458742574715,0.012458742574715,0.0,804.218616,
1565,NFCORE_CHIPSEQ:CHIPSEQ:PRESEQ_LCEXTRAP,1697332246000,1697332357000,2,101.4,,1073741824.0,,,0.12679658356861875,0.12679658356861875,0.0,804.218616,
1608,NFCORE_CHIPSEQ:CHIPSEQ:MARK_DUPLICATES_PICARD:BAM_STATS_SAMTOOLS:SAMTOOLS_IDXSTATS,1697332353000,1697332355000,2,113.5,,1073741824.0,,,0.0025363463465962505,0.0025363463465962505,0.0,804.218616,
1625,NFCORE_CHIPSEQ:CHIPSEQ:MARK_DUPLICATES_PICARD:BAM_STATS_SAMTOOLS:SAMTOOLS_IDXSTATS,1697332348000,1697332350000,2,87.1,,1073741824.0,,,0.0019871320500862498,0.0019871320500862498,0.0,804.218616,
1653,NFCORE_CHIPSEQ:CHIPSEQ:MARK_DUPLICATES_PICARD:BAM_STATS_SAMTOOLS:SAMTOOLS_FLAGSTAT,1697332339000,1697332350000,2,148.3,,1073741824.0,,,0.017931708555976877,0.017931708555976877,0.0,804.218616,
1654,NFCORE_CHIPSEQ:CHIPSEQ:MARK_DUPLICATES_PICARD:BAM_STATS_SAMTOOLS:SAMTOOLS_STATS,1697332318000,1697332357000,2,134.6,,1073741824.0,,,0.05801838339116626,0.05801838339116626,0.0,804.218616,
1722,NFCORE_CHIPSEQ:CHIPSEQ:MARK_DUPLICATES_PICARD:BAM_STATS_SAMTOOLS:SAMTOOLS_FLAGSTAT,1697332346000,1697332358000,2,145.5,,1073741824.0,,,0.0192123638723775,0.0192123638723775,0.0,804.218616,
1725,NFCORE_CHIPSEQ:CHIPSEQ:MARK_DUPLICATES_PICARD:BAM_STATS_SAMTOOLS:SAMTOOLS_STATS,1697332318000,1697332355000,2,133.8,,1073741824.0,,,0.05473518881560375,0.05473518881560375,0.0,804.218616,
1742,NFCORE_CHIPSEQ:CHIPSEQ:FILTER_BAM_BAMTOOLS:BAM_SORT_SAMTOOLS:BAM_STATS_SAMTOOLS:SAMTOOLS_IDXSTATS,1697332354000,1697332355000,1,68.3,,1073741824.0,,,0.0007980124497706249,0.0007980124497706249,0.0,804.218616,
1767,NFCORE_CHIPSEQ:CHIPSEQ:MARK_DUPLICATES_PICARD:SAMTOOLS_INDEX,1697332340000,1697332353000,2,155.1,,1073741824.0,,,0.022111537077735624,0.022111537077735624,0.0,804.218616,
1785,NFCORE_CHIPSEQ:CHIPSEQ:FILTER_BAM_BAMTOOLS:BAM_SORT_SAMTOOLS:BAM_STATS_SAMTOOLS:SAMTOOLS_IDXSTATS,1697332355000,1697332355000,1,68.8,,1073741824.0,,,0.0,0.0,0.0,804.218616,
1790,NFCORE_CHIPSEQ:CHIPSEQ:MARK_DUPLICATES_PICARD:SAMTOOLS_INDEX,1697332346000,1697332361000,2,149.7,,1073741824.0,,,0.024670767353353117,0.024670767353353117,0.0,804.218616,
1793,NFCORE_CHIPSEQ:CHIPSEQ:FILTER_BAM_BAMTOOLS:BAM_REMOVE_ORPHANS,1697332347000,1697332348000,2,10.2,,1073741824.0,,,0.00019366868789125001,0.00019366868789125001,0.0,804.218616,
1478,NFCORE_CHIPSEQ:CHIPSEQ:MARK_DUPLICATES_PICARD:BAM_STATS_SAMTOOLS:SAMTOOLS_IDXSTATS,1697332361000,1697332361000,2,78.5,,1073741824.0,,,0.0,0.0,0.0,804.218616,
1502,NFCORE_CHIPSEQ:CHIPSEQ:FILTER_BAM_BAMTOOLS:BAM_FILTER,1697332219000,1697332359000,2,138.0,,1073741824.0,,,0.21322236996304997,0.21322236996304997,0.0,804.218616,
1503,NFCORE_CHIPSEQ:CHIPSEQ:MARK_DUPLICATES_PICARD:BAM_STATS_SAMTOOLS:SAMTOOLS_IDXSTATS,1697332360000,1697332360000,2,90.8,,1073741824.0,,,0.0,0.0,0.0,804.218616,
1548,NFCORE_CHIPSEQ:CHIPSEQ:MARK_DUPLICATES_PICARD:BAM_STATS_SAMTOOLS:SAMTOOLS_IDXSTATS,1697332361000,1697332361000,2,89.5,,1073741824.0,,,0.0,0.0,0.0,804.218616,
1594,NFCORE_CHIPSEQ:CHIPSEQ:MARK_DUPLICATES_PICARD:BAM_STATS_SAMTOOLS:SAMTOOLS_FLAGSTAT,1697332353000,1697332361000,2,143.1,,1073741824.0,,,0.012608528291944998,0.012608528291944998,0.0,804.218616,
1619,NFCORE_CHIPSEQ:CHIPSEQ:MARK_DUPLICATES_PICARD:BAM_STATS_SAMTOOLS:SAMTOOLS_FLAGSTAT,1697332348000,1697332361000,2,150.4,,1073741824.0,,,0.021475987958099997,0.021475987958099997,0.0,804.218616,
1623,NFCORE_CHIPSEQ:CHIPSEQ:MARK_DUPLICATES_PICARD:BAM_STATS_SAMTOOLS:SAMTOOLS_FLAGSTAT,1697332351000,1697332362000,2,148.2,,1073741824.0,,,0.01792026659146625,0.01792026659146625,0.0,804.218616,
1683,NFCORE_CHIPSEQ:CHIPSEQ:MARK_DUPLICATES_PICARD:BAM_STATS_SAMTOOLS:SAMTOOLS_STATS,1697332311000,1697332362000,2,131.9,,1073741824.0,,,0.07443786774435938,0.07443786774435938,0.0,804.218616,
1701,NFCORE_CHIPSEQ:CHIPSEQ:PICARD_COLLECTMULTIPLEMETRICS,1697332314000,1697332361000,2,120.6,,2573205504.0,,,0.06882288247998469,0.06882288247998469,0.0,804.218616,
1704,NFCORE_CHIPSEQ:CHIPSEQ:MARK_DUPLICATES_PICARD:BAM_STATS_SAMTOOLS:SAMTOOLS_STATS,1697332321000,1697332370000,2,133.7,,1073741824.0,,,0.07243617319398686,0.07243617319398686,0.0,804.218616,
1795,NFCORE_CHIPSEQ:CHIPSEQ:FILTER_BAM_BAMTOOLS:BAM_SORT_SAMTOOLS:BAM_STATS_SAMTOOLS:SAMTOOLS_FLAGSTAT,1697332354000,1697332363000,2,139.4,,1073741824.0,,,0.013838214857343753,0.013838214857343753,0.0,804.218616,
1807,NFCORE_CHIPSEQ:CHIPSEQ:MARK_DUPLICATES_PICARD:SAMTOOLS_INDEX,1697332360000,1697332372000,2,152.7,,1073741824.0,,,0.020111078175757496,0.020111078175757496,0.0,804.218616,
1813,NFCORE_CHIPSEQ:CHIPSEQ:FILTER_BAM_BAMTOOLS:BAM_REMOVE_ORPHANS,1697332358000,1697332359000,2,70.3,,1073741824.0,,,0.0008188160216081251,0.0008188160216081251,0.0,804.218616,
1814,NFCORE_CHIPSEQ:CHIPSEQ:FILTER_BAM_BAMTOOLS:BAM_REMOVE_ORPHANS,1697332365000,1697332366000,2,55.9,,1073741824.0,,,0.0006690303043781251,0.0006690303043781251,0.0,804.218616,
1815,NFCORE_CHIPSEQ:CHIPSEQ:FILTER_BAM_BAMTOOLS:BAM_REMOVE_ORPHANS,1697332364000,1697332365000,2,41.8,,1073741824.0,,,0.0005223651229237501,0.0005223651229237501,0.0,804.218616,
1475,NFCORE_CHIPSEQ:CHIPSEQ:MARK_DUPLICATES_PICARD:BAM_STATS_SAMTOOLS:SAMTOOLS_FLAGSTAT,1697332365000,1697332373000,2,156.1,,1073741824.0,,,0.013690314027495001,0.013690314027495001,0.0,804.218616,
1495,NFCORE_CHIPSEQ:CHIPSEQ:FILTER_BAM_BAMTOOLS:BAM_FILTER,1697332209000,1697332369000,2,132.8,,1073741824.0,,,0.23502842264480006,0.23502842264480006,0.0,804.218616,
1505,NFCORE_CHIPSEQ:CHIPSEQ:MARK_DUPLICATES_PICARD:BAM_STATS_SAMTOOLS:SAMTOOLS_FLAGSTAT,1697332362000,1697332369000,2,147.7,,1073741824.0,,,0.011367399762035624,0.011367399762035624,0.0,804.218616,
1530,NFCORE_CHIPSEQ:CHIPSEQ:PICARD_COLLECTMULTIPLEMETRICS,1697332245000,1697332372000,2,82.5,,2573205504.0,,,0.13563709283575406,0.13563709283575406,0.0,804.218616,
1622,NFCORE_CHIPSEQ:CHIPSEQ:MARK_DUPLICATES_PICARD:BAM_STATS_SAMTOOLS:SAMTOOLS_IDXSTATS,1697332373000,1697332374000,2,60.4,,1073741824.0,,,0.0007158383410124999,0.0007158383410124999,0.0,804.218616,
1632,NFCORE_CHIPSEQ:CHIPSEQ:MARK_DUPLICATES_PICARD:BAM_STATS_SAMTOOLS:SAMTOOLS_STATS,1697332332000,1697332375000,2,131.7,,1073741824.0,,,0.06267188411183312,0.06267188411183312,0.0,804.218616,
1651,NFCORE_CHIPSEQ:CHIPSEQ:MARK_DUPLICATES_PICARD:BAM_STATS_SAMTOOLS:SAMTOOLS_STATS,1697332333000,1697332374000,2,133.4,,1073741824.0,,,0.060481917236331256,0.060481917236331256,0.0,804.218616,
1663,NFCORE_CHIPSEQ:CHIPSEQ:FILTER_BAM_BAMTOOLS:BAM_SORT_SAMTOOLS:BAM_STATS_SAMTOOLS:SAMTOOLS_STATS,1697332342000,1697332375000,2,130.5,,1073741824.0,,,0.047685116619256875,0.047685116619256875,0.0,804.218616,
1730,NFCORE_CHIPSEQ:CHIPSEQ:MARK_DUPLICATES_PICARD:BAM_STATS_SAMTOOLS:SAMTOOLS_STATS,1697332329000,1697332378000,2,134.6,,1073741824.0,,,0.07289489195300375,0.07289489195300375,0.0,804.218616,
1733,NFCORE_CHIPSEQ:CHIPSEQ:FILTER_BAM_BAMTOOLS:BAM_SORT_SAMTOOLS:BAM_STATS_SAMTOOLS:SAMTOOLS_STATS,1697332337000,1697332372000,2,129.3,,1073741824.0,,,0.05013824867850313,0.05013824867850313,0.0,804.218616,
1781,NFCORE_CHIPSEQ:CHIPSEQ:MARK_DUPLICATES_PICARD:BAM_STATS_SAMTOOLS:SAMTOOLS_IDXSTATS,1697332378000,1697332378000,2,61.0,,1073741824.0,,,0.0,0.0,0.0,804.218616,
1791,NFCORE_CHIPSEQ:CHIPSEQ:MARK_DUPLICATES_PICARD:SAMTOOLS_INDEX,1697332360000,1697332373000,2,154.5,,1073741824.0,,,0.022030403147569374,0.022030403147569374,0.0,804.218616,
1809,NFCORE_CHIPSEQ:CHIPSEQ:MARK_DUPLICATES_PICARD:SAMTOOLS_INDEX,1697332359000,1697332375000,2,142.2,,1073741824.0,,,0.025067270866659996,0.025067270866659996,0.0,804.218616,
1811,NFCORE_CHIPSEQ:CHIPSEQ:MARK_DUPLICATES_PICARD:SAMTOOLS_INDEX,1697332357000,1697332376000,2,161.9,,1073741824.0,,,0.03366077262354687,0.03366077262354687,0.0,804.218616,
1825,NFCORE_CHIPSEQ:CHIPSEQ:MARK_DUPLICATES_PICARD:SAMTOOLS_INDEX,1697332372000,1697332383000,2,160.7,,1073741824.0,,,0.01935051215529438,0.01935051215529438,0.0,804.218616,
1828,NFCORE_CHIPSEQ:CHIPSEQ:MARK_DUPLICATES_PICARD:SAMTOOLS_INDEX,1697332368000,1697332376000,2,151.5,,1073741824.0,,,0.013307528305684999,0.013307528305684999,0.0,804.218616,
1830,NFCORE_CHIPSEQ:CHIPSEQ:MARK_DUPLICATES_PICARD:SAMTOOLS_INDEX,1697332369000,1697332382000,2,158.6,,1073741824.0,,,0.022584818337038747,0.022584818337038747,0.0,804.218616,
1831,NFCORE_CHIPSEQ:CHIPSEQ:MARK_DUPLICATES_PICARD:SAMTOOLS_INDEX,1697332372000,1697332380000,2,151.0,,1073741824.0,,,0.01326592116201,0.01326592116201,0.0,804.218616,
1834,NFCORE_CHIPSEQ:CHIPSEQ:FILTER_BAM_BAMTOOLS:BAM_REMOVE_ORPHANS,1697332377000,1697332378000,2,126.3,,1073741824.0,,,0.001401316033058125,0.001401316033058125,0.0,804.218616,
1476,NFCORE_CHIPSEQ:CHIPSEQ:MARK_DUPLICATES_PICARD:BAM_STATS_SAMTOOLS:SAMTOOLS_STATS,1697332352000,1697332386000,2,129.7,,1073741824.0,,,0.04884719157618375,0.04884719157618375,0.0,804.218616,
1493,NFCORE_CHIPSEQ:CHIPSEQ:PICARD_COLLECTMULTIPLEMETRICS,1697332286000,1697332387000,2,93.0,,2573205504.0,,,0.11889996307243407,0.11889996307243407,0.0,804.218616,
1500,NFCORE_CHIPSEQ:CHIPSEQ:MARK_DUPLICATES_PICARD:BAM_STATS_SAMTOOLS:SAMTOOLS_FLAGSTAT,1697332382000,1697332389000,2,154.9,,1073741824.0,,,0.011891649772340626,0.011891649772340626,0.0,804.218616,
1501,NFCORE_CHIPSEQ:CHIPSEQ:MARK_DUPLICATES_PICARD:BAM_STATS_SAMTOOLS:SAMTOOLS_IDXSTATS,1697332378000,1697332379000,2,69.6,,1073741824.0,,,0.0008115347714649999,0.0008115347714649999,0.0,804.218616,
1504,NFCORE_CHIPSEQ:CHIPSEQ:MARK_DUPLICATES_PICARD:BAM_STATS_SAMTOOLS:SAMTOOLS_STATS,1697332363000,1697332388000,2,131.7,,1073741824.0,,,0.03643714192548437,0.03643714192548437,0.0,804.218616,
1527,NFCORE_CHIPSEQ:CHIPSEQ:PICARD_COLLECTMULTIPLEMETRICS,1697332232000,1697332378000,2,74.2,,2573205504.0,,,0.14332437215452562,0.14332437215452562,0.0,804.218616,
1535,NFCORE_CHIPSEQ:CHIPSEQ:FILTER_BAM_BAMTOOLS:BAM_FILTER,1697332227000,1697332376000,2,140.0,,1073741824.0,,,0.23002925452160505,0.23002925452160505,0.0,804.218616,
1592,NFCORE_CHIPSEQ:CHIPSEQ:MARK_DUPLICATES_PICARD:BAM_STATS_SAMTOOLS:SAMTOOLS_IDXSTATS,1697332381000,1697332382000,2,67.4,,1073741824.0,,,0.00078865084244375,0.00078865084244375,0.0,804.218616,
1607,NFCORE_CHIPSEQ:CHIPSEQ:MARK_DUPLICATES_PICARD:BAM_STATS_SAMTOOLS:SAMTOOLS_STATS,1697332351000,1697332384000,2,133.6,,1073741824.0,,,0.048749219318745,0.048749219318745,0.0,804.218616,
1681,NFCORE_CHIPSEQ:CHIPSEQ:PICARD_COLLECTMULTIPLEMETRICS,1697332289000,1697332388000,2,109.3,,2573205504.0,,,0.13333087029521531,0.13333087029521531,0.0,804.218616,
1723,NFCORE_CHIPSEQ:CHIPSEQ:MARK_DUPLICATES_PICARD:BAM_STATS_SAMTOOLS:SAMTOOLS_STATS,1697332341000,1697332381000,2,133.4,,1073741824.0,,,0.05900674852325001,0.05900674852325001,0.0,804.218616,
1780,NFCORE_CHIPSEQ:CHIPSEQ:MARK_DUPLICATES_PICARD:BAM_STATS_SAMTOOLS:SAMTOOLS_FLAGSTAT,1697332377000,1697332390000,2,145.9,,1073741824.0,,,0.020867483481853126,0.020867483481853126,0.0,804.218616,
1784,NFCORE_CHIPSEQ:CHIPSEQ:FILTER_BAM_BAMTOOLS:BAM_SORT_SAMTOOLS:BAM_STATS_SAMTOOLS:SAMTOOLS_STATS,1697332356000,1697332387000,2,128.9,,1073741824.0,,,0.04427918096985312,0.04427918096985312,0.0,804.218616,
1843,NFCORE_CHIPSEQ:CHIPSEQ:MARK_DUPLICATES_PICARD:SAMTOOLS_INDEX,1697332377000,1697332390000,2,164.3,,1073741824.0,,,0.023355590673618126,0.023355590673618126,0.0,804.218616,
1845,NFCORE_CHIPSEQ:CHIPSEQ:FILTER_BAM_BAMTOOLS:BAM_REMOVE_ORPHANS,1697332380000,1697332381000,2,27.8,,1073741824.0,,,0.00037674012006125003,0.00037674012006125003,0.0,804.218616,
1846,NFCORE_CHIPSEQ:CHIPSEQ:FILTER_BAM_BAMTOOLS:BAM_REMOVE_ORPHANS,1697332382000,1697332382000,2,25.4,,1073741824.0,,,0.0,0.0,0.0,804.218616,
1859,NFCORE_CHIPSEQ:CHIPSEQ:MARK_DUPLICATES_PICARD:BAM_STATS_SAMTOOLS:SAMTOOLS_IDXSTATS,1697332391000,1697332392000,2,85.7,,1073741824.0,,,0.0009790035247568749,0.0009790035247568749,0.0,804.218616,
1411,NFCORE_CHIPSEQ:CHIPSEQ:BEDTOOLS_GENOMECOV,1697332263000,1697332391000,2,122.1,,4567597056.0,,,0.21024955350960003,0.21024955350960003,0.0,804.218616,
1451,NFCORE_CHIPSEQ:CHIPSEQ:MARK_DUPLICATES_PICARD:BAM_STATS_SAMTOOLS:SAMTOOLS_FLAGSTAT,1697332392000,1697332398000,2,147.6,,1073741824.0,,,0.009737244438764999,0.009737244438764999,0.0,804.218616,
1452,NFCORE_CHIPSEQ:CHIPSEQ:MARK_DUPLICATES_PICARD:BAM_STATS_SAMTOOLS:SAMTOOLS_IDXSTATS,1697332389000,1697332390000,2,53.0,,1073741824.0,,,0.00063886512521375,0.00063886512521375,0.0,804.218616,
1551,NFCORE_CHIPSEQ:CHIPSEQ:MARK_DUPLICATES_PICARD:BAM_STATS_SAMTOOLS:SAMTOOLS_STATS,1697332360000,1697332392000,2,134.0,,1073741824.0,,,0.04740511310824,0.04740511310824,0.0,804.218616,
1575,NFCORE_CHIPSEQ:CHIPSEQ:FILTER_BAM_BAMTOOLS:BAM_SORT_SAMTOOLS:BAM_STATS_SAMTOOLS:SAMTOOLS_STATS,1697332364000,1697332393000,2,128.9,,1073741824.0,,,0.041422459616959374,0.041422459616959374,0.0,804.218616,
1604,NFCORE_CHIPSEQ:CHIPSEQ:PICARD_COLLECTMULTIPLEMETRICS,1697332267000,1697332398000,2,90.5,,2573205504.0,,,0.15081019889862782,0.15081019889862782,0.0,804.218616,
1615,NFCORE_CHIPSEQ:CHIPSEQ:PRESEQ_LCEXTRAP,1697332268000,1697332393000,2,101.7,,1073741824.0,,,0.1431790124321094,0.1431790124321094,0.0,804.218616,
1672,NFCORE_CHIPSEQ:CHIPSEQ:PRESEQ_LCEXTRAP,1697332300000,1697332401000,2,100.8,,1073741824.0,,,0.11474311970513003,0.11474311970513003,0.0,804.218616,
1851,NFCORE_CHIPSEQ:CHIPSEQ:MARK_DUPLICATES_PICARD:BAM_STATS_SAMTOOLS:SAMTOOLS_FLAGSTAT,1697332386000,1697332400000,2,147.0,,1073741824.0,,,0.0226328620220675,0.0226328620220675,0.0,804.218616,
1861,NFCORE_CHIPSEQ:CHIPSEQ:MARK_DUPLICATES_PICARD:BAM_STATS_SAMTOOLS:SAMTOOLS_FLAGSTAT,1697332387000,1697332398000,2,151.5,,1073741824.0,,,0.018297851420316872,0.018297851420316872,0.0,804.218616,
1878,NFCORE_CHIPSEQ:CHIPSEQ:FILTER_BAM_BAMTOOLS:BAM_REMOVE_ORPHANS,1697332393000,1697332393000,2,39.9,,1073741824.0,,,0.0,0.0,0.0,804.218616,
1498,NFCORE_CHIPSEQ:CHIPSEQ:MARK_DUPLICATES_PICARD:BAM_STATS_SAMTOOLS:SAMTOOLS_STATS,1697332377000,1697332405000,2,130.9,,1073741824.0,,,0.0405765989519625,0.0405765989519625,0.0,804.218616,
1550,NFCORE_CHIPSEQ:CHIPSEQ:FILTER_BAM_BAMTOOLS:BAM_FILTER,1697332227000,1697332405000,2,138.3,,1073741824.0,,,0.27165246860679626,0.27165246860679626,0.0,804.218616,
1595,NFCORE_CHIPSEQ:CHIPSEQ:FILTER_BAM_BAMTOOLS:BAM_FILTER,1697332261000,1697332410000,2,137.9,,1073741824.0,,,0.22677453570762812,0.22677453570762812,0.0,804.218616,
1627,NFCORE_CHIPSEQ:CHIPSEQ:PICARD_COLLECTMULTIPLEMETRICS,1697332293000,1697332408000,2,100.0,,2573205504.0,,,0.1437545837371672,0.1437545837371672,0.0,804.218616,
1749,NFCORE_CHIPSEQ:CHIPSEQ:FILTER_BAM_BAMTOOLS:BAM_SORT_SAMTOOLS:SAMTOOLS_SORT,1697332403000,1697332412000,5,440.1,,6309281792.0,,,0.04583149218954422,0.04583149218954422,0.0,804.218616,
1852,NFCORE_CHIPSEQ:CHIPSEQ:MARK_DUPLICATES_PICARD:BAM_STATS_SAMTOOLS:SAMTOOLS_IDXSTATS,1697332415000,1697332416000,2,76.8,,1073741824.0,,,0.00088642763008,0.00088642763008,0.0,804.218616,
1425,NFCORE_CHIPSEQ:CHIPSEQ:BEDTOOLS_GENOMECOV,1697332219000,1697332418000,2,122.7,,4567597056.0,,,0.32811432596065504,0.32811432596065504,0.0,804.218616,
1426,NFCORE_CHIPSEQ:CHIPSEQ:BEDTOOLS_GENOMECOV,1697332209000,1697332411000,2,121.8,,4567597056.0,,,0.3311697284056613,0.3311697284056613,0.0,804.218616,
1449,NFCORE_CHIPSEQ:CHIPSEQ:MARK_DUPLICATES_PICARD:BAM_STATS_SAMTOOLS:SAMTOOLS_STATS,1697332393000,1697332418000,2,130.0,,1073741824.0,,,0.0359950660239375,0.0359950660239375,0.0,804.218616,
1521,NFCORE_CHIPSEQ:CHIPSEQ:PRESEQ_LCEXTRAP,1697332286000,1697332418000,2,100.7,,1073741824.0,,,0.1498240013870325,0.1498240013870325,0.0,804.218616,
1599,NFCORE_CHIPSEQ:CHIPSEQ:PRESEQ_LCEXTRAP,1697332304000,1697332418000,2,100.7,,1073741824.0,,,0.12939345574334626,0.12939345574334626,0.0,804.218616,
1606,NFCORE_CHIPSEQ:CHIPSEQ:FILTER_BAM_BAMTOOLS:BAM_FILTER,1697332265000,1697332420000,2,139.1,,1073741824.0,,,0.23784112838680938,0.23784112838680938,0.0,804.218616,
1621,NFCORE_CHIPSEQ:CHIPSEQ:MARK_DUPLICATES_PICARD:BAM_STATS_SAMTOOLS:SAMTOOLS_STATS,1697332377000,1697332420000,2,131.3,,1073741824.0,,,0.06249297339403064,0.06249297339403064,0.0,804.218616,
1647,NFCORE_CHIPSEQ:CHIPSEQ:FILTER_BAM_BAMTOOLS:BAM_SORT_SAMTOOLS:BAM_STATS_SAMTOOLS:SAMTOOLS_STATS,1697332390000,1697332418000,2,127.0,,1073741824.0,,,0.039440723929635,0.039440723929635,0.0,804.218616,
1690,NFCORE_CHIPSEQ:CHIPSEQ:PICARD_COLLECTMULTIPLEMETRICS,1697332297000,1697332419000,2,100.2,,2573205504.0,,,0.15275866632367313,0.15275866632367313,0.0,804.218616,
1764,NFCORE_CHIPSEQ:CHIPSEQ:FILTER_BAM_BAMTOOLS:BAM_SORT_SAMTOOLS:SAMTOOLS_SORT,1697332397000,1697332424000,5,421.5,,6309281792.0,,,0.1322706996802364,0.1322706996802364,0.0,804.218616,
1782,NFCORE_CHIPSEQ:CHIPSEQ:FILTER_BAM_BAMTOOLS:BAM_SORT_SAMTOOLS:SAMTOOLS_SORT,1697332395000,1697332422000,5,420.3,,6309281792.0,,,0.1319336818164689,0.1319336818164689,0.0,804.218616,
1822,NFCORE_CHIPSEQ:CHIPSEQ:MARK_DUPLICATES_PICARD:BAM_STATS_SAMTOOLS:SAMTOOLS_FLAGSTAT,1697332412000,1697332426000,2,150.9,,1073741824.0,,,0.023200799533231252,0.023200799533231252,0.0,804.218616,
1857,NFCORE_CHIPSEQ:CHIPSEQ:MARK_DUPLICATES_PICARD:BAM_STATS_SAMTOOLS:SAMTOOLS_IDXSTATS,1697332419000,1697332419000,2,76.2,,1073741824.0,,,0.0,0.0,0.0,804.218616,
1889,NFCORE_CHIPSEQ:CHIPSEQ:FILTER_BAM_BAMTOOLS:BAM_REMOVE_ORPHANS,1697332427000,1697332427000,2,69.6,,1073741824.0,,,0.0,0.0,0.0,804.218616,
1890,NFCORE_CHIPSEQ:CHIPSEQ:FILTER_BAM_BAMTOOLS:BAM_REMOVE_ORPHANS,1697332414000,1697332415000,2,64.6,,1073741824.0,,,0.0007595258418712501,0.0007595258418712501,0.0,804.218616,
1891,NFCORE_CHIPSEQ:CHIPSEQ:FILTER_BAM_BAMTOOLS:BAM_SORT_SAMTOOLS:SAMTOOLS_INDEX,1697332416000,1697332420000,2,154.8,,1073741824.0,,,0.00679106772697,0.00679106772697,0.0,804.218616,
1750,NFCORE_CHIPSEQ:CHIPSEQ:BEDTOOLS_GENOMECOV,1697332329000,1697332424000,2,122.6,,4567597056.0,,,0.15653867532654686,0.15653867532654686,0.0,804.218616,
1816,NFCORE_CHIPSEQ:CHIPSEQ:MARK_DUPLICATES_PICARD:BAM_STATS_SAMTOOLS:SAMTOOLS_STATS,1697332380000,1697332427000,2,132.7,,1073741824.0,,,0.06899071075809189,0.06899071075809189,0.0,804.218616,
1848,NFCORE_CHIPSEQ:CHIPSEQ:MARK_DUPLICATES_PICARD:BAM_STATS_SAMTOOLS:SAMTOOLS_FLAGSTAT,1697332419000,1697332432000,2,145.0,,1073741824.0,,,0.02074578258660375,0.02074578258660375,0.0,804.218616,
1862,NFCORE_CHIPSEQ:CHIPSEQ:MARK_DUPLICATES_PICARD:BAM_STATS_SAMTOOLS:SAMTOOLS_STATS,1697332387000,1697332434000,2,133.7,,1073741824.0,,,0.06947959469627313,0.06947959469627313,0.0,804.218616,
1887,NFCORE_CHIPSEQ:CHIPSEQ:MARK_DUPLICATES_PICARD:SAMTOOLS_INDEX,1697332421000,1697332431000,2,150.2,,1073741824.0,,,0.0164991871651625,0.0164991871651625,0.0,804.218616,
1895,NFCORE_CHIPSEQ:CHIPSEQ:MARK_DUPLICATES_PICARD:SAMTOOLS_INDEX,1697332424000,1697332433000,2,156.2,,1073741824.0,,,0.01541096488825875,0.01541096488825875,0.0,804.218616,
1897,NFCORE_CHIPSEQ:CHIPSEQ:MARK_DUPLICATES_PICARD:SAMTOOLS_INDEX,1697332422000,1697332431000,2,152.7,,1073741824.0,,,0.015083308631818124,0.015083308631818124,0.0,804.218616,
1910,NFCORE_CHIPSEQ:CHIPSEQ:FILTER_BAM_BAMTOOLS:BAM_SORT_SAMTOOLS:BAM_STATS_SAMTOOLS:SAMTOOLS_IDXSTATS,1697332433000,1697332434000,1,115.1,,1073741824.0,,,0.001284816030768125,0.001284816030768125,0.0,804.218616,
1459,NFCORE_CHIPSEQ:CHIPSEQ:PRESEQ_LCEXTRAP,1697332363000,1697332434000,2,100.6,,1073741824.0,,,0.08051329958118375,0.08051329958118375,0.0,804.218616,
1778,NFCORE_CHIPSEQ:CHIPSEQ:MARK_DUPLICATES_PICARD:BAM_STATS_SAMTOOLS:SAMTOOLS_STATS,1697332383000,1697332432000,2,131.3,,1073741824.0,,,0.07121292316994189,0.07121292316994189,0.0,804.218616,
1817,NFCORE_CHIPSEQ:CHIPSEQ:MARK_DUPLICATES_PICARD:BAM_STATS_SAMTOOLS:SAMTOOLS_IDXSTATS,1697332430000,1697332430000,2,125.0,,1073741824.0,,,0.0,0.0,0.0,804.218616,
1849,NFCORE_CHIPSEQ:CHIPSEQ:MARK_DUPLICATES_PICARD:BAM_STATS_SAMTOOLS:SAMTOOLS_IDXSTATS,1697332436000,1697332436000,2,63.7,,1073741824.0,,,0.0,0.0,0.0,804.218616,
1873,NFCORE_CHIPSEQ:CHIPSEQ:MARK_DUPLICATES_PICARD:BAM_STATS_SAMTOOLS:SAMTOOLS_IDXSTATS,1697332436000,1697332436000,2,68.1,,1073741824.0,,,0.0,0.0,0.0,804.218616,
1885,NFCORE_CHIPSEQ:CHIPSEQ:UCSC_BEDGRAPHTOBIGWIG,1697332410000,1697332438000,1,98.6,,1073741824.0,,,0.031169223767044993,0.031169223767044993,0.0,804.218616,
1900,NFCORE_CHIPSEQ:CHIPSEQ:FILTER_BAM_BAMTOOLS:BAM_REMOVE_ORPHANS,1697332436000,1697332438000,2,126.3,,1073741824.0,,,0.00280263206611625,0.00280263206611625,0.0,804.218616,
1582,NFCORE_CHIPSEQ:CHIPSEQ:FILTER_BAM_BAMTOOLS:BAM_FILTER,1697332252000,1697332439000,2,138.2,,1073741824.0,,,0.28519319238686375,0.28519319238686375,0.0,804.218616,
1587,NFCORE_CHIPSEQ:CHIPSEQ:PRESEQ_LCEXTRAP,1697332331000,1697332439000,2,100.9,,1073741824.0,,,0.12280795243796253,0.12280795243796253,0.0,804.218616,
1617,NFCORE_CHIPSEQ:CHIPSEQ:PRESEQ_LCEXTRAP,1697332291000,1697332443000,2,101.1,,1073741824.0,,,0.17315703624165502,0.17315703624165502,0.0,804.218616,
1646,NFCORE_CHIPSEQ:CHIPSEQ:FILTER_BAM_BAMTOOLS:BAM_SORT_SAMTOOLS:BAM_STATS_SAMTOOLS:SAMTOOLS_STATS,1697332422000,1697332438000,2,128.3,,1073741824.0,,,0.02275391367833,0.02275391367833,0.0,804.218616,
1687,NFCORE_CHIPSEQ:CHIPSEQ:BEDTOOLS_GENOMECOV,1697332297000,1697332437000,2,122.0,,4567597056.0,,,0.22981482414826257,0.22981482414826257,0.0,804.218616,
1753,NFCORE_CHIPSEQ:CHIPSEQ:PICARD_COLLECTMULTIPLEMETRICS,1697332342000,1697332443000,2,115.1,,2573205504.0,,,0.14211778942167594,0.14211778942167594,0.0,804.218616,
1819,NFCORE_CHIPSEQ:CHIPSEQ:MARK_DUPLICATES_PICARD:BAM_STATS_SAMTOOLS:SAMTOOLS_FLAGSTAT,1697332431000,1697332443000,2,146.3,,1073741824.0,,,0.019312221017197505,0.019312221017197505,0.0,804.218616,
1833,NFCORE_CHIPSEQ:CHIPSEQ:UCSC_BEDGRAPHTOBIGWIG,1697332407000,1697332444000,1,98.9,,1073741824.0,,,0.04130336265872188,0.04130336265872188,0.0,804.218616,
1856,NFCORE_CHIPSEQ:CHIPSEQ:MARK_DUPLICATES_PICARD:BAM_STATS_SAMTOOLS:SAMTOOLS_FLAGSTAT,1697332427000,1697332440000,2,148.1,,1073741824.0,,,0.02116497455912937,0.02116497455912937,0.0,804.218616,
1855,NFCORE_CHIPSEQ:CHIPSEQ:MARK_DUPLICATES_PICARD:BAM_STATS_SAMTOOLS:SAMTOOLS_STATS,1697332391000,1697332444000,2,133.0,,1073741824.0,,,0.07796342393182874,0.07796342393182874,0.0,804.218616,
1867,NFCORE_CHIPSEQ:CHIPSEQ:MARK_DUPLICATES_PICARD:BAM_STATS_SAMTOOLS:SAMTOOLS_IDXSTATS,1697332453000,1697332453000,2,100.0,,1073741824.0,,,0.0,0.0,0.0,804.218616,
1872,NFCORE_CHIPSEQ:CHIPSEQ:MARK_DUPLICATES_PICARD:BAM_STATS_SAMTOOLS:SAMTOOLS_FLAGSTAT,1697332440000,1697332447000,2,141.6,,1073741824.0,,,0.010923243503304998,0.010923243503304998,0.0,804.218616,
1880,NFCORE_CHIPSEQ:CHIPSEQ:MARK_DUPLICATES_PICARD:BAM_STATS_SAMTOOLS:SAMTOOLS_IDXSTATS,1697332448000,1697332449000,2,103.2,,1073741824.0,,,0.001161034778335,0.001161034778335,0.0,804.218616,
1882,NFCORE_CHIPSEQ:CHIPSEQ:MARK_DUPLICATES_PICARD:BAM_STATS_SAMTOOLS:SAMTOOLS_FLAGSTAT,1697332426000,1697332440000,2,146.3,,1073741824.0,,,0.022530924520063753,0.022530924520063753,0.0,804.218616,
1886,NFCORE_CHIPSEQ:CHIPSEQ:FILTER_BAM_BAMTOOLS:BAM_SORT_SAMTOOLS:SAMTOOLS_SORT,1697332427000,1697332441000,5,416.8,,6309281792.0,,,0.06790036972815032,0.06790036972815032,0.0,804.218616,
1902,NFCORE_CHIPSEQ:CHIPSEQ:FILTER_BAM_BAMTOOLS:BAM_SORT_SAMTOOLS:SAMTOOLS_INDEX,1697332431000,1697332441000,2,155.4,,1073741824.0,,,0.017040080032937503,0.017040080032937503,0.0,804.218616,
1906,NFCORE_CHIPSEQ:CHIPSEQ:FILTER_BAM_BAMTOOLS:BAM_SORT_SAMTOOLS:SAMTOOLS_INDEX,1697332442000,1697332453000,2,159.2,,1073741824.0,,,0.019178882687634995,0.019178882687634995,0.0,804.218616,
1909,NFCORE_CHIPSEQ:CHIPSEQ:FILTER_BAM_BAMTOOLS:BAM_SORT_SAMTOOLS:BAM_STATS_SAMTOOLS:SAMTOOLS_FLAGSTAT,1697332436000,1697332440000,2,144.0,,1073741824.0,,,0.00634171057528,0.00634171057528,0.0,804.218616,
1913,NFCORE_CHIPSEQ:CHIPSEQ:MARK_DUPLICATES_PICARD:SAMTOOLS_INDEX,1697332433000,1697332443000,2,155.1,,1073741824.0,,,0.01700887467518125,0.01700887467518125,0.0,804.218616,
1917,NFCORE_CHIPSEQ:CHIPSEQ:MARK_DUPLICATES_PICARD:BAM_STATS_SAMTOOLS:SAMTOOLS_IDXSTATS,1697332458000,1697332458000,2,85.6,,1073741824.0,,,0.0,0.0,0.0,804.218616,
1922,NFCORE_CHIPSEQ:CHIPSEQ:MARK_DUPLICATES_PICARD:BAM_STATS_SAMTOOLS:SAMTOOLS_FLAGSTAT,1697332450000,1697332460000,2,147.3,,1073741824.0,,,0.016197535373518753,0.016197535373518753,0.0,804.218616,
1919,NFCORE_CHIPSEQ:CHIPSEQ:MARK_DUPLICATES_PICARD:BAM_STATS_SAMTOOLS:SAMTOOLS_IDXSTATS,1697332449000,1697332451000,2,51.9,,1073741824.0,,,0.0012548463214062501,0.0012548463214062501,0.0,804.218616,
1023,NFCORE_CHIPSEQ:CHIPSEQ:MARK_DUPLICATES_PICARD:PICARD_MARKDUPLICATES,1697332207000,1697332447000,2,108.4,,21180186624.0,,,0.6851837892354375,0.6851837892354375,0.0,804.218616,
1420,NFCORE_CHIPSEQ:CHIPSEQ:PRESEQ_LCEXTRAP,1697332394000,1697332464000,2,100.7,,1073741824.0,,,0.07945212194766876,0.07945212194766876,0.0,804.218616,
1543,NFCORE_CHIPSEQ:CHIPSEQ:BEDTOOLS_GENOMECOV,1697332236000,1697332455000,2,122.6,,4567597056.0,,,0.36086284101593435,0.36086284101593435,0.0,804.218616,
1546,NFCORE_CHIPSEQ:CHIPSEQ:FILTER_BAM_BAMTOOLS:BAM_FILTER,1697332252000,1697332447000,2,132.3,,1073741824.0,,,0.2854267159712719,0.2854267159712719,0.0,804.218616,
1559,NFCORE_CHIPSEQ:CHIPSEQ:PRESEQ_LCEXTRAP,1697332381000,1697332449000,2,100.4,,1073741824.0,,,0.07696986488785,0.07696986488785,0.0,804.218616,
1566,NFCORE_CHIPSEQ:CHIPSEQ:PRESEQ_LCEXTRAP,1697332358000,1697332450000,2,100.7,,1073741824.0,,,0.1044227888455075,0.1044227888455075,0.0,804.218616,
1585,NFCORE_CHIPSEQ:CHIPSEQ:PRESEQ_LCEXTRAP,1697332346000,1697332461000,2,100.7,,1073741824.0,,,0.13052848605688439,0.13052848605688439,0.0,804.218616,
1588,NFCORE_CHIPSEQ:CHIPSEQ:PRESEQ_LCEXTRAP,1697332297000,1697332457000,2,100.9,,1073741824.0,,,0.18193770731550002,0.18193770731550002,0.0,804.218616,
1624,NFCORE_CHIPSEQ:CHIPSEQ:FILTER_BAM_BAMTOOLS:BAM_FILTER,1697332279000,1697332458000,2,139.2,,1073741824.0,,,0.27485433378238994,0.27485433378238994,0.0,804.218616,
1637,NFCORE_CHIPSEQ:CHIPSEQ:FILTER_BAM_BAMTOOLS:BAM_FILTER,1697332278000,1697332470000,2,138.2,,1073741824.0,,,0.29281867881432,0.29281867881432,0.0,804.218616,
1674,NFCORE_CHIPSEQ:CHIPSEQ:PRESEQ_LCEXTRAP,1697332299000,1697332447000,2,101.6,,1073741824.0,,,0.16937000428802002,0.16937000428802002,0.0,804.218616,
1693,NFCORE_CHIPSEQ:CHIPSEQ:PICARD_COLLECTMULTIPLEMETRICS,1697332346000,1697332462000,2,113.9,,2573205504.0,,,0.16177646321114372,0.16177646321114372,0.0,804.218616,
1707,NFCORE_CHIPSEQ:CHIPSEQ:FILTER_BAM_BAMTOOLS:BAM_SORT_SAMTOOLS:SAMTOOLS_SORT,1697332424000,1697332451000,5,435.3,,6309281792.0,,,0.13614640511356263,0.13614640511356263,0.0,804.218616,
1719,NFCORE_CHIPSEQ:CHIPSEQ:PICARD_COLLECTMULTIPLEMETRICS,1697332326000,1697332449000,2,110.8,,2573205504.0,,,0.16757263502030717,0.16757263502030717,0.0,804.218616,
1743,NFCORE_CHIPSEQ:CHIPSEQ:PRESEQ_LCEXTRAP,1697332322000,1697332468000,2,101.2,,1073741824.0,,,0.16647375614863502,0.16647375614863502,0.0,804.218616,
1757,NFCORE_CHIPSEQ:CHIPSEQ:PICARD_COLLECTMULTIPLEMETRICS,1697332348000,1697332449000,2,116.5,,2573205504.0,,,0.1435886019505872,0.1435886019505872,0.0,804.218616,
1771,NFCORE_CHIPSEQ:CHIPSEQ:FRIP_SCORE,1697332402000,1697332464000,2,128.1,,1073741824.0,,,0.08804243335813625,0.08804243335813625,0.0,804.218616,
1772,NFCORE_CHIPSEQ:CHIPSEQ:UCSC_BEDGRAPHTOBIGWIG,1697332426000,1697332460000,1,100.1,,1073741824.0,,,0.038378834227553754,0.038378834227553754,0.0,804.218616,
1774,NFCORE_CHIPSEQ:CHIPSEQ:FRIP_SCORE,1697332391000,1697332451000,2,128.9,,1073741824.0,,,0.08570164058681251,0.08570164058681251,0.0,804.218616,
1799,NFCORE_CHIPSEQ:CHIPSEQ:MARK_DUPLICATES_PICARD:BAM_STATS_SAMTOOLS:SAMTOOLS_IDXSTATS,1697332466000,1697332466000,2,100.8,,1073741824.0,,,0.0,0.0,0.0,804.218616,
1800,NFCORE_CHIPSEQ:CHIPSEQ:MARK_DUPLICATES_PICARD:BAM_STATS_SAMTOOLS:SAMTOOLS_FLAGSTAT,1697332454000,1697332466000,2,145.8,,1073741824.0,,,0.019249810301685003,0.019249810301685003,0.0,804.218616,
1823,NFCORE_CHIPSEQ:CHIPSEQ:MARK_DUPLICATES_PICARD:BAM_STATS_SAMTOOLS:SAMTOOLS_IDXSTATS,1697332453000,1697332454000,2,92.8,,1073741824.0,,,0.00105285620478,0.00105285620478,0.0,804.218616,
1850,NFCORE_CHIPSEQ:CHIPSEQ:MARK_DUPLICATES_PICARD:BAM_STATS_SAMTOOLS:SAMTOOLS_STATS,1697332422000,1697332470000,2,133.2,,1073741824.0,,,0.07070824108308,0.07070824108308,0.0,804.218616,
1854,NFCORE_CHIPSEQ:CHIPSEQ:MARK_DUPLICATES_PICARD:BAM_STATS_SAMTOOLS:SAMTOOLS_STATS,1697332418000,1697332469000,2,132.9,,1073741824.0,,,0.07496835882621562,0.07496835882621562,0.0,804.218616,
1869,NFCORE_CHIPSEQ:CHIPSEQ:MARK_DUPLICATES_PICARD:BAM_STATS_SAMTOOLS:SAMTOOLS_FLAGSTAT,1697332451000,1697332464000,2,150.8,,1073741824.0,,,0.021530077244877502,0.021530077244877502,0.0,804.218616,
1871,NFCORE_CHIPSEQ:CHIPSEQ:MARK_DUPLICATES_PICARD:BAM_STATS_SAMTOOLS:SAMTOOLS_STATS,1697332439000,1697332466000,2,131.8,,1073741824.0,,,0.039380198101503755,0.039380198101503755,0.0,804.218616,
1877,NFCORE_CHIPSEQ:CHIPSEQ:UCSC_BEDGRAPHTOBIGWIG,1697332420000,1697332464000,1,99.8,,1073741824.0,,,0.049529423073295005,0.049529423073295005,0.0,804.218616,
1884,NFCORE_CHIPSEQ:CHIPSEQ:FILTER_BAM_BAMTOOLS:BAM_SORT_SAMTOOLS:SAMTOOLS_SORT,1697332455000,1697332468000,5,434.3,,6309281792.0,,,0.06541674961551235,0.06541674961551235,0.0,804.218616,
1898,NFCORE_CHIPSEQ:CHIPSEQ:UCSC_BEDGRAPHTOBIGWIG,1697332434000,1697332477000,1,98.8,,1073741824.0,,,0.047956477572577504,0.047956477572577504,0.0,804.218616,
1899,NFCORE_CHIPSEQ:CHIPSEQ:UCSC_BEDGRAPHTOBIGWIG,1697332430000,1697332468000,1,100.1,,1073741824.0,,,0.04289399119550126,0.04289399119550126,0.0,804.218616,
1911,NFCORE_CHIPSEQ:CHIPSEQ:FILTER_BAM_BAMTOOLS:BAM_SORT_SAMTOOLS:BAM_STATS_SAMTOOLS:SAMTOOLS_STATS,1697332441000,1697332461000,2,130.1,,1073741824.0,,,0.0288168563909875,0.0288168563909875,0.0,804.218616,
1914,NFCORE_CHIPSEQ:CHIPSEQ:UCSC_BEDGRAPHTOBIGWIG,1697332455000,1697332474000,1,97.2,,1073741824.0,,,0.020873857193627502,0.020873857193627502,0.0,804.218616,
1916,NFCORE_CHIPSEQ:CHIPSEQ:MARK_DUPLICATES_PICARD:BAM_STATS_SAMTOOLS:SAMTOOLS_STATS,1697332436000,1697332469000,2,130.4,,1073741824.0,,,0.047650790725725006,0.047650790725725006,0.0,804.218616,
1915,NFCORE_CHIPSEQ:CHIPSEQ:MARK_DUPLICATES_PICARD:BAM_STATS_SAMTOOLS:SAMTOOLS_FLAGSTAT,1697332463000,1697332470000,2,151.5,,1073741824.0,,,0.011644087267474375,0.011644087267474375,0.0,804.218616,
1925,NFCORE_CHIPSEQ:CHIPSEQ:MARK_DUPLICATES_PICARD:BAM_STATS_SAMTOOLS:SAMTOOLS_IDXSTATS,1697332473000,1697332473000,2,76.6,,1073741824.0,,,0.0,0.0,0.0,804.218616,
1924,NFCORE_CHIPSEQ:CHIPSEQ:MARK_DUPLICATES_PICARD:BAM_STATS_SAMTOOLS:SAMTOOLS_FLAGSTAT,1697332469000,1697332477000,2,147.3,,1073741824.0,,,0.012958028298815,0.012958028298815,0.0,804.218616,
1930,NFCORE_CHIPSEQ:CHIPSEQ:MARK_DUPLICATES_PICARD:SAMTOOLS_INDEX,1697332446000,1697332455000,2,154.5,,1073741824.0,,,0.015251817563701878,0.015251817563701878,0.0,804.218616,
1931,NFCORE_CHIPSEQ:CHIPSEQ:FILTER_BAM_BAMTOOLS:BAM_REMOVE_ORPHANS,1697332446000,1697332453000,2,24.8,,1073741824.0,,,0.0024187433361349997,0.0024187433361349997,0.0,804.218616,
1932,NFCORE_CHIPSEQ:CHIPSEQ:UCSC_BEDGRAPHTOBIGWIG,1697332448000,1697332476000,1,99.7,,1073741824.0,,,0.031489598773342495,0.031489598773342495,0.0,804.218616,
1935,NFCORE_CHIPSEQ:CHIPSEQ:FILTER_BAM_BAMTOOLS:BAM_SORT_SAMTOOLS:SAMTOOLS_INDEX,1697332460000,1697332465000,2,158.2,,1073741824.0,,,0.008665665019331251,0.008665665019331251,0.0,804.218616,
1937,NFCORE_CHIPSEQ:CHIPSEQ:FILTER_BAM_BAMTOOLS:BAM_SORT_SAMTOOLS:BAM_STATS_SAMTOOLS:SAMTOOLS_FLAGSTAT,1697332470000,1697332481000,2,139.1,,1073741824.0,,,0.016879047820999374,0.016879047820999374,0.0,804.218616,
1939,NFCORE_CHIPSEQ:CHIPSEQ:FILTER_BAM_BAMTOOLS:BAM_SORT_SAMTOOLS:BAM_STATS_SAMTOOLS:SAMTOOLS_IDXSTATS,1697332465000,1697332466000,1,73.6,,1073741824.0,,,0.00085314191514,0.00085314191514,0.0,804.218616,
1941,NFCORE_CHIPSEQ:CHIPSEQ:FILTER_BAM_BAMTOOLS:BAM_SORT_SAMTOOLS:BAM_STATS_SAMTOOLS:SAMTOOLS_FLAGSTAT,1697332471000,1697332481000,2,138.3,,1073741824.0,,,0.015261374640831254,0.015261374640831254,0.0,804.218616,
1940,NFCORE_CHIPSEQ:CHIPSEQ:FILTER_BAM_BAMTOOLS:BAM_SORT_SAMTOOLS:BAM_STATS_SAMTOOLS:SAMTOOLS_IDXSTATS,1697332470000,1697332471000,1,60.1,,1073741824.0,,,0.0007127178052368751,0.0007127178052368751,0.0,804.218616,
1948,NFCORE_CHIPSEQ:CHIPSEQ:MARK_DUPLICATES_PICARD:BAM_STATS_SAMTOOLS:SAMTOOLS_IDXSTATS,1697332462000,1697332463000,2,67.8,,1073741824.0,,,0.0007928115568112499,0.0007928115568112499,0.0,804.218616,
1001,NFCORE_CHIPSEQ:CHIPSEQ:MARK_DUPLICATES_PICARD:PICARD_MARKDUPLICATES,1697332205000,1697332481000,2,107.5,,21180186624.0,,,0.7853775539985357,0.7853775539985357,0.0,804.218616,
1007,NFCORE_CHIPSEQ:CHIPSEQ:MARK_DUPLICATES_PICARD:PICARD_MARKDUPLICATES,1697332202000,1697332468000,2,108.1,,21180186624.0,,,0.7585819705529604,0.7585819705529604,0.0,804.218616,
1012,NFCORE_CHIPSEQ:CHIPSEQ:MARK_DUPLICATES_PICARD:PICARD_MARKDUPLICATES,1697332208000,1697332465000,2,107.9,,21180186624.0,,,0.7323810114823884,0.7323810114823884,0.0,804.218616,
1434,NFCORE_CHIPSEQ:CHIPSEQ:PRESEQ_LCEXTRAP,1697332365000,1697332470000,2,100.8,,1073741824.0,,,0.11928740167365,0.11928740167365,0.0,804.218616,
1457,NFCORE_CHIPSEQ:CHIPSEQ:PRESEQ_LCEXTRAP,1697332385000,1697332473000,2,100.9,,1073741824.0,,,0.100065739023525,0.100065739023525,0.0,804.218616,
1507,NFCORE_CHIPSEQ:CHIPSEQ:FILTER_BAM_BAMTOOLS:BAM_FILTER,1697332243000,1697332486000,2,134.7,,1073741824.0,,,0.36175192145047685,0.36175192145047685,0.0,804.218616,
1524,NFCORE_CHIPSEQ:CHIPSEQ:PRESEQ_LCEXTRAP,1697332353000,1697332476000,2,101.2,,1073741824.0,,,0.14024843839919252,0.14024843839919252,0.0,804.218616,
1563,NFCORE_CHIPSEQ:CHIPSEQ:FILTER_BAM_BAMTOOLS:BAM_SORT_SAMTOOLS:SAMTOOLS_SORT,1697332479000,1697332483000,5,426.2,,6309281792.0,,,0.019791212787159375,0.019791212787159375,0.0,804.218616,
1570,NFCORE_CHIPSEQ:CHIPSEQ:FILTER_BAM_BAMTOOLS:BAM_SORT_SAMTOOLS:SAMTOOLS_SORT,1697332458000,1697332484000,5,434.5,,6309281792.0,,,0.1308875885178022,0.1308875885178022,0.0,804.218616,
1597,NFCORE_CHIPSEQ:CHIPSEQ:PRESEQ_LCEXTRAP,1697332344000,1697332473000,2,100.8,,1073741824.0,,,0.14655309348477003,0.14655309348477003,0.0,804.218616,
1612,NFCORE_CHIPSEQ:CHIPSEQ:FILTER_BAM_BAMTOOLS:BAM_SORT_SAMTOOLS:SAMTOOLS_SORT,1697332455000,1697332481000,5,420.9,,6309281792.0,,,0.1272095170169322,0.1272095170169322,0.0,804.218616,
1640,NFCORE_CHIPSEQ:CHIPSEQ:FILTER_BAM_BAMTOOLS:BAM_SORT_SAMTOOLS:SAMTOOLS_SORT,1697332454000,1697332481000,5,415.3,,6309281792.0,,,0.13052944071743766,0.13052944071743766,0.0,804.218616,
1643,NFCORE_CHIPSEQ:CHIPSEQ:PRESEQ_LCEXTRAP,1697332336000,1697332482000,2,100.7,,1073741824.0,,,0.16571442577656623,0.16571442577656623,0.0,804.218616,
1656,NFCORE_CHIPSEQ:CHIPSEQ:FILTER_BAM_BAMTOOLS:BAM_FILTER,1697332297000,1697332482000,2,137.7,,1073741824.0,,,0.2811808326183968,0.2811808326183968,0.0,804.218616,
1670,NFCORE_CHIPSEQ:CHIPSEQ:PRESEQ_LCEXTRAP,1697332350000,1697332470000,2,100.9,,1073741824.0,,,0.136453280486625,0.136453280486625,0.0,804.218616,
1679,NFCORE_CHIPSEQ:CHIPSEQ:FRIP_SCORE,1697332441000,1697332483000,2,129.8,,1073741824.0,,,0.060384335918497505,0.060384335918497505,0.0,804.218616,
1721,NFCORE_CHIPSEQ:CHIPSEQ:FILTER_BAM_BAMTOOLS:BAM_FILTER,1697332312000,1697332491000,2,138.8,,1073741824.0,,,0.2741095659106075,0.2741095659106075,0.0,804.218616,
1768,NFCORE_CHIPSEQ:CHIPSEQ:PRESEQ_LCEXTRAP,1697332343000,1697332490000,2,101.7,,1073741824.0,,,0.16837851862016065,0.16837851862016065,0.0,804.218616,
1805,NFCORE_CHIPSEQ:CHIPSEQ:FILTER_BAM_BAMTOOLS:BAM_SORT_SAMTOOLS:SAMTOOLS_SORT,1697332476000,1697332487000,5,395.9,,6309281792.0,,,0.05095891991796891,0.05095891991796891,0.0,804.218616,
1820,NFCORE_CHIPSEQ:CHIPSEQ:MARK_DUPLICATES_PICARD:BAM_STATS_SAMTOOLS:SAMTOOLS_STATS,1697332430000,1697332482000,2,133.0,,1073741824.0,,,0.07649241593311498,0.07649241593311498,0.0,804.218616,
1824,NFCORE_CHIPSEQ:CHIPSEQ:FILTER_BAM_BAMTOOLS:BAM_SORT_SAMTOOLS:SAMTOOLS_SORT,1697332470000,1697332483000,5,424.0,,6309281792.0,,,0.06402395048099171,0.06402395048099171,0.0,804.218616,
1832,NFCORE_CHIPSEQ:CHIPSEQ:PRESEQ_LCEXTRAP,1697332422000,1697332494000,2,100.9,,1073741824.0,,,0.08187196829197502,0.08187196829197502,0.0,804.218616,
1839,NFCORE_CHIPSEQ:CHIPSEQ:MARK_DUPLICATES_PICARD:BAM_STATS_SAMTOOLS:SAMTOOLS_IDXSTATS,1697332485000,1697332485000,2,83.5,,1073741824.0,,,0.0,0.0,0.0,804.218616,
1876,NFCORE_CHIPSEQ:CHIPSEQ:UCSC_BEDGRAPHTOBIGWIG,1697332439000,1697332481000,1,100.0,,1073741824.0,,,0.04736546066259,0.04736546066259,0.0,804.218616,
1921,NFCORE_CHIPSEQ:CHIPSEQ:MARK_DUPLICATES_PICARD:BAM_STATS_SAMTOOLS:SAMTOOLS_STATS,1697332449000,1697332488000,2,133.0,,1073741824.0,,,0.05736931194983625,0.05736931194983625,0.0,804.218616,
1949,NFCORE_CHIPSEQ:CHIPSEQ:MARK_DUPLICATES_PICARD:BAM_STATS_SAMTOOLS:SAMTOOLS_FLAGSTAT,1697332477000,1697332485000,2,152.2,,1073741824.0,,,0.013365778306830002,0.013365778306830002,0.0,804.218616,
1952,NFCORE_CHIPSEQ:CHIPSEQ:MARK_DUPLICATES_PICARD:SAMTOOLS_INDEX,1697332467000,1697332477000,2,154.9,,1073741824.0,,,0.016988071103343754,0.016988071103343754,0.0,804.218616,
1955,NFCORE_CHIPSEQ:CHIPSEQ:MARK_DUPLICATES_PICARD:SAMTOOLS_INDEX,1697332467000,1697332476000,2,157.5,,1073741824.0,,,0.015532665783508127,0.015532665783508127,0.0,804.218616,
1957,NFCORE_CHIPSEQ:CHIPSEQ:FILTER_BAM_BAMTOOLS:BAM_REMOVE_ORPHANS,1697332472000,1697332472000,2,64.9,,1073741824.0,,,0.0,0.0,0.0,804.218616,
1958,NFCORE_CHIPSEQ:CHIPSEQ:FILTER_BAM_BAMTOOLS:BAM_REMOVE_ORPHANS,1697332474000,1697332474000,2,43.5,,1073741824.0,,,0.0,0.0,0.0,804.218616,
1959,NFCORE_CHIPSEQ:CHIPSEQ:FILTER_BAM_BAMTOOLS:BAM_REMOVE_ORPHANS,1697332474000,1697332476000,2,94.1,,1073741824.0,,,0.0021327570529487503,0.0021327570529487503,0.0,804.218616,
1960,NFCORE_CHIPSEQ:CHIPSEQ:FILTER_BAM_BAMTOOLS:BAM_SORT_SAMTOOLS:SAMTOOLS_INDEX,1697332481000,1697332494000,2,160.9,,1073741824.0,,,0.022895831736009373,0.022895831736009373,0.0,804.218616,
1963,NFCORE_CHIPSEQ:CHIPSEQ:MULTIQC_CUSTOM_PEAKS,1697332478000,1697332479000,2,16.4,,1073741824.0,,,0.0002581597605875,0.0002581597605875,0.0,804.218616,
1967,NFCORE_CHIPSEQ:CHIPSEQ:FILTER_BAM_BAMTOOLS:BAM_SORT_SAMTOOLS:SAMTOOLS_INDEX,1697332484000,1697332490000,2,154.8,,1073741824.0,,,0.010186601590455,0.010186601590455,0.0,804.218616,
1979,NFCORE_CHIPSEQ:CHIPSEQ:FILTER_BAM_BAMTOOLS:BAM_SORT_SAMTOOLS:BAM_STATS_SAMTOOLS:SAMTOOLS_IDXSTATS,1697332489000,1697332490000,1,29.1,,1073741824.0,,,0.000390262441755625,0.000390262441755625,0.0,804.218616,
1980,NFCORE_CHIPSEQ:CHIPSEQ:FILTER_BAM_BAMTOOLS:BAM_SORT_SAMTOOLS:BAM_STATS_SAMTOOLS:SAMTOOLS_FLAGSTAT,1697332487000,1697332494000,2,137.2,,1073741824.0,,,0.010602868497007497,0.010602868497007497,0.0,804.218616,
996,NFCORE_CHIPSEQ:CHIPSEQ:MARK_DUPLICATES_PICARD:PICARD_MARKDUPLICATES,1697332210000,1697332500000,2,108.0,,21180186624.0,,,0.8267238048262454,0.8267238048262454,0.0,804.218616,
1726,NFCORE_CHIPSEQ:CHIPSEQ:FILTER_BAM_BAMTOOLS:BAM_FILTER,1697332317000,1697332494000,2,137.3,,1073741824.0,,,0.2682852150350944,0.2682852150350944,0.0,804.218616,
1803,NFCORE_CHIPSEQ:CHIPSEQ:FILTER_BAM_BAMTOOLS:BAM_SORT_SAMTOOLS:SAMTOOLS_SORT,1697332487000,1697332500000,5,432.6,,6309281792.0,,,0.06518687014670797,0.06518687014670797,0.0,804.218616,
1826,NFCORE_CHIPSEQ:CHIPSEQ:PRESEQ_LCEXTRAP,1697332366000,1697332496000,2,100.9,,1073741824.0,,,0.14782438719384375,0.14782438719384375,0.0,804.218616,
1837,NFCORE_CHIPSEQ:CHIPSEQ:MARK_DUPLICATES_PICARD:BAM_STATS_SAMTOOLS:SAMTOOLS_FLAGSTAT,1697332489000,1697332500000,2,147.2,,1073741824.0,,,0.01942729924481333,0.01942729924481333,0.0,804.899004,
1868,NFCORE_CHIPSEQ:CHIPSEQ:MARK_DUPLICATES_PICARD:BAM_STATS_SAMTOOLS:SAMTOOLS_STATS,1697332451000,1697332500000,2,133.8,,1073741824.0,,,0.07248714194498876,0.07248714194498876,0.0,804.218616,
1879,NFCORE_CHIPSEQ:CHIPSEQ:MARK_DUPLICATES_PICARD:BAM_STATS_SAMTOOLS:SAMTOOLS_STATS,1697332445000,1697332500000,2,131.7,,1073741824.0,,,0.08016171223606561,0.08016171223606561,0.0,804.218616,
1986,NFCORE_CHIPSEQ:CHIPSEQ:MARK_DUPLICATES_PICARD:SAMTOOLS_INDEX,1697332490000,1697332500000,2,148.6,,1073741824.0,,,0.021240876908002505,0.021240876908002505,0.0,804.899004,
1992,NFCORE_CHIPSEQ:CHIPSEQ:MARK_DUPLICATES_PICARD:SAMTOOLS_INDEX,1697332494000,1697332500000,2,146.6,,1073741824.0,,,0.016135636390105835,0.016135636390105835,0.0,804.899004,
1998,NFCORE_CHIPSEQ:CHIPSEQ:FILTER_BAM_BAMTOOLS:BAM_SORT_SAMTOOLS:SAMTOOLS_INDEX,1697332494000,1697332496000,2,148.5,,1073741824.0,,,0.00326447136090875,0.00326447136090875,0.0,804.218616,
2006,NFCORE_CHIPSEQ:CHIPSEQ:FILTER_BAM_BAMTOOLS:BAM_SORT_SAMTOOLS:SAMTOOLS_INDEX,1697332497000,1697332500000,2,151.3,,1073741824.0,,,0.018297456299160627,0.018297456299160627,0.0,804.899004,
2008,NFCORE_CHIPSEQ:CHIPSEQ:FILTER_BAM_BAMTOOLS:BAM_SORT_SAMTOOLS:SAMTOOLS_INDEX,1697332497000,1697332500000,2,151.7,,1073741824.0,,,0.018343280478209788,0.018343280478209788,0.0,804.899004,
1610,NFCORE_CHIPSEQ:CHIPSEQ:FILTER_BAM_BAMTOOLS:BAM_SORT_SAMTOOLS:SAMTOOLS_SORT,1697332483000,1697332500000,5,414.4,,6309281792.0,,,0.1303583196567178,0.1303583196567178,0.0,804.899004,
1613,NFCORE_CHIPSEQ:CHIPSEQ:FILTER_BAM_BAMTOOLS:BAM_SORT_SAMTOOLS:SAMTOOLS_SORT,1697332476000,1697332500000,5,423.6,,6309281792.0,,,0.12795637470163795,0.12795637470163795,0.0,804.899004,
1688,NFCORE_CHIPSEQ:CHIPSEQ:BEDTOOLS_GENOMECOV,1697332296000,1697332500000,2,121.9,,4567597056.0,,,0.3478069936296667,0.3478069936296667,0.0,804.899004,
1748,NFCORE_CHIPSEQ:CHIPSEQ:FILTER_BAM_BAMTOOLS:BAM_SORT_SAMTOOLS:SAMTOOLS_SORT,1697332472000,1697332500000,5,418.6,,6309281792.0,,,0.15583294058196231,0.15583294058196231,0.0,804.899004,
1789,NFCORE_CHIPSEQ:CHIPSEQ:PRESEQ_LCEXTRAP,1697332365000,1697332500000,2,100.5,,1073741824.0,,,0.15862257891462397,0.15862257891462397,0.0,804.899004,
1798,NFCORE_CHIPSEQ:CHIPSEQ:MARK_DUPLICATES_PICARD:BAM_STATS_SAMTOOLS:SAMTOOLS_STATS,1697332458000,1697332500000,2,133.1,,1073741824.0,,,0.07067325716221624,0.07067325716221624,0.0,804.899004,
1802,NFCORE_CHIPSEQ:CHIPSEQ:FILTER_BAM_BAMTOOLS:BAM_SORT_SAMTOOLS:SAMTOOLS_SORT,1697332472000,1697332500000,5,419.6,,6309281792.0,,,0.15616586813262065,0.15616586813262065,0.0,804.899004,
1838,NFCORE_CHIPSEQ:CHIPSEQ:MARK_DUPLICATES_PICARD:BAM_STATS_SAMTOOLS:SAMTOOLS_STATS,1697332470000,1697332500000,2,133.7,,1073741824.0,,,0.06359895506164957,0.06359895506164957,0.0,804.899004,
1842,NFCORE_CHIPSEQ:CHIPSEQ:FILTER_BAM_BAMTOOLS:BAM_SORT_SAMTOOLS:SAMTOOLS_SORT,1697332493000,1697332500000,5,430.7,,6309281792.0,,,0.05997759039528203,0.05997759039528203,0.0,804.899004,
1888,NFCORE_CHIPSEQ:CHIPSEQ:PRESEQ_LCEXTRAP,1697332410000,1697332500000,2,100.8,,1073741824.0,,,0.10907430095506002,0.10907430095506002,0.0,804.899004,
1893,NFCORE_CHIPSEQ:CHIPSEQ:PICARD_COLLECTMULTIPLEMETRICS,1697332417000,1697332500000,2,77.3,,2573205504.0,,,0.09431165259047698,0.09431165259047698,0.0,804.899004,
1926,NFCORE_CHIPSEQ:CHIPSEQ:MARK_DUPLICATES_PICARD:BAM_STATS_SAMTOOLS:SAMTOOLS_STATS,1697332469000,1697332500000,2,131.6,,1073741824.0,,,0.05098544994410583,0.05098544994410583,0.0,804.899004,
1950,NFCORE_CHIPSEQ:CHIPSEQ:MARK_DUPLICATES_PICARD:BAM_STATS_SAMTOOLS:SAMTOOLS_STATS,1697332473000,1697332500000,2,132.3,,1073741824.0,,,0.05271645320359688,0.05271645320359688,0.0,804.899004,
1511,NFCORE_CHIPSEQ:CHIPSEQ:FILTER_BAM_BAMTOOLS:BAM_SORT_SAMTOOLS:SAMTOOLS_SORT,1697332488000,1697332500000,5,415.3,,6309281792.0,,,0.1209669342188048,0.1209669342188048,0.0,804.899004,
1539,NFCORE_CHIPSEQ:CHIPSEQ:FILTER_BAM_BAMTOOLS:BAM_SORT_SAMTOOLS:SAMTOOLS_SORT,1697332491000,1697332500000,5,407.1,,6309281792.0,,,0.12837112884048046,0.12837112884048046,0.0,804.899004,
1634,NFCORE_CHIPSEQ:CHIPSEQ:FILTER_BAM_BAMTOOLS:BAM_FILTER,1697332274000,1697332500000,2,133.7,,1073741824.0,,,0.36667076309632707,0.36667076309632707,0.0,804.899004,
1652,NFCORE_CHIPSEQ:CHIPSEQ:FILTER_BAM_BAMTOOLS:BAM_FILTER,1697332287000,1697332500000,2,135.5,,1073741824.0,,,0.33835774596156654,0.33835774596156654,0.0,804.899004,
1747,NFCORE_CHIPSEQ:CHIPSEQ:FILTER_BAM_BAMTOOLS:BAM_SORT_SAMTOOLS:SAMTOOLS_SORT,1697332486000,1697332500000,5,395.0,,6309281792.0,,,0.1341920986217353,0.1341920986217353,0.0,804.899004,
1810,NFCORE_CHIPSEQ:CHIPSEQ:PRESEQ_LCEXTRAP,1697332366000,1697332500000,2,101.0,,1073741824.0,,,0.17759390020645585,0.17759390020645585,0.0,804.899004,
1812,NFCORE_CHIPSEQ:CHIPSEQ:PRESEQ_LCEXTRAP,1697332359000,1697332500000,2,101.3,,1073741824.0,,,0.19064252952652855,0.19064252952652855,0.0,804.899004,
1829,NFCORE_CHIPSEQ:CHIPSEQ:PRESEQ_LCEXTRAP,1697332378000,1697332500000,2,100.9,,1073741824.0,,,0.16948143915601876,0.16948143915601876,0.0,804.899004,
1883,NFCORE_CHIPSEQ:CHIPSEQ:FILTER_BAM_BAMTOOLS:BAM_SORT_SAMTOOLS:SAMTOOLS_SORT,1697332486000,1697332500000,5,405.2,,6309281792.0,,,0.16095847976119532,0.16095847976119532,0.0,804.899004,
1896,NFCORE_CHIPSEQ:CHIPSEQ:PRESEQ_LCEXTRAP,1697332422000,1697332500000,2,100.8,,1073741824.0,,,0.11023536115344668,0.11023536115344668,0.0,804.899004,
1938,NFCORE_CHIPSEQ:CHIPSEQ:FILTER_BAM_BAMTOOLS:BAM_SORT_SAMTOOLS:BAM_STATS_SAMTOOLS:SAMTOOLS_STATS,1697332485000,1697332500000,2,131.0,,1073741824.0,,,0.05516420595703042,0.05516420595703042,0.0,804.899004,
1946,NFCORE_CHIPSEQ:CHIPSEQ:FILTER_BAM_BAMTOOLS:BAM_SORT_SAMTOOLS:BAM_STATS_SAMTOOLS:SAMTOOLS_STATS,1697332485000,1697332500000,2,131.0,,1073741824.0,,,0.050806231232610424,0.050806231232610424,0.0,804.899004,
1956,NFCORE_CHIPSEQ:CHIPSEQ:UCSC_BEDGRAPHTOBIGWIG,1697332471000,1697332500000,1,100.8,,1073741824.0,,,0.05684389259353001,0.05684389259353001,0.0,804.899004,
2000,NFCORE_CHIPSEQ:CHIPSEQ:PICARD_COLLECTMULTIPLEMETRICS,1697332493000,1697332500000,2,130.6,,2573205504.0,,,0.05967897587752302,0.05967897587752302,0.0,804.899004,
1611,NFCORE_CHIPSEQ:CHIPSEQ:BEDTOOLS_GENOMECOV,1697332278000,1697332500000,2,121.9,,4567597056.0,,,0.4463532337560867,0.4463532337560867,0.0,804.899004,
1620,NFCORE_CHIPSEQ:CHIPSEQ:FILTER_BAM_BAMTOOLS:BAM_FILTER,1697332278000,1697332500000,2,136.0,,1073741824.0,,,0.38164353066081996,0.38164353066081996,0.0,804.899004,
1666,NFCORE_CHIPSEQ:CHIPSEQ:FILTER_BAM_BAMTOOLS:BAM_FILTER,1697332285000,1697332500000,2,133.3,,1073741824.0,,,0.36566618829894565,0.36566618829894565,0.0,804.899004,
1713,NFCORE_CHIPSEQ:CHIPSEQ:MACS2_CALLPEAK,1697332324000,1697332500000,1,97.5,,1892679680.0,,,0.2548234957479375,0.2548234957479375,0.0,804.899004,
1728,NFCORE_CHIPSEQ:CHIPSEQ:FILTER_BAM_BAMTOOLS:BAM_FILTER,1697332310000,1697332500000,2,137.5,,1073741824.0,,,0.3704857963236038,0.3704857963236038,0.0,804.899004,
1792,NFCORE_CHIPSEQ:CHIPSEQ:PRESEQ_LCEXTRAP,1697332376000,1697332500000,2,101.0,,1073741824.0,,,0.17647308160357833,0.17647308160357833,0.0,804.899004,
1844,NFCORE_CHIPSEQ:CHIPSEQ:PRESEQ_LCEXTRAP,1697332378000,1697332500000,2,101.2,,1073741824.0,,,0.19621623377869502,0.19621623377869502,0.0,804.899004,
1865,NFCORE_CHIPSEQ:CHIPSEQ:FILTER_BAM_BAMTOOLS:BAM_FILTER,1697332396000,1697332500000,2,135.4,,1073741824.0,,,0.22151527343115002,0.22151527343115002,0.0,804.899004,
1874,NFCORE_CHIPSEQ:CHIPSEQ:FILTER_BAM_BAMTOOLS:BAM_FILTER,1697332393000,1697332500000,2,131.8,,1073741824.0,,,0.22911195407340373,0.22911195407340373,0.0,804.899004,
1894,NFCORE_CHIPSEQ:CHIPSEQ:PRESEQ_LCEXTRAP,1697332451000,1697332500000,2,100.7,,1073741824.0,,,0.11246402729353479,0.11246402729353479,0.0,804.899004,
1904,NFCORE_CHIPSEQ:CHIPSEQ:PICARD_COLLECTMULTIPLEMETRICS,1697332445000,1697332500000,2,101.5,,2573205504.0,,,0.13933846311332865,0.13933846311332865,0.0,804.899004,
1912,NFCORE_CHIPSEQ:CHIPSEQ:PRESEQ_LCEXTRAP,1697332436000,1697332500000,2,100.8,,1073741824.0,,,0.12050420813984,0.12050420813984,0.0,804.899004,
1929,NFCORE_CHIPSEQ:CHIPSEQ:PRESEQ_LCEXTRAP,1697332451000,1697332500000,2,100.7,,1073741824.0,,,0.1158748798093448,0.1158748798093448,0.0,804.899004,
1936,NFCORE_CHIPSEQ:CHIPSEQ:PICARD_COLLECTMULTIPLEMETRICS,1697332475000,1697332500000,2,116.8,,2573205504.0,,,0.11411578361873488,0.11411578361873488,0.0,804.899004,
1954,NFCORE_CHIPSEQ:CHIPSEQ:PRESEQ_LCEXTRAP,1697332468000,1697332500000,2,100.8,,1073741824.0,,,0.10577181515898668,0.10577181515898668,0.0,804.899004,
1630,NFCORE_CHIPSEQ:CHIPSEQ:BEDTOOLS_GENOMECOV,1697332281000,1697332500000,2,121.7,,4567597056.0,,,0.4507190760101221,0.4507190760101221,0.0,804.899004,
1660,NFCORE_CHIPSEQ:CHIPSEQ:FILTER_BAM_BAMTOOLS:BAM_FILTER,1697332287000,1697332500000,2,136.0,,1073741824.0,,,0.44185661391195,0.44185661391195,0.0,804.899004,
1684,NFCORE_CHIPSEQ:CHIPSEQ:FILTER_BAM_BAMTOOLS:BAM_FILTER,1697332297000,1697332500000,2,131.3,,1073741824.0,,,0.4042087717190807,0.4042087717190807,0.0,804.899004,
1700,NFCORE_CHIPSEQ:CHIPSEQ:PHANTOMPEAKQUALTOOLS,1697332311000,1697332500000,1,21.8,,4294967296.0,,,0.1529900219745671,0.1529900219745671,0.0,804.899004,
1702,NFCORE_CHIPSEQ:CHIPSEQ:FILTER_BAM_BAMTOOLS:BAM_FILTER,1697332306000,1697332500000,2,136.3,,1073741824.0,,,0.37798399144072126,0.37798399144072126,0.0,804.899004,
1801,NFCORE_CHIPSEQ:CHIPSEQ:FILTER_BAM_BAMTOOLS:BAM_FILTER,1697332355000,1697332500000,2,136.0,,1073741824.0,,,0.32465855394558996,0.32465855394558996,0.0,804.899004,
1901,NFCORE_CHIPSEQ:CHIPSEQ:PICARD_COLLECTMULTIPLEMETRICS,1697332445000,1697332500000,2,108.9,,2573205504.0,,,0.16664110549737657,0.16664110549737657,0.0,804.899004,
1953,NFCORE_CHIPSEQ:CHIPSEQ:PRESEQ_LCEXTRAP,1697332467000,1697332500000,2,101.9,,1073741824.0,,,0.13672096384830731,0.13672096384830731,0.0,804.899004,
1969,NFCORE_CHIPSEQ:CHIPSEQ:PICARD_COLLECTMULTIPLEMETRICS,1697332487000,1697332500000,2,113.5,,2573205504.0,,,0.11278756714942012,0.11278756714942012,0.0,804.899004,
1489,NFCORE_CHIPSEQ:CHIPSEQ:PHANTOMPEAKQUALTOOLS,1697332203000,1697332500000,1,22.5,,4294967296.0,,,0.23207473155547353,0.23207473155547353,0.0,804.899004,
1920,NFCORE_CHIPSEQ:CHIPSEQ:FILTER_BAM_BAMTOOLS:BAM_FILTER,1697332445000,1697332500000,2,134.7,,1073741824.0,,,0.23398142390739934,0.23398142390739934,0.0,804.899004,
1947,NFCORE_CHIPSEQ:CHIPSEQ:BEDTOOLS_GENOMECOV,1697332467000,1697332500000,2,121.3,,4567597056.0,,,0.21272114473153209,0.21272114473153209,0.0,804.899004,
1765,NFCORE_CHIPSEQ:CHIPSEQ:PRESEQ_LCEXTRAP,1697332469000,1697332500000,2,101.3,,1073741824.0,,,0.15427246985347726,0.15427246985347726,0.0,804.899004,
1860,NFCORE_CHIPSEQ:CHIPSEQ:FILTER_BAM_BAMTOOLS:BAM_FILTER,1697332387000,1697332500000,2,135.0,,1073741824.0,,,0.3374346513362446,0.3374346513362446,0.0,804.899004,
1951,NFCORE_CHIPSEQ:CHIPSEQ:FILTER_BAM_BAMTOOLS:BAM_FILTER,1697332465000,1697332500000,2,134.7,,1073741824.0,,,0.23254059265208354,0.23254059265208354,0.0,804.899004,
1706,NFCORE_CHIPSEQ:CHIPSEQ:BEDTOOLS_GENOMECOV,1697332300000,1697332500000,2,121.2,,4567597056.0,,,0.532775645307915,0.532775645307915,0.0,804.899004,
1739,NFCORE_CHIPSEQ:CHIPSEQ:BEDTOOLS_GENOMECOV,1697332318000,1697332500000,2,122.0,,4567597056.0,,,0.49936533689049456,0.49936533689049456,0.0,804.899004,
1746,NFCORE_CHIPSEQ:CHIPSEQ:BEDTOOLS_GENOMECOV,1697332323000,1697332500000,2,121.7,,4567597056.0,,,0.4984299112130929,0.4984299112130929,0.0,804.899004,
1779,NFCORE_CHIPSEQ:CHIPSEQ:FILTER_BAM_BAMTOOLS:BAM_FILTER,1697332366000,1697332500000,2,131.3,,1073741824.0,,,0.4087458014248213,0.4087458014248213,0.0,804.899004,
1836,NFCORE_CHIPSEQ:CHIPSEQ:FILTER_BAM_BAMTOOLS:BAM_FILTER,1697332377000,1697332500000,2,134.2,,1073741824.0,,,0.36376132128863875,0.36376132128863875,0.0,804.899004,
1847,NFCORE_CHIPSEQ:CHIPSEQ:FILTER_BAM_BAMTOOLS:BAM_FILTER,1697332386000,1697332500000,2,132.7,,1073741824.0,,,0.3467244569394863,0.3467244569394863,0.0,804.899004,
1918,NFCORE_CHIPSEQ:CHIPSEQ:FILTER_BAM_BAMTOOLS:BAM_FILTER,1697332441000,1697332500000,2,130.8,,1073741824.0,,,0.2638599669117375,0.2638599669117375,0.0,804.899004,
1923,NFCORE_CHIPSEQ:CHIPSEQ:FILTER_BAM_BAMTOOLS:BAM_FILTER,1697332468000,1697332500000,2,130.8,,1073741824.0,,,0.25667325304302674,0.25667325304302674,0.0,804.899004,
1962,NFCORE_CHIPSEQ:CHIPSEQ:PICARD_COLLECTMULTIPLEMETRICS,1697332483000,1697332500000,2,88.9,,2573205504.0,,,0.17839783232122763,0.17839783232122763,0.0,804.899004,
1999,NFCORE_CHIPSEQ:CHIPSEQ:PHANTOMPEAKQUALTOOLS,1697332493000,1697332500000,1,22.9,,4294967296.0,,,0.09195167961646564,0.09195167961646564,0.0,804.899004,
1678,NFCORE_CHIPSEQ:CHIPSEQ:HOMER_ANNOTATEPEAKS_MACS2,1697332287000,1697332500000,1,99.8,,4807720960.0,,,0.5424469233276138,0.5424469233276138,0.0,804.899004,
1762,NFCORE_CHIPSEQ:CHIPSEQ:BEDTOOLS_GENOMECOV,1697332332000,1697332500000,2,121.3,,4567597056.0,,,0.5495736371953102,0.5495736371953102,0.0,804.899004,
1788,NFCORE_CHIPSEQ:CHIPSEQ:MACS2_CALLPEAK,1697332468000,1697332500000,1,95.5,,1892679680.0,,,0.23562074457677082,0.23562074457677082,0.0,804.899004,
1806,NFCORE_CHIPSEQ:CHIPSEQ:BEDTOOLS_GENOMECOV,1697332358000,1697332500000,2,121.6,,4567597056.0,,,0.48836957583868124,0.48836957583868124,0.0,804.899004,
1818,NFCORE_CHIPSEQ:CHIPSEQ:FILTER_BAM_BAMTOOLS:BAM_FILTER,1697332379000,1697332500000,2,135.2,,1073741824.0,,,0.4171952301131616,0.4171952301131616,0.0,804.899004,
1821,NFCORE_CHIPSEQ:CHIPSEQ:FILTER_BAM_BAMTOOLS:BAM_FILTER,1697332366000,1697332500000,2,133.7,,1073741824.0,,,0.4231709281609279,0.4231709281609279,0.0,804.899004,
1853,NFCORE_CHIPSEQ:CHIPSEQ:FILTER_BAM_BAMTOOLS:BAM_FILTER,1697332401000,1697332500000,2,134.3,,1073741824.0,,,0.41166201617611775,0.41166201617611775,0.0,804.899004,
1870,NFCORE_CHIPSEQ:CHIPSEQ:FILTER_BAM_BAMTOOLS:BAM_FILTER,1697332403000,1697332500000,2,134.9,,1073741824.0,,,0.3790519591220427,0.3790519591220427,0.0,804.899004,
1881,NFCORE_CHIPSEQ:CHIPSEQ:FILTER_BAM_BAMTOOLS:BAM_FILTER,1697332409000,1697332500000,2,137.4,,1073741824.0,,,0.409988877057452,0.409988877057452,0.0,804.899004,
1975,NFCORE_CHIPSEQ:CHIPSEQ:FILTER_BAM_BAMTOOLS:BAM_FILTER,1697332488000,1697332500000,2,130.5,,1073741824.0,,,0.25761650143420917,0.25761650143420917,0.0,804.899004,
1835,NFCORE_CHIPSEQ:CHIPSEQ:BEDTOOLS_GENOMECOV,1697332384000,1697332500000,2,122.8,,4567597056.0,,,0.5119969020097642,0.5119969020097642,0.0,804.899004,
1763,NFCORE_CHIPSEQ:CHIPSEQ:BEDTOOLS_GENOMECOV,1697332338000,1697332500000,2,122.0,,4567597056.0,,,0.5947909846840371,0.5947909846840371,0.0,804.899004,
1858,NFCORE_CHIPSEQ:CHIPSEQ:FILTER_BAM_BAMTOOLS:BAM_FILTER,1697332391000,1697332500000,2,135.9,,1073741824.0,,,0.47339280259614896,0.47339280259614896,0.0,804.899004,
1943,NFCORE_CHIPSEQ:CHIPSEQ:MACS2_CALLPEAK,1697332479000,1697332500000,1,96.7,,1892679680.0,,,0.2649348777606492,0.2649348777606492,0.0,804.899004,
1770,NFCORE_CHIPSEQ:CHIPSEQ:HOMER_ANNOTATEPEAKS_MACS2,1697332336000,1697332500000,1,100.8,,4807720960.0,,,0.5479546002624445,0.5479546002624445,0.0,804.899004,
1773,NFCORE_CHIPSEQ:CHIPSEQ:HOMER_ANNOTATEPEAKS_MACS2,1697332337000,1697332500000,1,100.3,,4807720960.0,,,0.5344761640813265,0.5344761640813265,0.0,804.899004,
1797,NFCORE_CHIPSEQ:CHIPSEQ:BEDTOOLS_GENOMECOV,1697332375000,1697332500000,2,122.1,,4567597056.0,,,0.5936253620116189,0.5936253620116189,0.0,804.899004,
1892,NFCORE_CHIPSEQ:CHIPSEQ:PHANTOMPEAKQUALTOOLS,1697332417000,1697332500000,1,19.7,,4294967296.0,,,0.2207082140653148,0.2207082140653148,0.0,805.239198,
1985,NFCORE_CHIPSEQ:CHIPSEQ:BEDTOOLS_GENOMECOV,1697332488000,1697332500000,2,122.4,,4567597056.0,,,0.5159407518686026,0.5159407518686026,0.0,805.239198,
1984,NFCORE_CHIPSEQ:CHIPSEQ:BEDTOOLS_GENOMECOV,1697332488000,1697332500000,2,122.5,,4567597056.0,,,0.6317333769148616,0.6317333769148616,0.0,805.239198,
1492,NFCORE_CHIPSEQ:CHIPSEQ:PHANTOMPEAKQUALTOOLS,1697332203000,1697332500000,1,18.5,,4294967296.0,,,0.3867941212478152,0.3867941212478152,0.0,805.239198,
2013,NFCORE_CHIPSEQ:CHIPSEQ:PHANTOMPEAKQUALTOOLS,1697332495000,1697332500000,1,19.5,,4294967296.0,,,0.2742513630340448,0.2742513630340448,0.0,805.239198,
1467,NFCORE_CHIPSEQ:CHIPSEQ:PHANTOMPEAKQUALTOOLS,1697332201000,1697332500000,1,16.1,,4294967296.0,,,0.4244933241235239,0.4244933241235239,0.0,805.239198,
1532,NFCORE_CHIPSEQ:CHIPSEQ:PHANTOMPEAKQUALTOOLS,1697332220000,1697332500000,1,14.3,,4294967296.0,,,0.5261285824571317,0.5261285824571317,0.0,805.4092949999999,
1934,NFCORE_CHIPSEQ:CHIPSEQ:PHANTOMPEAKQUALTOOLS,1697332471000,1697332500000,1,17.0,,4294967296.0,,,0.43399354260977707,0.43399354260977707,0.0,805.4092949999999,
1968,NFCORE_CHIPSEQ:CHIPSEQ:PHANTOMPEAKQUALTOOLS,1697332483000,1697332500000,1,16.6,,4294967296.0,,,0.4290069617118312,0.4290069617118312,0.0,805.4092949999999,
1529,NFCORE_CHIPSEQ:CHIPSEQ:PHANTOMPEAKQUALTOOLS,1697332232000,1697332500000,1,15.2,,4294967296.0,,,0.5584158891475534,0.5584158891475534,0.0,805.4092949999999,
1629,NFCORE_CHIPSEQ:CHIPSEQ:PHANTOMPEAKQUALTOOLS,1697332293000,1697332500000,1,14.4,,4294967296.0,,,0.6330240997568889,0.6330240997568889,0.0,805.7211394999999,
1755,NFCORE_CHIPSEQ:CHIPSEQ:PHANTOMPEAKQUALTOOLS,1697332331000,1697332500000,1,12.5,,4294967296.0,,,0.6422257848728737,0.6422257848728737,0.0,805.7211394999999,
1680,NFCORE_CHIPSEQ:CHIPSEQ:PHANTOMPEAKQUALTOOLS,1697332331000,1697332500000,1,12.6,,4294967296.0,,,0.6773867547860728,0.6773867547860728,0.0,805.8770617499999,
1756,NFCORE_CHIPSEQ:CHIPSEQ:PHANTOMPEAKQUALTOOLS,1697332333000,1697332500000,1,13.0,,4294967296.0,,,0.6993020535181758,0.6993020535181758,0.0,805.8770617499999,
1605,NFCORE_CHIPSEQ:CHIPSEQ:PHANTOMPEAKQUALTOOLS,1697332277000,1697332500000,1,12.2,,4294967296.0,,,0.756603648041094,0.756603648041094,0.0,805.8770617499999,
1692,NFCORE_CHIPSEQ:CHIPSEQ:PHANTOMPEAKQUALTOOLS,1697332298000,1697332500000,1,12.4,,4294967296.0,,,0.755601779207425,0.755601779207425,0.0,805.8770617499999,
1905,NFCORE_CHIPSEQ:CHIPSEQ:PHANTOMPEAKQUALTOOLS,1697332443000,1697332500000,1,13.6,,4294967296.0,,,0.7212277227099998,0.7212277227099998,0.0,805.8770617499999,
1718,NFCORE_CHIPSEQ:CHIPSEQ:PHANTOMPEAKQUALTOOLS,1697332323000,1697332500000,1,13.0,,4294967296.0,,,0.8350526210806705,0.8350526210806705,0.0,805.9550228749999,
1694,NFCORE_CHIPSEQ:CHIPSEQ:PHANTOMPEAKQUALTOOLS,1697332326000,1697332500000,1,12.5,,4294967296.0,,,0.8352568773775779,0.8352568773775779,0.0,805.9550228749999,
2003,NFCORE_CHIPSEQ:CHIPSEQ:PHANTOMPEAKQUALTOOLS,1697332495000,1697332500000,1,12.1,,4294967296.0,,,0.8401333111323759,0.8401333111323759,0.0,805.9550228749999,
2004,NFCORE_CHIPSEQ:CHIPSEQ:PHANTOMPEAKQUALTOOLS,1697332497000,1697332500000,1,12.6,,4294967296.0,,,0.8464176375829269,0.8464176375829269,0.0,805.9550228749999,
1903,NFCORE_CHIPSEQ:CHIPSEQ:PHANTOMPEAKQUALTOOLS,1697332442000,1697332500000,1,12.4,,4294967296.0,,,0.8830489787690075,0.8830489787690075,0.0,805.9550228749999,
2007,NFCORE_CHIPSEQ:CHIPSEQ:PHANTOMPEAKQUALTOOLS,1697332498000,1697332500000,1,12.3,,4294967296.0,,,0.8821093857269182,0.8821093857269182,0.0,805.0868194375,
1961,NFCORE_CHIPSEQ:CHIPSEQ:PHANTOMPEAKQUALTOOLS,1697332478000,1697332500000,1,12.4,,4294967296.0,,,0.9051156679654124,0.9051156679654124,0.0,805.0868194375,
2012,NFCORE_CHIPSEQ:CHIPSEQ:FILTER_BAM_BAMTOOLS:BAM_REMOVE_ORPHANS,1697332502000,1697332503000,2,115.3,,1073741824.0,,,0.00128907387761,0.00128907387761,0.0,805.579392,
2027,NFCORE_CHIPSEQ:CHIPSEQ:MARK_DUPLICATES_PICARD:BAM_STATS_SAMTOOLS:SAMTOOLS_IDXSTATS,1697332503000,1697332504000,2,82.1,,1073741824.0,,,0.0009431502546633334,0.0009431502546633334,0.0,805.579392,
2035,NFCORE_CHIPSEQ:CHIPSEQ:FILTER_BAM_BAMTOOLS:BAM_SORT_SAMTOOLS:BAM_STATS_SAMTOOLS:SAMTOOLS_IDXSTATS,1697332503000,1697332504000,1,73.6,,1073741824.0,,,0.0008545854716799999,0.0008545854716799999,0.0,805.579392,
1991,NFCORE_CHIPSEQ:CHIPSEQ:MARK_DUPLICATES_PICARD:SAMTOOLS_INDEX,1697332501000,1697332512000,2,150.3,,1073741824.0,,,0.018191276353543333,0.018191276353543333,0.0,805.579392,
1994,NFCORE_CHIPSEQ:CHIPSEQ:MARK_DUPLICATES_PICARD:SAMTOOLS_INDEX,1697332504000,1697332513000,2,153.9,,1073741824.0,,,0.015221359675950001,0.015221359675950001,0.0,805.579392,
1997,NFCORE_CHIPSEQ:CHIPSEQ:FILTER_BAM_BAMTOOLS:BAM_REMOVE_ORPHANS,1697332505000,1697332506000,2,19.4,,1073741824.0,,,0.00028985473783333336,0.00028985473783333336,0.0,805.579392,
2010,NFCORE_CHIPSEQ:CHIPSEQ:FILTER_BAM_BAMTOOLS:BAM_REMOVE_ORPHANS,1697332516000,1697332516000,2,58.9,,1073741824.0,,,0.0,0.0,0.0,805.579392,
2014,NFCORE_CHIPSEQ:CHIPSEQ:FILTER_BAM_BAMTOOLS:BAM_SORT_SAMTOOLS:SAMTOOLS_INDEX,1697332507000,1697332511000,2,151.6,,1073741824.0,,,0.006669190391520001,0.006669190391520001,0.0,805.579392,
2018,NFCORE_CHIPSEQ:CHIPSEQ:FILTER_BAM_BAMTOOLS:BAM_SORT_SAMTOOLS:SAMTOOLS_INDEX,1697332505000,1697332513000,2,145.5,,1073741824.0,,,0.012829914734853332,0.012829914734853332,0.0,805.579392,
2026,NFCORE_CHIPSEQ:CHIPSEQ:MARK_DUPLICATES_PICARD:BAM_STATS_SAMTOOLS:SAMTOOLS_FLAGSTAT,1697332513000,1697332522000,2,146.4,,1073741824.0,,,0.014518051105200002,0.014518051105200002,0.0,805.579392,
2032,NFCORE_CHIPSEQ:CHIPSEQ:FILTER_BAM_BAMTOOLS:BAM_SORT_SAMTOOLS:BAM_STATS_SAMTOOLS:SAMTOOLS_IDXSTATS,1697332519000,1697332520000,1,93.0,,1073741824.0,,,0.0010567215646066668,0.0010567215646066668,0.0,805.579392,
2033,NFCORE_CHIPSEQ:CHIPSEQ:FILTER_BAM_BAMTOOLS:BAM_SORT_SAMTOOLS:BAM_STATS_SAMTOOLS:SAMTOOLS_FLAGSTAT,1697332511000,1697332521000,2,146.9,,1073741824.0,,,0.016183264825833335,0.016183264825833335,0.0,805.579392,
2034,NFCORE_CHIPSEQ:CHIPSEQ:FILTER_BAM_BAMTOOLS:BAM_SORT_SAMTOOLS:BAM_STATS_SAMTOOLS:SAMTOOLS_FLAGSTAT,1697332508000,1697332514000,2,145.2,,1073741824.0,,,0.009603681155919998,0.009603681155919998,0.0,805.579392,
2039,NFCORE_CHIPSEQ:CHIPSEQ:MARK_DUPLICATES_PICARD:SAMTOOLS_INDEX,1697332503000,1697332513000,2,160.8,,1073741824.0,,,0.017631559512266668,0.017631559512266668,0.0,805.579392,
2040,NFCORE_CHIPSEQ:CHIPSEQ:FILTER_BAM_BAMTOOLS:BAM_REMOVE_ORPHANS,1697332511000,1697332512000,2,84.2,,1073741824.0,,,0.0009650309657533334,0.0009650309657533334,0.0,805.579392,
2041,NFCORE_CHIPSEQ:CHIPSEQ:FILTER_BAM_BAMTOOLS:BAM_SORT_SAMTOOLS:SAMTOOLS_INDEX,1697332505000,1697332511000,2,155.9,,1073741824.0,,,0.0102726057521,0.0102726057521,0.0,805.579392,
2044,NFCORE_CHIPSEQ:CHIPSEQ:MARK_DUPLICATES_PICARD:BAM_STATS_SAMTOOLS:SAMTOOLS_IDXSTATS,1697332520000,1697332521000,2,85.6,,1073741824.0,,,0.00097961810648,0.00097961810648,0.0,805.579392,
2055,NFCORE_CHIPSEQ:CHIPSEQ:FILTER_BAM_BAMTOOLS:BAM_SORT_SAMTOOLS:BAM_STATS_SAMTOOLS:SAMTOOLS_IDXSTATS,1697332515000,1697332516000,1,101.6,,1073741824.0,,,0.0011463282862133333,0.0011463282862133333,0.0,805.579392,
2054,NFCORE_CHIPSEQ:CHIPSEQ:FILTER_BAM_BAMTOOLS:BAM_SORT_SAMTOOLS:BAM_STATS_SAMTOOLS:SAMTOOLS_FLAGSTAT,1697332511000,1697332513000,2,143.9,,1073741824.0,,,0.003174136647766667,0.003174136647766667,0.0,805.579392,
2059,NFCORE_CHIPSEQ:CHIPSEQ:FILTER_BAM_BAMTOOLS:BAM_SORT_SAMTOOLS:BAM_STATS_SAMTOOLS:SAMTOOLS_IDXSTATS,1697332520000,1697332521000,1,70.6,,1073741824.0,,,0.00082332731298,0.00082332731298,0.0,805.579392,
2062,NFCORE_CHIPSEQ:CHIPSEQ:FILTER_BAM_BAMTOOLS:BAM_SORT_SAMTOOLS:BAM_STATS_SAMTOOLS:SAMTOOLS_IDXSTATS,1697332519000,1697332520000,1,96.2,,1073741824.0,,,0.0010900636005533332,0.0010900636005533332,0.0,805.579392,
2063,NFCORE_CHIPSEQ:CHIPSEQ:FILTER_BAM_BAMTOOLS:BAM_SORT_SAMTOOLS:BAM_STATS_SAMTOOLS:SAMTOOLS_FLAGSTAT,1697332514000,1697332523000,2,150.6,,1073741824.0,,,0.014911903904819999,0.014911903904819999,0.0,805.579392,
1665,NFCORE_CHIPSEQ:CHIPSEQ:MARK_DUPLICATES_PICARD:BAM_STATS_SAMTOOLS:SAMTOOLS_FLAGSTAT,1697332516000,1697332527000,2,147.0,,1073741824.0,,,0.017813052633273336,0.017813052633273336,0.0,805.579392,
1907,NFCORE_CHIPSEQ:CHIPSEQ:FILTER_BAM_BAMTOOLS:BAM_SORT_SAMTOOLS:SAMTOOLS_SORT,1697332508000,1697332530000,5,433.2,,6309281792.0,,,0.11064043799260832,0.11064043799260832,0.0,805.579392,
1976,NFCORE_CHIPSEQ:CHIPSEQ:MARK_DUPLICATES_PICARD:BAM_STATS_SAMTOOLS:SAMTOOLS_FLAGSTAT,1697332518000,1697332528000,2,142.3,,1073741824.0,,,0.015703973059100002,0.015703973059100002,0.0,805.579392,
1988,NFCORE_CHIPSEQ:CHIPSEQ:MARK_DUPLICATES_PICARD:SAMTOOLS_INDEX,1697332509000,1697332519000,2,152.4,,1073741824.0,,,0.01675633106866667,0.01675633106866667,0.0,805.579392,
2001,NFCORE_CHIPSEQ:CHIPSEQ:FILTER_BAM_BAMTOOLS:BAM_SORT_SAMTOOLS:SAMTOOLS_INDEX,1697332518000,1697332527000,2,157.8,,1073741824.0,,,0.015587080132740001,0.015587080132740001,0.0,805.579392,
2025,NFCORE_CHIPSEQ:CHIPSEQ:MARK_DUPLICATES_PICARD:BAM_STATS_SAMTOOLS:SAMTOOLS_STATS,1697332503000,1697332535000,2,129.7,,1073741824.0,,,0.04605161725983999,0.04605161725983999,0.0,805.579392,
2036,NFCORE_CHIPSEQ:CHIPSEQ:FILTER_BAM_BAMTOOLS:BAM_SORT_SAMTOOLS:BAM_STATS_SAMTOOLS:SAMTOOLS_STATS,1697332509000,1697332533000,2,128.0,,1073741824.0,,,0.03411360198656,0.03411360198656,0.0,805.579392,
2046,NFCORE_CHIPSEQ:CHIPSEQ:MARK_DUPLICATES_PICARD:BAM_STATS_SAMTOOLS:SAMTOOLS_FLAGSTAT,1697332521000,1697332534000,2,136.0,,1073741824.0,,,0.019561817244319997,0.019561817244319997,0.0,805.579392,
2056,NFCORE_CHIPSEQ:CHIPSEQ:FILTER_BAM_BAMTOOLS:BAM_SORT_SAMTOOLS:BAM_STATS_SAMTOOLS:SAMTOOLS_STATS,1697332519000,1697332527000,2,125.8,,1073741824.0,,,0.011187819464480001,0.011187819464480001,0.0,805.579392,
2058,NFCORE_CHIPSEQ:CHIPSEQ:FILTER_BAM_BAMTOOLS:BAM_SORT_SAMTOOLS:BAM_STATS_SAMTOOLS:SAMTOOLS_FLAGSTAT,1697332515000,1697332524000,2,149.4,,1073741824.0,,,0.014799374533499998,0.014799374533499998,0.0,805.579392,
2068,NFCORE_CHIPSEQ:CHIPSEQ:FILTER_BAM_BAMTOOLS:BAM_SORT_SAMTOOLS:SAMTOOLS_INDEX,1697332513000,1697332522000,2,154.0,,1073741824.0,,,0.01523073712356,0.01523073712356,0.0,805.579392,
2072,NFCORE_CHIPSEQ:CHIPSEQ:FILTER_BAM_BAMTOOLS:BAM_SORT_SAMTOOLS:SAMTOOLS_INDEX,1697332518000,1697332528000,2,151.0,,1073741824.0,,,0.016610459661400002,0.016610459661400002,0.0,805.579392,
2075,NFCORE_CHIPSEQ:CHIPSEQ:FILTER_BAM_BAMTOOLS:BAM_SORT_SAMTOOLS:SAMTOOLS_INDEX,1697332518000,1697332531000,2,151.0,,1073741824.0,,,0.02159359755982,0.02159359755982,0.0,805.579392,
2080,NFCORE_CHIPSEQ:CHIPSEQ:FILTER_BAM_BAMTOOLS:BAM_SORT_SAMTOOLS:SAMTOOLS_INDEX,1697332518000,1697332531000,2,150.8,,1073741824.0,,,0.021566507155613333,0.021566507155613333,0.0,805.579392,
2083,NFCORE_CHIPSEQ:CHIPSEQ:FILTER_BAM_BAMTOOLS:BAM_SORT_SAMTOOLS:SAMTOOLS_INDEX,1697332517000,1697332523000,2,155.3,,1073741824.0,,,0.010235095961660001,0.010235095961660001,0.0,805.579392,
2096,NFCORE_CHIPSEQ:CHIPSEQ:FILTER_BAM_BAMTOOLS:BAM_SORT_SAMTOOLS:BAM_STATS_SAMTOOLS:SAMTOOLS_IDXSTATS,1697332523000,1697332524000,1,55.3,,1073741824.0,,,0.00066391070361,0.00066391070361,0.0,805.579392,
2094,NFCORE_CHIPSEQ:CHIPSEQ:FILTER_BAM_BAMTOOLS:BAM_SORT_SAMTOOLS:BAM_STATS_SAMTOOLS:SAMTOOLS_FLAGSTAT,1697332526000,1697332534000,2,135.7,,1073741824.0,,,0.012013034854159998,0.012013034854159998,0.0,805.579392,
2101,NFCORE_CHIPSEQ:CHIPSEQ:FILTER_BAM_BAMTOOLS:BAM_SORT_SAMTOOLS:BAM_STATS_SAMTOOLS:SAMTOOLS_FLAGSTAT,1697332533000,1697332543000,2,140.2,,1073741824.0,,,0.015485165948200002,0.015485165948200002,0.0,805.579392,
2109,NFCORE_CHIPSEQ:CHIPSEQ:FILTER_BAM_BAMTOOLS:BAM_SORT_SAMTOOLS:BAM_STATS_SAMTOOLS:SAMTOOLS_IDXSTATS,1697332531000,1697332531000,1,79.0,,1073741824.0,,,0.0,0.0,0.0,805.579392,
2110,NFCORE_CHIPSEQ:CHIPSEQ:FILTER_BAM_BAMTOOLS:BAM_SORT_SAMTOOLS:BAM_STATS_SAMTOOLS:SAMTOOLS_FLAGSTAT,1697332524000,1697332530000,2,148.2,,1073741824.0,,,0.00979123010812,0.00979123010812,0.0,805.579392,
1510,NFCORE_CHIPSEQ:CHIPSEQ:FILTER_BAM_BAMTOOLS:BAM_SORT_SAMTOOLS:SAMTOOLS_SORT,1697332509000,1697332533000,5,428.9,,6309281792.0,,,0.11962337896902,0.11962337896902,0.0,805.579392,
1513,NFCORE_CHIPSEQ:CHIPSEQ:FILTER_BAM_BAMTOOLS:BAM_SORT_SAMTOOLS:SAMTOOLS_SORT,1697332520000,1697332545000,5,403.0,,6309281792.0,,,0.11786113383997915,0.11786113383997915,0.0,805.579392,
1667,NFCORE_CHIPSEQ:CHIPSEQ:MARK_DUPLICATES_PICARD:BAM_STATS_SAMTOOLS:SAMTOOLS_IDXSTATS,1697332530000,1697332531000,2,125.0,,1073741824.0,,,0.0013901419240733334,0.0013901419240733334,0.0,805.579392,
1668,NFCORE_CHIPSEQ:CHIPSEQ:MARK_DUPLICATES_PICARD:BAM_STATS_SAMTOOLS:SAMTOOLS_STATS,1697332508000,1697332550000,2,130.6,,1073741824.0,,,0.06083660045316,0.06083660045316,0.0,805.579392,
1974,NFCORE_CHIPSEQ:CHIPSEQ:MARK_DUPLICATES_PICARD:BAM_STATS_SAMTOOLS:SAMTOOLS_IDXSTATS,1697332547000,1697332548000,2,110.3,,1073741824.0,,,0.0012369769464433333,0.0012369769464433333,0.0,805.579392,
2029,NFCORE_CHIPSEQ:CHIPSEQ:FILTER_BAM_BAMTOOLS:BAM_SORT_SAMTOOLS:SAMTOOLS_SORT,1697332535000,1697332557000,5,416.1,,6309281792.0,,,0.10672066489162835,0.10672066489162835,0.0,805.579392,
2030,NFCORE_CHIPSEQ:CHIPSEQ:FILTER_BAM_BAMTOOLS:BAM_SORT_SAMTOOLS:SAMTOOLS_SORT,1697332524000,1697332551000,5,432.9,,6309281792.0,,,0.1357015950533475,0.1357015950533475,0.0,805.579392,
2047,NFCORE_CHIPSEQ:CHIPSEQ:MARK_DUPLICATES_PICARD:BAM_STATS_SAMTOOLS:SAMTOOLS_STATS,1697332509000,1697332551000,2,130.9,,1073741824.0,,,0.06096788471970001,0.06096788471970001,0.0,805.579392,
2074,NFCORE_CHIPSEQ:CHIPSEQ:UCSC_BEDGRAPHTOBIGWIG,1697332522000,1697332568000,1,100.6,,1073741824.0,,,0.052251809399079995,0.052251809399079995,0.0,805.579392,
2086,NFCORE_CHIPSEQ:CHIPSEQ:MARK_DUPLICATES_PICARD:BAM_STATS_SAMTOOLS:SAMTOOLS_FLAGSTAT,1697332559000,1697332569000,2,144.2,,1073741824.0,,,0.015901941397533332,0.015901941397533332,0.0,805.579392,
2084,NFCORE_CHIPSEQ:CHIPSEQ:MARK_DUPLICATES_PICARD:BAM_STATS_SAMTOOLS:SAMTOOLS_IDXSTATS,1697332555000,1697332555000,2,81.0,,1073741824.0,,,0.0,0.0,0.0,805.579392,
2089,NFCORE_CHIPSEQ:CHIPSEQ:MARK_DUPLICATES_PICARD:BAM_STATS_SAMTOOLS:SAMTOOLS_IDXSTATS,1697332559000,1697332560000,2,78.0,,1073741824.0,,,0.0009004307711066666,0.0009004307711066666,0.0,805.579392,
2100,NFCORE_CHIPSEQ:CHIPSEQ:FILTER_BAM_BAMTOOLS:BAM_SORT_SAMTOOLS:BAM_STATS_SAMTOOLS:SAMTOOLS_IDXSTATS,1697332557000,1697332557000,1,64.0,,1073741824.0,,,0.0,0.0,0.0,805.579392,
2111,NFCORE_CHIPSEQ:CHIPSEQ:FILTER_BAM_BAMTOOLS:BAM_SORT_SAMTOOLS:BAM_STATS_SAMTOOLS:SAMTOOLS_STATS,1697332531000,1697332554000,2,130.4,,1073741824.0,,,0.03326735202386667,0.03326735202386667,0.0,805.579392,
2114,NFCORE_CHIPSEQ:CHIPSEQ:MARK_DUPLICATES_PICARD:SAMTOOLS_INDEX,1697332537000,1697332550000,2,149.8,,1073741824.0,,,0.02143105513458,0.02143105513458,0.0,805.579392,
2116,NFCORE_CHIPSEQ:CHIPSEQ:FILTER_BAM_BAMTOOLS:BAM_SORT_SAMTOOLS:SAMTOOLS_INDEX,1697332532000,1697332543000,2,146.3,,1073741824.0,,,0.017732823359276666,0.017732823359276666,0.0,805.579392,
2121,NFCORE_CHIPSEQ:CHIPSEQ:FILTER_BAM_BAMTOOLS:BAM_SORT_SAMTOOLS:SAMTOOLS_INDEX,1697332542000,1697332550000,2,149.9,,1073741824.0,,,0.013196677130266666,0.013196677130266666,0.0,805.579392,
2122,NFCORE_CHIPSEQ:CHIPSEQ:FILTER_BAM_BAMTOOLS:BAM_REMOVE_ORPHANS,1697332538000,1697332539000,2,50.3,,1073741824.0,,,0.0006118137724433333,0.0006118137724433333,0.0,805.579392,
2123,NFCORE_CHIPSEQ:CHIPSEQ:FILTER_BAM_BAMTOOLS:BAM_REMOVE_ORPHANS,1697332535000,1697332536000,2,11.1,,1073741824.0,,,0.00020337383209666663,0.00020337383209666663,0.0,805.579392,
2124,NFCORE_CHIPSEQ:CHIPSEQ:FILTER_BAM_BAMTOOLS:BAM_SORT_SAMTOOLS:SAMTOOLS_INDEX,1697332555000,1697332566000,2,152.6,,1073741824.0,,,0.01845488682524667,0.01845488682524667,0.0,805.579392,
2129,NFCORE_CHIPSEQ:CHIPSEQ:FILTER_BAM_BAMTOOLS:BAM_SORT_SAMTOOLS:SAMTOOLS_INDEX,1697332555000,1697332566000,2,152.8,,1073741824.0,,,0.018477809474960003,0.018477809474960003,0.0,805.579392,
2130,NFCORE_CHIPSEQ:CHIPSEQ:FILTER_BAM_BAMTOOLS:BAM_SORT_SAMTOOLS:SAMTOOLS_INDEX,1697332546000,1697332553000,2,159.2,,1073741824.0,,,0.012225394532773331,0.012225394532773331,0.0,805.579392,
2138,NFCORE_CHIPSEQ:CHIPSEQ:FILTER_BAM_BAMTOOLS:BAM_SORT_SAMTOOLS:BAM_STATS_SAMTOOLS:SAMTOOLS_IDXSTATS,1697332542000,1697332550000,1,27.8,,1073741824.0,,,0.003019020657546667,0.003019020657546667,0.0,805.579392,
2140,NFCORE_CHIPSEQ:CHIPSEQ:FILTER_BAM_BAMTOOLS:BAM_SORT_SAMTOOLS:BAM_STATS_SAMTOOLS:SAMTOOLS_FLAGSTAT,1697332554000,1697332562000,2,148.7,,1073741824.0,,,0.013096651022426666,0.013096651022426666,0.0,805.579392,
2143,NFCORE_CHIPSEQ:CHIPSEQ:FILTER_BAM_BAMTOOLS:BAM_SORT_SAMTOOLS:BAM_STATS_SAMTOOLS:SAMTOOLS_IDXSTATS,1697332555000,1697332558000,1,51.8,,1073741824.0,,,0.0018823285553800002,0.0018823285553800002,0.0,805.579392,
2142,NFCORE_CHIPSEQ:CHIPSEQ:FILTER_BAM_BAMTOOLS:BAM_SORT_SAMTOOLS:BAM_STATS_SAMTOOLS:SAMTOOLS_FLAGSTAT,1697332550000,1697332561000,2,134.4,,1073741824.0,,,0.016368925701333338,0.016368925701333338,0.0,805.579392,
2145,NFCORE_CHIPSEQ:CHIPSEQ:FILTER_BAM_BAMTOOLS:BAM_SORT_SAMTOOLS:BAM_STATS_SAMTOOLS:SAMTOOLS_IDXSTATS,1697332556000,1697332557000,1,37.5,,1073741824.0,,,0.0004784456286566667,0.0004784456286566667,0.0,805.579392,
2146,NFCORE_CHIPSEQ:CHIPSEQ:FILTER_BAM_BAMTOOLS:BAM_SORT_SAMTOOLS:BAM_STATS_SAMTOOLS:SAMTOOLS_FLAGSTAT,1697332551000,1697332560000,2,139.4,,1073741824.0,,,0.013861629772500004,0.013861629772500004,0.0,805.579392,
2148,NFCORE_CHIPSEQ:CHIPSEQ:FILTER_BAM_BAMTOOLS:BAM_SORT_SAMTOOLS:BAM_STATS_SAMTOOLS:SAMTOOLS_IDXSTATS,1697332549000,1697332552000,1,39.4,,1073741824.0,,,0.0014947273875000001,0.0014947273875000001,0.0,805.579392,
2154,NFCORE_CHIPSEQ:CHIPSEQ:FILTER_BAM_BAMTOOLS:BAM_SORT_SAMTOOLS:BAM_STATS_SAMTOOLS:SAMTOOLS_IDXSTATS,1697332555000,1697332556000,1,50.6,,1073741824.0,,,0.0006149395883133334,0.0006149395883133334,0.0,805.579392,
2160,NFCORE_CHIPSEQ:CHIPSEQ:FILTER_BAM_BAMTOOLS:BAM_SORT_SAMTOOLS:BAM_STATS_SAMTOOLS:SAMTOOLS_IDXSTATS,1697332556000,1697332557000,1,74.8,,1073741824.0,,,0.0008670887351600001,0.0008670887351600001,0.0,805.579392,
2158,NFCORE_CHIPSEQ:CHIPSEQ:FILTER_BAM_BAMTOOLS:BAM_SORT_SAMTOOLS:BAM_STATS_SAMTOOLS:SAMTOOLS_FLAGSTAT,1697332554000,1697332561000,2,139.7,,1073741824.0,,,0.010803148311923331,0.010803148311923331,0.0,805.579392,
1562,NFCORE_CHIPSEQ:CHIPSEQ:FILTER_BAM_BAMTOOLS:BAM_SORT_SAMTOOLS:SAMTOOLS_SORT,1697332534000,1697332561000,5,424.0,,6309281792.0,,,0.1331978165414775,0.1331978165414775,0.0,805.579392,
1736,NFCORE_CHIPSEQ:CHIPSEQ:FILTER_BAM_BAMTOOLS:BAM_SORT_SAMTOOLS:BAM_STATS_SAMTOOLS:SAMTOOLS_STATS,1697332537000,1697332572000,2,130.1,,1073741824.0,,,0.050514827785216675,0.050514827785216675,0.0,805.579392,
1760,NFCORE_CHIPSEQ:CHIPSEQ:FILTER_BAM_BAMTOOLS:BAM_SORT_SAMTOOLS:BAM_STATS_SAMTOOLS:SAMTOOLS_STATS,1697332535000,1697332571000,2,129.3,,1073741824.0,,,0.05165803025556,0.05165803025556,0.0,805.579392,
1794,NFCORE_CHIPSEQ:CHIPSEQ:FILTER_BAM_BAMTOOLS:BAM_SORT_SAMTOOLS:BAM_STATS_SAMTOOLS:SAMTOOLS_IDXSTATS,1697332554000,1697332555000,1,70.3,,1073741824.0,,,0.0008202014971100001,0.0008202014971100001,0.0,805.579392,
1863,NFCORE_CHIPSEQ:CHIPSEQ:MARK_DUPLICATES_PICARD:BAM_STATS_SAMTOOLS:SAMTOOLS_IDXSTATS,1697332585000,1697332586000,2,101.6,,1073741824.0,,,0.0011463282862133333,0.0011463282862133333,0.0,805.579392,
1866,NFCORE_CHIPSEQ:CHIPSEQ:MARK_DUPLICATES_PICARD:BAM_STATS_SAMTOOLS:SAMTOOLS_FLAGSTAT,1697332576000,1697332583000,2,139.5,,1073741824.0,,,0.010788561171196665,0.010788561171196665,0.0,805.579392,
2015,NFCORE_CHIPSEQ:CHIPSEQ:PICARD_COLLECTMULTIPLEMETRICS,1697332509000,1697332576000,2,120.9,,2573205504.0,,,0.09848465055417502,0.09848465055417502,0.0,805.579392,
2016,NFCORE_CHIPSEQ:CHIPSEQ:PICARD_COLLECTMULTIPLEMETRICS,1697332505000,1697332581000,2,116.4,,2573205504.0,,,0.1081505018801,0.1081505018801,0.0,805.579392,
2021,NFCORE_CHIPSEQ:CHIPSEQ:MARK_DUPLICATES_PICARD:BAM_STATS_SAMTOOLS:SAMTOOLS_STATS,1697332528000,1697332568000,2,131.6,,1073741824.0,,,0.058356394928533346,0.058356394928533346,0.0,805.579392,
2043,NFCORE_CHIPSEQ:CHIPSEQ:PICARD_COLLECTMULTIPLEMETRICS,1697332508000,1697332589000,2,117.6,,2573205504.0,,,0.116278430819355,0.116278430819355,0.0,805.579392,
2049,NFCORE_CHIPSEQ:CHIPSEQ:MARK_DUPLICATES_PICARD:BAM_STATS_SAMTOOLS:SAMTOOLS_STATS,1697332540000,1697332578000,2,130.3,,1073741824.0,,,0.054923857502180005,0.054923857502180005,0.0,805.579392,
2067,NFCORE_CHIPSEQ:CHIPSEQ:FILTER_BAM_BAMTOOLS:BAM_SORT_SAMTOOLS:SAMTOOLS_SORT,1697332561000,1697332589000,5,405.4,,6309281792.0,,,0.13270465265565667,0.13270465265565667,0.0,805.579392,
2088,NFCORE_CHIPSEQ:CHIPSEQ:MARK_DUPLICATES_PICARD:BAM_STATS_SAMTOOLS:SAMTOOLS_FLAGSTAT,1697332561000,1697332574000,2,139.7,,1073741824.0,,,0.02006298972214333,0.02006298972214333,0.0,805.579392,
2092,NFCORE_CHIPSEQ:CHIPSEQ:FILTER_BAM_BAMTOOLS:BAM_SORT_SAMTOOLS:SAMTOOLS_SORT,1697332565000,1697332594000,5,418.0,,6309281792.0,,,0.14125134826587585,0.14125134826587585,0.0,805.579392,
2112,NFCORE_CHIPSEQ:CHIPSEQ:BEDTOOLS_GENOMECOV,1697332525000,1697332589000,2,120.3,,4567597056.0,,,0.10410233956352,0.10410233956352,0.0,805.579392,
2150,NFCORE_CHIPSEQ:CHIPSEQ:FILTER_BAM_BAMTOOLS:BAM_SORT_SAMTOOLS:BAM_STATS_SAMTOOLS:SAMTOOLS_FLAGSTAT,1697332583000,1697332593000,2,141.9,,1073741824.0,,,0.01566229551416667,0.01566229551416667,0.0,805.579392,
2155,NFCORE_CHIPSEQ:CHIPSEQ:FILTER_BAM_BAMTOOLS:BAM_SORT_SAMTOOLS:BAM_STATS_SAMTOOLS:SAMTOOLS_FLAGSTAT,1697332574000,1697332584000,2,147.2,,1073741824.0,,,0.016214522984533332,0.016214522984533332,0.0,805.579392,
2164,NFCORE_CHIPSEQ:CHIPSEQ:FILTER_BAM_BAMTOOLS:BAM_SORT_SAMTOOLS:SAMTOOLS_INDEX,1697332568000,1697332578000,2,155.2,,1073741824.0,,,0.017048073883200003,0.017048073883200003,0.0,805.579392,
2167,NFCORE_CHIPSEQ:CHIPSEQ:FILTER_BAM_BAMTOOLS:BAM_SORT_SAMTOOLS:SAMTOOLS_INDEX,1697332564000,1697332576000,2,149.8,,1073741824.0,,,0.019782512431920002,0.019782512431920002,0.0,805.579392,
2171,NFCORE_CHIPSEQ:CHIPSEQ:FILTER_BAM_BAMTOOLS:BAM_REMOVE_ORPHANS,1697332561000,1697332564000,2,68.8,,1073741824.0,,,0.0024137172532800004,0.0024137172532800004,0.0,805.579392,
2172,NFCORE_CHIPSEQ:CHIPSEQ:FILTER_BAM_BAMTOOLS:BAM_REMOVE_ORPHANS,1697332560000,1697332561000,2,23.9,,1073741824.0,,,0.0003367419758833333,0.0003367419758833333,0.0,805.579392,
2173,NFCORE_CHIPSEQ:CHIPSEQ:FILTER_BAM_BAMTOOLS:BAM_REMOVE_ORPHANS,1697332559000,1697332561000,2,12.2,,1073741824.0,,,0.00042967031390666666,0.00042967031390666666,0.0,805.579392,
2174,NFCORE_CHIPSEQ:CHIPSEQ:FILTER_BAM_BAMTOOLS:BAM_REMOVE_ORPHANS,1697332565000,1697332567000,2,23.6,,1073741824.0,,,0.0006672323200266667,0.0006672323200266667,0.0,805.579392,
2175,NFCORE_CHIPSEQ:CHIPSEQ:FILTER_BAM_BAMTOOLS:BAM_REMOVE_ORPHANS,1697332574000,1697332575000,2,77.4,,1073741824.0,,,0.0008941791393666667,0.0008941791393666667,0.0,805.579392,
2180,NFCORE_CHIPSEQ:CHIPSEQ:FILTER_BAM_BAMTOOLS:BAM_SORT_SAMTOOLS:SAMTOOLS_INDEX,1697332571000,1697332580000,2,157.1,,1073741824.0,,,0.015521437999469999,0.015521437999469999,0.0,805.579392,
2188,NFCORE_CHIPSEQ:CHIPSEQ:FILTER_BAM_BAMTOOLS:BAM_SORT_SAMTOOLS:BAM_STATS_SAMTOOLS:SAMTOOLS_FLAGSTAT,1697332578000,1697332586000,2,138.6,,1073741824.0,,,0.01225476461477333,0.01225476461477333,0.0,805.579392,
2190,NFCORE_CHIPSEQ:CHIPSEQ:FILTER_BAM_BAMTOOLS:BAM_SORT_SAMTOOLS:BAM_STATS_SAMTOOLS:SAMTOOLS_IDXSTATS,1697332579000,1697332580000,1,43.5,,1073741824.0,,,0.0005409619460566667,0.0005409619460566667,0.0,805.579392,
2191,NFCORE_CHIPSEQ:CHIPSEQ:FILTER_BAM_BAMTOOLS:BAM_SORT_SAMTOOLS:BAM_STATS_SAMTOOLS:SAMTOOLS_FLAGSTAT,1697332579000,1697332587000,2,137.5,,1073741824.0,,,0.01216307401592,0.01216307401592,0.0,805.579392,
2198,NFCORE_CHIPSEQ:CHIPSEQ:FILTER_BAM_BAMTOOLS:BAM_SORT_SAMTOOLS:BAM_STATS_SAMTOOLS:SAMTOOLS_FLAGSTAT,1697332590000,1697332598000,2,150.9,,1073741824.0,,,0.013280032220133334,0.013280032220133334,0.0,805.579392,
2199,NFCORE_CHIPSEQ:CHIPSEQ:FILTER_BAM_BAMTOOLS:BAM_SORT_SAMTOOLS:BAM_STATS_SAMTOOLS:SAMTOOLS_IDXSTATS,1697332598000,1697332598000,1,78.0,,1073741824.0,,,0.0,0.0,0.0,805.579392,
2204,NFCORE_CHIPSEQ:CHIPSEQ:FILTER_BAM_BAMTOOLS:BAM_SORT_SAMTOOLS:BAM_STATS_SAMTOOLS:SAMTOOLS_FLAGSTAT,1697332584000,1697332594000,2,150.9,,1073741824.0,,,0.016600040275166667,0.016600040275166667,0.0,805.579392,
2203,NFCORE_CHIPSEQ:CHIPSEQ:FILTER_BAM_BAMTOOLS:BAM_SORT_SAMTOOLS:BAM_STATS_SAMTOOLS:SAMTOOLS_IDXSTATS,1697332598000,1697332598000,1,104.1,,1073741824.0,,,0.0,0.0,0.0,805.579392,
2205,NFCORE_CHIPSEQ:CHIPSEQ:FILTER_BAM_BAMTOOLS:BAM_SORT_SAMTOOLS:BAM_STATS_SAMTOOLS:SAMTOOLS_IDXSTATS,1697332580000,1697332584000,1,33.9,,1073741824.0,,,0.0017637433528666666,0.0017637433528666666,0.0,805.579392,
1561,NFCORE_CHIPSEQ:CHIPSEQ:FILTER_BAM_BAMTOOLS:BAM_SORT_SAMTOOLS:SAMTOOLS_SORT,1697332564000,1697332591000,5,405.8,,6309281792.0,,,0.1280777301464175,0.1280777301464175,0.0,805.579392,
1796,NFCORE_CHIPSEQ:CHIPSEQ:FILTER_BAM_BAMTOOLS:BAM_SORT_SAMTOOLS:BAM_STATS_SAMTOOLS:SAMTOOLS_STATS,1697332570000,1697332603000,2,128.6,,1073741824.0,,,0.047112506578940005,0.047112506578940005,0.0,805.579392,
1864,NFCORE_CHIPSEQ:CHIPSEQ:MARK_DUPLICATES_PICARD:BAM_STATS_SAMTOOLS:SAMTOOLS_STATS,1697332576000,1697332603000,2,129.3,,1073741824.0,,,0.03874352269167,0.03874352269167,0.0,805.579392,
1981,NFCORE_CHIPSEQ:CHIPSEQ:FILTER_BAM_BAMTOOLS:BAM_SORT_SAMTOOLS:BAM_STATS_SAMTOOLS:SAMTOOLS_STATS,1697332575000,1697332600000,2,129.0,,1073741824.0,,,0.035795486725166664,0.035795486725166664,0.0,805.579392,
2081,NFCORE_CHIPSEQ:CHIPSEQ:PICARD_COLLECTMULTIPLEMETRICS,1697332530000,1697332605000,2,117.2,,2573205504.0,,,0.10735263213462501,0.10735263213462501,0.0,805.579392,
2085,NFCORE_CHIPSEQ:CHIPSEQ:MARK_DUPLICATES_PICARD:BAM_STATS_SAMTOOLS:SAMTOOLS_STATS,1697332559000,1697332600000,2,132.2,,1073741824.0,,,0.06007162170308666,0.06007162170308666,0.0,805.579392,
2091,NFCORE_CHIPSEQ:CHIPSEQ:MARK_DUPLICATES_PICARD:BAM_STATS_SAMTOOLS:SAMTOOLS_STATS,1697332563000,1697332602000,2,130.1,,1073741824.0,,,0.056287950960670005,0.056287950960670005,0.0,805.579392,
2139,NFCORE_CHIPSEQ:CHIPSEQ:FILTER_BAM_BAMTOOLS:BAM_SORT_SAMTOOLS:BAM_STATS_SAMTOOLS:SAMTOOLS_STATS,1697332565000,1697332601000,2,131.2,,1073741824.0,,,0.05237071627392,0.05237071627392,0.0,805.579392,
2177,NFCORE_CHIPSEQ:CHIPSEQ:FILTER_BAM_BAMTOOLS:BAM_SORT_SAMTOOLS:SAMTOOLS_INDEX,1697332593000,1697332605000,2,147.3,,1073741824.0,,,0.019469930844920002,0.019469930844920002,0.0,805.579392,
2207,NFCORE_CHIPSEQ:CHIPSEQ:FILTER_BAM_BAMTOOLS:BAM_SORT_SAMTOOLS:BAM_STATS_SAMTOOLS:SAMTOOLS_FLAGSTAT,1697332598000,1697332604000,2,139.0,,1073741824.0,,,0.00921607998804,0.00921607998804,0.0,805.579392,
2214,NFCORE_CHIPSEQ:CHIPSEQ:FILTER_BAM_BAMTOOLS:BAM_SORT_SAMTOOLS:SAMTOOLS_INDEX,1697332598000,1697332606000,2,152.8,,1073741824.0,,,0.013438406890880002,0.013438406890880002,0.0,805.579392,
2216,NFCORE_CHIPSEQ:CHIPSEQ:FILTER_BAM_BAMTOOLS:BAM_REMOVE_ORPHANS,1697332589000,1697332591000,2,28.1,,1073741824.0,,,0.0007610067961266667,0.0007610067961266667,0.0,805.579392,
2217,NFCORE_CHIPSEQ:CHIPSEQ:FILTER_BAM_BAMTOOLS:BAM_REMOVE_ORPHANS,1697332590000,1697332591000,2,45.5,,1073741824.0,,,0.0005618007185233334,0.0005618007185233334,0.0,805.579392,
2219,NFCORE_CHIPSEQ:CHIPSEQ:FILTER_BAM_BAMTOOLS:BAM_REMOVE_ORPHANS,1697332596000,1697332597000,2,36.2,,1073741824.0,,,0.0004649004265533333,0.0004649004265533333,0.0,805.579392,
2220,NFCORE_CHIPSEQ:CHIPSEQ:FILTER_BAM_BAMTOOLS:BAM_REMOVE_ORPHANS,1697332606000,1697332607000,2,53.3,,1073741824.0,,,0.0006430719311433334,0.0006430719311433334,0.0,805.579392,
2230,NFCORE_CHIPSEQ:CHIPSEQ:FILTER_BAM_BAMTOOLS:BAM_SORT_SAMTOOLS:BAM_STATS_SAMTOOLS:SAMTOOLS_IDXSTATS,1697332602000,1697332602000,1,16.1,,1073741824.0,,,0.0,0.0,0.0,805.579392,
2232,NFCORE_CHIPSEQ:CHIPSEQ:FILTER_BAM_BAMTOOLS:BAM_SORT_SAMTOOLS:BAM_STATS_SAMTOOLS:SAMTOOLS_FLAGSTAT,1697332607000,1697332615000,2,146.1,,1073741824.0,,,0.012879927788773334,0.012879927788773334,0.0,805.579392,
2241,NFCORE_CHIPSEQ:CHIPSEQ:FILTER_BAM_BAMTOOLS:BAM_SORT_SAMTOOLS:BAM_STATS_SAMTOOLS:SAMTOOLS_IDXSTATS,1697332602000,1697332607000,1,70.6,,1073741824.0,,,0.0041166365649,0.0041166365649,0.0,805.579392,
2243,NFCORE_CHIPSEQ:CHIPSEQ:FILTER_BAM_BAMTOOLS:BAM_SORT_SAMTOOLS:BAM_STATS_SAMTOOLS:SAMTOOLS_FLAGSTAT,1697332606000,1697332613000,2,146.5,,1073741824.0,,,0.01129911109663,0.01129911109663,0.0,805.579392,
1697,NFCORE_CHIPSEQ:CHIPSEQ:FILTER_BAM_BAMTOOLS:BAM_SORT_SAMTOOLS:BAM_STATS_SAMTOOLS:SAMTOOLS_STATS,1697332575000,1697332606000,2,128.8,,1073741824.0,,,0.04432180334456,0.04432180334456,0.0,805.579392,
1908,NFCORE_CHIPSEQ:CHIPSEQ:FILTER_BAM_BAMTOOLS:BAM_SORT_SAMTOOLS:SAMTOOLS_SORT,1697332594000,1697332610000,5,372.2,,6309281792.0,,,0.0702964521218,0.0702964521218,0.0,805.579392,
1973,NFCORE_CHIPSEQ:CHIPSEQ:MARK_DUPLICATES_PICARD:BAM_STATS_SAMTOOLS:SAMTOOLS_STATS,1697332578000,1697332613000,2,131.1,,1073741824.0,,,0.05087950630338334,0.05087950630338334,0.0,805.579392,
1989,NFCORE_CHIPSEQ:CHIPSEQ:PRESEQ_LCEXTRAP,1697332509000,1697332620000,2,101.2,,1073741824.0,,,0.12677981902092,0.12677981902092,0.0,805.579392,
1993,NFCORE_CHIPSEQ:CHIPSEQ:PRESEQ_LCEXTRAP,1697332509000,1697332616000,2,101.2,,1073741824.0,,,0.12221117689404004,0.12221117689404004,0.0,805.579392,
2070,NFCORE_CHIPSEQ:CHIPSEQ:PICARD_COLLECTMULTIPLEMETRICS,1697332514000,1697332623000,2,113.1,,2573205504.0,,,0.151362734994645,0.151362734994645,0.0,805.579392,
2071,NFCORE_CHIPSEQ:CHIPSEQ:PICARD_COLLECTMULTIPLEMETRICS,1697332517000,1697332614000,2,113.8,,2573205504.0,,,0.1354064239810283,0.1354064239810283,0.0,805.579392,
2170,NFCORE_CHIPSEQ:CHIPSEQ:UCSC_BEDGRAPHTOBIGWIG,1697332556000,1697332616000,1,102.3,,1073741824.0,,,0.0692173113946,0.0692173113946,0.0,805.579392,
2189,NFCORE_CHIPSEQ:CHIPSEQ:FILTER_BAM_BAMTOOLS:BAM_SORT_SAMTOOLS:BAM_STATS_SAMTOOLS:SAMTOOLS_IDXSTATS,1697332612000,1697332613000,1,41.8,,1073741824.0,,,0.0005232489894600001,0.0005232489894600001,0.0,805.579392,
2221,NFCORE_CHIPSEQ:CHIPSEQ:FILTER_BAM_BAMTOOLS:BAM_SORT_SAMTOOLS:SAMTOOLS_INDEX,1697332613000,1697332621000,2,146.5,,1073741824.0,,,0.012913269824719999,0.012913269824719999,0.0,805.579392,
2226,NFCORE_CHIPSEQ:CHIPSEQ:FILTER_BAM_BAMTOOLS:BAM_SORT_SAMTOOLS:SAMTOOLS_INDEX,1697332606000,1697332615000,2,153.3,,1073741824.0,,,0.015165094990290002,0.015165094990290002,0.0,805.579392,
2227,NFCORE_CHIPSEQ:CHIPSEQ:UCSC_BEDGRAPHTOBIGWIG,1697332611000,1697332624000,1,89.0,,1073741824.0,,,0.013195572255753331,0.013195572255753331,0.0,805.579392,
2235,NFCORE_CHIPSEQ:CHIPSEQ:FILTER_BAM_BAMTOOLS:BAM_SORT_SAMTOOLS:BAM_STATS_SAMTOOLS:SAMTOOLS_FLAGSTAT,1697332627000,1697332635000,2,144.0,,1073741824.0,,,0.012704882100053333,0.012704882100053333,0.0,805.579392,
2253,NFCORE_CHIPSEQ:CHIPSEQ:FILTER_BAM_BAMTOOLS:BAM_SORT_SAMTOOLS:SAMTOOLS_INDEX,1697332608000,1697332620000,2,152.1,,1073741824.0,,,0.02007008749196,0.02007008749196,0.0,805.579392,
2254,NFCORE_CHIPSEQ:CHIPSEQ:FILTER_BAM_BAMTOOLS:BAM_REMOVE_ORPHANS,1697332608000,1697332608000,2,39.3,,1073741824.0,,,0.0,0.0,0.0,805.579392,
2255,NFCORE_CHIPSEQ:CHIPSEQ:UCSC_BEDGRAPHTOBIGWIG,1697332607000,1697332640000,1,103.1,,1073741824.0,,,0.03834459306359,0.03834459306359,0.0,805.579392,
2258,NFCORE_CHIPSEQ:CHIPSEQ:FILTER_BAM_BAMTOOLS:BAM_SORT_SAMTOOLS:BAM_STATS_SAMTOOLS:SAMTOOLS_IDXSTATS,1697332629000,1697332630000,1,57.7,,1073741824.0,,,0.00068891723057,0.00068891723057,0.0,805.579392,
2256,NFCORE_CHIPSEQ:CHIPSEQ:FILTER_BAM_BAMTOOLS:BAM_SORT_SAMTOOLS:BAM_STATS_SAMTOOLS:SAMTOOLS_FLAGSTAT,1697332626000,1697332636000,2,139.5,,1073741824.0,,,0.015412230244566666,0.015412230244566666,0.0,805.579392,
2262,NFCORE_CHIPSEQ:CHIPSEQ:FILTER_BAM_BAMTOOLS:BAM_SORT_SAMTOOLS:BAM_STATS_SAMTOOLS:SAMTOOLS_FLAGSTAT,1697332621000,1697332629000,2,146.0,,1073741824.0,,,0.012871592279786664,0.012871592279786664,0.0,805.579392,
1808,NFCORE_CHIPSEQ:CHIPSEQ:PRESEQ_LCEXTRAP,1697332503000,1697332627000,2,100.8,,1073741824.0,,,0.14111110437610666,0.14111110437610666,0.0,805.579392,
1841,NFCORE_CHIPSEQ:CHIPSEQ:FILTER_BAM_BAMTOOLS:BAM_SORT_SAMTOOLS:SAMTOOLS_SORT,1697332593000,1697332624000,5,411.0,,6309281792.0,,,0.14873181374744082,0.14873181374744082,0.0,805.579392,
1977,NFCORE_CHIPSEQ:CHIPSEQ:FILTER_BAM_BAMTOOLS:BAM_SORT_SAMTOOLS:SAMTOOLS_SORT,1697332610000,1697332634000,5,398.7,,6309281792.0,,,0.11207140782710001,0.11207140782710001,0.0,805.579392,
1987,NFCORE_CHIPSEQ:CHIPSEQ:PRESEQ_LCEXTRAP,1697332526000,1697332645000,2,101.5,,1073741824.0,,,0.13628907536320997,0.13628907536320997,0.0,805.579392,
1990,NFCORE_CHIPSEQ:CHIPSEQ:PRESEQ_LCEXTRAP,1697332548000,1697332652000,2,100.6,,1073741824.0,,,0.11813452559791997,0.11813452559791997,0.0,805.579392,
2002,NFCORE_CHIPSEQ:CHIPSEQ:PICARD_COLLECTMULTIPLEMETRICS,1697332532000,1697332633000,2,116.4,,2573205504.0,,,0.14372632486697498,0.14372632486697498,0.0,805.579392,
2005,NFCORE_CHIPSEQ:CHIPSEQ:PICARD_COLLECTMULTIPLEMETRICS,1697332523000,1697332644000,2,110.5,,2573205504.0,,,0.16474858342449836,0.16474858342449836,0.0,805.579392,
2009,NFCORE_CHIPSEQ:CHIPSEQ:PICARD_COLLECTMULTIPLEMETRICS,1697332519000,1697332648000,2,108.0,,2573205504.0,,,0.172280799689835,0.172280799689835,0.0,805.579392,
2011,NFCORE_CHIPSEQ:CHIPSEQ:MULTIQC_CUSTOM_PEAKS,1697332625000,1697332626000,2,76.8,,1073741824.0,,,0.0008879275076266667,0.0008879275076266667,0.0,805.579392,
2023,NFCORE_CHIPSEQ:CHIPSEQ:MARK_DUPLICATES_PICARD:BAM_STATS_SAMTOOLS:SAMTOOLS_IDXSTATS,1697332652000,1697332653000,2,46.9,,1073741824.0,,,0.0005763878592500001,0.0005763878592500001,0.0,805.579392,
2024,NFCORE_CHIPSEQ:CHIPSEQ:FILTER_BAM_BAMTOOLS:BAM_FILTER,1697332500000,1697332651000,2,133.7,,1073741824.0,,,0.2235993782298033,0.2235993782298033,0.0,805.579392,
2051,NFCORE_CHIPSEQ:CHIPSEQ:MARK_DUPLICATES_PICARD:BAM_STATS_SAMTOOLS:SAMTOOLS_IDXSTATS,1697332643000,1697332643000,2,111.3,,1073741824.0,,,0.0,0.0,0.0,805.579392,
2050,NFCORE_CHIPSEQ:CHIPSEQ:MARK_DUPLICATES_PICARD:BAM_STATS_SAMTOOLS:SAMTOOLS_FLAGSTAT,1697332632000,1697332642000,2,147.4,,1073741824.0,,,0.016235361757,0.016235361757,0.0,805.579392,
2098,NFCORE_CHIPSEQ:CHIPSEQ:MACS2_CALLPEAK,1697332523000,1697332651000,1,99.6,,1892679680.0,,,0.15262619046858666,0.15262619046858666,0.0,805.579392,
2099,NFCORE_CHIPSEQ:CHIPSEQ:FILTER_BAM_BAMTOOLS:BAM_SORT_SAMTOOLS:BAM_STATS_SAMTOOLS:SAMTOOLS_STATS,1697332617000,1697332642000,2,128.6,,1073741824.0,,,0.03569129286283333,0.03569129286283333,0.0,805.579392,
2105,NFCORE_CHIPSEQ:CHIPSEQ:MARK_DUPLICATES_PICARD:BAM_STATS_SAMTOOLS:SAMTOOLS_IDXSTATS,1697332632000,1697332632000,2,116.4,,1073741824.0,,,0.0,0.0,0.0,805.579392,
2117,NFCORE_CHIPSEQ:CHIPSEQ:PICARD_COLLECTMULTIPLEMETRICS,1697332546000,1697332642000,2,114.7,,2573205504.0,,,0.13491071643632002,0.13491071643632002,0.0,805.579392,
2119,NFCORE_CHIPSEQ:CHIPSEQ:PICARD_COLLECTMULTIPLEMETRICS,1697332550000,1697332651000,2,114.8,,2573205504.0,,,0.14204255205166832,0.14204255205166832,0.0,805.579392,
2132,NFCORE_CHIPSEQ:CHIPSEQ:PICARD_COLLECTMULTIPLEMETRICS,1697332565000,1697332656000,2,115.8,,2573205504.0,,,0.128927097183885,0.128927097183885,0.0,805.579392,
2137,NFCORE_CHIPSEQ:CHIPSEQ:MARK_DUPLICATES_PICARD:BAM_STATS_SAMTOOLS:SAMTOOLS_IDXSTATS,1697332661000,1697332661000,2,106.0,,1073741824.0,,,0.0,0.0,0.0,805.579392,
2135,NFCORE_CHIPSEQ:CHIPSEQ:MARK_DUPLICATES_PICARD:BAM_STATS_SAMTOOLS:SAMTOOLS_FLAGSTAT,1697332645000,1697332656000,2,146.0,,1073741824.0,,,0.01769843938470667,0.01769843938470667,0.0,805.579392,
2147,NFCORE_CHIPSEQ:CHIPSEQ:FILTER_BAM_BAMTOOLS:BAM_SORT_SAMTOOLS:BAM_STATS_SAMTOOLS:SAMTOOLS_STATS,1697332595000,1697332629000,2,129.4,,1073741824.0,,,0.048823565599,0.048823565599,0.0,805.579392,
2149,NFCORE_CHIPSEQ:CHIPSEQ:FILTER_BAM_BAMTOOLS:BAM_SORT_SAMTOOLS:BAM_STATS_SAMTOOLS:SAMTOOLS_STATS,1697332599000,1697332638000,2,131.2,,1073741824.0,,,0.05673494263008,0.05673494263008,0.0,805.579392,
2153,NFCORE_CHIPSEQ:CHIPSEQ:FILTER_BAM_BAMTOOLS:BAM_SORT_SAMTOOLS:BAM_STATS_SAMTOOLS:SAMTOOLS_STATS,1697332585000,1697332629000,2,130.9,,1073741824.0,,,0.0638711173254,0.0638711173254,0.0,805.579392,
2176,NFCORE_CHIPSEQ:CHIPSEQ:PICARD_COLLECTMULTIPLEMETRICS,1697332570000,1697332664000,2,116.9,,2573205504.0,,,0.1342548055836167,0.1342548055836167,0.0,805.579392,
2183,NFCORE_CHIPSEQ:CHIPSEQ:MARK_DUPLICATES_PICARD:BAM_STATS_SAMTOOLS:SAMTOOLS_IDXSTATS,1697332665000,1697332665000,2,78.0,,1073741824.0,,,0.0,0.0,0.0,805.579392,
2186,NFCORE_CHIPSEQ:CHIPSEQ:MARK_DUPLICATES_PICARD:BAM_STATS_SAMTOOLS:SAMTOOLS_FLAGSTAT,1697332648000,1697332660000,2,146.6,,1073741824.0,,,0.01938240800056,0.01938240800056,0.0,805.579392,
2187,NFCORE_CHIPSEQ:CHIPSEQ:FILTER_BAM_BAMTOOLS:BAM_SORT_SAMTOOLS:BAM_STATS_SAMTOOLS:SAMTOOLS_STATS,1697332616000,1697332645000,2,130.8,,1073741824.0,,,0.04206665656257334,0.04206665656257334,0.0,805.579392,
2195,NFCORE_CHIPSEQ:CHIPSEQ:FILTER_BAM_BAMTOOLS:BAM_SORT_SAMTOOLS:SAMTOOLS_SORT,1697332604000,1697332631000,5,439.4,,6309281792.0,,,0.1375301973372975,0.1375301973372975,0.0,805.579392,
2215,NFCORE_CHIPSEQ:CHIPSEQ:UCSC_BEDGRAPHTOBIGWIG,1697332602000,1697332665000,1,101.8,,1073741824.0,,,0.07234996629798,0.07234996629798,0.0,805.579392,
2233,NFCORE_CHIPSEQ:CHIPSEQ:FILTER_BAM_BAMTOOLS:BAM_SORT_SAMTOOLS:BAM_STATS_SAMTOOLS:SAMTOOLS_IDXSTATS,1697332655000,1697332656000,1,32.8,,1073741824.0,,,0.00042947451335999996,0.00042947451335999996,0.0,805.579392,
2237,NFCORE_CHIPSEQ:CHIPSEQ:FILTER_BAM_BAMTOOLS:BAM_SORT_SAMTOOLS:SAMTOOLS_SORT,1697332630000,1697332657000,5,410.2,,6309281792.0,,,0.1293155532309375,0.1293155532309375,0.0,805.579392,
2238,NFCORE_CHIPSEQ:CHIPSEQ:FILTER_BAM_BAMTOOLS:BAM_SORT_SAMTOOLS:SAMTOOLS_SORT,1697332628000,1697332657000,5,433.1,,6309281792.0,,,0.1458139974974525,0.1458139974974525,0.0,805.579392,
2260,NFCORE_CHIPSEQ:CHIPSEQ:FILTER_BAM_BAMTOOLS:BAM_SORT_SAMTOOLS:BAM_STATS_SAMTOOLS:SAMTOOLS_IDXSTATS,1697332661000,1697332661000,1,81.2,,1073741824.0,,,0.0,0.0,0.0,805.579392,
2266,NFCORE_CHIPSEQ:CHIPSEQ:FILTER_BAM_BAMTOOLS:BAM_SORT_SAMTOOLS:SAMTOOLS_SORT,1697332631000,1697332661000,5,408.9,,6309281792.0,,,0.143277591971275,0.143277591971275,0.0,805.579392,
2267,NFCORE_CHIPSEQ:CHIPSEQ:FILTER_BAM_BAMTOOLS:BAM_SORT_SAMTOOLS:SAMTOOLS_SORT,1697332634000,1697332665000,5,446.6,,6309281792.0,,,0.1602306483945475,0.1602306483945475,0.0,805.579392,
2268,NFCORE_CHIPSEQ:CHIPSEQ:FILTER_BAM_BAMTOOLS:BAM_SORT_SAMTOOLS:SAMTOOLS_SORT,1697332638000,1697332663000,5,419.8,,6309281792.0,,,0.12223727605797917,0.12223727605797917,0.0,805.579392,
2272,NFCORE_CHIPSEQ:CHIPSEQ:FILTER_BAM_BAMTOOLS:BAM_REMOVE_ORPHANS,1697332645000,1697332646000,2,44.4,,1073741824.0,,,0.0005503393936666666,0.0005503393936666666,0.0,805.579392,
2274,NFCORE_CHIPSEQ:CHIPSEQ:FILTER_BAM_BAMTOOLS:BAM_SORT_SAMTOOLS:SAMTOOLS_INDEX,1697332626000,1697332636000,2,146.2,,1073741824.0,,,0.0161103291222,0.0161103291222,0.0,805.579392,
2276,NFCORE_CHIPSEQ:CHIPSEQ:FILTER_BAM_BAMTOOLS:BAM_REMOVE_ORPHANS,1697332625000,1697332627000,2,33.9,,1073741824.0,,,0.0008818716764333333,0.0008818716764333333,0.0,805.579392,
2280,NFCORE_CHIPSEQ:CHIPSEQ:FILTER_BAM_BAMTOOLS:BAM_SORT_SAMTOOLS:BAM_STATS_SAMTOOLS:SAMTOOLS_IDXSTATS,1697332637000,1697332638000,1,11.6,,1073741824.0,,,0.0002085835252133333,0.0002085835252133333,0.0,805.579392,
2279,NFCORE_CHIPSEQ:CHIPSEQ:FILTER_BAM_BAMTOOLS:BAM_SORT_SAMTOOLS:BAM_STATS_SAMTOOLS:SAMTOOLS_FLAGSTAT,1697332639000,1697332647000,2,132.0,,1073741824.0,,,0.011704621021653332,0.011704621021653332,0.0,805.579392,
2283,NFCORE_CHIPSEQ:CHIPSEQ:FILTER_BAM_BAMTOOLS:BAM_SORT_SAMTOOLS:BAM_STATS_SAMTOOLS:SAMTOOLS_FLAGSTAT,1697332636000,1697332648000,2,143.6,,1073741824.0,,,0.01900731009616,0.01900731009616,0.0,805.579392,
2281,NFCORE_CHIPSEQ:CHIPSEQ:FILTER_BAM_BAMTOOLS:BAM_SORT_SAMTOOLS:BAM_STATS_SAMTOOLS:SAMTOOLS_IDXSTATS,1697332661000,1697332662000,1,64.0,,1073741824.0,,,0.00075455936384,0.00075455936384,0.0,805.579392,
2290,NFCORE_CHIPSEQ:CHIPSEQ:FILTER_BAM_BAMTOOLS:BAM_SORT_SAMTOOLS:BAM_STATS_SAMTOOLS:SAMTOOLS_IDXSTATS,1697332643000,1697332644000,1,40.5,,1073741824.0,,,0.0005097037873566668,0.0005097037873566668,0.0,805.579392,
2288,NFCORE_CHIPSEQ:CHIPSEQ:FILTER_BAM_BAMTOOLS:BAM_SORT_SAMTOOLS:BAM_STATS_SAMTOOLS:SAMTOOLS_FLAGSTAT,1697332650000,1697332659000,2,145.0,,1073741824.0,,,0.014386766838660003,0.014386766838660003,0.0,805.579392,
1827,NFCORE_CHIPSEQ:CHIPSEQ:PRESEQ_LCEXTRAP,1697332590000,1697332662000,2,100.6,,1073741824.0,,,0.08178544079856,0.08178544079856,0.0,805.579392,
1965,NFCORE_CHIPSEQ:CHIPSEQ:MULTIQC_CUSTOM_PEAKS,1697332667000,1697332667000,2,71.1,,1073741824.0,,,0.0,0.0,0.0,805.579392,
1995,NFCORE_CHIPSEQ:CHIPSEQ:PRESEQ_LCEXTRAP,1697332564000,1697332666000,2,102.1,,1073741824.0,,,0.11745687389165997,0.11745687389165997,0.0,805.579392,
2022,NFCORE_CHIPSEQ:CHIPSEQ:MARK_DUPLICATES_PICARD:BAM_STATS_SAMTOOLS:SAMTOOLS_FLAGSTAT,1697332657000,1697332670000,2,149.1,,1073741824.0,,,0.021336238719856664,0.021336238719856664,0.0,805.579392,
2020,NFCORE_CHIPSEQ:CHIPSEQ:FILTER_BAM_BAMTOOLS:BAM_FILTER,1697332505000,1697332672000,2,136.4,,1073741824.0,,,0.2519901288312667,0.2519901288312667,0.0,805.579392,
2048,NFCORE_CHIPSEQ:CHIPSEQ:FILTER_BAM_BAMTOOLS:BAM_FILTER,1697332510000,1697332684000,2,136.9,,1073741824.0,,,0.2634590759235,0.2634590759235,0.0,805.579392,
2077,NFCORE_CHIPSEQ:CHIPSEQ:PICARD_COLLECTMULTIPLEMETRICS,1697332540000,1697332661000,2,112.2,,2573205504.0,,,0.16689185117269498,0.16689185117269498,0.0,805.579392,
2078,NFCORE_CHIPSEQ:CHIPSEQ:PICARD_COLLECTMULTIPLEMETRICS,1697332540000,1697332672000,2,111.5,,2573205504.0,,,0.18110108635497998,0.18110108635497998,0.0,805.579392,
2106,NFCORE_CHIPSEQ:CHIPSEQ:MARK_DUPLICATES_PICARD:BAM_STATS_SAMTOOLS:SAMTOOLS_FLAGSTAT,1697332662000,1697332673000,2,144.6,,1073741824.0,,,0.017537980836713332,0.017537980836713332,0.0,805.579392,
2107,NFCORE_CHIPSEQ:CHIPSEQ:MARK_DUPLICATES_PICARD:BAM_STATS_SAMTOOLS:SAMTOOLS_STATS,1697332631000,1697332673000,2,131.7,,1073741824.0,,,0.06131797609713999,0.06131797609713999,0.0,805.579392,
2108,NFCORE_CHIPSEQ:CHIPSEQ:FILTER_BAM_BAMTOOLS:BAM_SORT_SAMTOOLS:SAMTOOLS_SORT,1697332658000,1697332682000,5,391.6,,6309281792.0,,,0.11029594441294001,0.11029594441294001,0.0,805.579392,
2136,NFCORE_CHIPSEQ:CHIPSEQ:MARK_DUPLICATES_PICARD:BAM_STATS_SAMTOOLS:SAMTOOLS_STATS,1697332646000,1697332684000,2,132.0,,1073741824.0,,,0.055596949852853336,0.055596949852853336,0.0,805.579392,
2165,NFCORE_CHIPSEQ:CHIPSEQ:PICARD_COLLECTMULTIPLEMETRICS,1697332584000,1697332674000,2,114.9,,2573205504.0,,,0.12666634561125,0.12666634561125,0.0,805.579392,
2168,NFCORE_CHIPSEQ:CHIPSEQ:PICARD_COLLECTMULTIPLEMETRICS,1697332591000,1697332682000,2,116.2,,2573205504.0,,,0.12930636284277833,0.12930636284277833,0.0,805.579392,
2291,NFCORE_CHIPSEQ:CHIPSEQ:FILTER_BAM_BAMTOOLS:BAM_SORT_SAMTOOLS:SAMTOOLS_SORT,1697332662000,1697332676000,5,413.8,,6309281792.0,,,0.06757764614886833,0.06757764614886833,0.0,805.579392,
2298,NFCORE_CHIPSEQ:CHIPSEQ:FILTER_BAM_BAMTOOLS:BAM_REMOVE_ORPHANS,1697332649000,1697332651000,2,10.3,,1073741824.0,,,0.00039007664622,0.00039007664622,0.0,805.579392,
2299,NFCORE_CHIPSEQ:CHIPSEQ:FILTER_BAM_BAMTOOLS:BAM_REMOVE_ORPHANS,1697332657000,1697332657000,2,59.3,,1073741824.0,,,0.0,0.0,0.0,805.579392,
2302,NFCORE_CHIPSEQ:CHIPSEQ:FILTER_BAM_BAMTOOLS:BAM_SORT_SAMTOOLS:SAMTOOLS_INDEX,1697332662000,1697332673000,2,147.1,,1073741824.0,,,0.01782451395813,0.01782451395813,0.0,805.579392,
2303,NFCORE_CHIPSEQ:CHIPSEQ:FILTER_BAM_BAMTOOLS:BAM_REMOVE_ORPHANS,1697332652000,1697332653000,2,22.3,,1073741824.0,,,0.00032007095790999995,0.00032007095790999995,0.0,805.579392,
2304,NFCORE_CHIPSEQ:CHIPSEQ:FILTER_BAM_BAMTOOLS:BAM_REMOVE_ORPHANS,1697332655000,1697332656000,2,17.2,,1073741824.0,,,0.00026693208812,0.00026693208812,0.0,805.579392,
2305,NFCORE_CHIPSEQ:CHIPSEQ:FILTER_BAM_BAMTOOLS:BAM_REMOVE_ORPHANS,1697332661000,1697332662000,2,58.4,,1073741824.0,,,0.0006962108009333333,0.0006962108009333333,0.0,805.579392,
2307,NFCORE_CHIPSEQ:CHIPSEQ:FILTER_BAM_BAMTOOLS:BAM_SORT_SAMTOOLS:SAMTOOLS_INDEX,1697332656000,1697332664000,2,152.6,,1073741824.0,,,0.013421735872906668,0.013421735872906668,0.0,805.579392,
2310,NFCORE_CHIPSEQ:CHIPSEQ:FILTER_BAM_BAMTOOLS:BAM_REMOVE_ORPHANS,1697332659000,1697332660000,2,20.8,,1073741824.0,,,0.00030444187856,0.00030444187856,0.0,805.579392,
2315,NFCORE_CHIPSEQ:CHIPSEQ:FILTER_BAM_BAMTOOLS:BAM_SORT_SAMTOOLS:SAMTOOLS_INDEX,1697332670000,1697332680000,2,145.8,,1073741824.0,,,0.016068651577266668,0.016068651577266668,0.0,805.579392,
2317,NFCORE_CHIPSEQ:CHIPSEQ:FILTER_BAM_BAMTOOLS:BAM_SORT_SAMTOOLS:SAMTOOLS_INDEX,1697332671000,1697332682000,2,148.5,,1073741824.0,,,0.017984972506123333,0.017984972506123333,0.0,805.579392,
2321,NFCORE_CHIPSEQ:CHIPSEQ:FILTER_BAM_BAMTOOLS:BAM_SORT_SAMTOOLS:SAMTOOLS_INDEX,1697332678000,1697332688000,2,151.9,,1073741824.0,,,0.016704234137500003,0.016704234137500003,0.0,805.579392,
2326,NFCORE_CHIPSEQ:CHIPSEQ:FILTER_BAM_BAMTOOLS:BAM_SORT_SAMTOOLS:SAMTOOLS_INDEX,1697332683000,1697332693000,2,137.1,,1073741824.0,,,0.01516216497496667,0.01516216497496667,0.0,805.579392,
2334,NFCORE_CHIPSEQ:CHIPSEQ:FILTER_BAM_BAMTOOLS:BAM_SORT_SAMTOOLS:BAM_STATS_SAMTOOLS:SAMTOOLS_FLAGSTAT,1697332680000,1697332687000,2,135.9,,1073741824.0,,,0.010525992638116669,0.010525992638116669,0.0,805.579392,
1453,NFCORE_CHIPSEQ:CHIPSEQ:FILTER_BAM_BAMTOOLS:BAM_SORT_SAMTOOLS:SAMTOOLS_SORT,1697332669000,1697332694000,5,394.3,,6309281792.0,,,0.11559491733422918,0.11559491733422918,0.0,805.579392,
1840,NFCORE_CHIPSEQ:CHIPSEQ:FILTER_BAM_BAMTOOLS:BAM_SORT_SAMTOOLS:SAMTOOLS_SORT,1697332667000,1697332695000,5,418.6,,6309281792.0,,,0.13655565780749668,0.13655565780749668,0.0,805.579392,
2028,NFCORE_CHIPSEQ:CHIPSEQ:FILTER_BAM_BAMTOOLS:BAM_SORT_SAMTOOLS:SAMTOOLS_SORT,1697332671000,1697332695000,5,407.2,,6309281792.0,,,0.11419696261870001,0.11419696261870001,0.0,805.579392,
2087,NFCORE_CHIPSEQ:CHIPSEQ:FILTER_BAM_BAMTOOLS:BAM_FILTER,1697332519000,1697332691000,2,137.0,,1073741824.0,,,0.26061002412621337,0.26061002412621337,0.0,805.579392,
2090,NFCORE_CHIPSEQ:CHIPSEQ:FILTER_BAM_BAMTOOLS:BAM_FILTER,1697332523000,1697332690000,2,137.3,,1073741824.0,,,0.2535561625821367,0.2535561625821367,0.0,805.579392,
2093,NFCORE_CHIPSEQ:CHIPSEQ:FILTER_BAM_BAMTOOLS:BAM_SORT_SAMTOOLS:SAMTOOLS_SORT,1697332667000,1697332694000,5,392.9,,6309281792.0,,,0.12444865792134749,0.12444865792134749,0.0,805.579392,
2115,NFCORE_CHIPSEQ:CHIPSEQ:PRESEQ_LCEXTRAP,1697332555000,1697332692000,2,102.0,,1073741824.0,,,0.15761795757681335,0.15761795757681335,0.0,805.579392,
2184,NFCORE_CHIPSEQ:CHIPSEQ:MARK_DUPLICATES_PICARD:BAM_STATS_SAMTOOLS:SAMTOOLS_STATS,1697332648000,1697332694000,2,132.4,,1073741824.0,,,0.0674932875812,0.0674932875812,0.0,805.579392,
2202,NFCORE_CHIPSEQ:CHIPSEQ:FILTER_BAM_BAMTOOLS:BAM_SORT_SAMTOOLS:BAM_STATS_SAMTOOLS:SAMTOOLS_STATS,1697332650000,1697332696000,2,132.1,,1073741824.0,,,0.06734950005118,0.06734950005118,0.0,805.579392,
2231,NFCORE_CHIPSEQ:CHIPSEQ:FILTER_BAM_BAMTOOLS:BAM_SORT_SAMTOOLS:BAM_STATS_SAMTOOLS:SAMTOOLS_STATS,1697332666000,1697332700000,2,129.6,,1073741824.0,,,0.04889441742538666,0.04889441742538666,0.0,805.579392,
2234,NFCORE_CHIPSEQ:CHIPSEQ:FILTER_BAM_BAMTOOLS:BAM_SORT_SAMTOOLS:BAM_STATS_SAMTOOLS:SAMTOOLS_STATS,1697332669000,1697332699000,2,129.7,,1073741824.0,,,0.043173391181099995,0.043173391181099995,0.0,805.579392,
2325,NFCORE_CHIPSEQ:CHIPSEQ:FILTER_BAM_BAMTOOLS:BAM_SORT_SAMTOOLS:SAMTOOLS_INDEX,1697332685000,1697332696000,2,141.7,,1073741824.0,,,0.01720560241587,0.01720560241587,0.0,805.579392,
2329,NFCORE_CHIPSEQ:CHIPSEQ:FILTER_BAM_BAMTOOLS:BAM_SORT_SAMTOOLS:SAMTOOLS_INDEX,1697332690000,1697332698000,2,159.1,,1073741824.0,,,0.013963543957040001,0.013963543957040001,0.0,805.579392,
2347,NFCORE_CHIPSEQ:CHIPSEQ:FILTER_BAM_BAMTOOLS:BAM_REMOVE_ORPHANS,1697332685000,1697332686000,2,24.2,,1073741824.0,,,0.0003398677917533333,0.0003398677917533333,0.0,805.579392,
2348,NFCORE_CHIPSEQ:CHIPSEQ:FILTER_BAM_BAMTOOLS:BAM_REMOVE_ORPHANS,1697332690000,1697332692000,2,3.9,,1073741824.0,,,0.00025670850243333335,0.00025670850243333335,0.0,805.579392,
2349,NFCORE_CHIPSEQ:CHIPSEQ:FILTER_BAM_BAMTOOLS:BAM_REMOVE_ORPHANS,1697332691000,1697332693000,2,6.6,,1073741824.0,,,0.0003129731880933333,0.0003129731880933333,0.0,805.579392,
2350,NFCORE_CHIPSEQ:CHIPSEQ:FILTER_BAM_BAMTOOLS:BAM_REMOVE_ORPHANS,1697332693000,1697332693000,2,10.0,,1073741824.0,,,0.0,0.0,0.0,805.579392,
2351,NFCORE_CHIPSEQ:CHIPSEQ:FILTER_BAM_BAMTOOLS:BAM_REMOVE_ORPHANS,1697332698000,1697332699000,2,41.9,,1073741824.0,,,0.0005242909280833334,0.0005242909280833334,0.0,805.579392,
2352,NFCORE_CHIPSEQ:CHIPSEQ:FILTER_BAM_BAMTOOLS:BAM_REMOVE_ORPHANS,1697332700000,1697332700000,2,115.7,,1073741824.0,,,0.0,0.0,0.0,805.579392,
2353,NFCORE_CHIPSEQ:CHIPSEQ:FILTER_BAM_BAMTOOLS:BAM_REMOVE_ORPHANS,1697332702000,1697332703000,2,64.0,,1073741824.0,,,0.00075455936384,0.00075455936384,0.0,805.579392,
2359,NFCORE_CHIPSEQ:CHIPSEQ:FILTER_BAM_BAMTOOLS:BAM_SORT_SAMTOOLS:SAMTOOLS_INDEX,1697332694000,1697332701000,2,149.8,,1073741824.0,,,0.01153979891862,0.01153979891862,0.0,805.579392,
2383,NFCORE_CHIPSEQ:CHIPSEQ:FILTER_BAM_BAMTOOLS:BAM_SORT_SAMTOOLS:BAM_STATS_SAMTOOLS:SAMTOOLS_IDXSTATS,1697332696000,1697332696000,1,36.7,,1073741824.0,,,0.0,0.0,0.0,805.579392,
2389,NFCORE_CHIPSEQ:CHIPSEQ:FILTER_BAM_BAMTOOLS:BAM_SORT_SAMTOOLS:BAM_STATS_SAMTOOLS:SAMTOOLS_IDXSTATS,1697332700000,1697332700000,1,48.5,,1073741824.0,,,0.0,0.0,0.0,805.579392,
2396,NFCORE_CHIPSEQ:CHIPSEQ:FILTER_BAM_BAMTOOLS:BAM_SORT_SAMTOOLS:BAM_STATS_SAMTOOLS:SAMTOOLS_IDXSTATS,1697332699000,1697332700000,1,47.2,,1073741824.0,,,0.0005795136751200001,0.0005795136751200001,0.0,805.579392,
1732,NFCORE_CHIPSEQ:CHIPSEQ:FILTER_BAM_BAMTOOLS:BAM_SORT_SAMTOOLS:SAMTOOLS_SORT,1697332669000,1697332695000,5,439.6,,6309281792.0,,,0.13249066713321833,0.13249066713321833,0.0,805.579392,
2053,NFCORE_CHIPSEQ:CHIPSEQ:MACS2_CALLPEAK,1697332550000,1697332699000,1,100.2,,1892679680.0,,,0.17859791797159918,0.17859791797159918,0.0,805.579392,
2104,NFCORE_CHIPSEQ:CHIPSEQ:FILTER_BAM_BAMTOOLS:BAM_FILTER,1697332526000,1697332706000,2,136.2,,1073741824.0,,,0.2712310289796,0.2712310289796,0.0,805.579392,
2127,NFCORE_CHIPSEQ:CHIPSEQ:PICARD_COLLECTMULTIPLEMETRICS,1697332570000,1697332702000,2,112.7,,2573205504.0,,,0.18275151713433999,0.18275151713433999,0.0,805.579392,
2144,NFCORE_CHIPSEQ:CHIPSEQ:FILTER_BAM_BAMTOOLS:BAM_SORT_SAMTOOLS:BAM_STATS_SAMTOOLS:SAMTOOLS_STATS,1697332667000,1697332704000,2,130.6,,1073741824.0,,,0.053594148018260006,0.053594148018260006,0.0,805.579392,
2265,NFCORE_CHIPSEQ:CHIPSEQ:FILTER_BAM_BAMTOOLS:BAM_SORT_SAMTOOLS:SAMTOOLS_SORT,1697332678000,1697332708000,5,431.9,,6309281792.0,,,0.15046696847227498,0.15046696847227498,0.0,805.579392,
2282,NFCORE_CHIPSEQ:CHIPSEQ:FILTER_BAM_BAMTOOLS:BAM_SORT_SAMTOOLS:BAM_STATS_SAMTOOLS:SAMTOOLS_STATS,1697332667000,1697332706000,2,131.5,,1073741824.0,,,0.05685684944901,0.05685684944901,0.0,805.579392,
2346,NFCORE_CHIPSEQ:CHIPSEQ:FILTER_BAM_BAMTOOLS:BAM_REMOVE_ORPHANS,1697332710000,1697332710000,2,60.0,,1073741824.0,,,0.0,0.0,0.0,805.579392,
2356,NFCORE_CHIPSEQ:CHIPSEQ:FILTER_BAM_BAMTOOLS:BAM_SORT_SAMTOOLS:SAMTOOLS_INDEX,1697332699000,1697332707000,2,146.0,,1073741824.0,,,0.012871592279786664,0.012871592279786664,0.0,805.579392,
2363,NFCORE_CHIPSEQ:CHIPSEQ:FILTER_BAM_BAMTOOLS:BAM_SORT_SAMTOOLS:BAM_STATS_SAMTOOLS:SAMTOOLS_FLAGSTAT,1697332696000,1697332706000,2,145.2,,1073741824.0,,,0.016006135259866668,0.016006135259866668,0.0,805.579392,
2368,NFCORE_CHIPSEQ:CHIPSEQ:FILTER_BAM_BAMTOOLS:BAM_SORT_SAMTOOLS:BAM_STATS_SAMTOOLS:SAMTOOLS_FLAGSTAT,1697332700000,1697332708000,2,136.4,,1073741824.0,,,0.01207138341706667,0.01207138341706667,0.0,805.579392,
2384,NFCORE_CHIPSEQ:CHIPSEQ:FILTER_BAM_BAMTOOLS:BAM_SORT_SAMTOOLS:BAM_STATS_SAMTOOLS:SAMTOOLS_FLAGSTAT,1697332697000,1697332708000,2,140.9,,1073741824.0,,,0.01711391181701667,0.01711391181701667,0.0,805.579392,
2387,NFCORE_CHIPSEQ:CHIPSEQ:FILTER_BAM_BAMTOOLS:BAM_SORT_SAMTOOLS:BAM_STATS_SAMTOOLS:SAMTOOLS_FLAGSTAT,1697332700000,1697332709000,2,136.5,,1073741824.0,,,0.013589683791810001,0.013589683791810001,0.0,805.579392,
2392,NFCORE_CHIPSEQ:CHIPSEQ:FILTER_BAM_BAMTOOLS:BAM_SORT_SAMTOOLS:BAM_STATS_SAMTOOLS:SAMTOOLS_FLAGSTAT,1697332703000,1697332712000,2,147.5,,1073741824.0,,,0.01462120302891,0.01462120302891,0.0,805.579392,
2397,NFCORE_CHIPSEQ:CHIPSEQ:FILTER_BAM_BAMTOOLS:BAM_SORT_SAMTOOLS:BAM_STATS_SAMTOOLS:SAMTOOLS_FLAGSTAT,1697332697000,1697332707000,2,143.0,,1073741824.0,,,0.01577690876273333,0.01577690876273333,0.0,805.579392,
2399,NFCORE_CHIPSEQ:CHIPSEQ:FILTER_BAM_BAMTOOLS:BAM_SORT_SAMTOOLS:SAMTOOLS_INDEX,1697332700000,1697332708000,2,147.2,,1073741824.0,,,0.012971618387626666,0.012971618387626666,0.0,805.579392,
2404,NFCORE_CHIPSEQ:CHIPSEQ:FILTER_BAM_BAMTOOLS:BAM_SORT_SAMTOOLS:SAMTOOLS_INDEX,1697332699000,1697332708000,2,150.9,,1073741824.0,,,0.014940036247650001,0.014940036247650001,0.0,805.579392,
2407,NFCORE_CHIPSEQ:CHIPSEQ:FILTER_BAM_BAMTOOLS:BAM_SORT_SAMTOOLS:SAMTOOLS_INDEX,1697332700000,1697332707000,2,149.6,,1073741824.0,,,0.011525211777893334,0.011525211777893334,0.0,805.579392,
2409,NFCORE_CHIPSEQ:CHIPSEQ:FILTER_BAM_BAMTOOLS:BAM_REMOVE_ORPHANS,1697332710000,1697332711000,2,30.6,,1073741824.0,,,0.0004065518636466667,0.0004065518636466667,0.0,805.579392,
2410,NFCORE_CHIPSEQ:CHIPSEQ:FILTER_BAM_BAMTOOLS:BAM_REMOVE_ORPHANS,1697332711000,1697332714000,2,35.8,,1073741824.0,,,0.0013821980161800001,0.0013821980161800001,0.0,805.579392,
2411,NFCORE_CHIPSEQ:CHIPSEQ:FILTER_BAM_BAMTOOLS:BAM_SORT_SAMTOOLS:SAMTOOLS_INDEX,1697332701000,1697332709000,2,144.3,,1073741824.0,,,0.012729888627013332,0.012729888627013332,0.0,805.579392,
2416,NFCORE_CHIPSEQ:CHIPSEQ:FILTER_BAM_BAMTOOLS:BAM_SORT_SAMTOOLS:BAM_STATS_SAMTOOLS:SAMTOOLS_FLAGSTAT,1697332708000,1697332720000,2,138.6,,1073741824.0,,,0.01838214692216,0.01838214692216,0.0,805.579392,
2414,NFCORE_CHIPSEQ:CHIPSEQ:FILTER_BAM_BAMTOOLS:BAM_SORT_SAMTOOLS:BAM_STATS_SAMTOOLS:SAMTOOLS_IDXSTATS,1697332711000,1697332713000,1,16.1,,1073741824.0,,,0.0005109415265266667,0.0005109415265266667,0.0,805.579392,
2421,NFCORE_CHIPSEQ:CHIPSEQ:FILTER_BAM_BAMTOOLS:BAM_SORT_SAMTOOLS:BAM_STATS_SAMTOOLS:SAMTOOLS_FLAGSTAT,1697332708000,1697332716000,2,138.9,,1073741824.0,,,0.012279771141733335,0.012279771141733335,0.0,805.579392,
2422,NFCORE_CHIPSEQ:CHIPSEQ:FILTER_BAM_BAMTOOLS:BAM_SORT_SAMTOOLS:BAM_STATS_SAMTOOLS:SAMTOOLS_IDXSTATS,1697332707000,1697332708000,1,64.3,,1073741824.0,,,0.00075768517971,0.00075768517971,0.0,805.579392,
2432,NFCORE_CHIPSEQ:CHIPSEQ:FILTER_BAM_BAMTOOLS:BAM_SORT_SAMTOOLS:BAM_STATS_SAMTOOLS:SAMTOOLS_FLAGSTAT,1697332710000,1697332715000,2,144.4,,1073741824.0,,,0.007961390085000002,0.007961390085000002,0.0,805.579392,
2031,NFCORE_CHIPSEQ:CHIPSEQ:FILTER_BAM_BAMTOOLS:BAM_SORT_SAMTOOLS:BAM_STATS_SAMTOOLS:SAMTOOLS_STATS,1697332674000,1697332714000,2,131.9,,1073741824.0,,,0.05848142756333335,0.05848142756333335,0.0,805.579392,
2045,NFCORE_CHIPSEQ:CHIPSEQ:FILTER_BAM_BAMTOOLS:BAM_FILTER,1697332513000,1697332716000,2,132.1,,1073741824.0,,,0.29721627196499006,0.29721627196499006,0.0,805.579392,
2064,NFCORE_CHIPSEQ:CHIPSEQ:FILTER_BAM_BAMTOOLS:BAM_SORT_SAMTOOLS:BAM_STATS_SAMTOOLS:SAMTOOLS_STATS,1697332678000,1697332716000,2,131.1,,1073741824.0,,,0.05524060684367333,0.05524060684367333,0.0,805.579392,
2095,NFCORE_CHIPSEQ:CHIPSEQ:FILTER_BAM_BAMTOOLS:BAM_SORT_SAMTOOLS:BAM_STATS_SAMTOOLS:SAMTOOLS_STATS,1697332695000,1697332713000,2,129.0,,1073741824.0,,,0.02577275044212,0.02577275044212,0.0,805.579392,
2134,NFCORE_CHIPSEQ:CHIPSEQ:FILTER_BAM_BAMTOOLS:BAM_FILTER,1697332542000,1697332710000,2,136.2,,1073741824.0,,,0.25314896038096,0.25314896038096,0.0,805.579392,
2161,NFCORE_CHIPSEQ:CHIPSEQ:BEDTOOLS_GENOMECOV,1697332554000,1697332711000,2,121.7,,4567597056.0,,,0.25766623283584666,0.25766623283584666,0.0,805.579392,
2181,NFCORE_CHIPSEQ:CHIPSEQ:PICARD_COLLECTMULTIPLEMETRICS,1697332626000,1697332717000,2,114.6,,2573205504.0,,,0.12778930020720503,0.12778930020720503,0.0,805.579392,
2192,NFCORE_CHIPSEQ:CHIPSEQ:FILTER_BAM_BAMTOOLS:BAM_SORT_SAMTOOLS:BAM_STATS_SAMTOOLS:SAMTOOLS_STATS,1697332685000,1697332716000,2,130.0,,1073741824.0,,,0.044709404512439994,0.044709404512439994,0.0,805.579392,
2213,NFCORE_CHIPSEQ:CHIPSEQ:PICARD_COLLECTMULTIPLEMETRICS,1697332612000,1697332714000,2,114.6,,2573205504.0,,,0.14323635847401,0.14323635847401,0.0,805.579392,
2225,NFCORE_CHIPSEQ:CHIPSEQ:PICARD_COLLECTMULTIPLEMETRICS,1697332610000,1697332721000,2,113.7,,2573205504.0,,,0.154833964007595,0.154833964007595,0.0,805.579392,
2236,NFCORE_CHIPSEQ:CHIPSEQ:FILTER_BAM_BAMTOOLS:BAM_SORT_SAMTOOLS:SAMTOOLS_SORT,1697332687000,1697332717000,5,422.8,,6309281792.0,,,0.147622476030575,0.147622476030575,0.0,805.579392,
2252,NFCORE_CHIPSEQ:CHIPSEQ:PICARD_COLLECTMULTIPLEMETRICS,1697332613000,1697332719000,2,113.6,,2573205504.0,,,0.14774901563029666,0.14774901563029666,0.0,805.579392,
2261,NFCORE_CHIPSEQ:CHIPSEQ:FILTER_BAM_BAMTOOLS:BAM_SORT_SAMTOOLS:BAM_STATS_SAMTOOLS:SAMTOOLS_STATS,1697332678000,1697332713000,2,132.0,,1073741824.0,,,0.05120771696973334,0.05120771696973334,0.0,805.579392,
2332,NFCORE_CHIPSEQ:CHIPSEQ:FILTER_BAM_BAMTOOLS:BAM_SORT_SAMTOOLS:SAMTOOLS_SORT,1697332698000,1697332725000,5,413.2,,6309281792.0,,,0.13015952351583748,0.13015952351583748,0.0,805.579392,
2367,NFCORE_CHIPSEQ:CHIPSEQ:FILTER_BAM_BAMTOOLS:BAM_SORT_SAMTOOLS:SAMTOOLS_SORT,1697332707000,1697332720000,5,432.8,,6309281792.0,,,0.06532425982358249,0.06532425982358249,0.0,805.579392,
2369,NFCORE_CHIPSEQ:CHIPSEQ:FILTER_BAM_BAMTOOLS:BAM_SORT_SAMTOOLS:BAM_STATS_SAMTOOLS:SAMTOOLS_IDXSTATS,1697332712000,1697332715000,1,52.9,,1073741824.0,,,0.00191671252995,0.00191671252995,0.0,805.579392,
2436,NFCORE_CHIPSEQ:CHIPSEQ:FILTER_BAM_BAMTOOLS:BAM_SORT_SAMTOOLS:SAMTOOLS_INDEX,1697332714000,1697332725000,2,149.0,,1073741824.0,,,0.01804227913040667,0.01804227913040667,0.0,805.579392,
2438,NFCORE_CHIPSEQ:CHIPSEQ:FILTER_BAM_BAMTOOLS:BAM_REMOVE_ORPHANS,1697332710000,1697332711000,2,43.0,,1073741824.0,,,0.00053575225294,0.00053575225294,0.0,805.579392,
2443,NFCORE_CHIPSEQ:CHIPSEQ:FILTER_BAM_BAMTOOLS:BAM_REMOVE_ORPHANS,1697332714000,1697332715000,2,19.4,,1073741824.0,,,0.00028985473783333336,0.00028985473783333336,0.0,805.579392,
1804,NFCORE_CHIPSEQ:CHIPSEQ:FILTER_BAM_BAMTOOLS:BAM_SORT_SAMTOOLS:SAMTOOLS_SORT,1697332723000,1697332735000,5,414.8,,6309281792.0,,,0.05804872933383001,0.05804872933383001,0.0,805.579392,
1875,NFCORE_CHIPSEQ:CHIPSEQ:FILTER_BAM_BAMTOOLS:BAM_SORT_SAMTOOLS:SAMTOOLS_SORT,1697332720000,1697332734000,5,433.2,,6309281792.0,,,0.07040755144984166,0.07040755144984166,0.0,805.579392,
1928,NFCORE_CHIPSEQ:CHIPSEQ:FILTER_BAM_BAMTOOLS:BAM_SORT_SAMTOOLS:SAMTOOLS_SORT,1697332714000,1697332731000,5,376.0,,6309281792.0,,,0.07536307273008584,0.07536307273008584,0.0,805.579392,
2196,NFCORE_CHIPSEQ:CHIPSEQ:FILTER_BAM_BAMTOOLS:BAM_SORT_SAMTOOLS:SAMTOOLS_SORT,1697332711000,1697332740000,5,418.4,,6309281792.0,,,0.14137221314618245,0.14137221314618245,0.0,805.579392,
2222,NFCORE_CHIPSEQ:CHIPSEQ:PICARD_COLLECTMULTIPLEMETRICS,1697332640000,1697332730000,2,115.9,,2573205504.0,,,0.12760409037225,0.12760409037225,0.0,805.579392,
2273,NFCORE_CHIPSEQ:CHIPSEQ:PICARD_COLLECTMULTIPLEMETRICS,1697332668000,1697332740000,2,120.0,,2573205504.0,,,0.10515907511388001,0.10515907511388001,0.0,805.579392,
2295,NFCORE_CHIPSEQ:CHIPSEQ:UCSC_BEDGRAPHTOBIGWIG,1697332659000,1697332726000,1,100.6,,1073741824.0,,,0.07610589629865998,0.07610589629865998,0.0,805.579392,
2296,NFCORE_CHIPSEQ:CHIPSEQ:UCSC_BEDGRAPHTOBIGWIG,1697332662000,1697332736000,1,94.4,,1073741824.0,,,0.07927684419466668,0.07927684419466668,0.0,805.579392,
2312,NFCORE_CHIPSEQ:CHIPSEQ:FRIP_SCORE,1697332698000,1697332728000,2,129.1,,1073741824.0,,,0.04298584222889999,0.04298584222889999,0.0,805.579392,
2362,NFCORE_CHIPSEQ:CHIPSEQ:FILTER_BAM_BAMTOOLS:BAM_SORT_SAMTOOLS:BAM_STATS_SAMTOOLS:SAMTOOLS_IDXSTATS,1697332729000,1697332730000,1,35.6,,1073741824.0,,,0.00045864879481333334,0.00045864879481333334,0.0,805.579392,
2394,NFCORE_CHIPSEQ:CHIPSEQ:FILTER_BAM_BAMTOOLS:BAM_SORT_SAMTOOLS:BAM_STATS_SAMTOOLS:SAMTOOLS_IDXSTATS,1697332733000,1697332735000,1,58.0,,1073741824.0,,,0.00138408609288,0.00138408609288,0.0,805.579392,
2431,NFCORE_CHIPSEQ:CHIPSEQ:FILTER_BAM_BAMTOOLS:BAM_SORT_SAMTOOLS:BAM_STATS_SAMTOOLS:SAMTOOLS_IDXSTATS,1697332738000,1697332739000,1,46.8,,1073741824.0,,,0.0005753459206266667,0.0005753459206266667,0.0,805.579392,
2442,NFCORE_CHIPSEQ:CHIPSEQ:FRIP_SCORE,1697332715000,1697332735000,2,127.7,,1073741824.0,,,0.028365485338066668,0.028365485338066668,0.0,805.579392,
2444,NFCORE_CHIPSEQ:CHIPSEQ:FILTER_BAM_BAMTOOLS:BAM_SORT_SAMTOOLS:SAMTOOLS_INDEX,1697332724000,1697332736000,2,144.4,,1073741824.0,,,0.019107336204,0.019107336204,0.0,805.579392,
2447,NFCORE_CHIPSEQ:CHIPSEQ:FILTER_BAM_BAMTOOLS:BAM_SORT_SAMTOOLS:SAMTOOLS_SORT,1697332724000,1697332754000,5,429.5,,6309281792.0,,,0.149716772663475,0.149716772663475,0.0,805.579392,
2459,NFCORE_CHIPSEQ:CHIPSEQ:FILTER_BAM_BAMTOOLS:BAM_SORT_SAMTOOLS:BAM_STATS_SAMTOOLS:SAMTOOLS_IDXSTATS,1697332745000,1697332747000,1,70.8,,1073741824.0,,,0.001650822380453333,0.001650822380453333,0.0,805.579392,
2464,NFCORE_CHIPSEQ:CHIPSEQ:FILTER_BAM_BAMTOOLS:BAM_SORT_SAMTOOLS:BAM_STATS_SAMTOOLS:SAMTOOLS_FLAGSTAT,1697332723000,1697332735000,2,137.3,,1073741824.0,,,0.018219604496920002,0.018219604496920002,0.0,805.579392,
2465,NFCORE_CHIPSEQ:CHIPSEQ:FILTER_BAM_BAMTOOLS:BAM_SORT_SAMTOOLS:BAM_STATS_SAMTOOLS:SAMTOOLS_FLAGSTAT,1697332740000,1697332748000,2,135.9,,1073741824.0,,,0.012029705872133334,0.012029705872133334,0.0,805.579392,
2472,NFCORE_CHIPSEQ:CHIPSEQ:FILTER_BAM_BAMTOOLS:BAM_SORT_SAMTOOLS:BAM_STATS_SAMTOOLS:SAMTOOLS_IDXSTATS,1697332740000,1697332741000,1,60.4,,1073741824.0,,,0.0007170495734,0.0007170495734,0.0,805.579392,
2479,NFCORE_CHIPSEQ:CHIPSEQ:FILTER_BAM_BAMTOOLS:BAM_REMOVE_ORPHANS,1697332725000,1697332726000,2,36.6,,1073741824.0,,,0.00046906818104666665,0.00046906818104666665,0.0,805.579392,
2480,NFCORE_CHIPSEQ:CHIPSEQ:FILTER_BAM_BAMTOOLS:BAM_REMOVE_ORPHANS,1697332735000,1697332736000,2,15.6,,1073741824.0,,,0.0002502610701466667,0.0002502610701466667,0.0,805.579392,
2482,NFCORE_CHIPSEQ:CHIPSEQ:FILTER_BAM_BAMTOOLS:BAM_SORT_SAMTOOLS:SAMTOOLS_INDEX,1697332735000,1697332744000,2,157.8,,1073741824.0,,,0.015587080132740001,0.015587080132740001,0.0,805.579392,
2488,NFCORE_CHIPSEQ:CHIPSEQ:FILTER_BAM_BAMTOOLS:BAM_SORT_SAMTOOLS:SAMTOOLS_INDEX,1697332731000,1697332737000,2,160.3,,1073741824.0,,,0.010547677548660001,0.010547677548660001,0.0,805.579392,
1983,NFCORE_CHIPSEQ:CHIPSEQ:MACS2_CALLPEAK,1697332535000,1697332764000,1,96.2,,1892679680.0,,,0.26494525976393246,0.26494525976393246,0.0,805.579392,
2037,NFCORE_CHIPSEQ:CHIPSEQ:BEDTOOLS_GENOMECOV,1697332527000,1697332751000,2,122.7,,4567597056.0,,,0.36995965051136004,0.36995965051136004,0.0,805.579392,
2057,NFCORE_CHIPSEQ:CHIPSEQ:FILTER_BAM_BAMTOOLS:BAM_SORT_SAMTOOLS:BAM_STATS_SAMTOOLS:SAMTOOLS_STATS,1697332704000,1697332744000,2,131.7,,1073741824.0,,,0.05839807247346667,0.05839807247346667,0.0,805.579392,
2061,NFCORE_CHIPSEQ:CHIPSEQ:MACS2_CALLPEAK,1697332530000,1697332759000,1,100.0,,1892679680.0,,,0.27401220966417916,0.27401220966417916,0.0,805.579392,
2103,NFCORE_CHIPSEQ:CHIPSEQ:BEDTOOLS_GENOMECOV,1697332536000,1697332745000,2,122.8,,4567597056.0,,,0.34540333194403666,0.34540333194403666,0.0,805.579392,
2126,NFCORE_CHIPSEQ:CHIPSEQ:PICARD_COLLECTMULTIPLEMETRICS,1697332648000,1697332764000,2,112.0,,2573205504.0,,,0.15975376392560667,0.15975376392560667,0.0,805.579392,
2159,NFCORE_CHIPSEQ:CHIPSEQ:FILTER_BAM_BAMTOOLS:BAM_SORT_SAMTOOLS:BAM_STATS_SAMTOOLS:SAMTOOLS_STATS,1697332718000,1697332745000,2,128.2,,1073741824.0,,,0.038434066920539994,0.038434066920539994,0.0,805.579392,
2197,NFCORE_CHIPSEQ:CHIPSEQ:FILTER_BAM_BAMTOOLS:BAM_SORT_SAMTOOLS:BAM_STATS_SAMTOOLS:SAMTOOLS_STATS,1697332706000,1697332744000,2,130.7,,1073741824.0,,,0.05508223217292667,0.05508223217292667,0.0,805.579392,
2206,NFCORE_CHIPSEQ:CHIPSEQ:FILTER_BAM_BAMTOOLS:BAM_SORT_SAMTOOLS:BAM_STATS_SAMTOOLS:SAMTOOLS_STATS,1697332717000,1697332746000,2,130.3,,1073741824.0,,,0.041915575462190005,0.041915575462190005,0.0,805.579392,
2239,NFCORE_CHIPSEQ:CHIPSEQ:FILTER_BAM_BAMTOOLS:BAM_SORT_SAMTOOLS:SAMTOOLS_SORT,1697332758000,1697332771000,5,400.0,,6309281792.0,,,0.06088143353368917,0.06088143353368917,0.0,805.579392,
2242,NFCORE_CHIPSEQ:CHIPSEQ:FILTER_BAM_BAMTOOLS:BAM_SORT_SAMTOOLS:BAM_STATS_SAMTOOLS:SAMTOOLS_STATS,1697332718000,1697332748000,2,130.2,,1073741824.0,,,0.04332968197459999,0.04332968197459999,0.0,805.579392,
2297,NFCORE_CHIPSEQ:CHIPSEQ:UCSC_BEDGRAPHTOBIGWIG,1697332683000,1697332751000,1,100.6,,1073741824.0,,,0.07724180519863999,0.07724180519863999,0.0,805.579392,
2308,NFCORE_CHIPSEQ:CHIPSEQ:PICARD_COLLECTMULTIPLEMETRICS,1697332663000,1697332760000,2,113.7,,2573205504.0,,,0.135305355934565,0.135305355934565,0.0,805.579392,
2342,NFCORE_CHIPSEQ:CHIPSEQ:UCSC_BEDGRAPHTOBIGWIG,1697332685000,1697332761000,1,93.2,,1073741824.0,,,0.08046921358085332,0.08046921358085332,0.0,805.579392,
2366,NFCORE_CHIPSEQ:CHIPSEQ:FILTER_BAM_BAMTOOLS:BAM_SORT_SAMTOOLS:SAMTOOLS_SORT,1697332737000,1697332753000,5,401.3,,6309281792.0,,,0.07514771835204,0.07514771835204,0.0,805.579392,
2395,NFCORE_CHIPSEQ:CHIPSEQ:FILTER_BAM_BAMTOOLS:BAM_SORT_SAMTOOLS:BAM_STATS_SAMTOOLS:SAMTOOLS_STATS,1697332729000,1697332768000,2,128.7,,1073741824.0,,,0.05571905247233,0.05571905247233,0.0,805.579392,
2402,NFCORE_CHIPSEQ:CHIPSEQ:UCSC_BEDGRAPHTOBIGWIG,1697332700000,1697332776000,1,97.0,,1073741824.0,,,0.08347833232504001,0.08347833232504001,0.0,805.579392,
2426,NFCORE_CHIPSEQ:CHIPSEQ:FILTER_BAM_BAMTOOLS:BAM_SORT_SAMTOOLS:SAMTOOLS_SORT,1697332746000,1697332775000,5,426.6,,6309281792.0,,,0.14384994319246916,0.14384994319246916,0.0,805.579392,
2429,NFCORE_CHIPSEQ:CHIPSEQ:FILTER_BAM_BAMTOOLS:BAM_SORT_SAMTOOLS:SAMTOOLS_SORT,1697332749000,1697332764000,5,418.2,,6309281792.0,,,0.0730923003651875,0.0730923003651875,0.0,805.579392,
2449,NFCORE_CHIPSEQ:CHIPSEQ:FILTER_BAM_BAMTOOLS:BAM_SORT_SAMTOOLS:BAM_STATS_SAMTOOLS:SAMTOOLS_FLAGSTAT,1697332752000,1697332759000,2,139.6,,1073741824.0,,,0.01079585474156,0.01079585474156,0.0,805.579392,
2450,NFCORE_CHIPSEQ:CHIPSEQ:FILTER_BAM_BAMTOOLS:BAM_SORT_SAMTOOLS:BAM_STATS_SAMTOOLS:SAMTOOLS_IDXSTATS,1697332776000,1697332776000,1,72.1,,1073741824.0,,,0.0,0.0,0.0,805.579392,
2462,NFCORE_CHIPSEQ:CHIPSEQ:FILTER_BAM_BAMTOOLS:BAM_SORT_SAMTOOLS:BAM_STATS_SAMTOOLS:SAMTOOLS_IDXSTATS,1697332767000,1697332768000,1,92.8,,1073741824.0,,,0.00105463768736,0.00105463768736,0.0,805.579392,
2467,NFCORE_CHIPSEQ:CHIPSEQ:FILTER_BAM_BAMTOOLS:BAM_SORT_SAMTOOLS:BAM_STATS_SAMTOOLS:SAMTOOLS_IDXSTATS,1697332774000,1697332774000,1,109.1,,1073741824.0,,,0.0,0.0,0.0,805.579392,
2470,NFCORE_CHIPSEQ:CHIPSEQ:FILTER_BAM_BAMTOOLS:BAM_SORT_SAMTOOLS:BAM_STATS_SAMTOOLS:SAMTOOLS_FLAGSTAT,1697332765000,1697332776000,2,131.9,,1073741824.0,,,0.016082392579916668,0.016082392579916668,0.0,805.579392,
2481,NFCORE_CHIPSEQ:CHIPSEQ:UCSC_BEDGRAPHTOBIGWIG,1697332729000,1697332763000,1,97.8,,1073741824.0,,,0.03762897702990667,0.03762897702990667,0.0,805.579392,
2487,NFCORE_CHIPSEQ:CHIPSEQ:FILTER_BAM_BAMTOOLS:BAM_SORT_SAMTOOLS:SAMTOOLS_INDEX,1697332757000,1697332767000,2,151.9,,1073741824.0,,,0.016704234137500003,0.016704234137500003,0.0,805.579392,
2493,NFCORE_CHIPSEQ:CHIPSEQ:FILTER_BAM_BAMTOOLS:BAM_SORT_SAMTOOLS:BAM_STATS_SAMTOOLS:SAMTOOLS_IDXSTATS,1697332771000,1697332772000,1,50.8,,1073741824.0,,,0.00061702346556,0.00061702346556,0.0,805.579392,
2492,NFCORE_CHIPSEQ:CHIPSEQ:FILTER_BAM_BAMTOOLS:BAM_SORT_SAMTOOLS:BAM_STATS_SAMTOOLS:SAMTOOLS_FLAGSTAT,1697332772000,1697332780000,2,151.4,,1073741824.0,,,0.013321709765066666,0.013321709765066666,0.0,805.579392,
2500,NFCORE_CHIPSEQ:CHIPSEQ:FILTER_BAM_BAMTOOLS:BAM_SORT_SAMTOOLS:SAMTOOLS_INDEX,1697332739000,1697332748000,2,131.3,,1073741824.0,,,0.013102056516090001,0.013102056516090001,0.0,805.579392,
2503,NFCORE_CHIPSEQ:CHIPSEQ:FILTER_BAM_BAMTOOLS:BAM_SORT_SAMTOOLS:SAMTOOLS_INDEX,1697332738000,1697332748000,2,134.0,,1073741824.0,,,0.014839164001733336,0.014839164001733336,0.0,805.579392,
2506,NFCORE_CHIPSEQ:CHIPSEQ:FILTER_BAM_BAMTOOLS:BAM_SORT_SAMTOOLS:SAMTOOLS_INDEX,1697332744000,1697332753000,2,153.6,,1073741824.0,,,0.015193227333120002,0.015193227333120002,0.0,805.579392,
2508,NFCORE_CHIPSEQ:CHIPSEQ:FILTER_BAM_BAMTOOLS:BAM_SORT_SAMTOOLS:SAMTOOLS_INDEX,1697332749000,1697332758000,2,155.0,,1073741824.0,,,0.01532451159966,0.01532451159966,0.0,805.579392,
2513,NFCORE_CHIPSEQ:CHIPSEQ:MULTIQC_CUSTOM_PEAKS,1697332768000,1697332771000,2,14.6,,1073741824.0,,,0.00071952505174,0.00071952505174,0.0,805.579392,
2514,NFCORE_CHIPSEQ:CHIPSEQ:MULTIQC_CUSTOM_PEAKS,1697332774000,1697332774000,2,54.5,,1073741824.0,,,0.0,0.0,0.0,805.579392,
2516,NFCORE_CHIPSEQ:CHIPSEQ:FILTER_BAM_BAMTOOLS:BAM_SORT_SAMTOOLS:BAM_STATS_SAMTOOLS:SAMTOOLS_FLAGSTAT,1697332767000,1697332778000,2,139.8,,1073741824.0,,,0.016987837243593335,0.016987837243593335,0.0,805.579392,
2517,NFCORE_CHIPSEQ:CHIPSEQ:FILTER_BAM_BAMTOOLS:BAM_SORT_SAMTOOLS:BAM_STATS_SAMTOOLS:SAMTOOLS_IDXSTATS,1697332768000,1697332769000,1,38.4,,1073741824.0,,,0.00048782307626666667,0.00048782307626666667,0.0,805.579392,
1552,NFCORE_CHIPSEQ:CHIPSEQ:FILTER_BAM_BAMTOOLS:BAM_SORT_SAMTOOLS:SAMTOOLS_SORT,1697332768000,1697332793000,5,419.3,,6309281792.0,,,0.1221070337300625,0.1221070337300625,0.0,805.579392,
1942,NFCORE_CHIPSEQ:CHIPSEQ:MACS2_CALLPEAK,1697332518000,1697332772000,1,96.9,,1892679680.0,,,0.29572198163228164,0.29572198163228164,0.0,805.579392,
2038,NFCORE_CHIPSEQ:CHIPSEQ:PRESEQ_LCEXTRAP,1697332664000,1697332784000,2,102.2,,1073741824.0,,,0.1383095901544,0.1383095901544,0.0,805.579392,
2162,NFCORE_CHIPSEQ:CHIPSEQ:BEDTOOLS_GENOMECOV,1697332554000,1697332774000,2,121.9,,4567597056.0,,,0.3615194162037333,0.3615194162037333,0.0,805.579392,
2163,NFCORE_CHIPSEQ:CHIPSEQ:BEDTOOLS_GENOMECOV,1697332555000,1697332779000,2,121.1,,4567597056.0,,,0.3662253424853333,0.3662253424853333,0.0,805.579392,
2185,NFCORE_CHIPSEQ:CHIPSEQ:FILTER_BAM_BAMTOOLS:BAM_FILTER,1697332579000,1697332788000,2,133.9,,1073741824.0,,,0.30992076246394995,0.30992076246394995,0.0,805.579392,
2301,NFCORE_CHIPSEQ:CHIPSEQ:PICARD_COLLECTMULTIPLEMETRICS,1697332665000,1697332785000,2,113.0,,2573205504.0,,,0.16651284075380002,0.16651284075380002,0.0,805.579392,
2314,NFCORE_CHIPSEQ:CHIPSEQ:PICARD_COLLECTMULTIPLEMETRICS,1697332670000,1697332788000,2,111.7,,2573205504.0,,,0.16213929289304335,0.16213929289304335,0.0,805.579392,
2343,NFCORE_CHIPSEQ:CHIPSEQ:FRIP_SCORE,1697332715000,1697332799000,2,130.0,,1073741824.0,,,0.12114806384016,0.12114806384016,0.0,805.579392,
2355,NFCORE_CHIPSEQ:CHIPSEQ:PICARD_COLLECTMULTIPLEMETRICS,1697332699000,1697332789000,2,114.2,,2573205504.0,,,0.12600992427855,0.12600992427855,0.0,805.579392,
2361,NFCORE_CHIPSEQ:CHIPSEQ:FILTER_BAM_BAMTOOLS:BAM_SORT_SAMTOOLS:SAMTOOLS_SORT,1697332775000,1697332800000,5,436.7,,6309281792.0,,,0.13170504541122502,0.13170504541122502,0.0,805.579392,
2406,NFCORE_CHIPSEQ:CHIPSEQ:PICARD_COLLECTMULTIPLEMETRICS,1697332715000,1697332800000,2,114.2,,2573205504.0,,,0.13301047562735835,0.13301047562735835,0.0,805.579392,
2413,NFCORE_CHIPSEQ:CHIPSEQ:PICARD_COLLECTMULTIPLEMETRICS,1697332715000,1697332800000,2,115.0,,2573205504.0,,,0.13521079475984,0.13521079475984,0.0,805.579392,
2437,NFCORE_CHIPSEQ:CHIPSEQ:UCSC_BEDGRAPHTOBIGWIG,1697332712000,1697332795000,1,97.5,,1073741824.0,,,0.09159953062050333,0.09159953062050333,0.0,805.579392,
2457,NFCORE_CHIPSEQ:CHIPSEQ:FILTER_BAM_BAMTOOLS:BAM_SORT_SAMTOOLS:BAM_STATS_SAMTOOLS:SAMTOOLS_FLAGSTAT,1697332780000,1697332792000,2,138.8,,1073741824.0,,,0.01840715344912,0.01840715344912,0.0,805.579392,
2490,NFCORE_CHIPSEQ:CHIPSEQ:PICARD_COLLECTMULTIPLEMETRICS,1697332739000,1697332800000,2,116.2,,2573205504.0,,,0.10941307625158167,0.10941307625158167,0.0,805.579392,
2496,NFCORE_CHIPSEQ:CHIPSEQ:FILTER_BAM_BAMTOOLS:BAM_SORT_SAMTOOLS:SAMTOOLS_SORT,1697332758000,1697332798000,5,424.0,,6309281792.0,,,0.19733009857996667,0.19733009857996667,0.0,805.579392,
2502,NFCORE_CHIPSEQ:CHIPSEQ:PICARD_COLLECTMULTIPLEMETRICS,1697332741000,1697332800000,2,115.9,,2573205504.0,,,0.10633674197687502,0.10633674197687502,0.0,805.579392,
2522,NFCORE_CHIPSEQ:CHIPSEQ:FILTER_BAM_BAMTOOLS:BAM_SORT_SAMTOOLS:SAMTOOLS_INDEX,1697332787000,1697332798000,2,153.8,,1073741824.0,,,0.01859242272352667,0.01859242272352667,0.0,805.579392,
2529,NFCORE_CHIPSEQ:CHIPSEQ:FILTER_BAM_BAMTOOLS:BAM_SORT_SAMTOOLS:BAM_STATS_SAMTOOLS:SAMTOOLS_FLAGSTAT,1697332778000,1697332790000,2,128.7,,1073741824.0,,,0.01714432383764,0.01714432383764,0.0,805.579392,
2531,NFCORE_CHIPSEQ:CHIPSEQ:FILTER_BAM_BAMTOOLS:BAM_SORT_SAMTOOLS:BAM_STATS_SAMTOOLS:SAMTOOLS_IDXSTATS,1697332779000,1697332781000,1,32.6,,1073741824.0,,,0.0008547812722266668,0.0008547812722266668,0.0,805.579392,
2532,NFCORE_CHIPSEQ:CHIPSEQ:FILTER_BAM_BAMTOOLS:BAM_SORT_SAMTOOLS:BAM_STATS_SAMTOOLS:SAMTOOLS_FLAGSTAT,1697332778000,1697332785000,2,141.6,,1073741824.0,,,0.010941726148826665,0.010941726148826665,0.0,805.579392,
2534,NFCORE_CHIPSEQ:CHIPSEQ:FILTER_BAM_BAMTOOLS:BAM_SORT_SAMTOOLS:BAM_STATS_SAMTOOLS:SAMTOOLS_IDXSTATS,1697332786000,1697332788000,1,17.8,,1073741824.0,,,0.0005463674397200001,0.0005463674397200001,0.0,805.579392,
2539,NFCORE_CHIPSEQ:CHIPSEQ:UCSC_BEDGRAPHTOBIGWIG,1697332781000,1697332800000,1,101.2,,1073741824.0,,,0.050255063395680005,0.050255063395680005,0.0,805.579392,
2541,NFCORE_CHIPSEQ:CHIPSEQ:FILTER_BAM_BAMTOOLS:BAM_SORT_SAMTOOLS:SAMTOOLS_INDEX,1697332793000,1697332798000,2,156.4,,1073741824.0,,,0.008586553259,0.008586553259,0.0,805.579392,
2548,NFCORE_CHIPSEQ:CHIPSEQ:FILTER_BAM_BAMTOOLS:BAM_SORT_SAMTOOLS:SAMTOOLS_INDEX,1697332789000,1697332798000,2,149.4,,1073741824.0,,,0.014799374533499998,0.014799374533499998,0.0,805.579392,
2550,NFCORE_CHIPSEQ:CHIPSEQ:FILTER_BAM_BAMTOOLS:BAM_SORT_SAMTOOLS:SAMTOOLS_INDEX,1697332793000,1697332800000,2,153.8,,1073741824.0,,,0.0253533037139,0.0253533037139,0.0,805.579392,
2555,NFCORE_CHIPSEQ:CHIPSEQ:FILTER_BAM_BAMTOOLS:BAM_SORT_SAMTOOLS:SAMTOOLS_INDEX,1697332797000,1697332800000,2,153.3,,1073741824.0,,,0.013480084435813333,0.013480084435813333,0.0,805.579392,
2194,NFCORE_CHIPSEQ:CHIPSEQ:MACS2_CALLPEAK,1697332591000,1697332800000,1,97.5,,1892679680.0,,,0.280922736467,0.280922736467,0.0,805.579392,
2211,NFCORE_CHIPSEQ:CHIPSEQ:BEDTOOLS_GENOMECOV,1697332609000,1697332800000,2,122.4,,4567597056.0,,,0.36925946775648005,0.36925946775648005,0.0,805.579392,
2244,NFCORE_CHIPSEQ:CHIPSEQ:MACS2_CALLPEAK,1697332622000,1697332800000,1,98.9,,1892679680.0,,,0.21687303330906754,0.21687303330906754,0.0,805.579392,
2318,NFCORE_CHIPSEQ:CHIPSEQ:PICARD_COLLECTMULTIPLEMETRICS,1697332715000,1697332800000,2,112.2,,2573205504.0,,,0.15999549368622001,0.15999549368622001,0.0,805.579392,
2324,NFCORE_CHIPSEQ:CHIPSEQ:PICARD_COLLECTMULTIPLEMETRICS,1697332685000,1697332800000,2,111.2,,2573205504.0,,,0.17110651388270834,0.17110651388270834,0.0,805.579392,
2327,NFCORE_CHIPSEQ:CHIPSEQ:PICARD_COLLECTMULTIPLEMETRICS,1697332695000,1697332800000,2,111.9,,2573205504.0,,,0.161009044726725,0.161009044726725,0.0,805.579392,
2330,NFCORE_CHIPSEQ:CHIPSEQ:PICARD_COLLECTMULTIPLEMETRICS,1697332715000,1697332800000,2,113.7,,2573205504.0,,,0.14785946112437,0.14785946112437,0.0,805.579392,
2345,NFCORE_CHIPSEQ:CHIPSEQ:UCSC_BEDGRAPHTOBIGWIG,1697332772000,1697332800000,1,101.5,,1073741824.0,,,0.07558889894094,0.07558889894094,0.0,805.579392,
2364,NFCORE_CHIPSEQ:CHIPSEQ:FILTER_BAM_BAMTOOLS:BAM_SORT_SAMTOOLS:BAM_STATS_SAMTOOLS:SAMTOOLS_STATS,1697332791000,1697332800000,2,131.7,,1073741824.0,,,0.059858024285303325,0.059858024285303325,0.0,805.579392,
2403,NFCORE_CHIPSEQ:CHIPSEQ:PICARD_COLLECTMULTIPLEMETRICS,1697332713000,1697332800000,2,113.4,,2573205504.0,,,0.14196102559905002,0.14196102559905002,0.0,805.579392,
2415,NFCORE_CHIPSEQ:CHIPSEQ:FILTER_BAM_BAMTOOLS:BAM_SORT_SAMTOOLS:BAM_STATS_SAMTOOLS:SAMTOOLS_STATS,1697332779000,1697332800000,2,130.5,,1073741824.0,,,0.05789794193426666,0.05789794193426666,0.0,805.579392,
2434,NFCORE_CHIPSEQ:CHIPSEQ:PICARD_COLLECTMULTIPLEMETRICS,1697332719000,1697332800000,2,112.1,,2573205504.0,,,0.16263108792325665,0.16263108792325665,0.0,805.579392,
2491,NFCORE_CHIPSEQ:CHIPSEQ:FILTER_BAM_BAMTOOLS:BAM_SORT_SAMTOOLS:BAM_STATS_SAMTOOLS:SAMTOOLS_STATS,1697332793000,1697332800000,2,130.2,,1073741824.0,,,0.05343994110200666,0.05343994110200666,0.0,805.579392,
2498,NFCORE_CHIPSEQ:CHIPSEQ:UCSC_BEDGRAPHTOBIGWIG,1697332740000,1697332800000,1,98.8,,1073741824.0,,,0.09160662839032,0.09160662839032,0.0,805.579392,
2499,NFCORE_CHIPSEQ:CHIPSEQ:PICARD_COLLECTMULTIPLEMETRICS,1697332753000,1697332800000,2,119.8,,2573205504.0,,,0.10500903595212,0.10500903595212,0.0,805.579392,
2540,NFCORE_CHIPSEQ:CHIPSEQ:UCSC_BEDGRAPHTOBIGWIG,1697332782000,1697332800000,1,100.3,,1073741824.0,,,0.05210802186906,0.05210802186906,0.0,805.579392,
2509,NFCORE_CHIPSEQ:CHIPSEQ:PICARD_COLLECTMULTIPLEMETRICS,1697332753000,1697332800000,2,112.4,,2573205504.0,,,0.13813553745416668,0.13813553745416668,0.0,805.579392,
2320,NFCORE_CHIPSEQ:CHIPSEQ:PICARD_COLLECTMULTIPLEMETRICS,1697332745000,1697332800000,2,114.1,,2573205504.0,,,0.16509006307432333,0.16509006307432333,0.0,805.579392,
2358,NFCORE_CHIPSEQ:CHIPSEQ:PICARD_COLLECTMULTIPLEMETRICS,1697332784000,1697332800000,2,119.6,,2573205504.0,,,0.11505362147831168,0.11505362147831168,0.0,805.579392,
2400,NFCORE_CHIPSEQ:CHIPSEQ:PICARD_COLLECTMULTIPLEMETRICS,1697332764000,1697332800000,2,109.8,,2573205504.0,,,0.13271796709283,0.13271796709283,0.0,805.579392,
2446,NFCORE_CHIPSEQ:CHIPSEQ:PICARD_COLLECTMULTIPLEMETRICS,1697332724000,1697332800000,2,109.5,,2573205504.0,,,0.185106064161705,0.185106064161705,0.0,805.579392,
2483,NFCORE_CHIPSEQ:CHIPSEQ:PICARD_COLLECTMULTIPLEMETRICS,1697332742000,1697332800000,2,112.6,,2573205504.0,,,0.16877958871817667,0.16877958871817667,0.0,805.579392,
2507,NFCORE_CHIPSEQ:CHIPSEQ:PICARD_COLLECTMULTIPLEMETRICS,1697332779000,1697332800000,2,114.7,,2573205504.0,,,0.11664155691890166,0.11664155691890166,0.0,805.579392,
2554,NFCORE_CHIPSEQ:CHIPSEQ:PICARD_COLLECTMULTIPLEMETRICS,1697332797000,1697332800000,2,114.6,,2573205504.0,,,0.110937963916145,0.110937963916145,0.0,805.579392,
2066,NFCORE_CHIPSEQ:CHIPSEQ:MACS2_CALLPEAK,1697332553000,1697332800000,1,98.9,,1892679680.0,,,0.3922676176245975,0.3922676176245975,0.0,805.579392,
2259,NFCORE_CHIPSEQ:CHIPSEQ:BEDTOOLS_GENOMECOV,1697332631000,1697332800000,2,122.1,,4567597056.0,,,0.4327280890867,0.4327280890867,0.0,805.579392,
2337,NFCORE_CHIPSEQ:CHIPSEQ:MACS2_CALLPEAK,1697332710000,1697332800000,1,96.2,,1892679680.0,,,0.2117248145711775,0.2117248145711775,0.0,805.579392,
2485,NFCORE_CHIPSEQ:CHIPSEQ:PICARD_COLLECTMULTIPLEMETRICS,1697332784000,1697332800000,2,115.5,,2573205504.0,,,0.13429726982717502,0.13429726982717502,0.0,805.579392,
2520,NFCORE_CHIPSEQ:CHIPSEQ:PICARD_COLLECTMULTIPLEMETRICS,1697332765000,1697332800000,2,111.0,,2573205504.0,,,0.176313102162135,0.176313102162135,0.0,805.579392,
2210,NFCORE_CHIPSEQ:CHIPSEQ:BEDTOOLS_GENOMECOV,1697332584000,1697332800000,2,121.0,,4567597056.0,,,0.5408184592203433,0.5408184592203433,0.0,805.579392,
2246,NFCORE_CHIPSEQ:CHIPSEQ:BEDTOOLS_GENOMECOV,1697332607000,1697332800000,2,121.2,,4567597056.0,,,0.47279720945080994,0.47279720945080994,0.0,805.579392,
2247,NFCORE_CHIPSEQ:CHIPSEQ:BEDTOOLS_GENOMECOV,1697332627000,1697332800000,2,120.4,,4567597056.0,,,0.47689881133087675,0.47689881133087675,0.0,805.579392,
2287,NFCORE_CHIPSEQ:CHIPSEQ:BEDTOOLS_GENOMECOV,1697332638000,1697332800000,2,121.0,,4567597056.0,,,0.46075772054422,0.46075772054422,0.0,805.579392,
2398,NFCORE_CHIPSEQ:CHIPSEQ:BEDTOOLS_GENOMECOV,1697332716000,1697332800000,2,124.3,,4567597056.0,,,0.33866014992450666,0.33866014992450666,0.0,805.579392,
2102,NFCORE_CHIPSEQ:CHIPSEQ:BEDTOOLS_GENOMECOV,1697332524000,1697332800000,2,122.7,,4567597056.0,,,0.66394544422128,0.66394544422128,0.0,805.579392,
2113,NFCORE_CHIPSEQ:CHIPSEQ:BEDTOOLS_GENOMECOV,1697332527000,1697332800000,2,122.8,,4567597056.0,,,0.65940636098407,0.65940636098407,0.0,805.579392,
2141,NFCORE_CHIPSEQ:CHIPSEQ:BEDTOOLS_GENOMECOV,1697332570000,1697332800000,2,122.7,,4567597056.0,,,0.58797158741984,0.58797158741984,0.0,805.579392,
2152,NFCORE_CHIPSEQ:CHIPSEQ:MACS2_CALLPEAK,1697332594000,1697332800000,1,99.1,,1892679680.0,,,0.41313948213187,0.41313948213187,0.0,805.579392,
2208,NFCORE_CHIPSEQ:CHIPSEQ:BEDTOOLS_GENOMECOV,1697332581000,1697332800000,2,122.6,,4567597056.0,,,0.5975040391340333,0.5975040391340333,0.0,805.579392,
2269,NFCORE_CHIPSEQ:CHIPSEQ:BEDTOOLS_GENOMECOV,1697332624000,1697332800000,2,121.9,,4567597056.0,,,0.5094137228325334,0.5094137228325334,0.0,805.579392,
2270,NFCORE_CHIPSEQ:CHIPSEQ:BEDTOOLS_GENOMECOV,1697332645000,1697332800000,2,122.5,,4567597056.0,,,0.4635155992155267,0.4635155992155267,0.0,805.579392,
2293,NFCORE_CHIPSEQ:CHIPSEQ:BEDTOOLS_GENOMECOV,1697332664000,1697332800000,2,123.4,,4567597056.0,,,0.44790277131090006,0.44790277131090006,0.0,805.579392,
2339,NFCORE_CHIPSEQ:CHIPSEQ:BEDTOOLS_GENOMECOV,1697332682000,1697332800000,2,123.6,,4567597056.0,,,0.44182148604650007,0.44182148604650007,0.0,805.579392,
2477,NFCORE_CHIPSEQ:CHIPSEQ:BEDTOOLS_GENOMECOV,1697332733000,1697332800000,2,123.7,,4567597056.0,,,0.36398346818326,0.36398346818326,0.0,805.579392,
2201,NFCORE_CHIPSEQ:CHIPSEQ:MACS2_CALLPEAK,1697332648000,1697332800000,1,98.0,,1892679680.0,,,0.37387930822987503,0.37387930822987503,0.0,805.579392,
2209,NFCORE_CHIPSEQ:CHIPSEQ:BEDTOOLS_GENOMECOV,1697332582000,1697332800000,2,122.0,,4567597056.0,,,0.6100397565546434,0.6100397565546434,0.0,805.579392,
2248,NFCORE_CHIPSEQ:CHIPSEQ:BEDTOOLS_GENOMECOV,1697332617000,1697332800000,2,122.3,,4567597056.0,,,0.5700134885387467,0.5700134885387467,0.0,805.579392,
2370,NFCORE_CHIPSEQ:CHIPSEQ:MACS2_CALLPEAK,1697332700000,1697332800000,1,97.5,,1892679680.0,,,0.31954961273121246,0.31954961273121246,0.0,805.579392,
2460,NFCORE_CHIPSEQ:CHIPSEQ:MACS2_CALLPEAK,1697332753000,1697332800000,1,97.1,,1892679680.0,,,0.2530965714971925,0.2530965714971925,0.0,805.579392,
2264,NFCORE_CHIPSEQ:CHIPSEQ:MACS2_CALLPEAK,1697332648000,1697332800000,1,97.6,,1892679680.0,,,0.38544104904725573,0.38544104904725573,0.0,805.579392,
2157,NFCORE_CHIPSEQ:CHIPSEQ:MACS2_CALLPEAK,1697332607000,1697332800000,1,97.5,,1892679680.0,,,0.44596484414136256,0.44596484414136256,0.0,805.579392,
2341,NFCORE_CHIPSEQ:CHIPSEQ:BEDTOOLS_GENOMECOV,1697332680000,1697332800000,2,123.1,,4567597056.0,,,0.5099781878370666,0.5099781878370666,0.0,805.579392,
2474,NFCORE_CHIPSEQ:CHIPSEQ:MACS2_CALLPEAK,1697332740000,1697332800000,1,96.9,,1892679680.0,,,0.2910649425514583,0.2910649425514583,0.0,805.579392,
2285,NFCORE_CHIPSEQ:CHIPSEQ:MACS2_CALLPEAK,1697332675000,1697332800000,1,97.1,,1892679680.0,,,0.37206362353734745,0.37206362353734745,0.0,805.579392,
2228,NFCORE_CHIPSEQ:CHIPSEQ:BEDTOOLS_GENOMECOV,1697332620000,1697332800000,2,122.7,,4567597056.0,,,0.6243069102379201,0.6243069102379201,0.0,805.579392,
2452,NFCORE_CHIPSEQ:CHIPSEQ:BEDTOOLS_GENOMECOV,1697332721000,1697332800000,2,121.2,,4567597056.0,,,0.45970939742448996,0.45970939742448996,0.0,805.579392,
2374,NFCORE_CHIPSEQ:CHIPSEQ:MACS2_CALLPEAK,1697332767000,1697332800000,1,96.8,,1892679680.0,,,0.29080445789562503,0.29080445789562503,0.0,805.579392,
2294,NFCORE_CHIPSEQ:CHIPSEQ:BEDTOOLS_GENOMECOV,1697332656000,1697332800000,2,121.5,,4567597056.0,,,0.60810696040836,0.60810696040836,0.0,805.579392,
2249,NFCORE_CHIPSEQ:CHIPSEQ:BEDTOOLS_GENOMECOV,1697332617000,1697332800000,2,122.7,,4567597056.0,,,0.7019323726220001,0.7019323726220001,0.0,805.579392,
2340,NFCORE_CHIPSEQ:CHIPSEQ:BEDTOOLS_GENOMECOV,1697332679000,1697332800000,2,121.2,,4567597056.0,,,0.59876740020414,0.59876740020414,0.0,805.579392,
2375,NFCORE_CHIPSEQ:CHIPSEQ:MACS2_CALLPEAK,1697332797000,1697332800000,1,95.9,,1892679680.0,,,0.2826908940732625,0.2826908940732625,0.0,805.579392,
2536,NFCORE_CHIPSEQ:CHIPSEQ:MACS2_CALLPEAK,1697332796000,1697332800000,1,96.6,,1892679680.0,,,0.2879612206752867,0.2879612206752867,0.0,805.579392,
2311,NFCORE_CHIPSEQ:CHIPSEQ:HOMER_ANNOTATEPEAKS_MACS2,1697332662000,1697332800000,1,101.4,,4807720960.0,,,0.565222875024275,0.565222875024275,0.0,805.579392,
2524,NFCORE_CHIPSEQ:CHIPSEQ:BEDTOOLS_GENOMECOV,1697332778000,1697332800000,2,122.3,,4567597056.0,,,0.4513979649121867,0.4513979649121867,0.0,805.579392,
2229,NFCORE_CHIPSEQ:CHIPSEQ:BEDTOOLS_GENOMECOV,1697332620000,1697332800000,2,122.8,,4567597056.0,,,0.71890167174955,0.71890167174955,0.0,805.579392,
2373,NFCORE_CHIPSEQ:CHIPSEQ:MACS2_CALLPEAK,1697332794000,1697332800000,1,96.9,,1892679680.0,,,0.3038718000237225,0.3038718000237225,0.0,805.579392,
2419,NFCORE_CHIPSEQ:CHIPSEQ:MACS2_CALLPEAK,1697332724000,1697332800000,1,98.3,,1892679680.0,,,0.39019832751865746,0.39019832751865746,0.0,805.579392,
2455,NFCORE_CHIPSEQ:CHIPSEQ:BEDTOOLS_GENOMECOV,1697332721000,1697332800000,2,122.5,,4567597056.0,,,0.5608373798337333,0.5608373798337333,0.0,805.579392,
2371,NFCORE_CHIPSEQ:CHIPSEQ:MACS2_CALLPEAK,1697332791000,1697332800000,1,97.3,,1892679680.0,,,0.31781228671817335,0.31781228671817335,0.0,805.579392,
2454,NFCORE_CHIPSEQ:CHIPSEQ:BEDTOOLS_GENOMECOV,1697332721000,1697332800000,2,120.8,,4567597056.0,,,0.57766029707402,0.57766029707402,0.0,805.579392,
2344,NFCORE_CHIPSEQ:CHIPSEQ:HOMER_ANNOTATEPEAKS_MACS2,1697332683000,1697332800000,1,100.1,,4807720960.0,,,0.5800406652984766,0.5800406652984766,0.0,805.579392,
2391,NFCORE_CHIPSEQ:CHIPSEQ:MACS2_CALLPEAK,1697332699000,1697332800000,1,97.8,,1892679680.0,,,0.4553712405125433,0.4553712405125433,0.0,805.579392,
2453,NFCORE_CHIPSEQ:CHIPSEQ:BEDTOOLS_GENOMECOV,1697332728000,1697332800000,2,122.0,,4567597056.0,,,0.5886637003950467,0.5886637003950467,0.0,805.579392,
2456,NFCORE_CHIPSEQ:CHIPSEQ:BEDTOOLS_GENOMECOV,1697332728000,1697332800000,2,122.2,,4567597056.0,,,0.5894097284493534,0.5894097284493534,0.0,805.579392,
2385,NFCORE_CHIPSEQ:CHIPSEQ:MACS2_CALLPEAK,1697332744000,1697332800000,1,97.3,,1892679680.0,,,0.4089496336447084,0.4089496336447084,0.0,805.579392,
2476,NFCORE_CHIPSEQ:CHIPSEQ:BEDTOOLS_GENOMECOV,1697332796000,1697332800000,2,121.4,,4567597056.0,,,0.4946942349220734,0.4946942349220734,0.0,805.579392,
2439,NFCORE_CHIPSEQ:CHIPSEQ:HOMER_ANNOTATEPEAKS_MACS2,1697332714000,1697332800000,1,100.4,,4807720960.0,,,0.5798646248730508,0.5798646248730508,0.0,805.579392,
2441,NFCORE_CHIPSEQ:CHIPSEQ:HOMER_ANNOTATEPEAKS_MACS2,1697332713000,1697332800000,1,101.3,,4807720960.0,,,0.582195488775365,0.582195488775365,0.0,805.579392,
2451,NFCORE_CHIPSEQ:CHIPSEQ:BEDTOOLS_GENOMECOV,1697332719000,1697332800000,2,122.3,,4567597056.0,,,0.6606225690868133,0.6606225690868133,0.0,805.579392,
2495,NFCORE_CHIPSEQ:CHIPSEQ:MACS2_CALLPEAK,1697332757000,1697332800000,1,96.1,,1892679680.0,,,0.41960050682255745,0.41960050682255745,0.0,805.579392,
2527,NFCORE_CHIPSEQ:CHIPSEQ:MACS2_CALLPEAK,1697332773000,1697332800000,1,97.9,,1892679680.0,,,0.4240591754745392,0.4240591754745392,0.0,805.579392,
2475,NFCORE_CHIPSEQ:CHIPSEQ:BEDTOOLS_GENOMECOV,1697332765000,1697332800000,2,120.8,,4567597056.0,,,0.6347736032819032,0.6347736032819032,0.0,805.579392,
2523,NFCORE_CHIPSEQ:CHIPSEQ:BEDTOOLS_GENOMECOV,1697332768000,1697332800000,2,121.0,,4567597056.0,,,0.6159775200183367,0.6159775200183367,0.0,805.579392,
2537,NFCORE_CHIPSEQ:CHIPSEQ:HOMER_ANNOTATEPEAKS_MACS2,1697332781000,1697332800000,1,101.2,,4807720960.0,,,0.575987807265215,0.575987807265215,0.0,805.579392,
2042,NFCORE_CHIPSEQ:CHIPSEQ:PHANTOMPEAKQUALTOOLS,1697332505000,1697332800000,1,16.6,,4294967296.0,,,0.40283018475590004,0.40283018475590004,0.0,805.579392,
2017,NFCORE_CHIPSEQ:CHIPSEQ:PHANTOMPEAKQUALTOOLS,1697332505000,1697332800000,1,15.1,,4294967296.0,,,0.4441731904695,0.4441731904695,0.0,805.579392,
2082,NFCORE_CHIPSEQ:CHIPSEQ:PHANTOMPEAKQUALTOOLS,1697332557000,1697332800000,1,14.5,,4294967296.0,,,0.4567986052001814,0.4567986052001814,0.0,805.806188,
2275,NFCORE_CHIPSEQ:CHIPSEQ:PHANTOMPEAKQUALTOOLS,1697332629000,1697332800000,1,16.0,,4294967296.0,,,0.42754104003866,0.42754104003866,0.0,805.806188,
2501,NFCORE_CHIPSEQ:CHIPSEQ:PHANTOMPEAKQUALTOOLS,1697332738000,1697332800000,1,15.4,,4294967296.0,,,0.3840368030815604,0.3840368030815604,0.0,805.806188,
2504,NFCORE_CHIPSEQ:CHIPSEQ:PHANTOMPEAKQUALTOOLS,1697332753000,1697332800000,1,14.9,,4294967296.0,,,0.43887171318488016,0.43887171318488016,0.0,805.806188,
2131,NFCORE_CHIPSEQ:CHIPSEQ:PHANTOMPEAKQUALTOOLS,1697332547000,1697332800000,1,14.3,,4294967296.0,,,0.5459272774018282,0.5459272774018282,0.0,805.806188,
2357,NFCORE_CHIPSEQ:CHIPSEQ:PHANTOMPEAKQUALTOOLS,1697332743000,1697332800000,1,14.7,,4294967296.0,,,0.47740776447859734,0.47740776447859734,0.0,805.806188,
2505,NFCORE_CHIPSEQ:CHIPSEQ:PHANTOMPEAKQUALTOOLS,1697332758000,1697332800000,1,14.8,,4294967296.0,,,0.491033063597635,0.491033063597635,0.0,805.919586,
2178,NFCORE_CHIPSEQ:CHIPSEQ:PHANTOMPEAKQUALTOOLS,1697332570000,1697332800000,1,13.9,,4294967296.0,,,0.5840365000607074,0.5840365000607074,0.0,805.919586,
2223,NFCORE_CHIPSEQ:CHIPSEQ:PHANTOMPEAKQUALTOOLS,1697332597000,1697332800000,1,14.3,,4294967296.0,,,0.5689484004263884,0.5689484004263884,0.0,805.919586,
2489,NFCORE_CHIPSEQ:CHIPSEQ:PHANTOMPEAKQUALTOOLS,1697332731000,1697332800000,1,13.5,,4294967296.0,,,0.5172021824046954,0.5172021824046954,0.0,805.919586,
2169,NFCORE_CHIPSEQ:CHIPSEQ:PHANTOMPEAKQUALTOOLS,1697332556000,1697332800000,1,13.5,,4294967296.0,,,0.6105982297112298,0.6105982297112298,0.0,805.919586,
2118,NFCORE_CHIPSEQ:CHIPSEQ:PHANTOMPEAKQUALTOOLS,1697332535000,1697332800000,1,12.9,,4294967296.0,,,0.6280755751529317,0.6280755751529317,0.0,805.919586,
2546,NFCORE_CHIPSEQ:CHIPSEQ:PHANTOMPEAKQUALTOOLS,1697332792000,1697332800000,1,13.6,,4294967296.0,,,0.5207797229679416,0.5207797229679416,0.0,805.919586,
2120,NFCORE_CHIPSEQ:CHIPSEQ:PHANTOMPEAKQUALTOOLS,1697332528000,1697332800000,1,14.4,,4294967296.0,,,0.6683492362736199,0.6683492362736199,0.0,805.919586,
2166,NFCORE_CHIPSEQ:CHIPSEQ:PHANTOMPEAKQUALTOOLS,1697332560000,1697332800000,1,14.2,,4294967296.0,,,0.6735635616513375,0.6735635616513375,0.0,805.919586,
2306,NFCORE_CHIPSEQ:CHIPSEQ:PHANTOMPEAKQUALTOOLS,1697332663000,1697332800000,1,13.6,,4294967296.0,,,0.6203007726531499,0.6203007726531499,0.0,805.919586,
2179,NFCORE_CHIPSEQ:CHIPSEQ:PHANTOMPEAKQUALTOOLS,1697332600000,1697332800000,1,14.0,,4294967296.0,,,0.6638025573233755,0.6638025573233755,0.0,805.919586,
2401,NFCORE_CHIPSEQ:CHIPSEQ:PHANTOMPEAKQUALTOOLS,1697332719000,1697332800000,1,15.0,,4294967296.0,,,0.6239701847283712,0.6239701847283712,0.0,805.919586,
2354,NFCORE_CHIPSEQ:CHIPSEQ:PHANTOMPEAKQUALTOOLS,1697332717000,1697332800000,1,13.4,,4294967296.0,,,0.6108206849066635,0.6108206849066635,0.0,805.919586,
2412,NFCORE_CHIPSEQ:CHIPSEQ:PHANTOMPEAKQUALTOOLS,1697332711000,1697332800000,1,13.7,,4294967296.0,,,0.6156994433873978,0.6156994433873978,0.0,805.919586,
2408,NFCORE_CHIPSEQ:CHIPSEQ:PHANTOMPEAKQUALTOOLS,1697332710000,1697332800000,1,13.0,,4294967296.0,,,0.6284988152450608,0.6284988152450608,0.0,805.976285,
2251,NFCORE_CHIPSEQ:CHIPSEQ:PHANTOMPEAKQUALTOOLS,1697332614000,1697332800000,1,15.2,,4294967296.0,,,0.7095582566118195,0.7095582566118195,0.0,805.976285,
2331,NFCORE_CHIPSEQ:CHIPSEQ:PHANTOMPEAKQUALTOOLS,1697332701000,1697332800000,1,14.0,,4294967296.0,,,0.6797356289131158,0.6797356289131158,0.0,805.976285,
2073,NFCORE_CHIPSEQ:CHIPSEQ:PHANTOMPEAKQUALTOOLS,1697332535000,1697332800000,1,12.6,,4294967296.0,,,0.7518740523445764,0.7518740523445764,0.0,805.976285,
2322,NFCORE_CHIPSEQ:CHIPSEQ:PHANTOMPEAKQUALTOOLS,1697332680000,1697332800000,1,15.2,,4294967296.0,,,0.7630784603457343,0.7630784603457343,0.0,805.976285,
2069,NFCORE_CHIPSEQ:CHIPSEQ:PHANTOMPEAKQUALTOOLS,1697332514000,1697332800000,1,13.3,,4294967296.0,,,0.8278858883766143,0.8278858883766143,0.0,805.976285,
2486,NFCORE_CHIPSEQ:CHIPSEQ:PHANTOMPEAKQUALTOOLS,1697332730000,1697332800000,1,12.7,,4294967296.0,,,0.717291431654722,0.717291431654722,0.0,805.976285,
2224,NFCORE_CHIPSEQ:CHIPSEQ:PHANTOMPEAKQUALTOOLS,1697332598000,1697332800000,1,12.8,,4294967296.0,,,0.8006852547738754,0.8006852547738754,0.0,805.976285,
2212,NFCORE_CHIPSEQ:CHIPSEQ:PHANTOMPEAKQUALTOOLS,1697332588000,1697332800000,1,12.5,,4294967296.0,,,0.8157323622439233,0.8157323622439233,0.0,805.976285,
2510,NFCORE_CHIPSEQ:CHIPSEQ:PHANTOMPEAKQUALTOOLS,1697332758000,1697332800000,1,13.6,,4294967296.0,,,0.7612804902320248,0.7612804902320248,0.0,805.0974504999999,
2319,NFCORE_CHIPSEQ:CHIPSEQ:PHANTOMPEAKQUALTOOLS,1697332700000,1697332800000,1,14.0,,4294967296.0,,,0.8029798186376632,0.8029798186376632,0.0,805.0974504999999,
2076,NFCORE_CHIPSEQ:CHIPSEQ:PHANTOMPEAKQUALTOOLS,1697332536000,1697332800000,1,12.9,,4294967296.0,,,0.8766355919402561,0.8766355919402561,0.0,805.0974504999999,
2125,NFCORE_CHIPSEQ:CHIPSEQ:PHANTOMPEAKQUALTOOLS,1697332600000,1697332800000,1,12.5,,4294967296.0,,,0.8339925909994784,0.8339925909994784,0.0,805.0974504999999,
2328,NFCORE_CHIPSEQ:CHIPSEQ:PHANTOMPEAKQUALTOOLS,1697332674000,1697332800000,1,13.4,,4294967296.0,,,0.8281516634862024,0.8281516634862024,0.0,805.0974504999999,
2552,NFCORE_CHIPSEQ:CHIPSEQ:PHANTOMPEAKQUALTOOLS,1697332791000,1697332800000,1,14.7,,4294967296.0,,,0.7890296531404174,0.7890296531404174,0.0,805.0974504999999,
2313,NFCORE_CHIPSEQ:CHIPSEQ:PHANTOMPEAKQUALTOOLS,1697332670000,1697332800000,1,12.8,,4294967296.0,,,0.8422543297322932,0.8422543297322932,0.0,805.0974504999999,
2300,NFCORE_CHIPSEQ:CHIPSEQ:PHANTOMPEAKQUALTOOLS,1697332651000,1697332800000,1,13.5,,4294967296.0,,,0.8883239851411194,0.8883239851411194,0.0,805.0974504999999,
2405,NFCORE_CHIPSEQ:CHIPSEQ:PHANTOMPEAKQUALTOOLS,1697332699000,1697332800000,1,12.6,,4294967296.0,,,0.8578599511467706,0.8578599511467706,0.0,805.0974504999999,
2484,NFCORE_CHIPSEQ:CHIPSEQ:PHANTOMPEAKQUALTOOLS,1697332735000,1697332800000,1,13.4,,4294967296.0,,,0.874619375334884,0.874619375334884,0.0,805.0974504999999,
2079,NFCORE_CHIPSEQ:CHIPSEQ:PHANTOMPEAKQUALTOOLS,1697332523000,1697332800000,1,12.5,,4294967296.0,,,0.9695009559435119,0.9695009559435119,0.0,805.0974504999999,
2323,NFCORE_CHIPSEQ:CHIPSEQ:PHANTOMPEAKQUALTOOLS,1697332699000,1697332800000,1,12.9,,4294967296.0,,,0.8997562910834049,0.8997562910834049,0.0,805.0974504999999,
2435,NFCORE_CHIPSEQ:CHIPSEQ:PHANTOMPEAKQUALTOOLS,1697332709000,1697332800000,1,12.1,,4294967296.0,,,0.9057135511242999,0.9057135511242999,0.0,803.97764525,
2445,NFCORE_CHIPSEQ:CHIPSEQ:PHANTOMPEAKQUALTOOLS,1697332716000,1697332800000,1,14.1,,4294967296.0,,,0.9765287360184622,0.9765287360184622,0.0,803.97764525,
2128,NFCORE_CHIPSEQ:CHIPSEQ:PHANTOMPEAKQUALTOOLS,1697332555000,1697332800000,1,12.6,,4294967296.0,,,1.0283014743516665,1.0283014743516665,0.0,803.97764525,
2521,NFCORE_CHIPSEQ:CHIPSEQ:PHANTOMPEAKQUALTOOLS,1697332764000,1697332800000,1,12.7,,4294967296.0,,,0.9656522818765585,0.9656522818765585,0.0,803.97764525,
2562,NFCORE_CHIPSEQ:CHIPSEQ:FILTER_BAM_BAMTOOLS:BAM_SORT_SAMTOOLS:BAM_STATS_SAMTOOLS:SAMTOOLS_FLAGSTAT,1697332806000,1697332814000,2,140.7,,1073741824.0,,,0.012429810303493332,0.012429810303493332,0.0,805.579392,
2240,NFCORE_CHIPSEQ:CHIPSEQ:FILTER_BAM_BAMTOOLS:BAM_SORT_SAMTOOLS:SAMTOOLS_SORT,1697332823000,1697332837000,5,402.9,,6309281792.0,,,0.06598764780966167,0.06598764780966167,0.0,805.579392,
2338,NFCORE_CHIPSEQ:CHIPSEQ:FILTER_BAM_BAMTOOLS:BAM_SORT_SAMTOOLS:SAMTOOLS_SORT,1697332802000,1697332819000,5,403.6,,6309281792.0,,,0.08025184875076584,0.08025184875076584,0.0,805.579392,
2427,NFCORE_CHIPSEQ:CHIPSEQ:FILTER_BAM_BAMTOOLS:BAM_SORT_SAMTOOLS:SAMTOOLS_SORT,1697332802000,1697332833000,5,421.0,,6309281792.0,,,0.15196182347977416,0.15196182347977416,0.0,805.579392,
2533,NFCORE_CHIPSEQ:CHIPSEQ:FILTER_BAM_BAMTOOLS:BAM_SORT_SAMTOOLS:BAM_STATS_SAMTOOLS:SAMTOOLS_STATS,1697332818000,1697332844000,2,128.7,,1073741824.0,,,0.037146034981553326,0.037146034981553326,0.0,805.579392,
2561,NFCORE_CHIPSEQ:CHIPSEQ:FILTER_BAM_BAMTOOLS:BAM_SORT_SAMTOOLS:BAM_STATS_SAMTOOLS:SAMTOOLS_IDXSTATS,1697332829000,1697332830000,1,99.2,,1073741824.0,,,0.0011213217592533332,0.0011213217592533332,0.0,805.579392,
2565,NFCORE_CHIPSEQ:CHIPSEQ:FILTER_BAM_BAMTOOLS:BAM_SORT_SAMTOOLS:BAM_STATS_SAMTOOLS:SAMTOOLS_STATS,1697332820000,1697332842000,2,128.0,,1073741824.0,,,0.03127080182101333,0.03127080182101333,0.0,805.579392,
2568,NFCORE_CHIPSEQ:CHIPSEQ:FILTER_BAM_BAMTOOLS:BAM_SORT_SAMTOOLS:BAM_STATS_SAMTOOLS:SAMTOOLS_FLAGSTAT,1697332802000,1697332808000,2,142.7,,1073741824.0,,,0.00944739036242,0.00944739036242,0.0,805.579392,
2569,NFCORE_CHIPSEQ:CHIPSEQ:FILTER_BAM_BAMTOOLS:BAM_SORT_SAMTOOLS:BAM_STATS_SAMTOOLS:SAMTOOLS_IDXSTATS,1697332813000,1697332814000,1,61.5,,1073741824.0,,,0.0007285108982566667,0.0007285108982566667,0.0,805.579392,
2570,NFCORE_CHIPSEQ:CHIPSEQ:FILTER_BAM_BAMTOOLS:BAM_SORT_SAMTOOLS:BAM_STATS_SAMTOOLS:SAMTOOLS_FLAGSTAT,1697332808000,1697332814000,2,128.0,,1073741824.0,,,0.00852840049664,0.00852840049664,0.0,805.579392,
2571,NFCORE_CHIPSEQ:CHIPSEQ:FILTER_BAM_BAMTOOLS:BAM_SORT_SAMTOOLS:BAM_STATS_SAMTOOLS:SAMTOOLS_STATS,1697332819000,1697332842000,2,127.5,,1073741824.0,,,0.032572378962103334,0.032572378962103334,0.0,805.579392,
2572,NFCORE_CHIPSEQ:CHIPSEQ:FILTER_BAM_BAMTOOLS:BAM_SORT_SAMTOOLS:BAM_STATS_SAMTOOLS:SAMTOOLS_IDXSTATS,1697332813000,1697332814000,1,17.5,,1073741824.0,,,0.00027005790399,0.00027005790399,0.0,805.579392,
2577,NFCORE_CHIPSEQ:CHIPSEQ:FILTER_BAM_BAMTOOLS:BAM_SORT_SAMTOOLS:BAM_STATS_SAMTOOLS:SAMTOOLS_IDXSTATS,1697332836000,1697332837000,1,60.7,,1073741824.0,,,0.00072017538927,0.00072017538927,0.0,805.579392,
2582,NFCORE_CHIPSEQ:CHIPSEQ:FILTER_BAM_BAMTOOLS:BAM_SORT_SAMTOOLS:BAM_STATS_SAMTOOLS:SAMTOOLS_IDXSTATS,1697332833000,1697332836000,1,55.9,,1073741824.0,,,0.0020104870060500004,0.0020104870060500004,0.0,805.579392,
2463,NFCORE_CHIPSEQ:CHIPSEQ:FILTER_BAM_BAMTOOLS:BAM_SORT_SAMTOOLS:BAM_STATS_SAMTOOLS:SAMTOOLS_STATS,1697332815000,1697332853000,2,131.1,,1073741824.0,,,0.05524060684367333,0.05524060684367333,0.0,805.579392,
2466,NFCORE_CHIPSEQ:CHIPSEQ:FILTER_BAM_BAMTOOLS:BAM_SORT_SAMTOOLS:BAM_STATS_SAMTOOLS:SAMTOOLS_STATS,1697332820000,1697332850000,2,129.7,,1073741824.0,,,0.043173391181099995,0.043173391181099995,0.0,805.579392,
2526,NFCORE_CHIPSEQ:CHIPSEQ:FILTER_BAM_BAMTOOLS:BAM_SORT_SAMTOOLS:SAMTOOLS_SORT,1697332841000,1697332855000,5,430.4,,6309281792.0,,,0.06999911150949499,0.06999911150949499,0.0,805.579392,
2585,NFCORE_CHIPSEQ:CHIPSEQ:FILTER_BAM_BAMTOOLS:BAM_SORT_SAMTOOLS:BAM_STATS_SAMTOOLS:SAMTOOLS_FLAGSTAT,1697332841000,1697332851000,2,149.7,,1073741824.0,,,0.01647500764036667,0.01647500764036667,0.0,805.579392,
2599,NFCORE_CHIPSEQ:CHIPSEQ:FILTER_BAM_BAMTOOLS:BAM_REMOVE_ORPHANS,1697332840000,1697332842000,2,59.0,,1073741824.0,,,0.0014049248653466666,0.0014049248653466666,0.0,805.579392,
2600,NFCORE_CHIPSEQ:CHIPSEQ:MULTIQC_CUSTOM_PEAKS,1697332842000,1697332845000,2,85.7,,1073741824.0,,,0.0029419801353100005,0.0029419801353100005,0.0,805.579392,
2601,NFCORE_CHIPSEQ:CHIPSEQ:FILTER_BAM_BAMTOOLS:BAM_SORT_SAMTOOLS:SAMTOOLS_INDEX,1697332845000,1697332859000,2,150.9,,1073741824.0,,,0.023240056385233337,0.023240056385233337,0.0,805.579392,
2607,NFCORE_CHIPSEQ:CHIPSEQ:FILTER_BAM_BAMTOOLS:BAM_SORT_SAMTOOLS:SAMTOOLS_INDEX,1697332848000,1697332858000,2,157.0,,1073741824.0,,,0.0172356228354,0.0172356228354,0.0,805.579392,
2610,NFCORE_CHIPSEQ:CHIPSEQ:FILTER_BAM_BAMTOOLS:BAM_SORT_SAMTOOLS:BAM_STATS_SAMTOOLS:SAMTOOLS_IDXSTATS,1697332861000,1697332864000,1,78.0,,1073741824.0,,,0.0027012923133200003,0.0027012923133200003,0.0,805.579392,
2335,NFCORE_CHIPSEQ:CHIPSEQ:FILTER_BAM_BAMTOOLS:BAM_SORT_SAMTOOLS:BAM_STATS_SAMTOOLS:SAMTOOLS_IDXSTATS,1697332869000,1697332870000,1,54.5,,1073741824.0,,,0.0006555751946233334,0.0006555751946233334,0.0,805.579392,
2381,NFCORE_CHIPSEQ:CHIPSEQ:FILTER_BAM_BAMTOOLS:BAM_SORT_SAMTOOLS:SAMTOOLS_SORT,1697332847000,1697332861000,5,392.7,,6309281792.0,,,0.06449975945554166,0.06449975945554166,0.0,805.579392,
2382,NFCORE_CHIPSEQ:CHIPSEQ:FILTER_BAM_BAMTOOLS:BAM_SORT_SAMTOOLS:BAM_STATS_SAMTOOLS:SAMTOOLS_STATS,1697332818000,1697332855000,2,130.8,,1073741824.0,,,0.053671251476386676,0.053671251476386676,0.0,805.579392,
2388,NFCORE_CHIPSEQ:CHIPSEQ:FILTER_BAM_BAMTOOLS:BAM_SORT_SAMTOOLS:BAM_STATS_SAMTOOLS:SAMTOOLS_STATS,1697332826000,1697332868000,2,128.6,,1073741824.0,,,0.05996137200956,0.05996137200956,0.0,805.579392,
2393,NFCORE_CHIPSEQ:CHIPSEQ:FILTER_BAM_BAMTOOLS:BAM_SORT_SAMTOOLS:BAM_STATS_SAMTOOLS:SAMTOOLS_STATS,1697332838000,1697332873000,2,129.0,,1073741824.0,,,0.05011368141523334,0.05011368141523334,0.0,805.579392,
2423,NFCORE_CHIPSEQ:CHIPSEQ:FILTER_BAM_BAMTOOLS:BAM_SORT_SAMTOOLS:BAM_STATS_SAMTOOLS:SAMTOOLS_STATS,1697332828000,1697332868000,2,127.5,,1073741824.0,,,0.05664761558626667,0.05664761558626667,0.0,805.579392,
2448,NFCORE_CHIPSEQ:CHIPSEQ:FILTER_BAM_BAMTOOLS:BAM_SORT_SAMTOOLS:BAM_STATS_SAMTOOLS:SAMTOOLS_STATS,1697332824000,1697332855000,2,127.9,,1073741824.0,,,0.044031102468649996,0.044031102468649996,0.0,805.579392,
2468,NFCORE_CHIPSEQ:CHIPSEQ:FILTER_BAM_BAMTOOLS:BAM_SORT_SAMTOOLS:SAMTOOLS_SORT,1697332837000,1697332858000,5,434.2,,6309281792.0,,,0.1058301342856625,0.1058301342856625,0.0,805.579392,
2471,NFCORE_CHIPSEQ:CHIPSEQ:FILTER_BAM_BAMTOOLS:BAM_SORT_SAMTOOLS:BAM_STATS_SAMTOOLS:SAMTOOLS_STATS,1697332835000,1697332868000,2,127.6,,1073741824.0,,,0.04676866683324,0.04676866683324,0.0,805.579392,
2563,NFCORE_CHIPSEQ:CHIPSEQ:FILTER_BAM_BAMTOOLS:BAM_SORT_SAMTOOLS:BAM_STATS_SAMTOOLS:SAMTOOLS_STATS,1697332834000,1697332871000,2,130.5,,1073741824.0,,,0.05355559628919667,0.05355559628919667,0.0,805.579392,
2576,NFCORE_CHIPSEQ:CHIPSEQ:FILTER_BAM_BAMTOOLS:BAM_SORT_SAMTOOLS:BAM_STATS_SAMTOOLS:SAMTOOLS_FLAGSTAT,1697332855000,1697332861000,2,142.0,,1073741824.0,,,0.00940362894024,0.00940362894024,0.0,805.579392,
2592,NFCORE_CHIPSEQ:CHIPSEQ:FILTER_BAM_BAMTOOLS:BAM_SORT_SAMTOOLS:SAMTOOLS_INDEX,1697332867000,1697332876000,2,141.2,,1073741824.0,,,0.014030423829479999,0.014030423829479999,0.0,805.579392,
2609,NFCORE_CHIPSEQ:CHIPSEQ:FILTER_BAM_BAMTOOLS:BAM_SORT_SAMTOOLS:BAM_STATS_SAMTOOLS:SAMTOOLS_FLAGSTAT,1697332861000,1697332873000,2,144.4,,1073741824.0,,,0.019107336204,0.019107336204,0.0,805.579392,
2620,NFCORE_CHIPSEQ:CHIPSEQ:FILTER_BAM_BAMTOOLS:BAM_SORT_SAMTOOLS:BAM_STATS_SAMTOOLS:SAMTOOLS_IDXSTATS,1697332870000,1697332871000,1,84.7,,1073741824.0,,,0.00097024065887,0.00097024065887,0.0,805.579392,
2621,NFCORE_CHIPSEQ:CHIPSEQ:FILTER_BAM_BAMTOOLS:BAM_SORT_SAMTOOLS:BAM_STATS_SAMTOOLS:SAMTOOLS_FLAGSTAT,1697332867000,1697332872000,2,142.0,,1073741824.0,,,0.007836357450200001,0.007836357450200001,0.0,805.579392,
2622,NFCORE_CHIPSEQ:CHIPSEQ:FILTER_BAM_BAMTOOLS:BAM_SORT_SAMTOOLS:BAM_STATS_SAMTOOLS:SAMTOOLS_FLAGSTAT,1697332862000,1697332868000,2,143.0,,1073741824.0,,,0.00946614525764,0.00946614525764,0.0,805.579392,
2623,NFCORE_CHIPSEQ:CHIPSEQ:FILTER_BAM_BAMTOOLS:BAM_SORT_SAMTOOLS:BAM_STATS_SAMTOOLS:SAMTOOLS_IDXSTATS,1697332866000,1697332866000,1,136.8,,1073741824.0,,,0.0,0.0,0.0,805.579392,
2628,NFCORE_CHIPSEQ:CHIPSEQ:FILTER_BAM_BAMTOOLS:BAM_SORT_SAMTOOLS:BAM_STATS_SAMTOOLS:SAMTOOLS_FLAGSTAT,1697332865000,1697332876000,2,140.5,,1073741824.0,,,0.017068066517590002,0.017068066517590002,0.0,805.579392,
2627,NFCORE_CHIPSEQ:CHIPSEQ:FILTER_BAM_BAMTOOLS:BAM_SORT_SAMTOOLS:BAM_STATS_SAMTOOLS:SAMTOOLS_IDXSTATS,1697332881000,1697332882000,1,60.6,,1073741824.0,,,0.0007191334506466667,0.0007191334506466667,0.0,805.579392,
2634,NFCORE_CHIPSEQ:CHIPSEQ:FILTER_BAM_BAMTOOLS:BAM_SORT_SAMTOOLS:BAM_STATS_SAMTOOLS:SAMTOOLS_IDXSTATS,1697332880000,1697332883000,1,105.3,,1073741824.0,,,0.0035546400458299995,0.0035546400458299995,0.0,805.579392,
2428,NFCORE_CHIPSEQ:CHIPSEQ:FILTER_BAM_BAMTOOLS:BAM_SORT_SAMTOOLS:SAMTOOLS_SORT,1697332883000,1697332898000,5,436.2,,6309281792.0,,,0.0759055346481875,0.0759055346481875,0.0,805.579392,
2440,NFCORE_CHIPSEQ:CHIPSEQ:FRIP_SCORE,1697332841000,1697332879000,2,130.4,,1073741824.0,,,0.05496345116986667,0.05496345116986667,0.0,805.579392,
2543,NFCORE_CHIPSEQ:CHIPSEQ:PICARD_COLLECTMULTIPLEMETRICS,1697332808000,1697332885000,2,117.7,,2573205504.0,,,0.11061651536153165,0.11061651536153165,0.0,805.579392,
2547,NFCORE_CHIPSEQ:CHIPSEQ:PICARD_COLLECTMULTIPLEMETRICS,1697332803000,1697332886000,2,116.5,,2573205504.0,,,0.11819821322216166,0.11819821322216166,0.0,805.579392,
2596,NFCORE_CHIPSEQ:CHIPSEQ:FRIP_SCORE,1697332857000,1697332906000,2,129.3,,1073741824.0,,,0.07031231895895666,0.07031231895895666,0.0,805.579392,
2597,NFCORE_CHIPSEQ:CHIPSEQ:UCSC_BEDGRAPHTOBIGWIG,1697332853000,1697332903000,1,96.3,,1073741824.0,,,0.05455527695883333,0.05455527695883333,0.0,805.579392,
2619,NFCORE_CHIPSEQ:CHIPSEQ:FILTER_BAM_BAMTOOLS:BAM_SORT_SAMTOOLS:BAM_STATS_SAMTOOLS:SAMTOOLS_STATS,1697332876000,1697332901000,2,128.6,,1073741824.0,,,0.03569129286283333,0.03569129286283333,0.0,805.579392,
2625,NFCORE_CHIPSEQ:CHIPSEQ:FILTER_BAM_BAMTOOLS:BAM_SORT_SAMTOOLS:BAM_STATS_SAMTOOLS:SAMTOOLS_STATS,1697332871000,1697332898000,2,128.8,,1073741824.0,,,0.038602860977520005,0.038602860977520005,0.0,805.579392,
2632,NFCORE_CHIPSEQ:CHIPSEQ:FILTER_BAM_BAMTOOLS:BAM_SORT_SAMTOOLS:BAM_STATS_SAMTOOLS:SAMTOOLS_FLAGSTAT,1697332883000,1697332889000,2,142.8,,1073741824.0,,,0.00945364199416,0.00945364199416,0.0,805.579392,
2642,NFCORE_CHIPSEQ:CHIPSEQ:FILTER_BAM_BAMTOOLS:BAM_SORT_SAMTOOLS:SAMTOOLS_INDEX,1697332877000,1697332887000,2,142.9,,1073741824.0,,,0.015766489376500003,0.015766489376500003,0.0,805.579392,
2648,NFCORE_CHIPSEQ:CHIPSEQ:FILTER_BAM_BAMTOOLS:BAM_SORT_SAMTOOLS:SAMTOOLS_INDEX,1697332898000,1697332907000,2,134.7,,1073741824.0,,,0.01342088973483,0.01342088973483,0.0,805.579392,
2650,NFCORE_CHIPSEQ:CHIPSEQ:FILTER_BAM_BAMTOOLS:BAM_SORT_SAMTOOLS:SAMTOOLS_INDEX,1697332894000,1697332907000,2,149.8,,1073741824.0,,,0.02143105513458,0.02143105513458,0.0,805.579392,
2657,NFCORE_CHIPSEQ:CHIPSEQ:FILTER_BAM_BAMTOOLS:BAM_SORT_SAMTOOLS:SAMTOOLS_INDEX,1697332898000,1697332907000,2,135.3,,1073741824.0,,,0.013477154420490002,0.013477154420490002,0.0,805.579392,
1512,NFCORE_CHIPSEQ:CHIPSEQ:FILTER_BAM_BAMTOOLS:BAM_SORT_SAMTOOLS:SAMTOOLS_SORT,1697332864000,1697332889000,5,421.2,,6309281792.0,,,0.12260195457614584,0.12260195457614584,0.0,805.579392,
2257,NFCORE_CHIPSEQ:CHIPSEQ:FILTER_BAM_BAMTOOLS:BAM_SORT_SAMTOOLS:BAM_STATS_SAMTOOLS:SAMTOOLS_STATS,1697332889000,1697332918000,2,127.3,,1073741824.0,,,0.04100908885989,0.04100908885989,0.0,805.579392,
2278,NFCORE_CHIPSEQ:CHIPSEQ:FILTER_BAM_BAMTOOLS:BAM_SORT_SAMTOOLS:BAM_STATS_SAMTOOLS:SAMTOOLS_STATS,1697332877000,1697332905000,2,126.9,,1073741824.0,,,0.039478285221666666,0.039478285221666666,0.0,805.579392,
2289,NFCORE_CHIPSEQ:CHIPSEQ:FILTER_BAM_BAMTOOLS:BAM_SORT_SAMTOOLS:BAM_STATS_SAMTOOLS:SAMTOOLS_STATS,1697332869000,1697332902000,2,128.6,,1073741824.0,,,0.047112506578940005,0.047112506578940005,0.0,805.579392,
2372,NFCORE_CHIPSEQ:CHIPSEQ:FILTER_BAM_BAMTOOLS:BAM_SORT_SAMTOOLS:BAM_STATS_SAMTOOLS:SAMTOOLS_STATS,1697332872000,1697332906000,2,129.0,,1073741824.0,,,0.048681861946226666,0.048681861946226666,0.0,805.579392,
2458,NFCORE_CHIPSEQ:CHIPSEQ:FILTER_BAM_BAMTOOLS:BAM_SORT_SAMTOOLS:BAM_STATS_SAMTOOLS:SAMTOOLS_STATS,1697332872000,1697332906000,2,127.7,,1073741824.0,,,0.048221325074713335,0.048221325074713335,0.0,805.579392,
2515,NFCORE_CHIPSEQ:CHIPSEQ:FILTER_BAM_BAMTOOLS:BAM_SORT_SAMTOOLS:BAM_STATS_SAMTOOLS:SAMTOOLS_STATS,1697332868000,1697332911000,2,130.4,,1073741824.0,,,0.06219548421853334,0.06219548421853334,0.0,805.579392,
2530,NFCORE_CHIPSEQ:CHIPSEQ:FILTER_BAM_BAMTOOLS:BAM_SORT_SAMTOOLS:BAM_STATS_SAMTOOLS:SAMTOOLS_STATS,1697332868000,1697332907000,2,128.5,,1073741824.0,,,0.05563778125971,0.05563778125971,0.0,805.579392,
2551,NFCORE_CHIPSEQ:CHIPSEQ:PICARD_COLLECTMULTIPLEMETRICS,1697332811000,1697332924000,2,111.2,,2573205504.0,,,0.15468028854996835,0.15468028854996835,0.0,805.579392,
2598,NFCORE_CHIPSEQ:CHIPSEQ:UCSC_BEDGRAPHTOBIGWIG,1697332868000,1697332912000,1,100.0,,1073741824.0,,,0.049704919802560005,0.049704919802560005,0.0,805.579392,
2662,NFCORE_CHIPSEQ:CHIPSEQ:FILTER_BAM_BAMTOOLS:BAM_SORT_SAMTOOLS:BAM_STATS_SAMTOOLS:SAMTOOLS_IDXSTATS,1697332893000,1697332895000,1,31.4,,1073741824.0,,,0.0008297747452666666,0.0008297747452666666,0.0,805.579392,
2663,NFCORE_CHIPSEQ:CHIPSEQ:FILTER_BAM_BAMTOOLS:BAM_SORT_SAMTOOLS:BAM_STATS_SAMTOOLS:SAMTOOLS_STATS,1697332902000,1697332939000,2,130.3,,1073741824.0,,,0.05347849283107001,0.05347849283107001,0.0,805.579392,
2664,NFCORE_CHIPSEQ:CHIPSEQ:FILTER_BAM_BAMTOOLS:BAM_SORT_SAMTOOLS:BAM_STATS_SAMTOOLS:SAMTOOLS_FLAGSTAT,1697332906000,1697332920000,2,141.6,,1073741824.0,,,0.02188345229765333,0.02188345229765333,0.0,805.579392,
2669,NFCORE_CHIPSEQ:CHIPSEQ:FILTER_BAM_BAMTOOLS:BAM_SORT_SAMTOOLS:BAM_STATS_SAMTOOLS:SAMTOOLS_FLAGSTAT,1697332912000,1697332927000,2,136.6,,1073741824.0,,,0.022665102065699997,0.022665102065699997,0.0,805.579392,
2668,NFCORE_CHIPSEQ:CHIPSEQ:FILTER_BAM_BAMTOOLS:BAM_SORT_SAMTOOLS:BAM_STATS_SAMTOOLS:SAMTOOLS_IDXSTATS,1697332913000,1697332917000,1,66.0,,1073741824.0,,,0.003101592545226666,0.003101592545226666,0.0,805.579392,
2673,NFCORE_CHIPSEQ:CHIPSEQ:FILTER_BAM_BAMTOOLS:BAM_SORT_SAMTOOLS:SAMTOOLS_INDEX,1697332924000,1697332931000,2,155.0,,1073741824.0,,,0.011919064577513332,0.011919064577513332,0.0,805.579392,
2675,NFCORE_CHIPSEQ:CHIPSEQ:FILTER_BAM_BAMTOOLS:BAM_SORT_SAMTOOLS:SAMTOOLS_INDEX,1697332932000,1697332940000,2,142.7,,1073741824.0,,,0.012596520483226665,0.012596520483226665,0.0,805.579392,
2333,NFCORE_CHIPSEQ:CHIPSEQ:FILTER_BAM_BAMTOOLS:BAM_SORT_SAMTOOLS:BAM_STATS_SAMTOOLS:SAMTOOLS_STATS,1697332909000,1697332933000,2,126.8,,1073741824.0,,,0.033813523663039996,0.033813523663039996,0.0,805.579392,
2424,NFCORE_CHIPSEQ:CHIPSEQ:FILTER_BAM_BAMTOOLS:BAM_SORT_SAMTOOLS:SAMTOOLS_SORT,1697332911000,1697332945000,5,419.6,,6309281792.0,,,0.16617184361246504,0.16617184361246504,0.0,805.579392,
2425,NFCORE_CHIPSEQ:CHIPSEQ:FILTER_BAM_BAMTOOLS:BAM_SORT_SAMTOOLS:SAMTOOLS_SORT,1697332903000,1697332933000,5,450.3,,6309281792.0,,,0.156218469673075,0.156218469673075,0.0,805.579392,
2433,NFCORE_CHIPSEQ:CHIPSEQ:FILTER_BAM_BAMTOOLS:BAM_SORT_SAMTOOLS:BAM_STATS_SAMTOOLS:SAMTOOLS_STATS,1697332907000,1697332933000,2,127.2,,1073741824.0,,,0.03673967891845333,0.03673967891845333,0.0,805.579392,
2602,NFCORE_CHIPSEQ:CHIPSEQ:PICARD_COLLECTMULTIPLEMETRICS,1697332843000,1697332953000,2,113.4,,2573205504.0,,,0.15309522368525,0.15309522368525,0.0,805.579392,
2629,NFCORE_CHIPSEQ:CHIPSEQ:FILTER_BAM_BAMTOOLS:BAM_SORT_SAMTOOLS:BAM_STATS_SAMTOOLS:SAMTOOLS_STATS,1697332916000,1697332954000,2,130.1,,1073741824.0,,,0.05484467016680666,0.05484467016680666,0.0,805.579392,
2637,NFCORE_CHIPSEQ:CHIPSEQ:UCSC_BEDGRAPHTOBIGWIG,1697332875000,1697332943000,1,100.6,,1073741824.0,,,0.07724180519863999,0.07724180519863999,0.0,805.579392,
2640,NFCORE_CHIPSEQ:CHIPSEQ:UCSC_BEDGRAPHTOBIGWIG,1697332895000,1697332943000,1,101.2,,1073741824.0,,,0.05482370552256001,0.05482370552256001,0.0,805.579392,
2661,NFCORE_CHIPSEQ:CHIPSEQ:FILTER_BAM_BAMTOOLS:BAM_SORT_SAMTOOLS:SAMTOOLS_SORT,1697332922000,1697332945000,5,421.3,,6309281792.0,,,0.11281776279839084,0.11281776279839084,0.0,805.579392,
2680,NFCORE_CHIPSEQ:CHIPSEQ:FILTER_BAM_BAMTOOLS:BAM_SORT_SAMTOOLS:BAM_STATS_SAMTOOLS:SAMTOOLS_STATS,1697332932000,1697332964000,2,130.7,,1073741824.0,,,0.046385037619306665,0.046385037619306665,0.0,805.579392,
2679,NFCORE_CHIPSEQ:CHIPSEQ:FILTER_BAM_BAMTOOLS:BAM_SORT_SAMTOOLS:BAM_STATS_SAMTOOLS:SAMTOOLS_IDXSTATS,1697332931000,1697332933000,1,77.1,,1073741824.0,,,0.0017821066469933334,0.0017821066469933334,0.0,805.579392,
2681,NFCORE_CHIPSEQ:CHIPSEQ:FILTER_BAM_BAMTOOLS:BAM_SORT_SAMTOOLS:BAM_STATS_SAMTOOLS:SAMTOOLS_FLAGSTAT,1697332931000,1697332939000,2,141.6,,1073741824.0,,,0.012504829884373332,0.012504829884373332,0.0,805.579392,
2696,NFCORE_CHIPSEQ:CHIPSEQ:FILTER_BAM_BAMTOOLS:BAM_SORT_SAMTOOLS:SAMTOOLS_INDEX,1697332946000,1697332955000,2,137.0,,1073741824.0,,,0.013636571029860002,0.013636571029860002,0.0,805.579392,
2698,NFCORE_CHIPSEQ:CHIPSEQ:MULTIQC_CUSTOM_PEAKS,1697332945000,1697332946000,2,16.2,,1073741824.0,,,0.00025651270188666665,0.00025651270188666665,0.0,805.579392,
2365,NFCORE_CHIPSEQ:CHIPSEQ:FILTER_BAM_BAMTOOLS:BAM_SORT_SAMTOOLS:SAMTOOLS_SORT,1697332938000,1697332963000,5,423.7,,6309281792.0,,,0.12325316621572917,0.12325316621572917,0.0,805.579392,
2583,NFCORE_CHIPSEQ:CHIPSEQ:FILTER_BAM_BAMTOOLS:BAM_SORT_SAMTOOLS:BAM_STATS_SAMTOOLS:SAMTOOLS_STATS,1697332928000,1697332965000,2,129.7,,1073741824.0,,,0.05324718245669,0.05324718245669,0.0,805.579392,
2633,NFCORE_CHIPSEQ:CHIPSEQ:FILTER_BAM_BAMTOOLS:BAM_SORT_SAMTOOLS:BAM_STATS_SAMTOOLS:SAMTOOLS_STATS,1697332932000,1697332963000,2,129.0,,1073741824.0,,,0.04438640353920666,0.04438640353920666,0.0,805.579392,
2525,NFCORE_CHIPSEQ:CHIPSEQ:FILTER_BAM_BAMTOOLS:BAM_SORT_SAMTOOLS:SAMTOOLS_SORT,1697332949000,1697332973000,5,413.0,,6309281792.0,,,0.11564734118238001,0.11564734118238001,0.0,805.579392,
2360,NFCORE_CHIPSEQ:CHIPSEQ:FILTER_BAM_BAMTOOLS:BAM_SORT_SAMTOOLS:SAMTOOLS_SORT,1697332948000,1697332980000,5,401.2,,6309281792.0,,,0.1502620946681333,0.1502620946681333,0.0,805.579392,
1639,NFCORE_CHIPSEQ:CHIPSEQ:FILTER_BAM_BAMTOOLS:BAM_SORT_SAMTOOLS:SAMTOOLS_SORT,1697332953000,1697332984000,5,425.1,,6309281792.0,,,0.15328612747003081,0.15328612747003081,0.0,805.579392,
2594,NFCORE_CHIPSEQ:CHIPSEQ:PICARD_COLLECTMULTIPLEMETRICS,1697332893000,1697332990000,2,112.1,,2573205504.0,,,0.13368826719115168,0.13368826719115168,0.0,805.579392,
2645,NFCORE_CHIPSEQ:CHIPSEQ:FRIP_SCORE,1697332911000,1697332994000,2,129.5,,1073741824.0,,,0.11927342045623666,0.11927342045623666,0.0,805.579392,
2733,NFCORE_CHIPSEQ:CHIPSEQ:FILTER_BAM_BAMTOOLS:BAM_SORT_SAMTOOLS:BAM_STATS_SAMTOOLS:SAMTOOLS_IDXSTATS,1697332994000,1697332994000,1,86.5,,1073741824.0,,,0.0,0.0,0.0,805.579392,
1557,NFCORE_CHIPSEQ:CHIPSEQ:FILTER_BAM_BAMTOOLS:BAM_SORT_SAMTOOLS:SAMTOOLS_SORT,1697332967000,1697332994000,5,395.2,,6309281792.0,,,0.12509570180643748,0.12509570180643748,0.0,805.579392,
1783,NFCORE_CHIPSEQ:CHIPSEQ:FILTER_BAM_BAMTOOLS:BAM_SORT_SAMTOOLS:SAMTOOLS_SORT,1697332966000,1697332996000,5,439.9,,6309281792.0,,,0.15296762116827498,0.15296762116827498,0.0,805.579392,
2469,NFCORE_CHIPSEQ:CHIPSEQ:FILTER_BAM_BAMTOOLS:BAM_SORT_SAMTOOLS:SAMTOOLS_SORT,1697332977000,1697332996000,5,429.0,,6309281792.0,,,0.09472163851765084,0.09472163851765084,0.0,805.579392,
2646,NFCORE_CHIPSEQ:CHIPSEQ:PICARD_COLLECTMULTIPLEMETRICS,1697332917000,1697332996000,2,114.9,,2573205504.0,,,0.11118490336987498,0.11118490336987498,0.0,805.579392,
2658,NFCORE_CHIPSEQ:CHIPSEQ:PICARD_COLLECTMULTIPLEMETRICS,1697332900000,1697332996000,2,114.5,,2573205504.0,,,0.13471066422064,0.13471066422064,0.0,805.579392,
2674,NFCORE_CHIPSEQ:CHIPSEQ:PICARD_COLLECTMULTIPLEMETRICS,1697332924000,1697333001000,2,118.0,,2573205504.0,,,0.11085720318352166,0.11085720318352166,0.0,805.579392,
1395,NFCORE_CHIPSEQ:CHIPSEQ:FILTER_BAM_BAMTOOLS:BAM_SORT_SAMTOOLS:SAMTOOLS_SORT,1697332988000,1697333001000,5,430.7,,6309281792.0,,,0.0650398105794125,0.0650398105794125,0.0,805.579392,
2430,NFCORE_CHIPSEQ:CHIPSEQ:FILTER_BAM_BAMTOOLS:BAM_SORT_SAMTOOLS:SAMTOOLS_SORT,1697332980000,1697333002000,5,396.6,,6309281792.0,,,0.10225074819752836,0.10225074819752836,0.0,805.579392,
2497,NFCORE_CHIPSEQ:CHIPSEQ:FILTER_BAM_BAMTOOLS:BAM_SORT_SAMTOOLS:SAMTOOLS_SORT,1697332983000,1697333006000,5,410.7,,6309281792.0,,,0.11027751643470417,0.11027751643470417,0.0,805.579392,
2606,NFCORE_CHIPSEQ:CHIPSEQ:PICARD_COLLECTMULTIPLEMETRICS,1697332864000,1697333005000,2,108.4,,2573205504.0,,,0.18889457397477505,0.18889457397477505,0.0,805.579392,
2691,NFCORE_CHIPSEQ:CHIPSEQ:UCSC_BEDGRAPHTOBIGWIG,1697332955000,1697333012000,1,101.8,,1073741824.0,,,0.06545949331722001,0.06545949331722001,0.0,805.579392,
2701,NFCORE_CHIPSEQ:CHIPSEQ:FILTER_BAM_BAMTOOLS:BAM_SORT_SAMTOOLS:BAM_STATS_SAMTOOLS:SAMTOOLS_FLAGSTAT,1697332999000,1697333005000,2,136.5,,1073741824.0,,,0.00905978919454,0.00905978919454,0.0,805.579392,
2702,NFCORE_CHIPSEQ:CHIPSEQ:FILTER_BAM_BAMTOOLS:BAM_SORT_SAMTOOLS:BAM_STATS_SAMTOOLS:SAMTOOLS_IDXSTATS,1697333008000,1697333009000,1,46.8,,1073741824.0,,,0.0005753459206266667,0.0005753459206266667,0.0,805.579392,
2711,NFCORE_CHIPSEQ:CHIPSEQ:FILTER_BAM_BAMTOOLS:BAM_SORT_SAMTOOLS:BAM_STATS_SAMTOOLS:SAMTOOLS_IDXSTATS,1697333003000,1697333005000,1,40.9,,1073741824.0,,,0.0010277430837,0.0010277430837,0.0,805.579392,
2729,NFCORE_CHIPSEQ:CHIPSEQ:UCSC_BEDGRAPHTOBIGWIG,1697332970000,1697333012000,1,98.8,,1073741824.0,,,0.04692046819991999,0.04692046819991999,0.0,805.579392,
2735,NFCORE_CHIPSEQ:CHIPSEQ:FILTER_BAM_BAMTOOLS:BAM_SORT_SAMTOOLS:BAM_STATS_SAMTOOLS:SAMTOOLS_FLAGSTAT,1697333004000,1697333010000,2,139.8,,1073741824.0,,,0.009266093041960001,0.009266093041960001,0.0,805.579392,
2740,NFCORE_CHIPSEQ:CHIPSEQ:FILTER_BAM_BAMTOOLS:BAM_SORT_SAMTOOLS:BAM_STATS_SAMTOOLS:SAMTOOLS_IDXSTATS,1697333009000,1697333013000,1,58.5,,1073741824.0,,,0.002789010958226667,0.002789010958226667,0.0,805.579392,
2567,NFCORE_CHIPSEQ:CHIPSEQ:MACS2_CALLPEAK,1697332814000,1697333016000,1,96.4,,1892679680.0,,,0.23412811557201169,0.23412811557201169,0.0,805.579392,
2710,NFCORE_CHIPSEQ:CHIPSEQ:FILTER_BAM_BAMTOOLS:BAM_SORT_SAMTOOLS:BAM_STATS_SAMTOOLS:SAMTOOLS_FLAGSTAT,1697333009000,1697333016000,2,138.4,,1073741824.0,,,0.0107083318972,0.0107083318972,0.0,805.579392,
2706,NFCORE_CHIPSEQ:CHIPSEQ:FILTER_BAM_BAMTOOLS:BAM_SORT_SAMTOOLS:BAM_STATS_SAMTOOLS:SAMTOOLS_IDXSTATS,1697333020000,1697333020000,1,103.9,,1073741824.0,,,0.0,0.0,0.0,805.579392,
2717,NFCORE_CHIPSEQ:CHIPSEQ:FILTER_BAM_BAMTOOLS:BAM_SORT_SAMTOOLS:BAM_STATS_SAMTOOLS:SAMTOOLS_IDXSTATS,1697333016000,1697333018000,1,38.1,,1073741824.0,,,0.0009693945207933334,0.0009693945207933334,0.0,805.579392,
2755,NFCORE_CHIPSEQ:CHIPSEQ:FILTER_BAM_BAMTOOLS:BAM_SORT_SAMTOOLS:SAMTOOLS_INDEX,1697333009000,1697333020000,2,148.8,,1073741824.0,,,0.018019356480693333,0.018019356480693333,0.0,805.579392,
2652,NFCORE_CHIPSEQ:CHIPSEQ:PICARD_COLLECTMULTIPLEMETRICS,1697332900000,1697333027000,2,108.8,,2573205504.0,,,0.17066838918091165,0.17066838918091165,0.0,805.579392,
2688,NFCORE_CHIPSEQ:CHIPSEQ:UCSC_BEDGRAPHTOBIGWIG,1697332946000,1697333029000,1,99.5,,1073741824.0,,,0.09332914873523665,0.09332914873523665,0.0,805.579392,
2726,NFCORE_CHIPSEQ:CHIPSEQ:UCSC_BEDGRAPHTOBIGWIG,1697332969000,1697333031000,1,96.5,,1073741824.0,,,0.06777774381824665,0.06777774381824665,0.0,805.579392,
2727,NFCORE_CHIPSEQ:CHIPSEQ:UCSC_BEDGRAPHTOBIGWIG,1697332968000,1697333030000,1,101.3,,1073741824.0,,,0.07087855316128665,0.07087855316128665,0.0,805.579392,
2728,NFCORE_CHIPSEQ:CHIPSEQ:UCSC_BEDGRAPHTOBIGWIG,1697332969000,1697333026000,1,101.3,,1073741824.0,,,0.06516254080957,0.06516254080957,0.0,805.579392,
2734,NFCORE_CHIPSEQ:CHIPSEQ:FILTER_BAM_BAMTOOLS:BAM_SORT_SAMTOOLS:BAM_STATS_SAMTOOLS:SAMTOOLS_STATS,1697333013000,1697333037000,2,128.1,,1073741824.0,,,0.034138608513520005,0.034138608513520005,0.0,805.579392,
2690,NFCORE_CHIPSEQ:CHIPSEQ:FRIP_SCORE,1697332936000,1697333037000,2,127.1,,1073741824.0,,,0.14261428615149666,0.14261428615149666,0.0,805.579392,
2697,NFCORE_CHIPSEQ:CHIPSEQ:MULTIQC_CUSTOM_PEAKS,1697333032000,1697333042000,2,59.3,,1073741824.0,,,0.007055882485433333,0.007055882485433333,0.0,805.579392,
2712,NFCORE_CHIPSEQ:CHIPSEQ:FILTER_BAM_BAMTOOLS:BAM_SORT_SAMTOOLS:BAM_STATS_SAMTOOLS:SAMTOOLS_FLAGSTAT,1697333031000,1697333043000,2,137.1,,1073741824.0,,,0.01819459796996,0.01819459796996,0.0,805.579392,
2716,NFCORE_CHIPSEQ:CHIPSEQ:FILTER_BAM_BAMTOOLS:BAM_SORT_SAMTOOLS:BAM_STATS_SAMTOOLS:SAMTOOLS_FLAGSTAT,1697333034000,1697333042000,2,142.8,,1073741824.0,,,0.012604855992213336,0.012604855992213336,0.0,805.579392,
2723,NFCORE_CHIPSEQ:CHIPSEQ:FILTER_BAM_BAMTOOLS:BAM_SORT_SAMTOOLS:SAMTOOLS_INDEX,1697333031000,1697333043000,2,139.7,,1073741824.0,,,0.01851968282044,0.01851968282044,0.0,805.579392,
2725,NFCORE_CHIPSEQ:CHIPSEQ:UCSC_BEDGRAPHTOBIGWIG,1697332967000,1697333038000,1,96.5,,1073741824.0,,,0.07761644856605666,0.07761644856605666,0.0,805.579392,
2694,NFCORE_CHIPSEQ:CHIPSEQ:PICARD_COLLECTMULTIPLEMETRICS,1697332959000,1697333046000,2,108.9,,2573205504.0,,,0.11700521447707499,0.11700521447707499,0.0,805.579392,
2764,NFCORE_CHIPSEQ:CHIPSEQ:FILTER_BAM_BAMTOOLS:BAM_SORT_SAMTOOLS:SAMTOOLS_INDEX,1697333040000,1697333047000,2,153.2,,1073741824.0,,,0.011787780310973332,0.011787780310973332,0.0,805.579392,
2560,NFCORE_CHIPSEQ:CHIPSEQ:MACS2_CALLPEAK,1697332815000,1697333054000,1,97.2,,1892679680.0,,,0.2790051550721242,0.2790051550721242,0.0,805.579392,
2707,NFCORE_CHIPSEQ:CHIPSEQ:FILTER_BAM_BAMTOOLS:BAM_SORT_SAMTOOLS:BAM_STATS_SAMTOOLS:SAMTOOLS_STATS,1697333023000,1697333052000,2,124.2,,1073741824.0,,,0.040072386037513334,0.040072386037513334,0.0,805.579392,
2738,NFCORE_CHIPSEQ:CHIPSEQ:FILTER_BAM_BAMTOOLS:BAM_SORT_SAMTOOLS:BAM_STATS_SAMTOOLS:SAMTOOLS_FLAGSTAT,1697333046000,1697333053000,2,134.7,,1073741824.0,,,0.010438469793756665,0.010438469793756665,0.0,805.579392,
2750,NFCORE_CHIPSEQ:CHIPSEQ:UCSC_BEDGRAPHTOBIGWIG,1697333000000,1697333057000,1,100.0,,1073741824.0,,,0.06439046428968001,0.06439046428968001,0.0,805.579392,
2538,NFCORE_CHIPSEQ:CHIPSEQ:FRIP_SCORE,1697332969000,1697333056000,2,129.9,,1073741824.0,,,0.12538413174565,0.12538413174565,0.0,805.579392,
2574,NFCORE_CHIPSEQ:CHIPSEQ:MACS2_CALLPEAK,1697332824000,1697333056000,1,96.1,,1892679680.0,,,0.2681744286028467,0.2681744286028467,0.0,805.579392,
2749,NFCORE_CHIPSEQ:CHIPSEQ:UCSC_BEDGRAPHTOBIGWIG,1697332999000,1697333060000,1,102.2,,1073741824.0,,,0.07030737499515334,0.07030737499515334,0.0,805.579392,
2751,NFCORE_CHIPSEQ:CHIPSEQ:UCSC_BEDGRAPHTOBIGWIG,1697333003000,1697333061000,1,99.6,,1073741824.0,,,0.06527839179730667,0.06527839179730667,0.0,805.579392,
2752,NFCORE_CHIPSEQ:CHIPSEQ:UCSC_BEDGRAPHTOBIGWIG,1697333003000,1697333061000,1,99.7,,1073741824.0,,,0.06533882423746001,0.06533882423746001,0.0,805.579392,
2759,NFCORE_CHIPSEQ:CHIPSEQ:UCSC_BEDGRAPHTOBIGWIG,1697333015000,1697333065000,1,99.5,,1073741824.0,,,0.05622237875616667,0.05622237875616667,0.0,805.579392,
2789,NFCORE_CHIPSEQ:CHIPSEQ:FILTER_BAM_BAMTOOLS:BAM_SORT_SAMTOOLS:SAMTOOLS_INDEX,1697333056000,1697333066000,2,153.0,,1073741824.0,,,0.01681884738606667,0.01681884738606667,0.0,805.579392,
2580,NFCORE_CHIPSEQ:CHIPSEQ:MACS2_CALLPEAK,1697332856000,1697333071000,1,95.8,,1892679680.0,,,0.24785166575007084,0.24785166575007084,0.0,805.579392,
2618,NFCORE_CHIPSEQ:CHIPSEQ:MACS2_CALLPEAK,1697332868000,1697333063000,1,95.4,,1892679680.0,,,0.22398298471688755,0.22398298471688755,0.0,805.579392,
2744,NFCORE_CHIPSEQ:CHIPSEQ:UCSC_BEDGRAPHTOBIGWIG,1697332995000,1697333076000,1,100.0,,1073741824.0,,,0.09150223872744,0.09150223872744,0.0,805.579392,
2745,NFCORE_CHIPSEQ:CHIPSEQ:UCSC_BEDGRAPHTOBIGWIG,1697332997000,1697333076000,1,100.0,,1073741824.0,,,0.08924292419096001,0.08924292419096001,0.0,805.579392,
2757,NFCORE_CHIPSEQ:CHIPSEQ:FILTER_BAM_BAMTOOLS:BAM_SORT_SAMTOOLS:SAMTOOLS_INDEX,1697333050000,1697333066000,2,143.6,,1073741824.0,,,0.02534308012821333,0.02534308012821333,0.0,805.579392,
2766,NFCORE_CHIPSEQ:CHIPSEQ:FILTER_BAM_BAMTOOLS:BAM_SORT_SAMTOOLS:BAM_STATS_SAMTOOLS:SAMTOOLS_FLAGSTAT,1697333067000,1697333073000,2,136.4,,1073741824.0,,,0.009053537562800001,0.009053537562800001,0.0,805.579392,
2767,NFCORE_CHIPSEQ:CHIPSEQ:FILTER_BAM_BAMTOOLS:BAM_SORT_SAMTOOLS:BAM_STATS_SAMTOOLS:SAMTOOLS_IDXSTATS,1697333067000,1697333070000,1,94.8,,1073741824.0,,,0.0032264293794799998,0.0032264293794799998,0.0,805.579392,
2791,NFCORE_CHIPSEQ:CHIPSEQ:FILTER_BAM_BAMTOOLS:BAM_SORT_SAMTOOLS:SAMTOOLS_INDEX,1697333065000,1697333077000,2,137.1,,1073741824.0,,,0.01819459796996,0.01819459796996,0.0,805.579392,
2556,NFCORE_CHIPSEQ:CHIPSEQ:BEDTOOLS_GENOMECOV,1697332815000,1697333082000,2,122.2,,4567597056.0,,,0.43958770250273,0.43958770250273,0.0,805.579392,
2557,NFCORE_CHIPSEQ:CHIPSEQ:BEDTOOLS_GENOMECOV,1697332809000,1697333075000,2,121.2,,4567597056.0,,,0.43516974987513996,0.43516974987513996,0.0,805.579392,
2581,NFCORE_CHIPSEQ:CHIPSEQ:MACS2_CALLPEAK,1697332883000,1697333083000,1,96.0,,1892679680.0,,,0.23097646451916665,0.23097646451916665,0.0,805.579392,
2655,NFCORE_CHIPSEQ:CHIPSEQ:BEDTOOLS_GENOMECOV,1697332890000,1697333080000,2,122.6,,4567597056.0,,,0.31360709236316664,0.31360709236316664,0.0,805.579392,
2743,NFCORE_CHIPSEQ:CHIPSEQ:UCSC_BEDGRAPHTOBIGWIG,1697332995000,1697333076000,1,99.8,,1073741824.0,,,0.09133344467045999,0.09133344467045999,0.0,805.579392,
2748,NFCORE_CHIPSEQ:CHIPSEQ:UCSC_BEDGRAPHTOBIGWIG,1697333000000,1697333086000,1,98.8,,1073741824.0,,,0.09607524440936001,0.09607524440936001,0.0,805.579392,
2777,NFCORE_CHIPSEQ:CHIPSEQ:FILTER_BAM_BAMTOOLS:BAM_SORT_SAMTOOLS:SAMTOOLS_INDEX,1697333078000,1697333085000,2,157.1,,1073741824.0,,,0.012072229555143333,0.012072229555143333,0.0,805.579392,
2801,NFCORE_CHIPSEQ:CHIPSEQ:FILTER_BAM_BAMTOOLS:BAM_SORT_SAMTOOLS:SAMTOOLS_INDEX,1697333076000,1697333084000,2,150.1,,1073741824.0,,,0.013213348148239998,0.013213348148239998,0.0,805.579392,
2802,NFCORE_CHIPSEQ:CHIPSEQ:FILTER_BAM_BAMTOOLS:BAM_SORT_SAMTOOLS:SAMTOOLS_INDEX,1697333071000,1697333086000,2,144.8,,1073741824.0,,,0.0239466865724,0.0239466865724,0.0,805.579392,
2817,NFCORE_CHIPSEQ:CHIPSEQ:FILTER_BAM_BAMTOOLS:BAM_SORT_SAMTOOLS:SAMTOOLS_INDEX,1697333080000,1697333088000,2,146.1,,1073741824.0,,,0.012879927788773334,0.012879927788773334,0.0,805.579392,
2575,NFCORE_CHIPSEQ:CHIPSEQ:FILTER_BAM_BAMTOOLS:BAM_SORT_SAMTOOLS:BAM_STATS_SAMTOOLS:SAMTOOLS_STATS,1697333063000,1697333088000,2,128.2,,1073741824.0,,,0.03558709900049999,0.03558709900049999,0.0,805.579392,
2624,NFCORE_CHIPSEQ:CHIPSEQ:MACS2_CALLPEAK,1697332862000,1697333086000,1,94.7,,1892679680.0,,,0.25565951499031997,0.25565951499031997,0.0,805.579392,
2639,NFCORE_CHIPSEQ:CHIPSEQ:FRIP_SCORE,1697333001000,1697333092000,2,128.4,,1073741824.0,,,0.12972667319126668,0.12972667319126668,0.0,805.579392,
2643,NFCORE_CHIPSEQ:CHIPSEQ:PICARD_COLLECTMULTIPLEMETRICS,1697332999000,1697333086000,2,114.1,,2573205504.0,,,0.121718944809035,0.121718944809035,0.0,805.579392,
2656,NFCORE_CHIPSEQ:CHIPSEQ:BEDTOOLS_GENOMECOV,1697332888000,1697333091000,2,121.9,,4567597056.0,,,0.33358382495162664,0.33358382495162664,0.0,805.579392,
2739,NFCORE_CHIPSEQ:CHIPSEQ:FILTER_BAM_BAMTOOLS:BAM_SORT_SAMTOOLS:BAM_STATS_SAMTOOLS:SAMTOOLS_STATS,1697333058000,1697333085000,2,125.9,,1073741824.0,,,0.03778702303545,0.03778702303545,0.0,805.579392,
2782,NFCORE_CHIPSEQ:CHIPSEQ:FILTER_BAM_BAMTOOLS:BAM_SORT_SAMTOOLS:SAMTOOLS_INDEX,1697333081000,1697333090000,2,133.8,,1073741824.0,,,0.013336492706340002,0.013336492706340002,0.0,805.579392,
2819,NFCORE_CHIPSEQ:CHIPSEQ:FILTER_BAM_BAMTOOLS:BAM_SORT_SAMTOOLS:SAMTOOLS_INDEX,1697333085000,1697333091000,2,153.1,,1073741824.0,,,0.01009756006338,0.01009756006338,0.0,805.579392,
2611,NFCORE_CHIPSEQ:CHIPSEQ:FILTER_BAM_BAMTOOLS:BAM_SORT_SAMTOOLS:BAM_STATS_SAMTOOLS:SAMTOOLS_STATS,1697333056000,1697333100000,2,126.4,,1073741824.0,,,0.06321280791600001,0.06321280791600001,0.0,805.579392,
2615,NFCORE_CHIPSEQ:CHIPSEQ:BEDTOOLS_GENOMECOV,1697332867000,1697333098000,2,122.4,,4567597056.0,,,0.38079882612387,0.38079882612387,0.0,805.579392,
2667,NFCORE_CHIPSEQ:CHIPSEQ:FILTER_BAM_BAMTOOLS:BAM_SORT_SAMTOOLS:BAM_STATS_SAMTOOLS:SAMTOOLS_STATS,1697333048000,1697333097000,2,126.9,,1073741824.0,,,0.06908699913791666,0.06908699913791666,0.0,805.579392,
2713,NFCORE_CHIPSEQ:CHIPSEQ:FILTER_BAM_BAMTOOLS:BAM_SORT_SAMTOOLS:BAM_STATS_SAMTOOLS:SAMTOOLS_STATS,1697333060000,1697333100000,2,126.8,,1073741824.0,,,0.05776476959102667,0.05776476959102667,0.0,805.579392,
2773,NFCORE_CHIPSEQ:CHIPSEQ:UCSC_BEDGRAPHTOBIGWIG,1697333026000,1697333099000,1,99.6,,1073741824.0,,,0.08216073450350667,0.08216073450350667,0.0,805.579392,
2774,NFCORE_CHIPSEQ:CHIPSEQ:UCSC_BEDGRAPHTOBIGWIG,1697333030000,1697333100000,1,99.0,,1073741824.0,,,0.08506207903250666,0.08506207903250666,0.0,805.579392,
2798,NFCORE_CHIPSEQ:CHIPSEQ:MULTIQC_CUSTOM_PEAKS,1697333099000,1697333100000,2,28.3,,1073741824.0,,,0.0007651745506200001,0.0007651745506200001,0.0,805.579392,
2810,NFCORE_CHIPSEQ:CHIPSEQ:FILTER_BAM_BAMTOOLS:BAM_SORT_SAMTOOLS:SAMTOOLS_INDEX,1697333089000,1697333099000,2,135.0,,1073741824.0,,,0.01494335786406667,0.01494335786406667,0.0,805.579392,
2811,NFCORE_CHIPSEQ:CHIPSEQ:FILTER_BAM_BAMTOOLS:BAM_SORT_SAMTOOLS:SAMTOOLS_INDEX,1697333093000,1697333100000,2,144.2,,1073741824.0,,,0.012721553118026665,0.012721553118026665,0.0,805.579392,
2832,NFCORE_CHIPSEQ:CHIPSEQ:FILTER_BAM_BAMTOOLS:BAM_SORT_SAMTOOLS:BAM_STATS_SAMTOOLS:SAMTOOLS_FLAGSTAT,1697333096000,1697333100000,2,140.5,,1073741824.0,,,0.018619708928279997,0.018619708928279997,0.0,805.579392,
2586,NFCORE_CHIPSEQ:CHIPSEQ:MACS2_CALLPEAK,1697332861000,1697333100000,1,97.2,,1892679680.0,,,0.28717685417465505,0.28717685417465505,0.0,805.579392,
2677,NFCORE_CHIPSEQ:CHIPSEQ:PICARD_COLLECTMULTIPLEMETRICS,1697333031000,1697333100000,2,114.5,,2573205504.0,,,0.12488801162121832,0.12488801162121832,0.0,805.579392,
2747,NFCORE_CHIPSEQ:CHIPSEQ:FRIP_SCORE,1697332997000,1697333100000,2,125.4,,1073741824.0,,,0.1715000904637,0.1715000904637,0.0,805.579392,
2768,NFCORE_CHIPSEQ:CHIPSEQ:FILTER_BAM_BAMTOOLS:BAM_SORT_SAMTOOLS:BAM_STATS_SAMTOOLS:SAMTOOLS_STATS,1697333087000,1697333100000,2,127.5,,1073741824.0,,,0.03965333091038666,0.03965333091038666,0.0,805.579392,
2605,NFCORE_CHIPSEQ:CHIPSEQ:BEDTOOLS_GENOMECOV,1697332872000,1697333100000,2,120.9,,4567597056.0,,,0.43433828285372,0.43433828285372,0.0,805.579392,
2722,NFCORE_CHIPSEQ:CHIPSEQ:PICARD_COLLECTMULTIPLEMETRICS,1697333040000,1697333100000,2,106.1,,2573205504.0,,,0.11972990495572167,0.11972990495572167,0.0,805.579392,
2763,NFCORE_CHIPSEQ:CHIPSEQ:PICARD_COLLECTMULTIPLEMETRICS,1697333040000,1697333100000,2,112.7,,2573205504.0,,,0.13152571308910832,0.13152571308910832,0.0,805.579392,
2779,NFCORE_CHIPSEQ:CHIPSEQ:FRIP_SCORE,1697333045000,1697333100000,2,125.8,,1073741824.0,,,0.13005840127458,0.13005840127458,0.0,805.579392,
2781,NFCORE_CHIPSEQ:CHIPSEQ:FRIP_SCORE,1697333045000,1697333100000,2,125.5,,1073741824.0,,,0.12418629392990999,0.12418629392990999,0.0,805.579392,
2795,NFCORE_CHIPSEQ:CHIPSEQ:UCSC_BEDGRAPHTOBIGWIG,1697333065000,1697333100000,1,99.4,,1073741824.0,,,0.07414477200899999,0.07414477200899999,0.0,805.579392,
2678,NFCORE_CHIPSEQ:CHIPSEQ:BEDTOOLS_GENOMECOV,1697332920000,1697333100000,2,124.3,,4567597056.0,,,0.3736939585373867,0.3736939585373867,0.0,805.579392,
2685,NFCORE_CHIPSEQ:CHIPSEQ:BEDTOOLS_GENOMECOV,1697332943000,1697333100000,2,122.5,,4567597056.0,,,0.33980147131102667,0.33980147131102667,0.0,805.579392,
2754,NFCORE_CHIPSEQ:CHIPSEQ:PICARD_COLLECTMULTIPLEMETRICS,1697333019000,1697333100000,2,107.0,,2573205504.0,,,0.17623706162126168,0.17623706162126168,0.0,805.579392,
2786,NFCORE_CHIPSEQ:CHIPSEQ:FRIP_SCORE,1697333045000,1697333100000,2,127.2,,1073741824.0,,,0.15402403854274666,0.15402403854274666,0.0,805.579392,
2818,NFCORE_CHIPSEQ:CHIPSEQ:UCSC_BEDGRAPHTOBIGWIG,1697333090000,1697333100000,1,99.4,,1073741824.0,,,0.065157526917,0.065157526917,0.0,805.579392,
2700,NFCORE_CHIPSEQ:CHIPSEQ:BEDTOOLS_GENOMECOV,1697332946000,1697333100000,2,120.4,,4567597056.0,,,0.3645915827239467,0.3645915827239467,0.0,805.579392,
2784,NFCORE_CHIPSEQ:CHIPSEQ:PICARD_COLLECTMULTIPLEMETRICS,1697333091000,1697333100000,2,115.1,,2573205504.0,,,0.10853055423761833,0.10853055423761833,0.0,805.579392,
2797,NFCORE_CHIPSEQ:CHIPSEQ:FRIP_SCORE,1697333078000,1697333100000,2,126.5,,1073741824.0,,,0.13073670331836998,0.13073670331836998,0.0,805.579392,
2814,NFCORE_CHIPSEQ:CHIPSEQ:UCSC_BEDGRAPHTOBIGWIG,1697333089000,1697333100000,1,99.8,,1073741824.0,,,0.08569557771549333,0.08569557771549333,0.0,805.579392,
2815,NFCORE_CHIPSEQ:CHIPSEQ:PICARD_COLLECTMULTIPLEMETRICS,1697333094000,1697333100000,2,115.0,,2573205504.0,,,0.11126721652111832,0.11126721652111832,0.0,805.579392,
2630,NFCORE_CHIPSEQ:CHIPSEQ:DEEPTOOLS_PLOTFINGERPRINT,1697333004000,1697333100000,8,564.8,,4294967296.0,,,1.0538407231920532,1.0538407231920532,0.0,805.579392,
2686,NFCORE_CHIPSEQ:CHIPSEQ:BEDTOOLS_GENOMECOV,1697332935000,1697333100000,2,122.7,,4567597056.0,,,0.3881273119204,0.3881273119204,0.0,805.579392,
2758,NFCORE_CHIPSEQ:CHIPSEQ:PICARD_COLLECTMULTIPLEMETRICS,1697333058000,1697333100000,2,110.0,,2573205504.0,,,0.158692815167055,0.158692815167055,0.0,805.579392,
2772,NFCORE_CHIPSEQ:CHIPSEQ:FRIP_SCORE,1697333067000,1697333100000,2,127.1,,1073741824.0,,,0.14826237669214998,0.14826237669214998,0.0,805.579392,
2776,NFCORE_CHIPSEQ:CHIPSEQ:PICARD_COLLECTMULTIPLEMETRICS,1697333088000,1697333100000,2,110.7,,2573205504.0,,,0.140455169048335,0.140455169048335,0.0,805.579392,
2788,NFCORE_CHIPSEQ:CHIPSEQ:PICARD_COLLECTMULTIPLEMETRICS,1697333056000,1697333100000,2,108.5,,2573205504.0,,,0.16893069079719,0.16893069079719,0.0,805.579392,
2790,NFCORE_CHIPSEQ:CHIPSEQ:PICARD_COLLECTMULTIPLEMETRICS,1697333089000,1697333100000,2,112.6,,2573205504.0,,,0.13834392517883334,0.13834392517883334,0.0,805.579392,
2794,NFCORE_CHIPSEQ:CHIPSEQ:FRIP_SCORE,1697333078000,1697333100000,2,127.5,,1073741824.0,,,0.15436475247257667,0.15436475247257667,0.0,805.579392,
2800,NFCORE_CHIPSEQ:CHIPSEQ:PICARD_COLLECTMULTIPLEMETRICS,1697333083000,1697333100000,2,112.8,,2573205504.0,,,0.137166789774465,0.137166789774465,0.0,805.579392,
2809,NFCORE_CHIPSEQ:CHIPSEQ:PICARD_COLLECTMULTIPLEMETRICS,1697333090000,1697333100000,2,115.7,,2573205504.0,,,0.12883228076916167,0.12883228076916167,0.0,805.579392,
2420,NFCORE_CHIPSEQ:CHIPSEQ:MACS2_CALLPEAK,1697332811000,1697333100000,1,97.6,,1892679680.0,,,0.4487049294379908,0.4487049294379908,0.0,805.579392,
2473,NFCORE_CHIPSEQ:CHIPSEQ:DEEPTOOLS_PLOTFINGERPRINT,1697333006000,1697333100000,8,581.0,,4294967296.0,,,1.2104576784455399,1.2104576784455399,0.0,805.579392,
2518,NFCORE_CHIPSEQ:CHIPSEQ:MACS2_CALLPEAK,1697332830000,1697333100000,1,97.4,,1892679680.0,,,0.41983953733277746,0.41983953733277746,0.0,805.579392,
2635,NFCORE_CHIPSEQ:CHIPSEQ:BEDTOOLS_GENOMECOV,1697332873000,1697333100000,2,122.0,,4567597056.0,,,0.5261798439285333,0.5261798439285333,0.0,805.579392,
2708,NFCORE_CHIPSEQ:CHIPSEQ:MACS2_CALLPEAK,1697333003000,1697333100000,1,96.6,,1892679680.0,,,0.22177658527814414,0.22177658527814414,0.0,805.579392,
2737,NFCORE_CHIPSEQ:CHIPSEQ:MACS2_CALLPEAK,1697333003000,1697333100000,1,97.2,,1892679680.0,,,0.23814665955947,0.23814665955947,0.0,805.579392,
2564,NFCORE_CHIPSEQ:CHIPSEQ:BEDTOOLS_GENOMECOV,1697332816000,1697333100000,2,121.8,,4567597056.0,,,0.6470378852018199,0.6470378852018199,0.0,805.579392,
2683,NFCORE_CHIPSEQ:CHIPSEQ:MACS2_CALLPEAK,1697332952000,1697333100000,1,97.0,,1892679680.0,,,0.3029784442955834,0.3029784442955834,0.0,805.579392,
2804,NFCORE_CHIPSEQ:CHIPSEQ:PICARD_COLLECTMULTIPLEMETRICS,1697333089000,1697333100000,2,111.9,,2573205504.0,,,0.16651362745242498,0.16651362745242498,0.0,805.579392,
2631,NFCORE_CHIPSEQ:CHIPSEQ:MACS2_CALLPEAK,1697332885000,1697333100000,1,96.9,,1892679680.0,,,0.38886276324874836,0.38886276324874836,0.0,805.579392,
2719,NFCORE_CHIPSEQ:CHIPSEQ:MACS2_CALLPEAK,1697333002000,1697333100000,1,97.2,,1892679680.0,,,0.24982051542022832,0.24982051542022832,0.0,805.579392,
2613,NFCORE_CHIPSEQ:CHIPSEQ:MACS2_CALLPEAK,1697332882000,1697333100000,1,96.8,,1892679680.0,,,0.40945267671703994,0.40945267671703994,0.0,805.579392,
2614,NFCORE_CHIPSEQ:CHIPSEQ:BEDTOOLS_GENOMECOV,1697332868000,1697333100000,2,123.5,,4567597056.0,,,0.6058784984437333,0.6058784984437333,0.0,805.579392,
2660,NFCORE_CHIPSEQ:CHIPSEQ:BEDTOOLS_GENOMECOV,1697332913000,1697333100000,2,123.6,,4567597056.0,,,0.544802433922,0.544802433922,0.0,805.579392,
2666,NFCORE_CHIPSEQ:CHIPSEQ:MACS2_CALLPEAK,1697332900000,1697333100000,1,97.9,,1892679680.0,,,0.3852947633120467,0.3852947633120467,0.0,805.579392,
2704,NFCORE_CHIPSEQ:CHIPSEQ:MACS2_CALLPEAK,1697333002000,1697333100000,1,96.8,,1892679680.0,,,0.2640504477692275,0.2640504477692275,0.0,805.579392,
2742,NFCORE_CHIPSEQ:CHIPSEQ:MACS2_CALLPEAK,1697333008000,1697333100000,1,97.9,,1892679680.0,,,0.2654774893552517,0.2654774893552517,0.0,805.579392,
2770,NFCORE_CHIPSEQ:CHIPSEQ:MACS2_CALLPEAK,1697333018000,1697333100000,1,95.5,,1892679680.0,,,0.241431252190625,0.241431252190625,0.0,805.579392,
2595,NFCORE_CHIPSEQ:CHIPSEQ:HOMER_ANNOTATEPEAKS_MACS2,1697332853000,1697333100000,1,99.5,,4807720960.0,,,0.5889509467898834,0.5889509467898834,0.0,805.579392,
2638,NFCORE_CHIPSEQ:CHIPSEQ:HOMER_ANNOTATEPEAKS_MACS2,1697332881000,1697333100000,1,101.2,,4807720960.0,,,0.5571741351686126,0.5571741351686126,0.0,805.579392,
2587,NFCORE_CHIPSEQ:CHIPSEQ:BEDTOOLS_GENOMECOV,1697332858000,1697333100000,2,123.2,,4567597056.0,,,0.6975192310935567,0.6975192310935567,0.0,805.579392,
2823,NFCORE_CHIPSEQ:CHIPSEQ:BEDTOOLS_GENOMECOV,1697333089000,1697333100000,2,122.4,,4567597056.0,,,0.33628987242107994,0.33628987242107994,0.0,805.579392,
2825,NFCORE_CHIPSEQ:CHIPSEQ:BEDTOOLS_GENOMECOV,1697333094000,1697333100000,2,121.4,,4567597056.0,,,0.3325262572489433,0.3325262572489433,0.0,805.579392,
2671,NFCORE_CHIPSEQ:CHIPSEQ:MACS2_CALLPEAK,1697332937000,1697333100000,1,97.9,,1892679680.0,,,0.42993257125673506,0.42993257125673506,0.0,805.579392,
2687,NFCORE_CHIPSEQ:CHIPSEQ:BEDTOOLS_GENOMECOV,1697332958000,1697333100000,2,123.3,,4567597056.0,,,0.57030288174672,0.57030288174672,0.0,805.579392,
2731,NFCORE_CHIPSEQ:CHIPSEQ:BEDTOOLS_GENOMECOV,1697332971000,1697333100000,2,121.5,,4567597056.0,,,0.573685811706,0.573685811706,0.0,805.579392,
2644,NFCORE_CHIPSEQ:CHIPSEQ:HOMER_ANNOTATEPEAKS_MACS2,1697332926000,1697333100000,1,99.3,,4807720960.0,,,0.5895197980763058,0.5895197980763058,0.0,805.579392,
2689,NFCORE_CHIPSEQ:CHIPSEQ:HOMER_ANNOTATEPEAKS_MACS2,1697332936000,1697333100000,1,99.3,,4807720960.0,,,0.573818302243765,0.573818302243765,0.0,805.579392,
2765,NFCORE_CHIPSEQ:CHIPSEQ:BEDTOOLS_GENOMECOV,1697333018000,1697333100000,2,120.3,,4567597056.0,,,0.5042457072608,0.5042457072608,0.0,805.579392,
2684,NFCORE_CHIPSEQ:CHIPSEQ:BEDTOOLS_GENOMECOV,1697332944000,1697333100000,2,120.5,,4567597056.0,,,0.6775321000974933,0.6775321000974933,0.0,805.579392,
2835,NFCORE_CHIPSEQ:CHIPSEQ:MACS2_CALLPEAK,1697333093000,1697333100000,1,97.5,,1892679680.0,,,0.3125265443195375,0.3125265443195375,0.0,805.579392,
2693,NFCORE_CHIPSEQ:CHIPSEQ:HOMER_ANNOTATEPEAKS_MACS2,1697332957000,1697333100000,1,99.5,,4807720960.0,,,0.60038688750425,0.60038688750425,0.0,805.579392,
2715,NFCORE_CHIPSEQ:CHIPSEQ:MACS2_CALLPEAK,1697333026000,1697333100000,1,97.8,,1892679680.0,,,0.41781484954243675,0.41781484954243675,0.0,805.579392,
2746,NFCORE_CHIPSEQ:CHIPSEQ:HOMER_ANNOTATEPEAKS_MACS2,1697332998000,1697333100000,1,100.2,,4807720960.0,,,0.5934015829526121,0.5934015829526121,0.0,805.806188,
2771,NFCORE_CHIPSEQ:CHIPSEQ:HOMER_ANNOTATEPEAKS_MACS2,1697333025000,1697333100000,1,100.0,,4807720960.0,,,0.593998250205382,0.593998250205382,0.0,805.806188,
2778,NFCORE_CHIPSEQ:CHIPSEQ:HOMER_ANNOTATEPEAKS_MACS2,1697333033000,1697333100000,1,100.1,,4807720960.0,,,0.5944361029921619,0.5944361029921619,0.0,805.806188,
2780,NFCORE_CHIPSEQ:CHIPSEQ:HOMER_ANNOTATEPEAKS_MACS2,1697333044000,1697333100000,1,100.2,,4807720960.0,,,0.5920012018476741,0.5920012018476741,0.0,805.806188,
2793,NFCORE_CHIPSEQ:CHIPSEQ:HOMER_ANNOTATEPEAKS_MACS2,1697333057000,1697333100000,1,100.3,,4807720960.0,,,0.5794932988814382,0.5794932988814382,0.0,805.806188,
2796,NFCORE_CHIPSEQ:CHIPSEQ:HOMER_ANNOTATEPEAKS_MACS2,1697333059000,1697333100000,1,100.3,,4807720960.0,,,0.5766176426848731,0.5766176426848731,0.0,805.806188,
2785,NFCORE_CHIPSEQ:CHIPSEQ:HOMER_ANNOTATEPEAKS_MACS2,1697333045000,1697333100000,1,100.1,,4807720960.0,,,0.6088113303223753,0.6088113303223753,0.0,805.806188,
2732,NFCORE_CHIPSEQ:CHIPSEQ:BEDTOOLS_GENOMECOV,1697333046000,1697333100000,2,121.3,,4567597056.0,,,0.7465744274635358,0.7465744274635358,0.0,805.806188,
2806,NFCORE_CHIPSEQ:CHIPSEQ:HOMER_ANNOTATEPEAKS_MACS2,1697333070000,1697333100000,1,100.4,,4807720960.0,,,0.598639610365875,0.598639610365875,0.0,805.806188,
2828,NFCORE_CHIPSEQ:CHIPSEQ:HOMER_ANNOTATEPEAKS_MACS2,1697333099000,1697333100000,1,100.5,,4807720960.0,,,0.6034187875739239,0.6034187875739239,0.0,805.806188,
2542,NFCORE_CHIPSEQ:CHIPSEQ:PHANTOMPEAKQUALTOOLS,1697332807000,1697333100000,1,15.2,,4294967296.0,,,0.4344641628235755,0.4344641628235755,0.0,805.806188,
2641,NFCORE_CHIPSEQ:CHIPSEQ:PHANTOMPEAKQUALTOOLS,1697332877000,1697333100000,1,14.5,,4294967296.0,,,0.4649248606684515,0.4649248606684515,0.0,805.919586,
2672,NFCORE_CHIPSEQ:CHIPSEQ:PHANTOMPEAKQUALTOOLS,1697332924000,1697333100000,1,14.5,,4294967296.0,,,0.4543911398385118,0.4543911398385118,0.0,805.919586,
2553,NFCORE_CHIPSEQ:CHIPSEQ:PHANTOMPEAKQUALTOOLS,1697332809000,1697333100000,1,13.2,,4294967296.0,,,0.5036722053176511,0.5036722053176511,0.0,805.919586,
2647,NFCORE_CHIPSEQ:CHIPSEQ:PHANTOMPEAKQUALTOOLS,1697332913000,1697333100000,1,14.4,,4294967296.0,,,0.5025620183600132,0.5025620183600132,0.0,805.919586,
2659,NFCORE_CHIPSEQ:CHIPSEQ:PHANTOMPEAKQUALTOOLS,1697332898000,1697333100000,1,14.7,,4294967296.0,,,0.5339359711085667,0.5339359711085667,0.0,805.919586,
2695,NFCORE_CHIPSEQ:CHIPSEQ:PHANTOMPEAKQUALTOOLS,1697332947000,1697333100000,1,13.8,,4294967296.0,,,0.5245109014847884,0.5245109014847884,0.0,805.976285,
2676,NFCORE_CHIPSEQ:CHIPSEQ:PHANTOMPEAKQUALTOOLS,1697332921000,1697333100000,1,14.2,,4294967296.0,,,0.5868196884805011,0.5868196884805011,0.0,805.976285,
2808,NFCORE_CHIPSEQ:CHIPSEQ:PHANTOMPEAKQUALTOOLS,1697333088000,1697333100000,1,13.8,,4294967296.0,,,0.5552364930532975,0.5552364930532975,0.0,805.976285,
2762,NFCORE_CHIPSEQ:CHIPSEQ:PHANTOMPEAKQUALTOOLS,1697333033000,1697333100000,1,13.7,,4294967296.0,,,0.5901062381012657,0.5901062381012657,0.0,805.976285,
2783,NFCORE_CHIPSEQ:CHIPSEQ:PHANTOMPEAKQUALTOOLS,1697333071000,1697333100000,1,14.2,,4294967296.0,,,0.5768796046449637,0.5768796046449637,0.0,805.976285,
2816,NFCORE_CHIPSEQ:CHIPSEQ:PHANTOMPEAKQUALTOOLS,1697333079000,1697333100000,1,12.9,,4294967296.0,,,0.5791828722068694,0.5791828722068694,0.0,805.976285,
2724,NFCORE_CHIPSEQ:CHIPSEQ:PHANTOMPEAKQUALTOOLS,1697333009000,1697333100000,1,14.2,,4294967296.0,,,0.6382528111671298,0.6382528111671298,0.0,805.976285,
2593,NFCORE_CHIPSEQ:CHIPSEQ:PHANTOMPEAKQUALTOOLS,1697332832000,1697333100000,1,12.3,,4294967296.0,,,0.7115930471992897,0.7115930471992897,0.0,805.0974504999999,
2603,NFCORE_CHIPSEQ:CHIPSEQ:PHANTOMPEAKQUALTOOLS,1697332845000,1697333100000,1,14.4,,4294967296.0,,,0.7565870533226499,0.7565870533226499,0.0,805.0974504999999,
2775,NFCORE_CHIPSEQ:CHIPSEQ:PHANTOMPEAKQUALTOOLS,1697333032000,1697333100000,1,13.9,,4294967296.0,,,0.7168902090245837,0.7168902090245837,0.0,805.0974504999999,
2651,NFCORE_CHIPSEQ:CHIPSEQ:PHANTOMPEAKQUALTOOLS,1697332895000,1697333100000,1,15.5,,4294967296.0,,,0.8239830598662825,0.8239830598662825,0.0,805.0974504999999,
2799,NFCORE_CHIPSEQ:CHIPSEQ:PHANTOMPEAKQUALTOOLS,1697333062000,1697333100000,1,13.3,,4294967296.0,,,0.7200398988235819,0.7200398988235819,0.0,805.0974504999999,
2792,NFCORE_CHIPSEQ:CHIPSEQ:PHANTOMPEAKQUALTOOLS,1697333064000,1697333100000,1,13.8,,4294967296.0,,,0.7834645662030799,0.7834645662030799,0.0,803.97764525,
2756,NFCORE_CHIPSEQ:CHIPSEQ:PHANTOMPEAKQUALTOOLS,1697333011000,1697333100000,1,14.1,,4294967296.0,,,0.8892140431372957,0.8892140431372957,0.0,803.97764525,
2803,NFCORE_CHIPSEQ:CHIPSEQ:PHANTOMPEAKQUALTOOLS,1697333075000,1697333100000,1,13.1,,4294967296.0,,,0.8806963551843436,0.8806963551843436,0.0,803.97764525,
2787,NFCORE_CHIPSEQ:CHIPSEQ:PHANTOMPEAKQUALTOOLS,1697333058000,1697333100000,1,14.0,,4294967296.0,,,0.9159878524599948,0.9159878524599948,0.0,803.4177426250001,
2753,NFCORE_CHIPSEQ:CHIPSEQ:PHANTOMPEAKQUALTOOLS,1697333009000,1697333100000,1,13.3,,4294967296.0,,,0.9435948097404674,0.9435948097404674,0.0,803.4177426250001,
2608,NFCORE_CHIPSEQ:CHIPSEQ:PHANTOMPEAKQUALTOOLS,1697332860000,1697333100000,1,13.5,,4294967296.0,,,1.0771868424512812,1.0771868424512812,0.0,803.4177426250001,
2833,NFCORE_CHIPSEQ:CHIPSEQ:FILTER_BAM_BAMTOOLS:BAM_SORT_SAMTOOLS:BAM_STATS_SAMTOOLS:SAMTOOLS_IDXSTATS,1697333106000,1697333107000,1,71.9,,1073741824.0,,,0.0008368725150833334,0.0008368725150833334,0.0,805.579392,
2842,NFCORE_CHIPSEQ:CHIPSEQ:MULTIQC_CUSTOM_PEAKS,1697333122000,1697333122000,2,74.4,,1073741824.0,,,0.0,0.0,0.0,805.579392,
2847,NFCORE_CHIPSEQ:CHIPSEQ:FILTER_BAM_BAMTOOLS:BAM_SORT_SAMTOOLS:BAM_STATS_SAMTOOLS:SAMTOOLS_IDXSTATS,1697333111000,1697333112000,1,23.9,,1073741824.0,,,0.0003367419758833333,0.0003367419758833333,0.0,805.579392,
2718,NFCORE_CHIPSEQ:CHIPSEQ:FILTER_BAM_BAMTOOLS:BAM_SORT_SAMTOOLS:BAM_STATS_SAMTOOLS:SAMTOOLS_STATS,1697333105000,1697333139000,2,126.0,,1073741824.0,,,0.04761908455042667,0.04761908455042667,0.0,805.579392,
2845,NFCORE_CHIPSEQ:CHIPSEQ:FILTER_BAM_BAMTOOLS:BAM_SORT_SAMTOOLS:BAM_STATS_SAMTOOLS:SAMTOOLS_FLAGSTAT,1697333134000,1697333145000,2,146.1,,1073741824.0,,,0.017709900709563332,0.017709900709563332,0.0,805.579392,
2857,NFCORE_CHIPSEQ:CHIPSEQ:FILTER_BAM_BAMTOOLS:BAM_SORT_SAMTOOLS:BAM_STATS_SAMTOOLS:SAMTOOLS_FLAGSTAT,1697333123000,1697333131000,2,140.6,,1073741824.0,,,0.012421474794506669,0.012421474794506669,0.0,805.579392,
2858,NFCORE_CHIPSEQ:CHIPSEQ:FILTER_BAM_BAMTOOLS:BAM_SORT_SAMTOOLS:BAM_STATS_SAMTOOLS:SAMTOOLS_IDXSTATS,1697333135000,1697333135000,1,34.4,,1073741824.0,,,0.0,0.0,0.0,805.579392,
2831,NFCORE_CHIPSEQ:CHIPSEQ:FILTER_BAM_BAMTOOLS:BAM_SORT_SAMTOOLS:BAM_STATS_SAMTOOLS:SAMTOOLS_STATS,1697333109000,1697333151000,2,129.2,,1073741824.0,,,0.06022394054264,0.06022394054264,0.0,805.579392,
2873,NFCORE_CHIPSEQ:CHIPSEQ:MULTIQC_CUSTOM_PEAKS,1697333158000,1697333160000,2,64.4,,1073741824.0,,,0.0015174542366666668,0.0015174542366666668,0.0,805.579392,
2692,NFCORE_CHIPSEQ:CHIPSEQ:FRIP_SCORE,1697333104000,1697333165000,2,128.2,,1073741824.0,,,0.08683252156121998,0.08683252156121998,0.0,805.579392,
2829,NFCORE_CHIPSEQ:CHIPSEQ:FRIP_SCORE,1697333101000,1697333160000,2,126.2,,1073741824.0,,,0.08275606606564669,0.08275606606564669,0.0,805.579392,
2841,NFCORE_CHIPSEQ:CHIPSEQ:UCSC_BEDGRAPHTOBIGWIG,1697333104000,1697333177000,1,101.3,,1073741824.0,,,0.08345378033506332,0.08345378033506332,0.0,805.579392,
2859,NFCORE_CHIPSEQ:CHIPSEQ:FILTER_BAM_BAMTOOLS:BAM_SORT_SAMTOOLS:BAM_STATS_SAMTOOLS:SAMTOOLS_STATS,1697333139000,1697333169000,2,128.9,,1073741824.0,,,0.0429233259115,0.0429233259115,0.0,805.579392,
2884,NFCORE_CHIPSEQ:CHIPSEQ:FILTER_BAM_BAMTOOLS:BAM_SORT_SAMTOOLS:BAM_STATS_SAMTOOLS:SAMTOOLS_IDXSTATS,1697333162000,1697333163000,1,43.8,,1073741824.0,,,0.0005440877619266667,0.0005440877619266667,0.0,805.579392,
2813,NFCORE_CHIPSEQ:CHIPSEQ:PICARD_COLLECTMULTIPLEMETRICS,1697333102000,1697333181000,2,116.9,,2573205504.0,,,0.11283116639474168,0.11283116639474168,0.0,805.579392,
2846,NFCORE_CHIPSEQ:CHIPSEQ:FILTER_BAM_BAMTOOLS:BAM_SORT_SAMTOOLS:BAM_STATS_SAMTOOLS:SAMTOOLS_STATS,1697333152000,1697333184000,2,127.5,,1073741824.0,,,0.04531809246901333,0.04531809246901333,0.0,805.579392,
2852,NFCORE_CHIPSEQ:CHIPSEQ:UCSC_BEDGRAPHTOBIGWIG,1697333114000,1697333188000,1,101.4,,1073741824.0,,,0.08467408626353334,0.08467408626353334,0.0,805.579392,
2882,NFCORE_CHIPSEQ:CHIPSEQ:FILTER_BAM_BAMTOOLS:BAM_SORT_SAMTOOLS:BAM_STATS_SAMTOOLS:SAMTOOLS_FLAGSTAT,1697333176000,1697333187000,2,132.1,,1073741824.0,,,0.016105315229629998,0.016105315229629998,0.0,805.579392,
2893,NFCORE_CHIPSEQ:CHIPSEQ:FILTER_BAM_BAMTOOLS:BAM_SORT_SAMTOOLS:BAM_STATS_SAMTOOLS:SAMTOOLS_IDXSTATS,1697333186000,1697333188000,1,35.4,,1073741824.0,,,0.0009131298351333332,0.0009131298351333332,0.0,805.579392,
2821,NFCORE_CHIPSEQ:CHIPSEQ:PICARD_COLLECTMULTIPLEMETRICS,1697333118000,1697333205000,2,112.4,,2573205504.0,,,0.120177917585125,0.120177917585125,0.0,805.579392,
2892,NFCORE_CHIPSEQ:CHIPSEQ:FILTER_BAM_BAMTOOLS:BAM_SORT_SAMTOOLS:BAM_STATS_SAMTOOLS:SAMTOOLS_FLAGSTAT,1697333186000,1697333196000,2,141.9,,1073741824.0,,,0.01566229551416667,0.01566229551416667,0.0,805.579392,
2901,NFCORE_CHIPSEQ:CHIPSEQ:FILTER_BAM_BAMTOOLS:BAM_SORT_SAMTOOLS:BAM_STATS_SAMTOOLS:SAMTOOLS_FLAGSTAT,1697333192000,1697333202000,2,132.9,,1073741824.0,,,0.01472455075316667,0.01472455075316667,0.0,805.579392,
2900,NFCORE_CHIPSEQ:CHIPSEQ:FILTER_BAM_BAMTOOLS:BAM_SORT_SAMTOOLS:BAM_STATS_SAMTOOLS:SAMTOOLS_IDXSTATS,1697333193000,1697333196000,1,29.0,,1073741824.0,,,0.0011696425370200001,0.0011696425370200001,0.0,805.579392,
2703,NFCORE_CHIPSEQ:CHIPSEQ:FILTER_BAM_BAMTOOLS:BAM_SORT_SAMTOOLS:BAM_STATS_SAMTOOLS:SAMTOOLS_STATS,1697333190000,1697333215000,2,128.9,,1073741824.0,,,0.035769438259583335,0.035769438259583335,0.0,805.579392,
2851,NFCORE_CHIPSEQ:CHIPSEQ:UCSC_BEDGRAPHTOBIGWIG,1697333124000,1697333212000,1,99.6,,1073741824.0,,,0.09904307720970666,0.09904307720970666,0.0,805.579392,
2862,NFCORE_CHIPSEQ:CHIPSEQ:UCSC_BEDGRAPHTOBIGWIG,1697333152000,1697333212000,1,98.5,,1073741824.0,,,0.0668416913334,0.0668416913334,0.0,805.579392,
2914,NFCORE_CHIPSEQ:CHIPSEQ:FILTER_BAM_BAMTOOLS:BAM_SORT_SAMTOOLS:BAM_STATS_SAMTOOLS:SAMTOOLS_IDXSTATS,1697333201000,1697333203000,1,48.0,,1073741824.0,,,0.0011756983682133333,0.0011756983682133333,0.0,805.579392,
2912,NFCORE_CHIPSEQ:CHIPSEQ:FILTER_BAM_BAMTOOLS:BAM_SORT_SAMTOOLS:BAM_STATS_SAMTOOLS:SAMTOOLS_FLAGSTAT,1697333207000,1697333215000,2,133.0,,1073741824.0,,,0.01178797611152,0.01178797611152,0.0,805.579392,
2918,NFCORE_CHIPSEQ:CHIPSEQ:FILTER_BAM_BAMTOOLS:BAM_SORT_SAMTOOLS:BAM_STATS_SAMTOOLS:SAMTOOLS_IDXSTATS,1697333213000,1697333215000,1,72.7,,1073741824.0,,,0.00169041604814,0.00169041604814,0.0,805.579392,
2926,NFCORE_CHIPSEQ:CHIPSEQ:FILTER_BAM_BAMTOOLS:BAM_SORT_SAMTOOLS:BAM_STATS_SAMTOOLS:SAMTOOLS_IDXSTATS,1697333219000,1697333223000,1,15.7,,1073741824.0,,,0.00100521203508,0.00100521203508,0.0,805.579392,
2807,NFCORE_CHIPSEQ:CHIPSEQ:FRIP_SCORE,1697333138000,1697333242000,2,127.4,,1073741824.0,,,0.14717543890746665,0.14717543890746665,0.0,805.579392,
2853,NFCORE_CHIPSEQ:CHIPSEQ:FRIP_SCORE,1697333155000,1697333238000,2,126.8,,1073741824.0,,,0.11693843600134667,0.11693843600134667,0.0,805.579392,
2856,NFCORE_CHIPSEQ:CHIPSEQ:FRIP_SCORE,1697333160000,1697333229000,2,125.5,,1073741824.0,,,0.09627926158611,0.09627926158611,0.0,805.579392,
2864,NFCORE_CHIPSEQ:CHIPSEQ:FRIP_SCORE,1697333151000,1697333244000,2,125.7,,1073741824.0,,,0.12996150098261,0.12996150098261,0.0,805.579392,
2867,NFCORE_CHIPSEQ:CHIPSEQ:UCSC_BEDGRAPHTOBIGWIG,1697333146000,1697333233000,1,100.0,,1073741824.0,,,0.09828018233687999,0.09828018233687999,0.0,805.579392,
2869,NFCORE_CHIPSEQ:CHIPSEQ:FRIP_SCORE,1697333156000,1697333244000,2,125.0,,1073741824.0,,,0.12233248931845332,0.12233248931845332,0.0,805.579392,
2871,NFCORE_CHIPSEQ:CHIPSEQ:FRIP_SCORE,1697333148000,1697333233000,2,128.6,,1073741824.0,,,0.12135039573363333,0.12135039573363333,0.0,805.579392,
2872,NFCORE_CHIPSEQ:CHIPSEQ:UCSC_BEDGRAPHTOBIGWIG,1697333168000,1697333233000,1,100.1,,1073741824.0,,,0.07349544844611666,0.07349544844611666,0.0,805.579392,
2875,NFCORE_CHIPSEQ:CHIPSEQ:FRIP_SCORE,1697333179000,1697333243000,2,125.8,,1073741824.0,,,0.08950255571584001,0.08950255571584001,0.0,805.579392,
2881,NFCORE_CHIPSEQ:CHIPSEQ:FILTER_BAM_BAMTOOLS:BAM_SORT_SAMTOOLS:BAM_STATS_SAMTOOLS:SAMTOOLS_STATS,1697333186000,1697333228000,2,127.0,,1073741824.0,,,0.05926118925468,0.05926118925468,0.0,805.579392,
2888,NFCORE_CHIPSEQ:CHIPSEQ:FRIP_SCORE,1697333185000,1697333245000,2,126.5,,1073741824.0,,,0.0843462602054,0.0843462602054,0.0,805.579392,
2891,NFCORE_CHIPSEQ:CHIPSEQ:FILTER_BAM_BAMTOOLS:BAM_SORT_SAMTOOLS:BAM_STATS_SAMTOOLS:SAMTOOLS_STATS,1697333193000,1697333234000,2,129.6,,1073741824.0,,,0.058960915130613335,0.058960915130613335,0.0,805.579392,
2899,NFCORE_CHIPSEQ:CHIPSEQ:FILTER_BAM_BAMTOOLS:BAM_SORT_SAMTOOLS:BAM_STATS_SAMTOOLS:SAMTOOLS_STATS,1697333192000,1697333229000,2,127.6,,1073741824.0,,,0.05243759614636,0.05243759614636,0.0,805.579392,
2905,NFCORE_CHIPSEQ:CHIPSEQ:UCSC_BEDGRAPHTOBIGWIG,1697333194000,1697333253000,1,97.1,,1073741824.0,,,0.06486702184163667,0.06486702184163667,0.0,805.579392,
2909,NFCORE_CHIPSEQ:CHIPSEQ:UCSC_BEDGRAPHTOBIGWIG,1697333208000,1697333252000,1,99.6,,1073741824.0,,,0.04952153860485333,0.04952153860485333,0.0,805.579392,
2913,NFCORE_CHIPSEQ:CHIPSEQ:FILTER_BAM_BAMTOOLS:BAM_SORT_SAMTOOLS:BAM_STATS_SAMTOOLS:SAMTOOLS_STATS,1697333219000,1697333253000,2,127.5,,1073741824.0,,,0.04815047324832667,0.04815047324832667,0.0,805.579392,
2921,NFCORE_CHIPSEQ:CHIPSEQ:FILTER_BAM_BAMTOOLS:BAM_SORT_SAMTOOLS:BAM_STATS_SAMTOOLS:SAMTOOLS_FLAGSTAT,1697333233000,1697333242000,2,123.6,,1073741824.0,,,0.012379993050119999,0.012379993050119999,0.0,805.579392,
2922,NFCORE_CHIPSEQ:CHIPSEQ:FILTER_BAM_BAMTOOLS:BAM_SORT_SAMTOOLS:BAM_STATS_SAMTOOLS:SAMTOOLS_STATS,1697333217000,1697333257000,2,130.5,,1073741824.0,,,0.05789794193426667,0.05789794193426667,0.0,805.579392,
2924,NFCORE_CHIPSEQ:CHIPSEQ:FILTER_BAM_BAMTOOLS:BAM_SORT_SAMTOOLS:BAM_STATS_SAMTOOLS:SAMTOOLS_FLAGSTAT,1697333219000,1697333230000,2,136.2,,1073741824.0,,,0.016575229548753335,0.016575229548753335,0.0,805.579392,
2927,NFCORE_CHIPSEQ:CHIPSEQ:FILTER_BAM_BAMTOOLS:BAM_SORT_SAMTOOLS:BAM_STATS_SAMTOOLS:SAMTOOLS_IDXSTATS,1697333242000,1697333244000,1,98.5,,1073741824.0,,,0.00222805637778,0.00222805637778,0.0,805.579392,
2929,NFCORE_CHIPSEQ:CHIPSEQ:FILTER_BAM_BAMTOOLS:BAM_SORT_SAMTOOLS:BAM_STATS_SAMTOOLS:SAMTOOLS_FLAGSTAT,1697333242000,1697333249000,2,143.0,,1073741824.0,,,0.011043836133913333,0.011043836133913333,0.0,805.579392,
2827,NFCORE_CHIPSEQ:CHIPSEQ:FRIP_SCORE,1697333174000,1697333260000,2,124.2,,1073741824.0,,,0.11883535169745335,0.11883535169745335,0.0,805.579392,
2904,NFCORE_CHIPSEQ:CHIPSEQ:UCSC_BEDGRAPHTOBIGWIG,1697333194000,1697333268000,1,100.0,,1073741824.0,,,0.08359463784976,0.08359463784976,0.0,805.579392,
2906,NFCORE_CHIPSEQ:CHIPSEQ:UCSC_BEDGRAPHTOBIGWIG,1697333195000,1697333256000,1,100.1,,1073741824.0,,,0.06897265161866335,0.06897265161866335,0.0,805.579392,
2908,NFCORE_CHIPSEQ:CHIPSEQ:FRIP_SCORE,1697333195000,1697333282000,2,126.4,,1073741824.0,,,0.12221142863760001,0.12221142863760001,0.0,805.579392,
2917,NFCORE_CHIPSEQ:CHIPSEQ:FILTER_BAM_BAMTOOLS:BAM_SORT_SAMTOOLS:BAM_STATS_SAMTOOLS:SAMTOOLS_STATS,1697333245000,1697333280000,2,126.3,,1073741824.0,,,0.04912904941618333,0.04912904941618333,0.0,805.579392,
2928,NFCORE_CHIPSEQ:CHIPSEQ:FILTER_BAM_BAMTOOLS:BAM_SORT_SAMTOOLS:BAM_STATS_SAMTOOLS:SAMTOOLS_STATS,1697333242000,1697333269000,2,127.7,,1073741824.0,,,0.038293405206390005,0.038293405206390005,0.0,805.579392,
2938,NFCORE_CHIPSEQ:CHIPSEQ:MULTIQC_CUSTOM_PEAKS,1697333249000,1697333250000,2,16.7,,1073741824.0,,,0.0002617223950033333,0.0002617223950033333,0.0,805.579392,
2940,NFCORE_CHIPSEQ:CHIPSEQ:FILTER_BAM_BAMTOOLS:BAM_SORT_SAMTOOLS:BAM_STATS_SAMTOOLS:SAMTOOLS_FLAGSTAT,1697333251000,1697333258000,2,146.4,,1073741824.0,,,0.011291817526266667,0.011291817526266667,0.0,805.579392,
2941,NFCORE_CHIPSEQ:CHIPSEQ:FILTER_BAM_BAMTOOLS:BAM_SORT_SAMTOOLS:BAM_STATS_SAMTOOLS:SAMTOOLS_STATS,1697333254000,1697333281000,2,128.6,,1073741824.0,,,0.038546596291860004,0.038546596291860004,0.0,805.579392,
2942,NFCORE_CHIPSEQ:CHIPSEQ:FILTER_BAM_BAMTOOLS:BAM_SORT_SAMTOOLS:BAM_STATS_SAMTOOLS:SAMTOOLS_IDXSTATS,1697333254000,1697333256000,1,10.4,,1073741824.0,,,0.0003921605234666667,0.0003921605234666667,0.0,805.579392,
2948,NFCORE_CHIPSEQ:CHIPSEQ:FILTER_BAM_BAMTOOLS:BAM_SORT_SAMTOOLS:BAM_STATS_SAMTOOLS:SAMTOOLS_IDXSTATS,1697333255000,1697333256000,1,29.1,,1073741824.0,,,0.00039092278429666666,0.00039092278429666666,0.0,805.579392,
2947,NFCORE_CHIPSEQ:CHIPSEQ:FILTER_BAM_BAMTOOLS:BAM_SORT_SAMTOOLS:BAM_STATS_SAMTOOLS:SAMTOOLS_FLAGSTAT,1697333256000,1697333263000,2,135.3,,1073741824.0,,,0.010482231215936668,0.010482231215936668,0.0,805.579392,
2949,NFCORE_CHIPSEQ:CHIPSEQ:FILTER_BAM_BAMTOOLS:BAM_SORT_SAMTOOLS:BAM_STATS_SAMTOOLS:SAMTOOLS_STATS,1697333258000,1697333286000,2,126.6,,1073741824.0,,,0.03939076237730666,0.03939076237730666,0.0,805.579392,
2958,NFCORE_CHIPSEQ:CHIPSEQ:FILTER_BAM_BAMTOOLS:BAM_SORT_SAMTOOLS:BAM_STATS_SAMTOOLS:SAMTOOLS_FLAGSTAT,1697333262000,1697333270000,2,133.4,,1073741824.0,,,0.011821318147466668,0.011821318147466668,0.0,805.579392,
2957,NFCORE_CHIPSEQ:CHIPSEQ:FILTER_BAM_BAMTOOLS:BAM_SORT_SAMTOOLS:BAM_STATS_SAMTOOLS:SAMTOOLS_IDXSTATS,1697333264000,1697333265000,1,17.0,,1073741824.0,,,0.0002648482108733333,0.0002648482108733333,0.0,805.579392,
2065,NFCORE_CHIPSEQ:CHIPSEQ:DEEPTOOLS_PLOTFINGERPRINT,1697333145000,1697333276000,8,588.0,,4294967296.0,,,0.8485490527122933,0.8485490527122933,0.0,805.579392,
2886,NFCORE_CHIPSEQ:CHIPSEQ:FRIP_SCORE,1697333188000,1697333286000,2,125.8,,1073741824.0,,,0.13705078843988,0.13705078843988,0.0,805.579392,
2939,NFCORE_CHIPSEQ:CHIPSEQ:UCSC_BEDGRAPHTOBIGWIG,1697333251000,1697333297000,1,98.2,,1073741824.0,,,0.051101509158920005,0.051101509158920005,0.0,805.579392,
2956,NFCORE_CHIPSEQ:CHIPSEQ:FILTER_BAM_BAMTOOLS:BAM_SORT_SAMTOOLS:BAM_STATS_SAMTOOLS:SAMTOOLS_STATS,1697333274000,1697333299000,2,127.5,,1073741824.0,,,0.03540475974141666,0.03540475974141666,0.0,805.579392,
2963,NFCORE_CHIPSEQ:CHIPSEQ:FILTER_BAM_BAMTOOLS:BAM_SORT_SAMTOOLS:BAM_STATS_SAMTOOLS:SAMTOOLS_IDXSTATS,1697333276000,1697333277000,1,28.6,,1073741824.0,,,0.00038571309118000006,0.00038571309118000006,0.0,805.579392,
2964,NFCORE_CHIPSEQ:CHIPSEQ:FILTER_BAM_BAMTOOLS:BAM_SORT_SAMTOOLS:BAM_STATS_SAMTOOLS:SAMTOOLS_STATS,1697333277000,1697333304000,2,125.2,,1073741824.0,,,0.037590096635639995,0.037590096635639995,0.0,805.579392,
2965,NFCORE_CHIPSEQ:CHIPSEQ:FILTER_BAM_BAMTOOLS:BAM_SORT_SAMTOOLS:BAM_STATS_SAMTOOLS:SAMTOOLS_FLAGSTAT,1697333284000,1697333291000,2,127.1,,1073741824.0,,,0.009884158446143333,0.009884158446143333,0.0,805.579392,
2969,NFCORE_CHIPSEQ:CHIPSEQ:MULTIQC_CUSTOM_PEAKS,1697333287000,1697333288000,2,16.2,,1073741824.0,,,0.00025651270188666665,0.00025651270188666665,0.0,805.579392,
2976,NFCORE_CHIPSEQ:CHIPSEQ:MULTIQC_CUSTOM_PEAKS,1697333290000,1697333293000,2,16.7,,1073741824.0,,,0.0007851671850100001,0.0007851671850100001,0.0,805.579392,
2977,NFCORE_CHIPSEQ:CHIPSEQ:MULTIQC_CUSTOM_PEAKS,1697333292000,1697333296000,2,28.6,,1073741824.0,,,0.0015428523647200002,0.0015428523647200002,0.0,805.579392,
2830,NFCORE_CHIPSEQ:CHIPSEQ:BEDTOOLS_GENOMECOV,1697333102000,1697333322000,2,122.4,,4567597056.0,,,0.3626655486894,0.3626655486894,0.0,805.579392,
2934,NFCORE_CHIPSEQ:CHIPSEQ:UCSC_BEDGRAPHTOBIGWIG,1697333244000,1697333318000,1,100.9,,1073741824.0,,,0.0842885689729,0.0842885689729,0.0,805.579392,
2935,NFCORE_CHIPSEQ:CHIPSEQ:UCSC_BEDGRAPHTOBIGWIG,1697333246000,1697333317000,1,100.9,,1073741824.0,,,0.08087146482535,0.08087146482535,0.0,805.579392,
2937,NFCORE_CHIPSEQ:CHIPSEQ:FRIP_SCORE,1697333246000,1697333314000,2,128.2,,1073741824.0,,,0.09679690928135999,0.09679690928135999,0.0,805.579392,
2952,NFCORE_CHIPSEQ:CHIPSEQ:UCSC_BEDGRAPHTOBIGWIG,1697333258000,1697333322000,1,99.1,,1073741824.0,,,0.07169790852032,0.07169790852032,0.0,805.579392,
2953,NFCORE_CHIPSEQ:CHIPSEQ:UCSC_BEDGRAPHTOBIGWIG,1697333259000,1697333309000,1,98.7,,1073741824.0,,,0.05580560330683334,0.05580560330683334,0.0,805.579392,
2985,NFCORE_CHIPSEQ:CHIPSEQ:MULTIQC_CUSTOM_PEAKS,1697333310000,1697333311000,2,17.9,,1073741824.0,,,0.0002742256584833333,0.0002742256584833333,0.0,805.579392,
2987,NFCORE_CHIPSEQ:CHIPSEQ:MULTIQC_CUSTOM_PEAKS,1697333309000,1697333311000,2,9.2,,1073741824.0,,,0.0003671539965066667,0.0003671539965066667,0.0,805.579392,
2989,NFCORE_CHIPSEQ:CHIPSEQ:MULTIQC_CUSTOM_PEAKS,1697333310000,1697333316000,2,6.3,,1073741824.0,,,0.0009201646690600001,0.0009201646690600001,0.0,805.579392,
2991,NFCORE_CHIPSEQ:CHIPSEQ:MULTIQC_CUSTOM_PEAKS,1697333311000,1697333312000,2,12.7,,1073741824.0,,,0.00022004485006999998,0.00022004485006999998,0.0,805.579392,
2665,NFCORE_CHIPSEQ:CHIPSEQ:DEEPTOOLS_PLOTFINGERPRINT,1697333185000,1697333331000,8,563.1,,4294967296.0,,,0.9078325212720334,0.9078325212720334,0.0,805.579392,
2933,NFCORE_CHIPSEQ:CHIPSEQ:FRIP_SCORE,1697333246000,1697333343000,2,127.8,,1073741824.0,,,0.13767367193608668,0.13767367193608668,0.0,805.579392,
2975,NFCORE_CHIPSEQ:CHIPSEQ:UCSC_BEDGRAPHTOBIGWIG,1697333289000,1697333341000,1,99.2,,1073741824.0,,,0.058308731481173326,0.058308731481173326,0.0,805.579392,
2984,NFCORE_CHIPSEQ:CHIPSEQ:UCSC_BEDGRAPHTOBIGWIG,1697333307000,1697333351000,1,98.5,,1073741824.0,,,0.049017240311160004,0.049017240311160004,0.0,805.579392,
2994,NFCORE_CHIPSEQ:CHIPSEQ:MULTIQC_CUSTOM_PEAKS,1697333319000,1697333323000,2,2.6,,1073741824.0,,,0.0004592361964533334,0.0004592361964533334,0.0,805.579392,
2995,NFCORE_CHIPSEQ:CHIPSEQ:MULTIQC_CUSTOM_PEAKS,1697333325000,1697333328000,2,7.1,,1073741824.0,,,0.00048508886149000005,0.00048508886149000005,0.0,805.579392,
2376,NFCORE_CHIPSEQ:CHIPSEQ:DEEPTOOLS_PLOTFINGERPRINT,1697333197000,1697333352000,8,532.8,,4294967296.0,,,0.9148601525357333,0.9148601525357333,0.0,805.579392,
2983,NFCORE_CHIPSEQ:CHIPSEQ:UCSC_BEDGRAPHTOBIGWIG,1697333305000,1697333360000,1,100.0,,1073741824.0,,,0.0621311497532,0.0621311497532,0.0,805.579392,
2844,NFCORE_CHIPSEQ:CHIPSEQ:BEDTOOLS_GENOMECOV,1697333141000,1697333368000,2,120.8,,4567597056.0,,,0.37042058597684335,0.37042058597684335,0.0,805.579392,
2860,NFCORE_CHIPSEQ:CHIPSEQ:MACS2_CALLPEAK,1697333146000,1697333378000,1,97.3,,1892679680.0,,,0.27107518573020667,0.27107518573020667,0.0,805.579392,
2968,NFCORE_CHIPSEQ:CHIPSEQ:FRIP_SCORE,1697333286000,1697333378000,2,128.1,,1073741824.0,,,0.13086466596849333,0.13086466596849333,0.0,805.579392,
2993,NFCORE_CHIPSEQ:CHIPSEQ:UCSC_BEDGRAPHTOBIGWIG,1697333313000,1697333369000,1,99.9,,1073741824.0,,,0.06320245845853334,0.06320245845853334,0.0,805.579392,
2528,NFCORE_CHIPSEQ:CHIPSEQ:DEEPTOOLS_PLOTFINGERPRINT,1697333238000,1697333382000,8,532.5,,4294967296.0,,,0.84948447583824,0.84948447583824,0.0,805.579392,
2865,NFCORE_CHIPSEQ:CHIPSEQ:BEDTOOLS_GENOMECOV,1697333143000,1697333385000,2,122.4,,4567597056.0,,,0.39893210355834,0.39893210355834,0.0,805.579392,
2970,NFCORE_CHIPSEQ:CHIPSEQ:UCSC_BEDGRAPHTOBIGWIG,1697333291000,1697333386000,1,99.5,,1073741824.0,,,0.10682251963671668,0.10682251963671668,0.0,805.579392,
2988,NFCORE_CHIPSEQ:CHIPSEQ:UCSC_BEDGRAPHTOBIGWIG,1697333329000,1697333386000,1,99.6,,1073741824.0,,,0.06415290228356,0.06415290228356,0.0,805.579392,
2848,NFCORE_CHIPSEQ:CHIPSEQ:MACS2_CALLPEAK,1697333113000,1697333400000,1,95.9,,1892679680.0,,,0.33346117033785433,0.33346117033785433,0.0,805.806188,
2972,NFCORE_CHIPSEQ:CHIPSEQ:FRIP_SCORE,1697333288000,1697333399000,2,128.7,,1073741824.0,,,0.15858499549816998,0.15858499549816998,0.0,805.579392,
2974,NFCORE_CHIPSEQ:CHIPSEQ:FRIP_SCORE,1697333288000,1697333394000,2,128.7,,1073741824.0,,,0.15144152723248663,0.15144152723248663,0.0,805.579392,
3002,NFCORE_CHIPSEQ:CHIPSEQ:UCSC_BEDGRAPHTOBIGWIG,1697333335000,1697333400000,1,100.4,,1073741824.0,,,0.07596755335311389,0.07596755335311389,0.0,805.806188,
2898,NFCORE_CHIPSEQ:CHIPSEQ:BEDTOOLS_GENOMECOV,1697333200000,1697333400000,2,122.0,,4567597056.0,,,0.37163858690984153,0.37163858690984153,0.0,805.806188,
2951,NFCORE_CHIPSEQ:CHIPSEQ:FRIP_SCORE,1697333304000,1697333400000,2,128.5,,1073741824.0,,,0.17549469075876564,0.17549469075876564,0.0,805.806188,
2981,NFCORE_CHIPSEQ:CHIPSEQ:UCSC_BEDGRAPHTOBIGWIG,1697333343000,1697333400000,1,99.6,,1073741824.0,,,0.09793659934315166,0.09793659934315166,0.0,805.806188,
2982,NFCORE_CHIPSEQ:CHIPSEQ:UCSC_BEDGRAPHTOBIGWIG,1697333345000,1697333400000,1,100.7,,1073741824.0,,,0.08755929842293486,0.08755929842293486,0.0,805.806188,
3004,NFCORE_CHIPSEQ:CHIPSEQ:FRIP_SCORE,1697333356000,1697333400000,2,127.5,,1073741824.0,,,0.09065213302800028,0.09065213302800028,0.0,805.806188,
3005,NFCORE_CHIPSEQ:CHIPSEQ:FRIP_SCORE,1697333344000,1697333400000,2,119.4,,1073741824.0,,,0.10656146610091666,0.10656146610091666,0.0,805.806188,
3009,NFCORE_CHIPSEQ:CHIPSEQ:UCSC_BEDGRAPHTOBIGWIG,1697333344000,1697333400000,1,100.6,,1073741824.0,,,0.09316115909531913,0.09316115909531913,0.0,805.806188,
2930,NFCORE_CHIPSEQ:CHIPSEQ:MACS2_CALLPEAK,1697333220000,1697333400000,1,96.9,,1892679680.0,,,0.26315286344344935,0.26315286344344935,0.0,805.806188,
2999,NFCORE_CHIPSEQ:CHIPSEQ:FRIP_SCORE,1697333334000,1697333400000,2,126.5,,1073741824.0,,,0.14341713770735748,0.14341713770735748,0.0,805.806188,
3018,NFCORE_CHIPSEQ:CHIPSEQ:FRIP_SCORE,1697333360000,1697333400000,2,125.7,,1073741824.0,,,0.10623342397234417,0.10623342397234417,0.0,805.806188,
2902,NFCORE_CHIPSEQ:CHIPSEQ:MACS2_CALLPEAK,1697333193000,1697333400000,1,96.6,,1892679680.0,,,0.30076769133831055,0.30076769133831055,0.0,805.806188,
2944,NFCORE_CHIPSEQ:CHIPSEQ:MACS2_CALLPEAK,1697333255000,1697333400000,1,95.9,,1892679680.0,,,0.23542176973954226,0.23542176973954226,0.0,805.806188,
3011,NFCORE_CHIPSEQ:CHIPSEQ:FRIP_SCORE,1697333363000,1697333400000,2,127.1,,1073741824.0,,,0.12429853984166686,0.12429853984166686,0.0,805.806188,
3021,NFCORE_CHIPSEQ:CHIPSEQ:UCSC_BEDGRAPHTOBIGWIG,1697333370000,1697333400000,1,100.0,,1073741824.0,,,0.09831643822893502,0.09831643822893502,0.0,805.806188,
3022,NFCORE_CHIPSEQ:CHIPSEQ:UCSC_BEDGRAPHTOBIGWIG,1697333385000,1697333400000,1,99.9,,1073741824.0,,,0.08807203105118439,0.08807203105118439,0.0,805.806188,
3026,NFCORE_CHIPSEQ:CHIPSEQ:FRIP_SCORE,1697333389000,1697333400000,2,127.7,,1073741824.0,,,0.08797373201850894,0.08797373201850894,0.0,805.806188,
2417,NFCORE_CHIPSEQ:CHIPSEQ:DEEPTOOLS_PLOTFINGERPRINT,1697333314000,1697333400000,8,650.2,,4294967296.0,,,1.1475159913271589,1.1475159913271589,0.0,805.806188,
2682,NFCORE_CHIPSEQ:CHIPSEQ:DEEPTOOLS_PLOTFINGERPRINT,1697333257000,1697333400000,8,541.4,,4294967296.0,,,1.2225595823279423,1.2225595823279423,0.0,805.806188,
2843,NFCORE_CHIPSEQ:CHIPSEQ:BEDTOOLS_GENOMECOV,1697333122000,1697333400000,2,121.7,,4567597056.0,,,0.5679132621669295,0.5679132621669295,0.0,805.806188,
2849,NFCORE_CHIPSEQ:CHIPSEQ:DEEPTOOLS_PLOTFINGERPRINT,1697333272000,1697333400000,8,624.5,,4294967296.0,,,1.4404507010855414,1.4404507010855414,0.0,805.806188,
2916,NFCORE_CHIPSEQ:CHIPSEQ:MACS2_CALLPEAK,1697333203000,1697333400000,1,96.9,,1892679680.0,,,0.31206816258390463,0.31206816258390463,0.0,805.806188,
2961,NFCORE_CHIPSEQ:CHIPSEQ:MACS2_CALLPEAK,1697333284000,1697333400000,1,97.7,,1892679680.0,,,0.24278730509600432,0.24278730509600432,0.0,805.806188,
3001,NFCORE_CHIPSEQ:CHIPSEQ:FRIP_SCORE,1697333352000,1697333400000,2,124.3,,1073741824.0,,,0.1950540305402806,0.1950540305402806,0.0,805.806188,
3016,NFCORE_CHIPSEQ:CHIPSEQ:FRIP_SCORE,1697333377000,1697333400000,2,123.5,,1073741824.0,,,0.1622660397315474,0.1622660397315474,0.0,805.806188,
2826,NFCORE_CHIPSEQ:CHIPSEQ:HOMER_ANNOTATEPEAKS_MACS2,1697333102000,1697333400000,1,100.1,,4807720960.0,,,0.56576083088385,0.56576083088385,0.0,805.806188,
2854,NFCORE_CHIPSEQ:CHIPSEQ:HOMER_ANNOTATEPEAKS_MACS2,1697333117000,1697333400000,1,99.9,,4807720960.0,,,0.5563449737145761,0.5563449737145761,0.0,805.806188,
2946,NFCORE_CHIPSEQ:CHIPSEQ:MACS2_CALLPEAK,1697333291000,1697333400000,1,98.1,,1892679680.0,,,0.2601388407259727,0.2601388407259727,0.0,805.806188,
2960,NFCORE_CHIPSEQ:CHIPSEQ:MACS2_CALLPEAK,1697333285000,1697333400000,1,96.7,,1892679680.0,,,0.2534217456318634,0.2534217456318634,0.0,805.806188,
2920,NFCORE_CHIPSEQ:CHIPSEQ:MACS2_CALLPEAK,1697333229000,1697333400000,1,96.7,,1892679680.0,,,0.3359460497067359,0.3359460497067359,0.0,805.806188,
2923,NFCORE_CHIPSEQ:CHIPSEQ:MACS2_CALLPEAK,1697333229000,1697333400000,1,97.7,,1892679680.0,,,0.3401312001314917,0.3401312001314917,0.0,805.806188,
3020,NFCORE_CHIPSEQ:CHIPSEQ:FRIP_SCORE,1697333387000,1697333400000,2,123.6,,1073741824.0,,,0.18992337561305528,0.18992337561305528,0.0,805.806188,
2855,NFCORE_CHIPSEQ:CHIPSEQ:HOMER_ANNOTATEPEAKS_MACS2,1697333120000,1697333400000,1,100.3,,4807720960.0,,,0.5838602159772354,0.5838602159772354,0.0,805.806188,
2863,NFCORE_CHIPSEQ:CHIPSEQ:HOMER_ANNOTATEPEAKS_MACS2,1697333141000,1697333400000,1,100.2,,4807720960.0,,,0.582016508839502,0.582016508839502,0.0,805.806188,
2895,NFCORE_CHIPSEQ:CHIPSEQ:MACS2_CALLPEAK,1697333188000,1697333400000,1,97.8,,1892679680.0,,,0.43317588396142825,0.43317588396142825,0.0,805.806188,
2870,NFCORE_CHIPSEQ:CHIPSEQ:HOMER_ANNOTATEPEAKS_MACS2,1697333153000,1697333400000,1,99.9,,4807720960.0,,,0.6108838026262223,0.6108838026262223,0.0,805.806188,
2883,NFCORE_CHIPSEQ:CHIPSEQ:MACS2_CALLPEAK,1697333199000,1697333400000,1,98.2,,1892679680.0,,,0.44532766212301067,0.44532766212301067,0.0,805.806188,
2897,NFCORE_CHIPSEQ:CHIPSEQ:MACS2_CALLPEAK,1697333191000,1697333400000,1,97.8,,1892679680.0,,,0.4496180391508853,0.4496180391508853,0.0,805.806188,
2868,NFCORE_CHIPSEQ:CHIPSEQ:HOMER_ANNOTATEPEAKS_MACS2,1697333152000,1697333400000,1,100.5,,4807720960.0,,,0.6193097080245835,0.6193097080245835,0.0,805.806188,
2874,NFCORE_CHIPSEQ:CHIPSEQ:HOMER_ANNOTATEPEAKS_MACS2,1697333159000,1697333400000,1,100.5,,4807720960.0,,,0.6135524924062093,0.6135524924062093,0.0,805.806188,
2885,NFCORE_CHIPSEQ:CHIPSEQ:HOMER_ANNOTATEPEAKS_MACS2,1697333175000,1697333400000,1,100.6,,4807720960.0,,,0.5923829694306596,0.5923829694306596,0.0,805.806188,
2979,NFCORE_CHIPSEQ:CHIPSEQ:BEDTOOLS_GENOMECOV,1697333294000,1697333400000,2,118.0,,4567597056.0,,,0.4665335710872583,0.4665335710872583,0.0,805.806188,
2980,NFCORE_CHIPSEQ:CHIPSEQ:BEDTOOLS_GENOMECOV,1697333294000,1697333400000,2,118.0,,4567597056.0,,,0.48256893960341307,0.48256893960341307,0.0,805.806188,
2887,NFCORE_CHIPSEQ:CHIPSEQ:HOMER_ANNOTATEPEAKS_MACS2,1697333180000,1697333400000,1,99.8,,4807720960.0,,,0.6305295622645974,0.6305295622645974,0.0,805.806188,
2907,NFCORE_CHIPSEQ:CHIPSEQ:HOMER_ANNOTATEPEAKS_MACS2,1697333198000,1697333400000,1,99.9,,4807720960.0,,,0.6195269339893701,0.6195269339893701,0.0,805.806188,
2932,NFCORE_CHIPSEQ:CHIPSEQ:HOMER_ANNOTATEPEAKS_MACS2,1697333245000,1697333400000,1,100.0,,4807720960.0,,,0.5970469925555085,0.5970469925555085,0.0,805.806188,
2936,NFCORE_CHIPSEQ:CHIPSEQ:HOMER_ANNOTATEPEAKS_MACS2,1697333248000,1697333400000,1,100.7,,4807720960.0,,,0.5943133943401082,0.5943133943401082,0.0,805.806188,
2950,NFCORE_CHIPSEQ:CHIPSEQ:HOMER_ANNOTATEPEAKS_MACS2,1697333259000,1697333400000,1,100.8,,4807720960.0,,,0.5933079130103716,0.5933079130103716,0.0,805.806188,
2967,NFCORE_CHIPSEQ:CHIPSEQ:HOMER_ANNOTATEPEAKS_MACS2,1697333285000,1697333400000,1,100.2,,4807720960.0,,,0.5663194582449824,0.5663194582449824,0.0,805.806188,
2973,NFCORE_CHIPSEQ:CHIPSEQ:HOMER_ANNOTATEPEAKS_MACS2,1697333289000,1697333400000,1,100.0,,4807720960.0,,,0.15925195334778752,0.15925195334778752,0.0,805.579392,
2966,NFCORE_CHIPSEQ:CHIPSEQ:BEDTOOLS_GENOMECOV,1697333289000,1697333400000,2,118.8,,4567597056.0,,,0.6801114311726556,0.6801114311726556,0.0,805.919586,
2971,NFCORE_CHIPSEQ:CHIPSEQ:HOMER_ANNOTATEPEAKS_MACS2,1697333290000,1697333400000,1,99.9,,4807720960.0,,,0.6009531215736916,0.6009531215736916,0.0,805.919586,
3014,NFCORE_CHIPSEQ:CHIPSEQ:BEDTOOLS_GENOMECOV,1697333383000,1697333400000,2,120.7,,4567597056.0,,,0.5270186563999015,0.5270186563999015,0.0,805.919586,
3008,NFCORE_CHIPSEQ:CHIPSEQ:BEDTOOLS_GENOMECOV,1697333339000,1697333400000,2,118.6,,4567597056.0,,,0.6148852851413906,0.6148852851413906,0.0,805.919586,
2998,NFCORE_CHIPSEQ:CHIPSEQ:HOMER_ANNOTATEPEAKS_MACS2,1697333330000,1697333400000,1,100.0,,4807720960.0,,,0.5741474961593671,0.5741474961593671,0.0,805.919586,
2997,NFCORE_CHIPSEQ:CHIPSEQ:BEDTOOLS_GENOMECOV,1697333333000,1697333400000,2,118.6,,4567597056.0,,,0.6647834018213507,0.6647834018213507,0.0,805.919586,
3000,NFCORE_CHIPSEQ:CHIPSEQ:HOMER_ANNOTATEPEAKS_MACS2,1697333335000,1697333400000,1,99.9,,4807720960.0,,,0.6196375260316556,0.6196375260316556,0.0,805.919586,
3003,NFCORE_CHIPSEQ:CHIPSEQ:HOMER_ANNOTATEPEAKS_MACS2,1697333337000,1697333400000,1,99.9,,4807720960.0,,,0.6167702053440772,0.6167702053440772,0.0,805.919586,
3006,NFCORE_CHIPSEQ:CHIPSEQ:HOMER_ANNOTATEPEAKS_MACS2,1697333337000,1697333400000,1,100.2,,4807720960.0,,,0.5807374779169676,0.5807374779169676,0.0,805.919586,
3007,NFCORE_CHIPSEQ:CHIPSEQ:BEDTOOLS_GENOMECOV,1697333338000,1697333400000,2,119.9,,4567597056.0,,,0.6509046388316542,0.6509046388316542,0.0,805.919586,
3017,NFCORE_CHIPSEQ:CHIPSEQ:HOMER_ANNOTATEPEAKS_MACS2,1697333363000,1697333400000,1,100.3,,4807720960.0,,,0.5869342212076287,0.5869342212076287,0.0,805.919586,
3010,NFCORE_CHIPSEQ:CHIPSEQ:HOMER_ANNOTATEPEAKS_MACS2,1697333345000,1697333400000,1,100.4,,4807720960.0,,,0.627656012602239,0.627656012602239,0.0,805.919586,
3015,NFCORE_CHIPSEQ:CHIPSEQ:HOMER_ANNOTATEPEAKS_MACS2,1697333362000,1697333400000,1,100.0,,4807720960.0,,,0.625851710620814,0.625851710620814,0.0,805.919586,
3025,NFCORE_CHIPSEQ:CHIPSEQ:HOMER_ANNOTATEPEAKS_MACS2,1697333387000,1697333400000,1,100.2,,4807720960.0,,,0.5850907134603944,0.5850907134603944,0.0,805.919586,
3019,NFCORE_CHIPSEQ:CHIPSEQ:HOMER_ANNOTATEPEAKS_MACS2,1697333372000,1697333400000,1,100.3,,4807720960.0,,,0.6358551888286403,0.6358551888286403,0.0,805.919586,
3023,NFCORE_CHIPSEQ:CHIPSEQ:HOMER_ANNOTATEPEAKS_MACS2,1697333382000,1697333400000,1,100.4,,4807720960.0,,,0.634884390118722,0.634884390118722,0.0,805.919586,
3027,NFCORE_CHIPSEQ:CHIPSEQ:HOMER_ANNOTATEPEAKS_MACS2,1697333390000,1697333400000,1,100.0,,4807720960.0,,,0.6675041229988945,0.6675041229988945,0.0,805.919586,
2812,NFCORE_CHIPSEQ:CHIPSEQ:PHANTOMPEAKQUALTOOLS,1697333105000,1697333400000,1,13.8,,4294967296.0,,,0.48446471710253164,0.48446471710253164,0.0,805.976285,
2820,NFCORE_CHIPSEQ:CHIPSEQ:PHANTOMPEAKQUALTOOLS,1697333113000,1697333400000,1,14.1,,4294967296.0,,,0.5612424322923248,0.5612424322923248,0.0,805.976285,
2653,NFCORE_CHIPSEQ:CHIPSEQ:DEEPTOOLS_COMPUTEMATRIX,1697333279000,1697333400000,9,690.1,,5673844736.0,,,7.780259690909279,7.780259690909279,0.0,805.976285,
2910,NFCORE_CHIPSEQ:CHIPSEQ:DEEPTOOLS_COMPUTEMATRIX,1697333334000,1697333400000,9,692.8,,5673844736.0,,,7.8465746090520625,7.8465746090520625,0.0,805.0974504999999,
2990,NFCORE_CHIPSEQ:CHIPSEQ:DEEPTOOLS_COMPUTEMATRIX,1697333355000,1697333400000,9,700.6,,5673844736.0,,,8.285821311268435,8.285821311268435,0.0,805.0974504999999,
2837,NFCORE_CHIPSEQ:CHIPSEQ:DEEPTOOLS_COMPUTEMATRIX,1697333399000,1697333400000,9,692.8,,5673844736.0,,,8.02978942771592,8.02978942771592,0.0,805.0974504999999,
3029,NFCORE_CHIPSEQ:CHIPSEQ:MULTIQC_CUSTOM_PEAKS,1697333403000,1697333405000,2,8.4,,1073741824.0,,,0.00035068032255277775,0.00035068032255277775,0.0,806.0329839999999,
3030,NFCORE_CHIPSEQ:CHIPSEQ:MULTIQC_CUSTOM_PEAKS,1697333406000,1697333406000,2,25.0,,1073741824.0,,,0.0,0.0,0.0,806.0329839999999,
3034,NFCORE_CHIPSEQ:CHIPSEQ:MULTIQC_CUSTOM_PEAKS,1697333407000,1697333409000,2,28.6,,1073741824.0,,,0.0007718605439491667,0.0007718605439491667,0.0,806.0329839999999,
3038,NFCORE_CHIPSEQ:CHIPSEQ:MULTIQC_CUSTOM_PEAKS,1697333416000,1697333418000,2,85.3,,1073741824.0,,,0.0019540842347004167,0.0019540842347004167,0.0,806.0329839999999,
3031,NFCORE_CHIPSEQ:CHIPSEQ:MULTIQC_CUSTOM_PEAKS,1697333427000,1697333427000,2,147.7,,1073741824.0,,,0.0,0.0,0.0,806.0329839999999,
3032,NFCORE_CHIPSEQ:CHIPSEQ:MULTIQC_CUSTOM_PEAKS,1697333427000,1697333428000,2,101.6,,1073741824.0,,,0.0011469737413294444,0.0011469737413294444,0.0,806.0329839999999,
3035,NFCORE_CHIPSEQ:CHIPSEQ:MULTIQC_CUSTOM_PEAKS,1697333428000,1697333429000,2,63.4,,1073741824.0,,,0.0007487290765437499,0.0007487290765437499,0.0,806.0329839999999,
3037,NFCORE_CHIPSEQ:CHIPSEQ:MULTIQC_CUSTOM_PEAKS,1697333421000,1697333423000,2,124.7,,1073741824.0,,,0.002775594171483472,0.002775594171483472,0.0,806.0329839999999,
3044,NFCORE_CHIPSEQ:CHIPSEQ:MULTIQC_CUSTOM_PEAKS,1697333440000,1697333440000,2,22.7,,1073741824.0,,,0.0,0.0,0.0,806.0329839999999,
3047,NFCORE_CHIPSEQ:CHIPSEQ:MULTIQC_CUSTOM_PEAKS,1697333456000,1697333458000,2,97.0,,1073741824.0,,,0.0021980351550141665,0.0021980351550141665,0.0,806.0329839999999,
3056,NFCORE_CHIPSEQ:CHIPSEQ:MULTIQC_CUSTOM_PEAKS,1697333452000,1697333455000,2,58.2,,1073741824.0,,,0.002083553282755417,0.002083553282755417,0.0,806.0329839999999,
3068,NFCORE_CHIPSEQ:CHIPSEQ:MULTIQC_CUSTOM_PEAKS,1697333472000,1697333473000,2,14.9,,1073741824.0,,,0.00024310430580798612,0.00024310430580798612,0.0,806.0329839999999,
3024,NFCORE_CHIPSEQ:CHIPSEQ:FRIP_SCORE,1697333400000,1697333512000,2,125.3,,1073741824.0,,,0.1561338506050011,0.1561338506050011,0.0,806.0329839999999,
3028,NFCORE_CHIPSEQ:CHIPSEQ:FRIP_SCORE,1697333439000,1697333511000,2,127.5,,1073741824.0,,,0.102023121179185,0.102023121179185,0.0,806.0329839999999,
3054,NFCORE_CHIPSEQ:CHIPSEQ:UCSC_BEDGRAPHTOBIGWIG,1697333466000,1697333512000,1,101.4,,1073741824.0,,,0.05266487977350972,0.05266487977350972,0.0,806.0329839999999,
3055,NFCORE_CHIPSEQ:CHIPSEQ:UCSC_BEDGRAPHTOBIGWIG,1697333459000,1697333503000,1,99.1,,1073741824.0,,,0.049320066787960824,0.049320066787960824,0.0,806.0329839999999,
3065,NFCORE_CHIPSEQ:CHIPSEQ:UCSC_BEDGRAPHTOBIGWIG,1697333468000,1697333515000,1,100.7,,1073741824.0,,,0.053466777640378264,0.053466777640378264,0.0,806.0329839999999,
3073,NFCORE_CHIPSEQ:CHIPSEQ:MULTIQC_CUSTOM_PEAKS,1697333486000,1697333488000,2,33.3,,1073741824.0,,,0.0008698579221948611,0.0008698579221948611,0.0,806.0329839999999,
3083,NFCORE_CHIPSEQ:CHIPSEQ:MULTIQC_CUSTOM_PEAKS,1697333512000,1697333514000,2,71.9,,1073741824.0,,,0.0016746874541701388,0.0016746874541701388,0.0,806.0329839999999,
3093,NFCORE_CHIPSEQ:CHIPSEQ:MULTIQC_CUSTOM_PEAKS,1697333525000,1697333527000,2,83.1,,1073741824.0,,,0.0019082131214790275,0.0019082131214790275,0.0,806.0329839999999,
3094,NFCORE_CHIPSEQ:CHIPSEQ:MULTIQC_CUSTOM_PEAKS,1697333527000,1697333530000,2,39.3,,1073741824.0,,,0.0014924414373797916,0.0014924414373797916,0.0,806.0329839999999,
3097,NFCORE_CHIPSEQ:CHIPSEQ:MULTIQC_CUSTOM_PEAKS,1697333532000,1697333532000,2,117.4,,1073741824.0,,,0.0,0.0,0.0,806.0329839999999,
3072,NFCORE_CHIPSEQ:CHIPSEQ:UCSC_BEDGRAPHTOBIGWIG,1697333481000,1697333546000,1,98.7,,1073741824.0,,,0.07258813299499756,0.07258813299499756,0.0,806.0329839999999,
3080,NFCORE_CHIPSEQ:CHIPSEQ:UCSC_BEDGRAPHTOBIGWIG,1697333498000,1697333550000,1,98.9,,1073741824.0,,,0.05817892902724861,0.05817892902724861,0.0,806.0329839999999,
3100,NFCORE_CHIPSEQ:CHIPSEQ:MULTIQC_CUSTOM_PEAKS,1697333531000,1697333532000,2,47.5,,1073741824.0,,,0.0005829675537664584,0.0005829675537664584,0.0,806.0329839999999,
3101,NFCORE_CHIPSEQ:CHIPSEQ:MULTIQC_CUSTOM_PEAKS,1697333537000,1697333538000,2,92.1,,1073741824.0,,,0.0010479338377832638,0.0010479338377832638,0.0,806.0329839999999,
3103,NFCORE_CHIPSEQ:CHIPSEQ:MULTIQC_CUSTOM_PEAKS,1697333542000,1697333544000,2,63.4,,1073741824.0,,,0.0014974581530874998,0.0014974581530874998,0.0,806.0329839999999,
3053,NFCORE_CHIPSEQ:CHIPSEQ:UCSC_BEDGRAPHTOBIGWIG,1697333462000,1697333558000,1,100.0,,1073741824.0,,,0.10850816030608,0.10850816030608,0.0,806.0329839999999,
3063,NFCORE_CHIPSEQ:CHIPSEQ:UCSC_BEDGRAPHTOBIGWIG,1697333467000,1697333558000,1,98.1,,1073741824.0,,,0.10105416737893118,0.10105416737893118,0.0,806.0329839999999,
3104,NFCORE_CHIPSEQ:CHIPSEQ:MULTIQC_CUSTOM_PEAKS,1697333559000,1697333561000,2,62.3,,1073741824.0,,,0.0014745225964768055,0.0014745225964768055,0.0,806.0329839999999,
3107,NFCORE_CHIPSEQ:CHIPSEQ:MULTIQC_CUSTOM_PEAKS,1697333566000,1697333566000,2,75.3,,1073741824.0,,,0.0,0.0,0.0,806.0329839999999,
3064,NFCORE_CHIPSEQ:CHIPSEQ:UCSC_BEDGRAPHTOBIGWIG,1697333491000,1697333569000,1,100.8,,1073741824.0,,,0.08881341603619333,0.08881341603619333,0.0,806.0329839999999,
3088,NFCORE_CHIPSEQ:CHIPSEQ:UCSC_BEDGRAPHTOBIGWIG,1697333518000,1697333573000,1,99.8,,1073741824.0,,,0.06205145572563818,0.06205145572563818,0.0,806.0329839999999,
3110,NFCORE_CHIPSEQ:CHIPSEQ:MULTIQC_CUSTOM_PEAKS,1697333566000,1697333567000,2,64.9,,1073741824.0,,,0.0007643669560510417,0.0007643669560510417,0.0,806.0329839999999,
3076,NFCORE_CHIPSEQ:CHIPSEQ:UCSC_BEDGRAPHTOBIGWIG,1697333490000,1697333578000,1,100.1,,1073741824.0,,,0.09955755584034945,0.09955755584034945,0.0,806.0329839999999,
3096,NFCORE_CHIPSEQ:CHIPSEQ:UCSC_BEDGRAPHTOBIGWIG,1697333528000,1697333582000,1,100.8,,1073741824.0,,,0.06148621110198,0.06148621110198,0.0,806.0329839999999,
3118,NFCORE_CHIPSEQ:CHIPSEQ:MULTIQC_CUSTOM_PEAKS,1697333580000,1697333582000,2,71.1,,1073741824.0,,,0.0016580070493623607,0.0016580070493623607,0.0,806.0329839999999,
3082,NFCORE_CHIPSEQ:CHIPSEQ:FRIP_SCORE,1697333507000,1697333592000,2,125.5,,1073741824.0,,,0.11867166949237812,0.11867166949237812,0.0,806.0329839999999,
3119,NFCORE_CHIPSEQ:CHIPSEQ:MULTIQC_CUSTOM_PEAKS,1697333593000,1697333596000,2,84.2,,1073741824.0,,,0.002896723017134583,0.002896723017134583,0.0,806.0329839999999,
3062,NFCORE_CHIPSEQ:CHIPSEQ:FRIP_SCORE,1697333469000,1697333605000,2,126.4,,1073741824.0,,,0.1911507221556,0.1911507221556,0.0,806.0329839999999,
3092,NFCORE_CHIPSEQ:CHIPSEQ:FRIP_SCORE,1697333522000,1697333604000,2,125.8,,1073741824.0,,,0.11473971885186084,0.11473971885186084,0.0,806.0329839999999,
3126,NFCORE_CHIPSEQ:CHIPSEQ:MULTIQC_CUSTOM_PEAKS,1697333604000,1697333604000,2,44.7,,1073741824.0,,,0.0,0.0,0.0,806.0329839999999,
3127,NFCORE_CHIPSEQ:CHIPSEQ:MULTIQC_CUSTOM_PEAKS,1697333596000,1697333597000,2,56.1,,1073741824.0,,,0.0006726247296082638,0.0006726247296082638,0.0,806.0329839999999,
3078,NFCORE_CHIPSEQ:CHIPSEQ:FRIP_SCORE,1697333496000,1697333618000,2,126.3,,1073741824.0,,,0.17134625384704072,0.17134625384704072,0.0,806.0329839999999,
3133,NFCORE_CHIPSEQ:CHIPSEQ:MULTIQC_CUSTOM_PEAKS,1697333613000,1697333614000,2,75.0,,1073741824.0,,,0.0008696620114001389,0.0008696620114001389,0.0,806.0329839999999,
3087,NFCORE_CHIPSEQ:CHIPSEQ:FRIP_SCORE,1697333519000,1697333648000,2,123.0,,1073741824.0,,,0.17673956607671792,0.17673956607671792,0.0,806.0329839999999,
3105,NFCORE_CHIPSEQ:CHIPSEQ:FRIP_SCORE,1697333562000,1697333649000,2,122.5,,1073741824.0,,,0.11874295303440063,0.11874295303440063,0.0,806.0329839999999,
3117,NFCORE_CHIPSEQ:CHIPSEQ:FRIP_SCORE,1697333577000,1697333647000,2,126.6,,1073741824.0,,,0.09853235465156805,0.09853235465156805,0.0,806.0329839999999,
3113,NFCORE_CHIPSEQ:CHIPSEQ:UCSC_BEDGRAPHTOBIGWIG,1697333578000,1697333657000,1,100.5,,1073741824.0,,,0.08970497107890368,0.08970497107890368,0.0,806.0329839999999,
2943,NFCORE_CHIPSEQ:CHIPSEQ:DEEPTOOLS_PLOTFINGERPRINT,1697333484000,1697333668000,8,581.9,,4294967296.0,,,1.1808249436514462,1.1808249436514462,0.0,806.0329839999999,
3125,NFCORE_CHIPSEQ:CHIPSEQ:FRIP_SCORE,1697333588000,1697333670000,2,123.8,,1073741824.0,,,0.11302997735906359,0.11302997735906359,0.0,806.0329839999999,
3115,NFCORE_CHIPSEQ:CHIPSEQ:FRIP_SCORE,1697333573000,1697333674000,2,126.3,,1073741824.0,,,0.1418522265455009,0.1418522265455009,0.0,806.0329839999999,
3121,NFCORE_CHIPSEQ:CHIPSEQ:UCSC_BEDGRAPHTOBIGWIG,1697333583000,1697333676000,1,99.2,,1073741824.0,,,0.10434164147295333,0.10434164147295333,0.0,806.0329839999999,
3122,NFCORE_CHIPSEQ:CHIPSEQ:FRIP_SCORE,1697333595000,1697333679000,2,127.6,,1073741824.0,,,0.11911454683428997,0.11911454683428997,0.0,806.0329839999999,
3149,NFCORE_CHIPSEQ:CHIPSEQ:MACS2_CONSENSUS,1697333672000,1697333676000,6,142.8,,1073741824.0,,,0.006305976660518889,0.006305976660518889,0.0,806.0329839999999,
3050,NFCORE_CHIPSEQ:CHIPSEQ:BEDTOOLS_GENOMECOV,1697333440000,1697333689000,2,120.0,,4567597056.0,,,0.40447245204867693,0.40447245204867693,0.0,806.0329839999999,
3147,NFCORE_CHIPSEQ:CHIPSEQ:PLOT_MACS2_QC,1697333669000,1697333690000,2,124.8,,1073741824.0,,,0.029165631831886668,0.029165631831886668,0.0,806.0329839999999,
3157,NFCORE_CHIPSEQ:CHIPSEQ:MACS2_CONSENSUS,1697333679000,1697333685000,6,132.6,,1073741824.0,,,0.008820939506880832,0.008820939506880832,0.0,806.0329839999999,
3153,NFCORE_CHIPSEQ:CHIPSEQ:MACS2_CONSENSUS,1697333688000,1697333692000,6,159.2,,1073741824.0,,,0.006989873257637777,0.006989873257637777,0.0,806.0329839999999,
3049,NFCORE_CHIPSEQ:CHIPSEQ:BEDTOOLS_GENOMECOV,1697333439000,1697333695000,2,121.4,,4567597056.0,,,0.4195795742289955,0.4195795742289955,0.0,806.0329839999999,
3148,NFCORE_CHIPSEQ:CHIPSEQ:MACS2_CONSENSUS,1697333693000,1697333698000,6,137.4,,1073741824.0,,,0.007600988994517361,0.007600988994517361,0.0,806.0329839999999,
3156,NFCORE_CHIPSEQ:CHIPSEQ:MACS2_CONSENSUS,1697333696000,1697333700000,6,176.2,,1073741824.0,,,0.007698790461968333,0.007698790461968333,0.0,806.0329839999999,
3043,NFCORE_CHIPSEQ:CHIPSEQ:BEDTOOLS_GENOMECOV,1697333459000,1697333700000,2,120.6,,4567597056.0,,,0.4109219123758875,0.4109219123758875,0.0,806.0329839999999,
3132,NFCORE_CHIPSEQ:CHIPSEQ:FRIP_SCORE,1697333612000,1697333700000,2,126.7,,1073741824.0,,,0.1324128736246371,0.1324128736246371,0.0,806.0329839999999,
3058,NFCORE_CHIPSEQ:CHIPSEQ:BEDTOOLS_GENOMECOV,1697333482000,1697333700000,2,119.5,,4567597056.0,,,0.39669780912508057,0.39669780912508057,0.0,806.0329839999999,
3048,NFCORE_CHIPSEQ:CHIPSEQ:BEDTOOLS_GENOMECOV,1697333455000,1697333700000,2,120.9,,4567597056.0,,,0.4558218538069537,0.4558218538069537,0.0,806.0329839999999,
3041,NFCORE_CHIPSEQ:CHIPSEQ:BEDTOOLS_GENOMECOV,1697333428000,1697333700000,2,119.5,,4567597056.0,,,0.5343276612705167,0.5343276612705167,0.0,806.0329839999999,
3137,NFCORE_CHIPSEQ:CHIPSEQ:FRIP_SCORE,1697333627000,1697333700000,2,125.0,,1073741824.0,,,0.1641291100738969,0.1641291100738969,0.0,806.0329839999999,
3144,NFCORE_CHIPSEQ:CHIPSEQ:FRIP_SCORE,1697333658000,1697333700000,2,127.8,,1073741824.0,,,0.16615349829664622,0.16615349829664622,0.0,806.0329839999999,
3160,NFCORE_CHIPSEQ:CHIPSEQ:UCSC_BEDGRAPHTOBIGWIG,1697333698000,1697333700000,1,97.9,,1073741824.0,,,0.07315442014395625,0.07315442014395625,0.0,806.0329839999999,
3161,NFCORE_CHIPSEQ:CHIPSEQ:UCSC_BEDGRAPHTOBIGWIG,1697333698000,1697333700000,1,99.5,,1073741824.0,,,0.06750484260115416,0.06750484260115416,0.0,806.0329839999999,
2834,NFCORE_CHIPSEQ:CHIPSEQ:DEEPTOOLS_PLOTFINGERPRINT,1697333669000,1697333700000,8,542.3,,4294967296.0,,,0.8046280377229058,0.8046280377229058,0.0,806.0329839999999,
3146,NFCORE_CHIPSEQ:CHIPSEQ:FRIP_SCORE,1697333674000,1697333700000,2,127.0,,1073741824.0,,,0.16800124495069707,0.16800124495069707,0.0,806.0329839999999,
3042,NFCORE_CHIPSEQ:CHIPSEQ:BEDTOOLS_GENOMECOV,1697333433000,1697333700000,2,120.6,,4567597056.0,,,0.6653021438466751,0.6653021438466751,0.0,806.0329839999999,
3077,NFCORE_CHIPSEQ:CHIPSEQ:HOMER_ANNOTATEPEAKS_MACS2,1697333493000,1697333700000,1,99.7,,4807720960.0,,,0.5944387517646955,0.5944387517646955,0.0,806.0329839999999,
3061,NFCORE_CHIPSEQ:CHIPSEQ:HOMER_ANNOTATEPEAKS_MACS2,1697333464000,1697333700000,1,99.6,,4807720960.0,,,0.6383776440462343,0.6383776440462343,0.0,806.0329839999999,
3086,NFCORE_CHIPSEQ:CHIPSEQ:HOMER_ANNOTATEPEAKS_MACS2,1697333518000,1697333700000,1,100.2,,4807720960.0,,,0.6167283240154569,0.6167283240154569,0.0,806.0329839999999,
3081,NFCORE_CHIPSEQ:CHIPSEQ:HOMER_ANNOTATEPEAKS_MACS2,1697333501000,1697333700000,1,100.0,,4807720960.0,,,0.656028120395318,0.656028120395318,0.0,806.0329839999999,
3091,NFCORE_CHIPSEQ:CHIPSEQ:HOMER_ANNOTATEPEAKS_MACS2,1697333522000,1697333700000,1,100.1,,4807720960.0,,,0.6335197122884448,0.6335197122884448,0.0,806.0329839999999,
3123,NFCORE_CHIPSEQ:CHIPSEQ:HOMER_ANNOTATEPEAKS_MACS2,1697333589000,1697333700000,1,99.9,,4807720960.0,,,0.573787033989493,0.573787033989493,0.0,806.0329839999999,
3106,NFCORE_CHIPSEQ:CHIPSEQ:HOMER_ANNOTATEPEAKS_MACS2,1697333554000,1697333700000,1,99.4,,4807720960.0,,,0.638876966436672,0.638876966436672,0.0,806.0329839999999,
3114,NFCORE_CHIPSEQ:CHIPSEQ:HOMER_ANNOTATEPEAKS_MACS2,1697333573000,1697333700000,1,100.0,,4807720960.0,,,0.623011387859011,0.623011387859011,0.0,806.0329839999999,
3116,NFCORE_CHIPSEQ:CHIPSEQ:HOMER_ANNOTATEPEAKS_MACS2,1697333577000,1697333700000,1,100.1,,4807720960.0,,,0.6234638438394219,0.6234638438394219,0.0,806.0329839999999,
3131,NFCORE_CHIPSEQ:CHIPSEQ:HOMER_ANNOTATEPEAKS_MACS2,1697333600000,1697333700000,1,99.5,,4807720960.0,,,0.6193188104731842,0.6193188104731842,0.0,806.0329839999999,
3124,NFCORE_CHIPSEQ:CHIPSEQ:HOMER_ANNOTATEPEAKS_MACS2,1697333600000,1697333700000,1,100.0,,4807720960.0,,,0.6359309788514788,0.6359309788514788,0.0,806.0329839999999,
3136,NFCORE_CHIPSEQ:CHIPSEQ:HOMER_ANNOTATEPEAKS_MACS2,1697333624000,1697333700000,1,100.0,,4807720960.0,,,0.6057852665357203,0.6057852665357203,0.0,806.0329839999999,
3145,NFCORE_CHIPSEQ:CHIPSEQ:HOMER_ANNOTATEPEAKS_MACS2,1697333663000,1697333700000,1,99.8,,4807720960.0,,,0.6063388002417832,0.6063388002417832,0.0,806.0329839999999,
3143,NFCORE_CHIPSEQ:CHIPSEQ:HOMER_ANNOTATEPEAKS_MACS2,1697333657000,1697333700000,1,99.8,,4807720960.0,,,0.6221064758981889,0.6221064758981889,0.0,806.0329839999999,
3012,NFCORE_CHIPSEQ:CHIPSEQ:DEEPTOOLS_COMPUTEMATRIX,1697333432000,1697333700000,9,683.7,,5673844736.0,,,7.596846321254873,7.596846321254873,0.0,805.1258,
3033,NFCORE_CHIPSEQ:CHIPSEQ:DEEPTOOLS_COMPUTEMATRIX,1697333465000,1697333700000,9,674.9,,5673844736.0,,,7.4446194882831325,7.4446194882831325,0.0,805.1258,
2889,NFCORE_CHIPSEQ:CHIPSEQ:DEEPTOOLS_COMPUTEMATRIX,1697333486000,1697333700000,9,689.8,,5673844736.0,,,7.827587996150178,7.827587996150178,0.0,805.1258,
3089,NFCORE_CHIPSEQ:CHIPSEQ:DEEPTOOLS_COMPUTEMATRIX,1697333553000,1697333700000,9,675.6,,5673844736.0,,,7.989441602209506,7.989441602209506,0.0,803.99182,
3154,NFCORE_CHIPSEQ:CHIPSEQ:MACS2_CONSENSUS,1697333700000,1697333705000,6,136.6,,1073741824.0,,,0.007559287982497917,0.007559287982497917,0.0,806.0329839999999,
3152,NFCORE_CHIPSEQ:CHIPSEQ:MACS2_CONSENSUS,1697333708000,1697333710000,6,203.6,,1073741824.0,,,0.004420699095650555,0.004420699095650555,0.0,806.0329839999999,
3151,NFCORE_CHIPSEQ:CHIPSEQ:MACS2_CONSENSUS,1697333703000,1697333706000,6,182.8,,1073741824.0,,,0.0059805128559725,0.0059805128559725,0.0,806.0329839999999,
3150,NFCORE_CHIPSEQ:CHIPSEQ:MACS2_CONSENSUS,1697333709000,1697333711000,6,185.8,,1073741824.0,,,0.0040495600886775,0.0040495600886775,0.0,806.0329839999999,
3155,NFCORE_CHIPSEQ:CHIPSEQ:MACS2_CONSENSUS,1697333703000,1697333706000,6,219.8,,1073741824.0,,,0.007137715939512083,0.007137715939512083,0.0,806.0329839999999,
3162,NFCORE_CHIPSEQ:CHIPSEQ:MULTIQC_CUSTOM_PEAKS,1697333706000,1697333706000,2,93.2,,1073741824.0,,,0.0,0.0,0.0,806.0329839999999,
3163,NFCORE_CHIPSEQ:CHIPSEQ:MULTIQC_CUSTOM_PEAKS,1697333705000,1697333709000,2,101.6,,1073741824.0,,,0.0045878949653177774,0.0045878949653177774,0.0,806.0329839999999,
3164,NFCORE_CHIPSEQ:CHIPSEQ:MULTIQC_CUSTOM_PEAKS,1697333709000,1697333710000,2,101.6,,1073741824.0,,,0.0011469737413294444,0.0011469737413294444,0.0,806.0329839999999,
3165,NFCORE_CHIPSEQ:CHIPSEQ:MULTIQC_CUSTOM_PEAKS,1697333709000,1697333709000,2,68.6,,1073741824.0,,,0.0,0.0,0.0,806.0329839999999,
3168,NFCORE_CHIPSEQ:CHIPSEQ:MULTIQC_CUSTOM_PEAKS,1697333715000,1697333719000,2,25.9,,1073741824.0,,,0.0014311283554458332,0.0014311283554458332,0.0,806.0329839999999,
3169,NFCORE_CHIPSEQ:CHIPSEQ:MULTIQC_CUSTOM_PEAKS,1697333715000,1697333718000,2,25.3,,1073741824.0,,,0.001054580811175625,0.001054580811175625,0.0,806.0329839999999,
3170,NFCORE_CHIPSEQ:CHIPSEQ:MULTIQC_CUSTOM_PEAKS,1697333716000,1697333721000,2,27.6,,1073741824.0,,,0.001877525094848611,0.001877525094848611,0.0,806.0329839999999,
3173,NFCORE_CHIPSEQ:CHIPSEQ:MULTIQC_CUSTOM_PEAKS,1697333721000,1697333722000,2,124.7,,1073741824.0,,,0.001387797085741736,0.001387797085741736,0.0,806.0329839999999,
3175,NFCORE_CHIPSEQ:CHIPSEQ:MULTIQC_CUSTOM_PEAKS,1697333722000,1697333727000,2,18.9,,1073741824.0,,,0.0014240265891371528,0.0014240265891371528,0.0,806.0329839999999,
3177,NFCORE_CHIPSEQ:CHIPSEQ:MULTIQC_CUSTOM_PEAKS,1697333723000,1697333727000,2,4.5,,1073741824.0,,,0.0005387266982297222,0.0005387266982297222,0.0,806.0329839999999,
3180,NFCORE_CHIPSEQ:CHIPSEQ:UCSC_BEDGRAPHTOBIGWIG,1697333722000,1697333783000,1,98.9,,1073741824.0,,,0.0682483590511955,0.0682483590511955,0.0,806.0329839999999,
3179,NFCORE_CHIPSEQ:CHIPSEQ:SUBREAD_FEATURECOUNTS,1697333763000,1697333798000,5,399.3,,1073741824.0,,,0.1487700046306809,0.1487700046306809,0.0,806.0329839999999,
3196,NFCORE_CHIPSEQ:CHIPSEQ:MULTIQC_CUSTOM_PEAKS,1697333778000,1697333781000,2,4.5,,1073741824.0,,,0.0004040450236722917,0.0004040450236722917,0.0,806.0329839999999,
3186,NFCORE_CHIPSEQ:CHIPSEQ:UCSC_BEDGRAPHTOBIGWIG,1697333749000,1697333818000,1,97.6,,1073741824.0,,,0.07626381832238997,0.07626381832238997,0.0,806.0329839999999,
3194,NFCORE_CHIPSEQ:CHIPSEQ:UCSC_BEDGRAPHTOBIGWIG,1697333758000,1697333829000,1,99.5,,1073741824.0,,,0.07988073041136576,0.07988073041136576,0.0,806.0329839999999,
3182,NFCORE_CHIPSEQ:CHIPSEQ:SUBREAD_FEATURECOUNTS,1697333770000,1697333836000,5,479.0,,1073741824.0,,,0.3353766388740258,0.3353766388740258,0.0,806.0329839999999,
3195,NFCORE_CHIPSEQ:CHIPSEQ:UCSC_BEDGRAPHTOBIGWIG,1697333774000,1697333835000,1,96.6,,1073741824.0,,,0.06678569605461349,0.06678569605461349,0.0,806.0329839999999,
3206,NFCORE_CHIPSEQ:CHIPSEQ:UCSC_BEDGRAPHTOBIGWIG,1697333793000,1697333841000,1,100.1,,1073741824.0,,,0.05430412136746333,0.05430412136746333,0.0,806.0329839999999,
3215,NFCORE_CHIPSEQ:CHIPSEQ:MULTIQC_CUSTOM_PEAKS,1697333836000,1697333837000,2,82.8,,1073741824.0,,,0.0009509789848380556,0.0009509789848380556,0.0,806.0329839999999,
3216,NFCORE_CHIPSEQ:CHIPSEQ:MULTIQC_CUSTOM_PEAKS,1697333823000,1697333828000,2,15.2,,1073741824.0,,,0.0012311594085472222,0.0012311594085472222,0.0,806.0329839999999,
3193,NFCORE_CHIPSEQ:CHIPSEQ:UCSC_BEDGRAPHTOBIGWIG,1697333757000,1697333853000,1,98.1,,1073741824.0,,,0.10660659415799333,0.10660659415799333,0.0,806.0329839999999,
3208,NFCORE_CHIPSEQ:CHIPSEQ:UCSC_BEDGRAPHTOBIGWIG,1697333799000,1697333864000,1,99.4,,1073741824.0,,,0.07306248200671873,0.07306248200671873,0.0,806.0329839999999,
3222,NFCORE_CHIPSEQ:CHIPSEQ:MULTIQC_CUSTOM_PEAKS,1697333838000,1697333841000,2,22.4,,1073741824.0,,,0.0009638811100333333,0.0009638811100333333,0.0,806.0329839999999,
2612,NFCORE_CHIPSEQ:CHIPSEQ:DEEPTOOLS_PLOTFINGERPRINT,1697333740000,1697333877000,8,596.1,,4294967296.0,,,0.8994824680665705,0.8994824680665705,0.0,806.0329839999999,
2894,NFCORE_CHIPSEQ:CHIPSEQ:DEEPTOOLS_PLOTFINGERPRINT,1697333714000,1697333888000,8,673.0,,4294967296.0,,,1.2819045304559924,1.2819045304559924,0.0,806.0329839999999,
3198,NFCORE_CHIPSEQ:CHIPSEQ:SUBREAD_FEATURECOUNTS,1697333845000,1697333901000,5,487.8,,1073741824.0,,,0.2896995613011811,0.2896995613011811,0.0,806.0329839999999,
3204,NFCORE_CHIPSEQ:CHIPSEQ:SUBREAD_FEATURECOUNTS,1697333840000,1697333882000,5,481.8,,1073741824.0,,,0.21464750721866088,0.21464750721866088,0.0,806.0329839999999,
3205,NFCORE_CHIPSEQ:CHIPSEQ:UCSC_BEDGRAPHTOBIGWIG,1697333787000,1697333878000,1,99.5,,1073741824.0,,,0.10238234461175048,0.10238234461175048,0.0,806.0329839999999,
3212,NFCORE_CHIPSEQ:CHIPSEQ:UCSC_BEDGRAPHTOBIGWIG,1697333815000,1697333904000,1,99.6,,1073741824.0,,,0.10022496794345527,0.10022496794345527,0.0,806.0329839999999,
3213,NFCORE_CHIPSEQ:CHIPSEQ:UCSC_BEDGRAPHTOBIGWIG,1697333818000,1697333902000,1,99.5,,1073741824.0,,,0.09450677964161583,0.09450677964161583,0.0,806.0329839999999,
3214,NFCORE_CHIPSEQ:CHIPSEQ:UCSC_BEDGRAPHTOBIGWIG,1697333819000,1697333898000,1,99.6,,1073741824.0,,,0.08896373559025805,0.08896373559025805,0.0,806.0329839999999,
3223,NFCORE_CHIPSEQ:CHIPSEQ:DESEQ2_QC,1697333863000,1697333893000,4,166.8,,1303379968.0,,,0.055364128207971354,0.055364128207971354,0.0,806.0329839999999,
3231,NFCORE_CHIPSEQ:CHIPSEQ:DESEQ2_QC,1697333865000,1697333898000,4,178.5,,1303379968.0,,,0.06492573121394535,0.06492573121394535,0.0,806.0329839999999,
3200,NFCORE_CHIPSEQ:CHIPSEQ:SUBREAD_FEATURECOUNTS,1697333882000,1697333923000,5,448.6,,1073741824.0,,,0.19534599789466625,0.19534599789466625,0.0,806.0329839999999,
2903,NFCORE_CHIPSEQ:CHIPSEQ:DEEPTOOLS_PLOTFINGERPRINT,1697333745000,1697333934000,8,636.0,,4294967296.0,,,1.319509747439205,1.319509747439205,0.0,806.0329839999999,
3184,NFCORE_CHIPSEQ:CHIPSEQ:SUBREAD_FEATURECOUNTS,1697333881000,1697333928000,5,485.9,,1073741824.0,,,0.24220972814158576,0.24220972814158576,0.0,806.0329839999999,
3202,NFCORE_CHIPSEQ:CHIPSEQ:SUBREAD_FEATURECOUNTS,1697333908000,1697333938000,5,477.7,,1073741824.0,,,0.15203734189373125,0.15203734189373125,0.0,806.0329839999999,
3192,NFCORE_CHIPSEQ:CHIPSEQ:SUBREAD_FEATURECOUNTS,1697333902000,1697333948000,5,487.2,,1073741824.0,,,0.23767975980017886,0.23767975980017886,0.0,806.0329839999999,
3241,NFCORE_CHIPSEQ:CHIPSEQ:DESEQ2_QC,1697333925000,1697333946000,4,116.1,,1303379968.0,,,0.027655122871304318,0.027655122871304318,0.0,806.0329839999999,
1399,NFCORE_CHIPSEQ:CHIPSEQ:DEEPTOOLS_PLOTFINGERPRINT,1697333801000,1697333942000,8,579.0,,4294967296.0,,,0.9006084023879097,0.9006084023879097,0.0,806.0329839999999,
3188,NFCORE_CHIPSEQ:CHIPSEQ:SUBREAD_FEATURECOUNTS,1697333927000,1697333964000,5,483.5,,1073741824.0,,,0.18974998096377838,0.18974998096377838,0.0,806.0329839999999,
3190,NFCORE_CHIPSEQ:CHIPSEQ:SUBREAD_FEATURECOUNTS,1697333901000,1697333962000,5,474.1,,1073741824.0,,,0.30685320962405277,0.30685320962405277,0.0,806.0329839999999,
3230,NFCORE_CHIPSEQ:CHIPSEQ:UCSC_BEDGRAPHTOBIGWIG,1697333864000,1697333952000,1,99.4,,1073741824.0,,,0.09891536025525,0.09891536025525,0.0,806.0329839999999,
3253,NFCORE_CHIPSEQ:CHIPSEQ:DESEQ2_QC,1697333942000,1697333965000,4,108.0,,1303379968.0,,,0.028346719462337206,0.028346719462337206,0.0,806.0329839999999,
3242,NFCORE_CHIPSEQ:CHIPSEQ:DESEQ2_QC,1697333953000,1697333972000,4,131.3,,1303379968.0,,,0.02803211471326971,0.02803211471326971,0.0,806.0329839999999,
3255,NFCORE_CHIPSEQ:CHIPSEQ:DESEQ2_QC,1697333952000,1697333974000,4,170.3,,1303379968.0,,,0.04140310516721997,0.04140310516721997,0.0,806.0329839999999,
3250,NFCORE_CHIPSEQ:CHIPSEQ:DESEQ2_QC,1697333977000,1697334000000,4,139.3,,1303379968.0,,,0.035851859100536725,0.035851859100536725,0.0,806.0329839999999,
3252,NFCORE_CHIPSEQ:CHIPSEQ:DESEQ2_QC,1697333968000,1697333990000,4,136.8,,1303379968.0,,,0.03371969370263733,0.03371969370263733,0.0,806.0329839999999,
3258,NFCORE_CHIPSEQ:CHIPSEQ:DESEQ2_QC,1697333971000,1697333996000,4,117.5,,1303379968.0,,,0.03328764917815147,0.03328764917815147,0.0,806.0329839999999,
3259,NFCORE_CHIPSEQ:CHIPSEQ:DESEQ2_QC,1697333970000,1697334000000,4,215.2,,1303379968.0,,,0.07520170194243166,0.07520170194243166,0.0,806.0329839999999,
3261,NFCORE_CHIPSEQ:CHIPSEQ:IGV,1697333999000,1697334000000,1,7.9,,1073741824.0,,,0.0008506376738697917,0.0008506376738697917,0.0,806.0329839999999,
2896,NFCORE_CHIPSEQ:CHIPSEQ:DEEPTOOLS_PLOTFINGERPRINT,1697333910000,1697334000000,8,609.2,,4294967296.0,,,1.1326610304249103,1.1326610304249103,0.0,806.0329839999999,
2962,NFCORE_CHIPSEQ:CHIPSEQ:DEEPTOOLS_PLOTFINGERPRINT,1697333937000,1697334000000,8,620.9,,4294967296.0,,,1.0031444250244914,1.0031444250244914,0.0,806.0329839999999,
2670,NFCORE_CHIPSEQ:CHIPSEQ:DEEPTOOLS_PLOTFINGERPRINT,1697333946000,1697334000000,8,550.9,,4294967296.0,,,0.9750950439232333,0.9750950439232333,0.0,806.0329839999999,
2925,NFCORE_CHIPSEQ:CHIPSEQ:DEEPTOOLS_PLOTFINGERPRINT,1697333932000,1697334000000,8,520.9,,4294967296.0,,,1.323983293471732,1.323983293471732,0.0,806.0329839999999,
3187,NFCORE_CHIPSEQ:CHIPSEQ:HOMER_ANNOTATEPEAKS_CONSENSUS,1697333733000,1697334000000,1,99.9,,4841275392.0,,,0.6180004445229328,0.6180004445229328,0.0,806.0329839999999,
3189,NFCORE_CHIPSEQ:CHIPSEQ:HOMER_ANNOTATEPEAKS_CONSENSUS,1697333740000,1697334000000,1,99.9,,4841275392.0,,,0.6180004445229328,0.6180004445229328,0.0,806.0329839999999,
3197,NFCORE_CHIPSEQ:CHIPSEQ:HOMER_ANNOTATEPEAKS_CONSENSUS,1697333775000,1697334000000,1,99.3,,4841275392.0,,,0.5852606703774432,0.5852606703774432,0.0,806.0329839999999,
3199,NFCORE_CHIPSEQ:CHIPSEQ:HOMER_ANNOTATEPEAKS_CONSENSUS,1697333782000,1697334000000,1,99.4,,4841275392.0,,,0.5842550655157446,0.5842550655157446,0.0,806.0329839999999,
3178,NFCORE_CHIPSEQ:CHIPSEQ:HOMER_ANNOTATEPEAKS_CONSENSUS,1697333722000,1697334000000,1,99.2,,4841275392.0,,,0.7063768535442417,0.7063768535442417,0.0,806.0329839999999,
3181,NFCORE_CHIPSEQ:CHIPSEQ:HOMER_ANNOTATEPEAKS_CONSENSUS,1697333730000,1697334000000,1,99.1,,4841275392.0,,,0.694430884976234,0.694430884976234,0.0,806.0329839999999,
3183,NFCORE_CHIPSEQ:CHIPSEQ:HOMER_ANNOTATEPEAKS_CONSENSUS,1697333732000,1697334000000,1,99.6,,4841275392.0,,,0.6940960559360184,0.6940960559360184,0.0,806.0329839999999,
3191,NFCORE_CHIPSEQ:CHIPSEQ:HOMER_ANNOTATEPEAKS_CONSENSUS,1697333744000,1697334000000,1,99.3,,4841275392.0,,,0.6797037125410403,0.6797037125410403,0.0,806.0329839999999,
3201,NFCORE_CHIPSEQ:CHIPSEQ:HOMER_ANNOTATEPEAKS_CONSENSUS,1697333781000,1697334000000,1,99.8,,4841275392.0,,,0.6376585079949149,0.6376585079949149,0.0,806.0329839999999,
3203,NFCORE_CHIPSEQ:CHIPSEQ:HOMER_ANNOTATEPEAKS_CONSENSUS,1697333790000,1697334000000,1,100.0,,4841275392.0,,,0.6342695118775454,0.6342695118775454,0.0,806.0329839999999,
3138,NFCORE_CHIPSEQ:CHIPSEQ:DEEPTOOLS_COMPUTEMATRIX,1697333714000,1697334000000,9,683.0,,5673844736.0,,,7.643691603534207,7.643691603534207,0.0,803.99182,
3176,NFCORE_CHIPSEQ:CHIPSEQ:DEEPTOOLS_COMPUTEMATRIX,1697333809000,1697334000000,9,685.2,,5673844736.0,,,7.777618164864208,7.777618164864208,0.0,803.99182,
3108,NFCORE_CHIPSEQ:CHIPSEQ:DEEPTOOLS_COMPUTEMATRIX,1697333903000,1697334000000,9,669.0,,5673844736.0,,,7.350285333592025,7.350285333592025,0.0,803.99182,
3158,NFCORE_CHIPSEQ:CHIPSEQ:DEEPTOOLS_COMPUTEMATRIX,1697333897000,1697334000000,9,683.4,,5673844736.0,,,7.884296331727153,7.884296331727153,0.0,803.4248299999999,
3273,NFCORE_CHIPSEQ:CHIPSEQ:PLOT_HOMER_ANNOTATEPEAKS,1697334125000,1697334155000,2,103.5,,1073741824.0,,,0.035003451661160416,0.035003451661160416,0.0,806.0329839999999,
2156,NFCORE_CHIPSEQ:CHIPSEQ:DEEPTOOLS_PLOTFINGERPRINT,1697334014000,1697334161000,8,555.3,,4294967296.0,,,0.9026116252480147,0.9026116252480147,0.0,806.0329839999999,
2519,NFCORE_CHIPSEQ:CHIPSEQ:DEEPTOOLS_PLOTFINGERPRINT,1697334050000,1697334173000,8,664.7,,4294967296.0,,,0.8955307514262284,0.8955307514262284,0.0,806.0329839999999,
3274,NFCORE_CHIPSEQ:CHIPSEQ:ANNOTATE_BOOLEAN_PEAKS,1697334184000,1697334184000,1,87.8,,1073741824.0,,,0.0,0.0,0.0,806.0329839999999,
3275,NFCORE_CHIPSEQ:CHIPSEQ:ANNOTATE_BOOLEAN_PEAKS,1697334185000,1697334191000,1,56.1,,1073741824.0,,,0.004035748377649583,0.004035748377649583,0.0,806.0329839999999,
2378,NFCORE_CHIPSEQ:CHIPSEQ:DEEPTOOLS_PLOTFINGERPRINT,1697334043000,1697334204000,8,590.2,,4294967296.0,,,1.0471530912854112,1.0471530912854112,0.0,806.0329839999999,
2390,NFCORE_CHIPSEQ:CHIPSEQ:DEEPTOOLS_PLOTFINGERPRINT,1697334087000,1697334209000,8,611.9,,4294967296.0,,,0.8210947038536419,0.8210947038536419,0.0,806.0329839999999,
3277,NFCORE_CHIPSEQ:CHIPSEQ:ANNOTATE_BOOLEAN_PEAKS,1697334208000,1697334210000,1,25.7,,1073741824.0,,,0.0007113940765209721,0.0007113940765209721,0.0,806.0329839999999,
3278,NFCORE_CHIPSEQ:CHIPSEQ:ANNOTATE_BOOLEAN_PEAKS,1697334210000,1697334212000,1,58.5,,1073741824.0,,,0.0013952906736398611,0.0013952906736398611,0.0,806.0329839999999,
3282,NFCORE_CHIPSEQ:CHIPSEQ:ANNOTATE_BOOLEAN_PEAKS,1697334228000,1697334230000,1,94.1,,1073741824.0,,,0.0021375686875859724,0.0021375686875859724,0.0,806.0329839999999,
3283,NFCORE_CHIPSEQ:CHIPSEQ:ANNOTATE_BOOLEAN_PEAKS,1697334228000,1697334230000,1,116.7,,1073741824.0,,,0.0026087901234056947,0.0026087901234056947,0.0,806.0329839999999,
3284,NFCORE_CHIPSEQ:CHIPSEQ:ANNOTATE_BOOLEAN_PEAKS,1697334229000,1697334230000,1,86.2,,1073741824.0,,,0.0009864248450545835,0.0009864248450545835,0.0,806.0329839999999,
3285,NFCORE_CHIPSEQ:CHIPSEQ:ANNOTATE_BOOLEAN_PEAKS,1697334229000,1697334230000,1,74.8,,1073741824.0,,,0.0008675769607991667,0.0008675769607991667,0.0,806.0329839999999,
3286,NFCORE_CHIPSEQ:CHIPSEQ:ANNOTATE_BOOLEAN_PEAKS,1697334232000,1697334232000,1,38.1,,1073741824.0,,,0.0,0.0,0.0,806.0329839999999,
2714,NFCORE_CHIPSEQ:CHIPSEQ:DEEPTOOLS_PLOTFINGERPRINT,1697334110000,1697334235000,8,606.4,,4294967296.0,,,0.8341181957862499,0.8341181957862499,0.0,806.0329839999999,
3289,NFCORE_CHIPSEQ:CHIPSEQ:ANNOTATE_BOOLEAN_PEAKS,1697334241000,1697334242000,1,45.1,,1073741824.0,,,0.0005579469465547917,0.0005579469465547917,0.0,806.0329839999999,
2386,NFCORE_CHIPSEQ:CHIPSEQ:DEEPTOOLS_PLOTFINGERPRINT,1697334099000,1697334273000,8,551.7,,4294967296.0,,,1.0618670554847929,1.0618670554847929,0.0,806.0329839999999,
2418,NFCORE_CHIPSEQ:CHIPSEQ:DEEPTOOLS_PLOTFINGERPRINT,1697334101000,1697334284000,8,548.4,,4294967296.0,,,1.110495403237474,1.110495403237474,0.0,806.0329839999999,
2880,NFCORE_CHIPSEQ:CHIPSEQ:DEEPTOOLS_PLOTFINGERPRINT,1697334165000,1697334300000,8,601.6,,4294967296.0,,,0.9535640541551997,0.9535640541551997,0.0,805.1258,
3236,NFCORE_CHIPSEQ:CHIPSEQ:DEEPTOOLS_COMPUTEMATRIX,1697334084000,1697334300000,9,677.7,,5673844736.0,,,7.539534396064893,7.539534396064893,0.0,803.4248299999999,
3245,NFCORE_CHIPSEQ:CHIPSEQ:DEEPTOOLS_COMPUTEMATRIX,1697334208000,1697334300000,9,673.4,,5673844736.0,,,7.684968560127935,7.684968560127935,0.0,803.368131,
3102,NFCORE_CHIPSEQ:CHIPSEQ:DEEPTOOLS_COMPUTEMATRIX,1697334178000,1697334300000,9,702.0,,5673844736.0,,,8.41074542277874,8.41074542277874,0.0,803.368131,
3244,NFCORE_CHIPSEQ:CHIPSEQ:DEEPTOOLS_COMPUTEMATRIX,1697334165000,1697334300000,9,718.7,,5673844736.0,,,8.662691795158835,8.662691795158835,0.0,803.368131,
2604,NFCORE_CHIPSEQ:CHIPSEQ:DEEPTOOLS_COMPUTEMATRIX,1697334278000,1697334300000,9,691.8,,5673844736.0,,,7.658274601880167,7.658274601880167,0.0,803.368131,
2911,NFCORE_CHIPSEQ:CHIPSEQ:DEEPTOOLS_COMPUTEMATRIX,1697334288000,1697334300000,9,701.3,,5673844736.0,,,8.167507912669361,8.167507912669361,0.0,803.368131,
3260,NFCORE_CHIPSEQ:CHIPSEQ:DEEPTOOLS_COMPUTEMATRIX,1697334239000,1697334300000,9,702.4,,5673844736.0,,,8.607653246924377,8.607653246924377,0.0,803.368131,
3098,NFCORE_CHIPSEQ:CHIPSEQ:DEEPTOOLS_COMPUTEMATRIX,1697334213000,1697334300000,9,690.7,,5673844736.0,,,8.786670569553733,8.786670569553733,0.0,803.368131,
3299,NFCORE_CHIPSEQ:CHIPSEQ:DEEPTOOLS_PLOTPROFILE,1697334309000,1697334378000,1,97.3,,5420089344.0,,,0.10033541928559735,0.10033541928559735,0.0,804.218616,
3308,NFCORE_CHIPSEQ:CHIPSEQ:DEEPTOOLS_PLOTPROFILE,1697334359000,1697334422000,1,98.3,,5420089344.0,,,0.09226591273016578,0.09226591273016578,0.0,804.218616,
2494,NFCORE_CHIPSEQ:CHIPSEQ:DEEPTOOLS_PLOTFINGERPRINT,1697334307000,1697334432000,8,637.7,,4294967296.0,,,0.8729375958083595,0.8729375958083595,0.0,804.218616,
2151,NFCORE_CHIPSEQ:CHIPSEQ:DEEPTOOLS_PLOTFINGERPRINT,1697334336000,1697334463000,8,607.3,,4294967296.0,,,0.8467453822661831,0.8467453822661831,0.0,804.218616,
3314,NFCORE_CHIPSEQ:CHIPSEQ:DEEPTOOLS_PLOTPROFILE,1697334426000,1697334479000,1,99.5,,5420089344.0,,,0.0782820833415561,0.0782820833415561,0.0,804.218616,
3316,NFCORE_CHIPSEQ:CHIPSEQ:DEEPTOOLS_PLOTPROFILE,1697334439000,1697334498000,1,99.7,,5420089344.0,,,0.08726694705783766,0.08726694705783766,0.0,804.218616,
3318,NFCORE_CHIPSEQ:CHIPSEQ:DEEPTOOLS_PLOTPROFILE,1697334451000,1697334503000,1,99.6,,5420089344.0,,,0.07685915218792687,0.07685915218792687,0.0,804.218616,
3320,NFCORE_CHIPSEQ:CHIPSEQ:DEEPTOOLS_PLOTPROFILE,1697334465000,1697334523000,1,99.4,,5420089344.0,,,0.08560685518526093,0.08560685518526093,0.0,804.218616,
3325,NFCORE_CHIPSEQ:CHIPSEQ:DEEPTOOLS_PLOTPROFILE,1697334511000,1697334573000,1,99.3,,5420089344.0,,,0.09144628515982406,0.09144628515982406,0.0,804.218616,
2919,NFCORE_CHIPSEQ:CHIPSEQ:DEEPTOOLS_PLOTFINGERPRINT,1697334365000,1697334598000,8,607.4,,4294967296.0,,,1.5537201101789986,1.5537201101789986,0.0,804.218616,
2284,NFCORE_CHIPSEQ:CHIPSEQ:DEEPTOOLS_PLOTFINGERPRINT,1697334466000,1697334600000,8,653.1,,4294967296.0,,,1.0143070346134104,1.0143070346134104,0.0,803.538228,
2263,NFCORE_CHIPSEQ:CHIPSEQ:DEEPTOOLS_PLOTFINGERPRINT,1697334512000,1697334600000,8,581.1,,4294967296.0,,,0.964927037313194,0.964927037313194,0.0,803.538228,
3298,NFCORE_CHIPSEQ:CHIPSEQ:DEEPTOOLS_PLOTHEATMAP,1697334309000,1697334600000,1,99.5,,7430209536.0,,,0.6380607596351232,0.6380607596351232,0.0,803.538228,
3307,NFCORE_CHIPSEQ:CHIPSEQ:DEEPTOOLS_PLOTHEATMAP,1697334359000,1697334600000,1,100.0,,7430209536.0,,,0.6235100352586815,0.6235100352586815,0.0,803.538228,
3313,NFCORE_CHIPSEQ:CHIPSEQ:DEEPTOOLS_PLOTHEATMAP,1697334426000,1697334600000,1,100.1,,7430209536.0,,,0.5562963711575448,0.5562963711575448,0.0,803.538228,
3321,NFCORE_CHIPSEQ:CHIPSEQ:DEEPTOOLS_PLOTHEATMAP,1697334465000,1697334600000,1,100.0,,7430209536.0,,,0.5558364496296474,0.5558364496296474,0.0,803.538228,
3315,NFCORE_CHIPSEQ:CHIPSEQ:DEEPTOOLS_PLOTHEATMAP,1697334440000,1697334600000,1,99.9,,7430209536.0,,,0.6294599197223781,0.6294599197223781,0.0,803.538228,
3317,NFCORE_CHIPSEQ:CHIPSEQ:DEEPTOOLS_PLOTHEATMAP,1697334452000,1697334600000,1,100.1,,7430209536.0,,,0.6269336409683448,0.6269336409683448,0.0,803.538228,
3326,NFCORE_CHIPSEQ:CHIPSEQ:DEEPTOOLS_PLOTHEATMAP,1697334512000,1697334600000,1,99.9,,7430209536.0,,,0.5520697251965675,0.5520697251965675,0.0,803.538228,
2996,NFCORE_CHIPSEQ:CHIPSEQ:DEEPTOOLS_COMPUTEMATRIX,1697334313000,1697334600000,9,707.7,,5673844736.0,,,8.291872081943131,8.291872081943131,0.0,803.254733,
2954,NFCORE_CHIPSEQ:CHIPSEQ:DEEPTOOLS_COMPUTEMATRIX,1697334358000,1697334600000,9,711.5,,5673844736.0,,,8.325508209126708,8.325508209126708,0.0,803.254733,
2955,NFCORE_CHIPSEQ:CHIPSEQ:DEEPTOOLS_COMPUTEMATRIX,1697334446000,1697334600000,9,694.2,,5673844736.0,,,7.973049669985283,7.973049669985283,0.0,803.254733,
2992,NFCORE_CHIPSEQ:CHIPSEQ:DEEPTOOLS_COMPUTEMATRIX,1697334435000,1697334600000,9,708.4,,5673844736.0,,,8.212463094512744,8.212463094512744,0.0,803.254733,
3171,NFCORE_CHIPSEQ:CHIPSEQ:DEEPTOOLS_COMPUTEMATRIX,1697334425000,1697334600000,9,683.2,,5673844736.0,,,8.119124407324428,8.119124407324428,0.0,803.254733,
3067,NFCORE_CHIPSEQ:CHIPSEQ:DEEPTOOLS_COMPUTEMATRIX,1697334436000,1697334600000,9,675.2,,5673844736.0,,,7.954996126792336,7.954996126792336,0.0,803.254733,
3139,NFCORE_CHIPSEQ:CHIPSEQ:DEEPTOOLS_COMPUTEMATRIX,1697334461000,1697334600000,9,688.2,,5673844736.0,,,7.908159406945958,7.908159406945958,0.0,803.254733,
3333,NFCORE_CHIPSEQ:CHIPSEQ:DEEPTOOLS_PLOTPROFILE,1697334621000,1697334678000,1,99.9,,5420089344.0,,,0.08428447078689845,0.08428447078689845,0.0,802.85784,
3337,NFCORE_CHIPSEQ:CHIPSEQ:CUSTOM_DUMPSOFTWAREVERSIONS,1697334709000,1697334713000,1,73.7,,1073741824.0,,,0.003410947108641667,0.003410947108641667,0.0,802.85784,
3338,NFCORE_CHIPSEQ:CHIPSEQ:DEEPTOOLS_PLOTPROFILE,1697334726000,1697334783000,1,99.8,,5420089344.0,,,0.08422528092895469,0.08422528092895469,0.0,802.85784,
3342,NFCORE_CHIPSEQ:CHIPSEQ:DEEPTOOLS_PLOTPROFILE,1697334834000,1697334887000,1,100.0,,5420089344.0,,,0.07842480726625677,0.07842480726625677,0.0,802.85784,
3346,NFCORE_CHIPSEQ:CHIPSEQ:DEEPTOOLS_PLOTPROFILE,1697334895000,1697334900000,1,100.0,,5420089344.0,,,0.0784248072662568,0.0784248072662568,0.0,802.85784,
3332,NFCORE_CHIPSEQ:CHIPSEQ:DEEPTOOLS_PLOTHEATMAP,1697334621000,1697334900000,1,100.1,,7430209536.0,,,0.6446096812595418,0.6446096812595418,0.0,802.85784,
3339,NFCORE_CHIPSEQ:CHIPSEQ:DEEPTOOLS_PLOTHEATMAP,1697334727000,1697334900000,1,100.0,,7430209536.0,,,0.6096917664775803,0.6096917664775803,0.0,802.85784,
3343,NFCORE_CHIPSEQ:CHIPSEQ:DEEPTOOLS_PLOTHEATMAP,1697334835000,1697334900000,1,99.9,,7430209536.0,,,0.5797444721203718,0.5797444721203718,0.0,802.85784,
3345,NFCORE_CHIPSEQ:CHIPSEQ:DEEPTOOLS_PLOTHEATMAP,1697334895000,1697334900000,1,100.1,,7430209536.0,,,0.5969756048477765,0.5969756048477765,0.0,803.084636,
3066,NFCORE_CHIPSEQ:CHIPSEQ:DEEPTOOLS_COMPUTEMATRIX,1697334600000,1697334900000,9,713.4,,5673844736.0,,,6.084304836727989,6.084304836727989,0.0,803.084636,
2890,NFCORE_CHIPSEQ:CHIPSEQ:DEEPTOOLS_COMPUTEMATRIX,1697334602000,1697334900000,9,674.8,,5673844736.0,,,6.708610779502799,6.708610779502799,0.0,803.084636,
3099,NFCORE_CHIPSEQ:CHIPSEQ:DEEPTOOLS_COMPUTEMATRIX,1697334611000,1697334900000,9,680.2,,5673844736.0,,,6.691247772884537,6.691247772884537,0.0,803.084636,
3045,NFCORE_CHIPSEQ:CHIPSEQ:DEEPTOOLS_COMPUTEMATRIX,1697334621000,1697334900000,9,699.9,,5673844736.0,,,6.795845336881847,6.795845336881847,0.0,803.084636,
3141,NFCORE_CHIPSEQ:CHIPSEQ:DEEPTOOLS_COMPUTEMATRIX,1697334666000,1697334900000,9,690.3,,5673844736.0,,,6.364845398321234,6.364845398321234,0.0,803.084636,
3243,NFCORE_CHIPSEQ:CHIPSEQ:DEEPTOOLS_COMPUTEMATRIX,1697334726000,1697334900000,9,671.3,,5673844736.0,,,5.754292616953431,5.754292616953431,0.0,803.084636,
3109,NFCORE_CHIPSEQ:CHIPSEQ:DEEPTOOLS_COMPUTEMATRIX,1697334836000,1697334900000,9,676.9,,5673844736.0,,,4.975300546788272,4.975300546788272,0.0,803.084636,
2511,NFCORE_CHIPSEQ:CHIPSEQ:DEEPTOOLS_COMPUTEMATRIX,1697334896000,1697334900000,9,689.5,,5673844736.0,,,4.604889907257128,4.604889907257128,0.0,803.084636,
3349,NFCORE_CHIPSEQ:CHIPSEQ:DEEPTOOLS_PLOTPROFILE,1697334945000,1697334998000,1,99.9,,5420089344.0,,,0.07836977108255469,0.07836977108255469,0.0,802.85784,
3353,NFCORE_CHIPSEQ:CHIPSEQ:DEEPTOOLS_PLOTPROFILE,1697335090000,1697335148000,1,99.8,,5420089344.0,,,0.08570291743648022,0.08570291743648022,0.0,802.85784,
3350,NFCORE_CHIPSEQ:CHIPSEQ:DEEPTOOLS_PLOTHEATMAP,1697334945000,1697335200000,1,100.1,,7430209536.0,,,0.55095249521121,0.55095249521121,0.0,803.084636,
3352,NFCORE_CHIPSEQ:CHIPSEQ:DEEPTOOLS_PLOTHEATMAP,1697335090000,1697335200000,1,99.9,,7430209536.0,,,0.5306720406659615,0.5306720406659615,0.0,803.084636,
3036,NFCORE_CHIPSEQ:CHIPSEQ:DEEPTOOLS_COMPUTEMATRIX,1697334941000,1697335200000,9,689.9,,5673844736.0,,,4.264229215396139,4.264229215396139,0.0,803.084636,
2545,NFCORE_CHIPSEQ:CHIPSEQ:DEEPTOOLS_COMPUTEMATRIX,1697335091000,1697335200000,9,679.1,,5673844736.0,,,3.0744404653538675,3.0744404653538675,0.0,803.084636,
3354,NFCORE_CHIPSEQ:CHIPSEQ:DEEPTOOLS_PLOTPROFILE,1697335240000,1697335286000,1,100.3,,5420089344.0,,,0.06824865240355289,0.06824865240355289,0.0,803.311432,
3357,NFCORE_CHIPSEQ:CHIPSEQ:DEEPTOOLS_PLOTPROFILE,1697335265000,1697335303000,1,100.3,,5420089344.0,,,0.05637932155076108,0.05637932155076108,0.0,803.311432,
3358,NFCORE_CHIPSEQ:CHIPSEQ:DEEPTOOLS_PLOTPROFILE,1697335267000,1697335303000,1,100.1,,5420089344.0,,,0.05333718046045812,0.05333718046045812,0.0,803.311432,
3360,NFCORE_CHIPSEQ:CHIPSEQ:DEEPTOOLS_PLOTPROFILE,1697335283000,1697335338000,1,100.0,,5420089344.0,,,0.0814302137487447,0.0814302137487447,0.0,803.311432,
3363,NFCORE_CHIPSEQ:CHIPSEQ:DEEPTOOLS_PLOTPROFILE,1697335344000,1697335393000,1,99.6,,5420089344.0,,,0.07234327267686348,0.07234327267686348,0.0,803.311432,
3365,NFCORE_CHIPSEQ:CHIPSEQ:DEEPTOOLS_PLOTPROFILE,1697335353000,1697335394000,1,100.3,,5420089344.0,,,0.060830320620558,0.060830320620558,0.0,803.311432,
3367,NFCORE_CHIPSEQ:CHIPSEQ:DEEPTOOLS_PLOTPROFILE,1697335369000,1697335423000,1,99.6,,5420089344.0,,,0.07972523927654343,0.07972523927654343,0.0,803.311432,
3369,NFCORE_CHIPSEQ:CHIPSEQ:DEEPTOOLS_PLOTPROFILE,1697335381000,1697335438000,1,99.9,,5420089344.0,,,0.08433208913197579,0.08433208913197579,0.0,803.311432,
3371,NFCORE_CHIPSEQ:CHIPSEQ:DEEPTOOLS_PLOTPROFILE,1697335381000,1697335438000,1,99.5,,5420089344.0,,,0.08409519593780997,0.08409519593780997,0.0,803.311432,
3372,NFCORE_CHIPSEQ:CHIPSEQ:DEEPTOOLS_PLOTPROFILE,1697335421000,1697335478000,1,99.4,,5420089344.0,,,0.0840359726392685,0.0840359726392685,0.0,803.311432,
3375,NFCORE_CHIPSEQ:CHIPSEQ:DEEPTOOLS_PLOTPROFILE,1697335488000,1697335500000,1,99.5,,5420089344.0,,,0.017704251776381043,0.017704251776381043,0.0,803.311432,
3377,NFCORE_CHIPSEQ:CHIPSEQ:DEEPTOOLS_PLOTPROFILE,1697335488000,1697335500000,1,99.3,,5420089344.0,,,0.017679315650679372,0.017679315650679372,0.0,803.311432,
3355,NFCORE_CHIPSEQ:CHIPSEQ:DEEPTOOLS_PLOTHEATMAP,1697335240000,1697335500000,1,100.2,,7430209536.0,,,0.4280589310434937,0.4280589310434937,0.0,803.311432,
3359,NFCORE_CHIPSEQ:CHIPSEQ:DEEPTOOLS_PLOTHEATMAP,1697335267000,1697335500000,1,100.0,,7430209536.0,,,0.3831224809944236,0.3831224809944236,0.0,803.311432,
3356,NFCORE_CHIPSEQ:CHIPSEQ:DEEPTOOLS_PLOTHEATMAP,1697335265000,1697335500000,1,100.0,,7430209536.0,,,0.3864110859815002,0.3864110859815002,0.0,803.311432,
3361,NFCORE_CHIPSEQ:CHIPSEQ:DEEPTOOLS_PLOTHEATMAP,1697335283000,1697335500000,1,100.1,,7430209536.0,,,0.3570391052343634,0.3570391052343634,0.0,803.311432,
3362,NFCORE_CHIPSEQ:CHIPSEQ:DEEPTOOLS_PLOTHEATMAP,1697335344000,1697335500000,1,100.0,,7430209536.0,,,0.2565111889919746,0.2565111889919746,0.0,803.311432,
3370,NFCORE_CHIPSEQ:CHIPSEQ:DEEPTOOLS_PLOTHEATMAP,1697335382000,1697335500000,1,99.4,,7430209536.0,,,0.19329207852932007,0.19329207852932007,0.0,803.311432,
3368,NFCORE_CHIPSEQ:CHIPSEQ:DEEPTOOLS_PLOTHEATMAP,1697335381000,1697335500000,1,100.1,,7430209536.0,,,0.19579563835432828,0.19579563835432828,0.0,803.311432,
3364,NFCORE_CHIPSEQ:CHIPSEQ:DEEPTOOLS_PLOTHEATMAP,1697335353000,1697335500000,1,100.1,,7430209536.0,,,0.24186520032005257,0.24186520032005257,0.0,803.311432,
3366,NFCORE_CHIPSEQ:CHIPSEQ:DEEPTOOLS_PLOTHEATMAP,1697335369000,1697335500000,1,100.0,,7430209536.0,,,0.2154036266535171,0.2154036266535171,0.0,803.311432,
3373,NFCORE_CHIPSEQ:CHIPSEQ:DEEPTOOLS_PLOTHEATMAP,1697335421000,1697335500000,1,100.0,,7430209536.0,,,0.1298998969895256,0.1298998969895256,0.0,803.311432,
3374,NFCORE_CHIPSEQ:CHIPSEQ:DEEPTOOLS_PLOTHEATMAP,1697335488000,1697335500000,1,99.7,,7430209536.0,,,0.019694225733907087,0.019694225733907087,0.0,803.311432,
3376,NFCORE_CHIPSEQ:CHIPSEQ:DEEPTOOLS_PLOTHEATMAP,1697335488000,1697335500000,1,99.8,,7430209536.0,,,0.019706693796757917,0.019706693796757917,0.0,803.311432,
2760,NFCORE_CHIPSEQ:CHIPSEQ:DEEPTOOLS_COMPUTEMATRIX,1697335241000,1697335500000,9,692.3,,5673844736.0,,,1.9827095902809184,1.9827095902809184,0.0,803.311432,
2978,NFCORE_CHIPSEQ:CHIPSEQ:DEEPTOOLS_COMPUTEMATRIX,1697335282000,1697335500000,9,675.3,,5673844736.0,,,1.6303388314603104,1.6303388314603104,0.0,803.311432,
3227,NFCORE_CHIPSEQ:CHIPSEQ:DEEPTOOLS_COMPUTEMATRIX,1697335260000,1697335500000,9,698.8,,5673844736.0,,,1.8534683337038456,1.8534683337038456,0.0,803.311432,
2850,NFCORE_CHIPSEQ:CHIPSEQ:DEEPTOOLS_COMPUTEMATRIX,1697335265000,1697335500000,9,702.2,,5673844736.0,,,1.8231560619331955,1.8231560619331955,0.0,803.311432,
2549,NFCORE_CHIPSEQ:CHIPSEQ:DEEPTOOLS_COMPUTEMATRIX,1697335344000,1697335500000,9,687.9,,5673844736.0,,,1.187087171847869,1.187087171847869,0.0,803.311432,
2512,NFCORE_CHIPSEQ:CHIPSEQ:DEEPTOOLS_COMPUTEMATRIX,1697335377000,1697335500000,9,680.6,,5673844736.0,,,0.9266433497749914,0.9266433497749914,0.0,803.311432,
3246,NFCORE_CHIPSEQ:CHIPSEQ:DEEPTOOLS_COMPUTEMATRIX,1697335351000,1697335500000,9,705.6,,5673844736.0,,,1.1612221249081913,1.1612221249081913,0.0,803.311432,
3095,NFCORE_CHIPSEQ:CHIPSEQ:DEEPTOOLS_COMPUTEMATRIX,1697335376000,1697335500000,9,700.7,,5673844736.0,,,0.9600732020867006,0.9600732020867006,0.0,803.311432,
2544,NFCORE_CHIPSEQ:CHIPSEQ:DEEPTOOLS_COMPUTEMATRIX,1697335366000,1697335500000,9,691.5,,5673844736.0,,,1.0246896037507427,1.0246896037507427,0.0,803.311432,
2876,NFCORE_CHIPSEQ:CHIPSEQ:DEEPTOOLS_COMPUTEMATRIX,1697335421000,1697335500000,9,701.1,,5673844736.0,,,0.6119878656941796,0.6119878656941796,0.0,803.311432,
2316,NFCORE_CHIPSEQ:CHIPSEQ:DEEPTOOLS_COMPUTEMATRIX,1697335487000,1697335500000,9,713.0,,5673844736.0,,,0.10231420507751152,0.10231420507751152,0.0,803.311432,
2839,NFCORE_CHIPSEQ:CHIPSEQ:DEEPTOOLS_COMPUTEMATRIX,1697335487000,1697335500000,9,707.5,,5673844736.0,,,0.10157131633264936,0.10157131633264936,0.0,803.311432,
3378,NFCORE_CHIPSEQ:CHIPSEQ:DEEPTOOLS_PLOTPROFILE,1697335501000,1697335547000,1,100.0,,5420089344.0,,,0.0,0.0,0.0,0.0,
3380,NFCORE_CHIPSEQ:CHIPSEQ:DEEPTOOLS_PLOTPROFILE,1697335513000,1697335558000,1,99.6,,5420089344.0,,,0.0,0.0,0.0,0.0,
3383,NFCORE_CHIPSEQ:CHIPSEQ:DEEPTOOLS_PLOTPROFILE,1697335569000,1697335613000,1,100.2,,5420089344.0,,,0.0,0.0,0.0,0.0,
3385,NFCORE_CHIPSEQ:CHIPSEQ:DEEPTOOLS_PLOTPROFILE,1697335641000,1697335698000,1,99.6,,5420089344.0,,,0.0,0.0,0.0,0.0,
3386,NFCORE_CHIPSEQ:CHIPSEQ:DEEPTOOLS_PLOTPROFILE,1697335665000,1697335713000,1,100.0,,5420089344.0,,,0.0,0.0,0.0,0.0,
3388,NFCORE_CHIPSEQ:CHIPSEQ:DEEPTOOLS_PLOTPROFILE,1697335671000,1697335728000,1,99.9,,5420089344.0,,,0.0,0.0,0.0,0.0,
3391,NFCORE_CHIPSEQ:CHIPSEQ:DEEPTOOLS_PLOTPROFILE,1697335691000,1697335738000,1,99.9,,5420089344.0,,,0.0,0.0,0.0,0.0,
3392,NFCORE_CHIPSEQ:CHIPSEQ:DEEPTOOLS_PLOTPROFILE,1697335747000,1697335800000,1,99.8,,5420089344.0,,,0.0,0.0,0.0,0.0,
3379,NFCORE_CHIPSEQ:CHIPSEQ:DEEPTOOLS_PLOTHEATMAP,1697335501000,1697335800000,1,100.2,,7430209536.0,,,0.0,0.0,0.0,0.0,
3381,NFCORE_CHIPSEQ:CHIPSEQ:DEEPTOOLS_PLOTHEATMAP,1697335513000,1697335800000,1,99.9,,7430209536.0,,,0.0,0.0,0.0,0.0,
3382,NFCORE_CHIPSEQ:CHIPSEQ:DEEPTOOLS_PLOTHEATMAP,1697335569000,1697335800000,1,100.1,,7430209536.0,,,0.0,0.0,0.0,0.0,
3384,NFCORE_CHIPSEQ:CHIPSEQ:DEEPTOOLS_PLOTHEATMAP,1697335641000,1697335800000,1,99.8,,7430209536.0,,,0.0,0.0,0.0,0.0,
3390,NFCORE_CHIPSEQ:CHIPSEQ:DEEPTOOLS_PLOTHEATMAP,1697335691000,1697335800000,1,99.9,,7430209536.0,,,0.0,0.0,0.0,0.0,
3387,NFCORE_CHIPSEQ:CHIPSEQ:DEEPTOOLS_PLOTHEATMAP,1697335665000,1697335800000,1,100.1,,7430209536.0,,,0.0,0.0,0.0,0.0,
3389,NFCORE_CHIPSEQ:CHIPSEQ:DEEPTOOLS_PLOTHEATMAP,1697335671000,1697335800000,1,100.1,,7430209536.0,,,0.0,0.0,0.0,0.0,
3393,NFCORE_CHIPSEQ:CHIPSEQ:DEEPTOOLS_PLOTHEATMAP,1697335747000,1697335800000,1,100.0,,7430209536.0,,,0.0,0.0,0.0,0.0,
2866,NFCORE_CHIPSEQ:CHIPSEQ:DEEPTOOLS_COMPUTEMATRIX,1697335511000,1697335800000,9,705.8,,5673844736.0,,,0.0,0.0,0.0,0.0,
3134,NFCORE_CHIPSEQ:CHIPSEQ:DEEPTOOLS_COMPUTEMATRIX,1697335502000,1697335800000,9,691.3,,5673844736.0,,,0.0,0.0,0.0,0.0,
2649,NFCORE_CHIPSEQ:CHIPSEQ:DEEPTOOLS_COMPUTEMATRIX,1697335566000,1697335800000,9,692.0,,5673844736.0,,,0.0,0.0,0.0,0.0,
2822,NFCORE_CHIPSEQ:CHIPSEQ:DEEPTOOLS_COMPUTEMATRIX,1697335666000,1697335800000,9,712.7,,5673844736.0,,,0.0,0.0,0.0,0.0,
3069,NFCORE_CHIPSEQ:CHIPSEQ:DEEPTOOLS_COMPUTEMATRIX,1697335636000,1697335800000,9,684.2,,5673844736.0,,,0.0,0.0,0.0,0.0,
2838,NFCORE_CHIPSEQ:CHIPSEQ:DEEPTOOLS_COMPUTEMATRIX,1697335691000,1697335800000,9,685.5,,5673844736.0,,,0.0,0.0,0.0,0.0,
3074,NFCORE_CHIPSEQ:CHIPSEQ:DEEPTOOLS_COMPUTEMATRIX,1697335669000,1697335800000,9,699.4,,5673844736.0,,,0.0,0.0,0.0,0.0,
3217,NFCORE_CHIPSEQ:CHIPSEQ:DEEPTOOLS_COMPUTEMATRIX,1697335746000,1697335800000,9,680.5,,5673844736.0,,,0.0,0.0,0.0,0.0,
3395,NFCORE_CHIPSEQ:CHIPSEQ:DEEPTOOLS_PLOTPROFILE,1697335822000,1697335878000,1,100.1,,5420089344.0,,,0.0,0.0,0.0,0.0,
3396,NFCORE_CHIPSEQ:CHIPSEQ:DEEPTOOLS_PLOTPROFILE,1697335872000,1697335913000,1,99.7,,5420089344.0,,,0.0,0.0,0.0,0.0,
3399,NFCORE_CHIPSEQ:CHIPSEQ:DEEPTOOLS_PLOTPROFILE,1697335980000,1697336038000,1,99.9,,5420089344.0,,,0.0,0.0,0.0,0.0,
3394,NFCORE_CHIPSEQ:CHIPSEQ:DEEPTOOLS_PLOTHEATMAP,1697335821000,1697336100000,1,100.0,,7430209536.0,,,0.0,0.0,0.0,0.0,
3397,NFCORE_CHIPSEQ:CHIPSEQ:DEEPTOOLS_PLOTHEATMAP,1697335871000,1697336100000,1,100.0,,7430209536.0,,,0.0,0.0,0.0,0.0,
3398,NFCORE_CHIPSEQ:CHIPSEQ:DEEPTOOLS_PLOTHEATMAP,1697335980000,1697336100000,1,100.1,,7430209536.0,,,0.0,0.0,0.0,0.0,
2277,NFCORE_CHIPSEQ:CHIPSEQ:DEEPTOOLS_COMPUTEMATRIX,1697335822000,1697336100000,9,667.8,,5673844736.0,,,0.0,0.0,0.0,0.0,
2986,NFCORE_CHIPSEQ:CHIPSEQ:DEEPTOOLS_COMPUTEMATRIX,1697335867000,1697336100000,9,694.8,,5673844736.0,,,0.0,0.0,0.0,0.0,
3218,NFCORE_CHIPSEQ:CHIPSEQ:DEEPTOOLS_COMPUTEMATRIX,1697335976000,1697336100000,9,673.4,,5673844736.0,,,0.0596373257430125,0.0596373257430125,0.0,802.85784,
3400,NFCORE_CHIPSEQ:CHIPSEQ:DEEPTOOLS_PLOTPROFILE,1697336104000,1697336158000,1,100.0,,5420089344.0,,,0.0,0.0,0.0,0.0,
3403,NFCORE_CHIPSEQ:CHIPSEQ:DEEPTOOLS_PLOTPROFILE,1697336269000,1697336318000,1,100.2,,5420089344.0,,,0.0,0.0,0.0,0.0,
3404,NFCORE_CHIPSEQ:CHIPSEQ:DEEPTOOLS_PLOTPROFILE,1697336315000,1697336373000,1,100.0,,5420089344.0,,,0.0,0.0,0.0,0.0,
3406,NFCORE_CHIPSEQ:CHIPSEQ:DEEPTOOLS_PLOTPROFILE,1697336345000,1697336383000,1,99.5,,5420089344.0,,,0.0,0.0,0.0,0.0,
3409,NFCORE_CHIPSEQ:CHIPSEQ:DEEPTOOLS_PLOTPROFILE,1697336349000,1697336388000,1,100.2,,5420089344.0,,,0.0,0.0,0.0,0.0,
3401,NFCORE_CHIPSEQ:CHIPSEQ:DEEPTOOLS_PLOTHEATMAP,1697336104000,1697336400000,1,100.0,,7430209536.0,,,0.0,0.0,0.0,0.0,
3402,NFCORE_CHIPSEQ:CHIPSEQ:DEEPTOOLS_PLOTHEATMAP,1697336270000,1697336400000,1,100.2,,7430209536.0,,,0.0,0.0,0.0,0.0,
3405,NFCORE_CHIPSEQ:CHIPSEQ:DEEPTOOLS_PLOTHEATMAP,1697336316000,1697336400000,1,100.0,,7430209536.0,,,0.0,0.0,0.0,0.0,
3407,NFCORE_CHIPSEQ:CHIPSEQ:DEEPTOOLS_PLOTHEATMAP,1697336345000,1697336400000,1,99.7,,7430209536.0,,,0.0,0.0,0.0,0.0,
3408,NFCORE_CHIPSEQ:CHIPSEQ:DEEPTOOLS_PLOTHEATMAP,1697336349000,1697336400000,1,100.1,,7430209536.0,,,0.0,0.0,0.0,0.0,
2840,NFCORE_CHIPSEQ:CHIPSEQ:DEEPTOOLS_COMPUTEMATRIX,1697336101000,1697336400000,9,686.1,,5673844736.0,,,0.6676159490043542,0.6676159490043542,0.0,802.85784,
2877,NFCORE_CHIPSEQ:CHIPSEQ:DEEPTOOLS_COMPUTEMATRIX,1697336266000,1697336400000,9,679.4,,5673844736.0,,,2.2400573077874655,2.2400573077874655,0.0,802.85784,
3237,NFCORE_CHIPSEQ:CHIPSEQ:DEEPTOOLS_COMPUTEMATRIX,1697336311000,1697336400000,9,672.4,,5673844736.0,,,2.5160073371746092,2.5160073371746092,0.0,802.631044,
3013,NFCORE_CHIPSEQ:CHIPSEQ:DEEPTOOLS_COMPUTEMATRIX,1697336341000,1697336400000,9,700.0,,5673844736.0,,,3.315986251187072,3.315986251187072,0.0,802.631044,
3046,NFCORE_CHIPSEQ:CHIPSEQ:DEEPTOOLS_COMPUTEMATRIX,1697336346000,1697336400000,9,698.4,,5673844736.0,,,3.4167985252740554,3.4167985252740554,0.0,802.631044,
3410,NFCORE_CHIPSEQ:CHIPSEQ:DEEPTOOLS_PLOTPROFILE,1697336420000,1697336473000,1,99.8,,5420089344.0,,,0.0,0.0,0.0,0.0,
3413,NFCORE_CHIPSEQ:CHIPSEQ:DEEPTOOLS_PLOTPROFILE,1697336441000,1697336495000,1,99.9,,5420089344.0,,,0.0,0.0,0.0,0.0,
3415,NFCORE_CHIPSEQ:CHIPSEQ:DEEPTOOLS_PLOTPROFILE,1697336460000,1697336504000,1,100.3,,5420089344.0,,,0.0,0.0,0.0,0.0,
3418,NFCORE_CHIPSEQ:CHIPSEQ:DEEPTOOLS_PLOTPROFILE,1697336495000,1697336529000,1,99.2,,5420089344.0,,,0.0,0.0,0.0,0.0,
3416,NFCORE_CHIPSEQ:CHIPSEQ:DEEPTOOLS_PLOTPROFILE,1697336490000,1697336548000,1,99.7,,5420089344.0,,,0.0,0.0,0.0,0.0,
3420,NFCORE_CHIPSEQ:CHIPSEQ:DEEPTOOLS_PLOTPROFILE,1697336517000,1697336573000,1,99.4,,5420089344.0,,,0.0,0.0,0.0,0.0,
3422,NFCORE_CHIPSEQ:CHIPSEQ:DEEPTOOLS_PLOTPROFILE,1697336552000,1697336598000,1,99.7,,5420089344.0,,,0.0,0.0,0.0,0.0,
3425,NFCORE_CHIPSEQ:CHIPSEQ:DEEPTOOLS_PLOTPROFILE,1697336559000,1697336603000,1,99.9,,5420089344.0,,,0.0,0.0,0.0,0.0,
3426,NFCORE_CHIPSEQ:CHIPSEQ:DEEPTOOLS_PLOTPROFILE,1697336565000,1697336613000,1,100.0,,5420089344.0,,,0.0,0.0,0.0,0.0,
3429,NFCORE_CHIPSEQ:CHIPSEQ:DEEPTOOLS_PLOTPROFILE,1697336578000,1697336623000,1,100.3,,5420089344.0,,,0.0,0.0,0.0,0.0,
3431,NFCORE_CHIPSEQ:CHIPSEQ:DEEPTOOLS_PLOTPROFILE,1697336620000,1697336663000,1,100.1,,5420089344.0,,,0.0,0.0,0.0,0.0,
3411,NFCORE_CHIPSEQ:CHIPSEQ:DEEPTOOLS_PLOTHEATMAP,1697336420000,1697336700000,1,100.0,,7430209536.0,,,0.0,0.0,0.0,0.0,
3412,NFCORE_CHIPSEQ:CHIPSEQ:DEEPTOOLS_PLOTHEATMAP,1697336441000,1697336700000,1,100.0,,7430209536.0,,,0.0,0.0,0.0,0.0,
3427,NFCORE_CHIPSEQ:CHIPSEQ:DEEPTOOLS_PLOTHEATMAP,1697336566000,1697336700000,1,100.0,,7430209536.0,,,0.0,0.0,0.0,0.0,
3414,NFCORE_CHIPSEQ:CHIPSEQ:DEEPTOOLS_PLOTHEATMAP,1697336460000,1697336700000,1,100.1,,7430209536.0,,,0.0,0.0,0.0,0.0,
3423,NFCORE_CHIPSEQ:CHIPSEQ:DEEPTOOLS_PLOTHEATMAP,1697336552000,1697336700000,1,100.0,,7430209536.0,,,0.0,0.0,0.0,0.0,
3424,NFCORE_CHIPSEQ:CHIPSEQ:DEEPTOOLS_PLOTHEATMAP,1697336559000,1697336700000,1,100.0,,7430209536.0,,,0.0,0.0,0.0,0.0,
3417,NFCORE_CHIPSEQ:CHIPSEQ:DEEPTOOLS_PLOTHEATMAP,1697336490000,1697336700000,1,100.0,,7430209536.0,,,0.0,0.0,0.0,0.0,
3419,NFCORE_CHIPSEQ:CHIPSEQ:DEEPTOOLS_PLOTHEATMAP,1697336494000,1697336700000,1,100.0,,7430209536.0,,,0.0,0.0,0.0,0.0,
3421,NFCORE_CHIPSEQ:CHIPSEQ:DEEPTOOLS_PLOTHEATMAP,1697336517000,1697336700000,1,100.0,,7430209536.0,,,0.0,0.0,0.0,0.0,
3428,NFCORE_CHIPSEQ:CHIPSEQ:DEEPTOOLS_PLOTHEATMAP,1697336578000,1697336700000,1,100.2,,7430209536.0,,,0.0,0.0,0.0,0.0,
3430,NFCORE_CHIPSEQ:CHIPSEQ:DEEPTOOLS_PLOTHEATMAP,1697336620000,1697336700000,1,100.1,,7430209536.0,,,0.0,0.0,0.0,0.0,
2878,NFCORE_CHIPSEQ:CHIPSEQ:DEEPTOOLS_COMPUTEMATRIX,1697336416000,1697336700000,9,698.8,,5673844736.0,,,3.788913307736363,3.788913307736363,0.0,802.631044,
3039,NFCORE_CHIPSEQ:CHIPSEQ:DEEPTOOLS_COMPUTEMATRIX,1697336442000,1697336700000,9,685.8,,5673844736.0,,,3.927282538506741,3.927282538506741,0.0,802.631044,
3219,NFCORE_CHIPSEQ:CHIPSEQ:DEEPTOOLS_COMPUTEMATRIX,1697336456000,1697336700000,9,715.1,,5673844736.0,,,4.400179201184995,4.400179201184995,0.0,802.631044,
2133,NFCORE_CHIPSEQ:CHIPSEQ:DEEPTOOLS_COMPUTEMATRIX,1697336555000,1697336700000,9,699.8,,5673844736.0,,,4.543281663287253,4.543281663287253,0.0,802.631044,
3142,NFCORE_CHIPSEQ:CHIPSEQ:DEEPTOOLS_COMPUTEMATRIX,1697336491000,1697336700000,9,711.6,,5673844736.0,,,4.662392793977263,4.662392793977263,0.0,802.631044,
3135,NFCORE_CHIPSEQ:CHIPSEQ:DEEPTOOLS_COMPUTEMATRIX,1697336516000,1697336700000,9,712.3,,5673844736.0,,,4.737396866774169,4.737396866774169,0.0,802.517646,
3226,NFCORE_CHIPSEQ:CHIPSEQ:DEEPTOOLS_COMPUTEMATRIX,1697336493000,1697336700000,9,707.8,,5673844736.0,,,4.740457251320931,4.740457251320931,0.0,802.517646,
3070,NFCORE_CHIPSEQ:CHIPSEQ:DEEPTOOLS_COMPUTEMATRIX,1697336576000,1697336700000,9,695.2,,5673844736.0,,,4.707119825186055,4.707119825186055,0.0,802.517646,
3159,NFCORE_CHIPSEQ:CHIPSEQ:DEEPTOOLS_COMPUTEMATRIX,1697336566000,1697336700000,9,708.6,,5673844736.0,,,5.026866122119817,5.026866122119817,0.0,802.517646,
3232,NFCORE_CHIPSEQ:CHIPSEQ:DEEPTOOLS_COMPUTEMATRIX,1697336552000,1697336700000,9,692.9,,5673844736.0,,,4.92206832317855,4.92206832317855,0.0,802.517646,
3084,NFCORE_CHIPSEQ:CHIPSEQ:DEEPTOOLS_COMPUTEMATRIX,1697336617000,1697336700000,9,696.3,,5673844736.0,,,5.175406914225337,5.175406914225337,0.0,802.517646,
3432,NFCORE_CHIPSEQ:CHIPSEQ:DEEPTOOLS_PLOTPROFILE,1697336702000,1697336751000,1,100.1,,5420089344.0,,,0.0,0.0,0.0,0.0,
3435,NFCORE_CHIPSEQ:CHIPSEQ:DEEPTOOLS_PLOTPROFILE,1697336702000,1697336758000,1,99.9,,5420089344.0,,,0.0,0.0,0.0,0.0,
3436,NFCORE_CHIPSEQ:CHIPSEQ:DEEPTOOLS_PLOTPROFILE,1697336728000,1697336776000,1,100.1,,5420089344.0,,,0.0,0.0,0.0,0.0,
3438,NFCORE_CHIPSEQ:CHIPSEQ:DEEPTOOLS_PLOTPROFILE,1697336751000,1697336808000,1,100.0,,5420089344.0,,,0.0,0.0,0.0,0.0,
3441,NFCORE_CHIPSEQ:CHIPSEQ:DEEPTOOLS_PLOTPROFILE,1697336768000,1697336823000,1,99.7,,5420089344.0,,,0.0,0.0,0.0,0.0,
3443,NFCORE_CHIPSEQ:CHIPSEQ:DEEPTOOLS_PLOTPROFILE,1697336777000,1697336828000,1,100.0,,5420089344.0,,,0.0,0.0,0.0,0.0,
3444,NFCORE_CHIPSEQ:CHIPSEQ:DEEPTOOLS_PLOTPROFILE,1697336895000,1697336938000,1,99.5,,5420089344.0,,,0.0,0.0,0.0,0.0,
3433,NFCORE_CHIPSEQ:CHIPSEQ:DEEPTOOLS_PLOTHEATMAP,1697336702000,1697337000000,1,100.1,,7430209536.0,,,0.054265610922359375,0.054265610922359375,0.0,802.85784,
3434,NFCORE_CHIPSEQ:CHIPSEQ:DEEPTOOLS_PLOTHEATMAP,1697336702000,1697337000000,1,99.7,,7430209536.0,,,0.08693371523140521,0.08693371523140521,0.0,802.85784,
3437,NFCORE_CHIPSEQ:CHIPSEQ:DEEPTOOLS_PLOTHEATMAP,1697336728000,1697337000000,1,100.1,,7430209536.0,,,0.10359798448814063,0.10359798448814063,0.0,802.85784,
3439,NFCORE_CHIPSEQ:CHIPSEQ:DEEPTOOLS_PLOTHEATMAP,1697336751000,1697337000000,1,100.1,,7430209536.0,,,0.16115242031488541,0.16115242031488541,0.0,802.85784,
3440,NFCORE_CHIPSEQ:CHIPSEQ:DEEPTOOLS_PLOTHEATMAP,1697336768000,1697337000000,1,100.0,,7430209536.0,,,0.25143622714574065,0.25143622714574065,0.0,802.85784,
3442,NFCORE_CHIPSEQ:CHIPSEQ:DEEPTOOLS_PLOTHEATMAP,1697336777000,1697337000000,1,100.1,,7430209536.0,,,0.26803922970741145,0.26803922970741145,0.0,802.85784,
3445,NFCORE_CHIPSEQ:CHIPSEQ:DEEPTOOLS_PLOTHEATMAP,1697336894000,1697337000000,1,100.0,,7430209536.0,,,0.44864111118161565,0.44864111118161565,0.0,802.85784,
3079,NFCORE_CHIPSEQ:CHIPSEQ:DEEPTOOLS_COMPUTEMATRIX,1697336701000,1697337000000,9,687.8,,5673844736.0,,,5.503617774585337,5.503617774585337,0.0,802.517646,
2654,NFCORE_CHIPSEQ:CHIPSEQ:DEEPTOOLS_COMPUTEMATRIX,1697336727000,1697337000000,9,690.0,,5673844736.0,,,5.649738713185349,5.649738713185349,0.0,802.517646,
3090,NFCORE_CHIPSEQ:CHIPSEQ:DEEPTOOLS_COMPUTEMATRIX,1697336776000,1697337000000,9,681.2,,5673844736.0,,,5.582048283464646,5.582048283464646,0.0,802.517646,
2616,NFCORE_CHIPSEQ:CHIPSEQ:DEEPTOOLS_COMPUTEMATRIX,1697336701000,1697337000000,9,722.5,,5673844736.0,,,6.043012308440994,6.043012308440994,0.0,802.517646,
2730,NFCORE_CHIPSEQ:CHIPSEQ:DEEPTOOLS_COMPUTEMATRIX,1697336751000,1697337000000,9,709.1,,5673844736.0,,,6.054749394870039,6.054749394870039,0.0,802.517646,
3233,NFCORE_CHIPSEQ:CHIPSEQ:DEEPTOOLS_COMPUTEMATRIX,1697336766000,1697337000000,9,697.9,,5673844736.0,,,6.1727896292720175,6.1727896292720175,0.0,802.517646,
2761,NFCORE_CHIPSEQ:CHIPSEQ:DEEPTOOLS_COMPUTEMATRIX,1697336894000,1697337000000,9,703.1,,5673844736.0,,,6.929826045309948,6.929826045309948,0.0,802.517646,
3447,NFCORE_CHIPSEQ:CHIPSEQ:DEEPTOOLS_PLOTPROFILE,1697337014000,1697337063000,1,99.9,,5420089344.0,,,0.07245507137821093,0.07245507137821093,0.0,802.85784,
3448,NFCORE_CHIPSEQ:CHIPSEQ:DEEPTOOLS_PLOTPROFILE,1697337095000,1697337148000,1,100.0,,5420089344.0,,,0.07842480726625677,0.07842480726625677,0.0,802.85784,
3446,NFCORE_CHIPSEQ:CHIPSEQ:DEEPTOOLS_PLOTHEATMAP,1697337014000,1697337300000,1,100.0,,7430209536.0,,,0.5324179054204342,0.5324179054204342,0.0,802.631044,
3449,NFCORE_CHIPSEQ:CHIPSEQ:DEEPTOOLS_PLOTHEATMAP,1697337095000,1697337300000,1,100.0,,7430209536.0,,,0.5881858496747414,0.5881858496747414,0.0,802.631044,
2182,NFCORE_CHIPSEQ:CHIPSEQ:DEEPTOOLS_COMPUTEMATRIX,1697337011000,1697337300000,9,694.0,,5673844736.0,,,7.965133025968517,7.965133025968517,0.0,805.4092949999999,
1970,NFCORE_CHIPSEQ:CHIPSEQ:DEEPTOOLS_COMPUTEMATRIX,1697337091000,1697337300000,9,689.1,,5673844736.0,,,7.52527797725644,7.52527797725644,0.0,805.4092949999999,
3451,NFCORE_CHIPSEQ:CHIPSEQ:DEEPTOOLS_PLOTPROFILE,1697337301000,1697337353000,1,100.1,,5420089344.0,,,0.07695558937506464,0.07695558937506464,0.0,802.4042479999999,
3452,NFCORE_CHIPSEQ:CHIPSEQ:DEEPTOOLS_PLOTPROFILE,1697337343000,1697337398000,1,100.0,,5420089344.0,,,0.08133825416235425,0.08133825416235425,0.0,802.4042479999999,
3454,NFCORE_CHIPSEQ:CHIPSEQ:DEEPTOOLS_PLOTPROFILE,1697337433000,1697337473000,1,99.4,,5420089344.0,,,0.058906014284274305,0.058906014284274305,0.0,802.4042479999999,
3456,NFCORE_CHIPSEQ:CHIPSEQ:DEEPTOOLS_PLOTPROFILE,1697337448000,1697337488000,1,100.3,,5420089344.0,,,0.059279633762249304,0.059279633762249304,0.0,802.4042479999999,
3459,NFCORE_CHIPSEQ:CHIPSEQ:DEEPTOOLS_PLOTPROFILE,1697337494000,1697337528000,1,100.0,,5420089344.0,,,0.050281829845818984,0.050281829845818984,0.0,802.4042479999999,
3461,NFCORE_CHIPSEQ:CHIPSEQ:DEEPTOOLS_PLOTPROFILE,1697337523000,1697337573000,1,100.0,,5420089344.0,,,0.07394386742032204,0.07394386742032204,0.0,802.4042479999999,
3462,NFCORE_CHIPSEQ:CHIPSEQ:DEEPTOOLS_PLOTPROFILE,1697337564000,1697337600000,1,100.2,,5420089344.0,,,0.07256669759647547,0.07256669759647547,0.0,802.4042479999999,
3450,NFCORE_CHIPSEQ:CHIPSEQ:DEEPTOOLS_PLOTHEATMAP,1697337301000,1697337600000,1,100.2,,7430209536.0,,,0.5180241898102359,0.5180241898102359,0.0,802.4042479999999,
3465,NFCORE_CHIPSEQ:CHIPSEQ:DEEPTOOLS_PLOTPROFILE,1697337592000,1697337600000,1,100.0,,5420089344.0,,,0.07542274476872848,0.07542274476872848,0.0,802.4042479999999,
3466,NFCORE_CHIPSEQ:CHIPSEQ:DEEPTOOLS_PLOTPROFILE,1697337599000,1697337600000,1,99.8,,5420089344.0,,,0.07236328254735575,0.07236328254735575,0.0,802.4042479999999,
3453,NFCORE_CHIPSEQ:CHIPSEQ:DEEPTOOLS_PLOTHEATMAP,1697337343000,1697337600000,1,100.1,,7430209536.0,,,0.5883670592082184,0.5883670592082184,0.0,802.4042479999999,
3455,NFCORE_CHIPSEQ:CHIPSEQ:DEEPTOOLS_PLOTHEATMAP,1697337433000,1697337600000,1,99.8,,7430209536.0,,,0.5413220702867197,0.5413220702867197,0.0,802.4042479999999,
3457,NFCORE_CHIPSEQ:CHIPSEQ:DEEPTOOLS_PLOTHEATMAP,1697337448000,1697337600000,1,100.2,,7430209536.0,,,0.5755824331224844,0.5755824331224844,0.0,802.4042479999999,
3458,NFCORE_CHIPSEQ:CHIPSEQ:DEEPTOOLS_PLOTHEATMAP,1697337494000,1697337600000,1,100.0,,7430209536.0,,,0.5403645937559477,0.5403645937559477,0.0,802.4042479999999,
3460,NFCORE_CHIPSEQ:CHIPSEQ:DEEPTOOLS_PLOTHEATMAP,1697337523000,1697337600000,1,100.0,,7430209536.0,,,0.5666437229355682,0.5666437229355682,0.0,802.4042479999999,
3463,NFCORE_CHIPSEQ:CHIPSEQ:DEEPTOOLS_PLOTHEATMAP,1697337564000,1697337600000,1,100.2,,7430209536.0,,,0.6121969687131524,0.6121969687131524,0.0,805.352596,
3464,NFCORE_CHIPSEQ:CHIPSEQ:DEEPTOOLS_PLOTHEATMAP,1697337592000,1697337600000,1,100.0,,7430209536.0,,,0.5753628899128794,0.5753628899128794,0.0,805.352596,
3467,NFCORE_CHIPSEQ:CHIPSEQ:DEEPTOOLS_PLOTHEATMAP,1697337599000,1697337600000,1,100.0,,7430209536.0,,,0.615155753024431,0.615155753024431,0.0,805.352596,
2879,NFCORE_CHIPSEQ:CHIPSEQ:DEEPTOOLS_COMPUTEMATRIX,1697337301000,1697337600000,9,681.5,,5673844736.0,,,7.742712203916665,7.742712203916665,0.0,805.239198,
3130,NFCORE_CHIPSEQ:CHIPSEQ:DEEPTOOLS_COMPUTEMATRIX,1697337341000,1697337600000,9,697.6,,5673844736.0,,,7.892281875573357,7.892281875573357,0.0,805.239198,
3057,NFCORE_CHIPSEQ:CHIPSEQ:DEEPTOOLS_COMPUTEMATRIX,1697337432000,1697337600000,9,705.9,,5673844736.0,,,7.857931598288068,7.857931598288068,0.0,805.239198,
1966,NFCORE_CHIPSEQ:CHIPSEQ:DEEPTOOLS_COMPUTEMATRIX,1697337446000,1697337600000,9,719.0,,5673844736.0,,,8.488425041712725,8.488425041712725,0.0,805.182499,
2699,NFCORE_CHIPSEQ:CHIPSEQ:DEEPTOOLS_COMPUTEMATRIX,1697337494000,1697337600000,9,706.1,,5673844736.0,,,8.299373862920582,8.299373862920582,0.0,805.182499,
1971,NFCORE_CHIPSEQ:CHIPSEQ:DEEPTOOLS_COMPUTEMATRIX,1697337521000,1697337600000,9,714.5,,5673844736.0,,,8.519435098464124,8.519435098464124,0.0,805.182499,
1933,NFCORE_CHIPSEQ:CHIPSEQ:DEEPTOOLS_COMPUTEMATRIX,1697337591000,1697337600000,9,709.0,,5673844736.0,,,8.028001083408178,8.028001083408178,0.0,805.182499,
2824,NFCORE_CHIPSEQ:CHIPSEQ:DEEPTOOLS_COMPUTEMATRIX,1697337597000,1697337600000,9,702.1,,5673844736.0,,,8.265626581359749,8.265626581359749,0.0,805.182499,
3129,NFCORE_CHIPSEQ:CHIPSEQ:DEEPTOOLS_COMPUTEMATRIX,1697337561000,1697337600000,9,715.4,,5673844736.0,,,8.688869153757912,8.688869153757912,0.0,805.182499,
3469,NFCORE_CHIPSEQ:CHIPSEQ:DEEPTOOLS_PLOTPROFILE,1697337609000,1697337663000,1,99.8,,5420089344.0,,,0.0797472909705553,0.0797472909705553,0.0,802.4042479999999,
3470,NFCORE_CHIPSEQ:CHIPSEQ:DEEPTOOLS_PLOTPROFILE,1697337610000,1697337663000,1,99.7,,5420089344.0,,,0.07821548419610241,0.07821548419610241,0.0,802.4042479999999,
3473,NFCORE_CHIPSEQ:CHIPSEQ:DEEPTOOLS_PLOTPROFILE,1697337619000,1697337666000,1,100.2,,5420089344.0,,,0.06960479157212952,0.06960479157212952,0.0,802.4042479999999,
3474,NFCORE_CHIPSEQ:CHIPSEQ:DEEPTOOLS_PLOTPROFILE,1697337649000,1697337698000,1,100.0,,5420089344.0,,,0.0724649900719156,0.0724649900719156,0.0,802.4042479999999,
3477,NFCORE_CHIPSEQ:CHIPSEQ:DEEPTOOLS_PLOTPROFILE,1697337650000,1697337698000,1,100.1,,5420089344.0,,,0.07103592865390583,0.07103592865390583,0.0,802.4042479999999,
3478,NFCORE_CHIPSEQ:CHIPSEQ:DEEPTOOLS_PLOTPROFILE,1697337679000,1697337718000,1,99.9,,5420089344.0,,,0.0576357411444039,0.0576357411444039,0.0,802.4042479999999,
2200,NFCORE_CHIPSEQ:CHIPSEQ:DEEPTOOLS_PLOTFINGERPRINT,1697337609000,1697337774000,8,561.8,,4294967296.0,,,1.0197051394520602,1.0197051394520602,0.0,802.4042479999999,
3481,NFCORE_CHIPSEQ:CHIPSEQ:DEEPTOOLS_PLOTPROFILE,1697337729000,1697337784000,1,99.8,,5420089344.0,,,0.08122409265519522,0.08122409265519522,0.0,802.4042479999999,
3483,NFCORE_CHIPSEQ:CHIPSEQ:DEEPTOOLS_PLOTPROFILE,1697337744000,1697337799000,1,100.1,,5420089344.0,,,0.08139533491593376,0.08139533491593376,0.0,802.4042479999999,
3485,NFCORE_CHIPSEQ:CHIPSEQ:DEEPTOOLS_PLOTPROFILE,1697337744000,1697337800000,1,99.8,,5420089344.0,,,0.08270089433983513,0.08270089433983513,0.0,802.4042479999999,
3486,NFCORE_CHIPSEQ:CHIPSEQ:DEEPTOOLS_PLOTPROFILE,1697337763000,1697337814000,1,100.2,,5420089344.0,,,0.0755286036208214,0.0755286036208214,0.0,802.4042479999999,
3489,NFCORE_CHIPSEQ:CHIPSEQ:DEEPTOOLS_PLOTPROFILE,1697337779000,1697337833000,1,99.9,,5420089344.0,,,0.07980333389225157,0.07980333389225157,0.0,802.4042479999999,
3491,NFCORE_CHIPSEQ:CHIPSEQ:DEEPTOOLS_PLOTPROFILE,1697337805000,1697337859000,1,99.9,,5420089344.0,,,0.07980333389225157,0.07980333389225157,0.0,802.4042479999999,
3468,NFCORE_CHIPSEQ:CHIPSEQ:DEEPTOOLS_PLOTHEATMAP,1697337610000,1697337900000,1,100.0,,7430209536.0,,,0.5375262918232845,0.5375262918232845,0.0,805.352596,
3492,NFCORE_CHIPSEQ:CHIPSEQ:DEEPTOOLS_PLOTPROFILE,1697337899000,1697337900000,1,99.9,,5420089344.0,,,0.08186763092183255,0.08186763092183255,0.0,805.352596,
2377,NFCORE_CHIPSEQ:CHIPSEQ:DEEPTOOLS_PLOTFINGERPRINT,1697337804000,1697337900000,8,576.0,,4294967296.0,,,1.0089865404290668,1.0089865404290668,0.0,805.352596,
3472,NFCORE_CHIPSEQ:CHIPSEQ:DEEPTOOLS_PLOTHEATMAP,1697337619000,1697337900000,1,100.1,,7430209536.0,,,0.5826747907931987,0.5826747907931987,0.0,805.352596,
3476,NFCORE_CHIPSEQ:CHIPSEQ:DEEPTOOLS_PLOTHEATMAP,1697337650000,1697337900000,1,100.0,,7430209536.0,,,0.5396636065269125,0.5396636065269125,0.0,805.352596,
3471,NFCORE_CHIPSEQ:CHIPSEQ:DEEPTOOLS_PLOTHEATMAP,1697337609000,1697337900000,1,100.0,,7430209536.0,,,0.60700387504969,0.60700387504969,0.0,805.352596,
3479,NFCORE_CHIPSEQ:CHIPSEQ:DEEPTOOLS_PLOTHEATMAP,1697337679000,1697337900000,1,100.0,,7430209536.0,,,0.5251229959389376,0.5251229959389376,0.0,805.352596,
3475,NFCORE_CHIPSEQ:CHIPSEQ:DEEPTOOLS_PLOTHEATMAP,1697337649000,1697337900000,1,100.0,,7430209536.0,,,0.5743963631507263,0.5743963631507263,0.0,805.352596,
2915,NFCORE_CHIPSEQ:CHIPSEQ:DEEPTOOLS_PLOTFINGERPRINT,1697337897000,1697337900000,8,652.0,,4294967296.0,,,1.046436902473705,1.046436902473705,0.0,805.352596,
3482,NFCORE_CHIPSEQ:CHIPSEQ:DEEPTOOLS_PLOTHEATMAP,1697337744000,1697337900000,1,99.9,,7430209536.0,,,0.5024266517064119,0.5024266517064119,0.0,805.352596,
3480,NFCORE_CHIPSEQ:CHIPSEQ:DEEPTOOLS_PLOTHEATMAP,1697337729000,1697337900000,1,100.0,,7430209536.0,,,0.560471321480434,0.560471321480434,0.0,805.352596,
3487,NFCORE_CHIPSEQ:CHIPSEQ:DEEPTOOLS_PLOTHEATMAP,1697337763000,1697337900000,1,100.1,,7430209536.0,,,0.5198470865604394,0.5198470865604394,0.0,805.352596,
3488,NFCORE_CHIPSEQ:CHIPSEQ:DEEPTOOLS_PLOTHEATMAP,1697337779000,1697337900000,1,100.1,,7430209536.0,,,0.5597737925183117,0.5597737925183117,0.0,805.352596,
3484,NFCORE_CHIPSEQ:CHIPSEQ:DEEPTOOLS_PLOTHEATMAP,1697337744000,1697337900000,1,100.0,,7430209536.0,,,0.6251784777097761,0.6251784777097761,0.0,805.352596,
3490,NFCORE_CHIPSEQ:CHIPSEQ:DEEPTOOLS_PLOTHEATMAP,1697337805000,1697337900000,1,100.0,,7430209536.0,,,0.5828973420501259,0.5828973420501259,0.0,805.352596,
3493,NFCORE_CHIPSEQ:CHIPSEQ:DEEPTOOLS_PLOTHEATMAP,1697337899000,1697337900000,1,100.1,,7430209536.0,,,0.5279948250947502,0.5279948250947502,0.0,805.239198,
3075,NFCORE_CHIPSEQ:CHIPSEQ:DEEPTOOLS_COMPUTEMATRIX,1697337646000,1697337900000,9,698.5,,5673844736.0,,,7.631294730575579,7.631294730575579,0.0,805.182499,
3040,NFCORE_CHIPSEQ:CHIPSEQ:DEEPTOOLS_COMPUTEMATRIX,1697337646000,1697337900000,9,714.6,,5673844736.0,,,7.867802442593333,7.867802442593333,0.0,805.182499,
1964,NFCORE_CHIPSEQ:CHIPSEQ:DEEPTOOLS_COMPUTEMATRIX,1697337676000,1697337900000,9,712.7,,5673844736.0,,,7.6596694567452115,7.6596694567452115,0.0,805.182499,
1978,NFCORE_CHIPSEQ:CHIPSEQ:DEEPTOOLS_COMPUTEMATRIX,1697337743000,1697337900000,9,704.4,,5673844736.0,,,7.1251576662675555,7.1251576662675555,0.0,805.182499,
2019,NFCORE_CHIPSEQ:CHIPSEQ:DEEPTOOLS_COMPUTEMATRIX,1697337616000,1697337900000,9,697.4,,5673844736.0,,,8.098203275016465,8.098203275016465,0.0,805.182499,
2558,NFCORE_CHIPSEQ:CHIPSEQ:DEEPTOOLS_COMPUTEMATRIX,1697337726000,1697337900000,9,704.4,,5673844736.0,,,7.561427943770101,7.561427943770101,0.0,805.182499,
3128,NFCORE_CHIPSEQ:CHIPSEQ:DEEPTOOLS_COMPUTEMATRIX,1697337606000,1697337900000,9,715.1,,5673844736.0,,,8.655002159234721,8.655002159234721,0.0,805.182499,
2286,NFCORE_CHIPSEQ:CHIPSEQ:DEEPTOOLS_COMPUTEMATRIX,1697337776000,1697337900000,9,731.9,,5673844736.0,,,7.832374124193964,7.832374124193964,0.0,805.182499,
2292,NFCORE_CHIPSEQ:CHIPSEQ:DEEPTOOLS_COMPUTEMATRIX,1697337761000,1697337900000,9,709.0,,5673844736.0,,,7.695112874970262,7.695112874970262,0.0,805.182499,
1927,NFCORE_CHIPSEQ:CHIPSEQ:DEEPTOOLS_COMPUTEMATRIX,1697337744000,1697337900000,9,708.4,,5673844736.0,,,7.861019073935962,7.861019073935962,0.0,805.182499,
1972,NFCORE_CHIPSEQ:CHIPSEQ:DEEPTOOLS_COMPUTEMATRIX,1697337776000,1697337900000,9,723.7,,5673844736.0,,,7.989636262044151,7.989636262044151,0.0,805.182499,
3495,NFCORE_CHIPSEQ:CHIPSEQ:DEEPTOOLS_PLOTPROFILE,1697338051000,1697338098000,1,100.0,,5420089344.0,,,0.0700180290776897,0.0700180290776897,0.0,808.300944,
3496,NFCORE_CHIPSEQ:CHIPSEQ:DEEPTOOLS_PLOTPROFILE,1697338081000,1697338133000,1,100.0,,5420089344.0,,,0.07746675557531624,0.07746675557531624,0.0,808.300944,
2559,NFCORE_CHIPSEQ:CHIPSEQ:DEEPTOOLS_PLOTFINGERPRINT,1697337966000,1697338163000,8,573.6,,4294967296.0,,,1.25071576523685,1.25071576523685,0.0,808.300944,
2060,NFCORE_CHIPSEQ:CHIPSEQ:DEEPTOOLS_PLOTFINGERPRINT,1697338046000,1697338188000,8,587.4,,4294967296.0,,,0.9220179691448549,0.9220179691448549,0.0,808.300944,
2861,NFCORE_CHIPSEQ:CHIPSEQ:DEEPTOOLS_PLOTFINGERPRINT,1697338052000,1697338200000,8,608.3,,4294967296.0,,,1.1871860091745503,1.1871860091745503,0.0,806.7133719999999,
2535,NFCORE_CHIPSEQ:CHIPSEQ:DEEPTOOLS_PLOTFINGERPRINT,1697338081000,1697338200000,8,624.2,,4294967296.0,,,1.284313875964377,1.284313875964377,0.0,806.7133719999999,
2379,NFCORE_CHIPSEQ:CHIPSEQ:DEEPTOOLS_PLOTFINGERPRINT,1697338166000,1697338200000,8,619.2,,4294967296.0,,,0.9323373765510145,0.9323373765510145,0.0,806.7133719999999,
2380,NFCORE_CHIPSEQ:CHIPSEQ:DEEPTOOLS_PLOTFINGERPRINT,1697338191000,1697338200000,8,642.2,,4294967296.0,,,0.9504121017471703,0.9504121017471703,0.0,806.7133719999999,
3494,NFCORE_CHIPSEQ:CHIPSEQ:DEEPTOOLS_PLOTHEATMAP,1697338051000,1697338200000,1,100.1,,7430209536.0,,,0.49238818574857074,0.49238818574857074,0.0,806.7133719999999,
3497,NFCORE_CHIPSEQ:CHIPSEQ:DEEPTOOLS_PLOTHEATMAP,1697338081000,1697338200000,1,100.0,,7430209536.0,,,0.5330826827131352,0.5330826827131352,0.0,806.7133719999999,
3498,NFCORE_CHIPSEQ:CHIPSEQ:DEEPTOOLS_PLOTPROFILE,1697338328000,1697338378000,1,100.1,,5420089344.0,,,0.07424673388960504,0.07424673388960504,0.0,805.1258,
1712,NFCORE_CHIPSEQ:CHIPSEQ:DEEPTOOLS_PLOTFINGERPRINT,1697338232000,1697338388000,8,607.7,,4294967296.0,,,1.0419197555598543,1.0419197555598543,0.0,805.1258,
3501,NFCORE_CHIPSEQ:CHIPSEQ:DEEPTOOLS_PLOTPROFILE,1697338368000,1697338413000,1,100.1,,5420089344.0,,,0.06682206050064454,0.06682206050064454,0.0,805.1258,
2584,NFCORE_CHIPSEQ:CHIPSEQ:DEEPTOOLS_PLOTFINGERPRINT,1697338306000,1697338433000,8,598.5,,4294967296.0,,,0.8360623884512205,0.8360623884512205,0.0,805.1258,
1787,NFCORE_CHIPSEQ:CHIPSEQ:DEEPTOOLS_PLOTFINGERPRINT,1697338272000,1697338453000,8,592.8,,4294967296.0,,,1.1808098547245693,1.1808098547245693,0.0,805.1258,
3502,NFCORE_CHIPSEQ:CHIPSEQ:DEEPTOOLS_PLOTPROFILE,1697338443000,1697338478000,1,99.8,,5420089344.0,,,0.05186337176837457,0.05186337176837457,0.0,805.1258,
2578,NFCORE_CHIPSEQ:CHIPSEQ:DEEPTOOLS_PLOTFINGERPRINT,1697338329000,1697338498000,8,643.5,,4294967296.0,,,1.1917502773043247,1.1917502773043247,0.0,805.1258,
2741,NFCORE_CHIPSEQ:CHIPSEQ:DEEPTOOLS_PLOTFINGERPRINT,1697338329000,1697338500000,8,618.4,,4294967296.0,,,1.2222715410525,1.2222715410525,0.0,805.1258,
1982,NFCORE_CHIPSEQ:CHIPSEQ:DEEPTOOLS_PLOTFINGERPRINT,1697338436000,1697338500000,8,600.5,,4294967296.0,,,0.5811515997694305,0.5811515997694305,0.0,805.1258,
2931,NFCORE_CHIPSEQ:CHIPSEQ:DEEPTOOLS_PLOTFINGERPRINT,1697338366000,1697338500000,8,630.7,,4294967296.0,,,1.1207943658268436,1.1207943658268436,0.0,805.1258,
2579,NFCORE_CHIPSEQ:CHIPSEQ:DEEPTOOLS_PLOTFINGERPRINT,1697338391000,1697338500000,8,600.9,,4294967296.0,,,1.0771302201327413,1.0771302201327413,0.0,805.1258,
2705,NFCORE_CHIPSEQ:CHIPSEQ:DEEPTOOLS_PLOTFINGERPRINT,1697338441000,1697338500000,8,664.3,,4294967296.0,,,0.9303523831793332,0.9303523831793332,0.0,805.1258,
2626,NFCORE_CHIPSEQ:CHIPSEQ:DEEPTOOLS_PLOTFINGERPRINT,1697338456000,1697338500000,8,530.5,,4294967296.0,,,0.8577571670814479,0.8577571670814479,0.0,805.1258,
3499,NFCORE_CHIPSEQ:CHIPSEQ:DEEPTOOLS_PLOTHEATMAP,1697338328000,1697338500000,1,100.1,,7430209536.0,,,0.47492861331125,0.47492861331125,0.0,805.1258,
3500,NFCORE_CHIPSEQ:CHIPSEQ:DEEPTOOLS_PLOTHEATMAP,1697338368000,1697338500000,1,99.9,,7430209536.0,,,0.4496241698720078,0.4496241698720078,0.0,805.1258,
3503,NFCORE_CHIPSEQ:CHIPSEQ:DEEPTOOLS_PLOTHEATMAP,1697338443000,1697338500000,1,99.6,,7430209536.0,,,0.4043873276428906,0.4043873276428906,0.0,805.1258,
3504,NFCORE_CHIPSEQ:CHIPSEQ:DEEPTOOLS_PLOTPROFILE,1697338517000,1697338558000,1,100.3,,5420089344.0,,,0.06096771264906294,0.06096771264906294,0.0,805.1258,
3506,NFCORE_CHIPSEQ:CHIPSEQ:DEEPTOOLS_PLOTPROFILE,1697338562000,1697338599000,1,100.0,,5420089344.0,,,0.05490405305629905,0.05490405305629905,0.0,805.1258,
1944,NFCORE_CHIPSEQ:CHIPSEQ:DEEPTOOLS_PLOTFINGERPRINT,1697338531000,1697338634000,8,529.3,,4294967296.0,,,0.6038429452232136,0.6038429452232136,0.0,805.1258,
2573,NFCORE_CHIPSEQ:CHIPSEQ:DEEPTOOLS_PLOTFINGERPRINT,1697338517000,1697338632000,8,631.7,,4294967296.0,,,0.7968231848003734,0.7968231848003734,0.0,805.1258,
3509,NFCORE_CHIPSEQ:CHIPSEQ:DEEPTOOLS_PLOTPROFILE,1697338602000,1697338636000,1,100.0,,5420089344.0,,,0.050452373078761284,0.050452373078761284,0.0,805.1258,
2959,NFCORE_CHIPSEQ:CHIPSEQ:DEEPTOOLS_PLOTFINGERPRINT,1697338526000,1697338638000,8,638.7,,4294967296.0,,,0.7842006922810278,0.7842006922810278,0.0,805.1258,
2945,NFCORE_CHIPSEQ:CHIPSEQ:DEEPTOOLS_PLOTFINGERPRINT,1697338511000,1697338647000,8,572.6,,4294967296.0,,,0.8586303232159722,0.8586303232159722,0.0,805.1258,
2193,NFCORE_CHIPSEQ:CHIPSEQ:DEEPTOOLS_PLOTFINGERPRINT,1697338556000,1697338654000,8,510.7,,4294967296.0,,,0.5555484176170105,0.5555484176170105,0.0,805.1258,
2461,NFCORE_CHIPSEQ:CHIPSEQ:DEEPTOOLS_PLOTFINGERPRINT,1697338559000,1697338654000,8,526.9,,4294967296.0,,,0.5545682398559636,0.5545682398559636,0.0,805.1258,
2769,NFCORE_CHIPSEQ:CHIPSEQ:DEEPTOOLS_PLOTFINGERPRINT,1697338501000,1697338656000,8,529.6,,4294967296.0,,,0.9091799229229168,0.9091799229229168,0.0,805.1258,
3510,NFCORE_CHIPSEQ:CHIPSEQ:DEEPTOOLS_PLOTPROFILE,1697338617000,1697338659000,1,100.0,,5420089344.0,,,0.062323519685528656,0.062323519685528656,0.0,805.1258,
2250,NFCORE_CHIPSEQ:CHIPSEQ:MULTIQC_CUSTOM_PHANTOMPEAKQUALTOOLS,1697338656000,1697338659000,12,587.4,,4294967296.0,,,0.019402735040927085,0.019402735040927085,0.0,805.1258,
3240,NFCORE_CHIPSEQ:CHIPSEQ:MULTIQC_CUSTOM_PHANTOMPEAKQUALTOOLS,1697338657000,1697338659000,12,612.5,,4294967296.0,,,0.013457915370934027,0.013457915370934027,0.0,805.1258,
3324,NFCORE_CHIPSEQ:CHIPSEQ:MULTIQC_CUSTOM_PHANTOMPEAKQUALTOOLS,1697338661000,1697338662000,12,660.6,,4294967296.0,,,0.007229847971579863,0.007229847971579863,0.0,805.1258,
3348,NFCORE_CHIPSEQ:CHIPSEQ:MULTIQC_CUSTOM_PHANTOMPEAKQUALTOOLS,1697338662000,1697338663000,12,524.5,,4294967296.0,,,0.005812567972828126,0.005812567972828126,0.0,805.1258,
2218,NFCORE_CHIPSEQ:CHIPSEQ:MULTIQC_CUSTOM_PHANTOMPEAKQUALTOOLS,1697338659000,1697338661000,12,668.0,,4294967296.0,,,0.014613816031194443,0.014613816031194443,0.0,805.1258,
2271,NFCORE_CHIPSEQ:CHIPSEQ:MULTIQC_CUSTOM_PHANTOMPEAKQUALTOOLS,1697338662000,1697338663000,12,769.4,,4294967296.0,,,0.008362838889024305,0.008362838889024305,0.0,805.1258,
3276,NFCORE_CHIPSEQ:CHIPSEQ:MULTIQC_CUSTOM_PHANTOMPEAKQUALTOOLS,1697338665000,1697338666000,12,833.9,,4294967296.0,,,0.009034510894310765,0.009034510894310765,0.0,805.1258,
1996,NFCORE_CHIPSEQ:CHIPSEQ:MULTIQC_CUSTOM_PHANTOMPEAKQUALTOOLS,1697338664000,1697338666000,12,992.1,,4294967296.0,,,0.02136385934633681,0.02136385934633681,0.0,805.1258,
2309,NFCORE_CHIPSEQ:CHIPSEQ:MULTIQC_CUSTOM_PHANTOMPEAKQUALTOOLS,1697338666000,1697338668000,12,833.4,,4294967296.0,,,0.01805860826915972,0.01805860826915972,0.0,805.1258,
3265,NFCORE_CHIPSEQ:CHIPSEQ:MULTIQC_CUSTOM_PHANTOMPEAKQUALTOOLS,1697338669000,1697338671000,12,824.0,,4294967296.0,,,0.01786283410327778,0.01786283410327778,0.0,805.1258,
3305,NFCORE_CHIPSEQ:CHIPSEQ:MULTIQC_CUSTOM_PHANTOMPEAKQUALTOOLS,1697338666000,1697338668000,12,794.6,,4294967296.0,,,0.017250519158923613,0.017250519158923613,0.0,805.1258,
2589,NFCORE_CHIPSEQ:CHIPSEQ:MULTIQC_CUSTOM_PHANTOMPEAKQUALTOOLS,1697338669000,1697338671000,12,893.8,,4294967296.0,,,0.019316561420145834,0.019316561420145834,0.0,805.1258,
3111,NFCORE_CHIPSEQ:CHIPSEQ:MULTIQC_CUSTOM_PHANTOMPEAKQUALTOOLS,1697338671000,1697338673000,12,733.5,,4294967296.0,,,0.015977987080690974,0.015977987080690974,0.0,805.1258,
3247,NFCORE_CHIPSEQ:CHIPSEQ:MULTIQC_CUSTOM_PHANTOMPEAKQUALTOOLS,1697338671000,1697338673000,12,806.2,,4294967296.0,,,0.017492112810437502,0.017492112810437502,0.0,805.1258,
3301,NFCORE_CHIPSEQ:CHIPSEQ:MULTIQC_CUSTOM_PHANTOMPEAKQUALTOOLS,1697338674000,1697338676000,12,921.1,,4294967296.0,,,0.01988513958276042,0.01988513958276042,0.0,805.1258,
3309,NFCORE_CHIPSEQ:CHIPSEQ:MULTIQC_CUSTOM_PHANTOMPEAKQUALTOOLS,1697338674000,1697338676000,12,865.0,,4294967296.0,,,0.018716742699145833,0.018716742699145833,0.0,805.1258,
3329,NFCORE_CHIPSEQ:CHIPSEQ:MULTIQC_CUSTOM_PHANTOMPEAKQUALTOOLS,1697338675000,1697338677000,12,702.1,,4294967296.0,,,0.015324018058489585,0.015324018058489585,0.0,805.1258,
3060,NFCORE_CHIPSEQ:CHIPSEQ:MULTIQC_CUSTOM_PHANTOMPEAKQUALTOOLS,1697338675000,1697338677000,12,789.2,,4294967296.0,,,0.017138053148736114,0.017138053148736114,0.0,805.1258,
3254,NFCORE_CHIPSEQ:CHIPSEQ:MULTIQC_CUSTOM_PHANTOMPEAKQUALTOOLS,1697338679000,1697338681000,12,722.3,,4294967296.0,,,0.015744724244746527,0.015744724244746527,0.0,805.1258,
3341,NFCORE_CHIPSEQ:CHIPSEQ:MULTIQC_CUSTOM_PHANTOMPEAKQUALTOOLS,1697338679000,1697338681000,12,797.4,,4294967296.0,,,0.017308834867909722,0.017308834867909722,0.0,805.1258,
3512,NFCORE_CHIPSEQ:CHIPSEQ:DEEPTOOLS_PLOTPROFILE,1697338638000,1697338678000,1,100.0,,5420089344.0,,,0.05935573303383681,0.05935573303383681,0.0,805.1258,
2636,NFCORE_CHIPSEQ:CHIPSEQ:MULTIQC_CUSTOM_PHANTOMPEAKQUALTOOLS,1697338679000,1697338681000,12,758.6,,4294967296.0,,,0.016500745757673612,0.016500745757673612,0.0,805.1258,
2720,NFCORE_CHIPSEQ:CHIPSEQ:DEEPTOOLS_PLOTFINGERPRINT,1697338571000,1697338684000,8,641.0,,4294967296.0,,,0.7939089578845174,0.7939089578845174,0.0,805.1258,
2805,NFCORE_CHIPSEQ:CHIPSEQ:MULTIQC_CUSTOM_PHANTOMPEAKQUALTOOLS,1697338679000,1697338681000,12,773.3,,4294967296.0,,,0.016806903229850692,0.016806903229850692,0.0,805.1258,
3238,NFCORE_CHIPSEQ:CHIPSEQ:MULTIQC_CUSTOM_PHANTOMPEAKQUALTOOLS,1697338684000,1697338686000,12,674.6,,4294967296.0,,,0.014751274488090278,0.014751274488090278,0.0,805.1258,
3292,NFCORE_CHIPSEQ:CHIPSEQ:MULTIQC_CUSTOM_PHANTOMPEAKQUALTOOLS,1697338684000,1697338686000,12,909.4,,4294967296.0,,,0.019641463227354165,0.019641463227354165,0.0,805.1258,
3351,NFCORE_CHIPSEQ:CHIPSEQ:MULTIQC_CUSTOM_PHANTOMPEAKQUALTOOLS,1697338684000,1697338686000,12,818.2,,4294967296.0,,,0.01774203727752084,0.01774203727752084,0.0,805.1258,
1945,NFCORE_CHIPSEQ:CHIPSEQ:DEEPTOOLS_PLOTFINGERPRINT,1697338602000,1697338690000,8,606.9,,4294967296.0,,,0.5870164939303195,0.5870164939303195,0.0,805.1258,
2591,NFCORE_CHIPSEQ:CHIPSEQ:MULTIQC_CUSTOM_PHANTOMPEAKQUALTOOLS,1697338684000,1697338686000,12,782.4,,4294967296.0,,,0.01699642928405556,0.01699642928405556,0.0,805.1258,
3228,NFCORE_CHIPSEQ:CHIPSEQ:MULTIQC_CUSTOM_PHANTOMPEAKQUALTOOLS,1697338689000,1697338691000,12,881.4,,4294967296.0,,,0.01905830613749306,0.01905830613749306,0.0,805.1258,
3239,NFCORE_CHIPSEQ:CHIPSEQ:MULTIQC_CUSTOM_PHANTOMPEAKQUALTOOLS,1697338689000,1697338691000,12,1034.9,,4294967296.0,,,0.022255256612267366,0.022255256612267366,0.0,805.1258,
3291,NFCORE_CHIPSEQ:CHIPSEQ:MULTIQC_CUSTOM_PHANTOMPEAKQUALTOOLS,1697338689000,1697338691000,12,935.0,,4294967296.0,,,0.020174635423798614,0.020174635423798614,0.0,805.1258,
3310,NFCORE_CHIPSEQ:CHIPSEQ:MULTIQC_CUSTOM_PHANTOMPEAKQUALTOOLS,1697338687000,1697338688000,12,750.3,,4294967296.0,,,0.00816394066730382,0.00816394066730382,0.0,805.1258,
3336,NFCORE_CHIPSEQ:CHIPSEQ:MULTIQC_CUSTOM_PHANTOMPEAKQUALTOOLS,1697338689000,1697338691000,12,684.2,,4294967296.0,,,0.014951214061756944,0.014951214061756944,0.0,805.1258,
3514,NFCORE_CHIPSEQ:CHIPSEQ:DEEPTOOLS_PLOTPROFILE,1697338648000,1697338691000,1,100.0,,5420089344.0,,,0.06380741301137458,0.06380741301137458,0.0,805.1258,
3516,NFCORE_CHIPSEQ:CHIPSEQ:DEEPTOOLS_PLOTPROFILE,1697338652000,1697338691000,1,100.1,,5420089344.0,,,0.05791245243389194,0.05791245243389194,0.0,805.1258,
3071,NFCORE_CHIPSEQ:CHIPSEQ:MULTIQC_CUSTOM_PHANTOMPEAKQUALTOOLS,1697338694000,1697338696000,12,806.4,,4294967296.0,,,0.017496278218222222,0.017496278218222222,0.0,805.1258,
3268,NFCORE_CHIPSEQ:CHIPSEQ:MULTIQC_CUSTOM_PHANTOMPEAKQUALTOOLS,1697338694000,1697338696000,12,716.7,,4294967296.0,,,0.01562809282677431,0.01562809282677431,0.0,805.1258,
3279,NFCORE_CHIPSEQ:CHIPSEQ:MULTIQC_CUSTOM_PHANTOMPEAKQUALTOOLS,1697338692000,1697338693000,12,977.7,,4294967296.0,,,0.010531974992918403,0.010531974992918403,0.0,805.1258,
3293,NFCORE_CHIPSEQ:CHIPSEQ:MULTIQC_CUSTOM_PHANTOMPEAKQUALTOOLS,1697338694000,1697338696000,12,921.4,,4294967296.0,,,0.019891387694437504,0.019891387694437504,0.0,805.1258,
3327,NFCORE_CHIPSEQ:CHIPSEQ:MULTIQC_CUSTOM_PHANTOMPEAKQUALTOOLS,1697338694000,1697338696000,12,1007.0,,4294967296.0,,,0.021674182226298612,0.021674182226298612,0.0,805.1258,
3519,NFCORE_CHIPSEQ:CHIPSEQ:DEEPTOOLS_PLOTPROFILE,1697338662000,1697338694000,1,100.2,,5420089344.0,,,0.04755123295162501,0.04755123295162501,0.0,805.1258,
3248,NFCORE_CHIPSEQ:CHIPSEQ:MULTIQC_CUSTOM_PHANTOMPEAKQUALTOOLS,1697338696000,1697338697000,12,869.9,,4294967296.0,,,0.009409397594935765,0.009409397594935765,0.0,805.1258,
3256,NFCORE_CHIPSEQ:CHIPSEQ:MULTIQC_CUSTOM_PHANTOMPEAKQUALTOOLS,1697338698000,1697338700000,12,985.2,,4294967296.0,,,0.02122015277776389,0.02122015277776389,0.0,805.1258,
3296,NFCORE_CHIPSEQ:CHIPSEQ:MULTIQC_CUSTOM_PHANTOMPEAKQUALTOOLS,1697338698000,1697338700000,12,1064.4,,4294967296.0,,,0.02286965426051389,0.02286965426051389,0.0,805.1258,
3303,NFCORE_CHIPSEQ:CHIPSEQ:MULTIQC_CUSTOM_PHANTOMPEAKQUALTOOLS,1697338700000,1697338701000,12,1043.7,,4294967296.0,,,0.01121926727739757,0.01121926727739757,0.0,805.1258,
3312,NFCORE_CHIPSEQ:CHIPSEQ:MULTIQC_CUSTOM_PHANTOMPEAKQUALTOOLS,1697338698000,1697338700000,12,1010.9,,4294967296.0,,,0.021755407678100698,0.021755407678100698,0.0,805.1258,
3335,NFCORE_CHIPSEQ:CHIPSEQ:MULTIQC_CUSTOM_PHANTOMPEAKQUALTOOLS,1697338698000,1697338700000,12,746.2,,4294967296.0,,,0.016242490475020833,0.016242490475020833,0.0,805.1258,
3521,NFCORE_CHIPSEQ:CHIPSEQ:DEEPTOOLS_PLOTPROFILE,1697338662000,1697338696000,1,99.7,,5420089344.0,,,0.05034615518025087,0.05034615518025087,0.0,805.1258,
3523,NFCORE_CHIPSEQ:CHIPSEQ:DEEPTOOLS_PLOTPROFILE,1697338663000,1697338700000,1,100.1,,5420089344.0,,,0.054942583078307725,0.054942583078307725,0.0,805.1258,
3524,NFCORE_CHIPSEQ:CHIPSEQ:DEEPTOOLS_PLOTPROFILE,1697338667000,1697338701000,1,100.5,,5420089344.0,,,0.05062940290961199,0.05062940290961199,0.0,805.1258,
3224,NFCORE_CHIPSEQ:CHIPSEQ:MULTIQC_CUSTOM_PHANTOMPEAKQUALTOOLS,1697338702000,1697338704000,12,661.5,,4294967296.0,,,0.014478440278190974,0.014478440278190974,0.0,805.1258,
3251,NFCORE_CHIPSEQ:CHIPSEQ:MULTIQC_CUSTOM_PHANTOMPEAKQUALTOOLS,1697338703000,1697338706000,12,653.3,,4294967296.0,,,0.02146148783852604,0.02146148783852604,0.0,805.1258,
3306,NFCORE_CHIPSEQ:CHIPSEQ:MULTIQC_CUSTOM_PHANTOMPEAKQUALTOOLS,1697338702000,1697338703000,12,879.8,,4294967296.0,,,0.009512491437607637,0.009512491437607637,0.0,805.1258,
3331,NFCORE_CHIPSEQ:CHIPSEQ:MULTIQC_CUSTOM_PHANTOMPEAKQUALTOOLS,1697338704000,1697338706000,12,927.3,,4294967296.0,,,0.020014267224086803,0.020014267224086803,0.0,805.1258,
3347,NFCORE_CHIPSEQ:CHIPSEQ:MULTIQC_CUSTOM_PHANTOMPEAKQUALTOOLS,1697338702000,1697338703000,12,863.4,,4294967296.0,,,0.009341709718434028,0.009341709718434028,0.0,805.1258,
2097,NFCORE_CHIPSEQ:CHIPSEQ:DEEPTOOLS_PLOTFINGERPRINT,1697338650000,1697338708000,8,593.2,,4294967296.0,,,0.3786226520715417,0.3786226520715417,0.0,805.1258,
3059,NFCORE_CHIPSEQ:CHIPSEQ:MULTIQC_CUSTOM_PHANTOMPEAKQUALTOOLS,1697338703000,1697338706000,12,949.2,,4294967296.0,,,0.030705569064770833,0.030705569064770833,0.0,805.1258,
3210,NFCORE_CHIPSEQ:CHIPSEQ:MULTIQC_CUSTOM_PHANTOMPEAKQUALTOOLS,1697338706000,1697338708000,12,711.9,,4294967296.0,,,0.015528123039940972,0.015528123039940972,0.0,805.1258,
3267,NFCORE_CHIPSEQ:CHIPSEQ:MULTIQC_CUSTOM_PHANTOMPEAKQUALTOOLS,1697338706000,1697338708000,12,1016.6,,4294967296.0,,,0.021874121799965278,0.021874121799965278,0.0,805.1258,
3269,NFCORE_CHIPSEQ:CHIPSEQ:MULTIQC_CUSTOM_PHANTOMPEAKQUALTOOLS,1697338709000,1697338710000,12,845.7,,4294967296.0,,,0.009157390423960072,0.009157390423960072,0.0,805.1258,
3304,NFCORE_CHIPSEQ:CHIPSEQ:MULTIQC_CUSTOM_PHANTOMPEAKQUALTOOLS,1697338706000,1697338708000,12,944.3,,4294967296.0,,,0.020368326885788195,0.020368326885788195,0.0,805.1258,
3311,NFCORE_CHIPSEQ:CHIPSEQ:MULTIQC_CUSTOM_PHANTOMPEAKQUALTOOLS,1697338709000,1697338711000,12,1026.4,,4294967296.0,,,0.022078226781416667,0.022078226781416667,0.0,805.1258,
3330,NFCORE_CHIPSEQ:CHIPSEQ:MULTIQC_CUSTOM_PHANTOMPEAKQUALTOOLS,1697338709000,1697338710000,12,840.2,,4294967296.0,,,0.009100116066920141,0.009100116066920141,0.0,805.1258,
3340,NFCORE_CHIPSEQ:CHIPSEQ:MULTIQC_CUSTOM_PHANTOMPEAKQUALTOOLS,1697338710000,1697338712000,12,585.9,,4294967296.0,,,0.012903916135565973,0.012903916135565973,0.0,805.1258,
3120,NFCORE_CHIPSEQ:CHIPSEQ:MULTIQC_CUSTOM_PHANTOMPEAKQUALTOOLS,1697338713000,1697338714000,12,1076.1,,4294967296.0,,,0.01155666530796007,0.01155666530796007,0.0,805.1258,
3140,NFCORE_CHIPSEQ:CHIPSEQ:MULTIQC_CUSTOM_PHANTOMPEAKQUALTOOLS,1697338710000,1697338711000,12,801.5,,4294967296.0,,,0.008697112863748264,0.008697112863748264,0.0,805.1258,
3167,NFCORE_CHIPSEQ:CHIPSEQ:MULTIQC_CUSTOM_PHANTOMPEAKQUALTOOLS,1697338710000,1697338711000,12,1027.8,,4294967296.0,,,0.011053692317954862,0.011053692317954862,0.0,805.1258,
3220,NFCORE_CHIPSEQ:CHIPSEQ:MULTIQC_CUSTOM_PHANTOMPEAKQUALTOOLS,1697338711000,1697338713000,12,725.9,,4294967296.0,,,0.015819701584871528,0.015819701584871528,0.0,805.1258,
3270,NFCORE_CHIPSEQ:CHIPSEQ:MULTIQC_CUSTOM_PHANTOMPEAKQUALTOOLS,1697338715000,1697338716000,12,853.8,,4294967296.0,,,0.009241739931600696,0.009241739931600696,0.0,805.1258,
3287,NFCORE_CHIPSEQ:CHIPSEQ:MULTIQC_CUSTOM_PHANTOMPEAKQUALTOOLS,1697338714000,1697338716000,12,1050.3,,4294967296.0,,,0.022575993011690974,0.022575993011690974,0.0,805.1258,
3295,NFCORE_CHIPSEQ:CHIPSEQ:MULTIQC_CUSTOM_PHANTOMPEAKQUALTOOLS,1697338713000,1697338714000,12,782.9,,4294967296.0,,,0.008503421401758682,0.008503421401758682,0.0,805.1258,
1391,NFCORE_CHIPSEQ:CHIPSEQ:DEEPTOOLS_PLOTFINGERPRINT,1697338644000,1697338717000,8,563.2,,4294967296.0,,,0.45373669584799997,0.45373669584799997,0.0,805.1258,
2052,NFCORE_CHIPSEQ:CHIPSEQ:DEEPTOOLS_PLOTFINGERPRINT,1697338650000,1697338717000,8,601.7,,4294967296.0,,,0.4433049422437274,0.4433049422437274,0.0,805.1258,
2478,NFCORE_CHIPSEQ:CHIPSEQ:MULTIQC_CUSTOM_PHANTOMPEAKQUALTOOLS,1697338714000,1697338716000,12,982.7,,4294967296.0,,,0.02116808518045486,0.02116808518045486,0.0,805.1258,
2588,NFCORE_CHIPSEQ:CHIPSEQ:MULTIQC_CUSTOM_PHANTOMPEAKQUALTOOLS,1697338714000,1697338716000,12,998.6,,4294967296.0,,,0.02149923509934028,0.02149923509934028,0.0,805.1258,
3052,NFCORE_CHIPSEQ:CHIPSEQ:MULTIQC_CUSTOM_PHANTOMPEAKQUALTOOLS,1697338719000,1697338721000,12,886.9,,4294967296.0,,,0.019172854851572916,0.019172854851572916,0.0,805.1258,
3166,NFCORE_CHIPSEQ:CHIPSEQ:MULTIQC_CUSTOM_PHANTOMPEAKQUALTOOLS,1697338714000,1697338716000,12,807.8,,4294967296.0,,,0.017525436072715277,0.017525436072715277,0.0,805.1258,
3211,NFCORE_CHIPSEQ:CHIPSEQ:MULTIQC_CUSTOM_PHANTOMPEAKQUALTOOLS,1697338717000,1697338719000,12,799.1,,4294967296.0,,,0.017344240834079865,0.017344240834079865,0.0,805.1258,
3235,NFCORE_CHIPSEQ:CHIPSEQ:MULTIQC_CUSTOM_PHANTOMPEAKQUALTOOLS,1697338719000,1697338721000,12,1070.3,,4294967296.0,,,0.022992533790163194,0.022992533790163194,0.0,805.1258,
3249,NFCORE_CHIPSEQ:CHIPSEQ:MULTIQC_CUSTOM_PHANTOMPEAKQUALTOOLS,1697338719000,1697338721000,12,499.8,,4294967296.0,,,0.011110708084243056,0.011110708084243056,0.0,805.1258,
3280,NFCORE_CHIPSEQ:CHIPSEQ:MULTIQC_CUSTOM_PHANTOMPEAKQUALTOOLS,1697338719000,1697338721000,12,999.3,,4294967296.0,,,0.021513814026586805,0.021513814026586805,0.0,805.1258,
3297,NFCORE_CHIPSEQ:CHIPSEQ:MULTIQC_CUSTOM_PHANTOMPEAKQUALTOOLS,1697338719000,1697338721000,12,969.8,,4294967296.0,,,0.020899416378340276,0.020899416378340276,0.0,805.1258,
3302,NFCORE_CHIPSEQ:CHIPSEQ:MULTIQC_CUSTOM_PHANTOMPEAKQUALTOOLS,1697338719000,1697338721000,12,1073.8,,4294967296.0,,,0.023065428426395834,0.023065428426395834,0.0,805.1258,
3319,NFCORE_CHIPSEQ:CHIPSEQ:MULTIQC_CUSTOM_PHANTOMPEAKQUALTOOLS,1697338717000,1697338719000,12,1010.3,,4294967296.0,,,0.02174291145474653,0.02174291145474653,0.0,805.1258,
2245,NFCORE_CHIPSEQ:CHIPSEQ:DEEPTOOLS_PLOTFINGERPRINT,1697338637000,1697338725000,8,494.6,,4294967296.0,,,0.4841059292009723,0.4841059292009723,0.0,805.1258,
3085,NFCORE_CHIPSEQ:CHIPSEQ:MULTIQC_CUSTOM_PHANTOMPEAKQUALTOOLS,1697338723000,1697338725000,12,1046.2,,4294967296.0,,,0.022490602152104168,0.022490602152104168,0.0,805.1258,
3172,NFCORE_CHIPSEQ:CHIPSEQ:MULTIQC_CUSTOM_PHANTOMPEAKQUALTOOLS,1697338723000,1697338725000,12,1057.2,,4294967296.0,,,0.022719699580263892,0.022719699580263892,0.0,805.1258,
3185,NFCORE_CHIPSEQ:CHIPSEQ:MULTIQC_CUSTOM_PHANTOMPEAKQUALTOOLS,1697338721000,1697338722000,12,1036.1,,4294967296.0,,,0.011140124529487845,0.011140124529487845,0.0,805.1258,
3229,NFCORE_CHIPSEQ:CHIPSEQ:MULTIQC_CUSTOM_PHANTOMPEAKQUALTOOLS,1697338723000,1697338725000,12,732.1,,4294967296.0,,,0.015948829226197916,0.015948829226197916,0.0,805.1258,
3257,NFCORE_CHIPSEQ:CHIPSEQ:MULTIQC_CUSTOM_PHANTOMPEAKQUALTOOLS,1697338723000,1697338725000,12,948.0,,4294967296.0,,,0.020445386929805555,0.020445386929805555,0.0,805.1258,
3263,NFCORE_CHIPSEQ:CHIPSEQ:MULTIQC_CUSTOM_PHANTOMPEAKQUALTOOLS,1697338723000,1697338725000,12,903.5,,4294967296.0,,,0.01951858369770486,0.01951858369770486,0.0,805.1258,
3281,NFCORE_CHIPSEQ:CHIPSEQ:MULTIQC_CUSTOM_PHANTOMPEAKQUALTOOLS,1697338721000,1697338722000,12,827.0,,4294967296.0,,,0.008962657610024306,0.008962657610024306,0.0,805.1258,
3322,NFCORE_CHIPSEQ:CHIPSEQ:MULTIQC_CUSTOM_PHANTOMPEAKQUALTOOLS,1697338723000,1697338725000,12,1072.5,,4294967296.0,,,0.023038353275795145,0.023038353275795145,0.0,805.1258,
2836,NFCORE_CHIPSEQ:CHIPSEQ:MULTIQC_CUSTOM_PHANTOMPEAKQUALTOOLS,1697338727000,1697338729000,12,969.2,,4294967296.0,,,0.020886920154986114,0.020886920154986114,0.0,805.1258,
3174,NFCORE_CHIPSEQ:CHIPSEQ:MULTIQC_CUSTOM_PHANTOMPEAKQUALTOOLS,1697338725000,1697338726000,12,711.5,,4294967296.0,,,0.007759896112185765,0.007759896112185765,0.0,805.1258,
3209,NFCORE_CHIPSEQ:CHIPSEQ:MULTIQC_CUSTOM_PHANTOMPEAKQUALTOOLS,1697338728000,1697338730000,12,963.9,,4294967296.0,,,0.020776536848690973,0.020776536848690973,0.0,805.1258,
3221,NFCORE_CHIPSEQ:CHIPSEQ:MULTIQC_CUSTOM_PHANTOMPEAKQUALTOOLS,1697338727000,1697338729000,12,751.3,,4294967296.0,,,0.016348708373531248,0.016348708373531248,0.0,805.1258,
3225,NFCORE_CHIPSEQ:CHIPSEQ:MULTIQC_CUSTOM_PHANTOMPEAKQUALTOOLS,1697338725000,1697338726000,12,1057.3,,4294967296.0,,,0.011360891142078125,0.011360891142078125,0.0,805.1258,
3234,NFCORE_CHIPSEQ:CHIPSEQ:MULTIQC_CUSTOM_PHANTOMPEAKQUALTOOLS,1697338727000,1697338729000,12,895.9,,4294967296.0,,,0.019360298201885416,0.019360298201885416,0.0,805.1258,
3264,NFCORE_CHIPSEQ:CHIPSEQ:MULTIQC_CUSTOM_PHANTOMPEAKQUALTOOLS,1697338729000,1697338730000,12,1076.2,,4294967296.0,,,0.011557706659906252,0.011557706659906252,0.0,805.1258,
3271,NFCORE_CHIPSEQ:CHIPSEQ:MULTIQC_CUSTOM_PHANTOMPEAKQUALTOOLS,1697338727000,1697338729000,12,722.9,,4294967296.0,,,0.015757220468100692,0.015757220468100692,0.0,805.1258,
3272,NFCORE_CHIPSEQ:CHIPSEQ:MULTIQC_CUSTOM_PHANTOMPEAKQUALTOOLS,1697338727000,1697338729000,12,953.2,,4294967296.0,,,0.020553687532208337,0.020553687532208337,0.0,805.1258,
3288,NFCORE_CHIPSEQ:CHIPSEQ:MULTIQC_CUSTOM_PHANTOMPEAKQUALTOOLS,1697338729000,1697338730000,12,978.5,,4294967296.0,,,0.010540305808487848,0.010540305808487848,0.0,805.1258,
3290,NFCORE_CHIPSEQ:CHIPSEQ:MULTIQC_CUSTOM_PHANTOMPEAKQUALTOOLS,1697338727000,1697338729000,12,609.2,,4294967296.0,,,0.013389186142486114,0.013389186142486114,0.0,805.1258,
3527,NFCORE_CHIPSEQ:CHIPSEQ:DEEPTOOLS_PLOTPROFILE,1697338697000,1697338729000,1,99.7,,5420089344.0,,,0.04738461664023611,0.04738461664023611,0.0,805.1258,
2590,NFCORE_CHIPSEQ:CHIPSEQ:MULTIQC_CUSTOM_PHANTOMPEAKQUALTOOLS,1697338731000,1697338733000,12,901.0,,4294967296.0,,,0.019466516100395834,0.019466516100395834,0.0,805.1258,
2709,NFCORE_CHIPSEQ:CHIPSEQ:DEEPTOOLS_PLOTFINGERPRINT,1697338605000,1697338731000,8,608.6,,4294967296.0,,,0.8427314649053127,0.8427314649053127,0.0,805.1258,
2721,NFCORE_CHIPSEQ:CHIPSEQ:MULTIQC_CUSTOM_PHANTOMPEAKQUALTOOLS,1697338731000,1697338733000,12,1064.3,,4294967296.0,,,0.02286757155662153,0.02286757155662153,0.0,805.1258,
3051,NFCORE_CHIPSEQ:CHIPSEQ:MULTIQC_CUSTOM_PHANTOMPEAKQUALTOOLS,1697338733000,1697338735000,12,854.2,,4294967296.0,,,0.018491810678770832,0.018491810678770832,0.0,805.1258,
3112,NFCORE_CHIPSEQ:CHIPSEQ:MULTIQC_CUSTOM_PHANTOMPEAKQUALTOOLS,1697338731000,1697338733000,12,1023.5,,4294967296.0,,,0.022017828368538196,0.022017828368538196,0.0,805.1258,
3207,NFCORE_CHIPSEQ:CHIPSEQ:MULTIQC_CUSTOM_PHANTOMPEAKQUALTOOLS,1697338732000,1697338734000,12,1030.6,,4294967296.0,,,0.022165700344895834,0.022165700344895834,0.0,805.1258,
3262,NFCORE_CHIPSEQ:CHIPSEQ:MULTIQC_CUSTOM_PHANTOMPEAKQUALTOOLS,1697338733000,1697338735000,12,920.1,,4294967296.0,,,0.019864312543836807,0.019864312543836807,0.0,805.1258,
3266,NFCORE_CHIPSEQ:CHIPSEQ:MULTIQC_CUSTOM_PHANTOMPEAKQUALTOOLS,1697338731000,1697338733000,12,1007.5,,4294967296.0,,,0.021684595745760416,0.021684595745760416,0.0,805.1258,
3300,NFCORE_CHIPSEQ:CHIPSEQ:MULTIQC_CUSTOM_PHANTOMPEAKQUALTOOLS,1697338731000,1697338733000,12,836.5,,4294967296.0,,,0.01812317208982292,0.01812317208982292,0.0,805.1258,
3328,NFCORE_CHIPSEQ:CHIPSEQ:MULTIQC_CUSTOM_PHANTOMPEAKQUALTOOLS,1697338731000,1697338733000,12,849.1,,4294967296.0,,,0.01838559278026042,0.01838559278026042,0.0,805.1258,
2336,NFCORE_CHIPSEQ:CHIPSEQ:DEEPTOOLS_PLOTFINGERPRINT,1697338616000,1697338736000,8,609.3,,4294967296.0,,,0.8034761307827083,0.8034761307827083,0.0,805.1258,
3294,NFCORE_CHIPSEQ:CHIPSEQ:MULTIQC_CUSTOM_PHANTOMPEAKQUALTOOLS,1697338735000,1697338736000,12,702.2,,4294967296.0,,,0.007663050381190974,0.007663050381190974,0.0,805.1258,
3323,NFCORE_CHIPSEQ:CHIPSEQ:MULTIQC_CUSTOM_PHANTOMPEAKQUALTOOLS,1697338735000,1697338737000,12,1019.5,,4294967296.0,,,0.021934520212843752,0.021934520212843752,0.0,805.1258,
3334,NFCORE_CHIPSEQ:CHIPSEQ:MULTIQC_CUSTOM_PHANTOMPEAKQUALTOOLS,1697338735000,1697338736000,12,552.7,,4294967296.0,,,0.006106229221651042,0.006106229221651042,0.0,805.1258,
3344,NFCORE_CHIPSEQ:CHIPSEQ:MULTIQC_CUSTOM_PHANTOMPEAKQUALTOOLS,1697338735000,1697338737000,12,890.0,,4294967296.0,,,0.01923741867223611,0.01923741867223611,0.0,805.1258,
3528,NFCORE_CHIPSEQ:CHIPSEQ:DEEPTOOLS_PLOTPROFILE,1697338702000,1697338739000,1,100.4,,5420089344.0,,,0.055058173144333776,0.055058173144333776,0.0,805.1258,
2736,NFCORE_CHIPSEQ:CHIPSEQ:DEEPTOOLS_PLOTFINGERPRINT,1697338635000,1697338749000,8,631.4,,4294967296.0,,,0.7895381451756459,0.7895381451756459,0.0,805.1258,
3505,NFCORE_CHIPSEQ:CHIPSEQ:DEEPTOOLS_PLOTHEATMAP,1697338517000,1697338759000,1,100.4,,7430209536.0,,,0.39982798130918584,0.39982798130918584,0.0,805.1258,
2566,NFCORE_CHIPSEQ:CHIPSEQ:DEEPTOOLS_PLOTFINGERPRINT,1697338641000,1697338764000,8,568.0,,4294967296.0,,,0.7706633965382501,0.7706633965382501,0.0,805.1258,
2617,NFCORE_CHIPSEQ:CHIPSEQ:DEEPTOOLS_PLOTFINGERPRINT,1697338635000,1697338769000,8,557.4,,4294967296.0,,,0.8247931502582846,0.8247931502582846,0.0,805.1258,
3530,NFCORE_CHIPSEQ:CHIPSEQ:DEEPTOOLS_PLOTPROFILE,1697338747000,1697338779000,1,100.2,,5420089344.0,,,0.04755123295162501,0.04755123295162501,0.0,805.1258,
3533,NFCORE_CHIPSEQ:CHIPSEQ:DEEPTOOLS_PLOTPROFILE,1697338747000,1697338779000,1,100.0,,5420089344.0,,,0.04748458642706945,0.04748458642706945,0.0,805.1258,
3535,NFCORE_CHIPSEQ:CHIPSEQ:DEEPTOOLS_PLOTPROFILE,1697338752000,1697338784000,1,99.9,,5420089344.0,,,0.047451263164791674,0.047451263164791674,0.0,805.1258,
3536,NFCORE_CHIPSEQ:CHIPSEQ:DEEPTOOLS_PLOTPROFILE,1697338777000,1697338800000,1,100.1,,5420089344.0,,,0.04751790968934722,0.04751790968934722,0.0,805.1258,
3507,NFCORE_CHIPSEQ:CHIPSEQ:DEEPTOOLS_PLOTHEATMAP,1697338562000,1697338800000,1,99.9,,7430209536.0,,,0.4232725701725495,0.4232725701725495,0.0,805.1258,
3508,NFCORE_CHIPSEQ:CHIPSEQ:DEEPTOOLS_PLOTHEATMAP,1697338602000,1697338800000,1,100.0,,7430209536.0,,,0.3740997076278481,0.3740997076278481,0.0,805.1258,
3511,NFCORE_CHIPSEQ:CHIPSEQ:DEEPTOOLS_PLOTHEATMAP,1697338617000,1697338800000,1,100.0,,7430209536.0,,,0.40706003429109466,0.40706003429109466,0.0,805.1258,
3517,NFCORE_CHIPSEQ:CHIPSEQ:DEEPTOOLS_PLOTHEATMAP,1697338652000,1697338800000,1,100.1,,7430209536.0,,,0.37433609451963107,0.37433609451963107,0.0,805.1258,
3518,NFCORE_CHIPSEQ:CHIPSEQ:DEEPTOOLS_PLOTHEATMAP,1697338662000,1697338800000,1,100.3,,7430209536.0,,,0.3582974644131883,0.3582974644131883,0.0,805.1258,
3513,NFCORE_CHIPSEQ:CHIPSEQ:DEEPTOOLS_PLOTHEATMAP,1697338638000,1697338800000,1,100.0,,7430209536.0,,,0.41365209962374394,0.41365209962374394,0.0,805.1258,
3515,NFCORE_CHIPSEQ:CHIPSEQ:DEEPTOOLS_PLOTHEATMAP,1697338648000,1697338800000,1,100.0,,7430209536.0,,,0.4004679689584454,0.4004679689584454,0.0,805.1258,
3520,NFCORE_CHIPSEQ:CHIPSEQ:DEEPTOOLS_PLOTHEATMAP,1697338662000,1697338800000,1,100.1,,7430209536.0,,,0.39907195979625865,0.39907195979625865,0.0,805.1258,
3522,NFCORE_CHIPSEQ:CHIPSEQ:DEEPTOOLS_PLOTHEATMAP,1697338663000,1697338800000,1,100.2,,7430209536.0,,,0.4009740660042891,0.4009740660042891,0.0,805.1258,
3526,NFCORE_CHIPSEQ:CHIPSEQ:DEEPTOOLS_PLOTHEATMAP,1697338697000,1697338800000,1,100.0,,7430209536.0,,,0.3526754952967378,0.3526754952967378,0.0,805.1258,
3525,NFCORE_CHIPSEQ:CHIPSEQ:DEEPTOOLS_PLOTHEATMAP,1697338667000,1697338800000,1,100.2,,7430209536.0,,,0.4108746602266172,0.4108746602266172,0.0,805.1258,
3531,NFCORE_CHIPSEQ:CHIPSEQ:DEEPTOOLS_PLOTHEATMAP,1697338747000,1697338800000,1,100.1,,7430209536.0,,,0.32486436396637586,0.32486436396637586,0.0,805.1258,
3529,NFCORE_CHIPSEQ:CHIPSEQ:DEEPTOOLS_PLOTHEATMAP,1697338702000,1697338800000,1,100.2,,7430209536.0,,,0.4026241650413438,0.4026241650413438,0.0,805.1258,
3534,NFCORE_CHIPSEQ:CHIPSEQ:DEEPTOOLS_PLOTHEATMAP,1697338752000,1697338800000,1,100.0,,7430209536.0,,,0.3411393809646016,0.3411393809646016,0.0,805.1258,
3532,NFCORE_CHIPSEQ:CHIPSEQ:DEEPTOOLS_PLOTHEATMAP,1697338747000,1697338800000,1,100.1,,7430209536.0,,,0.36609080609408856,0.36609080609408856,0.0,805.1258,
3537,NFCORE_CHIPSEQ:CHIPSEQ:DEEPTOOLS_PLOTHEATMAP,1697338777000,1697338800000,1,100.1,,7430209536.0,,,0.3331096523919185,0.3331096523919185,0.0,805.1258,
