workflow,footprint,makespan,flexible-6h,flexible-12h,flexible-24h,flexible-48h,flexible-96h
chipseq-mar-1,5130.849983157729,13607.0,27.7%:3710.2353534349104:0.0|0.0%,31.1%:3534.5758040299725:0.0|0.0%,33.1%:3434.381151336518:0.0|0.0%,34.6%:3354.165351977719:1412.471|10.4%,37.7%:3194.303105142213:1412.471|10.4%
chipseq-mar-2,5010.951104566739,13099.0,27.1%:3652.759157916336:0.0|0.0%,30.6%:3475.312270824876:0.0|0.0%,32.6%:3377.5893384042533:0.0|0.0%,34.2%:3296.8230755522413:1373.14|10.5%,37.5%:3131.7135677636256:1373.14|10.5%
chipseq-mar-3,5094.581214897655,13266.0,27.2%:3710.9834534068627:0.0|0.0%,30.7%:3531.9056489973814:0.0|0.0%,32.6%:3432.399812849268:0.0|0.0%,34.2%:3350.370324049794:1410.372|10.6%,37.5%:3182.5529650567723:1410.372|10.6%
