workflow,footprint,makespan,flexible-6h,flexible-12h,flexible-24h,flexible-48h,flexible-96h
chipseq-jan-1,5237.521352848141,13607.0,0.1%:5233.527198315862:736.413|5.4%,-8.7%:5690.641597262305:777.413|5.7%,-8.7%:5690.569283942474:1008.884|7.4%,45.7%:2841.563781320805:496.942|3.7%,99.8%:11.121474658091643:2564.71|18.8%
chipseq-jan-2,4652.774093362495,13099.0,0.1%:4648.743576796635:295.28|2.3%,-9.4%:5088.189354146248:589.42|4.5%,-9.4%:5088.094290962948:714.42|5.5%,41.5%:2720.605979799794:577.28|4.4%,99.8%:10.906015791056609:2908.54|22.2%
chipseq-jan-3,4719.629505518291,13266.0,0.1%:4716.23324990779:726.116|5.5%,-8.9%:5138.6808668338135:732.116|5.5%,-8.9%:5138.612094477431:1015.488|7.7%,41.5%:2761.801280293317:552.744|4.2%,99.8%:11.059731377384908:2756.72|20.8%
