workflow,footprint,makespan,flexible-6h,flexible-12h,flexible-24h,flexible-48h,flexible-96h
chipseq-may-1,12499.228889223761,13607.0,0.1%:12485.134029660541:861.413|6.3%,0.2%:12476.333307776413:1127.884|8.3%,0.4%:12454.825543042632:1359.826|10.0%,0.4%:12454.738102611827:1336.355|9.8%,92.0%:993.7845795528532:294.471|2.2%
chipseq-may-2,12255.775212715835,13099.0,0.1%:12243.345755277911:851.42|6.5%,0.2%:12236.806397994877:1145.56|8.7%,0.4%:12207.533336963661:1136.84|8.7%,0.4%:12207.533336963661:1136.84|8.7%,95.2%:585.1330694616153:250.14|1.9%
chipseq-may-3,12428.352503154552,13266.0,0.1%:12418.1825452492:815.116|6.1%,0.2%:12408.547927789281:1164.488|8.8%,0.4%:12383.585611888417:1260.232|9.5%,0.4%:12383.72836183027:1395.232|10.5%,93.4%:814.4468407537801:274.372|2.1%
