workflow,footprint,makespan,flexible-6h,flexible-12h,flexible-24h,flexible-48h,flexible-96h
chipseq-jun-1,12385.311157371838,13607.0,1.2%:12236.744483410903:863.413|6.3%,2.1%:12122.308474580417:315.942|2.3%,2.9%:12023.64780535592:1332.355|9.8%,3.0%:12017.580491278775:1861.297|13.7%,3.0%:12017.580491278775:1861.297|13.7%
chipseq-jun-2,12148.57928999104,13099.0,1.2%:12007.839423955866:852.42|6.5%,2.1%:11888.295475328445:313.28|2.4%,3.0%:11784.615723054549:1549.84|11.8%,3.1%:11777.662178812947:2376.26|18.1%,3.1%:11777.662178812947:2376.26|18.1%
chipseq-jun-3,12319.895226574446,13266.0,1.2%:12178.163079091366:896.116|6.8%,2.1%:12056.207077641668:316.744|2.4%,3.0%:11951.28490711284:1609.232|12.1%,3.0%:11945.776312018526:2134.976|16.1%,3.0%:11945.776312018526:2134.976|16.1%
