workflow,footprint,makespan,flexible-6h,flexible-12h,flexible-24h,flexible-48h,flexible-96h
chipseq-dec-1,12314.166555480708,13607.0,0.4%:12260.566642687752:531.942|3.9%,0.7%:12222.53969262606:1154.355|8.5%,1.2%:12169.280456641227:1085.884|8.0%,1.2%:12169.280456641227:1085.884|8.0%,31.1%:8486.329558005604:2545.239|18.7%
chipseq-dec-2,12079.51088248502,13099.0,0.4%:12029.218839299889:677.42|5.2%,0.7%:11989.437253068998:1073.7|8.2%,1.3%:11922.505164310427:1080.7|8.3%,1.3%:11922.505164310427:1080.7|8.3%,37.6%:7534.115391167156:2215.12|16.9%
chipseq-dec-3,12248.105234246586,13266.0,0.4%:12199.187396555062:684.116|5.2%,0.7%:12158.119498406473:1148.86|8.7%,1.2%:12099.487127816828:1233.86|9.3%,1.2%:12099.487127816828:1118.86|8.4%,32.6%:8250.534206562717:2192.976|16.5%
