workflow,footprint,makespan,flexible-6h,flexible-12h,flexible-24h,flexible-48h,flexible-96h
chipseq-aug-1,12255.710351519767,13607.0,1.0%:12130.903796842307:877.413|6.4%,1.0%:12130.903796842307:877.413|6.4%,1.0%:12130.903796842307:877.413|6.4%,1.0%:12130.903796842307:877.413|6.4%,2.9%:11897.129960797678:4029.536|29.6%
chipseq-aug-2,12001.950294277574,13099.0,0.9%:11893.091013430516:1041.56|8.0%,1.0%:11876.522295556853:1148.56|8.8%,1.0%:11876.522295556853:1148.56|8.8%,1.0%:11876.522295556853:1148.56|8.8%,2.9%:11651.62706387715:3784.24|28.9%
chipseq-aug-3,12170.091708959511,13266.0,0.9%:12059.384432211487:1021.488|7.7%,1.0%:12053.116435158503:898.488|6.8%,1.0%:12053.116435158503:898.488|6.8%,1.0%:12053.116435158503:898.488|6.8%,2.9%:11814.464930966093:3658.58|27.6%
