workflow,footprint,makespan,flexible-6h,flexible-12h,flexible-24h,flexible-48h,flexible-96h
chipseq-jun-1,8168.958848144278,13607.0,5.8%:7692.050748479075:0.0|0.0%,18.2%:6682.332545737463:0.0|0.0%,27.5%:5922.265845926082:653.471|4.8%,41.7%:4765.809058260922:0.0|0.0%,41.7%:4765.809058260922:0.0|0.0%
chipseq-jun-2,8022.045363234411,13099.0,5.7%:7566.951547532604:0.0|0.0%,17.9%:6587.859030963132:0.0|0.0%,27.4%:5826.459952126179:792.14|6.0%,41.8%:4671.628911408785:0.0|0.0%,41.8%:4671.628911408785:0.0|0.0%
chipseq-jun-3,8156.100110391428,13266.0,5.7%:7689.406072737568:0.0|0.0%,17.9%:6695.6601748546145:0.0|0.0%,27.4%:5921.237410811888:673.372|5.1%,41.8%:4748.4101716251635:0.0|0.0%,41.8%:4748.4101716251635:0.0|0.0%
