workflow,footprint,makespan,flexible-6h,flexible-12h,flexible-24h,flexible-48h,flexible-96h
chipseq-jan-1,5237.521352848141,13607.0,16.3%:4381.965061000315:1017.884|7.5%,-8.7%:5690.641597262305:777.413|5.7%,-8.6%:5690.508010584598:1072.884|7.9%,65.1%:1827.114560373112:1123.884|8.3%,99.8%:11.121474658091643:3889.594|28.6%
chipseq-jan-2,4652.774093362495,13099.0,8.4%:4263.377341050558:470.28|3.6%,-9.4%:5088.189354146248:589.42|4.5%,-9.4%:5087.888735360369:1037.7|7.9%,65.0%:1627.024492456733:1136.56|8.7%,99.8%:10.906015791056609:2637.54|20.1%
chipseq-jan-3,4719.629505518291,13266.0,13.3%:4093.278795915779:716.116|5.4%,-8.9%:5138.6808668338135:732.116|5.5%,-8.9%:5138.667957412459:1190.86|9.0%,64.4%:1680.7505890896298:1144.488|8.6%,99.8%:11.059731377384908:2514.72|19.0%
