workflow,footprint,makespan,flexible-6h,flexible-12h,flexible-24h,flexible-48h,flexible-96h
chipseq-dec-1,6590.826216691805,13607.0,24.9%:4948.134830517076:0.0|0.0%,34.9%:4292.780626869213:0.0|0.0%,34.9%:4292.780626869213:0.0|0.0%,41.3%:3869.544947917421:0.0|0.0%,48.4%:3398.962752414772:0.0|0.0%
chipseq-dec-2,6462.485094053306,13099.0,24.1%:4902.79708805108:0.0|0.0%,34.8%:4215.670368592937:0.0|0.0%,34.8%:4215.670368592937:0.0|0.0%,41.2%:3802.1214799992094:0.0|0.0%,48.3%:3342.8793731417595:0.0|0.0%
chipseq-dec-3,6569.675216899765,13266.0,24.2%:4980.818615548053:0.0|0.0%,34.8%:4284.346229242475:0.0|0.0%,34.8%:4284.346229242475:0.0|0.0%,41.2%:3863.386085963458:0.0|0.0%,48.3%:3397.8095736886407:0.0|0.0%
