workflow,footprint,makespan,flexible-6h,flexible-12h,flexible-24h,flexible-48h,flexible-96h
chipseq-sep-1,8170.088611817857,13607.0,35.4%:5281.5076292973745:0.0|0.0%,35.4%:5281.5076292973745:0.0|0.0%,35.4%:5281.5076292973745:0.0|0.0%,35.3%:5283.8662338377235:1412.471|10.4%,35.3%:5283.8662338377235:1412.471|10.4%
chipseq-sep-2,8007.511605855233,13099.0,35.1%:5193.395178474201:0.0|0.0%,35.1%:5193.395178474201:0.0|0.0%,35.1%:5193.395178474201:0.0|0.0%,35.2%:5191.766440999416:1373.14|10.5%,35.2%:5191.766440999416:1373.14|10.5%
chipseq-sep-3,8141.399860985024,13266.0,35.2%:5277.811539978051:0.0|0.0%,35.2%:5277.811539978051:0.0|0.0%,35.2%:5277.811539978051:0.0|0.0%,35.2%:5275.582925921043:1410.372|10.6%,35.2%:5275.582925921043:1410.372|10.6%
