workflow,footprint,makespan,flexible-6h,flexible-12h,flexible-24h,flexible-48h,flexible-96h
chipseq-apr-1,6419.126207916085,13607.0,6.3%:6015.4300524464325:653.471|4.8%,6.9%:5978.772962988538:1412.471|10.4%,10.4%:5749.8363591251655:0.0|0.0%,13.8%:5532.298938596876:1412.471|10.4%,41.0%:3785.88276069556:0.0|0.0%
chipseq-apr-2,6273.093510052817,13099.0,5.6%:5921.2331977475915:792.14|6.0%,6.3%:5879.07318690258:1373.14|10.5%,9.7%:5667.572572002321:0.0|0.0%,13.3%:5440.745097452406:1373.14|10.5%,40.6%:3727.516256995497:0.0|0.0%
chipseq-apr-3,6378.800458835064,13266.0,5.6%:6018.843548720719:673.372|5.1%,6.3%:5974.182435703043:1410.372|10.6%,9.7%:5760.079619435397:0.0|0.0%,13.3%:5527.740012225667:1410.372|10.6%,40.6%:3787.91296796882:0.0|0.0%
