workflow,footprint,makespan,flexible-6h,flexible-12h,flexible-24h,flexible-48h,flexible-96h
mag-jul-1,10414.212602830388,45898.0,3.3%:10069.438168425357:1481.762|3.2%,3.3%:10069.438168425357:1481.762|3.2%,5.3%:9860.573494691846:5779.286|12.6%,5.3%:9860.573494691846:5779.286|12.6%,8.4%:9543.886228131429:10729.81|23.4%
mag-jul-2,10371.421435303273,44188.0,2.8%:10081.572499460019:1461.497|3.3%,2.8%:10081.572499460019:1461.497|3.3%,5.6%:9795.311571732922:4425.491|10.0%,5.6%:9795.311571732922:4425.491|10.0%,8.2%:9519.341201816058:7848.485|17.8%
mag-jul-3,10356.193768150511,46342.0,3.2%:10021.191385164033:1842.877|4.0%,3.2%:10021.191385164033:1842.877|4.0%,5.0%:9835.019771467527:2793.508|6.0%,5.0%:9835.019771467527:2793.508|6.0%,8.2%:9510.313423210133:6657.262|14.4%
