workflow,footprint,makespan,flexible-6h,flexible-12h,flexible-24h,flexible-48h,flexible-96h
mag-aug-1,10022.600588002935,45898.0,4.6%:9559.125110415434:2724.762|5.9%,4.6%:9559.125110415434:2724.762|5.9%,8.6%:9159.500383882767:7457.286|16.2%,18.7%:8148.5745150602315:8028.286|17.5%,20.6%:7953.495839696017:4810.286|10.5%
mag-aug-2,9911.440215872599,44188.0,3.4%:9569.93243332869:4459.994|10.1%,3.4%:9569.93243332869:4459.994|10.1%,8.3%:9086.359144974209:8364.491|18.9%,18.2%:8110.908869915379:5273.491|11.9%,20.4%:7888.468583422596:2949.491|6.7%
mag-aug-3,9956.160896306561,46342.0,4.3%:9528.332926267984:3193.877|6.9%,4.3%:9528.332926267984:3193.877|6.9%,8.2%:9135.002427899566:7038.631|15.2%,18.4%:8128.979866602208:4180.631|9.0%,20.5%:7912.904628596027:2351.631|5.1%
