workflow,footprint,makespan,flexible-6h,flexible-12h,flexible-24h,flexible-48h,flexible-96h
mag-jan-1,7412.467077994037,45898.0,8.4%:6790.479287106418:787.524|1.7%,14.1%:6368.363195291039:2975.524|6.5%,25.7%:5507.057395498311:2769.524|6.0%,26.4%:5454.716820395863:2769.524|6.0%,26.4%:5457.243612289416:3070.286|6.7%
mag-jan-2,7403.587317331027,44188.0,8.8%:6755.738033180492:1467.994|3.3%,15.7%:6241.369505859838:3859.994|8.7%,24.6%:5582.7019140520315:3729.994|8.4%,25.2%:5539.401463913174:4034.491|9.1%,25.6%:5509.650624673403:4701.491|10.6%
mag-jan-3,7376.956398872216,46342.0,8.2%:6769.758051372685:215.877|0.5%,14.0%:6344.506492247272:3408.754|7.4%,24.1%:5599.633791897709:3177.754|6.9%,24.9%:5537.084301189987:3507.631|7.6%,25.4%:5500.829052604939:3645.631|7.9%
