workflow,footprint,makespan,flexible-6h,flexible-12h,flexible-24h,flexible-48h,flexible-96h
mag-sep-1,17737.115423059342,45898.0,0.0%:17732.37734193014:1440.572|3.1%,0.6%:17632.10143977152:1687.334|3.7%,1.3%:17500.896738560798:2445.62|5.3%,3.0%:17208.63422506838:3320.668|7.2%,4.9%:16862.87375358559:1152.81|2.5%
mag-sep-2,17637.544043558002,44188.0,-0.1%:17648.71625007274:1439.982|3.3%,0.4%:17575.03104036607:1787.479|4.0%,0.9%:17470.94837605087:2466.467|5.6%,2.5%:17188.27703911815:2913.958|6.6%,4.6%:16833.97029773562:1274.976|2.9%
mag-sep-3,17675.64317612792,46342.0,0.1%:17652.96901966483:1208.385|2.6%,0.6%:17577.503377265282:1730.139|3.7%,1.2%:17459.992567931953:2541.77|5.5%,3.0%:17150.949873570094:2658.524|5.7%,4.8%:16818.995849929495:878.508|1.9%
