workflow,footprint,makespan,flexible-6h,flexible-12h,flexible-24h,flexible-48h,flexible-96h
mag-sep-1,9469.203527653133,45898.0,6.2%:8879.661492483561:1481.762|3.2%,7.3%:8774.244595579374:300.762|0.7%,17.1%:7845.542789110644:0.0|0.0%,17.1%:7845.542789110644:0.0|0.0%,23.1%:7279.137375152572:3574.762|7.8%
mag-sep-2,9321.152692314234,44188.0,7.2%:8652.240032792082:1461.497|3.3%,6.9%:8675.4350541096:284.497|0.6%,14.6%:7955.807265073539:2628.497|5.9%,14.6%:7955.807265073539:2628.497|5.9%,21.6%:7306.395036777219:4628.994|10.5%
mag-sep-3,9391.364253635957,46342.0,5.2%:8899.441346423526:1842.877|4.0%,6.5%:8781.999271743442:215.877|0.5%,14.6%:8018.287808791176:2158.877|4.7%,14.6%:8018.287808791176:2158.877|4.7%,22.5%:7277.192144734167:2961.877|6.4%
