workflow,footprint,makespan,flexible-6h,flexible-12h,flexible-24h,flexible-48h,flexible-96h
mag-feb-1,7918.160009741618,45898.0,2.7%:7702.9501804585325:2959.762|6.4%,2.7%:7702.9501804585325:2959.762|6.4%,17.1%:6567.735197733174:3882.524|8.5%,30.7%:5484.689294315019:2400.762|5.2%,30.7%:5483.829940181577:3093.524|6.7%
mag-feb-2,7863.261593789904,44188.0,2.9%:7632.520846715366:0.0|0.0%,2.9%:7632.520846715366:0.0|0.0%,16.8%:6540.712536999266:3457.497|7.8%,30.2%:5487.972580281996:6902.994|15.6%,31.1%:5417.412999375537:3580.994|8.1%
mag-feb-3,7860.382783283199,46342.0,2.4%:7669.969305803812:178.877|0.4%,2.4%:7669.969305803812:178.877|0.4%,16.7%:6550.698864355339:2233.877|4.8%,30.1%:5491.538677168598:5195.754|11.2%,30.1%:5494.1543952272295:3523.754|7.6%
