workflow,footprint,makespan,flexible-6h,flexible-12h,flexible-24h,flexible-48h,flexible-96h
mag-dec-1,13452.349927498277,45898.0,-0.1%:13470.265847004966:0.0|0.0%,0.8%:13341.14310250543:432.524|0.9%,-6.2%:14292.793119826756:386.524|0.8%,-14.6%:15415.780711483443:692.286|1.5%,-13.7%:15299.179496188714:1847.096|4.0%
mag-dec-2,13567.393721138576,44188.0,1.0%:13429.284827749643:281.497|0.6%,0.9%:13449.306682611674:467.994|1.1%,-2.8%:13947.715616914604:463.994|1.1%,-9.9%:14907.87391475462:1356.982|3.1%,-9.2%:14818.357009811529:2393.97|5.4%
mag-dec-3,13404.383280919696,46342.0,-0.2%:13433.501858285135:37.877|0.1%,-0.5%:13467.599681565569:635.631|1.4%,-7.7%:14437.160057140687:656.631|1.4%,-19.5%:16013.591012804749:1003.262|2.2%,-12.7%:15107.549816766956:1413.262|3.0%
