workflow,footprint,makespan,flexible-6h,flexible-12h,flexible-24h,flexible-48h,flexible-96h
mag-mar-1,17788.701641414937,45898.0,2.6%:17324.081364351154:278.762|0.6%,7.0%:16549.181524378684:997.048|2.2%,9.2%:16145.23925949373:740.286|1.6%,10.1%:15997.981440326792:1303.572|2.8%,47.4%:9364.428383941746:1421.096|3.1%
mag-mar-2,17730.230409757627,44188.0,2.4%:17307.37341446883:294.497|0.7%,6.8%:16530.181598031453:884.988|2.0%,7.9%:16333.776575225907:708.491|1.6%,8.8%:16175.825692143424:1030.988|2.3%,41.5%:10367.464772313828:837.485|1.9%
mag-mar-3,17721.3458075905,46342.0,3.2%:17158.054483857388:191.877|0.4%,7.9%:16328.288000532195:960.508|2.1%,9.1%:16108.788261974854:745.631|1.6%,9.9%:15962.913001013:1181.385|2.5%,47.8%:9256.91998926884:1417.385|3.1%
