workflow,footprint,makespan,flexible-6h,flexible-12h,flexible-24h,flexible-48h,flexible-96h
mag-apr-1,10091.16939034378,45898.0,9.1%:9177.708705495945:2724.762|5.9%,15.4%:8537.572799242082:5056.524|11.0%,18.6%:8211.514607046951:7793.286|17.0%,33.9%:6672.203014799277:6534.524|14.2%,50.0%:5047.316413470375:3574.762|7.8%
mag-apr-2,10058.769436148214,44188.0,9.4%:9114.957372497658:4459.994|10.1%,14.9%:8558.279401152233:6090.491|13.8%,18.9%:8155.701625864897:7382.988|16.7%,33.3%:6713.963635188736:3461.994|7.8%,50.1%:5019.772761292532:3445.497|7.8%
mag-apr-3,10014.285822715767,46342.0,8.8%:9128.818436090312:3193.877|6.9%,15.2%:8491.56264299472:4804.754|10.4%,18.2%:8193.93149360819:7222.508|15.6%,33.8%:6632.990456731534:3167.631|6.8%,49.8%:5024.30883242295:2961.877|6.4%
