workflow,footprint,makespan,flexible-6h,flexible-12h,flexible-24h,flexible-48h,flexible-96h
mag-aug-1,16641.103364721468,45898.0,-0.1%:16649.566143328495:206.762|0.5%,0.2%:16609.12659214584:397.524|0.9%,3.5%:16062.56570787869:290.762|0.6%,6.9%:15489.874997151981:1208.81|2.6%,7.5%:15388.388242392779:2016.62|4.4%
mag-aug-2,16696.223367999064,44188.0,0.3%:16637.994396328177:204.497|0.5%,0.3%:16645.58078531695:350.994|0.8%,1.5%:16442.930256986667:223.994|0.5%,7.5%:15435.778698960105:1151.982|2.6%,8.0%:15356.064266354208:2232.97|5.1%
mag-aug-3,16571.80885705545,46342.0,-0.0%:16577.342740078566:276.877|0.6%,0.2%:16537.05687117769:276.877|0.6%,4.2%:15874.197473750723:139.877|0.3%,6.9%:15435.94949266944:918.385|2.0%,7.5%:15330.75880528634:1902.016|4.1%
