workflow,footprint,makespan,flexible-6h,flexible-12h,flexible-24h,flexible-48h,flexible-96h
mag-feb-1,13858.329513193481,45898.0,4.9%:13181.15958120085:839.286|1.8%,5.7%:13065.486545030977:944.81|2.1%,6.2%:12998.016578918523:1084.81|2.4%,4.3%:13267.883636698773:1797.334|3.9%,39.9%:8324.891878092114:2680.144|5.8%
mag-feb-2,14865.507433606237,44188.0,7.6%:13729.14331051706:309.994|0.7%,12.0%:13088.971641750983:1104.988|2.5%,12.7%:12982.673804012133:1961.473|4.4%,12.2%:13057.761265664443:1795.473|4.1%,46.1%:8013.781491060654:2958.461|6.7%
mag-feb-3,13584.905319968946,46342.0,3.7%:13085.088438280196:610.631|1.3%,4.3%:12999.862475413769:773.508|1.7%,5.2%:12874.426997178636:964.262|2.1%,0.1%:13576.956122364707:1580.016|3.4%,40.5%:8089.613660166771:2519.647|5.4%
