workflow,footprint,makespan,flexible-6h,flexible-12h,flexible-24h,flexible-48h,flexible-96h
mag-nov-1,17273.058299628483,45898.0,0.3%:17214.76105065567:978.048|2.1%,0.5%:17187.869336446944:1537.334|3.3%,0.9%:17115.850141033523:798.286|1.7%,1.6%:16988.432577111114:1443.572|3.1%,1.6%:16988.729101806122:1735.096|3.8%
mag-nov-2,17240.729218024426,44188.0,0.1%:17224.80563672316:690.988|1.6%,0.4%:17176.753109308724:2069.976|4.7%,0.9%:17084.948459689585:1290.485|2.9%,1.7%:16955.834360789755:1397.982|3.2%,1.7%:16941.636501726887:1828.473|4.1%
mag-nov-3,17226.83147474459,46342.0,0.3%:17181.084451472194:1100.508|2.4%,0.6%:17124.131729908982:819.385|1.8%,0.9%:17064.766247538624:621.508|1.3%,1.7%:16934.838277938798:1052.139|2.3%,1.7%:16927.37385566558:1394.893|3.0%
