workflow,footprint,makespan,flexible-6h,flexible-12h,flexible-24h,flexible-48h,flexible-96h
montage-nov-1,610.2931663870532,2003.0,0.2%:609.0016405808252:158.0|7.9%,0.6%:606.7858136277424:47.0|2.3%,0.9%:604.8591484278245:245.0|12.2%,2.6%:594.3657167529321:203.0|10.1%,99.9%:0.5095696279931134:103.0|5.1%
montage-nov-2,612.122946192865,1814.0,0.3%:610.2728759044235:202.0|11.1%,0.8%:607.0389866431228:0.0|0.0%,1.0%:606.0698074799117:497.0|27.4%,2.7%:595.5534326452099:80.0|4.4%,99.9%:0.5105895597977349:202.0|11.1%
montage-nov-3,526.0332906524084,1884.0,0.3%:524.5234352843016:92.0|4.9%,0.8%:521.8625319865022:0.0|0.0%,1.0%:520.9059375152087:385.0|20.4%,2.7%:511.89313820936843:55.0|2.9%,99.9%:0.4388424073422156:92.0|4.9%
