workflow,footprint,makespan,flexible-6h,flexible-12h,flexible-24h,flexible-48h,flexible-96h
montage-aug-1,624.651882058901,2003.0,0.8%:619.4427122661515:19.0|0.9%,2.2%:610.7720782825392:111.0|5.5%,3.7%:601.4135802635446:47.0|2.3%,9.4%:566.0548949884018:245.0|12.2%,10.6%:558.3615212687837:292.0|14.6%
montage-aug-2,624.6717557603076,1814.0,0.6%:621.2094627617533:58.0|3.2%,1.9%:612.4922200431845:202.0|11.1%,3.6%:601.8828443199853:0.0|0.0%,9.2%:567.2210154908956:375.0|20.7%,10.2%:560.8956314269079:301.0|16.6%
montage-aug-3,536.939001098045,1884.0,0.6%:533.8462544199665:64.0|3.4%,2.0%:526.4022052002397:92.0|4.9%,3.6%:517.3794671659862:0.0|0.0%,9.2%:487.50827432136026:348.0|18.5%,10.2%:482.04865705127145:188.0|10.0%
