workflow,footprint,makespan,flexible-6h,flexible-12h,flexible-24h,flexible-48h,flexible-96h
montage-jan-1,143.21083403370645,2003.0,0.0%:143.21083403370645:0.0|0.0%,0.0%:143.21083403370645:0.0|0.0%,0.0%:143.21083403370645:0.0|0.0%,0.0%:143.21083403370645:0.0|0.0%,0.0%:143.21083403370645:0.0|0.0%
montage-jan-2,165.5357869194064,1814.0,0.0%:165.5357869194064:0.0|0.0%,0.0%:165.5357869194064:0.0|0.0%,0.0%:165.5357869194064:0.0|0.0%,0.0%:165.5357869194064:0.0|0.0%,0.0%:165.5357869194064:0.0|0.0%
montage-jan-3,146.6561392407494,1884.0,0.0%:146.6561392407494:0.0|0.0%,0.0%:146.6561392407494:0.0|0.0%,0.0%:146.6561392407494:0.0|0.0%,0.0%:146.6561392407494:0.0|0.0%,0.0%:146.6561392407494:0.0|0.0%
