workflow,footprint,makespan,flexible-6h,flexible-12h,flexible-24h,flexible-48h,flexible-96h
montage-dec-1,589.8052595070009,2003.0,1.9%:578.8669002324684:122.0|6.1%,2.1%:577.5667476669305:169.0|8.4%,3.6%:568.4289019771904:203.0|10.1%,5.2%:559.0832265265518:130.0|6.5%,5.3%:558.277271775755:459.0|22.9%
montage-dec-2,584.0431248450261,1814.0,0.9%:578.8284085941488:474.0|26.1%,1.1%:577.5510873137334:157.0|8.7%,2.7%:568.4478565173655:80.0|4.4%,3.8%:561.6468129684513:80.0|4.4%,4.2%:559.6192761595448:260.0|14.3%
montage-dec-3,502.93461585408073,1884.0,1.1%:497.4125755835213:444.0|23.6%,1.3%:496.2760041868232:160.0|8.5%,2.9%:488.4566663617866:55.0|2.9%,4.0%:482.81043699651:55.0|2.9%,4.4%:481.0555560230605:156.0|8.3%
