workflow,footprint,makespan,flexible-6h,flexible-12h,flexible-24h,flexible-48h,flexible-96h
montage-apr-1,263.93123177223265,2003.0,2.7%:256.7667217054935:0.0|0.0%,6.1%:247.89107362134575:0.0|0.0%,6.1%:247.89107362134575:0.0|0.0%,38.0%:163.61083595710156:0.0|0.0%,44.5%:146.58136848666413:0.0|0.0%
montage-apr-2,247.0310642137754,1814.0,2.9%:239.9599112349638:0.0|0.0%,8.8%:225.35831523270843:0.0|0.0%,8.8%:225.35831523270843:0.0|0.0%,38.3%:152.52256898816975:0.0|0.0%,44.7%:136.52396576682602:0.0|0.0%
montage-apr-3,218.85673680800153,1884.0,2.9%:212.5920612647118:0.0|0.0%,8.8%:199.6558029709901:0.0|0.0%,8.8%:199.6558029709901:0.0|0.0%,38.3%:135.12710170506043:0.0|0.0%,44.7%:120.9531673229487:0.0|0.0%
