workflow,footprint,makespan,flexible-6h,flexible-12h,flexible-24h,flexible-48h,flexible-96h
montage-jan-1,143.21083403370645,2003.0,1.1%:141.59660786974268:0.0|0.0%,14.5%:122.40801172580449:0.0|0.0%,16.0%:120.23087592517639:0.0|0.0%,16.0%:120.23087592517639:0.0|0.0%,16.0%:120.23087592517639:0.0|0.0%
montage-jan-2,165.5357869194064,1814.0,1.1%:163.66992111308923:0.0|0.0%,14.5%:141.49003937440818:0.0|0.0%,16.0%:138.97351267152933:0.0|0.0%,16.0%:138.97351267152933:0.0|0.0%,16.0%:138.97351267152933:0.0|0.0%
montage-jan-3,146.6561392407494,1884.0,1.1%:145.0030787117352:0.0|0.0%,14.5%:125.35285150017124:0.0|0.0%,16.0%:123.12333909437251:0.0|0.0%,16.0%:123.12333909437251:0.0|0.0%,16.0%:123.12333909437251:0.0|0.0%
