workflow,footprint,makespan,flexible-6h,flexible-12h,flexible-24h,flexible-48h,flexible-96h
montage-aug-1,624.651882058901,2003.0,0.0%:624.651882058901:0.0|0.0%,0.5%:621.7466152301363:111.0|5.5%,2.5%:608.82547501829:0.0|0.0%,9.4%:566.0548949884018:245.0|12.2%,9.4%:566.0548949884018:245.0|12.2%
montage-aug-2,624.6717557603076,1814.0,0.0%:624.6717557603076:0.0|0.0%,0.5%:621.5403621725279:202.0|11.1%,3.1%:605.5172661820277:0.0|0.0%,9.2%:567.1461366996091:394.0|21.7%,9.2%:567.1461366996091:394.0|21.7%
montage-aug-3,536.939001098045,1884.0,0.0%:536.939001098045:0.0|0.0%,0.5%:534.4411516920715:92.0|4.9%,3.0%:520.9666964333363:0.0|0.0%,9.2%:487.44694048857303:389.0|20.6%,9.2%:487.44694048857303:389.0|20.6%
