workflow,footprint,makespan,flexible-6h,flexible-12h,flexible-24h,flexible-48h,flexible-96h
nanoseq-nov-1,179.20731669509135,19616.143,0.5%:178.33820066572534:4.326|0.0%,0.5%:178.33820066572534:4.326|0.0%,0.5%:178.27443261557002:4.326|0.0%,0.6%:178.19346950703465:356.427|1.8%,1.0%:177.46068886105382:370.198|1.9%
nanoseq-nov-2,182.72531547716656,20705.598,0.8%:181.30250950354548:0.0|0.0%,0.8%:181.20204190024592:65.142|0.3%,0.9%:181.08129600568162:132.612|0.6%,1.0%:180.81577556700879:302.641|1.5%,1.4%:180.19260330252365:720.271|3.5%
nanoseq-nov-3,179.48716706690303,19775.509,0.6%:178.34834613636664:32.496|0.2%,0.6%:178.34834613636664:32.496|0.2%,0.6%:178.34834613636664:32.496|0.2%,0.7%:178.25853562517716:208.506|1.1%,1.1%:177.52090343773204:483.709|2.4%
