workflow,footprint,makespan,flexible-6h,flexible-12h,flexible-24h,flexible-48h,flexible-96h
nanoseq-may-1,147.9798301746934,19616.143,35.9%:94.81923323691068:0.0|0.0%,37.6%:92.35718544092093:1042.139|5.3%,37.6%:92.35718544092093:1042.139|5.3%,48.4%:76.39992993608388:686.13|3.5%,57.0%:63.68479509320258:0.0|0.0%
nanoseq-may-2,148.86736359042428,20705.598,35.7%:95.77402368384051:0.0|0.0%,37.0%:93.75588006915073:241.557|1.2%,37.0%:93.75588006915073:241.557|1.2%,48.3%:76.94646331277033:105.161|0.5%,56.6%:64.57693717398868:0.0|0.0%
nanoseq-may-3,147.88650895032455,19775.509,35.8%:94.91901048339855:0.0|0.0%,37.5%:92.43925238393574:965.522|4.9%,37.5%:92.43925238393574:965.522|4.9%,48.4%:76.37915145165644:507.757|2.6%,56.9%:63.75807022125174:0.0|0.0%
