workflow,footprint,makespan,flexible-6h,flexible-12h,flexible-24h,flexible-48h,flexible-96h
nanoseq-feb-1,94.22622047724921,19616.143,18.7%:76.57578245703348:1042.139|5.3%,24.4%:71.25520615303918:1728.269|8.8%,31.9%:64.15757077428542:0.0|0.0%,34.2%:61.98987408055993:1042.139|5.3%,43.1%:53.584986742829884:0.0|0.0%
nanoseq-feb-2,95.95773653689015,20705.598,19.0%:77.68425260585785:241.557|1.2%,23.9%:72.9913179163065:346.718|1.7%,32.0%:65.20553395996329:0.0|0.0%,34.4%:62.96998006565575:241.557|1.2%,43.3%:54.428817386807644:0.0|0.0%
nanoseq-feb-3,94.3523712855941,19775.509,18.8%:76.62020250737766:965.522|4.9%,24.4%:71.36653805565318:1473.279|7.5%,31.9%:64.2673567627639:0.0|0.0%,34.2%:62.052198960728305:965.522|4.9%,43.1%:53.639742454636:0.0|0.0%
