workflow,footprint,makespan,flexible-6h,flexible-12h,flexible-24h,flexible-48h,flexible-96h
nanoseq-dec-1,175.97793150212885,19616.143,0.1%:175.75332470462786:0.0|0.0%,0.1%:175.75332470462786:0.0|0.0%,0.1%:175.75332470462786:0.0|0.0%,0.6%:174.89393161157906:0.0|0.0%,31.7%:120.23709966699393:323.045|1.6%
nanoseq-dec-2,178.76296236002665,20705.598,0.2%:178.47135889397666:0.0|0.0%,0.2%:178.47135889397666:0.0|0.0%,0.2%:178.47135889397666:0.0|0.0%,3.8%:172.04540347086544:8.504|0.0%,30.8%:123.77866534399709:796.748|3.8%
nanoseq-dec-3,176.16821806278423,19775.509,0.2%:175.8879014165915:0.0|0.0%,0.2%:175.8879014165915:0.0|0.0%,0.2%:175.8879014165915:0.0|0.0%,1.2%:174.02445881323712:0.0|0.0%,32.7%:118.4972611104558:709.893|3.6%
