workflow,footprint,makespan,flexible-6h,flexible-12h,flexible-24h,flexible-48h,flexible-96h
nanoseq-jun-1,176.1891945508498,19616.143,0.7%:174.95971380962925:5.161|0.0%,1.1%:174.24854268597193:0.0|0.0%,1.7%:173.26286858587108:304.613|1.6%,1.7%:173.21140158887383:326.818|1.7%,1.7%:173.15918089722985:610.445|3.1%
nanoseq-jun-2,178.91233768806958,20705.598,0.7%:177.73490712067797:241.557|1.2%,1.3%:176.62926701090558:250.061|1.2%,1.7%:175.89779833924845:515.602|2.5%,1.8%:175.7577390919242:400.146|1.9%,1.7%:175.79694513744738:160.458|0.8%
nanoseq-jun-3,176.2625721846828,19775.509,0.7%:174.96810036335322:138.581|0.7%,1.1%:174.31613146542935:0.0|0.0%,1.6%:173.39528462031407:144.404|0.7%,1.6%:173.35507872443227:667.38|3.4%,1.7%:173.29466073068875:585.877|3.0%
