workflow,footprint,makespan,flexible-6h,flexible-12h,flexible-24h,flexible-48h,flexible-96h
nanoseq-apr-1,185.11633125542156,19616.143,0.7%:183.80840863918502:0.0|0.0%,0.8%:183.54857492669615:281.468|1.4%,1.0%:183.2774381238695:286.629|1.5%,1.2%:182.94118622440868:4.326|0.0%,3.6%:178.5209115102599:287.502|1.5%
nanoseq-apr-2,187.91344786175145,20705.598,0.7%:186.63952030349614:241.557|1.2%,0.8%:186.3436705629423:14.946|0.1%,1.0%:186.01053048068616:75.974|0.4%,1.2%:185.57951768495866:220.997|1.1%,3.6%:181.10247114184884:219.104|1.1%
nanoseq-apr-3,185.27059540897346,19775.509,0.7%:183.88425369173822:227.773|1.2%,0.9%:183.6186254486152:373.912|1.9%,1.0%:183.36870403531913:378.911|1.9%,1.2%:183.0228579015682:271.638|1.4%,3.6%:178.64229793010747:185.77|0.9%
