workflow,footprint,makespan,flexible-6h,flexible-12h,flexible-24h,flexible-48h,flexible-96h
nanoseq-may-1,179.16246094663114,19616.143,0.1%:179.05794776516623:40.22|0.2%,0.1%:179.0646810166237:33.935|0.2%,0.1%:179.05458038152685:33.935|0.2%,26.2%:132.17320215544117:162.878|0.8%,82.3%:31.798022454105357:445.759|2.3%
nanoseq-may-2,181.8293395517976,20705.598,0.1%:181.7369040586618:22.278|0.1%,0.1%:181.72823708174207:22.278|0.1%,0.1%:181.7124440707965:22.278|0.1%,32.5%:122.75337289296009:148.56|0.7%,86.8%:24.00355341757465:162.329|0.8%
nanoseq-may-3,179.31627663556463,19775.509,0.1%:179.19671922569285:320.592|1.6%,0.1%:179.199016929458:40.847|0.2%,0.1%:179.199016929458:40.847|0.2%,27.3%:130.36685549084876:65.522|0.3%,82.6%:31.131596378928105:301.874|1.5%
