workflow,footprint,makespan,flexible-6h,flexible-12h,flexible-24h,flexible-48h,flexible-96h
nanoseq-jul-1,183.90684046723243,19616.143,1.3%:181.52903892226163:20.739|0.1%,1.7%:180.77925335736037:0.0|0.0%,2.0%:180.2167081248004:0.0|0.0%,2.3%:179.65173300323752:48.008|0.2%,2.4%:179.4147645644163:0.0|0.0%
nanoseq-jul-2,186.49387325261515,20705.598,1.4%:183.90053317836336:241.557|1.2%,1.7%:183.2760757234101:0.0|0.0%,1.9%:183.00704038499157:148.56|0.7%,2.3%:182.21594155504803:438.708|2.1%,2.4%:182.10559026090203:775.34|3.7%
nanoseq-jul-3,183.95676056952996,19775.509,1.3%:181.49530716965947:0.0|0.0%,1.7%:180.82477796956573:0.0|0.0%,2.0%:180.27931576140512:0.0|0.0%,2.3%:179.77122291000813:38.849|0.2%,2.4%:179.5368405860917:144.923|0.7%
