workflow,footprint,makespan,flexible-6h,flexible-12h,flexible-24h,flexible-48h,flexible-96h
nanoseq-aug-1,107.13772681748333,19616.143,11.6%:94.75338052614049:905.161|4.6%,11.6%:94.6994949347771:1158.728|5.9%,11.6%:94.6994949347771:1158.728|5.9%,17.7%:88.15326372609425:1295.706|6.6%,25.6%:79.75731131850951:686.13|3.5%
nanoseq-aug-2,109.28813308656011,20705.598,11.6%:96.5762254212804:171.785|0.8%,11.7%:96.4860868973817:1012.917|4.9%,11.7%:96.4860868973817:1012.917|4.9%,18.4%:89.17544613297041:1082.689|5.2%,26.1%:80.719450207757:105.161|0.5%
nanoseq-aug-3,107.28794494011257,19775.509,11.6%:94.83581641508185:973.059|4.9%,11.7%:94.77668419422584:3589.343|18.2%,11.7%:94.77668419422584:3589.343|18.2%,17.8%:88.17025471359715:3581.806|18.1%,25.6%:79.81891118256823:507.757|2.6%
