workflow,footprint,makespan,flexible-6h,flexible-12h,flexible-24h,flexible-48h,flexible-96h
nanoseq-apr-1,106.20761681300483,19616.143,10.2%:95.38479861974935:1042.139|5.3%,14.2%:91.11260098876787:1591.291|8.1%,17.0%:88.17517226174725:1947.3|9.9%,21.1%:83.82541286417043:939.697|4.8%,45.8%:57.52588137159637:253.567|1.3%
nanoseq-apr-2,109.34891107524717,20705.598,11.4%:96.8333426014576:241.557|1.2%,15.2%:92.69537709218244:276.946|1.3%,18.3%:89.28962795008411:413.342|2.0%,22.3%:84.94170333118478:946.293|4.6%,46.5%:58.480092634233735:841.132|4.1%
nanoseq-apr-3,106.51362210254673,19775.509,10.4%:95.40013063665212:965.522|4.9%,14.4%:91.21423609682101:1480.816|7.5%,17.2%:88.21033683452725:1938.581|9.8%,21.3%:83.86372763629053:3124.041|15.8%,45.9%:57.588195927862145:2616.284|13.2%
