workflow,footprint,makespan,flexible-6h,flexible-12h,flexible-24h,flexible-48h,flexible-96h
nanoseq-oct-1,113.4246227774322,19616.143,18.0%:93.01493216335085:0.0|0.0%,18.0%:93.01493216335085:0.0|0.0%,23.1%:87.167230712192:1042.139|5.3%,30.5%:78.85594185770668:905.161|4.6%,55.7%:50.25886458676309:0.0|0.0%
nanoseq-oct-2,114.68641784302098,20705.598,17.9%:94.1869624592401:0.0|0.0%,17.9%:94.1869624592401:0.0|0.0%,22.6%:88.80086141232728:241.557|1.2%,30.3%:79.97405388665643:171.785|0.8%,55.6%:50.929117962009606:0.0|0.0%
nanoseq-oct-3,113.47246802484318,19775.509,17.9%:93.18434209957168:0.0|0.0%,17.9%:93.18434209957168:0.0|0.0%,23.1%:87.22913334112033:965.522|4.9%,30.5%:78.91820930853495:973.059|4.9%,55.7%:50.30089677669201:0.0|0.0%
