workflow,footprint,makespan,flexible-6h,flexible-12h,flexible-24h,flexible-48h,flexible-96h
nanoseq-feb-1,187.62765338244887,19616.143,0.4%:186.9564871836104:33.935|0.2%,0.4%:186.93226341883263:88.228|0.4%,0.4%:186.8540811151926:327.722|1.7%,0.4%:186.8179016016809:261.053|1.3%,39.3%:113.80152112062333:86.13|0.4%
nanoseq-feb-2,190.6877478305199,20705.598,0.5%:189.7809987644739:17.266|0.1%,0.5%:189.7450928089263:142.987|0.7%,0.5%:189.6736480101274:0.0|0.0%,0.5%:189.6568532037773:0.0|0.0%,38.1%:118.03866454408727:395.309|1.9%
nanoseq-feb-3,187.82641579322592,19775.509,0.4%:187.0725260147317:191.742|1.0%,0.4%:187.05531874192542:334.667|1.7%,0.5%:186.97174177026815:433.493|2.2%,0.5%:186.94484347460988:25.467|0.1%,40.4%:111.94673032726594:81.503|0.4%
