workflow,footprint,makespan,flexible-6h,flexible-12h,flexible-24h,flexible-48h,flexible-96h
nanoseq-feb-1,94.22622047724921,19616.143,18.4%:76.86825655160258:0.0|0.0%,18.9%:76.43374904391267:905.161|4.6%,18.9%:76.43374904391267:905.161|4.6%,32.2%:63.89784511495813:0.0|0.0%,43.1%:53.584986742829884:0.0|0.0%
nanoseq-feb-2,95.95773653689015,20705.598,18.9%:77.85523944804734:0.0|0.0%,19.2%:77.5680637404912:171.785|0.8%,19.2%:77.5680637404912:171.785|0.8%,32.4%:64.91510639261801:0.0|0.0%,43.3%:54.428817386807644:0.0|0.0%
nanoseq-feb-3,94.3523712855941,19775.509,18.5%:76.89783071972154:0.0|0.0%,18.9%:76.49676313578766:973.059|4.9%,18.9%:76.49676313578766:973.059|4.9%,32.2%:63.96536780497169:0.0|0.0%,43.1%:53.639742454636:0.0|0.0%
