workflow,footprint,makespan,flexible-6h,flexible-12h,flexible-24h,flexible-48h,flexible-96h
nanoseq-jun-1,127.2643455707095,19616.143,8.0%:117.1413272192985:0.0|0.0%,8.0%:117.1413272192985:0.0|0.0%,8.0%:117.1413272192985:0.0|0.0%,8.7%:116.24827222243694:1728.269|8.8%,26.8%:93.12076411500723:1158.728|5.9%
nanoseq-jun-2,129.49573967721832,20705.598,8.0%:119.08938855449848:0.0|0.0%,8.0%:119.08938855449848:0.0|0.0%,8.0%:119.08938855449848:0.0|0.0%,8.9%:118.03423066703586:346.718|1.7%,27.3%:94.20478081067209:1012.917|4.9%
nanoseq-jun-3,127.41953567990834,19775.509,8.0%:117.26668742187184:0.0|0.0%,8.0%:117.26668742187184:0.0|0.0%,8.0%:117.26668742187184:0.0|0.0%,8.7%:116.35125597441517:1473.279|7.5%,26.9%:93.1868473854581:3589.343|18.2%
