workflow,footprint,makespan,flexible-6h,flexible-12h,flexible-24h,flexible-48h,flexible-96h
nanoseq-sep-1,184.23441291968763,19616.143,0.7%:182.87572488209287:318.986|1.6%,1.3%:181.91172551608932:354.529|1.8%,1.7%:181.0503658453642:0.0|0.0%,1.9%:180.79379575286183:91.485|0.5%,1.9%:180.73182800647234:91.485|0.5%
nanoseq-sep-2,186.70348872263472,20705.598,0.7%:185.38196648142977:310.67|1.5%,1.2%:184.50733846470712:69.538|0.3%,1.6%:183.7155823463304:50.339|0.2%,1.7%:183.4534468969856:160.396|0.8%,1.7%:183.6064927991119:400.205|1.9%
nanoseq-sep-3,184.46080471675117,19775.509,0.8%:182.98186098735843:0.0|0.0%,1.3%:182.04952699918974:243.307|1.2%,1.8%:181.21237045919918:136.82|0.7%,2.0%:180.83975639840835:182.005|0.9%,2.0%:180.83975639840835:182.005|0.9%
