workflow,footprint,makespan,flexible-6h,flexible-12h,flexible-24h,flexible-48h,flexible-96h
nanoseq-apr-1,106.20761681300483,19616.143,16.2%:88.95480322994698:686.13|3.5%,22.7%:82.11506076184207:1042.139|5.3%,40.3%:63.41114471623058:0.0|0.0%,58.3%:44.2859136299352:0.0|0.0%,60.2%:42.29390761314585:686.13|3.5%
nanoseq-apr-2,109.34891107524717,20705.598,17.2%:90.59479345757124:105.161|0.5%,23.1%:84.04971587538263:241.557|1.2%,40.9%:64.59440506222144:0.0|0.0%,59.0%:44.82093584249023:0.0|0.0%,60.8%:42.901636650023406:105.161|0.5%
nanoseq-apr-3,106.51362210254673,19775.509,16.4%:89.067895675504:507.757|2.6%,22.8%:82.2576392419669:965.522|4.9%,40.4%:63.513594283437506:0.0|0.0%,58.4%:44.30396971967056:0.0|0.0%,60.3%:42.334068388228914:507.757|2.6%
