workflow,footprint,makespan,flexible-6h,flexible-12h,flexible-24h,flexible-48h,flexible-96h
rangeland-dec-1,5749.194866755568,24817.0,0.0%:5748.54607608433:280.814|1.1%,0.1%:5742.793967336471:144.628|0.6%,0.5%:5720.665250887403:139.814|0.6%,25.1%:4305.587737532482:373.628|1.5%,26.9%:4203.493283440208:2536.954|10.2%
rangeland-dec-2,5733.753722962093,24742.0,0.0%:5733.39249558154:168.05|0.7%,0.1%:5727.539596706069:291.1|1.2%,0.5%:5705.529080160761:202.05|0.8%,24.8%:4309.732241395203:350.1|1.4%,26.9%:4189.640228386932:1868.5|7.6%
rangeland-dec-3,5745.803056635758,24839.0,0.0%:5745.410295921022:294.333|1.2%,0.1%:5739.4874290854395:303.666|1.2%,0.5%:5717.400551173181:255.333|1.0%,24.9%:4312.546283182214:510.666|2.1%,26.9%:4201.3372431571:1998.33|8.0%
