workflow,footprint,makespan,flexible-6h,flexible-12h,flexible-24h,flexible-48h,flexible-96h
rangeland-jun-1,5650.174152054139,24817.0,0.4%:5627.765170858995:486.628|2.0%,0.6%:5613.787596771433:555.628|2.2%,0.9%:5601.941241504189:887.256|3.6%,1.0%:5592.515053528871:1302.884|5.2%,1.0%:5592.654754681805:1269.884|5.1%
rangeland-jun-2,5638.476931241884,24742.0,0.4%:5613.465112349801:398.1|1.6%,0.7%:5599.6643074215635:400.1|1.6%,0.9%:5588.588251996341:938.2|3.8%,1.1%:5579.167915232215:1492.3|6.0%,1.1%:5579.020638853082:1183.35|4.8%
rangeland-jun-3,5648.988512803262,24839.0,0.4%:5624.983575449919:483.666|1.9%,0.7%:5610.909690120806:439.666|1.8%,0.9%:5599.470702008177:807.332|3.3%,1.0%:5590.140036663133:1124.998|4.5%,1.0%:5590.39576784408:1136.331|4.6%
