workflow,footprint,makespan,flexible-6h,flexible-12h,flexible-24h,flexible-48h,flexible-96h
rangeland-oct-1,6047.589855759002,24817.0,0.3%:6026.981761010937:527.442|2.1%,0.2%:6037.057238265769:963.07|3.9%,0.3%:6031.992153723484:1389.07|5.6%,3.3%:5847.014641450351:1213.884|4.9%,6.8%:5634.423826123962:360.628|1.5%
rangeland-oct-2,6034.97474681122,24742.0,0.4%:6012.7564263923805:612.2|2.5%,0.2%:6020.763110094718:1134.3|4.6%,0.3%:6019.590238838427:806.2|3.3%,3.3%:5835.161163075155:858.25|3.5%,6.8%:5621.786908101455:295.05|1.2%
rangeland-oct-3,6046.322830074942,24839.0,0.4%:6024.849257078979:488.332|2.0%,0.2%:6033.579606815873:978.998|3.9%,0.3%:6031.167333138301:1059.332|4.3%,3.3%:5846.13592251652:848.665|3.4%,6.8%:5633.162310062938:229.333|0.9%
