workflow,footprint,makespan,flexible-6h,flexible-12h,flexible-24h,flexible-48h,flexible-96h
rangeland-jan-1,3524.866205352044,24817.0,12.2%:3094.3344407443674:1253.07|5.0%,23.8%:2684.8118704237527:1229.884|5.0%,47.2%:1860.817399611568:1224.07|4.9%,92.2%:275.68988341916054:457.628|1.8%,99.8%:7.154232575203701:1284.698|5.2%
rangeland-jan-2,3597.374191384476,24742.0,13.8%:3100.4459423915737:1000.2|4.0%,25.2%:2690.027786166648:1520.3|6.1%,48.1%:1866.1883402352025:1102.25|4.5%,90.5%:343.0696560923666:290.1|1.2%,99.8%:7.172661204928626:1616.4|6.5%
rangeland-jan-3,3574.2169051980327,24839.0,13.2%:3102.850328403434:735.332|3.0%,24.6%:2693.7591530363325:1225.998|4.9%,47.7%:1869.6561754958418:1144.665|4.6%,90.4%:343.0771413944715:552.666|2.2%,99.8%:7.17221085936927:1663.664|6.7%
