workflow,footprint,makespan,flexible-6h,flexible-12h,flexible-24h,flexible-48h,flexible-96h
rangeland-sep-1,5892.848432209708,24817.0,0.4%:5869.280754241657:704.442|2.8%,0.9%:5840.906580506555:682.442|2.7%,1.2%:5819.790054705631:704.442|2.8%,1.4%:5811.644941374926:481.628|1.9%,1.3%:5814.253147835172:1111.07|4.5%
rangeland-sep-2,5879.591427668072,24742.0,0.3%:5859.0180542495245:462.1|1.9%,0.8%:5829.643920923627:724.15|2.9%,1.3%:5805.855630534722:995.2|4.0%,1.4%:5797.963110402662:588.2|2.4%,1.3%:5801.351256397404:1109.3|4.5%
rangeland-sep-3,5891.094739892768,24839.0,0.3%:5870.56222843491:542.666|2.2%,0.8%:5841.118700575216:725.999|2.9%,1.2%:5817.574985164393:994.332|4.0%,1.4%:5809.532672573913:546.332|2.2%,1.3%:5813.060892826129:1302.998|5.2%
