workflow,footprint,makespan,flexible-6h,flexible-12h,flexible-24h,flexible-48h,flexible-96h
rangeland-aug-1,5746.1468945695415,24817.0,-0.0%:5747.659428191689:466.628|1.9%,0.0%:5745.257141200348:225.814|0.9%,1.3%:5668.913057603121:287.628|1.2%,3.5%:5543.699031362622:1361.884|5.5%,12.8%:5008.70661805278:4198.652|16.9%
rangeland-aug-2,5730.55214385327,24742.0,-0.0%:5731.669125763766:282.05|1.1%,0.0%:5729.712224185298:282.05|1.1%,1.3%:5654.543632645787:429.1|1.7%,3.5%:5532.168048394313:1216.3|4.9%,11.7%:5058.659400000325:4131.9|16.7%
rangeland-aug-3,5742.435338251716,24839.0,-0.0%:5743.74697120878:224.333|0.9%,0.0%:5741.425478242346:224.333|0.9%,1.3%:5666.6049645196745:442.666|1.8%,3.5%:5542.391969157974:1220.998|4.9%,12.0%:5053.790626288762:4011.994|16.2%
