workflow,footprint,makespan,flexible-6h,flexible-12h,flexible-24h,flexible-48h,flexible-96h
rangeland-apr-1,3339.2750547029395,24817.0,15.1%:2833.4273103500477:522.628|2.1%,20.5%:2656.0198193795445:485.628|2.0%,37.2%:2097.7456901816013:0.0|0.0%,57.0%:1436.5035261346716:0.0|0.0%,59.3%:1358.0248092520683:249.814|1.0%
rangeland-apr-2,3331.4487240682492,24742.0,15.2%:2826.5639140938606:590.1|2.4%,20.5%:2648.7660603611207:410.1|1.7%,37.2%:2091.8588412529657:0.0|0.0%,56.9%:1434.7522113387793:0.05|0.0%,59.3%:1354.8250222600266:323.05|1.3%
rangeland-apr-3,3337.5046044891046,24839.0,15.1%:2832.1445078973306:598.666|2.4%,20.5%:2654.1479766082894:548.666|2.2%,37.2%:2096.412988506981:0.0|0.0%,56.9%:1437.7043025080952:0.333|0.0%,59.3%:1357.50886414257:271.333|1.1%
