workflow,footprint,makespan,flexible-6h,flexible-12h,flexible-24h,flexible-48h,flexible-96h
rangeland-nov-1,4708.637557534619,24817.0,29.5%:3317.2455274560707:0.0|0.0%,29.6%:3315.238879376361:335.814|1.4%,44.6%:2607.4231210409475:0.0|0.0%,53.7%:2181.0397143844834:272.814|1.1%,56.0%:2073.0317710896024:585.628|2.4%
rangeland-nov-2,4702.394804742889,24742.0,29.6%:3308.9477806366917:0.0|0.0%,29.7%:3307.0118414982244:268.1|1.1%,44.6%:2602.87164900377:0.0|0.0%,53.7%:2175.739838328744:267.05|1.1%,55.8%:2076.262362902326:591.1|2.4%
rangeland-nov-3,4710.0100404352615,24839.0,29.6%:3315.6820871205155:0.0|0.0%,29.6%:3313.7583159584487:155.666|0.6%,44.6%:2607.597311638082:0.0|0.0%,53.7%:2180.087148528849:327.333|1.3%,55.8%:2079.9419209897137:426.666|1.7%
