workflow,footprint,makespan,flexible-6h,flexible-12h,flexible-24h,flexible-48h,flexible-96h
rangeland-aug-1,5746.1468945695415,24817.0,0.7%:5706.503511035724:202.814|0.8%,1.3%:5671.6463083868375:400.628|1.6%,2.7%:5588.805948114016:1817.698|7.3%,4.3%:5501.57557852994:2966.396|12.0%,12.9%:5002.825401219374:5412.536|21.8%
rangeland-aug-2,5730.55214385327,24742.0,0.7%:5691.223624731368:250.05|1.0%,1.3%:5656.613028445271:363.1|1.5%,2.6%:5581.183782337387:1636.35|6.6%,4.2%:5490.413116860668:2457.65|9.9%,11.8%:5052.1737408818835:5286.25|21.4%
rangeland-aug-3,5742.435338251716,24839.0,0.7%:5702.93965941763:221.333|0.9%,1.3%:5668.644802087456:556.666|2.2%,2.6%:5592.010419662238:1627.331|6.6%,4.2%:5500.66898508636:2778.329|11.2%,12.1%:5047.313059894949:4722.325|19.0%
