workflow,footprint,makespan,flexible-6h,flexible-12h,flexible-24h,flexible-48h,flexible-96h
rangeland-jun-1,5650.174152054139,24817.0,0.8%:5603.315837449139:462.628|1.9%,1.3%:5579.379182382235:1330.884|5.4%,1.6%:5558.607731824245:1721.512|6.9%,1.8%:5548.635253862686:2935.396|11.8%,1.9%:5544.944761565798:3962.652|16.0%
rangeland-jun-2,5638.476931241884,24742.0,0.9%:5589.007250386101:232.1|0.9%,1.3%:5565.38846260009:815.25|3.3%,1.7%:5545.413192698911:1665.4|6.7%,1.8%:5535.555784319535:3552.8|14.4%,1.9%:5531.790680194702:3750.95|15.2%
rangeland-jun-3,5648.988512803262,24839.0,0.9%:5600.538007272979:513.666|2.1%,1.3%:5576.699896852718:1140.665|4.6%,1.6%:5556.363878779962:1790.664|7.2%,1.8%:5546.499054111249:3380.328|13.6%,1.9%:5542.850626955508:3910.327|15.7%
