workflow,footprint,makespan,flexible-6h,flexible-12h,flexible-24h,flexible-48h,flexible-96h
rangeland-nov-1,5832.599678616349,24817.0,1.0%:5773.325481648578:378.628|1.5%,1.7%:5733.611278954785:946.256|3.8%,2.9%:5661.80330471542:853.442|3.4%,3.2%:5646.664220281264:1575.698|6.3%,3.2%:5645.350666769551:3112.396|12.5%
rangeland-nov-2,5819.049081758819,24742.0,1.0%:5758.1556619213725:478.1|1.9%,1.8%:5716.915664730178:785.25|3.2%,2.9%:5648.279237944449:706.2|2.9%,3.2%:5632.753544286209:1790.45|7.2%,3.2%:5632.727841466026:3056.75|12.4%
rangeland-nov-3,5830.322574760079,24839.0,1.0%:5769.671933346019:517.666|2.1%,1.7%:5729.218645308962:1114.665|4.5%,2.9%:5659.194710325505:778.332|3.1%,3.2%:5644.2231642191655:1782.997|7.2%,3.2%:5643.756986903923:3363.995|13.5%
