workflow,footprint,makespan,flexible-6h,flexible-12h,flexible-24h,flexible-48h,flexible-96h
rangeland-dec-1,5749.194866755568,24817.0,0.9%:5696.822482112147:280.814|1.1%,1.8%:5646.61519956547:240.814|1.0%,2.0%:5632.9058829893165:459.442|1.9%,25.2%:4298.566476829487:1453.698|5.9%,26.9%:4203.493283440208:2328.14|9.4%
rangeland-dec-2,5733.753722962093,24742.0,0.9%:5679.860036444813:168.05|0.7%,1.8%:5629.842903390538:167.05|0.7%,2.0%:5620.281232507723:437.15|1.8%,24.9%:4303.233296664296:1421.4|5.7%,26.9%:4189.640228386932:1868.5|7.6%
rangeland-dec-3,5745.803056635758,24839.0,0.9%:5692.1208626446:294.333|1.2%,1.8%:5642.310302706067:282.333|1.1%,2.0%:5631.356862349484:317.999|1.3%,25.1%:4306.059469410336:1718.664|6.9%,26.9%:4201.3372431571:1998.33|8.0%
