workflow,footprint,makespan,flexible-6h,flexible-12h,flexible-24h,flexible-48h,flexible-96h
rangeland-apr-1,5940.015609007493,24817.0,0.1%:5932.622506148295:751.256|3.0%,0.5%:5910.329746562674:1538.884|6.2%,0.7%:5897.705537780403:1822.512|7.3%,1.7%:5836.925280488623:2017.326|8.1%,2.2%:5807.047715418566:2663.954|10.7%
rangeland-apr-2,5924.947459766041,24742.0,0.1%:5917.7969354215165:685.2|2.8%,0.5%:5897.145901690837:1007.25|4.1%,0.7%:5884.8781808858175:1683.35|6.8%,1.7%:5824.245208026456:1728.4|7.0%,2.3%:5790.282002555104:2620.65|10.6%
rangeland-apr-3,5936.909216281147,24839.0,0.1%:5930.052049018244:796.332|3.2%,0.5%:5908.776977420435:1247.665|5.0%,0.7%:5896.41722816548:1372.331|5.5%,1.7%:5835.6057146375915:1712.664|6.9%,2.3%:5803.277537363496:2398.329|9.7%
