workflow,footprint,makespan,flexible-6h,flexible-12h,flexible-24h,flexible-48h,flexible-96h
rnaseq-sep-1,4989.052782018767,10697.0,33.5%:3319.2841700010613:0.0|0.0%,33.7%:3308.027682263578:0.0|0.0%,38.6%:3064.4318694982676:0.0|0.0%,40.0%:2994.022690572985:0.0|0.0%,40.0%:2994.022690572985:0.0|0.0%
rnaseq-sep-2,4897.606339669398,11472.0,33.5%:3258.703776480433:0.0|0.0%,33.7%:3247.5755894594618:0.0|0.0%,38.5%:3010.7359160408755:0.0|0.0%,39.2%:2978.0355107911137:1606.844|14.0%,39.2%:2978.0355107911137:1606.844|14.0%
rnaseq-sep-3,5118.81837179089,10863.0,33.6%:3400.307206661203:0.0|0.0%,33.8%:3389.0089990523807:0.0|0.0%,38.6%:3142.3291618840194:0.0|0.0%,39.3%:3107.778855360932:1624.336|15.0%,39.3%:3107.778855360932:1624.336|15.0%
