workflow,footprint,makespan,flexible-6h,flexible-12h,flexible-24h,flexible-48h,flexible-96h
rnaseq-jan-1,2640.095888480358,10697.0,5.0%:2507.37635824318:0.0|0.0%,12.3%:2315.490593060652:1412.064|13.2%,19.1%:2134.531988295286:0.0|0.0%,19.1%:2134.531988295286:0.0|0.0%,19.1%:2134.531988295286:0.0|0.0%
rnaseq-jan-2,2592.3902162566224,11472.0,5.1%:2461.439352282571:0.0|0.0%,12.2%:2276.8627323762175:1606.844|14.0%,18.9%:2102.5506957607504:0.0|0.0%,18.9%:2102.5506957607504:0.0|0.0%,18.9%:2102.5506957607504:0.0|0.0%
rnaseq-jan-3,2710.4719393718783,10863.0,5.2%:2569.681059051005:0.0|0.0%,12.1%:2381.290018426153:1624.336|15.0%,19.0%:2194.557747349048:0.0|0.0%,19.0%:2194.557747349048:0.0|0.0%,19.0%:2194.557747349048:0.0|0.0%
