workflow,footprint,makespan,flexible-6h,flexible-12h,flexible-24h,flexible-48h,flexible-96h
rnaseq-may-1,7735.471917565412,10697.0,0.1%:7730.835618049187:740.192|6.9%,0.1%:7726.731545145921:574.128|5.4%,0.2%:7718.148606501039:978.256|9.1%,0.8%:7671.61924301565:1063.32|9.9%,99.3%:52.34988075280313:0.0|0.0%
rnaseq-may-2,7573.5266321139225,11472.0,0.1%:7567.82698125914:828.532|7.2%,0.1%:7563.227148298443:848.532|7.4%,0.3%:7551.572724277742:772.532|6.7%,0.7%:7518.669435592423:1483.064|12.9%,99.4%:47.6562119026916:0.0|0.0%
rnaseq-may-3,7935.216707339383,10863.0,0.1%:7931.244482264401:849.008|7.8%,0.1%:7926.270646850297:816.008|7.5%,0.2%:7916.918012738842:1373.68|12.6%,0.8%:7870.035354594123:1419.68|13.1%,99.3%:53.5096580947043:0.0|0.0%
