workflow,footprint,makespan,flexible-6h,flexible-12h,flexible-24h,flexible-48h,flexible-96h
rnaseq-may-1,7735.471917565412,10697.0,0.1%:7730.835618049187:823.192|7.7%,0.1%:7726.73037173652:574.128|5.4%,0.2%:7718.621687898085:1291.32|12.1%,0.5%:7698.509680393518:1953.512|18.3%,99.3%:52.34988075280313:0.0|0.0%
rnaseq-may-2,7573.5266321139225,11472.0,0.1%:7567.979343968885:801.532|7.0%,0.1%:7563.333558166818:547.688|4.8%,0.3%:7552.040335771234:1278.22|11.1%,0.4%:7543.816996420139:1566.064|13.7%,99.4%:47.6562119026916:0.0|0.0%
rnaseq-may-3,7935.216707339383,10863.0,0.1%:7931.244482264401:849.008|7.8%,0.1%:7926.2676674027325:837.008|7.7%,0.2%:7917.438042094667:791.008|7.3%,0.5%:7899.016662174404:1712.352|15.8%,99.3%:53.5096580947043:0.0|0.0%
