workflow,footprint,makespan,flexible-6h,flexible-12h,flexible-24h,flexible-48h,flexible-96h
rnaseq-aug-1,7559.224655842698,10697.0,1.5%:7444.906672945592:1123.256|10.5%,1.9%:7415.471688461262:1936.576|18.1%,2.2%:7392.019980280936:3129.832|29.3%,2.2%:7392.019980280936:3129.832|29.3%,3.0%:7334.26048959231:3529.96|33.0%
rnaseq-aug-2,7414.029917292285,11472.0,1.6%:7297.032779424494:1121.376|9.8%,2.1%:7259.510156447083:2455.596|21.4%,2.2%:7248.615385086534:2691.44|23.5%,2.2%:7248.615385086534:2691.44|23.5%,2.9%:7197.659962333016:3955.504|34.5%
rnaseq-aug-3,7767.167838309606,10863.0,1.6%:7640.8865204094645:1036.344|9.5%,2.1%:7604.330098825701:2387.024|22.0%,2.3%:7585.392329639353:3021.032|27.8%,2.3%:7585.392329639353:3021.032|27.8%,3.2%:7522.384803492232:3919.04|36.1%
