workflow,footprint,makespan,flexible-6h,flexible-12h,flexible-24h,flexible-48h,flexible-96h
rnaseq-apr-1,3867.208615493779,10697.0,7.7%:3570.164696450875:0.0|0.0%,17.1%:3207.3296106282974:0.0|0.0%,36.1%:2471.2212776244996:0.0|0.0%,53.4%:1803.5714016881936:0.0|0.0%,55.3%:1729.335579352341:1412.064|13.2%
rnaseq-apr-2,3797.1289193306134,11472.0,7.7%:3504.819884581197:2167.844|18.9%,17.1%:3148.4969356138204:2167.844|18.9%,36.1%:2427.4338561146674:2167.844|18.9%,52.3%:1812.071158009292:0.0|0.0%,55.2%:1701.1995897131821:2167.844|18.9%
rnaseq-apr-3,3970.8378932452324,10863.0,7.8%:3660.4308438987014:2693.336|24.8%,17.1%:3291.6596583589812:2693.336|24.8%,36.2%:2534.2734671399035:2693.336|24.8%,52.4%:1890.6254160238007:0.0|0.0%,55.3%:1775.7811738452344:2693.336|24.8%
