workflow,footprint,makespan,flexible-6h,flexible-12h,flexible-24h,flexible-48h,flexible-96h
rnaseq-aug-1,4084.0999830256314,10697.0,9.7%:3686.7760526963407:0.0|0.0%,9.7%:3686.7760526963407:0.0|0.0%,18.5%:3328.778005723062:0.0|0.0%,18.5%:3328.778005723062:0.0|0.0%,21.9%:3190.529214872322:0.0|0.0%
rnaseq-aug-2,4009.745424439282,11472.0,7.9%:3693.2590284566936:1606.844|14.0%,7.9%:3693.2590284566936:1606.844|14.0%,18.5%:3269.7576401469205:0.0|0.0%,18.5%:3269.7576401469205:0.0|0.0%,21.9%:3131.7978323421803:2167.844|18.9%
rnaseq-aug-3,4191.8895325502635,10863.0,8.1%:3850.869743527768:1624.336|15.0%,8.1%:3850.869743527768:1624.336|15.0%,18.6%:3412.361699404832:0.0|0.0%,18.6%:3412.361699404832:0.0|0.0%,22.0%:3269.6952997140097:2693.336|24.8%
