workflow,footprint,makespan,flexible-6h,flexible-12h,flexible-24h,flexible-48h,flexible-96h
rnaseq-mar-1,3078.2781969581542,10697.0,23.4%:2356.8540519113985:0.0|0.0%,28.1%:2214.7354921534074:0.0|0.0%,30.2%:2148.649767022994:0.0|0.0%,31.9%:2095.9975272483293:1412.064|13.2%,35.9%:1972.8927908912217:1412.064|13.2%
rnaseq-mar-2,3022.1262847563075,11472.0,23.4%:2313.7190403532113:0.0|0.0%,28.1%:2174.150760355586:0.0|0.0%,29.9%:2118.0744792613496:0.0|0.0%,31.9%:2058.0099000399514:2167.844|18.9%,35.9%:1937.7627711413172:2167.844|18.9%
rnaseq-mar-3,3163.479553925569,10863.0,23.7%:2413.9217445704344:0.0|0.0%,28.3%:2269.375009623071:0.0|0.0%,30.1%:2210.5678553280427:0.0|0.0%,32.1%:2149.0114988940745:2693.336|24.8%,36.0%:2025.2066407510322:2693.336|24.8%
