workflow,footprint,makespan,flexible-6h,flexible-12h,flexible-24h,flexible-48h,flexible-96h
rnaseq-mar-1,7122.835823995566,10697.0,17.1%:5905.402638825169:523.128|4.9%,38.1%:4410.697706752555:1128.256|10.5%,48.3%:3680.8248117047665:561.128|5.2%,48.4%:3675.404516576336:571.128|5.3%,55.6%:3162.039489703107:1080.256|10.1%
rnaseq-mar-2,6974.240661117031,11472.0,18.2%:5703.671964864984:0.0|0.0%,37.8%:4336.674469561653:1080.376|9.4%,48.3%:3605.353687654703:508.688|4.4%,48.3%:3605.353687654703:508.688|4.4%,55.2%:3123.8474528790985:582.688|5.1%
rnaseq-mar-3,7328.937559309438,10863.0,17.0%:6081.005760643911:222.336|2.0%,36.3%:4667.94834992146:855.008|7.9%,47.0%:3882.8950567019424:594.672|5.5%,47.0%:3882.8950567019424:594.672|5.5%,53.4%:3412.8249426396824:731.008|6.7%
