workflow,footprint,makespan,flexible-6h,flexible-12h,flexible-24h,flexible-48h,flexible-96h
sarek-jan-1,8818.658189774103,18299.0,2.1%:8632.827934130219:6098.538|33.3%,2.1%:8632.827934130219:6098.538|33.3%,2.5%:8602.31747244415:3528.769|19.3%,12.7%:7702.584635208753:1261.769|6.9%,14.3%:7554.806578066568:4790.538|26.2%
sarek-jan-2,8847.467093362973,17619.0,1.7%:8700.938132694262:3010.412|17.1%,1.7%:8700.938132694262:3010.412|17.1%,1.9%:8676.869755117703:3010.412|17.1%,12.3%:7757.709291499426:1277.412|7.3%,14.6%:7559.581152626127:2844.824|16.1%
sarek-jan-3,8824.173137322565,18878.0,2.6%:8593.626365360356:5082.834|26.9%,2.6%:8593.626365360356:5082.834|26.9%,3.0%:8556.0694934707:2707.417|14.3%,12.8%:7698.728587810356:1271.417|6.7%,14.7%:7526.445262696789:3978.834|21.1%
