workflow,footprint,makespan,flexible-6h,flexible-12h,flexible-24h,flexible-48h,flexible-96h
sarek-feb-1,23067.871760651957,18299.0,0.4%:22970.126734237787:921.076|5.0%,0.6%:22935.136098208874:746.307|4.1%,5.4%:21824.853101423447:635.076|3.5%,23.4%:17671.300696996368:1161.845|6.3%,99.5%:119.34559955409223:2816.228|15.4%
sarek-feb-2,23140.41289223098,17619.0,0.4%:23041.16093169204:908.648|5.2%,0.5%:23013.423429379935:288.412|1.6%,5.3%:21907.476747879922:331.824|1.9%,21.1%:18266.52049082836:1203.06|6.8%,99.5%:116.16593425600892:2757.532|15.7%
sarek-feb-3,22822.672870814393,18878.0,0.3%:22756.63095736605:1066.668|5.7%,0.5%:22717.714025839294:1172.085|6.2%,5.4%:21585.509047708074:591.668|3.1%,23.3%:17494.875233781357:1213.085|6.4%,99.5%:124.43087601003872:2835.587|15.0%
