workflow,footprint,makespan,flexible-6h,flexible-12h,flexible-24h,flexible-48h,flexible-96h
sarek-oct-1,23360.709329977184,18299.0,0.5%:23232.847047394025:1648.614|9.0%,0.6%:23214.848816300706:1246.845|6.8%,1.2%:23090.589262475303:1205.845|6.6%,1.9%:22927.803326163164:1565.614|8.6%,7.6%:21575.0462425444:975.845|5.3%
sarek-oct-2,23478.759952782966,17619.0,0.7%:23316.91112830956:1432.472|8.1%,0.9%:23256.367797154686:1220.06|6.9%,1.4%:23149.41126568869:1050.06|6.0%,2.0%:23004.226383669764:1631.472|9.3%,7.7%:21674.62537826364:965.06|5.5%
sarek-oct-3,23114.535847357172,18878.0,0.3%:23042.916346514754:1539.502|8.2%,0.3%:23051.4797686352:1339.502|7.1%,1.3%:22817.686707534613:1404.502|7.4%,2.0%:22655.265733541637:1522.502|8.1%,7.6%:21365.45691824695:1170.085|6.2%
