workflow,footprint,makespan,flexible-6h,flexible-12h,flexible-24h,flexible-48h,flexible-96h
sarek-jan-1,15607.157937140535,18299.0,0.1%:15587.655575985666:732.076|4.0%,0.3%:15567.80807627348:1560.614|8.5%,26.0%:11555.888960569957:1321.845|7.2%,89.0%:1721.5732997136113:463.538|2.5%,99.8%:23.66931728048403:3180.997|17.4%
sarek-jan-2,15964.740733348006,17619.0,0.2%:15926.098733414314:836.236|4.7%,0.4%:15907.69907662858:1192.06|6.8%,18.2%:13064.137051560745:1287.06|7.3%,90.7%:1487.6881062643986:491.824|2.8%,99.9%:22.530566749993845:2783.532|15.8%
sarek-jan-3,15520.141499695086,18878.0,0.0%:15513.794467066098:777.251|4.1%,0.1%:15497.44771660832:1273.085|6.7%,36.9%:9788.482189814426:1289.085|6.8%,91.0%:1400.535087696795:445.834|2.4%,99.8%:24.64850905874648:3466.421|18.4%
