workflow,footprint,makespan,flexible-6h,flexible-12h,flexible-24h,flexible-48h,flexible-96h
sarek-jun-1,15397.119241217953,18299.0,8.9%:14027.895751504651:0.0|0.0%,8.9%:14027.895751504651:0.0|0.0%,8.9%:14027.895751504651:0.0|0.0%,9.6%:13913.7101087522:5736.538|31.3%,27.6%:11149.260961927075:3831.538|20.9%
sarek-jun-2,15504.753987742535,17619.0,8.9%:14118.637890727738:0.0|0.0%,8.9%:14118.637890727738:0.0|0.0%,8.9%:14118.637890727738:0.0|0.0%,9.5%:14026.676876150477:4577.824|26.0%,28.1%:11146.865495812866:1277.412|7.3%
sarek-jun-3,15324.309535432838,18878.0,8.3%:14044.832163614485:0.0|0.0%,8.3%:14044.832163614485:0.0|0.0%,8.3%:14044.832163614485:0.0|0.0%,9.4%:13888.685645633796:5485.834|29.1%,26.8%:11217.435802296235:3646.834|19.3%
