workflow,footprint,makespan,flexible-6h,flexible-12h,flexible-24h,flexible-48h,flexible-96h
sarek-may-1,22018.121347333683,18299.0,0.2%:21969.535239524994:956.076|5.2%,0.2%:21980.634871725106:879.076|4.8%,0.2%:21978.927500650363:1117.845|6.1%,27.9%:15880.75079546301:3023.228|16.5%,82.9%:3760.4954967145236:2626.459|14.4%
sarek-may-2,22113.3041028689,17619.0,0.2%:22066.614138059234:852.236|4.8%,0.3%:22056.51530909435:1015.648|5.8%,0.3%:22053.430313830617:1114.648|6.3%,22.5%:17143.424345064366:3138.944|17.8%,85.1%:3298.384268246265:2117.532|12.0%
sarek-may-3,21819.928424863032,18878.0,0.3%:21762.166392054838:457.834|2.4%,0.2%:21773.866354460213:326.834|1.7%,0.2%:21769.230250483895:1143.502|6.1%,33.7%:14465.432160705903:2952.004|15.6%,83.4%:3627.5484301212355:2923.587|15.5%
