workflow,footprint,makespan,flexible-6h,flexible-12h,flexible-24h,flexible-48h,flexible-96h
sarek-jul-1,14004.577999552817,18299.0,11.1%:12453.673032875124:4790.538|26.2%,11.6%:12377.279675731366:6998.307|38.2%,23.1%:10774.028154958121:2569.769|14.0%,23.1%:10774.028154958121:2569.769|14.0%,31.0%:9663.67069772763:5736.538|31.3%
sarek-jul-2,14171.12496622081,17619.0,11.4%:12549.732209584003:4287.824|24.3%,13.1%:12311.510895810614:2844.824|16.1%,23.9%:10784.164833552795:3010.412|17.1%,23.9%:10784.164833552795:3010.412|17.1%,32.0%:9639.465492893456:1567.412|8.9%
sarek-jul-3,13951.65930398359,18878.0,10.9%:12426.987749880645:3978.834|21.1%,11.6%:12329.827885372215:6757.251|35.8%,22.7%:10778.200700730844:2375.417|12.6%,22.7%:10778.200700730844:2375.417|12.6%,31.2%:9596.289404661296:5485.834|29.1%
