workflow,footprint,makespan,flexible-6h,flexible-12h,flexible-24h,flexible-48h,flexible-96h
sarek-aug-1,21624.78050668332,18299.0,0.0%:21623.039281993733:292.769|1.6%,0.0%:21619.31023115532:292.769|1.6%,0.0%:21619.31023115532:292.769|1.6%,0.9%:21432.524503132463:1282.845|7.0%,2.5%:21094.48147199683:3537.535|19.3%
sarek-aug-2,21647.7608416982,17619.0,0.0%:21647.749822182155:228.412|1.3%,-0.0%:21654.295026231055:561.824|3.2%,-0.0%:21654.295026231055:790.236|4.5%,0.6%:21509.781071675923:1322.06|7.5%,2.2%:21164.47691745558:4426.004|25.1%
sarek-aug-3,21585.68646854026,18878.0,0.1%:21553.514419744013:249.417|1.3%,0.2%:21546.500992078796:489.834|2.6%,0.2%:21546.500992078796:249.417|1.3%,1.7%:21217.953873141196:1225.085|6.5%,3.0%:20939.022536772067:3664.672|19.4%
