workflow,footprint,makespan,flexible-6h,flexible-12h,flexible-24h,flexible-48h,flexible-96h
sarek-feb-1,23067.871760651957,18299.0,0.2%:23011.048261906315:481.538|2.6%,0.3%:22990.05749451903:1029.076|5.6%,0.3%:22990.497022089097:1795.152|9.8%,0.4%:22982.037127543685:1525.614|8.3%,50.7%:11381.312612286389:882.076|4.8%
sarek-feb-2,23140.41289223098,17619.0,0.2%:23090.937268929472:536.824|3.0%,0.3%:23079.748722280878:1130.648|6.4%,0.3%:23068.318963249094:2269.708|12.9%,0.3%:23063.983091656206:1766.884|10.0%,56.0%:10184.511226411876:1105.648|6.3%
sarek-feb-3,22822.672870814393,18878.0,0.1%:22806.488176228297:601.251|3.2%,0.2%:22780.329324899652:882.668|4.7%,0.1%:22791.093075978482:2115.336|11.2%,0.2%:22779.581960453488:2153.336|11.4%,43.2%:12971.51441254241:1396.085|7.4%
