workflow,footprint,makespan,flexible-6h,flexible-12h,flexible-24h,flexible-48h,flexible-96h
sarek-jul-1,22571.292564706462,18299.0,1.4%:22247.657869846476:480.538|2.6%,2.0%:22114.591047990154:1099.076|6.0%,2.5%:22002.764493228955:1651.383|9.0%,2.5%:22003.645768953153:2341.921|12.8%,2.9%:21919.622494593215:3141.997|17.2%
sarek-jul-2,22734.367779791402,17619.0,1.6%:22381.314232349254:534.824|3.0%,2.3%:22205.93781433455:968.648|5.5%,2.9%:22076.28883086522:1703.472|9.7%,2.9%:22076.326810598242:1638.472|9.3%,3.2%:22011.339772114763:2777.532|15.8%
sarek-jul-3,22350.504491282623,18878.0,1.5%:22005.959572650885:503.834|2.7%,2.0%:21912.75010739317:1092.668|5.8%,2.5%:21789.914809783444:1305.085|6.9%,2.5%:21782.45477226227:1849.919|9.8%,2.9%:21702.974401614058:2886.421|15.3%
