workflow,footprint,makespan,flexible-6h,flexible-12h,flexible-24h,flexible-48h,flexible-96h
sarek-apr-1,12909.927580460268,18299.0,11.8%:11383.419637146024:2207.769|12.1%,15.9%:10857.614364745501:4790.538|26.2%,18.4%:10536.037869581976:3469.538|19.0%,22.4%:10018.606703016221:6098.538|33.3%,46.6%:6890.677942724806:2569.769|14.0%
sarek-apr-2,12944.57521073569,17619.0,13.2%:11232.267520397505:1277.412|7.3%,15.3%:10962.638931968862:4287.824|24.3%,18.9%:10494.502349052249:1277.412|7.3%,21.7%:10138.99458838221:3010.412|17.1%,46.5%:6926.528157579417:0.0|0.0%
sarek-apr-3,12921.655984025314,18878.0,12.4%:11316.294562664832:2778.417|14.7%,16.3%:10813.855760100021:3978.834|21.1%,18.8%:10492.642266244187:4049.834|21.5%,22.8%:9973.723177251904:5082.834|26.9%,46.5%:6906.763245138993:2375.417|12.6%
