workflow,footprint,makespan,flexible-6h,flexible-12h,flexible-24h,flexible-48h,flexible-96h
sarek-nov-1,19959.638191623406,18299.0,38.0%:12373.145519414762:0.0|0.0%,38.4%:12295.646533871071:2569.769|14.0%,47.6%:10464.698862361067:0.0|0.0%,59.1%:8169.649879372118:0.0|0.0%,59.2%:8149.045959029579:6098.538|33.3%
sarek-nov-2,20220.605980830464,17619.0,38.5%:12434.746280013307:0.0|0.0%,38.7%:12395.784093063558:0.0|0.0%,47.7%:10578.136862332014:0.0|0.0%,59.3%:8230.8288120158:0.0|0.0%,59.4%:8214.811476234103:3010.412|17.1%
sarek-nov-3,19785.91380810517,18878.0,37.4%:12390.083604187557:0.0|0.0%,37.9%:12295.209630785992:2375.417|12.6%,47.5%:10389.137256740838:0.0|0.0%,58.8%:8161.468362636267:0.0|0.0%,58.9%:8129.513581920552:5082.834|26.9%
