workflow,footprint,makespan,flexible-6h,flexible-12h,flexible-24h,flexible-48h,flexible-96h
chipseq-jun-1,9486.617883352164,13607.0,0.0%:9486.617883352164:326.942|2.4%,0.0%:9486.617883352164:211.471|1.6%,0.0%:9486.617883352164:787.413|5.8%,0.0%:9486.617883352164:0.0|0.0%,0.0%:9486.617883352164:260.471|1.9%
chipseq-jun-2,9302.831469771269,13099.0,0.0%:9302.831469771269:585.28|4.5%,0.0%:9302.831469771269:182.28|1.4%,0.0%:9302.831469771269:572.28|4.4%,0.0%:9302.831469771269:250.14|1.9%,0.0%:9302.831469771269:250.14|1.9%
chipseq-jun-3,9433.950864909295,13266.0,0.0%:9433.950864909295:303.744|2.3%,0.0%:9433.950864909295:390.744|2.9%,0.0%:9433.950864909295:790.116|6.0%,0.0%:9433.950864909295:0.0|0.0%,0.0%:9433.950864909295:0.0|0.0%
