workflow,footprint,makespan,flexible-6h,flexible-12h,flexible-24h,flexible-48h,flexible-96h
chipseq-jan-1,4786.360637730696,13607.0,2.1%:4685.590239296535:1412.471|10.4%,20.6%:3800.839945943143:0.0|0.0%,26.2%:3530.444046465213:1412.471|10.4%,26.2%:3530.444046465213:1412.471|10.4%,26.2%:3530.444046465213:1412.471|10.4%
chipseq-jan-2,4714.161258564095,13099.0,2.2%:4608.275010609214:1373.14|10.5%,20.4%:3754.112426865744:0.0|0.0%,26.2%:3477.610754848518:1373.14|10.5%,26.2%:3477.610754848518:1373.14|10.5%,26.2%:3477.610754848518:1373.14|10.5%
chipseq-jan-3,4790.346140229539,13266.0,2.2%:4683.226702015601:1410.372|10.6%,20.4%:3814.494627617447:0.0|0.0%,26.2%:3534.504989911999:1410.372|10.6%,26.2%:3534.504989911999:1410.372|10.6%,26.2%:3534.504989911999:1410.372|10.6%
