workflow,footprint,makespan,flexible-6h,flexible-12h,flexible-24h,flexible-48h,flexible-96h
chipseq-nov-1,2958.974920804599,13607.0,2.4%:2889.021247167968:0.0|0.0%,11.0%:2633.1875955152964:653.471|4.8%,26.7%:2168.2733356338886:0.0|0.0%,26.7%:2168.2733356338886:0.0|0.0%,26.7%:2168.2733356338886:0.0|0.0%
chipseq-nov-2,2917.98898185797,13099.0,2.8%:2837.6245030549535:0.0|0.0%,10.3%:2616.570476978844:792.14|6.0%,26.9%:2133.8151200918805:0.0|0.0%,26.9%:2133.8151200918805:0.0|0.0%,26.9%:2133.8151200918805:0.0|0.0%
chipseq-nov-3,2964.9890972917383,13266.0,2.7%:2883.64375251961:0.0|0.0%,10.3%:2658.598490938321:673.372|5.1%,26.9%:2168.568453347739:0.0|0.0%,26.9%:2168.568453347739:0.0|0.0%,26.9%:2168.568453347739:0.0|0.0%
