workflow,footprint,makespan,flexible-6h,flexible-12h,flexible-24h,flexible-48h,flexible-96h
chipseq-oct-1,9997.518706138297,13607.0,0.2%:9973.835635556023:295.471|2.2%,0.3%:9971.31549546876:815.413|6.0%,0.3%:9971.31549546876:815.413|6.0%,0.3%:9971.31549546876:815.413|6.0%,1.3%:9863.675697200137:587.942|4.3%
chipseq-oct-2,9750.424645754696,13099.0,0.2%:9726.59945634655:575.28|4.4%,0.2%:9726.59945634655:575.28|4.4%,0.2%:9726.59945634655:575.28|4.4%,0.2%:9726.59945634655:575.28|4.4%,1.4%:9614.082660180013:585.28|4.5%
chipseq-oct-3,9888.007568821187,13266.0,0.2%:9865.8179977351:572.744|4.3%,0.2%:9864.55983961887:789.116|5.9%,0.2%:9864.55983961887:789.116|5.9%,0.2%:9864.55983961887:789.116|5.9%,1.3%:9758.586866684125:577.744|4.4%
