workflow,footprint,makespan,flexible-6h,flexible-12h,flexible-24h,flexible-48h,flexible-96h
chipseq-nov-1,2958.974920804599,13607.0,37.6%:1846.073078616215:0.0|0.0%,41.3%:1736.3283470929825:0.0|0.0%,41.3%:1736.3283470929825:0.0|0.0%,41.3%:1736.3283470929825:0.0|0.0%,41.3%:1736.3283470929825:0.0|0.0%
chipseq-nov-2,2917.98898185797,13099.0,38.3%:1801.001326730777:0.0|0.0%,41.6%:1703.5368890373593:0.0|0.0%,41.6%:1703.5368890373593:0.0|0.0%,41.6%:1703.5368890373593:0.0|0.0%,41.6%:1703.5368890373593:0.0|0.0%
chipseq-nov-3,2964.9890972917383,13266.0,38.2%:1833.196564270975:0.0|0.0%,41.6%:1731.0406211334564:0.0|0.0%,41.6%:1731.0406211334564:0.0|0.0%,41.6%:1731.0406211334564:0.0|0.0%,41.6%:1731.0406211334564:0.0|0.0%
