workflow,footprint,makespan,flexible-6h,flexible-12h,flexible-24h,flexible-48h,flexible-96h
chipseq-jun-1,9486.617883352164,13607.0,0.0%:9486.617883352164:211.471|1.6%,0.0%:9486.617883352164:787.413|5.8%,0.0%:9486.617883352164:0.0|0.0%,0.0%:9486.617883352164:771.413|5.7%,0.0%:9486.617883352164:277.471|2.0%
chipseq-jun-2,9302.831469771269,13099.0,0.0%:9302.831469771269:182.28|1.4%,0.0%:9302.831469771269:572.28|4.4%,0.0%:9302.831469771269:250.14|1.9%,0.0%:9302.831469771269:471.28|3.6%,0.0%:9302.831469771269:768.42|5.9%
chipseq-jun-3,9433.950864909295,13266.0,0.0%:9433.950864909295:390.744|2.9%,0.0%:9433.950864909295:790.116|6.0%,0.0%:9433.950864909295:254.372|1.9%,0.0%:9433.950864909295:718.116|5.4%,0.0%:9433.950864909295:482.744|3.6%
