workflow,footprint,makespan,flexible-6h,flexible-12h,flexible-24h,flexible-48h,flexible-96h
chipseq-apr-1,2368.1304355318553,13607.0,18.6%:1927.2193535562558:0.0|0.0%,28.0%:1703.998195134491:653.471|4.8%,71.9%:665.9033886936431:0.0|0.0%,77.3%:538.4329890850776:0.0|0.0%,78.9%:498.6978813371257:1412.471|10.4%
chipseq-apr-2,2343.7763450020157,13099.0,19.1%:1897.2572814652801:0.0|0.0%,27.6%:1696.713543074599:792.14|6.0%,71.8%:660.2068039164456:0.0|0.0%,77.4%:529.3904587907593:0.0|0.0%,79.1%:489.4263344879634:1373.14|10.5%
chipseq-apr-3,2380.1734215682327,13266.0,19.0%:1927.9045960032943:0.0|0.0%,27.6%:1723.0912686253025:673.372|5.1%,71.8%:670.352215642509:0.0|0.0%,77.4%:538.0395901281856:0.0|0.0%,79.1%:497.30445925242657:1410.372|10.6%
