workflow,footprint,makespan,flexible-6h,flexible-12h,flexible-24h,flexible-48h,flexible-96h
mag-mar-1,7248.452599950486,45898.0,13.8%:6246.774945631877:3586.762|7.8%,16.2%:6072.584793421733:3328.524|7.3%,32.6%:4888.488645067118:1782.524|3.9%,68.8%:2259.9955520213384:2400.762|5.2%,79.5%:1483.5786030052795:6534.524|14.2%
mag-mar-2,7242.070092951311,44188.0,13.2%:6285.913022847572:2628.497|5.9%,16.7%:6035.959007011563:304.497|0.7%,31.6%:4953.943352060863:1745.994|4.0%,68.2%:2302.795468547917:3457.497|7.8%,79.1%:1510.7643804466863:3445.497|7.8%
mag-mar-3,7222.553727805974,46342.0,13.9%:6216.824052205599:2158.877|4.7%,16.3%:6048.58460914664:508.754|1.1%,32.5%:4873.1432125737165:2058.754|4.4%,68.0%:2311.459044575798:2233.877|4.8%,79.1%:1511.4225428744612:3140.754|6.8%
