workflow,footprint,makespan,flexible-6h,flexible-12h,flexible-24h,flexible-48h,flexible-96h
mag-jan-1,6732.628994915656,45898.0,13.5%:5822.495419507111:2724.762|5.9%,16.8%:5600.565882520519:0.0|0.0%,23.3%:5162.735764563107:0.0|0.0%,23.3%:5162.735764563107:0.0|0.0%,23.3%:5162.735764563107:0.0|0.0%
mag-jan-2,6783.872064876341,44188.0,14.3%:5813.731813844495:3276.497|7.4%,18.3%:5539.432687500734:0.0|0.0%,24.4%:5130.089397125204:1183.497|2.7%,24.4%:5130.089397125204:1183.497|2.7%,24.4%:5130.089397125204:1183.497|2.7%
mag-jan-3,6698.653387146354,46342.0,13.6%:5790.764738046222:3193.877|6.9%,16.5%:5591.347389698106:0.0|0.0%,23.1%:5152.540536633841:0.0|0.0%,23.1%:5152.540536633841:0.0|0.0%,23.1%:5152.540536633841:0.0|0.0%
