workflow,footprint,makespan,flexible-6h,flexible-12h,flexible-24h,flexible-48h,flexible-96h
mag-aug-1,13558.98790312906,45898.0,0.2%:13534.157612401044:617.286|1.3%,0.4%:13507.27633768887:532.524|1.2%,0.5%:13487.9200534766:1209.81|2.6%,1.9%:13306.930849300228:270.762|0.6%,5.6%:12794.167214449206:0.0|0.0%
mag-aug-2,13447.875961217604,44188.0,0.1%:13437.239398855729:430.994|1.0%,0.3%:13413.116537575384:616.491|1.4%,0.5%:13374.924424279217:1125.485|2.5%,1.2%:13284.008822110402:504.994|1.1%,5.2%:12754.81047379365:472.994|1.1%
mag-aug-3,13508.008894806128,46342.0,0.2%:13482.467312470508:464.754|1.0%,0.4%:13458.29236466724:692.631|1.5%,0.5%:13439.787348891601:933.508|2.0%,2.0%:13242.516317579497:233.877|0.5%,5.7%:12744.460491882399:263.877|0.6%
