workflow,footprint,makespan,flexible-6h,flexible-12h,flexible-24h,flexible-48h,flexible-96h
mag-feb-1,14855.172660286216,45898.0,0.5%:14776.410332545169:1035.048|2.3%,1.2%:14681.105009471808:243.762|0.5%,2.5%:14481.953732522968:239.762|0.5%,4.8%:14144.711389008336:0.0|0.0%,5.5%:14039.82878157407:812.286|1.8%
mag-feb-2,14867.997008761922,44188.0,0.5%:14800.230239375851:359.994|0.8%,1.0%:14721.313943979916:685.491|1.6%,2.2%:14534.581779598078:0.0|0.0%,4.9%:14134.638632909737:0.0|0.0%,5.9%:13994.495104347776:949.988|2.1%
mag-feb-3,14786.038165605816,46342.0,0.6%:14702.202990698963:495.754|1.1%,1.2%:14605.490129671689:5.877|0.0%,2.6%:14403.01381121308:299.877|0.6%,4.8%:14072.229712046179:0.0|0.0%,5.3%:13999.749216893686:958.508|2.1%
