workflow,footprint,makespan,flexible-6h,flexible-12h,flexible-24h,flexible-48h,flexible-96h
mag-may-1,13682.342168988569,45898.0,0.1%:13669.54695350284:464.524|1.0%,0.3%:13644.36193182332:765.286|1.7%,0.7%:13586.05544954104:446.524|1.0%,2.4%:13357.668963462193:0.0|0.0%,5.7%:12904.956793081521:538.524|1.2%
mag-may-2,13593.129158028709,44188.0,0.0%:13588.188168053168:506.994|1.1%,0.1%:13575.019909020337:640.491|1.4%,0.5%:13521.218427131209:523.994|1.2%,1.7%:13359.692764520432:243.497|0.6%,5.2%:12890.730078331299:932.988|2.1%
mag-may-3,13630.670732917535,46342.0,0.1%:13615.038214540444:625.631|1.4%,0.3%:13589.221738135615:757.631|1.6%,0.7%:13530.760163093752:513.754|1.1%,2.5%:13291.572419945373:0.0|0.0%,5.7%:12852.534476029294:561.754|1.2%
