workflow,footprint,makespan,flexible-6h,flexible-12h,flexible-24h,flexible-48h,flexible-96h
mag-jan-1,6732.628994915656,45898.0,17.7%:5539.76497739475:6299.524|13.7%,23.6%:5146.541909341863:3574.762|7.8%,24.4%:5087.506933205007:3025.524|6.6%,28.7%:4802.681337440043:920.286|2.0%,44.7%:3722.049687853877:2400.762|5.2%
mag-jan-2,6783.872064876341,44188.0,18.3%:5545.212874746177:6721.994|15.2%,23.9%:5165.80516252243:0.0|0.0%,25.2%:5074.180381646787:3560.994|8.1%,29.5%:4779.380180448695:3800.988|8.6%,45.8%:3679.5679803524977:3445.497|7.8%
mag-jan-3,6698.653387146354,46342.0,17.9%:5500.753364664607:6155.754|13.3%,22.8%:5172.5525422494065:178.877|0.4%,24.3%:5072.074261191302:3409.754|7.4%,28.5%:4786.663253325402:2919.508|6.3%,44.4%:3726.6590467857636:2961.877|6.4%
