workflow,footprint,makespan,flexible-6h,flexible-12h,flexible-24h,flexible-48h,flexible-96h
mag-may-1,13682.342168988569,45898.0,0.8%:13573.341196467172:687.286|1.5%,1.6%:13464.788808965344:498.524|1.1%,3.1%:13260.643220388325:260.762|0.6%,4.9%:13016.247139492954:806.048|1.8%,6.4%:12812.581258852206:974.048|2.1%
mag-may-2,13593.129158028709,44188.0,0.7%:13495.41106745002:741.491|1.7%,1.4%:13400.705510839633:514.994|1.2%,3.0%:13187.368883019079:286.497|0.6%,4.5%:12976.324653334874:991.988|2.2%,6.0%:12775.575304576587:1393.982|3.2%
mag-may-3,13630.670732917535,46342.0,0.7%:13532.992181156898:762.631|1.6%,1.5%:13427.813252583685:530.754|1.1%,3.1%:13209.422256601922:287.877|0.6%,4.9%:12961.67939884595:684.631|1.5%,6.4%:12762.970249526705:511.631|1.1%
