workflow,footprint,makespan,flexible-6h,flexible-12h,flexible-24h,flexible-48h,flexible-96h
mag-jul-1,13724.632907937876,45898.0,0.9%:13600.34544919182:495.524|1.1%,1.8%:13484.120068200456:778.286|1.7%,3.1%:13298.83138252244:1034.048|2.3%,5.1%:13023.680074524606:854.048|1.9%,6.6%:12812.581258852206:908.048|2.0%
mag-jul-2,13632.81763489006,44188.0,0.9%:13511.024042409568:785.491|1.8%,1.7%:13397.129630746273:516.994|1.2%,2.9%:13237.134915826618:1020.988|2.3%,4.6%:13003.699051714713:744.988|1.7%,6.3%:12775.563341505831:1196.982|2.7%
mag-jul-3,13673.627974151677,46342.0,0.8%:13561.886705468642:667.631|1.4%,1.6%:13450.104954752602:724.631|1.6%,3.1%:13244.059969909445:1049.508|2.3%,5.2%:12964.59433797668:724.631|1.6%,6.7%:12762.948893643385:782.508|1.7%
