workflow,footprint,makespan,flexible-6h,flexible-12h,flexible-24h,flexible-48h,flexible-96h
mag-jun-1,13532.760508734096,45898.0,0.6%:13447.124202643423:754.286|1.6%,1.3%:13360.473382798375:713.286|1.6%,2.7%:13168.528442492865:1472.572|3.2%,5.3%:12812.581258852206:288.762|0.6%,5.3%:12812.581258852206:555.524|1.2%
mag-jun-2,13427.533792656755,44188.0,0.6%:13350.700380413637:772.491|1.7%,1.3%:13250.412276094283:700.491|1.6%,2.9%:13044.423301937737:1328.485|3.0%,4.9%:12775.575304576587:287.497|0.7%,4.9%:12775.575304576587:1413.479|3.2%
mag-jun-3,13483.8039221737,46342.0,0.6%:13404.287246663129:441.754|1.0%,1.2%:13317.7196157376:782.631|1.7%,2.6%:13135.04157503826:1565.262|3.4%,5.3%:12762.970249526705:265.877|0.6%,5.3%:12762.970249526705:176.754|0.4%
