workflow,footprint,makespan,flexible-6h,flexible-12h,flexible-24h,flexible-48h,flexible-96h
mag-jun-1,13532.760508734096,45898.0,0.1%:13521.876086558514:259.762|0.6%,0.2%:13499.984457660465:507.524|1.1%,0.3%:13485.983601676931:507.524|1.1%,1.7%:13302.994488959439:1448.572|3.2%,5.3%:12812.581258852206:0.0|0.0%
mag-jun-2,13427.533792656755,44188.0,0.1%:13419.588707559094:768.491|1.7%,0.1%:13408.982871123146:686.491|1.6%,0.4%:13378.67128015321:598.491|1.4%,1.0%:13287.146330424299:1483.982|3.4%,4.9%:12775.575304576587:286.497|0.6%
mag-jun-3,13483.8039221737,46342.0,0.1%:13470.012916430702:571.754|1.2%,0.3%:13447.074785324969:411.754|0.9%,0.4%:13433.26846469597:411.754|0.9%,1.8%:13237.983713987369:1099.385|2.4%,5.3%:12762.970249526705:0.0|0.0%
