workflow,footprint,makespan,flexible-6h,flexible-12h,flexible-24h,flexible-48h,flexible-96h
montage-jul-1,67.79158104518739,2003.0,2.9%:65.82352212293021:0.0|0.0%,2.9%:65.82352212293021:0.0|0.0%,21.1%:53.456418480115296:0.0|0.0%,46.7%:36.15349593334288:0.0|0.0%,46.7%:36.15349593334288:0.0|0.0%
montage-jul-2,63.592534096322225,1814.0,3.1%:61.65011994923325:0.0|0.0%,3.1%:61.65011994923325:0.0|0.0%,21.8%:49.71814733140088:0.0|0.0%,47.6%:33.34637094879372:0.0|0.0%,47.6%:33.34637094879372:0.0|0.0%
montage-jul-3,56.339693722197715,1884.0,3.1%:54.6188153253265:0.0|0.0%,3.1%:54.6188153253265:0.0|0.0%,21.8%:44.04770517311758:0.0|0.0%,47.6%:29.543158685203004:0.0|0.0%,47.6%:29.543158685203004:0.0|0.0%
