workflow,footprint,makespan,flexible-6h,flexible-12h,flexible-24h,flexible-48h,flexible-96h
montage-apr-1,35.085346267490394,2003.0,32.5%:23.673697069574775:0.0|0.0%,32.5%:23.673697069574775:0.0|0.0%,32.5%:23.673697069574775:0.0|0.0%,37.6%:21.892398917583986:0.0|0.0%,57.7%:14.856949132096213:0.0|0.0%
montage-apr-2,32.322536890968465,1814.0,32.4%:21.86411983299674:0.0|0.0%,32.4%:21.86411983299674:0.0|0.0%,32.4%:21.86411983299674:0.0|0.0%,39.4%:19.58680669503033:0.0|0.0%,58.7%:13.338548379517485:0.0|0.0%
montage-apr-3,28.6360947026157,1884.0,32.4%:19.370478506653885:0.0|0.0%,32.4%:19.370478506653885:0.0|0.0%,32.4%:19.370478506653885:0.0|0.0%,39.4%:17.352896937908326:0.0|0.0%,58.7%:11.817263474081193:0.0|0.0%
