workflow,footprint,makespan,flexible-6h,flexible-12h,flexible-24h,flexible-48h,flexible-96h
montage-may-1,112.6784537875058,2003.0,18.5%:91.87103493357225:0.0|0.0%,18.5%:91.87103493357225:0.0|0.0%,18.5%:91.87103493357225:0.0|0.0%,18.5%:91.87103493357225:0.0|0.0%,18.5%:91.87103493357225:0.0|0.0%
montage-may-2,105.56016192456015,1814.0,22.2%:82.10766402054482:0.0|0.0%,22.2%:82.10766402054482:0.0|0.0%,22.2%:82.10766402054482:0.0|0.0%,22.2%:82.10766402054482:0.0|0.0%,22.2%:82.10766402054482:0.0|0.0%
montage-may-3,93.52083977479475,1884.0,22.2%:72.74314051010815:0.0|0.0%,22.2%:72.74314051010815:0.0|0.0%,22.2%:72.74314051010815:0.0|0.0%,22.2%:72.74314051010815:0.0|0.0%,22.2%:72.74314051010815:0.0|0.0%
