workflow,footprint,makespan,flexible-6h,flexible-12h,flexible-24h,flexible-48h,flexible-96h
montage-dec-1,505.701627279633,2003.0,6.4%:473.5772533560451:0.0|0.0%,7.0%:470.08507538640623:0.0|0.0%,7.6%:467.0658215462439:0.0|0.0%,7.6%:467.0658215462439:0.0|0.0%,7.6%:467.0658215462439:47.0|2.3%
montage-dec-2,509.0983974926085,1814.0,6.8%:474.5740530740307:0.0|0.0%,7.5%:470.703037844301:0.0|0.0%,8.1%:467.9005250391306:0.0|0.0%,8.1%:467.9005250391306:0.0|0.0%,8.1%:467.9005250391306:0.0|0.0%
montage-dec-3,437.41718828473824,1884.0,6.8%:407.8758296274875:0.0|0.0%,7.5%:404.5243413720894:0.0|0.0%,8.1%:402.1649043464931:0.0|0.0%,8.1%:402.1649043464931:0.0|0.0%,8.1%:402.1649043464931:0.0|0.0%
