workflow,footprint,makespan,flexible-6h,flexible-12h,flexible-24h,flexible-48h,flexible-96h
montage-nov-1,163.1539194544374,2003.0,41.4%:95.60800159466206:0.0|0.0%,41.4%:95.60800159466206:0.0|0.0%,41.4%:95.60800159466206:0.0|0.0%,52.8%:77.0327219277222:0.0|0.0%,61.8%:62.261598853674954:0.0|0.0%
montage-nov-2,151.4795978451515,1814.0,41.1%:89.23622825493544:0.0|0.0%,41.4%:88.8152123806896:0.0|0.0%,41.4%:88.8152123806896:0.0|0.0%,54.8%:68.42464810755347:0.0|0.0%,61.8%:57.88011416621323:0.0|0.0%
montage-nov-3,134.20308325550891,1884.0,41.1%:79.05867945429063:0.0|0.0%,41.4%:78.68568118107726:0.0|0.0%,41.4%:78.68568118107726:0.0|0.0%,54.8%:60.620696630670466:0.0|0.0%,61.8%:51.278785333369555:0.0|0.0%
