workflow,footprint,makespan,flexible-6h,flexible-12h,flexible-24h,flexible-48h,flexible-96h
montage-aug-1,53.59392630799375,2003.0,54.9%:24.156602003190066:0.0|0.0%,54.9%:24.156602003190066:0.0|0.0%,54.9%:24.156602003190066:0.0|0.0%,54.9%:24.156602003190066:0.0|0.0%,64.4%:19.086492898949313:0.0|0.0%
montage-aug-2,49.29713145715503,1814.0,54.3%:22.51478072955858:0.0|0.0%,54.3%:22.51478072955858:0.0|0.0%,54.3%:22.51478072955858:0.0|0.0%,54.3%:22.51478072955858:0.0|0.0%,64.1%:17.673098175730836:0.0|0.0%
montage-aug-3,43.67470689990408,1884.0,54.3%:19.946930383438342:0.0|0.0%,54.3%:19.946930383438342:0.0|0.0%,54.3%:19.946930383438342:0.0|0.0%,54.3%:19.946930383438342:0.0|0.0%,64.1%:15.657450241483476:0.0|0.0%
