workflow,footprint,makespan,flexible-6h,flexible-12h,flexible-24h,flexible-48h,flexible-96h
montage-nov-1,163.1539194544374,2003.0,8.5%:149.34711263213154:0.0|0.0%,8.5%:149.34711263213154:0.0|0.0%,8.5%:149.34711263213154:0.0|0.0%,31.3%:112.10153402372583:0.0|0.0%,61.8%:62.261598853674954:0.0|0.0%
montage-nov-2,151.4795978451515,1814.0,8.1%:139.27970603461728:0.0|0.0%,8.1%:139.27970603461728:0.0|0.0%,8.1%:139.27970603461728:0.0|0.0%,32.1%:102.78528457157589:0.0|0.0%,61.8%:57.88011416621323:0.0|0.0%
montage-nov-3,134.20308325550891,1884.0,8.1%:123.3946105658005:0.0|0.0%,8.1%:123.3946105658005:0.0|0.0%,8.1%:123.3946105658005:0.0|0.0%,32.1%:91.06244206497865:0.0|0.0%,61.8%:51.278785333369555:0.0|0.0%
