workflow,footprint,makespan,flexible-6h,flexible-12h,flexible-24h,flexible-48h,flexible-96h
montage-oct-1,434.6628926781259,2003.0,0.0%:434.6628926781259:47.0|2.3%,0.0%:434.6628926781259:0.0|0.0%,0.0%:434.6628926781259:375.0|18.7%,0.0%:434.6628926781259:111.0|5.5%,0.0%:434.6628926781259:111.0|5.5%
montage-oct-2,435.53289450746763,1814.0,0.0%:435.53289450746763:99.0|5.5%,0.0%:435.53289450746763:202.0|11.1%,0.0%:435.53289450746763:577.0|31.8%,0.0%:435.53289450746763:0.0|0.0%,0.0%:435.53289450746763:0.0|0.0%
montage-oct-3,374.33257346290975,1884.0,0.0%:374.33257346290975:96.0|5.1%,0.0%:374.33257346290975:92.0|4.9%,0.0%:374.33257346290975:440.0|23.4%,0.0%:374.33257346290975:0.0|0.0%,0.0%:374.33257346290975:0.0|0.0%
