workflow,footprint,makespan,flexible-6h,flexible-12h,flexible-24h,flexible-48h,flexible-96h
nanoseq-feb-1,38.827219416137496,19616.143,6.4%:36.34352219806078:905.161|4.6%,27.2%:28.250925447777423:905.161|4.6%,35.9%:24.870414738043678:0.0|0.0%,35.9%:24.870414738043678:0.0|0.0%,48.5%:19.981310282209794:905.161|4.6%
nanoseq-feb-2,38.683077156699355,20705.598,4.9%:36.79003781934397:171.785|0.8%,27.0%:28.241616434866245:171.785|0.8%,35.0%:25.135253313358234:0.0|0.0%,35.0%:25.135253313358234:0.0|0.0%,47.5%:20.325298781882733:171.785|0.8%
nanoseq-feb-3,38.79091914963006,19775.509,6.3%:36.35397443136812:973.059|4.9%,27.2%:28.233826772249373:973.059|4.9%,35.9%:24.86907397468269:0.0|0.0%,35.9%:24.86907397468269:0.0|0.0%,48.4%:20.0040977766528:973.059|4.9%
