workflow,footprint,makespan,flexible-6h,flexible-12h,flexible-24h,flexible-48h,flexible-96h
nanoseq-aug-1,10.541976672028138,19616.143,5.9%:9.919929492385664:0.0|0.0%,5.9%:9.919929492385664:0.0|0.0%,13.3%:9.144641928488182:905.161|4.6%,13.3%:9.144641928488182:905.161|4.6%,27.8%:7.61259813210598:0.0|0.0%
nanoseq-aug-2,10.454292233777029,20705.598,4.1%:10.027462386790743:0.0|0.0%,4.1%:10.027462386790743:0.0|0.0%,11.4%:9.2632303391979:171.785|0.8%,11.4%:9.2632303391979:171.785|0.8%,26.4%:7.693832386714622:0.0|0.0%
nanoseq-aug-3,10.526004481794338,19775.509,5.7%:9.924195308476083:0.0|0.0%,5.7%:9.924195308476083:0.0|0.0%,13.1%:9.145602686007782:973.059|4.9%,13.1%:9.145602686007782:973.059|4.9%,27.7%:7.6126467698375055:0.0|0.0%
