workflow,footprint,makespan,flexible-6h,flexible-12h,flexible-24h,flexible-48h,flexible-96h
nanoseq-oct-1,67.86078125946933,19616.143,17.5%:55.976389793912965:1042.139|5.3%,36.1%:43.3671574022408:1042.139|5.3%,50.5%:33.61645572664154:686.13|3.5%,81.1%:12.81266638689304:253.567|1.3%,81.1%:12.81266638689304:253.567|1.3%
nanoseq-oct-2,68.4031043889202,20705.598,15.5%:57.81529531652432:241.557|1.2%,36.8%:43.23750484318155:241.557|1.2%,49.9%:34.289082596384624:105.161|0.5%,80.9%:13.03425533385182:841.132|4.1%,80.9%:13.03425533385182:841.132|4.1%
nanoseq-oct-3,67.8641785399286,19775.509,17.2%:56.18134292781406:965.522|4.9%,36.2%:43.27919982276792:965.522|4.9%,50.4%:33.684905354368354:507.757|2.6%,81.1%:12.844094597727896:2616.284|13.2%,81.1%:12.844094597727896:2616.284|13.2%
