workflow,footprint,makespan,flexible-6h,flexible-12h,flexible-24h,flexible-48h,flexible-96h
nanoseq-dec-1,143.08345506412678,19616.143,3.1%:138.67719286812562:33.935|0.2%,4.8%:136.25840448664866:287.502|1.5%,6.4%:133.9431951280665:0.0|0.0%,6.5%:133.71243396117163:281.468|1.4%,6.6%:133.6680729078906:281.468|1.4%
nanoseq-dec-2,146.1312040938261,20705.598,3.3%:141.3433694921519:50.196|0.2%,5.0%:138.8839043271402:50.196|0.2%,6.9%:136.0588110935741:8.504|0.0%,7.1%:135.80095888201382:69.538|0.3%,7.1%:135.73057928845262:69.538|0.3%
nanoseq-dec-3,143.3239361435695,19775.509,3.4%:138.51392215989287:40.847|0.2%,5.0%:136.1185698504098:191.742|1.0%,6.5%:134.0657921456302:0.0|0.0%,6.6%:133.82463923869125:0.0|0.0%,6.6%:133.7986592074486:0.0|0.0%
