workflow,footprint,makespan,flexible-6h,flexible-12h,flexible-24h,flexible-48h,flexible-96h
nanoseq-dec-1,47.22348297138217,19616.143,0.0%:47.22348297138217:0.0|0.0%,23.4%:36.18651853484586:0.0|0.0%,32.3%:31.950582950387986:0.0|0.0%,32.3%:31.950582950387986:0.0|0.0%,32.3%:31.950582950387986:0.0|0.0%
nanoseq-dec-2,48.17381227067834,20705.598,0.0%:48.17381227067834:0.0|0.0%,25.2%:36.01522483145445:0.0|0.0%,33.0%:32.283312185531614:0.0|0.0%,33.0%:32.283312185531614:0.0|0.0%,33.0%:32.283312185531614:0.0|0.0%
nanoseq-dec-3,47.29890400034591,19775.509,0.0%:47.29890400034591:0.0|0.0%,23.6%:36.149786018402615:0.0|0.0%,32.4%:31.952063822338793:0.0|0.0%,32.4%:31.952063822338793:0.0|0.0%,32.4%:31.952063822338793:0.0|0.0%
