workflow,footprint,makespan,flexible-6h,flexible-12h,flexible-24h,flexible-48h,flexible-96h
nanoseq-dec-1,143.08345506412678,19616.143,1.3%:141.151858914309:33.935|0.2%,1.3%:141.151858914309:33.935|0.2%,1.3%:141.151858914309:33.935|0.2%,1.3%:141.151858914309:33.935|0.2%,1.3%:141.151858914309:33.935|0.2%
nanoseq-dec-2,146.1312040938261,20705.598,1.6%:143.7725181875414:340.344|1.6%,1.6%:143.7725181875414:155.357|0.8%,1.6%:143.7725181875414:340.344|1.6%,1.6%:143.7725181875414:340.344|1.6%,1.6%:143.7725181875414:155.357|0.8%
nanoseq-dec-3,143.3239361435695,19775.509,1.6%:140.98318118411686:248.604|1.3%,1.6%:140.98318118411686:248.604|1.3%,1.6%:140.98318118411686:248.604|1.3%,1.6%:140.98318118411686:248.604|1.3%,1.6%:140.98318118411686:248.604|1.3%
