workflow,footprint,makespan,flexible-6h,flexible-12h,flexible-24h,flexible-48h,flexible-96h
nanoseq-jan-1,168.32880396936935,19616.143,1.5%:165.8611438368909:0.0|0.0%,2.4%:164.27395793304623:0.0|0.0%,4.1%:161.50901362972365:253.567|1.3%,7.1%:156.3562092174011:0.0|0.0%,13.8%:145.03100719563136:38.261|0.2%
nanoseq-jan-2,170.63989253114667,20705.598,1.4%:168.2920631714101:171.785|0.8%,2.4%:166.59520850177472:0.0|0.0%,4.1%:163.5664190725858:0.0|0.0%,6.9%:158.85237432882658:243.941|1.2%,13.7%:147.3436204476442:50.196|0.2%
nanoseq-jan-3,168.53165476135018,19775.509,1.6%:165.7886476938641:0.0|0.0%,2.5%:164.251849814727:0.0|0.0%,4.1%:161.54940033013824:136.82|0.7%,7.3%:156.3048608026611:419.515|2.1%,13.9%:145.0764178402856:52.214|0.3%
