workflow,footprint,makespan,flexible-6h,flexible-12h,flexible-24h,flexible-48h,flexible-96h
nanoseq-nov-1,150.02724756134407,19616.143,0.3%:149.5675133426848:0.0|0.0%,0.3%:149.5675133426848:0.0|0.0%,0.3%:149.54745374944525:0.0|0.0%,4.4%:143.4684720254936:81.943|0.4%,5.5%:141.7600704280542:68.747|0.4%
nanoseq-nov-2,152.0907218187501,20705.598,0.0%:152.04329440616078:0.0|0.0%,0.0%:152.04329440616078:0.0|0.0%,0.1%:152.0044079209506:0.0|0.0%,4.1%:145.8270292021441:50.196|0.2%,5.3%:144.04243427779048:305.094|1.5%
nanoseq-nov-3,150.06939478684788,19775.509,0.3%:149.656151886061:0.0|0.0%,0.3%:149.656151886061:0.0|0.0%,0.3%:149.55956812681296:38.849|0.2%,4.5%:143.37553733701444:79.696|0.4%,5.5%:141.84530700909585:144.923|0.7%
