workflow,footprint,makespan,flexible-6h,flexible-12h,flexible-24h,flexible-48h,flexible-96h
nanoseq-apr-1,33.21863323633022,19616.143,15.4%:28.093731843416347:1042.139|5.3%,43.5%:18.758824693468053:1042.139|5.3%,75.3%:8.212993304885767:1042.139|5.3%,77.5%:7.48187219523474:1728.269|8.8%,84.0%:5.307673212525441:253.567|1.3%
nanoseq-apr-2,33.00137584686675,20705.598,13.0%:28.695250930192557:241.557|1.2%,42.7%:18.897114268108428:241.557|1.2%,74.8%:8.310766053432344:241.557|1.2%,77.0%:7.587826924974239:346.718|1.7%,83.7%:5.373341123513835:841.132|4.1%
nanoseq-apr-3,33.16410902949409,19775.509,15.2%:28.12245934223422:965.522|4.9%,43.4%:18.755497109699053:965.522|4.9%,75.2%:8.214551185873837:965.522|4.9%,77.4%:7.489336668444002:1473.279|7.5%,84.0%:5.31141320808495:2616.284|13.2%
