workflow,footprint,makespan,flexible-6h,flexible-12h,flexible-24h,flexible-48h,flexible-96h
nanoseq-sep-1,136.98056269200555,19616.143,0.5%:136.31785308864775:0.0|0.0%,0.5%:136.29089061475707:21.256|0.1%,0.5%:136.29089061475707:0.0|0.0%,0.5%:136.29089061475707:289.11|1.5%,0.5%:136.29089061475707:0.0|0.0%
nanoseq-sep-2,139.46003818498963,20705.598,0.7%:138.43970064525092:67.47|0.3%,0.8%:138.30620824404969:0.0|0.0%,0.8%:138.30620824404969:258.102|1.2%,0.8%:138.30620824404969:335.079|1.6%,0.8%:138.30620824404969:17.266|0.1%
nanoseq-sep-3,137.12758003626146,19775.509,0.5%:136.40308503024215:0.0|0.0%,0.5%:136.40308503024215:0.0|0.0%,0.5%:136.40308503024215:0.0|0.0%,0.5%:136.40308503024215:146.139|0.7%,0.5%:136.40308503024215:0.0|0.0%
