workflow,footprint,makespan,flexible-6h,flexible-12h,flexible-24h,flexible-48h,flexible-96h
nanoseq-may-1,137.04383454011705,19616.143,0.5%:136.3201707798132:0.0|0.0%,0.5%:136.29089061475707:0.0|0.0%,0.5%:136.29089061475707:0.0|0.0%,0.5%:136.29089061475707:7.642|0.0%,0.5%:136.29089061475707:20.739|0.1%
nanoseq-may-2,139.4225764662631,20705.598,0.7%:138.45002813760746:67.47|0.3%,0.8%:138.30620824404969:0.0|0.0%,0.8%:138.30620824404969:241.557|1.2%,0.8%:138.30620824404969:171.785|0.8%,0.8%:138.30620824404969:357.753|1.7%
nanoseq-may-3,137.1938447883856,19775.509,0.6%:136.40308503024215:0.0|0.0%,0.6%:136.40308503024215:0.0|0.0%,0.6%:136.40308503024215:0.0|0.0%,0.6%:136.40308503024215:170.227|0.9%,0.6%:136.40308503024215:216.284|1.1%
