workflow,footprint,makespan,flexible-6h,flexible-12h,flexible-24h,flexible-48h,flexible-96h
nanoseq-jun-1,14.438716874936954,19616.143,29.3%:10.211186462569078:0.0|0.0%,29.3%:10.211186462569078:0.0|0.0%,29.3%:10.211186462569078:0.0|0.0%,29.3%:10.211186462569078:0.0|0.0%,29.3%:10.211186462569078:0.0|0.0%
nanoseq-jun-2,14.015113811841696,20705.598,26.0%:10.373957920078666:0.0|0.0%,26.0%:10.373957920078666:0.0|0.0%,26.0%:10.373957920078666:0.0|0.0%,26.0%:10.373957920078666:0.0|0.0%,26.0%:10.373957920078666:0.0|0.0%
nanoseq-jun-3,14.384931494116117,19775.509,28.9%:10.228485526198329:0.0|0.0%,28.9%:10.228485526198329:0.0|0.0%,28.9%:10.228485526198329:0.0|0.0%,28.9%:10.228485526198329:0.0|0.0%,28.9%:10.228485526198329:0.0|0.0%
