workflow,footprint,makespan,flexible-6h,flexible-12h,flexible-24h,flexible-48h,flexible-96h
nanoseq-mar-1,68.99605227668049,19616.143,23.0%:53.13016720375822:686.13|3.5%,49.8%:34.66987280232717:0.0|0.0%,64.9%:24.22435254253938:253.567|1.3%,80.4%:13.517597491097495:253.567|1.3%,82.2%:12.26918785663286:2886.997|14.7%
nanoseq-mar-2,70.47229435936985,20705.598,21.2%:55.545163282477006:105.161|0.5%,50.1%:35.1672305141068:0.0|0.0%,65.6%:24.24315631073402:841.132|4.1%,80.8%:13.550369929202075:841.132|4.1%,82.2%:12.533122395357305:1359.635|6.6%
nanoseq-mar-3,69.12156081395702,19775.509,22.7%:53.39940017811581:507.757|2.6%,49.8%:34.717682203171364:0.0|0.0%,65.0%:24.179311495241574:2616.284|13.2%,80.5%:13.505246606574415:2616.284|13.2%,82.2%:12.283349800318005:5062.622|25.6%
