workflow,footprint,makespan,flexible-6h,flexible-12h,flexible-24h,flexible-48h,flexible-96h
nanoseq-jul-1,137.5685263615832,19616.143,0.2%:137.3166414222971:0.0|0.0%,0.2%:137.30735285020646:33.935|0.2%,0.4%:137.03020515994538:40.22|0.2%,0.4%:137.03020515994538:40.22|0.2%,0.4%:137.03020515994538:40.22|0.2%
nanoseq-jul-2,139.8566186596046,20705.598,0.3%:139.4433598946681:8.504|0.0%,0.3%:139.43344395072145:0.0|0.0%,0.5%:139.15835704181995:0.0|0.0%,0.5%:139.15835704181995:0.0|0.0%,0.5%:139.15835704181995:0.0|0.0%
nanoseq-jul-3,137.75053543608215,19775.509,0.3%:137.39645573342364:0.0|0.0%,0.3%:137.38754854187354:40.847|0.2%,0.5%:137.11248524453833:40.847|0.2%,0.5%:137.11248524453833:185.77|0.9%,0.5%:137.11248524453833:40.847|0.2%
