workflow,footprint,makespan,flexible-6h,flexible-12h,flexible-24h,flexible-48h,flexible-96h
nanoseq-dec-1,47.22348297138217,19616.143,48.0%:24.570719819653423:0.0|0.0%,70.7%:13.825265644661714:0.0|0.0%,70.7%:13.825265644661714:0.0|0.0%,70.7%:13.825265644661714:0.0|0.0%,71.4%:13.507664452492818:0.0|0.0%
nanoseq-dec-2,48.17381227067834,20705.598,44.4%:26.802608283973875:0.0|0.0%,70.8%:14.045584474516073:0.0|0.0%,70.8%:14.045584474516073:0.0|0.0%,70.8%:14.045584474516073:0.0|0.0%,71.2%:13.866669384538618:0.0|0.0%
nanoseq-dec-3,47.29890400034591,19775.509,47.4%:24.89390681668868:0.0|0.0%,70.7%:13.844067661299176:0.0|0.0%,70.7%:13.844067661299176:0.0|0.0%,70.7%:13.844067661299176:0.0|0.0%,71.4%:13.53266268192034:0.0|0.0%
