workflow,footprint,makespan,flexible-6h,flexible-12h,flexible-24h,flexible-48h,flexible-96h
rangeland-jul-1,4420.301233574534,24817.0,0.6%:4391.86945741214:471.628|1.9%,0.9%:4379.925872710025:366.628|1.5%,1.6%:4351.136792760494:385.628|1.6%,1.9%:4336.866208560763:1538.884|6.2%,1.9%:4336.866208560763:1959.326|7.9%
rangeland-jul-2,4409.356476876169,24742.0,0.6%:4382.9486947086025:391.1|1.6%,1.0%:4367.131178008285:409.1|1.7%,1.6%:4340.207341590149:510.1|2.1%,1.9%:4326.476528131997:1475.3|6.0%,1.9%:4326.475667362128:1942.45|7.9%
rangeland-jul-3,4418.179701078488,24839.0,0.6%:4390.887295625181:393.666|1.6%,0.9%:4376.680514800177:509.666|2.1%,1.6%:4349.24102400575:454.666|1.8%,1.9%:4335.0594398471085:1118.998|4.5%,1.9%:4335.056746593056:1871.997|7.5%
