workflow,footprint,makespan,flexible-6h,flexible-12h,flexible-24h,flexible-48h,flexible-96h
rangeland-may-1,4410.472110821457,24817.0,0.3%:4396.368657133108:525.628|2.1%,0.6%:4382.858873680957:206.814|0.8%,1.6%:4340.845748092264:296.814|1.2%,1.7%:4336.866208560763:1107.256|4.5%,1.7%:4336.866208560763:446.442|1.8%
rangeland-may-2,4399.504954545936,24742.0,0.3%:4385.383270046326:443.1|1.8%,0.6%:4371.889776095453:213.05|0.9%,1.6%:4329.695467343603:239.05|1.0%,1.7%:4326.476528131997:705.2|2.9%,1.7%:4326.476528131997:607.2|2.5%
rangeland-may-3,4408.340941761459,24839.0,0.3%:4394.2283035617675:349.666|1.4%,0.6%:4380.7174908119305:235.333|0.9%,1.6%:4338.655864731672:283.333|1.1%,1.7%:4335.0594398471085:958.332|3.9%,1.7%:4335.0594398471085:514.332|2.1%
