workflow,footprint,makespan,flexible-6h,flexible-12h,flexible-24h,flexible-48h,flexible-96h
rangeland-may-1,4410.472110821457,24817.0,0.0%:4409.52441038822:497.628|2.0%,0.0%:4408.8677342150695:693.442|2.8%,0.1%:4407.309512878429:472.628|1.9%,0.1%:4407.309512878429:472.628|1.9%,0.1%:4407.309512878429:374.628|1.5%
rangeland-may-2,4399.504954545936,24742.0,0.0%:4398.545928300569:319.1|1.3%,0.0%:4397.921456567246:613.15|2.5%,0.1%:4396.372350227834:414.1|1.7%,0.1%:4396.372350227834:414.1|1.7%,0.1%:4396.372350227834:365.1|1.5%
rangeland-may-3,4408.340941761459,24839.0,0.0%:4407.384024021895:289.666|1.2%,0.0%:4406.748966993596:432.999|1.7%,0.1%:4405.1959989549605:394.666|1.6%,0.1%:4405.1959989549605:394.666|1.6%,0.1%:4405.1959989549605:338.666|1.4%
