workflow,footprint,makespan,flexible-6h,flexible-12h,flexible-24h,flexible-48h,flexible-96h
rangeland-jun-1,4336.866208560763,24817.0,0.0%:4336.866208560763:808.442|3.3%,0.0%:4336.866208560763:488.628|2.0%,0.0%:4336.866208560763:488.628|2.0%,0.0%:4336.866208560763:488.628|2.0%,0.0%:4336.866208560763:275.814|1.1%
rangeland-jun-2,4326.476528131997,24742.0,0.0%:4326.476528131997:566.15|2.3%,0.0%:4326.476528131997:311.1|1.3%,0.0%:4326.476528131997:311.1|1.3%,0.0%:4326.476528131997:311.1|1.3%,0.0%:4326.476528131997:311.1|1.3%
rangeland-jun-3,4335.0594398471085,24839.0,0.0%:4335.0594398471085:737.999|3.0%,0.0%:4335.0594398471085:421.666|1.7%,0.0%:4335.0594398471085:421.666|1.7%,0.0%:4335.0594398471085:421.666|1.7%,0.0%:4335.0594398471085:421.666|1.7%
