workflow,footprint,makespan,flexible-6h,flexible-12h,flexible-24h,flexible-48h,flexible-96h
rangeland-aug-1,4327.055310467001,24817.0,0.0%:4325.385814591295:139.814|0.6%,0.0%:4325.353160501671:1144.256|4.6%,0.0%:4325.353160501671:1014.256|4.1%,0.0%:4325.353160501671:1107.256|4.5%,0.0%:4325.353160501671:1014.256|4.1%
rangeland-aug-2,4316.7486463293335,24742.0,0.0%:4314.949464618275:202.05|0.8%,0.0%:4314.942273266564:676.2|2.7%,0.0%:4314.942273266564:698.2|2.8%,0.0%:4314.942273266564:712.2|2.9%,0.0%:4314.942273266564:698.2|2.8%
rangeland-aug-3,4325.370582170985,24839.0,0.0%:4323.571997462734:255.333|1.0%,0.0%:4323.555952836637:931.332|3.7%,0.0%:4323.555952836637:1061.332|4.3%,0.0%:4323.555952836637:1013.332|4.1%,0.0%:4323.555952836637:1061.332|4.3%
