workflow,footprint,makespan,flexible-6h,flexible-12h,flexible-24h,flexible-48h,flexible-96h
rangeland-jun-1,422.73836844660343,24817.0,17.7%:347.8019245105474:0.0|0.0%,17.7%:347.8019245105474:0.0|0.0%,17.7%:347.8019245105474:0.0|0.0%,17.7%:347.8019245105474:0.0|0.0%,18.5%:344.7223210402441:272.814|1.1%
rangeland-jun-2,422.48325703678023,24742.0,17.9%:346.93145330463295:0.0|0.0%,17.9%:346.93145330463295:0.0|0.0%,17.9%:346.93145330463295:0.0|0.0%,17.9%:346.93145330463295:0.0|0.0%,17.9%:346.89280393327294:268.05|1.1%
rangeland-jun-3,423.2451910582359,24839.0,17.8%:347.71642047254664:0.0|0.0%,17.8%:347.71642047254664:0.0|0.0%,17.8%:347.71642047254664:0.0|0.0%,17.8%:347.71642047254664:0.0|0.0%,17.9%:347.6476184312686:155.333|0.6%
