workflow,footprint,makespan,flexible-6h,flexible-12h,flexible-24h,flexible-48h,flexible-96h
rangeland-jul-1,4420.301233574534,24817.0,0.3%:4405.114514739211:801.442|3.2%,0.2%:4409.382948517228:421.628|1.7%,0.2%:4409.880722335235:378.628|1.5%,0.2%:4409.880722335235:378.628|1.5%,0.2%:4409.880722335235:378.628|1.5%
rangeland-jul-2,4409.356476876169,24742.0,0.3%:4396.1981810472735:658.15|2.7%,0.3%:4396.462757833207:576.1|2.3%,0.2%:4398.877883002709:620.15|2.5%,0.2%:4398.877883002709:420.1|1.7%,0.2%:4398.877883002709:420.1|1.7%
rangeland-jul-3,4418.179701078488,24839.0,0.3%:4404.128288032482:540.999|2.2%,0.3%:4406.054479902741:367.666|1.5%,0.2%:4407.714752389556:461.999|1.9%,0.2%:4407.714752389556:287.666|1.2%,0.2%:4407.714752389556:287.666|1.2%
