workflow,footprint,makespan,flexible-6h,flexible-12h,flexible-24h,flexible-48h,flexible-96h
rangeland-sep-1,4447.31871057914,24817.0,0.0%:4447.082564900199:238.814|1.0%,0.0%:4446.489778909697:503.628|2.0%,0.3%:4433.295698700847:445.628|1.8%,0.6%:4420.434374588624:503.628|2.0%,0.8%:4413.749584454986:711.442|2.9%
rangeland-sep-2,4435.83593949773,24742.0,0.0%:4435.626623292219:276.05|1.1%,0.0%:4435.045358303339:452.1|1.8%,0.3%:4423.668647666063:489.1|2.0%,0.6%:4409.363306945139:452.1|1.8%,0.7%:4402.681319015411:712.15|2.9%
rangeland-sep-3,4444.891130185745,24839.0,0.0%:4444.6706948659075:262.333|1.1%,0.0%:4444.082706413137:518.666|2.1%,0.3%:4431.975433898297:497.666|2.0%,0.6%:4418.233624182589:518.666|2.1%,0.7%:4411.561889041562:684.999|2.8%
