workflow,footprint,makespan,flexible-6h,flexible-12h,flexible-24h,flexible-48h,flexible-96h
rangeland-jun-1,4336.866208560763,24817.0,0.0%:4336.866208560763:363.628|1.5%,0.0%:4336.866208560763:1028.256|4.1%,0.0%:4336.866208560763:1380.884|5.6%,0.0%:4336.866208560763:867.256|3.5%,0.0%:4336.866208560763:292.628|1.2%
rangeland-jun-2,4326.476528131997,24742.0,0.0%:4326.476528131997:452.1|1.8%,0.0%:4326.476528131997:789.2|3.2%,0.0%:4326.476528131997:903.25|3.7%,0.0%:4326.476528131997:648.25|2.6%,0.0%:4326.476528131997:294.1|1.2%
rangeland-jun-3,4335.0594398471085,24839.0,0.0%:4335.0594398471085:415.666|1.7%,0.0%:4335.0594398471085:937.332|3.8%,0.0%:4335.0594398471085:1021.665|4.1%,0.0%:4335.0594398471085:862.665|3.5%,0.0%:4335.0594398471085:143.666|0.6%
