workflow,footprint,makespan,flexible-6h,flexible-12h,flexible-24h,flexible-48h,flexible-96h
rangeland-apr-1,4626.0724590915925,24817.0,-0.3%:4639.772906632705:735.442|3.0%,1.4%:4559.891179276881:665.442|2.7%,1.0%:4581.0376662397975:505.628|2.0%,1.0%:4581.0376662397975:505.628|2.0%,1.8%:4541.146955303054:374.628|1.5%
rangeland-apr-2,4614.2159765571905,24742.0,-0.3%:4630.259494386655:520.1|2.1%,1.4%:4548.134683266056:686.15|2.8%,1.0%:4569.873669729106:569.15|2.3%,1.0%:4569.873669729106:569.15|2.3%,1.7%:4535.128840895565:731.15|3.0%
rangeland-apr-3,4624.108800060548,24839.0,-0.3%:4638.978193607833:504.666|2.0%,1.4%:4557.953255952722:623.999|2.5%,1.0%:4579.428278967902:433.999|1.7%,1.0%:4579.428278967902:433.999|1.7%,1.7%:4544.306104410184:701.999|2.8%
