workflow,footprint,makespan,flexible-6h,flexible-12h,flexible-24h,flexible-48h,flexible-96h
rangeland-aug-1,335.75585836929275,24817.0,2.0%:328.90336836311195:0.0|0.0%,2.0%:328.90336836311195:0.0|0.0%,11.9%:295.77967046866866:212.814|0.9%,12.5%:293.75544321808525:683.442|2.8%,26.2%:247.9356597908827:220.814|0.9%
rangeland-aug-2,335.15837886244054,24742.0,-0.5%:336.6699396162243:0.0|0.0%,-0.5%:336.6699396162243:0.0|0.0%,12.0%:295.02417986225873:143.05|0.6%,12.5%:293.1803291171335:280.15|1.1%,25.9%:248.38963461326733:137.05|0.6%
rangeland-aug-3,335.84907621296406,24839.0,-0.5%:337.509861946792:0.0|0.0%,-0.5%:337.509861946792:0.0|0.0%,12.0%:295.64397412118825:221.333|0.9%,12.5%:293.7966701731022:642.999|2.6%,25.9%:248.92560652990045:421.333|1.7%
