workflow,footprint,makespan,flexible-6h,flexible-12h,flexible-24h,flexible-48h,flexible-96h
rangeland-nov-1,4901.02780048742,24817.0,0.1%:4896.804721306767:233.814|0.9%,0.1%:4896.801422755667:474.628|1.9%,0.1%:4896.801422755667:474.628|1.9%,0.1%:4896.801422755667:474.628|1.9%,1.6%:4822.139750483073:786.256|3.2%
rangeland-nov-2,4888.441299611495,24742.0,0.1%:4884.212193015028:148.05|0.6%,0.1%:4884.209331941825:315.1|1.3%,0.1%:4884.209331941825:315.1|1.3%,0.1%:4884.209331941825:315.1|1.3%,1.5%:4816.400441474003:805.2|3.3%
rangeland-nov-3,4898.756795027537,24839.0,0.1%:4894.535787296143:255.333|1.0%,0.1%:4894.532689943193:537.666|2.2%,0.1%:4894.532689943193:537.666|2.2%,0.1%:4894.532689943193:537.666|2.2%,1.5%:4822.999740615214:924.332|3.7%
