workflow,footprint,makespan,flexible-6h,flexible-12h,flexible-24h,flexible-48h,flexible-96h
rnaseq-jun-1,5873.6570272318895,10697.0,0.0%:5873.6570272318895:650.192|6.1%,0.0%:5873.6570272318895:262.064|2.4%,0.0%:5873.6570272318895:450.128|4.2%,0.0%:5873.6570272318895:720.192|6.7%,0.0%:5873.6570272318895:782.192|7.3%
rnaseq-jun-2,5749.388220739325,11472.0,0.0%:5749.388220739325:682.532|5.9%,0.0%:5749.388220739325:194.844|1.7%,0.0%:5749.388220739325:136.844|1.2%,0.0%:5749.388220739325:527.688|4.6%,0.0%:5749.388220739325:1094.376|9.5%
rnaseq-jun-3,6025.11940297649,10863.0,0.0%:6025.11940297649:725.008|6.7%,0.0%:6025.11940297649:462.672|4.3%,0.0%:6025.11940297649:569.672|5.2%,0.0%:6025.11940297649:692.008|6.4%,0.0%:6025.11940297649:987.344|9.1%
