workflow,footprint,makespan,flexible-6h,flexible-12h,flexible-24h,flexible-48h,flexible-96h
rnaseq-mar-1,7338.163838418129,10697.0,0.0%:7336.4611605978:134.064|1.3%,0.1%:7328.304413699664:728.192|6.8%,0.4%:7305.807229654606:531.128|5.0%,1.5%:7229.161620283709:693.192|6.5%,1.6%:7222.9985326739:684.192|6.4%
rnaseq-mar-2,7183.046569654204,11472.0,0.0%:7180.858021108221:213.844|1.9%,0.2%:7169.88034823175:1171.376|10.2%,0.4%:7150.814896765742:462.688|4.0%,1.5%:7077.7602016128385:457.688|4.0%,1.6%:7069.46549667097:845.532|7.4%
rnaseq-mar-3,7527.459111813271,10863.0,0.0%:7525.512392080449:296.336|2.7%,0.2%:7514.868535950369:764.008|7.0%,0.4%:7493.825403363702:758.008|7.0%,1.5%:7415.58176310593:620.008|5.7%,1.5%:7410.804207304267:590.672|5.4%
