workflow,footprint,makespan,flexible-6h,flexible-12h,flexible-24h,flexible-48h,flexible-96h
rnaseq-feb-1,6475.149681096161,10697.0,1.8%:6357.634484181842:269.064|2.5%,2.2%:6333.5528242757:262.064|2.4%,2.2%:6329.645894475801:0.0|0.0%,2.8%:6292.124634547026:848.192|7.9%,4.1%:6207.466098679156:170.064|1.6%
rnaseq-feb-2,6341.313588069462,11472.0,1.9%:6222.761300410403:258.844|2.3%,2.2%:6199.670573732789:274.844|2.4%,2.3%:6197.253450691341:136.844|1.2%,2.9%:6158.361720185772:555.688|4.8%,4.2%:6074.67268046177:262.844|2.3%
rnaseq-feb-3,6638.907679373413,10863.0,1.8%:6520.784956681504:274.336|2.5%,2.1%:6496.75405767426:222.336|2.0%,2.2%:6493.286285049063:555.672|5.1%,2.8%:6454.825739043511:867.008|8.0%,4.1%:6366.932427882802:258.336|2.4%
