workflow,footprint,makespan,flexible-6h,flexible-12h,flexible-24h,flexible-48h,flexible-96h
rnaseq-jul-1,1950.115821029608,10697.0,10.0%:1754.1935219512168:0.0|0.0%,14.3%:1671.7167432379522:1412.064|13.2%,69.7%:590.578225030614:0.0|0.0%,78.4%:422.09217158975736:0.0|0.0%,83.6%:319.5346792298624:0.0|0.0%
rnaseq-jul-2,1914.5835107810815,11472.0,9.9%:1725.0531202440352:1606.844|14.0%,14.3%:1640.5942413075122:3774.688|32.9%,67.7%:617.609803657414:0.0|0.0%,78.4%:414.4476450553804:0.0|0.0%,83.3%:319.8346684965925:0.0|0.0%
rnaseq-jul-3,1996.7842082124005,10863.0,9.8%:1801.5386953978973:1624.336|15.0%,14.2%:1713.4826095513886:4317.672|39.7%,67.8%:643.6393007201705:0.0|0.0%,78.3%:432.49415976768597:0.0|0.0%,83.3%:333.43406914801943:0.0|0.0%
