workflow,footprint,makespan,flexible-6h,flexible-12h,flexible-24h,flexible-48h,flexible-96h
rnaseq-jan-1,7323.248861143482,10697.0,1.1%:7245.695164444432:831.192|7.8%,2.9%:7112.038270275408:785.192|7.3%,5.7%:6904.877768746786:254.064|2.4%,10.4%:6560.435269875394:825.256|7.7%,15.2%:6212.532495232425:851.256|8.0%
rnaseq-jan-2,7167.495419225077,11472.0,1.1%:7088.651525561534:1067.376|9.3%,3.0%:6953.166062068023:582.688|5.1%,5.6%:6762.956474287101:575.688|5.0%,10.4%:6419.660267495455:1093.376|9.5%,15.2%:6081.079499124334:874.532|7.6%
rnaseq-jan-3,7514.116660019138,10863.0,1.1%:7434.761771503246:592.672|5.5%,2.9%:7298.885122480914:519.672|4.8%,5.7%:7084.012122246725:293.336|2.7%,10.3%:6737.013266646162:960.344|8.8%,15.2%:6373.194543239837:847.008|7.8%
