workflow,footprint,makespan,flexible-6h,flexible-12h,flexible-24h,flexible-48h,flexible-96h
rnaseq-jan-1,7323.248861143482,10697.0,0.0%:7321.230533025392:526.128|4.9%,0.4%:7297.154127398379:999.256|9.3%,2.7%:7123.514518220709:892.256|8.3%,4.5%:6992.120287439679:616.192|5.8%,5.4%:6929.565240335063:408.192|3.8%
rnaseq-jan-2,7167.495419225077,11472.0,0.0%:7164.974303459545:827.532|7.2%,0.4%:7137.139406884824:709.532|6.2%,2.7%:6975.174578502873:757.532|6.6%,4.5%:6842.529031130932:782.532|6.8%,5.4%:6782.237721125521:834.532|7.3%
rnaseq-jan-3,7514.116660019138,10863.0,0.0%:7512.000809932609:815.008|7.5%,0.4%:7484.980724134356:647.008|6.0%,2.8%:7303.084472353746:1040.344|9.6%,4.5%:7179.322343926879:818.008|7.5%,5.4%:7108.357492837048:951.344|8.8%
