workflow,footprint,makespan,flexible-6h,flexible-12h,flexible-24h,flexible-48h,flexible-96h
rnaseq-aug-1,493.20362095559597,10697.0,18.7%:400.8921964996575:0.0|0.0%,18.7%:400.8921964996575:0.0|0.0%,19.0%:399.43434265201915:1412.064|13.2%,26.9%:360.5682876839581:0.0|0.0%,38.0%:305.7041791000681:0.0|0.0%
rnaseq-aug-2,484.4770673521267,11472.0,18.7%:393.8404209348719:0.0|0.0%,18.7%:393.8404209348719:0.0|0.0%,19.1%:391.9918171070411:1606.844|14.0%,22.5%:375.4778092235788:1606.844|14.0%,34.4%:317.68552471047195:0.0|0.0%
rnaseq-aug-3,504.0008692155387,10863.0,18.4%:411.18312028638854:0.0|0.0%,18.4%:411.18312028638854:0.0|0.0%,18.8%:409.3395218412893:1624.336|15.0%,22.4%:391.3503712797574:1624.336|15.0%,34.3%:331.3646016484592:0.0|0.0%
