workflow,footprint,makespan,flexible-6h,flexible-12h,flexible-24h,flexible-48h,flexible-96h
rnaseq-nov-1,6450.128104154333,10697.0,1.1%:6376.024386282452:269.064|2.5%,1.4%:6360.962375204476:558.128|5.2%,1.4%:6360.199080062246:841.192|7.9%,2.0%:6324.006408186658:567.128|5.3%,2.0%:6324.006408186658:567.128|5.3%
rnaseq-nov-2,6316.428894272016,11472.0,1.0%:6250.332698246224:258.844|2.3%,1.4%:6225.839367922352:562.688|4.9%,1.4%:6225.564245555473:293.844|2.6%,1.7%:6207.824407545725:886.532|7.7%,1.7%:6207.824407545725:886.532|7.7%
rnaseq-nov-3,6613.482780431192,10863.0,1.0%:6544.297059277542:274.336|2.5%,1.3%:6529.865883980495:811.008|7.5%,1.3%:6529.4221586263475:812.008|7.5%,1.7%:6500.949853046621:870.008|8.0%,1.7%:6500.949853046621:870.008|8.0%
