workflow,footprint,makespan,flexible-6h,flexible-12h,flexible-24h,flexible-48h,flexible-96h
rnaseq-dec-1,5773.9608254645955,10697.0,0.8%:5726.892982526502:131.064|1.2%,1.3%:5699.629370026654:134.064|1.3%,1.1%:5708.600896115154:269.064|2.5%,1.1%:5708.600896115154:269.064|2.5%,1.1%:5708.600896115154:269.064|2.5%
rnaseq-dec-2,5653.162551480745,11472.0,0.8%:5605.137314514813:387.688|3.4%,1.3%:5579.224968753637:0.0|0.0%,1.1%:5588.757264614975:258.844|2.3%,1.0%:5596.11953451052:0.0|0.0%,1.0%:5596.11953451052:0.0|0.0%
rnaseq-dec-3,5926.165057157598,10863.0,0.8%:5877.3590133909:295.336|2.7%,1.3%:5849.743522418929:296.336|2.7%,1.2%:5855.146702355494:274.336|2.5%,1.1%:5858.7629118853965:295.336|2.7%,1.1%:5858.7629118853965:295.336|2.7%
