workflow,footprint,makespan,flexible-6h,flexible-12h,flexible-24h,flexible-48h,flexible-96h
rnaseq-sep-1,5873.6570272318895,10697.0,0.0%:5873.6570272318895:650.192|6.1%,0.0%:5873.6570272318895:262.064|2.4%,0.0%:5873.6570272318895:654.192|6.1%,0.0%:5873.6570272318895:654.192|6.1%,0.0%:5873.6570272318895:926.256|8.7%
rnaseq-sep-2,5749.388220739325,11472.0,0.0%:5749.388220739325:682.532|5.9%,0.0%:5749.388220739325:194.844|1.7%,0.0%:5749.388220739325:859.532|7.5%,0.0%:5749.388220739325:559.688|4.9%,0.0%:5749.388220739325:859.532|7.5%
rnaseq-sep-3,6025.11940297649,10863.0,0.0%:6025.11940297649:725.008|6.7%,0.0%:6025.11940297649:462.672|4.3%,0.0%:6025.11940297649:763.008|7.0%,0.0%:6025.11940297649:763.008|7.0%,0.0%:6025.11940297649:985.344|9.1%
