workflow,footprint,makespan,flexible-6h,flexible-12h,flexible-24h,flexible-48h,flexible-96h
rnaseq-nov-1,1892.2961930550296,10697.0,42.4%:1090.6455491398456:0.0|0.0%,42.7%:1085.0953481741183:0.0|0.0%,42.7%:1085.0953481741183:0.0|0.0%,42.7%:1085.0953481741183:0.0|0.0%,42.7%:1085.0953481741183:0.0|0.0%
rnaseq-nov-2,1857.6798327848228,11472.0,42.3%:1071.2310247626551:0.0|0.0%,42.6%:1065.497310594828:0.0|0.0%,42.6%:1065.497310594828:0.0|0.0%,42.6%:1065.497310594828:0.0|0.0%,42.6%:1065.497310594828:0.0|0.0%
rnaseq-nov-3,1936.213486683754,10863.0,42.2%:1118.834984029863:0.0|0.0%,42.6%:1112.2650044852635:0.0|0.0%,42.6%:1112.2650044852635:0.0|0.0%,42.6%:1112.2650044852635:0.0|0.0%,42.6%:1112.2650044852635:0.0|0.0%
