workflow,footprint,makespan,flexible-6h,flexible-12h,flexible-24h,flexible-48h,flexible-96h
rnaseq-jan-1,3024.403389985361,10697.0,2.8%:2939.6250378626655:0.0|0.0%,19.3%:2441.176082075475:0.0|0.0%,26.5%:2224.2771102563347:0.0|0.0%,27.2%:2200.6564186036694:1412.064|13.2%,27.2%:2200.6564186036694:1412.064|13.2%
rnaseq-jan-2,2968.6174849375157,11472.0,2.8%:2885.6909357370387:2167.844|18.9%,19.3%:2396.0884985721286:0.0|0.0%,26.5%:2183.227380771318:2167.844|18.9%,26.5%:2183.227380771318:2167.844|18.9%,26.5%:2183.227380771318:2167.844|18.9%
rnaseq-jan-3,3097.8614018035814,10863.0,2.8%:3012.0006785650676:2693.336|24.8%,19.4%:2497.3500440824246:0.0|0.0%,26.5%:2277.868167484368:2693.336|24.8%,26.5%:2277.868167484368:2693.336|24.8%,26.5%:2277.868167484368:2693.336|24.8%
