workflow,footprint,makespan,flexible-6h,flexible-12h,flexible-24h,flexible-48h,flexible-96h
rnaseq-nov-1,1892.2961930550296,10697.0,4.4%:1808.886484232452:0.0|0.0%,8.8%:1725.7627383862623:1412.064|13.2%,28.3%:1357.435355974115:0.0|0.0%,28.3%:1357.435355974115:0.0|0.0%,28.3%:1357.435355974115:0.0|0.0%
rnaseq-nov-2,1857.6798327848228,11472.0,4.4%:1776.0045450408743:0.0|0.0%,8.9%:1693.0578005466878:1606.844|14.0%,28.1%:1336.2817727487936:0.0|0.0%,28.1%:1336.2817727487936:0.0|0.0%,28.1%:1336.2817727487936:0.0|0.0%
rnaseq-nov-3,1936.213486683754,10863.0,4.3%:1853.7172311341644:0.0|0.0%,8.9%:1763.1080858863481:1624.336|15.0%,28.0%:1394.8159762010248:0.0|0.0%,28.0%:1394.8159762010248:0.0|0.0%,28.0%:1394.8159762010248:0.0|0.0%
