workflow,footprint,makespan,flexible-6h,flexible-12h,flexible-24h,flexible-48h,flexible-96h
rnaseq-sep-1,1011.3196995840116,10697.0,40.0%:606.4669301613502:1412.064|13.2%,40.0%:606.4669301613502:1412.064|13.2%,40.0%:606.4669301613502:1412.064|13.2%,49.3%:512.7898202498322:0.0|0.0%,61.9%:385.3049123975851:1412.064|13.2%
rnaseq-sep-2,992.042400935352,11472.0,39.5%:599.7399499209008:0.0|0.0%,39.5%:599.7399499209008:0.0|0.0%,39.5%:599.7399499209008:0.0|0.0%,49.3%:503.2462487359862:0.0|0.0%,60.4%:392.66243520900093:0.0|0.0%
rnaseq-sep-3,1030.9851993522755,10863.0,39.2%:626.4784217739856:0.0|0.0%,39.2%:626.4784217739856:0.0|0.0%,39.2%:626.4784217739856:0.0|0.0%,49.1%:524.492371176629:0.0|0.0%,60.2%:410.3058983758554:0.0|0.0%
