workflow,footprint,makespan,flexible-6h,flexible-12h,flexible-24h,flexible-48h,flexible-96h
rnaseq-jan-1,3024.403389985361,10697.0,24.9%:2270.2954434656317:0.0|0.0%,27.7%:2187.7009050439283:0.0|0.0%,28.0%:2177.882230926458:1412.064|13.2%,35.1%:1964.2625167655656:0.0|0.0%,51.2%:1475.7204452470678:0.0|0.0%
rnaseq-jan-2,2968.6174849375157,11472.0,24.9%:2229.554395500854:2167.844|18.9%,27.6%:2147.8228553238228:2167.844|18.9%,28.0%:2137.5988668281248:3774.688|32.9%,34.1%:1957.0824152229864:0.0|0.0%,49.8%:1489.9062796643836:0.0|0.0%
rnaseq-jan-3,3097.8614018035814,10863.0,24.7%:2333.2997103921375:2693.336|24.8%,27.6%:2242.3626450934457:2693.336|24.8%,28.0%:2231.3489203018667:4317.672|39.7%,34.1%:2042.1353713829917:0.0|0.0%,49.8%:1553.8347132557096:0.0|0.0%
