workflow,footprint,makespan,flexible-6h,flexible-12h,flexible-24h,flexible-48h,flexible-96h
sarek-may-1,16801.332358652933,18299.0,0.3%:16742.946171973803:28.769|0.2%,0.3%:16742.92752829439:986.076|5.4%,0.3%:16742.92752829439:553.538|3.0%,0.3%:16742.92752829439:1157.845|6.3%,0.3%:16742.92752829439:961.076|5.3%
sarek-may-2,16827.422049120345,17619.0,0.1%:16807.623126767576:518.824|2.9%,0.1%:16807.623126767576:809.236|4.6%,0.1%:16807.623126767576:784.236|4.5%,0.1%:16807.623126767576:310.824|1.8%,0.1%:16807.623126767576:964.648|5.5%
sarek-may-3,16679.464324135937,18878.0,0.6%:16583.468825272586:469.834|2.5%,0.6%:16582.37859408917:223.417|1.2%,0.6%:16582.37859408917:781.251|4.1%,0.6%:16582.37859408917:898.668|4.8%,0.6%:16582.37859408917:888.668|4.7%
