workflow,footprint,makespan,flexible-6h,flexible-12h,flexible-24h,flexible-48h,flexible-96h
sarek-apr-1,18168.915974191543,18299.0,1.0%:17984.187854954023:711.307|3.9%,2.9%:17642.91443766068:668.307|3.7%,4.7%:17314.260794057966:538.538|2.9%,5.6%:17157.955198309286:540.538|3.0%,5.6%:17157.955198309286:540.538|3.0%
sarek-apr-2,18122.84588486712,17619.0,0.9%:17963.691729024544:573.236|3.3%,2.4%:17691.484259166067:329.824|1.9%,4.4%:17332.95539065332:277.824|1.6%,5.5%:17128.833910205718:728.236|4.1%,5.5%:17128.833910205718:565.824|3.2%
sarek-apr-3,18079.784349913658,18878.0,2.0%:17723.593411749283:875.251|4.6%,4.0%:17362.274329497854:800.251|4.2%,4.4%:17289.71018746319:334.834|1.8%,5.4%:17101.81392701697:711.251|3.8%,5.4%:17101.81392701697:711.251|3.8%
