workflow,footprint,makespan,flexible-6h,flexible-12h,flexible-24h,flexible-48h,flexible-96h
sarek-aug-1,16742.84338558244,18299.0,0.1%:16731.014453053882:843.307|4.6%,0.3%:16697.05796547718:522.538|2.9%,0.6%:16643.20129278824:1319.614|7.2%,0.6%:16646.136206804127:823.307|4.5%,0.6%:16643.20129278824:1637.383|8.9%
sarek-aug-2,16807.623126767576,17619.0,0.0%:16800.60817648534:802.236|4.6%,0.3%:16763.384753476184:866.236|4.9%,0.6%:16709.66094855523:870.648|4.9%,0.6%:16706.60790368292:1429.472|8.1%,0.6%:16708.305164859248:1533.472|8.7%
sarek-aug-3,16580.470811267867,18878.0,0.1%:16560.81288763774:662.251|3.5%,0.3%:16535.281931253758:277.417|1.5%,0.6%:16488.295098761362:1194.085|6.3%,0.4%:16508.822933173324:1119.668|5.9%,0.6%:16488.295098761362:1757.919|9.3%
