workflow,footprint,makespan,flexible-6h,flexible-12h,flexible-24h,flexible-48h,flexible-96h
sarek-jun-1,16742.92752829439,18299.0,0.0%:16742.92752829439:843.307|4.6%,0.0%:16742.92752829439:987.076|5.4%,0.0%:16742.92752829439:540.538|3.0%,0.0%:16742.92752829439:540.538|3.0%,0.0%:16742.92752829439:1555.383|8.5%
sarek-jun-2,16807.623126767576,17619.0,0.0%:16807.623126767576:802.236|4.6%,0.0%:16807.623126767576:866.236|4.9%,0.0%:16807.623126767576:523.824|3.0%,0.0%:16807.623126767576:1339.06|7.6%,0.0%:16807.623126767576:1050.648|6.0%
sarek-jun-3,16582.37859408917,18878.0,0.0%:16582.37859408917:662.251|3.5%,0.0%:16582.37859408917:503.834|2.7%,0.0%:16582.37859408917:335.834|1.8%,0.0%:16582.37859408917:718.251|3.8%,0.0%:16582.37859408917:1831.919|9.7%
