workflow,footprint,makespan,flexible-6h,flexible-12h,flexible-24h,flexible-48h,flexible-96h
sarek-apr-1,18168.915974191543,18299.0,1.1%:17967.754447779582:815.307|4.5%,3.2%:17590.74747397839:1177.845|6.4%,6.3%:17015.573281118366:253.538|1.4%,7.8%:16742.92752829439:1108.076|6.1%,7.8%:16742.92752829439:1381.845|7.6%
sarek-apr-2,18122.84588486712,17619.0,1.0%:17949.67701271036:703.236|4.0%,2.7%:17640.231741785075:1066.06|6.1%,5.6%:17105.95378477048:315.824|1.8%,7.3%:16807.623126767576:1572.472|8.9%,7.3%:16807.623126767576:1225.472|7.0%
sarek-apr-3,18079.784349913658,18878.0,2.1%:17706.70876676583:518.834|2.7%,4.3%:17308.144603209872:1253.502|6.6%,6.9%:16840.07819023568:569.834|3.0%,8.2%:16593.48824173156:1051.668|5.6%,8.3%:16582.37859408917:1849.919|9.8%
