workflow,footprint,makespan,flexible-6h,flexible-12h,flexible-24h,flexible-48h,flexible-96h
sarek-sep-1,16796.396004924558,18299.0,0.3%:16742.944696220813:28.769|0.2%,0.3%:16742.92752829439:481.538|2.6%,0.3%:16742.92752829439:790.307|4.3%,0.3%:16742.92752829439:414.538|2.3%,0.3%:16742.92752829439:814.307|4.5%
sarek-sep-2,16825.664018664847,17619.0,0.1%:16807.623126767576:564.824|3.2%,0.1%:16807.623126767576:482.824|2.7%,0.1%:16807.623126767576:668.236|3.8%,0.1%:16807.623126767576:635.236|3.6%,0.1%:16807.623126767576:815.236|4.6%
sarek-sep-3,16671.319454639935,18878.0,0.5%:16583.382527289705:469.834|2.5%,0.5%:16582.37859408917:277.417|1.5%,0.5%:16582.37859408917:296.417|1.6%,0.5%:16582.37859408917:725.251|3.8%,0.5%:16582.37859408917:502.834|2.7%
