workflow,footprint,makespan,flexible-6h,flexible-12h,flexible-24h,flexible-48h,flexible-96h
sarek-jan-1,8576.248504741458,18299.0,0.1%:8563.976877915988:2207.769|12.1%,21.5%:6736.405444287604:0.0|0.0%,25.0%:6431.41353724985:4790.538|26.2%,25.0%:6431.41353724985:4790.538|26.2%,25.0%:6431.41353724985:4790.538|26.2%
sarek-jan-2,8643.703994542955,17619.0,0.2%:8627.951201723923:1567.412|8.9%,21.7%:6770.26571273096:0.0|0.0%,25.1%:6473.177985607217:1567.412|8.9%,25.1%:6473.177985607217:1567.412|8.9%,25.1%:6473.177985607217:1567.412|8.9%
sarek-jan-3,8573.440198684091,18878.0,0.3%:8550.115689017412:2778.417|14.7%,21.5%:6733.5047964379355:0.0|0.0%,24.8%:6444.6544272984465:3978.834|21.1%,24.8%:6444.6544272984465:3978.834|21.1%,24.8%:6444.6544272984465:3978.834|21.1%
