workflow,footprint,makespan,flexible-6h,flexible-12h,flexible-24h,flexible-48h,flexible-96h
sarek-jul-1,5419.58659965008,18299.0,3.5%:5230.448537387672:1261.769|6.9%,24.2%:4105.440951382923:3469.538|19.0%,65.9%:1849.4716585302651:0.0|0.0%,76.6%:1266.1360221850478:0.0|0.0%,81.9%:981.7407733068709:0.0|0.0%
sarek-jul-2,5475.5245969815,17619.0,4.7%:5216.88835961824:1277.412|7.3%,23.0%:4213.441464179329:2844.824|16.1%,67.4%:1786.4032344615568:0.0|0.0%,76.4%:1290.5218387713833:0.0|0.0%,82.4%:965.5227809643028:0.0|0.0%
sarek-jul-3,5400.237206938961,18878.0,3.5%:5213.373720833591:1271.417|6.7%,24.6%:4069.1253302683845:4049.834|21.5%,65.9%:1842.8984755563306:0.0|0.0%,76.5%:1269.4130970983827:0.0|0.0%,81.8%:983.6097132137445:0.0|0.0%
