workflow,footprint,makespan,flexible-6h,flexible-12h,flexible-24h,flexible-48h,flexible-96h
sarek-nov-1,18630.21886927672,18299.0,0.6%:18514.949459365365:0.0|0.0%,0.6%:18514.949459365365:0.0|0.0%,0.8%:18481.740550382692:266.769|1.5%,5.0%:17702.47099766743:854.307|4.7%,6.0%:17506.145967284876:1249.845|6.8%
sarek-nov-2,18676.724647252282,17619.0,0.0%:18673.94432736641:267.412|1.5%,0.7%:18553.12416468889:288.412|1.6%,0.8%:18531.385463303955:527.824|3.0%,5.0%:17737.143654038333:878.236|5.0%,6.2%:17525.227139716088:1037.648|5.9%
sarek-nov-3,18417.12910853537,18878.0,0.3%:18354.84792904522:312.834|1.7%,0.3%:18354.84792904522:303.834|1.6%,0.5%:18320.71338638991:267.417|1.4%,4.5%:17580.506670369115:694.251|3.7%,6.3%:17263.77878293089:1582.502|8.4%
