workflow,footprint,makespan,flexible-6h,flexible-12h,flexible-24h,flexible-48h,flexible-96h
sarek-may-1,3471.090786531728,18299.0,19.1%:2808.9633485970876:0.0|0.0%,18.7%:2821.0377118469332:3528.769|19.3%,29.9%:2431.821998626984:1261.769|6.9%,29.9%:2431.821998626984:1261.769|6.9%,29.9%:2431.821998626984:1261.769|6.9%
sarek-may-2,3506.177060903312,17619.0,19.7%:2814.344207719924:0.0|0.0%,19.2%:2832.782897167308:3010.412|17.1%,33.0%:2348.7892240170813:0.0|0.0%,33.0%:2348.7892240170813:0.0|0.0%,33.0%:2348.7892240170813:0.0|0.0%
sarek-may-3,3457.3062583851956,18878.0,18.4%:2822.1704472141896:0.0|0.0%,18.6%:2812.838455216595:2707.417|14.3%,30.1%:2416.3341585390167:1271.417|6.7%,30.1%:2416.3341585390167:1271.417|6.7%,30.1%:2416.3341585390167:1271.417|6.7%
