workflow,footprint,makespan,flexible-6h,flexible-12h,flexible-24h,flexible-48h,flexible-96h
sarek-feb-1,18250.032206407457,18299.0,0.3%:18199.370023455:0.0|0.0%,0.3%:18188.996336227217:199.538|1.1%,0.3%:18188.996336227217:199.538|1.1%,0.3%:18188.996336227217:199.538|1.1%,0.3%:18188.765717507737:590.538|3.2%
sarek-feb-2,18290.735354947472,17619.0,0.3%:18235.14665956622:0.0|0.0%,0.4%:18225.16648504455:293.412|1.7%,0.4%:18225.16648504455:294.412|1.7%,0.4%:18225.16648504455:294.412|1.7%,0.4%:18225.16648504455:294.412|1.7%
sarek-feb-3,18089.159923032676,18878.0,0.2%:18060.681452357654:0.0|0.0%,0.2%:18051.616531296713:196.417|1.0%,0.2%:18051.616531296713:196.417|1.0%,0.2%:18051.616531296713:196.417|1.0%,0.2%:18049.85143340868:240.417|1.3%
