workflow,footprint,makespan,flexible-6h,flexible-12h,flexible-24h,flexible-48h,flexible-96h
sarek-jan-1,20481.179349857455,18299.0,0.7%:20331.352424289867:531.538|2.9%,1.1%:20253.571387081378:589.538|3.2%,2.7%:19935.913837753746:711.307|3.9%,5.7%:19304.490998576744:2183.152|11.9%,12.8%:17850.570724373323:619.307|3.4%
sarek-jan-2,20644.511202524238,17619.0,1.2%:20389.92648962788:754.236|4.3%,1.7%:20284.107454185134:988.648|5.6%,3.0%:20015.847942841996:782.236|4.4%,6.0%:19405.148642624692:2235.296|12.7%,13.4%:17879.570580470543:667.236|3.8%
sarek-jan-3,20284.028375937763,18878.0,0.2%:20239.751697080752:518.834|2.7%,0.8%:20129.27339244942:790.251|4.2%,2.6%:19753.126809642697:781.251|4.1%,5.7%:19134.02856062399:1965.336|10.4%,12.6%:17722.620374520207:594.251|3.1%
