workflow,footprint,makespan,flexible-6h,flexible-12h,flexible-24h,flexible-48h,flexible-96h
sarek-mar-1,8264.87957819957,18299.0,0.0%:8264.87957819957:0.0|0.0%,6.7%:7707.6437071631035:1261.769|6.9%,34.1%:5446.10294846161:0.0|0.0%,69.0%:2565.1480694994034:0.0|0.0%,80.8%:1585.8928057536325:0.0|0.0%
sarek-mar-2,8312.380054579575,17619.0,0.0%:8312.380054579575:0.0|0.0%,6.5%:7774.15270943855:1277.412|7.3%,36.2%:5304.215832760605:0.0|0.0%,68.9%:2587.666914749741:0.0|0.0%,80.8%:1597.207953544111:0.0|0.0%
sarek-mar-3,8267.139476112414,18878.0,0.0%:8267.139476112414:0.0|0.0%,6.7%:7712.946602600907:1271.417|6.7%,37.1%:5204.132545275572:0.0|0.0%,69.1%:2551.979845903907:0.0|0.0%,80.9%:1578.6417430507797:0.0|0.0%
