workflow,footprint,makespan,flexible-6h,flexible-12h,flexible-24h,flexible-48h,flexible-96h
sarek-dec-1,17730.29339573455,18299.0,2.0%:17380.85537670715:805.307|4.4%,4.2%:16977.83200878965:1022.076|5.6%,7.0%:16481.492301423845:199.538|1.1%,7.1%:16471.951748655334:584.307|3.2%,7.1%:16466.456919985958:584.307|3.2%
sarek-dec-2,17774.16023065254,17619.0,2.1%:17408.97369098608:791.236|4.5%,4.9%:16902.25386654694:803.236|4.6%,7.0%:16531.290452285113:111.412|0.6%,7.1%:16516.47925318466:234.412|1.3%,7.1%:16516.420171125996:234.412|1.3%
sarek-dec-3,17482.45362324929,18878.0,1.8%:17169.848017848075:817.251|4.3%,3.1%:16941.629978819175:825.251|4.4%,6.7%:16318.736818562755:240.417|1.3%,6.7%:16316.108035805704:810.251|4.3%,6.7%:16308.38299873529:1123.085|5.9%
