trace,op_ems,emb_ems
montage-mar-2,615.4582283493148,4.417620969401983
montage-mar-2~+00-01-00,613.9655357042604,4.417620969401983
montage-mar-2~+00-02-00,614.6449022286118,4.417620969401983
montage-mar-2~+00-03-00,616.2619859274196,4.417620969401983
montage-mar-2~+00-04-00,621.1036684812478,4.417620969401983
montage-mar-2~+00-05-00,625.7826858109353,4.417620969401983
montage-mar-2~+00-06-00,634.6431562552918,4.417620969401983
montage-mar-2~+00-07-00,637.9634405362762,4.417620969401983
montage-mar-2~+00-08-00,641.3411360728398,4.417620969401983
montage-mar-2~+00-09-00,648.8237363833009,4.417620969401983
montage-mar-2~+00-10-00,655.4068936896912,4.417620969401983
montage-mar-2~+00-11-00,654.1438460669532,4.417620969401983
montage-mar-2~+00-12-00,657.3301707515872,4.417620969401983
montage-mar-2~+00-13-00,658.698472342886,4.417620969401983
montage-mar-2~+00-14-00,657.1962111552361,4.417620969401983
montage-mar-2~+00-15-00,659.6744636877289,4.417620969401983
montage-mar-2~+00-16-00,663.2626671614154,4.417620969401983
montage-mar-2~+00-17-00,669.61617944549,4.417620969401983
montage-mar-2~+00-18-00,665.989701801417,4.417620969401983
montage-mar-2~+00-19-00,660.4399470954488,4.417620969401983
montage-mar-2~+00-20-00,641.1306281357174,4.417620969401983
montage-mar-2~+00-21-00,634.9876237887659,4.417620969401983
montage-mar-2~+00-22-00,624.5387752733907,4.417620969401983
montage-mar-2~+00-23-00,618.7593755451057,4.417620969401983
montage-mar-2~+01-00-00,614.8554101657354,4.417620969401983
