trace,op_ems,emb_ems
nanoseq-dec-1,324.20615023025044,2.2493885276446886
nanoseq-dec-1~+00-01-00,324.20615023025044,2.2493885276446886
nanoseq-dec-1~+00-02-00,324.20615023025044,2.2493885276446886
nanoseq-dec-1~+00-03-00,324.20615023025044,2.2493885276446886
nanoseq-dec-1~+00-04-00,324.20615023025044,2.2493885276446886
nanoseq-dec-1~+00-05-00,324.20615023025044,2.2493885276446886
nanoseq-dec-1~+00-06-00,324.20615023025044,2.2493885276446886
nanoseq-dec-1~+00-07-00,324.20615023025044,2.2493885276446886
nanoseq-dec-1~+00-08-00,324.20615023025044,2.2493885276446886
nanoseq-dec-1~+00-09-00,324.20615023025044,2.2493885276446886
nanoseq-dec-1~+00-10-00,320.5337287383094,2.2493885276446886
nanoseq-dec-1~+00-11-00,310.2056360515136,2.2493885276446886
nanoseq-dec-1~+00-12-00,297.7315211059743,2.2493885276446886
nanoseq-dec-1~+00-13-00,285.0487059644632,2.2493885276446886
nanoseq-dec-1~+00-14-00,276.1241242438359,2.2493885276446886
nanoseq-dec-1~+00-15-00,280.5906091268286,2.2493885276446886
nanoseq-dec-1~+00-16-00,293.06472407236777,2.2493885276446886
nanoseq-dec-1~+00-17-00,305.74753921387855,2.2493885276446886
nanoseq-dec-1~+00-18-00,318.3445424264471,2.2493885276446886
nanoseq-dec-1~+00-19-00,324.20615023025044,2.2493885276446886
nanoseq-dec-1~+00-20-00,324.20615023025044,2.2493885276446886
nanoseq-dec-1~+00-21-00,324.20615023025044,2.2493885276446886
nanoseq-dec-1~+00-22-00,324.20615023025044,2.2493885276446886
nanoseq-dec-1~+00-23-00,324.20615023025044,2.2493885276446886
nanoseq-dec-1~+01-00-00,324.20615023025044,2.2493885276446886
