trace,op_ems,emb_ems
montage-sep-1,668.3252807955758,4.6572801319491965
montage-sep-1~+00-01-00,672.5579082621597,4.6572801319491965
montage-sep-1~+00-02-00,674.914971919056,4.6572801319491965
montage-sep-1~+00-03-00,673.9807696941566,4.6572801319491965
montage-sep-1~+00-04-00,671.4766724490319,4.6572801319491965
montage-sep-1~+00-05-00,667.4092459567086,4.6572801319491965
montage-sep-1~+00-06-00,664.2644768247553,4.6572801319491965
montage-sep-1~+00-07-00,673.6067249334109,4.6572801319491965
montage-sep-1~+00-08-00,667.2528829556624,4.6572801319491965
montage-sep-1~+00-09-00,665.6038536312993,4.6572801319491965
montage-sep-1~+00-10-00,674.0340755973127,4.6572801319491965
montage-sep-1~+00-11-00,682.7848207767089,4.6572801319491965
montage-sep-1~+00-12-00,697.7456850392591,4.6572801319491965
montage-sep-1~+00-13-00,703.9719830506359,4.6572801319491965
montage-sep-1~+00-14-00,705.1750142351556,4.6572801319491965
montage-sep-1~+00-15-00,705.8954378466093,4.6572801319491965
montage-sep-1~+00-16-00,705.3135741746512,4.6572801319491965
montage-sep-1~+00-17-00,707.313686780064,4.6572801319491965
montage-sep-1~+00-18-00,701.5270129460818,4.6572801319491965
montage-sep-1~+00-19-00,693.343103366578,4.6572801319491965
montage-sep-1~+00-20-00,690.9999373565004,4.6572801319491965
montage-sep-1~+00-21-00,673.4885330792473,4.6572801319491965
montage-sep-1~+00-22-00,658.2520913546897,4.6572801319491965
montage-sep-1~+00-23-00,642.3842492734077,4.6572801319491965
montage-sep-1~+01-00-00,633.4594083980624,4.6572801319491965
