trace,op_ems,emb_ems
nanoseq-sep-3,221.04326297739865,2.2487745329175857
nanoseq-sep-3~+00-01-00,221.90273350297093,2.2487745329175857
nanoseq-sep-3~+00-02-00,223.32523663812967,2.2487745329175857
nanoseq-sep-3~+00-03-00,224.59057373885219,2.2487745329175857
nanoseq-sep-3~+00-04-00,225.33434204279706,2.2487745329175857
nanoseq-sep-3~+00-05-00,226.182901232872,2.2487745329175857
nanoseq-sep-3~+00-06-00,227.54147084788738,2.2487745329175857
nanoseq-sep-3~+00-07-00,229.1054051496841,2.2487745329175857
nanoseq-sep-3~+00-08-00,230.66453937090142,2.2487745329175857
nanoseq-sep-3~+00-09-00,232.0696514193405,2.2487745329175857
nanoseq-sep-3~+00-10-00,232.51256671764952,2.2487745329175857
nanoseq-sep-3~+00-11-00,231.84849988748115,2.2487745329175857
nanoseq-sep-3~+00-12-00,231.11090027447904,2.2487745329175857
nanoseq-sep-3~+00-13-00,231.31840350659513,2.2487745329175857
nanoseq-sep-3~+00-14-00,232.23534991008552,2.2487745329175857
nanoseq-sep-3~+00-15-00,233.11220313032146,2.2487745329175857
nanoseq-sep-3~+00-16-00,233.5516044734463,2.2487745329175857
nanoseq-sep-3~+00-17-00,233.45341061603372,2.2487745329175857
nanoseq-sep-3~+00-18-00,232.50469661546475,2.2487745329175857
nanoseq-sep-3~+00-19-00,231.08749886277727,2.2487745329175857
nanoseq-sep-3~+00-20-00,230.18794600942448,2.2487745329175857
nanoseq-sep-3~+00-21-00,230.0603479859717,2.2487745329175857
nanoseq-sep-3~+00-22-00,230.26360339843052,2.2487745329175857
nanoseq-sep-3~+00-23-00,230.6585619313303,2.2487745329175857
nanoseq-sep-3~+01-00-00,230.91120546865227,2.2487745329175857
