trace,op_ems,emb_ems
nanoseq-sep-1,325.27874663735673,2.2493885276446886
nanoseq-sep-1~+00-01-00,324.96741265369104,2.2493885276446886
nanoseq-sep-1~+00-02-00,324.74252762084006,2.2493885276446886
nanoseq-sep-1~+00-03-00,324.6858992383332,2.2493885276446886
nanoseq-sep-1~+00-04-00,324.85093685418343,2.2493885276446886
nanoseq-sep-1~+00-05-00,325.1674796613759,2.2493885276446886
nanoseq-sep-1~+00-06-00,325.4818807398926,2.2493885276446886
nanoseq-sep-1~+00-07-00,325.628177107708,2.2493885276446886
nanoseq-sep-1~+00-08-00,325.5365193333665,2.2493885276446886
nanoseq-sep-1~+00-09-00,325.27874663735673,2.2493885276446886
nanoseq-sep-1~+00-10-00,324.96741265369104,2.2493885276446886
nanoseq-sep-1~+00-11-00,320.9743746756981,2.2493885276446886
nanoseq-sep-1~+00-12-00,310.3204243461182,2.2493885276446886
nanoseq-sep-1~+00-13-00,297.68617596682293,2.2493885276446886
nanoseq-sep-1~+00-14-00,288.6657874269042,2.2493885276446886
nanoseq-sep-1~+00-15-00,286.39436008413145,2.2493885276446886
nanoseq-sep-1~+00-16-00,293.0142022310162,2.2493885276446886
nanoseq-sep-1~+00-17-00,305.71108594173546,2.2493885276446886
nanoseq-sep-1~+00-18-00,318.3220625355714,2.2493885276446886
nanoseq-sep-1~+00-19-00,324.281830174508,2.2493885276446886
nanoseq-sep-1~+00-20-00,324.5396028705178,2.2493885276446886
nanoseq-sep-1~+00-21-00,324.85093685418343,2.2493885276446886
nanoseq-sep-1~+00-22-00,325.1674796613759,2.2493885276446886
nanoseq-sep-1~+00-23-00,325.4818807398926,2.2493885276446886
nanoseq-sep-1~+01-00-00,325.5365193333665,2.2493885276446886
