trace,op_ems,emb_ems
chipseq-sep-3,14543.882547440668,95.28231502287919
chipseq-sep-3~+00-01-00,14549.893226314034,95.28231502287919
chipseq-sep-3~+00-02-00,14617.616836895248,95.28231502287919
chipseq-sep-3~+00-03-00,14722.465415622644,95.28231502287919
chipseq-sep-3~+00-04-00,14840.413612124057,95.28231502287919
chipseq-sep-3~+00-05-00,14927.848726726315,95.28231502287919
chipseq-sep-3~+00-06-00,14927.45676793695,95.28231502287919
chipseq-sep-3~+00-07-00,14916.853159326887,95.28231502287919
chipseq-sep-3~+00-08-00,15045.229677497113,95.28231502287919
chipseq-sep-3~+00-09-00,15291.079168718887,95.28231502287919
chipseq-sep-3~+00-10-00,15425.269356290795,95.28231502287919
chipseq-sep-3~+00-11-00,15377.622503454722,95.28231502287919
chipseq-sep-3~+00-12-00,15275.672688503313,95.28231502287919
chipseq-sep-3~+00-13-00,15230.092422627942,95.28231502287919
chipseq-sep-3~+00-14-00,15227.835960969127,95.28231502287919
chipseq-sep-3~+00-15-00,15283.273309835702,95.28231502287919
chipseq-sep-3~+00-16-00,15398.697884574878,95.28231502287919
chipseq-sep-3~+00-17-00,15496.515993728857,95.28231502287919
chipseq-sep-3~+00-18-00,15465.875314109499,95.28231502287919
chipseq-sep-3~+00-19-00,15345.582582994622,95.28231502287919
chipseq-sep-3~+00-20-00,15236.169820427796,95.28231502287919
chipseq-sep-3~+00-21-00,15171.283153219327,95.28231502287919
chipseq-sep-3~+00-22-00,15142.588759842694,95.28231502287919
chipseq-sep-3~+00-23-00,15180.838842443058,95.28231502287919
chipseq-sep-3~+01-00-00,15248.271502852655,95.28231502287919
