trace,op_ems,emb_ems
rangeland-aug-2,7521.254606898975,56.10015765457453
rangeland-aug-2~+00-01-00,7549.5928316572345,56.10015765457453
rangeland-aug-2~+00-02-00,7558.520708091613,56.10015765457453
rangeland-aug-2~+00-03-00,7571.2662177516895,56.10015765457453
rangeland-aug-2~+00-04-00,7599.390016970784,56.10015765457453
rangeland-aug-2~+00-05-00,7647.875216846874,56.10015765457453
rangeland-aug-2~+00-06-00,7717.453440138633,56.10015765457453
rangeland-aug-2~+00-07-00,7767.218668280567,56.10015765457453
rangeland-aug-2~+00-08-00,7781.72481191471,56.10015765457453
rangeland-aug-2~+00-09-00,7790.150238822155,56.10015765457453
rangeland-aug-2~+00-10-00,7796.0007246442765,56.10015765457453
rangeland-aug-2~+00-11-00,7790.943526918316,56.10015765457453
rangeland-aug-2~+00-12-00,7772.844755132939,56.10015765457453
rangeland-aug-2~+00-13-00,7716.739355147483,56.10015765457453
rangeland-aug-2~+00-14-00,7655.316100899634,56.10015765457453
rangeland-aug-2~+00-15-00,7586.0722786357965,56.10015765457453
rangeland-aug-2~+00-16-00,7505.774621333689,56.10015765457453
rangeland-aug-2~+00-17-00,7418.957850765245,56.10015765457453
rangeland-aug-2~+00-18-00,7309.630009105318,56.10015765457453
rangeland-aug-2~+00-19-00,7172.836047447773,56.10015765457453
rangeland-aug-2~+00-20-00,7036.2115376605725,56.10015765457453
rangeland-aug-2~+00-21-00,6905.572650436351,56.10015765457453
rangeland-aug-2~+00-22-00,6807.013206059431,56.10015765457453
rangeland-aug-2~+00-23-00,6755.675795776931,56.10015765457453
rangeland-aug-2~+01-00-00,6750.5693360398955,56.10015765457453
