trace,op_ems,emb_ems
mag-nov-2,30443.913860528206,170.82096393261858
mag-nov-2~+00-01-00,30435.999037295318,170.82096393261858
mag-nov-2~+00-02-00,30346.917774667854,170.82096393261858
mag-nov-2~+00-03-00,29758.55547172525,170.82096393261858
mag-nov-2~+00-04-00,29099.71427795712,170.82096393261858
mag-nov-2~+00-05-00,28442.39949274269,170.82096393261858
mag-nov-2~+00-06-00,27814.840406566786,170.82096393261858
mag-nov-2~+00-07-00,27737.576365746838,170.82096393261858
mag-nov-2~+00-08-00,27956.702261743812,170.82096393261858
mag-nov-2~+00-09-00,28176.34515668786,170.82096393261858
mag-nov-2~+00-10-00,28319.918414254204,170.82096393261858
mag-nov-2~+00-11-00,28526.8244758019,170.82096393261858
mag-nov-2~+00-12-00,28411.03391256075,170.82096393261858
mag-nov-2~+00-13-00,28299.87889413138,170.82096393261858
mag-nov-2~+00-14-00,28555.18856614209,170.82096393261858
mag-nov-2~+00-15-00,29053.914850530655,170.82096393261858
mag-nov-2~+00-16-00,29470.57898201273,170.82096393261858
mag-nov-2~+00-17-00,29739.12215567448,170.82096393261858
mag-nov-2~+00-18-00,30205.624307990638,170.82096393261858
mag-nov-2~+00-19-00,30391.526304537325,170.82096393261858
mag-nov-2~+00-20-00,30407.352207970747,170.82096393261858
mag-nov-2~+00-21-00,30424.333014652773,170.82096393261858
mag-nov-2~+00-22-00,30441.046607016,170.82096393261858
mag-nov-2~+00-23-00,30454.94327075948,170.82096393261858
mag-nov-2~+01-00-00,30443.913860528206,170.82096393261858
