trace,op_ems,emb_ems
chipseq-dec-1,14954.109520558848,95.2845684694022
chipseq-dec-1~+00-01-00,14887.527253481274,95.2845684694022
chipseq-dec-1~+00-02-00,14897.796407844944,95.2845684694022
chipseq-dec-1~+00-03-00,14932.563099317129,95.2845684694022
chipseq-dec-1~+00-04-00,14980.04546709541,95.2845684694022
chipseq-dec-1~+00-05-00,15092.979160848055,95.2845684694022
chipseq-dec-1~+00-06-00,15280.941273770675,95.2845684694022
chipseq-dec-1~+00-07-00,15469.215079153299,95.2845684694022
chipseq-dec-1~+00-08-00,15614.534838620439,95.2845684694022
chipseq-dec-1~+00-09-00,15741.856277312409,95.2845684694022
chipseq-dec-1~+00-10-00,15854.157330864124,95.2845684694022
chipseq-dec-1~+00-11-00,15948.738942467935,95.2845684694022
chipseq-dec-1~+00-12-00,16011.20833111923,95.2845684694022
chipseq-dec-1~+00-13-00,16029.15890730548,95.2845684694022
chipseq-dec-1~+00-14-00,16020.022318795165,95.2845684694022
chipseq-dec-1~+00-15-00,16025.706160899657,95.2845684694022
chipseq-dec-1~+00-16-00,16018.939234105594,95.2845684694022
chipseq-dec-1~+00-17-00,15901.8467831628,95.2845684694022
chipseq-dec-1~+00-18-00,15645.088349555677,95.2845684694022
chipseq-dec-1~+00-19-00,15366.54173947499,95.2845684694022
chipseq-dec-1~+00-20-00,15190.573930108312,95.2845684694022
chipseq-dec-1~+00-21-00,15119.953791110189,95.2845684694022
chipseq-dec-1~+00-22-00,15066.548430168532,95.2845684694022
chipseq-dec-1~+00-23-00,14991.826969154909,95.2845684694022
chipseq-dec-1~+01-00-00,14887.144230377651,95.2845684694022
