trace,op_ems,emb_ems
rangeland-apr-3,10311.647835228388,56.305479409080235
rangeland-apr-3~+00-01-00,10311.647835228388,56.305479409080235
rangeland-apr-3~+00-02-00,10311.647835228388,56.305479409080235
rangeland-apr-3~+00-03-00,10311.647835228388,56.305479409080235
rangeland-apr-3~+00-04-00,10320.30940855548,56.305479409080235
rangeland-apr-3~+00-05-00,10317.81242757071,56.305479409080235
rangeland-apr-3~+00-06-00,10317.877376383594,56.305479409080235
rangeland-apr-3~+00-07-00,10317.883714300055,56.305479409080235
rangeland-apr-3~+00-08-00,10317.883950264271,56.305479409080235
rangeland-apr-3~+00-09-00,9970.4614330093,56.305479409080235
rangeland-apr-3~+00-10-00,9722.921374927528,56.305479409080235
rangeland-apr-3~+00-11-00,9467.08508911374,56.305479409080235
rangeland-apr-3~+00-12-00,9216.952000942718,56.305479409080235
rangeland-apr-3~+00-13-00,8966.814497836862,56.305479409080235
rangeland-apr-3~+00-14-00,9063.989497662738,56.305479409080235
rangeland-apr-3~+00-15-00,9071.894359769134,56.305479409080235
rangeland-apr-3~+00-16-00,9321.565622067965,56.305479409080235
rangeland-apr-3~+00-17-00,9571.693660387646,56.305479409080235
rangeland-apr-3~+00-18-00,9821.831163493503,56.305479409080235
rangeland-apr-3~+00-19-00,10072.081493788797,56.305479409080235
rangeland-apr-3~+00-20-00,10311.445280079857,56.305479409080235
rangeland-apr-3~+00-21-00,10311.647835228388,56.305479409080235
rangeland-apr-3~+00-22-00,10311.647835228388,56.305479409080235
rangeland-apr-3~+00-23-00,10311.647835228388,56.305479409080235
rangeland-apr-3~+01-00-00,10311.647835228388,56.305479409080235
