trace,op_ems,emb_ems
montage-oct-2,577.6911907209387,4.417620969401983
montage-oct-2~+00-01-00,567.3093220037387,4.417620969401983
montage-oct-2~+00-02-00,559.597076670962,4.417620969401983
montage-oct-2~+00-03-00,573.3375038395325,4.417620969401983
montage-oct-2~+00-04-00,587.4989468823484,4.417620969401983
montage-oct-2~+00-05-00,597.4693682678985,4.417620969401983
montage-oct-2~+00-06-00,608.5880147650288,4.417620969401983
montage-oct-2~+00-07-00,612.2240609516983,4.417620969401983
montage-oct-2~+00-08-00,613.5540883726112,4.417620969401983
montage-oct-2~+00-09-00,614.8554101657354,4.417620969401983
montage-oct-2~+00-10-00,616.7308445146489,4.417620969401983
montage-oct-2~+00-11-00,616.0419094477008,4.417620969401983
montage-oct-2~+00-12-00,621.1036684812478,4.417620969401983
montage-oct-2~+00-13-00,624.0029368879866,4.417620969401983
montage-oct-2~+00-14-00,620.9314347145107,4.417620969401983
montage-oct-2~+00-15-00,625.4382182774614,4.417620969401983
montage-oct-2~+00-16-00,630.3277435442714,4.417620969401983
montage-oct-2~+00-17-00,632.7772904489746,4.417620969401983
montage-oct-2~+00-18-00,643.8289571479299,4.417620969401983
montage-oct-2~+00-19-00,645.9531736043522,4.417620969401983
montage-oct-2~+00-20-00,643.7141346367713,4.417620969401983
montage-oct-2~+00-21-00,630.4617031406219,4.417620969401983
montage-oct-2~+00-22-00,627.7920797561997,4.417620969401983
montage-oct-2~+00-23-00,618.2522427874912,4.417620969401983
montage-oct-2~+01-00-00,613.3053062651026,4.417620969401983
