trace,op_ems,emb_ems
sarek-aug-1,28315.53908108045,180.2085610425426
sarek-aug-1~+00-01-00,28341.188709730937,180.2085610425426
sarek-aug-1~+00-02-00,28395.46085342544,180.2085610425426
sarek-aug-1~+00-03-00,28583.10976177127,180.2085610425426
sarek-aug-1~+00-04-00,28674.662390431935,180.2085610425426
sarek-aug-1~+00-05-00,28690.385674902813,180.2085610425426
sarek-aug-1~+00-06-00,28787.039499359227,180.2085610425426
sarek-aug-1~+00-07-00,28987.087824961574,180.2085610425426
sarek-aug-1~+00-08-00,29296.495617190645,180.2085610425426
sarek-aug-1~+00-09-00,29573.048426509613,180.2085610425426
sarek-aug-1~+00-10-00,29692.32370254607,180.2085610425426
sarek-aug-1~+00-11-00,29633.715769037244,180.2085610425426
sarek-aug-1~+00-12-00,29433.942264707704,180.2085610425426
sarek-aug-1~+00-13-00,29179.911920638555,180.2085610425426
sarek-aug-1~+00-14-00,29018.083465518463,180.2085610425426
sarek-aug-1~+00-15-00,28872.994482475566,180.2085610425426
sarek-aug-1~+00-16-00,28713.923832461827,180.2085610425426
sarek-aug-1~+00-17-00,28468.463450982796,180.2085610425426
sarek-aug-1~+00-18-00,28063.197395054707,180.2085610425426
sarek-aug-1~+00-19-00,27572.826853069546,180.2085610425426
sarek-aug-1~+00-20-00,27025.14749002944,180.2085610425426
sarek-aug-1~+00-21-00,26418.735716470066,180.2085610425426
sarek-aug-1~+00-22-00,25873.862392457042,180.2085610425426
sarek-aug-1~+00-23-00,25437.22444933001,180.2085610425426
sarek-aug-1~+01-00-00,25172.426425821628,180.2085610425426
