trace,op_ems,emb_ems
sarek-oct-1,25482.46946514613,180.2085610425426
sarek-oct-1~+00-01-00,25626.967399770325,180.2085610425426
sarek-oct-1~+00-02-00,25886.161143470825,180.2085610425426
sarek-oct-1~+00-03-00,26127.224544119905,180.2085610425426
sarek-oct-1~+00-04-00,26327.851654364695,180.2085610425426
sarek-oct-1~+00-05-00,26522.157285721616,180.2085610425426
sarek-oct-1~+00-06-00,26692.06825607992,180.2085610425426
sarek-oct-1~+00-07-00,26805.087720249725,180.2085610425426
sarek-oct-1~+00-08-00,27002.60359443129,180.2085610425426
sarek-oct-1~+00-09-00,27174.285797405842,180.2085610425426
sarek-oct-1~+00-10-00,27294.4847454065,180.2085610425426
sarek-oct-1~+00-11-00,27435.978642390266,180.2085610425426
sarek-oct-1~+00-12-00,27550.685161212743,180.2085610425426
sarek-oct-1~+00-13-00,27605.43132820823,180.2085610425426
sarek-oct-1~+00-14-00,27741.626210759117,180.2085610425426
sarek-oct-1~+00-15-00,27902.028630301134,180.2085610425426
sarek-oct-1~+00-16-00,27976.168579310408,180.2085610425426
sarek-oct-1~+00-17-00,27768.44078442969,180.2085610425426
sarek-oct-1~+00-18-00,27456.470852606213,180.2085610425426
sarek-oct-1~+00-19-00,26986.620510701185,180.2085610425426
sarek-oct-1~+00-20-00,26400.984011117893,180.2085610425426
sarek-oct-1~+00-21-00,25831.644938857087,180.2085610425426
sarek-oct-1~+00-22-00,25360.432487263235,180.2085610425426
sarek-oct-1~+00-23-00,25164.451843966363,180.2085610425426
sarek-oct-1~+01-00-00,25266.995423341996,180.2085610425426
