trace,op_ems,emb_ems
rnaseq-apr-2,9288.756976152223,59.0952985091386
rnaseq-apr-2~+00-01-00,9275.217692024045,59.0952985091386
rnaseq-apr-2~+00-02-00,9248.136796570034,59.0952985091386
rnaseq-apr-2~+00-03-00,9206.56620035741,59.0952985091386
rnaseq-apr-2~+00-04-00,9214.356451243333,59.0952985091386
rnaseq-apr-2~+00-05-00,9260.121112830402,59.0952985091386
rnaseq-apr-2~+00-06-00,9296.24183107845,59.0952985091386
rnaseq-apr-2~+00-07-00,9284.591309202035,59.0952985091386
rnaseq-apr-2~+00-08-00,9287.36739754757,59.0952985091386
rnaseq-apr-2~+00-09-00,9295.534481671139,59.0952985091386
rnaseq-apr-2~+00-10-00,9298.719697382017,59.0952985091386
rnaseq-apr-2~+00-11-00,9320.966481017987,59.0952985091386
rnaseq-apr-2~+00-12-00,9440.123260942475,59.0952985091386
rnaseq-apr-2~+00-13-00,9589.429772823782,59.0952985091386
rnaseq-apr-2~+00-14-00,9697.440767887638,59.0952985091386
rnaseq-apr-2~+00-15-00,9740.797585379963,59.0952985091386
rnaseq-apr-2~+00-16-00,9662.109355601435,59.0952985091386
rnaseq-apr-2~+00-17-00,9514.067216424595,59.0952985091386
rnaseq-apr-2~+00-18-00,9370.7161009043,59.0952985091386
rnaseq-apr-2~+00-19-00,9246.250422860792,59.0952985091386
rnaseq-apr-2~+00-20-00,9096.432330060616,59.0952985091386
rnaseq-apr-2~+00-21-00,8978.11149735223,59.0952985091386
rnaseq-apr-2~+00-22-00,8931.141013697508,59.0952985091386
rnaseq-apr-2~+00-23-00,8937.120430757395,59.0952985091386
rnaseq-apr-2~+01-00-00,8984.6104372985,59.0952985091386
