trace,op_ems,emb_ems
chipseq-mar-1,14950.083940600618,95.2845684694022
chipseq-mar-1~+00-01-00,14975.702230479495,95.2845684694022
chipseq-mar-1~+00-02-00,15044.7308150198,95.2845684694022
chipseq-mar-1~+00-03-00,15157.133604403527,95.2845684694022
chipseq-mar-1~+00-04-00,15300.223145803715,95.2845684694022
chipseq-mar-1~+00-05-00,15437.637051532185,95.2845684694022
chipseq-mar-1~+00-06-00,15555.712488014762,95.2845684694022
chipseq-mar-1~+00-07-00,15678.532578735425,95.2845684694022
chipseq-mar-1~+00-08-00,15811.176072532462,95.2845684694022
chipseq-mar-1~+00-09-00,15905.311098251335,95.2845684694022
chipseq-mar-1~+00-10-00,15952.722884392091,95.2845684694022
chipseq-mar-1~+00-11-00,15981.889880724591,95.2845684694022
chipseq-mar-1~+00-12-00,16003.874993006393,95.2845684694022
chipseq-mar-1~+00-13-00,16025.676781288697,95.2845684694022
chipseq-mar-1~+00-14-00,16086.379484762858,95.2845684694022
chipseq-mar-1~+00-15-00,16170.266393214903,95.2845684694022
chipseq-mar-1~+00-16-00,16201.807912017588,95.2845684694022
chipseq-mar-1~+00-17-00,16103.041450193668,95.2845684694022
chipseq-mar-1~+00-18-00,15868.021744357504,95.2845684694022
chipseq-mar-1~+00-19-00,15588.96388521233,95.2845684694022
chipseq-mar-1~+00-20-00,15345.28084048884,95.2845684694022
chipseq-mar-1~+00-21-00,15165.563830696903,95.2845684694022
chipseq-mar-1~+00-22-00,15029.852401853412,95.2845684694022
chipseq-mar-1~+00-23-00,14957.579122081692,95.2845684694022
chipseq-mar-1~+01-00-00,14935.581780114713,95.2845684694022
