trace,op_ems,emb_ems
rangeland-jun-1,10334.336928936136,56.33951064719725
rangeland-jun-1~+00-01-00,10336.842968278206,56.33951064719725
rangeland-jun-1~+00-02-00,10336.758359716987,56.33951064719725
rangeland-jun-1~+00-03-00,10337.081519095316,56.33951064719725
rangeland-jun-1~+00-04-00,10343.312391364778,56.33951064719725
rangeland-jun-1~+00-05-00,10349.55292546055,56.33951064719725
rangeland-jun-1~+00-06-00,10355.795097231201,56.33951064719725
rangeland-jun-1~+00-07-00,10352.957216769488,56.33951064719725
rangeland-jun-1~+00-08-00,10346.799653560052,56.33951064719725
rangeland-jun-1~+00-09-00,10340.567801205596,56.33951064719725
rangeland-jun-1~+00-10-00,10334.336928936136,56.33951064719725
rangeland-jun-1~+00-11-00,9977.261615832344,56.33951064719725
rangeland-jun-1~+00-12-00,9724.032741994219,56.33951064719725
rangeland-jun-1~+00-13-00,9468.157526800675,56.33951064719725
rangeland-jun-1~+00-14-00,9569.065095889468,56.33951064719725
rangeland-jun-1~+00-15-00,9565.737041448638,56.33951064719725
rangeland-jun-1~+00-16-00,9565.32311819882,56.33951064719725
rangeland-jun-1~+00-17-00,9586.992661068887,56.33951064719725
rangeland-jun-1~+00-18-00,9843.46498078661,56.33951064719725
rangeland-jun-1~+00-19-00,10100.077278608309,56.33951064719725
rangeland-jun-1~+00-20-00,10343.312391364778,56.33951064719725
rangeland-jun-1~+00-21-00,10340.806352022708,56.33951064719725
rangeland-jun-1~+00-22-00,10340.890960583924,56.33951064719725
rangeland-jun-1~+00-23-00,10340.567801205596,56.33951064719725
rangeland-jun-1~+01-00-00,10334.336928936136,56.33951064719725
