trace,op_ems,emb_ems
nanoseq-aug-1,236.5272638542488,2.2463699711004637
nanoseq-aug-1~+00-01-00,236.64663105478292,2.2463699711004637
nanoseq-aug-1~+00-02-00,237.34711372703373,2.2463699711004637
nanoseq-aug-1~+00-03-00,238.45035936167895,2.2463699711004637
nanoseq-aug-1~+00-04-00,239.26803120311723,2.2463699711004637
nanoseq-aug-1~+00-05-00,239.86510162786783,2.2463699711004637
nanoseq-aug-1~+00-06-00,240.82290976632316,2.2463699711004637
nanoseq-aug-1~+00-07-00,242.21367977480696,2.2463699711004637
nanoseq-aug-1~+00-08-00,244.2408214483053,2.2463699711004637
nanoseq-aug-1~+00-09-00,246.49755862587662,2.2463699711004637
nanoseq-aug-1~+00-10-00,247.85392299189678,2.2463699711004637
nanoseq-aug-1~+00-11-00,247.70292738278192,2.2463699711004637
nanoseq-aug-1~+00-12-00,246.01082708546093,2.2463699711004637
nanoseq-aug-1~+00-13-00,243.83162717186804,2.2463699711004637
nanoseq-aug-1~+00-14-00,242.15184605688646,2.2463699711004637
nanoseq-aug-1~+00-15-00,240.90577268917386,2.2463699711004637
nanoseq-aug-1~+00-16-00,239.62944004321895,2.2463699711004637
nanoseq-aug-1~+00-17-00,237.60152483376345,2.2463699711004637
nanoseq-aug-1~+00-18-00,234.38257130850047,2.2463699711004637
nanoseq-aug-1~+00-19-00,230.27932475816237,2.2463699711004637
nanoseq-aug-1~+00-20-00,225.59259472017652,2.2463699711004637
nanoseq-aug-1~+00-21-00,220.68213337892547,2.2463699711004637
nanoseq-aug-1~+00-22-00,216.24492326028073,2.2463699711004637
nanoseq-aug-1~+00-23-00,212.66082089692028,2.2463699711004637
nanoseq-aug-1~+01-00-00,210.47510277736265,2.2463699711004637
