trace,op_ems,emb_ems
nanoseq-feb-1,219.14627657182533,2.2463699711004637
nanoseq-feb-1~+00-01-00,219.97040385700612,2.2463699711004637
nanoseq-feb-1~+00-02-00,221.2175777671928,2.2463699711004637
nanoseq-feb-1~+00-03-00,222.83139471265395,2.2463699711004637
nanoseq-feb-1~+00-04-00,224.49180514400146,2.2463699711004637
nanoseq-feb-1~+00-05-00,226.3566647538113,2.2463699711004637
nanoseq-feb-1~+00-06-00,228.96453139927638,2.2463699711004637
nanoseq-feb-1~+00-07-00,232.2509197165074,2.2463699711004637
nanoseq-feb-1~+00-08-00,235.7339033646533,2.2463699711004637
nanoseq-feb-1~+00-09-00,239.0411174405217,2.2463699711004637
nanoseq-feb-1~+00-10-00,241.49010651928975,2.2463699711004637
nanoseq-feb-1~+00-11-00,242.75447167525672,2.2463699711004637
nanoseq-feb-1~+00-12-00,243.4590121203874,2.2463699711004637
nanoseq-feb-1~+00-13-00,243.68329217743803,2.2463699711004637
nanoseq-feb-1~+00-14-00,242.7535892523019,2.2463699711004637
nanoseq-feb-1~+00-15-00,240.2883976315684,2.2463699711004637
nanoseq-feb-1~+00-16-00,236.2532578150317,2.2463699711004637
nanoseq-feb-1~+00-17-00,231.03442663940746,2.2463699711004637
nanoseq-feb-1~+00-18-00,225.88107418456312,2.2463699711004637
nanoseq-feb-1~+00-19-00,221.8782224478101,2.2463699711004637
nanoseq-feb-1~+00-20-00,219.07510202423936,2.2463699711004637
nanoseq-feb-1~+00-21-00,217.46950768150757,2.2463699711004637
nanoseq-feb-1~+00-22-00,216.5574543056925,2.2463699711004637
nanoseq-feb-1~+00-23-00,215.64838654396019,2.2463699711004637
nanoseq-feb-1~+01-00-00,214.64712125340003,2.2463699711004637
