trace,op_ems,emb_ems
mag-oct-1,30512.191611714632,171.36263744391223
mag-oct-1~+00-01-00,30511.5044536408,171.36263744391223
mag-oct-1~+00-02-00,30505.37853549435,171.36263744391223
mag-oct-1~+00-03-00,30491.9622937545,171.36263744391223
mag-oct-1~+00-04-00,30161.298878104302,171.36263744391223
mag-oct-1~+00-05-00,29501.880864343377,171.36263744391223
mag-oct-1~+00-06-00,28848.982948598878,171.36263744391223
mag-oct-1~+00-07-00,28210.373306673577,171.36263744391223
mag-oct-1~+00-08-00,28108.056700248584,171.36263744391223
mag-oct-1~+00-09-00,28663.08544647447,171.36263744391223
mag-oct-1~+00-10-00,29068.671779676264,171.36263744391223
mag-oct-1~+00-11-00,29319.129185182817,171.36263744391223
mag-oct-1~+00-12-00,29148.711455148485,171.36263744391223
mag-oct-1~+00-13-00,28862.83598507723,171.36263744391223
mag-oct-1~+00-14-00,28818.281233634967,171.36263744391223
mag-oct-1~+00-15-00,28707.712281201028,171.36263744391223
mag-oct-1~+00-16-00,29105.91398785782,171.36263744391223
mag-oct-1~+00-17-00,29505.12491190046,171.36263744391223
mag-oct-1~+00-18-00,29802.730672532933,171.36263744391223
mag-oct-1~+00-19-00,30297.940850711802,171.36263744391223
mag-oct-1~+00-20-00,30503.64359865539,171.36263744391223
mag-oct-1~+00-21-00,30520.51831874877,171.36263744391223
mag-oct-1~+00-22-00,30536.826091760224,171.36263744391223
mag-oct-1~+00-23-00,30547.574893707155,171.36263744391223
mag-oct-1~+01-00-00,30550.46642497876,171.36263744391223
