trace,op_ems,emb_ems
rangeland-sep-1,10340.567801205596,56.33951064719725
rangeland-sep-1~+00-01-00,10343.083502373978,56.33951064719725
rangeland-sep-1~+00-02-00,10343.000531487642,56.33951064719725
rangeland-sep-1~+00-03-00,10342.990212071443,56.33951064719725
rangeland-sep-1~+00-04-00,10343.312391364778,56.33951064719725
rangeland-sep-1~+00-05-00,10349.55292546055,56.33951064719725
rangeland-sep-1~+00-06-00,10355.795097231201,56.33951064719725
rangeland-sep-1~+00-07-00,10352.957216769488,56.33951064719725
rangeland-sep-1~+00-08-00,10346.799653560052,56.33951064719725
rangeland-sep-1~+00-09-00,10340.567801205596,56.33951064719725
rangeland-sep-1~+00-10-00,9983.502149928116,56.33951064719725
rangeland-sep-1~+00-11-00,9730.274913764873,56.33951064719725
rangeland-sep-1~+00-12-00,9474.0662197768,56.33951064719725
rangeland-sep-1~+00-13-00,9569.065095889468,56.33951064719725
rangeland-sep-1~+00-14-00,9565.737041448638,56.33951064719725
rangeland-sep-1~+00-15-00,9565.32311819882,56.33951064719725
rangeland-sep-1~+00-16-00,9578.246087631058,56.33951064719725
rangeland-sep-1~+00-17-00,9828.560844139349,56.33951064719725
rangeland-sep-1~+00-18-00,10087.687863044423,56.33951064719725
rangeland-sep-1~+00-19-00,10330.849666740858,56.33951064719725
rangeland-sep-1~+00-20-00,10337.081519095316,56.33951064719725
rangeland-sep-1~+00-21-00,10343.312391364778,56.33951064719725
rangeland-sep-1~+00-22-00,10349.55292546055,56.33951064719725
rangeland-sep-1~+00-23-00,10347.048523793359,56.33951064719725
rangeland-sep-1~+01-00-00,10346.799653560052,56.33951064719725
