trace,op_ems,emb_ems
chipseq-aug-3,15628.923503385155,95.28231502287919
chipseq-aug-3~+00-01-00,15598.979434149474,95.28231502287919
chipseq-aug-3~+00-02-00,15612.348705383913,95.28231502287919
chipseq-aug-3~+00-03-00,15656.237943115128,95.28231502287919
chipseq-aug-3~+00-04-00,15734.962009762648,95.28231502287919
chipseq-aug-3~+00-05-00,15826.420893123899,95.28231502287919
chipseq-aug-3~+00-06-00,15894.640024149021,95.28231502287919
chipseq-aug-3~+00-07-00,15874.44774372701,95.28231502287919
chipseq-aug-3~+00-08-00,15895.84601811501,95.28231502287919
chipseq-aug-3~+00-09-00,16080.641934933043,95.28231502287919
chipseq-aug-3~+00-10-00,16338.54983183438,95.28231502287919
chipseq-aug-3~+00-11-00,16507.087167617072,95.28231502287919
chipseq-aug-3~+00-12-00,16451.54070339334,95.28231502287919
chipseq-aug-3~+00-13-00,16252.501887525246,95.28231502287919
chipseq-aug-3~+00-14-00,16060.218916325692,95.28231502287919
chipseq-aug-3~+00-15-00,15954.706553265298,95.28231502287919
chipseq-aug-3~+00-16-00,15923.607785963944,95.28231502287919
chipseq-aug-3~+00-17-00,15889.126269839193,95.28231502287919
chipseq-aug-3~+00-18-00,15764.118442189832,95.28231502287919
chipseq-aug-3~+00-19-00,15541.457481893302,95.28231502287919
chipseq-aug-3~+00-20-00,15245.303561777417,95.28231502287919
chipseq-aug-3~+00-21-00,14913.288499551025,95.28231502287919
chipseq-aug-3~+00-22-00,14592.295214182945,95.28231502287919
chipseq-aug-3~+00-23-00,14275.71665339967,95.28231502287919
chipseq-aug-3~+01-00-00,13992.270399675188,95.28231502287919
