trace,op_ems,emb_ems
mag-mar-2,30405.406843922825,170.82096393261858
mag-mar-2~+00-01-00,30405.145438610867,170.82096393261858
mag-mar-2~+00-02-00,30404.475519323136,170.82096393261858
mag-mar-2~+00-03-00,30392.608218647358,170.82096393261858
mag-mar-2~+00-04-00,30314.001459513052,170.82096393261858
mag-mar-2~+00-05-00,29730.36181230232,170.82096393261858
mag-mar-2~+00-06-00,29065.560842083654,170.82096393261858
mag-mar-2~+00-07-00,28407.66344030127,170.82096393261858
mag-mar-2~+00-08-00,27858.673576555968,170.82096393261858
mag-mar-2~+00-09-00,28296.39878313979,170.82096393261858
mag-mar-2~+00-10-00,28599.913018301864,170.82096393261858
mag-mar-2~+00-11-00,28811.609076582372,170.82096393261858
mag-mar-2~+00-12-00,28940.363044326212,170.82096393261858
mag-mar-2~+00-13-00,28676.181730806733,170.82096393261858
mag-mar-2~+00-14-00,28763.081979395953,170.82096393261858
mag-mar-2~+00-15-00,28735.62895453657,170.82096393261858
mag-mar-2~+00-16-00,29051.834456512956,170.82096393261858
mag-mar-2~+00-17-00,29468.061055211565,170.82096393261858
mag-mar-2~+00-18-00,29736.902113702665,170.82096393261858
mag-mar-2~+00-19-00,30203.921739288173,170.82096393261858
mag-mar-2~+00-20-00,30387.89546259898,170.82096393261858
mag-mar-2~+00-21-00,30388.79518521209,170.82096393261858
mag-mar-2~+00-22-00,30388.79518521209,170.82096393261858
mag-mar-2~+00-23-00,30388.79518521209,170.82096393261858
mag-mar-2~+01-00-00,30388.79518521209,170.82096393261858
