trace,op_ems,emb_ems
rangeland-aug-2,10291.231976060828,56.19540575328906
rangeland-aug-2~+00-01-00,10291.231976060828,56.19540575328906
rangeland-aug-2~+00-02-00,10299.817395374224,56.19540575328906
rangeland-aug-2~+00-03-00,10305.99277071747,56.19540575328906
rangeland-aug-2~+00-04-00,10312.223688064156,56.19540575328906
rangeland-aug-2~+00-05-00,10318.458013977935,56.19540575328906
rangeland-aug-2~+00-06-00,10324.692086086952,56.19540575328906
rangeland-aug-2~+00-07-00,10322.343804882203,56.19540575328906
rangeland-aug-2~+00-08-00,10322.118206092668,56.19540575328906
rangeland-aug-2~+00-09-00,10315.888902689487,56.19540575328906
rangeland-aug-2~+00-10-00,9965.28386875682,56.19540575328906
rangeland-aug-2~+00-11-00,9711.348630101393,56.19540575328906
rangeland-aug-2~+00-12-00,9455.182473975497,56.19540575328906
rangeland-aug-2~+00-13-00,9199.166957990941,56.19540575328906
rangeland-aug-2~+00-14-00,9293.480493026811,56.19540575328906
rangeland-aug-2~+00-15-00,9291.003119882076,56.19540575328906
rangeland-aug-2~+00-16-00,9310.86540878049,56.19540575328906
rangeland-aug-2~+00-17-00,9558.456367173938,56.19540575328906
rangeland-aug-2~+00-18-00,9808.567468216852,56.19540575328906
rangeland-aug-2~+00-19-00,10058.749416475088,56.19540575328906
rangeland-aug-2~+00-20-00,10297.40131110259,56.19540575328906
rangeland-aug-2~+00-21-00,10297.469114169473,56.19540575328906
rangeland-aug-2~+00-22-00,10297.181752614539,56.19540575328906
rangeland-aug-2~+00-23-00,10291.233590004333,56.19540575328906
rangeland-aug-2~+01-00-00,10291.231976060828,56.19540575328906
