trace,op_ems,emb_ems
mag-dec-3,30360.308245386423,170.67367805536568
mag-dec-3~+00-01-00,30360.308245386423,170.67367805536568
mag-dec-3~+00-02-00,30360.308245386423,170.67367805536568
mag-dec-3~+00-03-00,29975.56277846559,170.67367805536568
mag-dec-3~+00-04-00,29308.290688060868,170.67367805536568
mag-dec-3~+00-05-00,28653.6345855429,170.67367805536568
mag-dec-3~+00-06-00,28006.64250185512,170.67367805536568
mag-dec-3~+00-07-00,28028.02238750985,170.67367805536568
mag-dec-3~+00-08-00,28591.586332427203,170.67367805536568
mag-dec-3~+00-09-00,28959.699119889327,170.67367805536568
mag-dec-3~+00-10-00,29219.971701132123,170.67367805536568
mag-dec-3~+00-11-00,29058.833071419765,170.67367805536568
mag-dec-3~+00-12-00,28778.1553357439,170.67367805536568
mag-dec-3~+00-13-00,28771.410530395322,170.67367805536568
mag-dec-3~+00-14-00,28708.92543467493,170.67367805536568
mag-dec-3~+00-15-00,28984.959465987486,170.67367805536568
mag-dec-3~+00-16-00,29367.740986416386,170.67367805536568
mag-dec-3~+00-17-00,29661.02910682078,170.67367805536568
mag-dec-3~+00-18-00,30110.233704986174,170.67367805536568
mag-dec-3~+00-19-00,30358.703884652063,170.67367805536568
mag-dec-3~+00-20-00,30360.308245386423,170.67367805536568
mag-dec-3~+00-21-00,30360.308245386423,170.67367805536568
mag-dec-3~+00-22-00,30360.308245386423,170.67367805536568
mag-dec-3~+00-23-00,30360.308245386423,170.67367805536568
mag-dec-3~+01-00-00,30360.308245386423,170.67367805536568
