trace,op_ems,emb_ems
rangeland-may-2,7281.162838437569,56.10015765457453
rangeland-may-2~+00-01-00,7329.05387834511,56.10015765457453
rangeland-may-2~+00-02-00,7361.588019477363,56.10015765457453
rangeland-may-2~+00-03-00,7408.733956734187,56.10015765457453
rangeland-may-2~+00-04-00,7470.669737075523,56.10015765457453
rangeland-may-2~+00-05-00,7519.5007067657325,56.10015765457453
rangeland-may-2~+00-06-00,7556.352236567763,56.10015765457453
rangeland-may-2~+00-07-00,7580.126787533625,56.10015765457453
rangeland-may-2~+00-08-00,7583.329522566436,56.10015765457453
rangeland-may-2~+00-09-00,7588.200281666787,56.10015765457453
rangeland-may-2~+00-10-00,7602.349151143962,56.10015765457453
rangeland-may-2~+00-11-00,7591.687962202494,56.10015765457453
rangeland-may-2~+00-12-00,7577.818700570114,56.10015765457453
rangeland-may-2~+00-13-00,7571.1820784536585,56.10015765457453
rangeland-may-2~+00-14-00,7578.522105555213,56.10015765457453
rangeland-may-2~+00-15-00,7549.041714063628,56.10015765457453
rangeland-may-2~+00-16-00,7508.403359605344,56.10015765457453
rangeland-may-2~+00-17-00,7449.998431022363,56.10015765457453
rangeland-may-2~+00-18-00,7388.44696968068,56.10015765457453
rangeland-may-2~+00-19-00,7307.869693509468,56.10015765457453
rangeland-may-2~+00-20-00,7222.9462792685335,56.10015765457453
rangeland-may-2~+00-21-00,7119.193612686481,56.10015765457453
rangeland-may-2~+00-22-00,7051.1116804119465,56.10015765457453
rangeland-may-2~+00-23-00,7028.348488661053,56.10015765457453
rangeland-may-2~+01-00-00,7063.2090233053395,56.10015765457453
