trace,op_ems,emb_ems
sarek-mar-1,27180.702210941054,180.2085610425426
sarek-mar-1~+00-01-00,27298.188458496094,180.2085610425426
sarek-mar-1~+00-02-00,27505.968352394113,180.2085610425426
sarek-mar-1~+00-03-00,27728.16454855742,180.2085610425426
sarek-mar-1~+00-04-00,27938.677749391296,180.2085610425426
sarek-mar-1~+00-05-00,28185.152733117062,180.2085610425426
sarek-mar-1~+00-06-00,28445.051474064487,180.2085610425426
sarek-mar-1~+00-07-00,28611.185619439148,180.2085610425426
sarek-mar-1~+00-08-00,28765.526579135265,180.2085610425426
sarek-mar-1~+00-09-00,28900.226412148768,180.2085610425426
sarek-mar-1~+00-10-00,28949.27831235855,180.2085610425426
sarek-mar-1~+00-11-00,28990.3133741058,180.2085610425426
sarek-mar-1~+00-12-00,29074.025525479483,180.2085610425426
sarek-mar-1~+00-13-00,29199.65454474489,180.2085610425426
sarek-mar-1~+00-14-00,29271.383981113508,180.2085610425426
sarek-mar-1~+00-15-00,29262.957699154027,180.2085610425426
sarek-mar-1~+00-16-00,29026.875915000233,180.2085610425426
sarek-mar-1~+00-17-00,28701.61635997681,180.2085610425426
sarek-mar-1~+00-18-00,28294.796457675482,180.2085610425426
sarek-mar-1~+00-19-00,27874.832768693836,180.2085610425426
sarek-mar-1~+00-20-00,27527.568720994856,180.2085610425426
sarek-mar-1~+00-21-00,27301.753846176434,180.2085610425426
sarek-mar-1~+00-22-00,27157.819257795425,180.2085610425426
sarek-mar-1~+00-23-00,27108.398908585106,180.2085610425426
sarek-mar-1~+01-00-00,27153.105493383595,180.2085610425426
