trace,op_ems,emb_ems
nanoseq-aug-3,236.72202438378054,2.2487745329175857
nanoseq-aug-3~+00-01-00,236.8517656936468,2.2487745329175857
nanoseq-aug-3~+00-02-00,237.58120450316633,2.2487745329175857
nanoseq-aug-3~+00-03-00,238.6768849815877,2.2487745329175857
nanoseq-aug-3~+00-04-00,239.47463378592948,2.2487745329175857
nanoseq-aug-3~+00-05-00,240.04862422771663,2.2487745329175857
nanoseq-aug-3~+00-06-00,241.0670710761704,2.2487745329175857
nanoseq-aug-3~+00-07-00,242.50025264110317,2.2487745329175857
nanoseq-aug-3~+00-08-00,244.5377227359426,2.2487745329175857
nanoseq-aug-3~+00-09-00,246.7414956872485,2.2487745329175857
nanoseq-aug-3~+00-10-00,248.01206112914397,2.2487745329175857
nanoseq-aug-3~+00-11-00,247.82718171875817,2.2487745329175857
nanoseq-aug-3~+00-12-00,246.1236558870316,2.2487745329175857
nanoseq-aug-3~+00-13-00,243.97879878927074,2.2487745329175857
nanoseq-aug-3~+00-14-00,242.31372393375318,2.2487745329175857
nanoseq-aug-3~+00-15-00,241.0588623242656,2.2487745329175857
nanoseq-aug-3~+00-16-00,239.7429329090576,2.2487745329175857
nanoseq-aug-3~+00-17-00,237.67521049314027,2.2487745329175857
nanoseq-aug-3~+00-18-00,234.416333567035,2.2487745329175857
nanoseq-aug-3~+00-19-00,230.29960522808898,2.2487745329175857
nanoseq-aug-3~+00-20-00,225.60331424713942,2.2487745329175857
nanoseq-aug-3~+00-21-00,220.69060321732414,2.2487745329175857
nanoseq-aug-3~+00-22-00,216.28357443894564,2.2487745329175857
nanoseq-aug-3~+00-23-00,212.7503456309664,2.2487745329175857
nanoseq-aug-3~+01-00-00,210.63414926029617,2.2487745329175857
