trace,op_ems,emb_ems
nanoseq-jul-3,224.10511046217425,2.2487745329175857
nanoseq-jul-3~+00-01-00,224.50713821494136,2.2487745329175857
nanoseq-jul-3~+00-02-00,226.51929156100474,2.2487745329175857
nanoseq-jul-3~+00-03-00,229.5999193896426,2.2487745329175857
nanoseq-jul-3~+00-04-00,233.0201724275942,2.2487745329175857
nanoseq-jul-3~+00-05-00,236.49677668885406,2.2487745329175857
nanoseq-jul-3~+00-06-00,239.28767638760243,2.2487745329175857
nanoseq-jul-3~+00-07-00,240.78172798047976,2.2487745329175857
nanoseq-jul-3~+00-08-00,241.39460828245407,2.2487745329175857
nanoseq-jul-3~+00-09-00,241.5132355082049,2.2487745329175857
nanoseq-jul-3~+00-10-00,241.1140947294971,2.2487745329175857
nanoseq-jul-3~+00-11-00,240.43890957968586,2.2487745329175857
nanoseq-jul-3~+00-12-00,239.9534501125891,2.2487745329175857
nanoseq-jul-3~+00-13-00,239.85704938013168,2.2487745329175857
nanoseq-jul-3~+00-14-00,240.01264405305375,2.2487745329175857
nanoseq-jul-3~+00-15-00,240.42436438967655,2.2487745329175857
nanoseq-jul-3~+00-16-00,240.5999943237693,2.2487745329175857
nanoseq-jul-3~+00-17-00,240.09370438753098,2.2487745329175857
nanoseq-jul-3~+00-18-00,238.8943146053025,2.2487745329175857
nanoseq-jul-3~+00-19-00,236.85274372500743,2.2487745329175857
nanoseq-jul-3~+00-20-00,234.0544400509071,2.2487745329175857
nanoseq-jul-3~+00-21-00,231.21030121019342,2.2487745329175857
nanoseq-jul-3~+00-22-00,228.8385480259273,2.2487745329175857
nanoseq-jul-3~+00-23-00,227.0821685678544,2.2487745329175857
nanoseq-jul-3~+01-00-00,226.17985125704666,2.2487745329175857
