trace,op_ems,emb_ems
montage-may-2,611.7456338218731,4.417620969401983
montage-may-2~+00-01-00,599.9858949707782,4.417620969401983
montage-may-2~+00-02-00,596.0245183358278,4.417620969401983
montage-may-2~+00-03-00,590.1207275537892,4.417620969401983
montage-may-2~+00-04-00,593.25920952544,4.417620969401983
montage-may-2~+00-05-00,606.5212095641854,4.417620969401983
montage-may-2~+00-06-00,630.9688358982364,4.417620969401983
montage-may-2~+00-07-00,646.5081490749484,4.417620969401983
montage-may-2~+00-08-00,645.3599239633688,4.417620969401983
montage-may-2~+00-09-00,644.0011909146662,4.417620969401983
montage-may-2~+00-10-00,643.2165704217534,4.417620969401983
montage-may-2~+00-11-00,644.0107594572627,4.417620969401983
montage-may-2~+00-12-00,640.3173020150147,4.417620969401983
montage-may-2~+00-13-00,641.9152486286298,4.417620969401983
montage-may-2~+00-14-00,634.8058214794322,4.417620969401983
montage-may-2~+00-15-00,630.3564491720606,4.417620969401983
montage-may-2~+00-16-00,634.8632327350115,4.417620969401983
montage-may-2~+00-17-00,637.3701908952937,4.417620969401983
montage-may-2~+00-18-00,641.245450646875,4.417620969401983
montage-may-2~+00-19-00,654.9763092728488,4.417620969401983
montage-may-2~+00-20-00,663.1000019372755,4.417620969401983
montage-may-2~+00-21-00,657.244053868219,4.417620969401983
montage-may-2~+00-22-00,649.0246757778269,4.417620969401983
montage-may-2~+00-23-00,636.9109008506621,4.417620969401983
montage-may-2~+01-00-00,624.7779888383033,4.417620969401983
