trace,op_ems,emb_ems
rnaseq-jul-1,9326.69044016926,60.34201273201991
rnaseq-jul-1~+00-01-00,9265.313883628873,60.34201273201991
rnaseq-jul-1~+00-02-00,9243.843070195691,60.34201273201991
rnaseq-jul-1~+00-03-00,9270.591959595444,60.34201273201991
rnaseq-jul-1~+00-04-00,9385.41575622191,60.34201273201991
rnaseq-jul-1~+00-05-00,9592.374334956041,60.34201273201991
rnaseq-jul-1~+00-06-00,9789.74899391778,60.34201273201991
rnaseq-jul-1~+00-07-00,9891.156126394177,60.34201273201991
rnaseq-jul-1~+00-08-00,9953.27418714811,60.34201273201991
rnaseq-jul-1~+00-09-00,10021.084403183166,60.34201273201991
rnaseq-jul-1~+00-10-00,10045.097208740399,60.34201273201991
rnaseq-jul-1~+00-11-00,10006.641019910281,60.34201273201991
rnaseq-jul-1~+00-12-00,9956.966398481634,60.34201273201991
rnaseq-jul-1~+00-13-00,9929.829148075949,60.34201273201991
rnaseq-jul-1~+00-14-00,9928.716332086595,60.34201273201991
rnaseq-jul-1~+00-15-00,9933.30589392258,60.34201273201991
rnaseq-jul-1~+00-16-00,9945.057857163592,60.34201273201991
rnaseq-jul-1~+00-17-00,9959.390897606334,60.34201273201991
rnaseq-jul-1~+00-18-00,9990.640646448439,60.34201273201991
rnaseq-jul-1~+00-19-00,9978.219422700742,60.34201273201991
rnaseq-jul-1~+00-20-00,9885.104666340694,60.34201273201991
rnaseq-jul-1~+00-21-00,9749.859841511947,60.34201273201991
rnaseq-jul-1~+00-22-00,9622.926588235458,60.34201273201991
rnaseq-jul-1~+00-23-00,9505.656314652166,60.34201273201991
rnaseq-jul-1~+01-00-00,9410.779992551948,60.34201273201991
