trace,op_ems,emb_ems
mag-feb-1,21355.287810666054,170.94595497756436
mag-feb-1~+00-01-00,21576.024031470566,170.94595497756436
mag-feb-1~+00-02-00,21767.224678537452,170.94595497756436
mag-feb-1~+00-03-00,21918.824388652316,170.94595497756436
mag-feb-1~+00-04-00,22060.413082374842,170.94595497756436
mag-feb-1~+00-05-00,22219.243391201788,170.94595497756436
mag-feb-1~+00-06-00,22356.06973617381,170.94595497756436
mag-feb-1~+00-07-00,22411.924402491873,170.94595497756436
mag-feb-1~+00-08-00,22355.39365767943,170.94595497756436
mag-feb-1~+00-09-00,22230.97190205443,170.94595497756436
mag-feb-1~+00-10-00,22056.32944118381,170.94595497756436
mag-feb-1~+00-11-00,21878.09474108244,170.94595497756436
mag-feb-1~+00-12-00,21720.80541411386,170.94595497756436
mag-feb-1~+00-13-00,21567.078010138932,170.94595497756436
mag-feb-1~+00-14-00,21403.246875193563,170.94595497756436
mag-feb-1~+00-15-00,21193.01762283321,170.94595497756436
mag-feb-1~+00-16-00,20965.760425053326,170.94595497756436
mag-feb-1~+00-17-00,20711.266368713943,170.94595497756436
mag-feb-1~+00-18-00,20493.379151253346,170.94595497756436
mag-feb-1~+00-19-00,20385.476163454816,170.94595497756436
mag-feb-1~+00-20-00,20369.535448494356,170.94595497756436
mag-feb-1~+00-21-00,20446.908885042012,170.94595497756436
mag-feb-1~+00-22-00,20595.46523690908,170.94595497756436
mag-feb-1~+00-23-00,20769.671880771682,170.94595497756436
mag-feb-1~+01-00-00,20950.553879056708,170.94595497756436
