trace,op_ems,emb_ems
rnaseq-dec-3,9642.78794993332,61.95465283773145
rnaseq-dec-3~+00-01-00,9572.947430311478,61.95465283773145
rnaseq-dec-3~+00-02-00,9565.704478189657,61.95465283773145
rnaseq-dec-3~+00-03-00,9592.963596921876,61.95465283773145
rnaseq-dec-3~+00-04-00,9610.47700616612,61.95465283773145
rnaseq-dec-3~+00-05-00,9653.775097140628,61.95465283773145
rnaseq-dec-3~+00-06-00,9765.628289950244,61.95465283773145
rnaseq-dec-3~+00-07-00,9903.1169319312,61.95465283773145
rnaseq-dec-3~+00-08-00,10001.195878422299,61.95465283773145
rnaseq-dec-3~+00-09-00,10087.710413642324,61.95465283773145
rnaseq-dec-3~+00-10-00,10163.684419606592,61.95465283773145
rnaseq-dec-3~+00-11-00,10230.99637720363,61.95465283773145
rnaseq-dec-3~+00-12-00,10282.728549464546,61.95465283773145
rnaseq-dec-3~+00-13-00,10309.199212083211,61.95465283773145
rnaseq-dec-3~+00-14-00,10299.843986784872,61.95465283773145
rnaseq-dec-3~+00-15-00,10296.416863099312,61.95465283773145
rnaseq-dec-3~+00-16-00,10310.548889981757,61.95465283773145
rnaseq-dec-3~+00-17-00,10285.182729429443,61.95465283773145
rnaseq-dec-3~+00-18-00,10145.148252406025,61.95465283773145
rnaseq-dec-3~+00-19-00,9942.055083654373,61.95465283773145
rnaseq-dec-3~+00-20-00,9789.795986363813,61.95465283773145
rnaseq-dec-3~+00-21-00,9732.034507384116,61.95465283773145
rnaseq-dec-3~+00-22-00,9704.466870289163,61.95465283773145
rnaseq-dec-3~+00-23-00,9662.433080556273,61.95465283773145
rnaseq-dec-3~+01-00-00,9605.908344622467,61.95465283773145
