trace,op_ems,emb_ems
chipseq-may-1,15046.010633406675,95.2845684694022
chipseq-may-1~+00-01-00,15019.862466998153,95.2845684694022
chipseq-may-1~+00-02-00,15069.516052771414,95.2845684694022
chipseq-may-1~+00-03-00,15189.879522142506,95.2845684694022
chipseq-may-1~+00-04-00,15356.178932509885,95.2845684694022
chipseq-may-1~+00-05-00,15526.724453645722,95.2845684694022
chipseq-may-1~+00-06-00,15639.700844307838,95.2845684694022
chipseq-may-1~+00-07-00,15689.635649326447,95.2845684694022
chipseq-may-1~+00-08-00,15751.008767320673,95.2845684694022
chipseq-may-1~+00-09-00,15837.308816465831,95.2845684694022
chipseq-may-1~+00-10-00,15868.044100523794,95.2845684694022
chipseq-may-1~+00-11-00,15847.38918508635,95.2845684694022
chipseq-may-1~+00-12-00,15812.388427803091,95.2845684694022
chipseq-may-1~+00-13-00,15786.849901729775,95.2845684694022
chipseq-may-1~+00-14-00,15782.295911360206,95.2845684694022
chipseq-may-1~+00-15-00,15776.441057143778,95.2845684694022
chipseq-may-1~+00-16-00,15749.685936459264,95.2845684694022
chipseq-may-1~+00-17-00,15739.956411479767,95.2845684694022
chipseq-may-1~+00-18-00,15749.459508785578,95.2845684694022
chipseq-may-1~+00-19-00,15655.579772850751,95.2845684694022
chipseq-may-1~+00-20-00,15426.04348597064,95.2845684694022
chipseq-may-1~+00-21-00,15167.305345572864,95.2845684694022
chipseq-may-1~+00-22-00,14959.14498965031,95.2845684694022
chipseq-may-1~+00-23-00,14759.850377361337,95.2845684694022
chipseq-may-1~+01-00-00,14574.459889314849,95.2845684694022
