trace,op_ems,emb_ems
rangeland-apr-2,7219.182527905253,56.10015765457453
rangeland-apr-2~+00-01-00,7216.259684817441,56.10015765457453
rangeland-apr-2~+00-02-00,7221.08119462116,56.10015765457453
rangeland-apr-2~+00-03-00,7211.940595359675,56.10015765457453
rangeland-apr-2~+00-04-00,7229.481526548061,56.10015765457453
rangeland-apr-2~+00-05-00,7233.095673630241,56.10015765457453
rangeland-apr-2~+00-06-00,7244.000846480815,56.10015765457453
rangeland-apr-2~+00-07-00,7270.175844835173,56.10015765457453
rangeland-apr-2~+00-08-00,7307.566748685983,56.10015765457453
rangeland-apr-2~+00-09-00,7359.94168946393,56.10015765457453
rangeland-apr-2~+00-10-00,7415.436609572365,56.10015765457453
rangeland-apr-2~+00-11-00,7451.089136784812,56.10015765457453
rangeland-apr-2~+00-12-00,7459.036494101622,56.10015765457453
rangeland-apr-2~+00-13-00,7466.899426675691,56.10015765457453
rangeland-apr-2~+00-14-00,7436.842174596454,56.10015765457453
rangeland-apr-2~+00-15-00,7369.220216739881,56.10015765457453
rangeland-apr-2~+00-16-00,7285.796574173964,56.10015765457453
rangeland-apr-2~+00-17-00,7188.31121403379,56.10015765457453
rangeland-apr-2~+00-18-00,7113.528144356346,56.10015765457453
rangeland-apr-2~+00-19-00,7065.021944139472,56.10015765457453
rangeland-apr-2~+00-20-00,7030.957691689385,56.10015765457453
rangeland-apr-2~+00-21-00,7021.857848913126,56.10015765457453
rangeland-apr-2~+00-22-00,7031.063957361355,56.10015765457453
rangeland-apr-2~+00-23-00,7045.804709211101,56.10015765457453
rangeland-apr-2~+01-00-00,7088.652934623311,56.10015765457453
