trace,op_ems,emb_ems
sarek-may-2,27499.75027103095,181.81188075481478
sarek-may-2~+00-01-00,27593.616331158577,181.81188075481478
sarek-may-2~+00-02-00,27768.624294743953,181.81188075481478
sarek-may-2~+00-03-00,28070.85571382032,181.81188075481478
sarek-may-2~+00-04-00,28330.19418959959,181.81188075481478
sarek-may-2~+00-05-00,28483.977215580508,181.81188075481478
sarek-may-2~+00-06-00,28661.663296543116,181.81188075481478
sarek-may-2~+00-07-00,28824.136708065904,181.81188075481478
sarek-may-2~+00-08-00,28891.11088829584,181.81188075481478
sarek-may-2~+00-09-00,28941.42938407292,181.81188075481478
sarek-may-2~+00-10-00,28950.233976894426,181.81188075481478
sarek-may-2~+00-11-00,28891.07430130172,181.81188075481478
sarek-may-2~+00-12-00,28869.322958955472,181.81188075481478
sarek-may-2~+00-13-00,28854.742945483253,181.81188075481478
sarek-may-2~+00-14-00,28802.707509949254,181.81188075481478
sarek-may-2~+00-15-00,28769.674488841363,181.81188075481478
sarek-may-2~+00-16-00,28820.785935164848,181.81188075481478
sarek-may-2~+00-17-00,28736.043780660442,181.81188075481478
sarek-may-2~+00-18-00,28485.035647095214,181.81188075481478
sarek-may-2~+00-19-00,28159.565217245297,181.81188075481478
sarek-may-2~+00-20-00,27800.40368391943,181.81188075481478
sarek-may-2~+00-21-00,27363.246972288052,181.81188075481478
sarek-may-2~+00-22-00,26990.887167087978,181.81188075481478
sarek-may-2~+00-23-00,26681.26044724069,181.81188075481478
sarek-may-2~+01-00-00,26471.432699021374,181.81188075481478
