trace,op_ems,emb_ems
rangeland-aug-1,7539.627912059401,56.24585137653058
rangeland-aug-1~+00-01-00,7568.496257488641,56.24585137653058
rangeland-aug-1~+00-02-00,7577.066585494862,56.24585137653058
rangeland-aug-1~+00-03-00,7589.769474104849,56.24585137653058
rangeland-aug-1~+00-04-00,7618.166372459325,56.24585137653058
rangeland-aug-1~+00-05-00,7667.126630847943,56.24585137653058
rangeland-aug-1~+00-06-00,7737.299079249941,56.24585137653058
rangeland-aug-1~+00-07-00,7786.6894163993675,56.24585137653058
rangeland-aug-1~+00-08-00,7800.898700586422,56.24585137653058
rangeland-aug-1~+00-09-00,7808.947085159,56.24585137653058
rangeland-aug-1~+00-10-00,7814.600192501276,56.24585137653058
rangeland-aug-1~+00-11-00,7809.414232188906,56.24585137653058
rangeland-aug-1~+00-12-00,7791.266673004555,56.24585137653058
rangeland-aug-1~+00-13-00,7734.911980291608,56.24585137653058
rangeland-aug-1~+00-14-00,7673.2991948923855,56.24585137653058
rangeland-aug-1~+00-15-00,7603.675547884339,56.24585137653058
rangeland-aug-1~+00-16-00,7522.831139664822,56.24585137653058
rangeland-aug-1~+00-17-00,7435.640067891083,56.24585137653058
rangeland-aug-1~+00-18-00,7325.74273701148,56.24585137653058
rangeland-aug-1~+00-19-00,7188.451444369002,56.24585137653058
rangeland-aug-1~+00-20-00,7051.595194800471,56.24585137653058
rangeland-aug-1~+00-21-00,6920.901713405743,56.24585137653058
rangeland-aug-1~+00-22-00,6822.699204536926,56.24585137653058
rangeland-aug-1~+00-23-00,6771.90429723003,56.24585137653058
rangeland-aug-1~+01-00-00,6767.542652358164,56.24585137653058
