trace,op_ems,emb_ems
montage-feb-3,526.5379260417011,3.9090470464800857
montage-feb-3~+00-01-00,528.4198718747328,3.9090470464800857
montage-feb-3~+00-02-00,526.1225416010768,3.9090470464800857
montage-feb-3~+00-03-00,525.4189312220608,3.9090470464800857
montage-feb-3~+00-04-00,530.7850200162452,3.9090470464800857
montage-feb-3~+00-05-00,536.1765405108764,3.9090470464800857
montage-feb-3~+00-06-00,541.2798350671152,3.9090470464800857
montage-feb-3~+00-07-00,543.3058938693429,3.9090470464800857
montage-feb-3~+00-08-00,545.3404299050528,3.9090470464800857
montage-feb-3~+00-09-00,550.7997682675408,3.9090470464800857
montage-feb-3~+00-10-00,565.9231527996503,3.9090470464800857
montage-feb-3~+00-11-00,581.3686722040807,3.9090470464800857
montage-feb-3~+00-12-00,581.7755794112225,3.9090470464800857
montage-feb-3~+00-13-00,585.5394710772857,3.9090470464800857
montage-feb-3~+00-14-00,584.5900209272879,3.9090470464800857
montage-feb-3~+00-15-00,588.4980255625472,3.9090470464800857
montage-feb-3~+00-16-00,589.5237708138839,3.9090470464800857
montage-feb-3~+00-17-00,589.7102699504908,3.9090470464800857
montage-feb-3~+00-18-00,577.9438698773025,3.9090470464800857
montage-feb-3~+00-19-00,559.7602040581461,3.9090470464800857
montage-feb-3~+00-20-00,547.2054212711196,3.9090470464800857
montage-feb-3~+00-21-00,530.1153185711577,3.9090470464800857
montage-feb-3~+00-22-00,526.427722006433,3.9090470464800857
montage-feb-3~+00-23-00,524.630548508223,3.9090470464800857
montage-feb-3~+01-00-00,522.0619467631395,3.9090470464800857
