trace,op_ems,emb_ems
rangeland-apr-3,7233.728701300863,56.21086774659671
rangeland-apr-3~+00-01-00,7230.732904078773,56.21086774659671
rangeland-apr-3~+00-02-00,7235.585509326639,56.21086774659671
rangeland-apr-3~+00-03-00,7226.333369307138,56.21086774659671
rangeland-apr-3~+00-04-00,7244.031364893415,56.21086774659671
rangeland-apr-3~+00-05-00,7247.499620295857,56.21086774659671
rangeland-apr-3~+00-06-00,7258.481954113235,56.21086774659671
rangeland-apr-3~+00-07-00,7284.9094452993395,56.21086774659671
rangeland-apr-3~+00-08-00,7322.422428742099,56.21086774659671
rangeland-apr-3~+00-09-00,7374.948745833869,56.21086774659671
rangeland-apr-3~+00-10-00,7430.466807957682,56.21086774659671
rangeland-apr-3~+00-11-00,7466.03665889396,56.21086774659671
rangeland-apr-3~+00-12-00,7473.659307223529,56.21086774659671
rangeland-apr-3~+00-13-00,7481.572494928455,56.21086774659671
rangeland-apr-3~+00-14-00,7451.402963743112,56.21086774659671
rangeland-apr-3~+00-15-00,7383.578736787301,56.21086774659671
rangeland-apr-3~+00-16-00,7300.117211824116,56.21086774659671
rangeland-apr-3~+00-17-00,7202.479408310147,56.21086774659671
rangeland-apr-3~+00-18-00,7127.731607386524,56.21086774659671
rangeland-apr-3~+00-19-00,7079.18418589188,56.21086774659671
rangeland-apr-3~+00-20-00,7045.138156626217,56.21086774659671
rangeland-apr-3~+00-21-00,7036.0685207005345,56.21086774659671
rangeland-apr-3~+00-22-00,7045.229849860707,56.21086774659671
rangeland-apr-3~+00-23-00,7059.931033731626,56.21086774659671
rangeland-apr-3~+01-00-00,7102.9627066143385,56.21086774659671
