trace,op_ems,emb_ems
nanoseq-nov-2,228.0726089933527,2.2810001647780567
nanoseq-nov-2~+00-01-00,229.53668093894927,2.2810001647780567
nanoseq-nov-2~+00-02-00,231.2299399138753,2.2810001647780567
nanoseq-nov-2~+00-03-00,233.0012669224368,2.2810001647780567
nanoseq-nov-2~+00-04-00,234.50821898952586,2.2810001647780567
nanoseq-nov-2~+00-05-00,235.63929550087022,2.2810001647780567
nanoseq-nov-2~+00-06-00,236.71784577835518,2.2810001647780567
nanoseq-nov-2~+00-07-00,237.45311295733262,2.2810001647780567
nanoseq-nov-2~+00-08-00,238.54001304087822,2.2810001647780567
nanoseq-nov-2~+00-09-00,239.90395043919912,2.2810001647780567
nanoseq-nov-2~+00-10-00,241.16885213331102,2.2810001647780567
nanoseq-nov-2~+00-11-00,242.41976741055555,2.2810001647780567
nanoseq-nov-2~+00-12-00,244.18002739902454,2.2810001647780567
nanoseq-nov-2~+00-13-00,245.70685823693694,2.2810001647780567
nanoseq-nov-2~+00-14-00,246.51454926360694,2.2810001647780567
nanoseq-nov-2~+00-15-00,246.41426880251953,2.2810001647780567
nanoseq-nov-2~+00-16-00,244.82167231678488,2.2810001647780567
nanoseq-nov-2~+00-17-00,241.90426726860017,2.2810001647780567
nanoseq-nov-2~+00-18-00,238.35160996636202,2.2810001647780567
nanoseq-nov-2~+00-19-00,234.97234068265846,2.2810001647780567
nanoseq-nov-2~+00-20-00,232.2921420250972,2.2810001647780567
nanoseq-nov-2~+00-21-00,229.84538795971747,2.2810001647780567
nanoseq-nov-2~+00-22-00,227.64422581059694,2.2810001647780567
nanoseq-nov-2~+00-23-00,225.64099116996843,2.2810001647780567
nanoseq-nov-2~+01-00-00,223.74063750372954,2.2810001647780567
