trace,op_ems,emb_ems
rnaseq-oct-3,9001.6751935542,61.95465283773145
rnaseq-oct-3~+00-01-00,9034.01063693283,61.95465283773145
rnaseq-oct-3~+00-02-00,9054.730108368176,61.95465283773145
rnaseq-oct-3~+00-03-00,9101.615656775704,61.95465283773145
rnaseq-oct-3~+00-04-00,9214.031331663704,61.95465283773145
rnaseq-oct-3~+00-05-00,9341.575792706397,61.95465283773145
rnaseq-oct-3~+00-06-00,9419.815824485824,61.95465283773145
rnaseq-oct-3~+00-07-00,9440.700752056577,61.95465283773145
rnaseq-oct-3~+00-08-00,9481.310322825013,61.95465283773145
rnaseq-oct-3~+00-09-00,9535.566860094421,61.95465283773145
rnaseq-oct-3~+00-10-00,9611.107270010723,61.95465283773145
rnaseq-oct-3~+00-11-00,9685.832939258153,61.95465283773145
rnaseq-oct-3~+00-12-00,9731.154808623996,61.95465283773145
rnaseq-oct-3~+00-13-00,9748.551315854495,61.95465283773145
rnaseq-oct-3~+00-14-00,9786.063741724342,61.95465283773145
rnaseq-oct-3~+00-15-00,9818.545937881569,61.95465283773145
rnaseq-oct-3~+00-16-00,9855.44562552892,61.95465283773145
rnaseq-oct-3~+00-17-00,9921.103276796925,61.95465283773145
rnaseq-oct-3~+00-18-00,9970.942425115802,61.95465283773145
rnaseq-oct-3~+00-19-00,9877.716542803064,61.95465283773145
rnaseq-oct-3~+00-20-00,9669.797239164467,61.95465283773145
rnaseq-oct-3~+00-21-00,9433.773888344816,61.95465283773145
rnaseq-oct-3~+00-22-00,9239.096544981016,61.95465283773145
rnaseq-oct-3~+00-23-00,9041.120043416695,61.95465283773145
rnaseq-oct-3~+01-00-00,8883.705847047127,61.95465283773145
