trace,op_ems,emb_ems
rangeland-dec-2,10291.739183156662,56.19540575328906
rangeland-dec-2~+00-01-00,10291.739183156662,56.19540575328906
rangeland-dec-2~+00-02-00,10291.739183156662,56.19540575328906
rangeland-dec-2~+00-03-00,10291.739183156662,56.19540575328906
rangeland-dec-2~+00-04-00,10291.739183156662,56.19540575328906
rangeland-dec-2~+00-05-00,10291.739183156662,56.19540575328906
rangeland-dec-2~+00-06-00,10291.739183156662,56.19540575328906
rangeland-dec-2~+00-07-00,10291.739183156662,56.19540575328906
rangeland-dec-2~+00-08-00,10291.739183156662,56.19540575328906
rangeland-dec-2~+00-09-00,9947.750049329594,56.19540575328906
rangeland-dec-2~+00-10-00,9700.323343909566,56.19540575328906
rangeland-dec-2~+00-11-00,9450.671255552152,56.19540575328906
rangeland-dec-2~+00-12-00,9200.882597273005,56.19540575328906
rangeland-dec-2~+00-13-00,9295.093241932127,56.19540575328906
rangeland-dec-2~+00-14-00,9292.618613799192,56.19540575328906
rangeland-dec-2~+00-15-00,9303.882988237827,56.19540575328906
rangeland-dec-2~+00-16-00,9553.60698118053,56.19540575328906
rangeland-dec-2~+00-17-00,9803.385470348507,56.19540575328906
rangeland-dec-2~+00-18-00,10053.286803901463,56.19540575328906
rangeland-dec-2~+00-19-00,10291.67451782023,56.19540575328906
rangeland-dec-2~+00-20-00,10291.739183156662,56.19540575328906
rangeland-dec-2~+00-21-00,10291.739183156662,56.19540575328906
rangeland-dec-2~+00-22-00,10291.739183156662,56.19540575328906
rangeland-dec-2~+00-23-00,10291.739183156662,56.19540575328906
rangeland-dec-2~+01-00-00,10291.739183156662,56.19540575328906
