trace,op_ems,emb_ems
montage-jul-1,667.4417785955352,4.6572801319491965
montage-jul-1~+00-01-00,660.6656240623379,4.6572801319491965
montage-jul-1~+00-02-00,656.7439066539422,4.6572801319491965
montage-jul-1~+00-03-00,655.2976127335573,4.6572801319491965
montage-jul-1~+00-04-00,656.8741200598294,4.6572801319491965
montage-jul-1~+00-05-00,663.067315679147,4.6572801319491965
montage-jul-1~+00-06-00,681.9655541923405,4.6572801319491965
montage-jul-1~+00-07-00,697.7430700797431,4.6572801319491965
montage-jul-1~+00-08-00,700.2884914038895,4.6572801319491965
montage-jul-1~+00-09-00,705.0981180821186,4.6572801319491965
montage-jul-1~+00-10-00,711.9237866006924,4.6572801319491965
montage-jul-1~+00-11-00,713.8241289682185,4.6572801319491965
montage-jul-1~+00-12-00,710.6641944336211,4.6572801319491965
montage-jul-1~+00-13-00,705.6971776105946,4.6572801319491965
montage-jul-1~+00-14-00,706.8367767320062,4.6572801319491965
montage-jul-1~+00-15-00,704.4656667480162,4.6572801319491965
montage-jul-1~+00-16-00,707.6397497569624,4.6572801319491965
montage-jul-1~+00-17-00,706.5804732476464,4.6572801319491965
montage-jul-1~+00-18-00,707.0609005523255,4.6572801319491965
montage-jul-1~+00-19-00,709.9721710523607,4.6572801319491965
montage-jul-1~+00-20-00,710.1286589000521,4.6572801319491965
montage-jul-1~+00-21-00,700.2490252648387,4.6572801319491965
montage-jul-1~+00-22-00,690.7207949706141,4.6572801319491965
montage-jul-1~+00-23-00,681.9146669011692,4.6572801319491965
montage-jul-1~+01-00-00,673.311959754362,4.6572801319491965
