trace,op_ems,emb_ems
rnaseq-apr-1,9462.950505782566,60.34201273201991
rnaseq-apr-1~+00-01-00,9449.476594606147,60.34201273201991
rnaseq-apr-1~+00-02-00,9421.593729641412,60.34201273201991
rnaseq-apr-1~+00-03-00,9378.984075206334,60.34201273201991
rnaseq-apr-1~+00-04-00,9386.992555372677,60.34201273201991
rnaseq-apr-1~+00-05-00,9434.106610435543,60.34201273201991
rnaseq-apr-1~+00-06-00,9470.669989748218,60.34201273201991
rnaseq-apr-1~+00-07-00,9458.761454300518,60.34201273201991
rnaseq-apr-1~+00-08-00,9461.33703560022,60.34201273201991
rnaseq-apr-1~+00-09-00,9470.351435400133,60.34201273201991
rnaseq-apr-1~+00-10-00,9472.578225663821,60.34201273201991
rnaseq-apr-1~+00-11-00,9495.301355301783,60.34201273201991
rnaseq-apr-1~+00-12-00,9617.191615439711,60.34201273201991
rnaseq-apr-1~+00-13-00,9769.28885514515,60.34201273201991
rnaseq-apr-1~+00-14-00,9879.760256734051,60.34201273201991
rnaseq-apr-1~+00-15-00,9924.104758003525,60.34201273201991
rnaseq-apr-1~+00-16-00,9843.862107230481,60.34201273201991
rnaseq-apr-1~+00-17-00,9692.23137978635,60.34201273201991
rnaseq-apr-1~+00-18-00,9546.980214813686,60.34201273201991
rnaseq-apr-1~+00-19-00,9419.890029412501,60.34201273201991
rnaseq-apr-1~+00-20-00,9266.874879183031,60.34201273201991
rnaseq-apr-1~+00-21-00,9146.457825870735,60.34201273201991
rnaseq-apr-1~+00-22-00,9098.252159548316,60.34201273201991
rnaseq-apr-1~+00-23-00,9104.843220877106,60.34201273201991
rnaseq-apr-1~+01-00-00,9152.93098993858,60.34201273201991
