trace,op_ems,emb_ems
mag-aug-3,30426.62476218992,170.67367805536568
mag-aug-3~+00-01-00,30419.610519558533,170.67367805536568
mag-aug-3~+00-02-00,30410.1081374784,170.67367805536568
mag-aug-3~+00-03-00,30403.42086792575,170.67367805536568
mag-aug-3~+00-04-00,30015.191515699295,170.67367805536568
mag-aug-3~+00-05-00,29347.70387860254,170.67367805536568
mag-aug-3~+00-06-00,28697.053204074826,170.67367805536568
mag-aug-3~+00-07-00,28053.403202235295,170.67367805536568
mag-aug-3~+00-08-00,28071.35632152653,170.67367805536568
mag-aug-3~+00-09-00,28622.4946616901,170.67367805536568
mag-aug-3~+00-10-00,28991.02475749033,170.67367805536568
mag-aug-3~+00-11-00,29251.317459532303,170.67367805536568
mag-aug-3~+00-12-00,29078.473780661952,170.67367805536568
mag-aug-3~+00-13-00,28791.09199928245,170.67367805536568
mag-aug-3~+00-14-00,28777.2208054411,170.67367805536568
mag-aug-3~+00-15-00,28708.18576252097,170.67367805536568
mag-aug-3~+00-16-00,28989.08926177216,170.67367805536568
mag-aug-3~+00-17-00,29374.795624948223,170.67367805536568
mag-aug-3~+00-18-00,29671.847965055815,170.67367805536568
mag-aug-3~+00-19-00,30118.053719269225,170.67367805536568
mag-aug-3~+00-20-00,30374.12849523933,170.67367805536568
mag-aug-3~+00-21-00,30396.280107381815,170.67367805536568
mag-aug-3~+00-22-00,30407.609267548713,170.67367805536568
mag-aug-3~+00-23-00,30417.59577998025,170.67367805536568
mag-aug-3~+01-00-00,30417.02212990412,170.67367805536568
