trace,op_ems,emb_ems
rangeland-mar-2,7252.58461281143,56.10015765457453
rangeland-mar-2~+00-01-00,7290.466180076667,56.10015765457453
rangeland-mar-2~+00-02-00,7336.035754212224,56.10015765457453
rangeland-mar-2~+00-03-00,7394.939731590291,56.10015765457453
rangeland-mar-2~+00-04-00,7460.853182356926,56.10015765457453
rangeland-mar-2~+00-05-00,7512.424481114466,56.10015765457453
rangeland-mar-2~+00-06-00,7563.89563506445,56.10015765457453
rangeland-mar-2~+00-07-00,7602.779746332014,56.10015765457453
rangeland-mar-2~+00-08-00,7632.302221365111,56.10015765457453
rangeland-mar-2~+00-09-00,7662.505045584865,56.10015765457453
rangeland-mar-2~+00-10-00,7687.1201658023865,56.10015765457453
rangeland-mar-2~+00-11-00,7713.404413895057,56.10015765457453
rangeland-mar-2~+00-12-00,7729.791784228123,56.10015765457453
rangeland-mar-2~+00-13-00,7731.428538792877,56.10015765457453
rangeland-mar-2~+00-14-00,7692.107697464578,56.10015765457453
rangeland-mar-2~+00-15-00,7652.953712719877,56.10015765457453
rangeland-mar-2~+00-16-00,7590.561344111198,56.10015765457453
rangeland-mar-2~+00-17-00,7515.77841555213,56.10015765457453
rangeland-mar-2~+00-18-00,7426.563772249641,56.10015765457453
rangeland-mar-2~+00-19-00,7342.136311508063,56.10015765457453
rangeland-mar-2~+00-20-00,7269.927674845074,56.10015765457453
rangeland-mar-2~+00-21-00,7230.658005586594,56.10015765457453
rangeland-mar-2~+00-22-00,7211.267438263397,56.10015765457453
rangeland-mar-2~+00-23-00,7215.41630177989,56.10015765457453
rangeland-mar-2~+01-00-00,7245.305018768642,56.10015765457453
