trace,op_ems,emb_ems
mag-dec-2,21664.51708719794,170.41523942885257
mag-dec-2~+00-01-00,21769.61366059406,170.41523942885257
mag-dec-2~+00-02-00,21902.175766839107,170.41523942885257
mag-dec-2~+00-03-00,22053.220462569967,170.41523942885257
mag-dec-2~+00-04-00,22177.183361068273,170.41523942885257
mag-dec-2~+00-05-00,22282.088643535884,170.41523942885257
mag-dec-2~+00-06-00,22396.87281424097,170.41523942885257
mag-dec-2~+00-07-00,22490.489037647374,170.41523942885257
mag-dec-2~+00-08-00,22527.151372824064,170.41523942885257
mag-dec-2~+00-09-00,22475.62933095174,170.41523942885257
mag-dec-2~+00-10-00,22365.992560837127,170.41523942885257
mag-dec-2~+00-11-00,22235.460860294545,170.41523942885257
mag-dec-2~+00-12-00,22122.342317457475,170.41523942885257
mag-dec-2~+00-13-00,22041.67295482846,170.41523942885257
mag-dec-2~+00-14-00,21919.54250152885,170.41523942885257
mag-dec-2~+00-15-00,21764.716885970447,170.41523942885257
mag-dec-2~+00-16-00,21582.90663276455,170.41523942885257
mag-dec-2~+00-17-00,21392.442936239066,170.41523942885257
mag-dec-2~+00-18-00,21205.797591093793,170.41523942885257
mag-dec-2~+00-19-00,21003.965901770665,170.41523942885257
mag-dec-2~+00-20-00,20897.892069231384,170.41523942885257
mag-dec-2~+00-21-00,20849.84445519394,170.41523942885257
mag-dec-2~+00-22-00,20858.970764725436,170.41523942885257
mag-dec-2~+00-23-00,20909.38323375512,170.41523942885257
mag-dec-2~+01-00-00,20938.79071653441,170.41523942885257
