trace,op_ems,emb_ems
mag-oct-2,30422.200892416004,170.82096393261858
mag-oct-2~+00-01-00,30423.987307036354,170.82096393261858
mag-oct-2~+00-02-00,30423.035286334576,170.82096393261858
mag-oct-2~+00-03-00,30410.219461482953,170.82096393261858
mag-oct-2~+00-04-00,30319.68673736717,170.82096393261858
mag-oct-2~+00-05-00,29741.91075442794,170.82096393261858
mag-oct-2~+00-06-00,29080.017928424742,170.82096393261858
mag-oct-2~+00-07-00,28424.345890347173,170.82096393261858
mag-oct-2~+00-08-00,27873.76149317077,170.82096393261858
mag-oct-2~+00-09-00,28307.337939391,170.82096393261858
mag-oct-2~+00-10-00,28615.401773789545,170.82096393261858
mag-oct-2~+00-11-00,28819.54342433324,170.82096393261858
mag-oct-2~+00-12-00,28943.488607283944,170.82096393261858
mag-oct-2~+00-13-00,28679.577086222536,170.82096393261858
mag-oct-2~+00-14-00,28766.381046447517,170.82096393261858
mag-oct-2~+00-15-00,28738.958440452017,170.82096393261858
mag-oct-2~+00-16-00,29054.8135762212,170.82096393261858
mag-oct-2~+00-17-00,29470.57898201273,170.82096393261858
mag-oct-2~+00-18-00,29739.12215567448,170.82096393261858
mag-oct-2~+00-19-00,30207.756430227408,170.82096393261858
mag-oct-2~+00-20-00,30406.4534822802,170.82096393261858
mag-oct-2~+00-21-00,30424.333014652773,170.82096393261858
mag-oct-2~+00-22-00,30441.046607016,170.82096393261858
mag-oct-2~+00-23-00,30457.07539299625,170.82096393261858
mag-oct-2~+01-00-00,30460.973160507852,170.82096393261858
