trace,op_ems,emb_ems
chipseq-jun-2,14700.68158718283,93.55153285104065
chipseq-jun-2~+00-01-00,14682.1408291417,93.55153285104065
chipseq-jun-2~+00-02-00,14742.136237425759,93.55153285104065
chipseq-jun-2~+00-03-00,14895.394778514441,93.55153285104065
chipseq-jun-2~+00-04-00,15103.942122362549,93.55153285104065
chipseq-jun-2~+00-05-00,15246.78930859745,93.55153285104065
chipseq-jun-2~+00-06-00,15211.673509465882,93.55153285104065
chipseq-jun-2~+00-07-00,15098.059193867466,93.55153285104065
chipseq-jun-2~+00-08-00,15042.44500429584,93.55153285104065
chipseq-jun-2~+00-09-00,15026.19163046089,93.55153285104065
chipseq-jun-2~+00-10-00,15073.899556424309,93.55153285104065
chipseq-jun-2~+00-11-00,15172.399812668355,93.55153285104065
chipseq-jun-2~+00-12-00,15106.851744808806,93.55153285104065
chipseq-jun-2~+00-13-00,14876.478454913176,93.55153285104065
chipseq-jun-2~+00-14-00,14712.673309321253,93.55153285104065
chipseq-jun-2~+00-15-00,14677.531892012257,93.55153285104065
chipseq-jun-2~+00-16-00,14722.093103701216,93.55153285104065
chipseq-jun-2~+00-17-00,14837.19810512115,93.55153285104065
chipseq-jun-2~+00-18-00,14979.09302927566,93.55153285104065
chipseq-jun-2~+00-19-00,15022.898980066237,93.55153285104065
chipseq-jun-2~+00-20-00,14876.003268417582,93.55153285104065
chipseq-jun-2~+00-21-00,14582.081039666884,93.55153285104065
chipseq-jun-2~+00-22-00,14276.531002861318,93.55153285104065
chipseq-jun-2~+00-23-00,14051.50030343895,93.55153285104065
chipseq-jun-2~+01-00-00,13896.730341940187,93.55153285104065
