trace,op_ems,emb_ems
sarek-jul-3,26769.06617362406,179.93408696821612
sarek-jul-3~+00-01-00,26797.376111559053,179.93408696821612
sarek-jul-3~+00-02-00,27081.701619888685,179.93408696821612
sarek-jul-3~+00-03-00,27473.40422000739,179.93408696821612
sarek-jul-3~+00-04-00,27842.742130990267,179.93408696821612
sarek-jul-3~+00-05-00,28244.03254804201,179.93408696821612
sarek-jul-3~+00-06-00,28591.94741522245,179.93408696821612
sarek-jul-3~+00-07-00,28783.180069380658,179.93408696821612
sarek-jul-3~+00-08-00,28845.041954347824,179.93408696821612
sarek-jul-3~+00-09-00,28833.057307184044,179.93408696821612
sarek-jul-3~+00-10-00,28814.5236824708,179.93408696821612
sarek-jul-3~+00-11-00,28713.901218074596,179.93408696821612
sarek-jul-3~+00-12-00,28687.662924196527,179.93408696821612
sarek-jul-3~+00-13-00,28650.44769068301,179.93408696821612
sarek-jul-3~+00-14-00,28675.75338055656,179.93408696821612
sarek-jul-3~+00-15-00,28731.424768465924,179.93408696821612
sarek-jul-3~+00-16-00,28776.212790154335,179.93408696821612
sarek-jul-3~+00-17-00,28684.52299328193,179.93408696821612
sarek-jul-3~+00-18-00,28535.983630302173,179.93408696821612
sarek-jul-3~+00-19-00,28290.4766952709,179.93408696821612
sarek-jul-3~+00-20-00,27962.586429167754,179.93408696821612
sarek-jul-3~+00-21-00,27620.419801659136,179.93408696821612
sarek-jul-3~+00-22-00,27338.234234927717,179.93408696821612
sarek-jul-3~+00-23-00,27128.863390982748,179.93408696821612
sarek-jul-3~+01-00-00,27017.563983235916,179.93408696821612
