trace,op_ems,emb_ems
nanoseq-oct-1,212.96644233694727,2.2463699711004637
nanoseq-oct-1~+00-01-00,214.26081955923266,2.2463699711004637
nanoseq-oct-1~+00-02-00,216.01310412691961,2.2463699711004637
nanoseq-oct-1~+00-03-00,217.96776168091571,2.2463699711004637
nanoseq-oct-1~+00-04-00,219.9042026529061,2.2463699711004637
nanoseq-oct-1~+00-05-00,221.67097840867015,2.2463699711004637
nanoseq-oct-1~+00-06-00,222.90433140233495,2.2463699711004637
nanoseq-oct-1~+00-07-00,223.9785933516305,2.2463699711004637
nanoseq-oct-1~+00-08-00,225.40939530556216,2.2463699711004637
nanoseq-oct-1~+00-09-00,226.8071761122621,2.2463699711004637
nanoseq-oct-1~+00-10-00,228.03348941268015,2.2463699711004637
nanoseq-oct-1~+00-11-00,229.20269801116143,2.2463699711004637
nanoseq-oct-1~+00-12-00,229.99822172665856,2.2463699711004637
nanoseq-oct-1~+00-13-00,230.67340119173303,2.2463699711004637
nanoseq-oct-1~+00-14-00,231.75168533608144,2.2463699711004637
nanoseq-oct-1~+00-15-00,232.80475002642544,2.2463699711004637
nanoseq-oct-1~+00-16-00,233.00713791469298,2.2463699711004637
nanoseq-oct-1~+00-17-00,231.911884518889,2.2463699711004637
nanoseq-oct-1~+00-18-00,229.4230204415849,2.2463699711004637
nanoseq-oct-1~+00-19-00,225.40515757294534,2.2463699711004637
nanoseq-oct-1~+00-20-00,220.43720875346003,2.2463699711004637
nanoseq-oct-1~+00-21-00,215.80604412431998,2.2463699711004637
nanoseq-oct-1~+00-22-00,212.26122099801822,2.2463699711004637
nanoseq-oct-1~+00-23-00,210.51865280620012,2.2463699711004637
nanoseq-oct-1~+01-00-00,210.88913165606266,2.2463699711004637
