trace,op_ems,emb_ems
nanoseq-jun-1,226.64379177851987,2.2463699711004637
nanoseq-jun-1~+00-01-00,227.7700359084047,2.2463699711004637
nanoseq-jun-1~+00-02-00,229.83610679912542,2.2463699711004637
nanoseq-jun-1~+00-03-00,231.7219325041497,2.2463699711004637
nanoseq-jun-1~+00-04-00,232.90561215231557,2.2463699711004637
nanoseq-jun-1~+00-05-00,233.40736697633213,2.2463699711004637
nanoseq-jun-1~+00-06-00,232.69916340167293,2.2463699711004637
nanoseq-jun-1~+00-07-00,231.71182276674912,2.2463699711004637
nanoseq-jun-1~+00-08-00,231.94798370036855,2.2463699711004637
nanoseq-jun-1~+00-09-00,232.2635924511363,2.2463699711004637
nanoseq-jun-1~+00-10-00,231.71652365826623,2.2463699711004637
nanoseq-jun-1~+00-11-00,230.9105878759586,2.2463699711004637
nanoseq-jun-1~+00-12-00,229.42099110269987,2.2463699711004637
nanoseq-jun-1~+00-13-00,227.417838287731,2.2463699711004637
nanoseq-jun-1~+00-14-00,226.55147670781815,2.2463699711004637
nanoseq-jun-1~+00-15-00,227.24212494669837,2.2463699711004637
nanoseq-jun-1~+00-16-00,228.56122989953315,2.2463699711004637
nanoseq-jun-1~+00-17-00,229.50198165902427,2.2463699711004637
nanoseq-jun-1~+00-18-00,229.22948656598533,2.2463699711004637
nanoseq-jun-1~+00-19-00,227.34230518004856,2.2463699711004637
nanoseq-jun-1~+00-20-00,224.0724159123943,2.2463699711004637
nanoseq-jun-1~+00-21-00,220.14342316088408,2.2463699711004637
nanoseq-jun-1~+00-22-00,216.66920893757177,2.2463699711004637
nanoseq-jun-1~+00-23-00,214.49265870018036,2.2463699711004637
nanoseq-jun-1~+01-00-00,213.76142247644438,2.2463699711004637
