trace,op_ems,emb_ems
mag-sep-1,30581.649116745975,171.36263744391223
mag-sep-1~+00-01-00,30569.85550707434,171.36263744391223
mag-sep-1~+00-02-00,30555.19447588994,171.36263744391223
mag-sep-1~+00-03-00,30541.183088029393,171.36263744391223
mag-sep-1~+00-04-00,30203.750909730414,171.36263744391223
mag-sep-1~+00-05-00,29533.797224215345,171.36263744391223
mag-sep-1~+00-06-00,28880.971043243604,171.36263744391223
mag-sep-1~+00-07-00,28566.195051045244,171.36263744391223
mag-sep-1~+00-08-00,28801.895517731893,171.36263744391223
mag-sep-1~+00-09-00,29335.93536359336,171.36263744391223
mag-sep-1~+00-10-00,29712.54281975727,171.36263744391223
mag-sep-1~+00-11-00,29750.156746726025,171.36263744391223
mag-sep-1~+00-12-00,29272.051217242806,171.36263744391223
mag-sep-1~+00-13-00,29137.644803084233,171.36263744391223
mag-sep-1~+00-14-00,29232.9487481762,171.36263744391223
mag-sep-1~+00-15-00,29349.03901188648,171.36263744391223
mag-sep-1~+00-16-00,29570.29075457948,171.36263744391223
mag-sep-1~+00-17-00,29862.9096183069,171.36263744391223
mag-sep-1~+00-18-00,30340.023443870305,171.36263744391223
mag-sep-1~+00-19-00,30529.97060980028,171.36263744391223
mag-sep-1~+00-20-00,30545.291153869155,171.36263744391223
mag-sep-1~+00-21-00,30561.24756687143,171.36263744391223
mag-sep-1~+00-22-00,30581.799915590636,171.36263744391223
mag-sep-1~+00-23-00,30598.151132671002,171.36263744391223
mag-sep-1~+01-00-00,30596.29744096016,171.36263744391223
