trace,op_ems,emb_ems
rnaseq-sep-2,8964.392776032455,59.0952985091386
rnaseq-sep-2~+00-01-00,8949.937999292566,59.0952985091386
rnaseq-sep-2~+00-02-00,8981.968920508438,59.0952985091386
rnaseq-sep-2~+00-03-00,9038.603677070232,59.0952985091386
rnaseq-sep-2~+00-04-00,9113.749887526219,59.0952985091386
rnaseq-sep-2~+00-05-00,9186.926423905168,59.0952985091386
rnaseq-sep-2~+00-06-00,9207.36347298687,59.0952985091386
rnaseq-sep-2~+00-07-00,9172.111834472937,59.0952985091386
rnaseq-sep-2~+00-08-00,9209.891802455062,59.0952985091386
rnaseq-sep-2~+00-09-00,9364.543052378971,59.0952985091386
rnaseq-sep-2~+00-10-00,9503.115901361864,59.0952985091386
rnaseq-sep-2~+00-11-00,9497.250389229957,59.0952985091386
rnaseq-sep-2~+00-12-00,9428.675598517904,59.0952985091386
rnaseq-sep-2~+00-13-00,9383.276189637241,59.0952985091386
rnaseq-sep-2~+00-14-00,9376.028755500216,59.0952985091386
rnaseq-sep-2~+00-15-00,9386.523339614234,59.0952985091386
rnaseq-sep-2~+00-16-00,9454.935386926243,59.0952985091386
rnaseq-sep-2~+00-17-00,9537.572942986677,59.0952985091386
rnaseq-sep-2~+00-18-00,9554.931084269394,59.0952985091386
rnaseq-sep-2~+00-19-00,9480.925359771747,59.0952985091386
rnaseq-sep-2~+00-20-00,9406.67031554344,59.0952985091386
rnaseq-sep-2~+00-21-00,9354.806187518285,59.0952985091386
rnaseq-sep-2~+00-22-00,9325.806491174793,59.0952985091386
rnaseq-sep-2~+00-23-00,9332.100362630665,59.0952985091386
rnaseq-sep-2~+01-00-00,9380.818252202598,59.0952985091386
