trace,op_ems,emb_ems
mag-apr-2,21328.564149799513,170.41523942885257
mag-apr-2~+00-01-00,21335.3924677181,170.41523942885257
mag-apr-2~+00-02-00,21403.867083171775,170.41523942885257
mag-apr-2~+00-03-00,21477.53386791139,170.41523942885257
mag-apr-2~+00-04-00,21616.804846207386,170.41523942885257
mag-apr-2~+00-05-00,21764.215349698454,170.41523942885257
mag-apr-2~+00-06-00,21838.952454568927,170.41523942885257
mag-apr-2~+00-07-00,21836.24264987066,170.41523942885257
mag-apr-2~+00-08-00,21784.47070207724,170.41523942885257
mag-apr-2~+00-09-00,21737.213080823516,170.41523942885257
mag-apr-2~+00-10-00,21637.596421126964,170.41523942885257
mag-apr-2~+00-11-00,21557.2383311653,170.41523942885257
mag-apr-2~+00-12-00,21452.440387552586,170.41523942885257
mag-apr-2~+00-13-00,21352.31293690987,170.41523942885257
mag-apr-2~+00-14-00,21266.44610785312,170.41523942885257
mag-apr-2~+00-15-00,21173.435795745394,170.41523942885257
mag-apr-2~+00-16-00,21105.60943675425,170.41523942885257
mag-apr-2~+00-17-00,20998.31576304501,170.41523942885257
mag-apr-2~+00-18-00,20939.15854081717,170.41523942885257
mag-apr-2~+00-19-00,20926.25225961296,170.41523942885257
mag-apr-2~+00-20-00,20923.874848329466,170.41523942885257
mag-apr-2~+00-21-00,20952.77911688714,170.41523942885257
mag-apr-2~+00-22-00,20999.458849713297,170.41523942885257
mag-apr-2~+00-23-00,21076.4390942873,170.41523942885257
mag-apr-2~+01-00-00,21150.602846026126,170.41523942885257
