trace,op_ems,emb_ems
rnaseq-may-3,9688.559289383542,61.95465283773145
rnaseq-may-3~+00-01-00,9651.424730920835,61.95465283773145
rnaseq-may-3~+00-02-00,9659.163767007607,61.95465283773145
rnaseq-may-3~+00-03-00,9724.432018740432,61.95465283773145
rnaseq-may-3~+00-04-00,9819.837774048507,61.95465283773145
rnaseq-may-3~+00-05-00,9939.696443450583,61.95465283773145
rnaseq-may-3~+00-06-00,10040.616819688192,61.95465283773145
rnaseq-may-3~+00-07-00,10076.488321256624,61.95465283773145
rnaseq-may-3~+00-08-00,10096.294831633304,61.95465283773145
rnaseq-may-3~+00-09-00,10165.5134980122,61.95465283773145
rnaseq-may-3~+00-10-00,10205.429841446292,61.95465283773145
rnaseq-may-3~+00-11-00,10196.462093718812,61.95465283773145
rnaseq-may-3~+00-12-00,10176.472525765785,61.95465283773145
rnaseq-may-3~+00-13-00,10151.406796730613,61.95465283773145
rnaseq-may-3~+00-14-00,10144.432956346589,61.95465283773145
rnaseq-may-3~+00-15-00,10148.1088043714,61.95465283773145
rnaseq-may-3~+00-16-00,10137.181196723392,61.95465283773145
rnaseq-may-3~+00-17-00,10107.528572020537,61.95465283773145
rnaseq-may-3~+00-18-00,10131.815923985483,61.95465283773145
rnaseq-may-3~+00-19-00,10119.882796355929,61.95465283773145
rnaseq-may-3~+00-20-00,9997.01467743268,61.95465283773145
rnaseq-may-3~+00-21-00,9808.400647499839,61.95465283773145
rnaseq-may-3~+00-22-00,9672.55680767904,61.95465283773145
rnaseq-may-3~+00-23-00,9543.852731858455,61.95465283773145
rnaseq-may-3~+01-00-00,9415.254171122519,61.95465283773145
