trace,op_ems,emb_ems
rangeland-aug-1,10315.945530093582,56.33951064719725
rangeland-aug-1~+00-01-00,10315.945530093582,56.33951064719725
rangeland-aug-1~+00-02-00,10324.692103531424,56.33951064719725
rangeland-aug-1~+00-03-00,10330.849666740858,56.33951064719725
rangeland-aug-1~+00-04-00,10337.081519095316,56.33951064719725
rangeland-aug-1~+00-05-00,10343.312391364778,56.33951064719725
rangeland-aug-1~+00-06-00,10349.55292546055,56.33951064719725
rangeland-aug-1~+00-07-00,10347.048523793359,56.33951064719725
rangeland-aug-1~+00-08-00,10346.799653560052,56.33951064719725
rangeland-aug-1~+00-09-00,10340.567801205596,56.33951064719725
rangeland-aug-1~+00-10-00,9983.502149928116,56.33951064719725
rangeland-aug-1~+00-11-00,9730.274913764873,56.33951064719725
rangeland-aug-1~+00-12-00,9474.0662197768,56.33951064719725
rangeland-aug-1~+00-13-00,9218.230316881463,56.33951064719725
rangeland-aug-1~+00-14-00,9318.750339381199,56.33951064719725
rangeland-aug-1~+00-15-00,9315.356595981415,56.33951064719725
rangeland-aug-1~+00-16-00,9337.065451149656,56.33951064719725
rangeland-aug-1~+00-17-00,9584.403650840486,56.33951064719725
rangeland-aug-1~+00-18-00,9834.792696493805,56.33951064719725
rangeland-aug-1~+00-19-00,10085.172161876057,56.33951064719725
rangeland-aug-1~+00-20-00,10322.186064189355,56.33951064719725
rangeland-aug-1~+00-21-00,10322.187701864234,56.33951064719725
rangeland-aug-1~+00-22-00,10321.85422306971,56.33951064719725
rangeland-aug-1~+00-23-00,10315.945530093582,56.33951064719725
rangeland-aug-1~+01-00-00,10315.945530093582,56.33951064719725
