trace,op_ems,emb_ems
mag-feb-3,21297.41977459698,170.30505238040828
mag-feb-3~+00-01-00,21516.81351120226,170.30505238040828
mag-feb-3~+00-02-00,21698.674728703405,170.30505238040828
mag-feb-3~+00-03-00,21842.37228327659,170.30505238040828
mag-feb-3~+00-04-00,21987.08933068121,170.30505238040828
mag-feb-3~+00-05-00,22147.34929728385,170.30505238040828
mag-feb-3~+00-06-00,22275.114426033924,170.30505238040828
mag-feb-3~+00-07-00,22314.327289993747,170.30505238040828
mag-feb-3~+00-08-00,22249.427856350358,170.30505238040828
mag-feb-3~+00-09-00,22114.751439548054,170.30505238040828
mag-feb-3~+00-10-00,21945.866798332943,170.30505238040828
mag-feb-3~+00-11-00,21780.391458147362,170.30505238040828
mag-feb-3~+00-12-00,21623.374843571266,170.30505238040828
mag-feb-3~+00-13-00,21473.23323049547,170.30505238040828
mag-feb-3~+00-14-00,21310.49025116005,170.30505238040828
mag-feb-3~+00-15-00,21105.790318866522,170.30505238040828
mag-feb-3~+00-16-00,20884.664051910695,170.30505238040828
mag-feb-3~+00-17-00,20641.213248847318,170.30505238040828
mag-feb-3~+00-18-00,20430.267346280998,170.30505238040828
mag-feb-3~+00-19-00,20326.32761133711,170.30505238040828
mag-feb-3~+00-20-00,20314.721092899737,170.30505238040828
mag-feb-3~+00-21-00,20389.8340956616,170.30505238040828
mag-feb-3~+00-22-00,20542.0820767977,170.30505238040828
mag-feb-3~+00-23-00,20715.098407789184,170.30505238040828
mag-feb-3~+01-00-00,20896.055009996053,170.30505238040828
