trace,op_ems,emb_ems
rnaseq-jan-2,8968.81480612624,59.0952985091386
rnaseq-jan-2~+00-01-00,8911.364156421214,59.0952985091386
rnaseq-jan-2~+00-02-00,8849.33783248602,59.0952985091386
rnaseq-jan-2~+00-03-00,8813.828173820886,59.0952985091386
rnaseq-jan-2~+00-04-00,8782.989487571811,59.0952985091386
rnaseq-jan-2~+00-05-00,8748.477566724394,59.0952985091386
rnaseq-jan-2~+00-06-00,8751.264970773505,59.0952985091386
rnaseq-jan-2~+00-07-00,8803.193582891156,59.0952985091386
rnaseq-jan-2~+00-08-00,8872.283291173824,59.0952985091386
rnaseq-jan-2~+00-09-00,8969.415308827167,59.0952985091386
rnaseq-jan-2~+00-10-00,9118.29061756595,59.0952985091386
rnaseq-jan-2~+00-11-00,9244.633252334375,59.0952985091386
rnaseq-jan-2~+00-12-00,9292.405038101839,59.0952985091386
rnaseq-jan-2~+00-13-00,9309.075315429674,59.0952985091386
rnaseq-jan-2~+00-14-00,9344.726908299452,59.0952985091386
rnaseq-jan-2~+00-15-00,9401.889185638802,59.0952985091386
rnaseq-jan-2~+00-16-00,9452.998287769224,59.0952985091386
rnaseq-jan-2~+00-17-00,9466.539537103623,59.0952985091386
rnaseq-jan-2~+00-18-00,9398.873040833923,59.0952985091386
rnaseq-jan-2~+00-19-00,9243.294185023977,59.0952985091386
rnaseq-jan-2~+00-20-00,9074.561568728723,59.0952985091386
rnaseq-jan-2~+00-21-00,8957.396885296044,59.0952985091386
rnaseq-jan-2~+00-22-00,8890.168435827007,59.0952985091386
rnaseq-jan-2~+00-23-00,8827.4267971561,59.0952985091386
rnaseq-jan-2~+01-00-00,8767.679017341332,59.0952985091386
