trace,op_ems,emb_ems
chipseq-nov-1,14756.680917651516,95.2845684694022
chipseq-nov-1~+00-01-00,14814.270882570092,95.2845684694022
chipseq-nov-1~+00-02-00,14893.31612024194,95.2845684694022
chipseq-nov-1~+00-03-00,15009.189557031868,95.2845684694022
chipseq-nov-1~+00-04-00,15153.828573398883,95.2845684694022
chipseq-nov-1~+00-05-00,15278.389391307966,95.2845684694022
chipseq-nov-1~+00-06-00,15349.434054932506,95.2845684694022
chipseq-nov-1~+00-07-00,15383.094372706484,95.2845684694022
chipseq-nov-1~+00-08-00,15425.423231436764,95.2845684694022
chipseq-nov-1~+00-09-00,15507.384042708985,95.2845684694022
chipseq-nov-1~+00-10-00,15592.812339030168,95.2845684694022
chipseq-nov-1~+00-11-00,15684.06446787778,95.2845684694022
chipseq-nov-1~+00-12-00,15767.63603147548,95.2845684694022
chipseq-nov-1~+00-13-00,15846.838596552114,95.2845684694022
chipseq-nov-1~+00-14-00,15951.60478163009,95.2845684694022
chipseq-nov-1~+00-15-00,16088.32016623827,95.2845684694022
chipseq-nov-1~+00-16-00,16155.902430449545,95.2845684694022
chipseq-nov-1~+00-17-00,16053.598740855225,95.2845684694022
chipseq-nov-1~+00-18-00,15817.691618329223,95.2845684694022
chipseq-nov-1~+00-19-00,15549.072992189018,95.2845684694022
chipseq-nov-1~+00-20-00,15316.637621677339,95.2845684694022
chipseq-nov-1~+00-21-00,15139.01983147157,95.2845684694022
chipseq-nov-1~+00-22-00,14994.93579122501,95.2845684694022
chipseq-nov-1~+00-23-00,14863.18415044257,95.2845684694022
chipseq-nov-1~+01-00-00,14719.271512215677,95.2845684694022
