trace,op_ems,emb_ems
sarek-jun-3,27104.615806744292,179.93408696821612
sarek-jun-3~+00-01-00,27230.90126757711,179.93408696821612
sarek-jun-3~+00-02-00,27552.045581351325,179.93408696821612
sarek-jun-3~+00-03-00,27731.726521259116,179.93408696821612
sarek-jun-3~+00-04-00,27811.810963782864,179.93408696821612
sarek-jun-3~+00-05-00,27902.578772502126,179.93408696821612
sarek-jun-3~+00-06-00,27824.46718331343,179.93408696821612
sarek-jun-3~+00-07-00,27661.49215478399,179.93408696821612
sarek-jun-3~+00-08-00,27782.782127666498,179.93408696821612
sarek-jun-3~+00-09-00,27819.809502494034,179.93408696821612
sarek-jun-3~+00-10-00,27689.0174805447,179.93408696821612
sarek-jun-3~+00-11-00,27562.109355021752,179.93408696821612
sarek-jun-3~+00-12-00,27412.83836143086,179.93408696821612
sarek-jun-3~+00-13-00,27193.966380136328,179.93408696821612
sarek-jun-3~+00-14-00,27087.75216094943,179.93408696821612
sarek-jun-3~+00-15-00,27191.39092162388,179.93408696821612
sarek-jun-3~+00-16-00,27366.71080093051,179.93408696821612
sarek-jun-3~+00-17-00,27473.36951301831,179.93408696821612
sarek-jun-3~+00-18-00,27395.744342683123,179.93408696821612
sarek-jun-3~+00-19-00,27133.724841245203,179.93408696821612
sarek-jun-3~+00-20-00,26771.323754270157,179.93408696821612
sarek-jun-3~+00-21-00,26299.10847609858,179.93408696821612
sarek-jun-3~+00-22-00,25902.09229964006,179.93408696821612
sarek-jun-3~+00-23-00,25626.572169269006,179.93408696821612
sarek-jun-3~+01-00-00,25563.89170563458,179.93408696821612
