trace,op_ems,emb_ems
chipseq-nov-3,22441.300937851887,100.15869459141447
chipseq-nov-3~+00-01-00,22441.300937851887,100.15869459141447
chipseq-nov-3~+00-02-00,22441.300937851887,100.15869459141447
chipseq-nov-3~+00-03-00,22441.300937851887,100.15869459141447
chipseq-nov-3~+00-04-00,22450.981675273724,100.15869459141447
chipseq-nov-3~+00-05-00,22479.065051433638,100.15869459141447
chipseq-nov-3~+00-06-00,22523.767054237134,100.15869459141447
chipseq-nov-3~+00-07-00,22543.050466523782,100.15869459141447
chipseq-nov-3~+00-08-00,22533.369729101945,100.15869459141447
chipseq-nov-3~+00-09-00,22505.28635294205,100.15869459141447
chipseq-nov-3~+00-10-00,22460.584350138546,100.15869459141447
chipseq-nov-3~+00-11-00,22061.85812107934,100.15869459141447
chipseq-nov-3~+00-12-00,20961.111877247113,100.15869459141447
chipseq-nov-3~+00-13-00,19208.98772388118,100.15869459141447
chipseq-nov-3~+00-14-00,18453.16180316675,100.15869459141447
chipseq-nov-3~+00-15-00,18453.16180316675,100.15869459141447
chipseq-nov-3~+00-16-00,18832.604619939295,100.15869459141447
chipseq-nov-3~+00-17-00,19933.350863771357,100.15869459141447
chipseq-nov-3~+00-18-00,21685.47501713738,100.15869459141447
chipseq-nov-3~+00-19-00,22441.300937851887,100.15869459141447
chipseq-nov-3~+00-20-00,22441.300937851887,100.15869459141447
chipseq-nov-3~+00-21-00,22441.300937851887,100.15869459141447
chipseq-nov-3~+00-22-00,22441.300937851887,100.15869459141447
chipseq-nov-3~+00-23-00,22441.300937851887,100.15869459141447
chipseq-nov-3~+01-00-00,22441.300937851887,100.15869459141447
