trace,op_ems,emb_ems
mag-apr-1,30493.327777779305,171.36263744391223
mag-apr-1~+00-01-00,30492.773155633913,171.36263744391223
mag-apr-1~+00-02-00,30487.335031766394,171.36263744391223
mag-apr-1~+00-03-00,30152.915827920362,171.36263744391223
mag-apr-1~+00-04-00,29489.536587421608,171.36263744391223
mag-apr-1~+00-05-00,28830.463704927755,171.36263744391223
mag-apr-1~+00-06-00,28195.81698755798,171.36263744391223
mag-apr-1~+00-07-00,27769.358688721368,171.36263744391223
mag-apr-1~+00-08-00,27980.09435682081,171.36263744391223
mag-apr-1~+00-09-00,28398.353034573847,171.36263744391223
mag-apr-1~+00-10-00,28676.328439093457,171.36263744391223
mag-apr-1~+00-11-00,28723.960865566194,171.36263744391223
mag-apr-1~+00-12-00,28746.080753491486,171.36263744391223
mag-apr-1~+00-13-00,28561.606042718835,171.36263744391223
mag-apr-1~+00-14-00,28327.51419922037,171.36263744391223
mag-apr-1~+00-15-00,28515.32900612217,171.36263744391223
mag-apr-1~+00-16-00,29102.88956626899,171.36263744391223
mag-apr-1~+00-17-00,29502.543319955563,171.36263744391223
mag-apr-1~+00-18-00,29800.479203450595,171.36263744391223
mag-apr-1~+00-19-00,30287.902756094067,171.36263744391223
mag-apr-1~+00-20-00,30476.81989942699,171.36263744391223
mag-apr-1~+00-21-00,30476.81989942699,171.36263744391223
mag-apr-1~+00-22-00,30484.965591090724,171.36263744391223
mag-apr-1~+00-23-00,30493.4453754886,171.36263744391223
mag-apr-1~+01-00-00,30493.327777779305,171.36263744391223
