trace,op_ems,emb_ems
chipseq-nov-1,22566.584228733824,100.71517209432965
chipseq-nov-1~+00-01-00,22566.584228733824,100.71517209432965
chipseq-nov-1~+00-02-00,22566.584228733824,100.71517209432965
chipseq-nov-1~+00-03-00,22566.584228733824,100.71517209432965
chipseq-nov-1~+00-04-00,22577.503036183465,100.71517209432965
chipseq-nov-1~+00-05-00,22608.98055911562,100.71517209432965
chipseq-nov-1~+00-06-00,22649.65086555569,100.71517209432965
chipseq-nov-1~+00-07-00,22668.901795588306,100.71517209432965
chipseq-nov-1~+00-08-00,22657.982988138665,100.71517209432965
chipseq-nov-1~+00-09-00,22626.505465206516,100.71517209432965
chipseq-nov-1~+00-10-00,22585.835158766444,100.71517209432965
chipseq-nov-1~+00-11-00,22138.6144497847,100.71517209432965
chipseq-nov-1~+00-12-00,20904.832409642906,100.71517209432965
chipseq-nov-1~+00-13-00,19310.733224608382,100.71517209432965
chipseq-nov-1~+00-14-00,18556.180467025955,100.71517209432965
chipseq-nov-1~+00-15-00,18556.180467025955,100.71517209432965
chipseq-nov-1~+00-16-00,18984.150245975077,100.71517209432965
chipseq-nov-1~+00-17-00,20217.932286116837,100.71517209432965
chipseq-nov-1~+00-18-00,21812.031471151342,100.71517209432965
chipseq-nov-1~+00-19-00,22566.584228733824,100.71517209432965
chipseq-nov-1~+00-20-00,22566.584228733824,100.71517209432965
chipseq-nov-1~+00-21-00,22566.584228733824,100.71517209432965
chipseq-nov-1~+00-22-00,22566.584228733824,100.71517209432965
chipseq-nov-1~+00-23-00,22566.584228733824,100.71517209432965
chipseq-nov-1~+01-00-00,22566.584228733824,100.71517209432965
