trace,op_ems,emb_ems
chipseq-dec-3,14956.237165962584,95.28231502287919
chipseq-dec-3~+00-01-00,14883.163927578116,95.28231502287919
chipseq-dec-3~+00-02-00,14889.944599436727,95.28231502287919
chipseq-dec-3~+00-03-00,14929.769555963821,95.28231502287919
chipseq-dec-3~+00-04-00,14973.45832721505,95.28231502287919
chipseq-dec-3~+00-05-00,15073.397335478025,95.28231502287919
chipseq-dec-3~+00-06-00,15266.98391488709,95.28231502287919
chipseq-dec-3~+00-07-00,15457.41483418887,95.28231502287919
chipseq-dec-3~+00-08-00,15603.813448323028,95.28231502287919
chipseq-dec-3~+00-09-00,15730.67592710038,95.28231502287919
chipseq-dec-3~+00-10-00,15846.125642115172,95.28231502287919
chipseq-dec-3~+00-11-00,15939.445869700827,95.28231502287919
chipseq-dec-3~+00-12-00,16006.613558225732,95.28231502287919
chipseq-dec-3~+00-13-00,16028.190729324007,95.28231502287919
chipseq-dec-3~+00-14-00,16016.626038401108,95.28231502287919
chipseq-dec-3~+00-15-00,16018.871285490697,95.28231502287919
chipseq-dec-3~+00-16-00,16019.361341403092,95.28231502287919
chipseq-dec-3~+00-17-00,15914.638299928412,95.28231502287919
chipseq-dec-3~+00-18-00,15665.522930182635,95.28231502287919
chipseq-dec-3~+00-19-00,15372.379595858918,95.28231502287919
chipseq-dec-3~+00-20-00,15190.31352675769,95.28231502287919
chipseq-dec-3~+00-21-00,15119.314141483477,95.28231502287919
chipseq-dec-3~+00-22-00,15066.494603328692,95.28231502287919
chipseq-dec-3~+00-23-00,14996.588100489922,95.28231502287919
chipseq-dec-3~+01-00-00,14888.979168232421,95.28231502287919
