trace,op_ems,emb_ems
mag-jun-3,21524.753652509247,170.30505238040828
mag-jun-3~+00-01-00,21621.106711522265,170.30505238040828
mag-jun-3~+00-02-00,21673.001490604387,170.30505238040828
mag-jun-3~+00-03-00,21669.402452683622,170.30505238040828
mag-jun-3~+00-04-00,21612.486016743267,170.30505238040828
mag-jun-3~+00-05-00,21532.00600757226,170.30505238040828
mag-jun-3~+00-06-00,21473.404936091698,170.30505238040828
mag-jun-3~+00-07-00,21462.544298182795,170.30505238040828
mag-jun-3~+00-08-00,21520.302201154693,170.30505238040828
mag-jun-3~+00-09-00,21558.005474397472,170.30505238040828
mag-jun-3~+00-10-00,21509.808806238852,170.30505238040828
mag-jun-3~+00-11-00,21409.065565220157,170.30505238040828
mag-jun-3~+00-12-00,21242.56802247114,170.30505238040828
mag-jun-3~+00-13-00,21014.66590996362,170.30505238040828
mag-jun-3~+00-14-00,20826.505071268508,170.30505238040828
mag-jun-3~+00-15-00,20724.07352365648,170.30505238040828
mag-jun-3~+00-16-00,20667.192320949962,170.30505238040828
mag-jun-3~+00-17-00,20638.97147254439,170.30505238040828
mag-jun-3~+00-18-00,20662.73602205364,170.30505238040828
mag-jun-3~+00-19-00,20689.362739244883,170.30505238040828
mag-jun-3~+00-20-00,20651.059208261024,170.30505238040828
mag-jun-3~+00-21-00,20563.089944470183,170.30505238040828
mag-jun-3~+00-22-00,20457.917473667225,170.30505238040828
mag-jun-3~+00-23-00,20399.69943119647,170.30505238040828
mag-jun-3~+01-00-00,20447.03653382873,170.30505238040828
