trace,op_ems,emb_ems
chipseq-jul-1,22634.77212423537,100.71517209432965
chipseq-jul-1~+00-01-00,22625.779183847153,100.71517209432965
chipseq-jul-1~+00-02-00,22636.05147956685,100.71517209432965
chipseq-jul-1~+00-03-00,22634.77212423537,100.71517209432965
chipseq-jul-1~+00-04-00,22625.779183847153,100.71517209432965
chipseq-jul-1~+00-05-00,22646.73292163718,100.71517209432965
chipseq-jul-1~+00-06-00,22665.565353190825,100.71517209432965
chipseq-jul-1~+00-07-00,22665.565353190825,100.71517209432965
chipseq-jul-1~+00-08-00,22665.565353190825,100.71517209432965
chipseq-jul-1~+00-09-00,22665.565353190825,100.71517209432965
chipseq-jul-1~+00-10-00,22654.883911120494,100.71517209432965
chipseq-jul-1~+00-11-00,22624.09068216504,100.71517209432965
chipseq-jul-1~+00-12-00,22584.304512821367,100.71517209432965
chipseq-jul-1~+00-13-00,22565.472081267722,100.71517209432965
chipseq-jul-1~+00-14-00,22565.472081267722,100.71517209432965
chipseq-jul-1~+00-15-00,22565.472081267722,100.71517209432965
chipseq-jul-1~+00-16-00,22565.472081267722,100.71517209432965
chipseq-jul-1~+00-17-00,22565.472081267722,100.71517209432965
chipseq-jul-1~+00-18-00,22565.472081267722,100.71517209432965
chipseq-jul-1~+00-19-00,22565.472081267722,100.71517209432965
chipseq-jul-1~+00-20-00,22576.153523338053,100.71517209432965
chipseq-jul-1~+00-21-00,22606.946752293505,100.71517209432965
chipseq-jul-1~+00-22-00,22646.73292163718,100.71517209432965
chipseq-jul-1~+00-23-00,22665.565353190825,100.71517209432965
chipseq-jul-1~+01-00-00,22654.883911120494,100.71517209432965
