trace,op_ems,emb_ems
mag-aug-1,30544.567334050975,171.36263744391223
mag-aug-1~+00-01-00,30539.250314283378,171.36263744391223
mag-aug-1~+00-02-00,30528.940587203222,171.36263744391223
mag-aug-1~+00-03-00,30521.824918136546,171.36263744391223
mag-aug-1~+00-04-00,30193.787242741048,171.36263744391223
mag-aug-1~+00-05-00,29526.36945980693,171.36263744391223
mag-aug-1~+00-06-00,28868.819209521185,171.36263744391223
mag-aug-1~+00-07-00,28234.752461963824,171.36263744391223
mag-aug-1~+00-08-00,28135.029200147816,171.36263744391223
mag-aug-1~+00-09-00,28673.786020795334,171.36263744391223
mag-aug-1~+00-10-00,29080.78567912268,171.36263744391223
mag-aug-1~+00-11-00,29345.008581175804,171.36263744391223
mag-aug-1~+00-12-00,29166.952231209005,171.36263744391223
mag-aug-1~+00-13-00,28875.495182420775,171.36263744391223
mag-aug-1~+00-14-00,28825.452884203165,171.36263744391223
mag-aug-1~+00-15-00,28707.074821351212,171.36263744391223
mag-aug-1~+00-16-00,29109.205315250452,171.36263744391223
mag-aug-1~+00-17-00,29511.9355292412,171.36263744391223
mag-aug-1~+00-18-00,29815.12752766478,171.36263744391223
mag-aug-1~+00-19-00,30297.866423083433,171.36263744391223
mag-aug-1~+00-20-00,30492.393355499138,171.36263744391223
mag-aug-1~+00-21-00,30513.74290087475,171.36263744391223
mag-aug-1~+00-22-00,30522.808791183306,171.36263744391223
mag-aug-1~+00-23-00,30534.052201711573,171.36263744391223
mag-aug-1~+01-00-00,30536.421642387242,171.36263744391223
