trace,op_ems,emb_ems
mag-jul-1,30595.185425533207,171.36263744391223
mag-jul-1~+00-01-00,30577.059549626916,171.36263744391223
mag-jul-1~+00-02-00,30572.560718833884,171.36263744391223
mag-jul-1~+00-03-00,30563.298588741185,171.36263744391223
mag-jul-1~+00-04-00,30542.62126322025,171.36263744391223
mag-jul-1~+00-05-00,30539.548118924606,171.36263744391223
mag-jul-1~+00-06-00,30541.42929270713,171.36263744391223
mag-jul-1~+00-07-00,30535.113543725674,171.36263744391223
mag-jul-1~+00-08-00,30525.721334440037,171.36263744391223
mag-jul-1~+00-09-00,30511.073010225853,171.36263744391223
mag-jul-1~+00-10-00,30501.109343236487,171.36263744391223
mag-jul-1~+00-11-00,30501.827270491798,171.36263744391223
mag-jul-1~+00-12-00,30506.300912830993,171.36263744391223
mag-jul-1~+00-13-00,30518.098945504647,171.36263744391223
mag-jul-1~+00-14-00,30534.052201711573,171.36263744391223
mag-jul-1~+00-15-00,30536.421642387242,171.36263744391223
mag-jul-1~+00-16-00,30522.624838221767,171.36263744391223
mag-jul-1~+00-17-00,30512.43270885091,171.36263744391223
mag-jul-1~+00-18-00,30505.871661929625,171.36263744391223
mag-jul-1~+00-19-00,30518.15054546814,171.36263744391223
mag-jul-1~+00-20-00,30541.91101662298,171.36263744391223
mag-jul-1~+00-21-00,30559.530910402253,171.36263744391223
mag-jul-1~+00-22-00,30578.24379104596,171.36263744391223
mag-jul-1~+00-23-00,30578.820444849844,171.36263744391223
mag-jul-1~+01-00-00,30571.68544975661,171.36263744391223
