trace,op_ems,emb_ems
nanoseq-apr-1,227.42921600187557,2.2463699711004637
nanoseq-apr-1~+00-01-00,227.07039050127383,2.2463699711004637
nanoseq-apr-1~+00-02-00,227.02303066355216,2.2463699711004637
nanoseq-apr-1~+00-03-00,227.16916283535258,2.2463699711004637
nanoseq-apr-1~+00-04-00,227.5444451704209,2.2463699711004637
nanoseq-apr-1~+00-05-00,228.05863672922698,2.2463699711004637
nanoseq-apr-1~+00-06-00,228.38213099265838,2.2463699711004637
nanoseq-apr-1~+00-07-00,228.3317052285174,2.2463699711004637
nanoseq-apr-1~+00-08-00,228.5466050347402,2.2463699711004637
nanoseq-apr-1~+00-09-00,229.6488679088908,2.2463699711004637
nanoseq-apr-1~+00-10-00,231.3344290563555,2.2463699711004637
nanoseq-apr-1~+00-11-00,233.56147621987495,2.2463699711004637
nanoseq-apr-1~+00-12-00,236.06547547355305,2.2463699711004637
nanoseq-apr-1~+00-13-00,237.42067860140327,2.2463699711004637
nanoseq-apr-1~+00-14-00,237.0581064040846,2.2463699711004637
nanoseq-apr-1~+00-15-00,235.35381657316836,2.2463699711004637
nanoseq-apr-1~+00-16-00,232.4571484937009,2.2463699711004637
nanoseq-apr-1~+00-17-00,228.86934869839206,2.2463699711004637
nanoseq-apr-1~+00-18-00,225.64729917348626,2.2463699711004637
nanoseq-apr-1~+00-19-00,223.0179182542456,2.2463699711004637
nanoseq-apr-1~+00-20-00,221.07580564379876,2.2463699711004637
nanoseq-apr-1~+00-21-00,220.27088417686943,2.2463699711004637
nanoseq-apr-1~+00-22-00,220.48975291512306,2.2463699711004637
nanoseq-apr-1~+00-23-00,221.4629149612822,2.2463699711004637
nanoseq-apr-1~+01-00-00,222.53823247550835,2.2463699711004637
