trace,op_ems,emb_ems
sarek-dec-1,27071.711062558254,180.2085610425426
sarek-dec-1~+00-01-00,27035.601365348964,180.2085610425426
sarek-dec-1~+00-02-00,27037.0200146276,180.2085610425426
sarek-dec-1~+00-03-00,27204.33040157543,180.2085610425426
sarek-dec-1~+00-04-00,27445.48737963471,180.2085610425426
sarek-dec-1~+00-05-00,27694.7508983696,180.2085610425426
sarek-dec-1~+00-06-00,27978.577073979028,180.2085610425426
sarek-dec-1~+00-07-00,28279.53661934148,180.2085610425426
sarek-dec-1~+00-08-00,28508.26942360081,180.2085610425426
sarek-dec-1~+00-09-00,28713.720442933743,180.2085610425426
sarek-dec-1~+00-10-00,28881.498900243336,180.2085610425426
sarek-dec-1~+00-11-00,28969.758449682464,180.2085610425426
sarek-dec-1~+00-12-00,29003.686869463283,180.2085610425426
sarek-dec-1~+00-13-00,29052.523665489316,180.2085610425426
sarek-dec-1~+00-14-00,29062.585965951377,180.2085610425426
sarek-dec-1~+00-15-00,28956.63263614515,180.2085610425426
sarek-dec-1~+00-16-00,28655.231986651608,180.2085610425426
sarek-dec-1~+00-17-00,28297.320775114542,180.2085610425426
sarek-dec-1~+00-18-00,27959.255424729592,180.2085610425426
sarek-dec-1~+00-19-00,27649.80038451224,180.2085610425426
sarek-dec-1~+00-20-00,27437.816200999816,180.2085610425426
sarek-dec-1~+00-21-00,27280.804238019213,180.2085610425426
sarek-dec-1~+00-22-00,27152.282821979537,180.2085610425426
sarek-dec-1~+00-23-00,26951.968574920404,180.2085610425426
sarek-dec-1~+01-00-00,26730.956432952542,180.2085610425426
