trace,op_ems,emb_ems
chipseq-jul-1,14822.876171687169,95.2845684694022
chipseq-jul-1~+00-01-00,14753.930736551612,95.2845684694022
chipseq-jul-1~+00-02-00,14755.03100717329,95.2845684694022
chipseq-jul-1~+00-03-00,14863.398798156717,95.2845684694022
chipseq-jul-1~+00-04-00,15111.872983121259,95.2845684694022
chipseq-jul-1~+00-05-00,15428.051570406325,95.2845684694022
chipseq-jul-1~+00-06-00,15673.903911528198,95.2845684694022
chipseq-jul-1~+00-07-00,15811.607235807563,95.2845684694022
chipseq-jul-1~+00-08-00,15912.949000120665,95.2845684694022
chipseq-jul-1~+00-09-00,15987.44528061195,95.2845684694022
chipseq-jul-1~+00-10-00,15981.470406474444,95.2845684694022
chipseq-jul-1~+00-11-00,15914.656491360696,95.2845684694022
chipseq-jul-1~+00-12-00,15852.03516466306,95.2845684694022
chipseq-jul-1~+00-13-00,15826.515619018302,95.2845684694022
chipseq-jul-1~+00-14-00,15829.61223314989,95.2845684694022
chipseq-jul-1~+00-15-00,15840.443597485379,95.2845684694022
chipseq-jul-1~+00-16-00,15863.059927988974,95.2845684694022
chipseq-jul-1~+00-17-00,15897.014724902947,95.2845684694022
chipseq-jul-1~+00-18-00,15912.112001100637,95.2845684694022
chipseq-jul-1~+00-19-00,15834.217559334158,95.2845684694022
chipseq-jul-1~+00-20-00,15658.648170228873,95.2845684694022
chipseq-jul-1~+00-21-00,15448.88389888605,95.2845684694022
chipseq-jul-1~+00-22-00,15253.76842496374,95.2845684694022
chipseq-jul-1~+00-23-00,15083.769576649054,95.2845684694022
chipseq-jul-1~+01-00-00,14958.538331840111,95.2845684694022
