trace,op_ems,emb_ems
mag-dec-1,21772.689482129095,170.94595497756436
mag-dec-1~+00-01-00,21866.518352610747,170.94595497756436
mag-dec-1~+00-02-00,21985.819822017267,170.94595497756436
mag-dec-1~+00-03-00,22125.324864357637,170.94595497756436
mag-dec-1~+00-04-00,22238.550874167668,170.94595497756436
mag-dec-1~+00-05-00,22339.905654536837,170.94595497756436
mag-dec-1~+00-06-00,22452.6856240386,170.94595497756436
mag-dec-1~+00-07-00,22534.946713162866,170.94595497756436
mag-dec-1~+00-08-00,22538.620225617073,170.94595497756436
mag-dec-1~+00-09-00,22467.20384666492,170.94595497756436
mag-dec-1~+00-10-00,22355.68897780234,170.94595497756436
mag-dec-1~+00-11-00,22233.87991006144,170.94595497756436
mag-dec-1~+00-12-00,22146.30110389079,170.94595497756436
mag-dec-1~+00-13-00,22077.829368833143,170.94595497756436
mag-dec-1~+00-14-00,21969.096296777032,170.94595497756436
mag-dec-1~+00-15-00,21809.610378984617,170.94595497756436
mag-dec-1~+00-16-00,21614.803062488332,170.94595497756436
mag-dec-1~+00-17-00,21421.895397745997,170.94595497756436
mag-dec-1~+00-18-00,21225.63920132845,170.94595497756436
mag-dec-1~+00-19-00,21050.422476887295,170.94595497756436
mag-dec-1~+00-20-00,20966.96302509066,170.94595497756436
mag-dec-1~+00-21-00,20947.472582589366,170.94595497756436
mag-dec-1~+00-22-00,20984.049938348126,170.94595497756436
mag-dec-1~+00-23-00,21031.466826904572,170.94595497756436
mag-dec-1~+01-00-00,21055.609446588667,170.94595497756436
