trace,op_ems,emb_ems
montage-aug-2,591.469892059895,4.417620969401983
montage-aug-2~+00-01-00,576.8587275150436,4.417620969401983
montage-aug-2~+00-02-00,568.6489179672479,4.417620969401983
montage-aug-2~+00-03-00,563.9316264671755,4.417620969401983
montage-aug-2~+00-04-00,568.3044504337746,4.417620969401983
montage-aug-2~+00-05-00,579.6144677828344,4.417620969401983
montage-aug-2~+00-06-00,595.6896193449506,4.417620969401983
montage-aug-2~+00-07-00,610.473017656539,4.417620969401983
montage-aug-2~+00-08-00,611.9178675886108,4.417620969401983
montage-aug-2~+00-09-00,612.8651533056633,4.417620969401983
montage-aug-2~+00-10-00,616.8552355684028,4.417620969401983
montage-aug-2~+00-11-00,608.5784462224323,4.417620969401983
montage-aug-2~+00-12-00,605.7078834434836,4.417620969401983
montage-aug-2~+00-13-00,608.4444866260819,4.417620969401983
montage-aug-2~+00-14-00,630.011981638587,4.417620969401983
montage-aug-2~+00-15-00,609.659691535837,4.417620969401983
montage-aug-2~+00-16-00,606.0619195195543,4.417620969401983
montage-aug-2~+00-17-00,611.5446944273464,4.417620969401983
montage-aug-2~+00-18-00,622.8164376060205,4.417620969401983
montage-aug-2~+00-19-00,631.3515776020968,4.417620969401983
montage-aug-2~+00-20-00,635.6095790575376,4.417620969401983
montage-aug-2~+00-21-00,626.0984477166195,4.417620969401983
montage-aug-2~+00-22-00,608.1957045185732,4.417620969401983
montage-aug-2~+00-23-00,597.2588603307765,4.417620969401983
montage-aug-2~+01-00-00,593.307052238422,4.417620969401983
