trace,op_ems,emb_ems
rangeland-oct-3,6827.8732789487685,56.21086774659671
rangeland-oct-3~+00-01-00,6875.971371511613,56.21086774659671
rangeland-oct-3~+00-02-00,6918.980143377856,56.21086774659671
rangeland-oct-3~+00-03-00,6965.074778584664,56.21086774659671
rangeland-oct-3~+00-04-00,7019.501019790142,56.21086774659671
rangeland-oct-3~+00-05-00,7070.696307341904,56.21086774659671
rangeland-oct-3~+00-06-00,7130.913225515907,56.21086774659671
rangeland-oct-3~+00-07-00,7163.041442971464,56.21086774659671
rangeland-oct-3~+00-08-00,7195.166578607868,56.21086774659671
rangeland-oct-3~+00-09-00,7235.358938143572,56.21086774659671
rangeland-oct-3~+00-10-00,7271.1541247859295,56.21086774659671
rangeland-oct-3~+00-11-00,7299.659591133255,56.21086774659671
rangeland-oct-3~+00-12-00,7340.030954141225,56.21086774659671
rangeland-oct-3~+00-13-00,7369.343149585643,56.21086774659671
rangeland-oct-3~+00-14-00,7390.271223618405,56.21086774659671
rangeland-oct-3~+00-15-00,7360.160255637929,56.21086774659671
rangeland-oct-3~+00-16-00,7319.648681224248,56.21086774659671
rangeland-oct-3~+00-17-00,7246.464434586885,56.21086774659671
rangeland-oct-3~+00-18-00,7157.0151832820975,56.21086774659671
rangeland-oct-3~+00-19-00,7040.008981778239,56.21086774659671
rangeland-oct-3~+00-20-00,6907.038911757725,56.21086774659671
rangeland-oct-3~+00-21-00,6815.539000215235,56.21086774659671
rangeland-oct-3~+00-22-00,6783.022568150439,56.21086774659671
rangeland-oct-3~+00-23-00,6777.625230281713,56.21086774659671
rangeland-oct-3~+01-00-00,6816.007034347094,56.21086774659671
