trace,op_ems,emb_ems
sarek-nov-2,27064.267970690762,181.81188075481478
sarek-nov-2~+00-01-00,27236.322270135264,181.81188075481478
sarek-nov-2~+00-02-00,27439.83827579012,181.81188075481478
sarek-nov-2~+00-03-00,27675.2986844807,181.81188075481478
sarek-nov-2~+00-04-00,27868.47758040184,181.81188075481478
sarek-nov-2~+00-05-00,27996.320464742155,181.81188075481478
sarek-nov-2~+00-06-00,28096.018755830468,181.81188075481478
sarek-nov-2~+00-07-00,28224.33451412551,181.81188075481478
sarek-nov-2~+00-08-00,28328.66505374585,181.81188075481478
sarek-nov-2~+00-09-00,28482.82250287611,181.81188075481478
sarek-nov-2~+00-10-00,28655.644020964635,181.81188075481478
sarek-nov-2~+00-11-00,28787.54775321762,181.81188075481478
sarek-nov-2~+00-12-00,28945.57703276674,181.81188075481478
sarek-nov-2~+00-13-00,29190.925828512532,181.81188075481478
sarek-nov-2~+00-14-00,29369.374578158313,181.81188075481478
sarek-nov-2~+00-15-00,29396.427819817767,181.81188075481478
sarek-nov-2~+00-16-00,29223.57254270932,181.81188075481478
sarek-nov-2~+00-17-00,28879.758056396146,181.81188075481478
sarek-nov-2~+00-18-00,28467.144071708153,181.81188075481478
sarek-nov-2~+00-19-00,28052.01700749144,181.81188075481478
sarek-nov-2~+00-20-00,27711.75968686973,181.81188075481478
sarek-nov-2~+00-21-00,27439.13962938254,181.81188075481478
sarek-nov-2~+00-22-00,27159.417993378684,181.81188075481478
sarek-nov-2~+00-23-00,26904.295024995008,181.81188075481478
sarek-nov-2~+01-00-00,26664.154912833557,181.81188075481478
