trace,op_ems,emb_ems
mag-jan-1,20602.119761481816,170.94595497756436
mag-jan-1~+00-01-00,20685.778541902808,170.94595497756436
mag-jan-1~+00-02-00,20768.711067961376,170.94595497756436
mag-jan-1~+00-03-00,20850.567139032104,170.94595497756436
mag-jan-1~+00-04-00,20936.987525520002,170.94595497756436
mag-jan-1~+00-05-00,21032.231677104137,170.94595497756436
mag-jan-1~+00-06-00,21165.332375785114,170.94595497756436
mag-jan-1~+00-07-00,21319.915203012086,170.94595497756436
mag-jan-1~+00-08-00,21400.964093786508,170.94595497756436
mag-jan-1~+00-09-00,21398.69300484531,170.94595497756436
mag-jan-1~+00-10-00,21345.738092379383,170.94595497756436
mag-jan-1~+00-11-00,21265.056328599687,170.94595497756436
mag-jan-1~+00-12-00,21176.679222456343,170.94595497756436
mag-jan-1~+00-13-00,21088.769025910296,170.94595497756436
mag-jan-1~+00-14-00,21012.07432999764,170.94595497756436
mag-jan-1~+00-15-00,20929.117113613924,170.94595497756436
mag-jan-1~+00-16-00,20844.895962506278,170.94595497756436
mag-jan-1~+00-17-00,20757.709998063136,170.94595497756436
mag-jan-1~+00-18-00,20639.328681401334,170.94595497756436
mag-jan-1~+00-19-00,20491.05268117651,170.94595497756436
mag-jan-1~+00-20-00,20331.864400614264,170.94595497756436
mag-jan-1~+00-21-00,20216.33772701304,170.94595497756436
mag-jan-1~+00-22-00,20201.37879919377,170.94595497756436
mag-jan-1~+00-23-00,20299.650040127293,170.94595497756436
mag-jan-1~+01-00-00,20451.838028205657,170.94595497756436
