trace,op_ems,emb_ems
montage-aug-3,524.011710464028,3.9090470464800857
montage-aug-3~+00-01-00,511.0669749368242,3.9090470464800857
montage-aug-3~+00-02-00,503.79350860916173,3.9090470464800857
montage-aug-3~+00-03-00,499.61423250247447,3.9090470464800857
montage-aug-3~+00-04-00,503.4883282038055,3.9090470464800857
montage-aug-3~+00-05-00,513.5084181796756,3.9090470464800857
montage-aug-3~+00-06-00,527.7501704296448,3.9090470464800857
montage-aug-3~+00-07-00,540.8474961595269,3.9090470464800857
montage-aug-3~+00-08-00,542.1275584153275,3.9090470464800857
montage-aug-3~+00-09-00,542.9668045300579,3.9090470464800857
montage-aug-3~+00-10-00,546.5018108921038,3.9090470464800857
montage-aug-3~+00-11-00,539.1690039300661,3.9090470464800857
montage-aug-3~+00-12-00,536.625833885429,3.9090470464800857
montage-aug-3~+00-13-00,539.0503226613164,3.9090470464800857
montage-aug-3~+00-14-00,558.1580069300245,3.9090470464800857
montage-aug-3~+00-15-00,540.126931313546,3.9090470464800857
montage-aug-3~+00-16-00,536.9394915242672,3.9090470464800857
montage-aug-3~+00-17-00,541.7969463095244,3.9090470464800857
montage-aug-3~+00-18-00,551.7831273514671,3.9090470464800857
montage-aug-3~+00-19-00,559.3448196175218,3.9090470464800857
montage-aug-3~+00-20-00,563.1171885170675,3.9090470464800857
montage-aug-3~+00-21-00,554.6908184358354,3.9090470464800857
montage-aug-3~+00-22-00,538.829914590781,3.9090470464800857
montage-aug-3~+00-23-00,529.1404367207134,3.9090470464800857
montage-aug-3~+01-00-00,525.6393392925955,3.9090470464800857
