trace,op_ems,emb_ems
rnaseq-aug-3,10059.85958475856,61.95465283773145
rnaseq-aug-3~+00-01-00,10031.61597998908,61.95465283773145
rnaseq-aug-3~+00-02-00,10029.298956611115,61.95465283773145
rnaseq-aug-3~+00-03-00,10055.08151945836,61.95465283773145
rnaseq-aug-3~+00-04-00,10090.035907930558,61.95465283773145
rnaseq-aug-3~+00-05-00,10160.125522965098,61.95465283773145
rnaseq-aug-3~+00-06-00,10216.75456109731,61.95465283773145
rnaseq-aug-3~+00-07-00,10216.750574145652,61.95465283773145
rnaseq-aug-3~+00-08-00,10190.988818933156,61.95465283773145
rnaseq-aug-3~+00-09-00,10274.89517364317,61.95465283773145
rnaseq-aug-3~+00-10-00,10452.531825425605,61.95465283773145
rnaseq-aug-3~+00-11-00,10605.656080291461,61.95465283773145
rnaseq-aug-3~+00-12-00,10623.109848162861,61.95465283773145
rnaseq-aug-3~+00-13-00,10501.024509866915,61.95465283773145
rnaseq-aug-3~+00-14-00,10362.031210374875,61.95465283773145
rnaseq-aug-3~+00-15-00,10268.006409301901,61.95465283773145
rnaseq-aug-3~+00-16-00,10244.317788962308,61.95465283773145
rnaseq-aug-3~+00-17-00,10235.186284529804,61.95465283773145
rnaseq-aug-3~+00-18-00,10182.719553559054,61.95465283773145
rnaseq-aug-3~+00-19-00,10059.31337473772,61.95465283773145
rnaseq-aug-3~+00-20-00,9880.187872697286,61.95465283773145
rnaseq-aug-3~+00-21-00,9667.821824384539,61.95465283773145
rnaseq-aug-3~+00-22-00,9458.932125757778,61.95465283773145
rnaseq-aug-3~+00-23-00,9252.68949735304,61.95465283773145
rnaseq-aug-3~+01-00-00,9052.071036429543,61.95465283773145
