trace,op_ems,emb_ems
montage-oct-3,511.8044942497691,3.9090470464800857
montage-oct-3~+00-01-00,502.60669592166414,3.9090470464800857
montage-oct-3~+00-02-00,495.7740457350722,3.9090470464800857
montage-oct-3~+00-03-00,507.9473530154026,3.9090470464800857
montage-oct-3~+00-04-00,520.4936585689463,3.9090470464800857
montage-oct-3~+00-05-00,529.3269358573198,3.9090470464800857
montage-oct-3~+00-06-00,539.177481163548,3.9090470464800857
montage-oct-3~+00-07-00,542.3988298867556,3.9090470464800857
montage-oct-3~+00-08-00,543.5771653407708,3.9090470464800857
montage-oct-3~+00-09-00,544.7300690943397,3.9090470464800857
montage-oct-3~+00-10-00,546.3916068568362,3.9090470464800857
montage-oct-3~+00-11-00,545.7812460461231,3.9090470464800857
montage-oct-3~+00-12-00,550.2657025581667,3.9090470464800857
montage-oct-3~+00-13-00,552.8343043032503,3.9090470464800857
montage-oct-3~+00-14-00,550.1131123554885,3.9090470464800857
montage-oct-3~+00-15-00,554.1058893255694,3.9090470464800857
montage-oct-3~+00-16-00,558.4377556349347,3.9090470464800857
montage-oct-3~+00-17-00,560.6079274063583,3.9090470464800857
montage-oct-3~+00-18-00,570.3991320782119,3.9090470464800857
montage-oct-3~+00-19-00,572.2810779112434,3.9090470464800857
montage-oct-3~+00-20-00,570.2974052764266,3.9090470464800857
montage-oct-3~+00-21-00,558.556436903684,3.9090470464800857
montage-oct-3~+00-22-00,556.1912887621718,3.9090470464800857
montage-oct-3~+00-23-00,547.7394869804937,3.9090470464800857
montage-oct-3~+01-00-00,543.3567572702356,3.9090470464800857
