trace,op_ems,emb_ems
rnaseq-aug-2,9637.605380131523,59.0952985091386
rnaseq-aug-2~+00-01-00,9609.816040939202,59.0952985091386
rnaseq-aug-2~+00-02-00,9607.093529948814,59.0952985091386
rnaseq-aug-2~+00-03-00,9631.093892400624,59.0952985091386
rnaseq-aug-2~+00-04-00,9665.129852443912,59.0952985091386
rnaseq-aug-2~+00-05-00,9729.68955207884,59.0952985091386
rnaseq-aug-2~+00-06-00,9787.064888070667,59.0952985091386
rnaseq-aug-2~+00-07-00,9788.609555343946,59.0952985091386
rnaseq-aug-2~+00-08-00,9761.227113609371,59.0952985091386
rnaseq-aug-2~+00-09-00,9839.235940993449,59.0952985091386
rnaseq-aug-2~+00-10-00,10007.51307497099,59.0952985091386
rnaseq-aug-2~+00-11-00,10158.066511293544,59.0952985091386
rnaseq-aug-2~+00-12-00,10178.610725011611,59.0952985091386
rnaseq-aug-2~+00-13-00,10062.864081340873,59.0952985091386
rnaseq-aug-2~+00-14-00,9928.766297877684,59.0952985091386
rnaseq-aug-2~+00-15-00,9837.101512787684,59.0952985091386
rnaseq-aug-2~+00-16-00,9812.761492218631,59.0952985091386
rnaseq-aug-2~+00-17-00,9805.437749294744,59.0952985091386
rnaseq-aug-2~+00-18-00,9756.49772922453,59.0952985091386
rnaseq-aug-2~+00-19-00,9639.55239906248,59.0952985091386
rnaseq-aug-2~+00-20-00,9469.647095137108,59.0952985091386
rnaseq-aug-2~+00-21-00,9265.536404514776,59.0952985091386
rnaseq-aug-2~+00-22-00,9065.416396787416,59.0952985091386
rnaseq-aug-2~+00-23-00,8868.52085996227,59.0952985091386
rnaseq-aug-2~+01-00-00,8675.033829189633,59.0952985091386
