trace,op_ems,emb_ems
mag-jul-3,21844.963686435643,170.30505238040828
mag-jul-3~+00-01-00,21931.59179993269,170.30505238040828
mag-jul-3~+00-02-00,22027.896697490283,170.30505238040828
mag-jul-3~+00-03-00,22117.16853205772,170.30505238040828
mag-jul-3~+00-04-00,22209.097425918542,170.30505238040828
mag-jul-3~+00-05-00,22325.954678965983,170.30505238040828
mag-jul-3~+00-06-00,22427.366417493773,170.30505238040828
mag-jul-3~+00-07-00,22480.71669313259,170.30505238040828
mag-jul-3~+00-08-00,22509.473850036764,170.30505238040828
mag-jul-3~+00-09-00,22505.092443087524,170.30505238040828
mag-jul-3~+00-10-00,22457.137019326343,170.30505238040828
mag-jul-3~+00-11-00,22351.93384445433,170.30505238040828
mag-jul-3~+00-12-00,22209.72447584199,170.30505238040828
mag-jul-3~+00-13-00,22071.38859184875,170.30505238040828
mag-jul-3~+00-14-00,21953.128009989872,170.30505238040828
mag-jul-3~+00-15-00,21852.1702400946,170.30505238040828
mag-jul-3~+00-16-00,21760.899054345427,170.30505238040828
mag-jul-3~+00-17-00,21683.97656797643,170.30505238040828
mag-jul-3~+00-18-00,21669.139382285437,170.30505238040828
mag-jul-3~+00-19-00,21718.20723119079,170.30505238040828
mag-jul-3~+00-20-00,21776.273004649636,170.30505238040828
mag-jul-3~+00-21-00,21838.844632301134,170.30505238040828
mag-jul-3~+00-22-00,21908.20780374182,170.30505238040828
mag-jul-3~+00-23-00,21965.83878158115,170.30505238040828
mag-jul-3~+01-00-00,22037.400360557625,170.30505238040828
