trace,op_ems,emb_ems
montage-jan-2,601.2776482213048,4.417620969401983
montage-jan-2~+00-01-00,600.5887131543573,4.417620969401983
montage-jan-2~+00-02-00,594.5126886055815,4.417620969401983
montage-jan-2~+00-03-00,590.4364894594735,4.417620969401983
montage-jan-2~+00-04-00,588.9342282718233,4.417620969401983
montage-jan-2~+00-05-00,587.345850200805,4.417620969401983
montage-jan-2~+00-06-00,583.5471387899952,4.417620969401983
montage-jan-2~+00-07-00,583.030437489784,4.417620969401983
montage-jan-2~+00-08-00,590.3408040335084,4.417620969401983
montage-jan-2~+00-09-00,592.1109844138604,4.417620969401983
montage-jan-2~+00-10-00,598.2922629311977,4.417620969401983
montage-jan-2~+00-11-00,612.2144924091014,4.417620969401983
montage-jan-2~+00-12-00,619.9650119122648,4.417620969401983
montage-jan-2~+00-13-00,621.8882889741603,4.417620969401983
montage-jan-2~+00-14-00,620.9410032571067,4.417620969401983
montage-jan-2~+00-15-00,624.8641057216713,4.417620969401983
montage-jan-2~+00-16-00,629.0742644641307,4.417620969401983
montage-jan-2~+00-17-00,631.9926699560622,4.417620969401983
montage-jan-2~+00-18-00,635.2938171518533,4.417620969401983
montage-jan-2~+00-19-00,628.7202283880601,4.417620969401983
montage-jan-2~+00-20-00,616.9126468239822,4.417620969401983
montage-jan-2~+00-21-00,603.6889209556226,4.417620969401983
montage-jan-2~+00-22-00,596.8952557121091,4.417620969401983
montage-jan-2~+00-23-00,594.8475875964587,4.417620969401983
montage-jan-2~+01-00-00,588.9342282718233,4.417620969401983
