trace,op_ems,emb_ems
rnaseq-jul-3,9555.30900720544,61.95465283773145
rnaseq-jul-3~+00-01-00,9493.365026352567,61.95465283773145
rnaseq-jul-3~+00-02-00,9472.426322310197,61.95465283773145
rnaseq-jul-3~+00-03-00,9501.421235960881,61.95465283773145
rnaseq-jul-3~+00-04-00,9622.83311985662,61.95465283773145
rnaseq-jul-3~+00-05-00,9835.080390231882,61.95465283773145
rnaseq-jul-3~+00-06-00,10033.530552382703,61.95465283773145
rnaseq-jul-3~+00-07-00,10136.843682894232,61.95465283773145
rnaseq-jul-3~+00-08-00,10201.183099542919,61.95465283773145
rnaseq-jul-3~+00-09-00,10269.397802207674,61.95465283773145
rnaseq-jul-3~+00-10-00,10292.214398906328,61.95465283773145
rnaseq-jul-3~+00-11-00,10251.95113092083,61.95465283773145
rnaseq-jul-3~+00-12-00,10202.567442620699,61.95465283773145
rnaseq-jul-3~+00-13-00,10174.453963015963,61.95465283773145
rnaseq-jul-3~+00-14-00,10174.442666581363,61.95465283773145
rnaseq-jul-3~+00-15-00,10178.6063651924,61.95465283773145
rnaseq-jul-3~+00-16-00,10190.81384692126,61.95465283773145
rnaseq-jul-3~+00-17-00,10206.384391694248,61.95465283773145
rnaseq-jul-3~+00-18-00,10237.791548137053,61.95465283773145
rnaseq-jul-3~+00-19-00,10222.038430126293,61.95465283773145
rnaseq-jul-3~+00-20-00,10125.807837609851,61.95465283773145
rnaseq-jul-3~+00-21-00,9987.470116238606,61.95465283773145
rnaseq-jul-3~+00-22-00,9857.476985629659,61.95465283773145
rnaseq-jul-3~+00-23-00,9737.832879886058,61.95465283773145
rnaseq-jul-3~+01-00-00,9641.548936594956,61.95465283773145
