trace,op_ems,emb_ems
rnaseq-mar-2,9205.01258794594,59.0952985091386
rnaseq-mar-2~+00-01-00,9208.04102594775,59.0952985091386
rnaseq-mar-2~+00-02-00,9239.15165844139,59.0952985091386
rnaseq-mar-2~+00-03-00,9295.542788122262,59.0952985091386
rnaseq-mar-2~+00-04-00,9380.346362101896,59.0952985091386
rnaseq-mar-2~+00-05-00,9473.13993623334,59.0952985091386
rnaseq-mar-2~+00-06-00,9550.27408923547,59.0952985091386
rnaseq-mar-2~+00-07-00,9614.59736842182,59.0952985091386
rnaseq-mar-2~+00-08-00,9703.39480771302,59.0952985091386
rnaseq-mar-2~+00-09-00,9780.081259907625,59.0952985091386
rnaseq-mar-2~+00-10-00,9815.106563278687,59.0952985091386
rnaseq-mar-2~+00-11-00,9834.098956249702,59.0952985091386
rnaseq-mar-2~+00-12-00,9853.412488173873,59.0952985091386
rnaseq-mar-2~+00-13-00,9858.826640228035,59.0952985091386
rnaseq-mar-2~+00-14-00,9880.144358639123,59.0952985091386
rnaseq-mar-2~+00-15-00,9937.394927585092,59.0952985091386
rnaseq-mar-2~+00-16-00,9984.5933374429,59.0952985091386
rnaseq-mar-2~+00-17-00,9972.925215961362,59.0952985091386
rnaseq-mar-2~+00-18-00,9852.832973291372,59.0952985091386
rnaseq-mar-2~+00-19-00,9676.260598426821,59.0952985091386
rnaseq-mar-2~+00-20-00,9504.332545722256,59.0952985091386
rnaseq-mar-2~+00-21-00,9385.067945927573,59.0952985091386
rnaseq-mar-2~+00-22-00,9282.225610134288,59.0952985091386
rnaseq-mar-2~+00-23-00,9222.87061556655,59.0952985091386
rnaseq-mar-2~+01-00-00,9196.213954760546,59.0952985091386
