trace,op_ems,emb_ems
sarek-may-1,27296.10810040718,180.2085610425426
sarek-may-1~+00-01-00,27383.65261548732,180.2085610425426
sarek-may-1~+00-02-00,27553.728449670838,180.2085610425426
sarek-may-1~+00-03-00,27869.31397576289,180.2085610425426
sarek-may-1~+00-04-00,28083.649153643804,180.2085610425426
sarek-may-1~+00-05-00,28238.818099145454,180.2085610425426
sarek-may-1~+00-06-00,28450.645167692368,180.2085610425426
sarek-may-1~+00-07-00,28593.267205699754,180.2085610425426
sarek-may-1~+00-08-00,28641.82278992658,180.2085610425426
sarek-may-1~+00-09-00,28697.97383650162,180.2085610425426
sarek-may-1~+00-10-00,28710.78293041207,180.2085610425426
sarek-may-1~+00-11-00,28646.830851333692,180.2085610425426
sarek-may-1~+00-12-00,28645.042084241242,180.2085610425426
sarek-may-1~+00-13-00,28613.77114048164,180.2085610425426
sarek-may-1~+00-14-00,28553.36284358323,180.2085610425426
sarek-may-1~+00-15-00,28540.538805873457,180.2085610425426
sarek-may-1~+00-16-00,28602.514723893375,180.2085610425426
sarek-may-1~+00-17-00,28463.027558182992,180.2085610425426
sarek-may-1~+00-18-00,28205.753916743182,180.2085610425426
sarek-may-1~+00-19-00,27919.288537004446,180.2085610425426
sarek-may-1~+00-20-00,27565.812391034066,180.2085610425426
sarek-may-1~+00-21-00,27115.636229927302,180.2085610425426
sarek-may-1~+00-22-00,26760.674023631567,180.2085610425426
sarek-may-1~+00-23-00,26459.288205708366,180.2085610425426
sarek-may-1~+01-00-00,26264.37389711467,180.2085610425426
