trace,op_ems,emb_ems
sarek-feb-3,26205.722222534645,179.93408696821612
sarek-feb-3~+00-01-00,26314.89989467877,179.93408696821612
sarek-feb-3~+00-02-00,26475.023777482493,179.93408696821612
sarek-feb-3~+00-03-00,26650.441465719203,179.93408696821612
sarek-feb-3~+00-04-00,26837.602468329773,179.93408696821612
sarek-feb-3~+00-05-00,27045.07024630443,179.93408696821612
sarek-feb-3~+00-06-00,27396.76057844069,179.93408696821612
sarek-feb-3~+00-07-00,27840.27774228965,179.93408696821612
sarek-feb-3~+00-08-00,28198.540936022004,179.93408696821612
sarek-feb-3~+00-09-00,28599.057912256812,179.93408696821612
sarek-feb-3~+00-10-00,28850.1714606675,179.93408696821612
sarek-feb-3~+00-11-00,29041.753976504577,179.93408696821612
sarek-feb-3~+00-12-00,29113.318329360725,179.93408696821612
sarek-feb-3~+00-13-00,29175.8699512475,179.93408696821612
sarek-feb-3~+00-14-00,29029.94164495514,179.93408696821612
sarek-feb-3~+00-15-00,28690.93723294474,179.93408696821612
sarek-feb-3~+00-16-00,28226.610154789214,179.93408696821612
sarek-feb-3~+00-17-00,27560.66970908617,179.93408696821612
sarek-feb-3~+00-18-00,26996.884237111193,179.93408696821612
sarek-feb-3~+00-19-00,26526.43795249116,179.93408696821612
sarek-feb-3~+00-20-00,26202.873313457316,179.93408696821612
sarek-feb-3~+00-21-00,26006.748838770633,179.93408696821612
sarek-feb-3~+00-22-00,25891.748060667993,179.93408696821612
sarek-feb-3~+00-23-00,25785.032795347306,179.93408696821612
sarek-feb-3~+01-00-00,25663.812231691354,179.93408696821612
