trace,op_ems,emb_ems
rnaseq-jun-1,9387.307585025586,60.34201273201991
rnaseq-jun-1~+00-01-00,9355.611695235544,60.34201273201991
rnaseq-jun-1~+00-02-00,9374.102536923392,60.34201273201991
rnaseq-jun-1~+00-03-00,9444.979583112192,60.34201273201991
rnaseq-jun-1~+00-04-00,9583.273100029759,60.34201273201991
rnaseq-jun-1~+00-05-00,9717.014379940416,60.34201273201991
rnaseq-jun-1~+00-06-00,9730.99849767361,60.34201273201991
rnaseq-jun-1~+00-07-00,9647.664986808373,60.34201273201991
rnaseq-jun-1~+00-08-00,9602.427268493702,60.34201273201991
rnaseq-jun-1~+00-09-00,9577.311165416939,60.34201273201991
rnaseq-jun-1~+00-10-00,9583.944514685672,60.34201273201991
rnaseq-jun-1~+00-11-00,9668.702770153883,60.34201273201991
rnaseq-jun-1~+00-12-00,9688.329049062173,60.34201273201991
rnaseq-jun-1~+00-13-00,9541.779392426719,60.34201273201991
rnaseq-jun-1~+00-14-00,9400.221788241506,60.34201273201991
rnaseq-jun-1~+00-15-00,9355.988351608892,60.34201273201991
rnaseq-jun-1~+00-16-00,9366.018062132218,60.34201273201991
rnaseq-jun-1~+00-17-00,9423.649401083916,60.34201273201991
rnaseq-jun-1~+00-18-00,9524.911924522217,60.34201273201991
rnaseq-jun-1~+00-19-00,9598.46595607125,60.34201273201991
rnaseq-jun-1~+00-20-00,9553.227348052986,60.34201273201991
rnaseq-jun-1~+00-21-00,9379.674464125019,60.34201273201991
rnaseq-jun-1~+00-22-00,9169.23805560891,60.34201273201991
rnaseq-jun-1~+00-23-00,9003.994651660258,60.34201273201991
rnaseq-jun-1~+01-00-00,8891.025246585517,60.34201273201991
