trace,op_ems,emb_ems
mag-may-2,21915.67489376751,170.41523942885257
mag-may-2~+00-01-00,22019.4165963368,170.41523942885257
mag-may-2~+00-02-00,22111.347963791573,170.41523942885257
mag-may-2~+00-03-00,22185.57915180289,170.41523942885257
mag-may-2~+00-04-00,22236.63105910553,170.41523942885257
mag-may-2~+00-05-00,22297.140061328955,170.41523942885257
mag-may-2~+00-06-00,22350.175584152512,170.41523942885257
mag-may-2~+00-07-00,22353.82370307817,170.41523942885257
mag-may-2~+00-08-00,22361.44811812707,170.41523942885257
mag-may-2~+00-09-00,22370.795821540873,170.41523942885257
mag-may-2~+00-10-00,22331.914299883363,170.41523942885257
mag-may-2~+00-11-00,22232.532262824567,170.41523942885257
mag-may-2~+00-12-00,22094.95769329958,170.41523942885257
mag-may-2~+00-13-00,21912.36486775711,170.41523942885257
mag-may-2~+00-14-00,21742.37193335207,170.41523942885257
mag-may-2~+00-15-00,21589.943760388025,170.41523942885257
mag-may-2~+00-16-00,21411.32678547644,170.41523942885257
mag-may-2~+00-17-00,21241.890572358676,170.41523942885257
mag-may-2~+00-18-00,21162.2417069825,170.41523942885257
mag-may-2~+00-19-00,21195.347174822156,170.41523942885257
mag-may-2~+00-20-00,21274.4882190642,170.41523942885257
mag-may-2~+00-21-00,21347.387203190105,170.41523942885257
mag-may-2~+00-22-00,21411.404915387124,170.41523942885257
mag-may-2~+00-23-00,21444.722882266393,170.41523942885257
mag-may-2~+01-00-00,21484.42968511639,170.41523942885257
