trace,op_ems,emb_ems
rangeland-oct-2,6813.966815640988,56.10015765457453
rangeland-oct-2~+00-01-00,6862.068582524737,56.10015765457453
rangeland-oct-2~+00-02-00,6905.049644193358,56.10015765457453
rangeland-oct-2~+00-03-00,6951.080100645904,56.10015765457453
rangeland-oct-2~+00-04-00,7005.399883533315,56.10015765457453
rangeland-oct-2~+00-05-00,7056.518876722652,56.10015765457453
rangeland-oct-2~+00-06-00,7116.492350165371,56.10015765457453
rangeland-oct-2~+00-07-00,7148.638178628847,56.10015765457453
rangeland-oct-2~+00-08-00,7180.746136229752,56.10015765457453
rangeland-oct-2~+00-09-00,7220.830405397222,56.10015765457453
rangeland-oct-2~+00-10-00,7256.584484590266,56.10015765457453
rangeland-oct-2~+00-11-00,7285.068421265335,56.10015765457453
rangeland-oct-2~+00-12-00,7325.2494284301,56.10015765457453
rangeland-oct-2~+00-13-00,7354.503852474334,56.10015765457453
rangeland-oct-2~+00-14-00,7375.499992725949,56.10015765457453
rangeland-oct-2~+00-15-00,7345.819910982227,56.10015765457453
rangeland-oct-2~+00-16-00,7305.38731873135,56.10015765457453
rangeland-oct-2~+00-17-00,7232.481365120353,56.10015765457453
rangeland-oct-2~+00-18-00,7143.186078778586,56.10015765457453
rangeland-oct-2~+00-19-00,7026.341219565636,56.10015765457453
rangeland-oct-2~+00-20-00,6893.528377842504,56.10015765457453
rangeland-oct-2~+00-21-00,6801.856927051833,56.10015765457453
rangeland-oct-2~+00-22-00,6769.179493690841,56.10015765457453
rangeland-oct-2~+00-23-00,6763.723778993326,56.10015765457453
rangeland-oct-2~+01-00-00,6801.987523115329,56.10015765457453
