trace,op_ems,emb_ems
rangeland-sep-3,7067.387060509464,56.21086774659671
rangeland-sep-3~+00-01-00,7090.978981933945,56.21086774659671
rangeland-sep-3~+00-02-00,7108.408317295363,56.21086774659671
rangeland-sep-3~+00-03-00,7131.054046663179,56.21086774659671
rangeland-sep-3~+00-04-00,7189.596142900061,56.21086774659671
rangeland-sep-3~+00-05-00,7248.802682625277,56.21086774659671
rangeland-sep-3~+00-06-00,7289.379600741831,56.21086774659671
rangeland-sep-3~+00-07-00,7301.062753524662,56.21086774659671
rangeland-sep-3~+00-08-00,7319.884529402112,56.21086774659671
rangeland-sep-3~+00-09-00,7341.535715644643,56.21086774659671
rangeland-sep-3~+00-10-00,7365.938665020132,56.21086774659671
rangeland-sep-3~+00-11-00,7368.723844475757,56.21086774659671
rangeland-sep-3~+00-12-00,7379.893410832044,56.21086774659671
rangeland-sep-3~+00-13-00,7385.0610282669,56.21086774659671
rangeland-sep-3~+00-14-00,7389.9652978897975,56.21086774659671
rangeland-sep-3~+00-15-00,7384.779284825158,56.21086774659671
rangeland-sep-3~+00-16-00,7385.86539294979,56.21086774659671
rangeland-sep-3~+00-17-00,7372.2114329059,56.21086774659671
rangeland-sep-3~+00-18-00,7362.510181802223,56.21086774659671
rangeland-sep-3~+00-19-00,7343.340293257422,56.21086774659671
rangeland-sep-3~+00-20-00,7329.706410953284,56.21086774659671
rangeland-sep-3~+00-21-00,7323.07811935229,56.21086774659671
rangeland-sep-3~+00-22-00,7321.0068523341015,56.21086774659671
rangeland-sep-3~+00-23-00,7313.023171326531,56.21086774659671
rangeland-sep-3~+01-00-00,7309.453925090069,56.21086774659671
