trace,op_ems,emb_ems
sarek-aug-3,28280.157713545606,179.93408696821612
sarek-aug-3~+00-01-00,28310.500116153606,179.93408696821612
sarek-aug-3~+00-02-00,28358.816454424956,179.93408696821612
sarek-aug-3~+00-03-00,28572.231827598484,179.93408696821612
sarek-aug-3~+00-04-00,28595.41947611229,179.93408696821612
sarek-aug-3~+00-05-00,28663.82701940239,179.93408696821612
sarek-aug-3~+00-06-00,28772.38560615273,179.93408696821612
sarek-aug-3~+00-07-00,28975.83394620819,179.93408696821612
sarek-aug-3~+00-08-00,29279.4874970208,179.93408696821612
sarek-aug-3~+00-09-00,29497.79574230025,179.93408696821612
sarek-aug-3~+00-10-00,29632.335860815994,179.93408696821612
sarek-aug-3~+00-11-00,29574.774893981143,179.93408696821612
sarek-aug-3~+00-12-00,29392.434935751888,179.93408696821612
sarek-aug-3~+00-13-00,29142.736855297884,179.93408696821612
sarek-aug-3~+00-14-00,28983.208972483848,179.93408696821612
sarek-aug-3~+00-15-00,28809.667132752,179.93408696821612
sarek-aug-3~+00-16-00,28659.940377500705,179.93408696821612
sarek-aug-3~+00-17-00,28398.300796340052,179.93408696821612
sarek-aug-3~+00-18-00,27993.1809786702,179.93408696821612
sarek-aug-3~+00-19-00,27519.828568484314,179.93408696821612
sarek-aug-3~+00-20-00,26956.083169176472,179.93408696821612
sarek-aug-3~+00-21-00,26357.538141105913,179.93408696821612
sarek-aug-3~+00-22-00,25832.33330836447,179.93408696821612
sarek-aug-3~+00-23-00,25399.699978823337,179.93408696821612
sarek-aug-3~+01-00-00,25159.29516193496,179.93408696821612
