trace,op_ems,emb_ems
sarek-mar-3,27155.877834298044,179.93408696821612
sarek-mar-3~+00-01-00,27270.11263464954,179.93408696821612
sarek-mar-3~+00-02-00,27487.589703605798,179.93408696821612
sarek-mar-3~+00-03-00,27688.138816866616,179.93408696821612
sarek-mar-3~+00-04-00,27910.10090447629,179.93408696821612
sarek-mar-3~+00-05-00,28165.31806929452,179.93408696821612
sarek-mar-3~+00-06-00,28412.54596489895,179.93408696821612
sarek-mar-3~+00-07-00,28561.852425543526,179.93408696821612
sarek-mar-3~+00-08-00,28738.676073462873,179.93408696821612
sarek-mar-3~+00-09-00,28858.363011846242,179.93408696821612
sarek-mar-3~+00-10-00,28905.244288115868,179.93408696821612
sarek-mar-3~+00-11-00,28961.30642821266,179.93408696821612
sarek-mar-3~+00-12-00,29042.189337860982,179.93408696821612
sarek-mar-3~+00-13-00,29169.98953423422,179.93408696821612
sarek-mar-3~+00-14-00,29210.4412401144,179.93408696821612
sarek-mar-3~+00-15-00,29206.334851839372,179.93408696821612
sarek-mar-3~+00-16-00,28939.713502371076,179.93408696821612
sarek-mar-3~+00-17-00,28668.693205627642,179.93408696821612
sarek-mar-3~+00-18-00,28229.188208942138,179.93408696821612
sarek-mar-3~+00-19-00,27833.10373223419,179.93408696821612
sarek-mar-3~+00-20-00,27484.37431081225,179.93408696821612
sarek-mar-3~+00-21-00,27264.62911073054,179.93408696821612
sarek-mar-3~+00-22-00,27124.06232646715,179.93408696821612
sarek-mar-3~+00-23-00,27076.03968419457,179.93408696821612
sarek-mar-3~+01-00-00,27128.488453254053,179.93408696821612
