trace,op_ems,emb_ems
mag-feb-1,30476.81989942699,171.36263744391223
mag-feb-1~+00-01-00,30476.81989942699,171.36263744391223
mag-feb-1~+00-02-00,30476.81989942699,171.36263744391223
mag-feb-1~+00-03-00,30150.08715602423,171.36263744391223
mag-feb-1~+00-04-00,29483.22083844015,171.36263744391223
mag-feb-1~+00-05-00,28821.07149564212,171.36263744391223
mag-feb-1~+00-06-00,28507.90140674656,171.36263744391223
mag-feb-1~+00-07-00,28752.99408271884,171.36263744391223
mag-feb-1~+00-08-00,29301.682252794504,171.36263744391223
mag-feb-1~+00-09-00,29688.25337594778,171.36263744391223
mag-feb-1~+00-10-00,29733.295067324943,171.36263744391223
mag-feb-1~+00-11-00,29259.19567990041,171.36263744391223
mag-feb-1~+00-12-00,29112.87363535889,171.36263744391223
mag-feb-1~+00-13-00,29191.669702098545,171.36263744391223
mag-feb-1~+00-14-00,29291.8067096019,171.36263744391223
mag-feb-1~+00-15-00,29502.543319955563,171.36263744391223
mag-feb-1~+00-16-00,29800.479203450595,171.36263744391223
mag-feb-1~+00-17-00,30287.902756094067,171.36263744391223
mag-feb-1~+00-18-00,30476.81989942699,171.36263744391223
mag-feb-1~+00-19-00,30476.81989942699,171.36263744391223
mag-feb-1~+00-20-00,30476.81989942699,171.36263744391223
mag-feb-1~+00-21-00,30476.81989942699,171.36263744391223
mag-feb-1~+00-22-00,30476.81989942699,171.36263744391223
mag-feb-1~+00-23-00,30476.81989942699,171.36263744391223
mag-feb-1~+01-00-00,30476.81989942699,171.36263744391223
