trace,op_ems,emb_ems
chipseq-apr-2,14828.83168720415,93.55153285104065
chipseq-apr-2~+00-01-00,14801.428351723653,93.55153285104065
chipseq-apr-2~+00-02-00,14748.354290043444,93.55153285104065
chipseq-apr-2~+00-03-00,14712.921683915514,93.55153285104065
chipseq-apr-2~+00-04-00,14745.496498607734,93.55153285104065
chipseq-apr-2~+00-05-00,14817.132372685643,93.55153285104065
chipseq-apr-2~+00-06-00,14842.08199680399,93.55153285104065
chipseq-apr-2~+00-07-00,14836.708909386462,93.55153285104065
chipseq-apr-2~+00-08-00,14837.355101473593,93.55153285104065
chipseq-apr-2~+00-09-00,14854.81319450838,93.55153285104065
chipseq-apr-2~+00-10-00,14868.542817911559,93.55153285104065
chipseq-apr-2~+00-11-00,14961.029241200753,93.55153285104065
chipseq-apr-2~+00-12-00,15173.694896045708,93.55153285104065
chipseq-apr-2~+00-13-00,15384.21021437964,93.55153285104065
chipseq-apr-2~+00-14-00,15519.41837259305,93.55153285104065
chipseq-apr-2~+00-15-00,15511.02835680961,93.55153285104065
chipseq-apr-2~+00-16-00,15348.352737810841,93.55153285104065
chipseq-apr-2~+00-17-00,15107.217728172318,93.55153285104065
chipseq-apr-2~+00-18-00,14893.137335858379,93.55153285104065
chipseq-apr-2~+00-19-00,14680.586699460693,93.55153285104065
chipseq-apr-2~+00-20-00,14456.399867228603,93.55153285104065
chipseq-apr-2~+00-21-00,14315.656947812302,93.55153285104065
chipseq-apr-2~+00-22-00,14268.375208850586,93.55153285104065
chipseq-apr-2~+00-23-00,14307.384777112373,93.55153285104065
chipseq-apr-2~+01-00-00,14384.181754502513,93.55153285104065
