trace,op_ems,emb_ems
mag-feb-2,17694.49683476551,170.82096393261858
mag-feb-2~+00-01-00,17695.068201957885,170.82096393261858
mag-feb-2~+00-02-00,17695.637400516986,170.82096393261858
mag-feb-2~+00-03-00,17697.735059045663,170.82096393261858
mag-feb-2~+00-04-00,17699.761713560532,170.82096393261858
mag-feb-2~+00-05-00,17699.398589235858,170.82096393261858
mag-feb-2~+00-06-00,17700.424092277826,170.82096393261858
mag-feb-2~+00-07-00,17700.663076155277,170.82096393261858
mag-feb-2~+00-08-00,17700.841139131582,170.82096393261858
mag-feb-2~+00-09-00,17702.440119450715,170.82096393261858
mag-feb-2~+00-10-00,17703.94882981473,170.82096393261858
mag-feb-2~+00-11-00,17705.22941791872,170.82096393261858
mag-feb-2~+00-12-00,17704.757391460433,170.82096393261858
mag-feb-2~+00-13-00,17704.69605056195,170.82096393261858
mag-feb-2~+00-14-00,17704.95059053852,170.82096393261858
mag-feb-2~+00-15-00,17703.73434504103,170.82096393261858
mag-feb-2~+00-16-00,17703.112894369122,170.82096393261858
mag-feb-2~+00-17-00,17702.93703507674,170.82096393261858
mag-feb-2~+00-18-00,17701.3784345189,170.82096393261858
mag-feb-2~+00-19-00,17699.53595660475,170.82096393261858
mag-feb-2~+00-20-00,17697.715144805028,170.82096393261858
mag-feb-2~+00-21-00,17695.989315278362,170.82096393261858
mag-feb-2~+00-22-00,17695.403908338714,170.82096393261858
mag-feb-2~+00-23-00,17694.51374853613,170.82096393261858
mag-feb-2~+01-00-00,17693.675923530493,170.82096393261858
