trace,op_ems,emb_ems
mag-sep-3,17678.60016534814,170.67367805536568
mag-sep-3~+00-01-00,17677.926665526236,170.67367805536568
mag-sep-3~+00-02-00,17676.95374422672,170.67367805536568
mag-sep-3~+00-03-00,17677.001994243205,170.67367805536568
mag-sep-3~+00-04-00,17678.805889952106,170.67367805536568
mag-sep-3~+00-05-00,17680.360942384654,170.67367805536568
mag-sep-3~+00-06-00,17680.872704584628,170.67367805536568
mag-sep-3~+00-07-00,17681.51048135906,170.67367805536568
mag-sep-3~+00-08-00,17682.161256886076,170.67367805536568
mag-sep-3~+00-09-00,17683.440819123574,170.67367805536568
mag-sep-3~+00-10-00,17685.419341811856,170.67367805536568
mag-sep-3~+00-11-00,17686.895836695676,170.67367805536568
mag-sep-3~+00-12-00,17688.19475071888,170.67367805536568
mag-sep-3~+00-13-00,17689.346769167794,170.67367805536568
mag-sep-3~+00-14-00,17690.651371188924,170.67367805536568
mag-sep-3~+00-15-00,17690.644250211833,170.67367805536568
mag-sep-3~+00-16-00,17689.632451706646,170.67367805536568
mag-sep-3~+00-17-00,17689.15429318841,170.67367805536568
mag-sep-3~+00-18-00,17687.411062574793,170.67367805536568
mag-sep-3~+00-19-00,17685.530906575088,170.67367805536568
mag-sep-3~+00-20-00,17684.090808467947,170.67367805536568
mag-sep-3~+00-21-00,17681.36553695706,170.67367805536568
mag-sep-3~+00-22-00,17679.368107299706,170.67367805536568
mag-sep-3~+00-23-00,17677.28308673164,170.67367805536568
mag-sep-3~+01-00-00,17675.598205325412,170.67367805536568
