trace,op_ems,emb_ems
nanoseq-nov-2,178.74061627557026,2.2810001647780567
nanoseq-nov-2~+00-01-00,178.7444355930927,2.2810001647780567
nanoseq-nov-2~+00-02-00,178.70588172727943,2.2810001647780567
nanoseq-nov-2~+00-03-00,178.7112395747831,2.2810001647780567
nanoseq-nov-2~+00-04-00,178.7686967957844,2.2810001647780567
nanoseq-nov-2~+00-05-00,178.83023863967355,2.2810001647780567
nanoseq-nov-2~+00-06-00,178.96475706521616,2.2810001647780567
nanoseq-nov-2~+00-07-00,179.0638284121928,2.2810001647780567
nanoseq-nov-2~+00-08-00,176.98689716775516,2.2810001647780567
nanoseq-nov-2~+00-09-00,170.5602771153216,2.2810001647780567
nanoseq-nov-2~+00-10-00,160.09311830837575,2.2810001647780567
nanoseq-nov-2~+00-11-00,146.88775133309406,2.2810001647780567
nanoseq-nov-2~+00-12-00,132.58449206158608,2.2810001647780567
nanoseq-nov-2~+00-13-00,121.0336316266902,2.2810001647780567
nanoseq-nov-2~+00-14-00,115.7871115145025,2.2810001647780567
nanoseq-nov-2~+00-15-00,117.66126091525861,2.2810001647780567
nanoseq-nov-2~+00-16-00,125.62311917162152,2.2810001647780567
nanoseq-nov-2~+00-17-00,138.01127864876332,2.2810001647780567
nanoseq-nov-2~+00-18-00,152.3534789121986,2.2810001647780567
nanoseq-nov-2~+00-19-00,164.69696142976775,2.2810001647780567
nanoseq-nov-2~+00-20-00,173.37687361836666,2.2810001647780567
nanoseq-nov-2~+00-21-00,177.84766120356275,2.2810001647780567
nanoseq-nov-2~+00-22-00,178.75187871400493,2.2810001647780567
nanoseq-nov-2~+00-23-00,178.47932431298258,2.2810001647780567
nanoseq-nov-2~+01-00-00,178.12471838332524,2.2810001647780567
