trace,op_ems,emb_ems
sarek-feb-3,20936.08890284836,179.93408696821612
sarek-feb-3~+00-01-00,20929.00503340002,179.93408696821612
sarek-feb-3~+00-02-00,20907.739009829103,179.93408696821612
sarek-feb-3~+00-03-00,20891.781917513315,179.93408696821612
sarek-feb-3~+00-04-00,20873.38782776227,179.93408696821612
sarek-feb-3~+00-05-00,20853.593911260174,179.93408696821612
sarek-feb-3~+00-06-00,20840.127462401615,179.93408696821612
sarek-feb-3~+00-07-00,20842.195799089994,179.93408696821612
sarek-feb-3~+00-08-00,20858.090049804854,179.93408696821612
sarek-feb-3~+00-09-00,20552.748028150447,179.93408696821612
sarek-feb-3~+00-10-00,19636.392167505594,179.93408696821612
sarek-feb-3~+00-11-00,18276.268403459442,179.93408696821612
sarek-feb-3~+00-12-00,16541.82901340944,179.93408696821612
sarek-feb-3~+00-13-00,14785.090026616017,179.93408696821612
sarek-feb-3~+00-14-00,13271.653568036423,179.93408696821612
sarek-feb-3~+00-15-00,12550.146528025169,179.93408696821612
sarek-feb-3~+00-16-00,12620.926834708978,179.93408696821612
sarek-feb-3~+00-17-00,13673.38780518928,179.93408696821612
sarek-feb-3~+00-18-00,15457.275656301632,179.93408696821612
sarek-feb-3~+00-19-00,17311.472411688035,179.93408696821612
sarek-feb-3~+00-20-00,18888.998860819338,179.93408696821612
sarek-feb-3~+00-21-00,20065.563081968256,179.93408696821612
sarek-feb-3~+00-22-00,20679.177214011735,179.93408696821612
sarek-feb-3~+00-23-00,20835.338085266187,179.93408696821612
sarek-feb-3~+01-00-00,20848.313846598947,179.93408696821612
