trace,op_ems,emb_ems
sarek-feb-1,20962.313786305738,180.2085610425426
sarek-feb-1~+00-01-00,20960.895007599825,180.2085610425426
sarek-feb-1~+00-02-00,20939.587248944932,180.2085610425426
sarek-feb-1~+00-03-00,20919.604903387553,180.2085610425426
sarek-feb-1~+00-04-00,20902.78018566691,180.2085610425426
sarek-feb-1~+00-05-00,20882.527869147874,180.2085610425426
sarek-feb-1~+00-06-00,20868.627579930435,180.2085610425426
sarek-feb-1~+00-07-00,20868.80795145732,180.2085610425426
sarek-feb-1~+00-08-00,20892.316095829046,180.2085610425426
sarek-feb-1~+00-09-00,20668.42086352298,180.2085610425426
sarek-feb-1~+00-10-00,19806.4208263067,180.2085610425426
sarek-feb-1~+00-11-00,18391.13397614741,180.2085610425426
sarek-feb-1~+00-12-00,16629.44372298254,180.2085610425426
sarek-feb-1~+00-13-00,14820.718285443145,180.2085610425426
sarek-feb-1~+00-14-00,13291.52066432359,180.2085610425426
sarek-feb-1~+00-15-00,12492.51670331277,180.2085610425426
sarek-feb-1~+00-16-00,12547.848063924312,180.2085610425426
sarek-feb-1~+00-17-00,13545.18328319329,180.2085610425426
sarek-feb-1~+00-18-00,15364.29622785635,180.2085610425426
sarek-feb-1~+00-19-00,17342.23044253502,180.2085610425426
sarek-feb-1~+00-20-00,18936.690325016076,180.2085610425426
sarek-feb-1~+00-21-00,20086.616337548334,180.2085610425426
sarek-feb-1~+00-22-00,20708.197986662224,180.2085610425426
sarek-feb-1~+00-23-00,20865.66934703909,180.2085610425426
sarek-feb-1~+01-00-00,20872.816358732667,180.2085610425426
