trace,op_ems,emb_ems
montage-sep-3,423.7175611370163,3.9090470464800857
montage-sep-3~+00-01-00,428.7869467593264,3.9090470464800857
montage-sep-3~+00-02-00,427.95617787807777,3.9090470464800857
montage-sep-3~+00-03-00,426.56591158700974,3.9090470464800857
montage-sep-3~+00-04-00,425.0061006262988,3.9090470464800857
montage-sep-3~+00-05-00,424.6500568200498,3.9090470464800857
montage-sep-3~+00-06-00,424.67548852049623,3.9090470464800857
montage-sep-3~+00-07-00,424.94675999192435,3.9090470464800857
montage-sep-3~+00-08-00,423.6158343352302,3.9090470464800857
montage-sep-3~+00-09-00,422.1238412423764,3.9090470464800857
montage-sep-3~+00-10-00,422.04754614103734,3.9090470464800857
montage-sep-3~+00-11-00,422.0899323084482,3.9090470464800857
montage-sep-3~+00-12-00,421.4880487312175,3.9090470464800857
montage-sep-3~+00-13-00,399.6761269817116,3.9090470464800857
montage-sep-3~+00-14-00,363.41052214518425,3.9090470464800857
montage-sep-3~+00-15-00,338.6739548443458,3.9090470464800857
montage-sep-3~+00-16-00,324.63565619794804,3.9090470464800857
montage-sep-3~+00-17-00,313.61525267118634,3.9090470464800857
montage-sep-3~+00-18-00,308.6730255511079,3.9090470464800857
montage-sep-3~+00-19-00,307.1216918238794,3.9090470464800857
montage-sep-3~+00-20-00,324.4406798278592,3.9090470464800857
montage-sep-3~+00-21-00,346.37128284611464,3.9090470464800857
montage-sep-3~+00-22-00,374.04945016525016,3.9090470464800857
montage-sep-3~+00-23-00,404.2029696611659,3.9090470464800857
montage-sep-3~+01-00-00,424.86198765710293,3.9090470464800857
