trace,op_ems,emb_ems
montage-oct-2,479.45096388269906,4.417620969401983
montage-oct-2~+00-01-00,478.5515208786284,4.417620969401983
montage-oct-2~+00-02-00,476.83875175385543,4.417620969401983
montage-oct-2~+00-03-00,476.3029133684513,4.417620969401983
montage-oct-2~+00-04-00,474.73367238262557,4.417620969401983
montage-oct-2~+00-05-00,474.0160316878885,4.417620969401983
montage-oct-2~+00-06-00,473.14529431160724,4.417620969401983
montage-oct-2~+00-07-00,471.4707993572203,4.417620969401983
montage-oct-2~+00-08-00,470.10249776592104,4.417620969401983
montage-oct-2~+00-09-00,469.7388931472544,4.417620969401983
montage-oct-2~+00-10-00,471.46123081462366,4.417620969401983
montage-oct-2~+00-11-00,473.21227410978264,4.417620969401983
montage-oct-2~+00-12-00,473.78638666557265,4.417620969401983
montage-oct-2~+00-13-00,463.4236550335656,4.417620969401983
montage-oct-2~+00-14-00,427.33111235957733,4.417620969401983
montage-oct-2~+00-15-00,402.3380790975259,4.417620969401983
montage-oct-2~+00-16-00,394.7023821055208,4.417620969401983
montage-oct-2~+00-17-00,388.856002579061,4.417620969401983
montage-oct-2~+00-18-00,388.23404731028853,4.417620969401983
montage-oct-2~+00-19-00,399.8981007354189,4.417620969401983
montage-oct-2~+00-20-00,413.90644709669147,4.417620969401983
montage-oct-2~+00-21-00,426.12547599241844,4.417620969401983
montage-oct-2~+00-22-00,455.41478488029725,4.417620969401983
montage-oct-2~+00-23-00,476.1689537721005,4.417620969401983
montage-oct-2~+01-00-00,480.39824959975243,4.417620969401983
