trace,op_ems,emb_ems
rnaseq-oct-2,7963.6542010863195,61.38903864146787
rnaseq-oct-2~+00-01-00,7962.140358981211,61.38903864146787
rnaseq-oct-2~+00-02-00,7961.285057197265,61.38903864146787
rnaseq-oct-2~+00-03-00,7960.5889027276735,61.38903864146787
rnaseq-oct-2~+00-04-00,7959.287691100159,61.38903864146787
rnaseq-oct-2~+00-05-00,7958.874069121248,61.38903864146787
rnaseq-oct-2~+00-06-00,7959.124916455556,61.38903864146787
rnaseq-oct-2~+00-07-00,7959.073932023309,61.38903864146787
rnaseq-oct-2~+00-08-00,7958.824866411487,61.38903864146787
rnaseq-oct-2~+00-09-00,7958.83491038817,61.38903864146787
rnaseq-oct-2~+00-10-00,7959.020356604215,61.38903864146787
rnaseq-oct-2~+00-11-00,7959.443215468113,61.38903864146787
rnaseq-oct-2~+00-12-00,7959.429765788606,61.38903864146787
rnaseq-oct-2~+00-13-00,7959.498745747006,61.38903864146787
rnaseq-oct-2~+00-14-00,7960.478867109781,61.38903864146787
rnaseq-oct-2~+00-15-00,7962.569517601359,61.38903864146787
rnaseq-oct-2~+00-16-00,7964.50840994894,61.38903864146787
rnaseq-oct-2~+00-17-00,7965.815022367851,61.38903864146787
rnaseq-oct-2~+00-18-00,7965.919927386381,61.38903864146787
rnaseq-oct-2~+00-19-00,7966.946942701067,61.38903864146787
rnaseq-oct-2~+00-20-00,7967.448151990879,61.38903864146787
rnaseq-oct-2~+00-21-00,7966.570442569427,61.38903864146787
rnaseq-oct-2~+00-22-00,7965.6331732324015,61.38903864146787
rnaseq-oct-2~+00-23-00,7965.072827334525,61.38903864146787
rnaseq-oct-2~+01-00-00,7963.4920742839,61.38903864146787
