trace,op_ems,emb_ems
mag-oct-3,17670.454228053004,170.67367805536568
mag-oct-3~+00-01-00,17669.599370185897,170.67367805536568
mag-oct-3~+00-02-00,17669.1079677924,170.67367805536568
mag-oct-3~+00-03-00,17669.221395584238,170.67367805536568
mag-oct-3~+00-04-00,17669.312270398328,170.67367805536568
mag-oct-3~+00-05-00,17670.25980157891,170.67367805536568
mag-oct-3~+00-06-00,17672.448163265675,170.67367805536568
mag-oct-3~+00-07-00,17674.10083074882,170.67367805536568
mag-oct-3~+00-08-00,17675.34264767622,170.67367805536568
mag-oct-3~+00-09-00,17676.994885506305,170.67367805536568
mag-oct-3~+00-10-00,17677.516924542735,170.67367805536568
mag-oct-3~+00-11-00,17678.702590112072,170.67367805536568
mag-oct-3~+00-12-00,17679.644678798177,170.67367805536568
mag-oct-3~+00-13-00,17679.813482284855,170.67367805536568
mag-oct-3~+00-14-00,17679.477285220943,170.67367805536568
mag-oct-3~+00-15-00,17679.74628924437,170.67367805536568
mag-oct-3~+00-16-00,17679.48631835634,170.67367805536568
mag-oct-3~+00-17-00,17678.7091806596,170.67367805536568
mag-oct-3~+00-18-00,17677.233326178302,170.67367805536568
mag-oct-3~+00-19-00,17676.29524388997,170.67367805536568
mag-oct-3~+00-20-00,17674.99308946561,170.67367805536568
mag-oct-3~+00-21-00,17673.763724303895,170.67367805536568
mag-oct-3~+00-22-00,17672.665068617174,170.67367805536568
mag-oct-3~+00-23-00,17671.714718813924,170.67367805536568
mag-oct-3~+01-00-00,17670.69119053716,170.67367805536568
