trace,op_ems,emb_ems
chipseq-mar-2,12890.91066502888,98.55920482780722
chipseq-mar-2~+00-01-00,12890.91066502888,98.55920482780722
chipseq-mar-2~+00-02-00,12890.405847822069,98.55920482780722
chipseq-mar-2~+00-03-00,12888.27987227439,98.55920482780722
chipseq-mar-2~+00-04-00,12882.39972914381,98.55920482780722
chipseq-mar-2~+00-05-00,12880.674772511386,98.55920482780722
chipseq-mar-2~+00-06-00,12880.004649237808,98.55920482780722
chipseq-mar-2~+00-07-00,12880.004649237808,98.55920482780722
chipseq-mar-2~+00-08-00,12880.004649237808,98.55920482780722
chipseq-mar-2~+00-09-00,12880.342947005896,98.55920482780722
chipseq-mar-2~+00-10-00,12882.370718179267,98.55920482780722
chipseq-mar-2~+00-11-00,12888.307589214492,98.55920482780722
chipseq-mar-2~+00-12-00,12891.390600608353,98.55920482780722
chipseq-mar-2~+00-13-00,12896.568080562922,98.55920482780722
chipseq-mar-2~+00-14-00,12897.67404084654,98.55920482780722
chipseq-mar-2~+00-15-00,12899.32439086664,98.55920482780722
chipseq-mar-2~+00-16-00,12899.01755038175,98.55920482780722
chipseq-mar-2~+00-17-00,12896.611628848945,98.55920482780722
chipseq-mar-2~+00-18-00,12899.864607632117,98.55920482780722
chipseq-mar-2~+00-19-00,12900.713083027156,98.55920482780722
chipseq-mar-2~+00-20-00,12898.32971405719,98.55920482780722
chipseq-mar-2~+00-21-00,12893.12466208616,98.55920482780722
chipseq-mar-2~+00-22-00,12892.348744607332,98.55920482780722
chipseq-mar-2~+00-23-00,12894.678145064325,98.55920482780722
chipseq-mar-2~+01-00-00,12896.393361890958,98.55920482780722
