trace,op_ems,emb_ems
rangeland-feb-1,5563.9153116810285,56.24585137653058
rangeland-feb-1~+00-01-00,5560.861646568102,56.24585137653058
rangeland-feb-1~+00-02-00,5556.614401588492,56.24585137653058
rangeland-feb-1~+00-03-00,5552.6955488699305,56.24585137653058
rangeland-feb-1~+00-04-00,5549.730710708343,56.24585137653058
rangeland-feb-1~+00-05-00,5546.821457114513,56.24585137653058
rangeland-feb-1~+00-06-00,5548.585507870606,56.24585137653058
rangeland-feb-1~+00-07-00,5502.041442919256,56.24585137653058
rangeland-feb-1~+00-08-00,5344.030992116155,56.24585137653058
rangeland-feb-1~+00-09-00,5098.906624538576,56.24585137653058
rangeland-feb-1~+00-10-00,4787.4237130490055,56.24585137653058
rangeland-feb-1~+00-11-00,4452.195853754882,56.24585137653058
rangeland-feb-1~+00-12-00,4103.967675389126,56.24585137653058
rangeland-feb-1~+00-13-00,3801.95289397633,56.24585137653058
rangeland-feb-1~+00-14-00,3604.0623581297314,56.24585137653058
rangeland-feb-1~+00-15-00,3610.650106059351,56.24585137653058
rangeland-feb-1~+00-16-00,3818.975053183731,56.24585137653058
rangeland-feb-1~+00-17-00,4120.81357395996,56.24585137653058
rangeland-feb-1~+00-18-00,4444.26716358642,56.24585137653058
rangeland-feb-1~+00-19-00,4783.917171614881,56.24585137653058
rangeland-feb-1~+00-20-00,5093.22461648015,56.24585137653058
rangeland-feb-1~+00-21-00,5342.634427004873,56.24585137653058
rangeland-feb-1~+00-22-00,5496.734892395387,56.24585137653058
rangeland-feb-1~+00-23-00,5542.997845897739,56.24585137653058
rangeland-feb-1~+01-00-00,5540.208547577865,56.24585137653058
