trace,op_ems,emb_ems
mag-nov-1,16552.844951374896,170.94595497756436
mag-nov-1~+00-01-00,16439.983326319067,170.94595497756436
mag-nov-1~+00-02-00,16084.366558227184,170.94595497756436
mag-nov-1~+00-03-00,15506.115445530317,170.94595497756436
mag-nov-1~+00-04-00,14805.740759797412,170.94595497756436
mag-nov-1~+00-05-00,14135.09562058726,170.94595497756436
mag-nov-1~+00-06-00,13645.856728948767,170.94595497756436
mag-nov-1~+00-07-00,13381.221422912926,170.94595497756436
mag-nov-1~+00-08-00,13313.095467410103,170.94595497756436
mag-nov-1~+00-09-00,13353.816241252696,170.94595497756436
mag-nov-1~+00-10-00,13520.783406421966,170.94595497756436
mag-nov-1~+00-11-00,13743.676397771982,170.94595497756436
mag-nov-1~+00-12-00,13820.420984797607,170.94595497756436
mag-nov-1~+00-13-00,13825.054110026755,170.94595497756436
mag-nov-1~+00-14-00,13891.364531572977,170.94595497756436
mag-nov-1~+00-15-00,14141.159211726235,170.94595497756436
mag-nov-1~+00-16-00,14560.491454028026,170.94595497756436
mag-nov-1~+00-17-00,15037.936121776083,170.94595497756436
mag-nov-1~+00-18-00,15526.01784931379,170.94595497756436
mag-nov-1~+00-19-00,15913.45495709563,170.94595497756436
mag-nov-1~+00-20-00,16197.225244479252,170.94595497756436
mag-nov-1~+00-21-00,16372.828357927547,170.94595497756436
mag-nov-1~+00-22-00,16423.31189609353,170.94595497756436
mag-nov-1~+00-23-00,16425.215007244722,170.94595497756436
mag-nov-1~+01-00-00,16420.771063359454,170.94595497756436
