trace,op_ems,emb_ems
rnaseq-sep-2,7968.597191577455,61.38903864146787
rnaseq-sep-2~+00-01-00,7969.650533551666,61.38903864146787
rnaseq-sep-2~+00-02-00,7968.62621855817,61.38903864146787
rnaseq-sep-2~+00-03-00,7966.913103064361,61.38903864146787
rnaseq-sep-2~+00-04-00,7966.702164822067,61.38903864146787
rnaseq-sep-2~+00-05-00,7964.795445671685,61.38903864146787
rnaseq-sep-2~+00-06-00,7961.886021347433,61.38903864146787
rnaseq-sep-2~+00-07-00,7960.172905853611,61.38903864146787
rnaseq-sep-2~+00-08-00,7960.172905853611,61.38903864146787
rnaseq-sep-2~+00-09-00,7960.172905853611,61.38903864146787
rnaseq-sep-2~+00-10-00,7960.172905853611,61.38903864146787
rnaseq-sep-2~+00-11-00,7960.178766057314,61.38903864146787
rnaseq-sep-2~+00-12-00,7961.552360073428,61.38903864146787
rnaseq-sep-2~+00-13-00,7964.88788101904,61.38903864146787
rnaseq-sep-2~+00-14-00,7968.189084186518,61.38903864146787
rnaseq-sep-2~+00-15-00,7969.063112558467,61.38903864146787
rnaseq-sep-2~+00-16-00,7969.232160082488,61.38903864146787
rnaseq-sep-2~+00-17-00,7969.609181948652,61.38903864146787
rnaseq-sep-2~+00-18-00,7969.609181948652,61.38903864146787
rnaseq-sep-2~+00-19-00,7969.609181948652,61.38903864146787
rnaseq-sep-2~+00-20-00,7969.609181948652,61.38903864146787
rnaseq-sep-2~+00-21-00,7969.6070899387,61.38903864146787
rnaseq-sep-2~+00-22-00,7969.306207493966,61.38903864146787
rnaseq-sep-2~+00-23-00,7968.823016001767,61.38903864146787
rnaseq-sep-2~+01-00-00,7969.022239007444,61.38903864146787
