trace,op_ems,emb_ems
sarek-feb-1,23200.633456558007,185.156829608021
sarek-feb-1~+00-01-00,23199.115081193995,185.156829608021
sarek-feb-1~+00-02-00,23193.074719311182,185.156829608021
sarek-feb-1~+00-03-00,23189.538721793848,185.156829608021
sarek-feb-1~+00-04-00,23185.528241078937,185.156829608021
sarek-feb-1~+00-05-00,23182.750526326825,185.156829608021
sarek-feb-1~+00-06-00,23181.00517106147,185.156829608021
sarek-feb-1~+00-07-00,23182.045513144232,185.156829608021
sarek-feb-1~+00-08-00,23188.05002919739,185.156829608021
sarek-feb-1~+00-09-00,23191.899935511068,185.156829608021
sarek-feb-1~+00-10-00,23198.78806133094,185.156829608021
sarek-feb-1~+00-11-00,23207.27693930299,185.156829608021
sarek-feb-1~+00-12-00,23208.28730013068,185.156829608021
sarek-feb-1~+00-13-00,23207.20493021824,185.156829608021
sarek-feb-1~+00-14-00,23205.947994361068,185.156829608021
sarek-feb-1~+00-15-00,23203.442372081772,185.156829608021
sarek-feb-1~+00-16-00,23200.918614645383,185.156829608021
sarek-feb-1~+00-17-00,23200.633456558007,185.156829608021
sarek-feb-1~+00-18-00,23200.633456558007,185.156829608021
sarek-feb-1~+00-19-00,23200.633456558007,185.156829608021
sarek-feb-1~+00-20-00,23200.633456558007,185.156829608021
sarek-feb-1~+00-21-00,23200.633456558007,185.156829608021
sarek-feb-1~+00-22-00,23200.633456558007,185.156829608021
sarek-feb-1~+00-23-00,23200.633456558007,185.156829608021
sarek-feb-1~+01-00-00,23200.625185861976,185.156829608021
