trace,op_ems,emb_ems
montage-sep-2,478.2644646007337,4.417620969401983
montage-sep-2~+00-01-00,483.986453073439,4.417620969401983
montage-sep-2~+00-02-00,483.04873589898216,4.417620969401983
montage-sep-2~+00-03-00,481.47949491315654,4.417620969401983
montage-sep-2~+00-04-00,479.71888307540115,4.417620969401983
montage-sep-2~+00-05-00,479.3170042863484,4.417620969401983
montage-sep-2~+00-06-00,479.34570991413796,4.417620969401983
montage-sep-2~+00-07-00,479.65190327722536,4.417620969401983
montage-sep-2~+00-08-00,478.14964208957565,4.417620969401983
montage-sep-2~+00-09-00,476.46557859259184,4.417620969401983
montage-sep-2~+00-10-00,476.3794617092234,4.417620969401983
montage-sep-2~+00-11-00,476.4273044222061,4.417620969401983
montage-sep-2~+00-12-00,475.7479378978546,4.417620969401983
montage-sep-2~+00-13-00,451.12807779706657,4.417620969401983
montage-sep-2~+00-14-00,410.1938525692502,4.417620969401983
montage-sep-2~+00-15-00,382.2728452726709,4.417620969401983
montage-sep-2~+00-16-00,366.42733873287096,4.417620969401983
montage-sep-2~+00-17-00,353.98823335742424,4.417620969401983
montage-sep-2~+00-18-00,348.4097730236661,4.417620969401983
montage-sep-2~+00-19-00,346.6587297285074,4.417620969401983
montage-sep-2~+00-20-00,366.20726225315167,4.417620969401983
montage-sep-2~+00-21-00,390.9610819502903,4.417620969401983
montage-sep-2~+00-22-00,422.2023735278548,4.417620969401983
montage-sep-2~+00-23-00,456.23767954359647,4.417620969401983
montage-sep-2~+01-00-00,479.55621785126044,4.417620969401983
