trace,op_ems,emb_ems
montage-aug-2,465.7488108845148,4.417620969401983
montage-aug-2~+00-01-00,479.4222582549094,4.417620969401983
montage-aug-2~+00-02-00,479.55621785126044,4.417620969401983
montage-aug-2~+00-03-00,478.5132467082424,4.417620969401983
montage-aug-2~+00-04-00,477.1449451169436,4.417620969401983
montage-aug-2~+00-05-00,477.278904713294,4.417620969401983
montage-aug-2~+00-06-00,476.5134213055744,4.417620969401983
montage-aug-2~+00-07-00,475.19296242725784,4.417620969401983
montage-aug-2~+00-08-00,474.7241038400292,4.417620969401983
montage-aug-2~+00-09-00,474.49445881771356,4.417620969401983
montage-aug-2~+00-10-00,474.0256002304848,4.417620969401983
montage-aug-2~+00-11-00,474.5231644455032,4.417620969401983
montage-aug-2~+00-12-00,469.6145020934996,4.417620969401983
montage-aug-2~+00-13-00,443.3201470383246,4.417620969401983
montage-aug-2~+00-14-00,408.8733936909339,4.417620969401983
montage-aug-2~+00-15-00,386.0141454279013,4.417620969401983
montage-aug-2~+00-16-00,367.25023339616973,4.417620969401983
montage-aug-2~+00-17-00,358.1505493869009,4.417620969401983
montage-aug-2~+00-18-00,349.92160275391285,4.417620969401983
montage-aug-2~+00-19-00,346.467358876577,4.417620969401983
montage-aug-2~+00-20-00,362.59992169427187,4.417620969401983
montage-aug-2~+00-21-00,380.8949751387751,4.417620969401983
montage-aug-2~+00-22-00,404.7971945448258,4.417620969401983
montage-aug-2~+00-23-00,442.07623650078006,4.417620969401983
montage-aug-2~+01-00-00,467.02142704984874,4.417620969401983
