trace,op_ems,emb_ems
rangeland-dec-3,6004.131409462172,56.305479409080235
rangeland-dec-3~+00-01-00,6003.378566457256,56.305479409080235
rangeland-dec-3~+00-02-00,6002.7233648637775,56.305479409080235
rangeland-dec-3~+00-03-00,6001.758846096086,56.305479409080235
rangeland-dec-3~+00-04-00,6001.236649884477,56.305479409080235
rangeland-dec-3~+00-05-00,6000.912975673601,56.305479409080235
rangeland-dec-3~+00-06-00,6001.158782925988,56.305479409080235
rangeland-dec-3~+00-07-00,6001.790895370482,56.305479409080235
rangeland-dec-3~+00-08-00,6002.6376869659725,56.305479409080235
rangeland-dec-3~+00-09-00,6003.559802000417,56.305479409080235
rangeland-dec-3~+00-10-00,6004.39073847363,56.305479409080235
rangeland-dec-3~+00-11-00,6005.222091027879,56.305479409080235
rangeland-dec-3~+00-12-00,6005.681057837353,56.305479409080235
rangeland-dec-3~+00-13-00,6006.042566514778,56.305479409080235
rangeland-dec-3~+00-14-00,6005.9780323026225,56.305479409080235
rangeland-dec-3~+00-15-00,6005.826371565816,56.305479409080235
rangeland-dec-3~+00-16-00,6005.745337997065,56.305479409080235
rangeland-dec-3~+00-17-00,6005.70531693485,56.305479409080235
rangeland-dec-3~+00-18-00,6005.539195290211,56.305479409080235
rangeland-dec-3~+00-19-00,6005.511118055684,56.305479409080235
rangeland-dec-3~+00-20-00,6006.0719144573,56.305479409080235
rangeland-dec-3~+00-21-00,6005.885812971071,56.305479409080235
rangeland-dec-3~+00-22-00,6005.313691925721,56.305479409080235
rangeland-dec-3~+00-23-00,6005.133676345071,56.305479409080235
rangeland-dec-3~+01-00-00,6004.522811926094,56.305479409080235
