trace,op_ems,emb_ems
montage-jan-2,603.4454340003849,5.193707012193583
montage-jan-2~+00-01-00,603.4454340003849,5.193707012193583
montage-jan-2~+00-02-00,603.4454340003849,5.193707012193583
montage-jan-2~+00-03-00,603.4454340003849,5.193707012193583
montage-jan-2~+00-04-00,603.4454340003849,5.193707012193583
montage-jan-2~+00-05-00,603.4454340003849,5.193707012193583
montage-jan-2~+00-06-00,602.9349048684041,5.193707012193583
montage-jan-2~+00-07-00,602.9349048684041,5.193707012193583
montage-jan-2~+00-08-00,602.9349048684041,5.193707012193583
montage-jan-2~+00-09-00,602.9349048684041,5.193707012193583
montage-jan-2~+00-10-00,602.9349048684041,5.193707012193583
montage-jan-2~+00-11-00,602.9349048684041,5.193707012193583
montage-jan-2~+00-12-00,603.4454340003849,5.193707012193583
montage-jan-2~+00-13-00,603.449988064864,5.193707012193583
montage-jan-2~+00-14-00,603.5929072283313,5.193707012193583
montage-jan-2~+00-15-00,603.4454340003849,5.193707012193583
montage-jan-2~+00-16-00,603.5723474949612,5.193707012193583
montage-jan-2~+00-17-00,603.955963132364,5.193707012193583
montage-jan-2~+00-18-00,603.4454340003849,5.193707012193583
montage-jan-2~+00-19-00,603.4454340003849,5.193707012193583
montage-jan-2~+00-20-00,603.4454340003849,5.193707012193583
montage-jan-2~+00-21-00,603.4454340003849,5.193707012193583
montage-jan-2~+00-22-00,603.4454340003849,5.193707012193583
montage-jan-2~+00-23-00,603.955963132364,5.193707012193583
montage-jan-2~+01-00-00,603.955963132364,5.193707012193583
