trace,op_ems,emb_ems
montage-jan-3,517.9971406568351,4.453398287575733
montage-jan-3~+00-01-00,517.9971406568351,4.453398287575733
montage-jan-3~+00-02-00,517.9971406568351,4.453398287575733
montage-jan-3~+00-03-00,517.9971406568351,4.453398287575733
montage-jan-3~+00-04-00,517.9971406568351,4.453398287575733
montage-jan-3~+00-05-00,517.9971406568351,4.453398287575733
montage-jan-3~+00-06-00,517.5589028051793,4.453398287575733
montage-jan-3~+00-07-00,517.5589028051793,4.453398287575733
montage-jan-3~+00-08-00,517.5589028051793,4.453398287575733
montage-jan-3~+00-09-00,517.5589028051793,4.453398287575733
montage-jan-3~+00-10-00,517.5589028051793,4.453398287575733
montage-jan-3~+00-11-00,517.5589028051793,4.453398287575733
montage-jan-3~+00-12-00,517.9971406568351,4.453398287575733
montage-jan-3~+00-13-00,518.0030557066711,4.453398287575733
montage-jan-3~+00-14-00,518.1248879680251,4.453398287575733
montage-jan-3~+00-15-00,517.9971406568351,4.453398287575733
montage-jan-3~+00-16-00,518.1179173856112,4.453398287575733
montage-jan-3~+00-17-00,518.4353785084909,4.453398287575733
montage-jan-3~+00-18-00,517.9971406568351,4.453398287575733
montage-jan-3~+00-19-00,517.9971406568351,4.453398287575733
montage-jan-3~+00-20-00,517.9971406568351,4.453398287575733
montage-jan-3~+00-21-00,517.9971406568351,4.453398287575733
montage-jan-3~+00-22-00,517.9971406568351,4.453398287575733
montage-jan-3~+00-23-00,518.4353785084909,4.453398287575733
montage-jan-3~+01-00-00,518.4353785084909,4.453398287575733
