trace,op_ems,emb_ems
chipseq-apr-3,13062.365841681543,100.15869459141447
chipseq-apr-3~+00-01-00,13061.87191896683,100.15869459141447
chipseq-apr-3~+00-02-00,13061.542756691508,100.15869459141447
chipseq-apr-3~+00-03-00,13061.542756691508,100.15869459141447
chipseq-apr-3~+00-04-00,13061.542756691508,100.15869459141447
chipseq-apr-3~+00-05-00,13061.542756691508,100.15869459141447
chipseq-apr-3~+00-06-00,13061.542756691508,100.15869459141447
chipseq-apr-3~+00-07-00,13061.542756691508,100.15869459141447
chipseq-apr-3~+00-08-00,13061.542756691508,100.15869459141447
chipseq-apr-3~+00-09-00,13061.542756691508,100.15869459141447
chipseq-apr-3~+00-10-00,13061.542756691508,100.15869459141447
chipseq-apr-3~+00-11-00,13061.542756691508,100.15869459141447
chipseq-apr-3~+00-12-00,13061.542756691508,100.15869459141447
chipseq-apr-3~+00-13-00,13062.595010759083,100.15869459141447
chipseq-apr-3~+00-14-00,13065.64755164606,100.15869459141447
chipseq-apr-3~+00-15-00,13070.50646499426,100.15869459141447
chipseq-apr-3~+00-16-00,13072.370607737836,100.15869459141447
chipseq-apr-3~+00-17-00,13071.57380381984,100.15869459141447
chipseq-apr-3~+00-18-00,13069.4311712876,100.15869459141447
chipseq-apr-3~+00-19-00,13071.657237934456,100.15869459141447
chipseq-apr-3~+00-20-00,13072.6024880689,100.15869459141447
chipseq-apr-3~+00-21-00,13072.6024880689,100.15869459141447
chipseq-apr-3~+00-22-00,13072.6024880689,100.15869459141447
chipseq-apr-3~+00-23-00,13072.6024880689,100.15869459141447
chipseq-apr-3~+01-00-00,13072.370607737836,100.15869459141447
