trace,op_ems,emb_ems
chipseq-may-1,11586.403894869176,95.2845684694022
chipseq-may-1~+00-01-00,11652.429407317903,95.2845684694022
chipseq-may-1~+00-02-00,11677.216854743338,95.2845684694022
chipseq-may-1~+00-03-00,11673.528491108314,95.2845684694022
chipseq-may-1~+00-04-00,11654.111902582792,95.2845684694022
chipseq-may-1~+00-05-00,11615.605794555946,95.2845684694022
chipseq-may-1~+00-06-00,11583.030791162639,95.2845684694022
chipseq-may-1~+00-07-00,11576.820305154524,95.2845684694022
chipseq-may-1~+00-08-00,11570.099634387312,95.2845684694022
chipseq-may-1~+00-09-00,11512.861824906131,95.2845684694022
chipseq-may-1~+00-10-00,11382.116182844953,95.2845684694022
chipseq-may-1~+00-11-00,11112.720833416612,95.2845684694022
chipseq-may-1~+00-12-00,10585.272864000348,95.2845684694022
chipseq-may-1~+00-13-00,9784.918327916104,95.2845684694022
chipseq-may-1~+00-14-00,8893.12165070746,95.2845684694022
chipseq-may-1~+00-15-00,8114.306164364413,95.2845684694022
chipseq-may-1~+00-16-00,7572.322883261351,95.2845684694022
chipseq-may-1~+00-17-00,7352.803801645127,95.2845684694022
chipseq-may-1~+00-18-00,7537.96032599825,95.2845684694022
chipseq-may-1~+00-19-00,8124.646778962438,95.2845684694022
chipseq-may-1~+00-20-00,9028.180248706021,95.2845684694022
chipseq-may-1~+00-21-00,10040.027857479185,95.2845684694022
chipseq-may-1~+00-22-00,10892.635463370578,95.2845684694022
chipseq-may-1~+00-23-00,11398.761497004578,95.2845684694022
chipseq-may-1~+01-00-00,11609.45526829102,95.2845684694022
