trace,op_ems,emb_ems
rangeland-aug-3,6005.947805614344,56.305479409080235
rangeland-aug-3~+00-01-00,6005.260971833402,56.305479409080235
rangeland-aug-3~+00-02-00,6004.568386156443,56.305479409080235
rangeland-aug-3~+00-03-00,6003.875366067825,56.305479409080235
rangeland-aug-3~+00-04-00,6003.182558261684,56.305479409080235
rangeland-aug-3~+00-05-00,6002.489340699166,56.305479409080235
rangeland-aug-3~+00-06-00,6001.999060327652,56.305479409080235
rangeland-aug-3~+00-07-00,6001.999060327652,56.305479409080235
rangeland-aug-3~+00-08-00,6001.999060327652,56.305479409080235
rangeland-aug-3~+00-09-00,6003.0184360128615,56.305479409080235
rangeland-aug-3~+00-10-00,6003.703960126514,56.305479409080235
rangeland-aug-3~+00-11-00,6004.396351923141,56.305479409080235
rangeland-aug-3~+00-12-00,6005.0995987889455,56.305479409080235
rangeland-aug-3~+00-13-00,6006.296234074043,56.305479409080235
rangeland-aug-3~+00-14-00,6006.820509989223,56.305479409080235
rangeland-aug-3~+00-15-00,6007.427705763922,56.305479409080235
rangeland-aug-3~+00-16-00,6007.4275124293445,56.305479409080235
rangeland-aug-3~+00-17-00,6007.428017573356,56.305479409080235
rangeland-aug-3~+00-18-00,6007.427694143843,56.305479409080235
rangeland-aug-3~+00-19-00,6007.282659410755,56.305479409080235
rangeland-aug-3~+00-20-00,6007.08119331686,56.305479409080235
rangeland-aug-3~+00-21-00,6007.08119331686,56.305479409080235
rangeland-aug-3~+00-22-00,6007.08119331686,56.305479409080235
rangeland-aug-3~+00-23-00,6006.699594935209,56.305479409080235
rangeland-aug-3~+01-00-00,6005.721259909786,56.305479409080235
