trace,op_ems,emb_ems
sarek-jan-3,20969.850503874943,179.93408696821612
sarek-jan-3~+00-01-00,20966.078941545613,179.93408696821612
sarek-jan-3~+00-02-00,20938.529344483024,179.93408696821612
sarek-jan-3~+00-03-00,20936.466484272914,179.93408696821612
sarek-jan-3~+00-04-00,20920.07210264228,179.93408696821612
sarek-jan-3~+00-05-00,20920.88289581428,179.93408696821612
sarek-jan-3~+00-06-00,20917.27973062571,179.93408696821612
sarek-jan-3~+00-07-00,20930.10135019117,179.93408696821612
sarek-jan-3~+00-08-00,20957.147032554512,179.93408696821612
sarek-jan-3~+00-09-00,20867.91546274697,179.93408696821612
sarek-jan-3~+00-10-00,20305.512706695794,179.93408696821612
sarek-jan-3~+00-11-00,19375.43933150702,179.93408696821612
sarek-jan-3~+00-12-00,18040.03635192784,179.93408696821612
sarek-jan-3~+00-13-00,16650.308220537736,179.93408696821612
sarek-jan-3~+00-14-00,15417.07823032106,179.93408696821612
sarek-jan-3~+00-15-00,14934.170457592556,179.93408696821612
sarek-jan-3~+00-16-00,15172.305646387,179.93408696821612
sarek-jan-3~+00-17-00,16206.094445204037,179.93408696821612
sarek-jan-3~+00-18-00,17657.453460472483,179.93408696821612
sarek-jan-3~+00-19-00,18968.749874716133,179.93408696821612
sarek-jan-3~+00-20-00,20017.722767414216,179.93408696821612
sarek-jan-3~+00-21-00,20674.434416618777,179.93408696821612
sarek-jan-3~+00-22-00,20929.668413063933,179.93408696821612
sarek-jan-3~+00-23-00,20943.467456395254,179.93408696821612
sarek-jan-3~+01-00-00,20922.43440789545,179.93408696821612
