trace,op_ems,emb_ems
mag-jan-3,17678.549527826544,170.67367805536568
mag-jan-3~+00-01-00,17679.752591759985,170.67367805536568
mag-jan-3~+00-02-00,17680.867283020445,170.67367805536568
mag-jan-3~+00-03-00,17681.799423052264,170.67367805536568
mag-jan-3~+00-04-00,17682.15024479732,170.67367805536568
mag-jan-3~+00-05-00,17682.442750404785,170.67367805536568
mag-jan-3~+00-06-00,17682.703564542382,170.67367805536568
mag-jan-3~+00-07-00,17683.654589176236,170.67367805536568
mag-jan-3~+00-08-00,17685.223012612718,170.67367805536568
mag-jan-3~+00-09-00,17684.379508411126,170.67367805536568
mag-jan-3~+00-10-00,17685.792023797345,170.67367805536568
mag-jan-3~+00-11-00,17689.429762359585,170.67367805536568
mag-jan-3~+00-12-00,17691.747728862923,170.67367805536568
mag-jan-3~+00-13-00,17693.8734520871,170.67367805536568
mag-jan-3~+00-14-00,17694.128985911993,170.67367805536568
mag-jan-3~+00-15-00,17693.966279989505,170.67367805536568
mag-jan-3~+00-16-00,17692.37764564402,170.67367805536568
mag-jan-3~+00-17-00,17690.492731077473,170.67367805536568
mag-jan-3~+00-18-00,17688.93276423456,170.67367805536568
mag-jan-3~+00-19-00,17687.722843734155,170.67367805536568
mag-jan-3~+00-20-00,17686.372750780236,170.67367805536568
mag-jan-3~+00-21-00,17684.759518459643,170.67367805536568
mag-jan-3~+00-22-00,17683.462246173116,170.67367805536568
mag-jan-3~+00-23-00,17682.274244164226,170.67367805536568
mag-jan-3~+01-00-00,17682.5125127683,170.67367805536568
