trace,op_ems,emb_ems
sarek-aug-1,20955.536230484253,180.2085610425426
sarek-aug-1~+00-01-00,21022.23592957639,180.2085610425426
sarek-aug-1~+00-02-00,21015.505385040815,180.2085610425426
sarek-aug-1~+00-03-00,20992.10168592082,180.2085610425426
sarek-aug-1~+00-04-00,20959.663160462296,180.2085610425426
sarek-aug-1~+00-05-00,20923.546171195314,180.2085610425426
sarek-aug-1~+00-06-00,20884.23621566706,180.2085610425426
sarek-aug-1~+00-07-00,20849.083203482565,180.2085610425426
sarek-aug-1~+00-08-00,20772.862200088824,180.2085610425426
sarek-aug-1~+00-09-00,20394.25356234808,180.2085610425426
sarek-aug-1~+00-10-00,19640.735138022414,180.2085610425426
sarek-aug-1~+00-11-00,18619.743459059922,180.2085610425426
sarek-aug-1~+00-12-00,17456.232560273642,180.2085610425426
sarek-aug-1~+00-13-00,16315.616539585813,180.2085610425426
sarek-aug-1~+00-14-00,15445.726543805753,180.2085610425426
sarek-aug-1~+00-15-00,14946.044776402294,180.2085610425426
sarek-aug-1~+00-16-00,14845.003028329309,180.2085610425426
sarek-aug-1~+00-17-00,15153.951370534183,180.2085610425426
sarek-aug-1~+00-18-00,15853.507667362237,180.2085610425426
sarek-aug-1~+00-19-00,16920.071913977823,180.2085610425426
sarek-aug-1~+00-20-00,18175.10438829458,180.2085610425426
sarek-aug-1~+00-21-00,19334.598975469722,180.2085610425426
sarek-aug-1~+00-22-00,20202.32519688585,180.2085610425426
sarek-aug-1~+00-23-00,20753.05026272211,180.2085610425426
sarek-aug-1~+01-00-00,21001.540842271712,180.2085610425426
