trace,op_ems,emb_ems
rnaseq-jan-2,7966.913103064361,61.38903864146787
rnaseq-jan-2~+00-01-00,7966.913103064361,61.38903864146787
rnaseq-jan-2~+00-02-00,7966.913103064361,61.38903864146787
rnaseq-jan-2~+00-03-00,7966.895598189559,61.38903864146787
rnaseq-jan-2~+00-04-00,7965.215066426792,61.38903864146787
rnaseq-jan-2~+00-05-00,7962.229327549294,61.38903864146787
rnaseq-jan-2~+00-06-00,7960.172905853611,61.38903864146787
rnaseq-jan-2~+00-07-00,7960.172905853611,61.38903864146787
rnaseq-jan-2~+00-08-00,7960.172905853611,61.38903864146787
rnaseq-jan-2~+00-09-00,7960.466778987974,61.38903864146787
rnaseq-jan-2~+00-10-00,7962.541568332127,61.38903864146787
rnaseq-jan-2~+00-11-00,7966.1264924752195,61.38903864146787
rnaseq-jan-2~+00-12-00,7968.943763803367,61.38903864146787
rnaseq-jan-2~+00-13-00,7968.32620925541,61.38903864146787
rnaseq-jan-2~+00-14-00,7968.393738921391,61.38903864146787
rnaseq-jan-2~+00-15-00,7970.778797127109,61.38903864146787
rnaseq-jan-2~+00-16-00,7970.862608417282,61.38903864146787
rnaseq-jan-2~+00-17-00,7968.453443102431,61.38903864146787
rnaseq-jan-2~+00-18-00,7966.913103064361,61.38903864146787
rnaseq-jan-2~+00-19-00,7966.913103064361,61.38903864146787
rnaseq-jan-2~+00-20-00,7967.285840045268,61.38903864146787
rnaseq-jan-2~+00-21-00,7969.631310748316,61.38903864146787
rnaseq-jan-2~+00-22-00,7972.298968009865,61.38903864146787
rnaseq-jan-2~+00-23-00,7973.653300275059,61.38903864146787
rnaseq-jan-2~+01-00-00,7973.647440071357,61.38903864146787
