trace,op_ems,emb_ems
rnaseq-dec-2,7965.478523106873,61.38903864146787
rnaseq-dec-2~+00-01-00,7965.882013204194,61.38903864146787
rnaseq-dec-2~+00-02-00,7964.260574950272,61.38903864146787
rnaseq-dec-2~+00-03-00,7962.183233576904,61.38903864146787
rnaseq-dec-2~+00-04-00,7960.848036130278,61.38903864146787
rnaseq-dec-2~+00-05-00,7959.527034191571,61.38903864146787
rnaseq-dec-2~+00-06-00,7958.454398194372,61.38903864146787
rnaseq-dec-2~+00-07-00,7958.150846690428,61.38903864146787
rnaseq-dec-2~+00-08-00,7958.150846690428,61.38903864146787
rnaseq-dec-2~+00-09-00,7958.295691247657,61.38903864146787
rnaseq-dec-2~+00-10-00,7959.33584645806,61.38903864146787
rnaseq-dec-2~+00-11-00,7961.5274403301355,61.38903864146787
rnaseq-dec-2~+00-12-00,7963.9975965523645,61.38903864146787
rnaseq-dec-2~+00-13-00,7965.4565157701345,61.38903864146787
rnaseq-dec-2~+00-14-00,7966.036174060327,61.38903864146787
rnaseq-dec-2~+00-15-00,7966.236991333292,61.38903864146787
rnaseq-dec-2~+00-16-00,7965.846282095708,61.38903864146787
rnaseq-dec-2~+00-17-00,7965.118306316751,61.38903864146787
rnaseq-dec-2~+00-18-00,7964.747053439039,61.38903864146787
rnaseq-dec-2~+00-19-00,7964.760650498034,61.38903864146787
rnaseq-dec-2~+00-20-00,7964.7088066977485,61.38903864146787
rnaseq-dec-2~+00-21-00,7964.984635641046,61.38903864146787
rnaseq-dec-2~+00-22-00,7965.160323273417,61.38903864146787
rnaseq-dec-2~+00-23-00,7964.899679879631,61.38903864146787
rnaseq-dec-2~+01-00-00,7965.457800098143,61.38903864146787
