trace,op_ems,emb_ems
montage-dec-1,516.0210950137097,4.6572801319491965
montage-dec-1~+00-01-00,515.5450986124522,4.6572801319491965
montage-dec-1~+00-02-00,515.5780886417981,4.6572801319491965
montage-dec-1~+00-03-00,515.6105304830637,4.6572801319491965
montage-dec-1~+00-04-00,515.1468552625549,4.6572801319491965
montage-dec-1~+00-05-00,514.4607461847474,4.6572801319491965
montage-dec-1~+00-06-00,513.3659566183695,4.6572801319491965
montage-dec-1~+00-07-00,512.7426644516578,4.6572801319491965
montage-dec-1~+00-08-00,512.4387548576269,4.6572801319491965
montage-dec-1~+00-09-00,512.306749341463,4.6572801319491965
montage-dec-1~+00-10-00,512.1158323289352,4.6572801319491965
montage-dec-1~+00-11-00,512.774147247343,4.6572801319491965
montage-dec-1~+00-12-00,513.9470553238019,4.6572801319491965
montage-dec-1~+00-13-00,505.50042403294816,4.6572801319491965
montage-dec-1~+00-14-00,476.99097112089885,4.6572801319491965
montage-dec-1~+00-15-00,430.4963466002205,4.6572801319491965
montage-dec-1~+00-16-00,381.2254397823834,4.6572801319491965
montage-dec-1~+00-17-00,354.48798398008796,4.6572801319491965
montage-dec-1~+00-18-00,349.84285346078343,4.6572801319491965
montage-dec-1~+00-19-00,387.0285785481299,4.6572801319491965
montage-dec-1~+00-20-00,429.4871776558278,4.6572801319491965
montage-dec-1~+00-21-00,476.97188781227743,4.6572801319491965
montage-dec-1~+00-22-00,510.77631137906906,4.6572801319491965
montage-dec-1~+00-23-00,514.7776397787969,4.6572801319491965
montage-dec-1~+01-00-00,514.4877753776215,4.6572801319491965
