trace,op_ems,emb_ems
sarek-nov-1,23192.37992758123,185.156829608021
sarek-nov-1~+00-01-00,23190.77757567093,185.156829608021
sarek-nov-1~+00-02-00,23186.589090921992,185.156829608021
sarek-nov-1~+00-03-00,23181.723301699145,185.156829608021
sarek-nov-1~+00-04-00,23178.737395998436,185.156829608021
sarek-nov-1~+00-05-00,23176.957928739703,185.156829608021
sarek-nov-1~+00-06-00,23175.692988425064,185.156829608021
sarek-nov-1~+00-07-00,23177.031204210543,185.156829608021
sarek-nov-1~+00-08-00,23179.487245866756,185.156829608021
sarek-nov-1~+00-09-00,23182.528553278033,185.156829608021
sarek-nov-1~+00-10-00,23188.67099429873,185.156829608021
sarek-nov-1~+00-11-00,23191.155410448202,185.156829608021
sarek-nov-1~+00-12-00,23193.315178473975,185.156829608021
sarek-nov-1~+00-13-00,23198.553037250033,185.156829608021
sarek-nov-1~+00-14-00,23197.990706454457,185.156829608021
sarek-nov-1~+00-15-00,23197.33343961631,185.156829608021
sarek-nov-1~+00-16-00,23197.915885580776,185.156829608021
sarek-nov-1~+00-17-00,23197.41688961384,185.156829608021
sarek-nov-1~+00-18-00,23198.68041740791,185.156829608021
sarek-nov-1~+00-19-00,23197.189222164012,185.156829608021
sarek-nov-1~+00-20-00,23196.14684550112,185.156829608021
sarek-nov-1~+00-21-00,23198.228465732584,185.156829608021
sarek-nov-1~+00-22-00,23197.078518986236,185.156829608021
sarek-nov-1~+00-23-00,23193.380054828853,185.156829608021
sarek-nov-1~+01-00-00,23191.55462314195,185.156829608021
