trace,op_ems,emb_ems
nanoseq-feb-2,177.68278407902037,2.2810001647780567
nanoseq-feb-2~+00-01-00,177.5876039021718,2.2810001647780567
nanoseq-feb-2~+00-02-00,177.4373133505086,2.2810001647780567
nanoseq-feb-2~+00-03-00,177.30812601445302,2.2810001647780567
nanoseq-feb-2~+00-04-00,177.13181622630628,2.2810001647780567
nanoseq-feb-2~+00-05-00,176.9569576101206,2.2810001647780567
nanoseq-feb-2~+00-06-00,176.88856745935516,2.2810001647780567
nanoseq-feb-2~+00-07-00,176.95940106736666,2.2810001647780567
nanoseq-feb-2~+00-08-00,176.25584338594427,2.2810001647780567
nanoseq-feb-2~+00-09-00,172.56224278350592,2.2810001647780567
nanoseq-feb-2~+00-10-00,164.62054123676185,2.2810001647780567
nanoseq-feb-2~+00-11-00,152.66659147688156,2.2810001647780567
nanoseq-feb-2~+00-12-00,137.71837650477812,2.2810001647780567
nanoseq-feb-2~+00-13-00,122.44267040845554,2.2810001647780567
nanoseq-feb-2~+00-14-00,111.0734831822554,2.2810001647780567
nanoseq-feb-2~+00-15-00,106.11303011157763,2.2810001647780567
nanoseq-feb-2~+00-16-00,108.70260507789588,2.2810001647780567
nanoseq-feb-2~+00-17-00,118.68185856249012,2.2810001647780567
nanoseq-feb-2~+00-18-00,133.74359357899044,2.2810001647780567
nanoseq-feb-2~+00-19-00,149.46154625645312,2.2810001647780567
nanoseq-feb-2~+00-20-00,163.05638200875285,2.2810001647780567
nanoseq-feb-2~+00-21-00,172.35393495086035,2.2810001647780567
nanoseq-feb-2~+00-22-00,176.23461692056122,2.2810001647780567
nanoseq-feb-2~+00-23-00,176.9168775897687,2.2810001647780567
nanoseq-feb-2~+01-00-00,176.9196047709504,2.2810001647780567
