trace,op_ems,emb_ems
rnaseq-sep-3,7530.003775623539,61.95465283773145
rnaseq-sep-3~+00-01-00,7537.194290856996,61.95465283773145
rnaseq-sep-3~+00-02-00,7513.31767154623,61.95465283773145
rnaseq-sep-3~+00-03-00,7497.034549950128,61.95465283773145
rnaseq-sep-3~+00-04-00,7492.216307733107,61.95465283773145
rnaseq-sep-3~+00-05-00,7483.784883429737,61.95465283773145
rnaseq-sep-3~+00-06-00,7469.459078371833,61.95465283773145
rnaseq-sep-3~+00-07-00,7454.284978633235,61.95465283773145
rnaseq-sep-3~+00-08-00,7445.081531292536,61.95465283773145
rnaseq-sep-3~+00-09-00,7441.38193144285,61.95465283773145
rnaseq-sep-3~+00-10-00,7439.785282317286,61.95465283773145
rnaseq-sep-3~+00-11-00,7349.8599167862685,61.95465283773145
rnaseq-sep-3~+00-12-00,7041.293865009767,61.95465283773145
rnaseq-sep-3~+00-13-00,6563.517191258642,61.95465283773145
rnaseq-sep-3~+00-14-00,6144.276866133774,61.95465283773145
rnaseq-sep-3~+00-15-00,5872.209831979981,61.95465283773145
rnaseq-sep-3~+00-16-00,5687.8805316858825,61.95465283773145
rnaseq-sep-3~+00-17-00,5571.788418092054,61.95465283773145
rnaseq-sep-3~+00-18-00,5588.78302844707,61.95465283773145
rnaseq-sep-3~+00-19-00,5763.167643053713,61.95465283773145
rnaseq-sep-3~+00-20-00,6098.622223161987,61.95465283773145
rnaseq-sep-3~+00-21-00,6533.598901643255,61.95465283773145
rnaseq-sep-3~+00-22-00,7004.10317374349,61.95465283773145
rnaseq-sep-3~+00-23-00,7366.192223597036,61.95465283773145
rnaseq-sep-3~+01-00-00,7527.474428638605,61.95465283773145
