trace,op_ems,emb_ems
rangeland-mar-2,5613.552049726994,56.10015765457453
rangeland-mar-2~+00-01-00,5614.178015653621,56.10015765457453
rangeland-mar-2~+00-02-00,5619.08464145816,56.10015765457453
rangeland-mar-2~+00-03-00,5625.830323851206,56.10015765457453
rangeland-mar-2~+00-04-00,5629.340664545745,56.10015765457453
rangeland-mar-2~+00-05-00,5631.2402446152255,56.10015765457453
rangeland-mar-2~+00-06-00,5625.791880308226,56.10015765457453
rangeland-mar-2~+00-07-00,5604.55323022911,56.10015765457453
rangeland-mar-2~+00-08-00,5571.592049516478,56.10015765457453
rangeland-mar-2~+00-09-00,5523.952768388058,56.10015765457453
rangeland-mar-2~+00-10-00,5449.483845319636,56.10015765457453
rangeland-mar-2~+00-11-00,5387.300762304826,56.10015765457453
rangeland-mar-2~+00-12-00,5319.391572395561,56.10015765457453
rangeland-mar-2~+00-13-00,5282.738432034758,56.10015765457453
rangeland-mar-2~+00-14-00,5285.605674593416,56.10015765457453
rangeland-mar-2~+00-15-00,5309.009743601971,56.10015765457453
rangeland-mar-2~+00-16-00,5352.381643037073,56.10015765457453
rangeland-mar-2~+00-17-00,5419.430436675775,56.10015765457453
rangeland-mar-2~+00-18-00,5484.117158523822,56.10015765457453
rangeland-mar-2~+00-19-00,5549.232745456169,56.10015765457453
rangeland-mar-2~+00-20-00,5591.793158334973,56.10015765457453
rangeland-mar-2~+00-21-00,5609.939306703699,56.10015765457453
rangeland-mar-2~+00-22-00,5614.6172730540575,56.10015765457453
rangeland-mar-2~+00-23-00,5613.070555689192,56.10015765457453
rangeland-mar-2~+01-00-00,5602.935059009505,56.10015765457453
