trace,op_ems,emb_ems
chipseq-aug-2,11360.052405896336,93.55153285104065
chipseq-aug-2~+00-01-00,11427.376595761818,93.55153285104065
chipseq-aug-2~+00-02-00,11414.013192142731,93.55153285104065
chipseq-aug-2~+00-03-00,11401.325169804952,93.55153285104065
chipseq-aug-2~+00-04-00,11396.633612053165,93.55153285104065
chipseq-aug-2~+00-05-00,11388.614830421995,93.55153285104065
chipseq-aug-2~+00-06-00,11364.55976272979,93.55153285104065
chipseq-aug-2~+00-07-00,11334.694387969985,93.55153285104065
chipseq-aug-2~+00-08-00,11312.578252320931,93.55153285104065
chipseq-aug-2~+00-09-00,11290.300969320808,93.55153285104065
chipseq-aug-2~+00-10-00,11190.312683220687,93.55153285104065
chipseq-aug-2~+00-11-00,10866.23304808305,93.55153285104065
chipseq-aug-2~+00-12-00,10243.324705476742,93.55153285104065
chipseq-aug-2~+00-13-00,9480.270617676339,93.55153285104065
chipseq-aug-2~+00-14-00,8794.554785013956,93.55153285104065
chipseq-aug-2~+00-15-00,8290.140247023855,93.55153285104065
chipseq-aug-2~+00-16-00,8000.243740949811,93.55153285104065
chipseq-aug-2~+00-17-00,7938.7733702279165,93.55153285104065
chipseq-aug-2~+00-18-00,8099.279715586275,93.55153285104065
chipseq-aug-2~+00-19-00,8473.81060977296,93.55153285104065
chipseq-aug-2~+00-20-00,9053.98016429502,93.55153285104065
chipseq-aug-2~+00-21-00,9788.612950219234,93.55153285104065
chipseq-aug-2~+00-22-00,10546.06176380822,93.55153285104065
chipseq-aug-2~+00-23-00,11118.736938317685,93.55153285104065
chipseq-aug-2~+01-00-00,11394.48824543358,93.55153285104065
