trace,op_ems,emb_ems
nanoseq-feb-1,175.06723665077638,2.2463699711004637
nanoseq-feb-1~+00-01-00,175.00847300030796,2.2463699711004637
nanoseq-feb-1~+00-02-00,174.87046939109558,2.2463699711004637
nanoseq-feb-1~+00-03-00,174.73333706964863,2.2463699711004637
nanoseq-feb-1~+00-04-00,174.57142945710837,2.2463699711004637
nanoseq-feb-1~+00-05-00,174.39097343869247,2.2463699711004637
nanoseq-feb-1~+00-06-00,174.29235762075572,2.2463699711004637
nanoseq-feb-1~+00-07-00,174.3231991241889,2.2463699711004637
nanoseq-feb-1~+00-08-00,173.94691395931375,2.2463699711004637
nanoseq-feb-1~+00-09-00,171.35210985821877,2.2463699711004637
nanoseq-feb-1~+00-10-00,164.758002600731,2.2463699711004637
nanoseq-feb-1~+00-11-00,153.897205786062,2.2463699711004637
nanoseq-feb-1~+00-12-00,139.60597851124405,2.2463699711004637
nanoseq-feb-1~+00-13-00,124.23022168408606,2.2463699711004637
nanoseq-feb-1~+00-14-00,111.67095911468932,2.2463699711004637
nanoseq-feb-1~+00-15-00,105.03313475056203,2.2463699711004637
nanoseq-feb-1~+00-16-00,105.61405843792846,2.2463699711004637
nanoseq-feb-1~+00-17-00,113.6498994654805,2.2463699711004637
nanoseq-feb-1~+00-18-00,127.58136288203085,2.2463699711004637
nanoseq-feb-1~+00-19-00,143.50039236989707,2.2463699711004637
nanoseq-feb-1~+00-20-00,157.77405648492194,2.2463699711004637
nanoseq-feb-1~+00-21-00,168.10857003448245,2.2463699711004637
nanoseq-feb-1~+00-22-00,173.1393029158112,2.2463699711004637
nanoseq-feb-1~+00-23-00,174.30176048546787,2.2463699711004637
nanoseq-feb-1~+01-00-00,174.31964451682958,2.2463699711004637
