trace,op_ems,emb_ems
mag-may-3,16382.145844599374,170.30505238040828
mag-may-3~+00-01-00,16317.872822531976,170.30505238040828
mag-may-3~+00-02-00,16125.2744196694,170.30505238040828
mag-may-3~+00-03-00,15775.690726780484,170.30505238040828
mag-may-3~+00-04-00,15289.51181644924,170.30505238040828
mag-may-3~+00-05-00,14699.642936615852,170.30505238040828
mag-may-3~+00-06-00,14104.225695190575,170.30505238040828
mag-may-3~+00-07-00,13591.90925956118,170.30505238040828
mag-may-3~+00-08-00,13228.978467330704,170.30505238040828
mag-may-3~+00-09-00,13023.704806473957,170.30505238040828
mag-may-3~+00-10-00,12971.48160629714,170.30505238040828
mag-may-3~+00-11-00,13092.97760929435,170.30505238040828
mag-may-3~+00-12-00,13309.896159930257,170.30505238040828
mag-may-3~+00-13-00,13487.986786597157,170.30505238040828
mag-may-3~+00-14-00,13632.781203371418,170.30505238040828
mag-may-3~+00-15-00,13775.61991740836,170.30505238040828
mag-may-3~+00-16-00,13978.09647076268,170.30505238040828
mag-may-3~+00-17-00,14298.8508921626,170.30505238040828
mag-may-3~+00-18-00,14712.437280674512,170.30505238040828
mag-may-3~+00-19-00,15170.59225575964,170.30505238040828
mag-may-3~+00-20-00,15604.345161148396,170.30505238040828
mag-may-3~+00-21-00,15969.518480138804,170.30505238040828
mag-may-3~+00-22-00,16252.468514451675,170.30505238040828
mag-may-3~+00-23-00,16394.100492046156,170.30505238040828
mag-may-3~+01-00-00,16410.846070771564,170.30505238040828
