trace,op_ems,emb_ems
chipseq-mar-1,11678.873105323555,95.2845684694022
chipseq-mar-1~+00-01-00,11674.47814909952,95.2845684694022
chipseq-mar-1~+00-02-00,11687.439215049739,95.2845684694022
chipseq-mar-1~+00-03-00,11701.60632303376,95.2845684694022
chipseq-mar-1~+00-04-00,11704.311302740663,95.2845684694022
chipseq-mar-1~+00-05-00,11705.968249087324,95.2845684694022
chipseq-mar-1~+00-06-00,11720.386725398334,95.2845684694022
chipseq-mar-1~+00-07-00,11740.28145472218,95.2845684694022
chipseq-mar-1~+00-08-00,11746.353363904038,95.2845684694022
chipseq-mar-1~+00-09-00,11732.980284906453,95.2845684694022
chipseq-mar-1~+00-10-00,11679.821023899349,95.2845684694022
chipseq-mar-1~+00-11-00,11562.202386155326,95.2845684694022
chipseq-mar-1~+00-12-00,11390.03519912109,95.2845684694022
chipseq-mar-1~+00-13-00,11185.52946434318,95.2845684694022
chipseq-mar-1~+00-14-00,10977.141637886592,95.2845684694022
chipseq-mar-1~+00-15-00,10817.89225569402,95.2845684694022
chipseq-mar-1~+00-16-00,10776.21945225007,95.2845684694022
chipseq-mar-1~+00-17-00,10887.399414550535,95.2845684694022
chipseq-mar-1~+00-18-00,11115.666892986279,95.2845684694022
chipseq-mar-1~+00-19-00,11381.2469460463,95.2845684694022
chipseq-mar-1~+00-20-00,11574.947143184942,95.2845684694022
chipseq-mar-1~+00-21-00,11685.54049607315,95.2845684694022
chipseq-mar-1~+00-22-00,11736.248809592053,95.2845684694022
chipseq-mar-1~+00-23-00,11738.434179673788,95.2845684694022
chipseq-mar-1~+01-00-00,11709.584271389396,95.2845684694022
