trace,op_ems,emb_ems
chipseq-jun-1,11640.850972264414,95.2845684694022
chipseq-jun-1~+00-01-00,11702.995252070255,95.2845684694022
chipseq-jun-1~+00-02-00,11711.516025612891,95.2845684694022
chipseq-jun-1~+00-03-00,11698.48466150923,95.2845684694022
chipseq-jun-1~+00-04-00,11684.774644816302,95.2845684694022
chipseq-jun-1~+00-05-00,11672.755359586494,95.2845684694022
chipseq-jun-1~+00-06-00,11668.853283961924,95.2845684694022
chipseq-jun-1~+00-07-00,11673.350298238318,95.2845684694022
chipseq-jun-1~+00-08-00,11663.40832367656,95.2845684694022
chipseq-jun-1~+00-09-00,11609.366121471026,95.2845684694022
chipseq-jun-1~+00-10-00,11483.34640901837,95.2845684694022
chipseq-jun-1~+00-11-00,11197.477770678353,95.2845684694022
chipseq-jun-1~+00-12-00,10648.444881621346,95.2845684694022
chipseq-jun-1~+00-13-00,9863.157780558146,95.2845684694022
chipseq-jun-1~+00-14-00,9022.74010771829,95.2845684694022
chipseq-jun-1~+00-15-00,8299.199612544999,95.2845684694022
chipseq-jun-1~+00-16-00,7801.269283185439,95.2845684694022
chipseq-jun-1~+00-17-00,7619.775870635505,95.2845684694022
chipseq-jun-1~+00-18-00,7832.137996824062,95.2845684694022
chipseq-jun-1~+00-19-00,8423.230608975035,95.2845684694022
chipseq-jun-1~+00-20-00,9293.217098401123,95.2845684694022
chipseq-jun-1~+00-21-00,10227.377125681787,95.2845684694022
chipseq-jun-1~+00-22-00,10988.69797595093,95.2845684694022
chipseq-jun-1~+00-23-00,11433.04846155727,95.2845684694022
chipseq-jun-1~+01-00-00,11612.818851973829,95.2845684694022
