trace,op_ems,emb_ems
nanoseq-nov-1,188.79958717204136,2.2493885276446886
nanoseq-nov-1~+00-01-00,188.7805244457738,2.2493885276446886
nanoseq-nov-1~+00-02-00,188.74391934126115,2.2493885276446886
nanoseq-nov-1~+00-03-00,188.70082276229832,2.2493885276446886
nanoseq-nov-1~+00-04-00,188.6816775799618,2.2493885276446886
nanoseq-nov-1~+00-05-00,188.6615887421271,2.2493885276446886
nanoseq-nov-1~+00-06-00,188.6543019946066,2.2493885276446886
nanoseq-nov-1~+00-07-00,188.6668685401601,2.2493885276446886
nanoseq-nov-1~+00-08-00,188.68409228275945,2.2493885276446886
nanoseq-nov-1~+00-09-00,188.71343511711376,2.2493885276446886
nanoseq-nov-1~+00-10-00,188.7527081115146,2.2493885276446886
nanoseq-nov-1~+00-11-00,188.78027543440786,2.2493885276446886
nanoseq-nov-1~+00-12-00,188.80800004671724,2.2493885276446886
nanoseq-nov-1~+00-13-00,188.83589294356858,2.2493885276446886
nanoseq-nov-1~+00-14-00,188.8372278141985,2.2493885276446886
nanoseq-nov-1~+00-15-00,188.83567679999027,2.2493885276446886
nanoseq-nov-1~+00-16-00,188.84185406876506,2.2493885276446886
nanoseq-nov-1~+00-17-00,188.83434857607563,2.2493885276446886
nanoseq-nov-1~+00-18-00,188.8319235215704,2.2493885276446886
nanoseq-nov-1~+00-19-00,188.8308525920099,2.2493885276446886
nanoseq-nov-1~+00-20-00,188.83261101069917,2.2493885276446886
nanoseq-nov-1~+00-21-00,188.83631472304734,2.2493885276446886
nanoseq-nov-1~+00-22-00,188.8178187053756,2.2493885276446886
nanoseq-nov-1~+00-23-00,188.80158553229552,2.2493885276446886
nanoseq-nov-1~+01-00-00,188.7875445629892,2.2493885276446886
