trace,op_ems,emb_ems
montage-sep-3,518.7994939599672,4.459453342142623
montage-sep-3~+00-01-00,518.7994939599672,4.459453342142623
montage-sep-3~+00-02-00,518.9750309229044,4.459453342142623
montage-sep-3~+00-03-00,518.7515550419713,4.459453342142623
montage-sep-3~+00-04-00,518.6039876180782,4.459453342142623
montage-sep-3~+00-05-00,518.6490514606021,4.459453342142623
montage-sep-3~+00-06-00,518.5331363615195,4.459453342142623
montage-sep-3~+00-07-00,518.3849961276577,4.459453342142623
montage-sep-3~+00-08-00,518.3505148594706,4.459453342142623
montage-sep-3~+00-09-00,518.1412303489537,4.459453342142623
montage-sep-3~+00-10-00,518.1412303489537,4.459453342142623
montage-sep-3~+00-11-00,518.1412303489537,4.459453342142623
montage-sep-3~+00-12-00,518.1412303489537,4.459453342142623
montage-sep-3~+00-13-00,518.3005989470943,4.459453342142623
montage-sep-3~+00-14-00,518.375180829859,4.459453342142623
montage-sep-3~+00-15-00,518.6052136845537,4.459453342142623
montage-sep-3~+00-16-00,518.847323683532,4.459453342142623
montage-sep-3~+00-17-00,518.82436943715,4.459453342142623
montage-sep-3~+00-18-00,518.8872624414356,4.459453342142623
montage-sep-3~+00-19-00,518.8872624414356,4.459453342142623
montage-sep-3~+00-20-00,518.8872624414356,4.459453342142623
montage-sep-3~+00-21-00,518.8872624414356,4.459453342142623
montage-sep-3~+00-22-00,518.8872624414356,4.459453342142623
montage-sep-3~+00-23-00,518.8872624414356,4.459453342142623
montage-sep-3~+01-00-00,518.8869969903606,4.459453342142623
