trace,op_ems,emb_ems
rangeland-aug-2,5994.062640018443,56.19540575328906
rangeland-aug-2~+00-01-00,5993.374647263963,56.19540575328906
rangeland-aug-2~+00-02-00,5992.682065938393,56.19540575328906
rangeland-aug-2~+00-03-00,5991.989737806946,56.19540575328906
rangeland-aug-2~+00-04-00,5991.296760353227,56.19540575328906
rangeland-aug-2~+00-05-00,5990.603619854605,56.19540575328906
rangeland-aug-2~+00-06-00,5990.115802724414,56.19540575328906
rangeland-aug-2~+00-07-00,5990.115802724414,56.19540575328906
rangeland-aug-2~+00-08-00,5990.115802724414,56.19540575328906
rangeland-aug-2~+00-09-00,5991.127061120488,56.19540575328906
rangeland-aug-2~+00-10-00,5991.8133309958275,56.19540575328906
rangeland-aug-2~+00-11-00,5992.5059431867585,56.19540575328906
rangeland-aug-2~+00-12-00,5993.208147479696,56.19540575328906
rangeland-aug-2~+00-13-00,5994.426798882907,56.19540575328906
rangeland-aug-2~+00-14-00,5994.929235310257,56.19540575328906
rangeland-aug-2~+00-15-00,5995.53440196622,56.19540575328906
rangeland-aug-2~+00-16-00,5995.534247349894,56.19540575328906
rangeland-aug-2~+00-17-00,5995.534304548608,56.19540575328906
rangeland-aug-2~+00-18-00,5995.534346646012,56.19540575328906
rangeland-aug-2~+00-19-00,5995.387056398203,56.19540575328906
rangeland-aug-2~+00-20-00,5995.1878736834915,56.19540575328906
rangeland-aug-2~+00-21-00,5995.1878736834915,56.19540575328906
rangeland-aug-2~+00-22-00,5995.1878736834915,56.19540575328906
rangeland-aug-2~+00-23-00,5994.834804400566,56.19540575328906
rangeland-aug-2~+01-00-00,5993.835062690928,56.19540575328906
