trace,op_ems,emb_ems
rnaseq-nov-3,7482.493764274225,61.95465283773145
rnaseq-nov-3~+00-01-00,7479.7784335337365,61.95465283773145
rnaseq-nov-3~+00-02-00,7480.480202904819,61.95465283773145
rnaseq-nov-3~+00-03-00,7480.69597889655,61.95465283773145
rnaseq-nov-3~+00-04-00,7481.484753491338,61.95465283773145
rnaseq-nov-3~+00-05-00,7477.7014711206475,61.95465283773145
rnaseq-nov-3~+00-06-00,7477.270674548204,61.95465283773145
rnaseq-nov-3~+00-07-00,7484.709429279965,61.95465283773145
rnaseq-nov-3~+00-08-00,7493.994505608777,61.95465283773145
rnaseq-nov-3~+00-09-00,7500.904117931754,61.95465283773145
rnaseq-nov-3~+00-10-00,7497.712847732747,61.95465283773145
rnaseq-nov-3~+00-11-00,7288.193180269761,61.95465283773145
rnaseq-nov-3~+00-12-00,6685.064524383856,61.95465283773145
rnaseq-nov-3~+00-13-00,5840.600486755901,61.95465283773145
rnaseq-nov-3~+00-14-00,5155.739272348372,61.95465283773145
rnaseq-nov-3~+00-15-00,4779.787670375399,61.95465283773145
rnaseq-nov-3~+00-16-00,4639.5035515350755,61.95465283773145
rnaseq-nov-3~+00-17-00,4768.401092097704,61.95465283773145
rnaseq-nov-3~+00-18-00,5223.153229512797,61.95465283773145
rnaseq-nov-3~+00-19-00,5953.874943824457,61.95465283773145
rnaseq-nov-3~+00-20-00,6709.883128413137,61.95465283773145
rnaseq-nov-3~+00-21-00,7262.275721327644,61.95465283773145
rnaseq-nov-3~+00-22-00,7485.484119846097,61.95465283773145
rnaseq-nov-3~+00-23-00,7493.713155885168,61.95465283773145
rnaseq-nov-3~+01-00-00,7480.110639851395,61.95465283773145
