trace,op_ems,emb_ems
rangeland-mar-1,5627.173077399158,56.24585137653058
rangeland-mar-1~+00-01-00,5627.856278641174,56.24585137653058
rangeland-mar-1~+00-02-00,5632.82229372356,56.24585137653058
rangeland-mar-1~+00-03-00,5639.588328181742,56.24585137653058
rangeland-mar-1~+00-04-00,5643.052317279253,56.24585137653058
rangeland-mar-1~+00-05-00,5644.935142296846,56.24585137653058
rangeland-mar-1~+00-06-00,5639.379848202406,56.24585137653058
rangeland-mar-1~+00-07-00,5617.773006114432,56.24585137653058
rangeland-mar-1~+00-08-00,5584.54104825101,56.24585137653058
rangeland-mar-1~+00-09-00,5536.604443212971,56.24585137653058
rangeland-mar-1~+00-10-00,5461.602049417094,56.24585137653058
rangeland-mar-1~+00-11-00,5399.530012634168,56.24585137653058
rangeland-mar-1~+00-12-00,5331.525867527902,56.24585137653058
rangeland-mar-1~+00-13-00,5295.447406248593,56.24585137653058
rangeland-mar-1~+00-14-00,5298.920678543137,56.24585137653058
rangeland-mar-1~+00-15-00,5322.672561230871,56.24585137653058
rangeland-mar-1~+00-16-00,5366.369329752796,56.24585137653058
rangeland-mar-1~+00-17-00,5433.493893433112,56.24585137653058
rangeland-mar-1~+00-18-00,5498.239421341561,56.24585137653058
rangeland-mar-1~+00-19-00,5563.221446499808,56.24585137653058
rangeland-mar-1~+00-20-00,5605.54984739942,56.24585137653058
rangeland-mar-1~+00-21-00,5623.572731998241,56.24585137653058
rangeland-mar-1~+00-22-00,5628.17644321722,56.24585137653058
rangeland-mar-1~+00-23-00,5626.642552869178,56.24585137653058
rangeland-mar-1~+01-00-00,5616.419063535046,56.24585137653058
