trace,op_ems,emb_ems
mag-jul-2,17695.19076579704,170.82096393261858
mag-jul-2~+00-01-00,17694.77067396632,170.82096393261858
mag-jul-2~+00-02-00,17694.343659526563,170.82096393261858
mag-jul-2~+00-03-00,17695.850160589627,170.82096393261858
mag-jul-2~+00-04-00,17697.233092795715,170.82096393261858
mag-jul-2~+00-05-00,17697.833138148202,170.82096393261858
mag-jul-2~+00-06-00,17697.69813754397,170.82096393261858
mag-jul-2~+00-07-00,17697.120302940297,170.82096393261858
mag-jul-2~+00-08-00,17698.735836020933,170.82096393261858
mag-jul-2~+00-09-00,17700.44173795146,170.82096393261858
mag-jul-2~+00-10-00,17701.96965515824,170.82096393261858
mag-jul-2~+00-11-00,17702.33373692834,170.82096393261858
mag-jul-2~+00-12-00,17703.13109750273,170.82096393261858
mag-jul-2~+00-13-00,17704.311118221372,170.82096393261858
mag-jul-2~+00-14-00,17703.70469804545,170.82096393261858
mag-jul-2~+00-15-00,17703.112894369122,170.82096393261858
mag-jul-2~+00-16-00,17703.083247373543,170.82096393261858
mag-jul-2~+00-17-00,17703.083247373543,170.82096393261858
mag-jul-2~+00-18-00,17702.936750299883,170.82096393261858
mag-jul-2~+00-19-00,17701.38022354951,170.82096393261858
mag-jul-2~+00-20-00,17699.53284342107,170.82096393261858
mag-jul-2~+00-21-00,17697.71216980094,170.82096393261858
mag-jul-2~+00-22-00,17695.827900096694,170.82096393261858
mag-jul-2~+00-23-00,17695.40504611328,170.82096393261858
mag-jul-2~+01-00-00,17694.49181800037,170.82096393261858
