trace,op_ems,emb_ems
rnaseq-may-3,8341.92967750904,64.60281226683885
rnaseq-may-3~+00-01-00,8341.92967750904,64.60281226683885
rnaseq-may-3~+00-02-00,8341.92967750904,64.60281226683885
rnaseq-may-3~+00-03-00,8341.92967750904,64.60281226683885
rnaseq-may-3~+00-04-00,8341.92967750904,64.60281226683885
rnaseq-may-3~+00-05-00,8341.92967750904,64.60281226683885
rnaseq-may-3~+00-06-00,8341.92967750904,64.60281226683885
rnaseq-may-3~+00-07-00,8341.92967750904,64.60281226683885
rnaseq-may-3~+00-08-00,8341.92967750904,64.60281226683885
rnaseq-may-3~+00-09-00,8341.92967750904,64.60281226683885
rnaseq-may-3~+00-10-00,8341.92967750904,64.60281226683885
rnaseq-may-3~+00-11-00,8341.92967750904,64.60281226683885
rnaseq-may-3~+00-12-00,8341.92967750904,64.60281226683885
rnaseq-may-3~+00-13-00,8341.92967750904,64.60281226683885
rnaseq-may-3~+00-14-00,8341.93094841731,64.60281226683885
rnaseq-may-3~+00-15-00,8343.65389118897,64.60281226683885
rnaseq-may-3~+00-16-00,8346.755274575078,64.60281226683885
rnaseq-may-3~+00-17-00,8347.270180696327,64.60281226683885
rnaseq-may-3~+00-18-00,8345.890469173608,64.60281226683885
rnaseq-may-3~+00-19-00,8346.756545483348,64.60281226683885
rnaseq-may-3~+00-20-00,8348.993123467986,64.60281226683885
rnaseq-may-3~+00-21-00,8348.991852559717,64.60281226683885
rnaseq-may-3~+00-22-00,8347.268909788057,64.60281226683885
rnaseq-may-3~+00-23-00,8344.16625549368,64.60281226683885
rnaseq-may-3~+01-00-00,8341.92967750904,64.60281226683885
