trace,op_ems,emb_ems
sarek-jan-1,23200.633456558007,185.156829608021
sarek-jan-1~+00-01-00,23200.608988460903,185.156829608021
sarek-jan-1~+00-02-00,23195.16623493394,185.156829608021
sarek-jan-1~+00-03-00,23190.425007542857,185.156829608021
sarek-jan-1~+00-04-00,23186.847432179828,185.156829608021
sarek-jan-1~+00-05-00,23183.37523217668,185.156829608021
sarek-jan-1~+00-06-00,23181.00517106147,185.156829608021
sarek-jan-1~+00-07-00,23182.045513144232,185.156829608021
sarek-jan-1~+00-08-00,23188.05002919739,185.156829608021
sarek-jan-1~+00-09-00,23194.386898193818,185.156829608021
sarek-jan-1~+00-10-00,23199.52220190674,185.156829608021
sarek-jan-1~+00-11-00,23201.037234026444,185.156829608021
sarek-jan-1~+00-12-00,23207.287013081186,185.156829608021
sarek-jan-1~+00-13-00,23210.100329657333,185.156829608021
sarek-jan-1~+00-14-00,23206.548166507757,185.156829608021
sarek-jan-1~+00-15-00,23206.313212302914,185.156829608021
sarek-jan-1~+00-16-00,23204.832246412978,185.156829608021
sarek-jan-1~+00-17-00,23202.51496707379,185.156829608021
sarek-jan-1~+00-18-00,23202.15183192172,185.156829608021
sarek-jan-1~+00-19-00,23208.19219380433,185.156829608021
sarek-jan-1~+00-20-00,23211.728191321792,185.156829608021
sarek-jan-1~+00-21-00,23215.73867203669,185.156829608021
sarek-jan-1~+00-22-00,23218.51589487117,185.156829608021
sarek-jan-1~+00-23-00,23215.80845896549,185.156829608021
sarek-jan-1~+01-00-00,23210.742488061554,185.156829608021
