trace,op_ems,emb_ems
nanoseq-jan-2,191.65057226783864,2.283583422059979
nanoseq-jan-2~+00-01-00,191.63165324327312,2.283583422059979
nanoseq-jan-2~+00-02-00,191.5980261351688,2.283583422059979
nanoseq-jan-2~+00-03-00,191.56455117581504,2.283583422059979
nanoseq-jan-2~+00-04-00,191.52954352354962,2.283583422059979
nanoseq-jan-2~+00-05-00,191.49499816365346,2.283583422059979
nanoseq-jan-2~+00-06-00,191.49035114112544,2.283583422059979
nanoseq-jan-2~+00-07-00,191.51485891902294,2.283583422059979
nanoseq-jan-2~+00-08-00,191.55696894508014,2.283583422059979
nanoseq-jan-2~+00-09-00,191.60297693388702,2.283583422059979
nanoseq-jan-2~+00-10-00,191.64092744642272,2.283583422059979
nanoseq-jan-2~+00-11-00,191.68532718946054,2.283583422059979
nanoseq-jan-2~+00-12-00,191.71570381652322,2.283583422059979
nanoseq-jan-2~+00-13-00,191.71360609562385,2.283583422059979
nanoseq-jan-2~+00-14-00,191.70195525499383,2.283583422059979
nanoseq-jan-2~+00-15-00,191.70301946924133,2.283583422059979
nanoseq-jan-2~+00-16-00,191.68297617270972,2.283583422059979
nanoseq-jan-2~+00-17-00,191.6556646511066,2.283583422059979
nanoseq-jan-2~+00-18-00,191.67976052927153,2.283583422059979
nanoseq-jan-2~+00-19-00,191.71436094289118,2.283583422059979
nanoseq-jan-2~+00-20-00,191.74826397962815,2.283583422059979
nanoseq-jan-2~+00-21-00,191.783205105067,2.283583422059979
nanoseq-jan-2~+00-22-00,191.79618960986755,2.283583422059979
nanoseq-jan-2~+00-23-00,191.76600652706256,2.283583422059979
nanoseq-jan-2~+01-00-00,191.73185748181297,2.283583422059979
