trace,op_ems,emb_ems
chipseq-jul-2,11377.11222094578,93.55153285104065
chipseq-jul-2~+00-01-00,11408.237137515696,93.55153285104065
chipseq-jul-2~+00-02-00,11415.040322663983,93.55153285104065
chipseq-jul-2~+00-03-00,11406.854813606915,93.55153285104065
chipseq-jul-2~+00-04-00,11391.316457241062,93.55153285104065
chipseq-jul-2~+00-05-00,11377.191571664334,93.55153285104065
chipseq-jul-2~+00-06-00,11364.614993910483,93.55153285104065
chipseq-jul-2~+00-07-00,11352.066566761378,93.55153285104065
chipseq-jul-2~+00-08-00,11336.283364592331,93.55153285104065
chipseq-jul-2~+00-09-00,11315.794524243509,93.55153285104065
chipseq-jul-2~+00-10-00,11270.888644214949,93.55153285104065
chipseq-jul-2~+00-11-00,11135.292720565492,93.55153285104065
chipseq-jul-2~+00-12-00,10772.41082449719,93.55153285104065
chipseq-jul-2~+00-13-00,10130.162234220812,93.55153285104065
chipseq-jul-2~+00-14-00,9360.178085225709,93.55153285104065
chipseq-jul-2~+00-15-00,8683.809996329786,93.55153285104065
chipseq-jul-2~+00-16-00,8205.247815818188,93.55153285104065
chipseq-jul-2~+00-17-00,8005.316171326766,93.55153285104065
chipseq-jul-2~+00-18-00,8152.276845948384,93.55153285104065
chipseq-jul-2~+00-19-00,8656.337884811966,93.55153285104065
chipseq-jul-2~+00-20-00,9403.710728362166,93.55153285104065
chipseq-jul-2~+00-21-00,10208.849062523088,93.55153285104065
chipseq-jul-2~+00-22-00,10867.194621716542,93.55153285104065
chipseq-jul-2~+00-23-00,11230.939964201227,93.55153285104065
chipseq-jul-2~+01-00-00,11366.475552854194,93.55153285104065
