trace,op_ems,emb_ems
sarek-dec-1,21120.103844724774,180.2085610425426
sarek-dec-1~+00-01-00,21108.797344154744,180.2085610425426
sarek-dec-1~+00-02-00,21086.80483036694,180.2085610425426
sarek-dec-1~+00-03-00,21054.099432005343,180.2085610425426
sarek-dec-1~+00-04-00,21030.883061474153,180.2085610425426
sarek-dec-1~+00-05-00,21025.838543489866,180.2085610425426
sarek-dec-1~+00-06-00,21027.449195365178,180.2085610425426
sarek-dec-1~+00-07-00,21041.820298578215,180.2085610425426
sarek-dec-1~+00-08-00,21079.704696717563,180.2085610425426
sarek-dec-1~+00-09-00,20926.082828805487,180.2085610425426
sarek-dec-1~+00-10-00,20191.12398019699,180.2085610425426
sarek-dec-1~+00-11-00,19008.109028099494,180.2085610425426
sarek-dec-1~+00-12-00,17495.520130126937,180.2085610425426
sarek-dec-1~+00-13-00,15930.855937791624,180.2085610425426
sarek-dec-1~+00-14-00,14692.810333098974,180.2085610425426
sarek-dec-1~+00-15-00,14259.63369931339,180.2085610425426
sarek-dec-1~+00-16-00,14734.754388224977,180.2085610425426
sarek-dec-1~+00-17-00,16038.692509054114,180.2085610425426
sarek-dec-1~+00-18-00,17747.61891484782,180.2085610425426
sarek-dec-1~+00-19-00,19245.096374983357,180.2085610425426
sarek-dec-1~+00-20-00,20318.064889706213,180.2085610425426
sarek-dec-1~+00-21-00,20959.382625237045,180.2085610425426
sarek-dec-1~+00-22-00,21184.321091422447,180.2085610425426
sarek-dec-1~+00-23-00,21191.948370518665,180.2085610425426
sarek-dec-1~+01-00-00,21180.378225447894,180.2085610425426
