trace,op_ems,emb_ems
sarek-feb-2,21134.21734812735,181.81188075481478
sarek-feb-2~+00-01-00,21134.1779963043,181.81188075481478
sarek-feb-2~+00-02-00,21117.21337914743,181.81188075481478
sarek-feb-2~+00-03-00,21094.0231427692,181.81188075481478
sarek-feb-2~+00-04-00,21074.960163298154,181.81188075481478
sarek-feb-2~+00-05-00,21055.299560324205,181.81188075481478
sarek-feb-2~+00-06-00,21041.20477311883,181.81188075481478
sarek-feb-2~+00-07-00,21040.125978371634,181.81188075481478
sarek-feb-2~+00-08-00,21060.600760834306,181.81188075481478
sarek-feb-2~+00-09-00,20894.247345493393,181.81188075481478
sarek-feb-2~+00-10-00,20127.088752639353,181.81188075481478
sarek-feb-2~+00-11-00,18692.706180967463,181.81188075481478
sarek-feb-2~+00-12-00,16849.238542363808,181.81188075481478
sarek-feb-2~+00-13-00,14961.052864584964,181.81188075481478
sarek-feb-2~+00-14-00,13387.147332193215,181.81188075481478
sarek-feb-2~+00-15-00,12526.203847616245,181.81188075481478
sarek-feb-2~+00-16-00,12536.514856477477,181.81188075481478
sarek-feb-2~+00-17-00,13501.063830038667,181.81188075481478
sarek-feb-2~+00-18-00,15324.374714932357,181.81188075481478
sarek-feb-2~+00-19-00,17442.33312673393,181.81188075481478
sarek-feb-2~+00-20-00,19155.984197651695,181.81188075481478
sarek-feb-2~+00-21-00,20294.336913455598,181.81188075481478
sarek-feb-2~+00-22-00,20885.80432257083,181.81188075481478
sarek-feb-2~+00-23-00,21040.896082783984,181.81188075481478
sarek-feb-2~+01-00-00,21043.009845320656,181.81188075481478
