trace,op_ems,emb_ems
montage-sep-2,603.6189775928823,5.194323604266486
montage-sep-2~+00-01-00,603.6189775928823,5.194323604266486
montage-sep-2~+00-02-00,603.8232134168011,5.194323604266486
montage-sep-2~+00-03-00,603.5636763543844,5.194323604266486
montage-sep-2~+00-04-00,603.3879122920634,5.194323604266486
montage-sep-2~+00-05-00,603.4271275177613,5.194323604266486
montage-sep-2~+00-06-00,603.3102031301281,5.194323604266486
montage-sep-2~+00-07-00,603.1358857230789,5.194323604266486
montage-sep-2~+00-08-00,603.097782326789,5.194323604266486
montage-sep-2~+00-09-00,602.8530932531858,5.194323604266486
montage-sep-2~+00-10-00,602.8530932531858,5.194323604266486
montage-sep-2~+00-11-00,602.8530932531858,5.194323604266486
montage-sep-2~+00-12-00,602.8530932531858,5.194323604266486
montage-sep-2~+00-13-00,603.0477105899465,5.194323604266486
montage-sep-2~+00-14-00,603.1211856486053,5.194323604266486
montage-sep-2~+00-15-00,603.3914917392913,5.194323604266486
montage-sep-2~+00-16-00,603.6674365510429,5.194323604266486
montage-sep-2~+00-17-00,603.6466827737512,5.194323604266486
montage-sep-2~+00-18-00,603.7210955048417,5.194323604266486
montage-sep-2~+00-19-00,603.7210955048417,5.194323604266486
montage-sep-2~+00-20-00,603.7210955048417,5.194323604266486
montage-sep-2~+00-21-00,603.7210955048417,5.194323604266486
montage-sep-2~+00-22-00,603.7210955048417,5.194323604266486
montage-sep-2~+00-23-00,603.7210955048417,5.194323604266486
montage-sep-2~+01-00-00,603.7209917594042,5.194323604266486
