trace,op_ems,emb_ems
chipseq-apr-2,11526.115909964705,93.55153285104065
chipseq-apr-2~+00-01-00,11535.34322640925,93.55153285104065
chipseq-apr-2~+00-02-00,11527.71744382329,93.55153285104065
chipseq-apr-2~+00-03-00,11521.860882128527,93.55153285104065
chipseq-apr-2~+00-04-00,11515.937960302736,93.55153285104065
chipseq-apr-2~+00-05-00,11509.722740709152,93.55153285104065
chipseq-apr-2~+00-06-00,11502.260276405277,93.55153285104065
chipseq-apr-2~+00-07-00,11500.231143458577,93.55153285104065
chipseq-apr-2~+00-08-00,11502.142144069998,93.55153285104065
chipseq-apr-2~+00-09-00,11494.311014597752,93.55153285104065
chipseq-apr-2~+00-10-00,11463.096565878437,93.55153285104065
chipseq-apr-2~+00-11-00,11398.652069293641,93.55153285104065
chipseq-apr-2~+00-12-00,11305.395377472405,93.55153285104065
chipseq-apr-2~+00-13-00,11201.456783573265,93.55153285104065
chipseq-apr-2~+00-14-00,11098.818937486158,93.55153285104065
chipseq-apr-2~+00-15-00,11015.83753358751,93.55153285104065
chipseq-apr-2~+00-16-00,10923.072792372546,93.55153285104065
chipseq-apr-2~+00-17-00,10757.06942248646,93.55153285104065
chipseq-apr-2~+00-18-00,10572.562182483514,93.55153285104065
chipseq-apr-2~+00-19-00,10555.931849425264,93.55153285104065
chipseq-apr-2~+00-20-00,10726.501005512133,93.55153285104065
chipseq-apr-2~+00-21-00,10954.907970797642,93.55153285104065
chipseq-apr-2~+00-22-00,11173.218978532637,93.55153285104065
chipseq-apr-2~+00-23-00,11343.542556231536,93.55153285104065
chipseq-apr-2~+01-00-00,11422.59537955777,93.55153285104065
