trace,op_ems,emb_ems
sarek-mar-2,23290.281988088376,185.95754100781198
sarek-mar-2~+00-01-00,23287.841351439332,185.95754100781198
sarek-mar-2~+00-02-00,23281.773112229155,185.95754100781198
sarek-mar-2~+00-03-00,23277.228335462387,185.95754100781198
sarek-mar-2~+00-04-00,23273.693093458576,185.95754100781198
sarek-mar-2~+00-05-00,23271.520051136395,185.95754100781198
sarek-mar-2~+00-06-00,23270.57785781056,185.95754100781198
sarek-mar-2~+00-07-00,23270.57785781056,185.95754100781198
sarek-mar-2~+00-08-00,23272.530101661596,185.95754100781198
sarek-mar-2~+00-09-00,23278.59574206476,185.95754100781198
sarek-mar-2~+00-10-00,23284.237711260186,185.95754100781198
sarek-mar-2~+00-11-00,23291.002679432368,185.95754100781198
sarek-mar-2~+00-12-00,23296.98384285743,185.95754100781198
sarek-mar-2~+00-13-00,23303.21140733112,185.95754100781198
sarek-mar-2~+00-14-00,23302.798065517436,185.95754100781198
sarek-mar-2~+00-15-00,23302.54327329247,185.95754100781198
sarek-mar-2~+00-16-00,23305.401841701318,185.95754100781198
sarek-mar-2~+00-17-00,23306.636011359664,185.95754100781198
sarek-mar-2~+00-18-00,23304.22758651662,185.95754100781198
sarek-mar-2~+00-19-00,23300.4266514246,185.95754100781198
sarek-mar-2~+00-20-00,23296.27387831927,185.95754100781198
sarek-mar-2~+00-21-00,23297.3329980214,185.95754100781198
sarek-mar-2~+00-22-00,23297.262444184216,185.95754100781198
sarek-mar-2~+00-23-00,23295.371577034988,185.95754100781198
sarek-mar-2~+01-00-00,23293.984720036053,185.95754100781198
