trace,op_ems,emb_ems
mag-may-2,17688.1060195838,170.82096393261858
mag-may-2~+00-01-00,17688.1060195838,170.82096393261858
mag-may-2~+00-02-00,17688.1060195838,170.82096393261858
mag-may-2~+00-03-00,17688.1060195838,170.82096393261858
mag-may-2~+00-04-00,17688.1060195838,170.82096393261858
mag-may-2~+00-05-00,17688.337772000803,170.82096393261858
mag-may-2~+00-06-00,17689.960291320735,170.82096393261858
mag-may-2~+00-07-00,17691.57427876048,170.82096393261858
mag-may-2~+00-08-00,17692.000206679626,170.82096393261858
mag-may-2~+00-09-00,17693.519245488445,170.82096393261858
mag-may-2~+00-10-00,17693.971960904822,170.82096393261858
mag-may-2~+00-11-00,17695.031829364914,170.82096393261858
mag-may-2~+00-12-00,17697.336301924974,170.82096393261858
mag-may-2~+00-13-00,17696.537558023334,170.82096393261858
mag-may-2~+00-14-00,17695.615089711337,170.82096393261858
mag-may-2~+00-15-00,17694.375204955522,170.82096393261858
mag-may-2~+00-16-00,17694.15669222925,170.82096393261858
mag-may-2~+00-17-00,17694.653406850673,170.82096393261858
mag-may-2~+00-18-00,17693.12149507342,170.82096393261858
mag-may-2~+00-19-00,17692.687919731412,170.82096393261858
mag-may-2~+00-20-00,17691.809511907017,170.82096393261858
mag-may-2~+00-21-00,17690.65652963918,170.82096393261858
mag-may-2~+00-22-00,17689.911817565822,170.82096393261858
mag-may-2~+00-23-00,17688.61813439245,170.82096393261858
mag-may-2~+01-00-00,17688.10851189021,170.82096393261858
