trace,op_ems,emb_ems
mag-apr-2,16579.48399842184,170.41523942885257
mag-apr-2~+00-01-00,16566.572642701085,170.41523942885257
mag-apr-2~+00-02-00,16531.10233217631,170.41523942885257
mag-apr-2~+00-03-00,16481.24427013343,170.41523942885257
mag-apr-2~+00-04-00,16412.50375783549,170.41523942885257
mag-apr-2~+00-05-00,16335.686279897332,170.41523942885257
mag-apr-2~+00-06-00,16263.375987785057,170.41523942885257
mag-apr-2~+00-07-00,16174.5796778863,170.41523942885257
mag-apr-2~+00-08-00,16039.235618533576,170.41523942885257
mag-apr-2~+00-09-00,15896.443673247153,170.41523942885257
mag-apr-2~+00-10-00,15784.933725670582,170.41523942885257
mag-apr-2~+00-11-00,15727.737086053668,170.41523942885257
mag-apr-2~+00-12-00,15760.295389961906,170.41523942885257
mag-apr-2~+00-13-00,15827.521563918783,170.41523942885257
mag-apr-2~+00-14-00,15875.294147604493,170.41523942885257
mag-apr-2~+00-15-00,15907.54367737281,170.41523942885257
mag-apr-2~+00-16-00,15950.952361151763,170.41523942885257
mag-apr-2~+00-17-00,16000.007494510875,170.41523942885257
mag-apr-2~+00-18-00,16043.107697573349,170.41523942885257
mag-apr-2~+00-19-00,16119.108638014655,170.41523942885257
mag-apr-2~+00-20-00,16223.57034375816,170.41523942885257
mag-apr-2~+00-21-00,16322.193505183925,170.41523942885257
mag-apr-2~+00-22-00,16397.662241020604,170.41523942885257
mag-apr-2~+00-23-00,16451.821883310466,170.41523942885257
mag-apr-2~+01-00-00,16479.775793786925,170.41523942885257
