trace,op_ems,emb_ems
nanoseq-aug-3,175.28761139309367,2.2487745329175857
nanoseq-aug-3~+00-01-00,175.73676999473676,2.2487745329175857
nanoseq-aug-3~+00-02-00,175.60223806679073,2.2487745329175857
nanoseq-aug-3~+00-03-00,175.40060324447785,2.2487745329175857
nanoseq-aug-3~+00-04-00,175.1659160450797,2.2487745329175857
nanoseq-aug-3~+00-05-00,174.89156830757872,2.2487745329175857
nanoseq-aug-3~+00-06-00,174.55504476932438,2.2487745329175857
nanoseq-aug-3~+00-07-00,174.13037749856275,2.2487745329175857
nanoseq-aug-3~+00-08-00,172.89681677865107,2.2487745329175857
nanoseq-aug-3~+00-09-00,169.62185179829308,2.2487745329175857
nanoseq-aug-3~+00-10-00,163.76886212831351,2.2487745329175857
nanoseq-aug-3~+00-11-00,155.58393687674362,2.2487745329175857
nanoseq-aug-3~+00-12-00,145.81581369360728,2.2487745329175857
nanoseq-aug-3~+00-13-00,136.36897826599807,2.2487745329175857
nanoseq-aug-3~+00-14-00,129.19915047407832,2.2487745329175857
nanoseq-aug-3~+00-15-00,125.15281522355839,2.2487745329175857
nanoseq-aug-3~+00-16-00,124.45629687200946,2.2487745329175857
nanoseq-aug-3~+00-17-00,127.16549306817937,2.2487745329175857
nanoseq-aug-3~+00-18-00,133.12445726095578,2.2487745329175857
nanoseq-aug-3~+00-19-00,141.7917989656823,2.2487745329175857
nanoseq-aug-3~+00-20-00,151.81462041685927,2.2487745329175857
nanoseq-aug-3~+00-21-00,161.3201492252151,2.2487745329175857
nanoseq-aug-3~+00-22-00,168.87670491161097,2.2487745329175857
nanoseq-aug-3~+00-23-00,173.64394458315235,2.2487745329175857
nanoseq-aug-3~+01-00-00,175.66943915682708,2.2487745329175857
