trace,op_ems,emb_ems
nanoseq-mar-1,176.84607975858222,2.2463699711004637
nanoseq-mar-1~+00-01-00,176.88947282414046,2.2463699711004637
nanoseq-mar-1~+00-02-00,176.98866816765974,2.2463699711004637
nanoseq-mar-1~+00-03-00,177.13589355436847,2.2463699711004637
nanoseq-mar-1~+00-04-00,177.2954759279775,2.2463699711004637
nanoseq-mar-1~+00-05-00,177.4206927712248,2.2463699711004637
nanoseq-mar-1~+00-06-00,177.5540817575261,2.2463699711004637
nanoseq-mar-1~+00-07-00,177.60796923091095,2.2463699711004637
nanoseq-mar-1~+00-08-00,177.22833569323282,2.2463699711004637
nanoseq-mar-1~+00-09-00,176.18213199595743,2.2463699711004637
nanoseq-mar-1~+00-10-00,174.5308661607953,2.2463699711004637
nanoseq-mar-1~+00-11-00,172.1563083260147,2.2463699711004637
nanoseq-mar-1~+00-12-00,169.24949295512414,2.2463699711004637
nanoseq-mar-1~+00-13-00,166.63748404927927,2.2463699711004637
nanoseq-mar-1~+00-14-00,164.83026196214723,2.2463699711004637
nanoseq-mar-1~+00-15-00,164.41699129003857,2.2463699711004637
nanoseq-mar-1~+00-16-00,165.85697893104378,2.2463699711004637
nanoseq-mar-1~+00-17-00,168.45892160388317,2.2463699711004637
nanoseq-mar-1~+00-18-00,171.5428599306404,2.2463699711004637
nanoseq-mar-1~+00-19-00,174.43734665137504,2.2463699711004637
nanoseq-mar-1~+00-20-00,176.31263190538226,2.2463699711004637
nanoseq-mar-1~+00-21-00,177.193055039238,2.2463699711004637
nanoseq-mar-1~+00-22-00,177.3862822040079,2.2463699711004637
nanoseq-mar-1~+00-23-00,177.15565513570624,2.2463699711004637
nanoseq-mar-1~+01-00-00,176.78131867374614,2.2463699711004637
