trace,op_ems,emb_ems
mag-jan-2,17694.920292043415,170.82096393261858
mag-jan-2~+00-01-00,17695.51175301201,170.82096393261858
mag-jan-2~+00-02-00,17697.005622166496,170.82096393261858
mag-jan-2~+00-03-00,17697.959997600687,170.82096393261858
mag-jan-2~+00-04-00,17698.456415810375,170.82096393261858
mag-jan-2~+00-05-00,17699.216738602056,170.82096393261858
mag-jan-2~+00-06-00,17700.262388438223,170.82096393261858
mag-jan-2~+00-07-00,17701.76359670483,170.82096393261858
mag-jan-2~+00-08-00,17703.320564727048,170.82096393261858
mag-jan-2~+00-09-00,17703.4026458352,170.82096393261858
mag-jan-2~+00-10-00,17703.50270901799,170.82096393261858
mag-jan-2~+00-11-00,17705.743805310878,170.82096393261858
mag-jan-2~+00-12-00,17708.486697639975,170.82096393261858
mag-jan-2~+00-13-00,17710.060699519934,170.82096393261858
mag-jan-2~+00-14-00,17710.674487733784,170.82096393261858
mag-jan-2~+00-15-00,17711.87672960087,170.82096393261858
mag-jan-2~+00-16-00,17710.88986348935,170.82096393261858
mag-jan-2~+00-17-00,17708.968434089402,170.82096393261858
mag-jan-2~+00-18-00,17708.21040229016,170.82096393261858
mag-jan-2~+00-19-00,17706.494150721348,170.82096393261858
mag-jan-2~+00-20-00,17705.165147500335,170.82096393261858
mag-jan-2~+00-21-00,17703.311233975655,170.82096393261858
mag-jan-2~+00-22-00,17701.647405887572,170.82096393261858
mag-jan-2~+00-23-00,17699.348480905715,170.82096393261858
mag-jan-2~+01-00-00,17698.55339957486,170.82096393261858
