trace,op_ems,emb_ems
sarek-mar-1,23200.633456558007,185.156829608021
sarek-mar-1~+00-01-00,23197.178803350384,185.156829608021
sarek-mar-1~+00-02-00,23191.767508108685,185.156829608021
sarek-mar-1~+00-03-00,23188.26021353116,185.156829608021
sarek-mar-1~+00-04-00,23184.292063274122,185.156829608021
sarek-mar-1~+00-05-00,23181.95477016679,185.156829608021
sarek-mar-1~+00-06-00,23181.00517106147,185.156829608021
sarek-mar-1~+00-07-00,23181.00517106147,185.156829608021
sarek-mar-1~+00-08-00,23183.97240873924,185.156829608021
sarek-mar-1~+00-09-00,23189.53065624043,185.156829608021
sarek-mar-1~+00-10-00,23195.107096490905,185.156829608021
sarek-mar-1~+00-11-00,23201.72607705702,185.156829608021
sarek-mar-1~+00-12-00,23207.673647825355,185.156829608021
sarek-mar-1~+00-13-00,23213.93240662828,185.156829608021
sarek-mar-1~+00-14-00,23211.772332549812,185.156829608021
sarek-mar-1~+00-15-00,23213.41869151965,185.156829608021
sarek-mar-1~+00-16-00,23216.58450417317,185.156829608021
sarek-mar-1~+00-17-00,23216.502253848183,185.156829608021
sarek-mar-1~+00-18-00,23213.2847015291,185.156829608021
sarek-mar-1~+00-19-00,23210.45732997418,185.156829608021
sarek-mar-1~+00-20-00,23207.22583646725,185.156829608021
sarek-mar-1~+00-21-00,23208.909101787736,185.156829608021
sarek-mar-1~+00-22-00,23206.673780571375,185.156829608021
sarek-mar-1~+00-23-00,23204.900226943133,185.156829608021
sarek-mar-1~+01-00-00,23204.831307254895,185.156829608021
