trace,op_ems,emb_ems
sarek-aug-1,23200.633456558007,185.156829608021
sarek-aug-1~+00-01-00,23200.06699345821,185.156829608021
sarek-aug-1~+00-02-00,23194.111831682552,185.156829608021
sarek-aug-1~+00-03-00,23189.930697227508,185.156829608021
sarek-aug-1~+00-04-00,23186.117790422628,185.156829608021
sarek-aug-1~+00-05-00,23183.04420228932,185.156829608021
sarek-aug-1~+00-06-00,23181.00517106147,185.156829608021
sarek-aug-1~+00-07-00,23181.00517106147,185.156829608021
sarek-aug-1~+00-08-00,23181.00517106147,185.156829608021
sarek-aug-1~+00-09-00,23181.00517106147,185.156829608021
sarek-aug-1~+00-10-00,23181.029639158576,185.156829608021
sarek-aug-1~+00-11-00,23186.472392685537,185.156829608021
sarek-aug-1~+00-12-00,23191.213620076618,185.156829608021
sarek-aug-1~+00-13-00,23194.79119543965,185.156829608021
sarek-aug-1~+00-14-00,23198.44315557661,185.156829608021
sarek-aug-1~+00-15-00,23203.657608158897,185.156829608021
sarek-aug-1~+00-16-00,23202.679711460092,185.156829608021
sarek-aug-1~+00-17-00,23202.740119487895,185.156829608021
sarek-aug-1~+00-18-00,23202.048941637062,185.156829608021
sarek-aug-1~+00-19-00,23201.80528128492,185.156829608021
sarek-aug-1~+00-20-00,23200.633456558007,185.156829608021
sarek-aug-1~+00-21-00,23200.633456558007,185.156829608021
sarek-aug-1~+00-22-00,23200.633456558007,185.156829608021
sarek-aug-1~+00-23-00,23200.633456558007,185.156829608021
sarek-aug-1~+01-00-00,23200.633456558007,185.156829608021
