trace,op_ems,emb_ems
chipseq-oct-1,11606.883297075869,95.2845684694022
chipseq-oct-1~+00-01-00,11588.323376637423,95.2845684694022
chipseq-oct-1~+00-02-00,11572.939002408337,95.2845684694022
chipseq-oct-1~+00-03-00,11566.238093602602,95.2845684694022
chipseq-oct-1~+00-04-00,11558.042553202542,95.2845684694022
chipseq-oct-1~+00-05-00,11538.377793653955,95.2845684694022
chipseq-oct-1~+00-06-00,11513.524235026458,95.2845684694022
chipseq-oct-1~+00-07-00,11496.644260710977,95.2845684694022
chipseq-oct-1~+00-08-00,11495.205219455442,95.2845684694022
chipseq-oct-1~+00-09-00,11508.798762137692,95.2845684694022
chipseq-oct-1~+00-10-00,11483.065687243312,95.2845684694022
chipseq-oct-1~+00-11-00,11179.021620163048,95.2845684694022
chipseq-oct-1~+00-12-00,10307.33716770015,95.2845684694022
chipseq-oct-1~+00-13-00,8974.086326660317,95.2845684694022
chipseq-oct-1~+00-14-00,7719.319440531139,95.2845684694022
chipseq-oct-1~+00-15-00,6981.393604152564,95.2845684694022
chipseq-oct-1~+00-16-00,6746.104705199651,95.2845684694022
chipseq-oct-1~+00-17-00,6884.30655647933,95.2845684694022
chipseq-oct-1~+00-18-00,7395.423884275369,95.2845684694022
chipseq-oct-1~+00-19-00,8284.982927926501,95.2845684694022
chipseq-oct-1~+00-20-00,9423.46991231687,95.2845684694022
chipseq-oct-1~+00-21-00,10507.088004782572,95.2845684694022
chipseq-oct-1~+00-22-00,11252.852331081673,95.2845684694022
chipseq-oct-1~+00-23-00,11569.5816722044,95.2845684694022
chipseq-oct-1~+01-00-00,11611.75162410473,95.2845684694022
