trace,op_ems,emb_ems
montage-jun-2,471.24115433490425,4.417620969401983
montage-jun-2~+00-01-00,477.91999706725954,4.417620969401983
montage-jun-2~+00-02-00,480.99149924073504,4.417620969401983
montage-jun-2~+00-03-00,480.94365652775264,4.417620969401983
montage-jun-2~+00-04-00,481.52733762613894,4.417620969401983
montage-jun-2~+00-05-00,480.89581381477035,4.417620969401983
montage-jun-2~+00-06-00,480.3312698015769,4.417620969401983
montage-jun-2~+00-07-00,478.91512549729526,4.417620969401983
montage-jun-2~+00-08-00,478.9533996676812,4.417620969401983
montage-jun-2~+00-09-00,479.4701009678924,4.417620969401983
montage-jun-2~+00-10-00,479.8241370439626,4.417620969401983
montage-jun-2~+00-11-00,475.0111601179243,4.417620969401983
montage-jun-2~+00-12-00,471.78656126290446,4.417620969401983
montage-jun-2~+00-13-00,456.24724808619266,4.417620969401983
montage-jun-2~+00-14-00,421.4847328331173,4.417620969401983
montage-jun-2~+00-15-00,381.51693040754776,4.417620969401983
montage-jun-2~+00-16-00,347.04147143236685,4.417620969401983
montage-jun-2~+00-17-00,319.5414800100332,4.417620969401983
montage-jun-2~+00-18-00,308.843849387149,4.417620969401983
montage-jun-2~+00-19-00,307.3798623698851,4.417620969401983
montage-jun-2~+00-20-00,330.47832419783015,4.417620969401983
montage-jun-2~+00-21-00,363.719441178062,4.417620969401983
montage-jun-2~+00-22-00,406.89270537345885,4.417620969401983
montage-jun-2~+00-23-00,449.6640907798024,4.417620969401983
montage-jun-2~+01-00-00,472.18844005195757,4.417620969401983
