trace,op_ems,emb_ems
sarek-dec-3,21090.66465414437,179.93408696821612
sarek-dec-3~+00-01-00,21078.094696890323,179.93408696821612
sarek-dec-3~+00-02-00,21054.54632698395,179.93408696821612
sarek-dec-3~+00-03-00,21023.93731168425,179.93408696821612
sarek-dec-3~+00-04-00,21004.806343082113,179.93408696821612
sarek-dec-3~+00-05-00,20999.086487051394,179.93408696821612
sarek-dec-3~+00-06-00,20997.55730744959,179.93408696821612
sarek-dec-3~+00-07-00,21015.129888425166,179.93408696821612
sarek-dec-3~+00-08-00,21047.161853616333,179.93408696821612
sarek-dec-3~+00-09-00,20828.017636653207,179.93408696821612
sarek-dec-3~+00-10-00,20032.182093847274,179.93408696821612
sarek-dec-3~+00-11-00,18916.45571558199,179.93408696821612
sarek-dec-3~+00-12-00,17401.277565030276,179.93408696821612
sarek-dec-3~+00-13-00,15906.654648888876,179.93408696821612
sarek-dec-3~+00-14-00,14696.312288983274,179.93408696821612
sarek-dec-3~+00-15-00,14343.785632627507,179.93408696821612
sarek-dec-3~+00-16-00,14821.446643966308,179.93408696821612
sarek-dec-3~+00-17-00,16122.768141653549,179.93408696821612
sarek-dec-3~+00-18-00,17756.0052422753,179.93408696821612
sarek-dec-3~+00-19-00,19182.98038817253,179.93408696821612
sarek-dec-3~+00-20-00,20295.30455434206,179.93408696821612
sarek-dec-3~+00-21-00,20931.484250798458,179.93408696821612
sarek-dec-3~+00-22-00,21155.7709669555,179.93408696821612
sarek-dec-3~+00-23-00,21162.3955896473,179.93408696821612
sarek-dec-3~+01-00-00,21149.632171656656,179.93408696821612
