trace,op_ems,emb_ems
montage-jul-3,417.3426815584588,3.9090470464800857
montage-jul-3~+00-01-00,420.99636918925415,3.9090470464800857
montage-jul-3~+00-02-00,423.6751749696056,3.9090470464800857
montage-jul-3~+00-03-00,423.4547668990702,3.9090470464800857
montage-jul-3~+00-04-00,422.49683951559024,3.9090470464800857
montage-jul-3~+00-05-00,422.66638418523263,3.9090470464800857
montage-jul-3~+00-06-00,422.45445334817947,3.9090470464800857
montage-jul-3~+00-07-00,421.471094264253,3.9090470464800857
montage-jul-3~+00-08-00,420.572507515148,3.9090470464800857
montage-jul-3~+00-09-00,420.2503726428274,3.9090470464800857
montage-jul-3~+00-10-00,420.4029628455057,3.9090470464800857
montage-jul-3~+00-11-00,418.7244706160449,3.9090470464800857
montage-jul-3~+00-12-00,417.84283833390384,3.9090470464800857
montage-jul-3~+00-13-00,408.29747343303194,3.9090470464800857
montage-jul-3~+00-14-00,383.7219735683538,3.9090470464800857
montage-jul-3~+00-15-00,350.1690834461062,3.9090470464800857
montage-jul-3~+00-16-00,323.8048873166997,3.9090470464800857
montage-jul-3~+00-17-00,300.9078796814822,3.9090470464800857
montage-jul-3~+00-18-00,290.7012905690045,3.9090470464800857
montage-jul-3~+00-19-00,291.02342544132523,3.9090470464800857
montage-jul-3~+00-20-00,310.6482209524431,3.9090470464800857
montage-jul-3~+00-21-00,338.1144574345254,3.9090470464800857
montage-jul-3~+00-22-00,373.11695448221633,3.9090470464800857
montage-jul-3~+00-23-00,406.0594837937511,3.9090470464800857
montage-jul-3~+01-00-00,420.77596111871867,3.9090470464800857
