trace,op_ems,emb_ems
sarek-jan-3,22978.1611936852,183.31733251806511
sarek-jan-3~+00-01-00,22977.568563873254,183.31733251806511
sarek-jan-3~+00-02-00,22971.580582847007,183.31733251806511
sarek-jan-3~+00-03-00,22968.777093932888,183.31733251806511
sarek-jan-3~+00-04-00,22964.417313622474,183.31733251806511
sarek-jan-3~+00-05-00,22961.006271663984,183.31733251806511
sarek-jan-3~+00-06-00,22958.721124993343,183.31733251806511
sarek-jan-3~+00-07-00,22960.76060422311,183.31733251806511
sarek-jan-3~+00-08-00,22966.19929434064,183.31733251806511
sarek-jan-3~+00-09-00,22972.757511153668,183.31733251806511
sarek-jan-3~+00-10-00,22975.557469339936,183.31733251806511
sarek-jan-3~+00-11-00,22979.319484277687,183.31733251806511
sarek-jan-3~+00-12-00,22985.600196169347,183.31733251806511
sarek-jan-3~+00-13-00,22985.759934879254,183.31733251806511
sarek-jan-3~+00-14-00,22983.826966103432,183.31733251806511
sarek-jan-3~+00-15-00,22984.138726759807,183.31733251806511
sarek-jan-3~+00-16-00,22982.316829676958,183.31733251806511
sarek-jan-3~+00-17-00,22979.972122344694,183.31733251806511
sarek-jan-3~+00-18-00,22980.68240873898,183.31733251806511
sarek-jan-3~+00-19-00,22985.6738936611,183.31733251806511
sarek-jan-3~+00-20-00,22989.00652078016,183.31733251806511
sarek-jan-3~+00-21-00,22993.120828831805,183.31733251806511
sarek-jan-3~+00-22-00,22995.9027763278,183.31733251806511
sarek-jan-3~+00-23-00,22992.06999482422,183.31733251806511
sarek-jan-3~+01-00-00,22988.958100529246,183.31733251806511
