trace,op_ems,emb_ems
rangeland-oct-1,5575.728924803419,56.24585137653058
rangeland-oct-1~+00-01-00,5567.613541344006,56.24585137653058
rangeland-oct-1~+00-02-00,5558.899695021511,56.24585137653058
rangeland-oct-1~+00-03-00,5552.138311109448,56.24585137653058
rangeland-oct-1~+00-04-00,5546.817178964313,56.24585137653058
rangeland-oct-1~+00-05-00,5545.365109778393,56.24585137653058
rangeland-oct-1~+00-06-00,5544.769886265018,56.24585137653058
rangeland-oct-1~+00-07-00,5505.683265574999,56.24585137653058
rangeland-oct-1~+00-08-00,5329.029086775468,56.24585137653058
rangeland-oct-1~+00-09-00,5044.084917560815,56.24585137653058
rangeland-oct-1~+00-10-00,4725.906845508071,56.24585137653058
rangeland-oct-1~+00-11-00,4397.779859706877,56.24585137653058
rangeland-oct-1~+00-12-00,4084.057827166276,56.24585137653058
rangeland-oct-1~+00-13-00,3788.8090233294506,56.24585137653058
rangeland-oct-1~+00-14-00,3597.6269344336147,56.24585137653058
rangeland-oct-1~+00-15-00,3601.137960296808,56.24585137653058
rangeland-oct-1~+00-16-00,3798.0531678957714,56.24585137653058
rangeland-oct-1~+00-17-00,4111.0886915800465,56.24585137653058
rangeland-oct-1~+00-18-00,4449.100836619653,56.24585137653058
rangeland-oct-1~+00-19-00,4770.288282093093,56.24585137653058
rangeland-oct-1~+00-20-00,5071.260581225793,56.24585137653058
rangeland-oct-1~+00-21-00,5315.1057343966295,56.24585137653058
rangeland-oct-1~+00-22-00,5477.444579308799,56.24585137653058
rangeland-oct-1~+00-23-00,5555.841489876867,56.24585137653058
rangeland-oct-1~+01-00-00,5566.425446693921,56.24585137653058
