trace,op_ems,emb_ems
nanoseq-oct-2,178.0005397412692,2.2810001647780567
nanoseq-oct-2~+00-01-00,177.80670075089708,2.2810001647780567
nanoseq-oct-2~+00-02-00,177.592430504558,2.2810001647780567
nanoseq-oct-2~+00-03-00,177.36768839105113,2.2810001647780567
nanoseq-oct-2~+00-04-00,177.13341471625975,2.2810001647780567
nanoseq-oct-2~+00-05-00,176.87994596527,2.2810001647780567
nanoseq-oct-2~+00-06-00,176.71034576774335,2.2810001647780567
nanoseq-oct-2~+00-07-00,176.74598361016407,2.2810001647780567
nanoseq-oct-2~+00-08-00,176.22169170188002,2.2810001647780567
nanoseq-oct-2~+00-09-00,172.44322363160572,2.2810001647780567
nanoseq-oct-2~+00-10-00,163.50425344012754,2.2810001647780567
nanoseq-oct-2~+00-11-00,150.4346771593309,2.2810001647780567
nanoseq-oct-2~+00-12-00,135.10858343876708,2.2810001647780567
nanoseq-oct-2~+00-13-00,120.14041095661823,2.2810001647780567
nanoseq-oct-2~+00-14-00,109.9438250720559,2.2810001647780567
nanoseq-oct-2~+00-15-00,106.95398099543742,2.2810001647780567
nanoseq-oct-2~+00-16-00,110.6804680672685,2.2810001647780567
nanoseq-oct-2~+00-17-00,119.90287289439077,2.2810001647780567
nanoseq-oct-2~+00-18-00,132.99553008109794,2.2810001647780567
nanoseq-oct-2~+00-19-00,147.80864964145113,2.2810001647780567
nanoseq-oct-2~+00-20-00,161.06553400741993,2.2810001647780567
nanoseq-oct-2~+00-21-00,170.74721689682232,2.2810001647780567
nanoseq-oct-2~+00-22-00,176.2259959058344,2.2810001647780567
nanoseq-oct-2~+00-23-00,177.94771828782288,2.2810001647780567
nanoseq-oct-2~+01-00-00,177.84313816456233,2.2810001647780567
