trace,op_ems,emb_ems
sarek-jan-1,20998.027457828928,180.2085610425426
sarek-jan-1~+00-01-00,20995.741835540513,180.2085610425426
sarek-jan-1~+00-02-00,20972.144364425465,180.2085610425426
sarek-jan-1~+00-03-00,20960.02054778609,180.2085610425426
sarek-jan-1~+00-04-00,20951.795962864184,180.2085610425426
sarek-jan-1~+00-05-00,20947.248943977425,180.2085610425426
sarek-jan-1~+00-06-00,20947.424391332323,180.2085610425426
sarek-jan-1~+00-07-00,20956.79981368466,180.2085610425426
sarek-jan-1~+00-08-00,20984.360514680917,180.2085610425426
sarek-jan-1~+00-09-00,20934.92377714054,180.2085610425426
sarek-jan-1~+00-10-00,20445.88642381523,180.2085610425426
sarek-jan-1~+00-11-00,19484.017356852244,180.2085610425426
sarek-jan-1~+00-12-00,18137.584813039797,180.2085610425426
sarek-jan-1~+00-13-00,16681.741925790084,180.2085610425426
sarek-jan-1~+00-14-00,15424.116569393072,180.2085610425426
sarek-jan-1~+00-15-00,14861.669811227915,180.2085610425426
sarek-jan-1~+00-16-00,15111.0465481559,180.2085610425426
sarek-jan-1~+00-17-00,16128.906412243456,180.2085610425426
sarek-jan-1~+00-18-00,17631.985015743743,180.2085610425426
sarek-jan-1~+00-19-00,19025.476383470985,180.2085610425426
sarek-jan-1~+00-20-00,20044.10924957982,180.2085610425426
sarek-jan-1~+00-21-00,20701.00006689592,180.2085610425426
sarek-jan-1~+00-22-00,20962.558877697007,180.2085610425426
sarek-jan-1~+00-23-00,20972.76583362162,180.2085610425426
sarek-jan-1~+01-00-00,20950.452545835455,180.2085610425426
