trace,op_ems,emb_ems
rangeland-nov-1,6006.637737038387,56.33951064719725
rangeland-nov-1~+00-01-00,6005.948940055005,56.33951064719725
rangeland-nov-1~+00-02-00,6005.33331716251,56.33951064719725
rangeland-nov-1~+00-03-00,6004.327338412541,56.33951064719725
rangeland-nov-1~+00-04-00,6003.7407369498405,56.33951064719725
rangeland-nov-1~+00-05-00,6003.8267519671235,56.33951064719725
rangeland-nov-1~+00-06-00,6003.811933318609,56.33951064719725
rangeland-nov-1~+00-07-00,6004.3760466427375,56.33951064719725
rangeland-nov-1~+00-08-00,6005.3721018815,56.33951064719725
rangeland-nov-1~+00-09-00,6005.85281733147,56.33951064719725
rangeland-nov-1~+00-10-00,6006.534842760044,56.33951064719725
rangeland-nov-1~+00-11-00,6007.943068517661,56.33951064719725
rangeland-nov-1~+00-12-00,6008.140938804295,56.33951064719725
rangeland-nov-1~+00-13-00,6008.595025785238,56.33951064719725
rangeland-nov-1~+00-14-00,6008.800148218529,56.33951064719725
rangeland-nov-1~+00-15-00,6008.696479165554,56.33951064719725
rangeland-nov-1~+00-16-00,6009.320995246586,56.33951064719725
rangeland-nov-1~+00-17-00,6008.838069234399,56.33951064719725
rangeland-nov-1~+00-18-00,6008.375051861998,56.33951064719725
rangeland-nov-1~+00-19-00,6009.011684141262,56.33951064719725
rangeland-nov-1~+00-20-00,6008.701240901603,56.33951064719725
rangeland-nov-1~+00-21-00,6008.088604373496,56.33951064719725
rangeland-nov-1~+00-22-00,6007.762122732504,56.33951064719725
rangeland-nov-1~+00-23-00,6007.003810172427,56.33951064719725
rangeland-nov-1~+01-00-00,6006.26645447102,56.33951064719725
