trace,op_ems,emb_ems
sarek-nov-2,21263.303638174282,181.81188075481478
sarek-nov-2~+00-01-00,21262.466180388168,181.81188075481478
sarek-nov-2~+00-02-00,21263.334085763687,181.81188075481478
sarek-nov-2~+00-03-00,21254.938450749745,181.81188075481478
sarek-nov-2~+00-04-00,21258.22564451747,181.81188075481478
sarek-nov-2~+00-05-00,21271.181200915078,181.81188075481478
sarek-nov-2~+00-06-00,21283.529457075616,181.81188075481478
sarek-nov-2~+00-07-00,21305.570217451415,181.81188075481478
sarek-nov-2~+00-08-00,21304.40675852899,181.81188075481478
sarek-nov-2~+00-09-00,20827.02211739124,181.81188075481478
sarek-nov-2~+00-10-00,19580.37690765494,181.81188075481478
sarek-nov-2~+00-11-00,17864.047034824733,181.81188075481478
sarek-nov-2~+00-12-00,16109.130930600402,181.81188075481478
sarek-nov-2~+00-13-00,14637.600743808998,181.81188075481478
sarek-nov-2~+00-14-00,13721.612667145377,181.81188075481478
sarek-nov-2~+00-15-00,13646.530902012968,181.81188075481478
sarek-nov-2~+00-16-00,14445.40148945079,181.81188075481478
sarek-nov-2~+00-17-00,15916.944082529197,181.81188075481478
sarek-nov-2~+00-18-00,17733.45112531318,181.81188075481478
sarek-nov-2~+00-19-00,19378.996721022006,181.81188075481478
sarek-nov-2~+00-20-00,20461.197262786995,181.81188075481478
sarek-nov-2~+00-21-00,21049.030027205932,181.81188075481478
sarek-nov-2~+00-22-00,21262.59800670827,181.81188075481478
sarek-nov-2~+00-23-00,21247.9728847038,181.81188075481478
sarek-nov-2~+01-00-00,21200.878710991354,181.81188075481478
