trace,op_ems,emb_ems
rangeland-apr-1,5636.083214357193,56.24585137653058
rangeland-apr-1~+00-01-00,5637.851031492779,56.24585137653058
rangeland-apr-1~+00-02-00,5634.176064758632,56.24585137653058
rangeland-apr-1~+00-03-00,5632.731428479642,56.24585137653058
rangeland-apr-1~+00-04-00,5630.693463137656,56.24585137653058
rangeland-apr-1~+00-05-00,5628.3901105387295,56.24585137653058
rangeland-apr-1~+00-06-00,5621.957360312909,56.24585137653058
rangeland-apr-1~+00-07-00,5606.311019212392,56.24585137653058
rangeland-apr-1~+00-08-00,5587.433515728574,56.24585137653058
rangeland-apr-1~+00-09-00,5558.6716276522075,56.24585137653058
rangeland-apr-1~+00-10-00,5522.746479473121,56.24585137653058
rangeland-apr-1~+00-11-00,5488.619302034863,56.24585137653058
rangeland-apr-1~+00-12-00,5447.1139184829,56.24585137653058
rangeland-apr-1~+00-13-00,5373.459643446088,56.24585137653058
rangeland-apr-1~+00-14-00,5313.162332022812,56.24585137653058
rangeland-apr-1~+00-15-00,5280.591454353937,56.24585137653058
rangeland-apr-1~+00-16-00,5271.824475483971,56.24585137653058
rangeland-apr-1~+00-17-00,5284.471705786916,56.24585137653058
rangeland-apr-1~+00-18-00,5315.8711709436575,56.24585137653058
rangeland-apr-1~+00-19-00,5354.892761477461,56.24585137653058
rangeland-apr-1~+00-20-00,5417.830209150676,56.24585137653058
rangeland-apr-1~+00-21-00,5482.903797651602,56.24585137653058
rangeland-apr-1~+00-22-00,5532.4274201009475,56.24585137653058
rangeland-apr-1~+00-23-00,5565.627287514088,56.24585137653058
rangeland-apr-1~+01-00-00,5584.994240909517,56.24585137653058
