trace,op_ems,emb_ems
nanoseq-dec-2,191.58077378352993,2.283583422059979
nanoseq-dec-2~+00-01-00,191.5593667243153,2.283583422059979
nanoseq-dec-2~+00-02-00,191.51867508782814,2.283583422059979
nanoseq-dec-2~+00-03-00,191.48265110696576,2.283583422059979
nanoseq-dec-2~+00-04-00,191.46659785334717,2.283583422059979
nanoseq-dec-2~+00-05-00,191.44845737126678,2.283583422059979
nanoseq-dec-2~+00-06-00,191.44075156782472,2.283583422059979
nanoseq-dec-2~+00-07-00,191.45302632028555,2.283583422059979
nanoseq-dec-2~+00-08-00,191.47617522047634,2.283583422059979
nanoseq-dec-2~+00-09-00,191.51263013442997,2.283583422059979
nanoseq-dec-2~+00-10-00,191.55424731447178,2.283583422059979
nanoseq-dec-2~+00-11-00,191.59341639643426,2.283583422059979
nanoseq-dec-2~+00-12-00,191.6189406978344,2.283583422059979
nanoseq-dec-2~+00-13-00,191.62923972022443,2.283583422059979
nanoseq-dec-2~+00-14-00,191.62209220178946,2.283583422059979
nanoseq-dec-2~+00-15-00,191.61543891043814,2.283583422059979
nanoseq-dec-2~+00-16-00,191.60671593686658,2.283583422059979
nanoseq-dec-2~+00-17-00,191.59912464124417,2.283583422059979
nanoseq-dec-2~+00-18-00,191.6015384079128,2.283583422059979
nanoseq-dec-2~+00-19-00,191.60331110266821,2.283583422059979
nanoseq-dec-2~+00-20-00,191.6021690603968,2.283583422059979
nanoseq-dec-2~+00-21-00,191.61246976595618,2.283583422059979
nanoseq-dec-2~+00-22-00,191.61998119106593,2.283583422059979
nanoseq-dec-2~+00-23-00,191.6051752748644,2.283583422059979
nanoseq-dec-2~+01-00-00,191.58949182670065,2.283583422059979
