trace,op_ems,emb_ems
sarek-mar-1,21176.859591531927,180.2085610425426
sarek-mar-1~+00-01-00,21188.554635174718,180.2085610425426
sarek-mar-1~+00-02-00,21190.825869468154,180.2085610425426
sarek-mar-1~+00-03-00,21203.994101652977,180.2085610425426
sarek-mar-1~+00-04-00,21229.193707875846,180.2085610425426
sarek-mar-1~+00-05-00,21251.669574131087,180.2085610425426
sarek-mar-1~+00-06-00,21262.25754441094,180.2085610425426
sarek-mar-1~+00-07-00,21272.89994388107,180.2085610425426
sarek-mar-1~+00-08-00,21243.560130975326,180.2085610425426
sarek-mar-1~+00-09-00,21105.550016577956,180.2085610425426
sarek-mar-1~+00-10-00,20895.78739973397,180.2085610425426
sarek-mar-1~+00-11-00,20631.721278037352,180.2085610425426
sarek-mar-1~+00-12-00,20243.152361170538,180.2085610425426
sarek-mar-1~+00-13-00,19933.778878597983,180.2085610425426
sarek-mar-1~+00-14-00,19706.998045096996,180.2085610425426
sarek-mar-1~+00-15-00,19660.638707567814,180.2085610425426
sarek-mar-1~+00-16-00,19866.756073361277,180.2085610425426
sarek-mar-1~+00-17-00,20200.170573322823,180.2085610425426
sarek-mar-1~+00-18-00,20551.378941218623,180.2085610425426
sarek-mar-1~+00-19-00,20890.44303963574,180.2085610425426
sarek-mar-1~+00-20-00,21116.271763626642,180.2085610425426
sarek-mar-1~+00-21-00,21220.659342210703,180.2085610425426
sarek-mar-1~+00-22-00,21238.53814307124,180.2085610425426
sarek-mar-1~+00-23-00,21208.10304318674,180.2085610425426
sarek-mar-1~+01-00-00,21162.26185121837,180.2085610425426
