trace,op_ems,emb_ems
chipseq-nov-1,11637.352526683304,95.2845684694022
chipseq-nov-1~+00-01-00,11635.186724353955,95.2845684694022
chipseq-nov-1~+00-02-00,11636.13665002165,95.2845684694022
chipseq-nov-1~+00-03-00,11636.655468286353,95.2845684694022
chipseq-nov-1~+00-04-00,11634.783619446602,95.2845684694022
chipseq-nov-1~+00-05-00,11631.53357937262,95.2845684694022
chipseq-nov-1~+00-06-00,11636.09384617981,95.2845684694022
chipseq-nov-1~+00-07-00,11648.40699894111,95.2845684694022
chipseq-nov-1~+00-08-00,11661.664381009537,95.2845684694022
chipseq-nov-1~+00-09-00,11665.153627970245,95.2845684694022
chipseq-nov-1~+00-10-00,11514.318753184893,95.2845684694022
chipseq-nov-1~+00-11-00,10922.362900601405,95.2845684694022
chipseq-nov-1~+00-12-00,9835.92986844643,95.2845684694022
chipseq-nov-1~+00-13-00,8635.63134957596,95.2845684694022
chipseq-nov-1~+00-14-00,7775.8145904570765,95.2845684694022
chipseq-nov-1~+00-15-00,7345.612475151818,95.2845684694022
chipseq-nov-1~+00-16-00,7310.045024917044,95.2845684694022
chipseq-nov-1~+00-17-00,7730.364203568239,95.2845684694022
chipseq-nov-1~+00-18-00,8614.820064250425,95.2845684694022
chipseq-nov-1~+00-19-00,9764.672752870089,95.2845684694022
chipseq-nov-1~+00-20-00,10797.337171612444,95.2845684694022
chipseq-nov-1~+00-21-00,11437.144939290396,95.2845684694022
chipseq-nov-1~+00-22-00,11648.095795419584,95.2845684694022
chipseq-nov-1~+00-23-00,11647.515731097992,95.2845684694022
chipseq-nov-1~+01-00-00,11626.409098670094,95.2845684694022
