trace,op_ems,emb_ems
chipseq-may-3,13061.542756691508,100.15869459141447
chipseq-may-3~+00-01-00,13061.542756691508,100.15869459141447
chipseq-may-3~+00-02-00,13061.542756691508,100.15869459141447
chipseq-may-3~+00-03-00,13061.542756691508,100.15869459141447
chipseq-may-3~+00-04-00,13061.542756691508,100.15869459141447
chipseq-may-3~+00-05-00,13061.542756691508,100.15869459141447
chipseq-may-3~+00-06-00,13061.542756691508,100.15869459141447
chipseq-may-3~+00-07-00,13061.542756691508,100.15869459141447
chipseq-may-3~+00-08-00,13061.542756691508,100.15869459141447
chipseq-may-3~+00-09-00,13061.542756691508,100.15869459141447
chipseq-may-3~+00-10-00,13061.542756691508,100.15869459141447
chipseq-may-3~+00-11-00,13061.542756691508,100.15869459141447
chipseq-may-3~+00-12-00,13061.542756691508,100.15869459141447
chipseq-may-3~+00-13-00,13061.542756691508,100.15869459141447
chipseq-may-3~+00-14-00,13062.595010759083,100.15869459141447
chipseq-may-3~+00-15-00,13065.64755164606,100.15869459141447
chipseq-may-3~+00-16-00,13069.454210926684,100.15869459141447
chipseq-may-3~+00-17-00,13069.549947181924,100.15869459141447
chipseq-may-3~+00-18-00,13067.7435747207,100.15869459141447
chipseq-may-3~+00-19-00,13070.50646499426,100.15869459141447
chipseq-may-3~+00-20-00,13072.6024880689,100.15869459141447
chipseq-may-3~+00-21-00,13071.550234001324,100.15869459141447
chipseq-may-3~+00-22-00,13068.497693114348,100.15869459141447
chipseq-may-3~+00-23-00,13063.638779766148,100.15869459141447
chipseq-may-3~+01-00-00,13061.542756691508,100.15869459141447
