trace,op_ems,emb_ems
rnaseq-dec-3,7495.94082813809,61.95465283773145
rnaseq-dec-3~+00-01-00,7492.543086409017,61.95465283773145
rnaseq-dec-3~+00-02-00,7490.560860667697,61.95465283773145
rnaseq-dec-3~+00-03-00,7486.8070835927265,61.95465283773145
rnaseq-dec-3~+00-04-00,7478.170664583996,61.95465283773145
rnaseq-dec-3~+00-05-00,7463.036562592694,61.95465283773145
rnaseq-dec-3~+00-06-00,7450.432059754092,61.95465283773145
rnaseq-dec-3~+00-07-00,7451.567834062336,61.95465283773145
rnaseq-dec-3~+00-08-00,7461.872314296397,61.95465283773145
rnaseq-dec-3~+00-09-00,7470.927083251292,61.95465283773145
rnaseq-dec-3~+00-10-00,7482.094543848878,61.95465283773145
rnaseq-dec-3~+00-11-00,7433.855759029689,61.95465283773145
rnaseq-dec-3~+00-12-00,7136.590760524016,61.95465283773145
rnaseq-dec-3~+00-13-00,6538.037599044437,61.95465283773145
rnaseq-dec-3~+00-14-00,5816.951093070348,61.95465283773145
rnaseq-dec-3~+00-15-00,5227.7228908128345,61.95465283773145
rnaseq-dec-3~+00-16-00,4868.183426749487,61.95465283773145
rnaseq-dec-3~+00-17-00,4868.155916020514,61.95465283773145
rnaseq-dec-3~+00-18-00,5250.402003525762,61.95465283773145
rnaseq-dec-3~+00-19-00,5954.563544083889,61.95465283773145
rnaseq-dec-3~+00-20-00,6736.206618562179,61.95465283773145
rnaseq-dec-3~+00-21-00,7300.48311502773,61.95465283773145
rnaseq-dec-3~+00-22-00,7513.747216090614,61.95465283773145
rnaseq-dec-3~+00-23-00,7522.13514892186,61.95465283773145
rnaseq-dec-3~+01-00-00,7516.027350973955,61.95465283773145
