trace,op_ems,emb_ems
montage-oct-3,424.76873808879924,3.9090470464800857
montage-oct-3~+00-01-00,423.9718781414796,3.9090470464800857
montage-oct-3~+00-02-00,422.45445334817947,3.9090470464800857
montage-oct-3~+00-03-00,421.9797282731806,3.9090470464800857
montage-oct-3~+00-04-00,420.5894619821121,3.9090470464800857
montage-oct-3~+00-05-00,419.953669470953,3.9090470464800857
montage-oct-3~+00-06-00,419.1822412240795,3.9090470464800857
montage-oct-3~+00-07-00,417.69872536470774,3.9090470464800857
montage-oct-3~+00-08-00,416.48648097676414,3.9090470464800857
montage-oct-3~+00-09-00,416.16434610444315,3.9090470464800857
montage-oct-3~+00-10-00,417.69024813122576,3.9090470464800857
montage-oct-3~+00-11-00,419.24158185845437,3.9090470464800857
montage-oct-3~+00-12-00,419.7502158673821,3.9090470464800857
montage-oct-3~+00-13-00,410.5693720062415,3.9090470464800857
montage-oct-3~+00-14-00,378.59324731166856,3.9090470464800857
montage-oct-3~+00-15-00,356.45071345636,3.9090470464800857
montage-oct-3~+00-16-00,349.6858811376253,3.9090470464800857
montage-oct-3~+00-17-00,344.5062914800473,3.9090470464800857
montage-oct-3~+00-18-00,343.95527130370937,3.9090470464800857
montage-oct-3~+00-19-00,354.2890189184184,3.9090470464800857
montage-oct-3~+00-20-00,366.69968873624845,3.9090470464800857
montage-oct-3~+00-21-00,377.52511589292106,3.9090470464800857
montage-oct-3~+00-22-00,403.4739275817037,3.9090470464800857
montage-oct-3~+00-23-00,421.8610470044307,3.9090470464800857
montage-oct-3~+01-00-00,425.60798420352995,3.9090470464800857
