trace,op_ems,emb_ems
rnaseq-feb-2,7125.9008591199645,59.0952985091386
rnaseq-feb-2~+00-01-00,7124.601759374322,59.0952985091386
rnaseq-feb-2~+00-02-00,7121.114284424754,59.0952985091386
rnaseq-feb-2~+00-03-00,7121.059298186305,59.0952985091386
rnaseq-feb-2~+00-04-00,7117.165540715883,59.0952985091386
rnaseq-feb-2~+00-05-00,7104.984223525533,59.0952985091386
rnaseq-feb-2~+00-06-00,7095.306708890122,59.0952985091386
rnaseq-feb-2~+00-07-00,7091.69673590632,59.0952985091386
rnaseq-feb-2~+00-08-00,7089.497824195509,59.0952985091386
rnaseq-feb-2~+00-09-00,7090.211180836082,59.0952985091386
rnaseq-feb-2~+00-10-00,7099.140182618736,59.0952985091386
rnaseq-feb-2~+00-11-00,7037.832688162393,59.0952985091386
rnaseq-feb-2~+00-12-00,6707.692902172152,59.0952985091386
rnaseq-feb-2~+00-13-00,6034.305313268809,59.0952985091386
rnaseq-feb-2~+00-14-00,5230.777621897245,59.0952985091386
rnaseq-feb-2~+00-15-00,4573.016461771252,59.0952985091386
rnaseq-feb-2~+00-16-00,4150.76853492479,59.0952985091386
rnaseq-feb-2~+00-17-00,4016.696157363819,59.0952985091386
rnaseq-feb-2~+00-18-00,4196.360475949079,59.0952985091386
rnaseq-feb-2~+00-19-00,4726.107848903743,59.0952985091386
rnaseq-feb-2~+00-20-00,5538.560950836126,59.0952985091386
rnaseq-feb-2~+00-21-00,6396.357995382479,59.0952985091386
rnaseq-feb-2~+00-22-00,6936.550956106859,59.0952985091386
rnaseq-feb-2~+00-23-00,7092.241161528395,59.0952985091386
rnaseq-feb-2~+01-00-00,7097.716513646032,59.0952985091386
