trace,op_ems,emb_ems
rnaseq-nov-2,7167.734372212481,59.0952985091386
rnaseq-nov-2~+00-01-00,7165.151892904875,59.0952985091386
rnaseq-nov-2~+00-02-00,7165.797240409041,59.0952985091386
rnaseq-nov-2~+00-03-00,7165.9386160389695,59.0952985091386
rnaseq-nov-2~+00-04-00,7166.8034608762055,59.0952985091386
rnaseq-nov-2~+00-05-00,7163.343404820197,59.0952985091386
rnaseq-nov-2~+00-06-00,7162.498884569388,59.0952985091386
rnaseq-nov-2~+00-07-00,7169.597787150347,59.0952985091386
rnaseq-nov-2~+00-08-00,7178.704102632818,59.0952985091386
rnaseq-nov-2~+00-09-00,7185.002465910642,59.0952985091386
rnaseq-nov-2~+00-10-00,7181.785300570813,59.0952985091386
rnaseq-nov-2~+00-11-00,6992.364425950531,59.0952985091386
rnaseq-nov-2~+00-12-00,6424.331772190548,59.0952985091386
rnaseq-nov-2~+00-13-00,5612.5853157481415,59.0952985091386
rnaseq-nov-2~+00-14-00,4949.4528889642215,59.0952985091386
rnaseq-nov-2~+00-15-00,4582.707463165401,59.0952985091386
rnaseq-nov-2~+00-16-00,4445.77946974844,59.0952985091386
rnaseq-nov-2~+00-17-00,4559.737557533428,59.0952985091386
rnaseq-nov-2~+00-18-00,4988.070273071516,59.0952985091386
rnaseq-nov-2~+00-19-00,5685.542260983419,59.0952985091386
rnaseq-nov-2~+00-20-00,6411.35595569961,59.0952985091386
rnaseq-nov-2~+00-21-00,6950.455581906839,59.0952985091386
rnaseq-nov-2~+00-22-00,7170.243410207789,59.0952985091386
rnaseq-nov-2~+00-23-00,7178.9014054763975,59.0952985091386
rnaseq-nov-2~+01-00-00,7165.591185638518,59.0952985091386
