trace,op_ems,emb_ems
chipseq-mar-2,11490.252863336545,93.55153285104065
chipseq-mar-2~+00-01-00,11484.119424992761,93.55153285104065
chipseq-mar-2~+00-02-00,11496.60910685206,93.55153285104065
chipseq-mar-2~+00-03-00,11511.6281459899,93.55153285104065
chipseq-mar-2~+00-04-00,11515.735614463862,93.55153285104065
chipseq-mar-2~+00-05-00,11514.794477538684,93.55153285104065
chipseq-mar-2~+00-06-00,11528.640996237264,93.55153285104065
chipseq-mar-2~+00-07-00,11549.404120833982,93.55153285104065
chipseq-mar-2~+00-08-00,11556.822149809213,93.55153285104065
chipseq-mar-2~+00-09-00,11544.318565864363,93.55153285104065
chipseq-mar-2~+00-10-00,11497.314918271348,93.55153285104065
chipseq-mar-2~+00-11-00,11387.768743189865,93.55153285104065
chipseq-mar-2~+00-12-00,11217.101754851641,93.55153285104065
chipseq-mar-2~+00-13-00,11018.789053207953,93.55153285104065
chipseq-mar-2~+00-14-00,10814.786979891107,93.55153285104065
chipseq-mar-2~+00-15-00,10643.358664715139,93.55153285104065
chipseq-mar-2~+00-16-00,10599.80201996026,93.55153285104065
chipseq-mar-2~+00-17-00,10693.046683009927,93.55153285104065
chipseq-mar-2~+00-18-00,10915.055677749651,93.55153285104065
chipseq-mar-2~+00-19-00,11184.258520673087,93.55153285104065
chipseq-mar-2~+00-20-00,11379.495430946628,93.55153285104065
chipseq-mar-2~+00-21-00,11492.525703836242,93.55153285104065
chipseq-mar-2~+00-22-00,11545.724441437518,93.55153285104065
chipseq-mar-2~+00-23-00,11550.181567010675,93.55153285104065
chipseq-mar-2~+01-00-00,11522.953049792652,93.55153285104065
