trace,op_ems,emb_ems
rnaseq-jan-3,7451.828719795255,61.95465283773145
rnaseq-jan-3~+00-01-00,7450.954809015419,61.95465283773145
rnaseq-jan-3~+00-02-00,7448.180421831372,61.95465283773145
rnaseq-jan-3~+00-03-00,7445.782279553655,61.95465283773145
rnaseq-jan-3~+00-04-00,7439.045884113525,61.95465283773145
rnaseq-jan-3~+00-05-00,7430.462835401679,61.95465283773145
rnaseq-jan-3~+00-06-00,7426.232921289417,61.95465283773145
rnaseq-jan-3~+00-07-00,7430.755080133283,61.95465283773145
rnaseq-jan-3~+00-08-00,7432.463537704775,61.95465283773145
rnaseq-jan-3~+00-09-00,7435.983951169064,61.95465283773145
rnaseq-jan-3~+00-10-00,7445.1172956840865,61.95465283773145
rnaseq-jan-3~+00-11-00,7434.374856927462,61.95465283773145
rnaseq-jan-3~+00-12-00,7251.590159307346,61.95465283773145
rnaseq-jan-3~+00-13-00,6787.345742381122,61.95465283773145
rnaseq-jan-3~+00-14-00,6124.411130934528,61.95465283773145
rnaseq-jan-3~+00-15-00,5515.346378891774,61.95465283773145
rnaseq-jan-3~+00-16-00,5113.806785621855,61.95465283773145
rnaseq-jan-3~+00-17-00,5055.545034918691,61.95465283773145
rnaseq-jan-3~+00-18-00,5348.725400472336,61.95465283773145
rnaseq-jan-3~+00-19-00,5931.751500080598,61.95465283773145
rnaseq-jan-3~+00-20-00,6616.352362782077,61.95465283773145
rnaseq-jan-3~+00-21-00,7169.469915528991,61.95465283773145
rnaseq-jan-3~+00-22-00,7421.779071321646,61.95465283773145
rnaseq-jan-3~+00-23-00,7454.621419359126,61.95465283773145
rnaseq-jan-3~+01-00-00,7448.493039167574,61.95465283773145
