trace,op_ems,emb_ems
rangeland-apr-3,6002.1144272842885,56.305479409080235
rangeland-apr-3~+00-01-00,6002.114652778665,56.305479409080235
rangeland-apr-3~+00-02-00,6001.999060327652,56.305479409080235
rangeland-apr-3~+00-03-00,6001.999060327652,56.305479409080235
rangeland-apr-3~+00-04-00,6001.999060327652,56.305479409080235
rangeland-apr-3~+00-05-00,6001.999060327652,56.305479409080235
rangeland-apr-3~+00-06-00,6001.999060327652,56.305479409080235
rangeland-apr-3~+00-07-00,6001.999060327652,56.305479409080235
rangeland-apr-3~+00-08-00,6001.999060327652,56.305479409080235
rangeland-apr-3~+00-09-00,6001.999060327652,56.305479409080235
rangeland-apr-3~+00-10-00,6002.961457363947,56.305479409080235
rangeland-apr-3~+00-11-00,6003.646412068642,56.305479409080235
rangeland-apr-3~+00-12-00,6004.338583308104,56.305479409080235
rangeland-apr-3~+00-13-00,6004.649860378861,56.305479409080235
rangeland-apr-3~+00-14-00,6005.383802709303,56.305479409080235
rangeland-apr-3~+00-15-00,6006.071724254508,56.305479409080235
rangeland-apr-3~+00-16-00,6006.734062840086,56.305479409080235
rangeland-apr-3~+00-17-00,6006.735079988514,56.305479409080235
rangeland-apr-3~+00-18-00,6006.734317188105,56.305479409080235
rangeland-apr-3~+00-19-00,6006.734521007968,56.305479409080235
rangeland-apr-3~+00-20-00,6007.08119331686,56.305479409080235
rangeland-apr-3~+00-21-00,6006.699594935209,56.305479409080235
rangeland-apr-3~+00-22-00,6005.721259909786,56.305479409080235
rangeland-apr-3~+00-23-00,6005.030443129993,56.305479409080235
rangeland-apr-3~+01-00-00,6004.337332339192,56.305479409080235
