trace,op_ems,emb_ems
chipseq-feb-1,13145.583045864345,100.71517209432965
chipseq-feb-1~+00-01-00,13145.583045864345,100.71517209432965
chipseq-feb-1~+00-02-00,13145.472816405496,100.71517209432965
chipseq-feb-1~+00-03-00,13143.559542883397,100.71517209432965
chipseq-feb-1~+00-04-00,13138.23795987233,100.71517209432965
chipseq-feb-1~+00-05-00,13135.777661931135,100.71517209432965
chipseq-feb-1~+00-06-00,13134.461571206191,100.71517209432965
chipseq-feb-1~+00-07-00,13134.461571206191,100.71517209432965
chipseq-feb-1~+00-08-00,13134.498580131536,100.71517209432965
chipseq-feb-1~+00-09-00,13136.312278924177,100.71517209432965
chipseq-feb-1~+00-10-00,13141.346562691018,100.71517209432965
chipseq-feb-1~+00-11-00,13144.638796383188,100.71517209432965
chipseq-feb-1~+00-12-00,13148.191558812488,100.71517209432965
chipseq-feb-1~+00-13-00,13153.226406468713,100.71517209432965
chipseq-feb-1~+00-14-00,13151.886430469991,100.71517209432965
chipseq-feb-1~+00-15-00,13147.809724885596,100.71517209432965
chipseq-feb-1~+00-16-00,13145.850236017814,100.71517209432965
chipseq-feb-1~+00-17-00,13145.583045864345,100.71517209432965
chipseq-feb-1~+00-18-00,13145.583045864345,100.71517209432965
chipseq-feb-1~+00-19-00,13145.583045864345,100.71517209432965
chipseq-feb-1~+00-20-00,13145.583045864345,100.71517209432965
chipseq-feb-1~+00-21-00,13145.583045864345,100.71517209432965
chipseq-feb-1~+00-22-00,13145.583045864345,100.71517209432965
chipseq-feb-1~+00-23-00,13145.583045864345,100.71517209432965
chipseq-feb-1~+01-00-00,13145.583045864345,100.71517209432965
