trace,op_ems,emb_ems
mag-mar-2,17693.627336590962,170.82096393261858
mag-mar-2~+00-01-00,17693.277287380457,170.82096393261858
mag-mar-2~+00-02-00,17693.979458570488,170.82096393261858
mag-mar-2~+00-03-00,17695.96081923686,170.82096393261858
mag-mar-2~+00-04-00,17697.46542318139,170.82096393261858
mag-mar-2~+00-05-00,17699.09936557488,170.82096393261858
mag-mar-2~+00-06-00,17701.455659226624,170.82096393261858
mag-mar-2~+00-07-00,17702.092864834656,170.82096393261858
mag-mar-2~+00-08-00,17704.815276326182,170.82096393261858
mag-mar-2~+00-09-00,17706.934389114027,170.82096393261858
mag-mar-2~+00-10-00,17709.028401173306,170.82096393261858
mag-mar-2~+00-11-00,17710.928538096414,170.82096393261858
mag-mar-2~+00-12-00,17710.502986961328,170.82096393261858
mag-mar-2~+00-13-00,17710.088397306852,170.82096393261858
mag-mar-2~+00-14-00,17710.253684466486,170.82096393261858
mag-mar-2~+00-15-00,17710.977195261243,170.82096393261858
mag-mar-2~+00-16-00,17710.856450961197,170.82096393261858
mag-mar-2~+00-17-00,17708.977893815798,170.82096393261858
mag-mar-2~+00-18-00,17705.889560683863,170.82096393261858
mag-mar-2~+00-19-00,17704.14378347949,170.82096393261858
mag-mar-2~+00-20-00,17701.993611830607,170.82096393261858
mag-mar-2~+00-21-00,17699.0995077556,170.82096393261858
mag-mar-2~+00-22-00,17696.98848903439,170.82096393261858
mag-mar-2~+00-23-00,17695.911604085242,170.82096393261858
mag-mar-2~+01-00-00,17695.396734744263,170.82096393261858
