trace,op_ems,emb_ems
nanoseq-jan-1,175.37085725182655,2.2463699711004637
nanoseq-jan-1~+00-01-00,175.30141499913913,2.2463699711004637
nanoseq-jan-1~+00-02-00,175.1706808634406,2.2463699711004637
nanoseq-jan-1~+00-03-00,175.06216935605067,2.2463699711004637
nanoseq-jan-1~+00-04-00,174.9819542192377,2.2463699711004637
nanoseq-jan-1~+00-05-00,174.91952068343448,2.2463699711004637
nanoseq-jan-1~+00-06-00,174.94459640428047,2.2463699711004637
nanoseq-jan-1~+00-07-00,175.05712712667668,2.2463699711004637
nanoseq-jan-1~+00-08-00,175.07969810220771,2.2463699711004637
nanoseq-jan-1~+00-09-00,173.93082160505705,2.2463699711004637
nanoseq-jan-1~+00-10-00,170.0072242803966,2.2463699711004637
nanoseq-jan-1~+00-11-00,162.61473323012217,2.2463699711004637
nanoseq-jan-1~+00-12-00,152.0563732743261,2.2463699711004637
nanoseq-jan-1~+00-13-00,139.94467510369333,2.2463699711004637
nanoseq-jan-1~+00-14-00,129.72299008227043,2.2463699711004637
nanoseq-jan-1~+00-15-00,124.77596958681075,2.2463699711004637
nanoseq-jan-1~+00-16-00,126.55239312937344,2.2463699711004637
nanoseq-jan-1~+00-17-00,134.58028687002124,2.2463699711004637
nanoseq-jan-1~+00-18-00,146.37878701825917,2.2463699711004637
nanoseq-jan-1~+00-19-00,158.19286126181518,2.2463699711004637
nanoseq-jan-1~+00-20-00,167.46699837067666,2.2463699711004637
nanoseq-jan-1~+00-21-00,173.13451857995872,2.2463699711004637
nanoseq-jan-1~+00-22-00,175.10201392270812,2.2463699711004637
nanoseq-jan-1~+00-23-00,175.17500576500407,2.2463699711004637
nanoseq-jan-1~+01-00-00,174.9834357430582,2.2463699711004637
