trace,op_ems,emb_ems
nanoseq-dec-3,176.50558927378327,2.2487745329175857
nanoseq-dec-3~+00-01-00,176.39559885939278,2.2487745329175857
nanoseq-dec-3~+00-02-00,176.2174211415287,2.2487745329175857
nanoseq-dec-3~+00-03-00,175.99521722433428,2.2487745329175857
nanoseq-dec-3~+00-04-00,175.81799141503234,2.2487745329175857
nanoseq-dec-3~+00-05-00,175.7221248579611,2.2487745329175857
nanoseq-dec-3~+00-06-00,175.73128799331,2.2487745329175857
nanoseq-dec-3~+00-07-00,175.90551775191568,2.2487745329175857
nanoseq-dec-3~+00-08-00,175.76275210208956,2.2487745329175857
nanoseq-dec-3~+00-09-00,173.5818115708961,2.2487745329175857
nanoseq-dec-3~+00-10-00,167.8793015659351,2.2487745329175857
nanoseq-dec-3~+00-11-00,158.58574926810752,2.2487745329175857
nanoseq-dec-3~+00-12-00,146.3820541976268,2.2487745329175857
nanoseq-dec-3~+00-13-00,133.36547223643163,2.2487745329175857
nanoseq-dec-3~+00-14-00,123.60746439028996,2.2487745329175857
nanoseq-dec-3~+00-15-00,120.11597478636916,2.2487745329175857
nanoseq-dec-3~+00-16-00,123.97738549765084,2.2487745329175857
nanoseq-dec-3~+00-17-00,134.20978018058622,2.2487745329175857
nanoseq-dec-3~+00-18-00,147.70724162071613,2.2487745329175857
nanoseq-dec-3~+00-19-00,160.53937890528076,2.2487745329175857
nanoseq-dec-3~+00-20-00,170.1594559294293,2.2487745329175857
nanoseq-dec-3~+00-21-00,175.52964516855226,2.2487745329175857
nanoseq-dec-3~+00-22-00,177.0908404921129,2.2487745329175857
nanoseq-dec-3~+00-23-00,177.10214185651355,2.2487745329175857
nanoseq-dec-3~+01-00-00,177.00203753331772,2.2487745329175857
