trace,op_ems,emb_ems
mag-may-2,16418.820533928752,170.41523942885257
mag-may-2~+00-01-00,16384.965680391324,170.41523942885257
mag-may-2~+00-02-00,16260.462480864571,170.41523942885257
mag-may-2~+00-03-00,15998.02633809327,170.41523942885257
mag-may-2~+00-04-00,15589.07869701867,170.41523942885257
mag-may-2~+00-05-00,15040.523914342519,170.41523942885257
mag-may-2~+00-06-00,14417.207506149767,170.41523942885257
mag-may-2~+00-07-00,13825.929003816505,170.41523942885257
mag-may-2~+00-08-00,13326.283497381699,170.41523942885257
mag-may-2~+00-09-00,12954.172505975173,170.41523942885257
mag-may-2~+00-10-00,12739.412876133378,170.41523942885257
mag-may-2~+00-11-00,12719.893391012087,170.41523942885257
mag-may-2~+00-12-00,12895.31530312468,170.41523942885257
mag-may-2~+00-13-00,13119.65208980654,170.41523942885257
mag-may-2~+00-14-00,13361.979291412865,170.41523942885257
mag-may-2~+00-15-00,13639.701362322756,170.41523942885257
mag-may-2~+00-16-00,13940.638921543927,170.41523942885257
mag-may-2~+00-17-00,14330.665856582746,170.41523942885257
mag-may-2~+00-18-00,14783.259601600656,170.41523942885257
mag-may-2~+00-19-00,15253.65828794259,170.41523942885257
mag-may-2~+00-20-00,15680.94418955163,170.41523942885257
mag-may-2~+00-21-00,16030.92242686276,170.41523942885257
mag-may-2~+00-22-00,16298.18719701241,170.41523942885257
mag-may-2~+00-23-00,16435.75173362033,170.41523942885257
mag-may-2~+01-00-00,16452.679879951826,170.41523942885257
