trace,op_ems,emb_ems
mag-aug-2,16346.82903194424,170.41523942885257
mag-aug-2~+00-01-00,16318.870245026394,170.41523942885257
mag-aug-2~+00-02-00,16162.551333910715,170.41523942885257
mag-aug-2~+00-03-00,15859.779055378634,170.41523942885257
mag-aug-2~+00-04-00,15427.589042387097,170.41523942885257
mag-aug-2~+00-05-00,14920.527870718406,170.41523942885257
mag-aug-2~+00-06-00,14434.087857246683,170.41523942885257
mag-aug-2~+00-07-00,14005.667418323297,170.41523942885257
mag-aug-2~+00-08-00,13636.185356948878,170.41523942885257
mag-aug-2~+00-09-00,13331.791805946415,170.41523942885257
mag-aug-2~+00-10-00,13130.589895776018,170.41523942885257
mag-aug-2~+00-11-00,13062.855481623725,170.41523942885257
mag-aug-2~+00-12-00,13132.748575791888,170.41523942885257
mag-aug-2~+00-13-00,13329.510249079143,170.41523942885257
mag-aug-2~+00-14-00,13614.508845375714,170.41523942885257
mag-aug-2~+00-15-00,13931.857388761822,170.41523942885257
mag-aug-2~+00-16-00,14242.695615062616,170.41523942885257
mag-aug-2~+00-17-00,14568.38321506264,170.41523942885257
mag-aug-2~+00-18-00,14929.543506765376,170.41523942885257
mag-aug-2~+00-19-00,15314.067787436165,170.41523942885257
mag-aug-2~+00-20-00,15668.07881771189,170.41523942885257
mag-aug-2~+00-21-00,15958.102145169987,170.41523942885257
mag-aug-2~+00-22-00,16176.266380114086,170.41523942885257
mag-aug-2~+00-23-00,16316.724467806467,170.41523942885257
mag-aug-2~+01-00-00,16377.75518110518,170.41523942885257
