trace,op_ems,emb_ems
rnaseq-jan-1,7272.225404270043,60.34201273201991
rnaseq-jan-1~+00-01-00,7271.5262383396,60.34201273201991
rnaseq-jan-1~+00-02-00,7268.760473237289,60.34201273201991
rnaseq-jan-1~+00-03-00,7266.350107522352,60.34201273201991
rnaseq-jan-1~+00-04-00,7260.2683133396395,60.34201273201991
rnaseq-jan-1~+00-05-00,7251.346496304136,60.34201273201991
rnaseq-jan-1~+00-06-00,7247.288048572994,60.34201273201991
rnaseq-jan-1~+00-07-00,7251.574641856439,60.34201273201991
rnaseq-jan-1~+00-08-00,7253.334959883642,60.34201273201991
rnaseq-jan-1~+00-09-00,7256.717193970074,60.34201273201991
rnaseq-jan-1~+00-10-00,7265.180935661728,60.34201273201991
rnaseq-jan-1~+00-11-00,7256.911720644176,60.34201273201991
rnaseq-jan-1~+00-12-00,7087.783146873337,60.34201273201991
rnaseq-jan-1~+00-13-00,6639.499989633977,60.34201273201991
rnaseq-jan-1~+00-14-00,5993.098395976584,60.34201273201991
rnaseq-jan-1~+00-15-00,5392.902361377801,60.34201273201991
rnaseq-jan-1~+00-16-00,4994.6509010212485,60.34201273201991
rnaseq-jan-1~+00-17-00,4927.302008635689,60.34201273201991
rnaseq-jan-1~+00-18-00,5206.850104177876,60.34201273201991
rnaseq-jan-1~+00-19-00,5771.816035572248,60.34201273201991
rnaseq-jan-1~+00-20-00,6441.011014762824,60.34201273201991
rnaseq-jan-1~+00-21-00,6990.691609778863,60.34201273201991
rnaseq-jan-1~+00-22-00,7242.293167420937,60.34201273201991
rnaseq-jan-1~+00-23-00,7275.013423464179,60.34201273201991
rnaseq-jan-1~+01-00-00,7269.3599907421885,60.34201273201991
