trace,op_ems,emb_ems
rangeland-oct-2,5990.853221162947,56.19540575328906
rangeland-oct-2~+00-01-00,5990.390410870409,56.19540575328906
rangeland-oct-2~+00-02-00,5989.868106593679,56.19540575328906
rangeland-oct-2~+00-03-00,5989.620231093747,56.19540575328906
rangeland-oct-2~+00-04-00,5989.337569535132,56.19540575328906
rangeland-oct-2~+00-05-00,5989.160712359387,56.19540575328906
rangeland-oct-2~+00-06-00,5989.286483253602,56.19540575328906
rangeland-oct-2~+00-07-00,5989.435380422349,56.19540575328906
rangeland-oct-2~+00-08-00,5989.201045783771,56.19540575328906
rangeland-oct-2~+00-09-00,5989.539263873279,56.19540575328906
rangeland-oct-2~+00-10-00,5989.840124107516,56.19540575328906
rangeland-oct-2~+00-11-00,5990.6604078350665,56.19540575328906
rangeland-oct-2~+00-12-00,5991.575025388126,56.19540575328906
rangeland-oct-2~+00-13-00,5992.01387320536,56.19540575328906
rangeland-oct-2~+00-14-00,5992.911453628272,56.19540575328906
rangeland-oct-2~+00-15-00,5994.075895121944,56.19540575328906
rangeland-oct-2~+00-16-00,5994.32468224063,56.19540575328906
rangeland-oct-2~+00-17-00,5994.708300081373,56.19540575328906
rangeland-oct-2~+00-18-00,5994.684775654356,56.19540575328906
rangeland-oct-2~+00-19-00,5994.37607690226,56.19540575328906
rangeland-oct-2~+00-20-00,5993.778595243114,56.19540575328906
rangeland-oct-2~+00-21-00,5993.31607833517,56.19540575328906
rangeland-oct-2~+00-22-00,5992.448146315895,56.19540575328906
rangeland-oct-2~+00-23-00,5991.652333381074,56.19540575328906
rangeland-oct-2~+01-00-00,5990.876343642803,56.19540575328906
