trace,op_ems,emb_ems
sarek-jun-3,21119.509520654174,179.93408696821612
sarek-jun-3~+00-01-00,21167.569549905147,179.93408696821612
sarek-jun-3~+00-02-00,21174.039439027987,179.93408696821612
sarek-jun-3~+00-03-00,21141.507925880604,179.93408696821612
sarek-jun-3~+00-04-00,21136.15478870851,179.93408696821612
sarek-jun-3~+00-05-00,21129.578838814727,179.93408696821612
sarek-jun-3~+00-06-00,21123.324838244327,179.93408696821612
sarek-jun-3~+00-07-00,21049.07072480096,179.93408696821612
sarek-jun-3~+00-08-00,20961.77963505943,179.93408696821612
sarek-jun-3~+00-09-00,20632.03123499023,179.93408696821612
sarek-jun-3~+00-10-00,19954.420610422596,179.93408696821612
sarek-jun-3~+00-11-00,18945.930717058694,179.93408696821612
sarek-jun-3~+00-12-00,17747.093842061426,179.93408696821612
sarek-jun-3~+00-13-00,16383.57980119295,179.93408696821612
sarek-jun-3~+00-14-00,15233.277948328772,179.93408696821612
sarek-jun-3~+00-15-00,14407.018469120536,179.93408696821612
sarek-jun-3~+00-16-00,14219.740744847675,179.93408696821612
sarek-jun-3~+00-17-00,14612.560962364681,179.93408696821612
sarek-jun-3~+00-18-00,15599.106649008563,179.93408696821612
sarek-jun-3~+00-19-00,16990.79469999208,179.93408696821612
sarek-jun-3~+00-20-00,18378.126139372187,179.93408696821612
sarek-jun-3~+00-21-00,19551.38142598012,179.93408696821612
sarek-jun-3~+00-22-00,20403.37460450456,179.93408696821612
sarek-jun-3~+00-23-00,20879.755953522665,179.93408696821612
sarek-jun-3~+01-00-00,21079.762468732617,179.93408696821612
