trace,op_ems,emb_ems
mag-apr-1,16622.874403503323,170.94595497756436
mag-apr-1~+00-01-00,16601.296518303287,170.94595497756436
mag-apr-1~+00-02-00,16558.77255876656,170.94595497756436
mag-apr-1~+00-03-00,16498.843076650002,170.94595497756436
mag-apr-1~+00-04-00,16423.94296664453,170.94595497756436
mag-apr-1~+00-05-00,16351.558762695106,170.94595497756436
mag-apr-1~+00-06-00,16280.705517675482,170.94595497756436
mag-apr-1~+00-07-00,16175.590459458244,170.94595497756436
mag-apr-1~+00-08-00,16038.152120811958,170.94595497756436
mag-apr-1~+00-09-00,15913.835317084906,170.94595497756436
mag-apr-1~+00-10-00,15832.231730572037,170.94595497756436
mag-apr-1~+00-11-00,15816.392958093527,170.94595497756436
mag-apr-1~+00-12-00,15875.770404792813,170.94595497756436
mag-apr-1~+00-13-00,15951.68737723367,170.94595497756436
mag-apr-1~+00-14-00,15989.416217351381,170.94595497756436
mag-apr-1~+00-15-00,15990.068461137105,170.94595497756436
mag-apr-1~+00-16-00,16005.82396655577,170.94595497756436
mag-apr-1~+00-17-00,16038.81489338321,170.94595497756436
mag-apr-1~+00-18-00,16072.570343973768,170.94595497756436
mag-apr-1~+00-19-00,16147.11673472451,170.94595497756436
mag-apr-1~+00-20-00,16262.583412663296,170.94595497756436
mag-apr-1~+00-21-00,16368.976748473126,170.94595497756436
mag-apr-1~+00-22-00,16447.151252686752,170.94595497756436
mag-apr-1~+00-23-00,16503.45162378812,170.94595497756436
mag-apr-1~+01-00-00,16526.493898680805,170.94595497756436
