trace,op_ems,emb_ems
rnaseq-feb-1,8139.112082283796,62.89105340684976
rnaseq-feb-1~+00-01-00,8139.112082283796,62.89105340684976
rnaseq-feb-1~+00-02-00,8139.112082283796,62.89105340684976
rnaseq-feb-1~+00-03-00,8138.808032673022,62.89105340684976
rnaseq-feb-1~+00-04-00,8136.284925896856,62.89105340684976
rnaseq-feb-1~+00-05-00,8133.595357874094,62.89105340684976
rnaseq-feb-1~+00-06-00,8132.226200657516,62.89105340684976
rnaseq-feb-1~+00-07-00,8132.226200657516,62.89105340684976
rnaseq-feb-1~+00-08-00,8132.226200657516,62.89105340684976
rnaseq-feb-1~+00-09-00,8132.298361518574,62.89105340684976
rnaseq-feb-1~+00-10-00,8134.757001162781,62.89105340684976
rnaseq-feb-1~+00-11-00,8137.567158225574,62.89105340684976
rnaseq-feb-1~+00-12-00,8140.0514516528565,62.89105340684976
rnaseq-feb-1~+00-13-00,8142.866259431559,62.89105340684976
rnaseq-feb-1~+00-14-00,8143.814073468825,62.89105340684976
rnaseq-feb-1~+00-15-00,8141.503628604702,62.89105340684976
rnaseq-feb-1~+00-16-00,8139.36341155467,62.89105340684976
rnaseq-feb-1~+00-17-00,8139.112082283796,62.89105340684976
rnaseq-feb-1~+00-18-00,8139.112082283796,62.89105340684976
rnaseq-feb-1~+00-19-00,8139.112082283796,62.89105340684976
rnaseq-feb-1~+00-20-00,8139.112082283796,62.89105340684976
rnaseq-feb-1~+00-21-00,8139.112082283796,62.89105340684976
rnaseq-feb-1~+00-22-00,8139.112082283796,62.89105340684976
rnaseq-feb-1~+00-23-00,8139.112082283796,62.89105340684976
rnaseq-feb-1~+01-00-00,8139.112082283796,62.89105340684976
