trace,op_ems,emb_ems
mag-aug-3,16313.375051629047,170.30505238040828
mag-aug-3~+00-01-00,16238.498493276147,170.30505238040828
mag-aug-3~+00-02-00,16002.168449800134,170.30505238040828
mag-aug-3~+00-03-00,15622.037883706564,170.30505238040828
mag-aug-3~+00-04-00,15140.431983934963,170.30505238040828
mag-aug-3~+00-05-00,14643.281925189982,170.30505238040828
mag-aug-3~+00-06-00,14214.742850413719,170.30505238040828
mag-aug-3~+00-07-00,13871.845752021069,170.30505238040828
mag-aug-3~+00-08-00,13604.32447616412,170.30505238040828
mag-aug-3~+00-09-00,13405.925309493836,170.30505238040828
mag-aug-3~+00-10-00,13305.116927109157,170.30505238040828
mag-aug-3~+00-11-00,13331.370327556066,170.30505238040828
mag-aug-3~+00-12-00,13457.50514359519,170.30505238040828
mag-aug-3~+00-13-00,13639.5696956512,170.30505238040828
mag-aug-3~+00-14-00,13850.934174904743,170.30505238040828
mag-aug-3~+00-15-00,14064.83811618461,170.30505238040828
mag-aug-3~+00-16-00,14281.09553225995,170.30505238040828
mag-aug-3~+00-17-00,14542.723500354372,170.30505238040828
mag-aug-3~+00-18-00,14872.289548337023,170.30505238040828
mag-aug-3~+00-19-00,15243.1408965201,170.30505238040828
mag-aug-3~+00-20-00,15598.474382454537,170.30505238040828
mag-aug-3~+00-21-00,15896.61034780176,170.30505238040828
mag-aug-3~+00-22-00,16126.355724704403,170.30505238040828
mag-aug-3~+00-23-00,16284.827017115174,170.30505238040828
mag-aug-3~+01-00-00,16349.367670137612,170.30505238040828
