trace,op_ems,emb_ems
nanoseq-dec-1,188.79567564390166,2.2493885276446886
nanoseq-dec-1~+00-01-00,188.77547980533092,2.2493885276446886
nanoseq-dec-1~+00-02-00,188.74100419547588,2.2493885276446886
nanoseq-dec-1~+00-03-00,188.69847851213524,2.2493885276446886
nanoseq-dec-1~+00-04-00,188.68080893616207,2.2493885276446886
nanoseq-dec-1~+00-05-00,188.66124342031833,2.2493885276446886
nanoseq-dec-1~+00-06-00,188.65023979934767,2.2493885276446886
nanoseq-dec-1~+00-07-00,188.65810604497756,2.2493885276446886
nanoseq-dec-1~+00-08-00,188.67713264221703,2.2493885276446886
nanoseq-dec-1~+00-09-00,188.7121708768972,2.2493885276446886
nanoseq-dec-1~+00-10-00,188.7531923301154,2.2493885276446886
nanoseq-dec-1~+00-11-00,188.7938505984331,2.2493885276446886
nanoseq-dec-1~+00-12-00,188.82240218900537,2.2493885276446886
nanoseq-dec-1~+00-13-00,188.83886994050923,2.2493885276446886
nanoseq-dec-1~+00-14-00,188.831351046557,2.2493885276446886
nanoseq-dec-1~+00-15-00,188.82495730915352,2.2493885276446886
nanoseq-dec-1~+00-16-00,188.81688732117485,2.2493885276446886
nanoseq-dec-1~+00-17-00,188.80864713974813,2.2493885276446886
nanoseq-dec-1~+00-18-00,188.80846465849788,2.2493885276446886
nanoseq-dec-1~+00-19-00,188.81140903091097,2.2493885276446886
nanoseq-dec-1~+00-20-00,188.81106982123865,2.2493885276446886
nanoseq-dec-1~+00-21-00,188.81613432074414,2.2493885276446886
nanoseq-dec-1~+00-22-00,188.82692453881748,2.2493885276446886
nanoseq-dec-1~+00-23-00,188.81776409315668,2.2493885276446886
nanoseq-dec-1~+01-00-00,188.80342936143896,2.2493885276446886
