trace,op_ems,emb_ems
sarek-oct-1,23186.773559522284,185.156829608021
sarek-oct-1~+00-01-00,23182.97390796432,185.156829608021
sarek-oct-1~+00-02-00,23179.98946088193,185.156829608021
sarek-oct-1~+00-03-00,23179.75196111482,185.156829608021
sarek-oct-1~+00-04-00,23178.017245849653,185.156829608021
sarek-oct-1~+00-05-00,23177.510032917082,185.156829608021
sarek-oct-1~+00-06-00,23177.413247582404,185.156829608021
sarek-oct-1~+00-07-00,23177.4342622353,185.156829608021
sarek-oct-1~+00-08-00,23177.67860864268,185.156829608021
sarek-oct-1~+00-09-00,23178.557547255376,185.156829608021
sarek-oct-1~+00-10-00,23177.804255265382,185.156829608021
sarek-oct-1~+00-11-00,23179.533343538304,185.156829608021
sarek-oct-1~+00-12-00,23181.969860809222,185.156829608021
sarek-oct-1~+00-13-00,23185.70399011249,185.156829608021
sarek-oct-1~+00-14-00,23190.478376190793,185.156829608021
sarek-oct-1~+00-15-00,23193.33322289776,185.156829608021
sarek-oct-1~+00-16-00,23196.264528372183,185.156829608021
sarek-oct-1~+00-17-00,23200.510664965273,185.156829608021
sarek-oct-1~+00-18-00,23199.34698949538,185.156829608021
sarek-oct-1~+00-19-00,23199.225642117242,185.156829608021
sarek-oct-1~+00-20-00,23198.471098053178,185.156829608021
sarek-oct-1~+00-21-00,23196.280152510375,185.156829608021
sarek-oct-1~+00-22-00,23191.31540216515,185.156829608021
sarek-oct-1~+00-23-00,23190.001282690897,185.156829608021
sarek-oct-1~+01-00-00,23187.07872738333,185.156829608021
