trace,op_ems,emb_ems
mag-dec-1,16531.592417829583,170.94595497756436
mag-dec-1~+00-01-00,16503.17065904989,170.94595497756436
mag-dec-1~+00-02-00,16329.497819190114,170.94595497756436
mag-dec-1~+00-03-00,15953.704864005815,170.94595497756436
mag-dec-1~+00-04-00,15396.556069234477,170.94595497756436
mag-dec-1~+00-05-00,14735.705807402916,170.94595497756436
mag-dec-1~+00-06-00,14138.558058086208,170.94595497756436
mag-dec-1~+00-07-00,13759.116459057223,170.94595497756436
mag-dec-1~+00-08-00,13642.976575040193,170.94595497756436
mag-dec-1~+00-09-00,13755.244433549338,170.94595497756436
mag-dec-1~+00-10-00,13986.008260539527,170.94595497756436
mag-dec-1~+00-11-00,14222.588113931482,170.94595497756436
mag-dec-1~+00-12-00,14313.462928117357,170.94595497756436
mag-dec-1~+00-13-00,14268.275040574808,170.94595497756436
mag-dec-1~+00-14-00,14232.909894933753,170.94595497756436
mag-dec-1~+00-15-00,14358.909959931467,170.94595497756436
mag-dec-1~+00-16-00,14699.929290936045,170.94595497756436
mag-dec-1~+00-17-00,15158.34131922801,170.94595497756436
mag-dec-1~+00-18-00,15635.163721775405,170.94595497756436
mag-dec-1~+00-19-00,16030.179311817741,170.94595497756436
mag-dec-1~+00-20-00,16333.457523439622,170.94595497756436
mag-dec-1~+00-21-00,16516.213942714272,170.94595497756436
mag-dec-1~+00-22-00,16562.033879401457,170.94595497756436
mag-dec-1~+00-23-00,16557.518026396476,170.94595497756436
mag-dec-1~+01-00-00,16553.363712529084,170.94595497756436
