trace,op_ems,emb_ems
chipseq-may-3,11577.863904058002,95.28231502287919
chipseq-may-3~+00-01-00,11650.249699411424,95.28231502287919
chipseq-may-3~+00-02-00,11673.928825265808,95.28231502287919
chipseq-may-3~+00-03-00,11672.293349825533,95.28231502287919
chipseq-may-3~+00-04-00,11653.605065546963,95.28231502287919
chipseq-may-3~+00-05-00,11616.869972433176,95.28231502287919
chipseq-may-3~+00-06-00,11580.631026547977,95.28231502287919
chipseq-may-3~+00-07-00,11572.50430403846,95.28231502287919
chipseq-may-3~+00-08-00,11569.698378641957,95.28231502287919
chipseq-may-3~+00-09-00,11519.690002599327,95.28231502287919
chipseq-may-3~+00-10-00,11387.586463602349,95.28231502287919
chipseq-may-3~+00-11-00,11137.71524226846,95.28231502287919
chipseq-may-3~+00-12-00,10633.729624689206,95.28231502287919
chipseq-may-3~+00-13-00,9842.010539862664,95.28231502287919
chipseq-may-3~+00-14-00,8939.375677705882,95.28231502287919
chipseq-may-3~+00-15-00,8150.913597416039,95.28231502287919
chipseq-may-3~+00-16-00,7586.838098069057,95.28231502287919
chipseq-may-3~+00-17-00,7347.835504056417,95.28231502287919
chipseq-may-3~+00-18-00,7499.7236493036135,95.28231502287919
chipseq-may-3~+00-19-00,8070.419045644893,95.28231502287919
chipseq-may-3~+00-20-00,8959.720762941577,95.28231502287919
chipseq-may-3~+00-21-00,9975.823798122854,95.28231502287919
chipseq-may-3~+00-22-00,10860.78709033608,95.28231502287919
chipseq-may-3~+00-23-00,11386.659033481083,95.28231502287919
chipseq-may-3~+01-00-00,11601.21812275375,95.28231502287919
