trace,op_ems,emb_ems
chipseq-sep-3,13076.366379692465,100.15869459141447
chipseq-sep-3~+00-01-00,13075.97615398087,100.15869459141447
chipseq-sep-3~+00-02-00,13074.233058901285,100.15869459141447
chipseq-sep-3~+00-03-00,13072.6024880689,100.15869459141447
chipseq-sep-3~+00-04-00,13071.051235656863,100.15869459141447
chipseq-sep-3~+00-05-00,13066.705572509081,100.15869459141447
chipseq-sep-3~+00-06-00,13063.173327523895,100.15869459141447
chipseq-sep-3~+00-07-00,13061.542756691508,100.15869459141447
chipseq-sep-3~+00-08-00,13061.542756691508,100.15869459141447
chipseq-sep-3~+00-09-00,13061.542756691508,100.15869459141447
chipseq-sep-3~+00-10-00,13061.542756691508,100.15869459141447
chipseq-sep-3~+00-11-00,13062.425789421608,100.15869459141447
chipseq-sep-3~+00-12-00,13065.125246288684,100.15869459141447
chipseq-sep-3~+00-13-00,13071.432805127059,100.15869459141447
chipseq-sep-3~+00-14-00,13076.235490173067,100.15869459141447
chipseq-sep-3~+00-15-00,13076.235871203837,100.15869459141447
chipseq-sep-3~+00-16-00,13076.668550638815,100.15869459141447
chipseq-sep-3~+00-17-00,13077.02638061993,100.15869459141447
chipseq-sep-3~+00-18-00,13077.02638061993,100.15869459141447
chipseq-sep-3~+00-19-00,13077.02638061993,100.15869459141447
chipseq-sep-3~+00-20-00,13077.02638061993,100.15869459141447
chipseq-sep-3~+00-21-00,13076.815929806395,100.15869459141447
chipseq-sep-3~+00-22-00,13076.206728291807,100.15869459141447
chipseq-sep-3~+00-23-00,13075.89894819647,100.15869459141447
chipseq-sep-3~+01-00-00,13076.352984713194,100.15869459141447
