trace,op_ems,emb_ems
rnaseq-sep-1,7348.371031137362,60.34201273201991
rnaseq-sep-1~+00-01-00,7356.31347585551,60.34201273201991
rnaseq-sep-1~+00-02-00,7332.653819327074,60.34201273201991
rnaseq-sep-1~+00-03-00,7316.487391332333,60.34201273201991
rnaseq-sep-1~+00-04-00,7311.755029590932,60.34201273201991
rnaseq-sep-1~+00-05-00,7303.889225006546,60.34201273201991
rnaseq-sep-1~+00-06-00,7289.8061920565,60.34201273201991
rnaseq-sep-1~+00-07-00,7274.916811060989,60.34201273201991
rnaseq-sep-1~+00-08-00,7265.820605477919,60.34201273201991
rnaseq-sep-1~+00-09-00,7261.979116972251,60.34201273201991
rnaseq-sep-1~+00-10-00,7260.752325946472,60.34201273201991
rnaseq-sep-1~+00-11-00,7178.903108362798,60.34201273201991
rnaseq-sep-1~+00-12-00,6884.380868558669,60.34201273201991
rnaseq-sep-1~+00-13-00,6416.070609633178,60.34201273201991
rnaseq-sep-1~+00-14-00,6002.292997622799,60.34201273201991
rnaseq-sep-1~+00-15-00,5735.953290075617,60.34201273201991
rnaseq-sep-1~+00-16-00,5553.586686994112,60.34201273201991
rnaseq-sep-1~+00-17-00,5438.646285152677,60.34201273201991
rnaseq-sep-1~+00-18-00,5450.293304596811,60.34201273201991
rnaseq-sep-1~+00-19-00,5616.898014195767,60.34201273201991
rnaseq-sep-1~+00-20-00,5941.726477238986,60.34201273201991
rnaseq-sep-1~+00-21-00,6364.24212994132,60.34201273201991
rnaseq-sep-1~+00-22-00,6825.234773531027,60.34201273201991
rnaseq-sep-1~+00-23-00,7184.616719491431,60.34201273201991
rnaseq-sep-1~+01-00-00,7345.75270751248,60.34201273201991
