trace,op_ems,emb_ems
rnaseq-jul-1,7243.590928818591,60.34201273201991
rnaseq-jul-1~+00-01-00,7272.997332112456,60.34201273201991
rnaseq-jul-1~+00-02-00,7279.873680528607,60.34201273201991
rnaseq-jul-1~+00-03-00,7278.671449889597,60.34201273201991
rnaseq-jul-1~+00-04-00,7267.939641974881,60.34201273201991
rnaseq-jul-1~+00-05-00,7258.804159773529,60.34201273201991
rnaseq-jul-1~+00-06-00,7250.541757679458,60.34201273201991
rnaseq-jul-1~+00-07-00,7242.604670490146,60.34201273201991
rnaseq-jul-1~+00-08-00,7234.329800562993,60.34201273201991
rnaseq-jul-1~+00-09-00,7222.432549193151,60.34201273201991
rnaseq-jul-1~+00-10-00,7205.690334112133,60.34201273201991
rnaseq-jul-1~+00-11-00,7162.144517524372,60.34201273201991
rnaseq-jul-1~+00-12-00,7008.362573386104,60.34201273201991
rnaseq-jul-1~+00-13-00,6649.914116643866,60.34201273201991
rnaseq-jul-1~+00-14-00,6154.675749148246,60.34201273201991
rnaseq-jul-1~+00-15-00,5676.155715458136,60.34201273201991
rnaseq-jul-1~+00-16-00,5315.381988262108,60.34201273201991
rnaseq-jul-1~+00-17-00,5101.657482889451,60.34201273201991
rnaseq-jul-1~+00-18-00,5105.8581051996325,60.34201273201991
rnaseq-jul-1~+00-19-00,5348.694388287295,60.34201273201991
rnaseq-jul-1~+00-20-00,5792.030204231313,60.34201273201991
rnaseq-jul-1~+00-21-00,6323.495133174144,60.34201273201991
rnaseq-jul-1~+00-22-00,6812.52672819358,60.34201273201991
rnaseq-jul-1~+00-23-00,7116.001724207588,60.34201273201991
rnaseq-jul-1~+01-00-00,7233.38974531765,60.34201273201991
