trace,op_ems,emb_ems
sarek-oct-3,20974.511535336,179.93408696821612
sarek-oct-3~+00-01-00,20955.70300677194,179.93408696821612
sarek-oct-3~+00-02-00,20933.48629132562,179.93408696821612
sarek-oct-3~+00-03-00,20900.980082013088,179.93408696821612
sarek-oct-3~+00-04-00,20872.97356892655,179.93408696821612
sarek-oct-3~+00-05-00,20845.18563974332,179.93408696821612
sarek-oct-3~+00-06-00,20819.223156043023,179.93408696821612
sarek-oct-3~+00-07-00,20823.509048980835,179.93408696821612
sarek-oct-3~+00-08-00,20832.392633369676,179.93408696821612
sarek-oct-3~+00-09-00,20588.069460177096,179.93408696821612
sarek-oct-3~+00-10-00,19544.85458500078,179.93408696821612
sarek-oct-3~+00-11-00,17978.049957706095,179.93408696821612
sarek-oct-3~+00-12-00,16224.717769249652,179.93408696821612
sarek-oct-3~+00-13-00,14483.766718288667,179.93408696821612
sarek-oct-3~+00-14-00,13187.113768437584,179.93408696821612
sarek-oct-3~+00-15-00,12572.610861096284,179.93408696821612
sarek-oct-3~+00-16-00,12871.535286561357,179.93408696821612
sarek-oct-3~+00-17-00,13843.51122264605,179.93408696821612
sarek-oct-3~+00-18-00,15352.506591303354,179.93408696821612
sarek-oct-3~+00-19-00,17114.86185597989,179.93408696821612
sarek-oct-3~+00-20-00,18697.516432607736,179.93408696821612
sarek-oct-3~+00-21-00,19888.011884697327,179.93408696821612
sarek-oct-3~+00-22-00,20621.69459376742,179.93408696821612
sarek-oct-3~+00-23-00,20935.25456134077,179.93408696821612
sarek-oct-3~+01-00-00,20961.23197610463,179.93408696821612
