trace,op_ems,emb_ems
rnaseq-jun-3,7459.482723172494,61.95465283773145
rnaseq-jun-3~+00-01-00,7517.723575317735,61.95465283773145
rnaseq-jun-3~+00-02-00,7532.868379353734,61.95465283773145
rnaseq-jun-3~+00-03-00,7524.194485226301,61.95465283773145
rnaseq-jun-3~+00-04-00,7516.001987249122,61.95465283773145
rnaseq-jun-3~+00-05-00,7506.550518373642,61.95465283773145
rnaseq-jun-3~+00-06-00,7500.882136040284,61.95465283773145
rnaseq-jun-3~+00-07-00,7502.140432453773,61.95465283773145
rnaseq-jun-3~+00-08-00,7508.152277543354,61.95465283773145
rnaseq-jun-3~+00-09-00,7486.367657448591,61.95465283773145
rnaseq-jun-3~+00-10-00,7433.953473526939,61.95465283773145
rnaseq-jun-3~+00-11-00,7316.496888728978,61.95465283773145
rnaseq-jun-3~+00-12-00,7050.156805164649,61.95465283773145
rnaseq-jun-3~+00-13-00,6579.983265754035,61.95465283773145
rnaseq-jun-3~+00-14-00,6022.16423207363,61.95465283773145
rnaseq-jun-3~+00-15-00,5502.539447811664,61.95465283773145
rnaseq-jun-3~+00-16-00,5107.901085044569,61.95465283773145
rnaseq-jun-3~+00-17-00,4884.1295760847615,61.95465283773145
rnaseq-jun-3~+00-18-00,4909.057505752981,61.95465283773145
rnaseq-jun-3~+00-19-00,5192.529279957043,61.95465283773145
rnaseq-jun-3~+00-20-00,5705.966044090827,61.95465283773145
rnaseq-jun-3~+00-21-00,6329.3297572292695,61.95465283773145
rnaseq-jun-3~+00-22-00,6907.112221158425,61.95465283773145
rnaseq-jun-3~+00-23-00,7283.947854103026,61.95465283773145
rnaseq-jun-3~+01-00-00,7443.238040393905,61.95465283773145
