trace,op_ems,emb_ems
mag-jan-3,16391.356182722146,170.30505238040828
mag-jan-3~+00-01-00,16382.097024417362,170.30505238040828
mag-jan-3~+00-02-00,16263.167516869573,170.30505238040828
mag-jan-3~+00-03-00,15969.758798694103,170.30505238040828
mag-jan-3~+00-04-00,15488.050188117713,170.30505238040828
mag-jan-3~+00-05-00,14884.516406616483,170.30505238040828
mag-jan-3~+00-06-00,14314.998590034342,170.30505238040828
mag-jan-3~+00-07-00,13940.7674636796,170.30505238040828
mag-jan-3~+00-08-00,13816.112810661663,170.30505238040828
mag-jan-3~+00-09-00,13909.229562565006,170.30505238040828
mag-jan-3~+00-10-00,14128.22787238448,170.30505238040828
mag-jan-3~+00-11-00,14342.273774521815,170.30505238040828
mag-jan-3~+00-12-00,14439.248717021694,170.30505238040828
mag-jan-3~+00-13-00,14420.275238103397,170.30505238040828
mag-jan-3~+00-14-00,14359.055191631267,170.30505238040828
mag-jan-3~+00-15-00,14410.630952083924,170.30505238040828
mag-jan-3~+00-16-00,14647.991382336386,170.30505238040828
mag-jan-3~+00-17-00,15005.446890855426,170.30505238040828
mag-jan-3~+00-18-00,15409.071450833197,170.30505238040828
mag-jan-3~+00-19-00,15771.796392735152,170.30505238040828
mag-jan-3~+00-20-00,16063.53256806427,170.30505238040828
mag-jan-3~+00-21-00,16267.741358068452,170.30505238040828
mag-jan-3~+00-22-00,16344.697005724307,170.30505238040828
mag-jan-3~+00-23-00,16347.322971007872,170.30505238040828
mag-jan-3~+01-00-00,16344.850533201763,170.30505238040828
