trace,op_ems,emb_ems
sarek-sep-1,23204.10801849973,185.156829608021
sarek-sep-1~+00-01-00,23203.541793034106,185.156829608021
sarek-sep-1~+00-02-00,23202.106024686054,185.156829608021
sarek-sep-1~+00-03-00,23194.111831682552,185.156829608021
sarek-sep-1~+00-04-00,23189.930697227508,185.156829608021
sarek-sep-1~+00-05-00,23186.117790422628,185.156829608021
sarek-sep-1~+00-06-00,23183.04420228932,185.156829608021
sarek-sep-1~+00-07-00,23181.00517106147,185.156829608021
sarek-sep-1~+00-08-00,23181.00517106147,185.156829608021
sarek-sep-1~+00-09-00,23181.005662979132,185.156829608021
sarek-sep-1~+00-10-00,23185.458454150637,185.156829608021
sarek-sep-1~+00-11-00,23192.03579032732,185.156829608021
sarek-sep-1~+00-12-00,23197.70006546115,185.156829608021
sarek-sep-1~+00-13-00,23202.21967776791,185.156829608021
sarek-sep-1~+00-14-00,23206.812667518992,185.156829608021
sarek-sep-1~+00-15-00,23207.702449445816,185.156829608021
sarek-sep-1~+00-16-00,23208.043914179576,185.156829608021
sarek-sep-1~+00-17-00,23208.4847707566,185.156829608021
sarek-sep-1~+00-18-00,23208.4847707566,185.156829608021
sarek-sep-1~+00-19-00,23208.483018233837,185.156829608021
sarek-sep-1~+00-20-00,23207.49472861676,185.156829608021
sarek-sep-1~+00-21-00,23206.926056995126,185.156829608021
sarek-sep-1~+00-22-00,23207.856245745315,185.156829608021
sarek-sep-1~+00-23-00,23205.057411594702,185.156829608021
sarek-sep-1~+01-00-00,23202.207199447847,185.156829608021
