trace,op_ems,emb_ems
sarek-apr-3,21198.912100270572,179.93408696821612
sarek-apr-3~+00-01-00,21206.158412930556,179.93408696821612
sarek-apr-3~+00-02-00,21197.394281482197,179.93408696821612
sarek-apr-3~+00-03-00,21180.023422311413,179.93408696821612
sarek-apr-3~+00-04-00,21170.407460723058,179.93408696821612
sarek-apr-3~+00-05-00,21166.680465716952,179.93408696821612
sarek-apr-3~+00-06-00,21160.31171395727,179.93408696821612
sarek-apr-3~+00-07-00,21151.405452925643,179.93408696821612
sarek-apr-3~+00-08-00,21118.043384046403,179.93408696821612
sarek-apr-3~+00-09-00,21034.919400533734,179.93408696821612
sarek-apr-3~+00-10-00,20927.98311433187,179.93408696821612
sarek-apr-3~+00-11-00,20763.455740541704,179.93408696821612
sarek-apr-3~+00-12-00,20582.941200513687,179.93408696821612
sarek-apr-3~+00-13-00,20436.30296375483,179.93408696821612
sarek-apr-3~+00-14-00,20267.25723969025,179.93408696821612
sarek-apr-3~+00-15-00,19938.468770650838,179.93408696821612
sarek-apr-3~+00-16-00,19726.232982491332,179.93408696821612
sarek-apr-3~+00-17-00,19636.669003572697,179.93408696821612
sarek-apr-3~+00-18-00,19654.672555899495,179.93408696821612
sarek-apr-3~+00-19-00,19832.60435737866,179.93408696821612
sarek-apr-3~+00-20-00,20195.904830477924,179.93408696821612
sarek-apr-3~+00-21-00,20529.50290313704,179.93408696821612
sarek-apr-3~+00-22-00,20778.50432311375,179.93408696821612
sarek-apr-3~+00-23-00,20937.155589978698,179.93408696821612
sarek-apr-3~+01-00-00,21009.24979138769,179.93408696821612
