trace,op_ems,emb_ems
rangeland-jan-3,5570.467969327871,56.21086774659671
rangeland-jan-3~+00-01-00,5569.212889989759,56.21086774659671
rangeland-jan-3~+00-02-00,5566.392883366181,56.21086774659671
rangeland-jan-3~+00-03-00,5565.030935773671,56.21086774659671
rangeland-jan-3~+00-04-00,5563.734578461557,56.21086774659671
rangeland-jan-3~+00-05-00,5563.332382818857,56.21086774659671
rangeland-jan-3~+00-06-00,5567.060569291167,56.21086774659671
rangeland-jan-3~+00-07-00,5557.428542117133,56.21086774659671
rangeland-jan-3~+00-08-00,5465.614782327987,56.21086774659671
rangeland-jan-3~+00-09-00,5300.746536603478,56.21086774659671
rangeland-jan-3~+00-10-00,5064.269632409678,56.21086774659671
rangeland-jan-3~+00-11-00,4805.719276552171,56.21086774659671
rangeland-jan-3~+00-12-00,4544.366048448717,56.21086774659671
rangeland-jan-3~+00-13-00,4343.58996737998,56.21086774659671
rangeland-jan-3~+00-14-00,4223.645768498022,56.21086774659671
rangeland-jan-3~+00-15-00,4250.2385633646145,56.21086774659671
rangeland-jan-3~+00-16-00,4408.150408055976,56.21086774659671
rangeland-jan-3~+00-17-00,4625.131211664142,56.21086774659671
rangeland-jan-3~+00-18-00,4872.826235286303,56.21086774659671
rangeland-jan-3~+00-19-00,5129.775108984947,56.21086774659671
rangeland-jan-3~+00-20-00,5340.421391129708,56.21086774659671
rangeland-jan-3~+00-21-00,5487.887897331961,56.21086774659671
rangeland-jan-3~+00-22-00,5557.889449991578,56.21086774659671
rangeland-jan-3~+00-23-00,5564.275340609318,56.21086774659671
rangeland-jan-3~+01-00-00,5558.788030403253,56.21086774659671
