trace,op_ems,emb_ems
rangeland-jan-3,6006.061817631649,56.305479409080235
rangeland-jan-3~+00-01-00,6005.3762935179975,56.305479409080235
rangeland-jan-3~+00-02-00,6004.68390172137,56.305479409080235
rangeland-jan-3~+00-03-00,6003.990979365403,56.305479409080235
rangeland-jan-3~+00-04-00,6003.298186967144,56.305479409080235
rangeland-jan-3~+00-05-00,6002.679975347617,56.305479409080235
rangeland-jan-3~+00-06-00,6003.189119441399,56.305479409080235
rangeland-jan-3~+00-07-00,6004.258649415362,56.305479409080235
rangeland-jan-3~+00-08-00,6005.023877741204,56.305479409080235
rangeland-jan-3~+00-09-00,6005.723487466831,56.305479409080235
rangeland-jan-3~+00-10-00,6007.274051898395,56.305479409080235
rangeland-jan-3~+00-11-00,6008.567073344165,56.305479409080235
rangeland-jan-3~+00-12-00,6008.577571605399,56.305479409080235
rangeland-jan-3~+00-13-00,6008.582226858297,56.305479409080235
rangeland-jan-3~+00-14-00,6008.149019604584,56.305479409080235
rangeland-jan-3~+00-15-00,6008.120937841429,56.305479409080235
rangeland-jan-3~+00-16-00,6008.222319490696,56.305479409080235
rangeland-jan-3~+00-17-00,6008.759716747957,56.305479409080235
rangeland-jan-3~+00-18-00,6009.016756758421,56.305479409080235
rangeland-jan-3~+00-19-00,6009.709340508987,56.305479409080235
rangeland-jan-3~+00-20-00,6010.402235039016,56.305479409080235
rangeland-jan-3~+00-21-00,6010.190081092801,56.305479409080235
rangeland-jan-3~+00-22-00,6010.198782804352,56.305479409080235
rangeland-jan-3~+00-23-00,6009.881541240228,56.305479409080235
rangeland-jan-3~+01-00-00,6008.806836945035,56.305479409080235
