trace,op_ems,emb_ems
chipseq-jan-2,12890.91066502888,98.55920482780722
chipseq-jan-2~+00-01-00,12890.91066502888,98.55920482780722
chipseq-jan-2~+00-02-00,12890.91066502888,98.55920482780722
chipseq-jan-2~+00-03-00,12889.734509319846,98.55920482780722
chipseq-jan-2~+00-04-00,12886.301511070062,98.55920482780722
chipseq-jan-2~+00-05-00,12881.941001404042,98.55920482780722
chipseq-jan-2~+00-06-00,12880.004649237808,98.55920482780722
chipseq-jan-2~+00-07-00,12880.004649237808,98.55920482780722
chipseq-jan-2~+00-08-00,12880.004649237808,98.55920482780722
chipseq-jan-2~+00-09-00,12881.667104422906,98.55920482780722
chipseq-jan-2~+00-10-00,12886.521679316213,98.55920482780722
chipseq-jan-2~+00-11-00,12890.77070187818,98.55920482780722
chipseq-jan-2~+00-12-00,12895.181888334868,98.55920482780722
chipseq-jan-2~+00-13-00,12892.811221636204,98.55920482780722
chipseq-jan-2~+00-14-00,12894.176877250424,98.55920482780722
chipseq-jan-2~+00-15-00,12897.886661464518,98.55920482780722
chipseq-jan-2~+00-16-00,12895.028648403586,98.55920482780722
chipseq-jan-2~+00-17-00,12892.37917360203,98.55920482780722
chipseq-jan-2~+00-18-00,12890.91066502888,98.55920482780722
chipseq-jan-2~+00-19-00,12890.923383691737,98.55920482780722
chipseq-jan-2~+00-20-00,12892.753016057164,98.55920482780722
chipseq-jan-2~+00-21-00,12897.654377820683,98.55920482780722
chipseq-jan-2~+00-22-00,12900.505618491366,98.55920482780722
chipseq-jan-2~+00-23-00,12901.816680819975,98.55920482780722
chipseq-jan-2~+01-00-00,12900.97500689658,98.55920482780722
