trace,op_ems,emb_ems
rnaseq-apr-3,8342.502523158848,64.60281226683885
rnaseq-apr-3~+00-01-00,8342.304241540332,64.60281226683885
rnaseq-apr-3~+00-02-00,8341.92967750904,64.60281226683885
rnaseq-apr-3~+00-03-00,8341.92967750904,64.60281226683885
rnaseq-apr-3~+00-04-00,8341.92967750904,64.60281226683885
rnaseq-apr-3~+00-05-00,8341.92967750904,64.60281226683885
rnaseq-apr-3~+00-06-00,8341.92967750904,64.60281226683885
rnaseq-apr-3~+00-07-00,8341.92967750904,64.60281226683885
rnaseq-apr-3~+00-08-00,8341.92967750904,64.60281226683885
rnaseq-apr-3~+00-09-00,8341.92967750904,64.60281226683885
rnaseq-apr-3~+00-10-00,8341.92967750904,64.60281226683885
rnaseq-apr-3~+00-11-00,8341.92967750904,64.60281226683885
rnaseq-apr-3~+00-12-00,8341.92967750904,64.60281226683885
rnaseq-apr-3~+00-13-00,8341.93094841731,64.60281226683885
rnaseq-apr-3~+00-14-00,8343.65389118897,64.60281226683885
rnaseq-apr-3~+00-15-00,8346.756545483348,64.60281226683885
rnaseq-apr-3~+00-16-00,8348.993123467986,64.60281226683885
rnaseq-apr-3~+00-17-00,8348.038730548718,64.60281226683885
rnaseq-apr-3~+00-18-00,8347.267604355657,64.60281226683885
rnaseq-apr-3~+00-19-00,8347.925136695487,64.60281226683885
rnaseq-apr-3~+00-20-00,8348.993123467986,64.60281226683885
rnaseq-apr-3~+00-21-00,8348.993123467986,64.60281226683885
rnaseq-apr-3~+00-22-00,8348.993123467986,64.60281226683885
rnaseq-apr-3~+00-23-00,8348.993123467986,64.60281226683885
rnaseq-apr-3~+01-00-00,8348.993123467986,64.60281226683885
