trace,op_ems,emb_ems
montage-oct-3,518.5610639927447,4.459453342142623
montage-oct-3~+00-01-00,518.5418561468513,4.459453342142623
montage-oct-3~+00-02-00,518.3173777426995,4.459453342142623
montage-oct-3~+00-03-00,518.3855270298077,4.459453342142623
montage-oct-3~+00-04-00,518.2741039327733,4.459453342142623
montage-oct-3~+00-05-00,518.1825898070515,4.459453342142623
montage-oct-3~+00-06-00,518.1412303489537,4.459453342142623
montage-oct-3~+00-07-00,518.260445332565,4.459453342142623
montage-oct-3~+00-08-00,518.1851145896877,4.459453342142623
montage-oct-3~+00-09-00,518.206890800151,4.459453342142623
montage-oct-3~+00-10-00,518.1851145896877,4.459453342142623
montage-oct-3~+00-11-00,518.2016583729271,4.459453342142623
montage-oct-3~+00-12-00,518.2289988304223,4.459453342142623
montage-oct-3~+00-13-00,518.2728830711562,4.459453342142623
montage-oct-3~+00-14-00,518.1412303489537,4.459453342142623
montage-oct-3~+00-15-00,518.3382177986767,4.459453342142623
montage-oct-3~+00-16-00,518.328724742782,4.459453342142623
montage-oct-3~+00-17-00,518.5361885155622,4.459453342142623
montage-oct-3~+00-18-00,518.5610639927447,4.459453342142623
montage-oct-3~+00-19-00,518.5601033773445,4.459453342142623
montage-oct-3~+00-20-00,518.6000421352481,4.459453342142623
montage-oct-3~+00-21-00,518.6239569970304,4.459453342142623
montage-oct-3~+00-22-00,518.6239569970304,4.459453342142623
montage-oct-3~+00-23-00,518.6249124075727,4.459453342142623
montage-oct-3~+01-00-00,518.6239569970304,4.459453342142623
