trace,op_ems,emb_ems
nanoseq-mar-1,188.85348299268207,2.2493885276446886
nanoseq-mar-1~+00-01-00,188.82783528921442,2.2493885276446886
nanoseq-mar-1~+00-02-00,188.79288036101823,2.2493885276446886
nanoseq-mar-1~+00-03-00,188.7581148595712,2.2493885276446886
nanoseq-mar-1~+00-04-00,188.72318140640274,2.2493885276446886
nanoseq-mar-1~+00-05-00,188.69817328959923,2.2493885276446886
nanoseq-mar-1~+00-06-00,188.69817328959923,2.2493885276446886
nanoseq-mar-1~+00-07-00,188.70073668755623,2.2493885276446886
nanoseq-mar-1~+00-08-00,188.72564733546295,2.2493885276446886
nanoseq-mar-1~+00-09-00,188.76032686407675,2.2493885276446886
nanoseq-mar-1~+00-10-00,188.81022886236644,2.2493885276446886
nanoseq-mar-1~+00-11-00,188.86842495095684,2.2493885276446886
nanoseq-mar-1~+00-12-00,188.92512600456604,2.2493885276446886
nanoseq-mar-1~+00-13-00,188.9523405755662,2.2493885276446886
nanoseq-mar-1~+00-14-00,188.96645276229845,2.2493885276446886
nanoseq-mar-1~+00-15-00,188.97234264720214,2.2493885276446886
nanoseq-mar-1~+00-16-00,188.9825936025224,2.2493885276446886
nanoseq-mar-1~+00-17-00,188.97451744075553,2.2493885276446886
nanoseq-mar-1~+00-18-00,188.96263457873548,2.2493885276446886
nanoseq-mar-1~+00-19-00,188.94682335197345,2.2493885276446886
nanoseq-mar-1~+00-20-00,188.92414724747354,2.2493885276446886
nanoseq-mar-1~+00-21-00,188.9105753898951,2.2493885276446886
nanoseq-mar-1~+00-22-00,188.89833382797818,2.2493885276446886
nanoseq-mar-1~+00-23-00,188.89855240176675,2.2493885276446886
nanoseq-mar-1~+01-00-00,188.89872035348827,2.2493885276446886
