trace,op_ems,emb_ems
rnaseq-apr-2,7209.166592600921,59.0952985091386
rnaseq-apr-2~+00-01-00,7223.156929065309,59.0952985091386
rnaseq-apr-2~+00-02-00,7217.587547211719,59.0952985091386
rnaseq-apr-2~+00-03-00,7213.749957098221,59.0952985091386
rnaseq-apr-2~+00-04-00,7210.294186832957,59.0952985091386
rnaseq-apr-2~+00-05-00,7206.7048417394435,59.0952985091386
rnaseq-apr-2~+00-06-00,7201.48906766896,59.0952985091386
rnaseq-apr-2~+00-07-00,7198.250435741031,59.0952985091386
rnaseq-apr-2~+00-08-00,7200.2775148498695,59.0952985091386
rnaseq-apr-2~+00-09-00,7199.711444052471,59.0952985091386
rnaseq-apr-2~+00-10-00,7188.321843412505,59.0952985091386
rnaseq-apr-2~+00-11-00,7155.620464111844,59.0952985091386
rnaseq-apr-2~+00-12-00,7102.040881473123,59.0952985091386
rnaseq-apr-2~+00-13-00,7037.826606948247,59.0952985091386
rnaseq-apr-2~+00-14-00,6969.95320640338,59.0952985091386
rnaseq-apr-2~+00-15-00,6911.500463560445,59.0952985091386
rnaseq-apr-2~+00-16-00,6871.9842457621535,59.0952985091386
rnaseq-apr-2~+00-17-00,6785.230726905695,59.0952985091386
rnaseq-apr-2~+00-18-00,6645.140746262399,59.0952985091386
rnaseq-apr-2~+00-19-00,6576.991527123751,59.0952985091386
rnaseq-apr-2~+00-20-00,6660.0782386840565,59.0952985091386
rnaseq-apr-2~+00-21-00,6801.559508963845,59.0952985091386
rnaseq-apr-2~+00-22-00,6946.250491481279,59.0952985091386
rnaseq-apr-2~+00-23-00,7072.42377733734,59.0952985091386
rnaseq-apr-2~+01-00-00,7144.785345192797,59.0952985091386
