workflow,footprint,makespan,flexible-6h,flexible-12h,flexible-24h,flexible-48h,flexible-96h
chipseq-jul-1,18432.4767338389,13607.0,0.8%:18290.79015740622:1026.884|7.5%,1.1%:18230.47509293021:1747.826|12.8%,1.6%:18131.151222823446:2585.71|19.0%,2.4%:17998.310742532256:2462.239|18.1%,3.8%:17733.128263726045:2034.768|15.0%
chipseq-jul-2,18066.964791993138,13099.0,0.7%:17939.720092601205:1065.56|8.1%,1.0%:17878.549750702743:1747.84|13.3%,1.6%:17779.985299259526:2316.26|17.7%,2.5%:17618.980918679405:2608.4|19.9%,3.8%:17388.080647782277:2495.26|19.0%
chipseq-jul-3,18323.38989123575,13266.0,0.7%:18192.731448246563:1119.488|8.4%,1.1%:18129.960363671496:1691.232|12.7%,1.6%:18035.63586102509:1915.976|14.4%,2.5%:17864.251971463524:2707.72|20.4%,3.8%:17635.704018086122:2447.348|18.4%
