workflow,footprint,makespan,flexible-6h,flexible-12h,flexible-24h,flexible-48h,flexible-96h
chipseq-may-1,2471.843604448427,13607.0,0.0%:2471.843604448427:0.0|0.0%,0.0%:2471.843604448427:0.0|0.0%,21.5%:1939.5729406308205:0.0|0.0%,22.8%:1909.176444091896:0.0|0.0%,22.8%:1909.176444091896:0.0|0.0%
chipseq-may-2,2425.997328811396,13099.0,0.0%:2425.997328811396:0.0|0.0%,0.0%:2425.997328811396:0.0|0.0%,21.3%:1909.5646890064822:0.0|0.0%,22.7%:1875.7914638204024:0.0|0.0%,22.7%:1875.7914638204024:0.0|0.0%
chipseq-may-3,2465.2599778460763,13266.0,0.0%:2465.2599778460763:0.0|0.0%,0.0%:2465.2599778460763:0.0|0.0%,21.3%:1940.0434394301742:0.0|0.0%,22.7%:1906.5878824752385:0.0|0.0%,22.7%:1906.5878824752385:0.0|0.0%
