workflow,footprint,makespan,flexible-6h,flexible-12h,flexible-24h,flexible-48h,flexible-96h
chipseq-jun-1,3623.8211870001096,13607.0,10.7%:3237.013319011602:0.0|0.0%,10.7%:3237.013319011602:0.0|0.0%,25.5%:2698.7635171140605:0.0|0.0%,34.0%:2390.330023055539:0.0|0.0%,34.0%:2390.330023055539:0.0|0.0%
chipseq-jun-2,3590.968502625067,13099.0,11.3%:3184.1189834295355:0.0|0.0%,11.3%:3184.1189834295355:0.0|0.0%,25.5%:2675.940846836316:0.0|0.0%,34.6%:2348.4215727491155:0.0|0.0%,34.6%:2348.4215727491155:0.0|0.0%
chipseq-jun-3,3647.5027364625435,13266.0,11.3%:3236.7424503014404:0.0|0.0%,11.3%:3236.7424503014404:0.0|0.0%,25.5%:2718.252351191622:0.0|0.0%,34.6%:2386.721320040242:0.0|0.0%,34.6%:2386.721320040242:0.0|0.0%
