workflow,footprint,makespan,flexible-6h,flexible-12h,flexible-24h,flexible-48h,flexible-96h
chipseq-jun-1,18294.662700752637,13607.0,0.7%:18175.002382714247:333.942|2.5%,1.4%:18043.510738878034:583.942|4.3%,6.7%:17072.132382852382:1130.884|8.3%,7.1%:16991.330706605673:1389.355|10.2%,16.4%:15303.121931062247:2438.239|17.9%
chipseq-jun-2,17951.004479033403,13099.0,0.7%:17817.468261305443:471.42|3.6%,1.5%:17690.098774052127:574.28|4.4%,6.9%:16714.227843476638:1138.56|8.7%,7.4%:16615.08402055618:1671.84|12.8%,16.9%:14917.34176359166:2306.26|17.6%
chipseq-jun-3,18203.722341408135,13266.0,0.7%:18070.790157007847:448.116|3.4%,1.4%:17939.828826560115:553.744|4.2%,6.7%:16978.425392751444:1145.488|8.6%,7.5%:16838.853034209766:1993.604|15.0%,16.6%:15186.282399073702:2389.348|18.0%
