workflow,footprint,makespan,flexible-6h,flexible-12h,flexible-24h,flexible-48h,flexible-96h
chipseq-sep-1,18224.87188277272,13607.0,0.4%:18155.975339110635:541.942|4.0%,0.4%:18153.016367806616:1334.355|9.8%,1.1%:18032.97188399939:1611.826|11.8%,2.1%:17833.070595848785:1089.884|8.0%,2.3%:17801.645330155377:1644.826|12.1%
chipseq-sep-2,17865.809977293677,13099.0,0.4%:17799.925044215706:572.28|4.4%,0.4%:17796.795633610654:848.42|6.5%,1.0%:17685.714064977066:1684.84|12.9%,2.1%:17483.331037259588:1094.56|8.4%,2.3%:17452.084496616462:1663.84|12.7%
chipseq-sep-3,18120.384125770353,13266.0,0.4%:18050.101645974137:552.744|4.2%,0.4%:18048.1692282904:1074.488|8.1%,1.0%:17934.37309229713:1644.232|12.4%,2.2%:17729.953968044192:1120.488|8.4%,2.3%:17699.146130335175:1919.604|14.5%
