workflow,footprint,makespan,flexible-6h,flexible-12h,flexible-24h,flexible-48h,flexible-96h
chipseq-dec-1,18159.422432334064,13607.0,0.7%:18030.988950045143:539.942|4.0%,1.9%:17822.21259142278:1083.884|8.0%,2.0%:17791.907661175348:1108.884|8.1%,3.6%:17505.79150624033:1357.355|10.0%,5.7%:17125.284698292668:848.413|6.2%
chipseq-dec-2,17788.30175123361,13099.0,0.7%:17667.78906999009:503.28|3.8%,1.8%:17469.90317847001:1127.56|8.6%,1.9%:17447.406371793004:1053.56|8.0%,3.4%:17185.399121068036:1420.7|10.8%,5.6%:16800.78319950611:568.28|4.3%
chipseq-dec-3,18045.90312575867,13266.0,0.7%:17918.498700009157:525.744|4.0%,1.8%:17716.968559549685:1054.488|7.9%,2.0%:17692.546609440087:1054.488|7.9%,3.4%:17427.319022042153:1319.86|9.9%,5.6%:17037.35977554442:847.116|6.4%
