workflow,footprint,makespan,flexible-6h,flexible-12h,flexible-24h,flexible-48h,flexible-96h
chipseq-dec-1,18159.422432334064,13607.0,0.1%:18143.28821888797:251.471|1.8%,1.1%:17968.535781974784:549.942|4.0%,1.8%:17835.333371419234:1404.355|10.3%,3.6%:17505.78623870897:1009.884|7.4%,5.7%:17125.284698292668:848.413|6.2%
chipseq-dec-2,17788.30175123361,13099.0,0.0%:17781.590863781777:220.14|1.7%,1.0%:17610.907251865323:565.28|4.3%,1.7%:17490.91010246881:1318.7|10.1%,3.4%:17185.54589184091:862.42|6.6%,5.6%:16800.78319950611:818.42|6.2%
chipseq-dec-3,18045.90312575867,13266.0,0.0%:18036.971729554738:254.372|1.9%,1.0%:17858.137063116024:560.744|4.2%,1.7%:17738.00268299231:1413.86|10.7%,3.4%:17427.44087179579:809.116|6.1%,5.6%:17037.35977554442:847.116|6.4%
