workflow,footprint,makespan,flexible-6h,flexible-12h,flexible-24h,flexible-48h,flexible-96h
chipseq-feb-1,18396.488885089777,13607.0,0.7%:18268.651229196228:761.413|5.6%,0.9%:18224.78165942188:1100.884|8.1%,1.4%:18141.966156808125:1020.884|7.5%,2.3%:17981.524658809336:1394.355|10.2%,3.0%:17843.292044807422:883.413|6.5%
chipseq-feb-2,18025.803906445617,13099.0,0.6%:17913.32925861792:558.42|4.3%,0.8%:17874.36854582302:814.42|6.2%,1.3%:17784.01659153907:709.42|5.4%,2.2%:17634.909357131826:1360.7|10.4%,3.1%:17468.943465011318:811.42|6.2%
chipseq-feb-3,18279.285590584786,13266.0,0.6%:18165.749983683796:873.488|6.6%,0.8%:18125.819045896445:1304.86|9.8%,1.3%:18036.033634097916:737.116|5.6%,2.2%:17882.06889470191:1280.86|9.7%,3.0%:17737.044401021012:869.116|6.6%
