workflow,footprint,makespan,flexible-6h,flexible-12h,flexible-24h,flexible-48h,flexible-96h
chipseq-sep-1,18224.87188277272,13607.0,0.3%:18170.80250341097:287.471|2.1%,0.3%:18161.929931275023:834.413|6.1%,1.0%:18042.33196179048:894.884|6.6%,1.5%:17948.33744519501:1638.826|12.0%,1.9%:17886.592482785305:563.942|4.1%
chipseq-sep-2,17865.809977293677,13099.0,0.3%:17820.79866522017:252.14|1.9%,0.3%:17803.850586413293:683.42|5.2%,0.9%:17698.480613593605:1301.7|9.9%,1.4%:17609.183892323264:1116.7|8.5%,1.8%:17536.43606399398:1309.7|10.0%
chipseq-sep-3,18120.384125770353,13266.0,0.3%:18072.443846591937:271.372|2.0%,0.3%:18059.640572733453:678.116|5.1%,1.0%:17947.223081196305:997.86|7.5%,1.5%:17857.357952346647:1348.86|10.2%,1.9%:17785.03553728862:1293.86|9.8%
