workflow,footprint,makespan,flexible-6h,flexible-12h,flexible-24h,flexible-48h,flexible-96h
chipseq-jul-1,18432.4767338389,13607.0,0.4%:18359.82967108092:788.413|5.8%,0.8%:18278.057759019368:1145.355|8.4%,1.1%:18221.20754459706:1078.884|7.9%,1.4%:18181.291499873954:2200.768|16.2%,3.2%:17844.025085933143:625.413|4.6%
chipseq-jul-2,18066.964791993138,13099.0,0.3%:18006.323494624743:857.42|6.5%,0.8%:17921.947602214335:876.56|6.7%,1.1%:17863.921929716707:1129.56|8.6%,1.3%:17834.936228928804:1959.12|15.0%,3.2%:17495.926238120195:850.42|6.5%
chipseq-jul-3,18323.38989123575,13266.0,0.4%:18246.76623199534:579.744|4.4%,0.8%:18174.065369589312:807.488|6.1%,1.1%:18115.49581710365:1071.488|8.1%,1.3%:18085.419814816516:2074.976|15.6%,3.2%:17742.16027396499:785.116|5.9%
