workflow,footprint,makespan,flexible-6h,flexible-12h,flexible-24h,flexible-48h,flexible-96h
chipseq-jul-1,2813.3142873405886,13607.0,1.6%:2769.4870984396557:0.0|0.0%,1.6%:2769.4870984396557:0.0|0.0%,30.7%:1949.7618256382575:0.0|0.0%,37.2%:1765.6380328043683:0.0|0.0%,37.0%:1771.8828810678726:0.0|0.0%
chipseq-jul-2,2771.807987751717,13099.0,1.9%:2718.092993371465:0.0|0.0%,1.9%:2718.092993371465:0.0|0.0%,30.9%:1916.1676048047827:0.0|0.0%,37.4%:1735.6279047115856:0.0|0.0%,37.0%:1745.0866136071195:0.0|0.0%
chipseq-jul-3,2816.3815998669975,13266.0,1.9%:2762.498787118142:0.0|0.0%,1.9%:2762.498787118142:0.0|0.0%,30.9%:1947.412541933521:0.0|0.0%,37.4%:1763.92571032614:0.0|0.0%,37.0%:1773.5111280424305:0.0|0.0%
