workflow,footprint,makespan,flexible-6h,flexible-12h,flexible-24h,flexible-48h,flexible-96h
chipseq-jan-1,8227.43939969929,13607.0,1.0%:8143.570468841181:0.0|0.0%,1.0%:8143.570468841181:0.0|0.0%,1.0%:8143.570468841181:0.0|0.0%,1.0%:8143.570468841181:0.0|0.0%,1.0%:8143.570468841181:0.0|0.0%
chipseq-jan-2,8102.573146736114,13099.0,1.2%:8005.1682731894625:0.0|0.0%,1.2%:8005.1682731894625:0.0|0.0%,1.2%:8005.1682731894625:0.0|0.0%,1.2%:8005.1682731894625:0.0|0.0%,1.2%:8005.1682731894625:0.0|0.0%
chipseq-jan-3,8233.358712920526,13266.0,1.2%:8135.964212919475:0.0|0.0%,1.2%:8135.964212919475:0.0|0.0%,1.2%:8135.964212919475:0.0|0.0%,1.2%:8135.964212919475:0.0|0.0%,1.2%:8135.964212919475:0.0|0.0%
