workflow,footprint,makespan,flexible-6h,flexible-12h,flexible-24h,flexible-48h,flexible-96h
chipseq-oct-1,8061.531095739861,13607.0,20.1%:6441.175989323776:1412.471|10.4%,47.0%:4273.581767190643:0.0|0.0%,70.3%:2395.819202021683:0.0|0.0%,70.3%:2395.819202021683:0.0|0.0%,70.3%:2395.819202021683:0.0|0.0%
chipseq-oct-2,7927.5295031270125,13099.0,21.1%:6256.720169082061:1373.14|10.5%,47.0%:4204.8299604743215:0.0|0.0%,70.3%:2355.471806536132:0.0|0.0%,70.3%:2355.471806536132:0.0|0.0%,70.3%:2355.471806536132:0.0|0.0%
chipseq-oct-3,8056.12363858693,13266.0,21.0%:6362.540811383104:1410.372|10.6%,47.0%:4273.199527009856:0.0|0.0%,70.3%:2393.918588826421:0.0|0.0%,70.3%:2393.918588826421:0.0|0.0%,70.3%:2393.918588826421:0.0|0.0%
