workflow,footprint,makespan,flexible-6h,flexible-12h,flexible-24h,flexible-48h,flexible-96h
chipseq-dec-1,6530.900866422716,13607.0,1.3%:6443.331726883566:0.0|0.0%,1.3%:6443.331726883566:0.0|0.0%,1.3%:6443.331726883566:0.0|0.0%,1.3%:6443.331726883566:0.0|0.0%,1.3%:6443.331726883566:0.0|0.0%
chipseq-dec-2,6429.537547828546,13099.0,1.5%:6334.52557956099:0.0|0.0%,1.5%:6334.52557956099:0.0|0.0%,1.5%:6334.52557956099:0.0|0.0%,1.5%:6334.52557956099:0.0|0.0%,1.5%:6334.52557956099:0.0|0.0%
chipseq-dec-3,6533.20852886824,13266.0,1.5%:6437.342460508062:0.0|0.0%,1.5%:6437.342460508062:0.0|0.0%,1.5%:6437.342460508062:0.0|0.0%,1.5%:6437.342460508062:0.0|0.0%,1.5%:6437.342460508062:0.0|0.0%
