workflow,footprint,makespan,flexible-6h,flexible-12h,flexible-24h,flexible-48h,flexible-96h
chipseq-nov-1,9020.967305222599,13607.0,1.0%:8934.795779233971:0.0|0.0%,1.0%:8934.795779233971:0.0|0.0%,1.0%:8934.795779233971:0.0|0.0%,1.0%:8934.795779233971:0.0|0.0%,4.4%:8627.928594992858:0.0|0.0%
chipseq-nov-2,8885.33048228119,13099.0,1.1%:8789.721808495444:0.0|0.0%,1.1%:8789.721808495444:0.0|0.0%,1.1%:8789.721808495444:0.0|0.0%,1.1%:8789.721808495444:0.0|0.0%,4.4%:8490.484472381704:0.0|0.0%
chipseq-nov-3,9029.443537689118,13266.0,1.1%:8932.596202336259:0.0|0.0%,1.1%:8932.596202336259:0.0|0.0%,1.1%:8932.596202336259:0.0|0.0%,1.1%:8932.596202336259:0.0|0.0%,4.4%:8628.919377986846:0.0|0.0%
