workflow,footprint,makespan,flexible-6h,flexible-12h,flexible-24h,flexible-48h,flexible-96h
mag-jan-1,24650.60455267347,45898.0,0.1%:24617.83486217206:772.048|1.7%,0.2%:24591.381647380018:1010.81|2.2%,0.4%:24552.206949337004:1424.334|3.1%,0.6%:24513.133254357486:3168.906|6.9%,1.1%:24385.918503813566:2903.144|6.3%
mag-jan-2,24608.515885366545,44188.0,0.2%:24552.970072151762:922.988|2.1%,0.3%:24537.092531783863:817.988|1.9%,0.5%:24474.51757358547:1900.479|4.3%,0.7%:24426.347570285525:2330.97|5.3%,1.1%:24338.182635224108:2868.964|6.5%
mag-jan-3,24555.895275799096,46342.0,0.1%:24523.17434574157:1012.508|2.2%,0.3%:24492.79618410797:881.508|1.9%,0.4%:24451.07800577584:1580.139|3.4%,0.5%:24426.56771236648:1930.893|4.2%,1.1%:24297.01917832:2725.524|5.9%
