workflow,footprint,makespan,flexible-6h,flexible-12h,flexible-24h,flexible-48h,flexible-96h
mag-may-1,5775.138731263216,45898.0,26.0%:4275.484251846623:1782.524|3.9%,33.8%:3825.511867715429:3328.524|7.3%,47.7%:3019.207200540895:5987.524|13.0%,48.4%:2978.1334963170357:6546.524|14.3%,48.4%:2978.1334963170357:6546.524|14.3%
mag-may-2,5740.3190339609655,44188.0,26.9%:4194.716376193448:1745.994|4.0%,32.9%:3853.8745461323365:304.497|0.7%,47.3%:3023.525588209068:6902.994|15.6%,48.3%:2966.9508411494503:5904.994|13.4%,48.3%:2966.9508411494503:5904.994|13.4%
mag-may-3,5760.229388288004,46342.0,25.8%:4276.092197697217:2058.754|4.4%,33.8%:3813.2776839545168:508.754|1.1%,46.8%:3062.613225997903:5195.754|11.2%,48.4%:2974.3671524235424:5352.754|11.6%,48.4%:2974.3671524235424:5352.754|11.6%
