workflow,footprint,makespan,flexible-6h,flexible-12h,flexible-24h,flexible-48h,flexible-96h
mag-feb-1,25256.49650355671,45898.0,0.6%:25112.074174917605:304.524|0.7%,1.1%:24976.66422518249:284.524|0.6%,1.9%:24764.592474962737:510.524|1.1%,2.9%:24532.921022855993:2448.62|5.3%,3.0%:24493.7996104294:2695.144|5.9%
mag-feb-2,25047.171530860694,44188.0,0.5%:24910.51264316128:376.994|0.9%,1.0%:24796.95158860501:375.994|0.9%,1.7%:24626.00913606029:634.491|1.4%,2.4%:24457.9115795298:2257.473|5.1%,2.5%:24409.604376165677:3090.461|7.0%
mag-feb-3,25187.95240152981,46342.0,0.6%:25042.199421201476:537.631|1.2%,1.1%:24910.251048180733:374.754|0.8%,2.0%:24688.7090971638:419.754|0.9%,2.9%:24450.699598029267:1981.893|4.3%,3.0%:24419.901954114182:3023.524|6.5%
