workflow,footprint,makespan,flexible-6h,flexible-12h,flexible-24h,flexible-48h,flexible-96h
mag-dec-1,9495.19066229477,45898.0,0.2%:9475.61260461454:250.762|0.5%,0.2%:9475.61260461454:250.762|0.5%,0.2%:9475.61260461454:250.762|0.5%,0.2%:9475.61260461454:250.762|0.5%,0.2%:9475.61260461454:250.762|0.5%
mag-dec-2,9444.267444652209,44188.0,0.1%:9439.251024124003:583.497|1.3%,0.1%:9439.251024124003:583.497|1.3%,0.1%:9439.251024124003:583.497|1.3%,0.1%:9439.251024124003:583.497|1.3%,0.1%:9439.251024124003:583.497|1.3%
mag-dec-3,9470.71385743447,46342.0,0.2%:9447.634877331991:214.877|0.5%,0.2%:9447.634877331991:214.877|0.5%,0.2%:9447.634877331991:214.877|0.5%,0.2%:9447.634877331991:214.877|0.5%,0.2%:9447.634877331991:214.877|0.5%
