workflow,footprint,makespan,flexible-6h,flexible-12h,flexible-24h,flexible-48h,flexible-96h
mag-apr-1,9498.933818064303,45898.0,26.4%:6988.067186374255:0.0|0.0%,31.6%:6495.665834122398:3993.524|8.7%,56.1%:4168.952906315721:3586.762|7.8%,62.4%:3574.398098612199:418.762|0.9%,66.2%:3212.3178593879766:2959.762|6.4%
mag-apr-2,9513.841907042357,44188.0,25.4%:7094.281598139013:2628.497|5.9%,30.3%:6632.301688721342:0.0|0.0%,56.1%:4176.2331084382795:2628.497|5.9%,62.1%:3606.2090893192526:3811.994|8.6%,66.2%:3220.234747841996:5904.994|13.4%
mag-apr-3,9497.92537735434,46342.0,27.1%:6923.733980508651:2158.877|4.7%,31.5%:6503.855066995261:178.877|0.4%,56.2%:4160.884849370598:2158.877|4.7%,62.2%:3591.522393508077:2158.877|4.7%,66.1%:3215.8472493426125:5352.754|11.6%
