workflow,footprint,makespan,flexible-6h,flexible-12h,flexible-24h,flexible-48h,flexible-96h
mag-jun-1,6718.448117291522,45898.0,14.0%:5778.258091042238:0.0|0.0%,20.6%:5333.298518872039:719.524|1.6%,50.0%:3361.9937289155628:0.0|0.0%,56.2%:2939.462271162755:3837.524|8.4%,56.2%:2939.462271162755:3837.524|8.4%
mag-jun-2,6601.192445897944,44188.0,11.5%:5841.305065557868:1183.497|2.7%,17.7%:5433.9442311203:3864.491|8.7%,48.8%:3381.3599029229836:1183.497|2.7%,55.7%:2927.575576344626:3211.994|7.3%,55.7%:2927.575576344626:3211.994|7.3%
mag-jun-3,6735.328280895957,46342.0,13.9%:5797.449017878274:0.0|0.0%,21.0%:5324.0637025648475:2728.631|5.9%,50.2%:3351.5009611588503:0.0|0.0%,56.4%:2939.9347442878543:2373.754|5.1%,56.4%:2939.9347442878543:2373.754|5.1%
