workflow,footprint,makespan,flexible-6h,flexible-12h,flexible-24h,flexible-48h,flexible-96h
mag-nov-1,24865.164055187935,45898.0,0.7%:24690.69470760996:464.524|1.0%,1.2%:24563.53589586475:173.762|0.4%,2.1%:24350.987293728074:408.524|0.9%,2.6%:24211.432254043044:1433.572|3.1%,2.9%:24149.57661561545:1742.334|3.8%
mag-nov-2,24689.842674402513,44188.0,0.6%:24535.332557563263:225.497|0.5%,1.0%:24440.927894166176:495.994|1.1%,1.9%:24226.620175179683:692.491|1.6%,2.5%:24079.831739808422:1581.982|3.6%,2.6%:24054.98177614568:1404.982|3.2%
mag-nov-3,24782.710208388242,46342.0,0.7%:24614.858377868255:685.631|1.5%,1.2%:24483.896149728436:300.754|0.6%,2.0%:24293.78709837226:419.754|0.9%,2.7%:24125.63107776054:1661.139|3.6%,2.9%:24068.607581177082:1795.139|3.9%
