workflow,footprint,makespan,flexible-6h,flexible-12h,flexible-24h,flexible-48h,flexible-96h
mag-oct-1,25584.376653887724,45898.0,0.3%:25519.705656630285:164.762|0.4%,0.5%:25449.677946976695:205.762|0.4%,1.0%:25338.729132824923:529.286|1.2%,1.0%:25319.586051112856:431.524|0.9%,1.0%:25324.322775630983:772.286|1.7%
mag-oct-2,25433.041404393847,44188.0,0.2%:25371.486328762778:532.994|1.2%,0.5%:25304.267158845025:541.994|1.2%,0.9%:25197.768131547902:274.994|0.6%,0.9%:25201.325224188735:503.491|1.1%,0.9%:25196.82902743516:392.994|0.9%
mag-oct-3,25504.49128066143,46342.0,0.3%:25434.267930855298:179.877|0.4%,0.5%:25367.35556117217:285.877|0.6%,1.0%:25260.997138299623:659.631|1.4%,1.1%:25235.10421894509:620.631|1.3%,1.0%:25242.263763362436:380.754|0.8%
