workflow,footprint,makespan,flexible-6h,flexible-12h,flexible-24h,flexible-48h,flexible-96h
mag-feb-1,25256.49650355671,45898.0,0.0%:25251.615924459475:436.524|1.0%,0.0%:25248.304293410827:687.286|1.5%,0.0%:25245.939303588577:807.048|1.8%,0.6%:25109.862564086096:553.524|1.2%,1.0%:25005.135099799176:2650.382|5.8%
mag-feb-2,25047.171530860694,44188.0,0.0%:25045.158949469496:221.497|0.5%,0.0%:25043.37914906683:466.994|1.1%,0.0%:25042.96731628348:531.491|1.2%,0.4%:24942.047623411912:567.994|1.3%,0.8%:24846.01668932603:2735.97|6.2%
mag-feb-3,25187.95240152981,46342.0,0.0%:25182.746419152263:493.754|1.1%,0.0%:25178.58876298252:963.508|2.1%,0.0%:25176.903965481655:1186.385|2.6%,0.6%:25033.35597089571:523.754|1.1%,1.1%:24910.24447912067:2639.647|5.7%
