workflow,footprint,makespan,flexible-6h,flexible-12h,flexible-24h,flexible-48h,flexible-96h
montage-dec-1,841.3937796668943,2003.0,3.6%:811.4882698767434:103.0|5.1%,3.6%:811.4882698767434:103.0|5.1%,3.6%:811.4882698767434:103.0|5.1%,3.6%:811.4860193132818:214.0|10.7%,4.3%:805.3051461959207:103.0|5.1%
montage-dec-2,844.7464955255697,1814.0,3.7%:813.1403823673005:58.0|3.2%,3.7%:813.1403823673005:58.0|3.2%,3.7%:813.1403823673005:58.0|3.2%,3.8%:812.8087560809814:301.0|16.6%,4.6%:805.8246109208284:99.0|5.5%
montage-dec-3,725.9878905384435,1884.0,3.7%:698.8465851011707:64.0|3.4%,3.7%:698.8465851011707:64.0|3.4%,3.7%:698.8465851011707:64.0|3.4%,3.8%:698.5708425499806:188.0|10.0%,4.6%:692.446881389292:96.0|5.1%
