workflow,footprint,makespan,flexible-6h,flexible-12h,flexible-24h,flexible-48h,flexible-96h
montage-jan-1,780.8250785552665,2003.0,1.0%:773.081677876928:192.589|9.6%,5.7%:736.1706358188421:0.0|0.0%,5.8%:735.680892181472:365.178|18.2%,6.6%:729.2349845245327:0.0|0.0%,6.6%:729.2349845245327:0.0|0.0%
montage-jan-2,869.2691454715319,1814.0,0.8%:862.4904329922205:91.945|5.1%,5.7%:819.762544069883:0.0|0.0%,5.7%:819.3161224530344:196.89|10.9%,6.6%:812.1479695228056:0.0|0.0%,6.6%:812.1479695228056:0.0|0.0%
montage-jan-3,746.1562991273852,1884.0,0.8%:740.1262403707327:61.546|3.3%,5.7%:703.6834752658589:0.0|0.0%,5.7%:703.2854933944983:173.092|9.2%,6.6%:697.160571407427:0.0|0.0%,6.6%:697.160571407427:0.0|0.0%
