workflow,footprint,makespan,flexible-6h,flexible-12h,flexible-24h,flexible-48h,flexible-96h
montage-apr-1,168.87380059594554,2003.0,20.6%:134.03143332194247:0.0|0.0%,20.6%:134.03143332194247:0.0|0.0%,20.6%:134.03143332194247:0.0|0.0%,33.4%:112.48735291137938:0.0|0.0%,46.5%:90.37172112088584:0.0|0.0%
montage-apr-2,156.4169658249442,1814.0,21.0%:123.51074783558943:0.0|0.0%,21.0%:123.51074783558943:0.0|0.0%,21.0%:123.51074783558943:0.0|0.0%,32.9%:104.89993248540183:0.0|0.0%,46.5%:83.65776792117745:0.0|0.0%
montage-apr-3,138.57733573228498,1884.0,21.0%:109.4241297872598:0.0|0.0%,21.0%:109.4241297872598:0.0|0.0%,21.0%:109.4241297872598:0.0|0.0%,32.9%:92.93591066452805:0.0|0.0%,46.5%:74.11645233421228:0.0|0.0%
