workflow,footprint,makespan,flexible-6h,flexible-12h,flexible-24h,flexible-48h,flexible-96h
montage-may-1,400.616351242901,2003.0,100.0%:0.0:111.0|5.5%,100.0%:0.0:0.0|0.0%,100.0%:0.0:0.0|0.0%,100.0%:0.0:111.0|5.5%,100.0%:0.0:356.0|17.8%
montage-may-2,198.8028758537202,1814.0,100.0%:0.0:202.0|11.1%,100.0%:0.0:353.0|19.5%,100.0%:0.0:0.0|0.0%,100.0%:0.0:202.0|11.1%,100.0%:0.0:260.0|14.3%
montage-may-3,196.221440924043,1884.0,100.0%:0.0:92.0|4.9%,100.0%:0.0:357.0|18.9%,100.0%:0.0:0.0|0.0%,100.0%:0.0:92.0|4.9%,100.0%:0.0:156.0|8.3%
