workflow,footprint,makespan,flexible-6h,flexible-12h,flexible-24h,flexible-48h,flexible-96h
montage-aug-1,176.2465563253577,2003.0,32.4%:119.18541276812415:0.0|0.0%,32.4%:119.18541276812415:0.0|0.0%,32.4%:119.18541276812415:0.0|0.0%,32.4%:119.18541276812415:0.0|0.0%,32.4%:119.18541276812415:0.0|0.0%
montage-aug-2,161.35433380473697,1814.0,33.7%:107.04328602701732:0.0|0.0%,33.7%:107.04328602701732:0.0|0.0%,33.7%:107.04328602701732:0.0|0.0%,33.7%:107.04328602701732:0.0|0.0%,33.7%:107.04328602701732:0.0|0.0%
montage-aug-3,142.95158820906119,1884.0,33.7%:94.83481096452388:0.0|0.0%,33.7%:94.83481096452388:0.0|0.0%,33.7%:94.83481096452388:0.0|0.0%,33.7%:94.83481096452388:0.0|0.0%,33.7%:94.83481096452388:0.0|0.0%
