workflow,footprint,makespan,flexible-6h,flexible-12h,flexible-24h,flexible-48h,flexible-96h
montage-sep-1,871.0222496560853,2003.0,11.5%:771.127871786923:0.0|0.0%,13.6%:752.9534509652403:0.0|0.0%,100.0%:0.0:348.0|17.4%,100.0%:0.0:361.0|18.0%,100.0%:0.0:150.0|7.5%
montage-sep-2,870.2657402899224,1814.0,11.6%:768.970128761145:0.0|0.0%,13.0%:756.9314689169184:0.0|0.0%,100.0%:0.0:353.0|19.5%,100.0%:0.0:282.0|15.5%,100.0%:0.0:157.0|8.7%
montage-sep-3,748.0187961430213,1884.0,11.6%:660.8985415967069:0.0|0.0%,13.2%:649.1985824722057:0.0|0.0%,100.0%:0.0:357.0|18.9%,100.0%:0.0:147.0|7.8%,100.0%:0.0:160.0|8.5%
