workflow,footprint,makespan,flexible-6h,flexible-12h,flexible-24h,flexible-48h,flexible-96h
montage-jul-1,839.8802054403475,2003.0,91.6%:70.29593145315671:233.0|11.6%,52.8%:396.0541550843973:250.0|12.5%,54.8%:379.8464804631889:250.0|12.5%,100.0%:0.0:348.0|17.4%,100.0%:0.0:306.0|15.3%
montage-jul-2,846.749322243597,1814.0,95.9%:34.8184922343102:138.0|7.6%,76.7%:197.47025450430465:80.0|4.4%,77.7%:188.86878943080427:80.0|4.4%,100.0%:0.0:474.0|26.1%,100.0%:0.0:394.0|21.7%
montage-jul-3,725.9108854549141,1884.0,95.2%:35.092921873597994:119.0|6.3%,73.2%:194.90612352601477:55.0|2.9%,74.3%:186.41634759328653:55.0|2.9%,100.0%:0.0:444.0|23.6%,100.0%:0.0:389.0|20.6%
