workflow,footprint,makespan,flexible-6h,flexible-12h,flexible-24h,flexible-48h,flexible-96h
montage-jul-1,839.8802054403475,2003.0,8.6%:767.8874260641774:261.0|13.0%,82.2%:149.36326823023558:103.0|5.1%,82.2%:149.36326823023558:103.0|5.1%,100.0%:0.0:122.0|6.1%,100.0%:0.0:130.0|6.5%
montage-jul-2,846.749322243597,1814.0,8.1%:777.7843446398642:202.0|11.1%,91.8%:69.58399103282454:58.0|3.2%,91.8%:69.58399103282454:260.0|14.3%,100.0%:0.0:157.0|8.7%,100.0%:0.0:282.0|15.5%
montage-jul-3,725.9108854549141,1884.0,9.0%:660.9143627507401:92.0|4.9%,90.6%:68.3198903358839:64.0|3.4%,90.6%:68.3198903358839:156.0|8.3%,100.0%:0.0:160.0|8.5%,100.0%:0.0:147.0|7.8%
