workflow,footprint,makespan,flexible-6h,flexible-12h,flexible-24h,flexible-48h,flexible-96h
montage-aug-1,176.2465563253577,2003.0,32.4%:119.18541276812415:0.0|0.0%,32.4%:119.18541276812415:0.0|0.0%,40.3%:105.19644519016161:0.0|0.0%,50.2%:87.70538062034662:0.0|0.0%,54.8%:79.75003711427892:0.0|0.0%
montage-aug-2,161.35433380473697,1814.0,33.7%:107.04328602701732:0.0|0.0%,33.7%:107.04328602701732:0.0|0.0%,39.2%:98.15410995487107:0.0|0.0%,49.9%:80.83504785521072:0.0|0.0%,53.9%:74.40498723036436:0.0|0.0%
montage-aug-3,142.95158820906119,1884.0,33.7%:94.83481096452388:0.0|0.0%,33.7%:94.83481096452388:0.0|0.0%,39.2%:86.9594610596305:0.0|0.0%,49.9%:71.61566845698565:0.0|0.0%,53.9%:65.91896755699813:0.0|0.0%
