workflow,footprint,makespan,flexible-6h,flexible-12h,flexible-24h,flexible-48h,flexible-96h
montage-jun-1,149.30844664292994,2003.0,29.3%:105.62298548875758:0.0|0.0%,29.3%:105.62298548875758:0.0|0.0%,29.3%:105.62298548875758:0.0|0.0%,29.3%:105.62298548875758:0.0|0.0%,38.8%:91.31407580033893:0.0|0.0%
montage-jun-2,138.95437558633634,1814.0,30.4%:96.7762398209755:0.0|0.0%,30.4%:96.7762398209755:0.0|0.0%,30.4%:96.7762398209755:0.0|0.0%,30.4%:96.7762398209755:0.0|0.0%,38.8%:85.0739122254591:0.0|0.0%
montage-jun-3,123.10638462740826,1884.0,30.4%:85.73873943820458:0.0|0.0%,30.4%:85.73873943820458:0.0|0.0%,30.4%:85.73873943820458:0.0|0.0%,30.4%:85.73873943820458:0.0|0.0%,38.8%:75.37108288956665:0.0|0.0%
