workflow,footprint,makespan,flexible-6h,flexible-12h,flexible-24h,flexible-48h,flexible-96h
montage-apr-1,168.87380059594554,2003.0,20.6%:134.03143332194247:0.0|0.0%,20.6%:134.03143332194247:0.0|0.0%,20.6%:134.03143332194247:0.0|0.0%,20.6%:134.03143332194247:0.0|0.0%,45.2%:92.59536282551916:0.0|0.0%
montage-apr-2,156.4169658249442,1814.0,21.0%:123.51074783558943:0.0|0.0%,21.0%:123.51074783558943:0.0|0.0%,21.0%:123.51074783558943:0.0|0.0%,21.0%:123.51074783558943:0.0|0.0%,44.9%:86.15515753886329:0.0|0.0%
montage-apr-3,138.57733573228498,1884.0,21.0%:109.4241297872598:0.0|0.0%,21.0%:109.4241297872598:0.0|0.0%,21.0%:109.4241297872598:0.0|0.0%,21.0%:109.4241297872598:0.0|0.0%,44.9%:76.32901027304665:0.0|0.0%
