workflow,footprint,makespan,flexible-6h,flexible-12h,flexible-24h,flexible-48h,flexible-96h
montage-dec-1,841.3937796668943,2003.0,3.7%:810.6615785427682:0.0|0.0%,3.7%:810.6489753873831:111.0|5.5%,3.7%:810.618367724305:111.0|5.5%,3.7%:810.5912922510604:245.0|12.2%,4.3%:805.3051461959207:103.0|5.1%
montage-dec-2,844.7464955255697,1814.0,3.8%:812.4878600476133:0.0|0.0%,3.8%:812.4849551753631:202.0|11.1%,3.8%:812.477900485613:202.0|11.1%,3.8%:812.469064832519:295.0|16.3%,4.6%:805.8246109208284:99.0|5.5%
montage-dec-3,725.9878905384435,1884.0,3.8%:698.2904842540454:0.0|0.0%,3.8%:698.2830516239464:92.0|4.9%,3.8%:698.2650009508491:92.0|4.9%,3.8%:698.2486767763776:293.0|15.6%,4.6%:692.446881389292:96.0|5.1%
