workflow,footprint,makespan,flexible-6h,flexible-12h,flexible-24h,flexible-48h,flexible-96h
nanoseq-jun-1,52.28519318980445,19616.143,3.8%:50.275912837278206:0.0|0.0%,3.8%:50.275912837278206:0.0|0.0%,25.8%:38.800951767480825:0.0|0.0%,28.4%:37.431942395452666:0.0|0.0%,28.4%:37.431942395452666:0.0|0.0%
nanoseq-jun-2,52.26244286467582,20705.598,2.3%:51.0661512156732:0.0|0.0%,2.3%:51.0661512156732:0.0|0.0%,25.6%:38.88107112997855:0.0|0.0%,27.3%:37.99943915265097:0.0|0.0%,27.3%:37.99943915265097:0.0|0.0%
nanoseq-jun-3,52.27617075802213,19775.509,3.7%:50.339778287651214:0.0|0.0%,3.7%:50.339778287651214:0.0|0.0%,25.8%:38.79642584109316:0.0|0.0%,28.3%:37.48693875415678:0.0|0.0%,28.3%:37.48693875415678:0.0|0.0%
