workflow,footprint,makespan,flexible-6h,flexible-12h,flexible-24h,flexible-48h,flexible-96h
nanoseq-feb-1,123.18383474161696,19616.143,0.0%:123.18383474161696:0.0|0.0%,5.7%:116.11794125928826:1042.139|5.3%,29.1%:87.30871789460465:1042.139|5.3%,34.7%:80.45527022261359:253.567|1.3%,35.2%:79.85238854231628:1981.836|10.1%
nanoseq-feb-2,124.7340110740584,20705.598,0.0%:124.7340110740584:0.0|0.0%,6.1%:117.11172009039903:241.557|1.2%,29.4%:88.03457844124047:241.557|1.2%,34.5%:81.69486951060331:841.132|4.1%,35.1%:80.95733225818051:1187.85|5.7%
nanoseq-feb-3,123.2781388948538,19775.509,0.0%:123.2781388948538:0.0|0.0%,5.8%:116.07423851558998:965.522|4.9%,29.2%:87.26539585796495:965.522|4.9%,34.7%:80.52028517753934:2616.284|13.2%,35.2%:79.90292188750786:4089.563|20.7%
