workflow,footprint,makespan,flexible-6h,flexible-12h,flexible-24h,flexible-48h,flexible-96h
nanoseq-apr-1,263.02713742503397,19616.143,0.5%:261.81863979459985:48.008|0.2%,0.6%:261.32348650603814:401.371|2.0%,0.7%:261.216621658174:107.068|0.5%,1.4%:259.2173087528014:424.087|2.2%,1.7%:258.45358863890124:120.838|0.6%
nanoseq-apr-2,266.726529576741,20705.598,0.4%:265.7338297795922:58.843|0.3%,0.5%:265.2810954027019:195.235|0.9%,0.6%:265.125072948119:151.954|0.7%,1.5%:262.66482924970455:363.984|1.8%,1.6%:262.39218479567995:750.614|3.6%
nanoseq-apr-3,263.2348822311513,19775.509,0.5%:261.92078637116356:170.227|0.9%,0.7%:261.5017936701699:361.34|1.8%,0.7%:261.3615292444041:0.0|0.0%,1.5%:259.34234044048213:171.606|0.9%,1.8%:258.5965587910887:207.757|1.1%
