workflow,footprint,makespan,flexible-6h,flexible-12h,flexible-24h,flexible-48h,flexible-96h
nanoseq-dec-1,98.26364289079109,19616.143,0.3%:97.98975187747638:0.0|0.0%,0.3%:97.98975187747638:0.0|0.0%,0.3%:97.98975187747638:0.0|0.0%,0.3%:97.98975187747638:0.0|0.0%,0.3%:97.98975187747638:0.0|0.0%
nanoseq-dec-2,99.61677787263658,20705.598,0.1%:99.49519414076339:0.0|0.0%,0.1%:99.49519414076339:0.0|0.0%,0.1%:99.49519414076339:0.0|0.0%,0.1%:99.49519414076339:0.0|0.0%,0.1%:99.49519414076339:0.0|0.0%
nanoseq-dec-3,98.33130129490809,19775.509,0.2%:98.08560145902747:0.0|0.0%,0.2%:98.08560145902747:0.0|0.0%,0.2%:98.08560145902747:0.0|0.0%,0.2%:98.08560145902747:0.0|0.0%,0.2%:98.08560145902747:0.0|0.0%
