workflow,footprint,makespan,flexible-6h,flexible-12h,flexible-24h,flexible-48h,flexible-96h
nanoseq-mar-1,80.48547659065206,19616.143,0.0%:80.48547659065206:0.0|0.0%,0.0%:80.48547659065206:0.0|0.0%,0.0%:80.48547659065206:0.0|0.0%,0.0%:80.48547659065206:0.0|0.0%,43.1%:45.813588519841794:0.0|0.0%
nanoseq-mar-2,82.72214565654227,20705.598,0.0%:82.72214565654227:0.0|0.0%,0.0%:82.72214565654227:0.0|0.0%,0.0%:82.72214565654227:0.0|0.0%,0.0%:82.72214565654227:0.0|0.0%,43.4%:46.7804813418676:0.0|0.0%
nanoseq-mar-3,80.74112318851475,19775.509,0.0%:80.74112318851475:0.0|0.0%,0.0%:80.74112318851475:0.0|0.0%,0.0%:80.74112318851475:0.0|0.0%,0.0%:80.74112318851475:0.0|0.0%,43.1%:45.90965189496415:0.0|0.0%
