workflow,footprint,makespan,flexible-6h,flexible-12h,flexible-24h,flexible-48h,flexible-96h
nanoseq-feb-1,264.955796848841,19616.143,0.4%:264.02295232270444:0.0|0.0%,0.6%:263.3165076295365:20.739|0.1%,1.1%:262.06172133598983:183.56|0.9%,2.1%:259.32871862452174:21.256|0.1%,2.2%:259.1788846188231:21.256|0.1%
nanoseq-feb-2,268.7828763000175,20705.598,0.5%:267.5225122651672:241.557|1.2%,0.6%:267.0548234975626:414.188|2.0%,1.3%:265.3048630026873:69.538|0.3%,2.1%:263.12598975664844:680.265|3.3%,2.2%:262.984005761671:311.411|1.5%
nanoseq-feb-3,265.14416096261925,19775.509,0.4%:264.14031280806665:216.284|1.1%,0.6%:263.4348472155191:81.503|0.4%,1.1%:262.1801274667805:314.126|1.6%,2.2%:259.4009262906086:207.757|1.1%,2.2%:259.3076558871702:81.503|0.4%
