workflow,footprint,makespan,flexible-6h,flexible-12h,flexible-24h,flexible-48h,flexible-96h
nanoseq-jun-1,252.52592110657812,19616.143,2.9%:245.1723837696196:0.0|0.0%,3.1%:244.75880469652145:0.0|0.0%,2.7%:245.70861752176782:165.001|0.8%,4.6%:240.8344461026867:324.469|1.7%,5.1%:239.5373236430462:266.874|1.4%
nanoseq-jun-2,255.8239851963993,20705.598,2.8%:248.6135105671995:0.0|0.0%,3.0%:248.13670174740435:67.47|0.3%,3.8%:246.14736810902278:145.512|0.7%,4.4%:244.65509413819854:412.917|2.0%,4.3%:244.75782115834917:480.947|2.3%
nanoseq-jun-3,252.68414624901843,19775.509,3.4%:244.10121254554045:0.0|0.0%,3.0%:245.08397201940392:0.0|0.0%,2.9%:245.31697006646885:227.773|1.2%,4.7%:240.8440510190891:333.303|1.7%,4.9%:240.29468047460554:155.131|0.8%
