workflow,footprint,makespan,flexible-6h,flexible-12h,flexible-24h,flexible-48h,flexible-96h
nanoseq-apr-1,67.85663683776347,19616.143,0.0%:67.85663683776347:0.0|0.0%,2.9%:65.85854735482796:686.13|3.5%,27.9%:48.95763717465504:0.0|0.0%,31.5%:46.46946501287266:253.567|1.3%,47.8%:35.406045051133084:0.0|0.0%
nanoseq-apr-2,68.2753217103373,20705.598,0.0%:68.2753217103373:0.0|0.0%,2.0%:66.89440717096971:105.161|0.5%,28.0%:49.131995986471516:0.0|0.0%,30.8%:47.264230075536865:841.132|4.1%,48.0%:35.52673733326361:0.0|0.0%
nanoseq-apr-3,67.89347341641786,19775.509,0.0%:67.89347341641786:0.0|0.0%,2.9%:65.93060805952521:507.757|2.6%,27.9%:48.94890911947635:0.0|0.0%,31.5%:46.528830955103054:2616.284|13.2%,47.9%:35.38777457173704:0.0|0.0%
