workflow,footprint,makespan,flexible-6h,flexible-12h,flexible-24h,flexible-48h,flexible-96h
nanoseq-jan-1,257.3978648556174,19616.143,0.4%:256.47755406578136:0.0|0.0%,0.4%:256.44303514208326:0.0|0.0%,0.4%:256.44303514208326:0.0|0.0%,0.4%:256.44303514208326:0.0|0.0%,0.5%:256.17346614744923:350.762|1.8%
nanoseq-jan-2,260.670491531231,20705.598,0.1%:260.33524322933476:0.0|0.0%,0.1%:260.33391489378704:0.0|0.0%,0.1%:260.33391489378704:0.0|0.0%,0.1%:260.33391489378704:0.0|0.0%,0.2%:260.05220959705247:211.315|1.0%
nanoseq-jan-3,257.5673279880305,19775.509,0.3%:256.69055576387996:38.849|0.2%,0.4%:256.6639332628902:150.895|0.8%,0.4%:256.6639332628902:295.818|1.5%,0.4%:256.6639332628902:295.818|1.5%,0.5%:256.3866111021116:205.488|1.0%
