workflow,footprint,makespan,flexible-6h,flexible-12h,flexible-24h,flexible-48h,flexible-96h
rangeland-may-1,5881.421475285411,24817.0,14.9%:5008.00663532917:416.628|1.7%,5.7%:5545.9112385015505:1178.07|4.7%,14.9%:5006.668470972095:1343.07|5.4%,10.6%:5256.129960831185:1513.698|6.1%,10.8%:5247.74907657226:1760.512|7.1%
rangeland-may-2,5885.176516853375,24742.0,14.8%:5014.506976327664:344.1|1.4%,5.7%:5547.241850716139:758.2|3.1%,13.8%:5072.633634763146:880.25|3.6%,11.1%:5233.409870237733:1902.45|7.7%,11.2%:5228.580021075097:1780.4|7.2%
rangeland-may-3,5893.563276297766,24839.0,15.1%:5004.970728412726:478.666|1.9%,5.6%:5560.696197375097:904.332|3.6%,14.1%:5064.504974961305:1110.665|4.5%,10.9%:5250.098010899193:2326.997|9.4%,11.0%:5243.94722895713:1737.664|7.0%
