workflow,footprint,makespan,flexible-6h,flexible-12h,flexible-24h,flexible-48h,flexible-96h
rangeland-sep-1,8362.267812549375,24817.0,0.4%:8328.598275584169:645.442|2.6%,1.1%:8273.86041917686:1118.07|4.5%,1.6%:8229.945127859015:1720.698|6.9%,2.4%:8165.12632392103:1354.07|5.5%,2.4%:8165.12632392103:1354.07|5.5%
rangeland-sep-2,8341.914880740816,24742.0,0.4%:8309.966288592126:744.15|3.0%,1.0%:8254.649140009375:1426.3|5.8%,1.6%:8210.561947269643:1584.35|6.4%,2.3%:8147.297066681702:1305.3|5.3%,2.3%:8147.297066681702:1305.3|5.3%
rangeland-sep-3,8358.652446214248,24839.0,0.4%:8326.075857284624:585.999|2.4%,1.1%:8270.866451983493:1476.998|5.9%,1.6%:8226.648343694802:1550.331|6.2%,2.3%:8163.1979916509345:1447.998|5.8%,2.3%:8163.1979916509345:1447.998|5.8%
