workflow,footprint,makespan,flexible-6h,flexible-12h,flexible-24h,flexible-48h,flexible-96h
rangeland-aug-1,7891.89190631369,24817.0,0.1%:7880.568940491751:560.628|2.3%,0.5%:7848.944448298808:1283.884|5.2%,1.3%:7790.324806102065:2447.14|9.9%,2.4%:7701.445006434368:2235.326|9.0%,2.6%:7684.8171437444635:1783.326|7.2%
rangeland-aug-2,7868.956062817927,24742.0,0.1%:7858.135452918303:353.1|1.4%,0.5%:7831.086059612284:1338.3|5.4%,1.2%:7772.488536675252:2174.5|8.8%,2.4%:7682.265737788121:1769.45|7.2%,2.6%:7665.3305785918865:1785.5|7.2%
rangeland-aug-3,7886.730520952724,24839.0,0.1%:7877.8431188429795:542.666|2.2%,0.5%:7845.834341027553:1093.998|4.4%,1.3%:7788.0189376792505:2114.33|8.5%,2.4%:7698.734744828426:2001.997|8.1%,2.6%:7681.7960932370615:1915.33|7.7%
