workflow,footprint,makespan,flexible-6h,flexible-12h,flexible-24h,flexible-48h,flexible-96h
rangeland-jul-1,1571.103743530505,24817.0,2.0%:1539.4503841752892:0.0|0.0%,2.0%:1539.4503841752892:0.0|0.0%,37.5%:982.6657418843114:0.0|0.0%,43.2%:891.6159325870427:335.814|1.4%,44.8%:866.6284656941966:212.814|0.9%
rangeland-jul-2,1565.2838055736945,24742.0,0.0%:1565.2838055736945:0.0|0.0%,0.0%:1565.2838055736945:0.0|0.0%,37.4%:979.9451120555092:0.0|0.0%,43.2%:889.27804295534:268.05|1.1%,44.8%:864.5052593453535:143.05|0.6%
rangeland-jul-3,1569.31495986145,24839.0,0.0%:1569.31495986145:0.0|0.0%,0.0%:1569.31495986145:0.0|0.0%,37.4%:982.0669947075702:0.0|0.0%,43.2%:891.1168083996133:155.333|0.6%,44.8%:866.2668457151783:221.333|0.9%
