workflow,footprint,makespan,flexible-6h,flexible-12h,flexible-24h,flexible-48h,flexible-96h
rangeland-apr-1,2341.8752275059255,24817.0,0.0%:2341.8752275059255:0.0|0.0%,9.2%:2125.284392759636:249.814|1.0%,33.9%:1547.1126674969253:0.0|0.0%,35.6%:1507.5345140308793:335.814|1.4%,51.5%:1136.4463926356693:0.0|0.0%
rangeland-apr-2,2334.6848398429124,24742.0,0.0%:2334.6848398429124:0.0|0.0%,8.4%:2139.4968952790573:323.05|1.3%,33.9%:1543.8864256731965:0.0|0.0%,34.9%:1520.447197794472:323.05|1.3%,51.4%:1133.7674335228678:0.0|0.0%
rangeland-apr-3,2340.4081143826734,24839.0,0.0%:2340.4081143826734:0.0|0.0%,8.4%:2143.774591489096:271.333|1.1%,33.9%:1546.9947359112182:0.0|0.0%,34.9%:1523.53419676008:271.333|1.1%,51.5%:1136.174087690141:0.0|0.0%
