workflow,footprint,makespan,flexible-6h,flexible-12h,flexible-24h,flexible-48h,flexible-96h
rangeland-oct-1,4073.1666307725623,24817.0,0.0%:4073.1666307725623:0.0|0.0%,0.0%:4073.1666307725623:0.0|0.0%,17.6%:3355.44618344819:0.0|0.0%,56.7%:1762.3613987762976:220.814|0.9%,56.7%:1762.3613987762976:220.814|0.9%
rangeland-oct-2,4061.6860211581884,24742.0,0.0%:4061.6860211581884:0.0|0.0%,0.0%:4061.6860211581884:0.0|0.0%,17.6%:3346.4998803329745:0.0|0.0%,56.3%:1774.0157523416124:0.05|0.0%,56.3%:1774.0157523416124:0.05|0.0%
rangeland-oct-3,4070.4291062000884,24839.0,0.0%:4070.4291062000884:0.0|0.0%,0.0%:4070.4291062000884:0.0|0.0%,17.6%:3353.9039728150588:0.0|0.0%,56.3%:1777.7309246415095:0.333|0.0%,56.3%:1777.7309246415095:0.333|0.0%
