workflow,footprint,makespan,flexible-6h,flexible-12h,flexible-24h,flexible-48h,flexible-96h
rangeland-sep-1,8362.267812549375,24817.0,0.2%:8341.627588270476:249.814|1.0%,0.9%:8290.031107088216:634.442|2.6%,1.4%:8244.376618018407:1208.07|4.9%,1.9%:8200.756562537941:1240.07|5.0%,1.9%:8200.756562537941:1240.07|5.0%
rangeland-sep-2,8341.914880740816,24742.0,0.2%:8322.999133965477:175.05|0.7%,0.9%:8270.876548560384:938.2|3.8%,1.4%:8225.334745093189:1277.25|5.2%,1.9%:8181.09838378762:1129.25|4.6%,1.9%:8181.09838378762:1266.3|5.1%
rangeland-sep-3,8358.652446214248,24839.0,0.2%:8339.128852352538:271.333|1.1%,0.9%:8287.175529768214:836.332|3.4%,1.4%:8241.527609947781:1159.665|4.7%,1.9%:8197.726995488465:1201.665|4.8%,1.9%:8197.726995488465:1416.998|5.7%
