workflow,footprint,makespan,flexible-6h,flexible-12h,flexible-24h,flexible-48h,flexible-96h
rangeland-nov-1,8133.3247126788465,24817.0,0.0%:8133.216344831016:280.814|1.1%,0.0%:8132.992695317173:818.442|3.3%,-0.0%:8136.848766457749:536.442|2.2%,0.1%:8123.4791066122525:787.256|3.2%,0.1%:8123.4791066122525:787.256|3.2%
rangeland-nov-2,8110.107237511397,24742.0,0.0%:8110.026313573535:168.05|0.7%,0.0%:8109.830116144562:574.15|2.3%,-0.1%:8114.445885980793:581.15|2.3%,0.1%:8103.621760699343:698.2|2.8%,0.1%:8103.621760699343:698.2|2.8%
rangeland-nov-3,8127.6543651706725,24839.0,0.0%:8127.570363721868:294.333|1.2%,0.0%:8127.3544510907695:859.999|3.5%,-0.0%:8131.4668469491635:515.999|2.1%,0.1%:8119.822838383978:767.332|3.1%,0.1%:8119.822838383978:767.332|3.1%
