workflow,footprint,makespan,flexible-6h,flexible-12h,flexible-24h,flexible-48h,flexible-96h
rangeland-aug-1,7891.89190631369,24817.0,0.5%:7851.138733723758:1480.884|6.0%,1.1%:7807.635277665273:2260.14|9.1%,2.0%:7737.395668219606:1722.512|6.9%,2.8%:7672.974230151315:2916.768|11.8%,2.9%:7661.091630730563:2342.954|9.4%
rangeland-aug-2,7868.956062817927,24742.0,0.5%:7829.671092727209:1023.3|4.1%,1.0%:7789.392995601122:2267.5|9.2%,1.9%:7721.47673866157:1496.35|6.0%,2.7%:7653.568159412779:2485.55|10.0%,2.9%:7643.034261133215:2122.55|8.6%
rangeland-aug-3,7886.730520952724,24839.0,0.5%:7848.675566753211:1392.998|5.6%,1.0%:7805.521723344109:2248.33|9.1%,1.9%:7736.641081623709:1597.331|6.4%,2.7%:7670.511823879377:2563.663|10.3%,2.9%:7659.5825112540715:2117.663|8.5%
