workflow,footprint,makespan,flexible-6h,flexible-12h,flexible-24h,flexible-48h,flexible-96h
rangeland-may-1,1263.0486698022494,24817.0,0.0%:1263.0486698022494:0.0|0.0%,0.0%:1263.0486698022494:0.0|0.0%,22.1%:984.1231650190579:0.0|0.0%,22.1%:984.1231650190579:0.0|0.0%,22.1%:984.1231650190579:0.0|0.0%
rangeland-may-2,1259.5637689744103,24742.0,0.0%:1259.5637689744103:0.0|0.0%,0.0%:1259.5637689744103:0.0|0.0%,21.2%:992.3470660870868:0.0|0.0%,21.2%:992.3470660870868:0.0|0.0%,21.2%:992.3470660870868:0.0|0.0%
rangeland-may-3,1262.2884321720323,24839.0,0.0%:1262.2884321720323:0.0|0.0%,0.0%:1262.2884321720323:0.0|0.0%,21.2%:994.6160910909553:0.0|0.0%,21.2%:994.6160910909553:0.0|0.0%,21.2%:994.6160910909553:0.0|0.0%
