workflow,footprint,makespan,flexible-6h,flexible-12h,flexible-24h,flexible-48h,flexible-96h
rangeland-jul-1,8394.664765048787,24817.0,0.2%:8376.355191623681:557.628|2.2%,0.3%:8365.673434411096:825.256|3.3%,0.8%:8329.527552836853:1528.698|6.2%,1.6%:8261.41499919195:1923.512|7.8%,1.7%:8248.502560840323:2465.14|9.9%
rangeland-jul-2,8375.152046005946,24742.0,0.2%:8356.834546244821:310.1|1.3%,0.3%:8347.586168527296:838.2|3.4%,0.8%:8310.531905932261:1524.35|6.2%,1.6%:8241.663440302053:1898.45|7.7%,1.7%:8229.306989223318:2230.55|9.0%
rangeland-jul-3,8391.609340098641,24839.0,0.2%:8372.897939679611:517.666|2.1%,0.3%:8363.604528775862:802.332|3.2%,0.8%:8326.690110956866:1382.331|5.6%,1.6%:8258.064573262818:1794.997|7.2%,1.7%:8245.400018217275:2234.663|9.0%
