workflow,footprint,makespan,flexible-6h,flexible-12h,flexible-24h,flexible-48h,flexible-96h
rnaseq-dec-1,4124.047817959586,10697.0,2.1%:4036.7703921576435:0.0|0.0%,2.1%:4036.7703921576435:0.0|0.0%,2.1%:4036.7703921576435:0.0|0.0%,2.1%:4036.7703921576435:0.0|0.0%,2.1%:4036.7703921576435:0.0|0.0%
rnaseq-dec-2,4048.162285510136,11472.0,2.1%:3962.7449538766355:0.0|0.0%,2.1%:3962.7449538766355:0.0|0.0%,2.1%:3962.7449538766355:0.0|0.0%,2.1%:3962.7449538766355:0.0|0.0%,2.1%:3962.7449538766355:0.0|0.0%
rnaseq-dec-3,4224.673097381223,10863.0,2.1%:4136.962608235205:0.0|0.0%,2.1%:4136.962608235205:0.0|0.0%,2.1%:4136.962608235205:0.0|0.0%,2.1%:4136.962608235205:0.0|0.0%,2.1%:4136.962608235205:0.0|0.0%
