workflow,footprint,makespan,flexible-6h,flexible-12h,flexible-24h,flexible-48h,flexible-96h
rnaseq-apr-1,11343.765549282229,10697.0,0.4%:11293.22799970174:376.128|3.5%,0.6%:11275.448258950622:798.192|7.5%,0.7%:11267.303423966348:500.192|4.7%,1.0%:11232.551130524636:1408.384|13.2%,2.4%:11069.46325202423:1404.384|13.1%
rnaseq-apr-2,11104.596444094654,11472.0,0.5%:11054.518146463482:503.688|4.4%,0.5%:11045.028988387434:477.688|4.2%,0.7%:11031.872332206554:801.376|7.0%,0.9%:11001.538898318799:1257.22|11.0%,2.2%:10858.243182556656:1484.064|12.9%
rnaseq-apr-3,11638.492284335027,10863.0,0.5%:11581.102869860888:533.672|4.9%,0.6%:11570.450001911171:498.672|4.6%,0.6%:11563.04200485962:761.008|7.0%,1.0%:11518.070711281995:1326.016|12.2%,2.5%:11350.655949746404:1543.016|14.2%
