workflow,footprint,makespan,flexible-6h,flexible-12h,flexible-24h,flexible-48h,flexible-96h
rnaseq-oct-1,5059.601968913545,10697.0,0.2%:5051.0812769975455:0.0|0.0%,0.2%:5051.0812769975455:0.0|0.0%,9.9%:4560.954983879776:0.0|0.0%,54.2%:2319.4126081321288:1412.064|13.2%,56.3%:2212.7182786027:0.0|0.0%
rnaseq-oct-2,4966.838843380323,11472.0,0.0%:4966.838843380323:0.0|0.0%,0.0%:4966.838843380323:0.0|0.0%,9.9%:4476.504210982716:0.0|0.0%,54.2%:2276.4362165013617:1606.844|14.0%,55.3%:2218.558209478775:0.0|0.0%
rnaseq-oct-3,5184.457716178603,10863.0,0.0%:5184.457716178603:0.0|0.0%,0.0%:5184.457716178603:0.0|0.0%,10.0%:4663.7233979008515:0.0|0.0%,54.2%:2374.8166934514547:1624.336|15.0%,55.4%:2314.15086261684:0.0|0.0%
