workflow,footprint,makespan,flexible-6h,flexible-12h,flexible-24h,flexible-48h,flexible-96h
rnaseq-jul-1,1795.267737485469,10697.0,4.0%:1722.9884165973908:0.0|0.0%,4.0%:1722.9884165973908:0.0|0.0%,4.8%:1709.166662215035:1412.064|13.2%,9.2%:1630.5976910658335:0.0|0.0%,9.2%:1630.5976910658335:0.0|0.0%
rnaseq-jul-2,1762.590851220206,11472.0,4.0%:1691.6727348164616:0.0|0.0%,4.0%:1691.6727348164616:0.0|0.0%,4.8%:1677.3037057812626:1606.844|14.0%,9.2%:1600.7951353294845:0.0|0.0%,9.2%:1600.7951353294845:0.0|0.0%
rnaseq-jul-3,1837.2630054726962,10863.0,3.9%:1766.2109185550678:0.0|0.0%,3.9%:1766.2109185550678:0.0|0.0%,4.7%:1750.179126709364:1624.336|15.0%,9.1%:1670.798492990533:0.0|0.0%,9.1%:1670.798492990533:0.0|0.0%
