workflow,footprint,makespan,flexible-6h,flexible-12h,flexible-24h,flexible-48h,flexible-96h
rnaseq-mar-1,11292.000111612875,10697.0,0.3%:11256.934771023345:389.128|3.6%,0.4%:11248.270166576323:287.064|2.7%,0.4%:11244.047913864613:293.064|2.7%,0.4%:11244.047913864613:562.128|5.3%,1.2%:11154.918604994704:1230.32|11.5%
rnaseq-mar-2,11056.782247217898,11472.0,0.3%:11024.199854646455:504.688|4.4%,0.3%:11019.492917605501:474.688|4.1%,0.3%:11019.492917605501:474.688|4.1%,0.3%:11019.492917605501:474.688|4.1%,1.1%:10934.033924513846:1367.22|11.9%
rnaseq-mar-3,11586.343482948641,10863.0,0.3%:11547.217032787725:426.672|3.9%,0.4%:11539.91918419784:242.336|2.2%,0.4%:11539.91918419784:242.336|2.2%,0.4%:11539.91918419784:242.336|2.2%,1.2%:11451.23010498572:1407.68|13.0%
