workflow,footprint,makespan,flexible-6h,flexible-12h,flexible-24h,flexible-48h,flexible-96h
rnaseq-feb-1,5273.3684661819025,10697.0,5.8%:4966.142816273343:0.0|0.0%,5.8%:4966.142816273343:0.0|0.0%,32.8%:3542.5727578406177:0.0|0.0%,37.1%:3315.1783601832944:1412.064|13.2%,37.9%:3277.198352208341:1412.064|13.2%
rnaseq-feb-2,5176.185087519928,11472.0,5.8%:4875.416971187534:0.0|0.0%,5.8%:4874.653182030176:2167.844|18.9%,32.8%:3477.5937424194103:0.0|0.0%,37.1%:3254.229511467995:3774.688|32.9%,37.3%:3244.1136415345886:3774.688|32.9%
rnaseq-feb-3,5397.272047626131,10863.0,5.7%:5090.1990967723095:0.0|0.0%,5.7%:5090.105149889981:2693.336|24.8%,32.8%:3625.5189197539194:0.0|0.0%,37.1%:3396.605794051819:4317.672|39.7%,37.3%:3386.5260226391115:4317.672|39.7%
