workflow,footprint,makespan,flexible-6h,flexible-12h,flexible-24h,flexible-48h,flexible-96h
rnaseq-jun-1,2400.3542510172706,10697.0,15.9%:2018.4286341532668:0.0|0.0%,15.9%:2018.4286341532668:0.0|0.0%,43.8%:1350.1267739162458:0.0|0.0%,53.9%:1106.849668884779:0.0|0.0%,53.9%:1106.849668884779:0.0|0.0%
rnaseq-jun-2,2356.676604287093,11472.0,15.9%:1981.2025822999715:0.0|0.0%,15.9%:1981.2025822999715:0.0|0.0%,43.5%:1331.127681455934:0.0|0.0%,53.9%:1086.6817162013817:0.0|0.0%,53.9%:1086.6817162013817:0.0|0.0%
rnaseq-jun-3,2450.3833125376154,10863.0,15.6%:2068.147808576276:0.0|0.0%,15.6%:2068.147808576276:0.0|0.0%,43.3%:1389.1123827550514:0.0|0.0%,53.7%:1134.3255664516712:0.0|0.0%,53.7%:1134.3255664516712:0.0|0.0%
