workflow,footprint,makespan,flexible-6h,flexible-12h,flexible-24h,flexible-48h,flexible-96h
rnaseq-jan-1,5211.7378319575155,10697.0,2.2%:5095.687380260268:0.0|0.0%,2.2%:5095.687380260268:0.0|0.0%,2.2%:5095.687380260268:0.0|0.0%,2.2%:5095.687380260268:0.0|0.0%,2.2%:5095.687380260268:0.0|0.0%
rnaseq-jan-2,5116.121585858931,11472.0,2.2%:5002.470619594564:0.0|0.0%,2.2%:5002.470619594564:0.0|0.0%,2.2%:5002.470619594564:0.0|0.0%,2.2%:5002.470619594564:0.0|0.0%,2.2%:5002.470619594564:0.0|0.0%
rnaseq-jan-3,5336.978409655337,10863.0,2.2%:5221.260137879736:0.0|0.0%,2.2%:5221.260137879736:0.0|0.0%,2.2%:5221.260137879736:0.0|0.0%,2.2%:5221.260137879736:0.0|0.0%,2.2%:5221.260137879736:0.0|0.0%
