workflow,footprint,makespan,flexible-6h,flexible-12h,flexible-24h,flexible-48h,flexible-96h
rnaseq-mar-1,3239.0474181352347,10697.0,3.4%:3129.946766068351:0.0|0.0%,3.4%:3129.946766068351:0.0|0.0%,3.4%:3129.946766068351:0.0|0.0%,3.4%:3129.946766068351:0.0|0.0%,41.6%:1892.6917268820262:0.0|0.0%
rnaseq-mar-2,3180.283724925381,11472.0,0.0%:3180.283724925381:0.0|0.0%,0.0%:3180.283724925381:0.0|0.0%,0.0%:3180.283724925381:0.0|0.0%,0.0%:3180.283724925381:0.0|0.0%,41.6%:1858.1329286430177:0.0|0.0%
rnaseq-mar-3,3316.561144589688,10863.0,0.0%:3316.561144589688:0.0|0.0%,0.0%:3316.561144589688:0.0|0.0%,0.0%:3316.561144589688:0.0|0.0%,0.0%:3316.561144589688:0.0|0.0%,41.6%:1937.7097875141703:0.0|0.0%
