workflow,footprint,makespan,flexible-6h,flexible-12h,flexible-24h,flexible-48h,flexible-96h
rnaseq-aug-1,1574.692025944723,10697.0,4.3%:1507.6895930069861:0.0|0.0%,4.3%:1507.6895930069861:0.0|0.0%,4.3%:1507.6895930069861:0.0|0.0%,4.3%:1507.6895930069861:0.0|0.0%,4.3%:1507.6895930069861:0.0|0.0%
rnaseq-aug-2,1545.7981729439489,11472.0,3.7%:1489.132782623806:0.0|0.0%,3.7%:1489.132782623806:0.0|0.0%,3.7%:1489.132782623806:0.0|0.0%,3.7%:1489.132782623806:0.0|0.0%,3.7%:1489.132782623806:0.0|0.0%
rnaseq-aug-3,1611.8762656149481,10863.0,3.6%:1553.8836784463865:0.0|0.0%,3.6%:1553.8836784463865:0.0|0.0%,3.6%:1553.8836784463865:0.0|0.0%,3.6%:1553.8836784463865:0.0|0.0%,3.6%:1553.8836784463865:0.0|0.0%
