workflow,footprint,makespan,flexible-6h,flexible-12h,flexible-24h,flexible-48h,flexible-96h
rnaseq-jul-1,1795.267737485469,10697.0,4.0%:1722.9884165973908:0.0|0.0%,4.0%:1722.9884165973908:0.0|0.0%,32.1%:1218.541229165963:0.0|0.0%,38.4%:1105.7302220912127:0.0|0.0%,38.4%:1105.396343217643:0.0|0.0%
rnaseq-jul-2,1762.590851220206,11472.0,4.0%:1691.6727348164616:0.0|0.0%,4.0%:1691.6727348164616:0.0|0.0%,32.1%:1196.231034762533:0.0|0.0%,38.4%:1085.512784848392:0.0|0.0%,37.8%:1096.071253106524:0.0|0.0%
rnaseq-jul-3,1837.2630054726962,10863.0,3.9%:1766.2109185550678:0.0|0.0%,3.9%:1766.2109185550678:0.0|0.0%,32.0%:1248.8161233885662:0.0|0.0%,38.3%:1132.9784472726028:0.0|0.0%,37.7%:1143.742720497322:0.0|0.0%
