workflow,footprint,makespan,flexible-6h,flexible-12h,flexible-24h,flexible-48h,flexible-96h
rnaseq-apr-1,11343.765549282229,10697.0,0.7%:11261.279565603167:707.192|6.6%,1.0%:11229.875770073251:1111.32|10.4%,1.1%:11218.561380068408:1399.448|13.1%,1.3%:11193.04747676782:1857.448|17.4%,2.6%:11054.191268192215:1599.384|15.0%
rnaseq-apr-2,11104.596444094654,11472.0,0.7%:11024.212680507366:830.532|7.2%,1.0%:10992.625420266217:746.532|6.5%,1.1%:10981.705379410236:1277.064|11.1%,1.2%:10966.999053888581:1992.752|17.4%,2.3%:10854.318465225397:1660.908|14.5%
rnaseq-apr-3,11638.492284335027,10863.0,0.8%:11550.47262521878:661.008|6.1%,1.0%:11521.414199579627:1055.344|9.7%,1.1%:11510.588220618729:1399.68|12.9%,1.3%:11485.271083267118:1909.352|17.6%,2.5%:11344.601034586154:1824.352|16.8%
