workflow,footprint,makespan,flexible-6h,flexible-12h,flexible-24h,flexible-48h,flexible-96h
rnaseq-feb-1,11366.63476813656,10697.0,0.6%:11301.303936705994:134.064|1.3%,0.8%:11271.022281306636:560.192|5.2%,1.5%:11195.423106200207:227.128|2.1%,1.9%:11154.599458382938:865.256|8.1%,3.4%:10983.93447080796:897.256|8.4%
rnaseq-feb-2,11127.456809607269,11472.0,0.6%:11062.360096591916:213.844|1.9%,0.8%:11037.025506182868:389.688|3.4%,1.5%:10958.998695433394:393.688|3.4%,1.9%:10918.610367881232:913.376|8.0%,3.1%:10778.036603947987:974.376|8.5%
rnaseq-feb-3,11666.746307243588,10863.0,0.6%:11592.604288366108:296.336|2.7%,0.9%:11566.569417948922:299.336|2.8%,1.6%:11485.231988700236:413.672|3.8%,1.9%:11443.94695659877:1054.344|9.7%,3.4%:11274.259201524786:680.008|6.3%
