workflow,footprint,makespan,flexible-6h,flexible-12h,flexible-24h,flexible-48h,flexible-96h
rnaseq-oct-1,11570.638310661754,10697.0,0.4%:11528.27860495727:463.128|4.3%,0.6%:11502.401605143892:269.064|2.5%,0.8%:11477.215410480818:446.128|4.2%,0.8%:11476.789453968542:652.256|6.1%,0.8%:11472.79943668741:794.192|7.4%
rnaseq-oct-2,11325.09173584341,11472.0,0.3%:11286.06273048222:531.688|4.6%,0.6%:11258.489552196888:258.844|2.3%,0.8%:11235.85865729006:284.844|2.5%,0.8%:11234.343139841998:779.532|6.8%,0.8%:11231.917990491647:842.532|7.3%
rnaseq-oct-3,11865.280716459785,10863.0,0.3%:11825.183678057985:467.672|4.3%,0.6%:11798.426412021281:0.0|0.0%,0.8%:11773.722555958457:272.336|2.5%,0.8%:11772.897295820403:985.344|9.1%,0.8%:11769.836066068867:438.672|4.0%
