workflow,footprint,makespan,flexible-6h,flexible-12h,flexible-24h,flexible-48h,flexible-96h
rnaseq-jan-1,11239.329687140398,10697.0,1.0%:11122.508910403534:0.0|0.0%,1.8%:11031.540641370797:272.064|2.5%,2.0%:11015.071313246894:765.192|7.2%,2.1%:11008.518790658149:723.256|6.8%,2.1%:11008.518790658149:723.256|6.8%
rnaseq-jan-2,11004.691623086608,11472.0,1.1%:10887.405395921454:0.0|0.0%,1.9%:10800.607200067127:574.688|5.0%,2.0%:10786.63226855978:540.688|4.7%,2.0%:10782.066818111025:805.532|7.0%,2.0%:10782.032280170028:611.532|5.3%
rnaseq-jan-3,11525.259442500832,10863.0,1.0%:11405.586980515625:0.0|0.0%,1.8%:11315.887216589375:222.336|2.0%,1.9%:11302.773482288763:361.672|3.3%,2.0%:11295.008013475235:882.344|8.1%,2.0%:11295.008013475235:882.344|8.1%
