workflow,footprint,makespan,flexible-6h,flexible-12h,flexible-24h,flexible-48h,flexible-96h
rnaseq-nov-1,5695.786018943089,10697.0,1.9%:5586.877316449003:0.0|0.0%,1.9%:5586.877316449003:0.0|0.0%,1.9%:5586.877316449003:0.0|0.0%,1.9%:5586.877316449003:0.0|0.0%,5.2%:5401.664535460653:0.0|0.0%
rnaseq-nov-2,5590.7115688779495,11472.0,1.4%:5513.45132983108:0.0|0.0%,1.4%:5513.45132983108:0.0|0.0%,1.4%:5513.45132983108:0.0|0.0%,1.4%:5513.45132983108:0.0|0.0%,4.8%:5320.777620166521:0.0|0.0%
rnaseq-nov-3,5833.754991145963,10863.0,1.4%:5753.8033503743345:0.0|0.0%,1.4%:5753.8033503743345:0.0|0.0%,1.4%:5753.8033503743345:0.0|0.0%,1.4%:5753.8033503743345:0.0|0.0%,4.8%:5552.906357689541:0.0|0.0%
