workflow,footprint,makespan,flexible-6h,flexible-12h,flexible-24h,flexible-48h,flexible-96h
sarek-apr-1,8091.792148171162,18299.0,0.0%:8091.792148171162:0.0|0.0%,2.1%:7919.538496999849:3528.769|19.3%,27.7%:5853.345546813719:0.0|0.0%,31.5%:5542.243388569117:2569.769|14.0%,47.5%:4247.789219600496:0.0|0.0%
sarek-apr-2,8141.478716527257,17619.0,1.3%:8033.021305891228:0.0|0.0%,2.3%:7950.222697115506:3010.412|17.1%,27.6%:5891.184306702966:0.0|0.0%,31.4%:5585.669184202422:0.0|0.0%,47.3%:4291.216742388351:0.0|0.0%
sarek-apr-3,8069.192483970001,18878.0,0.0%:8069.192483970001:0.0|0.0%,1.4%:7958.0297482615015:2707.417|14.3%,27.7%:5833.955366769744:0.0|0.0%,31.5%:5529.226106024537:2375.417|12.6%,47.5%:4236.066086657324:0.0|0.0%
