workflow,footprint,makespan,flexible-6h,flexible-12h,flexible-24h,flexible-48h,flexible-96h
sarek-jul-1,32408.266962162936,18299.0,0.5%:32242.525533776658:1048.076|5.7%,0.6%:32216.937769029457:1191.614|6.5%,1.1%:32051.485933262516:2400.921|13.1%,1.9%:31795.45950506609:2725.459|14.9%,2.7%:31528.902775931496:1436.614|7.9%
sarek-jul-2,32527.476888859554,17619.0,0.5%:32378.151899168544:1082.648|6.1%,0.6%:32321.30102248166:1545.884|8.8%,1.1%:32159.931585810762:1892.296|10.7%,1.8%:31942.7880939328:2700.12|15.3%,2.8%:31621.810225399786:1400.472|7.9%
sarek-jul-3,32066.022859492212,18878.0,0.4%:31928.947430274013:1387.502|7.3%,0.4%:31923.995775010553:1182.085|6.3%,1.0%:31750.80452271138:1851.919|9.8%,1.9%:31458.748227338096:2814.587|14.9%,2.5%:31261.39720711647:1442.502|7.6%
