workflow,footprint,makespan,flexible-6h,flexible-12h,flexible-24h,flexible-48h,flexible-96h
sarek-apr-1,32347.542110955797,18299.0,0.6%:32145.153154852374:1043.076|5.7%,0.9%:32069.221466574014:1627.383|8.9%,0.9%:32053.745687613107:1486.383|8.1%,1.4%:31896.55100407488:2702.69|14.8%,2.2%:31649.277352379853:3045.997|16.6%
sarek-apr-2,32463.953372243122,17619.0,0.5%:32299.511641118635:1090.648|6.2%,0.8%:32193.684227271584:1319.472|7.5%,0.9%:32168.201996039574:1746.884|9.9%,1.2%:32084.940621710324:2433.12|13.8%,2.2%:31738.034926373864:2929.356|16.6%
sarek-apr-3,32059.551573502526,18878.0,0.7%:31826.22677259424:958.668|5.1%,0.9%:31757.766848287432:1855.919|9.8%,1.0%:31739.86813541026:2047.336|10.8%,1.6%:31539.844151492667:2730.587|14.5%,2.1%:31375.352049309342:2980.421|15.8%
