workflow,footprint,makespan,flexible-6h,flexible-12h,flexible-24h,flexible-48h,flexible-96h
sarek-jan-1,14965.066795978088,18299.0,0.0%:14965.066795978088:0.0|0.0%,0.0%:14965.066795978088:0.0|0.0%,0.0%:14965.066795978088:0.0|0.0%,0.0%:14965.066795978088:0.0|0.0%,0.0%:14965.066795978088:0.0|0.0%
sarek-jan-2,15044.571564644823,17619.0,0.0%:15044.571564644823:0.0|0.0%,0.0%:15044.571564644823:0.0|0.0%,0.0%:15044.571564644823:0.0|0.0%,0.0%:15044.571564644823:0.0|0.0%,0.0%:15044.571564644823:0.0|0.0%
sarek-jan-3,14984.271835993812,18878.0,0.0%:14984.271835993812:0.0|0.0%,0.0%:14984.271835993812:0.0|0.0%,0.0%:14984.271835993812:0.0|0.0%,0.0%:14984.271835993812:0.0|0.0%,0.0%:14984.271835993812:0.0|0.0%
