workflow,footprint,makespan,flexible-6h,flexible-12h,flexible-24h,flexible-48h,flexible-96h
sarek-jun-1,31157.265637185777,18299.0,5.3%:29516.407487903325:717.307|3.9%,6.3%:29179.300126023638:546.538|3.0%,6.1%:29251.54204174008:498.307|2.7%,4.1%:29882.798459554026:1957.921|10.7%,5.1%:29573.53334803079:2007.152|11.0%
sarek-jun-2,32188.322334360353,17619.0,7.8%:29669.119442514548:879.236|5.0%,8.6%:29415.103927392454:589.824|3.3%,8.8%:29371.57456810692:1098.648|6.2%,9.6%:29093.287355462973:1779.296|10.1%,8.4%:29481.961093110203:2308.12|13.1%
sarek-jun-3,29591.606332238265,18878.0,1.5%:29153.262784815724:812.251|4.3%,1.3%:29192.22986096475:535.834|2.8%,2.4%:28872.4960542473:1048.085|5.6%,-2.2%:30234.21159110676:2710.17|14.4%,2.2%:28952.86596051803:1616.919|8.6%
