workflow,footprint,makespan,flexible-6h,flexible-12h,flexible-24h,flexible-48h,flexible-96h
sarek-oct-1,32835.292275368854,18299.0,0.1%:32809.54614179277:411.538|2.2%,0.1%:32794.202431239646:317.538|1.7%,0.2%:32764.86740449767:485.538|2.7%,0.3%:32744.126268444998:507.538|2.8%,0.3%:32744.126268444998:507.538|2.8%
sarek-oct-2,32957.09459775632,17619.0,0.1%:32928.21240232135:359.824|2.0%,0.1%:32915.36492634671:154.824|0.9%,0.2%:32888.86364107837:400.824|2.3%,0.3%:32865.165954526026:844.236|4.8%,0.3%:32865.165954526026:844.236|4.8%
sarek-oct-3,32526.514589904422,18878.0,0.1%:32498.496146087247:589.834|3.1%,0.1%:32479.06641833513:312.834|1.7%,0.2%:32445.748356657532:554.834|2.9%,0.3%:32427.85713396274:477.834|2.5%,0.3%:32427.85713396274:477.834|2.5%
