workflow,footprint,makespan,flexible-6h,flexible-12h,flexible-24h,flexible-48h,flexible-96h
sarek-dec-1,11757.721442028176,18299.0,9.5%:10637.585707910825:2207.769|12.1%,27.0%:8580.877329001469:0.0|0.0%,27.0%:8580.877329001469:0.0|0.0%,29.5%:8292.206109104278:2207.769|12.1%,46.2%:6320.809341745165:0.0|0.0%
sarek-dec-2,11845.783525479508,17619.0,9.4%:10728.742224544867:1567.412|8.9%,26.8%:8668.31246109214:0.0|0.0%,26.8%:8668.31246109214:0.0|0.0%,30.2%:8274.018690700663:1277.412|7.3%,46.4%:6354.6168802819775:0.0|0.0%
sarek-dec-3,11758.227167183242,18878.0,10.0%:10581.510023569292:2778.417|14.7%,27.0%:8581.889327259103:0.0|0.0%,27.0%:8581.889327259103:0.0|0.0%,29.5%:8284.893603870432:2778.417|14.7%,46.1%:6334.346519673712:0.0|0.0%
