workflow,footprint,makespan,flexible-6h,flexible-12h,flexible-24h,flexible-48h,flexible-96h
sarek-may-1,20548.694940261645,18299.0,9.1%:18682.95294306802:515.538|2.8%,-0.1%:20561.828685009685:731.307|4.0%,15.6%:17353.166422941973:1108.076|6.1%,33.0%:13763.047458274681:2161.152|11.8%,34.2%:13517.275615264825:2209.921|12.1%
sarek-may-2,20901.403532681597,17619.0,11.7%:18465.91989012338:580.824|3.3%,8.4%:19136.63403527479:695.236|3.9%,18.5%:17037.810903238602:1043.06|5.9%,36.0%:13382.41365948813:1786.296|10.1%,35.8%:13420.15777162255:2460.532|14.0%
sarek-may-3,20376.43126149286,18878.0,0.5%:20272.307948424517:540.834|2.9%,-1.6%:20703.067562100325:806.251|4.3%,11.2%:18085.59149076515:1056.668|5.6%,37.1%:12820.77965661047:2491.17|13.2%,26.6%:14950.477015580163:1942.336|10.3%
