workflow,footprint,makespan,flexible-6h,flexible-12h,flexible-24h,flexible-48h,flexible-96h
sarek-aug-1,32190.32160789352,18299.0,7.3%:29833.85369123611:509.538|2.8%,10.6%:28764.22922233644:1186.845|6.5%,13.2%:27927.45334067611:2180.69|11.9%,10.3%:28869.43884638193:2252.921|12.3%,6.0%:30244.12942219542:1374.845|7.5%
sarek-aug-2,33253.89149940043,17619.0,9.8%:29992.680618077517:700.236|4.0%,10.1%:29882.520306511622:1278.06|7.3%,18.5%:27096.16579773173:2570.12|14.6%,12.9%:28958.36296403359:2069.708|11.7%,9.1%:30234.276598096578:1148.472|6.5%
sarek-aug-3,30201.072055619083,18878.0,2.6%:29400.757115755354:553.834|2.9%,10.5%:27042.203626811945:1355.085|7.2%,3.8%:29052.609076433844:2630.17|13.9%,5.9%:28422.942977231913:2429.753|12.9%,1.3%:29822.62065269825:1895.919|10.0%
