workflow,footprint,makespan,flexible-6h,flexible-12h,flexible-24h,flexible-48h,flexible-96h
sarek-mar-1,9574.40786327082,18299.0,0.0%:9574.40786327082:0.0|0.0%,0.0%:9574.40786327082:0.0|0.0%,0.0%:9574.40786327082:0.0|0.0%,0.0%:9574.40786327082:0.0|0.0%,43.1%:5450.154241476317:0.0|0.0%
sarek-mar-2,9565.614148327957,17619.0,0.0%:9565.614148327957:0.0|0.0%,0.0%:9565.614148327957:0.0|0.0%,0.0%:9565.614148327957:0.0|0.0%,0.0%:9565.614148327957:0.0|0.0%,42.8%:5470.865356122456:0.0|0.0%
sarek-mar-3,9664.511453091383,18878.0,0.0%:9664.511453091383:0.0|0.0%,0.0%:9664.511453091383:0.0|0.0%,0.0%:9664.511453091383:0.0|0.0%,0.0%:9664.511453091383:0.0|0.0%,43.4%:5467.62237695235:0.0|0.0%
