workflow,footprint,makespan,flexible-6h,flexible-12h,flexible-24h,flexible-48h,flexible-96h
sarek-feb-1,14708.591685896567,18299.0,0.0%:14708.591685896567:0.0|0.0%,5.6%:13879.018544121169:2207.769|12.1%,28.6%:10507.324959975693:0.0|0.0%,29.1%:10430.353721251933:2569.769|14.0%,34.4%:9648.534728751727:3469.538|19.0%
sarek-feb-2,14794.348044470204,17619.0,0.3%:14757.059984537742:0.0|0.0%,5.0%:14049.626794377522:1567.412|8.9%,29.6%:10413.313392130658:0.0|0.0%,29.6%:10413.313392130658:0.0|0.0%,34.6%:9668.781518328247:1277.412|7.3%
sarek-feb-3,14716.112624794583,18878.0,0.0%:14716.112624794583:0.0|0.0%,5.9%:13846.248430508134:2778.417|14.7%,28.5%:10528.472338496022:0.0|0.0%,28.6%:10506.178859013233:2375.417|12.6%,34.7%:9609.064429143269:4049.834|21.5%
