workflow,footprint,makespan,flexible-6h,flexible-12h,flexible-24h,flexible-48h,flexible-96h
sarek-feb-1,32541.804202841395,18299.0,0.5%:32372.296246440914:800.307|4.4%,0.8%:32277.76502281972:1052.845|5.8%,1.4%:32072.622074868155:1940.152|10.6%,3.1%:31526.41464814987:884.076|4.8%,3.1%:31526.41464814987:884.076|4.8%
sarek-feb-2,32678.373484849293,17619.0,0.5%:32521.66164950642:1099.648|6.2%,0.8%:32404.185314500803:1366.06|7.8%,1.4%:32205.55591715518:1917.884|10.9%,3.2%:31620.30763816404:970.648|5.5%,3.2%:31620.30763816404:1268.06|7.2%
sarek-feb-3,32290.118064275382,18878.0,0.7%:32073.358158940755:776.251|4.1%,1.0%:31959.751846211588:1365.085|7.2%,1.7%:31737.86524563663:2079.336|11.0%,3.1%:31273.534215886855:907.668|4.8%,3.1%:31273.534215886855:907.668|4.8%
