workflow,footprint,makespan,flexible-6h,flexible-12h,flexible-24h,flexible-48h,flexible-96h
sarek-dec-1,11757.721442028176,18299.0,0.2%:11735.34875455281:0.0|0.0%,0.2%:11735.34875455281:0.0|0.0%,0.2%:11735.34875455281:0.0|0.0%,0.2%:11735.34875455281:0.0|0.0%,0.2%:11735.34875455281:0.0|0.0%
sarek-dec-2,11845.783525479508,17619.0,0.2%:11819.978201122016:0.0|0.0%,0.2%:11819.978201122016:0.0|0.0%,0.2%:11819.978201122016:0.0|0.0%,0.2%:11819.978201122016:0.0|0.0%,0.2%:11819.978201122016:0.0|0.0%
sarek-dec-3,11758.227167183242,18878.0,0.3%:11718.89834421241:0.0|0.0%,0.3%:11718.89834421241:0.0|0.0%,0.3%:11718.89834421241:0.0|0.0%,0.3%:11718.89834421241:0.0|0.0%,0.3%:11718.89834421241:0.0|0.0%
