workflow,footprint,makespan,flexible-6h,flexible-12h,flexible-24h,flexible-48h,flexible-96h
sarek-dec-1,32006.07615096673,18299.0,0.7%:31780.977445888995:264.769|1.4%,1.3%:31600.126380617417:490.538|2.7%,2.6%:31162.49261906387:1310.845|7.2%,3.8%:30791.3841022675:847.307|4.6%,5.6%:30215.74693720475:552.538|3.0%
sarek-dec-2,32146.07694585886,17619.0,0.6%:31951.028314830768:276.412|1.6%,1.2%:31769.789835087693:574.824|3.3%,2.5%:31346.236538882047:1379.06|7.8%,3.9%:30890.326728320764:813.236|4.6%,5.7%:30311.84993727414:329.824|1.9%
sarek-dec-3,31587.279389398103,18878.0,0.5%:31439.590593960176:290.417|1.5%,1.0%:31257.511986640857:544.834|2.9%,2.4%:30841.228796099724:1356.085|7.2%,3.5%:30489.424266076472:799.251|4.2%,5.2%:29950.140848903495:519.834|2.8%
