workflow,footprint,makespan,flexible-6h,flexible-12h,flexible-24h,flexible-48h,flexible-96h
sarek-jun-1,6267.458516371936,18299.0,4.3%:5997.676505810046:0.0|0.0%,4.3%:5997.676505810046:0.0|0.0%,26.0%:4637.2514402233:0.0|0.0%,28.8%:4462.0202575624735:0.0|0.0%,28.8%:4462.0202575624735:0.0|0.0%
sarek-jun-2,6292.89793778559,17619.0,4.1%:6034.678539379111:0.0|0.0%,4.1%:6034.678539379111:0.0|0.0%,26.1%:4651.502861041503:0.0|0.0%,28.7%:4484.643283514003:0.0|0.0%,28.7%:4484.643283514003:0.0|0.0%
sarek-jun-3,6242.835827906956,18878.0,3.6%:6017.348109296518:0.0|0.0%,3.6%:6017.348109296518:0.0|0.0%,25.7%:4635.735269357383:0.0|0.0%,28.4%:4467.5296873931875:0.0|0.0%,28.4%:4467.5296873931875:0.0|0.0%
