workflow,footprint,makespan,flexible-6h,flexible-12h,flexible-24h,flexible-48h,flexible-96h
sarek-may-1,4618.028397185933,18299.0,0.0%:4618.028397185933:0.0|0.0%,0.0%:4618.028397185933:0.0|0.0%,23.3%:3539.9425863995507:0.0|0.0%,23.3%:3539.9425863995507:0.0|0.0%,23.3%:3539.9425863995507:0.0|0.0%
sarek-may-2,4650.212097286543,17619.0,0.0%:4650.212097286543:0.0|0.0%,0.0%:4650.212097286543:0.0|0.0%,23.5%:3556.2146962285456:0.0|0.0%,22.5%:3603.613200188259:0.0|0.0%,22.5%:3603.613200188259:0.0|0.0%
sarek-may-3,4612.72533550842,18878.0,0.0%:4612.72533550842:0.0|0.0%,0.0%:4612.72533550842:0.0|0.0%,23.1%:3546.595610551301:0.0|0.0%,23.1%:3546.595610551301:0.0|0.0%,23.1%:3546.595610551301:0.0|0.0%
