workflow,footprint,makespan,flexible-6h,flexible-12h,flexible-24h,flexible-48h,flexible-96h
sarek-mar-1,32354.185441073012,18299.0,0.2%:32277.02237106928:1038.076|5.7%,0.4%:32234.772512080937:1377.845|7.5%,0.7%:32123.885661051798:475.307|2.6%,1.1%:31982.914535001102:1510.614|8.3%,1.5%:31857.23351022321:1891.152|10.3%
sarek-mar-2,32446.828497042003,17619.0,0.3%:32360.039331985343:768.236|4.4%,0.4%:32307.368912882932:1249.06|7.1%,0.7%:32221.778939101503:803.236|4.6%,1.1%:32084.11959291977:1245.06|7.1%,1.5%:31953.151607862717:2306.12|13.1%
sarek-mar-3,32054.820790704252,18878.0,0.2%:31985.807716001742:1090.668|5.8%,0.3%:31951.139557688235:1306.085|6.9%,0.7%:31837.20940758739:860.668|4.6%,1.2%:31680.196391829344:1580.502|8.4%,1.5%:31573.407184919575:1833.336|9.7%
