id,name,start,end,cpu_count,avg_cpu_usage,cpu_model,memory,rapl_timeseries,cpu_usage_timeseries,average_co2e,marginal_co2e,embodied_co2e,avg_ci,ci_timeseries
3,NFCORE_CHIPSEQ:CHIPSEQ:INPUT_CHECK:SAMPLESHEET_CHECK,1702280178000,1702280179000,1,68.1,,1073741824.0,,,0.0003405643526909722,0.0003405643526909722,0.0,344.11,
1,NFCORE_CHIPSEQ:CHIPSEQ:PREPARE_GENOME:GTF2BED,1702280178000,1702280207000,1,81.8,,3398434816.0,,,0.01399722162983941,0.01399722162983941,0.0,344.11,
2,NFCORE_CHIPSEQ:CHIPSEQ:PREPARE_GENOME:CUSTOM_GETCHROMSIZES,1702280178000,1702280237000,1,27.0,,1073741824.0,,,0.009300725757465279,0.009300725757465279,0.0,344.11,
70,NFCORE_CHIPSEQ:CHIPSEQ:FASTQC_TRIMGALORE:FASTQC,1702280212000,1702280275000,2,92.0,,1680867328.0,,,0.029491766085742194,0.029491766085742194,0.0,344.11,
71,NFCORE_CHIPSEQ:CHIPSEQ:FASTQC_TRIMGALORE:FASTQC,1702280213000,1702280275000,2,92.3,,1680867328.0,,,0.029106426360894097,0.029106426360894097,0.0,344.11,
72,NFCORE_CHIPSEQ:CHIPSEQ:FASTQC_TRIMGALORE:FASTQC,1702280214000,1702280279000,2,90.7,,1680867328.0,,,0.03005192608691406,0.03005192608691406,0.0,344.11,
60,NFCORE_CHIPSEQ:CHIPSEQ:FASTQC_TRIMGALORE:FASTQC,1702280210000,1702280287000,2,77.0,,1680867328.0,,,0.030904900697677953,0.030904900697677953,0.0,344.11,
48,NFCORE_CHIPSEQ:CHIPSEQ:FASTQC_TRIMGALORE:FASTQC,1702280211000,1702280297000,2,77.0,,1680867328.0,,,0.03451716181818577,0.03451716181818577,0.0,344.11,
54,NFCORE_CHIPSEQ:CHIPSEQ:FASTQC_TRIMGALORE:FASTQC,1702280213000,1702280297000,2,85.2,,1680867328.0,,,0.03678009877682292,0.03678009877682292,0.0,344.11,
51,NFCORE_CHIPSEQ:CHIPSEQ:FASTQC_TRIMGALORE:FASTQC,1702280211000,1702280294000,2,89.3,,1680867328.0,,,0.037856823298068575,0.037856823298068575,0.0,344.11,
58,NFCORE_CHIPSEQ:CHIPSEQ:FASTQC_TRIMGALORE:FASTQC,1702280211000,1702280282000,2,83.3,,1680867328.0,,,0.030487537385308155,0.030487537385308155,0.0,344.11,
41,NFCORE_CHIPSEQ:CHIPSEQ:FASTQC_TRIMGALORE:FASTQC,1702280213000,1702280292000,2,90.1,,1680867328.0,,,0.036313684107356775,0.036313684107356775,0.0,344.11,
33,NFCORE_CHIPSEQ:CHIPSEQ:FASTQC_TRIMGALORE:FASTQC,1702280211000,1702280297000,2,90.8,,1680867328.0,,,0.03979928616297743,0.03979928616297743,0.0,344.11,
34,NFCORE_CHIPSEQ:CHIPSEQ:FASTQC_TRIMGALORE:FASTQC,1702280212000,1702280297000,2,87.6,,1680867328.0,,,0.03812590566851128,0.03812590566851128,0.0,344.11,
56,NFCORE_CHIPSEQ:CHIPSEQ:FASTQC_TRIMGALORE:FASTQC,1702280216000,1702280299000,2,85.8,,1680867328.0,,,0.03656388672732205,0.03656388672732205,0.0,344.11,
62,NFCORE_CHIPSEQ:CHIPSEQ:FASTQC_TRIMGALORE:FASTQC,1702280215000,1702280299000,2,86.1,,1680867328.0,,,0.03711657383619792,0.03711657383619792,0.0,344.11,
66,NFCORE_CHIPSEQ:CHIPSEQ:FASTQC_TRIMGALORE:FASTQC,1702280212000,1702280277000,2,90.0,,1680867328.0,,,0.029849417949327255,0.029849417949327255,0.0,344.11,
67,NFCORE_CHIPSEQ:CHIPSEQ:FASTQC_TRIMGALORE:FASTQC,1702280213000,1702280279000,2,93.1,,1680867328.0,,,0.031219258773828123,0.031219258773828123,0.0,344.11,
65,NFCORE_CHIPSEQ:CHIPSEQ:FASTQC_TRIMGALORE:FASTQC,1702280213000,1702280280000,2,88.9,,1680867328.0,,,0.030439842902929688,0.030439842902929688,0.0,344.11,
214,NFCORE_CHIPSEQ:CHIPSEQ:PREPARE_GENOME:GENOME_BLACKLIST_REGIONS,1702280275000,1702280284000,1,4.5,,1073741824.0,,,0.00051748229609375,0.00051748229609375,0.0,344.11,
5,NFCORE_CHIPSEQ:CHIPSEQ:FASTQC_TRIMGALORE:FASTQC,1702280210000,1702280307000,2,84.4,,1680867328.0,,,0.04212688040488282,0.04212688040488282,0.0,344.11,
6,NFCORE_CHIPSEQ:CHIPSEQ:FASTQC_TRIMGALORE:FASTQC,1702280210000,1702280298000,2,84.6,,1680867328.0,,,0.03829653359774306,0.03829653359774306,0.0,344.11,
45,NFCORE_CHIPSEQ:CHIPSEQ:FASTQC_TRIMGALORE:FASTQC,1702280210000,1702280298000,2,81.9,,1680867328.0,,,0.03723904055399306,0.03723904055399306,0.0,344.11,
10,NFCORE_CHIPSEQ:CHIPSEQ:FASTQC_TRIMGALORE:FASTQC,1702280210000,1702280307000,2,80.4,,1680867328.0,,,0.040399997825021704,0.040399997825021704,0.0,344.11,
17,NFCORE_CHIPSEQ:CHIPSEQ:FASTQC_TRIMGALORE:FASTQC,1702280211000,1702280307000,2,83.4,,1680867328.0,,,0.04126531275208334,0.04126531275208334,0.0,344.11,
22,NFCORE_CHIPSEQ:CHIPSEQ:FASTQC_TRIMGALORE:FASTQC,1702280211000,1702280307000,2,82.4,,1680867328.0,,,0.04083804283541668,0.04083804283541668,0.0,344.11,
53,NFCORE_CHIPSEQ:CHIPSEQ:FASTQC_TRIMGALORE:FASTQC,1702280210000,1702280307000,2,90.6,,1680867328.0,,,0.04480354840366753,0.04480354840366753,0.0,344.11,
42,NFCORE_CHIPSEQ:CHIPSEQ:FASTQC_TRIMGALORE:FASTQC,1702280211000,1702280317000,2,90.1,,1680867328.0,,,0.04872469006809896,0.04872469006809896,0.0,344.11,
30,NFCORE_CHIPSEQ:CHIPSEQ:FASTQC_TRIMGALORE:FASTQC,1702280213000,1702280307000,2,93.3,,1680867328.0,,,0.04454746649110244,0.04454746649110244,0.0,344.11,
28,NFCORE_CHIPSEQ:CHIPSEQ:FASTQC_TRIMGALORE:FASTQC,1702280214000,1702280308000,2,90.9,,1680867328.0,,,0.043543382186935764,0.043543382186935764,0.0,344.11,
19,NFCORE_CHIPSEQ:CHIPSEQ:FASTQC_TRIMGALORE:FASTQC,1702280215000,1702280317000,2,86.5,,1680867328.0,,,0.04525171508710937,0.04525171508710937,0.0,344.11,
13,NFCORE_CHIPSEQ:CHIPSEQ:FASTQC_TRIMGALORE:FASTQC,1702280212000,1702280307000,2,93.3,,1680867328.0,,,0.04502137570909289,0.04502137570909289,0.0,344.11,
38,NFCORE_CHIPSEQ:CHIPSEQ:FASTQC_TRIMGALORE:FASTQC,1702280214000,1702280307000,2,89.3,,1680867328.0,,,0.042417886346028645,0.042417886346028645,0.0,344.11,
15,NFCORE_CHIPSEQ:CHIPSEQ:FASTQC_TRIMGALORE:FASTQC,1702280211000,1702280330000,2,85.7,,1680867328.0,,,0.052369958267599825,0.052369958267599825,0.0,344.11,
24,NFCORE_CHIPSEQ:CHIPSEQ:FASTQC_TRIMGALORE:FASTQC,1702280211000,1702280326000,2,81.9,,1680867328.0,,,0.04866465526942275,0.04866465526942275,0.0,344.11,
27,NFCORE_CHIPSEQ:CHIPSEQ:FASTQC_TRIMGALORE:FASTQC,1702280213000,1702280317000,2,83.7,,1680867328.0,,,0.04484295153767362,0.04484295153767362,0.0,344.11,
37,NFCORE_CHIPSEQ:CHIPSEQ:FASTQC_TRIMGALORE:FASTQC,1702280212000,1702280317000,2,80.8,,1680867328.0,,,0.04391888699707031,0.04391888699707031,0.0,344.11,
47,NFCORE_CHIPSEQ:CHIPSEQ:FASTQC_TRIMGALORE:FASTQC,1702280212000,1702280331000,2,82.7,,1680867328.0,,,0.05078104826499566,0.05078104826499566,0.0,344.11,
21,NFCORE_CHIPSEQ:CHIPSEQ:FASTQC_TRIMGALORE:FASTQC,1702280214000,1702280321000,2,90.9,,1680867328.0,,,0.04956533929789497,0.04956533929789497,0.0,344.11,
74,NFCORE_CHIPSEQ:CHIPSEQ:FASTQC_TRIMGALORE:FASTQC,1702280214000,1702280320000,2,92.5,,1680867328.0,,,0.04985695534726562,0.04985695534726562,0.0,344.11,
76,NFCORE_CHIPSEQ:CHIPSEQ:FASTQC_TRIMGALORE:FASTQC,1702280215000,1702280327000,2,91.9,,1680867328.0,,,0.05237995821770834,0.05237995821770834,0.0,344.11,
8,NFCORE_CHIPSEQ:CHIPSEQ:FASTQC_TRIMGALORE:FASTQC,1702280211000,1702280352000,2,85.6,,1680867328.0,,,0.06198904402285158,0.06198904402285158,0.0,344.11,
49,NFCORE_CHIPSEQ:CHIPSEQ:FASTQC_TRIMGALORE:TRIMGALORE,1702280213000,1702280412000,5,276.5,,3157262336.0,,,0.26681990768079433,0.26681990768079433,0.0,344.11,
155,NFCORE_CHIPSEQ:CHIPSEQ:FASTQC_TRIMGALORE:FASTQC,1702280283000,1702280417000,2,98.7,,1680867328.0,,,0.0667243822075955,0.0667243822075955,0.0,344.11,
110,NFCORE_CHIPSEQ:CHIPSEQ:FASTQC_TRIMGALORE:FASTQC,1702280324000,1702280430000,2,96.3,,1680867328.0,,,0.051649708705946186,0.051649708705946186,0.0,344.11,
117,NFCORE_CHIPSEQ:CHIPSEQ:FASTQC_TRIMGALORE:FASTQC,1702280310000,1702280433000,2,85.4,,1680867328.0,,,0.05396606112506511,0.05396606112506511,0.0,344.11,
143,NFCORE_CHIPSEQ:CHIPSEQ:FASTQC_TRIMGALORE:FASTQC,1702280310000,1702280427000,2,90.0,,1680867328.0,,,0.05372895230878906,0.05372895230878906,0.0,344.11,
150,NFCORE_CHIPSEQ:CHIPSEQ:FASTQC_TRIMGALORE:FASTQC,1702280331000,1702280435000,2,97.7,,1680867328.0,,,0.05132321194045139,0.05132321194045139,0.0,344.11,
149,NFCORE_CHIPSEQ:CHIPSEQ:FASTQC_TRIMGALORE:FASTQC,1702280310000,1702280431000,2,85.2,,1680867328.0,,,0.05298085657137588,0.05298085657137588,0.0,344.11,
151,NFCORE_CHIPSEQ:CHIPSEQ:FASTQC_TRIMGALORE:FASTQC,1702280291000,1702280431000,2,85.6,,1680867328.0,,,0.061549405412760425,0.061549405412760425,0.0,344.11,
152,NFCORE_CHIPSEQ:CHIPSEQ:FASTQC_TRIMGALORE:FASTQC,1702280309000,1702280427000,2,92.2,,1680867328.0,,,0.05534358318971356,0.05534358318971356,0.0,344.11,
153,NFCORE_CHIPSEQ:CHIPSEQ:FASTQC_TRIMGALORE:FASTQC,1702280310000,1702280439000,2,81.9,,1680867328.0,,,0.05458904808483074,0.05458904808483074,0.0,344.11,
154,NFCORE_CHIPSEQ:CHIPSEQ:FASTQC_TRIMGALORE:FASTQC,1702280285000,1702280418000,2,94.3,,1680867328.0,,,0.06362187285644533,0.06362187285644533,0.0,344.11,
158,NFCORE_CHIPSEQ:CHIPSEQ:FASTQC_TRIMGALORE:FASTQC,1702280310000,1702280433000,2,86.0,,1680867328.0,,,0.05429452487350259,0.05429452487350259,0.0,344.11,
160,NFCORE_CHIPSEQ:CHIPSEQ:FASTQC_TRIMGALORE:FASTQC,1702280321000,1702280435000,2,84.8,,1680867328.0,,,0.049712895129557295,0.049712895129557295,0.0,344.11,
161,NFCORE_CHIPSEQ:CHIPSEQ:FASTQC_TRIMGALORE:FASTQC,1702280297000,1702280427000,2,86.1,,1680867328.0,,,0.05744231665125867,0.05744231665125867,0.0,344.11,
163,NFCORE_CHIPSEQ:CHIPSEQ:FASTQC_TRIMGALORE:FASTQC,1702280302000,1702280433000,2,83.4,,1680867328.0,,,0.05630995802628038,0.05630995802628038,0.0,344.11,
165,NFCORE_CHIPSEQ:CHIPSEQ:FASTQC_TRIMGALORE:FASTQC,1702280320000,1702280434000,2,86.4,,1680867328.0,,,0.05052470797122397,0.05052470797122397,0.0,344.11,
166,NFCORE_CHIPSEQ:CHIPSEQ:FASTQC_TRIMGALORE:FASTQC,1702280299000,1702280428000,2,87.2,,1680867328.0,,,0.05763201102259115,0.05763201102259115,0.0,344.11,
167,NFCORE_CHIPSEQ:CHIPSEQ:FASTQC_TRIMGALORE:FASTQC,1702280299000,1702280433000,2,85.7,,1680867328.0,,,0.05897121351141492,0.05897121351141492,0.0,344.11,
168,NFCORE_CHIPSEQ:CHIPSEQ:FASTQC_TRIMGALORE:FASTQC,1702280285000,1702280417000,2,97.8,,1680867328.0,,,0.06519974938411457,0.06519974938411457,0.0,344.11,
170,NFCORE_CHIPSEQ:CHIPSEQ:FASTQC_TRIMGALORE:FASTQC,1702280293000,1702280433000,2,87.0,,1680867328.0,,,0.0624217481592882,0.0624217481592882,0.0,344.11,
171,NFCORE_CHIPSEQ:CHIPSEQ:FASTQC_TRIMGALORE:FASTQC,1702280287000,1702280417000,2,97.1,,1680867328.0,,,0.06380685811827257,0.06380685811827257,0.0,344.11,
173,NFCORE_CHIPSEQ:CHIPSEQ:FASTQC_TRIMGALORE:FASTQC,1702280309000,1702280438000,2,82.3,,1680867328.0,,,0.05481870566503907,0.05481870566503907,0.0,344.11,
177,NFCORE_CHIPSEQ:CHIPSEQ:FASTQC_TRIMGALORE:FASTQC,1702280281000,1702280417000,2,97.7,,1680867328.0,,,0.06711496946059028,0.06711496946059028,0.0,344.11,
184,NFCORE_CHIPSEQ:CHIPSEQ:FASTQC_TRIMGALORE:FASTQC,1702280288000,1702280417000,2,96.8,,1680867328.0,,,0.06314379294759115,0.06314379294759115,0.0,344.11,
55,NFCORE_CHIPSEQ:CHIPSEQ:FASTQC_TRIMGALORE:TRIMGALORE,1702280215000,1702280422000,5,278.7,,3157262336.0,,,0.2795731977974609,0.2795731977974609,0.0,344.11,
63,NFCORE_CHIPSEQ:CHIPSEQ:FASTQC_TRIMGALORE:TRIMGALORE,1702280213000,1702280434000,5,277.2,,3157262336.0,,,0.2970061135846571,0.2970061135846571,0.0,344.11,
81,NFCORE_CHIPSEQ:CHIPSEQ:FASTQC_TRIMGALORE:FASTQC,1702280299000,1702280439000,2,82.4,,1680867328.0,,,0.059555479134982645,0.059555479134982645,0.0,344.11,
75,NFCORE_CHIPSEQ:CHIPSEQ:FASTQC_TRIMGALORE:FASTQC,1702280295000,1702280427000,2,86.7,,1680867328.0,,,0.05867854228098958,0.05867854228098958,0.0,344.11,
84,NFCORE_CHIPSEQ:CHIPSEQ:FASTQC_TRIMGALORE:FASTQC,1702280310000,1702280439000,2,82.4,,1680867328.0,,,0.054876120060091155,0.054876120060091155,0.0,344.11,
86,NFCORE_CHIPSEQ:CHIPSEQ:FASTQC_TRIMGALORE:FASTQC,1702280302000,1702280433000,2,85.2,,1680867328.0,,,0.05735943975909289,0.05735943975909289,0.0,344.11,
88,NFCORE_CHIPSEQ:CHIPSEQ:FASTQC_TRIMGALORE:FASTQC,1702280299000,1702280427000,2,89.2,,1680867328.0,,,0.05832463769166666,0.05832463769166666,0.0,344.11,
91,NFCORE_CHIPSEQ:CHIPSEQ:FASTQC_TRIMGALORE:FASTQC,1702280310000,1702280427000,2,87.9,,1680867328.0,,,0.05263540836582032,0.05263540836582032,0.0,344.11,
79,NFCORE_CHIPSEQ:CHIPSEQ:FASTQC_TRIMGALORE:FASTQC,1702280303000,1702280428000,2,86.0,,1680867328.0,,,0.05517736267632378,0.05517736267632378,0.0,344.11,
93,NFCORE_CHIPSEQ:CHIPSEQ:FASTQC_TRIMGALORE:FASTQC,1702280303000,1702280427000,2,87.2,,1680867328.0,,,0.05539821214574653,0.05539821214574653,0.0,344.11,
122,NFCORE_CHIPSEQ:CHIPSEQ:FASTQC_TRIMGALORE:FASTQC,1702280321000,1702280442000,2,83.1,,1680867328.0,,,0.05184992651069878,0.05184992651069878,0.0,344.11,
125,NFCORE_CHIPSEQ:CHIPSEQ:FASTQC_TRIMGALORE:FASTQC,1702280321000,1702280443000,2,81.8,,1680867328.0,,,0.051572552791883684,0.051572552791883684,0.0,344.11,
162,NFCORE_CHIPSEQ:CHIPSEQ:FASTQC_TRIMGALORE:FASTQC,1702280325000,1702280441000,2,84.6,,1680867328.0,,,0.05048179428793403,0.05048179428793403,0.0,344.11,
145,NFCORE_CHIPSEQ:CHIPSEQ:FASTQC_TRIMGALORE:FASTQC,1702280330000,1702280450000,2,82.7,,1680867328.0,,,0.051207779763020836,0.051207779763020836,0.0,344.11,
146,NFCORE_CHIPSEQ:CHIPSEQ:FASTQC_TRIMGALORE:FASTQC,1702280334000,1702280457000,2,80.8,,1680867328.0,,,0.051447839053710934,0.051447839053710934,0.0,344.11,
77,NFCORE_CHIPSEQ:CHIPSEQ:FASTQC_TRIMGALORE:FASTQC,1702280336000,1702280457000,2,81.1,,1680867328.0,,,0.0507728502624349,0.0507728502624349,0.0,344.11,
26,NFCORE_CHIPSEQ:CHIPSEQ:FASTQC_TRIMGALORE:TRIMGALORE,1702280214000,1702280469000,5,276.0,,3157262336.0,,,0.3413374389690755,0.3413374389690755,0.0,344.11,
148,NFCORE_CHIPSEQ:CHIPSEQ:FASTQC_TRIMGALORE:FASTQC,1702280358000,1702280476000,2,86.1,,1680867328.0,,,0.05213994896037326,0.05213994896037326,0.0,344.11,
12,NFCORE_CHIPSEQ:CHIPSEQ:FASTQC_TRIMGALORE:TRIMGALORE,1702280213000,1702280477000,5,275.0,,3157262336.0,,,0.35220965042656255,0.35220965042656255,0.0,344.11,
25,NFCORE_CHIPSEQ:CHIPSEQ:FASTQC_TRIMGALORE:TRIMGALORE,1702280215000,1702280490000,5,271.6,,3157262336.0,,,0.36272362156846794,0.36272362156846794,0.0,344.11,
46,NFCORE_CHIPSEQ:CHIPSEQ:FASTQC_TRIMGALORE:TRIMGALORE,1702280214000,1702280495000,5,275.3,,3157262336.0,,,0.37526501370566406,0.37526501370566406,0.0,344.11,
20,NFCORE_CHIPSEQ:CHIPSEQ:FASTQC_TRIMGALORE:TRIMGALORE,1702280213000,1702280503000,5,266.6,,3157262336.0,,,0.37605499034830736,0.37605499034830736,0.0,344.11,
80,NFCORE_CHIPSEQ:CHIPSEQ:FASTQC_TRIMGALORE:FASTQC,1702280442000,1702280507000,2,104.4,,1680867328.0,,,0.034015299636827256,0.034015299636827256,0.0,344.11,
99,NFCORE_CHIPSEQ:CHIPSEQ:FASTQC_TRIMGALORE:FASTQC,1702280440000,1702280519000,2,103.1,,1680867328.0,,,0.04088458207003039,0.04088458207003039,0.0,344.11,
105,NFCORE_CHIPSEQ:CHIPSEQ:FASTQC_TRIMGALORE:FASTQC,1702280441000,1702280512000,2,102.8,,1680867328.0,,,0.03664957071473524,0.03664957071473524,0.0,344.11,
156,NFCORE_CHIPSEQ:CHIPSEQ:FASTQC_TRIMGALORE:FASTQC,1702280430000,1702280527000,2,102.4,,1680867328.0,,,0.049897852014257824,0.049897852014257824,0.0,344.11,
159,NFCORE_CHIPSEQ:CHIPSEQ:FASTQC_TRIMGALORE:FASTQC,1702280434000,1702280527000,2,103.0,,1680867328.0,,,0.048088559271289064,0.048088559271289064,0.0,344.11,
78,NFCORE_CHIPSEQ:CHIPSEQ:FASTQC_TRIMGALORE:FASTQC,1702280431000,1702280527000,2,102.8,,1680867328.0,,,0.04955434913541666,0.04955434913541666,0.0,344.11,
82,NFCORE_CHIPSEQ:CHIPSEQ:FASTQC_TRIMGALORE:FASTQC,1702280439000,1702280530000,2,102.1,,1680867328.0,,,0.04668988205865885,0.04668988205865885,0.0,344.11,
83,NFCORE_CHIPSEQ:CHIPSEQ:FASTQC_TRIMGALORE:FASTQC,1702280439000,1702280532000,2,102.9,,1680867328.0,,,0.048047167498111984,0.048047167498111984,0.0,344.11,
87,NFCORE_CHIPSEQ:CHIPSEQ:FASTQC_TRIMGALORE:FASTQC,1702280438000,1702280531000,2,101.9,,1680867328.0,,,0.04763324976634115,0.04763324976634115,0.0,344.11,
90,NFCORE_CHIPSEQ:CHIPSEQ:FASTQC_TRIMGALORE:FASTQC,1702280439000,1702280530000,2,102.6,,1680867328.0,,,0.046892390196245665,0.046892390196245665,0.0,344.11,
94,NFCORE_CHIPSEQ:CHIPSEQ:FASTQC_TRIMGALORE:FASTQC,1702280440000,1702280527000,2,103.0,,1680867328.0,,,0.04498607157636719,0.04498607157636719,0.0,344.11,
95,NFCORE_CHIPSEQ:CHIPSEQ:FASTQC_TRIMGALORE:FASTQC,1702280440000,1702280527000,2,103.6,,1680867328.0,,,0.04521839959355469,0.04521839959355469,0.0,344.11,
96,NFCORE_CHIPSEQ:CHIPSEQ:FASTQC_TRIMGALORE:FASTQC,1702280441000,1702280530000,2,77.6,,1680867328.0,,,0.035958917749500864,0.035958917749500864,0.0,344.11,
98,NFCORE_CHIPSEQ:CHIPSEQ:FASTQC_TRIMGALORE:FASTQC,1702280441000,1702280532000,2,75.8,,1680867328.0,,,0.036037954021592884,0.036037954021592884,0.0,344.11,
164,NFCORE_CHIPSEQ:CHIPSEQ:FASTQC_TRIMGALORE:FASTQC,1702280428000,1702280527000,2,102.2,,1680867328.0,,,0.05083854928496095,0.05083854928496095,0.0,344.11,
106,NFCORE_CHIPSEQ:CHIPSEQ:FASTQC_TRIMGALORE:FASTQC,1702280427000,1702280527000,2,102.5,,1680867328.0,,,0.05148559183376736,0.05148559183376736,0.0,344.11,
136,NFCORE_CHIPSEQ:CHIPSEQ:FASTQC_TRIMGALORE:FASTQC,1702280433000,1702280531000,2,102.5,,1680867328.0,,,0.05045587999709201,0.05045587999709201,0.0,344.11,
97,NFCORE_CHIPSEQ:CHIPSEQ:FASTQC_TRIMGALORE:FASTQC,1702280440000,1702280538000,2,78.4,,1680867328.0,,,0.03994414990143229,0.03994414990143229,0.0,344.11,
100,NFCORE_CHIPSEQ:CHIPSEQ:FASTQC_TRIMGALORE:FASTQC,1702280441000,1702280539000,2,74.4,,1680867328.0,,,0.03819946440837674,0.03819946440837674,0.0,344.11,
89,NFCORE_CHIPSEQ:CHIPSEQ:FASTQC_TRIMGALORE:FASTQC,1702280440000,1702280547000,2,70.9,,1680867328.0,,,0.04004078073886719,0.04004078073886719,0.0,344.11,
85,NFCORE_CHIPSEQ:CHIPSEQ:FASTQC_TRIMGALORE:FASTQC,1702280440000,1702280555000,2,79.7,,1680867328.0,,,0.047538621009874125,0.047538621009874125,0.0,344.11,
101,NFCORE_CHIPSEQ:CHIPSEQ:FASTQC_TRIMGALORE:FASTQC,1702280440000,1702280555000,2,77.8,,1680867328.0,,,0.046566136876627605,0.046566136876627605,0.0,344.11,
102,NFCORE_CHIPSEQ:CHIPSEQ:FASTQC_TRIMGALORE:FASTQC,1702280440000,1702280551000,2,73.3,,1680867328.0,,,0.04272330637402345,0.04272330637402345,0.0,344.11,
103,NFCORE_CHIPSEQ:CHIPSEQ:FASTQC_TRIMGALORE:FASTQC,1702280440000,1702280551000,2,76.8,,1680867328.0,,,0.04445241431803386,0.04445241431803386,0.0,344.11,
157,NFCORE_CHIPSEQ:CHIPSEQ:FASTQC_TRIMGALORE:FASTQC,1702280440000,1702280555000,2,71.8,,1680867328.0,,,0.04349513435058593,0.04349513435058593,0.0,344.11,
169,NFCORE_CHIPSEQ:CHIPSEQ:FASTQC_TRIMGALORE:FASTQC,1702280439000,1702280555000,2,79.1,,1680867328.0,,,0.04764222963342014,0.04764222963342014,0.0,344.11,
73,NFCORE_CHIPSEQ:CHIPSEQ:FASTQC_TRIMGALORE:FASTQC,1702280440000,1702280557000,2,74.9,,1680867328.0,,,0.045865850623632826,0.045865850623632826,0.0,344.11,
92,NFCORE_CHIPSEQ:CHIPSEQ:FASTQC_TRIMGALORE:FASTQC,1702280439000,1702280557000,2,78.4,,1680867328.0,,,0.04809601722825521,0.04809601722825521,0.0,344.11,
147,NFCORE_CHIPSEQ:CHIPSEQ:FASTQC_TRIMGALORE:FASTQC,1702280440000,1702280562000,2,74.9,,1680867328.0,,,0.047825929710112854,0.047825929710112854,0.0,344.11,
9,NFCORE_CHIPSEQ:CHIPSEQ:FASTQC_TRIMGALORE:TRIMGALORE,1702280214000,1702280572000,5,272.7,,3157262336.0,,,0.4739529023367622,0.4739529023367622,0.0,344.11,
212,NFCORE_CHIPSEQ:CHIPSEQ:FASTQC_TRIMGALORE:TRIMGALORE,1702280415000,1702280802000,5,264.0,,3157262336.0,,,0.49736057809902345,0.49736057809902345,0.0,344.11,
193,NFCORE_CHIPSEQ:CHIPSEQ:FASTQC_TRIMGALORE:TRIMGALORE,1702280442000,1702280812000,5,281.4,,3157262336.0,,,0.5041664861937933,0.5041664861937933,0.0,344.11,
194,NFCORE_CHIPSEQ:CHIPSEQ:FASTQC_TRIMGALORE:TRIMGALORE,1702280435000,1702280812000,5,280.2,,3157262336.0,,,0.5116912615854383,0.5116912615854383,0.0,344.11,
207,NFCORE_CHIPSEQ:CHIPSEQ:FASTQC_TRIMGALORE:TRIMGALORE,1702280438000,1702280812000,5,268.0,,3157262336.0,,,0.4873116647518664,0.4873116647518664,0.0,344.11,
210,NFCORE_CHIPSEQ:CHIPSEQ:FASTQC_TRIMGALORE:TRIMGALORE,1702280453000,1702280822000,5,279.8,,3157262336.0,,,0.5001761640814453,0.5001761640814453,0.0,344.11,
213,NFCORE_CHIPSEQ:CHIPSEQ:FASTQC_TRIMGALORE:TRIMGALORE,1702280460000,1702280822000,5,278.9,,3157262336.0,,,0.4892376800847656,0.4892376800847656,0.0,344.11,
190,NFCORE_CHIPSEQ:CHIPSEQ:FASTQC_TRIMGALORE:TRIMGALORE,1702280472000,1702280832000,5,278.6,,3157262336.0,,,0.4860540308203127,0.4860540308203127,0.0,344.11,
200,NFCORE_CHIPSEQ:CHIPSEQ:FASTQC_TRIMGALORE:TRIMGALORE,1702280499000,1702280838000,5,278.1,,3157262336.0,,,0.4569464805758464,0.4569464805758464,0.0,344.11,
209,NFCORE_CHIPSEQ:CHIPSEQ:FASTQC_TRIMGALORE:TRIMGALORE,1702280481000,1702280842000,5,277.1,,3157262336.0,,,0.48499411153222666,0.48499411153222666,0.0,344.11,
112,NFCORE_CHIPSEQ:CHIPSEQ:FASTQC_TRIMGALORE:TRIMGALORE,1702280495000,1702280842000,5,278.5,,3157262336.0,,,0.468347639435395,0.468347639435395,0.0,344.11,
206,NFCORE_CHIPSEQ:CHIPSEQ:FASTQC_TRIMGALORE:TRIMGALORE,1702280505000,1702280846000,5,267.3,,3157262336.0,,,0.4432511878406467,0.4432511878406467,0.0,344.11,
202,NFCORE_CHIPSEQ:CHIPSEQ:FASTQC_TRIMGALORE:TRIMGALORE,1702280530000,1702280857000,5,279.9,,3157262336.0,,,0.44339108259485677,0.44339108259485677,0.0,344.11,
116,NFCORE_CHIPSEQ:CHIPSEQ:FASTQC_TRIMGALORE:TRIMGALORE,1702280535000,1702280860000,5,278.5,,3157262336.0,,,0.4386541291541883,0.4386541291541883,0.0,344.11,
128,NFCORE_CHIPSEQ:CHIPSEQ:FASTQC_TRIMGALORE:TRIMGALORE,1702280516000,1702280860000,5,268.3,,3157262336.0,,,0.448681808942882,0.448681808942882,0.0,344.11,
133,NFCORE_CHIPSEQ:CHIPSEQ:FASTQC_TRIMGALORE:TRIMGALORE,1702280536000,1702280858000,5,278.4,,3157262336.0,,,0.43446170066462664,0.43446170066462664,0.0,344.11,
197,NFCORE_CHIPSEQ:CHIPSEQ:FASTQC_TRIMGALORE:TRIMGALORE,1702280542000,1702280863000,5,277.2,,3157262336.0,,,0.4313980201840495,0.4313980201840495,0.0,344.11,
205,NFCORE_CHIPSEQ:CHIPSEQ:FASTQC_TRIMGALORE:TRIMGALORE,1702280530000,1702280871000,5,275.3,,3157262336.0,,,0.45539277463925787,0.45539277463925787,0.0,344.11,
119,NFCORE_CHIPSEQ:CHIPSEQ:FASTQC_TRIMGALORE:TRIMGALORE,1702280529000,1702280875000,5,278.0,,3157262336.0,,,0.4662279584269531,0.4662279584269531,0.0,344.11,
126,NFCORE_CHIPSEQ:CHIPSEQ:FASTQC_TRIMGALORE:TRIMGALORE,1702280536000,1702280871000,5,279.0,,3157262336.0,,,0.45289667627202695,0.45289667627202695,0.0,344.11,
182,NFCORE_CHIPSEQ:CHIPSEQ:FASTQC_TRIMGALORE:TRIMGALORE,1702280555000,1702280874000,5,270.5,,3157262336.0,,,0.4191976404594401,0.4191976404594401,0.0,344.11,
191,NFCORE_CHIPSEQ:CHIPSEQ:FASTQC_TRIMGALORE:TRIMGALORE,1702280558000,1702280876000,5,271.6,,3157262336.0,,,0.4194404060319011,0.4194404060319011,0.0,344.11,
211,NFCORE_CHIPSEQ:CHIPSEQ:FASTQC_TRIMGALORE:TRIMGALORE,1702280559000,1702280872000,5,281.8,,3157262336.0,,,0.4270548262604384,0.4270548262604384,0.0,344.11,
123,NFCORE_CHIPSEQ:CHIPSEQ:FASTQC_TRIMGALORE:TRIMGALORE,1702280566000,1702280887000,5,268.2,,3157262336.0,,,0.41853986612936195,0.41853986612936195,0.0,344.11,
178,NFCORE_CHIPSEQ:CHIPSEQ:FASTQC_TRIMGALORE:TRIMGALORE,1702280575000,1702280897000,5,272.5,,3157262336.0,,,0.4260062070429253,0.4260062070429253,0.0,344.11,
131,NFCORE_CHIPSEQ:CHIPSEQ:FASTQC_TRIMGALORE:TRIMGALORE,1702280805000,1702281125000,5,277.7,,3157262336.0,,,0.43076621764583334,0.43076621764583334,0.0,344.11,
204,NFCORE_CHIPSEQ:CHIPSEQ:FASTQC_TRIMGALORE:TRIMGALORE,1702280816000,1702281122000,5,279.3,,3157262336.0,,,0.41409927219882825,0.41409927219882825,0.0,344.11,
188,NFCORE_CHIPSEQ:CHIPSEQ:FASTQC_TRIMGALORE:TRIMGALORE,1702280815000,1702281134000,5,280.0,,3157262336.0,,,0.4326855725683811,0.4326855725683811,0.0,344.11,
192,NFCORE_CHIPSEQ:CHIPSEQ:FASTQC_TRIMGALORE:TRIMGALORE,1702280815000,1702281133000,5,278.8,,3157262336.0,,,0.4296307935444011,0.4296307935444011,0.0,344.11,
199,NFCORE_CHIPSEQ:CHIPSEQ:FASTQC_TRIMGALORE:TRIMGALORE,1702280825000,1702281129000,5,278.7,,3157262336.0,,,0.4105809281663195,0.4105809281663195,0.0,344.11,
179,NFCORE_CHIPSEQ:CHIPSEQ:FASTQC_TRIMGALORE:TRIMGALORE,1702280825000,1702281135000,5,279.8,,3157262336.0,,,0.4202021974667969,0.4202021974667969,0.0,344.11,
180,NFCORE_CHIPSEQ:CHIPSEQ:FASTQC_TRIMGALORE:TRIMGALORE,1702280835000,1702281139000,5,281.9,,3157262336.0,,,0.41491059665520835,0.41491059665520835,0.0,344.11,
176,NFCORE_CHIPSEQ:CHIPSEQ:FASTQC_TRIMGALORE:TRIMGALORE,1702280841000,1702281146000,5,279.7,,3157262336.0,,,0.4132889954558377,0.4132889954558377,0.0,344.11,
201,NFCORE_CHIPSEQ:CHIPSEQ:FASTQC_TRIMGALORE:TRIMGALORE,1702280846000,1702281145000,5,278.6,,3157262336.0,,,0.4036948755979818,0.4036948755979818,0.0,344.11,
183,NFCORE_CHIPSEQ:CHIPSEQ:FASTQC_TRIMGALORE:TRIMGALORE,1702280846000,1702281149000,5,282.0,,3157262336.0,,,0.41368061623365887,0.41368061623365887,0.0,344.11,
114,NFCORE_CHIPSEQ:CHIPSEQ:FASTQC_TRIMGALORE:TRIMGALORE,1702280862000,1702281158000,5,279.5,,3157262336.0,,,0.40083009935989583,0.40083009935989583,0.0,344.11,
189,NFCORE_CHIPSEQ:CHIPSEQ:FASTQC_TRIMGALORE:TRIMGALORE,1702280850000,1702281157000,5,278.1,,3157262336.0,,,0.4138128894890408,0.4138128894890408,0.0,344.11,
113,NFCORE_CHIPSEQ:CHIPSEQ:FASTQC_TRIMGALORE:TRIMGALORE,1702280859000,1702281160000,5,278.2,,3157262336.0,,,0.40585930808205295,0.40585930808205295,0.0,344.11,
185,NFCORE_CHIPSEQ:CHIPSEQ:FASTQC_TRIMGALORE:TRIMGALORE,1702280861000,1702281161000,5,279.8,,3157262336.0,,,0.4066472878710937,0.4066472878710937,0.0,344.11,
187,NFCORE_CHIPSEQ:CHIPSEQ:FASTQC_TRIMGALORE:TRIMGALORE,1702280864000,1702281162000,5,282.1,,3157262336.0,,,0.40698683512782124,0.40698683512782124,0.0,344.11,
203,NFCORE_CHIPSEQ:CHIPSEQ:FASTQC_TRIMGALORE:TRIMGALORE,1702280874000,1702281163000,5,279.1,,3157262336.0,,,0.3908365049810114,0.3908365049810114,0.0,344.11,
111,NFCORE_CHIPSEQ:CHIPSEQ:FASTQC_TRIMGALORE:TRIMGALORE,1702280878000,1702281165000,5,276.1,,3157262336.0,,,0.38429967701638457,0.38429967701638457,0.0,344.11,
14,NFCORE_CHIPSEQ:CHIPSEQ:FASTQC_TRIMGALORE:TRIMGALORE,1702280874000,1702281174000,5,282.5,,3157262336.0,,,0.41025237779296875,0.41025237779296875,0.0,344.11,
115,NFCORE_CHIPSEQ:CHIPSEQ:FASTQC_TRIMGALORE:TRIMGALORE,1702280877000,1702281174000,5,280.3,,3157262336.0,,,0.4032417481447266,0.4032417481447266,0.0,344.11,
175,NFCORE_CHIPSEQ:CHIPSEQ:FASTQC_TRIMGALORE:TRIMGALORE,1702280867000,1702281174000,5,271.1,,3157262336.0,,,0.4042482743753255,0.4042482743753255,0.0,344.11,
181,NFCORE_CHIPSEQ:CHIPSEQ:FASTQC_TRIMGALORE:TRIMGALORE,1702280879000,1702281174000,5,282.1,,3157262336.0,,,0.40288965222384987,0.40288965222384987,0.0,344.11,
198,NFCORE_CHIPSEQ:CHIPSEQ:FASTQC_TRIMGALORE:TRIMGALORE,1702280891000,1702281177000,5,278.6,,3157262336.0,,,0.3861429244850261,0.3861429244850261,0.0,344.11,
195,NFCORE_CHIPSEQ:CHIPSEQ:FASTQC_TRIMGALORE:TRIMGALORE,1702280876000,1702281174000,5,281.1,,3157262336.0,,,0.4056605180948351,0.4056605180948351,0.0,344.11,
208,NFCORE_CHIPSEQ:CHIPSEQ:FASTQC_TRIMGALORE:TRIMGALORE,1702280900000,1702281187000,5,275.1,,3157262336.0,,,0.3830223179946832,0.3830223179946832,0.0,344.11,
109,NFCORE_CHIPSEQ:CHIPSEQ:FASTQC_TRIMGALORE:TRIMGALORE,1702281136000,1702281408000,5,277.7,,3157262336.0,,,0.3661512849989584,0.3661512849989584,0.0,344.11,
132,NFCORE_CHIPSEQ:CHIPSEQ:FASTQC_TRIMGALORE:TRIMGALORE,1702281127000,1702281408000,5,279.8,,3157262336.0,,,0.3808929596392579,0.3808929596392579,0.0,344.11,
43,NFCORE_CHIPSEQ:CHIPSEQ:FASTQC_TRIMGALORE:TRIMGALORE,1702281125000,1702281408000,5,279.1,,3157262336.0,,,0.38272225228244366,0.38272225228244366,0.0,344.11,
120,NFCORE_CHIPSEQ:CHIPSEQ:FASTQC_TRIMGALORE:TRIMGALORE,1702281153000,1702281414000,5,282.8,,3157262336.0,,,0.3572680607056641,0.3572680607056641,0.0,344.11,
124,NFCORE_CHIPSEQ:CHIPSEQ:FASTQC_TRIMGALORE:TRIMGALORE,1702281132000,1702281410000,5,282.3,,3157262336.0,,,0.37991974292808167,0.37991974292808167,0.0,344.11,
127,NFCORE_CHIPSEQ:CHIPSEQ:FASTQC_TRIMGALORE:TRIMGALORE,1702281138000,1702281414000,5,284.7,,3157262336.0,,,0.38013466979244787,0.38013466979244787,0.0,344.11,
130,NFCORE_CHIPSEQ:CHIPSEQ:FASTQC_TRIMGALORE:TRIMGALORE,1702281149000,1702281410000,5,282.3,,3157262336.0,,,0.3566872406626953,0.3566872406626953,0.0,344.11,
142,NFCORE_CHIPSEQ:CHIPSEQ:FASTQC_TRIMGALORE:TRIMGALORE,1702281148000,1702281414000,5,284.1,,3157262336.0,,,0.3656513382736546,0.3656513382736546,0.0,344.11,
186,NFCORE_CHIPSEQ:CHIPSEQ:FASTQC_TRIMGALORE:TRIMGALORE,1702281138000,1702281411000,5,271.7,,3157262336.0,,,0.3602071364759766,0.3602071364759766,0.0,344.11,
196,NFCORE_CHIPSEQ:CHIPSEQ:FASTQC_TRIMGALORE:TRIMGALORE,1702281160000,1702281417000,5,277.6,,3157262336.0,,,0.34584473482953565,0.34584473482953565,0.0,344.11,
39,NFCORE_CHIPSEQ:CHIPSEQ:FASTQC_TRIMGALORE:TRIMGALORE,1702281168000,1702281418000,5,270.5,,3157262336.0,,,0.3285247965983073,0.3285247965983073,0.0,344.11,
29,NFCORE_CHIPSEQ:CHIPSEQ:FASTQC_TRIMGALORE:TRIMGALORE,1702281164000,1702281420000,5,280.3,,3157262336.0,,,0.3475753788722222,0.3475753788722222,0.0,344.11,
4,NFCORE_CHIPSEQ:CHIPSEQ:FASTQC_TRIMGALORE:TRIMGALORE,1702281178000,1702281419000,5,283.1,,3157262336.0,,,0.3302129854723308,0.3302129854723308,0.0,344.11,
121,NFCORE_CHIPSEQ:CHIPSEQ:FASTQC_TRIMGALORE:TRIMGALORE,1702281142000,1702281416000,5,281.1,,3157262336.0,,,0.372989872342231,0.372989872342231,0.0,344.11,
36,NFCORE_CHIPSEQ:CHIPSEQ:FASTQC_TRIMGALORE:TRIMGALORE,1702281177000,1702281419000,5,282.0,,3157262336.0,,,0.3303983799621962,0.3303983799621962,0.0,344.11,
31,NFCORE_CHIPSEQ:CHIPSEQ:FASTQC_TRIMGALORE:TRIMGALORE,1702281160000,1702281420000,5,280.4,,3157262336.0,,,0.3531219631028645,0.3531219631028645,0.0,344.11,
52,NFCORE_CHIPSEQ:CHIPSEQ:FASTQC_TRIMGALORE:TRIMGALORE,1702281163000,1702281419000,5,280.6,,3157262336.0,,,0.34791719480555555,0.34791719480555555,0.0,344.11,
18,NFCORE_CHIPSEQ:CHIPSEQ:FASTQC_TRIMGALORE:TRIMGALORE,1702281165000,1702281418000,5,281.0,,3157262336.0,,,0.34429045388274737,0.34429045388274737,0.0,344.11,
23,NFCORE_CHIPSEQ:CHIPSEQ:FASTQC_TRIMGALORE:TRIMGALORE,1702281180000,1702281419000,5,271.8,,3157262336.0,,,0.3154525468303603,0.3154525468303603,0.0,344.11,
134,NFCORE_CHIPSEQ:CHIPSEQ:FASTQC_TRIMGALORE:TRIMGALORE,1702281178000,1702281422000,5,283.3,,3157262336.0,,,0.3345407161021702,0.3345407161021702,0.0,344.11,
135,NFCORE_CHIPSEQ:CHIPSEQ:FASTQC_TRIMGALORE:TRIMGALORE,1702281178000,1702281419000,5,271.3,,3157262336.0,,,0.3175560043367405,0.3175560043367405,0.0,344.11,
144,NFCORE_CHIPSEQ:CHIPSEQ:FASTQC_TRIMGALORE:TRIMGALORE,1702281178000,1702281422000,5,281.5,,3157262336.0,,,0.3325859562334202,0.3325859562334202,0.0,344.11,
172,NFCORE_CHIPSEQ:CHIPSEQ:FASTQC_TRIMGALORE:TRIMGALORE,1702281166000,1702281418000,5,268.6,,3157262336.0,,,0.32902198626171886,0.32902198626171886,0.0,344.11,
16,NFCORE_CHIPSEQ:CHIPSEQ:FASTQC_TRIMGALORE:TRIMGALORE,1702281191000,1702281432000,5,276.6,,3157262336.0,,,0.3232409195925564,0.3232409195925564,0.0,344.11,
64,NFCORE_CHIPSEQ:CHIPSEQ:FASTQC_TRIMGALORE:TRIMGALORE,1702281423000,1702281598000,5,267.4,,3157262336.0,,,0.22755283751681862,0.22755283751681862,0.0,344.11,
108,NFCORE_CHIPSEQ:CHIPSEQ:FASTQC_TRIMGALORE:TRIMGALORE,1702281424000,1702281598000,5,269.9,,3157262336.0,,,0.22818860239804686,0.22818860239804686,0.0,344.11,
61,NFCORE_CHIPSEQ:CHIPSEQ:FASTQC_TRIMGALORE:TRIMGALORE,1702281423000,1702281600000,5,278.5,,3157262336.0,,,0.243039978642513,0.243039978642513,0.0,348.065,
68,NFCORE_CHIPSEQ:CHIPSEQ:FASTQC_TRIMGALORE:TRIMGALORE,1702281426000,1702281600000,5,279.3,,3157262336.0,,,0.23962133227083335,0.23962133227083335,0.0,348.065,
59,NFCORE_CHIPSEQ:CHIPSEQ:FASTQC_TRIMGALORE:TRIMGALORE,1702281423000,1702281600000,5,278.0,,3157262336.0,,,0.2426392596333984,0.2426392596333984,0.0,348.065,
69,NFCORE_CHIPSEQ:CHIPSEQ:FASTQC_TRIMGALORE:TRIMGALORE,1702281423000,1702281600000,5,280.2,,3157262336.0,,,0.24440242327350262,0.24440242327350262,0.0,348.065,
104,NFCORE_CHIPSEQ:CHIPSEQ:FASTQC_TRIMGALORE:TRIMGALORE,1702281426000,1702281600000,5,279.2,,3157262336.0,,,0.2395425236875,0.2395425236875,0.0,348.065,
107,NFCORE_CHIPSEQ:CHIPSEQ:FASTQC_TRIMGALORE:TRIMGALORE,1702281437000,1702281600000,5,275.1,,3157262336.0,,,0.22709207441286897,0.22709207441286897,0.0,348.065,
118,NFCORE_CHIPSEQ:CHIPSEQ:FASTQC_TRIMGALORE:TRIMGALORE,1702281422000,1702281600000,5,271.7,,3157262336.0,,,0.23890964017890623,0.23890964017890623,0.0,348.065,
174,NFCORE_CHIPSEQ:CHIPSEQ:FASTQC_TRIMGALORE:TRIMGALORE,1702281422000,1702281600000,5,279.4,,3157262336.0,,,0.2741963755767795,0.2741963755767795,0.0,348.065,
137,NFCORE_CHIPSEQ:CHIPSEQ:FASTQC_TRIMGALORE:TRIMGALORE,1702281421000,1702281600000,5,270.6,,3157262336.0,,,0.27161198214507376,0.27161198214507376,0.0,348.065,
40,NFCORE_CHIPSEQ:CHIPSEQ:FASTQC_TRIMGALORE:TRIMGALORE,1702281421000,1702281600000,5,281.3,,3157262336.0,,,0.28563227117454426,0.28563227117454426,0.0,348.065,
139,NFCORE_CHIPSEQ:CHIPSEQ:FASTQC_TRIMGALORE:TRIMGALORE,1702281421000,1702281600000,5,279.3,,3157262336.0,,,0.2865344740345269,0.2865344740345269,0.0,348.065,
35,NFCORE_CHIPSEQ:CHIPSEQ:FASTQC_TRIMGALORE:TRIMGALORE,1702281417000,1702281600000,5,280.7,,3157262336.0,,,0.30024552474082034,0.30024552474082034,0.0,348.065,
44,NFCORE_CHIPSEQ:CHIPSEQ:FASTQC_TRIMGALORE:TRIMGALORE,1702281420000,1702281600000,5,282.2,,3157262336.0,,,0.2976214250597657,0.2976214250597657,0.0,348.065,
50,NFCORE_CHIPSEQ:CHIPSEQ:FASTQC_TRIMGALORE:TRIMGALORE,1702281417000,1702281600000,5,280.0,,3157262336.0,,,0.3037201428456381,0.3037201428456381,0.0,348.065,
11,NFCORE_CHIPSEQ:CHIPSEQ:FASTQC_TRIMGALORE:TRIMGALORE,1702281411000,1702281600000,5,280.7,,3157262336.0,,,0.3153562401322266,0.3153562401322266,0.0,348.065,
57,NFCORE_CHIPSEQ:CHIPSEQ:FASTQC_TRIMGALORE:TRIMGALORE,1702281419000,1702281600000,5,278.4,,3157262336.0,,,0.2952862299174262,0.2952862299174262,0.0,348.065,
7,NFCORE_CHIPSEQ:CHIPSEQ:FASTQC_TRIMGALORE:TRIMGALORE,1702281417000,1702281600000,5,281.2,,3157262336.0,,,0.3007369975546224,0.3007369975546224,0.0,348.065,
129,NFCORE_CHIPSEQ:CHIPSEQ:FASTQC_TRIMGALORE:TRIMGALORE,1702281414000,1702281600000,5,267.3,,3157262336.0,,,0.29895204260859376,0.29895204260859376,0.0,348.065,
138,NFCORE_CHIPSEQ:CHIPSEQ:FASTQC_TRIMGALORE:TRIMGALORE,1702281411000,1702281600000,5,268.5,,3157262336.0,,,0.3000903747491536,0.3000903747491536,0.0,348.065,
140,NFCORE_CHIPSEQ:CHIPSEQ:FASTQC_TRIMGALORE:TRIMGALORE,1702281410000,1702281600000,5,280.8,,3157262336.0,,,0.3182106257819445,0.3182106257819445,0.0,348.065,
141,NFCORE_CHIPSEQ:CHIPSEQ:FASTQC_TRIMGALORE:TRIMGALORE,1702281414000,1702281600000,5,279.9,,3157262336.0,,,0.3035269763359375,0.3035269763359375,0.0,348.065,
32,NFCORE_CHIPSEQ:CHIPSEQ:FASTQC_TRIMGALORE:TRIMGALORE,1702281413000,1702281600000,5,270.7,,3157262336.0,,,0.30374732644689667,0.30374732644689667,0.0,348.065,
234,NFCORE_CHIPSEQ:CHIPSEQ:ALIGN_BWA_MEM:BWA_MEM,1702281646000,1702282357000,10,991.6,,34359738368.0,,,4.082124795731249,4.082124795731249,0.0,352.02,
224,NFCORE_CHIPSEQ:CHIPSEQ:ALIGN_BWA_MEM:BWA_MEM,1702281600000,1702282417000,10,943.9,,34359738368.0,,,4.513275686271355,4.513275686271355,0.0,352.02,
230,NFCORE_CHIPSEQ:CHIPSEQ:ALIGN_BWA_MEM:BWA_MEM,1702281640000,1702282417000,10,982.7,,34359738368.0,,,4.4295705983484375,4.4295705983484375,0.0,352.02,
225,NFCORE_CHIPSEQ:CHIPSEQ:ALIGN_BWA_MEM:BWA_MEM,1702281608000,1702282442000,10,942.4,,34359738368.0,,,4.60149132685,4.60149132685,0.0,352.02,
227,NFCORE_CHIPSEQ:CHIPSEQ:ALIGN_BWA_MEM:BWA_MEM,1702281607000,1702282452000,10,941.5,,34359738368.0,,,4.658719875231771,4.658719875231771,0.0,352.02,
226,NFCORE_CHIPSEQ:CHIPSEQ:ALIGN_BWA_MEM:BWA_MEM,1702281607000,1702282461000,10,937.9,,34359738368.0,,,4.694341521573959,4.694341521573959,0.0,352.02,
229,NFCORE_CHIPSEQ:CHIPSEQ:ALIGN_BWA_MEM:BWA_MEM,1702281640000,1702282457000,10,936.6,,34359738368.0,,,4.486120921530208,4.486120921530208,0.0,352.02,
233,NFCORE_CHIPSEQ:CHIPSEQ:ALIGN_BWA_MEM:BWA_MEM,1702281644000,1702282465000,10,942.6,,34359738368.0,,,4.5305130514447916,4.5305130514447916,0.0,352.02,
232,NFCORE_CHIPSEQ:CHIPSEQ:ALIGN_BWA_MEM:BWA_MEM,1702281640000,1702282482000,10,956.9,,34359738368.0,,,4.701218354503125,4.701218354503125,0.0,352.02,
228,NFCORE_CHIPSEQ:CHIPSEQ:ALIGN_BWA_MEM:BWA_MEM,1702281630000,1702282571000,10,949.7,,34359738368.0,,,5.223126699201563,5.223126699201563,0.0,352.02,
231,NFCORE_CHIPSEQ:CHIPSEQ:ALIGN_BWA_MEM:BWA_MEM,1702281647000,1702282582000,10,950.8,,34359738368.0,,,5.1945058200520835,5.1945058200520835,0.0,352.02,
223,NFCORE_CHIPSEQ:CHIPSEQ:ALIGN_BWA_MEM:BWA_MEM,1702281643000,1702282661000,10,966.2,,34359738368.0,,,5.727001242643752,5.727001242643752,0.0,352.02,
237,NFCORE_CHIPSEQ:CHIPSEQ:ALIGN_BWA_MEM:BWA_MEM,1702282360000,1702283122000,10,1003.2,,34359738368.0,,,4.41518063495,4.41518063495,0.0,352.02,
241,NFCORE_CHIPSEQ:CHIPSEQ:ALIGN_BWA_MEM:BWA_MEM,1702282420000,1702283162000,10,1009.1,,34359738368.0,,,4.319228911790625,4.319228911790625,0.0,352.02,
244,NFCORE_CHIPSEQ:CHIPSEQ:ALIGN_BWA_MEM:BWA_MEM,1702282485000,1702283162000,10,998.0,,34359738368.0,,,3.90664509919375,3.90664509919375,0.0,352.02,
242,NFCORE_CHIPSEQ:CHIPSEQ:ALIGN_BWA_MEM:BWA_MEM,1702282456000,1702283184000,10,1009.4,,34359738368.0,,,4.238728409824999,4.238728409824999,0.0,352.02,
236,NFCORE_CHIPSEQ:CHIPSEQ:ALIGN_BWA_MEM:BWA_MEM,1702282461000,1702283195000,10,1007.9,,34359738368.0,,,4.268650091490625,4.268650091490625,0.0,352.02,
240,NFCORE_CHIPSEQ:CHIPSEQ:ALIGN_BWA_MEM:BWA_MEM,1702282420000,1702283193000,10,1007.2,,34359738368.0,,,4.4929948270708335,4.4929948270708335,0.0,352.02,
238,NFCORE_CHIPSEQ:CHIPSEQ:ALIGN_BWA_MEM:BWA_MEM,1702282468000,1702283201000,10,1008.7,,34359738368.0,,,4.2655043924901035,4.2655043924901035,0.0,352.02,
239,NFCORE_CHIPSEQ:CHIPSEQ:ALIGN_BWA_MEM:BWA_MEM,1702282465000,1702283226000,10,1004.3,,34359738368.0,,,4.413197781460937,4.413197781460937,0.0,352.02,
245,NFCORE_CHIPSEQ:CHIPSEQ:ALIGN_BWA_MEM:BWA_MEM,1702282585000,1702283239000,10,1010.8,,34359738368.0,,,3.8120374140625,3.8120374140625,0.0,352.02,
235,NFCORE_CHIPSEQ:CHIPSEQ:ALIGN_BWA_MEM:BWA_MEM,1702282446000,1702283249000,10,996.9,,34359738368.0,,,4.629709491452604,4.629709491452604,0.0,352.02,
243,NFCORE_CHIPSEQ:CHIPSEQ:ALIGN_BWA_MEM:BWA_MEM,1702282574000,1702283257000,10,1011.5,,34359738368.0,,,3.9832495189703128,3.9832495189703128,0.0,352.02,
246,NFCORE_CHIPSEQ:CHIPSEQ:ALIGN_BWA_MEM:BWA_MEM,1702282664000,1702283352000,10,1012.9,,34359738368.0,,,4.016794956241666,4.016794956241666,0.0,352.02,
247,NFCORE_CHIPSEQ:CHIPSEQ:ALIGN_BWA_MEM:BWA_MEM,1702283125000,1702283787000,10,1008.4,,34359738368.0,,,3.8514339768208328,3.8514339768208328,0.0,352.02,
248,NFCORE_CHIPSEQ:CHIPSEQ:ALIGN_BWA_MEM:BWA_MEM,1702283165000,1702283834000,10,1011.2,,34359738368.0,,,3.9006878573999995,3.9006878573999995,0.0,352.02,
251,NFCORE_CHIPSEQ:CHIPSEQ:ALIGN_BWA_MEM:BWA_MEM,1702283166000,1702283827000,10,1003.3,,34359738368.0,,,3.830267359518229,3.830267359518229,0.0,352.02,
253,NFCORE_CHIPSEQ:CHIPSEQ:ALIGN_BWA_MEM:BWA_MEM,1702283199000,1702283845000,10,1006.4,,34359738368.0,,,3.7524654361499996,3.7524654361499996,0.0,352.02,
250,NFCORE_CHIPSEQ:CHIPSEQ:ALIGN_BWA_MEM:BWA_MEM,1702283188000,1702283849000,10,1011.1,,34359738368.0,,,3.8537419048901045,3.8537419048901045,0.0,352.02,
255,NFCORE_CHIPSEQ:CHIPSEQ:ALIGN_BWA_MEM:BWA_MEM,1702283242000,1702283882000,10,1003.7,,34359738368.0,,,3.709745169,3.709745169,0.0,352.02,
254,NFCORE_CHIPSEQ:CHIPSEQ:ALIGN_BWA_MEM:BWA_MEM,1702283253000,1702283891000,10,1011.8,,34359738368.0,,,3.7216813971562495,3.7216813971562495,0.0,352.02,
259,NFCORE_CHIPSEQ:CHIPSEQ:ALIGN_BWA_MEM:BWA_MEM,1702283260000,1702283897000,10,1011.1,,34359738368.0,,,3.7138178417776033,3.7138178417776033,0.0,352.02,
252,NFCORE_CHIPSEQ:CHIPSEQ:ALIGN_BWA_MEM:BWA_MEM,1702283204000,1702283942000,10,1008.4,,34359738368.0,,,4.2935925602625,4.2935925602625,0.0,352.02,
249,NFCORE_CHIPSEQ:CHIPSEQ:ALIGN_BWA_MEM:BWA_MEM,1702283196000,1702283947000,10,1005.4,,34359738368.0,,,4.358966958394792,4.358966958394792,0.0,352.02,
256,NFCORE_CHIPSEQ:CHIPSEQ:ALIGN_BWA_MEM:BWA_MEM,1702283229000,1702284004000,10,1006.9,,34359738368.0,,,4.503561071002604,4.503561071002604,0.0,352.02,
257,NFCORE_CHIPSEQ:CHIPSEQ:ALIGN_BWA_MEM:BWA_MEM,1702283355000,1702284002000,10,1013.0,,34359738368.0,,,3.7777165824593744,3.7777165824593744,0.0,352.02,
267,NFCORE_CHIPSEQ:CHIPSEQ:ALIGN_BWA_MEM:BWA_MEM,1702283836000,1702284422000,10,1012.2,,34359738368.0,,,3.419414094964583,3.419414094964583,0.0,352.02,
260,NFCORE_CHIPSEQ:CHIPSEQ:ALIGN_BWA_MEM:BWA_MEM,1702283790000,1702284452000,10,1007.3,,34359738368.0,,,3.8481184556718753,3.8481184556718753,0.0,352.02,
261,NFCORE_CHIPSEQ:CHIPSEQ:ALIGN_BWA_MEM:BWA_MEM,1702283831000,1702284455000,10,1009.5,,34359738368.0,,,3.6334798893249998,3.6334798893249998,0.0,352.02,
262,NFCORE_CHIPSEQ:CHIPSEQ:ALIGN_BWA_MEM:BWA_MEM,1702283852000,1702284468000,10,1012.6,,34359738368.0,,,3.595591292241666,3.595591292241666,0.0,352.02,
258,NFCORE_CHIPSEQ:CHIPSEQ:ALIGN_BWA_MEM:BWA_MEM,1702283849000,1702284493000,10,1006.8,,34359738368.0,,,3.7420207582916656,3.7420207582916656,0.0,352.02,
270,NFCORE_CHIPSEQ:CHIPSEQ:ALIGN_BWA_MEM:BWA_MEM,1702283900000,1702284514000,10,1009.9,,34359738368.0,,,3.5763692706989576,3.5763692706989576,0.0,352.02,
264,NFCORE_CHIPSEQ:CHIPSEQ:ALIGN_BWA_MEM:BWA_MEM,1702283950000,1702284568000,10,1007.9,,34359738368.0,,,3.5940405402468745,3.5940405402468745,0.0,352.02,
266,NFCORE_CHIPSEQ:CHIPSEQ:ALIGN_BWA_MEM:BWA_MEM,1702283946000,1702284578000,10,1008.9,,34359738368.0,,,3.6783364534041665,3.6783364534041665,0.0,352.02,
263,NFCORE_CHIPSEQ:CHIPSEQ:ALIGN_BWA_MEM:BWA_MEM,1702283895000,1702284607000,10,1008.7,,34359738368.0,,,4.143300310304167,4.143300310304167,0.0,352.02,
269,NFCORE_CHIPSEQ:CHIPSEQ:ALIGN_BWA_MEM:BWA_MEM,1702284008000,1702284677000,10,1007.4,,34359738368.0,,,3.889113128115625,3.889113128115625,0.0,352.02,
265,NFCORE_CHIPSEQ:CHIPSEQ:ALIGN_BWA_MEM:BWA_MEM,1702283884000,1702284697000,10,1005.9,,34359738368.0,,,4.720679221004687,4.720679221004687,0.0,352.02,
222,NFCORE_CHIPSEQ:CHIPSEQ:ALIGN_BWA_MEM:BWA_MEM,1702284007000,1702284782000,10,1006.3,,34359738368.0,,,4.501443909049478,4.501443909049478,0.0,352.02,
268,NFCORE_CHIPSEQ:CHIPSEQ:ALIGN_BWA_MEM:BWA_MEM,1702284425000,1702285027000,10,1011.2,,34359738368.0,,,3.5100360092,3.5100360092,0.0,352.02,
271,NFCORE_CHIPSEQ:CHIPSEQ:ALIGN_BWA_MEM:BWA_MEM,1702284455000,1702285077000,10,1007.5,,34359738368.0,,,3.6161701430947915,3.6161701430947915,0.0,352.02,
272,NFCORE_CHIPSEQ:CHIPSEQ:ALIGN_BWA_MEM:BWA_MEM,1702284497000,1702285092000,10,1008.2,,34359738368.0,,,3.461094466921875,3.461094466921875,0.0,352.02,
276,NFCORE_CHIPSEQ:CHIPSEQ:ALIGN_BWA_MEM:BWA_MEM,1702284517000,1702285122000,10,1011.2,,34359738368.0,,,3.5275278830000003,3.5275278830000003,0.0,352.02,
280,NFCORE_CHIPSEQ:CHIPSEQ:ALIGN_BWA_MEM:BWA_MEM,1702284581000,1702285163000,10,1006.7,,34359738368.0,,,3.381499114715625,3.381499114715625,0.0,352.02,
274,NFCORE_CHIPSEQ:CHIPSEQ:ALIGN_BWA_MEM:BWA_MEM,1702284458000,1702285172000,10,1006.8,,34359738368.0,,,4.1487621450625,4.1487621450625,0.0,352.02,
221,NFCORE_CHIPSEQ:CHIPSEQ:ALIGN_BWA_MEM:BWA_MEM,1702284472000,1702285197000,10,1005.1,,34359738368.0,,,4.207067031263021,4.207067031263021,0.0,352.02,
277,NFCORE_CHIPSEQ:CHIPSEQ:ALIGN_BWA_MEM:BWA_MEM,1702284610000,1702285200000,10,1010.0,,34359738368.0,,,3.5064609494625003,3.5064609494625003,0.0,351.29999999999995,
273,NFCORE_CHIPSEQ:CHIPSEQ:ALIGN_BWA_MEM:BWA_MEM,1702284570000,1702285200000,10,1005.2,,34359738368.0,,,4.21670101251875,4.21670101251875,0.0,351.29999999999995,
285,NFCORE_CHIPSEQ:CHIPSEQ:ALIGN_BWA_MEM:BWA_MEM,1702284700000,1702285200000,10,1008.1,,34359738368.0,,,3.4875267659375,3.4875267659375,0.0,351.29999999999995,
220,NFCORE_CHIPSEQ:CHIPSEQ:ALIGN_BWA_MEM:BWA_MEM,1702284680000,1702285200000,10,1008.4,,34359738368.0,,,3.7321729707624995,3.7321729707624995,0.0,351.29999999999995,
219,NFCORE_CHIPSEQ:CHIPSEQ:ALIGN_BWA_MEM:BWA_MEM,1702284785000,1702285200000,10,1005.1,,34359738368.0,,,4.21126660611823,4.21126660611823,0.0,351.29999999999995,
279,NFCORE_CHIPSEQ:CHIPSEQ:ALIGN_BWA_MEM:BWA_MEM,1702285030000,1702285200000,10,1009.8,,34359738368.0,,,3.0898764903958336,3.0898764903958336,0.0,351.29999999999995,
278,NFCORE_CHIPSEQ:CHIPSEQ:ALIGN_BWA_MEM:BWA_MEM,1702285080000,1702285200000,10,1007.3,,34359738368.0,,,3.31421244721875,3.31421244721875,0.0,351.29999999999995,
275,NFCORE_CHIPSEQ:CHIPSEQ:ALIGN_BWA_MEM:BWA_MEM,1702285095000,1702285200000,10,1009.3,,34359738368.0,,,3.290056256648437,3.290056256648437,0.0,351.29999999999995,
281,NFCORE_CHIPSEQ:CHIPSEQ:ALIGN_BWA_MEM:BWA_MEM,1702285125000,1702285200000,10,1007.5,,34359738368.0,,,3.603161231832291,3.603161231832291,0.0,351.29999999999995,
288,NFCORE_CHIPSEQ:CHIPSEQ:ALIGN_BWA_MEM:BWA_MEM,1702285175000,1702285200000,10,1003.3,,34359738368.0,,,3.8094206242187503,3.8094206242187503,0.0,351.29999999999995,
287,NFCORE_CHIPSEQ:CHIPSEQ:ALIGN_BWA_MEM:BWA_MEM,1702285166000,1702285200000,10,1006.2,,34359738368.0,,,3.8819397755072913,3.8819397755072913,0.0,351.29999999999995,
294,NFCORE_CHIPSEQ:CHIPSEQ:ALIGN_BWA_MEM:BWA_MEM,1702285300000,1702285822000,10,1003.4,,34359738368.0,,,3.01267340510625,3.01267340510625,0.0,350.58,
283,NFCORE_CHIPSEQ:CHIPSEQ:ALIGN_BWA_MEM:BWA_MEM,1702285200000,1702285842000,10,1004.3,,34359738368.0,,,3.7078619869218743,3.7078619869218743,0.0,350.58,
289,NFCORE_CHIPSEQ:CHIPSEQ:ALIGN_BWA_MEM:BWA_MEM,1702285215000,1702285883000,10,1007.4,,34359738368.0,,,3.8674144811541664,3.8674144811541664,0.0,350.58,
218,NFCORE_CHIPSEQ:CHIPSEQ:ALIGN_BWA_MEM:BWA_MEM,1702285302000,1702285917000,10,1006.1,,34359738368.0,,,3.556943459460937,3.556943459460937,0.0,350.58,
282,NFCORE_CHIPSEQ:CHIPSEQ:ALIGN_BWA_MEM:BWA_MEM,1702285326000,1702285919000,10,1006.8,,34359738368.0,,,3.4315854398229164,3.4315854398229164,0.0,350.58,
293,NFCORE_CHIPSEQ:CHIPSEQ:ALIGN_BWA_MEM:BWA_MEM,1702285565000,1702286052000,10,1009.4,,34359738368.0,,,2.8239237807156248,2.8239237807156248,0.0,350.58,
292,NFCORE_CHIPSEQ:CHIPSEQ:ALIGN_BWA_MEM:BWA_MEM,1702285655000,1702286222000,10,1002.2,,34359738368.0,,,3.269301416128125,3.269301416128125,0.0,350.58,
291,NFCORE_CHIPSEQ:CHIPSEQ:ALIGN_BWA_MEM:BWA_MEM,1702285515000,1702286232000,10,1005.1,,34359738368.0,,,4.1436243724046875,4.1436243724046875,0.0,350.58,
317,NFCORE_CHIPSEQ:CHIPSEQ:ALIGN_BWA_MEM:BWA_MEM,1702285841000,1702286302000,10,1008.4,,34359738368.0,,,2.6710695190895835,2.6710695190895835,0.0,350.58,
286,NFCORE_CHIPSEQ:CHIPSEQ:ALIGN_BWA_MEM:BWA_MEM,1702285750000,1702286312000,10,1007.2,,34359738368.0,,,3.253213293841667,3.253213293841667,0.0,350.58,
284,NFCORE_CHIPSEQ:CHIPSEQ:ALIGN_BWA_MEM:BWA_MEM,1702285664000,1702286315000,10,1004.8,,34359738368.0,,,3.7613173115,3.7613173115,0.0,350.58,
315,NFCORE_CHIPSEQ:CHIPSEQ:ALIGN_BWA_MEM:BWA_MEM,1702285922000,1702286367000,10,1008.9,,34359738368.0,,,2.5793731928723957,2.5793731928723957,0.0,350.58,
290,NFCORE_CHIPSEQ:CHIPSEQ:ALIGN_BWA_MEM:BWA_MEM,1702285825000,1702286392000,10,1004.7,,34359738368.0,,,3.275728944370313,3.275728944370313,0.0,350.58,
319,NFCORE_CHIPSEQ:CHIPSEQ:ALIGN_BWA_MEM:BWA_MEM,1702285887000,1702286462000,10,1006.5,,34359738368.0,,,3.3266404580338538,3.3266404580338538,0.0,350.58,
295,NFCORE_CHIPSEQ:CHIPSEQ:ALIGN_BWA_MEM:BWA_MEM,1702285839000,1702286462000,10,1002.2,,34359738368.0,,,3.592195383153125,3.592195383153125,0.0,350.58,
312,NFCORE_CHIPSEQ:CHIPSEQ:ALIGN_BWA_MEM:BWA_MEM,1702285845000,1702286477000,10,1003.3,,34359738368.0,,,3.6472413792708336,3.6472413792708336,0.0,350.58,
316,NFCORE_CHIPSEQ:CHIPSEQ:ALIGN_BWA_MEM:BWA_MEM,1702285920000,1702286497000,10,1006.2,,34359738368.0,,,3.3374264747427085,3.3374264747427085,0.0,350.58,
318,NFCORE_CHIPSEQ:CHIPSEQ:ALIGN_BWA_MEM:BWA_MEM,1702286054000,1702286497000,10,1010.8,,34359738368.0,,,2.571597118489583,2.571597118489583,0.0,350.58,
311,NFCORE_CHIPSEQ:CHIPSEQ:ALIGN_BWA_MEM:BWA_MEM,1702286225000,1702286802000,10,1006.5,,34359738368.0,,,3.338211381366145,3.338211381366145,0.0,350.58,
217,NFCORE_CHIPSEQ:CHIPSEQ:ALIGN_BWA_MEM:BWA_MEM,1702286235000,1702286817000,10,1005.0,,34359738368.0,,,3.36318014849375,3.36318014849375,0.0,350.58,
309,NFCORE_CHIPSEQ:CHIPSEQ:ALIGN_BWA_MEM:BWA_MEM,1702286315000,1702286832000,10,1005.4,,34359738368.0,,,2.9885049616010417,2.9885049616010417,0.0,350.58,
313,NFCORE_CHIPSEQ:CHIPSEQ:ALIGN_BWA_MEM:BWA_MEM,1702286318000,1702286873000,10,1001.2,,34359738368.0,,,3.1975932534062506,3.1975932534062506,0.0,350.58,
308,NFCORE_CHIPSEQ:CHIPSEQ:ALIGN_BWA_MEM:BWA_MEM,1702286465000,1702286879000,10,1006.6,,34359738368.0,,,2.39536885441875,2.39536885441875,0.0,350.58,
305,NFCORE_CHIPSEQ:CHIPSEQ:ALIGN_BWA_MEM:BWA_MEM,1702286500000,1702286897000,10,1003.9,,34359738368.0,,,2.292147861952604,2.292147861952604,0.0,350.58,
314,NFCORE_CHIPSEQ:CHIPSEQ:ALIGN_BWA_MEM:BWA_MEM,1702286305000,1702286902000,10,1003.1,,34359738368.0,,,3.4447166663109368,3.4447166663109368,0.0,350.58,
310,NFCORE_CHIPSEQ:CHIPSEQ:ALIGN_BWA_MEM:BWA_MEM,1702286370000,1702286924000,10,1004.2,,34359738368.0,,,3.199368015964583,3.199368015964583,0.0,350.58,
216,NFCORE_CHIPSEQ:CHIPSEQ:ALIGN_BWA_MEM:BWA_MEM,1702286394000,1702286954000,10,1004.3,,34359738368.0,,,3.2342721381249997,3.2342721381249997,0.0,350.58,
306,NFCORE_CHIPSEQ:CHIPSEQ:ALIGN_BWA_MEM:BWA_MEM,1702286481000,1702286981000,10,1002.1,,34359738368.0,,,2.8827551278645838,2.8827551278645838,0.0,350.58,
307,NFCORE_CHIPSEQ:CHIPSEQ:ALIGN_BWA_MEM:BWA_MEM,1702286464000,1702287009000,10,1005.2,,34359738368.0,,,3.14986397753125,3.14986397753125,0.0,350.58,
215,NFCORE_CHIPSEQ:CHIPSEQ:ALIGN_BWA_MEM:BWA_MEM,1702286501000,1702287017000,10,1003.7,,34359738368.0,,,2.9787469020562503,2.9787469020562503,0.0,350.58,
321,NFCORE_CHIPSEQ:CHIPSEQ:ALIGN_BWA_MEM:BAM_SORT_SAMTOOLS:SAMTOOLS_SORT,1702286983000,1702287027000,6,462.7,,6374293504.0,,,0.1022865628640625,0.1022865628640625,0.0,350.58,
416,NFCORE_CHIPSEQ:CHIPSEQ:ALIGN_BWA_MEM:BAM_SORT_SAMTOOLS:SAMTOOLS_INDEX,1702287035000,1702287051000,2,142.0,,1073741824.0,,,0.010912971099999998,0.010912971099999998,0.0,350.58,
325,NFCORE_CHIPSEQ:CHIPSEQ:ALIGN_BWA_MEM:BAM_SORT_SAMTOOLS:SAMTOOLS_SORT,1702287012000,1702287057000,6,464.2,,6374293504.0,,,0.10491733024804688,0.10491733024804688,0.0,350.58,
324,NFCORE_CHIPSEQ:CHIPSEQ:ALIGN_BWA_MEM:BAM_SORT_SAMTOOLS:SAMTOOLS_SORT,1702287019000,1702287060000,6,464.7,,6374293504.0,,,0.0956843007720052,0.0956843007720052,0.0,350.58,
418,NFCORE_CHIPSEQ:CHIPSEQ:ALIGN_BWA_MEM:BAM_SORT_SAMTOOLS:BAM_STATS_SAMTOOLS:SAMTOOLS_IDXSTATS,1702287059000,1702287060000,2,12.4,,1073741824.0,,,9.440096875e-05,9.440096875e-05,0.0,350.58,
329,NFCORE_CHIPSEQ:CHIPSEQ:ALIGN_BWA_MEM:BAM_SORT_SAMTOOLS:SAMTOOLS_SORT,1702287031000,1702287072000,6,460.2,,6374293504.0,,,0.09484770185794271,0.09484770185794271,0.0,350.58,
419,NFCORE_CHIPSEQ:CHIPSEQ:ALIGN_BWA_MEM:BAM_SORT_SAMTOOLS:BAM_STATS_SAMTOOLS:SAMTOOLS_FLAGSTAT,1702287063000,1702287077000,2,141.7,,1073741824.0,,,0.009529805184374998,0.009529805184374998,0.0,350.58,
420,NFCORE_CHIPSEQ:CHIPSEQ:ALIGN_BWA_MEM:BAM_SORT_SAMTOOLS:SAMTOOLS_INDEX,1702287060000,1702287080000,2,119.3,,1073741824.0,,,0.011582591072916667,0.011582591072916667,0.0,350.58,
421,NFCORE_CHIPSEQ:CHIPSEQ:ALIGN_BWA_MEM:BAM_SORT_SAMTOOLS:SAMTOOLS_INDEX,1702287064000,1702287084000,2,131.5,,1073741824.0,,,0.012688987468750001,0.012688987468750001,0.0,350.58,
422,NFCORE_CHIPSEQ:CHIPSEQ:ALIGN_BWA_MEM:BAM_SORT_SAMTOOLS:SAMTOOLS_INDEX,1702287080000,1702287099000,2,123.2,,1073741824.0,,,0.011339461408333334,0.011339461408333334,0.0,350.58,
424,NFCORE_CHIPSEQ:CHIPSEQ:ALIGN_BWA_MEM:BAM_SORT_SAMTOOLS:BAM_STATS_SAMTOOLS:SAMTOOLS_FLAGSTAT,1702287083000,1702287100000,2,130.1,,1073741824.0,,,0.010677720355729167,0.010677720355729167,0.0,350.58,
426,NFCORE_CHIPSEQ:CHIPSEQ:ALIGN_BWA_MEM:BAM_SORT_SAMTOOLS:BAM_STATS_SAMTOOLS:SAMTOOLS_IDXSTATS,1702287095000,1702287097000,2,3.7,,1073741824.0,,,0.000109903178125,0.000109903178125,0.0,350.58,
323,NFCORE_CHIPSEQ:CHIPSEQ:ALIGN_BWA_MEM:BAM_SORT_SAMTOOLS:SAMTOOLS_SORT,1702287060000,1702287103000,6,445.2,,6374293504.0,,,0.09654972363111979,0.09654972363111979,0.0,350.58,
331,NFCORE_CHIPSEQ:CHIPSEQ:ALIGN_BWA_MEM:BAM_SORT_SAMTOOLS:SAMTOOLS_SORT,1702287062000,1702287103000,6,443.0,,6374293504.0,,,0.09165003489752604,0.09165003489752604,0.0,350.58,
425,NFCORE_CHIPSEQ:CHIPSEQ:ALIGN_BWA_MEM:BAM_SORT_SAMTOOLS:BAM_STATS_SAMTOOLS:SAMTOOLS_IDXSTATS,1702287103000,1702287105000,2,74.1,,1073741824.0,,,0.0007483483114583333,0.0007483483114583333,0.0,350.58,
431,NFCORE_CHIPSEQ:CHIPSEQ:ALIGN_BWA_MEM:BAM_SORT_SAMTOOLS:BAM_STATS_SAMTOOLS:SAMTOOLS_IDXSTATS,1702287106000,1702287107000,2,2.3,,1073741824.0,,,4.860341302083333e-05,4.860341302083333e-05,0.0,350.58,
417,NFCORE_CHIPSEQ:CHIPSEQ:ALIGN_BWA_MEM:BAM_SORT_SAMTOOLS:BAM_STATS_SAMTOOLS:SAMTOOLS_STATS,1702287059000,1702287117000,2,127.7,,1073741824.0,,,0.035798679373958336,0.035798679373958336,0.0,350.58,
427,NFCORE_CHIPSEQ:CHIPSEQ:ALIGN_BWA_MEM:BAM_SORT_SAMTOOLS:BAM_STATS_SAMTOOLS:SAMTOOLS_FLAGSTAT,1702287101000,1702287118000,2,141.2,,1073741824.0,,,0.011533363797916666,0.011533363797916666,0.0,350.58,
326,NFCORE_CHIPSEQ:CHIPSEQ:ALIGN_BWA_MEM:BAM_SORT_SAMTOOLS:SAMTOOLS_SORT,1702287075000,1702287117000,6,435.5,,6374293504.0,,,0.09245706199296876,0.09245706199296876,0.0,350.58,
432,NFCORE_CHIPSEQ:CHIPSEQ:ALIGN_BWA_MEM:BAM_SORT_SAMTOOLS:SAMTOOLS_INDEX,1702287108000,1702287128000,2,130.2,,1073741824.0,,,0.012571092770833334,0.012571092770833334,0.0,350.58,
423,NFCORE_CHIPSEQ:CHIPSEQ:ALIGN_BWA_MEM:BAM_SORT_SAMTOOLS:BAM_STATS_SAMTOOLS:SAMTOOLS_STATS,1702287083000,1702287139000,2,126.1,,1073741824.0,,,0.03415795888749999,0.03415795888749999,0.0,350.58,
430,NFCORE_CHIPSEQ:CHIPSEQ:ALIGN_BWA_MEM:BAM_SORT_SAMTOOLS:BAM_STATS_SAMTOOLS:SAMTOOLS_FLAGSTAT,1702287120000,1702287138000,2,127.9,,1073741824.0,,,0.011126258859375,0.011126258859375,0.0,350.58,
433,NFCORE_CHIPSEQ:CHIPSEQ:ALIGN_BWA_MEM:BAM_SORT_SAMTOOLS:SAMTOOLS_INDEX,1702287121000,1702287138000,2,131.9,,1073741824.0,,,0.010816473346354166,0.010816473346354166,0.0,350.58,
428,NFCORE_CHIPSEQ:CHIPSEQ:ALIGN_BWA_MEM:BAM_SORT_SAMTOOLS:BAM_STATS_SAMTOOLS:SAMTOOLS_STATS,1702287095000,1702287148000,2,127.7,,1073741824.0,,,0.03271258632447917,0.03271258632447917,0.0,350.58,
436,NFCORE_CHIPSEQ:CHIPSEQ:ALIGN_BWA_MEM:BAM_SORT_SAMTOOLS:BAM_STATS_SAMTOOLS:SAMTOOLS_FLAGSTAT,1702287134000,1702287151000,2,125.3,,1073741824.0,,,0.010307712380729167,0.010307712380729167,0.0,350.58,
435,NFCORE_CHIPSEQ:CHIPSEQ:ALIGN_BWA_MEM:BAM_SORT_SAMTOOLS:BAM_STATS_SAMTOOLS:SAMTOOLS_IDXSTATS,1702287142000,1702287145000,2,2.2,,1073741824.0,,,0.000144449915625,0.000144449915625,0.0,350.58,
440,NFCORE_CHIPSEQ:CHIPSEQ:ALIGN_BWA_MEM:BAM_SORT_SAMTOOLS:BAM_STATS_SAMTOOLS:SAMTOOLS_IDXSTATS,1702287151000,1702287151000,2,50.4,,1073741824.0,,,0.0,0.0,0.0,350.58,
322,NFCORE_CHIPSEQ:CHIPSEQ:ALIGN_BWA_MEM:BAM_SORT_SAMTOOLS:SAMTOOLS_SORT,1702287106000,1702287148000,6,440.0,,6374293504.0,,,0.09331406575859376,0.09331406575859376,0.0,350.58,
328,NFCORE_CHIPSEQ:CHIPSEQ:ALIGN_BWA_MEM:BAM_SORT_SAMTOOLS:SAMTOOLS_SORT,1702287107000,1702287148000,6,454.3,,6374293504.0,,,0.09375082772617187,0.09375082772617187,0.0,350.58,
434,NFCORE_CHIPSEQ:CHIPSEQ:ALIGN_BWA_MEM:BAM_SORT_SAMTOOLS:SAMTOOLS_INDEX,1702287142000,1702287158000,2,147.2,,1073741824.0,,,0.011290234133333332,0.011290234133333332,0.0,350.58,
429,NFCORE_CHIPSEQ:CHIPSEQ:ALIGN_BWA_MEM:BAM_SORT_SAMTOOLS:BAM_STATS_SAMTOOLS:SAMTOOLS_STATS,1702287111000,1702287165000,2,124.6,,1073741824.0,,,0.03257074445625,0.03257074445625,0.0,350.58,
439,NFCORE_CHIPSEQ:CHIPSEQ:ALIGN_BWA_MEM:BAM_SORT_SAMTOOLS:BAM_STATS_SAMTOOLS:SAMTOOLS_FLAGSTAT,1702287154000,1702287172000,2,131.9,,1073741824.0,,,0.011452736484375,0.011452736484375,0.0,350.58,
330,NFCORE_CHIPSEQ:CHIPSEQ:ALIGN_BWA_MEM:BAM_SORT_SAMTOOLS:SAMTOOLS_SORT,1702287120000,1702287163000,6,426.0,,6374293504.0,,,0.09280611353111981,0.09280611353111981,0.0,350.58,
441,NFCORE_CHIPSEQ:CHIPSEQ:ALIGN_BWA_MEM:BAM_SORT_SAMTOOLS:SAMTOOLS_INDEX,1702287158000,1702287179000,2,123.3,,1073741824.0,,,0.012542611189062499,0.012542611189062499,0.0,350.58,
444,NFCORE_CHIPSEQ:CHIPSEQ:ALIGN_BWA_MEM:BAM_SORT_SAMTOOLS:BAM_STATS_SAMTOOLS:SAMTOOLS_FLAGSTAT,1702287163000,1702287181000,2,125.9,,1073741824.0,,,0.010963020046875,0.010963020046875,0.0,350.58,
327,NFCORE_CHIPSEQ:CHIPSEQ:ALIGN_BWA_MEM:BAM_SORT_SAMTOOLS:SAMTOOLS_SORT,1702287151000,1702287192000,6,444.6,,6374293504.0,,,0.0919474922891927,0.0919474922891927,0.0,350.58,
333,NFCORE_CHIPSEQ:CHIPSEQ:ALIGN_BWA_MEM:BAM_SORT_SAMTOOLS:SAMTOOLS_SORT,1702287151000,1702287194000,6,432.4,,6374293504.0,,,0.09405398356445312,0.09405398356445312,0.0,350.58,
438,NFCORE_CHIPSEQ:CHIPSEQ:ALIGN_BWA_MEM:BAM_SORT_SAMTOOLS:BAM_STATS_SAMTOOLS:SAMTOOLS_STATS,1702287146000,1702287199000,2,127.8,,1073741824.0,,,0.03273661870520833,0.03273661870520833,0.0,350.58,
442,NFCORE_CHIPSEQ:CHIPSEQ:ALIGN_BWA_MEM:BAM_SORT_SAMTOOLS:SAMTOOLS_INDEX,1702287175000,1702287194000,2,110.9,,1073741824.0,,,0.010279769450520835,0.010279769450520835,0.0,350.58,
437,NFCORE_CHIPSEQ:CHIPSEQ:ALIGN_BWA_MEM:BAM_SORT_SAMTOOLS:BAM_STATS_SAMTOOLS:SAMTOOLS_STATS,1702287148000,1702287206000,2,125.9,,1073741824.0,,,0.035325286817708336,0.035325286817708336,0.0,350.58,
443,NFCORE_CHIPSEQ:CHIPSEQ:ALIGN_BWA_MEM:BAM_SORT_SAMTOOLS:BAM_STATS_SAMTOOLS:SAMTOOLS_IDXSTATS,1702287202000,1702287204000,2,56.4,,1073741824.0,,,0.0005878301458333334,0.0005878301458333334,0.0,350.58,
446,NFCORE_CHIPSEQ:CHIPSEQ:ALIGN_BWA_MEM:BAM_SORT_SAMTOOLS:SAMTOOLS_INDEX,1702287185000,1702287205000,2,124.5,,1073741824.0,,,0.012054169864583335,0.012054169864583335,0.0,350.58,
450,NFCORE_CHIPSEQ:CHIPSEQ:ALIGN_BWA_MEM:BAM_SORT_SAMTOOLS:SAMTOOLS_INDEX,1702287198000,1702287213000,2,135.3,,1073741824.0,,,0.0097752020546875,0.0097752020546875,0.0,350.58,
454,NFCORE_CHIPSEQ:CHIPSEQ:ALIGN_BWA_MEM:BAM_SORT_SAMTOOLS:BAM_STATS_SAMTOOLS:SAMTOOLS_IDXSTATS,1702287207000,1702287212000,2,1.2,,1073741824.0,,,0.00021807780208333335,0.00021807780208333335,0.0,350.58,
332,NFCORE_CHIPSEQ:CHIPSEQ:ALIGN_BWA_MEM:BAM_SORT_SAMTOOLS:SAMTOOLS_SORT,1702287166000,1702287211000,6,422.0,,6374293504.0,,,0.09630648288867188,0.09630648288867188,0.0,350.58,
445,NFCORE_CHIPSEQ:CHIPSEQ:ALIGN_BWA_MEM:BAM_SORT_SAMTOOLS:BAM_STATS_SAMTOOLS:SAMTOOLS_STATS,1702287168000,1702287224000,2,126.1,,1073741824.0,,,0.03415795888749999,0.03415795888749999,0.0,350.58,
448,NFCORE_CHIPSEQ:CHIPSEQ:ALIGN_BWA_MEM:BAM_SORT_SAMTOOLS:BAM_STATS_SAMTOOLS:SAMTOOLS_FLAGSTAT,1702287208000,1702287221000,2,141.4,,1073741824.0,,,0.008831420609375,0.008831420609375,0.0,350.58,
451,NFCORE_CHIPSEQ:CHIPSEQ:ALIGN_BWA_MEM:BAM_SORT_SAMTOOLS:SAMTOOLS_INDEX,1702287211000,1702287230000,2,133.9,,1073741824.0,,,0.0122613072578125,0.0122613072578125,0.0,350.58,
452,NFCORE_CHIPSEQ:CHIPSEQ:ALIGN_BWA_MEM:BAM_SORT_SAMTOOLS:BAM_STATS_SAMTOOLS:SAMTOOLS_FLAGSTAT,1702287215000,1702287231000,2,132.2,,1073741824.0,,,0.010201975383333332,0.010201975383333332,0.0,350.58,
455,NFCORE_CHIPSEQ:CHIPSEQ:ALIGN_BWA_MEM:BAM_SORT_SAMTOOLS:BAM_STATS_SAMTOOLS:SAMTOOLS_IDXSTATS,1702287228000,1702287232000,2,54.5,,1073741824.0,,,0.0011411987645833334,0.0011411987645833334,0.0,350.58,
337,NFCORE_CHIPSEQ:CHIPSEQ:ALIGN_BWA_MEM:BAM_SORT_SAMTOOLS:SAMTOOLS_SORT,1702287196000,1702287236000,6,455.1,,6374293504.0,,,0.09160932333854167,0.09160932333854167,0.0,350.58,
449,NFCORE_CHIPSEQ:CHIPSEQ:ALIGN_BWA_MEM:BAM_SORT_SAMTOOLS:BAM_STATS_SAMTOOLS:SAMTOOLS_STATS,1702287183000,1702287238000,2,126.5,,1073741824.0,,,0.03364775238802083,0.03364775238802083,0.0,350.58,
447,NFCORE_CHIPSEQ:CHIPSEQ:ALIGN_BWA_MEM:BAM_SORT_SAMTOOLS:BAM_STATS_SAMTOOLS:SAMTOOLS_IDXSTATS,1702287234000,1702287235000,2,65.8,,1073741824.0,,,0.000336538540625,0.000336538540625,0.0,350.58,
461,NFCORE_CHIPSEQ:CHIPSEQ:ALIGN_BWA_MEM:BAM_SORT_SAMTOOLS:SAMTOOLS_INDEX,1702287225000,1702287238000,2,146.5,,1073741824.0,,,0.009132052089062499,0.009132052089062499,0.0,350.58,
320,NFCORE_CHIPSEQ:CHIPSEQ:ALIGN_BWA_MEM:BAM_SORT_SAMTOOLS:SAMTOOLS_SORT,1702287197000,1702287237000,6,446.5,,6374293504.0,,,0.090049485796875,0.090049485796875,0.0,350.58,
457,NFCORE_CHIPSEQ:CHIPSEQ:ALIGN_BWA_MEM:BAM_SORT_SAMTOOLS:BAM_STATS_SAMTOOLS:SAMTOOLS_FLAGSTAT,1702287235000,1702287251000,2,128.3,,1073741824.0,,,0.009919028108333333,0.009919028108333333,0.0,350.58,
467,NFCORE_CHIPSEQ:CHIPSEQ:ALIGN_BWA_MEM:BAM_SORT_SAMTOOLS:BAM_STATS_SAMTOOLS:SAMTOOLS_IDXSTATS,1702287245000,1702287247000,2,84.7,,1073741824.0,,,0.000844477834375,0.000844477834375,0.0,350.58,
304,NFCORE_CHIPSEQ:CHIPSEQ:ALIGN_BWA_MEM:BWA_MEM,1702286876000,1702287251000,10,1000.7,,34359738368.0,,,2.159685779882813,2.159685779882813,0.0,350.58,
341,NFCORE_CHIPSEQ:CHIPSEQ:ALIGN_BWA_MEM:BAM_SORT_SAMTOOLS:SAMTOOLS_SORT,1702287215000,1702287253000,6,461.4,,6374293504.0,,,0.08811439527473958,0.08811439527473958,0.0,350.58,
462,NFCORE_CHIPSEQ:CHIPSEQ:ALIGN_BWA_MEM:BAM_SORT_SAMTOOLS:BAM_STATS_SAMTOOLS:SAMTOOLS_FLAGSTAT,1702287238000,1702287253000,2,132.5,,1073741824.0,,,0.0095847567734375,0.0095847567734375,0.0,350.58,
468,NFCORE_CHIPSEQ:CHIPSEQ:ALIGN_BWA_MEM:BAM_SORT_SAMTOOLS:BAM_STATS_SAMTOOLS:SAMTOOLS_FLAGSTAT,1702287250000,1702287264000,2,144.3,,1073741824.0,,,0.009694857761458333,0.009694857761458333,0.0,350.58,
453,NFCORE_CHIPSEQ:CHIPSEQ:ALIGN_BWA_MEM:BAM_SORT_SAMTOOLS:BAM_STATS_SAMTOOLS:SAMTOOLS_STATS,1702287216000,1702287275000,2,126.8,,1073741824.0,,,0.03617512073541666,0.03617512073541666,0.0,350.58,
460,NFCORE_CHIPSEQ:CHIPSEQ:ALIGN_BWA_MEM:BAM_SORT_SAMTOOLS:BAM_STATS_SAMTOOLS:SAMTOOLS_IDXSTATS,1702287267000,1702287272000,2,42.1,,1073741824.0,,,0.0011453649453125,0.0011453649453125,0.0,350.58,
469,NFCORE_CHIPSEQ:CHIPSEQ:ALIGN_BWA_MEM:BAM_SORT_SAMTOOLS:SAMTOOLS_INDEX,1702287256000,1702287272000,2,143.8,,1073741824.0,,,0.01104356215,0.01104356215,0.0,350.58,
463,NFCORE_CHIPSEQ:CHIPSEQ:ALIGN_BWA_MEM:BAM_SORT_SAMTOOLS:BAM_STATS_SAMTOOLS:SAMTOOLS_IDXSTATS,1702287275000,1702287276000,2,77.1,,1073741824.0,,,0.00038777739010416665,0.00038777739010416665,0.0,350.58,
471,NFCORE_CHIPSEQ:CHIPSEQ:ALIGN_BWA_MEM:BAM_SORT_SAMTOOLS:SAMTOOLS_INDEX,1702287267000,1702287281000,2,133.5,,1073741824.0,,,0.009009254748958332,0.009009254748958332,0.0,350.58,
300,NFCORE_CHIPSEQ:CHIPSEQ:ALIGN_BWA_MEM:BWA_MEM,1702286820000,1702287282000,10,1008.0,,34359738368.0,,,2.6760256368999995,2.6760256368999995,0.0,350.58,
335,NFCORE_CHIPSEQ:CHIPSEQ:ALIGN_BWA_MEM:BAM_SORT_SAMTOOLS:SAMTOOLS_SORT,1702287239000,1702287282000,6,424.0,,6374293504.0,,,0.09241615414570313,0.09241615414570313,0.0,350.58,
336,NFCORE_CHIPSEQ:CHIPSEQ:ALIGN_BWA_MEM:BAM_SORT_SAMTOOLS:SAMTOOLS_SORT,1702287240000,1702287281000,6,429.7,,6374293504.0,,,0.08917742032929686,0.08917742032929686,0.0,350.58,
456,NFCORE_CHIPSEQ:CHIPSEQ:ALIGN_BWA_MEM:BAM_SORT_SAMTOOLS:BAM_STATS_SAMTOOLS:SAMTOOLS_STATS,1702287234000,1702287286000,2,128.8,,1073741824.0,,,0.03235473604999999,0.03235473604999999,0.0,350.58,
465,NFCORE_CHIPSEQ:CHIPSEQ:ALIGN_BWA_MEM:BAM_SORT_SAMTOOLS:SAMTOOLS_INDEX,1702287278000,1702287288000,2,161.4,,1073741824.0,,,0.007700282760416668,0.007700282760416668,0.0,350.58,
474,NFCORE_CHIPSEQ:CHIPSEQ:ALIGN_BWA_MEM:BAM_SORT_SAMTOOLS:BAM_STATS_SAMTOOLS:SAMTOOLS_IDXSTATS,1702287289000,1702287290000,2,117.6,,1073741824.0,,,0.0005714210541666666,0.0005714210541666666,0.0,350.58,
475,NFCORE_CHIPSEQ:CHIPSEQ:ALIGN_BWA_MEM:BAM_SORT_SAMTOOLS:BAM_STATS_SAMTOOLS:SAMTOOLS_IDXSTATS,1702287288000,1702287291000,2,10.4,,1073741824.0,,,0.0002559964375,0.0002559964375,0.0,350.58,
298,NFCORE_CHIPSEQ:CHIPSEQ:ALIGN_BWA_MEM:BWA_MEM,1702286804000,1702287287000,10,1008.3,,34359738368.0,,,2.798320202070312,2.798320202070312,0.0,350.58,
338,NFCORE_CHIPSEQ:CHIPSEQ:ALIGN_BWA_MEM:BAM_SORT_SAMTOOLS:SAMTOOLS_SORT,1702287253000,1702287292000,6,431.2,,6374293504.0,,,0.08509256533476561,0.08509256533476561,0.0,350.58,
458,NFCORE_CHIPSEQ:CHIPSEQ:ALIGN_BWA_MEM:BAM_SORT_SAMTOOLS:BAM_STATS_SAMTOOLS:SAMTOOLS_FLAGSTAT,1702287275000,1702287292000,2,131.7,,1073741824.0,,,0.010801056347395832,0.010801056347395832,0.0,350.58,
464,NFCORE_CHIPSEQ:CHIPSEQ:ALIGN_BWA_MEM:BAM_SORT_SAMTOOLS:BAM_STATS_SAMTOOLS:SAMTOOLS_STATS,1702287241000,1702287294000,2,127.0,,1073741824.0,,,0.032544359659375,0.032544359659375,0.0,350.58,
472,NFCORE_CHIPSEQ:CHIPSEQ:ALIGN_BWA_MEM:BAM_SORT_SAMTOOLS:BAM_STATS_SAMTOOLS:SAMTOOLS_FLAGSTAT,1702287280000,1702287294000,2,136.3,,1073741824.0,,,0.009187003678125001,0.009187003678125001,0.0,350.58,
483,NFCORE_CHIPSEQ:CHIPSEQ:ALIGN_BWA_MEM:BAM_SORT_SAMTOOLS:BAM_STATS_SAMTOOLS:SAMTOOLS_IDXSTATS,1702287297000,1702287299000,2,67.6,,1073741824.0,,,0.0006894009625,0.0006894009625,0.0,350.58,
339,NFCORE_CHIPSEQ:CHIPSEQ:ALIGN_BWA_MEM:BAM_SORT_SAMTOOLS:SAMTOOLS_SORT,1702287255000,1702287294000,6,452.0,,6374293504.0,,,0.08877087990976562,0.08877087990976562,0.0,350.58,
479,NFCORE_CHIPSEQ:CHIPSEQ:ALIGN_BWA_MEM:BAM_SORT_SAMTOOLS:SAMTOOLS_INDEX,1702287290000,1702287307000,2,121.4,,1073741824.0,,,0.010007080901041666,0.010007080901041666,0.0,350.58,
466,NFCORE_CHIPSEQ:CHIPSEQ:ALIGN_BWA_MEM:BAM_SORT_SAMTOOLS:BAM_STATS_SAMTOOLS:SAMTOOLS_STATS,1702287253000,1702287308000,2,127.5,,1073741824.0,,,0.033897145018229165,0.033897145018229165,0.0,350.58,
480,NFCORE_CHIPSEQ:CHIPSEQ:ALIGN_BWA_MEM:BAM_SORT_SAMTOOLS:SAMTOOLS_INDEX,1702287291000,1702287311000,2,131.2,,1073741824.0,,,0.012661780999999999,0.012661780999999999,0.0,350.58,
482,NFCORE_CHIPSEQ:CHIPSEQ:ALIGN_BWA_MEM:BAM_SORT_SAMTOOLS:BAM_STATS_SAMTOOLS:SAMTOOLS_FLAGSTAT,1702287298000,1702287311000,2,140.0,,1073741824.0,,,0.008748894320833332,0.008748894320833332,0.0,350.58,
485,NFCORE_CHIPSEQ:CHIPSEQ:ALIGN_BWA_MEM:BAM_SORT_SAMTOOLS:SAMTOOLS_INDEX,1702287296000,1702287309000,2,136.5,,1073741824.0,,,0.008542578599479165,0.008542578599479165,0.0,350.58,
487,NFCORE_CHIPSEQ:CHIPSEQ:ALIGN_BWA_MEM:BAM_SORT_SAMTOOLS:BAM_STATS_SAMTOOLS:SAMTOOLS_IDXSTATS,1702287311000,1702287314000,2,3.0,,1073741824.0,,,0.000155332503125,0.000155332503125,0.0,350.58,
459,NFCORE_CHIPSEQ:CHIPSEQ:ALIGN_BWA_MEM:BAM_SORT_SAMTOOLS:BAM_STATS_SAMTOOLS:SAMTOOLS_STATS,1702287267000,1702287317000,2,127.3,,1073741824.0,,,0.030770242265624997,0.030770242265624997,0.0,350.58,
494,NFCORE_CHIPSEQ:CHIPSEQ:ALIGN_BWA_MEM:BAM_SORT_SAMTOOLS:BAM_STATS_SAMTOOLS:SAMTOOLS_IDXSTATS,1702287317000,1702287317000,2,92.1,,1073741824.0,,,0.0,0.0,0.0,350.58,
486,NFCORE_CHIPSEQ:CHIPSEQ:ALIGN_BWA_MEM:BAM_SORT_SAMTOOLS:SAMTOOLS_INDEX,1702287312000,1702287328000,2,143.5,,1073741824.0,,,0.011021796975,0.011021796975,0.0,350.58,
489,NFCORE_CHIPSEQ:CHIPSEQ:ALIGN_BWA_MEM:BAM_SORT_SAMTOOLS:BAM_STATS_SAMTOOLS:SAMTOOLS_FLAGSTAT,1702287315000,1702287327000,2,139.8,,1073741824.0,,,0.0080650198625,0.0080650198625,0.0,350.58,
334,NFCORE_CHIPSEQ:CHIPSEQ:ALIGN_BWA_MEM:BAM_SORT_SAMTOOLS:SAMTOOLS_SORT,1702287285000,1702287328000,6,385.5,,6374293504.0,,,0.08490943597643229,0.08490943597643229,0.0,350.58,
340,NFCORE_CHIPSEQ:CHIPSEQ:ALIGN_BWA_MEM:BAM_SORT_SAMTOOLS:SAMTOOLS_SORT,1702287286000,1702287327000,6,425.6,,6374293504.0,,,0.08841518576315104,0.08841518576315104,0.0,350.58,
342,NFCORE_CHIPSEQ:CHIPSEQ:ALIGN_BWA_MEM:BAM_SORT_SAMTOOLS:SAMTOOLS_SORT,1702287286000,1702287327000,6,443.0,,6374293504.0,,,0.09165003489752604,0.09165003489752604,0.0,350.58,
473,NFCORE_CHIPSEQ:CHIPSEQ:ALIGN_BWA_MEM:BAM_SORT_SAMTOOLS:BAM_STATS_SAMTOOLS:SAMTOOLS_STATS,1702287289000,1702287335000,2,131.7,,1073741824.0,,,0.029226387763541667,0.029226387763541667,0.0,350.58,
477,NFCORE_CHIPSEQ:CHIPSEQ:ALIGN_BWA_MEM:BAM_SORT_SAMTOOLS:BAM_STATS_SAMTOOLS:SAMTOOLS_FLAGSTAT,1702287314000,1702287328000,2,134.4,,1073741824.0,,,0.009066388333333333,0.009066388333333333,0.0,350.58,
493,NFCORE_CHIPSEQ:CHIPSEQ:ALIGN_BWA_MEM:BAM_SORT_SAMTOOLS:BAM_STATS_SAMTOOLS:SAMTOOLS_FLAGSTAT,1702287321000,1702287333000,2,136.3,,1073741824.0,,,0.00787457458125,0.00787457458125,0.0,350.58,
343,NFCORE_CHIPSEQ:CHIPSEQ:ALIGN_BWA_MEM:BAM_SORT_SAMTOOLS:SAMTOOLS_SORT,1702287296000,1702287334000,6,439.1,,6374293504.0,,,0.08427193500494792,0.08427193500494792,0.0,350.58,
346,NFCORE_CHIPSEQ:CHIPSEQ:ALIGN_BWA_MEM:BAM_SORT_SAMTOOLS:SAMTOOLS_SORT,1702287298000,1702287337000,6,452.7,,6374293504.0,,,0.08889466934257813,0.08889466934257813,0.0,350.58,
476,NFCORE_CHIPSEQ:CHIPSEQ:ALIGN_BWA_MEM:BAM_SORT_SAMTOOLS:BAM_STATS_SAMTOOLS:SAMTOOLS_STATS,1702287294000,1702287340000,2,129.5,,1073741824.0,,,0.028767505323958338,0.028767505323958338,0.0,350.58,
498,NFCORE_CHIPSEQ:CHIPSEQ:ALIGN_BWA_MEM:BAM_SORT_SAMTOOLS:BAM_STATS_SAMTOOLS:SAMTOOLS_FLAGSTAT,1702287332000,1702287342000,2,146.1,,1073741824.0,,,0.007006517807291666,0.007006517807291666,0.0,350.58,
500,NFCORE_CHIPSEQ:CHIPSEQ:ALIGN_BWA_MEM:BAM_SORT_SAMTOOLS:SAMTOOLS_INDEX,1702287333000,1702287347000,2,137.6,,1073741824.0,,,0.009269529966666667,0.009269529966666667,0.0,350.58,
302,NFCORE_CHIPSEQ:CHIPSEQ:ALIGN_BWA_MEM:BWA_MEM,1702286928000,1702287341000,10,1010.8,,34359738368.0,,,2.397448329427083,2.397448329427083,0.0,350.58,
344,NFCORE_CHIPSEQ:CHIPSEQ:ALIGN_BWA_MEM:BAM_SORT_SAMTOOLS:SAMTOOLS_SORT,1702287298000,1702287337000,6,421.7,,6374293504.0,,,0.08341256588945312,0.08341256588945312,0.0,350.58,
345,NFCORE_CHIPSEQ:CHIPSEQ:ALIGN_BWA_MEM:BAM_SORT_SAMTOOLS:SAMTOOLS_SORT,1702287291000,1702287338000,6,363.3,,6374293504.0,,,0.08807678324466146,0.08807678324466146,0.0,350.58,
481,NFCORE_CHIPSEQ:CHIPSEQ:ALIGN_BWA_MEM:BAM_SORT_SAMTOOLS:BAM_STATS_SAMTOOLS:SAMTOOLS_STATS,1702287301000,1702287348000,2,132.1,,1073741824.0,,,0.0299469909546875,0.0299469909546875,0.0,350.58,
490,NFCORE_CHIPSEQ:CHIPSEQ:ALIGN_BWA_MEM:BAM_SORT_SAMTOOLS:BAM_STATS_SAMTOOLS:SAMTOOLS_IDXSTATS,1702287345000,1702287349000,2,83.7,,1073741824.0,,,0.0016708180229166665,0.0016708180229166665,0.0,350.58,
491,NFCORE_CHIPSEQ:CHIPSEQ:ALIGN_BWA_MEM:BAM_SORT_SAMTOOLS:BAM_STATS_SAMTOOLS:SAMTOOLS_FLAGSTAT,1702287332000,1702287346000,2,142.4,,1073741824.0,,,0.009574242416666667,0.009574242416666667,0.0,350.58,
497,NFCORE_CHIPSEQ:CHIPSEQ:ALIGN_BWA_MEM:BAM_SORT_SAMTOOLS:BAM_STATS_SAMTOOLS:SAMTOOLS_IDXSTATS,1702287349000,1702287350000,2,67.0,,1073741824.0,,,0.000341979834375,0.000341979834375,0.0,350.58,
501,NFCORE_CHIPSEQ:CHIPSEQ:ALIGN_BWA_MEM:BAM_SORT_SAMTOOLS:SAMTOOLS_INDEX,1702287340000,1702287353000,2,155.2,,1073741824.0,,,0.009644894025,0.009644894025,0.0,350.58,
502,NFCORE_CHIPSEQ:CHIPSEQ:ALIGN_BWA_MEM:BAM_SORT_SAMTOOLS:SAMTOOLS_INDEX,1702287340000,1702287356000,2,120.3,,1073741824.0,,,0.009338623441666666,0.009338623441666666,0.0,350.58,
503,NFCORE_CHIPSEQ:CHIPSEQ:ALIGN_BWA_MEM:BAM_SORT_SAMTOOLS:SAMTOOLS_INDEX,1702287349000,1702287362000,2,149.8,,1073741824.0,,,0.009326578340625,0.009326578340625,0.0,350.58,
504,NFCORE_CHIPSEQ:CHIPSEQ:ALIGN_BWA_MEM:BAM_SORT_SAMTOOLS:BAM_STATS_SAMTOOLS:SAMTOOLS_IDXSTATS,1702287350000,1702287351000,2,54.5,,1073741824.0,,,0.00028529969114583336,0.00028529969114583336,0.0,350.58,
510,NFCORE_CHIPSEQ:CHIPSEQ:ALIGN_BWA_MEM:BAM_SORT_SAMTOOLS:BAM_STATS_SAMTOOLS:SAMTOOLS_IDXSTATS,1702287362000,1702287363000,2,52.2,,1073741824.0,,,0.0002748705447916667,0.0002748705447916667,0.0,350.58,
297,NFCORE_CHIPSEQ:CHIPSEQ:ALIGN_BWA_MEM:BWA_MEM,1702286900000,1702287361000,10,1005.5,,34359738368.0,,,2.6650074644109374,2.6650074644109374,0.0,350.58,
301,NFCORE_CHIPSEQ:CHIPSEQ:ALIGN_BWA_MEM:BWA_MEM,1702286835000,1702287355000,10,1009.0,,34359738368.0,,,3.0143348012916666,3.0143348012916666,0.0,350.58,
303,NFCORE_CHIPSEQ:CHIPSEQ:ALIGN_BWA_MEM:BWA_MEM,1702286957000,1702287362000,10,1011.0,,34359738368.0,,,2.351375939671875,2.351375939671875,0.0,350.58,
488,NFCORE_CHIPSEQ:CHIPSEQ:ALIGN_BWA_MEM:BAM_SORT_SAMTOOLS:BAM_STATS_SAMTOOLS:SAMTOOLS_STATS,1702287318000,1702287364000,2,132.8,,1073741824.0,,,0.029455828983333335,0.029455828983333335,0.0,350.58,
495,NFCORE_CHIPSEQ:CHIPSEQ:ALIGN_BWA_MEM:BAM_SORT_SAMTOOLS:BAM_STATS_SAMTOOLS:SAMTOOLS_STATS,1702287321000,1702287365000,2,129.2,,1073741824.0,,,0.027456889991666667,0.027456889991666667,0.0,350.58,
499,NFCORE_CHIPSEQ:CHIPSEQ:ALIGN_BWA_MEM:BAM_SORT_SAMTOOLS:SAMTOOLS_INDEX,1702287350000,1702287363000,2,147.4,,1073741824.0,,,0.009185104703124999,0.009185104703124999,0.0,350.58,
505,NFCORE_CHIPSEQ:CHIPSEQ:ALIGN_BWA_MEM:BAM_SORT_SAMTOOLS:BAM_STATS_SAMTOOLS:SAMTOOLS_FLAGSTAT,1702287354000,1702287364000,2,154.0,,1073741824.0,,,0.007364736312500001,0.007364736312500001,0.0,350.58,
511,NFCORE_CHIPSEQ:CHIPSEQ:ALIGN_BWA_MEM:BAM_SORT_SAMTOOLS:BAM_STATS_SAMTOOLS:SAMTOOLS_FLAGSTAT,1702287356000,1702287368000,2,153.6,,1073741824.0,,,0.0088159184,0.0088159184,0.0,350.58,
515,NFCORE_CHIPSEQ:CHIPSEQ:ALIGN_BWA_MEM:BAM_SORT_SAMTOOLS:BAM_STATS_SAMTOOLS:SAMTOOLS_IDXSTATS,1702287366000,1702287366000,2,100.8,,1073741824.0,,,0.0,0.0,0.0,350.58,
518,NFCORE_CHIPSEQ:CHIPSEQ:ALIGN_BWA_MEM:BAM_SORT_SAMTOOLS:BAM_STATS_SAMTOOLS:SAMTOOLS_IDXSTATS,1702287365000,1702287366000,2,122.1,,1073741824.0,,,0.0005918259057291667,0.0005918259057291667,0.0,350.58,
513,NFCORE_CHIPSEQ:CHIPSEQ:ALIGN_BWA_MEM:BAM_SORT_SAMTOOLS:BAM_STATS_SAMTOOLS:SAMTOOLS_FLAGSTAT,1702287364000,1702287376000,2,147.5,,1073741824.0,,,0.008483999481249999,0.008483999481249999,0.0,350.58,
352,NFCORE_CHIPSEQ:CHIPSEQ:ALIGN_BWA_MEM:BAM_SORT_SAMTOOLS:SAMTOOLS_SORT,1702287338000,1702287376000,6,464.0,,6374293504.0,,,0.08856239512682293,0.08856239512682293,0.0,350.58,
353,NFCORE_CHIPSEQ:CHIPSEQ:ALIGN_BWA_MEM:BAM_SORT_SAMTOOLS:SAMTOOLS_SORT,1702287332000,1702287373000,6,397.6,,6374293504.0,,,0.08320968140898438,0.08320968140898438,0.0,350.58,
508,NFCORE_CHIPSEQ:CHIPSEQ:ALIGN_BWA_MEM:BAM_SORT_SAMTOOLS:SAMTOOLS_INDEX,1702287366000,1702287382000,2,142.2,,1073741824.0,,,0.010927481216666665,0.010927481216666665,0.0,350.58,
509,NFCORE_CHIPSEQ:CHIPSEQ:ALIGN_BWA_MEM:BAM_SORT_SAMTOOLS:SAMTOOLS_INDEX,1702287366000,1702287382000,2,141.5,,1073741824.0,,,0.010876695808333333,0.010876695808333333,0.0,350.58,
517,NFCORE_CHIPSEQ:CHIPSEQ:ALIGN_BWA_MEM:BAM_SORT_SAMTOOLS:BAM_STATS_SAMTOOLS:SAMTOOLS_FLAGSTAT,1702287369000,1702287380000,2,142.9,,1073741824.0,,,0.007547558304687502,0.007547558304687502,0.0,350.58,
347,NFCORE_CHIPSEQ:CHIPSEQ:ALIGN_BWA_MEM:BAM_SORT_SAMTOOLS:SAMTOOLS_SORT,1702287341000,1702287380000,6,420.4,,6374293504.0,,,0.08318267122851562,0.08318267122851562,0.0,350.58,
348,NFCORE_CHIPSEQ:CHIPSEQ:ALIGN_BWA_MEM:BAM_SORT_SAMTOOLS:SAMTOOLS_SORT,1702287331000,1702287379000,6,390.1,,6374293504.0,,,0.09578382425625001,0.09578382425625001,0.0,350.58,
350,NFCORE_CHIPSEQ:CHIPSEQ:ALIGN_BWA_MEM:BAM_SORT_SAMTOOLS:SAMTOOLS_SORT,1702287348000,1702287385000,6,435.0,,6374293504.0,,,0.08136638228658853,0.08136638228658853,0.0,350.58,
354,NFCORE_CHIPSEQ:CHIPSEQ:ALIGN_BWA_MEM:BAM_SORT_SAMTOOLS:SAMTOOLS_SORT,1702287332000,1702287382000,6,347.2,,6374293504.0,,,0.09004850435546874,0.09004850435546874,0.0,350.58,
522,NFCORE_CHIPSEQ:CHIPSEQ:ALIGN_BWA_MEM:BAM_SORT_SAMTOOLS:BAM_STATS_SAMTOOLS:SAMTOOLS_IDXSTATS,1702287386000,1702287388000,2,45.5,,1073741824.0,,,0.0004889799760416667,0.0004889799760416667,0.0,350.58,
296,NFCORE_CHIPSEQ:CHIPSEQ:ALIGN_BWA_MEM:BWA_MEM,1702286882000,1702287393000,10,1010.9,,34359738368.0,,,2.966566082123438,2.966566082123438,0.0,350.58,
366,NFCORE_CHIPSEQ:CHIPSEQ:ALIGN_BWA_MEM:BAM_SORT_SAMTOOLS:SAMTOOLS_SORT,1702287342000,1702287393000,6,326.1,,6374293504.0,,,0.08696999427226562,0.08696999427226562,0.0,350.58,
492,NFCORE_CHIPSEQ:CHIPSEQ:ALIGN_BWA_MEM:BAM_SORT_SAMTOOLS:BAM_STATS_SAMTOOLS:SAMTOOLS_STATS,1702287349000,1702287393000,2,132.1,,1073741824.0,,,0.028035480893749996,0.028035480893749996,0.0,350.58,
496,NFCORE_CHIPSEQ:CHIPSEQ:ALIGN_BWA_MEM:BAM_SORT_SAMTOOLS:BAM_STATS_SAMTOOLS:SAMTOOLS_STATS,1702287352000,1702287397000,2,131.7,,1073741824.0,,,0.028591031507812496,0.028591031507812496,0.0,350.58,
506,NFCORE_CHIPSEQ:CHIPSEQ:ALIGN_BWA_MEM:BAM_SORT_SAMTOOLS:BAM_STATS_SAMTOOLS:SAMTOOLS_STATS,1702287352000,1702287398000,2,135.6,,1073741824.0,,,0.030039861179166665,0.030039861179166665,0.0,350.58,
526,NFCORE_CHIPSEQ:CHIPSEQ:ALIGN_BWA_MEM:BAM_SORT_SAMTOOLS:SAMTOOLS_INDEX,1702287382000,1702287398000,2,127.4,,1073741824.0,,,0.009853732583333332,0.009853732583333332,0.0,350.58,
351,NFCORE_CHIPSEQ:CHIPSEQ:ALIGN_BWA_MEM:BAM_SORT_SAMTOOLS:SAMTOOLS_SORT,1702287342000,1702287398000,6,323.3,,6374293504.0,,,0.09478546858229167,0.09478546858229167,0.0,350.58,
524,NFCORE_CHIPSEQ:CHIPSEQ:ALIGN_BWA_MEM:BAM_SORT_SAMTOOLS:BAM_STATS_SAMTOOLS:SAMTOOLS_FLAGSTAT,1702287385000,1702287399000,2,149.3,,1073741824.0,,,0.010012266563541667,0.010012266563541667,0.0,350.58,
541,NFCORE_CHIPSEQ:CHIPSEQ:ALIGN_BWA_MEM:BAM_SORT_SAMTOOLS:BAM_STATS_SAMTOOLS:SAMTOOLS_IDXSTATS,1702287401000,1702287402000,2,61.9,,1073741824.0,,,0.0003188543359375,0.0003188543359375,0.0,350.58,
355,NFCORE_CHIPSEQ:CHIPSEQ:ALIGN_BWA_MEM:BAM_SORT_SAMTOOLS:SAMTOOLS_SORT,1702287361000,1702287401000,6,387.0,,6374293504.0,,,0.07925758652604167,0.07925758652604167,0.0,350.58,
357,NFCORE_CHIPSEQ:CHIPSEQ:ALIGN_BWA_MEM:BAM_SORT_SAMTOOLS:SAMTOOLS_SORT,1702287366000,1702287405000,6,409.6,,6374293504.0,,,0.08127277712226562,0.08127277712226562,0.0,350.58,
512,NFCORE_CHIPSEQ:CHIPSEQ:ALIGN_BWA_MEM:BAM_SORT_SAMTOOLS:BAM_STATS_SAMTOOLS:SAMTOOLS_STATS,1702287362000,1702287406000,2,135.4,,1073741824.0,,,0.0286938774375,0.0286938774375,0.0,350.58,
533,NFCORE_CHIPSEQ:CHIPSEQ:ALIGN_BWA_MEM:BAM_SORT_SAMTOOLS:SAMTOOLS_INDEX,1702287389000,1702287406000,2,136.4,,1073741824.0,,,0.011163355822916665,0.011163355822916665,0.0,350.58,
536,NFCORE_CHIPSEQ:CHIPSEQ:ALIGN_BWA_MEM:BAM_SORT_SAMTOOLS:SAMTOOLS_INDEX,1702287391000,1702287409000,2,126.0,,1073741824.0,,,0.0109711819875,0.0109711819875,0.0,350.58,
299,NFCORE_CHIPSEQ:CHIPSEQ:ALIGN_BWA_MEM:BWA_MEM,1702286906000,1702287407000,10,1004.8,,34359738368.0,,,2.8946543364999995,2.8946543364999995,0.0,350.58,
349,NFCORE_CHIPSEQ:CHIPSEQ:ALIGN_BWA_MEM:BAM_SORT_SAMTOOLS:SAMTOOLS_SORT,1702287365000,1702287407000,6,411.9,,6374293504.0,,,0.08796255335546875,0.08796255335546875,0.0,350.58,
514,NFCORE_CHIPSEQ:CHIPSEQ:ALIGN_BWA_MEM:BAM_SORT_SAMTOOLS:BAM_STATS_SAMTOOLS:SAMTOOLS_STATS,1702287365000,1702287411000,2,129.5,,1073741824.0,,,0.028767505323958338,0.028767505323958338,0.0,350.58,
359,NFCORE_CHIPSEQ:CHIPSEQ:ALIGN_BWA_MEM:BAM_SORT_SAMTOOLS:SAMTOOLS_SORT,1702287368000,1702287414000,6,359.0,,6374293504.0,,,0.08530590254661458,0.08530590254661458,0.0,350.58,
516,NFCORE_CHIPSEQ:CHIPSEQ:ALIGN_BWA_MEM:BAM_SORT_SAMTOOLS:BAM_STATS_SAMTOOLS:SAMTOOLS_STATS,1702287366000,1702287413000,2,133.8,,1073741824.0,,,0.030309290430208337,0.030309290430208337,0.0,350.58,
534,NFCORE_CHIPSEQ:CHIPSEQ:ALIGN_BWA_MEM:BAM_SORT_SAMTOOLS:SAMTOOLS_INDEX,1702287401000,1702287418000,2,132.3,,1073741824.0,,,0.010847307344270833,0.010847307344270833,0.0,350.58,
535,NFCORE_CHIPSEQ:CHIPSEQ:ALIGN_BWA_MEM:BAM_SORT_SAMTOOLS:SAMTOOLS_INDEX,1702287398000,1702287413000,2,130.5,,1073741824.0,,,0.0094487244296875,0.0094487244296875,0.0,350.58,
539,NFCORE_CHIPSEQ:CHIPSEQ:ALIGN_BWA_MEM:BAM_SORT_SAMTOOLS:BAM_STATS_SAMTOOLS:SAMTOOLS_FLAGSTAT,1702287406000,1702287418000,2,147.5,,1073741824.0,,,0.008483999481249999,0.008483999481249999,0.0,350.58,
547,NFCORE_CHIPSEQ:CHIPSEQ:ALIGN_BWA_MEM:BAM_SORT_SAMTOOLS:BAM_STATS_SAMTOOLS:SAMTOOLS_IDXSTATS,1702287412000,1702287418000,2,3.0,,1073741824.0,,,0.00031066500625,0.00031066500625,0.0,350.58,
356,NFCORE_CHIPSEQ:CHIPSEQ:ALIGN_BWA_MEM:BAM_SORT_SAMTOOLS:SAMTOOLS_SORT,1702287383000,1702287419000,6,403.0,,6374293504.0,,,0.0739436488734375,0.0739436488734375,0.0,350.58,
361,NFCORE_CHIPSEQ:CHIPSEQ:ALIGN_BWA_MEM:BAM_SORT_SAMTOOLS:SAMTOOLS_SORT,1702287384000,1702287420000,6,417.2,,6374293504.0,,,0.07626164001093749,0.07626164001093749,0.0,350.58,
523,NFCORE_CHIPSEQ:CHIPSEQ:ALIGN_BWA_MEM:BAM_SORT_SAMTOOLS:BAM_STATS_SAMTOOLS:SAMTOOLS_STATS,1702287372000,1702287421000,2,134.9,,1073741824.0,,,0.031843452247395834,0.031843452247395834,0.0,350.58,
538,NFCORE_CHIPSEQ:CHIPSEQ:ALIGN_BWA_MEM:BAM_SORT_SAMTOOLS:SAMTOOLS_INDEX,1702287402000,1702287421000,2,125.2,,1073741824.0,,,0.011511769043750002,0.011511769043750002,0.0,350.58,
543,NFCORE_CHIPSEQ:CHIPSEQ:ALIGN_BWA_MEM:BAM_SORT_SAMTOOLS:SAMTOOLS_INDEX,1702287409000,1702287423000,2,121.7,,1073741824.0,,,0.008260169976041665,0.008260169976041665,0.0,350.58,
358,NFCORE_CHIPSEQ:CHIPSEQ:ALIGN_BWA_MEM:BAM_SORT_SAMTOOLS:SAMTOOLS_SORT,1702287376000,1702287421000,6,340.0,,6374293504.0,,,0.07957450460742188,0.07957450460742188,0.0,350.58,
365,NFCORE_CHIPSEQ:CHIPSEQ:ALIGN_BWA_MEM:BAM_SORT_SAMTOOLS:SAMTOOLS_SORT,1702287388000,1702287422000,6,435.8,,6374293504.0,,,0.07489244403880209,0.07489244403880209,0.0,350.58,
525,NFCORE_CHIPSEQ:CHIPSEQ:ALIGN_BWA_MEM:BAM_SORT_SAMTOOLS:SAMTOOLS_INDEX,1702287410000,1702287426000,2,111.4,,1073741824.0,,,0.008692923250000002,0.008692923250000002,0.0,350.58,
527,NFCORE_CHIPSEQ:CHIPSEQ:ALIGN_BWA_MEM:BAM_SORT_SAMTOOLS:BAM_STATS_SAMTOOLS:SAMTOOLS_FLAGSTAT,1702287415000,1702287426000,2,156.0,,1073741824.0,,,0.008200966995833335,0.008200966995833335,0.0,350.58,
360,NFCORE_CHIPSEQ:CHIPSEQ:ALIGN_BWA_MEM:BAM_SORT_SAMTOOLS:SAMTOOLS_SORT,1702287380000,1702287426000,6,398.9,,6374293504.0,,,0.09362836133723959,0.09362836133723959,0.0,350.58,
364,NFCORE_CHIPSEQ:CHIPSEQ:ALIGN_BWA_MEM:BAM_SORT_SAMTOOLS:SAMTOOLS_SORT,1702287380000,1702287426000,6,402.5,,6374293504.0,,,0.0943792598747396,0.0943792598747396,0.0,350.58,
542,NFCORE_CHIPSEQ:CHIPSEQ:ALIGN_BWA_MEM:BAM_SORT_SAMTOOLS:SAMTOOLS_INDEX,1702287414000,1702287431000,2,124.9,,1073741824.0,,,0.0102768783828125,0.0102768783828125,0.0,350.58,
552,NFCORE_CHIPSEQ:CHIPSEQ:ALIGN_BWA_MEM:BAM_SORT_SAMTOOLS:SAMTOOLS_INDEX,1702287412000,1702287432000,2,99.6,,1073741824.0,,,0.009796032958333332,0.009796032958333332,0.0,350.58,
367,NFCORE_CHIPSEQ:CHIPSEQ:ALIGN_BWA_MEM:BAM_SORT_SAMTOOLS:SAMTOOLS_SORT,1702287386000,1702287431000,6,348.6,,6374293504.0,,,0.08132932184179688,0.08132932184179688,0.0,350.58,
528,NFCORE_CHIPSEQ:CHIPSEQ:ALIGN_BWA_MEM:BAM_SORT_SAMTOOLS:BAM_STATS_SAMTOOLS:SAMTOOLS_IDXSTATS,1702287431000,1702287436000,2,71.1,,1073741824.0,,,0.0018028546067708334,0.0018028546067708334,0.0,350.58,
553,NFCORE_CHIPSEQ:CHIPSEQ:ALIGN_BWA_MEM:BAM_SORT_SAMTOOLS:SAMTOOLS_INDEX,1702287421000,1702287437000,2,150.3,,1073741824.0,,,0.011515140941666667,0.011515140941666667,0.0,350.58,
544,NFCORE_CHIPSEQ:CHIPSEQ:ALIGN_BWA_MEM:BAM_SORT_SAMTOOLS:SAMTOOLS_INDEX,1702287424000,1702287441000,2,120.0,,1073741824.0,,,0.009899161908333334,0.009899161908333334,0.0,350.58,
362,NFCORE_CHIPSEQ:CHIPSEQ:ALIGN_BWA_MEM:BAM_SORT_SAMTOOLS:SAMTOOLS_SORT,1702287398000,1702287446000,6,341.3,,6374293504.0,,,0.08516241885625002,0.08516241885625002,0.0,350.58,
363,NFCORE_CHIPSEQ:CHIPSEQ:ALIGN_BWA_MEM:BAM_SORT_SAMTOOLS:SAMTOOLS_SORT,1702287398000,1702287443000,6,355.8,,6374293504.0,,,0.0827984711542969,0.0827984711542969,0.0,350.58,
368,NFCORE_CHIPSEQ:CHIPSEQ:ALIGN_BWA_MEM:BAM_SORT_SAMTOOLS:SAMTOOLS_SORT,1702287401000,1702287447000,6,345.8,,6374293504.0,,,0.08255260790911458,0.08255260790911458,0.0,350.58,
369,NFCORE_CHIPSEQ:CHIPSEQ:ALIGN_BWA_MEM:BAM_SORT_SAMTOOLS:SAMTOOLS_SORT,1702287408000,1702287445000,6,411.2,,6374293504.0,,,0.07737337955638021,0.07737337955638021,0.0,350.58,
373,NFCORE_CHIPSEQ:CHIPSEQ:ALIGN_BWA_MEM:BAM_SORT_SAMTOOLS:SAMTOOLS_SORT,1702287402000,1702287447000,6,336.8,,6374293504.0,,,0.07892154935742188,0.07892154935742188,0.0,350.58,
374,NFCORE_CHIPSEQ:CHIPSEQ:ALIGN_BWA_MEM:BAM_SORT_SAMTOOLS:SAMTOOLS_SORT,1702287405000,1702287447000,6,352.9,,6374293504.0,,,0.07672628176171875,0.07672628176171875,0.0,350.58,
545,NFCORE_CHIPSEQ:CHIPSEQ:ALIGN_BWA_MEM:BAM_SORT_SAMTOOLS:BAM_STATS_SAMTOOLS:SAMTOOLS_FLAGSTAT,1702287420000,1702287446000,2,146.7,,1073741824.0,,,0.018287683117708328,0.018287683117708328,0.0,350.58,
548,NFCORE_CHIPSEQ:CHIPSEQ:ALIGN_BWA_MEM:BAM_SORT_SAMTOOLS:BAM_STATS_SAMTOOLS:SAMTOOLS_FLAGSTAT,1702287435000,1702287447000,2,146.0,,1073741824.0,,,0.008402380075,0.008402380075,0.0,350.58,
557,NFCORE_CHIPSEQ:CHIPSEQ:ALIGN_BWA_MEM:BAM_SORT_SAMTOOLS:BAM_STATS_SAMTOOLS:SAMTOOLS_FLAGSTAT,1702287422000,1702287446000,2,148.7,,1073741824.0,,,0.017098590012499998,0.017098590012499998,0.0,350.58,
560,NFCORE_CHIPSEQ:CHIPSEQ:ALIGN_BWA_MEM:BAM_SORT_SAMTOOLS:SAMTOOLS_INDEX,1702287426000,1702287446000,2,106.4,,1073741824.0,,,0.010412712916666667,0.010412712916666667,0.0,350.58,
371,NFCORE_CHIPSEQ:CHIPSEQ:ALIGN_BWA_MEM:BAM_SORT_SAMTOOLS:SAMTOOLS_SORT,1702287410000,1702287457000,6,338.0,,6374293504.0,,,0.08268491457955729,0.08268491457955729,0.0,350.58,
376,NFCORE_CHIPSEQ:CHIPSEQ:ALIGN_BWA_MEM:BAM_SORT_SAMTOOLS:SAMTOOLS_SORT,1702287410000,1702287457000,6,330.7,,6374293504.0,,,0.08112915800820311,0.08112915800820311,0.0,350.58,
568,NFCORE_CHIPSEQ:CHIPSEQ:ALIGN_BWA_MEM:BAM_SORT_SAMTOOLS:SAMTOOLS_INDEX,1702287444000,1702287460000,2,163.9,,1073741824.0,,,0.012501828875,0.012501828875,0.0,350.58,
573,NFCORE_CHIPSEQ:CHIPSEQ:ALIGN_BWA_MEM:BAM_SORT_SAMTOOLS:SAMTOOLS_INDEX,1702287439000,1702287457000,2,103.2,,1073741824.0,,,0.009110259525,0.009110259525,0.0,350.58,
574,NFCORE_CHIPSEQ:CHIPSEQ:ALIGN_BWA_MEM:BAM_SORT_SAMTOOLS:SAMTOOLS_INDEX,1702287436000,1702287457000,2,103.4,,1073741824.0,,,0.010647680640625,0.010647680640625,0.0,350.58,
578,NFCORE_CHIPSEQ:CHIPSEQ:ALIGN_BWA_MEM:BAM_SORT_SAMTOOLS:BAM_STATS_SAMTOOLS:SAMTOOLS_IDXSTATS,1702287462000,1702287463000,2,88.9,,1073741824.0,,,0.00044128344531250003,0.00044128344531250003,0.0,350.58,
581,NFCORE_CHIPSEQ:CHIPSEQ:ALIGN_BWA_MEM:BAM_SORT_SAMTOOLS:SAMTOOLS_INDEX,1702287444000,1702287461000,2,138.0,,1073741824.0,,,0.011286691814583335,0.011286691814583335,0.0,350.58,
375,NFCORE_CHIPSEQ:CHIPSEQ:ALIGN_BWA_MEM:BAM_SORT_SAMTOOLS:SAMTOOLS_SORT,1702287423000,1702287465000,6,349.8,,6374293504.0,,,0.07613590138984376,0.07613590138984376,0.0,350.58,
379,NFCORE_CHIPSEQ:CHIPSEQ:ALIGN_BWA_MEM:BAM_SORT_SAMTOOLS:SAMTOOLS_SORT,1702287420000,1702287460000,6,374.5,,6374293504.0,,,0.076990380796875,0.076990380796875,0.0,350.58,
546,NFCORE_CHIPSEQ:CHIPSEQ:ALIGN_BWA_MEM:BAM_SORT_SAMTOOLS:BAM_STATS_SAMTOOLS:SAMTOOLS_STATS,1702287419000,1702287468000,2,135.7,,1073741824.0,,,0.03202120117656249,0.03202120117656249,0.0,350.58,
554,NFCORE_CHIPSEQ:CHIPSEQ:ALIGN_BWA_MEM:BAM_SORT_SAMTOOLS:BAM_STATS_SAMTOOLS:SAMTOOLS_STATS,1702287422000,1702287466000,2,132.1,,1073741824.0,,,0.028035480893749996,0.028035480893749996,0.0,350.58,
555,NFCORE_CHIPSEQ:CHIPSEQ:ALIGN_BWA_MEM:BAM_SORT_SAMTOOLS:BAM_STATS_SAMTOOLS:SAMTOOLS_IDXSTATS,1702287465000,1702287466000,2,58.4,,1073741824.0,,,0.0003029838958333333,0.0003029838958333333,0.0,350.58,
561,NFCORE_CHIPSEQ:CHIPSEQ:ALIGN_BWA_MEM:BAM_SORT_SAMTOOLS:SAMTOOLS_INDEX,1702287449000,1702287468000,2,157.9,,1073741824.0,,,0.014328998882812501,0.014328998882812501,0.0,350.58,
569,NFCORE_CHIPSEQ:CHIPSEQ:ALIGN_BWA_MEM:BAM_SORT_SAMTOOLS:SAMTOOLS_INDEX,1702287449000,1702287468000,2,112.1,,1073741824.0,,,0.010383154031770833,0.010383154031770833,0.0,350.58,
593,NFCORE_CHIPSEQ:CHIPSEQ:ALIGN_BWA_MEM:BAM_SORT_SAMTOOLS:SAMTOOLS_INDEX,1702287450000,1702287465000,2,112.3,,1073741824.0,,,0.0082108301015625,0.0082108301015625,0.0,350.58,
370,NFCORE_CHIPSEQ:CHIPSEQ:ALIGN_BWA_MEM:BAM_SORT_SAMTOOLS:SAMTOOLS_SORT,1702287423000,1702287469000,6,318.0,,6374293504.0,,,0.07675400253619791,0.07675400253619791,0.0,350.58,
372,NFCORE_CHIPSEQ:CHIPSEQ:ALIGN_BWA_MEM:BAM_SORT_SAMTOOLS:SAMTOOLS_SORT,1702287426000,1702287470000,6,331.9,,6374293504.0,,,0.0761901180390625,0.0761901180390625,0.0,350.58,
377,NFCORE_CHIPSEQ:CHIPSEQ:ALIGN_BWA_MEM:BAM_SORT_SAMTOOLS:SAMTOOLS_SORT,1702287425000,1702287472000,6,321.3,,6374293504.0,,,0.07912585502591146,0.07912585502591146,0.0,350.58,
549,NFCORE_CHIPSEQ:CHIPSEQ:ALIGN_BWA_MEM:BAM_SORT_SAMTOOLS:BAM_STATS_SAMTOOLS:SAMTOOLS_IDXSTATS,1702287472000,1702287472000,2,109.4,,1073741824.0,,,0.0,0.0,0.0,350.58,
550,NFCORE_CHIPSEQ:CHIPSEQ:ALIGN_BWA_MEM:BAM_SORT_SAMTOOLS:BAM_STATS_SAMTOOLS:SAMTOOLS_STATS,1702287424000,1702287472000,2,134.6,,1073741824.0,,,0.03112829035,0.03112829035,0.0,350.58,
580,NFCORE_CHIPSEQ:CHIPSEQ:ALIGN_BWA_MEM:BAM_SORT_SAMTOOLS:BAM_STATS_SAMTOOLS:SAMTOOLS_FLAGSTAT,1702287462000,1702287476000,2,137.9,,1073741824.0,,,0.009288574494791667,0.009288574494791667,0.0,350.58,
590,NFCORE_CHIPSEQ:CHIPSEQ:ALIGN_BWA_MEM:BAM_SORT_SAMTOOLS:SAMTOOLS_INDEX,1702287451000,1702287472000,2,113.9,,1073741824.0,,,0.0116475183671875,0.0116475183671875,0.0,350.58,
592,NFCORE_CHIPSEQ:CHIPSEQ:ALIGN_BWA_MEM:BAM_SORT_SAMTOOLS:SAMTOOLS_INDEX,1702287466000,1702287476000,2,158.1,,1073741824.0,,,0.007550647182291668,0.007550647182291668,0.0,350.58,
378,NFCORE_CHIPSEQ:CHIPSEQ:ALIGN_BWA_MEM:BAM_SORT_SAMTOOLS:SAMTOOLS_SORT,1702287431000,1702287476000,6,322.7,,6374293504.0,,,0.07604446528710938,0.07604446528710938,0.0,350.58,
380,NFCORE_CHIPSEQ:CHIPSEQ:ALIGN_BWA_MEM:BAM_SORT_SAMTOOLS:SAMTOOLS_SORT,1702287431000,1702287476000,6,346.9,,6374293504.0,,,0.08098243936523437,0.08098243936523437,0.0,350.58,
381,NFCORE_CHIPSEQ:CHIPSEQ:ALIGN_BWA_MEM:BAM_SORT_SAMTOOLS:SAMTOOLS_SORT,1702287436000,1702287473000,6,369.1,,6374293504.0,,,0.07031012682773438,0.07031012682773438,0.0,350.58,
529,NFCORE_CHIPSEQ:CHIPSEQ:ALIGN_BWA_MEM:BAM_SORT_SAMTOOLS:BAM_STATS_SAMTOOLS:SAMTOOLS_STATS,1702287431000,1702287476000,2,135.2,,1073741824.0,,,0.029305201312499998,0.029305201312499998,0.0,350.58,
591,NFCORE_CHIPSEQ:CHIPSEQ:ALIGN_BWA_MEM:BAM_SORT_SAMTOOLS:SAMTOOLS_INDEX,1702287466000,1702287479000,2,136.2,,1073741824.0,,,0.008524894394791665,0.008524894394791665,0.0,350.58,
556,NFCORE_CHIPSEQ:CHIPSEQ:ALIGN_BWA_MEM:BAM_SORT_SAMTOOLS:BAM_STATS_SAMTOOLS:SAMTOOLS_FLAGSTAT,1702287471000,1702287486000,2,155.7,,1073741824.0,,,0.0111627319609375,0.0111627319609375,0.0,350.58,
611,NFCORE_CHIPSEQ:CHIPSEQ:ALIGN_BWA_MEM:BAM_SORT_SAMTOOLS:SAMTOOLS_INDEX,1702287470000,1702287486000,2,123.9,,1073741824.0,,,0.009599805541666668,0.009599805541666668,0.0,350.58,
612,NFCORE_CHIPSEQ:CHIPSEQ:ALIGN_BWA_MEM:BAM_SORT_SAMTOOLS:SAMTOOLS_INDEX,1702287469000,1702287486000,2,120.2,,1073741824.0,,,0.009914578907291667,0.009914578907291667,0.0,350.58,
383,NFCORE_CHIPSEQ:CHIPSEQ:ALIGN_BWA_MEM:BAM_SORT_SAMTOOLS:SAMTOOLS_SORT,1702287451000,1702287486000,6,416.1,,6374293504.0,,,0.07396868628059895,0.07396868628059895,0.0,350.58,
385,NFCORE_CHIPSEQ:CHIPSEQ:ALIGN_BWA_MEM:BAM_SORT_SAMTOOLS:SAMTOOLS_SORT,1702287448000,1702287488000,6,395.6,,6374293504.0,,,0.08081742406770835,0.08081742406770835,0.0,350.58,
387,NFCORE_CHIPSEQ:CHIPSEQ:ALIGN_BWA_MEM:BAM_SORT_SAMTOOLS:SAMTOOLS_SORT,1702287446000,1702287488000,6,346.6,,6374293504.0,,,0.07552647648984376,0.07552647648984376,0.0,350.58,
576,NFCORE_CHIPSEQ:CHIPSEQ:ALIGN_BWA_MEM:BAM_SORT_SAMTOOLS:BAM_STATS_SAMTOOLS:SAMTOOLS_FLAGSTAT,1702287476000,1702287488000,2,143.6,,1073741824.0,,,0.008271789025,0.008271789025,0.0,350.58,
588,NFCORE_CHIPSEQ:CHIPSEQ:ALIGN_BWA_MEM:BAM_SORT_SAMTOOLS:SAMTOOLS_INDEX,1702287472000,1702287492000,2,157.9,,1073741824.0,,,0.01508315671875,0.01508315671875,0.0,350.58,
589,NFCORE_CHIPSEQ:CHIPSEQ:ALIGN_BWA_MEM:BAM_SORT_SAMTOOLS:SAMTOOLS_INDEX,1702287475000,1702287488000,2,155.4,,1073741824.0,,,0.009656683494791665,0.009656683494791665,0.0,350.58,
623,NFCORE_CHIPSEQ:CHIPSEQ:ALIGN_BWA_MEM:BAM_SORT_SAMTOOLS:SAMTOOLS_INDEX,1702287476000,1702287492000,2,130.6,,1073741824.0,,,0.010085894449999999,0.010085894449999999,0.0,350.58,
633,NFCORE_CHIPSEQ:CHIPSEQ:ALIGN_BWA_MEM:BAM_SORT_SAMTOOLS:SAMTOOLS_INDEX,1702287483000,1702287494000,2,163.8,,1073741824.0,,,0.008590019498958336,0.008590019498958336,0.0,350.58,
382,NFCORE_CHIPSEQ:CHIPSEQ:ALIGN_BWA_MEM:BAM_SORT_SAMTOOLS:SAMTOOLS_SORT,1702287449000,1702287493000,6,323.4,,6374293504.0,,,0.07449424815364583,0.07449424815364583,0.0,350.58,
386,NFCORE_CHIPSEQ:CHIPSEQ:ALIGN_BWA_MEM:BAM_SORT_SAMTOOLS:SAMTOOLS_SORT,1702287452000,1702287492000,6,398.4,,6374293504.0,,,0.08132527815104167,0.08132527815104167,0.0,350.58,
388,NFCORE_CHIPSEQ:CHIPSEQ:ALIGN_BWA_MEM:BAM_SORT_SAMTOOLS:SAMTOOLS_SORT,1702287451000,1702287495000,6,333.1,,6374293504.0,,,0.0764295349640625,0.0764295349640625,0.0,350.58,
389,NFCORE_CHIPSEQ:CHIPSEQ:ALIGN_BWA_MEM:BAM_SORT_SAMTOOLS:SAMTOOLS_SORT,1702287462000,1702287497000,6,386.5,,6374293504.0,,,0.06927103600976563,0.06927103600976563,0.0,350.58,
393,NFCORE_CHIPSEQ:CHIPSEQ:ALIGN_BWA_MEM:BAM_SORT_SAMTOOLS:SAMTOOLS_SORT,1702287462000,1702287497000,6,378.0,,6374293504.0,,,0.06792204860091146,0.06792204860091146,0.0,350.58,
558,NFCORE_CHIPSEQ:CHIPSEQ:ALIGN_BWA_MEM:BAM_SORT_SAMTOOLS:BAM_STATS_SAMTOOLS:SAMTOOLS_IDXSTATS,1702287495000,1702287497000,2,106.7,,1073741824.0,,,0.0010439919385416669,0.0010439919385416669,0.0,350.58,
566,NFCORE_CHIPSEQ:CHIPSEQ:ALIGN_BWA_MEM:BAM_SORT_SAMTOOLS:BAM_STATS_SAMTOOLS:SAMTOOLS_IDXSTATS,1702287490000,1702287494000,2,74.4,,1073741824.0,,,0.0015021379166666668,0.0015021379166666668,0.0,350.58,
575,NFCORE_CHIPSEQ:CHIPSEQ:ALIGN_BWA_MEM:BAM_SORT_SAMTOOLS:BAM_STATS_SAMTOOLS:SAMTOOLS_IDXSTATS,1702287492000,1702287493000,2,63.7,,1073741824.0,,,0.00032701627656249997,0.00032701627656249997,0.0,350.58,
597,NFCORE_CHIPSEQ:CHIPSEQ:ALIGN_BWA_MEM:BAM_SORT_SAMTOOLS:SAMTOOLS_INDEX,1702287480000,1702287495000,2,130.7,,1073741824.0,,,0.0094623276640625,0.0094623276640625,0.0,350.58,
598,NFCORE_CHIPSEQ:CHIPSEQ:ALIGN_BWA_MEM:BAM_SORT_SAMTOOLS:SAMTOOLS_INDEX,1702287480000,1702287495000,2,129.4,,1073741824.0,,,0.009373906640625,0.009373906640625,0.0,350.58,
622,NFCORE_CHIPSEQ:CHIPSEQ:ALIGN_BWA_MEM:BAM_SORT_SAMTOOLS:SAMTOOLS_INDEX,1702287495000,1702287507000,2,162.1,,1073741824.0,,,0.00927842836875,0.00927842836875,0.0,350.58,
624,NFCORE_CHIPSEQ:CHIPSEQ:ALIGN_BWA_MEM:BAM_SORT_SAMTOOLS:SAMTOOLS_INDEX,1702287490000,1702287504000,2,154.4,,1073741824.0,,,0.010336023541666666,0.010336023541666666,0.0,350.58,
631,NFCORE_CHIPSEQ:CHIPSEQ:ALIGN_BWA_MEM:BAM_SORT_SAMTOOLS:SAMTOOLS_INDEX,1702287498000,1702287511000,2,155.1,,1073741824.0,,,0.009638999290104165,0.009638999290104165,0.0,350.58,
632,NFCORE_CHIPSEQ:CHIPSEQ:ALIGN_BWA_MEM:BAM_SORT_SAMTOOLS:SAMTOOLS_INDEX,1702287498000,1702287511000,2,117.0,,1073741824.0,,,0.007393105294791666,0.007393105294791666,0.0,350.58,
643,NFCORE_CHIPSEQ:CHIPSEQ:ALIGN_BWA_MEM:BAM_SORT_SAMTOOLS:SAMTOOLS_INDEX,1702287498000,1702287512000,2,115.6,,1073741824.0,,,0.0078729312375,0.0078729312375,0.0,350.58,
384,NFCORE_CHIPSEQ:CHIPSEQ:ALIGN_BWA_MEM:BAM_SORT_SAMTOOLS:SAMTOOLS_SORT,1702287465000,1702287504000,6,367.7,,6374293504.0,,,0.07386309535820312,0.07386309535820312,0.0,350.58,
390,NFCORE_CHIPSEQ:CHIPSEQ:ALIGN_BWA_MEM:BAM_SORT_SAMTOOLS:SAMTOOLS_SORT,1702287470000,1702287511000,6,342.7,,6374293504.0,,,0.07300317465742187,0.07300317465742187,0.0,350.58,
391,NFCORE_CHIPSEQ:CHIPSEQ:ALIGN_BWA_MEM:BAM_SORT_SAMTOOLS:SAMTOOLS_SORT,1702287473000,1702287514000,6,339.4,,6374293504.0,,,0.07238966878710937,0.07238966878710937,0.0,350.58,
392,NFCORE_CHIPSEQ:CHIPSEQ:ALIGN_BWA_MEM:BAM_SORT_SAMTOOLS:SAMTOOLS_SORT,1702287479000,1702287514000,6,343.7,,6374293504.0,,,0.06247848764518229,0.06247848764518229,0.0,350.58,
395,NFCORE_CHIPSEQ:CHIPSEQ:ALIGN_BWA_MEM:BAM_SORT_SAMTOOLS:SAMTOOLS_SORT,1702287480000,1702287513000,6,391.0,,6374293504.0,,,0.06598605119648437,0.06598605119648437,0.0,350.58,
396,NFCORE_CHIPSEQ:CHIPSEQ:ALIGN_BWA_MEM:BAM_SORT_SAMTOOLS:SAMTOOLS_SORT,1702287473000,1702287514000,6,335.4,,6374293504.0,,,0.07164602530794272,0.07164602530794272,0.0,350.58,
400,NFCORE_CHIPSEQ:CHIPSEQ:ALIGN_BWA_MEM:BAM_SORT_SAMTOOLS:SAMTOOLS_SORT,1702287477000,1702287514000,6,370.5,,6374293504.0,,,0.07054500934127604,0.07054500934127604,0.0,350.58,
401,NFCORE_CHIPSEQ:CHIPSEQ:ALIGN_BWA_MEM:BAM_SORT_SAMTOOLS:SAMTOOLS_SORT,1702287480000,1702287513000,6,388.6,,6374293504.0,,,0.06562692580898438,0.06562692580898438,0.0,350.58,
559,NFCORE_CHIPSEQ:CHIPSEQ:ALIGN_BWA_MEM:BAM_SORT_SAMTOOLS:BAM_STATS_SAMTOOLS:SAMTOOLS_STATS,1702287472000,1702287514000,2,135.6,,1073741824.0,,,0.027427699337499997,0.027427699337499997,0.0,350.58,
644,NFCORE_CHIPSEQ:CHIPSEQ:ALIGN_BWA_MEM:BAM_SORT_SAMTOOLS:SAMTOOLS_INDEX,1702287497000,1702287514000,2,129.5,,1073741824.0,,,0.010631469358854168,0.010631469358854168,0.0,350.58,
645,NFCORE_CHIPSEQ:CHIPSEQ:ALIGN_BWA_MEM:BAM_SORT_SAMTOOLS:SAMTOOLS_INDEX,1702287497000,1702287514000,2,131.0,,1073741824.0,,,0.010747096851041667,0.010747096851041667,0.0,350.58,
658,NFCORE_CHIPSEQ:CHIPSEQ:ALIGN_BWA_MEM:BAM_SORT_SAMTOOLS:SAMTOOLS_INDEX,1702287512000,1702287529000,2,163.4,,1073741824.0,,,0.013244650682291666,0.013244650682291666,0.0,350.58,
659,NFCORE_CHIPSEQ:CHIPSEQ:ALIGN_BWA_MEM:BAM_SORT_SAMTOOLS:SAMTOOLS_INDEX,1702287514000,1702287529000,2,161.5,,1073741824.0,,,0.0115572257578125,0.0115572257578125,0.0,350.58,
660,NFCORE_CHIPSEQ:CHIPSEQ:ALIGN_BWA_MEM:BAM_SORT_SAMTOOLS:SAMTOOLS_INDEX,1702287517000,1702287530000,2,151.5,,1073741824.0,,,0.009426788833854165,0.009426788833854165,0.0,350.58,
661,NFCORE_CHIPSEQ:CHIPSEQ:ALIGN_BWA_MEM:BAM_SORT_SAMTOOLS:SAMTOOLS_INDEX,1702287514000,1702287527000,2,153.9,,1073741824.0,,,0.009568262471354167,0.009568262471354167,0.0,350.58,
662,NFCORE_CHIPSEQ:CHIPSEQ:ALIGN_BWA_MEM:BAM_SORT_SAMTOOLS:SAMTOOLS_INDEX,1702287514000,1702287527000,2,159.1,,1073741824.0,,,0.009874788685937498,0.009874788685937498,0.0,350.58,
689,NFCORE_CHIPSEQ:CHIPSEQ:ALIGN_BWA_MEM:BAM_SORT_SAMTOOLS:SAMTOOLS_INDEX,1702287517000,1702287532000,2,103.2,,1073741824.0,,,0.0075918829375,0.0075918829375,0.0,350.58,
397,NFCORE_CHIPSEQ:CHIPSEQ:ALIGN_BWA_MEM:BAM_SORT_SAMTOOLS:SAMTOOLS_SORT,1702287501000,1702287532000,6,390.6,,6374293504.0,,,0.06193066987643228,0.06193066987643228,0.0,350.58,
399,NFCORE_CHIPSEQ:CHIPSEQ:ALIGN_BWA_MEM:BAM_SORT_SAMTOOLS:SAMTOOLS_SORT,1702287494000,1702287529000,6,399.4,,6374293504.0,,,0.07131832278320312,0.07131832278320312,0.0,350.58,
403,NFCORE_CHIPSEQ:CHIPSEQ:ALIGN_BWA_MEM:BAM_SORT_SAMTOOLS:SAMTOOLS_SORT,1702287501000,1702287532000,6,399.4,,6374293504.0,,,0.06316765732226562,0.06316765732226562,0.0,350.58,
410,NFCORE_CHIPSEQ:CHIPSEQ:ALIGN_BWA_MEM:BAM_SORT_SAMTOOLS:SAMTOOLS_SORT,1702287498000,1702287533000,6,361.3,,6374293504.0,,,0.06527168510351562,0.06527168510351562,0.0,350.58,
579,NFCORE_CHIPSEQ:CHIPSEQ:ALIGN_BWA_MEM:BAM_SORT_SAMTOOLS:BAM_STATS_SAMTOOLS:SAMTOOLS_STATS,1702287481000,1702287529000,2,132.8,,1073741824.0,,,0.030736517200000004,0.030736517200000004,0.0,350.58,
394,NFCORE_CHIPSEQ:CHIPSEQ:ALIGN_BWA_MEM:BAM_SORT_SAMTOOLS:SAMTOOLS_SORT,1702287491000,1702287534000,6,313.4,,6374293504.0,,,0.07085140013216146,0.07085140013216146,0.0,350.58,
398,NFCORE_CHIPSEQ:CHIPSEQ:ALIGN_BWA_MEM:BAM_SORT_SAMTOOLS:SAMTOOLS_SORT,1702287490000,1702287535000,6,329.4,,6374293504.0,,,0.07741159034179688,0.07741159034179688,0.0,350.58,
402,NFCORE_CHIPSEQ:CHIPSEQ:ALIGN_BWA_MEM:BAM_SORT_SAMTOOLS:SAMTOOLS_SORT,1702287491000,1702287533000,6,311.6,,6374293504.0,,,0.06886089164609376,0.06886089164609376,0.0,350.58,
404,NFCORE_CHIPSEQ:CHIPSEQ:ALIGN_BWA_MEM:BAM_SORT_SAMTOOLS:SAMTOOLS_SORT,1702287496000,1702287534000,6,336.8,,6374293504.0,,,0.06664486390182292,0.06664486390182292,0.0,350.58,
540,NFCORE_CHIPSEQ:CHIPSEQ:ALIGN_BWA_MEM:BAM_SORT_SAMTOOLS:BAM_STATS_SAMTOOLS:SAMTOOLS_STATS,1702287490000,1702287535000,2,134.1,,1073741824.0,,,0.029080747945312502,0.029080747945312502,0.0,350.58,
565,NFCORE_CHIPSEQ:CHIPSEQ:ALIGN_BWA_MEM:BAM_SORT_SAMTOOLS:BAM_STATS_SAMTOOLS:SAMTOOLS_FLAGSTAT,1702287515000,1702287535000,2,110.7,,1073741824.0,,,0.010802672302083333,0.010802672302083333,0.0,350.58,
577,NFCORE_CHIPSEQ:CHIPSEQ:ALIGN_BWA_MEM:BAM_SORT_SAMTOOLS:BAM_STATS_SAMTOOLS:SAMTOOLS_STATS,1702287491000,1702287535000,2,134.3,,1073741824.0,,,0.028474411922916668,0.028474411922916668,0.0,350.58,
609,NFCORE_CHIPSEQ:CHIPSEQ:ALIGN_BWA_MEM:BAM_SORT_SAMTOOLS:BAM_STATS_SAMTOOLS:SAMTOOLS_FLAGSTAT,1702287532000,1702287543000,2,143.6,,1073741824.0,,,0.007582473272916668,0.007582473272916668,0.0,350.58,
615,NFCORE_CHIPSEQ:CHIPSEQ:ALIGN_BWA_MEM:BAM_SORT_SAMTOOLS:BAM_STATS_SAMTOOLS:SAMTOOLS_FLAGSTAT,1702287532000,1702287544000,2,142.6,,1073741824.0,,,0.008217376087499999,0.008217376087499999,0.0,350.58,
686,NFCORE_CHIPSEQ:CHIPSEQ:ALIGN_BWA_MEM:BAM_SORT_SAMTOOLS:SAMTOOLS_INDEX,1702287532000,1702287544000,2,138.4,,1073741824.0,,,0.00798884175,0.00798884175,0.0,350.58,
688,NFCORE_CHIPSEQ:CHIPSEQ:ALIGN_BWA_MEM:BAM_SORT_SAMTOOLS:SAMTOOLS_INDEX,1702287530000,1702287543000,2,150.5,,1073741824.0,,,0.009367841484895832,0.009367841484895832,0.0,350.58,
690,NFCORE_CHIPSEQ:CHIPSEQ:ALIGN_BWA_MEM:BAM_SORT_SAMTOOLS:SAMTOOLS_INDEX,1702287533000,1702287542000,2,163.6,,1073741824.0,,,0.00702003583125,0.00702003583125,0.0,350.58,
691,NFCORE_CHIPSEQ:CHIPSEQ:ALIGN_BWA_MEM:BAM_SORT_SAMTOOLS:SAMTOOLS_INDEX,1702287530000,1702287543000,2,157.6,,1073741824.0,,,0.009786367662499998,0.009786367662499998,0.0,350.58,
717,NFCORE_CHIPSEQ:CHIPSEQ:ALIGN_BWA_MEM:BAM_SORT_SAMTOOLS:SAMTOOLS_INDEX,1702287535000,1702287544000,2,148.2,,1073741824.0,,,0.006391566403125,0.006391566403125,0.0,350.58,
405,NFCORE_CHIPSEQ:CHIPSEQ:ALIGN_BWA_MEM:BAM_SORT_SAMTOOLS:SAMTOOLS_SORT,1702287512000,1702287547000,6,367.0,,6374293504.0,,,0.06617630018945313,0.06617630018945313,0.0,350.58,
406,NFCORE_CHIPSEQ:CHIPSEQ:ALIGN_BWA_MEM:BAM_SORT_SAMTOOLS:SAMTOOLS_SORT,1702287513000,1702287547000,6,356.0,,6374293504.0,,,0.06258967887005208,0.06258967887005208,0.0,350.58,
407,NFCORE_CHIPSEQ:CHIPSEQ:ALIGN_BWA_MEM:BAM_SORT_SAMTOOLS:SAMTOOLS_SORT,1702287516000,1702287545000,6,428.1,,6374293504.0,,,0.06286631524856771,0.06286631524856771,0.0,350.58,
411,NFCORE_CHIPSEQ:CHIPSEQ:ALIGN_BWA_MEM:BAM_SORT_SAMTOOLS:SAMTOOLS_SORT,1702287516000,1702287545000,6,427.6,,6374293504.0,,,0.06280056628242188,0.06280056628242188,0.0,350.58,
412,NFCORE_CHIPSEQ:CHIPSEQ:ALIGN_BWA_MEM:BAM_SORT_SAMTOOLS:SAMTOOLS_SORT,1702287517000,1702287547000,6,414.1,,6374293504.0,,,0.06312966641015624,0.06312966641015624,0.0,350.58,
413,NFCORE_CHIPSEQ:CHIPSEQ:ALIGN_BWA_MEM:BAM_SORT_SAMTOOLS:SAMTOOLS_SORT,1702287518000,1702287544000,6,396.4,,6374293504.0,,,0.05262564140234375,0.05262564140234375,0.0,350.58,
414,NFCORE_CHIPSEQ:CHIPSEQ:ALIGN_BWA_MEM:BAM_SORT_SAMTOOLS:SAMTOOLS_SORT,1702287517000,1702287546000,6,418.4,,6374293504.0,,,0.061590785305338534,0.061590785305338534,0.0,350.58,
415,NFCORE_CHIPSEQ:CHIPSEQ:ALIGN_BWA_MEM:BAM_SORT_SAMTOOLS:SAMTOOLS_SORT,1702287532000,1702287549000,6,454.7,,6374293504.0,,,0.03890312842096354,0.03890312842096354,0.0,350.58,
608,NFCORE_CHIPSEQ:CHIPSEQ:ALIGN_BWA_MEM:BAM_SORT_SAMTOOLS:BAM_STATS_SAMTOOLS:SAMTOOLS_IDXSTATS,1702287547000,1702287547000,2,120.8,,1073741824.0,,,0.0,0.0,0.0,350.58,
613,NFCORE_CHIPSEQ:CHIPSEQ:ALIGN_BWA_MEM:BAM_SORT_SAMTOOLS:BAM_STATS_SAMTOOLS:SAMTOOLS_IDXSTATS,1702287547000,1702287549000,2,72.7,,1073741824.0,,,0.0007356519593749999,0.0007356519593749999,0.0,350.58,
618,NFCORE_CHIPSEQ:CHIPSEQ:ALIGN_BWA_MEM:BAM_SORT_SAMTOOLS:BAM_STATS_SAMTOOLS:SAMTOOLS_IDXSTATS,1702287549000,1702287550000,2,67.6,,1073741824.0,,,0.00034470048125,0.00034470048125,0.0,350.58,
684,NFCORE_CHIPSEQ:CHIPSEQ:ALIGN_BWA_MEM:BAM_SORT_SAMTOOLS:SAMTOOLS_INDEX,1702287537000,1702287547000,2,155.7,,1073741824.0,,,0.007441821307291667,0.007441821307291667,0.0,350.58,
685,NFCORE_CHIPSEQ:CHIPSEQ:ALIGN_BWA_MEM:BAM_SORT_SAMTOOLS:SAMTOOLS_INDEX,1702287538000,1702287547000,2,151.7,,1073741824.0,,,0.006534400364062499,0.006534400364062499,0.0,350.58,
716,NFCORE_CHIPSEQ:CHIPSEQ:ALIGN_BWA_MEM:BAM_SORT_SAMTOOLS:SAMTOOLS_INDEX,1702287546000,1702287554000,2,161.9,,1073741824.0,,,0.006178363854166667,0.006178363854166667,0.0,350.58,
719,NFCORE_CHIPSEQ:CHIPSEQ:ALIGN_BWA_MEM:BAM_SORT_SAMTOOLS:SAMTOOLS_INDEX,1702287538000,1702287550000,2,152.8,,1073741824.0,,,0.008772388050000001,0.008772388050000001,0.0,350.58,
408,NFCORE_CHIPSEQ:CHIPSEQ:ALIGN_BWA_MEM:BAM_SORT_SAMTOOLS:SAMTOOLS_SORT,1702287518000,1702287552000,6,327.4,,6374293504.0,,,0.05818041716796874,0.05818041716796874,0.0,350.58,
409,NFCORE_CHIPSEQ:CHIPSEQ:ALIGN_BWA_MEM:BAM_SORT_SAMTOOLS:SAMTOOLS_SORT,1702287535000,1702287555000,6,388.4,,6374293504.0,,,0.039755756783854165,0.039755756783854165,0.0,350.58,
470,NFCORE_CHIPSEQ:CHIPSEQ:ALIGN_BWA_MEM:BAM_SORT_SAMTOOLS:SAMTOOLS_SORT,1702287537000,1702287552000,6,452.8,,6374293504.0,,,0.034197059056640625,0.034197059056640625,0.0,350.58,
478,NFCORE_CHIPSEQ:CHIPSEQ:ALIGN_BWA_MEM:BAM_SORT_SAMTOOLS:SAMTOOLS_SORT,1702287535000,1702287551000,6,472.7,,6374293504.0,,,0.03792061960208333,0.03792061960208333,0.0,350.58,
484,NFCORE_CHIPSEQ:CHIPSEQ:ALIGN_BWA_MEM:BAM_SORT_SAMTOOLS:SAMTOOLS_SORT,1702287535000,1702287552000,6,469.3,,6374293504.0,,,0.040028569344921876,0.040028569344921876,0.0,350.58,
520,NFCORE_CHIPSEQ:CHIPSEQ:ALIGN_BWA_MEM:BAM_SORT_SAMTOOLS:SAMTOOLS_SORT,1702287537000,1702287554000,6,449.2,,6374293504.0,,,0.038479160949609376,0.038479160949609376,0.0,350.58,
531,NFCORE_CHIPSEQ:CHIPSEQ:ALIGN_BWA_MEM:BAM_SORT_SAMTOOLS:BAM_STATS_SAMTOOLS:SAMTOOLS_IDXSTATS,1702287552000,1702287553000,2,107.4,,1073741824.0,,,0.0005251700572916667,0.0005251700572916667,0.0,350.58,
537,NFCORE_CHIPSEQ:CHIPSEQ:ALIGN_BWA_MEM:BAM_SORT_SAMTOOLS:SAMTOOLS_SORT,1702287537000,1702287553000,6,448.6,,6374293504.0,,,0.03617215054375,0.03617215054375,0.0,350.58,
551,NFCORE_CHIPSEQ:CHIPSEQ:ALIGN_BWA_MEM:BAM_SORT_SAMTOOLS:SAMTOOLS_SORT,1702287538000,1702287553000,6,443.8,,6374293504.0,,,0.033584913509765627,0.033584913509765627,0.0,350.58,
562,NFCORE_CHIPSEQ:CHIPSEQ:ALIGN_BWA_MEM:BAM_SORT_SAMTOOLS:BAM_STATS_SAMTOOLS:SAMTOOLS_IDXSTATS,1702287553000,1702287554000,2,87.3,,1073741824.0,,,0.0004340283869791667,0.0004340283869791667,0.0,350.58,
567,NFCORE_CHIPSEQ:CHIPSEQ:ALIGN_BWA_MEM:BAM_SORT_SAMTOOLS:BAM_STATS_SAMTOOLS:SAMTOOLS_STATS,1702287512000,1702287553000,2,134.5,,1073741824.0,,,0.0265701569203125,0.0265701569203125,0.0,350.58,
570,NFCORE_CHIPSEQ:CHIPSEQ:ALIGN_BWA_MEM:BAM_SORT_SAMTOOLS:BAM_STATS_SAMTOOLS:SAMTOOLS_IDXSTATS,1702287555000,1702287556000,2,81.5,,1073741824.0,,,0.0004077288005208333,0.0004077288005208333,0.0,350.58,
582,NFCORE_CHIPSEQ:CHIPSEQ:ALIGN_BWA_MEM:BAM_SORT_SAMTOOLS:BAM_STATS_SAMTOOLS:SAMTOOLS_IDXSTATS,1702287556000,1702287556000,2,73.8,,1073741824.0,,,0.0,0.0,0.0,350.58,
585,NFCORE_CHIPSEQ:CHIPSEQ:ALIGN_BWA_MEM:BAM_SORT_SAMTOOLS:BAM_STATS_SAMTOOLS:SAMTOOLS_IDXSTATS,1702287557000,1702287558000,2,90.8,,1073741824.0,,,0.00044989882708333336,0.00044989882708333336,0.0,350.58,
606,NFCORE_CHIPSEQ:CHIPSEQ:ALIGN_BWA_MEM:BAM_SORT_SAMTOOLS:BAM_STATS_SAMTOOLS:SAMTOOLS_IDXSTATS,1702287555000,1702287556000,2,84.8,,1073741824.0,,,0.00042269235833333334,0.00042269235833333334,0.0,350.58,
627,NFCORE_CHIPSEQ:CHIPSEQ:ALIGN_BWA_MEM:BAM_SORT_SAMTOOLS:BAM_STATS_SAMTOOLS:SAMTOOLS_IDXSTATS,1702287557000,1702287557000,2,109.6,,1073741824.0,,,0.0,0.0,0.0,350.58,
648,NFCORE_CHIPSEQ:CHIPSEQ:ALIGN_BWA_MEM:BAM_SORT_SAMTOOLS:BAM_STATS_SAMTOOLS:SAMTOOLS_IDXSTATS,1702287553000,1702287553000,2,58.9,,1073741824.0,,,0.0,0.0,0.0,350.58,
654,NFCORE_CHIPSEQ:CHIPSEQ:ALIGN_BWA_MEM:BAM_SORT_SAMTOOLS:BAM_STATS_SAMTOOLS:SAMTOOLS_IDXSTATS,1702287560000,1702287561000,2,100.8,,1073741824.0,,,0.0004952429416666666,0.0004952429416666666,0.0,350.58,
687,NFCORE_CHIPSEQ:CHIPSEQ:ALIGN_BWA_MEM:BAM_SORT_SAMTOOLS:SAMTOOLS_INDEX,1702287553000,1702287559000,2,175.7,,1073741824.0,,,0.005009222159375,0.005009222159375,0.0,350.58,
699,NFCORE_CHIPSEQ:CHIPSEQ:ALIGN_BWA_MEM:BAM_SORT_SAMTOOLS:BAM_STATS_SAMTOOLS:SAMTOOLS_IDXSTATS,1702287563000,1702287563000,2,67.7,,1073741824.0,,,0.0,0.0,0.0,350.58,
706,NFCORE_CHIPSEQ:CHIPSEQ:ALIGN_BWA_MEM:BAM_SORT_SAMTOOLS:BAM_STATS_SAMTOOLS:SAMTOOLS_IDXSTATS,1702287565000,1702287566000,2,62.0,,1073741824.0,,,0.0003193077770833333,0.0003193077770833333,0.0,350.58,
714,NFCORE_CHIPSEQ:CHIPSEQ:ALIGN_BWA_MEM:BAM_SORT_SAMTOOLS:BAM_STATS_SAMTOOLS:SAMTOOLS_IDXSTATS,1702287565000,1702287566000,2,74.0,,1073741824.0,,,0.00037372071458333334,0.00037372071458333334,0.0,350.58,
718,NFCORE_CHIPSEQ:CHIPSEQ:ALIGN_BWA_MEM:BAM_SORT_SAMTOOLS:SAMTOOLS_INDEX,1702287547000,1702287555000,2,162.6,,1073741824.0,,,0.006203756558333334,0.006203756558333334,0.0,350.58,
720,NFCORE_CHIPSEQ:CHIPSEQ:ALIGN_BWA_MEM:BAM_SORT_SAMTOOLS:SAMTOOLS_INDEX,1702287546000,1702287555000,2,136.5,,1073741824.0,,,0.005914092876562501,0.005914092876562501,0.0,350.58,
721,NFCORE_CHIPSEQ:CHIPSEQ:ALIGN_BWA_MEM:BAM_SORT_SAMTOOLS:SAMTOOLS_INDEX,1702287551000,1702287559000,2,165.4,,1073741824.0,,,0.006305327375,0.006305327375,0.0,350.58,
722,NFCORE_CHIPSEQ:CHIPSEQ:ALIGN_BWA_MEM:BAM_SORT_SAMTOOLS:SAMTOOLS_INDEX,1702287551000,1702287559000,2,167.1,,1073741824.0,,,0.006366995370833332,0.006366995370833332,0.0,350.58,
723,NFCORE_CHIPSEQ:CHIPSEQ:ALIGN_BWA_MEM:BAM_SORT_SAMTOOLS:SAMTOOLS_INDEX,1702287547000,1702287557000,2,142.0,,1073741824.0,,,0.0068206069375,0.0068206069375,0.0,350.58,
739,NFCORE_CHIPSEQ:CHIPSEQ:ALIGN_BWA_MEM:BAM_SORT_SAMTOOLS:SAMTOOLS_INDEX,1702287552000,1702287560000,2,158.5,,1073741824.0,,,0.0060550278624999995,0.0060550278624999995,0.0,350.58,
740,NFCORE_CHIPSEQ:CHIPSEQ:ALIGN_BWA_MEM:BAM_SORT_SAMTOOLS:SAMTOOLS_INDEX,1702287551000,1702287559000,2,159.7,,1073741824.0,,,0.006098558212499999,0.006098558212499999,0.0,350.58,
741,NFCORE_CHIPSEQ:CHIPSEQ:ALIGN_BWA_MEM:BAM_SORT_SAMTOOLS:SAMTOOLS_INDEX,1702287551000,1702287558000,2,158.3,,1073741824.0,,,0.005291801203645834,0.005291801203645834,0.0,350.58,
742,NFCORE_CHIPSEQ:CHIPSEQ:ALIGN_BWA_MEM:BAM_SORT_SAMTOOLS:SAMTOOLS_INDEX,1702287555000,1702287563000,2,155.6,,1073741824.0,,,0.005949829516666666,0.005949829516666666,0.0,350.58,
743,NFCORE_CHIPSEQ:CHIPSEQ:ALIGN_BWA_MEM:BAM_SORT_SAMTOOLS:SAMTOOLS_INDEX,1702287551000,1702287559000,2,159.8,,1073741824.0,,,0.006102185741666667,0.006102185741666667,0.0,350.58,
744,NFCORE_CHIPSEQ:CHIPSEQ:ALIGN_BWA_MEM:BAM_SORT_SAMTOOLS:SAMTOOLS_INDEX,1702287552000,1702287558000,2,167.3,,1073741824.0,,,0.004780687821875001,0.004780687821875001,0.0,350.58,
745,NFCORE_CHIPSEQ:CHIPSEQ:ALIGN_BWA_MEM:BAM_SORT_SAMTOOLS:SAMTOOLS_INDEX,1702287552000,1702287560000,2,158.5,,1073741824.0,,,0.0060550278624999995,0.0060550278624999995,0.0,350.58,
746,NFCORE_CHIPSEQ:CHIPSEQ:ALIGN_BWA_MEM:BAM_SORT_SAMTOOLS:SAMTOOLS_INDEX,1702287552000,1702287560000,2,159.0,,1073741824.0,,,0.006073165508333332,0.006073165508333332,0.0,350.58,
507,NFCORE_CHIPSEQ:CHIPSEQ:ALIGN_BWA_MEM:BAM_SORT_SAMTOOLS:SAMTOOLS_SORT,1702287548000,1702287563000,6,490.7,,6374293504.0,,,0.03677487197070313,0.03677487197070313,0.0,350.58,
519,NFCORE_CHIPSEQ:CHIPSEQ:ALIGN_BWA_MEM:BAM_SORT_SAMTOOLS:SAMTOOLS_SORT,1702287547000,1702287561000,6,500.6,,6374293504.0,,,0.034951683267447915,0.034951683267447915,0.0,350.58,
521,NFCORE_CHIPSEQ:CHIPSEQ:ALIGN_BWA_MEM:BAM_SORT_SAMTOOLS:SAMTOOLS_SORT,1702287548000,1702287563000,6,488.6,,6374293504.0,,,0.036632038009765625,0.036632038009765625,0.0,350.58,
532,NFCORE_CHIPSEQ:CHIPSEQ:ALIGN_BWA_MEM:BAM_SORT_SAMTOOLS:BAM_STATS_SAMTOOLS:SAMTOOLS_FLAGSTAT,1702287552000,1702287563000,2,153.5,,1073741824.0,,,0.008076270680729167,0.008076270680729167,0.0,350.58,
563,NFCORE_CHIPSEQ:CHIPSEQ:ALIGN_BWA_MEM:BAM_SORT_SAMTOOLS:BAM_STATS_SAMTOOLS:SAMTOOLS_FLAGSTAT,1702287556000,1702287568000,2,145.0,,1073741824.0,,,0.008347967137499999,0.008347967137499999,0.0,350.58,
571,NFCORE_CHIPSEQ:CHIPSEQ:ALIGN_BWA_MEM:BAM_SORT_SAMTOOLS:BAM_STATS_SAMTOOLS:SAMTOOLS_FLAGSTAT,1702287555000,1702287566000,2,142.0,,1073741824.0,,,0.00750266763125,0.00750266763125,0.0,350.58,
583,NFCORE_CHIPSEQ:CHIPSEQ:ALIGN_BWA_MEM:BAM_SORT_SAMTOOLS:BAM_STATS_SAMTOOLS:SAMTOOLS_FLAGSTAT,1702287556000,1702287565000,2,159.8,,1073741824.0,,,0.006864958959375,0.006864958959375,0.0,350.58,
586,NFCORE_CHIPSEQ:CHIPSEQ:ALIGN_BWA_MEM:BAM_SORT_SAMTOOLS:BAM_STATS_SAMTOOLS:SAMTOOLS_FLAGSTAT,1702287558000,1702287568000,2,147.0,,1073741824.0,,,0.007047327510416667,0.007047327510416667,0.0,350.58,
600,NFCORE_CHIPSEQ:CHIPSEQ:ALIGN_BWA_MEM:BAM_SORT_SAMTOOLS:BAM_STATS_SAMTOOLS:SAMTOOLS_IDXSTATS,1702287558000,1702287559000,2,98.8,,1073741824.0,,,0.00048617411875,0.00048617411875,0.0,350.58,
601,NFCORE_CHIPSEQ:CHIPSEQ:ALIGN_BWA_MEM:BAM_SORT_SAMTOOLS:BAM_STATS_SAMTOOLS:SAMTOOLS_FLAGSTAT,1702287558000,1702287567000,2,156.1,,1073741824.0,,,0.0067139630578125,0.0067139630578125,0.0,350.58,
602,NFCORE_CHIPSEQ:CHIPSEQ:ALIGN_BWA_MEM:BAM_SORT_SAMTOOLS:BAM_STATS_SAMTOOLS:SAMTOOLS_IDXSTATS,1702287566000,1702287566000,2,104.9,,1073741824.0,,,0.0,0.0,0.0,350.58,
607,NFCORE_CHIPSEQ:CHIPSEQ:ALIGN_BWA_MEM:BAM_SORT_SAMTOOLS:BAM_STATS_SAMTOOLS:SAMTOOLS_FLAGSTAT,1702287554000,1702287565000,2,136.0,,1073741824.0,,,0.007203396475,0.007203396475,0.0,350.58,
610,NFCORE_CHIPSEQ:CHIPSEQ:ALIGN_BWA_MEM:BAM_SORT_SAMTOOLS:BAM_STATS_SAMTOOLS:SAMTOOLS_STATS,1702287517000,1702287559000,2,133.8,,1073741824.0,,,0.02708489783125,0.02708489783125,0.0,350.58,
616,NFCORE_CHIPSEQ:CHIPSEQ:ALIGN_BWA_MEM:BAM_SORT_SAMTOOLS:BAM_STATS_SAMTOOLS:SAMTOOLS_FLAGSTAT,1702287549000,1702287560000,2,140.7,,1073741824.0,,,0.007437825547395831,0.007437825547395831,0.0,350.58,
619,NFCORE_CHIPSEQ:CHIPSEQ:ALIGN_BWA_MEM:BAM_SORT_SAMTOOLS:BAM_STATS_SAMTOOLS:SAMTOOLS_IDXSTATS,1702287562000,1702287563000,2,101.6,,1073741824.0,,,0.0004988704708333334,0.0004988704708333334,0.0,350.58,
621,NFCORE_CHIPSEQ:CHIPSEQ:ALIGN_BWA_MEM:BAM_SORT_SAMTOOLS:BAM_STATS_SAMTOOLS:SAMTOOLS_FLAGSTAT,1702287558000,1702287567000,2,149.6,,1073741824.0,,,0.0064486999875,0.0064486999875,0.0,350.58,
625,NFCORE_CHIPSEQ:CHIPSEQ:ALIGN_BWA_MEM:BAM_SORT_SAMTOOLS:BAM_STATS_SAMTOOLS:SAMTOOLS_FLAGSTAT,1702287558000,1702287568000,2,148.4,,1073741824.0,,,0.007110809270833333,0.007110809270833333,0.0,350.58,
629,NFCORE_CHIPSEQ:CHIPSEQ:ALIGN_BWA_MEM:BAM_SORT_SAMTOOLS:BAM_STATS_SAMTOOLS:SAMTOOLS_IDXSTATS,1702287565000,1702287566000,2,113.3,,1073741824.0,,,0.0005519230848958334,0.0005519230848958334,0.0,350.58,
628,NFCORE_CHIPSEQ:CHIPSEQ:ALIGN_BWA_MEM:BAM_SORT_SAMTOOLS:BAM_STATS_SAMTOOLS:SAMTOOLS_FLAGSTAT,1702287562000,1702287571000,2,155.7,,1073741824.0,,,0.0066976391765625,0.0066976391765625,0.0,350.58,
634,NFCORE_CHIPSEQ:CHIPSEQ:ALIGN_BWA_MEM:BAM_SORT_SAMTOOLS:BAM_STATS_SAMTOOLS:SAMTOOLS_IDXSTATS,1702287561000,1702287562000,2,85.9,,1073741824.0,,,0.00042768021093750005,0.00042768021093750005,0.0,350.58,
636,NFCORE_CHIPSEQ:CHIPSEQ:ALIGN_BWA_MEM:BAM_SORT_SAMTOOLS:BAM_STATS_SAMTOOLS:SAMTOOLS_FLAGSTAT,1702287558000,1702287568000,2,151.4,,1073741824.0,,,0.007246841614583333,0.007246841614583333,0.0,350.58,
639,NFCORE_CHIPSEQ:CHIPSEQ:ALIGN_BWA_MEM:BAM_SORT_SAMTOOLS:BAM_STATS_SAMTOOLS:SAMTOOLS_IDXSTATS,1702287564000,1702287565000,2,102.4,,1073741824.0,,,0.000502498,0.000502498,0.0,350.58,
641,NFCORE_CHIPSEQ:CHIPSEQ:ALIGN_BWA_MEM:BAM_SORT_SAMTOOLS:BAM_STATS_SAMTOOLS:SAMTOOLS_IDXSTATS,1702287563000,1702287563000,2,105.8,,1073741824.0,,,0.0,0.0,0.0,350.58,
640,NFCORE_CHIPSEQ:CHIPSEQ:ALIGN_BWA_MEM:BAM_SORT_SAMTOOLS:BAM_STATS_SAMTOOLS:SAMTOOLS_FLAGSTAT,1702287563000,1702287573000,2,149.9,,1073741824.0,,,0.007178825442708333,0.007178825442708333,0.0,350.58,
647,NFCORE_CHIPSEQ:CHIPSEQ:ALIGN_BWA_MEM:BAM_SORT_SAMTOOLS:BAM_STATS_SAMTOOLS:SAMTOOLS_FLAGSTAT,1702287555000,1702287564000,2,150.8,,1073741824.0,,,0.006497671631250001,0.006497671631250001,0.0,350.58,
650,NFCORE_CHIPSEQ:CHIPSEQ:ALIGN_BWA_MEM:BAM_SORT_SAMTOOLS:BAM_STATS_SAMTOOLS:SAMTOOLS_IDXSTATS,1702287563000,1702287564000,2,74.9,,1073741824.0,,,0.0003778016848958334,0.0003778016848958334,0.0,350.58,
651,NFCORE_CHIPSEQ:CHIPSEQ:ALIGN_BWA_MEM:BAM_SORT_SAMTOOLS:BAM_STATS_SAMTOOLS:SAMTOOLS_FLAGSTAT,1702287563000,1702287572000,2,150.1,,1073741824.0,,,0.0064691048390625,0.0064691048390625,0.0,350.58,
652,NFCORE_CHIPSEQ:CHIPSEQ:ALIGN_BWA_MEM:BAM_SORT_SAMTOOLS:BAM_STATS_SAMTOOLS:SAMTOOLS_FLAGSTAT,1702287555000,1702287565000,2,145.2,,1073741824.0,,,0.006965708104166666,0.006965708104166666,0.0,350.58,
664,NFCORE_CHIPSEQ:CHIPSEQ:ALIGN_BWA_MEM:BAM_SORT_SAMTOOLS:BAM_STATS_SAMTOOLS:SAMTOOLS_IDXSTATS,1702287566000,1702287566000,2,98.5,,1073741824.0,,,0.0,0.0,0.0,350.58,
668,NFCORE_CHIPSEQ:CHIPSEQ:ALIGN_BWA_MEM:BAM_SORT_SAMTOOLS:BAM_STATS_SAMTOOLS:SAMTOOLS_IDXSTATS,1702287570000,1702287571000,2,115.1,,1073741824.0,,,0.0005600850255208333,0.0005600850255208333,0.0,350.58,
671,NFCORE_CHIPSEQ:CHIPSEQ:ALIGN_BWA_MEM:BAM_SORT_SAMTOOLS:BAM_STATS_SAMTOOLS:SAMTOOLS_FLAGSTAT,1702287563000,1702287572000,2,153.8,,1073741824.0,,,0.006620100740625,0.006620100740625,0.0,350.58,
669,NFCORE_CHIPSEQ:CHIPSEQ:ALIGN_BWA_MEM:BAM_SORT_SAMTOOLS:BAM_STATS_SAMTOOLS:SAMTOOLS_IDXSTATS,1702287563000,1702287564000,2,88.4,,1073741824.0,,,0.0004390162395833334,0.0004390162395833334,0.0,350.58,
673,NFCORE_CHIPSEQ:CHIPSEQ:ALIGN_BWA_MEM:BAM_SORT_SAMTOOLS:BAM_STATS_SAMTOOLS:SAMTOOLS_IDXSTATS,1702287568000,1702287569000,2,80.5,,1073741824.0,,,0.0004031943890625,0.0004031943890625,0.0,350.58,
676,NFCORE_CHIPSEQ:CHIPSEQ:ALIGN_BWA_MEM:BAM_SORT_SAMTOOLS:BAM_STATS_SAMTOOLS:SAMTOOLS_IDXSTATS,1702287567000,1702287567000,2,111.3,,1073741824.0,,,0.0,0.0,0.0,350.58,
681,NFCORE_CHIPSEQ:CHIPSEQ:ALIGN_BWA_MEM:BAM_SORT_SAMTOOLS:BAM_STATS_SAMTOOLS:SAMTOOLS_IDXSTATS,1702287569000,1702287570000,2,142.9,,1073741824.0,,,0.0006861416640625,0.0006861416640625,0.0,350.58,
694,NFCORE_CHIPSEQ:CHIPSEQ:ALIGN_BWA_MEM:BAM_SORT_SAMTOOLS:BAM_STATS_SAMTOOLS:SAMTOOLS_IDXSTATS,1702287571000,1702287572000,2,41.2,,1073741824.0,,,0.00022499201875,0.00022499201875,0.0,350.58,
695,NFCORE_CHIPSEQ:CHIPSEQ:ALIGN_BWA_MEM:BAM_SORT_SAMTOOLS:BAM_STATS_SAMTOOLS:SAMTOOLS_IDXSTATS,1702287571000,1702287572000,2,57.7,,1073741824.0,,,0.0002998098078125,0.0002998098078125,0.0,350.58,
698,NFCORE_CHIPSEQ:CHIPSEQ:ALIGN_BWA_MEM:BAM_SORT_SAMTOOLS:BAM_STATS_SAMTOOLS:SAMTOOLS_FLAGSTAT,1702287565000,1702287574000,2,151.9,,1073741824.0,,,0.0065425623046875,0.0065425623046875,0.0,350.58,
702,NFCORE_CHIPSEQ:CHIPSEQ:ALIGN_BWA_MEM:BAM_SORT_SAMTOOLS:BAM_STATS_SAMTOOLS:SAMTOOLS_IDXSTATS,1702287569000,1702287570000,2,56.5,,1073741824.0,,,0.0002943685140625,0.0002943685140625,0.0,350.58,
703,NFCORE_CHIPSEQ:CHIPSEQ:ALIGN_BWA_MEM:BAM_SORT_SAMTOOLS:BAM_STATS_SAMTOOLS:SAMTOOLS_FLAGSTAT,1702287568000,1702287577000,2,150.9,,1073741824.0,,,0.006501752601562501,0.006501752601562501,0.0,350.58,
704,NFCORE_CHIPSEQ:CHIPSEQ:ALIGN_BWA_MEM:BAM_SORT_SAMTOOLS:BAM_STATS_SAMTOOLS:SAMTOOLS_FLAGSTAT,1702287567000,1702287576000,2,148.7,,1073741824.0,,,0.0064119712546875,0.0064119712546875,0.0,350.58,
713,NFCORE_CHIPSEQ:CHIPSEQ:ALIGN_BWA_MEM:BAM_SORT_SAMTOOLS:BAM_STATS_SAMTOOLS:SAMTOOLS_FLAGSTAT,1702287568000,1702287576000,2,148.2,,1073741824.0,,,0.005681392358333333,0.005681392358333333,0.0,350.58,
725,NFCORE_CHIPSEQ:CHIPSEQ:ALIGN_BWA_MEM:BAM_SORT_SAMTOOLS:BAM_STATS_SAMTOOLS:SAMTOOLS_IDXSTATS,1702287577000,1702287577000,2,119.4,,1073741824.0,,,0.0,0.0,0.0,350.58,
726,NFCORE_CHIPSEQ:CHIPSEQ:ALIGN_BWA_MEM:BAM_SORT_SAMTOOLS:BAM_STATS_SAMTOOLS:SAMTOOLS_FLAGSTAT,1702287570000,1702287578000,2,150.4,,1073741824.0,,,0.005761198,0.005761198,0.0,350.58,
731,NFCORE_CHIPSEQ:CHIPSEQ:ALIGN_BWA_MEM:BAM_SORT_SAMTOOLS:BAM_STATS_SAMTOOLS:SAMTOOLS_IDXSTATS,1702287576000,1702287576000,2,77.1,,1073741824.0,,,0.0,0.0,0.0,350.58,
749,NFCORE_CHIPSEQ:CHIPSEQ:ALIGN_BWA_MEM:BAM_SORT_SAMTOOLS:BAM_STATS_SAMTOOLS:SAMTOOLS_IDXSTATS,1702287581000,1702287581000,2,55.7,,1073741824.0,,,0.0,0.0,0.0,350.58,
759,NFCORE_CHIPSEQ:CHIPSEQ:ALIGN_BWA_MEM:BAM_SORT_SAMTOOLS:SAMTOOLS_INDEX,1702287557000,1702287564000,2,164.5,,1073741824.0,,,0.0054885946609375,0.0054885946609375,0.0,350.58,
760,NFCORE_CHIPSEQ:CHIPSEQ:ALIGN_BWA_MEM:BAM_SORT_SAMTOOLS:SAMTOOLS_INDEX,1702287558000,1702287564000,2,173.3,,1073741824.0,,,0.004943926634375001,0.004943926634375001,0.0,350.58,
761,NFCORE_CHIPSEQ:CHIPSEQ:ALIGN_BWA_MEM:BAM_SORT_SAMTOOLS:SAMTOOLS_INDEX,1702287557000,1702287563000,2,167.5,,1073741824.0,,,0.004786129115624999,0.004786129115624999,0.0,350.58,
762,NFCORE_CHIPSEQ:CHIPSEQ:ALIGN_BWA_MEM:BAM_SORT_SAMTOOLS:SAMTOOLS_INDEX,1702287559000,1702287565000,2,159.8,,1073741824.0,,,0.00457663930625,0.00457663930625,0.0,350.58,
763,NFCORE_CHIPSEQ:CHIPSEQ:ALIGN_BWA_MEM:BAM_SORT_SAMTOOLS:SAMTOOLS_INDEX,1702287559000,1702287566000,2,162.7,,1073741824.0,,,0.0054314610765625,0.0054314610765625,0.0,350.58,
764,NFCORE_CHIPSEQ:CHIPSEQ:ALIGN_BWA_MEM:BAM_SORT_SAMTOOLS:SAMTOOLS_INDEX,1702287558000,1702287565000,2,160.2,,1073741824.0,,,0.005352108876041666,0.005352108876041666,0.0,350.58,
765,NFCORE_CHIPSEQ:CHIPSEQ:ALIGN_BWA_MEM:BAM_SORT_SAMTOOLS:SAMTOOLS_INDEX,1702287561000,1702287568000,2,142.9,,1073741824.0,,,0.0048029916484375,0.0048029916484375,0.0,350.58,
766,NFCORE_CHIPSEQ:CHIPSEQ:ALIGN_BWA_MEM:BAM_SORT_SAMTOOLS:SAMTOOLS_INDEX,1702287560000,1702287566000,2,160.5,,1073741824.0,,,0.004595683834375,0.004595683834375,0.0,350.58,
784,NFCORE_CHIPSEQ:CHIPSEQ:ALIGN_BWA_MEM:BAM_SORT_SAMTOOLS:BAM_STATS_SAMTOOLS:SAMTOOLS_IDXSTATS,1702287580000,1702287581000,2,75.7,,1073741824.0,,,0.00038142921406249995,0.00038142921406249995,0.0,350.58,
594,NFCORE_CHIPSEQ:CHIPSEQ:ALIGN_BWA_MEM:BAM_SORT_SAMTOOLS:BAM_STATS_SAMTOOLS:SAMTOOLS_IDXSTATS,1702287573000,1702287574000,2,49.7,,1073741824.0,,,0.0002635345161458333,0.0002635345161458333,0.0,350.58,
595,NFCORE_CHIPSEQ:CHIPSEQ:ALIGN_BWA_MEM:BAM_SORT_SAMTOOLS:BAM_STATS_SAMTOOLS:SAMTOOLS_FLAGSTAT,1702287572000,1702287582000,2,153.7,,1073741824.0,,,0.007351133078125,0.007351133078125,0.0,350.58,
604,NFCORE_CHIPSEQ:CHIPSEQ:ALIGN_BWA_MEM:BAM_SORT_SAMTOOLS:BAM_STATS_SAMTOOLS:SAMTOOLS_FLAGSTAT,1702287567000,1702287577000,2,150.1,,1073741824.0,,,0.0071878942656250005,0.0071878942656250005,0.0,350.58,
617,NFCORE_CHIPSEQ:CHIPSEQ:ALIGN_BWA_MEM:BAM_SORT_SAMTOOLS:BAM_STATS_SAMTOOLS:SAMTOOLS_STATS,1702287549000,1702287587000,2,136.2,,1073741824.0,,,0.02491892207708333,0.02491892207708333,0.0,350.58,
637,NFCORE_CHIPSEQ:CHIPSEQ:ALIGN_BWA_MEM:BAM_SORT_SAMTOOLS:BAM_STATS_SAMTOOLS:SAMTOOLS_FLAGSTAT,1702287566000,1702287576000,2,150.0,,1073741824.0,,,0.007183359854166667,0.007183359854166667,0.0,350.58,
656,NFCORE_CHIPSEQ:CHIPSEQ:ALIGN_BWA_MEM:BAM_SORT_SAMTOOLS:BAM_STATS_SAMTOOLS:SAMTOOLS_IDXSTATS,1702287580000,1702287580000,2,89.5,,1073741824.0,,,0.0,0.0,0.0,350.58,
665,NFCORE_CHIPSEQ:CHIPSEQ:ALIGN_BWA_MEM:BAM_SORT_SAMTOOLS:BAM_STATS_SAMTOOLS:SAMTOOLS_FLAGSTAT,1702287567000,1702287577000,2,146.3,,1073741824.0,,,0.007015586630208333,0.007015586630208333,0.0,350.58,
666,NFCORE_CHIPSEQ:CHIPSEQ:ALIGN_BWA_MEM:BAM_SORT_SAMTOOLS:BAM_STATS_SAMTOOLS:SAMTOOLS_FLAGSTAT,1702287570000,1702287579000,2,149.3,,1073741824.0,,,0.006436457076562501,0.006436457076562501,0.0,350.58,
674,NFCORE_CHIPSEQ:CHIPSEQ:ALIGN_BWA_MEM:BAM_SORT_SAMTOOLS:BAM_STATS_SAMTOOLS:SAMTOOLS_FLAGSTAT,1702287568000,1702287577000,2,148.7,,1073741824.0,,,0.0064119712546875,0.0064119712546875,0.0,350.58,
675,NFCORE_CHIPSEQ:CHIPSEQ:ALIGN_BWA_MEM:BAM_SORT_SAMTOOLS:BAM_STATS_SAMTOOLS:SAMTOOLS_FLAGSTAT,1702287569000,1702287580000,2,140.9,,1073741824.0,,,0.007447801252604167,0.007447801252604167,0.0,350.58,
679,NFCORE_CHIPSEQ:CHIPSEQ:ALIGN_BWA_MEM:BAM_SORT_SAMTOOLS:BAM_STATS_SAMTOOLS:SAMTOOLS_IDXSTATS,1702287580000,1702287580000,2,83.7,,1073741824.0,,,0.0,0.0,0.0,350.58,
680,NFCORE_CHIPSEQ:CHIPSEQ:ALIGN_BWA_MEM:BAM_SORT_SAMTOOLS:BAM_STATS_SAMTOOLS:SAMTOOLS_FLAGSTAT,1702287570000,1702287580000,2,147.2,,1073741824.0,,,0.007056396333333333,0.007056396333333333,0.0,350.58,
682,NFCORE_CHIPSEQ:CHIPSEQ:ALIGN_BWA_MEM:BAM_SORT_SAMTOOLS:BAM_STATS_SAMTOOLS:SAMTOOLS_FLAGSTAT,1702287571000,1702287580000,2,149.9,,1073741824.0,,,0.0064609428984375,0.0064609428984375,0.0,350.58,
693,NFCORE_CHIPSEQ:CHIPSEQ:ALIGN_BWA_MEM:BAM_SORT_SAMTOOLS:BAM_STATS_SAMTOOLS:SAMTOOLS_FLAGSTAT,1702287568000,1702287578000,2,149.7,,1073741824.0,,,0.007169756619791667,0.007169756619791667,0.0,350.58,
697,NFCORE_CHIPSEQ:CHIPSEQ:ALIGN_BWA_MEM:BAM_SORT_SAMTOOLS:BAM_STATS_SAMTOOLS:SAMTOOLS_FLAGSTAT,1702287573000,1702287582000,2,148.5,,1073741824.0,,,0.0064038093140625,0.0064038093140625,0.0,350.58,
707,NFCORE_CHIPSEQ:CHIPSEQ:ALIGN_BWA_MEM:BAM_SORT_SAMTOOLS:BAM_STATS_SAMTOOLS:SAMTOOLS_IDXSTATS,1702287582000,1702287582000,2,85.9,,1073741824.0,,,0.0,0.0,0.0,350.58,
727,NFCORE_CHIPSEQ:CHIPSEQ:ALIGN_BWA_MEM:BAM_SORT_SAMTOOLS:BAM_STATS_SAMTOOLS:SAMTOOLS_IDXSTATS,1702287584000,1702287584000,2,131.1,,1073741824.0,,,0.0,0.0,0.0,350.58,
730,NFCORE_CHIPSEQ:CHIPSEQ:ALIGN_BWA_MEM:BAM_SORT_SAMTOOLS:BAM_STATS_SAMTOOLS:SAMTOOLS_FLAGSTAT,1702287575000,1702287583000,2,150.0,,1073741824.0,,,0.005746687883333333,0.005746687883333333,0.0,350.58,
734,NFCORE_CHIPSEQ:CHIPSEQ:ALIGN_BWA_MEM:BAM_SORT_SAMTOOLS:BAM_STATS_SAMTOOLS:SAMTOOLS_IDXSTATS,1702287583000,1702287583000,2,139.1,,1073741824.0,,,0.0,0.0,0.0,350.58,
736,NFCORE_CHIPSEQ:CHIPSEQ:ALIGN_BWA_MEM:BAM_SORT_SAMTOOLS:BAM_STATS_SAMTOOLS:SAMTOOLS_IDXSTATS,1702287584000,1702287585000,2,136.8,,1073741824.0,,,0.0006584817541666667,0.0006584817541666667,0.0,350.58,
748,NFCORE_CHIPSEQ:CHIPSEQ:ALIGN_BWA_MEM:BAM_SORT_SAMTOOLS:BAM_STATS_SAMTOOLS:SAMTOOLS_FLAGSTAT,1702287577000,1702287586000,2,145.0,,1073741824.0,,,0.006260975353125002,0.006260975353125002,0.0,350.58,
750,NFCORE_CHIPSEQ:CHIPSEQ:ALIGN_BWA_MEM:BAM_SORT_SAMTOOLS:BAM_STATS_SAMTOOLS:SAMTOOLS_IDXSTATS,1702287585000,1702287586000,2,61.0,,1073741824.0,,,0.000314773365625,0.000314773365625,0.0,350.58,
757,NFCORE_CHIPSEQ:CHIPSEQ:ALIGN_BWA_MEM:BAM_SORT_SAMTOOLS:BAM_STATS_SAMTOOLS:SAMTOOLS_IDXSTATS,1702287586000,1702287586000,2,65.8,,1073741824.0,,,0.0,0.0,0.0,350.58,
782,NFCORE_CHIPSEQ:CHIPSEQ:ALIGN_BWA_MEM:BAM_SORT_SAMTOOLS:BAM_STATS_SAMTOOLS:SAMTOOLS_FLAGSTAT,1702287580000,1702287588000,2,152.0,,1073741824.0,,,0.005819238466666666,0.005819238466666666,0.0,350.58,
799,NFCORE_CHIPSEQ:CHIPSEQ:ALIGN_BWA_MEM:BAM_SORT_SAMTOOLS:BAM_STATS_SAMTOOLS:SAMTOOLS_IDXSTATS,1702287589000,1702287589000,2,92.8,,1073741824.0,,,0.0,0.0,0.0,350.58,
805,NFCORE_CHIPSEQ:CHIPSEQ:ALIGN_BWA_MEM:BAM_SORT_SAMTOOLS:BAM_STATS_SAMTOOLS:SAMTOOLS_IDXSTATS,1702287588000,1702287589000,2,111.1,,1073741824.0,,,0.0005419473796875,0.0005419473796875,0.0,350.58,
806,NFCORE_CHIPSEQ:CHIPSEQ:ALIGN_BWA_MEM:BAM_SORT_SAMTOOLS:BAM_STATS_SAMTOOLS:SAMTOOLS_IDXSTATS,1702287591000,1702287591000,2,75.0,,1073741824.0,,,0.0,0.0,0.0,350.58,
809,NFCORE_CHIPSEQ:CHIPSEQ:ALIGN_BWA_MEM:BAM_SORT_SAMTOOLS:SAMTOOLS_INDEX,1702287573000,1702287580000,2,155.3,,1073741824.0,,,0.005196578563020834,0.005196578563020834,0.0,350.58,
810,NFCORE_CHIPSEQ:CHIPSEQ:ALIGN_BWA_MEM:BAM_SORT_SAMTOOLS:SAMTOOLS_INDEX,1702287575000,1702287581000,2,162.6,,1073741824.0,,,0.00465281741875,0.00465281741875,0.0,350.58,
816,NFCORE_CHIPSEQ:CHIPSEQ:PICARD_MERGESAMFILES,1702287582000,1702287585000,3,191.0,,1073741824.0,,,0.002712740565625,0.002712740565625,0.0,350.58,
813,NFCORE_CHIPSEQ:CHIPSEQ:PICARD_MERGESAMFILES,1702287573000,1702287577000,3,162.7,,1073741824.0,,,0.0031036920437499996,0.0031036920437499996,0.0,350.58,
819,NFCORE_CHIPSEQ:CHIPSEQ:PICARD_MERGESAMFILES,1702287586000,1702287589000,3,197.3,,1073741824.0,,,0.0027984409421875005,0.0027984409421875005,0.0,350.58,
823,NFCORE_CHIPSEQ:CHIPSEQ:PICARD_MERGESAMFILES,1702287589000,1702287592000,3,193.3,,1073741824.0,,,0.0027440280046875,0.0027440280046875,0.0,350.58,
812,NFCORE_CHIPSEQ:CHIPSEQ:PICARD_MERGESAMFILES,1702287588000,1702287591000,3,204.3,,1073741824.0,,,0.0028936635828125004,0.0028936635828125004,0.0,350.58,
814,NFCORE_CHIPSEQ:CHIPSEQ:PICARD_MERGESAMFILES,1702287583000,1702287586000,3,195.8,,1073741824.0,,,0.0027780360906250003,0.0027780360906250003,0.0,350.58,
817,NFCORE_CHIPSEQ:CHIPSEQ:PICARD_MERGESAMFILES,1702287580000,1702287583000,3,200.1,,1073741824.0,,,0.0028365299984374997,0.0028365299984374997,0.0,350.58,
811,NFCORE_CHIPSEQ:CHIPSEQ:ALIGN_BWA_MEM:BAM_SORT_SAMTOOLS:SAMTOOLS_INDEX,1702287574000,1702287580000,2,153.2,,1073741824.0,,,0.004397076612499999,0.004397076612499999,0.0,350.58,
821,NFCORE_CHIPSEQ:CHIPSEQ:PICARD_MERGESAMFILES,1702287575000,1702287579000,3,164.9,,1073741824.0,,,0.003143594864583333,0.003143594864583333,0.0,350.58,
815,NFCORE_CHIPSEQ:CHIPSEQ:PICARD_MERGESAMFILES,1702287575000,1702287580000,3,167.8,,1073741824.0,,,0.0039952425468750006,0.0039952425468750006,0.0,350.58,
924,NFCORE_CHIPSEQ:CHIPSEQ:ALIGN_BWA_MEM:BAM_SORT_SAMTOOLS:BAM_STATS_SAMTOOLS:SAMTOOLS_IDXSTATS,1702287595000,1702287596000,2,101.9,,1073741824.0,,,0.0005002307942708334,0.0005002307942708334,0.0,350.58,
530,NFCORE_CHIPSEQ:CHIPSEQ:ALIGN_BWA_MEM:BAM_SORT_SAMTOOLS:BAM_STATS_SAMTOOLS:SAMTOOLS_STATS,1702287552000,1702287594000,2,136.2,,1073741824.0,,,0.027541966506249998,0.027541966506249998,0.0,350.58,
564,NFCORE_CHIPSEQ:CHIPSEQ:ALIGN_BWA_MEM:BAM_SORT_SAMTOOLS:BAM_STATS_SAMTOOLS:SAMTOOLS_STATS,1702287552000,1702287593000,2,135.2,,1073741824.0,,,0.026700294529166665,0.026700294529166665,0.0,350.58,
572,NFCORE_CHIPSEQ:CHIPSEQ:ALIGN_BWA_MEM:BAM_SORT_SAMTOOLS:BAM_STATS_SAMTOOLS:SAMTOOLS_STATS,1702287556000,1702287597000,2,135.6,,1073741824.0,,,0.026774658877083333,0.026774658877083333,0.0,350.58,
584,NFCORE_CHIPSEQ:CHIPSEQ:ALIGN_BWA_MEM:BAM_SORT_SAMTOOLS:BAM_STATS_SAMTOOLS:SAMTOOLS_STATS,1702287552000,1702287594000,2,135.1,,1073741824.0,,,0.027332476696874997,0.027332476696874997,0.0,350.58,
587,NFCORE_CHIPSEQ:CHIPSEQ:ALIGN_BWA_MEM:BAM_SORT_SAMTOOLS:BAM_STATS_SAMTOOLS:SAMTOOLS_STATS,1702287557000,1702287597000,2,135.7,,1073741824.0,,,0.0261397560625,0.0261397560625,0.0,350.58,
599,NFCORE_CHIPSEQ:CHIPSEQ:ALIGN_BWA_MEM:BAM_SORT_SAMTOOLS:BAM_STATS_SAMTOOLS:SAMTOOLS_STATS,1702287556000,1702287597000,2,134.6,,1073741824.0,,,0.026588748007291666,0.026588748007291666,0.0,350.58,
605,NFCORE_CHIPSEQ:CHIPSEQ:ALIGN_BWA_MEM:BAM_SORT_SAMTOOLS:BAM_STATS_SAMTOOLS:SAMTOOLS_STATS,1702287555000,1702287596000,2,135.1,,1073741824.0,,,0.026681703442187496,0.026681703442187496,0.0,350.58,
614,NFCORE_CHIPSEQ:CHIPSEQ:ALIGN_BWA_MEM:BAM_SORT_SAMTOOLS:BAM_STATS_SAMTOOLS:SAMTOOLS_STATS,1702287548000,1702287588000,2,135.6,,1073741824.0,,,0.026121618416666666,0.026121618416666666,0.0,350.58,
620,NFCORE_CHIPSEQ:CHIPSEQ:ALIGN_BWA_MEM:BAM_SORT_SAMTOOLS:BAM_STATS_SAMTOOLS:SAMTOOLS_STATS,1702287558000,1702287597000,2,135.2,,1073741824.0,,,0.0253978411375,0.0253978411375,0.0,350.58,
626,NFCORE_CHIPSEQ:CHIPSEQ:ALIGN_BWA_MEM:BAM_SORT_SAMTOOLS:BAM_STATS_SAMTOOLS:SAMTOOLS_STATS,1702287558000,1702287598000,2,133.9,,1073741824.0,,,0.025813278437500004,0.025813278437500004,0.0,350.58,
630,NFCORE_CHIPSEQ:CHIPSEQ:ALIGN_BWA_MEM:BAM_SORT_SAMTOOLS:BAM_STATS_SAMTOOLS:SAMTOOLS_STATS,1702287559000,1702287599000,2,135.0,,1073741824.0,,,0.026012792541666673,0.026012792541666673,0.0,350.58,
635,NFCORE_CHIPSEQ:CHIPSEQ:ALIGN_BWA_MEM:BAM_SORT_SAMTOOLS:BAM_STATS_SAMTOOLS:SAMTOOLS_STATS,1702287558000,1702287597000,2,135.5,,1073741824.0,,,0.025450893751562502,0.025450893751562502,0.0,350.58,
646,NFCORE_CHIPSEQ:CHIPSEQ:ALIGN_BWA_MEM:BAM_SORT_SAMTOOLS:BAM_STATS_SAMTOOLS:SAMTOOLS_STATS,1702287552000,1702287589000,2,135.9,,1073741824.0,,,0.024212829002604165,0.024212829002604165,0.0,350.58,
653,NFCORE_CHIPSEQ:CHIPSEQ:ALIGN_BWA_MEM:BAM_SORT_SAMTOOLS:BAM_STATS_SAMTOOLS:SAMTOOLS_STATS,1702287555000,1702287592000,2,135.6,,1073741824.0,,,0.024162497035416668,0.024162497035416668,0.0,350.58,
657,NFCORE_CHIPSEQ:CHIPSEQ:ALIGN_BWA_MEM:BAM_SORT_SAMTOOLS:BAM_STATS_SAMTOOLS:SAMTOOLS_FLAGSTAT,1702287581000,1702287589000,2,153.2,,1073741824.0,,,0.005862768816666666,0.005862768816666666,0.0,350.58,
670,NFCORE_CHIPSEQ:CHIPSEQ:ALIGN_BWA_MEM:BAM_SORT_SAMTOOLS:BAM_STATS_SAMTOOLS:SAMTOOLS_STATS,1702287561000,1702287597000,2,135.4,,1073741824.0,,,0.023476808812500003,0.023476808812500003,0.0,350.58,
708,NFCORE_CHIPSEQ:CHIPSEQ:ALIGN_BWA_MEM:BAM_SORT_SAMTOOLS:BAM_STATS_SAMTOOLS:SAMTOOLS_FLAGSTAT,1702287583000,1702287592000,2,148.4,,1073741824.0,,,0.00639972834375,0.00639972834375,0.0,350.58,
728,NFCORE_CHIPSEQ:CHIPSEQ:ALIGN_BWA_MEM:BAM_SORT_SAMTOOLS:BAM_STATS_SAMTOOLS:SAMTOOLS_FLAGSTAT,1702287586000,1702287594000,2,147.0,,1073741824.0,,,0.005637862008333333,0.005637862008333333,0.0,350.58,
735,NFCORE_CHIPSEQ:CHIPSEQ:ALIGN_BWA_MEM:BAM_SORT_SAMTOOLS:BAM_STATS_SAMTOOLS:SAMTOOLS_FLAGSTAT,1702287584000,1702287593000,2,141.5,,1073741824.0,,,0.0061181413921875,0.0061181413921875,0.0,350.58,
737,NFCORE_CHIPSEQ:CHIPSEQ:ALIGN_BWA_MEM:BAM_SORT_SAMTOOLS:BAM_STATS_SAMTOOLS:SAMTOOLS_FLAGSTAT,1702287584000,1702287591000,2,153.0,,1073741824.0,,,0.005123574538541666,0.005123574538541666,0.0,350.58,
752,NFCORE_CHIPSEQ:CHIPSEQ:ALIGN_BWA_MEM:BAM_SORT_SAMTOOLS:BAM_STATS_SAMTOOLS:SAMTOOLS_FLAGSTAT,1702287583000,1702287591000,2,147.2,,1073741824.0,,,0.005645117066666666,0.005645117066666666,0.0,350.58,
758,NFCORE_CHIPSEQ:CHIPSEQ:ALIGN_BWA_MEM:BAM_SORT_SAMTOOLS:BAM_STATS_SAMTOOLS:SAMTOOLS_FLAGSTAT,1702287584000,1702287591000,2,151.1,,1073741824.0,,,0.0050632668661458324,0.0050632668661458324,0.0,350.58,
772,NFCORE_CHIPSEQ:CHIPSEQ:ALIGN_BWA_MEM:BAM_SORT_SAMTOOLS:BAM_STATS_SAMTOOLS:SAMTOOLS_IDXSTATS,1702287600000,1702287600000,2,111.9,,1073741824.0,,,0.0,0.0,0.0,350.58,
778,NFCORE_CHIPSEQ:CHIPSEQ:ALIGN_BWA_MEM:BAM_SORT_SAMTOOLS:BAM_STATS_SAMTOOLS:SAMTOOLS_IDXSTATS,1702287595000,1702287596000,2,86.0,,1073741824.0,,,0.0004281336520833333,0.0004281336520833333,0.0,350.58,
776,NFCORE_CHIPSEQ:CHIPSEQ:ALIGN_BWA_MEM:BAM_SORT_SAMTOOLS:BAM_STATS_SAMTOOLS:SAMTOOLS_FLAGSTAT,1702287589000,1702287597000,2,146.8,,1073741824.0,,,0.00563060695,0.00563060695,0.0,350.58,
786,NFCORE_CHIPSEQ:CHIPSEQ:ALIGN_BWA_MEM:BAM_SORT_SAMTOOLS:BAM_STATS_SAMTOOLS:SAMTOOLS_IDXSTATS,1702287600000,1702287601000,2,67.4,,1073741824.0,,,0.0003437935989583333,0.0003437935989583333,0.0,350.58,
793,NFCORE_CHIPSEQ:CHIPSEQ:ALIGN_BWA_MEM:BAM_SORT_SAMTOOLS:BAM_STATS_SAMTOOLS:SAMTOOLS_IDXSTATS,1702287598000,1702287599000,2,102.4,,1073741824.0,,,0.000502498,0.000502498,0.0,350.58,
794,NFCORE_CHIPSEQ:CHIPSEQ:ALIGN_BWA_MEM:BAM_SORT_SAMTOOLS:BAM_STATS_SAMTOOLS:SAMTOOLS_IDXSTATS,1702287595000,1702287596000,2,150.0,,1073741824.0,,,0.0007183359854166666,0.0007183359854166666,0.0,350.58,
796,NFCORE_CHIPSEQ:CHIPSEQ:ALIGN_BWA_MEM:BAM_SORT_SAMTOOLS:BAM_STATS_SAMTOOLS:SAMTOOLS_FLAGSTAT,1702287587000,1702287595000,2,147.7,,1073741824.0,,,0.0056632547124999995,0.0056632547124999995,0.0,350.58,
798,NFCORE_CHIPSEQ:CHIPSEQ:ALIGN_BWA_MEM:BAM_SORT_SAMTOOLS:BAM_STATS_SAMTOOLS:SAMTOOLS_FLAGSTAT,1702287593000,1702287600000,2,150.5,,1073741824.0,,,0.005044222338020833,0.005044222338020833,0.0,350.58,
804,NFCORE_CHIPSEQ:CHIPSEQ:ALIGN_BWA_MEM:BAM_SORT_SAMTOOLS:BAM_STATS_SAMTOOLS:SAMTOOLS_FLAGSTAT,1702287590000,1702287597000,2,152.0,,1073741824.0,,,0.005091833658333333,0.005091833658333333,0.0,350.58,
807,NFCORE_CHIPSEQ:CHIPSEQ:ALIGN_BWA_MEM:BAM_SORT_SAMTOOLS:BAM_STATS_SAMTOOLS:SAMTOOLS_FLAGSTAT,1702287591000,1702287599000,2,147.1,,1073741824.0,,,0.0056414895375,0.0056414895375,0.0,350.58,
818,NFCORE_CHIPSEQ:CHIPSEQ:PICARD_MERGESAMFILES,1702287598000,1702287601000,3,202.7,,1073741824.0,,,0.0028718984078125,0.0028718984078125,0.0,350.58,
820,NFCORE_CHIPSEQ:CHIPSEQ:PICARD_MERGESAMFILES,1702287594000,1702287597000,3,202.4,,1073741824.0,,,0.0028678174375000006,0.0028678174375000006,0.0,350.58,
822,NFCORE_CHIPSEQ:CHIPSEQ:PICARD_MERGESAMFILES,1702287600000,1702287603000,3,196.1,,1073741824.0,,,0.0027821170609375,0.0027821170609375,0.0,350.58,
825,NFCORE_CHIPSEQ:CHIPSEQ:PICARD_MERGESAMFILES,1702287592000,1702287595000,3,205.2,,1073741824.0,,,0.00290590649375,0.00290590649375,0.0,350.58,
824,NFCORE_CHIPSEQ:CHIPSEQ:PICARD_MERGESAMFILES,1702287595000,1702287599000,3,205.0,,1073741824.0,,,0.0038709144624999997,0.0038709144624999997,0.0,350.58,
925,NFCORE_CHIPSEQ:CHIPSEQ:ALIGN_BWA_MEM:BAM_SORT_SAMTOOLS:BAM_STATS_SAMTOOLS:SAMTOOLS_FLAGSTAT,1702287594000,1702287600000,2,155.4,,1073741824.0,,,0.004456930843750001,0.004456930843750001,0.0,350.58,
944,NFCORE_CHIPSEQ:CHIPSEQ:ALIGN_BWA_MEM:BAM_SORT_SAMTOOLS:BAM_STATS_SAMTOOLS:SAMTOOLS_IDXSTATS,1702287603000,1702287603000,2,85.9,,1073741824.0,,,0.0,0.0,0.0,350.58,
603,NFCORE_CHIPSEQ:CHIPSEQ:ALIGN_BWA_MEM:BAM_SORT_SAMTOOLS:BAM_STATS_SAMTOOLS:SAMTOOLS_STATS,1702287567000,1702287607000,2,134.3,,1073741824.0,,,0.025885829020833338,0.025885829020833338,0.0,350.58,
638,NFCORE_CHIPSEQ:CHIPSEQ:ALIGN_BWA_MEM:BAM_SORT_SAMTOOLS:BAM_STATS_SAMTOOLS:SAMTOOLS_STATS,1702287566000,1702287605000,2,135.5,,1073741824.0,,,0.025450893751562502,0.025450893751562502,0.0,350.58,
642,NFCORE_CHIPSEQ:CHIPSEQ:ALIGN_BWA_MEM:BAM_SORT_SAMTOOLS:BAM_STATS_SAMTOOLS:SAMTOOLS_STATS,1702287563000,1702287601000,2,135.0,,1073741824.0,,,0.024712152914583334,0.024712152914583334,0.0,350.58,
649,NFCORE_CHIPSEQ:CHIPSEQ:ALIGN_BWA_MEM:BAM_SORT_SAMTOOLS:BAM_STATS_SAMTOOLS:SAMTOOLS_STATS,1702287563000,1702287602000,2,133.8,,1073741824.0,,,0.025150262271875005,0.025150262271875005,0.0,350.58,
663,NFCORE_CHIPSEQ:CHIPSEQ:ALIGN_BWA_MEM:BAM_SORT_SAMTOOLS:BAM_STATS_SAMTOOLS:SAMTOOLS_STATS,1702287566000,1702287606000,2,133.8,,1073741824.0,,,0.02579514079166667,0.02579514079166667,0.0,350.58,
667,NFCORE_CHIPSEQ:CHIPSEQ:ALIGN_BWA_MEM:BAM_SORT_SAMTOOLS:BAM_STATS_SAMTOOLS:SAMTOOLS_STATS,1702287570000,1702287607000,2,132.8,,1073741824.0,,,0.02369273200833334,0.02369273200833334,0.0,350.58,
672,NFCORE_CHIPSEQ:CHIPSEQ:ALIGN_BWA_MEM:BAM_SORT_SAMTOOLS:BAM_STATS_SAMTOOLS:SAMTOOLS_STATS,1702287566000,1702287605000,2,134.0,,1073741824.0,,,0.02518563068125,0.02518563068125,0.0,350.58,
677,NFCORE_CHIPSEQ:CHIPSEQ:ALIGN_BWA_MEM:BAM_SORT_SAMTOOLS:BAM_STATS_SAMTOOLS:SAMTOOLS_STATS,1702287569000,1702287606000,2,133.4,,1073741824.0,,,0.02379339594270834,0.02379339594270834,0.0,350.58,
678,NFCORE_CHIPSEQ:CHIPSEQ:ALIGN_BWA_MEM:BAM_SORT_SAMTOOLS:BAM_STATS_SAMTOOLS:SAMTOOLS_STATS,1702287571000,1702287608000,2,133.1,,1073741824.0,,,0.02374306397552083,0.02374306397552083,0.0,350.58,
683,NFCORE_CHIPSEQ:CHIPSEQ:ALIGN_BWA_MEM:BAM_SORT_SAMTOOLS:BAM_STATS_SAMTOOLS:SAMTOOLS_STATS,1702287569000,1702287605000,2,135.6,,1073741824.0,,,0.023509456574999997,0.023509456574999997,0.0,350.58,
692,NFCORE_CHIPSEQ:CHIPSEQ:ALIGN_BWA_MEM:BAM_SORT_SAMTOOLS:BAM_STATS_SAMTOOLS:SAMTOOLS_STATS,1702287569000,1702287605000,2,133.3,,1073741824.0,,,0.023134007306250003,0.023134007306250003,0.0,350.58,
696,NFCORE_CHIPSEQ:CHIPSEQ:ALIGN_BWA_MEM:BAM_SORT_SAMTOOLS:BAM_STATS_SAMTOOLS:SAMTOOLS_STATS,1702287573000,1702287609000,2,133.6,,1073741824.0,,,0.023182978950000002,0.023182978950000002,0.0,350.58,
700,NFCORE_CHIPSEQ:CHIPSEQ:ALIGN_BWA_MEM:BAM_SORT_SAMTOOLS:BAM_STATS_SAMTOOLS:SAMTOOLS_STATS,1702287565000,1702287602000,2,134.7,,1073741824.0,,,0.024011501133854165,0.024011501133854165,0.0,350.58,
701,NFCORE_CHIPSEQ:CHIPSEQ:ALIGN_BWA_MEM:BAM_SORT_SAMTOOLS:BAM_STATS_SAMTOOLS:SAMTOOLS_STATS,1702287568000,1702287603000,2,133.9,,1073741824.0,,,0.0225866186328125,0.0225866186328125,0.0,350.58,
705,NFCORE_CHIPSEQ:CHIPSEQ:ALIGN_BWA_MEM:BAM_SORT_SAMTOOLS:BAM_STATS_SAMTOOLS:SAMTOOLS_STATS,1702287567000,1702287603000,2,133.6,,1073741824.0,,,0.023182978950000002,0.023182978950000002,0.0,350.58,
712,NFCORE_CHIPSEQ:CHIPSEQ:ALIGN_BWA_MEM:BAM_SORT_SAMTOOLS:BAM_STATS_SAMTOOLS:SAMTOOLS_IDXSTATS,1702287602000,1702287602000,2,91.4,,1073741824.0,,,0.0,0.0,0.0,350.58,
715,NFCORE_CHIPSEQ:CHIPSEQ:ALIGN_BWA_MEM:BAM_SORT_SAMTOOLS:BAM_STATS_SAMTOOLS:SAMTOOLS_STATS,1702287566000,1702287601000,2,134.4,,1073741824.0,,,0.022665970833333337,0.022665970833333337,0.0,350.58,
724,NFCORE_CHIPSEQ:CHIPSEQ:ALIGN_BWA_MEM:BAM_SORT_SAMTOOLS:BAM_STATS_SAMTOOLS:SAMTOOLS_STATS,1702287570000,1702287603000,2,134.6,,1073741824.0,,,0.021400699615625,0.021400699615625,0.0,350.58,
732,NFCORE_CHIPSEQ:CHIPSEQ:ALIGN_BWA_MEM:BAM_SORT_SAMTOOLS:BAM_STATS_SAMTOOLS:SAMTOOLS_STATS,1702287572000,1702287607000,2,132.2,,1073741824.0,,,0.022316821151041666,0.022316821151041666,0.0,350.58,
755,NFCORE_CHIPSEQ:CHIPSEQ:ALIGN_BWA_MEM:BAM_SORT_SAMTOOLS:BAM_STATS_SAMTOOLS:SAMTOOLS_IDXSTATS,1702287610000,1702287610000,2,108.1,,1073741824.0,,,0.0,0.0,0.0,350.58,
767,NFCORE_CHIPSEQ:CHIPSEQ:ALIGN_BWA_MEM:BAM_SORT_SAMTOOLS:BAM_STATS_SAMTOOLS:SAMTOOLS_IDXSTATS,1702287609000,1702287609000,2,69.6,,1073741824.0,,,0.0,0.0,0.0,350.58,
771,NFCORE_CHIPSEQ:CHIPSEQ:ALIGN_BWA_MEM:BAM_SORT_SAMTOOLS:BAM_STATS_SAMTOOLS:SAMTOOLS_FLAGSTAT,1702287602000,1702287609000,2,156.0,,1073741824.0,,,0.005218797179166666,0.005218797179166666,0.0,350.58,
775,NFCORE_CHIPSEQ:CHIPSEQ:ALIGN_BWA_MEM:BAM_SORT_SAMTOOLS:BAM_STATS_SAMTOOLS:SAMTOOLS_IDXSTATS,1702287603000,1702287603000,2,103.9,,1073741824.0,,,0.0,0.0,0.0,350.58,
774,NFCORE_CHIPSEQ:CHIPSEQ:ALIGN_BWA_MEM:BAM_SORT_SAMTOOLS:BAM_STATS_SAMTOOLS:SAMTOOLS_FLAGSTAT,1702287595000,1702287602000,2,152.6,,1073741824.0,,,0.005110878186458332,0.005110878186458332,0.0,350.58,
779,NFCORE_CHIPSEQ:CHIPSEQ:ALIGN_BWA_MEM:BAM_SORT_SAMTOOLS:BAM_STATS_SAMTOOLS:SAMTOOLS_IDXSTATS,1702287609000,1702287609000,2,76.2,,1073741824.0,,,0.0,0.0,0.0,350.58,
783,NFCORE_CHIPSEQ:CHIPSEQ:ALIGN_BWA_MEM:BAM_SORT_SAMTOOLS:BAM_STATS_SAMTOOLS:SAMTOOLS_STATS,1702287579000,1702287611000,2,132.8,,1073741824.0,,,0.020491011466666667,0.020491011466666667,0.0,350.58,
787,NFCORE_CHIPSEQ:CHIPSEQ:ALIGN_BWA_MEM:BAM_SORT_SAMTOOLS:BAM_STATS_SAMTOOLS:SAMTOOLS_FLAGSTAT,1702287600000,1702287609000,2,143.4,,1073741824.0,,,0.006195679828125,0.006195679828125,0.0,350.58,
789,NFCORE_CHIPSEQ:CHIPSEQ:ALIGN_BWA_MEM:BAM_SORT_SAMTOOLS:BAM_STATS_SAMTOOLS:SAMTOOLS_IDXSTATS,1702287604000,1702287605000,2,56.9,,1073741824.0,,,0.0002961822786458333,0.0002961822786458333,0.0,350.58,
788,NFCORE_CHIPSEQ:CHIPSEQ:ALIGN_BWA_MEM:BAM_SORT_SAMTOOLS:BAM_STATS_SAMTOOLS:SAMTOOLS_FLAGSTAT,1702287604000,1702287612000,2,148.3,,1073741824.0,,,0.0056850198875,0.0056850198875,0.0,350.58,
791,NFCORE_CHIPSEQ:CHIPSEQ:ALIGN_BWA_MEM:BAM_SORT_SAMTOOLS:BAM_STATS_SAMTOOLS:SAMTOOLS_FLAGSTAT,1702287598000,1702287606000,2,146.8,,1073741824.0,,,0.00563060695,0.00563060695,0.0,350.58,
801,NFCORE_CHIPSEQ:CHIPSEQ:ALIGN_BWA_MEM:BAM_SORT_SAMTOOLS:BAM_STATS_SAMTOOLS:SAMTOOLS_IDXSTATS,1702287606000,1702287607000,2,95.0,,1073741824.0,,,0.0004689433552083334,0.0004689433552083334,0.0,350.58,
827,NFCORE_CHIPSEQ:CHIPSEQ:PICARD_MERGESAMFILES,1702287606000,1702287609000,3,196.9,,1073741824.0,,,0.0027929996484375,0.0027929996484375,0.0,350.58,
828,NFCORE_CHIPSEQ:CHIPSEQ:PICARD_MERGESAMFILES,1702287602000,1702287605000,3,200.4,,1073741824.0,,,0.00284061096875,0.00284061096875,0.0,350.58,
826,NFCORE_CHIPSEQ:CHIPSEQ:PICARD_MERGESAMFILES,1702287609000,1702287612000,3,199.1,,1073741824.0,,,0.0028229267640625,0.0028229267640625,0.0,350.58,
829,NFCORE_CHIPSEQ:CHIPSEQ:PICARD_MERGESAMFILES,1702287610000,1702287613000,3,199.3,,1073741824.0,,,0.0028256474109375,0.0028256474109375,0.0,350.58,
844,NFCORE_CHIPSEQ:CHIPSEQ:PICARD_MERGESAMFILES,1702287604000,1702287607000,3,200.3,,1073741824.0,,,0.0028392506453125,0.0028392506453125,0.0,350.58,
926,NFCORE_CHIPSEQ:CHIPSEQ:ALIGN_BWA_MEM:BAM_SORT_SAMTOOLS:BAM_STATS_SAMTOOLS:SAMTOOLS_IDXSTATS,1702287612000,1702287612000,2,77.4,,1073741824.0,,,0.0,0.0,0.0,350.58,
927,NFCORE_CHIPSEQ:CHIPSEQ:ALIGN_BWA_MEM:BAM_SORT_SAMTOOLS:BAM_STATS_SAMTOOLS:SAMTOOLS_FLAGSTAT,1702287612000,1702287618000,2,150.1,,1073741824.0,,,0.0043127365593750005,0.0043127365593750005,0.0,350.58,
931,NFCORE_CHIPSEQ:CHIPSEQ:ALIGN_BWA_MEM:BAM_SORT_SAMTOOLS:BAM_STATS_SAMTOOLS:SAMTOOLS_IDXSTATS,1702287609000,1702287609000,2,112.3,,1073741824.0,,,0.0,0.0,0.0,350.58,
929,NFCORE_CHIPSEQ:CHIPSEQ:ALIGN_BWA_MEM:BAM_SORT_SAMTOOLS:BAM_STATS_SAMTOOLS:SAMTOOLS_FLAGSTAT,1702287609000,1702287615000,2,150.0,,1073741824.0,,,0.0043100159124999995,0.0043100159124999995,0.0,350.58,
934,NFCORE_CHIPSEQ:CHIPSEQ:ALIGN_BWA_MEM:BAM_SORT_SAMTOOLS:BAM_STATS_SAMTOOLS:SAMTOOLS_IDXSTATS,1702287612000,1702287612000,2,104.6,,1073741824.0,,,0.0,0.0,0.0,350.58,
932,NFCORE_CHIPSEQ:CHIPSEQ:ALIGN_BWA_MEM:BAM_SORT_SAMTOOLS:BAM_STATS_SAMTOOLS:SAMTOOLS_FLAGSTAT,1702287610000,1702287616000,2,147.9,,1073741824.0,,,0.004252882328125,0.004252882328125,0.0,350.58,
936,NFCORE_CHIPSEQ:CHIPSEQ:ALIGN_BWA_MEM:BAM_SORT_SAMTOOLS:BAM_STATS_SAMTOOLS:SAMTOOLS_IDXSTATS,1702287617000,1702287618000,2,83.8,,1073741824.0,,,0.000418157946875,0.000418157946875,0.0,350.58,
940,NFCORE_CHIPSEQ:CHIPSEQ:ALIGN_BWA_MEM:BAM_SORT_SAMTOOLS:BAM_STATS_SAMTOOLS:SAMTOOLS_IDXSTATS,1702287612000,1702287613000,2,93.4,,1073741824.0,,,0.00046168829687500004,0.00046168829687500004,0.0,350.58,
941,NFCORE_CHIPSEQ:CHIPSEQ:ALIGN_BWA_MEM:BAM_SORT_SAMTOOLS:BAM_STATS_SAMTOOLS:SAMTOOLS_IDXSTATS,1702287616000,1702287616000,2,61.9,,1073741824.0,,,0.0,0.0,0.0,350.58,
946,NFCORE_CHIPSEQ:CHIPSEQ:ALIGN_BWA_MEM:BAM_SORT_SAMTOOLS:BAM_STATS_SAMTOOLS:SAMTOOLS_FLAGSTAT,1702287602000,1702287608000,2,143.1,,1073741824.0,,,0.004122291278125,0.004122291278125,0.0,350.58,
955,NFCORE_CHIPSEQ:CHIPSEQ:ALIGN_BWA_MEM:BAM_SORT_SAMTOOLS:BAM_STATS_SAMTOOLS:SAMTOOLS_IDXSTATS,1702287620000,1702287621000,2,93.4,,1073741824.0,,,0.00046168829687500004,0.00046168829687500004,0.0,350.58,
596,NFCORE_CHIPSEQ:CHIPSEQ:ALIGN_BWA_MEM:BAM_SORT_SAMTOOLS:BAM_STATS_SAMTOOLS:SAMTOOLS_STATS,1702287571000,1702287610000,2,133.6,,1073741824.0,,,0.0251148938625,0.0251148938625,0.0,350.58,
655,NFCORE_CHIPSEQ:CHIPSEQ:ALIGN_BWA_MEM:BAM_SORT_SAMTOOLS:BAM_STATS_SAMTOOLS:SAMTOOLS_STATS,1702287580000,1702287615000,2,132.8,,1073741824.0,,,0.022412043791666666,0.022412043791666666,0.0,350.58,
709,NFCORE_CHIPSEQ:CHIPSEQ:ALIGN_BWA_MEM:BAM_SORT_SAMTOOLS:BAM_STATS_SAMTOOLS:SAMTOOLS_STATS,1702287581000,1702287616000,2,132.7,,1073741824.0,,,0.0223961733515625,0.0223961733515625,0.0,350.58,
711,NFCORE_CHIPSEQ:CHIPSEQ:ALIGN_BWA_MEM:BAM_SORT_SAMTOOLS:BAM_STATS_SAMTOOLS:SAMTOOLS_FLAGSTAT,1702287606000,1702287613000,2,155.2,,1073741824.0,,,0.005193404475,0.005193404475,0.0,350.58,
729,NFCORE_CHIPSEQ:CHIPSEQ:ALIGN_BWA_MEM:BAM_SORT_SAMTOOLS:BAM_STATS_SAMTOOLS:SAMTOOLS_STATS,1702287587000,1702287620000,2,133.2,,1073741824.0,,,0.021191209806249996,0.021191209806249996,0.0,350.58,
733,NFCORE_CHIPSEQ:CHIPSEQ:ALIGN_BWA_MEM:BAM_SORT_SAMTOOLS:BAM_STATS_SAMTOOLS:SAMTOOLS_STATS,1702287583000,1702287617000,2,132.3,,1073741824.0,,,0.021694614688541666,0.021694614688541666,0.0,350.58,
738,NFCORE_CHIPSEQ:CHIPSEQ:ALIGN_BWA_MEM:BAM_SORT_SAMTOOLS:BAM_STATS_SAMTOOLS:SAMTOOLS_STATS,1702287581000,1702287614000,2,130.8,,1073741824.0,,,0.02083208441875,0.02083208441875,0.0,350.58,
747,NFCORE_CHIPSEQ:CHIPSEQ:ALIGN_BWA_MEM:BAM_SORT_SAMTOOLS:BAM_STATS_SAMTOOLS:SAMTOOLS_STATS,1702287579000,1702287614000,2,132.9,,1073741824.0,,,0.022427914231770835,0.022427914231770835,0.0,350.58,
751,NFCORE_CHIPSEQ:CHIPSEQ:ALIGN_BWA_MEM:BAM_SORT_SAMTOOLS:BAM_STATS_SAMTOOLS:SAMTOOLS_STATS,1702287584000,1702287619000,2,133.5,,1073741824.0,,,0.022523136872395835,0.022523136872395835,0.0,350.58,
753,NFCORE_CHIPSEQ:CHIPSEQ:ALIGN_BWA_MEM:BAM_SORT_SAMTOOLS:BAM_STATS_SAMTOOLS:SAMTOOLS_FLAGSTAT,1702287610000,1702287617000,2,155.5,,1073741824.0,,,0.005202926739062499,0.005202926739062499,0.0,350.58,
756,NFCORE_CHIPSEQ:CHIPSEQ:ALIGN_BWA_MEM:BAM_SORT_SAMTOOLS:BAM_STATS_SAMTOOLS:SAMTOOLS_STATS,1702287585000,1702287618000,2,131.7,,1073741824.0,,,0.020966756439062498,0.020966756439062498,0.0,350.58,
768,NFCORE_CHIPSEQ:CHIPSEQ:ALIGN_BWA_MEM:BAM_SORT_SAMTOOLS:BAM_STATS_SAMTOOLS:SAMTOOLS_FLAGSTAT,1702287609000,1702287616000,2,152.6,,1073741824.0,,,0.005110878186458332,0.005110878186458332,0.0,350.58,
777,NFCORE_CHIPSEQ:CHIPSEQ:ALIGN_BWA_MEM:BAM_SORT_SAMTOOLS:BAM_STATS_SAMTOOLS:SAMTOOLS_STATS,1702287589000,1702287623000,2,133.0,,1073741824.0,,,0.02180253368125,0.02180253368125,0.0,350.58,
781,NFCORE_CHIPSEQ:CHIPSEQ:ALIGN_BWA_MEM:BAM_SORT_SAMTOOLS:BAM_STATS_SAMTOOLS:SAMTOOLS_FLAGSTAT,1702287605000,1702287612000,2,152.1,,1073741824.0,,,0.005095007746354166,0.005095007746354166,0.0,350.58,
797,NFCORE_CHIPSEQ:CHIPSEQ:ALIGN_BWA_MEM:BAM_SORT_SAMTOOLS:BAM_STATS_SAMTOOLS:SAMTOOLS_STATS,1702287593000,1702287624000,2,132.2,,1073741824.0,,,0.01976632730520833,0.01976632730520833,0.0,350.58,
802,NFCORE_CHIPSEQ:CHIPSEQ:ALIGN_BWA_MEM:BAM_SORT_SAMTOOLS:BAM_STATS_SAMTOOLS:SAMTOOLS_FLAGSTAT,1702287609000,1702287615000,2,155.4,,1073741824.0,,,0.004456930843750001,0.004456930843750001,0.0,350.58,
803,NFCORE_CHIPSEQ:CHIPSEQ:ALIGN_BWA_MEM:BAM_SORT_SAMTOOLS:BAM_STATS_SAMTOOLS:SAMTOOLS_STATS,1702287591000,1702287624000,2,131.3,,1073741824.0,,,0.0209069022078125,0.0209069022078125,0.0,350.58,
808,NFCORE_CHIPSEQ:CHIPSEQ:ALIGN_BWA_MEM:BAM_SORT_SAMTOOLS:BAM_STATS_SAMTOOLS:SAMTOOLS_STATS,1702287592000,1702287621000,2,131.6,,1073741824.0,,,0.018412181622916666,0.018412181622916666,0.0,350.58,
830,NFCORE_CHIPSEQ:CHIPSEQ:PICARD_MERGESAMFILES,1702287615000,1702287618000,3,189.4,,1073741824.0,,,0.002690975390625,0.002690975390625,0.0,350.58,
831,NFCORE_CHIPSEQ:CHIPSEQ:PICARD_MERGESAMFILES,1702287617000,1702287620000,3,188.9,,1073741824.0,,,0.0026841737734375,0.0026841737734375,0.0,350.58,
840,NFCORE_CHIPSEQ:CHIPSEQ:PICARD_MERGESAMFILES,1702287622000,1702287625000,3,197.2,,1073741824.0,,,0.00279708061875,0.00279708061875,0.0,350.58,
832,NFCORE_CHIPSEQ:CHIPSEQ:PICARD_MERGESAMFILES,1702287619000,1702287622000,3,196.3,,1073741824.0,,,0.0027848377078125005,0.0027848377078125005,0.0,350.58,
834,NFCORE_CHIPSEQ:CHIPSEQ:PICARD_MERGESAMFILES,1702287614000,1702287617000,3,199.7,,1073741824.0,,,0.0028310887046875,0.0028310887046875,0.0,350.58,
857,NFCORE_CHIPSEQ:CHIPSEQ:PICARD_MERGESAMFILES,1702287623000,1702287627000,3,213.3,,1073741824.0,,,0.004021456922916666,0.004021456922916666,0.0,350.58,
835,NFCORE_CHIPSEQ:CHIPSEQ:PICARD_MERGESAMFILES,1702287612000,1702287616000,3,198.5,,1073741824.0,,,0.0037530197645833326,0.0037530197645833326,0.0,350.58,
846,NFCORE_CHIPSEQ:CHIPSEQ:PICARD_MERGESAMFILES,1702287625000,1702287628000,3,199.5,,1073741824.0,,,0.0028283680578124995,0.0028283680578124995,0.0,350.58,
837,NFCORE_CHIPSEQ:CHIPSEQ:PICARD_MERGESAMFILES,1702287621000,1702287625000,3,189.0,,1073741824.0,,,0.0035807121291666667,0.0035807121291666667,0.0,350.58,
842,NFCORE_CHIPSEQ:CHIPSEQ:PICARD_MERGESAMFILES,1702287616000,1702287619000,3,208.6,,1073741824.0,,,0.002952157490625,0.002952157490625,0.0,350.58,
836,NFCORE_CHIPSEQ:CHIPSEQ:PICARD_MERGESAMFILES,1702287620000,1702287624000,3,206.7,,1073741824.0,,,0.003901748460416667,0.003901748460416667,0.0,350.58,
917,NFCORE_CHIPSEQ:CHIPSEQ:ALIGN_BWA_MEM:BAM_SORT_SAMTOOLS:BAM_STATS_SAMTOOLS:SAMTOOLS_FLAGSTAT,1702287621000,1702287627000,2,152.2,,1073741824.0,,,0.004369870143749999,0.004369870143749999,0.0,350.58,
919,NFCORE_CHIPSEQ:CHIPSEQ:ALIGN_BWA_MEM:BAM_SORT_SAMTOOLS:BAM_STATS_SAMTOOLS:SAMTOOLS_IDXSTATS,1702287618000,1702287618000,2,98.2,,1073741824.0,,,0.0,0.0,0.0,350.58,
920,NFCORE_CHIPSEQ:CHIPSEQ:ALIGN_BWA_MEM:BAM_SORT_SAMTOOLS:BAM_STATS_SAMTOOLS:SAMTOOLS_FLAGSTAT,1702287621000,1702287626000,2,163.2,,1073741824.0,,,0.0038909510833333334,0.0038909510833333334,0.0,350.58,
921,NFCORE_CHIPSEQ:CHIPSEQ:ALIGN_BWA_MEM:BAM_SORT_SAMTOOLS:BAM_STATS_SAMTOOLS:SAMTOOLS_IDXSTATS,1702287620000,1702287621000,2,100.0,,1073741824.0,,,0.0004916154125,0.0004916154125,0.0,350.58,
923,NFCORE_CHIPSEQ:CHIPSEQ:ALIGN_BWA_MEM:BAM_SORT_SAMTOOLS:BAM_STATS_SAMTOOLS:SAMTOOLS_STATS,1702287594000,1702287620000,2,130.8,,1073741824.0,,,0.016413157420833335,0.016413157420833335,0.0,350.58,
935,NFCORE_CHIPSEQ:CHIPSEQ:ALIGN_BWA_MEM:BAM_SORT_SAMTOOLS:BAM_STATS_SAMTOOLS:SAMTOOLS_FLAGSTAT,1702287618000,1702287624000,2,144.4,,1073741824.0,,,0.0041576596875,0.0041576596875,0.0,350.58,
938,NFCORE_CHIPSEQ:CHIPSEQ:ALIGN_BWA_MEM:BAM_SORT_SAMTOOLS:BAM_STATS_SAMTOOLS:SAMTOOLS_FLAGSTAT,1702287615000,1702287622000,2,143.5,,1073741824.0,,,0.0048220361765625,0.0048220361765625,0.0,350.58,
942,NFCORE_CHIPSEQ:CHIPSEQ:ALIGN_BWA_MEM:BAM_SORT_SAMTOOLS:BAM_STATS_SAMTOOLS:SAMTOOLS_FLAGSTAT,1702287618000,1702287624000,2,151.6,,1073741824.0,,,0.0043535462625,0.0043535462625,0.0,350.58,
945,NFCORE_CHIPSEQ:CHIPSEQ:ALIGN_BWA_MEM:BAM_SORT_SAMTOOLS:BAM_STATS_SAMTOOLS:SAMTOOLS_STATS,1702287604000,1702287629000,2,133.1,,1073741824.0,,,0.016042610794270832,0.016042610794270832,0.0,350.58,
956,NFCORE_CHIPSEQ:CHIPSEQ:ALIGN_BWA_MEM:BAM_SORT_SAMTOOLS:BAM_STATS_SAMTOOLS:SAMTOOLS_FLAGSTAT,1702287619000,1702287625000,2,142.6,,1073741824.0,,,0.004108688043749999,0.004108688043749999,0.0,350.58,
710,NFCORE_CHIPSEQ:CHIPSEQ:ALIGN_BWA_MEM:BAM_SORT_SAMTOOLS:BAM_STATS_SAMTOOLS:SAMTOOLS_STATS,1702287603000,1702287635000,2,133.8,,1073741824.0,,,0.020636112633333335,0.020636112633333335,0.0,350.58,
770,NFCORE_CHIPSEQ:CHIPSEQ:ALIGN_BWA_MEM:BAM_SORT_SAMTOOLS:BAM_STATS_SAMTOOLS:SAMTOOLS_STATS,1702287600000,1702287630000,2,134.1,,1073741824.0,,,0.019387165296874998,0.019387165296874998,0.0,350.58,
773,NFCORE_CHIPSEQ:CHIPSEQ:ALIGN_BWA_MEM:BAM_SORT_SAMTOOLS:BAM_STATS_SAMTOOLS:SAMTOOLS_STATS,1702287601000,1702287632000,2,133.0,,1073741824.0,,,0.019878780709375,0.019878780709375,0.0,350.58,
780,NFCORE_CHIPSEQ:CHIPSEQ:ALIGN_BWA_MEM:BAM_SORT_SAMTOOLS:BAM_STATS_SAMTOOLS:SAMTOOLS_STATS,1702287605000,1702287634000,2,134.5,,1073741824.0,,,0.018793525626562498,0.018793525626562498,0.0,350.58,
785,NFCORE_CHIPSEQ:CHIPSEQ:ALIGN_BWA_MEM:BAM_SORT_SAMTOOLS:BAM_STATS_SAMTOOLS:SAMTOOLS_STATS,1702287600000,1702287632000,2,134.9,,1073741824.0,,,0.020795723916666668,0.020795723916666668,0.0,350.58,
792,NFCORE_CHIPSEQ:CHIPSEQ:ALIGN_BWA_MEM:BAM_SORT_SAMTOOLS:BAM_STATS_SAMTOOLS:SAMTOOLS_STATS,1702287599000,1702287630000,2,133.7,,1073741824.0,,,0.019977177438020834,0.019977177438020834,0.0,350.58,
795,NFCORE_CHIPSEQ:CHIPSEQ:ALIGN_BWA_MEM:BAM_SORT_SAMTOOLS:BAM_STATS_SAMTOOLS:SAMTOOLS_STATS,1702287595000,1702287627000,2,133.2,,1073741824.0,,,0.020549051933333333,0.020549051933333333,0.0,350.58,
800,NFCORE_CHIPSEQ:CHIPSEQ:ALIGN_BWA_MEM:BAM_SORT_SAMTOOLS:BAM_STATS_SAMTOOLS:SAMTOOLS_STATS,1702287607000,1702287630000,2,133.4,,1073741824.0,,,0.01479048936979167,0.01479048936979167,0.0,350.58,
833,NFCORE_CHIPSEQ:CHIPSEQ:PICARD_MERGESAMFILES,1702287626000,1702287629000,3,198.0,,1073741824.0,,,0.0028079632062500003,0.0028079632062500003,0.0,350.58,
838,NFCORE_CHIPSEQ:CHIPSEQ:PICARD_MERGESAMFILES,1702287625000,1702287628000,3,193.6,,1073741824.0,,,0.0027481089750000004,0.0027481089750000004,0.0,350.58,
839,NFCORE_CHIPSEQ:CHIPSEQ:PICARD_MERGESAMFILES,1702287628000,1702287632000,3,204.6,,1073741824.0,,,0.0038636594041666665,0.0038636594041666665,0.0,350.58,
841,NFCORE_CHIPSEQ:CHIPSEQ:PICARD_MERGESAMFILES,1702287626000,1702287629000,3,205.4,,1073741824.0,,,0.0029086271406250004,0.0029086271406250004,0.0,350.58,
869,NFCORE_CHIPSEQ:CHIPSEQ:PICARD_MERGESAMFILES,1702287634000,1702287637000,3,195.0,,1073741824.0,,,0.002767153503125,0.002767153503125,0.0,350.58,
843,NFCORE_CHIPSEQ:CHIPSEQ:PICARD_MERGESAMFILES,1702287625000,1702287628000,3,201.6,,1073741824.0,,,0.0028569348500000003,0.0028569348500000003,0.0,350.58,
847,NFCORE_CHIPSEQ:CHIPSEQ:PICARD_MERGESAMFILES,1702287625000,1702287628000,3,197.3,,1073741824.0,,,0.0027984409421875005,0.0027984409421875005,0.0,350.58,
853,NFCORE_CHIPSEQ:CHIPSEQ:PICARD_MERGESAMFILES,1702287627000,1702287630000,3,199.0,,1073741824.0,,,0.002821566440625,0.002821566440625,0.0,350.58,
860,NFCORE_CHIPSEQ:CHIPSEQ:PICARD_MERGESAMFILES,1702287631000,1702287634000,3,198.8,,1073741824.0,,,0.0028188457937499997,0.0028188457937499997,0.0,350.58,
849,NFCORE_CHIPSEQ:CHIPSEQ:PICARD_MERGESAMFILES,1702287627000,1702287630000,3,196.9,,1073741824.0,,,0.0027929996484375,0.0027929996484375,0.0,350.58,
851,NFCORE_CHIPSEQ:CHIPSEQ:PICARD_MERGESAMFILES,1702287635000,1702287638000,3,205.7,,1073741824.0,,,0.0029127081109375,0.0029127081109375,0.0,350.58,
855,NFCORE_CHIPSEQ:CHIPSEQ:PICARD_MERGESAMFILES,1702287627000,1702287630000,3,202.4,,1073741824.0,,,0.0028678174375000006,0.0028678174375000006,0.0,350.58,
854,NFCORE_CHIPSEQ:CHIPSEQ:PICARD_MERGESAMFILES,1702287630000,1702287634000,3,208.1,,1073741824.0,,,0.003927141164583333,0.003927141164583333,0.0,350.58,
856,NFCORE_CHIPSEQ:CHIPSEQ:PICARD_MERGESAMFILES,1702287628000,1702287632000,3,202.4,,1073741824.0,,,0.0038237565833333337,0.0038237565833333337,0.0,350.58,
858,NFCORE_CHIPSEQ:CHIPSEQ:PICARD_MERGESAMFILES,1702287633000,1702287635000,3,207.8,,1073741824.0,,,0.0019608499354166666,0.0019608499354166666,0.0,350.58,
859,NFCORE_CHIPSEQ:CHIPSEQ:PICARD_MERGESAMFILES,1702287633000,1702287637000,3,201.6,,1073741824.0,,,0.0038092464666666668,0.0038092464666666668,0.0,350.58,
845,NFCORE_CHIPSEQ:CHIPSEQ:PICARD_MERGESAMFILES,1702287626000,1702287629000,3,204.3,,1073741824.0,,,0.0028936635828125004,0.0028936635828125004,0.0,350.58,
848,NFCORE_CHIPSEQ:CHIPSEQ:PICARD_MERGESAMFILES,1702287632000,1702287635000,3,206.3,,1073741824.0,,,0.0029208700515625003,0.0029208700515625003,0.0,350.58,
863,NFCORE_CHIPSEQ:CHIPSEQ:PICARD_MERGESAMFILES,1702287631000,1702287634000,3,197.8,,1073741824.0,,,0.002805242559375,0.002805242559375,0.0,350.58,
866,NFCORE_CHIPSEQ:CHIPSEQ:PICARD_MERGESAMFILES,1702287632000,1702287635000,3,204.3,,1073741824.0,,,0.0028936635828125004,0.0028936635828125004,0.0,350.58,
864,NFCORE_CHIPSEQ:CHIPSEQ:PICARD_MERGESAMFILES,1702287631000,1702287634000,3,195.8,,1073741824.0,,,0.0027780360906250003,0.0027780360906250003,0.0,350.58,
852,NFCORE_CHIPSEQ:CHIPSEQ:PICARD_MERGESAMFILES,1702287627000,1702287630000,3,211.4,,1073741824.0,,,0.002990246546875,0.002990246546875,0.0,350.58,
862,NFCORE_CHIPSEQ:CHIPSEQ:PICARD_MERGESAMFILES,1702287630000,1702287633000,3,202.9,,1073741824.0,,,0.0028746190546875,0.0028746190546875,0.0,350.58,
850,NFCORE_CHIPSEQ:CHIPSEQ:PICARD_MERGESAMFILES,1702287628000,1702287632000,3,202.3,,1073741824.0,,,0.0038219428187500006,0.0038219428187500006,0.0,350.58,
868,NFCORE_CHIPSEQ:CHIPSEQ:PICARD_MERGESAMFILES,1702287637000,1702287640000,3,201.7,,1073741824.0,,,0.0028582951734374995,0.0028582951734374995,0.0,350.58,
870,NFCORE_CHIPSEQ:CHIPSEQ:PICARD_MERGESAMFILES,1702287632000,1702287635000,3,197.2,,1073741824.0,,,0.00279708061875,0.00279708061875,0.0,350.58,
867,NFCORE_CHIPSEQ:CHIPSEQ:PICARD_MERGESAMFILES,1702287632000,1702287636000,3,200.3,,1073741824.0,,,0.003785667527083333,0.003785667527083333,0.0,350.58,
871,NFCORE_CHIPSEQ:CHIPSEQ:PICARD_MERGESAMFILES,1702287635000,1702287638000,3,198.4,,1073741824.0,,,0.0028134045,0.0028134045,0.0,350.58,
861,NFCORE_CHIPSEQ:CHIPSEQ:PICARD_MERGESAMFILES,1702287633000,1702287637000,3,207.2,,1073741824.0,,,0.003910817283333334,0.003910817283333334,0.0,350.58,
865,NFCORE_CHIPSEQ:CHIPSEQ:PICARD_MERGESAMFILES,1702287636000,1702287639000,3,198.7,,1073741824.0,,,0.0028174854703125,0.0028174854703125,0.0,350.58,
872,NFCORE_CHIPSEQ:CHIPSEQ:PICARD_MERGESAMFILES,1702287638000,1702287641000,3,201.1,,1073741824.0,,,0.0028501332328125005,0.0028501332328125005,0.0,350.58,
877,NFCORE_CHIPSEQ:CHIPSEQ:PICARD_MERGESAMFILES,1702287633000,1702287637000,3,211.7,,1073741824.0,,,0.0039924366895833325,0.0039924366895833325,0.0,350.58,
875,NFCORE_CHIPSEQ:CHIPSEQ:PICARD_MERGESAMFILES,1702287637000,1702287640000,3,201.4,,1073741824.0,,,0.0028542142031249998,0.0028542142031249998,0.0,350.58,
876,NFCORE_CHIPSEQ:CHIPSEQ:PICARD_MERGESAMFILES,1702287638000,1702287641000,3,207.2,,1073741824.0,,,0.0029331129625,0.0029331129625,0.0,350.58,
879,NFCORE_CHIPSEQ:CHIPSEQ:PICARD_MERGESAMFILES,1702287635000,1702287639000,3,204.4,,1073741824.0,,,0.003860031875,0.003860031875,0.0,350.58,
880,NFCORE_CHIPSEQ:CHIPSEQ:PICARD_MERGESAMFILES,1702287638000,1702287642000,3,199.9,,1073741824.0,,,0.0037784124687500003,0.0037784124687500003,0.0,350.58,
886,NFCORE_CHIPSEQ:CHIPSEQ:PICARD_MERGESAMFILES,1702287640000,1702287643000,3,213.0,,1073741824.0,,,0.003012011721875,0.003012011721875,0.0,350.58,
874,NFCORE_CHIPSEQ:CHIPSEQ:PICARD_MERGESAMFILES,1702287637000,1702287640000,3,203.3,,1073741824.0,,,0.0028800603484375,0.0028800603484375,0.0,350.58,
889,NFCORE_CHIPSEQ:CHIPSEQ:PICARD_MERGESAMFILES,1702287640000,1702287643000,3,215.1,,1073741824.0,,,0.0030405785140624995,0.0030405785140624995,0.0,350.58,
891,NFCORE_CHIPSEQ:CHIPSEQ:PICARD_MERGESAMFILES,1702287640000,1702287642000,3,212.7,,1073741824.0,,,0.002005287167708333,0.002005287167708333,0.0,350.58,
892,NFCORE_CHIPSEQ:CHIPSEQ:PICARD_MERGESAMFILES,1702287642000,1702287646000,3,194.5,,1073741824.0,,,0.00368046918125,0.00368046918125,0.0,350.58,
893,NFCORE_CHIPSEQ:CHIPSEQ:PICARD_MERGESAMFILES,1702287641000,1702287644000,3,207.7,,1073741824.0,,,0.0029399145796874995,0.0029399145796874995,0.0,350.58,
878,NFCORE_CHIPSEQ:CHIPSEQ:PICARD_MERGESAMFILES,1702287637000,1702287640000,3,197.4,,1073741824.0,,,0.0027998012656250005,0.0027998012656250005,0.0,350.58,
895,NFCORE_CHIPSEQ:CHIPSEQ:PICARD_MERGESAMFILES,1702287638000,1702287641000,3,206.0,,1073741824.0,,,0.00291678908125,0.00291678908125,0.0,350.58,
897,NFCORE_CHIPSEQ:CHIPSEQ:PICARD_MERGESAMFILES,1702287639000,1702287642000,3,208.6,,1073741824.0,,,0.002952157490625,0.002952157490625,0.0,350.58,
896,NFCORE_CHIPSEQ:CHIPSEQ:PICARD_MERGESAMFILES,1702287643000,1702287646000,3,205.3,,1073741824.0,,,0.0029072668171874995,0.0029072668171874995,0.0,350.58,
882,NFCORE_CHIPSEQ:CHIPSEQ:PICARD_MERGESAMFILES,1702287637000,1702287640000,3,194.2,,1073741824.0,,,0.002756270915625,0.002756270915625,0.0,350.58,
883,NFCORE_CHIPSEQ:CHIPSEQ:PICARD_MERGESAMFILES,1702287639000,1702287642000,3,214.4,,1073741824.0,,,0.00303105625,0.00303105625,0.0,350.58,
899,NFCORE_CHIPSEQ:CHIPSEQ:PICARD_MERGESAMFILES,1702287642000,1702287645000,3,191.3,,1073741824.0,,,0.0027168215359375004,0.0027168215359375004,0.0,350.58,
902,NFCORE_CHIPSEQ:CHIPSEQ:PICARD_MERGESAMFILES,1702287643000,1702287646000,3,192.9,,1073741824.0,,,0.0027385867109375,0.0027385867109375,0.0,350.58,
901,NFCORE_CHIPSEQ:CHIPSEQ:PICARD_MERGESAMFILES,1702287642000,1702287645000,3,199.2,,1073741824.0,,,0.0028242870875000003,0.0028242870875000003,0.0,350.58,
898,NFCORE_CHIPSEQ:CHIPSEQ:PICARD_MERGESAMFILES,1702287640000,1702287643000,3,203.5,,1073741824.0,,,0.0028827809953125,0.0028827809953125,0.0,350.58,
885,NFCORE_CHIPSEQ:CHIPSEQ:PICARD_MERGESAMFILES,1702287644000,1702287647000,3,198.9,,1073741824.0,,,0.0028202061171874997,0.0028202061171874997,0.0,350.58,
887,NFCORE_CHIPSEQ:CHIPSEQ:PICARD_MERGESAMFILES,1702287637000,1702287640000,3,199.8,,1073741824.0,,,0.0028324490281250005,0.0028324490281250005,0.0,350.58,
884,NFCORE_CHIPSEQ:CHIPSEQ:PICARD_MERGESAMFILES,1702287637000,1702287641000,3,197.7,,1073741824.0,,,0.0037385096479166666,0.0037385096479166666,0.0,350.58,
903,NFCORE_CHIPSEQ:CHIPSEQ:PICARD_MERGESAMFILES,1702287645000,1702287648000,3,209.6,,1073741824.0,,,0.0029657607249999997,0.0029657607249999997,0.0,350.58,
905,NFCORE_CHIPSEQ:CHIPSEQ:PICARD_MERGESAMFILES,1702287643000,1702287646000,3,203.5,,1073741824.0,,,0.0028827809953125,0.0028827809953125,0.0,350.58,
907,NFCORE_CHIPSEQ:CHIPSEQ:PICARD_MERGESAMFILES,1702287646000,1702287649000,3,209.1,,1073741824.0,,,0.0029589591078124995,0.0029589591078124995,0.0,350.58,
906,NFCORE_CHIPSEQ:CHIPSEQ:PICARD_MERGESAMFILES,1702287645000,1702287648000,3,203.6,,1073741824.0,,,0.0028841413187499997,0.0028841413187499997,0.0,350.58,
904,NFCORE_CHIPSEQ:CHIPSEQ:PICARD_MERGESAMFILES,1702287643000,1702287646000,3,198.2,,1073741824.0,,,0.002810683853125,0.002810683853125,0.0,350.58,
888,NFCORE_CHIPSEQ:CHIPSEQ:PICARD_MERGESAMFILES,1702287638000,1702287641000,3,192.2,,1073741824.0,,,0.0027290644468749995,0.0027290644468749995,0.0,350.58,
908,NFCORE_CHIPSEQ:CHIPSEQ:PICARD_MERGESAMFILES,1702287644000,1702287647000,3,208.8,,1073741824.0,,,0.0029548781375000003,0.0029548781375000003,0.0,350.58,
910,NFCORE_CHIPSEQ:CHIPSEQ:PICARD_MERGESAMFILES,1702287642000,1702287646000,3,201.8,,1073741824.0,,,0.003812873995833333,0.003812873995833333,0.0,350.58,
911,NFCORE_CHIPSEQ:CHIPSEQ:PICARD_MERGESAMFILES,1702287645000,1702287648000,3,207.1,,1073741824.0,,,0.0029317526390625,0.0029317526390625,0.0,350.58,
912,NFCORE_CHIPSEQ:CHIPSEQ:PICARD_MERGESAMFILES,1702287643000,1702287646000,3,196.9,,1073741824.0,,,0.0027929996484375,0.0027929996484375,0.0,350.58,
909,NFCORE_CHIPSEQ:CHIPSEQ:PICARD_MERGESAMFILES,1702287646000,1702287649000,3,208.9,,1073741824.0,,,0.0029562384609375003,0.0029562384609375003,0.0,350.58,
915,NFCORE_CHIPSEQ:CHIPSEQ:PICARD_MERGESAMFILES,1702287644000,1702287647000,3,201.7,,1073741824.0,,,0.0028582951734374995,0.0028582951734374995,0.0,350.58,
916,NFCORE_CHIPSEQ:CHIPSEQ:PICARD_MERGESAMFILES,1702287649000,1702287653000,3,207.0,,1073741824.0,,,0.003907189754166667,0.003907189754166667,0.0,350.58,
913,NFCORE_CHIPSEQ:CHIPSEQ:PICARD_MERGESAMFILES,1702287645000,1702287648000,3,209.1,,1073741824.0,,,0.0029589591078124995,0.0029589591078124995,0.0,350.58,
918,NFCORE_CHIPSEQ:CHIPSEQ:ALIGN_BWA_MEM:BAM_SORT_SAMTOOLS:BAM_STATS_SAMTOOLS:SAMTOOLS_STATS,1702287620000,1702287646000,2,133.8,,1073741824.0,,,0.016766841514583335,0.016766841514583335,0.0,350.58,
922,NFCORE_CHIPSEQ:CHIPSEQ:ALIGN_BWA_MEM:BAM_SORT_SAMTOOLS:BAM_STATS_SAMTOOLS:SAMTOOLS_STATS,1702287619000,1702287642000,2,133.1,,1073741824.0,,,0.014759201930729167,0.014759201930729167,0.0,350.58,
928,NFCORE_CHIPSEQ:CHIPSEQ:ALIGN_BWA_MEM:BAM_SORT_SAMTOOLS:BAM_STATS_SAMTOOLS:SAMTOOLS_STATS,1702287613000,1702287638000,2,134.3,,1073741824.0,,,0.016178643138020834,0.016178643138020834,0.0,350.58,
930,NFCORE_CHIPSEQ:CHIPSEQ:ALIGN_BWA_MEM:BAM_SORT_SAMTOOLS:BAM_STATS_SAMTOOLS:SAMTOOLS_STATS,1702287609000,1702287635000,2,134.5,,1073741824.0,,,0.016849367803125,0.016849367803125,0.0,350.58,
933,NFCORE_CHIPSEQ:CHIPSEQ:ALIGN_BWA_MEM:BAM_SORT_SAMTOOLS:BAM_STATS_SAMTOOLS:SAMTOOLS_STATS,1702287612000,1702287639000,2,134.0,,1073741824.0,,,0.01743620585625,0.01743620585625,0.0,350.58,
937,NFCORE_CHIPSEQ:CHIPSEQ:ALIGN_BWA_MEM:BAM_SORT_SAMTOOLS:BAM_STATS_SAMTOOLS:SAMTOOLS_STATS,1702287616000,1702287640000,2,136.7,,1073741824.0,,,0.015792679512499998,0.015792679512499998,0.0,350.58,
939,NFCORE_CHIPSEQ:CHIPSEQ:ALIGN_BWA_MEM:BAM_SORT_SAMTOOLS:BAM_STATS_SAMTOOLS:SAMTOOLS_STATS,1702287613000,1702287639000,2,135.5,,1073741824.0,,,0.016967262501041663,0.016967262501041663,0.0,350.58,
943,NFCORE_CHIPSEQ:CHIPSEQ:ALIGN_BWA_MEM:BAM_SORT_SAMTOOLS:BAM_STATS_SAMTOOLS:SAMTOOLS_STATS,1702287615000,1702287638000,2,135.5,,1073741824.0,,,0.015009501443229168,0.015009501443229168,0.0,350.58,
954,NFCORE_CHIPSEQ:CHIPSEQ:ALIGN_BWA_MEM:BAM_SORT_SAMTOOLS:BAM_STATS_SAMTOOLS:SAMTOOLS_STATS,1702287619000,1702287642000,2,135.3,,1073741824.0,,,0.014988643150520833,0.014988643150520833,0.0,350.58,
754,NFCORE_CHIPSEQ:CHIPSEQ:ALIGN_BWA_MEM:BAM_SORT_SAMTOOLS:BAM_STATS_SAMTOOLS:SAMTOOLS_STATS,1702287611000,1702287640000,2,134.6,,1073741824.0,,,0.018806675419791665,0.018806675419791665,0.0,350.58,
769,NFCORE_CHIPSEQ:CHIPSEQ:ALIGN_BWA_MEM:BAM_SORT_SAMTOOLS:BAM_STATS_SAMTOOLS:SAMTOOLS_STATS,1702287612000,1702287642000,2,133.4,,1073741824.0,,,0.01929194265625,0.01929194265625,0.0,350.58,
790,NFCORE_CHIPSEQ:CHIPSEQ:ALIGN_BWA_MEM:BAM_SORT_SAMTOOLS:BAM_STATS_SAMTOOLS:SAMTOOLS_STATS,1702287608000,1702287639000,2,132.9,,1073741824.0,,,0.019864724033854166,0.019864724033854166,0.0,350.58,
873,NFCORE_CHIPSEQ:CHIPSEQ:PICARD_MERGESAMFILES,1702287643000,1702287646000,3,204.8,,1073741824.0,,,0.0029004651999999997,0.0029004651999999997,0.0,350.58,
900,NFCORE_CHIPSEQ:CHIPSEQ:PICARD_MERGESAMFILES,1702287642000,1702287645000,3,182.5,,1073741824.0,,,0.0025971130734375003,0.0025971130734375003,0.0,350.58,
881,NFCORE_CHIPSEQ:CHIPSEQ:PICARD_MERGESAMFILES,1702287644000,1702287648000,3,204.8,,1073741824.0,,,0.003867286933333333,0.003867286933333333,0.0,350.58,
890,NFCORE_CHIPSEQ:CHIPSEQ:PICARD_MERGESAMFILES,1702287646000,1702287649000,3,198.3,,1073741824.0,,,0.0028120441765625004,0.0028120441765625004,0.0,350.58,
894,NFCORE_CHIPSEQ:CHIPSEQ:PICARD_MERGESAMFILES,1702287644000,1702287647000,3,212.7,,1073741824.0,,,0.0030079307515625,0.0030079307515625,0.0,350.58,
914,NFCORE_CHIPSEQ:CHIPSEQ:PICARD_MERGESAMFILES,1702287649000,1702287653000,3,208.2,,1073741824.0,,,0.0039289549291666665,0.0039289549291666665,0.0,350.58,
1015,NFCORE_CHIPSEQ:CHIPSEQ:MARK_DUPLICATES_PICARD:PICARD_MARKDUPLICATES,1702287656000,1702287902000,2,106.4,,21180186624.0,,,0.3039259045976563,0.3039259045976563,0.0,350.58,
1055,NFCORE_CHIPSEQ:CHIPSEQ:MARK_DUPLICATES_PICARD:SAMTOOLS_INDEX,1702287910000,1702287922000,2,173.7,,1073741824.0,,,0.009909618443749999,0.009909618443749999,0.0,350.58,
1005,NFCORE_CHIPSEQ:CHIPSEQ:MARK_DUPLICATES_PICARD:PICARD_MARKDUPLICATES,1702287648000,1702287927000,2,105.6,,21180186624.0,,,0.34368437213789066,0.34368437213789066,0.0,350.58,
1057,NFCORE_CHIPSEQ:CHIPSEQ:MARK_DUPLICATES_PICARD:BAM_STATS_SAMTOOLS:SAMTOOLS_IDXSTATS,1702287930000,1702287931000,2,7.1,,1073741824.0,,,7.036858802083333e-05,7.036858802083333e-05,0.0,350.58,
1004,NFCORE_CHIPSEQ:CHIPSEQ:MARK_DUPLICATES_PICARD:PICARD_MARKDUPLICATES,1702287649000,1702287931000,2,106.0,,21180186624.0,,,0.3478913846335938,0.3478913846335938,0.0,350.58,
1060,NFCORE_CHIPSEQ:CHIPSEQ:MARK_DUPLICATES_PICARD:BAM_STATS_SAMTOOLS:SAMTOOLS_FLAGSTAT,1702287925000,1702287935000,2,156.6,,1073741824.0,,,0.007482631010416667,0.007482631010416667,0.0,350.58,
974,NFCORE_CHIPSEQ:CHIPSEQ:MARK_DUPLICATES_PICARD:PICARD_MARKDUPLICATES,1702287633000,1702287935000,2,106.2,,21180186624.0,,,0.3728384109320313,0.3728384109320313,0.0,350.58,
990,NFCORE_CHIPSEQ:CHIPSEQ:MARK_DUPLICATES_PICARD:PICARD_MARKDUPLICATES,1702287643000,1702287935000,2,106.5,,21180186624.0,,,0.36088998262968747,0.36088998262968747,0.0,350.58,
1061,NFCORE_CHIPSEQ:CHIPSEQ:MARK_DUPLICATES_PICARD:SAMTOOLS_INDEX,1702287932000,1702287943000,2,164.5,,1073741824.0,,,0.008624934467187498,0.008624934467187498,0.0,350.58,
995,NFCORE_CHIPSEQ:CHIPSEQ:MARK_DUPLICATES_PICARD:PICARD_MARKDUPLICATES,1702287647000,1702287944000,2,106.2,,21180186624.0,,,0.36666558955898443,0.36666558955898443,0.0,350.58,
1064,NFCORE_CHIPSEQ:CHIPSEQ:MARK_DUPLICATES_PICARD:SAMTOOLS_INDEX,1702287936000,1702287948000,2,170.0,,1073741824.0,,,0.009708290575,0.009708290575,0.0,350.58,
1071,NFCORE_CHIPSEQ:CHIPSEQ:MARK_DUPLICATES_PICARD:BAM_STATS_SAMTOOLS:SAMTOOLS_IDXSTATS,1702287947000,1702287948000,2,16.0,,1073741824.0,,,0.00011072484999999998,0.00011072484999999998,0.0,350.58,
962,NFCORE_CHIPSEQ:CHIPSEQ:MARK_DUPLICATES_PICARD:PICARD_MARKDUPLICATES,1702287606000,1702287953000,2,105.8,,21180186624.0,,,0.4277644269790364,0.4277644269790364,0.0,350.58,
977,NFCORE_CHIPSEQ:CHIPSEQ:MARK_DUPLICATES_PICARD:PICARD_MARKDUPLICATES,1702287631000,1702287957000,2,106.3,,21180186624.0,,,0.40261577533619797,0.40261577533619797,0.0,350.58,
982,NFCORE_CHIPSEQ:CHIPSEQ:MARK_DUPLICATES_PICARD:PICARD_MARKDUPLICATES,1702287642000,1702287948000,2,106.0,,21180186624.0,,,0.3774991620492188,0.3774991620492188,0.0,350.58,
989,NFCORE_CHIPSEQ:CHIPSEQ:MARK_DUPLICATES_PICARD:PICARD_MARKDUPLICATES,1702287642000,1702287948000,2,106.0,,21180186624.0,,,0.3774991620492188,0.3774991620492188,0.0,350.58,
1070,NFCORE_CHIPSEQ:CHIPSEQ:MARK_DUPLICATES_PICARD:BAM_STATS_SAMTOOLS:SAMTOOLS_FLAGSTAT,1702287947000,1702287957000,2,154.1,,1073741824.0,,,0.007369270723958333,0.007369270723958333,0.0,350.58,
1077,NFCORE_CHIPSEQ:CHIPSEQ:MARK_DUPLICATES_PICARD:BAM_STATS_SAMTOOLS:SAMTOOLS_IDXSTATS,1702287957000,1702287958000,2,16.9,,1073741824.0,,,0.00011480582031249998,0.00011480582031249998,0.0,350.58,
957,NFCORE_CHIPSEQ:CHIPSEQ:MARK_DUPLICATES_PICARD:PICARD_MARKDUPLICATES,1702287600000,1702287961000,2,105.9,,21180186624.0,,,0.44518662637304685,0.44518662637304685,0.0,350.58,
961,NFCORE_CHIPSEQ:CHIPSEQ:MARK_DUPLICATES_PICARD:PICARD_MARKDUPLICATES,1702287606000,1702287961000,2,106.0,,21180186624.0,,,0.4379483742727865,0.4379483742727865,0.0,350.58,
965,NFCORE_CHIPSEQ:CHIPSEQ:MARK_DUPLICATES_PICARD:PICARD_MARKDUPLICATES,1702287616000,1702287957000,2,105.2,,21180186624.0,,,0.4194401833345053,0.4194401833345053,0.0,350.58,
1066,NFCORE_CHIPSEQ:CHIPSEQ:MARK_DUPLICATES_PICARD:SAMTOOLS_INDEX,1702287952000,1702287962000,2,161.8,,1073741824.0,,,0.007718420406250002,0.007718420406250002,0.0,350.58,
1068,NFCORE_CHIPSEQ:CHIPSEQ:MARK_DUPLICATES_PICARD:SAMTOOLS_INDEX,1702287952000,1702287962000,2,167.1,,1073741824.0,,,0.007958744213541665,0.007958744213541665,0.0,350.58,
1073,NFCORE_CHIPSEQ:CHIPSEQ:MARK_DUPLICATES_PICARD:SAMTOOLS_INDEX,1702287950000,1702287961000,2,165.3,,1073741824.0,,,0.008664837288020834,0.008664837288020834,0.0,350.58,
950,NFCORE_CHIPSEQ:CHIPSEQ:MARK_DUPLICATES_PICARD:PICARD_MARKDUPLICATES,1702287597000,1702287966000,2,105.4,,21180186624.0,,,0.4542156590683593,0.4542156590683593,0.0,350.58,
959,NFCORE_CHIPSEQ:CHIPSEQ:MARK_DUPLICATES_PICARD:PICARD_MARKDUPLICATES,1702287605000,1702287963000,2,105.7,,21180186624.0,,,0.44116235065911463,0.44116235065911463,0.0,350.58,
960,NFCORE_CHIPSEQ:CHIPSEQ:MARK_DUPLICATES_PICARD:PICARD_MARKDUPLICATES,1702287606000,1702287963000,2,106.0,,21180186624.0,,,0.4404156890574219,0.4404156890574219,0.0,350.58,
963,NFCORE_CHIPSEQ:CHIPSEQ:MARK_DUPLICATES_PICARD:PICARD_MARKDUPLICATES,1702287608000,1702287966000,2,105.3,,21180186624.0,,,0.4405130229382812,0.4405130229382812,0.0,350.58,
1058,NFCORE_CHIPSEQ:CHIPSEQ:MARK_DUPLICATES_PICARD:BAM_STATS_SAMTOOLS:SAMTOOLS_STATS,1702287930000,1702287965000,2,135.8,,1073741824.0,,,0.022888156994791665,0.022888156994791665,0.0,350.58,
1076,NFCORE_CHIPSEQ:CHIPSEQ:MARK_DUPLICATES_PICARD:BAM_STATS_SAMTOOLS:SAMTOOLS_FLAGSTAT,1702287956000,1702287966000,2,148.0,,1073741824.0,,,0.0070926716250000015,0.0070926716250000015,0.0,350.58,
1101,NFCORE_CHIPSEQ:CHIPSEQ:MARK_DUPLICATES_PICARD:BAM_STATS_SAMTOOLS:SAMTOOLS_IDXSTATS,1702287967000,1702287967000,2,67.4,,1073741824.0,,,0.0,0.0,0.0,350.58,
949,NFCORE_CHIPSEQ:CHIPSEQ:MARK_DUPLICATES_PICARD:PICARD_MARKDUPLICATES,1702287600000,1702287969000,2,105.7,,21180186624.0,,,0.45471761841679686,0.45471761841679686,0.0,350.58,
953,NFCORE_CHIPSEQ:CHIPSEQ:MARK_DUPLICATES_PICARD:PICARD_MARKDUPLICATES,1702287600000,1702287970000,2,105.6,,21180186624.0,,,0.4557821422617187,0.4557821422617187,0.0,350.58,
1079,NFCORE_CHIPSEQ:CHIPSEQ:MARK_DUPLICATES_PICARD:SAMTOOLS_INDEX,1702287959000,1702287974000,2,150.5,,1073741824.0,,,0.010809047867187501,0.010809047867187501,0.0,350.58,
1082,NFCORE_CHIPSEQ:CHIPSEQ:MARK_DUPLICATES_PICARD:SAMTOOLS_INDEX,1702287959000,1702287970000,2,164.1,,1073741824.0,,,0.008604983056770831,0.008604983056770831,0.0,350.58,
1083,NFCORE_CHIPSEQ:CHIPSEQ:MARK_DUPLICATES_PICARD:SAMTOOLS_INDEX,1702287959000,1702287971000,2,155.4,,1073741824.0,,,0.008913861687500002,0.008913861687500002,0.0,350.58,
1085,NFCORE_CHIPSEQ:CHIPSEQ:MARK_DUPLICATES_PICARD:SAMTOOLS_INDEX,1702287960000,1702287971000,2,158.6,,1073741824.0,,,0.008330651163541668,0.008330651163541668,0.0,350.58,
1096,NFCORE_CHIPSEQ:CHIPSEQ:MARK_DUPLICATES_PICARD:BAM_STATS_SAMTOOLS:SAMTOOLS_IDXSTATS,1702287973000,1702287974000,2,84.2,,1073741824.0,,,0.0004199717114583334,0.0004199717114583334,0.0,350.58,
1100,NFCORE_CHIPSEQ:CHIPSEQ:MARK_DUPLICATES_PICARD:BAM_STATS_SAMTOOLS:SAMTOOLS_IDXSTATS,1702287973000,1702287974000,2,111.9,,1073741824.0,,,0.0005455749088541667,0.0005455749088541667,0.0,350.58,
952,NFCORE_CHIPSEQ:CHIPSEQ:MARK_DUPLICATES_PICARD:PICARD_MARKDUPLICATES,1702287598000,1702287972000,2,105.4,,21180186624.0,,,0.460370342795573,0.460370342795573,0.0,350.58,
958,NFCORE_CHIPSEQ:CHIPSEQ:MARK_DUPLICATES_PICARD:PICARD_MARKDUPLICATES,1702287599000,1702287975000,2,105.5,,21180186624.0,,,0.46300271015729166,0.46300271015729166,0.0,350.58,
1088,NFCORE_CHIPSEQ:CHIPSEQ:MARK_DUPLICATES_PICARD:SAMTOOLS_INDEX,1702287963000,1702287976000,2,158.2,,1073741824.0,,,0.009821736071874998,0.009821736071874998,0.0,350.58,
1089,NFCORE_CHIPSEQ:CHIPSEQ:MARK_DUPLICATES_PICARD:SAMTOOLS_INDEX,1702287964000,1702287976000,2,160.6,,1073741824.0,,,0.009196808962499999,0.009196808962499999,0.0,350.58,
1091,NFCORE_CHIPSEQ:CHIPSEQ:MARK_DUPLICATES_PICARD:SAMTOOLS_INDEX,1702287964000,1702287977000,2,145.3,,1073741824.0,,,0.0090613152703125,0.0090613152703125,0.0,350.58,
1095,NFCORE_CHIPSEQ:CHIPSEQ:MARK_DUPLICATES_PICARD:BAM_STATS_SAMTOOLS:SAMTOOLS_FLAGSTAT,1702287966000,1702287977000,2,150.2,,1073741824.0,,,0.007911671544791665,0.007911671544791665,0.0,350.58,
1104,NFCORE_CHIPSEQ:CHIPSEQ:MARK_DUPLICATES_PICARD:BAM_STATS_SAMTOOLS:SAMTOOLS_FLAGSTAT,1702287967000,1702287977000,2,151.3,,1073741824.0,,,0.007242307203125001,0.007242307203125001,0.0,350.58,
1109,NFCORE_CHIPSEQ:CHIPSEQ:MARK_DUPLICATES_PICARD:SAMTOOLS_INDEX,1702287968000,1702287980000,2,165.2,,1073741824.0,,,0.009447108474999999,0.009447108474999999,0.0,350.58,
1112,NFCORE_CHIPSEQ:CHIPSEQ:MARK_DUPLICATES_PICARD:SAMTOOLS_INDEX,1702287969000,1702287982000,2,159.7,,1073741824.0,,,0.009910157095312499,0.009910157095312499,0.0,350.58,
1123,NFCORE_CHIPSEQ:CHIPSEQ:MARK_DUPLICATES_PICARD:BAM_STATS_SAMTOOLS:SAMTOOLS_IDXSTATS,1702287979000,1702287980000,2,124.0,,1073741824.0,,,0.0006004412875,0.0006004412875,0.0,350.58,
1132,NFCORE_CHIPSEQ:CHIPSEQ:MARK_DUPLICATES_PICARD:BAM_STATS_SAMTOOLS:SAMTOOLS_IDXSTATS,1702287982000,1702287983000,2,106.7,,1073741824.0,,,0.0005219959692708334,0.0005219959692708334,0.0,350.58,
947,NFCORE_CHIPSEQ:CHIPSEQ:MARK_DUPLICATES_PICARD:PICARD_MARKDUPLICATES,1702287596000,1702287979000,2,107.0,,21180186624.0,,,0.474227460846224,0.474227460846224,0.0,350.58,
1106,NFCORE_CHIPSEQ:CHIPSEQ:MARK_DUPLICATES_PICARD:SAMTOOLS_INDEX,1702287968000,1702287982000,2,157.9,,1073741824.0,,,0.010558209703125,0.010558209703125,0.0,350.58,
1107,NFCORE_CHIPSEQ:CHIPSEQ:MARK_DUPLICATES_PICARD:SAMTOOLS_INDEX,1702287971000,1702287985000,2,155.1,,1073741824.0,,,0.010380460773958333,0.010380460773958333,0.0,350.58,
1138,NFCORE_CHIPSEQ:CHIPSEQ:MARK_DUPLICATES_PICARD:BAM_STATS_SAMTOOLS:SAMTOOLS_IDXSTATS,1702287980000,1702287980000,2,113.5,,1073741824.0,,,0.0,0.0,0.0,350.58,
951,NFCORE_CHIPSEQ:CHIPSEQ:MARK_DUPLICATES_PICARD:PICARD_MARKDUPLICATES,1702287600000,1702287987000,2,105.6,,21180186624.0,,,0.47672348393320313,0.47672348393320313,0.0,350.58,
1072,NFCORE_CHIPSEQ:CHIPSEQ:MARK_DUPLICATES_PICARD:BAM_STATS_SAMTOOLS:SAMTOOLS_STATS,1702287947000,1702287987000,2,131.6,,1073741824.0,,,0.02539611258333334,0.02539611258333334,0.0,350.58,
1113,NFCORE_CHIPSEQ:CHIPSEQ:MARK_DUPLICATES_PICARD:SAMTOOLS_INDEX,1702287974000,1702287987000,2,160.7,,1073741824.0,,,0.009969104444270833,0.009969104444270833,0.0,350.58,
1115,NFCORE_CHIPSEQ:CHIPSEQ:MARK_DUPLICATES_PICARD:SAMTOOLS_INDEX,1702287974000,1702287987000,2,160.0,,1073741824.0,,,0.009927841299999999,0.009927841299999999,0.0,350.58,
1118,NFCORE_CHIPSEQ:CHIPSEQ:MARK_DUPLICATES_PICARD:BAM_STATS_SAMTOOLS:SAMTOOLS_IDXSTATS,1702287989000,1702287990000,2,85.3,,1073741824.0,,,0.00042495956406250003,0.00042495956406250003,0.0,350.58,
1122,NFCORE_CHIPSEQ:CHIPSEQ:MARK_DUPLICATES_PICARD:BAM_STATS_SAMTOOLS:SAMTOOLS_FLAGSTAT,1702287976000,1702287988000,2,151.9,,1073741824.0,,,0.00872341640625,0.00872341640625,0.0,350.58,
1078,NFCORE_CHIPSEQ:CHIPSEQ:MARK_DUPLICATES_PICARD:BAM_STATS_SAMTOOLS:SAMTOOLS_STATS,1702287956000,1702287995000,2,135.2,,1073741824.0,,,0.0253978411375,0.0253978411375,0.0,350.58,
1134,NFCORE_CHIPSEQ:CHIPSEQ:MARK_DUPLICATES_PICARD:SAMTOOLS_INDEX,1702287985000,1702287999000,2,157.3,,1073741824.0,,,0.010520120646874999,0.010520120646874999,0.0,350.58,
1136,NFCORE_CHIPSEQ:CHIPSEQ:MARK_DUPLICATES_PICARD:SAMTOOLS_INDEX,1702287980000,1702287995000,2,161.5,,1073741824.0,,,0.0115572257578125,0.0115572257578125,0.0,350.58,
1139,NFCORE_CHIPSEQ:CHIPSEQ:MARK_DUPLICATES_PICARD:BAM_STATS_SAMTOOLS:SAMTOOLS_FLAGSTAT,1702287983000,1702287997000,2,148.2,,1073741824.0,,,0.009942436627083332,0.009942436627083332,0.0,350.58,
1175,NFCORE_CHIPSEQ:CHIPSEQ:MARK_DUPLICATES_PICARD:BAM_STATS_SAMTOOLS:SAMTOOLS_IDXSTATS,1702287995000,1702287996000,2,46.7,,1073741824.0,,,0.00024993128177083334,0.00024993128177083334,0.0,350.58,
948,NFCORE_CHIPSEQ:CHIPSEQ:MARK_DUPLICATES_PICARD:PICARD_MARKDUPLICATES,1702287598000,1702287995000,2,106.3,,21180186624.0,,,0.49030203315481774,0.49030203315481774,0.0,350.58,
1117,NFCORE_CHIPSEQ:CHIPSEQ:MARK_DUPLICATES_PICARD:BAM_STATS_SAMTOOLS:SAMTOOLS_FLAGSTAT,1702287990000,1702288002000,2,151.5,,1073741824.0,,,0.00870165123125,0.00870165123125,0.0,350.58,
1102,NFCORE_CHIPSEQ:CHIPSEQ:MARK_DUPLICATES_PICARD:BAM_STATS_SAMTOOLS:SAMTOOLS_STATS,1702287966000,1702288007000,2,133.7,,1073741824.0,,,0.026421428224479165,0.026421428224479165,0.0,350.58,
1176,NFCORE_CHIPSEQ:CHIPSEQ:MARK_DUPLICATES_PICARD:BAM_STATS_SAMTOOLS:SAMTOOLS_FLAGSTAT,1702287998000,1702288012000,2,151.8,,1073741824.0,,,0.010170970964583333,0.010170970964583333,0.0,350.58,
1093,NFCORE_CHIPSEQ:CHIPSEQ:MARK_DUPLICATES_PICARD:BAM_STATS_SAMTOOLS:SAMTOOLS_STATS,1702287966000,1702288011000,2,133.3,,1073741824.0,,,0.0289175091328125,0.0289175091328125,0.0,350.58,
1098,NFCORE_CHIPSEQ:CHIPSEQ:MARK_DUPLICATES_PICARD:BAM_STATS_SAMTOOLS:SAMTOOLS_STATS,1702287973000,1702288012000,2,131.9,,1073741824.0,,,0.0248142623828125,0.0248142623828125,0.0,350.58,
1157,NFCORE_CHIPSEQ:CHIPSEQ:MARK_DUPLICATES_PICARD:SAMTOOLS_INDEX,1702288000000,1702288013000,2,161.9,,1073741824.0,,,0.010039841263020833,0.010039841263020833,0.0,350.58,
1186,NFCORE_CHIPSEQ:CHIPSEQ:MARK_DUPLICATES_PICARD:SAMTOOLS_INDEX,1702288005000,1702288019000,2,159.1,,1073741824.0,,,0.010634387815624998,0.010634387815624998,0.0,350.58,
1056,NFCORE_CHIPSEQ:CHIPSEQ:PRESEQ_LCEXTRAP,1702287924000,1702288023000,2,100.6,,1073741824.0,,,0.04893926987812499,0.04893926987812499,0.0,350.58,
1121,NFCORE_CHIPSEQ:CHIPSEQ:MARK_DUPLICATES_PICARD:BAM_STATS_SAMTOOLS:SAMTOOLS_STATS,1702287976000,1702288024000,2,134.6,,1073741824.0,,,0.03112829035,0.03112829035,0.0,350.58,
1167,NFCORE_CHIPSEQ:CHIPSEQ:MARK_DUPLICATES_PICARD:SAMTOOLS_INDEX,1702288010000,1702288025000,2,159.0,,1073741824.0,,,0.011387185328124997,0.011387185328124997,0.0,350.58,
1137,NFCORE_CHIPSEQ:CHIPSEQ:MARK_DUPLICATES_PICARD:BAM_STATS_SAMTOOLS:SAMTOOLS_STATS,1702287980000,1702288030000,2,135.1,,1073741824.0,,,0.032538662734374994,0.032538662734374994,0.0,350.58,
1119,NFCORE_CHIPSEQ:CHIPSEQ:MARK_DUPLICATES_PICARD:BAM_STATS_SAMTOOLS:SAMTOOLS_STATS,1702287990000,1702288041000,2,133.4,,1073741824.0,,,0.032796302515625,0.032796302515625,0.0,350.58,
1192,NFCORE_CHIPSEQ:CHIPSEQ:MARK_DUPLICATES_PICARD:BAM_STATS_SAMTOOLS:SAMTOOLS_FLAGSTAT,1702288026000,1702288041000,2,151.1,,1073741824.0,,,0.010849857570312498,0.010849857570312498,0.0,350.58,
1063,NFCORE_CHIPSEQ:CHIPSEQ:PRESEQ_LCEXTRAP,1702287936000,1702288047000,2,100.2,,1073741824.0,,,0.05466997472187501,0.05466997472187501,0.0,350.58,
1193,NFCORE_CHIPSEQ:CHIPSEQ:MARK_DUPLICATES_PICARD:BAM_STATS_SAMTOOLS:SAMTOOLS_IDXSTATS,1702288044000,1702288047000,2,21.1,,1073741824.0,,,0.00040155104531250005,0.00040155104531250005,0.0,350.58,
1169,NFCORE_CHIPSEQ:CHIPSEQ:MARK_DUPLICATES_PICARD:BAM_STATS_SAMTOOLS:SAMTOOLS_IDXSTATS,1702288050000,1702288051000,2,58.5,,1073741824.0,,,0.00030343733697916667,0.00030343733697916667,0.0,350.58,
1173,NFCORE_CHIPSEQ:CHIPSEQ:MARK_DUPLICATES_PICARD:BAM_STATS_SAMTOOLS:SAMTOOLS_STATS,1702287999000,1702288050000,2,131.4,,1073741824.0,,,0.032333792546875004,0.032333792546875004,0.0,350.58,
1062,NFCORE_CHIPSEQ:CHIPSEQ:PRESEQ_LCEXTRAP,1702287932000,1702288052000,2,100.6,,1073741824.0,,,0.05932032712499999,0.05932032712499999,0.0,350.58,
1164,NFCORE_CHIPSEQ:CHIPSEQ:MARK_DUPLICATES_PICARD:BAM_STATS_SAMTOOLS:SAMTOOLS_IDXSTATS,1702288053000,1702288054000,2,97.6,,1073741824.0,,,0.000480732825,0.000480732825,0.0,350.58,
1172,NFCORE_CHIPSEQ:CHIPSEQ:MARK_DUPLICATES_PICARD:BAM_STATS_SAMTOOLS:SAMTOOLS_FLAGSTAT,1702288044000,1702288056000,2,152.5,,1073741824.0,,,0.008756064168750001,0.008756064168750001,0.0,350.58,
1065,NFCORE_CHIPSEQ:CHIPSEQ:PRESEQ_LCEXTRAP,1702287941000,1702288069000,2,100.6,,1073741824.0,,,0.06327501559999998,0.06327501559999998,0.0,350.58,
1166,NFCORE_CHIPSEQ:CHIPSEQ:MARK_DUPLICATES_PICARD:BAM_STATS_SAMTOOLS:SAMTOOLS_FLAGSTAT,1702288057000,1702288073000,2,152.9,,1073741824.0,,,0.011703772458333333,0.011703772458333333,0.0,350.58,
1074,NFCORE_CHIPSEQ:CHIPSEQ:PRESEQ_LCEXTRAP,1702287950000,1702288075000,2,100.5,,1073741824.0,,,0.061735327278645835,0.061735327278645835,0.0,350.58,
1194,NFCORE_CHIPSEQ:CHIPSEQ:MARK_DUPLICATES_PICARD:BAM_STATS_SAMTOOLS:SAMTOOLS_STATS,1702288023000,1702288077000,2,134.2,,1073741824.0,,,0.034921383356249995,0.034921383356249995,0.0,350.58,
1059,NFCORE_CHIPSEQ:CHIPSEQ:FILTER_BAM_BAMTOOLS:BAM_FILTER,1702287930000,1702288078000,2,140.6,,1073741824.0,,,0.10000545262083337,0.10000545262083337,0.0,350.58,
1067,NFCORE_CHIPSEQ:CHIPSEQ:PRESEQ_LCEXTRAP,1702287952000,1702288079000,2,100.6,,1073741824.0,,,0.06278067954062498,0.06278067954062498,0.0,350.58,
1181,NFCORE_CHIPSEQ:CHIPSEQ:MARK_DUPLICATES_PICARD:BAM_STATS_SAMTOOLS:SAMTOOLS_IDXSTATS,1702288081000,1702288082000,2,63.4,,1073741824.0,,,0.000325655953125,0.000325655953125,0.0,350.58,
1188,NFCORE_CHIPSEQ:CHIPSEQ:MARK_DUPLICATES_PICARD:BAM_STATS_SAMTOOLS:SAMTOOLS_IDXSTATS,1702288078000,1702288078000,2,90.8,,1073741824.0,,,0.0,0.0,0.0,350.58,
1084,NFCORE_CHIPSEQ:CHIPSEQ:PRESEQ_LCEXTRAP,1702287959000,1702288087000,2,100.5,,1073741824.0,,,0.06321697513333333,0.06321697513333333,0.0,350.58,
1086,NFCORE_CHIPSEQ:CHIPSEQ:PRESEQ_LCEXTRAP,1702287960000,1702288087000,2,100.6,,1073741824.0,,,0.06278067954062498,0.06278067954062498,0.0,350.58,
1199,NFCORE_CHIPSEQ:CHIPSEQ:FILTER_BAM_BAMTOOLS:BAM_REMOVE_ORPHANS,1702288084000,1702288085000,2,47.3,,1073741824.0,,,0.0002526519286458333,0.0002526519286458333,0.0,350.58,
1081,NFCORE_CHIPSEQ:CHIPSEQ:PRESEQ_LCEXTRAP,1702287959000,1702288092000,2,100.6,,1073741824.0,,,0.065746695896875,0.065746695896875,0.0,350.58,
1189,NFCORE_CHIPSEQ:CHIPSEQ:MARK_DUPLICATES_PICARD:BAM_STATS_SAMTOOLS:SAMTOOLS_FLAGSTAT,1702288082000,1702288096000,2,151.4,,1073741824.0,,,0.010145578260416666,0.010145578260416666,0.0,350.58,
1080,NFCORE_CHIPSEQ:CHIPSEQ:PRESEQ_LCEXTRAP,1702287962000,1702288102000,2,100.7,,1073741824.0,,,0.06927053007291667,0.06927053007291667,0.0,350.58,
1128,NFCORE_CHIPSEQ:CHIPSEQ:MARK_DUPLICATES_PICARD:BAM_STATS_SAMTOOLS:SAMTOOLS_IDXSTATS,1702288095000,1702288100000,2,92.8,,1073741824.0,,,0.00229483825,0.00229483825,0.0,350.58,
1130,NFCORE_CHIPSEQ:CHIPSEQ:MARK_DUPLICATES_PICARD:BAM_STATS_SAMTOOLS:SAMTOOLS_FLAGSTAT,1702288090000,1702288101000,2,152.2,,1073741824.0,,,0.008011428596875,0.008011428596875,0.0,350.58,
1165,NFCORE_CHIPSEQ:CHIPSEQ:MARK_DUPLICATES_PICARD:BAM_STATS_SAMTOOLS:SAMTOOLS_STATS,1702288053000,1702288102000,2,134.4,,1073741824.0,,,0.03173235916666666,0.03173235916666666,0.0,350.58,
1171,NFCORE_CHIPSEQ:CHIPSEQ:MARK_DUPLICATES_PICARD:BAM_STATS_SAMTOOLS:SAMTOOLS_STATS,1702288051000,1702288102000,2,132.7,,1073741824.0,,,0.0326344240265625,0.0326344240265625,0.0,350.58,
1184,NFCORE_CHIPSEQ:CHIPSEQ:MARK_DUPLICATES_PICARD:BAM_STATS_SAMTOOLS:SAMTOOLS_FLAGSTAT,1702288088000,1702288101000,2,148.1,,1073741824.0,,,0.009226367847395832,0.009226367847395832,0.0,350.58,
1092,NFCORE_CHIPSEQ:CHIPSEQ:PRESEQ_LCEXTRAP,1702287969000,1702288112000,2,100.5,,1073741824.0,,,0.07062521440677083,0.07062521440677083,0.0,350.58,
1105,NFCORE_CHIPSEQ:CHIPSEQ:PRESEQ_LCEXTRAP,1702287969000,1702288112000,2,100.5,,1073741824.0,,,0.07062521440677083,0.07062521440677083,0.0,350.58,
1087,NFCORE_CHIPSEQ:CHIPSEQ:PRESEQ_LCEXTRAP,1702287963000,1702288112000,2,100.8,,1073741824.0,,,0.07379119830833335,0.07379119830833335,0.0,350.58,
1090,NFCORE_CHIPSEQ:CHIPSEQ:PRESEQ_LCEXTRAP,1702287964000,1702288112000,2,100.7,,1073741824.0,,,0.07322884607708334,0.07322884607708334,0.0,350.58,
1099,NFCORE_CHIPSEQ:CHIPSEQ:MARK_DUPLICATES_PICARD:BAM_STATS_SAMTOOLS:SAMTOOLS_FLAGSTAT,1702288104000,1702288119000,2,152.1,,1073741824.0,,,0.0109178737421875,0.0109178737421875,0.0,350.58,
1110,NFCORE_CHIPSEQ:CHIPSEQ:PRESEQ_LCEXTRAP,1702287970000,1702288120000,2,100.7,,1073741824.0,,,0.074218425078125,0.074218425078125,0.0,350.58,
1111,NFCORE_CHIPSEQ:CHIPSEQ:PRESEQ_LCEXTRAP,1702287969000,1702288116000,2,100.5,,1073741824.0,,,0.0726007448796875,0.0726007448796875,0.0,350.58,
1127,NFCORE_CHIPSEQ:CHIPSEQ:MARK_DUPLICATES_PICARD:BAM_STATS_SAMTOOLS:SAMTOOLS_FLAGSTAT,1702288104000,1702288119000,2,147.0,,1073741824.0,,,0.010570991265625,0.010570991265625,0.0,350.58,
1179,NFCORE_CHIPSEQ:CHIPSEQ:MARK_DUPLICATES_PICARD:BAM_STATS_SAMTOOLS:SAMTOOLS_IDXSTATS,1702288119000,1702288121000,2,115.3,,1073741824.0,,,0.001121983815625,0.001121983815625,0.0,350.58,
1108,NFCORE_CHIPSEQ:CHIPSEQ:PRESEQ_LCEXTRAP,1702287974000,1702288124000,2,100.7,,1073741824.0,,,0.074218425078125,0.074218425078125,0.0,350.58,
1114,NFCORE_CHIPSEQ:CHIPSEQ:PRESEQ_LCEXTRAP,1702287973000,1702288124000,2,100.7,,1073741824.0,,,0.07471321457864584,0.07471321457864584,0.0,350.58,
1116,NFCORE_CHIPSEQ:CHIPSEQ:PRESEQ_LCEXTRAP,1702287977000,1702288128000,2,100.7,,1073741824.0,,,0.07471321457864584,0.07471321457864584,0.0,350.58,
1125,NFCORE_CHIPSEQ:CHIPSEQ:MARK_DUPLICATES_PICARD:BAM_STATS_SAMTOOLS:SAMTOOLS_STATS,1702288090000,1702288132000,2,134.4,,1073741824.0,,,0.027199165,0.027199165,0.0,350.58,
1131,NFCORE_CHIPSEQ:CHIPSEQ:MARK_DUPLICATES_PICARD:BAM_STATS_SAMTOOLS:SAMTOOLS_STATS,1702288082000,1702288125000,2,133.1,,1073741824.0,,,0.027593290566145835,0.027593290566145835,0.0,350.58,
1195,NFCORE_CHIPSEQ:CHIPSEQ:MARK_DUPLICATES_PICARD:BAM_STATS_SAMTOOLS:SAMTOOLS_FLAGSTAT,1702288116000,1702288133000,2,150.4,,1073741824.0,,,0.01224254575,0.01224254575,0.0,350.58,
1178,NFCORE_CHIPSEQ:CHIPSEQ:MARK_DUPLICATES_PICARD:BAM_STATS_SAMTOOLS:SAMTOOLS_FLAGSTAT,1702288125000,1702288140000,2,140.6,,1073741824.0,,,0.010135687765625,0.010135687765625,0.0,350.58,
1196,NFCORE_CHIPSEQ:CHIPSEQ:MARK_DUPLICATES_PICARD:BAM_STATS_SAMTOOLS:SAMTOOLS_IDXSTATS,1702288136000,1702288137000,2,83.5,,1073741824.0,,,0.0004167976234375,0.0004167976234375,0.0,350.58,
1103,NFCORE_CHIPSEQ:CHIPSEQ:FILTER_BAM_BAMTOOLS:BAM_FILTER,1702287967000,1702288155000,2,137.8,,1073741824.0,,,0.12464703913750003,0.12464703913750003,0.0,350.58,
1190,NFCORE_CHIPSEQ:CHIPSEQ:MARK_DUPLICATES_PICARD:BAM_STATS_SAMTOOLS:SAMTOOLS_STATS,1702288099000,1702288152000,2,134.9,,1073741824.0,,,0.03444291773697917,0.03444291773697917,0.0,350.58,
1041,NFCORE_CHIPSEQ:CHIPSEQ:MARK_DUPLICATES_PICARD:PICARD_MARKDUPLICATES,1702287964000,1702288157000,2,108.8,,21180186624.0,,,0.24054627266940104,0.24054627266940104,0.0,350.58,
1150,NFCORE_CHIPSEQ:CHIPSEQ:MARK_DUPLICATES_PICARD:BAM_STATS_SAMTOOLS:SAMTOOLS_IDXSTATS,1702288158000,1702288158000,2,97.0,,1073741824.0,,,0.0,0.0,0.0,350.58,
1183,NFCORE_CHIPSEQ:CHIPSEQ:MARK_DUPLICATES_PICARD:BAM_STATS_SAMTOOLS:SAMTOOLS_STATS,1702288104000,1702288158000,2,133.9,,1073741824.0,,,0.034847925890625,0.034847925890625,0.0,350.58,
1201,NFCORE_CHIPSEQ:CHIPSEQ:FILTER_BAM_BAMTOOLS:BAM_REMOVE_ORPHANS,1702288161000,1702288163000,2,46.7,,1073741824.0,,,0.0004998625635416667,0.0004998625635416667,0.0,350.58,
1180,NFCORE_CHIPSEQ:CHIPSEQ:MARK_DUPLICATES_PICARD:BAM_STATS_SAMTOOLS:SAMTOOLS_STATS,1702288116000,1702288167000,2,133.0,,1073741824.0,,,0.032703800521875,0.032703800521875,0.0,350.58,
1200,NFCORE_CHIPSEQ:CHIPSEQ:FILTER_BAM_BAMTOOLS:BAM_SORT_SAMTOOLS:SAMTOOLS_SORT,1702288151000,1702288165000,5,424.9,,6309281792.0,,,0.03011375534817708,0.03011375534817708,0.0,350.58,
1069,NFCORE_CHIPSEQ:CHIPSEQ:FILTER_BAM_BAMTOOLS:BAM_FILTER,1702287952000,1702288169000,2,137.7,,1073741824.0,,,0.14377611121197914,0.14377611121197914,0.0,350.58,
1152,NFCORE_CHIPSEQ:CHIPSEQ:MARK_DUPLICATES_PICARD:BAM_STATS_SAMTOOLS:SAMTOOLS_FLAGSTAT,1702288155000,1702288169000,2,149.3,,1073741824.0,,,0.010012266563541667,0.010012266563541667,0.0,350.58,
1197,NFCORE_CHIPSEQ:CHIPSEQ:MARK_DUPLICATES_PICARD:BAM_STATS_SAMTOOLS:SAMTOOLS_STATS,1702288124000,1702288174000,2,133.8,,1073741824.0,,,0.03224392598958334,0.03224392598958334,0.0,350.58,
1202,NFCORE_CHIPSEQ:CHIPSEQ:MARK_DUPLICATES_PICARD:SAMTOOLS_INDEX,1702288166000,1702288174000,2,161.9,,1073741824.0,,,0.006178363854166667,0.006178363854166667,0.0,350.58,
1024,NFCORE_CHIPSEQ:CHIPSEQ:MARK_DUPLICATES_PICARD:PICARD_MARKDUPLICATES,1702287934000,1702288175000,2,106.8,,21180186624.0,,,0.29818566607773445,0.29818566607773445,0.0,350.58,
1035,NFCORE_CHIPSEQ:CHIPSEQ:MARK_DUPLICATES_PICARD:PICARD_MARKDUPLICATES,1702287978000,1702288175000,2,109.1,,21180186624.0,,,0.24579967136419273,0.24579967136419273,0.0,350.58,
1052,NFCORE_CHIPSEQ:CHIPSEQ:MARK_DUPLICATES_PICARD:PICARD_MARKDUPLICATES,1702287939000,1702288174000,2,107.5,,21180186624.0,,,0.29150786723372396,0.29150786723372396,0.0,350.58,
1144,NFCORE_CHIPSEQ:CHIPSEQ:MARK_DUPLICATES_PICARD:BAM_STATS_SAMTOOLS:SAMTOOLS_IDXSTATS,1702288177000,1702288177000,2,108.1,,1073741824.0,,,0.0,0.0,0.0,350.58,
1159,NFCORE_CHIPSEQ:CHIPSEQ:MARK_DUPLICATES_PICARD:BAM_STATS_SAMTOOLS:SAMTOOLS_IDXSTATS,1702288174000,1702288175000,2,50.5,,1073741824.0,,,0.0002671620453125,0.0002671620453125,0.0,350.58,
1161,NFCORE_CHIPSEQ:CHIPSEQ:MARK_DUPLICATES_PICARD:BAM_STATS_SAMTOOLS:SAMTOOLS_FLAGSTAT,1702288162000,1702288175000,2,146.0,,1073741824.0,,,0.009102578414583331,0.009102578414583331,0.0,350.58,
1185,NFCORE_CHIPSEQ:CHIPSEQ:PRESEQ_LCEXTRAP,1702288015000,1702288175000,2,100.5,,1073741824.0,,,0.07902121891666668,0.07902121891666668,0.0,350.58,
1206,NFCORE_CHIPSEQ:CHIPSEQ:FILTER_BAM_BAMTOOLS:BAM_SORT_SAMTOOLS:SAMTOOLS_INDEX,1702288170000,1702288177000,2,161.9,,1073741824.0,,,0.005406068372395833,0.005406068372395833,0.0,350.58,
1153,NFCORE_CHIPSEQ:CHIPSEQ:MARK_DUPLICATES_PICARD:BAM_STATS_SAMTOOLS:SAMTOOLS_IDXSTATS,1702288181000,1702288182000,2,45.1,,1073741824.0,,,0.0002426762234375,0.0002426762234375,0.0,350.58,
1208,NFCORE_CHIPSEQ:CHIPSEQ:FILTER_BAM_BAMTOOLS:BAM_REMOVE_ORPHANS,1702288180000,1702288182000,2,42.5,,1073741824.0,,,0.0004617735072916667,0.0004617735072916667,0.0,350.58,
1220,NFCORE_CHIPSEQ:CHIPSEQ:FILTER_BAM_BAMTOOLS:BAM_SORT_SAMTOOLS:BAM_STATS_SAMTOOLS:SAMTOOLS_IDXSTATS,1702288182000,1702288186000,1,100.0,,1073741824.0,,,0.00196646165,0.00196646165,0.0,350.58,
1038,NFCORE_CHIPSEQ:CHIPSEQ:MARK_DUPLICATES_PICARD:PICARD_MARKDUPLICATES,1702287969000,1702288186000,2,108.8,,21180186624.0,,,0.27045876253502604,0.27045876253502604,0.0,350.58,
1143,NFCORE_CHIPSEQ:CHIPSEQ:MARK_DUPLICATES_PICARD:BAM_STATS_SAMTOOLS:SAMTOOLS_FLAGSTAT,1702288177000,1702288192000,2,152.7,,1073741824.0,,,0.010958683445312499,0.010958683445312499,0.0,350.58,
1216,NFCORE_CHIPSEQ:CHIPSEQ:MARK_DUPLICATES_PICARD:SAMTOOLS_INDEX,1702288185000,1702288195000,2,163.0,,1073741824.0,,,0.0077728333437500005,0.0077728333437500005,0.0,350.58,
1217,NFCORE_CHIPSEQ:CHIPSEQ:MARK_DUPLICATES_PICARD:SAMTOOLS_INDEX,1702288180000,1702288193000,2,161.8,,1073741824.0,,,0.010033946528125,0.010033946528125,0.0,350.58,
1020,NFCORE_CHIPSEQ:CHIPSEQ:MARK_DUPLICATES_PICARD:PICARD_MARKDUPLICATES,1702287960000,1702288195000,2,107.3,,21180186624.0,,,0.2912947498951823,0.2912947498951823,0.0,350.58,
1026,NFCORE_CHIPSEQ:CHIPSEQ:MARK_DUPLICATES_PICARD:PICARD_MARKDUPLICATES,1702287930000,1702288195000,2,107.2,,21180186624.0,,,0.32836115180794273,0.32836115180794273,0.0,350.58,
1094,NFCORE_CHIPSEQ:CHIPSEQ:FILTER_BAM_BAMTOOLS:BAM_FILTER,1702287992000,1702288199000,2,137.9,,1073741824.0,,,0.13733820860156248,0.13733820860156248,0.0,350.58,
1126,NFCORE_CHIPSEQ:CHIPSEQ:FILTER_BAM_BAMTOOLS:BAM_FILTER,1702288015000,1702288199000,2,140.1,,1073741824.0,,,0.12391393740416667,0.12391393740416667,0.0,350.58,
1141,NFCORE_CHIPSEQ:CHIPSEQ:FILTER_BAM_BAMTOOLS:BAM_FILTER,1702287983000,1702288197000,2,138.0,,1073741824.0,,,0.14207953225416667,0.14207953225416667,0.0,350.58,
1221,NFCORE_CHIPSEQ:CHIPSEQ:FILTER_BAM_BAMTOOLS:BAM_SORT_SAMTOOLS:BAM_STATS_SAMTOOLS:SAMTOOLS_FLAGSTAT,1702288195000,1702288201000,2,148.5,,1073741824.0,,,0.004269206209374999,0.004269206209374999,0.0,350.58,
1075,NFCORE_CHIPSEQ:CHIPSEQ:FILTER_BAM_BAMTOOLS:BAM_FILTER,1702288027000,1702288208000,2,139.0,,1073741824.0,,,0.12099080014687498,0.12099080014687498,0.0,350.58,
1237,NFCORE_CHIPSEQ:CHIPSEQ:FILTER_BAM_BAMTOOLS:BAM_REMOVE_ORPHANS,1702288204000,1702288208000,2,40.6,,1073741824.0,,,0.0008890854875,0.0008890854875,0.0,350.58,
1053,NFCORE_CHIPSEQ:CHIPSEQ:MARK_DUPLICATES_PICARD:PICARD_MARKDUPLICATES,1702287964000,1702288211000,2,107.8,,21180186624.0,,,0.3067293752368489,0.3067293752368489,0.0,350.58,
1209,NFCORE_CHIPSEQ:CHIPSEQ:MARK_DUPLICATES_PICARD:BAM_STATS_SAMTOOLS:SAMTOOLS_FLAGSTAT,1702288199000,1702288207000,2,149.2,,1073741824.0,,,0.005717667649999999,0.005717667649999999,0.0,350.58,
1224,NFCORE_CHIPSEQ:CHIPSEQ:MARK_DUPLICATES_PICARD:SAMTOOLS_INDEX,1702288199000,1702288209000,2,160.6,,1073741824.0,,,0.00766400746875,0.00766400746875,0.0,350.58,
1234,NFCORE_CHIPSEQ:CHIPSEQ:MARK_DUPLICATES_PICARD:SAMTOOLS_INDEX,1702288202000,1702288210000,2,162.2,,1073741824.0,,,0.006189246441666665,0.006189246441666665,0.0,350.58,
1238,NFCORE_CHIPSEQ:CHIPSEQ:FILTER_BAM_BAMTOOLS:BAM_REMOVE_ORPHANS,1702288210000,1702288211000,2,110.3,,1073741824.0,,,0.0005383198505208333,0.0005383198505208333,0.0,350.58,
1239,NFCORE_CHIPSEQ:CHIPSEQ:FILTER_BAM_BAMTOOLS:BAM_REMOVE_ORPHANS,1702288211000,1702288212000,2,63.2,,1073741824.0,,,0.0003247490708333334,0.0003247490708333334,0.0,350.58,
1241,NFCORE_CHIPSEQ:CHIPSEQ:FILTER_BAM_BAMTOOLS:BAM_REMOVE_ORPHANS,1702288211000,1702288212000,2,83.1,,1073741824.0,,,0.0004149838588541666,0.0004149838588541666,0.0,350.58,
1148,NFCORE_CHIPSEQ:CHIPSEQ:MARK_DUPLICATES_PICARD:BAM_STATS_SAMTOOLS:SAMTOOLS_IDXSTATS,1702288215000,1702288216000,2,109.4,,1073741824.0,,,0.0005342388802083333,0.0005342388802083333,0.0,350.58,
1211,NFCORE_CHIPSEQ:CHIPSEQ:MARK_DUPLICATES_PICARD:BAM_STATS_SAMTOOLS:SAMTOOLS_IDXSTATS,1702288215000,1702288216000,2,84.2,,1073741824.0,,,0.0004199717114583334,0.0004199717114583334,0.0,350.58,
1049,NFCORE_CHIPSEQ:CHIPSEQ:MARK_DUPLICATES_PICARD:PICARD_MARKDUPLICATES,1702287948000,1702288226000,2,107.1,,21180186624.0,,,0.34434337808828125,0.34434337808828125,0.0,350.58,
1124,NFCORE_CHIPSEQ:CHIPSEQ:FILTER_BAM_BAMTOOLS:BAM_FILTER,1702287985000,1702288222000,2,138.4,,1073741824.0,,,0.15777962456249997,0.15777962456249997,0.0,350.58,
1142,NFCORE_CHIPSEQ:CHIPSEQ:MARK_DUPLICATES_PICARD:BAM_STATS_SAMTOOLS:SAMTOOLS_STATS,1702288178000,1702288229000,2,134.3,,1073741824.0,,,0.03300443200156251,0.03300443200156251,0.0,350.58,
1149,NFCORE_CHIPSEQ:CHIPSEQ:MARK_DUPLICATES_PICARD:BAM_STATS_SAMTOOLS:SAMTOOLS_STATS,1702288171000,1702288220000,2,133.6,,1073741824.0,,,0.031554610237499996,0.031554610237499996,0.0,350.58,
1162,NFCORE_CHIPSEQ:CHIPSEQ:MARK_DUPLICATES_PICARD:BAM_STATS_SAMTOOLS:SAMTOOLS_STATS,1702288171000,1702288223000,2,134.3,,1073741824.0,,,0.03365157772708333,0.03365157772708333,0.0,350.58,
1210,NFCORE_CHIPSEQ:CHIPSEQ:MARK_DUPLICATES_PICARD:BAM_STATS_SAMTOOLS:SAMTOOLS_STATS,1702288195000,1702288221000,2,131.2,,1073741824.0,,,0.016460315299999993,0.016460315299999993,0.0,350.58,
1235,NFCORE_CHIPSEQ:CHIPSEQ:MARK_DUPLICATES_PICARD:SAMTOOLS_INDEX,1702288212000,1702288223000,2,159.6,,1073741824.0,,,0.008380529689583334,0.008380529689583334,0.0,350.58,
1244,NFCORE_CHIPSEQ:CHIPSEQ:MARK_DUPLICATES_PICARD:SAMTOOLS_INDEX,1702288219000,1702288227000,2,166.3,,1073741824.0,,,0.0063379751375,0.0063379751375,0.0,350.58,
976,NFCORE_CHIPSEQ:CHIPSEQ:MARK_DUPLICATES_PICARD:PICARD_MARKDUPLICATES,1702287906000,1702288236000,2,106.2,,21180186624.0,,,0.4074062106210937,0.4074062106210937,0.0,350.58,
1032,NFCORE_CHIPSEQ:CHIPSEQ:MARK_DUPLICATES_PICARD:PICARD_MARKDUPLICATES,1702287998000,1702288236000,2,108.3,,21180186624.0,,,0.2960925962039062,0.2960925962039062,0.0,350.58,
1129,NFCORE_CHIPSEQ:CHIPSEQ:FILTER_BAM_BAMTOOLS:BAM_FILTER,1702288014000,1702288241000,2,138.6,,1073741824.0,,,0.15132811871770835,0.15132811871770835,0.0,350.58,
1146,NFCORE_CHIPSEQ:CHIPSEQ:MARK_DUPLICATES_PICARD:BAM_STATS_SAMTOOLS:SAMTOOLS_FLAGSTAT,1702288225000,1702288237000,2,151.8,,1073741824.0,,,0.0087179751125,0.0087179751125,0.0,350.58,
1154,NFCORE_CHIPSEQ:CHIPSEQ:MARK_DUPLICATES_PICARD:BAM_STATS_SAMTOOLS:SAMTOOLS_STATS,1702288185000,1702288236000,2,132.8,,1073741824.0,,,0.032657549524999996,0.032657549524999996,0.0,350.58,
1256,NFCORE_CHIPSEQ:CHIPSEQ:MARK_DUPLICATES_PICARD:SAMTOOLS_INDEX,1702288231000,1702288241000,2,161.7,,1073741824.0,,,0.007713885994791667,0.007713885994791667,0.0,350.58,
1140,NFCORE_CHIPSEQ:CHIPSEQ:FILTER_BAM_BAMTOOLS:BAM_FILTER,1702287980000,1702288241000,2,137.2,,1073741824.0,,,0.17233713039374995,0.17233713039374995,0.0,350.58,
1214,NFCORE_CHIPSEQ:CHIPSEQ:MARK_DUPLICATES_PICARD:SAMTOOLS_INDEX,1702288233000,1702288244000,2,145.1,,1073741824.0,,,0.0076572910619791676,0.0076572910619791676,0.0,350.58,
1258,NFCORE_CHIPSEQ:CHIPSEQ:FILTER_BAM_BAMTOOLS:BAM_REMOVE_ORPHANS,1702288244000,1702288247000,2,128.0,,1073741824.0,,,0.0018557367999999998,0.0018557367999999998,0.0,350.58,
1011,NFCORE_CHIPSEQ:CHIPSEQ:MARK_DUPLICATES_PICARD:PICARD_MARKDUPLICATES,1702287952000,1702288247000,2,106.8,,21180186624.0,,,0.3649990518378906,0.3649990518378906,0.0,350.58,
1267,NFCORE_CHIPSEQ:CHIPSEQ:MARK_DUPLICATES_PICARD:SAMTOOLS_INDEX,1702288240000,1702288251000,2,158.4,,1073741824.0,,,0.008320675458333333,0.008320675458333333,0.0,350.58,
1271,NFCORE_CHIPSEQ:CHIPSEQ:FILTER_BAM_BAMTOOLS:BAM_REMOVE_ORPHANS,1702288249000,1702288251000,2,124.7,,1073741824.0,,,0.0012072307510416667,0.0012072307510416667,0.0,350.58,
1156,NFCORE_CHIPSEQ:CHIPSEQ:FILTER_BAM_BAMTOOLS:BAM_FILTER,1702287985000,1702288255000,2,137.2,,1073741824.0,,,0.17827979006249994,0.17827979006249994,0.0,350.58,
1182,NFCORE_CHIPSEQ:CHIPSEQ:FILTER_BAM_BAMTOOLS:BAM_FILTER,1702288002000,1702288255000,2,138.7,,1073741824.0,,,0.1687755753921875,0.1687755753921875,0.0,350.58,
1270,NFCORE_CHIPSEQ:CHIPSEQ:MARK_DUPLICATES_PICARD:SAMTOOLS_INDEX,1702288247000,1702288256000,2,171.7,,1073741824.0,,,0.007350594426562499,0.007350594426562499,0.0,350.58,
1151,NFCORE_CHIPSEQ:CHIPSEQ:FILTER_BAM_BAMTOOLS:BAM_FILTER,1702288016000,1702288259000,2,137.6,,1073741824.0,,,0.16089255585,0.16089255585,0.0,350.58,
1160,NFCORE_CHIPSEQ:CHIPSEQ:FILTER_BAM_BAMTOOLS:BAM_FILTER,1702287990000,1702288257000,2,138.0,,1073741824.0,,,0.17726745379375003,0.17726745379375003,0.0,350.58,
1289,NFCORE_CHIPSEQ:CHIPSEQ:FILTER_BAM_BAMTOOLS:BAM_REMOVE_ORPHANS,1702288259000,1702288259000,2,38.8,,1073741824.0,,,0.0,0.0,0.0,350.58,
1290,NFCORE_CHIPSEQ:CHIPSEQ:FILTER_BAM_BAMTOOLS:BAM_REMOVE_ORPHANS,1702288259000,1702288261000,2,1.8,,1073741824.0,,,9.267241458333333e-05,9.267241458333333e-05,0.0,350.58,
1097,NFCORE_CHIPSEQ:CHIPSEQ:FILTER_BAM_BAMTOOLS:BAM_FILTER,1702288072000,1702288264000,2,139.6,,1073741824.0,,,0.1288661964,0.1288661964,0.0,350.58,
1145,NFCORE_CHIPSEQ:CHIPSEQ:FILTER_BAM_BAMTOOLS:BAM_FILTER,1702287999000,1702288262000,2,137.6,,1073741824.0,,,0.17413474151666664,0.17413474151666664,0.0,350.58,
1147,NFCORE_CHIPSEQ:CHIPSEQ:MARK_DUPLICATES_PICARD:BAM_STATS_SAMTOOLS:SAMTOOLS_STATS,1702288213000,1702288262000,2,133.6,,1073741824.0,,,0.031554610237499996,0.031554610237499996,0.0,350.58,
1205,NFCORE_CHIPSEQ:CHIPSEQ:PICARD_COLLECTMULTIPLEMETRICS,1702288170000,1702288267000,2,95.4,,2573205504.0,,,0.050834488011718755,0.050834488011718755,0.0,350.58,
1227,NFCORE_CHIPSEQ:CHIPSEQ:FILTER_BAM_BAMTOOLS:BAM_FILTER,1702288226000,1702288265000,2,151.3,,1073741824.0,,,0.0282449980921875,0.0282449980921875,0.0,350.58,
1260,NFCORE_CHIPSEQ:CHIPSEQ:MARK_DUPLICATES_PICARD:BAM_STATS_SAMTOOLS:SAMTOOLS_IDXSTATS,1702288268000,1702288269000,2,70.3,,1073741824.0,,,0.00035694339218750006,0.00035694339218750006,0.0,350.58,
1282,NFCORE_CHIPSEQ:CHIPSEQ:MARK_DUPLICATES_PICARD:SAMTOOLS_INDEX,1702288255000,1702288264000,2,162.2,,1073741824.0,,,0.006962902246875,0.006962902246875,0.0,350.58,
1284,NFCORE_CHIPSEQ:CHIPSEQ:MARK_DUPLICATES_PICARD:BAM_STATS_SAMTOOLS:SAMTOOLS_IDXSTATS,1702288264000,1702288265000,2,119.4,,1073741824.0,,,0.0005795829947916666,0.0005795829947916666,0.0,350.58,
1296,NFCORE_CHIPSEQ:CHIPSEQ:FILTER_BAM_BAMTOOLS:BAM_REMOVE_ORPHANS,1702288264000,1702288265000,2,46.0,,1073741824.0,,,0.00024675719375,0.00024675719375,0.0,350.58,
1135,NFCORE_CHIPSEQ:CHIPSEQ:PRESEQ_LCEXTRAP,1702288115000,1702288269000,2,100.6,,1073741824.0,,,0.07612775314374998,0.07612775314374998,0.0,350.58,
1155,NFCORE_CHIPSEQ:CHIPSEQ:MARK_DUPLICATES_PICARD:BAM_STATS_SAMTOOLS:SAMTOOLS_FLAGSTAT,1702288260000,1702288272000,2,151.0,,1073741824.0,,,0.0086744447625,0.0086744447625,0.0,350.58,
1158,NFCORE_CHIPSEQ:CHIPSEQ:PRESEQ_LCEXTRAP,1702288116000,1702288273000,2,100.6,,1073741824.0,,,0.077610761321875,0.077610761321875,0.0,350.58,
1218,NFCORE_CHIPSEQ:CHIPSEQ:PRESEQ_LCEXTRAP,1702288180000,1702288274000,2,101.1,,1073741824.0,,,0.04668070691979166,0.04668070691979166,0.0,350.58,
1246,NFCORE_CHIPSEQ:CHIPSEQ:MARK_DUPLICATES_PICARD:BAM_STATS_SAMTOOLS:SAMTOOLS_IDXSTATS,1702288274000,1702288275000,2,80.7,,1073741824.0,,,0.00040410127135416676,0.00040410127135416676,0.0,350.58,
1261,NFCORE_CHIPSEQ:CHIPSEQ:MARK_DUPLICATES_PICARD:BAM_STATS_SAMTOOLS:SAMTOOLS_FLAGSTAT,1702288262000,1702288271000,2,151.6,,1073741824.0,,,0.006530319393749999,0.006530319393749999,0.0,350.58,
1287,NFCORE_CHIPSEQ:CHIPSEQ:MARK_DUPLICATES_PICARD:BAM_STATS_SAMTOOLS:SAMTOOLS_FLAGSTAT,1702288267000,1702288277000,2,151.8,,1073741824.0,,,0.007264979260416669,0.007264979260416669,0.0,350.58,
1299,NFCORE_CHIPSEQ:CHIPSEQ:FILTER_BAM_BAMTOOLS:BAM_REMOVE_ORPHANS,1702288268000,1702288271000,2,109.1,,1073741824.0,,,0.0015986356703125,0.0015986356703125,0.0,350.58,
1300,NFCORE_CHIPSEQ:CHIPSEQ:FILTER_BAM_BAMTOOLS:BAM_REMOVE_ORPHANS,1702288272000,1702288274000,2,18.9,,1073741824.0,,,0.0002477492864583333,0.0002477492864583333,0.0,350.58,
1301,NFCORE_CHIPSEQ:CHIPSEQ:FILTER_BAM_BAMTOOLS:BAM_REMOVE_ORPHANS,1702288272000,1702288273000,2,25.4,,1073741824.0,,,0.0001533483177083333,0.0001533483177083333,0.0,350.58,
1305,NFCORE_CHIPSEQ:CHIPSEQ:MARK_DUPLICATES_PICARD:BAM_STATS_SAMTOOLS:SAMTOOLS_IDXSTATS,1702288278000,1702288278000,2,105.8,,1073741824.0,,,0.0,0.0,0.0,350.58,
1226,NFCORE_CHIPSEQ:CHIPSEQ:MARK_DUPLICATES_PICARD:BAM_STATS_SAMTOOLS:SAMTOOLS_IDXSTATS,1702288277000,1702288278000,2,90.4,,1073741824.0,,,0.00044808506250000005,0.00044808506250000005,0.0,350.58,
1276,NFCORE_CHIPSEQ:CHIPSEQ:FILTER_BAM_BAMTOOLS:BAM_REMOVE_ORPHANS,1702288277000,1702288278000,2,58.2,,1073741824.0,,,0.0003020770135416667,0.0003020770135416667,0.0,350.58,
1295,NFCORE_CHIPSEQ:CHIPSEQ:FILTER_BAM_BAMTOOLS:BAM_REMOVE_ORPHANS,1702288281000,1702288282000,2,82.8,,1073741824.0,,,0.0004136235354166667,0.0004136235354166667,0.0,350.58,
981,NFCORE_CHIPSEQ:CHIPSEQ:MARK_DUPLICATES_PICARD:PICARD_MARKDUPLICATES,1702287939000,1702288279000,2,106.1,,21180186624.0,,,0.41959768337760417,0.41959768337760417,0.0,350.58,
1003,NFCORE_CHIPSEQ:CHIPSEQ:MARK_DUPLICATES_PICARD:PICARD_MARKDUPLICATES,1702287960000,1702288284000,2,106.3,,21180186624.0,,,0.4001457399046875,0.4001457399046875,0.0,350.58,
1247,NFCORE_CHIPSEQ:CHIPSEQ:MARK_DUPLICATES_PICARD:BAM_STATS_SAMTOOLS:SAMTOOLS_FLAGSTAT,1702288275000,1702288282000,2,155.1,,1073741824.0,,,0.005190230386979166,0.005190230386979166,0.0,350.58,
1273,NFCORE_CHIPSEQ:CHIPSEQ:MARK_DUPLICATES_PICARD:BAM_STATS_SAMTOOLS:SAMTOOLS_IDXSTATS,1702288285000,1702288285000,2,97.0,,1073741824.0,,,0.0,0.0,0.0,350.58,
1304,NFCORE_CHIPSEQ:CHIPSEQ:MARK_DUPLICATES_PICARD:BAM_STATS_SAMTOOLS:SAMTOOLS_FLAGSTAT,1702288279000,1702288290000,2,148.8,,1073741824.0,,,0.007841841608333334,0.007841841608333334,0.0,350.58,
1198,NFCORE_CHIPSEQ:CHIPSEQ:FILTER_BAM_BAMTOOLS:BAM_FILTER,1702288033000,1702288292000,2,136.5,,1073741824.0,,,0.17019445055885418,0.17019445055885418,0.0,350.58,
1203,NFCORE_CHIPSEQ:CHIPSEQ:PRESEQ_LCEXTRAP,1702288225000,1702288295000,2,100.6,,1073741824.0,,,0.034603524156249996,0.034603524156249996,0.0,350.58,
1225,NFCORE_CHIPSEQ:CHIPSEQ:MARK_DUPLICATES_PICARD:BAM_STATS_SAMTOOLS:SAMTOOLS_FLAGSTAT,1702288285000,1702288292000,2,163.1,,1073741824.0,,,0.005444157428645832,0.005444157428645832,0.0,350.58,
978,NFCORE_CHIPSEQ:CHIPSEQ:MARK_DUPLICATES_PICARD:PICARD_MARKDUPLICATES,1702287956000,1702288297000,2,106.3,,21180186624.0,,,0.4211410410725261,0.4211410410725261,0.0,350.58,
1133,NFCORE_CHIPSEQ:CHIPSEQ:PRESEQ_LCEXTRAP,1702288143000,1702288299000,2,100.7,,1073741824.0,,,0.07718716208125001,0.07718716208125001,0.0,350.58,
1168,NFCORE_CHIPSEQ:CHIPSEQ:PRESEQ_LCEXTRAP,1702288140000,1702288300000,2,100.7,,1073741824.0,,,0.07916632008333332,0.07916632008333332,0.0,350.58,
1262,NFCORE_CHIPSEQ:CHIPSEQ:MARK_DUPLICATES_PICARD:BAM_STATS_SAMTOOLS:SAMTOOLS_STATS,1702288265000,1702288300000,2,133.6,,1073741824.0,,,0.0225390073125,0.0225390073125,0.0,350.58,
1279,NFCORE_CHIPSEQ:CHIPSEQ:MARK_DUPLICATES_PICARD:BAM_STATS_SAMTOOLS:SAMTOOLS_IDXSTATS,1702288301000,1702288302000,2,111.9,,1073741824.0,,,0.0005455749088541667,0.0005455749088541667,0.0,350.58,
1316,NFCORE_CHIPSEQ:CHIPSEQ:FILTER_BAM_BAMTOOLS:BAM_REMOVE_ORPHANS,1702288299000,1702288300000,2,18.4,,1073741824.0,,,0.00012160743749999998,0.00012160743749999998,0.0,350.58,
1228,NFCORE_CHIPSEQ:CHIPSEQ:MARK_DUPLICATES_PICARD:BAM_STATS_SAMTOOLS:SAMTOOLS_STATS,1702288280000,1702288305000,2,131.9,,1073741824.0,,,0.015906578450520834,0.015906578450520834,0.0,350.58,
1245,NFCORE_CHIPSEQ:CHIPSEQ:MARK_DUPLICATES_PICARD:BAM_STATS_SAMTOOLS:SAMTOOLS_STATS,1702288275000,1702288302000,2,131.8,,1073741824.0,,,0.017166861815625,0.017166861815625,0.0,350.58,
1263,NFCORE_CHIPSEQ:CHIPSEQ:MARK_DUPLICATES_PICARD:BAM_STATS_SAMTOOLS:SAMTOOLS_IDXSTATS,1702288303000,1702288306000,2,111.9,,1073741824.0,,,0.0016367247265624998,0.0016367247265624998,0.0,350.58,
1275,NFCORE_CHIPSEQ:CHIPSEQ:MARK_DUPLICATES_PICARD:BAM_STATS_SAMTOOLS:SAMTOOLS_FLAGSTAT,1702288296000,1702288306000,2,157.6,,1073741824.0,,,0.007527975125000001,0.007527975125000001,0.0,350.58,
1313,NFCORE_CHIPSEQ:CHIPSEQ:MARK_DUPLICATES_PICARD:SAMTOOLS_INDEX,1702288292000,1702288305000,2,162.4,,1073741824.0,,,0.010069314937499999,0.010069314937499999,0.0,350.58,
1314,NFCORE_CHIPSEQ:CHIPSEQ:MARK_DUPLICATES_PICARD:SAMTOOLS_INDEX,1702288295000,1702288305000,2,163.5,,1073741824.0,,,0.007795505401041668,0.007795505401041668,0.0,350.58,
983,NFCORE_CHIPSEQ:CHIPSEQ:MARK_DUPLICATES_PICARD:PICARD_MARKDUPLICATES,1702287972000,1702288306000,2,106.7,,21180186624.0,,,0.413101714433073,0.413101714433073,0.0,350.58,
985,NFCORE_CHIPSEQ:CHIPSEQ:MARK_DUPLICATES_PICARD:PICARD_MARKDUPLICATES,1702287975000,1702288308000,2,106.4,,21180186624.0,,,0.4114118952480469,0.4114118952480469,0.0,350.58,
1174,NFCORE_CHIPSEQ:CHIPSEQ:FILTER_BAM_BAMTOOLS:BAM_FILTER,1702288075000,1702288306000,2,140.1,,1073741824.0,,,0.15556586706718747,0.15556586706718747,0.0,350.58,
1187,NFCORE_CHIPSEQ:CHIPSEQ:FILTER_BAM_BAMTOOLS:BAM_FILTER,1702288028000,1702288311000,2,136.7,,1073741824.0,,,0.18622201258489585,0.18622201258489585,0.0,350.58,
1264,NFCORE_CHIPSEQ:CHIPSEQ:MARK_DUPLICATES_PICARD:BAM_STATS_SAMTOOLS:SAMTOOLS_FLAGSTAT,1702288303000,1702288311000,2,156.7,,1073741824.0,,,0.0059897323374999995,0.0059897323374999995,0.0,350.58,
1277,NFCORE_CHIPSEQ:CHIPSEQ:MARK_DUPLICATES_PICARD:BAM_STATS_SAMTOOLS:SAMTOOLS_FLAGSTAT,1702288301000,1702288311000,2,141.8,,1073741824.0,,,0.006811538114583334,0.006811538114583334,0.0,350.58,
1286,NFCORE_CHIPSEQ:CHIPSEQ:MARK_DUPLICATES_PICARD:BAM_STATS_SAMTOOLS:SAMTOOLS_STATS,1702288267000,1702288311000,2,133.4,,1073741824.0,,,0.02829484922916667,0.02829484922916667,0.0,350.58,
991,NFCORE_CHIPSEQ:CHIPSEQ:MARK_DUPLICATES_PICARD:PICARD_MARKDUPLICATES,1702287990000,1702288313000,2,106.0,,21180186624.0,,,0.3984713377186198,0.3984713377186198,0.0,350.58,
1177,NFCORE_CHIPSEQ:CHIPSEQ:FILTER_BAM_BAMTOOLS:BAM_FILTER,1702288056000,1702288312000,2,137.6,,1073741824.0,,,0.16949997653333335,0.16949997653333335,0.0,350.58,
1243,NFCORE_CHIPSEQ:CHIPSEQ:PRESEQ_LCEXTRAP,1702288222000,1702288318000,2,100.7,,1073741824.0,,,0.047499792049999996,0.047499792049999996,0.0,350.58,
1303,NFCORE_CHIPSEQ:CHIPSEQ:MARK_DUPLICATES_PICARD:BAM_STATS_SAMTOOLS:SAMTOOLS_STATS,1702288280000,1702288321000,2,131.9,,1073741824.0,,,0.026086788658854165,0.026086788658854165,0.0,350.58,
1317,NFCORE_CHIPSEQ:CHIPSEQ:MARK_DUPLICATES_PICARD:SAMTOOLS_INDEX,1702288305000,1702288319000,2,155.5,,1073741824.0,,,0.010405853478124998,0.010405853478124998,0.0,350.58,
1332,NFCORE_CHIPSEQ:CHIPSEQ:FILTER_BAM_BAMTOOLS:BAM_REMOVE_ORPHANS,1702288323000,1702288324000,2,40.2,,1073741824.0,,,0.0002204576072916667,0.0002204576072916667,0.0,350.58,
1333,NFCORE_CHIPSEQ:CHIPSEQ:FILTER_BAM_BAMTOOLS:BAM_REMOVE_ORPHANS,1702288315000,1702288317000,2,9.1,,1073741824.0,,,0.000158874821875,0.000158874821875,0.0,350.58,
1212,NFCORE_CHIPSEQ:CHIPSEQ:FILTER_BAM_BAMTOOLS:BAM_FILTER,1702288180000,1702288325000,2,135.3,,1073741824.0,,,0.09449361986197917,0.09449361986197917,0.0,350.58,
1229,NFCORE_CHIPSEQ:CHIPSEQ:FILTER_BAM_BAMTOOLS:BAM_FILTER,1702288202000,1702288326000,2,140.0,,1073741824.0,,,0.08345099198333332,0.08345099198333332,0.0,350.58,
1248,NFCORE_CHIPSEQ:CHIPSEQ:FILTER_BAM_BAMTOOLS:BAM_FILTER,1702288226000,1702288326000,2,141.2,,1073741824.0,,,0.06784331645833333,0.06784331645833333,0.0,350.58,
1272,NFCORE_CHIPSEQ:CHIPSEQ:MARK_DUPLICATES_PICARD:BAM_STATS_SAMTOOLS:SAMTOOLS_STATS,1702288288000,1702288325000,2,134.7,,1073741824.0,,,0.024011501133854165,0.024011501133854165,0.0,350.58,
1322,NFCORE_CHIPSEQ:CHIPSEQ:MARK_DUPLICATES_PICARD:BAM_STATS_SAMTOOLS:SAMTOOLS_IDXSTATS,1702288330000,1702288331000,2,79.0,,1073741824.0,,,0.000396392771875,0.000396392771875,0.0,350.58,
1329,NFCORE_CHIPSEQ:CHIPSEQ:MARK_DUPLICATES_PICARD:SAMTOOLS_INDEX,1702288315000,1702288326000,2,157.4,,1073741824.0,,,0.008270796932291666,0.008270796932291666,0.0,350.58,
1330,NFCORE_CHIPSEQ:CHIPSEQ:MARK_DUPLICATES_PICARD:SAMTOOLS_INDEX,1702288317000,1702288330000,2,157.5,,1073741824.0,,,0.009780472927604165,0.009780472927604165,0.0,350.58,
1336,NFCORE_CHIPSEQ:CHIPSEQ:FILTER_BAM_BAMTOOLS:BAM_REMOVE_ORPHANS,1702288330000,1702288331000,2,18.0,,1073741824.0,,,0.00011979367291666665,0.00011979367291666665,0.0,350.58,
966,NFCORE_CHIPSEQ:CHIPSEQ:MARK_DUPLICATES_PICARD:PICARD_MARKDUPLICATES,1702287967000,1702288327000,2,106.1,,21180186624.0,,,0.444279900046875,0.444279900046875,0.0,350.58,
1278,NFCORE_CHIPSEQ:CHIPSEQ:MARK_DUPLICATES_PICARD:BAM_STATS_SAMTOOLS:SAMTOOLS_STATS,1702288302000,1702288336000,2,132.4,,1073741824.0,,,0.021710031687500003,0.021710031687500003,0.0,350.58,
1298,NFCORE_CHIPSEQ:CHIPSEQ:FILTER_BAM_BAMTOOLS:BAM_SORT_SAMTOOLS:SAMTOOLS_SORT,1702288309000,1702288336000,5,423.9,,6309281792.0,,,0.05795409906210937,0.05795409906210937,0.0,350.58,
1335,NFCORE_CHIPSEQ:CHIPSEQ:MARK_DUPLICATES_PICARD:SAMTOOLS_INDEX,1702288321000,1702288336000,2,140.0,,1073741824.0,,,0.0100948780625,0.0100948780625,0.0,350.58,
1343,NFCORE_CHIPSEQ:CHIPSEQ:FILTER_BAM_BAMTOOLS:BAM_REMOVE_ORPHANS,1702288333000,1702288336000,2,20.3,,1073741824.0,,,0.0003906684578125,0.0003906684578125,0.0,350.58,
1344,NFCORE_CHIPSEQ:CHIPSEQ:FILTER_BAM_BAMTOOLS:BAM_REMOVE_ORPHANS,1702288335000,1702288336000,2,10.6,,1073741824.0,,,8.6239028125e-05,8.6239028125e-05,0.0,350.58,
1345,NFCORE_CHIPSEQ:CHIPSEQ:FILTER_BAM_BAMTOOLS:BAM_REMOVE_ORPHANS,1702288335000,1702288336000,2,33.7,,1073741824.0,,,0.0001909839328125,0.0001909839328125,0.0,350.58,
967,NFCORE_CHIPSEQ:CHIPSEQ:MARK_DUPLICATES_PICARD:PICARD_MARKDUPLICATES,1702287981000,1702288337000,2,106.0,,21180186624.0,,,0.43918203166510417,0.43918203166510417,0.0,350.58,
1204,NFCORE_CHIPSEQ:CHIPSEQ:FILTER_BAM_BAMTOOLS:BAM_SORT_SAMTOOLS:SAMTOOLS_SORT,1702288314000,1702288338000,5,406.3,,6309281792.0,,,0.04959941932187501,0.04959941932187501,0.0,350.58,
1265,NFCORE_CHIPSEQ:CHIPSEQ:MARK_DUPLICATES_PICARD:BAM_STATS_SAMTOOLS:SAMTOOLS_STATS,1702288309000,1702288342000,2,133.7,,1073741824.0,,,0.021266027595312497,0.021266027595312497,0.0,350.58,
1339,NFCORE_CHIPSEQ:CHIPSEQ:MARK_DUPLICATES_PICARD:BAM_STATS_SAMTOOLS:SAMTOOLS_FLAGSTAT,1702288330000,1702288342000,2,135.5,,1073741824.0,,,0.00783104423125,0.00783104423125,0.0,350.58,
1351,NFCORE_CHIPSEQ:CHIPSEQ:MARK_DUPLICATES_PICARD:BAM_STATS_SAMTOOLS:SAMTOOLS_IDXSTATS,1702288341000,1702288342000,2,58.7,,1073741824.0,,,0.0003043442192708334,0.0003043442192708334,0.0,350.58,
1163,NFCORE_CHIPSEQ:CHIPSEQ:FILTER_BAM_BAMTOOLS:BAM_FILTER,1702288106000,1702288346000,2,140.0,,1073741824.0,,,0.161518049,0.161518049,0.0,350.58,
1170,NFCORE_CHIPSEQ:CHIPSEQ:FILTER_BAM_BAMTOOLS:BAM_FILTER,1702288080000,1702288352000,2,140.0,,1073741824.0,,,0.18305378886666665,0.18305378886666665,0.0,350.58,
1191,NFCORE_CHIPSEQ:CHIPSEQ:FILTER_BAM_BAMTOOLS:BAM_FILTER,1702288061000,1702288350000,2,139.6,,1073741824.0,,,0.19397047270625004,0.19397047270625004,0.0,350.58,
1257,NFCORE_CHIPSEQ:CHIPSEQ:PRESEQ_LCEXTRAP,1702288244000,1702288355000,2,100.8,,1073741824.0,,,0.054971966525000006,0.054971966525000006,0.0,350.58,
1321,NFCORE_CHIPSEQ:CHIPSEQ:MARK_DUPLICATES_PICARD:BAM_STATS_SAMTOOLS:SAMTOOLS_FLAGSTAT,1702288339000,1702288350000,2,147.5,,1073741824.0,,,0.007776999524479167,0.007776999524479167,0.0,350.58,
1338,NFCORE_CHIPSEQ:CHIPSEQ:MARK_DUPLICATES_PICARD:BAM_STATS_SAMTOOLS:SAMTOOLS_IDXSTATS,1702288353000,1702288354000,2,75.0,,1073741824.0,,,0.00037825512604166666,0.00037825512604166666,0.0,350.58,
1356,NFCORE_CHIPSEQ:CHIPSEQ:MARK_DUPLICATES_PICARD:SAMTOOLS_INDEX,1702288340000,1702288351000,2,161.1,,1073741824.0,,,0.008455347478645832,0.008455347478645832,0.0,350.58,
1358,NFCORE_CHIPSEQ:CHIPSEQ:FILTER_BAM_BAMTOOLS:BAM_SORT_SAMTOOLS:SAMTOOLS_INDEX,1702288347000,1702288356000,2,159.0,,1073741824.0,,,0.006832311196875,0.006832311196875,0.0,350.58,
1120,NFCORE_CHIPSEQ:CHIPSEQ:FILTER_BAM_BAMTOOLS:BAM_FILTER,1702288107000,1702288356000,2,139.1,,1073741824.0,,,0.1665588142296875,0.1665588142296875,0.0,350.58,
1367,NFCORE_CHIPSEQ:CHIPSEQ:MARK_DUPLICATES_PICARD:SAMTOOLS_INDEX,1702288346000,1702288360000,2,138.4,,1073741824.0,,,0.009320315375,0.009320315375,0.0,350.58,
1372,NFCORE_CHIPSEQ:CHIPSEQ:FILTER_BAM_BAMTOOLS:BAM_REMOVE_ORPHANS,1702288359000,1702288360000,2,56.1,,1073741824.0,,,0.00029255474947916665,0.00029255474947916665,0.0,350.58,
1373,NFCORE_CHIPSEQ:CHIPSEQ:FILTER_BAM_BAMTOOLS:BAM_REMOVE_ORPHANS,1702288356000,1702288357000,2,129.3,,1073741824.0,,,0.0006244736682291667,0.0006244736682291667,0.0,350.58,
1374,NFCORE_CHIPSEQ:CHIPSEQ:FILTER_BAM_BAMTOOLS:BAM_REMOVE_ORPHANS,1702288357000,1702288358000,2,63.4,,1073741824.0,,,0.000325655953125,0.000325655953125,0.0,350.58,
1378,NFCORE_CHIPSEQ:CHIPSEQ:MARK_DUPLICATES_PICARD:BAM_STATS_SAMTOOLS:SAMTOOLS_IDXSTATS,1702288361000,1702288362000,2,89.5,,1073741824.0,,,0.00044400409218749994,0.00044400409218749994,0.0,350.58,
1223,NFCORE_CHIPSEQ:CHIPSEQ:PRESEQ_LCEXTRAP,1702288278000,1702288366000,2,100.6,,1073741824.0,,,0.04350157322499999,0.04350157322499999,0.0,350.58,
1252,NFCORE_CHIPSEQ:CHIPSEQ:FILTER_BAM_BAMTOOLS:BAM_FILTER,1702288219000,1702288366000,2,139.4,,1073741824.0,,,0.09852986992187501,0.09852986992187501,0.0,350.58,
1254,NFCORE_CHIPSEQ:CHIPSEQ:FILTER_BAM_BAMTOOLS:BAM_SORT_SAMTOOLS:SAMTOOLS_SORT,1702288341000,1702288369000,5,402.3,,6309281792.0,,,0.057358135125520834,0.057358135125520834,0.0,350.58,
1323,NFCORE_CHIPSEQ:CHIPSEQ:MARK_DUPLICATES_PICARD:BAM_STATS_SAMTOOLS:SAMTOOLS_STATS,1702288324000,1702288369000,2,132.4,,1073741824.0,,,0.028733865468749998,0.028733865468749998,0.0,350.58,
1342,NFCORE_CHIPSEQ:CHIPSEQ:FILTER_BAM_BAMTOOLS:BAM_SORT_SAMTOOLS:SAMTOOLS_SORT,1702288339000,1702288372000,5,408.4,,6309281792.0,,,0.06851343628164061,0.06851343628164061,0.0,350.58,
1369,NFCORE_CHIPSEQ:CHIPSEQ:FILTER_BAM_BAMTOOLS:BAM_SORT_SAMTOOLS:SAMTOOLS_INDEX,1702288363000,1702288372000,2,151.2,,1073741824.0,,,0.006513995512499999,0.006513995512499999,0.0,350.58,
1382,NFCORE_CHIPSEQ:CHIPSEQ:FILTER_BAM_BAMTOOLS:BAM_REMOVE_ORPHANS,1702288366000,1702288369000,2,3.4,,1073741824.0,,,0.000160773796875,0.000160773796875,0.0,350.58,
1236,NFCORE_CHIPSEQ:CHIPSEQ:PRESEQ_LCEXTRAP,1702288268000,1702288375000,2,100.6,,1073741824.0,,,0.05289395835312499,0.05289395835312499,0.0,350.58,
1250,NFCORE_CHIPSEQ:CHIPSEQ:MARK_DUPLICATES_PICARD:BAM_STATS_SAMTOOLS:SAMTOOLS_FLAGSTAT,1702288369000,1702288377000,2,151.4,,1073741824.0,,,0.0057974732916666665,0.0057974732916666665,0.0,350.58,
1380,NFCORE_CHIPSEQ:CHIPSEQ:FILTER_BAM_BAMTOOLS:BAM_SORT_SAMTOOLS:BAM_STATS_SAMTOOLS:SAMTOOLS_FLAGSTAT,1702288371000,1702288380000,2,149.7,,1073741824.0,,,0.0064527809578125,0.0064527809578125,0.0,350.58,
1390,NFCORE_CHIPSEQ:CHIPSEQ:FILTER_BAM_BAMTOOLS:BAM_REMOVE_ORPHANS,1702288380000,1702288381000,2,79.5,,1073741824.0,,,0.0003986599776041666,0.0003986599776041666,0.0,350.58,
1353,NFCORE_CHIPSEQ:CHIPSEQ:MARK_DUPLICATES_PICARD:BAM_STATS_SAMTOOLS:SAMTOOLS_STATS,1702288341000,1702288384000,2,132.4,,1073741824.0,,,0.027456804781250007,0.027456804781250007,0.0,350.58,
1377,NFCORE_CHIPSEQ:CHIPSEQ:MARK_DUPLICATES_PICARD:BAM_STATS_SAMTOOLS:SAMTOOLS_FLAGSTAT,1702288373000,1702288386000,2,152.2,,1073741824.0,,,0.009468051978125,0.009468051978125,0.0,350.58,
1249,NFCORE_CHIPSEQ:CHIPSEQ:MARK_DUPLICATES_PICARD:BAM_STATS_SAMTOOLS:SAMTOOLS_IDXSTATS,1702288384000,1702288386000,2,98.2,,1073741824.0,,,0.00096690694375,0.00096690694375,0.0,350.58,
1266,NFCORE_CHIPSEQ:CHIPSEQ:FILTER_BAM_BAMTOOLS:BAM_FILTER,1702288243000,1702288386000,2,135.9,,1073741824.0,,,0.09357931209114582,0.09357931209114582,0.0,350.58,
1327,NFCORE_CHIPSEQ:CHIPSEQ:MARK_DUPLICATES_PICARD:BAM_STATS_SAMTOOLS:SAMTOOLS_IDXSTATS,1702288388000,1702288389000,2,32.7,,1073741824.0,,,0.00018644952135416667,0.00018644952135416667,0.0,350.58,
1352,NFCORE_CHIPSEQ:CHIPSEQ:MARK_DUPLICATES_PICARD:BAM_STATS_SAMTOOLS:SAMTOOLS_FLAGSTAT,1702288378000,1702288389000,2,148.9,,1073741824.0,,,0.007846829460937501,0.007846829460937501,0.0,350.58,
1364,NFCORE_CHIPSEQ:CHIPSEQ:FILTER_BAM_BAMTOOLS:BAM_SORT_SAMTOOLS:SAMTOOLS_SORT,1702288376000,1702288392000,5,400.6,,6309281792.0,,,0.03265274122291666,0.03265274122291666,0.0,350.58,
1392,NFCORE_CHIPSEQ:CHIPSEQ:FILTER_BAM_BAMTOOLS:BAM_SORT_SAMTOOLS:SAMTOOLS_INDEX,1702288375000,1702288386000,2,151.1,,1073741824.0,,,0.007956562218229168,0.007956562218229168,0.0,350.58,
1215,NFCORE_CHIPSEQ:CHIPSEQ:PRESEQ_LCEXTRAP,1702288303000,1702288388000,2,100.6,,1073741824.0,,,0.04201856504687499,0.04201856504687499,0.0,350.58,
1268,NFCORE_CHIPSEQ:CHIPSEQ:PRESEQ_LCEXTRAP,1702288271000,1702288398000,2,100.7,,1073741824.0,,,0.06283826656614583,0.06283826656614583,0.0,350.58,
1294,NFCORE_CHIPSEQ:CHIPSEQ:FILTER_BAM_BAMTOOLS:BAM_FILTER,1702288301000,1702288392000,2,141.9,,1073741824.0,,,0.06202625998697917,0.06202625998697917,0.0,350.58,
1340,NFCORE_CHIPSEQ:CHIPSEQ:MARK_DUPLICATES_PICARD:BAM_STATS_SAMTOOLS:SAMTOOLS_STATS,1702288353000,1702288397000,2,132.0,,1073741824.0,,,0.028015529483333333,0.028015529483333333,0.0,350.58,
1348,NFCORE_CHIPSEQ:CHIPSEQ:MARK_DUPLICATES_PICARD:BAM_STATS_SAMTOOLS:SAMTOOLS_FLAGSTAT,1702288388000,1702288399000,2,154.1,,1073741824.0,,,0.008106197796354167,0.008106197796354167,0.0,350.58,
1379,NFCORE_CHIPSEQ:CHIPSEQ:FILTER_BAM_BAMTOOLS:BAM_SORT_SAMTOOLS:BAM_STATS_SAMTOOLS:SAMTOOLS_IDXSTATS,1702288393000,1702288395000,1,42.7,,1073741824.0,,,0.000463587271875,0.000463587271875,0.0,350.58,
1397,NFCORE_CHIPSEQ:CHIPSEQ:FILTER_BAM_BAMTOOLS:BAM_SORT_SAMTOOLS:BAM_STATS_SAMTOOLS:SAMTOOLS_FLAGSTAT,1702288389000,1702288396000,2,147.6,,1073741824.0,,,0.004952173785416666,0.004952173785416666,0.0,350.58,
1403,NFCORE_CHIPSEQ:CHIPSEQ:FILTER_BAM_BAMTOOLS:BAM_REMOVE_ORPHANS,1702288395000,1702288396000,2,7.5,,1073741824.0,,,7.218235260416667e-05,7.218235260416667e-05,0.0,350.58,
1251,NFCORE_CHIPSEQ:CHIPSEQ:MARK_DUPLICATES_PICARD:BAM_STATS_SAMTOOLS:SAMTOOLS_STATS,1702288372000,1702288402000,2,131.6,,1073741824.0,,,0.019047084437499997,0.019047084437499997,0.0,350.58,
1325,NFCORE_CHIPSEQ:CHIPSEQ:MARK_DUPLICATES_PICARD:BAM_STATS_SAMTOOLS:SAMTOOLS_FLAGSTAT,1702288393000,1702288403000,2,151.5,,1073741824.0,,,0.007251376026041666,0.007251376026041666,0.0,350.58,
1346,NFCORE_CHIPSEQ:CHIPSEQ:MARK_DUPLICATES_PICARD:BAM_STATS_SAMTOOLS:SAMTOOLS_IDXSTATS,1702288400000,1702288401000,2,116.8,,1073741824.0,,,0.0005677935249999999,0.0005677935249999999,0.0,350.58,
1360,NFCORE_CHIPSEQ:CHIPSEQ:MARK_DUPLICATES_PICARD:BAM_STATS_SAMTOOLS:SAMTOOLS_IDXSTATS,1702288407000,1702288409000,2,15.0,,1073741824.0,,,0.00021238087708333334,0.00021238087708333334,0.0,350.58,
1376,NFCORE_CHIPSEQ:CHIPSEQ:MARK_DUPLICATES_PICARD:BAM_STATS_SAMTOOLS:SAMTOOLS_STATS,1702288364000,1702288409000,2,133.7,,1073741824.0,,,0.028999128539062502,0.028999128539062502,0.0,350.58,
1394,NFCORE_CHIPSEQ:CHIPSEQ:FILTER_BAM_BAMTOOLS:BAM_SORT_SAMTOOLS:SAMTOOLS_INDEX,1702288389000,1702288402000,2,158.9,,1073741824.0,,,0.009862999216145831,0.009862999216145831,0.0,350.58,
1398,NFCORE_CHIPSEQ:CHIPSEQ:FILTER_BAM_BAMTOOLS:BAM_SORT_SAMTOOLS:BAM_STATS_SAMTOOLS:SAMTOOLS_IDXSTATS,1702288406000,1702288407000,1,51.8,,1073741824.0,,,0.00027305678020833336,0.00027305678020833336,0.0,350.58,
1406,NFCORE_CHIPSEQ:CHIPSEQ:FILTER_BAM_BAMTOOLS:BAM_SORT_SAMTOOLS:SAMTOOLS_INDEX,1702288404000,1702288409000,2,154.3,,1073741824.0,,,0.0036891697734375,0.0036891697734375,0.0,350.58,
1407,NFCORE_CHIPSEQ:CHIPSEQ:FILTER_BAM_BAMTOOLS:BAM_SORT_SAMTOOLS:BAM_STATS_SAMTOOLS:SAMTOOLS_IDXSTATS,1702288406000,1702288407000,1,64.0,,1073741824.0,,,0.0003283766,0.0003283766,0.0,350.58,
1410,NFCORE_CHIPSEQ:CHIPSEQ:FILTER_BAM_BAMTOOLS:BAM_REMOVE_ORPHANS,1702288402000,1702288402000,2,65.6,,1073741824.0,,,0.0,0.0,0.0,350.58,
1042,NFCORE_CHIPSEQ:CHIPSEQ:MARK_DUPLICATES_PICARD:PICARD_MARKDUPLICATES,1702288199000,1702288406000,2,108.1,,21180186624.0,,,0.25733818887070314,0.25733818887070314,0.0,350.58,
1230,NFCORE_CHIPSEQ:CHIPSEQ:MARK_DUPLICATES_PICARD:BAM_STATS_SAMTOOLS:SAMTOOLS_IDXSTATS,1702288406000,1702288407000,2,106.7,,1073741824.0,,,0.0005219959692708334,0.0005219959692708334,0.0,350.58,
1240,NFCORE_CHIPSEQ:CHIPSEQ:BEDTOOLS_GENOMECOV,1702288213000,1702288415000,2,122.5,,4567597056.0,,,0.14500674135208333,0.14500674135208333,0.0,350.58,
1274,NFCORE_CHIPSEQ:CHIPSEQ:FILTER_BAM_BAMTOOLS:BAM_FILTER,1702288262000,1702288415000,2,136.2,,1073741824.0,,,0.100331449415625,0.100331449415625,0.0,350.58,
1280,NFCORE_CHIPSEQ:CHIPSEQ:FILTER_BAM_BAMTOOLS:BAM_FILTER,1702288259000,1702288411000,2,139.3,,1073741824.0,,,0.10181230298749999,0.10181230298749999,0.0,350.58,
1409,NFCORE_CHIPSEQ:CHIPSEQ:FILTER_BAM_BAMTOOLS:BAM_SORT_SAMTOOLS:BAM_STATS_SAMTOOLS:SAMTOOLS_FLAGSTAT,1702288404000,1702288412000,2,141.3,,1073741824.0,,,0.005431092845833332,0.005431092845833332,0.0,350.58,
1415,NFCORE_CHIPSEQ:CHIPSEQ:FILTER_BAM_BAMTOOLS:BAM_SORT_SAMTOOLS:BAM_STATS_SAMTOOLS:SAMTOOLS_IDXSTATS,1702288419000,1702288419000,1,84.2,,1073741824.0,,,0.0,0.0,0.0,350.58,
1418,NFCORE_CHIPSEQ:CHIPSEQ:FILTER_BAM_BAMTOOLS:BAM_SORT_SAMTOOLS:BAM_STATS_SAMTOOLS:SAMTOOLS_FLAGSTAT,1702288416000,1702288421000,2,146.5,,1073741824.0,,,0.0035123277265625007,0.0035123277265625007,0.0,350.58,
1416,NFCORE_CHIPSEQ:CHIPSEQ:FILTER_BAM_BAMTOOLS:BAM_SORT_SAMTOOLS:BAM_STATS_SAMTOOLS:SAMTOOLS_IDXSTATS,1702288419000,1702288419000,1,73.6,,1073741824.0,,,0.0,0.0,0.0,350.58,
1025,NFCORE_CHIPSEQ:CHIPSEQ:MARK_DUPLICATES_PICARD:PICARD_MARKDUPLICATES,1702288177000,1702288415000,2,108.0,,21180186624.0,,,0.29576883922578123,0.29576883922578123,0.0,350.58,
1232,NFCORE_CHIPSEQ:CHIPSEQ:MARK_DUPLICATES_PICARD:BAM_STATS_SAMTOOLS:SAMTOOLS_FLAGSTAT,1702288411000,1702288419000,2,154.9,,1073741824.0,,,0.005924436812500001,0.005924436812500001,0.0,350.58,
1362,NFCORE_CHIPSEQ:CHIPSEQ:MARK_DUPLICATES_PICARD:BAM_STATS_SAMTOOLS:SAMTOOLS_FLAGSTAT,1702288412000,1702288425000,2,147.4,,1073741824.0,,,0.009185104703124999,0.009185104703124999,0.0,350.58,
1383,NFCORE_CHIPSEQ:CHIPSEQ:MARK_DUPLICATES_PICARD:BAM_STATS_SAMTOOLS:SAMTOOLS_IDXSTATS,1702288427000,1702288429000,2,95.8,,1073741824.0,,,0.00094514176875,0.00094514176875,0.0,350.58,
1413,NFCORE_CHIPSEQ:CHIPSEQ:FILTER_BAM_BAMTOOLS:BAM_SORT_SAMTOOLS:BAM_STATS_SAMTOOLS:SAMTOOLS_FLAGSTAT,1702288413000,1702288425000,2,149.4,,1073741824.0,,,0.0085873840625,0.0085873840625,0.0,350.58,
1423,NFCORE_CHIPSEQ:CHIPSEQ:FILTER_BAM_BAMTOOLS:BAM_REMOVE_ORPHANS,1702288422000,1702288425000,2,10.5,,1073741824.0,,,0.0002573567609375,0.0002573567609375,0.0,350.58,
1424,NFCORE_CHIPSEQ:CHIPSEQ:FILTER_BAM_BAMTOOLS:BAM_REMOVE_ORPHANS,1702288428000,1702288431000,2,6.4,,1073741824.0,,,0.00020158349999999998,0.00020158349999999998,0.0,350.58,
1045,NFCORE_CHIPSEQ:CHIPSEQ:MARK_DUPLICATES_PICARD:PICARD_MARKDUPLICATES,1702288239000,1702288433000,2,108.7,,21180186624.0,,,0.2417046588315104,0.2417046588315104,0.0,350.58,
1231,NFCORE_CHIPSEQ:CHIPSEQ:MARK_DUPLICATES_PICARD:BAM_STATS_SAMTOOLS:SAMTOOLS_STATS,1702288401000,1702288433000,2,131.9,,1073741824.0,,,0.020360420416666667,0.020360420416666667,0.0,350.58,
1259,NFCORE_CHIPSEQ:CHIPSEQ:FILTER_BAM_BAMTOOLS:BAM_FILTER,1702288239000,1702288432000,2,137.8,,1073741824.0,,,0.12796211996562498,0.12796211996562498,0.0,350.58,
1315,NFCORE_CHIPSEQ:CHIPSEQ:PRESEQ_LCEXTRAP,1702288303000,1702288432000,2,100.6,,1073741824.0,,,0.063769351659375,0.063769351659375,0.0,350.58,
1324,NFCORE_CHIPSEQ:CHIPSEQ:MARK_DUPLICATES_PICARD:BAM_STATS_SAMTOOLS:SAMTOOLS_STATS,1702288392000,1702288434000,2,132.8,,1073741824.0,,,0.026894452550000007,0.026894452550000007,0.0,350.58,
1349,NFCORE_CHIPSEQ:CHIPSEQ:MARK_DUPLICATES_PICARD:BAM_STATS_SAMTOOLS:SAMTOOLS_STATS,1702288395000,1702288438000,2,134.0,,1073741824.0,,,0.027768772289583334,0.027768772289583334,0.0,350.58,
1381,NFCORE_CHIPSEQ:CHIPSEQ:FILTER_BAM_BAMTOOLS:BAM_SORT_SAMTOOLS:BAM_STATS_SAMTOOLS:SAMTOOLS_STATS,1702288399000,1702288437000,2,129.6,,1073741824.0,,,0.023781691683333328,0.023781691683333328,0.0,350.58,
1384,NFCORE_CHIPSEQ:CHIPSEQ:MARK_DUPLICATES_PICARD:BAM_STATS_SAMTOOLS:SAMTOOLS_FLAGSTAT,1702288427000,1702288439000,2,146.1,,1073741824.0,,,0.008407821368749999,0.008407821368749999,0.0,350.58,
1421,NFCORE_CHIPSEQ:CHIPSEQ:MARK_DUPLICATES_PICARD:SAMTOOLS_INDEX,1702288435000,1702288442000,2,159.6,,1073741824.0,,,0.005333064347916667,0.005333064347916667,0.0,350.58,
1312,NFCORE_CHIPSEQ:CHIPSEQ:PRESEQ_LCEXTRAP,1702288309000,1702288440000,2,100.3,,1073741824.0,,,0.0645798214078125,0.0645798214078125,0.0,350.58,
1318,NFCORE_CHIPSEQ:CHIPSEQ:PRESEQ_LCEXTRAP,1702288309000,1702288442000,2,100.7,,1073741824.0,,,0.06580700356927083,0.06580700356927083,0.0,350.58,
1399,NFCORE_CHIPSEQ:CHIPSEQ:FILTER_BAM_BAMTOOLS:BAM_SORT_SAMTOOLS:BAM_STATS_SAMTOOLS:SAMTOOLS_STATS,1702288418000,1702288447000,2,130.0,,1073741824.0,,,0.01820178493125,0.01820178493125,0.0,350.58,
1428,NFCORE_CHIPSEQ:CHIPSEQ:MARK_DUPLICATES_PICARD:SAMTOOLS_INDEX,1702288436000,1702288445000,2,159.8,,1073741824.0,,,0.006864958959375,0.006864958959375,0.0,350.58,
1434,NFCORE_CHIPSEQ:CHIPSEQ:FILTER_BAM_BAMTOOLS:BAM_REMOVE_ORPHANS,1702288439000,1702288440000,2,8.0,,1073741824.0,,,7.444955833333333e-05,7.444955833333333e-05,0.0,350.58,
1001,NFCORE_CHIPSEQ:CHIPSEQ:MARK_DUPLICATES_PICARD:PICARD_MARKDUPLICATES,1702288131000,1702288450000,2,106.0,,21180186624.0,,,0.393536708149349,0.393536708149349,0.0,350.58,
1219,NFCORE_CHIPSEQ:CHIPSEQ:FILTER_BAM_BAMTOOLS:BAM_SORT_SAMTOOLS:BAM_STATS_SAMTOOLS:SAMTOOLS_STATS,1702288425000,1702288450000,2,127.8,,1073741824.0,,,0.015441801276041667,0.015441801276041667,0.0,350.58,
1293,NFCORE_CHIPSEQ:CHIPSEQ:MARK_DUPLICATES_PICARD:BAM_STATS_SAMTOOLS:SAMTOOLS_IDXSTATS,1702288456000,1702288456000,2,97.6,,1073741824.0,,,0.0,0.0,0.0,350.58,
1292,NFCORE_CHIPSEQ:CHIPSEQ:MARK_DUPLICATES_PICARD:BAM_STATS_SAMTOOLS:SAMTOOLS_FLAGSTAT,1702288442000,1702288450000,2,154.6,,1073741824.0,,,0.005913554225,0.005913554225,0.0,350.58,
1334,NFCORE_CHIPSEQ:CHIPSEQ:PRESEQ_LCEXTRAP,1702288322000,1702288452000,2,100.0,,1073741824.0,,,0.063910003625,0.063910003625,0.0,350.58,
1363,NFCORE_CHIPSEQ:CHIPSEQ:MARK_DUPLICATES_PICARD:BAM_STATS_SAMTOOLS:SAMTOOLS_STATS,1702288412000,1702288453000,2,132.8,,1073741824.0,,,0.026254108441666663,0.026254108441666663,0.0,350.58,
1432,NFCORE_CHIPSEQ:CHIPSEQ:MARK_DUPLICATES_PICARD:SAMTOOLS_INDEX,1702288445000,1702288453000,2,155.8,,1073741824.0,,,0.005957084575,0.005957084575,0.0,350.58,
1436,NFCORE_CHIPSEQ:CHIPSEQ:MARK_DUPLICATES_PICARD:BAM_STATS_SAMTOOLS:SAMTOOLS_FLAGSTAT,1702288445000,1702288457000,2,105.0,,1073741824.0,,,0.006171449637499999,0.006171449637499999,0.0,350.58,
1442,NFCORE_CHIPSEQ:CHIPSEQ:MARK_DUPLICATES_PICARD:BAM_STATS_SAMTOOLS:SAMTOOLS_IDXSTATS,1702288454000,1702288455000,2,66.2,,1073741824.0,,,0.0003383523052083333,0.0003383523052083333,0.0,350.58,
1331,NFCORE_CHIPSEQ:CHIPSEQ:PRESEQ_LCEXTRAP,1702288334000,1702288462000,2,100.9,,1073741824.0,,,0.063449137,0.063449137,0.0,350.58,
1437,NFCORE_CHIPSEQ:CHIPSEQ:MARK_DUPLICATES_PICARD:BAM_STATS_SAMTOOLS:SAMTOOLS_IDXSTATS,1702288461000,1702288462000,2,97.6,,1073741824.0,,,0.000480732825,0.000480732825,0.0,350.58,
1283,NFCORE_CHIPSEQ:CHIPSEQ:PRESEQ_LCEXTRAP,1702288355000,1702288465000,2,100.5,,1073741824.0,,,0.05432708800520833,0.05432708800520833,0.0,350.58,
1408,NFCORE_CHIPSEQ:CHIPSEQ:FILTER_BAM_BAMTOOLS:BAM_SORT_SAMTOOLS:BAM_STATS_SAMTOOLS:SAMTOOLS_STATS,1702288435000,1702288468000,2,130.7,,1073741824.0,,,0.020817120860937496,0.020817120860937496,0.0,350.58,
1422,NFCORE_CHIPSEQ:CHIPSEQ:UCSC_BEDGRAPHTOBIGWIG,1702288430000,1702288472000,1,99.5,,1073741824.0,,,0.020552624684375,0.020552624684375,0.0,350.58,
1435,NFCORE_CHIPSEQ:CHIPSEQ:MARK_DUPLICATES_PICARD:BAM_STATS_SAMTOOLS:SAMTOOLS_STATS,1702288445000,1702288472000,2,132.6,,1073741824.0,,,0.017264805103125,0.017264805103125,0.0,350.58,
1441,NFCORE_CHIPSEQ:CHIPSEQ:MARK_DUPLICATES_PICARD:BAM_STATS_SAMTOOLS:SAMTOOLS_FLAGSTAT,1702288454000,1702288465000,2,152.2,,1073741824.0,,,0.008011428596875,0.008011428596875,0.0,350.58,
1444,NFCORE_CHIPSEQ:CHIPSEQ:MARK_DUPLICATES_PICARD:SAMTOOLS_INDEX,1702288460000,1702288471000,2,157.7,,1073741824.0,,,0.008285760490104167,0.008285760490104167,0.0,350.58,
1449,NFCORE_CHIPSEQ:CHIPSEQ:MARK_DUPLICATES_PICARD:BAM_STATS_SAMTOOLS:SAMTOOLS_IDXSTATS,1702288472000,1702288473000,2,90.4,,1073741824.0,,,0.00044808506250000005,0.00044808506250000005,0.0,350.58,
994,NFCORE_CHIPSEQ:CHIPSEQ:MARK_DUPLICATES_PICARD:PICARD_MARKDUPLICATES,1702288160000,1702288471000,2,106.3,,21180186624.0,,,0.38409050959986984,0.38409050959986984,0.0,350.58,
1051,NFCORE_CHIPSEQ:CHIPSEQ:MARK_DUPLICATES_PICARD:PICARD_MARKDUPLICATES,1702288213000,1702288474000,2,107.4,,21180186624.0,,,0.32364145334179684,0.32364145334179684,0.0,350.58,
1386,NFCORE_CHIPSEQ:CHIPSEQ:MARK_DUPLICATES_PICARD:BAM_STATS_SAMTOOLS:SAMTOOLS_STATS,1702288424000,1702288471000,2,131.3,,1073741824.0,,,0.029776497083854176,0.029776497083854176,0.0,350.58,
1417,NFCORE_CHIPSEQ:CHIPSEQ:FILTER_BAM_BAMTOOLS:BAM_SORT_SAMTOOLS:BAM_STATS_SAMTOOLS:SAMTOOLS_STATS,1702288455000,1702288479000,2,128.8,,1073741824.0,,,0.014932955099999999,0.014932955099999999,0.0,350.58,
1452,NFCORE_CHIPSEQ:CHIPSEQ:MARK_DUPLICATES_PICARD:BAM_STATS_SAMTOOLS:SAMTOOLS_IDXSTATS,1702288475000,1702288478000,2,8.8,,1073741824.0,,,0.0002342312625,0.0002342312625,0.0,350.58,
1037,NFCORE_CHIPSEQ:CHIPSEQ:MARK_DUPLICATES_PICARD:PICARD_MARKDUPLICATES,1702288282000,1702288480000,2,108.9,,21180186624.0,,,0.24686782273828123,0.24686782273828123,0.0,350.58,
1233,NFCORE_CHIPSEQ:CHIPSEQ:PRESEQ_LCEXTRAP,1702288389000,1702288480000,2,100.6,,1073741824.0,,,0.044984581403124994,0.044984581403124994,0.0,350.58,
1447,NFCORE_CHIPSEQ:CHIPSEQ:MARK_DUPLICATES_PICARD:BAM_STATS_SAMTOOLS:SAMTOOLS_FLAGSTAT,1702288472000,1702288480000,2,148.0,,1073741824.0,,,0.005674137300000001,0.005674137300000001,0.0,350.58,
1031,NFCORE_CHIPSEQ:CHIPSEQ:MARK_DUPLICATES_PICARD:PICARD_MARKDUPLICATES,1702288239000,1702288485000,2,107.5,,21180186624.0,,,0.30515291633828123,0.30515291633828123,0.0,350.58,
1291,NFCORE_CHIPSEQ:CHIPSEQ:MARK_DUPLICATES_PICARD:BAM_STATS_SAMTOOLS:SAMTOOLS_STATS,1702288453000,1702288485000,2,132.1,,1073741824.0,,,0.020389440649999997,0.020389440649999997,0.0,350.58,
1371,NFCORE_CHIPSEQ:CHIPSEQ:PICARD_COLLECTMULTIPLEMETRICS,1702288373000,1702288485000,2,95.1,,2573205504.0,,,0.058543135087499996,0.058543135087499996,0.0,350.58,
1405,NFCORE_CHIPSEQ:CHIPSEQ:PICARD_COLLECTMULTIPLEMETRICS,1702288407000,1702288486000,2,113.0,,2573205504.0,,,0.04770592974244792,0.04770592974244792,0.0,350.58,
1414,NFCORE_CHIPSEQ:CHIPSEQ:FILTER_BAM_BAMTOOLS:BAM_SORT_SAMTOOLS:BAM_STATS_SAMTOOLS:SAMTOOLS_STATS,1702288442000,1702288485000,2,129.1,,1073741824.0,,,0.0268133717953125,0.0268133717953125,0.0,350.58,
1440,NFCORE_CHIPSEQ:CHIPSEQ:MARK_DUPLICATES_PICARD:BAM_STATS_SAMTOOLS:SAMTOOLS_STATS,1702288459000,1702288490000,2,133.2,,1073741824.0,,,0.019906894060416663,0.019906894060416663,0.0,350.58,
1455,NFCORE_CHIPSEQ:CHIPSEQ:MARK_DUPLICATES_PICARD:SAMTOOLS_INDEX,1702288476000,1702288487000,2,144.8,,1073741824.0,,,0.007642327504166667,0.007642327504166667,0.0,350.58,
1457,NFCORE_CHIPSEQ:CHIPSEQ:MARK_DUPLICATES_PICARD:SAMTOOLS_INDEX,1702288482000,1702288490000,2,162.2,,1073741824.0,,,0.006189246441666665,0.006189246441666665,0.0,350.58,
1460,NFCORE_CHIPSEQ:CHIPSEQ:MARK_DUPLICATES_PICARD:SAMTOOLS_INDEX,1702288484000,1702288490000,2,167.2,,1073741824.0,,,0.004777967174999999,0.004777967174999999,0.0,350.58,
1302,NFCORE_CHIPSEQ:CHIPSEQ:FILTER_BAM_BAMTOOLS:BAM_FILTER,1702288274000,1702288487000,2,137.6,,1073741824.0,,,0.14102927735,0.14102927735,0.0,350.58,
1355,NFCORE_CHIPSEQ:CHIPSEQ:PRESEQ_LCEXTRAP,1702288349000,1702288491000,2,100.6,,1073741824.0,,,0.07019572043125,0.07019572043125,0.0,350.58,
1357,NFCORE_CHIPSEQ:CHIPSEQ:PICARD_COLLECTMULTIPLEMETRICS,1702288361000,1702288491000,2,98.9,,2573205504.0,,,0.07019185248697916,0.07019185248697916,0.0,350.58,
1448,NFCORE_CHIPSEQ:CHIPSEQ:MARK_DUPLICATES_PICARD:BAM_STATS_SAMTOOLS:SAMTOOLS_STATS,1702288469000,1702288497000,2,132.0,,1073741824.0,,,0.01782806421666667,0.01782806421666667,0.0,350.58,
1461,NFCORE_CHIPSEQ:CHIPSEQ:MARK_DUPLICATES_PICARD:SAMTOOLS_INDEX,1702288489000,1702288498000,2,151.4,,1073741824.0,,,0.006522157453125,0.006522157453125,0.0,350.58,
1285,NFCORE_CHIPSEQ:CHIPSEQ:FILTER_BAM_BAMTOOLS:BAM_FILTER,1702288254000,1702288497000,2,138.2,,1073741824.0,,,0.16155367304062498,0.16155367304062498,0.0,350.58,
1454,NFCORE_CHIPSEQ:CHIPSEQ:MARK_DUPLICATES_PICARD:BAM_STATS_SAMTOOLS:SAMTOOLS_FLAGSTAT,1702288489000,1702288500000,2,148.7,,1073741824.0,,,0.007836853755729168,0.007836853755729168,0.0,350.58,
1471,NFCORE_CHIPSEQ:CHIPSEQ:MARK_DUPLICATES_PICARD:BAM_STATS_SAMTOOLS:SAMTOOLS_FLAGSTAT,1702288495000,1702288502000,2,159.6,,1073741824.0,,,0.005333064347916667,0.005333064347916667,0.0,350.58,
1475,NFCORE_CHIPSEQ:CHIPSEQ:FILTER_BAM_BAMTOOLS:BAM_REMOVE_ORPHANS,1702288501000,1702288502000,2,13.6,,1073741824.0,,,9.984226249999999e-05,9.984226249999999e-05,0.0,350.58,
999,NFCORE_CHIPSEQ:CHIPSEQ:MARK_DUPLICATES_PICARD:PICARD_MARKDUPLICATES,1702288198000,1702288505000,2,107.2,,21180186624.0,,,0.38040329662278644,0.38040329662278644,0.0,350.58,
1474,NFCORE_CHIPSEQ:CHIPSEQ:MARK_DUPLICATES_PICARD:BAM_STATS_SAMTOOLS:SAMTOOLS_IDXSTATS,1702288505000,1702288507000,2,95.2,,1073741824.0,,,0.0009397004750000001,0.0009397004750000001,0.0,350.58,
1480,NFCORE_CHIPSEQ:CHIPSEQ:FILTER_BAM_BAMTOOLS:BAM_REMOVE_ORPHANS,1702288504000,1702288505000,2,136.2,,1073741824.0,,,0.0006557611072916666,0.0006557611072916666,0.0,350.58,
1213,NFCORE_CHIPSEQ:CHIPSEQ:PRESEQ_LCEXTRAP,1702288415000,1702288510000,2,100.6,,1073741824.0,,,0.04696192564062499,0.04696192564062499,0.0,350.58,
1420,NFCORE_CHIPSEQ:CHIPSEQ:PRESEQ_LCEXTRAP,1702288436000,1702288513000,2,101.2,,1073741824.0,,,0.03827336638125,0.03827336638125,0.0,350.58,
997,NFCORE_CHIPSEQ:CHIPSEQ:MARK_DUPLICATES_PICARD:PICARD_MARKDUPLICATES,1702288180000,1702288513000,2,106.6,,21180186624.0,,,0.4117138870511719,0.4117138870511719,0.0,350.58,
1391,NFCORE_CHIPSEQ:CHIPSEQ:PICARD_COLLECTMULTIPLEMETRICS,1702288410000,1702288516000,2,108.3,,2573205504.0,,,0.06175144422031249,0.06175144422031249,0.0,350.58,
1433,NFCORE_CHIPSEQ:CHIPSEQ:PRESEQ_LCEXTRAP,1702288449000,1702288522000,2,100.8,,1073741824.0,,,0.036152734741666664,0.036152734741666664,0.0,350.58,
1467,NFCORE_CHIPSEQ:CHIPSEQ:MARK_DUPLICATES_PICARD:BAM_STATS_SAMTOOLS:SAMTOOLS_IDXSTATS,1702288518000,1702288519000,2,44.8,,1073741824.0,,,0.00024131589999999998,0.00024131589999999998,0.0,350.58,
1483,NFCORE_CHIPSEQ:CHIPSEQ:MARK_DUPLICATES_PICARD:SAMTOOLS_INDEX,1702288509000,1702288522000,2,155.3,,1073741824.0,,,0.009650788759895832,0.009650788759895832,0.0,350.58,
1396,NFCORE_CHIPSEQ:CHIPSEQ:PICARD_COLLECTMULTIPLEMETRICS,1702288395000,1702288527000,2,108.6,,2573205504.0,,,0.077077587571875,0.077077587571875,0.0,350.58,
1451,NFCORE_CHIPSEQ:CHIPSEQ:MARK_DUPLICATES_PICARD:BAM_STATS_SAMTOOLS:SAMTOOLS_STATS,1702288488000,1702288530000,2,131.2,,1073741824.0,,,0.0265897401,0.0265897401,0.0,350.58,
1473,NFCORE_CHIPSEQ:CHIPSEQ:MARK_DUPLICATES_PICARD:BAM_STATS_SAMTOOLS:SAMTOOLS_STATS,1702288502000,1702288527000,2,130.9,,1073741824.0,,,0.015793218164062497,0.015793218164062497,0.0,350.58,
1490,NFCORE_CHIPSEQ:CHIPSEQ:MARK_DUPLICATES_PICARD:BAM_STATS_SAMTOOLS:SAMTOOLS_IDXSTATS,1702288527000,1702288527000,2,106.0,,1073741824.0,,,0.0,0.0,0.0,350.58,
969,NFCORE_CHIPSEQ:CHIPSEQ:MARK_DUPLICATES_PICARD:PICARD_MARKDUPLICATES,1702288179000,1702288527000,2,105.8,,21180186624.0,,,0.42899717748906246,0.42899717748906246,0.0,350.58,
1009,NFCORE_CHIPSEQ:CHIPSEQ:MARK_DUPLICATES_PICARD:PICARD_MARKDUPLICATES,1702288230000,1702288530000,2,106.5,,21180186624.0,,,0.37077737941406247,0.37077737941406247,0.0,350.58,
1320,NFCORE_CHIPSEQ:CHIPSEQ:FILTER_BAM_BAMTOOLS:BAM_FILTER,1702288314000,1702288531000,2,138.3,,1073741824.0,,,0.14436649158385417,0.14436649158385417,0.0,350.58,
1328,NFCORE_CHIPSEQ:CHIPSEQ:PRESEQ_LCEXTRAP,1702288403000,1702288531000,2,100.6,,1073741824.0,,,0.06327501559999998,0.06327501559999998,0.0,350.58,
1485,NFCORE_CHIPSEQ:CHIPSEQ:MARK_DUPLICATES_PICARD:SAMTOOLS_INDEX,1702288523000,1702288535000,2,155.7,,1073741824.0,,,0.008930185568749999,0.008930185568749999,0.0,350.58,
1389,NFCORE_CHIPSEQ:CHIPSEQ:FILTER_BAM_BAMTOOLS:BAM_SORT_SAMTOOLS:SAMTOOLS_SORT,1702288493000,1702288535000,5,418.9,,6309281792.0,,,0.08919859435703124,0.08919859435703124,0.0,350.58,
1489,NFCORE_CHIPSEQ:CHIPSEQ:MARK_DUPLICATES_PICARD:BAM_STATS_SAMTOOLS:SAMTOOLS_FLAGSTAT,1702288527000,1702288537000,2,151.0,,1073741824.0,,,0.007228703968750001,0.007228703968750001,0.0,350.58,
1495,NFCORE_CHIPSEQ:CHIPSEQ:FILTER_BAM_BAMTOOLS:BAM_REMOVE_ORPHANS,1702288536000,1702288537000,2,109.1,,1073741824.0,,,0.0005328785567708333,0.0005328785567708333,0.0,350.58,
972,NFCORE_CHIPSEQ:CHIPSEQ:MARK_DUPLICATES_PICARD:PICARD_MARKDUPLICATES,1702288190000,1702288539000,2,106.7,,21180186624.0,,,0.4316541866381511,0.4316541866381511,0.0,350.58,
1326,NFCORE_CHIPSEQ:CHIPSEQ:FILTER_BAM_BAMTOOLS:BAM_FILTER,1702288311000,1702288545000,2,137.6,,1073741824.0,,,0.1549335723,0.1549335723,0.0,350.58,
1427,NFCORE_CHIPSEQ:CHIPSEQ:PRESEQ_LCEXTRAP,1702288445000,1702288540000,2,100.5,,1073741824.0,,,0.04691884873177084,0.04691884873177084,0.0,350.58,
1464,NFCORE_CHIPSEQ:CHIPSEQ:MARK_DUPLICATES_PICARD:BAM_STATS_SAMTOOLS:SAMTOOLS_FLAGSTAT,1702288533000,1702288545000,2,146.8,,1073741824.0,,,0.008445910425000001,0.008445910425000001,0.0,350.58,
1476,NFCORE_CHIPSEQ:CHIPSEQ:MARK_DUPLICATES_PICARD:BAM_STATS_SAMTOOLS:SAMTOOLS_STATS,1702288514000,1702288545000,2,131.4,,1073741824.0,,,0.019653873901041664,0.019653873901041664,0.0,350.58,
1491,NFCORE_CHIPSEQ:CHIPSEQ:MARK_DUPLICATES_PICARD:SAMTOOLS_INDEX,1702288534000,1702288545000,2,161.0,,1073741824.0,,,0.008450359626041666,0.008450359626041666,0.0,350.58,
1479,NFCORE_CHIPSEQ:CHIPSEQ:MARK_DUPLICATES_PICARD:BAM_STATS_SAMTOOLS:SAMTOOLS_IDXSTATS,1702288548000,1702288549000,2,82.1,,1073741824.0,,,0.00041044944739583334,0.00041044944739583334,0.0,350.58,
1472,NFCORE_CHIPSEQ:CHIPSEQ:FILTER_BAM_BAMTOOLS:BAM_FILTER,1702288494000,1702288557000,2,143.7,,1073741824.0,,,0.043455459173437495,0.043455459173437495,0.0,350.58,
1439,NFCORE_CHIPSEQ:CHIPSEQ:FILTER_BAM_BAMTOOLS:BAM_FILTER,1702288456000,1702288561000,2,141.1,,1073741824.0,,,0.07118787096093751,0.07118787096093751,0.0,350.58,
1477,NFCORE_CHIPSEQ:CHIPSEQ:MARK_DUPLICATES_PICARD:BAM_STATS_SAMTOOLS:SAMTOOLS_FLAGSTAT,1702288549000,1702288557000,2,147.6,,1073741824.0,,,0.005659627183333333,0.005659627183333333,0.0,350.58,
1493,NFCORE_CHIPSEQ:CHIPSEQ:MARK_DUPLICATES_PICARD:SAMTOOLS_INDEX,1702288548000,1702288561000,2,158.9,,1073741824.0,,,0.009862999216145831,0.009862999216145831,0.0,350.58,
1504,NFCORE_CHIPSEQ:CHIPSEQ:MARK_DUPLICATES_PICARD:SAMTOOLS_INDEX,1702288549000,1702288562000,2,151.2,,1073741824.0,,,0.009409104629166666,0.009409104629166666,0.0,350.58,
1511,NFCORE_CHIPSEQ:CHIPSEQ:FILTER_BAM_BAMTOOLS:BAM_REMOVE_ORPHANS,1702288560000,1702288561000,2,57.8,,1073741824.0,,,0.00030026324895833333,0.00030026324895833333,0.0,350.58,
1465,NFCORE_CHIPSEQ:CHIPSEQ:MARK_DUPLICATES_PICARD:BAM_STATS_SAMTOOLS:SAMTOOLS_IDXSTATS,1702288564000,1702288564000,2,34.8,,1073741824.0,,,0.0,0.0,0.0,350.58,
1488,NFCORE_CHIPSEQ:CHIPSEQ:MARK_DUPLICATES_PICARD:BAM_STATS_SAMTOOLS:SAMTOOLS_STATS,1702288531000,1702288571000,2,132.9,,1073741824.0,,,0.025631901979166673,0.025631901979166673,0.0,350.58,
1512,NFCORE_CHIPSEQ:CHIPSEQ:FILTER_BAM_BAMTOOLS:BAM_REMOVE_ORPHANS,1702288564000,1702288564000,2,129.3,,1073741824.0,,,0.0,0.0,0.0,350.58,
1347,NFCORE_CHIPSEQ:CHIPSEQ:FILTER_BAM_BAMTOOLS:BAM_FILTER,1702288346000,1702288571000,2,137.9,,1073741824.0,,,0.1492806615234375,0.1492806615234375,0.0,350.58,
1361,NFCORE_CHIPSEQ:CHIPSEQ:FILTER_BAM_BAMTOOLS:BAM_FILTER,1702288358000,1702288572000,2,135.4,,1073741824.0,,,0.13955658571875001,0.13955658571875001,0.0,350.58,
1387,NFCORE_CHIPSEQ:CHIPSEQ:FILTER_BAM_BAMTOOLS:BAM_SORT_SAMTOOLS:SAMTOOLS_SORT,1702288539000,1702288566000,5,426.5,,6309281792.0,,,0.05827241474648437,0.05827241474648437,0.0,350.58,
1459,NFCORE_CHIPSEQ:CHIPSEQ:PRESEQ_LCEXTRAP,1702288490000,1702288571000,2,100.8,,1073741824.0,,,0.040114678274999996,0.040114678274999996,0.0,350.58,
1466,NFCORE_CHIPSEQ:CHIPSEQ:MARK_DUPLICATES_PICARD:BAM_STATS_SAMTOOLS:SAMTOOLS_STATS,1702288530000,1702288571000,2,132.6,,1073741824.0,,,0.02621692626770833,0.02621692626770833,0.0,350.58,
1506,NFCORE_CHIPSEQ:CHIPSEQ:FILTER_BAM_BAMTOOLS:BAM_REMOVE_ORPHANS,1702288571000,1702288573000,2,28.2,,1073741824.0,,,0.00033208933958333333,0.00033208933958333333,0.0,350.58,
1510,NFCORE_CHIPSEQ:CHIPSEQ:MARK_DUPLICATES_PICARD:BAM_STATS_SAMTOOLS:SAMTOOLS_IDXSTATS,1702288574000,1702288575000,2,94.1,,1073741824.0,,,0.0004648623848958334,0.0004648623848958334,0.0,350.58,
1507,NFCORE_CHIPSEQ:CHIPSEQ:MARK_DUPLICATES_PICARD:BAM_STATS_SAMTOOLS:SAMTOOLS_FLAGSTAT,1702288561000,1702288571000,2,147.4,,1073741824.0,,,0.00706546515625,0.00706546515625,0.0,350.58,
1513,NFCORE_CHIPSEQ:CHIPSEQ:MARK_DUPLICATES_PICARD:BAM_STATS_SAMTOOLS:SAMTOOLS_IDXSTATS,1702288575000,1702288575000,2,102.6,,1073741824.0,,,0.0,0.0,0.0,350.58,
1350,NFCORE_CHIPSEQ:CHIPSEQ:FILTER_BAM_BAMTOOLS:BAM_FILTER,1702288340000,1702288575000,2,137.2,,1073741824.0,,,0.15516944690624998,0.15516944690624998,0.0,350.58,
1368,NFCORE_CHIPSEQ:CHIPSEQ:PRESEQ_LCEXTRAP,1702288432000,1702288576000,2,100.7,,1073741824.0,,,0.071249688075,0.071249688075,0.0,350.58,
1523,NFCORE_CHIPSEQ:CHIPSEQ:FILTER_BAM_BAMTOOLS:BAM_REMOVE_ORPHANS,1702288578000,1702288579000,2,36.6,,1073741824.0,,,0.00020413372604166665,0.00020413372604166665,0.0,350.58,
1524,NFCORE_CHIPSEQ:CHIPSEQ:FILTER_BAM_BAMTOOLS:BAM_REMOVE_ORPHANS,1702288578000,1702288579000,2,54.0,,1073741824.0,,,0.0002830324854166666,0.0002830324854166666,0.0,350.58,
1337,NFCORE_CHIPSEQ:CHIPSEQ:FILTER_BAM_BAMTOOLS:BAM_FILTER,1702288328000,1702288583000,2,135.7,,1073741824.0,,,0.16664094489843748,0.16664094489843748,0.0,350.58,
1462,NFCORE_CHIPSEQ:CHIPSEQ:PRESEQ_LCEXTRAP,1702288494000,1702288584000,2,100.4,,1073741824.0,,,0.04440862593750001,0.04440862593750001,0.0,350.58,
1497,NFCORE_CHIPSEQ:CHIPSEQ:MARK_DUPLICATES_PICARD:BAM_STATS_SAMTOOLS:SAMTOOLS_IDXSTATS,1702288581000,1702288582000,2,90.9,,1073741824.0,,,0.0004503522682291667,0.0004503522682291667,0.0,350.58,
1502,NFCORE_CHIPSEQ:CHIPSEQ:FILTER_BAM_BAMTOOLS:BAM_SORT_SAMTOOLS:SAMTOOLS_INDEX,1702288571000,1702288583000,2,147.2,,1073741824.0,,,0.008467675599999998,0.008467675599999998,0.0,350.58,
1526,NFCORE_CHIPSEQ:CHIPSEQ:FILTER_BAM_BAMTOOLS:BAM_SORT_SAMTOOLS:SAMTOOLS_INDEX,1702288577000,1702288586000,2,158.5,,1073741824.0,,,0.0068119063453124995,0.0068119063453124995,0.0,350.58,
1269,NFCORE_CHIPSEQ:CHIPSEQ:PRESEQ_LCEXTRAP,1702288488000,1702288588000,2,101.3,,1073741824.0,,,0.04975101473958332,0.04975101473958332,0.0,350.58,
1514,NFCORE_CHIPSEQ:CHIPSEQ:MARK_DUPLICATES_PICARD:BAM_STATS_SAMTOOLS:SAMTOOLS_FLAGSTAT,1702288579000,1702288589000,2,148.9,,1073741824.0,,,0.007133481328125001,0.007133481328125001,0.0,350.58,
1529,NFCORE_CHIPSEQ:CHIPSEQ:FILTER_BAM_BAMTOOLS:BAM_REMOVE_ORPHANS,1702288587000,1702288588000,2,50.2,,1073741824.0,,,0.000265801721875,0.000265801721875,0.0,350.58,
1532,NFCORE_CHIPSEQ:CHIPSEQ:FILTER_BAM_BAMTOOLS:BAM_REMOVE_ORPHANS,1702288586000,1702288588000,2,17.1,,1073741824.0,,,0.00023142540520833333,0.00023142540520833333,0.0,350.58,
979,NFCORE_CHIPSEQ:CHIPSEQ:MARK_DUPLICATES_PICARD:PICARD_MARKDUPLICATES,1702288249000,1702288592000,2,106.6,,21180186624.0,,,0.42407766744309894,0.42407766744309894,0.0,350.58,
1375,NFCORE_CHIPSEQ:CHIPSEQ:FILTER_BAM_BAMTOOLS:BAM_FILTER,1702288362000,1702288595000,2,136.6,,1073741824.0,,,0.153214945146875,0.153214945146875,0.0,350.58,
1438,NFCORE_CHIPSEQ:CHIPSEQ:FILTER_BAM_BAMTOOLS:BAM_FILTER,1702288445000,1702288592000,2,138.0,,1073741824.0,,,0.09759668804375,0.09759668804375,0.0,350.58,
1445,NFCORE_CHIPSEQ:CHIPSEQ:PRESEQ_LCEXTRAP,1702288471000,1702288595000,2,100.5,,1073741824.0,,,0.06124144466041666,0.06124144466041666,0.0,350.58,
1468,NFCORE_CHIPSEQ:CHIPSEQ:MARK_DUPLICATES_PICARD:BAM_STATS_SAMTOOLS:SAMTOOLS_FLAGSTAT,1702288584000,1702288592000,2,152.3,,1073741824.0,,,0.005830121054166667,0.005830121054166667,0.0,350.58,
1499,NFCORE_CHIPSEQ:CHIPSEQ:MARK_DUPLICATES_PICARD:BAM_STATS_SAMTOOLS:SAMTOOLS_FLAGSTAT,1702288581000,1702288592000,2,149.6,,1073741824.0,,,0.007881744429166667,0.007881744429166667,0.0,350.58,
1535,NFCORE_CHIPSEQ:CHIPSEQ:FILTER_BAM_BAMTOOLS:BAM_SORT_SAMTOOLS:BAM_STATS_SAMTOOLS:SAMTOOLS_IDXSTATS,1702288592000,1702288593000,1,56.9,,1073741824.0,,,0.0002961822786458333,0.0002961822786458333,0.0,350.58,
1537,NFCORE_CHIPSEQ:CHIPSEQ:FILTER_BAM_BAMTOOLS:BAM_SORT_SAMTOOLS:BAM_STATS_SAMTOOLS:SAMTOOLS_IDXSTATS,1702288592000,1702288593000,1,53.8,,1073741824.0,,,0.00028212560312499996,0.00028212560312499996,0.0,350.58,
1000,NFCORE_CHIPSEQ:CHIPSEQ:MARK_DUPLICATES_PICARD:PICARD_MARKDUPLICATES,1702288287000,1702288597000,2,107.1,,21180186624.0,,,0.38398002592578123,0.38398002592578123,0.0,350.58,
1385,NFCORE_CHIPSEQ:CHIPSEQ:FILTER_BAM_BAMTOOLS:BAM_FILTER,1702288373000,1702288597000,2,135.9,,1073741824.0,,,0.14658577558333336,0.14658577558333336,0.0,350.58,
1470,NFCORE_CHIPSEQ:CHIPSEQ:FILTER_BAM_BAMTOOLS:BAM_FILTER,1702288503000,1702288597000,2,139.9,,1073741824.0,,,0.06321861239062501,0.06321861239062501,0.0,350.58,
1518,NFCORE_CHIPSEQ:CHIPSEQ:MARK_DUPLICATES_PICARD:BAM_STATS_SAMTOOLS:SAMTOOLS_IDXSTATS,1702288596000,1702288597000,2,55.9,,1073741824.0,,,0.0002916478671875,0.0002916478671875,0.0,350.58,
1534,NFCORE_CHIPSEQ:CHIPSEQ:FILTER_BAM_BAMTOOLS:BAM_SORT_SAMTOOLS:BAM_STATS_SAMTOOLS:SAMTOOLS_FLAGSTAT,1702288590000,1702288601000,2,150.7,,1073741824.0,,,0.007936610807812501,0.007936610807812501,0.0,350.58,
1536,NFCORE_CHIPSEQ:CHIPSEQ:FILTER_BAM_BAMTOOLS:BAM_SORT_SAMTOOLS:BAM_STATS_SAMTOOLS:SAMTOOLS_FLAGSTAT,1702288592000,1702288601000,2,150.2,,1073741824.0,,,0.006473185809375,0.006473185809375,0.0,350.58,
1543,NFCORE_CHIPSEQ:CHIPSEQ:FILTER_BAM_BAMTOOLS:BAM_REMOVE_ORPHANS,1702288597000,1702288597000,2,14.7,,1073741824.0,,,0.0,0.0,0.0,350.58,
1544,NFCORE_CHIPSEQ:CHIPSEQ:FILTER_BAM_BAMTOOLS:BAM_REMOVE_ORPHANS,1702288600000,1702288602000,2,31.8,,1073741824.0,,,0.00036473710208333334,0.00036473710208333334,0.0,350.58,
984,NFCORE_CHIPSEQ:CHIPSEQ:MARK_DUPLICATES_PICARD:PICARD_MARKDUPLICATES,1702288309000,1702288603000,2,107.2,,21180186624.0,,,0.36429501370390627,0.36429501370390627,0.0,350.58,
1547,NFCORE_CHIPSEQ:CHIPSEQ:FILTER_BAM_BAMTOOLS:BAM_REMOVE_ORPHANS,1702288603000,1702288604000,2,17.3,,1073741824.0,,,0.00011661958489583333,0.00011661958489583333,0.0,350.58,
1548,NFCORE_CHIPSEQ:CHIPSEQ:FILTER_BAM_BAMTOOLS:BAM_REMOVE_ORPHANS,1702288604000,1702288604000,2,46.0,,1073741824.0,,,0.0,0.0,0.0,350.58,
1541,NFCORE_CHIPSEQ:CHIPSEQ:MARK_DUPLICATES_PICARD:SAMTOOLS_INDEX,1702288595000,1702288607000,2,163.3,,1073741824.0,,,0.00934372389375,0.00934372389375,0.0,350.58,
1446,NFCORE_CHIPSEQ:CHIPSEQ:FILTER_BAM_BAMTOOLS:BAM_FILTER,1702288469000,1702288612000,2,137.8,,1073741824.0,,,0.094811311684375,0.094811311684375,0.0,350.58,
1456,NFCORE_CHIPSEQ:CHIPSEQ:PRESEQ_LCEXTRAP,1702288490000,1702288612000,2,101.1,,1073741824.0,,,0.060585598342708324,0.060585598342708324,0.0,350.58,
1469,NFCORE_CHIPSEQ:CHIPSEQ:MARK_DUPLICATES_PICARD:BAM_STATS_SAMTOOLS:SAMTOOLS_STATS,1702288582000,1702288615000,2,132.3,,1073741824.0,,,0.0210565377859375,0.0210565377859375,0.0,350.58,
1515,NFCORE_CHIPSEQ:CHIPSEQ:MARK_DUPLICATES_PICARD:BAM_STATS_SAMTOOLS:SAMTOOLS_STATS,1702288574000,1702288612000,2,134.6,,1073741824.0,,,0.024643229860416668,0.024643229860416668,0.0,350.58,
1545,NFCORE_CHIPSEQ:CHIPSEQ:MARK_DUPLICATES_PICARD:SAMTOOLS_INDEX,1702288604000,1702288617000,2,154.8,,1073741824.0,,,0.009621315085416667,0.009621315085416667,0.0,350.58,
1560,NFCORE_CHIPSEQ:CHIPSEQ:MARK_DUPLICATES_PICARD:BAM_STATS_SAMTOOLS:SAMTOOLS_IDXSTATS,1702288613000,1702288615000,2,100.8,,1073741824.0,,,0.0009904858833333333,0.0009904858833333333,0.0,350.58,
1498,NFCORE_CHIPSEQ:CHIPSEQ:MARK_DUPLICATES_PICARD:BAM_STATS_SAMTOOLS:SAMTOOLS_STATS,1702288581000,1702288621000,2,133.5,,1073741824.0,,,0.025740727854166666,0.025740727854166666,0.0,350.58,
1519,NFCORE_CHIPSEQ:CHIPSEQ:MARK_DUPLICATES_PICARD:BAM_STATS_SAMTOOLS:SAMTOOLS_FLAGSTAT,1702288604000,1702288617000,2,151.3,,1073741824.0,,,0.0094149993640625,0.0094149993640625,0.0,350.58,
1561,NFCORE_CHIPSEQ:CHIPSEQ:FILTER_BAM_BAMTOOLS:BAM_REMOVE_ORPHANS,1702288618000,1702288618000,2,77.6,,1073741824.0,,,0.0,0.0,0.0,350.58,
1010,NFCORE_CHIPSEQ:CHIPSEQ:MARK_DUPLICATES_PICARD:PICARD_MARKDUPLICATES,1702288317000,1702288621000,2,107.3,,21180186624.0,,,0.3768238466729167,0.3768238466729167,0.0,350.58,
1509,NFCORE_CHIPSEQ:CHIPSEQ:MARK_DUPLICATES_PICARD:BAM_STATS_SAMTOOLS:SAMTOOLS_STATS,1702288574000,1702288622000,2,134.0,,1073741824.0,,,0.030997699299999997,0.030997699299999997,0.0,350.58,
1002,NFCORE_CHIPSEQ:CHIPSEQ:MARK_DUPLICATES_PICARD:PICARD_MARKDUPLICATES,1702288312000,1702288629000,2,107.1,,21180186624.0,,,0.3926505426402344,0.3926505426402344,0.0,350.58,
1255,NFCORE_CHIPSEQ:CHIPSEQ:FILTER_BAM_BAMTOOLS:BAM_SORT_SAMTOOLS:SAMTOOLS_SORT,1702288600000,1702288625000,5,417.8,,6309281792.0,,,0.052969705087890624,0.052969705087890624,0.0,350.58,
1482,NFCORE_CHIPSEQ:CHIPSEQ:PRESEQ_LCEXTRAP,1702288511000,1702288629000,2,100.9,,1073741824.0,,,0.05849217317187501,0.05849217317187501,0.0,350.58,
1553,NFCORE_CHIPSEQ:CHIPSEQ:MARK_DUPLICATES_PICARD:SAMTOOLS_INDEX,1702288622000,1702288631000,2,162.8,,1073741824.0,,,0.00698738806875,0.00698738806875,0.0,350.58,
1559,NFCORE_CHIPSEQ:CHIPSEQ:MARK_DUPLICATES_PICARD:BAM_STATS_SAMTOOLS:SAMTOOLS_FLAGSTAT,1702288621000,1702288631000,2,155.3,,1073741824.0,,,0.007423683661458335,0.007423683661458335,0.0,350.58,
1568,NFCORE_CHIPSEQ:CHIPSEQ:MARK_DUPLICATES_PICARD:SAMTOOLS_INDEX,1702288626000,1702288642000,2,156.0,,1073741824.0,,,0.011928679266666666,0.011928679266666666,0.0,350.58,
1484,NFCORE_CHIPSEQ:CHIPSEQ:FILTER_BAM_BAMTOOLS:BAM_SORT_SAMTOOLS:SAMTOOLS_SORT,1702288615000,1702288645000,5,415.3,,6309281792.0,,,0.06322356524609375,0.06322356524609375,0.0,350.58,
1520,NFCORE_CHIPSEQ:CHIPSEQ:MARK_DUPLICATES_PICARD:BAM_STATS_SAMTOOLS:SAMTOOLS_STATS,1702288595000,1702288642000,2,133.5,,1073741824.0,,,0.030245355228645833,0.030245355228645833,0.0,350.58,
1569,NFCORE_CHIPSEQ:CHIPSEQ:MARK_DUPLICATES_PICARD:SAMTOOLS_INDEX,1702288636000,1702288647000,2,148.5,,1073741824.0,,,0.007826878050520833,0.007826878050520833,0.0,350.58,
1580,NFCORE_CHIPSEQ:CHIPSEQ:MARK_DUPLICATES_PICARD:BAM_STATS_SAMTOOLS:SAMTOOLS_IDXSTATS,1702288648000,1702288649000,2,63.6,,1073741824.0,,,0.00032656283541666664,0.00032656283541666664,0.0,350.58,
1578,NFCORE_CHIPSEQ:CHIPSEQ:MARK_DUPLICATES_PICARD:BAM_STATS_SAMTOOLS:SAMTOOLS_FLAGSTAT,1702288648000,1702288657000,2,151.1,,1073741824.0,,,0.006509914542187499,0.006509914542187499,0.0,350.58,
992,NFCORE_CHIPSEQ:CHIPSEQ:MARK_DUPLICATES_PICARD:PICARD_MARKDUPLICATES,1702288340000,1702288663000,2,106.9,,21180186624.0,,,0.3997894911295573,0.3997894911295573,0.0,350.58,
1486,NFCORE_CHIPSEQ:CHIPSEQ:PRESEQ_LCEXTRAP,1702288540000,1702288667000,2,100.9,,1073741824.0,,,0.0629534406171875,0.0629534406171875,0.0,350.58,
1540,NFCORE_CHIPSEQ:CHIPSEQ:FILTER_BAM_BAMTOOLS:BAM_SORT_SAMTOOLS:SAMTOOLS_SORT,1702288629000,1702288663000,5,410.9,,6309281792.0,,,0.07097502599140625,0.07097502599140625,0.0,350.58,
1558,NFCORE_CHIPSEQ:CHIPSEQ:MARK_DUPLICATES_PICARD:BAM_STATS_SAMTOOLS:SAMTOOLS_STATS,1702288624000,1702288667000,2,132.4,,1073741824.0,,,0.027456804781250007,0.027456804781250007,0.0,350.58,
1571,NFCORE_CHIPSEQ:CHIPSEQ:FILTER_BAM_BAMTOOLS:BAM_SORT_SAMTOOLS:SAMTOOLS_INDEX,1702288655000,1702288667000,2,155.6,,1073741824.0,,,0.008924744275,0.008924744275,0.0,350.58,
1584,NFCORE_CHIPSEQ:CHIPSEQ:FILTER_BAM_BAMTOOLS:BAM_SORT_SAMTOOLS:SAMTOOLS_INDEX,1702288652000,1702288667000,2,156.7,,1073741824.0,,,0.011230748132812498,0.011230748132812498,0.0,350.58,
980,NFCORE_CHIPSEQ:CHIPSEQ:MARK_DUPLICATES_PICARD:PICARD_MARKDUPLICATES,1702288331000,1702288677000,2,106.2,,21180186624.0,,,0.42715923901484376,0.42715923901484376,0.0,350.58,
1426,NFCORE_CHIPSEQ:CHIPSEQ:BEDTOOLS_GENOMECOV,1702288481000,1702288685000,2,121.9,,4567597056.0,,,0.14588743969999998,0.14588743969999998,0.0,350.58,
1430,NFCORE_CHIPSEQ:CHIPSEQ:FILTER_BAM_BAMTOOLS:BAM_SORT_SAMTOOLS:SAMTOOLS_SORT,1702288667000,1702288682000,5,386.6,,6309281792.0,,,0.029659718490234372,0.029659718490234372,0.0,350.58,
1463,NFCORE_CHIPSEQ:CHIPSEQ:FILTER_BAM_BAMTOOLS:BAM_FILTER,1702288493000,1702288682000,2,136.6,,1073741824.0,,,0.124281650784375,0.124281650784375,0.0,350.58,
1478,NFCORE_CHIPSEQ:CHIPSEQ:FILTER_BAM_BAMTOOLS:BAM_FILTER,1702288501000,1702288682000,2,136.4,,1073741824.0,,,0.11885690611458334,0.11885690611458334,0.0,350.58,
1492,NFCORE_CHIPSEQ:CHIPSEQ:PRESEQ_LCEXTRAP,1702288543000,1702288682000,2,101.0,,1073741824.0,,,0.06896482553020833,0.06896482553020833,0.0,350.58,
1494,NFCORE_CHIPSEQ:CHIPSEQ:PRESEQ_LCEXTRAP,1702288564000,1702288682000,2,100.9,,1073741824.0,,,0.05849217317187501,0.05849217317187501,0.0,350.58,
1538,NFCORE_CHIPSEQ:CHIPSEQ:FILTER_BAM_BAMTOOLS:BAM_SORT_SAMTOOLS:BAM_STATS_SAMTOOLS:SAMTOOLS_STATS,1702288648000,1702288685000,2,130.8,,1073741824.0,,,0.02335718556041667,0.02335718556041667,0.0,350.58,
1577,NFCORE_CHIPSEQ:CHIPSEQ:MARK_DUPLICATES_PICARD:BAM_STATS_SAMTOOLS:SAMTOOLS_IDXSTATS,1702288689000,1702288689000,2,111.3,,1073741824.0,,,0.0,0.0,0.0,350.58,
1579,NFCORE_CHIPSEQ:CHIPSEQ:MARK_DUPLICATES_PICARD:BAM_STATS_SAMTOOLS:SAMTOOLS_STATS,1702288648000,1702288686000,2,132.1,,1073741824.0,,,0.024212460771874996,0.024212460771874996,0.0,350.58,
1590,NFCORE_CHIPSEQ:CHIPSEQ:MARK_DUPLICATES_PICARD:SAMTOOLS_INDEX,1702288669000,1702288682000,2,159.8,,1073741824.0,,,0.009916051830208333,0.009916051830208333,0.0,350.58,
1594,NFCORE_CHIPSEQ:CHIPSEQ:FILTER_BAM_BAMTOOLS:BAM_SORT_SAMTOOLS:BAM_STATS_SAMTOOLS:SAMTOOLS_FLAGSTAT,1702288686000,1702288695000,2,148.2,,1073741824.0,,,0.006391566403125,0.006391566403125,0.0,350.58,
1603,NFCORE_CHIPSEQ:CHIPSEQ:FILTER_BAM_BAMTOOLS:BAM_SORT_SAMTOOLS:BAM_STATS_SAMTOOLS:SAMTOOLS_FLAGSTAT,1702288685000,1702288694000,2,151.4,,1073741824.0,,,0.006522157453125,0.006522157453125,0.0,350.58,
1458,NFCORE_CHIPSEQ:CHIPSEQ:PRESEQ_LCEXTRAP,1702288586000,1702288695000,2,101.2,,1073741824.0,,,0.05417918098125001,0.05417918098125001,0.0,350.58,
1501,NFCORE_CHIPSEQ:CHIPSEQ:PICARD_COLLECTMULTIPLEMETRICS,1702288571000,1702288694000,2,107.0,,2573205504.0,,,0.07092992533515625,0.07092992533515625,0.0,350.58,
1525,NFCORE_CHIPSEQ:CHIPSEQ:PICARD_COLLECTMULTIPLEMETRICS,1702288579000,1702288694000,2,107.5,,2573205504.0,,,0.06657732551692709,0.06657732551692709,0.0,350.58,
1591,NFCORE_CHIPSEQ:CHIPSEQ:FILTER_BAM_BAMTOOLS:BAM_SORT_SAMTOOLS:SAMTOOLS_INDEX,1702288685000,1702288695000,2,159.0,,1073741824.0,,,0.007591456885416667,0.007591456885416667,0.0,350.58,
1595,NFCORE_CHIPSEQ:CHIPSEQ:FILTER_BAM_BAMTOOLS:BAM_SORT_SAMTOOLS:BAM_STATS_SAMTOOLS:SAMTOOLS_IDXSTATS,1702288697000,1702288698000,1,63.7,,1073741824.0,,,0.00032701627656249997,0.00032701627656249997,0.0,350.58,
1605,NFCORE_CHIPSEQ:CHIPSEQ:MARK_DUPLICATES_PICARD:SAMTOOLS_INDEX,1702288685000,1702288697000,2,150.0,,1073741824.0,,,0.008620031824999999,0.008620031824999999,0.0,350.58,
1607,NFCORE_CHIPSEQ:CHIPSEQ:FILTER_BAM_BAMTOOLS:BAM_SORT_SAMTOOLS:SAMTOOLS_INDEX,1702288698000,1702288703000,2,160.7,,1073741824.0,,,0.0038342709401041663,0.0038342709401041663,0.0,350.58,
1610,NFCORE_CHIPSEQ:CHIPSEQ:FILTER_BAM_BAMTOOLS:BAM_REMOVE_ORPHANS,1702288691000,1702288694000,2,2.4,,1073741824.0,,,0.0001471705625,0.0001471705625,0.0,350.58,
1611,NFCORE_CHIPSEQ:CHIPSEQ:FILTER_BAM_BAMTOOLS:BAM_REMOVE_ORPHANS,1702288698000,1702288698000,2,42.5,,1073741824.0,,,0.0,0.0,0.0,350.58,
1614,NFCORE_CHIPSEQ:CHIPSEQ:MARK_DUPLICATES_PICARD:BAM_STATS_SAMTOOLS:SAMTOOLS_FLAGSTAT,1702288697000,1702288708000,2,145.0,,1073741824.0,,,0.007652303209375,0.007652303209375,0.0,350.58,
1574,NFCORE_CHIPSEQ:CHIPSEQ:MARK_DUPLICATES_PICARD:BAM_STATS_SAMTOOLS:SAMTOOLS_FLAGSTAT,1702288702000,1702288711000,2,151.0,,1073741824.0,,,0.006505833571875001,0.006505833571875001,0.0,350.58,
1618,NFCORE_CHIPSEQ:CHIPSEQ:FILTER_BAM_BAMTOOLS:BAM_SORT_SAMTOOLS:BAM_STATS_SAMTOOLS:SAMTOOLS_FLAGSTAT,1702288707000,1702288717000,2,148.2,,1073741824.0,,,0.007101740447916666,0.007101740447916666,0.0,350.58,
1030,NFCORE_CHIPSEQ:CHIPSEQ:MARK_DUPLICATES_PICARD:PICARD_MARKDUPLICATES,1702288475000,1702288722000,2,108.5,,21180186624.0,,,0.30751337497799475,0.30751337497799475,0.0,350.58,
1039,NFCORE_CHIPSEQ:CHIPSEQ:MARK_DUPLICATES_PICARD:PICARD_MARKDUPLICATES,1702288477000,1702288720000,2,108.5,,21180186624.0,,,0.3025334012941406,0.3025334012941406,0.0,350.58,
1453,NFCORE_CHIPSEQ:CHIPSEQ:FILTER_BAM_BAMTOOLS:BAM_FILTER,1702288481000,1702288722000,2,135.9,,1073741824.0,,,0.15771058890885417,0.15771058890885417,0.0,350.58,
1496,NFCORE_CHIPSEQ:CHIPSEQ:FILTER_BAM_BAMTOOLS:BAM_FILTER,1702288539000,1702288720000,2,138.6,,1073741824.0,,,0.12066250875729165,0.12066250875729165,0.0,350.58,
1516,NFCORE_CHIPSEQ:CHIPSEQ:FILTER_BAM_BAMTOOLS:BAM_FILTER,1702288567000,1702288718000,2,138.3,,1073741824.0,,,0.10045778907447918,0.10045778907447918,0.0,350.58,
1576,NFCORE_CHIPSEQ:CHIPSEQ:MARK_DUPLICATES_PICARD:BAM_STATS_SAMTOOLS:SAMTOOLS_STATS,1702288689000,1702288727000,2,132.6,,1073741824.0,,,0.024298614589583326,0.024298614589583326,0.0,350.58,
1596,NFCORE_CHIPSEQ:CHIPSEQ:FILTER_BAM_BAMTOOLS:BAM_SORT_SAMTOOLS:BAM_STATS_SAMTOOLS:SAMTOOLS_STATS,1702288702000,1702288730000,2,129.3,,1073741824.0,,,0.017485262710416664,0.017485262710416664,0.0,350.58,
1602,NFCORE_CHIPSEQ:CHIPSEQ:FILTER_BAM_BAMTOOLS:BAM_SORT_SAMTOOLS:BAM_STATS_SAMTOOLS:SAMTOOLS_IDXSTATS,1702288726000,1702288726000,1,66.7,,1073741824.0,,,0.0,0.0,0.0,350.58,
1613,NFCORE_CHIPSEQ:CHIPSEQ:MARK_DUPLICATES_PICARD:BAM_STATS_SAMTOOLS:SAMTOOLS_IDXSTATS,1702288721000,1702288722000,2,53.6,,1073741824.0,,,0.00028121872083333336,0.00028121872083333336,0.0,350.58,
1627,NFCORE_CHIPSEQ:CHIPSEQ:FILTER_BAM_BAMTOOLS:BAM_SORT_SAMTOOLS:BAM_STATS_SAMTOOLS:SAMTOOLS_FLAGSTAT,1702288720000,1702288726000,2,149.8,,1073741824.0,,,0.00430457461875,0.00430457461875,0.0,350.58,
1542,NFCORE_CHIPSEQ:CHIPSEQ:PRESEQ_LCEXTRAP,1702288595000,1702288730000,2,100.8,,1073741824.0,,,0.066857797125,0.066857797125,0.0,350.58,
1017,NFCORE_CHIPSEQ:CHIPSEQ:MARK_DUPLICATES_PICARD:PICARD_MARKDUPLICATES,1702288453000,1702288738000,2,106.9,,21180186624.0,,,0.35275543334960935,0.35275543334960935,0.0,350.58,
1207,NFCORE_CHIPSEQ:CHIPSEQ:PHANTOMPEAKQUALTOOLS,1702288170000,1702288743000,1,20.5,,4294967296.0,,,0.1407588833953125,0.1407588833953125,0.0,350.58,
1505,NFCORE_CHIPSEQ:CHIPSEQ:PRESEQ_LCEXTRAP,1702288606000,1702288744000,2,100.9,,1073741824.0,,,0.068406100828125,0.068406100828125,0.0,350.58,
1533,NFCORE_CHIPSEQ:CHIPSEQ:FILTER_BAM_BAMTOOLS:BAM_SORT_SAMTOOLS:BAM_STATS_SAMTOOLS:SAMTOOLS_STATS,1702288697000,1702288744000,2,130.0,,1073741824.0,,,0.02949944454375,0.02949944454375,0.0,350.58,
1554,NFCORE_CHIPSEQ:CHIPSEQ:PRESEQ_LCEXTRAP,1702288625000,1702288742000,2,100.9,,1073741824.0,,,0.0579964767890625,0.0579964767890625,0.0,350.58,
1567,NFCORE_CHIPSEQ:CHIPSEQ:PRESEQ_LCEXTRAP,1702288626000,1702288743000,2,101.0,,1073741824.0,,,0.058049529403124994,0.058049529403124994,0.0,350.58,
1624,NFCORE_CHIPSEQ:CHIPSEQ:MARK_DUPLICATES_PICARD:BAM_STATS_SAMTOOLS:SAMTOOLS_FLAGSTAT,1702288729000,1702288742000,2,150.4,,1073741824.0,,,0.009361946749999999,0.009361946749999999,0.0,350.58,
1633,NFCORE_CHIPSEQ:CHIPSEQ:MARK_DUPLICATES_PICARD:SAMTOOLS_INDEX,1702288730000,1702288740000,2,154.6,,1073741824.0,,,0.00739194278125,0.00739194278125,0.0,350.58,
1635,NFCORE_CHIPSEQ:CHIPSEQ:MARK_DUPLICATES_PICARD:SAMTOOLS_INDEX,1702288730000,1702288740000,2,155.7,,1073741824.0,,,0.007441821307291667,0.007441821307291667,0.0,350.58,
1637,NFCORE_CHIPSEQ:CHIPSEQ:FILTER_BAM_BAMTOOLS:BAM_REMOVE_ORPHANS,1702288746000,1702288747000,2,63.1,,1073741824.0,,,0.0003242956296875,0.0003242956296875,0.0,350.58,
1639,NFCORE_CHIPSEQ:CHIPSEQ:FILTER_BAM_BAMTOOLS:BAM_REMOVE_ORPHANS,1702288744000,1702288744000,2,39.0,,1073741824.0,,,0.0,0.0,0.0,350.58,
1034,NFCORE_CHIPSEQ:CHIPSEQ:MARK_DUPLICATES_PICARD:PICARD_MARKDUPLICATES,1702288484000,1702288743000,2,107.3,,21180186624.0,,,0.3210440009483073,0.3210440009483073,0.0,350.58,
1401,NFCORE_CHIPSEQ:CHIPSEQ:BEDTOOLS_GENOMECOV,1702288383000,1702288749000,2,122.3,,4567597056.0,,,0.26240306788750006,0.26240306788750006,0.0,350.58,
1487,NFCORE_CHIPSEQ:CHIPSEQ:FILTER_BAM_BAMTOOLS:BAM_FILTER,1702288530000,1702288746000,2,138.2,,1073741824.0,,,0.14360326492499997,0.14360326492499997,0.0,350.58,
1587,NFCORE_CHIPSEQ:CHIPSEQ:MARK_DUPLICATES_PICARD:BAM_STATS_SAMTOOLS:SAMTOOLS_IDXSTATS,1702288750000,1702288751000,2,33.3,,1073741824.0,,,0.00018917016822916666,0.00018917016822916666,0.0,350.58,
1612,NFCORE_CHIPSEQ:CHIPSEQ:MARK_DUPLICATES_PICARD:BAM_STATS_SAMTOOLS:SAMTOOLS_STATS,1702288711000,1702288751000,2,133.8,,1073741824.0,,,0.02579514079166667,0.02579514079166667,0.0,350.58,
1638,NFCORE_CHIPSEQ:CHIPSEQ:FILTER_BAM_BAMTOOLS:BAM_REMOVE_ORPHANS,1702288750000,1702288751000,2,54.2,,1073741824.0,,,0.0002839393677083334,0.0002839393677083334,0.0,350.58,
1646,NFCORE_CHIPSEQ:CHIPSEQ:MARK_DUPLICATES_PICARD:BAM_STATS_SAMTOOLS:SAMTOOLS_IDXSTATS,1702288752000,1702288754000,2,13.5,,1073741824.0,,,0.00019877764270833333,0.00019877764270833333,0.0,350.58,
1021,NFCORE_CHIPSEQ:CHIPSEQ:MARK_DUPLICATES_PICARD:PICARD_MARKDUPLICATES,1702288509000,1702288757000,2,108.0,,21180186624.0,,,0.308196101378125,0.308196101378125,0.0,350.58,
1642,NFCORE_CHIPSEQ:CHIPSEQ:MARK_DUPLICATES_PICARD:SAMTOOLS_INDEX,1702288746000,1702288758000,2,153.6,,1073741824.0,,,0.0088159184,0.0088159184,0.0,350.58,
1657,NFCORE_CHIPSEQ:CHIPSEQ:FILTER_BAM_BAMTOOLS:BAM_REMOVE_ORPHANS,1702288760000,1702288761000,2,46.2,,1073741824.0,,,0.0002476640760416667,0.0002476640760416667,0.0,350.58,
970,NFCORE_CHIPSEQ:CHIPSEQ:MARK_DUPLICATES_PICARD:PICARD_MARKDUPLICATES,1702288418000,1702288761000,2,106.5,,21180186624.0,,,0.42392213713007815,0.42392213713007815,0.0,350.58,
975,NFCORE_CHIPSEQ:CHIPSEQ:MARK_DUPLICATES_PICARD:PICARD_MARKDUPLICATES,1702288410000,1702288761000,2,107.1,,21180186624.0,,,0.4347644809675781,0.4347644809675781,0.0,350.58,
987,NFCORE_CHIPSEQ:CHIPSEQ:MARK_DUPLICATES_PICARD:PICARD_MARKDUPLICATES,1702288435000,1702288761000,2,107.0,,21180186624.0,,,0.4036505280309896,0.4036505280309896,0.0,350.58,
1585,NFCORE_CHIPSEQ:CHIPSEQ:MARK_DUPLICATES_PICARD:BAM_STATS_SAMTOOLS:SAMTOOLS_FLAGSTAT,1702288752000,1702288764000,2,143.9,,1073741824.0,,,0.00828811290625,0.00828811290625,0.0,350.58,
1586,NFCORE_CHIPSEQ:CHIPSEQ:MARK_DUPLICATES_PICARD:BAM_STATS_SAMTOOLS:SAMTOOLS_STATS,1702288723000,1702288764000,2,134.0,,1073741824.0,,,0.026477201485416664,0.026477201485416664,0.0,350.58,
1626,NFCORE_CHIPSEQ:CHIPSEQ:MARK_DUPLICATES_PICARD:BAM_STATS_SAMTOOLS:SAMTOOLS_IDXSTATS,1702288761000,1702288762000,2,78.0,,1073741824.0,,,0.00039185836041666665,0.00039185836041666665,0.0,350.58,
1654,NFCORE_CHIPSEQ:CHIPSEQ:MARK_DUPLICATES_PICARD:SAMTOOLS_INDEX,1702288760000,1702288771000,2,161.7,,1073741824.0,,,0.008485274594270831,0.008485274594270831,0.0,350.58,
1659,NFCORE_CHIPSEQ:CHIPSEQ:MARK_DUPLICATES_PICARD:SAMTOOLS_INDEX,1702288761000,1702288771000,2,156.3,,1073741824.0,,,0.007469027776041668,0.007469027776041668,0.0,350.58,
1054,NFCORE_CHIPSEQ:CHIPSEQ:MARK_DUPLICATES_PICARD:PICARD_MARKDUPLICATES,1702288595000,1702288775000,2,110.3,,21180186624.0,,,0.22556796508593752,0.22556796508593752,0.0,350.58,
1572,NFCORE_CHIPSEQ:CHIPSEQ:PICARD_COLLECTMULTIPLEMETRICS,1702288671000,1702288773000,2,96.1,,2573205504.0,,,0.05377857942343749,0.05377857942343749,0.0,350.58,
1666,NFCORE_CHIPSEQ:CHIPSEQ:MARK_DUPLICATES_PICARD:SAMTOOLS_INDEX,1702288766000,1702288781000,2,159.2,,1073741824.0,,,0.011400788562499998,0.011400788562499998,0.0,350.58,
1668,NFCORE_CHIPSEQ:CHIPSEQ:MARK_DUPLICATES_PICARD:SAMTOOLS_INDEX,1702288767000,1702288781000,2,157.9,,1073741824.0,,,0.010558209703125,0.010558209703125,0.0,350.58,
1047,NFCORE_CHIPSEQ:CHIPSEQ:MARK_DUPLICATES_PICARD:PICARD_MARKDUPLICATES,1702288600000,1702288781000,2,109.4,,21180186624.0,,,0.22608246482096353,0.22608246482096353,0.0,350.58,
1546,NFCORE_CHIPSEQ:CHIPSEQ:PRESEQ_LCEXTRAP,1702288666000,1702288781000,2,100.7,,1073741824.0,,,0.05690079255989583,0.05690079255989583,0.0,350.58,
1583,NFCORE_CHIPSEQ:CHIPSEQ:PICARD_COLLECTMULTIPLEMETRICS,1702288661000,1702288782000,2,110.0,,2573205504.0,,,0.07142258457526042,0.07142258457526042,0.0,350.58,
1601,NFCORE_CHIPSEQ:CHIPSEQ:FILTER_BAM_BAMTOOLS:BAM_SORT_SAMTOOLS:BAM_STATS_SAMTOOLS:SAMTOOLS_STATS,1702288744000,1702288782000,2,129.1,,1073741824.0,,,0.023695537865624998,0.023695537865624998,0.0,350.58,
1609,NFCORE_CHIPSEQ:CHIPSEQ:PICARD_COLLECTMULTIPLEMETRICS,1702288701000,1702288783000,2,110.2,,2573205504.0,,,0.04847644645677084,0.04847644645677084,0.0,350.58,
1619,NFCORE_CHIPSEQ:CHIPSEQ:FILTER_BAM_BAMTOOLS:BAM_SORT_SAMTOOLS:BAM_STATS_SAMTOOLS:SAMTOOLS_IDXSTATS,1702288787000,1702288791000,1,91.4,,1073741824.0,,,0.0018104778958333333,0.0018104778958333333,0.0,350.58,
1671,NFCORE_CHIPSEQ:CHIPSEQ:MARK_DUPLICATES_PICARD:SAMTOOLS_INDEX,1702288775000,1702288787000,2,157.2,,1073741824.0,,,0.009011804975,0.009011804975,0.0,350.58,
1680,NFCORE_CHIPSEQ:CHIPSEQ:MARK_DUPLICATES_PICARD:SAMTOOLS_INDEX,1702288784000,1702288793000,2,156.5,,1073741824.0,,,0.006730286939062501,0.006730286939062501,0.0,350.58,
1411,NFCORE_CHIPSEQ:CHIPSEQ:BEDTOOLS_GENOMECOV,1702288541000,1702288798000,2,121.5,,4567597056.0,,,0.18332343114375002,0.18332343114375002,0.0,350.58,
1508,NFCORE_CHIPSEQ:CHIPSEQ:FILTER_BAM_BAMTOOLS:BAM_FILTER,1702288552000,1702288796000,2,135.7,,1073741824.0,,,0.15945251198125,0.15945251198125,0.0,350.58,
1564,NFCORE_CHIPSEQ:CHIPSEQ:MARK_DUPLICATES_PICARD:BAM_STATS_SAMTOOLS:SAMTOOLS_FLAGSTAT,1702288783000,1702288794000,2,149.0,,1073741824.0,,,0.007851817313541667,0.007851817313541667,0.0,350.58,
1562,NFCORE_CHIPSEQ:CHIPSEQ:MARK_DUPLICATES_PICARD:BAM_STATS_SAMTOOLS:SAMTOOLS_STATS,1702288755000,1702288795000,2,132.9,,1073741824.0,,,0.025631901979166673,0.025631901979166673,0.0,350.58,
1625,NFCORE_CHIPSEQ:CHIPSEQ:MARK_DUPLICATES_PICARD:BAM_STATS_SAMTOOLS:SAMTOOLS_STATS,1702288750000,1702288794000,2,131.1,,1073741824.0,,,0.027835966789583333,0.027835966789583333,0.0,350.58,
1628,NFCORE_CHIPSEQ:CHIPSEQ:FILTER_BAM_BAMTOOLS:BAM_SORT_SAMTOOLS:BAM_STATS_SAMTOOLS:SAMTOOLS_IDXSTATS,1702288794000,1702288795000,1,63.5,,1073741824.0,,,0.00032610939427083337,0.00032610939427083337,0.0,350.58,
1663,NFCORE_CHIPSEQ:CHIPSEQ:MARK_DUPLICATES_PICARD:BAM_STATS_SAMTOOLS:SAMTOOLS_FLAGSTAT,1702288787000,1702288797000,2,144.4,,1073741824.0,,,0.006929432812500001,0.006929432812500001,0.0,350.58,
1008,NFCORE_CHIPSEQ:CHIPSEQ:MARK_DUPLICATES_PICARD:PICARD_MARKDUPLICATES,1702288489000,1702288798000,2,106.7,,21180186624.0,,,0.3821809274246094,0.3821809274246094,0.0,350.58,
1046,NFCORE_CHIPSEQ:CHIPSEQ:MARK_DUPLICATES_PICARD:PICARD_MARKDUPLICATES,1702288605000,1702288800000,2,109.4,,21180186624.0,,,0.24356950629882818,0.24356950629882818,0.0,350.58,
1593,NFCORE_CHIPSEQ:CHIPSEQ:PICARD_COLLECTMULTIPLEMETRICS,1702288685000,1702288800000,2,110.5,,2573205504.0,,,0.06932240985520834,0.06932240985520834,0.0,349.935,
1690,NFCORE_CHIPSEQ:CHIPSEQ:MARK_DUPLICATES_PICARD:SAMTOOLS_INDEX,1702288797000,1702288800000,2,161.0,,1073741824.0,,,0.004600806864062499,0.004600806864062499,0.0,349.935,
1701,NFCORE_CHIPSEQ:CHIPSEQ:FILTER_BAM_BAMTOOLS:BAM_REMOVE_ORPHANS,1702288800000,1702288800000,2,33.9,,1073741824.0,,,0.0,0.0,0.0,349.935,
1589,NFCORE_CHIPSEQ:CHIPSEQ:PRESEQ_LCEXTRAP,1702288684000,1702288800000,2,100.7,,1073741824.0,,,0.060846364114322926,0.060846364114322926,0.0,349.935,
1647,NFCORE_CHIPSEQ:CHIPSEQ:MARK_DUPLICATES_PICARD:BAM_STATS_SAMTOOLS:SAMTOOLS_STATS,1702288785000,1702288800000,2,130.0,,1073741824.0,,,0.020045466646875,0.020045466646875,0.0,349.935,
1033,NFCORE_CHIPSEQ:CHIPSEQ:MARK_DUPLICATES_PICARD:PICARD_MARKDUPLICATES,1702288544000,1702288800000,2,108.1,,21180186624.0,,,0.3405488862063802,0.3405488862063802,0.0,349.935,
1517,NFCORE_CHIPSEQ:CHIPSEQ:FILTER_BAM_BAMTOOLS:BAM_FILTER,1702288566000,1702288800000,2,136.8,,1073741824.0,,,0.16786196514375,0.16786196514375,0.0,349.935,
1604,NFCORE_CHIPSEQ:CHIPSEQ:PRESEQ_LCEXTRAP,1702288685000,1702288800000,2,100.5,,1073741824.0,,,0.06565367684791668,0.06565367684791668,0.0,349.935,
1606,NFCORE_CHIPSEQ:CHIPSEQ:UCSC_BEDGRAPHTOBIGWIG,1702288775000,1702288800000,1,100.8,,1073741824.0,,,0.022249486291666665,0.022249486291666665,0.0,349.935,
1636,NFCORE_CHIPSEQ:CHIPSEQ:PRESEQ_LCEXTRAP,1702288747000,1702288800000,2,100.5,,1073741824.0,,,0.04438219558880208,0.04438219558880208,0.0,349.935,
1581,NFCORE_CHIPSEQ:CHIPSEQ:FILTER_BAM_BAMTOOLS:BAM_FILTER,1702288644000,1702288800000,2,136.0,,1073741824.0,,,0.12760259898749998,0.12760259898749998,0.0,349.935,
1634,NFCORE_CHIPSEQ:CHIPSEQ:PRESEQ_LCEXTRAP,1702288746000,1702288800000,2,101.2,,1073741824.0,,,0.047145398990625004,0.047145398990625004,0.0,349.935,
1664,NFCORE_CHIPSEQ:CHIPSEQ:MARK_DUPLICATES_PICARD:BAM_STATS_SAMTOOLS:SAMTOOLS_STATS,1702288799000,1702288800000,2,131.2,,1073741824.0,,,0.025232710525000004,0.025232710525000004,0.0,349.935,
1565,NFCORE_CHIPSEQ:CHIPSEQ:FILTER_BAM_BAMTOOLS:BAM_FILTER,1702288621000,1702288800000,2,137.3,,1073741824.0,,,0.14921499370182295,0.14921499370182295,0.0,349.935,
988,NFCORE_CHIPSEQ:CHIPSEQ:MARK_DUPLICATES_PICARD:PICARD_MARKDUPLICATES,1702288530000,1702288800000,2,106.6,,21180186624.0,,,0.3991089886076172,0.3991089886076172,0.0,349.935,
1557,NFCORE_CHIPSEQ:CHIPSEQ:FILTER_BAM_BAMTOOLS:BAM_FILTER,1702288615000,1702288800000,2,138.4,,1073741824.0,,,0.16030539106250002,0.16030539106250002,0.0,349.935,
1588,NFCORE_CHIPSEQ:CHIPSEQ:FILTER_BAM_BAMTOOLS:BAM_FILTER,1702288650000,1702288800000,2,138.3,,1073741824.0,,,0.1382369579515625,0.1382369579515625,0.0,349.935,
1655,NFCORE_CHIPSEQ:CHIPSEQ:PRESEQ_LCEXTRAP,1702288753000,1702288800000,2,101.0,,1073741824.0,,,0.05149552014635418,0.05149552014635418,0.0,349.935,
1575,NFCORE_CHIPSEQ:CHIPSEQ:FILTER_BAM_BAMTOOLS:BAM_FILTER,1702288645000,1702288800000,2,136.3,,1073741824.0,,,0.1402874509054688,0.1402874509054688,0.0,349.935,
973,NFCORE_CHIPSEQ:CHIPSEQ:MARK_DUPLICATES_PICARD:PICARD_MARKDUPLICATES,1702288517000,1702288800000,2,107.3,,21180186624.0,,,0.4446525718459636,0.4446525718459636,0.0,349.935,
986,NFCORE_CHIPSEQ:CHIPSEQ:MARK_DUPLICATES_PICARD:PICARD_MARKDUPLICATES,1702288533000,1702288800000,2,106.9,,21180186624.0,,,0.42173175585937506,0.42173175585937506,0.0,349.935,
1570,NFCORE_CHIPSEQ:CHIPSEQ:PRESEQ_LCEXTRAP,1702288755000,1702288800000,2,101.5,,1073741824.0,,,0.0601690778390625,0.0601690778390625,0.0,349.935,
1599,NFCORE_CHIPSEQ:CHIPSEQ:MACS2_CALLPEAK,1702288673000,1702288800000,1,97.0,,1892679680.0,,,0.10583663522916667,0.10583663522916667,0.0,349.935,
1615,NFCORE_CHIPSEQ:CHIPSEQ:FILTER_BAM_BAMTOOLS:BAM_FILTER,1702288696000,1702288800000,2,136.0,,1073741824.0,,,0.118995519175,0.118995519175,0.0,349.935,
1660,NFCORE_CHIPSEQ:CHIPSEQ:PRESEQ_LCEXTRAP,1702288785000,1702288800000,2,100.6,,1073741824.0,,,0.046816408265625,0.046816408265625,0.0,349.935,
1425,NFCORE_CHIPSEQ:CHIPSEQ:BEDTOOLS_GENOMECOV,1702288594000,1702288800000,2,122.1,,4567597056.0,,,0.22383903617968753,0.22383903617968753,0.0,349.935,
1669,NFCORE_CHIPSEQ:CHIPSEQ:PRESEQ_LCEXTRAP,1702288767000,1702288800000,2,101.3,,1073741824.0,,,0.06846418244609374,0.06846418244609374,0.0,349.935,
1600,NFCORE_CHIPSEQ:CHIPSEQ:MACS2_CALLPEAK,1702288685000,1702288800000,1,96.4,,1892679680.0,,,0.1147950346328776,0.1147950346328776,0.0,349.935,
1644,NFCORE_CHIPSEQ:CHIPSEQ:FILTER_BAM_BAMTOOLS:BAM_FILTER,1702288754000,1702288800000,2,134.5,,1073741824.0,,,0.10406224256484375,0.10406224256484375,0.0,349.935,
1649,NFCORE_CHIPSEQ:CHIPSEQ:FILTER_BAM_BAMTOOLS:BAM_FILTER,1702288757000,1702288800000,2,135.2,,1073741824.0,,,0.10067175622083332,0.10067175622083332,0.0,349.935,
1023,NFCORE_CHIPSEQ:CHIPSEQ:MARK_DUPLICATES_PICARD:PICARD_MARKDUPLICATES,1702288665000,1702288800000,2,107.4,,21180186624.0,,,0.3205956618105469,0.3205956618105469,0.0,349.935,
1429,NFCORE_CHIPSEQ:CHIPSEQ:BEDTOOLS_GENOMECOV,1702288520000,1702288800000,2,121.5,,4567597056.0,,,0.288566807859375,0.288566807859375,0.0,349.935,
1670,NFCORE_CHIPSEQ:CHIPSEQ:PRESEQ_LCEXTRAP,1702288797000,1702288800000,2,100.9,,1073741824.0,,,0.0627272680078125,0.0627272680078125,0.0,349.935,
1623,NFCORE_CHIPSEQ:CHIPSEQ:FILTER_BAM_BAMTOOLS:BAM_FILTER,1702288714000,1702288800000,2,136.2,,1073741824.0,,,0.14590415284739583,0.14590415284739583,0.0,349.935,
1043,NFCORE_CHIPSEQ:CHIPSEQ:MARK_DUPLICATES_PICARD:PICARD_MARKDUPLICATES,1702288747000,1702288800000,2,108.7,,21180186624.0,,,0.2460235168996745,0.2460235168996745,0.0,349.935,
1661,NFCORE_CHIPSEQ:CHIPSEQ:FILTER_BAM_BAMTOOLS:BAM_FILTER,1702288765000,1702288800000,2,134.8,,1073741824.0,,,0.12495914041250002,0.12495914041250002,0.0,349.935,
1044,NFCORE_CHIPSEQ:CHIPSEQ:MARK_DUPLICATES_PICARD:PICARD_MARKDUPLICATES,1702288766000,1702288800000,2,108.8,,21180186624.0,,,0.24230061741881512,0.24230061741881512,0.0,349.935,
1048,NFCORE_CHIPSEQ:CHIPSEQ:MARK_DUPLICATES_PICARD:PICARD_MARKDUPLICATES,1702288766000,1702288800000,2,108.9,,21180186624.0,,,0.24238876981542967,0.24238876981542967,0.0,349.935,
1673,NFCORE_CHIPSEQ:CHIPSEQ:FILTER_BAM_BAMTOOLS:BAM_FILTER,1702288784000,1702288800000,2,137.9,,1073741824.0,,,0.12100723863411458,0.12100723863411458,0.0,349.935,
971,NFCORE_CHIPSEQ:CHIPSEQ:MARK_DUPLICATES_PICARD:PICARD_MARKDUPLICATES,1702288625000,1702288800000,2,106.6,,21180186624.0,,,0.42331336871341146,0.42331336871341146,0.0,349.935,
1029,NFCORE_CHIPSEQ:CHIPSEQ:MARK_DUPLICATES_PICARD:PICARD_MARKDUPLICATES,1702288741000,1702288800000,2,107.8,,21180186624.0,,,0.29844682496744795,0.29844682496744795,0.0,349.935,
1404,NFCORE_CHIPSEQ:CHIPSEQ:PHANTOMPEAKQUALTOOLS,1702288419000,1702288800000,1,21.8,,4294967296.0,,,0.1417032570390625,0.1417032570390625,0.0,349.935,
964,NFCORE_CHIPSEQ:CHIPSEQ:MARK_DUPLICATES_PICARD:PICARD_MARKDUPLICATES,1702288633000,1702288800000,2,106.9,,21180186624.0,,,0.441007258951823,0.441007258951823,0.0,349.935,
1682,NFCORE_CHIPSEQ:CHIPSEQ:FILTER_BAM_BAMTOOLS:BAM_FILTER,1702288793000,1702288800000,2,138.4,,1073741824.0,,,0.13267457884375,0.13267457884375,0.0,349.935,
993,NFCORE_CHIPSEQ:CHIPSEQ:MARK_DUPLICATES_PICARD:PICARD_MARKDUPLICATES,1702288680000,1702288800000,2,106.6,,21180186624.0,,,0.3971947503855469,0.3971947503855469,0.0,349.935,
1050,NFCORE_CHIPSEQ:CHIPSEQ:MARK_DUPLICATES_PICARD:PICARD_MARKDUPLICATES,1702288764000,1702288800000,2,108.3,,21180186624.0,,,0.30012592348476563,0.30012592348476563,0.0,349.935,
1616,NFCORE_CHIPSEQ:CHIPSEQ:BEDTOOLS_GENOMECOV,1702288747000,1702288800000,2,122.1,,4567597056.0,,,0.180631520265625,0.180631520265625,0.0,349.935,
1550,NFCORE_CHIPSEQ:CHIPSEQ:BEDTOOLS_GENOMECOV,1702288697000,1702288800000,2,122.2,,4567597056.0,,,0.22727852484817712,0.22727852484817712,0.0,349.935,
1007,NFCORE_CHIPSEQ:CHIPSEQ:MARK_DUPLICATES_PICARD:PICARD_MARKDUPLICATES,1702288722000,1702288800000,2,107.0,,21180186624.0,,,0.36674518613769536,0.36674518613769536,0.0,349.935,
1012,NFCORE_CHIPSEQ:CHIPSEQ:MARK_DUPLICATES_PICARD:PICARD_MARKDUPLICATES,1702288725000,1702288800000,2,107.0,,21180186624.0,,,0.36179697499375,0.36179697499375,0.0,349.935,
1692,NFCORE_CHIPSEQ:CHIPSEQ:FILTER_BAM_BAMTOOLS:BAM_FILTER,1702288798000,1702288800000,2,137.3,,1073741824.0,,,0.14746801778072918,0.14746801778072918,0.0,349.935,
1686,NFCORE_CHIPSEQ:CHIPSEQ:FILTER_BAM_BAMTOOLS:BAM_FILTER,1702288798000,1702288800000,2,137.0,,1073741824.0,,,0.16227455034322916,0.16227455034322916,0.0,349.935,
1040,NFCORE_CHIPSEQ:CHIPSEQ:MARK_DUPLICATES_PICARD:PICARD_MARKDUPLICATES,1702288783000,1702288800000,2,107.8,,21180186624.0,,,0.3291861572129558,0.3291861572129558,0.0,349.935,
1622,NFCORE_CHIPSEQ:CHIPSEQ:MACS2_CALLPEAK,1702288726000,1702288800000,1,96.2,,1892679680.0,,,0.1676872957921875,0.1676872957921875,0.0,349.935,
998,NFCORE_CHIPSEQ:CHIPSEQ:MARK_DUPLICATES_PICARD:PICARD_MARKDUPLICATES,1702288779000,1702288800000,2,106.0,,21180186624.0,,,0.38358014500058596,0.38358014500058596,0.0,349.935,
968,NFCORE_CHIPSEQ:CHIPSEQ:MARK_DUPLICATES_PICARD:PICARD_MARKDUPLICATES,1702288776000,1702288800000,2,105.9,,21180186624.0,,,0.4129407596484375,0.4129407596484375,0.0,349.935,
1549,NFCORE_CHIPSEQ:CHIPSEQ:BEDTOOLS_GENOMECOV,1702288688000,1702288800000,2,121.6,,4567597056.0,,,0.30750999495833337,0.30750999495833337,0.0,349.935,
1370,NFCORE_CHIPSEQ:CHIPSEQ:PHANTOMPEAKQUALTOOLS,1702288346000,1702288800000,1,19.0,,4294967296.0,,,0.20148535533906253,0.20148535533906253,0.0,349.935,
1393,NFCORE_CHIPSEQ:CHIPSEQ:PHANTOMPEAKQUALTOOLS,1702288375000,1702288800000,1,17.2,,4294967296.0,,,0.2419227017375,0.2419227017375,0.0,349.935,
1573,NFCORE_CHIPSEQ:CHIPSEQ:PHANTOMPEAKQUALTOOLS,1702288632000,1702288800000,1,16.3,,4294967296.0,,,0.20807806919296878,0.20807806919296878,0.0,349.935,
1359,NFCORE_CHIPSEQ:CHIPSEQ:PHANTOMPEAKQUALTOOLS,1702288342000,1702288800000,1,15.6,,4294967296.0,,,0.2991214927083334,0.2991214927083334,0.0,349.935,
1395,NFCORE_CHIPSEQ:CHIPSEQ:PHANTOMPEAKQUALTOOLS,1702288396000,1702288800000,1,13.6,,4294967296.0,,,0.39906558471875003,0.39906558471875003,0.0,349.935,
1500,NFCORE_CHIPSEQ:CHIPSEQ:PHANTOMPEAKQUALTOOLS,1702288579000,1702288800000,1,11.3,,4294967296.0,,,0.4575364230854167,0.4575364230854167,0.0,349.935,
1703,NFCORE_CHIPSEQ:CHIPSEQ:MARK_DUPLICATES_PICARD:SAMTOOLS_INDEX,1702288803000,1702288817000,2,147.6,,1073741824.0,,,0.00986790336875,0.00986790336875,0.0,349.29,
1704,NFCORE_CHIPSEQ:CHIPSEQ:MARK_DUPLICATES_PICARD:SAMTOOLS_INDEX,1702288806000,1702288817000,2,152.7,,1073741824.0,,,0.00800679710703125,0.00800679710703125,0.0,349.29,
1662,NFCORE_CHIPSEQ:CHIPSEQ:MARK_DUPLICATES_PICARD:BAM_STATS_SAMTOOLS:SAMTOOLS_IDXSTATS,1702288821000,1702288822000,2,37.5,,1073741824.0,,,0.00020744854609375002,0.00020744854609375002,0.0,349.29,
1678,NFCORE_CHIPSEQ:CHIPSEQ:MARK_DUPLICATES_PICARD:BAM_STATS_SAMTOOLS:SAMTOOLS_FLAGSTAT,1702288820000,1702288833000,2,147.6,,1073741824.0,,,0.009163053128125,0.009163053128125,0.0,349.29,
1720,NFCORE_CHIPSEQ:CHIPSEQ:MARK_DUPLICATES_PICARD:SAMTOOLS_INDEX,1702288825000,1702288837000,2,154.9,,1073741824.0,,,0.008853955734375002,0.008853955734375002,0.0,349.29,
1679,NFCORE_CHIPSEQ:CHIPSEQ:MARK_DUPLICATES_PICARD:BAM_STATS_SAMTOOLS:SAMTOOLS_IDXSTATS,1702288842000,1702288843000,2,87.3,,1073741824.0,,,0.00043243132890625005,0.00043243132890625005,0.0,349.29,
1721,NFCORE_CHIPSEQ:CHIPSEQ:FILTER_BAM_BAMTOOLS:BAM_REMOVE_ORPHANS,1702288841000,1702288842000,2,46.0,,1073741824.0,,,0.00024584922187500006,0.00024584922187500006,0.0,349.29,
1687,NFCORE_CHIPSEQ:CHIPSEQ:MARK_DUPLICATES_PICARD:BAM_STATS_SAMTOOLS:SAMTOOLS_STATS,1702288807000,1702288853000,2,132.6,,1073741824.0,,,0.029305879740625006,0.029305879740625006,0.0,349.29,
1700,NFCORE_CHIPSEQ:CHIPSEQ:UCSC_BEDGRAPHTOBIGWIG,1702288801000,1702288856000,1,100.9,,1073741824.0,,,0.02716298255859375,0.02716298255859375,0.0,349.29,
1729,NFCORE_CHIPSEQ:CHIPSEQ:FILTER_BAM_BAMTOOLS:BAM_REMOVE_ORPHANS,1702288856000,1702288856000,2,45.5,,1073741824.0,,,0.0,0.0,0.0,349.29,
1645,NFCORE_CHIPSEQ:CHIPSEQ:MARK_DUPLICATES_PICARD:BAM_STATS_SAMTOOLS:SAMTOOLS_FLAGSTAT,1702288845000,1702288853000,2,147.0,,1073741824.0,,,0.0056171168375,0.0056171168375,0.0,349.29,
1683,NFCORE_CHIPSEQ:CHIPSEQ:MARK_DUPLICATES_PICARD:BAM_STATS_SAMTOOLS:SAMTOOLS_IDXSTATS,1702288859000,1702288860000,2,77.4,,1073741824.0,,,0.00038770583593750006,0.00038770583593750006,0.0,349.29,
1689,NFCORE_CHIPSEQ:CHIPSEQ:MARK_DUPLICATES_PICARD:BAM_STATS_SAMTOOLS:SAMTOOLS_IDXSTATS,1702288860000,1702288860000,2,67.4,,1073741824.0,,,0.0,0.0,0.0,349.29,
1727,NFCORE_CHIPSEQ:CHIPSEQ:FILTER_BAM_BAMTOOLS:BAM_REMOVE_ORPHANS,1702288856000,1702288857000,2,60.1,,1073741824.0,,,0.00030954916640625005,0.00030954916640625005,0.0,349.29,
1688,NFCORE_CHIPSEQ:CHIPSEQ:MARK_DUPLICATES_PICARD:BAM_STATS_SAMTOOLS:SAMTOOLS_FLAGSTAT,1702288851000,1702288862000,2,149.6,,1073741824.0,,,0.007852742631250001,0.007852742631250001,0.0,349.29,
1723,NFCORE_CHIPSEQ:CHIPSEQ:MARK_DUPLICATES_PICARD:BAM_STATS_SAMTOOLS:SAMTOOLS_IDXSTATS,1702288865000,1702288865000,2,61.1,,1073741824.0,,,0.0,0.0,0.0,349.29,
1734,NFCORE_CHIPSEQ:CHIPSEQ:FILTER_BAM_BAMTOOLS:BAM_REMOVE_ORPHANS,1702288863000,1702288865000,2,6.2,,1073741824.0,,,0.00013208740937500002,0.00013208740937500002,0.0,349.29,
1735,NFCORE_CHIPSEQ:CHIPSEQ:FILTER_BAM_BAMTOOLS:BAM_REMOVE_ORPHANS,1702288862000,1702288862000,2,61.0,,1073741824.0,,,0.0,0.0,0.0,349.29,
1676,NFCORE_CHIPSEQ:CHIPSEQ:MARK_DUPLICATES_PICARD:BAM_STATS_SAMTOOLS:SAMTOOLS_STATS,1702288839000,1702288874000,2,130.7,,1073741824.0,,,0.02199752316015625,0.02199752316015625,0.0,349.29,
1685,NFCORE_CHIPSEQ:CHIPSEQ:MARK_DUPLICATES_PICARD:BAM_STATS_SAMTOOLS:SAMTOOLS_FLAGSTAT,1702288859000,1702288873000,2,148.9,,1073741824.0,,,0.009950125992187501,0.009950125992187501,0.0,349.29,
1724,NFCORE_CHIPSEQ:CHIPSEQ:MARK_DUPLICATES_PICARD:BAM_STATS_SAMTOOLS:SAMTOOLS_FLAGSTAT,1702288864000,1702288876000,2,148.7,,1073741824.0,,,0.008517836878124999,0.008517836878124999,0.0,349.29,
1737,NFCORE_CHIPSEQ:CHIPSEQ:FILTER_BAM_BAMTOOLS:BAM_REMOVE_ORPHANS,1702288868000,1702288876000,2,0.7,,1073741824.0,,,0.00032956966875,0.00032956966875,0.0,349.29,
1693,NFCORE_CHIPSEQ:CHIPSEQ:MARK_DUPLICATES_PICARD:BAM_STATS_SAMTOOLS:SAMTOOLS_IDXSTATS,1702288876000,1702288877000,2,90.8,,1073741824.0,,,0.00044824337187500006,0.00044824337187500006,0.0,349.29,
1717,NFCORE_CHIPSEQ:CHIPSEQ:MARK_DUPLICATES_PICARD:BAM_STATS_SAMTOOLS:SAMTOOLS_IDXSTATS,1702288879000,1702288880000,2,104.6,,1073741824.0,,,0.0005105879984375,0.0005105879984375,0.0,349.29,
1648,NFCORE_CHIPSEQ:CHIPSEQ:MARK_DUPLICATES_PICARD:BAM_STATS_SAMTOOLS:SAMTOOLS_FLAGSTAT,1702288876000,1702288885000,2,150.3,,1073741824.0,,,0.006453432921093752,0.006453432921093752,0.0,349.29,
1684,NFCORE_CHIPSEQ:CHIPSEQ:MARK_DUPLICATES_PICARD:BAM_STATS_SAMTOOLS:SAMTOOLS_STATS,1702288844000,1702288890000,2,133.4,,1073741824.0,,,0.029472132078125008,0.029472132078125008,0.0,349.29,
1718,NFCORE_CHIPSEQ:CHIPSEQ:MARK_DUPLICATES_PICARD:BAM_STATS_SAMTOOLS:SAMTOOLS_FLAGSTAT,1702288880000,1702288887000,2,145.9,,1073741824.0,,,0.004880190738281251,0.004880190738281251,0.0,349.29,
1747,NFCORE_CHIPSEQ:CHIPSEQ:FILTER_BAM_BAMTOOLS:BAM_REMOVE_ORPHANS,1702288889000,1702288891000,2,72.3,,1073741824.0,,,0.0007293308609375,0.0007293308609375,0.0,349.29,
1732,NFCORE_CHIPSEQ:CHIPSEQ:MARK_DUPLICATES_PICARD:SAMTOOLS_INDEX,1702288885000,1702288898000,2,158.1,,1073741824.0,,,0.00977972280390625,0.00977972280390625,0.0,349.29,
1741,NFCORE_CHIPSEQ:CHIPSEQ:MARK_DUPLICATES_PICARD:SAMTOOLS_INDEX,1702288883000,1702288897000,2,160.4,,1073741824.0,,,0.01067747996875,0.01067747996875,0.0,349.29,
1743,NFCORE_CHIPSEQ:CHIPSEQ:MARK_DUPLICATES_PICARD:SAMTOOLS_INDEX,1702288881000,1702288898000,2,141.7,,1073741824.0,,,0.011529326116406249,0.011529326116406249,0.0,349.29,
1725,NFCORE_CHIPSEQ:CHIPSEQ:MARK_DUPLICATES_PICARD:BAM_STATS_SAMTOOLS:SAMTOOLS_STATS,1702288863000,1702288901000,2,132.0,,1073741824.0,,,0.0241062008375,0.0241062008375,0.0,349.29,
1695,NFCORE_CHIPSEQ:CHIPSEQ:MARK_DUPLICATES_PICARD:BAM_STATS_SAMTOOLS:SAMTOOLS_FLAGSTAT,1702288901000,1702288913000,2,150.1,,1073741824.0,,,0.008593734684375002,0.008593734684375002,0.0,349.29,
1715,NFCORE_CHIPSEQ:CHIPSEQ:MARK_DUPLICATES_PICARD:BAM_STATS_SAMTOOLS:SAMTOOLS_STATS,1702288880000,1702288905000,2,131.1,,1073741824.0,,,0.01575769380859375,0.01575769380859375,0.0,349.29,
1749,NFCORE_CHIPSEQ:CHIPSEQ:MARK_DUPLICATES_PICARD:BAM_STATS_SAMTOOLS:SAMTOOLS_IDXSTATS,1702288917000,1702288918000,2,110.3,,1073741824.0,,,0.0005363390398437501,0.0005363390398437501,0.0,349.29,
1755,NFCORE_CHIPSEQ:CHIPSEQ:MARK_DUPLICATES_PICARD:BAM_STATS_SAMTOOLS:SAMTOOLS_FLAGSTAT,1702288908000,1702288920000,2,145.6,,1073741824.0,,,0.008349777450000002,0.008349777450000002,0.0,349.29,
1651,NFCORE_CHIPSEQ:CHIPSEQ:MARK_DUPLICATES_PICARD:BAM_STATS_SAMTOOLS:SAMTOOLS_STATS,1702288894000,1702288926000,2,132.8,,1073741824.0,,,0.0204156124,0.0204156124,0.0,349.29,
1694,NFCORE_CHIPSEQ:CHIPSEQ:MARK_DUPLICATES_PICARD:BAM_STATS_SAMTOOLS:SAMTOOLS_STATS,1702288880000,1702288922000,2,133.4,,1073741824.0,,,0.026909337984375004,0.026909337984375004,0.0,349.29,
1711,NFCORE_CHIPSEQ:CHIPSEQ:MARK_DUPLICATES_PICARD:BAM_STATS_SAMTOOLS:SAMTOOLS_IDXSTATS,1702288927000,1702288928000,2,103.2,,1073741824.0,,,0.0005042631812500001,0.0005042631812500001,0.0,349.29,
1712,NFCORE_CHIPSEQ:CHIPSEQ:MARK_DUPLICATES_PICARD:BAM_STATS_SAMTOOLS:SAMTOOLS_FLAGSTAT,1702288911000,1702288924000,2,149.8,,1073741824.0,,,0.009292260107812502,0.009292260107812502,0.0,349.29,
1758,NFCORE_CHIPSEQ:CHIPSEQ:MARK_DUPLICATES_PICARD:BAM_STATS_SAMTOOLS:SAMTOOLS_IDXSTATS,1702288926000,1702288926000,2,129.0,,1073741824.0,,,0.0,0.0,0.0,349.29,
1757,NFCORE_CHIPSEQ:CHIPSEQ:MARK_DUPLICATES_PICARD:BAM_STATS_SAMTOOLS:SAMTOOLS_FLAGSTAT,1702288922000,1702288933000,2,148.7,,1073741824.0,,,0.007808017138281252,0.007808017138281252,0.0,349.29,
1764,NFCORE_CHIPSEQ:CHIPSEQ:FILTER_BAM_BAMTOOLS:BAM_REMOVE_ORPHANS,1702288930000,1702288932000,2,41.8,,1073741824.0,,,0.00045374954062500004,0.00045374954062500004,0.0,349.29,
1656,NFCORE_CHIPSEQ:CHIPSEQ:UCSC_BEDGRAPHTOBIGWIG,1702288868000,1702288941000,1,100.5,,1073741824.0,,,0.035920768325781255,0.035920768325781255,0.0,349.29,
1702,NFCORE_CHIPSEQ:CHIPSEQ:PRESEQ_LCEXTRAP,1702288820000,1702288937000,2,101.0,,1073741824.0,,,0.0578359293890625,0.0578359293890625,0.0,349.29,
1765,NFCORE_CHIPSEQ:CHIPSEQ:FILTER_BAM_BAMTOOLS:BAM_REMOVE_ORPHANS,1702288935000,1702288936000,2,58.2,,1073741824.0,,,0.0003009654859375,0.0003009654859375,0.0,349.29,
1767,NFCORE_CHIPSEQ:CHIPSEQ:MARK_DUPLICATES_PICARD:SAMTOOLS_INDEX,1702288929000,1702288941000,2,147.9,,1073741824.0,,,0.008474466703125001,0.008474466703125001,0.0,349.29,
1675,NFCORE_CHIPSEQ:CHIPSEQ:MARK_DUPLICATES_PICARD:BAM_STATS_SAMTOOLS:SAMTOOLS_FLAGSTAT,1702288944000,1702288952000,2,150.5,,1073741824.0,,,0.00574361318125,0.00574361318125,0.0,349.29,
1696,NFCORE_CHIPSEQ:CHIPSEQ:FILTER_BAM_BAMTOOLS:BAM_FILTER,1702288810000,1702288947000,2,135.6,,1073741824.0,,,0.08913734049687501,0.08913734049687501,0.0,349.29,
1750,NFCORE_CHIPSEQ:CHIPSEQ:MARK_DUPLICATES_PICARD:BAM_STATS_SAMTOOLS:SAMTOOLS_FLAGSTAT,1702288937000,1702288947000,2,148.1,,1073741824.0,,,0.007071091039062501,0.007071091039062501,0.0,349.29,
1650,NFCORE_CHIPSEQ:CHIPSEQ:MARK_DUPLICATES_PICARD:BAM_STATS_SAMTOOLS:SAMTOOLS_IDXSTATS,1702288961000,1702288961000,2,100.0,,1073741824.0,,,0.0,0.0,0.0,349.29,
1674,NFCORE_CHIPSEQ:CHIPSEQ:MARK_DUPLICATES_PICARD:BAM_STATS_SAMTOOLS:SAMTOOLS_IDXSTATS,1702288958000,1702288961000,2,118.5,,1073741824.0,,,0.0017201531929687502,0.0017201531929687502,0.0,349.29,
1677,NFCORE_CHIPSEQ:CHIPSEQ:FILTER_BAM_BAMTOOLS:BAM_FILTER,1702288801000,1702288954000,2,137.2,,1073741824.0,,,0.10065348030937499,0.10065348030937499,0.0,349.29,
1719,NFCORE_CHIPSEQ:CHIPSEQ:PRESEQ_LCEXTRAP,1702288860000,1702288964000,2,100.7,,1073741824.0,,,0.051268761943750005,0.051268761943750005,0.0,349.29,
1760,NFCORE_CHIPSEQ:CHIPSEQ:MARK_DUPLICATES_PICARD:BAM_STATS_SAMTOOLS:SAMTOOLS_STATS,1702288918000,1702288964000,2,132.5,,1073741824.0,,,0.029285098198437505,0.029285098198437505,0.0,349.29,
1770,NFCORE_CHIPSEQ:CHIPSEQ:FILTER_BAM_BAMTOOLS:BAM_REMOVE_ORPHANS,1702288961000,1702288962000,2,44.7,,1073741824.0,,,0.00023997617734375004,0.00023997617734375004,0.0,349.29,
1778,NFCORE_CHIPSEQ:CHIPSEQ:MARK_DUPLICATES_PICARD:SAMTOOLS_INDEX,1702288951000,1702288957000,2,152.8,,1073741824.0,,,0.004370054512500001,0.004370054512500001,0.0,349.29,
1705,NFCORE_CHIPSEQ:CHIPSEQ:PRESEQ_LCEXTRAP,1702288901000,1702288970000,2,100.4,,1073741824.0,,,0.033921334734375,0.033921334734375,0.0,349.29,
1706,NFCORE_CHIPSEQ:CHIPSEQ:FILTER_BAM_BAMTOOLS:BAM_FILTER,1702288836000,1702288971000,2,135.5,,1073741824.0,,,0.08777507614453127,0.08777507614453127,0.0,349.29,
1713,NFCORE_CHIPSEQ:CHIPSEQ:MARK_DUPLICATES_PICARD:BAM_STATS_SAMTOOLS:SAMTOOLS_STATS,1702288927000,1702288967000,2,131.4,,1073741824.0,,,0.025266522812500004,0.025266522812500004,0.0,349.29,
1752,NFCORE_CHIPSEQ:CHIPSEQ:MARK_DUPLICATES_PICARD:BAM_STATS_SAMTOOLS:SAMTOOLS_STATS,1702288929000,1702288970000,2,133.5,,1073741824.0,,,0.026287162139843747,0.026287162139843747,0.0,349.29,
1753,NFCORE_CHIPSEQ:CHIPSEQ:MARK_DUPLICATES_PICARD:BAM_STATS_SAMTOOLS:SAMTOOLS_IDXSTATS,1702288971000,1702288971000,2,88.9,,1073741824.0,,,0.0,0.0,0.0,349.29,
1756,NFCORE_CHIPSEQ:CHIPSEQ:MARK_DUPLICATES_PICARD:BAM_STATS_SAMTOOLS:SAMTOOLS_STATS,1702288923000,1702288967000,2,131.6,,1073741824.0,,,0.027832931087500002,0.027832931087500002,0.0,349.29,
1761,NFCORE_CHIPSEQ:CHIPSEQ:UCSC_BEDGRAPHTOBIGWIG,1702288912000,1702288975000,1,100.1,,1073741824.0,,,0.03088626842109375,0.03088626842109375,0.0,349.29,
1773,NFCORE_CHIPSEQ:CHIPSEQ:MARK_DUPLICATES_PICARD:BAM_STATS_SAMTOOLS:SAMTOOLS_IDXSTATS,1702288968000,1702288968000,2,42.2,,1073741824.0,,,0.0,0.0,0.0,349.29,
1779,NFCORE_CHIPSEQ:CHIPSEQ:FILTER_BAM_BAMTOOLS:BAM_REMOVE_ORPHANS,1702288967000,1702288968000,2,36.4,,1073741824.0,,,0.000202479046875,0.000202479046875,0.0,349.29,
1780,NFCORE_CHIPSEQ:CHIPSEQ:FILTER_BAM_BAMTOOLS:BAM_REMOVE_ORPHANS,1702288966000,1702288967000,2,95.0,,1073741824.0,,,0.0004672178234375001,0.0004672178234375001,0.0,349.29,
1781,NFCORE_CHIPSEQ:CHIPSEQ:FILTER_BAM_BAMTOOLS:BAM_REMOVE_ORPHANS,1702288970000,1702288970000,2,35.8,,1073741824.0,,,0.0,0.0,0.0,349.29,
1699,NFCORE_CHIPSEQ:CHIPSEQ:MARK_DUPLICATES_PICARD:BAM_STATS_SAMTOOLS:SAMTOOLS_IDXSTATS,1702288975000,1702288976000,2,71.9,,1073741824.0,,,0.00036285833984375007,0.00036285833984375007,0.0,349.29,
1707,NFCORE_CHIPSEQ:CHIPSEQ:MARK_DUPLICATES_PICARD:BAM_STATS_SAMTOOLS:SAMTOOLS_FLAGSTAT,1702288975000,1702288981000,2,153.3,,1073741824.0,,,0.0043836076921875,0.0043836076921875,0.0,349.29,
1776,NFCORE_CHIPSEQ:CHIPSEQ:MARK_DUPLICATES_PICARD:BAM_STATS_SAMTOOLS:SAMTOOLS_FLAGSTAT,1702288973000,1702288982000,2,142.0,,1073741824.0,,,0.006115958746875001,0.006115958746875001,0.0,349.29,
1788,NFCORE_CHIPSEQ:CHIPSEQ:MARK_DUPLICATES_PICARD:SAMTOOLS_INDEX,1702288974000,1702288983000,2,155.0,,1073741824.0,,,0.006644532754687501,0.006644532754687501,0.0,349.29,
1789,NFCORE_CHIPSEQ:CHIPSEQ:MARK_DUPLICATES_PICARD:SAMTOOLS_INDEX,1702288974000,1702288983000,2,154.1,,1073741824.0,,,0.006607939169531251,0.006607939169531251,0.0,349.29,
1792,NFCORE_CHIPSEQ:CHIPSEQ:FILTER_BAM_BAMTOOLS:BAM_REMOVE_ORPHANS,1702288979000,1702288981000,2,85.0,,1073741824.0,,,0.0008440811156250001,0.0008440811156250001,0.0,349.29,
1620,NFCORE_CHIPSEQ:CHIPSEQ:FILTER_BAM_BAMTOOLS:BAM_SORT_SAMTOOLS:BAM_STATS_SAMTOOLS:SAMTOOLS_STATS,1702288942000,1702288982000,2,129.4,,1073741824.0,,,0.024905104687500006,0.024905104687500006,0.0,349.29,
1672,NFCORE_CHIPSEQ:CHIPSEQ:MARK_DUPLICATES_PICARD:BAM_STATS_SAMTOOLS:SAMTOOLS_STATS,1702288956000,1702288990000,2,133.2,,1073741824.0,,,0.021753029256249997,0.021753029256249997,0.0,349.29,
1709,NFCORE_CHIPSEQ:CHIPSEQ:MARK_DUPLICATES_PICARD:BAM_STATS_SAMTOOLS:SAMTOOLS_IDXSTATS,1702288983000,1702288984000,2,77.1,,1073741824.0,,,0.00038635051796875,0.00038635051796875,0.0,349.29,
1716,NFCORE_CHIPSEQ:CHIPSEQ:FILTER_BAM_BAMTOOLS:BAM_FILTER,1702288842000,1702288989000,2,134.6,,1073741824.0,,,0.09497960991093753,0.09497960991093753,0.0,349.29,
1791,NFCORE_CHIPSEQ:CHIPSEQ:FILTER_BAM_BAMTOOLS:BAM_REMOVE_ORPHANS,1702288986000,1702288988000,2,93.2,,1073741824.0,,,0.0009181718312500001,0.0009181718312500001,0.0,349.29,
1563,NFCORE_CHIPSEQ:CHIPSEQ:MARK_DUPLICATES_PICARD:BAM_STATS_SAMTOOLS:SAMTOOLS_IDXSTATS,1702288993000,1702288994000,2,93.4,,1073741824.0,,,0.0004599894609375001,0.0004599894609375001,0.0,349.29,
1629,NFCORE_CHIPSEQ:CHIPSEQ:FILTER_BAM_BAMTOOLS:BAM_SORT_SAMTOOLS:BAM_STATS_SAMTOOLS:SAMTOOLS_STATS,1702288971000,1702288995000,2,129.5,,1073741824.0,,,0.014953905356250003,0.014953905356250003,0.0,349.29,
1667,NFCORE_CHIPSEQ:CHIPSEQ:PRESEQ_LCEXTRAP,1702288860000,1702288993000,2,100.5,,1073741824.0,,,0.06544468749765625,0.06544468749765625,0.0,349.29,
1786,NFCORE_CHIPSEQ:CHIPSEQ:MARK_DUPLICATES_PICARD:BAM_STATS_SAMTOOLS:SAMTOOLS_IDXSTATS,1702288999000,1702289000000,2,122.1,,1073741824.0,,,0.0005896482132812501,0.0005896482132812501,0.0,349.29,
1797,NFCORE_CHIPSEQ:CHIPSEQ:MARK_DUPLICATES_PICARD:SAMTOOLS_INDEX,1702288984000,1702288997000,2,145.6,,1073741824.0,,,0.009045592237499999,0.009045592237499999,0.0,349.29,
1809,NFCORE_CHIPSEQ:CHIPSEQ:MARK_DUPLICATES_PICARD:SAMTOOLS_INDEX,1702288992000,1702289002000,2,143.7,,1073741824.0,,,0.0068723110703125005,0.0068723110703125005,0.0,349.29,
1811,NFCORE_CHIPSEQ:CHIPSEQ:FILTER_BAM_BAMTOOLS:BAM_REMOVE_ORPHANS,1702288998000,1702289002000,2,33.3,,1073741824.0,,,0.0007538963781250001,0.0007538963781250001,0.0,349.29,
1698,NFCORE_CHIPSEQ:CHIPSEQ:MARK_DUPLICATES_PICARD:BAM_STATS_SAMTOOLS:SAMTOOLS_FLAGSTAT,1702289000000,1702289007000,2,146.2,,1073741824.0,,,0.0048896779640625,0.0048896779640625,0.0,349.29,
1774,NFCORE_CHIPSEQ:CHIPSEQ:MARK_DUPLICATES_PICARD:BAM_STATS_SAMTOOLS:SAMTOOLS_STATS,1702288971000,1702289007000,2,130.7,,1073741824.0,,,0.022626023821875,0.022626023821875,0.0,349.29,
1785,NFCORE_CHIPSEQ:CHIPSEQ:MARK_DUPLICATES_PICARD:BAM_STATS_SAMTOOLS:SAMTOOLS_FLAGSTAT,1702289000000,1702289007000,2,145.6,,1073741824.0,,,0.0048707035125,0.0048707035125,0.0,349.29,
1815,NFCORE_CHIPSEQ:CHIPSEQ:FILTER_BAM_BAMTOOLS:BAM_REMOVE_ORPHANS,1702289004000,1702289005000,2,76.2,,1073741824.0,,,0.0003822845640625001,0.0003822845640625001,0.0,349.29,
1708,NFCORE_CHIPSEQ:CHIPSEQ:MARK_DUPLICATES_PICARD:BAM_STATS_SAMTOOLS:SAMTOOLS_STATS,1702288986000,1702289014000,2,129.5,,1073741824.0,,,0.017446222915625,0.017446222915625,0.0,349.29,
1726,NFCORE_CHIPSEQ:CHIPSEQ:FILTER_BAM_BAMTOOLS:BAM_FILTER,1702288845000,1702289017000,2,136.7,,1073741824.0,,,0.112764407628125,0.112764407628125,0.0,349.29,
1744,NFCORE_CHIPSEQ:CHIPSEQ:PRESEQ_LCEXTRAP,1702288882000,1702289015000,2,100.5,,1073741824.0,,,0.06544468749765625,0.06544468749765625,0.0,349.29,
1813,NFCORE_CHIPSEQ:CHIPSEQ:MARK_DUPLICATES_PICARD:SAMTOOLS_INDEX,1702288998000,1702289014000,2,161.8,,1073741824.0,,,0.012304031325000003,0.012304031325000003,0.0,349.29,
1742,NFCORE_CHIPSEQ:CHIPSEQ:PRESEQ_LCEXTRAP,1702288890000,1702289020000,2,100.5,,1073741824.0,,,0.06396849153906249,0.06396849153906249,0.0,349.29,
1818,NFCORE_CHIPSEQ:CHIPSEQ:MARK_DUPLICATES_PICARD:BAM_STATS_SAMTOOLS:SAMTOOLS_IDXSTATS,1702289018000,1702289019000,2,74.1,,1073741824.0,,,0.00037279733828125003,0.00037279733828125003,0.0,349.29,
1831,NFCORE_CHIPSEQ:CHIPSEQ:FILTER_BAM_BAMTOOLS:BAM_REMOVE_ORPHANS,1702289018000,1702289019000,2,53.1,,1073741824.0,,,0.00027792508046875004,0.00027792508046875004,0.0,349.29,
1733,NFCORE_CHIPSEQ:CHIPSEQ:PRESEQ_LCEXTRAP,1702288900000,1702289020000,2,100.7,,1073741824.0,,,0.05915626378125001,0.05915626378125001,0.0,349.29,
1768,NFCORE_CHIPSEQ:CHIPSEQ:UCSC_BEDGRAPHTOBIGWIG,1702288941000,1702289021000,1,99.7,,1073741824.0,,,0.0390760910625,0.0390760910625,0.0,349.29,
1799,NFCORE_CHIPSEQ:CHIPSEQ:MARK_DUPLICATES_PICARD:BAM_STATS_SAMTOOLS:SAMTOOLS_FLAGSTAT,1702289011000,1702289021000,2,144.2,,1073741824.0,,,0.006894899703125,0.006894899703125,0.0,349.29,
1827,NFCORE_CHIPSEQ:CHIPSEQ:MARK_DUPLICATES_PICARD:SAMTOOLS_INDEX,1702289017000,1702289026000,2,157.5,,1073741824.0,,,0.006746181602343752,0.006746181602343752,0.0,349.29,
1763,NFCORE_CHIPSEQ:CHIPSEQ:FRIP_SCORE,1702288942000,1702289034000,2,128.2,,1073741824.0,,,0.05678298376875,0.05678298376875,0.0,349.29,
1777,NFCORE_CHIPSEQ:CHIPSEQ:PRESEQ_LCEXTRAP,1702288965000,1702289035000,2,100.7,,1073741824.0,,,0.034507820539062505,0.034507820539062505,0.0,349.29,
1782,NFCORE_CHIPSEQ:CHIPSEQ:FILTER_BAM_BAMTOOLS:BAM_SORT_SAMTOOLS:SAMTOOLS_SORT,1702289005000,1702289034000,5,419.9,,6309281792.0,,,0.06149389392832031,0.06149389392832031,0.0,349.29,
1784,NFCORE_CHIPSEQ:CHIPSEQ:MARK_DUPLICATES_PICARD:BAM_STATS_SAMTOOLS:SAMTOOLS_STATS,1702289004000,1702289032000,2,132.0,,1073741824.0,,,0.017762463775000004,0.017762463775000004,0.0,349.29,
1801,NFCORE_CHIPSEQ:CHIPSEQ:MARK_DUPLICATES_PICARD:BAM_STATS_SAMTOOLS:SAMTOOLS_STATS,1702289009000,1702289035000,2,132.5,,1073741824.0,,,0.0165524468078125,0.0165524468078125,0.0,349.29,
1817,NFCORE_CHIPSEQ:CHIPSEQ:MARK_DUPLICATES_PICARD:BAM_STATS_SAMTOOLS:SAMTOOLS_FLAGSTAT,1702289022000,1702289033000,2,146.3,,1073741824.0,,,0.00768874915703125,0.00768874915703125,0.0,349.29,
1826,NFCORE_CHIPSEQ:CHIPSEQ:MARK_DUPLICATES_PICARD:SAMTOOLS_INDEX,1702289025000,1702289035000,2,159.2,,1073741824.0,,,0.007572558687500001,0.007572558687500001,0.0,349.29,
1832,NFCORE_CHIPSEQ:CHIPSEQ:MARK_DUPLICATES_PICARD:BAM_STATS_SAMTOOLS:SAMTOOLS_FLAGSTAT,1702289019000,1702289032000,2,143.0,,1073741824.0,,,0.0088928930796875,0.0088928930796875,0.0,349.29,
1834,NFCORE_CHIPSEQ:CHIPSEQ:MARK_DUPLICATES_PICARD:BAM_STATS_SAMTOOLS:SAMTOOLS_IDXSTATS,1702289035000,1702289036000,2,99.2,,1073741824.0,,,0.000486192275,0.000486192275,0.0,349.29,
1839,NFCORE_CHIPSEQ:CHIPSEQ:MARK_DUPLICATES_PICARD:SAMTOOLS_INDEX,1702289025000,1702289035000,2,156.6,,1073741824.0,,,0.007455097796875001,0.007455097796875001,0.0,349.29,
1842,NFCORE_CHIPSEQ:CHIPSEQ:FILTER_BAM_BAMTOOLS:BAM_REMOVE_ORPHANS,1702289035000,1702289036000,2,160.0,,1073741824.0,,,0.0007608700500000001,0.0007608700500000001,0.0,349.29,
1036,NFCORE_CHIPSEQ:CHIPSEQ:MARK_DUPLICATES_PICARD:PICARD_MARKDUPLICATES,1702288803000,1702289034000,2,108.3,,21180186624.0,,,0.28632652752128906,0.28632652752128906,0.0,349.29,
1681,NFCORE_CHIPSEQ:CHIPSEQ:PRESEQ_LCEXTRAP,1702288973000,1702289038000,2,100.6,,1073741824.0,,,0.0320136109921875,0.0320136109921875,0.0,349.29,
1691,NFCORE_CHIPSEQ:CHIPSEQ:PRESEQ_LCEXTRAP,1702288971000,1702289037000,2,101.0,,1073741824.0,,,0.032625396065625006,0.032625396065625006,0.0,349.29,
1746,NFCORE_CHIPSEQ:CHIPSEQ:FRIP_SCORE,1702288964000,1702289041000,2,131.0,,1073741824.0,,,0.0484989104359375,0.0484989104359375,0.0,349.29,
1802,NFCORE_CHIPSEQ:CHIPSEQ:MARK_DUPLICATES_PICARD:BAM_STATS_SAMTOOLS:SAMTOOLS_IDXSTATS,1702289039000,1702289039000,2,110.3,,1073741824.0,,,0.0,0.0,0.0,349.29,
1804,NFCORE_CHIPSEQ:CHIPSEQ:MARK_DUPLICATES_PICARD:BAM_STATS_SAMTOOLS:SAMTOOLS_IDXSTATS,1702289039000,1702289039000,2,88.3,,1073741824.0,,,0.0,0.0,0.0,349.29,
1847,NFCORE_CHIPSEQ:CHIPSEQ:MARK_DUPLICATES_PICARD:BAM_STATS_SAMTOOLS:SAMTOOLS_IDXSTATS,1702289039000,1702289041000,2,70.1,,1073741824.0,,,0.0007094528640624999,0.0007094528640624999,0.0,349.29,
1641,NFCORE_CHIPSEQ:CHIPSEQ:PRESEQ_LCEXTRAP,1702288931000,1702289043000,2,100.9,,1073741824.0,,,0.05531370993750001,0.05531370993750001,0.0,349.29,
1714,NFCORE_CHIPSEQ:CHIPSEQ:FILTER_BAM_BAMTOOLS:BAM_FILTER,1702288826000,1702289043000,2,133.9,,1073741824.0,,,0.13952175291796878,0.13952175291796878,0.0,349.29,
1840,NFCORE_CHIPSEQ:CHIPSEQ:MARK_DUPLICATES_PICARD:SAMTOOLS_INDEX,1702289036000,1702289046000,2,159.9,,1073741824.0,,,0.007604182773437501,0.007604182773437501,0.0,349.29,
1854,NFCORE_CHIPSEQ:CHIPSEQ:MARK_DUPLICATES_PICARD:BAM_STATS_SAMTOOLS:SAMTOOLS_IDXSTATS,1702289043000,1702289045000,2,114.3,,1073741824.0,,,0.0011088198921875,0.0011088198921875,0.0,349.29,
1697,NFCORE_CHIPSEQ:CHIPSEQ:MARK_DUPLICATES_PICARD:BAM_STATS_SAMTOOLS:SAMTOOLS_STATS,1702289023000,1702289049000,2,131.0,,1073741824.0,,,0.016376255471875,0.016376255471875,0.0,349.29,
1766,NFCORE_CHIPSEQ:CHIPSEQ:PRESEQ_LCEXTRAP,1702288947000,1702289046000,2,100.8,,1073741824.0,,,0.048848643112500006,0.048848643112500006,0.0,349.29,
1819,NFCORE_CHIPSEQ:CHIPSEQ:MARK_DUPLICATES_PICARD:BAM_STATS_SAMTOOLS:SAMTOOLS_STATS,1702289010000,1702289053000,2,132.4,,1073741824.0,,,0.027355774265625007,0.027355774265625007,0.0,349.29,
1822,NFCORE_CHIPSEQ:CHIPSEQ:MARK_DUPLICATES_PICARD:BAM_STATS_SAMTOOLS:SAMTOOLS_FLAGSTAT,1702289047000,1702289055000,2,145.7,,1073741824.0,,,0.00557013248125,0.00557013248125,0.0,349.29,
1821,NFCORE_CHIPSEQ:CHIPSEQ:MARK_DUPLICATES_PICARD:BAM_STATS_SAMTOOLS:SAMTOOLS_IDXSTATS,1702289047000,1702289049000,2,76.2,,1073741824.0,,,0.0007645691281250002,0.0007645691281250002,0.0,349.29,
1844,NFCORE_CHIPSEQ:CHIPSEQ:MARK_DUPLICATES_PICARD:BAM_STATS_SAMTOOLS:SAMTOOLS_FLAGSTAT,1702289043000,1702289052000,2,147.9,,1073741824.0,,,0.006355850027343751,0.006355850027343751,0.0,349.29,
1848,NFCORE_CHIPSEQ:CHIPSEQ:MULTIQC_CUSTOM_PEAKS,1702289056000,1702289056000,2,53.8,,1073741824.0,,,0.0,0.0,0.0,349.29,
1850,NFCORE_CHIPSEQ:CHIPSEQ:FILTER_BAM_BAMTOOLS:BAM_SORT_SAMTOOLS:SAMTOOLS_INDEX,1702289038000,1702289049000,2,140.2,,1073741824.0,,,0.0073856097046875,0.0073856097046875,0.0,349.29,
1861,NFCORE_CHIPSEQ:CHIPSEQ:MARK_DUPLICATES_PICARD:SAMTOOLS_INDEX,1702289043000,1702289052000,2,151.4,,1073741824.0,,,0.006498158414062501,0.006498158414062501,0.0,349.29,
1864,NFCORE_CHIPSEQ:CHIPSEQ:FILTER_BAM_BAMTOOLS:BAM_REMOVE_ORPHANS,1702289049000,1702289050000,2,34.2,,1073741824.0,,,0.00019254004843750002,0.00019254004843750002,0.0,349.29,
1865,NFCORE_CHIPSEQ:CHIPSEQ:FILTER_BAM_BAMTOOLS:BAM_REMOVE_ORPHANS,1702289053000,1702289053000,2,46.7,,1073741824.0,,,0.0,0.0,0.0,349.29,
1868,NFCORE_CHIPSEQ:CHIPSEQ:MARK_DUPLICATES_PICARD:BAM_STATS_SAMTOOLS:SAMTOOLS_IDXSTATS,1702289057000,1702289057000,2,80.0,,1073741824.0,,,0.0,0.0,0.0,349.29,
1871,NFCORE_CHIPSEQ:CHIPSEQ:FILTER_BAM_BAMTOOLS:BAM_SORT_SAMTOOLS:BAM_STATS_SAMTOOLS:SAMTOOLS_IDXSTATS,1702289061000,1702289062000,1,97.0,,1073741824.0,,,0.00047625327656250006,0.00047625327656250006,0.0,349.29,
1803,NFCORE_CHIPSEQ:CHIPSEQ:MARK_DUPLICATES_PICARD:BAM_STATS_SAMTOOLS:SAMTOOLS_STATS,1702289039000,1702289064000,2,132.1,,1073741824.0,,,0.015870636972656248,0.015870636972656248,0.0,349.29,
1829,NFCORE_CHIPSEQ:CHIPSEQ:UCSC_BEDGRAPHTOBIGWIG,1702289012000,1702289064000,1,100.3,,1073741824.0,,,0.025540412259375003,0.025540412259375003,0.0,349.29,
1855,NFCORE_CHIPSEQ:CHIPSEQ:MARK_DUPLICATES_PICARD:BAM_STATS_SAMTOOLS:SAMTOOLS_FLAGSTAT,1702289048000,1702289064000,2,145.0,,1073741824.0,,,0.011089666425000002,0.011089666425000002,0.0,349.29,
1835,NFCORE_CHIPSEQ:CHIPSEQ:MARK_DUPLICATES_PICARD:BAM_STATS_SAMTOOLS:SAMTOOLS_STATS,1702289023000,1702289072000,2,132.2,,1073741824.0,,,0.0311285853265625,0.0311285853265625,0.0,349.29,
1805,NFCORE_CHIPSEQ:CHIPSEQ:MARK_DUPLICATES_PICARD:BAM_STATS_SAMTOOLS:SAMTOOLS_FLAGSTAT,1702289067000,1702289076000,2,146.3,,1073741824.0,,,0.006290794764843751,0.006290794764843751,0.0,349.29,
1820,NFCORE_CHIPSEQ:CHIPSEQ:MARK_DUPLICATES_PICARD:BAM_STATS_SAMTOOLS:SAMTOOLS_STATS,1702289038000,1702289073000,2,131.0,,1073741824.0,,,0.022044959289062502,0.022044959289062502,0.0,349.29,
1846,NFCORE_CHIPSEQ:CHIPSEQ:MARK_DUPLICATES_PICARD:BAM_STATS_SAMTOOLS:SAMTOOLS_STATS,1702289041000,1702289074000,2,132.1,,1073741824.0,,,0.02094924080390625,0.02094924080390625,0.0,349.29,
1858,NFCORE_CHIPSEQ:CHIPSEQ:MARK_DUPLICATES_PICARD:BAM_STATS_SAMTOOLS:SAMTOOLS_IDXSTATS,1702289077000,1702289078000,2,55.4,,1073741824.0,,,0.0002883158515625,0.0002883158515625,0.0,349.29,
1863,NFCORE_CHIPSEQ:CHIPSEQ:MULTIQC_CUSTOM_PEAKS,1702289079000,1702289082000,2,64.6,,1073741824.0,,,0.0009896368078125,0.0009896368078125,0.0,349.29,
1014,NFCORE_CHIPSEQ:CHIPSEQ:MARK_DUPLICATES_PICARD:PICARD_MARKDUPLICATES,1702288801000,1702289084000,2,106.9,,21180186624.0,,,0.34899106066894536,0.34899106066894536,0.0,349.29,
1281,NFCORE_CHIPSEQ:CHIPSEQ:FILTER_BAM_BAMTOOLS:BAM_SORT_SAMTOOLS:SAMTOOLS_SORT,1702289056000,1702289084000,5,426.4,,6309281792.0,,,0.06019564106171875,0.06019564106171875,0.0,349.29,
1503,NFCORE_CHIPSEQ:CHIPSEQ:FILTER_BAM_BAMTOOLS:BAM_SORT_SAMTOOLS:SAMTOOLS_SORT,1702289059000,1702289085000,5,420.5,,6309281792.0,,,0.05520293315976562,0.05520293315976562,0.0,349.29,
1836,NFCORE_CHIPSEQ:CHIPSEQ:UCSC_BEDGRAPHTOBIGWIG,1702289021000,1702289086000,1,100.1,,1073741824.0,,,0.031866784878906255,0.031866784878906255,0.0,349.29,
1852,NFCORE_CHIPSEQ:CHIPSEQ:MARK_DUPLICATES_PICARD:BAM_STATS_SAMTOOLS:SAMTOOLS_STATS,1702289043000,1702289084000,2,133.0,,1073741824.0,,,0.026194548745312497,0.026194548745312497,0.0,349.29,
1880,NFCORE_CHIPSEQ:CHIPSEQ:MARK_DUPLICATES_PICARD:SAMTOOLS_INDEX,1702289076000,1702289085000,2,157.4,,1073741824.0,,,0.006742115648437501,0.006742115648437501,0.0,349.29,
1859,NFCORE_CHIPSEQ:CHIPSEQ:MARK_DUPLICATES_PICARD:BAM_STATS_SAMTOOLS:SAMTOOLS_STATS,1702289049000,1702289093000,2,131.2,,1073741824.0,,,0.0277534191,0.0277534191,0.0,349.29,
1857,NFCORE_CHIPSEQ:CHIPSEQ:MARK_DUPLICATES_PICARD:BAM_STATS_SAMTOOLS:SAMTOOLS_FLAGSTAT,1702289082000,1702289097000,2,145.1,,1073741824.0,,,0.01040333886328125,0.01040333886328125,0.0,349.29,
1775,NFCORE_CHIPSEQ:CHIPSEQ:FILTER_BAM_BAMTOOLS:BAM_FILTER,1702288950000,1702289104000,2,135.7,,1073741824.0,,,0.10026775135781249,0.10026775135781249,0.0,349.29,
1808,NFCORE_CHIPSEQ:CHIPSEQ:PRESEQ_LCEXTRAP,1702289005000,1702289100000,2,101.0,,1073741824.0,,,0.046960797367187515,0.046960797367187515,0.0,349.29,
1869,NFCORE_CHIPSEQ:CHIPSEQ:MARK_DUPLICATES_PICARD:BAM_STATS_SAMTOOLS:SAMTOOLS_FLAGSTAT,1702289095000,1702289104000,2,147.4,,1073741824.0,,,0.006335520257812501,0.006335520257812501,0.0,349.29,
1866,NFCORE_CHIPSEQ:CHIPSEQ:MARK_DUPLICATES_PICARD:BAM_STATS_SAMTOOLS:SAMTOOLS_STATS,1702289060000,1702289099000,2,132.2,,1073741824.0,,,0.0247758128109375,0.0247758128109375,0.0,349.29,
1872,NFCORE_CHIPSEQ:CHIPSEQ:FILTER_BAM_BAMTOOLS:BAM_SORT_SAMTOOLS:BAM_STATS_SAMTOOLS:SAMTOOLS_FLAGSTAT,1702289089000,1702289100000,2,147.7,,1073741824.0,,,0.0077583221460937515,0.0077583221460937515,0.0,349.29,
1885,NFCORE_CHIPSEQ:CHIPSEQ:MARK_DUPLICATES_PICARD:SAMTOOLS_INDEX,1702289087000,1702289100000,2,153.0,,1073741824.0,,,0.0094801975328125,0.0094801975328125,0.0,349.29,
1886,NFCORE_CHIPSEQ:CHIPSEQ:FILTER_BAM_BAMTOOLS:BAM_SORT_SAMTOOLS:SAMTOOLS_INDEX,1702289089000,1702289099000,2,159.6,,1073741824.0,,,0.007590629593750002,0.007590629593750002,0.0,349.29,
1889,NFCORE_CHIPSEQ:CHIPSEQ:FILTER_BAM_BAMTOOLS:BAM_SORT_SAMTOOLS:SAMTOOLS_INDEX,1702289089000,1702289100000,2,155.0,,1073741824.0,,,0.0081210955890625,0.0081210955890625,0.0,349.29,
1893,NFCORE_CHIPSEQ:CHIPSEQ:MARK_DUPLICATES_PICARD:BAM_STATS_SAMTOOLS:SAMTOOLS_IDXSTATS,1702289107000,1702289108000,2,25.1,,1073741824.0,,,0.00015142873671875,0.00015142873671875,0.0,349.29,
1307,NFCORE_CHIPSEQ:CHIPSEQ:FILTER_BAM_BAMTOOLS:BAM_SORT_SAMTOOLS:SAMTOOLS_SORT,1702289087000,1702289112000,5,412.3,,6309281792.0,,,0.05215360947753906,0.05215360947753906,0.0,349.29,
1787,NFCORE_CHIPSEQ:CHIPSEQ:PRESEQ_LCEXTRAP,1702289039000,1702289112000,2,100.3,,1073741824.0,,,0.03585480951796875,0.03585480951796875,0.0,349.29,
1895,NFCORE_CHIPSEQ:CHIPSEQ:MARK_DUPLICATES_PICARD:BAM_STATS_SAMTOOLS:SAMTOOLS_FLAGSTAT,1702289106000,1702289117000,2,147.2,,1073741824.0,,,0.00773347465,0.00773347465,0.0,349.29,
1905,NFCORE_CHIPSEQ:CHIPSEQ:FILTER_BAM_BAMTOOLS:BAM_SORT_SAMTOOLS:BAM_STATS_SAMTOOLS:SAMTOOLS_IDXSTATS,1702289112000,1702289118000,1,1.5,,1073741824.0,,,0.0002688623390625,0.0002688623390625,0.0,349.29,
1910,NFCORE_CHIPSEQ:CHIPSEQ:FILTER_BAM_BAMTOOLS:BAM_SORT_SAMTOOLS:BAM_STATS_SAMTOOLS:SAMTOOLS_IDXSTATS,1702289111000,1702289116000,1,11.3,,1073741824.0,,,0.00044542055078125006,0.00044542055078125006,0.0,349.29,
1006,NFCORE_CHIPSEQ:CHIPSEQ:MARK_DUPLICATES_PICARD:PICARD_MARKDUPLICATES,1702288822000,1702289118000,2,107.2,,21180186624.0,,,0.3654236262671876,0.3654236262671876,0.0,349.29,
1028,NFCORE_CHIPSEQ:CHIPSEQ:MARK_DUPLICATES_PICARD:PICARD_MARKDUPLICATES,1702288879000,1702289118000,2,108.0,,21180186624.0,,,0.29591867674394534,0.29591867674394534,0.0,349.29,
1528,NFCORE_CHIPSEQ:CHIPSEQ:FILTER_BAM_BAMTOOLS:BAM_SORT_SAMTOOLS:SAMTOOLS_SORT,1702289087000,1702289118000,5,402.0,,6309281792.0,,,0.0632279656607422,0.0632279656607422,0.0,349.29,
1798,NFCORE_CHIPSEQ:CHIPSEQ:PRESEQ_LCEXTRAP,1702288985000,1702289117000,2,101.1,,1073741824.0,,,0.06531042612187499,0.06531042612187499,0.0,349.29,
1828,NFCORE_CHIPSEQ:CHIPSEQ:PRESEQ_LCEXTRAP,1702289017000,1702289118000,2,99.9,,1073741824.0,,,0.04942482304296875,0.04942482304296875,0.0,349.29,
1874,NFCORE_CHIPSEQ:CHIPSEQ:MARK_DUPLICATES_PICARD:BAM_STATS_SAMTOOLS:SAMTOOLS_IDXSTATS,1702289123000,1702289125000,2,99.4,,1073741824.0,,,0.0009741916406250001,0.0009741916406250001,0.0,349.29,
1898,NFCORE_CHIPSEQ:CHIPSEQ:MARK_DUPLICATES_PICARD:SAMTOOLS_INDEX,1702289112000,1702289122000,2,156.6,,1073741824.0,,,0.007455097796875001,0.007455097796875001,0.0,349.29,
1899,NFCORE_CHIPSEQ:CHIPSEQ:FILTER_BAM_BAMTOOLS:BAM_REMOVE_ORPHANS,1702289120000,1702289120000,2,64.3,,1073741824.0,,,0.0,0.0,0.0,349.29,
1806,NFCORE_CHIPSEQ:CHIPSEQ:FILTER_BAM_BAMTOOLS:BAM_FILTER,1702288993000,1702289129000,2,138.1,,1073741824.0,,,0.09002273000625,0.09002273000625,0.0,349.29,
1911,NFCORE_CHIPSEQ:CHIPSEQ:FILTER_BAM_BAMTOOLS:BAM_SORT_SAMTOOLS:SAMTOOLS_INDEX,1702289116000,1702289127000,2,159.9,,1073741824.0,,,0.00836460105078125,0.00836460105078125,0.0,349.29,
1783,NFCORE_CHIPSEQ:CHIPSEQ:FILTER_BAM_BAMTOOLS:BAM_FILTER,1702288986000,1702289130000,2,137.4,,1073741824.0,,,0.094862797875,0.094862797875,0.0,349.29,
1873,NFCORE_CHIPSEQ:CHIPSEQ:MARK_DUPLICATES_PICARD:BAM_STATS_SAMTOOLS:SAMTOOLS_FLAGSTAT,1702289122000,1702289130000,2,143.7,,1073741824.0,,,0.005497848856249999,0.005497848856249999,0.0,349.29,
1906,NFCORE_CHIPSEQ:CHIPSEQ:FILTER_BAM_BAMTOOLS:BAM_SORT_SAMTOOLS:BAM_STATS_SAMTOOLS:SAMTOOLS_FLAGSTAT,1702289122000,1702289132000,2,144.4,,1073741824.0,,,0.006903935156250002,0.006903935156250002,0.0,349.29,
1929,NFCORE_CHIPSEQ:CHIPSEQ:FILTER_BAM_BAMTOOLS:BAM_REMOVE_ORPHANS,1702289132000,1702289134000,2,56.8,,1073741824.0,,,0.0005892813374999999,0.0005892813374999999,0.0,349.29,
1552,NFCORE_CHIPSEQ:CHIPSEQ:FILTER_BAM_BAMTOOLS:BAM_SORT_SAMTOOLS:SAMTOOLS_SORT,1702289122000,1702289136000,5,399.9,,6309281792.0,,,0.02842174397617188,0.02842174397617188,0.0,349.29,
1751,NFCORE_CHIPSEQ:CHIPSEQ:FILTER_BAM_BAMTOOLS:BAM_FILTER,1702288908000,1702289134000,2,136.6,,1073741824.0,,,0.14806508614687502,0.14806508614687502,0.0,349.29,
1790,NFCORE_CHIPSEQ:CHIPSEQ:PRESEQ_LCEXTRAP,1702289068000,1702289139000,2,100.6,,1073741824.0,,,0.0349687135453125,0.0349687135453125,0.0,349.29,
1800,NFCORE_CHIPSEQ:CHIPSEQ:FILTER_BAM_BAMTOOLS:BAM_FILTER,1702288991000,1702289134000,2,137.4,,1073741824.0,,,0.0942040284453125,0.0942040284453125,0.0,349.29,
1862,NFCORE_CHIPSEQ:CHIPSEQ:PRESEQ_LCEXTRAP,1702289053000,1702289138000,2,100.8,,1073741824.0,,,0.041940754187500005,0.041940754187500005,0.0,349.29,
1870,NFCORE_CHIPSEQ:CHIPSEQ:FILTER_BAM_BAMTOOLS:BAM_SORT_SAMTOOLS:BAM_STATS_SAMTOOLS:SAMTOOLS_STATS,1702289103000,1702289138000,2,129.4,,1073741824.0,,,0.021791966601562504,0.021791966601562504,0.0,349.29,
1914,NFCORE_CHIPSEQ:CHIPSEQ:MARK_DUPLICATES_PICARD:SAMTOOLS_INDEX,1702289127000,1702289139000,2,158.1,,1073741824.0,,,0.009027436434375001,0.009027436434375001,0.0,349.29,
1932,NFCORE_CHIPSEQ:CHIPSEQ:FILTER_BAM_BAMTOOLS:BAM_SORT_SAMTOOLS:BAM_STATS_SAMTOOLS:SAMTOOLS_FLAGSTAT,1702289133000,1702289139000,2,157.4,,1073741824.0,,,0.004494743765625001,0.004494743765625001,0.0,349.29,
1931,NFCORE_CHIPSEQ:CHIPSEQ:FILTER_BAM_BAMTOOLS:BAM_SORT_SAMTOOLS:BAM_STATS_SAMTOOLS:SAMTOOLS_IDXSTATS,1702289137000,1702289139000,1,84.2,,1073741824.0,,,0.0008368527531250001,0.0008368527531250001,0.0,349.29,
1933,NFCORE_CHIPSEQ:CHIPSEQ:FILTER_BAM_BAMTOOLS:BAM_REMOVE_ORPHANS,1702289137000,1702289139000,2,109.1,,1073741824.0,,,0.0010618355359375002,0.0010618355359375002,0.0,349.29,
1365,NFCORE_CHIPSEQ:CHIPSEQ:FILTER_BAM_BAMTOOLS:BAM_SORT_SAMTOOLS:SAMTOOLS_SORT,1702289126000,1702289138000,5,424.6,,6309281792.0,,,0.025700548989843756,0.025700548989843756,0.0,349.29,
1916,NFCORE_CHIPSEQ:CHIPSEQ:MARK_DUPLICATES_PICARD:SAMTOOLS_INDEX,1702289130000,1702289143000,2,148.6,,1073741824.0,,,0.0092217835734375,0.0092217835734375,0.0,349.29,
1918,NFCORE_CHIPSEQ:CHIPSEQ:MARK_DUPLICATES_PICARD:SAMTOOLS_INDEX,1702289134000,1702289143000,2,150.2,,1073741824.0,,,0.006449366967187501,0.006449366967187501,0.0,349.29,
1921,NFCORE_CHIPSEQ:CHIPSEQ:FILTER_BAM_BAMTOOLS:BAM_SORT_SAMTOOLS:SAMTOOLS_INDEX,1702289135000,1702289145000,2,152.9,,1073741824.0,,,0.007287941914062502,0.007287941914062502,0.0,349.29,
1940,NFCORE_CHIPSEQ:CHIPSEQ:FILTER_BAM_BAMTOOLS:BAM_REMOVE_ORPHANS,1702289142000,1702289143000,2,142.2,,1073741824.0,,,0.0006804545171875,0.0006804545171875,0.0,349.29,
1016,NFCORE_CHIPSEQ:CHIPSEQ:MARK_DUPLICATES_PICARD:PICARD_MARKDUPLICATES,1702288877000,1702289144000,2,107.6,,21180186624.0,,,0.3301044804041016,0.3301044804041016,0.0,349.29,
1825,NFCORE_CHIPSEQ:CHIPSEQ:PRESEQ_LCEXTRAP,1702289024000,1702289147000,2,100.5,,1073741824.0,,,0.06052403430234375,0.06052403430234375,0.0,349.29,
1849,NFCORE_CHIPSEQ:CHIPSEQ:PICARD_COLLECTMULTIPLEMETRICS,1702289038000,1702289147000,2,108.3,,2573205504.0,,,0.06326547416132812,0.06326547416132812,0.0,349.29,
1908,NFCORE_CHIPSEQ:CHIPSEQ:FILTER_BAM_BAMTOOLS:BAM_SORT_SAMTOOLS:BAM_STATS_SAMTOOLS:SAMTOOLS_FLAGSTAT,1702289141000,1702289148000,2,147.1,,1073741824.0,,,0.00491813964140625,0.00491813964140625,0.0,349.29,
1939,NFCORE_CHIPSEQ:CHIPSEQ:FILTER_BAM_BAMTOOLS:BAM_REMOVE_ORPHANS,1702289147000,1702289148000,2,35.0,,1073741824.0,,,0.0001961542296875,0.0001961542296875,0.0,349.29,
1947,NFCORE_CHIPSEQ:CHIPSEQ:FILTER_BAM_BAMTOOLS:BAM_SORT_SAMTOOLS:SAMTOOLS_INDEX,1702289147000,1702289152000,2,156.3,,1073741824.0,,,0.003720772308593751,0.003720772308593751,0.0,349.29,
1754,NFCORE_CHIPSEQ:CHIPSEQ:FILTER_BAM_BAMTOOLS:BAM_FILTER,1702288904000,1702289152000,2,136.3,,1073741824.0,,,0.16214238275625,0.16214238275625,0.0,349.29,
1759,NFCORE_CHIPSEQ:CHIPSEQ:FILTER_BAM_BAMTOOLS:BAM_FILTER,1702288916000,1702289162000,2,134.9,,1073741824.0,,,0.1592788778671875,0.1592788778671875,0.0,349.29,
1814,NFCORE_CHIPSEQ:CHIPSEQ:PRESEQ_LCEXTRAP,1702289008000,1702289152000,2,100.8,,1073741824.0,,,0.0710525718,0.0710525718,0.0,349.29,
1841,NFCORE_CHIPSEQ:CHIPSEQ:PRESEQ_LCEXTRAP,1702289038000,1702289150000,2,101.2,,1073741824.0,,,0.05546550555000001,0.05546550555000001,0.0,349.29,
1894,NFCORE_CHIPSEQ:CHIPSEQ:MARK_DUPLICATES_PICARD:BAM_STATS_SAMTOOLS:SAMTOOLS_STATS,1702289120000,1702289157000,2,131.7,,1073741824.0,,,0.023421680366406246,0.023421680366406246,0.0,349.29,
1903,NFCORE_CHIPSEQ:CHIPSEQ:MARK_DUPLICATES_PICARD:BAM_STATS_SAMTOOLS:SAMTOOLS_FLAGSTAT,1702289151000,1702289162000,2,148.3,,1073741824.0,,,0.007788139141406252,0.007788139141406252,0.0,349.29,
1907,NFCORE_CHIPSEQ:CHIPSEQ:FILTER_BAM_BAMTOOLS:BAM_SORT_SAMTOOLS:BAM_STATS_SAMTOOLS:SAMTOOLS_STATS,1702289122000,1702289161000,2,130.9,,1073741824.0,,,0.024546764074218755,0.024546764074218755,0.0,349.29,
1925,NFCORE_CHIPSEQ:CHIPSEQ:MARK_DUPLICATES_PICARD:BAM_STATS_SAMTOOLS:SAMTOOLS_FLAGSTAT,1702289142000,1702289152000,2,144.7,,1073741824.0,,,0.0069174883359375,0.0069174883359375,0.0,349.29,
1924,NFCORE_CHIPSEQ:CHIPSEQ:MARK_DUPLICATES_PICARD:BAM_STATS_SAMTOOLS:SAMTOOLS_IDXSTATS,1702289165000,1702289165000,2,50.5,,1073741824.0,,,0.0,0.0,0.0,349.29,
1937,NFCORE_CHIPSEQ:CHIPSEQ:FILTER_BAM_BAMTOOLS:BAM_SORT_SAMTOOLS:SAMTOOLS_INDEX,1702289147000,1702289153000,2,153.1,,1073741824.0,,,0.0043781864203125,0.0043781864203125,0.0,349.29,
1960,NFCORE_CHIPSEQ:CHIPSEQ:FILTER_BAM_BAMTOOLS:BAM_SORT_SAMTOOLS:BAM_STATS_SAMTOOLS:SAMTOOLS_IDXSTATS,1702289155000,1702289158000,1,29.5,,1073741824.0,,,0.0005139202007812501,0.0005139202007812501,0.0,349.29,
1959,NFCORE_CHIPSEQ:CHIPSEQ:FILTER_BAM_BAMTOOLS:BAM_SORT_SAMTOOLS:BAM_STATS_SAMTOOLS:SAMTOOLS_FLAGSTAT,1702289155000,1702289165000,2,137.5,,1073741824.0,,,0.006592212023437501,0.006592212023437501,0.0,349.29,
1964,NFCORE_CHIPSEQ:CHIPSEQ:MARK_DUPLICATES_PICARD:SAMTOOLS_INDEX,1702289153000,1702289165000,2,150.6,,1073741824.0,,,0.008620841043749999,0.008620841043749999,0.0,349.29,
1968,NFCORE_CHIPSEQ:CHIPSEQ:FILTER_BAM_BAMTOOLS:BAM_SORT_SAMTOOLS:BAM_STATS_SAMTOOLS:SAMTOOLS_FLAGSTAT,1702289161000,1702289167000,2,136.3,,1073741824.0,,,0.003922799582812501,0.003922799582812501,0.0,349.29,
1306,NFCORE_CHIPSEQ:CHIPSEQ:FILTER_BAM_BAMTOOLS:BAM_SORT_SAMTOOLS:SAMTOOLS_SORT,1702289142000,1702289175000,5,442.7,,6309281792.0,,,0.07337494779785157,0.07337494779785157,0.0,349.29,
1901,NFCORE_CHIPSEQ:CHIPSEQ:MARK_DUPLICATES_PICARD:BAM_STATS_SAMTOOLS:SAMTOOLS_IDXSTATS,1702289170000,1702289172000,2,25.0,,1073741824.0,,,0.000301953928125,0.000301953928125,0.0,349.29,
1930,NFCORE_CHIPSEQ:CHIPSEQ:FILTER_BAM_BAMTOOLS:BAM_SORT_SAMTOOLS:BAM_STATS_SAMTOOLS:SAMTOOLS_STATS,1702289142000,1702289175000,2,130.0,,1073741824.0,,,0.020636162353125,0.020636162353125,0.0,349.29,
1969,NFCORE_CHIPSEQ:CHIPSEQ:FILTER_BAM_BAMTOOLS:BAM_SORT_SAMTOOLS:BAM_STATS_SAMTOOLS:SAMTOOLS_IDXSTATS,1702289178000,1702289180000,1,102.6,,1073741824.0,,,0.001003105090625,0.001003105090625,0.0,349.29,
1971,NFCORE_CHIPSEQ:CHIPSEQ:FILTER_BAM_BAMTOOLS:BAM_REMOVE_ORPHANS,1702289165000,1702289167000,2,3.7,,1073741824.0,,,0.00010949877656250002,0.00010949877656250002,0.0,349.29,
1972,NFCORE_CHIPSEQ:CHIPSEQ:FILTER_BAM_BAMTOOLS:BAM_REMOVE_ORPHANS,1702289169000,1702289171000,2,4.6,,1073741824.0,,,0.000117630684375,0.000117630684375,0.0,349.29,
1973,NFCORE_CHIPSEQ:CHIPSEQ:FILTER_BAM_BAMTOOLS:BAM_SORT_SAMTOOLS:BAM_STATS_SAMTOOLS:SAMTOOLS_IDXSTATS,1702289174000,1702289176000,1,38.1,,1073741824.0,,,0.0004203183640625001,0.0004203183640625001,0.0,349.29,
1951,NFCORE_CHIPSEQ:CHIPSEQ:MARK_DUPLICATES_PICARD:BAM_STATS_SAMTOOLS:SAMTOOLS_FLAGSTAT,1702289171000,1702289182000,2,142.5,,1073741824.0,,,0.00749990818671875,0.00749990818671875,0.0,349.29,
1975,NFCORE_CHIPSEQ:CHIPSEQ:FILTER_BAM_BAMTOOLS:BAM_SORT_SAMTOOLS:BAM_STATS_SAMTOOLS:SAMTOOLS_FLAGSTAT,1702289186000,1702289192000,2,147.1,,1073741824.0,,,0.0042155482640625,0.0042155482640625,0.0,349.29,
1982,NFCORE_CHIPSEQ:CHIPSEQ:FILTER_BAM_BAMTOOLS:BAM_SORT_SAMTOOLS:SAMTOOLS_INDEX,1702289178000,1702289195000,2,158.2,,1073741824.0,,,0.012796548417187501,0.012796548417187501,0.0,349.29,
996,NFCORE_CHIPSEQ:CHIPSEQ:MARK_DUPLICATES_PICARD:PICARD_MARKDUPLICATES,1702288856000,1702289193000,2,106.8,,21180186624.0,,,0.41543074712167977,0.41543074712167977,0.0,349.29,
1018,NFCORE_CHIPSEQ:CHIPSEQ:MARK_DUPLICATES_PICARD:PICARD_MARKDUPLICATES,1702288927000,1702289198000,2,107.8,,21180186624.0,,,0.33529472665800786,0.33529472665800786,0.0,349.29,
1632,NFCORE_CHIPSEQ:CHIPSEQ:BEDTOOLS_GENOMECOV,1702288820000,1702289191000,2,122.1,,4567597056.0,,,0.2646738607734375,0.2646738607734375,0.0,349.29,
1640,NFCORE_CHIPSEQ:CHIPSEQ:BEDTOOLS_GENOMECOV,1702288985000,1702289191000,2,122.1,,4567597056.0,,,0.14696176635937502,0.14696176635937502,0.0,349.29,
1823,NFCORE_CHIPSEQ:CHIPSEQ:FILTER_BAM_BAMTOOLS:BAM_FILTER,1702289038000,1702289202000,2,134.4,,1073741824.0,,,0.10581546500000001,0.10581546500000001,0.0,349.29,
1845,NFCORE_CHIPSEQ:CHIPSEQ:FILTER_BAM_BAMTOOLS:BAM_FILTER,1702289029000,1702289195000,2,136.5,,1073741824.0,,,0.1086807769796875,0.1086807769796875,0.0,349.29,
1856,NFCORE_CHIPSEQ:CHIPSEQ:FILTER_BAM_BAMTOOLS:BAM_FILTER,1702289049000,1702289210000,2,135.8,,1073741824.0,,,0.10489811181718751,0.10489811181718751,0.0,349.29,
1879,NFCORE_CHIPSEQ:CHIPSEQ:PRESEQ_LCEXTRAP,1702289095000,1702289196000,2,100.8,,1073741824.0,,,0.04983548438750001,0.04983548438750001,0.0,349.29,
1884,NFCORE_CHIPSEQ:CHIPSEQ:PRESEQ_LCEXTRAP,1702289103000,1702289212000,2,101.1,,1073741824.0,,,0.053930579146093754,0.053930579146093754,0.0,349.29,
1890,NFCORE_CHIPSEQ:CHIPSEQ:PICARD_COLLECTMULTIPLEMETRICS,1702289103000,1702289207000,2,113.1,,2573205504.0,,,0.06261863729062499,0.06261863729062499,0.0,349.29,
1902,NFCORE_CHIPSEQ:CHIPSEQ:MARK_DUPLICATES_PICARD:BAM_STATS_SAMTOOLS:SAMTOOLS_STATS,1702289169000,1702289210000,2,132.6,,1073741824.0,,,0.026120458029687498,0.026120458029687498,0.0,349.29,
1927,NFCORE_CHIPSEQ:CHIPSEQ:MARK_DUPLICATES_PICARD:BAM_STATS_SAMTOOLS:SAMTOOLS_STATS,1702289156000,1702289199000,2,131.8,,1073741824.0,,,0.02723921692031251,0.02723921692031251,0.0,349.29,
1941,NFCORE_CHIPSEQ:CHIPSEQ:MARK_DUPLICATES_PICARD:BAM_STATS_SAMTOOLS:SAMTOOLS_IDXSTATS,1702289200000,1702289202000,2,115.3,,1073741824.0,,,0.0011178553453125002,0.0011178553453125002,0.0,349.29,
1942,NFCORE_CHIPSEQ:CHIPSEQ:MARK_DUPLICATES_PICARD:BAM_STATS_SAMTOOLS:SAMTOOLS_FLAGSTAT,1702289199000,1702289212000,2,144.5,,1073741824.0,,,0.00898098874765625,0.00898098874765625,0.0,349.29,
1952,NFCORE_CHIPSEQ:CHIPSEQ:MARK_DUPLICATES_PICARD:BAM_STATS_SAMTOOLS:SAMTOOLS_IDXSTATS,1702289199000,1702289199000,2,70.6,,1073741824.0,,,0.0,0.0,0.0,349.29,
1950,NFCORE_CHIPSEQ:CHIPSEQ:MARK_DUPLICATES_PICARD:BAM_STATS_SAMTOOLS:SAMTOOLS_STATS,1702289168000,1702289210000,2,132.2,,1073741824.0,,,0.026681644565625,0.026681644565625,0.0,349.29,
1989,NFCORE_CHIPSEQ:CHIPSEQ:FILTER_BAM_BAMTOOLS:BAM_SORT_SAMTOOLS:BAM_STATS_SAMTOOLS:SAMTOOLS_IDXSTATS,1702289212000,1702289213000,1,70.2,,1073741824.0,,,0.0003551782046875,0.0003551782046875,0.0,349.29,
1988,NFCORE_CHIPSEQ:CHIPSEQ:FILTER_BAM_BAMTOOLS:BAM_SORT_SAMTOOLS:BAM_STATS_SAMTOOLS:SAMTOOLS_FLAGSTAT,1702289205000,1702289215000,2,149.9,,1073741824.0,,,0.007152410117187501,0.007152410117187501,0.0,349.29,
1027,NFCORE_CHIPSEQ:CHIPSEQ:MARK_DUPLICATES_PICARD:PICARD_MARKDUPLICATES,1702288948000,1702289215000,2,107.2,,21180186624.0,,,0.32962198720722663,0.32962198720722663,0.0,349.29,
1838,NFCORE_CHIPSEQ:CHIPSEQ:PRESEQ_LCEXTRAP,1702289102000,1702289215000,2,101.0,,1073741824.0,,,0.05585863265781251,0.05585863265781251,0.0,349.29,
1970,NFCORE_CHIPSEQ:CHIPSEQ:FILTER_BAM_BAMTOOLS:BAM_SORT_SAMTOOLS:BAM_STATS_SAMTOOLS:SAMTOOLS_STATS,1702289196000,1702289217000,2,128.5,,1073741824.0,,,0.012989794928906251,0.012989794928906251,0.0,349.29,
1980,NFCORE_CHIPSEQ:CHIPSEQ:MARK_DUPLICATES_PICARD:BAM_STATS_SAMTOOLS:SAMTOOLS_IDXSTATS,1702289220000,1702289221000,2,53.6,,1073741824.0,,,0.00028018394375000006,0.00028018394375000006,0.0,349.29,
1991,NFCORE_CHIPSEQ:CHIPSEQ:MARK_DUPLICATES_PICARD:SAMTOOLS_INDEX,1702289207000,1702289218000,2,154.7,,1073741824.0,,,0.008106187091406251,0.008106187091406251,0.0,349.29,
1994,NFCORE_CHIPSEQ:CHIPSEQ:MARK_DUPLICATES_PICARD:SAMTOOLS_INDEX,1702289201000,1702289211000,2,147.6,,1073741824.0,,,0.007048502406250001,0.007048502406250001,0.0,349.29,
1998,NFCORE_CHIPSEQ:CHIPSEQ:FILTER_BAM_BAMTOOLS:BAM_REMOVE_ORPHANS,1702289217000,1702289217000,2,72.7,,1073741824.0,,,0.0,0.0,0.0,349.29,
2000,NFCORE_CHIPSEQ:CHIPSEQ:FILTER_BAM_BAMTOOLS:BAM_REMOVE_ORPHANS,1702289215000,1702289215000,2,71.1,,1073741824.0,,,0.0,0.0,0.0,349.29,
1019,NFCORE_CHIPSEQ:CHIPSEQ:MARK_DUPLICATES_PICARD:PICARD_MARKDUPLICATES,1702288965000,1702289223000,2,107.6,,21180186624.0,,,0.31897736308710944,0.31897736308710944,0.0,349.29,
1876,NFCORE_CHIPSEQ:CHIPSEQ:MARK_DUPLICATES_PICARD:BAM_STATS_SAMTOOLS:SAMTOOLS_STATS,1702289195000,1702289227000,2,131.4,,1073741824.0,,,0.02021321825,0.02021321825,0.0,349.29,
1875,NFCORE_CHIPSEQ:CHIPSEQ:FILTER_BAM_BAMTOOLS:BAM_FILTER,1702289076000,1702289225000,2,135.3,,1073741824.0,,,0.09674304838203127,0.09674304838203127,0.0,349.29,
1887,NFCORE_CHIPSEQ:CHIPSEQ:PICARD_COLLECTMULTIPLEMETRICS,1702289101000,1702289226000,2,104.1,,2573205504.0,,,0.07018034282226562,0.07018034282226562,0.0,349.29,
1909,NFCORE_CHIPSEQ:CHIPSEQ:FILTER_BAM_BAMTOOLS:BAM_SORT_SAMTOOLS:BAM_STATS_SAMTOOLS:SAMTOOLS_STATS,1702289194000,1702289227000,2,131.6,,1073741824.0,,,0.020874698315625002,0.020874698315625002,0.0,349.29,
1923,NFCORE_CHIPSEQ:CHIPSEQ:UCSC_BEDGRAPHTOBIGWIG,1702289139000,1702289229000,1,101.4,,1073741824.0,,,0.04465181460937501,0.04465181460937501,0.0,349.29,
1938,NFCORE_CHIPSEQ:CHIPSEQ:PICARD_COLLECTMULTIPLEMETRICS,1702289158000,1702289229000,2,117.1,,2573205504.0,,,0.04403229634023438,0.04403229634023438,0.0,349.29,
1944,NFCORE_CHIPSEQ:CHIPSEQ:MARK_DUPLICATES_PICARD:BAM_STATS_SAMTOOLS:SAMTOOLS_STATS,1702289179000,1702289223000,2,133.4,,1073741824.0,,,0.028190735031250008,0.028190735031250008,0.0,349.29,
1977,NFCORE_CHIPSEQ:CHIPSEQ:MARK_DUPLICATES_PICARD:BAM_STATS_SAMTOOLS:SAMTOOLS_FLAGSTAT,1702289217000,1702289227000,2,147.5,,1073741824.0,,,0.007043984679687502,0.007043984679687502,0.0,349.29,
1999,NFCORE_CHIPSEQ:CHIPSEQ:FILTER_BAM_BAMTOOLS:BAM_REMOVE_ORPHANS,1702289228000,1702289229000,2,85.3,,1073741824.0,,,0.00042339587578125006,0.00042339587578125006,0.0,349.29,
2003,NFCORE_CHIPSEQ:CHIPSEQ:MARK_DUPLICATES_PICARD:SAMTOOLS_INDEX,1702289219000,1702289229000,2,160.3,,1073741824.0,,,0.007622253679687502,0.007622253679687502,0.0,349.29,
2005,NFCORE_CHIPSEQ:CHIPSEQ:MARK_DUPLICATES_PICARD:BAM_STATS_SAMTOOLS:SAMTOOLS_IDXSTATS,1702289232000,1702289232000,2,65.3,,1073741824.0,,,0.0,0.0,0.0,349.29,
1745,NFCORE_CHIPSEQ:CHIPSEQ:HOMER_ANNOTATEPEAKS_MACS2,1702288894000,1702289231000,1,100.3,,4807720960.0,,,0.21009449440253908,0.21009449440253908,0.0,349.29,
1816,NFCORE_CHIPSEQ:CHIPSEQ:FILTER_BAM_BAMTOOLS:BAM_FILTER,1702289010000,1702289230000,2,135.9,,1073741824.0,,,0.14343842476562502,0.14343842476562502,0.0,349.29,
1882,NFCORE_CHIPSEQ:CHIPSEQ:FRIP_SCORE,1702289103000,1702289233000,2,128.9,,1073741824.0,,,0.0806479380078125,0.0806479380078125,0.0,349.29,
1897,NFCORE_CHIPSEQ:CHIPSEQ:PRESEQ_LCEXTRAP,1702289115000,1702289236000,2,101.2,,1073741824.0,,,0.05992255510312501,0.05992255510312501,0.0,349.29,
1913,NFCORE_CHIPSEQ:CHIPSEQ:PICARD_COLLECTMULTIPLEMETRICS,1702289116000,1702289236000,2,90.5,,2573205504.0,,,0.060000199359375006,0.060000199359375006,0.0,349.29,
1955,NFCORE_CHIPSEQ:CHIPSEQ:MARK_DUPLICATES_PICARD:BAM_STATS_SAMTOOLS:SAMTOOLS_IDXSTATS,1702289233000,1702289233000,2,102.4,,1073741824.0,,,0.0,0.0,0.0,349.29,
1957,NFCORE_CHIPSEQ:CHIPSEQ:MARK_DUPLICATES_PICARD:BAM_STATS_SAMTOOLS:SAMTOOLS_FLAGSTAT,1702289229000,1702289237000,2,148.2,,1073741824.0,,,0.005660487012500001,0.005660487012500001,0.0,349.29,
2015,NFCORE_CHIPSEQ:CHIPSEQ:MARK_DUPLICATES_PICARD:SAMTOOLS_INDEX,1702289227000,1702289236000,2,159.6,,1073741824.0,,,0.006831566634375001,0.006831566634375001,0.0,349.29,
2016,NFCORE_CHIPSEQ:CHIPSEQ:FILTER_BAM_BAMTOOLS:BAM_REMOVE_ORPHANS,1702289231000,1702289232000,2,36.8,,1073741824.0,,,0.0002042861375,0.0002042861375,0.0,349.29,
2020,NFCORE_CHIPSEQ:CHIPSEQ:MARK_DUPLICATES_PICARD:BAM_STATS_SAMTOOLS:SAMTOOLS_IDXSTATS,1702289234000,1702289236000,2,75.0,,1073741824.0,,,0.000753726584375,0.000753726584375,0.0,349.29,
1402,NFCORE_CHIPSEQ:CHIPSEQ:FILTER_BAM_BAMTOOLS:BAM_SORT_SAMTOOLS:SAMTOOLS_SORT,1702289225000,1702289241000,5,425.1,,6309281792.0,,,0.034303540465625004,0.034303540465625004,0.0,349.29,
1833,NFCORE_CHIPSEQ:CHIPSEQ:FILTER_BAM_BAMTOOLS:BAM_FILTER,1702289022000,1702289244000,2,137.1,,1073741824.0,,,0.1459459328015625,0.1459459328015625,0.0,349.29,
1867,NFCORE_CHIPSEQ:CHIPSEQ:FILTER_BAM_BAMTOOLS:BAM_FILTER,1702289052000,1702289241000,2,135.1,,1073741824.0,,,0.12254356647421875,0.12254356647421875,0.0,349.29,
1949,NFCORE_CHIPSEQ:CHIPSEQ:PICARD_COLLECTMULTIPLEMETRICS,1702289156000,1702289239000,2,103.0,,2573205504.0,,,0.046187279198828125,0.046187279198828125,0.0,349.29,
2008,NFCORE_CHIPSEQ:CHIPSEQ:MARK_DUPLICATES_PICARD:BAM_STATS_SAMTOOLS:SAMTOOLS_IDXSTATS,1702289244000,1702289244000,2,71.1,,1073741824.0,,,0.0,0.0,0.0,349.29,
2021,NFCORE_CHIPSEQ:CHIPSEQ:MARK_DUPLICATES_PICARD:BAM_STATS_SAMTOOLS:SAMTOOLS_FLAGSTAT,1702289239000,1702289248000,2,150.8,,1073741824.0,,,0.006473762690625002,0.006473762690625002,0.0,349.29,
2023,NFCORE_CHIPSEQ:CHIPSEQ:FILTER_BAM_BAMTOOLS:BAM_REMOVE_ORPHANS,1702289242000,1702289243000,2,63.6,,1073741824.0,,,0.000325361209375,0.000325361209375,0.0,349.29,
1022,NFCORE_CHIPSEQ:CHIPSEQ:MARK_DUPLICATES_PICARD:PICARD_MARKDUPLICATES,1702288965000,1702289242000,2,106.8,,21180186624.0,,,0.3414668158833985,0.3414668158833985,0.0,349.29,
1853,NFCORE_CHIPSEQ:CHIPSEQ:FILTER_BAM_BAMTOOLS:BAM_FILTER,1702289043000,1702289246000,2,138.2,,1073741824.0,,,0.1344638730203125,0.1344638730203125,0.0,349.29,
1922,NFCORE_CHIPSEQ:CHIPSEQ:PICARD_COLLECTMULTIPLEMETRICS,1702289140000,1702289249000,2,113.3,,2573205504.0,,,0.06572763513789062,0.06572763513789062,0.0,349.29,
1958,NFCORE_CHIPSEQ:CHIPSEQ:FILTER_BAM_BAMTOOLS:BAM_SORT_SAMTOOLS:BAM_STATS_SAMTOOLS:SAMTOOLS_STATS,1702289214000,1702289250000,2,129.8,,1073741824.0,,,0.022479649481250006,0.022479649481250006,0.0,349.29,
1979,NFCORE_CHIPSEQ:CHIPSEQ:MARK_DUPLICATES_PICARD:BAM_STATS_SAMTOOLS:SAMTOOLS_STATS,1702289219000,1702289255000,2,131.5,,1073741824.0,,,0.022756134346875005,0.022756134346875005,0.0,349.29,
1990,NFCORE_CHIPSEQ:CHIPSEQ:FILTER_BAM_BAMTOOLS:BAM_SORT_SAMTOOLS:BAM_STATS_SAMTOOLS:SAMTOOLS_STATS,1702289213000,1702289255000,2,131.8,,1073741824.0,,,0.026605746759375003,0.026605746759375003,0.0,349.29,
2006,NFCORE_CHIPSEQ:CHIPSEQ:MARK_DUPLICATES_PICARD:BAM_STATS_SAMTOOLS:SAMTOOLS_FLAGSTAT,1702289236000,1702289249000,2,142.4,,1073741824.0,,,0.0088576548125,0.0088576548125,0.0,349.29,
2009,NFCORE_CHIPSEQ:CHIPSEQ:MARK_DUPLICATES_PICARD:BAM_STATS_SAMTOOLS:SAMTOOLS_FLAGSTAT,1702289244000,1702289252000,2,147.6,,1073741824.0,,,0.005638801925000001,0.005638801925000001,0.0,349.29,
2024,NFCORE_CHIPSEQ:CHIPSEQ:MULTIQC_CUSTOM_PEAKS,1702289253000,1702289253000,2,70.3,,1073741824.0,,,0.0,0.0,0.0,349.29,
2025,NFCORE_CHIPSEQ:CHIPSEQ:MARK_DUPLICATES_PICARD:BAM_STATS_SAMTOOLS:SAMTOOLS_FLAGSTAT,1702289242000,1702289250000,2,148.7,,1073741824.0,,,0.0056785579187499996,0.0056785579187499996,0.0,349.29,
2026,NFCORE_CHIPSEQ:CHIPSEQ:MARK_DUPLICATES_PICARD:BAM_STATS_SAMTOOLS:SAMTOOLS_IDXSTATS,1702289252000,1702289252000,2,84.2,,1073741824.0,,,0.0,0.0,0.0,349.29,
2032,NFCORE_CHIPSEQ:CHIPSEQ:FILTER_BAM_BAMTOOLS:BAM_SORT_SAMTOOLS:SAMTOOLS_INDEX,1702289244000,1702289253000,2,149.7,,1073741824.0,,,0.006429037197656251,0.006429037197656251,0.0,349.29,
2033,NFCORE_CHIPSEQ:CHIPSEQ:FILTER_BAM_BAMTOOLS:BAM_REMOVE_ORPHANS,1702289247000,1702289249000,2,53.9,,1073741824.0,,,0.0005630785234375,0.0005630785234375,0.0,349.29,
2034,NFCORE_CHIPSEQ:CHIPSEQ:FILTER_BAM_BAMTOOLS:BAM_REMOVE_ORPHANS,1702289258000,1702289259000,2,58.5,,1073741824.0,,,0.0003023208039062501,0.0003023208039062501,0.0,349.29,
1013,NFCORE_CHIPSEQ:CHIPSEQ:MARK_DUPLICATES_PICARD:PICARD_MARKDUPLICATES,1702288972000,1702289262000,2,106.8,,21180186624.0,,,0.3574923343183595,0.3574923343183595,0.0,349.29,
1366,NFCORE_CHIPSEQ:CHIPSEQ:FILTER_BAM_BAMTOOLS:BAM_SORT_SAMTOOLS:SAMTOOLS_SORT,1702289254000,1702289263000,5,422.8,,6309281792.0,,,0.01920222457207031,0.01920222457207031,0.0,349.29,
1915,NFCORE_CHIPSEQ:CHIPSEQ:PRESEQ_LCEXTRAP,1702289131000,1702289259000,2,101.3,,1073741824.0,,,0.0634469761,0.0634469761,0.0,349.29,
1917,NFCORE_CHIPSEQ:CHIPSEQ:PRESEQ_LCEXTRAP,1702289139000,1702289259000,2,101.8,,1073741824.0,,,0.059752603687499996,0.059752603687499996,0.0,349.29,
1919,NFCORE_CHIPSEQ:CHIPSEQ:PRESEQ_LCEXTRAP,1702289175000,1702289267000,2,100.8,,1073741824.0,,,0.04539469865000001,0.04539469865000001,0.0,349.29,
1956,NFCORE_CHIPSEQ:CHIPSEQ:MARK_DUPLICATES_PICARD:BAM_STATS_SAMTOOLS:SAMTOOLS_STATS,1702289232000,1702289264000,2,132.4,,1073741824.0,,,0.020357785500000003,0.020357785500000003,0.0,349.29,
1974,NFCORE_CHIPSEQ:CHIPSEQ:FILTER_BAM_BAMTOOLS:BAM_SORT_SAMTOOLS:BAM_STATS_SAMTOOLS:SAMTOOLS_STATS,1702289236000,1702289262000,2,129.3,,1073741824.0,,,0.0161765719578125,0.0161765719578125,0.0,349.29,
1997,NFCORE_CHIPSEQ:CHIPSEQ:UCSC_BEDGRAPHTOBIGWIG,1702289220000,1702289263000,1,100.8,,1073741824.0,,,0.021217087412500005,0.021217087412500005,0.0,349.29,
2036,NFCORE_CHIPSEQ:CHIPSEQ:MARK_DUPLICATES_PICARD:SAMTOOLS_INDEX,1702289254000,1702289264000,2,158.2,,1073741824.0,,,0.007527381421875002,0.007527381421875002,0.0,349.29,
2038,NFCORE_CHIPSEQ:CHIPSEQ:FILTER_BAM_BAMTOOLS:BAM_REMOVE_ORPHANS,1702289263000,1702289264000,2,118.5,,1073741824.0,,,0.00057338439765625,0.00057338439765625,0.0,349.29,
2039,NFCORE_CHIPSEQ:CHIPSEQ:FILTER_BAM_BAMTOOLS:BAM_SORT_SAMTOOLS:BAM_STATS_SAMTOOLS:SAMTOOLS_IDXSTATS,1702289265000,1702289267000,1,3.7,,1073741824.0,,,0.00010949877656250002,0.00010949877656250002,0.0,349.29,
1896,NFCORE_CHIPSEQ:CHIPSEQ:FILTER_BAM_BAMTOOLS:BAM_FILTER,1702289100000,1702289278000,2,136.8,,1073741824.0,,,0.11677846528750002,0.11677846528750002,0.0,349.29,
1965,NFCORE_CHIPSEQ:CHIPSEQ:PRESEQ_LCEXTRAP,1702289174000,1702289277000,2,101.0,,1073741824.0,,,0.0509153908296875,0.0509153908296875,0.0,349.29,
1967,NFCORE_CHIPSEQ:CHIPSEQ:FILTER_BAM_BAMTOOLS:BAM_SORT_SAMTOOLS:SAMTOOLS_SORT,1702289247000,1702289273000,5,445.7,,6309281792.0,,,0.058162947603515626,0.058162947603515626,0.0,349.29,
2004,NFCORE_CHIPSEQ:CHIPSEQ:MARK_DUPLICATES_PICARD:BAM_STATS_SAMTOOLS:SAMTOOLS_STATS,1702289236000,1702289280000,2,132.5,,1073741824.0,,,0.028011833059374998,0.028011833059374998,0.0,349.29,
2010,NFCORE_CHIPSEQ:CHIPSEQ:MARK_DUPLICATES_PICARD:BAM_STATS_SAMTOOLS:SAMTOOLS_STATS,1702289244000,1702289280000,2,133.1,,1073741824.0,,,0.023016355396875004,0.023016355396875004,0.0,349.29,
2022,NFCORE_CHIPSEQ:CHIPSEQ:MARK_DUPLICATES_PICARD:BAM_STATS_SAMTOOLS:SAMTOOLS_STATS,1702289239000,1702289278000,2,131.8,,1073741824.0,,,0.024705336276562503,0.024705336276562503,0.0,349.29,
2041,NFCORE_CHIPSEQ:CHIPSEQ:FILTER_BAM_BAMTOOLS:BAM_SORT_SAMTOOLS:BAM_STATS_SAMTOOLS:SAMTOOLS_FLAGSTAT,1702289270000,1702289277000,2,137.2,,1073741824.0,,,0.004605061190624999,0.004605061190624999,0.0,349.29,
2044,NFCORE_CHIPSEQ:CHIPSEQ:MARK_DUPLICATES_PICARD:SAMTOOLS_INDEX,1702289270000,1702289280000,2,156.7,,1073741824.0,,,0.0074596155234375,0.0074596155234375,0.0,349.29,
2046,NFCORE_CHIPSEQ:CHIPSEQ:FILTER_BAM_BAMTOOLS:BAM_SORT_SAMTOOLS:SAMTOOLS_INDEX,1702289268000,1702289278000,2,141.0,,1073741824.0,,,0.006750332453125001,0.006750332453125001,0.0,349.29,
1309,NFCORE_CHIPSEQ:CHIPSEQ:FILTER_BAM_BAMTOOLS:BAM_SORT_SAMTOOLS:SAMTOOLS_SORT,1702289277000,1702289282000,5,391.2,,6309281792.0,,,0.009954101743164065,0.009954101743164065,0.0,349.29,
1412,NFCORE_CHIPSEQ:CHIPSEQ:FILTER_BAM_BAMTOOLS:BAM_SORT_SAMTOOLS:SAMTOOLS_SORT,1702289263000,1702289278000,5,424.0,,6309281792.0,,,0.03208502669824219,0.03208502669824219,0.0,349.29,
2027,NFCORE_CHIPSEQ:CHIPSEQ:MARK_DUPLICATES_PICARD:BAM_STATS_SAMTOOLS:SAMTOOLS_STATS,1702289249000,1702289286000,2,132.2,,1073741824.0,,,0.0235052583078125,0.0235052583078125,0.0,349.29,
2055,NFCORE_CHIPSEQ:CHIPSEQ:FILTER_BAM_BAMTOOLS:BAM_REMOVE_ORPHANS,1702289282000,1702289283000,2,25.1,,1073741824.0,,,0.00015142873671875,0.00015142873671875,0.0,349.29,
2065,NFCORE_CHIPSEQ:CHIPSEQ:FILTER_BAM_BAMTOOLS:BAM_SORT_SAMTOOLS:BAM_STATS_SAMTOOLS:SAMTOOLS_IDXSTATS,1702289286000,1702289287000,1,59.0,,1073741824.0,,,0.00030457966718750004,0.00030457966718750004,0.0,349.29,
2066,NFCORE_CHIPSEQ:CHIPSEQ:FILTER_BAM_BAMTOOLS:BAM_SORT_SAMTOOLS:BAM_STATS_SAMTOOLS:SAMTOOLS_FLAGSTAT,1702289287000,1702289292000,2,136.1,,1073741824.0,,,0.0032644819257812508,0.0032644819257812508,0.0,349.29,
1481,NFCORE_CHIPSEQ:CHIPSEQ:FILTER_BAM_BAMTOOLS:BAM_SORT_SAMTOOLS:SAMTOOLS_SORT,1702289265000,1702289292000,5,421.0,,6309281792.0,,,0.05738711220527344,0.05738711220527344,0.0,349.29,
1996,NFCORE_CHIPSEQ:CHIPSEQ:UCSC_BEDGRAPHTOBIGWIG,1702289211000,1702289292000,1,100.5,,1073741824.0,,,0.03985729088203126,0.03985729088203126,0.0,349.29,
2051,NFCORE_CHIPSEQ:CHIPSEQ:MARK_DUPLICATES_PICARD:BAM_STATS_SAMTOOLS:SAMTOOLS_FLAGSTAT,1702289289000,1702289297000,2,152.8,,1073741824.0,,,0.005826739350000001,0.005826739350000001,0.0,349.29,
2058,NFCORE_CHIPSEQ:CHIPSEQ:FILTER_BAM_BAMTOOLS:BAM_SORT_SAMTOOLS:SAMTOOLS_INDEX,1702289284000,1702289297000,2,141.8,,1073741824.0,,,0.0088224165453125,0.0088224165453125,0.0,349.29,
1288,NFCORE_CHIPSEQ:CHIPSEQ:FILTER_BAM_BAMTOOLS:BAM_SORT_SAMTOOLS:SAMTOOLS_SORT,1702289267000,1702289295000,5,422.8,,6309281792.0,,,0.05974025422421876,0.05974025422421876,0.0,349.29,
1354,NFCORE_CHIPSEQ:CHIPSEQ:FILTER_BAM_BAMTOOLS:BAM_SORT_SAMTOOLS:SAMTOOLS_SORT,1702289267000,1702289298000,5,392.0,,6309281792.0,,,0.061827470426367194,0.061827470426367194,0.0,349.29,
1652,NFCORE_CHIPSEQ:CHIPSEQ:FILTER_BAM_BAMTOOLS:BAM_SORT_SAMTOOLS:SAMTOOLS_SORT,1702289266000,1702289297000,5,438.0,,6309281792.0,,,0.0682697485044922,0.0682697485044922,0.0,349.29,
1954,NFCORE_CHIPSEQ:CHIPSEQ:FILTER_BAM_BAMTOOLS:BAM_FILTER,1702289152000,1702289298000,2,137.3,,1073741824.0,,,0.09611437792656252,0.09611437792656252,0.0,349.29,
2072,NFCORE_CHIPSEQ:CHIPSEQ:FILTER_BAM_BAMTOOLS:BAM_SORT_SAMTOOLS:SAMTOOLS_INDEX,1702289297000,1702289302000,2,153.9,,1073741824.0,,,0.0036665595898437513,0.0036665595898437513,0.0,349.29,
2081,NFCORE_CHIPSEQ:CHIPSEQ:FILTER_BAM_BAMTOOLS:BAM_SORT_SAMTOOLS:BAM_STATS_SAMTOOLS:SAMTOOLS_IDXSTATS,1702289301000,1702289303000,1,13.2,,1073741824.0,,,0.00019533558125000002,0.00019533558125000002,0.0,349.29,
2040,NFCORE_CHIPSEQ:CHIPSEQ:FILTER_BAM_BAMTOOLS:BAM_SORT_SAMTOOLS:BAM_STATS_SAMTOOLS:SAMTOOLS_STATS,1702289281000,1702289308000,2,129.3,,1073741824.0,,,0.01679874780234375,0.01679874780234375,0.0,349.29,
2064,NFCORE_CHIPSEQ:CHIPSEQ:FILTER_BAM_BAMTOOLS:BAM_SORT_SAMTOOLS:BAM_STATS_SAMTOOLS:SAMTOOLS_STATS,1702289286000,1702289308000,2,126.1,,1073741824.0,,,0.0133698206296875,0.0133698206296875,0.0,349.29,
2068,NFCORE_CHIPSEQ:CHIPSEQ:FILTER_BAM_BAMTOOLS:BAM_SORT_SAMTOOLS:SAMTOOLS_INDEX,1702289301000,1702289303000,2,148.2,,1073741824.0,,,0.0014151217531250002,0.0014151217531250002,0.0,349.29,
1522,NFCORE_CHIPSEQ:CHIPSEQ:FILTER_BAM_BAMTOOLS:BAM_SORT_SAMTOOLS:SAMTOOLS_SORT,1702289296000,1702289308000,5,415.4,,6309281792.0,,,0.02520179197734375,0.02520179197734375,0.0,349.29,
2091,NFCORE_CHIPSEQ:CHIPSEQ:FILTER_BAM_BAMTOOLS:BAM_REMOVE_ORPHANS,1702289309000,1702289311000,2,33.3,,1073741824.0,,,0.00037694818906250003,0.00037694818906250003,0.0,349.29,
1400,NFCORE_CHIPSEQ:CHIPSEQ:FILTER_BAM_BAMTOOLS:BAM_SORT_SAMTOOLS:SAMTOOLS_SORT,1702289282000,1702289312000,5,400.6,,6309281792.0,,,0.06099860934960937,0.06099860934960937,0.0,349.29,
2079,NFCORE_CHIPSEQ:CHIPSEQ:FILTER_BAM_BAMTOOLS:BAM_SORT_SAMTOOLS:BAM_STATS_SAMTOOLS:SAMTOOLS_FLAGSTAT,1702289301000,1702289313000,2,136.6,,1073741824.0,,,0.007861862981249999,0.007861862981249999,0.0,349.29,
2087,NFCORE_CHIPSEQ:CHIPSEQ:FILTER_BAM_BAMTOOLS:BAM_SORT_SAMTOOLS:SAMTOOLS_INDEX,1702289303000,1702289314000,2,150.5,,1073741824.0,,,0.007897468124218751,0.007897468124218751,0.0,349.29,
2090,NFCORE_CHIPSEQ:CHIPSEQ:FILTER_BAM_BAMTOOLS:BAM_SORT_SAMTOOLS:SAMTOOLS_INDEX,1702289307000,1702289316000,2,151.6,,1073741824.0,,,0.006506290321875,0.006506290321875,0.0,349.29,
2092,NFCORE_CHIPSEQ:CHIPSEQ:FILTER_BAM_BAMTOOLS:BAM_SORT_SAMTOOLS:BAM_STATS_SAMTOOLS:SAMTOOLS_FLAGSTAT,1702289311000,1702289317000,2,139.8,,1073741824.0,,,0.004017671840625001,0.004017671840625001,0.0,349.29,
2099,NFCORE_CHIPSEQ:CHIPSEQ:FILTER_BAM_BAMTOOLS:BAM_SORT_SAMTOOLS:BAM_STATS_SAMTOOLS:SAMTOOLS_FLAGSTAT,1702289316000,1702289318000,2,116.2,,1073741824.0,,,0.001125987253125,0.001125987253125,0.0,349.29,
1983,NFCORE_CHIPSEQ:CHIPSEQ:PICARD_COLLECTMULTIPLEMETRICS,1702289179000,1702289320000,2,102.2,,2573205504.0,,,0.07795312775742189,0.07795312775742189,0.0,349.29,
2050,NFCORE_CHIPSEQ:CHIPSEQ:MARK_DUPLICATES_PICARD:BAM_STATS_SAMTOOLS:SAMTOOLS_IDXSTATS,1702289317000,1702289319000,2,63.7,,1073741824.0,,,0.0006516259640625,0.0006516259640625,0.0,349.29,
2077,NFCORE_CHIPSEQ:CHIPSEQ:FILTER_BAM_BAMTOOLS:BAM_SORT_SAMTOOLS:SAMTOOLS_INDEX,1702289312000,1702289322000,2,151.2,,1073741824.0,,,0.007211140562500001,0.007211140562500001,0.0,349.29,
2103,NFCORE_CHIPSEQ:CHIPSEQ:FILTER_BAM_BAMTOOLS:BAM_SORT_SAMTOOLS:SAMTOOLS_INDEX,1702289313000,1702289322000,2,97.9,,1073741824.0,,,0.0043228730742187515,0.0043228730742187515,0.0,349.29,
1419,NFCORE_CHIPSEQ:CHIPSEQ:FILTER_BAM_BAMTOOLS:BAM_SORT_SAMTOOLS:SAMTOOLS_SORT,1702289316000,1702289326000,5,405.8,,6309281792.0,,,0.020567791564453132,0.020567791564453132,0.0,349.29,
1539,NFCORE_CHIPSEQ:CHIPSEQ:FILTER_BAM_BAMTOOLS:BAM_SORT_SAMTOOLS:SAMTOOLS_SORT,1702289298000,1702289325000,5,414.6,,6309281792.0,,,0.05660644905527345,0.05660644905527345,0.0,349.29,
1904,NFCORE_CHIPSEQ:CHIPSEQ:FILTER_BAM_BAMTOOLS:BAM_FILTER,1702289140000,1702289329000,2,135.4,,1073741824.0,,,0.12279972157031253,0.12279972157031253,0.0,349.29,
1993,NFCORE_CHIPSEQ:CHIPSEQ:PRESEQ_LCEXTRAP,1702289219000,1702289326000,2,101.2,,1073741824.0,,,0.05298936690937502,0.05298936690937502,0.0,349.29,
2031,NFCORE_CHIPSEQ:CHIPSEQ:PICARD_COLLECTMULTIPLEMETRICS,1702289244000,1702289326000,2,117.4,,2573205504.0,,,0.05096533748046876,0.05096533748046876,0.0,349.29,
2117,NFCORE_CHIPSEQ:CHIPSEQ:FILTER_BAM_BAMTOOLS:BAM_SORT_SAMTOOLS:BAM_STATS_SAMTOOLS:SAMTOOLS_IDXSTATS,1702289328000,1702289329000,1,92.0,,1073741824.0,,,0.00045366464375000003,0.00045366464375000003,0.0,349.29,
2125,NFCORE_CHIPSEQ:CHIPSEQ:FILTER_BAM_BAMTOOLS:BAM_SORT_SAMTOOLS:BAM_STATS_SAMTOOLS:SAMTOOLS_IDXSTATS,1702289328000,1702289330000,1,10.5,,1073741824.0,,,0.0001709398578125,0.0001709398578125,0.0,349.29,
2014,NFCORE_CHIPSEQ:CHIPSEQ:PRESEQ_LCEXTRAP,1702289232000,1702289332000,2,101.4,,1073741824.0,,,0.04961312734375001,0.04961312734375001,0.0,349.29,
2082,NFCORE_CHIPSEQ:CHIPSEQ:FILTER_BAM_BAMTOOLS:BAM_SORT_SAMTOOLS:SAMTOOLS_INDEX,1702289323000,1702289332000,2,161.2,,1073741824.0,,,0.006896621896875001,0.006896621896875001,0.0,349.29,
2098,NFCORE_CHIPSEQ:CHIPSEQ:FILTER_BAM_BAMTOOLS:BAM_SORT_SAMTOOLS:BAM_STATS_SAMTOOLS:SAMTOOLS_IDXSTATS,1702289333000,1702289334000,1,119.1,,1073741824.0,,,0.0005760950335937501,0.0005760950335937501,0.0,349.29,
2108,NFCORE_CHIPSEQ:CHIPSEQ:FILTER_BAM_BAMTOOLS:BAM_SORT_SAMTOOLS:SAMTOOLS_INDEX,1702289321000,1702289332000,2,148.0,,1073741824.0,,,0.00777323064375,0.00777323064375,0.0,349.29,
2112,NFCORE_CHIPSEQ:CHIPSEQ:FILTER_BAM_BAMTOOLS:BAM_SORT_SAMTOOLS:BAM_STATS_SAMTOOLS:SAMTOOLS_IDXSTATS,1702289331000,1702289332000,1,40.0,,1073741824.0,,,0.00021874286250000004,0.00021874286250000004,0.0,349.29,
2127,NFCORE_CHIPSEQ:CHIPSEQ:FILTER_BAM_BAMTOOLS:BAM_SORT_SAMTOOLS:BAM_STATS_SAMTOOLS:SAMTOOLS_IDXSTATS,1702289333000,1702289333000,1,77.3,,1073741824.0,,,0.0,0.0,0.0,349.29,
2134,NFCORE_CHIPSEQ:CHIPSEQ:FILTER_BAM_BAMTOOLS:BAM_SORT_SAMTOOLS:SAMTOOLS_INDEX,1702289330000,1702289335000,2,157.4,,1073741824.0,,,0.003745619804687501,0.003745619804687501,0.0,349.29,
2138,NFCORE_CHIPSEQ:CHIPSEQ:FILTER_BAM_BAMTOOLS:BAM_REMOVE_ORPHANS,1702289332000,1702289332000,2,69.1,,1073741824.0,,,0.0,0.0,0.0,349.29,
2069,NFCORE_CHIPSEQ:CHIPSEQ:PICARD_COLLECTMULTIPLEMETRICS,1702289301000,1702289338000,2,135.2,,2573205504.0,,,0.02597192943085938,0.02597192943085938,0.0,349.29,
2110,NFCORE_CHIPSEQ:CHIPSEQ:FILTER_BAM_BAMTOOLS:BAM_SORT_SAMTOOLS:BAM_STATS_SAMTOOLS:SAMTOOLS_FLAGSTAT,1702289331000,1702289342000,2,142.3,,1073741824.0,,,0.0074899691882812525,0.0074899691882812525,0.0,349.29,
1992,NFCORE_CHIPSEQ:CHIPSEQ:PRESEQ_LCEXTRAP,1702289212000,1702289345000,2,101.6,,1073741824.0,,,0.06610563089374999,0.06610563089374999,0.0,349.29,
2002,NFCORE_CHIPSEQ:CHIPSEQ:PRESEQ_LCEXTRAP,1702289231000,1702289343000,2,101.4,,1073741824.0,,,0.05556670262500001,0.05556670262500001,0.0,349.29,
2048,NFCORE_CHIPSEQ:CHIPSEQ:PICARD_COLLECTMULTIPLEMETRICS,1702289281000,1702289343000,2,125.1,,2573205504.0,,,0.040691530024218756,0.040691530024218756,0.0,349.29,
2052,NFCORE_CHIPSEQ:CHIPSEQ:MARK_DUPLICATES_PICARD:BAM_STATS_SAMTOOLS:SAMTOOLS_STATS,1702289300000,1702289343000,2,131.1,,1073741824.0,,,0.027103233350781252,0.027103233350781252,0.0,349.29,
2124,NFCORE_CHIPSEQ:CHIPSEQ:FILTER_BAM_BAMTOOLS:BAM_SORT_SAMTOOLS:BAM_STATS_SAMTOOLS:SAMTOOLS_FLAGSTAT,1702289335000,1702289345000,2,140.7,,1073741824.0,,,0.006736779273437501,0.006736779273437501,0.0,349.29,
2135,NFCORE_CHIPSEQ:CHIPSEQ:FILTER_BAM_BAMTOOLS:BAM_SORT_SAMTOOLS:SAMTOOLS_INDEX,1702289336000,1702289345000,2,160.3,,1073741824.0,,,0.006860028311718751,0.006860028311718751,0.0,349.29,
1953,NFCORE_CHIPSEQ:CHIPSEQ:FILTER_BAM_BAMTOOLS:BAM_FILTER,1702289148000,1702289350000,2,136.5,,1073741824.0,,,0.1322501021078125,0.1322501021078125,0.0,349.29,
2121,NFCORE_CHIPSEQ:CHIPSEQ:FILTER_BAM_BAMTOOLS:BAM_SORT_SAMTOOLS:BAM_STATS_SAMTOOLS:SAMTOOLS_FLAGSTAT,1702289343000,1702289354000,2,143.1,,1073741824.0,,,0.0075297251820312504,0.0075297251820312504,0.0,349.29,
2129,NFCORE_CHIPSEQ:CHIPSEQ:FILTER_BAM_BAMTOOLS:BAM_SORT_SAMTOOLS:BAM_STATS_SAMTOOLS:SAMTOOLS_FLAGSTAT,1702289349000,1702289353000,2,142.6,,1073741824.0,,,0.0027290464312500003,0.0027290464312500003,0.0,349.29,
2139,NFCORE_CHIPSEQ:CHIPSEQ:FILTER_BAM_BAMTOOLS:BAM_SORT_SAMTOOLS:BAM_STATS_SAMTOOLS:SAMTOOLS_FLAGSTAT,1702289346000,1702289355000,2,138.2,,1073741824.0,,,0.0059614524984375,0.0059614524984375,0.0,349.29,
2145,NFCORE_CHIPSEQ:CHIPSEQ:FILTER_BAM_BAMTOOLS:BAM_SORT_SAMTOOLS:BAM_STATS_SAMTOOLS:SAMTOOLS_FLAGSTAT,1702289341000,1702289352000,2,141.5,,1073741824.0,,,0.007450213194531251,0.007450213194531251,0.0,349.29,
2148,NFCORE_CHIPSEQ:CHIPSEQ:FILTER_BAM_BAMTOOLS:BAM_SORT_SAMTOOLS:BAM_STATS_SAMTOOLS:SAMTOOLS_IDXSTATS,1702289354000,1702289355000,1,58.9,,1073741824.0,,,0.00030412789453125003,0.00030412789453125003,0.0,349.29,
2150,NFCORE_CHIPSEQ:CHIPSEQ:FILTER_BAM_BAMTOOLS:BAM_SORT_SAMTOOLS:BAM_STATS_SAMTOOLS:SAMTOOLS_FLAGSTAT,1702289345000,1702289350000,2,145.5,,1073741824.0,,,0.003476815074218751,0.003476815074218751,0.0,349.29,
1555,NFCORE_CHIPSEQ:CHIPSEQ:FILTER_BAM_BAMTOOLS:BAM_SORT_SAMTOOLS:SAMTOOLS_SORT,1702289328000,1702289355000,5,404.9,,6309281792.0,,,0.05542325646855468,0.05542325646855468,0.0,349.29,
1926,NFCORE_CHIPSEQ:CHIPSEQ:FILTER_BAM_BAMTOOLS:BAM_FILTER,1702289142000,1702289356000,2,134.3,,1073741824.0,,,0.13797959815156255,0.13797959815156255,0.0,349.29,
2094,NFCORE_CHIPSEQ:CHIPSEQ:FILTER_BAM_BAMTOOLS:BAM_SORT_SAMTOOLS:BAM_STATS_SAMTOOLS:SAMTOOLS_IDXSTATS,1702289354000,1702289355000,1,89.9,,1073741824.0,,,0.00044417741796875013,0.00044417741796875013,0.0,349.29,
2126,NFCORE_CHIPSEQ:CHIPSEQ:FILTER_BAM_BAMTOOLS:BAM_SORT_SAMTOOLS:BAM_STATS_SAMTOOLS:SAMTOOLS_STATS,1702289327000,1702289361000,2,129.0,,1073741824.0,,,0.021107897903125002,0.021107897903125002,0.0,349.29,
2140,NFCORE_CHIPSEQ:CHIPSEQ:FILTER_BAM_BAMTOOLS:BAM_SORT_SAMTOOLS:BAM_STATS_SAMTOOLS:SAMTOOLS_IDXSTATS,1702289362000,1702289363000,1,92.1,,1073741824.0,,,0.00045411641640625004,0.00045411641640625004,0.0,349.29,
2149,NFCORE_CHIPSEQ:CHIPSEQ:FILTER_BAM_BAMTOOLS:BAM_SORT_SAMTOOLS:BAM_STATS_SAMTOOLS:SAMTOOLS_IDXSTATS,1702289358000,1702289360000,1,49.5,,1073741824.0,,,0.0005233225296875,0.0005233225296875,0.0,349.29,
2158,NFCORE_CHIPSEQ:CHIPSEQ:FILTER_BAM_BAMTOOLS:BAM_SORT_SAMTOOLS:BAM_STATS_SAMTOOLS:SAMTOOLS_IDXSTATS,1702289359000,1702289359000,1,83.7,,1073741824.0,,,0.0,0.0,0.0,349.29,
2160,NFCORE_CHIPSEQ:CHIPSEQ:FILTER_BAM_BAMTOOLS:BAM_REMOVE_ORPHANS,1702289355000,1702289356000,2,50.0,,1073741824.0,,,0.00026392012812500004,0.00026392012812500004,0.0,349.29,
1762,NFCORE_CHIPSEQ:CHIPSEQ:HOMER_ANNOTATEPEAKS_MACS2,1702288985000,1702289362000,1,100.9,,4807720960.0,,,0.2360534361275391,0.2360534361275391,0.0,349.29,
2037,NFCORE_CHIPSEQ:CHIPSEQ:PRESEQ_LCEXTRAP,1702289256000,1702289370000,2,101.4,,1073741824.0,,,0.05655896517187502,0.05655896517187502,0.0,349.29,
2061,NFCORE_CHIPSEQ:CHIPSEQ:MARK_DUPLICATES_PICARD:BAM_STATS_SAMTOOLS:SAMTOOLS_FLAGSTAT,1702289359000,1702289371000,2,145.5,,1073741824.0,,,0.008344356178125,0.008344356178125,0.0,349.29,
2128,NFCORE_CHIPSEQ:CHIPSEQ:FILTER_BAM_BAMTOOLS:BAM_SORT_SAMTOOLS:BAM_STATS_SAMTOOLS:SAMTOOLS_STATS,1702289349000,1702289367000,2,127.2,,1073741824.0,,,0.011028395137499999,0.011028395137499999,0.0,349.29,
2159,NFCORE_CHIPSEQ:CHIPSEQ:FILTER_BAM_BAMTOOLS:BAM_SORT_SAMTOOLS:BAM_STATS_SAMTOOLS:SAMTOOLS_FLAGSTAT,1702289358000,1702289370000,2,145.1,,1073741824.0,,,0.008322671090625,0.008322671090625,0.0,349.29,
2169,NFCORE_CHIPSEQ:CHIPSEQ:FILTER_BAM_BAMTOOLS:BAM_REMOVE_ORPHANS,1702289373000,1702289375000,2,99.2,,1073741824.0,,,0.00097238455,0.00097238455,0.0,349.29,
1978,NFCORE_CHIPSEQ:CHIPSEQ:FILTER_BAM_BAMTOOLS:BAM_FILTER,1702289203000,1702289375000,2,133.7,,1073741824.0,,,0.11043326072187502,0.11043326072187502,0.0,349.29,
2063,NFCORE_CHIPSEQ:CHIPSEQ:MARK_DUPLICATES_PICARD:BAM_STATS_SAMTOOLS:SAMTOOLS_IDXSTATS,1702289378000,1702289379000,2,76.6,,1073741824.0,,,0.0003840916546875,0.0003840916546875,0.0,349.29,
2104,NFCORE_CHIPSEQ:CHIPSEQ:PICARD_COLLECTMULTIPLEMETRICS,1702289325000,1702289382000,2,121.9,,2573205504.0,,,0.036585921697265635,0.036585921697265635,0.0,349.29,
2070,NFCORE_CHIPSEQ:CHIPSEQ:PICARD_COLLECTMULTIPLEMETRICS,1702289315000,1702289390000,2,116.0,,2573205504.0,,,0.046140276650390624,0.046140276650390624,0.0,349.29,
2167,NFCORE_CHIPSEQ:CHIPSEQ:FILTER_BAM_BAMTOOLS:BAM_SORT_SAMTOOLS:SAMTOOLS_INDEX,1702289374000,1702289384000,2,148.8,,1073741824.0,,,0.007102715125000002,0.007102715125000002,0.0,349.29,
2173,NFCORE_CHIPSEQ:CHIPSEQ:FILTER_BAM_BAMTOOLS:BAM_REMOVE_ORPHANS,1702289382000,1702289383000,2,13.3,,1073741824.0,,,9.811956328125001e-05,9.811956328125001e-05,0.0,349.29,
1617,NFCORE_CHIPSEQ:CHIPSEQ:BEDTOOLS_GENOMECOV,1702289022000,1702289390000,2,121.5,,4567597056.0,,,0.26153612685000005,0.26153612685000005,0.0,349.29,
1943,NFCORE_CHIPSEQ:CHIPSEQ:FILTER_BAM_BAMTOOLS:BAM_FILTER,1702289146000,1702289398000,2,136.8,,1073741824.0,,,0.16532681602500005,0.16532681602500005,0.0,349.29,
1981,NFCORE_CHIPSEQ:CHIPSEQ:BEDTOOLS_GENOMECOV,1702289213000,1702289390000,2,120.9,,4567597056.0,,,0.1253134088859375,0.1253134088859375,0.0,349.29,
2028,NFCORE_CHIPSEQ:CHIPSEQ:FILTER_BAM_BAMTOOLS:BAM_FILTER,1702289245000,1702289398000,2,136.4,,1073741824.0,,,0.10010051057812504,0.10010051057812504,0.0,349.29,
2056,NFCORE_CHIPSEQ:CHIPSEQ:PICARD_COLLECTMULTIPLEMETRICS,1702289286000,1702289393000,2,113.8,,2573205504.0,,,0.06476332185507813,0.06476332185507813,0.0,349.29,
2157,NFCORE_CHIPSEQ:CHIPSEQ:FILTER_BAM_BAMTOOLS:BAM_SORT_SAMTOOLS:BAM_STATS_SAMTOOLS:SAMTOOLS_STATS,1702289359000,1702289398000,2,130.3,,1073741824.0,,,0.024441049272656258,0.024441049272656258,0.0,349.29,
2019,NFCORE_CHIPSEQ:CHIPSEQ:FILTER_BAM_BAMTOOLS:BAM_FILTER,1702289239000,1702289407000,2,136.6,,1073741824.0,,,0.1100660817375,0.1100660817375,0.0,349.29,
2123,NFCORE_CHIPSEQ:CHIPSEQ:BEDTOOLS_GENOMECOV,1702289346000,1702289409000,2,121.6,,4567597056.0,,,0.04480230948046876,0.04480230948046876,0.0,349.29,
2175,NFCORE_CHIPSEQ:CHIPSEQ:FILTER_BAM_BAMTOOLS:BAM_SORT_SAMTOOLS:BAM_STATS_SAMTOOLS:SAMTOOLS_IDXSTATS,1702289403000,1702289407000,1,70.6,,1073741824.0,,,0.00142794118125,0.00142794118125,0.0,349.29,
2181,NFCORE_CHIPSEQ:CHIPSEQ:FILTER_BAM_BAMTOOLS:BAM_REMOVE_ORPHANS,1702289403000,1702289407000,2,76.2,,1073741824.0,,,0.0015291382562500004,0.0015291382562500004,0.0,349.29,
2183,NFCORE_CHIPSEQ:CHIPSEQ:FILTER_BAM_BAMTOOLS:BAM_REMOVE_ORPHANS,1702289403000,1702289407000,2,114.3,,1073741824.0,,,0.002217639784375,0.002217639784375,0.0,349.29,
1987,NFCORE_CHIPSEQ:CHIPSEQ:BEDTOOLS_GENOMECOV,1702289204000,1702289419000,2,122.2,,4567597056.0,,,0.1534795571757813,0.1534795571757813,0.0,349.29,
2011,NFCORE_CHIPSEQ:CHIPSEQ:FILTER_BAM_BAMTOOLS:BAM_FILTER,1702289233000,1702289411000,2,133.5,,1073741824.0,,,0.1141247527046875,0.1141247527046875,0.0,349.29,
2062,NFCORE_CHIPSEQ:CHIPSEQ:MARK_DUPLICATES_PICARD:BAM_STATS_SAMTOOLS:SAMTOOLS_STATS,1702289379000,1702289420000,2,131.7,,1073741824.0,,,0.02595375391953125,0.02595375391953125,0.0,349.29,
2075,NFCORE_CHIPSEQ:CHIPSEQ:PICARD_COLLECTMULTIPLEMETRICS,1702289312000,1702289422000,2,112.6,,2573205504.0,,,0.06598277601953126,0.06598277601953126,0.0,349.29,
2097,NFCORE_CHIPSEQ:CHIPSEQ:FILTER_BAM_BAMTOOLS:BAM_SORT_SAMTOOLS:BAM_STATS_SAMTOOLS:SAMTOOLS_STATS,1702289412000,1702289421000,2,125.1,,1073741824.0,,,0.00542881253671875,0.00542881253671875,0.0,349.29,
2174,NFCORE_CHIPSEQ:CHIPSEQ:FILTER_BAM_BAMTOOLS:BAM_SORT_SAMTOOLS:BAM_STATS_SAMTOOLS:SAMTOOLS_FLAGSTAT,1702289411000,1702289420000,2,151.9,,1073741824.0,,,0.006518488183593751,0.006518488183593751,0.0,349.29,
2184,NFCORE_CHIPSEQ:CHIPSEQ:FILTER_BAM_BAMTOOLS:BAM_REMOVE_ORPHANS,1702289411000,1702289412000,2,162.0,,1073741824.0,,,0.0007699055031250001,0.0007699055031250001,0.0,349.29,
2007,NFCORE_CHIPSEQ:CHIPSEQ:FILTER_BAM_BAMTOOLS:BAM_FILTER,1702289229000,1702289431000,2,135.0,,1073741824.0,,,0.130881230959375,0.130881230959375,0.0,349.29,
2080,NFCORE_CHIPSEQ:CHIPSEQ:FILTER_BAM_BAMTOOLS:BAM_SORT_SAMTOOLS:BAM_STATS_SAMTOOLS:SAMTOOLS_STATS,1702289394000,1702289429000,2,131.3,,1073741824.0,,,0.022092395417968758,0.022092395417968758,0.0,349.29,
2085,NFCORE_CHIPSEQ:CHIPSEQ:PICARD_COLLECTMULTIPLEMETRICS,1702289303000,1702289431000,2,108.7,,2573205504.0,,,0.07452470845,0.07452470845,0.0,349.29,
2118,NFCORE_CHIPSEQ:CHIPSEQ:FILTER_BAM_BAMTOOLS:BAM_SORT_SAMTOOLS:BAM_STATS_SAMTOOLS:SAMTOOLS_STATS,1702289393000,1702289431000,2,131.6,,1073741824.0,,,0.024037531393750002,0.024037531393750002,0.0,349.29,
2132,NFCORE_CHIPSEQ:CHIPSEQ:PICARD_COLLECTMULTIPLEMETRICS,1702289371000,1702289431000,2,123.0,,2573205504.0,,,0.038809666476562504,0.038809666476562504,0.0,349.29,
2185,NFCORE_CHIPSEQ:CHIPSEQ:UCSC_BEDGRAPHTOBIGWIG,1702289414000,1702289431000,1,79.9,,1073741824.0,,,0.006783002589843752,0.006783002589843752,0.0,349.29,
2189,NFCORE_CHIPSEQ:CHIPSEQ:FILTER_BAM_BAMTOOLS:BAM_REMOVE_ORPHANS,1702289423000,1702289426000,2,38.6,,1073741824.0,,,0.0006372541359375002,0.0006372541359375002,0.0,349.29,
1945,NFCORE_CHIPSEQ:CHIPSEQ:BEDTOOLS_GENOMECOV,1702289151000,1702289435000,2,121.3,,4567597056.0,,,0.20158105624375,0.20158105624375,0.0,349.29,
2053,NFCORE_CHIPSEQ:CHIPSEQ:FILTER_BAM_BAMTOOLS:BAM_FILTER,1702289281000,1702289438000,2,137.7,,1073741824.0,,,0.10363958538203125,0.10363958538203125,0.0,349.29,
2089,NFCORE_CHIPSEQ:CHIPSEQ:PICARD_COLLECTMULTIPLEMETRICS,1702289318000,1702289438000,2,112.9,,2573205504.0,,,0.07214384835937501,0.07214384835937501,0.0,349.29,
2182,NFCORE_CHIPSEQ:CHIPSEQ:UCSC_BEDGRAPHTOBIGWIG,1702289400000,1702289443000,1,90.1,,1073741824.0,,,0.019138481421093752,0.019138481421093752,0.0,349.29,
2084,NFCORE_CHIPSEQ:CHIPSEQ:PICARD_COLLECTMULTIPLEMETRICS,1702289348000,1702289449000,2,114.2,,2573205504.0,,,0.061314249866796885,0.061314249866796885,0.0,349.29,
2137,NFCORE_CHIPSEQ:CHIPSEQ:PICARD_COLLECTMULTIPLEMETRICS,1702289346000,1702289449000,2,113.8,,2573205504.0,,,0.06234226309414063,0.06234226309414063,0.0,349.29,
2141,NFCORE_CHIPSEQ:CHIPSEQ:FILTER_BAM_BAMTOOLS:BAM_SORT_SAMTOOLS:BAM_STATS_SAMTOOLS:SAMTOOLS_STATS,1702289411000,1702289449000,2,130.7,,1073741824.0,,,0.023883025145312504,0.023883025145312504,0.0,349.29,
2176,NFCORE_CHIPSEQ:CHIPSEQ:FILTER_BAM_BAMTOOLS:BAM_SORT_SAMTOOLS:BAM_STATS_SAMTOOLS:SAMTOOLS_STATS,1702289415000,1702289449000,2,131.1,,1073741824.0,,,0.021430463579687503,0.021430463579687503,0.0,349.29,
2197,NFCORE_CHIPSEQ:CHIPSEQ:FILTER_BAM_BAMTOOLS:BAM_REMOVE_ORPHANS,1702289453000,1702289454000,2,120.0,,1073741824.0,,,0.0005801609875000001,0.0005801609875000001,0.0,349.29,
1881,NFCORE_CHIPSEQ:CHIPSEQ:HOMER_ANNOTATEPEAKS_MACS2,1702289064000,1702289455000,1,101.1,,4807720960.0,,,0.24517263243964843,0.24517263243964843,0.0,349.29,
1900,NFCORE_CHIPSEQ:CHIPSEQ:BEDTOOLS_GENOMECOV,1702289150000,1702289455000,2,122.3,,4567597056.0,,,0.21786460432812504,0.21786460432812504,0.0,349.29,
2170,NFCORE_CHIPSEQ:CHIPSEQ:FILTER_BAM_BAMTOOLS:BAM_SORT_SAMTOOLS:SAMTOOLS_SORT,1702289434000,1702289459000,5,401.7,,6309281792.0,,,0.05095641193847656,0.05095641193847656,0.0,349.29,
2192,NFCORE_CHIPSEQ:CHIPSEQ:FILTER_BAM_BAMTOOLS:BAM_REMOVE_ORPHANS,1702289458000,1702289459000,2,69.1,,1073741824.0,,,0.00035020870546875,0.00035020870546875,0.0,349.29,
1530,NFCORE_CHIPSEQ:CHIPSEQ:FILTER_BAM_BAMTOOLS:BAM_SORT_SAMTOOLS:SAMTOOLS_SORT,1702289431000,1702289461000,5,418.6,,6309281792.0,,,0.06343818169335938,0.06343818169335938,0.0,349.29,
1531,NFCORE_CHIPSEQ:CHIPSEQ:FILTER_BAM_BAMTOOLS:BAM_SORT_SAMTOOLS:SAMTOOLS_SORT,1702289435000,1702289461000,5,420.3,,6309281792.0,,,0.05517944098164062,0.05517944098164062,0.0,349.29,
2067,NFCORE_CHIPSEQ:CHIPSEQ:PHANTOMPEAKQUALTOOLS,1702289293000,1702289467000,1,21.7,,4294967296.0,,,0.0435295567546875,0.0435295567546875,0.0,349.29,
2074,NFCORE_CHIPSEQ:CHIPSEQ:BEDTOOLS_GENOMECOV,1702289302000,1702289460000,2,122.3,,4567597056.0,,,0.11286100814375001,0.11286100814375001,0.0,349.29,
2151,NFCORE_CHIPSEQ:CHIPSEQ:FILTER_BAM_BAMTOOLS:BAM_SORT_SAMTOOLS:BAM_STATS_SAMTOOLS:SAMTOOLS_STATS,1702289443000,1702289461000,2,124.7,,1073741824.0,,,0.010825097442187502,0.010825097442187502,0.0,349.29,
2166,NFCORE_CHIPSEQ:CHIPSEQ:PICARD_COLLECTMULTIPLEMETRICS,1702289374000,1702289470000,2,114.8,,2573205504.0,,,0.058539112012500005,0.058539112012500005,0.0,349.29,
2186,NFCORE_CHIPSEQ:CHIPSEQ:FILTER_BAM_BAMTOOLS:BAM_SORT_SAMTOOLS:SAMTOOLS_SORT,1702289442000,1702289470000,5,422.2,,6309281792.0,,,0.05966435641796875,0.05966435641796875,0.0,349.29,
2188,NFCORE_CHIPSEQ:CHIPSEQ:UCSC_BEDGRAPHTOBIGWIG,1702289423000,1702289469000,1,100.6,,1073741824.0,,,0.022655786240625,0.022655786240625,0.0,349.29,
2060,NFCORE_CHIPSEQ:CHIPSEQ:FILTER_BAM_BAMTOOLS:BAM_FILTER,1702289286000,1702289475000,2,133.4,,1073741824.0,,,0.12109202092968753,0.12109202092968753,0.0,349.29,
2111,NFCORE_CHIPSEQ:CHIPSEQ:FILTER_BAM_BAMTOOLS:BAM_SORT_SAMTOOLS:BAM_STATS_SAMTOOLS:SAMTOOLS_STATS,1702289434000,1702289475000,2,131.3,,1073741824.0,,,0.025879663203906254,0.025879663203906254,0.0,349.29,
2180,NFCORE_CHIPSEQ:CHIPSEQ:UCSC_BEDGRAPHTOBIGWIG,1702289397000,1702289479000,1,97.4,,1073741824.0,,,0.03920095010937501,0.03920095010937501,0.0,349.29,
2217,NFCORE_CHIPSEQ:CHIPSEQ:FILTER_BAM_BAMTOOLS:BAM_REMOVE_ORPHANS,1702289478000,1702289479000,2,34.8,,1073741824.0,,,0.000195250684375,0.000195250684375,0.0,349.29,
1551,NFCORE_CHIPSEQ:CHIPSEQ:FILTER_BAM_BAMTOOLS:BAM_SORT_SAMTOOLS:SAMTOOLS_SORT,1702289453000,1702289482000,5,425.6,,6309281792.0,,,0.06224067412910157,0.06224067412910157,0.0,349.29,
1966,NFCORE_CHIPSEQ:CHIPSEQ:BEDTOOLS_GENOMECOV,1702289165000,1702289483000,2,121.7,,4567597056.0,,,0.22628865441562504,0.22628865441562504,0.0,349.29,
2093,NFCORE_CHIPSEQ:CHIPSEQ:FILTER_BAM_BAMTOOLS:BAM_SORT_SAMTOOLS:BAM_STATS_SAMTOOLS:SAMTOOLS_STATS,1702289464000,1702289487000,2,129.0,,1073741824.0,,,0.014278872110937502,0.014278872110937502,0.0,349.29,
2101,NFCORE_CHIPSEQ:CHIPSEQ:MACS2_CALLPEAK,1702289344000,1702289493000,1,99.4,,1892679680.0,,,0.07689949917207033,0.07689949917207033,0.0,349.29,
2194,NFCORE_CHIPSEQ:CHIPSEQ:FILTER_BAM_BAMTOOLS:BAM_SORT_SAMTOOLS:SAMTOOLS_SORT,1702289465000,1702289491000,5,396.7,,6309281792.0,,,0.05240736396289063,0.05240736396289063,0.0,349.29,
2203,NFCORE_CHIPSEQ:CHIPSEQ:FILTER_BAM_BAMTOOLS:BAM_SORT_SAMTOOLS:SAMTOOLS_INDEX,1702289483000,1702289491000,2,159.5,,1073741824.0,,,0.006068889493750001,0.006068889493750001,0.0,349.29,
2207,NFCORE_CHIPSEQ:CHIPSEQ:FILTER_BAM_BAMTOOLS:BAM_SORT_SAMTOOLS:SAMTOOLS_INDEX,1702289482000,1702289492000,2,144.6,,1073741824.0,,,0.006912970609375,0.006912970609375,0.0,349.29,
2215,NFCORE_CHIPSEQ:CHIPSEQ:FILTER_BAM_BAMTOOLS:BAM_SORT_SAMTOOLS:SAMTOOLS_INDEX,1702289487000,1702289497000,2,148.4,,1073741824.0,,,0.007084644218750001,0.007084644218750001,0.0,349.29,
1297,NFCORE_CHIPSEQ:CHIPSEQ:FILTER_BAM_BAMTOOLS:BAM_SORT_SAMTOOLS:SAMTOOLS_SORT,1702289464000,1702289498000,5,398.9,,6309281792.0,,,0.06887063266757813,0.06887063266757813,0.0,349.29,
1658,NFCORE_CHIPSEQ:CHIPSEQ:FILTER_BAM_BAMTOOLS:BAM_SORT_SAMTOOLS:SAMTOOLS_SORT,1702289473000,1702289495000,5,427.9,,6309281792.0,,,0.04744566009648438,0.04744566009648438,0.0,349.29,
1738,NFCORE_CHIPSEQ:CHIPSEQ:FILTER_BAM_BAMTOOLS:BAM_SORT_SAMTOOLS:SAMTOOLS_SORT,1702289462000,1702289495000,5,386.2,,6309281792.0,,,0.06495164662207031,0.06495164662207031,0.0,349.29,
1962,NFCORE_CHIPSEQ:CHIPSEQ:MACS2_CALLPEAK,1702289175000,1702289495000,1,98.1,,1892679680.0,,,0.1632739125625,0.1632739125625,0.0,349.29,
2059,NFCORE_CHIPSEQ:CHIPSEQ:BEDTOOLS_GENOMECOV,1702289284000,1702289505000,2,121.7,,4567597056.0,,,0.15726349882343754,0.15726349882343754,0.0,349.29,
2107,NFCORE_CHIPSEQ:CHIPSEQ:PICARD_COLLECTMULTIPLEMETRICS,1702289385000,1702289505000,2,111.9,,2573205504.0,,,0.071601721171875,0.071601721171875,0.0,349.29,
2144,NFCORE_CHIPSEQ:CHIPSEQ:FILTER_BAM_BAMTOOLS:BAM_SORT_SAMTOOLS:BAM_STATS_SAMTOOLS:SAMTOOLS_STATS,1702289464000,1702289502000,2,130.8,,1073741824.0,,,0.023900192506250004,0.023900192506250004,0.0,349.29,
2162,NFCORE_CHIPSEQ:CHIPSEQ:BEDTOOLS_GENOMECOV,1702289363000,1702289511000,2,121.9,,4567597056.0,,,0.10545045695000002,0.10545045695000002,0.0,349.29,
2208,NFCORE_CHIPSEQ:CHIPSEQ:FILTER_BAM_BAMTOOLS:BAM_SORT_SAMTOOLS:SAMTOOLS_INDEX,1702289495000,1702289504000,2,146.0,,1073741824.0,,,0.006278596903124999,0.006278596903124999,0.0,349.29,
2212,NFCORE_CHIPSEQ:CHIPSEQ:UCSC_BEDGRAPHTOBIGWIG,1702289472000,1702289502000,1,101.0,,1073741824.0,,,0.014829725484375002,0.014829725484375002,0.0,349.29,
2221,NFCORE_CHIPSEQ:CHIPSEQ:FILTER_BAM_BAMTOOLS:BAM_SORT_SAMTOOLS:SAMTOOLS_INDEX,1702289491000,1702289506000,2,152.2,,1073741824.0,,,0.0108844767421875,0.0108844767421875,0.0,349.29,
2228,NFCORE_CHIPSEQ:CHIPSEQ:FILTER_BAM_BAMTOOLS:BAM_SORT_SAMTOOLS:SAMTOOLS_INDEX,1702289502000,1702289509000,2,151.3,,1073741824.0,,,0.005050960802343751,0.005050960802343751,0.0,349.29,
2229,NFCORE_CHIPSEQ:CHIPSEQ:FILTER_BAM_BAMTOOLS:BAM_SORT_SAMTOOLS:BAM_STATS_SAMTOOLS:SAMTOOLS_IDXSTATS,1702289500000,1702289502000,1,2.3,,1073741824.0,,,9.684914218750001e-05,9.684914218750001e-05,0.0,349.29,
2230,NFCORE_CHIPSEQ:CHIPSEQ:FILTER_BAM_BAMTOOLS:BAM_SORT_SAMTOOLS:BAM_STATS_SAMTOOLS:SAMTOOLS_FLAGSTAT,1702289500000,1702289511000,2,115.3,,1073741824.0,,,0.006148204399218751,0.006148204399218751,0.0,349.29,
2232,NFCORE_CHIPSEQ:CHIPSEQ:FILTER_BAM_BAMTOOLS:BAM_SORT_SAMTOOLS:BAM_STATS_SAMTOOLS:SAMTOOLS_IDXSTATS,1702289502000,1702289504000,1,43.0,,1073741824.0,,,0.00046459208437500004,0.00046459208437500004,0.0,349.29,
2233,NFCORE_CHIPSEQ:CHIPSEQ:FILTER_BAM_BAMTOOLS:BAM_SORT_SAMTOOLS:BAM_STATS_SAMTOOLS:SAMTOOLS_FLAGSTAT,1702289502000,1702289513000,2,140.4,,1073741824.0,,,0.007395548703125002,0.007395548703125002,0.0,349.29,
2237,NFCORE_CHIPSEQ:CHIPSEQ:FILTER_BAM_BAMTOOLS:BAM_SORT_SAMTOOLS:BAM_STATS_SAMTOOLS:SAMTOOLS_IDXSTATS,1702289503000,1702289506000,1,111.3,,1073741824.0,,,0.00162257029921875,0.00162257029921875,0.0,349.29,
1934,NFCORE_CHIPSEQ:CHIPSEQ:BEDTOOLS_GENOMECOV,1702289138000,1702289511000,2,122.1,,4567597056.0,,,0.2661006740390625,0.2661006740390625,0.0,349.29,
2045,NFCORE_CHIPSEQ:CHIPSEQ:PRESEQ_LCEXTRAP,1702289391000,1702289513000,2,101.5,,1073741824.0,,,0.06058313162343751,0.06058313162343751,0.0,349.29,
2153,NFCORE_CHIPSEQ:CHIPSEQ:MACS2_CALLPEAK,1702289354000,1702289525000,1,98.9,,1892679680.0,,,0.08786752201933595,0.08786752201933595,0.0,349.29,
2196,NFCORE_CHIPSEQ:CHIPSEQ:UCSC_BEDGRAPHTOBIGWIG,1702289453000,1702289517000,1,99.6,,1073741824.0,,,0.031231959400000005,0.031231959400000005,0.0,349.29,
2224,NFCORE_CHIPSEQ:CHIPSEQ:FRIP_SCORE,1702289498000,1702289519000,2,125.6,,1073741824.0,,,0.012714665381249999,0.012714665381249999,0.0,349.29,
2239,NFCORE_CHIPSEQ:CHIPSEQ:FILTER_BAM_BAMTOOLS:BAM_SORT_SAMTOOLS:SAMTOOLS_INDEX,1702289508000,1702289521000,2,144.7,,1073741824.0,,,0.008992734836718749,0.008992734836718749,0.0,349.29,
2241,NFCORE_CHIPSEQ:CHIPSEQ:FILTER_BAM_BAMTOOLS:BAM_SORT_SAMTOOLS:SAMTOOLS_INDEX,1702289509000,1702289517000,2,149.2,,1073741824.0,,,0.005696628825,0.005696628825,0.0,349.29,
2245,NFCORE_CHIPSEQ:CHIPSEQ:FILTER_BAM_BAMTOOLS:BAM_SORT_SAMTOOLS:SAMTOOLS_INDEX,1702289513000,1702289525000,2,140.3,,1073741824.0,,,0.008062450040625,0.008062450040625,0.0,349.29,
2252,NFCORE_CHIPSEQ:CHIPSEQ:FILTER_BAM_BAMTOOLS:BAM_SORT_SAMTOOLS:BAM_STATS_SAMTOOLS:SAMTOOLS_FLAGSTAT,1702289517000,1702289526000,2,130.2,,1073741824.0,,,0.0056361761859375,0.0056361761859375,0.0,349.29,
2258,NFCORE_CHIPSEQ:CHIPSEQ:FILTER_BAM_BAMTOOLS:BAM_SORT_SAMTOOLS:BAM_STATS_SAMTOOLS:SAMTOOLS_IDXSTATS,1702289522000,1702289523000,1,69.6,,1073741824.0,,,0.00035246756875,0.00035246756875,0.0,349.29,
2262,NFCORE_CHIPSEQ:CHIPSEQ:FILTER_BAM_BAMTOOLS:BAM_SORT_SAMTOOLS:BAM_STATS_SAMTOOLS:SAMTOOLS_FLAGSTAT,1702289523000,1702289530000,2,134.7,,1073741824.0,,,0.00452600097578125,0.00452600097578125,0.0,349.29,
2261,NFCORE_CHIPSEQ:CHIPSEQ:FILTER_BAM_BAMTOOLS:BAM_SORT_SAMTOOLS:BAM_STATS_SAMTOOLS:SAMTOOLS_IDXSTATS,1702289530000,1702289531000,1,75.5,,1073741824.0,,,0.00037912215546875004,0.00037912215546875004,0.0,349.29,
1308,NFCORE_CHIPSEQ:CHIPSEQ:FILTER_BAM_BAMTOOLS:BAM_SORT_SAMTOOLS:SAMTOOLS_SORT,1702289498000,1702289533000,5,371.8,,6309281792.0,,,0.06661117586621094,0.06661117586621094,0.0,349.29,
1653,NFCORE_CHIPSEQ:CHIPSEQ:FILTER_BAM_BAMTOOLS:BAM_SORT_SAMTOOLS:SAMTOOLS_SORT,1702289514000,1702289529000,5,391.5,,6309281792.0,,,0.029882634999023445,0.029882634999023445,0.0,349.29,
1710,NFCORE_CHIPSEQ:CHIPSEQ:FILTER_BAM_BAMTOOLS:BAM_SORT_SAMTOOLS:SAMTOOLS_SORT,1702289498000,1702289526000,5,419.8,,6309281792.0,,,0.05936076519296876,0.05936076519296876,0.0,349.29,
2165,NFCORE_CHIPSEQ:CHIPSEQ:BEDTOOLS_GENOMECOV,1702289394000,1702289528000,2,122.4,,4567597056.0,,,0.0957781014046875,0.0957781014046875,0.0,349.29,
2200,NFCORE_CHIPSEQ:CHIPSEQ:UCSC_BEDGRAPHTOBIGWIG,1702289459000,1702289527000,1,94.9,,1073741824.0,,,0.03174009145312501,0.03174009145312501,0.0,349.29,
2231,NFCORE_CHIPSEQ:CHIPSEQ:FILTER_BAM_BAMTOOLS:BAM_SORT_SAMTOOLS:BAM_STATS_SAMTOOLS:SAMTOOLS_STATS,1702289505000,1702289536000,2,129.7,,1073741824.0,,,0.01934347098984375,0.01934347098984375,0.0,349.29,
2236,NFCORE_CHIPSEQ:CHIPSEQ:FILTER_BAM_BAMTOOLS:BAM_SORT_SAMTOOLS:BAM_STATS_SAMTOOLS:SAMTOOLS_FLAGSTAT,1702289522000,1702289530000,2,145.3,,1073741824.0,,,0.0055556757562500005,0.0055556757562500005,0.0,349.29,
2251,NFCORE_CHIPSEQ:CHIPSEQ:FILTER_BAM_BAMTOOLS:BAM_SORT_SAMTOOLS:BAM_STATS_SAMTOOLS:SAMTOOLS_IDXSTATS,1702289530000,1702289531000,1,67.1,,1073741824.0,,,0.00034117325234374996,0.00034117325234374996,0.0,349.29,
2272,NFCORE_CHIPSEQ:CHIPSEQ:FILTER_BAM_BAMTOOLS:BAM_SORT_SAMTOOLS:BAM_STATS_SAMTOOLS:SAMTOOLS_IDXSTATS,1702289534000,1702289535000,1,95.8,,1073741824.0,,,0.00047083200468750003,0.00047083200468750003,0.0,349.29,
2275,NFCORE_CHIPSEQ:CHIPSEQ:FILTER_BAM_BAMTOOLS:BAM_SORT_SAMTOOLS:BAM_STATS_SAMTOOLS:SAMTOOLS_IDXSTATS,1702289534000,1702289535000,1,60.4,,1073741824.0,,,0.000310904484375,0.000310904484375,0.0,349.29,
2257,NFCORE_CHIPSEQ:CHIPSEQ:FILTER_BAM_BAMTOOLS:BAM_SORT_SAMTOOLS:BAM_STATS_SAMTOOLS:SAMTOOLS_FLAGSTAT,1702289530000,1702289542000,2,141.5,,1073741824.0,,,0.008127505303125001,0.008127505303125001,0.0,349.29,
1976,NFCORE_CHIPSEQ:CHIPSEQ:BEDTOOLS_GENOMECOV,1702289196000,1702289547000,2,122.7,,4567597056.0,,,0.2513571613312501,0.2513571613312501,0.0,349.29,
2122,NFCORE_CHIPSEQ:CHIPSEQ:BEDTOOLS_GENOMECOV,1702289335000,1702289547000,2,123.6,,4567597056.0,,,0.152678843203125,0.152678843203125,0.0,349.29,
2271,NFCORE_CHIPSEQ:CHIPSEQ:FILTER_BAM_BAMTOOLS:BAM_SORT_SAMTOOLS:BAM_STATS_SAMTOOLS:SAMTOOLS_FLAGSTAT,1702289534000,1702289547000,2,141.1,,1073741824.0,,,0.00878130523359375,0.00878130523359375,0.0,349.29,
2281,NFCORE_CHIPSEQ:CHIPSEQ:FILTER_BAM_BAMTOOLS:BAM_SORT_SAMTOOLS:BAM_STATS_SAMTOOLS:SAMTOOLS_FLAGSTAT,1702289537000,1702289553000,2,136.5,,1073741824.0,,,0.0104752556125,0.0104752556125,0.0,349.29,
2288,NFCORE_CHIPSEQ:CHIPSEQ:FILTER_BAM_BAMTOOLS:BAM_SORT_SAMTOOLS:SAMTOOLS_INDEX,1702289538000,1702289553000,2,145.1,,1073741824.0,,,0.01040333886328125,0.01040333886328125,0.0,349.29,
2291,NFCORE_CHIPSEQ:CHIPSEQ:FILTER_BAM_BAMTOOLS:BAM_SORT_SAMTOOLS:SAMTOOLS_INDEX,1702289547000,1702289554000,2,147.7,,1073741824.0,,,0.00493711409296875,0.00493711409296875,0.0,349.29,
2250,NFCORE_CHIPSEQ:CHIPSEQ:UCSC_BEDGRAPHTOBIGWIG,1702289516000,1702289553000,1,95.3,,1073741824.0,,,0.01733720623203125,0.01733720623203125,0.0,349.29,
2280,NFCORE_CHIPSEQ:CHIPSEQ:FILTER_BAM_BAMTOOLS:BAM_SORT_SAMTOOLS:BAM_STATS_SAMTOOLS:SAMTOOLS_IDXSTATS,1702289556000,1702289557000,1,63.4,,1073741824.0,,,0.00032445766406250003,0.00032445766406250003,0.0,349.29,
2293,NFCORE_CHIPSEQ:CHIPSEQ:FILTER_BAM_BAMTOOLS:BAM_SORT_SAMTOOLS:SAMTOOLS_INDEX,1702289545000,1702289556000,2,153.7,,1073741824.0,,,0.008056492099218751,0.008056492099218751,0.0,349.29,
2304,NFCORE_CHIPSEQ:CHIPSEQ:FILTER_BAM_BAMTOOLS:BAM_SORT_SAMTOOLS:BAM_STATS_SAMTOOLS:SAMTOOLS_IDXSTATS,1702289557000,1702289557000,1,36.0,,1073741824.0,,,0.0,0.0,0.0,349.29,
2311,NFCORE_CHIPSEQ:CHIPSEQ:FILTER_BAM_BAMTOOLS:BAM_SORT_SAMTOOLS:BAM_STATS_SAMTOOLS:SAMTOOLS_FLAGSTAT,1702289557000,1702289562000,2,143.0,,1073741824.0,,,0.0034203434921875,0.0034203434921875,0.0,349.29,
1630,NFCORE_CHIPSEQ:CHIPSEQ:FILTER_BAM_BAMTOOLS:BAM_SORT_SAMTOOLS:SAMTOOLS_SORT,1702289532000,1702289560000,5,363.6,,6309281792.0,,,0.052251670674218764,0.052251670674218764,0.0,349.29,
2202,NFCORE_CHIPSEQ:CHIPSEQ:PICARD_COLLECTMULTIPLEMETRICS,1702289464000,1702289562000,2,111.3,,2573205504.0,,,0.058209096635156256,0.058209096635156256,0.0,349.29,
2223,NFCORE_CHIPSEQ:CHIPSEQ:UCSC_BEDGRAPHTOBIGWIG,1702289495000,1702289563000,1,97.4,,1073741824.0,,,0.03250810496875001,0.03250810496875001,0.0,349.29,
2249,NFCORE_CHIPSEQ:CHIPSEQ:UCSC_BEDGRAPHTOBIGWIG,1702289516000,1702289563000,1,98.0,,1073741824.0,,,0.022596237146875003,0.022596237146875003,0.0,349.29,
2278,NFCORE_CHIPSEQ:CHIPSEQ:FILTER_BAM_BAMTOOLS:BAM_SORT_SAMTOOLS:BAM_STATS_SAMTOOLS:SAMTOOLS_FLAGSTAT,1702289559000,1702289567000,2,145.9,,1073741824.0,,,0.00557736084375,0.00557736084375,0.0,349.29,
2306,NFCORE_CHIPSEQ:CHIPSEQ:FILTER_BAM_BAMTOOLS:BAM_SORT_SAMTOOLS:BAM_STATS_SAMTOOLS:SAMTOOLS_FLAGSTAT,1702289557000,1702289569000,2,131.3,,1073741824.0,,,0.007574535571875002,0.007574535571875002,0.0,349.29,
2267,NFCORE_CHIPSEQ:CHIPSEQ:FRIP_SCORE,1702289529000,1702289577000,2,123.9,,1073741824.0,,,0.028693445812500003,0.028693445812500003,0.0,349.29,
2296,NFCORE_CHIPSEQ:CHIPSEQ:UCSC_BEDGRAPHTOBIGWIG,1702289551000,1702289578000,1,100.1,,1073741824.0,,,0.013236972180468752,0.013236972180468752,0.0,349.29,
2316,NFCORE_CHIPSEQ:CHIPSEQ:FILTER_BAM_BAMTOOLS:BAM_SORT_SAMTOOLS:BAM_STATS_SAMTOOLS:SAMTOOLS_FLAGSTAT,1702289570000,1702289581000,2,139.6,,1073741824.0,,,0.007355792709374999,0.007355792709374999,0.0,349.29,
2322,NFCORE_CHIPSEQ:CHIPSEQ:FILTER_BAM_BAMTOOLS:BAM_SORT_SAMTOOLS:SAMTOOLS_INDEX,1702289567000,1702289577000,2,147.8,,1073741824.0,,,0.007057537859375003,0.007057537859375003,0.0,349.29,
2329,NFCORE_CHIPSEQ:CHIPSEQ:MULTIQC_CUSTOM_PEAKS,1702289581000,1702289583000,2,30.7,,1073741824.0,,,0.0003534560109375,0.0003534560109375,0.0,349.29,
2131,NFCORE_CHIPSEQ:CHIPSEQ:MACS2_CALLPEAK,1702289329000,1702289597000,1,96.6,,1892679680.0,,,0.13492577569296876,0.13492577569296876,0.0,349.29,
2206,NFCORE_CHIPSEQ:CHIPSEQ:PICARD_COLLECTMULTIPLEMETRICS,1702289465000,1702289589000,2,108.7,,2573205504.0,,,0.07219581131093751,0.07219581131093751,0.0,349.29,
2209,NFCORE_CHIPSEQ:CHIPSEQ:PICARD_COLLECTMULTIPLEMETRICS,1702289495000,1702289598000,2,114.5,,2573205504.0,,,0.06266799117929688,0.06266799117929688,0.0,349.29,
2301,NFCORE_CHIPSEQ:CHIPSEQ:UCSC_BEDGRAPHTOBIGWIG,1702289553000,1702289598000,1,99.2,,1073741824.0,,,0.021878652375,0.021878652375,0.0,349.29,
2332,NFCORE_CHIPSEQ:CHIPSEQ:FILTER_BAM_BAMTOOLS:BAM_SORT_SAMTOOLS:BAM_STATS_SAMTOOLS:SAMTOOLS_IDXSTATS,1702289604000,1702289605000,1,63.4,,1073741824.0,,,0.00032445766406250003,0.00032445766406250003,0.0,349.29,
1388,NFCORE_CHIPSEQ:CHIPSEQ:FILTER_BAM_BAMTOOLS:BAM_SORT_SAMTOOLS:SAMTOOLS_SORT,1702289563000,1702289600000,5,367.5,,6309281792.0,,,0.06969875847675783,0.06969875847675783,0.0,349.29,
2214,NFCORE_CHIPSEQ:CHIPSEQ:PICARD_COLLECTMULTIPLEMETRICS,1702289486000,1702289602000,2,112.9,,2573205504.0,,,0.0697390534140625,0.0697390534140625,0.0,349.29,
2220,NFCORE_CHIPSEQ:CHIPSEQ:PICARD_COLLECTMULTIPLEMETRICS,1702289490000,1702289602000,2,112.4,,2573205504.0,,,0.06708126578125001,0.06708126578125001,0.0,349.29,
2226,NFCORE_CHIPSEQ:CHIPSEQ:PICARD_COLLECTMULTIPLEMETRICS,1702289517000,1702289602000,2,116.2,,2573205504.0,,,0.052369114888671874,0.052369114888671874,0.0,349.29,
2242,NFCORE_CHIPSEQ:CHIPSEQ:PICARD_COLLECTMULTIPLEMETRICS,1702289531000,1702289613000,2,115.9,,2573205504.0,,,0.050409657113281256,0.050409657113281256,0.0,349.29,
2265,NFCORE_CHIPSEQ:CHIPSEQ:UCSC_BEDGRAPHTOBIGWIG,1702289531000,1702289611000,1,99.3,,1073741824.0,,,0.0389315238125,0.0389315238125,0.0,349.29,
2282,NFCORE_CHIPSEQ:CHIPSEQ:FILTER_BAM_BAMTOOLS:BAM_SORT_SAMTOOLS:BAM_STATS_SAMTOOLS:SAMTOOLS_STATS,1702289567000,1702289607000,2,129.1,,1073741824.0,,,0.02485089196875,0.02485089196875,0.0,349.29,
2305,NFCORE_CHIPSEQ:CHIPSEQ:FILTER_BAM_BAMTOOLS:BAM_SORT_SAMTOOLS:BAM_STATS_SAMTOOLS:SAMTOOLS_STATS,1702289565000,1702289607000,2,129.2,,1073741824.0,,,0.026112411018750004,0.026112411018750004,0.0,349.29,
2309,NFCORE_CHIPSEQ:CHIPSEQ:FILTER_BAM_BAMTOOLS:BAM_SORT_SAMTOOLS:BAM_STATS_SAMTOOLS:SAMTOOLS_IDXSTATS,1702289608000,1702289610000,1,63.6,,1073741824.0,,,0.00065072241875,0.00065072241875,0.0,349.29,
2334,NFCORE_CHIPSEQ:CHIPSEQ:FILTER_BAM_BAMTOOLS:BAM_SORT_SAMTOOLS:BAM_STATS_SAMTOOLS:SAMTOOLS_FLAGSTAT,1702289603000,1702289611000,2,139.0,,1073741824.0,,,0.0053279823375,0.0053279823375,0.0,349.29,
2096,NFCORE_CHIPSEQ:CHIPSEQ:MACS2_CALLPEAK,1702289377000,1702289630000,1,97.3,,1892679680.0,,,0.12817404926347659,0.12817404926347659,0.0,349.29,
2300,NFCORE_CHIPSEQ:CHIPSEQ:UCSC_BEDGRAPHTOBIGWIG,1702289551000,1702289630000,1,99.7,,1073741824.0,,,0.03858763992421876,0.03858763992421876,0.0,349.29,
2341,NFCORE_CHIPSEQ:CHIPSEQ:FILTER_BAM_BAMTOOLS:BAM_SORT_SAMTOOLS:SAMTOOLS_INDEX,1702289615000,1702289630000,2,150.2,,1073741824.0,,,0.0107489449453125,0.0107489449453125,0.0,349.29,
2246,NFCORE_CHIPSEQ:CHIPSEQ:PICARD_COLLECTMULTIPLEMETRICS,1702289518000,1702289646000,2,110.2,,2573205504.0,,,0.07539211195000001,0.07539211195000001,0.0,349.29,
2001,NFCORE_CHIPSEQ:CHIPSEQ:BEDTOOLS_GENOMECOV,1702289219000,1702289647000,2,122.1,,4567597056.0,,,0.30533803884375005,0.30533803884375005,0.0,349.29,
2240,NFCORE_CHIPSEQ:CHIPSEQ:PICARD_COLLECTMULTIPLEMETRICS,1702289515000,1702289651000,2,111.8,,2573205504.0,,,0.081087176246875,0.081087176246875,0.0,349.29,
2270,NFCORE_CHIPSEQ:CHIPSEQ:FILTER_BAM_BAMTOOLS:BAM_SORT_SAMTOOLS:BAM_STATS_SAMTOOLS:SAMTOOLS_STATS,1702289606000,1702289651000,2,129.3,,1073741824.0,,,0.027997913003906257,0.027997913003906257,0.0,349.29,
2320,NFCORE_CHIPSEQ:CHIPSEQ:FILTER_BAM_BAMTOOLS:BAM_SORT_SAMTOOLS:BAM_STATS_SAMTOOLS:SAMTOOLS_IDXSTATS,1702289649000,1702289651000,1,92.1,,1073741824.0,,,0.0009082328328125001,0.0009082328328125001,0.0,349.29,
2338,NFCORE_CHIPSEQ:CHIPSEQ:FRIP_SCORE,1702289611000,1702289660000,2,127.7,,1073741824.0,,,0.030132426619531253,0.030132426619531253,0.0,349.29,
2178,NFCORE_CHIPSEQ:CHIPSEQ:MACS2_CALLPEAK,1702289403000,1702289663000,1,98.9,,1892679680.0,,,0.13359974108203126,0.13359974108203126,0.0,349.29,
2248,NFCORE_CHIPSEQ:CHIPSEQ:FRIP_SCORE,1702289531000,1702289661000,2,128.4,,1073741824.0,,,0.08035428578124999,0.08035428578124999,0.0,349.29,
2354,NFCORE_CHIPSEQ:CHIPSEQ:MULTIQC_CUSTOM_PEAKS,1702289663000,1702289667000,2,107.9,,1073741824.0,,,0.0021019859843750006,0.0021019859843750006,0.0,349.29,
2357,NFCORE_CHIPSEQ:CHIPSEQ:MULTIQC_CUSTOM_PEAKS,1702289675000,1702289680000,2,1.0,,1073741824.0,,,0.00021275763281250004,0.00021275763281250004,0.0,349.29,
2113,NFCORE_CHIPSEQ:CHIPSEQ:MACS2_CALLPEAK,1702289322000,1702289684000,1,97.2,,1892679680.0,,,0.18323173827226563,0.18323173827226563,0.0,349.29,
2109,NFCORE_CHIPSEQ:CHIPSEQ:BEDTOOLS_GENOMECOV,1702289321000,1702289690000,2,121.4,,4567597056.0,,,0.26208011873671877,0.26208011873671877,0.0,349.29,
2120,NFCORE_CHIPSEQ:CHIPSEQ:MACS2_CALLPEAK,1702289328000,1702289691000,1,97.5,,1892679680.0,,,0.18422988371777343,0.18422988371777343,0.0,349.29,
2156,NFCORE_CHIPSEQ:CHIPSEQ:BEDTOOLS_GENOMECOV,1702289356000,1702289689000,2,121.3,,4567597056.0,,,0.23636088637031252,0.23636088637031252,0.0,349.29,
2234,NFCORE_CHIPSEQ:CHIPSEQ:FILTER_BAM_BAMTOOLS:BAM_SORT_SAMTOOLS:BAM_STATS_SAMTOOLS:SAMTOOLS_STATS,1702289654000,1702289692000,2,129.5,,1073741824.0,,,0.023677016814062504,0.023677016814062504,0.0,349.29,
2235,NFCORE_CHIPSEQ:CHIPSEQ:FILTER_BAM_BAMTOOLS:BAM_SORT_SAMTOOLS:BAM_STATS_SAMTOOLS:SAMTOOLS_STATS,1702289650000,1702289689000,2,131.3,,1073741824.0,,,0.024617240608593757,0.024617240608593757,0.0,349.29,
2287,NFCORE_CHIPSEQ:CHIPSEQ:PICARD_COLLECTMULTIPLEMETRICS,1702289561000,1702289689000,2,111.5,,2573205504.0,,,0.07614386165,0.07614386165,0.0,349.29,
2317,NFCORE_CHIPSEQ:CHIPSEQ:FILTER_BAM_BAMTOOLS:BAM_SORT_SAMTOOLS:BAM_STATS_SAMTOOLS:SAMTOOLS_STATS,1702289654000,1702289691000,2,130.1,,1073741824.0,,,0.023154230953906254,0.023154230953906254,0.0,349.29,
2259,NFCORE_CHIPSEQ:CHIPSEQ:FILTER_BAM_BAMTOOLS:BAM_SORT_SAMTOOLS:BAM_STATS_SAMTOOLS:SAMTOOLS_STATS,1702289667000,1702289703000,2,130.9,,1073741824.0,,,0.022658551453125002,0.022658551453125002,0.0,349.29,
2323,NFCORE_CHIPSEQ:CHIPSEQ:PICARD_COLLECTMULTIPLEMETRICS,1702289603000,1702289704000,2,110.4,,2573205504.0,,,0.05958034641210939,0.05958034641210939,0.0,349.29,
1556,NFCORE_CHIPSEQ:CHIPSEQ:FILTER_BAM_BAMTOOLS:BAM_SORT_SAMTOOLS:SAMTOOLS_SORT,1702289692000,1702289702000,5,415.4,,6309281792.0,,,0.021001493314453126,0.021001493314453126,0.0,349.29,
2116,NFCORE_CHIPSEQ:CHIPSEQ:MACS2_CALLPEAK,1702289322000,1702289707000,1,97.7,,1892679680.0,,,0.19574319616113284,0.19574319616113284,0.0,349.29,
2350,NFCORE_CHIPSEQ:CHIPSEQ:FILTER_BAM_BAMTOOLS:BAM_SORT_SAMTOOLS:BAM_STATS_SAMTOOLS:SAMTOOLS_IDXSTATS,1702289707000,1702289708000,1,91.4,,1073741824.0,,,0.00045095400781250004,0.00045095400781250004,0.0,349.29,
2294,NFCORE_CHIPSEQ:CHIPSEQ:PICARD_COLLECTMULTIPLEMETRICS,1702289611000,1702289718000,2,112.1,,2573205504.0,,,0.06394154739335939,0.06394154739335939,0.0,349.29,
2349,NFCORE_CHIPSEQ:CHIPSEQ:FILTER_BAM_BAMTOOLS:BAM_SORT_SAMTOOLS:BAM_STATS_SAMTOOLS:SAMTOOLS_FLAGSTAT,1702289708000,1702289720000,2,145.0,,1073741824.0,,,0.00831724981875,0.00831724981875,0.0,349.29,
2161,NFCORE_CHIPSEQ:CHIPSEQ:BEDTOOLS_GENOMECOV,1702289356000,1702289721000,2,121.4,,4567597056.0,,,0.25923914183984376,0.25923914183984376,0.0,349.29,
2253,NFCORE_CHIPSEQ:CHIPSEQ:FILTER_BAM_BAMTOOLS:BAM_SORT_SAMTOOLS:BAM_STATS_SAMTOOLS:SAMTOOLS_STATS,1702289693000,1702289724000,2,129.2,,1073741824.0,,,0.019273446228124998,0.019273446228124998,0.0,349.29,
2367,NFCORE_CHIPSEQ:CHIPSEQ:FILTER_BAM_BAMTOOLS:BAM_SORT_SAMTOOLS:SAMTOOLS_INDEX,1702289720000,1702289728000,2,141.5,,1073741824.0,,,0.005418336868750001,0.005418336868750001,0.0,349.29,
2163,NFCORE_CHIPSEQ:CHIPSEQ:BEDTOOLS_GENOMECOV,1702289358000,1702289728000,2,122.2,,4567597056.0,,,0.26412761002343754,0.26412761002343754,0.0,349.29,
1631,NFCORE_CHIPSEQ:CHIPSEQ:FILTER_BAM_BAMTOOLS:BAM_SORT_SAMTOOLS:SAMTOOLS_SORT,1702289706000,1702289731000,5,409.4,,6309281792.0,,,0.051826074301757806,0.051826074301757806,0.0,349.29,
2292,NFCORE_CHIPSEQ:CHIPSEQ:PICARD_COLLECTMULTIPLEMETRICS,1702289654000,1702289735000,2,115.2,,2573205504.0,,,0.049538750101171876,0.049538750101171876,0.0,349.29,
2375,NFCORE_CHIPSEQ:CHIPSEQ:FILTER_BAM_BAMTOOLS:BAM_SORT_SAMTOOLS:BAM_STATS_SAMTOOLS:SAMTOOLS_FLAGSTAT,1702289731000,1702289735000,2,134.0,,1073741824.0,,,0.0025736366375,0.0025736366375,0.0,349.29,
2376,NFCORE_CHIPSEQ:CHIPSEQ:FILTER_BAM_BAMTOOLS:BAM_SORT_SAMTOOLS:BAM_STATS_SAMTOOLS:SAMTOOLS_IDXSTATS,1702289735000,1702289736000,1,73.3,,1073741824.0,,,0.00036918315703125007,0.00036918315703125007,0.0,349.29,
2155,NFCORE_CHIPSEQ:CHIPSEQ:BEDTOOLS_GENOMECOV,1702289354000,1702289746000,2,122.4,,4567597056.0,,,0.28018668470625,0.28018668470625,0.0,349.29,
2164,NFCORE_CHIPSEQ:CHIPSEQ:BEDTOOLS_GENOMECOV,1702289360000,1702289746000,2,122.0,,4567597056.0,,,0.2752005760203125,0.2752005760203125,0.0,349.29,
2378,NFCORE_CHIPSEQ:CHIPSEQ:FILTER_BAM_BAMTOOLS:BAM_SORT_SAMTOOLS:SAMTOOLS_INDEX,1702289739000,1702289748000,2,148.6,,1073741824.0,,,0.0063843117046875,0.0063843117046875,0.0,349.29,
1948,NFCORE_CHIPSEQ:CHIPSEQ:PHANTOMPEAKQUALTOOLS,1702289144000,1702289753000,1,18.6,,4294967296.0,,,0.1438244326640625,0.1438244326640625,0.0,349.29,
2147,NFCORE_CHIPSEQ:CHIPSEQ:MACS2_CALLPEAK,1702289376000,1702289748000,1,97.4,,1892679680.0,,,0.18862950735703124,0.18862950735703124,0.0,349.29,
2171,NFCORE_CHIPSEQ:CHIPSEQ:BEDTOOLS_GENOMECOV,1702289388000,1702289754000,2,122.3,,4567597056.0,,,0.2614375251937501,0.2614375251937501,0.0,349.29,
2353,NFCORE_CHIPSEQ:CHIPSEQ:UCSC_BEDGRAPHTOBIGWIG,1702289664000,1702289751000,1,101.4,,1073741824.0,,,0.043163420789062504,0.043163420789062504,0.0,349.29,
2374,NFCORE_CHIPSEQ:CHIPSEQ:FILTER_BAM_BAMTOOLS:BAM_SORT_SAMTOOLS:BAM_STATS_SAMTOOLS:SAMTOOLS_STATS,1702289735000,1702289753000,2,124.8,,1073741824.0,,,0.010833229350000001,0.010833229350000001,0.0,349.29,
2190,NFCORE_CHIPSEQ:CHIPSEQ:BEDTOOLS_GENOMECOV,1702289430000,1702289759000,2,122.6,,4567597056.0,,,0.23545394821484375,0.23545394821484375,0.0,349.29,
2348,NFCORE_CHIPSEQ:CHIPSEQ:FILTER_BAM_BAMTOOLS:BAM_SORT_SAMTOOLS:BAM_STATS_SAMTOOLS:SAMTOOLS_STATS,1702289722000,1702289765000,2,128.4,,1073741824.0,,,0.026578725296875008,0.026578725296875008,0.0,349.29,
2386,NFCORE_CHIPSEQ:CHIPSEQ:FILTER_BAM_BAMTOOLS:BAM_SORT_SAMTOOLS:BAM_STATS_SAMTOOLS:SAMTOOLS_IDXSTATS,1702289763000,1702289766000,1,71.9,,1073741824.0,,,0.0010885750195312501,0.0010885750195312501,0.0,349.29,
2143,NFCORE_CHIPSEQ:CHIPSEQ:MACS2_CALLPEAK,1702289434000,1702289766000,1,97.7,,1892679680.0,,,0.16879673019609376,0.16879673019609376,0.0,349.29,
2260,NFCORE_CHIPSEQ:CHIPSEQ:FILTER_BAM_BAMTOOLS:BAM_SORT_SAMTOOLS:BAM_STATS_SAMTOOLS:SAMTOOLS_STATS,1702289738000,1702289766000,2,128.1,,1073741824.0,,,0.017269128034375,0.017269128034375,0.0,349.29,
2269,NFCORE_CHIPSEQ:CHIPSEQ:MULTIQC_CUSTOM_PEAKS,1702289769000,1702289769000,2,103.2,,1073741824.0,,,0.0,0.0,0.0,349.29,
2340,NFCORE_CHIPSEQ:CHIPSEQ:PICARD_COLLECTMULTIPLEMETRICS,1702289634000,1702289769000,2,109.7,,2573205504.0,,,0.07921017152929688,0.07921017152929688,0.0,349.29,
2361,NFCORE_CHIPSEQ:CHIPSEQ:UCSC_BEDGRAPHTOBIGWIG,1702289694000,1702289769000,1,98.6,,1073741824.0,,,0.0362611229296875,0.0362611229296875,0.0,349.29,
2364,NFCORE_CHIPSEQ:CHIPSEQ:UCSC_BEDGRAPHTOBIGWIG,1702289695000,1702289769000,1,97.6,,1073741824.0,,,0.035443329525,0.035443329525,0.0,349.29,
2384,NFCORE_CHIPSEQ:CHIPSEQ:FILTER_BAM_BAMTOOLS:BAM_SORT_SAMTOOLS:BAM_STATS_SAMTOOLS:SAMTOOLS_FLAGSTAT,1702289758000,1702289767000,2,136.1,,1073741824.0,,,0.00587606746640625,0.00587606746640625,0.0,349.29,
2276,NFCORE_CHIPSEQ:CHIPSEQ:MACS2_CALLPEAK,1702289534000,1702289785000,1,98.0,,1892679680.0,,,0.12795458022949222,0.12795458022949222,0.0,349.29,
2333,NFCORE_CHIPSEQ:CHIPSEQ:FILTER_BAM_BAMTOOLS:BAM_SORT_SAMTOOLS:BAM_STATS_SAMTOOLS:SAMTOOLS_STATS,1702289749000,1702289778000,2,127.1,,1073741824.0,,,0.01775486853671875,0.01775486853671875,0.0,349.29,
2365,NFCORE_CHIPSEQ:CHIPSEQ:PICARD_COLLECTMULTIPLEMETRICS,1702289725000,1702289785000,2,121.0,,2573205504.0,,,0.0382675392890625,0.0382675392890625,0.0,349.29,
1608,NFCORE_CHIPSEQ:CHIPSEQ:PHANTOMPEAKQUALTOOLS,1702288985000,1702289785000,1,16.4,,4294967296.0,,,0.1809807325,0.1809807325,0.0,349.29,
2047,NFCORE_CHIPSEQ:CHIPSEQ:PHANTOMPEAKQUALTOOLS,1702289280000,1702289787000,1,18.8,,4294967296.0,,,0.12019370890312502,0.12019370890312502,0.0,349.29,
2279,NFCORE_CHIPSEQ:CHIPSEQ:FILTER_BAM_BAMTOOLS:BAM_SORT_SAMTOOLS:BAM_STATS_SAMTOOLS:SAMTOOLS_STATS,1702289760000,1702289791000,2,127.7,,1073741824.0,,,0.01906337194296875,0.01906337194296875,0.0,349.29,
2321,NFCORE_CHIPSEQ:CHIPSEQ:BEDTOOLS_GENOMECOV,1702289581000,1702289791000,2,121.0,,4567597056.0,,,0.14877179805468752,0.14877179805468752,0.0,349.29,
2286,NFCORE_CHIPSEQ:CHIPSEQ:BEDTOOLS_GENOMECOV,1702289550000,1702289798000,2,123.2,,4567597056.0,,,0.17815728074375003,0.17815728074375003,0.0,349.29,
2313,NFCORE_CHIPSEQ:CHIPSEQ:MACS2_CALLPEAK,1702289610000,1702289798000,1,99.0,,1892679680.0,,,0.09668782296484377,0.09668782296484377,0.0,349.29,
2133,NFCORE_CHIPSEQ:CHIPSEQ:PHANTOMPEAKQUALTOOLS,1702289358000,1702289807000,1,20.0,,4294967296.0,,,0.10887788933125002,0.10887788933125002,0.0,349.29,
2263,NFCORE_CHIPSEQ:CHIPSEQ:BEDTOOLS_GENOMECOV,1702289519000,1702289805000,2,121.2,,4567597056.0,,,0.20287143416718748,0.20287143416718748,0.0,349.29,
2310,NFCORE_CHIPSEQ:CHIPSEQ:FILTER_BAM_BAMTOOLS:BAM_SORT_SAMTOOLS:BAM_STATS_SAMTOOLS:SAMTOOLS_STATS,1702289781000,1702289805000,2,127.8,,1073741824.0,,,0.014769582112500002,0.014769582112500002,0.0,349.29,
2356,NFCORE_CHIPSEQ:CHIPSEQ:FRIP_SCORE,1702289707000,1702289805000,2,128.6,,1073741824.0,,,0.060663316721875006,0.060663316721875006,0.0,349.29,
2371,NFCORE_CHIPSEQ:CHIPSEQ:UCSC_BEDGRAPHTOBIGWIG,1702289729000,1702289806000,1,99.1,,1073741824.0,,,0.037402018680468746,0.037402018680468746,0.0,349.29,
2359,NFCORE_CHIPSEQ:CHIPSEQ:FRIP_SCORE,1702289703000,1702289822000,2,125.9,,1073741824.0,,,0.07221105333203125,0.07221105333203125,0.0,349.29,
2102,NFCORE_CHIPSEQ:CHIPSEQ:PHANTOMPEAKQUALTOOLS,1702289313000,1702289827000,1,18.4,,4294967296.0,,,0.1209243435375,0.1209243435375,0.0,349.29,
2254,NFCORE_CHIPSEQ:CHIPSEQ:MACS2_CALLPEAK,1702289551000,1702289829000,1,97.0,,1892679680.0,,,0.14046269075585938,0.14046269075585938,0.0,349.29,
2377,NFCORE_CHIPSEQ:CHIPSEQ:UCSC_BEDGRAPHTOBIGWIG,1702289755000,1702289832000,1,100.8,,1073741824.0,,,0.0379933890875,0.0379933890875,0.0,349.29,
2408,NFCORE_CHIPSEQ:CHIPSEQ:MULTIQC_CUSTOM_PEAKS,1702289823000,1702289829000,2,1.3,,1073741824.0,,,0.00026344106718750003,0.00026344106718750003,0.0,349.29,
2410,NFCORE_CHIPSEQ:CHIPSEQ:MULTIQC_CUSTOM_PEAKS,1702289828000,1702289829000,2,31.4,,1073741824.0,,,0.00017989041406249999,0.00017989041406249999,0.0,349.29,
1728,NFCORE_CHIPSEQ:CHIPSEQ:FILTER_BAM_BAMTOOLS:BAM_SORT_SAMTOOLS:SAMTOOLS_SORT,1702289802000,1702289833000,5,414.6,,6309281792.0,,,0.06499258965605469,0.06499258965605469,0.0,349.29,
2363,NFCORE_CHIPSEQ:CHIPSEQ:FRIP_SCORE,1702289727000,1702289835000,2,127.5,,1073741824.0,,,0.066316745165625,0.066316745165625,0.0,349.29,
2380,NFCORE_CHIPSEQ:CHIPSEQ:PICARD_COLLECTMULTIPLEMETRICS,1702289751000,1702289841000,2,114.0,,2573205504.0,,,0.054555141199218754,0.054555141199218754,0.0,349.29,
2382,NFCORE_CHIPSEQ:CHIPSEQ:UCSC_BEDGRAPHTOBIGWIG,1702289769000,1702289846000,1,100.2,,1073741824.0,,,0.0377846701203125,0.0377846701203125,0.0,349.29,
2385,NFCORE_CHIPSEQ:CHIPSEQ:FILTER_BAM_BAMTOOLS:BAM_SORT_SAMTOOLS:BAM_STATS_SAMTOOLS:SAMTOOLS_STATS,1702289809000,1702289838000,2,128.0,,1073741824.0,,,0.0178727812,0.0178727812,0.0,349.29,
2390,NFCORE_CHIPSEQ:CHIPSEQ:UCSC_BEDGRAPHTOBIGWIG,1702289763000,1702289836000,1,100.5,,1073741824.0,,,0.035920768325781255,0.035920768325781255,0.0,349.29,
2392,NFCORE_CHIPSEQ:CHIPSEQ:UCSC_BEDGRAPHTOBIGWIG,1702289769000,1702289835000,1,100.8,,1073741824.0,,,0.032565762075000004,0.032565762075000004,0.0,349.29,
2402,NFCORE_CHIPSEQ:CHIPSEQ:UCSC_BEDGRAPHTOBIGWIG,1702289795000,1702289841000,1,99.7,,1073741824.0,,,0.022468752360937504,0.022468752360937504,0.0,349.29,
1521,NFCORE_CHIPSEQ:CHIPSEQ:FILTER_BAM_BAMTOOLS:BAM_SORT_SAMTOOLS:SAMTOOLS_SORT,1702289836000,1702289843000,5,422.1,,6309281792.0,,,0.014912926695898438,0.014912926695898438,0.0,349.29,
2285,NFCORE_CHIPSEQ:CHIPSEQ:BEDTOOLS_GENOMECOV,1702289540000,1702289850000,2,121.8,,4567597056.0,,,0.22073590760156253,0.22073590760156253,0.0,349.29,
2336,NFCORE_CHIPSEQ:CHIPSEQ:MACS2_CALLPEAK,1702289601000,1702289857000,1,96.8,,1892679680.0,,,0.12911563065,0.12911563065,0.0,349.29,
2369,NFCORE_CHIPSEQ:CHIPSEQ:FRIP_SCORE,1702289749000,1702289859000,2,127.1,,1073741824.0,,,0.0673460530703125,0.0673460530703125,0.0,349.29,
2383,NFCORE_CHIPSEQ:CHIPSEQ:UCSC_BEDGRAPHTOBIGWIG,1702289767000,1702289849000,1,99.1,,1073741824.0,,,0.0398307211921875,0.0398307211921875,0.0,349.29,
2403,NFCORE_CHIPSEQ:CHIPSEQ:UCSC_BEDGRAPHTOBIGWIG,1702289811000,1702289862000,1,98.6,,1073741824.0,,,0.0246575635921875,0.0246575635921875,0.0,349.29,
2417,NFCORE_CHIPSEQ:CHIPSEQ:FILTER_BAM_BAMTOOLS:BAM_SORT_SAMTOOLS:SAMTOOLS_INDEX,1702289839000,1702289850000,2,150.9,,1073741824.0,,,0.007917346121093752,0.007917346121093752,0.0,349.29,
1566,NFCORE_CHIPSEQ:CHIPSEQ:FILTER_BAM_BAMTOOLS:BAM_SORT_SAMTOOLS:SAMTOOLS_SORT,1702289842000,1702289855000,5,429.6,,6309281792.0,,,0.028135913632226568,0.028135913632226568,0.0,349.29,
2308,NFCORE_CHIPSEQ:CHIPSEQ:MACS2_CALLPEAK,1702289601000,1702289869000,1,97.4,,1892679680.0,,,0.13589437626796877,0.13589437626796877,0.0,349.29,
2319,NFCORE_CHIPSEQ:CHIPSEQ:MACS2_CALLPEAK,1702289611000,1702289869000,1,97.0,,1892679680.0,,,0.13035746120507816,0.13035746120507816,0.0,349.29,
2346,NFCORE_CHIPSEQ:CHIPSEQ:FRIP_SCORE,1702289771000,1702289861000,2,127.8,,1073741824.0,,,0.055385932921875006,0.055385932921875006,0.0,349.29,
2389,NFCORE_CHIPSEQ:CHIPSEQ:FRIP_SCORE,1702289771000,1702289871000,2,127.2,,1073741824.0,,,0.061268861875,0.061268861875,0.0,349.29,
2418,NFCORE_CHIPSEQ:CHIPSEQ:MULTIQC_CUSTOM_PEAKS,1702289867000,1702289867000,2,86.5,,1073741824.0,,,0.0,0.0,0.0,349.29,
2423,NFCORE_CHIPSEQ:CHIPSEQ:FILTER_BAM_BAMTOOLS:BAM_SORT_SAMTOOLS:SAMTOOLS_INDEX,1702289853000,1702289859000,2,136.3,,1073741824.0,,,0.003922799582812501,0.003922799582812501,0.0,349.29,
2429,NFCORE_CHIPSEQ:CHIPSEQ:MULTIQC_CUSTOM_PEAKS,1702289863000,1702289864000,2,24.1,,1073741824.0,,,0.00014691101015625,0.00014691101015625,0.0,349.29,
2432,NFCORE_CHIPSEQ:CHIPSEQ:FILTER_BAM_BAMTOOLS:BAM_SORT_SAMTOOLS:BAM_STATS_SAMTOOLS:SAMTOOLS_IDXSTATS,1702289865000,1702289867000,1,34.9,,1073741824.0,,,0.00039140491406250004,0.00039140491406250004,0.0,349.29,
1665,NFCORE_CHIPSEQ:CHIPSEQ:FILTER_BAM_BAMTOOLS:BAM_SORT_SAMTOOLS:SAMTOOLS_SORT,1702289845000,1702289874000,5,395.0,,6309281792.0,,,0.05823164357753906,0.05823164357753906,0.0,349.29,
2394,NFCORE_CHIPSEQ:CHIPSEQ:FRIP_SCORE,1702289773000,1702289877000,2,127.1,,1073741824.0,,,0.06367263199374999,0.06367263199374999,0.0,349.29,
2399,NFCORE_CHIPSEQ:CHIPSEQ:FRIP_SCORE,1702289795000,1702289874000,2,128.1,,1073741824.0,,,0.048723611239843756,0.048723611239843756,0.0,349.29,
2405,NFCORE_CHIPSEQ:CHIPSEQ:FRIP_SCORE,1702289809000,1702289876000,2,123.3,,1073741824.0,,,0.03986965550546875,0.03986965550546875,0.0,349.29,
2407,NFCORE_CHIPSEQ:CHIPSEQ:UCSC_BEDGRAPHTOBIGWIG,1702289817000,1702289879000,1,100.0,,1073741824.0,,,0.030368000287500002,0.030368000287500002,0.0,349.29,
2434,NFCORE_CHIPSEQ:CHIPSEQ:FILTER_BAM_BAMTOOLS:BAM_SORT_SAMTOOLS:BAM_STATS_SAMTOOLS:SAMTOOLS_FLAGSTAT,1702289871000,1702289883000,2,128.9,,1073741824.0,,,0.007444425046875001,0.007444425046875001,0.0,349.29,
2437,NFCORE_CHIPSEQ:CHIPSEQ:FILTER_BAM_BAMTOOLS:BAM_SORT_SAMTOOLS:SAMTOOLS_INDEX,1702289878000,1702289884000,2,152.0,,1073741824.0,,,0.004348369425,0.004348369425,0.0,349.29,
2442,NFCORE_CHIPSEQ:CHIPSEQ:MULTIQC_CUSTOM_PEAKS,1702289881000,1702289882000,2,67.0,,1073741824.0,,,0.0003407214796875,0.0003407214796875,0.0,349.29,
1748,NFCORE_CHIPSEQ:CHIPSEQ:FILTER_BAM_BAMTOOLS:BAM_SORT_SAMTOOLS:SAMTOOLS_SORT,1702289860000,1702289884000,5,408.0,,6309281792.0,,,0.04960123571718751,0.04960123571718751,0.0,349.29,
1877,NFCORE_CHIPSEQ:CHIPSEQ:FILTER_BAM_BAMTOOLS:BAM_SORT_SAMTOOLS:SAMTOOLS_SORT,1702289850000,1702289881000,5,419.6,,6309281792.0,,,0.06569283727324221,0.06569283727324221,0.0,349.29,
2274,NFCORE_CHIPSEQ:CHIPSEQ:MACS2_CALLPEAK,1702289532000,1702289887000,1,97.3,,1892679680.0,,,0.17984896240527345,0.17984896240527345,0.0,349.29,
2327,NFCORE_CHIPSEQ:CHIPSEQ:BEDTOOLS_GENOMECOV,1702289616000,1702289884000,2,123.0,,4567597056.0,,,0.192282653240625,0.192282653240625,0.0,349.29,
2381,NFCORE_CHIPSEQ:CHIPSEQ:BEDTOOLS_GENOMECOV,1702289751000,1702289885000,2,121.4,,4567597056.0,,,0.09517272604531249,0.09517272604531249,0.0,349.29,
2446,NFCORE_CHIPSEQ:CHIPSEQ:FILTER_BAM_BAMTOOLS:BAM_SORT_SAMTOOLS:BAM_STATS_SAMTOOLS:SAMTOOLS_IDXSTATS,1702289884000,1702289885000,1,61.5,,1073741824.0,,,0.00031587398359375006,0.00031587398359375006,0.0,349.29,
2444,NFCORE_CHIPSEQ:CHIPSEQ:FILTER_BAM_BAMTOOLS:BAM_SORT_SAMTOOLS:BAM_STATS_SAMTOOLS:SAMTOOLS_FLAGSTAT,1702289885000,1702289887000,2,132.3,,1073741824.0,,,0.0012714580484375002,0.0012714580484375002,0.0,349.29,
2454,NFCORE_CHIPSEQ:CHIPSEQ:MULTIQC_CUSTOM_PEAKS,1702289885000,1702289887000,2,1.9,,1073741824.0,,,9.32349609375e-05,9.32349609375e-05,0.0,349.29,
1769,NFCORE_CHIPSEQ:CHIPSEQ:FILTER_BAM_BAMTOOLS:BAM_SORT_SAMTOOLS:SAMTOOLS_SORT,1702289871000,1702289891000,5,415.6,,6309281792.0,,,0.04202105753515626,0.04202105753515626,0.0,349.29,
2459,NFCORE_CHIPSEQ:CHIPSEQ:FILTER_BAM_BAMTOOLS:BAM_SORT_SAMTOOLS:BAM_STATS_SAMTOOLS:SAMTOOLS_FLAGSTAT,1702289887000,1702289895000,2,137.5,,1073741824.0,,,0.005273769618750001,0.005273769618750001,0.0,349.29,
2460,NFCORE_CHIPSEQ:CHIPSEQ:FILTER_BAM_BAMTOOLS:BAM_SORT_SAMTOOLS:SAMTOOLS_INDEX,1702289888000,1702289895000,2,146.8,,1073741824.0,,,0.004908652415625,0.004908652415625,0.0,349.29,
2225,NFCORE_CHIPSEQ:CHIPSEQ:HOMER_ANNOTATEPEAKS_MACS2,1702289498000,1702289904000,1,101.0,,4807720960.0,,,0.25439481245117196,0.25439481245117196,0.0,349.29,
2264,NFCORE_CHIPSEQ:CHIPSEQ:BEDTOOLS_GENOMECOV,1702289524000,1702289902000,2,122.1,,4567597056.0,,,0.269667707203125,0.269667707203125,0.0,349.29,
2344,NFCORE_CHIPSEQ:CHIPSEQ:BEDTOOLS_GENOMECOV,1702289634000,1702289903000,2,122.1,,4567597056.0,,,0.19190638422656253,0.19190638422656253,0.0,349.29,
2451,NFCORE_CHIPSEQ:CHIPSEQ:FILTER_BAM_BAMTOOLS:BAM_SORT_SAMTOOLS:SAMTOOLS_INDEX,1702289889000,1702289900000,2,143.3,,1073741824.0,,,0.007539664180468751,0.007539664180468751,0.0,349.29,
2457,NFCORE_CHIPSEQ:CHIPSEQ:FILTER_BAM_BAMTOOLS:BAM_SORT_SAMTOOLS:BAM_STATS_SAMTOOLS:SAMTOOLS_IDXSTATS,1702289898000,1702289900000,1,89.9,,1073741824.0,,,0.0008883548359375003,0.0008883548359375003,0.0,349.29,
2465,NFCORE_CHIPSEQ:CHIPSEQ:FILTER_BAM_BAMTOOLS:BAM_SORT_SAMTOOLS:SAMTOOLS_INDEX,1702289890000,1702289902000,2,138.4,,1073741824.0,,,0.007959445875,0.007959445875,0.0,349.29,
2472,NFCORE_CHIPSEQ:CHIPSEQ:FILTER_BAM_BAMTOOLS:BAM_SORT_SAMTOOLS:SAMTOOLS_INDEX,1702289894000,1702289903000,2,138.7,,1073741824.0,,,0.00598178226796875,0.00598178226796875,0.0,349.29,
1795,NFCORE_CHIPSEQ:CHIPSEQ:FILTER_BAM_BAMTOOLS:BAM_SORT_SAMTOOLS:SAMTOOLS_SORT,1702289878000,1702289902000,5,420.9,,6309281792.0,,,0.05099992386093751,0.05099992386093751,0.0,349.29,
2247,NFCORE_CHIPSEQ:CHIPSEQ:HOMER_ANNOTATEPEAKS_MACS2,1702289511000,1702289912000,1,101.2,,4807720960.0,,,0.25162419308144535,0.25162419308144535,0.0,349.29,
2425,NFCORE_CHIPSEQ:CHIPSEQ:PICARD_COLLECTMULTIPLEMETRICS,1702289875000,1702289925000,2,120.7,,2573205504.0,,,0.03182185017578124,0.03182185017578124,0.0,349.29,
2458,NFCORE_CHIPSEQ:CHIPSEQ:FILTER_BAM_BAMTOOLS:BAM_SORT_SAMTOOLS:BAM_STATS_SAMTOOLS:SAMTOOLS_STATS,1702289899000,1702289925000,2,126.7,,1073741824.0,,,0.0158711736421875,0.0158711736421875,0.0,349.29,
1860,NFCORE_CHIPSEQ:CHIPSEQ:FILTER_BAM_BAMTOOLS:BAM_SORT_SAMTOOLS:SAMTOOLS_SORT,1702289894000,1702289922000,5,422.8,,6309281792.0,,,0.05974025422421876,0.05974025422421876,0.0,349.29,
2413,NFCORE_CHIPSEQ:CHIPSEQ:FRIP_SCORE,1702289834000,1702289928000,2,123.8,,1073741824.0,,,0.05614886475312501,0.05614886475312501,0.0,349.29,
2426,NFCORE_CHIPSEQ:CHIPSEQ:UCSC_BEDGRAPHTOBIGWIG,1702289863000,1702289931000,1,98.5,,1073741824.0,,,0.032846030915625005,0.032846030915625005,0.0,349.29,
2433,NFCORE_CHIPSEQ:CHIPSEQ:FILTER_BAM_BAMTOOLS:BAM_SORT_SAMTOOLS:BAM_STATS_SAMTOOLS:SAMTOOLS_STATS,1702289887000,1702289928000,2,128.4,,1073741824.0,,,0.025342505515625,0.025342505515625,0.0,349.29,
2469,NFCORE_CHIPSEQ:CHIPSEQ:UCSC_BEDGRAPHTOBIGWIG,1702289903000,1702289933000,1,97.8,,1073741824.0,,,0.014396023734375003,0.014396023734375003,0.0,349.29,
2476,NFCORE_CHIPSEQ:CHIPSEQ:FILTER_BAM_BAMTOOLS:BAM_SORT_SAMTOOLS:BAM_STATS_SAMTOOLS:SAMTOOLS_IDXSTATS,1702289931000,1702289932000,1,61.5,,1073741824.0,,,0.00031587398359375006,0.00031587398359375006,0.0,349.29,
2475,NFCORE_CHIPSEQ:CHIPSEQ:FILTER_BAM_BAMTOOLS:BAM_SORT_SAMTOOLS:BAM_STATS_SAMTOOLS:SAMTOOLS_FLAGSTAT,1702289925000,1702289932000,2,135.1,,1073741824.0,,,0.004538650610156249,0.004538650610156249,0.0,349.29,
2485,NFCORE_CHIPSEQ:CHIPSEQ:FILTER_BAM_BAMTOOLS:BAM_SORT_SAMTOOLS:BAM_STATS_SAMTOOLS:SAMTOOLS_IDXSTATS,1702289934000,1702289937000,1,102.6,,1073741824.0,,,0.0015046576359375,0.0015046576359375,0.0,349.29,
2488,NFCORE_CHIPSEQ:CHIPSEQ:FILTER_BAM_BAMTOOLS:BAM_SORT_SAMTOOLS:BAM_STATS_SAMTOOLS:SAMTOOLS_IDXSTATS,1702289929000,1702289930000,1,69.9,,1073741824.0,,,0.0003538228867187501,0.0003538228867187501,0.0,349.29,
2493,NFCORE_CHIPSEQ:CHIPSEQ:FILTER_BAM_BAMTOOLS:BAM_SORT_SAMTOOLS:BAM_STATS_SAMTOOLS:SAMTOOLS_FLAGSTAT,1702289925000,1702289932000,2,135.1,,1073741824.0,,,0.004538650610156249,0.004538650610156249,0.0,349.29,
2492,NFCORE_CHIPSEQ:CHIPSEQ:FILTER_BAM_BAMTOOLS:BAM_SORT_SAMTOOLS:BAM_STATS_SAMTOOLS:SAMTOOLS_IDXSTATS,1702289930000,1702289932000,1,58.4,,1073741824.0,,,0.0006037380625,0.0006037380625,0.0,349.29,
1812,NFCORE_CHIPSEQ:CHIPSEQ:FILTER_BAM_BAMTOOLS:BAM_SORT_SAMTOOLS:SAMTOOLS_SORT,1702289907000,1702289932000,5,409.7,,6309281792.0,,,0.05185995725097656,0.05185995725097656,0.0,349.29,
2266,NFCORE_CHIPSEQ:CHIPSEQ:HOMER_ANNOTATEPEAKS_MACS2,1702289528000,1702289942000,1,100.5,,4807720960.0,,,0.2584723487167969,0.2584723487167969,0.0,349.29,
2299,NFCORE_CHIPSEQ:CHIPSEQ:BEDTOOLS_GENOMECOV,1702289606000,1702289940000,2,123.2,,4567597056.0,,,0.23993762809843755,0.23993762809843755,0.0,349.29,
2303,NFCORE_CHIPSEQ:CHIPSEQ:BEDTOOLS_GENOMECOV,1702289557000,1702289942000,2,120.8,,4567597056.0,,,0.27240043148828125,0.27240043148828125,0.0,349.29,
2486,NFCORE_CHIPSEQ:CHIPSEQ:FILTER_BAM_BAMTOOLS:BAM_SORT_SAMTOOLS:BAM_STATS_SAMTOOLS:SAMTOOLS_FLAGSTAT,1702289933000,1702289940000,2,148.9,,1073741824.0,,,0.004975062996093751,0.004975062996093751,0.0,349.29,
2487,NFCORE_CHIPSEQ:CHIPSEQ:FILTER_BAM_BAMTOOLS:BAM_SORT_SAMTOOLS:BAM_STATS_SAMTOOLS:SAMTOOLS_FLAGSTAT,1702289929000,1702289940000,2,145.7,,1073741824.0,,,0.00765893216171875,0.00765893216171875,0.0,349.29,
2496,NFCORE_CHIPSEQ:CHIPSEQ:FILTER_BAM_BAMTOOLS:BAM_SORT_SAMTOOLS:SAMTOOLS_INDEX,1702289937000,1702289945000,2,139.8,,1073741824.0,,,0.005356895787500001,0.005356895787500001,0.0,349.29,
2298,NFCORE_CHIPSEQ:CHIPSEQ:BEDTOOLS_GENOMECOV,1702289584000,1702289947000,2,122.9,,4567597056.0,,,0.26027855550468754,0.26027855550468754,0.0,349.29,
2331,NFCORE_CHIPSEQ:CHIPSEQ:BEDTOOLS_GENOMECOV,1702289605000,1702289951000,2,123.0,,4567597056.0,,,0.24824551500468756,0.24824551500468756,0.0,349.29,
2428,NFCORE_CHIPSEQ:CHIPSEQ:FRIP_SCORE,1702289862000,1702289948000,2,123.9,,1073741824.0,,,0.05140909041406251,0.05140909041406251,0.0,349.29,
2500,NFCORE_CHIPSEQ:CHIPSEQ:FILTER_BAM_BAMTOOLS:BAM_SORT_SAMTOOLS:SAMTOOLS_INDEX,1702289936000,1702289948000,2,147.1,,1073741824.0,,,0.008431096528125,0.008431096528125,0.0,349.29,
2513,NFCORE_CHIPSEQ:CHIPSEQ:FILTER_BAM_BAMTOOLS:BAM_SORT_SAMTOOLS:BAM_STATS_SAMTOOLS:SAMTOOLS_IDXSTATS,1702289949000,1702289951000,1,31.4,,1073741824.0,,,0.00035978082812499997,0.00035978082812499997,0.0,349.29,
2284,NFCORE_CHIPSEQ:CHIPSEQ:MACS2_CALLPEAK,1702289593000,1702289959000,1,98.3,,1892679680.0,,,0.1870752350777344,0.1870752350777344,0.0,349.29,
2438,NFCORE_CHIPSEQ:CHIPSEQ:PICARD_COLLECTMULTIPLEMETRICS,1702289884000,1702289959000,2,116.9,,2573205504.0,,,0.04644522319335937,0.04644522319335937,0.0,349.29,
2468,NFCORE_CHIPSEQ:CHIPSEQ:UCSC_BEDGRAPHTOBIGWIG,1702289898000,1702289953000,1,100.3,,1073741824.0,,,0.027013897582031248,0.027013897582031248,0.0,349.29,
2506,NFCORE_CHIPSEQ:CHIPSEQ:FILTER_BAM_BAMTOOLS:BAM_SORT_SAMTOOLS:SAMTOOLS_INDEX,1702289947000,1702289956000,2,137.3,,1073741824.0,,,0.005924858913281251,0.005924858913281251,0.0,349.29,
2514,NFCORE_CHIPSEQ:CHIPSEQ:FILTER_BAM_BAMTOOLS:BAM_SORT_SAMTOOLS:BAM_STATS_SAMTOOLS:SAMTOOLS_FLAGSTAT,1702289949000,1702289957000,2,125.9,,1073741824.0,,,0.00485452459375,0.00485452459375,0.0,349.29,
2521,NFCORE_CHIPSEQ:CHIPSEQ:FILTER_BAM_BAMTOOLS:BAM_SORT_SAMTOOLS:BAM_STATS_SAMTOOLS:SAMTOOLS_IDXSTATS,1702289956000,1702289958000,1,50.8,,1073741824.0,,,0.00053506861875,0.00053506861875,0.0,349.29,
2415,NFCORE_CHIPSEQ:CHIPSEQ:PICARD_COLLECTMULTIPLEMETRICS,1702289854000,1702289972000,2,109.6,,2573205504.0,,,0.06918224816328127,0.06918224816328127,0.0,349.29,
2445,NFCORE_CHIPSEQ:CHIPSEQ:FILTER_BAM_BAMTOOLS:BAM_SORT_SAMTOOLS:BAM_STATS_SAMTOOLS:SAMTOOLS_STATS,1702289961000,1702289975000,2,123.3,,1073741824.0,,,0.0083309727921875,0.0083309727921875,0.0,349.29,
2462,NFCORE_CHIPSEQ:CHIPSEQ:PICARD_COLLECTMULTIPLEMETRICS,1702289887000,1702289971000,2,109.6,,2573205504.0,,,0.049248380048437505,0.049248380048437505,0.0,349.29,
2529,NFCORE_CHIPSEQ:CHIPSEQ:FILTER_BAM_BAMTOOLS:BAM_SORT_SAMTOOLS:BAM_STATS_SAMTOOLS:SAMTOOLS_IDXSTATS,1702289973000,1702289974000,1,27.6,,1073741824.0,,,0.000162723053125,0.000162723053125,0.0,349.29,
1936,NFCORE_CHIPSEQ:CHIPSEQ:PHANTOMPEAKQUALTOOLS,1702289155000,1702289986000,1,15.2,,4294967296.0,,,0.18348865895625002,0.18348865895625002,0.0,349.29,
2373,NFCORE_CHIPSEQ:CHIPSEQ:MACS2_CALLPEAK,1702289735000,1702289982000,1,96.8,,1892679680.0,,,0.12457640925996093,0.12457640925996093,0.0,349.29,
2473,NFCORE_CHIPSEQ:CHIPSEQ:PICARD_COLLECTMULTIPLEMETRICS,1702289906000,1702289986000,2,114.0,,2573205504.0,,,0.048493458843750004,0.048493458843750004,0.0,349.29,
2480,NFCORE_CHIPSEQ:CHIPSEQ:UCSC_BEDGRAPHTOBIGWIG,1702289911000,1702289986000,1,99.5,,1073741824.0,,,0.03656606947265625,0.03656606947265625,0.0,349.29,
2481,NFCORE_CHIPSEQ:CHIPSEQ:UCSC_BEDGRAPHTOBIGWIG,1702289926000,1702289986000,1,100.7,,1073741824.0,,,0.029578131890625005,0.029578131890625005,0.0,349.29,
2483,NFCORE_CHIPSEQ:CHIPSEQ:FILTER_BAM_BAMTOOLS:BAM_SORT_SAMTOOLS:BAM_STATS_SAMTOOLS:SAMTOOLS_STATS,1702289948000,1702289988000,2,127.5,,1073741824.0,,,0.024561757468750004,0.024561757468750004,0.0,349.29,
2489,NFCORE_CHIPSEQ:CHIPSEQ:FILTER_BAM_BAMTOOLS:BAM_SORT_SAMTOOLS:BAM_STATS_SAMTOOLS:SAMTOOLS_STATS,1702289947000,1702289988000,2,128.0,,1073741824.0,,,0.025268414800000003,0.025268414800000003,0.0,349.29,
2494,NFCORE_CHIPSEQ:CHIPSEQ:FILTER_BAM_BAMTOOLS:BAM_SORT_SAMTOOLS:BAM_STATS_SAMTOOLS:SAMTOOLS_STATS,1702289962000,1702289988000,2,127.4,,1073741824.0,,,0.015953396265625,0.015953396265625,0.0,349.29,
2531,NFCORE_CHIPSEQ:CHIPSEQ:FILTER_BAM_BAMTOOLS:BAM_SORT_SAMTOOLS:BAM_STATS_SAMTOOLS:SAMTOOLS_FLAGSTAT,1702289978000,1702289986000,2,143.9,,1073741824.0,,,0.0055050772187500005,0.0055050772187500005,0.0,349.29,
2328,NFCORE_CHIPSEQ:CHIPSEQ:BEDTOOLS_GENOMECOV,1702289572000,1702290000000,2,120.3,,4567597056.0,,,0.30185758230000004,0.30185758230000004,0.0,349.29,
2452,NFCORE_CHIPSEQ:CHIPSEQ:MULTIQC_CUSTOM_PEAKS,1702289992000,1702289992000,2,150.0,,1073741824.0,,,0.0,0.0,0.0,349.29,
2453,NFCORE_CHIPSEQ:CHIPSEQ:MULTIQC_CUSTOM_PEAKS,1702289992000,1702289993000,2,51.1,,1073741824.0,,,0.00026888962734375005,0.00026888962734375005,0.0,349.29,
2520,NFCORE_CHIPSEQ:CHIPSEQ:FILTER_BAM_BAMTOOLS:BAM_SORT_SAMTOOLS:BAM_STATS_SAMTOOLS:SAMTOOLS_FLAGSTAT,1702289986000,1702290000000,2,139.2,,1073741824.0,,,0.009336618725,0.009336618725,0.0,349.29,
2470,NFCORE_CHIPSEQ:CHIPSEQ:BEDTOOLS_GENOMECOV,1702289905000,1702290008000,2,121.2,,4567597056.0,,,0.07306208992734375,0.07306208992734375,0.0,349.29,
2518,NFCORE_CHIPSEQ:CHIPSEQ:MULTIQC_CUSTOM_PEAKS,1702290007000,1702290010000,2,95.0,,1073741824.0,,,0.0014016534703125002,0.0014016534703125002,0.0,349.29,
2448,NFCORE_CHIPSEQ:CHIPSEQ:MACS2_CALLPEAK,1702289880000,1702290017000,1,99.7,,1892679680.0,,,0.07089192947832032,0.07089192947832032,0.0,349.29,
2450,NFCORE_CHIPSEQ:CHIPSEQ:PICARD_COLLECTMULTIPLEMETRICS,1702289906000,1702290023000,2,110.9,,2573205504.0,,,0.06928310413476564,0.06928310413476564,0.0,349.29,
2477,NFCORE_CHIPSEQ:CHIPSEQ:FILTER_BAM_BAMTOOLS:BAM_SORT_SAMTOOLS:BAM_STATS_SAMTOOLS:SAMTOOLS_STATS,1702289989000,1702290023000,2,128.1,,1073741824.0,,,0.0209696554703125,0.0209696554703125,0.0,349.29,
2509,NFCORE_CHIPSEQ:CHIPSEQ:UCSC_BEDGRAPHTOBIGWIG,1702289947000,1702290017000,1,100.4,,1073741824.0,,,0.03441294828125,0.03441294828125,0.0,349.29,
2530,NFCORE_CHIPSEQ:CHIPSEQ:FILTER_BAM_BAMTOOLS:BAM_SORT_SAMTOOLS:BAM_STATS_SAMTOOLS:SAMTOOLS_STATS,1702289992000,1702290022000,2,128.2,,1073741824.0,,,0.018516190359375,0.018516190359375,0.0,349.29,
2337,NFCORE_CHIPSEQ:CHIPSEQ:HOMER_ANNOTATEPEAKS_MACS2,1702289601000,1702290022000,1,100.2,,4807720960.0,,,0.2622720652650391,0.2622720652650391,0.0,349.29,
2463,NFCORE_CHIPSEQ:CHIPSEQ:PICARD_COLLECTMULTIPLEMETRICS,1702289905000,1702290026000,2,111.1,,2573205504.0,,,0.07176108625039061,0.07176108625039061,0.0,349.29,
2501,NFCORE_CHIPSEQ:CHIPSEQ:MULTIQC_CUSTOM_PEAKS,1702290026000,1702290026000,2,64.0,,1073741824.0,,,0.0,0.0,0.0,349.29,
2510,NFCORE_CHIPSEQ:CHIPSEQ:UCSC_BEDGRAPHTOBIGWIG,1702289946000,1702290027000,1,99.6,,1073741824.0,,,0.039527948615625,0.039527948615625,0.0,349.29,
2516,NFCORE_CHIPSEQ:CHIPSEQ:UCSC_BEDGRAPHTOBIGWIG,1702289952000,1702290032000,1,100.4,,1073741824.0,,,0.03932908375000001,0.03932908375000001,0.0,349.29,
2517,NFCORE_CHIPSEQ:CHIPSEQ:UCSC_BEDGRAPHTOBIGWIG,1702289957000,1702290032000,1,100.4,,1073741824.0,,,0.036871016015625,0.036871016015625,0.0,349.29,
2519,NFCORE_CHIPSEQ:CHIPSEQ:FILTER_BAM_BAMTOOLS:BAM_SORT_SAMTOOLS:BAM_STATS_SAMTOOLS:SAMTOOLS_STATS,1702289989000,1702290026000,2,128.4,,1073741824.0,,,0.022870065953125,0.022870065953125,0.0,349.29,
2535,NFCORE_CHIPSEQ:CHIPSEQ:FRIP_SCORE,1702289996000,1702290038000,2,128.0,,1073741824.0,,,0.025884717600000003,0.025884717600000003,0.0,349.29,
2541,NFCORE_CHIPSEQ:CHIPSEQ:UCSC_BEDGRAPHTOBIGWIG,1702290013000,1702290038000,1,99.7,,1073741824.0,,,0.012211278457031249,0.012211278457031249,0.0,349.29,
2302,NFCORE_CHIPSEQ:CHIPSEQ:BEDTOOLS_GENOMECOV,1702289602000,1702290038000,2,121.5,,4567597056.0,,,0.30986345463750004,0.30986345463750004,0.0,349.29,
2443,NFCORE_CHIPSEQ:CHIPSEQ:MULTIQC_CUSTOM_PEAKS,1702290039000,1702290039000,2,57.1,,1073741824.0,,,0.0,0.0,0.0,349.29,
2498,NFCORE_CHIPSEQ:CHIPSEQ:PICARD_COLLECTMULTIPLEMETRICS,1702289936000,1702290049000,2,112.1,,2573205504.0,,,0.06752705472382813,0.06752705472382813,0.0,349.29,
2548,NFCORE_CHIPSEQ:CHIPSEQ:MULTIQC_CUSTOM_PEAKS,1702290040000,1702290042000,2,6.7,,1073741824.0,,,0.0001366051359375,0.0001366051359375,0.0,349.29,
1772,NFCORE_CHIPSEQ:CHIPSEQ:FILTER_BAM_BAMTOOLS:BAM_SORT_SAMTOOLS:SAMTOOLS_SORT,1702290035000,1702290055000,5,399.6,,6309281792.0,,,0.04057538503515626,0.04057538503515626,0.0,349.29,
2345,NFCORE_CHIPSEQ:CHIPSEQ:HOMER_ANNOTATEPEAKS_MACS2,1702289636000,1702290044000,1,100.8,,4807720960.0,,,0.2552793423796875,0.2552793423796875,0.0,349.29,
2352,NFCORE_CHIPSEQ:CHIPSEQ:MACS2_CALLPEAK,1702289688000,1702290059000,1,97.6,,1892679680.0,,,0.18845765409980464,0.18845765409980464,0.0,349.29,
2497,NFCORE_CHIPSEQ:CHIPSEQ:PICARD_COLLECTMULTIPLEMETRICS,1702289959000,1702290055000,2,111.6,,2573205504.0,,,0.057151266412500006,0.057151266412500006,0.0,349.29,
2507,NFCORE_CHIPSEQ:CHIPSEQ:PICARD_COLLECTMULTIPLEMETRICS,1702289961000,1702290057000,2,112.9,,2573205504.0,,,0.057715078687500004,0.057715078687500004,0.0,349.29,
2542,NFCORE_CHIPSEQ:CHIPSEQ:FRIP_SCORE,1702290029000,1702290067000,2,115.8,,1073741824.0,,,0.021325088365625,0.021325088365625,0.0,349.29,
2553,NFCORE_CHIPSEQ:CHIPSEQ:FILTER_BAM_BAMTOOLS:BAM_SORT_SAMTOOLS:SAMTOOLS_INDEX,1702290058000,1702290068000,2,144.6,,1073741824.0,,,0.006912970609375,0.006912970609375,0.0,349.29,
2397,NFCORE_CHIPSEQ:CHIPSEQ:BEDTOOLS_GENOMECOV,1702289798000,1702290067000,2,120.3,,4567597056.0,,,0.18971890102500003,0.18971890102500003,0.0,349.29,
2515,NFCORE_CHIPSEQ:CHIPSEQ:FILTER_BAM_BAMTOOLS:BAM_SORT_SAMTOOLS:BAM_STATS_SAMTOOLS:SAMTOOLS_STATS,1702290040000,1702290070000,2,127.5,,1073741824.0,,,0.0184213181015625,0.0184213181015625,0.0,349.29,
2556,NFCORE_CHIPSEQ:CHIPSEQ:MULTIQC_CUSTOM_PEAKS,1702290070000,1702290071000,2,48.3,,1073741824.0,,,0.00025623999296875,0.00025623999296875,0.0,349.29,
1222,NFCORE_CHIPSEQ:CHIPSEQ:FILTER_BAM_BAMTOOLS:BAM_SORT_SAMTOOLS:SAMTOOLS_SORT,1702290041000,1702290069000,5,395.3,,6309281792.0,,,0.05626160477109375,0.05626160477109375,0.0,349.29,
2558,NFCORE_CHIPSEQ:CHIPSEQ:FILTER_BAM_BAMTOOLS:BAM_SORT_SAMTOOLS:BAM_STATS_SAMTOOLS:SAMTOOLS_FLAGSTAT,1702290071000,1702290080000,2,142.8,,1073741824.0,,,0.006148486378125001,0.006148486378125001,0.0,349.29,
2559,NFCORE_CHIPSEQ:CHIPSEQ:FILTER_BAM_BAMTOOLS:BAM_SORT_SAMTOOLS:BAM_STATS_SAMTOOLS:SAMTOOLS_IDXSTATS,1702290076000,1702290078000,1,4.9,,1073741824.0,,,0.00012034132031250001,0.00012034132031250001,0.0,349.29,
1740,NFCORE_CHIPSEQ:CHIPSEQ:FILTER_BAM_BAMTOOLS:BAM_SORT_SAMTOOLS:SAMTOOLS_SORT,1702290053000,1702290080000,5,421.6,,6309281792.0,,,0.057460299375585944,0.057460299375585944,0.0,349.29,
1830,NFCORE_CHIPSEQ:CHIPSEQ:FILTER_BAM_BAMTOOLS:BAM_SORT_SAMTOOLS:SAMTOOLS_SORT,1702290060000,1702290089000,5,408.5,,6309281792.0,,,0.060000333526757814,0.060000333526757814,0.0,349.29,
2525,NFCORE_CHIPSEQ:CHIPSEQ:FRIP_SCORE,1702289975000,1702290091000,2,127.2,,1073741824.0,,,0.071071879775,0.071071879775,0.0,349.29,
2355,NFCORE_CHIPSEQ:CHIPSEQ:HOMER_ANNOTATEPEAKS_MACS2,1702289691000,1702290100000,1,101.2,,4807720960.0,,,0.2566441271080078,0.2566441271080078,0.0,349.29,
2362,NFCORE_CHIPSEQ:CHIPSEQ:HOMER_ANNOTATEPEAKS_MACS2,1702289695000,1702290097000,1,100.6,,4807720960.0,,,0.2511620091878906,0.2511620091878906,0.0,349.29,
2561,NFCORE_CHIPSEQ:CHIPSEQ:FILTER_BAM_BAMTOOLS:BAM_SORT_SAMTOOLS:SAMTOOLS_INDEX,1702290095000,1702290104000,2,144.2,,1073741824.0,,,0.006205409732812501,0.006205409732812501,0.0,349.29,
1319,NFCORE_CHIPSEQ:CHIPSEQ:FILTER_BAM_BAMTOOLS:BAM_SORT_SAMTOOLS:SAMTOOLS_SORT,1702290072000,1702290102000,5,413.1,,6309281792.0,,,0.06269275681054688,0.06269275681054688,0.0,349.29,
2358,NFCORE_CHIPSEQ:CHIPSEQ:HOMER_ANNOTATEPEAKS_MACS2,1702289689000,1702290104000,1,100.4,,4807720960.0,,,0.25890919240917976,0.25890919240917976,0.0,349.29,
2557,NFCORE_CHIPSEQ:CHIPSEQ:FILTER_BAM_BAMTOOLS:BAM_SORT_SAMTOOLS:BAM_STATS_SAMTOOLS:SAMTOOLS_STATS,1702290076000,1702290106000,2,120.8,,1073741824.0,,,0.0175132550625,0.0175132550625,0.0,349.29,
1739,NFCORE_CHIPSEQ:CHIPSEQ:FILTER_BAM_BAMTOOLS:BAM_SORT_SAMTOOLS:SAMTOOLS_SORT,1702290083000,1702290111000,5,416.1,,6309281792.0,,,0.058892728721093766,0.058892728721093766,0.0,349.29,
2539,NFCORE_CHIPSEQ:CHIPSEQ:UCSC_BEDGRAPHTOBIGWIG,1702290027000,1702290115000,1,99.4,,1073741824.0,,,0.0428644321875,0.0428644321875,0.0,349.29,
1443,NFCORE_CHIPSEQ:CHIPSEQ:FILTER_BAM_BAMTOOLS:BAM_SORT_SAMTOOLS:SAMTOOLS_SORT,1702290093000,1702290119000,5,398.0,,6309281792.0,,,0.05256006312070313,0.05256006312070313,0.0,349.29,
2579,NFCORE_CHIPSEQ:CHIPSEQ:FILTER_BAM_BAMTOOLS:BAM_SORT_SAMTOOLS:SAMTOOLS_INDEX,1702290109000,1702290122000,2,143.3,,1073741824.0,,,0.008910512213281251,0.008910512213281251,0.0,349.29,
2368,NFCORE_CHIPSEQ:CHIPSEQ:HOMER_ANNOTATEPEAKS_MACS2,1702289711000,1702290132000,1,100.6,,4807720960.0,,,0.2630328504181641,0.2630328504181641,0.0,349.29,
2441,NFCORE_CHIPSEQ:CHIPSEQ:FRIP_SCORE,1702290003000,1702290136000,2,124.7,,1073741824.0,,,0.07998544221171876,0.07998544221171876,0.0,349.29,
2550,NFCORE_CHIPSEQ:CHIPSEQ:UCSC_BEDGRAPHTOBIGWIG,1702290045000,1702290136000,1,98.3,,1073741824.0,,,0.043873495219531246,0.043873495219531246,0.0,349.29,
2560,NFCORE_CHIPSEQ:CHIPSEQ:UCSC_BEDGRAPHTOBIGWIG,1702290075000,1702290132000,1,98.3,,1073741824.0,,,0.02748120030234375,0.02748120030234375,0.0,349.29,
2566,NFCORE_CHIPSEQ:CHIPSEQ:FILTER_BAM_BAMTOOLS:BAM_SORT_SAMTOOLS:SAMTOOLS_INDEX,1702290115000,1702290132000,2,146.4,,1073741824.0,,,0.01189029246875,0.01189029246875,0.0,349.29,
2569,NFCORE_CHIPSEQ:CHIPSEQ:FILTER_BAM_BAMTOOLS:BAM_SORT_SAMTOOLS:SAMTOOLS_INDEX,1702290122000,1702290136000,2,148.3,,1073741824.0,,,0.009912177089062502,0.009912177089062502,0.0,349.29,
2573,NFCORE_CHIPSEQ:CHIPSEQ:FILTER_BAM_BAMTOOLS:BAM_SORT_SAMTOOLS:BAM_STATS_SAMTOOLS:SAMTOOLS_FLAGSTAT,1702290125000,1702290135000,2,135.4,,1073741824.0,,,0.006497339765625001,0.006497339765625001,0.0,349.29,
2572,NFCORE_CHIPSEQ:CHIPSEQ:FILTER_BAM_BAMTOOLS:BAM_SORT_SAMTOOLS:BAM_STATS_SAMTOOLS:SAMTOOLS_IDXSTATS,1702290136000,1702290137000,1,48.3,,1073741824.0,,,0.00025623999296875,0.00025623999296875,0.0,349.29,
2580,NFCORE_CHIPSEQ:CHIPSEQ:FILTER_BAM_BAMTOOLS:BAM_SORT_SAMTOOLS:SAMTOOLS_INDEX,1702290136000,1702290145000,2,138.6,,1073741824.0,,,0.005977716314062501,0.005977716314062501,0.0,349.29,
2584,NFCORE_CHIPSEQ:CHIPSEQ:FILTER_BAM_BAMTOOLS:BAM_SORT_SAMTOOLS:SAMTOOLS_INDEX,1702290122000,1702290136000,2,104.6,,1073741824.0,,,0.007148231978125,0.007148231978125,0.0,349.29,
2587,NFCORE_CHIPSEQ:CHIPSEQ:FILTER_BAM_BAMTOOLS:BAM_SORT_SAMTOOLS:BAM_STATS_SAMTOOLS:SAMTOOLS_IDXSTATS,1702290138000,1702290140000,1,46.9,,1073741824.0,,,0.0004998303515625001,0.0004998303515625001,0.0,349.29,
1731,NFCORE_CHIPSEQ:CHIPSEQ:FILTER_BAM_BAMTOOLS:BAM_SORT_SAMTOOLS:SAMTOOLS_SORT,1702290105000,1702290135000,5,399.0,,6309281792.0,,,0.060781758474609385,0.060781758474609385,0.0,349.29,
2474,NFCORE_CHIPSEQ:CHIPSEQ:BEDTOOLS_GENOMECOV,1702289937000,1702290149000,2,119.6,,4567597056.0,,,0.148847811078125,0.148847811078125,0.0,349.29,
2479,NFCORE_CHIPSEQ:CHIPSEQ:MACS2_CALLPEAK,1702289904000,1702290158000,1,97.4,,1892679680.0,,,0.1287954163136719,0.1287954163136719,0.0,349.29,
2552,NFCORE_CHIPSEQ:CHIPSEQ:PICARD_COLLECTMULTIPLEMETRICS,1702290059000,1702290152000,2,113.3,,2573205504.0,,,0.056079541906640634,0.056079541906640634,0.0,349.29,
2589,NFCORE_CHIPSEQ:CHIPSEQ:FILTER_BAM_BAMTOOLS:BAM_SORT_SAMTOOLS:BAM_STATS_SAMTOOLS:SAMTOOLS_FLAGSTAT,1702290139000,1702290152000,2,124.1,,1073741824.0,,,0.00778288766328125,0.00778288766328125,0.0,349.29,
2592,NFCORE_CHIPSEQ:CHIPSEQ:MULTIQC_CUSTOM_PEAKS,1702290145000,1702290148000,2,35.8,,1073741824.0,,,0.0005993052328125,0.0005993052328125,0.0,349.29,
2597,NFCORE_CHIPSEQ:CHIPSEQ:FILTER_BAM_BAMTOOLS:BAM_SORT_SAMTOOLS:BAM_STATS_SAMTOOLS:SAMTOOLS_FLAGSTAT,1702290150000,1702290160000,2,134.5,,1073741824.0,,,0.006456680226562502,0.006456680226562502,0.0,349.29,
2596,NFCORE_CHIPSEQ:CHIPSEQ:FILTER_BAM_BAMTOOLS:BAM_SORT_SAMTOOLS:BAM_STATS_SAMTOOLS:SAMTOOLS_IDXSTATS,1702290149000,1702290150000,1,50.5,,1073741824.0,,,0.00026617899140625006,0.00026617899140625006,0.0,349.29,
2602,NFCORE_CHIPSEQ:CHIPSEQ:FILTER_BAM_BAMTOOLS:BAM_SORT_SAMTOOLS:BAM_STATS_SAMTOOLS:SAMTOOLS_FLAGSTAT,1702290152000,1702290161000,2,137.0,,1073741824.0,,,0.005912661051562501,0.005912661051562501,0.0,349.29,
2600,NFCORE_CHIPSEQ:CHIPSEQ:FILTER_BAM_BAMTOOLS:BAM_SORT_SAMTOOLS:BAM_STATS_SAMTOOLS:SAMTOOLS_IDXSTATS,1702290149000,1702290149000,1,12.0,,1073741824.0,,,0.0,0.0,0.0,349.29,
2604,NFCORE_CHIPSEQ:CHIPSEQ:FILTER_BAM_BAMTOOLS:BAM_SORT_SAMTOOLS:BAM_STATS_SAMTOOLS:SAMTOOLS_IDXSTATS,1702290161000,1702290162000,1,46.4,,1073741824.0,,,0.0002476563125,0.0002476563125,0.0,349.29,
2607,NFCORE_CHIPSEQ:CHIPSEQ:FILTER_BAM_BAMTOOLS:BAM_SORT_SAMTOOLS:BAM_STATS_SAMTOOLS:SAMTOOLS_IDXSTATS,1702290152000,1702290153000,1,65.3,,1073741824.0,,,0.00033304134453125,0.00033304134453125,0.0,349.29,
2071,NFCORE_CHIPSEQ:CHIPSEQ:PHANTOMPEAKQUALTOOLS,1702289288000,1702290157000,1,15.7,,4294967296.0,,,0.19384218761015626,0.19384218761015626,0.0,349.29,
2609,NFCORE_CHIPSEQ:CHIPSEQ:FILTER_BAM_BAMTOOLS:BAM_SORT_SAMTOOLS:BAM_STATS_SAMTOOLS:SAMTOOLS_FLAGSTAT,1702290157000,1702290167000,2,140.5,,1073741824.0,,,0.006727743820312501,0.006727743820312501,0.0,349.29,
2614,NFCORE_CHIPSEQ:CHIPSEQ:FILTER_BAM_BAMTOOLS:BAM_SORT_SAMTOOLS:SAMTOOLS_INDEX,1702290155000,1702290167000,2,139.1,,1073741824.0,,,0.007997394778125,0.007997394778125,0.0,349.29,
2370,NFCORE_CHIPSEQ:CHIPSEQ:BEDTOOLS_GENOMECOV,1702289732000,1702290168000,2,122.0,,4567597056.0,,,0.31084831902812504,0.31084831902812504,0.0,349.29,
2393,NFCORE_CHIPSEQ:CHIPSEQ:HOMER_ANNOTATEPEAKS_MACS2,1702289773000,1702290176000,1,100.3,,4807720960.0,,,0.2512405971638672,0.2512405971638672,0.0,349.29,
2606,NFCORE_CHIPSEQ:CHIPSEQ:FILTER_BAM_BAMTOOLS:BAM_SORT_SAMTOOLS:BAM_STATS_SAMTOOLS:SAMTOOLS_FLAGSTAT,1702290164000,1702290173000,2,144.3,,1073741824.0,,,0.00620947568671875,0.00620947568671875,0.0,349.29,
2621,NFCORE_CHIPSEQ:CHIPSEQ:FILTER_BAM_BAMTOOLS:BAM_SORT_SAMTOOLS:BAM_STATS_SAMTOOLS:SAMTOOLS_IDXSTATS,1702290177000,1702290185000,1,2.5,,1073741824.0,,,0.00039462493125,0.00039462493125,0.0,349.29,
2030,NFCORE_CHIPSEQ:CHIPSEQ:PHANTOMPEAKQUALTOOLS,1702289245000,1702290185000,1,14.7,,4294967296.0,,,0.20543303364062504,0.20543303364062504,0.0,349.29,
2388,NFCORE_CHIPSEQ:CHIPSEQ:HOMER_ANNOTATEPEAKS_MACS2,1702289770000,1702290190000,1,100.0,,4807720960.0,,,0.26126960220703127,0.26126960220703127,0.0,349.29,
2424,NFCORE_CHIPSEQ:CHIPSEQ:PHANTOMPEAKQUALTOOLS,1702289861000,1702290186000,1,18.9,,4294967296.0,,,0.07719407541015626,0.07719407541015626,0.0,349.29,
2467,NFCORE_CHIPSEQ:CHIPSEQ:FRIP_SCORE,1702290049000,1702290183000,2,123.5,,1073741824.0,,,0.07986038608281248,0.07986038608281248,0.0,349.29,
2588,NFCORE_CHIPSEQ:CHIPSEQ:FILTER_BAM_BAMTOOLS:BAM_SORT_SAMTOOLS:BAM_STATS_SAMTOOLS:SAMTOOLS_STATS,1702290154000,1702290194000,2,129.3,,1073741824.0,,,0.024887033781250005,0.024887033781250005,0.0,349.29,
2622,NFCORE_CHIPSEQ:CHIPSEQ:FILTER_BAM_BAMTOOLS:BAM_SORT_SAMTOOLS:BAM_STATS_SAMTOOLS:SAMTOOLS_FLAGSTAT,1702290186000,1702290196000,2,124.3,,1073741824.0,,,0.005995872117187502,0.005995872117187502,0.0,349.29,
1912,NFCORE_CHIPSEQ:CHIPSEQ:PHANTOMPEAKQUALTOOLS,1702289115000,1702290200000,1,15.6,,4294967296.0,,,0.241533731796875,0.241533731796875,0.0,349.29,
2398,NFCORE_CHIPSEQ:CHIPSEQ:HOMER_ANNOTATEPEAKS_MACS2,1702289788000,1702290200000,1,101.1,,4807720960.0,,,0.2583404720335938,0.2583404720335938,0.0,349.29,
2505,NFCORE_CHIPSEQ:CHIPSEQ:BEDTOOLS_GENOMECOV,1702289950000,1702290201000,2,121.7,,4567597056.0,,,0.17861148508906252,0.17861148508906252,0.0,349.29,
2528,NFCORE_CHIPSEQ:CHIPSEQ:MACS2_CALLPEAK,1702289972000,1702290206000,1,97.6,,1892679680.0,,,0.11886547455351562,0.11886547455351562,0.0,349.29,
2555,NFCORE_CHIPSEQ:CHIPSEQ:FRIP_SCORE,1702290073000,1702290201000,2,127.2,,1073741824.0,,,0.0784241432,0.0784241432,0.0,349.29,
2605,NFCORE_CHIPSEQ:CHIPSEQ:FILTER_BAM_BAMTOOLS:BAM_SORT_SAMTOOLS:BAM_STATS_SAMTOOLS:SAMTOOLS_STATS,1702290170000,1702290203000,2,129.0,,1073741824.0,,,0.020487077376562503,0.020487077376562503,0.0,349.29,
2565,NFCORE_CHIPSEQ:CHIPSEQ:PICARD_COLLECTMULTIPLEMETRICS,1702290115000,1702290215000,2,110.3,,2573205504.0,,,0.0589452647265625,0.0589452647265625,0.0,349.29,
2615,NFCORE_CHIPSEQ:CHIPSEQ:UCSC_BEDGRAPHTOBIGWIG,1702290171000,1702290217000,1,100.3,,1073741824.0,,,0.0225934416140625,0.0225934416140625,0.0,349.29,
2636,NFCORE_CHIPSEQ:CHIPSEQ:MULTIQC_CUSTOM_PEAKS,1702290217000,1702290218000,2,150.0,,1073741824.0,,,0.000715692784375,0.000715692784375,0.0,349.29,
2404,NFCORE_CHIPSEQ:CHIPSEQ:HOMER_ANNOTATEPEAKS_MACS2,1702289808000,1702290217000,1,100.2,,4807720960.0,,,0.25479637694394536,0.25479637694394536,0.0,349.29,
2571,NFCORE_CHIPSEQ:CHIPSEQ:MULTIQC_CUSTOM_PEAKS,1702290215000,1702290217000,2,71.9,,1073741824.0,,,0.0007257166796875001,0.0007257166796875001,0.0,349.29,
2366,NFCORE_CHIPSEQ:CHIPSEQ:PHANTOMPEAKQUALTOOLS,1702289712000,1702290225000,1,16.8,,4294967296.0,,,0.11698093220625001,0.11698093220625001,0.0,349.29,
2504,NFCORE_CHIPSEQ:CHIPSEQ:BEDTOOLS_GENOMECOV,1702289951000,1702290224000,2,121.0,,4567597056.0,,,0.19340333747109378,0.19340333747109378,0.0,349.29,
2563,NFCORE_CHIPSEQ:CHIPSEQ:PICARD_COLLECTMULTIPLEMETRICS,1702290107000,1702290225000,2,109.3,,2573205504.0,,,0.06902232064296876,0.06902232064296876,0.0,349.29,
2601,NFCORE_CHIPSEQ:CHIPSEQ:FILTER_BAM_BAMTOOLS:BAM_SORT_SAMTOOLS:BAM_STATS_SAMTOOLS:SAMTOOLS_STATS,1702290194000,1702290228000,2,128.2,,1073741824.0,,,0.020985015740624998,0.020985015740624998,0.0,349.29,
2630,NFCORE_CHIPSEQ:CHIPSEQ:MULTIQC_CUSTOM_PEAKS,1702290229000,1702290229000,2,63.2,,1073741824.0,,,0.0,0.0,0.0,349.29,
2570,NFCORE_CHIPSEQ:CHIPSEQ:PICARD_COLLECTMULTIPLEMETRICS,1702290139000,1702290237000,2,111.1,,2573205504.0,,,0.058120549194531246,0.058120549194531246,0.0,349.29,
2585,NFCORE_CHIPSEQ:CHIPSEQ:PICARD_COLLECTMULTIPLEMETRICS,1702290139000,1702290237000,2,112.7,,2573205504.0,,,0.05882892871953126,0.05882892871953126,0.0,349.29,
2412,NFCORE_CHIPSEQ:CHIPSEQ:HOMER_ANNOTATEPEAKS_MACS2,1702289834000,1702290242000,1,100.6,,4807720960.0,,,0.2549106958921875,0.2549106958921875,0.0,349.29,
2582,NFCORE_CHIPSEQ:CHIPSEQ:PICARD_COLLECTMULTIPLEMETRICS,1702290138000,1702290246000,2,111.4,,2573205504.0,,,0.06419759182031251,0.06419759182031251,0.0,349.29,
2623,NFCORE_CHIPSEQ:CHIPSEQ:FILTER_BAM_BAMTOOLS:BAM_SORT_SAMTOOLS:BAM_STATS_SAMTOOLS:SAMTOOLS_STATS,1702290205000,1702290242000,2,128.3,,1073741824.0,,,0.02285335036484375,0.02285335036484375,0.0,349.29,
1736,NFCORE_CHIPSEQ:CHIPSEQ:FILTER_BAM_BAMTOOLS:BAM_SORT_SAMTOOLS:SAMTOOLS_SORT,1702290227000,1702290255000,5,409.2,,6309281792.0,,,0.05801990394921875,0.05801990394921875,0.0,349.29,
2436,NFCORE_CHIPSEQ:CHIPSEQ:MACS2_CALLPEAK,1702289872000,1702290263000,1,97.7,,1892679680.0,,,0.19879373947792975,0.19879373947792975,0.0,349.29,
2532,NFCORE_CHIPSEQ:CHIPSEQ:BEDTOOLS_GENOMECOV,1702289989000,1702290263000,2,120.6,,4567597056.0,,,0.1936166317734375,0.1936166317734375,0.0,349.29,
2574,NFCORE_CHIPSEQ:CHIPSEQ:FILTER_BAM_BAMTOOLS:BAM_SORT_SAMTOOLS:BAM_STATS_SAMTOOLS:SAMTOOLS_STATS,1702290228000,1702290265000,2,129.0,,1073741824.0,,,0.0229703594828125,0.0229703594828125,0.0,349.29,
2577,NFCORE_CHIPSEQ:CHIPSEQ:PICARD_COLLECTMULTIPLEMETRICS,1702290139000,1702290263000,2,110.4,,2573205504.0,,,0.07314814807031252,0.07314814807031252,0.0,349.29,
2608,NFCORE_CHIPSEQ:CHIPSEQ:FILTER_BAM_BAMTOOLS:BAM_SORT_SAMTOOLS:BAM_STATS_SAMTOOLS:SAMTOOLS_STATS,1702290231000,1702290263000,2,127.0,,1073741824.0,,,0.019577122350000004,0.019577122350000004,0.0,349.29,
2626,NFCORE_CHIPSEQ:CHIPSEQ:UCSC_BEDGRAPHTOBIGWIG,1702290181000,1702290271000,1,100.1,,1073741824.0,,,0.0441232406015625,0.0441232406015625,0.0,349.29,
2633,NFCORE_CHIPSEQ:CHIPSEQ:UCSC_BEDGRAPHTOBIGWIG,1702290219000,1702290270000,1,101.5,,1073741824.0,,,0.025325735350781243,0.025325735350781243,0.0,349.29,
1311,NFCORE_CHIPSEQ:CHIPSEQ:FILTER_BAM_BAMTOOLS:BAM_SORT_SAMTOOLS:SAMTOOLS_SORT,1702290240000,1702290271000,5,397.4,,6309281792.0,,,0.0625837378529297,0.0625837378529297,0.0,349.29,
2427,NFCORE_CHIPSEQ:CHIPSEQ:HOMER_ANNOTATEPEAKS_MACS2,1702289862000,1702290271000,1,100.9,,4807720960.0,,,0.25608980205878906,0.25608980205878906,0.0,349.29,
2538,NFCORE_CHIPSEQ:CHIPSEQ:BEDTOOLS_GENOMECOV,1702290003000,1702290282000,2,119.7,,4567597056.0,,,0.19601538084843753,0.19601538084843753,0.0,349.29,
2595,NFCORE_CHIPSEQ:CHIPSEQ:FILTER_BAM_BAMTOOLS:BAM_SORT_SAMTOOLS:BAM_STATS_SAMTOOLS:SAMTOOLS_STATS,1702290245000,1702290283000,2,129.0,,1073741824.0,,,0.023591180009375004,0.023591180009375004,0.0,349.29,
2440,NFCORE_CHIPSEQ:CHIPSEQ:HOMER_ANNOTATEPEAKS_MACS2,1702289873000,1702290287000,1,100.5,,4807720960.0,,,0.2584723487167969,0.2584723487167969,0.0,349.29,
2639,NFCORE_CHIPSEQ:CHIPSEQ:UCSC_BEDGRAPHTOBIGWIG,1702290230000,1702290286000,1,98.9,,1073741824.0,,,0.027150869593750005,0.027150869593750005,0.0,349.29,
2648,NFCORE_CHIPSEQ:CHIPSEQ:FILTER_BAM_BAMTOOLS:BAM_SORT_SAMTOOLS:SAMTOOLS_INDEX,1702290275000,1702290287000,2,144.6,,1073741824.0,,,0.00829556473125,0.00829556473125,0.0,349.29,
1341,NFCORE_CHIPSEQ:CHIPSEQ:FILTER_BAM_BAMTOOLS:BAM_SORT_SAMTOOLS:SAMTOOLS_SORT,1702290259000,1702290292000,5,391.8,,6309281792.0,,,0.06578652249082033,0.06578652249082033,0.0,349.29,
2456,NFCORE_CHIPSEQ:CHIPSEQ:BEDTOOLS_GENOMECOV,1702289886000,1702290296000,2,120.5,,4567597056.0,,,0.289533090828125,0.289533090828125,0.0,349.29,
2640,NFCORE_CHIPSEQ:CHIPSEQ:FILTER_BAM_BAMTOOLS:BAM_SORT_SAMTOOLS:SAMTOOLS_INDEX,1702290285000,1702290293000,2,143.9,,1073741824.0,,,0.0055050772187500005,0.0055050772187500005,0.0,349.29,
2656,NFCORE_CHIPSEQ:CHIPSEQ:FILTER_BAM_BAMTOOLS:BAM_SORT_SAMTOOLS:BAM_STATS_SAMTOOLS:SAMTOOLS_IDXSTATS,1702290294000,1702290298000,1,9.3,,1073741824.0,,,0.00032019462812500003,0.00032019462812500003,0.0,349.29,
1985,NFCORE_CHIPSEQ:CHIPSEQ:FILTER_BAM_BAMTOOLS:BAM_SORT_SAMTOOLS:SAMTOOLS_SORT,1702290267000,1702290302000,5,386.0,,6309281792.0,,,0.06885648596777344,0.06885648596777344,0.0,349.29,
1986,NFCORE_CHIPSEQ:CHIPSEQ:FILTER_BAM_BAMTOOLS:BAM_SORT_SAMTOOLS:SAMTOOLS_SORT,1702290268000,1702290299000,5,418.1,,6309281792.0,,,0.06548276298808595,0.06548276298808595,0.0,349.29,
2466,NFCORE_CHIPSEQ:CHIPSEQ:HOMER_ANNOTATEPEAKS_MACS2,1702289891000,1702290309000,1,100.6,,4807720960.0,,,0.2611585070660157,0.2611585070660157,0.0,349.29,
2511,NFCORE_CHIPSEQ:CHIPSEQ:BEDTOOLS_GENOMECOV,1702289954000,1702290310000,2,122.1,,4567597056.0,,,0.25397276128125,0.25397276128125,0.0,349.29,
2654,NFCORE_CHIPSEQ:CHIPSEQ:FILTER_BAM_BAMTOOLS:BAM_SORT_SAMTOOLS:BAM_STATS_SAMTOOLS:SAMTOOLS_FLAGSTAT,1702290297000,1702290309000,2,133.0,,1073741824.0,,,0.00766669719375,0.00766669719375,0.0,349.29,
2660,NFCORE_CHIPSEQ:CHIPSEQ:FILTER_BAM_BAMTOOLS:BAM_SORT_SAMTOOLS:SAMTOOLS_INDEX,1702290295000,1702290310000,2,155.8,,1073741824.0,,,0.011128433976562505,0.011128433976562505,0.0,349.29,
2663,NFCORE_CHIPSEQ:CHIPSEQ:FILTER_BAM_BAMTOOLS:BAM_SORT_SAMTOOLS:BAM_STATS_SAMTOOLS:SAMTOOLS_IDXSTATS,1702290314000,1702290315000,1,73.1,,1073741824.0,,,0.00036827961171875004,0.00036827961171875004,0.0,349.29,
2484,NFCORE_CHIPSEQ:CHIPSEQ:MACS2_CALLPEAK,1702289916000,1702290316000,1,97.8,,1892679680.0,,,0.203550263515625,0.203550263515625,0.0,349.29,
2522,NFCORE_CHIPSEQ:CHIPSEQ:MACS2_CALLPEAK,1702289975000,1702290322000,1,98.0,,1892679680.0,,,0.17689338382324224,0.17689338382324224,0.0,349.29,
2564,NFCORE_CHIPSEQ:CHIPSEQ:BEDTOOLS_GENOMECOV,1702290090000,1702290316000,2,122.6,,4567597056.0,,,0.1617404021171875,0.1617404021171875,0.0,349.29,
2613,NFCORE_CHIPSEQ:CHIPSEQ:PICARD_COLLECTMULTIPLEMETRICS,1702290204000,1702290319000,2,111.5,,2573205504.0,,,0.06841050070117188,0.06841050070117188,0.0,349.29,
2664,NFCORE_CHIPSEQ:CHIPSEQ:FILTER_BAM_BAMTOOLS:BAM_SORT_SAMTOOLS:BAM_STATS_SAMTOOLS:SAMTOOLS_FLAGSTAT,1702290313000,1702290322000,2,145.6,,1073741824.0,,,0.0062623330875000004,0.0062623330875000004,0.0,349.29,
2678,NFCORE_CHIPSEQ:CHIPSEQ:FILTER_BAM_BAMTOOLS:BAM_SORT_SAMTOOLS:BAM_STATS_SAMTOOLS:SAMTOOLS_IDXSTATS,1702290319000,1702290320000,1,63.6,,1073741824.0,,,0.000325361209375,0.000325361209375,0.0,349.29,
1794,NFCORE_CHIPSEQ:CHIPSEQ:FILTER_BAM_BAMTOOLS:BAM_SORT_SAMTOOLS:SAMTOOLS_SORT,1702290302000,1702290319000,5,417.1,,6309281792.0,,,0.03583310093222657,0.03583310093222657,0.0,349.29,
1796,NFCORE_CHIPSEQ:CHIPSEQ:FILTER_BAM_BAMTOOLS:BAM_SORT_SAMTOOLS:SAMTOOLS_SORT,1702290305000,1702290324000,5,389.8,,6309281792.0,,,0.03770541509746094,0.03770541509746094,0.0,349.29,
2635,NFCORE_CHIPSEQ:CHIPSEQ:FRIP_SCORE,1702290242000,1702290330000,2,124.9,,1073741824.0,,,0.05300221059375001,0.05300221059375001,0.0,349.29,
2645,NFCORE_CHIPSEQ:CHIPSEQ:UCSC_BEDGRAPHTOBIGWIG,1702290273000,1702290331000,1,100.5,,1073741824.0,,,0.028539788532812502,0.028539788532812502,0.0,349.29,
2671,NFCORE_CHIPSEQ:CHIPSEQ:FILTER_BAM_BAMTOOLS:BAM_SORT_SAMTOOLS:SAMTOOLS_INDEX,1702290323000,1702290333000,2,147.8,,1073741824.0,,,0.007057537859375003,0.007057537859375003,0.0,349.29,
2677,NFCORE_CHIPSEQ:CHIPSEQ:FILTER_BAM_BAMTOOLS:BAM_SORT_SAMTOOLS:BAM_STATS_SAMTOOLS:SAMTOOLS_FLAGSTAT,1702290319000,1702290331000,2,139.7,,1073741824.0,,,0.008029922409375001,0.008029922409375001,0.0,349.29,
2491,NFCORE_CHIPSEQ:CHIPSEQ:MACS2_CALLPEAK,1702289930000,1702290332000,1,97.5,,1892679680.0,,,0.20402317700976566,0.20402317700976566,0.0,349.29,
2652,NFCORE_CHIPSEQ:CHIPSEQ:UCSC_BEDGRAPHTOBIGWIG,1702290290000,1702290346000,1,100.2,,1073741824.0,,,0.027479760087500003,0.027479760087500003,0.0,349.29,
2655,NFCORE_CHIPSEQ:CHIPSEQ:FILTER_BAM_BAMTOOLS:BAM_SORT_SAMTOOLS:BAM_STATS_SAMTOOLS:SAMTOOLS_STATS,1702290302000,1702290342000,2,127.9,,1073741824.0,,,0.024634041093750003,0.024634041093750003,0.0,349.29,
2665,NFCORE_CHIPSEQ:CHIPSEQ:FILTER_BAM_BAMTOOLS:BAM_SORT_SAMTOOLS:BAM_STATS_SAMTOOLS:SAMTOOLS_STATS,1702290315000,1702290345000,2,127.6,,1073741824.0,,,0.01843487128125,0.01843487128125,0.0,349.29,
2670,NFCORE_CHIPSEQ:CHIPSEQ:FILTER_BAM_BAMTOOLS:BAM_SORT_SAMTOOLS:SAMTOOLS_INDEX,1702290327000,1702290338000,2,139.3,,1073741824.0,,,0.0073408842117187526,0.0073408842117187526,0.0,349.29,
2687,NFCORE_CHIPSEQ:CHIPSEQ:FILTER_BAM_BAMTOOLS:BAM_SORT_SAMTOOLS:SAMTOOLS_INDEX,1702290337000,1702290343000,2,147.0,,1073741824.0,,,0.0042128376281250005,0.0042128376281250005,0.0,349.29,
2689,NFCORE_CHIPSEQ:CHIPSEQ:FILTER_BAM_BAMTOOLS:BAM_SORT_SAMTOOLS:SAMTOOLS_INDEX,1702290335000,1702290343000,2,137.8,,1073741824.0,,,0.005284612162500001,0.005284612162500001,0.0,349.29,
2693,NFCORE_CHIPSEQ:CHIPSEQ:FILTER_BAM_BAMTOOLS:BAM_SORT_SAMTOOLS:BAM_STATS_SAMTOOLS:SAMTOOLS_IDXSTATS,1702290336000,1702290342000,1,5.5,,1073741824.0,,,0.0003772877765625001,0.0003772877765625001,0.0,349.29,
1527,NFCORE_CHIPSEQ:CHIPSEQ:PHANTOMPEAKQUALTOOLS,1702288866000,1702290342000,1,13.3,,4294967296.0,,,0.313238141803125,0.313238141803125,0.0,349.29,
2512,NFCORE_CHIPSEQ:CHIPSEQ:BEDTOOLS_GENOMECOV,1702289951000,1702290345000,2,121.9,,4567597056.0,,,0.280726216475,0.280726216475,0.0,349.29,
2575,NFCORE_CHIPSEQ:CHIPSEQ:MACS2_CALLPEAK,1702290107000,1702290354000,1,96.6,,1892679680.0,,,0.12435323356777343,0.12435323356777343,0.0,349.29,
2676,NFCORE_CHIPSEQ:CHIPSEQ:FILTER_BAM_BAMTOOLS:BAM_SORT_SAMTOOLS:BAM_STATS_SAMTOOLS:SAMTOOLS_STATS,1702290319000,1702290360000,2,128.0,,1073741824.0,,,0.025268414800000003,0.025268414800000003,0.0,349.29,
2694,NFCORE_CHIPSEQ:CHIPSEQ:FILTER_BAM_BAMTOOLS:BAM_SORT_SAMTOOLS:BAM_STATS_SAMTOOLS:SAMTOOLS_FLAGSTAT,1702290345000,1702290354000,2,143.1,,1073741824.0,,,0.00616068423984375,0.00616068423984375,0.0,349.29,
2708,NFCORE_CHIPSEQ:CHIPSEQ:FILTER_BAM_BAMTOOLS:BAM_SORT_SAMTOOLS:BAM_STATS_SAMTOOLS:SAMTOOLS_IDXSTATS,1702290365000,1702290367000,1,78.5,,1073741824.0,,,0.0007853506703125,0.0007853506703125,0.0,349.29,
2540,NFCORE_CHIPSEQ:CHIPSEQ:BEDTOOLS_GENOMECOV,1702290013000,1702290373000,2,121.9,,4567597056.0,,,0.25650111150000005,0.25650111150000005,0.0,349.29,
2703,NFCORE_CHIPSEQ:CHIPSEQ:FILTER_BAM_BAMTOOLS:BAM_SORT_SAMTOOLS:BAM_STATS_SAMTOOLS:SAMTOOLS_IDXSTATS,1702290372000,1702290373000,1,100.8,,1073741824.0,,,0.0004934206375,0.0004934206375,0.0,349.29,
2524,NFCORE_CHIPSEQ:CHIPSEQ:HOMER_ANNOTATEPEAKS_MACS2,1702289976000,1702290386000,1,100.7,,4807720960.0,,,0.25634548491601566,0.25634548491601566,0.0,349.29,
2611,NFCORE_CHIPSEQ:CHIPSEQ:MACS2_CALLPEAK,1702290152000,1702290390000,1,97.9,,1892679680.0,,,0.12121992868398437,0.12121992868398437,0.0,349.29,
2641,NFCORE_CHIPSEQ:CHIPSEQ:PICARD_COLLECTMULTIPLEMETRICS,1702290286000,1702290390000,2,112.2,,2573205504.0,,,0.062195778084375,0.062195778084375,0.0,349.29,
2644,NFCORE_CHIPSEQ:CHIPSEQ:FRIP_SCORE,1702290269000,1702290390000,2,126.6,,1073741824.0,,,0.07380733592031251,0.07380733592031251,0.0,349.29,
2649,NFCORE_CHIPSEQ:CHIPSEQ:PICARD_COLLECTMULTIPLEMETRICS,1702290275000,1702290397000,2,109.6,,2573205504.0,,,0.07152740911796876,0.07152740911796876,0.0,349.29,
2662,NFCORE_CHIPSEQ:CHIPSEQ:UCSC_BEDGRAPHTOBIGWIG,1702290302000,1702290391000,1,98.3,,1073741824.0,,,0.04290924257734375,0.04290924257734375,0.0,349.29,
2674,NFCORE_CHIPSEQ:CHIPSEQ:UCSC_BEDGRAPHTOBIGWIG,1702290316000,1702290386000,1,100.5,,1073741824.0,,,0.0344445723671875,0.0344445723671875,0.0,349.29,
2683,NFCORE_CHIPSEQ:CHIPSEQ:UCSC_BEDGRAPHTOBIGWIG,1702290334000,1702290383000,1,100.1,,1073741824.0,,,0.02402265321640625,0.02402265321640625,0.0,349.29,
2695,NFCORE_CHIPSEQ:CHIPSEQ:FILTER_BAM_BAMTOOLS:BAM_SORT_SAMTOOLS:BAM_STATS_SAMTOOLS:SAMTOOLS_STATS,1702290346000,1702290386000,2,127.0,,1073741824.0,,,0.0244714029375,0.0244714029375,0.0,349.29,
2702,NFCORE_CHIPSEQ:CHIPSEQ:FILTER_BAM_BAMTOOLS:BAM_SORT_SAMTOOLS:BAM_STATS_SAMTOOLS:SAMTOOLS_FLAGSTAT,1702290377000,1702290387000,2,139.5,,1073741824.0,,,0.006682566554687501,0.006682566554687501,0.0,349.29,
2709,NFCORE_CHIPSEQ:CHIPSEQ:FILTER_BAM_BAMTOOLS:BAM_SORT_SAMTOOLS:BAM_STATS_SAMTOOLS:SAMTOOLS_FLAGSTAT,1702290390000,1702290397000,2,134.9,,1073741824.0,,,0.004532325792968751,0.004532325792968751,0.0,349.29,
2716,NFCORE_CHIPSEQ:CHIPSEQ:FILTER_BAM_BAMTOOLS:BAM_SORT_SAMTOOLS:BAM_STATS_SAMTOOLS:SAMTOOLS_FLAGSTAT,1702290390000,1702290397000,2,145.5,,1073741824.0,,,0.0048675411039062495,0.0048675411039062495,0.0,349.29,
2715,NFCORE_CHIPSEQ:CHIPSEQ:FILTER_BAM_BAMTOOLS:BAM_SORT_SAMTOOLS:BAM_STATS_SAMTOOLS:SAMTOOLS_IDXSTATS,1702290389000,1702290390000,1,97.0,,1073741824.0,,,0.00047625327656250006,0.00047625327656250006,0.0,349.29,
2534,NFCORE_CHIPSEQ:CHIPSEQ:HOMER_ANNOTATEPEAKS_MACS2,1702289993000,1702290402000,1,100.6,,4807720960.0,,,0.2555354770095703,0.2555354770095703,0.0,349.29,
2659,NFCORE_CHIPSEQ:CHIPSEQ:PICARD_COLLECTMULTIPLEMETRICS,1702290295000,1702290412000,2,108.7,,2573205504.0,,,0.06812024131757813,0.06812024131757813,0.0,349.29,
2686,NFCORE_CHIPSEQ:CHIPSEQ:PICARD_COLLECTMULTIPLEMETRICS,1702290329000,1702290402000,2,117.7,,2573205504.0,,,0.045470519139453124,0.045470519139453124,0.0,349.29,
2712,NFCORE_CHIPSEQ:CHIPSEQ:FILTER_BAM_BAMTOOLS:BAM_SORT_SAMTOOLS:BAM_STATS_SAMTOOLS:SAMTOOLS_STATS,1702290394000,1702290422000,2,127.6,,1073741824.0,,,0.017205879862500002,0.017205879862500002,0.0,349.29,
2688,NFCORE_CHIPSEQ:CHIPSEQ:PICARD_COLLECTMULTIPLEMETRICS,1702290347000,1702290430000,2,116.0,,2573205504.0,,,0.05106190615976563,0.05106190615976563,0.0,349.29,
2691,NFCORE_CHIPSEQ:CHIPSEQ:MULTIQC_CUSTOM_PEAKS,1702290434000,1702290434000,2,40.7,,1073741824.0,,,0.0,0.0,0.0,349.29,
2706,NFCORE_CHIPSEQ:CHIPSEQ:FILTER_BAM_BAMTOOLS:BAM_SORT_SAMTOOLS:BAM_STATS_SAMTOOLS:SAMTOOLS_STATS,1702290393000,1702290436000,2,128.6,,1073741824.0,,,0.02661757774531251,0.02661757774531251,0.0,349.29,
2707,NFCORE_CHIPSEQ:CHIPSEQ:FILTER_BAM_BAMTOOLS:BAM_SORT_SAMTOOLS:BAM_STATS_SAMTOOLS:SAMTOOLS_STATS,1702290404000,1702290431000,2,127.7,,1073741824.0,,,0.016603582014843753,0.016603582014843753,0.0,349.29,
2725,NFCORE_CHIPSEQ:CHIPSEQ:MULTIQC_CUSTOM_PEAKS,1702290435000,1702290436000,2,45.1,,1073741824.0,,,0.00024178326796875003,0.00024178326796875003,0.0,349.29,
2543,NFCORE_CHIPSEQ:CHIPSEQ:HOMER_ANNOTATEPEAKS_MACS2,1702290026000,1702290435000,1,100.6,,4807720960.0,,,0.2555354770095703,0.2555354770095703,0.0,349.29,
2673,NFCORE_CHIPSEQ:CHIPSEQ:PICARD_COLLECTMULTIPLEMETRICS,1702290323000,1702290435000,2,110.8,,2573205504.0,,,0.06627168918125001,0.06627168918125001,0.0,349.29,
2290,NFCORE_CHIPSEQ:CHIPSEQ:PHANTOMPEAKQUALTOOLS,1702289536000,1702290441000,1,15.1,,4294967296.0,,,0.19941934833984376,0.19941934833984376,0.0,349.29,
2718,NFCORE_CHIPSEQ:CHIPSEQ:UCSC_BEDGRAPHTOBIGWIG,1702290363000,1702290444000,1,100.7,,1073741824.0,,,0.03993047805234375,0.03993047805234375,0.0,349.29,
2669,NFCORE_CHIPSEQ:CHIPSEQ:PICARD_COLLECTMULTIPLEMETRICS,1702290327000,1702290456000,2,106.5,,2573205504.0,,,0.07382480193632814,0.07382480193632814,0.0,349.29,
2681,NFCORE_CHIPSEQ:CHIPSEQ:FRIP_SCORE,1702290349000,1702290457000,2,126.1,,1073741824.0,,,0.065633664909375,0.065633664909375,0.0,349.29,
2722,NFCORE_CHIPSEQ:CHIPSEQ:UCSC_BEDGRAPHTOBIGWIG,1702290387000,1702290456000,1,101.0,,1073741824.0,,,0.0341083686140625,0.0341083686140625,0.0,349.29,
1807,NFCORE_CHIPSEQ:CHIPSEQ:FILTER_BAM_BAMTOOLS:BAM_SORT_SAMTOOLS:SAMTOOLS_SORT,1702290444000,1702290461000,5,423.1,,6309281792.0,,,0.03629390904160156,0.03629390904160156,0.0,349.29,
2554,NFCORE_CHIPSEQ:CHIPSEQ:HOMER_ANNOTATEPEAKS_MACS2,1702290063000,1702290468000,1,100.9,,4807720960.0,,,0.2535852563173829,0.2535852563173829,0.0,349.29,
2700,NFCORE_CHIPSEQ:CHIPSEQ:FRIP_SCORE,1702290356000,1702290473000,2,126.5,,1073741824.0,,,0.07131456658828125,0.07131456658828125,0.0,349.29,
1851,NFCORE_CHIPSEQ:CHIPSEQ:PHANTOMPEAKQUALTOOLS,1702289038000,1702290466000,1,14.0,,4294967296.0,,,0.30756745503750005,0.30756745503750005,0.0,349.29,
2618,NFCORE_CHIPSEQ:CHIPSEQ:BEDTOOLS_GENOMECOV,1702290164000,1702290473000,2,119.9,,4567597056.0,,,0.21737149902187503,0.21737149902187503,0.0,349.29,
1824,NFCORE_CHIPSEQ:CHIPSEQ:FILTER_BAM_BAMTOOLS:BAM_SORT_SAMTOOLS:SAMTOOLS_SORT,1702290459000,1702290477000,5,372.3,,6309281792.0,,,0.034297835698828126,0.034297835698828126,0.0,349.29,
2620,NFCORE_CHIPSEQ:CHIPSEQ:BEDTOOLS_GENOMECOV,1702290189000,1702290483000,2,120.3,,4567597056.0,,,0.20735076915000003,0.20735076915000003,0.0,349.29,
2724,NFCORE_CHIPSEQ:CHIPSEQ:FRIP_SCORE,1702290401000,1702290492000,2,126.4,,1073741824.0,,,0.05542577381250001,0.05542577381250001,0.0,349.29,
2734,NFCORE_CHIPSEQ:CHIPSEQ:MULTIQC_CUSTOM_PEAKS,1702290489000,1702290492000,2,85.3,,1073741824.0,,,0.0012701876273437502,0.0012701876273437502,0.0,349.29,
2737,NFCORE_CHIPSEQ:CHIPSEQ:FILTER_BAM_BAMTOOLS:BAM_SORT_SAMTOOLS:SAMTOOLS_INDEX,1702290483000,1702290488000,2,152.6,,1073741824.0,,,0.0036371943671875003,0.0036371943671875003,0.0,349.29,
2739,NFCORE_CHIPSEQ:CHIPSEQ:MULTIQC_CUSTOM_PEAKS,1702290476000,1702290483000,2,1.2,,1073741824.0,,,0.000304185503125,0.000304185503125,0.0,349.29,
1837,NFCORE_CHIPSEQ:CHIPSEQ:FILTER_BAM_BAMTOOLS:BAM_SORT_SAMTOOLS:SAMTOOLS_SORT,1702290460000,1702290488000,5,423.7,,6309281792.0,,,0.05985410093359375,0.05985410093359375,0.0,349.29,
1878,NFCORE_CHIPSEQ:CHIPSEQ:FILTER_BAM_BAMTOOLS:BAM_SORT_SAMTOOLS:SAMTOOLS_SORT,1702290464000,1702290491000,5,425.5,,6309281792.0,,,0.05793601598261718,0.05793601598261718,0.0,349.29,
1928,NFCORE_CHIPSEQ:CHIPSEQ:FILTER_BAM_BAMTOOLS:BAM_SORT_SAMTOOLS:SAMTOOLS_SORT,1702290480000,1702290495000,5,393.2,,6309281792.0,,,0.029997837026367186,0.029997837026367186,0.0,349.29,
2667,NFCORE_CHIPSEQ:CHIPSEQ:MACS2_CALLPEAK,1702290304000,1702290495000,1,98.6,,1892679680.0,,,0.09788555944746094,0.09788555944746094,0.0,349.29,
2720,NFCORE_CHIPSEQ:CHIPSEQ:FRIP_SCORE,1702290400000,1702290498000,2,128.8,,1073741824.0,,,0.06075186416250001,0.06075186416250001,0.0,349.29,
2743,NFCORE_CHIPSEQ:CHIPSEQ:FILTER_BAM_BAMTOOLS:BAM_SORT_SAMTOOLS:SAMTOOLS_INDEX,1702290493000,1702290501000,2,136.1,,1073741824.0,,,0.00522317108125,0.00522317108125,0.0,349.29,
1935,NFCORE_CHIPSEQ:CHIPSEQ:FILTER_BAM_BAMTOOLS:BAM_SORT_SAMTOOLS:SAMTOOLS_SORT,1702290494000,1702290507000,5,423.3,,6309281792.0,,,0.027765911826757816,0.027765911826757816,0.0,349.29,
1946,NFCORE_CHIPSEQ:CHIPSEQ:FILTER_BAM_BAMTOOLS:BAM_SORT_SAMTOOLS:SAMTOOLS_SORT,1702290496000,1702290511000,5,390.1,,6309281792.0,,,0.02978776274121094,0.02978776274121094,0.0,349.29,
2590,NFCORE_CHIPSEQ:CHIPSEQ:MACS2_CALLPEAK,1702290136000,1702290507000,1,96.9,,1892679680.0,,,0.18728440051152348,0.18728440051152348,0.0,349.29,
2599,NFCORE_CHIPSEQ:CHIPSEQ:MACS2_CALLPEAK,1702290153000,1702290508000,1,98.0,,1892679680.0,,,0.18097161745605472,0.18097161745605472,0.0,349.29,
2627,NFCORE_CHIPSEQ:CHIPSEQ:BEDTOOLS_GENOMECOV,1702290197000,1702290517000,2,121.3,,4567597056.0,,,0.22713358450000004,0.22713358450000004,0.0,349.29,
2679,NFCORE_CHIPSEQ:CHIPSEQ:FRIP_SCORE,1702290401000,1702290507000,2,127.2,,1073741824.0,,,0.0649449935875,0.0649449935875,0.0,349.29,
2747,NFCORE_CHIPSEQ:CHIPSEQ:FILTER_BAM_BAMTOOLS:BAM_SORT_SAMTOOLS:BAM_STATS_SAMTOOLS:SAMTOOLS_FLAGSTAT,1702290513000,1702290518000,2,140.9,,1073741824.0,,,0.0033729073632812506,0.0033729073632812506,0.0,349.29,
2748,NFCORE_CHIPSEQ:CHIPSEQ:FILTER_BAM_BAMTOOLS:BAM_SORT_SAMTOOLS:BAM_STATS_SAMTOOLS:SAMTOOLS_IDXSTATS,1702290513000,1702290514000,1,64.0,,1073741824.0,,,0.0003271683,0.0003271683,0.0,349.29,
2753,NFCORE_CHIPSEQ:CHIPSEQ:FILTER_BAM_BAMTOOLS:BAM_SORT_SAMTOOLS:SAMTOOLS_INDEX,1702290506000,1702290517000,2,141.6,,1073741824.0,,,0.0074551826937500005,0.0074551826937500005,0.0,349.29,
2756,NFCORE_CHIPSEQ:CHIPSEQ:FILTER_BAM_BAMTOOLS:BAM_SORT_SAMTOOLS:SAMTOOLS_INDEX,1702290501000,1702290510000,2,155.1,,1073741824.0,,,0.00664859870859375,0.00664859870859375,0.0,349.29,
2759,NFCORE_CHIPSEQ:CHIPSEQ:FILTER_BAM_BAMTOOLS:BAM_SORT_SAMTOOLS:SAMTOOLS_INDEX,1702290518000,1702290525000,2,139.6,,1073741824.0,,,0.004680958996875,0.004680958996875,0.0,349.29,
2765,NFCORE_CHIPSEQ:CHIPSEQ:FILTER_BAM_BAMTOOLS:BAM_SORT_SAMTOOLS:BAM_STATS_SAMTOOLS:SAMTOOLS_FLAGSTAT,1702290520000,1702290528000,2,131.9,,1073741824.0,,,0.00507137546875,0.00507137546875,0.0,349.29,
1963,NFCORE_CHIPSEQ:CHIPSEQ:FILTER_BAM_BAMTOOLS:BAM_SORT_SAMTOOLS:SAMTOOLS_SORT,1702290499000,1702290515000,5,373.7,,6309281792.0,,,0.030588162140625003,0.030588162140625003,0.0,349.29,
2012,NFCORE_CHIPSEQ:CHIPSEQ:FILTER_BAM_BAMTOOLS:BAM_SORT_SAMTOOLS:SAMTOOLS_SORT,1702290510000,1702290526000,5,357.2,,6309281792.0,,,0.029395482328125,0.029395482328125,0.0,349.29,
2603,NFCORE_CHIPSEQ:CHIPSEQ:BEDTOOLS_GENOMECOV,1702290176000,1702290526000,2,120.6,,4567597056.0,,,0.24732051503906252,0.24732051503906252,0.0,349.29,
2616,NFCORE_CHIPSEQ:CHIPSEQ:BEDTOOLS_GENOMECOV,1702290170000,1702290533000,2,119.9,,4567597056.0,,,0.2553587512781251,0.2553587512781251,0.0,349.29,
2624,NFCORE_CHIPSEQ:CHIPSEQ:MACS2_CALLPEAK,1702290193000,1702290524000,1,97.2,,1892679680.0,,,0.16754062256386718,0.16754062256386718,0.0,349.29,
2749,NFCORE_CHIPSEQ:CHIPSEQ:FILTER_BAM_BAMTOOLS:BAM_SORT_SAMTOOLS:BAM_STATS_SAMTOOLS:SAMTOOLS_STATS,1702290513000,1702290535000,2,126.3,,1073741824.0,,,0.0133896986265625,0.0133896986265625,0.0,349.29,
2768,NFCORE_CHIPSEQ:CHIPSEQ:FILTER_BAM_BAMTOOLS:BAM_SORT_SAMTOOLS:BAM_STATS_SAMTOOLS:SAMTOOLS_IDXSTATS,1702290528000,1702290531000,1,78.5,,1073741824.0,,,0.0011780260054687502,0.0011780260054687502,0.0,349.29,
2769,NFCORE_CHIPSEQ:CHIPSEQ:FILTER_BAM_BAMTOOLS:BAM_SORT_SAMTOOLS:SAMTOOLS_INDEX,1702290515000,1702290526000,2,110.2,,1073741824.0,,,0.005894759939062501,0.005894759939062501,0.0,349.29,
2773,NFCORE_CHIPSEQ:CHIPSEQ:FILTER_BAM_BAMTOOLS:BAM_SORT_SAMTOOLS:SAMTOOLS_INDEX,1702290523000,1702290531000,2,141.6,,1073741824.0,,,0.005421951049999999,0.005421951049999999,0.0,349.29,
2783,NFCORE_CHIPSEQ:CHIPSEQ:FILTER_BAM_BAMTOOLS:BAM_SORT_SAMTOOLS:BAM_STATS_SAMTOOLS:SAMTOOLS_IDXSTATS,1702290532000,1702290533000,1,85.9,,1073741824.0,,,0.0004261065117187501,0.0004261065117187501,0.0,349.29,
2791,NFCORE_CHIPSEQ:CHIPSEQ:FILTER_BAM_BAMTOOLS:BAM_SORT_SAMTOOLS:BAM_STATS_SAMTOOLS:SAMTOOLS_IDXSTATS,1702290531000,1702290532000,1,28.8,,1073741824.0,,,0.00016814432500000004,0.00016814432500000004,0.0,349.29,
2788,NFCORE_CHIPSEQ:CHIPSEQ:FILTER_BAM_BAMTOOLS:BAM_SORT_SAMTOOLS:BAM_STATS_SAMTOOLS:SAMTOOLS_FLAGSTAT,1702290530000,1702290541000,2,132.5,,1073741824.0,,,0.0070029582648437495,0.0070029582648437495,0.0,349.29,
2793,NFCORE_CHIPSEQ:CHIPSEQ:FILTER_BAM_BAMTOOLS:BAM_SORT_SAMTOOLS:BAM_STATS_SAMTOOLS:SAMTOOLS_IDXSTATS,1702290528000,1702290531000,1,79.2,,1073741824.0,,,0.0011875132312500001,0.0011875132312500001,0.0,349.29,
2617,NFCORE_CHIPSEQ:CHIPSEQ:BEDTOOLS_GENOMECOV,1702290201000,1702290550000,2,119.6,,4567597056.0,,,0.24503719842578126,0.24503719842578126,0.0,349.29,
2741,NFCORE_CHIPSEQ:CHIPSEQ:UCSC_BEDGRAPHTOBIGWIG,1702290483000,1702290549000,1,99.0,,1073741824.0,,,0.032029056159375,0.032029056159375,0.0,349.29,
2796,NFCORE_CHIPSEQ:CHIPSEQ:FILTER_BAM_BAMTOOLS:BAM_SORT_SAMTOOLS:SAMTOOLS_INDEX,1702290537000,1702290548000,2,141.2,,1073741824.0,,,0.007435304696875,0.007435304696875,0.0,349.29,
2801,NFCORE_CHIPSEQ:CHIPSEQ:FILTER_BAM_BAMTOOLS:BAM_SORT_SAMTOOLS:SAMTOOLS_INDEX,1702290544000,1702290552000,2,146.1,,1073741824.0,,,0.005584589206250001,0.005584589206250001,0.0,349.29,
2711,NFCORE_CHIPSEQ:CHIPSEQ:MACS2_CALLPEAK,1702290357000,1702290558000,1,96.1,,1892679680.0,,,0.10074030025019531,0.10074030025019531,0.0,349.29,
2738,NFCORE_CHIPSEQ:CHIPSEQ:PICARD_COLLECTMULTIPLEMETRICS,1702290486000,1702290556000,2,115.1,,2573205504.0,,,0.04277964143359375,0.04277964143359375,0.0,349.29,
2745,NFCORE_CHIPSEQ:CHIPSEQ:UCSC_BEDGRAPHTOBIGWIG,1702290495000,1702290557000,1,98.9,,1073741824.0,,,0.030059891335937502,0.030059891335937502,0.0,349.29,
2792,NFCORE_CHIPSEQ:CHIPSEQ:FILTER_BAM_BAMTOOLS:BAM_SORT_SAMTOOLS:BAM_STATS_SAMTOOLS:SAMTOOLS_FLAGSTAT,1702290551000,1702290557000,2,129.3,,1073741824.0,,,0.0037330550671875002,0.0037330550671875002,0.0,349.29,
2808,NFCORE_CHIPSEQ:CHIPSEQ:FILTER_BAM_BAMTOOLS:BAM_SORT_SAMTOOLS:BAM_STATS_SAMTOOLS:SAMTOOLS_IDXSTATS,1702290561000,1702290567000,1,5.7,,1073741824.0,,,0.00038270904843750006,0.00038270904843750006,0.0,349.29,
2812,NFCORE_CHIPSEQ:CHIPSEQ:FILTER_BAM_BAMTOOLS:BAM_SORT_SAMTOOLS:BAM_STATS_SAMTOOLS:SAMTOOLS_IDXSTATS,1702290560000,1702290561000,1,40.0,,1073741824.0,,,0.00021874286250000004,0.00021874286250000004,0.0,349.29,
2813,NFCORE_CHIPSEQ:CHIPSEQ:FILTER_BAM_BAMTOOLS:BAM_SORT_SAMTOOLS:BAM_STATS_SAMTOOLS:SAMTOOLS_FLAGSTAT,1702290558000,1702290567000,2,118.1,,1073741824.0,,,0.0051441957632812505,0.0051441957632812505,0.0,349.29,
2823,NFCORE_CHIPSEQ:CHIPSEQ:FILTER_BAM_BAMTOOLS:BAM_SORT_SAMTOOLS:BAM_STATS_SAMTOOLS:SAMTOOLS_IDXSTATS,1702290560000,1702290561000,1,39.5,,1073741824.0,,,0.00021648399921875,0.00021648399921875,0.0,349.29,
2631,NFCORE_CHIPSEQ:CHIPSEQ:BEDTOOLS_GENOMECOV,1702290210000,1702290569000,2,121.1,,4567597056.0,,,0.25449111734375,0.25449111734375,0.0,349.29,
2714,NFCORE_CHIPSEQ:CHIPSEQ:MACS2_CALLPEAK,1702290353000,1702290567000,1,96.7,,1892679680.0,,,0.1078359181480469,0.1078359181480469,0.0,349.29,
2824,NFCORE_CHIPSEQ:CHIPSEQ:FILTER_BAM_BAMTOOLS:BAM_SORT_SAMTOOLS:BAM_STATS_SAMTOOLS:SAMTOOLS_IDXSTATS,1702290573000,1702290574000,1,74.1,,1073741824.0,,,0.00037279733828125003,0.00037279733828125003,0.0,349.29,
2742,NFCORE_CHIPSEQ:CHIPSEQ:PICARD_COLLECTMULTIPLEMETRICS,1702290492000,1702290575000,2,112.6,,2573205504.0,,,0.049787003723828126,0.049787003723828126,0.0,349.29,
2807,NFCORE_CHIPSEQ:CHIPSEQ:FILTER_BAM_BAMTOOLS:BAM_SORT_SAMTOOLS:BAM_STATS_SAMTOOLS:SAMTOOLS_FLAGSTAT,1702290569000,1702290578000,2,103.6,,1073741824.0,,,0.004554632446875001,0.004554632446875001,0.0,349.29,
2785,NFCORE_CHIPSEQ:CHIPSEQ:FILTER_BAM_BAMTOOLS:BAM_SORT_SAMTOOLS:BAM_STATS_SAMTOOLS:SAMTOOLS_FLAGSTAT,1702290578000,1702290586000,2,140.2,,1073741824.0,,,0.005371352512499999,0.005371352512499999,0.0,349.29,
2826,NFCORE_CHIPSEQ:CHIPSEQ:FILTER_BAM_BAMTOOLS:BAM_SORT_SAMTOOLS:BAM_STATS_SAMTOOLS:SAMTOOLS_FLAGSTAT,1702290581000,1702290588000,2,133.4,,1073741824.0,,,0.004484889664062501,0.004484889664062501,0.0,349.29,
2779,NFCORE_CHIPSEQ:CHIPSEQ:UCSC_BEDGRAPHTOBIGWIG,1702290532000,1702290597000,1,100.1,,1073741824.0,,,0.031866784878906255,0.031866784878906255,0.0,349.29,
2822,NFCORE_CHIPSEQ:CHIPSEQ:FILTER_BAM_BAMTOOLS:BAM_SORT_SAMTOOLS:BAM_STATS_SAMTOOLS:SAMTOOLS_FLAGSTAT,1702290589000,1702290595000,2,137.4,,1073741824.0,,,0.003952616578125,0.003952616578125,0.0,349.29,
2758,NFCORE_CHIPSEQ:CHIPSEQ:PICARD_COLLECTMULTIPLEMETRICS,1702290518000,1702290605000,2,111.6,,2573205504.0,,,0.05179333518632813,0.05179333518632813,0.0,349.29,
2771,NFCORE_CHIPSEQ:CHIPSEQ:PICARD_COLLECTMULTIPLEMETRICS,1702290531000,1702290615000,2,109.2,,2573205504.0,,,0.04909658443593751,0.04909658443593751,0.0,349.29,
2634,NFCORE_CHIPSEQ:CHIPSEQ:HOMER_ANNOTATEPEAKS_MACS2,1702290219000,1702290622000,1,100.9,,4807720960.0,,,0.2523329834466797,0.2523329834466797,0.0,349.29,
2730,NFCORE_CHIPSEQ:CHIPSEQ:BEDTOOLS_GENOMECOV,1702290426000,1702290622000,2,121.6,,4567597056.0,,,0.139384962828125,0.139384962828125,0.0,349.29,
2754,NFCORE_CHIPSEQ:CHIPSEQ:PICARD_COLLECTMULTIPLEMETRICS,1702290538000,1702290627000,2,113.1,,2573205504.0,,,0.05358710306601563,0.05358710306601563,0.0,349.29,
2757,NFCORE_CHIPSEQ:CHIPSEQ:PICARD_COLLECTMULTIPLEMETRICS,1702290520000,1702290625000,2,111.3,,2573205504.0,,,0.06236688925195313,0.06236688925195313,0.0,349.29,
2803,NFCORE_CHIPSEQ:CHIPSEQ:UCSC_BEDGRAPHTOBIGWIG,1702290542000,1702290625000,1,99.4,,1073741824.0,,,0.0404289530859375,0.0404289530859375,0.0,349.29,
2817,NFCORE_CHIPSEQ:CHIPSEQ:UCSC_BEDGRAPHTOBIGWIG,1702290555000,1702290625000,1,99.3,,1073741824.0,,,0.0340650833359375,0.0340650833359375,0.0,349.29,
2778,NFCORE_CHIPSEQ:CHIPSEQ:FRIP_SCORE,1702290530000,1702290635000,2,125.4,,1073741824.0,,,0.0634784546484375,0.0634784546484375,0.0,349.29,
2802,NFCORE_CHIPSEQ:CHIPSEQ:UCSC_BEDGRAPHTOBIGWIG,1702290556000,1702290629000,1,100.0,,1073741824.0,,,0.03575587130625,0.03575587130625,0.0,349.29,
2227,NFCORE_CHIPSEQ:CHIPSEQ:PHANTOMPEAKQUALTOOLS,1702289499000,1702290642000,1,13.8,,4294967296.0,,,0.24515044176093753,0.24515044176093753,0.0,349.29,
2684,NFCORE_CHIPSEQ:CHIPSEQ:BEDTOOLS_GENOMECOV,1702290346000,1702290642000,2,119.5,,4567597056.0,,,0.20769152095,0.20769152095,0.0,349.29,
2731,NFCORE_CHIPSEQ:CHIPSEQ:BEDTOOLS_GENOMECOV,1702290405000,1702290647000,2,120.8,,4567597056.0,,,0.1712231283640625,0.1712231283640625,0.0,349.29,
1891,NFCORE_CHIPSEQ:CHIPSEQ:PHANTOMPEAKQUALTOOLS,1702289089000,1702290651000,1,12.9,,4294967296.0,,,0.3286664690890626,0.3286664690890626,0.0,349.29,
2658,NFCORE_CHIPSEQ:CHIPSEQ:MACS2_CALLPEAK,1702290320000,1702290662000,1,97.9,,1892679680.0,,,0.1741899815542969,0.1741899815542969,0.0,349.29,
2772,NFCORE_CHIPSEQ:CHIPSEQ:PICARD_COLLECTMULTIPLEMETRICS,1702290569000,1702290651000,2,114.8,,2573205504.0,,,0.050002158177343756,0.050002158177343756,0.0,349.29,
2834,NFCORE_CHIPSEQ:CHIPSEQ:UCSC_BEDGRAPHTOBIGWIG,1702290578000,1702290653000,1,100.2,,1073741824.0,,,0.036803250117187505,0.036803250117187505,0.0,349.29,
2643,NFCORE_CHIPSEQ:CHIPSEQ:HOMER_ANNOTATEPEAKS_MACS2,1702290269000,1702290674000,1,100.7,,4807720960.0,,,0.25321932046582035,0.25321932046582035,0.0,349.29,
2840,NFCORE_CHIPSEQ:CHIPSEQ:UCSC_BEDGRAPHTOBIGWIG,1702290639000,1702290680000,1,101.1,,1073741824.0,,,0.02028581417421875,0.02028581417421875,0.0,349.29,
2787,NFCORE_CHIPSEQ:CHIPSEQ:FILTER_BAM_BAMTOOLS:BAM_SORT_SAMTOOLS:BAM_STATS_SAMTOOLS:SAMTOOLS_STATS,1702290650000,1702290686000,2,128.2,,1073741824.0,,,0.022219428431249997,0.022219428431249997,0.0,349.29,
2675,NFCORE_CHIPSEQ:CHIPSEQ:BEDTOOLS_GENOMECOV,1702290326000,1702290688000,2,122.0,,4567597056.0,,,0.25808965937656253,0.25808965937656253,0.0,349.29,
2697,NFCORE_CHIPSEQ:CHIPSEQ:MACS2_CALLPEAK,1702290343000,1702290693000,1,96.5,,1892679680.0,,,0.1760509149902344,0.1760509149902344,0.0,349.29,
2751,NFCORE_CHIPSEQ:CHIPSEQ:MACS2_CALLPEAK,1702290499000,1702290705000,1,96.7,,1892679680.0,,,0.10380466887148439,0.10380466887148439,0.0,349.29,
2847,NFCORE_CHIPSEQ:CHIPSEQ:UCSC_BEDGRAPHTOBIGWIG,1702290657000,1702290706000,1,100.4,,1073741824.0,,,0.024089063796875,0.024089063796875,0.0,349.29,
2798,NFCORE_CHIPSEQ:CHIPSEQ:PICARD_COLLECTMULTIPLEMETRICS,1702290638000,1702290718000,2,116.4,,2573205504.0,,,0.04936086234375001,0.04936086234375001,0.0,349.29,
2799,NFCORE_CHIPSEQ:CHIPSEQ:PICARD_COLLECTMULTIPLEMETRICS,1702290632000,1702290718000,2,111.5,,2573205504.0,,,0.05115915704609376,0.05115915704609376,0.0,349.29,
2698,NFCORE_CHIPSEQ:CHIPSEQ:BEDTOOLS_GENOMECOV,1702290349000,1702290723000,2,121.4,,4567597056.0,,,0.26563133985781257,0.26563133985781257,0.0,349.29,
2704,NFCORE_CHIPSEQ:CHIPSEQ:MACS2_CALLPEAK,1702290352000,1702290724000,1,96.3,,1892679680.0,,,0.18678085364765626,0.18678085364765626,0.0,349.29,
2781,NFCORE_CHIPSEQ:CHIPSEQ:BEDTOOLS_GENOMECOV,1702290534000,1702290724000,2,121.4,,4567597056.0,,,0.13494640260156252,0.13494640260156252,0.0,349.29,
2782,NFCORE_CHIPSEQ:CHIPSEQ:FILTER_BAM_BAMTOOLS:BAM_SORT_SAMTOOLS:BAM_STATS_SAMTOOLS:SAMTOOLS_STATS,1702290690000,1702290721000,2,126.6,,1073741824.0,,,0.0189093174671875,0.0189093174671875,0.0,349.29,
2825,NFCORE_CHIPSEQ:CHIPSEQ:FILTER_BAM_BAMTOOLS:BAM_SORT_SAMTOOLS:BAM_STATS_SAMTOOLS:SAMTOOLS_STATS,1702290691000,1702290724000,2,126.9,,1073741824.0,,,0.020173998925781252,0.020173998925781252,0.0,349.29,
2680,NFCORE_CHIPSEQ:CHIPSEQ:HOMER_ANNOTATEPEAKS_MACS2,1702290325000,1702290747000,1,100.8,,4807720960.0,,,0.26403892765742193,0.26403892765742193,0.0,349.29,
2682,NFCORE_CHIPSEQ:CHIPSEQ:HOMER_ANNOTATEPEAKS_MACS2,1702290334000,1702290749000,1,100.9,,4807720960.0,,,0.2598466206708985,0.2598466206708985,0.0,349.29,
2762,NFCORE_CHIPSEQ:CHIPSEQ:FRIP_SCORE,1702290655000,1702290748000,2,128.4,,1073741824.0,,,0.057484219828125,0.057484219828125,0.0,349.29,
2767,NFCORE_CHIPSEQ:CHIPSEQ:MACS2_CALLPEAK,1702290511000,1702290752000,1,96.3,,1892679680.0,,,0.12100587561582032,0.12100587561582032,0.0,349.29,
2786,NFCORE_CHIPSEQ:CHIPSEQ:MACS2_CALLPEAK,1702290528000,1702290752000,1,96.4,,1892679680.0,,,0.11257138851875001,0.11257138851875001,0.0,349.29,
2794,NFCORE_CHIPSEQ:CHIPSEQ:FILTER_BAM_BAMTOOLS:BAM_SORT_SAMTOOLS:BAM_STATS_SAMTOOLS:SAMTOOLS_STATS,1702290721000,1702290749000,2,126.5,,1073741824.0,,,0.017066733884375,0.017066733884375,0.0,349.29,
2809,NFCORE_CHIPSEQ:CHIPSEQ:MACS2_CALLPEAK,1702290556000,1702290752000,1,96.4,,1892679680.0,,,0.09849996495390625,0.09849996495390625,0.0,349.29,
2811,NFCORE_CHIPSEQ:CHIPSEQ:FILTER_BAM_BAMTOOLS:BAM_SORT_SAMTOOLS:BAM_STATS_SAMTOOLS:SAMTOOLS_STATS,1702290724000,1702290749000,2,124.5,,1073741824.0,,,0.015012268925781249,0.015012268925781249,0.0,349.29,
2820,NFCORE_CHIPSEQ:CHIPSEQ:FILTER_BAM_BAMTOOLS:BAM_SORT_SAMTOOLS:BAM_STATS_SAMTOOLS:SAMTOOLS_STATS,1702290727000,1702290752000,2,128.0,,1073741824.0,,,0.015407569999999999,0.015407569999999999,0.0,349.29,
2821,NFCORE_CHIPSEQ:CHIPSEQ:MACS2_CALLPEAK,1702290560000,1702290753000,1,96.7,,1892679680.0,,,0.09725388879707032,0.09725388879707032,0.0,349.29,
2846,NFCORE_CHIPSEQ:CHIPSEQ:UCSC_BEDGRAPHTOBIGWIG,1702290683000,1702290742000,1,101.0,,1073741824.0,,,0.02916512678593751,0.02916512678593751,0.0,349.29,
2699,NFCORE_CHIPSEQ:CHIPSEQ:HOMER_ANNOTATEPEAKS_MACS2,1702290346000,1702290756000,1,100.9,,4807720960.0,,,0.25671593849414065,0.25671593849414065,0.0,349.29,
2805,NFCORE_CHIPSEQ:CHIPSEQ:FRIP_SCORE,1702290645000,1702290760000,2,122.4,,1073741824.0,,,0.06796540609375001,0.06796540609375001,0.0,349.29,
2721,NFCORE_CHIPSEQ:CHIPSEQ:BEDTOOLS_GENOMECOV,1702290392000,1702290766000,2,120.7,,4567597056.0,,,0.26444859904375,0.26444859904375,0.0,349.29,
2815,NFCORE_CHIPSEQ:CHIPSEQ:MACS2_CALLPEAK,1702290551000,1702290772000,1,96.7,,1892679680.0,,,0.11136326126503908,0.11136326126503908,0.0,349.29,
2862,NFCORE_CHIPSEQ:CHIPSEQ:UCSC_BEDGRAPHTOBIGWIG,1702290728000,1702290772000,1,90.8,,1073741824.0,,,0.019722708362500004,0.019722708362500004,0.0,349.29,
1582,NFCORE_CHIPSEQ:CHIPSEQ:PHANTOMPEAKQUALTOOLS,1702288940000,1702290775000,1,12.1,,4294967296.0,,,0.37947743373046877,0.37947743373046877,0.0,349.29,
2764,NFCORE_CHIPSEQ:CHIPSEQ:FILTER_BAM_BAMTOOLS:BAM_SORT_SAMTOOLS:BAM_STATS_SAMTOOLS:SAMTOOLS_STATS,1702290752000,1702290777000,2,127.3,,1073741824.0,,,0.01532850978515625,0.01532850978515625,0.0,349.29,
2776,NFCORE_CHIPSEQ:CHIPSEQ:FRIP_SCORE,1702290645000,1702290777000,2,121.7,,1073741824.0,,,0.077595028190625,0.077595028190625,0.0,349.29,
2780,NFCORE_CHIPSEQ:CHIPSEQ:MULTIQC_CUSTOM_PEAKS,1702290779000,1702290780000,2,38.6,,1073741824.0,,,0.0002124180453125,0.0002124180453125,0.0,349.29,
2806,NFCORE_CHIPSEQ:CHIPSEQ:FILTER_BAM_BAMTOOLS:BAM_SORT_SAMTOOLS:BAM_STATS_SAMTOOLS:SAMTOOLS_STATS,1702290752000,1702290775000,2,127.0,,1073741824.0,,,0.014071056689062503,0.014071056689062503,0.0,349.29,
2843,NFCORE_CHIPSEQ:CHIPSEQ:MULTIQC_CUSTOM_PEAKS,1702290780000,1702290780000,2,57.5,,1073741824.0,,,0.0,0.0,0.0,349.29,
2863,NFCORE_CHIPSEQ:CHIPSEQ:MULTIQC_CUSTOM_PEAKS,1702290776000,1702290778000,2,12.1,,1073741824.0,,,0.00018539658281250003,0.00018539658281250003,0.0,349.29,
2871,NFCORE_CHIPSEQ:CHIPSEQ:MULTIQC_CUSTOM_PEAKS,1702290783000,1702290783000,2,37.2,,1073741824.0,,,0.0,0.0,0.0,349.29,
2746,NFCORE_CHIPSEQ:CHIPSEQ:MULTIQC_CUSTOM_PEAKS,1702290779000,1702290780000,2,72.7,,1073741824.0,,,0.00036647252109375003,0.00036647252109375003,0.0,349.29,
2763,NFCORE_CHIPSEQ:CHIPSEQ:MULTIQC_CUSTOM_PEAKS,1702290783000,1702290784000,2,103.2,,1073741824.0,,,0.0005042631812500001,0.0005042631812500001,0.0,349.29,
2850,NFCORE_CHIPSEQ:CHIPSEQ:FRIP_SCORE,1702290677000,1702290787000,2,127.6,,1073741824.0,,,0.06759452803124999,0.06759452803124999,0.0,349.29,
2877,NFCORE_CHIPSEQ:CHIPSEQ:MULTIQC_CUSTOM_PEAKS,1702290785000,1702290787000,2,5.2,,1073741824.0,,,0.00012305195625,0.00012305195625,0.0,349.29,
2719,NFCORE_CHIPSEQ:CHIPSEQ:HOMER_ANNOTATEPEAKS_MACS2,1702290378000,1702290790000,1,100.5,,4807720960.0,,,0.2572236900273438,0.2572236900273438,0.0,349.29,
2833,NFCORE_CHIPSEQ:CHIPSEQ:BEDTOOLS_GENOMECOV,1702290590000,1702290799000,2,121.7,,4567597056.0,,,0.1487243043171875,0.1487243043171875,0.0,349.29,
2853,NFCORE_CHIPSEQ:CHIPSEQ:UCSC_BEDGRAPHTOBIGWIG,1702290726000,1702290798000,1,100.1,,1073741824.0,,,0.03529859248125,0.03529859248125,0.0,349.29,
2878,NFCORE_CHIPSEQ:CHIPSEQ:MULTIQC_CUSTOM_PEAKS,1702290792000,1702290797000,2,8.2,,1073741824.0,,,0.00037539578906250007,0.00037539578906250007,0.0,349.29,
2013,NFCORE_CHIPSEQ:CHIPSEQ:FILTER_BAM_BAMTOOLS:BAM_SORT_SAMTOOLS:SAMTOOLS_SORT,1702290790000,1702290803000,5,421.7,,6309281792.0,,,0.027671943114257816,0.027671943114257816,0.0,349.29,
2729,NFCORE_CHIPSEQ:CHIPSEQ:BEDTOOLS_GENOMECOV,1702290416000,1702290804000,2,121.0,,4567597056.0,,,0.274873607834375,0.274873607834375,0.0,349.29,
2859,NFCORE_CHIPSEQ:CHIPSEQ:UCSC_BEDGRAPHTOBIGWIG,1702290726000,1702290803000,1,100.1,,1073741824.0,,,0.03774988362578125,0.03774988362578125,0.0,349.29,
2723,NFCORE_CHIPSEQ:CHIPSEQ:HOMER_ANNOTATEPEAKS_MACS2,1702290400000,1702290809000,1,100.7,,4807720960.0,,,0.2557202520259766,0.2557202520259766,0.0,349.29,
2830,NFCORE_CHIPSEQ:CHIPSEQ:FRIP_SCORE,1702290752000,1702290816000,2,125.1,,1073741824.0,,,0.03860488915,0.03860488915,0.0,349.29,
2855,NFCORE_CHIPSEQ:CHIPSEQ:FRIP_SCORE,1702290710000,1702290816000,2,126.8,,1073741824.0,,,0.06475344198125,0.06475344198125,0.0,349.29,
2857,NFCORE_CHIPSEQ:CHIPSEQ:FRIP_SCORE,1702290760000,1702290816000,2,127.4,,1073741824.0,,,0.0343611611875,0.0343611611875,0.0,349.29,
2865,NFCORE_CHIPSEQ:CHIPSEQ:FRIP_SCORE,1702290756000,1702290819000,2,126.6,,1073741824.0,,,0.0384286129171875,0.0384286129171875,0.0,349.29,
2869,NFCORE_CHIPSEQ:CHIPSEQ:FRIP_SCORE,1702290762000,1702290825000,2,126.4,,1073741824.0,,,0.038371689562500005,0.038371689562500005,0.0,349.29,
2881,NFCORE_CHIPSEQ:CHIPSEQ:FILTER_BAM_BAMTOOLS:BAM_SORT_SAMTOOLS:SAMTOOLS_INDEX,1702290806000,1702290812000,2,152.2,,1073741824.0,,,0.004353790696875,0.004353790696875,0.0,349.29,
2018,NFCORE_CHIPSEQ:CHIPSEQ:FILTER_BAM_BAMTOOLS:BAM_SORT_SAMTOOLS:SAMTOOLS_SORT,1702290806000,1702290822000,5,403.7,,6309281792.0,,,0.032756670890625,0.032756670890625,0.0,349.29,
2243,NFCORE_CHIPSEQ:CHIPSEQ:PHANTOMPEAKQUALTOOLS,1702289507000,1702290823000,1,12.4,,4294967296.0,,,0.27393199233750004,0.27393199233750004,0.0,349.29,
2828,NFCORE_CHIPSEQ:CHIPSEQ:MACS2_CALLPEAK,1702290573000,1702290827000,1,96.3,,1892679680.0,,,0.1275331635121094,0.1275331635121094,0.0,349.29,
2835,NFCORE_CHIPSEQ:CHIPSEQ:BEDTOOLS_GENOMECOV,1702290629000,1702290835000,2,117.7,,4567597056.0,,,0.14286689900312502,0.14286689900312502,0.0,349.29,
2839,NFCORE_CHIPSEQ:CHIPSEQ:BEDTOOLS_GENOMECOV,1702290628000,1702290834000,2,121.9,,4567597056.0,,,0.14677563602500002,0.14677563602500002,0.0,349.29,
2867,NFCORE_CHIPSEQ:CHIPSEQ:FRIP_SCORE,1702290769000,1702290828000,2,126.9,,1073741824.0,,,0.036068664746093757,0.036068664746093757,0.0,349.29,
2886,NFCORE_CHIPSEQ:CHIPSEQ:MULTIQC_CUSTOM_PEAKS,1702290827000,1702290828000,2,53.9,,1073741824.0,,,0.00028153926171875,0.00028153926171875,0.0,349.29,
2887,NFCORE_CHIPSEQ:CHIPSEQ:MULTIQC_CUSTOM_PEAKS,1702290828000,1702290830000,2,4.2,,1073741824.0,,,0.000114016503125,0.000114016503125,0.0,349.29,
2888,NFCORE_CHIPSEQ:CHIPSEQ:MULTIQC_CUSTOM_PEAKS,1702290827000,1702290830000,2,47.3,,1073741824.0,,,0.00075516679921875,0.00075516679921875,0.0,349.29,
2889,NFCORE_CHIPSEQ:CHIPSEQ:MULTIQC_CUSTOM_PEAKS,1702290828000,1702290830000,2,42.1,,1073741824.0,,,0.0004564601765625001,0.0004564601765625001,0.0,349.29,
2893,NFCORE_CHIPSEQ:CHIPSEQ:FILTER_BAM_BAMTOOLS:BAM_SORT_SAMTOOLS:BAM_STATS_SAMTOOLS:SAMTOOLS_IDXSTATS,1702290834000,1702290835000,1,35.6,,1073741824.0,,,0.00019886486562500002,0.00019886486562500002,0.0,349.29,
2891,NFCORE_CHIPSEQ:CHIPSEQ:FILTER_BAM_BAMTOOLS:BAM_SORT_SAMTOOLS:BAM_STATS_SAMTOOLS:SAMTOOLS_FLAGSTAT,1702290830000,1702290837000,2,130.1,,1073741824.0,,,0.00438053018046875,0.00438053018046875,0.0,349.29,
2035,NFCORE_CHIPSEQ:CHIPSEQ:FILTER_BAM_BAMTOOLS:BAM_SORT_SAMTOOLS:SAMTOOLS_SORT,1702290807000,1702290834000,5,422.1,,6309281792.0,,,0.057521288684179696,0.057521288684179696,0.0,349.29,
2439,NFCORE_CHIPSEQ:CHIPSEQ:PHANTOMPEAKQUALTOOLS,1702289880000,1702290834000,1,14.1,,4294967296.0,,,0.20590672788281256,0.20590672788281256,0.0,349.29,
2795,NFCORE_CHIPSEQ:CHIPSEQ:BEDTOOLS_GENOMECOV,1702290631000,1702290835000,2,122.2,,4567597056.0,,,0.145627114715625,0.145627114715625,0.0,349.29,
2874,NFCORE_CHIPSEQ:CHIPSEQ:FRIP_SCORE,1702290778000,1702290838000,2,126.5,,1073741824.0,,,0.036571572609375,0.036571572609375,0.0,349.29,
2879,NFCORE_CHIPSEQ:CHIPSEQ:UCSC_BEDGRAPHTOBIGWIG,1702290804000,1702290848000,1,97.6,,1073741824.0,,,0.02107441215,0.02107441215,0.0,349.29,
2890,NFCORE_CHIPSEQ:CHIPSEQ:MULTIQC_CUSTOM_PEAKS,1702290837000,1702290838000,2,46.4,,1073741824.0,,,0.0002476563125,0.0002476563125,0.0,349.29,
2895,NFCORE_CHIPSEQ:CHIPSEQ:FILTER_BAM_BAMTOOLS:BAM_SORT_SAMTOOLS:SAMTOOLS_INDEX,1702290837000,1702290846000,2,140.5,,1073741824.0,,,0.00605496943828125,0.00605496943828125,0.0,349.29,
2042,NFCORE_CHIPSEQ:CHIPSEQ:FILTER_BAM_BAMTOOLS:BAM_SORT_SAMTOOLS:SAMTOOLS_SORT,1702290819000,1702290848000,5,437.7,,6309281792.0,,,0.06382594437988282,0.06382594437988282,0.0,349.29,
2043,NFCORE_CHIPSEQ:CHIPSEQ:FILTER_BAM_BAMTOOLS:BAM_SORT_SAMTOOLS:SAMTOOLS_SORT,1702290826000,1702290850000,5,386.8,,6309281792.0,,,0.047302616442187514,0.047302616442187514,0.0,349.29,
2832,NFCORE_CHIPSEQ:CHIPSEQ:BEDTOOLS_GENOMECOV,1702290625000,1702290848000,2,121.7,,4567597056.0,,,0.1586866979078125,0.1586866979078125,0.0,349.29,
2837,NFCORE_CHIPSEQ:CHIPSEQ:BEDTOOLS_GENOMECOV,1702290619000,1702290849000,2,121.0,,4567597056.0,,,0.1629405407265625,0.1629405407265625,0.0,349.29,
2872,NFCORE_CHIPSEQ:CHIPSEQ:UCSC_BEDGRAPHTOBIGWIG,1702290775000,1702290848000,1,98.1,,1073741824.0,,,0.03512926263203124,0.03512926263203124,0.0,349.29,
2902,NFCORE_CHIPSEQ:CHIPSEQ:MULTIQC_CUSTOM_PEAKS,1702290851000,1702290853000,2,42.7,,1073741824.0,,,0.00046188144843750006,0.00046188144843750006,0.0,349.29,
2915,NFCORE_CHIPSEQ:CHIPSEQ:FILTER_BAM_BAMTOOLS:BAM_SORT_SAMTOOLS:BAM_STATS_SAMTOOLS:SAMTOOLS_IDXSTATS,1702290852000,1702290853000,1,37.4,,1073741824.0,,,0.00020699677343750003,0.00020699677343750003,0.0,349.29,
2861,NFCORE_CHIPSEQ:CHIPSEQ:FRIP_SCORE,1702290750000,1702290868000,2,125.8,,1073741824.0,,,0.07155092858437502,0.07155092858437502,0.0,349.29,
2892,NFCORE_CHIPSEQ:CHIPSEQ:FILTER_BAM_BAMTOOLS:BAM_SORT_SAMTOOLS:BAM_STATS_SAMTOOLS:SAMTOOLS_STATS,1702290837000,1702290868000,2,123.6,,1073741824.0,,,0.018489168896874998,0.018489168896874998,0.0,349.29,
2918,NFCORE_CHIPSEQ:CHIPSEQ:FILTER_BAM_BAMTOOLS:BAM_SORT_SAMTOOLS:SAMTOOLS_INDEX,1702290854000,1702290865000,2,139.7,,1073741824.0,,,0.007360762208593751,0.007360762208593751,0.0,349.29,
2054,NFCORE_CHIPSEQ:CHIPSEQ:FILTER_BAM_BAMTOOLS:BAM_SORT_SAMTOOLS:SAMTOOLS_SORT,1702290837000,1702290868000,5,410.4,,6309281792.0,,,0.0644043816576172,0.0644043816576172,0.0,349.29,
2172,NFCORE_CHIPSEQ:CHIPSEQ:FILTER_BAM_BAMTOOLS:BAM_SORT_SAMTOOLS:SAMTOOLS_SORT,1702290840000,1702290868000,5,414.0,,6309281792.0,,,0.05862708639921875,0.05862708639921875,0.0,349.29,
2790,NFCORE_CHIPSEQ:CHIPSEQ:MACS2_CALLPEAK,1702290531000,1702290874000,1,96.6,,1892679680.0,,,0.17268485471152348,0.17268485471152348,0.0,349.29,
2910,NFCORE_CHIPSEQ:CHIPSEQ:MULTIQC_CUSTOM_PEAKS,1702290871000,1702290873000,2,129.7,,1073741824.0,,,0.0012479658703125,0.0012479658703125,0.0,349.29,
2154,NFCORE_CHIPSEQ:CHIPSEQ:FILTER_BAM_BAMTOOLS:BAM_SORT_SAMTOOLS:SAMTOOLS_SORT,1702290851000,1702290877000,5,385.6,,6309281792.0,,,0.05110354807695313,0.05110354807695313,0.0,349.29,
2324,NFCORE_CHIPSEQ:CHIPSEQ:PHANTOMPEAKQUALTOOLS,1702289582000,1702290877000,1,13.2,,4294967296.0,,,0.274241101859375,0.274241101859375,0.0,349.29,
2836,NFCORE_CHIPSEQ:CHIPSEQ:BEDTOOLS_GENOMECOV,1702290608000,1702290877000,2,118.3,,4567597056.0,,,0.18728836413437497,0.18728836413437497,0.0,349.29,
2900,NFCORE_CHIPSEQ:CHIPSEQ:UCSC_BEDGRAPHTOBIGWIG,1702290838000,1702290882000,1,98.6,,1073741824.0,,,0.02127319211875,0.02127319211875,0.0,349.29,
2901,NFCORE_CHIPSEQ:CHIPSEQ:UCSC_BEDGRAPHTOBIGWIG,1702290841000,1702290884000,1,99.6,,1073741824.0,,,0.020983972721875004,0.020983972721875004,0.0,349.29,
2906,NFCORE_CHIPSEQ:CHIPSEQ:FILTER_BAM_BAMTOOLS:BAM_SORT_SAMTOOLS:SAMTOOLS_INDEX,1702290871000,1702290881000,2,134.7,,1073741824.0,,,0.006465715679687501,0.006465715679687501,0.0,349.29,
2916,NFCORE_CHIPSEQ:CHIPSEQ:FILTER_BAM_BAMTOOLS:BAM_SORT_SAMTOOLS:BAM_STATS_SAMTOOLS:SAMTOOLS_STATS,1702290852000,1702290882000,2,123.2,,1073741824.0,,,0.017838531375000004,0.017838531375000004,0.0,349.29,
2914,NFCORE_CHIPSEQ:CHIPSEQ:FILTER_BAM_BAMTOOLS:BAM_SORT_SAMTOOLS:BAM_STATS_SAMTOOLS:SAMTOOLS_FLAGSTAT,1702290871000,1702290881000,2,129.4,,1073741824.0,,,0.006226276171875001,0.006226276171875001,0.0,349.29,
2927,NFCORE_CHIPSEQ:CHIPSEQ:FILTER_BAM_BAMTOOLS:BAM_SORT_SAMTOOLS:BAM_STATS_SAMTOOLS:SAMTOOLS_IDXSTATS,1702290881000,1702290882000,1,78.5,,1073741824.0,,,0.00039267533515625,0.00039267533515625,0.0,349.29,
2931,NFCORE_CHIPSEQ:CHIPSEQ:FILTER_BAM_BAMTOOLS:BAM_SORT_SAMTOOLS:BAM_STATS_SAMTOOLS:SAMTOOLS_FLAGSTAT,1702290881000,1702290892000,2,127.8,,1073741824.0,,,0.006769391801562502,0.006769391801562502,0.0,349.29,
2935,NFCORE_CHIPSEQ:CHIPSEQ:FILTER_BAM_BAMTOOLS:BAM_SORT_SAMTOOLS:SAMTOOLS_INDEX,1702290878000,1702290891000,2,132.5,,1073741824.0,,,0.00827622340390625,0.00827622340390625,0.0,349.29,
2029,NFCORE_CHIPSEQ:CHIPSEQ:FILTER_BAM_BAMTOOLS:BAM_SORT_SAMTOOLS:SAMTOOLS_SORT,1702290871000,1702290891000,5,358.2,,6309281792.0,,,0.03683470744140625,0.03683470744140625,0.0,349.29,
2073,NFCORE_CHIPSEQ:CHIPSEQ:FILTER_BAM_BAMTOOLS:BAM_SORT_SAMTOOLS:SAMTOOLS_SORT,1702290853000,1702290882000,5,400.3,,6309281792.0,,,0.05892601815019532,0.05892601815019532,0.0,349.29,
2909,NFCORE_CHIPSEQ:CHIPSEQ:UCSC_BEDGRAPHTOBIGWIG,1702290851000,1702290895000,1,99.2,,1073741824.0,,,0.0213924601,0.0213924601,0.0,349.29,
2921,NFCORE_CHIPSEQ:CHIPSEQ:FILTER_BAM_BAMTOOLS:BAM_SORT_SAMTOOLS:SAMTOOLS_INDEX,1702290881000,1702290892000,2,133.6,,1073741824.0,,,0.00705762275625,0.00705762275625,0.0,349.29,
2934,NFCORE_CHIPSEQ:CHIPSEQ:FILTER_BAM_BAMTOOLS:BAM_SORT_SAMTOOLS:SAMTOOLS_INDEX,1702290885000,1702290895000,2,141.1,,1073741824.0,,,0.0067548501796875025,0.0067548501796875025,0.0,349.29,
2954,NFCORE_CHIPSEQ:CHIPSEQ:FILTER_BAM_BAMTOOLS:BAM_SORT_SAMTOOLS:BAM_STATS_SAMTOOLS:SAMTOOLS_IDXSTATS,1702290896000,1702290897000,1,69.6,,1073741824.0,,,0.00035246756875,0.00035246756875,0.0,349.29,
2883,NFCORE_CHIPSEQ:CHIPSEQ:PICARD_COLLECTMULTIPLEMETRICS,1702290816000,1702290906000,2,105.4,,2573205504.0,,,0.05105842083984376,0.05105842083984376,0.0,349.29,
2942,NFCORE_CHIPSEQ:CHIPSEQ:FILTER_BAM_BAMTOOLS:BAM_SORT_SAMTOOLS:SAMTOOLS_INDEX,1702290895000,1702290906000,2,128.3,,1073741824.0,,,0.006794239297656252,0.006794239297656252,0.0,349.29,
2955,NFCORE_CHIPSEQ:CHIPSEQ:FILTER_BAM_BAMTOOLS:BAM_SORT_SAMTOOLS:BAM_STATS_SAMTOOLS:SAMTOOLS_FLAGSTAT,1702290895000,1702290904000,2,124.3,,1073741824.0,,,0.005396284905468751,0.005396284905468751,0.0,349.29,
2961,NFCORE_CHIPSEQ:CHIPSEQ:FILTER_BAM_BAMTOOLS:BAM_SORT_SAMTOOLS:SAMTOOLS_INDEX,1702290895000,1702290904000,2,129.6,,1073741824.0,,,0.0056117804625,0.0056117804625,0.0,349.29,
2968,NFCORE_CHIPSEQ:CHIPSEQ:FILTER_BAM_BAMTOOLS:BAM_SORT_SAMTOOLS:BAM_STATS_SAMTOOLS:SAMTOOLS_IDXSTATS,1702290906000,1702290907000,1,44.4,,1073741824.0,,,0.000238620859375,0.000238620859375,0.0,349.29,
2975,NFCORE_CHIPSEQ:CHIPSEQ:FILTER_BAM_BAMTOOLS:BAM_SORT_SAMTOOLS:BAM_STATS_SAMTOOLS:SAMTOOLS_IDXSTATS,1702290909000,1702290909000,1,76.2,,1073741824.0,,,0.0,0.0,0.0,349.29,
1431,NFCORE_CHIPSEQ:CHIPSEQ:FILTER_BAM_BAMTOOLS:BAM_SORT_SAMTOOLS:SAMTOOLS_SORT,1702290886000,1702290902000,5,416.9,,6309281792.0,,,0.033710814740625,0.033710814740625,0.0,349.29,
1920,NFCORE_CHIPSEQ:CHIPSEQ:PHANTOMPEAKQUALTOOLS,1702289125000,1702290906000,1,12.0,,4294967296.0,,,0.36750564329375,0.36750564329375,0.0,349.29,
2201,NFCORE_CHIPSEQ:CHIPSEQ:PHANTOMPEAKQUALTOOLS,1702289464000,1702290910000,1,12.0,,4294967296.0,,,0.2983790905125,0.2983790905125,0.0,349.29,
2816,NFCORE_CHIPSEQ:CHIPSEQ:BEDTOOLS_GENOMECOV,1702290598000,1702290911000,2,120.7,,4567597056.0,,,0.22131660829062502,0.22131660829062502,0.0,349.29,
2884,NFCORE_CHIPSEQ:CHIPSEQ:UCSC_BEDGRAPHTOBIGWIG,1702290827000,1702290911000,1,100.0,,1073741824.0,,,0.041143742325,0.041143742325,0.0,349.29,
2894,NFCORE_CHIPSEQ:CHIPSEQ:PICARD_COLLECTMULTIPLEMETRICS,1702290838000,1702290916000,2,113.9,,2573205504.0,,,0.047245884105468754,0.047245884105468754,0.0,349.29,
2899,NFCORE_CHIPSEQ:CHIPSEQ:FRIP_SCORE,1702290838000,1702290910000,2,122.4,,1073741824.0,,,0.04255225425,0.04255225425,0.0,349.29,
2923,NFCORE_CHIPSEQ:CHIPSEQ:UCSC_BEDGRAPHTOBIGWIG,1702290864000,1702290914000,1,99.1,,1073741824.0,,,0.0242870251171875,0.0242870251171875,0.0,349.29,
2924,NFCORE_CHIPSEQ:CHIPSEQ:UCSC_BEDGRAPHTOBIGWIG,1702290868000,1702290918000,1,99.4,,1073741824.0,,,0.024354791015625,0.024354791015625,0.0,349.29,
2947,NFCORE_CHIPSEQ:CHIPSEQ:FILTER_BAM_BAMTOOLS:BAM_SORT_SAMTOOLS:BAM_STATS_SAMTOOLS:SAMTOOLS_FLAGSTAT,1702290899000,1702290911000,2,131.4,,1073741824.0,,,0.007579956843750002,0.007579956843750002,0.0,349.29,
2950,NFCORE_CHIPSEQ:CHIPSEQ:FILTER_BAM_BAMTOOLS:BAM_SORT_SAMTOOLS:BAM_STATS_SAMTOOLS:SAMTOOLS_IDXSTATS,1702290909000,1702290910000,1,51.6,,1073741824.0,,,0.000271148490625,0.000271148490625,0.0,349.29,
2964,NFCORE_CHIPSEQ:CHIPSEQ:FILTER_BAM_BAMTOOLS:BAM_SORT_SAMTOOLS:SAMTOOLS_INDEX,1702290906000,1702290913000,2,132.7,,1073741824.0,,,0.00446275280390625,0.00446275280390625,0.0,349.29,
2967,NFCORE_CHIPSEQ:CHIPSEQ:FILTER_BAM_BAMTOOLS:BAM_SORT_SAMTOOLS:BAM_STATS_SAMTOOLS:SAMTOOLS_FLAGSTAT,1702290909000,1702290917000,2,132.6,,1073741824.0,,,0.0050966747375,0.0050966747375,0.0,349.29,
2973,NFCORE_CHIPSEQ:CHIPSEQ:FILTER_BAM_BAMTOOLS:BAM_SORT_SAMTOOLS:BAM_STATS_SAMTOOLS:SAMTOOLS_FLAGSTAT,1702290914000,1702290922000,2,131.1,,1073741824.0,,,0.005042462018750001,0.005042462018750001,0.0,349.29,
2977,NFCORE_CHIPSEQ:CHIPSEQ:FILTER_BAM_BAMTOOLS:BAM_SORT_SAMTOOLS:BAM_STATS_SAMTOOLS:SAMTOOLS_IDXSTATS,1702290913000,1702290914000,1,12.4,,1073741824.0,,,9.405360937500001e-05,9.405360937500001e-05,0.0,349.29,
2976,NFCORE_CHIPSEQ:CHIPSEQ:FILTER_BAM_BAMTOOLS:BAM_SORT_SAMTOOLS:BAM_STATS_SAMTOOLS:SAMTOOLS_FLAGSTAT,1702290915000,1702290924000,2,135.9,,1073741824.0,,,0.0058679355585937515,0.0058679355585937515,0.0,349.29,
2983,NFCORE_CHIPSEQ:CHIPSEQ:FILTER_BAM_BAMTOOLS:BAM_SORT_SAMTOOLS:BAM_STATS_SAMTOOLS:SAMTOOLS_FLAGSTAT,1702290919000,1702290925000,2,140.0,,1073741824.0,,,0.0040230931125,0.0040230931125,0.0,349.29,
2761,NFCORE_CHIPSEQ:CHIPSEQ:HOMER_ANNOTATEPEAKS_MACS2,1702290510000,1702290932000,1,100.1,,4807720960.0,,,0.2627043912308594,0.2627043912308594,0.0,349.29,
2982,NFCORE_CHIPSEQ:CHIPSEQ:FILTER_BAM_BAMTOOLS:BAM_SORT_SAMTOOLS:BAM_STATS_SAMTOOLS:SAMTOOLS_IDXSTATS,1702290921000,1702290924000,1,90.4,,1073741824.0,,,0.00133930884375,0.00133930884375,0.0,349.29,
2987,NFCORE_CHIPSEQ:CHIPSEQ:FILTER_BAM_BAMTOOLS:BAM_SORT_SAMTOOLS:SAMTOOLS_INDEX,1702290916000,1702290924000,2,138.3,,1073741824.0,,,0.00530268306875,0.00530268306875,0.0,349.29,
2775,NFCORE_CHIPSEQ:CHIPSEQ:HOMER_ANNOTATEPEAKS_MACS2,1702290524000,1702290942000,1,100.2,,4807720960.0,,,0.26040314318476565,0.26040314318476565,0.0,349.29,
2777,NFCORE_CHIPSEQ:CHIPSEQ:HOMER_ANNOTATEPEAKS_MACS2,1702290530000,1702290937000,1,100.2,,4807720960.0,,,0.2535504288904297,0.2535504288904297,0.0,349.29,
2999,NFCORE_CHIPSEQ:CHIPSEQ:FILTER_BAM_BAMTOOLS:BAM_SORT_SAMTOOLS:BAM_STATS_SAMTOOLS:SAMTOOLS_FLAGSTAT,1702290929000,1702290938000,2,135.4,,1073741824.0,,,0.005847605789062502,0.005847605789062502,0.0,349.29,
2928,NFCORE_CHIPSEQ:CHIPSEQ:FILTER_BAM_BAMTOOLS:BAM_SORT_SAMTOOLS:BAM_STATS_SAMTOOLS:SAMTOOLS_STATS,1702290918000,1702290956000,2,125.1,,1073741824.0,,,0.0229216529328125,0.0229216529328125,0.0,349.29,
3000,NFCORE_CHIPSEQ:CHIPSEQ:FILTER_BAM_BAMTOOLS:BAM_SORT_SAMTOOLS:BAM_STATS_SAMTOOLS:SAMTOOLS_IDXSTATS,1702290949000,1702290950000,1,66.7,,1073741824.0,,,0.00033936616171875006,0.00033936616171875006,0.0,349.29,
2944,NFCORE_CHIPSEQ:CHIPSEQ:UCSC_BEDGRAPHTOBIGWIG,1702290895000,1702290958000,1,98.3,,1073741824.0,,,0.03037395822890625,0.03037395822890625,0.0,349.29,
2951,NFCORE_CHIPSEQ:CHIPSEQ:FILTER_BAM_BAMTOOLS:BAM_SORT_SAMTOOLS:BAM_STATS_SAMTOOLS:SAMTOOLS_STATS,1702290925000,1702290961000,2,125.6,,1073741824.0,,,0.021796569225,0.021796569225,0.0,349.29,
3007,NFCORE_CHIPSEQ:CHIPSEQ:FILTER_BAM_BAMTOOLS:BAM_SORT_SAMTOOLS:BAM_STATS_SAMTOOLS:SAMTOOLS_FLAGSTAT,1702290959000,1702290967000,2,122.1,,1073741824.0,,,0.004717185706250001,0.004717185706250001,0.0,349.29,
3010,NFCORE_CHIPSEQ:CHIPSEQ:FILTER_BAM_BAMTOOLS:BAM_SORT_SAMTOOLS:BAM_STATS_SAMTOOLS:SAMTOOLS_IDXSTATS,1702290958000,1702290959000,1,14.1,,1073741824.0,,,0.00010173374453125002,0.00010173374453125002,0.0,349.29,
1592,NFCORE_CHIPSEQ:CHIPSEQ:PHANTOMPEAKQUALTOOLS,1702288917000,1702290960000,1,11.2,,4294967296.0,,,0.4141850257125001,0.4141850257125001,0.0,349.29,
2168,NFCORE_CHIPSEQ:CHIPSEQ:PHANTOMPEAKQUALTOOLS,1702289366000,1702290968000,1,11.7,,4294967296.0,,,0.32839814645156257,0.32839814645156257,0.0,349.29,
2917,NFCORE_CHIPSEQ:CHIPSEQ:PICARD_COLLECTMULTIPLEMETRICS,1702290856000,1702290969000,2,107.5,,2573205504.0,,,0.06517874045664064,0.06517874045664064,0.0,349.29,
2804,NFCORE_CHIPSEQ:CHIPSEQ:HOMER_ANNOTATEPEAKS_MACS2,1702290554000,1702290975000,1,100.1,,4807720960.0,,,0.26208186897675784,0.26208186897675784,0.0,349.29,
2907,NFCORE_CHIPSEQ:CHIPSEQ:PICARD_COLLECTMULTIPLEMETRICS,1702290871000,1702290975000,2,110.9,,2573205504.0,,,0.061584981453125,0.061584981453125,0.0,349.29,
2922,NFCORE_CHIPSEQ:CHIPSEQ:PICARD_COLLECTMULTIPLEMETRICS,1702290886000,1702290979000,2,113.4,,2573205504.0,,,0.056121556763671886,0.056121556763671886,0.0,349.29,
2937,NFCORE_CHIPSEQ:CHIPSEQ:PICARD_COLLECTMULTIPLEMETRICS,1702290882000,1702290980000,2,107.3,,2573205504.0,,,0.05643814782265624,0.05643814782265624,0.0,349.29,
2829,NFCORE_CHIPSEQ:CHIPSEQ:HOMER_ANNOTATEPEAKS_MACS2,1702290568000,1702290989000,1,100.2,,4807720960.0,,,0.2622720652650391,0.2622720652650391,0.0,349.29,
2932,NFCORE_CHIPSEQ:CHIPSEQ:PICARD_COLLECTMULTIPLEMETRICS,1702290885000,1702290984000,2,112.2,,2573205504.0,,,0.059205596445703126,0.059205596445703126,0.0,349.29,
2992,NFCORE_CHIPSEQ:CHIPSEQ:UCSC_BEDGRAPHTOBIGWIG,1702290927000,1702290990000,1,100.0,,1073741824.0,,,0.030857806743750008,0.030857806743750008,0.0,349.29,
2379,NFCORE_CHIPSEQ:CHIPSEQ:PHANTOMPEAKQUALTOOLS,1702289737000,1702290990000,1,13.3,,4294967296.0,,,0.2659128669914063,0.2659128669914063,0.0,349.29,
2940,NFCORE_CHIPSEQ:CHIPSEQ:PICARD_COLLECTMULTIPLEMETRICS,1702290908000,1702290997000,2,110.7,,2573205504.0,,,0.05262211667226564,0.05262211667226564,0.0,349.29,
2960,NFCORE_CHIPSEQ:CHIPSEQ:PICARD_COLLECTMULTIPLEMETRICS,1702290917000,1702290994000,2,118.0,,2573205504.0,,,0.04806641391835938,0.04806641391835938,0.0,349.29,
2963,NFCORE_CHIPSEQ:CHIPSEQ:PICARD_COLLECTMULTIPLEMETRICS,1702290916000,1702291002000,2,114.1,,2573205504.0,,,0.05216932070546875,0.05216932070546875,0.0,349.29,
1888,NFCORE_CHIPSEQ:CHIPSEQ:PHANTOMPEAKQUALTOOLS,1702289088000,1702290996000,1,11.4,,4294967296.0,,,0.3885399356062501,0.3885399356062501,0.0,349.29,
2926,NFCORE_CHIPSEQ:CHIPSEQ:MULTIQC_CUSTOM_PEAKS,1702291009000,1702291010000,2,126.3,,1073741824.0,,,0.00060862266484375,0.00060862266484375,0.0,349.29,
2988,NFCORE_CHIPSEQ:CHIPSEQ:PICARD_COLLECTMULTIPLEMETRICS,1702290928000,1702291007000,2,116.7,,2573205504.0,,,0.04885092168398438,0.04885092168398438,0.0,349.29,
2994,NFCORE_CHIPSEQ:CHIPSEQ:MULTIQC_CUSTOM_PEAKS,1702291005000,1702291006000,2,85.7,,1073741824.0,,,0.00042520296640625,0.00042520296640625,0.0,349.29,
2956,NFCORE_CHIPSEQ:CHIPSEQ:FILTER_BAM_BAMTOOLS:BAM_SORT_SAMTOOLS:BAM_STATS_SAMTOOLS:SAMTOOLS_STATS,1702290983000,1702291017000,2,124.9,,1073741824.0,,,0.020478126820312505,0.020478126820312505,0.0,349.29,
2966,NFCORE_CHIPSEQ:CHIPSEQ:FILTER_BAM_BAMTOOLS:BAM_SORT_SAMTOOLS:BAM_STATS_SAMTOOLS:SAMTOOLS_STATS,1702290992000,1702291023000,2,125.3,,1073741824.0,,,0.01872725308671875,0.01872725308671875,0.0,349.29,
2974,NFCORE_CHIPSEQ:CHIPSEQ:FILTER_BAM_BAMTOOLS:BAM_SORT_SAMTOOLS:BAM_STATS_SAMTOOLS:SAMTOOLS_STATS,1702290982000,1702291017000,2,129.0,,1073741824.0,,,0.021728718429687505,0.021728718429687505,0.0,349.29,
2978,NFCORE_CHIPSEQ:CHIPSEQ:FILTER_BAM_BAMTOOLS:BAM_SORT_SAMTOOLS:BAM_STATS_SAMTOOLS:SAMTOOLS_STATS,1702290992000,1702291022000,2,128.0,,1073741824.0,,,0.018489084,0.018489084,0.0,349.29,
2998,NFCORE_CHIPSEQ:CHIPSEQ:FILTER_BAM_BAMTOOLS:BAM_SORT_SAMTOOLS:BAM_STATS_SAMTOOLS:SAMTOOLS_STATS,1702290993000,1702291022000,2,127.0,,1073741824.0,,,0.0177417671296875,0.0177417671296875,0.0,349.29,
3008,NFCORE_CHIPSEQ:CHIPSEQ:FILTER_BAM_BAMTOOLS:BAM_SORT_SAMTOOLS:BAM_STATS_SAMTOOLS:SAMTOOLS_STATS,1702290998000,1702291022000,2,128.9,,1073741824.0,,,0.014888850093750001,0.014888850093750001,0.0,349.29,
2076,NFCORE_CHIPSEQ:CHIPSEQ:PHANTOMPEAKQUALTOOLS,1702289296000,1702291022000,1,11.7,,4294967296.0,,,0.35381722894843753,0.35381722894843753,0.0,349.29,
2471,NFCORE_CHIPSEQ:CHIPSEQ:PHANTOMPEAKQUALTOOLS,1702289894000,1702291022000,1,13.5,,4294967296.0,,,0.24040444569375005,0.24040444569375005,0.0,349.29,
2986,NFCORE_CHIPSEQ:CHIPSEQ:FILTER_BAM_BAMTOOLS:BAM_SORT_SAMTOOLS:BAM_STATS_SAMTOOLS:SAMTOOLS_STATS,1702291000000,1702291025000,2,124.9,,1073741824.0,,,0.01505744619140625,0.01505744619140625,0.0,349.29,
2210,NFCORE_CHIPSEQ:CHIPSEQ:PHANTOMPEAKQUALTOOLS,1702289481000,1702291030000,1,12.7,,4294967296.0,,,0.3245314970554688,0.3245314970554688,0.0,349.29,
1310,NFCORE_CHIPSEQ:CHIPSEQ:FILTER_BAM_BAMTOOLS:BAM_SORT_SAMTOOLS:SAMTOOLS_SORT,1702291025000,1702291052000,5,452.0,,6309281792.0,,,0.06116844933808594,0.06116844933808594,0.0,349.29,
1253,NFCORE_CHIPSEQ:CHIPSEQ:FILTER_BAM_BAMTOOLS:BAM_SORT_SAMTOOLS:SAMTOOLS_SORT,1702291028000,1702291056000,5,397.3,,6309281792.0,,,0.05651459745859375,0.05651459745859375,0.0,349.29,
2849,NFCORE_CHIPSEQ:CHIPSEQ:HOMER_ANNOTATEPEAKS_MACS2,1702290665000,1702291064000,1,101.0,,4807720960.0,,,0.25000869499511724,0.25000869499511724,0.0,349.29,
2903,NFCORE_CHIPSEQ:CHIPSEQ:BEDTOOLS_GENOMECOV,1702290846000,1702291071000,2,120.6,,4567597056.0,,,0.15899175966796877,0.15899175966796877,0.0,349.29,
2912,NFCORE_CHIPSEQ:CHIPSEQ:MACS2_CALLPEAK,1702290852000,1702291067000,1,96.0,,1892679680.0,,,0.10765990645996096,0.10765990645996096,0.0,349.29,
2939,NFCORE_CHIPSEQ:CHIPSEQ:FRIP_SCORE,1702290987000,1702291077000,2,128.1,,1073741824.0,,,0.0555079115390625,0.0555079115390625,0.0,349.29,
3025,NFCORE_CHIPSEQ:CHIPSEQ:FILTER_BAM_BAMTOOLS:BAM_SORT_SAMTOOLS:SAMTOOLS_INDEX,1702291058000,1702291071000,2,123.3,,1073741824.0,,,0.00773590330703125,0.00773590330703125,0.0,349.29,
3026,NFCORE_CHIPSEQ:CHIPSEQ:FILTER_BAM_BAMTOOLS:BAM_SORT_SAMTOOLS:SAMTOOLS_INDEX,1702291078000,1702291087000,2,146.8,,1073741824.0,,,0.006311124534375002,0.006311124534375002,0.0,349.29,
3032,NFCORE_CHIPSEQ:CHIPSEQ:MULTIQC_CUSTOM_PEAKS,1702291080000,1702291081000,2,72.7,,1073741824.0,,,0.00036647252109375003,0.00036647252109375003,0.0,349.29,
3035,NFCORE_CHIPSEQ:CHIPSEQ:FILTER_BAM_BAMTOOLS:BAM_SORT_SAMTOOLS:BAM_STATS_SAMTOOLS:SAMTOOLS_IDXSTATS,1702291083000,1702291085000,1,4.6,,1073741824.0,,,0.000117630684375,0.000117630684375,0.0,349.29,
1242,NFCORE_CHIPSEQ:CHIPSEQ:FILTER_BAM_BAMTOOLS:BAM_SORT_SAMTOOLS:SAMTOOLS_SORT,1702291055000,1702291082000,5,423.7,,6309281792.0,,,0.05771645447167969,0.05771645447167969,0.0,349.29,
2204,NFCORE_CHIPSEQ:CHIPSEQ:FILTER_BAM_BAMTOOLS:BAM_SORT_SAMTOOLS:SAMTOOLS_SORT,1702291060000,1702291091000,5,361.3,,6309281792.0,,,0.05752795005683595,0.05752795005683595,0.0,349.29,
3041,NFCORE_CHIPSEQ:CHIPSEQ:FILTER_BAM_BAMTOOLS:BAM_SORT_SAMTOOLS:BAM_STATS_SAMTOOLS:SAMTOOLS_IDXSTATS,1702291091000,1702291092000,1,116.8,,1073741824.0,,,0.0005657042625,0.0005657042625,0.0,349.29,
3033,NFCORE_CHIPSEQ:CHIPSEQ:FILTER_BAM_BAMTOOLS:BAM_SORT_SAMTOOLS:BAM_STATS_SAMTOOLS:SAMTOOLS_FLAGSTAT,1702291085000,1702291103000,2,135.7,,1073741824.0,,,0.0117196073015625,0.0117196073015625,0.0,349.29,
3038,NFCORE_CHIPSEQ:CHIPSEQ:FILTER_BAM_BAMTOOLS:BAM_SORT_SAMTOOLS:BAM_STATS_SAMTOOLS:SAMTOOLS_FLAGSTAT,1702291091000,1702291103000,2,138.8,,1073741824.0,,,0.007981130962500001,0.007981130962500001,0.0,349.29,
3048,NFCORE_CHIPSEQ:CHIPSEQ:FILTER_BAM_BAMTOOLS:BAM_SORT_SAMTOOLS:SAMTOOLS_INDEX,1702291095000,1702291110000,2,138.6,,1073741824.0,,,0.009962860523437499,0.009962860523437499,0.0,349.29,
2854,NFCORE_CHIPSEQ:CHIPSEQ:HOMER_ANNOTATEPEAKS_MACS2,1702290697000,1702291115000,1,100.2,,4807720960.0,,,0.26040314318476565,0.26040314318476565,0.0,349.29,
2958,NFCORE_CHIPSEQ:CHIPSEQ:MACS2_CALLPEAK,1702290895000,1702291122000,1,95.3,,1892679680.0,,,0.11295096472089844,0.11295096472089844,0.0,349.29,
2969,NFCORE_CHIPSEQ:CHIPSEQ:MACS2_CALLPEAK,1702290907000,1702291120000,1,96.5,,1892679680.0,,,0.10713955683691408,0.10713955683691408,0.0,349.29,
2979,NFCORE_CHIPSEQ:CHIPSEQ:MACS2_CALLPEAK,1702290911000,1702291122000,1,95.6,,1892679680.0,,,0.1052756353341797,0.1052756353341797,0.0,349.29,
3034,NFCORE_CHIPSEQ:CHIPSEQ:FILTER_BAM_BAMTOOLS:BAM_SORT_SAMTOOLS:BAM_STATS_SAMTOOLS:SAMTOOLS_STATS,1702291085000,1702291125000,2,127.5,,1073741824.0,,,0.024561757468750004,0.024561757468750004,0.0,349.29,
3039,NFCORE_CHIPSEQ:CHIPSEQ:FILTER_BAM_BAMTOOLS:BAM_SORT_SAMTOOLS:BAM_STATS_SAMTOOLS:SAMTOOLS_STATS,1702291091000,1702291122000,2,127.9,,1073741824.0,,,0.01909138184765625,0.01909138184765625,0.0,349.29,
3044,NFCORE_CHIPSEQ:CHIPSEQ:FILTER_BAM_BAMTOOLS:BAM_SORT_SAMTOOLS:SAMTOOLS_INDEX,1702291108000,1702291117000,2,146.4,,1073741824.0,,,0.006294860718750002,0.006294860718750002,0.0,349.29,
2057,NFCORE_CHIPSEQ:CHIPSEQ:PHANTOMPEAKQUALTOOLS,1702289286000,1702291122000,1,11.4,,4294967296.0,,,0.37387805124375006,0.37387805124375006,0.0,349.29,
3029,NFCORE_CHIPSEQ:CHIPSEQ:UCSC_BEDGRAPHTOBIGWIG,1702291079000,1702291129000,1,98.2,,1073741824.0,,,0.024083727421875003,0.024083727421875003,0.0,349.29,
3051,NFCORE_CHIPSEQ:CHIPSEQ:FILTER_BAM_BAMTOOLS:BAM_SORT_SAMTOOLS:BAM_STATS_SAMTOOLS:SAMTOOLS_IDXSTATS,1702291123000,1702291125000,1,66.7,,1073741824.0,,,0.0006787323234375001,0.0006787323234375001,0.0,349.29,
3052,NFCORE_CHIPSEQ:CHIPSEQ:FILTER_BAM_BAMTOOLS:BAM_SORT_SAMTOOLS:BAM_STATS_SAMTOOLS:SAMTOOLS_FLAGSTAT,1702291120000,1702291127000,2,142.4,,1073741824.0,,,0.0047695064375,0.0047695064375,0.0,349.29,
2856,NFCORE_CHIPSEQ:CHIPSEQ:HOMER_ANNOTATEPEAKS_MACS2,1702290721000,1702291136000,1,100.7,,4807720960.0,,,0.259471649366211,0.259471649366211,0.0,349.29,
2930,NFCORE_CHIPSEQ:CHIPSEQ:MACS2_CALLPEAK,1702290877000,1702291137000,1,97.6,,1892679680.0,,,0.13207274950390624,0.13207274950390624,0.0,349.29,
2949,NFCORE_CHIPSEQ:CHIPSEQ:MACS2_CALLPEAK,1702290893000,1702291142000,1,97.9,,1892679680.0,,,0.12682253042988284,0.12682253042988284,0.0,349.29,
2952,NFCORE_CHIPSEQ:CHIPSEQ:BEDTOOLS_GENOMECOV,1702290905000,1702291140000,2,122.0,,4567597056.0,,,0.1675443921367188,0.1675443921367188,0.0,349.29,
3064,NFCORE_CHIPSEQ:CHIPSEQ:FILTER_BAM_BAMTOOLS:BAM_SORT_SAMTOOLS:BAM_STATS_SAMTOOLS:SAMTOOLS_IDXSTATS,1702291132000,1702291133000,1,27.9,,1073741824.0,,,0.00016407837109375,0.00016407837109375,0.0,349.29,
2860,NFCORE_CHIPSEQ:CHIPSEQ:HOMER_ANNOTATEPEAKS_MACS2,1702290727000,1702291145000,1,100.1,,4807720960.0,,,0.2602143022144532,0.2602143022144532,0.0,349.29,
2985,NFCORE_CHIPSEQ:CHIPSEQ:MACS2_CALLPEAK,1702290912000,1702291147000,1,97.5,,1892679680.0,,,0.11926728009277346,0.11926728009277346,0.0,349.29,
3030,NFCORE_CHIPSEQ:CHIPSEQ:FRIP_SCORE,1702291081000,1702291147000,2,127.1,,1073741824.0,,,0.0404076318421875,0.0404076318421875,0.0,349.29,
3063,NFCORE_CHIPSEQ:CHIPSEQ:FILTER_BAM_BAMTOOLS:BAM_SORT_SAMTOOLS:BAM_STATS_SAMTOOLS:SAMTOOLS_FLAGSTAT,1702291139000,1702291147000,2,142.3,,1073741824.0,,,0.005447250318750001,0.005447250318750001,0.0,349.29,
2551,NFCORE_CHIPSEQ:CHIPSEQ:PHANTOMPEAKQUALTOOLS,1702290059000,1702291162000,1,12.8,,4294967296.0,,,0.23158819630000002,0.23158819630000002,0.0,349.29,
3002,NFCORE_CHIPSEQ:CHIPSEQ:MACS2_CALLPEAK,1702290936000,1702291162000,1,96.2,,1892679680.0,,,0.11337228896132813,0.11337228896132813,0.0,349.29,
3009,NFCORE_CHIPSEQ:CHIPSEQ:MACS2_CALLPEAK,1702290959000,1702291167000,1,97.9,,1892679680.0,,,0.105940105740625,0.105940105740625,0.0,349.29,
3027,NFCORE_CHIPSEQ:CHIPSEQ:PICARD_COLLECTMULTIPLEMETRICS,1702291067000,1702291157000,2,112.2,,2573205504.0,,,0.053823269496093756,0.053823269496093756,0.0,349.29,
3053,NFCORE_CHIPSEQ:CHIPSEQ:FILTER_BAM_BAMTOOLS:BAM_SORT_SAMTOOLS:BAM_STATS_SAMTOOLS:SAMTOOLS_STATS,1702291125000,1702291157000,2,126.3,,1073741824.0,,,0.019475925275,0.019475925275,0.0,349.29,
2864,NFCORE_CHIPSEQ:CHIPSEQ:HOMER_ANNOTATEPEAKS_MACS2,1702290754000,1702291169000,1,100.6,,4807720960.0,,,0.2592841637138672,0.2592841637138672,0.0,349.29,
2866,NFCORE_CHIPSEQ:CHIPSEQ:HOMER_ANNOTATEPEAKS_MACS2,1702290755000,1702291165000,1,100.7,,4807720960.0,,,0.25634548491601566,0.25634548491601566,0.0,349.29,
2868,NFCORE_CHIPSEQ:CHIPSEQ:HOMER_ANNOTATEPEAKS_MACS2,1702290755000,1702291169000,1,100.0,,4807720960.0,,,0.25753717931835945,0.25753717931835945,0.0,349.29,
3062,NFCORE_CHIPSEQ:CHIPSEQ:FILTER_BAM_BAMTOOLS:BAM_SORT_SAMTOOLS:BAM_STATS_SAMTOOLS:SAMTOOLS_STATS,1702291142000,1702291177000,2,125.8,,1073741824.0,,,0.0212227330546875,0.0212227330546875,0.0,349.29,
2873,NFCORE_CHIPSEQ:CHIPSEQ:HOMER_ANNOTATEPEAKS_MACS2,1702290777000,1702291181000,1,100.6,,4807720960.0,,,0.25241157142265624,0.25241157142265624,0.0,349.29,
2972,NFCORE_CHIPSEQ:CHIPSEQ:MACS2_CALLPEAK,1702290909000,1702291181000,1,97.9,,1892679680.0,,,0.13853706135312502,0.13853706135312502,0.0,349.29,
3024,NFCORE_CHIPSEQ:CHIPSEQ:PICARD_COLLECTMULTIPLEMETRICS,1702291071000,1702291182000,2,109.2,,2573205504.0,,,0.06487762943320313,0.06487762943320313,0.0,349.29,
3075,NFCORE_CHIPSEQ:CHIPSEQ:MULTIQC_CUSTOM_PEAKS,1702291180000,1702291181000,2,124.7,,1073741824.0,,,0.0006013943023437501,0.0006013943023437501,0.0,349.29,
3006,NFCORE_CHIPSEQ:CHIPSEQ:BEDTOOLS_GENOMECOV,1702290978000,1702291192000,2,122.4,,4567597056.0,,,0.15295905746718752,0.15295905746718752,0.0,349.29,
3047,NFCORE_CHIPSEQ:CHIPSEQ:PICARD_COLLECTMULTIPLEMETRICS,1702291095000,1702291192000,2,112.9,,2573205504.0,,,0.058316277423828125,0.058316277423828125,0.0,349.29,
3074,NFCORE_CHIPSEQ:CHIPSEQ:UCSC_BEDGRAPHTOBIGWIG,1702291151000,1702291202000,1,99.8,,1073741824.0,,,0.024934048457812497,0.024934048457812497,0.0,349.29,
2953,NFCORE_CHIPSEQ:CHIPSEQ:BEDTOOLS_GENOMECOV,1702290895000,1702291212000,2,121.4,,4567597056.0,,,0.22514741907734376,0.22514741907734376,0.0,349.29,
3014,NFCORE_CHIPSEQ:CHIPSEQ:BEDTOOLS_GENOMECOV,1702290973000,1702291212000,2,123.1,,4567597056.0,,,0.171583921890625,0.171583921890625,0.0,349.29,
3057,NFCORE_CHIPSEQ:CHIPSEQ:FRIP_SCORE,1702291128000,1702291212000,2,127.5,,1073741824.0,,,0.05157969068437501,0.05157969068437501,0.0,349.29,
3061,NFCORE_CHIPSEQ:CHIPSEQ:FRIP_SCORE,1702291130000,1702291212000,2,126.7,,1073741824.0,,,0.050055239948437504,0.050055239948437504,0.0,349.29,
2685,NFCORE_CHIPSEQ:CHIPSEQ:PHANTOMPEAKQUALTOOLS,1702290331000,1702291212000,1,14.1,,4294967296.0,,,0.19015076233203126,0.19015076233203126,0.0,349.29,
3045,NFCORE_CHIPSEQ:CHIPSEQ:PICARD_COLLECTMULTIPLEMETRICS,1702291114000,1702291215000,2,113.5,,2573205504.0,,,0.06099484659882813,0.06099484659882813,0.0,349.29,
3086,NFCORE_CHIPSEQ:CHIPSEQ:MULTIQC_CUSTOM_PEAKS,1702291215000,1702291216000,2,58.2,,1073741824.0,,,0.0003009654859375,0.0003009654859375,0.0,349.29,
3087,NFCORE_CHIPSEQ:CHIPSEQ:MULTIQC_CUSTOM_PEAKS,1702291215000,1702291216000,2,3.5,,1073741824.0,,,5.384584296875e-05,5.384584296875e-05,0.0,349.29,
2508,NFCORE_CHIPSEQ:CHIPSEQ:PHANTOMPEAKQUALTOOLS,1702289942000,1702291220000,1,14.1,,4294967296.0,,,0.27583731471093753,0.27583731471093753,0.0,349.29,
3012,NFCORE_CHIPSEQ:CHIPSEQ:BEDTOOLS_GENOMECOV,1702290970000,1702291220000,2,123.2,,4567597056.0,,,0.17959403300781251,0.17959403300781251,0.0,349.29,
2461,NFCORE_CHIPSEQ:CHIPSEQ:PHANTOMPEAKQUALTOOLS,1702289887000,1702291227000,1,12.2,,4294967296.0,,,0.27771696184375005,0.27771696184375005,0.0,349.29,
2981,NFCORE_CHIPSEQ:CHIPSEQ:BEDTOOLS_GENOMECOV,1702290920000,1702291233000,2,122.6,,4567597056.0,,,0.22400330027734375,0.22400330027734375,0.0,349.29,
2191,NFCORE_CHIPSEQ:CHIPSEQ:FILTER_BAM_BAMTOOLS:BAM_SORT_SAMTOOLS:SAMTOOLS_SORT,1702291218000,1702291235000,5,426.9,,6309281792.0,,,0.036585754177539065,0.036585754177539065,0.0,349.29,
3003,NFCORE_CHIPSEQ:CHIPSEQ:BEDTOOLS_GENOMECOV,1702290965000,1702291241000,2,123.4,,4567597056.0,,,0.19852119094687504,0.19852119094687504,0.0,349.29,
3005,NFCORE_CHIPSEQ:CHIPSEQ:BEDTOOLS_GENOMECOV,1702290961000,1702291235000,2,118.2,,4567597056.0,,,0.19064577478593753,0.19064577478593753,0.0,349.29,
3059,NFCORE_CHIPSEQ:CHIPSEQ:FRIP_SCORE,1702291165000,1702291240000,2,127.6,,1073741824.0,,,0.046087178203124995,0.046087178203124995,0.0,349.29,
3071,NFCORE_CHIPSEQ:CHIPSEQ:FRIP_SCORE,1702291150000,1702291240000,2,126.1,,1073741824.0,,,0.054694720757812496,0.054694720757812496,0.0,349.29,
3079,NFCORE_CHIPSEQ:CHIPSEQ:FRIP_SCORE,1702291169000,1702291241000,2,126.8,,1073741824.0,,,0.043983470025000006,0.043983470025000006,0.0,349.29,
2105,NFCORE_CHIPSEQ:CHIPSEQ:FILTER_BAM_BAMTOOLS:BAM_SORT_SAMTOOLS:SAMTOOLS_SORT,1702291223000,1702291241000,5,422.5,,6309281792.0,,,0.03838005342070313,0.03838005342070313,0.0,349.29,
2179,NFCORE_CHIPSEQ:CHIPSEQ:FILTER_BAM_BAMTOOLS:BAM_SORT_SAMTOOLS:SAMTOOLS_SORT,1702291219000,1702291244000,5,374.3,,6309281792.0,,,0.04786176924316407,0.04786176924316407,0.0,349.29,
2898,NFCORE_CHIPSEQ:CHIPSEQ:HOMER_ANNOTATEPEAKS_MACS2,1702290838000,1702291250000,1,100.9,,4807720960.0,,,0.25796821136484377,0.25796821136484377,0.0,349.29,
2997,NFCORE_CHIPSEQ:CHIPSEQ:BEDTOOLS_GENOMECOV,1702290928000,1702291242000,2,122.4,,4567597056.0,,,0.22443525254531255,0.22443525254531255,0.0,349.29,
3004,NFCORE_CHIPSEQ:CHIPSEQ:BEDTOOLS_GENOMECOV,1702290941000,1702291244000,2,122.0,,4567597056.0,,,0.21602532262734375,0.21602532262734375,0.0,349.29,
3073,NFCORE_CHIPSEQ:CHIPSEQ:FRIP_SCORE,1702291160000,1702291251000,2,124.4,,1073741824.0,,,0.05460354757812501,0.05460354757812501,0.0,349.29,
3082,NFCORE_CHIPSEQ:CHIPSEQ:UCSC_BEDGRAPHTOBIGWIG,1702291200000,1702291247000,1,101.2,,1073741824.0,,,0.023275703221875006,0.023275703221875006,0.0,349.29,
3095,NFCORE_CHIPSEQ:CHIPSEQ:FILTER_BAM_BAMTOOLS:BAM_SORT_SAMTOOLS:SAMTOOLS_INDEX,1702291238000,1702291248000,2,143.3,,1073741824.0,,,0.0068542401640625025,0.0068542401640625025,0.0,349.29,
3098,NFCORE_CHIPSEQ:CHIPSEQ:MULTIQC_CUSTOM_PEAKS,1702291246000,1702291247000,2,17.8,,1073741824.0,,,0.00011844933281250002,0.00011844933281250002,0.0,349.29,
3099,NFCORE_CHIPSEQ:CHIPSEQ:MULTIQC_CUSTOM_PEAKS,1702291245000,1702291246000,2,20.9,,1073741824.0,,,0.00013245428515625002,0.00013245428515625002,0.0,349.29,
3100,NFCORE_CHIPSEQ:CHIPSEQ:MULTIQC_CUSTOM_PEAKS,1702291252000,1702291253000,2,77.4,,1073741824.0,,,0.00038770583593750006,0.00038770583593750006,0.0,349.29,
2083,NFCORE_CHIPSEQ:CHIPSEQ:PHANTOMPEAKQUALTOOLS,1702289336000,1702291254000,1,11.0,,4294967296.0,,,0.38711030861562506,0.38711030861562506,0.0,349.29,
3101,NFCORE_CHIPSEQ:CHIPSEQ:FILTER_BAM_BAMTOOLS:BAM_SORT_SAMTOOLS:SAMTOOLS_INDEX,1702291251000,1702291261000,2,130.5,,1073741824.0,,,0.006275971164062501,0.006275971164062501,0.0,349.29,
3106,NFCORE_CHIPSEQ:CHIPSEQ:FILTER_BAM_BAMTOOLS:BAM_SORT_SAMTOOLS:SAMTOOLS_INDEX,1702291247000,1702291256000,2,152.8,,1073741824.0,,,0.006555081768750003,0.006555081768750003,0.0,349.29,
3109,NFCORE_CHIPSEQ:CHIPSEQ:MULTIQC_CUSTOM_PEAKS,1702291255000,1702291255000,2,94.1,,1073741824.0,,,0.0,0.0,0.0,349.29,
3113,NFCORE_CHIPSEQ:CHIPSEQ:FILTER_BAM_BAMTOOLS:BAM_SORT_SAMTOOLS:BAM_STATS_SAMTOOLS:SAMTOOLS_FLAGSTAT,1702291255000,1702291263000,2,128.0,,1073741824.0,,,0.0049304224,0.0049304224,0.0,349.29,
3111,NFCORE_CHIPSEQ:CHIPSEQ:FILTER_BAM_BAMTOOLS:BAM_SORT_SAMTOOLS:BAM_STATS_SAMTOOLS:SAMTOOLS_IDXSTATS,1702291259000,1702291260000,1,55.7,,1073741824.0,,,0.00028967116953125007,0.00028967116953125007,0.0,349.29,
2088,NFCORE_CHIPSEQ:CHIPSEQ:PHANTOMPEAKQUALTOOLS,1702289306000,1702291257000,1,11.4,,4294967296.0,,,0.3972963387671875,0.3972963387671875,0.0,349.29,
2187,NFCORE_CHIPSEQ:CHIPSEQ:FILTER_BAM_BAMTOOLS:BAM_SORT_SAMTOOLS:SAMTOOLS_SORT,1702291245000,1702291259000,5,416.4,,6309281792.0,,,0.029465338812109373,0.029465338812109373,0.0,349.29,
2199,NFCORE_CHIPSEQ:CHIPSEQ:FILTER_BAM_BAMTOOLS:BAM_SORT_SAMTOOLS:SAMTOOLS_SORT,1702291245000,1702291262000,5,369.0,,6309281792.0,,,0.03213895592207031,0.03213895592207031,0.0,349.29,
2219,NFCORE_CHIPSEQ:CHIPSEQ:FILTER_BAM_BAMTOOLS:BAM_SORT_SAMTOOLS:SAMTOOLS_SORT,1702291237000,1702291260000,5,401.4,,6309281792.0,,,0.04684872667011719,0.04684872667011719,0.0,349.29,
3085,NFCORE_CHIPSEQ:CHIPSEQ:UCSC_BEDGRAPHTOBIGWIG,1702291216000,1702291265000,1,100.3,,1073741824.0,,,0.02406692693671875,0.02406692693671875,0.0,349.29,
3119,NFCORE_CHIPSEQ:CHIPSEQ:FILTER_BAM_BAMTOOLS:BAM_SORT_SAMTOOLS:BAM_STATS_SAMTOOLS:SAMTOOLS_IDXSTATS,1702291266000,1702291267000,1,45.7,,1073741824.0,,,0.00024449390390625,0.00024449390390625,0.0,349.29,
3122,NFCORE_CHIPSEQ:CHIPSEQ:FILTER_BAM_BAMTOOLS:BAM_SORT_SAMTOOLS:BAM_STATS_SAMTOOLS:SAMTOOLS_IDXSTATS,1702291266000,1702291269000,1,41.8,,1073741824.0,,,0.0006806243109375,0.0006806243109375,0.0,349.29,
2136,NFCORE_CHIPSEQ:CHIPSEQ:PHANTOMPEAKQUALTOOLS,1702289336000,1702291270000,1,11.3,,4294967296.0,,,0.3929607766421876,0.3929607766421876,0.0,349.29,
2222,NFCORE_CHIPSEQ:CHIPSEQ:PHANTOMPEAKQUALTOOLS,1702289498000,1702291269000,1,12.5,,4294967296.0,,,0.3694426109773438,0.3694426109773438,0.0,349.29,
2495,NFCORE_CHIPSEQ:CHIPSEQ:PHANTOMPEAKQUALTOOLS,1702289937000,1702291273000,1,13.1,,4294967296.0,,,0.28232007040625,0.28232007040625,0.0,349.29,
3081,NFCORE_CHIPSEQ:CHIPSEQ:FRIP_SCORE,1702291187000,1702291275000,2,119.5,,1073741824.0,,,0.05085538693125002,0.05085538693125002,0.0,349.29,
3084,NFCORE_CHIPSEQ:CHIPSEQ:UCSC_BEDGRAPHTOBIGWIG,1702291216000,1702291286000,1,98.7,,1073741824.0,,,0.03387533882031251,0.03387533882031251,0.0,349.29,
3112,NFCORE_CHIPSEQ:CHIPSEQ:FILTER_BAM_BAMTOOLS:BAM_SORT_SAMTOOLS:BAM_STATS_SAMTOOLS:SAMTOOLS_STATS,1702291262000,1702291288000,2,127.2,,1073741824.0,,,0.015929904087500002,0.015929904087500002,0.0,349.29,
3118,NFCORE_CHIPSEQ:CHIPSEQ:FILTER_BAM_BAMTOOLS:BAM_SORT_SAMTOOLS:BAM_STATS_SAMTOOLS:SAMTOOLS_FLAGSTAT,1702291269000,1702291278000,2,120.1,,1073741824.0,,,0.005225514841406251,0.005225514841406251,0.0,349.29,
3123,NFCORE_CHIPSEQ:CHIPSEQ:FILTER_BAM_BAMTOOLS:BAM_SORT_SAMTOOLS:BAM_STATS_SAMTOOLS:SAMTOOLS_FLAGSTAT,1702291273000,1702291283000,2,136.2,,1073741824.0,,,0.006533481578125001,0.006533481578125001,0.0,349.29,
3130,NFCORE_CHIPSEQ:CHIPSEQ:FILTER_BAM_BAMTOOLS:BAM_SORT_SAMTOOLS:SAMTOOLS_INDEX,1702291268000,1702291275000,2,151.3,,1073741824.0,,,0.005050960802343751,0.005050960802343751,0.0,349.29,
3132,NFCORE_CHIPSEQ:CHIPSEQ:FILTER_BAM_BAMTOOLS:BAM_SORT_SAMTOOLS:SAMTOOLS_INDEX,1702291278000,1702291286000,2,145.1,,1073741824.0,,,0.005548447393749999,0.005548447393749999,0.0,349.29,
2938,NFCORE_CHIPSEQ:CHIPSEQ:HOMER_ANNOTATEPEAKS_MACS2,1702290882000,1702291296000,1,100.9,,4807720960.0,,,0.25922048423554694,0.25922048423554694,0.0,349.29,
3117,NFCORE_CHIPSEQ:CHIPSEQ:FILTER_BAM_BAMTOOLS:BAM_SORT_SAMTOOLS:BAM_STATS_SAMTOOLS:SAMTOOLS_STATS,1702291267000,1702291293000,2,122.2,,1073741824.0,,,0.015342599634374999,0.015342599634374999,0.0,349.29,
3124,NFCORE_CHIPSEQ:CHIPSEQ:FILTER_BAM_BAMTOOLS:BAM_SORT_SAMTOOLS:BAM_STATS_SAMTOOLS:SAMTOOLS_STATS,1702291266000,1702291295000,2,126.5,,1073741824.0,,,0.01767626009453125,0.01767626009453125,0.0,349.29,
3142,NFCORE_CHIPSEQ:CHIPSEQ:MULTIQC_CUSTOM_PEAKS,1702291291000,1702291292000,2,5.2,,1073741824.0,,,6.1525978125e-05,6.1525978125e-05,0.0,349.29,
3090,NFCORE_CHIPSEQ:CHIPSEQ:UCSC_BEDGRAPHTOBIGWIG,1702291245000,1702291299000,1,99.8,,1073741824.0,,,0.026400757190625006,0.026400757190625006,0.0,349.29,
3092,NFCORE_CHIPSEQ:CHIPSEQ:UCSC_BEDGRAPHTOBIGWIG,1702291235000,1702291301000,1,99.2,,1073741824.0,,,0.03208869015,0.03208869015,0.0,349.29,
3096,NFCORE_CHIPSEQ:CHIPSEQ:UCSC_BEDGRAPHTOBIGWIG,1702291245000,1702291303000,1,100.0,,1073741824.0,,,0.028408774462500005,0.028408774462500005,0.0,349.29,
3097,NFCORE_CHIPSEQ:CHIPSEQ:UCSC_BEDGRAPHTOBIGWIG,1702291244000,1702291306000,1,99.7,,1073741824.0,,,0.030283970573437503,0.030283970573437503,0.0,349.29,
3136,NFCORE_CHIPSEQ:CHIPSEQ:FILTER_BAM_BAMTOOLS:BAM_SORT_SAMTOOLS:SAMTOOLS_INDEX,1702291289000,1702291299000,2,146.1,,1073741824.0,,,0.0069807365078125,0.0069807365078125,0.0,349.29,
3147,NFCORE_CHIPSEQ:CHIPSEQ:FILTER_BAM_BAMTOOLS:BAM_SORT_SAMTOOLS:BAM_STATS_SAMTOOLS:SAMTOOLS_FLAGSTAT,1702291303000,1702291311000,2,142.8,,1073741824.0,,,0.005465321225000001,0.005465321225000001,0.0,349.29,
3148,NFCORE_CHIPSEQ:CHIPSEQ:FILTER_BAM_BAMTOOLS:BAM_SORT_SAMTOOLS:BAM_STATS_SAMTOOLS:SAMTOOLS_IDXSTATS,1702291312000,1702291314000,1,84.2,,1073741824.0,,,0.0008368527531250001,0.0008368527531250001,0.0,349.29,
2086,NFCORE_CHIPSEQ:CHIPSEQ:PHANTOMPEAKQUALTOOLS,1702289302000,1702291312000,1,12.4,,4294967296.0,,,0.41839156884375006,0.41839156884375006,0.0,349.29,
3107,NFCORE_CHIPSEQ:CHIPSEQ:UCSC_BEDGRAPHTOBIGWIG,1702291256000,1702291322000,1,101.0,,1073741824.0,,,0.032625396065625006,0.032625396065625006,0.0,349.29,
3108,NFCORE_CHIPSEQ:CHIPSEQ:UCSC_BEDGRAPHTOBIGWIG,1702291256000,1702291320000,1,99.9,,1073741824.0,,,0.031318699750000005,0.031318699750000005,0.0,349.29,
3151,NFCORE_CHIPSEQ:CHIPSEQ:FILTER_BAM_BAMTOOLS:BAM_SORT_SAMTOOLS:BAM_STATS_SAMTOOLS:SAMTOOLS_FLAGSTAT,1702291317000,1702291324000,2,135.5,,1073741824.0,,,0.004551300244531251,0.004551300244531251,0.0,349.29,
3153,NFCORE_CHIPSEQ:CHIPSEQ:FILTER_BAM_BAMTOOLS:BAM_SORT_SAMTOOLS:BAM_STATS_SAMTOOLS:SAMTOOLS_IDXSTATS,1702291317000,1702291320000,1,50.4,,1073741824.0,,,0.0007971816562500002,0.0007971816562500002,0.0,349.29,
2736,NFCORE_CHIPSEQ:CHIPSEQ:PHANTOMPEAKQUALTOOLS,1702290472000,1702291327000,1,14.5,,4294967296.0,,,0.18608411105859377,0.18608411105859377,0.0,349.29,
3042,NFCORE_CHIPSEQ:CHIPSEQ:MACS2_CALLPEAK,1702291091000,1702291328000,1,95.9,,1892679680.0,,,0.11856919886191408,0.11856919886191408,0.0,349.29,
3094,NFCORE_CHIPSEQ:CHIPSEQ:PICARD_COLLECTMULTIPLEMETRICS,1702291238000,1702291329000,2,112.4,,2573205504.0,,,0.05450352844726563,0.05450352844726563,0.0,349.29,
3105,NFCORE_CHIPSEQ:CHIPSEQ:PICARD_COLLECTMULTIPLEMETRICS,1702291248000,1702291331000,2,114.8,,2573205504.0,,,0.05061194059414062,0.05061194059414062,0.0,349.29,
3162,NFCORE_CHIPSEQ:CHIPSEQ:FILTER_BAM_BAMTOOLS:BAM_SORT_SAMTOOLS:BAM_STATS_SAMTOOLS:SAMTOOLS_IDXSTATS,1702291335000,1702291335000,1,74.1,,1073741824.0,,,0.0,0.0,0.0,349.29,
3102,NFCORE_CHIPSEQ:CHIPSEQ:PICARD_COLLECTMULTIPLEMETRICS,1702291264000,1702291345000,2,109.5,,2573205504.0,,,0.04745291574726563,0.04745291574726563,0.0,349.29,
3129,NFCORE_CHIPSEQ:CHIPSEQ:PICARD_COLLECTMULTIPLEMETRICS,1702291268000,1702291349000,2,116.0,,2573205504.0,,,0.04983149878242188,0.04983149878242188,0.0,349.29,
3146,NFCORE_CHIPSEQ:CHIPSEQ:FILTER_BAM_BAMTOOLS:BAM_SORT_SAMTOOLS:BAM_STATS_SAMTOOLS:SAMTOOLS_STATS,1702291315000,1702291342000,2,127.6,,1073741824.0,,,0.016591384153125003,0.016591384153125003,0.0,349.29,
3152,NFCORE_CHIPSEQ:CHIPSEQ:FILTER_BAM_BAMTOOLS:BAM_SORT_SAMTOOLS:BAM_STATS_SAMTOOLS:SAMTOOLS_STATS,1702291317000,1702291342000,2,127.2,,1073741824.0,,,0.01531721546875,0.01531721546875,0.0,349.29,
3161,NFCORE_CHIPSEQ:CHIPSEQ:FILTER_BAM_BAMTOOLS:BAM_SORT_SAMTOOLS:BAM_STATS_SAMTOOLS:SAMTOOLS_FLAGSTAT,1702291331000,1702291342000,2,144.0,,1073741824.0,,,0.007574450675000002,0.007574450675000002,0.0,349.29,
2106,NFCORE_CHIPSEQ:CHIPSEQ:PHANTOMPEAKQUALTOOLS,1702289335000,1702291346000,1,11.8,,4294967296.0,,,0.4131486349828125,0.4131486349828125,0.0,349.29,
3037,NFCORE_CHIPSEQ:CHIPSEQ:MACS2_CALLPEAK,1702291083000,1702291362000,1,97.4,,1892679680.0,,,0.14147213051777346,0.14147213051777346,0.0,349.29,
3134,NFCORE_CHIPSEQ:CHIPSEQ:PICARD_COLLECTMULTIPLEMETRICS,1702291283000,1702291362000,2,117.8,,2573205504.0,,,0.049243512122265624,0.049243512122265624,0.0,349.29,
3160,NFCORE_CHIPSEQ:CHIPSEQ:FILTER_BAM_BAMTOOLS:BAM_SORT_SAMTOOLS:BAM_STATS_SAMTOOLS:SAMTOOLS_STATS,1702291332000,1702291362000,2,127.5,,1073741824.0,,,0.0184213181015625,0.0184213181015625,0.0,349.29,
2205,NFCORE_CHIPSEQ:CHIPSEQ:PHANTOMPEAKQUALTOOLS,1702289465000,1702291366000,1,11.9,,4294967296.0,,,0.3914085737242188,0.3914085737242188,0.0,349.29,
3135,NFCORE_CHIPSEQ:CHIPSEQ:PICARD_COLLECTMULTIPLEMETRICS,1702291289000,1702291372000,2,115.5,,2573205504.0,,,0.05087442050742188,0.05087442050742188,0.0,349.29,
3050,NFCORE_CHIPSEQ:CHIPSEQ:BEDTOOLS_GENOMECOV,1702291107000,1702291387000,2,122.5,,4567597056.0,,,0.20025984256250007,0.20025984256250007,0.0,349.29,
2213,NFCORE_CHIPSEQ:CHIPSEQ:PHANTOMPEAKQUALTOOLS,1702289474000,1702291397000,1,11.6,,4294967296.0,,,0.39333201248437505,0.39333201248437505,0.0,349.29,
3054,NFCORE_CHIPSEQ:CHIPSEQ:MACS2_CALLPEAK,1702291119000,1702291402000,1,97.7,,1892679680.0,,,0.14388395977558596,0.14388395977558596,0.0,349.29,
1984,NFCORE_CHIPSEQ:CHIPSEQ:PHANTOMPEAKQUALTOOLS,1702289179000,1702291402000,1,10.7,,4294967296.0,,,0.44565564538828134,0.44565564538828134,0.0,349.29,
3172,NFCORE_CHIPSEQ:CHIPSEQ:FRIP_SCORE,1702291352000,1702291427000,2,129.2,,1073741824.0,,,0.046629305390624994,0.046629305390624994,0.0,349.29,
2295,NFCORE_CHIPSEQ:CHIPSEQ:PHANTOMPEAKQUALTOOLS,1702289538000,1702291430000,1,12.0,,4294967296.0,,,0.39041026227500003,0.39041026227500003,0.0,349.29,
3066,NFCORE_CHIPSEQ:CHIPSEQ:MACS2_CALLPEAK,1702291137000,1702291431000,1,97.5,,1892679680.0,,,0.14921098020117188,0.14921098020117188,0.0,349.29,
3069,NFCORE_CHIPSEQ:CHIPSEQ:BEDTOOLS_GENOMECOV,1702291149000,1702291432000,2,120.8,,4567597056.0,,,0.20023200548359377,0.20023200548359377,0.0,349.29,
3181,NFCORE_CHIPSEQ:CHIPSEQ:MULTIQC_CUSTOM_PEAKS,1702291430000,1702291431000,2,43.2,,1073741824.0,,,0.00023319958750000008,0.00023319958750000008,0.0,349.29,
3176,NFCORE_CHIPSEQ:CHIPSEQ:UCSC_BEDGRAPHTOBIGWIG,1702291393000,1702291447000,1,100.9,,1073741824.0,,,0.026669110148437505,0.026669110148437505,0.0,349.29,
2774,NFCORE_CHIPSEQ:CHIPSEQ:PHANTOMPEAKQUALTOOLS,1702290517000,1702291457000,1,14.2,,4294967296.0,,,0.20330970215625,0.20330970215625,0.0,349.29,
3121,NFCORE_CHIPSEQ:CHIPSEQ:MACS2_CALLPEAK,1702291266000,1702291472000,1,97.7,,1892679680.0,,,0.1047353205433594,0.1047353205433594,0.0,349.29,
2744,NFCORE_CHIPSEQ:CHIPSEQ:PHANTOMPEAKQUALTOOLS,1702290493000,1702291472000,1,14.1,,4294967296.0,,,0.21130260649609378,0.21130260649609378,0.0,349.29,
2770,NFCORE_CHIPSEQ:CHIPSEQ:PHANTOMPEAKQUALTOOLS,1702290537000,1702291477000,1,13.9,,4294967296.0,,,0.202035703265625,0.202035703265625,0.0,349.29,
3031,NFCORE_CHIPSEQ:CHIPSEQ:HOMER_ANNOTATEPEAKS_MACS2,1702291080000,1702291477000,1,100.9,,4807720960.0,,,0.24857616483457037,0.24857616483457037,0.0,349.29,
3114,NFCORE_CHIPSEQ:CHIPSEQ:MACS2_CALLPEAK,1702291259000,1702291477000,1,97.9,,1892679680.0,,,0.11103338005507814,0.11103338005507814,0.0,349.29,
3179,NFCORE_CHIPSEQ:CHIPSEQ:FRIP_SCORE,1702291408000,1702291482000,2,129.6,,1073741824.0,,,0.04614130602500001,0.04614130602500001,0.0,349.29,
3126,NFCORE_CHIPSEQ:CHIPSEQ:MACS2_CALLPEAK,1702291266000,1702291487000,1,98.1,,1892679680.0,,,0.11276104586347656,0.11276104586347656,0.0,349.29,
3194,NFCORE_CHIPSEQ:CHIPSEQ:MULTIQC_CUSTOM_PEAKS,1702291484000,1702291487000,2,157.4,,1073741824.0,,,0.0022473718828125004,0.0022473718828125004,0.0,349.29,
3076,NFCORE_CHIPSEQ:CHIPSEQ:BEDTOOLS_GENOMECOV,1702291160000,1702291489000,2,119.6,,4567597056.0,,,0.23099495209765625,0.23099495209765625,0.0,349.29,
3127,NFCORE_CHIPSEQ:CHIPSEQ:BEDTOOLS_GENOMECOV,1702291271000,1702291493000,2,122.4,,4567597056.0,,,0.15867715307343752,0.15867715307343752,0.0,349.29,
3144,NFCORE_CHIPSEQ:CHIPSEQ:BEDTOOLS_GENOMECOV,1702291292000,1702291502000,2,119.3,,4567597056.0,,,0.147158969671875,0.147158969671875,0.0,349.29,
3185,NFCORE_CHIPSEQ:CHIPSEQ:UCSC_BEDGRAPHTOBIGWIG,1702291437000,1702291502000,1,100.0,,1073741824.0,,,0.031837419656250004,0.031837419656250004,0.0,349.29,
3049,NFCORE_CHIPSEQ:CHIPSEQ:BEDTOOLS_GENOMECOV,1702291125000,1702291518000,2,122.3,,4567597056.0,,,0.280723900003125,0.280723900003125,0.0,349.29,
3058,NFCORE_CHIPSEQ:CHIPSEQ:HOMER_ANNOTATEPEAKS_MACS2,1702291129000,1702291522000,1,100.9,,4807720960.0,,,0.2460716190931641,0.2460716190931641,0.0,349.29,
3150,NFCORE_CHIPSEQ:CHIPSEQ:MACS2_CALLPEAK,1702291316000,1702291518000,1,97.4,,1892679680.0,,,0.10242785076914063,0.10242785076914063,0.0,349.29,
3155,NFCORE_CHIPSEQ:CHIPSEQ:MACS2_CALLPEAK,1702291317000,1702291519000,1,97.3,,1892679680.0,,,0.10233659269257815,0.10233659269257815,0.0,349.29,
3184,NFCORE_CHIPSEQ:CHIPSEQ:FRIP_SCORE,1702291437000,1702291519000,2,129.7,,1073741824.0,,,0.05116660068281251,0.05116660068281251,0.0,349.29,
2797,NFCORE_CHIPSEQ:CHIPSEQ:PHANTOMPEAKQUALTOOLS,1702290534000,1702291526000,1,13.5,,4294967296.0,,,0.21141951252500002,0.21141951252500002,0.0,349.29,
3189,NFCORE_CHIPSEQ:CHIPSEQ:FRIP_SCORE,1702291475000,1702291537000,2,128.5,,1073741824.0,,,0.0383508231234375,0.0383508231234375,0.0,349.29,
3206,NFCORE_CHIPSEQ:CHIPSEQ:MULTIQC_CUSTOM_PEAKS,1702291533000,1702291537000,2,50.8,,1073741824.0,,,0.0010701372375,0.0010701372375,0.0,349.29,
2690,NFCORE_CHIPSEQ:CHIPSEQ:PHANTOMPEAKQUALTOOLS,1702290329000,1702291537000,1,12.5,,4294967296.0,,,0.25199699269375003,0.25199699269375003,0.0,349.29,
3056,NFCORE_CHIPSEQ:CHIPSEQ:HOMER_ANNOTATEPEAKS_MACS2,1702291129000,1702291537000,1,100.3,,4807720960.0,,,0.25435772616093755,0.25435772616093755,0.0,349.29,
3060,NFCORE_CHIPSEQ:CHIPSEQ:HOMER_ANNOTATEPEAKS_MACS2,1702291129000,1702291547000,1,99.9,,4807720960.0,,,0.25983662027382814,0.25983662027382814,0.0,349.29,
3072,NFCORE_CHIPSEQ:CHIPSEQ:HOMER_ANNOTATEPEAKS_MACS2,1702291145000,1702291543000,1,100.9,,4807720960.0,,,0.2492023012699219,0.2492023012699219,0.0,349.29,
3145,NFCORE_CHIPSEQ:CHIPSEQ:BEDTOOLS_GENOMECOV,1702291292000,1702291537000,2,121.5,,4567597056.0,,,0.174120519234375,0.174120519234375,0.0,349.29,
3198,NFCORE_CHIPSEQ:CHIPSEQ:UCSC_BEDGRAPHTOBIGWIG,1702291498000,1702291547000,1,100.2,,1073741824.0,,,0.024044790076562503,0.024044790076562503,0.0,349.29,
2586,NFCORE_CHIPSEQ:CHIPSEQ:PHANTOMPEAKQUALTOOLS,1702290121000,1702291550000,1,13.3,,4294967296.0,,,0.30326375652890625,0.30326375652890625,0.0,349.29,
3070,NFCORE_CHIPSEQ:CHIPSEQ:HOMER_ANNOTATEPEAKS_MACS2,1702291144000,1702291551000,1,100.3,,4807720960.0,,,0.25373430036152345,0.25373430036152345,0.0,349.29,
3164,NFCORE_CHIPSEQ:CHIPSEQ:MACS2_CALLPEAK,1702291334000,1702291550000,1,97.9,,1892679680.0,,,0.1100147251921875,0.1100147251921875,0.0,349.29,
3165,NFCORE_CHIPSEQ:CHIPSEQ:BEDTOOLS_GENOMECOV,1702291335000,1702291555000,2,121.5,,4567597056.0,,,0.1563531193125,0.1563531193125,0.0,349.29,
3208,NFCORE_CHIPSEQ:CHIPSEQ:MULTIQC_CUSTOM_PEAKS,1702291544000,1702291547000,2,126.3,,1073741824.0,,,0.0018258679945312502,0.0018258679945312502,0.0,349.29,
2244,NFCORE_CHIPSEQ:CHIPSEQ:PHANTOMPEAKQUALTOOLS,1702289511000,1702291558000,1,12.1,,4294967296.0,,,0.4233189683085938,0.4233189683085938,0.0,349.29,
3078,NFCORE_CHIPSEQ:CHIPSEQ:HOMER_ANNOTATEPEAKS_MACS2,1702291169000,1702291567000,1,100.8,,4807720960.0,,,0.24902249575273447,0.24902249575273447,0.0,349.29,
3169,NFCORE_CHIPSEQ:CHIPSEQ:BEDTOOLS_GENOMECOV,1702291351000,1702291567000,2,122.4,,4567597056.0,,,0.15438858136875003,0.15438858136875003,0.0,349.29,
3193,NFCORE_CHIPSEQ:CHIPSEQ:FRIP_SCORE,1702291483000,1702291562000,2,121.9,,1073741824.0,,,0.046510828769531255,0.046510828769531255,0.0,349.29,
3199,NFCORE_CHIPSEQ:CHIPSEQ:UCSC_BEDGRAPHTOBIGWIG,1702291518000,1702291567000,1,98.6,,1073741824.0,,,0.0236906003140625,0.0236906003140625,0.0,349.29,
3216,NFCORE_CHIPSEQ:CHIPSEQ:MACS2_CONSENSUS,1702291559000,1702291567000,6,164.9,,1073741824.0,,,0.00626405528125,0.00626405528125,0.0,349.29,
3224,NFCORE_CHIPSEQ:CHIPSEQ:MACS2_CONSENSUS,1702291561000,1702291567000,6,127.9,,1073741824.0,,,0.0036951061640625,0.0036951061640625,0.0,349.29,
3195,NFCORE_CHIPSEQ:CHIPSEQ:FRIP_SCORE,1702291493000,1702291574000,2,124.7,,1073741824.0,,,0.04871293848984374,0.04871293848984374,0.0,349.29,
3222,NFCORE_CHIPSEQ:CHIPSEQ:MACS2_CONSENSUS,1702291570000,1702291574000,6,147.8,,1073741824.0,,,0.00282301514375,0.00282301514375,0.0,349.29,
3221,NFCORE_CHIPSEQ:CHIPSEQ:MACS2_CONSENSUS,1702291570000,1702291574000,6,161.8,,1073741824.0,,,0.0030760078312500007,0.0030760078312500007,0.0,349.29,
3197,NFCORE_CHIPSEQ:CHIPSEQ:UCSC_BEDGRAPHTOBIGWIG,1702291518000,1702291585000,1,100.2,,1073741824.0,,,0.032877570104687504,0.032877570104687504,0.0,349.29,
3215,NFCORE_CHIPSEQ:CHIPSEQ:PLOT_MACS2_QC,1702291559000,1702291582000,2,112.4,,1073741824.0,,,0.012554004109375001,0.012554004109375001,0.0,349.29,
3219,NFCORE_CHIPSEQ:CHIPSEQ:MACS2_CONSENSUS,1702291577000,1702291582000,6,170.0,,1073741824.0,,,0.004030236578125001,0.004030236578125001,0.0,349.29,
3218,NFCORE_CHIPSEQ:CHIPSEQ:MACS2_CONSENSUS,1702291577000,1702291582000,6,141.7,,1073741824.0,,,0.0033909782695312504,0.0033909782695312504,0.0,349.29,
3225,NFCORE_CHIPSEQ:CHIPSEQ:MACS2_CONSENSUS,1702291585000,1702291587000,6,195.4,,1073741824.0,,,0.0018415951406250003,0.0018415951406250003,0.0,349.29,
3220,NFCORE_CHIPSEQ:CHIPSEQ:MACS2_CONSENSUS,1702291584000,1702291587000,6,192.1,,1073741824.0,,,0.0027176672179687503,0.0027176672179687503,0.0,349.29,
3229,NFCORE_CHIPSEQ:CHIPSEQ:MULTIQC_CUSTOM_PEAKS,1702291583000,1702291587000,2,63.2,,1073741824.0,,,0.0012942164750000002,0.0012942164750000002,0.0,349.29,
2760,NFCORE_CHIPSEQ:CHIPSEQ:PHANTOMPEAKQUALTOOLS,1702290500000,1702291591000,1,13.1,,4294967296.0,,,0.23054730300390627,0.23054730300390627,0.0,349.29,
3203,NFCORE_CHIPSEQ:CHIPSEQ:FRIP_SCORE,1702291526000,1702291597000,2,123.1,,1073741824.0,,,0.042185781728906246,0.042185781728906246,0.0,349.29,
3205,NFCORE_CHIPSEQ:CHIPSEQ:FRIP_SCORE,1702291527000,1702291590000,2,128.8,,1073741824.0,,,0.03905476981875001,0.03905476981875001,0.0,349.29,
3223,NFCORE_CHIPSEQ:CHIPSEQ:MACS2_CONSENSUS,1702291590000,1702291592000,6,187.4,,1073741824.0,,,0.001769311515625,0.001769311515625,0.0,349.29,
3217,NFCORE_CHIPSEQ:CHIPSEQ:MACS2_CONSENSUS,1702291590000,1702291592000,6,182.3,,1073741824.0,,,0.0017232307046875003,0.0017232307046875003,0.0,349.29,
3235,NFCORE_CHIPSEQ:CHIPSEQ:MULTIQC_CUSTOM_PEAKS,1702291591000,1702291592000,2,58.7,,1073741824.0,,,0.00030322434921875005,0.00030322434921875005,0.0,349.29,
3080,NFCORE_CHIPSEQ:CHIPSEQ:HOMER_ANNOTATEPEAKS_MACS2,1702291186000,1702291604000,1,100.2,,4807720960.0,,,0.26040314318476565,0.26040314318476565,0.0,349.29,
3201,NFCORE_CHIPSEQ:CHIPSEQ:UCSC_BEDGRAPHTOBIGWIG,1702291525000,1702291608000,1,100.2,,1073741824.0,,,0.04072893012968751,0.04072893012968751,0.0,349.29,
3210,NFCORE_CHIPSEQ:CHIPSEQ:UCSC_BEDGRAPHTOBIGWIG,1702291551000,1702291601000,1,100.2,,1073741824.0,,,0.024535500078125,0.024535500078125,0.0,349.29,
3226,NFCORE_CHIPSEQ:CHIPSEQ:UCSC_BEDGRAPHTOBIGWIG,1702291575000,1702291627000,1,97.2,,1073741824.0,,,0.024812154737499998,0.024812154737499998,0.0,349.29,
3173,NFCORE_CHIPSEQ:CHIPSEQ:BEDTOOLS_GENOMECOV,1702291366000,1702291631000,2,121.1,,4567597056.0,,,0.18785556015625002,0.18785556015625002,0.0,349.29,
3232,NFCORE_CHIPSEQ:CHIPSEQ:SUBREAD_FEATURECOUNTS,1702291595000,1702291637000,5,470.0,,1073741824.0,,,0.09077734194375002,0.09077734194375002,0.0,349.29,
3214,NFCORE_CHIPSEQ:CHIPSEQ:FRIP_SCORE,1702291558000,1702291636000,2,124.5,,1073741824.0,,,0.04683827904843751,0.04683827904843751,0.0,349.29,
3228,NFCORE_CHIPSEQ:CHIPSEQ:UCSC_BEDGRAPHTOBIGWIG,1702291583000,1702291636000,1,100.1,,1073741824.0,,,0.025983686132031256,0.025983686132031256,0.0,349.29,
2568,NFCORE_CHIPSEQ:CHIPSEQ:PHANTOMPEAKQUALTOOLS,1702290107000,1702291652000,1,12.2,,4294967296.0,,,0.3202035119765625,0.3202035119765625,0.0,349.29,
3250,NFCORE_CHIPSEQ:CHIPSEQ:MULTIQC_CUSTOM_PEAKS,1702291647000,1702291657000,2,71.1,,1073741824.0,,,0.0035924415859375004,0.0035924415859375004,0.0,349.29,
2800,NFCORE_CHIPSEQ:CHIPSEQ:PHANTOMPEAKQUALTOOLS,1702290535000,1702291662000,1,13.1,,4294967296.0,,,0.23815473005078128,0.23815473005078128,0.0,349.29,
3234,NFCORE_CHIPSEQ:CHIPSEQ:SUBREAD_FEATURECOUNTS,1702291595000,1702291662000,5,477.1,,1073741824.0,,,0.14696055657890625,0.14696055657890625,0.0,349.29,
3251,NFCORE_CHIPSEQ:CHIPSEQ:MULTIQC_CUSTOM_PEAKS,1702291658000,1702291662000,2,147.7,,1073741824.0,,,0.002821208053125,0.002821208053125,0.0,349.29,
3244,NFCORE_CHIPSEQ:CHIPSEQ:SUBREAD_FEATURECOUNTS,1702291630000,1702291687000,5,456.4,,1073741824.0,,,0.11969567957812502,0.11969567957812502,0.0,349.29,
2449,NFCORE_CHIPSEQ:CHIPSEQ:PHANTOMPEAKQUALTOOLS,1702289903000,1702291682000,1,12.8,,4294967296.0,,,0.37352257590000004,0.37352257590000004,0.0,349.29,
2642,NFCORE_CHIPSEQ:CHIPSEQ:PHANTOMPEAKQUALTOOLS,1702290274000,1702291687000,1,13.2,,4294967296.0,,,0.29922986635312504,0.29922986635312504,0.0,349.29,
3239,NFCORE_CHIPSEQ:CHIPSEQ:SUBREAD_FEATURECOUNTS,1702291639000,1702291689000,5,468.5,,1073741824.0,,,0.10772943472656249,0.10772943472656249,0.0,349.29,
3242,NFCORE_CHIPSEQ:CHIPSEQ:SUBREAD_FEATURECOUNTS,1702291665000,1702291712000,5,475.6,,1073741824.0,,,0.10277323399687503,0.10277323399687503,0.0,349.29,
3246,NFCORE_CHIPSEQ:CHIPSEQ:SUBREAD_FEATURECOUNTS,1702291692000,1702291733000,5,476.7,,1073741824.0,,,0.08985699614609376,0.08985699614609376,0.0,349.29,
2289,NFCORE_CHIPSEQ:CHIPSEQ:PHANTOMPEAKQUALTOOLS,1702289537000,1702291733000,1,11.6,,4294967296.0,,,0.44917165856249996,0.44917165856249996,0.0,349.29,
3255,NFCORE_CHIPSEQ:CHIPSEQ:SUBREAD_FEATURECOUNTS,1702291690000,1702291741000,5,479.2,,1073741824.0,,,0.11234934680624999,0.11234934680624999,0.0,349.29,
3261,NFCORE_CHIPSEQ:CHIPSEQ:MULTIQC_CUSTOM_PEAKS,1702291743000,1702291747000,2,2.7,,1073741824.0,,,0.00020092664687500002,0.00020092664687500002,0.0,349.29,
2581,NFCORE_CHIPSEQ:CHIPSEQ:PHANTOMPEAKQUALTOOLS,1702290116000,1702291757000,1,11.8,,4294967296.0,,,0.3371342168109375,0.3371342168109375,0.0,349.29,
3171,NFCORE_CHIPSEQ:CHIPSEQ:HOMER_ANNOTATEPEAKS_MACS2,1702291352000,1702291762000,1,100.3,,4807720960.0,,,0.25560457775976564,0.25560457775976564,0.0,349.29,
3248,NFCORE_CHIPSEQ:CHIPSEQ:SUBREAD_FEATURECOUNTS,1702291715000,1702291757000,5,474.7,,1073741824.0,,,0.09166914116718751,0.09166914116718751,0.0,349.29,
3259,NFCORE_CHIPSEQ:CHIPSEQ:UCSC_BEDGRAPHTOBIGWIG,1702291698000,1702291764000,1,91.9,,1073741824.0,,,0.029912049492187502,0.029912049492187502,0.0,349.29,
3237,NFCORE_CHIPSEQ:CHIPSEQ:SUBREAD_FEATURECOUNTS,1702291744000,1702291772000,5,450.7,,1073741824.0,,,0.05807684852812501,0.05807684852812501,0.0,349.29,
3253,NFCORE_CHIPSEQ:CHIPSEQ:SUBREAD_FEATURECOUNTS,1702291737000,1702291772000,5,468.1,,1073741824.0,,,0.07534735613671877,0.07534735613671877,0.0,349.29,
3260,NFCORE_CHIPSEQ:CHIPSEQ:DESEQ2_QC,1702291760000,1702291781000,4,132.0,,1303379968.0,,,0.013492665649804688,0.013492665649804688,0.0,349.29,
2238,NFCORE_CHIPSEQ:CHIPSEQ:PHANTOMPEAKQUALTOOLS,1702289508000,1702291782000,1,11.8,,4294967296.0,,,0.4671805051968751,0.4671805051968751,0.0,349.29,
3265,NFCORE_CHIPSEQ:CHIPSEQ:DESEQ2_QC,1702291775000,1702291802000,4,149.2,,1303379968.0,,,0.01944574519394531,0.01944574519394531,0.0,349.29,
2752,NFCORE_CHIPSEQ:CHIPSEQ:PHANTOMPEAKQUALTOOLS,1702290511000,1702291802000,1,13.7,,4294967296.0,,,0.27631021759296875,0.27631021759296875,0.0,349.29,
3266,NFCORE_CHIPSEQ:CHIPSEQ:DESEQ2_QC,1702291784000,1702291810000,4,184.4,,1303379968.0,,,0.022860155758984375,0.022860155758984375,0.0,349.29,
3269,NFCORE_CHIPSEQ:CHIPSEQ:DESEQ2_QC,1702291785000,1702291810000,4,122.5,,1303379968.0,,,0.014989737143554688,0.014989737143554688,0.0,349.29,
2882,NFCORE_CHIPSEQ:CHIPSEQ:PHANTOMPEAKQUALTOOLS,1702290813000,1702291817000,1,13.9,,4294967296.0,,,0.21579132561562506,0.21579132561562506,0.0,349.29,
3270,NFCORE_CHIPSEQ:CHIPSEQ:DESEQ2_QC,1702291805000,1702291827000,4,178.7,,1303379968.0,,,0.018776685808203127,0.018776685808203127,0.0,349.29,
3277,NFCORE_CHIPSEQ:CHIPSEQ:IGV,1702291821000,1702291827000,1,76.3,,1073741824.0,,,0.0022964180203125,0.0022964180203125,0.0,349.29,
2499,NFCORE_CHIPSEQ:CHIPSEQ:PHANTOMPEAKQUALTOOLS,1702289936000,1702291827000,1,12.1,,4294967296.0,,,0.3910582164492188,0.3910582164492188,0.0,349.29,
3271,NFCORE_CHIPSEQ:CHIPSEQ:DESEQ2_QC,1702291814000,1702291832000,4,127.7,,1303379968.0,,,0.011215469949609376,0.011215469949609376,0.0,349.29,
3273,NFCORE_CHIPSEQ:CHIPSEQ:DESEQ2_QC,1702291814000,1702291832000,4,120.8,,1303379968.0,,,0.010654368310546876,0.010654368310546876,0.0,349.29,
3178,NFCORE_CHIPSEQ:CHIPSEQ:HOMER_ANNOTATEPEAKS_MACS2,1702291407000,1702291837000,1,100.0,,4807720960.0,,,0.2674903070214844,0.2674903070214844,0.0,349.29,
3275,NFCORE_CHIPSEQ:CHIPSEQ:DESEQ2_QC,1702291820000,1702291847000,4,110.6,,1303379968.0,,,0.014737370570507813,0.014737370570507813,0.0,349.29,
3279,NFCORE_CHIPSEQ:CHIPSEQ:DESEQ2_QC,1702291832000,1702291852000,4,109.8,,1303379968.0,,,0.010844287167968751,0.010844287167968751,0.0,349.29,
3183,NFCORE_CHIPSEQ:CHIPSEQ:HOMER_ANNOTATEPEAKS_MACS2,1702291437000,1702291865000,1,99.9,,4807720960.0,,,0.2660528073617188,0.2660528073617188,0.0,349.29,
3278,NFCORE_CHIPSEQ:CHIPSEQ:DESEQ2_QC,1702291835000,1702291862000,4,143.5,,1303379968.0,,,0.01875046707597656,0.01875046707597656,0.0,349.29,
2567,NFCORE_CHIPSEQ:CHIPSEQ:PHANTOMPEAKQUALTOOLS,1702290108000,1702291867000,1,12.0,,4294967296.0,,,0.36296598908125005,0.36296598908125005,0.0,349.29,
2896,NFCORE_CHIPSEQ:CHIPSEQ:PHANTOMPEAKQUALTOOLS,1702290838000,1702291912000,1,13.9,,4294967296.0,,,0.23083653756093755,0.23083653756093755,0.0,349.29,
3188,NFCORE_CHIPSEQ:CHIPSEQ:HOMER_ANNOTATEPEAKS_MACS2,1702291474000,1702291921000,1,99.9,,4807720960.0,,,0.27786356282871094,0.27786356282871094,0.0,349.29,
3192,NFCORE_CHIPSEQ:CHIPSEQ:HOMER_ANNOTATEPEAKS_MACS2,1702291484000,1702291921000,1,99.9,,4807720960.0,,,0.2716473757408203,0.2716473757408203,0.0,349.29,
3196,NFCORE_CHIPSEQ:CHIPSEQ:HOMER_ANNOTATEPEAKS_MACS2,1702291491000,1702291923000,1,99.9,,4807720960.0,,,0.26853928219687506,0.26853928219687506,0.0,349.29,
2562,NFCORE_CHIPSEQ:CHIPSEQ:PHANTOMPEAKQUALTOOLS,1702290083000,1702291924000,1,11.8,,4294967296.0,,,0.3782230914984375,0.3782230914984375,0.0,349.29,
1621,NFCORE_CHIPSEQ:CHIPSEQ:DEEPTOOLS_PLOTFINGERPRINT,1702291775000,1702291932000,8,586.1,,4294967296.0,,,0.43959603391015634,0.43959603391015634,0.0,349.29,
3202,NFCORE_CHIPSEQ:CHIPSEQ:HOMER_ANNOTATEPEAKS_MACS2,1702291526000,1702291947000,1,100.0,,4807720960.0,,,0.26189167268847663,0.26189167268847663,0.0,349.29,
2959,NFCORE_CHIPSEQ:CHIPSEQ:PHANTOMPEAKQUALTOOLS,1702290900000,1702291947000,1,13.1,,4294967296.0,,,0.22124933661328128,0.22124933661328128,0.0,349.29,
3204,NFCORE_CHIPSEQ:CHIPSEQ:HOMER_ANNOTATEPEAKS_MACS2,1702291526000,1702291972000,1,99.9,,4807720960.0,,,0.2772419441199219,0.2772419441199219,0.0,349.29,
3213,NFCORE_CHIPSEQ:CHIPSEQ:HOMER_ANNOTATEPEAKS_MACS2,1702291558000,1702291997000,1,100.0,,4807720960.0,,,0.27308894135449224,0.27308894135449224,0.0,349.29,
2464,NFCORE_CHIPSEQ:CHIPSEQ:PHANTOMPEAKQUALTOOLS,1702289888000,1702292009000,1,11.2,,4294967296.0,,,0.4299982572375,0.4299982572375,0.0,349.29,
2342,NFCORE_CHIPSEQ:CHIPSEQ:PHANTOMPEAKQUALTOOLS,1702289613000,1702292017000,1,11.6,,4294967296.0,,,0.4917161508125,0.4917161508125,0.0,349.29,
2490,NFCORE_CHIPSEQ:CHIPSEQ:DEEPTOOLS_PLOTFINGERPRINT,1702291855000,1702292017000,8,571.2,,4294967296.0,,,0.44269101922500004,0.44269101922500004,0.0,349.29,
3233,NFCORE_CHIPSEQ:CHIPSEQ:HOMER_ANNOTATEPEAKS_CONSENSUS,1702291591000,1702292032000,1,99.8,,4841275392.0,,,0.2744587721408203,0.2744587721408203,0.0,349.29,
2416,NFCORE_CHIPSEQ:CHIPSEQ:PHANTOMPEAKQUALTOOLS,1702289852000,1702292027000,1,11.7,,4294967296.0,,,0.44585890669921874,0.44585890669921874,0.0,349.29,
3241,NFCORE_CHIPSEQ:CHIPSEQ:HOMER_ANNOTATEPEAKS_CONSENSUS,1702291604000,1702292034000,1,100.0,,4841275392.0,,,0.2680013862089844,0.2680013862089844,0.0,349.29,
3288,NFCORE_CHIPSEQ:CHIPSEQ:PLOT_HOMER_ANNOTATEPEAKS,1702292011000,1702292035000,2,103.2,,1073741824.0,,,0.01210231635,0.01210231635,0.0,349.29,
3291,NFCORE_CHIPSEQ:CHIPSEQ:ANNOTATE_BOOLEAN_PEAKS,1702292034000,1702292036000,1,74.2,,1073741824.0,,,0.0007464982218750001,0.0007464982218750001,0.0,349.29,
2578,NFCORE_CHIPSEQ:CHIPSEQ:PHANTOMPEAKQUALTOOLS,1702290140000,1702292036000,1,13.4,,4294967296.0,,,0.4032275073375,0.4032275073375,0.0,349.29,
2612,NFCORE_CHIPSEQ:CHIPSEQ:PHANTOMPEAKQUALTOOLS,1702290153000,1702292041000,1,11.8,,4294967296.0,,,0.3878789770500001,0.3878789770500001,0.0,349.29,
3238,NFCORE_CHIPSEQ:CHIPSEQ:HOMER_ANNOTATEPEAKS_CONSENSUS,1702291603000,1702292045000,1,99.7,,4841275392.0,,,0.2748814441191406,0.2748814441191406,0.0,349.29,
3293,NFCORE_CHIPSEQ:CHIPSEQ:ANNOTATE_BOOLEAN_PEAKS,1702292042000,1702292044000,1,112.5,,1073741824.0,,,0.0010925560765625,0.0010925560765625,0.0,349.29,
3296,NFCORE_CHIPSEQ:CHIPSEQ:ANNOTATE_BOOLEAN_PEAKS,1702292051000,1702292052000,1,98.0,,1073741824.0,,,0.0004807710031250001,0.0004807710031250001,0.0,349.29,
3231,NFCORE_CHIPSEQ:CHIPSEQ:HOMER_ANNOTATEPEAKS_CONSENSUS,1702291591000,1702292057000,1,100.0,,4841275392.0,,,0.29043871156601564,0.29043871156601564,0.0,349.29,
3236,NFCORE_CHIPSEQ:CHIPSEQ:HOMER_ANNOTATEPEAKS_CONSENSUS,1702291592000,1702292057000,1,100.0,,4841275392.0,,,0.28981545252832036,0.28981545252832036,0.0,349.29,
3243,NFCORE_CHIPSEQ:CHIPSEQ:HOMER_ANNOTATEPEAKS_CONSENSUS,1702291613000,1702292057000,1,98.7,,4841275392.0,,,0.27411938096484384,0.27411938096484384,0.0,349.29,
2650,NFCORE_CHIPSEQ:CHIPSEQ:PHANTOMPEAKQUALTOOLS,1702290275000,1702292065000,1,12.9,,4294967296.0,,,0.37664083205468757,0.37664083205468757,0.0,349.29,
2755,NFCORE_CHIPSEQ:CHIPSEQ:PHANTOMPEAKQUALTOOLS,1702290511000,1702292062000,1,12.9,,4294967296.0,,,0.3263519164898438,0.3263519164898438,0.0,349.29,
3247,NFCORE_CHIPSEQ:CHIPSEQ:HOMER_ANNOTATEPEAKS_CONSENSUS,1702291639000,1702292065000,1,99.3,,4841275392.0,,,0.26416116399726564,0.26416116399726564,0.0,349.29,
3297,NFCORE_CHIPSEQ:CHIPSEQ:ANNOTATE_BOOLEAN_PEAKS,1702292066000,1702292067000,1,113.1,,1073741824.0,,,0.00054898867421875,0.00054898867421875,0.0,349.29,
3298,NFCORE_CHIPSEQ:CHIPSEQ:ANNOTATE_BOOLEAN_PEAKS,1702292067000,1702292067000,1,110.1,,1073741824.0,,,0.0,0.0,0.0,349.29,
3299,NFCORE_CHIPSEQ:CHIPSEQ:ANNOTATE_BOOLEAN_PEAKS,1702292066000,1702292067000,1,114.4,,1073741824.0,,,0.0005548617187500001,0.0005548617187500001,0.0,349.29,
2962,NFCORE_CHIPSEQ:CHIPSEQ:PHANTOMPEAKQUALTOOLS,1702290898000,1702292077000,1,13.2,,4294967296.0,,,0.24967587574687505,0.24967587574687505,0.0,349.29,
2989,NFCORE_CHIPSEQ:CHIPSEQ:PHANTOMPEAKQUALTOOLS,1702290937000,1702292072000,1,13.0,,4294967296.0,,,0.23933250742968754,0.23933250742968754,0.0,349.29,
3302,NFCORE_CHIPSEQ:CHIPSEQ:ANNOTATE_BOOLEAN_PEAKS,1702292075000,1702292077000,1,119.2,,1073741824.0,,,0.0011530936125000002,0.0011530936125000002,0.0,349.29,
3245,NFCORE_CHIPSEQ:CHIPSEQ:HOMER_ANNOTATEPEAKS_CONSENSUS,1702291631000,1702292092000,1,100.0,,4841275392.0,,,0.2873224163775391,0.2873224163775391,0.0,349.29,
3305,NFCORE_CHIPSEQ:CHIPSEQ:ANNOTATE_BOOLEAN_PEAKS,1702292097000,1702292102000,1,93.7,,1073741824.0,,,0.00230672389453125,0.00230672389453125,0.0,349.29,
3254,NFCORE_CHIPSEQ:CHIPSEQ:HOMER_ANNOTATEPEAKS_CONSENSUS,1702291672000,1702292112000,1,98.9,,4841275392.0,,,0.27204739692968755,0.27204739692968755,0.0,349.29,
3252,NFCORE_CHIPSEQ:CHIPSEQ:HOMER_ANNOTATEPEAKS_CONSENSUS,1702291665000,1702292122000,1,100.0,,4841275392.0,,,0.2848293802267578,0.2848293802267578,0.0,349.29,
3306,NFCORE_CHIPSEQ:CHIPSEQ:ANNOTATE_BOOLEAN_PEAKS,1702292123000,1702292127000,1,84.2,,1073741824.0,,,0.0016737055062500002,0.0016737055062500002,0.0,349.29,
3307,NFCORE_CHIPSEQ:CHIPSEQ:ANNOTATE_BOOLEAN_PEAKS,1702292127000,1702292127000,1,126.3,,1073741824.0,,,0.0,0.0,0.0,349.29,
2661,NFCORE_CHIPSEQ:CHIPSEQ:PHANTOMPEAKQUALTOOLS,1702290294000,1702292134000,1,12.4,,4294967296.0,,,0.38300521725,0.38300521725,0.0,349.29,
2920,NFCORE_CHIPSEQ:CHIPSEQ:PHANTOMPEAKQUALTOOLS,1702290855000,1702292127000,1,13.5,,4294967296.0,,,0.27109437493125,0.27109437493125,0.0,349.29,
3103,NFCORE_CHIPSEQ:CHIPSEQ:PHANTOMPEAKQUALTOOLS,1702291254000,1702292139000,1,14.5,,4294967296.0,,,0.19261337811328125,0.19261337811328125,0.0,349.29,
3131,NFCORE_CHIPSEQ:CHIPSEQ:PHANTOMPEAKQUALTOOLS,1702291268000,1702292147000,1,15.4,,4294967296.0,,,0.19488149818593753,0.19488149818593753,0.0,349.29,
2672,NFCORE_CHIPSEQ:CHIPSEQ:PHANTOMPEAKQUALTOOLS,1702290306000,1702292187000,1,11.9,,4294967296.0,,,0.3872906508023438,0.3872906508023438,0.0,349.29,
2941,NFCORE_CHIPSEQ:CHIPSEQ:PHANTOMPEAKQUALTOOLS,1702290886000,1702292192000,1,13.3,,4294967296.0,,,0.2771605780453125,0.2771605780453125,0.0,349.29,
1961,NFCORE_CHIPSEQ:CHIPSEQ:DEEPTOOLS_PLOTFINGERPRINT,1702292075000,1702292212000,8,627.9,,4294967296.0,,,0.40946775207734376,0.40946775207734376,0.0,349.29,
2351,NFCORE_CHIPSEQ:CHIPSEQ:DEEPTOOLS_PLOTFINGERPRINT,1702292080000,1702292215000,8,565.6,,4294967296.0,,,0.36549378140624994,0.36549378140624994,0.0,349.29,
3104,NFCORE_CHIPSEQ:CHIPSEQ:PHANTOMPEAKQUALTOOLS,1702291248000,1702292227000,1,15.9,,4294967296.0,,,0.21926374424453124,0.21926374424453124,0.0,349.29,
2933,NFCORE_CHIPSEQ:CHIPSEQ:PHANTOMPEAKQUALTOOLS,1702290872000,1702292247000,1,13.8,,4294967296.0,,,0.29490976152343756,0.29490976152343756,0.0,349.29,
2114,NFCORE_CHIPSEQ:CHIPSEQ:DEEPTOOLS_PLOTFINGERPRINT,1702292068000,1702292243000,8,607.5,,4294967296.0,,,0.5069144651757813,0.5069144651757813,0.0,349.29,
3133,NFCORE_CHIPSEQ:CHIPSEQ:PHANTOMPEAKQUALTOOLS,1702291270000,1702292262000,1,14.2,,4294967296.0,,,0.21455662185000002,0.21455662185000002,0.0,349.29,
2017,NFCORE_CHIPSEQ:CHIPSEQ:DEEPTOOLS_COMPUTEMATRIX,1702291266000,1702292287000,9,691.7,,5673844736.0,,,3.3957325635099607,3.3957325635099607,0.0,349.29,
2435,NFCORE_CHIPSEQ:CHIPSEQ:DEEPTOOLS_PLOTFINGERPRINT,1702292137000,1702292292000,8,579.3,,4294967296.0,,,0.42923440063671875,0.42923440063671875,0.0,349.29,
3093,NFCORE_CHIPSEQ:CHIPSEQ:PHANTOMPEAKQUALTOOLS,1702291244000,1702292296000,1,14.9,,4294967296.0,,,0.23086069072187504,0.23086069072187504,0.0,349.29,
2905,NFCORE_CHIPSEQ:CHIPSEQ:PHANTOMPEAKQUALTOOLS,1702290842000,1702292312000,1,13.4,,4294967296.0,,,0.312628921828125,0.312628921828125,0.0,349.29,
2919,NFCORE_CHIPSEQ:CHIPSEQ:PHANTOMPEAKQUALTOOLS,1702290868000,1702292312000,1,13.7,,4294967296.0,,,0.30905650984062505,0.30905650984062505,0.0,349.29,
2936,NFCORE_CHIPSEQ:CHIPSEQ:PHANTOMPEAKQUALTOOLS,1702290885000,1702292307000,1,13.4,,4294967296.0,,,0.30242063050312507,0.30242063050312507,0.0,349.29,
2668,NFCORE_CHIPSEQ:CHIPSEQ:PHANTOMPEAKQUALTOOLS,1702290323000,1702292320000,1,12.2,,4294967296.0,,,0.41388117373281247,0.41388117373281247,0.0,349.29,
3137,NFCORE_CHIPSEQ:CHIPSEQ:PHANTOMPEAKQUALTOOLS,1702291292000,1702292321000,1,15.4,,4294967296.0,,,0.22813772654531253,0.22813772654531253,0.0,349.29,
1843,NFCORE_CHIPSEQ:CHIPSEQ:DEEPTOOLS_COMPUTEMATRIX,1702291345000,1702292332000,9,686.5,,5673844736.0,,,3.259465561213476,3.259465561213476,0.0,349.29,
3028,NFCORE_CHIPSEQ:CHIPSEQ:PHANTOMPEAKQUALTOOLS,1702291071000,1702292332000,1,13.5,,4294967296.0,,,0.2687500053367188,0.2687500053367188,0.0,349.29,
3318,NFCORE_CHIPSEQ:CHIPSEQ:DEEPTOOLS_PLOTPROFILE,1702292299000,1702292362000,1,99.7,,5420089344.0,,,0.04047159784746095,0.04047159784746095,0.0,349.29,
2646,NFCORE_CHIPSEQ:CHIPSEQ:DEEPTOOLS_COMPUTEMATRIX,1702291366000,1702292382000,9,686.9,,5673844736.0,,,3.357071070126563,3.357071070126563,0.0,349.29,
3326,NFCORE_CHIPSEQ:CHIPSEQ:DEEPTOOLS_PLOTPROFILE,1702292337000,1702292400000,1,98.7,,5420089344.0,,,0.04145446710553387,0.04145446710553387,0.0,348.155,
3046,NFCORE_CHIPSEQ:CHIPSEQ:PHANTOMPEAKQUALTOOLS,1702291095000,1702292400000,1,12.9,,4294967296.0,,,0.2781438928613716,0.2781438928613716,0.0,348.155,
3328,NFCORE_CHIPSEQ:CHIPSEQ:DEEPTOOLS_PLOTPROFILE,1702292384000,1702292400000,1,98.2,,5420089344.0,,,0.03669302657213542,0.03669302657213542,0.0,348.155,
3043,NFCORE_CHIPSEQ:CHIPSEQ:PHANTOMPEAKQUALTOOLS,1702291092000,1702292400000,1,13.8,,4294967296.0,,,0.2990780902802084,0.2990780902802084,0.0,348.155,
2391,NFCORE_CHIPSEQ:CHIPSEQ:DEEPTOOLS_COMPUTEMATRIX,1702291490000,1702292400000,9,685.0,,5673844736.0,,,3.4148380003909726,3.4148380003909726,0.0,348.155,
3317,NFCORE_CHIPSEQ:CHIPSEQ:DEEPTOOLS_PLOTHEATMAP,1702292298000,1702292400000,1,99.8,,7430209536.0,,,0.19485426599487846,0.19485426599487846,0.0,348.155,
2593,NFCORE_CHIPSEQ:CHIPSEQ:DEEPTOOLS_COMPUTEMATRIX,1702291595000,1702292400000,9,695.4,,5673844736.0,,,3.3649355021435112,3.3649355021435112,0.0,348.155,
3325,NFCORE_CHIPSEQ:CHIPSEQ:DEEPTOOLS_PLOTHEATMAP,1702292337000,1702292400000,1,99.9,,7430209536.0,,,0.2806905092282552,0.2806905092282552,0.0,348.155,
3329,NFCORE_CHIPSEQ:CHIPSEQ:DEEPTOOLS_PLOTHEATMAP,1702292384000,1702292400000,1,100.0,,7430209536.0,,,0.26502262400807286,0.26502262400807286,0.0,348.155,
3023,NFCORE_CHIPSEQ:CHIPSEQ:PHANTOMPEAKQUALTOOLS,1702291057000,1702292400000,1,13.3,,4294967296.0,,,0.37820481202109374,0.37820481202109374,0.0,348.155,
2583,NFCORE_CHIPSEQ:CHIPSEQ:DEEPTOOLS_COMPUTEMATRIX,1702291865000,1702292400000,9,686.0,,5673844736.0,,,3.444263338104622,3.444263338104622,0.0,348.155,
2726,NFCORE_CHIPSEQ:CHIPSEQ:DEEPTOOLS_COMPUTEMATRIX,1702291935000,1702292400000,9,694.6,,5673844736.0,,,3.3671884204849176,3.3671884204849176,0.0,348.155,
2078,NFCORE_CHIPSEQ:CHIPSEQ:DEEPTOOLS_COMPUTEMATRIX,1702292020000,1702292400000,9,699.9,,5673844736.0,,,3.523120029836197,3.523120029836197,0.0,348.155,
2733,NFCORE_CHIPSEQ:CHIPSEQ:DEEPTOOLS_COMPUTEMATRIX,1702292215000,1702292400000,9,688.2,,5673844736.0,,,3.36489312515254,3.36489312515254,0.0,348.155,
2545,NFCORE_CHIPSEQ:CHIPSEQ:DEEPTOOLS_COMPUTEMATRIX,1702292218000,1702292400000,9,706.0,,5673844736.0,,,3.50383805447283,3.50383805447283,0.0,348.155,
2419,NFCORE_CHIPSEQ:CHIPSEQ:DEEPTOOLS_COMPUTEMATRIX,1702292295000,1702292400000,9,674.4,,5673844736.0,,,3.28369438311517,3.28369438311517,0.0,348.155,
2993,NFCORE_CHIPSEQ:CHIPSEQ:DEEPTOOLS_COMPUTEMATRIX,1702292245000,1702292400000,9,702.7,,5673844736.0,,,3.5985091729687286,3.5985091729687286,0.0,348.155,
2218,NFCORE_CHIPSEQ:CHIPSEQ:DEEPTOOLS_COMPUTEMATRIX,1702292290000,1702292400000,9,715.9,,5673844736.0,,,3.5928189369579426,3.5928189369579426,0.0,348.155,
1771,NFCORE_CHIPSEQ:CHIPSEQ:DEEPTOOLS_COMPUTEMATRIX,1702292335000,1702292400000,9,678.3,,5673844736.0,,,3.3817630204833544,3.3817630204833544,0.0,348.155,
2343,NFCORE_CHIPSEQ:CHIPSEQ:DEEPTOOLS_COMPUTEMATRIX,1702292385000,1702292400000,9,694.6,,5673844736.0,,,3.4237693409482417,3.4237693409482417,0.0,348.155,
3333,NFCORE_CHIPSEQ:CHIPSEQ:DEEPTOOLS_PLOTPROFILE,1702292535000,1702292587000,1,100.0,,5420089344.0,,,0.03325805038246527,0.03325805038246527,0.0,347.02,
3334,NFCORE_CHIPSEQ:CHIPSEQ:CUSTOM_DUMPSOFTWAREVERSIONS,1702292584000,1702292597000,1,71.2,,1073741824.0,,,0.004645657954166667,0.004645657954166667,0.0,347.02,
3336,NFCORE_CHIPSEQ:CHIPSEQ:DEEPTOOLS_PLOTPROFILE,1702292610000,1702292667000,1,99.9,,5420089344.0,,,0.03643035615429688,0.03643035615429688,0.0,347.02,
3332,NFCORE_CHIPSEQ:CHIPSEQ:DEEPTOOLS_PLOTHEATMAP,1702292535000,1702292912000,1,100.1,,7430209536.0,,,0.26795876023741316,0.26795876023741316,0.0,347.02,
3339,NFCORE_CHIPSEQ:CHIPSEQ:DEEPTOOLS_PLOTPROFILE,1702292922000,1702292977000,1,98.9,,5420089344.0,,,0.03490523789605035,0.03490523789605035,0.0,347.02,
3335,NFCORE_CHIPSEQ:CHIPSEQ:DEEPTOOLS_PLOTHEATMAP,1702292610000,1702292997000,1,100.1,,7430209536.0,,,0.2750664196601562,0.2750664196601562,0.0,347.02,
3341,NFCORE_CHIPSEQ:CHIPSEQ:DEEPTOOLS_PLOTPROFILE,1702292953000,1702293002000,1,99.9,,5420089344.0,,,0.03131732371158854,0.03131732371158854,0.0,347.02,
3342,NFCORE_CHIPSEQ:CHIPSEQ:DEEPTOOLS_PLOTPROFILE,1702293077000,1702293117000,1,99.9,,5420089344.0,,,0.02556516221354167,0.02556516221354167,0.0,347.02,
3338,NFCORE_CHIPSEQ:CHIPSEQ:DEEPTOOLS_PLOTHEATMAP,1702292922000,1702293232000,1,100.1,,7430209536.0,,,0.2203374421050347,0.2203374421050347,0.0,347.02,
3340,NFCORE_CHIPSEQ:CHIPSEQ:DEEPTOOLS_PLOTHEATMAP,1702292953000,1702293247000,1,98.7,,7430209536.0,,,0.2071177754515625,0.2071177754515625,0.0,347.02,
3345,NFCORE_CHIPSEQ:CHIPSEQ:DEEPTOOLS_PLOTPROFILE,1702293244000,1702293292000,1,100.0,,5420089344.0,,,0.03069973881458334,0.03069973881458334,0.0,347.02,
3347,NFCORE_CHIPSEQ:CHIPSEQ:DEEPTOOLS_PLOTPROFILE,1702293265000,1702293302000,1,94.4,,5420089344.0,,,0.0227343925015191,0.0227343925015191,0.0,347.02,
3343,NFCORE_CHIPSEQ:CHIPSEQ:DEEPTOOLS_PLOTHEATMAP,1702293077000,1702293352000,1,98.1,,7430209536.0,,,0.19299203264973958,0.19299203264973958,0.0,347.02,
3348,NFCORE_CHIPSEQ:CHIPSEQ:DEEPTOOLS_PLOTPROFILE,1702293315000,1702293362000,1,100.1,,5420089344.0,,,0.030081256244314236,0.030081256244314236,0.0,347.02,
3351,NFCORE_CHIPSEQ:CHIPSEQ:DEEPTOOLS_PLOTPROFILE,1702293325000,1702293377000,1,99.8,,5420089344.0,,,0.033211371372743055,0.033211371372743055,0.0,347.02,
3352,NFCORE_CHIPSEQ:CHIPSEQ:DEEPTOOLS_PLOTPROFILE,1702293351000,1702293407000,1,97.8,,5420089344.0,,,0.03526339521979167,0.03526339521979167,0.0,347.02,
3355,NFCORE_CHIPSEQ:CHIPSEQ:DEEPTOOLS_PLOTPROFILE,1702293381000,1702293437000,1,98.5,,5420089344.0,,,0.03543933917951389,0.03543933917951389,0.0,347.02,
3356,NFCORE_CHIPSEQ:CHIPSEQ:DEEPTOOLS_PLOTPROFILE,1702293419000,1702293477000,1,95.2,,5420089344.0,,,0.035845956550954856,0.035845956550954856,0.0,347.02,
3344,NFCORE_CHIPSEQ:CHIPSEQ:DEEPTOOLS_PLOTHEATMAP,1702293244000,1702293602000,1,99.9,,7430209536.0,,,0.2541328403057292,0.2541328403057292,0.0,347.02,
2430,NFCORE_CHIPSEQ:CHIPSEQ:DEEPTOOLS_COMPUTEMATRIX,1702292530000,1702293602000,9,683.9,,5673844736.0,,,3.5046521094520826,3.5046521094520826,0.0,347.02,
3349,NFCORE_CHIPSEQ:CHIPSEQ:DEEPTOOLS_PLOTHEATMAP,1702293315000,1702293607000,1,100.0,,7430209536.0,,,0.2074125948475694,0.2074125948475694,0.0,347.02,
3346,NFCORE_CHIPSEQ:CHIPSEQ:DEEPTOOLS_PLOTHEATMAP,1702293265000,1702293617000,1,100.0,,7430209536.0,,,0.25003162118611116,0.25003162118611116,0.0,347.02,
3358,NFCORE_CHIPSEQ:CHIPSEQ:DEEPTOOLS_PLOTPROFILE,1702293606000,1702293652000,1,100.0,,5420089344.0,,,0.02942058303064236,0.02942058303064236,0.0,347.02,
2409,NFCORE_CHIPSEQ:CHIPSEQ:DEEPTOOLS_COMPUTEMATRIX,1702292606000,1702293662000,9,699.7,,5673844736.0,,,3.5272313633791668,3.5272313633791668,0.0,347.02,
3350,NFCORE_CHIPSEQ:CHIPSEQ:DEEPTOOLS_PLOTHEATMAP,1702293325000,1702293692000,1,98.7,,7430209536.0,,,0.2585449781997396,0.2585449781997396,0.0,347.02,
3353,NFCORE_CHIPSEQ:CHIPSEQ:DEEPTOOLS_PLOTHEATMAP,1702293351000,1702293722000,1,99.8,,7430209536.0,,,0.2631946094124132,0.2631946094124132,0.0,347.02,
3360,NFCORE_CHIPSEQ:CHIPSEQ:DEEPTOOLS_PLOTPROFILE,1702293669000,1702293722000,1,99.9,,5420089344.0,,,0.033873839932942705,0.033873839932942705,0.0,347.02,
3357,NFCORE_CHIPSEQ:CHIPSEQ:DEEPTOOLS_PLOTHEATMAP,1702293419000,1702293767000,1,99.3,,7430209536.0,,,0.246096986728125,0.246096986728125,0.0,347.02,
3354,NFCORE_CHIPSEQ:CHIPSEQ:DEEPTOOLS_PLOTHEATMAP,1702293381000,1702293792000,1,100.0,,7430209536.0,,,0.29194033041901046,0.29194033041901046,0.0,347.02,
3256,NFCORE_CHIPSEQ:CHIPSEQ:DEEPTOOLS_COMPUTEMATRIX,1702292915000,1702293922000,9,668.8,,5673844736.0,,,3.2239011309226995,3.2239011309226995,0.0,347.02,
2925,NFCORE_CHIPSEQ:CHIPSEQ:DEEPTOOLS_COMPUTEMATRIX,1702292950000,1702293947000,9,688.5,,5673844736.0,,,3.2800417780057725,3.2800417780057725,0.0,347.02,
3362,NFCORE_CHIPSEQ:CHIPSEQ:DEEPTOOLS_PLOTPROFILE,1702293927000,1702293982000,1,99.9,,5420089344.0,,,0.03515209804361979,0.03515209804361979,0.0,347.02,
3359,NFCORE_CHIPSEQ:CHIPSEQ:DEEPTOOLS_PLOTHEATMAP,1702293606000,1702293997000,1,100.1,,7430209536.0,,,0.2779094834292535,0.2779094834292535,0.0,347.02,
3365,NFCORE_CHIPSEQ:CHIPSEQ:DEEPTOOLS_PLOTPROFILE,1702293956000,1702294007000,1,99.9,,5420089344.0,,,0.03259558182226562,0.03259558182226562,0.0,347.02,
3361,NFCORE_CHIPSEQ:CHIPSEQ:DEEPTOOLS_PLOTHEATMAP,1702293669000,1702294037000,1,100.1,,7430209536.0,,,0.26156186675694443,0.26156186675694443,0.0,347.02,
2420,NFCORE_CHIPSEQ:CHIPSEQ:DEEPTOOLS_COMPUTEMATRIX,1702293075000,1702294068000,9,689.2,,5673844736.0,,,3.270001995384245,3.270001995384245,0.0,347.02,
3367,NFCORE_CHIPSEQ:CHIPSEQ:DEEPTOOLS_PLOTPROFILE,1702294071000,1702294117000,1,99.8,,5420089344.0,,,0.029379290060503473,0.029379290060503473,0.0,347.02,
3364,NFCORE_CHIPSEQ:CHIPSEQ:DEEPTOOLS_PLOTHEATMAP,1702293956000,1702294242000,1,99.2,,7430209536.0,,,0.20212375399982638,0.20212375399982638,0.0,347.02,
2347,NFCORE_CHIPSEQ:CHIPSEQ:DEEPTOOLS_COMPUTEMATRIX,1702293240000,1702294272000,9,698.4,,5673844736.0,,,3.4410454219572926,3.4410454219572926,0.0,347.02,
3363,NFCORE_CHIPSEQ:CHIPSEQ:DEEPTOOLS_PLOTHEATMAP,1702293927000,1702294282000,1,98.7,,7430209536.0,,,0.2500911914466146,0.2500911914466146,0.0,347.02,
2414,NFCORE_CHIPSEQ:CHIPSEQ:DEEPTOOLS_COMPUTEMATRIX,1702293315000,1702294297000,9,693.6,,5673844736.0,,,3.253171741518663,3.253171741518663,0.0,347.02,
2536,NFCORE_CHIPSEQ:CHIPSEQ:DEEPTOOLS_COMPUTEMATRIX,1702293260000,1702294322000,9,694.8,,5673844736.0,,,3.523915890017969,3.523915890017969,0.0,347.02,
3366,NFCORE_CHIPSEQ:CHIPSEQ:DEEPTOOLS_PLOTHEATMAP,1702294071000,1702294325000,1,99.0,,7430209536.0,,,0.1792804997880208,0.1792804997880208,0.0,347.02,
3368,NFCORE_CHIPSEQ:CHIPSEQ:DEEPTOOLS_PLOTPROFILE,1702294276000,1702294325000,1,89.4,,5420089344.0,,,0.029008059240234373,0.029008059240234373,0.0,347.02,
3370,NFCORE_CHIPSEQ:CHIPSEQ:DEEPTOOLS_PLOTPROFILE,1702294303000,1702294357000,1,100.0,,5420089344.0,,,0.03453720616640625,0.03453720616640625,0.0,347.02,
3372,NFCORE_CHIPSEQ:CHIPSEQ:DEEPTOOLS_PLOTPROFILE,1702294327000,1702294377000,1,91.9,,5420089344.0,,,0.030161106239149305,0.030161106239149305,0.0,347.02,
1892,NFCORE_CHIPSEQ:CHIPSEQ:DEEPTOOLS_COMPUTEMATRIX,1702293380000,1702294422000,9,684.2,,5673844736.0,,,3.4079772219393236,3.4079772219393236,0.0,347.02,
2735,NFCORE_CHIPSEQ:CHIPSEQ:DEEPTOOLS_COMPUTEMATRIX,1702293345000,1702294427000,9,713.0,,5673844736.0,,,3.6786663593341147,3.6786663593341147,0.0,347.02,
2841,NFCORE_CHIPSEQ:CHIPSEQ:DEEPTOOLS_COMPUTEMATRIX,1702293320000,1702294427000,9,696.9,,5673844736.0,,,3.683668465116796,3.683668465116796,0.0,347.02,
3375,NFCORE_CHIPSEQ:CHIPSEQ:DEEPTOOLS_PLOTPROFILE,1702294425000,1702294482000,1,97.8,,5420089344.0,,,0.035893098705859376,0.035893098705859376,0.0,347.02,
3376,NFCORE_CHIPSEQ:CHIPSEQ:DEEPTOOLS_PLOTPROFILE,1702294435000,1702294492000,1,99.6,,5420089344.0,,,0.03635360509023438,0.03635360509023438,0.0,347.02,
3378,NFCORE_CHIPSEQ:CHIPSEQ:DEEPTOOLS_PLOTPROFILE,1702294435000,1702294495000,1,95.9,,5420089344.0,,,0.03727053540364584,0.03727053540364584,0.0,347.02,
2851,NFCORE_CHIPSEQ:CHIPSEQ:DEEPTOOLS_COMPUTEMATRIX,1702293420000,1702294492000,9,689.2,,5673844736.0,,,3.530153211532639,3.530153211532639,0.0,347.02,
3381,NFCORE_CHIPSEQ:CHIPSEQ:DEEPTOOLS_PLOTPROFILE,1702294502000,1702294567000,1,91.3,,5420089344.0,,,0.03903439182443576,0.03903439182443576,0.0,347.02,
3369,NFCORE_CHIPSEQ:CHIPSEQ:DEEPTOOLS_PLOTHEATMAP,1702294276000,1702294592000,1,100.0,,7430209536.0,,,0.2244602053829861,0.2244602053829861,0.0,347.02,
3371,NFCORE_CHIPSEQ:CHIPSEQ:DEEPTOOLS_PLOTHEATMAP,1702294303000,1702294592000,1,99.9,,7430209536.0,,,0.20515192974401042,0.20515192974401042,0.0,347.02,
2880,NFCORE_CHIPSEQ:CHIPSEQ:DEEPTOOLS_COMPUTEMATRIX,1702293605000,1702294662000,9,698.8,,5673844736.0,,,3.5263017617148003,3.5263017617148003,0.0,347.02,
3373,NFCORE_CHIPSEQ:CHIPSEQ:DEEPTOOLS_PLOTHEATMAP,1702294327000,1702294677000,1,100.0,,7430209536.0,,,0.2486109869748264,0.2486109869748264,0.0,347.02,
3382,NFCORE_CHIPSEQ:CHIPSEQ:DEEPTOOLS_PLOTPROFILE,1702294670000,1702294717000,1,100.0,,5420089344.0,,,0.03006016092261285,0.03006016092261285,0.0,347.02,
2547,NFCORE_CHIPSEQ:CHIPSEQ:DEEPTOOLS_COMPUTEMATRIX,1702293664000,1702294732000,9,703.3,,5673844736.0,,,3.5845704087880206,3.5845704087880206,0.0,347.02,
3377,NFCORE_CHIPSEQ:CHIPSEQ:DEEPTOOLS_PLOTHEATMAP,1702294435000,1702294777000,1,100.0,,7430209536.0,,,0.24292845012968747,0.24292845012968747,0.0,347.02,
3384,NFCORE_CHIPSEQ:CHIPSEQ:DEEPTOOLS_PLOTPROFILE,1702294737000,1702294792000,1,100.0,,5420089344.0,,,0.03517678405837674,0.03517678405837674,0.0,347.02,
3374,NFCORE_CHIPSEQ:CHIPSEQ:DEEPTOOLS_PLOTHEATMAP,1702294425000,1702294817000,1,100.0,,7430209536.0,,,0.27844430541180554,0.27844430541180554,0.0,347.02,
3379,NFCORE_CHIPSEQ:CHIPSEQ:DEEPTOOLS_PLOTHEATMAP,1702294435000,1702294817000,1,100.1,,7430209536.0,,,0.2715125899487847,0.2715125899487847,0.0,347.02,
3380,NFCORE_CHIPSEQ:CHIPSEQ:DEEPTOOLS_PLOTHEATMAP,1702294502000,1702294857000,1,100.0,,7430209536.0,,,0.25216257250303814,0.25216257250303814,0.0,347.02,
2885,NFCORE_CHIPSEQ:CHIPSEQ:DEEPTOOLS_COMPUTEMATRIX,1702293925000,1702294927000,9,671.8,,5673844736.0,,,3.2213857065986975,3.2213857065986975,0.0,347.02,
2727,NFCORE_CHIPSEQ:CHIPSEQ:DEEPTOOLS_COMPUTEMATRIX,1702293950000,1702294947000,9,678.7,,5673844736.0,,,3.236187746045009,3.236187746045009,0.0,347.02,
3386,NFCORE_CHIPSEQ:CHIPSEQ:DEEPTOOLS_PLOTPROFILE,1702294937000,1702295002000,1,91.4,,5420089344.0,,,0.03906356620551214,0.03906356620551214,0.0,347.02,
3388,NFCORE_CHIPSEQ:CHIPSEQ:DEEPTOOLS_PLOTPROFILE,1702294951000,1702295012000,1,91.2,,5420089344.0,,,0.03660489636992188,0.03660489636992188,0.0,347.02,
3383,NFCORE_CHIPSEQ:CHIPSEQ:DEEPTOOLS_PLOTHEATMAP,1702294670000,1702295062000,1,100.1,,7430209536.0,,,0.27862024937152774,0.27862024937152774,0.0,347.02,
2395,NFCORE_CHIPSEQ:CHIPSEQ:DEEPTOOLS_COMPUTEMATRIX,1702294071000,1702295072000,9,672.1,,5673844736.0,,,3.2195186072094177,3.2195186072094177,0.0,347.02,
3385,NFCORE_CHIPSEQ:CHIPSEQ:DEEPTOOLS_PLOTHEATMAP,1702294737000,1702295112000,1,100.0,,7430209536.0,,,0.26636891461588547,0.26636891461588547,0.0,347.02,
3390,NFCORE_CHIPSEQ:CHIPSEQ:DEEPTOOLS_PLOTPROFILE,1702295075000,1702295127000,1,89.4,,5420089344.0,,,0.030784062867187496,0.030784062867187496,0.0,347.02,
3389,NFCORE_CHIPSEQ:CHIPSEQ:DEEPTOOLS_PLOTHEATMAP,1702294951000,1702295262000,1,98.4,,7430209536.0,,,0.21867520877421878,0.21867520877421878,0.0,347.02,
2844,NFCORE_CHIPSEQ:CHIPSEQ:DEEPTOOLS_COMPUTEMATRIX,1702294300000,1702295302000,9,674.1,,5673844736.0,,,3.231729595618489,3.231729595618489,0.0,347.02,
2546,NFCORE_CHIPSEQ:CHIPSEQ:DEEPTOOLS_COMPUTEMATRIX,1702294275000,1702295307000,9,671.3,,5673844736.0,,,3.315518383428125,3.315518383428125,0.0,347.02,
3387,NFCORE_CHIPSEQ:CHIPSEQ:DEEPTOOLS_PLOTHEATMAP,1702294937000,1702295317000,1,100.2,,7430209536.0,,,0.270261615984375,0.270261615984375,0.0,347.02,
3391,NFCORE_CHIPSEQ:CHIPSEQ:DEEPTOOLS_PLOTHEATMAP,1702295075000,1702295357000,1,99.5,,7430209536.0,,,0.19967656414010418,0.19967656414010418,0.0,347.02,
3393,NFCORE_CHIPSEQ:CHIPSEQ:DEEPTOOLS_PLOTPROFILE,1702295307000,1702295357000,1,100.0,,5420089344.0,,,0.0319788945985243,0.0319788945985243,0.0,347.02,
3394,NFCORE_CHIPSEQ:CHIPSEQ:DEEPTOOLS_PLOTPROFILE,1702295313000,1702295367000,1,98.5,,5420089344.0,,,0.03417364849453125,0.03417364849453125,0.0,347.02,
2842,NFCORE_CHIPSEQ:CHIPSEQ:DEEPTOOLS_COMPUTEMATRIX,1702294325000,1702295377000,9,690.1,,5673844736.0,,,3.4685417293845484,3.4685417293845484,0.0,347.02,
3396,NFCORE_CHIPSEQ:CHIPSEQ:DEEPTOOLS_PLOTPROFILE,1702295384000,1702295427000,1,87.0,,5420089344.0,,,0.024992852582161454,0.024992852582161454,0.0,347.02,
2544,NFCORE_CHIPSEQ:CHIPSEQ:DEEPTOOLS_COMPUTEMATRIX,1702294425000,1702295462000,9,692.9,,5673844736.0,,,3.4321177563498697,3.4321177563498697,0.0,347.02,
1793,NFCORE_CHIPSEQ:CHIPSEQ:DEEPTOOLS_COMPUTEMATRIX,1702294495000,1702295507000,9,682.6,,5673844736.0,,,3.302591313073785,3.302591313073785,0.0,347.02,
2396,NFCORE_CHIPSEQ:CHIPSEQ:DEEPTOOLS_COMPUTEMATRIX,1702294429000,1702295512000,9,705.0,,5673844736.0,,,3.6431790300298177,3.6431790300298177,0.0,347.02,
3398,NFCORE_CHIPSEQ:CHIPSEQ:DEEPTOOLS_PLOTPROFILE,1702295465000,1702295522000,1,95.7,,5420089344.0,,,0.035355841257421874,0.035355841257421874,0.0,347.02,
2325,NFCORE_CHIPSEQ:CHIPSEQ:DEEPTOOLS_COMPUTEMATRIX,1702294429000,1702295537000,9,697.9,,5673844736.0,,,3.6919691887883674,3.6919691887883674,0.0,347.02,
3401,NFCORE_CHIPSEQ:CHIPSEQ:DEEPTOOLS_PLOTPROFILE,1702295509000,1702295567000,1,100.0,,5420089344.0,,,0.03709551773428819,0.03709551773428819,0.0,347.02,
3402,NFCORE_CHIPSEQ:CHIPSEQ:DEEPTOOLS_PLOTPROFILE,1702295518000,1702295567000,1,100.0,,5420089344.0,,,0.031339316706553814,0.031339316706553814,0.0,347.02,
3404,NFCORE_CHIPSEQ:CHIPSEQ:DEEPTOOLS_PLOTPROFILE,1702295544000,1702295602000,1,99.8,,5420089344.0,,,0.037043452684982645,0.037043452684982645,0.0,347.02,
3392,NFCORE_CHIPSEQ:CHIPSEQ:DEEPTOOLS_PLOTHEATMAP,1702295307000,1702295622000,1,100.0,,7430209536.0,,,0.22374988827734374,0.22374988827734374,0.0,347.02,
3395,NFCORE_CHIPSEQ:CHIPSEQ:DEEPTOOLS_PLOTHEATMAP,1702295313000,1702295677000,1,99.8,,7430209536.0,,,0.2582286733857639,0.2582286733857639,0.0,347.02,
2421,NFCORE_CHIPSEQ:CHIPSEQ:DEEPTOOLS_COMPUTEMATRIX,1702294665000,1702295727000,9,703.8,,5673844736.0,,,3.5668156952992183,3.5668156952992183,0.0,347.02,
3397,NFCORE_CHIPSEQ:CHIPSEQ:DEEPTOOLS_PLOTHEATMAP,1702295384000,1702295747000,1,100.0,,7430209536.0,,,0.25784510934817706,0.25784510934817706,0.0,347.02,
3406,NFCORE_CHIPSEQ:CHIPSEQ:DEEPTOOLS_PLOTPROFILE,1702295732000,1702295772000,1,100.1,,5420089344.0,,,0.025601069144097224,0.025601069144097224,0.0,347.02,
2297,NFCORE_CHIPSEQ:CHIPSEQ:DEEPTOOLS_COMPUTEMATRIX,1702294735000,1702295802000,9,690.6,,5673844736.0,,,3.52039266629579,3.52039266629579,0.0,347.02,
3399,NFCORE_CHIPSEQ:CHIPSEQ:DEEPTOOLS_PLOTHEATMAP,1702295465000,1702295847000,1,99.4,,7430209536.0,,,0.27031240079496527,0.27031240079496527,0.0,347.02,
3400,NFCORE_CHIPSEQ:CHIPSEQ:DEEPTOOLS_PLOTHEATMAP,1702295509000,1702295852000,1,99.8,,7430209536.0,,,0.24333086530581594,0.24333086530581594,0.0,347.02,
3403,NFCORE_CHIPSEQ:CHIPSEQ:DEEPTOOLS_PLOTHEATMAP,1702295518000,1702295857000,1,99.0,,7430209536.0,,,0.23927594263046872,0.23927594263046872,0.0,347.02,
3409,NFCORE_CHIPSEQ:CHIPSEQ:DEEPTOOLS_PLOTPROFILE,1702295809000,1702295867000,1,99.9,,5420089344.0,,,0.03706948520963542,0.03706948520963542,0.0,347.02,
3405,NFCORE_CHIPSEQ:CHIPSEQ:DEEPTOOLS_PLOTHEATMAP,1702295544000,1702295902000,1,98.8,,7430209536.0,,,0.25236532164913195,0.25236532164913195,0.0,347.02,
3143,NFCORE_CHIPSEQ:CHIPSEQ:DEEPTOOLS_COMPUTEMATRIX,1702294930000,1702295933000,9,669.9,,5673844736.0,,,3.2160471826987407,3.2160471826987407,0.0,347.02,
3240,NFCORE_CHIPSEQ:CHIPSEQ:DEEPTOOLS_COMPUTEMATRIX,1702294950000,1702295962000,9,678.6,,5673844736.0,,,3.2844224062126735,3.2844224062126735,0.0,347.02,
3410,NFCORE_CHIPSEQ:CHIPSEQ:DEEPTOOLS_PLOTPROFILE,1702295944000,1702296000000,1,100.0,,5420089344.0,,,0.037107092136805554,0.037107092136805554,0.0,348.59000000000003,
3413,NFCORE_CHIPSEQ:CHIPSEQ:DEEPTOOLS_PLOTPROFILE,1702295965000,1702296000000,1,100.0,,5420089344.0,,,0.03658325827000869,0.03658325827000869,0.0,348.59000000000003,
2838,NFCORE_CHIPSEQ:CHIPSEQ:DEEPTOOLS_COMPUTEMATRIX,1702295075000,1702296000000,9,665.8,,5673844736.0,,,3.1162010395371955,3.1162010395371955,0.0,348.59000000000003,
3407,NFCORE_CHIPSEQ:CHIPSEQ:DEEPTOOLS_PLOTHEATMAP,1702295732000,1702296000000,1,100.1,,7430209536.0,,,0.2600534093159722,0.2600534093159722,0.0,348.59000000000003,
3408,NFCORE_CHIPSEQ:CHIPSEQ:DEEPTOOLS_PLOTHEATMAP,1702295809000,1702296000000,1,100.1,,7430209536.0,,,0.25552824181293404,0.25552824181293404,0.0,348.59000000000003,
3167,NFCORE_CHIPSEQ:CHIPSEQ:DEEPTOOLS_COMPUTEMATRIX,1702295305000,1702296000000,9,679.9,,5673844736.0,,,3.2176349751034286,3.2176349751034286,0.0,348.59000000000003,
3412,NFCORE_CHIPSEQ:CHIPSEQ:DEEPTOOLS_PLOTHEATMAP,1702295966000,1702296000000,1,99.5,,7430209536.0,,,0.2434198083446181,0.2434198083446181,0.0,348.59000000000003,
3411,NFCORE_CHIPSEQ:CHIPSEQ:DEEPTOOLS_PLOTHEATMAP,1702295944000,1702296000000,1,98.9,,7430209536.0,,,0.2793652409121528,0.2793652409121528,0.0,348.59000000000003,
2502,NFCORE_CHIPSEQ:CHIPSEQ:DEEPTOOLS_COMPUTEMATRIX,1702295309000,1702296000000,9,690.1,,5673844736.0,,,3.4227539241994362,3.4227539241994362,0.0,348.59000000000003,
3017,NFCORE_CHIPSEQ:CHIPSEQ:DEEPTOOLS_COMPUTEMATRIX,1702295380000,1702296000000,9,699.0,,5673844736.0,,,3.5404458610357636,3.5404458610357636,0.0,348.59000000000003,
2831,NFCORE_CHIPSEQ:CHIPSEQ:DEEPTOOLS_COMPUTEMATRIX,1702295465000,1702296000000,9,702.2,,5673844736.0,,,3.4568099187053383,3.4568099187053383,0.0,348.59000000000003,
2268,NFCORE_CHIPSEQ:CHIPSEQ:DEEPTOOLS_COMPUTEMATRIX,1702295510000,1702296000000,9,696.6,,5673844736.0,,,3.3483298004014754,3.3483298004014754,0.0,348.59000000000003,
3168,NFCORE_CHIPSEQ:CHIPSEQ:DEEPTOOLS_COMPUTEMATRIX,1702295515000,1702296000000,9,703.0,,5673844736.0,,,3.682079197666189,3.682079197666189,0.0,348.59000000000003,
2870,NFCORE_CHIPSEQ:CHIPSEQ:DEEPTOOLS_COMPUTEMATRIX,1702295540000,1702296000000,9,718.2,,5673844736.0,,,3.7577279792220493,3.7577279792220493,0.0,348.59000000000003,
3157,NFCORE_CHIPSEQ:CHIPSEQ:DEEPTOOLS_COMPUTEMATRIX,1702295730000,1702296000000,9,698.0,,5673844736.0,,,3.5126109257132816,3.5126109257132816,0.0,348.59000000000003,
2818,NFCORE_CHIPSEQ:CHIPSEQ:DEEPTOOLS_COMPUTEMATRIX,1702295805000,1702296000000,9,687.1,,5673844736.0,,,3.546106256078776,3.546106256078776,0.0,348.59000000000003,
2594,NFCORE_CHIPSEQ:CHIPSEQ:DEEPTOOLS_COMPUTEMATRIX,1702295936000,1702296000000,9,680.1,,5673844736.0,,,3.332259579548611,3.332259579548611,0.0,348.59000000000003,
2701,NFCORE_CHIPSEQ:CHIPSEQ:DEEPTOOLS_COMPUTEMATRIX,1702295965000,1702296000000,9,692.4,,5673844736.0,,,3.3029223174598528,3.3029223174598528,0.0,348.59000000000003,
3415,NFCORE_CHIPSEQ:CHIPSEQ:DEEPTOOLS_PLOTPROFILE,1702296056000,1702296112000,1,97.2,,5420089344.0,,,0.0354303012875,0.0354303012875,0.0,350.16,
3417,NFCORE_CHIPSEQ:CHIPSEQ:DEEPTOOLS_PLOTPROFILE,1702296296000,1702296347000,1,100.0,,5420089344.0,,,0.032913619754687505,0.032913619754687505,0.0,350.16,
3414,NFCORE_CHIPSEQ:CHIPSEQ:DEEPTOOLS_PLOTHEATMAP,1702296056000,1702296382000,1,99.4,,7430209536.0,,,0.23277280233958333,0.23277280233958333,0.0,350.16,
3419,NFCORE_CHIPSEQ:CHIPSEQ:DEEPTOOLS_PLOTPROFILE,1702296347000,1702296392000,1,100.0,,5420089344.0,,,0.029041429195312503,0.029041429195312503,0.0,350.16,
3420,NFCORE_CHIPSEQ:CHIPSEQ:DEEPTOOLS_PLOTPROFILE,1702296439000,1702296492000,1,94.6,,5420089344.0,,,0.032908156103645836,0.032908156103645836,0.0,350.16,
3423,NFCORE_CHIPSEQ:CHIPSEQ:DEEPTOOLS_PLOTPROFILE,1702296496000,1702296552000,1,97.4,,5420089344.0,,,0.03548102585416667,0.03548102585416667,0.0,350.16,
3424,NFCORE_CHIPSEQ:CHIPSEQ:DEEPTOOLS_PLOTPROFILE,1702296520000,1702296577000,1,95.2,,5420089344.0,,,0.03554668161406251,0.03554668161406251,0.0,350.16,
3416,NFCORE_CHIPSEQ:CHIPSEQ:DEEPTOOLS_PLOTHEATMAP,1702296296000,1702296642000,1,100.1,,7430209536.0,,,0.24815026111458335,0.24815026111458335,0.0,350.16,
3427,NFCORE_CHIPSEQ:CHIPSEQ:DEEPTOOLS_PLOTPROFILE,1702296615000,1702296672000,1,90.1,,5420089344.0,,,0.034230107370312506,0.034230107370312506,0.0,350.16,
3418,NFCORE_CHIPSEQ:CHIPSEQ:DEEPTOOLS_PLOTHEATMAP,1702296347000,1702296697000,1,100.0,,7430209536.0,,,0.25086053598958336,0.25086053598958336,0.0,350.16,
3429,NFCORE_CHIPSEQ:CHIPSEQ:DEEPTOOLS_PLOTPROFILE,1702296638000,1702296697000,1,99.9,,5420089344.0,,,0.03804981952343751,0.03804981952343751,0.0,350.16,
3421,NFCORE_CHIPSEQ:CHIPSEQ:DEEPTOOLS_PLOTHEATMAP,1702296439000,1702296817000,1,99.3,,7430209536.0,,,0.26973101098125,0.26973101098125,0.0,350.16,
3431,NFCORE_CHIPSEQ:CHIPSEQ:DEEPTOOLS_PLOTPROFILE,1702296784000,1702296832000,1,100.0,,5420089344.0,,,0.030977524475000007,0.030977524475000007,0.0,350.16,
3425,NFCORE_CHIPSEQ:CHIPSEQ:DEEPTOOLS_PLOTHEATMAP,1702296519000,1702296852000,1,100.0,,7430209536.0,,,0.238675881384375,0.238675881384375,0.0,350.16,
3422,NFCORE_CHIPSEQ:CHIPSEQ:DEEPTOOLS_PLOTHEATMAP,1702296496000,1702296857000,1,100.0,,7430209536.0,,,0.25874472426354167,0.25874472426354167,0.0,350.16,
3432,NFCORE_CHIPSEQ:CHIPSEQ:DEEPTOOLS_PLOTPROFILE,1702296881000,1702296937000,1,100.0,,5420089344.0,,,0.03614044522083334,0.03614044522083334,0.0,350.16,
3426,NFCORE_CHIPSEQ:CHIPSEQ:DEEPTOOLS_PLOTHEATMAP,1702296615000,1702296955000,1,100.2,,7430209536.0,,,0.2440010626875,0.2440010626875,0.0,350.16,
3428,NFCORE_CHIPSEQ:CHIPSEQ:DEEPTOOLS_PLOTHEATMAP,1702296638000,1702296962000,1,100.2,,7430209536.0,,,0.2325186597375,0.2325186597375,0.0,350.16,
3436,NFCORE_CHIPSEQ:CHIPSEQ:DEEPTOOLS_PLOTPROFILE,1702296966000,1702297022000,1,100.0,,5420089344.0,,,0.03614044522083334,0.03614044522083334,0.0,350.16,
3434,NFCORE_CHIPSEQ:CHIPSEQ:DEEPTOOLS_PLOTPROFILE,1702296965000,1702297022000,1,99.4,,5420089344.0,,,0.03663091922656251,0.03663091922656251,0.0,350.16,
1730,NFCORE_CHIPSEQ:CHIPSEQ:DEEPTOOLS_COMPUTEMATRIX,1702296055000,1702297077000,9,675.5,,5673844736.0,,,3.3325411243031255,3.3325411243031255,0.0,350.16,
3430,NFCORE_CHIPSEQ:CHIPSEQ:DEEPTOOLS_PLOTHEATMAP,1702296784000,1702297142000,1,100.1,,7430209536.0,,,0.2567566285520834,0.2567566285520834,0.0,350.16,
3438,NFCORE_CHIPSEQ:CHIPSEQ:DEEPTOOLS_PLOTPROFILE,1702297081000,1702297142000,1,90.9,,5420089344.0,,,0.03685323435156251,0.03685323435156251,0.0,350.16,
3433,NFCORE_CHIPSEQ:CHIPSEQ:DEEPTOOLS_PLOTHEATMAP,1702296881000,1702297232000,1,100.0,,7430209536.0,,,0.25157728037812505,0.25157728037812505,0.0,350.16,
3437,NFCORE_CHIPSEQ:CHIPSEQ:DEEPTOOLS_PLOTHEATMAP,1702296966000,1702297292000,1,99.7,,7430209536.0,,,0.23321573650208335,0.23321573650208335,0.0,350.16,
3200,NFCORE_CHIPSEQ:CHIPSEQ:DEEPTOOLS_COMPUTEMATRIX,1702296295000,1702297295000,9,669.7,,5673844736.0,,,3.2345353692708345,3.2345353692708345,0.0,350.16,
3435,NFCORE_CHIPSEQ:CHIPSEQ:DEEPTOOLS_PLOTHEATMAP,1702296965000,1702297322000,1,100.2,,7430209536.0,,,0.256201115821875,0.256201115821875,0.0,350.16,
3440,NFCORE_CHIPSEQ:CHIPSEQ:DEEPTOOLS_PLOTPROFILE,1702297300000,1702297352000,1,100.0,,5420089344.0,,,0.03355898484791667,0.03355898484791667,0.0,350.16,
2455,NFCORE_CHIPSEQ:CHIPSEQ:DEEPTOOLS_COMPUTEMATRIX,1702296347000,1702297387000,9,688.1,,5673844736.0,,,3.450583329375,3.450583329375,0.0,350.16,
3439,NFCORE_CHIPSEQ:CHIPSEQ:DEEPTOOLS_PLOTHEATMAP,1702297081000,1702297390000,1,99.8,,7430209536.0,,,0.22119412514687498,0.22119412514687498,0.0,350.16,
3442,NFCORE_CHIPSEQ:CHIPSEQ:DEEPTOOLS_PLOTPROFILE,1702297391000,1702297442000,1,100.0,,5420089344.0,,,0.032913619754687505,0.032913619754687505,0.0,350.16,
1883,NFCORE_CHIPSEQ:CHIPSEQ:DEEPTOOLS_COMPUTEMATRIX,1702296440000,1702297492000,9,704.9,,5673844736.0,,,3.5704411186062504,3.5704411186062504,0.0,350.16,
2537,NFCORE_CHIPSEQ:CHIPSEQ:DEEPTOOLS_COMPUTEMATRIX,1702296515000,1702297537000,9,694.2,,5673844736.0,,,3.419096256748959,3.419096256748959,0.0,350.16,
3445,NFCORE_CHIPSEQ:CHIPSEQ:DEEPTOOLS_PLOTPROFILE,1702297498000,1702297562000,1,91.0,,5420089344.0,,,0.038694673966666676,0.038694673966666676,0.0,350.16,
3186,NFCORE_CHIPSEQ:CHIPSEQ:DEEPTOOLS_COMPUTEMATRIX,1702296495000,1702297572000,9,678.3,,5673844736.0,,,3.5255429035421875,3.5255429035421875,0.0,350.16,
3446,NFCORE_CHIPSEQ:CHIPSEQ:DEEPTOOLS_PLOTPROFILE,1702297543000,1702297607000,1,91.5,,5420089344.0,,,0.038839601300000005,0.038839601300000005,0.0,350.16,
3448,NFCORE_CHIPSEQ:CHIPSEQ:DEEPTOOLS_PLOTPROFILE,1702297576000,1702297632000,1,99.9,,5420089344.0,,,0.0361150829375,0.0361150829375,0.0,350.16,
3441,NFCORE_CHIPSEQ:CHIPSEQ:DEEPTOOLS_PLOTHEATMAP,1702297300000,1702297667000,1,100.1,,7430209536.0,,,0.2632114041302084,0.2632114041302084,0.0,350.16,
2526,NFCORE_CHIPSEQ:CHIPSEQ:DEEPTOOLS_COMPUTEMATRIX,1702296610000,1702297707000,9,716.0,,5673844736.0,,,3.7783171338421875,3.7783171338421875,0.0,350.16,
3158,NFCORE_CHIPSEQ:CHIPSEQ:DEEPTOOLS_COMPUTEMATRIX,1702296635000,1702297737000,9,709.5,,5673844736.0,,,3.7630971915947917,3.7630971915947917,0.0,350.16,
3443,NFCORE_CHIPSEQ:CHIPSEQ:DEEPTOOLS_PLOTHEATMAP,1702297391000,1702297757000,1,99.3,,7430209536.0,,,0.26116812174375,0.26116812174375,0.0,350.16,
3450,NFCORE_CHIPSEQ:CHIPSEQ:DEEPTOOLS_PLOTPROFILE,1702297713000,1702297757000,1,100.2,,5420089344.0,,,0.028435919118750007,0.028435919118750007,0.0,350.16,
3453,NFCORE_CHIPSEQ:CHIPSEQ:DEEPTOOLS_PLOTPROFILE,1702297745000,1702297802000,1,100.2,,5420089344.0,,,0.036837440676562506,0.036837440676562506,0.0,350.16,
3159,NFCORE_CHIPSEQ:CHIPSEQ:DEEPTOOLS_COMPUTEMATRIX,1702296780000,1702297847000,9,694.8,,5673844736.0,,,3.572543000359896,3.572543000359896,0.0,350.16,
3444,NFCORE_CHIPSEQ:CHIPSEQ:DEEPTOOLS_PLOTHEATMAP,1702297498000,1702297857000,1,100.0,,7430209536.0,,,0.25731123548645835,0.25731123548645835,0.0,350.16,
3447,NFCORE_CHIPSEQ:CHIPSEQ:DEEPTOOLS_PLOTHEATMAP,1702297543000,1702297882000,1,98.6,,7430209536.0,,,0.240826894203125,0.240826894203125,0.0,350.16,
3454,NFCORE_CHIPSEQ:CHIPSEQ:DEEPTOOLS_PLOTPROFILE,1702297854000,1702297902000,1,100.1,,5420089344.0,,,0.030999263575,0.030999263575,0.0,350.16,
3449,NFCORE_CHIPSEQ:CHIPSEQ:DEEPTOOLS_PLOTHEATMAP,1702297576000,1702297952000,1,98.7,,7430209536.0,,,0.2672821250750001,0.2672821250750001,0.0,350.16,
2692,NFCORE_CHIPSEQ:CHIPSEQ:DEEPTOOLS_COMPUTEMATRIX,1702296880000,1702297952000,9,690.0,,5673844736.0,,,3.565979748891666,3.565979748891666,0.0,350.16,
3013,NFCORE_CHIPSEQ:CHIPSEQ:DEEPTOOLS_COMPUTEMATRIX,1702296958000,1702297982000,9,671.7,,5673844736.0,,,3.3214395674666672,3.3214395674666672,0.0,350.16,
2653,NFCORE_CHIPSEQ:CHIPSEQ:DEEPTOOLS_COMPUTEMATRIX,1702296955000,1702297982000,9,688.5,,5673844736.0,,,3.4093115423994793,3.4093115423994793,0.0,350.16,
3456,NFCORE_CHIPSEQ:CHIPSEQ:DEEPTOOLS_PLOTPROFILE,1702297956000,1702298012000,1,100.0,,5420089344.0,,,0.03614044522083334,0.03614044522083334,0.0,350.16,
3459,NFCORE_CHIPSEQ:CHIPSEQ:DEEPTOOLS_PLOTPROFILE,1702297984000,1702298037000,1,99.3,,5420089344.0,,,0.0340363248140625,0.0340363248140625,0.0,350.16,
3257,NFCORE_CHIPSEQ:CHIPSEQ:DEEPTOOLS_COMPUTEMATRIX,1702297080000,1702298047000,9,682.2,,5673844736.0,,,3.1825397377619806,3.1825397377619806,0.0,350.16,
3460,NFCORE_CHIPSEQ:CHIPSEQ:DEEPTOOLS_PLOTPROFILE,1702297989000,1702298047000,1,99.4,,5420089344.0,,,0.03727356693229166,0.03727356693229166,0.0,350.16,
3451,NFCORE_CHIPSEQ:CHIPSEQ:DEEPTOOLS_PLOTHEATMAP,1702297713000,1702298067000,1,98.7,,7430209536.0,,,0.25164327733125,0.25164327733125,0.0,350.16,
3452,NFCORE_CHIPSEQ:CHIPSEQ:DEEPTOOLS_PLOTHEATMAP,1702297745000,1702298102000,1,98.7,,7430209536.0,,,0.253775847478125,0.253775847478125,0.0,350.16,
3463,NFCORE_CHIPSEQ:CHIPSEQ:DEEPTOOLS_PLOTPROFILE,1702298052000,1702298107000,1,99.8,,5420089344.0,,,0.035445261356770834,0.035445261356770834,0.0,350.16,
3455,NFCORE_CHIPSEQ:CHIPSEQ:DEEPTOOLS_PLOTHEATMAP,1702297854000,1702298177000,1,100.0,,7430209536.0,,,0.23150843749895833,0.23150843749895833,0.0,350.16,
3457,NFCORE_CHIPSEQ:CHIPSEQ:DEEPTOOLS_PLOTHEATMAP,1702297956000,1702298272000,1,100.0,,7430209536.0,,,0.2264912267791667,0.2264912267791667,0.0,350.16,
3156,NFCORE_CHIPSEQ:CHIPSEQ:DEEPTOOLS_COMPUTEMATRIX,1702297297000,1702298293000,9,676.8,,5673844736.0,,,3.25362435686875,3.25362435686875,0.0,350.16,
3458,NFCORE_CHIPSEQ:CHIPSEQ:DEEPTOOLS_PLOTHEATMAP,1702297984000,1702298317000,1,99.7,,7430209536.0,,,0.238223436365625,0.238223436365625,0.0,350.16,
3464,NFCORE_CHIPSEQ:CHIPSEQ:DEEPTOOLS_PLOTPROFILE,1702298295000,1702298347000,1,100.1,,5420089344.0,,,0.03358253553958333,0.03358253553958333,0.0,350.16,
3461,NFCORE_CHIPSEQ:CHIPSEQ:DEEPTOOLS_PLOTHEATMAP,1702297989000,1702298377000,1,99.4,,7430209536.0,,,0.2770424764041667,0.2770424764041667,0.0,350.16,
3462,NFCORE_CHIPSEQ:CHIPSEQ:DEEPTOOLS_PLOTHEATMAP,1702298052000,1702298397000,1,100.0,,7430209536.0,,,0.24727681404687504,0.24727681404687504,0.0,350.16,
3276,NFCORE_CHIPSEQ:CHIPSEQ:DEEPTOOLS_COMPUTEMATRIX,1702297390000,1702298432000,9,681.9,,5673844736.0,,,3.427960049538542,3.427960049538542,0.0,350.16,
3467,NFCORE_CHIPSEQ:CHIPSEQ:DEEPTOOLS_PLOTPROFILE,1702298438000,1702298497000,1,99.5,,5420089344.0,,,0.03794293561510417,0.03794293561510417,0.0,350.16,
3211,NFCORE_CHIPSEQ:CHIPSEQ:DEEPTOOLS_COMPUTEMATRIX,1702297495000,1702298552000,9,706.0,,5673844736.0,,,3.5926767398630206,3.5926767398630206,0.0,350.16,
2431,NFCORE_CHIPSEQ:CHIPSEQ:DEEPTOOLS_COMPUTEMATRIX,1702297541000,1702298572000,9,686.9,,5673844736.0,,,3.415119259076563,3.415119259076563,0.0,350.16,
3468,NFCORE_CHIPSEQ:CHIPSEQ:DEEPTOOLS_PLOTPROFILE,1702298557000,1702298602000,1,88.3,,5420089344.0,,,0.026656921664062503,0.026656921664062503,0.0,350.16,
2647,NFCORE_CHIPSEQ:CHIPSEQ:DEEPTOOLS_COMPUTEMATRIX,1702297575000,1702298632000,9,695.3,,5673844736.0,,,3.5414544383859368,3.5414544383859368,0.0,350.16,
3470,NFCORE_CHIPSEQ:CHIPSEQ:DEEPTOOLS_PLOTPROFILE,1702298577000,1702298632000,1,100.0,,5420089344.0,,,0.03549508012760417,0.03549508012760417,0.0,350.16,
3465,NFCORE_CHIPSEQ:CHIPSEQ:DEEPTOOLS_PLOTHEATMAP,1702298295000,1702298662000,1,100.1,,7430209536.0,,,0.2632114041302084,0.2632114041302084,0.0,350.16,
3473,NFCORE_CHIPSEQ:CHIPSEQ:DEEPTOOLS_PLOTPROFILE,1702298635000,1702298692000,1,100.0,,5420089344.0,,,0.036785810314062514,0.036785810314062514,0.0,350.16,
3138,NFCORE_CHIPSEQ:CHIPSEQ:DEEPTOOLS_COMPUTEMATRIX,1702297710000,1702298787000,9,703.4,,5673844736.0,,,3.647973438660938,3.647973438660938,0.0,350.16,
3466,NFCORE_CHIPSEQ:CHIPSEQ:DEEPTOOLS_PLOTHEATMAP,1702298438000,1702298792000,1,98.4,,7430209536.0,,,0.25116229974375004,0.25116229974375004,0.0,350.16,
2996,NFCORE_CHIPSEQ:CHIPSEQ:DEEPTOOLS_COMPUTEMATRIX,1702297740000,1702298832000,9,701.6,,5673844736.0,,,3.6898787067187504,3.6898787067187504,0.0,350.16,
3474,NFCORE_CHIPSEQ:CHIPSEQ:DEEPTOOLS_PLOTPROFILE,1702298796000,1702298842000,1,99.7,,5420089344.0,,,0.02962429437604167,0.02962429437604167,0.0,350.16,
3469,NFCORE_CHIPSEQ:CHIPSEQ:DEEPTOOLS_PLOTHEATMAP,1702298557000,1702298897000,1,100.0,,7430209536.0,,,0.2436930921041667,0.2436930921041667,0.0,350.16,
3476,NFCORE_CHIPSEQ:CHIPSEQ:DEEPTOOLS_PLOTPROFILE,1702298838000,1702298897000,1,90.7,,5420089344.0,,,0.035591489631770834,0.035591489631770834,0.0,350.16,
3083,NFCORE_CHIPSEQ:CHIPSEQ:DEEPTOOLS_COMPUTEMATRIX,1702297850000,1702298898000,9,703.7,,5673844736.0,,,3.5511696526625007,3.5511696526625007,0.0,350.16,
3471,NFCORE_CHIPSEQ:CHIPSEQ:DEEPTOOLS_PLOTHEATMAP,1702298577000,1702298927000,1,98.6,,7430209536.0,,,0.24864133619791667,0.24864133619791667,0.0,350.16,
3478,NFCORE_CHIPSEQ:CHIPSEQ:DEEPTOOLS_PLOTPROFILE,1702298908000,1702298947000,1,100.1,,5420089344.0,,,0.025186901654687507,0.025186901654687507,0.0,350.16,
3472,NFCORE_CHIPSEQ:CHIPSEQ:DEEPTOOLS_PLOTHEATMAP,1702298635000,1702298977000,1,99.5,,7430209536.0,,,0.24435212544375,0.24435212544375,0.0,350.16,
2326,NFCORE_CHIPSEQ:CHIPSEQ:DEEPTOOLS_COMPUTEMATRIX,1702297955000,1702298982000,9,718.5,,5673844736.0,,,3.54884939052448,3.54884939052448,0.0,350.16,
2858,NFCORE_CHIPSEQ:CHIPSEQ:DEEPTOOLS_COMPUTEMATRIX,1702297985000,1702298985000,9,667.1,,5673844736.0,,,3.222760023437501,3.222760023437501,0.0,350.16,
2049,NFCORE_CHIPSEQ:CHIPSEQ:DEEPTOOLS_COMPUTEMATRIX,1702297985000,1702298997000,9,700.4,,5673844736.0,,,3.4140579300437497,3.4140579300437497,0.0,350.16,
2216,NFCORE_CHIPSEQ:CHIPSEQ:DEEPTOOLS_COMPUTEMATRIX,1702298051000,1702299027000,9,682.1,,5673844736.0,,,3.2117180378750008,3.2117180378750008,0.0,350.16,
3481,NFCORE_CHIPSEQ:CHIPSEQ:DEEPTOOLS_PLOTPROFILE,1702298987000,1702299032000,1,100.0,,5420089344.0,,,0.029041429195312503,0.029041429195312503,0.0,350.16,
3482,NFCORE_CHIPSEQ:CHIPSEQ:DEEPTOOLS_PLOTPROFILE,1702298989000,1702299052000,1,91.2,,5420089344.0,,,0.03814713482343751,0.03814713482343751,0.0,350.16,
3484,NFCORE_CHIPSEQ:CHIPSEQ:DEEPTOOLS_PLOTPROFILE,1702299004000,1702299058000,1,99.7,,5420089344.0,,,0.034776345571875,0.034776345571875,0.0,350.16,
3487,NFCORE_CHIPSEQ:CHIPSEQ:DEEPTOOLS_PLOTPROFILE,1702299029000,1702299082000,1,98.2,,5420089344.0,,,0.03377228532864584,0.03377228532864584,0.0,350.16,
3475,NFCORE_CHIPSEQ:CHIPSEQ:DEEPTOOLS_PLOTHEATMAP,1702298796000,1702299147000,1,100.1,,7430209536.0,,,0.25173624754687507,0.25173624754687507,0.0,350.16,
3477,NFCORE_CHIPSEQ:CHIPSEQ:DEEPTOOLS_PLOTHEATMAP,1702298838000,1702299192000,1,100.1,,7430209536.0,,,0.25388783940625,0.25388783940625,0.0,350.16,
3479,NFCORE_CHIPSEQ:CHIPSEQ:DEEPTOOLS_PLOTHEATMAP,1702298908000,1702299242000,1,100.1,,7430209536.0,,,0.23954389367708337,0.23954389367708337,0.0,350.16,
3262,NFCORE_CHIPSEQ:CHIPSEQ:DEEPTOOLS_COMPUTEMATRIX,1702298295000,1702299282000,9,676.7,,5673844736.0,,,3.2237771265328123,3.2237771265328123,0.0,350.16,
3480,NFCORE_CHIPSEQ:CHIPSEQ:DEEPTOOLS_PLOTHEATMAP,1702298987000,1702299292000,1,100.0,,7430209536.0,,,0.21860703850520835,0.21860703850520835,0.0,350.16,
3488,NFCORE_CHIPSEQ:CHIPSEQ:DEEPTOOLS_PLOTPROFILE,1702299286000,1702299337000,1,100.1,,5420089344.0,,,0.0329367175484375,0.0329367175484375,0.0,350.16,
3483,NFCORE_CHIPSEQ:CHIPSEQ:DEEPTOOLS_PLOTHEATMAP,1702298989000,1702299352000,1,98.6,,7430209536.0,,,0.257876585828125,0.257876585828125,0.0,350.16,
3485,NFCORE_CHIPSEQ:CHIPSEQ:DEEPTOOLS_PLOTHEATMAP,1702299004000,1702299362000,1,99.3,,7430209536.0,,,0.25545952891875,0.25545952891875,0.0,350.16,
3486,NFCORE_CHIPSEQ:CHIPSEQ:DEEPTOOLS_PLOTHEATMAP,1702299029000,1702299382000,1,100.0,,7430209536.0,,,0.2530107691552083,0.2530107691552083,0.0,350.16,
3068,NFCORE_CHIPSEQ:CHIPSEQ:DEEPTOOLS_COMPUTEMATRIX,1702298435000,1702299463000,9,686.0,,5673844736.0,,,3.40099174611875,3.40099174611875,0.0,350.16,
3490,NFCORE_CHIPSEQ:CHIPSEQ:DEEPTOOLS_PLOTPROFILE,1702299468000,1702299522000,1,99.9,,5420089344.0,,,0.03482525854687501,0.03482525854687501,0.0,350.16,
2728,NFCORE_CHIPSEQ:CHIPSEQ:DEEPTOOLS_COMPUTEMATRIX,1702298575000,1702299600000,9,697.5,,5673844736.0,,,3.4686038888953132,3.4686038888953132,0.0,354.84000000000003,
1722,NFCORE_CHIPSEQ:CHIPSEQ:DEEPTOOLS_COMPUTEMATRIX,1702298555000,1702299600000,9,706.8,,5673844736.0,,,3.5906108497630207,3.5906108497630207,0.0,354.84000000000003,
3489,NFCORE_CHIPSEQ:CHIPSEQ:DEEPTOOLS_PLOTHEATMAP,1702299286000,1702299600000,1,100.1,,7430209536.0,,,0.2708547904270834,0.2708547904270834,0.0,354.84000000000003,
2637,NFCORE_CHIPSEQ:CHIPSEQ:DEEPTOOLS_COMPUTEMATRIX,1702298635000,1702299600000,9,700.1,,5673844736.0,,,3.5554138952265637,3.5554138952265637,0.0,354.84000000000003,
3491,NFCORE_CHIPSEQ:CHIPSEQ:DEEPTOOLS_PLOTHEATMAP,1702299468000,1702299600000,1,98.4,,7430209536.0,,,0.24808797041250003,0.24808797041250003,0.0,354.84000000000003,
2995,NFCORE_CHIPSEQ:CHIPSEQ:DEEPTOOLS_COMPUTEMATRIX,1702298790000,1702299600000,9,704.0,,5673844736.0,,,3.7621062305593753,3.7621062305593753,0.0,354.84000000000003,
1450,NFCORE_CHIPSEQ:CHIPSEQ:DEEPTOOLS_COMPUTEMATRIX,1702298834000,1702299600000,9,715.1,,5673844736.0,,,3.7901551481250007,3.7901551481250007,0.0,354.84000000000003,
2965,NFCORE_CHIPSEQ:CHIPSEQ:DEEPTOOLS_COMPUTEMATRIX,1702298901000,1702299600000,9,700.7,,5673844736.0,,,3.5961364562484386,3.5961364562484386,0.0,354.84000000000003,
3258,NFCORE_CHIPSEQ:CHIPSEQ:DEEPTOOLS_COMPUTEMATRIX,1702298987000,1702299600000,9,679.3,,5673844736.0,,,3.2446110828182295,3.2446110828182295,0.0,354.84000000000003,
3230,NFCORE_CHIPSEQ:CHIPSEQ:DEEPTOOLS_COMPUTEMATRIX,1702299030000,1702299600000,9,686.0,,5673844736.0,,,3.2512743866531246,3.2512743866531246,0.0,354.84000000000003,
2422,NFCORE_CHIPSEQ:CHIPSEQ:DEEPTOOLS_COMPUTEMATRIX,1702298985000,1702299600000,9,716.6,,5673844736.0,,,3.5779732711328123,3.5779732711328123,0.0,354.84000000000003,
2339,NFCORE_CHIPSEQ:CHIPSEQ:DEEPTOOLS_COMPUTEMATRIX,1702299000000,1702299600000,9,718.7,,5673844736.0,,,3.6602085346593753,3.6602085346593753,0.0,354.84000000000003,
2852,NFCORE_CHIPSEQ:CHIPSEQ:DEEPTOOLS_COMPUTEMATRIX,1702299285000,1702299600000,9,692.8,,5673844736.0,,,3.3557269743265623,3.3557269743265623,0.0,354.84000000000003,
2946,NFCORE_CHIPSEQ:CHIPSEQ:DEEPTOOLS_COMPUTEMATRIX,1702299466000,1702299600000,9,702.1,,5673844736.0,,,3.567167902010417,3.567167902010417,0.0,354.84000000000003,
3495,NFCORE_CHIPSEQ:CHIPSEQ:DEEPTOOLS_PLOTPROFILE,1702299615000,1702299657000,1,95.5,,5420089344.0,,,0.02695101889375,0.02695101889375,0.0,359.52,
3492,NFCORE_CHIPSEQ:CHIPSEQ:DEEPTOOLS_PLOTPROFILE,1702299612000,1702299667000,1,99.9,,5420089344.0,,,0.036418311015624996,0.036418311015624996,0.0,359.52,
3496,NFCORE_CHIPSEQ:CHIPSEQ:DEEPTOOLS_PLOTPROFILE,1702299690000,1702299742000,1,99.5,,5420089344.0,,,0.034335136820833334,0.034335136820833334,0.0,359.52,
3494,NFCORE_CHIPSEQ:CHIPSEQ:DEEPTOOLS_PLOTHEATMAP,1702299615000,1702299937000,1,99.9,,7430209536.0,,,0.2368111708375,0.2368111708375,0.0,359.52,
3493,NFCORE_CHIPSEQ:CHIPSEQ:DEEPTOOLS_PLOTHEATMAP,1702299612000,1702299942000,1,99.5,,7430209536.0,,,0.2420808726875,0.2420808726875,0.0,359.52,
3498,NFCORE_CHIPSEQ:CHIPSEQ:DEEPTOOLS_PLOTPROFILE,1702299900000,1702299942000,1,100.3,,5420089344.0,,,0.02788846729375,0.02788846729375,0.0,359.52,
3500,NFCORE_CHIPSEQ:CHIPSEQ:DEEPTOOLS_PLOTPROFILE,1702299933000,1702299982000,1,100.3,,5420089344.0,,,0.03253654517604166,0.03253654517604166,0.0,359.52,
3497,NFCORE_CHIPSEQ:CHIPSEQ:DEEPTOOLS_PLOTHEATMAP,1702299690000,1702300002000,1,100.0,,7430209536.0,,,0.22960186795,0.22960186795,0.0,359.52,
3503,NFCORE_CHIPSEQ:CHIPSEQ:DEEPTOOLS_PLOTPROFILE,1702299961000,1702300007000,1,100.0,,5420089344.0,,,0.030480341222916665,0.030480341222916665,0.0,359.52,
3505,NFCORE_CHIPSEQ:CHIPSEQ:DEEPTOOLS_PLOTPROFILE,1702299972000,1702300027000,1,100.0,,5420089344.0,,,0.03644388624479167,0.03644388624479167,0.0,359.52,
3509,NFCORE_CHIPSEQ:CHIPSEQ:DEEPTOOLS_PLOTPROFILE,1702300015000,1702300062000,1,100.1,,5420089344.0,,,0.031164812532291666,0.031164812532291666,0.0,359.52,
3506,NFCORE_CHIPSEQ:CHIPSEQ:DEEPTOOLS_PLOTPROFILE,1702300008000,1702300067000,1,92.5,,5420089344.0,,,0.03703670726145833,0.03703670726145833,0.0,359.52,
3510,NFCORE_CHIPSEQ:CHIPSEQ:DEEPTOOLS_PLOTPROFILE,1702300056000,1702300112000,1,99.5,,5420089344.0,,,0.03697630119166667,0.03697630119166667,0.0,359.52,
3499,NFCORE_CHIPSEQ:CHIPSEQ:DEEPTOOLS_PLOTHEATMAP,1702299900000,1702300257000,1,99.5,,7430209536.0,,,0.26188748954375,0.26188748954375,0.0,359.52,
3502,NFCORE_CHIPSEQ:CHIPSEQ:DEEPTOOLS_PLOTHEATMAP,1702299961000,1702300262000,1,100.1,,7430209536.0,,,0.2216468965520833,0.2216468965520833,0.0,359.52,
3501,NFCORE_CHIPSEQ:CHIPSEQ:DEEPTOOLS_PLOTHEATMAP,1702299933000,1702300312000,1,100.0,,7430209536.0,,,0.27890739728541664,0.27890739728541664,0.0,359.52,
3504,NFCORE_CHIPSEQ:CHIPSEQ:DEEPTOOLS_PLOTHEATMAP,1702299972000,1702300327000,1,98.6,,7430209536.0,,,0.2589346444270833,0.2589346444270833,0.0,359.52,
3508,NFCORE_CHIPSEQ:CHIPSEQ:DEEPTOOLS_PLOTHEATMAP,1702300015000,1702300327000,1,100.1,,7430209536.0,,,0.22974694925000003,0.22974694925000003,0.0,359.52,
3512,NFCORE_CHIPSEQ:CHIPSEQ:DEEPTOOLS_PLOTPROFILE,1702300279000,1702300332000,1,100.0,,5420089344.0,,,0.03511865401770833,0.03511865401770833,0.0,359.52,
3507,NFCORE_CHIPSEQ:CHIPSEQ:DEEPTOOLS_PLOTHEATMAP,1702300008000,1702300372000,1,100.0,,7430209536.0,,,0.26786884594166666,0.26786884594166666,0.0,359.52,
3511,NFCORE_CHIPSEQ:CHIPSEQ:DEEPTOOLS_PLOTHEATMAP,1702300056000,1702300407000,1,99.7,,7430209536.0,,,0.25781245205625,0.25781245205625,0.0,359.52,
3515,NFCORE_CHIPSEQ:CHIPSEQ:DEEPTOOLS_PLOTPROFILE,1702300500000,1702300547000,1,95.8,,5420089344.0,,,0.030225039111458334,0.030225039111458334,0.0,359.52,
3513,NFCORE_CHIPSEQ:CHIPSEQ:DEEPTOOLS_PLOTHEATMAP,1702300279000,1702300612000,1,100.1,,7430209536.0,,,0.24521068621874995,0.24521068621874995,0.0,359.52,
2482,NFCORE_CHIPSEQ:CHIPSEQ:DEEPTOOLS_PLOTFINGERPRINT,1702300501000,1702300627000,8,601.2,,4294967296.0,,,0.37197669390000004,0.37197669390000004,0.0,359.52,
2911,NFCORE_CHIPSEQ:CHIPSEQ:DEEPTOOLS_COMPUTEMATRIX,1702299610000,1702300652000,9,700.5,,5673844736.0,,,3.6097149942729163,3.6097149942729163,0.0,359.52,
3110,NFCORE_CHIPSEQ:CHIPSEQ:DEEPTOOLS_COMPUTEMATRIX,1702299613000,1702300672000,9,699.7,,5673844736.0,,,3.6646671823343757,3.6646671823343757,0.0,359.52,
3517,NFCORE_CHIPSEQ:CHIPSEQ:DEEPTOOLS_PLOTPROFILE,1702300657000,1702300697000,1,98.6,,5420089344.0,,,0.02624424220833333,0.02624424220833333,0.0,359.52,
3518,NFCORE_CHIPSEQ:CHIPSEQ:DEEPTOOLS_PLOTPROFILE,1702300677000,1702300722000,1,86.1,,5420089344.0,,,0.026909124046874996,0.026909124046874996,0.0,359.52,
2945,NFCORE_CHIPSEQ:CHIPSEQ:DEEPTOOLS_COMPUTEMATRIX,1702299691000,1702300742000,9,706.9,,5673844736.0,,,3.6721709951427077,3.6721709951427077,0.0,359.52,
3514,NFCORE_CHIPSEQ:CHIPSEQ:DEEPTOOLS_PLOTHEATMAP,1702300501000,1702300772000,1,99.8,,7430209536.0,,,0.19917779535208335,0.19917779535208335,0.0,359.52,
2283,NFCORE_CHIPSEQ:CHIPSEQ:DEEPTOOLS_PLOTFINGERPRINT,1702300655000,1702300772000,8,640.5,,4294967296.0,,,0.3667882866375,0.3667882866375,0.0,359.52,
2115,NFCORE_CHIPSEQ:CHIPSEQ:DEEPTOOLS_PLOTFINGERPRINT,1702300630000,1702300775000,8,569.6,,4294967296.0,,,0.4067619266666667,0.4067619266666667,0.0,359.52,
3521,NFCORE_CHIPSEQ:CHIPSEQ:DEEPTOOLS_PLOTPROFILE,1702300747000,1702300782000,1,99.5,,5420089344.0,,,0.02311018824479167,0.02311018824479167,0.0,359.52,
2705,NFCORE_CHIPSEQ:CHIPSEQ:DEEPTOOLS_PLOTFINGERPRINT,1702300675000,1702300807000,8,544.8,,4294967296.0,,,0.3550712396,0.3550712396,0.0,359.52,
2119,NFCORE_CHIPSEQ:CHIPSEQ:DEEPTOOLS_PLOTFINGERPRINT,1702300745000,1702300867000,8,569.6,,4294967296.0,,,0.34224106933333337,0.34224106933333337,0.0,359.52,
2273,NFCORE_CHIPSEQ:CHIPSEQ:DEEPTOOLS_PLOTFINGERPRINT,1702300775000,1702300897000,8,610.8,,4294967296.0,,,0.36561403876666665,0.36561403876666665,0.0,359.52,
2315,NFCORE_CHIPSEQ:CHIPSEQ:DEEPTOOLS_COMPUTEMATRIX,1702299970000,1702300902000,9,696.5,,5673844736.0,,,3.2113156760125,3.2113156760125,0.0,359.52,
3516,NFCORE_CHIPSEQ:CHIPSEQ:DEEPTOOLS_PLOTHEATMAP,1702300657000,1702300917000,1,99.6,,7430209536.0,,,0.19085128562499998,0.19085128562499998,0.0,359.52,
2591,NFCORE_CHIPSEQ:CHIPSEQ:DEEPTOOLS_PLOTFINGERPRINT,1702300811000,1702300938000,8,559.9,,4294967296.0,,,0.3505389563375,0.3505389563375,0.0,359.52,
3036,NFCORE_CHIPSEQ:CHIPSEQ:DEEPTOOLS_PLOTFINGERPRINT,1702300778000,1702300942000,8,640.6,,4294967296.0,,,0.5142068504999999,0.5142068504999999,0.0,359.52,
3519,NFCORE_CHIPSEQ:CHIPSEQ:DEEPTOOLS_PLOTHEATMAP,1702300677000,1702300946000,1,99.5,,7430209536.0,,,0.19733259016041665,0.19733259016041665,0.0,359.52,
3523,NFCORE_CHIPSEQ:CHIPSEQ:DEEPTOOLS_PLOTPROFILE,1702300905000,1702300942000,1,98.2,,5420089344.0,,,0.02420710342604167,0.02420710342604167,0.0,359.52,
2330,NFCORE_CHIPSEQ:CHIPSEQ:DEEPTOOLS_COMPUTEMATRIX,1702300005000,1702300952000,9,712.1,,5673844736.0,,,3.3316959367343753,3.3316959367343753,0.0,359.52,
2875,NFCORE_CHIPSEQ:CHIPSEQ:DEEPTOOLS_COMPUTEMATRIX,1702299895000,1702300993000,9,729.1,,5673844736.0,,,3.9497355220312493,3.9497355220312493,0.0,359.52,
2256,NFCORE_CHIPSEQ:CHIPSEQ:DEEPTOOLS_COMPUTEMATRIX,1702299960000,1702300995000,9,718.7,,5673844736.0,,,3.673058304234375,3.673058304234375,0.0,359.52,
3520,NFCORE_CHIPSEQ:CHIPSEQ:DEEPTOOLS_PLOTHEATMAP,1702300747000,1702301000000,1,97.6,,7430209536.0,,,0.18336006069791663,0.18336006069791663,0.0,359.52,
3524,NFCORE_CHIPSEQ:CHIPSEQ:DEEPTOOLS_PLOTPROFILE,1702300955000,1702301000000,1,94.7,,5420089344.0,,,0.028708690171875006,0.028708690171875006,0.0,359.52,
2146,NFCORE_CHIPSEQ:CHIPSEQ:DEEPTOOLS_PLOTFINGERPRINT,1702300870000,1702301000000,8,611.5,,4294967296.0,,,0.39001188362499994,0.39001188362499994,0.0,359.52,
2198,NFCORE_CHIPSEQ:CHIPSEQ:DEEPTOOLS_COMPUTEMATRIX,1702299930000,1702301007000,9,737.0,,5673844736.0,,,3.913758081778125,3.913758081778125,0.0,359.52,
3528,NFCORE_CHIPSEQ:CHIPSEQ:DEEPTOOLS_PLOTPROFILE,1702301000000,1702301037000,1,100.1,,5420089344.0,,,0.02453400135520833,0.02453400135520833,0.0,359.52,
3527,NFCORE_CHIPSEQ:CHIPSEQ:DEEPTOOLS_PLOTPROFILE,1702300996000,1702301037000,1,97.3,,5420089344.0,,,0.026652501042708335,0.026652501042708335,0.0,359.52,
2657,NFCORE_CHIPSEQ:CHIPSEQ:DEEPTOOLS_PLOTFINGERPRINT,1702300900000,1702301042000,8,585.7,,4294967296.0,,,0.408977087925,0.408977087925,0.0,359.52,
3531,NFCORE_CHIPSEQ:CHIPSEQ:DEEPTOOLS_PLOTPROFILE,1702301015000,1702301057000,1,100.2,,5420089344.0,,,0.02786893711875,0.02786893711875,0.0,359.52,
2696,NFCORE_CHIPSEQ:CHIPSEQ:DEEPTOOLS_PLOTFINGERPRINT,1702300940000,1702301062000,8,609.4,,4294967296.0,,,0.36481981165,0.36481981165,0.0,359.52,
2503,NFCORE_CHIPSEQ:CHIPSEQ:DEEPTOOLS_COMPUTEMATRIX,1702300015000,1702301077000,9,714.0,,5673844736.0,,,3.7456669985437494,3.7456669985437494,0.0,359.52,
2523,NFCORE_CHIPSEQ:CHIPSEQ:DEEPTOOLS_PLOTFINGERPRINT,1702300955000,1702301082000,8,598.5,,4294967296.0,,,0.37333439059583334,0.37333439059583334,0.0,359.52,
2549,NFCORE_CHIPSEQ:CHIPSEQ:DEEPTOOLS_COMPUTEMATRIX,1702300050000,1702301107000,9,738.0,,5673844736.0,,,3.845994288507291,3.845994288507291,0.0,359.52,
2598,NFCORE_CHIPSEQ:CHIPSEQ:DEEPTOOLS_PLOTFINGERPRINT,1702300997000,1702301107000,8,619.8,,4294967296.0,,,0.33425554341666663,0.33425554341666663,0.0,359.52,
2789,NFCORE_CHIPSEQ:CHIPSEQ:DEEPTOOLS_PLOTFINGERPRINT,1702300946000,1702301107000,8,586.0,,4294967296.0,,,0.46392397134999996,0.46392397134999996,0.0,359.52,
3533,NFCORE_CHIPSEQ:CHIPSEQ:DEEPTOOLS_PLOTPROFILE,1702301082000,1702301117000,1,100.1,,5420089344.0,,,0.023207839119791664,0.023207839119791664,0.0,359.52,
2142,NFCORE_CHIPSEQ:CHIPSEQ:DEEPTOOLS_PLOTFINGERPRINT,1702300995000,1702301127000,8,566.9,,4294967296.0,,,0.36863634115,0.36863634115,0.0,359.52,
3065,NFCORE_CHIPSEQ:CHIPSEQ:DEEPTOOLS_PLOTFINGERPRINT,1702300906000,1702301127000,8,561.2,,4294967296.0,,,0.6113289439833334,0.6113289439833334,0.0,359.52,
3522,NFCORE_CHIPSEQ:CHIPSEQ:DEEPTOOLS_PLOTHEATMAP,1702300905000,1702301142000,1,99.9,,7430209536.0,,,0.17429890524375,0.17429890524375,0.0,359.52,
2625,NFCORE_CHIPSEQ:CHIPSEQ:DEEPTOOLS_PLOTFINGERPRINT,1702301010000,1702301142000,8,605.8,,4294967296.0,,,0.3925133751,0.3925133751,0.0,359.52,
3534,NFCORE_CHIPSEQ:CHIPSEQ:DEEPTOOLS_PLOTPROFILE,1702301112000,1702301157000,1,88.3,,5420089344.0,,,0.027369478171875003,0.027369478171875003,0.0,359.52,
3525,NFCORE_CHIPSEQ:CHIPSEQ:DEEPTOOLS_PLOTHEATMAP,1702300955000,1702301192000,1,99.0,,7430209536.0,,,0.17330705135624996,0.17330705135624996,0.0,359.52,
2307,NFCORE_CHIPSEQ:CHIPSEQ:DEEPTOOLS_PLOTFINGERPRINT,1702301080000,1702301195000,8,564.4,,4294967296.0,,,0.31982356175,0.31982356175,0.0,359.52,
3055,NFCORE_CHIPSEQ:CHIPSEQ:DEEPTOOLS_PLOTFINGERPRINT,1702301003000,1702301192000,8,609.5,,4294967296.0,,,0.5652595612125,0.5652595612125,0.0,359.52,
2478,NFCORE_CHIPSEQ:CHIPSEQ:DEEPTOOLS_PLOTFINGERPRINT,1702301045000,1702301197000,8,624.0,,4294967296.0,,,0.4648489738666667,0.4648489738666667,0.0,359.52,
2193,NFCORE_CHIPSEQ:CHIPSEQ:DEEPTOOLS_COMPUTEMATRIX,1702300276000,1702301212000,9,737.1,,5673844736.0,,,3.4018071701249997,3.4018071701249997,0.0,359.52,
3529,NFCORE_CHIPSEQ:CHIPSEQ:DEEPTOOLS_PLOTHEATMAP,1702301000000,1702301232000,1,100.0,,7430209536.0,,,0.17072959411666666,0.17072959411666666,0.0,359.52,
2971,NFCORE_CHIPSEQ:CHIPSEQ:DEEPTOOLS_PLOTFINGERPRINT,1702301065000,1702301232000,8,598.7,,4294967296.0,,,0.4910753368208333,0.4910753368208333,0.0,359.52,
2177,NFCORE_CHIPSEQ:CHIPSEQ:DEEPTOOLS_PLOTFINGERPRINT,1702301110000,1702301242000,8,549.0,,4294967296.0,,,0.3576492227,0.3576492227,0.0,359.52,
2255,NFCORE_CHIPSEQ:CHIPSEQ:DEEPTOOLS_PLOTFINGERPRINT,1702301130000,1702301242000,8,645.4,,4294967296.0,,,0.3536655164,0.3536655164,0.0,359.52,
2929,NFCORE_CHIPSEQ:CHIPSEQ:DEEPTOOLS_PLOTFINGERPRINT,1702301084000,1702301245000,8,613.7,,4294967296.0,,,0.4846617621708333,0.4846617621708333,0.0,359.52,
1598,NFCORE_CHIPSEQ:CHIPSEQ:DEEPTOOLS_PLOTFINGERPRINT,1702301110000,1702301252000,8,533.0,,4294967296.0,,,0.3741789661166667,0.3741789661166667,0.0,359.52,
3526,NFCORE_CHIPSEQ:CHIPSEQ:DEEPTOOLS_PLOTHEATMAP,1702300996000,1702301255000,1,100.2,,7430209536.0,,,0.19083985869375,0.19083985869375,0.0,359.52,
3537,NFCORE_CHIPSEQ:CHIPSEQ:DEEPTOOLS_PLOTPROFILE,1702301216000,1702301257000,1,100.1,,5420089344.0,,,0.02718632582604167,0.02718632582604167,0.0,359.52,
2318,NFCORE_CHIPSEQ:CHIPSEQ:DEEPTOOLS_PLOTFINGERPRINT,1702301130000,1702301262000,8,572.8,,4294967296.0,,,0.37225779360000005,0.37225779360000005,0.0,359.52,
2948,NFCORE_CHIPSEQ:CHIPSEQ:DEEPTOOLS_PLOTFINGERPRINT,1702301110000,1702301272000,8,653.6,,4294967296.0,,,0.517729023,0.517729023,0.0,359.52,
3530,NFCORE_CHIPSEQ:CHIPSEQ:DEEPTOOLS_PLOTHEATMAP,1702301015000,1702301272000,1,98.2,,7430209536.0,,,0.18697607041458333,0.18697607041458333,0.0,359.52,
2335,NFCORE_CHIPSEQ:CHIPSEQ:DEEPTOOLS_PLOTFINGERPRINT,1702301200000,1702301312000,8,637.2,,4294967296.0,,,0.34939491813333334,0.34939491813333334,0.0,359.52,
3532,NFCORE_CHIPSEQ:CHIPSEQ:DEEPTOOLS_PLOTHEATMAP,1702301082000,1702301327000,1,100.0,,7430209536.0,,,0.18029633861458333,0.18029633861458333,0.0,359.52,
1597,NFCORE_CHIPSEQ:CHIPSEQ:DEEPTOOLS_PLOTFINGERPRINT,1702301195000,1702301327000,8,509.9,,4294967296.0,,,0.33364942764999994,0.33364942764999994,0.0,359.52,
3040,NFCORE_CHIPSEQ:CHIPSEQ:DEEPTOOLS_PLOTFINGERPRINT,1702301145000,1702301330000,8,537.6,,4294967296.0,,,0.4914438666666667,0.4914438666666667,0.0,359.52,
3535,NFCORE_CHIPSEQ:CHIPSEQ:DEEPTOOLS_PLOTHEATMAP,1702301112000,1702301347000,1,100.2,,7430209536.0,,,0.17315585634375,0.17315585634375,0.0,359.52,
2576,NFCORE_CHIPSEQ:CHIPSEQ:DEEPTOOLS_PLOTFINGERPRINT,1702301245000,1702301347000,8,640.2,,4294967296.0,,,0.31962185605,0.31962185605,0.0,359.52,
2277,NFCORE_CHIPSEQ:CHIPSEQ:DEEPTOOLS_PLOTFINGERPRINT,1702301215000,1702301367000,8,533.2,,4294967296.0,,,0.4006709588,0.4006709588,0.0,359.52,
2827,NFCORE_CHIPSEQ:CHIPSEQ:DEEPTOOLS_PLOTFINGERPRINT,1702301197000,1702301367000,8,592.4,,4294967296.0,,,0.4949168548333333,0.4949168548333333,0.0,359.52,
2957,NFCORE_CHIPSEQ:CHIPSEQ:DEEPTOOLS_PLOTFINGERPRINT,1702301245000,1702301392000,8,652.1,,4294967296.0,,,0.46876581631249997,0.46876581631249997,0.0,359.52,
2984,NFCORE_CHIPSEQ:CHIPSEQ:DEEPTOOLS_PLOTFINGERPRINT,1702301235000,1702301392000,8,576.6,,4294967296.0,,,0.4455353784583334,0.4455353784583334,0.0,359.52,
3001,NFCORE_CHIPSEQ:CHIPSEQ:DEEPTOOLS_PLOTFINGERPRINT,1702301255000,1702301412000,8,621.7,,4294967296.0,,,0.47846092848750005,0.47846092848750005,0.0,359.52,
2713,NFCORE_CHIPSEQ:CHIPSEQ:DEEPTOOLS_PLOTFINGERPRINT,1702301248000,1702301415000,8,580.9,,4294967296.0,,,0.47725262296249993,0.47725262296249993,0.0,359.52,
2610,NFCORE_CHIPSEQ:CHIPSEQ:DEEPTOOLS_PLOTFINGERPRINT,1702301330000,1702301420000,8,592.2,,4294967296.0,,,0.26193110475,0.26193110475,0.0,359.52,
2980,NFCORE_CHIPSEQ:CHIPSEQ:DEEPTOOLS_PLOTFINGERPRINT,1702301275000,1702301425000,8,646.1,,4294967296.0,,,0.47414742812499994,0.47414742812499994,0.0,359.52,
2784,NFCORE_CHIPSEQ:CHIPSEQ:DEEPTOOLS_PLOTFINGERPRINT,1702301265000,1702301427000,8,602.4,,4294967296.0,,,0.4791597173999999,0.4791597173999999,0.0,359.52,
3536,NFCORE_CHIPSEQ:CHIPSEQ:DEEPTOOLS_PLOTHEATMAP,1702301216000,1702301442000,1,100.0,,7430209536.0,,,0.16631417357916667,0.16631417357916667,0.0,359.52,
2814,NFCORE_CHIPSEQ:CHIPSEQ:DEEPTOOLS_PLOTFINGERPRINT,1702301333000,1702301467000,8,598.7,,4294967296.0,,,0.3940364978083333,0.3940364978083333,0.0,359.52,
2970,NFCORE_CHIPSEQ:CHIPSEQ:DEEPTOOLS_PLOTFINGERPRINT,1702301315000,1702301467000,8,564.8,,4294967296.0,,,0.4230060389333333,0.4230060389333333,0.0,359.52,
2913,NFCORE_CHIPSEQ:CHIPSEQ:DEEPTOOLS_PLOTFINGERPRINT,1702301350000,1702301487000,8,597.4,,4294967296.0,,,0.402030038025,0.402030038025,0.0,359.52,
2095,NFCORE_CHIPSEQ:CHIPSEQ:DEEPTOOLS_PLOTFINGERPRINT,1702301417000,1702301507000,8,564.7,,4294967296.0,,,0.25042225162500004,0.25042225162500004,0.0,359.52,
2130,NFCORE_CHIPSEQ:CHIPSEQ:DEEPTOOLS_PLOTFINGERPRINT,1702301415000,1702301512000,8,534.5,,4294967296.0,,,0.25627770580416664,0.25627770580416664,0.0,359.52,
2527,NFCORE_CHIPSEQ:CHIPSEQ:DEEPTOOLS_PLOTFINGERPRINT,1702301423000,1702301512000,8,608.2,,4294967296.0,,,0.26564241847500003,0.26564241847500003,0.0,359.52,
3163,NFCORE_CHIPSEQ:CHIPSEQ:DEEPTOOLS_PLOTFINGERPRINT,1702301371000,1702301522000,8,574.1,,4294967296.0,,,0.42675315797916663,0.42675315797916663,0.0,359.52,
2372,NFCORE_CHIPSEQ:CHIPSEQ:DEEPTOOLS_PLOTFINGERPRINT,1702301430000,1702301522000,8,599.6,,4294967296.0,,,0.2709175443333333,0.2709175443333333,0.0,359.52,
2766,NFCORE_CHIPSEQ:CHIPSEQ:DEEPTOOLS_PLOTFINGERPRINT,1702301395000,1702301537000,8,554.5,,4294967296.0,,,0.388375543325,0.388375543325,0.0,359.52,
3011,NFCORE_CHIPSEQ:CHIPSEQ:DEEPTOOLS_PLOTFINGERPRINT,1702301370000,1702301537000,8,532.3,,4294967296.0,,,0.43951195478749994,0.43951195478749994,0.0,359.52,
3125,NFCORE_CHIPSEQ:CHIPSEQ:DEEPTOOLS_PLOTFINGERPRINT,1702301395000,1702301542000,8,556.9,,4294967296.0,,,0.4036912732125,0.4036912732125,0.0,359.52,
3115,NFCORE_CHIPSEQ:CHIPSEQ:DEEPTOOLS_PLOTFINGERPRINT,1702301427000,1702301557000,8,626.8,,4294967296.0,,,0.3992608165,0.3992608165,0.0,359.52,
3149,NFCORE_CHIPSEQ:CHIPSEQ:DEEPTOOLS_PLOTFINGERPRINT,1702301470000,1702301602000,8,600.3,,4294967296.0,,,0.38913744484999996,0.38913744484999996,0.0,359.52,
2666,NFCORE_CHIPSEQ:CHIPSEQ:DEEPTOOLS_PLOTFINGERPRINT,1702301515000,1702301607000,8,536.5,,4294967296.0,,,0.24392312245000003,0.24392312245000003,0.0,359.52,
2819,NFCORE_CHIPSEQ:CHIPSEQ:DEEPTOOLS_PLOTFINGERPRINT,1702301490000,1702301607000,8,610.4,,4294967296.0,,,0.35041223489999995,0.35041223489999995,0.0,359.52,
3154,NFCORE_CHIPSEQ:CHIPSEQ:DEEPTOOLS_PLOTFINGERPRINT,1702301470000,1702301610000,8,554.8,,4294967296.0,,,0.38310076699999995,0.38310076699999995,0.0,359.52,
2152,NFCORE_CHIPSEQ:CHIPSEQ:DEEPTOOLS_PLOTFINGERPRINT,1702301540000,1702301610000,8,570.7,,4294967296.0,,,0.196725879875,0.196725879875,0.0,359.52,
2411,NFCORE_CHIPSEQ:CHIPSEQ:MULTIQC_CUSTOM_PHANTOMPEAKQUALTOOLS,1702301605000,1702301607000,12,675.0,,4294967296.0,,,0.006590738116666666,0.006590738116666666,0.0,359.52,
2629,NFCORE_CHIPSEQ:CHIPSEQ:MULTIQC_CUSTOM_PHANTOMPEAKQUALTOOLS,1702301610000,1702301612000,12,835.8,,4294967296.0,,,0.008086191516666666,0.008086191516666666,0.0,359.52,
2632,NFCORE_CHIPSEQ:CHIPSEQ:MULTIQC_CUSTOM_PHANTOMPEAKQUALTOOLS,1702301610000,1702301612000,12,736.4,,4294967296.0,,,0.007161763233333333,0.007161763233333333,0.0,359.52,
3294,NFCORE_CHIPSEQ:CHIPSEQ:MULTIQC_CUSTOM_PHANTOMPEAKQUALTOOLS,1702301610000,1702301612000,12,706.5,,4294967296.0,,,0.006883690741666666,0.006883690741666666,0.0,359.52,
2100,NFCORE_CHIPSEQ:CHIPSEQ:DEEPTOOLS_PLOTFINGERPRINT,1702301545000,1702301615000,8,589.5,,4294967296.0,,,0.20284533470833332,0.20284533470833332,0.0,359.52,
2211,NFCORE_CHIPSEQ:CHIPSEQ:MULTIQC_CUSTOM_PHANTOMPEAKQUALTOOLS,1702301617000,1702301619000,12,926.3,,4294967296.0,,,0.008927849058333333,0.008927849058333333,0.0,359.52,
2312,NFCORE_CHIPSEQ:CHIPSEQ:DEEPTOOLS_PLOTFINGERPRINT,1702301540000,1702301619000,8,597.9,,4294967296.0,,,0.2320112168208333,0.2320112168208333,0.0,359.52,
2387,NFCORE_CHIPSEQ:CHIPSEQ:MULTIQC_CUSTOM_PHANTOMPEAKQUALTOOLS,1702301612000,1702301615000,12,716.8,,4294967296.0,,,0.010469222399999999,0.010469222399999999,0.0,359.52,
2406,NFCORE_CHIPSEQ:CHIPSEQ:MULTIQC_CUSTOM_PHANTOMPEAKQUALTOOLS,1702301615000,1702301617000,12,796.5,,4294967296.0,,,0.007720698241666667,0.007720698241666667,0.0,359.52,
3140,NFCORE_CHIPSEQ:CHIPSEQ:MULTIQC_CUSTOM_PHANTOMPEAKQUALTOOLS,1702301615000,1702301617000,12,1125.9,,4294967296.0,,,0.010784145691666667,0.010784145691666667,0.0,359.52,
3272,NFCORE_CHIPSEQ:CHIPSEQ:MULTIQC_CUSTOM_PHANTOMPEAKQUALTOOLS,1702301615000,1702301617000,12,865.8,,4294967296.0,,,0.008365194016666666,0.008365194016666666,0.0,359.52,
3295,NFCORE_CHIPSEQ:CHIPSEQ:MULTIQC_CUSTOM_PHANTOMPEAKQUALTOOLS,1702301620000,1702301621000,12,1039.6,,4294967296.0,,,0.00499077425,0.00499077425,0.0,359.52,
1810,NFCORE_CHIPSEQ:CHIPSEQ:MULTIQC_CUSTOM_PHANTOMPEAKQUALTOOLS,1702301620000,1702301621000,12,1079.5,,4294967296.0,,,0.0051763109125,0.0051763109125,0.0,359.52,
2740,NFCORE_CHIPSEQ:CHIPSEQ:MULTIQC_CUSTOM_PHANTOMPEAKQUALTOOLS,1702301620000,1702301621000,12,858.3,,4294967296.0,,,0.004147721695833333,0.004147721695833333,0.0,359.52,
2848,NFCORE_CHIPSEQ:CHIPSEQ:MULTIQC_CUSTOM_PHANTOMPEAKQUALTOOLS,1702301622000,1702301624000,12,1092.3,,4294967296.0,,,0.010471662891666665,0.010471662891666665,0.0,359.52,
2447,NFCORE_CHIPSEQ:CHIPSEQ:DEEPTOOLS_PLOTFINGERPRINT,1702301560000,1702301627000,8,504.6,,4294967296.0,,,0.16770113120833333,0.16770113120833333,0.0,359.52,
2619,NFCORE_CHIPSEQ:CHIPSEQ:MULTIQC_CUSTOM_PHANTOMPEAKQUALTOOLS,1702301624000,1702301627000,12,873.9,,4294967296.0,,,0.012660787037500001,0.012660787037500001,0.0,359.52,
2717,NFCORE_CHIPSEQ:CHIPSEQ:MULTIQC_CUSTOM_PHANTOMPEAKQUALTOOLS,1702301624000,1702301627000,12,781.9,,4294967296.0,,,0.0113773755375,0.0113773755375,0.0,359.52,
2750,NFCORE_CHIPSEQ:CHIPSEQ:DEEPTOOLS_PLOTFINGERPRINT,1702301525000,1702301630000,8,608.1,,4294967296.0,,,0.3133495334375,0.3133495334375,0.0,359.52,
3166,NFCORE_CHIPSEQ:CHIPSEQ:MULTIQC_CUSTOM_PHANTOMPEAKQUALTOOLS,1702301630000,1702301632000,12,1098.8,,4294967296.0,,,0.010532113433333334,0.010532113433333334,0.0,359.52,
3180,NFCORE_CHIPSEQ:CHIPSEQ:MULTIQC_CUSTOM_PHANTOMPEAKQUALTOOLS,1702301624000,1702301627000,12,898.8,,4294967296.0,,,0.01300814515,0.01300814515,0.0,359.52,
3267,NFCORE_CHIPSEQ:CHIPSEQ:MULTIQC_CUSTOM_PHANTOMPEAKQUALTOOLS,1702301626000,1702301630000,12,1047.2,,4294967296.0,,,0.020104458266666667,0.020104458266666667,0.0,359.52,
2400,NFCORE_CHIPSEQ:CHIPSEQ:MULTIQC_CUSTOM_PHANTOMPEAKQUALTOOLS,1702301630000,1702301632000,12,1011.8,,4294967296.0,,,0.009723006183333332,0.009723006183333332,0.0,359.52,
2401,NFCORE_CHIPSEQ:CHIPSEQ:MULTIQC_CUSTOM_PHANTOMPEAKQUALTOOLS,1702301630000,1702301632000,12,1002.2,,4294967296.0,,,0.009633725383333333,0.009633725383333333,0.0,359.52,
2638,NFCORE_CHIPSEQ:CHIPSEQ:MULTIQC_CUSTOM_PHANTOMPEAKQUALTOOLS,1702301633000,1702301635000,12,1083.1,,4294967296.0,,,0.010386102125,0.010386102125,0.0,359.52,
2710,NFCORE_CHIPSEQ:CHIPSEQ:DEEPTOOLS_PLOTFINGERPRINT,1702301525000,1702301637000,8,571.3,,4294967296.0,,,0.31507389059999996,0.31507389059999996,0.0,359.52,
2732,NFCORE_CHIPSEQ:CHIPSEQ:MULTIQC_CUSTOM_PHANTOMPEAKQUALTOOLS,1702301632000,1702301635000,12,1002.6,,4294967296.0,,,0.014456168125000002,0.014456168125000002,0.0,359.52,
2810,NFCORE_CHIPSEQ:CHIPSEQ:DEEPTOOLS_PLOTFINGERPRINT,1702301515000,1702301635000,8,584.5,,4294967296.0,,,0.34494483449999996,0.34494483449999996,0.0,359.52,
2904,NFCORE_CHIPSEQ:CHIPSEQ:MULTIQC_CUSTOM_PHANTOMPEAKQUALTOOLS,1702301637000,1702301640000,12,1079.3,,4294967296.0,,,0.015526142712499998,0.015526142712499998,0.0,359.52,
3020,NFCORE_CHIPSEQ:CHIPSEQ:MULTIQC_CUSTOM_PHANTOMPEAKQUALTOOLS,1702301637000,1702301640000,12,1028.0,,4294967296.0,,,0.014810501300000002,0.014810501300000002,0.0,359.52,
3120,NFCORE_CHIPSEQ:CHIPSEQ:DEEPTOOLS_PLOTFINGERPRINT,1702301510000,1702301638000,8,572.4,,4294967296.0,,,0.3607391722666666,0.3607391722666666,0.0,359.52,
3182,NFCORE_CHIPSEQ:CHIPSEQ:MULTIQC_CUSTOM_PHANTOMPEAKQUALTOOLS,1702301635000,1702301637000,12,1020.5,,4294967296.0,,,0.009803916908333335,0.009803916908333335,0.0,359.52,
3268,NFCORE_CHIPSEQ:CHIPSEQ:MULTIQC_CUSTOM_PHANTOMPEAKQUALTOOLS,1702301635000,1702301637000,12,1051.1,,4294967296.0,,,0.010088499458333332,0.010088499458333332,0.0,359.52,
3284,NFCORE_CHIPSEQ:CHIPSEQ:MULTIQC_CUSTOM_PHANTOMPEAKQUALTOOLS,1702301635000,1702301637000,12,1083.0,,4294967296.0,,,0.010385172116666667,0.010385172116666667,0.0,359.52,
3300,NFCORE_CHIPSEQ:CHIPSEQ:MULTIQC_CUSTOM_PHANTOMPEAKQUALTOOLS,1702301640000,1702301642000,12,1066.7,,4294967296.0,,,0.010233580758333333,0.010233580758333333,0.0,359.52,
1995,NFCORE_CHIPSEQ:CHIPSEQ:MULTIQC_CUSTOM_PHANTOMPEAKQUALTOOLS,1702301638000,1702301640000,12,1120.0,,4294967296.0,,,0.010729275199999999,0.010729275199999999,0.0,359.52,
3116,NFCORE_CHIPSEQ:CHIPSEQ:MULTIQC_CUSTOM_PHANTOMPEAKQUALTOOLS,1702301640000,1702301642000,12,975.6,,4294967296.0,,,0.009386343166666667,0.009386343166666667,0.0,359.52,
3139,NFCORE_CHIPSEQ:CHIPSEQ:MULTIQC_CUSTOM_PHANTOMPEAKQUALTOOLS,1702301640000,1702301642000,12,1071.3,,4294967296.0,,,0.010276361141666666,0.010276361141666666,0.0,359.52,
3175,NFCORE_CHIPSEQ:CHIPSEQ:MULTIQC_CUSTOM_PHANTOMPEAKQUALTOOLS,1702301641000,1702301642000,12,1070.2,,4294967296.0,,,0.005133065525,0.005133065525,0.0,359.52,
3212,NFCORE_CHIPSEQ:CHIPSEQ:MULTIQC_CUSTOM_PHANTOMPEAKQUALTOOLS,1702301642000,1702301645000,12,996.0,,4294967296.0,,,0.0143640973,0.0143640973,0.0,359.52,
3227,NFCORE_CHIPSEQ:CHIPSEQ:MULTIQC_CUSTOM_PHANTOMPEAKQUALTOOLS,1702301642000,1702301645000,12,1137.4,,4294967296.0,,,0.016336644975,0.016336644975,0.0,359.52,
3283,NFCORE_CHIPSEQ:CHIPSEQ:MULTIQC_CUSTOM_PHANTOMPEAKQUALTOOLS,1702301643000,1702301645000,12,1051.4,,4294967296.0,,,0.010091289483333333,0.010091289483333333,0.0,359.52,
3290,NFCORE_CHIPSEQ:CHIPSEQ:MULTIQC_CUSTOM_PHANTOMPEAKQUALTOOLS,1702301640000,1702301642000,12,1121.3,,4294967296.0,,,0.010741365308333332,0.010741365308333332,0.0,359.52,
3301,NFCORE_CHIPSEQ:CHIPSEQ:MULTIQC_CUSTOM_PHANTOMPEAKQUALTOOLS,1702301645000,1702301647000,12,927.3,,4294967296.0,,,0.008937149141666665,0.008937149141666665,0.0,359.52,
3312,NFCORE_CHIPSEQ:CHIPSEQ:MULTIQC_CUSTOM_PHANTOMPEAKQUALTOOLS,1702301645000,1702301647000,12,706.8,,4294967296.0,,,0.006886480766666665,0.006886480766666665,0.0,359.52,
2314,NFCORE_CHIPSEQ:CHIPSEQ:MULTIQC_CUSTOM_PHANTOMPEAKQUALTOOLS,1702301650000,1702301652000,12,743.9,,4294967296.0,,,0.007231513858333333,0.007231513858333333,0.0,359.52,
2628,NFCORE_CHIPSEQ:CHIPSEQ:MULTIQC_CUSTOM_PHANTOMPEAKQUALTOOLS,1702301650000,1702301652000,12,1087.3,,4294967296.0,,,0.010425162475,0.010425162475,0.0,359.52,
2651,NFCORE_CHIPSEQ:CHIPSEQ:MULTIQC_CUSTOM_PHANTOMPEAKQUALTOOLS,1702301645000,1702301647000,12,1054.7,,4294967296.0,,,0.010121979758333333,0.010121979758333333,0.0,359.52,
2897,NFCORE_CHIPSEQ:CHIPSEQ:MULTIQC_CUSTOM_PHANTOMPEAKQUALTOOLS,1702301650000,1702301652000,12,1081.9,,4294967296.0,,,0.010374942025000002,0.010374942025000002,0.0,359.52,
2943,NFCORE_CHIPSEQ:CHIPSEQ:MULTIQC_CUSTOM_PHANTOMPEAKQUALTOOLS,1702301647000,1702301650000,12,1055.8,,4294967296.0,,,0.015198314774999997,0.015198314774999997,0.0,359.52,
2990,NFCORE_CHIPSEQ:CHIPSEQ:MULTIQC_CUSTOM_PHANTOMPEAKQUALTOOLS,1702301645000,1702301647000,12,603.3,,4294967296.0,,,0.005923922141666666,0.005923922141666666,0.0,359.52,
3019,NFCORE_CHIPSEQ:CHIPSEQ:MULTIQC_CUSTOM_PHANTOMPEAKQUALTOOLS,1702301647000,1702301650000,12,1089.7,,4294967296.0,,,0.015671224012500002,0.015671224012500002,0.0,359.52,
3067,NFCORE_CHIPSEQ:CHIPSEQ:MULTIQC_CUSTOM_PHANTOMPEAKQUALTOOLS,1702301648000,1702301650000,12,1144.4,,4294967296.0,,,0.010956197233333334,0.010956197233333334,0.0,359.52,
3089,NFCORE_CHIPSEQ:CHIPSEQ:MULTIQC_CUSTOM_PHANTOMPEAKQUALTOOLS,1702301645000,1702301647000,12,1086.5,,4294967296.0,,,0.010417722408333333,0.010417722408333333,0.0,359.52,
3128,NFCORE_CHIPSEQ:CHIPSEQ:MULTIQC_CUSTOM_PHANTOMPEAKQUALTOOLS,1702301650000,1702301652000,12,1071.8,,4294967296.0,,,0.010281011183333333,0.010281011183333333,0.0,359.52,
3292,NFCORE_CHIPSEQ:CHIPSEQ:MULTIQC_CUSTOM_PHANTOMPEAKQUALTOOLS,1702301650000,1702301652000,12,485.3,,4294967296.0,,,0.0048265123083333335,0.0048265123083333335,0.0,359.52,
3323,NFCORE_CHIPSEQ:CHIPSEQ:MULTIQC_CUSTOM_PHANTOMPEAKQUALTOOLS,1702301652000,1702301655000,12,1007.9,,4294967296.0,,,0.014530103787499998,0.014530103787499998,0.0,359.52,
2876,NFCORE_CHIPSEQ:CHIPSEQ:MULTIQC_CUSTOM_PHANTOMPEAKQUALTOOLS,1702301652000,1702301655000,12,1042.7,,4294967296.0,,,0.015015568137500003,0.015015568137500003,0.0,359.52,
3015,NFCORE_CHIPSEQ:CHIPSEQ:MULTIQC_CUSTOM_PHANTOMPEAKQUALTOOLS,1702301655000,1702301656000,12,1034.1,,4294967296.0,,,0.004965199020833333,0.004965199020833333,0.0,359.52,
3018,NFCORE_CHIPSEQ:CHIPSEQ:MULTIQC_CUSTOM_PHANTOMPEAKQUALTOOLS,1702301655000,1702301656000,12,1059.8,,4294967296.0,,,0.005084705091666666,0.005084705091666666,0.0,359.52,
3022,NFCORE_CHIPSEQ:CHIPSEQ:MULTIQC_CUSTOM_PHANTOMPEAKQUALTOOLS,1702301655000,1702301657000,12,1126.7,,4294967296.0,,,0.010791585758333333,0.010791585758333333,0.0,359.52,
3174,NFCORE_CHIPSEQ:CHIPSEQ:MULTIQC_CUSTOM_PHANTOMPEAKQUALTOOLS,1702301655000,1702301657000,12,952.2,,4294967296.0,,,0.009168721216666667,0.009168721216666667,0.0,359.52,
3263,NFCORE_CHIPSEQ:CHIPSEQ:MULTIQC_CUSTOM_PHANTOMPEAKQUALTOOLS,1702301653000,1702301655000,12,1104.6,,4294967296.0,,,0.010586053916666664,0.010586053916666664,0.0,359.52,
3280,NFCORE_CHIPSEQ:CHIPSEQ:MULTIQC_CUSTOM_PHANTOMPEAKQUALTOOLS,1702301655000,1702301657000,12,1048.5,,4294967296.0,,,0.010064319241666668,0.010064319241666668,0.0,359.52,
3289,NFCORE_CHIPSEQ:CHIPSEQ:MULTIQC_CUSTOM_PHANTOMPEAKQUALTOOLS,1702301657000,1702301659000,12,1084.8,,4294967296.0,,,0.010401912266666665,0.010401912266666665,0.0,359.52,
3321,NFCORE_CHIPSEQ:CHIPSEQ:MULTIQC_CUSTOM_PHANTOMPEAKQUALTOOLS,1702301657000,1702301659000,12,970.0,,4294967296.0,,,0.0093342627,0.0093342627,0.0,359.52,
2908,NFCORE_CHIPSEQ:CHIPSEQ:MULTIQC_CUSTOM_PHANTOMPEAKQUALTOOLS,1702301659000,1702301661000,12,1154.0,,4294967296.0,,,0.011045478033333334,0.011045478033333334,0.0,359.52,
3088,NFCORE_CHIPSEQ:CHIPSEQ:MULTIQC_CUSTOM_PHANTOMPEAKQUALTOOLS,1702301659000,1702301661000,12,1107.8,,4294967296.0,,,0.010615814183333332,0.010615814183333332,0.0,359.52,
3091,NFCORE_CHIPSEQ:CHIPSEQ:MULTIQC_CUSTOM_PHANTOMPEAKQUALTOOLS,1702301659000,1702301661000,12,1073.3,,4294967296.0,,,0.010294961308333331,0.010294961308333331,0.0,359.52,
3170,NFCORE_CHIPSEQ:CHIPSEQ:MULTIQC_CUSTOM_PHANTOMPEAKQUALTOOLS,1702301658000,1702301660000,12,1067.8,,4294967296.0,,,0.01024381085,0.01024381085,0.0,359.52,
3190,NFCORE_CHIPSEQ:CHIPSEQ:MULTIQC_CUSTOM_PHANTOMPEAKQUALTOOLS,1702301660000,1702301662000,12,1005.1,,4294967296.0,,,0.009660695624999998,0.009660695624999998,0.0,359.52,
3282,NFCORE_CHIPSEQ:CHIPSEQ:MULTIQC_CUSTOM_PHANTOMPEAKQUALTOOLS,1702301663000,1702301665000,12,1051.5,,4294967296.0,,,0.010092219491666665,0.010092219491666665,0.0,359.52,
3320,NFCORE_CHIPSEQ:CHIPSEQ:MULTIQC_CUSTOM_PHANTOMPEAKQUALTOOLS,1702301663000,1702301665000,12,1157.5,,4294967296.0,,,0.011078028325,0.011078028325,0.0,359.52,
3327,NFCORE_CHIPSEQ:CHIPSEQ:MULTIQC_CUSTOM_PHANTOMPEAKQUALTOOLS,1702301659000,1702301661000,12,1035.4,,4294967296.0,,,0.00994248815,0.00994248815,0.0,359.52,
2360,NFCORE_CHIPSEQ:CHIPSEQ:MULTIQC_CUSTOM_PHANTOMPEAKQUALTOOLS,1702301661000,1702301663000,12,1056.1,,4294967296.0,,,0.010134999875,0.010134999875,0.0,359.52,
2533,NFCORE_CHIPSEQ:CHIPSEQ:MULTIQC_CUSTOM_PHANTOMPEAKQUALTOOLS,1702301664000,1702301666000,12,1038.8,,4294967296.0,,,0.009974108433333332,0.009974108433333332,0.0,359.52,
3016,NFCORE_CHIPSEQ:CHIPSEQ:MULTIQC_CUSTOM_PHANTOMPEAKQUALTOOLS,1702301661000,1702301663000,12,1111.8,,4294967296.0,,,0.010653014516666665,0.010653014516666665,0.0,359.52,
3286,NFCORE_CHIPSEQ:CHIPSEQ:MULTIQC_CUSTOM_PHANTOMPEAKQUALTOOLS,1702301662000,1702301665000,12,1108.6,,4294967296.0,,,0.015934881374999998,0.015934881374999998,0.0,359.52,
3314,NFCORE_CHIPSEQ:CHIPSEQ:MULTIQC_CUSTOM_PHANTOMPEAKQUALTOOLS,1702301665000,1702301667000,12,1092.2,,4294967296.0,,,0.010470732883333335,0.010470732883333335,0.0,359.52,
3315,NFCORE_CHIPSEQ:CHIPSEQ:MULTIQC_CUSTOM_PHANTOMPEAKQUALTOOLS,1702301663000,1702301665000,12,1116.1,,4294967296.0,,,0.010693004874999999,0.010693004874999999,0.0,359.52,
1643,NFCORE_CHIPSEQ:CHIPSEQ:MULTIQC_CUSTOM_PHANTOMPEAKQUALTOOLS,1702301665000,1702301667000,12,884.2,,4294967296.0,,,0.00853631555,0.00853631555,0.0,359.52,
2195,NFCORE_CHIPSEQ:CHIPSEQ:MULTIQC_CUSTOM_PHANTOMPEAKQUALTOOLS,1702301666000,1702301667000,12,1072.5,,4294967296.0,,,0.005143760620833334,0.005143760620833334,0.0,359.52,
3141,NFCORE_CHIPSEQ:CHIPSEQ:MULTIQC_CUSTOM_PHANTOMPEAKQUALTOOLS,1702301670000,1702301672000,12,1117.9,,4294967296.0,,,0.010709745025,0.010709745025,0.0,359.52,
3191,NFCORE_CHIPSEQ:CHIPSEQ:MULTIQC_CUSTOM_PHANTOMPEAKQUALTOOLS,1702301668000,1702301670000,12,655.8,,4294967296.0,,,0.006412176516666666,0.006412176516666666,0.0,359.52,
3249,NFCORE_CHIPSEQ:CHIPSEQ:MULTIQC_CUSTOM_PHANTOMPEAKQUALTOOLS,1702301667000,1702301670000,12,1086.9,,4294967296.0,,,0.0156321636625,0.0156321636625,0.0,359.52,
3310,NFCORE_CHIPSEQ:CHIPSEQ:MULTIQC_CUSTOM_PHANTOMPEAKQUALTOOLS,1702301668000,1702301670000,12,976.0,,4294967296.0,,,0.0093900632,0.0093900632,0.0,359.52,
3311,NFCORE_CHIPSEQ:CHIPSEQ:MULTIQC_CUSTOM_PHANTOMPEAKQUALTOOLS,1702301668000,1702301670000,12,522.7,,4294967296.0,,,0.005174335425000001,0.005174335425000001,0.0,359.52,
3316,NFCORE_CHIPSEQ:CHIPSEQ:MULTIQC_CUSTOM_PHANTOMPEAKQUALTOOLS,1702301672000,1702301675000,12,953.7,,4294967296.0,,,0.0137740070125,0.0137740070125,0.0,359.52,
3319,NFCORE_CHIPSEQ:CHIPSEQ:MULTIQC_CUSTOM_PHANTOMPEAKQUALTOOLS,1702301668000,1702301670000,12,986.5,,4294967296.0,,,0.009487714074999999,0.009487714074999999,0.0,359.52,
3322,NFCORE_CHIPSEQ:CHIPSEQ:MULTIQC_CUSTOM_PHANTOMPEAKQUALTOOLS,1702301670000,1702301672000,12,1137.2,,4294967296.0,,,0.010889236633333332,0.010889236633333332,0.0,359.52,
3324,NFCORE_CHIPSEQ:CHIPSEQ:MULTIQC_CUSTOM_PHANTOMPEAKQUALTOOLS,1702301672000,1702301675000,12,1032.7,,4294967296.0,,,0.014876066887499999,0.014876066887499999,0.0,359.52,
3021,NFCORE_CHIPSEQ:CHIPSEQ:MULTIQC_CUSTOM_PHANTOMPEAKQUALTOOLS,1702301673000,1702301675000,12,726.7,,4294967296.0,,,0.0070715524250000005,0.0070715524250000005,0.0,359.52,
3187,NFCORE_CHIPSEQ:CHIPSEQ:MULTIQC_CUSTOM_PHANTOMPEAKQUALTOOLS,1702301670000,1702301672000,12,1061.9,,4294967296.0,,,0.010188940358333334,0.010188940358333334,0.0,359.52,
3264,NFCORE_CHIPSEQ:CHIPSEQ:MULTIQC_CUSTOM_PHANTOMPEAKQUALTOOLS,1702301675000,1702301677000,12,1053.8,,4294967296.0,,,0.010113609683333333,0.010113609683333333,0.0,359.52,
3274,NFCORE_CHIPSEQ:CHIPSEQ:MULTIQC_CUSTOM_PHANTOMPEAKQUALTOOLS,1702301675000,1702301677000,12,1096.0,,4294967296.0,,,0.0105060732,0.0105060732,0.0,359.52,
3285,NFCORE_CHIPSEQ:CHIPSEQ:MULTIQC_CUSTOM_PHANTOMPEAKQUALTOOLS,1702301673000,1702301675000,12,569.1,,4294967296.0,,,0.005605859291666668,0.005605859291666668,0.0,359.52,
3303,NFCORE_CHIPSEQ:CHIPSEQ:MULTIQC_CUSTOM_PHANTOMPEAKQUALTOOLS,1702301673000,1702301675000,12,1118.2,,4294967296.0,,,0.010712535050000001,0.010712535050000001,0.0,359.52,
3309,NFCORE_CHIPSEQ:CHIPSEQ:MULTIQC_CUSTOM_PHANTOMPEAKQUALTOOLS,1702301675000,1702301677000,12,1091.6,,4294967296.0,,,0.010465152833333333,0.010465152833333333,0.0,359.52,
3313,NFCORE_CHIPSEQ:CHIPSEQ:MULTIQC_CUSTOM_PHANTOMPEAKQUALTOOLS,1702301677000,1702301680000,12,1002.6,,4294967296.0,,,0.014456168125000002,0.014456168125000002,0.0,359.52,
3077,NFCORE_CHIPSEQ:CHIPSEQ:MULTIQC_CUSTOM_PHANTOMPEAKQUALTOOLS,1702301678000,1702301680000,12,1069.0,,4294967296.0,,,0.01025497095,0.01025497095,0.0,359.52,
3207,NFCORE_CHIPSEQ:CHIPSEQ:MULTIQC_CUSTOM_PHANTOMPEAKQUALTOOLS,1702301677000,1702301680000,12,922.8,,4294967296.0,,,0.013342948149999999,0.013342948149999999,0.0,359.52,
3287,NFCORE_CHIPSEQ:CHIPSEQ:MULTIQC_CUSTOM_PHANTOMPEAKQUALTOOLS,1702301678000,1702301680000,12,1021.7,,4294967296.0,,,0.009815077008333334,0.009815077008333334,0.0,359.52,
3304,NFCORE_CHIPSEQ:CHIPSEQ:MULTIQC_CUSTOM_PHANTOMPEAKQUALTOOLS,1702301678000,1702301680000,12,1120.2,,4294967296.0,,,0.010731135216666667,0.010731135216666667,0.0,359.52,
3308,NFCORE_CHIPSEQ:CHIPSEQ:MULTIQC_CUSTOM_PHANTOMPEAKQUALTOOLS,1702301683000,1702301685000,12,1090.3,,4294967296.0,,,0.010453062725,0.010453062725,0.0,359.52,
3330,NFCORE_CHIPSEQ:CHIPSEQ:MULTIQC_CUSTOM_PHANTOMPEAKQUALTOOLS,1702301680000,1702301682000,12,1081.9,,4294967296.0,,,0.010374942025000002,0.010374942025000002,0.0,359.52,
3331,NFCORE_CHIPSEQ:CHIPSEQ:MULTIQC_CUSTOM_PHANTOMPEAKQUALTOOLS,1702301680000,1702301682000,12,998.3,,4294967296.0,,,0.009597455058333332,0.009597455058333332,0.0,359.52,
3337,NFCORE_CHIPSEQ:CHIPSEQ:MULTIQC_CUSTOM_PHANTOMPEAKQUALTOOLS,1702301685000,1702301687000,12,994.1,,4294967296.0,,,0.009558394708333333,0.009558394708333333,0.0,359.52,
2845,NFCORE_CHIPSEQ:CHIPSEQ:MULTIQC_CUSTOM_PHANTOMPEAKQUALTOOLS,1702301683000,1702301685000,12,1001.6,,4294967296.0,,,0.009628145333333333,0.009628145333333333,0.0,359.52,
2991,NFCORE_CHIPSEQ:CHIPSEQ:MULTIQC_CUSTOM_PHANTOMPEAKQUALTOOLS,1702301682000,1702301685000,12,1118.0,,4294967296.0,,,0.01606601255,0.01606601255,0.0,359.52,
3177,NFCORE_CHIPSEQ:CHIPSEQ:MULTIQC_CUSTOM_PHANTOMPEAKQUALTOOLS,1702301683000,1702301685000,12,1062.2,,4294967296.0,,,0.010191730383333333,0.010191730383333333,0.0,359.52,
3209,NFCORE_CHIPSEQ:CHIPSEQ:MULTIQC_CUSTOM_PHANTOMPEAKQUALTOOLS,1702301680000,1702301682000,12,1059.6,,4294967296.0,,,0.010167550166666666,0.010167550166666666,0.0,359.52,
3281,NFCORE_CHIPSEQ:CHIPSEQ:MULTIQC_CUSTOM_PHANTOMPEAKQUALTOOLS,1702301682000,1702301685000,12,1093.2,,4294967296.0,,,0.015720049450000002,0.015720049450000002,0.0,359.52,
