id,name,start,end,cpu_count,avg_cpu_usage,cpu_model,memory,rapl_timeseries,cpu_usage_timeseries,average_co2e,marginal_co2e,embodied_co2e,avg_ci,ci_timeseries
3,NFCORE_CHIPSEQ:CHIPSEQ:INPUT_CHECK:SAMPLESHEET_CHECK,1702236974000,1702236981000,1,59.6,,1073741824.0,,,0.001586808803125,0.001586808803125,0.0,257.67,
1,NFCORE_CHIPSEQ:CHIPSEQ:PREPARE_GENOME:GTF2BED,1702236974000,1702237008000,1,82.2,,3398434816.0,,,0.012333554605859377,0.012333554605859377,0.0,257.67,
57,NFCORE_CHIPSEQ:CHIPSEQ:FASTQC_TRIMGALORE:FASTQC,1702237003000,1702237068000,2,90.4,,1680867328.0,,,0.02243793211816406,0.02243793211816406,0.0,257.67,
71,NFCORE_CHIPSEQ:CHIPSEQ:FASTQC_TRIMGALORE:FASTQC,1702237002000,1702237061000,2,97.1,,1680867328.0,,,0.021684159017773444,0.021684159017773444,0.0,257.67,
70,NFCORE_CHIPSEQ:CHIPSEQ:FASTQC_TRIMGALORE:FASTQC,1702237004000,1702237066000,2,97.0,,1680867328.0,,,0.022766080566796878,0.022766080566796878,0.0,257.67,
72,NFCORE_CHIPSEQ:CHIPSEQ:FASTQC_TRIMGALORE:FASTQC,1702237004000,1702237066000,2,98.3,,1680867328.0,,,0.023034697068359374,0.023034697068359374,0.0,257.67,
2,NFCORE_CHIPSEQ:CHIPSEQ:PREPARE_GENOME:CUSTOM_GETCHROMSIZES,1702236973000,1702237103000,1,11.5,,1073741824.0,,,0.008629864851562499,0.008629864851562499,0.0,257.67,
7,NFCORE_CHIPSEQ:CHIPSEQ:FASTQC_TRIMGALORE:FASTQC,1702237000000,1702237101000,2,74.2,,1680867328.0,,,0.029412112886132817,0.029412112886132817,0.0,257.67,
20,NFCORE_CHIPSEQ:CHIPSEQ:FASTQC_TRIMGALORE:FASTQC,1702237000000,1702237103000,2,76.6,,1680867328.0,,,0.030818377106835937,0.030818377106835937,0.0,257.67,
33,NFCORE_CHIPSEQ:CHIPSEQ:FASTQC_TRIMGALORE:FASTQC,1702237000000,1702237099000,2,80.2,,1680867328.0,,,0.030809325106054695,0.030809325106054695,0.0,257.67,
46,NFCORE_CHIPSEQ:CHIPSEQ:FASTQC_TRIMGALORE:FASTQC,1702237001000,1702237104000,2,71.4,,1680867328.0,,,0.02903337712871094,0.02903337712871094,0.0,257.67,
49,NFCORE_CHIPSEQ:CHIPSEQ:FASTQC_TRIMGALORE:FASTQC,1702237000000,1702237099000,2,72.1,,1680867328.0,,,0.02813682420527344,0.02813682420527344,0.0,257.67,
34,NFCORE_CHIPSEQ:CHIPSEQ:FASTQC_TRIMGALORE:FASTQC,1702237000000,1702237093000,2,76.5,,1680867328.0,,,0.027795307447851563,0.027795307447851563,0.0,257.67,
53,NFCORE_CHIPSEQ:CHIPSEQ:FASTQC_TRIMGALORE:FASTQC,1702237001000,1702237099000,2,60.5,,1680867328.0,,,0.024063988066015625,0.024063988066015625,0.0,257.67,
55,NFCORE_CHIPSEQ:CHIPSEQ:FASTQC_TRIMGALORE:FASTQC,1702237001000,1702237086000,2,65.6,,1680867328.0,,,0.02231655657519531,0.02231655657519531,0.0,257.67,
54,NFCORE_CHIPSEQ:CHIPSEQ:FASTQC_TRIMGALORE:FASTQC,1702237001000,1702237099000,2,76.0,,1680867328.0,,,0.029126375980078126,0.029126375980078126,0.0,257.67,
45,NFCORE_CHIPSEQ:CHIPSEQ:FASTQC_TRIMGALORE:FASTQC,1702237004000,1702237099000,2,69.1,,1680867328.0,,,0.02605016020605469,0.02605016020605469,0.0,257.67,
56,NFCORE_CHIPSEQ:CHIPSEQ:FASTQC_TRIMGALORE:FASTQC,1702237002000,1702237099000,2,57.1,,1680867328.0,,,0.022719309100195317,0.022719309100195317,0.0,257.67,
52,NFCORE_CHIPSEQ:CHIPSEQ:FASTQC_TRIMGALORE:FASTQC,1702237001000,1702237086000,2,68.3,,1680867328.0,,,0.023081413735351563,0.023081413735351563,0.0,257.67,
51,NFCORE_CHIPSEQ:CHIPSEQ:FASTQC_TRIMGALORE:FASTQC,1702237001000,1702237081000,2,98.1,,1680867328.0,,,0.029668866390625,0.029668866390625,0.0,257.67,
41,NFCORE_CHIPSEQ:CHIPSEQ:FASTQC_TRIMGALORE:FASTQC,1702237001000,1702237096000,2,98.1,,1680867328.0,,,0.03523177883886718,0.03523177883886718,0.0,257.67,
12,NFCORE_CHIPSEQ:CHIPSEQ:FASTQC_TRIMGALORE:FASTQC,1702237004000,1702237104000,2,91.4,,1680867328.0,,,0.034853166660156254,0.034853166660156254,0.0,257.67,
4,NFCORE_CHIPSEQ:CHIPSEQ:FASTQC_TRIMGALORE:FASTQC,1702237002000,1702237086000,2,98.9,,1680867328.0,,,0.03137626788515625,0.03137626788515625,0.0,257.67,
73,NFCORE_CHIPSEQ:CHIPSEQ:FASTQC_TRIMGALORE:FASTQC,1702237005000,1702237099000,2,97.5,,1680867328.0,,,0.034672953112109384,0.034672953112109384,0.0,257.67,
78,NFCORE_CHIPSEQ:CHIPSEQ:FASTQC_TRIMGALORE:FASTQC,1702237008000,1702237103000,2,100.1,,1680867328.0,,,0.035864993916992195,0.035864993916992195,0.0,257.67,
11,NFCORE_CHIPSEQ:CHIPSEQ:FASTQC_TRIMGALORE:FASTQC,1702236999000,1702237105000,2,74.3,,1680867328.0,,,0.030903484814453125,0.030903484814453125,0.0,257.67,
15,NFCORE_CHIPSEQ:CHIPSEQ:FASTQC_TRIMGALORE:FASTQC,1702237001000,1702237106000,2,74.7,,1680867328.0,,,0.030751916364257816,0.030751916364257816,0.0,257.67,
77,NFCORE_CHIPSEQ:CHIPSEQ:FASTQC_TRIMGALORE:FASTQC,1702237007000,1702237111000,2,94.3,,1680867328.0,,,0.0372524389453125,0.0372524389453125,0.0,257.67,
214,NFCORE_CHIPSEQ:CHIPSEQ:PREPARE_GENOME:GENOME_BLACKLIST_REGIONS,1702237105000,1702237107000,1,38.1,,1073741824.0,,,0.0003100673734375001,0.0003100673734375001,0.0,257.67,
29,NFCORE_CHIPSEQ:CHIPSEQ:FASTQC_TRIMGALORE:FASTQC,1702237000000,1702237113000,2,75.3,,1680867328.0,,,0.03332087731738281,0.03332087731738281,0.0,257.67,
26,NFCORE_CHIPSEQ:CHIPSEQ:FASTQC_TRIMGALORE:FASTQC,1702237000000,1702237111000,2,77.5,,1680867328.0,,,0.03354497528730469,0.03354497528730469,0.0,257.67,
16,NFCORE_CHIPSEQ:CHIPSEQ:FASTQC_TRIMGALORE:FASTQC,1702237000000,1702237113000,2,73.9,,1680867328.0,,,0.032793642447070316,0.032793642447070316,0.0,257.67,
31,NFCORE_CHIPSEQ:CHIPSEQ:FASTQC_TRIMGALORE:FASTQC,1702237001000,1702237111000,2,79.4,,1680867328.0,,,0.03393930488867188,0.03393930488867188,0.0,257.67,
38,NFCORE_CHIPSEQ:CHIPSEQ:FASTQC_TRIMGALORE:FASTQC,1702237002000,1702237113000,2,76.6,,1680867328.0,,,0.03321203746464844,0.03321203746464844,0.0,257.67,
48,NFCORE_CHIPSEQ:CHIPSEQ:FASTQC_TRIMGALORE:FASTQC,1702237001000,1702237116000,2,73.3,,1680867328.0,,,0.033144103842773436,0.033144103842773436,0.0,257.67,
42,NFCORE_CHIPSEQ:CHIPSEQ:FASTQC_TRIMGALORE:FASTQC,1702237004000,1702237113000,2,65.1,,1680867328.0,,,0.028436069215039064,0.028436069215039064,0.0,257.67,
74,NFCORE_CHIPSEQ:CHIPSEQ:FASTQC_TRIMGALORE:FASTQC,1702237001000,1702237116000,2,79.5,,1680867328.0,,,0.03552032674121094,0.03552032674121094,0.0,257.67,
39,NFCORE_CHIPSEQ:CHIPSEQ:FASTQC_TRIMGALORE:FASTQC,1702237005000,1702237111000,2,66.9,,1680867328.0,,,0.028289306355078127,0.028289306355078127,0.0,257.67,
76,NFCORE_CHIPSEQ:CHIPSEQ:FASTQC_TRIMGALORE:FASTQC,1702237007000,1702237113000,2,93.7,,1680867328.0,,,0.03775687158632813,0.03775687158632813,0.0,257.67,
24,NFCORE_CHIPSEQ:CHIPSEQ:FASTQC_TRIMGALORE:FASTQC,1702237001000,1702237119000,2,77.2,,1680867328.0,,,0.035542446212109384,0.035542446212109384,0.0,257.67,
44,NFCORE_CHIPSEQ:CHIPSEQ:FASTQC_TRIMGALORE:FASTQC,1702237000000,1702237121000,2,75.5,,1680867328.0,,,0.035760529086132815,0.035760529086132815,0.0,257.67,
37,NFCORE_CHIPSEQ:CHIPSEQ:FASTQC_TRIMGALORE:FASTQC,1702237003000,1702237121000,2,67.3,,1680867328.0,,,0.03164917329492188,0.03164917329492188,0.0,257.67,
18,NFCORE_CHIPSEQ:CHIPSEQ:FASTQC_TRIMGALORE:FASTQC,1702237000000,1702237123000,2,76.8,,1680867328.0,,,0.03688451269042969,0.03688451269042969,0.0,257.67,
75,NFCORE_CHIPSEQ:CHIPSEQ:FASTQC_TRIMGALORE:FASTQC,1702237003000,1702237121000,2,98.3,,1680867328.0,,,0.043840229904296875,0.043840229904296875,0.0,257.67,
13,NFCORE_CHIPSEQ:CHIPSEQ:FASTQC_TRIMGALORE:FASTQC,1702237000000,1702237131000,2,77.9,,1680867328.0,,,0.03976374903183594,0.03976374903183594,0.0,257.67,
9,NFCORE_CHIPSEQ:CHIPSEQ:FASTQC_TRIMGALORE:FASTQC,1702237001000,1702237161000,2,73.9,,1680867328.0,,,0.04643347603125001,0.04643347603125001,0.0,257.67,
88,NFCORE_CHIPSEQ:CHIPSEQ:FASTQC_TRIMGALORE:FASTQC,1702237014000,1702237171000,2,73.6,,1680867328.0,,,0.04540587767050781,0.04540587767050781,0.0,257.67,
151,NFCORE_CHIPSEQ:CHIPSEQ:FASTQC_TRIMGALORE:FASTQC,1702237092000,1702237216000,2,93.8,,1680867328.0,,,0.04420974143359376,0.04420974143359376,0.0,257.67,
152,NFCORE_CHIPSEQ:CHIPSEQ:FASTQC_TRIMGALORE:FASTQC,1702237105000,1702237223000,2,90.4,,1680867328.0,,,0.04073347676835938,0.04073347676835938,0.0,257.67,
154,NFCORE_CHIPSEQ:CHIPSEQ:FASTQC_TRIMGALORE:FASTQC,1702237073000,1702237206000,2,94.3,,1680867328.0,,,0.04764013826660157,0.04764013826660157,0.0,257.67,
155,NFCORE_CHIPSEQ:CHIPSEQ:FASTQC_TRIMGALORE:FASTQC,1702237072000,1702237211000,2,92.1,,1680867328.0,,,0.048770174431835935,0.048770174431835935,0.0,257.67,
158,NFCORE_CHIPSEQ:CHIPSEQ:FASTQC_TRIMGALORE:FASTQC,1702237103000,1702237221000,2,87.6,,1680867328.0,,,0.039632349074609385,0.039632349074609385,0.0,257.67,
160,NFCORE_CHIPSEQ:CHIPSEQ:FASTQC_TRIMGALORE:FASTQC,1702237114000,1702237225000,2,90.7,,1680867328.0,,,0.03842806335292969,0.03842806335292969,0.0,257.67,
161,NFCORE_CHIPSEQ:CHIPSEQ:FASTQC_TRIMGALORE:FASTQC,1702237099000,1702237224000,2,88.9,,1680867328.0,,,0.04252498615722657,0.04252498615722657,0.0,257.67,
163,NFCORE_CHIPSEQ:CHIPSEQ:FASTQC_TRIMGALORE:FASTQC,1702237103000,1702237224000,2,90.3,,1680867328.0,,,0.04172874783300781,0.04172874783300781,0.0,257.67,
166,NFCORE_CHIPSEQ:CHIPSEQ:FASTQC_TRIMGALORE:FASTQC,1702237103000,1702237223000,2,93.0,,1680867328.0,,,0.0424636804921875,0.0424636804921875,0.0,257.67,
167,NFCORE_CHIPSEQ:CHIPSEQ:FASTQC_TRIMGALORE:FASTQC,1702237101000,1702237223000,2,92.0,,1680867328.0,,,0.04276481776601564,0.04276481776601564,0.0,257.67,
168,NFCORE_CHIPSEQ:CHIPSEQ:FASTQC_TRIMGALORE:FASTQC,1702237074000,1702237206000,2,93.2,,1680867328.0,,,0.046798032110156255,0.046798032110156255,0.0,257.67,
170,NFCORE_CHIPSEQ:CHIPSEQ:FASTQC_TRIMGALORE:FASTQC,1702237093000,1702237224000,2,91.1,,1680867328.0,,,0.04552667278496094,0.04552667278496094,0.0,257.67,
171,NFCORE_CHIPSEQ:CHIPSEQ:FASTQC_TRIMGALORE:FASTQC,1702237087000,1702237216000,2,93.3,,1680867328.0,,,0.04577743244238281,0.04577743244238281,0.0,257.67,
173,NFCORE_CHIPSEQ:CHIPSEQ:FASTQC_TRIMGALORE:FASTQC,1702237066000,1702237201000,2,93.7,,1680867328.0,,,0.048086581737304686,0.048086581737304686,0.0,257.67,
174,NFCORE_CHIPSEQ:CHIPSEQ:FASTQC_TRIMGALORE:FASTQC,1702237092000,1702237223000,2,90.7,,1680867328.0,,,0.045352038731835936,0.045352038731835936,0.0,257.67,
35,NFCORE_CHIPSEQ:CHIPSEQ:FASTQC_TRIMGALORE:TRIMGALORE,1702237006000,1702237214000,5,275.6,,3157262336.0,,,0.20820715682812502,0.20820715682812502,0.0,257.67,
43,NFCORE_CHIPSEQ:CHIPSEQ:FASTQC_TRIMGALORE:TRIMGALORE,1702237002000,1702237221000,5,273.7,,3157262336.0,,,0.21783137121621096,0.21783137121621096,0.0,257.67,
63,NFCORE_CHIPSEQ:CHIPSEQ:FASTQC_TRIMGALORE:TRIMGALORE,1702237004000,1702237224000,5,273.7,,3157262336.0,,,0.21882603501171874,0.21882603501171874,0.0,257.67,
62,NFCORE_CHIPSEQ:CHIPSEQ:FASTQC_TRIMGALORE:TRIMGALORE,1702237004000,1702237216000,5,278.1,,3157262336.0,,,0.21397747741015627,0.21397747741015627,0.0,257.67,
79,NFCORE_CHIPSEQ:CHIPSEQ:FASTQC_TRIMGALORE:FASTQC,1702237103000,1702237224000,2,88.8,,1680867328.0,,,0.04112386079785156,0.04112386079785156,0.0,257.67,
86,NFCORE_CHIPSEQ:CHIPSEQ:FASTQC_TRIMGALORE:FASTQC,1702237103000,1702237225000,2,90.2,,1680867328.0,,,0.04203295444414064,0.04203295444414064,0.0,257.67,
84,NFCORE_CHIPSEQ:CHIPSEQ:FASTQC_TRIMGALORE:FASTQC,1702237106000,1702237221000,2,93.5,,1680867328.0,,,0.04088599135058594,0.04088599135058594,0.0,257.67,
93,NFCORE_CHIPSEQ:CHIPSEQ:FASTQC_TRIMGALORE:FASTQC,1702237103000,1702237223000,2,91.7,,1680867328.0,,,0.04194377758593751,0.04194377758593751,0.0,257.67,
106,NFCORE_CHIPSEQ:CHIPSEQ:FASTQC_TRIMGALORE:FASTQC,1702237116000,1702237230000,2,86.1,,1680867328.0,,,0.037718986044140625,0.037718986044140625,0.0,257.67,
107,NFCORE_CHIPSEQ:CHIPSEQ:FASTQC_TRIMGALORE:FASTQC,1702237107000,1702237236000,2,81.1,,1680867328.0,,,0.04053241196894531,0.04053241196894531,0.0,257.67,
109,NFCORE_CHIPSEQ:CHIPSEQ:FASTQC_TRIMGALORE:FASTQC,1702237116000,1702237239000,2,81.8,,1680867328.0,,,0.03893412991699218,0.03893412991699218,0.0,257.67,
110,NFCORE_CHIPSEQ:CHIPSEQ:FASTQC_TRIMGALORE:FASTQC,1702237126000,1702237233000,2,86.7,,1680867328.0,,,0.035616867995898444,0.035616867995898444,0.0,257.67,
111,NFCORE_CHIPSEQ:CHIPSEQ:FASTQC_TRIMGALORE:FASTQC,1702237104000,1702237236000,2,80.7,,1680867328.0,,,0.041299059063281254,0.041299059063281254,0.0,257.67,
137,NFCORE_CHIPSEQ:CHIPSEQ:FASTQC_TRIMGALORE:FASTQC,1702237119000,1702237230000,2,89.1,,1680867328.0,,,0.03783617389042969,0.03783617389042969,0.0,257.67,
147,NFCORE_CHIPSEQ:CHIPSEQ:FASTQC_TRIMGALORE:FASTQC,1702237119000,1702237231000,2,88.0,,1680867328.0,,,0.03776645033437501,0.03776645033437501,0.0,257.67,
150,NFCORE_CHIPSEQ:CHIPSEQ:FASTQC_TRIMGALORE:FASTQC,1702237116000,1702237227000,2,89.4,,1680867328.0,,,0.03794715316464844,0.03794715316464844,0.0,257.67,
149,NFCORE_CHIPSEQ:CHIPSEQ:FASTQC_TRIMGALORE:FASTQC,1702237113000,1702237224000,2,92.5,,1680867328.0,,,0.0390939389982422,0.0390939389982422,0.0,257.67,
153,NFCORE_CHIPSEQ:CHIPSEQ:FASTQC_TRIMGALORE:FASTQC,1702237109000,1702237238000,2,80.8,,1680867328.0,,,0.04040343605566407,0.04040343605566407,0.0,257.67,
156,NFCORE_CHIPSEQ:CHIPSEQ:FASTQC_TRIMGALORE:FASTQC,1702237125000,1702237234000,2,88.4,,1680867328.0,,,0.03690015518300782,0.03690015518300782,0.0,257.67,
159,NFCORE_CHIPSEQ:CHIPSEQ:FASTQC_TRIMGALORE:FASTQC,1702237128000,1702237232000,2,86.8,,1680867328.0,,,0.0346529244140625,0.0346529244140625,0.0,257.67,
162,NFCORE_CHIPSEQ:CHIPSEQ:FASTQC_TRIMGALORE:FASTQC,1702237116000,1702237241000,2,78.0,,1680867328.0,,,0.03798416750488281,0.03798416750488281,0.0,257.67,
164,NFCORE_CHIPSEQ:CHIPSEQ:FASTQC_TRIMGALORE:FASTQC,1702237124000,1702237228000,2,89.6,,1680867328.0,,,0.0356234098390625,0.0356234098390625,0.0,257.67,
165,NFCORE_CHIPSEQ:CHIPSEQ:FASTQC_TRIMGALORE:FASTQC,1702237114000,1702237244000,2,76.5,,1680867328.0,,,0.03885365557226562,0.03885365557226562,0.0,257.67,
169,NFCORE_CHIPSEQ:CHIPSEQ:FASTQC_TRIMGALORE:FASTQC,1702237135000,1702237246000,2,83.6,,1680867328.0,,,0.035801553863085936,0.035801553863085936,0.0,257.67,
172,NFCORE_CHIPSEQ:CHIPSEQ:FASTQC_TRIMGALORE:FASTQC,1702237106000,1702237237000,2,80.1,,1680867328.0,,,0.04072423632402344,0.04072423632402344,0.0,257.67,
23,NFCORE_CHIPSEQ:CHIPSEQ:FASTQC_TRIMGALORE:TRIMGALORE,1702237003000,1702237237000,5,267.7,,3157262336.0,,,0.22807220199257813,0.22807220199257813,0.0,257.67,
81,NFCORE_CHIPSEQ:CHIPSEQ:FASTQC_TRIMGALORE:FASTQC,1702237103000,1702237244000,2,81.3,,1680867328.0,,,0.04439685134472657,0.04439685134472657,0.0,257.67,
91,NFCORE_CHIPSEQ:CHIPSEQ:FASTQC_TRIMGALORE:FASTQC,1702237108000,1702237239000,2,79.3,,1680867328.0,,,0.04037496821777344,0.04037496821777344,0.0,257.67,
105,NFCORE_CHIPSEQ:CHIPSEQ:FASTQC_TRIMGALORE:FASTQC,1702237123000,1702237249000,2,78.4,,1680867328.0,,,0.038456009476171886,0.038456009476171886,0.0,257.67,
108,NFCORE_CHIPSEQ:CHIPSEQ:FASTQC_TRIMGALORE:FASTQC,1702237114000,1702237244000,2,78.8,,1680867328.0,,,0.039850136142578124,0.039850136142578124,0.0,257.67,
126,NFCORE_CHIPSEQ:CHIPSEQ:FASTQC_TRIMGALORE:FASTQC,1702237116000,1702237246000,2,76.9,,1680867328.0,,,0.03902695654101563,0.03902695654101563,0.0,257.67,
30,NFCORE_CHIPSEQ:CHIPSEQ:FASTQC_TRIMGALORE:TRIMGALORE,1702237005000,1702237262000,5,280.0,,3157262336.0,,,0.2610245877244141,0.2610245877244141,0.0,257.67,
92,NFCORE_CHIPSEQ:CHIPSEQ:FASTQC_TRIMGALORE:FASTQC,1702237164000,1702237272000,2,89.0,,1680867328.0,,,0.03677758131796875,0.03677758131796875,0.0,257.67,
25,NFCORE_CHIPSEQ:CHIPSEQ:FASTQC_TRIMGALORE:TRIMGALORE,1702237002000,1702237276000,5,274.2,,3157262336.0,,,0.2729944613675782,0.2729944613675782,0.0,257.67,
85,NFCORE_CHIPSEQ:CHIPSEQ:FASTQC_TRIMGALORE:FASTQC,1702237175000,1702237286000,2,89.0,,1680867328.0,,,0.03779918079902344,0.03779918079902344,0.0,257.67,
80,NFCORE_CHIPSEQ:CHIPSEQ:FASTQC_TRIMGALORE:FASTQC,1702237236000,1702237301000,2,93.8,,1680867328.0,,,0.02317446123535156,0.02317446123535156,0.0,257.67,
83,NFCORE_CHIPSEQ:CHIPSEQ:FASTQC_TRIMGALORE:FASTQC,1702237214000,1702237306000,2,98.7,,1680867328.0,,,0.034303161992968755,0.034303161992968755,0.0,257.67,
87,NFCORE_CHIPSEQ:CHIPSEQ:FASTQC_TRIMGALORE:FASTQC,1702237208000,1702237306000,2,93.6,,1680867328.0,,,0.03487463580507813,0.03487463580507813,0.0,257.67,
96,NFCORE_CHIPSEQ:CHIPSEQ:FASTQC_TRIMGALORE:FASTQC,1702237236000,1702237311000,2,95.2,,1680867328.0,,,0.027089697612304692,0.027089697612304692,0.0,257.67,
98,NFCORE_CHIPSEQ:CHIPSEQ:FASTQC_TRIMGALORE:FASTQC,1702237237000,1702237308000,2,102.1,,1680867328.0,,,0.027277608827929685,0.027277608827929685,0.0,257.67,
101,NFCORE_CHIPSEQ:CHIPSEQ:FASTQC_TRIMGALORE:FASTQC,1702237218000,1702237311000,2,96.6,,1680867328.0,,,0.034025144003320316,0.034025144003320316,0.0,257.67,
104,NFCORE_CHIPSEQ:CHIPSEQ:FASTQC_TRIMGALORE:FASTQC,1702237237000,1702237307000,2,101.4,,1680867328.0,,,0.026730114318359376,0.026730114318359376,0.0,257.67,
144,NFCORE_CHIPSEQ:CHIPSEQ:FASTQC_TRIMGALORE:FASTQC,1702237214000,1702237306000,2,97.7,,1680867328.0,,,0.033996552586718756,0.033996552586718756,0.0,257.67,
89,NFCORE_CHIPSEQ:CHIPSEQ:FASTQC_TRIMGALORE:FASTQC,1702237236000,1702237316000,2,100.3,,1680867328.0,,,0.030255423515625,0.030255423515625,0.0,257.67,
90,NFCORE_CHIPSEQ:CHIPSEQ:FASTQC_TRIMGALORE:FASTQC,1702237225000,1702237316000,2,97.7,,1680867328.0,,,0.03362702484121094,0.03362702484121094,0.0,257.67,
97,NFCORE_CHIPSEQ:CHIPSEQ:FASTQC_TRIMGALORE:FASTQC,1702237236000,1702237316000,2,97.8,,1680867328.0,,,0.029588881328125007,0.029588881328125007,0.0,257.67,
99,NFCORE_CHIPSEQ:CHIPSEQ:FASTQC_TRIMGALORE:FASTQC,1702237236000,1702237316000,2,102.9,,1680867328.0,,,0.030948627390625004,0.030948627390625004,0.0,257.67,
100,NFCORE_CHIPSEQ:CHIPSEQ:FASTQC_TRIMGALORE:FASTQC,1702237236000,1702237316000,2,96.6,,1680867328.0,,,0.029268941078125003,0.029268941078125003,0.0,257.67,
103,NFCORE_CHIPSEQ:CHIPSEQ:FASTQC_TRIMGALORE:FASTQC,1702237234000,1702237320000,2,95.7,,1680867328.0,,,0.031206159832421875,0.031206159832421875,0.0,257.67,
102,NFCORE_CHIPSEQ:CHIPSEQ:FASTQC_TRIMGALORE:FASTQC,1702237236000,1702237320000,2,102.4,,1680867328.0,,,0.032356084900781255,0.032356084900781255,0.0,257.67,
157,NFCORE_CHIPSEQ:CHIPSEQ:FASTQC_TRIMGALORE:FASTQC,1702237232000,1702237318000,2,102.2,,1680867328.0,,,0.03306914524648438,0.03306914524648438,0.0,257.67,
82,NFCORE_CHIPSEQ:CHIPSEQ:FASTQC_TRIMGALORE:FASTQC,1702237228000,1702237321000,2,95.9,,1680867328.0,,,0.033808184521289066,0.033808184521289066,0.0,257.67,
94,NFCORE_CHIPSEQ:CHIPSEQ:FASTQC_TRIMGALORE:FASTQC,1702237236000,1702237321000,2,101.8,,1680867328.0,,,0.032571308129882806,0.032571308129882806,0.0,257.67,
95,NFCORE_CHIPSEQ:CHIPSEQ:FASTQC_TRIMGALORE:FASTQC,1702237236000,1702237320000,2,96.4,,1680867328.0,,,0.030676398588281258,0.030676398588281258,0.0,257.67,
200,NFCORE_CHIPSEQ:CHIPSEQ:FASTQC_TRIMGALORE:TRIMGALORE,1702237244000,1702237586000,5,279.4,,3157262336.0,,,0.3466718047652344,0.3466718047652344,0.0,257.67,
206,NFCORE_CHIPSEQ:CHIPSEQ:FASTQC_TRIMGALORE:TRIMGALORE,1702237247000,1702237589000,5,270.9,,3157262336.0,,,0.3369836140699219,0.3369836140699219,0.0,257.67,
8,NFCORE_CHIPSEQ:CHIPSEQ:FASTQC_TRIMGALORE:TRIMGALORE,1702237240000,1702237591000,5,281.9,,3157262336.0,,,0.3587192008435547,0.3587192008435547,0.0,257.67,
117,NFCORE_CHIPSEQ:CHIPSEQ:FASTQC_TRIMGALORE:TRIMGALORE,1702237242000,1702237589000,5,280.5,,3157262336.0,,,0.3530122017693359,0.3530122017693359,0.0,257.67,
131,NFCORE_CHIPSEQ:CHIPSEQ:FASTQC_TRIMGALORE:TRIMGALORE,1702237250000,1702237594000,5,270.7,,3157262336.0,,,0.33872498796718753,0.33872498796718753,0.0,257.67,
190,NFCORE_CHIPSEQ:CHIPSEQ:FASTQC_TRIMGALORE:TRIMGALORE,1702237237000,1702237591000,5,281.3,,3157262336.0,,,0.3610773091160156,0.3610773091160156,0.0,257.67,
194,NFCORE_CHIPSEQ:CHIPSEQ:FASTQC_TRIMGALORE:TRIMGALORE,1702237221000,1702237597000,5,281.5,,3157262336.0,,,0.3837677617484375,0.3837677617484375,0.0,257.67,
209,NFCORE_CHIPSEQ:CHIPSEQ:FASTQC_TRIMGALORE:TRIMGALORE,1702237239000,1702237596000,5,282.0,,3157262336.0,,,0.3649701307751953,0.3649701307751953,0.0,257.67,
210,NFCORE_CHIPSEQ:CHIPSEQ:FASTQC_TRIMGALORE:TRIMGALORE,1702237237000,1702237601000,5,280.5,,3157262336.0,,,0.3703067476773438,0.3703067476773438,0.0,257.67,
213,NFCORE_CHIPSEQ:CHIPSEQ:FASTQC_TRIMGALORE:TRIMGALORE,1702237237000,1702237594000,5,281.6,,3157262336.0,,,0.36449421965332035,0.36449421965332035,0.0,257.67,
193,NFCORE_CHIPSEQ:CHIPSEQ:FASTQC_TRIMGALORE:TRIMGALORE,1702237231000,1702237601000,5,280.9,,3157262336.0,,,0.37690394627539064,0.37690394627539064,0.0,257.67,
207,NFCORE_CHIPSEQ:CHIPSEQ:FASTQC_TRIMGALORE:TRIMGALORE,1702237228000,1702237606000,5,269.3,,3157262336.0,,,0.37043994987070317,0.37043994987070317,0.0,257.67,
123,NFCORE_CHIPSEQ:CHIPSEQ:FASTQC_TRIMGALORE:TRIMGALORE,1702237264000,1702237609000,5,280.5,,3157262336.0,,,0.35097754930957037,0.35097754930957037,0.0,257.67,
212,NFCORE_CHIPSEQ:CHIPSEQ:FASTQC_TRIMGALORE:TRIMGALORE,1702237224000,1702237611000,5,264.4,,3157262336.0,,,0.3729401289263672,0.3729401289263672,0.0,257.67,
202,NFCORE_CHIPSEQ:CHIPSEQ:FASTQC_TRIMGALORE:TRIMGALORE,1702237289000,1702237624000,5,276.2,,3157262336.0,,,0.3360035169052734,0.3360035169052734,0.0,257.67,
205,NFCORE_CHIPSEQ:CHIPSEQ:FASTQC_TRIMGALORE:TRIMGALORE,1702237278000,1702237625000,5,277.2,,3157262336.0,,,0.3491959144748047,0.3491959144748047,0.0,257.67,
136,NFCORE_CHIPSEQ:CHIPSEQ:FASTQC_TRIMGALORE:TRIMGALORE,1702237311000,1702237629000,5,280.7,,3157262336.0,,,0.3237217015183594,0.3237217015183594,0.0,257.67,
197,NFCORE_CHIPSEQ:CHIPSEQ:FASTQC_TRIMGALORE:TRIMGALORE,1702237319000,1702237632000,5,276.8,,3157262336.0,,,0.3145634974166016,0.3145634974166016,0.0,257.67,
121,NFCORE_CHIPSEQ:CHIPSEQ:FASTQC_TRIMGALORE:TRIMGALORE,1702237309000,1702237635000,5,279.1,,3157262336.0,,,0.33012730166992194,0.33012730166992194,0.0,257.67,
129,NFCORE_CHIPSEQ:CHIPSEQ:FASTQC_TRIMGALORE:TRIMGALORE,1702237309000,1702237637000,5,281.7,,3157262336.0,,,0.3349947584265625,0.3349947584265625,0.0,257.67,
183,NFCORE_CHIPSEQ:CHIPSEQ:FASTQC_TRIMGALORE:TRIMGALORE,1702237319000,1702237637000,5,270.5,,3157262336.0,,,0.3129117203214844,0.3129117203214844,0.0,257.67,
191,NFCORE_CHIPSEQ:CHIPSEQ:FASTQC_TRIMGALORE:TRIMGALORE,1702237319000,1702237636000,5,270.2,,3157262336.0,,,0.31161078039082024,0.31161078039082024,0.0,257.67,
211,NFCORE_CHIPSEQ:CHIPSEQ:FASTQC_TRIMGALORE:TRIMGALORE,1702237324000,1702237639000,5,277.3,,3157262336.0,,,0.317098389788086,0.317098389788086,0.0,257.67,
127,NFCORE_CHIPSEQ:CHIPSEQ:FASTQC_TRIMGALORE:TRIMGALORE,1702237324000,1702237641000,5,268.2,,3157262336.0,,,0.3094978416564453,0.3094978416564453,0.0,257.67,
204,NFCORE_CHIPSEQ:CHIPSEQ:FASTQC_TRIMGALORE:TRIMGALORE,1702237595000,1702237910000,5,277.2,,3157262336.0,,,0.31699340939355464,0.31699340939355464,0.0,257.67,
118,NFCORE_CHIPSEQ:CHIPSEQ:FASTQC_TRIMGALORE:TRIMGALORE,1702237613000,1702237911000,5,279.7,,3157262336.0,,,0.30236869821757817,0.30236869821757817,0.0,257.67,
180,NFCORE_CHIPSEQ:CHIPSEQ:FASTQC_TRIMGALORE:TRIMGALORE,1702237597000,1702237914000,5,283.6,,3157262336.0,,,0.32576746991113287,0.32576746991113287,0.0,257.67,
134,NFCORE_CHIPSEQ:CHIPSEQ:FASTQC_TRIMGALORE:TRIMGALORE,1702237591000,1702237914000,5,280.7,,3157262336.0,,,0.3288116653787109,0.3288116653787109,0.0,257.67,
178,NFCORE_CHIPSEQ:CHIPSEQ:FASTQC_TRIMGALORE:TRIMGALORE,1702237601000,1702237910000,5,279.3,,3157262336.0,,,0.3131180358181641,0.3131180358181641,0.0,257.67,
179,NFCORE_CHIPSEQ:CHIPSEQ:FASTQC_TRIMGALORE:TRIMGALORE,1702237588000,1702237914000,5,281.5,,3157262336.0,,,0.3327348147074219,0.3327348147074219,0.0,257.67,
181,NFCORE_CHIPSEQ:CHIPSEQ:FASTQC_TRIMGALORE:TRIMGALORE,1702237599000,1702237914000,5,283.6,,3157262336.0,,,0.32371215464355474,0.32371215464355474,0.0,257.67,
184,NFCORE_CHIPSEQ:CHIPSEQ:FASTQC_TRIMGALORE:TRIMGALORE,1702237605000,1702237910000,5,282.4,,3157262336.0,,,0.3122158061025391,0.3122158061025391,0.0,257.67,
188,NFCORE_CHIPSEQ:CHIPSEQ:FASTQC_TRIMGALORE:TRIMGALORE,1702237594000,1702237910000,5,281.4,,3157262336.0,,,0.3224229116335937,0.3224229116335937,0.0,257.67,
189,NFCORE_CHIPSEQ:CHIPSEQ:FASTQC_TRIMGALORE:TRIMGALORE,1702237610000,1702237917000,5,280.7,,3157262336.0,,,0.312523781025586,0.312523781025586,0.0,257.67,
192,NFCORE_CHIPSEQ:CHIPSEQ:FASTQC_TRIMGALORE:TRIMGALORE,1702237591000,1702237914000,5,282.3,,3157262336.0,,,0.330534010391211,0.330534010391211,0.0,257.67,
199,NFCORE_CHIPSEQ:CHIPSEQ:FASTQC_TRIMGALORE:TRIMGALORE,1702237597000,1702237910000,5,278.4,,3157262336.0,,,0.3162325190541016,0.3162325190541016,0.0,257.67,
201,NFCORE_CHIPSEQ:CHIPSEQ:FASTQC_TRIMGALORE:TRIMGALORE,1702237604000,1702237910000,5,276.1,,3157262336.0,,,0.30681466433789073,0.30681466433789073,0.0,257.67,
185,NFCORE_CHIPSEQ:CHIPSEQ:FASTQC_TRIMGALORE:TRIMGALORE,1702237615000,1702237919000,5,279.7,,3157262336.0,,,0.30845665858437504,0.30845665858437504,0.0,257.67,
116,NFCORE_CHIPSEQ:CHIPSEQ:FASTQC_TRIMGALORE:TRIMGALORE,1702237640000,1702237926000,5,280.1,,3157262336.0,,,0.2905740396152344,0.2905740396152344,0.0,257.67,
120,NFCORE_CHIPSEQ:CHIPSEQ:FASTQC_TRIMGALORE:TRIMGALORE,1702237639000,1702237926000,5,282.9,,3157262336.0,,,0.2942681992701172,0.2942681992701172,0.0,257.67,
119,NFCORE_CHIPSEQ:CHIPSEQ:FASTQC_TRIMGALORE:TRIMGALORE,1702237628000,1702237924000,5,278.8,,3157262336.0,,,0.29945154390156253,0.29945154390156253,0.0,257.67,
177,NFCORE_CHIPSEQ:CHIPSEQ:FASTQC_TRIMGALORE:TRIMGALORE,1702237632000,1702237931000,5,270.9,,3157262336.0,,,0.2946143292599609,0.2946143292599609,0.0,257.67,
182,NFCORE_CHIPSEQ:CHIPSEQ:FASTQC_TRIMGALORE:TRIMGALORE,1702237642000,1702237930000,5,280.5,,3157262336.0,,,0.29298995420625,0.29298995420625,0.0,257.67,
203,NFCORE_CHIPSEQ:CHIPSEQ:FASTQC_TRIMGALORE:TRIMGALORE,1702237638000,1702237929000,5,280.7,,3157262336.0,,,0.2962358966724609,0.2962358966724609,0.0,257.67,
17,NFCORE_CHIPSEQ:CHIPSEQ:FASTQC_TRIMGALORE:TRIMGALORE,1702237635000,1702237930000,5,282.3,,3157262336.0,,,0.3018809073232422,0.3018809073232422,0.0,257.67,
22,NFCORE_CHIPSEQ:CHIPSEQ:FASTQC_TRIMGALORE:TRIMGALORE,1702237645000,1702237932000,5,271.5,,3157262336.0,,,0.28336423562480473,0.28336423562480473,0.0,257.67,
187,NFCORE_CHIPSEQ:CHIPSEQ:FASTQC_TRIMGALORE:TRIMGALORE,1702237628000,1702237932000,5,279.8,,3157262336.0,,,0.30855797299687504,0.30855797299687504,0.0,257.67,
195,NFCORE_CHIPSEQ:CHIPSEQ:FASTQC_TRIMGALORE:TRIMGALORE,1702237639000,1702237936000,5,280.0,,3157262336.0,,,0.3016509827009766,0.3016509827009766,0.0,257.67,
138,NFCORE_CHIPSEQ:CHIPSEQ:FASTQC_TRIMGALORE:TRIMGALORE,1702237935000,1702238182000,5,282.7,,3157262336.0,,,0.2530905739044922,0.2530905739044922,0.0,257.67,
28,NFCORE_CHIPSEQ:CHIPSEQ:FASTQC_TRIMGALORE:TRIMGALORE,1702237930000,1702238185000,5,281.2,,3157262336.0,,,0.260013077522461,0.260013077522461,0.0,257.67,
124,NFCORE_CHIPSEQ:CHIPSEQ:FASTQC_TRIMGALORE:TRIMGALORE,1702237922000,1702238183000,5,284.2,,3157262336.0,,,0.2687405449517578,0.2687405449517578,0.0,257.67,
5,NFCORE_CHIPSEQ:CHIPSEQ:FASTQC_TRIMGALORE:TRIMGALORE,1702237939000,1702238182000,5,284.1,,3157262336.0,,,0.2501257293896485,0.2501257293896485,0.0,257.67,
21,NFCORE_CHIPSEQ:CHIPSEQ:FASTQC_TRIMGALORE:TRIMGALORE,1702237933000,1702238186000,5,280.9,,3157262336.0,,,0.25772080650722656,0.25772080650722656,0.0,257.67,
115,NFCORE_CHIPSEQ:CHIPSEQ:FASTQC_TRIMGALORE:TRIMGALORE,1702237915000,1702238187000,5,279.1,,3157262336.0,,,0.275443638203125,0.275443638203125,0.0,257.67,
133,NFCORE_CHIPSEQ:CHIPSEQ:FASTQC_TRIMGALORE:TRIMGALORE,1702237920000,1702238187000,5,280.2,,3157262336.0,,,0.2713591532326172,0.2713591532326172,0.0,257.67,
196,NFCORE_CHIPSEQ:CHIPSEQ:FASTQC_TRIMGALORE:TRIMGALORE,1702237928000,1702238186000,5,279.1,,3157262336.0,,,0.2612663921191407,0.2612663921191407,0.0,257.67,
27,NFCORE_CHIPSEQ:CHIPSEQ:FASTQC_TRIMGALORE:TRIMGALORE,1702237934000,1702238191000,5,280.5,,3157262336.0,,,0.26145284107988287,0.26145284107988287,0.0,257.67,
61,NFCORE_CHIPSEQ:CHIPSEQ:FASTQC_TRIMGALORE:TRIMGALORE,1702237930000,1702238187000,5,283.0,,3157262336.0,,,0.26359410785722664,0.26359410785722664,0.0,257.67,
14,NFCORE_CHIPSEQ:CHIPSEQ:FASTQC_TRIMGALORE:TRIMGALORE,1702237917000,1702238191000,5,279.7,,3157262336.0,,,0.2780168567503907,0.2780168567503907,0.0,257.67,
40,NFCORE_CHIPSEQ:CHIPSEQ:FASTQC_TRIMGALORE:TRIMGALORE,1702237934000,1702238191000,5,271.0,,3157262336.0,,,0.2533160273259766,0.2533160273259766,0.0,257.67,
58,NFCORE_CHIPSEQ:CHIPSEQ:FASTQC_TRIMGALORE:TRIMGALORE,1702237915000,1702238192000,5,280.0,,3157262336.0,,,0.2813377852126953,0.2813377852126953,0.0,257.67,
128,NFCORE_CHIPSEQ:CHIPSEQ:FASTQC_TRIMGALORE:TRIMGALORE,1702237915000,1702238191000,5,281.2,,3157262336.0,,,0.2814259192007813,0.2814259192007813,0.0,257.67,
135,NFCORE_CHIPSEQ:CHIPSEQ:FASTQC_TRIMGALORE:TRIMGALORE,1702237915000,1702238191000,5,283.2,,3157262336.0,,,0.28326557563828125,0.28326557563828125,0.0,257.67,
146,NFCORE_CHIPSEQ:CHIPSEQ:FASTQC_TRIMGALORE:TRIMGALORE,1702237917000,1702238191000,5,281.4,,3157262336.0,,,0.2795692335050782,0.2795692335050782,0.0,257.67,
148,NFCORE_CHIPSEQ:CHIPSEQ:FASTQC_TRIMGALORE:TRIMGALORE,1702237935000,1702238191000,5,279.1,,3157262336.0,,,0.25924107125,0.25924107125,0.0,257.67,
175,NFCORE_CHIPSEQ:CHIPSEQ:FASTQC_TRIMGALORE:TRIMGALORE,1702237933000,1702238191000,5,270.0,,3157262336.0,,,0.2534418533800782,0.2534418533800782,0.0,257.67,
186,NFCORE_CHIPSEQ:CHIPSEQ:FASTQC_TRIMGALORE:TRIMGALORE,1702237917000,1702238193000,5,271.2,,3157262336.0,,,0.27222763701328123,0.27222763701328123,0.0,257.67,
47,NFCORE_CHIPSEQ:CHIPSEQ:FASTQC_TRIMGALORE:TRIMGALORE,1702237914000,1702238196000,5,278.7,,3157262336.0,,,0.2851943127550781,0.2851943127550781,0.0,257.67,
125,NFCORE_CHIPSEQ:CHIPSEQ:FASTQC_TRIMGALORE:TRIMGALORE,1702237917000,1702238194000,5,280.6,,3157262336.0,,,0.2818916817705079,0.2818916817705079,0.0,257.67,
130,NFCORE_CHIPSEQ:CHIPSEQ:FASTQC_TRIMGALORE:TRIMGALORE,1702237917000,1702238193000,5,282.8,,3157262336.0,,,0.2828976443507813,0.2828976443507813,0.0,257.67,
198,NFCORE_CHIPSEQ:CHIPSEQ:FASTQC_TRIMGALORE:TRIMGALORE,1702237914000,1702238198000,5,280.2,,3157262336.0,,,0.28863670231484373,0.28863670231484373,0.0,257.67,
208,NFCORE_CHIPSEQ:CHIPSEQ:FASTQC_TRIMGALORE:TRIMGALORE,1702237914000,1702238200000,5,279.0,,3157262336.0,,,0.2895255687542969,0.2895255687542969,0.0,257.67,
67,NFCORE_CHIPSEQ:CHIPSEQ:FASTQC_TRIMGALORE:TRIMGALORE,1702238199000,1702238372000,5,269.0,,3157262336.0,,,0.1693670093595703,0.1693670093595703,0.0,257.67,
114,NFCORE_CHIPSEQ:CHIPSEQ:FASTQC_TRIMGALORE:TRIMGALORE,1702238200000,1702238372000,5,268.0,,3157262336.0,,,0.16781478302421876,0.16781478302421876,0.0,257.67,
65,NFCORE_CHIPSEQ:CHIPSEQ:FASTQC_TRIMGALORE:TRIMGALORE,1702238196000,1702238382000,5,276.1,,3157262336.0,,,0.18649518812695315,0.18649518812695315,0.0,257.67,
68,NFCORE_CHIPSEQ:CHIPSEQ:FASTQC_TRIMGALORE:TRIMGALORE,1702238203000,1702238376000,5,276.8,,3157262336.0,,,0.17386416949863281,0.17386416949863281,0.0,257.67,
64,NFCORE_CHIPSEQ:CHIPSEQ:FASTQC_TRIMGALORE:TRIMGALORE,1702238196000,1702238376000,5,275.6,,3157262336.0,,,0.1801792703320313,0.1801792703320313,0.0,257.67,
69,NFCORE_CHIPSEQ:CHIPSEQ:FASTQC_TRIMGALORE:TRIMGALORE,1702238197000,1702238376000,5,275.1,,3157262336.0,,,0.17887999675683597,0.17887999675683597,0.0,257.67,
122,NFCORE_CHIPSEQ:CHIPSEQ:FASTQC_TRIMGALORE:TRIMGALORE,1702238197000,1702238376000,5,269.9,,3157262336.0,,,0.1757779094162109,0.1757779094162109,0.0,257.67,
59,NFCORE_CHIPSEQ:CHIPSEQ:FASTQC_TRIMGALORE:TRIMGALORE,1702238194000,1702238390000,5,279.6,,3157262336.0,,,0.1988080508476563,0.1988080508476563,0.0,257.67,
176,NFCORE_CHIPSEQ:CHIPSEQ:FASTQC_TRIMGALORE:TRIMGALORE,1702238194000,1702238390000,5,279.8,,3157262336.0,,,0.19893869311640627,0.19893869311640627,0.0,257.67,
140,NFCORE_CHIPSEQ:CHIPSEQ:FASTQC_TRIMGALORE:TRIMGALORE,1702238194000,1702238400000,5,268.5,,3157262336.0,,,0.20229692429524743,0.20229692429524743,0.0,256.2,
142,NFCORE_CHIPSEQ:CHIPSEQ:FASTQC_TRIMGALORE:TRIMGALORE,1702238194000,1702238400000,5,281.2,,3157262336.0,,,0.21105780514811198,0.21105780514811198,0.0,256.2,
50,NFCORE_CHIPSEQ:CHIPSEQ:FASTQC_TRIMGALORE:TRIMGALORE,1702238194000,1702238400000,5,280.6,,3157262336.0,,,0.21768624171419276,0.21768624171419276,0.0,256.2,
66,NFCORE_CHIPSEQ:CHIPSEQ:FASTQC_TRIMGALORE:TRIMGALORE,1702238194000,1702238400000,5,278.1,,3157262336.0,,,0.22388649269856775,0.22388649269856775,0.0,256.2,
60,NFCORE_CHIPSEQ:CHIPSEQ:FASTQC_TRIMGALORE:TRIMGALORE,1702238193000,1702238400000,5,280.9,,3157262336.0,,,0.22697506156490885,0.22697506156490885,0.0,256.2,
6,NFCORE_CHIPSEQ:CHIPSEQ:FASTQC_TRIMGALORE:TRIMGALORE,1702238194000,1702238400000,5,280.2,,3157262336.0,,,0.22543892486263023,0.22543892486263023,0.0,256.2,
10,NFCORE_CHIPSEQ:CHIPSEQ:FASTQC_TRIMGALORE:TRIMGALORE,1702238189000,1702238400000,5,282.5,,3157262336.0,,,0.23529608986406253,0.23529608986406253,0.0,256.2,
145,NFCORE_CHIPSEQ:CHIPSEQ:FASTQC_TRIMGALORE:TRIMGALORE,1702238191000,1702238400000,5,278.2,,3157262336.0,,,0.22998382348502608,0.22998382348502608,0.0,256.2,
36,NFCORE_CHIPSEQ:CHIPSEQ:FASTQC_TRIMGALORE:TRIMGALORE,1702238185000,1702238400000,5,283.2,,3157262336.0,,,0.24501052000058593,0.24501052000058593,0.0,256.2,
19,NFCORE_CHIPSEQ:CHIPSEQ:FASTQC_TRIMGALORE:TRIMGALORE,1702238186000,1702238400000,5,283.3,,3157262336.0,,,0.2440634227089844,0.2440634227089844,0.0,256.2,
32,NFCORE_CHIPSEQ:CHIPSEQ:FASTQC_TRIMGALORE:TRIMGALORE,1702238191000,1702238400000,5,269.7,,3157262336.0,,,0.22353117089388025,0.22353117089388025,0.0,256.2,
132,NFCORE_CHIPSEQ:CHIPSEQ:FASTQC_TRIMGALORE:TRIMGALORE,1702238191000,1702238400000,5,267.9,,3157262336.0,,,0.2269857546455078,0.2269857546455078,0.0,256.2,
139,NFCORE_CHIPSEQ:CHIPSEQ:FASTQC_TRIMGALORE:TRIMGALORE,1702238185000,1702238400000,5,271.5,,3157262336.0,,,0.23667800455013024,0.23667800455013024,0.0,256.2,
141,NFCORE_CHIPSEQ:CHIPSEQ:FASTQC_TRIMGALORE:TRIMGALORE,1702238191000,1702238400000,5,271.4,,3157262336.0,,,0.22970038622753902,0.22970038622753902,0.0,256.2,
143,NFCORE_CHIPSEQ:CHIPSEQ:FASTQC_TRIMGALORE:TRIMGALORE,1702238189000,1702238400000,5,281.8,,3157262336.0,,,0.2398100375794922,0.2398100375794922,0.0,256.2,
112,NFCORE_CHIPSEQ:CHIPSEQ:FASTQC_TRIMGALORE:TRIMGALORE,1702238374000,1702238400000,5,273.0,,3157262336.0,,,0.16510380451067708,0.16510380451067708,0.0,256.2,
113,NFCORE_CHIPSEQ:CHIPSEQ:FASTQC_TRIMGALORE:TRIMGALORE,1702238375000,1702238400000,5,268.5,,3157262336.0,,,0.16163123998391926,0.16163123998391926,0.0,256.2,
235,NFCORE_CHIPSEQ:CHIPSEQ:ALIGN_BWA_MEM:BWA_MEM,1702238379000,1702238400000,10,947.8,,34359738368.0,,,3.2733726124531253,3.2733726124531253,0.0,256.2,
233,NFCORE_CHIPSEQ:CHIPSEQ:ALIGN_BWA_MEM:BWA_MEM,1702238392000,1702238400000,10,944.0,,34359738368.0,,,3.3744912901,3.3744912901,0.0,256.2,
227,NFCORE_CHIPSEQ:CHIPSEQ:ALIGN_BWA_MEM:BWA_MEM,1702238423000,1702239176000,10,1012.8,,34359738368.0,,,3.1810103950625,3.1810103950625,0.0,254.73,
223,NFCORE_CHIPSEQ:CHIPSEQ:ALIGN_BWA_MEM:BWA_MEM,1702238429000,1702239181000,10,938.8,,34359738368.0,,,2.993443320583333,2.993443320583333,0.0,254.73,
231,NFCORE_CHIPSEQ:CHIPSEQ:ALIGN_BWA_MEM:BWA_MEM,1702238419000,1702239191000,10,989.0,,34359738368.0,,,3.20073971118125,3.20073971118125,0.0,254.73,
229,NFCORE_CHIPSEQ:CHIPSEQ:ALIGN_BWA_MEM:BWA_MEM,1702238425000,1702239215000,10,1010.6,,34359738368.0,,,3.3315888603593753,3.3315888603593753,0.0,254.73,
232,NFCORE_CHIPSEQ:CHIPSEQ:ALIGN_BWA_MEM:BWA_MEM,1702238411000,1702239226000,10,964.4,,34359738368.0,,,3.3129641172031246,3.3129641172031246,0.0,254.73,
225,NFCORE_CHIPSEQ:CHIPSEQ:ALIGN_BWA_MEM:BWA_MEM,1702238428000,1702239240000,10,943.0,,34359738368.0,,,3.243518076764584,3.243518076764584,0.0,254.73,
228,NFCORE_CHIPSEQ:CHIPSEQ:ALIGN_BWA_MEM:BWA_MEM,1702238405000,1702239241000,10,956.7,,34359738368.0,,,3.3771202911760416,3.3771202911760416,0.0,254.73,
230,NFCORE_CHIPSEQ:CHIPSEQ:ALIGN_BWA_MEM:BWA_MEM,1702238419000,1702239330000,10,989.8,,34359738368.0,,,3.77943986698177,3.77943986698177,0.0,254.73,
222,NFCORE_CHIPSEQ:CHIPSEQ:ALIGN_BWA_MEM:BWA_MEM,1702238545000,1702239434000,10,1006.8,,34359738368.0,,,3.737961663661458,3.737961663661458,0.0,254.73,
224,NFCORE_CHIPSEQ:CHIPSEQ:ALIGN_BWA_MEM:BWA_MEM,1702238428000,1702239461000,10,953.3,,34359738368.0,,,4.16135336080078,4.16135336080078,0.0,254.73,
243,NFCORE_CHIPSEQ:CHIPSEQ:ALIGN_BWA_MEM:BWA_MEM,1702239244000,1702239911000,10,1012.0,,34359738368.0,,,2.815949703160417,2.815949703160417,0.0,254.73,
234,NFCORE_CHIPSEQ:CHIPSEQ:ALIGN_BWA_MEM:BWA_MEM,1702239184000,1702239927000,10,1005.9,,34359738368.0,,,3.121875040048698,3.121875040048698,0.0,254.73,
226,NFCORE_CHIPSEQ:CHIPSEQ:ALIGN_BWA_MEM:BWA_MEM,1702239179000,1702239941000,10,1007.2,,34359738368.0,,,3.2049713602375003,3.2049713602375003,0.0,254.73,
241,NFCORE_CHIPSEQ:CHIPSEQ:ALIGN_BWA_MEM:BWA_MEM,1702239218000,1702239952000,10,1007.6,,34359738368.0,,,3.0881707032312504,3.0881707032312504,0.0,254.73,
238,NFCORE_CHIPSEQ:CHIPSEQ:ALIGN_BWA_MEM:BWA_MEM,1702239244000,1702239970000,10,1008.0,,34359738368.0,,,3.0554689434499998,3.0554689434499998,0.0,254.73,
240,NFCORE_CHIPSEQ:CHIPSEQ:ALIGN_BWA_MEM:BWA_MEM,1702239231000,1702239968000,10,992.4,,34359738368.0,,,3.0638842762572915,3.0638842762572915,0.0,254.73,
237,NFCORE_CHIPSEQ:CHIPSEQ:ALIGN_BWA_MEM:BWA_MEM,1702239195000,1702239974000,10,1000.4,,34359738368.0,,,3.2590207411343752,3.2590207411343752,0.0,254.73,
236,NFCORE_CHIPSEQ:CHIPSEQ:ALIGN_BWA_MEM:BWA_MEM,1702239198000,1702240001000,10,1004.6,,34359738368.0,,,3.3705386826890624,3.3705386826890624,0.0,254.73,
239,NFCORE_CHIPSEQ:CHIPSEQ:ALIGN_BWA_MEM:BWA_MEM,1702239239000,1702240004000,10,1002.6,,34359738368.0,,,3.2059953615703125,3.2059953615703125,0.0,254.73,
242,NFCORE_CHIPSEQ:CHIPSEQ:ALIGN_BWA_MEM:BWA_MEM,1702239332000,1702240010000,10,1008.9,,34359738368.0,,,2.855464884573437,2.855464884573437,0.0,254.73,
244,NFCORE_CHIPSEQ:CHIPSEQ:ALIGN_BWA_MEM:BWA_MEM,1702239436000,1702240091000,10,1009.0,,34359738368.0,,,2.758813883565104,2.758813883565104,0.0,254.73,
245,NFCORE_CHIPSEQ:CHIPSEQ:ALIGN_BWA_MEM:BWA_MEM,1702239464000,1702240157000,10,1013.0,,34359738368.0,,,2.9280000746390624,2.9280000746390624,0.0,254.73,
251,NFCORE_CHIPSEQ:CHIPSEQ:ALIGN_BWA_MEM:BWA_MEM,1702239914000,1702240571000,10,1012.0,,34359738368.0,,,2.7737315666812496,2.7737315666812496,0.0,254.73,
249,NFCORE_CHIPSEQ:CHIPSEQ:ALIGN_BWA_MEM:BWA_MEM,1702239930000,1702240598000,10,1010.7,,34359738368.0,,,2.8173104124447916,2.8173104124447916,0.0,254.73,
248,NFCORE_CHIPSEQ:CHIPSEQ:ALIGN_BWA_MEM:BWA_MEM,1702239973000,1702240606000,10,1010.0,,34359738368.0,,,2.6682369680531255,2.6682369680531255,0.0,254.73,
256,NFCORE_CHIPSEQ:CHIPSEQ:ALIGN_BWA_MEM:BWA_MEM,1702239945000,1702240606000,10,1012.7,,34359738368.0,,,2.792143271974219,2.792143271974219,0.0,254.73,
254,NFCORE_CHIPSEQ:CHIPSEQ:ALIGN_BWA_MEM:BWA_MEM,1702239955000,1702240622000,10,1013.5,,34359738368.0,,,2.8192460353986983,2.8192460353986983,0.0,254.73,
250,NFCORE_CHIPSEQ:CHIPSEQ:ALIGN_BWA_MEM:BWA_MEM,1702240007000,1702240633000,10,1011.9,,34359738368.0,,,2.6426490963213545,2.6426490963213545,0.0,254.73,
252,NFCORE_CHIPSEQ:CHIPSEQ:ALIGN_BWA_MEM:BWA_MEM,1702240013000,1702240661000,10,1008.9,,34359738368.0,,,2.7291168808312496,2.7291168808312496,0.0,254.73,
246,NFCORE_CHIPSEQ:CHIPSEQ:ALIGN_BWA_MEM:BWA_MEM,1702239970000,1702240719000,10,1007.9,,34359738368.0,,,3.1520207744429687,3.1520207744429687,0.0,254.73,
257,NFCORE_CHIPSEQ:CHIPSEQ:ALIGN_BWA_MEM:BWA_MEM,1702239977000,1702240714000,10,1005.6,,34359738368.0,,,3.0959362887979167,3.0959362887979167,0.0,254.73,
255,NFCORE_CHIPSEQ:CHIPSEQ:ALIGN_BWA_MEM:BWA_MEM,1702240095000,1702240737000,10,1013.1,,34359738368.0,,,2.712731068435938,2.712731068435938,0.0,254.73,
258,NFCORE_CHIPSEQ:CHIPSEQ:ALIGN_BWA_MEM:BWA_MEM,1702240003000,1702240782000,10,1005.2,,34359738368.0,,,3.271340226896875,3.271340226896875,0.0,254.73,
253,NFCORE_CHIPSEQ:CHIPSEQ:ALIGN_BWA_MEM:BWA_MEM,1702240159000,1702240805000,10,1011.2,,34359738368.0,,,2.7255889233999997,2.7255889233999997,0.0,254.73,
263,NFCORE_CHIPSEQ:CHIPSEQ:ALIGN_BWA_MEM:BWA_MEM,1702240609000,1702241211000,10,1009.0,,34359738368.0,,,2.535581615123958,2.535581615123958,0.0,254.73,
259,NFCORE_CHIPSEQ:CHIPSEQ:ALIGN_BWA_MEM:BWA_MEM,1702240600000,1702241221000,10,1010.8,,34359738368.0,,,2.6192910761718746,2.6192910761718746,0.0,254.73,
247,NFCORE_CHIPSEQ:CHIPSEQ:ALIGN_BWA_MEM:BWA_MEM,1702240574000,1702241223000,10,1010.5,,34359738368.0,,,2.736749681751823,2.736749681751823,0.0,254.73,
262,NFCORE_CHIPSEQ:CHIPSEQ:ALIGN_BWA_MEM:BWA_MEM,1702240609000,1702241247000,10,1008.2,,34359738368.0,,,2.685529473309375,2.685529473309375,0.0,254.73,
268,NFCORE_CHIPSEQ:CHIPSEQ:ALIGN_BWA_MEM:BWA_MEM,1702240625000,1702241251000,10,1009.3,,34359738368.0,,,2.637286667184896,2.637286667184896,0.0,254.73,
261,NFCORE_CHIPSEQ:CHIPSEQ:ALIGN_BWA_MEM:BWA_MEM,1702240722000,1702241344000,10,1009.9,,34359738368.0,,,2.621664571593229,2.621664571593229,0.0,254.73,
269,NFCORE_CHIPSEQ:CHIPSEQ:ALIGN_BWA_MEM:BWA_MEM,1702240717000,1702241337000,10,1008.5,,34359738368.0,,,2.610374995484375,2.610374995484375,0.0,254.73,
260,NFCORE_CHIPSEQ:CHIPSEQ:ALIGN_BWA_MEM:BWA_MEM,1702240740000,1702241362000,10,1006.5,,34359738368.0,,,2.6146969719755204,2.6146969719755204,0.0,254.73,
265,NFCORE_CHIPSEQ:CHIPSEQ:ALIGN_BWA_MEM:BWA_MEM,1702240664000,1702241376000,10,1006.3,,34359738368.0,,,2.992560168135416,2.992560168135416,0.0,254.73,
266,NFCORE_CHIPSEQ:CHIPSEQ:ALIGN_BWA_MEM:BWA_MEM,1702240637000,1702241446000,10,1004.8,,34359738368.0,,,3.396256360583333,3.396256360583333,0.0,254.73,
292,NFCORE_CHIPSEQ:CHIPSEQ:ALIGN_BWA_MEM:BWA_MEM,1702240809000,1702241481000,10,1008.7,,34359738368.0,,,2.8297524781749996,2.8297524781749996,0.0,254.73,
267,NFCORE_CHIPSEQ:CHIPSEQ:ALIGN_BWA_MEM:BWA_MEM,1702240784000,1702241561000,10,1004.3,,34359738368.0,,,3.2606374341679683,3.2606374341679683,0.0,254.73,
264,NFCORE_CHIPSEQ:CHIPSEQ:ALIGN_BWA_MEM:BWA_MEM,1702241214000,1702241831000,10,1011.1,,34359738368.0,,,2.603029482241927,2.603029482241927,0.0,254.73,
293,NFCORE_CHIPSEQ:CHIPSEQ:ALIGN_BWA_MEM:BWA_MEM,1702241224000,1702241846000,10,1007.8,,34359738368.0,,,2.617361054182291,2.617361054182291,0.0,254.73,
275,NFCORE_CHIPSEQ:CHIPSEQ:ALIGN_BWA_MEM:BWA_MEM,1702241254000,1702241849000,10,1008.6,,34359738368.0,,,2.505313972966146,2.505313972966146,0.0,254.73,
289,NFCORE_CHIPSEQ:CHIPSEQ:ALIGN_BWA_MEM:BWA_MEM,1702241227000,1702241936000,10,1007.0,,34359738368.0,,,2.981586218417188,2.981586218417188,0.0,254.73,
288,NFCORE_CHIPSEQ:CHIPSEQ:ALIGN_BWA_MEM:BWA_MEM,1702241364000,1702241941000,10,1010.8,,34359738368.0,,,2.4337052350260415,2.4337052350260415,0.0,254.73,
283,NFCORE_CHIPSEQ:CHIPSEQ:ALIGN_BWA_MEM:BWA_MEM,1702241340000,1702241952000,10,1001.4,,34359738368.0,,,2.5623766726687505,2.5623766726687505,0.0,254.73,
282,NFCORE_CHIPSEQ:CHIPSEQ:ALIGN_BWA_MEM:BWA_MEM,1702241250000,1702241977000,10,1007.4,,34359738368.0,,,3.058240436806771,3.058240436806771,0.0,254.73,
291,NFCORE_CHIPSEQ:CHIPSEQ:ALIGN_BWA_MEM:BWA_MEM,1702241378000,1702241983000,10,1007.6,,34359738368.0,,,2.545426805796875,2.545426805796875,0.0,254.73,
284,NFCORE_CHIPSEQ:CHIPSEQ:ALIGN_BWA_MEM:BWA_MEM,1702241347000,1702242000000,10,1006.8,,34359738368.0,,,3.044876083682291,3.044876083682291,0.0,253.25,
290,NFCORE_CHIPSEQ:CHIPSEQ:ALIGN_BWA_MEM:BWA_MEM,1702241485000,1702242000000,10,1006.2,,34359738368.0,,,2.459317463598264,2.459317463598264,0.0,253.25,
221,NFCORE_CHIPSEQ:CHIPSEQ:ALIGN_BWA_MEM:BWA_MEM,1702241449000,1702242000000,10,1007.0,,34359738368.0,,,2.6995380299536462,2.6995380299536462,0.0,253.25,
280,NFCORE_CHIPSEQ:CHIPSEQ:ALIGN_BWA_MEM:BWA_MEM,1702241564000,1702242000000,10,1003.7,,34359738368.0,,,3.0559232646718755,3.0559232646718755,0.0,253.25,
285,NFCORE_CHIPSEQ:CHIPSEQ:ALIGN_BWA_MEM:BWA_MEM,1702241834000,1702242000000,10,1008.5,,34359738368.0,,,2.263577519106771,2.263577519106771,0.0,253.25,
276,NFCORE_CHIPSEQ:CHIPSEQ:ALIGN_BWA_MEM:BWA_MEM,1702241849000,1702242000000,10,1011.5,,34359738368.0,,,2.3724340911341146,2.3724340911341146,0.0,253.25,
272,NFCORE_CHIPSEQ:CHIPSEQ:ALIGN_BWA_MEM:BWA_MEM,1702241852000,1702242000000,10,1007.9,,34359738368.0,,,2.3739384207690106,2.3739384207690106,0.0,253.25,
277,NFCORE_CHIPSEQ:CHIPSEQ:ALIGN_BWA_MEM:BWA_MEM,1702241939000,1702242000000,10,1007.9,,34359738368.0,,,2.590132451289062,2.590132451289062,0.0,253.25,
220,NFCORE_CHIPSEQ:CHIPSEQ:ALIGN_BWA_MEM:BWA_MEM,1702241943000,1702242000000,10,1006.7,,34359738368.0,,,2.7994339792763014,2.7994339792763014,0.0,253.25,
271,NFCORE_CHIPSEQ:CHIPSEQ:ALIGN_BWA_MEM:BWA_MEM,1702241981000,1702242000000,10,1005.8,,34359738368.0,,,2.671027449804688,2.671027449804688,0.0,253.25,
279,NFCORE_CHIPSEQ:CHIPSEQ:ALIGN_BWA_MEM:BWA_MEM,1702241954000,1702242000000,10,1001.2,,34359738368.0,,,2.7620078023697916,2.7620078023697916,0.0,253.25,
274,NFCORE_CHIPSEQ:CHIPSEQ:ALIGN_BWA_MEM:BWA_MEM,1702241986000,1702242000000,10,1005.9,,34359738368.0,,,2.783120857123784,2.783120857123784,0.0,253.25,
287,NFCORE_CHIPSEQ:CHIPSEQ:ALIGN_BWA_MEM:BWA_MEM,1702242074000,1702242596000,10,1007.2,,34359738368.0,,,2.1700191626375003,2.1700191626375003,0.0,251.77,
278,NFCORE_CHIPSEQ:CHIPSEQ:ALIGN_BWA_MEM:BWA_MEM,1702242075000,1702242681000,10,1007.8,,34359738368.0,,,2.520401675682292,2.520401675682292,0.0,251.77,
281,NFCORE_CHIPSEQ:CHIPSEQ:ALIGN_BWA_MEM:BWA_MEM,1702242095000,1702242691000,10,1006.4,,34359738368.0,,,2.4760937486500008,2.4760937486500008,0.0,251.77,
286,NFCORE_CHIPSEQ:CHIPSEQ:ALIGN_BWA_MEM:BWA_MEM,1702242379000,1702242871000,10,1010.9,,34359738368.0,,,2.0512333685343753,2.0512333685343753,0.0,251.77,
315,NFCORE_CHIPSEQ:CHIPSEQ:ALIGN_BWA_MEM:BWA_MEM,1702242419000,1702242976000,10,1007.3,,34359738368.0,,,2.3156999132695315,2.3156999132695315,0.0,251.77,
270,NFCORE_CHIPSEQ:CHIPSEQ:ALIGN_BWA_MEM:BWA_MEM,1702242299000,1702243021000,10,1003.2,,34359738368.0,,,2.992039645463889,2.992039645463889,0.0,251.77,
273,NFCORE_CHIPSEQ:CHIPSEQ:ALIGN_BWA_MEM:BWA_MEM,1702242424000,1702243076000,10,1006.5,,34359738368.0,,,2.70895916984132,2.70895916984132,0.0,251.77,
317,NFCORE_CHIPSEQ:CHIPSEQ:ALIGN_BWA_MEM:BWA_MEM,1702242625000,1702243086000,10,1004.9,,34359738368.0,,,1.912981786742448,1.912981786742448,0.0,251.77,
311,NFCORE_CHIPSEQ:CHIPSEQ:ALIGN_BWA_MEM:BWA_MEM,1702242564000,1702243131000,10,1004.9,,34359738368.0,,,2.352843108639844,2.352843108639844,0.0,251.77,
314,NFCORE_CHIPSEQ:CHIPSEQ:ALIGN_BWA_MEM:BWA_MEM,1702242694000,1702243131000,10,1008.4,,34359738368.0,,,1.8183712081142362,1.8183712081142362,0.0,251.77,
219,NFCORE_CHIPSEQ:CHIPSEQ:ALIGN_BWA_MEM:BWA_MEM,1702242599000,1702243161000,10,1004.2,,34359738368.0,,,2.330813865250348,2.330813865250348,0.0,251.77,
313,NFCORE_CHIPSEQ:CHIPSEQ:ALIGN_BWA_MEM:BWA_MEM,1702242659000,1702243241000,10,1002.6,,34359738368.0,,,2.4107286180510417,2.4107286180510417,0.0,251.77,
312,NFCORE_CHIPSEQ:CHIPSEQ:ALIGN_BWA_MEM:BWA_MEM,1702242619000,1702243244000,10,1003.5,,34359738368.0,,,2.59067259499783,2.59067259499783,0.0,251.77,
309,NFCORE_CHIPSEQ:CHIPSEQ:ALIGN_BWA_MEM:BWA_MEM,1702242627000,1702243262000,10,1006.1,,34359738368.0,,,2.6374996732044274,2.6374996732044274,0.0,251.77,
316,NFCORE_CHIPSEQ:CHIPSEQ:ALIGN_BWA_MEM:BWA_MEM,1702242684000,1702243257000,10,1004.2,,34359738368.0,,,2.376434777203646,2.376434777203646,0.0,251.77,
310,NFCORE_CHIPSEQ:CHIPSEQ:ALIGN_BWA_MEM:BWA_MEM,1702242874000,1702243317000,10,1010.6,,34359738368.0,,,1.846511090800521,1.846511090800521,0.0,251.77,
307,NFCORE_CHIPSEQ:CHIPSEQ:ALIGN_BWA_MEM:BWA_MEM,1702242979000,1702243551000,10,1007.4,,34359738368.0,,,2.3782479364493057,2.3782479364493057,0.0,251.77,
215,NFCORE_CHIPSEQ:CHIPSEQ:ALIGN_BWA_MEM:BWA_MEM,1702243089000,1702243606000,10,1003.4,,34359738368.0,,,2.1428360146932293,2.1428360146932293,0.0,251.77,
306,NFCORE_CHIPSEQ:CHIPSEQ:ALIGN_BWA_MEM:BWA_MEM,1702243024000,1702243609000,10,1004.1,,34359738368.0,,,2.4260125453789065,2.4260125453789065,0.0,251.77,
302,NFCORE_CHIPSEQ:CHIPSEQ:ALIGN_BWA_MEM:BWA_MEM,1702243265000,1702243656000,10,1004.8,,34359738368.0,,,1.622380003638889,1.622380003638889,0.0,251.77,
304,NFCORE_CHIPSEQ:CHIPSEQ:ALIGN_BWA_MEM:BWA_MEM,1702243247000,1702243663000,10,1008.7,,34359738368.0,,,1.731395924086111,1.731395924086111,0.0,251.77,
308,NFCORE_CHIPSEQ:CHIPSEQ:ALIGN_BWA_MEM:BWA_MEM,1702243079000,1702243676000,10,1005.5,,34359738368.0,,,2.478498604549219,2.478498604549219,0.0,251.77,
217,NFCORE_CHIPSEQ:CHIPSEQ:ALIGN_BWA_MEM:BWA_MEM,1702243134000,1702243681000,10,1004.3,,34359738368.0,,,2.268781655858073,2.268781655858073,0.0,251.77,
305,NFCORE_CHIPSEQ:CHIPSEQ:ALIGN_BWA_MEM:BWA_MEM,1702243134000,1702243686000,10,1001.3,,34359738368.0,,,2.2841274635312496,2.2841274635312496,0.0,251.77,
218,NFCORE_CHIPSEQ:CHIPSEQ:ALIGN_BWA_MEM:BWA_MEM,1702243164000,1702243721000,10,1004.9,,34359738368.0,,,2.311346757517448,2.311346757517448,0.0,251.77,
303,NFCORE_CHIPSEQ:CHIPSEQ:ALIGN_BWA_MEM:BWA_MEM,1702243260000,1702243757000,10,1004.0,,34359738368.0,,,2.060912062985417,2.060912062985417,0.0,251.77,
216,NFCORE_CHIPSEQ:CHIPSEQ:ALIGN_BWA_MEM:BWA_MEM,1702243244000,1702243789000,10,1003.9,,34359738368.0,,,2.2597763980759544,2.2597763980759544,0.0,251.77,
323,NFCORE_CHIPSEQ:CHIPSEQ:ALIGN_BWA_MEM:BAM_SORT_SAMTOOLS:SAMTOOLS_SORT,1702243760000,1702243801000,6,466.9,,6374293504.0,,,0.06900967345735677,0.06900967345735677,0.0,251.77,
415,NFCORE_CHIPSEQ:CHIPSEQ:ALIGN_BWA_MEM:BAM_SORT_SAMTOOLS:SAMTOOLS_INDEX,1702243804000,1702243821000,2,122.6,,1073741824.0,,,0.0072530434862847215,0.0072530434862847215,0.0,251.77,
301,NFCORE_CHIPSEQ:CHIPSEQ:ALIGN_BWA_MEM:BWA_MEM,1702243320000,1702243839000,10,1003.8,,34359738368.0,,,2.1518015443932295,2.1518015443932295,0.0,251.77,
328,NFCORE_CHIPSEQ:CHIPSEQ:ALIGN_BWA_MEM:BAM_SORT_SAMTOOLS:SAMTOOLS_SORT,1702243792000,1702243836000,6,459.3,,6374293504.0,,,0.07297022154105903,0.07297022154105903,0.0,251.77,
416,NFCORE_CHIPSEQ:CHIPSEQ:ALIGN_BWA_MEM:BAM_SORT_SAMTOOLS:BAM_STATS_SAMTOOLS:SAMTOOLS_IDXSTATS,1702243827000,1702243836000,2,1.3,,1073741824.0,,,0.00028483448203125,0.00028483448203125,0.0,251.77,
326,NFCORE_CHIPSEQ:CHIPSEQ:ALIGN_BWA_MEM:BAM_SORT_SAMTOOLS:SAMTOOLS_SORT,1702243804000,1702243845000,6,461.5,,6374293504.0,,,0.06828870645891927,0.06828870645891927,0.0,251.77,
417,NFCORE_CHIPSEQ:CHIPSEQ:ALIGN_BWA_MEM:BAM_SORT_SAMTOOLS:BAM_STATS_SAMTOOLS:SAMTOOLS_FLAGSTAT,1702243839000,1702243858000,2,141.1,,1073741824.0,,,0.009250967380989584,0.009250967380989584,0.0,251.77,
420,NFCORE_CHIPSEQ:CHIPSEQ:ALIGN_BWA_MEM:BAM_SORT_SAMTOOLS:SAMTOOLS_INDEX,1702243842000,1702243862000,2,135.7,,1073741824.0,,,0.009386169182291666,0.009386169182291666,0.0,251.77,
423,NFCORE_CHIPSEQ:CHIPSEQ:ALIGN_BWA_MEM:BAM_SORT_SAMTOOLS:BAM_STATS_SAMTOOLS:SAMTOOLS_IDXSTATS,1702243871000,1702243874000,2,38.0,,1073741824.0,,,0.0004534744864583334,0.0004534744864583334,0.0,251.77,
418,NFCORE_CHIPSEQ:CHIPSEQ:ALIGN_BWA_MEM:BAM_SORT_SAMTOOLS:BAM_STATS_SAMTOOLS:SAMTOOLS_STATS,1702243827000,1702243880000,2,127.8,,1073741824.0,,,0.023509893580381944,0.023509893580381944,0.0,251.77,
421,NFCORE_CHIPSEQ:CHIPSEQ:ALIGN_BWA_MEM:BAM_SORT_SAMTOOLS:SAMTOOLS_INDEX,1702243862000,1702243883000,2,114.5,,1073741824.0,,,0.008405728284114584,0.008405728284114584,0.0,251.77,
325,NFCORE_CHIPSEQ:CHIPSEQ:ALIGN_BWA_MEM:BAM_SORT_SAMTOOLS:SAMTOOLS_SORT,1702243842000,1702243889000,6,454.1,,6374293504.0,,,0.07714959971642797,0.07714959971642797,0.0,251.77,
329,NFCORE_CHIPSEQ:CHIPSEQ:ALIGN_BWA_MEM:BAM_SORT_SAMTOOLS:SAMTOOLS_SORT,1702243839000,1702243879000,6,453.0,,6374293504.0,,,0.06551595219357641,0.06551595219357641,0.0,251.77,
331,NFCORE_CHIPSEQ:CHIPSEQ:ALIGN_BWA_MEM:BAM_SORT_SAMTOOLS:SAMTOOLS_SORT,1702243848000,1702243889000,6,453.0,,6374293504.0,,,0.06715385099841581,0.06715385099841581,0.0,251.77,
422,NFCORE_CHIPSEQ:CHIPSEQ:ALIGN_BWA_MEM:BAM_SORT_SAMTOOLS:BAM_STATS_SAMTOOLS:SAMTOOLS_FLAGSTAT,1702243871000,1702243889000,2,114.9,,1073741824.0,,,0.007228356039062501,0.007228356039062501,0.0,251.77,
427,NFCORE_CHIPSEQ:CHIPSEQ:ALIGN_BWA_MEM:BAM_SORT_SAMTOOLS:BAM_STATS_SAMTOOLS:SAMTOOLS_IDXSTATS,1702243890000,1702243891000,2,40.1,,1073741824.0,,,0.00015799660251736113,0.00015799660251736113,0.0,251.77,
426,NFCORE_CHIPSEQ:CHIPSEQ:ALIGN_BWA_MEM:BAM_SORT_SAMTOOLS:BAM_STATS_SAMTOOLS:SAMTOOLS_FLAGSTAT,1702243890000,1702243905000,2,133.1,,1073741824.0,,,0.006912627279947917,0.006912627279947917,0.0,251.77,
428,NFCORE_CHIPSEQ:CHIPSEQ:ALIGN_BWA_MEM:BAM_SORT_SAMTOOLS:SAMTOOLS_INDEX,1702243891000,1702243906000,2,144.4,,1073741824.0,,,0.0074645871093749995,0.0074645871093749995,0.0,251.77,
429,NFCORE_CHIPSEQ:CHIPSEQ:ALIGN_BWA_MEM:BAM_SORT_SAMTOOLS:SAMTOOLS_INDEX,1702243894000,1702243912000,2,134.2,,1073741824.0,,,0.008359629459375,0.008359629459375,0.0,251.77,
430,NFCORE_CHIPSEQ:CHIPSEQ:ALIGN_BWA_MEM:BAM_SORT_SAMTOOLS:SAMTOOLS_INDEX,1702243895000,1702243911000,2,133.5,,1073741824.0,,,0.007394310059722223,0.007394310059722223,0.0,251.77,
432,NFCORE_CHIPSEQ:CHIPSEQ:ALIGN_BWA_MEM:BAM_SORT_SAMTOOLS:BAM_STATS_SAMTOOLS:SAMTOOLS_IDXSTATS,1702243913000,1702243916000,2,91.4,,1073741824.0,,,0.0009751497942708334,0.0009751497942708334,0.0,251.77,
435,NFCORE_CHIPSEQ:CHIPSEQ:ALIGN_BWA_MEM:BAM_SORT_SAMTOOLS:BAM_STATS_SAMTOOLS:SAMTOOLS_IDXSTATS,1702243920000,1702243922000,2,33.6,,1073741824.0,,,0.0002736600027777778,0.0002736600027777778,0.0,251.77,
322,NFCORE_CHIPSEQ:CHIPSEQ:ALIGN_BWA_MEM:BAM_SORT_SAMTOOLS:SAMTOOLS_SORT,1702243883000,1702243924000,6,443.3,,6374293504.0,,,0.06585878064937067,0.06585878064937067,0.0,251.77,
437,NFCORE_CHIPSEQ:CHIPSEQ:ALIGN_BWA_MEM:BAM_SORT_SAMTOOLS:BAM_STATS_SAMTOOLS:SAMTOOLS_IDXSTATS,1702243921000,1702243923000,2,34.8,,1073741824.0,,,0.00028147536319444446,0.00028147536319444446,0.0,251.77,
324,NFCORE_CHIPSEQ:CHIPSEQ:ALIGN_BWA_MEM:BAM_SORT_SAMTOOLS:SAMTOOLS_SORT,1702243892000,1702243934000,6,443.9,,6374293504.0,,,0.06754715365690105,0.06754715365690105,0.0,251.77,
431,NFCORE_CHIPSEQ:CHIPSEQ:ALIGN_BWA_MEM:BAM_SORT_SAMTOOLS:BAM_STATS_SAMTOOLS:SAMTOOLS_FLAGSTAT,1702243919000,1702243936000,2,136.8,,1073741824.0,,,0.008039138488194446,0.008039138488194446,0.0,251.77,
320,NFCORE_CHIPSEQ:CHIPSEQ:ALIGN_BWA_MEM:BAM_SORT_SAMTOOLS:SAMTOOLS_SORT,1702243891000,1702243936000,6,442.4,,6374293504.0,,,0.07215214333496094,0.07215214333496094,0.0,251.77,
424,NFCORE_CHIPSEQ:CHIPSEQ:ALIGN_BWA_MEM:BAM_SORT_SAMTOOLS:BAM_STATS_SAMTOOLS:SAMTOOLS_STATS,1702243878000,1702243937000,2,127.4,,1073741824.0,,,0.02609453992274306,0.02609453992274306,0.0,251.77,
438,NFCORE_CHIPSEQ:CHIPSEQ:ALIGN_BWA_MEM:BAM_SORT_SAMTOOLS:BAM_STATS_SAMTOOLS:SAMTOOLS_FLAGSTAT,1702243926000,1702243941000,2,130.4,,1073741824.0,,,0.006780743072916668,0.006780743072916668,0.0,251.77,
425,NFCORE_CHIPSEQ:CHIPSEQ:ALIGN_BWA_MEM:BAM_SORT_SAMTOOLS:BAM_STATS_SAMTOOLS:SAMTOOLS_STATS,1702243892000,1702243946000,2,127.2,,1073741824.0,,,0.023847969112500002,0.023847969112500002,0.0,251.77,
434,NFCORE_CHIPSEQ:CHIPSEQ:ALIGN_BWA_MEM:BAM_SORT_SAMTOOLS:BAM_STATS_SAMTOOLS:SAMTOOLS_FLAGSTAT,1702243939000,1702243955000,2,138.0,,1073741824.0,,,0.007628770872222223,0.007628770872222223,0.0,251.77,
440,NFCORE_CHIPSEQ:CHIPSEQ:ALIGN_BWA_MEM:BAM_SORT_SAMTOOLS:SAMTOOLS_INDEX,1702243940000,1702243955000,2,144.8,,1073741824.0,,,0.007484125510416668,0.007484125510416668,0.0,251.77,
441,NFCORE_CHIPSEQ:CHIPSEQ:ALIGN_BWA_MEM:BAM_SORT_SAMTOOLS:SAMTOOLS_INDEX,1702243945000,1702243961000,2,137.2,,1073741824.0,,,0.00758708895,0.00758708895,0.0,251.77,
442,NFCORE_CHIPSEQ:CHIPSEQ:ALIGN_BWA_MEM:BAM_SORT_SAMTOOLS:SAMTOOLS_INDEX,1702243950000,1702243966000,2,130.8,,1073741824.0,,,0.007253633572222223,0.007253633572222223,0.0,251.77,
445,NFCORE_CHIPSEQ:CHIPSEQ:ALIGN_BWA_MEM:BAM_SORT_SAMTOOLS:BAM_STATS_SAMTOOLS:SAMTOOLS_IDXSTATS,1702243964000,1702243967000,2,57.8,,1073741824.0,,,0.0006469046567708335,0.0006469046567708335,0.0,251.77,
330,NFCORE_CHIPSEQ:CHIPSEQ:ALIGN_BWA_MEM:BAM_SORT_SAMTOOLS:SAMTOOLS_SORT,1702243928000,1702243967000,6,470.9,,6374293504.0,,,0.0661513463499349,0.0661513463499349,0.0,251.77,
439,NFCORE_CHIPSEQ:CHIPSEQ:ALIGN_BWA_MEM:BAM_SORT_SAMTOOLS:BAM_STATS_SAMTOOLS:SAMTOOLS_STATS,1702243921000,1702243975000,2,126.7,,1073741824.0,,,0.023760046307812505,0.023760046307812505,0.0,251.77,
447,NFCORE_CHIPSEQ:CHIPSEQ:ALIGN_BWA_MEM:BAM_SORT_SAMTOOLS:BAM_STATS_SAMTOOLS:SAMTOOLS_IDXSTATS,1702243970000,1702243972000,2,5.7,,1073741824.0,,,9.195287309027779e-05,9.195287309027779e-05,0.0,251.77,
327,NFCORE_CHIPSEQ:CHIPSEQ:ALIGN_BWA_MEM:BAM_SORT_SAMTOOLS:SAMTOOLS_SORT,1702243937000,1702243979000,6,435.9,,6374293504.0,,,0.06645300319856773,0.06645300319856773,0.0,251.77,
333,NFCORE_CHIPSEQ:CHIPSEQ:ALIGN_BWA_MEM:BAM_SORT_SAMTOOLS:SAMTOOLS_SORT,1702243939000,1702243983000,6,447.4,,6374293504.0,,,0.07126517041015626,0.07126517041015626,0.0,251.77,
436,NFCORE_CHIPSEQ:CHIPSEQ:ALIGN_BWA_MEM:BAM_SORT_SAMTOOLS:BAM_STATS_SAMTOOLS:SAMTOOLS_STATS,1702243924000,1702243983000,2,125.5,,1073741824.0,,,0.025729497463281254,0.025729497463281254,0.0,251.77,
450,NFCORE_CHIPSEQ:CHIPSEQ:ALIGN_BWA_MEM:BAM_SORT_SAMTOOLS:BAM_STATS_SAMTOOLS:SAMTOOLS_FLAGSTAT,1702243969000,1702243983000,2,129.9,,1073741824.0,,,0.006305898733506945,0.006305898733506945,0.0,251.77,
446,NFCORE_CHIPSEQ:CHIPSEQ:ALIGN_BWA_MEM:BAM_SORT_SAMTOOLS:BAM_STATS_SAMTOOLS:SAMTOOLS_FLAGSTAT,1702243975000,1702243990000,2,126.7,,1073741824.0,,,0.006600012863281251,0.006600012863281251,0.0,251.77,
454,NFCORE_CHIPSEQ:CHIPSEQ:ALIGN_BWA_MEM:BAM_SORT_SAMTOOLS:SAMTOOLS_INDEX,1702243986000,1702244001000,2,152.6,,1073741824.0,,,0.007865124330729166,0.007865124330729166,0.0,251.77,
451,NFCORE_CHIPSEQ:CHIPSEQ:ALIGN_BWA_MEM:BAM_SORT_SAMTOOLS:BAM_STATS_SAMTOOLS:SAMTOOLS_IDXSTATS,1702244005000,1702244005000,2,69.1,,1073741824.0,,,0.0,0.0,0.0,251.77,
452,NFCORE_CHIPSEQ:CHIPSEQ:ALIGN_BWA_MEM:BAM_SORT_SAMTOOLS:SAMTOOLS_INDEX,1702243986000,1702244002000,2,138.4,,1073741824.0,,,0.007649611833333334,0.007649611833333334,0.0,251.77,
453,NFCORE_CHIPSEQ:CHIPSEQ:ALIGN_BWA_MEM:BAM_SORT_SAMTOOLS:SAMTOOLS_INDEX,1702243994000,1702244011000,2,136.5,,1073741824.0,,,0.008022530847309027,0.008022530847309027,0.0,251.77,
457,NFCORE_CHIPSEQ:CHIPSEQ:ALIGN_BWA_MEM:BAM_SORT_SAMTOOLS:BAM_STATS_SAMTOOLS:SAMTOOLS_IDXSTATS,1702244009000,1702244011000,2,71.9,,1073741824.0,,,0.0005231002560763889,0.0005231002560763889,0.0,251.77,
334,NFCORE_CHIPSEQ:CHIPSEQ:ALIGN_BWA_MEM:BAM_SORT_SAMTOOLS:SAMTOOLS_SORT,1702243970000,1702244014000,6,420.4,,6374293504.0,,,0.06739656700390625,0.06739656700390625,0.0,251.77,
433,NFCORE_CHIPSEQ:CHIPSEQ:ALIGN_BWA_MEM:BAM_SORT_SAMTOOLS:BAM_STATS_SAMTOOLS:SAMTOOLS_STATS,1702243958000,1702244014000,2,125.9,,1073741824.0,,,0.024494161295138893,0.024494161295138893,0.0,251.77,
444,NFCORE_CHIPSEQ:CHIPSEQ:ALIGN_BWA_MEM:BAM_SORT_SAMTOOLS:BAM_STATS_SAMTOOLS:SAMTOOLS_FLAGSTAT,1702244005000,1702244017000,2,141.8,,1073741824.0,,,0.005870070002083334,0.005870070002083334,0.0,251.77,
449,NFCORE_CHIPSEQ:CHIPSEQ:ALIGN_BWA_MEM:BAM_SORT_SAMTOOLS:BAM_STATS_SAMTOOLS:SAMTOOLS_STATS,1702243970000,1702244023000,2,126.8,,1073741824.0,,,0.023337304371180558,0.023337304371180558,0.0,251.77,
458,NFCORE_CHIPSEQ:CHIPSEQ:ALIGN_BWA_MEM:BAM_SORT_SAMTOOLS:BAM_STATS_SAMTOOLS:SAMTOOLS_IDXSTATS,1702244017000,1702244020000,2,62.7,,1073741824.0,,,0.0006947737393229168,0.0006947737393229168,0.0,251.77,
338,NFCORE_CHIPSEQ:CHIPSEQ:ALIGN_BWA_MEM:BAM_SORT_SAMTOOLS:SAMTOOLS_SORT,1702243983000,1702244023000,6,453.7,,6374293504.0,,,0.06560713139843752,0.06560713139843752,0.0,251.77,
448,NFCORE_CHIPSEQ:CHIPSEQ:ALIGN_BWA_MEM:BAM_SORT_SAMTOOLS:BAM_STATS_SAMTOOLS:SAMTOOLS_STATS,1702243978000,1702244028000,2,128.0,,1073741824.0,,,0.022211708888888886,0.022211708888888886,0.0,251.77,
460,NFCORE_CHIPSEQ:CHIPSEQ:ALIGN_BWA_MEM:BAM_SORT_SAMTOOLS:BAM_STATS_SAMTOOLS:SAMTOOLS_FLAGSTAT,1702244014000,1702244028000,2,133.6,,1073741824.0,,,0.006474580262499999,0.006474580262499999,0.0,251.77,
300,NFCORE_CHIPSEQ:CHIPSEQ:ALIGN_BWA_MEM:BWA_MEM,1702243659000,1702244035000,10,1004.4,,34359738368.0,,,1.5596505989694445,1.5596505989694445,0.0,251.77,
321,NFCORE_CHIPSEQ:CHIPSEQ:ALIGN_BWA_MEM:BAM_SORT_SAMTOOLS:SAMTOOLS_SORT,1702243986000,1702244028000,6,423.1,,6374293504.0,,,0.06470236246523439,0.06470236246523439,0.0,251.77,
455,NFCORE_CHIPSEQ:CHIPSEQ:ALIGN_BWA_MEM:BAM_SORT_SAMTOOLS:BAM_STATS_SAMTOOLS:SAMTOOLS_FLAGSTAT,1702244028000,1702244042000,2,136.8,,1073741824.0,,,0.006620466990277778,0.006620466990277778,0.0,251.77,
464,NFCORE_CHIPSEQ:CHIPSEQ:ALIGN_BWA_MEM:BAM_SORT_SAMTOOLS:SAMTOOLS_INDEX,1702244023000,1702244046000,2,131.7,,1073741824.0,,,0.010494505743663196,0.010494505743663196,0.0,251.77,
465,NFCORE_CHIPSEQ:CHIPSEQ:ALIGN_BWA_MEM:BAM_SORT_SAMTOOLS:SAMTOOLS_INDEX,1702244031000,1702244048000,2,129.3,,1073741824.0,,,0.007623947466059029,0.007623947466059029,0.0,251.77,
296,NFCORE_CHIPSEQ:CHIPSEQ:ALIGN_BWA_MEM:BWA_MEM,1702243553000,1702244053000,10,1000.6,,34359738368.0,,,2.0678162957465283,2.0678162957465283,0.0,251.77,
339,NFCORE_CHIPSEQ:CHIPSEQ:ALIGN_BWA_MEM:BAM_SORT_SAMTOOLS:SAMTOOLS_SORT,1702244017000,1702244056000,6,444.3,,6374293504.0,,,0.06277315680983074,0.06277315680983074,0.0,251.77,
443,NFCORE_CHIPSEQ:CHIPSEQ:ALIGN_BWA_MEM:BAM_SORT_SAMTOOLS:BAM_STATS_SAMTOOLS:SAMTOOLS_STATS,1702244014000,1702244065000,2,127.5,,1073741824.0,,,0.022572904862239587,0.022572904862239587,0.0,251.77,
463,NFCORE_CHIPSEQ:CHIPSEQ:ALIGN_BWA_MEM:BAM_SORT_SAMTOOLS:BAM_STATS_SAMTOOLS:SAMTOOLS_IDXSTATS,1702244057000,1702244060000,2,56.7,,1073741824.0,,,0.0006361585361979167,0.0006361585361979167,0.0,251.77,
462,NFCORE_CHIPSEQ:CHIPSEQ:ALIGN_BWA_MEM:BAM_SORT_SAMTOOLS:BAM_STATS_SAMTOOLS:SAMTOOLS_FLAGSTAT,1702244048000,1702244060000,2,149.3,,1073741824.0,,,0.006163146017708334,0.006163146017708334,0.0,251.77,
467,NFCORE_CHIPSEQ:CHIPSEQ:ALIGN_BWA_MEM:BAM_SORT_SAMTOOLS:SAMTOOLS_INDEX,1702244045000,1702244060000,2,142.0,,1073741824.0,,,0.007347356703125001,0.007347356703125001,0.0,251.77,
469,NFCORE_CHIPSEQ:CHIPSEQ:ALIGN_BWA_MEM:BAM_SORT_SAMTOOLS:BAM_STATS_SAMTOOLS:SAMTOOLS_FLAGSTAT,1702244050000,1702244065000,2,136.9,,1073741824.0,,,0.00709824208984375,0.00709824208984375,0.0,251.77,
335,NFCORE_CHIPSEQ:CHIPSEQ:ALIGN_BWA_MEM:BAM_SORT_SAMTOOLS:SAMTOOLS_SORT,1702244026000,1702244066000,6,436.7,,6374293504.0,,,0.06339277928038195,0.06339277928038195,0.0,251.77,
337,NFCORE_CHIPSEQ:CHIPSEQ:ALIGN_BWA_MEM:BAM_SORT_SAMTOOLS:SAMTOOLS_SORT,1702244031000,1702244071000,6,447.7,,6374293504.0,,,0.06482559535677083,0.06482559535677083,0.0,251.77,
459,NFCORE_CHIPSEQ:CHIPSEQ:ALIGN_BWA_MEM:BAM_SORT_SAMTOOLS:BAM_STATS_SAMTOOLS:SAMTOOLS_STATS,1702244020000,1702244073000,2,128.5,,1073741824.0,,,0.023630706026822917,0.023630706026822917,0.0,251.77,
468,NFCORE_CHIPSEQ:CHIPSEQ:ALIGN_BWA_MEM:BAM_SORT_SAMTOOLS:BAM_STATS_SAMTOOLS:SAMTOOLS_IDXSTATS,1702244076000,1702244082000,2,74.8,,1073741824.0,,,0.0016259621312500003,0.0016259621312500003,0.0,251.77,
472,NFCORE_CHIPSEQ:CHIPSEQ:ALIGN_BWA_MEM:BAM_SORT_SAMTOOLS:BAM_STATS_SAMTOOLS:SAMTOOLS_FLAGSTAT,1702244068000,1702244081000,2,133.6,,1073741824.0,,,0.0060121102437499995,0.0060121102437499995,0.0,251.77,
298,NFCORE_CHIPSEQ:CHIPSEQ:ALIGN_BWA_MEM:BWA_MEM,1702243609000,1702244073000,10,1008.7,,34359738368.0,,,1.9311723768652778,1.9311723768652778,0.0,251.77,
336,NFCORE_CHIPSEQ:CHIPSEQ:ALIGN_BWA_MEM:BAM_SORT_SAMTOOLS:SAMTOOLS_SORT,1702244037000,1702244078000,6,432.0,,6374293504.0,,,0.06435009044893664,0.06435009044893664,0.0,251.77,
456,NFCORE_CHIPSEQ:CHIPSEQ:ALIGN_BWA_MEM:BAM_SORT_SAMTOOLS:BAM_STATS_SAMTOOLS:SAMTOOLS_STATS,1702244031000,1702244083000,2,127.5,,1073741824.0,,,0.023015510839930555,0.023015510839930555,0.0,251.77,
475,NFCORE_CHIPSEQ:CHIPSEQ:ALIGN_BWA_MEM:BAM_SORT_SAMTOOLS:SAMTOOLS_INDEX,1702244069000,1702244086000,2,147.1,,1073741824.0,,,0.00860933415859375,0.00860933415859375,0.0,251.77,
461,NFCORE_CHIPSEQ:CHIPSEQ:ALIGN_BWA_MEM:BAM_SORT_SAMTOOLS:BAM_STATS_SAMTOOLS:SAMTOOLS_STATS,1702244048000,1702244098000,2,130.0,,1073741824.0,,,0.02253734890625,0.02253734890625,0.0,251.77,
473,NFCORE_CHIPSEQ:CHIPSEQ:ALIGN_BWA_MEM:BAM_SORT_SAMTOOLS:BAM_STATS_SAMTOOLS:SAMTOOLS_STATS,1702244052000,1702244102000,2,127.8,,1073741824.0,,,0.02217914488715278,0.02217914488715278,0.0,251.77,
479,NFCORE_CHIPSEQ:CHIPSEQ:ALIGN_BWA_MEM:BAM_SORT_SAMTOOLS:SAMTOOLS_INDEX,1702244085000,1702244098000,2,150.1,,1073741824.0,,,0.006710608080989583,0.006710608080989583,0.0,251.77,
480,NFCORE_CHIPSEQ:CHIPSEQ:ALIGN_BWA_MEM:BAM_SORT_SAMTOOLS:SAMTOOLS_INDEX,1702244086000,1702244101000,2,139.2,,1073741824.0,,,0.007210587895833334,0.007210587895833334,0.0,251.77,
318,NFCORE_CHIPSEQ:CHIPSEQ:ALIGN_BWA_MEM:BWA_MEM,1702243689000,1702244103000,10,1011.0,,34359738368.0,,,1.7261726494656253,1.7261726494656253,0.0,251.77,
340,NFCORE_CHIPSEQ:CHIPSEQ:ALIGN_BWA_MEM:BAM_SORT_SAMTOOLS:SAMTOOLS_SORT,1702244057000,1702244102000,6,391.6,,6374293504.0,,,0.06470801253808595,0.06470801253808595,0.0,251.77,
471,NFCORE_CHIPSEQ:CHIPSEQ:ALIGN_BWA_MEM:BAM_SORT_SAMTOOLS:BAM_STATS_SAMTOOLS:SAMTOOLS_IDXSTATS,1702244103000,1702244103000,2,44.9,,1073741824.0,,,0.0,0.0,0.0,251.77,
487,NFCORE_CHIPSEQ:CHIPSEQ:ALIGN_BWA_MEM:BAM_SORT_SAMTOOLS:BAM_STATS_SAMTOOLS:SAMTOOLS_IDXSTATS,1702244106000,1702244106000,2,69.2,,1073741824.0,,,0.0,0.0,0.0,251.77,
332,NFCORE_CHIPSEQ:CHIPSEQ:ALIGN_BWA_MEM:BAM_SORT_SAMTOOLS:SAMTOOLS_SORT,1702244060000,1702244103000,6,422.8,,6374293504.0,,,0.06620088734264325,0.06620088734264325,0.0,251.77,
342,NFCORE_CHIPSEQ:CHIPSEQ:ALIGN_BWA_MEM:BAM_SORT_SAMTOOLS:SAMTOOLS_SORT,1702244069000,1702244106000,6,452.3,,6374293504.0,,,0.060517915014561635,0.060517915014561635,0.0,251.77,
482,NFCORE_CHIPSEQ:CHIPSEQ:ALIGN_BWA_MEM:BAM_SORT_SAMTOOLS:SAMTOOLS_INDEX,1702244102000,1702244114000,2,154.7,,1073741824.0,,,0.006374160748958334,0.006374160748958334,0.0,251.77,
341,NFCORE_CHIPSEQ:CHIPSEQ:ALIGN_BWA_MEM:BAM_SORT_SAMTOOLS:SAMTOOLS_SORT,1702244064000,1702244110000,6,382.9,,6374293504.0,,,0.06484275702278647,0.06484275702278647,0.0,251.77,
345,NFCORE_CHIPSEQ:CHIPSEQ:ALIGN_BWA_MEM:BAM_SORT_SAMTOOLS:SAMTOOLS_SORT,1702244074000,1702244111000,6,447.4,,6374293504.0,,,0.05992752966308595,0.05992752966308595,0.0,251.77,
488,NFCORE_CHIPSEQ:CHIPSEQ:ALIGN_BWA_MEM:BAM_SORT_SAMTOOLS:BAM_STATS_SAMTOOLS:SAMTOOLS_FLAGSTAT,1702244104000,1702244121000,2,140.0,,1073741824.0,,,0.00821628665763889,0.00821628665763889,0.0,251.77,
343,NFCORE_CHIPSEQ:CHIPSEQ:ALIGN_BWA_MEM:BAM_SORT_SAMTOOLS:SAMTOOLS_SORT,1702244076000,1702244122000,6,414.6,,6374293504.0,,,0.0695912397559462,0.0695912397559462,0.0,251.77,
470,NFCORE_CHIPSEQ:CHIPSEQ:ALIGN_BWA_MEM:BAM_SORT_SAMTOOLS:BAM_STATS_SAMTOOLS:SAMTOOLS_STATS,1702244077000,1702244125000,2,130.6,,1073741824.0,,,0.021729639275000004,0.021729639275000004,0.0,251.77,
476,NFCORE_CHIPSEQ:CHIPSEQ:ALIGN_BWA_MEM:BAM_SORT_SAMTOOLS:BAM_STATS_SAMTOOLS:SAMTOOLS_STATS,1702244069000,1702244123000,2,126.5,,1073741824.0,,,0.0237248771859375,0.0237248771859375,0.0,251.77,
477,NFCORE_CHIPSEQ:CHIPSEQ:ALIGN_BWA_MEM:BAM_SORT_SAMTOOLS:BAM_STATS_SAMTOOLS:SAMTOOLS_FLAGSTAT,1702244104000,1702244123000,2,137.9,,1073741824.0,,,0.00905297825043403,0.00905297825043403,0.0,251.77,
344,NFCORE_CHIPSEQ:CHIPSEQ:ALIGN_BWA_MEM:BAM_SORT_SAMTOOLS:SAMTOOLS_SORT,1702244082000,1702244129000,6,371.5,,6374293504.0,,,0.0645076029624349,0.0645076029624349,0.0,251.77,
478,NFCORE_CHIPSEQ:CHIPSEQ:ALIGN_BWA_MEM:BAM_SORT_SAMTOOLS:BAM_STATS_SAMTOOLS:SAMTOOLS_IDXSTATS,1702244126000,1702244130000,2,46.4,,1073741824.0,,,0.0007140476944444445,0.0007140476944444445,0.0,251.77,
495,NFCORE_CHIPSEQ:CHIPSEQ:ALIGN_BWA_MEM:BAM_SORT_SAMTOOLS:SAMTOOLS_INDEX,1702244112000,1702244129000,2,114.4,,1073741824.0,,,0.006799101302083334,0.006799101302083334,0.0,251.77,
295,NFCORE_CHIPSEQ:CHIPSEQ:ALIGN_BWA_MEM:BWA_MEM,1702243680000,1702244130000,10,1009.2,,34359738368.0,,,1.87363693484375,1.87363693484375,0.0,251.77,
319,NFCORE_CHIPSEQ:CHIPSEQ:ALIGN_BWA_MEM:BWA_MEM,1702243724000,1702244133000,10,1005.4,,34359738368.0,,,1.697866694741493,1.697866694741493,0.0,251.77,
489,NFCORE_CHIPSEQ:CHIPSEQ:ALIGN_BWA_MEM:BAM_SORT_SAMTOOLS:BAM_STATS_SAMTOOLS:SAMTOOLS_IDXSTATS,1702244133000,1702244134000,2,57.8,,1073741824.0,,,0.00021563488559027782,0.00021563488559027782,0.0,251.77,
499,NFCORE_CHIPSEQ:CHIPSEQ:ALIGN_BWA_MEM:BAM_SORT_SAMTOOLS:SAMTOOLS_INDEX,1702244120000,1702244136000,2,122.5,,1073741824.0,,,0.006821183629166667,0.006821183629166667,0.0,251.77,
505,NFCORE_CHIPSEQ:CHIPSEQ:ALIGN_BWA_MEM:BAM_SORT_SAMTOOLS:BAM_STATS_SAMTOOLS:SAMTOOLS_IDXSTATS,1702244134000,1702244135000,2,75.7,,1073741824.0,,,0.0002739244486979167,0.0002739244486979167,0.0,251.77,
299,NFCORE_CHIPSEQ:CHIPSEQ:ALIGN_BWA_MEM:BWA_MEM,1702243612000,1702244138000,10,1009.1,,34359738368.0,,,2.1899021083015624,2.1899021083015624,0.0,251.77,
347,NFCORE_CHIPSEQ:CHIPSEQ:ALIGN_BWA_MEM:BAM_SORT_SAMTOOLS:SAMTOOLS_SORT,1702244090000,1702244138000,6,379.5,,6374293504.0,,,0.06713056281979168,0.06713056281979168,0.0,251.77,
494,NFCORE_CHIPSEQ:CHIPSEQ:ALIGN_BWA_MEM:BAM_SORT_SAMTOOLS:SAMTOOLS_INDEX,1702244130000,1702244142000,2,154.4,,1073741824.0,,,0.006362437708333334,0.006362437708333334,0.0,251.77,
500,NFCORE_CHIPSEQ:CHIPSEQ:ALIGN_BWA_MEM:BAM_SORT_SAMTOOLS:SAMTOOLS_INDEX,1702244127000,1702244140000,2,136.6,,1073741824.0,,,0.006139109850520833,0.006139109850520833,0.0,251.77,
351,NFCORE_CHIPSEQ:CHIPSEQ:ALIGN_BWA_MEM:BAM_SORT_SAMTOOLS:SAMTOOLS_SORT,1702244106000,1702244144000,6,430.4,,6374293504.0,,,0.05944355811480035,0.05944355811480035,0.0,251.77,
485,NFCORE_CHIPSEQ:CHIPSEQ:ALIGN_BWA_MEM:BAM_SORT_SAMTOOLS:BAM_STATS_SAMTOOLS:SAMTOOLS_IDXSTATS,1702244141000,1702244142000,2,78.0,,1073741824.0,,,0.00028141416909722224,0.00028141416909722224,0.0,251.77,
491,NFCORE_CHIPSEQ:CHIPSEQ:ALIGN_BWA_MEM:BAM_SORT_SAMTOOLS:BAM_STATS_SAMTOOLS:SAMTOOLS_FLAGSTAT,1702244134000,1702244145000,2,144.2,,1073741824.0,,,0.005466866466493055,0.005466866466493055,0.0,251.77,
501,NFCORE_CHIPSEQ:CHIPSEQ:ALIGN_BWA_MEM:BAM_SORT_SAMTOOLS:SAMTOOLS_INDEX,1702244129000,1702244146000,2,121.3,,1073741824.0,,,0.007181077042447917,0.007181077042447917,0.0,251.77,
504,NFCORE_CHIPSEQ:CHIPSEQ:ALIGN_BWA_MEM:BAM_SORT_SAMTOOLS:BAM_STATS_SAMTOOLS:SAMTOOLS_FLAGSTAT,1702244135000,1702244145000,2,146.7,,1073741824.0,,,0.005051288610243056,0.005051288610243056,0.0,251.77,
513,NFCORE_CHIPSEQ:CHIPSEQ:ALIGN_BWA_MEM:BAM_SORT_SAMTOOLS:BAM_STATS_SAMTOOLS:SAMTOOLS_IDXSTATS,1702244145000,1702244145000,2,86.0,,1073741824.0,,,0.0,0.0,0.0,251.77,
516,NFCORE_CHIPSEQ:CHIPSEQ:ALIGN_BWA_MEM:BAM_SORT_SAMTOOLS:BAM_STATS_SAMTOOLS:SAMTOOLS_IDXSTATS,1702244144000,1702244145000,2,92.8,,1073741824.0,,,0.00032960889166666667,0.00032960889166666667,0.0,251.77,
352,NFCORE_CHIPSEQ:CHIPSEQ:ALIGN_BWA_MEM:BAM_SORT_SAMTOOLS:SAMTOOLS_SORT,1702244109000,1702244146000,6,432.5,,6374293504.0,,,0.05813227624737413,0.05813227624737413,0.0,251.77,
354,NFCORE_CHIPSEQ:CHIPSEQ:ALIGN_BWA_MEM:BAM_SORT_SAMTOOLS:SAMTOOLS_SORT,1702244106000,1702244148000,6,410.2,,6374293504.0,,,0.06293804485117188,0.06293804485117188,0.0,251.77,
486,NFCORE_CHIPSEQ:CHIPSEQ:ALIGN_BWA_MEM:BAM_SORT_SAMTOOLS:BAM_STATS_SAMTOOLS:SAMTOOLS_STATS,1702244106000,1702244152000,2,132.2,,1073741824.0,,,0.021063908691319445,0.021063908691319445,0.0,251.77,
346,NFCORE_CHIPSEQ:CHIPSEQ:ALIGN_BWA_MEM:BAM_SORT_SAMTOOLS:SAMTOOLS_SORT,1702244114000,1702244151000,6,441.7,,6374293504.0,,,0.05924075486647136,0.05924075486647136,0.0,251.77,
493,NFCORE_CHIPSEQ:CHIPSEQ:ALIGN_BWA_MEM:BAM_SORT_SAMTOOLS:SAMTOOLS_INDEX,1702244137000,1702244154000,2,153.4,,1073741824.0,,,0.0089580946171875,0.0089580946171875,0.0,251.77,
497,NFCORE_CHIPSEQ:CHIPSEQ:ALIGN_BWA_MEM:BAM_SORT_SAMTOOLS:BAM_STATS_SAMTOOLS:SAMTOOLS_FLAGSTAT,1702244141000,1702244154000,2,146.2,,1073741824.0,,,0.006545508592187501,0.006545508592187501,0.0,251.77,
502,NFCORE_CHIPSEQ:CHIPSEQ:ALIGN_BWA_MEM:BAM_SORT_SAMTOOLS:SAMTOOLS_INDEX,1702244138000,1702244154000,2,135.6,,1073741824.0,,,0.007503725105555556,0.007503725105555556,0.0,251.77,
518,NFCORE_CHIPSEQ:CHIPSEQ:ALIGN_BWA_MEM:BAM_SORT_SAMTOOLS:BAM_STATS_SAMTOOLS:SAMTOOLS_FLAGSTAT,1702244144000,1702244157000,2,148.1,,1073741824.0,,,0.006625941676475694,0.006625941676475694,0.0,251.77,
348,NFCORE_CHIPSEQ:CHIPSEQ:ALIGN_BWA_MEM:BAM_SORT_SAMTOOLS:SAMTOOLS_SORT,1702244105000,1702244154000,6,349.0,,6374293504.0,,,0.06366242615240886,0.06366242615240886,0.0,251.77,
353,NFCORE_CHIPSEQ:CHIPSEQ:ALIGN_BWA_MEM:BAM_SORT_SAMTOOLS:SAMTOOLS_SORT,1702244114000,1702244160000,6,360.9,,6374293504.0,,,0.06154728004709202,0.06154728004709202,0.0,251.77,
484,NFCORE_CHIPSEQ:CHIPSEQ:ALIGN_BWA_MEM:BAM_SORT_SAMTOOLS:BAM_STATS_SAMTOOLS:SAMTOOLS_FLAGSTAT,1702244148000,1702244163000,2,134.4,,1073741824.0,,,0.006976127083333334,0.006976127083333334,0.0,251.77,
496,NFCORE_CHIPSEQ:CHIPSEQ:ALIGN_BWA_MEM:BAM_SORT_SAMTOOLS:BAM_STATS_SAMTOOLS:SAMTOOLS_IDXSTATS,1702244158000,1702244160000,2,47.9,,1073741824.0,,,0.00036679304774305557,0.00036679304774305557,0.0,251.77,
512,NFCORE_CHIPSEQ:CHIPSEQ:ALIGN_BWA_MEM:BAM_SORT_SAMTOOLS:SAMTOOLS_INDEX,1702244146000,1702244163000,2,143.4,,1073741824.0,,,0.008404506587673612,0.008404506587673612,0.0,251.77,
515,NFCORE_CHIPSEQ:CHIPSEQ:ALIGN_BWA_MEM:BAM_SORT_SAMTOOLS:BAM_STATS_SAMTOOLS:SAMTOOLS_FLAGSTAT,1702244148000,1702244163000,2,146.1,,1073741824.0,,,0.007547625313802083,0.007547625313802083,0.0,251.77,
519,NFCORE_CHIPSEQ:CHIPSEQ:ALIGN_BWA_MEM:BAM_SORT_SAMTOOLS:SAMTOOLS_INDEX,1702244147000,1702244163000,2,139.5,,1073741824.0,,,0.00770692447638889,0.00770692447638889,0.0,251.77,
297,NFCORE_CHIPSEQ:CHIPSEQ:ALIGN_BWA_MEM:BWA_MEM,1702243684000,1702244163000,10,1010.6,,34359738368.0,,,1.9965661681567715,1.9965661681567715,0.0,251.77,
522,NFCORE_CHIPSEQ:CHIPSEQ:ALIGN_BWA_MEM:BAM_SORT_SAMTOOLS:BAM_STATS_SAMTOOLS:SAMTOOLS_IDXSTATS,1702244167000,1702244168000,2,60.4,,1073741824.0,,,0.00022410152604166668,0.00022410152604166668,0.0,251.77,
525,NFCORE_CHIPSEQ:CHIPSEQ:ALIGN_BWA_MEM:BAM_SORT_SAMTOOLS:SAMTOOLS_INDEX,1702244158000,1702244172000,2,143.1,,1073741824.0,,,0.006907681485590278,0.006907681485590278,0.0,251.77,
355,NFCORE_CHIPSEQ:CHIPSEQ:ALIGN_BWA_MEM:BAM_SORT_SAMTOOLS:SAMTOOLS_SORT,1702244134000,1702244172000,6,427.3,,6374293504.0,,,0.05905995417434897,0.05905995417434897,0.0,251.77,
365,NFCORE_CHIPSEQ:CHIPSEQ:ALIGN_BWA_MEM:BAM_SORT_SAMTOOLS:SAMTOOLS_SORT,1702244125000,1702244168000,6,364.5,,6374293504.0,,,0.05803741774741754,0.05803741774741754,0.0,251.77,
509,NFCORE_CHIPSEQ:CHIPSEQ:ALIGN_BWA_MEM:BAM_SORT_SAMTOOLS:BAM_STATS_SAMTOOLS:SAMTOOLS_IDXSTATS,1702244174000,1702244176000,2,104.9,,1073741824.0,,,0.0007380226675347222,0.0007380226675347222,0.0,251.77,
490,NFCORE_CHIPSEQ:CHIPSEQ:ALIGN_BWA_MEM:BAM_SORT_SAMTOOLS:BAM_STATS_SAMTOOLS:SAMTOOLS_STATS,1702244133000,1702244176000,2,132.1,,1073741824.0,,,0.01967617299505208,0.01967617299505208,0.0,251.77,
503,NFCORE_CHIPSEQ:CHIPSEQ:ALIGN_BWA_MEM:BAM_SORT_SAMTOOLS:BAM_STATS_SAMTOOLS:SAMTOOLS_STATS,1702244138000,1702244182000,2,133.8,,1073741824.0,,,0.020377337146527782,0.020377337146527782,0.0,251.77,
523,NFCORE_CHIPSEQ:CHIPSEQ:ALIGN_BWA_MEM:BAM_SORT_SAMTOOLS:SAMTOOLS_INDEX,1702244159000,1702244182000,2,129.4,,1073741824.0,,,0.010322242174479168,0.010322242174479168,0.0,251.77,
532,NFCORE_CHIPSEQ:CHIPSEQ:ALIGN_BWA_MEM:BAM_SORT_SAMTOOLS:SAMTOOLS_INDEX,1702244164000,1702244184000,2,104.8,,1073741824.0,,,0.007373713875,0.007373713875,0.0,251.77,
543,NFCORE_CHIPSEQ:CHIPSEQ:ALIGN_BWA_MEM:BAM_SORT_SAMTOOLS:BAM_STATS_SAMTOOLS:SAMTOOLS_FLAGSTAT,1702244179000,1702244188000,2,155.3,,1073741824.0,,,0.004798205122656251,0.004798205122656251,0.0,251.77,
294,NFCORE_CHIPSEQ:CHIPSEQ:ALIGN_BWA_MEM:BWA_MEM,1702243666000,1702244187000,10,1008.6,,34359738368.0,,,2.1682372560914933,2.1682372560914933,0.0,251.77,
349,NFCORE_CHIPSEQ:CHIPSEQ:ALIGN_BWA_MEM:BAM_SORT_SAMTOOLS:SAMTOOLS_SORT,1702244136000,1702244184000,6,348.0,,6374293504.0,,,0.06220688575729167,0.06220688575729167,0.0,251.77,
350,NFCORE_CHIPSEQ:CHIPSEQ:ALIGN_BWA_MEM:BAM_SORT_SAMTOOLS:SAMTOOLS_SORT,1702244133000,1702244184000,6,340.9,,6374293504.0,,,0.06491567361425782,0.06491567361425782,0.0,251.77,
483,NFCORE_CHIPSEQ:CHIPSEQ:ALIGN_BWA_MEM:BAM_SORT_SAMTOOLS:BAM_STATS_SAMTOOLS:SAMTOOLS_STATS,1702244140000,1702244189000,2,135.2,,1073741824.0,,,0.02291633269236111,0.02291633269236111,0.0,251.77,
508,NFCORE_CHIPSEQ:CHIPSEQ:ALIGN_BWA_MEM:BAM_SORT_SAMTOOLS:BAM_STATS_SAMTOOLS:SAMTOOLS_FLAGSTAT,1702244173000,1702244187000,2,150.6,,1073741824.0,,,0.007249603503819444,0.007249603503819444,0.0,251.77,
517,NFCORE_CHIPSEQ:CHIPSEQ:ALIGN_BWA_MEM:BAM_SORT_SAMTOOLS:BAM_STATS_SAMTOOLS:SAMTOOLS_STATS,1702244148000,1702244190000,2,132.9,,1073741824.0,,,0.019328002622395837,0.019328002622395837,0.0,251.77,
520,NFCORE_CHIPSEQ:CHIPSEQ:ALIGN_BWA_MEM:BAM_SORT_SAMTOOLS:BAM_STATS_SAMTOOLS:SAMTOOLS_FLAGSTAT,1702244172000,1702244189000,2,145.1,,1073741824.0,,,0.008498616552690972,0.008498616552690972,0.0,251.77,
524,NFCORE_CHIPSEQ:CHIPSEQ:ALIGN_BWA_MEM:BAM_SORT_SAMTOOLS:SAMTOOLS_INDEX,1702244167000,1702244189000,2,124.6,,1073741824.0,,,0.009529573178125,0.009529573178125,0.0,251.77,
538,NFCORE_CHIPSEQ:CHIPSEQ:ALIGN_BWA_MEM:BAM_SORT_SAMTOOLS:BAM_STATS_SAMTOOLS:SAMTOOLS_IDXSTATS,1702244186000,1702244189000,2,53.9,,1073741824.0,,,0.0006088047747395835,0.0006088047747395835,0.0,251.77,
542,NFCORE_CHIPSEQ:CHIPSEQ:ALIGN_BWA_MEM:BAM_SORT_SAMTOOLS:BAM_STATS_SAMTOOLS:SAMTOOLS_IDXSTATS,1702244191000,1702244192000,2,99.2,,1073741824.0,,,0.0003504498527777778,0.0003504498527777778,0.0,251.77,
544,NFCORE_CHIPSEQ:CHIPSEQ:ALIGN_BWA_MEM:BAM_SORT_SAMTOOLS:SAMTOOLS_INDEX,1702244178000,1702244192000,2,122.4,,1073741824.0,,,0.005963976715277778,0.005963976715277778,0.0,251.77,
356,NFCORE_CHIPSEQ:CHIPSEQ:ALIGN_BWA_MEM:BAM_SORT_SAMTOOLS:SAMTOOLS_SORT,1702244157000,1702244192000,6,427.9,,6374293504.0,,,0.05446571061686197,0.05446571061686197,0.0,251.77,
357,NFCORE_CHIPSEQ:CHIPSEQ:ALIGN_BWA_MEM:BAM_SORT_SAMTOOLS:SAMTOOLS_SORT,1702244147000,1702244192000,6,362.3,,6374293504.0,,,0.06041444890917969,0.06041444890917969,0.0,251.77,
358,NFCORE_CHIPSEQ:CHIPSEQ:ALIGN_BWA_MEM:BAM_SORT_SAMTOOLS:SAMTOOLS_SORT,1702244141000,1702244190000,6,321.9,,6374293504.0,,,0.05933825236187066,0.05933825236187066,0.0,251.77,
359,NFCORE_CHIPSEQ:CHIPSEQ:ALIGN_BWA_MEM:BAM_SORT_SAMTOOLS:SAMTOOLS_SORT,1702244148000,1702244191000,6,369.6,,6374293504.0,,,0.05875154630549046,0.05875154630549046,0.0,251.77,
360,NFCORE_CHIPSEQ:CHIPSEQ:ALIGN_BWA_MEM:BAM_SORT_SAMTOOLS:SAMTOOLS_SORT,1702244140000,1702244191000,6,319.9,,6374293504.0,,,0.061428069028320306,0.061428069028320306,0.0,251.77,
364,NFCORE_CHIPSEQ:CHIPSEQ:ALIGN_BWA_MEM:BAM_SORT_SAMTOOLS:SAMTOOLS_SORT,1702244151000,1702244190000,6,403.5,,6374293504.0,,,0.05759157285358074,0.05759157285358074,0.0,251.77,
367,NFCORE_CHIPSEQ:CHIPSEQ:ALIGN_BWA_MEM:BAM_SORT_SAMTOOLS:SAMTOOLS_SORT,1702244163000,1702244207000,6,359.8,,6374293504.0,,,0.05871370158098959,0.05871370158098959,0.0,251.77,
498,NFCORE_CHIPSEQ:CHIPSEQ:ALIGN_BWA_MEM:BAM_SORT_SAMTOOLS:BAM_STATS_SAMTOOLS:SAMTOOLS_STATS,1702244158000,1702244207000,2,136.0,,1073741824.0,,,0.023043983579166663,0.023043983579166663,0.0,251.77,
510,NFCORE_CHIPSEQ:CHIPSEQ:ALIGN_BWA_MEM:BAM_SORT_SAMTOOLS:BAM_STATS_SAMTOOLS:SAMTOOLS_STATS,1702244160000,1702244207000,2,134.5,,1073741824.0,,,0.021873836608593752,0.021873836608593752,0.0,251.77,
514,NFCORE_CHIPSEQ:CHIPSEQ:ALIGN_BWA_MEM:BAM_SORT_SAMTOOLS:BAM_STATS_SAMTOOLS:SAMTOOLS_STATS,1702244166000,1702244210000,2,134.3,,1073741824.0,,,0.020448977950347225,0.020448977950347225,0.0,251.77,
533,NFCORE_CHIPSEQ:CHIPSEQ:ALIGN_BWA_MEM:BAM_SORT_SAMTOOLS:SAMTOOLS_INDEX,1702244190000,1702244207000,2,153.6,,1073741824.0,,,0.008969166377777778,0.008969166377777778,0.0,251.77,
534,NFCORE_CHIPSEQ:CHIPSEQ:ALIGN_BWA_MEM:BAM_SORT_SAMTOOLS:BAM_STATS_SAMTOOLS:SAMTOOLS_FLAGSTAT,1702244194000,1702244215000,2,144.2,,1073741824.0,,,0.010436745072395833,0.010436745072395833,0.0,251.77,
539,NFCORE_CHIPSEQ:CHIPSEQ:ALIGN_BWA_MEM:BAM_SORT_SAMTOOLS:BAM_STATS_SAMTOOLS:SAMTOOLS_FLAGSTAT,1702244192000,1702244208000,2,151.5,,1073741824.0,,,0.008332153309722222,0.008332153309722222,0.0,251.77,
545,NFCORE_CHIPSEQ:CHIPSEQ:ALIGN_BWA_MEM:BAM_SORT_SAMTOOLS:SAMTOOLS_INDEX,1702244193000,1702244215000,2,143.6,,1073741824.0,,,0.010890748450694447,0.010890748450694447,0.0,251.77,
559,NFCORE_CHIPSEQ:CHIPSEQ:ALIGN_BWA_MEM:BAM_SORT_SAMTOOLS:BAM_STATS_SAMTOOLS:SAMTOOLS_IDXSTATS,1702244198000,1702244207000,2,76.2,,1073741824.0,,,0.0024799738390625004,0.0024799738390625004,0.0,251.77,
361,NFCORE_CHIPSEQ:CHIPSEQ:ALIGN_BWA_MEM:BAM_SORT_SAMTOOLS:SAMTOOLS_SORT,1702244166000,1702244208000,6,428.6,,6374293504.0,,,0.06545459090533856,0.06545459090533856,0.0,251.77,
362,NFCORE_CHIPSEQ:CHIPSEQ:ALIGN_BWA_MEM:BAM_SORT_SAMTOOLS:SAMTOOLS_SORT,1702244160000,1702244207000,6,344.5,,6374293504.0,,,0.06037523114212239,0.06037523114212239,0.0,251.77,
366,NFCORE_CHIPSEQ:CHIPSEQ:ALIGN_BWA_MEM:BAM_SORT_SAMTOOLS:SAMTOOLS_SORT,1702244166000,1702244208000,6,403.2,,6374293504.0,,,0.061980663200130216,0.061980663200130216,0.0,251.77,
368,NFCORE_CHIPSEQ:CHIPSEQ:ALIGN_BWA_MEM:BAM_SORT_SAMTOOLS:SAMTOOLS_SORT,1702244174000,1702244214000,6,420.0,,6374293504.0,,,0.061217503964409725,0.061217503964409725,0.0,251.77,
363,NFCORE_CHIPSEQ:CHIPSEQ:ALIGN_BWA_MEM:BAM_SORT_SAMTOOLS:SAMTOOLS_SORT,1702244172000,1702244220000,6,331.3,,6374293504.0,,,0.059596555378125,0.059596555378125,0.0,251.77,
561,NFCORE_CHIPSEQ:CHIPSEQ:ALIGN_BWA_MEM:BAM_SORT_SAMTOOLS:SAMTOOLS_INDEX,1702244214000,1702244231000,2,131.4,,1073741824.0,,,0.007740200952256945,0.007740200952256945,0.0,251.77,
371,NFCORE_CHIPSEQ:CHIPSEQ:ALIGN_BWA_MEM:BAM_SORT_SAMTOOLS:SAMTOOLS_SORT,1702244189000,1702244233000,6,351.9,,6374293504.0,,,0.05758177688064237,0.05758177688064237,0.0,251.77,
374,NFCORE_CHIPSEQ:CHIPSEQ:ALIGN_BWA_MEM:BAM_SORT_SAMTOOLS:SAMTOOLS_SORT,1702244189000,1702244233000,6,405.1,,6374293504.0,,,0.06520435840703126,0.06520435840703126,0.0,251.77,
537,NFCORE_CHIPSEQ:CHIPSEQ:ALIGN_BWA_MEM:BAM_SORT_SAMTOOLS:BAM_STATS_SAMTOOLS:SAMTOOLS_STATS,1702244186000,1702244235000,2,135.8,,1073741824.0,,,0.023012070857465282,0.023012070857465282,0.0,251.77,
541,NFCORE_CHIPSEQ:CHIPSEQ:ALIGN_BWA_MEM:BAM_SORT_SAMTOOLS:BAM_STATS_SAMTOOLS:SAMTOOLS_STATS,1702244191000,1702244235000,2,135.4,,1073741824.0,,,0.020606587718750003,0.020606587718750003,0.0,251.77,
553,NFCORE_CHIPSEQ:CHIPSEQ:ALIGN_BWA_MEM:BAM_SORT_SAMTOOLS:SAMTOOLS_INDEX,1702244215000,1702244233000,2,111.1,,1073741824.0,,,0.0070056182671874995,0.0070056182671874995,0.0,251.77,
554,NFCORE_CHIPSEQ:CHIPSEQ:ALIGN_BWA_MEM:BAM_SORT_SAMTOOLS:SAMTOOLS_INDEX,1702244215000,1702244233000,2,160.4,,1073741824.0,,,0.009895347781250003,0.009895347781250003,0.0,251.77,
562,NFCORE_CHIPSEQ:CHIPSEQ:ALIGN_BWA_MEM:BAM_SORT_SAMTOOLS:SAMTOOLS_INDEX,1702244214000,1702244235000,2,126.4,,1073741824.0,,,0.009219502687500002,0.009219502687500002,0.0,251.77,
564,NFCORE_CHIPSEQ:CHIPSEQ:ALIGN_BWA_MEM:BAM_SORT_SAMTOOLS:SAMTOOLS_INDEX,1702244214000,1702244235000,2,124.6,,1073741824.0,,,0.009096410760937501,0.009096410760937501,0.0,251.77,
565,NFCORE_CHIPSEQ:CHIPSEQ:ALIGN_BWA_MEM:BAM_SORT_SAMTOOLS:SAMTOOLS_INDEX,1702244220000,1702244237000,2,130.7,,1073741824.0,,,0.0077014497901909725,0.0077014497901909725,0.0,251.77,
566,NFCORE_CHIPSEQ:CHIPSEQ:ALIGN_BWA_MEM:BAM_SORT_SAMTOOLS:SAMTOOLS_INDEX,1702244219000,1702244234000,2,161.4,,1073741824.0,,,0.008294969153645835,0.008294969153645835,0.0,251.77,
567,NFCORE_CHIPSEQ:CHIPSEQ:ALIGN_BWA_MEM:BAM_SORT_SAMTOOLS:SAMTOOLS_INDEX,1702244214000,1702244233000,2,113.7,,1073741824.0,,,0.00755568545060764,0.00755568545060764,0.0,251.77,
369,NFCORE_CHIPSEQ:CHIPSEQ:ALIGN_BWA_MEM:BAM_SORT_SAMTOOLS:SAMTOOLS_SORT,1702244192000,1702244235000,6,359.2,,6374293504.0,,,0.057295284147851566,0.057295284147851566,0.0,251.77,
370,NFCORE_CHIPSEQ:CHIPSEQ:ALIGN_BWA_MEM:BAM_SORT_SAMTOOLS:SAMTOOLS_SORT,1702244196000,1702244236000,6,348.7,,6374293504.0,,,0.05193025066927084,0.05193025066927084,0.0,251.77,
373,NFCORE_CHIPSEQ:CHIPSEQ:ALIGN_BWA_MEM:BAM_SORT_SAMTOOLS:SAMTOOLS_SORT,1702244193000,1702244235000,6,367.1,,6374293504.0,,,0.05704330925690105,0.05704330925690105,0.0,251.77,
377,NFCORE_CHIPSEQ:CHIPSEQ:ALIGN_BWA_MEM:BAM_SORT_SAMTOOLS:SAMTOOLS_SORT,1702244196000,1702244236000,6,347.3,,6374293504.0,,,0.05174789225954862,0.05174789225954862,0.0,251.77,
379,NFCORE_CHIPSEQ:CHIPSEQ:ALIGN_BWA_MEM:BAM_SORT_SAMTOOLS:SAMTOOLS_SORT,1702244194000,1702244237000,6,364.1,,6374293504.0,,,0.057981407664431425,0.057981407664431425,0.0,251.77,
521,NFCORE_CHIPSEQ:CHIPSEQ:ALIGN_BWA_MEM:BAM_SORT_SAMTOOLS:BAM_STATS_SAMTOOLS:SAMTOOLS_STATS,1702244194000,1702244239000,2,134.5,,1073741824.0,,,0.020943035050781253,0.020943035050781253,0.0,251.77,
558,NFCORE_CHIPSEQ:CHIPSEQ:ALIGN_BWA_MEM:BAM_SORT_SAMTOOLS:BAM_STATS_SAMTOOLS:SAMTOOLS_STATS,1702244198000,1702244241000,2,134.1,,1073741824.0,,,0.019956223409982644,0.019956223409982644,0.0,251.77,
372,NFCORE_CHIPSEQ:CHIPSEQ:ALIGN_BWA_MEM:BAM_SORT_SAMTOOLS:SAMTOOLS_SORT,1702244196000,1702244240000,6,332.9,,6374293504.0,,,0.054859426335503475,0.054859426335503475,0.0,251.77,
375,NFCORE_CHIPSEQ:CHIPSEQ:ALIGN_BWA_MEM:BAM_SORT_SAMTOOLS:SAMTOOLS_SORT,1702244195000,1702244241000,6,326.7,,6374293504.0,,,0.056424311293967015,0.056424311293967015,0.0,251.77,
376,NFCORE_CHIPSEQ:CHIPSEQ:ALIGN_BWA_MEM:BAM_SORT_SAMTOOLS:SAMTOOLS_SORT,1702244194000,1702244240000,6,327.4,,6374293504.0,,,0.056529167379557294,0.056529167379557294,0.0,251.77,
563,NFCORE_CHIPSEQ:CHIPSEQ:ALIGN_BWA_MEM:BAM_SORT_SAMTOOLS:SAMTOOLS_INDEX,1702244238000,1702244251000,2,170.5,,1073741824.0,,,0.0075742054070312495,0.0075742054070312495,0.0,251.77,
578,NFCORE_CHIPSEQ:CHIPSEQ:ALIGN_BWA_MEM:BAM_SORT_SAMTOOLS:SAMTOOLS_INDEX,1702244240000,1702244253000,2,140.5,,1073741824.0,,,0.006304209339322916,0.006304209339322916,0.0,251.77,
582,NFCORE_CHIPSEQ:CHIPSEQ:ALIGN_BWA_MEM:BAM_SORT_SAMTOOLS:SAMTOOLS_INDEX,1702244238000,1702244257000,2,118.6,,1073741824.0,,,0.007858856306770834,0.007858856306770834,0.0,251.77,
583,NFCORE_CHIPSEQ:CHIPSEQ:ALIGN_BWA_MEM:BAM_SORT_SAMTOOLS:SAMTOOLS_INDEX,1702244238000,1702244257000,2,117.4,,1073741824.0,,,0.007784610382812501,0.007784610382812501,0.0,251.77,
378,NFCORE_CHIPSEQ:CHIPSEQ:ALIGN_BWA_MEM:BAM_SORT_SAMTOOLS:SAMTOOLS_SORT,1702244214000,1702244258000,6,313.4,,6374293504.0,,,0.052065434986545145,0.052065434986545145,0.0,251.77,
380,NFCORE_CHIPSEQ:CHIPSEQ:ALIGN_BWA_MEM:BAM_SORT_SAMTOOLS:SAMTOOLS_SORT,1702244214000,1702244260000,6,314.9,,6374293504.0,,,0.05465673727973091,0.05465673727973091,0.0,251.77,
381,NFCORE_CHIPSEQ:CHIPSEQ:ALIGN_BWA_MEM:BAM_SORT_SAMTOOLS:SAMTOOLS_SORT,1702244214000,1702244260000,6,310.8,,6374293504.0,,,0.05404258020698786,0.05404258020698786,0.0,251.77,
385,NFCORE_CHIPSEQ:CHIPSEQ:ALIGN_BWA_MEM:BAM_SORT_SAMTOOLS:SAMTOOLS_SORT,1702244214000,1702244257000,6,312.9,,6374293504.0,,,0.0508121170422092,0.0508121170422092,0.0,251.77,
387,NFCORE_CHIPSEQ:CHIPSEQ:ALIGN_BWA_MEM:BAM_SORT_SAMTOOLS:SAMTOOLS_SORT,1702244218000,1702244258000,6,361.1,,6374293504.0,,,0.05354542515538195,0.05354542515538195,0.0,251.77,
550,NFCORE_CHIPSEQ:CHIPSEQ:ALIGN_BWA_MEM:BAM_SORT_SAMTOOLS:BAM_STATS_SAMTOOLS:SAMTOOLS_IDXSTATS,1702244261000,1702244261000,2,99.2,,1073741824.0,,,0.0,0.0,0.0,251.77,
560,NFCORE_CHIPSEQ:CHIPSEQ:ALIGN_BWA_MEM:BAM_SORT_SAMTOOLS:BAM_STATS_SAMTOOLS:SAMTOOLS_FLAGSTAT,1702244239000,1702244256000,2,143.6,,1073741824.0,,,0.00841557834826389,0.00841557834826389,0.0,251.77,
574,NFCORE_CHIPSEQ:CHIPSEQ:ALIGN_BWA_MEM:BAM_SORT_SAMTOOLS:SAMTOOLS_INDEX,1702244241000,1702244258000,2,138.7,,1073741824.0,,,0.008144320213802084,0.008144320213802084,0.0,251.77,
575,NFCORE_CHIPSEQ:CHIPSEQ:ALIGN_BWA_MEM:BAM_SORT_SAMTOOLS:SAMTOOLS_INDEX,1702244237000,1702244257000,2,160.3,,1073741824.0,,,0.010988318067708336,0.010988318067708336,0.0,251.77,
576,NFCORE_CHIPSEQ:CHIPSEQ:ALIGN_BWA_MEM:BAM_SORT_SAMTOOLS:SAMTOOLS_INDEX,1702244240000,1702244258000,2,150.6,,1073741824.0,,,0.009320918790625,0.009320918790625,0.0,251.77,
577,NFCORE_CHIPSEQ:CHIPSEQ:ALIGN_BWA_MEM:BAM_SORT_SAMTOOLS:SAMTOOLS_INDEX,1702244235000,1702244256000,2,165.8,,1073741824.0,,,0.011913848191145835,0.011913848191145835,0.0,251.77,
607,NFCORE_CHIPSEQ:CHIPSEQ:ALIGN_BWA_MEM:BAM_SORT_SAMTOOLS:SAMTOOLS_INDEX,1702244244000,1702244265000,2,83.1,,1073741824.0,,,0.006258458009635417,0.006258458009635417,0.0,251.77,
609,NFCORE_CHIPSEQ:CHIPSEQ:ALIGN_BWA_MEM:BAM_SORT_SAMTOOLS:SAMTOOLS_INDEX,1702244244000,1702244266000,2,115.9,,1073741824.0,,,0.008906298184895835,0.008906298184895835,0.0,251.77,
610,NFCORE_CHIPSEQ:CHIPSEQ:ALIGN_BWA_MEM:BAM_SORT_SAMTOOLS:SAMTOOLS_INDEX,1702244255000,1702244269000,2,118.7,,1073741824.0,,,0.005795295186284723,0.005795295186284723,0.0,251.77,
611,NFCORE_CHIPSEQ:CHIPSEQ:ALIGN_BWA_MEM:BAM_SORT_SAMTOOLS:SAMTOOLS_INDEX,1702244261000,1702244275000,2,157.2,,1073741824.0,,,0.00755049487986111,0.00755049487986111,0.0,251.77,
612,NFCORE_CHIPSEQ:CHIPSEQ:ALIGN_BWA_MEM:BAM_SORT_SAMTOOLS:SAMTOOLS_INDEX,1702244256000,1702244269000,2,117.0,,1073741824.0,,,0.005309379086284723,0.005309379086284723,0.0,251.77,
382,NFCORE_CHIPSEQ:CHIPSEQ:ALIGN_BWA_MEM:BAM_SORT_SAMTOOLS:SAMTOOLS_SORT,1702244224000,1702244266000,6,369.8,,6374293504.0,,,0.057412585036588554,0.057412585036588554,0.0,251.77,
556,NFCORE_CHIPSEQ:CHIPSEQ:ALIGN_BWA_MEM:BAM_SORT_SAMTOOLS:BAM_STATS_SAMTOOLS:SAMTOOLS_IDXSTATS,1702244269000,1702244270000,2,98.5,,1073741824.0,,,0.00034817037265625,0.00034817037265625,0.0,251.77,
605,NFCORE_CHIPSEQ:CHIPSEQ:ALIGN_BWA_MEM:BAM_SORT_SAMTOOLS:SAMTOOLS_INDEX,1702244260000,1702244275000,2,151.3,,1073741824.0,,,0.007801624527343751,0.007801624527343751,0.0,251.77,
606,NFCORE_CHIPSEQ:CHIPSEQ:ALIGN_BWA_MEM:BAM_SORT_SAMTOOLS:SAMTOOLS_INDEX,1702244262000,1702244274000,2,144.9,,1073741824.0,,,0.005991208088541667,0.005991208088541667,0.0,251.77,
608,NFCORE_CHIPSEQ:CHIPSEQ:ALIGN_BWA_MEM:BAM_SORT_SAMTOOLS:SAMTOOLS_INDEX,1702244262000,1702244274000,2,159.3,,1073741824.0,,,0.006553914038541668,0.006553914038541668,0.0,251.77,
625,NFCORE_CHIPSEQ:CHIPSEQ:ALIGN_BWA_MEM:BAM_SORT_SAMTOOLS:SAMTOOLS_INDEX,1702244266000,1702244279000,2,134.1,,1073741824.0,,,0.006033276844878472,0.006033276844878472,0.0,251.77,
640,NFCORE_CHIPSEQ:CHIPSEQ:ALIGN_BWA_MEM:BAM_SORT_SAMTOOLS:BAM_STATS_SAMTOOLS:SAMTOOLS_IDXSTATS,1702244278000,1702244279000,2,96.4,,1073741824.0,,,0.0003413319322916667,0.0003413319322916667,0.0,251.77,
384,NFCORE_CHIPSEQ:CHIPSEQ:ALIGN_BWA_MEM:BAM_SORT_SAMTOOLS:SAMTOOLS_SORT,1702244241000,1702244280000,6,360.1,,6374293504.0,,,0.05207978991972656,0.05207978991972656,0.0,251.77,
386,NFCORE_CHIPSEQ:CHIPSEQ:ALIGN_BWA_MEM:BAM_SORT_SAMTOOLS:SAMTOOLS_SORT,1702244239000,1702244279000,6,345.1,,6374293504.0,,,0.05146132904427085,0.05146132904427085,0.0,251.77,
389,NFCORE_CHIPSEQ:CHIPSEQ:ALIGN_BWA_MEM:BAM_SORT_SAMTOOLS:SAMTOOLS_SORT,1702244240000,1702244280000,6,381.8,,6374293504.0,,,0.05624172449913195,0.05624172449913195,0.0,251.77,
390,NFCORE_CHIPSEQ:CHIPSEQ:ALIGN_BWA_MEM:BAM_SORT_SAMTOOLS:SAMTOOLS_SORT,1702244240000,1702244280000,6,343.7,,6374293504.0,,,0.05127897063454861,0.05127897063454861,0.0,251.77,
393,NFCORE_CHIPSEQ:CHIPSEQ:ALIGN_BWA_MEM:BAM_SORT_SAMTOOLS:SAMTOOLS_SORT,1702244239000,1702244278000,6,335.4,,6374293504.0,,,0.048942899632486984,0.048942899632486984,0.0,251.77,
394,NFCORE_CHIPSEQ:CHIPSEQ:ALIGN_BWA_MEM:BAM_SORT_SAMTOOLS:SAMTOOLS_SORT,1702244244000,1702244277000,6,417.2,,6374293504.0,,,0.050203549394596356,0.050203549394596356,0.0,251.77,
535,NFCORE_CHIPSEQ:CHIPSEQ:ALIGN_BWA_MEM:BAM_SORT_SAMTOOLS:BAM_STATS_SAMTOOLS:SAMTOOLS_IDXSTATS,1702244273000,1702244280000,2,70.3,,1073741824.0,,,0.0017943792143229166,0.0017943792143229166,0.0,251.77,
548,NFCORE_CHIPSEQ:CHIPSEQ:ALIGN_BWA_MEM:BAM_SORT_SAMTOOLS:BAM_STATS_SAMTOOLS:SAMTOOLS_STATS,1702244240000,1702244282000,2,133.1,,1073741824.0,,,0.019355356383854168,0.019355356383854168,0.0,251.77,
549,NFCORE_CHIPSEQ:CHIPSEQ:ALIGN_BWA_MEM:BAM_SORT_SAMTOOLS:BAM_STATS_SAMTOOLS:SAMTOOLS_FLAGSTAT,1702244261000,1702244278000,2,145.5,,1073741824.0,,,0.008520760073871527,0.008520760073871527,0.0,251.77,
629,NFCORE_CHIPSEQ:CHIPSEQ:ALIGN_BWA_MEM:BAM_SORT_SAMTOOLS:SAMTOOLS_INDEX,1702244268000,1702244284000,2,103.6,,1073741824.0,,,0.005836448216666667,0.005836448216666667,0.0,251.77,
383,NFCORE_CHIPSEQ:CHIPSEQ:ALIGN_BWA_MEM:BAM_SORT_SAMTOOLS:SAMTOOLS_SORT,1702244238000,1702244281000,6,329.6,,6374293504.0,,,0.053150538006879355,0.053150538006879355,0.0,251.77,
388,NFCORE_CHIPSEQ:CHIPSEQ:ALIGN_BWA_MEM:BAM_SORT_SAMTOOLS:SAMTOOLS_SORT,1702244238000,1702244281000,6,323.5,,6374293504.0,,,0.05229638424134114,0.05229638424134114,0.0,251.77,
557,NFCORE_CHIPSEQ:CHIPSEQ:ALIGN_BWA_MEM:BAM_SORT_SAMTOOLS:BAM_STATS_SAMTOOLS:SAMTOOLS_FLAGSTAT,1702244272000,1702244286000,2,126.3,,1073741824.0,,,0.006141776164756944,0.006141776164756944,0.0,251.77,
627,NFCORE_CHIPSEQ:CHIPSEQ:ALIGN_BWA_MEM:BAM_SORT_SAMTOOLS:SAMTOOLS_INDEX,1702244278000,1702244286000,2,169.1,,1073741824.0,,,0.004624577799305556,0.004624577799305556,0.0,251.77,
391,NFCORE_CHIPSEQ:CHIPSEQ:ALIGN_BWA_MEM:BAM_SORT_SAMTOOLS:SAMTOOLS_SORT,1702244244000,1702244288000,6,324.0,,6374293504.0,,,0.053584220027517365,0.053584220027517365,0.0,251.77,
400,NFCORE_CHIPSEQ:CHIPSEQ:ALIGN_BWA_MEM:BAM_SORT_SAMTOOLS:SAMTOOLS_SORT,1702244244000,1702244288000,6,323.0,,6374293504.0,,,0.05344093841987848,0.05344093841987848,0.0,251.77,
626,NFCORE_CHIPSEQ:CHIPSEQ:ALIGN_BWA_MEM:BAM_SORT_SAMTOOLS:SAMTOOLS_INDEX,1702244278000,1702244295000,2,151.9,,1073741824.0,,,0.008875056412760417,0.008875056412760417,0.0,251.77,
657,NFCORE_CHIPSEQ:CHIPSEQ:ALIGN_BWA_MEM:BAM_SORT_SAMTOOLS:SAMTOOLS_INDEX,1702244283000,1702244293000,2,163.3,,1073741824.0,,,0.005591851039062501,0.005591851039062501,0.0,251.77,
392,NFCORE_CHIPSEQ:CHIPSEQ:ALIGN_BWA_MEM:BAM_SORT_SAMTOOLS:SAMTOOLS_SORT,1702244265000,1702244296000,6,389.9,,6374293504.0,,,0.044405018570421007,0.044405018570421007,0.0,251.77,
395,NFCORE_CHIPSEQ:CHIPSEQ:ALIGN_BWA_MEM:BAM_SORT_SAMTOOLS:SAMTOOLS_SORT,1702244269000,1702244297000,6,442.6,,6374293504.0,,,0.04491290280494792,0.04491290280494792,0.0,251.77,
401,NFCORE_CHIPSEQ:CHIPSEQ:ALIGN_BWA_MEM:BAM_SORT_SAMTOOLS:SAMTOOLS_SORT,1702244266000,1702244297000,6,409.1,,6374293504.0,,,0.04634322795375435,0.04634322795375435,0.0,251.77,
402,NFCORE_CHIPSEQ:CHIPSEQ:ALIGN_BWA_MEM:BAM_SORT_SAMTOOLS:SAMTOOLS_SORT,1702244266000,1702244296000,6,409.1,,6374293504.0,,,0.04484828511653647,0.04484828511653647,0.0,251.77,
528,NFCORE_CHIPSEQ:CHIPSEQ:ALIGN_BWA_MEM:BAM_SORT_SAMTOOLS:BAM_STATS_SAMTOOLS:SAMTOOLS_FLAGSTAT,1702244282000,1702244296000,2,149.8,,1073741824.0,,,0.007213131821875001,0.007213131821875001,0.0,251.77,
628,NFCORE_CHIPSEQ:CHIPSEQ:ALIGN_BWA_MEM:BAM_SORT_SAMTOOLS:SAMTOOLS_INDEX,1702244281000,1702244296000,2,163.2,,1073741824.0,,,0.008382891958333333,0.008382891958333333,0.0,251.77,
641,NFCORE_CHIPSEQ:CHIPSEQ:ALIGN_BWA_MEM:BAM_SORT_SAMTOOLS:BAM_STATS_SAMTOOLS:SAMTOOLS_FLAGSTAT,1702244278000,1702244298000,2,142.8,,1073741824.0,,,0.009848578006944447,0.009848578006944447,0.0,251.77,
672,NFCORE_CHIPSEQ:CHIPSEQ:ALIGN_BWA_MEM:BAM_SORT_SAMTOOLS:SAMTOOLS_INDEX,1702244286000,1702244298000,2,119.8,,1073741824.0,,,0.00501038035625,0.00501038035625,0.0,251.77,
396,NFCORE_CHIPSEQ:CHIPSEQ:ALIGN_BWA_MEM:BAM_SORT_SAMTOOLS:SAMTOOLS_SORT,1702244265000,1702244303000,6,345.0,,6374293504.0,,,0.04887588827139757,0.04887588827139757,0.0,251.77,
398,NFCORE_CHIPSEQ:CHIPSEQ:ALIGN_BWA_MEM:BAM_SORT_SAMTOOLS:SAMTOOLS_SORT,1702244266000,1702244300000,6,373.5,,6374293504.0,,,0.046886509695269106,0.046886509695269106,0.0,251.77,
551,NFCORE_CHIPSEQ:CHIPSEQ:ALIGN_BWA_MEM:BAM_SORT_SAMTOOLS:BAM_STATS_SAMTOOLS:SAMTOOLS_STATS,1702244260000,1702244305000,2,134.5,,1073741824.0,,,0.020943035050781253,0.020943035050781253,0.0,251.77,
670,NFCORE_CHIPSEQ:CHIPSEQ:ALIGN_BWA_MEM:BAM_SORT_SAMTOOLS:SAMTOOLS_INDEX,1702244295000,1702244307000,2,139.3,,1073741824.0,,,0.0057723779968750005,0.0057723779968750005,0.0,251.77,
673,NFCORE_CHIPSEQ:CHIPSEQ:ALIGN_BWA_MEM:BAM_SORT_SAMTOOLS:SAMTOOLS_INDEX,1702244289000,1702244305000,2,140.3,,1073741824.0,,,0.007748606398611112,0.007748606398611112,0.0,251.77,
675,NFCORE_CHIPSEQ:CHIPSEQ:ALIGN_BWA_MEM:BAM_SORT_SAMTOOLS:SAMTOOLS_INDEX,1702244287000,1702244306000,2,82.1,,1073741824.0,,,0.005600542786371529,0.005600542786371529,0.0,251.77,
546,NFCORE_CHIPSEQ:CHIPSEQ:ALIGN_BWA_MEM:BAM_SORT_SAMTOOLS:BAM_STATS_SAMTOOLS:SAMTOOLS_FLAGSTAT,1702244298000,1702244309000,2,149.1,,1073741824.0,,,0.005642386435850694,0.005642386435850694,0.0,251.77,
671,NFCORE_CHIPSEQ:CHIPSEQ:ALIGN_BWA_MEM:BAM_SORT_SAMTOOLS:SAMTOOLS_INDEX,1702244301000,1702244313000,2,152.9,,1073741824.0,,,0.006303822505208334,0.006303822505208334,0.0,251.77,
679,NFCORE_CHIPSEQ:CHIPSEQ:ALIGN_BWA_MEM:BAM_SORT_SAMTOOLS:SAMTOOLS_INDEX,1702244299000,1702244311000,2,155.2,,1073741824.0,,,0.00639369915,0.00639369915,0.0,251.77,
680,NFCORE_CHIPSEQ:CHIPSEQ:ALIGN_BWA_MEM:BAM_SORT_SAMTOOLS:SAMTOOLS_INDEX,1702244300000,1702244311000,2,158.6,,1073741824.0,,,0.005982680253993056,0.005982680253993056,0.0,251.77,
685,NFCORE_CHIPSEQ:CHIPSEQ:ALIGN_BWA_MEM:BAM_SORT_SAMTOOLS:SAMTOOLS_INDEX,1702244296000,1702244310000,2,105.5,,1073741824.0,,,0.005193512434201389,0.005193512434201389,0.0,251.77,
695,NFCORE_CHIPSEQ:CHIPSEQ:ALIGN_BWA_MEM:BAM_SORT_SAMTOOLS:SAMTOOLS_INDEX,1702244302000,1702244311000,2,155.9,,1073741824.0,,,0.004815789683593749,0.004815789683593749,0.0,251.77,
397,NFCORE_CHIPSEQ:CHIPSEQ:ALIGN_BWA_MEM:BAM_SORT_SAMTOOLS:SAMTOOLS_SORT,1702244283000,1702244312000,6,424.6,,6374293504.0,,,0.044817094157356775,0.044817094157356775,0.0,251.77,
399,NFCORE_CHIPSEQ:CHIPSEQ:ALIGN_BWA_MEM:BAM_SORT_SAMTOOLS:SAMTOOLS_SORT,1702244281000,1702244314000,6,392.1,,6374293504.0,,,0.04750627313079427,0.04750627313079427,0.0,251.77,
403,NFCORE_CHIPSEQ:CHIPSEQ:ALIGN_BWA_MEM:BAM_SORT_SAMTOOLS:SAMTOOLS_SORT,1702244283000,1702244314000,6,424.9,,6374293504.0,,,0.04793821275878907,0.04793821275878907,0.0,251.77,
405,NFCORE_CHIPSEQ:CHIPSEQ:ALIGN_BWA_MEM:BAM_SORT_SAMTOOLS:SAMTOOLS_SORT,1702244284000,1702244315000,6,400.1,,6374293504.0,,,0.04543469230531685,0.04543469230531685,0.0,251.77,
406,NFCORE_CHIPSEQ:CHIPSEQ:ALIGN_BWA_MEM:BAM_SORT_SAMTOOLS:SAMTOOLS_SORT,1702244283000,1702244315000,6,403.0,,6374293504.0,,,0.047202521477083335,0.047202521477083335,0.0,251.77,
409,NFCORE_CHIPSEQ:CHIPSEQ:ALIGN_BWA_MEM:BAM_SORT_SAMTOOLS:SAMTOOLS_SORT,1702244282000,1702244315000,6,393.9,,6374293504.0,,,0.047699703301106774,0.047699703301106774,0.0,251.77,
410,NFCORE_CHIPSEQ:CHIPSEQ:ALIGN_BWA_MEM:BAM_SORT_SAMTOOLS:SAMTOOLS_SORT,1702244284000,1702244315000,6,430.9,,6374293504.0,,,0.04854390319108073,0.04854390319108073,0.0,251.77,
527,NFCORE_CHIPSEQ:CHIPSEQ:ALIGN_BWA_MEM:BAM_SORT_SAMTOOLS:BAM_STATS_SAMTOOLS:SAMTOOLS_IDXSTATS,1702244316000,1702244317000,2,82.1,,1073741824.0,,,0.0002947654098090278,0.0002947654098090278,0.0,251.77,
547,NFCORE_CHIPSEQ:CHIPSEQ:ALIGN_BWA_MEM:BAM_SORT_SAMTOOLS:BAM_STATS_SAMTOOLS:SAMTOOLS_IDXSTATS,1702244312000,1702244312000,2,85.1,,1073741824.0,,,0.0,0.0,0.0,251.77,
555,NFCORE_CHIPSEQ:CHIPSEQ:ALIGN_BWA_MEM:BAM_SORT_SAMTOOLS:BAM_STATS_SAMTOOLS:SAMTOOLS_STATS,1702244272000,1702244315000,2,135.5,,1073741824.0,,,0.020152258700434033,0.020152258700434033,0.0,251.77,
591,NFCORE_CHIPSEQ:CHIPSEQ:ALIGN_BWA_MEM:BAM_SORT_SAMTOOLS:BAM_STATS_SAMTOOLS:SAMTOOLS_IDXSTATS,1702244315000,1702244316000,2,100.8,,1073741824.0,,,0.0003556600930555556,0.0003556600930555556,0.0,251.77,
684,NFCORE_CHIPSEQ:CHIPSEQ:ALIGN_BWA_MEM:BAM_SORT_SAMTOOLS:SAMTOOLS_INDEX,1702244308000,1702244318000,2,153.0,,1073741824.0,,,0.005256441821180556,0.005256441821180556,0.0,251.77,
693,NFCORE_CHIPSEQ:CHIPSEQ:ALIGN_BWA_MEM:BAM_SORT_SAMTOOLS:SAMTOOLS_INDEX,1702244314000,1702244321000,2,162.5,,1073741824.0,,,0.0038960598863715286,0.0038960598863715286,0.0,251.77,
694,NFCORE_CHIPSEQ:CHIPSEQ:ALIGN_BWA_MEM:BAM_SORT_SAMTOOLS:SAMTOOLS_INDEX,1702244311000,1702244320000,2,140.8,,1073741824.0,,,0.004373244900000001,0.004373244900000001,0.0,251.77,
702,NFCORE_CHIPSEQ:CHIPSEQ:ALIGN_BWA_MEM:BAM_SORT_SAMTOOLS:SAMTOOLS_INDEX,1702244310000,1702244324000,2,113.5,,1073741824.0,,,0.005558229253645833,0.005558229253645833,0.0,251.77,
703,NFCORE_CHIPSEQ:CHIPSEQ:ALIGN_BWA_MEM:BAM_SORT_SAMTOOLS:SAMTOOLS_INDEX,1702244311000,1702244320000,2,162.0,,1073741824.0,,,0.004994566053125001,0.004994566053125001,0.0,251.77,
404,NFCORE_CHIPSEQ:CHIPSEQ:ALIGN_BWA_MEM:BAM_SORT_SAMTOOLS:SAMTOOLS_SORT,1702244282000,1702244316000,6,393.0,,6374293504.0,,,0.04904550301037327,0.04904550301037327,0.0,251.77,
407,NFCORE_CHIPSEQ:CHIPSEQ:ALIGN_BWA_MEM:BAM_SORT_SAMTOOLS:SAMTOOLS_SORT,1702244306000,1702244324000,6,392.3,,6374293504.0,,,0.025924235657421878,0.025924235657421878,0.0,251.77,
411,NFCORE_CHIPSEQ:CHIPSEQ:ALIGN_BWA_MEM:BAM_SORT_SAMTOOLS:SAMTOOLS_SORT,1702244293000,1702244323000,6,412.9,,6374293504.0,,,0.045219514736328126,0.045219514736328126,0.0,251.77,
412,NFCORE_CHIPSEQ:CHIPSEQ:ALIGN_BWA_MEM:BAM_SORT_SAMTOOLS:SAMTOOLS_SORT,1702244293000,1702244323000,6,409.7,,6374293504.0,,,0.04490690031966146,0.04490690031966146,0.0,251.77,
413,NFCORE_CHIPSEQ:CHIPSEQ:ALIGN_BWA_MEM:BAM_SORT_SAMTOOLS:SAMTOOLS_SORT,1702244300000,1702244326000,6,403.4,,6374293504.0,,,0.038385915261935764,0.038385915261935764,0.0,251.77,
414,NFCORE_CHIPSEQ:CHIPSEQ:ALIGN_BWA_MEM:BAM_SORT_SAMTOOLS:SAMTOOLS_SORT,1702244300000,1702244326000,6,444.2,,6374293504.0,,,0.04184030456610243,0.04184030456610243,0.0,251.77,
419,NFCORE_CHIPSEQ:CHIPSEQ:ALIGN_BWA_MEM:BAM_SORT_SAMTOOLS:SAMTOOLS_SORT,1702244307000,1702244325000,6,461.3,,6374293504.0,,,0.029968684673046878,0.029968684673046878,0.0,251.77,
474,NFCORE_CHIPSEQ:CHIPSEQ:ALIGN_BWA_MEM:BAM_SORT_SAMTOOLS:SAMTOOLS_SORT,1702244306000,1702244324000,6,481.3,,6374293504.0,,,0.03114098873554688,0.03114098873554688,0.0,251.77,
573,NFCORE_CHIPSEQ:CHIPSEQ:ALIGN_BWA_MEM:BAM_SORT_SAMTOOLS:BAM_STATS_SAMTOOLS:SAMTOOLS_IDXSTATS,1702244326000,1702244326000,2,102.4,,1073741824.0,,,0.0,0.0,0.0,251.77,
595,NFCORE_CHIPSEQ:CHIPSEQ:ALIGN_BWA_MEM:BAM_SORT_SAMTOOLS:BAM_STATS_SAMTOOLS:SAMTOOLS_IDXSTATS,1702244329000,1702244330000,2,115.9,,1073741824.0,,,0.0004048317356770834,0.0004048317356770834,0.0,251.77,
597,NFCORE_CHIPSEQ:CHIPSEQ:ALIGN_BWA_MEM:BAM_SORT_SAMTOOLS:BAM_STATS_SAMTOOLS:SAMTOOLS_IDXSTATS,1702244327000,1702244328000,2,115.1,,1073741824.0,,,0.00040222661553819447,0.00040222661553819447,0.0,251.77,
601,NFCORE_CHIPSEQ:CHIPSEQ:ALIGN_BWA_MEM:BAM_SORT_SAMTOOLS:BAM_STATS_SAMTOOLS:SAMTOOLS_IDXSTATS,1702244327000,1702244327000,2,78.7,,1073741824.0,,,0.0,0.0,0.0,251.77,
615,NFCORE_CHIPSEQ:CHIPSEQ:ALIGN_BWA_MEM:BAM_SORT_SAMTOOLS:BAM_STATS_SAMTOOLS:SAMTOOLS_IDXSTATS,1702244330000,1702244331000,2,105.8,,1073741824.0,,,0.0003719420939236112,0.0003719420939236112,0.0,251.77,
638,NFCORE_CHIPSEQ:CHIPSEQ:ALIGN_BWA_MEM:BAM_SORT_SAMTOOLS:BAM_STATS_SAMTOOLS:SAMTOOLS_IDXSTATS,1702244329000,1702244330000,2,60.7,,1073741824.0,,,0.00022507844609375002,0.00022507844609375002,0.0,251.77,
639,NFCORE_CHIPSEQ:CHIPSEQ:ALIGN_BWA_MEM:BAM_SORT_SAMTOOLS:BAM_STATS_SAMTOOLS:SAMTOOLS_STATS,1702244282000,1702244324000,2,132.4,,1073741824.0,,,0.019259618218750003,0.019259618218750003,0.0,251.77,
643,NFCORE_CHIPSEQ:CHIPSEQ:ALIGN_BWA_MEM:BAM_SORT_SAMTOOLS:BAM_STATS_SAMTOOLS:SAMTOOLS_IDXSTATS,1702244328000,1702244329000,2,74.0,,1073741824.0,,,0.0002683885684027778,0.0002683885684027778,0.0,251.77,
674,NFCORE_CHIPSEQ:CHIPSEQ:ALIGN_BWA_MEM:BAM_SORT_SAMTOOLS:SAMTOOLS_INDEX,1702244316000,1702244324000,2,164.4,,1073741824.0,,,0.004502137152777779,0.004502137152777779,0.0,251.77,
692,NFCORE_CHIPSEQ:CHIPSEQ:ALIGN_BWA_MEM:BAM_SORT_SAMTOOLS:SAMTOOLS_INDEX,1702244316000,1702244325000,2,161.0,,1073741824.0,,,0.0049652584515625,0.0049652584515625,0.0,251.77,
728,NFCORE_CHIPSEQ:CHIPSEQ:ALIGN_BWA_MEM:BAM_SORT_SAMTOOLS:SAMTOOLS_INDEX,1702244323000,1702244331000,2,160.7,,1073741824.0,,,0.004405747707638889,0.004405747707638889,0.0,251.77,
729,NFCORE_CHIPSEQ:CHIPSEQ:ALIGN_BWA_MEM:BAM_SORT_SAMTOOLS:SAMTOOLS_INDEX,1702244328000,1702244336000,2,152.8,,1073741824.0,,,0.0041999432166666675,0.0041999432166666675,0.0,251.77,
730,NFCORE_CHIPSEQ:CHIPSEQ:ALIGN_BWA_MEM:BAM_SORT_SAMTOOLS:SAMTOOLS_INDEX,1702244320000,1702244330000,2,126.4,,1073741824.0,,,0.004390239375000001,0.004390239375000001,0.0,251.77,
731,NFCORE_CHIPSEQ:CHIPSEQ:ALIGN_BWA_MEM:BAM_SORT_SAMTOOLS:SAMTOOLS_INDEX,1702244324000,1702244332000,2,157.0,,1073741824.0,,,0.0043093582625,0.0043093582625,0.0,251.77,
732,NFCORE_CHIPSEQ:CHIPSEQ:ALIGN_BWA_MEM:BAM_SORT_SAMTOOLS:SAMTOOLS_INDEX,1702244318000,1702244326000,2,157.2,,1073741824.0,,,0.004314568502777778,0.004314568502777778,0.0,251.77,
733,NFCORE_CHIPSEQ:CHIPSEQ:ALIGN_BWA_MEM:BAM_SORT_SAMTOOLS:SAMTOOLS_INDEX,1702244327000,1702244336000,2,152.9,,1073741824.0,,,0.004727866878906251,0.004727866878906251,0.0,251.77,
734,NFCORE_CHIPSEQ:CHIPSEQ:ALIGN_BWA_MEM:BAM_SORT_SAMTOOLS:SAMTOOLS_INDEX,1702244321000,1702244330000,2,137.1,,1073741824.0,,,0.00426480677421875,0.00426480677421875,0.0,251.77,
408,NFCORE_CHIPSEQ:CHIPSEQ:ALIGN_BWA_MEM:BAM_SORT_SAMTOOLS:SAMTOOLS_SORT,1702244301000,1702244332000,6,369.7,,6374293504.0,,,0.042365860781705726,0.042365860781705726,0.0,251.77,
466,NFCORE_CHIPSEQ:CHIPSEQ:ALIGN_BWA_MEM:BAM_SORT_SAMTOOLS:SAMTOOLS_SORT,1702244318000,1702244334000,6,448.5,,6374293504.0,,,0.025971920064930556,0.025971920064930556,0.0,251.77,
481,NFCORE_CHIPSEQ:CHIPSEQ:ALIGN_BWA_MEM:BAM_SORT_SAMTOOLS:SAMTOOLS_SORT,1702244315000,1702244331000,6,463.9,,6374293504.0,,,0.02677429706770833,0.02677429706770833,0.0,251.77,
492,NFCORE_CHIPSEQ:CHIPSEQ:ALIGN_BWA_MEM:BAM_SORT_SAMTOOLS:SAMTOOLS_SORT,1702244318000,1702244332000,6,506.7,,6374293504.0,,,0.025378744918272567,0.025378744918272567,0.0,251.77,
506,NFCORE_CHIPSEQ:CHIPSEQ:ALIGN_BWA_MEM:BAM_SORT_SAMTOOLS:SAMTOOLS_SORT,1702244318000,1702244333000,6,469.0,,6374293504.0,,,0.02535001811425781,0.02535001811425781,0.0,251.77,
507,NFCORE_CHIPSEQ:CHIPSEQ:ALIGN_BWA_MEM:BAM_SORT_SAMTOOLS:SAMTOOLS_SORT,1702244319000,1702244334000,6,451.9,,6374293504.0,,,0.024514751469726564,0.024514751469726564,0.0,251.77,
511,NFCORE_CHIPSEQ:CHIPSEQ:ALIGN_BWA_MEM:BAM_SORT_SAMTOOLS:SAMTOOLS_SORT,1702244317000,1702244334000,6,456.1,,6374293504.0,,,0.028015891971419276,0.028015891971419276,0.0,251.77,
529,NFCORE_CHIPSEQ:CHIPSEQ:ALIGN_BWA_MEM:BAM_SORT_SAMTOOLS:BAM_STATS_SAMTOOLS:SAMTOOLS_IDXSTATS,1702244330000,1702244330000,2,36.9,,1073741824.0,,,0.0,0.0,0.0,251.77,
531,NFCORE_CHIPSEQ:CHIPSEQ:ALIGN_BWA_MEM:BAM_SORT_SAMTOOLS:BAM_STATS_SAMTOOLS:SAMTOOLS_FLAGSTAT,1702244329000,1702244339000,2,155.9,,1073741824.0,,,0.005350877426215278,0.005350877426215278,0.0,251.77,
540,NFCORE_CHIPSEQ:CHIPSEQ:ALIGN_BWA_MEM:BAM_SORT_SAMTOOLS:SAMTOOLS_SORT,1702244318000,1702244334000,6,450.0,,6374293504.0,,,0.026050073669097222,0.026050073669097222,0.0,251.77,
552,NFCORE_CHIPSEQ:CHIPSEQ:ALIGN_BWA_MEM:BAM_SORT_SAMTOOLS:SAMTOOLS_SORT,1702244318000,1702244332000,6,476.0,,6374293504.0,,,0.023979144123654518,0.023979144123654518,0.0,251.77,
569,NFCORE_CHIPSEQ:CHIPSEQ:ALIGN_BWA_MEM:BAM_SORT_SAMTOOLS:BAM_STATS_SAMTOOLS:SAMTOOLS_IDXSTATS,1702244335000,1702244336000,2,128.0,,1073741824.0,,,0.0004442341777777778,0.0004442341777777778,0.0,251.77,
571,NFCORE_CHIPSEQ:CHIPSEQ:ALIGN_BWA_MEM:BAM_SORT_SAMTOOLS:BAM_STATS_SAMTOOLS:SAMTOOLS_FLAGSTAT,1702244324000,1702244334000,2,150.5,,1073741824.0,,,0.005175031816840279,0.005175031816840279,0.0,251.77,
579,NFCORE_CHIPSEQ:CHIPSEQ:ALIGN_BWA_MEM:BAM_SORT_SAMTOOLS:BAM_STATS_SAMTOOLS:SAMTOOLS_IDXSTATS,1702244340000,1702244340000,2,93.7,,1073741824.0,,,0.0,0.0,0.0,251.77,
586,NFCORE_CHIPSEQ:CHIPSEQ:ALIGN_BWA_MEM:BAM_SORT_SAMTOOLS:BAM_STATS_SAMTOOLS:SAMTOOLS_IDXSTATS,1702244338000,1702244338000,2,102.4,,1073741824.0,,,0.0,0.0,0.0,251.77,
588,NFCORE_CHIPSEQ:CHIPSEQ:ALIGN_BWA_MEM:BAM_SORT_SAMTOOLS:BAM_STATS_SAMTOOLS:SAMTOOLS_IDXSTATS,1702244337000,1702244338000,2,69.6,,1073741824.0,,,0.00025406040763888886,0.00025406040763888886,0.0,251.77,
592,NFCORE_CHIPSEQ:CHIPSEQ:ALIGN_BWA_MEM:BAM_SORT_SAMTOOLS:BAM_STATS_SAMTOOLS:SAMTOOLS_FLAGSTAT,1702244327000,1702244337000,2,150.7,,1073741824.0,,,0.005181544617187501,0.005181544617187501,0.0,251.77,
593,NFCORE_CHIPSEQ:CHIPSEQ:ALIGN_BWA_MEM:BAM_SORT_SAMTOOLS:BAM_STATS_SAMTOOLS:SAMTOOLS_FLAGSTAT,1702244327000,1702244338000,2,144.2,,1073741824.0,,,0.005466866466493055,0.005466866466493055,0.0,251.77,
596,NFCORE_CHIPSEQ:CHIPSEQ:ALIGN_BWA_MEM:BAM_SORT_SAMTOOLS:BAM_STATS_SAMTOOLS:SAMTOOLS_FLAGSTAT,1702244327000,1702244338000,2,150.5,,1073741824.0,,,0.005692534998524307,0.005692534998524307,0.0,251.77,
600,NFCORE_CHIPSEQ:CHIPSEQ:ALIGN_BWA_MEM:BAM_SORT_SAMTOOLS:BAM_STATS_SAMTOOLS:SAMTOOLS_FLAGSTAT,1702244327000,1702244337000,2,148.8,,1073741824.0,,,0.005119673013888891,0.005119673013888891,0.0,251.77,
602,NFCORE_CHIPSEQ:CHIPSEQ:ALIGN_BWA_MEM:BAM_SORT_SAMTOOLS:BAM_STATS_SAMTOOLS:SAMTOOLS_IDXSTATS,1702244335000,1702244336000,2,101.6,,1073741824.0,,,0.00035826521319444444,0.00035826521319444444,0.0,251.77,
603,NFCORE_CHIPSEQ:CHIPSEQ:ALIGN_BWA_MEM:BAM_SORT_SAMTOOLS:BAM_STATS_SAMTOOLS:SAMTOOLS_FLAGSTAT,1702244335000,1702244346000,2,149.1,,1073741824.0,,,0.005642386435850694,0.005642386435850694,0.0,251.77,
614,NFCORE_CHIPSEQ:CHIPSEQ:ALIGN_BWA_MEM:BAM_SORT_SAMTOOLS:BAM_STATS_SAMTOOLS:SAMTOOLS_FLAGSTAT,1702244327000,1702244337000,2,150.8,,1073741824.0,,,0.005184801017361113,0.005184801017361113,0.0,251.77,
618,NFCORE_CHIPSEQ:CHIPSEQ:ALIGN_BWA_MEM:BAM_SORT_SAMTOOLS:BAM_STATS_SAMTOOLS:SAMTOOLS_IDXSTATS,1702244338000,1702244339000,2,125.0,,1073741824.0,,,0.00043446497725694444,0.00043446497725694444,0.0,251.77,
619,NFCORE_CHIPSEQ:CHIPSEQ:ALIGN_BWA_MEM:BAM_SORT_SAMTOOLS:BAM_STATS_SAMTOOLS:SAMTOOLS_IDXSTATS,1702244342000,1702244343000,2,81.4,,1073741824.0,,,0.00029248592968750004,0.00029248592968750004,0.0,251.77,
630,NFCORE_CHIPSEQ:CHIPSEQ:ALIGN_BWA_MEM:BAM_SORT_SAMTOOLS:BAM_STATS_SAMTOOLS:SAMTOOLS_IDXSTATS,1702244335000,1702244335000,2,59.6,,1073741824.0,,,0.0,0.0,0.0,251.77,
632,NFCORE_CHIPSEQ:CHIPSEQ:ALIGN_BWA_MEM:BAM_SORT_SAMTOOLS:BAM_STATS_SAMTOOLS:SAMTOOLS_FLAGSTAT,1702244335000,1702244344000,2,152.2,,1073741824.0,,,0.0047073515578125,0.0047073515578125,0.0,251.77,
633,NFCORE_CHIPSEQ:CHIPSEQ:ALIGN_BWA_MEM:BAM_SORT_SAMTOOLS:BAM_STATS_SAMTOOLS:SAMTOOLS_IDXSTATS,1702244341000,1702244342000,2,92.1,,1073741824.0,,,0.0003273294115451389,0.0003273294115451389,0.0,251.77,
636,NFCORE_CHIPSEQ:CHIPSEQ:ALIGN_BWA_MEM:BAM_SORT_SAMTOOLS:BAM_STATS_SAMTOOLS:SAMTOOLS_FLAGSTAT,1702244330000,1702244338000,2,154.2,,1073741824.0,,,0.004236414898611112,0.004236414898611112,0.0,251.77,
644,NFCORE_CHIPSEQ:CHIPSEQ:ALIGN_BWA_MEM:BAM_SORT_SAMTOOLS:BAM_STATS_SAMTOOLS:SAMTOOLS_FLAGSTAT,1702244328000,1702244338000,2,139.7,,1073741824.0,,,0.004823340598090278,0.004823340598090278,0.0,251.77,
645,NFCORE_CHIPSEQ:CHIPSEQ:ALIGN_BWA_MEM:BAM_SORT_SAMTOOLS:BAM_STATS_SAMTOOLS:SAMTOOLS_IDXSTATS,1702244335000,1702244335000,2,54.9,,1073741824.0,,,0.0,0.0,0.0,251.77,
647,NFCORE_CHIPSEQ:CHIPSEQ:ALIGN_BWA_MEM:BAM_SORT_SAMTOOLS:BAM_STATS_SAMTOOLS:SAMTOOLS_FLAGSTAT,1702244334000,1702244344000,2,148.0,,1073741824.0,,,0.005093621812500001,0.005093621812500001,0.0,251.77,
648,NFCORE_CHIPSEQ:CHIPSEQ:ALIGN_BWA_MEM:BAM_SORT_SAMTOOLS:BAM_STATS_SAMTOOLS:SAMTOOLS_IDXSTATS,1702244340000,1702244341000,2,94.8,,1073741824.0,,,0.0003361216920138889,0.0003361216920138889,0.0,251.77,
653,NFCORE_CHIPSEQ:CHIPSEQ:ALIGN_BWA_MEM:BAM_SORT_SAMTOOLS:BAM_STATS_SAMTOOLS:SAMTOOLS_IDXSTATS,1702244338000,1702244338000,2,55.3,,1073741824.0,,,0.0,0.0,0.0,251.77,
652,NFCORE_CHIPSEQ:CHIPSEQ:ALIGN_BWA_MEM:BAM_SORT_SAMTOOLS:BAM_STATS_SAMTOOLS:SAMTOOLS_FLAGSTAT,1702244339000,1702244349000,2,146.5,,1073741824.0,,,0.005044775809895835,0.005044775809895835,0.0,251.77,
658,NFCORE_CHIPSEQ:CHIPSEQ:ALIGN_BWA_MEM:BAM_SORT_SAMTOOLS:BAM_STATS_SAMTOOLS:SAMTOOLS_IDXSTATS,1702244338000,1702244340000,2,93.4,,1073741824.0,,,0.0006631254635416667,0.0006631254635416667,0.0,251.77,
659,NFCORE_CHIPSEQ:CHIPSEQ:ALIGN_BWA_MEM:BAM_SORT_SAMTOOLS:BAM_STATS_SAMTOOLS:SAMTOOLS_FLAGSTAT,1702244329000,1702244340000,2,146.6,,1073741824.0,,,0.00555283543107639,0.00555283543107639,0.0,251.77,
663,NFCORE_CHIPSEQ:CHIPSEQ:ALIGN_BWA_MEM:BAM_SORT_SAMTOOLS:BAM_STATS_SAMTOOLS:SAMTOOLS_IDXSTATS,1702244339000,1702244340000,2,78.5,,1073741824.0,,,0.0002830423691840278,0.0002830423691840278,0.0,251.77,
661,NFCORE_CHIPSEQ:CHIPSEQ:ALIGN_BWA_MEM:BAM_SORT_SAMTOOLS:BAM_STATS_SAMTOOLS:SAMTOOLS_FLAGSTAT,1702244336000,1702244345000,2,153.5,,1073741824.0,,,0.00474545143984375,0.00474545143984375,0.0,251.77,
664,NFCORE_CHIPSEQ:CHIPSEQ:ALIGN_BWA_MEM:BAM_SORT_SAMTOOLS:BAM_STATS_SAMTOOLS:SAMTOOLS_IDXSTATS,1702244336000,1702244336000,2,69.1,,1073741824.0,,,0.0,0.0,0.0,251.77,
666,NFCORE_CHIPSEQ:CHIPSEQ:ALIGN_BWA_MEM:BAM_SORT_SAMTOOLS:BAM_STATS_SAMTOOLS:SAMTOOLS_FLAGSTAT,1702244335000,1702244343000,2,154.9,,1073741824.0,,,0.004254650739583334,0.004254650739583334,0.0,251.77,
677,NFCORE_CHIPSEQ:CHIPSEQ:ALIGN_BWA_MEM:BAM_SORT_SAMTOOLS:BAM_STATS_SAMTOOLS:SAMTOOLS_IDXSTATS,1702244339000,1702244340000,2,92.8,,1073741824.0,,,0.00032960889166666667,0.00032960889166666667,0.0,251.77,
678,NFCORE_CHIPSEQ:CHIPSEQ:ALIGN_BWA_MEM:BAM_SORT_SAMTOOLS:BAM_STATS_SAMTOOLS:SAMTOOLS_FLAGSTAT,1702244339000,1702244348000,2,144.1,,1073741824.0,,,0.00446995998515625,0.00446995998515625,0.0,251.77,
687,NFCORE_CHIPSEQ:CHIPSEQ:ALIGN_BWA_MEM:BAM_SORT_SAMTOOLS:BAM_STATS_SAMTOOLS:SAMTOOLS_IDXSTATS,1702244340000,1702244341000,2,74.9,,1073741824.0,,,0.00027131932855902787,0.00027131932855902787,0.0,251.77,
691,NFCORE_CHIPSEQ:CHIPSEQ:ALIGN_BWA_MEM:BAM_SORT_SAMTOOLS:BAM_STATS_SAMTOOLS:SAMTOOLS_IDXSTATS,1702244341000,1702244342000,2,76.2,,1073741824.0,,,0.00027555264878472227,0.00027555264878472227,0.0,251.77,
701,NFCORE_CHIPSEQ:CHIPSEQ:ALIGN_BWA_MEM:BAM_SORT_SAMTOOLS:BAM_STATS_SAMTOOLS:SAMTOOLS_IDXSTATS,1702244343000,1702244343000,2,103.2,,1073741824.0,,,0.0,0.0,0.0,251.77,
706,NFCORE_CHIPSEQ:CHIPSEQ:ALIGN_BWA_MEM:BAM_SORT_SAMTOOLS:BAM_STATS_SAMTOOLS:SAMTOOLS_IDXSTATS,1702244344000,1702244344000,2,81.2,,1073741824.0,,,0.0,0.0,0.0,251.77,
711,NFCORE_CHIPSEQ:CHIPSEQ:ALIGN_BWA_MEM:BAM_SORT_SAMTOOLS:BAM_STATS_SAMTOOLS:SAMTOOLS_IDXSTATS,1702244344000,1702244344000,2,69.1,,1073741824.0,,,0.0,0.0,0.0,251.77,
710,NFCORE_CHIPSEQ:CHIPSEQ:ALIGN_BWA_MEM:BAM_SORT_SAMTOOLS:BAM_STATS_SAMTOOLS:SAMTOOLS_FLAGSTAT,1702244342000,1702244350000,2,145.0,,1073741824.0,,,0.0039967438458333344,0.0039967438458333344,0.0,251.77,
713,NFCORE_CHIPSEQ:CHIPSEQ:ALIGN_BWA_MEM:BAM_SORT_SAMTOOLS:BAM_STATS_SAMTOOLS:SAMTOOLS_IDXSTATS,1702244345000,1702244345000,2,104.6,,1073741824.0,,,0.0,0.0,0.0,251.77,
750,NFCORE_CHIPSEQ:CHIPSEQ:ALIGN_BWA_MEM:BAM_SORT_SAMTOOLS:SAMTOOLS_INDEX,1702244333000,1702244341000,2,153.3,,1073741824.0,,,0.004212968817361111,0.004212968817361111,0.0,251.77,
751,NFCORE_CHIPSEQ:CHIPSEQ:ALIGN_BWA_MEM:BAM_SORT_SAMTOOLS:SAMTOOLS_INDEX,1702244330000,1702244336000,2,174.7,,1073741824.0,,,0.0035778483953125004,0.0035778483953125004,0.0,251.77,
752,NFCORE_CHIPSEQ:CHIPSEQ:ALIGN_BWA_MEM:BAM_SORT_SAMTOOLS:SAMTOOLS_INDEX,1702244329000,1702244337000,2,159.6,,1073741824.0,,,0.0043770913861111115,0.0043770913861111115,0.0,251.77,
753,NFCORE_CHIPSEQ:CHIPSEQ:ALIGN_BWA_MEM:BAM_SORT_SAMTOOLS:SAMTOOLS_INDEX,1702244329000,1702244336000,2,163.3,,1073741824.0,,,0.00391429572734375,0.00391429572734375,0.0,251.77,
754,NFCORE_CHIPSEQ:CHIPSEQ:ALIGN_BWA_MEM:BAM_SORT_SAMTOOLS:SAMTOOLS_INDEX,1702244333000,1702244339000,2,173.2,,1073741824.0,,,0.00354854079375,0.00354854079375,0.0,251.77,
755,NFCORE_CHIPSEQ:CHIPSEQ:ALIGN_BWA_MEM:BAM_SORT_SAMTOOLS:SAMTOOLS_INDEX,1702244332000,1702244340000,2,163.1,,1073741824.0,,,0.004468270590972222,0.004468270590972222,0.0,251.77,
756,NFCORE_CHIPSEQ:CHIPSEQ:ALIGN_BWA_MEM:BAM_SORT_SAMTOOLS:SAMTOOLS_INDEX,1702244332000,1702244339000,2,155.6,,1073741824.0,,,0.003738775757986111,0.003738775757986111,0.0,251.77,
757,NFCORE_CHIPSEQ:CHIPSEQ:ALIGN_BWA_MEM:BAM_SORT_SAMTOOLS:SAMTOOLS_INDEX,1702244338000,1702244345000,2,159.5,,1073741824.0,,,0.003827675482725695,0.003827675482725695,0.0,251.77,
568,NFCORE_CHIPSEQ:CHIPSEQ:ALIGN_BWA_MEM:BAM_SORT_SAMTOOLS:BAM_STATS_SAMTOOLS:SAMTOOLS_FLAGSTAT,1702244335000,1702244346000,2,149.1,,1073741824.0,,,0.005642386435850694,0.005642386435850694,0.0,251.77,
581,NFCORE_CHIPSEQ:CHIPSEQ:ALIGN_BWA_MEM:BAM_SORT_SAMTOOLS:BAM_STATS_SAMTOOLS:SAMTOOLS_FLAGSTAT,1702244341000,1702244351000,2,146.2,,1073741824.0,,,0.005035006609375,0.005035006609375,0.0,251.77,
584,NFCORE_CHIPSEQ:CHIPSEQ:ALIGN_BWA_MEM:BAM_SORT_SAMTOOLS:BAM_STATS_SAMTOOLS:SAMTOOLS_FLAGSTAT,1702244337000,1702244347000,2,151.3,,1073741824.0,,,0.005201083018229168,0.005201083018229168,0.0,251.77,
587,NFCORE_CHIPSEQ:CHIPSEQ:ALIGN_BWA_MEM:BAM_SORT_SAMTOOLS:BAM_STATS_SAMTOOLS:SAMTOOLS_FLAGSTAT,1702244336000,1702244347000,2,147.0,,1073741824.0,,,0.005567163591840279,0.005567163591840279,0.0,251.77,
590,NFCORE_CHIPSEQ:CHIPSEQ:ALIGN_BWA_MEM:BAM_SORT_SAMTOOLS:BAM_STATS_SAMTOOLS:SAMTOOLS_STATS,1702244315000,1702244356000,2,134.1,,1073741824.0,,,0.019028026972309032,0.019028026972309032,0.0,251.77,
617,NFCORE_CHIPSEQ:CHIPSEQ:ALIGN_BWA_MEM:BAM_SORT_SAMTOOLS:BAM_STATS_SAMTOOLS:SAMTOOLS_FLAGSTAT,1702244338000,1702244347000,2,149.6,,1073741824.0,,,0.00463115179375,0.00463115179375,0.0,251.77,
620,NFCORE_CHIPSEQ:CHIPSEQ:ALIGN_BWA_MEM:BAM_SORT_SAMTOOLS:BAM_STATS_SAMTOOLS:SAMTOOLS_FLAGSTAT,1702244344000,1702244354000,2,147.7,,1073741824.0,,,0.005083852611979167,0.005083852611979167,0.0,251.77,
622,NFCORE_CHIPSEQ:CHIPSEQ:ALIGN_BWA_MEM:BAM_SORT_SAMTOOLS:BAM_STATS_SAMTOOLS:SAMTOOLS_IDXSTATS,1702244357000,1702244358000,2,104.9,,1073741824.0,,,0.0003690113337673611,0.0003690113337673611,0.0,251.77,
634,NFCORE_CHIPSEQ:CHIPSEQ:ALIGN_BWA_MEM:BAM_SORT_SAMTOOLS:BAM_STATS_SAMTOOLS:SAMTOOLS_FLAGSTAT,1702244341000,1702244354000,2,145.2,,1073741824.0,,,0.006503175389930555,0.006503175389930555,0.0,251.77,
649,NFCORE_CHIPSEQ:CHIPSEQ:ALIGN_BWA_MEM:BAM_SORT_SAMTOOLS:BAM_STATS_SAMTOOLS:SAMTOOLS_FLAGSTAT,1702244339000,1702244349000,2,147.8,,1073741824.0,,,0.005087109012152779,0.005087109012152779,0.0,251.77,
656,NFCORE_CHIPSEQ:CHIPSEQ:ALIGN_BWA_MEM:BAM_SORT_SAMTOOLS:BAM_STATS_SAMTOOLS:SAMTOOLS_IDXSTATS,1702244352000,1702244354000,2,102.1,,1073741824.0,,,0.0007197868265625001,0.0007197868265625001,0.0,251.77,
654,NFCORE_CHIPSEQ:CHIPSEQ:ALIGN_BWA_MEM:BAM_SORT_SAMTOOLS:BAM_STATS_SAMTOOLS:SAMTOOLS_FLAGSTAT,1702244343000,1702244354000,2,150.2,,1073741824.0,,,0.005681788877951389,0.005681788877951389,0.0,251.77,
682,NFCORE_CHIPSEQ:CHIPSEQ:ALIGN_BWA_MEM:BAM_SORT_SAMTOOLS:BAM_STATS_SAMTOOLS:SAMTOOLS_IDXSTATS,1702244357000,1702244357000,2,106.7,,1073741824.0,,,0.0,0.0,0.0,251.77,
686,NFCORE_CHIPSEQ:CHIPSEQ:ALIGN_BWA_MEM:BAM_SORT_SAMTOOLS:BAM_STATS_SAMTOOLS:SAMTOOLS_FLAGSTAT,1702244341000,1702244351000,2,153.9,,1073741824.0,,,0.005285749422743057,0.005285749422743057,0.0,251.77,
689,NFCORE_CHIPSEQ:CHIPSEQ:ALIGN_BWA_MEM:BAM_SORT_SAMTOOLS:BAM_STATS_SAMTOOLS:SAMTOOLS_FLAGSTAT,1702244342000,1702244354000,2,148.1,,1073741824.0,,,0.006116253855208333,0.006116253855208333,0.0,251.77,
700,NFCORE_CHIPSEQ:CHIPSEQ:ALIGN_BWA_MEM:BAM_SORT_SAMTOOLS:BAM_STATS_SAMTOOLS:SAMTOOLS_FLAGSTAT,1702244343000,1702244351000,2,151.3,,1073741824.0,,,0.004160866414583335,0.004160866414583335,0.0,251.77,
704,NFCORE_CHIPSEQ:CHIPSEQ:ALIGN_BWA_MEM:BAM_SORT_SAMTOOLS:BAM_STATS_SAMTOOLS:SAMTOOLS_FLAGSTAT,1702244348000,1702244356000,2,153.8,,1073741824.0,,,0.004225994418055556,0.004225994418055556,0.0,251.77,
715,NFCORE_CHIPSEQ:CHIPSEQ:ALIGN_BWA_MEM:BAM_SORT_SAMTOOLS:BAM_STATS_SAMTOOLS:SAMTOOLS_FLAGSTAT,1702244344000,1702244352000,2,148.7,,1073741824.0,,,0.004093133290972222,0.004093133290972222,0.0,251.77,
716,NFCORE_CHIPSEQ:CHIPSEQ:ALIGN_BWA_MEM:BAM_SORT_SAMTOOLS:BAM_STATS_SAMTOOLS:SAMTOOLS_IDXSTATS,1702244361000,1702244361000,2,72.2,,1073741824.0,,,0.0,0.0,0.0,251.77,
723,NFCORE_CHIPSEQ:CHIPSEQ:ALIGN_BWA_MEM:BAM_SORT_SAMTOOLS:BAM_STATS_SAMTOOLS:SAMTOOLS_IDXSTATS,1702244359000,1702244359000,2,82.1,,1073741824.0,,,0.0,0.0,0.0,251.77,
744,NFCORE_CHIPSEQ:CHIPSEQ:ALIGN_BWA_MEM:BAM_SORT_SAMTOOLS:BAM_STATS_SAMTOOLS:SAMTOOLS_FLAGSTAT,1702244353000,1702244361000,2,152.2,,1073741824.0,,,0.004184312495833334,0.004184312495833334,0.0,251.77,
746,NFCORE_CHIPSEQ:CHIPSEQ:ALIGN_BWA_MEM:BAM_SORT_SAMTOOLS:BAM_STATS_SAMTOOLS:SAMTOOLS_IDXSTATS,1702244351000,1702244352000,2,100.8,,1073741824.0,,,0.0003556600930555556,0.0003556600930555556,0.0,251.77,
749,NFCORE_CHIPSEQ:CHIPSEQ:ALIGN_BWA_MEM:BAM_SORT_SAMTOOLS:BAM_STATS_SAMTOOLS:SAMTOOLS_FLAGSTAT,1702244355000,1702244363000,2,152.8,,1073741824.0,,,0.0041999432166666675,0.0041999432166666675,0.0,251.77,
748,NFCORE_CHIPSEQ:CHIPSEQ:ALIGN_BWA_MEM:BAM_SORT_SAMTOOLS:BAM_STATS_SAMTOOLS:SAMTOOLS_IDXSTATS,1702244354000,1702244354000,2,48.5,,1073741824.0,,,0.0,0.0,0.0,251.77,
769,NFCORE_CHIPSEQ:CHIPSEQ:ALIGN_BWA_MEM:BAM_SORT_SAMTOOLS:BAM_STATS_SAMTOOLS:SAMTOOLS_IDXSTATS,1702244360000,1702244360000,2,76.2,,1073741824.0,,,0.0,0.0,0.0,251.77,
780,NFCORE_CHIPSEQ:CHIPSEQ:ALIGN_BWA_MEM:BAM_SORT_SAMTOOLS:BAM_STATS_SAMTOOLS:SAMTOOLS_IDXSTATS,1702244358000,1702244358000,2,105.8,,1073741824.0,,,0.0,0.0,0.0,251.77,
785,NFCORE_CHIPSEQ:CHIPSEQ:ALIGN_BWA_MEM:BAM_SORT_SAMTOOLS:SAMTOOLS_INDEX,1702244350000,1702244357000,2,163.0,,1073741824.0,,,0.0039074572869791675,0.0039074572869791675,0.0,251.77,
786,NFCORE_CHIPSEQ:CHIPSEQ:ALIGN_BWA_MEM:BAM_SORT_SAMTOOLS:SAMTOOLS_INDEX,1702244349000,1702244355000,2,160.3,,1073741824.0,,,0.0032964954203125005,0.0032964954203125005,0.0,251.77,
787,NFCORE_CHIPSEQ:CHIPSEQ:ALIGN_BWA_MEM:BAM_SORT_SAMTOOLS:SAMTOOLS_INDEX,1702244345000,1702244351000,2,164.5,,1073741824.0,,,0.0033785567046875,0.0033785567046875,0.0,251.77,
788,NFCORE_CHIPSEQ:CHIPSEQ:ALIGN_BWA_MEM:BAM_SORT_SAMTOOLS:SAMTOOLS_INDEX,1702244350000,1702244356000,2,158.1,,1073741824.0,,,0.0032535109380208336,0.0032535109380208336,0.0,251.77,
789,NFCORE_CHIPSEQ:CHIPSEQ:ALIGN_BWA_MEM:BAM_SORT_SAMTOOLS:SAMTOOLS_INDEX,1702244345000,1702244352000,2,160.9,,1073741824.0,,,0.003859588204427084,0.003859588204427084,0.0,251.77,
790,NFCORE_CHIPSEQ:CHIPSEQ:ALIGN_BWA_MEM:BAM_SORT_SAMTOOLS:SAMTOOLS_INDEX,1702244348000,1702244354000,2,157.2,,1073741824.0,,,0.0032359263770833334,0.0032359263770833334,0.0,251.77,
791,NFCORE_CHIPSEQ:CHIPSEQ:ALIGN_BWA_MEM:BAM_SORT_SAMTOOLS:SAMTOOLS_INDEX,1702244347000,1702244354000,2,156.6,,1073741824.0,,,0.003761570559201389,0.003761570559201389,0.0,251.77,
792,NFCORE_CHIPSEQ:CHIPSEQ:ALIGN_BWA_MEM:BAM_SORT_SAMTOOLS:SAMTOOLS_INDEX,1702244348000,1702244355000,2,154.5,,1073741824.0,,,0.0037137014766493058,0.0037137014766493058,0.0,251.77,
802,NFCORE_CHIPSEQ:CHIPSEQ:PICARD_MERGESAMFILES,1702244361000,1702244364000,3,211.1,,1073741824.0,,,0.0021445230966145833,0.0021445230966145833,0.0,251.77,
797,NFCORE_CHIPSEQ:CHIPSEQ:PICARD_MERGESAMFILES,1702244347000,1702244351000,3,109.0,,1073741824.0,,,0.001529450297916667,0.001529450297916667,0.0,251.77,
794,NFCORE_CHIPSEQ:CHIPSEQ:PICARD_MERGESAMFILES,1702244362000,1702244366000,3,203.5,,1073741824.0,,,0.0027603695635416664,0.0027603695635416664,0.0,251.77,
796,NFCORE_CHIPSEQ:CHIPSEQ:PICARD_MERGESAMFILES,1702244357000,1702244360000,3,198.1,,1073741824.0,,,0.00201752348984375,0.00201752348984375,0.0,251.77,
793,NFCORE_CHIPSEQ:CHIPSEQ:ALIGN_BWA_MEM:BAM_SORT_SAMTOOLS:SAMTOOLS_INDEX,1702244348000,1702244354000,2,156.3,,1073741824.0,,,0.0032183418161458336,0.0032183418161458336,0.0,251.77,
805,NFCORE_CHIPSEQ:CHIPSEQ:PICARD_MERGESAMFILES,1702244364000,1702244367000,3,207.1,,1073741824.0,,,0.0021054462945312505,0.0021054462945312505,0.0,251.77,
795,NFCORE_CHIPSEQ:CHIPSEQ:PICARD_MERGESAMFILES,1702244347000,1702244351000,3,165.4,,1073741824.0,,,0.0022640941770833336,0.0022640941770833336,0.0,251.77,
803,NFCORE_CHIPSEQ:CHIPSEQ:PICARD_MERGESAMFILES,1702244355000,1702244358000,3,203.9,,1073741824.0,,,0.0020741848528645834,0.0020741848528645834,0.0,251.77,
798,NFCORE_CHIPSEQ:CHIPSEQ:PICARD_MERGESAMFILES,1702244349000,1702244354000,3,149.4,,1073741824.0,,,0.0025696057074652777,0.0025696057074652777,0.0,251.77,
799,NFCORE_CHIPSEQ:CHIPSEQ:PICARD_MERGESAMFILES,1702244355000,1702244357000,3,210.5,,1073741824.0,,,0.001425774384201389,0.001425774384201389,0.0,251.77,
807,NFCORE_CHIPSEQ:CHIPSEQ:PICARD_MERGESAMFILES,1702244368000,1702244370000,3,204.7,,1073741824.0,,,0.0013880001421875,0.0013880001421875,0.0,251.77,
899,NFCORE_CHIPSEQ:CHIPSEQ:ALIGN_BWA_MEM:BAM_SORT_SAMTOOLS:BAM_STATS_SAMTOOLS:SAMTOOLS_IDXSTATS,1702244357000,1702244358000,2,124.3,,1073741824.0,,,0.0004321854971354167,0.0004321854971354167,0.0,251.77,
900,NFCORE_CHIPSEQ:CHIPSEQ:ALIGN_BWA_MEM:BAM_SORT_SAMTOOLS:BAM_STATS_SAMTOOLS:SAMTOOLS_FLAGSTAT,1702244356000,1702244363000,2,152.9,,1073741824.0,,,0.0036772297947048607,0.0036772297947048607,0.0,251.77,
916,NFCORE_CHIPSEQ:CHIPSEQ:ALIGN_BWA_MEM:BAM_SORT_SAMTOOLS:BAM_STATS_SAMTOOLS:SAMTOOLS_IDXSTATS,1702244368000,1702244368000,2,76.8,,1073741824.0,,,0.0,0.0,0.0,251.77,
915,NFCORE_CHIPSEQ:CHIPSEQ:ALIGN_BWA_MEM:BAM_SORT_SAMTOOLS:BAM_STATS_SAMTOOLS:SAMTOOLS_FLAGSTAT,1702244361000,1702244368000,2,151.4,,1073741824.0,,,0.0036430375928819445,0.0036430375928819445,0.0,251.77,
917,NFCORE_CHIPSEQ:CHIPSEQ:ALIGN_BWA_MEM:BAM_SORT_SAMTOOLS:BAM_STATS_SAMTOOLS:SAMTOOLS_IDXSTATS,1702244377000,1702244378000,2,124.0,,1073741824.0,,,0.00043120857708333336,0.00043120857708333336,0.0,251.77,
921,NFCORE_CHIPSEQ:CHIPSEQ:ALIGN_BWA_MEM:BAM_SORT_SAMTOOLS:BAM_STATS_SAMTOOLS:SAMTOOLS_IDXSTATS,1702244374000,1702244375000,2,91.4,,1073741824.0,,,0.00032504993142361114,0.00032504993142361114,0.0,251.77,
920,NFCORE_CHIPSEQ:CHIPSEQ:ALIGN_BWA_MEM:BAM_SORT_SAMTOOLS:BAM_STATS_SAMTOOLS:SAMTOOLS_FLAGSTAT,1702244371000,1702244377000,2,149.9,,1073741824.0,,,0.003093296049479167,0.003093296049479167,0.0,251.77,
526,NFCORE_CHIPSEQ:CHIPSEQ:ALIGN_BWA_MEM:BAM_SORT_SAMTOOLS:BAM_STATS_SAMTOOLS:SAMTOOLS_STATS,1702244328000,1702244371000,2,135.4,,1073741824.0,,,0.0201382561796875,0.0201382561796875,0.0,251.77,
530,NFCORE_CHIPSEQ:CHIPSEQ:ALIGN_BWA_MEM:BAM_SORT_SAMTOOLS:BAM_STATS_SAMTOOLS:SAMTOOLS_STATS,1702244329000,1702244371000,2,135.0,,1073741824.0,,,0.019615217117708337,0.019615217117708337,0.0,251.77,
536,NFCORE_CHIPSEQ:CHIPSEQ:ALIGN_BWA_MEM:BAM_SORT_SAMTOOLS:BAM_STATS_SAMTOOLS:SAMTOOLS_STATS,1702244320000,1702244365000,2,134.5,,1073741824.0,,,0.020943035050781253,0.020943035050781253,0.0,251.77,
570,NFCORE_CHIPSEQ:CHIPSEQ:ALIGN_BWA_MEM:BAM_SORT_SAMTOOLS:BAM_STATS_SAMTOOLS:SAMTOOLS_STATS,1702244333000,1702244375000,2,135.1,,1073741824.0,,,0.0196288939984375,0.0196288939984375,0.0,251.77,
572,NFCORE_CHIPSEQ:CHIPSEQ:ALIGN_BWA_MEM:BAM_SORT_SAMTOOLS:BAM_STATS_SAMTOOLS:SAMTOOLS_STATS,1702244327000,1702244368000,2,134.4,,1073741824.0,,,0.019068080694444444,0.019068080694444444,0.0,251.77,
580,NFCORE_CHIPSEQ:CHIPSEQ:ALIGN_BWA_MEM:BAM_SORT_SAMTOOLS:BAM_STATS_SAMTOOLS:SAMTOOLS_STATS,1702244340000,1702244379000,2,134.0,,1073741824.0,,,0.018087130573958336,0.018087130573958336,0.0,251.77,
585,NFCORE_CHIPSEQ:CHIPSEQ:ALIGN_BWA_MEM:BAM_SORT_SAMTOOLS:BAM_STATS_SAMTOOLS:SAMTOOLS_STATS,1702244337000,1702244379000,2,134.0,,1073741824.0,,,0.019478448310416667,0.019478448310416667,0.0,251.77,
589,NFCORE_CHIPSEQ:CHIPSEQ:ALIGN_BWA_MEM:BAM_SORT_SAMTOOLS:BAM_STATS_SAMTOOLS:SAMTOOLS_STATS,1702244336000,1702244377000,2,134.8,,1073741824.0,,,0.019121485657291666,0.019121485657291666,0.0,251.77,
594,NFCORE_CHIPSEQ:CHIPSEQ:ALIGN_BWA_MEM:BAM_SORT_SAMTOOLS:BAM_STATS_SAMTOOLS:SAMTOOLS_STATS,1702244328000,1702244366000,2,136.0,,1073741824.0,,,0.017870844408333333,0.017870844408333333,0.0,251.77,
598,NFCORE_CHIPSEQ:CHIPSEQ:ALIGN_BWA_MEM:BAM_SORT_SAMTOOLS:BAM_STATS_SAMTOOLS:SAMTOOLS_STATS,1702244326000,1702244368000,2,134.2,,1073741824.0,,,0.019505802071874998,0.019505802071874998,0.0,251.77,
599,NFCORE_CHIPSEQ:CHIPSEQ:ALIGN_BWA_MEM:BAM_SORT_SAMTOOLS:BAM_STATS_SAMTOOLS:SAMTOOLS_STATS,1702244327000,1702244367000,2,136.0,,1073741824.0,,,0.018811415166666668,0.018811415166666668,0.0,251.77,
604,NFCORE_CHIPSEQ:CHIPSEQ:ALIGN_BWA_MEM:BAM_SORT_SAMTOOLS:BAM_STATS_SAMTOOLS:SAMTOOLS_STATS,1702244336000,1702244377000,2,134.6,,1073741824.0,,,0.019094783175868057,0.019094783175868057,0.0,251.77,
613,NFCORE_CHIPSEQ:CHIPSEQ:ALIGN_BWA_MEM:BAM_SORT_SAMTOOLS:BAM_STATS_SAMTOOLS:SAMTOOLS_STATS,1702244334000,1702244375000,2,133.8,,1073741824.0,,,0.018987973250173616,0.018987973250173616,0.0,251.77,
616,NFCORE_CHIPSEQ:CHIPSEQ:ALIGN_BWA_MEM:BAM_SORT_SAMTOOLS:BAM_STATS_SAMTOOLS:SAMTOOLS_STATS,1702244337000,1702244376000,2,134.2,,1073741824.0,,,0.0181125304953125,0.0181125304953125,0.0,251.77,
624,NFCORE_CHIPSEQ:CHIPSEQ:ALIGN_BWA_MEM:BAM_SORT_SAMTOOLS:BAM_STATS_SAMTOOLS:SAMTOOLS_FLAGSTAT,1702244351000,1702244360000,2,148.1,,1073741824.0,,,0.004587190391406251,0.004587190391406251,0.0,251.77,
631,NFCORE_CHIPSEQ:CHIPSEQ:ALIGN_BWA_MEM:BAM_SORT_SAMTOOLS:BAM_STATS_SAMTOOLS:SAMTOOLS_STATS,1702244333000,1702244371000,2,134.7,,1073741824.0,,,0.01770997823975694,0.01770997823975694,0.0,251.77,
635,NFCORE_CHIPSEQ:CHIPSEQ:ALIGN_BWA_MEM:BAM_SORT_SAMTOOLS:BAM_STATS_SAMTOOLS:SAMTOOLS_STATS,1702244338000,1702244379000,2,133.6,,1073741824.0,,,0.01896127076875,0.01896127076875,0.0,251.77,
637,NFCORE_CHIPSEQ:CHIPSEQ:ALIGN_BWA_MEM:BAM_SORT_SAMTOOLS:BAM_STATS_SAMTOOLS:SAMTOOLS_STATS,1702244333000,1702244371000,2,134.7,,1073741824.0,,,0.01770997823975694,0.01770997823975694,0.0,251.77,
642,NFCORE_CHIPSEQ:CHIPSEQ:ALIGN_BWA_MEM:BAM_SORT_SAMTOOLS:BAM_STATS_SAMTOOLS:SAMTOOLS_STATS,1702244328000,1702244367000,2,136.0,,1073741824.0,,,0.0183411297875,0.0183411297875,0.0,251.77,
646,NFCORE_CHIPSEQ:CHIPSEQ:ALIGN_BWA_MEM:BAM_SORT_SAMTOOLS:BAM_STATS_SAMTOOLS:SAMTOOLS_STATS,1702244334000,1702244374000,2,134.2,,1073741824.0,,,0.018576954354166668,0.018576954354166668,0.0,251.77,
650,NFCORE_CHIPSEQ:CHIPSEQ:ALIGN_BWA_MEM:BAM_SORT_SAMTOOLS:BAM_STATS_SAMTOOLS:SAMTOOLS_STATS,1702244340000,1702244379000,2,134.0,,1073741824.0,,,0.018087130573958336,0.018087130573958336,0.0,251.77,
651,NFCORE_CHIPSEQ:CHIPSEQ:ALIGN_BWA_MEM:BAM_SORT_SAMTOOLS:BAM_STATS_SAMTOOLS:SAMTOOLS_STATS,1702244338000,1702244377000,2,133.2,,1073741824.0,,,0.017985530888541667,0.017985530888541667,0.0,251.77,
655,NFCORE_CHIPSEQ:CHIPSEQ:ALIGN_BWA_MEM:BAM_SORT_SAMTOOLS:BAM_STATS_SAMTOOLS:SAMTOOLS_STATS,1702244344000,1702244382000,2,133.4,,1073741824.0,,,0.01754911207118056,0.01754911207118056,0.0,251.77,
660,NFCORE_CHIPSEQ:CHIPSEQ:ALIGN_BWA_MEM:BAM_SORT_SAMTOOLS:BAM_STATS_SAMTOOLS:SAMTOOLS_STATS,1702244338000,1702244377000,2,134.6,,1073741824.0,,,0.018163330338020835,0.018163330338020835,0.0,251.77,
662,NFCORE_CHIPSEQ:CHIPSEQ:ALIGN_BWA_MEM:BAM_SORT_SAMTOOLS:BAM_STATS_SAMTOOLS:SAMTOOLS_STATS,1702244338000,1702244374000,2,135.0,,1073741824.0,,,0.016813043243750003,0.016813043243750003,0.0,251.77,
665,NFCORE_CHIPSEQ:CHIPSEQ:ALIGN_BWA_MEM:BAM_SORT_SAMTOOLS:BAM_STATS_SAMTOOLS:SAMTOOLS_STATS,1702244335000,1702244373000,2,135.1,,1073741824.0,,,0.01775947552239583,0.01775947552239583,0.0,251.77,
667,NFCORE_CHIPSEQ:CHIPSEQ:ALIGN_BWA_MEM:BAM_SORT_SAMTOOLS:BAM_STATS_SAMTOOLS:SAMTOOLS_IDXSTATS,1702244371000,1702244371000,2,107.6,,1073741824.0,,,0.0,0.0,0.0,251.77,
676,NFCORE_CHIPSEQ:CHIPSEQ:ALIGN_BWA_MEM:BAM_SORT_SAMTOOLS:BAM_STATS_SAMTOOLS:SAMTOOLS_STATS,1702244339000,1702244375000,2,134.3,,1073741824.0,,,0.016730981959375002,0.016730981959375002,0.0,251.77,
683,NFCORE_CHIPSEQ:CHIPSEQ:ALIGN_BWA_MEM:BAM_SORT_SAMTOOLS:BAM_STATS_SAMTOOLS:SAMTOOLS_FLAGSTAT,1702244358000,1702244366000,2,156.3,,1073741824.0,,,0.0042911224215277785,0.0042911224215277785,0.0,251.77,
688,NFCORE_CHIPSEQ:CHIPSEQ:ALIGN_BWA_MEM:BAM_SORT_SAMTOOLS:BAM_STATS_SAMTOOLS:SAMTOOLS_STATS,1702244340000,1702244375000,2,135.0,,1073741824.0,,,0.016346014264756948,0.016346014264756948,0.0,251.77,
690,NFCORE_CHIPSEQ:CHIPSEQ:ALIGN_BWA_MEM:BAM_SORT_SAMTOOLS:BAM_STATS_SAMTOOLS:SAMTOOLS_STATS,1702244341000,1702244379000,2,132.7,,1073741824.0,,,0.0174624918265625,0.0174624918265625,0.0,251.77,
696,NFCORE_CHIPSEQ:CHIPSEQ:ALIGN_BWA_MEM:BAM_SORT_SAMTOOLS:BAM_STATS_SAMTOOLS:SAMTOOLS_IDXSTATS,1702244381000,1702244381000,2,79.0,,1073741824.0,,,0.0,0.0,0.0,251.77,
699,NFCORE_CHIPSEQ:CHIPSEQ:ALIGN_BWA_MEM:BAM_SORT_SAMTOOLS:BAM_STATS_SAMTOOLS:SAMTOOLS_STATS,1702244342000,1702244377000,2,133.9,,1073741824.0,,,0.01622064285807292,0.01622064285807292,0.0,251.77,
705,NFCORE_CHIPSEQ:CHIPSEQ:ALIGN_BWA_MEM:BAM_SORT_SAMTOOLS:BAM_STATS_SAMTOOLS:SAMTOOLS_STATS,1702244346000,1702244380000,2,134.0,,1073741824.0,,,0.015768267679861114,0.015768267679861114,0.0,251.77,
708,NFCORE_CHIPSEQ:CHIPSEQ:ALIGN_BWA_MEM:BAM_SORT_SAMTOOLS:BAM_STATS_SAMTOOLS:SAMTOOLS_IDXSTATS,1702244363000,1702244364000,2,56.1,,1073741824.0,,,0.00021009900529513892,0.00021009900529513892,0.0,251.77,
707,NFCORE_CHIPSEQ:CHIPSEQ:ALIGN_BWA_MEM:BAM_SORT_SAMTOOLS:BAM_STATS_SAMTOOLS:SAMTOOLS_FLAGSTAT,1702244360000,1702244369000,2,142.7,,1073741824.0,,,0.0044289293429687505,0.0044289293429687505,0.0,251.77,
712,NFCORE_CHIPSEQ:CHIPSEQ:ALIGN_BWA_MEM:BAM_SORT_SAMTOOLS:BAM_STATS_SAMTOOLS:SAMTOOLS_STATS,1702244344000,1702244379000,2,133.0,,1073741824.0,,,0.01611806625260417,0.01611806625260417,0.0,251.77,
714,NFCORE_CHIPSEQ:CHIPSEQ:ALIGN_BWA_MEM:BAM_SORT_SAMTOOLS:BAM_STATS_SAMTOOLS:SAMTOOLS_STATS,1702244344000,1702244379000,2,133.2,,1073741824.0,,,0.016140861053819445,0.016140861053819445,0.0,251.77,
718,NFCORE_CHIPSEQ:CHIPSEQ:ALIGN_BWA_MEM:BAM_SORT_SAMTOOLS:BAM_STATS_SAMTOOLS:SAMTOOLS_FLAGSTAT,1702244358000,1702244367000,2,148.5,,1073741824.0,,,0.004598913432031251,0.004598913432031251,0.0,251.77,
720,NFCORE_CHIPSEQ:CHIPSEQ:ALIGN_BWA_MEM:BAM_SORT_SAMTOOLS:BAM_STATS_SAMTOOLS:SAMTOOLS_IDXSTATS,1702244365000,1702244365000,2,97.7,,1073741824.0,,,0.0,0.0,0.0,251.77,
721,NFCORE_CHIPSEQ:CHIPSEQ:ALIGN_BWA_MEM:BAM_SORT_SAMTOOLS:BAM_STATS_SAMTOOLS:SAMTOOLS_FLAGSTAT,1702244361000,1702244369000,2,148.2,,1073741824.0,,,0.004080107690277778,0.004080107690277778,0.0,251.77,
724,NFCORE_CHIPSEQ:CHIPSEQ:ALIGN_BWA_MEM:BAM_SORT_SAMTOOLS:BAM_STATS_SAMTOOLS:SAMTOOLS_FLAGSTAT,1702244359000,1702244367000,2,147.1,,1073741824.0,,,0.00405145136875,0.00405145136875,0.0,251.77,
726,NFCORE_CHIPSEQ:CHIPSEQ:ALIGN_BWA_MEM:BAM_SORT_SAMTOOLS:BAM_STATS_SAMTOOLS:SAMTOOLS_IDXSTATS,1702244382000,1702244382000,2,118.5,,1073741824.0,,,0.0,0.0,0.0,251.77,
737,NFCORE_CHIPSEQ:CHIPSEQ:ALIGN_BWA_MEM:BAM_SORT_SAMTOOLS:BAM_STATS_SAMTOOLS:SAMTOOLS_IDXSTATS,1702244372000,1702244373000,2,49.8,,1073741824.0,,,0.0001895836842013889,0.0001895836842013889,0.0,251.77,
735,NFCORE_CHIPSEQ:CHIPSEQ:ALIGN_BWA_MEM:BAM_SORT_SAMTOOLS:BAM_STATS_SAMTOOLS:SAMTOOLS_FLAGSTAT,1702244372000,1702244381000,2,144.9,,1073741824.0,,,0.004493406066406251,0.004493406066406251,0.0,251.77,
743,NFCORE_CHIPSEQ:CHIPSEQ:ALIGN_BWA_MEM:BAM_SORT_SAMTOOLS:BAM_STATS_SAMTOOLS:SAMTOOLS_IDXSTATS,1702244385000,1702244385000,2,54.5,,1073741824.0,,,0.0,0.0,0.0,251.77,
745,NFCORE_CHIPSEQ:CHIPSEQ:ALIGN_BWA_MEM:BAM_SORT_SAMTOOLS:BAM_STATS_SAMTOOLS:SAMTOOLS_STATS,1702244351000,1702244384000,2,134.3,,1073741824.0,,,0.015336733462760418,0.015336733462760418,0.0,251.77,
747,NFCORE_CHIPSEQ:CHIPSEQ:ALIGN_BWA_MEM:BAM_SORT_SAMTOOLS:BAM_STATS_SAMTOOLS:SAMTOOLS_STATS,1702244354000,1702244387000,2,133.0,,1073741824.0,,,0.0151970338953125,0.0151970338953125,0.0,251.77,
759,NFCORE_CHIPSEQ:CHIPSEQ:ALIGN_BWA_MEM:BAM_SORT_SAMTOOLS:BAM_STATS_SAMTOOLS:SAMTOOLS_IDXSTATS,1702244369000,1702244370000,2,116.8,,1073741824.0,,,0.0004077624958333333,0.0004077624958333333,0.0,251.77,
758,NFCORE_CHIPSEQ:CHIPSEQ:ALIGN_BWA_MEM:BAM_SORT_SAMTOOLS:BAM_STATS_SAMTOOLS:SAMTOOLS_FLAGSTAT,1702244367000,1702244374000,2,156.2,,1073741824.0,,,0.0037524526387152776,0.0037524526387152776,0.0,251.77,
764,NFCORE_CHIPSEQ:CHIPSEQ:ALIGN_BWA_MEM:BAM_SORT_SAMTOOLS:BAM_STATS_SAMTOOLS:SAMTOOLS_IDXSTATS,1702244383000,1702244384000,2,116.4,,1073741824.0,,,0.0004064599357638889,0.0004064599357638889,0.0,251.77,
768,NFCORE_CHIPSEQ:CHIPSEQ:ALIGN_BWA_MEM:BAM_SORT_SAMTOOLS:BAM_STATS_SAMTOOLS:SAMTOOLS_FLAGSTAT,1702244363000,1702244371000,2,150.2,,1073741824.0,,,0.004132210093055555,0.004132210093055555,0.0,251.77,
770,NFCORE_CHIPSEQ:CHIPSEQ:ALIGN_BWA_MEM:BAM_SORT_SAMTOOLS:BAM_STATS_SAMTOOLS:SAMTOOLS_FLAGSTAT,1702244374000,1702244381000,2,151.2,,1073741824.0,,,0.0036384786326388884,0.0036384786326388884,0.0,251.77,
771,NFCORE_CHIPSEQ:CHIPSEQ:ALIGN_BWA_MEM:BAM_SORT_SAMTOOLS:BAM_STATS_SAMTOOLS:SAMTOOLS_IDXSTATS,1702244370000,1702244370000,2,84.8,,1073741824.0,,,0.0,0.0,0.0,251.77,
778,NFCORE_CHIPSEQ:CHIPSEQ:ALIGN_BWA_MEM:BAM_SORT_SAMTOOLS:BAM_STATS_SAMTOOLS:SAMTOOLS_FLAGSTAT,1702244377000,1702244385000,2,148.3,,1073741824.0,,,0.0040827128104166666,0.0040827128104166666,0.0,251.77,
777,NFCORE_CHIPSEQ:CHIPSEQ:ALIGN_BWA_MEM:BAM_SORT_SAMTOOLS:BAM_STATS_SAMTOOLS:SAMTOOLS_IDXSTATS,1702244376000,1702244377000,2,45.1,,1073741824.0,,,0.00017427860338541668,0.00017427860338541668,0.0,251.77,
779,NFCORE_CHIPSEQ:CHIPSEQ:ALIGN_BWA_MEM:BAM_SORT_SAMTOOLS:BAM_STATS_SAMTOOLS:SAMTOOLS_FLAGSTAT,1702244358000,1702244366000,2,149.5,,1073741824.0,,,0.004113974252083334,0.004113974252083334,0.0,251.77,
781,NFCORE_CHIPSEQ:CHIPSEQ:ALIGN_BWA_MEM:BAM_SORT_SAMTOOLS:BAM_STATS_SAMTOOLS:SAMTOOLS_STATS,1702244354000,1702244386000,2,135.2,,1073741824.0,,,0.01496576828888889,0.01496576828888889,0.0,251.77,
784,NFCORE_CHIPSEQ:CHIPSEQ:ALIGN_BWA_MEM:BAM_SORT_SAMTOOLS:BAM_STATS_SAMTOOLS:SAMTOOLS_IDXSTATS,1702244389000,1702244389000,2,88.3,,1073741824.0,,,0.0,0.0,0.0,251.77,
809,NFCORE_CHIPSEQ:CHIPSEQ:PICARD_MERGESAMFILES,1702244381000,1702244384000,3,207.0,,1073741824.0,,,0.0021044693744791667,0.0021044693744791667,0.0,251.77,
800,NFCORE_CHIPSEQ:CHIPSEQ:PICARD_MERGESAMFILES,1702244375000,1702244378000,3,205.2,,1073741824.0,,,0.002086884813541667,0.002086884813541667,0.0,251.77,
813,NFCORE_CHIPSEQ:CHIPSEQ:PICARD_MERGESAMFILES,1702244387000,1702244390000,3,210.3,,1073741824.0,,,0.002136707736197917,0.002136707736197917,0.0,251.77,
808,NFCORE_CHIPSEQ:CHIPSEQ:PICARD_MERGESAMFILES,1702244384000,1702244388000,3,127.3,,1073741824.0,,,0.001767818790625,0.001767818790625,0.0,251.77,
812,NFCORE_CHIPSEQ:CHIPSEQ:PICARD_MERGESAMFILES,1702244387000,1702244390000,3,201.3,,1073741824.0,,,0.002048784931510417,0.002048784931510417,0.0,251.77,
804,NFCORE_CHIPSEQ:CHIPSEQ:PICARD_MERGESAMFILES,1702244378000,1702244381000,3,214.6,,1073741824.0,,,0.0021787152984375,0.0021787152984375,0.0,251.77,
801,NFCORE_CHIPSEQ:CHIPSEQ:PICARD_MERGESAMFILES,1702244370000,1702244373000,3,195.0,,1073741824.0,,,0.001987238968229167,0.001987238968229167,0.0,251.77,
811,NFCORE_CHIPSEQ:CHIPSEQ:PICARD_MERGESAMFILES,1702244384000,1702244387000,3,205.8,,1073741824.0,,,0.002092746333854167,0.002092746333854167,0.0,251.77,
810,NFCORE_CHIPSEQ:CHIPSEQ:PICARD_MERGESAMFILES,1702244376000,1702244379000,3,200.4,,1073741824.0,,,0.0020399926510416668,0.0020399926510416668,0.0,251.77,
816,NFCORE_CHIPSEQ:CHIPSEQ:PICARD_MERGESAMFILES,1702244387000,1702244390000,3,213.2,,1073741824.0,,,0.002165038417708334,0.002165038417708334,0.0,251.77,
827,NFCORE_CHIPSEQ:CHIPSEQ:PICARD_MERGESAMFILES,1702244389000,1702244393000,3,203.4,,1073741824.0,,,0.0027590670034722225,0.0027590670034722225,0.0,251.77,
806,NFCORE_CHIPSEQ:CHIPSEQ:PICARD_MERGESAMFILES,1702244371000,1702244374000,3,205.1,,1073741824.0,,,0.0020859078934895832,0.0020859078934895832,0.0,251.77,
823,NFCORE_CHIPSEQ:CHIPSEQ:PICARD_MERGESAMFILES,1702244384000,1702244387000,3,189.6,,1073741824.0,,,0.0019344852854166668,0.0019344852854166668,0.0,251.77,
830,NFCORE_CHIPSEQ:CHIPSEQ:PICARD_MERGESAMFILES,1702244392000,1702244395000,3,213.7,,1073741824.0,,,0.00216992301796875,0.00216992301796875,0.0,251.77,
825,NFCORE_CHIPSEQ:CHIPSEQ:PICARD_MERGESAMFILES,1702244390000,1702244393000,3,192.6,,1073741824.0,,,0.001963792886979167,0.001963792886979167,0.0,251.77,
901,NFCORE_CHIPSEQ:CHIPSEQ:ALIGN_BWA_MEM:BAM_SORT_SAMTOOLS:BAM_STATS_SAMTOOLS:SAMTOOLS_STATS,1702244356000,1702244388000,2,134.8,,1073741824.0,,,0.014924086366666667,0.014924086366666667,0.0,251.77,
907,NFCORE_CHIPSEQ:CHIPSEQ:ALIGN_BWA_MEM:BAM_SORT_SAMTOOLS:BAM_STATS_SAMTOOLS:SAMTOOLS_IDXSTATS,1702244380000,1702244381000,2,53.9,,1073741824.0,,,0.00020293492491319445,0.00020293492491319445,0.0,251.77,
905,NFCORE_CHIPSEQ:CHIPSEQ:ALIGN_BWA_MEM:BAM_SORT_SAMTOOLS:BAM_STATS_SAMTOOLS:SAMTOOLS_FLAGSTAT,1702244379000,1702244387000,2,148.4,,1073741824.0,,,0.004085317930555556,0.004085317930555556,0.0,251.77,
909,NFCORE_CHIPSEQ:CHIPSEQ:ALIGN_BWA_MEM:BAM_SORT_SAMTOOLS:BAM_STATS_SAMTOOLS:SAMTOOLS_IDXSTATS,1702244384000,1702244385000,2,59.8,,1073741824.0,,,0.0002221476859375,0.0002221476859375,0.0,251.77,
910,NFCORE_CHIPSEQ:CHIPSEQ:ALIGN_BWA_MEM:BAM_SORT_SAMTOOLS:BAM_STATS_SAMTOOLS:SAMTOOLS_FLAGSTAT,1702244385000,1702244393000,2,148.5,,1073741824.0,,,0.0040879230506944446,0.0040879230506944446,0.0,251.77,
914,NFCORE_CHIPSEQ:CHIPSEQ:ALIGN_BWA_MEM:BAM_SORT_SAMTOOLS:BAM_STATS_SAMTOOLS:SAMTOOLS_STATS,1702244361000,1702244391000,2,133.8,,1073741824.0,,,0.01389363896354167,0.01389363896354167,0.0,251.77,
919,NFCORE_CHIPSEQ:CHIPSEQ:ALIGN_BWA_MEM:BAM_SORT_SAMTOOLS:BAM_STATS_SAMTOOLS:SAMTOOLS_FLAGSTAT,1702244375000,1702244381000,2,146.2,,1073741824.0,,,0.0030210039656250005,0.0030210039656250005,0.0,251.77,
922,NFCORE_CHIPSEQ:CHIPSEQ:ALIGN_BWA_MEM:BAM_SORT_SAMTOOLS:BAM_STATS_SAMTOOLS:SAMTOOLS_STATS,1702244372000,1702244399000,2,136.0,,1073741824.0,,,0.012697705237499999,0.012697705237499999,0.0,251.77,
929,NFCORE_CHIPSEQ:CHIPSEQ:ALIGN_BWA_MEM:BAM_SORT_SAMTOOLS:BAM_STATS_SAMTOOLS:SAMTOOLS_FLAGSTAT,1702244394000,1702244400000,2,148.1,,1073741824.0,,,0.0030581269276041666,0.0030581269276041666,0.0,251.77,
931,NFCORE_CHIPSEQ:CHIPSEQ:ALIGN_BWA_MEM:BAM_SORT_SAMTOOLS:BAM_STATS_SAMTOOLS:SAMTOOLS_IDXSTATS,1702244391000,1702244391000,2,67.1,,1073741824.0,,,0.0,0.0,0.0,251.77,
934,NFCORE_CHIPSEQ:CHIPSEQ:ALIGN_BWA_MEM:BAM_SORT_SAMTOOLS:BAM_STATS_SAMTOOLS:SAMTOOLS_FLAGSTAT,1702244392000,1702244397000,2,150.5,,1073741824.0,,,0.0025875159084201393,0.0025875159084201393,0.0,251.77,
933,NFCORE_CHIPSEQ:CHIPSEQ:ALIGN_BWA_MEM:BAM_SORT_SAMTOOLS:BAM_STATS_SAMTOOLS:SAMTOOLS_IDXSTATS,1702244391000,1702244391000,2,57.1,,1073741824.0,,,0.0,0.0,0.0,251.77,
938,NFCORE_CHIPSEQ:CHIPSEQ:ALIGN_BWA_MEM:BAM_SORT_SAMTOOLS:BAM_STATS_SAMTOOLS:SAMTOOLS_FLAGSTAT,1702244383000,1702244388000,2,149.9,,1073741824.0,,,0.0025777467078993057,0.0025777467078993057,0.0,251.77,
939,NFCORE_CHIPSEQ:CHIPSEQ:ALIGN_BWA_MEM:BAM_SORT_SAMTOOLS:BAM_STATS_SAMTOOLS:SAMTOOLS_IDXSTATS,1702244383000,1702244383000,2,81.0,,1073741824.0,,,0.0,0.0,0.0,251.77,
940,NFCORE_CHIPSEQ:CHIPSEQ:ALIGN_BWA_MEM:BAM_SORT_SAMTOOLS:BAM_STATS_SAMTOOLS:SAMTOOLS_STATS,1702244382000,1702244406000,2,135.5,,1073741824.0,,,0.011247772297916668,0.011247772297916668,0.0,251.77,
943,NFCORE_CHIPSEQ:CHIPSEQ:ALIGN_BWA_MEM:BAM_SORT_SAMTOOLS:BAM_STATS_SAMTOOLS:SAMTOOLS_FLAGSTAT,1702244378000,1702244384000,2,153.4,,1073741824.0,,,0.0031616804531250002,0.0031616804531250002,0.0,251.77,
942,NFCORE_CHIPSEQ:CHIPSEQ:ALIGN_BWA_MEM:BAM_SORT_SAMTOOLS:BAM_STATS_SAMTOOLS:SAMTOOLS_STATS,1702244378000,1702244403000,2,135.1,,1073741824.0,,,0.011683865475260416,0.011683865475260416,0.0,251.77,
941,NFCORE_CHIPSEQ:CHIPSEQ:ALIGN_BWA_MEM:BAM_SORT_SAMTOOLS:BAM_STATS_SAMTOOLS:SAMTOOLS_IDXSTATS,1702244378000,1702244378000,2,108.5,,1073741824.0,,,0.0,0.0,0.0,251.77,
945,NFCORE_CHIPSEQ:CHIPSEQ:ALIGN_BWA_MEM:BAM_SORT_SAMTOOLS:BAM_STATS_SAMTOOLS:SAMTOOLS_FLAGSTAT,1702244381000,1702244388000,2,147.9,,1073741824.0,,,0.0035632557886284724,0.0035632557886284724,0.0,251.77,
944,NFCORE_CHIPSEQ:CHIPSEQ:ALIGN_BWA_MEM:BAM_SORT_SAMTOOLS:BAM_STATS_SAMTOOLS:SAMTOOLS_STATS,1702244381000,1702244406000,2,135.0,,1073741824.0,,,0.011675724474826388,0.011675724474826388,0.0,251.77,
946,NFCORE_CHIPSEQ:CHIPSEQ:ALIGN_BWA_MEM:BAM_SORT_SAMTOOLS:BAM_STATS_SAMTOOLS:SAMTOOLS_IDXSTATS,1702244380000,1702244380000,2,137.9,,1073741824.0,,,0.0,0.0,0.0,251.77,
953,NFCORE_CHIPSEQ:CHIPSEQ:ALIGN_BWA_MEM:BAM_SORT_SAMTOOLS:BAM_STATS_SAMTOOLS:SAMTOOLS_FLAGSTAT,1702244389000,1702244395000,2,146.4,,1073741824.0,,,0.0030249116458333333,0.0030249116458333333,0.0,251.77,
952,NFCORE_CHIPSEQ:CHIPSEQ:ALIGN_BWA_MEM:BAM_SORT_SAMTOOLS:BAM_STATS_SAMTOOLS:SAMTOOLS_IDXSTATS,1702244385000,1702244386000,2,33.8,,1073741824.0,,,0.00013748128142361112,0.00013748128142361112,0.0,251.77,
621,NFCORE_CHIPSEQ:CHIPSEQ:ALIGN_BWA_MEM:BAM_SORT_SAMTOOLS:BAM_STATS_SAMTOOLS:SAMTOOLS_STATS,1702244342000,1702244382000,2,133.9,,1073741824.0,,,0.018537877552083335,0.018537877552083335,0.0,251.77,
623,NFCORE_CHIPSEQ:CHIPSEQ:ALIGN_BWA_MEM:BAM_SORT_SAMTOOLS:BAM_STATS_SAMTOOLS:SAMTOOLS_STATS,1702244355000,1702244393000,2,134.1,,1073741824.0,,,0.01763573231579861,0.01763573231579861,0.0,251.77,
669,NFCORE_CHIPSEQ:CHIPSEQ:ALIGN_BWA_MEM:BAM_SORT_SAMTOOLS:BAM_STATS_SAMTOOLS:SAMTOOLS_FLAGSTAT,1702244379000,1702244387000,2,150.1,,1073741824.0,,,0.004129604972916667,0.004129604972916667,0.0,251.77,
668,NFCORE_CHIPSEQ:CHIPSEQ:ALIGN_BWA_MEM:BAM_SORT_SAMTOOLS:BAM_STATS_SAMTOOLS:SAMTOOLS_STATS,1702244369000,1702244405000,2,133.5,,1073741824.0,,,0.016637197634375,0.016637197634375,0.0,251.77,
681,NFCORE_CHIPSEQ:CHIPSEQ:ALIGN_BWA_MEM:BAM_SORT_SAMTOOLS:BAM_STATS_SAMTOOLS:SAMTOOLS_STATS,1702244360000,1702244395000,2,133.9,,1073741824.0,,,0.01622064285807292,0.01622064285807292,0.0,251.77,
697,NFCORE_CHIPSEQ:CHIPSEQ:ALIGN_BWA_MEM:BAM_SORT_SAMTOOLS:BAM_STATS_SAMTOOLS:SAMTOOLS_FLAGSTAT,1702244382000,1702244390000,2,150.5,,1073741824.0,,,0.004140025453472223,0.004140025453472223,0.0,251.77,
709,NFCORE_CHIPSEQ:CHIPSEQ:ALIGN_BWA_MEM:BAM_SORT_SAMTOOLS:BAM_STATS_SAMTOOLS:SAMTOOLS_STATS,1702244368000,1702244402000,2,134.0,,1073741824.0,,,0.015768267679861114,0.015768267679861114,0.0,251.77,
717,NFCORE_CHIPSEQ:CHIPSEQ:ALIGN_BWA_MEM:BAM_SORT_SAMTOOLS:BAM_STATS_SAMTOOLS:SAMTOOLS_STATS,1702244358000,1702244393000,2,134.5,,1073741824.0,,,0.016289027261718755,0.016289027261718755,0.0,251.77,
719,NFCORE_CHIPSEQ:CHIPSEQ:ALIGN_BWA_MEM:BAM_SORT_SAMTOOLS:BAM_STATS_SAMTOOLS:SAMTOOLS_STATS,1702244364000,1702244399000,2,134.3,,1073741824.0,,,0.016266232460503474,0.016266232460503474,0.0,251.77,
722,NFCORE_CHIPSEQ:CHIPSEQ:ALIGN_BWA_MEM:BAM_SORT_SAMTOOLS:BAM_STATS_SAMTOOLS:SAMTOOLS_STATS,1702244358000,1702244393000,2,132.4,,1073741824.0,,,0.016049681848958337,0.016049681848958337,0.0,251.77,
727,NFCORE_CHIPSEQ:CHIPSEQ:ALIGN_BWA_MEM:BAM_SORT_SAMTOOLS:BAM_STATS_SAMTOOLS:SAMTOOLS_FLAGSTAT,1702244381000,1702244388000,2,155.1,,1073741824.0,,,0.0037273783573784722,0.0037273783573784722,0.0,251.77,
725,NFCORE_CHIPSEQ:CHIPSEQ:ALIGN_BWA_MEM:BAM_SORT_SAMTOOLS:BAM_STATS_SAMTOOLS:SAMTOOLS_STATS,1702244379000,1702244408000,2,135.0,,1073741824.0,,,0.013543840390798614,0.013543840390798614,0.0,251.77,
736,NFCORE_CHIPSEQ:CHIPSEQ:ALIGN_BWA_MEM:BAM_SORT_SAMTOOLS:BAM_STATS_SAMTOOLS:SAMTOOLS_STATS,1702244368000,1702244402000,2,133.0,,1073741824.0,,,0.015657550073958335,0.015657550073958335,0.0,251.77,
738,NFCORE_CHIPSEQ:CHIPSEQ:ALIGN_BWA_MEM:BAM_SORT_SAMTOOLS:BAM_STATS_SAMTOOLS:SAMTOOLS_IDXSTATS,1702244388000,1702244389000,2,98.2,,1073741824.0,,,0.0003471934526041667,0.0003471934526041667,0.0,251.77,
740,NFCORE_CHIPSEQ:CHIPSEQ:ALIGN_BWA_MEM:BAM_SORT_SAMTOOLS:BAM_STATS_SAMTOOLS:SAMTOOLS_FLAGSTAT,1702244385000,1702244393000,2,152.4,,1073741824.0,,,0.0041895227361111115,0.0041895227361111115,0.0,251.77,
742,NFCORE_CHIPSEQ:CHIPSEQ:ALIGN_BWA_MEM:BAM_SORT_SAMTOOLS:BAM_STATS_SAMTOOLS:SAMTOOLS_FLAGSTAT,1702244382000,1702244390000,2,151.7,,1073741824.0,,,0.004171286895138889,0.004171286895138889,0.0,251.77,
760,NFCORE_CHIPSEQ:CHIPSEQ:ALIGN_BWA_MEM:BAM_SORT_SAMTOOLS:BAM_STATS_SAMTOOLS:SAMTOOLS_STATS,1702244365000,1702244396000,2,133.8,,1073741824.0,,,0.01435676026232639,0.01435676026232639,0.0,251.77,
762,NFCORE_CHIPSEQ:CHIPSEQ:ALIGN_BWA_MEM:BAM_SORT_SAMTOOLS:BAM_STATS_SAMTOOLS:SAMTOOLS_FLAGSTAT,1702244403000,1702244410000,2,158.0,,1073741824.0,,,0.003793483280902778,0.003793483280902778,0.0,251.77,
761,NFCORE_CHIPSEQ:CHIPSEQ:ALIGN_BWA_MEM:BAM_SORT_SAMTOOLS:BAM_STATS_SAMTOOLS:SAMTOOLS_IDXSTATS,1702244403000,1702244403000,2,98.2,,1073741824.0,,,0.0,0.0,0.0,251.77,
766,NFCORE_CHIPSEQ:CHIPSEQ:ALIGN_BWA_MEM:BAM_SORT_SAMTOOLS:BAM_STATS_SAMTOOLS:SAMTOOLS_FLAGSTAT,1702244385000,1702244391000,2,158.7,,1073741824.0,,,0.003265233978645834,0.003265233978645834,0.0,251.77,
765,NFCORE_CHIPSEQ:CHIPSEQ:ALIGN_BWA_MEM:BAM_SORT_SAMTOOLS:BAM_STATS_SAMTOOLS:SAMTOOLS_STATS,1702244384000,1702244412000,2,134.5,,1073741824.0,,,0.013031221809375,0.013031221809375,0.0,251.77,
767,NFCORE_CHIPSEQ:CHIPSEQ:ALIGN_BWA_MEM:BAM_SORT_SAMTOOLS:BAM_STATS_SAMTOOLS:SAMTOOLS_STATS,1702244362000,1702244394000,2,133.5,,1073741824.0,,,0.014788620119444446,0.014788620119444446,0.0,251.77,
772,NFCORE_CHIPSEQ:CHIPSEQ:ALIGN_BWA_MEM:BAM_SORT_SAMTOOLS:BAM_STATS_SAMTOOLS:SAMTOOLS_STATS,1702244369000,1702244400000,2,135.0,,1073741824.0,,,0.014477898348784723,0.014477898348784723,0.0,251.77,
773,NFCORE_CHIPSEQ:CHIPSEQ:ALIGN_BWA_MEM:BAM_SORT_SAMTOOLS:BAM_STATS_SAMTOOLS:SAMTOOLS_FLAGSTAT,1702244399000,1702244406000,2,152.8,,1073741824.0,,,0.003674950314583334,0.003674950314583334,0.0,251.77,
774,NFCORE_CHIPSEQ:CHIPSEQ:ALIGN_BWA_MEM:BAM_SORT_SAMTOOLS:BAM_STATS_SAMTOOLS:SAMTOOLS_IDXSTATS,1702244399000,1702244399000,2,75.3,,1073741824.0,,,0.0,0.0,0.0,251.77,
776,NFCORE_CHIPSEQ:CHIPSEQ:ALIGN_BWA_MEM:BAM_SORT_SAMTOOLS:BAM_STATS_SAMTOOLS:SAMTOOLS_STATS,1702244379000,1702244411000,2,134.2,,1073741824.0,,,0.014861563483333331,0.014861563483333331,0.0,251.77,
783,NFCORE_CHIPSEQ:CHIPSEQ:ALIGN_BWA_MEM:BAM_SORT_SAMTOOLS:BAM_STATS_SAMTOOLS:SAMTOOLS_FLAGSTAT,1702244390000,1702244398000,2,151.8,,1073741824.0,,,0.004173892015277778,0.004173892015277778,0.0,251.77,
818,NFCORE_CHIPSEQ:CHIPSEQ:PICARD_MERGESAMFILES,1702244390000,1702244393000,3,201.0,,1073741824.0,,,0.002045854171354167,0.002045854171354167,0.0,251.77,
820,NFCORE_CHIPSEQ:CHIPSEQ:PICARD_MERGESAMFILES,1702244400000,1702244403000,3,204.1,,1073741824.0,,,0.00207613869296875,0.00207613869296875,0.0,251.77,
822,NFCORE_CHIPSEQ:CHIPSEQ:PICARD_MERGESAMFILES,1702244403000,1702244406000,3,203.8,,1073741824.0,,,0.0020732079328125005,0.0020732079328125005,0.0,251.77,
826,NFCORE_CHIPSEQ:CHIPSEQ:PICARD_MERGESAMFILES,1702244400000,1702244403000,3,200.6,,1073741824.0,,,0.0020419464911458334,0.0020419464911458334,0.0,251.77,
819,NFCORE_CHIPSEQ:CHIPSEQ:PICARD_MERGESAMFILES,1702244393000,1702244398000,3,201.1,,1073741824.0,,,0.0034113851523437503,0.0034113851523437503,0.0,251.77,
817,NFCORE_CHIPSEQ:CHIPSEQ:PICARD_MERGESAMFILES,1702244391000,1702244394000,3,193.5,,1073741824.0,,,0.001972585167447917,0.001972585167447917,0.0,251.77,
838,NFCORE_CHIPSEQ:CHIPSEQ:PICARD_MERGESAMFILES,1702244400000,1702244403000,3,209.5,,1073741824.0,,,0.0021288923757812497,0.0021288923757812497,0.0,251.77,
824,NFCORE_CHIPSEQ:CHIPSEQ:PICARD_MERGESAMFILES,1702244392000,1702244395000,3,201.2,,1073741824.0,,,0.002047808011458333,0.002047808011458333,0.0,251.77,
834,NFCORE_CHIPSEQ:CHIPSEQ:PICARD_MERGESAMFILES,1702244406000,1702244409000,3,189.3,,1073741824.0,,,0.0019315545252604172,0.0019315545252604172,0.0,251.77,
815,NFCORE_CHIPSEQ:CHIPSEQ:PICARD_MERGESAMFILES,1702244401000,1702244404000,3,201.3,,1073741824.0,,,0.002048784931510417,0.002048784931510417,0.0,251.77,
814,NFCORE_CHIPSEQ:CHIPSEQ:PICARD_MERGESAMFILES,1702244393000,1702244396000,3,195.5,,1073741824.0,,,0.0019921235684895837,0.0019921235684895837,0.0,251.77,
835,NFCORE_CHIPSEQ:CHIPSEQ:PICARD_MERGESAMFILES,1702244410000,1702244413000,3,204.8,,1073741824.0,,,0.0020829771333333333,0.0020829771333333333,0.0,251.77,
829,NFCORE_CHIPSEQ:CHIPSEQ:PICARD_MERGESAMFILES,1702244393000,1702244396000,3,199.7,,1073741824.0,,,0.0020331542106770835,0.0020331542106770835,0.0,251.77,
837,NFCORE_CHIPSEQ:CHIPSEQ:PICARD_MERGESAMFILES,1702244398000,1702244402000,3,195.8,,1073741824.0,,,0.002660072438194445,0.002660072438194445,0.0,251.77,
832,NFCORE_CHIPSEQ:CHIPSEQ:PICARD_MERGESAMFILES,1702244406000,1702244409000,3,205.3,,1073741824.0,,,0.00208786173359375,0.00208786173359375,0.0,251.77,
821,NFCORE_CHIPSEQ:CHIPSEQ:PICARD_MERGESAMFILES,1702244397000,1702244400000,3,193.8,,1073741824.0,,,0.0019755159276041673,0.0019755159276041673,0.0,251.77,
840,NFCORE_CHIPSEQ:CHIPSEQ:PICARD_MERGESAMFILES,1702244409000,1702244412000,3,197.9,,1073741824.0,,,0.0020155696497395834,0.0020155696497395834,0.0,251.77,
836,NFCORE_CHIPSEQ:CHIPSEQ:PICARD_MERGESAMFILES,1702244406000,1702244409000,3,202.6,,1073741824.0,,,0.0020614848921874994,0.0020614848921874994,0.0,251.77,
839,NFCORE_CHIPSEQ:CHIPSEQ:PICARD_MERGESAMFILES,1702244393000,1702244396000,3,208.6,,1073741824.0,,,0.0021201000953125,0.0021201000953125,0.0,251.77,
833,NFCORE_CHIPSEQ:CHIPSEQ:PICARD_MERGESAMFILES,1702244408000,1702244411000,3,207.4,,1073741824.0,,,0.0021083770546875004,0.0021083770546875004,0.0,251.77,
831,NFCORE_CHIPSEQ:CHIPSEQ:PICARD_MERGESAMFILES,1702244407000,1702244410000,3,183.6,,1073741824.0,,,0.0018758700822916665,0.0018758700822916665,0.0,251.77,
828,NFCORE_CHIPSEQ:CHIPSEQ:PICARD_MERGESAMFILES,1702244404000,1702244407000,3,205.8,,1073741824.0,,,0.002092746333854167,0.002092746333854167,0.0,251.77,
857,NFCORE_CHIPSEQ:CHIPSEQ:PICARD_MERGESAMFILES,1702244406000,1702244409000,3,199.7,,1073741824.0,,,0.0020331542106770835,0.0020331542106770835,0.0,251.77,
854,NFCORE_CHIPSEQ:CHIPSEQ:PICARD_MERGESAMFILES,1702244415000,1702244417000,3,215.8,,1073741824.0,,,0.001460292226041667,0.001460292226041667,0.0,251.77,
845,NFCORE_CHIPSEQ:CHIPSEQ:PICARD_MERGESAMFILES,1702244399000,1702244402000,3,180.4,,1073741824.0,,,0.001844608640625,0.001844608640625,0.0,251.77,
841,NFCORE_CHIPSEQ:CHIPSEQ:PICARD_MERGESAMFILES,1702244396000,1702244399000,3,218.4,,1073741824.0,,,0.002215838260416667,0.002215838260416667,0.0,251.77,
843,NFCORE_CHIPSEQ:CHIPSEQ:PICARD_MERGESAMFILES,1702244407000,1702244410000,3,185.1,,1073741824.0,,,0.0018905238830729167,0.0018905238830729167,0.0,251.77,
848,NFCORE_CHIPSEQ:CHIPSEQ:PICARD_MERGESAMFILES,1702244403000,1702244406000,3,190.7,,1073741824.0,,,0.0019452314059895837,0.0019452314059895837,0.0,251.77,
856,NFCORE_CHIPSEQ:CHIPSEQ:PICARD_MERGESAMFILES,1702244407000,1702244410000,3,197.6,,1073741824.0,,,0.0020126388895833334,0.0020126388895833334,0.0,251.77,
846,NFCORE_CHIPSEQ:CHIPSEQ:PICARD_MERGESAMFILES,1702244411000,1702244414000,3,200.4,,1073741824.0,,,0.0020399926510416668,0.0020399926510416668,0.0,251.77,
851,NFCORE_CHIPSEQ:CHIPSEQ:PICARD_MERGESAMFILES,1702244399000,1702244403000,3,197.3,,1073741824.0,,,0.002679610839236112,0.002679610839236112,0.0,251.77,
850,NFCORE_CHIPSEQ:CHIPSEQ:PICARD_MERGESAMFILES,1702244417000,1702244420000,3,205.0,,1073741824.0,,,0.0020849309734375003,0.0020849309734375003,0.0,251.77,
861,NFCORE_CHIPSEQ:CHIPSEQ:PICARD_MERGESAMFILES,1702244410000,1702244413000,3,201.8,,1073741824.0,,,0.0020536695317708333,0.0020536695317708333,0.0,251.77,
860,NFCORE_CHIPSEQ:CHIPSEQ:PICARD_MERGESAMFILES,1702244408000,1702244411000,3,207.7,,1073741824.0,,,0.0021113078148437495,0.0021113078148437495,0.0,251.77,
849,NFCORE_CHIPSEQ:CHIPSEQ:PICARD_MERGESAMFILES,1702244412000,1702244416000,3,195.6,,1073741824.0,,,0.0026574673180555564,0.0026574673180555564,0.0,251.77,
859,NFCORE_CHIPSEQ:CHIPSEQ:PICARD_MERGESAMFILES,1702244416000,1702244419000,3,205.0,,1073741824.0,,,0.0020849309734375003,0.0020849309734375003,0.0,251.77,
842,NFCORE_CHIPSEQ:CHIPSEQ:PICARD_MERGESAMFILES,1702244412000,1702244416000,3,196.2,,1073741824.0,,,0.002665282678472222,0.002665282678472222,0.0,251.77,
855,NFCORE_CHIPSEQ:CHIPSEQ:PICARD_MERGESAMFILES,1702244417000,1702244420000,3,209.1,,1073741824.0,,,0.0021249846955729164,0.0021249846955729164,0.0,251.77,
864,NFCORE_CHIPSEQ:CHIPSEQ:PICARD_MERGESAMFILES,1702244407000,1702244410000,3,206.1,,1073741824.0,,,0.002095677094010417,0.002095677094010417,0.0,251.77,
847,NFCORE_CHIPSEQ:CHIPSEQ:PICARD_MERGESAMFILES,1702244398000,1702244402000,3,190.5,,1073741824.0,,,0.0025910367545138886,0.0025910367545138886,0.0,251.77,
844,NFCORE_CHIPSEQ:CHIPSEQ:PICARD_MERGESAMFILES,1702244413000,1702244416000,3,209.3,,1073741824.0,,,0.002126938535677084,0.002126938535677084,0.0,251.77,
865,NFCORE_CHIPSEQ:CHIPSEQ:PICARD_MERGESAMFILES,1702244419000,1702244422000,3,210.1,,1073741824.0,,,0.0021347538960937505,0.0021347538960937505,0.0,251.77,
866,NFCORE_CHIPSEQ:CHIPSEQ:PICARD_MERGESAMFILES,1702244413000,1702244416000,3,204.5,,1073741824.0,,,0.0020800463731770833,0.0020800463731770833,0.0,251.77,
872,NFCORE_CHIPSEQ:CHIPSEQ:PICARD_MERGESAMFILES,1702244421000,1702244424000,3,207.4,,1073741824.0,,,0.0021083770546875004,0.0021083770546875004,0.0,251.77,
867,NFCORE_CHIPSEQ:CHIPSEQ:PICARD_MERGESAMFILES,1702244414000,1702244417000,3,203.3,,1073741824.0,,,0.0020683233325520835,0.0020683233325520835,0.0,251.77,
858,NFCORE_CHIPSEQ:CHIPSEQ:PICARD_MERGESAMFILES,1702244412000,1702244416000,3,209.1,,1073741824.0,,,0.0028333129274305557,0.0028333129274305557,0.0,251.77,
876,NFCORE_CHIPSEQ:CHIPSEQ:PICARD_MERGESAMFILES,1702244415000,1702244419000,3,208.7,,1073741824.0,,,0.0028281026871527777,0.0028281026871527777,0.0,251.77,
882,NFCORE_CHIPSEQ:CHIPSEQ:PICARD_MERGESAMFILES,1702244415000,1702244418000,3,195.6,,1073741824.0,,,0.001993100488541667,0.001993100488541667,0.0,251.77,
898,NFCORE_CHIPSEQ:CHIPSEQ:PICARD_MERGESAMFILES,1702244423000,1702244426000,3,208.1,,1073741824.0,,,0.0021152154950520832,0.0021152154950520832,0.0,251.77,
870,NFCORE_CHIPSEQ:CHIPSEQ:PICARD_MERGESAMFILES,1702244419000,1702244422000,3,207.8,,1073741824.0,,,0.0021122847348958337,0.0021122847348958337,0.0,251.77,
871,NFCORE_CHIPSEQ:CHIPSEQ:PICARD_MERGESAMFILES,1702244419000,1702244424000,3,197.2,,1073741824.0,,,0.0033478853489583332,0.0033478853489583332,0.0,251.77,
868,NFCORE_CHIPSEQ:CHIPSEQ:PICARD_MERGESAMFILES,1702244419000,1702244423000,3,198.1,,1073741824.0,,,0.0026900313197916665,0.0026900313197916665,0.0,251.77,
873,NFCORE_CHIPSEQ:CHIPSEQ:PICARD_MERGESAMFILES,1702244410000,1702244413000,3,202.9,,1073741824.0,,,0.00206441565234375,0.00206441565234375,0.0,251.77,
877,NFCORE_CHIPSEQ:CHIPSEQ:PICARD_MERGESAMFILES,1702244419000,1702244421000,3,209.6,,1073741824.0,,,0.0014199128638888888,0.0014199128638888888,0.0,251.77,
887,NFCORE_CHIPSEQ:CHIPSEQ:PICARD_MERGESAMFILES,1702244416000,1702244421000,3,205.3,,1073741824.0,,,0.0034797695559895835,0.0034797695559895835,0.0,251.77,
892,NFCORE_CHIPSEQ:CHIPSEQ:PICARD_MERGESAMFILES,1702244424000,1702244427000,3,213.6,,1073741824.0,,,0.002168946097916667,0.002168946097916667,0.0,251.77,
878,NFCORE_CHIPSEQ:CHIPSEQ:PICARD_MERGESAMFILES,1702244417000,1702244421000,3,195.8,,1073741824.0,,,0.002660072438194445,0.002660072438194445,0.0,251.77,
896,NFCORE_CHIPSEQ:CHIPSEQ:PICARD_MERGESAMFILES,1702244425000,1702244428000,3,199.4,,1073741824.0,,,0.0020302234505208336,0.0020302234505208336,0.0,251.77,
889,NFCORE_CHIPSEQ:CHIPSEQ:PICARD_MERGESAMFILES,1702244423000,1702244426000,3,202.2,,1073741824.0,,,0.0020575772119791665,0.0020575772119791665,0.0,251.77,
888,NFCORE_CHIPSEQ:CHIPSEQ:PICARD_MERGESAMFILES,1702244419000,1702244421000,3,206.4,,1073741824.0,,,0.0013990719027777777,0.0013990719027777777,0.0,251.77,
897,NFCORE_CHIPSEQ:CHIPSEQ:PICARD_MERGESAMFILES,1702244424000,1702244428000,3,197.4,,1073741824.0,,,0.002680913399305556,0.002680913399305556,0.0,251.77,
880,NFCORE_CHIPSEQ:CHIPSEQ:PICARD_MERGESAMFILES,1702244415000,1702244418000,3,199.2,,1073741824.0,,,0.002028269610416667,0.002028269610416667,0.0,251.77,
874,NFCORE_CHIPSEQ:CHIPSEQ:PICARD_MERGESAMFILES,1702244413000,1702244416000,3,206.2,,1073741824.0,,,0.0020966540140625,0.0020966540140625,0.0,251.77,
875,NFCORE_CHIPSEQ:CHIPSEQ:PICARD_MERGESAMFILES,1702244422000,1702244425000,3,197.4,,1073741824.0,,,0.002010685049479167,0.002010685049479167,0.0,251.77,
879,NFCORE_CHIPSEQ:CHIPSEQ:PICARD_MERGESAMFILES,1702244416000,1702244419000,3,208.9,,1073741824.0,,,0.0021230308554687507,0.0021230308554687507,0.0,251.77,
904,NFCORE_CHIPSEQ:CHIPSEQ:ALIGN_BWA_MEM:BAM_SORT_SAMTOOLS:BAM_STATS_SAMTOOLS:SAMTOOLS_STATS,1702244397000,1702244421000,2,131.7,,1073741824.0,,,0.010950788602083332,0.010950788602083332,0.0,251.77,
902,NFCORE_CHIPSEQ:CHIPSEQ:ALIGN_BWA_MEM:BAM_SORT_SAMTOOLS:BAM_STATS_SAMTOOLS:SAMTOOLS_FLAGSTAT,1702244404000,1702244409000,2,158.1,,1073741824.0,,,0.0027112591150173617,0.0027112591150173617,0.0,251.77,
903,NFCORE_CHIPSEQ:CHIPSEQ:ALIGN_BWA_MEM:BAM_SORT_SAMTOOLS:BAM_STATS_SAMTOOLS:SAMTOOLS_IDXSTATS,1702244400000,1702244400000,2,73.1,,1073741824.0,,,0.0,0.0,0.0,251.77,
906,NFCORE_CHIPSEQ:CHIPSEQ:ALIGN_BWA_MEM:BAM_SORT_SAMTOOLS:BAM_STATS_SAMTOOLS:SAMTOOLS_STATS,1702244383000,1702244415000,2,132.3,,1073741824.0,,,0.014663574352777778,0.014663574352777778,0.0,251.77,
908,NFCORE_CHIPSEQ:CHIPSEQ:ALIGN_BWA_MEM:BAM_SORT_SAMTOOLS:BAM_STATS_SAMTOOLS:SAMTOOLS_STATS,1702244384000,1702244415000,2,132.5,,1073741824.0,,,0.014225527335329863,0.014225527335329863,0.0,251.77,
911,NFCORE_CHIPSEQ:CHIPSEQ:ALIGN_BWA_MEM:BAM_SORT_SAMTOOLS:BAM_STATS_SAMTOOLS:SAMTOOLS_IDXSTATS,1702244426000,1702244426000,2,120.4,,1073741824.0,,,0.0,0.0,0.0,251.77,
913,NFCORE_CHIPSEQ:CHIPSEQ:ALIGN_BWA_MEM:BAM_SORT_SAMTOOLS:BAM_STATS_SAMTOOLS:SAMTOOLS_FLAGSTAT,1702244424000,1702244430000,2,161.3,,1073741824.0,,,0.003316033821354167,0.003316033821354167,0.0,251.77,
918,NFCORE_CHIPSEQ:CHIPSEQ:ALIGN_BWA_MEM:BAM_SORT_SAMTOOLS:BAM_STATS_SAMTOOLS:SAMTOOLS_STATS,1702244377000,1702244405000,2,133.8,,1073741824.0,,,0.012967396365972224,0.012967396365972224,0.0,251.77,
924,NFCORE_CHIPSEQ:CHIPSEQ:ALIGN_BWA_MEM:BAM_SORT_SAMTOOLS:BAM_STATS_SAMTOOLS:SAMTOOLS_FLAGSTAT,1702244421000,1702244427000,2,159.9,,1073741824.0,,,0.0032886800598958335,0.0032886800598958335,0.0,251.77,
925,NFCORE_CHIPSEQ:CHIPSEQ:ALIGN_BWA_MEM:BAM_SORT_SAMTOOLS:BAM_STATS_SAMTOOLS:SAMTOOLS_IDXSTATS,1702244417000,1702244418000,2,93.6,,1073741824.0,,,0.00033221401180555556,0.00033221401180555556,0.0,251.77,
928,NFCORE_CHIPSEQ:CHIPSEQ:ALIGN_BWA_MEM:BAM_SORT_SAMTOOLS:BAM_STATS_SAMTOOLS:SAMTOOLS_FLAGSTAT,1702244415000,1702244421000,2,152.0,,1073741824.0,,,0.0031343266916666664,0.0031343266916666664,0.0,251.77,
927,NFCORE_CHIPSEQ:CHIPSEQ:ALIGN_BWA_MEM:BAM_SORT_SAMTOOLS:BAM_STATS_SAMTOOLS:SAMTOOLS_IDXSTATS,1702244414000,1702244414000,2,99.4,,1073741824.0,,,0.0,0.0,0.0,251.77,
930,NFCORE_CHIPSEQ:CHIPSEQ:ALIGN_BWA_MEM:BAM_SORT_SAMTOOLS:BAM_STATS_SAMTOOLS:SAMTOOLS_STATS,1702244390000,1702244416000,2,133.9,,1073741824.0,,,0.012049620408854166,0.012049620408854166,0.0,251.77,
932,NFCORE_CHIPSEQ:CHIPSEQ:ALIGN_BWA_MEM:BAM_SORT_SAMTOOLS:BAM_STATS_SAMTOOLS:SAMTOOLS_STATS,1702244397000,1702244421000,2,133.6,,1073741824.0,,,0.01109928045,0.01109928045,0.0,251.77,
935,NFCORE_CHIPSEQ:CHIPSEQ:ALIGN_BWA_MEM:BAM_SORT_SAMTOOLS:BAM_STATS_SAMTOOLS:SAMTOOLS_IDXSTATS,1702244409000,1702244409000,2,79.0,,1073741824.0,,,0.0,0.0,0.0,251.77,
936,NFCORE_CHIPSEQ:CHIPSEQ:ALIGN_BWA_MEM:BAM_SORT_SAMTOOLS:BAM_STATS_SAMTOOLS:SAMTOOLS_STATS,1702244408000,1702244432000,2,134.6,,1073741824.0,,,0.011177434054166668,0.011177434054166668,0.0,251.77,
937,NFCORE_CHIPSEQ:CHIPSEQ:ALIGN_BWA_MEM:BAM_SORT_SAMTOOLS:BAM_STATS_SAMTOOLS:SAMTOOLS_FLAGSTAT,1702244406000,1702244412000,2,149.5,,1073741824.0,,,0.0030854806890625005,0.0030854806890625005,0.0,251.77,
951,NFCORE_CHIPSEQ:CHIPSEQ:ALIGN_BWA_MEM:BAM_SORT_SAMTOOLS:BAM_STATS_SAMTOOLS:SAMTOOLS_STATS,1702244387000,1702244412000,2,134.2,,1073741824.0,,,0.011610596471354167,0.011610596471354167,0.0,251.77,
698,NFCORE_CHIPSEQ:CHIPSEQ:ALIGN_BWA_MEM:BAM_SORT_SAMTOOLS:BAM_STATS_SAMTOOLS:SAMTOOLS_STATS,1702244382000,1702244417000,2,134.5,,1073741824.0,,,0.016289027261718755,0.016289027261718755,0.0,251.77,
739,NFCORE_CHIPSEQ:CHIPSEQ:ALIGN_BWA_MEM:BAM_SORT_SAMTOOLS:BAM_STATS_SAMTOOLS:SAMTOOLS_STATS,1702244388000,1702244420000,2,133.2,,1073741824.0,,,0.01475735867777778,0.01475735867777778,0.0,251.77,
741,NFCORE_CHIPSEQ:CHIPSEQ:ALIGN_BWA_MEM:BAM_SORT_SAMTOOLS:BAM_STATS_SAMTOOLS:SAMTOOLS_STATS,1702244386000,1702244419000,2,133.8,,1073741824.0,,,0.015283002859895835,0.015283002859895835,0.0,251.77,
763,NFCORE_CHIPSEQ:CHIPSEQ:ALIGN_BWA_MEM:BAM_SORT_SAMTOOLS:BAM_STATS_SAMTOOLS:SAMTOOLS_STATS,1702244400000,1702244429000,2,133.2,,1073741824.0,,,0.01337385630173611,0.01337385630173611,0.0,251.77,
775,NFCORE_CHIPSEQ:CHIPSEQ:ALIGN_BWA_MEM:BAM_SORT_SAMTOOLS:BAM_STATS_SAMTOOLS:SAMTOOLS_STATS,1702244398000,1702244427000,2,133.2,,1073741824.0,,,0.01337385630173611,0.01337385630173611,0.0,251.77,
782,NFCORE_CHIPSEQ:CHIPSEQ:ALIGN_BWA_MEM:BAM_SORT_SAMTOOLS:BAM_STATS_SAMTOOLS:SAMTOOLS_STATS,1702244392000,1702244422000,2,133.8,,1073741824.0,,,0.01389363896354167,0.01389363896354167,0.0,251.77,
852,NFCORE_CHIPSEQ:CHIPSEQ:PICARD_MERGESAMFILES,1702244419000,1702244422000,3,196.1,,1073741824.0,,,0.0019979850888020836,0.0019979850888020836,0.0,251.77,
853,NFCORE_CHIPSEQ:CHIPSEQ:PICARD_MERGESAMFILES,1702244419000,1702244422000,3,198.3,,1073741824.0,,,0.002019477329947917,0.002019477329947917,0.0,251.77,
862,NFCORE_CHIPSEQ:CHIPSEQ:PICARD_MERGESAMFILES,1702244425000,1702244428000,3,187.2,,1073741824.0,,,0.0019110392041666669,0.0019110392041666669,0.0,251.77,
863,NFCORE_CHIPSEQ:CHIPSEQ:PICARD_MERGESAMFILES,1702244422000,1702244425000,3,216.6,,1073741824.0,,,0.0021982536994791667,0.0021982536994791667,0.0,251.77,
869,NFCORE_CHIPSEQ:CHIPSEQ:PICARD_MERGESAMFILES,1702244430000,1702244433000,3,200.3,,1073741824.0,,,0.0020390157309895835,0.0020390157309895835,0.0,251.77,
883,NFCORE_CHIPSEQ:CHIPSEQ:PICARD_MERGESAMFILES,1702244427000,1702244430000,3,200.4,,1073741824.0,,,0.0020399926510416668,0.0020399926510416668,0.0,251.77,
884,NFCORE_CHIPSEQ:CHIPSEQ:PICARD_MERGESAMFILES,1702244426000,1702244430000,3,196.7,,1073741824.0,,,0.0026717954788194444,0.0026717954788194444,0.0,251.77,
885,NFCORE_CHIPSEQ:CHIPSEQ:PICARD_MERGESAMFILES,1702244425000,1702244428000,3,199.3,,1073741824.0,,,0.00202924653046875,0.00202924653046875,0.0,251.77,
895,NFCORE_CHIPSEQ:CHIPSEQ:PICARD_MERGESAMFILES,1702244425000,1702244428000,3,202.7,,1073741824.0,,,0.0020624618122395836,0.0020624618122395836,0.0,251.77,
893,NFCORE_CHIPSEQ:CHIPSEQ:PICARD_MERGESAMFILES,1702244426000,1702244430000,3,196.6,,1073741824.0,,,0.0026704929187499997,0.0026704929187499997,0.0,251.77,
881,NFCORE_CHIPSEQ:CHIPSEQ:PICARD_MERGESAMFILES,1702244426000,1702244429000,3,211.7,,1073741824.0,,,0.0021503846169270836,0.0021503846169270836,0.0,251.77,
890,NFCORE_CHIPSEQ:CHIPSEQ:PICARD_MERGESAMFILES,1702244434000,1702244437000,3,208.5,,1073741824.0,,,0.0021191231752604174,0.0021191231752604174,0.0,251.77,
891,NFCORE_CHIPSEQ:CHIPSEQ:PICARD_MERGESAMFILES,1702244433000,1702244436000,3,205.0,,1073741824.0,,,0.0020849309734375003,0.0020849309734375003,0.0,251.77,
894,NFCORE_CHIPSEQ:CHIPSEQ:PICARD_MERGESAMFILES,1702244431000,1702244434000,3,203.2,,1073741824.0,,,0.0020673464125,0.0020673464125,0.0,251.77,
926,NFCORE_CHIPSEQ:CHIPSEQ:ALIGN_BWA_MEM:BAM_SORT_SAMTOOLS:BAM_STATS_SAMTOOLS:SAMTOOLS_STATS,1702244412000,1702244437000,2,133.7,,1073741824.0,,,0.011569891469184027,0.011569891469184027,0.0,251.77,
886,NFCORE_CHIPSEQ:CHIPSEQ:PICARD_MERGESAMFILES,1702244433000,1702244437000,3,212.2,,1073741824.0,,,0.0028736922895833336,0.0028736922895833336,0.0,251.77,
912,NFCORE_CHIPSEQ:CHIPSEQ:ALIGN_BWA_MEM:BAM_SORT_SAMTOOLS:BAM_STATS_SAMTOOLS:SAMTOOLS_STATS,1702244422000,1702244446000,2,136.4,,1073741824.0,,,0.011318110541666667,0.011318110541666667,0.0,251.77,
923,NFCORE_CHIPSEQ:CHIPSEQ:ALIGN_BWA_MEM:BAM_SORT_SAMTOOLS:BAM_STATS_SAMTOOLS:SAMTOOLS_STATS,1702244420000,1702244446000,2,137.3,,1073741824.0,,,0.01233748618420139,0.01233748618420139,0.0,251.77,
1004,NFCORE_CHIPSEQ:CHIPSEQ:MARK_DUPLICATES_PICARD:PICARD_MARKDUPLICATES,1702244425000,1702244712000,2,106.3,,21180186624.0,,,0.2545493118685113,0.2545493118685113,0.0,251.77,
973,NFCORE_CHIPSEQ:CHIPSEQ:MARK_DUPLICATES_PICARD:PICARD_MARKDUPLICATES,1702244399000,1702244716000,2,106.3,,21180186624.0,,,0.2811572538756728,0.2811572538756728,0.0,251.77,
1006,NFCORE_CHIPSEQ:CHIPSEQ:MARK_DUPLICATES_PICARD:PICARD_MARKDUPLICATES,1702244427000,1702244714000,2,106.5,,21180186624.0,,,0.2547362292384766,0.2547362292384766,0.0,251.77,
962,NFCORE_CHIPSEQ:CHIPSEQ:MARK_DUPLICATES_PICARD:PICARD_MARKDUPLICATES,1702244403000,1702244722000,2,105.8,,21180186624.0,,,0.2824117208484592,0.2824117208484592,0.0,251.77,
970,NFCORE_CHIPSEQ:CHIPSEQ:MARK_DUPLICATES_PICARD:PICARD_MARKDUPLICATES,1702244407000,1702244722000,2,106.2,,21180186624.0,,,0.2792808144697266,0.2792808144697266,0.0,251.77,
995,NFCORE_CHIPSEQ:CHIPSEQ:MARK_DUPLICATES_PICARD:PICARD_MARKDUPLICATES,1702244431000,1702244727000,2,106.6,,21180186624.0,,,0.26282086280607647,0.26282086280607647,0.0,251.77,
1055,NFCORE_CHIPSEQ:CHIPSEQ:MARK_DUPLICATES_PICARD:SAMTOOLS_INDEX,1702244715000,1702244727000,2,168.2,,1073741824.0,,,0.006901697577083333,0.006901697577083333,0.0,251.77,
1058,NFCORE_CHIPSEQ:CHIPSEQ:MARK_DUPLICATES_PICARD:SAMTOOLS_INDEX,1702244720000,1702244732000,2,161.8,,1073741824.0,,,0.006651606043750002,0.006651606043750002,0.0,251.77,
959,NFCORE_CHIPSEQ:CHIPSEQ:MARK_DUPLICATES_PICARD:PICARD_MARKDUPLICATES,1702244373000,1702244727000,2,105.8,,21180186624.0,,,0.3133973328537761,0.3133973328537761,0.0,251.77,
964,NFCORE_CHIPSEQ:CHIPSEQ:MARK_DUPLICATES_PICARD:PICARD_MARKDUPLICATES,1702244394000,1702244727000,2,106.0,,21180186624.0,,,0.29502284190214845,0.29502284190214845,0.0,251.77,
969,NFCORE_CHIPSEQ:CHIPSEQ:MARK_DUPLICATES_PICARD:PICARD_MARKDUPLICATES,1702244398000,1702244727000,2,105.8,,21180186624.0,,,0.2912647528499784,0.2912647528499784,0.0,251.77,
1059,NFCORE_CHIPSEQ:CHIPSEQ:MARK_DUPLICATES_PICARD:SAMTOOLS_INDEX,1702244723000,1702244735000,2,168.8,,1073741824.0,,,0.006925143658333336,0.006925143658333336,0.0,251.77,
1066,NFCORE_CHIPSEQ:CHIPSEQ:MARK_DUPLICATES_PICARD:SAMTOOLS_INDEX,1702244731000,1702244741000,2,167.3,,1073741824.0,,,0.005722107046006945,0.005722107046006945,0.0,251.77,
1069,NFCORE_CHIPSEQ:CHIPSEQ:MARK_DUPLICATES_PICARD:BAM_STATS_SAMTOOLS:SAMTOOLS_IDXSTATS,1702244736000,1702244738000,2,63.0,,1073741824.0,,,0.0004651363329861112,0.0004651363329861112,0.0,251.77,
947,NFCORE_CHIPSEQ:CHIPSEQ:MARK_DUPLICATES_PICARD:PICARD_MARKDUPLICATES,1702244372000,1702244740000,2,105.9,,21180186624.0,,,0.3259114131822917,0.3259114131822917,0.0,251.77,
954,NFCORE_CHIPSEQ:CHIPSEQ:MARK_DUPLICATES_PICARD:PICARD_MARKDUPLICATES,1702244374000,1702244735000,2,105.9,,21180186624.0,,,0.31971201130110677,0.31971201130110677,0.0,251.77,
956,NFCORE_CHIPSEQ:CHIPSEQ:MARK_DUPLICATES_PICARD:PICARD_MARKDUPLICATES,1702244372000,1702244735000,2,105.6,,21180186624.0,,,0.3211286470025391,0.3211286470025391,0.0,251.77,
958,NFCORE_CHIPSEQ:CHIPSEQ:MARK_DUPLICATES_PICARD:PICARD_MARKDUPLICATES,1702244373000,1702244740000,2,105.3,,21180186624.0,,,0.3243087250238933,0.3243087250238933,0.0,251.77,
978,NFCORE_CHIPSEQ:CHIPSEQ:MARK_DUPLICATES_PICARD:PICARD_MARKDUPLICATES,1702244436000,1702244745000,2,105.1,,21180186624.0,,,0.27285432948938804,0.27285432948938804,0.0,251.77,
984,NFCORE_CHIPSEQ:CHIPSEQ:MARK_DUPLICATES_PICARD:PICARD_MARKDUPLICATES,1702244425000,1702244741000,2,106.2,,21180186624.0,,,0.28016742022994795,0.28016742022994795,0.0,251.77,
1062,NFCORE_CHIPSEQ:CHIPSEQ:MARK_DUPLICATES_PICARD:SAMTOOLS_INDEX,1702244730000,1702244743000,2,154.1,,1073741824.0,,,0.00687994089001736,0.00687994089001736,0.0,251.77,
1064,NFCORE_CHIPSEQ:CHIPSEQ:MARK_DUPLICATES_PICARD:SAMTOOLS_INDEX,1702244731000,1702244743000,2,159.2,,1073741824.0,,,0.006550006358333332,0.006550006358333332,0.0,251.77,
1067,NFCORE_CHIPSEQ:CHIPSEQ:MARK_DUPLICATES_PICARD:BAM_STATS_SAMTOOLS:SAMTOOLS_FLAGSTAT,1702244736000,1702244745000,2,153.0,,1073741824.0,,,0.0047307976390625,0.0047307976390625,0.0,251.77,
1073,NFCORE_CHIPSEQ:CHIPSEQ:MARK_DUPLICATES_PICARD:BAM_STATS_SAMTOOLS:SAMTOOLS_FLAGSTAT,1702244736000,1702244747000,2,152.1,,1073741824.0,,,0.005749847641579861,0.005749847641579861,0.0,251.77,
1072,NFCORE_CHIPSEQ:CHIPSEQ:MARK_DUPLICATES_PICARD:BAM_STATS_SAMTOOLS:SAMTOOLS_IDXSTATS,1702244737000,1702244738000,2,97.7,,1073741824.0,,,0.0003455652525173612,0.0003455652525173612,0.0,251.77,
1075,NFCORE_CHIPSEQ:CHIPSEQ:MARK_DUPLICATES_PICARD:SAMTOOLS_INDEX,1702244738000,1702244750000,2,166.5,,1073741824.0,,,0.006835267013541668,0.006835267013541668,0.0,251.77,
1078,NFCORE_CHIPSEQ:CHIPSEQ:MARK_DUPLICATES_PICARD:SAMTOOLS_INDEX,1702244741000,1702244752000,2,167.2,,1073741824.0,,,0.006290735710416667,0.006290735710416667,0.0,251.77,
1080,NFCORE_CHIPSEQ:CHIPSEQ:MARK_DUPLICATES_PICARD:SAMTOOLS_INDEX,1702244738000,1702244749000,2,162.8,,1073741824.0,,,0.00613312594201389,0.00613312594201389,0.0,251.77,
1084,NFCORE_CHIPSEQ:CHIPSEQ:MARK_DUPLICATES_PICARD:BAM_STATS_SAMTOOLS:SAMTOOLS_FLAGSTAT,1702244744000,1702244753000,2,154.3,,1073741824.0,,,0.00476889752109375,0.00476889752109375,0.0,251.77,
1081,NFCORE_CHIPSEQ:CHIPSEQ:MARK_DUPLICATES_PICARD:BAM_STATS_SAMTOOLS:SAMTOOLS_IDXSTATS,1702244744000,1702244747000,2,57.9,,1073741824.0,,,0.0006478815768229169,0.0006478815768229169,0.0,251.77,
1088,NFCORE_CHIPSEQ:CHIPSEQ:MARK_DUPLICATES_PICARD:BAM_STATS_SAMTOOLS:SAMTOOLS_IDXSTATS,1702244747000,1702244748000,2,84.8,,1073741824.0,,,0.0003035576902777778,0.0003035576902777778,0.0,251.77,
948,NFCORE_CHIPSEQ:CHIPSEQ:MARK_DUPLICATES_PICARD:PICARD_MARKDUPLICATES,1702244371000,1702244755000,2,105.5,,21180186624.0,,,0.3395812915583334,0.3395812915583334,0.0,251.77,
949,NFCORE_CHIPSEQ:CHIPSEQ:MARK_DUPLICATES_PICARD:PICARD_MARKDUPLICATES,1702244372000,1702244748000,2,106.4,,21180186624.0,,,0.3336086471362848,0.3336086471362848,0.0,251.77,
950,NFCORE_CHIPSEQ:CHIPSEQ:MARK_DUPLICATES_PICARD:PICARD_MARKDUPLICATES,1702244375000,1702244749000,2,105.4,,21180186624.0,,,0.33061623939084206,0.33061623939084206,0.0,251.77,
957,NFCORE_CHIPSEQ:CHIPSEQ:MARK_DUPLICATES_PICARD:PICARD_MARKDUPLICATES,1702244375000,1702244755000,2,105.5,,21180186624.0,,,0.3360439864379341,0.3360439864379341,0.0,251.77,
961,NFCORE_CHIPSEQ:CHIPSEQ:MARK_DUPLICATES_PICARD:PICARD_MARKDUPLICATES,1702244394000,1702244753000,2,106.3,,21180186624.0,,,0.3184083726856988,0.3184083726856988,0.0,251.77,
963,NFCORE_CHIPSEQ:CHIPSEQ:MARK_DUPLICATES_PICARD:PICARD_MARKDUPLICATES,1702244398000,1702244747000,2,106.0,,21180186624.0,,,0.30919811358513455,0.30919811358513455,0.0,251.77,
966,NFCORE_CHIPSEQ:CHIPSEQ:MARK_DUPLICATES_PICARD:PICARD_MARKDUPLICATES,1702244395000,1702244751000,2,106.0,,21180186624.0,,,0.315399794946441,0.315399794946441,0.0,251.77,
968,NFCORE_CHIPSEQ:CHIPSEQ:MARK_DUPLICATES_PICARD:PICARD_MARKDUPLICATES,1702244397000,1702244747000,2,106.1,,21180186624.0,,,0.3101980420713976,0.3101980420713976,0.0,251.77,
1087,NFCORE_CHIPSEQ:CHIPSEQ:MARK_DUPLICATES_PICARD:BAM_STATS_SAMTOOLS:SAMTOOLS_FLAGSTAT,1702244745000,1702244756000,2,152.7,,1073741824.0,,,0.005771339882725695,0.005771339882725695,0.0,251.77,
1089,NFCORE_CHIPSEQ:CHIPSEQ:MARK_DUPLICATES_PICARD:SAMTOOLS_INDEX,1702244748000,1702244761000,2,161.5,,1073741824.0,,,0.00719320658671875,0.00719320658671875,0.0,251.77,
1091,NFCORE_CHIPSEQ:CHIPSEQ:MARK_DUPLICATES_PICARD:SAMTOOLS_INDEX,1702244746000,1702244758000,2,161.5,,1073741824.0,,,0.006639883003125,0.006639883003125,0.0,251.77,
1093,NFCORE_CHIPSEQ:CHIPSEQ:MARK_DUPLICATES_PICARD:SAMTOOLS_INDEX,1702244747000,1702244759000,2,158.1,,1073741824.0,,,0.006507021876041667,0.006507021876041667,0.0,251.77,
1095,NFCORE_CHIPSEQ:CHIPSEQ:MARK_DUPLICATES_PICARD:SAMTOOLS_INDEX,1702244747000,1702244760000,2,164.6,,1073741824.0,,,0.007324439513715278,0.007324439513715278,0.0,251.77,
1098,NFCORE_CHIPSEQ:CHIPSEQ:MARK_DUPLICATES_PICARD:SAMTOOLS_INDEX,1702244748000,1702244759000,2,163.2,,1073741824.0,,,0.006147454102777778,0.006147454102777778,0.0,251.77,
1099,NFCORE_CHIPSEQ:CHIPSEQ:MARK_DUPLICATES_PICARD:SAMTOOLS_INDEX,1702244748000,1702244760000,2,159.8,,1073741824.0,,,0.006573452439583333,0.006573452439583333,0.0,251.77,
1119,NFCORE_CHIPSEQ:CHIPSEQ:MARK_DUPLICATES_PICARD:BAM_STATS_SAMTOOLS:SAMTOOLS_FLAGSTAT,1702244756000,1702244769000,2,148.1,,1073741824.0,,,0.006625941676475694,0.006625941676475694,0.0,251.77,
1120,NFCORE_CHIPSEQ:CHIPSEQ:MARK_DUPLICATES_PICARD:BAM_STATS_SAMTOOLS:SAMTOOLS_IDXSTATS,1702244756000,1702244756000,2,80.0,,1073741824.0,,,0.0,0.0,0.0,251.77,
955,NFCORE_CHIPSEQ:CHIPSEQ:MARK_DUPLICATES_PICARD:PICARD_MARKDUPLICATES,1702244373000,1702244759000,2,107.5,,21180186624.0,,,0.3438638850525608,0.3438638850525608,0.0,251.77,
1068,NFCORE_CHIPSEQ:CHIPSEQ:MARK_DUPLICATES_PICARD:BAM_STATS_SAMTOOLS:SAMTOOLS_STATS,1702244736000,1702244773000,2,135.6,,1073741824.0,,,0.017352364306597222,0.017352364306597222,0.0,251.77,
1102,NFCORE_CHIPSEQ:CHIPSEQ:MARK_DUPLICATES_PICARD:BAM_STATS_SAMTOOLS:SAMTOOLS_FLAGSTAT,1702244760000,1702244772000,2,150.0,,1073741824.0,,,0.006190499779166666,0.006190499779166666,0.0,251.77,
1122,NFCORE_CHIPSEQ:CHIPSEQ:MARK_DUPLICATES_PICARD:SAMTOOLS_INDEX,1702244763000,1702244776000,2,171.1,,1073741824.0,,,0.007599605328385417,0.007599605328385417,0.0,251.77,
1124,NFCORE_CHIPSEQ:CHIPSEQ:MARK_DUPLICATES_PICARD:SAMTOOLS_INDEX,1702244758000,1702244771000,2,164.4,,1073741824.0,,,0.00731597287326389,0.00731597287326389,0.0,251.77,
1126,NFCORE_CHIPSEQ:CHIPSEQ:MARK_DUPLICATES_PICARD:SAMTOOLS_INDEX,1702244759000,1702244771000,2,163.4,,1073741824.0,,,0.006714128927083334,0.006714128927083334,0.0,251.77,
1127,NFCORE_CHIPSEQ:CHIPSEQ:MARK_DUPLICATES_PICARD:SAMTOOLS_INDEX,1702244761000,1702244773000,2,164.9,,1073741824.0,,,0.0067727441302083335,0.0067727441302083335,0.0,251.77,
1132,NFCORE_CHIPSEQ:CHIPSEQ:MARK_DUPLICATES_PICARD:SAMTOOLS_INDEX,1702244764000,1702244776000,2,162.1,,1073741824.0,,,0.006663329084375,0.006663329084375,0.0,251.77,
1134,NFCORE_CHIPSEQ:CHIPSEQ:MARK_DUPLICATES_PICARD:SAMTOOLS_INDEX,1702244763000,1702244776000,2,157.1,,1073741824.0,,,0.007006940496788194,0.007006940496788194,0.0,251.77,
1136,NFCORE_CHIPSEQ:CHIPSEQ:MARK_DUPLICATES_PICARD:SAMTOOLS_INDEX,1702244762000,1702244774000,2,160.1,,1073741824.0,,,0.006585175480208334,0.006585175480208334,0.0,251.77,
1152,NFCORE_CHIPSEQ:CHIPSEQ:MARK_DUPLICATES_PICARD:BAM_STATS_SAMTOOLS:SAMTOOLS_IDXSTATS,1702244771000,1702244771000,2,108.5,,1073741824.0,,,0.0,0.0,0.0,251.77,
1074,NFCORE_CHIPSEQ:CHIPSEQ:MARK_DUPLICATES_PICARD:BAM_STATS_SAMTOOLS:SAMTOOLS_STATS,1702244736000,1702244781000,2,133.2,,1073741824.0,,,0.020752535640625,0.020752535640625,0.0,251.77,
1086,NFCORE_CHIPSEQ:CHIPSEQ:MARK_DUPLICATES_PICARD:BAM_STATS_SAMTOOLS:SAMTOOLS_STATS,1702244745000,1702244786000,2,133.2,,1073741824.0,,,0.018907865805902778,0.018907865805902778,0.0,251.77,
1103,NFCORE_CHIPSEQ:CHIPSEQ:MARK_DUPLICATES_PICARD:BAM_STATS_SAMTOOLS:SAMTOOLS_IDXSTATS,1702244779000,1702244780000,2,95.0,,1073741824.0,,,0.0003367729720486112,0.0003367729720486112,0.0,251.77,
1151,NFCORE_CHIPSEQ:CHIPSEQ:MARK_DUPLICATES_PICARD:BAM_STATS_SAMTOOLS:SAMTOOLS_FLAGSTAT,1702244774000,1702244789000,2,132.5,,1073741824.0,,,0.006883319678385417,0.006883319678385417,0.0,251.77,
1162,NFCORE_CHIPSEQ:CHIPSEQ:MARK_DUPLICATES_PICARD:SAMTOOLS_INDEX,1702244774000,1702244788000,2,158.0,,1073741824.0,,,0.007586966561805556,0.007586966561805556,0.0,251.77,
1176,NFCORE_CHIPSEQ:CHIPSEQ:MARK_DUPLICATES_PICARD:BAM_STATS_SAMTOOLS:SAMTOOLS_IDXSTATS,1702244791000,1702244791000,2,82.6,,1073741824.0,,,0.0,0.0,0.0,251.77,
1180,NFCORE_CHIPSEQ:CHIPSEQ:MARK_DUPLICATES_PICARD:BAM_STATS_SAMTOOLS:SAMTOOLS_IDXSTATS,1702244789000,1702244790000,2,91.4,,1073741824.0,,,0.00032504993142361114,0.00032504993142361114,0.0,251.77,
1083,NFCORE_CHIPSEQ:CHIPSEQ:MARK_DUPLICATES_PICARD:BAM_STATS_SAMTOOLS:SAMTOOLS_STATS,1702244744000,1702244787000,2,136.1,,1073741824.0,,,0.020236273824913196,0.020236273824913196,0.0,251.77,
1130,NFCORE_CHIPSEQ:CHIPSEQ:MARK_DUPLICATES_PICARD:SAMTOOLS_INDEX,1702244776000,1702244788000,2,166.7,,1073741824.0,,,0.006843082373958334,0.006843082373958334,0.0,251.77,
1182,NFCORE_CHIPSEQ:CHIPSEQ:MARK_DUPLICATES_PICARD:BAM_STATS_SAMTOOLS:SAMTOOLS_FLAGSTAT,1702244784000,1702244796000,2,152.2,,1073741824.0,,,0.006276468743749999,0.006276468743749999,0.0,251.77,
1104,NFCORE_CHIPSEQ:CHIPSEQ:MARK_DUPLICATES_PICARD:BAM_STATS_SAMTOOLS:SAMTOOLS_STATS,1702244753000,1702244798000,2,135.0,,1073741824.0,,,0.0210163040546875,0.0210163040546875,0.0,251.77,
1107,NFCORE_CHIPSEQ:CHIPSEQ:MARK_DUPLICATES_PICARD:BAM_STATS_SAMTOOLS:SAMTOOLS_IDXSTATS,1702244799000,1702244803000,2,83.5,,1073741824.0,,,0.0011972974802083333,0.0011972974802083333,0.0,251.77,
1118,NFCORE_CHIPSEQ:CHIPSEQ:MARK_DUPLICATES_PICARD:BAM_STATS_SAMTOOLS:SAMTOOLS_STATS,1702244756000,1702244801000,2,134.7,,1073741824.0,,,0.02097234265234375,0.02097234265234375,0.0,251.77,
1165,NFCORE_CHIPSEQ:CHIPSEQ:MARK_DUPLICATES_PICARD:BAM_STATS_SAMTOOLS:SAMTOOLS_FLAGSTAT,1702244792000,1702244804000,2,154.6,,1073741824.0,,,0.006370253068750001,0.006370253068750001,0.0,251.77,
1105,NFCORE_CHIPSEQ:CHIPSEQ:MARK_DUPLICATES_PICARD:BAM_STATS_SAMTOOLS:SAMTOOLS_FLAGSTAT,1702244801000,1702244816000,2,148.1,,1073741824.0,,,0.007645317319010417,0.007645317319010417,0.0,251.77,
1158,NFCORE_CHIPSEQ:CHIPSEQ:MARK_DUPLICATES_PICARD:BAM_STATS_SAMTOOLS:SAMTOOLS_FLAGSTAT,1702244805000,1702244816000,2,152.1,,1073741824.0,,,0.005749847641579861,0.005749847641579861,0.0,251.77,
1177,NFCORE_CHIPSEQ:CHIPSEQ:MARK_DUPLICATES_PICARD:BAM_STATS_SAMTOOLS:SAMTOOLS_FLAGSTAT,1702244804000,1702244819000,2,152.1,,1073741824.0,,,0.007840701329427085,0.007840701329427085,0.0,251.77,
1143,NFCORE_CHIPSEQ:CHIPSEQ:MARK_DUPLICATES_PICARD:BAM_STATS_SAMTOOLS:SAMTOOLS_STATS,1702244776000,1702244824000,2,133.6,,1073741824.0,,,0.0221985609,0.0221985609,0.0,251.77,
1150,NFCORE_CHIPSEQ:CHIPSEQ:MARK_DUPLICATES_PICARD:BAM_STATS_SAMTOOLS:SAMTOOLS_STATS,1702244774000,1702244824000,2,133.2,,1073741824.0,,,0.023058372934027776,0.023058372934027776,0.0,251.77,
1159,NFCORE_CHIPSEQ:CHIPSEQ:MARK_DUPLICATES_PICARD:BAM_STATS_SAMTOOLS:SAMTOOLS_IDXSTATS,1702244820000,1702244822000,2,102.4,,1073741824.0,,,0.0007217406666666667,0.0007217406666666667,0.0,251.77,
1172,NFCORE_CHIPSEQ:CHIPSEQ:MARK_DUPLICATES_PICARD:BAM_STATS_SAMTOOLS:SAMTOOLS_IDXSTATS,1702244822000,1702244824000,2,68.1,,1073741824.0,,,0.0004983516147569444,0.0004983516147569444,0.0,251.77,
1056,NFCORE_CHIPSEQ:CHIPSEQ:PRESEQ_LCEXTRAP,1702244715000,1702244824000,2,99.6,,1073741824.0,,,0.03834101300034722,0.03834101300034722,0.0,251.77,
1166,NFCORE_CHIPSEQ:CHIPSEQ:MARK_DUPLICATES_PICARD:BAM_STATS_SAMTOOLS:SAMTOOLS_IDXSTATS,1702244827000,1702244828000,2,47.3,,1073741824.0,,,0.0001814426837673611,0.0001814426837673611,0.0,251.77,
1181,NFCORE_CHIPSEQ:CHIPSEQ:MARK_DUPLICATES_PICARD:BAM_STATS_SAMTOOLS:SAMTOOLS_STATS,1702244783000,1702244830000,2,133.7,,1073741824.0,,,0.021751395962065975,0.021751395962065975,0.0,251.77,
1108,NFCORE_CHIPSEQ:CHIPSEQ:MARK_DUPLICATES_PICARD:BAM_STATS_SAMTOOLS:SAMTOOLS_STATS,1702244793000,1702244835000,2,134.0,,1073741824.0,,,0.019478448310416667,0.019478448310416667,0.0,251.77,
1144,NFCORE_CHIPSEQ:CHIPSEQ:MARK_DUPLICATES_PICARD:BAM_STATS_SAMTOOLS:SAMTOOLS_FLAGSTAT,1702244828000,1702244840000,2,149.1,,1073741824.0,,,0.006155330657291667,0.006155330657291667,0.0,251.77,
1173,NFCORE_CHIPSEQ:CHIPSEQ:MARK_DUPLICATES_PICARD:BAM_STATS_SAMTOOLS:SAMTOOLS_FLAGSTAT,1702244828000,1702244840000,2,152.5,,1073741824.0,,,0.006288191784375001,0.006288191784375001,0.0,251.77,
1060,NFCORE_CHIPSEQ:CHIPSEQ:PRESEQ_LCEXTRAP,1702244722000,1702244844000,2,100.7,,1073741824.0,,,0.04335080327065973,0.04335080327065973,0.0,251.77,
1137,NFCORE_CHIPSEQ:CHIPSEQ:MARK_DUPLICATES_PICARD:BAM_STATS_SAMTOOLS:SAMTOOLS_FLAGSTAT,1702244831000,1702244846000,2,150.3,,1073741824.0,,,0.007752778524739584,0.007752778524739584,0.0,251.77,
1142,NFCORE_CHIPSEQ:CHIPSEQ:MARK_DUPLICATES_PICARD:BAM_STATS_SAMTOOLS:SAMTOOLS_IDXSTATS,1702244843000,1702244843000,2,107.4,,1073741824.0,,,0.0,0.0,0.0,251.77,
1154,NFCORE_CHIPSEQ:CHIPSEQ:MARK_DUPLICATES_PICARD:BAM_STATS_SAMTOOLS:SAMTOOLS_IDXSTATS,1702244843000,1702244844000,2,100.8,,1073741824.0,,,0.0003556600930555556,0.0003556600930555556,0.0,251.77,
1178,NFCORE_CHIPSEQ:CHIPSEQ:MARK_DUPLICATES_PICARD:BAM_STATS_SAMTOOLS:SAMTOOLS_STATS,1702244794000,1702244843000,2,132.5,,1073741824.0,,,0.02248551094939236,0.02248551094939236,0.0,251.77,
1057,NFCORE_CHIPSEQ:CHIPSEQ:PRESEQ_LCEXTRAP,1702244731000,1702244856000,2,100.8,,1073741824.0,,,0.04445751163194445,0.04445751163194445,0.0,251.77,
1065,NFCORE_CHIPSEQ:CHIPSEQ:PRESEQ_LCEXTRAP,1702244732000,1702244856000,2,100.8,,1073741824.0,,,0.04410185153888889,0.04410185153888889,0.0,251.77,
1155,NFCORE_CHIPSEQ:CHIPSEQ:MARK_DUPLICATES_PICARD:BAM_STATS_SAMTOOLS:SAMTOOLS_FLAGSTAT,1702244847000,1702244860000,2,152.6,,1073741824.0,,,0.006816441086631945,0.006816441086631945,0.0,251.77,
1157,NFCORE_CHIPSEQ:CHIPSEQ:MARK_DUPLICATES_PICARD:BAM_STATS_SAMTOOLS:SAMTOOLS_STATS,1702244819000,1702244861000,2,133.8,,1073741824.0,,,0.019451094548958336,0.019451094548958336,0.0,251.77,
1164,NFCORE_CHIPSEQ:CHIPSEQ:MARK_DUPLICATES_PICARD:BAM_STATS_SAMTOOLS:SAMTOOLS_STATS,1702244808000,1702244862000,2,135.7,,1073741824.0,,,0.025342656792187498,0.025342656792187498,0.0,251.77,
1061,NFCORE_CHIPSEQ:CHIPSEQ:PRESEQ_LCEXTRAP,1702244730000,1702244863000,2,100.8,,1073741824.0,,,0.047302792376388896,0.047302792376388896,0.0,251.77,
1063,NFCORE_CHIPSEQ:CHIPSEQ:PRESEQ_LCEXTRAP,1702244731000,1702244861000,2,100.8,,1073741824.0,,,0.04623581209722222,0.04623581209722222,0.0,251.77,
1079,NFCORE_CHIPSEQ:CHIPSEQ:PRESEQ_LCEXTRAP,1702244738000,1702244870000,2,100.5,,1073741824.0,,,0.046818178836458335,0.046818178836458335,0.0,251.77,
1097,NFCORE_CHIPSEQ:CHIPSEQ:PRESEQ_LCEXTRAP,1702244748000,1702244871000,2,100.5,,1073741824.0,,,0.04362603027942708,0.04362603027942708,0.0,251.77,
1138,NFCORE_CHIPSEQ:CHIPSEQ:MARK_DUPLICATES_PICARD:BAM_STATS_SAMTOOLS:SAMTOOLS_IDXSTATS,1702244865000,1702244866000,2,88.3,,1073741824.0,,,0.0003149550908854167,0.0003149550908854167,0.0,251.77,
1076,NFCORE_CHIPSEQ:CHIPSEQ:PRESEQ_LCEXTRAP,1702244738000,1702244873000,2,100.5,,1073741824.0,,,0.04788222835546875,0.04788222835546875,0.0,251.77,
1174,NFCORE_CHIPSEQ:CHIPSEQ:MARK_DUPLICATES_PICARD:BAM_STATS_SAMTOOLS:SAMTOOLS_STATS,1702244828000,1702244875000,2,134.6,,1073741824.0,,,0.021889141689409725,0.021889141689409725,0.0,251.77,
1077,NFCORE_CHIPSEQ:CHIPSEQ:PRESEQ_LCEXTRAP,1702244754000,1702244881000,2,100.5,,1073741824.0,,,0.04504476297144098,0.04504476297144098,0.0,251.77,
1111,NFCORE_CHIPSEQ:CHIPSEQ:MARK_DUPLICATES_PICARD:BAM_STATS_SAMTOOLS:SAMTOOLS_IDXSTATS,1702244883000,1702244884000,2,130.1,,1073741824.0,,,0.00045107261814236114,0.00045107261814236114,0.0,251.77,
1112,NFCORE_CHIPSEQ:CHIPSEQ:MARK_DUPLICATES_PICARD:BAM_STATS_SAMTOOLS:SAMTOOLS_FLAGSTAT,1702244869000,1702244880000,2,154.3,,1073741824.0,,,0.005828652525781251,0.005828652525781251,0.0,251.77,
1092,NFCORE_CHIPSEQ:CHIPSEQ:PRESEQ_LCEXTRAP,1702244746000,1702244890000,2,100.7,,1073741824.0,,,0.05116816123750001,0.05116816123750001,0.0,251.77,
1094,NFCORE_CHIPSEQ:CHIPSEQ:PRESEQ_LCEXTRAP,1702244750000,1702244893000,2,100.6,,1073741824.0,,,0.05076626026197916,0.05076626026197916,0.0,251.77,
1096,NFCORE_CHIPSEQ:CHIPSEQ:PRESEQ_LCEXTRAP,1702244747000,1702244893000,2,100.6,,1073741824.0,,,0.05183128670104166,0.05183128670104166,0.0,251.77,
1100,NFCORE_CHIPSEQ:CHIPSEQ:PRESEQ_LCEXTRAP,1702244750000,1702244887000,2,100.7,,1073741824.0,,,0.048680820066232644,0.048680820066232644,0.0,251.77,
1140,NFCORE_CHIPSEQ:CHIPSEQ:MARK_DUPLICATES_PICARD:BAM_STATS_SAMTOOLS:SAMTOOLS_STATS,1702244849000,1702244896000,2,135.8,,1073741824.0,,,0.022072802659201394,0.022072802659201394,0.0,251.77,
1153,NFCORE_CHIPSEQ:CHIPSEQ:MARK_DUPLICATES_PICARD:BAM_STATS_SAMTOOLS:SAMTOOLS_STATS,1702244848000,1702244890000,2,134.2,,1073741824.0,,,0.019505802071874998,0.019505802071874998,0.0,251.77,
1195,NFCORE_CHIPSEQ:CHIPSEQ:MARK_DUPLICATES_PICARD:BAM_STATS_SAMTOOLS:SAMTOOLS_IDXSTATS,1702244899000,1702244899000,2,114.3,,1073741824.0,,,0.0,0.0,0.0,251.77,
1198,NFCORE_CHIPSEQ:CHIPSEQ:MARK_DUPLICATES_PICARD:BAM_STATS_SAMTOOLS:SAMTOOLS_FLAGSTAT,1702244884000,1702244896000,2,150.6,,1073741824.0,,,0.006213945860416666,0.006213945860416666,0.0,251.77,
1090,NFCORE_CHIPSEQ:CHIPSEQ:PRESEQ_LCEXTRAP,1702244753000,1702244899000,2,100.5,,1073741824.0,,,0.051783743258506945,0.051783743258506945,0.0,251.77,
1113,NFCORE_CHIPSEQ:CHIPSEQ:MARK_DUPLICATES_PICARD:BAM_STATS_SAMTOOLS:SAMTOOLS_IDXSTATS,1702244899000,1702244904000,2,22.3,,1073741824.0,,,0.0005001633971354168,0.0005001633971354168,0.0,251.77,
1135,NFCORE_CHIPSEQ:CHIPSEQ:PRESEQ_LCEXTRAP,1702244762000,1702244898000,2,100.5,,1073741824.0,,,0.04823691152847223,0.04823691152847223,0.0,251.77,
1133,NFCORE_CHIPSEQ:CHIPSEQ:PRESEQ_LCEXTRAP,1702244762000,1702244908000,2,100.4,,1073741824.0,,,0.051736199815972224,0.051736199815972224,0.0,251.77,
1193,NFCORE_CHIPSEQ:CHIPSEQ:MARK_DUPLICATES_PICARD:BAM_STATS_SAMTOOLS:SAMTOOLS_IDXSTATS,1702244911000,1702244911000,2,65.8,,1073741824.0,,,0.0,0.0,0.0,251.77,
1023,NFCORE_CHIPSEQ:CHIPSEQ:MARK_DUPLICATES_PICARD:PICARD_MARKDUPLICATES,1702244730000,1702244915000,2,107.8,,21180186624.0,,,0.16498596009233943,0.16498596009233943,0.0,251.77,
1114,NFCORE_CHIPSEQ:CHIPSEQ:MARK_DUPLICATES_PICARD:BAM_STATS_SAMTOOLS:SAMTOOLS_FLAGSTAT,1702244902000,1702244914000,2,152.9,,1073741824.0,,,0.006303822505208334,0.006303822505208334,0.0,251.77,
1125,NFCORE_CHIPSEQ:CHIPSEQ:PRESEQ_LCEXTRAP,1702244763000,1702244916000,2,100.5,,1073741824.0,,,0.05426652546953126,0.05426652546953126,0.0,251.77,
1128,NFCORE_CHIPSEQ:CHIPSEQ:PRESEQ_LCEXTRAP,1702244762000,1702244916000,2,100.5,,1073741824.0,,,0.054621208642534724,0.054621208642534724,0.0,251.77,
1194,NFCORE_CHIPSEQ:CHIPSEQ:MARK_DUPLICATES_PICARD:BAM_STATS_SAMTOOLS:SAMTOOLS_FLAGSTAT,1702244902000,1702244915000,2,152.8,,1073741824.0,,,0.0068249077270833335,0.0068249077270833335,0.0,251.77,
1123,NFCORE_CHIPSEQ:CHIPSEQ:PRESEQ_LCEXTRAP,1702244762000,1702244921000,2,100.6,,1073741824.0,,,0.0564464012703125,0.0564464012703125,0.0,251.77,
1131,NFCORE_CHIPSEQ:CHIPSEQ:PRESEQ_LCEXTRAP,1702244775000,1702244918000,2,100.5,,1073741824.0,,,0.05071969373949654,0.05071969373949654,0.0,251.77,
1147,NFCORE_CHIPSEQ:CHIPSEQ:MARK_DUPLICATES_PICARD:BAM_STATS_SAMTOOLS:SAMTOOLS_IDXSTATS,1702244918000,1702244918000,2,101.6,,1073741824.0,,,0.0,0.0,0.0,251.77,
1200,NFCORE_CHIPSEQ:CHIPSEQ:MARK_DUPLICATES_PICARD:SAMTOOLS_INDEX,1702244917000,1702244924000,2,161.1,,1073741824.0,,,0.0038641471646701387,0.0038641471646701387,0.0,251.77,
1110,NFCORE_CHIPSEQ:CHIPSEQ:MARK_DUPLICATES_PICARD:BAM_STATS_SAMTOOLS:SAMTOOLS_STATS,1702244876000,1702244924000,2,136.9,,1073741824.0,,,0.022714374687500004,0.022714374687500004,0.0,251.77,
1121,NFCORE_CHIPSEQ:CHIPSEQ:PRESEQ_LCEXTRAP,1702244778000,1702244924000,2,100.5,,1073741824.0,,,0.051783743258506945,0.051783743258506945,0.0,251.77,
1052,NFCORE_CHIPSEQ:CHIPSEQ:MARK_DUPLICATES_PICARD:PICARD_MARKDUPLICATES,1702244739000,1702244929000,2,108.0,,21180186624.0,,,0.1695687833014323,0.1695687833014323,0.0,251.77,
1204,NFCORE_CHIPSEQ:CHIPSEQ:MARK_DUPLICATES_PICARD:BAM_STATS_SAMTOOLS:SAMTOOLS_IDXSTATS,1702244928000,1702244930000,2,23.9,,1073741824.0,,,0.0002104858394097222,0.0002104858394097222,0.0,251.77,
1145,NFCORE_CHIPSEQ:CHIPSEQ:MARK_DUPLICATES_PICARD:BAM_STATS_SAMTOOLS:SAMTOOLS_FLAGSTAT,1702244922000,1702244937000,2,147.4,,1073741824.0,,,0.007611125117187501,0.007611125117187501,0.0,251.77,
1161,NFCORE_CHIPSEQ:CHIPSEQ:PRESEQ_LCEXTRAP,1702244780000,1702244941000,2,100.6,,1073741824.0,,,0.05715641889635415,0.05715641889635415,0.0,251.77,
1196,NFCORE_CHIPSEQ:CHIPSEQ:MARK_DUPLICATES_PICARD:BAM_STATS_SAMTOOLS:SAMTOOLS_STATS,1702244888000,1702244937000,2,138.1,,1073741824.0,,,0.02337906715703125,0.02337906715703125,0.0,251.77,
1203,NFCORE_CHIPSEQ:CHIPSEQ:MARK_DUPLICATES_PICARD:BAM_STATS_SAMTOOLS:SAMTOOLS_FLAGSTAT,1702244928000,1702244937000,2,151.2,,1073741824.0,,,0.00467804395625,0.00467804395625,0.0,251.77,
1206,NFCORE_CHIPSEQ:CHIPSEQ:MARK_DUPLICATES_PICARD:SAMTOOLS_INDEX,1702244933000,1702244941000,2,163.0,,1073741824.0,,,0.004465665470833334,0.004465665470833334,0.0,251.77,
1115,NFCORE_CHIPSEQ:CHIPSEQ:MARK_DUPLICATES_PICARD:BAM_STATS_SAMTOOLS:SAMTOOLS_STATS,1702244902000,1702244946000,2,138.2,,1073741824.0,,,0.02100777622013889,0.02100777622013889,0.0,251.77,
1207,NFCORE_CHIPSEQ:CHIPSEQ:MARK_DUPLICATES_PICARD:BAM_STATS_SAMTOOLS:SAMTOOLS_IDXSTATS,1702244946000,1702244947000,2,66.7,,1073741824.0,,,0.0002446168471354167,0.0002446168471354167,0.0,251.77,
1054,NFCORE_CHIPSEQ:CHIPSEQ:MARK_DUPLICATES_PICARD:PICARD_MARKDUPLICATES,1702244751000,1702244951000,2,108.3,,21180186624.0,,,0.1786888401171875,0.1786888401171875,0.0,251.77,
1170,NFCORE_CHIPSEQ:CHIPSEQ:MARK_DUPLICATES_PICARD:BAM_STATS_SAMTOOLS:SAMTOOLS_FLAGSTAT,1702244940000,1702244953000,2,150.5,,1073741824.0,,,0.006727541361892361,0.006727541361892361,0.0,251.77,
1050,NFCORE_CHIPSEQ:CHIPSEQ:MARK_DUPLICATES_PICARD:PICARD_MARKDUPLICATES,1702244718000,1702244956000,2,107.3,,21180186624.0,,,0.21186469649813366,0.21186469649813366,0.0,251.77,
1051,NFCORE_CHIPSEQ:CHIPSEQ:MARK_DUPLICATES_PICARD:PICARD_MARKDUPLICATES,1702244743000,1702244956000,2,108.0,,21180186624.0,,,0.19009553075371094,0.19009553075371094,0.0,251.77,
1082,NFCORE_CHIPSEQ:CHIPSEQ:FILTER_BAM_BAMTOOLS:BAM_FILTER,1702244744000,1702244958000,2,136.3,,1073741824.0,,,0.10085013203281251,0.10085013203281251,0.0,251.77,
1168,NFCORE_CHIPSEQ:CHIPSEQ:MARK_DUPLICATES_PICARD:BAM_STATS_SAMTOOLS:SAMTOOLS_IDXSTATS,1702244956000,1702244956000,2,97.0,,1073741824.0,,,0.0,0.0,0.0,251.77,
1201,NFCORE_CHIPSEQ:CHIPSEQ:MARK_DUPLICATES_PICARD:BAM_STATS_SAMTOOLS:SAMTOOLS_STATS,1702244928000,1702244956000,2,130.8,,1073741824.0,,,0.012693858751388891,0.012693858751388891,0.0,251.77,
1038,NFCORE_CHIPSEQ:CHIPSEQ:MARK_DUPLICATES_PICARD:PICARD_MARKDUPLICATES,1702244731000,1702244964000,2,107.5,,21180186624.0,,,0.20756550574416235,0.20756550574416235,0.0,251.77,
1209,NFCORE_CHIPSEQ:CHIPSEQ:MARK_DUPLICATES_PICARD:BAM_STATS_SAMTOOLS:SAMTOOLS_FLAGSTAT,1702244954000,1702244968000,2,145.4,,1073741824.0,,,0.007012537571180555,0.007012537571180555,0.0,251.77,
1010,NFCORE_CHIPSEQ:CHIPSEQ:MARK_DUPLICATES_PICARD:PICARD_MARKDUPLICATES,1702244715000,1702244974000,2,106.9,,21180186624.0,,,0.23022127724880648,0.23022127724880648,0.0,251.77,
1148,NFCORE_CHIPSEQ:CHIPSEQ:MARK_DUPLICATES_PICARD:BAM_STATS_SAMTOOLS:SAMTOOLS_STATS,1702244924000,1702244973000,2,134.5,,1073741824.0,,,0.02280463816640625,0.02280463816640625,0.0,251.77,
1184,NFCORE_CHIPSEQ:CHIPSEQ:MARK_DUPLICATES_PICARD:BAM_STATS_SAMTOOLS:SAMTOOLS_IDXSTATS,1702244976000,1702244977000,2,92.1,,1073741824.0,,,0.0003273294115451389,0.0003273294115451389,0.0,251.77,
1186,NFCORE_CHIPSEQ:CHIPSEQ:MARK_DUPLICATES_PICARD:BAM_STATS_SAMTOOLS:SAMTOOLS_FLAGSTAT,1702244961000,1702244973000,2,151.4,,1073741824.0,,,0.006245207302083334,0.006245207302083334,0.0,251.77,
1192,NFCORE_CHIPSEQ:CHIPSEQ:MARK_DUPLICATES_PICARD:BAM_STATS_SAMTOOLS:SAMTOOLS_STATS,1702244915000,1702244971000,2,133.5,,1073741824.0,,,0.02588008520902778,0.02588008520902778,0.0,251.77,
1210,NFCORE_CHIPSEQ:CHIPSEQ:MARK_DUPLICATES_PICARD:BAM_STATS_SAMTOOLS:SAMTOOLS_STATS,1702244954000,1702244981000,2,131.2,,1073741824.0,,,0.012275675775,0.012275675775,0.0,251.77,
1211,NFCORE_CHIPSEQ:CHIPSEQ:MARK_DUPLICATES_PICARD:SAMTOOLS_INDEX,1702244971000,1702244980000,2,164.6,,1073741824.0,,,0.0050707658171875005,0.0050707658171875005,0.0,251.77,
1217,NFCORE_CHIPSEQ:CHIPSEQ:FILTER_BAM_BAMTOOLS:BAM_REMOVE_ORPHANS,1702244976000,1702244976000,2,63.1,,1073741824.0,,,0.0,0.0,0.0,251.77,
1027,NFCORE_CHIPSEQ:CHIPSEQ:MARK_DUPLICATES_PICARD:PICARD_MARKDUPLICATES,1702244720000,1702244980000,2,107.0,,21180186624.0,,,0.2311948288936632,0.2311948288936632,0.0,251.77,
1028,NFCORE_CHIPSEQ:CHIPSEQ:MARK_DUPLICATES_PICARD:PICARD_MARKDUPLICATES,1702244744000,1702244984000,2,107.5,,21180186624.0,,,0.21380137930729168,0.21380137930729168,0.0,251.77,
1188,NFCORE_CHIPSEQ:CHIPSEQ:MARK_DUPLICATES_PICARD:BAM_STATS_SAMTOOLS:SAMTOOLS_IDXSTATS,1702244986000,1702244986000,2,115.9,,1073741824.0,,,0.0,0.0,0.0,251.77,
1214,NFCORE_CHIPSEQ:CHIPSEQ:MARK_DUPLICATES_PICARD:SAMTOOLS_INDEX,1702244974000,1702244983000,2,157.9,,1073741824.0,,,0.00487440488671875,0.00487440488671875,0.0,251.77,
1018,NFCORE_CHIPSEQ:CHIPSEQ:MARK_DUPLICATES_PICARD:PICARD_MARKDUPLICATES,1702244757000,1702244986000,2,107.1,,21180186624.0,,,0.20370386316647135,0.20370386316647135,0.0,251.77,
1044,NFCORE_CHIPSEQ:CHIPSEQ:MARK_DUPLICATES_PICARD:PICARD_MARKDUPLICATES,1702244758000,1702244997000,2,108.0,,21180186624.0,,,0.21329968004759117,0.21329968004759117,0.0,251.77,
1167,NFCORE_CHIPSEQ:CHIPSEQ:MARK_DUPLICATES_PICARD:BAM_STATS_SAMTOOLS:SAMTOOLS_STATS,1702244944000,1702244995000,2,134.6,,1073741824.0,,,0.023752047365104167,0.023752047365104167,0.0,251.77,
1189,NFCORE_CHIPSEQ:CHIPSEQ:MARK_DUPLICATES_PICARD:BAM_STATS_SAMTOOLS:SAMTOOLS_FLAGSTAT,1702244979000,1702244991000,2,151.4,,1073741824.0,,,0.006245207302083334,0.006245207302083334,0.0,251.77,
1199,NFCORE_CHIPSEQ:CHIPSEQ:PRESEQ_LCEXTRAP,1702244932000,1702245000000,2,100.5,,1073741824.0,,,0.024118455764236116,0.024118455764236116,0.0,251.77,
1233,NFCORE_CHIPSEQ:CHIPSEQ:MARK_DUPLICATES_PICARD:BAM_STATS_SAMTOOLS:SAMTOOLS_IDXSTATS,1702244999000,1702245001000,2,5.4,,1073741824.0,,,8.999903298611113e-05,8.999903298611113e-05,0.0,251.77,
1024,NFCORE_CHIPSEQ:CHIPSEQ:MARK_DUPLICATES_PICARD:PICARD_MARKDUPLICATES,1702244752000,1702244998000,2,107.8,,21180186624.0,,,0.21938673612278645,0.21938673612278645,0.0,251.77,
1205,NFCORE_CHIPSEQ:CHIPSEQ:PRESEQ_LCEXTRAP,1702244933000,1702245006000,2,100.3,,1073741824.0,,,0.02584432818671875,0.02584432818671875,0.0,251.77,
1012,NFCORE_CHIPSEQ:CHIPSEQ:MARK_DUPLICATES_PICARD:PICARD_MARKDUPLICATES,1702244744000,1702245013000,2,106.8,,21180186624.0,,,0.23902253248756514,0.23902253248756514,0.0,251.77,
1185,NFCORE_CHIPSEQ:CHIPSEQ:MARK_DUPLICATES_PICARD:BAM_STATS_SAMTOOLS:SAMTOOLS_STATS,1702244959000,1702245009000,2,134.4,,1073741824.0,,,0.023253756944444443,0.023253756944444443,0.0,251.77,
1221,NFCORE_CHIPSEQ:CHIPSEQ:MARK_DUPLICATES_PICARD:SAMTOOLS_INDEX,1702245004000,1702245013000,2,162.3,,1073741824.0,,,0.005003358333593751,0.005003358333593751,0.0,251.77,
1234,NFCORE_CHIPSEQ:CHIPSEQ:MARK_DUPLICATES_PICARD:BAM_STATS_SAMTOOLS:SAMTOOLS_FLAGSTAT,1702245005000,1702245015000,2,143.8,,1073741824.0,,,0.004956853005208334,0.004956853005208334,0.0,251.77,
1236,NFCORE_CHIPSEQ:CHIPSEQ:MARK_DUPLICATES_PICARD:SAMTOOLS_INDEX,1702245017000,1702245026000,2,166.9,,1073741824.0,,,0.005138173300781251,0.005138173300781251,0.0,251.77,
1240,NFCORE_CHIPSEQ:CHIPSEQ:MARK_DUPLICATES_PICARD:SAMTOOLS_INDEX,1702245010000,1702245021000,2,138.0,,1073741824.0,,,0.005244779974652779,0.005244779974652779,0.0,251.77,
1242,NFCORE_CHIPSEQ:CHIPSEQ:MARK_DUPLICATES_PICARD:SAMTOOLS_INDEX,1702245017000,1702245026000,2,157.4,,1073741824.0,,,0.004859751085937501,0.004859751085937501,0.0,251.77,
1020,NFCORE_CHIPSEQ:CHIPSEQ:MARK_DUPLICATES_PICARD:PICARD_MARKDUPLICATES,1702244739000,1702245030000,2,106.7,,21180186624.0,,,0.2584760824496745,0.2584760824496745,0.0,251.77,
1183,NFCORE_CHIPSEQ:CHIPSEQ:FILTER_BAM_BAMTOOLS:BAM_FILTER,1702244791000,1702245031000,2,137.4,,1073741824.0,,,0.11396264145833335,0.11396264145833335,0.0,251.77,
1187,NFCORE_CHIPSEQ:CHIPSEQ:MARK_DUPLICATES_PICARD:BAM_STATS_SAMTOOLS:SAMTOOLS_STATS,1702244980000,1702245030000,2,135.1,,1073741824.0,,,0.023367730950520832,0.023367730950520832,0.0,251.77,
1218,NFCORE_CHIPSEQ:CHIPSEQ:MARK_DUPLICATES_PICARD:SAMTOOLS_INDEX,1702245024000,1702245033000,2,165.4,,1073741824.0,,,0.0050942118984375,0.0050942118984375,0.0,251.77,
1223,NFCORE_CHIPSEQ:CHIPSEQ:FILTER_BAM_BAMTOOLS:BAM_FILTER,1702244986000,1702245035000,2,148.9,,1073741824.0,,,0.02510235412890625,0.02510235412890625,0.0,251.77,
1246,NFCORE_CHIPSEQ:CHIPSEQ:MARK_DUPLICATES_PICARD:BAM_STATS_SAMTOOLS:SAMTOOLS_IDXSTATS,1702245029000,1702245029000,2,93.4,,1073741824.0,,,0.0,0.0,0.0,251.77,
1101,NFCORE_CHIPSEQ:CHIPSEQ:FILTER_BAM_BAMTOOLS:BAM_FILTER,1702244843000,1702245042000,2,139.0,,1073741824.0,,,0.0955308613578125,0.0955308613578125,0.0,251.77,
1129,NFCORE_CHIPSEQ:CHIPSEQ:PRESEQ_LCEXTRAP,1702244899000,1702245044000,2,100.6,,1073741824.0,,,0.05147627788802083,0.05147627788802083,0.0,251.77,
1146,NFCORE_CHIPSEQ:CHIPSEQ:FILTER_BAM_BAMTOOLS:BAM_FILTER,1702244777000,1702245040000,2,137.1,,1073741824.0,,,0.12462713129105904,0.12462713129105904,0.0,251.77,
1232,NFCORE_CHIPSEQ:CHIPSEQ:MARK_DUPLICATES_PICARD:BAM_STATS_SAMTOOLS:SAMTOOLS_STATS,1702245013000,1702245046000,2,133.2,,1073741824.0,,,0.015218526136458332,0.015218526136458332,0.0,251.77,
1237,NFCORE_CHIPSEQ:CHIPSEQ:MARK_DUPLICATES_PICARD:SAMTOOLS_INDEX,1702245035000,1702245044000,2,168.6,,1073741824.0,,,0.0051879962234375005,0.0051879962234375005,0.0,251.77,
986,NFCORE_CHIPSEQ:CHIPSEQ:MARK_DUPLICATES_PICARD:PICARD_MARKDUPLICATES,1702244730000,1702245046000,2,106.2,,21180186624.0,,,0.28016742022994795,0.28016742022994795,0.0,251.77,
1169,NFCORE_CHIPSEQ:CHIPSEQ:FILTER_BAM_BAMTOOLS:BAM_FILTER,1702244790000,1702245046000,2,136.8,,1073741824.0,,,0.12105996782222224,0.12105996782222224,0.0,251.77,
1215,NFCORE_CHIPSEQ:CHIPSEQ:MARK_DUPLICATES_PICARD:SAMTOOLS_INDEX,1702245047000,1702245056000,2,163.7,,1073741824.0,,,0.00504438897578125,0.00504438897578125,0.0,251.77,
1222,NFCORE_CHIPSEQ:CHIPSEQ:MARK_DUPLICATES_PICARD:BAM_STATS_SAMTOOLS:SAMTOOLS_IDXSTATS,1702245054000,1702245055000,2,66.3,,1073741824.0,,,0.0002433142870659722,0.0002433142870659722,0.0,251.77,
1226,NFCORE_CHIPSEQ:CHIPSEQ:FILTER_BAM_BAMTOOLS:BAM_SORT_SAMTOOLS:SAMTOOLS_SORT,1702245032000,1702245056000,5,423.5,,6309281792.0,,,0.036964202635937506,0.036964202635937506,0.0,251.77,
1227,NFCORE_CHIPSEQ:CHIPSEQ:MARK_DUPLICATES_PICARD:SAMTOOLS_INDEX,1702245040000,1702245050000,2,150.1,,1073741824.0,,,0.005162006216145834,0.005162006216145834,0.0,251.77,
1229,NFCORE_CHIPSEQ:CHIPSEQ:MARK_DUPLICATES_PICARD:SAMTOOLS_INDEX,1702245046000,1702245055000,2,159.1,,1073741824.0,,,0.004909574008593751,0.004909574008593751,0.0,251.77,
1244,NFCORE_CHIPSEQ:CHIPSEQ:MARK_DUPLICATES_PICARD:BAM_STATS_SAMTOOLS:SAMTOOLS_STATS,1702245020000,1702245056000,2,132.5,,1073741824.0,,,0.016519967228125005,0.016519967228125005,0.0,251.77,
1260,NFCORE_CHIPSEQ:CHIPSEQ:MARK_DUPLICATES_PICARD:SAMTOOLS_INDEX,1702245043000,1702245054000,2,158.2,,1073741824.0,,,0.005968352093229167,0.005968352093229167,0.0,251.77,
1261,NFCORE_CHIPSEQ:CHIPSEQ:FILTER_BAM_BAMTOOLS:BAM_REMOVE_ORPHANS,1702245050000,1702245051000,2,57.4,,1073741824.0,,,0.00021433232552083335,0.00021433232552083335,0.0,251.77,
1266,NFCORE_CHIPSEQ:CHIPSEQ:FILTER_BAM_BAMTOOLS:BAM_REMOVE_ORPHANS,1702245058000,1702245059000,2,62.7,,1073741824.0,,,0.00023159124644097224,0.00023159124644097224,0.0,251.77,
1267,NFCORE_CHIPSEQ:CHIPSEQ:FILTER_BAM_BAMTOOLS:BAM_REMOVE_ORPHANS,1702245054000,1702245055000,2,36.6,,1073741824.0,,,0.00014659920190972223,0.00014659920190972223,0.0,251.77,
1268,NFCORE_CHIPSEQ:CHIPSEQ:FILTER_BAM_BAMTOOLS:BAM_REMOVE_ORPHANS,1702245050000,1702245051000,2,36.9,,1073741824.0,,,0.00014757612196180558,0.00014757612196180558,0.0,251.77,
980,NFCORE_CHIPSEQ:CHIPSEQ:MARK_DUPLICATES_PICARD:PICARD_MARKDUPLICATES,1702244727000,1702245061000,2,106.4,,21180186624.0,,,0.2963438514455296,0.2963438514455296,0.0,251.77,
1005,NFCORE_CHIPSEQ:CHIPSEQ:MARK_DUPLICATES_PICARD:PICARD_MARKDUPLICATES,1702244754000,1702245055000,2,106.5,,21180186624.0,,,0.2671623867623047,0.2671623867623047,0.0,251.77,
1085,NFCORE_CHIPSEQ:CHIPSEQ:FILTER_BAM_BAMTOOLS:BAM_FILTER,1702244864000,1702245057000,2,138.3,,1073741824.0,,,0.09221059421623264,0.09221059421623264,0.0,251.77,
1225,NFCORE_CHIPSEQ:CHIPSEQ:MARK_DUPLICATES_PICARD:BAM_STATS_SAMTOOLS:SAMTOOLS_FLAGSTAT,1702245054000,1702245060000,2,163.5,,1073741824.0,,,0.0033590183036458334,0.0033590183036458334,0.0,251.77,
1275,NFCORE_CHIPSEQ:CHIPSEQ:FILTER_BAM_BAMTOOLS:BAM_REMOVE_ORPHANS,1702245058000,1702245060000,2,67.7,,1073741824.0,,,0.0004957464946180555,0.0004957464946180555,0.0,251.77,
981,NFCORE_CHIPSEQ:CHIPSEQ:MARK_DUPLICATES_PICARD:PICARD_MARKDUPLICATES,1702244750000,1702245061000,2,106.5,,21180186624.0,,,0.2760382135650391,0.2760382135650391,0.0,251.77,
1070,NFCORE_CHIPSEQ:CHIPSEQ:FILTER_BAM_BAMTOOLS:BAM_FILTER,1702244884000,1702245064000,2,139.2,,1073741824.0,,,0.08652705475,0.08652705475,0.0,251.77,
974,NFCORE_CHIPSEQ:CHIPSEQ:MARK_DUPLICATES_PICARD:PICARD_MARKDUPLICATES,1702244727000,1702245072000,2,106.4,,21180186624.0,,,0.30610367888834644,0.30610367888834644,0.0,251.77,
1212,NFCORE_CHIPSEQ:CHIPSEQ:PRESEQ_LCEXTRAP,1702244984000,1702245070000,2,100.5,,1073741824.0,,,0.03050275287829862,0.03050275287829862,0.0,251.77,
1273,NFCORE_CHIPSEQ:CHIPSEQ:MARK_DUPLICATES_PICARD:SAMTOOLS_INDEX,1702245059000,1702245075000,2,149.4,,1073741824.0,,,0.00822273826388889,0.00822273826388889,0.0,251.77,
1280,NFCORE_CHIPSEQ:CHIPSEQ:FILTER_BAM_BAMTOOLS:BAM_SORT_SAMTOOLS:SAMTOOLS_INDEX,1702245061000,1702245072000,2,158.1,,1073741824.0,,,0.005964770053038194,0.005964770053038194,0.0,251.77,
1106,NFCORE_CHIPSEQ:CHIPSEQ:FILTER_BAM_BAMTOOLS:BAM_FILTER,1702244843000,1702245075000,2,138.1,,1073741824.0,,,0.11069272613125,0.11069272613125,0.0,251.77,
1160,NFCORE_CHIPSEQ:CHIPSEQ:FILTER_BAM_BAMTOOLS:BAM_FILTER,1702244861000,1702245075000,2,139.3,,1073741824.0,,,0.10294074094427086,0.10294074094427086,0.0,251.77,
1179,NFCORE_CHIPSEQ:CHIPSEQ:FILTER_BAM_BAMTOOLS:BAM_FILTER,1702244843000,1702245076000,2,137.8,,1073741824.0,,,0.11094222757864583,0.11094222757864583,0.0,251.77,
1299,NFCORE_CHIPSEQ:CHIPSEQ:MARK_DUPLICATES_PICARD:SAMTOOLS_INDEX,1702245068000,1702245081000,2,159.2,,1073741824.0,,,0.007095840221527777,0.007095840221527777,0.0,251.77,
1302,NFCORE_CHIPSEQ:CHIPSEQ:MARK_DUPLICATES_PICARD:SAMTOOLS_INDEX,1702245066000,1702245078000,2,146.6,,1073741824.0,,,0.006057638652083334,0.006057638652083334,0.0,251.77,
1303,NFCORE_CHIPSEQ:CHIPSEQ:FILTER_BAM_BAMTOOLS:BAM_REMOVE_ORPHANS,1702245079000,1702245081000,2,110.3,,1073741824.0,,,0.0007731917894097223,0.0007731917894097223,0.0,251.77,
1307,NFCORE_CHIPSEQ:CHIPSEQ:FILTER_BAM_BAMTOOLS:BAM_REMOVE_ORPHANS,1702245078000,1702245081000,2,103.2,,1073741824.0,,,0.0010904263604166666,0.0010904263604166666,0.0,251.77,
1213,NFCORE_CHIPSEQ:CHIPSEQ:PRESEQ_LCEXTRAP,1702244989000,1702245086000,2,100.8,,1073741824.0,,,0.03449902902638889,0.03449902902638889,0.0,251.77,
1220,NFCORE_CHIPSEQ:CHIPSEQ:PRESEQ_LCEXTRAP,1702244977000,1702245086000,2,100.3,,1073741824.0,,,0.03858947633359376,0.03858947633359376,0.0,251.77,
1224,NFCORE_CHIPSEQ:CHIPSEQ:MARK_DUPLICATES_PICARD:BAM_STATS_SAMTOOLS:SAMTOOLS_STATS,1702245056000,1702245086000,2,132.5,,1073741824.0,,,0.013766639356770834,0.013766639356770834,0.0,251.77,
1305,NFCORE_CHIPSEQ:CHIPSEQ:MARK_DUPLICATES_PICARD:SAMTOOLS_INDEX,1702245075000,1702245086000,2,153.4,,1073741824.0,,,0.005796414164062499,0.005796414164062499,0.0,251.77,
1316,NFCORE_CHIPSEQ:CHIPSEQ:FILTER_BAM_BAMTOOLS:BAM_SORT_SAMTOOLS:BAM_STATS_SAMTOOLS:SAMTOOLS_FLAGSTAT,1702245081000,1702245089000,2,149.0,,1073741824.0,,,0.004100948651388889,0.004100948651388889,0.0,251.77,
1327,NFCORE_CHIPSEQ:CHIPSEQ:MARK_DUPLICATES_PICARD:BAM_STATS_SAMTOOLS:SAMTOOLS_IDXSTATS,1702245089000,1702245089000,2,90.1,,1073741824.0,,,0.0,0.0,0.0,251.77,
1071,NFCORE_CHIPSEQ:CHIPSEQ:FILTER_BAM_BAMTOOLS:BAM_FILTER,1702244860000,1702245092000,2,138.1,,1073741824.0,,,0.11069272613125,0.11069272613125,0.0,251.77,
1202,NFCORE_CHIPSEQ:CHIPSEQ:FILTER_BAM_BAMTOOLS:BAM_FILTER,1702244950000,1702245091000,2,138.1,,1073741824.0,,,0.06727445855390625,0.06727445855390625,0.0,251.77,
1308,NFCORE_CHIPSEQ:CHIPSEQ:MARK_DUPLICATES_PICARD:SAMTOOLS_INDEX,1702245078000,1702245090000,2,165.0,,1073741824.0,,,0.006776651810416667,0.006776651810416667,0.0,251.77,
1311,NFCORE_CHIPSEQ:CHIPSEQ:MARK_DUPLICATES_PICARD:BAM_STATS_SAMTOOLS:SAMTOOLS_FLAGSTAT,1702245090000,1702245100000,2,152.1,,1073741824.0,,,0.005227134219618056,0.005227134219618056,0.0,251.77,
1317,NFCORE_CHIPSEQ:CHIPSEQ:FILTER_BAM_BAMTOOLS:BAM_REMOVE_ORPHANS,1702245095000,1702245097000,2,94.8,,1073741824.0,,,0.0006722433840277778,0.0006722433840277778,0.0,251.77,
1326,NFCORE_CHIPSEQ:CHIPSEQ:MARK_DUPLICATES_PICARD:BAM_STATS_SAMTOOLS:SAMTOOLS_FLAGSTAT,1702245090000,1702245100000,2,149.3,,1073741824.0,,,0.005135955014756946,0.005135955014756946,0.0,251.77,
967,NFCORE_CHIPSEQ:CHIPSEQ:MARK_DUPLICATES_PICARD:PICARD_MARKDUPLICATES,1702244756000,1702245100000,2,105.8,,21180186624.0,,,0.304544300852257,0.304544300852257,0.0,251.77,
987,NFCORE_CHIPSEQ:CHIPSEQ:MARK_DUPLICATES_PICARD:PICARD_MARKDUPLICATES,1702244751000,1702245095000,2,106.4,,21180186624.0,,,0.3052164218480903,0.3052164218480903,0.0,251.77,
1149,NFCORE_CHIPSEQ:CHIPSEQ:FILTER_BAM_BAMTOOLS:BAM_FILTER,1702244864000,1702245101000,2,138.4,,1073741824.0,,,0.11330987528124999,0.11330987528124999,0.0,251.77,
1175,NFCORE_CHIPSEQ:CHIPSEQ:FILTER_BAM_BAMTOOLS:BAM_FILTER,1702244852000,1702245103000,2,137.9,,1073741824.0,,,0.11959460741362848,0.11959460741362848,0.0,251.77,
1208,NFCORE_CHIPSEQ:CHIPSEQ:FILTER_BAM_BAMTOOLS:BAM_FILTER,1702244950000,1702245097000,2,136.2,,1073741824.0,,,0.06922768890260417,0.06922768890260417,0.0,251.77,
1235,NFCORE_CHIPSEQ:CHIPSEQ:PRESEQ_LCEXTRAP,1702245016000,1702245110000,2,100.5,,1073741824.0,,,0.033340218262326395,0.033340218262326395,0.0,251.77,
1254,NFCORE_CHIPSEQ:CHIPSEQ:MARK_DUPLICATES_PICARD:BAM_STATS_SAMTOOLS:SAMTOOLS_IDXSTATS,1702245106000,1702245106000,2,107.9,,1073741824.0,,,0.0,0.0,0.0,251.77,
1253,NFCORE_CHIPSEQ:CHIPSEQ:MARK_DUPLICATES_PICARD:BAM_STATS_SAMTOOLS:SAMTOOLS_FLAGSTAT,1702245104000,1702245112000,2,151.5,,1073741824.0,,,0.004166076654861111,0.004166076654861111,0.0,251.77,
1315,NFCORE_CHIPSEQ:CHIPSEQ:FILTER_BAM_BAMTOOLS:BAM_SORT_SAMTOOLS:BAM_STATS_SAMTOOLS:SAMTOOLS_IDXSTATS,1702245111000,1702245112000,1,77.7,,1073741824.0,,,0.0002804372490451389,0.0002804372490451389,0.0,251.77,
1335,NFCORE_CHIPSEQ:CHIPSEQ:FILTER_BAM_BAMTOOLS:BAM_REMOVE_ORPHANS,1702245099000,1702245100000,2,60.4,,1073741824.0,,,0.00022410152604166668,0.00022410152604166668,0.0,251.77,
1336,NFCORE_CHIPSEQ:CHIPSEQ:FILTER_BAM_BAMTOOLS:BAM_REMOVE_ORPHANS,1702245105000,1702245106000,2,44.4,,1073741824.0,,,0.0001719991232638889,0.0001719991232638889,0.0,251.77,
1117,NFCORE_CHIPSEQ:CHIPSEQ:FILTER_BAM_BAMTOOLS:BAM_FILTER,1702244879000,1702245125000,2,137.6,,1073741824.0,,,0.11697192238333334,0.11697192238333334,0.0,251.77,
1310,NFCORE_CHIPSEQ:CHIPSEQ:MARK_DUPLICATES_PICARD:BAM_STATS_SAMTOOLS:SAMTOOLS_IDXSTATS,1702245125000,1702245126000,2,76.6,,1073741824.0,,,0.00027685520885416666,0.00027685520885416666,0.0,251.77,
1342,NFCORE_CHIPSEQ:CHIPSEQ:MARK_DUPLICATES_PICARD:SAMTOOLS_INDEX,1702245110000,1702245122000,2,162.2,,1073741824.0,,,0.006667236764583333,0.006667236764583333,0.0,251.77,
1346,NFCORE_CHIPSEQ:CHIPSEQ:FILTER_BAM_BAMTOOLS:BAM_REMOVE_ORPHANS,1702245121000,1702245121000,2,42.1,,1073741824.0,,,0.0,0.0,0.0,251.77,
1347,NFCORE_CHIPSEQ:CHIPSEQ:FILTER_BAM_BAMTOOLS:BAM_REMOVE_ORPHANS,1702245116000,1702245118000,2,4.9,,1073741824.0,,,8.674263281250001e-05,8.674263281250001e-05,0.0,251.77,
1348,NFCORE_CHIPSEQ:CHIPSEQ:FILTER_BAM_BAMTOOLS:BAM_REMOVE_ORPHANS,1702245125000,1702245125000,2,49.5,,1073741824.0,,,0.0,0.0,0.0,251.77,
1116,NFCORE_CHIPSEQ:CHIPSEQ:FILTER_BAM_BAMTOOLS:BAM_FILTER,1702244899000,1702245138000,2,137.8,,1073741824.0,,,0.11379910897552084,0.11379910897552084,0.0,251.77,
1156,NFCORE_CHIPSEQ:CHIPSEQ:FILTER_BAM_BAMTOOLS:BAM_FILTER,1702244893000,1702245134000,2,137.5,,1073741824.0,,,0.1145159650419271,0.1145159650419271,0.0,251.77,
1171,NFCORE_CHIPSEQ:CHIPSEQ:FILTER_BAM_BAMTOOLS:BAM_FILTER,1702244873000,1702245129000,2,138.2,,1073741824.0,,,0.12222706164444445,0.12222706164444445,0.0,251.77,
1241,NFCORE_CHIPSEQ:CHIPSEQ:PRESEQ_LCEXTRAP,1702245017000,1702245129000,2,100.0,,1073741824.0,,,0.03954215696666667,0.03954215696666667,0.0,251.77,
1251,NFCORE_CHIPSEQ:CHIPSEQ:MARK_DUPLICATES_PICARD:BAM_STATS_SAMTOOLS:SAMTOOLS_STATS,1702245101000,1702245133000,2,131.1,,1073741824.0,,,0.014538528586111113,0.014538528586111113,0.0,251.77,
1262,NFCORE_CHIPSEQ:CHIPSEQ:MARK_DUPLICATES_PICARD:BAM_STATS_SAMTOOLS:SAMTOOLS_IDXSTATS,1702245133000,1702245134000,2,88.9,,1073741824.0,,,0.0003169089309895834,0.0003169089309895834,0.0,251.77,
1264,NFCORE_CHIPSEQ:CHIPSEQ:MARK_DUPLICATES_PICARD:BAM_STATS_SAMTOOLS:SAMTOOLS_FLAGSTAT,1702245133000,1702245141000,2,157.8,,1073741824.0,,,0.004330199223611111,0.004330199223611111,0.0,251.77,
1313,NFCORE_CHIPSEQ:CHIPSEQ:MARK_DUPLICATES_PICARD:BAM_STATS_SAMTOOLS:SAMTOOLS_STATS,1702245094000,1702245135000,2,135.0,,1073741824.0,,,0.01914818813871528,0.01914818813871528,0.0,251.77,
1351,NFCORE_CHIPSEQ:CHIPSEQ:FILTER_BAM_BAMTOOLS:BAM_REMOVE_ORPHANS,1702245129000,1702245130000,2,23.6,,1073741824.0,,,0.00010426599965277778,0.00010426599965277778,0.0,251.77,
1141,NFCORE_CHIPSEQ:CHIPSEQ:FILTER_BAM_BAMTOOLS:BAM_FILTER,1702244875000,1702245141000,2,137.7,,1073741824.0,,,0.12656845501684028,0.12656845501684028,0.0,251.77,
1245,NFCORE_CHIPSEQ:CHIPSEQ:MARK_DUPLICATES_PICARD:BAM_STATS_SAMTOOLS:SAMTOOLS_FLAGSTAT,1702245132000,1702245141000,2,151.7,,1073741824.0,,,0.004692697757031249,0.004692697757031249,0.0,251.77,
1247,NFCORE_CHIPSEQ:CHIPSEQ:FILTER_BAM_BAMTOOLS:BAM_FILTER,1702245047000,1702245147000,2,140.9,,1073741824.0,,,0.04862417400173612,0.04862417400173612,0.0,251.77,
1270,NFCORE_CHIPSEQ:CHIPSEQ:MARK_DUPLICATES_PICARD:BAM_STATS_SAMTOOLS:SAMTOOLS_FLAGSTAT,1702245137000,1702245146000,2,154.3,,1073741824.0,,,0.00476889752109375,0.00476889752109375,0.0,251.77,
1333,NFCORE_CHIPSEQ:CHIPSEQ:MARK_DUPLICATES_PICARD:BAM_STATS_SAMTOOLS:SAMTOOLS_STATS,1702245104000,1702245148000,2,132.7,,1073741824.0,,,0.020219727378125,0.020219727378125,0.0,251.77,
1360,NFCORE_CHIPSEQ:CHIPSEQ:FILTER_BAM_BAMTOOLS:BAM_REMOVE_ORPHANS,1702245145000,1702245146000,2,78.0,,1073741824.0,,,0.00028141416909722224,0.00028141416909722224,0.0,251.77,
1361,NFCORE_CHIPSEQ:CHIPSEQ:FILTER_BAM_BAMTOOLS:BAM_REMOVE_ORPHANS,1702245144000,1702245146000,2,10.7,,1073741824.0,,,0.00012451687482638887,0.00012451687482638887,0.0,251.77,
1271,NFCORE_CHIPSEQ:CHIPSEQ:MARK_DUPLICATES_PICARD:BAM_STATS_SAMTOOLS:SAMTOOLS_IDXSTATS,1702245150000,1702245151000,2,65.8,,1073741824.0,,,0.00024168608697916667,0.00024168608697916667,0.0,251.77,
1279,NFCORE_CHIPSEQ:CHIPSEQ:MARK_DUPLICATES_PICARD:BAM_STATS_SAMTOOLS:SAMTOOLS_IDXSTATS,1702245154000,1702245154000,2,55.4,,1073741824.0,,,0.0,0.0,0.0,251.77,
1330,NFCORE_CHIPSEQ:CHIPSEQ:MARK_DUPLICATES_PICARD:BAM_STATS_SAMTOOLS:SAMTOOLS_IDXSTATS,1702245157000,1702245158000,2,98.2,,1073741824.0,,,0.0003471934526041667,0.0003471934526041667,0.0,251.77,
1345,NFCORE_CHIPSEQ:CHIPSEQ:MARK_DUPLICATES_PICARD:SAMTOOLS_INDEX,1702245141000,1702245152000,2,162.6,,1073741824.0,,,0.0061259618616319456,0.0061259618616319456,0.0,251.77,
1354,NFCORE_CHIPSEQ:CHIPSEQ:MARK_DUPLICATES_PICARD:BAM_STATS_SAMTOOLS:SAMTOOLS_IDXSTATS,1702245154000,1702245155000,2,64.6,,1073741824.0,,,0.00023777840677083337,0.00023777840677083337,0.0,251.77,
1353,NFCORE_CHIPSEQ:CHIPSEQ:MARK_DUPLICATES_PICARD:BAM_STATS_SAMTOOLS:SAMTOOLS_FLAGSTAT,1702245145000,1702245156000,2,146.9,,1073741824.0,,,0.005563581551649306,0.005563581551649306,0.0,251.77,
1359,NFCORE_CHIPSEQ:CHIPSEQ:FILTER_BAM_BAMTOOLS:BAM_REMOVE_ORPHANS,1702245155000,1702245156000,2,12.5,,1073741824.0,,,6.811995772569445e-05,6.811995772569445e-05,0.0,251.77,
1363,NFCORE_CHIPSEQ:CHIPSEQ:FILTER_BAM_BAMTOOLS:BAM_REMOVE_ORPHANS,1702245150000,1702245151000,2,8.8,,1073741824.0,,,5.6071277083333334e-05,5.6071277083333334e-05,0.0,251.77,
1364,NFCORE_CHIPSEQ:CHIPSEQ:FILTER_BAM_BAMTOOLS:BAM_REMOVE_ORPHANS,1702245151000,1702245151000,2,50.8,,1073741824.0,,,0.0,0.0,0.0,251.77,
1191,NFCORE_CHIPSEQ:CHIPSEQ:FILTER_BAM_BAMTOOLS:BAM_FILTER,1702244848000,1702245154000,2,136.2,,1073741824.0,,,0.14410661771562502,0.14410661771562502,0.0,251.77,
1197,NFCORE_CHIPSEQ:CHIPSEQ:FILTER_BAM_BAMTOOLS:BAM_FILTER,1702244916000,1702245159000,2,138.5,,1073741824.0,,,0.11625761024296877,0.11625761024296877,0.0,251.77,
1228,NFCORE_CHIPSEQ:CHIPSEQ:PRESEQ_LCEXTRAP,1702245058000,1702245158000,2,100.2,,1073741824.0,,,0.03537062529513889,0.03537062529513889,0.0,251.77,
1230,NFCORE_CHIPSEQ:CHIPSEQ:PRESEQ_LCEXTRAP,1702245060000,1702245154000,2,100.2,,1073741824.0,,,0.03324838777743056,0.03324838777743056,0.0,251.77,
1231,NFCORE_CHIPSEQ:CHIPSEQ:FILTER_BAM_BAMTOOLS:BAM_FILTER,1702244995000,1702245159000,2,136.0,,1073741824.0,,,0.07712680218333334,0.07712680218333334,0.0,251.77,
1259,NFCORE_CHIPSEQ:CHIPSEQ:PRESEQ_LCEXTRAP,1702245035000,1702245156000,2,99.6,,1073741824.0,,,0.04256204195451389,0.04256204195451389,0.0,251.77,
1314,NFCORE_CHIPSEQ:CHIPSEQ:FILTER_BAM_BAMTOOLS:BAM_SORT_SAMTOOLS:BAM_STATS_SAMTOOLS:SAMTOOLS_STATS,1702245128000,1702245159000,2,132.0,,1073741824.0,,,0.01417505313263889,0.01417505313263889,0.0,251.77,
1318,NFCORE_CHIPSEQ:CHIPSEQ:FILTER_BAM_BAMTOOLS:BAM_REMOVE_ORPHANS,1702245160000,1702245161000,2,21.4,,1073741824.0,,,9.710191927083333e-05,9.710191927083333e-05,0.0,251.77,
1319,NFCORE_CHIPSEQ:CHIPSEQ:FILTER_BAM_BAMTOOLS:BAM_REMOVE_ORPHANS,1702245158000,1702245159000,2,69.6,,1073741824.0,,,0.00025406040763888886,0.00025406040763888886,0.0,251.77,
1338,NFCORE_CHIPSEQ:CHIPSEQ:MARK_DUPLICATES_PICARD:BAM_STATS_SAMTOOLS:SAMTOOLS_IDXSTATS,1702245164000,1702245165000,2,97.0,,1073741824.0,,,0.00034328577239583336,0.00034328577239583336,0.0,251.77,
1265,NFCORE_CHIPSEQ:CHIPSEQ:MARK_DUPLICATES_PICARD:BAM_STATS_SAMTOOLS:SAMTOOLS_STATS,1702245136000,1702245166000,2,132.4,,1073741824.0,,,0.013756870156250003,0.013756870156250003,0.0,251.77,
1276,NFCORE_CHIPSEQ:CHIPSEQ:MARK_DUPLICATES_PICARD:BAM_STATS_SAMTOOLS:SAMTOOLS_FLAGSTAT,1702245162000,1702245168000,2,153.0,,1073741824.0,,,0.0031538650927083333,0.0031538650927083333,0.0,251.77,
1332,NFCORE_CHIPSEQ:CHIPSEQ:MARK_DUPLICATES_PICARD:BAM_STATS_SAMTOOLS:SAMTOOLS_FLAGSTAT,1702245159000,1702245170000,2,149.1,,1073741824.0,,,0.005642386435850694,0.005642386435850694,0.0,251.77,
1374,NFCORE_CHIPSEQ:CHIPSEQ:FILTER_BAM_BAMTOOLS:BAM_REMOVE_ORPHANS,1702245173000,1702245174000,2,16.3,,1073741824.0,,,8.049427838541668e-05,8.049427838541668e-05,0.0,251.77,
1375,NFCORE_CHIPSEQ:CHIPSEQ:FILTER_BAM_BAMTOOLS:BAM_REMOVE_ORPHANS,1702245169000,1702245174000,2,2.0,,1073741824.0,,,0.00016963877951388893,0.00016963877951388893,0.0,251.77,
1376,NFCORE_CHIPSEQ:CHIPSEQ:FILTER_BAM_BAMTOOLS:BAM_REMOVE_ORPHANS,1702245177000,1702245178000,2,59.6,,1073741824.0,,,0.00022149640590277781,0.00022149640590277781,0.0,251.77,
1190,NFCORE_CHIPSEQ:CHIPSEQ:FILTER_BAM_BAMTOOLS:BAM_FILTER,1702244897000,1702245174000,2,136.3,,1073741824.0,,,0.13053965688359376,0.13053965688359376,0.0,251.77,
1258,NFCORE_CHIPSEQ:CHIPSEQ:MARK_DUPLICATES_PICARD:BAM_STATS_SAMTOOLS:SAMTOOLS_IDXSTATS,1702245180000,1702245181000,2,81.0,,1073741824.0,,,0.0002911833696180556,0.0002911833696180556,0.0,251.77,
1255,NFCORE_CHIPSEQ:CHIPSEQ:FILTER_BAM_BAMTOOLS:BAM_FILTER,1702245033000,1702245177000,2,138.2,,1073741824.0,,,0.068752722175,0.068752722175,0.0,251.77,
1269,NFCORE_CHIPSEQ:CHIPSEQ:FILTER_BAM_BAMTOOLS:BAM_FILTER,1702245085000,1702245176000,2,141.8,,1073741824.0,,,0.04451469751579862,0.04451469751579862,0.0,251.77,
1272,NFCORE_CHIPSEQ:CHIPSEQ:MARK_DUPLICATES_PICARD:BAM_STATS_SAMTOOLS:SAMTOOLS_STATS,1702245149000,1702245180000,2,133.8,,1073741824.0,,,0.01435676026232639,0.01435676026232639,0.0,251.77,
1277,NFCORE_CHIPSEQ:CHIPSEQ:MARK_DUPLICATES_PICARD:BAM_STATS_SAMTOOLS:SAMTOOLS_STATS,1702245156000,1702245184000,2,131.0,,1073741824.0,,,0.01271209459236111,0.01271209459236111,0.0,251.77,
1281,NFCORE_CHIPSEQ:CHIPSEQ:PICARD_COLLECTMULTIPLEMETRICS,1702245061000,1702245180000,2,98.9,,2573205504.0,,,0.04614314128624132,0.04614314128624132,0.0,251.77,
1293,NFCORE_CHIPSEQ:CHIPSEQ:MARK_DUPLICATES_PICARD:BAM_STATS_SAMTOOLS:SAMTOOLS_IDXSTATS,1702245181000,1702245181000,2,98.8,,1073741824.0,,,0.0,0.0,0.0,251.77,
1340,NFCORE_CHIPSEQ:CHIPSEQ:MARK_DUPLICATES_PICARD:BAM_STATS_SAMTOOLS:SAMTOOLS_FLAGSTAT,1702245169000,1702245184000,2,147.4,,1073741824.0,,,0.007611125117187501,0.007611125117187501,0.0,251.77,
1045,NFCORE_CHIPSEQ:CHIPSEQ:MARK_DUPLICATES_PICARD:PICARD_MARKDUPLICATES,1702244989000,1702245185000,2,108.8,,21180186624.0,,,0.17543419053185766,0.17543419053185766,0.0,251.77,
1320,NFCORE_CHIPSEQ:CHIPSEQ:MARK_DUPLICATES_PICARD:BAM_STATS_SAMTOOLS:SAMTOOLS_IDXSTATS,1702245187000,1702245188000,2,92.5,,1073741824.0,,,0.00032863197161458335,0.00032863197161458335,0.0,251.77,
1109,NFCORE_CHIPSEQ:CHIPSEQ:FILTER_BAM_BAMTOOLS:BAM_FILTER,1702244946000,1702245196000,2,137.8,,1073741824.0,,,0.11903672486979167,0.11903672486979167,0.0,251.77,
1252,NFCORE_CHIPSEQ:CHIPSEQ:FILTER_BAM_BAMTOOLS:BAM_FILTER,1702245060000,1702245193000,2,139.6,,1073741824.0,,,0.06410711983229167,0.06410711983229167,0.0,251.77,
1256,NFCORE_CHIPSEQ:CHIPSEQ:MARK_DUPLICATES_PICARD:BAM_STATS_SAMTOOLS:SAMTOOLS_FLAGSTAT,1702245184000,1702245193000,2,155.3,,1073741824.0,,,0.004798205122656251,0.004798205122656251,0.0,251.77,
1257,NFCORE_CHIPSEQ:CHIPSEQ:MARK_DUPLICATES_PICARD:BAM_STATS_SAMTOOLS:SAMTOOLS_STATS,1702245159000,1702245193000,2,131.2,,1073741824.0,,,0.01545825838333333,0.01545825838333333,0.0,251.77,
1278,NFCORE_CHIPSEQ:CHIPSEQ:FILTER_BAM_BAMTOOLS:BAM_FILTER,1702245093000,1702245194000,2,141.2,,1073741824.0,,,0.04920908466701389,0.04920908466701389,0.0,251.77,
1294,NFCORE_CHIPSEQ:CHIPSEQ:MARK_DUPLICATES_PICARD:BAM_STATS_SAMTOOLS:SAMTOOLS_FLAGSTAT,1702245184000,1702245193000,2,148.3,,1073741824.0,,,0.00459305191171875,0.00459305191171875,0.0,251.77,
1382,NFCORE_CHIPSEQ:CHIPSEQ:FILTER_BAM_BAMTOOLS:BAM_REMOVE_ORPHANS,1702245196000,1702245196000,2,56.1,,1073741824.0,,,0.0,0.0,0.0,251.77,
1383,NFCORE_CHIPSEQ:CHIPSEQ:FILTER_BAM_BAMTOOLS:BAM_REMOVE_ORPHANS,1702245197000,1702245198000,2,55.2,,1073741824.0,,,0.00020716824513888893,0.00020716824513888893,0.0,251.77,
1384,NFCORE_CHIPSEQ:CHIPSEQ:FILTER_BAM_BAMTOOLS:BAM_REMOVE_ORPHANS,1702245192000,1702245194000,2,5.7,,1073741824.0,,,9.195287309027779e-05,9.195287309027779e-05,0.0,251.77,
1249,NFCORE_CHIPSEQ:CHIPSEQ:MARK_DUPLICATES_PICARD:BAM_STATS_SAMTOOLS:SAMTOOLS_FLAGSTAT,1702245197000,1702245204000,2,152.8,,1073741824.0,,,0.003674950314583334,0.003674950314583334,0.0,251.77,
1325,NFCORE_CHIPSEQ:CHIPSEQ:MARK_DUPLICATES_PICARD:BAM_STATS_SAMTOOLS:SAMTOOLS_STATS,1702245161000,1702245201000,2,132.2,,1073741824.0,,,0.01831644234027778,0.01831644234027778,0.0,251.77,
1355,NFCORE_CHIPSEQ:CHIPSEQ:MARK_DUPLICATES_PICARD:BAM_STATS_SAMTOOLS:SAMTOOLS_STATS,1702245158000,1702245202000,2,133.1,,1073741824.0,,,0.020277040021180557,0.020277040021180557,0.0,251.77,
1365,NFCORE_CHIPSEQ:CHIPSEQ:FILTER_BAM_BAMTOOLS:BAM_SORT_SAMTOOLS:SAMTOOLS_SORT,1702245177000,1702245203000,5,434.8,,6309281792.0,,,0.0410012832266059,0.0410012832266059,0.0,251.77,
1368,NFCORE_CHIPSEQ:CHIPSEQ:MARK_DUPLICATES_PICARD:BAM_STATS_SAMTOOLS:SAMTOOLS_IDXSTATS,1702245203000,1702245203000,2,68.4,,1073741824.0,,,0.0,0.0,0.0,251.77,
1385,NFCORE_CHIPSEQ:CHIPSEQ:MARK_DUPLICATES_PICARD:SAMTOOLS_INDEX,1702245198000,1702245207000,2,168.2,,1073741824.0,,,0.005176273182812501,0.005176273182812501,0.0,251.77,
1387,NFCORE_CHIPSEQ:CHIPSEQ:FILTER_BAM_BAMTOOLS:BAM_REMOVE_ORPHANS,1702245199000,1702245200000,2,20.2,,1073741824.0,,,9.31942390625e-05,9.31942390625e-05,0.0,251.77,
1388,NFCORE_CHIPSEQ:CHIPSEQ:FILTER_BAM_BAMTOOLS:BAM_REMOVE_ORPHANS,1702245204000,1702245207000,2,76.6,,1073741824.0,,,0.0008305656265625,0.0008305656265625,0.0,251.77,
1239,NFCORE_CHIPSEQ:CHIPSEQ:PRESEQ_LCEXTRAP,1702245110000,1702245207000,2,100.6,,1073741824.0,,,0.03443585486302083,0.03443585486302083,0.0,251.77,
1248,NFCORE_CHIPSEQ:CHIPSEQ:MARK_DUPLICATES_PICARD:BAM_STATS_SAMTOOLS:SAMTOOLS_IDXSTATS,1702245206000,1702245206000,2,113.5,,1073741824.0,,,0.0,0.0,0.0,251.77,
1263,NFCORE_CHIPSEQ:CHIPSEQ:FILTER_BAM_BAMTOOLS:BAM_FILTER,1702245085000,1702245210000,2,139.5,,1073741824.0,,,0.06021034747178819,0.06021034747178819,0.0,251.77,
1339,NFCORE_CHIPSEQ:CHIPSEQ:MARK_DUPLICATES_PICARD:BAM_STATS_SAMTOOLS:SAMTOOLS_STATS,1702245162000,1702245210000,2,132.5,,1073741824.0,,,0.022026622970833337,0.022026622970833337,0.0,251.77,
1389,NFCORE_CHIPSEQ:CHIPSEQ:FILTER_BAM_BAMTOOLS:BAM_REMOVE_ORPHANS,1702245211000,1702245211000,2,85.7,,1073741824.0,,,0.0,0.0,0.0,251.77,
1139,NFCORE_CHIPSEQ:CHIPSEQ:FILTER_BAM_BAMTOOLS:BAM_FILTER,1702244946000,1702245221000,2,138.2,,1073741824.0,,,0.13129860137586805,0.13129860137586805,0.0,251.77,
1292,NFCORE_CHIPSEQ:CHIPSEQ:MARK_DUPLICATES_PICARD:BAM_STATS_SAMTOOLS:SAMTOOLS_STATS,1702245183000,1702245221000,2,131.7,,1073741824.0,,,0.017338748619965278,0.017338748619965278,0.0,251.77,
1322,NFCORE_CHIPSEQ:CHIPSEQ:MARK_DUPLICATES_PICARD:BAM_STATS_SAMTOOLS:SAMTOOLS_FLAGSTAT,1702245213000,1702245223000,2,151.1,,1073741824.0,,,0.005194570217881945,0.005194570217881945,0.0,251.77,
1367,NFCORE_CHIPSEQ:CHIPSEQ:MARK_DUPLICATES_PICARD:BAM_STATS_SAMTOOLS:SAMTOOLS_FLAGSTAT,1702245204000,1702245221000,2,150.7,,1073741824.0,,,0.00880862584921875,0.00880862584921875,0.0,251.77,
1391,NFCORE_CHIPSEQ:CHIPSEQ:FILTER_BAM_BAMTOOLS:BAM_SORT_SAMTOOLS:SAMTOOLS_SORT,1702245210000,1702245222000,5,428.9,,6309281792.0,,,0.018693116049218753,0.018693116049218753,0.0,251.77,
1163,NFCORE_CHIPSEQ:CHIPSEQ:FILTER_BAM_BAMTOOLS:BAM_FILTER,1702244946000,1702245222000,2,138.3,,1073741824.0,,,0.13186592748020834,0.13186592748020834,0.0,251.77,
1243,NFCORE_CHIPSEQ:CHIPSEQ:FILTER_BAM_BAMTOOLS:BAM_FILTER,1702245029000,1702245222000,2,136.7,,1073741824.0,,,0.09120501784262151,0.09120501784262151,0.0,251.77,
1286,NFCORE_CHIPSEQ:CHIPSEQ:FILTER_BAM_BAMTOOLS:BAM_FILTER,1702245062000,1702245223000,2,138.3,,1073741824.0,,,0.07692179103012153,0.07692179103012153,0.0,251.77,
1283,NFCORE_CHIPSEQ:CHIPSEQ:MARK_DUPLICATES_PICARD:BAM_STATS_SAMTOOLS:SAMTOOLS_IDXSTATS,1702245226000,1702245226000,2,84.8,,1073741824.0,,,0.0,0.0,0.0,251.77,
1290,NFCORE_CHIPSEQ:CHIPSEQ:FILTER_BAM_BAMTOOLS:BAM_FILTER,1702245073000,1702245223000,2,138.7,,1073741824.0,,,0.0718616489453125,0.0718616489453125,0.0,251.77,
1358,NFCORE_CHIPSEQ:CHIPSEQ:FILTER_BAM_BAMTOOLS:BAM_SORT_SAMTOOLS:SAMTOOLS_SORT,1702245208000,1702245227000,5,348.7,,6309281792.0,,,0.024635331160047746,0.024635331160047746,0.0,251.77,
1372,NFCORE_CHIPSEQ:CHIPSEQ:FILTER_BAM_BAMTOOLS:BAM_SORT_SAMTOOLS:SAMTOOLS_SORT,1702245197000,1702245229000,5,392.8,,6309281792.0,,,0.04608651598402778,0.04608651598402778,0.0,251.77,
1394,NFCORE_CHIPSEQ:CHIPSEQ:FILTER_BAM_BAMTOOLS:BAM_SORT_SAMTOOLS:SAMTOOLS_INDEX,1702245211000,1702245227000,2,126.1,,1073741824.0,,,0.007008752279166667,0.007008752279166667,0.0,251.77,
1402,NFCORE_CHIPSEQ:CHIPSEQ:FILTER_BAM_BAMTOOLS:BAM_REMOVE_ORPHANS,1702245226000,1702245227000,2,57.1,,1073741824.0,,,0.00021335540546875003,0.00021335540546875003,0.0,251.77,
1404,NFCORE_CHIPSEQ:CHIPSEQ:FILTER_BAM_BAMTOOLS:BAM_REMOVE_ORPHANS,1702245226000,1702245226000,2,36.8,,1073741824.0,,,0.0,0.0,0.0,251.77,
1219,NFCORE_CHIPSEQ:CHIPSEQ:PRESEQ_LCEXTRAP,1702245137000,1702245231000,2,100.6,,1073741824.0,,,0.03337082842395833,0.03337082842395833,0.0,251.77,
1250,NFCORE_CHIPSEQ:CHIPSEQ:MARK_DUPLICATES_PICARD:BAM_STATS_SAMTOOLS:SAMTOOLS_STATS,1702245202000,1702245232000,2,135.7,,1073741824.0,,,0.014079253773437501,0.014079253773437501,0.0,251.77,
1410,NFCORE_CHIPSEQ:CHIPSEQ:FILTER_BAM_BAMTOOLS:BAM_REMOVE_ORPHANS,1702245230000,1702245231000,2,71.9,,1073741824.0,,,0.00026155012803819446,0.00026155012803819446,0.0,251.77,
1285,NFCORE_CHIPSEQ:CHIPSEQ:MARK_DUPLICATES_PICARD:BAM_STATS_SAMTOOLS:SAMTOOLS_FLAGSTAT,1702245226000,1702245236000,2,147.5,,1073741824.0,,,0.005077339811631946,0.005077339811631946,0.0,251.77,
1373,NFCORE_CHIPSEQ:CHIPSEQ:FILTER_BAM_BAMTOOLS:BAM_SORT_SAMTOOLS:SAMTOOLS_SORT,1702245225000,1702245236000,5,401.8,,6309281792.0,,,0.016164623486697054,0.016164623486697054,0.0,251.77,
1407,NFCORE_CHIPSEQ:CHIPSEQ:FILTER_BAM_BAMTOOLS:BAM_SORT_SAMTOOLS:SAMTOOLS_INDEX,1702245229000,1702245236000,2,138.6,,1073741824.0,,,0.0033512641373263886,0.0033512641373263886,0.0,251.77,
1408,NFCORE_CHIPSEQ:CHIPSEQ:FILTER_BAM_BAMTOOLS:BAM_REMOVE_ORPHANS,1702245236000,1702245240000,2,10.2,,1073741824.0,,,0.00024252094930555558,0.00024252094930555558,0.0,251.77,
1411,NFCORE_CHIPSEQ:CHIPSEQ:FILTER_BAM_BAMTOOLS:BAM_REMOVE_ORPHANS,1702245234000,1702245235000,2,83.1,,1073741824.0,,,0.0002980218099826389,0.0002980218099826389,0.0,251.77,
1412,NFCORE_CHIPSEQ:CHIPSEQ:FILTER_BAM_BAMTOOLS:BAM_SORT_SAMTOOLS:SAMTOOLS_INDEX,1702245231000,1702245240000,2,159.0,,1073741824.0,,,0.0049066432484375,0.0049066432484375,0.0,251.77,
1419,NFCORE_CHIPSEQ:CHIPSEQ:FILTER_BAM_BAMTOOLS:BAM_SORT_SAMTOOLS:BAM_STATS_SAMTOOLS:SAMTOOLS_IDXSTATS,1702245234000,1702245240000,1,64.5,,1073741824.0,,,0.0014247166005208335,0.0014247166005208335,0.0,251.77,
983,NFCORE_CHIPSEQ:CHIPSEQ:MARK_DUPLICATES_PICARD:PICARD_MARKDUPLICATES,1702244918000,1702245241000,2,105.7,,21180186624.0,,,0.2858477519234592,0.2858477519234592,0.0,251.77,
1033,NFCORE_CHIPSEQ:CHIPSEQ:MARK_DUPLICATES_PICARD:PICARD_MARKDUPLICATES,1702245032000,1702245242000,2,109.0,,21180186624.0,,,0.18810197294856773,0.18810197294856773,0.0,251.77,
1323,NFCORE_CHIPSEQ:CHIPSEQ:MARK_DUPLICATES_PICARD:BAM_STATS_SAMTOOLS:SAMTOOLS_STATS,1702245198000,1702245241000,2,134.8,,1073741824.0,,,0.020054241055208335,0.020054241055208335,0.0,251.77,
1399,NFCORE_CHIPSEQ:CHIPSEQ:MARK_DUPLICATES_PICARD:BAM_STATS_SAMTOOLS:SAMTOOLS_FLAGSTAT,1702245234000,1702245242000,2,153.5,,1073741824.0,,,0.004218179057638889,0.004218179057638889,0.0,251.77,
1409,NFCORE_CHIPSEQ:CHIPSEQ:FILTER_BAM_BAMTOOLS:BAM_REMOVE_ORPHANS,1702245241000,1702245241000,2,33.2,,1073741824.0,,,0.0,0.0,0.0,251.77,
1416,NFCORE_CHIPSEQ:CHIPSEQ:FILTER_BAM_BAMTOOLS:BAM_SORT_SAMTOOLS:SAMTOOLS_INDEX,1702245233000,1702245243000,2,154.4,,1073741824.0,,,0.005302031423611112,0.005302031423611112,0.0,251.77,
1418,NFCORE_CHIPSEQ:CHIPSEQ:FILTER_BAM_BAMTOOLS:BAM_SORT_SAMTOOLS:BAM_STATS_SAMTOOLS:SAMTOOLS_FLAGSTAT,1702245233000,1702245243000,2,144.5,,1073741824.0,,,0.004979647806423612,0.004979647806423612,0.0,251.77,
1427,NFCORE_CHIPSEQ:CHIPSEQ:FILTER_BAM_BAMTOOLS:BAM_SORT_SAMTOOLS:BAM_STATS_SAMTOOLS:SAMTOOLS_IDXSTATS,1702245242000,1702245246000,1,51.0,,1073741824.0,,,0.000773965457638889,0.000773965457638889,0.0,251.77,
1432,NFCORE_CHIPSEQ:CHIPSEQ:FILTER_BAM_BAMTOOLS:BAM_SORT_SAMTOOLS:BAM_STATS_SAMTOOLS:SAMTOOLS_IDXSTATS,1702245243000,1702245243000,1,72.3,,1073741824.0,,,0.0,0.0,0.0,251.77,
1216,NFCORE_CHIPSEQ:CHIPSEQ:PRESEQ_LCEXTRAP,1702245162000,1702245246000,2,100.4,,1073741824.0,,,0.02976603277083334,0.02976603277083334,0.0,251.77,
1287,NFCORE_CHIPSEQ:CHIPSEQ:MARK_DUPLICATES_PICARD:BAM_STATS_SAMTOOLS:SAMTOOLS_IDXSTATS,1702245245000,1702245246000,2,99.2,,1073741824.0,,,0.0003504498527777778,0.0003504498527777778,0.0,251.77,
1288,NFCORE_CHIPSEQ:CHIPSEQ:MARK_DUPLICATES_PICARD:BAM_STATS_SAMTOOLS:SAMTOOLS_FLAGSTAT,1702245237000,1702245246000,2,152.5,,1073741824.0,,,0.004716143838281251,0.004716143838281251,0.0,251.77,
1401,NFCORE_CHIPSEQ:CHIPSEQ:FILTER_BAM_BAMTOOLS:BAM_SORT_SAMTOOLS:SAMTOOLS_SORT,1702245231000,1702245246000,5,388.0,,6309281792.0,,,0.021368593555013023,0.021368593555013023,0.0,251.77,
1434,NFCORE_CHIPSEQ:CHIPSEQ:FILTER_BAM_BAMTOOLS:BAM_SORT_SAMTOOLS:BAM_STATS_SAMTOOLS:SAMTOOLS_FLAGSTAT,1702245243000,1702245248000,2,154.1,,1073741824.0,,,0.002646131111545139,0.002646131111545139,0.0,251.77,
1441,NFCORE_CHIPSEQ:CHIPSEQ:FILTER_BAM_BAMTOOLS:BAM_SORT_SAMTOOLS:BAM_STATS_SAMTOOLS:SAMTOOLS_IDXSTATS,1702245247000,1702245248000,1,69.0,,1073741824.0,,,0.0002521065675347222,0.0002521065675347222,0.0,251.77,
1238,NFCORE_CHIPSEQ:CHIPSEQ:PRESEQ_LCEXTRAP,1702245154000,1702245252000,2,100.7,,1073741824.0,,,0.034822776397743054,0.034822776397743054,0.0,251.77,
1343,NFCORE_CHIPSEQ:CHIPSEQ:PRESEQ_LCEXTRAP,1702245113000,1702245250000,2,100.5,,1073741824.0,,,0.048591594701475706,0.048591594701475706,0.0,251.77,
1369,NFCORE_CHIPSEQ:CHIPSEQ:MARK_DUPLICATES_PICARD:BAM_STATS_SAMTOOLS:SAMTOOLS_STATS,1702245206000,1702245249000,2,132.2,,1073741824.0,,,0.019690175515798613,0.019690175515798613,0.0,251.77,
1396,NFCORE_CHIPSEQ:CHIPSEQ:MARK_DUPLICATES_PICARD:BAM_STATS_SAMTOOLS:SAMTOOLS_IDXSTATS,1702245249000,1702245250000,2,109.1,,1073741824.0,,,0.0003826882144965278,0.0003826882144965278,0.0,251.77,
1426,NFCORE_CHIPSEQ:CHIPSEQ:FILTER_BAM_BAMTOOLS:BAM_SORT_SAMTOOLS:SAMTOOLS_INDEX,1702245246000,1702245250000,2,156.3,,1073741824.0,,,0.0021455612107638892,0.0021455612107638892,0.0,251.77,
1437,NFCORE_CHIPSEQ:CHIPSEQ:MARK_DUPLICATES_PICARD:SAMTOOLS_INDEX,1702245244000,1702245252000,2,157.2,,1073741824.0,,,0.004314568502777778,0.004314568502777778,0.0,251.77,
1274,NFCORE_CHIPSEQ:CHIPSEQ:PRESEQ_LCEXTRAP,1702245129000,1702245255000,2,100.7,,1073741824.0,,,0.04477214108281251,0.04477214108281251,0.0,251.77,
1429,NFCORE_CHIPSEQ:CHIPSEQ:FILTER_BAM_BAMTOOLS:BAM_SORT_SAMTOOLS:BAM_STATS_SAMTOOLS:SAMTOOLS_FLAGSTAT,1702245253000,1702245258000,2,150.5,,1073741824.0,,,0.0025875159084201393,0.0025875159084201393,0.0,251.77,
1442,NFCORE_CHIPSEQ:CHIPSEQ:FILTER_BAM_BAMTOOLS:BAM_SORT_SAMTOOLS:BAM_STATS_SAMTOOLS:SAMTOOLS_FLAGSTAT,1702245250000,1702245260000,2,150.2,,1073741824.0,,,0.005165262616319445,0.005165262616319445,0.0,251.77,
1446,NFCORE_CHIPSEQ:CHIPSEQ:FILTER_BAM_BAMTOOLS:BAM_SORT_SAMTOOLS:SAMTOOLS_INDEX,1702245251000,1702245260000,2,154.7,,1073741824.0,,,0.004780620561718751,0.004780620561718751,0.0,251.77,
1449,NFCORE_CHIPSEQ:CHIPSEQ:FILTER_BAM_BAMTOOLS:BAM_SORT_SAMTOOLS:BAM_STATS_SAMTOOLS:SAMTOOLS_IDXSTATS,1702245257000,1702245258000,1,73.1,,1073741824.0,,,0.0002654578082465278,0.0002654578082465278,0.0,251.77,
1397,NFCORE_CHIPSEQ:CHIPSEQ:MARK_DUPLICATES_PICARD:BAM_STATS_SAMTOOLS:SAMTOOLS_STATS,1702245234000,1702245260000,2,130.6,,1073741824.0,,,0.011770221273958334,0.011770221273958334,0.0,251.77,
1435,NFCORE_CHIPSEQ:CHIPSEQ:MARK_DUPLICATES_PICARD:SAMTOOLS_INDEX,1702245248000,1702245260000,2,149.1,,1073741824.0,,,0.006155330657291667,0.006155330657291667,0.0,251.77,
1450,NFCORE_CHIPSEQ:CHIPSEQ:FILTER_BAM_BAMTOOLS:BAM_SORT_SAMTOOLS:BAM_STATS_SAMTOOLS:SAMTOOLS_FLAGSTAT,1702245258000,1702245263000,2,151.1,,1073741824.0,,,0.0025972851089409725,0.0025972851089409725,0.0,251.77,
1452,NFCORE_CHIPSEQ:CHIPSEQ:MARK_DUPLICATES_PICARD:BAM_STATS_SAMTOOLS:SAMTOOLS_FLAGSTAT,1702245257000,1702245264000,2,149.1,,1073741824.0,,,0.0035906095500868053,0.0035906095500868053,0.0,251.77,
1457,NFCORE_CHIPSEQ:CHIPSEQ:FILTER_BAM_BAMTOOLS:BAM_SORT_SAMTOOLS:BAM_STATS_SAMTOOLS:SAMTOOLS_IDXSTATS,1702245263000,1702245264000,1,86.5,,1073741824.0,,,0.0003090935705729167,0.0003090935705729167,0.0,251.77,
1030,NFCORE_CHIPSEQ:CHIPSEQ:MARK_DUPLICATES_PICARD:PICARD_MARKDUPLICATES,1702245064000,1702245264000,2,109.1,,21180186624.0,,,0.1792098641449653,0.1792098641449653,0.0,251.77,
1284,NFCORE_CHIPSEQ:CHIPSEQ:MARK_DUPLICATES_PICARD:BAM_STATS_SAMTOOLS:SAMTOOLS_STATS,1702245230000,1702245264000,2,133.4,,1073741824.0,,,0.015701837116319447,0.015701837116319447,0.0,251.77,
1289,NFCORE_CHIPSEQ:CHIPSEQ:MARK_DUPLICATES_PICARD:BAM_STATS_SAMTOOLS:SAMTOOLS_STATS,1702245240000,1702245271000,2,133.2,,1073741824.0,,,0.014296191219097221,0.014296191219097221,0.0,251.77,
1398,NFCORE_CHIPSEQ:CHIPSEQ:FILTER_BAM_BAMTOOLS:BAM_FILTER,1702245213000,1702245273000,2,144.1,,1073741824.0,,,0.029799733234375004,0.029799733234375004,0.0,251.77,
1433,NFCORE_CHIPSEQ:CHIPSEQ:FILTER_BAM_BAMTOOLS:BAM_SORT_SAMTOOLS:BAM_STATS_SAMTOOLS:SAMTOOLS_STATS,1702245246000,1702245269000,2,130.7,,1073741824.0,,,0.01041960853967014,0.01041960853967014,0.0,251.77,
1458,NFCORE_CHIPSEQ:CHIPSEQ:FILTER_BAM_BAMTOOLS:BAM_SORT_SAMTOOLS:BAM_STATS_SAMTOOLS:SAMTOOLS_FLAGSTAT,1702245264000,1702245270000,2,135.5,,1073741824.0,,,0.002811943074479167,0.002811943074479167,0.0,251.77,
1466,NFCORE_CHIPSEQ:CHIPSEQ:MARK_DUPLICATES_PICARD:SAMTOOLS_INDEX,1702245269000,1702245275000,2,155.7,,1073741824.0,,,0.0032066187755208334,0.0032066187755208334,0.0,251.77,
1306,NFCORE_CHIPSEQ:CHIPSEQ:PRESEQ_LCEXTRAP,1702245162000,1702245281000,2,101.0,,1073741824.0,,,0.04240105339774306,0.04240105339774306,0.0,251.77,
1331,NFCORE_CHIPSEQ:CHIPSEQ:FILTER_BAM_BAMTOOLS:BAM_FILTER,1702245092000,1702245282000,2,136.7,,1073741824.0,,,0.08978732326475694,0.08978732326475694,0.0,251.77,
1344,NFCORE_CHIPSEQ:CHIPSEQ:PRESEQ_LCEXTRAP,1702245151000,1702245281000,2,100.9,,1073741824.0,,,0.04627814529947916,0.04627814529947916,0.0,251.77,
1400,NFCORE_CHIPSEQ:CHIPSEQ:FILTER_BAM_BAMTOOLS:BAM_SORT_SAMTOOLS:SAMTOOLS_SORT,1702245250000,1702245282000,5,406.9,,6309281792.0,,,0.04755580374236111,0.04755580374236111,0.0,251.77,
1420,NFCORE_CHIPSEQ:CHIPSEQ:FILTER_BAM_BAMTOOLS:BAM_SORT_SAMTOOLS:BAM_STATS_SAMTOOLS:SAMTOOLS_STATS,1702245246000,1702245283000,2,131.6,,1073741824.0,,,0.016870417080902776,0.016870417080902776,0.0,251.77,
1428,NFCORE_CHIPSEQ:CHIPSEQ:FILTER_BAM_BAMTOOLS:BAM_SORT_SAMTOOLS:BAM_STATS_SAMTOOLS:SAMTOOLS_STATS,1702245262000,1702245285000,2,130.1,,1073741824.0,,,0.010374670217274305,0.010374670217274305,0.0,251.77,
1448,NFCORE_CHIPSEQ:CHIPSEQ:FILTER_BAM_BAMTOOLS:BAM_SORT_SAMTOOLS:BAM_STATS_SAMTOOLS:SAMTOOLS_STATS,1702245266000,1702245284000,2,128.5,,1073741824.0,,,0.0080255228015625,0.0080255228015625,0.0,251.77,
1451,NFCORE_CHIPSEQ:CHIPSEQ:MARK_DUPLICATES_PICARD:BAM_STATS_SAMTOOLS:SAMTOOLS_IDXSTATS,1702245284000,1702245285000,2,79.0,,1073741824.0,,,0.0002846705692708333,0.0002846705692708333,0.0,251.77,
1459,NFCORE_CHIPSEQ:CHIPSEQ:FILTER_BAM_BAMTOOLS:BAM_SORT_SAMTOOLS:BAM_STATS_SAMTOOLS:SAMTOOLS_STATS,1702245264000,1702245285000,2,126.7,,1073741824.0,,,0.009240018008593752,0.009240018008593752,0.0,251.77,
1462,NFCORE_CHIPSEQ:CHIPSEQ:MARK_DUPLICATES_PICARD:BAM_STATS_SAMTOOLS:SAMTOOLS_FLAGSTAT,1702245266000,1702245281000,2,129.8,,1073741824.0,,,0.006751435471354168,0.006751435471354168,0.0,251.77,
1467,NFCORE_CHIPSEQ:CHIPSEQ:FILTER_BAM_BAMTOOLS:BAM_REMOVE_ORPHANS,1702245276000,1702245282000,2,72.7,,1073741824.0,,,0.0015849314890625005,0.0015849314890625005,0.0,251.77,
979,NFCORE_CHIPSEQ:CHIPSEQ:MARK_DUPLICATES_PICARD:PICARD_MARKDUPLICATES,1702244932000,1702245288000,2,105.8,,21180186624.0,,,0.3151679392540799,0.3151679392540799,0.0,251.77,
993,NFCORE_CHIPSEQ:CHIPSEQ:MARK_DUPLICATES_PICARD:PICARD_MARKDUPLICATES,1702244954000,1702245282000,2,106.7,,21180186624.0,,,0.29134073898107643,0.29134073898107643,0.0,251.77,
1291,NFCORE_CHIPSEQ:CHIPSEQ:FILTER_BAM_BAMTOOLS:BAM_FILTER,1702245066000,1702245285000,2,136.3,,1073741824.0,,,0.10320644352890626,0.10320644352890626,0.0,251.77,
1473,NFCORE_CHIPSEQ:CHIPSEQ:FILTER_BAM_BAMTOOLS:BAM_REMOVE_ORPHANS,1702245289000,1702245292000,2,3.2,,1073741824.0,,,0.00011350630833333335,0.00011350630833333335,0.0,251.77,
1482,NFCORE_CHIPSEQ:CHIPSEQ:FILTER_BAM_BAMTOOLS:BAM_REMOVE_ORPHANS,1702245292000,1702245293000,2,24.6,,1073741824.0,,,0.0001075223998263889,0.0001075223998263889,0.0,251.77,
982,NFCORE_CHIPSEQ:CHIPSEQ:MARK_DUPLICATES_PICARD:PICARD_MARKDUPLICATES,1702244959000,1702245299000,2,106.4,,21180186624.0,,,0.30166739368706597,0.30166739368706597,0.0,251.77,
1011,NFCORE_CHIPSEQ:CHIPSEQ:MARK_DUPLICATES_PICARD:PICARD_MARKDUPLICATES,1702244989000,1702245297000,2,106.3,,21180186624.0,,,0.2731748712735243,0.2731748712735243,0.0,251.77,
1040,NFCORE_CHIPSEQ:CHIPSEQ:MARK_DUPLICATES_PICARD:PICARD_MARKDUPLICATES,1702245002000,1702245299000,2,106.9,,21180186624.0,,,0.2639989163818359,0.2639989163818359,0.0,251.77,
1301,NFCORE_CHIPSEQ:CHIPSEQ:PRESEQ_LCEXTRAP,1702245177000,1702245297000,2,100.8,,1073741824.0,,,0.04267921116666667,0.04267921116666667,0.0,251.77,
1321,NFCORE_CHIPSEQ:CHIPSEQ:FILTER_BAM_BAMTOOLS:BAM_FILTER,1702245085000,1702245303000,2,138.9,,1073741824.0,,,0.10458090884809029,0.10458090884809029,0.0,251.77,
1440,NFCORE_CHIPSEQ:CHIPSEQ:FILTER_BAM_BAMTOOLS:BAM_SORT_SAMTOOLS:BAM_STATS_SAMTOOLS:SAMTOOLS_STATS,1702245255000,1702245299000,2,131.5,,1073741824.0,,,0.020047789448958336,0.020047789448958336,0.0,251.77,
1463,NFCORE_CHIPSEQ:CHIPSEQ:MARK_DUPLICATES_PICARD:BAM_STATS_SAMTOOLS:SAMTOOLS_IDXSTATS,1702245294000,1702245297000,2,50.0,,1073741824.0,,,0.0005707048927083335,0.0005707048927083335,0.0,251.77,
1469,NFCORE_CHIPSEQ:CHIPSEQ:MARK_DUPLICATES_PICARD:BAM_STATS_SAMTOOLS:SAMTOOLS_FLAGSTAT,1702245287000,1702245298000,2,145.6,,1073741824.0,,,0.0055170150291666675,0.0055170150291666675,0.0,251.77,
1475,NFCORE_CHIPSEQ:CHIPSEQ:FILTER_BAM_BAMTOOLS:BAM_SORT_SAMTOOLS:SAMTOOLS_INDEX,1702245287000,1702245299000,2,156.9,,1073741824.0,,,0.006460129713541666,0.006460129713541666,0.0,251.77,
1386,NFCORE_CHIPSEQ:CHIPSEQ:PRESEQ_LCEXTRAP,1702245223000,1702245308000,2,101.0,,1073741824.0,,,0.030286466712673613,0.030286466712673613,0.0,251.77,
1425,NFCORE_CHIPSEQ:CHIPSEQ:PICARD_COLLECTMULTIPLEMETRICS,1702245242000,1702245311000,2,106.5,,2573205504.0,,,0.028462923047265623,0.028462923047265623,0.0,251.77,
1453,NFCORE_CHIPSEQ:CHIPSEQ:MARK_DUPLICATES_PICARD:BAM_STATS_SAMTOOLS:SAMTOOLS_STATS,1702245284000,1702245312000,2,133.7,,1073741824.0,,,0.01295827844548611,0.01295827844548611,0.0,251.77,
1472,NFCORE_CHIPSEQ:CHIPSEQ:MARK_DUPLICATES_PICARD:BAM_STATS_SAMTOOLS:SAMTOOLS_STATS,1702245285000,1702245312000,2,133.0,,1073741824.0,,,0.0124339368234375,0.0124339368234375,0.0,251.77,
1478,NFCORE_CHIPSEQ:CHIPSEQ:MARK_DUPLICATES_PICARD:SAMTOOLS_INDEX,1702245293000,1702245311000,2,127.2,,1073741824.0,,,0.007949323037499999,0.007949323037499999,0.0,251.77,
1481,NFCORE_CHIPSEQ:CHIPSEQ:MARK_DUPLICATES_PICARD:SAMTOOLS_INDEX,1702245302000,1702245312000,2,160.9,,1073741824.0,,,0.005513697434895834,0.005513697434895834,0.0,251.77,
1486,NFCORE_CHIPSEQ:CHIPSEQ:MARK_DUPLICATES_PICARD:SAMTOOLS_INDEX,1702245301000,1702245314000,2,147.3,,1073741824.0,,,0.006592075114670139,0.006592075114670139,0.0,251.77,
1491,NFCORE_CHIPSEQ:CHIPSEQ:FILTER_BAM_BAMTOOLS:BAM_REMOVE_ORPHANS,1702245306000,1702245307000,2,124.7,,1073741824.0,,,0.0004334880572048612,0.0004334880572048612,0.0,251.77,
1494,NFCORE_CHIPSEQ:CHIPSEQ:FILTER_BAM_BAMTOOLS:BAM_SORT_SAMTOOLS:BAM_STATS_SAMTOOLS:SAMTOOLS_IDXSTATS,1702245317000,1702245318000,1,75.7,,1073741824.0,,,0.0002739244486979167,0.0002739244486979167,0.0,251.77,
976,NFCORE_CHIPSEQ:CHIPSEQ:MARK_DUPLICATES_PICARD:PICARD_MARKDUPLICATES,1702244959000,1702245309000,2,106.6,,21180186624.0,,,0.31076791210177956,0.31076791210177956,0.0,251.77,
1039,NFCORE_CHIPSEQ:CHIPSEQ:MARK_DUPLICATES_PICARD:PICARD_MARKDUPLICATES,1702245058000,1702245311000,2,107.7,,21180186624.0,,,0.22554706120188805,0.22554706120188805,0.0,251.77,
1043,NFCORE_CHIPSEQ:CHIPSEQ:MARK_DUPLICATES_PICARD:PICARD_MARKDUPLICATES,1702245050000,1702245311000,2,107.4,,21180186624.0,,,0.23242400795214843,0.23242400795214843,0.0,251.77,
1046,NFCORE_CHIPSEQ:CHIPSEQ:MARK_DUPLICATES_PICARD:PICARD_MARKDUPLICATES,1702245074000,1702245314000,2,107.6,,21180186624.0,,,0.21387953291145834,0.21387953291145834,0.0,251.77,
1309,NFCORE_CHIPSEQ:CHIPSEQ:PRESEQ_LCEXTRAP,1702245180000,1702245312000,2,100.6,,1073741824.0,,,0.046861163318749996,0.046861163318749996,0.0,251.77,
1312,NFCORE_CHIPSEQ:CHIPSEQ:FILTER_BAM_BAMTOOLS:BAM_FILTER,1702245078000,1702245315000,2,136.6,,1073741824.0,,,0.11192069496718748,0.11192069496718748,0.0,251.77,
1324,NFCORE_CHIPSEQ:CHIPSEQ:FILTER_BAM_BAMTOOLS:BAM_FILTER,1702245089000,1702245318000,2,135.2,,1073741824.0,,,0.10709877931736111,0.10709877931736111,0.0,251.77,
1366,NFCORE_CHIPSEQ:CHIPSEQ:FILTER_BAM_BAMTOOLS:BAM_SORT_SAMTOOLS:SAMTOOLS_SORT,1702245285000,1702245313000,5,428.6,,6309281792.0,,,0.04358991702005209,0.04358991702005209,0.0,251.77,
1406,NFCORE_CHIPSEQ:CHIPSEQ:PICARD_COLLECTMULTIPLEMETRICS,1702245227000,1702245315000,2,104.9,,2573205504.0,,,0.035842038394097234,0.035842038394097234,0.0,251.77,
1470,NFCORE_CHIPSEQ:CHIPSEQ:MARK_DUPLICATES_PICARD:BAM_STATS_SAMTOOLS:SAMTOOLS_IDXSTATS,1702245316000,1702245316000,2,66.3,,1073741824.0,,,0.0,0.0,0.0,251.77,
1487,NFCORE_CHIPSEQ:CHIPSEQ:MARK_DUPLICATES_PICARD:SAMTOOLS_INDEX,1702245311000,1702245323000,2,155.5,,1073741824.0,,,0.006405422190624999,0.006405422190624999,0.0,251.77,
1489,NFCORE_CHIPSEQ:CHIPSEQ:MARK_DUPLICATES_PICARD:SAMTOOLS_INDEX,1702245314000,1702245324000,2,158.3,,1073741824.0,,,0.005429031030381945,0.005429031030381945,0.0,251.77,
1500,NFCORE_CHIPSEQ:CHIPSEQ:MARK_DUPLICATES_PICARD:BAM_STATS_SAMTOOLS:SAMTOOLS_IDXSTATS,1702245318000,1702245319000,2,127.0,,1073741824.0,,,0.0004409777776041667,0.0004409777776041667,0.0,251.77,
1492,NFCORE_CHIPSEQ:CHIPSEQ:FILTER_BAM_BAMTOOLS:BAM_SORT_SAMTOOLS:BAM_STATS_SAMTOOLS:SAMTOOLS_FLAGSTAT,1702245317000,1702245325000,2,148.7,,1073741824.0,,,0.004093133290972222,0.004093133290972222,0.0,251.77,
1499,NFCORE_CHIPSEQ:CHIPSEQ:MARK_DUPLICATES_PICARD:BAM_STATS_SAMTOOLS:SAMTOOLS_FLAGSTAT,1702245320000,1702245330000,2,149.3,,1073741824.0,,,0.005135955014756946,0.005135955014756946,0.0,251.77,
994,NFCORE_CHIPSEQ:CHIPSEQ:MARK_DUPLICATES_PICARD:PICARD_MARKDUPLICATES,1702245000000,1702245330000,2,106.0,,21180186624.0,,,0.29236497846158854,0.29236497846158854,0.0,251.77,
1438,NFCORE_CHIPSEQ:CHIPSEQ:PRESEQ_LCEXTRAP,1702245252000,1702245329000,2,100.8,,1073741824.0,,,0.02738582716527778,0.02738582716527778,0.0,251.77,
1461,NFCORE_CHIPSEQ:CHIPSEQ:MARK_DUPLICATES_PICARD:BAM_STATS_SAMTOOLS:SAMTOOLS_STATS,1702245288000,1702245330000,2,132.8,,1073741824.0,,,0.019314325741666673,0.019314325741666673,0.0,251.77,
1508,NFCORE_CHIPSEQ:CHIPSEQ:MARK_DUPLICATES_PICARD:SAMTOOLS_INDEX,1702245321000,1702245334000,2,146.6,,1073741824.0,,,0.0065624418730902785,0.0065624418730902785,0.0,251.77,
1513,NFCORE_CHIPSEQ:CHIPSEQ:MARK_DUPLICATES_PICARD:SAMTOOLS_INDEX,1702245326000,1702245338000,2,120.7,,1073741824.0,,,0.005045549478125,0.005045549478125,0.0,251.77,
1516,NFCORE_CHIPSEQ:CHIPSEQ:FILTER_BAM_BAMTOOLS:BAM_REMOVE_ORPHANS,1702245334000,1702245335000,2,55.5,,1073741824.0,,,0.00020814516519097225,0.00020814516519097225,0.0,251.77,
1517,NFCORE_CHIPSEQ:CHIPSEQ:FILTER_BAM_BAMTOOLS:BAM_REMOVE_ORPHANS,1702245337000,1702245338000,2,53.6,,1073741824.0,,,0.00020195800486111115,0.00020195800486111115,0.0,251.77,
985,NFCORE_CHIPSEQ:CHIPSEQ:MARK_DUPLICATES_PICARD:PICARD_MARKDUPLICATES,1702244984000,1702245336000,2,106.2,,21180186624.0,,,0.3120852275979167,0.3120852275979167,0.0,251.77,
1379,NFCORE_CHIPSEQ:CHIPSEQ:FILTER_BAM_BAMTOOLS:BAM_SORT_SAMTOOLS:SAMTOOLS_SORT,1702245300000,1702245338000,5,414.1,,6309281792.0,,,0.05736346803155382,0.05736346803155382,0.0,251.77,
1465,NFCORE_CHIPSEQ:CHIPSEQ:PRESEQ_LCEXTRAP,1702245269000,1702245341000,2,100.6,,1073741824.0,,,0.025560634537499998,0.025560634537499998,0.0,251.77,
1511,NFCORE_CHIPSEQ:CHIPSEQ:MARK_DUPLICATES_PICARD:SAMTOOLS_INDEX,1702245333000,1702245341000,2,156.6,,1073741824.0,,,0.004298937781944444,0.004298937781944444,0.0,251.77,
1300,NFCORE_CHIPSEQ:CHIPSEQ:PRESEQ_LCEXTRAP,1702245215000,1702245350000,2,100.6,,1073741824.0,,,0.047926189757812494,0.047926189757812494,0.0,251.77,
1495,NFCORE_CHIPSEQ:CHIPSEQ:MARK_DUPLICATES_PICARD:BAM_STATS_SAMTOOLS:SAMTOOLS_FLAGSTAT,1702245341000,1702245352000,2,153.1,,1073741824.0,,,0.005785668043489583,0.005785668043489583,0.0,251.77,
1515,NFCORE_CHIPSEQ:CHIPSEQ:MARK_DUPLICATES_PICARD:SAMTOOLS_INDEX,1702245339000,1702245349000,2,154.2,,1073741824.0,,,0.005295518623263889,0.005295518623263889,0.0,251.77,
965,NFCORE_CHIPSEQ:CHIPSEQ:MARK_DUPLICATES_PICARD:PICARD_MARKDUPLICATES,1702244977000,1702245351000,2,105.8,,21180186624.0,,,0.3311033968568143,0.3311033968568143,0.0,251.77,
1337,NFCORE_CHIPSEQ:CHIPSEQ:FILTER_BAM_BAMTOOLS:BAM_FILTER,1702245104000,1702245355000,2,138.5,,1073741824.0,,,0.12008502127977431,0.12008502127977431,0.0,251.77,
1393,NFCORE_CHIPSEQ:CHIPSEQ:PICARD_COLLECTMULTIPLEMETRICS,1702245211000,1702245356000,2,99.1,,2573205504.0,,,0.056319271626085084,0.056319271626085084,0.0,251.77,
1421,NFCORE_CHIPSEQ:CHIPSEQ:FILTER_BAM_BAMTOOLS:BAM_SORT_SAMTOOLS:SAMTOOLS_SORT,1702245341000,1702245354000,5,433.8,,6309281792.0,,,0.02045830841104601,0.02045830841104601,0.0,251.77,
1445,NFCORE_CHIPSEQ:CHIPSEQ:PICARD_COLLECTMULTIPLEMETRICS,1702245267000,1702245354000,2,103.4,,2573205504.0,,,0.03500978228059896,0.03500978228059896,0.0,251.77,
1543,NFCORE_CHIPSEQ:CHIPSEQ:MARK_DUPLICATES_PICARD:SAMTOOLS_INDEX,1702245345000,1702245355000,2,162.8,,1073741824.0,,,0.005575569038194446,0.005575569038194446,0.0,251.77,
971,NFCORE_CHIPSEQ:CHIPSEQ:MARK_DUPLICATES_PICARD:PICARD_MARKDUPLICATES,1702244969000,1702245357000,2,106.0,,21180186624.0,,,0.34375033831241325,0.34375033831241325,0.0,251.77,
1352,NFCORE_CHIPSEQ:CHIPSEQ:FILTER_BAM_BAMTOOLS:BAM_FILTER,1702245138000,1702245358000,2,138.1,,1073741824.0,,,0.10496724029687499,0.10496724029687499,0.0,251.77,
1501,NFCORE_CHIPSEQ:CHIPSEQ:MARK_DUPLICATES_PICARD:BAM_STATS_SAMTOOLS:SAMTOOLS_STATS,1702245319000,1702245361000,2,132.7,,1073741824.0,,,0.019300648860937502,0.019300648860937502,0.0,251.77,
1530,NFCORE_CHIPSEQ:CHIPSEQ:MARK_DUPLICATES_PICARD:SAMTOOLS_INDEX,1702245352000,1702245363000,2,160.3,,1073741824.0,,,0.006043574937239584,0.006043574937239584,0.0,251.77,
1557,NFCORE_CHIPSEQ:CHIPSEQ:FILTER_BAM_BAMTOOLS:BAM_REMOVE_ORPHANS,1702245358000,1702245359000,2,73.6,,1073741824.0,,,0.0002670860083333333,0.0002670860083333333,0.0,251.77,
1564,NFCORE_CHIPSEQ:CHIPSEQ:MARK_DUPLICATES_PICARD:BAM_STATS_SAMTOOLS:SAMTOOLS_IDXSTATS,1702245361000,1702245361000,2,77.4,,1073741824.0,,,0.0,0.0,0.0,251.77,
1414,NFCORE_CHIPSEQ:CHIPSEQ:PICARD_COLLECTMULTIPLEMETRICS,1702245274000,1702245372000,2,92.0,,2573205504.0,,,0.0357982562030382,0.0357982562030382,0.0,251.77,
1544,NFCORE_CHIPSEQ:CHIPSEQ:FILTER_BAM_BAMTOOLS:BAM_SORT_SAMTOOLS:SAMTOOLS_INDEX,1702245357000,1702245372000,2,155.5,,1073741824.0,,,0.008006777738281252,0.008006777738281252,0.0,251.77,
1555,NFCORE_CHIPSEQ:CHIPSEQ:MARK_DUPLICATES_PICARD:SAMTOOLS_INDEX,1702245361000,1702245373000,2,161.6,,1073741824.0,,,0.0066437906833333345,0.0066437906833333345,0.0,251.77,
1019,NFCORE_CHIPSEQ:CHIPSEQ:MARK_DUPLICATES_PICARD:PICARD_MARKDUPLICATES,1702245098000,1702245372000,2,107.2,,21180186624.0,,,0.24382223194822053,0.24382223194822053,0.0,251.77,
1562,NFCORE_CHIPSEQ:CHIPSEQ:MARK_DUPLICATES_PICARD:BAM_STATS_SAMTOOLS:SAMTOOLS_FLAGSTAT,1702245364000,1702245374000,2,152.0,,1073741824.0,,,0.005223877819444445,0.005223877819444445,0.0,251.77,
1436,NFCORE_CHIPSEQ:CHIPSEQ:PRESEQ_LCEXTRAP,1702245254000,1702245381000,2,101.2,,1073741824.0,,,0.045334256946875,0.045334256946875,0.0,251.77,
1559,NFCORE_CHIPSEQ:CHIPSEQ:FILTER_BAM_BAMTOOLS:BAM_SORT_SAMTOOLS:SAMTOOLS_INDEX,1702245375000,1702245381000,2,158.4,,1073741824.0,,,0.0032593724583333335,0.0032593724583333335,0.0,251.77,
1001,NFCORE_CHIPSEQ:CHIPSEQ:MARK_DUPLICATES_PICARD:PICARD_MARKDUPLICATES,1702245066000,1702245392000,2,106.6,,21180186624.0,,,0.2894581124148004,0.2894581124148004,0.0,251.77,
1370,NFCORE_CHIPSEQ:CHIPSEQ:FILTER_BAM_BAMTOOLS:BAM_FILTER,1702245162000,1702245391000,2,139.0,,1073741824.0,,,0.1099324987484375,0.1099324987484375,0.0,251.77,
1551,NFCORE_CHIPSEQ:CHIPSEQ:MARK_DUPLICATES_PICARD:BAM_STATS_SAMTOOLS:SAMTOOLS_IDXSTATS,1702245395000,1702245396000,2,103.2,,1073741824.0,,,0.0003634754534722222,0.0003634754534722222,0.0,251.77,
1553,NFCORE_CHIPSEQ:CHIPSEQ:MARK_DUPLICATES_PICARD:BAM_STATS_SAMTOOLS:SAMTOOLS_FLAGSTAT,1702245380000,1702245391000,2,149.0,,1073741824.0,,,0.005638804395659723,0.005638804395659723,0.0,251.77,
1580,NFCORE_CHIPSEQ:CHIPSEQ:MARK_DUPLICATES_PICARD:SAMTOOLS_INDEX,1702245384000,1702245394000,2,157.5,,1073741824.0,,,0.005402979828993057,0.005402979828993057,0.0,251.77,
1563,NFCORE_CHIPSEQ:CHIPSEQ:MARK_DUPLICATES_PICARD:BAM_STATS_SAMTOOLS:SAMTOOLS_STATS,1702245363000,1702245408000,2,133.3,,1073741824.0,,,0.020767189441406254,0.020767189441406254,0.0,251.77,
1574,NFCORE_CHIPSEQ:CHIPSEQ:FILTER_BAM_BAMTOOLS:BAM_SORT_SAMTOOLS:BAM_STATS_SAMTOOLS:SAMTOOLS_IDXSTATS,1702245404000,1702245408000,1,86.5,,1073741824.0,,,0.0012363742822916668,0.0012363742822916668,0.0,251.77,
1587,NFCORE_CHIPSEQ:CHIPSEQ:FILTER_BAM_BAMTOOLS:BAM_REMOVE_ORPHANS,1702245399000,1702245402000,2,71.5,,1073741824.0,,,0.0007807427039062501,0.0007807427039062501,0.0,251.77,
1514,NFCORE_CHIPSEQ:CHIPSEQ:PRESEQ_LCEXTRAP,1702245323000,1702245411000,2,100.5,,1073741824.0,,,0.03121211922430556,0.03121211922430556,0.0,251.77,
1565,NFCORE_CHIPSEQ:CHIPSEQ:MARK_DUPLICATES_PICARD:SAMTOOLS_INDEX,1702245398000,1702245419000,2,157.2,,1073741824.0,,,0.011325742319791667,0.011325742319791667,0.0,251.77,
1334,NFCORE_CHIPSEQ:CHIPSEQ:BEDTOOLS_GENOMECOV,1702245093000,1702245419000,2,121.0,,4567597056.0,,,0.1664702934029514,0.1664702934029514,0.0,251.77,
1415,NFCORE_CHIPSEQ:CHIPSEQ:PICARD_COLLECTMULTIPLEMETRICS,1702245274000,1702245421000,2,104.4,,2573205504.0,,,0.05963315054101564,0.05963315054101564,0.0,251.77,
1454,NFCORE_CHIPSEQ:CHIPSEQ:FILTER_BAM_BAMTOOLS:BAM_FILTER,1702245262000,1702245419000,2,135.4,,1073741824.0,,,0.07352805163281251,0.07352805163281251,0.0,251.77,
1471,NFCORE_CHIPSEQ:CHIPSEQ:FILTER_BAM_BAMTOOLS:BAM_FILTER,1702245278000,1702245421000,2,137.5,,1073741824.0,,,0.06794930705807292,0.06794930705807292,0.0,251.77,
1510,NFCORE_CHIPSEQ:CHIPSEQ:PRESEQ_LCEXTRAP,1702245322000,1702245420000,2,100.2,,1073741824.0,,,0.03466321278923611,0.03466321278923611,0.0,251.77,
1554,NFCORE_CHIPSEQ:CHIPSEQ:MARK_DUPLICATES_PICARD:BAM_STATS_SAMTOOLS:SAMTOOLS_STATS,1702245395000,1702245427000,2,131.6,,1073741824.0,,,0.014590630988888891,0.014590630988888891,0.0,251.77,
1567,NFCORE_CHIPSEQ:CHIPSEQ:FILTER_BAM_BAMTOOLS:BAM_REMOVE_ORPHANS,1702245423000,1702245424000,2,18.0,,1073741824.0,,,8.603015868055555e-05,8.603015868055555e-05,0.0,251.77,
1479,NFCORE_CHIPSEQ:CHIPSEQ:PRESEQ_LCEXTRAP,1702245292000,1702245437000,2,102.5,,1073741824.0,,,0.0523734161358507,0.0523734161358507,0.0,251.77,
1480,NFCORE_CHIPSEQ:CHIPSEQ:PRESEQ_LCEXTRAP,1702245311000,1702245437000,2,100.5,,1073741824.0,,,0.044690079798437504,0.044690079798437504,0.0,251.77,
1488,NFCORE_CHIPSEQ:CHIPSEQ:PRESEQ_LCEXTRAP,1702245318000,1702245438000,2,100.9,,1073741824.0,,,0.042718287968750004,0.042718287968750004,0.0,251.77,
1520,NFCORE_CHIPSEQ:CHIPSEQ:FILTER_BAM_BAMTOOLS:BAM_SORT_SAMTOOLS:SAMTOOLS_INDEX,1702245425000,1702245437000,2,155.2,,1073741824.0,,,0.00639369915,0.00639369915,0.0,251.77,
1573,NFCORE_CHIPSEQ:CHIPSEQ:FILTER_BAM_BAMTOOLS:BAM_SORT_SAMTOOLS:BAM_STATS_SAMTOOLS:SAMTOOLS_FLAGSTAT,1702245424000,1702245437000,2,144.9,,1073741824.0,,,0.006490475429253473,0.006490475429253473,0.0,251.77,
1584,NFCORE_CHIPSEQ:CHIPSEQ:FILTER_BAM_BAMTOOLS:BAM_SORT_SAMTOOLS:BAM_STATS_SAMTOOLS:SAMTOOLS_IDXSTATS,1702245438000,1702245439000,1,66.2,,1073741824.0,,,0.00024298864704861111,0.00024298864704861111,0.0,251.77,
1582,NFCORE_CHIPSEQ:CHIPSEQ:FILTER_BAM_BAMTOOLS:BAM_SORT_SAMTOOLS:BAM_STATS_SAMTOOLS:SAMTOOLS_FLAGSTAT,1702245441000,1702245446000,2,139.4,,1073741824.0,,,0.0024067856987847226,0.0024067856987847226,0.0,251.77,
1586,NFCORE_CHIPSEQ:CHIPSEQ:MARK_DUPLICATES_PICARD:SAMTOOLS_INDEX,1702245422000,1702245437000,2,151.6,,1073741824.0,,,0.007816278328124999,0.007816278328124999,0.0,251.77,
1598,NFCORE_CHIPSEQ:CHIPSEQ:FILTER_BAM_BAMTOOLS:BAM_REMOVE_ORPHANS,1702245440000,1702245442000,2,34.8,,1073741824.0,,,0.00028147536319444446,0.00028147536319444446,0.0,251.77,
1599,NFCORE_CHIPSEQ:CHIPSEQ:FILTER_BAM_BAMTOOLS:BAM_REMOVE_ORPHANS,1702245432000,1702245437000,2,57.8,,1073741824.0,,,0.0010781744279513888,0.0010781744279513888,0.0,251.77,
975,NFCORE_CHIPSEQ:CHIPSEQ:MARK_DUPLICATES_PICARD:PICARD_MARKDUPLICATES,1702245105000,1702245452000,2,106.6,,21180186624.0,,,0.30810418714090715,0.30810418714090715,0.0,251.77,
1329,NFCORE_CHIPSEQ:CHIPSEQ:FILTER_BAM_BAMTOOLS:BAM_SORT_SAMTOOLS:SAMTOOLS_SORT,1702245424000,1702245446000,5,415.7,,6309281792.0,,,0.03332505414648438,0.03332505414648438,0.0,251.77,
1464,NFCORE_CHIPSEQ:CHIPSEQ:BEDTOOLS_GENOMECOV,1702245314000,1702245449000,2,121.9,,4567597056.0,,,0.0693327373125,0.0693327373125,0.0,251.77,
1512,NFCORE_CHIPSEQ:CHIPSEQ:PRESEQ_LCEXTRAP,1702245341000,1702245446000,2,100.7,,1073741824.0,,,0.03731011756901042,0.03731011756901042,0.0,251.77,
1579,NFCORE_CHIPSEQ:CHIPSEQ:MARK_DUPLICATES_PICARD:BAM_STATS_SAMTOOLS:SAMTOOLS_IDXSTATS,1702245454000,1702245457000,2,92.5,,1073741824.0,,,0.0009858959148437499,0.0009858959148437499,0.0,251.77,
1455,NFCORE_CHIPSEQ:CHIPSEQ:BEDTOOLS_GENOMECOV,1702245265000,1702245460000,2,121.8,,4567597056.0,,,0.10008378742578125,0.10008378742578125,0.0,251.77,
1509,NFCORE_CHIPSEQ:CHIPSEQ:PRESEQ_LCEXTRAP,1702245320000,1702245460000,2,100.4,,1073741824.0,,,0.04961005461805556,0.04961005461805556,0.0,251.77,
1596,NFCORE_CHIPSEQ:CHIPSEQ:MARK_DUPLICATES_PICARD:BAM_STATS_SAMTOOLS:SAMTOOLS_FLAGSTAT,1702245450000,1702245462000,2,148.7,,1073741824.0,,,0.006139699936458333,0.006139699936458333,0.0,251.77,
1016,NFCORE_CHIPSEQ:CHIPSEQ:MARK_DUPLICATES_PICARD:PICARD_MARKDUPLICATES,1702245188000,1702245470000,2,106.7,,21180186624.0,,,0.2504819768069011,0.2504819768069011,0.0,251.77,
1612,NFCORE_CHIPSEQ:CHIPSEQ:MARK_DUPLICATES_PICARD:SAMTOOLS_INDEX,1702245461000,1702245477000,2,155.7,,1073741824.0,,,0.008550983401388889,0.008550983401388889,0.0,251.77,
1538,NFCORE_CHIPSEQ:CHIPSEQ:FILTER_BAM_BAMTOOLS:BAM_FILTER,1702245384000,1702245477000,2,140.2,,1073741824.0,,,0.0450084901703125,0.0450084901703125,0.0,251.77,
1542,NFCORE_CHIPSEQ:CHIPSEQ:PRESEQ_LCEXTRAP,1702245352000,1702245484000,2,100.6,,1073741824.0,,,0.046861163318749996,0.046861163318749996,0.0,251.77,
1572,NFCORE_CHIPSEQ:CHIPSEQ:FILTER_BAM_BAMTOOLS:BAM_SORT_SAMTOOLS:SAMTOOLS_SORT,1702245449000,1702245480000,5,409.1,,6309281792.0,,,0.046291771367252606,0.046291771367252606,0.0,251.77,
1460,NFCORE_CHIPSEQ:CHIPSEQ:FILTER_BAM_BAMTOOLS:BAM_FILTER,1702245285000,1702245491000,2,136.6,,1073741824.0,,,0.09728127916979167,0.09728127916979167,0.0,251.77,
1578,NFCORE_CHIPSEQ:CHIPSEQ:MARK_DUPLICATES_PICARD:BAM_STATS_SAMTOOLS:SAMTOOLS_FLAGSTAT,1702245481000,1702245495000,2,145.2,,1073741824.0,,,0.007003419650694445,0.007003419650694445,0.0,251.77,
1607,NFCORE_CHIPSEQ:CHIPSEQ:MARK_DUPLICATES_PICARD:BAM_STATS_SAMTOOLS:SAMTOOLS_IDXSTATS,1702245487000,1702245495000,2,87.3,,1073741824.0,,,0.0024935895256944446,0.0024935895256944446,0.0,251.77,
1615,NFCORE_CHIPSEQ:CHIPSEQ:FILTER_BAM_BAMTOOLS:BAM_SORT_SAMTOOLS:SAMTOOLS_INDEX,1702245483000,1702245495000,2,161.3,,1073741824.0,,,0.006632067642708334,0.006632067642708334,0.0,251.77,
1617,NFCORE_CHIPSEQ:CHIPSEQ:UCSC_BEDGRAPHTOBIGWIG,1702245464000,1702245491000,1,99.3,,1073741824.0,,,0.00947093830546875,0.00947093830546875,0.0,251.77,
1620,NFCORE_CHIPSEQ:CHIPSEQ:MARK_DUPLICATES_PICARD:SAMTOOLS_INDEX,1702245484000,1702245496000,2,159.0,,1073741824.0,,,0.0065421909979166675,0.0065421909979166675,0.0,251.77,
1625,NFCORE_CHIPSEQ:CHIPSEQ:FILTER_BAM_BAMTOOLS:BAM_REMOVE_ORPHANS,1702245494000,1702245496000,2,27.9,,1073741824.0,,,0.0002365370407986111,0.0002365370407986111,0.0,251.77,
1048,NFCORE_CHIPSEQ:CHIPSEQ:MARK_DUPLICATES_PICARD:PICARD_MARKDUPLICATES,1702245318000,1702245496000,2,109.1,,21180186624.0,,,0.1594967790890191,0.1594967790890191,0.0,251.77,
1049,NFCORE_CHIPSEQ:CHIPSEQ:MARK_DUPLICATES_PICARD:PICARD_MARKDUPLICATES,1702245314000,1702245497000,2,109.0,,21180186624.0,,,0.1639174335694662,0.1639174335694662,0.0,251.77,
1531,NFCORE_CHIPSEQ:CHIPSEQ:PRESEQ_LCEXTRAP,1702245379000,1702245502000,2,100.6,,1073741824.0,,,0.0436660840015625,0.0436660840015625,0.0,251.77,
1629,NFCORE_CHIPSEQ:CHIPSEQ:FILTER_BAM_BAMTOOLS:BAM_REMOVE_ORPHANS,1702245497000,1702245499000,2,22.3,,1073741824.0,,,0.00020006535885416665,0.00020006535885416665,0.0,251.77,
1546,NFCORE_CHIPSEQ:CHIPSEQ:PICARD_COLLECTMULTIPLEMETRICS,1702245357000,1702245509000,2,99.8,,2573205504.0,,,0.05938461399340279,0.05938461399340279,0.0,251.77,
1558,NFCORE_CHIPSEQ:CHIPSEQ:PICARD_COLLECTMULTIPLEMETRICS,1702245442000,1702245511000,2,114.5,,2573205504.0,,,0.03026045594309895,0.03026045594309895,0.0,251.77,
1581,NFCORE_CHIPSEQ:CHIPSEQ:PRESEQ_LCEXTRAP,1702245408000,1702245508000,2,100.7,,1073741824.0,,,0.035533445303819446,0.035533445303819446,0.0,251.77,
1597,NFCORE_CHIPSEQ:CHIPSEQ:UCSC_BEDGRAPHTOBIGWIG,1702245446000,1702245511000,1,99.6,,1073741824.0,,,0.022863906835069444,0.022863906835069444,0.0,251.77,
1601,NFCORE_CHIPSEQ:CHIPSEQ:FILTER_BAM_BAMTOOLS:BAM_SORT_SAMTOOLS:BAM_STATS_SAMTOOLS:SAMTOOLS_IDXSTATS,1702245512000,1702245512000,1,79.0,,1073741824.0,,,0.0,0.0,0.0,251.77,
1609,NFCORE_CHIPSEQ:CHIPSEQ:MARK_DUPLICATES_PICARD:BAM_STATS_SAMTOOLS:SAMTOOLS_FLAGSTAT,1702245499000,1702245511000,2,145.4,,1073741824.0,,,0.006010746489583335,0.006010746489583335,0.0,251.77,
1618,NFCORE_CHIPSEQ:CHIPSEQ:UCSC_BEDGRAPHTOBIGWIG,1702245467000,1702245511000,1,99.0,,1073741824.0,,,0.015391137200694445,0.015391137200694445,0.0,251.77,
1626,NFCORE_CHIPSEQ:CHIPSEQ:FILTER_BAM_BAMTOOLS:BAM_SORT_SAMTOOLS:SAMTOOLS_INDEX,1702245498000,1702245508000,2,157.2,,1073741824.0,,,0.005393210628472223,0.005393210628472223,0.0,251.77,
1640,NFCORE_CHIPSEQ:CHIPSEQ:MARK_DUPLICATES_PICARD:SAMTOOLS_INDEX,1702245505000,1702245514000,2,137.7,,1073741824.0,,,0.004282391335156249,0.004282391335156249,0.0,251.77,
1053,NFCORE_CHIPSEQ:CHIPSEQ:MARK_DUPLICATES_PICARD:PICARD_MARKDUPLICATES,1702245313000,1702245511000,2,108.9,,21180186624.0,,,0.17728881205664063,0.17728881205664063,0.0,251.77,
1522,NFCORE_CHIPSEQ:CHIPSEQ:FILTER_BAM_BAMTOOLS:BAM_FILTER,1702245334000,1702245517000,2,136.4,,1073741824.0,,,0.08630059288020835,0.08630059288020835,0.0,251.77,
1525,NFCORE_CHIPSEQ:CHIPSEQ:FILTER_BAM_BAMTOOLS:BAM_FILTER,1702245359000,1702245512000,2,139.5,,1073741824.0,,,0.07369746530546875,0.07369746530546875,0.0,251.77,
1552,NFCORE_CHIPSEQ:CHIPSEQ:FILTER_BAM_BAMTOOLS:BAM_FILTER,1702245355000,1702245514000,2,136.5,,1073741824.0,,,0.07503425910130208,0.07503425910130208,0.0,251.77,
1594,NFCORE_CHIPSEQ:CHIPSEQ:MARK_DUPLICATES_PICARD:BAM_STATS_SAMTOOLS:SAMTOOLS_IDXSTATS,1702245511000,1702245512000,2,105.3,,1073741824.0,,,0.00037031389383680556,0.00037031389383680556,0.0,251.77,
1593,NFCORE_CHIPSEQ:CHIPSEQ:MARK_DUPLICATES_PICARD:BAM_STATS_SAMTOOLS:SAMTOOLS_STATS,1702245466000,1702245515000,2,133.1,,1073741824.0,,,0.022581249114496525,0.022581249114496525,0.0,251.77,
1632,NFCORE_CHIPSEQ:CHIPSEQ:FILTER_BAM_BAMTOOLS:BAM_SORT_SAMTOOLS:BAM_STATS_SAMTOOLS:SAMTOOLS_FLAGSTAT,1702245511000,1702245517000,2,150.8,,1073741824.0,,,0.0031108806104166668,0.0031108806104166668,0.0,251.77,
1468,NFCORE_CHIPSEQ:CHIPSEQ:BEDTOOLS_GENOMECOV,1702245318000,1702245522000,2,124.4,,4567597056.0,,,0.10643023380520834,0.10643023380520834,0.0,251.77,
1641,NFCORE_CHIPSEQ:CHIPSEQ:MARK_DUPLICATES_PICARD:SAMTOOLS_INDEX,1702245514000,1702245521000,2,151.2,,1073741824.0,,,0.0036384786326388884,0.0036384786326388884,0.0,251.77,
1657,NFCORE_CHIPSEQ:CHIPSEQ:FILTER_BAM_BAMTOOLS:BAM_REMOVE_ORPHANS,1702245520000,1702245521000,2,33.9,,1073741824.0,,,0.00013780692144097222,0.00013780692144097222,0.0,251.77,
1658,NFCORE_CHIPSEQ:CHIPSEQ:FILTER_BAM_BAMTOOLS:BAM_REMOVE_ORPHANS,1702245525000,1702245527000,2,13.9,,1073741824.0,,,0.00014535783593750003,0.00014535783593750003,0.0,251.77,
1659,NFCORE_CHIPSEQ:CHIPSEQ:FILTER_BAM_BAMTOOLS:BAM_REMOVE_ORPHANS,1702245525000,1702245526000,2,12.7,,1073741824.0,,,6.877123776041667e-05,6.877123776041667e-05,0.0,251.77,
1447,NFCORE_CHIPSEQ:CHIPSEQ:BEDTOOLS_GENOMECOV,1702245316000,1702245528000,2,124.2,,4567597056.0,,,0.11046589709687502,0.11046589709687502,0.0,251.77,
1498,NFCORE_CHIPSEQ:CHIPSEQ:MARK_DUPLICATES_PICARD:BAM_STATS_SAMTOOLS:SAMTOOLS_IDXSTATS,1702245531000,1702245533000,2,128.0,,1073741824.0,,,0.0008884683555555556,0.0008884683555555556,0.0,251.77,
1532,NFCORE_CHIPSEQ:CHIPSEQ:MARK_DUPLICATES_PICARD:BAM_STATS_SAMTOOLS:SAMTOOLS_FLAGSTAT,1702245517000,1702245531000,2,145.9,,1073741824.0,,,0.007035332372395835,0.007035332372395835,0.0,251.77,
1603,NFCORE_CHIPSEQ:CHIPSEQ:FILTER_BAM_BAMTOOLS:BAM_SORT_SAMTOOLS:BAM_STATS_SAMTOOLS:SAMTOOLS_FLAGSTAT,1702245515000,1702245527000,2,151.8,,1073741824.0,,,0.006260838022916667,0.006260838022916667,0.0,251.77,
1621,NFCORE_CHIPSEQ:CHIPSEQ:MARK_DUPLICATES_PICARD:BAM_STATS_SAMTOOLS:SAMTOOLS_FLAGSTAT,1702245526000,1702245537000,2,145.7,,1073741824.0,,,0.005520597069357639,0.005520597069357639,0.0,251.77,
1631,NFCORE_CHIPSEQ:CHIPSEQ:FILTER_BAM_BAMTOOLS:BAM_SORT_SAMTOOLS:BAM_STATS_SAMTOOLS:SAMTOOLS_IDXSTATS,1702245537000,1702245537000,1,87.7,,1073741824.0,,,0.0,0.0,0.0,251.77,
1648,NFCORE_CHIPSEQ:CHIPSEQ:FILTER_BAM_BAMTOOLS:BAM_SORT_SAMTOOLS:BAM_STATS_SAMTOOLS:SAMTOOLS_IDXSTATS,1702245536000,1702245537000,1,69.6,,1073741824.0,,,0.00025406040763888886,0.00025406040763888886,0.0,251.77,
1647,NFCORE_CHIPSEQ:CHIPSEQ:FILTER_BAM_BAMTOOLS:BAM_SORT_SAMTOOLS:BAM_STATS_SAMTOOLS:SAMTOOLS_FLAGSTAT,1702245520000,1702245532000,2,150.2,,1073741824.0,,,0.006198315139583333,0.006198315139583333,0.0,251.77,
1504,NFCORE_CHIPSEQ:CHIPSEQ:MARK_DUPLICATES_PICARD:BAM_STATS_SAMTOOLS:SAMTOOLS_IDXSTATS,1702245536000,1702245536000,2,91.4,,1073741824.0,,,0.0,0.0,0.0,251.77,
1549,NFCORE_CHIPSEQ:CHIPSEQ:FILTER_BAM_BAMTOOLS:BAM_FILTER,1702245357000,1702245539000,2,136.5,,1073741824.0,,,0.08588827142413194,0.08588827142413194,0.0,251.77,
1623,NFCORE_CHIPSEQ:CHIPSEQ:MARK_DUPLICATES_PICARD:BAM_STATS_SAMTOOLS:SAMTOOLS_IDXSTATS,1702245540000,1702245541000,2,77.7,,1073741824.0,,,0.0002804372490451389,0.0002804372490451389,0.0,251.77,
1655,NFCORE_CHIPSEQ:CHIPSEQ:MARK_DUPLICATES_PICARD:SAMTOOLS_INDEX,1702245535000,1702245542000,2,151.9,,1073741824.0,,,0.003654434993489584,0.003654434993489584,0.0,251.77,
1534,NFCORE_CHIPSEQ:CHIPSEQ:MARK_DUPLICATES_PICARD:BAM_STATS_SAMTOOLS:SAMTOOLS_IDXSTATS,1702245543000,1702245544000,2,67.6,,1073741824.0,,,0.0002475476072916667,0.0002475476072916667,0.0,251.77,
1577,NFCORE_CHIPSEQ:CHIPSEQ:MARK_DUPLICATES_PICARD:BAM_STATS_SAMTOOLS:SAMTOOLS_STATS,1702245498000,1702245546000,2,133.1,,1073741824.0,,,0.02212040729583333,0.02212040729583333,0.0,251.77,
1637,NFCORE_CHIPSEQ:CHIPSEQ:MARK_DUPLICATES_PICARD:BAM_STATS_SAMTOOLS:SAMTOOLS_FLAGSTAT,1702245540000,1702245551000,2,145.5,,1073741824.0,,,0.005513432988975694,0.005513432988975694,0.0,251.77,
1672,NFCORE_CHIPSEQ:CHIPSEQ:FILTER_BAM_BAMTOOLS:BAM_REMOVE_ORPHANS,1702245545000,1702245546000,2,25.3,,1073741824.0,,,0.00010980187994791668,0.00010980187994791668,0.0,251.77,
1002,NFCORE_CHIPSEQ:CHIPSEQ:MARK_DUPLICATES_PICARD:PICARD_MARKDUPLICATES,1702245248000,1702245555000,2,107.0,,21180186624.0,,,0.27298774027059464,0.27298774027059464,0.0,251.77,
1029,NFCORE_CHIPSEQ:CHIPSEQ:MARK_DUPLICATES_PICARD:PICARD_MARKDUPLICATES,1702245302000,1702245547000,2,109.8,,21180186624.0,,,0.22009055620735676,0.22009055620735676,0.0,251.77,
1502,NFCORE_CHIPSEQ:CHIPSEQ:FILTER_BAM_BAMTOOLS:BAM_FILTER,1702245319000,1702245555000,2,137.8,,1073741824.0,,,0.11237066827708335,0.11237066827708335,0.0,251.77,
1506,NFCORE_CHIPSEQ:CHIPSEQ:MARK_DUPLICATES_PICARD:BAM_STATS_SAMTOOLS:SAMTOOLS_FLAGSTAT,1702245539000,1702245550000,2,149.9,,1073741824.0,,,0.005671042757378473,0.005671042757378473,0.0,251.77,
1570,NFCORE_CHIPSEQ:CHIPSEQ:FILTER_BAM_BAMTOOLS:BAM_FILTER,1702245366000,1702245552000,2,133.0,,1073741824.0,,,0.085656009228125,0.085656009228125,0.0,251.77,
1568,NFCORE_CHIPSEQ:CHIPSEQ:MARK_DUPLICATES_PICARD:BAM_STATS_SAMTOOLS:SAMTOOLS_IDXSTATS,1702245555000,1702245555000,2,69.1,,1073741824.0,,,0.0,0.0,0.0,251.77,
1585,NFCORE_CHIPSEQ:CHIPSEQ:PRESEQ_LCEXTRAP,1702245441000,1702245560000,2,100.7,,1073741824.0,,,0.042284799911545136,0.042284799911545136,0.0,251.77,
1606,NFCORE_CHIPSEQ:CHIPSEQ:MARK_DUPLICATES_PICARD:BAM_STATS_SAMTOOLS:SAMTOOLS_STATS,1702245515000,1702245556000,2,132.5,,1073741824.0,,,0.01881440712092014,0.01881440712092014,0.0,251.77,
1614,NFCORE_CHIPSEQ:CHIPSEQ:PICARD_COLLECTMULTIPLEMETRICS,1702245457000,1702245558000,2,100.7,,2573205504.0,,,0.03975552002139758,0.03975552002139758,0.0,251.77,
1634,NFCORE_CHIPSEQ:CHIPSEQ:MARK_DUPLICATES_PICARD:BAM_STATS_SAMTOOLS:SAMTOOLS_IDXSTATS,1702245555000,1702245556000,2,47.1,,1073741824.0,,,0.0001807914037326389,0.0001807914037326389,0.0,251.77,
1533,NFCORE_CHIPSEQ:CHIPSEQ:MARK_DUPLICATES_PICARD:BAM_STATS_SAMTOOLS:SAMTOOLS_STATS,1702245515000,1702245563000,2,132.1,,1073741824.0,,,0.0219641000875,0.0219641000875,0.0,251.77,
1624,NFCORE_CHIPSEQ:CHIPSEQ:MARK_DUPLICATES_PICARD:BAM_STATS_SAMTOOLS:SAMTOOLS_STATS,1702245519000,1702245566000,2,132.1,,1073741824.0,,,0.021506514669010417,0.021506514669010417,0.0,251.77,
1676,NFCORE_CHIPSEQ:CHIPSEQ:MARK_DUPLICATES_PICARD:BAM_STATS_SAMTOOLS:SAMTOOLS_FLAGSTAT,1702245561000,1702245568000,2,140.1,,1073741824.0,,,0.0033854563391493057,0.0033854563391493057,0.0,251.77,
1679,NFCORE_CHIPSEQ:CHIPSEQ:MARK_DUPLICATES_PICARD:SAMTOOLS_INDEX,1702245558000,1702245570000,2,151.4,,1073741824.0,,,0.006245207302083334,0.006245207302083334,0.0,251.77,
1682,NFCORE_CHIPSEQ:CHIPSEQ:FILTER_BAM_BAMTOOLS:BAM_REMOVE_ORPHANS,1702245562000,1702245567000,2,49.5,,1073741824.0,,,0.0009430338207465278,0.0009430338207465278,0.0,251.77,
1683,NFCORE_CHIPSEQ:CHIPSEQ:FILTER_BAM_BAMTOOLS:BAM_REMOVE_ORPHANS,1702245569000,1702245570000,2,41.4,,1073741824.0,,,0.00016222992274305558,0.00016222992274305558,0.0,251.77,
1503,NFCORE_CHIPSEQ:CHIPSEQ:FILTER_BAM_BAMTOOLS:BAM_FILTER,1702245330000,1702245569000,2,137.2,,1073741824.0,,,0.11333214119062499,0.11333214119062499,0.0,251.77,
1014,NFCORE_CHIPSEQ:CHIPSEQ:MARK_DUPLICATES_PICARD:PICARD_MARKDUPLICATES,1702245267000,1702245574000,2,106.5,,21180186624.0,,,0.2724878828439454,0.2724878828439454,0.0,251.77,
1496,NFCORE_CHIPSEQ:CHIPSEQ:MARK_DUPLICATES_PICARD:BAM_STATS_SAMTOOLS:SAMTOOLS_STATS,1702245531000,1702245574000,2,132.5,,1073741824.0,,,0.019732183078038198,0.019732183078038198,0.0,251.77,
1497,NFCORE_CHIPSEQ:CHIPSEQ:FILTER_BAM_BAMTOOLS:BAM_FILTER,1702245330000,1702245574000,2,137.6,,1073741824.0,,,0.11602093114444446,0.11602093114444446,0.0,251.77,
1591,NFCORE_CHIPSEQ:CHIPSEQ:MARK_DUPLICATES_PICARD:BAM_STATS_SAMTOOLS:SAMTOOLS_FLAGSTAT,1702245566000,1702245576000,2,151.6,,1073741824.0,,,0.00521085221875,0.00521085221875,0.0,251.77,
1681,NFCORE_CHIPSEQ:CHIPSEQ:MARK_DUPLICATES_PICARD:SAMTOOLS_INDEX,1702245571000,1702245579000,2,153.9,,1073741824.0,,,0.004228599538194445,0.004228599538194445,0.0,251.77,
1690,NFCORE_CHIPSEQ:CHIPSEQ:FILTER_BAM_BAMTOOLS:BAM_REMOVE_ORPHANS,1702245578000,1702245578000,2,32.7,,1073741824.0,,,0.0,0.0,0.0,251.77,
989,NFCORE_CHIPSEQ:CHIPSEQ:MARK_DUPLICATES_PICARD:PICARD_MARKDUPLICATES,1702245244000,1702245580000,2,106.8,,21180186624.0,,,0.29855602570937506,0.29855602570937506,0.0,251.77,
998,NFCORE_CHIPSEQ:CHIPSEQ:MARK_DUPLICATES_PICARD:PICARD_MARKDUPLICATES,1702245285000,1702245578000,2,107.1,,21180186624.0,,,0.26063420047063807,0.26063420047063807,0.0,251.77,
1013,NFCORE_CHIPSEQ:CHIPSEQ:MARK_DUPLICATES_PICARD:PICARD_MARKDUPLICATES,1702245302000,1702245578000,2,108.9,,21180186624.0,,,0.24712985923046876,0.24712985923046876,0.0,251.77,
1032,NFCORE_CHIPSEQ:CHIPSEQ:MARK_DUPLICATES_PICARD:PICARD_MARKDUPLICATES,1702245375000,1702245578000,2,109.0,,21180186624.0,,,0.18183190718361547,0.18183190718361547,0.0,251.77,
1566,NFCORE_CHIPSEQ:CHIPSEQ:PRESEQ_LCEXTRAP,1702245441000,1702245584000,2,101.3,,1073741824.0,,,0.05109222591935764,0.05109222591935764,0.0,251.77,
1571,NFCORE_CHIPSEQ:CHIPSEQ:MARK_DUPLICATES_PICARD:BAM_STATS_SAMTOOLS:SAMTOOLS_FLAGSTAT,1702245574000,1702245586000,2,147.9,,1073741824.0,,,0.006108438494791667,0.006108438494791667,0.0,251.77,
1630,NFCORE_CHIPSEQ:CHIPSEQ:FILTER_BAM_BAMTOOLS:BAM_SORT_SAMTOOLS:BAM_STATS_SAMTOOLS:SAMTOOLS_STATS,1702245559000,1702245589000,2,129.8,,1073741824.0,,,0.013502870942708335,0.013502870942708335,0.0,251.77,
1693,NFCORE_CHIPSEQ:CHIPSEQ:FILTER_BAM_BAMTOOLS:BAM_REMOVE_ORPHANS,1702245582000,1702245583000,2,21.8,,1073741824.0,,,9.840447934027777e-05,9.840447934027777e-05,0.0,251.77,
1036,NFCORE_CHIPSEQ:CHIPSEQ:MARK_DUPLICATES_PICARD:PICARD_MARKDUPLICATES,1702245334000,1702245589000,2,109.2,,21180186624.0,,,0.22857561498925785,0.22857561498925785,0.0,251.77,
1521,NFCORE_CHIPSEQ:CHIPSEQ:MARK_DUPLICATES_PICARD:BAM_STATS_SAMTOOLS:SAMTOOLS_IDXSTATS,1702245589000,1702245590000,2,100.8,,1073741824.0,,,0.0003556600930555556,0.0003556600930555556,0.0,251.77,
1569,NFCORE_CHIPSEQ:CHIPSEQ:MARK_DUPLICATES_PICARD:BAM_STATS_SAMTOOLS:SAMTOOLS_STATS,1702245549000,1702245589000,2,131.7,,1073741824.0,,,0.018251314336805557,0.018251314336805557,0.0,251.77,
1575,NFCORE_CHIPSEQ:CHIPSEQ:FILTER_BAM_BAMTOOLS:BAM_SORT_SAMTOOLS:BAM_STATS_SAMTOOLS:SAMTOOLS_STATS,1702245545000,1702245589000,2,129.2,,1073741824.0,,,0.01971824175138889,0.01971824175138889,0.0,251.77,
1576,NFCORE_CHIPSEQ:CHIPSEQ:FILTER_BAM_BAMTOOLS:BAM_FILTER,1702245376000,1702245596000,2,136.2,,1073741824.0,,,0.10360606502430555,0.10360606502430555,0.0,251.77,
1636,NFCORE_CHIPSEQ:CHIPSEQ:MARK_DUPLICATES_PICARD:BAM_STATS_SAMTOOLS:SAMTOOLS_STATS,1702245558000,1702245596000,2,132.7,,1073741824.0,,,0.0174624918265625,0.0174624918265625,0.0,251.77,
1646,NFCORE_CHIPSEQ:CHIPSEQ:FILTER_BAM_BAMTOOLS:BAM_SORT_SAMTOOLS:BAM_STATS_SAMTOOLS:SAMTOOLS_STATS,1702245559000,1702245599000,2,130.5,,1073741824.0,,,0.018095007128472226,0.018095007128472226,0.0,251.77,
1673,NFCORE_CHIPSEQ:CHIPSEQ:MARK_DUPLICATES_PICARD:BAM_STATS_SAMTOOLS:SAMTOOLS_STATS,1702245569000,1702245596000,2,131.5,,1073741824.0,,,0.012302052616406252,0.012302052616406252,0.0,251.77,
1692,NFCORE_CHIPSEQ:CHIPSEQ:MARK_DUPLICATES_PICARD:SAMTOOLS_INDEX,1702245582000,1702245593000,2,155.4,,1073741824.0,,,0.005868054967881945,0.005868054967881945,0.0,251.77,
1701,NFCORE_CHIPSEQ:CHIPSEQ:MARK_DUPLICATES_PICARD:SAMTOOLS_INDEX,1702245593000,1702245600000,2,160.4,,1073741824.0,,,0.004345113314236111,0.004345113314236111,0.0,239.675,
1704,NFCORE_CHIPSEQ:CHIPSEQ:MARK_DUPLICATES_PICARD:SAMTOOLS_INDEX,1702245586000,1702245597000,2,143.1,,1073741824.0,,,0.005427464024392361,0.005427464024392361,0.0,251.77,
1523,NFCORE_CHIPSEQ:CHIPSEQ:MARK_DUPLICATES_PICARD:BAM_STATS_SAMTOOLS:SAMTOOLS_FLAGSTAT,1702245592000,1702245600000,2,148.8,,1073741824.0,,,0.006872404061111113,0.006872404061111113,0.0,239.675,
1535,NFCORE_CHIPSEQ:CHIPSEQ:FILTER_BAM_BAMTOOLS:BAM_FILTER,1702245345000,1702245600000,2,135.0,,1073741824.0,,,0.12162533133697917,0.12162533133697917,0.0,239.675,
1684,NFCORE_CHIPSEQ:CHIPSEQ:MARK_DUPLICATES_PICARD:BAM_STATS_SAMTOOLS:SAMTOOLS_FLAGSTAT,1702245593000,1702245600000,2,149.5,,1073741824.0,,,0.006388755929947918,0.006388755929947918,0.0,239.675,
991,NFCORE_CHIPSEQ:CHIPSEQ:MARK_DUPLICATES_PICARD:PICARD_MARKDUPLICATES,1702245301000,1702245600000,2,107.0,,21180186624.0,,,0.27391181039307727,0.27391181039307727,0.0,239.675,
1505,NFCORE_CHIPSEQ:CHIPSEQ:MARK_DUPLICATES_PICARD:BAM_STATS_SAMTOOLS:SAMTOOLS_STATS,1702245573000,1702245600000,2,133.1,,1073741824.0,,,0.019107757095572917,0.019107757095572917,0.0,239.675,
1561,NFCORE_CHIPSEQ:CHIPSEQ:FILTER_BAM_BAMTOOLS:BAM_FILTER,1702245362000,1702245600000,2,136.7,,1073741824.0,,,0.12015933348871527,0.12015933348871527,0.0,239.675,
1588,NFCORE_CHIPSEQ:CHIPSEQ:FILTER_BAM_BAMTOOLS:BAM_FILTER,1702245423000,1702245600000,2,135.6,,1073741824.0,,,0.09021665107812499,0.09021665107812499,0.0,239.675,
1589,NFCORE_CHIPSEQ:CHIPSEQ:MARK_DUPLICATES_PICARD:BAM_STATS_SAMTOOLS:SAMTOOLS_STATS,1702245579000,1702245600000,2,130.7,,1073741824.0,,,0.016475052001822917,0.016475052001822917,0.0,239.675,
1627,NFCORE_CHIPSEQ:CHIPSEQ:PICARD_COLLECTMULTIPLEMETRICS,1702245498000,1702245600000,2,104.0,,2573205504.0,,,0.05001757519869793,0.05001757519869793,0.0,239.675,
1424,NFCORE_CHIPSEQ:CHIPSEQ:PHANTOMPEAKQUALTOOLS,1702245241000,1702245600000,1,22.2,,4294967296.0,,,0.06959695457934027,0.06959695457934027,0.0,239.675,
1524,NFCORE_CHIPSEQ:CHIPSEQ:MARK_DUPLICATES_PICARD:BAM_STATS_SAMTOOLS:SAMTOOLS_STATS,1702245592000,1702245600000,2,133.2,,1073741824.0,,,0.016195097731944445,0.016195097731944445,0.0,239.675,
1602,NFCORE_CHIPSEQ:CHIPSEQ:FILTER_BAM_BAMTOOLS:BAM_SORT_SAMTOOLS:BAM_STATS_SAMTOOLS:SAMTOOLS_STATS,1702245587000,1702245600000,2,130.4,,1073741824.0,,,0.016500678954861115,0.016500678954861115,0.0,239.675,
1518,NFCORE_CHIPSEQ:CHIPSEQ:PICARD_COLLECTMULTIPLEMETRICS,1702245516000,1702245600000,2,110.3,,2573205504.0,,,0.04951604745885417,0.04951604745885417,0.0,239.675,
1687,NFCORE_CHIPSEQ:CHIPSEQ:MARK_DUPLICATES_PICARD:BAM_STATS_SAMTOOLS:SAMTOOLS_STATS,1702245599000,1702245600000,2,132.0,,1073741824.0,,,0.01616366187013889,0.01616366187013889,0.0,239.675,
1000,NFCORE_CHIPSEQ:CHIPSEQ:MARK_DUPLICATES_PICARD:PICARD_MARKDUPLICATES,1702245312000,1702245600000,2,107.1,,21180186624.0,,,0.28593711042695313,0.28593711042695313,0.0,239.675,
1652,NFCORE_CHIPSEQ:CHIPSEQ:FILTER_BAM_BAMTOOLS:BAM_FILTER,1702245518000,1702245600000,2,137.6,,1073741824.0,,,0.05876190616111111,0.05876190616111111,0.0,239.675,
999,NFCORE_CHIPSEQ:CHIPSEQ:MARK_DUPLICATES_PICARD:PICARD_MARKDUPLICATES,1702245340000,1702245600000,2,106.5,,21180186624.0,,,0.26527056687226563,0.26527056687226563,0.0,239.675,
1476,NFCORE_CHIPSEQ:CHIPSEQ:PICARD_COLLECTMULTIPLEMETRICS,1702245531000,1702245600000,2,111.3,,2573205504.0,,,0.04773051647929688,0.04773051647929688,0.0,239.675,
1556,NFCORE_CHIPSEQ:CHIPSEQ:PRESEQ_LCEXTRAP,1702245503000,1702245600000,2,100.6,,1073741824.0,,,0.05048083751927083,0.05048083751927083,0.0,239.675,
1443,NFCORE_CHIPSEQ:CHIPSEQ:BEDTOOLS_GENOMECOV,1702245302000,1702245600000,2,123.3,,4567597056.0,,,0.1848470824,0.1848470824,0.0,239.675,
1613,NFCORE_CHIPSEQ:CHIPSEQ:PRESEQ_LCEXTRAP,1702245514000,1702245600000,2,101.1,,1073741824.0,,,0.04904595384756945,0.04904595384756945,0.0,239.675,
1619,NFCORE_CHIPSEQ:CHIPSEQ:PRESEQ_LCEXTRAP,1702245547000,1702245600000,2,101.0,,1073741824.0,,,0.03788704952274306,0.03788704952274306,0.0,239.675,
1663,NFCORE_CHIPSEQ:CHIPSEQ:FILTER_BAM_BAMTOOLS:BAM_FILTER,1702245529000,1702245600000,2,135.9,,1073741824.0,,,0.06097953943532986,0.06097953943532986,0.0,239.675,
1608,NFCORE_CHIPSEQ:CHIPSEQ:FILTER_BAM_BAMTOOLS:BAM_FILTER,1702245463000,1702245600000,2,135.0,,1073741824.0,,,0.09733336908975695,0.09733336908975695,0.0,239.675,
1635,NFCORE_CHIPSEQ:CHIPSEQ:FILTER_BAM_BAMTOOLS:BAM_FILTER,1702245511000,1702245600000,2,137.8,,1073741824.0,,,0.08412575977552084,0.08412575977552084,0.0,239.675,
1675,NFCORE_CHIPSEQ:CHIPSEQ:FILTER_BAM_BAMTOOLS:BAM_FILTER,1702245550000,1702245600000,2,135.4,,1073741824.0,,,0.06321000673437502,0.06321000673437502,0.0,239.675,
1047,NFCORE_CHIPSEQ:CHIPSEQ:MARK_DUPLICATES_PICARD:PICARD_MARKDUPLICATES,1702245457000,1702245600000,2,107.5,,21180186624.0,,,0.2119409738574436,0.2119409738574436,0.0,239.675,
1456,NFCORE_CHIPSEQ:CHIPSEQ:BEDTOOLS_GENOMECOV,1702245293000,1702245600000,2,123.2,,4567597056.0,,,0.20811351814592016,0.20811351814592016,0.0,239.675,
1485,NFCORE_CHIPSEQ:CHIPSEQ:PRESEQ_LCEXTRAP,1702245578000,1702245600000,2,101.1,,1073741824.0,,,0.04298449864826389,0.04298449864826389,0.0,239.675,
1595,NFCORE_CHIPSEQ:CHIPSEQ:FILTER_BAM_BAMTOOLS:BAM_FILTER,1702245427000,1702245600000,2,135.0,,1073741824.0,,,0.12681112080225695,0.12681112080225695,0.0,239.675,
990,NFCORE_CHIPSEQ:CHIPSEQ:MARK_DUPLICATES_PICARD:PICARD_MARKDUPLICATES,1702245361000,1702245600000,2,107.7,,21180186624.0,,,0.3009023402945964,0.3009023402945964,0.0,239.675,
1035,NFCORE_CHIPSEQ:CHIPSEQ:MARK_DUPLICATES_PICARD:PICARD_MARKDUPLICATES,1702245515000,1702245600000,2,109.8,,21180186624.0,,,0.16730391809069012,0.16730391809069012,0.0,239.675,
960,NFCORE_CHIPSEQ:CHIPSEQ:MARK_DUPLICATES_PICARD:PICARD_MARKDUPLICATES,1702245354000,1702245600000,2,106.4,,21180186624.0,,,0.3153083936132813,0.3153083936132813,0.0,239.675,
992,NFCORE_CHIPSEQ:CHIPSEQ:MARK_DUPLICATES_PICARD:PICARD_MARKDUPLICATES,1702245396000,1702245600000,2,106.9,,21180186624.0,,,0.2841782036132812,0.2841782036132812,0.0,239.675,
1622,NFCORE_CHIPSEQ:CHIPSEQ:FILTER_BAM_BAMTOOLS:BAM_FILTER,1702245481000,1702245600000,2,134.2,,1073741824.0,,,0.11235952862864582,0.11235952862864582,0.0,239.675,
1695,NFCORE_CHIPSEQ:CHIPSEQ:FILTER_BAM_BAMTOOLS:BAM_FILTER,1702245596000,1702245600000,2,138.0,,1073741824.0,,,0.06526235919930556,0.06526235919930556,0.0,239.675,
997,NFCORE_CHIPSEQ:CHIPSEQ:MARK_DUPLICATES_PICARD:PICARD_MARKDUPLICATES,1702245473000,1702245600000,2,107.0,,21180186624.0,,,0.24474899931773006,0.24474899931773006,0.0,239.675,
1007,NFCORE_CHIPSEQ:CHIPSEQ:MARK_DUPLICATES_PICARD:PICARD_MARKDUPLICATES,1702245499000,1702245600000,2,107.4,,21180186624.0,,,0.2243690296845704,0.2243690296845704,0.0,239.675,
1041,NFCORE_CHIPSEQ:CHIPSEQ:MARK_DUPLICATES_PICARD:PICARD_MARKDUPLICATES,1702245500000,1702245600000,2,107.1,,21180186624.0,,,0.2401188250361979,0.2401188250361979,0.0,239.675,
1529,NFCORE_CHIPSEQ:CHIPSEQ:BEDTOOLS_GENOMECOV,1702245440000,1702245600000,2,122.2,,4567597056.0,,,0.17116533836996528,0.17116533836996528,0.0,239.675,
1685,NFCORE_CHIPSEQ:CHIPSEQ:FILTER_BAM_BAMTOOLS:BAM_FILTER,1702245574000,1702245600000,2,135.7,,1073741824.0,,,0.09450019887135416,0.09450019887135416,0.0,239.675,
1037,NFCORE_CHIPSEQ:CHIPSEQ:MARK_DUPLICATES_PICARD:PICARD_MARKDUPLICATES,1702245550000,1702245600000,2,108.3,,21180186624.0,,,0.2078078747082031,0.2078078747082031,0.0,239.675,
1405,NFCORE_CHIPSEQ:CHIPSEQ:PHANTOMPEAKQUALTOOLS,1702245241000,1702245600000,1,21.6,,4294967296.0,,,0.1017157939340278,0.1017157939340278,0.0,239.675,
1022,NFCORE_CHIPSEQ:CHIPSEQ:MARK_DUPLICATES_PICARD:PICARD_MARKDUPLICATES,1702245592000,1702245600000,2,108.2,,21180186624.0,,,0.1976696241621528,0.1976696241621528,0.0,239.675,
1026,NFCORE_CHIPSEQ:CHIPSEQ:MARK_DUPLICATES_PICARD:PICARD_MARKDUPLICATES,1702245582000,1702245600000,2,107.6,,21180186624.0,,,0.21259317201575526,0.21259317201575526,0.0,239.675,
1017,NFCORE_CHIPSEQ:CHIPSEQ:MARK_DUPLICATES_PICARD:PICARD_MARKDUPLICATES,1702245583000,1702245600000,2,107.2,,21180186624.0,,,0.23391477944129774,0.23391477944129774,0.0,239.675,
1444,NFCORE_CHIPSEQ:CHIPSEQ:PHANTOMPEAKQUALTOOLS,1702245285000,1702245600000,1,20.3,,4294967296.0,,,0.10112256076015626,0.10112256076015626,0.0,239.675,
1604,NFCORE_CHIPSEQ:CHIPSEQ:BEDTOOLS_GENOMECOV,1702245449000,1702245600000,2,121.5,,4567597056.0,,,0.21071286825312502,0.21071286825312502,0.0,239.675,
977,NFCORE_CHIPSEQ:CHIPSEQ:MARK_DUPLICATES_PICARD:PICARD_MARKDUPLICATES,1702245558000,1702245600000,2,106.1,,21180186624.0,,,0.2703515890903646,0.2703515890903646,0.0,239.675,
988,NFCORE_CHIPSEQ:CHIPSEQ:MARK_DUPLICATES_PICARD:PICARD_MARKDUPLICATES,1702245577000,1702245600000,2,107.3,,21180186624.0,,,0.25945797539112414,0.25945797539112414,0.0,239.675,
1015,NFCORE_CHIPSEQ:CHIPSEQ:MARK_DUPLICATES_PICARD:PICARD_MARKDUPLICATES,1702245581000,1702245600000,2,107.1,,21180186624.0,,,0.25651407449108077,0.25651407449108077,0.0,239.675,
1670,NFCORE_CHIPSEQ:CHIPSEQ:BEDTOOLS_GENOMECOV,1702245553000,1702245600000,2,122.5,,4567597056.0,,,0.16822318613940973,0.16822318613940973,0.0,239.675,
1413,NFCORE_CHIPSEQ:CHIPSEQ:PHANTOMPEAKQUALTOOLS,1702245234000,1702245600000,1,18.6,,4294967296.0,,,0.11061998651562503,0.11061998651562503,0.0,239.675,
1560,NFCORE_CHIPSEQ:CHIPSEQ:PHANTOMPEAKQUALTOOLS,1702245454000,1702245600000,1,23.5,,4294967296.0,,,0.07985987737291667,0.07985987737291667,0.0,239.675,
972,NFCORE_CHIPSEQ:CHIPSEQ:MARK_DUPLICATES_PICARD:PICARD_MARKDUPLICATES,1702245580000,1702245600000,2,106.5,,21180186624.0,,,0.27930274245156256,0.27930274245156256,0.0,239.675,
1282,NFCORE_CHIPSEQ:CHIPSEQ:PHANTOMPEAKQUALTOOLS,1702245061000,1702245600000,1,17.5,,4294967296.0,,,0.1713164113481771,0.1713164113481771,0.0,239.675,
1616,NFCORE_CHIPSEQ:CHIPSEQ:PHANTOMPEAKQUALTOOLS,1702245457000,1702245600000,1,17.4,,4294967296.0,,,0.13233019391267362,0.13233019391267362,0.0,239.675,
1395,NFCORE_CHIPSEQ:CHIPSEQ:PHANTOMPEAKQUALTOOLS,1702245210000,1702245600000,1,13.6,,4294967296.0,,,0.23287064106250005,0.23287064106250005,0.0,239.675,
1474,NFCORE_CHIPSEQ:CHIPSEQ:PHANTOMPEAKQUALTOOLS,1702245293000,1702245600000,1,13.5,,4294967296.0,,,0.23476337938602435,0.23476337938602435,0.0,239.675,
1519,NFCORE_CHIPSEQ:CHIPSEQ:PHANTOMPEAKQUALTOOLS,1702245325000,1702245600000,1,14.0,,4294967296.0,,,0.24098425913576393,0.24098425913576393,0.0,239.675,
1417,NFCORE_CHIPSEQ:CHIPSEQ:PHANTOMPEAKQUALTOOLS,1702245233000,1702245600000,1,12.5,,4294967296.0,,,0.27183687786553823,0.27183687786553823,0.0,239.675,
1628,NFCORE_CHIPSEQ:CHIPSEQ:PHANTOMPEAKQUALTOOLS,1702245489000,1702245600000,1,12.2,,4294967296.0,,,0.24046967460885416,0.24046967460885416,0.0,239.675,
1545,NFCORE_CHIPSEQ:CHIPSEQ:PHANTOMPEAKQUALTOOLS,1702245357000,1702245600000,1,12.2,,4294967296.0,,,0.2897614884598959,0.2897614884598959,0.0,239.675,
1686,NFCORE_CHIPSEQ:CHIPSEQ:MARK_DUPLICATES_PICARD:BAM_STATS_SAMTOOLS:SAMTOOLS_IDXSTATS,1702245610000,1702245611000,2,90.1,,1073741824.0,,,0.00028999262968750004,0.00028999262968750004,0.0,227.58,
1696,NFCORE_CHIPSEQ:CHIPSEQ:MARK_DUPLICATES_PICARD:BAM_STATS_SAMTOOLS:SAMTOOLS_IDXSTATS,1702245605000,1702245606000,2,104.1,,1073741824.0,,,0.00033120199427083335,0.00033120199427083335,0.0,227.58,
1697,NFCORE_CHIPSEQ:CHIPSEQ:MARK_DUPLICATES_PICARD:BAM_STATS_SAMTOOLS:SAMTOOLS_FLAGSTAT,1702245603000,1702245610000,2,149.0,,1073741824.0,,,0.0032435641947916667,0.0032435641947916667,0.0,227.58,
1708,NFCORE_CHIPSEQ:CHIPSEQ:MARK_DUPLICATES_PICARD:SAMTOOLS_INDEX,1702245601000,1702245610000,2,155.8,,1073741824.0,,,0.004350440615625001,0.004350440615625001,0.0,227.58,
1710,NFCORE_CHIPSEQ:CHIPSEQ:FILTER_BAM_BAMTOOLS:BAM_REMOVE_ORPHANS,1702245609000,1702245610000,2,46.4,,1073741824.0,,,0.0001613605416666667,0.0001613605416666667,0.0,227.58,
1700,NFCORE_CHIPSEQ:CHIPSEQ:MARK_DUPLICATES_PICARD:SAMTOOLS_INDEX,1702245609000,1702245621000,2,155.2,,1073741824.0,,,0.005779394100000001,0.005779394100000001,0.0,227.58,
1712,NFCORE_CHIPSEQ:CHIPSEQ:MARK_DUPLICATES_PICARD:BAM_STATS_SAMTOOLS:SAMTOOLS_IDXSTATS,1702245622000,1702245624000,2,84.7,,1073741824.0,,,0.000548195178125,0.000548195178125,0.0,227.58,
1723,NFCORE_CHIPSEQ:CHIPSEQ:FILTER_BAM_BAMTOOLS:BAM_REMOVE_ORPHANS,1702245621000,1702245621000,2,37.2,,1073741824.0,,,0.0,0.0,0.0,227.58,
1705,NFCORE_CHIPSEQ:CHIPSEQ:MARK_DUPLICATES_PICARD:SAMTOOLS_INDEX,1702245620000,1702245628000,2,155.6,,1073741824.0,,,0.0038623486833333338,0.0038623486833333338,0.0,227.58,
1731,NFCORE_CHIPSEQ:CHIPSEQ:FILTER_BAM_BAMTOOLS:BAM_REMOVE_ORPHANS,1702245627000,1702245628000,2,68.4,,1073741824.0,,,0.00022611811458333333,0.00022611811458333333,0.0,227.58,
1713,NFCORE_CHIPSEQ:CHIPSEQ:MARK_DUPLICATES_PICARD:BAM_STATS_SAMTOOLS:SAMTOOLS_FLAGSTAT,1702245624000,1702245634000,2,148.8,,1073741824.0,,,0.004627776083333335,0.004627776083333335,0.0,227.58,
1528,NFCORE_CHIPSEQ:CHIPSEQ:MARK_DUPLICATES_PICARD:BAM_STATS_SAMTOOLS:SAMTOOLS_IDXSTATS,1702245641000,1702245642000,2,116.8,,1073741824.0,,,0.000368584775,0.000368584775,0.0,227.58,
1715,NFCORE_CHIPSEQ:CHIPSEQ:MARK_DUPLICATES_PICARD:BAM_STATS_SAMTOOLS:SAMTOOLS_FLAGSTAT,1702245632000,1702245643000,2,149.1,,1073741824.0,,,0.005100267327604166,0.005100267327604166,0.0,227.58,
1730,NFCORE_CHIPSEQ:CHIPSEQ:MARK_DUPLICATES_PICARD:SAMTOOLS_INDEX,1702245634000,1702245645000,2,160.1,,1073741824.0,,,0.005456433978645834,0.005456433978645834,0.0,227.58,
1732,NFCORE_CHIPSEQ:CHIPSEQ:FILTER_BAM_BAMTOOLS:BAM_REMOVE_ORPHANS,1702245646000,1702245649000,2,69.9,,1073741824.0,,,0.0006916002109375001,0.0006916002109375001,0.0,227.58,
1527,NFCORE_CHIPSEQ:CHIPSEQ:MARK_DUPLICATES_PICARD:BAM_STATS_SAMTOOLS:SAMTOOLS_FLAGSTAT,1702245646000,1702245655000,2,148.5,,1073741824.0,,,0.004157050954687501,0.004157050954687501,0.0,227.58,
1719,NFCORE_CHIPSEQ:CHIPSEQ:MARK_DUPLICATES_PICARD:BAM_STATS_SAMTOOLS:SAMTOOLS_IDXSTATS,1702245650000,1702245651000,2,63.6,,1073741824.0,,,0.00021198918958333335,0.00021198918958333335,0.0,227.58,
1746,NFCORE_CHIPSEQ:CHIPSEQ:FILTER_BAM_BAMTOOLS:BAM_REMOVE_ORPHANS,1702245650000,1702245651000,2,152.4,,1073741824.0,,,0.00047337430208333343,0.00047337430208333343,0.0,227.58,
1750,NFCORE_CHIPSEQ:CHIPSEQ:MARK_DUPLICATES_PICARD:BAM_STATS_SAMTOOLS:SAMTOOLS_IDXSTATS,1702245659000,1702245661000,2,1.8,,1073741824.0,,,6.015856041666667e-05,6.015856041666667e-05,0.0,227.58,
1493,NFCORE_CHIPSEQ:CHIPSEQ:FILTER_BAM_BAMTOOLS:BAM_SORT_SAMTOOLS:BAM_STATS_SAMTOOLS:SAMTOOLS_STATS,1702245619000,1702245657000,2,130.3,,1073741824.0,,,0.015516250309375002,0.015516250309375002,0.0,227.58,
1714,NFCORE_CHIPSEQ:CHIPSEQ:MARK_DUPLICATES_PICARD:BAM_STATS_SAMTOOLS:SAMTOOLS_STATS,1702245625000,1702245668000,2,131.2,,1073741824.0,,,0.017671776650000002,0.017671776650000002,0.0,227.58,
1721,NFCORE_CHIPSEQ:CHIPSEQ:MARK_DUPLICATES_PICARD:BAM_STATS_SAMTOOLS:SAMTOOLS_FLAGSTAT,1702245655000,1702245665000,2,147.9,,1073741824.0,,,0.004601284348958334,0.004601284348958334,0.0,227.58,
1733,NFCORE_CHIPSEQ:CHIPSEQ:MARK_DUPLICATES_PICARD:BAM_STATS_SAMTOOLS:SAMTOOLS_IDXSTATS,1702245671000,1702245672000,2,73.6,,1073741824.0,,,0.00024142445,0.00024142445,0.0,227.58,
1744,NFCORE_CHIPSEQ:CHIPSEQ:MARK_DUPLICATES_PICARD:SAMTOOLS_INDEX,1702245660000,1702245671000,2,153.4,,1073741824.0,,,0.005239496109375,0.005239496109375,0.0,227.58,
1752,NFCORE_CHIPSEQ:CHIPSEQ:MARK_DUPLICATES_PICARD:SAMTOOLS_INDEX,1702245655000,1702245668000,2,160.7,,1073741824.0,,,0.006471472386979166,0.006471472386979166,0.0,227.58,
1749,NFCORE_CHIPSEQ:CHIPSEQ:MARK_DUPLICATES_PICARD:BAM_STATS_SAMTOOLS:SAMTOOLS_FLAGSTAT,1702245665000,1702245676000,2,148.2,,1073741824.0,,,0.005071126419791667,0.005071126419791667,0.0,227.58,
1590,NFCORE_CHIPSEQ:CHIPSEQ:MARK_DUPLICATES_PICARD:BAM_STATS_SAMTOOLS:SAMTOOLS_IDXSTATS,1702245675000,1702245676000,2,126.3,,1073741824.0,,,0.0003965482723958333,0.0003965482723958333,0.0,227.58,
1661,NFCORE_CHIPSEQ:CHIPSEQ:UCSC_BEDGRAPHTOBIGWIG,1702245640000,1702245679000,1,99.9,,1073741824.0,,,0.012434728210937503,0.012434728210937503,0.0,227.58,
1756,NFCORE_CHIPSEQ:CHIPSEQ:FILTER_BAM_BAMTOOLS:BAM_REMOVE_ORPHANS,1702245680000,1702245681000,2,23.3,,1073741824.0,,,9.336509010416667e-05,9.336509010416667e-05,0.0,227.58,
1526,NFCORE_CHIPSEQ:CHIPSEQ:MARK_DUPLICATES_PICARD:BAM_STATS_SAMTOOLS:SAMTOOLS_STATS,1702245649000,1702245686000,2,131.6,,1073741824.0,,,0.015249511535416664,0.015249511535416664,0.0,227.58,
1718,NFCORE_CHIPSEQ:CHIPSEQ:MARK_DUPLICATES_PICARD:BAM_STATS_SAMTOOLS:SAMTOOLS_STATS,1702245653000,1702245689000,2,131.6,,1073741824.0,,,0.014837362575000002,0.014837362575000002,0.0,227.58,
1735,NFCORE_CHIPSEQ:CHIPSEQ:MARK_DUPLICATES_PICARD:BAM_STATS_SAMTOOLS:SAMTOOLS_FLAGSTAT,1702245675000,1702245686000,2,147.1,,1073741824.0,,,0.0050355097546875005,0.0050355097546875005,0.0,227.58,
1760,NFCORE_CHIPSEQ:CHIPSEQ:MARK_DUPLICATES_PICARD:BAM_STATS_SAMTOOLS:SAMTOOLS_IDXSTATS,1702245693000,1702245694000,2,43.1,,1073741824.0,,,0.0001516469057291667,0.0001516469057291667,0.0,227.58,
1765,NFCORE_CHIPSEQ:CHIPSEQ:FILTER_BAM_BAMTOOLS:BAM_REMOVE_ORPHANS,1702245689000,1702245690000,2,38.3,,1073741824.0,,,0.00013751798072916666,0.00013751798072916666,0.0,227.58,
1537,NFCORE_CHIPSEQ:CHIPSEQ:MARK_DUPLICATES_PICARD:BAM_STATS_SAMTOOLS:SAMTOOLS_IDXSTATS,1702245696000,1702245697000,2,42.2,,1073741824.0,,,0.0001489977322916667,0.0001489977322916667,0.0,227.58,
1536,NFCORE_CHIPSEQ:CHIPSEQ:MARK_DUPLICATES_PICARD:BAM_STATS_SAMTOOLS:SAMTOOLS_FLAGSTAT,1702245685000,1702245694000,2,155.4,,1073741824.0,,,0.004339843921875001,0.004339843921875001,0.0,227.58,
1720,NFCORE_CHIPSEQ:CHIPSEQ:MARK_DUPLICATES_PICARD:BAM_STATS_SAMTOOLS:SAMTOOLS_STATS,1702245663000,1702245705000,2,131.2,,1073741824.0,,,0.017260805100000002,0.017260805100000002,0.0,227.58,
1725,NFCORE_CHIPSEQ:CHIPSEQ:MARK_DUPLICATES_PICARD:BAM_STATS_SAMTOOLS:SAMTOOLS_IDXSTATS,1702245713000,1702245713000,2,78.0,,1073741824.0,,,0.0,0.0,0.0,227.58,
1734,NFCORE_CHIPSEQ:CHIPSEQ:MARK_DUPLICATES_PICARD:BAM_STATS_SAMTOOLS:SAMTOOLS_STATS,1702245662000,1702245706000,2,132.5,,1073741824.0,,,0.01825111788958333,0.01825111788958333,0.0,227.58,
1748,NFCORE_CHIPSEQ:CHIPSEQ:MARK_DUPLICATES_PICARD:BAM_STATS_SAMTOOLS:SAMTOOLS_STATS,1702245668000,1702245709000,2,132.1,,1073741824.0,,,0.0169584496609375,0.0169584496609375,0.0,227.58,
1759,NFCORE_CHIPSEQ:CHIPSEQ:MARK_DUPLICATES_PICARD:BAM_STATS_SAMTOOLS:SAMTOOLS_FLAGSTAT,1702245697000,1702245709000,2,144.8,,1073741824.0,,,0.00541204205,0.00541204205,0.0,227.58,
1763,NFCORE_CHIPSEQ:CHIPSEQ:MARK_DUPLICATES_PICARD:BAM_STATS_SAMTOOLS:SAMTOOLS_IDXSTATS,1702245709000,1702245709000,2,50.3,,1073741824.0,,,0.0,0.0,0.0,227.58,
1761,NFCORE_CHIPSEQ:CHIPSEQ:MARK_DUPLICATES_PICARD:BAM_STATS_SAMTOOLS:SAMTOOLS_FLAGSTAT,1702245697000,1702245709000,2,146.1,,1073741824.0,,,0.00545796105625,0.00545796105625,0.0,227.58,
1770,NFCORE_CHIPSEQ:CHIPSEQ:FILTER_BAM_BAMTOOLS:BAM_REMOVE_ORPHANS,1702245709000,1702245710000,2,7.1,,1073741824.0,,,4.567996822916667e-05,4.567996822916667e-05,0.0,227.58,
1550,NFCORE_CHIPSEQ:CHIPSEQ:MARK_DUPLICATES_PICARD:BAM_STATS_SAMTOOLS:SAMTOOLS_IDXSTATS,1702245712000,1702245713000,2,104.6,,1073741824.0,,,0.0003326737572916666,0.0003326737572916666,0.0,227.58,
1702,NFCORE_CHIPSEQ:CHIPSEQ:PRESEQ_LCEXTRAP,1702245600000,1702245717000,2,101.0,,1073741824.0,,,0.037683016434375,0.037683016434375,0.0,227.58,
1771,NFCORE_CHIPSEQ:CHIPSEQ:MARK_DUPLICATES_PICARD:SAMTOOLS_INDEX,1702245711000,1702245721000,2,152.8,,1073741824.0,,,0.004745517125000002,0.004745517125000002,0.0,227.58,
1774,NFCORE_CHIPSEQ:CHIPSEQ:FILTER_BAM_BAMTOOLS:BAM_REMOVE_ORPHANS,1702245716000,1702245717000,2,55.2,,1073741824.0,,,0.00018726357083333336,0.00018726357083333336,0.0,227.58,
1539,NFCORE_CHIPSEQ:CHIPSEQ:MARK_DUPLICATES_PICARD:BAM_STATS_SAMTOOLS:SAMTOOLS_STATS,1702245688000,1702245721000,2,130.5,,1073741824.0,,,0.013494065698437502,0.013494065698437502,0.0,227.58,
1547,NFCORE_CHIPSEQ:CHIPSEQ:MARK_DUPLICATES_PICARD:BAM_STATS_SAMTOOLS:SAMTOOLS_FLAGSTAT,1702245713000,1702245722000,2,144.7,,1073741824.0,,,0.0040563823640625,0.0040563823640625,0.0,227.58,
1691,NFCORE_CHIPSEQ:CHIPSEQ:PRESEQ_LCEXTRAP,1702245600000,1702245722000,2,101.0,,1073741824.0,,,0.039293401752083346,0.039293401752083346,0.0,227.58,
1717,NFCORE_CHIPSEQ:CHIPSEQ:MARK_DUPLICATES_PICARD:BAM_STATS_SAMTOOLS:SAMTOOLS_IDXSTATS,1702245725000,1702245727000,2,84.7,,1073741824.0,,,0.000548195178125,0.000548195178125,0.0,227.58,
1726,NFCORE_CHIPSEQ:CHIPSEQ:MARK_DUPLICATES_PICARD:BAM_STATS_SAMTOOLS:SAMTOOLS_FLAGSTAT,1702245717000,1702245726000,2,143.9,,1073741824.0,,,0.0040351889765625005,0.0040351889765625005,0.0,227.58,
1758,NFCORE_CHIPSEQ:CHIPSEQ:MARK_DUPLICATES_PICARD:BAM_STATS_SAMTOOLS:SAMTOOLS_STATS,1702245682000,1702245724000,2,132.1,,1073741824.0,,,0.017372070384375,0.017372070384375,0.0,227.58,
1769,NFCORE_CHIPSEQ:CHIPSEQ:FILTER_BAM_BAMTOOLS:BAM_REMOVE_ORPHANS,1702245722000,1702245723000,2,73.1,,1073741824.0,,,0.00023995268697916668,0.00023995268697916668,0.0,227.58,
1778,NFCORE_CHIPSEQ:CHIPSEQ:MARK_DUPLICATES_PICARD:SAMTOOLS_INDEX,1702245719000,1702245726000,2,151.9,,1073741824.0,,,0.0033033177734375003,0.0033033177734375003,0.0,227.58,
1674,NFCORE_CHIPSEQ:CHIPSEQ:MARK_DUPLICATES_PICARD:BAM_STATS_SAMTOOLS:SAMTOOLS_IDXSTATS,1702245730000,1702245731000,2,114.3,,1073741824.0,,,0.0003612259598958333,0.0003612259598958333,0.0,227.58,
1678,NFCORE_CHIPSEQ:CHIPSEQ:PRESEQ_LCEXTRAP,1702245615000,1702245730000,2,100.6,,1073741824.0,,,0.036903460109374994,0.036903460109374994,0.0,227.58,
1669,NFCORE_CHIPSEQ:CHIPSEQ:UCSC_BEDGRAPHTOBIGWIG,1702245695000,1702245735000,1,100.1,,1073741824.0,,,0.012777115604166668,0.012777115604166668,0.0,227.58,
1699,NFCORE_CHIPSEQ:CHIPSEQ:PRESEQ_LCEXTRAP,1702245613000,1702245737000,2,100.6,,1073741824.0,,,0.0397915569875,0.0397915569875,0.0,227.58,
1785,NFCORE_CHIPSEQ:CHIPSEQ:MARK_DUPLICATES_PICARD:SAMTOOLS_INDEX,1702245724000,1702245736000,2,156.4,,1073741824.0,,,0.005821780875000001,0.005821780875000001,0.0,227.58,
1764,NFCORE_CHIPSEQ:CHIPSEQ:MARK_DUPLICATES_PICARD:BAM_STATS_SAMTOOLS:SAMTOOLS_STATS,1702245700000,1702245741000,2,132.2,,1073741824.0,,,0.016970518117708333,0.016970518117708333,0.0,227.58,
1794,NFCORE_CHIPSEQ:CHIPSEQ:FILTER_BAM_BAMTOOLS:BAM_REMOVE_ORPHANS,1702245740000,1702245740000,2,34.6,,1073741824.0,,,0.0,0.0,0.0,227.58,
1548,NFCORE_CHIPSEQ:CHIPSEQ:MARK_DUPLICATES_PICARD:BAM_STATS_SAMTOOLS:SAMTOOLS_STATS,1702245712000,1702245748000,2,131.3,,1073741824.0,,,0.014805572493750004,0.014805572493750004,0.0,227.58,
1724,NFCORE_CHIPSEQ:CHIPSEQ:MARK_DUPLICATES_PICARD:BAM_STATS_SAMTOOLS:SAMTOOLS_STATS,1702245712000,1702245746000,2,130.3,,1073741824.0,,,0.013882960803125004,0.013882960803125004,0.0,227.58,
1777,NFCORE_CHIPSEQ:CHIPSEQ:MARK_DUPLICATES_PICARD:SAMTOOLS_INDEX,1702245731000,1702245746000,2,157.5,,1073741824.0,,,0.007325794273437501,0.007325794273437501,0.0,227.58,
1780,NFCORE_CHIPSEQ:CHIPSEQ:MARK_DUPLICATES_PICARD:BAM_STATS_SAMTOOLS:SAMTOOLS_FLAGSTAT,1702245740000,1702245749000,2,150.2,,1073741824.0,,,0.004202086903125001,0.004202086903125001,0.0,227.58,
1694,NFCORE_CHIPSEQ:CHIPSEQ:MARK_DUPLICATES_PICARD:BAM_STATS_SAMTOOLS:SAMTOOLS_STATS,1702245724000,1702245758000,2,130.7,,1073741824.0,,,0.013922992757291667,0.013922992757291667,0.0,227.58,
1729,NFCORE_CHIPSEQ:CHIPSEQ:PRESEQ_LCEXTRAP,1702245640000,1702245756000,2,100.6,,1073741824.0,,,0.037224359762500006,0.037224359762500006,0.0,227.58,
1739,NFCORE_CHIPSEQ:CHIPSEQ:MARK_DUPLICATES_PICARD:BAM_STATS_SAMTOOLS:SAMTOOLS_IDXSTATS,1702245762000,1702245762000,2,34.9,,1073741824.0,,,0.0,0.0,0.0,227.58,
1742,NFCORE_CHIPSEQ:CHIPSEQ:MARK_DUPLICATES_PICARD:BAM_STATS_SAMTOOLS:SAMTOOLS_STATS,1702245729000,1702245757000,2,130.3,,1073741824.0,,,0.011433026543750002,0.011433026543750002,0.0,227.58,
1793,NFCORE_CHIPSEQ:CHIPSEQ:MARK_DUPLICATES_PICARD:SAMTOOLS_INDEX,1702245750000,1702245761000,2,159.9,,1073741824.0,,,0.005449958221354167,0.005449958221354167,0.0,227.58,
1799,NFCORE_CHIPSEQ:CHIPSEQ:MARK_DUPLICATES_PICARD:BAM_STATS_SAMTOOLS:SAMTOOLS_IDXSTATS,1702245761000,1702245762000,2,115.9,,1073741824.0,,,0.0003659356015625001,0.0003659356015625001,0.0,227.58,
1740,NFCORE_CHIPSEQ:CHIPSEQ:MARK_DUPLICATES_PICARD:BAM_STATS_SAMTOOLS:SAMTOOLS_FLAGSTAT,1702245761000,1702245772000,2,143.9,,1073741824.0,,,0.004931897638020834,0.004931897638020834,0.0,227.58,
1789,NFCORE_CHIPSEQ:CHIPSEQ:MARK_DUPLICATES_PICARD:BAM_STATS_SAMTOOLS:SAMTOOLS_FLAGSTAT,1702245765000,1702245772000,2,147.7,,1073741824.0,,,0.0032167781078125002,0.0032167781078125002,0.0,227.58,
1801,NFCORE_CHIPSEQ:CHIPSEQ:FILTER_BAM_BAMTOOLS:BAM_REMOVE_ORPHANS,1702245774000,1702245775000,2,43.0,,1073741824.0,,,0.000151352553125,0.000151352553125,0.0,227.58,
1703,NFCORE_CHIPSEQ:CHIPSEQ:PRESEQ_LCEXTRAP,1702245668000,1702245771000,2,100.7,,1073741824.0,,,0.033082982590104164,0.033082982590104164,0.0,227.58,
1706,NFCORE_CHIPSEQ:CHIPSEQ:PRESEQ_LCEXTRAP,1702245701000,1702245775000,2,100.6,,1073741824.0,,,0.02374657433125,0.02374657433125,0.0,227.58,
1783,NFCORE_CHIPSEQ:CHIPSEQ:MARK_DUPLICATES_PICARD:BAM_STATS_SAMTOOLS:SAMTOOLS_IDXSTATS,1702245778000,1702245781000,2,78.0,,1073741824.0,,,0.0007631278937500002,0.0007631278937500002,0.0,227.58,
1782,NFCORE_CHIPSEQ:CHIPSEQ:MARK_DUPLICATES_PICARD:BAM_STATS_SAMTOOLS:SAMTOOLS_STATS,1702245741000,1702245775000,2,130.9,,1073741824.0,,,0.013943008734375,0.013943008734375,0.0,227.58,
1788,NFCORE_CHIPSEQ:CHIPSEQ:MARK_DUPLICATES_PICARD:BAM_STATS_SAMTOOLS:SAMTOOLS_IDXSTATS,1702245775000,1702245775000,2,87.7,,1073741824.0,,,0.0,0.0,0.0,227.58,
1797,NFCORE_CHIPSEQ:CHIPSEQ:MARK_DUPLICATES_PICARD:BAM_STATS_SAMTOOLS:SAMTOOLS_FLAGSTAT,1702245765000,1702245775000,2,151.4,,1073741824.0,,,0.004704307760416668,0.004704307760416668,0.0,227.58,
1802,NFCORE_CHIPSEQ:CHIPSEQ:MARK_DUPLICATES_PICARD:BAM_STATS_SAMTOOLS:SAMTOOLS_IDXSTATS,1702245784000,1702245785000,2,91.4,,1073741824.0,,,0.0002938192135416667,0.0002938192135416667,0.0,227.58,
1807,NFCORE_CHIPSEQ:CHIPSEQ:MARK_DUPLICATES_PICARD:BAM_STATS_SAMTOOLS:SAMTOOLS_IDXSTATS,1702245778000,1702245778000,2,68.1,,1073741824.0,,,0.0,0.0,0.0,227.58,
1810,NFCORE_CHIPSEQ:CHIPSEQ:MARK_DUPLICATES_PICARD:SAMTOOLS_INDEX,1702245770000,1702245781000,2,157.7,,1073741824.0,,,0.005378724891145835,0.005378724891145835,0.0,227.58,
1490,NFCORE_CHIPSEQ:CHIPSEQ:PRESEQ_LCEXTRAP,1702245668000,1702245784000,2,100.6,,1073741824.0,,,0.037224359762500006,0.037224359762500006,0.0,227.58,
1665,NFCORE_CHIPSEQ:CHIPSEQ:MARK_DUPLICATES_PICARD:BAM_STATS_SAMTOOLS:SAMTOOLS_IDXSTATS,1702245778000,1702245781000,2,90.1,,1073741824.0,,,0.0008699778890625,0.0008699778890625,0.0,227.58,
1662,NFCORE_CHIPSEQ:CHIPSEQ:MARK_DUPLICATES_PICARD:BAM_STATS_SAMTOOLS:SAMTOOLS_FLAGSTAT,1702245778000,1702245784000,2,149.8,,1073741824.0,,,0.0027943268062500005,0.0027943268062500005,0.0,227.58,
1722,NFCORE_CHIPSEQ:CHIPSEQ:FILTER_BAM_BAMTOOLS:BAM_FILTER,1702245614000,1702245790000,2,136.4,,1073741824.0,,,0.07502490783333335,0.07502490783333335,0.0,227.58,
1727,NFCORE_CHIPSEQ:CHIPSEQ:FILTER_BAM_BAMTOOLS:BAM_FILTER,1702245630000,1702245790000,2,136.1,,1073741824.0,,,0.06806317241666668,0.06806317241666668,0.0,227.58,
1741,NFCORE_CHIPSEQ:CHIPSEQ:FILTER_BAM_BAMTOOLS:BAM_FILTER,1702245637000,1702245785000,2,135.9,,1073741824.0,,,0.06287130611458334,0.06287130611458334,0.0,227.58,
1745,NFCORE_CHIPSEQ:CHIPSEQ:PRESEQ_LCEXTRAP,1702245672000,1702245790000,2,101.1,,1073741824.0,,,0.038039827105208326,0.038039827105208326,0.0,227.58,
1806,NFCORE_CHIPSEQ:CHIPSEQ:MARK_DUPLICATES_PICARD:BAM_STATS_SAMTOOLS:SAMTOOLS_FLAGSTAT,1702245778000,1702245788000,2,144.6,,1073741824.0,,,0.004504147989583334,0.004504147989583334,0.0,227.58,
1812,NFCORE_CHIPSEQ:CHIPSEQ:MARK_DUPLICATES_PICARD:SAMTOOLS_INDEX,1702245785000,1702245793000,2,159.5,,1073741824.0,,,0.003954186695833334,0.003954186695833334,0.0,227.58,
1796,NFCORE_CHIPSEQ:CHIPSEQ:MARK_DUPLICATES_PICARD:BAM_STATS_SAMTOOLS:SAMTOOLS_STATS,1702245752000,1702245800000,2,133.0,,1073741824.0,,,0.01998095505,0.01998095505,0.0,227.58,
1804,NFCORE_CHIPSEQ:CHIPSEQ:MARK_DUPLICATES_PICARD:BAM_STATS_SAMTOOLS:SAMTOOLS_FLAGSTAT,1702245784000,1702245795000,2,144.7,,1073741824.0,,,0.0049578006671875,0.0049578006671875,0.0,227.58,
1819,NFCORE_CHIPSEQ:CHIPSEQ:FILTER_BAM_BAMTOOLS:BAM_REMOVE_ORPHANS,1702245794000,1702245795000,2,6.4,,1073741824.0,,,4.36195e-05,4.36195e-05,0.0,227.58,
1820,NFCORE_CHIPSEQ:CHIPSEQ:FILTER_BAM_BAMTOOLS:BAM_REMOVE_ORPHANS,1702245794000,1702245795000,2,11.8,,1073741824.0,,,5.951454062500001e-05,5.951454062500001e-05,0.0,227.58,
1656,NFCORE_CHIPSEQ:CHIPSEQ:PRESEQ_LCEXTRAP,1702245734000,1702245803000,2,100.9,,1073741824.0,,,0.0222030070546875,0.0222030070546875,0.0,227.58,
1716,NFCORE_CHIPSEQ:CHIPSEQ:FILTER_BAM_BAMTOOLS:BAM_FILTER,1702245614000,1702245803000,2,138.1,,1073741824.0,,,0.08151227526093749,0.08151227526093749,0.0,227.58,
1827,NFCORE_CHIPSEQ:CHIPSEQ:MARK_DUPLICATES_PICARD:SAMTOOLS_INDEX,1702245797000,1702245810000,2,131.8,,1073741824.0,,,0.005365589653125001,0.005365589653125001,0.0,227.58,
1829,NFCORE_CHIPSEQ:CHIPSEQ:FILTER_BAM_BAMTOOLS:BAM_REMOVE_ORPHANS,1702245803000,1702245806000,2,5.8,,1073741824.0,,,0.000125560153125,0.000125560153125,0.0,227.58,
1583,NFCORE_CHIPSEQ:CHIPSEQ:FILTER_BAM_BAMTOOLS:BAM_SORT_SAMTOOLS:BAM_STATS_SAMTOOLS:SAMTOOLS_STATS,1702245791000,1702245810000,2,127.7,,1073741824.0,,,0.0076127149682291674,0.0076127149682291674,0.0,227.58,
1664,NFCORE_CHIPSEQ:CHIPSEQ:MARK_DUPLICATES_PICARD:BAM_STATS_SAMTOOLS:SAMTOOLS_STATS,1702245788000,1702245814000,2,131.1,,1073741824.0,,,0.010677607132291666,0.010677607132291666,0.0,227.58,
1709,NFCORE_CHIPSEQ:CHIPSEQ:PRESEQ_LCEXTRAP,1702245712000,1702245814000,2,100.7,,1073741824.0,,,0.032761788584375,0.032761788584375,0.0,227.58,
1790,NFCORE_CHIPSEQ:CHIPSEQ:MARK_DUPLICATES_PICARD:BAM_STATS_SAMTOOLS:SAMTOOLS_STATS,1702245789000,1702245816000,2,130.2,,1073741824.0,,,0.011016756646875,0.011016756646875,0.0,227.58,
1818,NFCORE_CHIPSEQ:CHIPSEQ:MARK_DUPLICATES_PICARD:BAM_STATS_SAMTOOLS:SAMTOOLS_IDXSTATS,1702245810000,1702245811000,2,92.1,,1073741824.0,,,0.00029587968177083334,0.00029587968177083334,0.0,227.58,
1680,NFCORE_CHIPSEQ:CHIPSEQ:PRESEQ_LCEXTRAP,1702245727000,1702245816000,2,100.7,,1073741824.0,,,0.028586266509895836,0.028586266509895836,0.0,227.58,
1772,NFCORE_CHIPSEQ:CHIPSEQ:PRESEQ_LCEXTRAP,1702245726000,1702245817000,2,100.9,,1073741824.0,,,0.0292822266953125,0.0292822266953125,0.0,227.58,
1821,NFCORE_CHIPSEQ:CHIPSEQ:FILTER_BAM_BAMTOOLS:BAM_REMOVE_ORPHANS,1702245817000,1702245817000,2,53.9,,1073741824.0,,,0.0,0.0,0.0,227.58,
1642,NFCORE_CHIPSEQ:CHIPSEQ:PRESEQ_LCEXTRAP,1702245750000,1702245820000,2,100.1,,1073741824.0,,,0.022359952307291667,0.022359952307291667,0.0,227.58,
1808,NFCORE_CHIPSEQ:CHIPSEQ:MARK_DUPLICATES_PICARD:BAM_STATS_SAMTOOLS:SAMTOOLS_STATS,1702245782000,1702245825000,2,131.5,,1073741824.0,,,0.0177097481359375,0.0177097481359375,0.0,227.58,
1815,NFCORE_CHIPSEQ:CHIPSEQ:MARK_DUPLICATES_PICARD:BAM_STATS_SAMTOOLS:SAMTOOLS_FLAGSTAT,1702245814000,1702245825000,2,144.1,,1073741824.0,,,0.004938373395312501,0.004938373395312501,0.0,227.58,
1833,NFCORE_CHIPSEQ:CHIPSEQ:MARK_DUPLICATES_PICARD:SAMTOOLS_INDEX,1702245820000,1702245828000,2,158.6,,1073741824.0,,,0.003932993308333334,0.003932993308333334,0.0,227.58,
1834,NFCORE_CHIPSEQ:CHIPSEQ:FILTER_BAM_BAMTOOLS:BAM_REMOVE_ORPHANS,1702245823000,1702245825000,2,30.3,,1073741824.0,,,0.0002279395447916667,0.0002279395447916667,0.0,227.58,
1753,NFCORE_CHIPSEQ:CHIPSEQ:PRESEQ_LCEXTRAP,1702245709000,1702245831000,2,100.6,,1073741824.0,,,0.03914975768125001,0.03914975768125001,0.0,227.58,
1803,NFCORE_CHIPSEQ:CHIPSEQ:MARK_DUPLICATES_PICARD:BAM_STATS_SAMTOOLS:SAMTOOLS_STATS,1702245787000,1702245830000,2,132.8,,1073741824.0,,,0.01787429124166667,0.01787429124166667,0.0,227.58,
1837,NFCORE_CHIPSEQ:CHIPSEQ:MARK_DUPLICATES_PICARD:BAM_STATS_SAMTOOLS:SAMTOOLS_IDXSTATS,1702245828000,1702245829000,2,98.5,,1073741824.0,,,0.0003147182484375,0.0003147182484375,0.0,227.58,
1034,NFCORE_CHIPSEQ:CHIPSEQ:MARK_DUPLICATES_PICARD:PICARD_MARKDUPLICATES,1702245614000,1702245833000,2,108.2,,21180186624.0,,,0.17680044056523442,0.17680044056523442,0.0,227.58,
1711,NFCORE_CHIPSEQ:CHIPSEQ:FILTER_BAM_BAMTOOLS:BAM_FILTER,1702245610000,1702245832000,2,137.5,,1073741824.0,,,0.095352499621875,0.095352499621875,0.0,227.58,
1747,NFCORE_CHIPSEQ:CHIPSEQ:FILTER_BAM_BAMTOOLS:BAM_FILTER,1702245654000,1702245833000,2,137.1,,1073741824.0,,,0.07667256530260418,0.07667256530260418,0.0,227.58,
1824,NFCORE_CHIPSEQ:CHIPSEQ:MARK_DUPLICATES_PICARD:BAM_STATS_SAMTOOLS:SAMTOOLS_IDXSTATS,1702245835000,1702245836000,2,153.8,,1073741824.0,,,0.00047749523854166665,0.00047749523854166665,0.0,227.58,
1822,NFCORE_CHIPSEQ:CHIPSEQ:MARK_DUPLICATES_PICARD:BAM_STATS_SAMTOOLS:SAMTOOLS_FLAGSTAT,1702245828000,1702245837000,2,151.4,,1073741824.0,,,0.004233876984375001,0.004233876984375001,0.0,227.58,
1835,NFCORE_CHIPSEQ:CHIPSEQ:MARK_DUPLICATES_PICARD:BAM_STATS_SAMTOOLS:SAMTOOLS_FLAGSTAT,1702245832000,1702245842000,2,151.3,,1073741824.0,,,0.004701364234375001,0.004701364234375001,0.0,227.58,
1849,NFCORE_CHIPSEQ:CHIPSEQ:FILTER_BAM_BAMTOOLS:BAM_REMOVE_ORPHANS,1702245839000,1702245839000,2,147.1,,1073741824.0,,,0.0,0.0,0.0,227.58,
1850,NFCORE_CHIPSEQ:CHIPSEQ:FILTER_BAM_BAMTOOLS:BAM_REMOVE_ORPHANS,1702245838000,1702245839000,2,59.6,,1073741824.0,,,0.0002002150854166667,0.0002002150854166667,0.0,227.58,
1817,NFCORE_CHIPSEQ:CHIPSEQ:MARK_DUPLICATES_PICARD:BAM_STATS_SAMTOOLS:SAMTOOLS_STATS,1702245807000,1702245847000,2,132.8,,1073741824.0,,,0.01662724766666667,0.01662724766666667,0.0,227.58,
1842,NFCORE_CHIPSEQ:CHIPSEQ:MARK_DUPLICATES_PICARD:BAM_STATS_SAMTOOLS:SAMTOOLS_IDXSTATS,1702245842000,1702245843000,2,73.8,,1073741824.0,,,0.00024201315520833334,0.00024201315520833334,0.0,227.58,
1847,NFCORE_CHIPSEQ:CHIPSEQ:MARK_DUPLICATES_PICARD:SAMTOOLS_INDEX,1702245836000,1702245843000,2,160.9,,1073741824.0,,,0.0034887599140625007,0.0034887599140625007,0.0,227.58,
1836,NFCORE_CHIPSEQ:CHIPSEQ:MARK_DUPLICATES_PICARD:BAM_STATS_SAMTOOLS:SAMTOOLS_STATS,1702245817000,1702245856000,2,132.9,,1073741824.0,,,0.016223046226562503,0.016223046226562503,0.0,227.58,
1843,NFCORE_CHIPSEQ:CHIPSEQ:MARK_DUPLICATES_PICARD:BAM_STATS_SAMTOOLS:SAMTOOLS_FLAGSTAT,1702245847000,1702245856000,2,149.9,,1073741824.0,,,0.0041941393828125,0.0041941393828125,0.0,227.58,
1653,NFCORE_CHIPSEQ:CHIPSEQ:MARK_DUPLICATES_PICARD:BAM_STATS_SAMTOOLS:SAMTOOLS_IDXSTATS,1702245860000,1702245860000,2,63.2,,1073741824.0,,,0.0,0.0,0.0,227.58,
1651,NFCORE_CHIPSEQ:CHIPSEQ:MARK_DUPLICATES_PICARD:BAM_STATS_SAMTOOLS:SAMTOOLS_FLAGSTAT,1702245851000,1702245856000,2,150.5,,1073741824.0,,,0.0023389080130208338,0.0023389080130208338,0.0,227.58,
1779,NFCORE_CHIPSEQ:CHIPSEQ:PRESEQ_LCEXTRAP,1702245790000,1702245861000,2,100.5,,1073741824.0,,,0.022762976336979168,0.022762976336979168,0.0,227.58,
1855,NFCORE_CHIPSEQ:CHIPSEQ:MARK_DUPLICATES_PICARD:SAMTOOLS_INDEX,1702245849000,1702245861000,2,154.0,,1073741824.0,,,0.005737007325000001,0.005737007325000001,0.0,227.58,
1639,NFCORE_CHIPSEQ:CHIPSEQ:PRESEQ_LCEXTRAP,1702245793000,1702245861000,2,100.4,,1073741824.0,,,0.021781144458333335,0.021781144458333335,0.0,227.58,
1668,NFCORE_CHIPSEQ:CHIPSEQ:FILTER_BAM_BAMTOOLS:BAM_SORT_SAMTOOLS:SAMTOOLS_SORT,1702245844000,1702245866000,5,411.0,,6309281792.0,,,0.02981883050494792,0.02981883050494792,0.0,227.58,
1736,NFCORE_CHIPSEQ:CHIPSEQ:FILTER_BAM_BAMTOOLS:BAM_FILTER,1702245632000,1702245865000,2,136.5,,1073741824.0,,,0.09939133145885416,0.09939133145885416,0.0,227.58,
1845,NFCORE_CHIPSEQ:CHIPSEQ:FILTER_BAM_BAMTOOLS:BAM_SORT_SAMTOOLS:SAMTOOLS_SORT,1702245839000,1702245865000,5,415.2,,6309281792.0,,,0.035561869095052094,0.035561869095052094,0.0,227.58,
1863,NFCORE_CHIPSEQ:CHIPSEQ:MARK_DUPLICATES_PICARD:BAM_STATS_SAMTOOLS:SAMTOOLS_IDXSTATS,1702245867000,1702245868000,2,45.2,,1073741824.0,,,0.0001578283104166667,0.0001578283104166667,0.0,227.58,
1776,NFCORE_CHIPSEQ:CHIPSEQ:PRESEQ_LCEXTRAP,1702245744000,1702245874000,2,101.0,,1073741824.0,,,0.04187001826041667,0.04187001826041667,0.0,227.58,
1786,NFCORE_CHIPSEQ:CHIPSEQ:PRESEQ_LCEXTRAP,1702245733000,1702245872000,2,100.6,,1073741824.0,,,0.044605051784374995,0.044605051784374995,0.0,227.58,
1792,NFCORE_CHIPSEQ:CHIPSEQ:PRESEQ_LCEXTRAP,1702245750000,1702245870000,2,100.5,,1073741824.0,,,0.0384726360625,0.0384726360625,0.0,227.58,
1825,NFCORE_CHIPSEQ:CHIPSEQ:MARK_DUPLICATES_PICARD:BAM_STATS_SAMTOOLS:SAMTOOLS_STATS,1702245840000,1702245877000,2,132.2,,1073741824.0,,,0.015314857813541666,0.015314857813541666,0.0,227.58,
1852,NFCORE_CHIPSEQ:CHIPSEQ:MARK_DUPLICATES_PICARD:SAMTOOLS_INDEX,1702245865000,1702245873000,2,154.8,,1073741824.0,,,0.003843510116666667,0.003843510116666667,0.0,227.58,
1868,NFCORE_CHIPSEQ:CHIPSEQ:FILTER_BAM_BAMTOOLS:BAM_REMOVE_ORPHANS,1702245870000,1702245872000,2,14.0,,1073741824.0,,,0.00013198059583333332,0.00013198059583333332,0.0,227.58,
1755,NFCORE_CHIPSEQ:CHIPSEQ:UCSC_BEDGRAPHTOBIGWIG,1702245803000,1702245877000,1,99.5,,1073741824.0,,,0.023506971311458336,0.023506971311458336,0.0,227.58,
1773,NFCORE_CHIPSEQ:CHIPSEQ:UCSC_BEDGRAPHTOBIGWIG,1702245803000,1702245880000,1,100.0,,1073741824.0,,,0.024573282387500003,0.024573282387500003,0.0,227.58,
1781,NFCORE_CHIPSEQ:CHIPSEQ:FILTER_BAM_BAMTOOLS:BAM_FILTER,1702245725000,1702245884000,2,136.2,,1073741824.0,,,0.06768457965312501,0.06768457965312501,0.0,227.58,
1828,NFCORE_CHIPSEQ:CHIPSEQ:UCSC_BEDGRAPHTOBIGWIG,1702245803000,1702245877000,1,99.8,,1073741824.0,,,0.023572317589583336,0.023572317589583336,0.0,227.58,
1866,NFCORE_CHIPSEQ:CHIPSEQ:FILTER_BAM_BAMTOOLS:BAM_SORT_SAMTOOLS:SAMTOOLS_INDEX,1702245877000,1702245884000,2,159.1,,1073741824.0,,,0.0034516714859374998,0.0034516714859374998,0.0,227.58,
1869,NFCORE_CHIPSEQ:CHIPSEQ:FILTER_BAM_BAMTOOLS:BAM_SORT_SAMTOOLS:SAMTOOLS_INDEX,1702245873000,1702245880000,2,144.9,,1073741824.0,,,0.003159084997395834,0.003159084997395834,0.0,227.58,
1654,NFCORE_CHIPSEQ:CHIPSEQ:MARK_DUPLICATES_PICARD:BAM_STATS_SAMTOOLS:SAMTOOLS_STATS,1702245860000,1702245886000,2,127.6,,1073741824.0,,,0.010409746262499998,0.010409746262499998,0.0,227.58,
1791,NFCORE_CHIPSEQ:CHIPSEQ:FILTER_BAM_BAMTOOLS:BAM_FILTER,1702245752000,1702245893000,2,135.1,,1073741824.0,,,0.05956563352031251,0.05956563352031251,0.0,227.58,
1813,NFCORE_CHIPSEQ:CHIPSEQ:PRESEQ_LCEXTRAP,1702245792000,1702245894000,2,100.9,,1073741824.0,,,0.032821836515625,0.032821836515625,0.0,227.58,
1844,NFCORE_CHIPSEQ:CHIPSEQ:MARK_DUPLICATES_PICARD:BAM_STATS_SAMTOOLS:SAMTOOLS_STATS,1702245844000,1702245888000,2,132.6,,1073741824.0,,,0.01826406940416667,0.01826406940416667,0.0,227.58,
1854,NFCORE_CHIPSEQ:CHIPSEQ:FILTER_BAM_BAMTOOLS:BAM_SORT_SAMTOOLS:SAMTOOLS_SORT,1702245868000,1702245891000,5,433.7,,6309281792.0,,,0.032711046837890626,0.032711046837890626,0.0,227.58,
1859,NFCORE_CHIPSEQ:CHIPSEQ:MARK_DUPLICATES_PICARD:BAM_STATS_SAMTOOLS:SAMTOOLS_STATS,1702245860000,1702245891000,2,131.0,,1073741824.0,,,0.012721868188541666,0.012721868188541666,0.0,227.58,
1861,NFCORE_CHIPSEQ:CHIPSEQ:MARK_DUPLICATES_PICARD:BAM_STATS_SAMTOOLS:SAMTOOLS_FLAGSTAT,1702245884000,1702245893000,2,146.2,,1073741824.0,,,0.004096119965625001,0.004096119965625001,0.0,227.58,
1872,NFCORE_CHIPSEQ:CHIPSEQ:MARK_DUPLICATES_PICARD:BAM_STATS_SAMTOOLS:SAMTOOLS_IDXSTATS,1702245895000,1702245895000,2,87.7,,1073741824.0,,,0.0,0.0,0.0,227.58,
1875,NFCORE_CHIPSEQ:CHIPSEQ:MARK_DUPLICATES_PICARD:BAM_STATS_SAMTOOLS:SAMTOOLS_FLAGSTAT,1702245891000,1702245898000,2,149.4,,1073741824.0,,,0.0032518060677083336,0.0032518060677083336,0.0,227.58,
1881,NFCORE_CHIPSEQ:CHIPSEQ:FILTER_BAM_BAMTOOLS:BAM_REMOVE_ORPHANS,1702245887000,1702245888000,2,55.7,,1073741824.0,,,0.0001887353338541667,0.0001887353338541667,0.0,227.58,
1883,NFCORE_CHIPSEQ:CHIPSEQ:FILTER_BAM_BAMTOOLS:BAM_SORT_SAMTOOLS:BAM_STATS_SAMTOOLS:SAMTOOLS_FLAGSTAT,1702245888000,1702245894000,2,152.4,,1073741824.0,,,0.0028402458125,0.0028402458125,0.0,227.58,
1885,NFCORE_CHIPSEQ:CHIPSEQ:FILTER_BAM_BAMTOOLS:BAM_SORT_SAMTOOLS:BAM_STATS_SAMTOOLS:SAMTOOLS_IDXSTATS,1702245895000,1702245896000,1,89.4,,1073741824.0,,,0.0002879321614583334,0.0002879321614583334,0.0,227.58,
1888,NFCORE_CHIPSEQ:CHIPSEQ:FILTER_BAM_BAMTOOLS:BAM_SORT_SAMTOOLS:BAM_STATS_SAMTOOLS:SAMTOOLS_IDXSTATS,1702245887000,1702245889000,1,59.8,,1073741824.0,,,0.00040160758125,0.00040160758125,0.0,227.58,
1638,NFCORE_CHIPSEQ:CHIPSEQ:FILTER_BAM_BAMTOOLS:BAM_SORT_SAMTOOLS:SAMTOOLS_SORT,1702245889000,1702245897000,5,413.6,,6309281792.0,,,0.010904436434375001,0.010904436434375001,0.0,227.58,
1751,NFCORE_CHIPSEQ:CHIPSEQ:FILTER_BAM_BAMTOOLS:BAM_SORT_SAMTOOLS:SAMTOOLS_SORT,1702245875000,1702245901000,5,388.7,,6309281792.0,,,0.033533779652343755,0.033533779652343755,0.0,227.58,
1762,NFCORE_CHIPSEQ:CHIPSEQ:FILTER_BAM_BAMTOOLS:BAM_FILTER,1702245692000,1702245896000,2,137.9,,1073741824.0,,,0.08786140759374998,0.08786140759374998,0.0,227.58,
1857,NFCORE_CHIPSEQ:CHIPSEQ:MARK_DUPLICATES_PICARD:BAM_STATS_SAMTOOLS:SAMTOOLS_IDXSTATS,1702245899000,1702245900000,2,55.0,,1073741824.0,,,0.00018667486562500002,0.00018667486562500002,0.0,227.58,
1858,NFCORE_CHIPSEQ:CHIPSEQ:MARK_DUPLICATES_PICARD:BAM_STATS_SAMTOOLS:SAMTOOLS_FLAGSTAT,1702245897000,1702245904000,2,145.4,,1073741824.0,,,0.0031693873385416666,0.0031693873385416666,0.0,227.58,
1877,NFCORE_CHIPSEQ:CHIPSEQ:MARK_DUPLICATES_PICARD:SAMTOOLS_INDEX,1702245888000,1702245899000,2,136.3,,1073741824.0,,,0.004685818860937501,0.004685818860937501,0.0,227.58,
1891,NFCORE_CHIPSEQ:CHIPSEQ:FILTER_BAM_BAMTOOLS:BAM_REMOVE_ORPHANS,1702245897000,1702245898000,2,65.3,,1073741824.0,,,0.0002169931838541667,0.0002169931838541667,0.0,227.58,
1757,NFCORE_CHIPSEQ:CHIPSEQ:FILTER_BAM_BAMTOOLS:BAM_FILTER,1702245679000,1702245911000,2,134.5,,1073741824.0,,,0.09759896313750001,0.09759896313750001,0.0,227.58,
1826,NFCORE_CHIPSEQ:CHIPSEQ:PRESEQ_LCEXTRAP,1702245799000,1702245912000,2,100.6,,1073741824.0,,,0.036261660803125005,0.036261660803125005,0.0,227.58,
1832,NFCORE_CHIPSEQ:CHIPSEQ:PRESEQ_LCEXTRAP,1702245806000,1702245909000,2,97.4,,1073741824.0,,,0.03208247808854167,0.03208247808854167,0.0,227.58,
1862,NFCORE_CHIPSEQ:CHIPSEQ:MARK_DUPLICATES_PICARD:BAM_STATS_SAMTOOLS:SAMTOOLS_STATS,1702245871000,1702245909000,2,130.9,,1073741824.0,,,0.015583362703125,0.015583362703125,0.0,227.58,
1887,NFCORE_CHIPSEQ:CHIPSEQ:FILTER_BAM_BAMTOOLS:BAM_SORT_SAMTOOLS:BAM_STATS_SAMTOOLS:SAMTOOLS_FLAGSTAT,1702245897000,1702245909000,2,151.1,,1073741824.0,,,0.005634572618750001,0.005634572618750001,0.0,227.58,
1892,NFCORE_CHIPSEQ:CHIPSEQ:FILTER_BAM_BAMTOOLS:BAM_SORT_SAMTOOLS:SAMTOOLS_INDEX,1702245902000,1702245912000,2,153.5,,1073741824.0,,,0.0047661218072916674,0.0047661218072916674,0.0,227.58,
1898,NFCORE_CHIPSEQ:CHIPSEQ:MARK_DUPLICATES_PICARD:SAMTOOLS_INDEX,1702245905000,1702245916000,2,156.2,,1073741824.0,,,0.005330156711458333,0.005330156711458333,0.0,227.58,
1042,NFCORE_CHIPSEQ:CHIPSEQ:MARK_DUPLICATES_PICARD:PICARD_MARKDUPLICATES,1702245640000,1702245911000,2,107.6,,21180186624.0,,,0.21830183651575522,0.21830183651575522,0.0,227.58,
1403,NFCORE_CHIPSEQ:CHIPSEQ:FILTER_BAM_BAMTOOLS:BAM_SORT_SAMTOOLS:SAMTOOLS_SORT,1702245901000,1702245911000,5,414.2,,6309281792.0,,,0.013648206699218754,0.013648206699218754,0.0,227.58,
1811,NFCORE_CHIPSEQ:CHIPSEQ:PRESEQ_LCEXTRAP,1702245814000,1702245921000,2,100.7,,1073741824.0,,,0.034367758613020834,0.034367758613020834,0.0,227.58,
1848,NFCORE_CHIPSEQ:CHIPSEQ:PRESEQ_LCEXTRAP,1702245836000,1702245921000,2,100.6,,1073741824.0,,,0.027276470515624998,0.027276470515624998,0.0,227.58,
1884,NFCORE_CHIPSEQ:CHIPSEQ:FILTER_BAM_BAMTOOLS:BAM_SORT_SAMTOOLS:BAM_STATS_SAMTOOLS:SAMTOOLS_STATS,1702245894000,1702245924000,2,130.1,,1073741824.0,,,0.012232010140625,0.012232010140625,0.0,227.58,
1907,NFCORE_CHIPSEQ:CHIPSEQ:FILTER_BAM_BAMTOOLS:BAM_SORT_SAMTOOLS:SAMTOOLS_INDEX,1702245915000,1702245924000,2,150.9,,1073741824.0,,,0.004220631117187501,0.004220631117187501,0.0,227.58,
1909,NFCORE_CHIPSEQ:CHIPSEQ:FILTER_BAM_BAMTOOLS:BAM_REMOVE_ORPHANS,1702245925000,1702245927000,2,65.0,,1073741824.0,,,0.00043222025208333335,0.00043222025208333335,0.0,227.58,
1911,NFCORE_CHIPSEQ:CHIPSEQ:MARK_DUPLICATES_PICARD:BAM_STATS_SAMTOOLS:SAMTOOLS_FLAGSTAT,1702245915000,1702245926000,2,141.4,,1073741824.0,,,0.004850950671875,0.004850950671875,0.0,227.58,
1916,NFCORE_CHIPSEQ:CHIPSEQ:FILTER_BAM_BAMTOOLS:BAM_REMOVE_ORPHANS,1702245927000,1702245928000,2,74.4,,1073741824.0,,,0.00024377927083333337,0.00024377927083333337,0.0,227.58,
1431,NFCORE_CHIPSEQ:CHIPSEQ:FILTER_BAM_BAMTOOLS:BAM_SORT_SAMTOOLS:SAMTOOLS_SORT,1702245902000,1702245921000,5,403.6,,6309281792.0,,,0.025338766583723964,0.025338766583723964,0.0,227.58,
1484,NFCORE_CHIPSEQ:CHIPSEQ:FILTER_BAM_BAMTOOLS:BAM_SORT_SAMTOOLS:SAMTOOLS_SORT,1702245904000,1702245931000,5,422.4,,6309281792.0,,,0.037501854753515626,0.037501854753515626,0.0,227.58,
1507,NFCORE_CHIPSEQ:CHIPSEQ:FILTER_BAM_BAMTOOLS:BAM_SORT_SAMTOOLS:SAMTOOLS_SORT,1702245895000,1702245921000,5,408.9,,6309281792.0,,,0.03507971952942709,0.03507971952942709,0.0,227.58,
1540,NFCORE_CHIPSEQ:CHIPSEQ:FILTER_BAM_BAMTOOLS:BAM_SORT_SAMTOOLS:SAMTOOLS_SORT,1702245900000,1702245928000,5,402.4,,6309281792.0,,,0.03724243775364583,0.03724243775364583,0.0,227.58,
1873,NFCORE_CHIPSEQ:CHIPSEQ:MARK_DUPLICATES_PICARD:BAM_STATS_SAMTOOLS:SAMTOOLS_STATS,1702245896000,1702245935000,2,132.6,,1073741824.0,,,0.016188606971875002,0.016188606971875002,0.0,227.58,
1899,NFCORE_CHIPSEQ:CHIPSEQ:MARK_DUPLICATES_PICARD:SAMTOOLS_INDEX,1702245922000,1702245935000,2,155.5,,1073741824.0,,,0.0062724900265625,0.0062724900265625,0.0,227.58,
1901,NFCORE_CHIPSEQ:CHIPSEQ:MARK_DUPLICATES_PICARD:SAMTOOLS_INDEX,1702245925000,1702245935000,2,159.8,,1073741824.0,,,0.004951563947916668,0.004951563947916668,0.0,227.58,
1905,NFCORE_CHIPSEQ:CHIPSEQ:FILTER_BAM_BAMTOOLS:BAM_SORT_SAMTOOLS:SAMTOOLS_INDEX,1702245930000,1702245935000,2,159.9,,1073741824.0,,,0.002477253736979167,0.002477253736979167,0.0,227.58,
1919,NFCORE_CHIPSEQ:CHIPSEQ:FILTER_BAM_BAMTOOLS:BAM_SORT_SAMTOOLS:BAM_STATS_SAMTOOLS:SAMTOOLS_FLAGSTAT,1702245925000,1702245935000,2,146.9,,1073741824.0,,,0.004571849088541667,0.004571849088541667,0.0,227.58,
1926,NFCORE_CHIPSEQ:CHIPSEQ:MARK_DUPLICATES_PICARD:SAMTOOLS_INDEX,1702245927000,1702245940000,2,151.6,,1073741824.0,,,0.00612325325625,0.00612325325625,0.0,227.58,
1928,NFCORE_CHIPSEQ:CHIPSEQ:FILTER_BAM_BAMTOOLS:BAM_SORT_SAMTOOLS:SAMTOOLS_INDEX,1702245928000,1702245932000,2,158.6,,1073741824.0,,,0.001966496654166667,0.001966496654166667,0.0,227.58,
1932,NFCORE_CHIPSEQ:CHIPSEQ:FILTER_BAM_BAMTOOLS:BAM_SORT_SAMTOOLS:BAM_STATS_SAMTOOLS:SAMTOOLS_IDXSTATS,1702245932000,1702245932000,1,54.7,,1073741824.0,,,0.0,0.0,0.0,227.58,
1935,NFCORE_CHIPSEQ:CHIPSEQ:FILTER_BAM_BAMTOOLS:BAM_SORT_SAMTOOLS:BAM_STATS_SAMTOOLS:SAMTOOLS_FLAGSTAT,1702245935000,1702245942000,2,143.8,,1073741824.0,,,0.0031364198468750008,0.0031364198468750008,0.0,227.58,
1296,NFCORE_CHIPSEQ:CHIPSEQ:FILTER_BAM_BAMTOOLS:BAM_SORT_SAMTOOLS:SAMTOOLS_SORT,1702245932000,1702245936000,5,411.6,,6309281792.0,,,0.0054286700088541666,0.0054286700088541666,0.0,227.58,
1592,NFCORE_CHIPSEQ:CHIPSEQ:FILTER_BAM_BAMTOOLS:BAM_SORT_SAMTOOLS:SAMTOOLS_SORT,1702245912000,1702245943000,5,427.2,,6309281792.0,,,0.043495681762369794,0.043495681762369794,0.0,227.58,
1886,NFCORE_CHIPSEQ:CHIPSEQ:FILTER_BAM_BAMTOOLS:BAM_SORT_SAMTOOLS:BAM_STATS_SAMTOOLS:SAMTOOLS_STATS,1702245912000,1702245943000,2,128.9,,1073741824.0,,,0.012530244643229167,0.012530244643229167,0.0,227.58,
1920,NFCORE_CHIPSEQ:CHIPSEQ:FILTER_BAM_BAMTOOLS:BAM_SORT_SAMTOOLS:BAM_STATS_SAMTOOLS:SAMTOOLS_IDXSTATS,1702245939000,1702245941000,1,99.2,,1073741824.0,,,0.0006335574333333333,0.0006335574333333333,0.0,227.58,
1939,NFCORE_CHIPSEQ:CHIPSEQ:MARK_DUPLICATES_PICARD:SAMTOOLS_INDEX,1702245934000,1702245947000,2,150.7,,1073741824.0,,,0.0060888140015625,0.0060888140015625,0.0,227.58,
1942,NFCORE_CHIPSEQ:CHIPSEQ:FILTER_BAM_BAMTOOLS:BAM_SORT_SAMTOOLS:SAMTOOLS_INDEX,1702245940000,1702245950000,2,149.1,,1073741824.0,,,0.004636606661458334,0.004636606661458334,0.0,227.58,
1947,NFCORE_CHIPSEQ:CHIPSEQ:FILTER_BAM_BAMTOOLS:BAM_SORT_SAMTOOLS:SAMTOOLS_INDEX,1702245939000,1702245948000,2,154.4,,1073741824.0,,,0.004313352187500001,0.004313352187500001,0.0,227.58,
1952,NFCORE_CHIPSEQ:CHIPSEQ:FILTER_BAM_BAMTOOLS:BAM_SORT_SAMTOOLS:SAMTOOLS_INDEX,1702245940000,1702245950000,2,152.8,,1073741824.0,,,0.004745517125000002,0.004745517125000002,0.0,227.58,
1031,NFCORE_CHIPSEQ:CHIPSEQ:MARK_DUPLICATES_PICARD:PICARD_MARKDUPLICATES,1702245709000,1702245948000,2,107.8,,21180186624.0,,,0.19266519843138022,0.19266519843138022,0.0,227.58,
1349,NFCORE_CHIPSEQ:CHIPSEQ:FILTER_BAM_BAMTOOLS:BAM_SORT_SAMTOOLS:SAMTOOLS_SORT,1702245925000,1702245953000,5,409.9,,6309281792.0,,,0.03786057822239584,0.03786057822239584,0.0,227.58,
1823,NFCORE_CHIPSEQ:CHIPSEQ:FILTER_BAM_BAMTOOLS:BAM_FILTER,1702245796000,1702245950000,2,137.6,,1073741824.0,,,0.06619075796666667,0.06619075796666667,0.0,227.58,
1912,NFCORE_CHIPSEQ:CHIPSEQ:MARK_DUPLICATES_PICARD:BAM_STATS_SAMTOOLS:SAMTOOLS_STATS,1702245915000,1702245957000,2,130.7,,1073741824.0,,,0.017198991053125,0.017198991053125,0.0,227.58,
1945,NFCORE_CHIPSEQ:CHIPSEQ:FILTER_BAM_BAMTOOLS:BAM_SORT_SAMTOOLS:SAMTOOLS_INDEX,1702245943000,1702245951000,2,153.0,,1073741824.0,,,0.003801123341666667,0.003801123341666667,0.0,227.58,
1969,NFCORE_CHIPSEQ:CHIPSEQ:FILTER_BAM_BAMTOOLS:BAM_SORT_SAMTOOLS:BAM_STATS_SAMTOOLS:SAMTOOLS_FLAGSTAT,1702245950000,1702245956000,2,143.4,,1073741824.0,,,0.0026812954062500004,0.0026812954062500004,0.0,227.58,
1975,NFCORE_CHIPSEQ:CHIPSEQ:FILTER_BAM_BAMTOOLS:BAM_SORT_SAMTOOLS:SAMTOOLS_INDEX,1702245954000,1702245957000,2,153.7,,1073741824.0,,,0.0014316026578125,0.0014316026578125,0.0,227.58,
1986,NFCORE_CHIPSEQ:CHIPSEQ:FILTER_BAM_BAMTOOLS:BAM_SORT_SAMTOOLS:BAM_STATS_SAMTOOLS:SAMTOOLS_FLAGSTAT,1702245954000,1702245960000,2,148.6,,1073741824.0,,,0.00277313341875,0.00277313341875,0.0,227.58,
1990,NFCORE_CHIPSEQ:CHIPSEQ:FILTER_BAM_BAMTOOLS:BAM_SORT_SAMTOOLS:BAM_STATS_SAMTOOLS:SAMTOOLS_IDXSTATS,1702245954000,1702245957000,1,26.6,,1073741824.0,,,0.000309236178125,0.000309236178125,0.0,227.58,
1996,NFCORE_CHIPSEQ:CHIPSEQ:FILTER_BAM_BAMTOOLS:BAM_SORT_SAMTOOLS:BAM_STATS_SAMTOOLS:SAMTOOLS_FLAGSTAT,1702245954000,1702245965000,2,150.3,,1073741824.0,,,0.005139121871354168,0.005139121871354168,0.0,227.58,
1798,NFCORE_CHIPSEQ:CHIPSEQ:FILTER_BAM_BAMTOOLS:BAM_FILTER,1702245743000,1702245963000,2,136.1,,1073741824.0,,,0.09358686207291667,0.09358686207291667,0.0,227.58,
1851,NFCORE_CHIPSEQ:CHIPSEQ:PRESEQ_LCEXTRAP,1702245865000,1702245965000,2,100.8,,1073741824.0,,,0.032148835833333334,0.032148835833333334,0.0,227.58,
1856,NFCORE_CHIPSEQ:CHIPSEQ:PRESEQ_LCEXTRAP,1702245865000,1702245968000,2,100.8,,1073741824.0,,,0.03311330090833334,0.03311330090833334,0.0,227.58,
1867,NFCORE_CHIPSEQ:CHIPSEQ:PICARD_COLLECTMULTIPLEMETRICS,1702245879000,1702245968000,2,107.2,,2573205504.0,,,0.03336904689661459,0.03336904689661459,0.0,227.58,
1870,NFCORE_CHIPSEQ:CHIPSEQ:PICARD_COLLECTMULTIPLEMETRICS,1702245878000,1702245965000,2,113.5,,2573205504.0,,,0.034232527297656246,0.034232527297656246,0.0,227.58,
1955,NFCORE_CHIPSEQ:CHIPSEQ:MARK_DUPLICATES_PICARD:BAM_STATS_SAMTOOLS:SAMTOOLS_IDXSTATS,1702245972000,1702245975000,2,85.0,,1073741824.0,,,0.0008249419406250001,0.0008249419406250001,0.0,227.58,
1963,NFCORE_CHIPSEQ:CHIPSEQ:FILTER_BAM_BAMTOOLS:BAM_SORT_SAMTOOLS:BAM_STATS_SAMTOOLS:SAMTOOLS_FLAGSTAT,1702245964000,1702245968000,2,144.6,,1073741824.0,,,0.0018016591958333334,0.0018016591958333334,0.0,227.58,
1962,NFCORE_CHIPSEQ:CHIPSEQ:FILTER_BAM_BAMTOOLS:BAM_SORT_SAMTOOLS:BAM_STATS_SAMTOOLS:SAMTOOLS_IDXSTATS,1702245974000,1702245975000,1,109.6,,1073741824.0,,,0.00034739138750000003,0.00034739138750000003,0.0,227.58,
1987,NFCORE_CHIPSEQ:CHIPSEQ:FILTER_BAM_BAMTOOLS:BAM_SORT_SAMTOOLS:BAM_STATS_SAMTOOLS:SAMTOOLS_IDXSTATS,1702245972000,1702245975000,1,106.7,,1073741824.0,,,0.0010165654859375002,0.0010165654859375002,0.0,227.58,
1989,NFCORE_CHIPSEQ:CHIPSEQ:FILTER_BAM_BAMTOOLS:BAM_SORT_SAMTOOLS:BAM_STATS_SAMTOOLS:SAMTOOLS_FLAGSTAT,1702245967000,1702245975000,2,146.8,,1073741824.0,,,0.0036551244500000004,0.0036551244500000004,0.0,227.58,
1997,NFCORE_CHIPSEQ:CHIPSEQ:FILTER_BAM_BAMTOOLS:BAM_SORT_SAMTOOLS:BAM_STATS_SAMTOOLS:SAMTOOLS_IDXSTATS,1702245972000,1702245975000,1,111.9,,1073741824.0,,,0.0010624844921875,0.0010624844921875,0.0,227.58,
1999,NFCORE_CHIPSEQ:CHIPSEQ:MARK_DUPLICATES_PICARD:SAMTOOLS_INDEX,1702245957000,1702245965000,2,154.5,,1073741824.0,,,0.0038364456541666674,0.0038364456541666674,0.0,227.58,
2002,NFCORE_CHIPSEQ:CHIPSEQ:FILTER_BAM_BAMTOOLS:BAM_SORT_SAMTOOLS:SAMTOOLS_INDEX,1702245957000,1702245965000,2,161.5,,1073741824.0,,,0.0040012831125,0.0040012831125,0.0,227.58,
2003,NFCORE_CHIPSEQ:CHIPSEQ:FILTER_BAM_BAMTOOLS:BAM_REMOVE_ORPHANS,1702245962000,1702245965000,2,106.7,,1073741824.0,,,0.0010165654859375002,0.0010165654859375002,0.0,227.58,
2008,NFCORE_CHIPSEQ:CHIPSEQ:FILTER_BAM_BAMTOOLS:BAM_SORT_SAMTOOLS:BAM_STATS_SAMTOOLS:SAMTOOLS_IDXSTATS,1702245974000,1702245975000,1,110.3,,1073741824.0,,,0.0003494518557291667,0.0003494518557291667,0.0,227.58,
2009,NFCORE_CHIPSEQ:CHIPSEQ:FILTER_BAM_BAMTOOLS:BAM_SORT_SAMTOOLS:BAM_STATS_SAMTOOLS:SAMTOOLS_FLAGSTAT,1702245969000,1702245970000,2,148.3,,1073741824.0,,,0.0004613058453125,0.0004613058453125,0.0,227.58,
996,NFCORE_CHIPSEQ:CHIPSEQ:MARK_DUPLICATES_PICARD:PICARD_MARKDUPLICATES,1702245646000,1702245975000,2,106.7,,21180186624.0,,,0.26415168472018236,0.26415168472018236,0.0,227.58,
1021,NFCORE_CHIPSEQ:CHIPSEQ:MARK_DUPLICATES_PICARD:PICARD_MARKDUPLICATES,1702245725000,1702245978000,2,107.7,,21180186624.0,,,0.20387655474570315,0.20387655474570315,0.0,227.58,
1025,NFCORE_CHIPSEQ:CHIPSEQ:MARK_DUPLICATES_PICARD:PICARD_MARKDUPLICATES,1702245713000,1702245975000,2,107.6,,21180186624.0,,,0.21105196002630208,0.21105196002630208,0.0,227.58,
1600,NFCORE_CHIPSEQ:CHIPSEQ:FILTER_BAM_BAMTOOLS:BAM_SORT_SAMTOOLS:SAMTOOLS_SORT,1702245946000,1702245975000,5,423.5,,6309281792.0,,,0.040373668401171875,0.040373668401171875,0.0,227.58,
1805,NFCORE_CHIPSEQ:CHIPSEQ:FILTER_BAM_BAMTOOLS:BAM_FILTER,1702245764000,1702245975000,2,136.4,,1073741824.0,,,0.08994463382291669,0.08994463382291669,0.0,227.58,
1809,NFCORE_CHIPSEQ:CHIPSEQ:FILTER_BAM_BAMTOOLS:BAM_FILTER,1702245775000,1702245981000,2,136.6,,1073741824.0,,,0.08793451766875,0.08793451766875,0.0,227.58,
1816,NFCORE_CHIPSEQ:CHIPSEQ:FILTER_BAM_BAMTOOLS:BAM_FILTER,1702245793000,1702245977000,2,137.0,,1073741824.0,,,0.07876009619166667,0.07876009619166667,0.0,227.58,
1838,NFCORE_CHIPSEQ:CHIPSEQ:FILTER_BAM_BAMTOOLS:BAM_FILTER,1702245814000,1702245974000,2,135.4,,1073741824.0,,,0.06773349750000002,0.06773349750000002,0.0,227.58,
1980,NFCORE_CHIPSEQ:CHIPSEQ:FILTER_BAM_BAMTOOLS:BAM_SORT_SAMTOOLS:SAMTOOLS_INDEX,1702245968000,1702245976000,2,159.7,,1073741824.0,,,0.0039588963375,0.0039588963375,0.0,227.58,
1982,NFCORE_CHIPSEQ:CHIPSEQ:MARK_DUPLICATES_PICARD:BAM_STATS_SAMTOOLS:SAMTOOLS_IDXSTATS,1702245978000,1702245978000,2,91.4,,1073741824.0,,,0.0,0.0,0.0,227.58,
2015,NFCORE_CHIPSEQ:CHIPSEQ:FILTER_BAM_BAMTOOLS:BAM_REMOVE_ORPHANS,1702245979000,1702245980000,2,57.1,,1073741824.0,,,0.00019285627031250002,0.00019285627031250002,0.0,227.58,
2036,NFCORE_CHIPSEQ:CHIPSEQ:FILTER_BAM_BAMTOOLS:BAM_REMOVE_ORPHANS,1702245984000,1702245985000,2,93.4,,1073741824.0,,,0.00029970626562500003,0.00029970626562500003,0.0,227.58,
2037,NFCORE_CHIPSEQ:CHIPSEQ:FILTER_BAM_BAMTOOLS:BAM_REMOVE_ORPHANS,1702245989000,1702245991000,2,83.5,,1073741824.0,,,0.000541130715625,0.000541130715625,0.0,227.58,
1605,NFCORE_CHIPSEQ:CHIPSEQ:BEDTOOLS_GENOMECOV,1702245821000,1702245994000,2,120.5,,4567597056.0,,,0.07959914335104167,0.07959914335104167,0.0,227.58,
1671,NFCORE_CHIPSEQ:CHIPSEQ:BEDTOOLS_GENOMECOV,1702245627000,1702245991000,2,121.2,,4567597056.0,,,0.16823028893125003,0.16823028893125003,0.0,227.58,
1841,NFCORE_CHIPSEQ:CHIPSEQ:FILTER_BAM_BAMTOOLS:BAM_FILTER,1702245832000,1702245991000,2,136.5,,1073741824.0,,,0.06782498584531249,0.06782498584531249,0.0,227.58,
1890,NFCORE_CHIPSEQ:CHIPSEQ:UCSC_BEDGRAPHTOBIGWIG,1702245893000,1702245994000,1,98.2,,1073741824.0,,,0.031697354253125004,0.031697354253125004,0.0,227.58,
1915,NFCORE_CHIPSEQ:CHIPSEQ:UCSC_BEDGRAPHTOBIGWIG,1702245914000,1702245991000,1,100.3,,1073741824.0,,,0.024641277839062503,0.024641277839062503,0.0,227.58,
1929,NFCORE_CHIPSEQ:CHIPSEQ:PICARD_COLLECTMULTIPLEMETRICS,1702245929000,1702245994000,2,115.5,,2573205504.0,,,0.02595868452734375,0.02595868452734375,0.0,227.58,
1954,NFCORE_CHIPSEQ:CHIPSEQ:MARK_DUPLICATES_PICARD:BAM_STATS_SAMTOOLS:SAMTOOLS_FLAGSTAT,1702245978000,1702245991000,2,142.8,,1073741824.0,,,0.005786513877083334,0.005786513877083334,0.0,227.58,
1971,NFCORE_CHIPSEQ:CHIPSEQ:FILTER_BAM_BAMTOOLS:BAM_SORT_SAMTOOLS:BAM_STATS_SAMTOOLS:SAMTOOLS_IDXSTATS,1702245996000,1702245997000,1,92.0,,1073741824.0,,,0.0002955853291666667,0.0002955853291666667,0.0,227.58,
1981,NFCORE_CHIPSEQ:CHIPSEQ:MARK_DUPLICATES_PICARD:BAM_STATS_SAMTOOLS:SAMTOOLS_FLAGSTAT,1702245978000,1702245991000,2,142.1,,1073741824.0,,,0.005759727790104166,0.005759727790104166,0.0,227.58,
2004,NFCORE_CHIPSEQ:CHIPSEQ:FILTER_BAM_BAMTOOLS:BAM_SORT_SAMTOOLS:BAM_STATS_SAMTOOLS:SAMTOOLS_IDXSTATS,1702245996000,1702245997000,1,94.7,,1073741824.0,,,0.0003035328494791667,0.0003035328494791667,0.0,227.58,
2030,NFCORE_CHIPSEQ:CHIPSEQ:MARK_DUPLICATES_PICARD:SAMTOOLS_INDEX,1702245983000,1702245996000,2,154.1,,1073741824.0,,,0.006218917852604166,0.006218917852604166,0.0,227.58,
2032,NFCORE_CHIPSEQ:CHIPSEQ:MARK_DUPLICATES_PICARD:SAMTOOLS_INDEX,1702245982000,1702245991000,2,151.1,,1073741824.0,,,0.0042259294640625,0.0042259294640625,0.0,227.58,
2038,NFCORE_CHIPSEQ:CHIPSEQ:FILTER_BAM_BAMTOOLS:BAM_REMOVE_ORPHANS,1702245994000,1702245995000,2,101.1,,1073741824.0,,,0.00032237141614583335,0.00032237141614583335,0.0,227.58,
2041,NFCORE_CHIPSEQ:CHIPSEQ:FILTER_BAM_BAMTOOLS:BAM_SORT_SAMTOOLS:BAM_STATS_SAMTOOLS:SAMTOOLS_IDXSTATS,1702245994000,1702245998000,1,61.8,,1073741824.0,,,0.0008267633708333333,0.0008267633708333333,0.0,227.58,
1860,NFCORE_CHIPSEQ:CHIPSEQ:FILTER_BAM_BAMTOOLS:BAM_FILTER,1702245850000,1702246003000,2,134.5,,1073741824.0,,,0.0643648334484375,0.0643648334484375,0.0,227.58,
1893,NFCORE_CHIPSEQ:CHIPSEQ:PICARD_COLLECTMULTIPLEMETRICS,1702245916000,1702245997000,2,112.2,,2573205504.0,,,0.03156171005390625,0.03156171005390625,0.0,227.58,
2039,NFCORE_CHIPSEQ:CHIPSEQ:FILTER_BAM_BAMTOOLS:BAM_REMOVE_ORPHANS,1702245999000,1702246001000,2,76.6,,1073741824.0,,,0.00050051005625,0.00050051005625,0.0,227.58,
2048,NFCORE_CHIPSEQ:CHIPSEQ:FILTER_BAM_BAMTOOLS:BAM_REMOVE_ORPHANS,1702245998000,1702245999000,2,128.0,,1073741824.0,,,0.0004015522666666667,0.0004015522666666667,0.0,227.58,
2006,NFCORE_CHIPSEQ:CHIPSEQ:FILTER_BAM_BAMTOOLS:BAM_SORT_SAMTOOLS:BAM_STATS_SAMTOOLS:SAMTOOLS_FLAGSTAT,1702245997000,1702246007000,2,147.5,,1073741824.0,,,0.0045895102447916685,0.0045895102447916685,0.0,227.58,
2023,NFCORE_CHIPSEQ:CHIPSEQ:FILTER_BAM_BAMTOOLS:BAM_SORT_SAMTOOLS:BAM_STATS_SAMTOOLS:SAMTOOLS_FLAGSTAT,1702246000000,1702246010000,2,148.5,,1073741824.0,,,0.004618945505208334,0.004618945505208334,0.0,227.58,
2033,NFCORE_CHIPSEQ:CHIPSEQ:FILTER_BAM_BAMTOOLS:BAM_SORT_SAMTOOLS:SAMTOOLS_INDEX,1702245995000,1702246007000,2,144.2,,1073741824.0,,,0.0053908486625,0.0053908486625,0.0,227.58,
2040,NFCORE_CHIPSEQ:CHIPSEQ:FILTER_BAM_BAMTOOLS:BAM_SORT_SAMTOOLS:BAM_STATS_SAMTOOLS:SAMTOOLS_FLAGSTAT,1702245995000,1702246007000,2,135.5,,1073741824.0,,,0.0050835445437500005,0.0050835445437500005,0.0,227.58,
2060,NFCORE_CHIPSEQ:CHIPSEQ:FILTER_BAM_BAMTOOLS:BAM_REMOVE_ORPHANS,1702246006000,1702246007000,2,68.8,,1073741824.0,,,0.00022729552500000001,0.00022729552500000001,0.0,227.58,
1688,NFCORE_CHIPSEQ:CHIPSEQ:FILTER_BAM_BAMTOOLS:BAM_SORT_SAMTOOLS:SAMTOOLS_SORT,1702245978000,1702246007000,5,431.5,,6309281792.0,,,0.04105656644283854,0.04105656644283854,0.0,227.58,
1878,NFCORE_CHIPSEQ:CHIPSEQ:PRESEQ_LCEXTRAP,1702245894000,1702246007000,2,101.0,,1073741824.0,,,0.03639470818020834,0.03639470818020834,0.0,227.58,
1906,NFCORE_CHIPSEQ:CHIPSEQ:PICARD_COLLECTMULTIPLEMETRICS,1702245907000,1702246007000,2,107.9,,2573205504.0,,,0.03769935794270834,0.03769935794270834,0.0,227.58,
1913,NFCORE_CHIPSEQ:CHIPSEQ:MARK_DUPLICATES_PICARD:BAM_STATS_SAMTOOLS:SAMTOOLS_IDXSTATS,1702246010000,1702246011000,2,76.2,,1073741824.0,,,0.0002490776177083334,0.0002490776177083334,0.0,227.58,
2027,NFCORE_CHIPSEQ:CHIPSEQ:MARK_DUPLICATES_PICARD:SAMTOOLS_INDEX,1702245995000,1702246011000,2,152.2,,1073741824.0,,,0.007564569550000001,0.007564569550000001,0.0,227.58,
1941,NFCORE_CHIPSEQ:CHIPSEQ:PICARD_COLLECTMULTIPLEMETRICS,1702245941000,1702246020000,2,115.6,,2573205504.0,,,0.03157303966588542,0.03157303966588542,0.0,227.58,
1008,NFCORE_CHIPSEQ:CHIPSEQ:MARK_DUPLICATES_PICARD:PICARD_MARKDUPLICATES,1702245731000,1702246020000,2,107.1,,21180186624.0,,,0.23237624998164066,0.23237624998164066,0.0,227.58,
1009,NFCORE_CHIPSEQ:CHIPSEQ:MARK_DUPLICATES_PICARD:PICARD_MARKDUPLICATES,1702245715000,1702246021000,2,106.7,,21180186624.0,,,0.2456851535695313,0.2456851535695313,0.0,227.58,
1956,NFCORE_CHIPSEQ:CHIPSEQ:MARK_DUPLICATES_PICARD:BAM_STATS_SAMTOOLS:SAMTOOLS_STATS,1702245978000,1702246024000,2,132.5,,1073741824.0,,,0.01908071415729167,0.01908071415729167,0.0,227.58,
1983,NFCORE_CHIPSEQ:CHIPSEQ:MARK_DUPLICATES_PICARD:BAM_STATS_SAMTOOLS:SAMTOOLS_STATS,1702245980000,1702246032000,2,132.3,,1073741824.0,,,0.021538890289583335,0.021538890289583335,0.0,227.58,
2022,NFCORE_CHIPSEQ:CHIPSEQ:FILTER_BAM_BAMTOOLS:BAM_SORT_SAMTOOLS:BAM_STATS_SAMTOOLS:SAMTOOLS_IDXSTATS,1702246028000,1702246032000,1,113.5,,1073741824.0,,,0.0014354845562500004,0.0014354845562500004,0.0,227.58,
2046,NFCORE_CHIPSEQ:CHIPSEQ:UCSC_BEDGRAPHTOBIGWIG,1702245997000,1702246033000,1,101.0,,1073741824.0,,,0.011594774287500002,0.011594774287500002,0.0,227.58,
2055,NFCORE_CHIPSEQ:CHIPSEQ:MARK_DUPLICATES_PICARD:BAM_STATS_SAMTOOLS:SAMTOOLS_FLAGSTAT,1702246024000,1702246033000,2,145.3,,1073741824.0,,,0.004072277404687501,0.004072277404687501,0.0,227.58,
2072,NFCORE_CHIPSEQ:CHIPSEQ:FILTER_BAM_BAMTOOLS:BAM_SORT_SAMTOOLS:SAMTOOLS_INDEX,1702246036000,1702246045000,2,158.5,,1073741824.0,,,0.0044219682984375005,0.0044219682984375005,0.0,227.58,
2078,NFCORE_CHIPSEQ:CHIPSEQ:MARK_DUPLICATES_PICARD:BAM_STATS_SAMTOOLS:SAMTOOLS_IDXSTATS,1702246046000,1702246046000,2,113.3,,1073741824.0,,,0.0,0.0,0.0,227.58,
1698,NFCORE_CHIPSEQ:CHIPSEQ:FILTER_BAM_BAMTOOLS:BAM_SORT_SAMTOOLS:SAMTOOLS_SORT,1702246011000,1702246041000,5,412.6,,6309281792.0,,,0.040803330847656256,0.040803330847656256,0.0,227.58,
1864,NFCORE_CHIPSEQ:CHIPSEQ:FILTER_BAM_BAMTOOLS:BAM_FILTER,1702245867000,1702246041000,2,136.1,,1073741824.0,,,0.074018700003125,0.074018700003125,0.0,227.58,
1874,NFCORE_CHIPSEQ:CHIPSEQ:FILTER_BAM_BAMTOOLS:BAM_FILTER,1702245881000,1702246049000,2,135.7,,1073741824.0,,,0.0712685260875,0.0712685260875,0.0,227.58,
1897,NFCORE_CHIPSEQ:CHIPSEQ:PRESEQ_LCEXTRAP,1702245915000,1702246049000,2,101.7,,1073741824.0,,,0.04343442925729167,0.04343442925729167,0.0,227.58,
1904,NFCORE_CHIPSEQ:CHIPSEQ:PICARD_COLLECTMULTIPLEMETRICS,1702245978000,1702246042000,2,126.4,,2573205504.0,,,0.027612723916666672,0.027612723916666672,0.0,227.58,
1923,NFCORE_CHIPSEQ:CHIPSEQ:MARK_DUPLICATES_PICARD:BAM_STATS_SAMTOOLS:SAMTOOLS_IDXSTATS,1702246053000,1702246053000,2,85.7,,1073741824.0,,,0.0,0.0,0.0,227.58,
1948,NFCORE_CHIPSEQ:CHIPSEQ:PICARD_COLLECTMULTIPLEMETRICS,1702245940000,1702246048000,2,114.1,,2573205504.0,,,0.042686291615625004,0.042686291615625004,0.0,227.58,
1951,NFCORE_CHIPSEQ:CHIPSEQ:PICARD_COLLECTMULTIPLEMETRICS,1702245941000,1702246052000,2,112.5,,2573205504.0,,,0.04334925171328125,0.04334925171328125,0.0,227.58,
1959,NFCORE_CHIPSEQ:CHIPSEQ:MARK_DUPLICATES_PICARD:BAM_STATS_SAMTOOLS:SAMTOOLS_IDXSTATS,1702246055000,1702246056000,2,139.1,,1073741824.0,,,0.0004342254057291667,0.0004342254057291667,0.0,227.58,
1976,NFCORE_CHIPSEQ:CHIPSEQ:PICARD_COLLECTMULTIPLEMETRICS,1702246011000,1702246045000,2,143.3,,2573205504.0,,,0.016360609644270836,0.016360609644270836,0.0,227.58,
2026,NFCORE_CHIPSEQ:CHIPSEQ:BEDTOOLS_GENOMECOV,1702245980000,1702246045000,2,122.0,,4567597056.0,,,0.030194186377604168,0.030194186377604168,0.0,227.58,
2057,NFCORE_CHIPSEQ:CHIPSEQ:MARK_DUPLICATES_PICARD:BAM_STATS_SAMTOOLS:SAMTOOLS_IDXSTATS,1702246050000,1702246051000,2,76.6,,1073741824.0,,,0.000250255028125,0.000250255028125,0.0,227.58,
2067,NFCORE_CHIPSEQ:CHIPSEQ:FILTER_BAM_BAMTOOLS:BAM_SORT_SAMTOOLS:BAM_STATS_SAMTOOLS:SAMTOOLS_IDXSTATS,1702246050000,1702246051000,1,85.6,,1073741824.0,,,0.0002767467625,0.0002767467625,0.0,227.58,
2065,NFCORE_CHIPSEQ:CHIPSEQ:FILTER_BAM_BAMTOOLS:BAM_SORT_SAMTOOLS:BAM_STATS_SAMTOOLS:SAMTOOLS_FLAGSTAT,1702246044000,1702246052000,2,144.4,,1073741824.0,,,0.0035986087500000006,0.0035986087500000006,0.0,227.58,
2082,NFCORE_CHIPSEQ:CHIPSEQ:MARK_DUPLICATES_PICARD:SAMTOOLS_INDEX,1702246036000,1702246048000,2,154.4,,1073741824.0,,,0.005751136250000001,0.005751136250000001,0.0,227.58,
2084,NFCORE_CHIPSEQ:CHIPSEQ:FILTER_BAM_BAMTOOLS:BAM_SORT_SAMTOOLS:BAM_STATS_SAMTOOLS:SAMTOOLS_IDXSTATS,1702246055000,1702246055000,1,42.5,,1073741824.0,,,0.0,0.0,0.0,227.58,
1925,NFCORE_CHIPSEQ:CHIPSEQ:PRESEQ_LCEXTRAP,1702245946000,1702246057000,2,101.3,,1073741824.0,,,0.0358485734703125,0.0358485734703125,0.0,227.58,
2077,NFCORE_CHIPSEQ:CHIPSEQ:MARK_DUPLICATES_PICARD:BAM_STATS_SAMTOOLS:SAMTOOLS_FLAGSTAT,1702246049000,1702246060000,2,146.6,,1073741824.0,,,0.0050193203614583345,0.0050193203614583345,0.0,227.58,
2079,NFCORE_CHIPSEQ:CHIPSEQ:MARK_DUPLICATES_PICARD:SAMTOOLS_INDEX,1702246053000,1702246062000,2,154.1,,1073741824.0,,,0.004305404667187501,0.004305404667187501,0.0,227.58,
2086,NFCORE_CHIPSEQ:CHIPSEQ:FILTER_BAM_BAMTOOLS:BAM_SORT_SAMTOOLS:BAM_STATS_SAMTOOLS:SAMTOOLS_FLAGSTAT,1702246052000,1702246062000,2,144.7,,1073741824.0,,,0.0045070915156250006,0.0045070915156250006,0.0,227.58,
2091,NFCORE_CHIPSEQ:CHIPSEQ:FILTER_BAM_BAMTOOLS:BAM_SORT_SAMTOOLS:SAMTOOLS_INDEX,1702246055000,1702246065000,2,144.5,,1073741824.0,,,0.004501204463541668,0.004501204463541668,0.0,227.58,
2092,NFCORE_CHIPSEQ:CHIPSEQ:FILTER_BAM_BAMTOOLS:BAM_REMOVE_ORPHANS,1702246056000,1702246057000,2,51.2,,1073741824.0,,,0.00017548946666666668,0.00017548946666666668,0.0,227.58,
2093,NFCORE_CHIPSEQ:CHIPSEQ:FILTER_BAM_BAMTOOLS:BAM_REMOVE_ORPHANS,1702246063000,1702246063000,2,56.8,,1073741824.0,,,0.0,0.0,0.0,227.58,
1003,NFCORE_CHIPSEQ:CHIPSEQ:MARK_DUPLICATES_PICARD:PICARD_MARKDUPLICATES,1702245767000,1702246060000,2,107.8,,21180186624.0,,,0.23619624744934897,0.23619624744934897,0.0,227.58,
1946,NFCORE_CHIPSEQ:CHIPSEQ:PICARD_COLLECTMULTIPLEMETRICS,1702245960000,1702246066000,2,112.8,,2573205504.0,,,0.041490186845312506,0.041490186845312506,0.0,227.58,
2000,NFCORE_CHIPSEQ:CHIPSEQ:PICARD_COLLECTMULTIPLEMETRICS,1702245968000,1702246071000,2,114.0,,2573205504.0,,,0.040679756092968755,0.040679756092968755,0.0,227.58,
2056,NFCORE_CHIPSEQ:CHIPSEQ:MARK_DUPLICATES_PICARD:BAM_STATS_SAMTOOLS:SAMTOOLS_STATS,1702246025000,1702246062000,2,132.0,,1073741824.0,,,0.015293075720833337,0.015293075720833337,0.0,227.58,
1660,NFCORE_CHIPSEQ:CHIPSEQ:BEDTOOLS_GENOMECOV,1702245807000,1702246071000,2,121.8,,4567597056.0,,,0.12247943111250002,0.12247943111250002,0.0,227.58,
1922,NFCORE_CHIPSEQ:CHIPSEQ:MARK_DUPLICATES_PICARD:BAM_STATS_SAMTOOLS:SAMTOOLS_FLAGSTAT,1702246057000,1702246069000,2,150.3,,1073741824.0,,,0.005606314768750001,0.005606314768750001,0.0,227.58,
1940,NFCORE_CHIPSEQ:CHIPSEQ:PRESEQ_LCEXTRAP,1702245935000,1702246072000,2,101.5,,1073741824.0,,,0.04432618923906251,0.04432618923906251,0.0,227.58,
1957,NFCORE_CHIPSEQ:CHIPSEQ:MARK_DUPLICATES_PICARD:BAM_STATS_SAMTOOLS:SAMTOOLS_FLAGSTAT,1702246063000,1702246074000,2,145.9,,1073741824.0,,,0.004996655210937502,0.004996655210937502,0.0,227.58,
1978,NFCORE_CHIPSEQ:CHIPSEQ:PICARD_COLLECTMULTIPLEMETRICS,1702245969000,1702246072000,2,113.9,,2573205504.0,,,0.040649437774739595,0.040649437774739595,0.0,227.58,
2047,NFCORE_CHIPSEQ:CHIPSEQ:UCSC_BEDGRAPHTOBIGWIG,1702245996000,1702246072000,1,101.7,,1073741824.0,,,0.02463445241458334,0.02463445241458334,0.0,227.58,
2094,NFCORE_CHIPSEQ:CHIPSEQ:UCSC_BEDGRAPHTOBIGWIG,1702246063000,1702246074000,1,101.3,,1073741824.0,,,0.003552561334895834,0.003552561334895834,0.0,227.58,
2106,NFCORE_CHIPSEQ:CHIPSEQ:FILTER_BAM_BAMTOOLS:BAM_SORT_SAMTOOLS:BAM_STATS_SAMTOOLS:SAMTOOLS_FLAGSTAT,1702246068000,1702246080000,2,139.6,,1073741824.0,,,0.005228366025,0.005228366025,0.0,227.58,
2110,NFCORE_CHIPSEQ:CHIPSEQ:MARK_DUPLICATES_PICARD:SAMTOOLS_INDEX,1702246073000,1702246085000,2,154.5,,1073741824.0,,,0.005754668481250001,0.005754668481250001,0.0,227.58,
2096,NFCORE_CHIPSEQ:CHIPSEQ:MARK_DUPLICATES_PICARD:BAM_STATS_SAMTOOLS:SAMTOOLS_IDXSTATS,1702246084000,1702246086000,2,62.0,,1073741824.0,,,0.00041455909583333335,0.00041455909583333335,0.0,227.58,
2097,NFCORE_CHIPSEQ:CHIPSEQ:MARK_DUPLICATES_PICARD:BAM_STATS_SAMTOOLS:SAMTOOLS_FLAGSTAT,1702246075000,1702246086000,2,146.4,,1073741824.0,,,0.005012844604166668,0.005012844604166668,0.0,227.58,
1650,NFCORE_CHIPSEQ:CHIPSEQ:MACS2_CALLPEAK,1702245756000,1702246091000,1,97.5,,1892679680.0,,,0.11077613306966147,0.11077613306966147,0.0,227.58,
2075,NFCORE_CHIPSEQ:CHIPSEQ:MARK_DUPLICATES_PICARD:BAM_STATS_SAMTOOLS:SAMTOOLS_STATS,1702246049000,1702246092000,2,132.4,,1073741824.0,,,0.017823662593750005,0.017823662593750005,0.0,227.58,
2107,NFCORE_CHIPSEQ:CHIPSEQ:FILTER_BAM_BAMTOOLS:BAM_SORT_SAMTOOLS:BAM_STATS_SAMTOOLS:SAMTOOLS_IDXSTATS,1702246090000,1702246091000,1,78.5,,1073741824.0,,,0.0002558477276041667,0.0002558477276041667,0.0,227.58,
1924,NFCORE_CHIPSEQ:CHIPSEQ:MARK_DUPLICATES_PICARD:BAM_STATS_SAMTOOLS:SAMTOOLS_STATS,1702246051000,1702246096000,2,133.3,,1073741824.0,,,0.018771882960937503,0.018771882960937503,0.0,227.58,
2035,NFCORE_CHIPSEQ:CHIPSEQ:PICARD_COLLECTMULTIPLEMETRICS,1702245995000,1702246096000,2,114.7,,2573205504.0,,,0.040097965207552086,0.040097965207552086,0.0,227.58,
1958,NFCORE_CHIPSEQ:CHIPSEQ:MARK_DUPLICATES_PICARD:BAM_STATS_SAMTOOLS:SAMTOOLS_STATS,1702246059000,1702246101000,2,131.0,,1073741824.0,,,0.017236079481250003,0.017236079481250003,0.0,227.58,
2100,NFCORE_CHIPSEQ:CHIPSEQ:MARK_DUPLICATES_PICARD:BAM_STATS_SAMTOOLS:SAMTOOLS_IDXSTATS,1702246101000,1702246102000,2,19.1,,1073741824.0,,,8.100228072916667e-05,8.100228072916667e-05,0.0,227.58,
2016,NFCORE_CHIPSEQ:CHIPSEQ:BEDTOOLS_GENOMECOV,1702245978000,1702246109000,2,123.2,,4567597056.0,,,0.06131562099322917,0.06131562099322917,0.0,227.58,
2116,NFCORE_CHIPSEQ:CHIPSEQ:MARK_DUPLICATES_PICARD:BAM_STATS_SAMTOOLS:SAMTOOLS_IDXSTATS,1702246104000,1702246107000,2,65.3,,1073741824.0,,,0.0006509795515625002,0.0006509795515625002,0.0,227.58,
2117,NFCORE_CHIPSEQ:CHIPSEQ:MARK_DUPLICATES_PICARD:BAM_STATS_SAMTOOLS:SAMTOOLS_FLAGSTAT,1702246095000,1702246107000,2,145.9,,1073741824.0,,,0.005450896593750001,0.005450896593750001,0.0,227.58,
1910,NFCORE_CHIPSEQ:CHIPSEQ:FILTER_BAM_BAMTOOLS:BAM_FILTER,1702245915000,1702246109000,2,135.1,,1073741824.0,,,0.08195555250312499,0.08195555250312499,0.0,227.58,
2098,NFCORE_CHIPSEQ:CHIPSEQ:MARK_DUPLICATES_PICARD:BAM_STATS_SAMTOOLS:SAMTOOLS_STATS,1702246066000,1702246109000,2,130.6,,1073741824.0,,,0.017595833678125002,0.017595833678125002,0.0,227.58,
1966,NFCORE_CHIPSEQ:CHIPSEQ:FILTER_BAM_BAMTOOLS:BAM_FILTER,1702245946000,1702246114000,2,134.8,,1073741824.0,,,0.07082346495000001,0.07082346495000001,0.0,227.58,
1968,NFCORE_CHIPSEQ:CHIPSEQ:MARK_DUPLICATES_PICARD:BAM_STATS_SAMTOOLS:SAMTOOLS_IDXSTATS,1702246112000,1702246114000,2,75.0,,1073741824.0,,,0.0004910907729166667,0.0004910907729166667,0.0,227.58,
1995,NFCORE_CHIPSEQ:CHIPSEQ:FILTER_BAM_BAMTOOLS:BAM_SORT_SAMTOOLS:BAM_STATS_SAMTOOLS:SAMTOOLS_STATS,1702246077000,1702246114000,2,129.5,,1073741824.0,,,0.01502079956197917,0.01502079956197917,0.0,227.58,
2102,NFCORE_CHIPSEQ:CHIPSEQ:MARK_DUPLICATES_PICARD:BAM_STATS_SAMTOOLS:SAMTOOLS_FLAGSTAT,1702246106000,1702246117000,2,143.1,,1073741824.0,,,0.004905994608854167,0.004905994608854167,0.0,227.58,
2123,NFCORE_CHIPSEQ:CHIPSEQ:FILTER_BAM_BAMTOOLS:BAM_REMOVE_ORPHANS,1702246117000,1702246122000,2,3.9,,1073741824.0,,,0.0001813034244791667,0.0001813034244791667,0.0,227.58,
1921,NFCORE_CHIPSEQ:CHIPSEQ:FILTER_BAM_BAMTOOLS:BAM_FILTER,1702245924000,1702246124000,2,136.1,,1073741824.0,,,0.08507896552083334,0.08507896552083334,0.0,227.58,
1965,NFCORE_CHIPSEQ:CHIPSEQ:MARK_DUPLICATES_PICARD:BAM_STATS_SAMTOOLS:SAMTOOLS_FLAGSTAT,1702246117000,1702246126000,2,146.3,,1073741824.0,,,0.0040987691390625015,0.0040987691390625015,0.0,227.58,
1973,NFCORE_CHIPSEQ:CHIPSEQ:MACS2_CALLPEAK,1702245960000,1702246124000,1,99.7,,1892679680.0,,,0.055292728146354164,0.055292728146354164,0.0,227.58,
2018,NFCORE_CHIPSEQ:CHIPSEQ:FILTER_BAM_BAMTOOLS:BAM_FILTER,1702245981000,1702246128000,2,136.2,,1073741824.0,,,0.062576309490625,0.062576309490625,0.0,227.58,
2103,NFCORE_CHIPSEQ:CHIPSEQ:MARK_DUPLICATES_PICARD:BAM_STATS_SAMTOOLS:SAMTOOLS_STATS,1702246089000,1702246126000,2,131.2,,1073741824.0,,,0.015205947349999997,0.015205947349999997,0.0,227.58,
2112,NFCORE_CHIPSEQ:CHIPSEQ:UCSC_BEDGRAPHTOBIGWIG,1702246077000,1702246134000,1,100.8,,1073741824.0,,,0.018324836425000005,0.018324836425000005,0.0,227.58,
2124,NFCORE_CHIPSEQ:CHIPSEQ:FILTER_BAM_BAMTOOLS:BAM_REMOVE_ORPHANS,1702246125000,1702246126000,2,52.5,,1073741824.0,,,0.00017931605052083334,0.00017931605052083334,0.0,227.58,
1902,NFCORE_CHIPSEQ:CHIPSEQ:PRESEQ_LCEXTRAP,1702246010000,1702246131000,2,101.8,,1073741824.0,,,0.039256258009375,0.039256258009375,0.0,227.58,
2122,NFCORE_CHIPSEQ:CHIPSEQ:UCSC_BEDGRAPHTOBIGWIG,1702246111000,1702246137000,1,100.4,,1073741824.0,,,0.008328084645833332,0.008328084645833332,0.0,227.58,
1896,NFCORE_CHIPSEQ:CHIPSEQ:BEDTOOLS_GENOMECOV,1702245907000,1702246140000,2,122.1,,4567597056.0,,,0.10830312917187503,0.10830312917187503,0.0,227.58,
1900,NFCORE_CHIPSEQ:CHIPSEQ:PRESEQ_LCEXTRAP,1702246010000,1702246136000,2,101.8,,1073741824.0,,,0.04087841743125,0.04087841743125,0.0,227.58,
1918,NFCORE_CHIPSEQ:CHIPSEQ:FILTER_BAM_BAMTOOLS:BAM_SORT_SAMTOOLS:BAM_STATS_SAMTOOLS:SAMTOOLS_STATS,1702246109000,1702246137000,2,127.1,,1073741824.0,,,0.011169286610416667,0.011169286610416667,0.0,227.58,
1985,NFCORE_CHIPSEQ:CHIPSEQ:FILTER_BAM_BAMTOOLS:BAM_SORT_SAMTOOLS:BAM_STATS_SAMTOOLS:SAMTOOLS_STATS,1702246117000,1702246140000,2,126.7,,1073741824.0,,,0.009147690704687503,0.009147690704687503,0.0,227.58,
2028,NFCORE_CHIPSEQ:CHIPSEQ:PRESEQ_LCEXTRAP,1702246014000,1702246140000,2,101.4,,1073741824.0,,,0.04073006371875001,0.04073006371875001,0.0,227.58,
2052,NFCORE_CHIPSEQ:CHIPSEQ:MARK_DUPLICATES_PICARD:BAM_STATS_SAMTOOLS:SAMTOOLS_FLAGSTAT,1702246131000,1702246140000,2,147.9,,1073741824.0,,,0.004141155914062501,0.004141155914062501,0.0,227.58,
1934,NFCORE_CHIPSEQ:CHIPSEQ:MACS2_CALLPEAK,1702245932000,1702246142000,1,97.9,,1892679680.0,,,0.06968901124609377,0.06968901124609377,0.0,227.58,
1977,NFCORE_CHIPSEQ:CHIPSEQ:PHANTOMPEAKQUALTOOLS,1702245978000,1702246145000,1,21.9,,4294967296.0,,,0.02731902125885417,0.02731902125885417,0.0,227.58,
2010,NFCORE_CHIPSEQ:CHIPSEQ:FILTER_BAM_BAMTOOLS:BAM_SORT_SAMTOOLS:BAM_STATS_SAMTOOLS:SAMTOOLS_STATS,1702246141000,1702246149000,2,124.8,,1073741824.0,,,0.003137063866666667,0.003137063866666667,0.0,227.58,
2012,NFCORE_CHIPSEQ:CHIPSEQ:MACS2_CALLPEAK,1702245994000,1702246143000,1,99.6,,1892679680.0,,,0.05019160788763021,0.05019160788763021,0.0,227.58,
2118,NFCORE_CHIPSEQ:CHIPSEQ:MARK_DUPLICATES_PICARD:BAM_STATS_SAMTOOLS:SAMTOOLS_STATS,1702246110000,1702246148000,2,130.5,,1073741824.0,,,0.015538621107291666,0.015538621107291666,0.0,227.58,
2126,NFCORE_CHIPSEQ:CHIPSEQ:FILTER_BAM_BAMTOOLS:BAM_REMOVE_ORPHANS,1702246144000,1702246145000,2,36.2,,1073741824.0,,,0.00013133657604166667,0.00013133657604166667,0.0,227.58,
2129,NFCORE_CHIPSEQ:CHIPSEQ:FILTER_BAM_BAMTOOLS:BAM_REMOVE_ORPHANS,1702246144000,1702246145000,2,50.8,,1073741824.0,,,0.00017431205625000003,0.00017431205625000003,0.0,227.58,
1967,NFCORE_CHIPSEQ:CHIPSEQ:MARK_DUPLICATES_PICARD:BAM_STATS_SAMTOOLS:SAMTOOLS_STATS,1702246112000,1702246151000,2,131.2,,1073741824.0,,,0.016027890450000002,0.016027890450000002,0.0,227.58,
1970,NFCORE_CHIPSEQ:CHIPSEQ:FILTER_BAM_BAMTOOLS:BAM_SORT_SAMTOOLS:BAM_STATS_SAMTOOLS:SAMTOOLS_STATS,1702246134000,1702246151000,2,127.9,,1073741824.0,,,0.006821384539062501,0.006821384539062501,0.0,227.58,
2007,NFCORE_CHIPSEQ:CHIPSEQ:BEDTOOLS_GENOMECOV,1702245999000,1702246151000,2,122.7,,4567597056.0,,,0.07092113470000001,0.07092113470000001,0.0,227.58,
1961,NFCORE_CHIPSEQ:CHIPSEQ:FILTER_BAM_BAMTOOLS:BAM_SORT_SAMTOOLS:BAM_STATS_SAMTOOLS:SAMTOOLS_STATS,1702246140000,1702246157000,2,127.0,,1073741824.0,,,0.006776348590625001,0.006776348590625001,0.0,227.58,
2054,NFCORE_CHIPSEQ:CHIPSEQ:FILTER_BAM_BAMTOOLS:BAM_FILTER,1702246004000,1702246161000,2,135.8,,1073741824.0,,,0.06664834785729168,0.06664834785729168,0.0,227.58,
2085,NFCORE_CHIPSEQ:CHIPSEQ:FILTER_BAM_BAMTOOLS:BAM_SORT_SAMTOOLS:BAM_STATS_SAMTOOLS:SAMTOOLS_STATS,1702246120000,1702246158000,2,130.1,,1073741824.0,,,0.015493879511458333,0.015493879511458333,0.0,227.58,
1936,NFCORE_CHIPSEQ:CHIPSEQ:FILTER_BAM_BAMTOOLS:BAM_SORT_SAMTOOLS:BAM_STATS_SAMTOOLS:SAMTOOLS_STATS,1702246130000,1702246161000,2,130.7,,1073741824.0,,,0.012694493396354166,0.012694493396354166,0.0,227.58,
1960,NFCORE_CHIPSEQ:CHIPSEQ:FILTER_BAM_BAMTOOLS:BAM_FILTER,1702245953000,1702246162000,2,136.2,,1073741824.0,,,0.08896903866354165,0.08896903866354165,0.0,227.58,
2005,NFCORE_CHIPSEQ:CHIPSEQ:FILTER_BAM_BAMTOOLS:BAM_SORT_SAMTOOLS:BAM_STATS_SAMTOOLS:SAMTOOLS_STATS,1702246130000,1702246165000,2,130.3,,1073741824.0,,,0.014291283179687505,0.014291283179687505,0.0,227.58,
2024,NFCORE_CHIPSEQ:CHIPSEQ:FILTER_BAM_BAMTOOLS:BAM_SORT_SAMTOOLS:BAM_STATS_SAMTOOLS:SAMTOOLS_STATS,1702246128000,1702246164000,2,129.9,,1073741824.0,,,0.014657218781250002,0.014657218781250002,0.0,227.58,
2053,NFCORE_CHIPSEQ:CHIPSEQ:MARK_DUPLICATES_PICARD:BAM_STATS_SAMTOOLS:SAMTOOLS_IDXSTATS,1702246164000,1702246166000,2,84.7,,1073741824.0,,,0.000548195178125,0.000548195178125,0.0,227.58,
2059,NFCORE_CHIPSEQ:CHIPSEQ:FILTER_BAM_BAMTOOLS:BAM_SORT_SAMTOOLS:SAMTOOLS_SORT,1702246145000,1702246167000,5,432.2,,6309281792.0,,,0.03119169105078125,0.03119169105078125,0.0,227.58,
2066,NFCORE_CHIPSEQ:CHIPSEQ:FILTER_BAM_BAMTOOLS:BAM_SORT_SAMTOOLS:BAM_STATS_SAMTOOLS:SAMTOOLS_STATS,1702246130000,1702246164000,2,131.2,,1073741824.0,,,0.013973032699999997,0.013973032699999997,0.0,227.58,
2074,NFCORE_CHIPSEQ:CHIPSEQ:PICARD_COLLECTMULTIPLEMETRICS,1702246045000,1702246165000,2,112.5,,2573205504.0,,,0.04686405590625001,0.04686405590625001,0.0,227.58,
2089,NFCORE_CHIPSEQ:CHIPSEQ:PICARD_COLLECTMULTIPLEMETRICS,1702246065000,1702246166000,2,113.6,,2573205504.0,,,0.03977093946432291,0.03977093946432291,0.0,227.58,
2105,NFCORE_CHIPSEQ:CHIPSEQ:FILTER_BAM_BAMTOOLS:BAM_SORT_SAMTOOLS:BAM_STATS_SAMTOOLS:SAMTOOLS_STATS,1702246128000,1702246164000,2,130.3,,1073741824.0,,,0.014699605556250004,0.014699605556250004,0.0,227.58,
2143,NFCORE_CHIPSEQ:CHIPSEQ:FILTER_BAM_BAMTOOLS:BAM_REMOVE_ORPHANS,1702246165000,1702246167000,2,10.5,,1073741824.0,,,0.00011137591354166667,0.00011137591354166667,0.0,227.58,
2031,NFCORE_CHIPSEQ:CHIPSEQ:PRESEQ_LCEXTRAP,1702246074000,1702246172000,2,101.4,,1073741824.0,,,0.031678938447916666,0.031678938447916666,0.0,227.58,
2144,NFCORE_CHIPSEQ:CHIPSEQ:FILTER_BAM_BAMTOOLS:BAM_REMOVE_ORPHANS,1702246169000,1702246170000,2,11.7,,1073741824.0,,,5.922018802083333e-05,5.922018802083333e-05,0.0,227.58,
1953,NFCORE_CHIPSEQ:CHIPSEQ:FILTER_BAM_BAMTOOLS:BAM_FILTER,1702245953000,1702246173000,2,135.7,,1073741824.0,,,0.09332783178125,0.09332783178125,0.0,227.58,
2020,NFCORE_CHIPSEQ:CHIPSEQ:MARK_DUPLICATES_PICARD:BAM_STATS_SAMTOOLS:SAMTOOLS_IDXSTATS,1702246173000,1702246174000,2,92.5,,1073741824.0,,,0.0002970570921875,0.0002970570921875,0.0,227.58,
2019,NFCORE_CHIPSEQ:CHIPSEQ:MARK_DUPLICATES_PICARD:BAM_STATS_SAMTOOLS:SAMTOOLS_FLAGSTAT,1702246168000,1702246177000,2,148.8,,1073741824.0,,,0.004164998475000001,0.004164998475000001,0.0,227.58,
2080,NFCORE_CHIPSEQ:CHIPSEQ:PRESEQ_LCEXTRAP,1702246072000,1702246182000,2,101.3,,1073741824.0,,,0.035525613348958325,0.035525613348958325,0.0,227.58,
2139,NFCORE_CHIPSEQ:CHIPSEQ:FRIP_SCORE,1702246160000,1702246178000,2,126.8,,1073741824.0,,,0.0071643606375000005,0.0071643606375000005,0.0,227.58,
2145,NFCORE_CHIPSEQ:CHIPSEQ:FILTER_BAM_BAMTOOLS:BAM_SORT_SAMTOOLS:SAMTOOLS_INDEX,1702246170000,1702246179000,2,143.9,,1073741824.0,,,0.0040351889765625005,0.0040351889765625005,0.0,227.58,
1707,NFCORE_CHIPSEQ:CHIPSEQ:FILTER_BAM_BAMTOOLS:BAM_SORT_SAMTOOLS:SAMTOOLS_SORT,1702246148000,1702246176000,5,425.9,,6309281792.0,,,0.0391792778890625,0.0391792778890625,0.0,227.58,
1992,NFCORE_CHIPSEQ:CHIPSEQ:MACS2_CALLPEAK,1702245956000,1702246189000,1,97.8,,1892679680.0,,,0.07725303308294273,0.07725303308294273,0.0,227.58,
2013,NFCORE_CHIPSEQ:CHIPSEQ:BEDTOOLS_GENOMECOV,1702245972000,1702246191000,2,122.7,,4567597056.0,,,0.10218242433750002,0.10218242433750002,0.0,227.58,
2051,NFCORE_CHIPSEQ:CHIPSEQ:MARK_DUPLICATES_PICARD:BAM_STATS_SAMTOOLS:SAMTOOLS_STATS,1702246149000,1702246183000,2,132.2,,1073741824.0,,,0.014073112585416669,0.014073112585416669,0.0,227.58,
2058,NFCORE_CHIPSEQ:CHIPSEQ:FILTER_BAM_BAMTOOLS:BAM_FILTER,1702246011000,1702246186000,2,136.9,,1073741824.0,,,0.07485618847656252,0.07485618847656252,0.0,227.58,
2081,NFCORE_CHIPSEQ:CHIPSEQ:PRESEQ_LCEXTRAP,1702246067000,1702246192000,2,102.7,,1073741824.0,,,0.0408851322265625,0.0408851322265625,0.0,227.58,
2111,NFCORE_CHIPSEQ:CHIPSEQ:PRESEQ_LCEXTRAP,1702246075000,1702246191000,2,100.7,,1073741824.0,,,0.037258504664583345,0.037258504664583345,0.0,227.58,
2141,NFCORE_CHIPSEQ:CHIPSEQ:FILTER_BAM_BAMTOOLS:BAM_SORT_SAMTOOLS:SAMTOOLS_SORT,1702246177000,1702246191000,5,432.5,,6309281792.0,,,0.01986162075078125,0.01986162075078125,0.0,227.58,
2150,NFCORE_CHIPSEQ:CHIPSEQ:FILTER_BAM_BAMTOOLS:BAM_REMOVE_ORPHANS,1702246182000,1702246185000,2,46.4,,1073741824.0,,,0.0004840816250000001,0.0004840816250000001,0.0,227.58,
1378,NFCORE_CHIPSEQ:CHIPSEQ:FILTER_BAM_BAMTOOLS:BAM_SORT_SAMTOOLS:SAMTOOLS_SORT,1702246167000,1702246195000,5,404.0,,6309281792.0,,,0.03737430772031251,0.03737430772031251,0.0,227.58,
1392,NFCORE_CHIPSEQ:CHIPSEQ:FILTER_BAM_BAMTOOLS:BAM_SORT_SAMTOOLS:SAMTOOLS_SORT,1702246181000,1702246191000,5,342.8,,6309281792.0,,,0.011546529105468753,0.011546529105468753,0.0,227.58,
2042,NFCORE_CHIPSEQ:CHIPSEQ:FILTER_BAM_BAMTOOLS:BAM_SORT_SAMTOOLS:BAM_STATS_SAMTOOLS:SAMTOOLS_STATS,1702246161000,1702246196000,2,129.7,,1073741824.0,,,0.0142294691328125,0.0142294691328125,0.0,227.58,
2133,NFCORE_CHIPSEQ:CHIPSEQ:UCSC_BEDGRAPHTOBIGWIG,1702246149000,1702246196000,1,99.7,,1073741824.0,,,0.014957772545312503,0.014957772545312503,0.0,227.58,
2142,NFCORE_CHIPSEQ:CHIPSEQ:UCSC_BEDGRAPHTOBIGWIG,1702246158000,1702246195000,1,96.5,,1073741824.0,,,0.011426754265104169,0.011426754265104169,0.0,227.58,
2151,NFCORE_CHIPSEQ:CHIPSEQ:MULTIQC_CUSTOM_PEAKS,1702246196000,1702246196000,2,51.2,,1073741824.0,,,0.0,0.0,0.0,227.58,
2152,NFCORE_CHIPSEQ:CHIPSEQ:FILTER_BAM_BAMTOOLS:BAM_SORT_SAMTOOLS:BAM_STATS_SAMTOOLS:SAMTOOLS_IDXSTATS,1702246196000,1702246198000,1,63.5,,1073741824.0,,,0.0004233896739583334,0.0004233896739583334,0.0,227.58,
2161,NFCORE_CHIPSEQ:CHIPSEQ:FILTER_BAM_BAMTOOLS:BAM_REMOVE_ORPHANS,1702246195000,1702246196000,2,17.5,,1073741824.0,,,7.62926390625e-05,7.62926390625e-05,0.0,227.58,
1988,NFCORE_CHIPSEQ:CHIPSEQ:FILTER_BAM_BAMTOOLS:BAM_SORT_SAMTOOLS:BAM_STATS_SAMTOOLS:SAMTOOLS_STATS,1702246168000,1702246203000,2,130.3,,1073741824.0,,,0.014291283179687505,0.014291283179687505,0.0,227.58,
2154,NFCORE_CHIPSEQ:CHIPSEQ:FILTER_BAM_BAMTOOLS:BAM_SORT_SAMTOOLS:BAM_STATS_SAMTOOLS:SAMTOOLS_FLAGSTAT,1702246196000,1702246203000,2,142.9,,1073741824.0,,,0.0031178756328125003,0.0031178756328125003,0.0,227.58,
1430,NFCORE_CHIPSEQ:CHIPSEQ:FILTER_BAM_BAMTOOLS:BAM_SORT_SAMTOOLS:SAMTOOLS_SORT,1702246170000,1702246205000,5,416.3,,6309281792.0,,,0.04798507261132814,0.04798507261132814,0.0,227.58,
1917,NFCORE_CHIPSEQ:CHIPSEQ:BEDTOOLS_GENOMECOV,1702245918000,1702246206000,2,121.3,,4567597056.0,,,0.1331900571,0.1331900571,0.0,227.58,
2021,NFCORE_CHIPSEQ:CHIPSEQ:MARK_DUPLICATES_PICARD:BAM_STATS_SAMTOOLS:SAMTOOLS_STATS,1702246171000,1702246203000,2,131.0,,1073741824.0,,,0.013132251033333335,0.013132251033333335,0.0,227.58,
2156,NFCORE_CHIPSEQ:CHIPSEQ:FILTER_BAM_BAMTOOLS:BAM_SORT_SAMTOOLS:SAMTOOLS_INDEX,1702246196000,1702246207000,2,138.6,,1073741824.0,,,0.004760290069791667,0.004760290069791667,0.0,227.58,
2168,NFCORE_CHIPSEQ:CHIPSEQ:FILTER_BAM_BAMTOOLS:BAM_SORT_SAMTOOLS:SAMTOOLS_INDEX,1702246198000,1702246208000,2,157.2,,1073741824.0,,,0.004875032270833334,0.004875032270833334,0.0,227.58,
2170,NFCORE_CHIPSEQ:CHIPSEQ:FILTER_BAM_BAMTOOLS:BAM_SORT_SAMTOOLS:SAMTOOLS_INDEX,1702246203000,1702246207000,2,135.2,,1073741824.0,,,0.0016909826166666667,0.0016909826166666667,0.0,227.58,
1643,NFCORE_CHIPSEQ:CHIPSEQ:FILTER_BAM_BAMTOOLS:BAM_SORT_SAMTOOLS:SAMTOOLS_SORT,1702246180000,1702246207000,5,370.6,,6309281792.0,,,0.03338503923164063,0.03338503923164063,0.0,227.58,
2164,NFCORE_CHIPSEQ:CHIPSEQ:FILTER_BAM_BAMTOOLS:BAM_SORT_SAMTOOLS:SAMTOOLS_INDEX,1702246206000,1702246214000,2,151.8,,1073741824.0,,,0.0037728654916666673,0.0037728654916666673,0.0,227.58,
2181,NFCORE_CHIPSEQ:CHIPSEQ:FILTER_BAM_BAMTOOLS:BAM_SORT_SAMTOOLS:BAM_STATS_SAMTOOLS:SAMTOOLS_IDXSTATS,1702246211000,1702246213000,1,102.1,,1073741824.0,,,0.0006506298843750001,0.0006506298843750001,0.0,227.58,
2189,NFCORE_CHIPSEQ:CHIPSEQ:FILTER_BAM_BAMTOOLS:BAM_SORT_SAMTOOLS:BAM_STATS_SAMTOOLS:SAMTOOLS_IDXSTATS,1702246213000,1702246215000,1,81.5,,1073741824.0,,,0.0005293566114583333,0.0005293566114583333,0.0,227.58,
1371,NFCORE_CHIPSEQ:CHIPSEQ:FILTER_BAM_BAMTOOLS:BAM_SORT_SAMTOOLS:SAMTOOLS_SORT,1702246188000,1702246217000,5,425.0,,6309281792.0,,,0.04050171178398438,0.04050171178398438,0.0,227.58,
1984,NFCORE_CHIPSEQ:CHIPSEQ:FILTER_BAM_BAMTOOLS:BAM_FILTER,1702245954000,1702246217000,2,134.4,,1073741824.0,,,0.11056278916666668,0.11056278916666668,0.0,227.58,
2076,NFCORE_CHIPSEQ:CHIPSEQ:FILTER_BAM_BAMTOOLS:BAM_FILTER,1702246023000,1702246216000,2,136.0,,1073741824.0,,,0.08204439167500001,0.08204439167500001,0.0,227.58,
2197,NFCORE_CHIPSEQ:CHIPSEQ:FILTER_BAM_BAMTOOLS:BAM_SORT_SAMTOOLS:BAM_STATS_SAMTOOLS:SAMTOOLS_IDXSTATS,1702246218000,1702246220000,1,26.8,,1073741824.0,,,0.00020733486250000001,0.00020733486250000001,0.0,227.58,
1483,NFCORE_CHIPSEQ:CHIPSEQ:FILTER_BAM_BAMTOOLS:BAM_SORT_SAMTOOLS:SAMTOOLS_SORT,1702246199000,1702246221000,5,435.5,,6309281792.0,,,0.03140539104140626,0.03140539104140626,0.0,227.58,
1964,NFCORE_CHIPSEQ:CHIPSEQ:BEDTOOLS_GENOMECOV,1702245968000,1702246222000,2,122.7,,4567597056.0,,,0.11851294877500002,0.11851294877500002,0.0,227.58,
2178,NFCORE_CHIPSEQ:CHIPSEQ:FILTER_BAM_BAMTOOLS:BAM_SORT_SAMTOOLS:SAMTOOLS_INDEX,1702246211000,1702246222000,2,150.1,,1073741824.0,,,0.0051326461140625,0.0051326461140625,0.0,227.58,
2196,NFCORE_CHIPSEQ:CHIPSEQ:FILTER_BAM_BAMTOOLS:BAM_SORT_SAMTOOLS:BAM_STATS_SAMTOOLS:SAMTOOLS_FLAGSTAT,1702246218000,1702246222000,2,151.0,,1073741824.0,,,0.0018770134625000002,0.0018770134625000002,0.0,227.58,
2202,NFCORE_CHIPSEQ:CHIPSEQ:FILTER_BAM_BAMTOOLS:BAM_REMOVE_ORPHANS,1702246226000,1702246226000,2,96.0,,1073741824.0,,,0.0,0.0,0.0,227.58,
2203,NFCORE_CHIPSEQ:CHIPSEQ:FILTER_BAM_BAMTOOLS:BAM_REMOVE_ORPHANS,1702246223000,1702246224000,2,72.7,,1073741824.0,,,0.00023877527656250002,0.00023877527656250002,0.0,227.58,
2101,NFCORE_CHIPSEQ:CHIPSEQ:FILTER_BAM_BAMTOOLS:BAM_FILTER,1702246069000,1702246232000,2,134.5,,1073741824.0,,,0.06857168530781249,0.06857168530781249,0.0,227.58,
2153,NFCORE_CHIPSEQ:CHIPSEQ:FILTER_BAM_BAMTOOLS:BAM_SORT_SAMTOOLS:BAM_STATS_SAMTOOLS:SAMTOOLS_STATS,1702246196000,1702246228000,2,129.2,,1073741824.0,,,0.012962703933333335,0.012962703933333335,0.0,227.58,
2186,NFCORE_CHIPSEQ:CHIPSEQ:FILTER_BAM_BAMTOOLS:BAM_SORT_SAMTOOLS:BAM_STATS_SAMTOOLS:SAMTOOLS_IDXSTATS,1702246235000,1702246235000,1,53.6,,1073741824.0,,,0.0,0.0,0.0,227.58,
2187,NFCORE_CHIPSEQ:CHIPSEQ:FILTER_BAM_BAMTOOLS:BAM_SORT_SAMTOOLS:BAM_STATS_SAMTOOLS:SAMTOOLS_FLAGSTAT,1702246220000,1702246231000,2,143.1,,1073741824.0,,,0.004905994608854167,0.004905994608854167,0.0,227.58,
2193,NFCORE_CHIPSEQ:CHIPSEQ:FILTER_BAM_BAMTOOLS:BAM_SORT_SAMTOOLS:SAMTOOLS_INDEX,1702246227000,1702246236000,2,144.4,,1073741824.0,,,0.0040484348437500005,0.0040484348437500005,0.0,227.58,
2201,NFCORE_CHIPSEQ:CHIPSEQ:FILTER_BAM_BAMTOOLS:BAM_SORT_SAMTOOLS:SAMTOOLS_INDEX,1702246221000,1702246231000,2,143.7,,1073741824.0,,,0.004477656255208334,0.004477656255208334,0.0,227.58,
2204,NFCORE_CHIPSEQ:CHIPSEQ:FILTER_BAM_BAMTOOLS:BAM_SORT_SAMTOOLS:SAMTOOLS_INDEX,1702246225000,1702246236000,2,151.9,,1073741824.0,,,0.005190927929687501,0.005190927929687501,0.0,227.58,
2212,NFCORE_CHIPSEQ:CHIPSEQ:FILTER_BAM_BAMTOOLS:BAM_SORT_SAMTOOLS:BAM_STATS_SAMTOOLS:SAMTOOLS_IDXSTATS,1702246235000,1702246236000,1,63.1,,1073741824.0,,,0.00021051742656250002,0.00021051742656250002,0.0,227.58,
1328,NFCORE_CHIPSEQ:CHIPSEQ:FILTER_BAM_BAMTOOLS:BAM_SORT_SAMTOOLS:SAMTOOLS_SORT,1702246211000,1702246238000,5,376.2,,6309281792.0,,,0.03383010036914062,0.03383010036914062,0.0,227.58,
1541,NFCORE_CHIPSEQ:CHIPSEQ:FILTER_BAM_BAMTOOLS:BAM_SORT_SAMTOOLS:SAMTOOLS_SORT,1702246207000,1702246235000,5,407.8,,6309281792.0,,,0.03768749889114583,0.03768749889114583,0.0,227.58,
1974,NFCORE_CHIPSEQ:CHIPSEQ:BEDTOOLS_GENOMECOV,1702245960000,1702246233000,2,121.0,,4567597056.0,,,0.12601200017656253,0.12601200017656253,0.0,227.58,
1993,NFCORE_CHIPSEQ:CHIPSEQ:MACS2_CALLPEAK,1702246003000,1702246232000,1,97.4,,1892679680.0,,,0.07565717376992187,0.07565717376992187,0.0,227.58,
2121,NFCORE_CHIPSEQ:CHIPSEQ:FRIP_SCORE,1702246099000,1702246235000,2,127.8,,1073741824.0,,,0.054531044358333336,0.054531044358333336,0.0,227.58,
2128,NFCORE_CHIPSEQ:CHIPSEQ:FRIP_SCORE,1702246155000,1702246245000,2,128.8,,1073741824.0,,,0.036351637875,0.036351637875,0.0,227.58,
2136,NFCORE_CHIPSEQ:CHIPSEQ:FRIP_SCORE,1702246155000,1702246240000,2,126.9,,1073741824.0,,,0.03385672298177084,0.03385672298177084,0.0,227.58,
2159,NFCORE_CHIPSEQ:CHIPSEQ:FRIP_SCORE,1702246206000,1702246252000,2,128.4,,1073741824.0,,,0.018525565145833336,0.018525565145833336,0.0,227.58,
2160,NFCORE_CHIPSEQ:CHIPSEQ:UCSC_BEDGRAPHTOBIGWIG,1702246196000,1702246240000,1,99.2,,1073741824.0,,,0.013938263533333333,0.013938263533333333,0.0,227.58,
2180,NFCORE_CHIPSEQ:CHIPSEQ:FILTER_BAM_BAMTOOLS:BAM_SORT_SAMTOOLS:BAM_STATS_SAMTOOLS:SAMTOOLS_FLAGSTAT,1702246237000,1702246247000,2,141.6,,1073741824.0,,,0.004415842208333334,0.004415842208333334,0.0,227.58,
2188,NFCORE_CHIPSEQ:CHIPSEQ:FILTER_BAM_BAMTOOLS:BAM_SORT_SAMTOOLS:BAM_STATS_SAMTOOLS:SAMTOOLS_FLAGSTAT,1702246240000,1702246244000,2,138.8,,1073741824.0,,,0.0017333693916666668,0.0017333693916666668,0.0,227.58,
2198,NFCORE_CHIPSEQ:CHIPSEQ:FILTER_BAM_BAMTOOLS:BAM_SORT_SAMTOOLS:BAM_STATS_SAMTOOLS:SAMTOOLS_STATS,1702246228000,1702246252000,2,128.8,,1073741824.0,,,0.0096937701,0.0096937701,0.0,227.58,
2211,NFCORE_CHIPSEQ:CHIPSEQ:FILTER_BAM_BAMTOOLS:BAM_SORT_SAMTOOLS:BAM_STATS_SAMTOOLS:SAMTOOLS_FLAGSTAT,1702246233000,1702246245000,2,145.6,,1073741824.0,,,0.005440299900000001,0.005440299900000001,0.0,227.58,
2216,NFCORE_CHIPSEQ:CHIPSEQ:FILTER_BAM_BAMTOOLS:BAM_REMOVE_ORPHANS,1702246238000,1702246240000,2,7.8,,1073741824.0,,,9.548087291666668e-05,9.548087291666668e-05,0.0,227.58,
2218,NFCORE_CHIPSEQ:CHIPSEQ:FILTER_BAM_BAMTOOLS:BAM_SORT_SAMTOOLS:BAM_STATS_SAMTOOLS:SAMTOOLS_IDXSTATS,1702246248000,1702246252000,1,100.5,,1073741824.0,,,0.0012824212020833333,0.0012824212020833333,0.0,227.58,
2223,NFCORE_CHIPSEQ:CHIPSEQ:FILTER_BAM_BAMTOOLS:BAM_SORT_SAMTOOLS:BAM_STATS_SAMTOOLS:SAMTOOLS_IDXSTATS,1702246255000,1702246256000,1,70.3,,1073741824.0,,,0.00023171081406250004,0.00023171081406250004,0.0,227.58,
2230,NFCORE_CHIPSEQ:CHIPSEQ:FILTER_BAM_BAMTOOLS:BAM_SORT_SAMTOOLS:BAM_STATS_SAMTOOLS:SAMTOOLS_IDXSTATS,1702246243000,1702246246000,1,49.7,,1073741824.0,,,0.0005132225328125001,0.0005132225328125001,0.0,227.58,
2119,NFCORE_CHIPSEQ:CHIPSEQ:FILTER_BAM_BAMTOOLS:BAM_FILTER,1702246087000,1702246261000,2,134.8,,1073741824.0,,,0.07335287441250002,0.07335287441250002,0.0,227.58,
2231,NFCORE_CHIPSEQ:CHIPSEQ:FILTER_BAM_BAMTOOLS:BAM_SORT_SAMTOOLS:BAM_STATS_SAMTOOLS:SAMTOOLS_FLAGSTAT,1702246255000,1702246263000,2,141.8,,1073741824.0,,,0.0035373834083333336,0.0035373834083333336,0.0,227.58,
2234,NFCORE_CHIPSEQ:CHIPSEQ:FILTER_BAM_BAMTOOLS:BAM_SORT_SAMTOOLS:SAMTOOLS_INDEX,1702246252000,1702246261000,2,144.5,,1073741824.0,,,0.0040510840171875005,0.0040510840171875005,0.0,227.58,
2236,NFCORE_CHIPSEQ:CHIPSEQ:FILTER_BAM_BAMTOOLS:BAM_SORT_SAMTOOLS:SAMTOOLS_INDEX,1702246249000,1702246263000,2,125.3,,1073741824.0,,,0.0055104664489583335,0.0055104664489583335,0.0,227.58,
2245,NFCORE_CHIPSEQ:CHIPSEQ:MULTIQC_CUSTOM_PEAKS,1702246269000,1702246270000,2,26.0,,1073741824.0,,,0.00010131261041666667,0.00010131261041666667,0.0,227.58,
1677,NFCORE_CHIPSEQ:CHIPSEQ:FILTER_BAM_BAMTOOLS:BAM_SORT_SAMTOOLS:SAMTOOLS_SORT,1702246244000,1702246270000,5,415.0,,6309281792.0,,,0.035546562759635414,0.035546562759635414,0.0,227.58,
1737,NFCORE_CHIPSEQ:CHIPSEQ:FILTER_BAM_BAMTOOLS:BAM_SORT_SAMTOOLS:SAMTOOLS_SORT,1702246242000,1702246271000,5,417.6,,6309281792.0,,,0.03987003109544271,0.03987003109544271,0.0,227.58,
1998,NFCORE_CHIPSEQ:CHIPSEQ:PRESEQ_LCEXTRAP,1702246175000,1702246274000,2,101.4,,1073741824.0,,,0.032002192921875,0.032002192921875,0.0,227.58,
2029,NFCORE_CHIPSEQ:CHIPSEQ:PRESEQ_LCEXTRAP,1702246167000,1702246266000,2,101.7,,1073741824.0,,,0.0320896156453125,0.0320896156453125,0.0,227.58,
2099,NFCORE_CHIPSEQ:CHIPSEQ:FILTER_BAM_BAMTOOLS:BAM_FILTER,1702246066000,1702246270000,2,133.9,,1073741824.0,,,0.08545949034375001,0.08545949034375001,0.0,227.58,
2146,NFCORE_CHIPSEQ:CHIPSEQ:PICARD_COLLECTMULTIPLEMETRICS,1702246183000,1702246276000,2,114.0,,2573205504.0,,,0.03673026521015626,0.03673026521015626,0.0,227.58,
2169,NFCORE_CHIPSEQ:CHIPSEQ:PICARD_COLLECTMULTIPLEMETRICS,1702246211000,1702246271000,2,121.3,,2573205504.0,,,0.024986209703125,0.024986209703125,0.0,227.58,
2179,NFCORE_CHIPSEQ:CHIPSEQ:UCSC_BEDGRAPHTOBIGWIG,1702246210000,1702246269000,1,100.6,,1073741824.0,,,0.018933079534374998,0.018933079534374998,0.0,227.58,
2182,NFCORE_CHIPSEQ:CHIPSEQ:FILTER_BAM_BAMTOOLS:BAM_SORT_SAMTOOLS:BAM_STATS_SAMTOOLS:SAMTOOLS_STATS,1702246242000,1702246278000,2,128.7,,1073741824.0,,,0.014530058456249998,0.014530058456249998,0.0,227.58,
2185,NFCORE_CHIPSEQ:CHIPSEQ:FILTER_BAM_BAMTOOLS:BAM_SORT_SAMTOOLS:BAM_STATS_SAMTOOLS:SAMTOOLS_STATS,1702246238000,1702246276000,2,129.3,,1073741824.0,,,0.015404396319791666,0.015404396319791666,0.0,227.58,
2220,NFCORE_CHIPSEQ:CHIPSEQ:FILTER_BAM_BAMTOOLS:BAM_SORT_SAMTOOLS:BAM_STATS_SAMTOOLS:SAMTOOLS_FLAGSTAT,1702246265000,1702246273000,2,139.2,,1073741824.0,,,0.0034761580666666666,0.0034761580666666666,0.0,227.58,
2242,NFCORE_CHIPSEQ:CHIPSEQ:MULTIQC_CUSTOM_PEAKS,1702246277000,1702246279000,2,23.2,,1073741824.0,,,0.000186141475,0.000186141475,0.0,227.58,
2251,NFCORE_CHIPSEQ:CHIPSEQ:FILTER_BAM_BAMTOOLS:BAM_REMOVE_ORPHANS,1702246274000,1702246279000,2,104.1,,1073741824.0,,,0.0016560099713541668,0.0016560099713541668,0.0,227.58,
2259,NFCORE_CHIPSEQ:CHIPSEQ:FILTER_BAM_BAMTOOLS:BAM_SORT_SAMTOOLS:BAM_STATS_SAMTOOLS:SAMTOOLS_IDXSTATS,1702246273000,1702246274000,1,56.1,,1073741824.0,,,0.00018991274427083334,0.00018991274427083334,0.0,227.58,
2260,NFCORE_CHIPSEQ:CHIPSEQ:FILTER_BAM_BAMTOOLS:BAM_SORT_SAMTOOLS:BAM_STATS_SAMTOOLS:SAMTOOLS_FLAGSTAT,1702246273000,1702246284000,2,133.1,,1073741824.0,,,0.0045822067442708335,0.0045822067442708335,0.0,227.58,
1422,NFCORE_CHIPSEQ:CHIPSEQ:FILTER_BAM_BAMTOOLS:BAM_SORT_SAMTOOLS:SAMTOOLS_SORT,1702246238000,1702246274000,5,437.2,,6309281792.0,,,0.05157078367968751,0.05157078367968751,0.0,227.58,
2163,NFCORE_CHIPSEQ:CHIPSEQ:PICARD_COLLECTMULTIPLEMETRICS,1702246206000,1702246280000,2,118.4,,2573205504.0,,,0.03018464461197917,0.03018464461197917,0.0,227.58,
2207,NFCORE_CHIPSEQ:CHIPSEQ:UCSC_BEDGRAPHTOBIGWIG,1702246231000,1702246287000,1,100.5,,1073741824.0,,,0.017953896829166666,0.017953896829166666,0.0,227.58,
2208,NFCORE_CHIPSEQ:CHIPSEQ:FILTER_BAM_BAMTOOLS:BAM_SORT_SAMTOOLS:BAM_STATS_SAMTOOLS:SAMTOOLS_STATS,1702246236000,1702246284000,2,129.4,,1073741824.0,,,0.01947231375,0.01947231375,0.0,227.58,
2227,NFCORE_CHIPSEQ:CHIPSEQ:FILTER_BAM_BAMTOOLS:BAM_SORT_SAMTOOLS:BAM_STATS_SAMTOOLS:SAMTOOLS_FLAGSTAT,1702246277000,1702246287000,2,149.6,,1073741824.0,,,0.004651324291666668,0.004651324291666668,0.0,227.58,
2232,NFCORE_CHIPSEQ:CHIPSEQ:FILTER_BAM_BAMTOOLS:BAM_SORT_SAMTOOLS:BAM_STATS_SAMTOOLS:SAMTOOLS_STATS,1702246266000,1702246296000,2,129.4,,1073741824.0,,,0.012170196093750002,0.012170196093750002,0.0,227.58,
2243,NFCORE_CHIPSEQ:CHIPSEQ:MULTIQC_CUSTOM_PEAKS,1702246291000,1702246292000,2,70.6,,1073741824.0,,,0.000232593871875,0.000232593871875,0.0,227.58,
2244,NFCORE_CHIPSEQ:CHIPSEQ:MULTIQC_CUSTOM_PEAKS,1702246290000,1702246291000,2,45.3,,1073741824.0,,,0.00015812266302083335,0.00015812266302083335,0.0,227.58,
2254,NFCORE_CHIPSEQ:CHIPSEQ:FILTER_BAM_BAMTOOLS:BAM_SORT_SAMTOOLS:BAM_STATS_SAMTOOLS:SAMTOOLS_FLAGSTAT,1702246275000,1702246286000,2,142.5,,1073741824.0,,,0.0048865673369791664,0.0048865673369791664,0.0,227.58,
2256,NFCORE_CHIPSEQ:CHIPSEQ:FILTER_BAM_BAMTOOLS:BAM_SORT_SAMTOOLS:BAM_STATS_SAMTOOLS:SAMTOOLS_IDXSTATS,1702246282000,1702246285000,1,72.3,,1073741824.0,,,0.0007127935984374999,0.0007127935984374999,0.0,227.58,
2264,NFCORE_CHIPSEQ:CHIPSEQ:FILTER_BAM_BAMTOOLS:BAM_SORT_SAMTOOLS:SAMTOOLS_INDEX,1702246279000,1702246286000,2,150.3,,1073741824.0,,,0.0032703502817708337,0.0032703502817708337,0.0,227.58,
2268,NFCORE_CHIPSEQ:CHIPSEQ:FILTER_BAM_BAMTOOLS:BAM_SORT_SAMTOOLS:SAMTOOLS_INDEX,1702246276000,1702246286000,2,149.8,,1073741824.0,,,0.004657211343750002,0.004657211343750002,0.0,227.58,
2269,NFCORE_CHIPSEQ:CHIPSEQ:FILTER_BAM_BAMTOOLS:BAM_REMOVE_ORPHANS,1702246288000,1702246288000,2,55.8,,1073741824.0,,,0.0,0.0,0.0,227.58,
1477,NFCORE_CHIPSEQ:CHIPSEQ:FILTER_BAM_BAMTOOLS:BAM_SORT_SAMTOOLS:SAMTOOLS_SORT,1702246284000,1702246291000,5,409.8,,6309281792.0,,,0.009463084087369792,0.009463084087369792,0.0,227.58,
2068,NFCORE_CHIPSEQ:CHIPSEQ:MACS2_CALLPEAK,1702246038000,1702246297000,1,97.0,,1892679680.0,,,0.08526364461653647,0.08526364461653647,0.0,227.58,
2226,NFCORE_CHIPSEQ:CHIPSEQ:FILTER_BAM_BAMTOOLS:BAM_SORT_SAMTOOLS:BAM_STATS_SAMTOOLS:SAMTOOLS_STATS,1702246278000,1702246317000,2,129.6,,1073741824.0,,,0.015844214425,0.015844214425,0.0,227.58,
2274,NFCORE_CHIPSEQ:CHIPSEQ:FILTER_BAM_BAMTOOLS:BAM_SORT_SAMTOOLS:SAMTOOLS_INDEX,1702246292000,1702246304000,2,155.1,,1073741824.0,,,0.00577586186875,0.00577586186875,0.0,227.58,
2280,NFCORE_CHIPSEQ:CHIPSEQ:FILTER_BAM_BAMTOOLS:BAM_SORT_SAMTOOLS:BAM_STATS_SAMTOOLS:SAMTOOLS_FLAGSTAT,1702246307000,1702246317000,2,135.8,,1073741824.0,,,0.004245117697916668,0.004245117697916668,0.0,227.58,
1610,NFCORE_CHIPSEQ:CHIPSEQ:FILTER_BAM_BAMTOOLS:BAM_SORT_SAMTOOLS:SAMTOOLS_SORT,1702246297000,1702246314000,5,417.9,,6309281792.0,,,0.023387099176692707,0.023387099176692707,0.0,227.58,
2014,NFCORE_CHIPSEQ:CHIPSEQ:BEDTOOLS_GENOMECOV,1702245969000,1702246323000,2,121.9,,4567597056.0,,,0.16433798345,0.16433798345,0.0,227.58,
2017,NFCORE_CHIPSEQ:CHIPSEQ:BEDTOOLS_GENOMECOV,1702246010000,1702246317000,2,122.3,,4567597056.0,,,0.14288056363958335,0.14288056363958335,0.0,227.58,
2157,NFCORE_CHIPSEQ:CHIPSEQ:PICARD_COLLECTMULTIPLEMETRICS,1702246196000,1702246322000,2,110.7,,2573205504.0,,,0.048539666995312515,0.048539666995312515,0.0,227.58,
2167,NFCORE_CHIPSEQ:CHIPSEQ:PICARD_COLLECTMULTIPLEMETRICS,1702246199000,1702246317000,2,112.4,,2573205504.0,,,0.046048254700520846,0.046048254700520846,0.0,227.58,
2206,NFCORE_CHIPSEQ:CHIPSEQ:PICARD_COLLECTMULTIPLEMETRICS,1702246225000,1702246318000,2,113.5,,2573205504.0,,,0.03659339124921876,0.03659339124921876,0.0,227.58,
2239,NFCORE_CHIPSEQ:CHIPSEQ:UCSC_BEDGRAPHTOBIGWIG,1702246266000,1702246319000,1,101.2,,1073741824.0,,,0.017101285743750003,0.017101285743750003,0.0,227.58,
2258,NFCORE_CHIPSEQ:CHIPSEQ:FILTER_BAM_BAMTOOLS:BAM_SORT_SAMTOOLS:BAM_STATS_SAMTOOLS:SAMTOOLS_STATS,1702246274000,1702246317000,2,130.8,,1073741824.0,,,0.01762114800208334,0.01762114800208334,0.0,227.58,
2281,NFCORE_CHIPSEQ:CHIPSEQ:FILTER_BAM_BAMTOOLS:BAM_SORT_SAMTOOLS:BAM_STATS_SAMTOOLS:SAMTOOLS_IDXSTATS,1702246321000,1702246323000,1,48.5,,1073741824.0,,,0.0003350838927083334,0.0003350838927083334,0.0,227.58,
2287,NFCORE_CHIPSEQ:CHIPSEQ:FILTER_BAM_BAMTOOLS:BAM_SORT_SAMTOOLS:BAM_STATS_SAMTOOLS:SAMTOOLS_IDXSTATS,1702246327000,1702246328000,1,113.5,,1073741824.0,,,0.0003588711390625001,0.0003588711390625001,0.0,227.58,
2291,NFCORE_CHIPSEQ:CHIPSEQ:FILTER_BAM_BAMTOOLS:BAM_SORT_SAMTOOLS:SAMTOOLS_INDEX,1702246317000,1702246321000,2,158.1,,1073741824.0,,,0.001960609602083333,0.001960609602083333,0.0,227.58,
2295,NFCORE_CHIPSEQ:CHIPSEQ:FILTER_BAM_BAMTOOLS:BAM_SORT_SAMTOOLS:BAM_STATS_SAMTOOLS:SAMTOOLS_FLAGSTAT,1702246321000,1702246331000,2,144.4,,1073741824.0,,,0.004498260937500001,0.004498260937500001,0.0,227.58,
2190,NFCORE_CHIPSEQ:CHIPSEQ:FILTER_BAM_BAMTOOLS:BAM_SORT_SAMTOOLS:BAM_STATS_SAMTOOLS:SAMTOOLS_STATS,1702246321000,1702246339000,2,131.5,,1073741824.0,,,0.007413382940625002,0.007413382940625002,0.0,227.58,
2200,NFCORE_CHIPSEQ:CHIPSEQ:PICARD_COLLECTMULTIPLEMETRICS,1702246221000,1702246335000,2,112.8,,2573205504.0,,,0.04462152170156251,0.04462152170156251,0.0,227.58,
2253,NFCORE_CHIPSEQ:CHIPSEQ:FILTER_BAM_BAMTOOLS:BAM_SORT_SAMTOOLS:BAM_STATS_SAMTOOLS:SAMTOOLS_STATS,1702246302000,1702246332000,2,128.6,,1073741824.0,,,0.01209955146875,0.01209955146875,0.0,227.58,
2282,NFCORE_CHIPSEQ:CHIPSEQ:FILTER_BAM_BAMTOOLS:BAM_SORT_SAMTOOLS:BAM_STATS_SAMTOOLS:SAMTOOLS_STATS,1702246307000,1702246339000,2,129.3,,1073741824.0,,,0.01297212321666667,0.01297212321666667,0.0,227.58,
2286,NFCORE_CHIPSEQ:CHIPSEQ:FILTER_BAM_BAMTOOLS:BAM_SORT_SAMTOOLS:BAM_STATS_SAMTOOLS:SAMTOOLS_FLAGSTAT,1702246325000,1702246335000,2,138.7,,1073741824.0,,,0.004330479953125,0.004330479953125,0.0,227.58,
2294,NFCORE_CHIPSEQ:CHIPSEQ:FILTER_BAM_BAMTOOLS:BAM_SORT_SAMTOOLS:BAM_STATS_SAMTOOLS:SAMTOOLS_IDXSTATS,1702246342000,1702246345000,1,34.7,,1073741824.0,,,0.0003807638609375001,0.0003807638609375001,0.0,227.58,
2300,NFCORE_CHIPSEQ:CHIPSEQ:FILTER_BAM_BAMTOOLS:BAM_SORT_SAMTOOLS:SAMTOOLS_INDEX,1702246324000,1702246331000,2,148.4,,1073741824.0,,,0.003231201385416667,0.003231201385416667,0.0,227.58,
2307,NFCORE_CHIPSEQ:CHIPSEQ:FILTER_BAM_BAMTOOLS:BAM_SORT_SAMTOOLS:BAM_STATS_SAMTOOLS:SAMTOOLS_FLAGSTAT,1702246335000,1702246339000,2,135.4,,1073741824.0,,,0.0016933374375000003,0.0016933374375000003,0.0,227.58,
1903,NFCORE_CHIPSEQ:CHIPSEQ:PHANTOMPEAKQUALTOOLS,1702245905000,1702246346000,1,18.2,,4294967296.0,,,0.067338895115625,0.067338895115625,0.0,227.58,
2308,NFCORE_CHIPSEQ:CHIPSEQ:FILTER_BAM_BAMTOOLS:BAM_SORT_SAMTOOLS:BAM_STATS_SAMTOOLS:SAMTOOLS_IDXSTATS,1702246347000,1702246353000,1,89.3,,1073741824.0,,,0.0017258268531250003,0.0017258268531250003,0.0,227.58,
2314,NFCORE_CHIPSEQ:CHIPSEQ:FILTER_BAM_BAMTOOLS:BAM_SORT_SAMTOOLS:BAM_STATS_SAMTOOLS:SAMTOOLS_IDXSTATS,1702246349000,1702246354000,1,2.9,,1073741824.0,,,0.00016658579427083337,0.00016658579427083337,0.0,227.58,
2063,NFCORE_CHIPSEQ:CHIPSEQ:BEDTOOLS_GENOMECOV,1702246014000,1702246353000,2,121.9,,4567597056.0,,,0.15737450957500002,0.15737450957500002,0.0,227.58,
2177,NFCORE_CHIPSEQ:CHIPSEQ:PICARD_COLLECTMULTIPLEMETRICS,1702246235000,1702246356000,2,111.9,,2573205504.0,,,0.047040889714843756,0.047040889714843756,0.0,227.58,
2237,NFCORE_CHIPSEQ:CHIPSEQ:PICARD_COLLECTMULTIPLEMETRICS,1702246250000,1702246357000,2,114.5,,2573205504.0,,,0.042417031089322925,0.042417031089322925,0.0,227.58,
2265,NFCORE_CHIPSEQ:CHIPSEQ:PICARD_COLLECTMULTIPLEMETRICS,1702246279000,1702246369000,2,117.8,,2573205504.0,,,0.036552103851562504,0.036552103851562504,0.0,227.58,
2272,NFCORE_CHIPSEQ:CHIPSEQ:FILTER_BAM_BAMTOOLS:BAM_SORT_SAMTOOLS:SAMTOOLS_SORT,1702246342000,1702246366000,5,411.2,,6309281792.0,,,0.03254376220312501,0.03254376220312501,0.0,227.58,
2289,NFCORE_CHIPSEQ:CHIPSEQ:PICARD_COLLECTMULTIPLEMETRICS,1702246321000,1702246370000,2,126.9,,2573205504.0,,,0.021213108136718752,0.021213108136718752,0.0,227.58,
2306,NFCORE_CHIPSEQ:CHIPSEQ:FILTER_BAM_BAMTOOLS:BAM_SORT_SAMTOOLS:BAM_STATS_SAMTOOLS:SAMTOOLS_STATS,1702246359000,1702246371000,2,127.3,,1073741824.0,,,0.00479390158125,0.00479390158125,0.0,227.58,
1927,NFCORE_CHIPSEQ:CHIPSEQ:PHANTOMPEAKQUALTOOLS,1702245935000,1702246369000,1,21.9,,4294967296.0,,,0.07099673788229167,0.07099673788229167,0.0,227.58,
2064,NFCORE_CHIPSEQ:CHIPSEQ:BEDTOOLS_GENOMECOV,1702246013000,1702246381000,2,122.0,,4567597056.0,,,0.17094554749166668,0.17094554749166668,0.0,227.58,
2315,NFCORE_CHIPSEQ:CHIPSEQ:FILTER_BAM_BAMTOOLS:BAM_SORT_SAMTOOLS:BAM_STATS_SAMTOOLS:SAMTOOLS_FLAGSTAT,1702246374000,1702246381000,2,140.0,,1073741824.0,,,0.0030581220541666667,0.0030581220541666667,0.0,227.58,
2192,NFCORE_CHIPSEQ:CHIPSEQ:MACS2_CALLPEAK,1702246222000,1702246384000,1,99.7,,1892679680.0,,,0.054618426583593754,0.054618426583593754,0.0,227.58,
1611,NFCORE_CHIPSEQ:CHIPSEQ:FILTER_BAM_BAMTOOLS:BAM_SORT_SAMTOOLS:SAMTOOLS_SORT,1702246374000,1702246391000,5,424.6,,6309281792.0,,,0.023722366792838543,0.023722366792838543,0.0,227.58,
2070,NFCORE_CHIPSEQ:CHIPSEQ:BEDTOOLS_GENOMECOV,1702246045000,1702246397000,2,123.6,,4567597056.0,,,0.16517092625000002,0.16517092625000002,0.0,227.58,
2095,NFCORE_CHIPSEQ:CHIPSEQ:BEDTOOLS_GENOMECOV,1702246063000,1702246397000,2,123.1,,4567597056.0,,,0.1562331168541667,0.1562331168541667,0.0,227.58,
2235,NFCORE_CHIPSEQ:CHIPSEQ:PICARD_COLLECTMULTIPLEMETRICS,1702246283000,1702246397000,2,113.0,,2573205504.0,,,0.04468863409531251,0.04468863409531251,0.0,227.58,
2285,NFCORE_CHIPSEQ:CHIPSEQ:FILTER_BAM_BAMTOOLS:BAM_SORT_SAMTOOLS:BAM_STATS_SAMTOOLS:SAMTOOLS_STATS,1702246349000,1702246397000,2,127.7,,1073741824.0,,,0.019232122025000003,0.019232122025000003,0.0,227.58,
2322,NFCORE_CHIPSEQ:CHIPSEQ:FILTER_BAM_BAMTOOLS:BAM_SORT_SAMTOOLS:SAMTOOLS_INDEX,1702246385000,1702246395000,2,132.5,,1073741824.0,,,0.004147981338541667,0.004147981338541667,0.0,227.58,
2303,NFCORE_CHIPSEQ:CHIPSEQ:UCSC_BEDGRAPHTOBIGWIG,1702246327000,1702246404000,1,102.1,,1073741824.0,,,0.025049250548437495,0.025049250548437495,0.0,227.58,
2304,NFCORE_CHIPSEQ:CHIPSEQ:UCSC_BEDGRAPHTOBIGWIG,1702246335000,1702246402000,1,99.8,,1073741824.0,,,0.021342503763541666,0.021342503763541666,0.0,227.58,
1390,NFCORE_CHIPSEQ:CHIPSEQ:FILTER_BAM_BAMTOOLS:BAM_SORT_SAMTOOLS:SAMTOOLS_SORT,1702246369000,1702246401000,5,435.6,,6309281792.0,,,0.04568998807083333,0.04568998807083333,0.0,227.58,
2088,NFCORE_CHIPSEQ:CHIPSEQ:MACS2_CALLPEAK,1702246051000,1702246406000,1,98.1,,1892679680.0,,,0.11801660459830729,0.11801660459830729,0.0,227.58,
2194,NFCORE_CHIPSEQ:CHIPSEQ:PICARD_COLLECTMULTIPLEMETRICS,1702246301000,1702246404000,2,115.1,,2573205504.0,,,0.04101325759348959,0.04101325759348959,0.0,227.58,
2328,NFCORE_CHIPSEQ:CHIPSEQ:FILTER_BAM_BAMTOOLS:BAM_SORT_SAMTOOLS:SAMTOOLS_INDEX,1702246406000,1702246415000,2,143.8,,1073741824.0,,,0.004032539803125001,0.004032539803125001,0.0,227.58,
2334,NFCORE_CHIPSEQ:CHIPSEQ:FILTER_BAM_BAMTOOLS:BAM_SORT_SAMTOOLS:BAM_STATS_SAMTOOLS:SAMTOOLS_FLAGSTAT,1702246407000,1702246416000,2,135.6,,1073741824.0,,,0.00381530758125,0.00381530758125,0.0,227.58,
2333,NFCORE_CHIPSEQ:CHIPSEQ:FILTER_BAM_BAMTOOLS:BAM_SORT_SAMTOOLS:BAM_STATS_SAMTOOLS:SAMTOOLS_IDXSTATS,1702246409000,1702246412000,1,51.8,,1073741824.0,,,0.0005317667468750001,0.0005317667468750001,0.0,227.58,
1667,NFCORE_CHIPSEQ:CHIPSEQ:FILTER_BAM_BAMTOOLS:BAM_SORT_SAMTOOLS:SAMTOOLS_SORT,1702246400000,1702246416000,5,401.8,,6309281792.0,,,0.021253135152083335,0.021253135152083335,0.0,227.58,
2248,NFCORE_CHIPSEQ:CHIPSEQ:BEDTOOLS_GENOMECOV,1702246275000,1702246416000,2,122.0,,4567597056.0,,,0.0654981581421875,0.0654981581421875,0.0,227.58,
2266,NFCORE_CHIPSEQ:CHIPSEQ:PICARD_COLLECTMULTIPLEMETRICS,1702246290000,1702246416000,2,112.3,,2573205504.0,,,0.04913308184531251,0.04913308184531251,0.0,227.58,
2345,NFCORE_CHIPSEQ:CHIPSEQ:FILTER_BAM_BAMTOOLS:BAM_SORT_SAMTOOLS:BAM_STATS_SAMTOOLS:SAMTOOLS_IDXSTATS,1702246426000,1702246428000,1,17.1,,1073741824.0,,,0.0001502304572916667,0.0001502304572916667,0.0,227.58,
1666,NFCORE_CHIPSEQ:CHIPSEQ:FILTER_BAM_BAMTOOLS:BAM_SORT_SAMTOOLS:SAMTOOLS_SORT,1702246393000,1702246422000,5,397.0,,6309281792.0,,,0.03811156863815104,0.03811156863815104,0.0,227.58,
2104,NFCORE_CHIPSEQ:CHIPSEQ:BEDTOOLS_GENOMECOV,1702246075000,1702246426000,2,123.1,,4567597056.0,,,0.16418510184375,0.16418510184375,0.0,227.58,
2319,NFCORE_CHIPSEQ:CHIPSEQ:UCSC_BEDGRAPHTOBIGWIG,1702246360000,1702246431000,1,100.8,,1073741824.0,,,0.02282567344166667,0.02282567344166667,0.0,227.58,
2340,NFCORE_CHIPSEQ:CHIPSEQ:FILTER_BAM_BAMTOOLS:BAM_SORT_SAMTOOLS:SAMTOOLS_INDEX,1702246418000,1702246429000,2,152.0,,1073741824.0,,,0.005194165808333334,0.005194165808333334,0.0,227.58,
2343,NFCORE_CHIPSEQ:CHIPSEQ:FILTER_BAM_BAMTOOLS:BAM_SORT_SAMTOOLS:BAM_STATS_SAMTOOLS:SAMTOOLS_FLAGSTAT,1702246425000,1702246431000,2,142.1,,1073741824.0,,,0.002658335903125,0.002658335903125,0.0,227.58,
2348,NFCORE_CHIPSEQ:CHIPSEQ:FILTER_BAM_BAMTOOLS:BAM_SORT_SAMTOOLS:SAMTOOLS_INDEX,1702246422000,1702246430000,2,148.1,,1073741824.0,,,0.003685737120833333,0.003685737120833333,0.0,227.58,
2115,NFCORE_CHIPSEQ:CHIPSEQ:BEDTOOLS_GENOMECOV,1702246089000,1702246441000,2,123.0,,4567597056.0,,,0.16454925355000002,0.16454925355000002,0.0,227.58,
2213,NFCORE_CHIPSEQ:CHIPSEQ:BEDTOOLS_GENOMECOV,1702246229000,1702246443000,2,121.8,,4567597056.0,,,0.09928256915937501,0.09928256915937501,0.0,227.58,
2219,NFCORE_CHIPSEQ:CHIPSEQ:FILTER_BAM_BAMTOOLS:BAM_SORT_SAMTOOLS:BAM_STATS_SAMTOOLS:SAMTOOLS_STATS,1702246409000,1702246448000,2,130.0,,1073741824.0,,,0.01589013343125,0.01589013343125,0.0,227.58,
2352,NFCORE_CHIPSEQ:CHIPSEQ:FILTER_BAM_BAMTOOLS:BAM_SORT_SAMTOOLS:SAMTOOLS_INDEX,1702246433000,1702246443000,2,153.4,,1073741824.0,,,0.004763178281250001,0.004763178281250001,0.0,227.58,
2276,NFCORE_CHIPSEQ:CHIPSEQ:PICARD_COLLECTMULTIPLEMETRICS,1702246317000,1702246454000,2,110.2,,2573205504.0,,,0.05257562543723959,0.05257562543723959,0.0,227.58,
2293,NFCORE_CHIPSEQ:CHIPSEQ:FRIP_SCORE,1702246356000,1702246456000,2,128.3,,1073741824.0,,,0.04024353244791667,0.04024353244791667,0.0,227.58,
2324,NFCORE_CHIPSEQ:CHIPSEQ:UCSC_BEDGRAPHTOBIGWIG,1702246384000,1702246463000,1,99.3,,1073741824.0,,,0.025048772472395835,0.025048772472395835,0.0,227.58,
2335,NFCORE_CHIPSEQ:CHIPSEQ:FILTER_BAM_BAMTOOLS:BAM_SORT_SAMTOOLS:BAM_STATS_SAMTOOLS:SAMTOOLS_STATS,1702246433000,1702246464000,2,125.5,,1073741824.0,,,0.0122199969984375,0.0122199969984375,0.0,227.58,
2344,NFCORE_CHIPSEQ:CHIPSEQ:FILTER_BAM_BAMTOOLS:BAM_SORT_SAMTOOLS:BAM_STATS_SAMTOOLS:SAMTOOLS_STATS,1702246426000,1702246451000,2,128.2,,1073741824.0,,,0.010053524296874998,0.010053524296874998,0.0,227.58,
2356,NFCORE_CHIPSEQ:CHIPSEQ:FILTER_BAM_BAMTOOLS:BAM_SORT_SAMTOOLS:BAM_STATS_SAMTOOLS:SAMTOOLS_FLAGSTAT,1702246447000,1702246457000,2,145.9,,1073741824.0,,,0.004542413828125001,0.004542413828125001,0.0,227.58,
2357,NFCORE_CHIPSEQ:CHIPSEQ:FILTER_BAM_BAMTOOLS:BAM_SORT_SAMTOOLS:BAM_STATS_SAMTOOLS:SAMTOOLS_IDXSTATS,1702246462000,1702246462000,1,94.6,,1073741824.0,,,0.0,0.0,0.0,227.58,
2363,NFCORE_CHIPSEQ:CHIPSEQ:FILTER_BAM_BAMTOOLS:BAM_SORT_SAMTOOLS:BAM_STATS_SAMTOOLS:SAMTOOLS_IDXSTATS,1702246446000,1702246448000,1,9.2,,1073741824.0,,,0.00010372274583333333,0.00010372274583333333,0.0,227.58,
2369,NFCORE_CHIPSEQ:CHIPSEQ:FILTER_BAM_BAMTOOLS:BAM_SORT_SAMTOOLS:BAM_STATS_SAMTOOLS:SAMTOOLS_FLAGSTAT,1702246455000,1702246465000,2,126.1,,1073741824.0,,,0.003959595671875001,0.003959595671875001,0.0,227.58,
2370,NFCORE_CHIPSEQ:CHIPSEQ:FILTER_BAM_BAMTOOLS:BAM_SORT_SAMTOOLS:BAM_STATS_SAMTOOLS:SAMTOOLS_IDXSTATS,1702246461000,1702246462000,1,13.8,,1073741824.0,,,6.540159270833335e-05,6.540159270833335e-05,0.0,227.58,
2241,NFCORE_CHIPSEQ:CHIPSEQ:FRIP_SCORE,1702246419000,1702246466000,2,125.9,,1073741824.0,,,0.018582430513020838,0.018582430513020838,0.0,227.58,
2310,NFCORE_CHIPSEQ:CHIPSEQ:MACS2_CALLPEAK,1702246335000,1702246480000,1,99.0,,1892679680.0,,,0.048588095406901045,0.048588095406901045,0.0,227.58,
2317,NFCORE_CHIPSEQ:CHIPSEQ:BEDTOOLS_GENOMECOV,1702246370000,1702246470000,2,120.0,,4567597056.0,,,0.04586388921875,0.04586388921875,0.0,227.58,
2320,NFCORE_CHIPSEQ:CHIPSEQ:PICARD_COLLECTMULTIPLEMETRICS,1702246385000,1702246476000,2,110.3,,2573205504.0,,,0.03494928181536459,0.03494928181536459,0.0,227.58,
2331,NFCORE_CHIPSEQ:CHIPSEQ:UCSC_BEDGRAPHTOBIGWIG,1702246400000,1702246477000,1,99.9,,1073741824.0,,,0.024550617236979166,0.024550617236979166,0.0,227.58,
2332,NFCORE_CHIPSEQ:CHIPSEQ:UCSC_BEDGRAPHTOBIGWIG,1702246400000,1702246469000,1,99.2,,1073741824.0,,,0.021857731449999997,0.021857731449999997,0.0,227.58,
2350,NFCORE_CHIPSEQ:CHIPSEQ:UCSC_BEDGRAPHTOBIGWIG,1702246443000,1702246472000,1,99.4,,1073741824.0,,,0.009203655234375,0.009203655234375,0.0,227.58,
2364,NFCORE_CHIPSEQ:CHIPSEQ:FILTER_BAM_BAMTOOLS:BAM_SORT_SAMTOOLS:BAM_STATS_SAMTOOLS:SAMTOOLS_FLAGSTAT,1702246467000,1702246473000,2,138.6,,1073741824.0,,,0.0025965218562500002,0.0025965218562500002,0.0,227.58,
2120,NFCORE_CHIPSEQ:CHIPSEQ:HOMER_ANNOTATEPEAKS_MACS2,1702246093000,1702246489000,1,101.2,,4807720960.0,,,0.16190160323906252,0.16190160323906252,0.0,227.58,
2175,NFCORE_CHIPSEQ:CHIPSEQ:BEDTOOLS_GENOMECOV,1702246207000,1702246481000,2,121.8,,4567597056.0,,,0.127118803503125,0.127118803503125,0.0,227.58,
2329,NFCORE_CHIPSEQ:CHIPSEQ:PICARD_COLLECTMULTIPLEMETRICS,1702246405000,1702246482000,2,117.7,,2573205504.0,,,0.031249690366927083,0.031249690366927083,0.0,227.58,
2347,NFCORE_CHIPSEQ:CHIPSEQ:PICARD_COLLECTMULTIPLEMETRICS,1702246423000,1702246495000,2,112.9,,2573205504.0,,,0.028203207093750002,0.028203207093750002,0.0,227.58,
2358,NFCORE_CHIPSEQ:CHIPSEQ:FILTER_BAM_BAMTOOLS:BAM_SORT_SAMTOOLS:BAM_STATS_SAMTOOLS:SAMTOOLS_STATS,1702246466000,1702246506000,2,131.6,,1073741824.0,,,0.016485958416666672,0.016485958416666672,0.0,227.58,
2362,NFCORE_CHIPSEQ:CHIPSEQ:FILTER_BAM_BAMTOOLS:BAM_SORT_SAMTOOLS:BAM_STATS_SAMTOOLS:SAMTOOLS_STATS,1702246477000,1702246501000,2,127.4,,1073741824.0,,,0.009594867625000001,0.009594867625000001,0.0,227.58,
2368,NFCORE_CHIPSEQ:CHIPSEQ:UCSC_BEDGRAPHTOBIGWIG,1702246457000,1702246506000,1,98.8,,1073741824.0,,,0.015464464006250001,0.015464464006250001,0.0,227.58,
2371,NFCORE_CHIPSEQ:CHIPSEQ:FILTER_BAM_BAMTOOLS:BAM_SORT_SAMTOOLS:BAM_STATS_SAMTOOLS:SAMTOOLS_STATS,1702246469000,1702246498000,2,129.5,,1073741824.0,,,0.011773059116145835,0.011773059116145835,0.0,227.58,
2374,NFCORE_CHIPSEQ:CHIPSEQ:MULTIQC_CUSTOM_PEAKS,1702246502000,1702246506000,2,30.9,,1073741824.0,,,0.00046294355208333337,0.00046294355208333337,0.0,227.58,
2378,NFCORE_CHIPSEQ:CHIPSEQ:MULTIQC_CUSTOM_PEAKS,1702246507000,1702246509000,2,70.3,,1073741824.0,,,0.0004634216281250001,0.0004634216281250001,0.0,227.58,
2381,NFCORE_CHIPSEQ:CHIPSEQ:UCSC_BEDGRAPHTOBIGWIG,1702246483000,1702246501000,1,101.1,,1073741824.0,,,0.005802685490625,0.005802685490625,0.0,227.58,
2221,NFCORE_CHIPSEQ:CHIPSEQ:MACS2_CALLPEAK,1702246244000,1702246514000,1,98.7,,1892679680.0,,,0.09023595894140625,0.09023595894140625,0.0,227.58,
2224,NFCORE_CHIPSEQ:CHIPSEQ:MACS2_CALLPEAK,1702246255000,1702246506000,1,97.8,,1892679680.0,,,0.08322107855716147,0.08322107855716147,0.0,227.58,
2296,NFCORE_CHIPSEQ:CHIPSEQ:FILTER_BAM_BAMTOOLS:BAM_SORT_SAMTOOLS:BAM_STATS_SAMTOOLS:SAMTOOLS_STATS,1702246466000,1702246510000,2,130.1,,1073741824.0,,,0.017940281539583335,0.017940281539583335,0.0,227.58,
2316,NFCORE_CHIPSEQ:CHIPSEQ:FILTER_BAM_BAMTOOLS:BAM_SORT_SAMTOOLS:BAM_STATS_SAMTOOLS:SAMTOOLS_STATS,1702246485000,1702246510000,2,127.7,,1073741824.0,,,0.010016730221354166,0.010016730221354166,0.0,227.58,
2327,NFCORE_CHIPSEQ:CHIPSEQ:FRIP_SCORE,1702246470000,1702246514000,2,127.7,,1073741824.0,,,0.017629445189583336,0.017629445189583336,0.0,227.58,
2354,NFCORE_CHIPSEQ:CHIPSEQ:UCSC_BEDGRAPHTOBIGWIG,1702246445000,1702246522000,1,100.8,,1073741824.0,,,0.024754603591666667,0.024754603591666667,0.0,227.58,
2302,NFCORE_CHIPSEQ:CHIPSEQ:PICARD_COLLECTMULTIPLEMETRICS,1702246447000,1702246526000,2,116.2,,2573205504.0,,,0.03171256280026042,0.03171256280026042,0.0,227.58,
2367,NFCORE_CHIPSEQ:CHIPSEQ:UCSC_BEDGRAPHTOBIGWIG,1702246452000,1702246526000,1,100.0,,1073741824.0,,,0.023615881775000003,0.023615881775000003,0.0,227.58,
2380,NFCORE_CHIPSEQ:CHIPSEQ:FRIP_SCORE,1702246493000,1702246525000,2,127.5,,1073741824.0,,,0.012802576116666667,0.012802576116666667,0.0,227.58,
2229,NFCORE_CHIPSEQ:CHIPSEQ:MACS2_CALLPEAK,1702246273000,1702246529000,1,96.5,,1892679680.0,,,0.0838992635,0.0838992635,0.0,227.58,
2257,NFCORE_CHIPSEQ:CHIPSEQ:MACS2_CALLPEAK,1702246283000,1702246533000,1,96.8,,1892679680.0,,,0.08215363896484376,0.08215363896484376,0.0,227.58,
2353,NFCORE_CHIPSEQ:CHIPSEQ:PICARD_COLLECTMULTIPLEMETRICS,1702246435000,1702246529000,2,111.9,,2573205504.0,,,0.036544162257812506,0.036544162257812506,0.0,227.58,
2394,NFCORE_CHIPSEQ:CHIPSEQ:MULTIQC_CUSTOM_PEAKS,1702246530000,1702246533000,2,1.6,,1073741824.0,,,8.8471725e-05,8.8471725e-05,0.0,227.58,
1689,NFCORE_CHIPSEQ:CHIPSEQ:FILTER_BAM_BAMTOOLS:BAM_SORT_SAMTOOLS:SAMTOOLS_SORT,1702246514000,1702246538000,5,404.9,,6309281792.0,,,0.032098701065625,0.032098701065625,0.0,227.58,
1784,NFCORE_CHIPSEQ:CHIPSEQ:FILTER_BAM_BAMTOOLS:BAM_SORT_SAMTOOLS:SAMTOOLS_SORT,1702246509000,1702246538000,5,438.9,,6309281792.0,,,0.04168824713138021,0.04168824713138021,0.0,227.58,
2338,NFCORE_CHIPSEQ:CHIPSEQ:PICARD_COLLECTMULTIPLEMETRICS,1702246423000,1702246537000,2,110.4,,2573205504.0,,,0.04381617297656251,0.04381617297656251,0.0,227.58,
2342,NFCORE_CHIPSEQ:CHIPSEQ:FRIP_SCORE,1702246431000,1702246541000,2,127.0,,1073741824.0,,,0.04384696146875,0.04384696146875,0.0,227.58,
2391,NFCORE_CHIPSEQ:CHIPSEQ:MULTIQC_CUSTOM_PEAKS,1702246537000,1702246538000,2,51.6,,1073741824.0,,,0.00017666687708333334,0.00017666687708333334,0.0,227.58,
2127,NFCORE_CHIPSEQ:CHIPSEQ:HOMER_ANNOTATEPEAKS_MACS2,1702246136000,1702246549000,1,101.2,,4807720960.0,,,0.1688519245902344,0.1688519245902344,0.0,227.58,
2138,NFCORE_CHIPSEQ:CHIPSEQ:HOMER_ANNOTATEPEAKS_MACS2,1702246151000,1702246551000,1,100.9,,4807720960.0,,,0.16318374984375,0.16318374984375,0.0,227.58,
2252,NFCORE_CHIPSEQ:CHIPSEQ:BEDTOOLS_GENOMECOV,1702246272000,1702246551000,2,121.1,,4567597056.0,,,0.12886361906250002,0.12886361906250002,0.0,227.58,
2400,NFCORE_CHIPSEQ:CHIPSEQ:FILTER_BAM_BAMTOOLS:BAM_SORT_SAMTOOLS:SAMTOOLS_INDEX,1702246541000,1702246553000,2,138.8,,1073741824.0,,,0.005200108175000001,0.005200108175000001,0.0,227.58,
2405,NFCORE_CHIPSEQ:CHIPSEQ:MULTIQC_CUSTOM_PEAKS,1702246554000,1702246558000,2,4.1,,1073741824.0,,,0.00014739756041666667,0.00014739756041666667,0.0,227.58,
1743,NFCORE_CHIPSEQ:CHIPSEQ:FILTER_BAM_BAMTOOLS:BAM_SORT_SAMTOOLS:SAMTOOLS_SORT,1702246526000,1702246556000,5,419.7,,6309281792.0,,,0.04143030189453125,0.04143030189453125,0.0,227.58,
2386,NFCORE_CHIPSEQ:CHIPSEQ:UCSC_BEDGRAPHTOBIGWIG,1702246509000,1702246568000,1,98.4,,1073741824.0,,,0.01855100985416667,0.01855100985416667,0.0,227.58,
1297,NFCORE_CHIPSEQ:CHIPSEQ:FILTER_BAM_BAMTOOLS:BAM_SORT_SAMTOOLS:SAMTOOLS_SORT,1702246541000,1702246570000,5,372.8,,6309281792.0,,,0.036045802062109375,0.036045802062109375,0.0,227.58,
1728,NFCORE_CHIPSEQ:CHIPSEQ:FILTER_BAM_BAMTOOLS:BAM_SORT_SAMTOOLS:SAMTOOLS_SORT,1702246541000,1702246568000,5,439.8,,6309281792.0,,,0.038884723287890624,0.038884723287890624,0.0,227.58,
2135,NFCORE_CHIPSEQ:CHIPSEQ:HOMER_ANNOTATEPEAKS_MACS2,1702246151000,1702246570000,1,101.3,,4807720960.0,,,0.17142831292591149,0.17142831292591149,0.0,227.58,
2408,NFCORE_CHIPSEQ:CHIPSEQ:FILTER_BAM_BAMTOOLS:BAM_SORT_SAMTOOLS:BAM_STATS_SAMTOOLS:SAMTOOLS_IDXSTATS,1702246571000,1702246576000,1,94.1,,1073741824.0,,,0.0015088336692708336,0.0015088336692708336,0.0,227.58,
2217,NFCORE_CHIPSEQ:CHIPSEQ:BEDTOOLS_GENOMECOV,1702246242000,1702246590000,2,122.1,,4567597056.0,,,0.16175746331250002,0.16175746331250002,0.0,227.58,
2299,NFCORE_CHIPSEQ:CHIPSEQ:BEDTOOLS_GENOMECOV,1702246320000,1702246590000,2,121.9,,4567597056.0,,,0.12534252975000001,0.12534252975000001,0.0,227.58,
2403,NFCORE_CHIPSEQ:CHIPSEQ:FILTER_BAM_BAMTOOLS:BAM_SORT_SAMTOOLS:SAMTOOLS_INDEX,1702246570000,1702246590000,2,156.8,,1073741824.0,,,0.009726516333333334,0.009726516333333334,0.0,227.58,
1304,NFCORE_CHIPSEQ:CHIPSEQ:FILTER_BAM_BAMTOOLS:BAM_SORT_SAMTOOLS:SAMTOOLS_SORT,1702246560000,1702246593000,5,404.3,,6309281792.0,,,0.04407743214960939,0.04407743214960939,0.0,227.58,
1814,NFCORE_CHIPSEQ:CHIPSEQ:FILTER_BAM_BAMTOOLS:BAM_SORT_SAMTOOLS:SAMTOOLS_SORT,1702246573000,1702246590000,5,395.5,,6309281792.0,,,0.022266204460026043,0.022266204460026043,0.0,227.58,
2158,NFCORE_CHIPSEQ:CHIPSEQ:HOMER_ANNOTATEPEAKS_MACS2,1702246195000,1702246596000,1,101.0,,4807720960.0,,,0.16370974461263024,0.16370974461263024,0.0,227.58,
2184,NFCORE_CHIPSEQ:CHIPSEQ:MACS2_CALLPEAK,1702246241000,1702246593000,1,96.6,,1892679680.0,,,0.11546509942916668,0.11546509942916668,0.0,227.58,
2407,NFCORE_CHIPSEQ:CHIPSEQ:FILTER_BAM_BAMTOOLS:BAM_SORT_SAMTOOLS:BAM_STATS_SAMTOOLS:SAMTOOLS_STATS,1702246563000,1702246595000,2,125.4,,1073741824.0,,,0.012604771166666667,0.012604771166666667,0.0,227.58,
2425,NFCORE_CHIPSEQ:CHIPSEQ:FILTER_BAM_BAMTOOLS:BAM_SORT_SAMTOOLS:BAM_STATS_SAMTOOLS:SAMTOOLS_IDXSTATS,1702246595000,1702246597000,1,68.8,,1073741824.0,,,0.00045459105000000003,0.00045459105000000003,0.0,227.58,
2411,NFCORE_CHIPSEQ:CHIPSEQ:FILTER_BAM_BAMTOOLS:BAM_SORT_SAMTOOLS:BAM_STATS_SAMTOOLS:SAMTOOLS_FLAGSTAT,1702246593000,1702246602000,2,135.9,,1073741824.0,,,0.0038232551015625013,0.0038232551015625013,0.0,227.58,
2416,NFCORE_CHIPSEQ:CHIPSEQ:FILTER_BAM_BAMTOOLS:BAM_SORT_SAMTOOLS:SAMTOOLS_INDEX,1702246593000,1702246602000,2,141.8,,1073741824.0,,,0.003979556334375,0.003979556334375,0.0,227.58,
2421,NFCORE_CHIPSEQ:CHIPSEQ:FILTER_BAM_BAMTOOLS:BAM_SORT_SAMTOOLS:SAMTOOLS_INDEX,1702246594000,1702246602000,2,150.7,,1073741824.0,,,0.0037469624625,0.0037469624625,0.0,227.58,
2433,NFCORE_CHIPSEQ:CHIPSEQ:FILTER_BAM_BAMTOOLS:BAM_SORT_SAMTOOLS:SAMTOOLS_INDEX,1702246600000,1702246607000,2,139.9,,1073741824.0,,,0.0030560615859375,0.0030560615859375,0.0,227.58,
2271,NFCORE_CHIPSEQ:CHIPSEQ:BEDTOOLS_GENOMECOV,1702246290000,1702246606000,2,122.3,,4567597056.0,,,0.14706924465833335,0.14706924465833335,0.0,227.58,
2390,NFCORE_CHIPSEQ:CHIPSEQ:FRIP_SCORE,1702246518000,1702246606000,2,127.2,,1073741824.0,,,0.03512937523333334,0.03512937523333334,0.0,227.58,
2414,NFCORE_CHIPSEQ:CHIPSEQ:FILTER_BAM_BAMTOOLS:BAM_SORT_SAMTOOLS:SAMTOOLS_INDEX,1702246594000,1702246605000,2,152.0,,1073741824.0,,,0.005194165808333334,0.005194165808333334,0.0,227.58,
2430,NFCORE_CHIPSEQ:CHIPSEQ:FILTER_BAM_BAMTOOLS:BAM_SORT_SAMTOOLS:SAMTOOLS_INDEX,1702246597000,1702246611000,2,144.8,,1073741824.0,,,0.006314049058333333,0.006314049058333333,0.0,227.58,
2439,NFCORE_CHIPSEQ:CHIPSEQ:FILTER_BAM_BAMTOOLS:BAM_SORT_SAMTOOLS:BAM_STATS_SAMTOOLS:SAMTOOLS_IDXSTATS,1702246611000,1702246613000,1,56.1,,1073741824.0,,,0.0003798254885416667,0.0003798254885416667,0.0,227.58,
2442,NFCORE_CHIPSEQ:CHIPSEQ:FILTER_BAM_BAMTOOLS:BAM_SORT_SAMTOOLS:BAM_STATS_SAMTOOLS:SAMTOOLS_IDXSTATS,1702246608000,1702246610000,1,57.6,,1073741824.0,,,0.00038865606666666673,0.00038865606666666673,0.0,227.58,
2424,NFCORE_CHIPSEQ:CHIPSEQ:FILTER_BAM_BAMTOOLS:BAM_SORT_SAMTOOLS:BAM_STATS_SAMTOOLS:SAMTOOLS_FLAGSTAT,1702246605000,1702246615000,2,141.7,,1073741824.0,,,0.004418785734375001,0.004418785734375001,0.0,227.58,
2447,NFCORE_CHIPSEQ:CHIPSEQ:FILTER_BAM_BAMTOOLS:BAM_SORT_SAMTOOLS:BAM_STATS_SAMTOOLS:SAMTOOLS_IDXSTATS,1702246616000,1702246620000,1,59.5,,1073741824.0,,,0.0007996829312500001,0.0007996829312500001,0.0,227.58,
2455,NFCORE_CHIPSEQ:CHIPSEQ:FILTER_BAM_BAMTOOLS:BAM_SORT_SAMTOOLS:BAM_STATS_SAMTOOLS:SAMTOOLS_IDXSTATS,1702246615000,1702246616000,1,12.5,,1073741824.0,,,6.157500885416667e-05,6.157500885416667e-05,0.0,227.58,
2210,NFCORE_CHIPSEQ:CHIPSEQ:MACS2_CALLPEAK,1702246248000,1702246621000,1,98.3,,1892679680.0,,,0.12422013215585938,0.12422013215585938,0.0,227.58,
2290,NFCORE_CHIPSEQ:CHIPSEQ:PHANTOMPEAKQUALTOOLS,1702246317000,1702246620000,1,21.1,,4294967296.0,,,0.04885333624218751,0.04885333624218751,0.0,227.58,
2325,NFCORE_CHIPSEQ:CHIPSEQ:BEDTOOLS_GENOMECOV,1702246398000,1702246621000,2,121.8,,4567597056.0,,,0.1034580043109375,0.1034580043109375,0.0,227.58,
2396,NFCORE_CHIPSEQ:CHIPSEQ:FRIP_SCORE,1702246535000,1702246623000,2,124.7,,1073741824.0,,,0.034481799504166674,0.034481799504166674,0.0,227.58,
2401,NFCORE_CHIPSEQ:CHIPSEQ:PICARD_COLLECTMULTIPLEMETRICS,1702246549000,1702246628000,2,113.8,,2573205504.0,,,0.031154470262760414,0.031154470262760414,0.0,227.58,
2406,NFCORE_CHIPSEQ:CHIPSEQ:UCSC_BEDGRAPHTOBIGWIG,1702246561000,1702246621000,1,99.2,,1073741824.0,,,0.019006723000000003,0.019006723000000003,0.0,227.58,
2440,NFCORE_CHIPSEQ:CHIPSEQ:FILTER_BAM_BAMTOOLS:BAM_SORT_SAMTOOLS:BAM_STATS_SAMTOOLS:SAMTOOLS_FLAGSTAT,1702246623000,1702246631000,2,137.8,,1073741824.0,,,0.0034431905750000004,0.0034431905750000004,0.0,227.58,
2446,NFCORE_CHIPSEQ:CHIPSEQ:FILTER_BAM_BAMTOOLS:BAM_SORT_SAMTOOLS:BAM_STATS_SAMTOOLS:SAMTOOLS_FLAGSTAT,1702246624000,1702246631000,2,141.9,,1073741824.0,,,0.0030972709505208335,0.0030972709505208335,0.0,227.58,
2459,NFCORE_CHIPSEQ:CHIPSEQ:FILTER_BAM_BAMTOOLS:BAM_SORT_SAMTOOLS:BAM_STATS_SAMTOOLS:SAMTOOLS_IDXSTATS,1702246623000,1702246624000,1,100.0,,1073741824.0,,,0.00031913353750000006,0.00031913353750000006,0.0,227.58,
2273,NFCORE_CHIPSEQ:CHIPSEQ:BEDTOOLS_GENOMECOV,1702246287000,1702246639000,2,122.1,,4567597056.0,,,0.16361674450000002,0.16361674450000002,0.0,227.58,
2279,NFCORE_CHIPSEQ:CHIPSEQ:BEDTOOLS_GENOMECOV,1702246339000,1702246628000,2,122.0,,4567597056.0,,,0.13424799789427086,0.13424799789427086,0.0,227.58,
2398,NFCORE_CHIPSEQ:CHIPSEQ:FRIP_SCORE,1702246544000,1702246639000,2,126.3,,1073741824.0,,,0.037672085877604164,0.037672085877604164,0.0,227.58,
2456,NFCORE_CHIPSEQ:CHIPSEQ:FILTER_BAM_BAMTOOLS:BAM_SORT_SAMTOOLS:BAM_STATS_SAMTOOLS:SAMTOOLS_FLAGSTAT,1702246619000,1702246633000,2,120.1,,1073741824.0,,,0.005296177753125,0.005296177753125,0.0,227.58,
2458,NFCORE_CHIPSEQ:CHIPSEQ:FILTER_BAM_BAMTOOLS:BAM_SORT_SAMTOOLS:BAM_STATS_SAMTOOLS:SAMTOOLS_FLAGSTAT,1702246626000,1702246636000,2,146.6,,1073741824.0,,,0.0045630185104166675,0.0045630185104166675,0.0,227.58,
2468,NFCORE_CHIPSEQ:CHIPSEQ:MULTIQC_CUSTOM_PEAKS,1702246643000,1702246644000,2,62.1,,1073741824.0,,,0.00020757390052083334,0.00020757390052083334,0.0,227.58,
1768,NFCORE_CHIPSEQ:CHIPSEQ:FILTER_BAM_BAMTOOLS:BAM_SORT_SAMTOOLS:SAMTOOLS_SORT,1702246610000,1702246639000,5,384.3,,6309281792.0,,,0.03702746799700521,0.03702746799700521,0.0,227.58,
2423,NFCORE_CHIPSEQ:CHIPSEQ:UCSC_BEDGRAPHTOBIGWIG,1702246594000,1702246649000,1,99.8,,1073741824.0,,,0.017519965776041667,0.017519965776041667,0.0,227.58,
2445,NFCORE_CHIPSEQ:CHIPSEQ:FILTER_BAM_BAMTOOLS:BAM_SORT_SAMTOOLS:BAM_STATS_SAMTOOLS:SAMTOOLS_FLAGSTAT,1702246640000,1702246649000,2,144.1,,1073741824.0,,,0.0040404873234375005,0.0040404873234375005,0.0,227.58,
2247,NFCORE_CHIPSEQ:CHIPSEQ:BEDTOOLS_GENOMECOV,1702246265000,1702246657000,2,122.3,,4567597056.0,,,0.18244032881666666,0.18244032881666666,0.0,227.58,
2366,NFCORE_CHIPSEQ:CHIPSEQ:MACS2_CALLPEAK,1702246466000,1702246657000,1,98.6,,1892679680.0,,,0.06377736442226563,0.06377736442226563,0.0,227.58,
2171,NFCORE_CHIPSEQ:CHIPSEQ:PHANTOMPEAKQUALTOOLS,1702246197000,1702246659000,1,19.0,,4294967296.0,,,0.07163343639375,0.07163343639375,0.0,227.58,
2278,NFCORE_CHIPSEQ:CHIPSEQ:BEDTOOLS_GENOMECOV,1702246307000,1702246666000,2,121.4,,4567597056.0,,,0.16613077848385419,0.16613077848385419,0.0,227.58,
2422,NFCORE_CHIPSEQ:CHIPSEQ:UCSC_BEDGRAPHTOBIGWIG,1702246593000,1702246667000,1,99.7,,1073741824.0,,,0.023550535496875004,0.023550535496875004,0.0,227.58,
2479,NFCORE_CHIPSEQ:CHIPSEQ:FILTER_BAM_BAMTOOLS:BAM_SORT_SAMTOOLS:SAMTOOLS_INDEX,1702246660000,1702246671000,2,138.4,,1073741824.0,,,0.0047538143125,0.0047538143125,0.0,227.58,
2361,NFCORE_CHIPSEQ:CHIPSEQ:BEDTOOLS_GENOMECOV,1702246460000,1702246668000,2,122.9,,4567597056.0,,,0.09717242448333334,0.09717242448333334,0.0,227.58,
2402,NFCORE_CHIPSEQ:CHIPSEQ:PICARD_COLLECTMULTIPLEMETRICS,1702246542000,1702246670000,2,109.0,,2573205504.0,,,0.048669626633333345,0.048669626633333345,0.0,227.58,
2460,NFCORE_CHIPSEQ:CHIPSEQ:FILTER_BAM_BAMTOOLS:BAM_SORT_SAMTOOLS:BAM_STATS_SAMTOOLS:SAMTOOLS_STATS,1702246639000,1702246682000,2,126.8,,1073741824.0,,,0.017114861522916667,0.017114861522916667,0.0,227.58,
2488,NFCORE_CHIPSEQ:CHIPSEQ:FILTER_BAM_BAMTOOLS:BAM_SORT_SAMTOOLS:BAM_STATS_SAMTOOLS:SAMTOOLS_IDXSTATS,1702246679000,1702246682000,1,63.6,,1073741824.0,,,0.0006359675687500001,0.0006359675687500001,0.0,227.58,
2489,NFCORE_CHIPSEQ:CHIPSEQ:FILTER_BAM_BAMTOOLS:BAM_SORT_SAMTOOLS:BAM_STATS_SAMTOOLS:SAMTOOLS_FLAGSTAT,1702246676000,1702246684000,2,139.2,,1073741824.0,,,0.0034761580666666666,0.0034761580666666666,0.0,227.58,
1839,NFCORE_CHIPSEQ:CHIPSEQ:FILTER_BAM_BAMTOOLS:BAM_SORT_SAMTOOLS:SAMTOOLS_SORT,1702246642000,1702246676000,5,348.1,,6309281792.0,,,0.03978862235130208,0.03978862235130208,0.0,227.58,
2240,NFCORE_CHIPSEQ:CHIPSEQ:HOMER_ANNOTATEPEAKS_MACS2,1702246256000,1702246682000,1,101.0,,4807720960.0,,,0.17391608779296877,0.17391608779296877,0.0,227.58,
2346,NFCORE_CHIPSEQ:CHIPSEQ:BEDTOOLS_GENOMECOV,1702246422000,1702246682000,2,121.8,,4567597056.0,,,0.12062368215625,0.12062368215625,0.0,227.58,
2434,NFCORE_CHIPSEQ:CHIPSEQ:PICARD_COLLECTMULTIPLEMETRICS,1702246605000,1702246690000,2,113.6,,2573205504.0,,,0.03347059261848958,0.03347059261848958,0.0,227.58,
2474,NFCORE_CHIPSEQ:CHIPSEQ:MULTIQC_CUSTOM_PEAKS,1702246685000,1702246686000,2,25.4,,1073741824.0,,,9.954649479166666e-05,9.954649479166666e-05,0.0,227.58,
2262,NFCORE_CHIPSEQ:CHIPSEQ:MACS2_CALLPEAK,1702246297000,1702246693000,1,98.3,,1892679680.0,,,0.13187981858906248,0.13187981858906248,0.0,227.58,
2298,NFCORE_CHIPSEQ:CHIPSEQ:MACS2_CALLPEAK,1702246342000,1702246696000,1,98.2,,1892679680.0,,,0.11778836428046877,0.11778836428046877,0.0,227.58,
2385,NFCORE_CHIPSEQ:CHIPSEQ:BEDTOOLS_GENOMECOV,1702246486000,1702246700000,2,119.6,,4567597056.0,,,0.09789675709895833,0.09789675709895833,0.0,227.58,
2451,NFCORE_CHIPSEQ:CHIPSEQ:UCSC_BEDGRAPHTOBIGWIG,1702246626000,1702246694000,1,98.4,,1073741824.0,,,0.021380824916666673,0.021380824916666673,0.0,227.58,
2417,NFCORE_CHIPSEQ:CHIPSEQ:PICARD_COLLECTMULTIPLEMETRICS,1702246605000,1702246708000,2,112.0,,2573205504.0,,,0.040073389728385415,0.040073389728385415,0.0,227.58,
2473,NFCORE_CHIPSEQ:CHIPSEQ:UCSC_BEDGRAPHTOBIGWIG,1702246644000,1702246708000,1,98.5,,1073741824.0,,,0.0201419679,0.0201419679,0.0,227.58,
2249,NFCORE_CHIPSEQ:CHIPSEQ:BEDTOOLS_GENOMECOV,1702246273000,1702246715000,2,122.4,,4567597056.0,,,0.20584088277187504,0.20584088277187504,0.0,227.58,
2283,NFCORE_CHIPSEQ:CHIPSEQ:MACS2_CALLPEAK,1702246348000,1702246711000,1,96.8,,1892679680.0,,,0.11928708377695314,0.11928708377695314,0.0,227.58,
2436,NFCORE_CHIPSEQ:CHIPSEQ:FRIP_SCORE,1702246614000,1702246711000,2,127.6,,1073741824.0,,,0.038836361056250004,0.038836361056250004,0.0,227.58,
2452,NFCORE_CHIPSEQ:CHIPSEQ:MULTIQC_CUSTOM_PEAKS,1702246711000,1702246712000,2,52.0,,1073741824.0,,,0.00017784428750000002,0.00017784428750000002,0.0,227.58,
2467,NFCORE_CHIPSEQ:CHIPSEQ:UCSC_BEDGRAPHTOBIGWIG,1702246669000,1702246716000,1,100.5,,1073741824.0,,,0.01506844912447917,0.01506844912447917,0.0,227.58,
2412,NFCORE_CHIPSEQ:CHIPSEQ:PICARD_COLLECTMULTIPLEMETRICS,1702246597000,1702246718000,2,110.1,,2573205504.0,,,0.046399789742968746,0.046399789742968746,0.0,227.58,
2429,NFCORE_CHIPSEQ:CHIPSEQ:PICARD_COLLECTMULTIPLEMETRICS,1702246597000,1702246719000,2,109.6,,2573205504.0,,,0.04660370399114584,0.04660370399114584,0.0,227.58,
2472,NFCORE_CHIPSEQ:CHIPSEQ:UCSC_BEDGRAPHTOBIGWIG,1702246652000,1702246724000,1,100.5,,1073741824.0,,,0.023083581637500003,0.023083581637500003,0.0,227.58,
2494,NFCORE_CHIPSEQ:CHIPSEQ:FILTER_BAM_BAMTOOLS:BAM_SORT_SAMTOOLS:SAMTOOLS_INDEX,1702246711000,1702246720000,2,154.8,,1073741824.0,,,0.004323948881250001,0.004323948881250001,0.0,227.58,
2507,NFCORE_CHIPSEQ:CHIPSEQ:MULTIQC_CUSTOM_PEAKS,1702246723000,1702246724000,2,75.6,,1073741824.0,,,0.00024731150208333336,0.00024731150208333336,0.0,227.58,
2313,NFCORE_CHIPSEQ:CHIPSEQ:BEDTOOLS_GENOMECOV,1702246349000,1702246733000,2,122.4,,4567597056.0,,,0.17883008820000001,0.17883008820000001,0.0,227.58,
2360,NFCORE_CHIPSEQ:CHIPSEQ:MACS2_CALLPEAK,1702246452000,1702246732000,1,96.8,,1892679680.0,,,0.09201207564062501,0.09201207564062501,0.0,227.58,
2438,NFCORE_CHIPSEQ:CHIPSEQ:FILTER_BAM_BAMTOOLS:BAM_SORT_SAMTOOLS:BAM_STATS_SAMTOOLS:SAMTOOLS_STATS,1702246693000,1702246730000,2,126.6,,1073741824.0,,,0.014704959217708332,0.014704959217708332,0.0,227.58,
2482,NFCORE_CHIPSEQ:CHIPSEQ:UCSC_BEDGRAPHTOBIGWIG,1702246660000,1702246741000,1,98.3,,1073741824.0,,,0.025444493001562495,0.025444493001562495,0.0,227.58,
2491,NFCORE_CHIPSEQ:CHIPSEQ:UCSC_BEDGRAPHTOBIGWIG,1702246683000,1702246730000,1,96.5,,1073741824.0,,,0.014515066228645835,0.014515066228645835,0.0,227.58,
2512,NFCORE_CHIPSEQ:CHIPSEQ:FILTER_BAM_BAMTOOLS:BAM_SORT_SAMTOOLS:BAM_STATS_SAMTOOLS:SAMTOOLS_FLAGSTAT,1702246734000,1702246742000,2,143.4,,1073741824.0,,,0.0035750605416666665,0.0035750605416666665,0.0,227.58,
2513,NFCORE_CHIPSEQ:CHIPSEQ:FILTER_BAM_BAMTOOLS:BAM_SORT_SAMTOOLS:BAM_STATS_SAMTOOLS:SAMTOOLS_IDXSTATS,1702246737000,1702246742000,1,51.4,,1073741824.0,,,0.000880390859375,0.000880390859375,0.0,227.58,
1787,NFCORE_CHIPSEQ:CHIPSEQ:FILTER_BAM_BAMTOOLS:BAM_SORT_SAMTOOLS:SAMTOOLS_SORT,1702246715000,1702246742000,5,425.4,,6309281792.0,,,0.03774028036289063,0.03774028036289063,0.0,227.58,
2292,NFCORE_CHIPSEQ:CHIPSEQ:HOMER_ANNOTATEPEAKS_MACS2,1702246325000,1702246741000,1,101.0,,4807720960.0,,,0.16983355052083335,0.16983355052083335,0.0,227.58,
2373,NFCORE_CHIPSEQ:CHIPSEQ:MACS2_CALLPEAK,1702246482000,1702246741000,1,97.4,,1892679680.0,,,0.08556859391445314,0.08556859391445314,0.0,227.58,
2486,NFCORE_CHIPSEQ:CHIPSEQ:UCSC_BEDGRAPHTOBIGWIG,1702246669000,1702246745000,1,99.1,,1073741824.0,,,0.024052811668750004,0.024052811668750004,0.0,227.58,
2496,NFCORE_CHIPSEQ:CHIPSEQ:UCSC_BEDGRAPHTOBIGWIG,1702246691000,1702246744000,1,100.3,,1073741824.0,,,0.0169608795515625,0.0169608795515625,0.0,227.58,
2501,NFCORE_CHIPSEQ:CHIPSEQ:UCSC_BEDGRAPHTOBIGWIG,1702246703000,1702246748000,1,100.2,,1073741824.0,,,0.014387500921875001,0.014387500921875001,0.0,227.58,
2377,NFCORE_CHIPSEQ:CHIPSEQ:BEDTOOLS_GENOMECOV,1702246485000,1702246760000,2,123.1,,4567597056.0,,,0.12863505130208336,0.12863505130208336,0.0,227.58,
2484,NFCORE_CHIPSEQ:CHIPSEQ:FRIP_SCORE,1702246692000,1702246759000,2,126.8,,1073741824.0,,,0.026667342372916666,0.026667342372916666,0.0,227.58,
2441,NFCORE_CHIPSEQ:CHIPSEQ:FILTER_BAM_BAMTOOLS:BAM_SORT_SAMTOOLS:BAM_STATS_SAMTOOLS:SAMTOOLS_STATS,1702246736000,1702246770000,2,128.9,,1073741824.0,,,0.013742848963541669,0.013742848963541669,0.0,227.58,
2465,NFCORE_CHIPSEQ:CHIPSEQ:FRIP_SCORE,1702246633000,1702246770000,2,126.9,,1073741824.0,,,0.054569071158854184,0.054569071158854184,0.0,227.58,
2522,NFCORE_CHIPSEQ:CHIPSEQ:FILTER_BAM_BAMTOOLS:BAM_SORT_SAMTOOLS:SAMTOOLS_INDEX,1702246763000,1702246773000,2,130.0,,1073741824.0,,,0.0040743931875,0.0040743931875,0.0,227.58,
1800,NFCORE_CHIPSEQ:CHIPSEQ:FILTER_BAM_BAMTOOLS:BAM_SORT_SAMTOOLS:SAMTOOLS_SORT,1702246745000,1702246774000,5,416.0,,6309281792.0,,,0.039733451487109384,0.039733451487109384,0.0,227.58,
2454,NFCORE_CHIPSEQ:CHIPSEQ:FILTER_BAM_BAMTOOLS:BAM_SORT_SAMTOOLS:BAM_STATS_SAMTOOLS:SAMTOOLS_STATS,1702246735000,1702246777000,2,125.8,,1073741824.0,,,0.01659321339375,0.01659321339375,0.0,227.58,
2533,NFCORE_CHIPSEQ:CHIPSEQ:FILTER_BAM_BAMTOOLS:BAM_SORT_SAMTOOLS:BAM_STATS_SAMTOOLS:SAMTOOLS_IDXSTATS,1702246777000,1702246778000,1,72.3,,1073741824.0,,,0.00023759786614583337,0.00023759786614583337,0.0,227.58,
2420,NFCORE_CHIPSEQ:CHIPSEQ:PICARD_COLLECTMULTIPLEMETRICS,1702246674000,1702246781000,2,112.2,,2573205504.0,,,0.04169262933046876,0.04169262933046876,0.0,227.58,
2478,NFCORE_CHIPSEQ:CHIPSEQ:PICARD_COLLECTMULTIPLEMETRICS,1702246680000,1702246789000,2,111.3,,2573205504.0,,,0.04218317090859376,0.04218317090859376,0.0,227.58,
2534,NFCORE_CHIPSEQ:CHIPSEQ:FILTER_BAM_BAMTOOLS:BAM_SORT_SAMTOOLS:BAM_STATS_SAMTOOLS:SAMTOOLS_FLAGSTAT,1702246777000,1702246789000,2,131.4,,1073741824.0,,,0.004938723062500001,0.004938723062500001,0.0,227.58,
2536,NFCORE_CHIPSEQ:CHIPSEQ:FILTER_BAM_BAMTOOLS:BAM_SORT_SAMTOOLS:SAMTOOLS_INDEX,1702246781000,1702246791000,2,142.2,,1073741824.0,,,0.004433503364583334,0.004433503364583334,0.0,227.58,
2311,NFCORE_CHIPSEQ:CHIPSEQ:BEDTOOLS_GENOMECOV,1702246339000,1702246794000,2,121.4,,4567597056.0,,,0.21055572203385417,0.21055572203385417,0.0,227.58,
2514,NFCORE_CHIPSEQ:CHIPSEQ:FILTER_BAM_BAMTOOLS:BAM_SORT_SAMTOOLS:BAM_STATS_SAMTOOLS:SAMTOOLS_STATS,1702246749000,1702246794000,2,126.9,,1073741824.0,,,0.0179241474609375,0.0179241474609375,0.0,227.58,
2530,NFCORE_CHIPSEQ:CHIPSEQ:MULTIQC_CUSTOM_PEAKS,1702246795000,1702246795000,2,102.4,,1073741824.0,,,0.0,0.0,0.0,227.58,
2540,NFCORE_CHIPSEQ:CHIPSEQ:FILTER_BAM_BAMTOOLS:BAM_SORT_SAMTOOLS:BAM_STATS_SAMTOOLS:SAMTOOLS_IDXSTATS,1702246800000,1702246802000,1,3.7,,1073741824.0,,,7.134395937500001e-05,7.134395937500001e-05,0.0,227.58,
2426,NFCORE_CHIPSEQ:CHIPSEQ:FILTER_BAM_BAMTOOLS:BAM_SORT_SAMTOOLS:BAM_STATS_SAMTOOLS:SAMTOOLS_STATS,1702246763000,1702246810000,2,129.8,,1073741824.0,,,0.019121978836458338,0.019121978836458338,0.0,227.58,
2532,NFCORE_CHIPSEQ:CHIPSEQ:FILTER_BAM_BAMTOOLS:BAM_SORT_SAMTOOLS:BAM_STATS_SAMTOOLS:SAMTOOLS_STATS,1702246777000,1702246811000,2,124.9,,1073741824.0,,,0.013342529421875002,0.013342529421875002,0.0,227.58,
2539,NFCORE_CHIPSEQ:CHIPSEQ:FILTER_BAM_BAMTOOLS:BAM_SORT_SAMTOOLS:BAM_STATS_SAMTOOLS:SAMTOOLS_FLAGSTAT,1702246799000,1702246811000,2,136.5,,1073741824.0,,,0.00511886685625,0.00511886685625,0.0,227.58,
2326,NFCORE_CHIPSEQ:CHIPSEQ:HOMER_ANNOTATEPEAKS_MACS2,1702246406000,1702246814000,1,100.8,,4807720960.0,,,0.16632732897812502,0.16632732897812502,0.0,227.58,
2504,NFCORE_CHIPSEQ:CHIPSEQ:UCSC_BEDGRAPHTOBIGWIG,1702246718000,1702246813000,1,100.6,,1073741824.0,,,0.030485467046874996,0.030485467046874996,0.0,227.58,
2410,NFCORE_CHIPSEQ:CHIPSEQ:MACS2_CALLPEAK,1702246563000,1702246817000,1,97.8,,1892679680.0,,,0.0842157528028646,0.0842157528028646,0.0,227.58,
2493,NFCORE_CHIPSEQ:CHIPSEQ:PICARD_COLLECTMULTIPLEMETRICS,1702246712000,1702246822000,2,113.3,,2573205504.0,,,0.04321774820572917,0.04321774820572917,0.0,227.58,
2515,NFCORE_CHIPSEQ:CHIPSEQ:UCSC_BEDGRAPHTOBIGWIG,1702246745000,1702246823000,1,100.9,,1073741824.0,,,0.025099051453125003,0.025099051453125003,0.0,227.58,
2529,NFCORE_CHIPSEQ:CHIPSEQ:UCSC_BEDGRAPHTOBIGWIG,1702246763000,1702246821000,1,99.5,,1073741824.0,,,0.018424382919791666,0.018424382919791666,0.0,227.58,
2341,NFCORE_CHIPSEQ:CHIPSEQ:HOMER_ANNOTATEPEAKS_MACS2,1702246416000,1702246824000,1,100.5,,4807720960.0,,,0.16596704139062501,0.16596704139062501,0.0,227.58,
2448,NFCORE_CHIPSEQ:CHIPSEQ:FILTER_BAM_BAMTOOLS:BAM_SORT_SAMTOOLS:BAM_STATS_SAMTOOLS:SAMTOOLS_STATS,1702246797000,1702246824000,2,127.0,,1073741824.0,,,0.010762435996875002,0.010762435996875002,0.0,227.58,
2490,NFCORE_CHIPSEQ:CHIPSEQ:FILTER_BAM_BAMTOOLS:BAM_SORT_SAMTOOLS:BAM_STATS_SAMTOOLS:SAMTOOLS_STATS,1702246793000,1702246826000,2,127.9,,1073741824.0,,,0.0132415111640625,0.0132415111640625,0.0,227.58,
2531,NFCORE_CHIPSEQ:CHIPSEQ:MULTIQC_CUSTOM_PEAKS,1702246824000,1702246825000,2,63.4,,1073741824.0,,,0.000211400484375,0.000211400484375,0.0,227.58,
2450,NFCORE_CHIPSEQ:CHIPSEQ:MACS2_CALLPEAK,1702246611000,1702246834000,1,96.3,,1892679680.0,,,0.07295284280299479,0.07295284280299479,0.0,227.58,
2498,NFCORE_CHIPSEQ:CHIPSEQ:FRIP_SCORE,1702246723000,1702246834000,2,125.3,,1073741824.0,,,0.0436901268453125,0.0436901268453125,0.0,227.58,
2553,NFCORE_CHIPSEQ:CHIPSEQ:MULTIQC_CUSTOM_PEAKS,1702246838000,1702246841000,2,3.4,,1073741824.0,,,0.00010436676562500001,0.00010436676562500001,0.0,227.58,
2506,NFCORE_CHIPSEQ:CHIPSEQ:FRIP_SCORE,1702246722000,1702246842000,2,124.6,,1073741824.0,,,0.046985313375000004,0.046985313375000004,0.0,227.58,
1943,NFCORE_CHIPSEQ:CHIPSEQ:PHANTOMPEAKQUALTOOLS,1702245935000,1702246850000,1,15.5,,4294967296.0,,,0.13244477408593752,0.13244477408593752,0.0,227.58,
2543,NFCORE_CHIPSEQ:CHIPSEQ:FILTER_BAM_BAMTOOLS:BAM_SORT_SAMTOOLS:BAM_STATS_SAMTOOLS:SAMTOOLS_STATS,1702246812000,1702246854000,2,129.5,,1073741824.0,,,0.017050637340625,0.017050637340625,0.0,227.58,
2555,NFCORE_CHIPSEQ:CHIPSEQ:MULTIQC_CUSTOM_PEAKS,1702246850000,1702246851000,2,124.7,,1073741824.0,,,0.00039183863072916674,0.00039183863072916674,0.0,227.58,
2500,NFCORE_CHIPSEQ:CHIPSEQ:FRIP_SCORE,1702246727000,1702246857000,2,128.3,,1073741824.0,,,0.05231659218229166,0.05231659218229166,0.0,227.58,
2521,NFCORE_CHIPSEQ:CHIPSEQ:PICARD_COLLECTMULTIPLEMETRICS,1702246773000,1702246862000,2,115.9,,2573205504.0,,,0.03564821911067709,0.03564821911067709,0.0,227.58,
2524,NFCORE_CHIPSEQ:CHIPSEQ:FRIP_SCORE,1702246776000,1702246858000,2,125.4,,1073741824.0,,,0.03229972611458334,0.03229972611458334,0.0,227.58,
1865,NFCORE_CHIPSEQ:CHIPSEQ:PHANTOMPEAKQUALTOOLS,1702245879000,1702246866000,1,13.9,,4294967296.0,,,0.13821824162343752,0.13821824162343752,0.0,227.58,
2557,NFCORE_CHIPSEQ:CHIPSEQ:MULTIQC_CUSTOM_PEAKS,1702246871000,1702246875000,2,19.2,,1073741824.0,,,0.0003251865333333333,0.0003251865333333333,0.0,227.58,
2558,NFCORE_CHIPSEQ:CHIPSEQ:MULTIQC_CUSTOM_PEAKS,1702246869000,1702246873000,2,1.9,,1073741824.0,,,0.00012149453125,0.00012149453125,0.0,227.58,
1853,NFCORE_CHIPSEQ:CHIPSEQ:FILTER_BAM_BAMTOOLS:BAM_SORT_SAMTOOLS:SAMTOOLS_SORT,1702246846000,1702246873000,5,421.8,,6309281792.0,,,0.037454169631640624,0.037454169631640624,0.0,227.58,
2443,NFCORE_CHIPSEQ:CHIPSEQ:MACS2_CALLPEAK,1702246608000,1702246880000,1,97.1,,1892679680.0,,,0.08962335091875001,0.08962335091875001,0.0,227.58,
1876,NFCORE_CHIPSEQ:CHIPSEQ:FILTER_BAM_BAMTOOLS:BAM_SORT_SAMTOOLS:SAMTOOLS_SORT,1702246860000,1702246889000,5,406.7,,6309281792.0,,,0.038939582513671876,0.038939582513671876,0.0,227.58,
2376,NFCORE_CHIPSEQ:CHIPSEQ:BEDTOOLS_GENOMECOV,1702246473000,1702246888000,2,121.9,,4567597056.0,,,0.19265611054166668,0.19265611054166668,0.0,227.58,
2517,NFCORE_CHIPSEQ:CHIPSEQ:FRIP_SCORE,1702246774000,1702246892000,2,126.9,,1073741824.0,,,0.04700109778645835,0.04700109778645835,0.0,227.58,
1377,NFCORE_CHIPSEQ:CHIPSEQ:FILTER_BAM_BAMTOOLS:BAM_SORT_SAMTOOLS:SAMTOOLS_SORT,1702246865000,1702246892000,5,422.7,,6309281792.0,,,0.03752569731445312,0.03752569731445312,0.0,227.58,
2379,NFCORE_CHIPSEQ:CHIPSEQ:HOMER_ANNOTATEPEAKS_MACS2,1702246483000,1702246900000,1,100.7,,4807720960.0,,,0.1698735691402344,0.1698735691402344,0.0,227.58,
2437,NFCORE_CHIPSEQ:CHIPSEQ:BEDTOOLS_GENOMECOV,1702246634000,1702246910000,2,120.9,,4567597056.0,,,0.1273155061125,0.1273155061125,0.0,227.58,
2471,NFCORE_CHIPSEQ:CHIPSEQ:BEDTOOLS_GENOMECOV,1702246679000,1702246907000,2,121.5,,4567597056.0,,,0.10557635332500002,0.10557635332500002,0.0,227.58,
2544,NFCORE_CHIPSEQ:CHIPSEQ:UCSC_BEDGRAPHTOBIGWIG,1702246806000,1702246900000,1,99.6,,1073741824.0,,,0.029887875945833337,0.029887875945833337,0.0,227.58,
2548,NFCORE_CHIPSEQ:CHIPSEQ:FRIP_SCORE,1702246828000,1702246905000,2,128.5,,1073741824.0,,,0.0310328502859375,0.0310328502859375,0.0,227.58,
2551,NFCORE_CHIPSEQ:CHIPSEQ:FRIP_SCORE,1702246837000,1702246912000,2,127.6,,1073741824.0,,,0.03002811421875,0.03002811421875,0.0,227.58,
2561,NFCORE_CHIPSEQ:CHIPSEQ:FILTER_BAM_BAMTOOLS:BAM_SORT_SAMTOOLS:SAMTOOLS_INDEX,1702246901000,1702246910000,2,161.1,,1073741824.0,,,0.0044908468078125,0.0044908468078125,0.0,227.58,
2569,NFCORE_CHIPSEQ:CHIPSEQ:MULTIQC_CUSTOM_PEAKS,1702246898000,1702246905000,2,160.0,,1073741824.0,,,0.0034702157000000003,0.0034702157000000003,0.0,227.58,
1380,NFCORE_CHIPSEQ:CHIPSEQ:FILTER_BAM_BAMTOOLS:BAM_SORT_SAMTOOLS:SAMTOOLS_SORT,1702246876000,1702246906000,5,410.1,,6309281792.0,,,0.04058256639453125,0.04058256639453125,0.0,227.58,
2537,NFCORE_CHIPSEQ:CHIPSEQ:PICARD_COLLECTMULTIPLEMETRICS,1702246793000,1702246919000,2,108.9,,2573205504.0,,,0.04787207528906251,0.04787207528906251,0.0,227.58,
2566,NFCORE_CHIPSEQ:CHIPSEQ:FILTER_BAM_BAMTOOLS:BAM_SORT_SAMTOOLS:SAMTOOLS_INDEX,1702246910000,1702246921000,2,145.6,,1073741824.0,,,0.004986941575000001,0.004986941575000001,0.0,227.58,
2572,NFCORE_CHIPSEQ:CHIPSEQ:FILTER_BAM_BAMTOOLS:BAM_SORT_SAMTOOLS:SAMTOOLS_INDEX,1702246909000,1702246921000,2,143.4,,1073741824.0,,,0.005362590812500001,0.005362590812500001,0.0,227.58,
2576,NFCORE_CHIPSEQ:CHIPSEQ:MULTIQC_CUSTOM_PEAKS,1702246926000,1702246926000,2,150.0,,1073741824.0,,,0.0,0.0,0.0,227.58,
2577,NFCORE_CHIPSEQ:CHIPSEQ:MULTIQC_CUSTOM_PEAKS,1702246917000,1702246919000,2,50.0,,1073741824.0,,,0.0003439144708333334,0.0003439144708333334,0.0,227.58,
2582,NFCORE_CHIPSEQ:CHIPSEQ:FILTER_BAM_BAMTOOLS:BAM_SORT_SAMTOOLS:BAM_STATS_SAMTOOLS:SAMTOOLS_FLAGSTAT,1702246923000,1702246931000,2,143.1,,1073741824.0,,,0.003567996079166666,0.003567996079166666,0.0,227.58,
2581,NFCORE_CHIPSEQ:CHIPSEQ:FILTER_BAM_BAMTOOLS:BAM_SORT_SAMTOOLS:BAM_STATS_SAMTOOLS:SAMTOOLS_IDXSTATS,1702246919000,1702246919000,1,63.4,,1073741824.0,,,0.0,0.0,0.0,227.58,
1439,NFCORE_CHIPSEQ:CHIPSEQ:FILTER_BAM_BAMTOOLS:BAM_SORT_SAMTOOLS:SAMTOOLS_SORT,1702246891000,1702246925000,5,394.2,,6309281792.0,,,0.04440230506901041,0.04440230506901041,0.0,227.58,
1831,NFCORE_CHIPSEQ:CHIPSEQ:FILTER_BAM_BAMTOOLS:BAM_SORT_SAMTOOLS:SAMTOOLS_SORT,1702246914000,1702246929000,5,411.9,,6309281792.0,,,0.020370758400390626,0.020370758400390626,0.0,227.58,
1894,NFCORE_CHIPSEQ:CHIPSEQ:PHANTOMPEAKQUALTOOLS,1702245917000,1702246935000,1,14.6,,4294967296.0,,,0.14465699938541668,0.14465699938541668,0.0,227.58,
1937,NFCORE_CHIPSEQ:CHIPSEQ:FILTER_BAM_BAMTOOLS:BAM_SORT_SAMTOOLS:SAMTOOLS_SORT,1702246895000,1702246921000,5,420.6,,6309281792.0,,,0.03597514015130209,0.03597514015130209,0.0,227.58,
1938,NFCORE_CHIPSEQ:CHIPSEQ:FILTER_BAM_BAMTOOLS:BAM_SORT_SAMTOOLS:SAMTOOLS_SORT,1702246910000,1702246936000,5,430.7,,6309281792.0,,,0.03674811008984375,0.03674811008984375,0.0,227.58,
2389,NFCORE_CHIPSEQ:CHIPSEQ:HOMER_ANNOTATEPEAKS_MACS2,1702246518000,1702246928000,1,100.5,,4807720960.0,,,0.16678060531901046,0.16678060531901046,0.0,227.58,
2583,NFCORE_CHIPSEQ:CHIPSEQ:FILTER_BAM_BAMTOOLS:BAM_SORT_SAMTOOLS:SAMTOOLS_INDEX,1702246923000,1702246934000,2,142.6,,1073741824.0,,,0.004889805215625001,0.004889805215625001,0.0,227.58,
2587,NFCORE_CHIPSEQ:CHIPSEQ:FILTER_BAM_BAMTOOLS:BAM_SORT_SAMTOOLS:BAM_STATS_SAMTOOLS:SAMTOOLS_IDXSTATS,1702246936000,1702246938000,1,107.4,,1073741824.0,,,0.0006818312604166667,0.0006818312604166667,0.0,227.58,
2592,NFCORE_CHIPSEQ:CHIPSEQ:FILTER_BAM_BAMTOOLS:BAM_SORT_SAMTOOLS:BAM_STATS_SAMTOOLS:SAMTOOLS_IDXSTATS,1702246942000,1702246943000,1,90.9,,1073741824.0,,,0.00029234745052083335,0.00029234745052083335,0.0,227.58,
2586,NFCORE_CHIPSEQ:CHIPSEQ:FILTER_BAM_BAMTOOLS:BAM_SORT_SAMTOOLS:BAM_STATS_SAMTOOLS:SAMTOOLS_FLAGSTAT,1702246935000,1702246947000,2,134.0,,1073741824.0,,,0.0050305610749999995,0.0050305610749999995,0.0,227.58,
2599,NFCORE_CHIPSEQ:CHIPSEQ:FILTER_BAM_BAMTOOLS:BAM_SORT_SAMTOOLS:SAMTOOLS_INDEX,1702246938000,1702246950000,2,145.6,,1073741824.0,,,0.005440299900000001,0.005440299900000001,0.0,227.58,
1830,NFCORE_CHIPSEQ:CHIPSEQ:FILTER_BAM_BAMTOOLS:BAM_SORT_SAMTOOLS:SAMTOOLS_SORT,1702246925000,1702246951000,5,390.1,,6309281792.0,,,0.03364092400026042,0.03364092400026042,0.0,227.58,
2395,NFCORE_CHIPSEQ:CHIPSEQ:HOMER_ANNOTATEPEAKS_MACS2,1702246536000,1702246951000,1,100.3,,4807720960.0,,,0.16857020247851565,0.16857020247851565,0.0,227.58,
2397,NFCORE_CHIPSEQ:CHIPSEQ:HOMER_ANNOTATEPEAKS_MACS2,1702246541000,1702246953000,1,100.6,,4807720960.0,,,0.1677154425203125,0.1677154425203125,0.0,227.58,
2428,NFCORE_CHIPSEQ:CHIPSEQ:MACS2_CALLPEAK,1702246601000,1702246950000,1,97.1,,1892679680.0,,,0.11499466717148438,0.11499466717148438,0.0,227.58,
2470,NFCORE_CHIPSEQ:CHIPSEQ:BEDTOOLS_GENOMECOV,1702246634000,1702246953000,2,120.3,,4567597056.0,,,0.14658750205,0.14658750205,0.0,227.58,
2610,NFCORE_CHIPSEQ:CHIPSEQ:FILTER_BAM_BAMTOOLS:BAM_SORT_SAMTOOLS:BAM_STATS_SAMTOOLS:SAMTOOLS_IDXSTATS,1702246956000,1702246957000,1,51.1,,1073741824.0,,,0.0001751951140625,0.0001751951140625,0.0,227.58,
2618,NFCORE_CHIPSEQ:CHIPSEQ:FILTER_BAM_BAMTOOLS:BAM_SORT_SAMTOOLS:BAM_STATS_SAMTOOLS:SAMTOOLS_IDXSTATS,1702246954000,1702246954000,1,38.8,,1073741824.0,,,0.0,0.0,0.0,227.58,
1767,NFCORE_CHIPSEQ:CHIPSEQ:FILTER_BAM_BAMTOOLS:BAM_SORT_SAMTOOLS:SAMTOOLS_SORT,1702246939000,1702246957000,5,367.2,,6309281792.0,,,0.02207654902734375,0.02207654902734375,0.0,227.58,
1775,NFCORE_CHIPSEQ:CHIPSEQ:FILTER_BAM_BAMTOOLS:BAM_SORT_SAMTOOLS:SAMTOOLS_SORT,1702246932000,1702246953000,5,342.4,,6309281792.0,,,0.024222985502734377,0.024222985502734377,0.0,227.58,
2574,NFCORE_CHIPSEQ:CHIPSEQ:UCSC_BEDGRAPHTOBIGWIG,1702246914000,1702246963000,1,99.6,,1073741824.0,,,0.01557985022708333,0.01557985022708333,0.0,227.58,
2593,NFCORE_CHIPSEQ:CHIPSEQ:FILTER_BAM_BAMTOOLS:BAM_SORT_SAMTOOLS:BAM_STATS_SAMTOOLS:SAMTOOLS_FLAGSTAT,1702246954000,1702246963000,2,136.4,,1073741824.0,,,0.0038365009687500013,0.0038365009687500013,0.0,227.58,
2601,NFCORE_CHIPSEQ:CHIPSEQ:FILTER_BAM_BAMTOOLS:BAM_SORT_SAMTOOLS:SAMTOOLS_INDEX,1702246954000,1702246961000,2,148.1,,1073741824.0,,,0.0032250199807291667,0.0032250199807291667,0.0,227.58,
2605,NFCORE_CHIPSEQ:CHIPSEQ:FILTER_BAM_BAMTOOLS:BAM_SORT_SAMTOOLS:SAMTOOLS_INDEX,1702246952000,1702246963000,2,141.8,,1073741824.0,,,0.004863902186458334,0.004863902186458334,0.0,227.58,
2511,NFCORE_CHIPSEQ:CHIPSEQ:MACS2_CALLPEAK,1702246735000,1702246968000,1,97.4,,1892679680.0,,,0.07697869645585939,0.07697869645585939,0.0,227.58,
2573,NFCORE_CHIPSEQ:CHIPSEQ:UCSC_BEDGRAPHTOBIGWIG,1702246913000,1702246972000,1,96.0,,1073741824.0,,,0.01813420656666667,0.01813420656666667,0.0,227.58,
2580,NFCORE_CHIPSEQ:CHIPSEQ:FILTER_BAM_BAMTOOLS:BAM_SORT_SAMTOOLS:BAM_STATS_SAMTOOLS:SAMTOOLS_STATS,1702246935000,1702246976000,2,125.0,,1073741824.0,,,0.016101589230208335,0.016101589230208335,0.0,227.58,
2608,NFCORE_CHIPSEQ:CHIPSEQ:FILTER_BAM_BAMTOOLS:BAM_SORT_SAMTOOLS:SAMTOOLS_INDEX,1702246961000,1702246976000,2,141.8,,1073741824.0,,,0.006632593890625001,0.006632593890625001,0.0,227.58,
2614,NFCORE_CHIPSEQ:CHIPSEQ:FILTER_BAM_BAMTOOLS:BAM_SORT_SAMTOOLS:BAM_STATS_SAMTOOLS:SAMTOOLS_FLAGSTAT,1702246960000,1702246976000,2,133.7,,1073741824.0,,,0.006693285841666667,0.006693285841666667,0.0,227.58,
2616,NFCORE_CHIPSEQ:CHIPSEQ:FILTER_BAM_BAMTOOLS:BAM_SORT_SAMTOOLS:BAM_STATS_SAMTOOLS:SAMTOOLS_FLAGSTAT,1702246964000,1702246973000,2,138.7,,1073741824.0,,,0.0038974319578125,0.0038974319578125,0.0,227.58,
2622,NFCORE_CHIPSEQ:CHIPSEQ:FILTER_BAM_BAMTOOLS:BAM_SORT_SAMTOOLS:SAMTOOLS_INDEX,1702246966000,1702246976000,2,148.4,,1073741824.0,,,0.004616001979166668,0.004616001979166668,0.0,227.58,
2639,NFCORE_CHIPSEQ:CHIPSEQ:FILTER_BAM_BAMTOOLS:BAM_SORT_SAMTOOLS:BAM_STATS_SAMTOOLS:SAMTOOLS_IDXSTATS,1702246969000,1702246972000,1,125.0,,1073741824.0,,,0.0011781650656250001,0.0011781650656250001,0.0,227.58,
2630,NFCORE_CHIPSEQ:CHIPSEQ:FILTER_BAM_BAMTOOLS:BAM_SORT_SAMTOOLS:SAMTOOLS_INDEX,1702246980000,1702246987000,2,139.2,,1073741824.0,,,0.0030416383083333334,0.0030416383083333334,0.0,227.58,
2632,NFCORE_CHIPSEQ:CHIPSEQ:FILTER_BAM_BAMTOOLS:BAM_SORT_SAMTOOLS:SAMTOOLS_INDEX,1702246981000,1702246988000,2,140.5,,1073741824.0,,,0.0030684243953125,0.0030684243953125,0.0,227.58,
2637,NFCORE_CHIPSEQ:CHIPSEQ:FILTER_BAM_BAMTOOLS:BAM_SORT_SAMTOOLS:BAM_STATS_SAMTOOLS:SAMTOOLS_FLAGSTAT,1702246976000,1702246987000,2,141.9,,1073741824.0,,,0.0048671400651041676,0.0048671400651041676,0.0,227.58,
2641,NFCORE_CHIPSEQ:CHIPSEQ:FILTER_BAM_BAMTOOLS:BAM_SORT_SAMTOOLS:BAM_STATS_SAMTOOLS:SAMTOOLS_FLAGSTAT,1702246976000,1702246987000,2,137.1,,1073741824.0,,,0.004711721890104167,0.004711721890104167,0.0,227.58,
1295,NFCORE_CHIPSEQ:CHIPSEQ:FILTER_BAM_BAMTOOLS:BAM_SORT_SAMTOOLS:SAMTOOLS_SORT,1702246957000,1702246988000,5,399.7,,6309281792.0,,,0.04098632581184895,0.04098632581184895,0.0,227.58,
2560,NFCORE_CHIPSEQ:CHIPSEQ:PICARD_COLLECTMULTIPLEMETRICS,1702246885000,1702246995000,2,108.9,,2573205504.0,,,0.041793081601562504,0.041793081601562504,0.0,227.58,
2564,NFCORE_CHIPSEQ:CHIPSEQ:FRIP_SCORE,1702246890000,1702246989000,2,125.6,,1073741824.0,,,0.0390542926125,0.0390542926125,0.0,227.58,
2638,NFCORE_CHIPSEQ:CHIPSEQ:FILTER_BAM_BAMTOOLS:BAM_SORT_SAMTOOLS:BAM_STATS_SAMTOOLS:SAMTOOLS_IDXSTATS,1702246990000,1702246991000,1,99.2,,1073741824.0,,,0.00031677871666666664,0.00031677871666666664,0.0,227.58,
1908,NFCORE_CHIPSEQ:CHIPSEQ:PHANTOMPEAKQUALTOOLS,1702245914000,1702246991000,1,15.9,,4294967296.0,,,0.15716208379531255,0.15716208379531255,0.0,227.58,
2462,NFCORE_CHIPSEQ:CHIPSEQ:MACS2_CALLPEAK,1702246639000,1702246998000,1,97.4,,1892679680.0,,,0.11860666106289064,0.11860666106289064,0.0,227.58,
2570,NFCORE_CHIPSEQ:CHIPSEQ:PICARD_COLLECTMULTIPLEMETRICS,1702246902000,1702247001000,2,111.6,,2573205504.0,,,0.03840057795234375,0.03840057795234375,0.0,227.58,
2647,NFCORE_CHIPSEQ:CHIPSEQ:FILTER_BAM_BAMTOOLS:BAM_SORT_SAMTOOLS:BAM_STATS_SAMTOOLS:SAMTOOLS_IDXSTATS,1702247003000,1702247004000,1,85.6,,1073741824.0,,,0.0002767467625,0.0002767467625,0.0,227.58,
2648,NFCORE_CHIPSEQ:CHIPSEQ:FILTER_BAM_BAMTOOLS:BAM_SORT_SAMTOOLS:BAM_STATS_SAMTOOLS:SAMTOOLS_FLAGSTAT,1702246991000,1702247002000,2,127.2,,1073741824.0,,,0.004391171904166668,0.004391171904166668,0.0,227.58,
2655,NFCORE_CHIPSEQ:CHIPSEQ:FILTER_BAM_BAMTOOLS:BAM_SORT_SAMTOOLS:BAM_STATS_SAMTOOLS:SAMTOOLS_FLAGSTAT,1702246989000,1702246999000,2,138.0,,1073741824.0,,,0.004309875270833334,0.004309875270833334,0.0,227.58,
2656,NFCORE_CHIPSEQ:CHIPSEQ:FILTER_BAM_BAMTOOLS:BAM_SORT_SAMTOOLS:BAM_STATS_SAMTOOLS:SAMTOOLS_IDXSTATS,1702247001000,1702247002000,1,128.0,,1073741824.0,,,0.0004015522666666667,0.0004015522666666667,0.0,227.58,
2658,NFCORE_CHIPSEQ:CHIPSEQ:FILTER_BAM_BAMTOOLS:BAM_SORT_SAMTOOLS:BAM_STATS_SAMTOOLS:SAMTOOLS_IDXSTATS,1702247004000,1702247006000,1,101.6,,1073741824.0,,,0.0006476863583333333,0.0006476863583333333,0.0,227.58,
2657,NFCORE_CHIPSEQ:CHIPSEQ:FILTER_BAM_BAMTOOLS:BAM_SORT_SAMTOOLS:BAM_STATS_SAMTOOLS:SAMTOOLS_FLAGSTAT,1702246998000,1702247004000,2,129.6,,1073741824.0,,,0.00243757145,0.00243757145,0.0,227.58,
2662,NFCORE_CHIPSEQ:CHIPSEQ:FILTER_BAM_BAMTOOLS:BAM_SORT_SAMTOOLS:BAM_STATS_SAMTOOLS:SAMTOOLS_IDXSTATS,1702247004000,1702247004000,1,68.1,,1073741824.0,,,0.0,0.0,0.0,227.58,
2664,NFCORE_CHIPSEQ:CHIPSEQ:FILTER_BAM_BAMTOOLS:BAM_SORT_SAMTOOLS:BAM_STATS_SAMTOOLS:SAMTOOLS_FLAGSTAT,1702246991000,1702247001000,2,124.6,,1073741824.0,,,0.00391544278125,0.00391544278125,0.0,227.58,
2670,NFCORE_CHIPSEQ:CHIPSEQ:FILTER_BAM_BAMTOOLS:BAM_SORT_SAMTOOLS:SAMTOOLS_INDEX,1702246991000,1702247001000,2,139.4,,1073741824.0,,,0.004351084635416668,0.004351084635416668,0.0,227.58,
2481,NFCORE_CHIPSEQ:CHIPSEQ:BEDTOOLS_GENOMECOV,1702246671000,1702247006000,2,122.1,,4567597056.0,,,0.15571479945312502,0.15571479945312502,0.0,227.58,
2492,NFCORE_CHIPSEQ:CHIPSEQ:BEDTOOLS_GENOMECOV,1702246687000,1702247011000,2,120.9,,4567597056.0,,,0.14945733326250002,0.14945733326250002,0.0,227.58,
2435,NFCORE_CHIPSEQ:CHIPSEQ:HOMER_ANNOTATEPEAKS_MACS2,1702246602000,1702247011000,1,100.6,,4807720960.0,,,0.1664942135699219,0.1664942135699219,0.0,227.58,
2476,NFCORE_CHIPSEQ:CHIPSEQ:BEDTOOLS_GENOMECOV,1702246649000,1702247016000,2,118.2,,4567597056.0,,,0.16637598012968755,0.16637598012968755,0.0,227.58,
2568,NFCORE_CHIPSEQ:CHIPSEQ:UCSC_BEDGRAPHTOBIGWIG,1702246929000,1702247012000,1,99.5,,1073741824.0,,,0.026365927281770833,0.026365927281770833,0.0,227.58,
2682,NFCORE_CHIPSEQ:CHIPSEQ:FILTER_BAM_BAMTOOLS:BAM_SORT_SAMTOOLS:BAM_STATS_SAMTOOLS:SAMTOOLS_IDXSTATS,1702247016000,1702247018000,1,74.1,,1073741824.0,,,0.0004857924260416667,0.0004857924260416667,0.0,227.58,
2457,NFCORE_CHIPSEQ:CHIPSEQ:MACS2_CALLPEAK,1702246644000,1702247023000,1,96.7,,1892679680.0,,,0.12443335703372396,0.12443335703372396,0.0,227.58,
2627,NFCORE_CHIPSEQ:CHIPSEQ:UCSC_BEDGRAPHTOBIGWIG,1702246959000,1702247024000,1,99.0,,1073741824.0,,,0.020552350744791663,0.020552350744791663,0.0,227.58,
2567,NFCORE_CHIPSEQ:CHIPSEQ:PICARD_COLLECTMULTIPLEMETRICS,1702246925000,1702247044000,2,110.9,,2573205504.0,,,0.04591307474869792,0.04591307474869792,0.0,227.58,
2464,NFCORE_CHIPSEQ:CHIPSEQ:HOMER_ANNOTATEPEAKS_MACS2,1702246633000,1702247046000,1,100.8,,4807720960.0,,,0.16836565408815105,0.16836565408815105,0.0,227.58,
2475,NFCORE_CHIPSEQ:CHIPSEQ:BEDTOOLS_GENOMECOV,1702246652000,1702247056000,2,122.1,,4567597056.0,,,0.18778739993750004,0.18778739993750004,0.0,227.58,
2680,NFCORE_CHIPSEQ:CHIPSEQ:FILTER_BAM_BAMTOOLS:BAM_SORT_SAMTOOLS:BAM_STATS_SAMTOOLS:SAMTOOLS_FLAGSTAT,1702247048000,1702247061000,2,143.4,,1073741824.0,,,0.005809473380208334,0.005809473380208334,0.0,227.58,
2463,NFCORE_CHIPSEQ:CHIPSEQ:BEDTOOLS_GENOMECOV,1702246643000,1702247075000,2,122.1,,4567597056.0,,,0.20080236825000003,0.20080236825000003,0.0,227.58,
2483,NFCORE_CHIPSEQ:CHIPSEQ:HOMER_ANNOTATEPEAKS_MACS2,1702246662000,1702247079000,1,100.8,,4807720960.0,,,0.1699963141761719,0.1699963141761719,0.0,227.58,
2538,NFCORE_CHIPSEQ:CHIPSEQ:BEDTOOLS_GENOMECOV,1702246797000,1702247075000,2,121.4,,4567597056.0,,,0.12864723236354167,0.12864723236354167,0.0,227.58,
2606,NFCORE_CHIPSEQ:CHIPSEQ:PICARD_COLLECTMULTIPLEMETRICS,1702246966000,1702247072000,2,112.6,,2573205504.0,,,0.04142778409322917,0.04142778409322917,0.0,227.58,
2686,NFCORE_CHIPSEQ:CHIPSEQ:UCSC_BEDGRAPHTOBIGWIG,1702247013000,1702247079000,1,101.9,,1073741824.0,,,0.021431931640625002,0.021431931640625002,0.0,227.58,
2162,NFCORE_CHIPSEQ:CHIPSEQ:PHANTOMPEAKQUALTOOLS,1702246199000,1702247079000,1,14.7,,4294967296.0,,,0.12530633820833334,0.12530633820833334,0.0,227.58,
2520,NFCORE_CHIPSEQ:CHIPSEQ:BEDTOOLS_GENOMECOV,1702246746000,1702247094000,2,121.0,,4567597056.0,,,0.16063068154375,0.16063068154375,0.0,227.58,
2685,NFCORE_CHIPSEQ:CHIPSEQ:UCSC_BEDGRAPHTOBIGWIG,1702247015000,1702247087000,1,100.8,,1073741824.0,,,0.0231471618,0.0231471618,0.0,227.58,
2688,NFCORE_CHIPSEQ:CHIPSEQ:UCSC_BEDGRAPHTOBIGWIG,1702247020000,1702247097000,1,101.6,,1073741824.0,,,0.02493592479583333,0.02493592479583333,0.0,227.58,
2499,NFCORE_CHIPSEQ:CHIPSEQ:HOMER_ANNOTATEPEAKS_MACS2,1702246700000,1702247108000,1,101.0,,4807720960.0,,,0.16656752070312503,0.16656752070312503,0.0,227.58,
2597,NFCORE_CHIPSEQ:CHIPSEQ:PICARD_COLLECTMULTIPLEMETRICS,1702246991000,1702247105000,2,105.8,,2573205504.0,,,0.042272587920312514,0.042272587920312514,0.0,227.58,
2669,NFCORE_CHIPSEQ:CHIPSEQ:PICARD_COLLECTMULTIPLEMETRICS,1702247004000,1702247109000,2,111.2,,2573205504.0,,,0.040604257613281264,0.040604257613281264,0.0,227.58,
2497,NFCORE_CHIPSEQ:CHIPSEQ:HOMER_ANNOTATEPEAKS_MACS2,1702246698000,1702247113000,1,100.8,,4807720960.0,,,0.16918098413216148,0.16918098413216148,0.0,227.58,
2505,NFCORE_CHIPSEQ:CHIPSEQ:HOMER_ANNOTATEPEAKS_MACS2,1702246720000,1702247131000,1,100.4,,4807720960.0,,,0.16706640836289063,0.16706640836289063,0.0,227.58,
2681,NFCORE_CHIPSEQ:CHIPSEQ:FILTER_BAM_BAMTOOLS:BAM_SORT_SAMTOOLS:BAM_STATS_SAMTOOLS:SAMTOOLS_STATS,1702247113000,1702247152000,2,127.4,,1073741824.0,,,0.015591659890625002,0.015591659890625002,0.0,227.58,
2696,NFCORE_CHIPSEQ:CHIPSEQ:UCSC_BEDGRAPHTOBIGWIG,1702247090000,1702247151000,1,98.7,,1073741824.0,,,0.019233724172395838,0.019233724172395838,0.0,227.58,
2588,NFCORE_CHIPSEQ:CHIPSEQ:FILTER_BAM_BAMTOOLS:BAM_SORT_SAMTOOLS:BAM_STATS_SAMTOOLS:SAMTOOLS_STATS,1702247117000,1702247154000,2,128.1,,1073741824.0,,,0.014868324913020835,0.014868324913020835,0.0,227.58,
2633,NFCORE_CHIPSEQ:CHIPSEQ:PICARD_COLLECTMULTIPLEMETRICS,1702247082000,1702247156000,2,116.1,,2573205504.0,,,0.029683656479687504,0.029683656479687504,0.0,227.58,
2693,NFCORE_CHIPSEQ:CHIPSEQ:UCSC_BEDGRAPHTOBIGWIG,1702247079000,1702247159000,1,100.7,,1073741824.0,,,0.025695520458333336,0.025695520458333336,0.0,227.58,
2516,NFCORE_CHIPSEQ:CHIPSEQ:HOMER_ANNOTATEPEAKS_MACS2,1702246745000,1702247167000,1,101.0,,4807720960.0,,,0.17228307288411462,0.17228307288411462,0.0,227.58,
2602,NFCORE_CHIPSEQ:CHIPSEQ:PICARD_COLLECTMULTIPLEMETRICS,1702247079000,1702247166000,2,111.7,,2573205504.0,,,0.033771571119531246,0.033771571119531246,0.0,227.58,
2607,NFCORE_CHIPSEQ:CHIPSEQ:PICARD_COLLECTMULTIPLEMETRICS,1702247064000,1702247169000,2,110.6,,2573205504.0,,,0.04041881547265625,0.04041881547265625,0.0,227.58,
2624,NFCORE_CHIPSEQ:CHIPSEQ:PICARD_COLLECTMULTIPLEMETRICS,1702247082000,1702247169000,2,115.0,,2573205504.0,,,0.034616657446093754,0.034616657446093754,0.0,227.58,
2629,NFCORE_CHIPSEQ:CHIPSEQ:PICARD_COLLECTMULTIPLEMETRICS,1702247097000,1702247170000,2,115.6,,2573205504.0,,,0.029175087286197915,0.029175087286197915,0.0,227.58,
2695,NFCORE_CHIPSEQ:CHIPSEQ:UCSC_BEDGRAPHTOBIGWIG,1702247080000,1702247169000,1,100.2,,1073741824.0,,,0.028455279601041664,0.028455279601041664,0.0,227.58,
2525,NFCORE_CHIPSEQ:CHIPSEQ:HOMER_ANNOTATEPEAKS_MACS2,1702246760000,1702247176000,1,100.8,,4807720960.0,,,0.1695886491541667,0.1695886491541667,0.0,227.58,
2699,NFCORE_CHIPSEQ:CHIPSEQ:UCSC_BEDGRAPHTOBIGWIG,1702247109000,1702247180000,1,98.9,,1073741824.0,,,0.022428591778645837,0.022428591778645837,0.0,227.58,
1871,NFCORE_CHIPSEQ:CHIPSEQ:PHANTOMPEAKQUALTOOLS,1702245872000,1702247176000,1,13.0,,4294967296.0,,,0.179156001725,0.179156001725,0.0,227.58,
2585,NFCORE_CHIPSEQ:CHIPSEQ:PICARD_COLLECTMULTIPLEMETRICS,1702247058000,1702247179000,2,108.7,,2573205504.0,,,0.045901156431510416,0.045901156431510416,0.0,227.58,
2649,NFCORE_CHIPSEQ:CHIPSEQ:FILTER_BAM_BAMTOOLS:BAM_SORT_SAMTOOLS:BAM_STATS_SAMTOOLS:SAMTOOLS_STATS,1702247154000,1702247188000,2,128.3,,1073741824.0,,,0.013682801032291669,0.013682801032291669,0.0,227.58,
2672,NFCORE_CHIPSEQ:CHIPSEQ:MULTIQC_CUSTOM_PEAKS,1702247186000,1702247188000,2,69.6,,1073741824.0,,,0.00045930069166666665,0.00045930069166666665,0.0,227.58,
2542,NFCORE_CHIPSEQ:CHIPSEQ:MACS2_CALLPEAK,1702246797000,1702247195000,1,97.3,,1892679680.0,,,0.13137435491432292,0.13137435491432292,0.0,227.58,
2591,NFCORE_CHIPSEQ:CHIPSEQ:FILTER_BAM_BAMTOOLS:BAM_SORT_SAMTOOLS:BAM_STATS_SAMTOOLS:SAMTOOLS_STATS,1702247157000,1702247191000,2,127.0,,1073741824.0,,,0.013552697181250002,0.013552697181250002,0.0,227.58,
2640,NFCORE_CHIPSEQ:CHIPSEQ:FILTER_BAM_BAMTOOLS:BAM_SORT_SAMTOOLS:BAM_STATS_SAMTOOLS:SAMTOOLS_STATS,1702247159000,1702247191000,2,127.3,,1073741824.0,,,0.01278373755,0.01278373755,0.0,227.58,
2654,NFCORE_CHIPSEQ:CHIPSEQ:FILTER_BAM_BAMTOOLS:BAM_SORT_SAMTOOLS:BAM_STATS_SAMTOOLS:SAMTOOLS_STATS,1702247173000,1702247201000,2,127.1,,1073741824.0,,,0.011169286610416667,0.011169286610416667,0.0,227.58,
2660,NFCORE_CHIPSEQ:CHIPSEQ:MACS2_CALLPEAK,1702247001000,1702247201000,1,98.6,,1892679680.0,,,0.06678258054687498,0.06678258054687498,0.0,227.58,
2663,NFCORE_CHIPSEQ:CHIPSEQ:FILTER_BAM_BAMTOOLS:BAM_SORT_SAMTOOLS:BAM_STATS_SAMTOOLS:SAMTOOLS_STATS,1702247174000,1702247195000,2,127.5,,1073741824.0,,,0.008401690576562502,0.008401690576562502,0.0,227.58,
2545,NFCORE_CHIPSEQ:CHIPSEQ:BEDTOOLS_GENOMECOV,1702246814000,1702247205000,2,120.7,,4567597056.0,,,0.18013344992291666,0.18013344992291666,0.0,227.58,
2611,NFCORE_CHIPSEQ:CHIPSEQ:FILTER_BAM_BAMTOOLS:BAM_SORT_SAMTOOLS:BAM_STATS_SAMTOOLS:SAMTOOLS_STATS,1702247170000,1702247212000,2,129.0,,1073741824.0,,,0.016988823293750004,0.016988823293750004,0.0,227.58,
2617,NFCORE_CHIPSEQ:CHIPSEQ:FILTER_BAM_BAMTOOLS:BAM_SORT_SAMTOOLS:BAM_STATS_SAMTOOLS:SAMTOOLS_STATS,1702247172000,1702247205000,2,126.9,,1073741824.0,,,0.013144374804687503,0.013144374804687503,0.0,227.58,
2636,NFCORE_CHIPSEQ:CHIPSEQ:FILTER_BAM_BAMTOOLS:BAM_SORT_SAMTOOLS:BAM_STATS_SAMTOOLS:SAMTOOLS_STATS,1702247182000,1702247212000,2,125.8,,1073741824.0,,,0.01185229528125,0.01185229528125,0.0,227.58,
2678,NFCORE_CHIPSEQ:CHIPSEQ:BEDTOOLS_GENOMECOV,1702247019000,1702247216000,2,122.1,,4567597056.0,,,0.09156959848437501,0.09156959848437501,0.0,227.58,
2679,NFCORE_CHIPSEQ:CHIPSEQ:BEDTOOLS_GENOMECOV,1702247009000,1702247216000,2,121.3,,4567597056.0,,,0.09573035354062502,0.09573035354062502,0.0,227.58,
2620,NFCORE_CHIPSEQ:CHIPSEQ:MACS2_CALLPEAK,1702246980000,1702247224000,1,98.8,,1892679680.0,,,0.08161839233802085,0.08161839233802085,0.0,227.58,
2659,NFCORE_CHIPSEQ:CHIPSEQ:FILTER_BAM_BAMTOOLS:BAM_SORT_SAMTOOLS:BAM_STATS_SAMTOOLS:SAMTOOLS_STATS,1702247197000,1702247220000,2,126.4,,1073741824.0,,,0.009127380375000002,0.009127380375000002,0.0,227.58,
2666,NFCORE_CHIPSEQ:CHIPSEQ:MACS2_CALLPEAK,1702246990000,1702247230000,1,97.4,,1892679680.0,,,0.07929136115625,0.07929136115625,0.0,227.58,
2667,NFCORE_CHIPSEQ:CHIPSEQ:BEDTOOLS_GENOMECOV,1702246994000,1702247230000,2,121.1,,4567597056.0,,,0.10900291791666668,0.10900291791666668,0.0,227.58,
1341,NFCORE_CHIPSEQ:CHIPSEQ:FILTER_BAM_BAMTOOLS:BAM_SORT_SAMTOOLS:SAMTOOLS_SORT,1702247195000,1702247224000,5,394.2,,6309281792.0,,,0.0378725543235677,0.0378725543235677,0.0,227.58,
2547,NFCORE_CHIPSEQ:CHIPSEQ:HOMER_ANNOTATEPEAKS_MACS2,1702246825000,1702247236000,1,100.9,,4807720960.0,,,0.16767130296445318,0.16767130296445318,0.0,227.58,
2552,NFCORE_CHIPSEQ:CHIPSEQ:HOMER_ANNOTATEPEAKS_MACS2,1702246837000,1702247247000,1,100.1,,4807720960.0,,,0.16629786704817712,0.16629786704817712,0.0,227.58,
1356,NFCORE_CHIPSEQ:CHIPSEQ:FILTER_BAM_BAMTOOLS:BAM_SORT_SAMTOOLS:SAMTOOLS_SORT,1702247219000,1702247250000,5,415.8,,6309281792.0,,,0.042455439659244795,0.042455439659244795,0.0,227.58,
2720,NFCORE_CHIPSEQ:CHIPSEQ:FILTER_BAM_BAMTOOLS:BAM_SORT_SAMTOOLS:SAMTOOLS_INDEX,1702247238000,1702247252000,2,132.3,,1073741824.0,,,0.0057989320010416665,0.0057989320010416665,0.0,227.58,
2578,NFCORE_CHIPSEQ:CHIPSEQ:MACS2_CALLPEAK,1702246928000,1702247257000,1,97.4,,1892679680.0,,,0.10869524091835939,0.10869524091835939,0.0,227.58,
1357,NFCORE_CHIPSEQ:CHIPSEQ:FILTER_BAM_BAMTOOLS:BAM_SORT_SAMTOOLS:SAMTOOLS_SORT,1702247227000,1702247262000,5,376.1,,6309281792.0,,,0.043843531470703134,0.043843531470703134,0.0,227.58,
2330,NFCORE_CHIPSEQ:CHIPSEQ:PHANTOMPEAKQUALTOOLS,1702246405000,1702247261000,1,15.4,,4294967296.0,,,0.12365265342500001,0.12365265342500001,0.0,227.58,
2645,NFCORE_CHIPSEQ:CHIPSEQ:FRIP_SCORE,1702247172000,1702247267000,2,128.1,,1073741824.0,,,0.03817542883072917,0.03817542883072917,0.0,227.58,
2709,NFCORE_CHIPSEQ:CHIPSEQ:FRIP_SCORE,1702247206000,1702247264000,2,127.8,,1073741824.0,,,0.02325588656458334,0.02325588656458334,0.0,227.58,
2714,NFCORE_CHIPSEQ:CHIPSEQ:UCSC_BEDGRAPHTOBIGWIG,1702247221000,1702247265000,1,97.3,,1073741824.0,,,0.013692184756250001,0.013692184756250001,0.0,227.58,
1362,NFCORE_CHIPSEQ:CHIPSEQ:FILTER_BAM_BAMTOOLS:BAM_SORT_SAMTOOLS:SAMTOOLS_SORT,1702247233000,1702247264000,5,397.2,,6309281792.0,,,0.04075820254361979,0.04075820254361979,0.0,227.58,
2301,NFCORE_CHIPSEQ:CHIPSEQ:PHANTOMPEAKQUALTOOLS,1702246342000,1702247265000,1,15.3,,4294967296.0,,,0.1330593862744792,0.1330593862744792,0.0,227.58,
2713,NFCORE_CHIPSEQ:CHIPSEQ:UCSC_BEDGRAPHTOBIGWIG,1702247231000,1702247274000,1,97.6,,1073741824.0,,,0.013418970225,0.013418970225,0.0,227.58,
2726,NFCORE_CHIPSEQ:CHIPSEQ:FILTER_BAM_BAMTOOLS:BAM_SORT_SAMTOOLS:BAM_STATS_SAMTOOLS:SAMTOOLS_IDXSTATS,1702247270000,1702247272000,1,65.3,,1073741824.0,,,0.0004339863677083334,0.0004339863677083334,0.0,227.58,
2728,NFCORE_CHIPSEQ:CHIPSEQ:FILTER_BAM_BAMTOOLS:BAM_SORT_SAMTOOLS:BAM_STATS_SAMTOOLS:SAMTOOLS_FLAGSTAT,1702247265000,1702247274000,2,141.5,,1073741824.0,,,0.0039716088140625,0.0039716088140625,0.0,227.58,
2735,NFCORE_CHIPSEQ:CHIPSEQ:FILTER_BAM_BAMTOOLS:BAM_SORT_SAMTOOLS:SAMTOOLS_INDEX,1702247265000,1702247274000,2,148.8,,1073741824.0,,,0.004164998475000001,0.004164998475000001,0.0,227.58,
2738,NFCORE_CHIPSEQ:CHIPSEQ:MULTIQC_CUSTOM_PEAKS,1702247270000,1702247272000,2,71.9,,1073741824.0,,,0.0004728409114583334,0.0004728409114583334,0.0,227.58,
2739,NFCORE_CHIPSEQ:CHIPSEQ:MULTIQC_CUSTOM_PEAKS,1702247272000,1702247272000,2,129.7,,1073741824.0,,,0.0,0.0,0.0,227.58,
1754,NFCORE_CHIPSEQ:CHIPSEQ:FILTER_BAM_BAMTOOLS:BAM_SORT_SAMTOOLS:SAMTOOLS_SORT,1702247252000,1702247273000,5,413.2,,6309281792.0,,,0.028599420021484377,0.028599420021484377,0.0,227.58,
2626,NFCORE_CHIPSEQ:CHIPSEQ:FRIP_SCORE,1702247154000,1702247280000,2,125.7,,1073741824.0,,,0.04974255175312501,0.04974255175312501,0.0,227.58,
2677,NFCORE_CHIPSEQ:CHIPSEQ:BEDTOOLS_GENOMECOV,1702247013000,1702247274000,2,123.0,,4567597056.0,,,0.12200953175156252,0.12200953175156252,0.0,227.58,
2725,NFCORE_CHIPSEQ:CHIPSEQ:FILTER_BAM_BAMTOOLS:BAM_SORT_SAMTOOLS:SAMTOOLS_INDEX,1702247274000,1702247283000,2,149.2,,1073741824.0,,,0.004175595168750001,0.004175595168750001,0.0,227.58,
2748,NFCORE_CHIPSEQ:CHIPSEQ:FILTER_BAM_BAMTOOLS:BAM_SORT_SAMTOOLS:BAM_STATS_SAMTOOLS:SAMTOOLS_IDXSTATS,1702247277000,1702247278000,1,45.7,,1073741824.0,,,0.0001593000734375,0.0001593000734375,0.0,227.58,
1350,NFCORE_CHIPSEQ:CHIPSEQ:FILTER_BAM_BAMTOOLS:BAM_SORT_SAMTOOLS:SAMTOOLS_SORT,1702247267000,1702247282000,5,424.9,,6309281792.0,,,0.020944745978515627,0.020944745978515627,0.0,227.58,
2759,NFCORE_CHIPSEQ:CHIPSEQ:FILTER_BAM_BAMTOOLS:BAM_SORT_SAMTOOLS:BAM_STATS_SAMTOOLS:SAMTOOLS_IDXSTATS,1702247286000,1702247286000,1,113.3,,1073741824.0,,,0.0,0.0,0.0,227.58,
2653,NFCORE_CHIPSEQ:CHIPSEQ:BEDTOOLS_GENOMECOV,1702246992000,1702247291000,2,120.2,,4567597056.0,,,0.13730905162135418,0.13730905162135418,0.0,227.58,
2675,NFCORE_CHIPSEQ:CHIPSEQ:FRIP_SCORE,1702247169000,1702247287000,2,126.3,,1073741824.0,,,0.04679269614270833,0.04679269614270833,0.0,227.58,
2691,NFCORE_CHIPSEQ:CHIPSEQ:FRIP_SCORE,1702247180000,1702247299000,2,125.2,,1073741824.0,,,0.04680393685625,0.04680393685625,0.0,227.58,
2712,NFCORE_CHIPSEQ:CHIPSEQ:UCSC_BEDGRAPHTOBIGWIG,1702247217000,1702247299000,1,98.8,,1073741824.0,,,0.025879307112500003,0.025879307112500003,0.0,227.58,
2741,NFCORE_CHIPSEQ:CHIPSEQ:FILTER_BAM_BAMTOOLS:BAM_SORT_SAMTOOLS:SAMTOOLS_INDEX,1702247283000,1702247292000,2,153.0,,1073741824.0,,,0.004276263759375,0.004276263759375,0.0,227.58,
2749,NFCORE_CHIPSEQ:CHIPSEQ:FILTER_BAM_BAMTOOLS:BAM_SORT_SAMTOOLS:BAM_STATS_SAMTOOLS:SAMTOOLS_FLAGSTAT,1702247277000,1702247292000,2,129.7,,1073741824.0,,,0.0060983439140625,0.0060983439140625,0.0,227.58,
2757,NFCORE_CHIPSEQ:CHIPSEQ:FILTER_BAM_BAMTOOLS:BAM_SORT_SAMTOOLS:BAM_STATS_SAMTOOLS:SAMTOOLS_FLAGSTAT,1702247287000,1702247296000,2,143.2,,1073741824.0,,,0.0040166447625,0.0040166447625,0.0,227.58,
1381,NFCORE_CHIPSEQ:CHIPSEQ:FILTER_BAM_BAMTOOLS:BAM_SORT_SAMTOOLS:SAMTOOLS_SORT,1702247278000,1702247299000,5,407.9,,6309281792.0,,,0.028271805573046874,0.028271805573046874,0.0,227.58,
1840,NFCORE_CHIPSEQ:CHIPSEQ:FILTER_BAM_BAMTOOLS:BAM_SORT_SAMTOOLS:SAMTOOLS_SORT,1702247285000,1702247303000,5,409.4,,6309281792.0,,,0.02431245140859375,0.02431245140859375,0.0,227.58,
2563,NFCORE_CHIPSEQ:CHIPSEQ:HOMER_ANNOTATEPEAKS_MACS2,1702246890000,1702247303000,1,100.0,,4807720960.0,,,0.16739311308398439,0.16739311308398439,0.0,227.58,
2590,NFCORE_CHIPSEQ:CHIPSEQ:MACS2_CALLPEAK,1702246938000,1702247301000,1,96.7,,1892679680.0,,,0.11918023378164062,0.11918023378164062,0.0,227.58,
2718,NFCORE_CHIPSEQ:CHIPSEQ:FRIP_SCORE,1702247234000,1702247303000,2,124.8,,1073741824.0,,,0.02705717585,0.02705717585,0.0,227.58,
2762,NFCORE_CHIPSEQ:CHIPSEQ:FILTER_BAM_BAMTOOLS:BAM_SORT_SAMTOOLS:SAMTOOLS_INDEX,1702247292000,1702247303000,2,125.4,,1073741824.0,,,0.004332890088541667,0.004332890088541667,0.0,227.58,
2769,NFCORE_CHIPSEQ:CHIPSEQ:FILTER_BAM_BAMTOOLS:BAM_SORT_SAMTOOLS:BAM_STATS_SAMTOOLS:SAMTOOLS_IDXSTATS,1702247307000,1702247308000,1,84.7,,1073741824.0,,,0.0002740975890625,0.0002740975890625,0.0,227.58,
2615,NFCORE_CHIPSEQ:CHIPSEQ:BEDTOOLS_GENOMECOV,1702246954000,1702247313000,2,122.4,,4567597056.0,,,0.1671875043328125,0.1671875043328125,0.0,227.58,
2635,NFCORE_CHIPSEQ:CHIPSEQ:BEDTOOLS_GENOMECOV,1702247003000,1702247312000,2,121.7,,4567597056.0,,,0.14326565191562501,0.14326565191562501,0.0,227.58,
2716,NFCORE_CHIPSEQ:CHIPSEQ:FRIP_SCORE,1702247232000,1702247316000,2,127.9,,1073741824.0,,,0.03370566478125,0.03370566478125,0.0,227.58,
2719,NFCORE_CHIPSEQ:CHIPSEQ:UCSC_BEDGRAPHTOBIGWIG,1702247258000,1702247312000,1,100.0,,1073741824.0,,,0.017233211025,0.017233211025,0.0,227.58,
2752,NFCORE_CHIPSEQ:CHIPSEQ:FILTER_BAM_BAMTOOLS:BAM_SORT_SAMTOOLS:SAMTOOLS_INDEX,1702247302000,1702247310000,2,141.0,,1073741824.0,,,0.003518544841666667,0.003518544841666667,0.0,227.58,
2779,NFCORE_CHIPSEQ:CHIPSEQ:FILTER_BAM_BAMTOOLS:BAM_SORT_SAMTOOLS:SAMTOOLS_INDEX,1702247307000,1702247314000,2,139.3,,1073741824.0,,,0.0030436987765625006,0.0030436987765625006,0.0,227.58,
2784,NFCORE_CHIPSEQ:CHIPSEQ:FILTER_BAM_BAMTOOLS:BAM_SORT_SAMTOOLS:BAM_STATS_SAMTOOLS:SAMTOOLS_IDXSTATS,1702247311000,1702247313000,1,48.9,,1073741824.0,,,0.00033743871354166674,0.00033743871354166674,0.0,227.58,
1895,NFCORE_CHIPSEQ:CHIPSEQ:FILTER_BAM_BAMTOOLS:BAM_SORT_SAMTOOLS:SAMTOOLS_SORT,1702247302000,1702247318000,5,393.3,,6309281792.0,,,0.02085281561041667,0.02085281561041667,0.0,227.58,
2596,NFCORE_CHIPSEQ:CHIPSEQ:BEDTOOLS_GENOMECOV,1702246957000,1702247321000,2,119.9,,4567597056.0,,,0.16683741240833336,0.16683741240833336,0.0,227.58,
2668,NFCORE_CHIPSEQ:CHIPSEQ:BEDTOOLS_GENOMECOV,1702247009000,1702247325000,2,120.1,,4567597056.0,,,0.14502290535416665,0.14502290535416665,0.0,227.58,
2708,NFCORE_CHIPSEQ:CHIPSEQ:FRIP_SCORE,1702247204000,1702247321000,2,124.3,,1073741824.0,,,0.0457073627765625,0.0457073627765625,0.0,227.58,
2770,NFCORE_CHIPSEQ:CHIPSEQ:FILTER_BAM_BAMTOOLS:BAM_SORT_SAMTOOLS:BAM_STATS_SAMTOOLS:SAMTOOLS_FLAGSTAT,1702247307000,1702247320000,2,129.1,,1073741824.0,,,0.0052622718890625,0.0052622718890625,0.0,227.58,
2774,NFCORE_CHIPSEQ:CHIPSEQ:FILTER_BAM_BAMTOOLS:BAM_SORT_SAMTOOLS:SAMTOOLS_INDEX,1702247313000,1702247320000,2,148.5,,1073741824.0,,,0.003233261853645833,0.003233261853645833,0.0,227.58,
2783,NFCORE_CHIPSEQ:CHIPSEQ:FILTER_BAM_BAMTOOLS:BAM_SORT_SAMTOOLS:BAM_STATS_SAMTOOLS:SAMTOOLS_FLAGSTAT,1702247317000,1702247325000,2,132.0,,1073741824.0,,,0.0033066109666666666,0.0033066109666666666,0.0,227.58,
2793,NFCORE_CHIPSEQ:CHIPSEQ:FILTER_BAM_BAMTOOLS:BAM_SORT_SAMTOOLS:BAM_STATS_SAMTOOLS:SAMTOOLS_IDXSTATS,1702247321000,1702247322000,1,39.1,,1073741824.0,,,0.00013987280156250003,0.00013987280156250003,0.0,227.58,
2794,NFCORE_CHIPSEQ:CHIPSEQ:FILTER_BAM_BAMTOOLS:BAM_SORT_SAMTOOLS:BAM_STATS_SAMTOOLS:SAMTOOLS_FLAGSTAT,1702247321000,1702247329000,2,136.1,,1073741824.0,,,0.0034031586208333334,0.0034031586208333334,0.0,227.58,
2595,NFCORE_CHIPSEQ:CHIPSEQ:MACS2_CALLPEAK,1702246955000,1702247338000,1,97.0,,1892679680.0,,,0.12608484898893232,0.12608484898893232,0.0,227.58,
2643,NFCORE_CHIPSEQ:CHIPSEQ:MACS2_CALLPEAK,1702246980000,1702247329000,1,96.8,,1892679680.0,,,0.11468647999492189,0.11468647999492189,0.0,227.58,
2650,NFCORE_CHIPSEQ:CHIPSEQ:MACS2_CALLPEAK,1702246981000,1702247331000,1,96.1,,1892679680.0,,,0.1142939306705729,0.1142939306705729,0.0,227.58,
2747,NFCORE_CHIPSEQ:CHIPSEQ:FILTER_BAM_BAMTOOLS:BAM_SORT_SAMTOOLS:BAM_STATS_SAMTOOLS:SAMTOOLS_STATS,1702247295000,1702247338000,2,126.6,,1073741824.0,,,0.017089547198958333,0.017089547198958333,0.0,227.58,
2756,NFCORE_CHIPSEQ:CHIPSEQ:UCSC_BEDGRAPHTOBIGWIG,1702247285000,1702247341000,1,99.9,,1073741824.0,,,0.017854994354166667,0.017854994354166667,0.0,227.58,
2758,NFCORE_CHIPSEQ:CHIPSEQ:FILTER_BAM_BAMTOOLS:BAM_SORT_SAMTOOLS:BAM_STATS_SAMTOOLS:SAMTOOLS_STATS,1702247299000,1702247341000,2,126.6,,1073741824.0,,,0.016692115868750003,0.016692115868750003,0.0,227.58,
2797,NFCORE_CHIPSEQ:CHIPSEQ:FILTER_BAM_BAMTOOLS:BAM_SORT_SAMTOOLS:BAM_STATS_SAMTOOLS:SAMTOOLS_FLAGSTAT,1702247325000,1702247334000,2,108.1,,1073741824.0,,,0.0030867848859375,0.0030867848859375,0.0,227.58,
2798,NFCORE_CHIPSEQ:CHIPSEQ:FILTER_BAM_BAMTOOLS:BAM_SORT_SAMTOOLS:BAM_STATS_SAMTOOLS:SAMTOOLS_IDXSTATS,1702247337000,1702247339000,1,60.2,,1073741824.0,,,0.00040396240208333343,0.00040396240208333343,0.0,227.58,
2802,NFCORE_CHIPSEQ:CHIPSEQ:FILTER_BAM_BAMTOOLS:BAM_SORT_SAMTOOLS:SAMTOOLS_INDEX,1702247323000,1702247331000,2,120.9,,1073741824.0,,,0.0030452258541666674,0.0030452258541666674,0.0,227.58,
2810,NFCORE_CHIPSEQ:CHIPSEQ:FILTER_BAM_BAMTOOLS:BAM_SORT_SAMTOOLS:BAM_STATS_SAMTOOLS:SAMTOOLS_FLAGSTAT,1702247332000,1702247340000,2,108.0,,1073741824.0,,,0.0027414539666666665,0.0027414539666666665,0.0,227.58,
2811,NFCORE_CHIPSEQ:CHIPSEQ:FILTER_BAM_BAMTOOLS:BAM_SORT_SAMTOOLS:BAM_STATS_SAMTOOLS:SAMTOOLS_IDXSTATS,1702247332000,1702247334000,1,69.6,,1073741824.0,,,0.00045930069166666665,0.00045930069166666665,0.0,227.58,
2613,NFCORE_CHIPSEQ:CHIPSEQ:MACS2_CALLPEAK,1702246956000,1702247356000,1,97.6,,1892679680.0,,,0.13238775067708333,0.13238775067708333,0.0,227.58,
2683,NFCORE_CHIPSEQ:CHIPSEQ:MACS2_CALLPEAK,1702247022000,1702247361000,1,97.8,,1892679680.0,,,0.11239818976445314,0.11239818976445314,0.0,227.58,
2625,NFCORE_CHIPSEQ:CHIPSEQ:HOMER_ANNOTATEPEAKS_MACS2,1702246958000,1702247371000,1,100.5,,4807720960.0,,,0.16800095121158856,0.16800095121158856,0.0,227.58,
2652,NFCORE_CHIPSEQ:CHIPSEQ:BEDTOOLS_GENOMECOV,1702247005000,1702247371000,2,121.3,,4567597056.0,,,0.16926236423125002,0.16926236423125002,0.0,227.58,
2722,NFCORE_CHIPSEQ:CHIPSEQ:PICARD_COLLECTMULTIPLEMETRICS,1702247255000,1702247374000,2,108.5,,2573205504.0,,,0.04507240371119791,0.04507240371119791,0.0,227.58,
2763,NFCORE_CHIPSEQ:CHIPSEQ:UCSC_BEDGRAPHTOBIGWIG,1702247308000,1702247373000,1,99.1,,1073741824.0,,,0.020571483664062497,0.020571483664062497,0.0,227.58,
2771,NFCORE_CHIPSEQ:CHIPSEQ:FILTER_BAM_BAMTOOLS:BAM_SORT_SAMTOOLS:BAM_STATS_SAMTOOLS:SAMTOOLS_STATS,1702247328000,1702247371000,2,126.1,,1073741824.0,,,0.017026261389062502,0.017026261389062502,0.0,227.58,
2824,NFCORE_CHIPSEQ:CHIPSEQ:FILTER_BAM_BAMTOOLS:BAM_SORT_SAMTOOLS:BAM_STATS_SAMTOOLS:SAMTOOLS_IDXSTATS,1702247374000,1702247374000,1,82.9,,1073741824.0,,,0.0,0.0,0.0,227.58,
2676,NFCORE_CHIPSEQ:CHIPSEQ:BEDTOOLS_GENOMECOV,1702247008000,1702247380000,2,121.9,,4567597056.0,,,0.1726941521,0.1726941521,0.0,227.58,
2778,NFCORE_CHIPSEQ:CHIPSEQ:PICARD_COLLECTMULTIPLEMETRICS,1702247307000,1702247381000,2,111.9,,2573205504.0,,,0.028768808585937503,0.028768808585937503,0.0,227.58,
2825,NFCORE_CHIPSEQ:CHIPSEQ:FILTER_BAM_BAMTOOLS:BAM_SORT_SAMTOOLS:BAM_STATS_SAMTOOLS:SAMTOOLS_FLAGSTAT,1702247374000,1702247381000,2,129.8,,1073741824.0,,,0.002847954294791667,0.002847954294791667,0.0,227.58,
2644,NFCORE_CHIPSEQ:CHIPSEQ:HOMER_ANNOTATEPEAKS_MACS2,1702246980000,1702247391000,1,100.9,,4807720960.0,,,0.16767130296445318,0.16767130296445318,0.0,227.58,
2724,NFCORE_CHIPSEQ:CHIPSEQ:PICARD_COLLECTMULTIPLEMETRICS,1702247275000,1702247391000,2,110.4,,2573205504.0,,,0.044584877765625,0.044584877765625,0.0,227.58,
2760,NFCORE_CHIPSEQ:CHIPSEQ:PICARD_COLLECTMULTIPLEMETRICS,1702247317000,1702247391000,2,117.3,,2573205504.0,,,0.0299450415921875,0.0299450415921875,0.0,227.58,
2789,NFCORE_CHIPSEQ:CHIPSEQ:UCSC_BEDGRAPHTOBIGWIG,1702247320000,1702247391000,1,100.7,,1073741824.0,,,0.022804774406770836,0.022804774406770836,0.0,227.58,
2349,NFCORE_CHIPSEQ:CHIPSEQ:PHANTOMPEAKQUALTOOLS,1702246422000,1702247396000,1,14.0,,4294967296.0,,,0.13668443737083333,0.13668443737083333,0.0,227.58,
2727,NFCORE_CHIPSEQ:CHIPSEQ:FILTER_BAM_BAMTOOLS:BAM_SORT_SAMTOOLS:BAM_STATS_SAMTOOLS:SAMTOOLS_STATS,1702247364000,1702247401000,2,129.0,,1073741824.0,,,0.014966344330208334,0.014966344330208334,0.0,227.58,
2734,NFCORE_CHIPSEQ:CHIPSEQ:PICARD_COLLECTMULTIPLEMETRICS,1702247275000,1702247398000,2,110.1,,2573205504.0,,,0.04716672841640625,0.04716672841640625,0.0,227.58,
2753,NFCORE_CHIPSEQ:CHIPSEQ:PICARD_COLLECTMULTIPLEMETRICS,1702247328000,1702247402000,2,116.0,,2573205504.0,,,0.029661874386979172,0.029661874386979172,0.0,227.58,
2788,NFCORE_CHIPSEQ:CHIPSEQ:UCSC_BEDGRAPHTOBIGWIG,1702247320000,1702247396000,1,100.7,,1073741824.0,,,0.02441074443541667,0.02441074443541667,0.0,227.58,
2790,NFCORE_CHIPSEQ:CHIPSEQ:MULTIQC_CUSTOM_PEAKS,1702247395000,1702247396000,2,33.7,,1073741824.0,,,0.0001239777609375,0.0001239777609375,0.0,227.58,
2805,NFCORE_CHIPSEQ:CHIPSEQ:UCSC_BEDGRAPHTOBIGWIG,1702247328000,1702247402000,1,100.0,,1073741824.0,,,0.023615881775000003,0.023615881775000003,0.0,227.58,
2806,NFCORE_CHIPSEQ:CHIPSEQ:UCSC_BEDGRAPHTOBIGWIG,1702247338000,1702247402000,1,99.9,,1073741824.0,,,0.020405707833333335,0.020405707833333335,0.0,227.58,
2775,NFCORE_CHIPSEQ:CHIPSEQ:PICARD_COLLECTMULTIPLEMETRICS,1702247326000,1702247410000,2,114.4,,2573205504.0,,,0.033274625890625006,0.033274625890625006,0.0,227.58,
1914,NFCORE_CHIPSEQ:CHIPSEQ:FILTER_BAM_BAMTOOLS:BAM_SORT_SAMTOOLS:SAMTOOLS_SORT,1702247399000,1702247413000,5,411.4,,6309281792.0,,,0.01899210315807292,0.01899210315807292,0.0,227.58,
2674,NFCORE_CHIPSEQ:CHIPSEQ:HOMER_ANNOTATEPEAKS_MACS2,1702247006000,1702247413000,1,100.7,,4807720960.0,,,0.16579986244622397,0.16579986244622397,0.0,227.58,
2807,NFCORE_CHIPSEQ:CHIPSEQ:MULTIQC_CUSTOM_PEAKS,1702247414000,1702247415000,2,55.7,,1073741824.0,,,0.0001887353338541667,0.0001887353338541667,0.0,227.58,
2694,NFCORE_CHIPSEQ:CHIPSEQ:BEDTOOLS_GENOMECOV,1702247075000,1702247425000,2,122.2,,4567597056.0,,,0.16279012731770837,0.16279012731770837,0.0,227.58,
2845,NFCORE_CHIPSEQ:CHIPSEQ:FILTER_BAM_BAMTOOLS:BAM_SORT_SAMTOOLS:SAMTOOLS_INDEX,1702247417000,1702247425000,2,145.5,,1073741824.0,,,0.003624511779166667,0.003624511779166667,0.0,227.58,
2743,NFCORE_CHIPSEQ:CHIPSEQ:PICARD_COLLECTMULTIPLEMETRICS,1702247296000,1702247430000,2,108.0,,2573205504.0,,,0.0505565828921875,0.0505565828921875,0.0,227.58,
2803,NFCORE_CHIPSEQ:CHIPSEQ:PICARD_COLLECTMULTIPLEMETRICS,1702247337000,1702247433000,2,103.7,,2573205504.0,,,0.03500455392500001,0.03500455392500001,0.0,227.58,
2826,NFCORE_CHIPSEQ:CHIPSEQ:FILTER_BAM_BAMTOOLS:BAM_SORT_SAMTOOLS:BAM_STATS_SAMTOOLS:SAMTOOLS_STATS,1702247403000,1702247431000,2,127.1,,1073741824.0,,,0.011169286610416667,0.011169286610416667,0.0,227.58,
2263,NFCORE_CHIPSEQ:CHIPSEQ:PHANTOMPEAKQUALTOOLS,1702246277000,1702247435000,1,14.0,,4294967296.0,,,0.16250572738750002,0.16250572738750002,0.0,227.58,
2690,NFCORE_CHIPSEQ:CHIPSEQ:HOMER_ANNOTATEPEAKS_MACS2,1702247027000,1702247443000,1,100.8,,4807720960.0,,,0.1695886491541667,0.1695886491541667,0.0,227.58,
2733,NFCORE_CHIPSEQ:CHIPSEQ:FRIP_SCORE,1702247345000,1702247448000,2,126.8,,1073741824.0,,,0.04099606364791667,0.04099606364791667,0.0,227.58,
2764,NFCORE_CHIPSEQ:CHIPSEQ:MULTIQC_CUSTOM_PEAKS,1702247449000,1702247450000,2,36.4,,1073741824.0,,,0.00013192528125,0.00013192528125,0.0,227.58,
2765,NFCORE_CHIPSEQ:CHIPSEQ:MULTIQC_CUSTOM_PEAKS,1702247439000,1702247441000,2,84.2,,1073741824.0,,,0.0005452516520833335,0.0005452516520833335,0.0,227.58,
2782,NFCORE_CHIPSEQ:CHIPSEQ:MULTIQC_CUSTOM_PEAKS,1702247451000,1702247454000,2,97.0,,1073741824.0,,,0.0009309088781250002,0.0009309088781250002,0.0,227.58,
2809,NFCORE_CHIPSEQ:CHIPSEQ:FILTER_BAM_BAMTOOLS:BAM_SORT_SAMTOOLS:BAM_STATS_SAMTOOLS:SAMTOOLS_STATS,1702247416000,1702247444000,2,126.0,,1073741824.0,,,0.011078626008333333,0.011078626008333333,0.0,227.58,
2851,NFCORE_CHIPSEQ:CHIPSEQ:FILTER_BAM_BAMTOOLS:BAM_SORT_SAMTOOLS:BAM_STATS_SAMTOOLS:SAMTOOLS_STATS,1702247430000,1702247457000,2,126.2,,1073741824.0,,,0.010698855834375002,0.010698855834375002,0.0,227.58,
2849,NFCORE_CHIPSEQ:CHIPSEQ:FILTER_BAM_BAMTOOLS:BAM_SORT_SAMTOOLS:BAM_STATS_SAMTOOLS:SAMTOOLS_FLAGSTAT,1702247430000,1702247438000,2,130.2,,1073741824.0,,,0.003264224191666667,0.003264224191666667,0.0,227.58,
2850,NFCORE_CHIPSEQ:CHIPSEQ:FILTER_BAM_BAMTOOLS:BAM_SORT_SAMTOOLS:BAM_STATS_SAMTOOLS:SAMTOOLS_IDXSTATS,1702247441000,1702247442000,1,76.6,,1073741824.0,,,0.000250255028125,0.000250255028125,0.0,227.58,
1949,NFCORE_CHIPSEQ:CHIPSEQ:PHANTOMPEAKQUALTOOLS,1702245940000,1702247441000,1,13.2,,4294967296.0,,,0.20710539390208335,0.20710539390208335,0.0,227.58,
2147,NFCORE_CHIPSEQ:CHIPSEQ:PHANTOMPEAKQUALTOOLS,1702246188000,1702247449000,1,13.0,,4294967296.0,,,0.17324825013437503,0.17324825013437503,0.0,227.58,
2755,NFCORE_CHIPSEQ:CHIPSEQ:MULTIQC_CUSTOM_PEAKS,1702247462000,1702247464000,2,126.3,,1073741824.0,,,0.0007930965447916666,0.0007930965447916666,0.0,227.58,
2799,NFCORE_CHIPSEQ:CHIPSEQ:FILTER_BAM_BAMTOOLS:BAM_SORT_SAMTOOLS:BAM_STATS_SAMTOOLS:SAMTOOLS_STATS,1702247446000,1702247470000,2,127.2,,1073741824.0,,,0.009580738699999999,0.009580738699999999,0.0,227.58,
2853,NFCORE_CHIPSEQ:CHIPSEQ:MULTIQC_CUSTOM_PEAKS,1702247457000,1702247457000,2,64.0,,1073741824.0,,,0.0,0.0,0.0,227.58,
2025,NFCORE_CHIPSEQ:CHIPSEQ:FILTER_BAM_BAMTOOLS:BAM_SORT_SAMTOOLS:SAMTOOLS_SORT,1702247458000,1702247476000,5,404.0,,6309281792.0,,,0.024026340677343754,0.024026340677343754,0.0,227.58,
2785,NFCORE_CHIPSEQ:CHIPSEQ:FILTER_BAM_BAMTOOLS:BAM_SORT_SAMTOOLS:BAM_STATS_SAMTOOLS:SAMTOOLS_STATS,1702247448000,1702247477000,2,126.6,,1073741824.0,,,0.011525508576041668,0.011525508576041668,0.0,227.58,
2834,NFCORE_CHIPSEQ:CHIPSEQ:UCSC_BEDGRAPHTOBIGWIG,1702247405000,1702247477000,1,100.7,,1073741824.0,,,0.023125968412500003,0.023125968412500003,0.0,227.58,
2836,NFCORE_CHIPSEQ:CHIPSEQ:UCSC_BEDGRAPHTOBIGWIG,1702247400000,1702247476000,1,102.1,,1073741824.0,,,0.02472393560625,0.02472393560625,0.0,227.58,
2781,NFCORE_CHIPSEQ:CHIPSEQ:FRIP_SCORE,1702247384000,1702247499000,2,125.0,,1073741824.0,,,0.04516299418229167,0.04516299418229167,0.0,227.58,
2792,NFCORE_CHIPSEQ:CHIPSEQ:FILTER_BAM_BAMTOOLS:BAM_SORT_SAMTOOLS:BAM_STATS_SAMTOOLS:SAMTOOLS_STATS,1702247470000,1702247491000,2,128.8,,1073741824.0,,,0.0084820488375,0.0084820488375,0.0,227.58,
2833,NFCORE_CHIPSEQ:CHIPSEQ:FRIP_SCORE,1702247385000,1702247499000,2,125.9,,1073741824.0,,,0.04507227826562501,0.04507227826562501,0.0,227.58,
2844,NFCORE_CHIPSEQ:CHIPSEQ:PICARD_COLLECTMULTIPLEMETRICS,1702247417000,1702247491000,2,111.3,,2573205504.0,,,0.0286381160296875,0.0286381160296875,0.0,227.58,
2857,NFCORE_CHIPSEQ:CHIPSEQ:FILTER_BAM_BAMTOOLS:BAM_SORT_SAMTOOLS:SAMTOOLS_INDEX,1702247481000,1702247491000,2,135.0,,1073741824.0,,,0.0042215694895833345,0.0042215694895833345,0.0,227.58,
2787,NFCORE_CHIPSEQ:CHIPSEQ:MACS2_CALLPEAK,1702247311000,1702247501000,1,97.3,,1892679680.0,,,0.0627164005872396,0.0627164005872396,0.0,227.58,
2817,NFCORE_CHIPSEQ:CHIPSEQ:FRIP_SCORE,1702247401000,1702247502000,2,126.4,,1073741824.0,,,0.040081105125000016,0.040081105125000016,0.0,227.58,
2846,NFCORE_CHIPSEQ:CHIPSEQ:UCSC_BEDGRAPHTOBIGWIG,1702247428000,1702247504000,1,100.3,,1073741824.0,,,0.024321261243750007,0.024321261243750007,0.0,227.58,
2863,NFCORE_CHIPSEQ:CHIPSEQ:MULTIQC_CUSTOM_PEAKS,1702247502000,1702247504000,2,42.1,,1073741824.0,,,0.00029740675937500006,0.00029740675937500006,0.0,227.58,
1944,NFCORE_CHIPSEQ:CHIPSEQ:PHANTOMPEAKQUALTOOLS,1702245936000,1702247504000,1,12.4,,4294967296.0,,,0.21265757940000002,0.21265757940000002,0.0,227.58,
2864,NFCORE_CHIPSEQ:CHIPSEQ:MULTIQC_CUSTOM_PEAKS,1702247508000,1702247512000,2,1.8,,1073741824.0,,,0.00012031712083333334,0.00012031712083333334,0.0,227.58,
2865,NFCORE_CHIPSEQ:CHIPSEQ:FILTER_BAM_BAMTOOLS:BAM_SORT_SAMTOOLS:BAM_STATS_SAMTOOLS:SAMTOOLS_FLAGSTAT,1702247506000,1702247515000,2,118.6,,1073741824.0,,,0.003364948096875,0.003364948096875,0.0,227.58,
2867,NFCORE_CHIPSEQ:CHIPSEQ:FILTER_BAM_BAMTOOLS:BAM_SORT_SAMTOOLS:BAM_STATS_SAMTOOLS:SAMTOOLS_IDXSTATS,1702247518000,1702247520000,1,46.8,,1073741824.0,,,0.0003250759041666667,0.0003250759041666667,0.0,227.58,
2870,NFCORE_CHIPSEQ:CHIPSEQ:MULTIQC_CUSTOM_PEAKS,1702247512000,1702247521000,2,15.3,,1073741824.0,,,0.0006283519359375,0.0006283519359375,0.0,227.58,
2796,NFCORE_CHIPSEQ:CHIPSEQ:MACS2_CALLPEAK,1702247326000,1702247530000,1,95.7,,1892679680.0,,,0.0663768421515625,0.0663768421515625,0.0,227.58,
2815,NFCORE_CHIPSEQ:CHIPSEQ:BEDTOOLS_GENOMECOV,1702247335000,1702247530000,2,121.5,,4567597056.0,,,0.09029556534375,0.09029556534375,0.0,227.58,
2819,NFCORE_CHIPSEQ:CHIPSEQ:FRIP_SCORE,1702247435000,1702247530000,2,127.1,,1073741824.0,,,0.03789579385677084,0.03789579385677084,0.0,227.58,
2821,NFCORE_CHIPSEQ:CHIPSEQ:FRIP_SCORE,1702247426000,1702247526000,2,127.6,,1073741824.0,,,0.040037485625,0.040037485625,0.0,227.58,
2866,NFCORE_CHIPSEQ:CHIPSEQ:FILTER_BAM_BAMTOOLS:BAM_SORT_SAMTOOLS:BAM_STATS_SAMTOOLS:SAMTOOLS_STATS,1702247504000,1702247531000,2,122.1,,1073741824.0,,,0.010373007501562502,0.010373007501562502,0.0,227.58,
2043,NFCORE_CHIPSEQ:CHIPSEQ:FILTER_BAM_BAMTOOLS:BAM_SORT_SAMTOOLS:SAMTOOLS_SORT,1702247495000,1702247527000,5,439.4,,6309281792.0,,,0.046047920837500006,0.046047920837500006,0.0,227.58,
2044,NFCORE_CHIPSEQ:CHIPSEQ:FILTER_BAM_BAMTOOLS:BAM_SORT_SAMTOOLS:SAMTOOLS_SORT,1702247502000,1702247530000,5,406.8,,6309281792.0,,,0.03760508016197917,0.03760508016197917,0.0,227.58,
2801,NFCORE_CHIPSEQ:CHIPSEQ:MACS2_CALLPEAK,1702247321000,1702247553000,1,96.8,,1892679680.0,,,0.076238576959375,0.076238576959375,0.0,227.58,
2812,NFCORE_CHIPSEQ:CHIPSEQ:MACS2_CALLPEAK,1702247342000,1702247561000,1,96.4,,1892679680.0,,,0.07170873485195314,0.07170873485195314,0.0,227.58,
2830,NFCORE_CHIPSEQ:CHIPSEQ:FRIP_SCORE,1702247433000,1702247553000,2,126.1,,1073741824.0,,,0.0475151480625,0.0475151480625,0.0,227.58,
2045,NFCORE_CHIPSEQ:CHIPSEQ:FILTER_BAM_BAMTOOLS:BAM_SORT_SAMTOOLS:SAMTOOLS_SORT,1702247531000,1702247561000,5,382.1,,6309281792.0,,,0.03811000451953126,0.03811000451953126,0.0,227.58,
2061,NFCORE_CHIPSEQ:CHIPSEQ:FILTER_BAM_BAMTOOLS:BAM_SORT_SAMTOOLS:SAMTOOLS_SORT,1702247532000,1702247553000,5,402.6,,6309281792.0,,,0.027944191124609382,0.027944191124609382,0.0,227.58,
2062,NFCORE_CHIPSEQ:CHIPSEQ:FILTER_BAM_BAMTOOLS:BAM_SORT_SAMTOOLS:SAMTOOLS_SORT,1702247533000,1702247552000,5,420.4,,6309281792.0,,,0.026278340096223964,0.026278340096223964,0.0,227.58,
2205,NFCORE_CHIPSEQ:CHIPSEQ:PHANTOMPEAKQUALTOOLS,1702246224000,1702247552000,1,13.0,,4294967296.0,,,0.18245335145000002,0.18245335145000002,0.0,227.58,
2214,NFCORE_CHIPSEQ:CHIPSEQ:FILTER_BAM_BAMTOOLS:BAM_SORT_SAMTOOLS:SAMTOOLS_SORT,1702247534000,1702247565000,5,387.9,,6309281792.0,,,0.03990958398580729,0.03990958398580729,0.0,227.58,
2321,NFCORE_CHIPSEQ:CHIPSEQ:PHANTOMPEAKQUALTOOLS,1702246387000,1702247561000,1,13.1,,4294967296.0,,,0.1616409273385417,0.1616409273385417,0.0,227.58,
2859,NFCORE_CHIPSEQ:CHIPSEQ:PICARD_COLLECTMULTIPLEMETRICS,1702247481000,1702247564000,2,107.2,,2573205504.0,,,0.031119448229427086,0.031119448229427086,0.0,227.58,
2868,NFCORE_CHIPSEQ:CHIPSEQ:FRIP_SCORE,1702247510000,1702247575000,2,124.6,,1073741824.0,,,0.025450378078125,0.025450378078125,0.0,227.58,
2876,NFCORE_CHIPSEQ:CHIPSEQ:UCSC_BEDGRAPHTOBIGWIG,1702247535000,1702247576000,1,98.2,,1073741824.0,,,0.012867242815625003,0.012867242815625003,0.0,227.58,
2880,NFCORE_CHIPSEQ:CHIPSEQ:FILTER_BAM_BAMTOOLS:BAM_SORT_SAMTOOLS:SAMTOOLS_INDEX,1702247564000,1702247575000,2,138.2,,1073741824.0,,,0.0047473385552083336,0.0047473385552083336,0.0,227.58,
2882,NFCORE_CHIPSEQ:CHIPSEQ:FILTER_BAM_BAMTOOLS:BAM_SORT_SAMTOOLS:SAMTOOLS_INDEX,1702247557000,1702247570000,2,126.4,,1073741824.0,,,0.005158954125000001,0.005158954125000001,0.0,227.58,
2895,NFCORE_CHIPSEQ:CHIPSEQ:FILTER_BAM_BAMTOOLS:BAM_SORT_SAMTOOLS:SAMTOOLS_INDEX,1702247574000,1702247585000,2,143.1,,1073741824.0,,,0.004905994608854167,0.004905994608854167,0.0,227.58,
2149,NFCORE_CHIPSEQ:CHIPSEQ:FILTER_BAM_BAMTOOLS:BAM_SORT_SAMTOOLS:SAMTOOLS_SORT,1702247557000,1702247586000,5,362.3,,6309281792.0,,,0.03514949838242187,0.03514949838242187,0.0,227.58,
2165,NFCORE_CHIPSEQ:CHIPSEQ:FILTER_BAM_BAMTOOLS:BAM_SORT_SAMTOOLS:SAMTOOLS_SORT,1702247556000,1702247586000,5,396.8,,6309281792.0,,,0.03940809950390625,0.03940809950390625,0.0,227.58,
2890,NFCORE_CHIPSEQ:CHIPSEQ:FILTER_BAM_BAMTOOLS:BAM_SORT_SAMTOOLS:SAMTOOLS_INDEX,1702247578000,1702247587000,2,147.4,,1073741824.0,,,0.004127910046875001,0.004127910046875001,0.0,227.58,
2912,NFCORE_CHIPSEQ:CHIPSEQ:FILTER_BAM_BAMTOOLS:BAM_SORT_SAMTOOLS:BAM_STATS_SAMTOOLS:SAMTOOLS_IDXSTATS,1702247588000,1702247588000,1,95.8,,1073741824.0,,,0.0,0.0,0.0,227.58,
2034,NFCORE_CHIPSEQ:CHIPSEQ:PHANTOMPEAKQUALTOOLS,1702246001000,1702247586000,1,12.4,,4294967296.0,,,0.21496317815625002,0.21496317815625002,0.0,227.58,
2814,NFCORE_CHIPSEQ:CHIPSEQ:BEDTOOLS_GENOMECOV,1702247384000,1702247598000,2,122.0,,4567597056.0,,,0.09940855207395835,0.09940855207395835,0.0,227.58,
2823,NFCORE_CHIPSEQ:CHIPSEQ:BEDTOOLS_GENOMECOV,1702247379000,1702247592000,2,119.3,,4567597056.0,,,0.09725120430312499,0.09725120430312499,0.0,227.58,
2896,NFCORE_CHIPSEQ:CHIPSEQ:FILTER_BAM_BAMTOOLS:BAM_SORT_SAMTOOLS:SAMTOOLS_INDEX,1702247589000,1702247598000,2,135.5,,1073741824.0,,,0.003812658407812501,0.003812658407812501,0.0,227.58,
2902,NFCORE_CHIPSEQ:CHIPSEQ:FILTER_BAM_BAMTOOLS:BAM_SORT_SAMTOOLS:SAMTOOLS_INDEX,1702247589000,1702247600000,2,139.8,,1073741824.0,,,0.004799144613541668,0.004799144613541668,0.0,227.58,
2908,NFCORE_CHIPSEQ:CHIPSEQ:FILTER_BAM_BAMTOOLS:BAM_SORT_SAMTOOLS:BAM_STATS_SAMTOOLS:SAMTOOLS_FLAGSTAT,1702247591000,1702247600000,2,132.4,,1073741824.0,,,0.0037305340312500006,0.0037305340312500006,0.0,227.58,
2907,NFCORE_CHIPSEQ:CHIPSEQ:FILTER_BAM_BAMTOOLS:BAM_SORT_SAMTOOLS:BAM_STATS_SAMTOOLS:SAMTOOLS_IDXSTATS,1702247591000,1702247592000,1,85.3,,1073741824.0,,,0.00027586370468750003,0.00027586370468750003,0.0,227.58,
2918,NFCORE_CHIPSEQ:CHIPSEQ:FILTER_BAM_BAMTOOLS:BAM_SORT_SAMTOOLS:BAM_STATS_SAMTOOLS:SAMTOOLS_IDXSTATS,1702247595000,1702247600000,1,47.8,,1073741824.0,,,0.0008274073906250001,0.0008274073906250001,0.0,227.58,
2921,NFCORE_CHIPSEQ:CHIPSEQ:FILTER_BAM_BAMTOOLS:BAM_SORT_SAMTOOLS:SAMTOOLS_INDEX,1702247591000,1702247600000,2,133.1,,1073741824.0,,,0.0037490782453125007,0.0037490782453125007,0.0,227.58,
2927,NFCORE_CHIPSEQ:CHIPSEQ:FILTER_BAM_BAMTOOLS:BAM_SORT_SAMTOOLS:BAM_STATS_SAMTOOLS:SAMTOOLS_IDXSTATS,1702247603000,1702247604000,1,54.4,,1073741824.0,,,0.00018490875000000002,0.00018490875000000002,0.0,227.58,
2140,NFCORE_CHIPSEQ:CHIPSEQ:FILTER_BAM_BAMTOOLS:BAM_SORT_SAMTOOLS:SAMTOOLS_SORT,1702247569000,1702247598000,5,410.6,,6309281792.0,,,0.03927249530898438,0.03927249530898438,0.0,227.58,
2730,NFCORE_CHIPSEQ:CHIPSEQ:MACS2_CALLPEAK,1702247262000,1702247607000,1,95.7,,1892679680.0,,,0.11225495363867188,0.11225495363867188,0.0,227.58,
2911,NFCORE_CHIPSEQ:CHIPSEQ:FILTER_BAM_BAMTOOLS:BAM_SORT_SAMTOOLS:BAM_STATS_SAMTOOLS:SAMTOOLS_FLAGSTAT,1702247595000,1702247604000,2,134.8,,1073741824.0,,,0.00379411419375,0.00379411419375,0.0,227.58,
2917,NFCORE_CHIPSEQ:CHIPSEQ:FILTER_BAM_BAMTOOLS:BAM_SORT_SAMTOOLS:BAM_STATS_SAMTOOLS:SAMTOOLS_FLAGSTAT,1702247607000,1702247614000,2,129.3,,1073741824.0,,,0.0028376519536458334,0.0028376519536458334,0.0,227.58,
2926,NFCORE_CHIPSEQ:CHIPSEQ:FILTER_BAM_BAMTOOLS:BAM_SORT_SAMTOOLS:SAMTOOLS_INDEX,1702247601000,1702247611000,2,136.0,,1073741824.0,,,0.0042510047500000005,0.0042510047500000005,0.0,227.58,
2937,NFCORE_CHIPSEQ:CHIPSEQ:FILTER_BAM_BAMTOOLS:BAM_SORT_SAMTOOLS:BAM_STATS_SAMTOOLS:SAMTOOLS_IDXSTATS,1702247604000,1702247608000,1,26.2,,1073741824.0,,,0.0004076052625,0.0004076052625,0.0,227.58,
2940,NFCORE_CHIPSEQ:CHIPSEQ:FILTER_BAM_BAMTOOLS:BAM_SORT_SAMTOOLS:BAM_STATS_SAMTOOLS:SAMTOOLS_IDXSTATS,1702247612000,1702247617000,1,18.0,,1073741824.0,,,0.0003888220104166667,0.0003888220104166667,0.0,227.58,
2071,NFCORE_CHIPSEQ:CHIPSEQ:FILTER_BAM_BAMTOOLS:BAM_SORT_SAMTOOLS:SAMTOOLS_SORT,1702247600000,1702247617000,5,386.7,,6309281792.0,,,0.02182585296419271,0.02182585296419271,0.0,227.58,
2707,NFCORE_CHIPSEQ:CHIPSEQ:HOMER_ANNOTATEPEAKS_MACS2,1702247204000,1702247617000,1,99.7,,4807720960.0,,,0.1670284102074219,0.1670284102074219,0.0,227.58,
2828,NFCORE_CHIPSEQ:CHIPSEQ:MACS2_CALLPEAK,1702247371000,1702247622000,1,94.7,,1892679680.0,,,0.08093072094414062,0.08093072094414062,0.0,227.58,
2829,NFCORE_CHIPSEQ:CHIPSEQ:BEDTOOLS_GENOMECOV,1702247376000,1702247617000,2,119.1,,4567597056.0,,,0.10989352221875001,0.10989352221875001,0.0,227.58,
2928,NFCORE_CHIPSEQ:CHIPSEQ:FILTER_BAM_BAMTOOLS:BAM_SORT_SAMTOOLS:BAM_STATS_SAMTOOLS:SAMTOOLS_FLAGSTAT,1702247604000,1702247617000,2,103.1,,1073741824.0,,,0.0042673600869791665,0.0042673600869791665,0.0,227.58,
2939,NFCORE_CHIPSEQ:CHIPSEQ:FILTER_BAM_BAMTOOLS:BAM_SORT_SAMTOOLS:BAM_STATS_SAMTOOLS:SAMTOOLS_FLAGSTAT,1702247617000,1702247625000,2,125.6,,1073741824.0,,,0.003155902433333333,0.003155902433333333,0.0,227.58,
2942,NFCORE_CHIPSEQ:CHIPSEQ:FILTER_BAM_BAMTOOLS:BAM_SORT_SAMTOOLS:BAM_STATS_SAMTOOLS:SAMTOOLS_FLAGSTAT,1702247614000,1702247626000,2,112.7,,1073741824.0,,,0.00427819581875,0.00427819581875,0.0,227.58,
2947,NFCORE_CHIPSEQ:CHIPSEQ:FILTER_BAM_BAMTOOLS:BAM_SORT_SAMTOOLS:BAM_STATS_SAMTOOLS:SAMTOOLS_IDXSTATS,1702247625000,1702247626000,1,97.6,,1073741824.0,,,0.000312069075,0.000312069075,0.0,227.58,
2948,NFCORE_CHIPSEQ:CHIPSEQ:FILTER_BAM_BAMTOOLS:BAM_SORT_SAMTOOLS:BAM_STATS_SAMTOOLS:SAMTOOLS_FLAGSTAT,1702247620000,1702247629000,2,131.9,,1073741824.0,,,0.0037172881640625006,0.0037172881640625006,0.0,227.58,
2951,NFCORE_CHIPSEQ:CHIPSEQ:FILTER_BAM_BAMTOOLS:BAM_SORT_SAMTOOLS:SAMTOOLS_INDEX,1702247620000,1702247630000,2,135.1,,1073741824.0,,,0.0042245130156250005,0.0042245130156250005,0.0,227.58,
2710,NFCORE_CHIPSEQ:CHIPSEQ:HOMER_ANNOTATEPEAKS_MACS2,1702247206000,1702247627000,1,100.4,,4807720960.0,,,0.17113128447877607,0.17113128447877607,0.0,227.58,
2848,NFCORE_CHIPSEQ:CHIPSEQ:MACS2_CALLPEAK,1702247438000,1702247635000,1,95.5,,1892679680.0,,,0.06398323048502605,0.06398323048502605,0.0,227.58,
2888,NFCORE_CHIPSEQ:CHIPSEQ:FRIP_SCORE,1702247565000,1702247636000,2,125.0,,1073741824.0,,,0.02788323988645833,0.02788323988645833,0.0,227.58,
2961,NFCORE_CHIPSEQ:CHIPSEQ:FILTER_BAM_BAMTOOLS:BAM_SORT_SAMTOOLS:BAM_STATS_SAMTOOLS:SAMTOOLS_FLAGSTAT,1702247634000,1702247643000,2,125.2,,1073741824.0,,,0.0035397935437500006,0.0035397935437500006,0.0,227.58,
2750,NFCORE_CHIPSEQ:CHIPSEQ:MACS2_CALLPEAK,1702247278000,1702247641000,1,95.9,,1892679680.0,,,0.11832543381914064,0.11832543381914064,0.0,227.58,
2837,NFCORE_CHIPSEQ:CHIPSEQ:BEDTOOLS_GENOMECOV,1702247405000,1702247650000,2,119.8,,4567597056.0,,,0.11222229580989582,0.11222229580989582,0.0,227.58,
2933,NFCORE_CHIPSEQ:CHIPSEQ:UCSC_BEDGRAPHTOBIGWIG,1702247604000,1702247651000,1,99.9,,1073741824.0,,,0.014985441690104169,0.014985441690104169,0.0,227.58,
2934,NFCORE_CHIPSEQ:CHIPSEQ:UCSC_BEDGRAPHTOBIGWIG,1702247604000,1702247650000,1,99.8,,1073741824.0,,,0.014653062285416666,0.014653062285416666,0.0,227.58,
2960,NFCORE_CHIPSEQ:CHIPSEQ:FILTER_BAM_BAMTOOLS:BAM_SORT_SAMTOOLS:BAM_STATS_SAMTOOLS:SAMTOOLS_IDXSTATS,1702247645000,1702247646000,1,6.0,,1073741824.0,,,4.244208958333334e-05,4.244208958333334e-05,0.0,227.58,
2963,NFCORE_CHIPSEQ:CHIPSEQ:FILTER_BAM_BAMTOOLS:BAM_SORT_SAMTOOLS:SAMTOOLS_INDEX,1702247640000,1702247647000,2,147.5,,1073741824.0,,,0.003212657171354167,0.003212657171354167,0.0,227.58,
2233,NFCORE_CHIPSEQ:CHIPSEQ:PHANTOMPEAKQUALTOOLS,1702246282000,1702247655000,1,14.3,,4294967296.0,,,0.19388978181614586,0.19388978181614586,0.0,227.58,
2715,NFCORE_CHIPSEQ:CHIPSEQ:HOMER_ANNOTATEPEAKS_MACS2,1702247232000,1702247655000,1,100.3,,4807720960.0,,,0.17181974855039062,0.17181974855039062,0.0,227.58,
2854,NFCORE_CHIPSEQ:CHIPSEQ:BEDTOOLS_GENOMECOV,1702247461000,1702247660000,2,119.9,,4567597056.0,,,0.09121056337708336,0.09121056337708336,0.0,227.58,
2717,NFCORE_CHIPSEQ:CHIPSEQ:HOMER_ANNOTATEPEAKS_MACS2,1702247241000,1702247662000,1,100.4,,4807720960.0,,,0.17113128447877607,0.17113128447877607,0.0,227.58,
2732,NFCORE_CHIPSEQ:CHIPSEQ:HOMER_ANNOTATEPEAKS_MACS2,1702247264000,1702247675000,1,100.6,,4807720960.0,,,0.16730836620351563,0.16730836620351563,0.0,227.58,
2746,NFCORE_CHIPSEQ:CHIPSEQ:BEDTOOLS_GENOMECOV,1702247281000,1702247669000,2,120.3,,4567597056.0,,,0.1782945166,0.1782945166,0.0,227.58,
2879,NFCORE_CHIPSEQ:CHIPSEQ:PICARD_COLLECTMULTIPLEMETRICS,1702247564000,1702247669000,2,109.3,,2573205504.0,,,0.040017024167968755,0.040017024167968755,0.0,227.58,
2884,NFCORE_CHIPSEQ:CHIPSEQ:PICARD_COLLECTMULTIPLEMETRICS,1702247569000,1702247678000,2,107.3,,2573205504.0,,,0.04089979355442708,0.04089979355442708,0.0,227.58,
2891,NFCORE_CHIPSEQ:CHIPSEQ:PICARD_COLLECTMULTIPLEMETRICS,1702247578000,1702247673000,2,112.2,,2573205504.0,,,0.03701682043359375,0.03701682043359375,0.0,227.58,
2432,NFCORE_CHIPSEQ:CHIPSEQ:PHANTOMPEAKQUALTOOLS,1702246597000,1702247678000,1,13.5,,4294967296.0,,,0.15010910302239583,0.15010910302239583,0.0,227.58,
2768,NFCORE_CHIPSEQ:CHIPSEQ:MACS2_CALLPEAK,1702247304000,1702247679000,1,97.9,,1892679680.0,,,0.12444466293945315,0.12444466293945315,0.0,227.58,
2975,NFCORE_CHIPSEQ:CHIPSEQ:FILTER_BAM_BAMTOOLS:BAM_SORT_SAMTOOLS:BAM_STATS_SAMTOOLS:SAMTOOLS_IDXSTATS,1702247681000,1702247682000,1,57.1,,1073741824.0,,,0.00019285627031250002,0.00019285627031250002,0.0,227.58,
2773,NFCORE_CHIPSEQ:CHIPSEQ:BEDTOOLS_GENOMECOV,1702247314000,1702247686000,2,120.5,,4567597056.0,,,0.1711611637375,0.1711611637375,0.0,227.58,
2906,NFCORE_CHIPSEQ:CHIPSEQ:FILTER_BAM_BAMTOOLS:BAM_SORT_SAMTOOLS:BAM_STATS_SAMTOOLS:SAMTOOLS_STATS,1702247663000,1702247696000,2,127.3,,1073741824.0,,,0.013183229348437499,0.013183229348437499,0.0,227.58,
2941,NFCORE_CHIPSEQ:CHIPSEQ:FILTER_BAM_BAMTOOLS:BAM_SORT_SAMTOOLS:BAM_STATS_SAMTOOLS:SAMTOOLS_STATS,1702247652000,1702247695000,2,126.5,,1073741824.0,,,0.017076890036979167,0.017076890036979167,0.0,227.58,
2962,NFCORE_CHIPSEQ:CHIPSEQ:FILTER_BAM_BAMTOOLS:BAM_SORT_SAMTOOLS:BAM_STATS_SAMTOOLS:SAMTOOLS_STATS,1702247660000,1702247694000,2,127.6,,1073741824.0,,,0.013612745112500001,0.013612745112500001,0.0,227.58,
2973,NFCORE_CHIPSEQ:CHIPSEQ:FILTER_BAM_BAMTOOLS:BAM_SORT_SAMTOOLS:BAM_STATS_SAMTOOLS:SAMTOOLS_FLAGSTAT,1702247681000,1702247689000,2,127.2,,1073741824.0,,,0.003193579566666667,0.003193579566666667,0.0,227.58,
2898,NFCORE_CHIPSEQ:CHIPSEQ:PICARD_COLLECTMULTIPLEMETRICS,1702247629000,1702247711000,2,114.0,,2573205504.0,,,0.0323858252390625,0.0323858252390625,0.0,227.58,
2900,NFCORE_CHIPSEQ:CHIPSEQ:PICARD_COLLECTMULTIPLEMETRICS,1702247601000,1702247717000,2,105.1,,2573205504.0,,,0.04277519795520833,0.04277519795520833,0.0,227.58,
2923,NFCORE_CHIPSEQ:CHIPSEQ:PICARD_COLLECTMULTIPLEMETRICS,1702247607000,1702247706000,2,110.7,,2573205504.0,,,0.038138309782031254,0.038138309782031254,0.0,227.58,
2929,NFCORE_CHIPSEQ:CHIPSEQ:FILTER_BAM_BAMTOOLS:BAM_SORT_SAMTOOLS:BAM_STATS_SAMTOOLS:SAMTOOLS_STATS,1702247672000,1702247706000,2,128.0,,1073741824.0,,,0.013652777066666667,0.013652777066666667,0.0,227.58,
2946,NFCORE_CHIPSEQ:CHIPSEQ:FILTER_BAM_BAMTOOLS:BAM_SORT_SAMTOOLS:BAM_STATS_SAMTOOLS:SAMTOOLS_STATS,1702247676000,1702247708000,2,127.1,,1073741824.0,,,0.012764898983333335,0.012764898983333335,0.0,227.58,
2952,NFCORE_CHIPSEQ:CHIPSEQ:PICARD_COLLECTMULTIPLEMETRICS,1702247620000,1702247717000,2,113.1,,2573205504.0,,,0.038053091739843746,0.038053091739843746,0.0,227.58,
2987,NFCORE_CHIPSEQ:CHIPSEQ:FILTER_BAM_BAMTOOLS:BAM_SORT_SAMTOOLS:BAM_STATS_SAMTOOLS:SAMTOOLS_IDXSTATS,1702247708000,1702247708000,1,128.0,,1073741824.0,,,0.0,0.0,0.0,227.58,
2988,NFCORE_CHIPSEQ:CHIPSEQ:FILTER_BAM_BAMTOOLS:BAM_SORT_SAMTOOLS:BAM_STATS_SAMTOOLS:SAMTOOLS_FLAGSTAT,1702247709000,1702247715000,2,140.8,,1073741824.0,,,0.0026353764,0.0026353764,0.0,227.58,
2780,NFCORE_CHIPSEQ:CHIPSEQ:HOMER_ANNOTATEPEAKS_MACS2,1702247315000,1702247728000,1,100.7,,4807720960.0,,,0.16824408646263023,0.16824408646263023,0.0,227.58,
2925,NFCORE_CHIPSEQ:CHIPSEQ:PICARD_COLLECTMULTIPLEMETRICS,1702247620000,1702247726000,2,112.1,,2573205504.0,,,0.04127177721302083,0.04127177721302083,0.0,227.58,
2968,NFCORE_CHIPSEQ:CHIPSEQ:UCSC_BEDGRAPHTOBIGWIG,1702247673000,1702247726000,1,100.3,,1073741824.0,,,0.0169608795515625,0.0169608795515625,0.0,227.58,
2351,NFCORE_CHIPSEQ:CHIPSEQ:PHANTOMPEAKQUALTOOLS,1702246432000,1702247729000,1,12.6,,4294967296.0,,,0.17666717341145832,0.17666717341145832,0.0,227.58,
2772,NFCORE_CHIPSEQ:CHIPSEQ:BEDTOOLS_GENOMECOV,1702247321000,1702247734000,2,121.5,,4567597056.0,,,0.19124137685625003,0.19124137685625003,0.0,227.58,
2893,NFCORE_CHIPSEQ:CHIPSEQ:PICARD_COLLECTMULTIPLEMETRICS,1702247651000,1702247733000,2,116.4,,2573205504.0,,,0.032965111164062505,0.032965111164062505,0.0,227.58,
2913,NFCORE_CHIPSEQ:CHIPSEQ:FILTER_BAM_BAMTOOLS:BAM_SORT_SAMTOOLS:BAM_STATS_SAMTOOLS:SAMTOOLS_STATS,1702247699000,1702247733000,2,128.6,,1073741824.0,,,0.013712824997916668,0.013712824997916668,0.0,227.58,
2195,NFCORE_CHIPSEQ:CHIPSEQ:PHANTOMPEAKQUALTOOLS,1702246217000,1702247745000,1,13.0,,4294967296.0,,,0.20993126582500007,0.20993126582500007,0.0,227.58,
2974,NFCORE_CHIPSEQ:CHIPSEQ:FILTER_BAM_BAMTOOLS:BAM_SORT_SAMTOOLS:BAM_STATS_SAMTOOLS:SAMTOOLS_STATS,1702247720000,1702247754000,2,126.4,,1073741824.0,,,0.013492649250000002,0.013492649250000002,0.0,227.58,
1950,NFCORE_CHIPSEQ:CHIPSEQ:PHANTOMPEAKQUALTOOLS,1702245941000,1702247756000,1,12.1,,4294967296.0,,,0.24455382316406252,0.24455382316406252,0.0,227.58,
2820,NFCORE_CHIPSEQ:CHIPSEQ:HOMER_ANNOTATEPEAKS_MACS2,1702247345000,1702247759000,1,100.3,,4807720960.0,,,0.16816400921953126,0.16816400921953126,0.0,227.58,
2873,NFCORE_CHIPSEQ:CHIPSEQ:BEDTOOLS_GENOMECOV,1702247522000,1702247763000,2,119.0,,4567597056.0,,,0.10982258324114585,0.10982258324114585,0.0,227.58,
2938,NFCORE_CHIPSEQ:CHIPSEQ:FILTER_BAM_BAMTOOLS:BAM_SORT_SAMTOOLS:BAM_STATS_SAMTOOLS:SAMTOOLS_STATS,1702247737000,1702247763000,2,126.0,,1073741824.0,,,0.010287295579166668,0.010287295579166668,0.0,227.58,
2984,NFCORE_CHIPSEQ:CHIPSEQ:UCSC_BEDGRAPHTOBIGWIG,1702247710000,1702247763000,1,100.4,,1073741824.0,,,0.016976480239583334,0.016976480239583334,0.0,227.58,
2993,NFCORE_CHIPSEQ:CHIPSEQ:UCSC_BEDGRAPHTOBIGWIG,1702247722000,1702247765000,1,101.0,,1073741824.0,,,0.01384931373229167,0.01384931373229167,0.0,227.58,
2816,NFCORE_CHIPSEQ:CHIPSEQ:HOMER_ANNOTATEPEAKS_MACS2,1702247342000,1702247764000,1,99.8,,4807720960.0,,,0.17079247129661462,0.17079247129661462,0.0,227.58,
2808,NFCORE_CHIPSEQ:CHIPSEQ:BEDTOOLS_GENOMECOV,1702247375000,1702247775000,2,121.3,,4567597056.0,,,0.18498619041666667,0.18498619041666667,0.0,227.58,
2818,NFCORE_CHIPSEQ:CHIPSEQ:HOMER_ANNOTATEPEAKS_MACS2,1702247345000,1702247774000,1,100.5,,4807720960.0,,,0.1745094626386719,0.1745094626386719,0.0,227.58,
2831,NFCORE_CHIPSEQ:CHIPSEQ:HOMER_ANNOTATEPEAKS_MACS2,1702247360000,1702247779000,1,100.7,,4807720960.0,,,0.1706883104790365,0.1706883104790365,0.0,227.58,
2877,NFCORE_CHIPSEQ:CHIPSEQ:MULTIQC_CUSTOM_PEAKS,1702247778000,1702247778000,2,123.1,,1073741824.0,,,0.0,0.0,0.0,227.58,
2916,NFCORE_CHIPSEQ:CHIPSEQ:FILTER_BAM_BAMTOOLS:BAM_SORT_SAMTOOLS:BAM_STATS_SAMTOOLS:SAMTOOLS_STATS,1702247758000,1702247785000,2,126.4,,1073741824.0,,,0.010714750875000002,0.010714750875000002,0.0,227.58,
2965,NFCORE_CHIPSEQ:CHIPSEQ:PICARD_COLLECTMULTIPLEMETRICS,1702247712000,1702247785000,2,116.6,,2573205504.0,,,0.029389964687239582,0.029389964687239582,0.0,227.58,
2989,NFCORE_CHIPSEQ:CHIPSEQ:FILTER_BAM_BAMTOOLS:BAM_SORT_SAMTOOLS:BAM_STATS_SAMTOOLS:SAMTOOLS_STATS,1702247759000,1702247785000,2,126.9,,1073741824.0,,,0.010356174088541668,0.010356174088541668,0.0,227.58,
2878,NFCORE_CHIPSEQ:CHIPSEQ:MULTIQC_CUSTOM_PEAKS,1702247791000,1702247791000,2,100.0,,1073741824.0,,,0.0,0.0,0.0,227.58,
2889,NFCORE_CHIPSEQ:CHIPSEQ:MULTIQC_CUSTOM_PEAKS,1702247788000,1702247788000,2,66.7,,1073741824.0,,,0.0,0.0,0.0,227.58,
2904,NFCORE_CHIPSEQ:CHIPSEQ:MULTIQC_CUSTOM_PEAKS,1702247788000,1702247790000,2,49.2,,1073741824.0,,,0.0003392048291666667,0.0003392048291666667,0.0,227.58,
2967,NFCORE_CHIPSEQ:CHIPSEQ:FRIP_SCORE,1702247721000,1702247792000,2,126.9,,1073741824.0,,,0.028280321549479164,0.028280321549479164,0.0,227.58,
2980,NFCORE_CHIPSEQ:CHIPSEQ:MULTIQC_CUSTOM_PEAKS,1702247788000,1702247788000,2,83.1,,1073741824.0,,,0.0,0.0,0.0,227.58,
2832,NFCORE_CHIPSEQ:CHIPSEQ:HOMER_ANNOTATEPEAKS_MACS2,1702247375000,1702247794000,1,100.5,,4807720960.0,,,0.17044164299674483,0.17044164299674483,0.0,227.58,
2920,NFCORE_CHIPSEQ:CHIPSEQ:MACS2_CALLPEAK,1702247588000,1702247799000,1,95.9,,1892679680.0,,,0.06877869569101565,0.06877869569101565,0.0,227.58,
3010,NFCORE_CHIPSEQ:CHIPSEQ:MULTIQC_CUSTOM_PEAKS,1702247795000,1702247798000,2,5.8,,1073741824.0,,,0.000125560153125,0.000125560153125,0.0,227.58,
2994,NFCORE_CHIPSEQ:CHIPSEQ:UCSC_BEDGRAPHTOBIGWIG,1702247729000,1702247806000,1,100.1,,1073741824.0,,,0.024595947538020833,0.024595947538020833,0.0,227.58,
3006,NFCORE_CHIPSEQ:CHIPSEQ:UCSC_BEDGRAPHTOBIGWIG,1702247766000,1702247816000,1,98.9,,1073741824.0,,,0.015794782942708335,0.015794782942708335,0.0,227.58,
2936,NFCORE_CHIPSEQ:CHIPSEQ:MACS2_CALLPEAK,1702247620000,1702247826000,1,97.5,,1892679680.0,,,0.06811905496223959,0.06811905496223959,0.0,227.58,
2955,NFCORE_CHIPSEQ:CHIPSEQ:FRIP_SCORE,1702247719000,1702247826000,2,128.2,,1073741824.0,,,0.043029083990625,0.043029083990625,0.0,227.58,
2998,NFCORE_CHIPSEQ:CHIPSEQ:UCSC_BEDGRAPHTOBIGWIG,1702247746000,1702247826000,1,100.8,,1073741824.0,,,0.025719068666666667,0.025719068666666667,0.0,227.58,
2628,NFCORE_CHIPSEQ:CHIPSEQ:PHANTOMPEAKQUALTOOLS,1702246963000,1702247831000,1,14.8,,4294967296.0,,,0.12385311347500001,0.12385311347500001,0.0,227.58,
2885,NFCORE_CHIPSEQ:CHIPSEQ:FRIP_SCORE,1702247766000,1702247829000,2,124.3,,1073741824.0,,,0.024611656879687506,0.024611656879687506,0.0,227.58,
2914,NFCORE_CHIPSEQ:CHIPSEQ:MACS2_CALLPEAK,1702247590000,1702247833000,1,98.6,,1892679680.0,,,0.08114083536445313,0.08114083536445313,0.0,227.58,
2979,NFCORE_CHIPSEQ:CHIPSEQ:FRIP_SCORE,1702247767000,1702247831000,2,123.8,,1073741824.0,,,0.024908125266666668,0.024908125266666668,0.0,227.58,
2983,NFCORE_CHIPSEQ:CHIPSEQ:FRIP_SCORE,1702247715000,1702247831000,2,124.7,,1073741824.0,,,0.04545328116458333,0.04545328116458333,0.0,227.58,
3017,NFCORE_CHIPSEQ:CHIPSEQ:MULTIQC_CUSTOM_PEAKS,1702247830000,1702247831000,2,111.6,,1073741824.0,,,0.00035327843958333333,0.00035327843958333333,0.0,227.58,
2125,NFCORE_CHIPSEQ:CHIPSEQ:FILTER_BAM_BAMTOOLS:BAM_SORT_SAMTOOLS:SAMTOOLS_SORT,1702247801000,1702247831000,5,412.2,,6309281792.0,,,0.040768008535156254,0.040768008535156254,0.0,227.58,
2166,NFCORE_CHIPSEQ:CHIPSEQ:PHANTOMPEAKQUALTOOLS,1702246199000,1702247837000,1,13.4,,4294967296.0,,,0.22697271699375005,0.22697271699375005,0.0,227.58,
3020,NFCORE_CHIPSEQ:CHIPSEQ:MULTIQC_CUSTOM_PEAKS,1702247836000,1702247837000,2,12.5,,1073741824.0,,,6.157500885416667e-05,6.157500885416667e-05,0.0,227.58,
3024,NFCORE_CHIPSEQ:CHIPSEQ:MULTIQC_CUSTOM_PEAKS,1702247840000,1702247841000,2,45.4,,1073741824.0,,,0.00015841701562500002,0.00015841701562500002,0.0,227.58,
2109,NFCORE_CHIPSEQ:CHIPSEQ:FILTER_BAM_BAMTOOLS:BAM_SORT_SAMTOOLS:SAMTOOLS_SORT,1702247829000,1702247845000,5,417.5,,6309281792.0,,,0.021992548893750002,0.021992548893750002,0.0,227.58,
2875,NFCORE_CHIPSEQ:CHIPSEQ:FRIP_SCORE,1702247788000,1702247844000,2,128.2,,1073741824.0,,,0.022519894425,0.022519894425,0.0,227.58,
2910,NFCORE_CHIPSEQ:CHIPSEQ:MACS2_CALLPEAK,1702247580000,1702247848000,1,94.2,,1892679680.0,,,0.08601765202447917,0.08601765202447917,0.0,227.58,
2949,NFCORE_CHIPSEQ:CHIPSEQ:MACS2_CALLPEAK,1702247620000,1702247851000,1,94.9,,1892679680.0,,,0.07461804882382814,0.07461804882382814,0.0,227.58,
2997,NFCORE_CHIPSEQ:CHIPSEQ:FRIP_SCORE,1702247733000,1702247849000,2,125.7,,1073741824.0,,,0.04579473018541667,0.04579473018541667,0.0,227.58,
3003,NFCORE_CHIPSEQ:CHIPSEQ:UCSC_BEDGRAPHTOBIGWIG,1702247763000,1702247848000,1,100.4,,1073741824.0,,,0.02722643057291667,0.02722643057291667,0.0,227.58,
3023,NFCORE_CHIPSEQ:CHIPSEQ:MULTIQC_CUSTOM_PEAKS,1702247840000,1702247844000,2,1.9,,1073741824.0,,,0.00012149453125,0.00012149453125,0.0,227.58,
3032,NFCORE_CHIPSEQ:CHIPSEQ:MULTIQC_CUSTOM_PEAKS,1702247852000,1702247854000,2,126.3,,1073741824.0,,,0.0007930965447916666,0.0007930965447916666,0.0,227.58,
2108,NFCORE_CHIPSEQ:CHIPSEQ:FILTER_BAM_BAMTOOLS:BAM_SORT_SAMTOOLS:SAMTOOLS_SORT,1702247834000,1702247862000,5,349.5,,6309281792.0,,,0.03288248698072917,0.03288248698072917,0.0,227.58,
3009,NFCORE_CHIPSEQ:CHIPSEQ:UCSC_BEDGRAPHTOBIGWIG,1702247785000,1702247865000,1,99.1,,1073741824.0,,,0.025318749125,0.025318749125,0.0,227.58,
3027,NFCORE_CHIPSEQ:CHIPSEQ:FILTER_BAM_BAMTOOLS:BAM_SORT_SAMTOOLS:SAMTOOLS_INDEX,1702247857000,1702247865000,2,156.7,,1073741824.0,,,0.0038882517125,0.0038882517125,0.0,227.58,
1298,NFCORE_CHIPSEQ:CHIPSEQ:FILTER_BAM_BAMTOOLS:BAM_SORT_SAMTOOLS:SAMTOOLS_SORT,1702247834000,1702247870000,5,355.5,,6309281792.0,,,0.04291328488593751,0.04291328488593751,0.0,227.58,
3012,NFCORE_CHIPSEQ:CHIPSEQ:FRIP_SCORE,1702247802000,1702247873000,2,129.0,,1073741824.0,,,0.028719201282291665,0.028719201282291665,0.0,227.58,
3029,NFCORE_CHIPSEQ:CHIPSEQ:FILTER_BAM_BAMTOOLS:BAM_SORT_SAMTOOLS:SAMTOOLS_INDEX,1702247865000,1702247873000,2,136.0,,1073741824.0,,,0.0034008038000000003,0.0034008038000000003,0.0,227.58,
1979,NFCORE_CHIPSEQ:CHIPSEQ:PHANTOMPEAKQUALTOOLS,1702245994000,1702247873000,1,11.8,,4294967296.0,,,0.251517943034375,0.251517943034375,0.0,227.58,
2215,NFCORE_CHIPSEQ:CHIPSEQ:FILTER_BAM_BAMTOOLS:BAM_SORT_SAMTOOLS:SAMTOOLS_SORT,1702247852000,1702247878000,5,396.9,,6309281792.0,,,0.03416133940442708,0.03416133940442708,0.0,227.58,
2288,NFCORE_CHIPSEQ:CHIPSEQ:FILTER_BAM_BAMTOOLS:BAM_SORT_SAMTOOLS:SAMTOOLS_SORT,1702247847000,1702247880000,5,412.0,,6309281792.0,,,0.04482538211679688,0.04482538211679688,0.0,227.58,
2399,NFCORE_CHIPSEQ:CHIPSEQ:PHANTOMPEAKQUALTOOLS,1702246541000,1702247880000,1,12.7,,4294967296.0,,,0.18278222232968755,0.18278222232968755,0.0,227.58,
2930,NFCORE_CHIPSEQ:CHIPSEQ:MACS2_CALLPEAK,1702247611000,1702247879000,1,97.1,,1892679680.0,,,0.0883053604640625,0.0883053604640625,0.0,227.58,
2943,NFCORE_CHIPSEQ:CHIPSEQ:MACS2_CALLPEAK,1702247620000,1702247880000,1,97.3,,1892679680.0,,,0.08582244290885416,0.08582244290885416,0.0,227.58,
2957,NFCORE_CHIPSEQ:CHIPSEQ:BEDTOOLS_GENOMECOV,1702247647000,1702247880000,2,120.0,,4567597056.0,,,0.10686286187968753,0.10686286187968753,0.0,227.58,
3016,NFCORE_CHIPSEQ:CHIPSEQ:FRIP_SCORE,1702247831000,1702247891000,2,126.8,,1073741824.0,,,0.023881202125,0.023881202125,0.0,227.58,
3040,NFCORE_CHIPSEQ:CHIPSEQ:FILTER_BAM_BAMTOOLS:BAM_SORT_SAMTOOLS:SAMTOOLS_INDEX,1702247875000,1702247883000,2,128.2,,1073741824.0,,,0.0032171277749999997,0.0032171277749999997,0.0,227.58,
3044,NFCORE_CHIPSEQ:CHIPSEQ:FILTER_BAM_BAMTOOLS:BAM_SORT_SAMTOOLS:BAM_STATS_SAMTOOLS:SAMTOOLS_FLAGSTAT,1702247875000,1702247883000,2,140.4,,1073741824.0,,,0.003504415916666667,0.003504415916666667,0.0,227.58,
3043,NFCORE_CHIPSEQ:CHIPSEQ:FILTER_BAM_BAMTOOLS:BAM_SORT_SAMTOOLS:BAM_STATS_SAMTOOLS:SAMTOOLS_IDXSTATS,1702247877000,1702247880000,1,56.9,,1073741824.0,,,0.0005768026953125,0.0005768026953125,0.0,227.58,
3048,NFCORE_CHIPSEQ:CHIPSEQ:FILTER_BAM_BAMTOOLS:BAM_SORT_SAMTOOLS:SAMTOOLS_INDEX,1702247875000,1702247886000,2,133.7,,1073741824.0,,,0.004601634016145834,0.004601634016145834,0.0,227.58,
3053,NFCORE_CHIPSEQ:CHIPSEQ:FILTER_BAM_BAMTOOLS:BAM_SORT_SAMTOOLS:BAM_STATS_SAMTOOLS:SAMTOOLS_FLAGSTAT,1702247887000,1702247894000,2,135.6,,1073741824.0,,,0.0029674614520833332,0.0029674614520833332,0.0,227.58,
3054,NFCORE_CHIPSEQ:CHIPSEQ:FILTER_BAM_BAMTOOLS:BAM_SORT_SAMTOOLS:BAM_STATS_SAMTOOLS:SAMTOOLS_IDXSTATS,1702247884000,1702247886000,1,51.1,,1073741824.0,,,0.000350390228125,0.000350390228125,0.0,227.58,
2001,NFCORE_CHIPSEQ:CHIPSEQ:PHANTOMPEAKQUALTOOLS,1702246028000,1702247880000,1,11.3,,4294967296.0,,,0.24517808972291674,0.24517808972291674,0.0,227.58,
2631,NFCORE_CHIPSEQ:CHIPSEQ:PHANTOMPEAKQUALTOOLS,1702246976000,1702247893000,1,14.7,,4294967296.0,,,0.1305749001557292,0.1305749001557292,0.0,227.58,
3051,NFCORE_CHIPSEQ:CHIPSEQ:MULTIQC_CUSTOM_PEAKS,1702247894000,1702247895000,2,103.2,,1073741824.0,,,0.00032855282083333335,0.00032855282083333335,0.0,227.58,
3062,NFCORE_CHIPSEQ:CHIPSEQ:FILTER_BAM_BAMTOOLS:BAM_SORT_SAMTOOLS:SAMTOOLS_INDEX,1702247883000,1702247892000,2,143.4,,1073741824.0,,,0.004021943109375,0.004021943109375,0.0,227.58,
3068,NFCORE_CHIPSEQ:CHIPSEQ:MULTIQC_CUSTOM_PEAKS,1702247898000,1702247899000,2,123.1,,1073741824.0,,,0.00038712898906249996,0.00038712898906249996,0.0,227.58,
2131,NFCORE_CHIPSEQ:CHIPSEQ:FILTER_BAM_BAMTOOLS:BAM_SORT_SAMTOOLS:SAMTOOLS_SORT,1702247883000,1702247899000,5,404.9,,6309281792.0,,,0.021399134043749997,0.021399134043749997,0.0,227.58,
2174,NFCORE_CHIPSEQ:CHIPSEQ:FILTER_BAM_BAMTOOLS:BAM_SORT_SAMTOOLS:SAMTOOLS_SORT,1702247880000,1702247907000,5,401.7,,6309281792.0,,,0.03585671804882813,0.03585671804882813,0.0,227.58,
2959,NFCORE_CHIPSEQ:CHIPSEQ:MACS2_CALLPEAK,1702247632000,1702247909000,1,97.7,,1892679680.0,,,0.09176005301523438,0.09176005301523438,0.0,227.58,
3046,NFCORE_CHIPSEQ:CHIPSEQ:FILTER_BAM_BAMTOOLS:BAM_SORT_SAMTOOLS:BAM_STATS_SAMTOOLS:SAMTOOLS_STATS,1702247887000,1702247914000,2,128.6,,1073741824.0,,,0.010889596321875002,0.010889596321875002,0.0,227.58,
3058,NFCORE_CHIPSEQ:CHIPSEQ:FILTER_BAM_BAMTOOLS:BAM_SORT_SAMTOOLS:SAMTOOLS_INDEX,1702247899000,1702247909000,2,140.8,,1073741824.0,,,0.004392294000000001,0.004392294000000001,0.0,227.58,
3071,NFCORE_CHIPSEQ:CHIPSEQ:FILTER_BAM_BAMTOOLS:BAM_SORT_SAMTOOLS:BAM_STATS_SAMTOOLS:SAMTOOLS_IDXSTATS,1702247913000,1702247913000,1,135.6,,1073741824.0,,,0.0,0.0,0.0,227.58,
3069,NFCORE_CHIPSEQ:CHIPSEQ:FILTER_BAM_BAMTOOLS:BAM_SORT_SAMTOOLS:BAM_STATS_SAMTOOLS:SAMTOOLS_FLAGSTAT,1702247902000,1702247909000,2,141.4,,1073741824.0,,,0.0030869686093750004,0.0030869686093750004,0.0,227.58,
2977,NFCORE_CHIPSEQ:CHIPSEQ:MACS2_CALLPEAK,1702247673000,1702247919000,1,96.3,,1892679680.0,,,0.08047712703828125,0.08047712703828125,0.0,227.58,
3075,NFCORE_CHIPSEQ:CHIPSEQ:FILTER_BAM_BAMTOOLS:BAM_SORT_SAMTOOLS:BAM_STATS_SAMTOOLS:SAMTOOLS_IDXSTATS,1702247913000,1702247914000,1,55.9,,1073741824.0,,,0.00018932403906250003,0.00018932403906250003,0.0,227.58,
3086,NFCORE_CHIPSEQ:CHIPSEQ:FILTER_BAM_BAMTOOLS:BAM_SORT_SAMTOOLS:BAM_STATS_SAMTOOLS:SAMTOOLS_IDXSTATS,1702247922000,1702247923000,1,10.5,,1073741824.0,,,5.5687956770833334e-05,5.5687956770833334e-05,0.0,227.58,
2869,NFCORE_CHIPSEQ:CHIPSEQ:HOMER_ANNOTATEPEAKS_MACS2,1702247510000,1702247928000,1,100.6,,4807720960.0,,,0.17015790042109377,0.17015790042109377,0.0,227.58,
2970,NFCORE_CHIPSEQ:CHIPSEQ:BEDTOOLS_GENOMECOV,1702247699000,1702247930000,2,119.0,,4567597056.0,,,0.1052656295796875,0.1052656295796875,0.0,227.58,
3022,NFCORE_CHIPSEQ:CHIPSEQ:FRIP_SCORE,1702247837000,1702247926000,2,127.3,,1073741824.0,,,0.035554770060937504,0.035554770060937504,0.0,227.58,
1423,NFCORE_CHIPSEQ:CHIPSEQ:FILTER_BAM_BAMTOOLS:BAM_SORT_SAMTOOLS:SAMTOOLS_SORT,1702247911000,1702247934000,5,382.8,,6309281792.0,,,0.029265060900911456,0.029265060900911456,0.0,227.58,
3000,NFCORE_CHIPSEQ:CHIPSEQ:BEDTOOLS_GENOMECOV,1702247736000,1702247950000,2,122.4,,4567597056.0,,,0.09966051790312501,0.09966051790312501,0.0,227.58,
3031,NFCORE_CHIPSEQ:CHIPSEQ:PICARD_COLLECTMULTIPLEMETRICS,1702247869000,1702247950000,2,116.2,,2573205504.0,,,0.032515412491406256,0.032515412491406256,0.0,227.58,
3067,NFCORE_CHIPSEQ:CHIPSEQ:UCSC_BEDGRAPHTOBIGWIG,1702247897000,1702247949000,1,97.6,,1073741824.0,,,0.016227591899999998,0.016227591899999998,0.0,227.58,
2090,NFCORE_CHIPSEQ:CHIPSEQ:PHANTOMPEAKQUALTOOLS,1702246058000,1702247946000,1,11.6,,4294967296.0,,,0.2516111836666667,0.2516111836666667,0.0,227.58,
2874,NFCORE_CHIPSEQ:CHIPSEQ:HOMER_ANNOTATEPEAKS_MACS2,1702247534000,1702247950000,1,100.2,,4807720960.0,,,0.1688539450541667,0.1688539450541667,0.0,227.58,
2945,NFCORE_CHIPSEQ:CHIPSEQ:BEDTOOLS_GENOMECOV,1702247628000,1702247962000,2,119.7,,4567597056.0,,,0.15289044868125004,0.15289044868125004,0.0,227.58,
2956,NFCORE_CHIPSEQ:CHIPSEQ:BEDTOOLS_GENOMECOV,1702247632000,1702247962000,2,119.8,,4567597056.0,,,0.15115656170312497,0.15115656170312497,0.0,227.58,
3026,NFCORE_CHIPSEQ:CHIPSEQ:PICARD_COLLECTMULTIPLEMETRICS,1702247865000,1702247961000,2,109.8,,2573205504.0,,,0.03672828277500001,0.03672828277500001,0.0,227.58,
3052,NFCORE_CHIPSEQ:CHIPSEQ:FILTER_BAM_BAMTOOLS:BAM_SORT_SAMTOOLS:BAM_STATS_SAMTOOLS:SAMTOOLS_STATS,1702247932000,1702247962000,2,125.9,,1073741824.0,,,0.011861125859375002,0.011861125859375002,0.0,227.58,
3070,NFCORE_CHIPSEQ:CHIPSEQ:FILTER_BAM_BAMTOOLS:BAM_SORT_SAMTOOLS:BAM_STATS_SAMTOOLS:SAMTOOLS_STATS,1702247929000,1702247956000,2,128.1,,1073741824.0,,,0.010849858720312501,0.010849858720312501,0.0,227.58,
3077,NFCORE_CHIPSEQ:CHIPSEQ:FILTER_BAM_BAMTOOLS:BAM_SORT_SAMTOOLS:BAM_STATS_SAMTOOLS:SAMTOOLS_FLAGSTAT,1702247950000,1702247960000,2,138.5,,1073741824.0,,,0.004324592901041668,0.004324592901041668,0.0,227.58,
3085,NFCORE_CHIPSEQ:CHIPSEQ:FILTER_BAM_BAMTOOLS:BAM_SORT_SAMTOOLS:BAM_STATS_SAMTOOLS:SAMTOOLS_FLAGSTAT,1702247953000,1702247960000,2,140.7,,1073741824.0,,,0.0030725453317708333,0.0030725453317708333,0.0,227.58,
3088,NFCORE_CHIPSEQ:CHIPSEQ:FILTER_BAM_BAMTOOLS:BAM_SORT_SAMTOOLS:SAMTOOLS_INDEX,1702247960000,1702247966000,2,153.6,,1073741824.0,,,0.002861439200000001,0.002861439200000001,0.0,227.58,
2250,NFCORE_CHIPSEQ:CHIPSEQ:FILTER_BAM_BAMTOOLS:BAM_SORT_SAMTOOLS:SAMTOOLS_SORT,1702247938000,1702247962000,5,414.9,,6309281792.0,,,0.032805147315625005,0.032805147315625005,0.0,227.58,
2886,NFCORE_CHIPSEQ:CHIPSEQ:HOMER_ANNOTATEPEAKS_MACS2,1702247563000,1702247970000,1,100.6,,4807720960.0,,,0.16568006093632812,0.16568006093632812,0.0,227.58,
2990,NFCORE_CHIPSEQ:CHIPSEQ:MACS2_CALLPEAK,1702247721000,1702247967000,1,95.9,,1892679680.0,,,0.08018748407578126,0.08018748407578126,0.0,227.58,
3039,NFCORE_CHIPSEQ:CHIPSEQ:PICARD_COLLECTMULTIPLEMETRICS,1702247883000,1702247981000,2,107.9,,2573205504.0,,,0.036945370783854174,0.036945370783854174,0.0,227.58,
3093,NFCORE_CHIPSEQ:CHIPSEQ:FILTER_BAM_BAMTOOLS:BAM_SORT_SAMTOOLS:SAMTOOLS_INDEX,1702247964000,1702247970000,2,148.8,,1073741824.0,,,0.0027766656500000006,0.0027766656500000006,0.0,227.58,
3098,NFCORE_CHIPSEQ:CHIPSEQ:FILTER_BAM_BAMTOOLS:BAM_SORT_SAMTOOLS:BAM_STATS_SAMTOOLS:SAMTOOLS_FLAGSTAT,1702247974000,1702247982000,2,139.1,,1073741824.0,,,0.0034738032458333334,0.0034738032458333334,0.0,227.58,
3097,NFCORE_CHIPSEQ:CHIPSEQ:FILTER_BAM_BAMTOOLS:BAM_SORT_SAMTOOLS:BAM_STATS_SAMTOOLS:SAMTOOLS_IDXSTATS,1702247971000,1702247971000,1,103.9,,1073741824.0,,,0.0,0.0,0.0,227.58,
2148,NFCORE_CHIPSEQ:CHIPSEQ:FILTER_BAM_BAMTOOLS:BAM_SORT_SAMTOOLS:SAMTOOLS_SORT,1702247965000,1702247981000,5,397.2,,6309281792.0,,,0.021036491635416668,0.021036491635416668,0.0,227.58,
2887,NFCORE_CHIPSEQ:CHIPSEQ:HOMER_ANNOTATEPEAKS_MACS2,1702247563000,1702247981000,1,100.4,,4807720960.0,,,0.16991182164401045,0.16991182164401045,0.0,227.58,
3034,NFCORE_CHIPSEQ:CHIPSEQ:FRIP_SCORE,1702247891000,1702247992000,2,123.4,,1073741824.0,,,0.03918921673437501,0.03918921673437501,0.0,227.58,
3036,NFCORE_CHIPSEQ:CHIPSEQ:FRIP_SCORE,1702247903000,1702247991000,2,127.2,,1073741824.0,,,0.03512937523333334,0.03512937523333334,0.0,227.58,
3037,NFCORE_CHIPSEQ:CHIPSEQ:MULTIQC_CUSTOM_PEAKS,1702247985000,1702247986000,2,56.6,,1073741824.0,,,0.00019138450729166672,0.00019138450729166672,0.0,227.58,
3050,NFCORE_CHIPSEQ:CHIPSEQ:PICARD_COLLECTMULTIPLEMETRICS,1702247877000,1702247992000,2,109.7,,2573205504.0,,,0.043963571524739585,0.043963571524739585,0.0,227.58,
3060,NFCORE_CHIPSEQ:CHIPSEQ:PICARD_COLLECTMULTIPLEMETRICS,1702247903000,1702247997000,2,113.0,,2573205504.0,,,0.036848522850520836,0.036848522850520836,0.0,227.58,
3061,NFCORE_CHIPSEQ:CHIPSEQ:PICARD_COLLECTMULTIPLEMETRICS,1702247897000,1702247991000,2,113.3,,2573205504.0,,,0.03693153028489584,0.03693153028489584,0.0,227.58,
3076,NFCORE_CHIPSEQ:CHIPSEQ:FILTER_BAM_BAMTOOLS:BAM_SORT_SAMTOOLS:BAM_STATS_SAMTOOLS:SAMTOOLS_STATS,1702247953000,1702247992000,2,129.7,,1073741824.0,,,0.0158556941765625,0.0158556941765625,0.0,227.58,
3105,NFCORE_CHIPSEQ:CHIPSEQ:MULTIQC_CUSTOM_PEAKS,1702247995000,1702247997000,2,53.6,,1073741824.0,,,0.0003651078583333334,0.0003651078583333334,0.0,227.58,
3108,NFCORE_CHIPSEQ:CHIPSEQ:FILTER_BAM_BAMTOOLS:BAM_SORT_SAMTOOLS:SAMTOOLS_INDEX,1702247984000,1702247994000,2,133.9,,1073741824.0,,,0.004189190703125001,0.004189190703125001,0.0,227.58,
2073,NFCORE_CHIPSEQ:CHIPSEQ:PHANTOMPEAKQUALTOOLS,1702246045000,1702247995000,1,11.8,,4294967296.0,,,0.26102181421875,0.26102181421875,0.0,227.58,
2238,NFCORE_CHIPSEQ:CHIPSEQ:PHANTOMPEAKQUALTOOLS,1702246266000,1702247995000,1,12.4,,4294967296.0,,,0.23449295585625002,0.23449295585625002,0.0,227.58,
2969,NFCORE_CHIPSEQ:CHIPSEQ:BEDTOOLS_GENOMECOV,1702247693000,1702248004000,2,120.7,,4567597056.0,,,0.14327750108958334,0.14327750108958334,0.0,227.58,
2972,NFCORE_CHIPSEQ:CHIPSEQ:BEDTOOLS_GENOMECOV,1702247697000,1702248001000,2,122.0,,4567597056.0,,,0.14121588705833335,0.14121588705833335,0.0,227.58,
2981,NFCORE_CHIPSEQ:CHIPSEQ:BEDTOOLS_GENOMECOV,1702247689000,1702248012000,2,121.9,,4567597056.0,,,0.14994680410833333,0.14994680410833333,0.0,227.58,
3066,NFCORE_CHIPSEQ:CHIPSEQ:FRIP_SCORE,1702247917000,1702248001000,2,128.2,,1073741824.0,,,0.033779841637499995,0.033779841637499995,0.0,227.58,
3087,NFCORE_CHIPSEQ:CHIPSEQ:FILTER_BAM_BAMTOOLS:BAM_SORT_SAMTOOLS:BAM_STATS_SAMTOOLS:SAMTOOLS_STATS,1702247966000,1702247999000,2,125.0,,1073741824.0,,,0.012959815721875,0.012959815721875,0.0,227.58,
3096,NFCORE_CHIPSEQ:CHIPSEQ:FILTER_BAM_BAMTOOLS:BAM_SORT_SAMTOOLS:BAM_STATS_SAMTOOLS:SAMTOOLS_STATS,1702247985000,1702248019000,2,124.2,,1073741824.0,,,0.013272473502083335,0.013272473502083335,0.0,227.58,
3117,NFCORE_CHIPSEQ:CHIPSEQ:FILTER_BAM_BAMTOOLS:BAM_SORT_SAMTOOLS:BAM_STATS_SAMTOOLS:SAMTOOLS_IDXSTATS,1702248004000,1702248004000,1,43.5,,1073741824.0,,,0.0,0.0,0.0,227.58,
3116,NFCORE_CHIPSEQ:CHIPSEQ:FILTER_BAM_BAMTOOLS:BAM_SORT_SAMTOOLS:BAM_STATS_SAMTOOLS:SAMTOOLS_FLAGSTAT,1702248004000,1702248011000,2,123.1,,1073741824.0,,,0.0027099029234375,0.0027099029234375,0.0,227.58,
2999,NFCORE_CHIPSEQ:CHIPSEQ:BEDTOOLS_GENOMECOV,1702247737000,1702248027000,2,121.3,,4567597056.0,,,0.13411498805208336,0.13411498805208336,0.0,227.58,
3104,NFCORE_CHIPSEQ:CHIPSEQ:UCSC_BEDGRAPHTOBIGWIG,1702247974000,1702248021000,1,99.0,,1073741824.0,,,0.014860930538541667,0.014860930538541667,0.0,227.58,
3123,NFCORE_CHIPSEQ:CHIPSEQ:FILTER_BAM_BAMTOOLS:BAM_SORT_SAMTOOLS:SAMTOOLS_INDEX,1702248019000,1702248024000,2,150.9,,1073741824.0,,,0.002344795065104167,0.002344795065104167,0.0,227.58,
3126,NFCORE_CHIPSEQ:CHIPSEQ:FILTER_BAM_BAMTOOLS:BAM_SORT_SAMTOOLS:BAM_STATS_SAMTOOLS:SAMTOOLS_FLAGSTAT,1702248019000,1702248030000,2,140.0,,1073741824.0,,,0.0048056203708333346,0.0048056203708333346,0.0,227.58,
3125,NFCORE_CHIPSEQ:CHIPSEQ:FILTER_BAM_BAMTOOLS:BAM_SORT_SAMTOOLS:BAM_STATS_SAMTOOLS:SAMTOOLS_IDXSTATS,1702248021000,1702248027000,1,22.8,,1073741824.0,,,0.0005513599625,0.0005513599625,0.0,227.58,
3131,NFCORE_CHIPSEQ:CHIPSEQ:FILTER_BAM_BAMTOOLS:BAM_SORT_SAMTOOLS:SAMTOOLS_INDEX,1702248023000,1702248031000,2,134.0,,1073741824.0,,,0.0033537073833333334,0.0033537073833333334,0.0,227.58,
2199,NFCORE_CHIPSEQ:CHIPSEQ:PHANTOMPEAKQUALTOOLS,1702246223000,1702248027000,1,12.6,,4294967296.0,,,0.24572673927083333,0.24572673927083333,0.0,227.58,
3118,NFCORE_CHIPSEQ:CHIPSEQ:FILTER_BAM_BAMTOOLS:BAM_SORT_SAMTOOLS:BAM_STATS_SAMTOOLS:SAMTOOLS_STATS,1702248005000,1702248031000,2,129.1,,1073741824.0,,,0.010524543778125,0.010524543778125,0.0,227.58,
3133,NFCORE_CHIPSEQ:CHIPSEQ:MULTIQC_CUSTOM_PEAKS,1702248033000,1702248033000,2,59.6,,1073741824.0,,,0.0,0.0,0.0,227.58,
3134,NFCORE_CHIPSEQ:CHIPSEQ:MULTIQC_CUSTOM_PEAKS,1702248032000,1702248033000,2,55.7,,1073741824.0,,,0.0001887353338541667,0.0001887353338541667,0.0,227.58,
2954,NFCORE_CHIPSEQ:CHIPSEQ:HOMER_ANNOTATEPEAKS_MACS2,1702247629000,1702248042000,1,100.6,,4807720960.0,,,0.16812251883710938,0.16812251883710938,0.0,227.58,
3090,NFCORE_CHIPSEQ:CHIPSEQ:PICARD_COLLECTMULTIPLEMETRICS,1702247964000,1702248046000,2,117.2,,2573205504.0,,,0.03315820647239584,0.03315820647239584,0.0,227.58,
3109,NFCORE_CHIPSEQ:CHIPSEQ:UCSC_BEDGRAPHTOBIGWIG,1702247995000,1702248040000,1,100.7,,1073741824.0,,,0.014453730257812502,0.014453730257812502,0.0,227.58,
3124,NFCORE_CHIPSEQ:CHIPSEQ:FILTER_BAM_BAMTOOLS:BAM_SORT_SAMTOOLS:BAM_STATS_SAMTOOLS:SAMTOOLS_STATS,1702248019000,1702248047000,2,129.1,,1073741824.0,,,0.01133412406875,0.01133412406875,0.0,227.58,
3136,NFCORE_CHIPSEQ:CHIPSEQ:FILTER_BAM_BAMTOOLS:BAM_SORT_SAMTOOLS:BAM_STATS_SAMTOOLS:SAMTOOLS_FLAGSTAT,1702248033000,1702248041000,2,142.7,,1073741824.0,,,0.003558576795833333,0.003558576795833333,0.0,227.58,
3137,NFCORE_CHIPSEQ:CHIPSEQ:FILTER_BAM_BAMTOOLS:BAM_SORT_SAMTOOLS:BAM_STATS_SAMTOOLS:SAMTOOLS_IDXSTATS,1702248034000,1702248036000,1,77.6,,1073741824.0,,,0.0005063971083333334,0.0005063971083333334,0.0,227.58,
2971,NFCORE_CHIPSEQ:CHIPSEQ:BEDTOOLS_GENOMECOV,1702247682000,1702248051000,2,120.6,,4567597056.0,,,0.16988944788281252,0.16988944788281252,0.0,227.58,
3092,NFCORE_CHIPSEQ:CHIPSEQ:PICARD_COLLECTMULTIPLEMETRICS,1702247965000,1702248050000,2,114.8,,2573205504.0,,,0.033770832274739586,0.033770832274739586,0.0,227.58,
3145,NFCORE_CHIPSEQ:CHIPSEQ:MULTIQC_CUSTOM_PEAKS,1702248049000,1702248049000,2,157.4,,1073741824.0,,,0.0,0.0,0.0,227.58,
3103,NFCORE_CHIPSEQ:CHIPSEQ:FRIP_SCORE,1702247985000,1702248062000,2,127.0,,1073741824.0,,,0.030692873028125005,0.030692873028125005,0.0,227.58,
3135,NFCORE_CHIPSEQ:CHIPSEQ:FILTER_BAM_BAMTOOLS:BAM_SORT_SAMTOOLS:BAM_STATS_SAMTOOLS:SAMTOOLS_STATS,1702248034000,1702248061000,2,127.3,,1073741824.0,,,0.010786278557812501,0.010786278557812501,0.0,227.58,
2600,NFCORE_CHIPSEQ:CHIPSEQ:PHANTOMPEAKQUALTOOLS,1702246939000,1702248061000,1,13.4,,4294967296.0,,,0.15547215413124998,0.15547215413124998,0.0,227.58,
2966,NFCORE_CHIPSEQ:CHIPSEQ:HOMER_ANNOTATEPEAKS_MACS2,1702247646000,1702248067000,1,100.5,,4807720960.0,,,0.17125520692513022,0.17125520692513022,0.0,227.58,
3095,NFCORE_CHIPSEQ:CHIPSEQ:FRIP_SCORE,1702247965000,1702248067000,2,123.2,,1073741824.0,,,0.03951718085000001,0.03951718085000001,0.0,227.58,
3112,NFCORE_CHIPSEQ:CHIPSEQ:UCSC_BEDGRAPHTOBIGWIG,1702247998000,1702248067000,1,100.0,,1073741824.0,,,0.022020214087499997,0.022020214087499997,0.0,227.58,
3113,NFCORE_CHIPSEQ:CHIPSEQ:UCSC_BEDGRAPHTOBIGWIG,1702248000000,1702248071000,1,98.4,,1073741824.0,,,0.022324096604166666,0.022324096604166666,0.0,227.58,
3149,NFCORE_CHIPSEQ:CHIPSEQ:FILTER_BAM_BAMTOOLS:BAM_SORT_SAMTOOLS:BAM_STATS_SAMTOOLS:SAMTOOLS_FLAGSTAT,1702248065000,1702248071000,2,144.4,,1073741824.0,,,0.0026989565625000003,0.0026989565625000003,0.0,227.58,
2418,NFCORE_CHIPSEQ:CHIPSEQ:PHANTOMPEAKQUALTOOLS,1702246577000,1702248068000,1,12.8,,4294967296.0,,,0.20397009220000004,0.20397009220000004,0.0,227.58,
3047,NFCORE_CHIPSEQ:CHIPSEQ:MACS2_CALLPEAK,1702247872000,1702248076000,1,97.0,,1892679680.0,,,0.06715746525781251,0.06715746525781251,0.0,227.58,
3107,NFCORE_CHIPSEQ:CHIPSEQ:PICARD_COLLECTMULTIPLEMETRICS,1702247995000,1702248076000,2,115.7,,2573205504.0,,,0.03239619968671875,0.03239619968671875,0.0,227.58,
3150,NFCORE_CHIPSEQ:CHIPSEQ:FILTER_BAM_BAMTOOLS:BAM_SORT_SAMTOOLS:BAM_STATS_SAMTOOLS:SAMTOOLS_STATS,1702248057000,1702248084000,2,128.0,,1073741824.0,,,0.0108419112,0.0108419112,0.0,227.58,
3151,NFCORE_CHIPSEQ:CHIPSEQ:FILTER_BAM_BAMTOOLS:BAM_SORT_SAMTOOLS:BAM_STATS_SAMTOOLS:SAMTOOLS_IDXSTATS,1702248068000,1702248071000,1,1.3,,1073741824.0,,,8.582255156250001e-05,8.582255156250001e-05,0.0,227.58,
3155,NFCORE_CHIPSEQ:CHIPSEQ:FILTER_BAM_BAMTOOLS:BAM_SORT_SAMTOOLS:BAM_STATS_SAMTOOLS:SAMTOOLS_IDXSTATS,1702248073000,1702248075000,1,9.6,,1073741824.0,,,0.00010607756666666667,0.00010607756666666667,0.0,227.58,
3156,NFCORE_CHIPSEQ:CHIPSEQ:FILTER_BAM_BAMTOOLS:BAM_SORT_SAMTOOLS:BAM_STATS_SAMTOOLS:SAMTOOLS_FLAGSTAT,1702248074000,1702248082000,2,133.7,,1073741824.0,,,0.0033466429208333336,0.0033466429208333336,0.0,227.58,
3164,NFCORE_CHIPSEQ:CHIPSEQ:MULTIQC_CUSTOM_PEAKS,1702248086000,1702248089000,2,6.9,,1073741824.0,,,0.0001352737890625,0.0001352737890625,0.0,227.58,
2982,NFCORE_CHIPSEQ:CHIPSEQ:HOMER_ANNOTATEPEAKS_MACS2,1702247687000,1702248095000,1,100.5,,4807720960.0,,,0.16596704139062501,0.16596704139062501,0.0,227.58,
3056,NFCORE_CHIPSEQ:CHIPSEQ:MACS2_CALLPEAK,1702247881000,1702248091000,1,97.0,,1892679680.0,,,0.06913268482421876,0.06913268482421876,0.0,227.58,
3121,NFCORE_CHIPSEQ:CHIPSEQ:PICARD_COLLECTMULTIPLEMETRICS,1702248004000,1702248091000,2,106.7,,2573205504.0,,,0.03249113729140625,0.03249113729140625,0.0,227.58,
3166,NFCORE_CHIPSEQ:CHIPSEQ:MULTIQC_CUSTOM_PEAKS,1702248095000,1702248096000,2,64.0,,1073741824.0,,,0.0002131666,0.0002131666,0.0,227.58,
2978,NFCORE_CHIPSEQ:CHIPSEQ:HOMER_ANNOTATEPEAKS_MACS2,1702247679000,1702248102000,1,100.6,,4807720960.0,,,0.1721932820050781,0.1721932820050781,0.0,227.58,
3132,NFCORE_CHIPSEQ:CHIPSEQ:PICARD_COLLECTMULTIPLEMETRICS,1702248031000,1702248106000,2,117.2,,2573205504.0,,,0.030327627871093752,0.030327627871093752,0.0,227.58,
3157,NFCORE_CHIPSEQ:CHIPSEQ:FILTER_BAM_BAMTOOLS:BAM_SORT_SAMTOOLS:BAM_STATS_SAMTOOLS:SAMTOOLS_STATS,1702248077000,1702248106000,2,128.4,,1073741824.0,,,0.011679160635416668,0.011679160635416668,0.0,227.58,
2523,NFCORE_CHIPSEQ:CHIPSEQ:PHANTOMPEAKQUALTOOLS,1702246747000,1702248107000,1,12.5,,4294967296.0,,,0.18484822004166668,0.18484822004166668,0.0,227.58,
3142,NFCORE_CHIPSEQ:CHIPSEQ:UCSC_BEDGRAPHTOBIGWIG,1702248047000,1702248109000,1,100.2,,1073741824.0,,,0.01982277904791667,0.01982277904791667,0.0,227.58,
3143,NFCORE_CHIPSEQ:CHIPSEQ:UCSC_BEDGRAPHTOBIGWIG,1702248049000,1702248114000,1,101.5,,1073741824.0,,,0.021030673726562497,0.021030673726562497,0.0,227.58,
3147,NFCORE_CHIPSEQ:CHIPSEQ:UCSC_BEDGRAPHTOBIGWIG,1702248049000,1702248111000,1,96.0,,1073741824.0,,,0.01905628486666667,0.01905628486666667,0.0,227.58,
3144,NFCORE_CHIPSEQ:CHIPSEQ:UCSC_BEDGRAPHTOBIGWIG,1702248049000,1702248118000,1,101.5,,1073741824.0,,,0.022324869032812496,0.022324869032812496,0.0,227.58,
2996,NFCORE_CHIPSEQ:CHIPSEQ:HOMER_ANNOTATEPEAKS_MACS2,1702247730000,1702248132000,1,100.5,,4807720960.0,,,0.16352634960546877,0.16352634960546877,0.0,227.58,
3072,NFCORE_CHIPSEQ:CHIPSEQ:MACS2_CALLPEAK,1702247904000,1702248132000,1,96.7,,1892679680.0,,,0.07485700634218752,0.07485700634218752,0.0,227.58,
2754,NFCORE_CHIPSEQ:CHIPSEQ:PHANTOMPEAKQUALTOOLS,1702247303000,1702248132000,1,14.7,,4294967296.0,,,0.11804426633489584,0.11804426633489584,0.0,227.58,
3083,NFCORE_CHIPSEQ:CHIPSEQ:MACS2_CALLPEAK,1702247927000,1702248140000,1,96.6,,1892679680.0,,,0.06986950618867187,0.06986950618867187,0.0,227.58,
3074,NFCORE_CHIPSEQ:CHIPSEQ:BEDTOOLS_GENOMECOV,1702247916000,1702248181000,2,122.9,,4567597056.0,,,0.12380140619270835,0.12380140619270835,0.0,227.58,
3163,NFCORE_CHIPSEQ:CHIPSEQ:UCSC_BEDGRAPHTOBIGWIG,1702248106000,1702248186000,1,100.6,,1073741824.0,,,0.02567197225,0.02567197225,0.0,227.58,
3172,NFCORE_CHIPSEQ:CHIPSEQ:FRIP_SCORE,1702248114000,1702248193000,2,125.1,,1073741824.0,,,0.031048267250520834,0.031048267250520834,0.0,227.58,
2155,NFCORE_CHIPSEQ:CHIPSEQ:PHANTOMPEAKQUALTOOLS,1702246196000,1702248193000,1,12.1,,4294967296.0,,,0.2690765756796875,0.2690765756796875,0.0,227.58,
3079,NFCORE_CHIPSEQ:CHIPSEQ:MACS2_CALLPEAK,1702247914000,1702248202000,1,97.7,,1892679680.0,,,0.09540395403750002,0.09540395403750002,0.0,227.58,
3184,NFCORE_CHIPSEQ:CHIPSEQ:MULTIQC_CUSTOM_PEAKS,1702248197000,1702248201000,2,85.0,,1073741824.0,,,0.0010999225875000002,0.0010999225875000002,0.0,227.58,
3080,NFCORE_CHIPSEQ:CHIPSEQ:BEDTOOLS_GENOMECOV,1702247965000,1702248204000,2,118.2,,4567597056.0,,,0.1083483903296875,0.1083483903296875,0.0,227.58,
3179,NFCORE_CHIPSEQ:CHIPSEQ:FRIP_SCORE,1702248136000,1702248210000,2,125.8,,1073741824.0,,,0.029235661693750005,0.029235661693750005,0.0,227.58,
2419,NFCORE_CHIPSEQ:CHIPSEQ:PHANTOMPEAKQUALTOOLS,1702246584000,1702248210000,1,12.5,,4294967296.0,,,0.221002357196875,0.221002357196875,0.0,227.58,
3011,NFCORE_CHIPSEQ:CHIPSEQ:HOMER_ANNOTATEPEAKS_MACS2,1702247802000,1702248213000,1,100.2,,4807720960.0,,,0.16682445052226566,0.16682445052226566,0.0,227.58,
3101,NFCORE_CHIPSEQ:CHIPSEQ:BEDTOOLS_GENOMECOV,1702247970000,1702248215000,2,124.1,,4567597056.0,,,0.11532330049479167,0.11532330049479167,0.0,227.58,
3120,NFCORE_CHIPSEQ:CHIPSEQ:MACS2_CALLPEAK,1702248001000,1702248213000,1,97.0,,1892679680.0,,,0.06979109134635417,0.06979109134635417,0.0,227.58,
3187,NFCORE_CHIPSEQ:CHIPSEQ:MULTIQC_CUSTOM_PEAKS,1702248212000,1702248213000,2,85.3,,1073741824.0,,,0.00027586370468750003,0.00027586370468750003,0.0,227.58,
2761,NFCORE_CHIPSEQ:CHIPSEQ:PHANTOMPEAKQUALTOOLS,1702247294000,1702248215000,1,14.8,,4294967296.0,,,0.13141557316875002,0.13141557316875002,0.0,227.58,
3015,NFCORE_CHIPSEQ:CHIPSEQ:HOMER_ANNOTATEPEAKS_MACS2,1702247830000,1702248231000,1,100.3,,4807720960.0,,,0.1628834968527344,0.1628834968527344,0.0,227.58,
3100,NFCORE_CHIPSEQ:CHIPSEQ:MACS2_CALLPEAK,1702247968000,1702248234000,1,97.7,,1892679680.0,,,0.08811615199296877,0.08811615199296877,0.0,227.58,
3128,NFCORE_CHIPSEQ:CHIPSEQ:MACS2_CALLPEAK,1702248020000,1702248231000,1,97.5,,1892679680.0,,,0.0697724300826823,0.0697724300826823,0.0,227.58,
2541,NFCORE_CHIPSEQ:CHIPSEQ:DEEPTOOLS_PLOTFINGERPRINT,1702248109000,1702248237000,8,671.9,,4294967296.0,,,0.2658404967333334,0.2658404967333334,0.0,227.58,
3021,NFCORE_CHIPSEQ:CHIPSEQ:HOMER_ANNOTATEPEAKS_MACS2,1702247837000,1702248240000,1,101.2,,4807720960.0,,,0.16476350026601566,0.16476350026601566,0.0,227.58,
3182,NFCORE_CHIPSEQ:CHIPSEQ:UCSC_BEDGRAPHTOBIGWIG,1702248188000,1702248240000,1,100.6,,1073741824.0,,,0.016686781962499998,0.016686781962499998,0.0,227.58,
1649,NFCORE_CHIPSEQ:CHIPSEQ:DEEPTOOLS_PLOTFINGERPRINT,1702248105000,1702248238000,8,678.3,,4294967296.0,,,0.2787304205036458,0.2787304205036458,0.0,227.58,
3153,NFCORE_CHIPSEQ:CHIPSEQ:MACS2_CALLPEAK,1702248056000,1702248256000,1,97.2,,1892679680.0,,,0.06595839325520833,0.06595839325520833,0.0,227.58,
3186,NFCORE_CHIPSEQ:CHIPSEQ:UCSC_BEDGRAPHTOBIGWIG,1702248211000,1702248261000,1,99.4,,1073741824.0,,,0.01586837109375,0.01586837109375,0.0,227.58,
2623,NFCORE_CHIPSEQ:CHIPSEQ:PHANTOMPEAKQUALTOOLS,1702246955000,1702248262000,1,13.1,,4294967296.0,,,0.17995288929427086,0.17995288929427086,0.0,227.58,
3139,NFCORE_CHIPSEQ:CHIPSEQ:MACS2_CALLPEAK,1702248042000,1702248261000,1,95.8,,1892679680.0,,,0.07132195553007813,0.07132195553007813,0.0,227.58,
3159,NFCORE_CHIPSEQ:CHIPSEQ:MACS2_CALLPEAK,1702248074000,1702248270000,1,97.3,,1892679680.0,,,0.06469691850052084,0.06469691850052084,0.0,227.58,
3189,NFCORE_CHIPSEQ:CHIPSEQ:UCSC_BEDGRAPHTOBIGWIG,1702248223000,1702248274000,1,100.1,,1073741824.0,,,0.016290822395312498,0.016290822395312498,0.0,227.58,
3035,NFCORE_CHIPSEQ:CHIPSEQ:HOMER_ANNOTATEPEAKS_MACS2,1702247857000,1702248277000,1,100.2,,4807720960.0,,,0.1704775406796875,0.1704775406796875,0.0,227.58,
3115,NFCORE_CHIPSEQ:CHIPSEQ:BEDTOOLS_GENOMECOV,1702248000000,1702248276000,2,123.5,,4567597056.0,,,0.1294277804,0.1294277804,0.0,227.58,
3146,NFCORE_CHIPSEQ:CHIPSEQ:BEDTOOLS_GENOMECOV,1702248049000,1702248281000,2,121.8,,4567597056.0,,,0.10763343946250002,0.10763343946250002,0.0,227.58,
2777,NFCORE_CHIPSEQ:CHIPSEQ:PHANTOMPEAKQUALTOOLS,1702247307000,1702248281000,1,14.1,,4294967296.0,,,0.13697113680729167,0.13697113680729167,0.0,227.58,
3033,NFCORE_CHIPSEQ:CHIPSEQ:HOMER_ANNOTATEPEAKS_MACS2,1702247856000,1702248286000,1,100.0,,4807720960.0,,,0.1742833865039063,0.1742833865039063,0.0,227.58,
2477,NFCORE_CHIPSEQ:CHIPSEQ:PHANTOMPEAKQUALTOOLS,1702246686000,1702248287000,1,12.2,,4294967296.0,,,0.21619063641770836,0.21619063641770836,0.0,227.58,
3204,NFCORE_CHIPSEQ:CHIPSEQ:PLOT_MACS2_QC,1702248276000,1702248296000,2,127.7,,1073741824.0,,,0.008013384177083334,0.008013384177083334,0.0,227.58,
3191,NFCORE_CHIPSEQ:CHIPSEQ:FRIP_SCORE,1702248223000,1702248296000,2,124.8,,1073741824.0,,,0.028625707783333332,0.028625707783333332,0.0,227.58,
3213,NFCORE_CHIPSEQ:CHIPSEQ:MACS2_CONSENSUS,1702248299000,1702248305000,6,147.1,,1073741824.0,,,0.002746641684375,0.002746641684375,0.0,227.58,
2267,NFCORE_CHIPSEQ:CHIPSEQ:PHANTOMPEAKQUALTOOLS,1702246275000,1702248306000,1,12.4,,4294967296.0,,,0.27545123964375007,0.27545123964375007,0.0,227.58,
3129,NFCORE_CHIPSEQ:CHIPSEQ:BEDTOOLS_GENOMECOV,1702248026000,1702248305000,2,122.0,,4567597056.0,,,0.1296027384515625,0.1296027384515625,0.0,227.58,
3065,NFCORE_CHIPSEQ:CHIPSEQ:HOMER_ANNOTATEPEAKS_MACS2,1702247912000,1702248318000,1,101.1,,4807720960.0,,,0.1658705204059896,0.1658705204059896,0.0,227.58,
3162,NFCORE_CHIPSEQ:CHIPSEQ:BEDTOOLS_GENOMECOV,1702248086000,1702248318000,2,123.7,,4567597056.0,,,0.10893094574166669,0.10893094574166669,0.0,227.58,
3169,NFCORE_CHIPSEQ:CHIPSEQ:BEDTOOLS_GENOMECOV,1702248101000,1702248318000,2,123.6,,4567597056.0,,,0.10182412214843749,0.10182412214843749,0.0,227.58,
3212,NFCORE_CHIPSEQ:CHIPSEQ:MACS2_CONSENSUS,1702248308000,1702248318000,6,181.6,,1073741824.0,,,0.005593252625000001,0.005593252625000001,0.0,227.58,
2843,NFCORE_CHIPSEQ:CHIPSEQ:PHANTOMPEAKQUALTOOLS,1702247416000,1702248320000,1,14.3,,4294967296.0,,,0.1276594047791667,0.1276594047791667,0.0,227.58,
3173,NFCORE_CHIPSEQ:CHIPSEQ:BEDTOOLS_GENOMECOV,1702248117000,1702248320000,2,123.2,,4567597056.0,,,0.09501580963072918,0.09501580963072918,0.0,227.58,
3194,NFCORE_CHIPSEQ:CHIPSEQ:FRIP_SCORE,1702248238000,1702248321000,2,122.8,,1073741824.0,,,0.032058412293750005,0.032058412293750005,0.0,227.58,
3209,NFCORE_CHIPSEQ:CHIPSEQ:MACS2_CONSENSUS,1702248321000,1702248326000,6,172.6,,1073741824.0,,,0.0026641676406250004,0.0026641676406250004,0.0,227.58,
3220,NFCORE_CHIPSEQ:CHIPSEQ:MULTIQC_CUSTOM_PEAKS,1702248313000,1702248321000,2,62.7,,1073741824.0,,,0.0016747201291666667,0.0016747201291666667,0.0,227.58,
3154,NFCORE_CHIPSEQ:CHIPSEQ:BEDTOOLS_GENOMECOV,1702248074000,1702248326000,2,119.2,,4567597056.0,,,0.11498358598125004,0.11498358598125004,0.0,227.58,
3197,NFCORE_CHIPSEQ:CHIPSEQ:FRIP_SCORE,1702248267000,1702248335000,2,126.8,,1073741824.0,,,0.027065362408333335,0.027065362408333335,0.0,227.58,
3201,NFCORE_CHIPSEQ:CHIPSEQ:FRIP_SCORE,1702248275000,1702248341000,2,128.2,,1073741824.0,,,0.026541304143749996,0.026541304143749996,0.0,227.58,
3203,NFCORE_CHIPSEQ:CHIPSEQ:FRIP_SCORE,1702248276000,1702248335000,2,128.8,,1073741824.0,,,0.023830518162500005,0.023830518162500005,0.0,227.58,
3206,NFCORE_CHIPSEQ:CHIPSEQ:MACS2_CONSENSUS,1702248329000,1702248335000,6,158.3,,1073741824.0,,,0.0029444466343750007,0.0029444466343750007,0.0,227.58,
3211,NFCORE_CHIPSEQ:CHIPSEQ:MACS2_CONSENSUS,1702248329000,1702248335000,6,171.1,,1073741824.0,,,0.003170509434375,0.003170509434375,0.0,227.58,
3207,NFCORE_CHIPSEQ:CHIPSEQ:MACS2_CONSENSUS,1702248339000,1702248345000,6,207.8,,1073741824.0,,,0.0038186738687500006,0.0038186738687500006,0.0,227.58,
3208,NFCORE_CHIPSEQ:CHIPSEQ:MACS2_CONSENSUS,1702248348000,1702248351000,6,203.1,,1073741824.0,,,0.0018678332171875001,0.0018678332171875001,0.0,227.58,
3231,NFCORE_CHIPSEQ:CHIPSEQ:MULTIQC_CUSTOM_PEAKS,1702248346000,1702248347000,2,62.1,,1073741824.0,,,0.00020757390052083334,0.00020757390052083334,0.0,227.58,
3235,NFCORE_CHIPSEQ:CHIPSEQ:MULTIQC_CUSTOM_PEAKS,1702248347000,1702248353000,2,0.6,,1073741824.0,,,0.00015928229375000003,0.00015928229375000003,0.0,227.58,
3094,NFCORE_CHIPSEQ:CHIPSEQ:HOMER_ANNOTATEPEAKS_MACS2,1702247954000,1702248353000,1,101.0,,4807720960.0,,,0.16289323715820317,0.16289323715820317,0.0,227.58,
3214,NFCORE_CHIPSEQ:CHIPSEQ:MACS2_CONSENSUS,1702248354000,1702248356000,6,269.4,,1073741824.0,,,0.0016355336979166667,0.0016355336979166667,0.0,227.58,
3216,NFCORE_CHIPSEQ:CHIPSEQ:UCSC_BEDGRAPHTOBIGWIG,1702248298000,1702248355000,1,100.2,,1073741824.0,,,0.018224167834375006,0.018224167834375006,0.0,227.58,
3217,NFCORE_CHIPSEQ:CHIPSEQ:UCSC_BEDGRAPHTOBIGWIG,1702248306000,1702248357000,1,99.9,,1073741824.0,,,0.016260798429687497,0.016260798429687497,0.0,227.58,
3236,NFCORE_CHIPSEQ:CHIPSEQ:MULTIQC_CUSTOM_PEAKS,1702248354000,1702248354000,2,85.3,,1073741824.0,,,0.0,0.0,0.0,227.58,
3237,NFCORE_CHIPSEQ:CHIPSEQ:MULTIQC_CUSTOM_PEAKS,1702248355000,1702248356000,2,73.8,,1073741824.0,,,0.00024201315520833334,0.00024201315520833334,0.0,227.58,
3205,NFCORE_CHIPSEQ:CHIPSEQ:MACS2_CONSENSUS,1702248359000,1702248361000,6,291.9,,1073741824.0,,,0.0017679923697916666,0.0017679923697916666,0.0,227.58,
3210,NFCORE_CHIPSEQ:CHIPSEQ:MACS2_CONSENSUS,1702248364000,1702248366000,6,190.0,,1073741824.0,,,0.0011681017625000002,0.0011681017625000002,0.0,227.58,
3228,NFCORE_CHIPSEQ:CHIPSEQ:SUBREAD_FEATURECOUNTS,1702248338000,1702248364000,5,463.8,,1073741824.0,,,0.036139696097916674,0.036139696097916674,0.0,227.58,
2598,NFCORE_CHIPSEQ:CHIPSEQ:PHANTOMPEAKQUALTOOLS,1702246938000,1702248366000,1,13.6,,4294967296.0,,,0.19871432175000006,0.19871432175000006,0.0,227.58,
3222,NFCORE_CHIPSEQ:CHIPSEQ:SUBREAD_FEATURECOUNTS,1702248321000,1702248377000,5,478.6,,1073741824.0,,,0.080278939825,0.080278939825,0.0,227.58,
3225,NFCORE_CHIPSEQ:CHIPSEQ:UCSC_BEDGRAPHTOBIGWIG,1702248326000,1702248374000,1,100.1,,1073741824.0,,,0.015332538725,0.015332538725,0.0,227.58,
3226,NFCORE_CHIPSEQ:CHIPSEQ:UCSC_BEDGRAPHTOBIGWIG,1702248328000,1702248376000,1,100.1,,1073741824.0,,,0.015332538725,0.015332538725,0.0,227.58,
3224,NFCORE_CHIPSEQ:CHIPSEQ:UCSC_BEDGRAPHTOBIGWIG,1702248322000,1702248380000,1,92.1,,1073741824.0,,,0.01716102154270833,0.01716102154270833,0.0,227.58,
2209,NFCORE_CHIPSEQ:CHIPSEQ:DEEPTOOLS_PLOTFINGERPRINT,1702248240000,1702248386000,8,587.3,,4294967296.0,,,0.2668670603302083,0.2668670603302083,0.0,227.58,
2297,NFCORE_CHIPSEQ:CHIPSEQ:DEEPTOOLS_PLOTFINGERPRINT,1702248241000,1702248386000,8,577.1,,4294967296.0,,,0.2606857287369792,0.2606857287369792,0.0,227.58,
2776,NFCORE_CHIPSEQ:CHIPSEQ:PHANTOMPEAKQUALTOOLS,1702247321000,1702248388000,1,13.7,,4294967296.0,,,0.14879319279114583,0.14879319279114583,0.0,227.58,
3102,NFCORE_CHIPSEQ:CHIPSEQ:HOMER_ANNOTATEPEAKS_MACS2,1702247974000,1702248386000,1,99.9,,4807720960.0,,,0.16686652960989587,0.16686652960989587,0.0,227.58,
3230,NFCORE_CHIPSEQ:CHIPSEQ:UCSC_BEDGRAPHTOBIGWIG,1702248338000,1702248386000,1,100.1,,1073741824.0,,,0.015332538725,0.015332538725,0.0,227.58,
2751,NFCORE_CHIPSEQ:CHIPSEQ:DEEPTOOLS_PLOTFINGERPRINT,1702248234000,1702248399000,8,660.8,,4294967296.0,,,0.33729394737499996,0.33729394737499996,0.0,227.58,
3114,NFCORE_CHIPSEQ:CHIPSEQ:BEDTOOLS_GENOMECOV,1702248000000,1702248396000,2,119.1,,4567597056.0,,,0.180571928625,0.180571928625,0.0,227.58,
3234,NFCORE_CHIPSEQ:CHIPSEQ:UCSC_BEDGRAPHTOBIGWIG,1702248346000,1702248397000,1,98.9,,1073741824.0,,,0.016110678601562508,0.016110678601562508,0.0,227.58,
2604,NFCORE_CHIPSEQ:CHIPSEQ:PHANTOMPEAKQUALTOOLS,1702246946000,1702248409000,1,13.9,,4294967296.0,,,0.20487668439218754,0.20487668439218754,0.0,227.58,
3233,NFCORE_CHIPSEQ:CHIPSEQ:SUBREAD_FEATURECOUNTS,1702248369000,1702248416000,5,469.8,,1073741824.0,,,0.06615952498229168,0.06615952498229168,0.0,227.58,
3239,NFCORE_CHIPSEQ:CHIPSEQ:SUBREAD_FEATURECOUNTS,1702248367000,1702248416000,5,459.0,,1073741824.0,,,0.06741710993645833,0.06741710993645833,0.0,227.58,
3247,NFCORE_CHIPSEQ:CHIPSEQ:SUBREAD_FEATURECOUNTS,1702248380000,1702248420000,5,485.6,,1073741824.0,,,0.05816628716666667,0.05816628716666667,0.0,227.58,
3254,NFCORE_CHIPSEQ:CHIPSEQ:DESEQ2_QC,1702248390000,1702248416000,4,139.6,,1303379968.0,,,0.01146592192890625,0.01146592192890625,0.0,227.58,
2571,NFCORE_CHIPSEQ:CHIPSEQ:PHANTOMPEAKQUALTOOLS,1702246908000,1702248421000,1,14.2,,4294967296.0,,,0.213214688128125,0.213214688128125,0.0,227.58,
3241,NFCORE_CHIPSEQ:CHIPSEQ:SUBREAD_FEATURECOUNTS,1702248379000,1702248423000,5,465.8,,1073741824.0,,,0.061418515995833346,0.061418515995833346,0.0,227.58,
3243,NFCORE_CHIPSEQ:CHIPSEQ:SUBREAD_FEATURECOUNTS,1702248389000,1702248424000,5,462.8,,1073741824.0,,,0.04854656748958334,0.04854656748958334,0.0,227.58,
3245,NFCORE_CHIPSEQ:CHIPSEQ:SUBREAD_FEATURECOUNTS,1702248389000,1702248425000,5,457.6,,1073741824.0,,,0.04938258420000002,0.04938258420000002,0.0,227.58,
3253,NFCORE_CHIPSEQ:CHIPSEQ:SUBREAD_FEATURECOUNTS,1702248403000,1702248436000,5,459.4,,1073741824.0,,,0.045442214296875,0.045442214296875,0.0,227.58,
3256,NFCORE_CHIPSEQ:CHIPSEQ:DESEQ2_QC,1702248403000,1702248436000,4,183.0,,1303379968.0,,,0.01876861890664063,0.01876861890664063,0.0,227.58,
2858,NFCORE_CHIPSEQ:CHIPSEQ:PHANTOMPEAKQUALTOOLS,1702247480000,1702248436000,1,14.6,,4294967296.0,,,0.13584684814583334,0.13584684814583334,0.0,227.58,
3251,NFCORE_CHIPSEQ:CHIPSEQ:SUBREAD_FEATURECOUNTS,1702248389000,1702248441000,5,475.9,,1073741824.0,,,0.07413145878124999,0.07413145878124999,0.0,227.58,
3265,NFCORE_CHIPSEQ:CHIPSEQ:DESEQ2_QC,1702248426000,1702248449000,4,146.6,,1303379968.0,,,0.01061683862981771,0.01061683862981771,0.0,227.58,
3267,NFCORE_CHIPSEQ:CHIPSEQ:DESEQ2_QC,1702248427000,1702248447000,4,127.8,,1303379968.0,,,0.008125267799479167,0.008125267799479167,0.0,227.58,
3266,NFCORE_CHIPSEQ:CHIPSEQ:DESEQ2_QC,1702248424000,1702248450000,4,220.3,,1303379968.0,,,0.01764202826953125,0.01764202826953125,0.0,227.58,
2495,NFCORE_CHIPSEQ:CHIPSEQ:PHANTOMPEAKQUALTOOLS,1702246688000,1702248456000,1,12.3,,4294967296.0,,,0.23926185524583332,0.23926185524583332,0.0,227.58,
3269,NFCORE_CHIPSEQ:CHIPSEQ:DESEQ2_QC,1702248439000,1702248463000,4,182.5,,1303379968.0,,,0.013614582346875003,0.013614582346875003,0.0,227.58,
3270,NFCORE_CHIPSEQ:CHIPSEQ:DESEQ2_QC,1702248439000,1702248461000,4,165.6,,1303379968.0,,,0.011385630835677086,0.011385630835677086,0.0,227.58,
3272,NFCORE_CHIPSEQ:CHIPSEQ:DESEQ2_QC,1702248450000,1702248466000,4,114.0,,1303379968.0,,,0.005850283689583333,0.005850283689583333,0.0,227.58,
3271,NFCORE_CHIPSEQ:CHIPSEQ:DESEQ2_QC,1702248445000,1702248471000,4,141.7,,1303379968.0,,,0.01162663845078125,0.01162663845078125,0.0,227.58,
3274,NFCORE_CHIPSEQ:CHIPSEQ:DESEQ2_QC,1702248452000,1702248471000,4,135.2,,1303379968.0,,,0.008132864170963542,0.008132864170963542,0.0,227.58,
2804,NFCORE_CHIPSEQ:CHIPSEQ:PHANTOMPEAKQUALTOOLS,1702247325000,1702248481000,1,12.7,,4294967296.0,,,0.15780153025625004,0.15780153025625004,0.0,227.58,
2431,NFCORE_CHIPSEQ:CHIPSEQ:PHANTOMPEAKQUALTOOLS,1702246596000,1702248491000,1,12.9,,4294967296.0,,,0.25979544051822917,0.25979544051822917,0.0,227.58,
2176,NFCORE_CHIPSEQ:CHIPSEQ:PHANTOMPEAKQUALTOOLS,1702246208000,1702248500000,1,11.8,,4294967296.0,,,0.30680102471250004,0.30680102471250004,0.0,227.58,
3262,NFCORE_CHIPSEQ:CHIPSEQ:UCSC_BEDGRAPHTOBIGWIG,1702248410000,1702248506000,1,94.7,,1073741824.0,,,0.02913915355,0.02913915355,0.0,227.58,
3280,NFCORE_CHIPSEQ:CHIPSEQ:IGV,1702248518000,1702248531000,1,3.4,,1073741824.0,,,0.000452255984375,0.000452255984375,0.0,227.58,
3171,NFCORE_CHIPSEQ:CHIPSEQ:HOMER_ANNOTATEPEAKS_MACS2,1702248111000,1702248546000,1,99.7,,4807720960.0,,,0.17592580736132818,0.17592580736132818,0.0,227.58,
2275,NFCORE_CHIPSEQ:CHIPSEQ:PHANTOMPEAKQUALTOOLS,1702246290000,1702248551000,1,12.3,,4294967296.0,,,0.30597910334322925,0.30597910334322925,0.0,227.58,
2453,NFCORE_CHIPSEQ:CHIPSEQ:DEEPTOOLS_PLOTFINGERPRINT,1702248428000,1702248551000,8,644.1,,4294967296.0,,,0.24539100938281252,0.24539100938281252,0.0,227.58,
2339,NFCORE_CHIPSEQ:CHIPSEQ:PHANTOMPEAKQUALTOOLS,1702246423000,1702248557000,1,12.0,,4294967296.0,,,0.28690786180833333,0.28690786180833333,0.0,227.58,
2894,NFCORE_CHIPSEQ:CHIPSEQ:PHANTOMPEAKQUALTOOLS,1702247590000,1702248571000,1,14.4,,4294967296.0,,,0.13882180867500002,0.13882180867500002,0.0,227.58,
3180,NFCORE_CHIPSEQ:CHIPSEQ:HOMER_ANNOTATEPEAKS_MACS2,1702248137000,1702248586000,1,100.1,,4807720960.0,,,0.18211644464544272,0.18211644464544272,0.0,227.58,
2964,NFCORE_CHIPSEQ:CHIPSEQ:PHANTOMPEAKQUALTOOLS,1702247655000,1702248591000,1,14.7,,4294967296.0,,,0.1332803779125,0.1332803779125,0.0,227.58,
3193,NFCORE_CHIPSEQ:CHIPSEQ:HOMER_ANNOTATEPEAKS_MACS2,1702248237000,1702248621000,1,100.0,,4807720960.0,,,0.15563911725000004,0.15563911725000004,0.0,227.58,
2897,NFCORE_CHIPSEQ:CHIPSEQ:PHANTOMPEAKQUALTOOLS,1702247570000,1702248631000,1,13.2,,4294967296.0,,,0.14639495198541666,0.14639495198541666,0.0,227.58,
3190,NFCORE_CHIPSEQ:CHIPSEQ:HOMER_ANNOTATEPEAKS_MACS2,1702248223000,1702248628000,1,99.3,,4807720960.0,,,0.1633161418417969,0.1633161418417969,0.0,227.58,
3196,NFCORE_CHIPSEQ:CHIPSEQ:HOMER_ANNOTATEPEAKS_MACS2,1702248267000,1702248686000,1,99.6,,4807720960.0,,,0.1693316393264323,0.1693316393264323,0.0,227.58,
3200,NFCORE_CHIPSEQ:CHIPSEQ:HOMER_ANNOTATEPEAKS_MACS2,1702248275000,1702248690000,1,100.1,,4807720960.0,,,0.16832588981705734,0.16832588981705734,0.0,227.58,
3202,NFCORE_CHIPSEQ:CHIPSEQ:HOMER_ANNOTATEPEAKS_MACS2,1702248277000,1702248690000,1,100.0,,4807720960.0,,,0.16739311308398439,0.16739311308398439,0.0,227.58,
2565,NFCORE_CHIPSEQ:CHIPSEQ:PHANTOMPEAKQUALTOOLS,1702246892000,1702248706000,1,12.5,,4294967296.0,,,0.24655490526145843,0.24655490526145843,0.0,227.58,
2671,NFCORE_CHIPSEQ:CHIPSEQ:PHANTOMPEAKQUALTOOLS,1702246991000,1702248706000,1,13.4,,4294967296.0,,,0.23764237463020832,0.23764237463020832,0.0,227.58,
3286,NFCORE_CHIPSEQ:CHIPSEQ:PLOT_HOMER_ANNOTATEPEAKS,1702248703000,1702248731000,2,102.4,,1073741824.0,,,0.009133544,0.009133544,0.0,227.58,
2261,NFCORE_CHIPSEQ:CHIPSEQ:DEEPTOOLS_PLOTFINGERPRINT,1702248594000,1702248751000,8,567.9,,4294967296.0,,,0.2780080910661459,0.2780080910661459,0.0,227.58,
3221,NFCORE_CHIPSEQ:CHIPSEQ:HOMER_ANNOTATEPEAKS_CONSENSUS,1702248320000,1702248761000,1,100.1,,4841275392.0,,,0.17921312045273438,0.17921312045273438,0.0,227.58,
2413,NFCORE_CHIPSEQ:CHIPSEQ:PHANTOMPEAKQUALTOOLS,1702246566000,1702248767000,1,11.7,,4294967296.0,,,0.2939721366338542,0.2939721366338542,0.0,227.58,
3227,NFCORE_CHIPSEQ:CHIPSEQ:HOMER_ANNOTATEPEAKS_CONSENSUS,1702248329000,1702248766000,1,100.0,,4841275392.0,,,0.17745897253294274,0.17745897253294274,0.0,227.58,
3289,NFCORE_CHIPSEQ:CHIPSEQ:ANNOTATE_BOOLEAN_PEAKS,1702248767000,1702248767000,1,109.0,,1073741824.0,,,0.0,0.0,0.0,227.58,
3291,NFCORE_CHIPSEQ:CHIPSEQ:ANNOTATE_BOOLEAN_PEAKS,1702248775000,1702248776000,1,110.2,,1073741824.0,,,0.00034915750312500005,0.00034915750312500005,0.0,227.58,
3232,NFCORE_CHIPSEQ:CHIPSEQ:HOMER_ANNOTATEPEAKS_CONSENSUS,1702248346000,1702248786000,1,100.0,,4841275392.0,,,0.17867722634895836,0.17867722634895836,0.0,227.58,
3242,NFCORE_CHIPSEQ:CHIPSEQ:HOMER_ANNOTATEPEAKS_CONSENSUS,1702248363000,1702248781000,1,100.1,,4841275392.0,,,0.1698664044200521,0.1698664044200521,0.0,227.58,
3246,NFCORE_CHIPSEQ:CHIPSEQ:HOMER_ANNOTATEPEAKS_CONSENSUS,1702248370000,1702248781000,1,100.1,,4841275392.0,,,0.16702175171445313,0.16702175171445313,0.0,227.58,
2404,NFCORE_CHIPSEQ:CHIPSEQ:PHANTOMPEAKQUALTOOLS,1702246570000,1702248781000,1,11.7,,4294967296.0,,,0.2953077665140625,0.2953077665140625,0.0,227.58,
3240,NFCORE_CHIPSEQ:CHIPSEQ:HOMER_ANNOTATEPEAKS_CONSENSUS,1702248361000,1702248793000,1,100.1,,4841275392.0,,,0.17555570983125002,0.17555570983125002,0.0,227.58,
3250,NFCORE_CHIPSEQ:CHIPSEQ:HOMER_ANNOTATEPEAKS_CONSENSUS,1702248379000,1702248796000,1,100.0,,4841275392.0,,,0.16933728042617188,0.16933728042617188,0.0,227.58,
3292,NFCORE_CHIPSEQ:CHIPSEQ:ANNOTATE_BOOLEAN_PEAKS,1702248790000,1702248791000,1,115.8,,1073741824.0,,,0.00036564124895833343,0.00036564124895833343,0.0,227.58,
3293,NFCORE_CHIPSEQ:CHIPSEQ:ANNOTATE_BOOLEAN_PEAKS,1702248790000,1702248791000,1,105.3,,1073741824.0,,,0.00033473422552083334,0.00033473422552083334,0.0,227.58,
3294,NFCORE_CHIPSEQ:CHIPSEQ:ANNOTATE_BOOLEAN_PEAKS,1702248790000,1702248791000,1,4.0,,1073741824.0,,,3.6555037500000004e-05,3.6555037500000004e-05,0.0,227.58,
2612,NFCORE_CHIPSEQ:CHIPSEQ:DEEPTOOLS_PLOTFINGERPRINT,1702248634000,1702248792000,8,612.8,,4294967296.0,,,0.30066080568333337,0.30066080568333337,0.0,227.58,
3238,NFCORE_CHIPSEQ:CHIPSEQ:HOMER_ANNOTATEPEAKS_CONSENSUS,1702248355000,1702248801000,1,100.0,,4841275392.0,,,0.18111373398098962,0.18111373398098962,0.0,227.58,
3252,NFCORE_CHIPSEQ:CHIPSEQ:HOMER_ANNOTATEPEAKS_CONSENSUS,1702248380000,1702248805000,1,99.8,,4841275392.0,,,0.17233575755533856,0.17233575755533856,0.0,227.58,
3296,NFCORE_CHIPSEQ:CHIPSEQ:ANNOTATE_BOOLEAN_PEAKS,1702248798000,1702248802000,1,114.6,,1073741824.0,,,0.0014484360708333333,0.0014484360708333333,0.0,227.58,
3297,NFCORE_CHIPSEQ:CHIPSEQ:ANNOTATE_BOOLEAN_PEAKS,1702248802000,1702248806000,1,7.2,,1073741824.0,,,0.00018389728333333334,0.00018389728333333334,0.0,227.58,
2562,NFCORE_CHIPSEQ:CHIPSEQ:PHANTOMPEAKQUALTOOLS,1702246884000,1702248811000,1,11.7,,4294967296.0,,,0.25737587791614586,0.25737587791614586,0.0,227.58,
3244,NFCORE_CHIPSEQ:CHIPSEQ:HOMER_ANNOTATEPEAKS_CONSENSUS,1702248364000,1702248809000,1,100.1,,4841275392.0,,,0.18083863628450522,0.18083863628450522,0.0,227.58,
3298,NFCORE_CHIPSEQ:CHIPSEQ:ANNOTATE_BOOLEAN_PEAKS,1702248810000,1702248811000,1,110.2,,1073741824.0,,,0.00034915750312500005,0.00034915750312500005,0.0,227.58,
3299,NFCORE_CHIPSEQ:CHIPSEQ:ANNOTATE_BOOLEAN_PEAKS,1702248811000,1702248814000,1,84.2,,1073741824.0,,,0.000817877478125,0.000817877478125,0.0,227.58,
2584,NFCORE_CHIPSEQ:CHIPSEQ:PHANTOMPEAKQUALTOOLS,1702246938000,1702248821000,1,12.8,,4294967296.0,,,0.2575960319333334,0.2575960319333334,0.0,227.58,
3301,NFCORE_CHIPSEQ:CHIPSEQ:ANNOTATE_BOOLEAN_PEAKS,1702248822000,1702248825000,1,33.4,,1073741824.0,,,0.00036928410937500005,0.00036928410937500005,0.0,227.58,
2609,NFCORE_CHIPSEQ:CHIPSEQ:PHANTOMPEAKQUALTOOLS,1702246961000,1702248825000,1,11.9,,4294967296.0,,,0.2500587561791667,0.2500587561791667,0.0,227.58,
2953,NFCORE_CHIPSEQ:CHIPSEQ:PHANTOMPEAKQUALTOOLS,1702247650000,1702248851000,1,14.9,,4294967296.0,,,0.17172170789635421,0.17172170789635421,0.0,227.58,
2535,NFCORE_CHIPSEQ:CHIPSEQ:PHANTOMPEAKQUALTOOLS,1702246781000,1702248881000,1,11.6,,4294967296.0,,,0.279864134375,0.279864134375,0.0,227.58,
3089,NFCORE_CHIPSEQ:CHIPSEQ:PHANTOMPEAKQUALTOOLS,1702247952000,1702248891000,1,15.5,,4294967296.0,,,0.13591873537343752,0.13591873537343752,0.0,227.58,
3130,NFCORE_CHIPSEQ:CHIPSEQ:PHANTOMPEAKQUALTOOLS,1702248024000,1702248906000,1,15.2,,4294967296.0,,,0.12688922032500002,0.12688922032500002,0.0,227.58,
3030,NFCORE_CHIPSEQ:CHIPSEQ:PHANTOMPEAKQUALTOOLS,1702247866000,1702248917000,1,13.8,,4294967296.0,,,0.14687135673645835,0.14687135673645835,0.0,227.58,
3122,NFCORE_CHIPSEQ:CHIPSEQ:PHANTOMPEAKQUALTOOLS,1702248019000,1702248917000,1,15.9,,4294967296.0,,,0.13104136606145833,0.13104136606145833,0.0,227.58,
3106,NFCORE_CHIPSEQ:CHIPSEQ:PHANTOMPEAKQUALTOOLS,1702247995000,1702248924000,1,15.5,,4294967296.0,,,0.13447125150364583,0.13447125150364583,0.0,227.58,
2892,NFCORE_CHIPSEQ:CHIPSEQ:PHANTOMPEAKQUALTOOLS,1702247569000,1702248956000,1,14.0,,4294967296.0,,,0.19464200681041668,0.19464200681041668,0.0,227.58,
2284,NFCORE_CHIPSEQ:CHIPSEQ:DEEPTOOLS_PLOTFINGERPRINT,1702248809000,1702248956000,8,643.6,,4294967296.0,,,0.29305583278125,0.29305583278125,0.0,227.58,
2721,NFCORE_CHIPSEQ:CHIPSEQ:PHANTOMPEAKQUALTOOLS,1702247238000,1702248976000,1,13.2,,4294967296.0,,,0.2398062455708333,0.2398062455708333,0.0,227.58,
2767,NFCORE_CHIPSEQ:CHIPSEQ:DEEPTOOLS_PLOTFINGERPRINT,1702248814000,1702248976000,8,562.2,,4294967296.0,,,0.2841437999812501,0.2841437999812501,0.0,227.58,
2881,NFCORE_CHIPSEQ:CHIPSEQ:PHANTOMPEAKQUALTOOLS,1702247537000,1702248991000,1,14.1,,4294967296.0,,,0.2044723130572917,0.2044723130572917,0.0,227.58,
2087,NFCORE_CHIPSEQ:CHIPSEQ:DEEPTOOLS_PLOTFINGERPRINT,1702248854000,1702248991000,8,669.2,,4294967296.0,,,0.2834435963770834,0.2834435963770834,0.0,227.58,
2922,NFCORE_CHIPSEQ:CHIPSEQ:PHANTOMPEAKQUALTOOLS,1702247592000,1702249006000,1,13.8,,4294967296.0,,,0.19759857128958339,0.19759857128958339,0.0,227.58,
2883,NFCORE_CHIPSEQ:CHIPSEQ:PHANTOMPEAKQUALTOOLS,1702247537000,1702249018000,1,13.3,,4294967296.0,,,0.20478176456718752,0.20478176456718752,0.0,227.58,
3041,NFCORE_CHIPSEQ:CHIPSEQ:PHANTOMPEAKQUALTOOLS,1702247870000,1702249032000,1,13.8,,4294967296.0,,,0.16238298432708337,0.16238298432708337,0.0,227.58,
2049,NFCORE_CHIPSEQ:CHIPSEQ:DEEPTOOLS_COMPUTEMATRIX,1702248054000,1702249043000,9,678.3,,5673844736.0,,,2.104137671814974,2.104137671814974,0.0,227.58,
2723,NFCORE_CHIPSEQ:CHIPSEQ:PHANTOMPEAKQUALTOOLS,1702247274000,1702249043000,1,12.5,,4294967296.0,,,0.24043860386302088,0.24043860386302088,0.0,227.58,
2924,NFCORE_CHIPSEQ:CHIPSEQ:PHANTOMPEAKQUALTOOLS,1702247590000,1702249071000,1,13.5,,4294967296.0,,,0.2056536369807292,0.2056536369807292,0.0,227.58,
3091,NFCORE_CHIPSEQ:CHIPSEQ:PHANTOMPEAKQUALTOOLS,1702247985000,1702249081000,1,14.5,,4294967296.0,,,0.15541812758750004,0.15541812758750004,0.0,227.58,
3063,NFCORE_CHIPSEQ:CHIPSEQ:PHANTOMPEAKQUALTOOLS,1702247893000,1702249096000,1,14.4,,4294967296.0,,,0.17023714152500002,0.17023714152500002,0.0,227.58,
3025,NFCORE_CHIPSEQ:CHIPSEQ:PHANTOMPEAKQUALTOOLS,1702247851000,1702249106000,1,13.3,,4294967296.0,,,0.17353215025781252,0.17353215025781252,0.0,227.58,
3318,NFCORE_CHIPSEQ:CHIPSEQ:DEEPTOOLS_PLOTPROFILE,1702249048000,1702249111000,1,99.0,,5420089344.0,,,0.02623947172382813,0.02623947172382813,0.0,227.58,
2736,NFCORE_CHIPSEQ:CHIPSEQ:PHANTOMPEAKQUALTOOLS,1702247265000,1702249131000,1,13.1,,4294967296.0,,,0.256918203078125,0.256918203078125,0.0,227.58,
3059,NFCORE_CHIPSEQ:CHIPSEQ:PHANTOMPEAKQUALTOOLS,1702247894000,1702249146000,1,14.2,,4294967296.0,,,0.1764340975125,0.1764340975125,0.0,227.58,
2427,NFCORE_CHIPSEQ:CHIPSEQ:DEEPTOOLS_PLOTFINGERPRINT,1702249034000,1702249181000,8,636.5,,4294967296.0,,,0.28998367465156255,0.28998367465156255,0.0,227.58,
2742,NFCORE_CHIPSEQ:CHIPSEQ:PHANTOMPEAKQUALTOOLS,1702247294000,1702249200000,1,12.5,,4294967296.0,,,0.2654989381067709,0.2654989381067709,0.0,219.5,
2901,NFCORE_CHIPSEQ:CHIPSEQ:PHANTOMPEAKQUALTOOLS,1702247590000,1702249200000,1,13.1,,4294967296.0,,,0.23714789744704862,0.23714789744704862,0.0,219.5,
3317,NFCORE_CHIPSEQ:CHIPSEQ:DEEPTOOLS_PLOTHEATMAP,1702249048000,1702249200000,1,100.0,,7430209536.0,,,0.16211854974157985,0.16211854974157985,0.0,219.5,
2575,NFCORE_CHIPSEQ:CHIPSEQ:DEEPTOOLS_COMPUTEMATRIX,1702248422000,1702249200000,9,699.9,,5673844736.0,,,2.246143927350868,2.246143927350868,0.0,219.5,
2546,NFCORE_CHIPSEQ:CHIPSEQ:DEEPTOOLS_COMPUTEMATRIX,1702248420000,1702249200000,9,698.3,,5673844736.0,,,2.276156216992057,2.276156216992057,0.0,219.5,
1880,NFCORE_CHIPSEQ:CHIPSEQ:DEEPTOOLS_COMPUTEMATRIX,1702248466000,1702249200000,9,687.5,,5673844736.0,,,2.216007213816276,2.216007213816276,0.0,219.5,
2704,NFCORE_CHIPSEQ:CHIPSEQ:DEEPTOOLS_COMPUTEMATRIX,1702248474000,1702249200000,9,696.9,,5673844736.0,,,2.255388965831814,2.255388965831814,0.0,219.5,
2689,NFCORE_CHIPSEQ:CHIPSEQ:DEEPTOOLS_COMPUTEMATRIX,1702248554000,1702249200000,9,697.8,,5673844736.0,,,2.2274469025239583,2.2274469025239583,0.0,219.5,
3049,NFCORE_CHIPSEQ:CHIPSEQ:PHANTOMPEAKQUALTOOLS,1702247875000,1702249200000,1,13.7,,4294967296.0,,,0.2425496986717014,0.2425496986717014,0.0,219.5,
2113,NFCORE_CHIPSEQ:CHIPSEQ:DEEPTOOLS_COMPUTEMATRIX,1702248795000,1702249200000,9,696.3,,5673844736.0,,,2.100551608287413,2.100551608287413,0.0,219.5,
2703,NFCORE_CHIPSEQ:CHIPSEQ:DEEPTOOLS_COMPUTEMATRIX,1702248754000,1702249200000,9,697.0,,5673844736.0,,,2.242712563902778,2.242712563902778,0.0,219.5,
3042,NFCORE_CHIPSEQ:CHIPSEQ:DEEPTOOLS_COMPUTEMATRIX,1702248994000,1702249200000,9,682.1,,5673844736.0,,,2.00224902171875,2.00224902171875,0.0,219.5,
2549,NFCORE_CHIPSEQ:CHIPSEQ:DEEPTOOLS_COMPUTEMATRIX,1702248979000,1702249200000,9,678.2,,5673844736.0,,,2.0431724610253905,2.0431724610253905,0.0,219.5,
2766,NFCORE_CHIPSEQ:CHIPSEQ:DEEPTOOLS_COMPUTEMATRIX,1702248960000,1702249200000,9,696.1,,5673844736.0,,,2.1655750889624565,2.1655750889624565,0.0,219.5,
1879,NFCORE_CHIPSEQ:CHIPSEQ:DEEPTOOLS_COMPUTEMATRIX,1702249045000,1702249200000,9,696.2,,5673844736.0,,,2.162835413978125,2.162835413978125,0.0,219.5,
2050,NFCORE_CHIPSEQ:CHIPSEQ:DEEPTOOLS_COMPUTEMATRIX,1702249184000,1702249200000,9,679.5,,5673844736.0,,,2.0851177873949656,2.0851177873949656,0.0,219.5,
3328,NFCORE_CHIPSEQ:CHIPSEQ:CUSTOM_DUMPSOFTWAREVERSIONS,1702249427000,1702249446000,1,2.6,,1073741824.0,,,0.0005724893892361111,0.0005724893892361111,0.0,211.42,
3330,NFCORE_CHIPSEQ:CHIPSEQ:DEEPTOOLS_PLOTPROFILE,1702249474000,1702249520000,1,99.0,,5420089344.0,,,0.017798538601822914,0.017798538601822914,0.0,211.42,
3332,NFCORE_CHIPSEQ:CHIPSEQ:DEEPTOOLS_PLOTPROFILE,1702249488000,1702249551000,1,91.3,,5420089344.0,,,0.023049747544140627,0.023049747544140627,0.0,211.42,
3334,NFCORE_CHIPSEQ:CHIPSEQ:DEEPTOOLS_PLOTPROFILE,1702249523000,1702249571000,1,99.9,,5420089344.0,,,0.018690519031250002,0.018690519031250002,0.0,211.42,
3336,NFCORE_CHIPSEQ:CHIPSEQ:DEEPTOOLS_PLOTPROFILE,1702249533000,1702249591000,1,99.9,,5420089344.0,,,0.022584377162760415,0.022584377162760415,0.0,211.42,
3337,NFCORE_CHIPSEQ:CHIPSEQ:DEEPTOOLS_PLOTPROFILE,1702249605000,1702249662000,1,97.2,,5420089344.0,,,0.021774149929296882,0.021774149929296882,0.0,211.42,
3331,NFCORE_CHIPSEQ:CHIPSEQ:DEEPTOOLS_PLOTHEATMAP,1702249488000,1702249801000,1,100.2,,7430209536.0,,,0.13562403878203125,0.13562403878203125,0.0,211.42,
3329,NFCORE_CHIPSEQ:CHIPSEQ:DEEPTOOLS_PLOTHEATMAP,1702249474000,1702249816000,1,100.1,,7430209536.0,,,0.1480963239765625,0.1480963239765625,0.0,211.42,
3340,NFCORE_CHIPSEQ:CHIPSEQ:DEEPTOOLS_PLOTPROFILE,1702249811000,1702249861000,1,99.6,,5420089344.0,,,0.019428272975260414,0.019428272975260414,0.0,211.42,
3333,NFCORE_CHIPSEQ:CHIPSEQ:DEEPTOOLS_PLOTHEATMAP,1702249523000,1702249871000,1,98.5,,7430209536.0,,,0.14917192873229165,0.14917192873229165,0.0,211.42,
3335,NFCORE_CHIPSEQ:CHIPSEQ:DEEPTOOLS_PLOTHEATMAP,1702249533000,1702249891000,1,100.1,,7430209536.0,,,0.15502480696961807,0.15502480696961807,0.0,211.42,
3342,NFCORE_CHIPSEQ:CHIPSEQ:DEEPTOOLS_PLOTPROFILE,1702249834000,1702249886000,1,100.2,,5420089344.0,,,0.020290720673437502,0.020290720673437502,0.0,211.42,
3338,NFCORE_CHIPSEQ:CHIPSEQ:DEEPTOOLS_PLOTHEATMAP,1702249605000,1702249946000,1,100.0,,7430209536.0,,,0.14757004692508677,0.14757004692508677,0.0,211.42,
3345,NFCORE_CHIPSEQ:CHIPSEQ:DEEPTOOLS_PLOTPROFILE,1702249993000,1702250051000,1,97.4,,5420089344.0,,,0.022187872900607638,0.022187872900607638,0.0,211.42,
3347,NFCORE_CHIPSEQ:CHIPSEQ:DEEPTOOLS_PLOTPROFILE,1702249998000,1702250051000,1,100.0,,5420089344.0,,,0.020651941011414928,0.020651941011414928,0.0,211.42,
3348,NFCORE_CHIPSEQ:CHIPSEQ:DEEPTOOLS_PLOTPROFILE,1702250022000,1702250081000,1,100.0,,5420089344.0,,,0.022989896597612847,0.022989896597612847,0.0,211.42,
3341,NFCORE_CHIPSEQ:CHIPSEQ:DEEPTOOLS_PLOTHEATMAP,1702249811000,1702250101000,1,98.0,,7430209536.0,,,0.12391343634809028,0.12391343634809028,0.0,211.42,
3351,NFCORE_CHIPSEQ:CHIPSEQ:DEEPTOOLS_PLOTPROFILE,1702250104000,1702250151000,1,100.0,,5420089344.0,,,0.018313985425217016,0.018313985425217016,0.0,211.42,
3343,NFCORE_CHIPSEQ:CHIPSEQ:DEEPTOOLS_PLOTHEATMAP,1702249834000,1702250181000,1,98.7,,7430209536.0,,,0.1489330489080729,0.1489330489080729,0.0,211.42,
3352,NFCORE_CHIPSEQ:CHIPSEQ:DEEPTOOLS_PLOTPROFILE,1702250244000,1702250301000,1,99.9,,5420089344.0,,,0.022194991349609377,0.022194991349609377,0.0,211.42,
3346,NFCORE_CHIPSEQ:CHIPSEQ:DEEPTOOLS_PLOTHEATMAP,1702249998000,1702250351000,1,100.1,,7430209536.0,,,0.1528596560342882,0.1528596560342882,0.0,211.42,
3344,NFCORE_CHIPSEQ:CHIPSEQ:DEEPTOOLS_PLOTHEATMAP,1702249993000,1702250356000,1,99.6,,7430209536.0,,,0.15669364394921872,0.15669364394921872,0.0,211.42,
3349,NFCORE_CHIPSEQ:CHIPSEQ:DEEPTOOLS_PLOTHEATMAP,1702250022000,1702250386000,1,98.8,,7430209536.0,,,0.15632901694131943,0.15632901694131943,0.0,211.42,
3350,NFCORE_CHIPSEQ:CHIPSEQ:DEEPTOOLS_PLOTHEATMAP,1702250104000,1702250436000,1,100.0,,7430209536.0,,,0.14367523630243054,0.14367523630243054,0.0,211.42,
2518,NFCORE_CHIPSEQ:CHIPSEQ:DEEPTOOLS_COMPUTEMATRIX,1702249484000,1702250486000,9,676.9,,5673844736.0,,,1.9765851831486976,1.9765851831486976,0.0,211.42,
3038,NFCORE_CHIPSEQ:CHIPSEQ:DEEPTOOLS_COMPUTEMATRIX,1702249469000,1702250546000,9,681.4,,5673844736.0,,,2.1377859890477864,2.1377859890477864,0.0,211.42,
3354,NFCORE_CHIPSEQ:CHIPSEQ:DEEPTOOLS_PLOTPROFILE,1702250495000,1702250551000,1,100.0,,5420089344.0,,,0.021820918804513888,0.021820918804513888,0.0,211.42,
2392,NFCORE_CHIPSEQ:CHIPSEQ:DEEPTOOLS_COMPUTEMATRIX,1702249535000,1702250581000,9,706.1,,5673844736.0,,,2.1469020904804688,2.1469020904804688,0.0,211.42,
1882,NFCORE_CHIPSEQ:CHIPSEQ:DEEPTOOLS_COMPUTEMATRIX,1702249520000,1702250586000,9,676.7,,5673844736.0,,,2.1022511389716145,2.1022511389716145,0.0,211.42,
3356,NFCORE_CHIPSEQ:CHIPSEQ:DEEPTOOLS_PLOTPROFILE,1702250553000,1702250596000,1,100.0,,5420089344.0,,,0.016755348367751735,0.016755348367751735,0.0,211.42,
3359,NFCORE_CHIPSEQ:CHIPSEQ:DEEPTOOLS_PLOTPROFILE,1702250585000,1702250636000,1,100.1,,5420089344.0,,,0.019886568494661454,0.019886568494661454,0.0,211.42,
3353,NFCORE_CHIPSEQ:CHIPSEQ:DEEPTOOLS_PLOTHEATMAP,1702250244000,1702250646000,1,98.8,,7430209536.0,,,0.17264907914947913,0.17264907914947913,0.0,211.42,
3361,NFCORE_CHIPSEQ:CHIPSEQ:DEEPTOOLS_PLOTPROFILE,1702250591000,1702250647000,1,99.6,,5420089344.0,,,0.02175966573229167,0.02175966573229167,0.0,211.42,
3279,NFCORE_CHIPSEQ:CHIPSEQ:DEEPTOOLS_COMPUTEMATRIX,1702249604000,1702250661000,9,681.7,,5673844736.0,,,2.0989541986908415,2.0989541986908415,0.0,211.42,
3363,NFCORE_CHIPSEQ:CHIPSEQ:DEEPTOOLS_PLOTPROFILE,1702250665000,1702250721000,1,100.0,,5420089344.0,,,0.021820918804513888,0.021820918804513888,0.0,211.42,
3013,NFCORE_CHIPSEQ:CHIPSEQ:DEEPTOOLS_COMPUTEMATRIX,1702249804000,1702250766000,9,683.2,,5673844736.0,,,1.914252371368143,1.914252371368143,0.0,211.42,
3365,NFCORE_CHIPSEQ:CHIPSEQ:DEEPTOOLS_PLOTPROFILE,1702250768000,1702250826000,1,96.0,,5420089344.0,,,0.021965830513802083,0.021965830513802083,0.0,211.42,
3355,NFCORE_CHIPSEQ:CHIPSEQ:DEEPTOOLS_PLOTHEATMAP,1702250495000,1702250826000,1,99.8,,7430209536.0,,,0.14306145486206598,0.14306145486206598,0.0,211.42,
2375,NFCORE_CHIPSEQ:CHIPSEQ:DEEPTOOLS_COMPUTEMATRIX,1702249829000,1702250871000,9,699.9,,5673844736.0,,,2.1210260975358506,2.1210260975358506,0.0,211.42,
3357,NFCORE_CHIPSEQ:CHIPSEQ:DEEPTOOLS_PLOTHEATMAP,1702250553000,1702250901000,1,100.1,,7430209536.0,,,0.15069450509895832,0.15069450509895832,0.0,211.42,
3358,NFCORE_CHIPSEQ:CHIPSEQ:DEEPTOOLS_PLOTHEATMAP,1702250588000,1702250901000,1,99.8,,7430209536.0,,,0.1352816778605035,0.1352816778605035,0.0,211.42,
3367,NFCORE_CHIPSEQ:CHIPSEQ:DEEPTOOLS_PLOTPROFILE,1702250875000,1702250921000,1,96.5,,5420089344.0,,,0.017484069704253473,0.017484069704253473,0.0,211.42,
3360,NFCORE_CHIPSEQ:CHIPSEQ:DEEPTOOLS_PLOTHEATMAP,1702250591000,1702250947000,1,99.9,,7430209536.0,,,0.15396404933020832,0.15396404933020832,0.0,211.42,
2393,NFCORE_CHIPSEQ:CHIPSEQ:DEEPTOOLS_COMPUTEMATRIX,1702249999000,1702250946000,9,683.0,,5673844736.0,,,1.8838864448178385,1.8838864448178385,0.0,211.42,
2336,NFCORE_CHIPSEQ:CHIPSEQ:DEEPTOOLS_COMPUTEMATRIX,1702249989000,1702250956000,9,680.8,,5673844736.0,,,1.9178554522134987,1.9178554522134987,0.0,211.42,
3369,NFCORE_CHIPSEQ:CHIPSEQ:DEEPTOOLS_PLOTPROFILE,1702250951000,1702251001000,1,100.0,,5420089344.0,,,0.01948296321831597,0.01948296321831597,0.0,211.42,
3371,NFCORE_CHIPSEQ:CHIPSEQ:DEEPTOOLS_PLOTPROFILE,1702250966000,1702251031000,1,91.6,,5420089344.0,,,0.02383480854839409,0.02383480854839409,0.0,211.42,
3362,NFCORE_CHIPSEQ:CHIPSEQ:DEEPTOOLS_PLOTHEATMAP,1702250665000,1702251041000,1,98.7,,7430209536.0,,,0.16137990313958336,0.16137990313958336,0.0,211.42,
2382,NFCORE_CHIPSEQ:CHIPSEQ:DEEPTOOLS_COMPUTEMATRIX,1702250015000,1702251076000,9,692.8,,5673844736.0,,,2.1391018840120224,2.1391018840120224,0.0,211.42,
3364,NFCORE_CHIPSEQ:CHIPSEQ:DEEPTOOLS_PLOTHEATMAP,1702250768000,1702251086000,1,99.2,,7430209536.0,,,0.13692098210885414,0.13692098210885414,0.0,211.42,
3372,NFCORE_CHIPSEQ:CHIPSEQ:DEEPTOOLS_PLOTPROFILE,1702251080000,1702251136000,1,100.0,,5420089344.0,,,0.021820918804513888,0.021820918804513888,0.0,211.42,
2701,NFCORE_CHIPSEQ:CHIPSEQ:DEEPTOOLS_COMPUTEMATRIX,1702250105000,1702251156000,9,680.5,,5673844736.0,,,2.0835908385937065,2.0835908385937065,0.0,211.42,
3375,NFCORE_CHIPSEQ:CHIPSEQ:DEEPTOOLS_PLOTPROFILE,1702251161000,1702251211000,1,100.0,,5420089344.0,,,0.01948296321831597,0.01948296321831597,0.0,211.42,
3366,NFCORE_CHIPSEQ:CHIPSEQ:DEEPTOOLS_PLOTHEATMAP,1702250875000,1702251214000,1,100.2,,7430209536.0,,,0.14688993337734374,0.14688993337734374,0.0,211.42,
2840,NFCORE_CHIPSEQ:CHIPSEQ:DEEPTOOLS_COMPUTEMATRIX,1702250240000,1702251276000,9,695.6,,5673844736.0,,,2.0966311907005206,2.0966311907005206,0.0,211.42,
3368,NFCORE_CHIPSEQ:CHIPSEQ:DEEPTOOLS_PLOTHEATMAP,1702250951000,1702251316000,1,100.1,,7430209536.0,,,0.15805601827907986,0.15805601827907986,0.0,211.42,
3370,NFCORE_CHIPSEQ:CHIPSEQ:DEEPTOOLS_PLOTHEATMAP,1702250966000,1702251331000,1,100.0,,7430209536.0,,,0.15795620858550347,0.15795620858550347,0.0,211.42,
3376,NFCORE_CHIPSEQ:CHIPSEQ:DEEPTOOLS_PLOTPROFILE,1702251280000,1702251336000,1,97.7,,5420089344.0,,,0.02146871363923611,0.02146871363923611,0.0,211.42,
3373,NFCORE_CHIPSEQ:CHIPSEQ:DEEPTOOLS_PLOTHEATMAP,1702251080000,1702251416000,1,98.7,,7430209536.0,,,0.14421182833750001,0.14421182833750001,0.0,211.42,
3374,NFCORE_CHIPSEQ:CHIPSEQ:DEEPTOOLS_PLOTHEATMAP,1702251161000,1702251521000,1,98.7,,7430209536.0,,,0.15451267321875,0.15451267321875,0.0,211.42,
2860,NFCORE_CHIPSEQ:CHIPSEQ:DEEPTOOLS_COMPUTEMATRIX,1702250489000,1702251527000,9,668.9,,5673844736.0,,,2.0248928307523437,2.0248928307523437,0.0,211.42,
3378,NFCORE_CHIPSEQ:CHIPSEQ:DEEPTOOLS_PLOTPROFILE,1702251534000,1702251591000,1,95.6,,5420089344.0,,,0.021524762420963545,0.021524762420963545,0.0,211.42,
2841,NFCORE_CHIPSEQ:CHIPSEQ:DEEPTOOLS_COMPUTEMATRIX,1702250549000,1702251616000,9,700.1,,5673844736.0,,,2.1724979845006516,2.1724979845006516,0.0,211.42,
3377,NFCORE_CHIPSEQ:CHIPSEQ:DEEPTOOLS_PLOTHEATMAP,1702251280000,1702251619000,1,99.7,,7430209536.0,,,0.14642643356744792,0.14642643356744792,0.0,211.42,
2526,NFCORE_CHIPSEQ:CHIPSEQ:DEEPTOOLS_COMPUTEMATRIX,1702250589000,1702251661000,9,694.5,,5673844736.0,,,2.1662625640715274,2.1662625640715274,0.0,211.42,
3380,NFCORE_CHIPSEQ:CHIPSEQ:DEEPTOOLS_PLOTPROFILE,1702251619000,1702251661000,1,100.0,,5420089344.0,,,0.016365689103385418,0.016365689103385418,0.0,211.42,
2871,NFCORE_CHIPSEQ:CHIPSEQ:DEEPTOOLS_COMPUTEMATRIX,1702250584000,1702251686000,9,682.1,,5673844736.0,,,2.1895190219231773,2.1895190219231773,0.0,211.42,
3383,NFCORE_CHIPSEQ:CHIPSEQ:DEEPTOOLS_PLOTPROFILE,1702251663000,1702251702000,1,99.3,,5420089344.0,,,0.015122059128515625,0.015122059128515625,0.0,211.42,
3018,NFCORE_CHIPSEQ:CHIPSEQ:DEEPTOOLS_COMPUTEMATRIX,1702250664000,1702251726000,9,683.0,,5673844736.0,,,2.112658293977344,2.112658293977344,0.0,211.42,
3384,NFCORE_CHIPSEQ:CHIPSEQ:DEEPTOOLS_PLOTPROFILE,1702251690000,1702251736000,1,100.2,,5420089344.0,,,0.017949483672656252,0.017949483672656252,0.0,211.42,
2509,NFCORE_CHIPSEQ:CHIPSEQ:DEEPTOOLS_COMPUTEMATRIX,1702250769000,1702251741000,9,680.9,,5673844736.0,,,1.9280377692984372,1.9280377692984372,0.0,211.42,
3386,NFCORE_CHIPSEQ:CHIPSEQ:DEEPTOOLS_PLOTPROFILE,1702251731000,1702251786000,1,100.0,,5420089344.0,,,0.02143125954014757,0.02143125954014757,0.0,211.42,
3388,NFCORE_CHIPSEQ:CHIPSEQ:DEEPTOOLS_PLOTPROFILE,1702251748000,1702251811000,1,91.5,,5420089344.0,,,0.023084202397265628,0.023084202397265628,0.0,211.42,
3379,NFCORE_CHIPSEQ:CHIPSEQ:DEEPTOOLS_PLOTHEATMAP,1702251534000,1702251881000,1,100.2,,7430209536.0,,,0.15035636248359374,0.15035636248359374,0.0,211.42,
2861,NFCORE_CHIPSEQ:CHIPSEQ:DEEPTOOLS_COMPUTEMATRIX,1702250874000,1702251921000,9,695.1,,5673844736.0,,,2.1174612016751304,2.1174612016751304,0.0,211.42,
2705,NFCORE_CHIPSEQ:CHIPSEQ:DEEPTOOLS_COMPUTEMATRIX,1702250959000,1702251929000,9,679.4,,5673844736.0,,,1.9200918982122392,1.9200918982122392,0.0,211.42,
3183,NFCORE_CHIPSEQ:CHIPSEQ:DEEPTOOLS_COMPUTEMATRIX,1702250949000,1702251926000,9,663.3,,5673844736.0,,,1.890935175688759,1.890935175688759,0.0,211.42,
3381,NFCORE_CHIPSEQ:CHIPSEQ:DEEPTOOLS_PLOTHEATMAP,1702251619000,1702251931000,1,100.0,,7430209536.0,,,0.13502010158541666,0.13502010158541666,0.0,211.42,
3390,NFCORE_CHIPSEQ:CHIPSEQ:DEEPTOOLS_PLOTPROFILE,1702251926000,1702251971000,1,94.3,,5420089344.0,,,0.016833264529296874,0.016833264529296874,0.0,211.42,
3393,NFCORE_CHIPSEQ:CHIPSEQ:DEEPTOOLS_PLOTPROFILE,1702251932000,1702251986000,1,99.1,,5420089344.0,,,0.020908702985156246,0.020908702985156246,0.0,211.42,
3395,NFCORE_CHIPSEQ:CHIPSEQ:DEEPTOOLS_PLOTPROFILE,1702251934000,1702251991000,1,100.0,,5420089344.0,,,0.022210578068880212,0.022210578068880212,0.0,211.42,
3382,NFCORE_CHIPSEQ:CHIPSEQ:DEEPTOOLS_PLOTHEATMAP,1702251663000,1702252006000,1,99.3,,7430209536.0,,,0.14777900402890623,0.14777900402890623,0.0,211.42,
3385,NFCORE_CHIPSEQ:CHIPSEQ:DEEPTOOLS_PLOTHEATMAP,1702251690000,1702252056000,1,100.1,,7430209536.0,,,0.15848904846614584,0.15848904846614584,0.0,211.42,
3387,NFCORE_CHIPSEQ:CHIPSEQ:DEEPTOOLS_PLOTHEATMAP,1702251731000,1702252087000,1,98.6,,7430209536.0,,,0.15269851710590276,0.15269851710590276,0.0,211.42,
3389,NFCORE_CHIPSEQ:CHIPSEQ:DEEPTOOLS_PLOTHEATMAP,1702251748000,1702252086000,1,100.1,,7430209536.0,,,0.1463642032282986,0.1463642032282986,0.0,211.42,
1644,NFCORE_CHIPSEQ:CHIPSEQ:DEEPTOOLS_COMPUTEMATRIX,1702251079000,1702252131000,9,688.6,,5673844736.0,,,2.108874647697049,2.108874647697049,0.0,211.42,
3397,NFCORE_CHIPSEQ:CHIPSEQ:DEEPTOOLS_PLOTPROFILE,1702252140000,1702252196000,1,100.0,,5420089344.0,,,0.021820918804513888,0.021820918804513888,0.0,211.42,
2487,NFCORE_CHIPSEQ:CHIPSEQ:DEEPTOOLS_COMPUTEMATRIX,1702251159000,1702252236000,9,684.0,,5673844736.0,,,2.145443169977995,2.145443169977995,0.0,211.42,
3391,NFCORE_CHIPSEQ:CHIPSEQ:DEEPTOOLS_PLOTHEATMAP,1702251926000,1702252276000,1,99.5,,7430209536.0,,,0.15098631792100695,0.15098631792100695,0.0,211.42,
3399,NFCORE_CHIPSEQ:CHIPSEQ:DEEPTOOLS_PLOTPROFILE,1702252243000,1702252291000,1,100.1,,5420089344.0,,,0.018716770347916665,0.018716770347916665,0.0,211.42,
3392,NFCORE_CHIPSEQ:CHIPSEQ:DEEPTOOLS_PLOTHEATMAP,1702251932000,1702252311000,1,100.0,,7430209536.0,,,0.16401480288741319,0.16401480288741319,0.0,211.42,
3394,NFCORE_CHIPSEQ:CHIPSEQ:DEEPTOOLS_PLOTHEATMAP,1702251934000,1702252331000,1,100.1,,7430209536.0,,,0.17191298426519097,0.17191298426519097,0.0,211.42,
2355,NFCORE_CHIPSEQ:CHIPSEQ:DEEPTOOLS_COMPUTEMATRIX,1702251279000,1702252331000,9,703.0,,5673844736.0,,,2.1502992253970485,2.1502992253970485,0.0,211.42,
3400,NFCORE_CHIPSEQ:CHIPSEQ:DEEPTOOLS_PLOTPROFILE,1702252336000,1702252391000,1,100.0,,5420089344.0,,,0.02143125954014757,0.02143125954014757,0.0,211.42,
3396,NFCORE_CHIPSEQ:CHIPSEQ:DEEPTOOLS_PLOTHEATMAP,1702252140000,1702252476000,1,98.7,,7430209536.0,,,0.14421182833750001,0.14421182833750001,0.0,211.42,
2337,NFCORE_CHIPSEQ:CHIPSEQ:DEEPTOOLS_COMPUTEMATRIX,1702251529000,1702252541000,9,683.7,,5673844736.0,,,2.0151294010126732,2.0151294010126732,0.0,211.42,
3398,NFCORE_CHIPSEQ:CHIPSEQ:DEEPTOOLS_PLOTHEATMAP,1702252243000,1702252606000,1,98.7,,7430209536.0,,,0.15580027882890626,0.15580027882890626,0.0,211.42,
3402,NFCORE_CHIPSEQ:CHIPSEQ:DEEPTOOLS_PLOTPROFILE,1702252551000,1702252611000,1,91.4,,5420089344.0,,,0.021968547591145835,0.021968547591145835,0.0,211.42,
2700,NFCORE_CHIPSEQ:CHIPSEQ:DEEPTOOLS_COMPUTEMATRIX,1702251619000,1702252666000,9,692.7,,5673844736.0,,,2.11058991953763,2.11058991953763,0.0,211.42,
3401,NFCORE_CHIPSEQ:CHIPSEQ:DEEPTOOLS_PLOTHEATMAP,1702252336000,1702252676000,1,98.6,,7430209536.0,,,0.14583566240451387,0.14583566240451387,0.0,211.42,
3404,NFCORE_CHIPSEQ:CHIPSEQ:DEEPTOOLS_PLOTPROFILE,1702252670000,1702252706000,1,99.9,,5420089344.0,,,0.0140178892734375,0.0140178892734375,0.0,211.42,
2383,NFCORE_CHIPSEQ:CHIPSEQ:DEEPTOOLS_COMPUTEMATRIX,1702251664000,1702252716000,9,699.6,,5673844736.0,,,2.140518422328993,2.140518422328993,0.0,211.42,
3178,NFCORE_CHIPSEQ:CHIPSEQ:DEEPTOOLS_COMPUTEMATRIX,1702251744000,1702252725000,9,661.0,,5673844736.0,,,1.8925070980707035,1.8925070980707035,0.0,211.42,
2838,NFCORE_CHIPSEQ:CHIPSEQ:DEEPTOOLS_COMPUTEMATRIX,1702251689000,1702252737000,9,701.7,,5673844736.0,,,2.1383976833579865,2.1383976833579865,0.0,211.42,
3407,NFCORE_CHIPSEQ:CHIPSEQ:DEEPTOOLS_PLOTPROFILE,1702252724000,1702252767000,1,99.7,,5420089344.0,,,0.016720073160980904,0.016720073160980904,0.0,211.42,
3167,NFCORE_CHIPSEQ:CHIPSEQ:DEEPTOOLS_COMPUTEMATRIX,1702251730000,1702252786000,9,699.8,,5673844736.0,,,2.1492348046125,2.1492348046125,0.0,211.42,
3408,NFCORE_CHIPSEQ:CHIPSEQ:DEEPTOOLS_PLOTPROFILE,1702252727000,1702252786000,1,92.5,,5420089344.0,,,0.02177987497000868,0.02177987497000868,0.0,211.42,
3410,NFCORE_CHIPSEQ:CHIPSEQ:DEEPTOOLS_PLOTPROFILE,1702252744000,1702252796000,1,100.0,,5420089344.0,,,0.02026228174704861,0.02026228174704861,0.0,211.42,
3412,NFCORE_CHIPSEQ:CHIPSEQ:DEEPTOOLS_PLOTPROFILE,1702252789000,1702252800000,1,100.1,,5420089344.0,,,0.017611745812803815,0.017611745812803815,0.0,206.035,
3403,NFCORE_CHIPSEQ:CHIPSEQ:DEEPTOOLS_PLOTHEATMAP,1702252551000,1702252800000,1,100.2,,7430209536.0,,,0.14531459120742185,0.14531459120742185,0.0,206.035,
3168,NFCORE_CHIPSEQ:CHIPSEQ:DEEPTOOLS_COMPUTEMATRIX,1702251929000,1702252800000,9,677.5,,5673844736.0,,,1.9837912793192924,1.9837912793192924,0.0,206.035,
3405,NFCORE_CHIPSEQ:CHIPSEQ:DEEPTOOLS_PLOTHEATMAP,1702252670000,1702252800000,1,100.0,,7430209536.0,,,0.12238293760742186,0.12238293760742186,0.0,206.035,
2502,NFCORE_CHIPSEQ:CHIPSEQ:DEEPTOOLS_COMPUTEMATRIX,1702251932000,1702252800000,9,681.0,,5673844736.0,,,2.0345264109668832,2.0345264109668832,0.0,206.035,
2697,NFCORE_CHIPSEQ:CHIPSEQ:DEEPTOOLS_COMPUTEMATRIX,1702251924000,1702252800000,9,685.3,,5673844736.0,,,2.1023230150883028,2.1023230150883028,0.0,206.035,
3406,NFCORE_CHIPSEQ:CHIPSEQ:DEEPTOOLS_PLOTHEATMAP,1702252724000,1702252800000,1,100.0,,7430209536.0,,,0.13762096097087673,0.13762096097087673,0.0,206.035,
3409,NFCORE_CHIPSEQ:CHIPSEQ:DEEPTOOLS_PLOTHEATMAP,1702252727000,1702252800000,1,100.1,,7430209536.0,,,0.1594232114498698,0.1594232114498698,0.0,206.035,
3411,NFCORE_CHIPSEQ:CHIPSEQ:DEEPTOOLS_PLOTHEATMAP,1702252744000,1702252800000,1,100.1,,7430209536.0,,,0.15206169826974827,0.15206169826974827,0.0,206.035,
3413,NFCORE_CHIPSEQ:CHIPSEQ:DEEPTOOLS_PLOTHEATMAP,1702252789000,1702252800000,1,99.7,,7430209536.0,,,0.15478677860138887,0.15478677860138887,0.0,206.035,
2842,NFCORE_CHIPSEQ:CHIPSEQ:DEEPTOOLS_COMPUTEMATRIX,1702252134000,1702252800000,9,686.8,,5673844736.0,,,2.0548863797391275,2.0548863797391275,0.0,206.035,
2835,NFCORE_CHIPSEQ:CHIPSEQ:DEEPTOOLS_COMPUTEMATRIX,1702252239000,1702252800000,9,711.2,,5673844736.0,,,2.1123964251851564,2.1123964251851564,0.0,206.035,
2503,NFCORE_CHIPSEQ:CHIPSEQ:DEEPTOOLS_COMPUTEMATRIX,1702252334000,1702252800000,9,701.8,,5673844736.0,,,2.0433192118347225,2.0433192118347225,0.0,206.035,
3175,NFCORE_CHIPSEQ:CHIPSEQ:DEEPTOOLS_COMPUTEMATRIX,1702252544000,1702252800000,9,680.7,,5673844736.0,,,1.9304577467363715,1.9304577467363715,0.0,206.035,
2270,NFCORE_CHIPSEQ:CHIPSEQ:DEEPTOOLS_COMPUTEMATRIX,1702252669000,1702252800000,9,703.0,,5673844736.0,,,1.9962040047270617,1.9962040047270617,0.0,206.035,
2692,NFCORE_CHIPSEQ:CHIPSEQ:DEEPTOOLS_COMPUTEMATRIX,1702252727000,1702252800000,9,674.6,,5673844736.0,,,1.834304628109375,1.834304628109375,0.0,206.035,
2480,NFCORE_CHIPSEQ:CHIPSEQ:DEEPTOOLS_COMPUTEMATRIX,1702252740000,1702252800000,9,714.4,,5673844736.0,,,2.0467153549800345,2.0467153549800345,0.0,206.035,
3176,NFCORE_CHIPSEQ:CHIPSEQ:DEEPTOOLS_COMPUTEMATRIX,1702252720000,1702252800000,9,686.4,,5673844736.0,,,2.0775599565370007,2.0775599565370007,0.0,206.035,
2305,NFCORE_CHIPSEQ:CHIPSEQ:DEEPTOOLS_COMPUTEMATRIX,1702252789000,1702252800000,9,713.8,,5673844736.0,,,2.1107662618044487,2.1107662618044487,0.0,206.035,
3414,NFCORE_CHIPSEQ:CHIPSEQ:DEEPTOOLS_PLOTPROFILE,1702252945000,1702253001000,1,100.1,,5420089344.0,,,0.02072386701996528,0.02072386701996528,0.0,200.65,
3417,NFCORE_CHIPSEQ:CHIPSEQ:DEEPTOOLS_PLOTPROFILE,1702252969000,1702253031000,1,91.4,,5420089344.0,,,0.021544423627387156,0.021544423627387156,0.0,200.65,
3418,NFCORE_CHIPSEQ:CHIPSEQ:DEEPTOOLS_PLOTPROFILE,1702252992000,1702253046000,1,100.1,,5420089344.0,,,0.019983728912109377,0.019983728912109377,0.0,200.65,
3421,NFCORE_CHIPSEQ:CHIPSEQ:DEEPTOOLS_PLOTPROFILE,1702253188000,1702253246000,1,99.4,,5420089344.0,,,0.021358639493272567,0.021358639493272567,0.0,200.65,
3415,NFCORE_CHIPSEQ:CHIPSEQ:DEEPTOOLS_PLOTHEATMAP,1702252948000,1702253301000,1,98.7,,7430209536.0,,,0.1437902393092448,0.1437902393092448,0.0,200.65,
3419,NFCORE_CHIPSEQ:CHIPSEQ:DEEPTOOLS_PLOTHEATMAP,1702252992000,1702253351000,1,99.1,,7430209536.0,,,0.1466069385796441,0.1466069385796441,0.0,200.65,
3422,NFCORE_CHIPSEQ:CHIPSEQ:DEEPTOOLS_PLOTPROFILE,1702253292000,1702253351000,1,90.5,,5420089344.0,,,0.0203641457234158,0.0203641457234158,0.0,200.65,
3416,NFCORE_CHIPSEQ:CHIPSEQ:DEEPTOOLS_PLOTHEATMAP,1702252969000,1702253361000,1,100.0,,7430209536.0,,,0.1609989334357639,0.1609989334357639,0.0,200.65,
3425,NFCORE_CHIPSEQ:CHIPSEQ:DEEPTOOLS_PLOTPROFILE,1702253366000,1702253421000,1,99.0,,5420089344.0,,,0.020196787599283856,0.020196787599283856,0.0,200.65,
3420,NFCORE_CHIPSEQ:CHIPSEQ:DEEPTOOLS_PLOTHEATMAP,1702253188000,1702253546000,1,99.1,,7430209536.0,,,0.14619856270616322,0.14619856270616322,0.0,200.65,
3423,NFCORE_CHIPSEQ:CHIPSEQ:DEEPTOOLS_PLOTHEATMAP,1702253292000,1702253626000,1,100.0,,7430209536.0,,,0.13717766267230905,0.13717766267230905,0.0,200.65,
3427,NFCORE_CHIPSEQ:CHIPSEQ:DEEPTOOLS_PLOTPROFILE,1702253563000,1702253621000,1,100.1,,5420089344.0,,,0.021464005127821182,0.021464005127821182,0.0,200.65,
3424,NFCORE_CHIPSEQ:CHIPSEQ:DEEPTOOLS_PLOTHEATMAP,1702253366000,1702253666000,1,100.0,,7430209536.0,,,0.12321346946614584,0.12321346946614584,0.0,200.65,
3428,NFCORE_CHIPSEQ:CHIPSEQ:DEEPTOOLS_PLOTPROFILE,1702253695000,1702253731000,1,99.9,,5420089344.0,,,0.013303800410156252,0.013303800410156252,0.0,200.65,
3430,NFCORE_CHIPSEQ:CHIPSEQ:DEEPTOOLS_PLOTPROFILE,1702253708000,1702253766000,1,95.3,,5420089344.0,,,0.020741497919487845,0.020741497919487845,0.0,200.65,
3432,NFCORE_CHIPSEQ:CHIPSEQ:DEEPTOOLS_PLOTPROFILE,1702253782000,1702253826000,1,100.1,,5420089344.0,,,0.01628303837282986,0.01628303837282986,0.0,200.65,
3434,NFCORE_CHIPSEQ:CHIPSEQ:DEEPTOOLS_PLOTPROFILE,1702253815000,1702253861000,1,87.9,,5420089344.0,,,0.015566743128255211,0.015566743128255211,0.0,200.65,
3436,NFCORE_CHIPSEQ:CHIPSEQ:DEEPTOOLS_PLOTPROFILE,1702253865000,1702253911000,1,100.0,,5420089344.0,,,0.017011238502387154,0.017011238502387154,0.0,200.65,
3426,NFCORE_CHIPSEQ:CHIPSEQ:DEEPTOOLS_PLOTHEATMAP,1702253563000,1702253931000,1,98.9,,7430209536.0,,,0.15009131378819449,0.15009131378819449,0.0,200.65,
2469,NFCORE_CHIPSEQ:CHIPSEQ:DEEPTOOLS_COMPUTEMATRIX,1702252944000,1702253940000,9,692.2,,5673844736.0,,,1.9042104745169277,1.9042104745169277,0.0,200.65,
3429,NFCORE_CHIPSEQ:CHIPSEQ:DEEPTOOLS_PLOTHEATMAP,1702253695000,1702253986000,1,100.1,,7430209536.0,,,0.11959258607096354,0.11959258607096354,0.0,200.65,
3439,NFCORE_CHIPSEQ:CHIPSEQ:DEEPTOOLS_PLOTPROFILE,1702253942000,1702253996000,1,100.0,,5420089344.0,,,0.019969714763671875,0.019969714763671875,0.0,200.65,
3259,NFCORE_CHIPSEQ:CHIPSEQ:DEEPTOOLS_COMPUTEMATRIX,1702252969000,1702254001000,9,692.6,,5673844736.0,,,1.9741086629296876,1.9741086629296876,0.0,200.65,
3248,NFCORE_CHIPSEQ:CHIPSEQ:DEEPTOOLS_COMPUTEMATRIX,1702252989000,1702254036000,9,698.3,,5673844736.0,,,2.018290072512695,2.018290072512695,0.0,200.65,
3440,NFCORE_CHIPSEQ:CHIPSEQ:DEEPTOOLS_PLOTPROFILE,1702254009000,1702254071000,1,96.2,,5420089344.0,,,0.02231675891905382,0.02231675891905382,0.0,200.65,
3431,NFCORE_CHIPSEQ:CHIPSEQ:DEEPTOOLS_PLOTHEATMAP,1702253708000,1702254096000,1,99.4,,7430209536.0,,,0.1587519216657986,0.1587519216657986,0.0,200.65,
3443,NFCORE_CHIPSEQ:CHIPSEQ:DEEPTOOLS_PLOTPROFILE,1702254044000,1702254091000,1,88.0,,5420089344.0,,,0.015917348087131078,0.015917348087131078,0.0,200.65,
3433,NFCORE_CHIPSEQ:CHIPSEQ:DEEPTOOLS_PLOTHEATMAP,1702253782000,1702254106000,1,100.1,,7430209536.0,,,0.1331546319140625,0.1331546319140625,0.0,200.65,
3078,NFCORE_CHIPSEQ:CHIPSEQ:DEEPTOOLS_PLOTFINGERPRINT,1702253942000,1702254156000,8,597.3,,4294967296.0,,,0.3504281569644097,0.3504281569644097,0.0,200.65,
3435,NFCORE_CHIPSEQ:CHIPSEQ:DEEPTOOLS_PLOTHEATMAP,1702253815000,1702254186000,1,100.0,,7430209536.0,,,0.1523739905731337,0.1523739905731337,0.0,200.65,
3437,NFCORE_CHIPSEQ:CHIPSEQ:DEEPTOOLS_PLOTHEATMAP,1702253865000,1702254221000,1,98.6,,7430209536.0,,,0.1449198631032986,0.1449198631032986,0.0,200.65,
2130,NFCORE_CHIPSEQ:CHIPSEQ:DEEPTOOLS_COMPUTEMATRIX,1702253184000,1702254232000,9,698.2,,5673844736.0,,,2.0199457829279517,2.0199457829279517,0.0,200.65,
3438,NFCORE_CHIPSEQ:CHIPSEQ:DEEPTOOLS_PLOTHEATMAP,1702253942000,1702254296000,1,100.1,,7430209536.0,,,0.1454837644986979,0.1454837644986979,0.0,200.65,
3444,NFCORE_CHIPSEQ:CHIPSEQ:DEEPTOOLS_PLOTPROFILE,1702254237000,1702254301000,1,91.5,,5420089344.0,,,0.022256014395833336,0.022256014395833336,0.0,200.65,
3177,NFCORE_CHIPSEQ:CHIPSEQ:DEEPTOOLS_COMPUTEMATRIX,1702253289000,1702254346000,9,693.4,,5673844736.0,,,2.0241255745467663,2.0241255745467663,0.0,200.65,
3446,NFCORE_CHIPSEQ:CHIPSEQ:DEEPTOOLS_PLOTPROFILE,1702254354000,1702254401000,1,88.7,,5420089344.0,,,0.016002730584092885,0.016002730584092885,0.0,200.65,
2550,NFCORE_CHIPSEQ:CHIPSEQ:DEEPTOOLS_COMPUTEMATRIX,1702253367000,1702254401000,9,701.9,,5673844736.0,,,2.0028905390240883,2.0028905390240883,0.0,200.65,
3441,NFCORE_CHIPSEQ:CHIPSEQ:DEEPTOOLS_PLOTHEATMAP,1702254009000,1702254401000,1,99.5,,7430209536.0,,,0.1604902717517361,0.1604902717517361,0.0,200.65,
3442,NFCORE_CHIPSEQ:CHIPSEQ:DEEPTOOLS_PLOTHEATMAP,1702254044000,1702254402000,1,100.3,,7430209536.0,,,0.14731346607074652,0.14731346607074652,0.0,200.65,
3449,NFCORE_CHIPSEQ:CHIPSEQ:DEEPTOOLS_PLOTPROFILE,1702254404000,1702254451000,1,100.1,,5420089344.0,,,0.017393245534613716,0.017393245534613716,0.0,200.65,
2646,NFCORE_CHIPSEQ:CHIPSEQ:DEEPTOOLS_COMPUTEMATRIX,1702253559000,1702254571000,9,685.5,,5673844736.0,,,1.9172036210030383,1.9172036210030383,0.0,200.65,
3445,NFCORE_CHIPSEQ:CHIPSEQ:DEEPTOOLS_PLOTHEATMAP,1702254237000,1702254576000,1,100.2,,7430209536.0,,,0.13940717591601565,0.13940717591601565,0.0,200.65,
3451,NFCORE_CHIPSEQ:CHIPSEQ:DEEPTOOLS_PLOTPROFILE,1702254580000,1702254636000,1,100.1,,5420089344.0,,,0.02072386701996528,0.02072386701996528,0.0,200.65,
3195,NFCORE_CHIPSEQ:CHIPSEQ:DEEPTOOLS_COMPUTEMATRIX,1702253709000,1702254671000,9,665.4,,5673844736.0,,,1.7722985706421444,1.7722985706421444,0.0,200.65,
3447,NFCORE_CHIPSEQ:CHIPSEQ:DEEPTOOLS_PLOTHEATMAP,1702254354000,1702254686000,1,100.1,,7430209536.0,,,0.13644240060329862,0.13644240060329862,0.0,200.65,
2415,NFCORE_CHIPSEQ:CHIPSEQ:DEEPTOOLS_COMPUTEMATRIX,1702253694000,1702254711000,9,681.4,,5673844736.0,,,1.9158547126240237,1.9158547126240237,0.0,200.65,
3452,NFCORE_CHIPSEQ:CHIPSEQ:DEEPTOOLS_PLOTPROFILE,1702254677000,1702254751000,1,92.1,,5420089344.0,,,0.025848744087890622,0.025848744087890622,0.0,200.65,
3448,NFCORE_CHIPSEQ:CHIPSEQ:DEEPTOOLS_PLOTHEATMAP,1702254404000,1702254756000,1,99.7,,7430209536.0,,,0.14429641638194446,0.14429641638194446,0.0,200.65,
3455,NFCORE_CHIPSEQ:CHIPSEQ:DEEPTOOLS_PLOTPROFILE,1702254718000,1702254766000,1,99.9,,5420089344.0,,,0.017738400546875,0.017738400546875,0.0,200.65,
2702,NFCORE_CHIPSEQ:CHIPSEQ:DEEPTOOLS_COMPUTEMATRIX,1702253779000,1702254831000,9,690.2,,5673844736.0,,,2.0058141897955735,2.0058141897955735,0.0,200.65,
3456,NFCORE_CHIPSEQ:CHIPSEQ:DEEPTOOLS_PLOTPROFILE,1702254834000,1702254886000,1,100.0,,5420089344.0,,,0.019230095698350696,0.019230095698350696,0.0,200.65,
2277,NFCORE_CHIPSEQ:CHIPSEQ:DEEPTOOLS_COMPUTEMATRIX,1702253814000,1702254907000,9,696.7,,5673844736.0,,,2.1024252449478085,2.1024252449478085,0.0,200.65,
3450,NFCORE_CHIPSEQ:CHIPSEQ:DEEPTOOLS_PLOTHEATMAP,1702254580000,1702254946000,1,99.9,,7430209536.0,,,0.15022544796484377,0.15022544796484377,0.0,200.65,
3458,NFCORE_CHIPSEQ:CHIPSEQ:DEEPTOOLS_PLOTPROFILE,1702254914000,1702254962000,1,87.0,,5420089344.0,,,0.016131444859375,0.016131444859375,0.0,200.65,
2822,NFCORE_CHIPSEQ:CHIPSEQ:DEEPTOOLS_COMPUTEMATRIX,1702253864000,1702254963000,9,713.1,,5673844736.0,,,2.160741538270942,2.160741538270942,0.0,200.65,
3460,NFCORE_CHIPSEQ:CHIPSEQ:DEEPTOOLS_PLOTPROFILE,1702254966000,1702255021000,1,90.3,,5420089344.0,,,0.018954978334960938,0.018954978334960938,0.0,200.65,
3454,NFCORE_CHIPSEQ:CHIPSEQ:DEEPTOOLS_PLOTHEATMAP,1702254718000,1702255056000,1,100.0,,7430209536.0,,,0.13882050893185763,0.13882050893185763,0.0,200.65,
3257,NFCORE_CHIPSEQ:CHIPSEQ:DEEPTOOLS_COMPUTEMATRIX,1702254005000,1702255061000,9,707.1,,5673844736.0,,,2.0597560631770833,2.0597560631770833,0.0,200.65,
3453,NFCORE_CHIPSEQ:CHIPSEQ:DEEPTOOLS_PLOTHEATMAP,1702254677000,1702255076000,1,98.8,,7430209536.0,,,0.16263132656184895,0.16263132656184895,0.0,200.65,
3215,NFCORE_CHIPSEQ:CHIPSEQ:DEEPTOOLS_COMPUTEMATRIX,1702254039000,1702255078000,9,693.8,,5673844736.0,,,1.990734646029622,1.990734646029622,0.0,200.65,
3462,NFCORE_CHIPSEQ:CHIPSEQ:DEEPTOOLS_PLOTPROFILE,1702255066000,1702255121000,1,99.8,,5420089344.0,,,0.020310976956922744,0.020310976956922744,0.0,200.65,
3464,NFCORE_CHIPSEQ:CHIPSEQ:DEEPTOOLS_PLOTPROFILE,1702255082000,1702255136000,1,100.2,,5420089344.0,,,0.019997743060546875,0.019997743060546875,0.0,200.65,
2527,NFCORE_CHIPSEQ:CHIPSEQ:DEEPTOOLS_COMPUTEMATRIX,1702254159000,1702255141000,9,676.2,,5673844736.0,,,1.8366684823031687,1.8366684823031687,0.0,200.65,
3457,NFCORE_CHIPSEQ:CHIPSEQ:DEEPTOOLS_PLOTHEATMAP,1702254835000,1702255171000,1,100.0,,7430209536.0,,,0.13799908580208334,0.13799908580208334,0.0,200.65,
3467,NFCORE_CHIPSEQ:CHIPSEQ:DEEPTOOLS_PLOTPROFILE,1702255146000,1702255201000,1,100.0,,5420089344.0,,,0.020339524296332467,0.020339524296332467,0.0,200.65,
3249,NFCORE_CHIPSEQ:CHIPSEQ:DEEPTOOLS_COMPUTEMATRIX,1702254234000,1702255271000,9,692.5,,5673844736.0,,,1.9834040193314888,1.9834040193314888,0.0,200.65,
3459,NFCORE_CHIPSEQ:CHIPSEQ:DEEPTOOLS_PLOTHEATMAP,1702254914000,1702255281000,1,99.8,,7430209536.0,,,0.15054065570334205,0.15054065570334205,0.0,200.65,
3461,NFCORE_CHIPSEQ:CHIPSEQ:DEEPTOOLS_PLOTHEATMAP,1702254966000,1702255341000,1,98.6,,7430209536.0,,,0.15265435017903647,0.15265435017903647,0.0,200.65,
3469,NFCORE_CHIPSEQ:CHIPSEQ:DEEPTOOLS_PLOTPROFILE,1702255277000,1702255336000,1,92.6,,5420089344.0,,,0.02068569257367622,0.02068569257367622,0.0,200.65,
3263,NFCORE_CHIPSEQ:CHIPSEQ:DEEPTOOLS_COMPUTEMATRIX,1702254350000,1702255401000,9,700.9,,5673844736.0,,,2.033092505478407,2.033092505478407,0.0,200.65,
3465,NFCORE_CHIPSEQ:CHIPSEQ:DEEPTOOLS_PLOTHEATMAP,1702255082000,1702255431000,1,98.8,,7430209536.0,,,0.14225146107790798,0.14225146107790798,0.0,200.65,
3463,NFCORE_CHIPSEQ:CHIPSEQ:DEEPTOOLS_PLOTHEATMAP,1702255066000,1702255456000,1,98.7,,7430209536.0,,,0.15886173748046878,0.15886173748046878,0.0,200.65,
3470,NFCORE_CHIPSEQ:CHIPSEQ:DEEPTOOLS_PLOTPROFILE,1702255405000,1702255462000,1,89.6,,5420089344.0,,,0.019540701288736983,0.019540701288736983,0.0,200.65,
2172,NFCORE_CHIPSEQ:CHIPSEQ:DEEPTOOLS_COMPUTEMATRIX,1702254404000,1702255466000,9,700.8,,5673844736.0,,,2.0540956927128904,2.0540956927128904,0.0,200.65,
3472,NFCORE_CHIPSEQ:CHIPSEQ:DEEPTOOLS_PLOTPROFILE,1702255469000,1702255516000,1,100.1,,5420089344.0,,,0.017393245534613716,0.017393245534613716,0.0,200.65,
3466,NFCORE_CHIPSEQ:CHIPSEQ:DEEPTOOLS_PLOTHEATMAP,1702255146000,1702255526000,1,100.1,,7430209536.0,,,0.15616901273871528,0.15616901273871528,0.0,200.65,
3198,NFCORE_CHIPSEQ:CHIPSEQ:DEEPTOOLS_COMPUTEMATRIX,1702254574000,1702255591000,9,675.3,,5673844736.0,,,1.899754791760742,1.899754791760742,0.0,200.65,
3468,NFCORE_CHIPSEQ:CHIPSEQ:DEEPTOOLS_PLOTHEATMAP,1702255277000,1702255611000,1,99.0,,7430209536.0,,,0.1363108616393229,0.1363108616393229,0.0,200.65,
3474,NFCORE_CHIPSEQ:CHIPSEQ:DEEPTOOLS_PLOTPROFILE,1702255595000,1702255656000,1,91.1,,5420089344.0,,,0.02114944053179254,0.02114944053179254,0.0,200.65,
3007,NFCORE_CHIPSEQ:CHIPSEQ:DEEPTOOLS_COMPUTEMATRIX,1702254675000,1702255661000,9,682.6,,5673844736.0,,,1.8605266503721791,1.8605266503721791,0.0,200.65,
3471,NFCORE_CHIPSEQ:CHIPSEQ:DEEPTOOLS_PLOTHEATMAP,1702255405000,1702255711000,1,99.9,,7430209536.0,,,0.12559832534765625,0.12559832534765625,0.0,200.65,
3477,NFCORE_CHIPSEQ:CHIPSEQ:DEEPTOOLS_PLOTPROFILE,1702255668000,1702255726000,1,99.8,,5420089344.0,,,0.021418848427300352,0.021418848427300352,0.0,200.65,
3001,NFCORE_CHIPSEQ:CHIPSEQ:DEEPTOOLS_COMPUTEMATRIX,1702254715000,1702255766000,9,692.9,,5673844736.0,,,2.011271957318685,2.011271957318685,0.0,200.65,
3473,NFCORE_CHIPSEQ:CHIPSEQ:DEEPTOOLS_PLOTHEATMAP,1702255469000,1702255816000,1,99.3,,7430209536.0,,,0.1418865358574219,0.1418865358574219,0.0,200.65,
3478,NFCORE_CHIPSEQ:CHIPSEQ:DEEPTOOLS_PLOTPROFILE,1702255771000,1702255821000,1,100.0,,5420089344.0,,,0.018490476633029513,0.018490476633029513,0.0,200.65,
2246,NFCORE_CHIPSEQ:CHIPSEQ:DEEPTOOLS_COMPUTEMATRIX,1702254834000,1702255881000,9,703.0,,5673844736.0,,,2.0310608545582682,2.0310608545582682,0.0,200.65,
3480,NFCORE_CHIPSEQ:CHIPSEQ:DEEPTOOLS_PLOTPROFILE,1702255883000,1702255931000,1,100.1,,5420089344.0,,,0.01776331458854167,0.01776331458854167,0.0,200.65,
3475,NFCORE_CHIPSEQ:CHIPSEQ:DEEPTOOLS_PLOTHEATMAP,1702255595000,1702255951000,1,100.2,,7430209536.0,,,0.1463980962421875,0.1463980962421875,0.0,200.65,
2791,NFCORE_CHIPSEQ:CHIPSEQ:DEEPTOOLS_COMPUTEMATRIX,1702254910000,1702256027000,9,709.0,,5673844736.0,,,2.184246004107965,2.184246004107965,0.0,200.65,
3476,NFCORE_CHIPSEQ:CHIPSEQ:DEEPTOOLS_PLOTHEATMAP,1702255668000,1702256056000,1,99.3,,7430209536.0,,,0.1586512274140625,0.1586512274140625,0.0,200.65,
1645,NFCORE_CHIPSEQ:CHIPSEQ:DEEPTOOLS_COMPUTEMATRIX,1702254965000,1702256056000,9,722.3,,5673844736.0,,,2.1710614241103516,2.1710614241103516,0.0,200.65,
3483,NFCORE_CHIPSEQ:CHIPSEQ:DEEPTOOLS_PLOTPROFILE,1702256030000,1702256071000,1,95.0,,5420089344.0,,,0.014630172240993927,0.014630172240993927,0.0,200.65,
3479,NFCORE_CHIPSEQ:CHIPSEQ:DEEPTOOLS_PLOTHEATMAP,1702255771000,1702256086000,1,100.1,,7430209536.0,,,0.12945589213867187,0.12945589213867187,0.0,200.65,
3485,NFCORE_CHIPSEQ:CHIPSEQ:DEEPTOOLS_PLOTPROFILE,1702256059000,1702256106000,1,94.2,,5420089344.0,,,0.016673593060221356,0.016673593060221356,0.0,200.65,
3258,NFCORE_CHIPSEQ:CHIPSEQ:DEEPTOOLS_COMPUTEMATRIX,1702255080000,1702256116000,9,696.7,,5673844736.0,,,1.992783672246962,1.992783672246962,0.0,200.65,
3110,NFCORE_CHIPSEQ:CHIPSEQ:DEEPTOOLS_COMPUTEMATRIX,1702255144000,1702256126000,9,682.3,,5673844736.0,,,1.8522143252606338,1.8522143252606338,0.0,200.65,
2508,NFCORE_CHIPSEQ:CHIPSEQ:DEEPTOOLS_COMPUTEMATRIX,1702255064000,1702256141000,9,712.6,,5673844736.0,,,2.1160898635237633,2.1160898635237633,0.0,200.65,
3486,NFCORE_CHIPSEQ:CHIPSEQ:DEEPTOOLS_PLOTPROFILE,1702256124000,1702256179000,1,95.7,,5420089344.0,,,0.019725756499023438,0.019725756499023438,0.0,200.65,
3488,NFCORE_CHIPSEQ:CHIPSEQ:DEEPTOOLS_PLOTPROFILE,1702256129000,1702256186000,1,99.8,,5420089344.0,,,0.02104955793717448,0.02104955793717448,0.0,200.65,
3481,NFCORE_CHIPSEQ:CHIPSEQ:DEEPTOOLS_PLOTHEATMAP,1702255883000,1702256201000,1,100.0,,7430209536.0,,,0.1306062776341146,0.1306062776341146,0.0,200.65,
3490,NFCORE_CHIPSEQ:CHIPSEQ:DEEPTOOLS_PLOTPROFILE,1702256144000,1702256201000,1,99.8,,5420089344.0,,,0.02104955793717448,0.02104955793717448,0.0,200.65,
1795,NFCORE_CHIPSEQ:CHIPSEQ:DEEPTOOLS_COMPUTEMATRIX,1702255274000,1702256291000,9,709.1,,5673844736.0,,,1.9889641893310548,1.9889641893310548,0.0,200.65,
3492,NFCORE_CHIPSEQ:CHIPSEQ:DEEPTOOLS_PLOTPROFILE,1702256298000,1702256356000,1,99.9,,5420089344.0,,,0.021433900660807293,0.021433900660807293,0.0,200.65,
3482,NFCORE_CHIPSEQ:CHIPSEQ:DEEPTOOLS_PLOTHEATMAP,1702256030000,1702256396000,1,99.5,,7430209536.0,,,0.14984550882942707,0.14984550882942707,0.0,200.65,
3484,NFCORE_CHIPSEQ:CHIPSEQ:DEEPTOOLS_PLOTHEATMAP,1702256059000,1702256400000,1,99.3,,7430209536.0,,,0.14797202932890627,0.14797202932890627,0.0,200.09,
2634,NFCORE_CHIPSEQ:CHIPSEQ:DEEPTOOLS_COMPUTEMATRIX,1702255404000,1702256400000,9,700.7,,5673844736.0,,,2.0338763972132816,2.0338763972132816,0.0,200.09,
3487,NFCORE_CHIPSEQ:CHIPSEQ:DEEPTOOLS_PLOTHEATMAP,1702256124000,1702256400000,1,99.6,,7430209536.0,,,0.1440312726875,0.1440312726875,0.0,200.09,
3489,NFCORE_CHIPSEQ:CHIPSEQ:DEEPTOOLS_PLOTHEATMAP,1702256129000,1702256400000,1,100.0,,7430209536.0,,,0.15663734650980904,0.15663734650980904,0.0,200.09,
3491,NFCORE_CHIPSEQ:CHIPSEQ:DEEPTOOLS_PLOTHEATMAP,1702256144000,1702256400000,1,98.6,,7430209536.0,,,0.149145503906467,0.149145503906467,0.0,200.09,
2519,NFCORE_CHIPSEQ:CHIPSEQ:DEEPTOOLS_COMPUTEMATRIX,1702255469000,1702256400000,9,715.2,,5673844736.0,,,2.0727366900014763,2.0727366900014763,0.0,200.09,
3493,NFCORE_CHIPSEQ:CHIPSEQ:DEEPTOOLS_PLOTHEATMAP,1702256298000,1702256400000,1,98.7,,7430209536.0,,,0.1314726815828125,0.1314726815828125,0.0,200.09,
3148,NFCORE_CHIPSEQ:CHIPSEQ:DEEPTOOLS_COMPUTEMATRIX,1702255594000,1702256400000,9,689.0,,5673844736.0,,,1.9904595140728512,1.9904595140728512,0.0,200.09,
3014,NFCORE_CHIPSEQ:CHIPSEQ:DEEPTOOLS_COMPUTEMATRIX,1702255664000,1702256400000,9,697.6,,5673844736.0,,,1.9555911446301,1.9555911446301,0.0,200.09,
2740,NFCORE_CHIPSEQ:CHIPSEQ:DEEPTOOLS_COMPUTEMATRIX,1702255769000,1702256400000,9,711.5,,5673844736.0,,,2.0105813234947267,2.0105813234947267,0.0,200.09,
2528,NFCORE_CHIPSEQ:CHIPSEQ:DEEPTOOLS_COMPUTEMATRIX,1702255884000,1702256400000,9,711.0,,5673844736.0,,,2.0294397254165366,2.0294397254165366,0.0,200.09,
2745,NFCORE_CHIPSEQ:CHIPSEQ:DEEPTOOLS_COMPUTEMATRIX,1702256129000,1702256400000,9,693.7,,5673844736.0,,,1.9022400280243708,1.9022400280243708,0.0,200.09,
1766,NFCORE_CHIPSEQ:CHIPSEQ:DEEPTOOLS_COMPUTEMATRIX,1702256059000,1702256400000,9,727.5,,5673844736.0,,,2.181381845638433,2.181381845638433,0.0,200.09,
3261,NFCORE_CHIPSEQ:CHIPSEQ:DEEPTOOLS_COMPUTEMATRIX,1702256029000,1702256400000,9,702.1,,5673844736.0,,,2.1850768624118926,2.1850768624118926,0.0,200.09,
2387,NFCORE_CHIPSEQ:CHIPSEQ:DEEPTOOLS_COMPUTEMATRIX,1702256119000,1702256400000,9,710.0,,5673844736.0,,,2.037814868355534,2.037814868355534,0.0,200.09,
2985,NFCORE_CHIPSEQ:CHIPSEQ:DEEPTOOLS_COMPUTEMATRIX,1702256144000,1702256400000,9,719.3,,5673844736.0,,,2.1158772532572914,2.1158772532572914,0.0,200.09,
2986,NFCORE_CHIPSEQ:CHIPSEQ:DEEPTOOLS_COMPUTEMATRIX,1702256294000,1702256400000,9,705.9,,5673844736.0,,,2.0287118585696398,2.0287118585696398,0.0,200.09,
3494,NFCORE_CHIPSEQ:CHIPSEQ:DEEPTOOLS_PLOTPROFILE,1702256459000,1702256502000,1,94.6,,5420089344.0,,,0.015213803536523436,0.015213803536523436,0.0,199.53,
3497,NFCORE_CHIPSEQ:CHIPSEQ:DEEPTOOLS_PLOTPROFILE,1702256526000,1702256576000,1,100.0,,5420089344.0,,,0.018387265400390623,0.018387265400390623,0.0,199.53,
3499,NFCORE_CHIPSEQ:CHIPSEQ:DEEPTOOLS_PLOTPROFILE,1702256649000,1702256711000,1,91.5,,5420089344.0,,,0.021440166198046874,0.021440166198046874,0.0,199.53,
3501,NFCORE_CHIPSEQ:CHIPSEQ:DEEPTOOLS_PLOTPROFILE,1702256684000,1702256741000,1,99.6,,5420089344.0,,,0.020902641990820314,0.020902641990820314,0.0,199.53,
3495,NFCORE_CHIPSEQ:CHIPSEQ:DEEPTOOLS_PLOTHEATMAP,1702256459000,1702256781000,1,99.4,,7430209536.0,,,0.13101233156484374,0.13101233156484374,0.0,199.53,
3503,NFCORE_CHIPSEQ:CHIPSEQ:DEEPTOOLS_PLOTPROFILE,1702256803000,1702256851000,1,100.1,,5420089344.0,,,0.017664162271875,0.017664162271875,0.0,199.53,
3496,NFCORE_CHIPSEQ:CHIPSEQ:DEEPTOOLS_PLOTHEATMAP,1702256526000,1702256861000,1,100.0,,7430209536.0,,,0.13682037533789063,0.13682037533789063,0.0,199.53,
3504,NFCORE_CHIPSEQ:CHIPSEQ:DEEPTOOLS_PLOTPROFILE,1702256927000,1702256976000,1,100.1,,5420089344.0,,,0.01803216565253906,0.01803216565253906,0.0,199.53,
3498,NFCORE_CHIPSEQ:CHIPSEQ:DEEPTOOLS_PLOTHEATMAP,1702256649000,1702257001000,1,100.2,,7430209536.0,,,0.14394518201250003,0.14394518201250003,0.0,199.53,
3500,NFCORE_CHIPSEQ:CHIPSEQ:DEEPTOOLS_PLOTHEATMAP,1702256684000,1702257071000,1,98.7,,7430209536.0,,,0.15675980140898438,0.15675980140898438,0.0,199.53,
3502,NFCORE_CHIPSEQ:CHIPSEQ:DEEPTOOLS_PLOTHEATMAP,1702256803000,1702257091000,1,100.1,,7430209536.0,,,0.1176990058125,0.1176990058125,0.0,199.53,
3506,NFCORE_CHIPSEQ:CHIPSEQ:DEEPTOOLS_PLOTPROFILE,1702257128000,1702257181000,1,100.0,,5420089344.0,,,0.019490501324414062,0.019490501324414062,0.0,199.53,
3509,NFCORE_CHIPSEQ:CHIPSEQ:DEEPTOOLS_PLOTPROFILE,1702257153000,1702257196000,1,95.1,,5420089344.0,,,0.015269289157617189,0.015269289157617189,0.0,199.53,
3511,NFCORE_CHIPSEQ:CHIPSEQ:DEEPTOOLS_PLOTPROFILE,1702257169000,1702257217000,1,98.2,,5420089344.0,,,0.017428800009375002,0.017428800009375002,0.0,199.53,
3513,NFCORE_CHIPSEQ:CHIPSEQ:DEEPTOOLS_PLOTPROFILE,1702257171000,1702257219000,1,100.2,,5420089344.0,,,0.017676549759375004,0.017676549759375004,0.0,199.53,
3505,NFCORE_CHIPSEQ:CHIPSEQ:DEEPTOOLS_PLOTHEATMAP,1702256927000,1702257241000,1,100.0,,7430209536.0,,,0.12824357568984376,0.12824357568984376,0.0,199.53,
3514,NFCORE_CHIPSEQ:CHIPSEQ:DEEPTOOLS_PLOTPROFILE,1702257221000,1702257271000,1,98.5,,5420089344.0,,,0.018193710908203126,0.018193710908203126,0.0,199.53,
2461,NFCORE_CHIPSEQ:CHIPSEQ:DEEPTOOLS_PLOTFINGERPRINT,1702257220000,1702257361000,8,658.6,,4294967296.0,,,0.25190678088281254,0.25190678088281254,0.0,199.53,
3517,NFCORE_CHIPSEQ:CHIPSEQ:DEEPTOOLS_PLOTPROFILE,1702257346000,1702257396000,1,100.0,,5420089344.0,,,0.018387265400390623,0.018387265400390623,0.0,199.53,
3507,NFCORE_CHIPSEQ:CHIPSEQ:DEEPTOOLS_PLOTHEATMAP,1702257128000,1702257471000,1,100.1,,7430209536.0,,,0.1401762465058594,0.1401762465058594,0.0,199.53,
3508,NFCORE_CHIPSEQ:CHIPSEQ:DEEPTOOLS_PLOTHEATMAP,1702257153000,1702257476000,1,99.4,,7430209536.0,,,0.13141920215976563,0.13141920215976563,0.0,199.53,
3512,NFCORE_CHIPSEQ:CHIPSEQ:DEEPTOOLS_PLOTHEATMAP,1702257171000,1702257491000,1,98.6,,7430209536.0,,,0.129537924375,0.129537924375,0.0,199.53,
2594,NFCORE_CHIPSEQ:CHIPSEQ:DEEPTOOLS_PLOTFINGERPRINT,1702257344000,1702257491000,8,670.9,,4294967296.0,,,0.26729243006484377,0.26729243006484377,0.0,199.53,
3161,NFCORE_CHIPSEQ:CHIPSEQ:DEEPTOOLS_COMPUTEMATRIX,1702256459000,1702257512000,9,696.4,,5673844736.0,,,2.013362574059179,2.013362574059179,0.0,199.53,
3510,NFCORE_CHIPSEQ:CHIPSEQ:DEEPTOOLS_PLOTHEATMAP,1702257169000,1702257521000,1,99.8,,7430209536.0,,,0.14358181571250003,0.14358181571250003,0.0,199.53,
2684,NFCORE_CHIPSEQ:CHIPSEQ:DEEPTOOLS_PLOTFINGERPRINT,1702257364000,1702257526000,8,601.7,,4294967296.0,,,0.2656361907703125,0.2656361907703125,0.0,199.53,
3519,NFCORE_CHIPSEQ:CHIPSEQ:DEEPTOOLS_PLOTPROFILE,1702257516000,1702257557000,1,86.1,,5420089344.0,,,0.013606801560351562,0.013606801560351562,0.0,199.53,
3515,NFCORE_CHIPSEQ:CHIPSEQ:DEEPTOOLS_PLOTHEATMAP,1702257220000,1702257561000,1,100.0,,7430209536.0,,,0.13927088952304684,0.13927088952304684,0.0,199.53,
3008,NFCORE_CHIPSEQ:CHIPSEQ:DEEPTOOLS_COMPUTEMATRIX,1702256525000,1702257586000,9,716.2,,5673844736.0,,,2.082874163431055,2.082874163431055,0.0,199.53,
3520,NFCORE_CHIPSEQ:CHIPSEQ:DEEPTOOLS_PLOTPROFILE,1702257591000,1702257631000,1,85.9,,5420089344.0,,,0.013254282539062502,0.013254282539062502,0.0,199.53,
3516,NFCORE_CHIPSEQ:CHIPSEQ:DEEPTOOLS_PLOTHEATMAP,1702257346000,1702257642000,1,100.0,,7430209536.0,,,0.12089203313437502,0.12089203313437502,0.0,199.53,
2729,NFCORE_CHIPSEQ:CHIPSEQ:DEEPTOOLS_PLOTFINGERPRINT,1702257514000,1702257646000,8,527.1,,4294967296.0,,,0.19103137298437503,0.19103137298437503,0.0,199.53,
2905,NFCORE_CHIPSEQ:CHIPSEQ:DEEPTOOLS_COMPUTEMATRIX,1702256644000,1702257656000,9,696.0,,5673844736.0,,,1.9339248612492188,1.9339248612492188,0.0,199.53,
2958,NFCORE_CHIPSEQ:CHIPSEQ:DEEPTOOLS_PLOTFINGERPRINT,1702257494000,1702257686000,8,660.2,,4294967296.0,,,0.34381479870000003,0.34381479870000003,0.0,199.53,
2083,NFCORE_CHIPSEQ:CHIPSEQ:DEEPTOOLS_COMPUTEMATRIX,1702256684000,1702257687000,9,718.6,,5673844736.0,,,1.97522531830957,1.97522531830957,0.0,199.53,
2642,NFCORE_CHIPSEQ:CHIPSEQ:DEEPTOOLS_PLOTFINGERPRINT,1702257529000,1702257695000,8,653.7,,4294967296.0,,,0.29447194074843747,0.29447194074843747,0.0,199.53,
2589,NFCORE_CHIPSEQ:CHIPSEQ:DEEPTOOLS_PLOTFINGERPRINT,1702257589000,1702257711000,8,549.2,,4294967296.0,,,0.18351745423125004,0.18351745423125004,0.0,199.53,
3522,NFCORE_CHIPSEQ:CHIPSEQ:DEEPTOOLS_PLOTPROFILE,1702257660000,1702257711000,1,89.7,,5420089344.0,,,0.017399355045117186,0.017399355045117186,0.0,199.53,
3525,NFCORE_CHIPSEQ:CHIPSEQ:DEEPTOOLS_PLOTPROFILE,1702257695000,1702257736000,1,100.1,,5420089344.0,,,0.015088138607226565,0.015088138607226565,0.0,199.53,
2651,NFCORE_CHIPSEQ:CHIPSEQ:DEEPTOOLS_PLOTFINGERPRINT,1702257649000,1702257776000,8,553.0,,4294967296.0,,,0.1922841200109375,0.1922841200109375,0.0,199.53,
3518,NFCORE_CHIPSEQ:CHIPSEQ:DEEPTOOLS_PLOTHEATMAP,1702257516000,1702257791000,1,98.0,,7430209536.0,,,0.11089583387695313,0.11089583387695313,0.0,199.53,
2183,NFCORE_CHIPSEQ:CHIPSEQ:DEEPTOOLS_PLOTFINGERPRINT,1702257659000,1702257801000,8,539.1,,4294967296.0,,,0.20990100475781248,0.20990100475781248,0.0,199.53,
2173,NFCORE_CHIPSEQ:CHIPSEQ:DEEPTOOLS_COMPUTEMATRIX,1702256799000,1702257811000,9,720.8,,5673844736.0,,,1.9986949042242184,1.9986949042242184,0.0,199.53,
2579,NFCORE_CHIPSEQ:CHIPSEQ:DEEPTOOLS_PLOTFINGERPRINT,1702257690000,1702257816000,8,633.0,,4294967296.0,,,0.21678379557187502,0.21678379557187502,0.0,199.53,
3527,NFCORE_CHIPSEQ:CHIPSEQ:DEEPTOOLS_PLOTPROFILE,1702257817000,1702257861000,1,100.0,,5420089344.0,,,0.016180793552343753,0.016180793552343753,0.0,199.53,
3521,NFCORE_CHIPSEQ:CHIPSEQ:DEEPTOOLS_PLOTHEATMAP,1702257591000,1702257866000,1,98.1,,7430209536.0,,,0.11096680385742189,0.11096680385742189,0.0,199.53,
2931,NFCORE_CHIPSEQ:CHIPSEQ:DEEPTOOLS_PLOTFINGERPRINT,1702257714000,1702257869000,8,651.7,,4294967296.0,,,0.27415871462109376,0.27415871462109376,0.0,199.53,
3099,NFCORE_CHIPSEQ:CHIPSEQ:DEEPTOOLS_PLOTFINGERPRINT,1702257689000,1702257881000,8,641.1,,4294967296.0,,,0.33435075825,0.33435075825,0.0,199.53,
2359,NFCORE_CHIPSEQ:CHIPSEQ:DEEPTOOLS_PLOTFINGERPRINT,1702257779000,1702257891000,8,595.6,,4294967296.0,,,0.18188655975,0.18188655975,0.0,199.53,
2944,NFCORE_CHIPSEQ:CHIPSEQ:DEEPTOOLS_PLOTFINGERPRINT,1702257698000,1702257911000,8,557.6,,4294967296.0,,,0.3250208601562501,0.3250208601562501,0.0,199.53,
3523,NFCORE_CHIPSEQ:CHIPSEQ:DEEPTOOLS_PLOTHEATMAP,1702257660000,1702257931000,1,100.2,,7430209536.0,,,0.11082143274257814,0.11082143274257814,0.0,199.53,
1633,NFCORE_CHIPSEQ:CHIPSEQ:DEEPTOOLS_COMPUTEMATRIX,1702256924000,1702257942000,9,728.0,,5673844736.0,,,2.02946056742461,2.02946056742461,0.0,199.53,
2069,NFCORE_CHIPSEQ:CHIPSEQ:DEEPTOOLS_PLOTFINGERPRINT,1702257814000,1702257942000,8,594.9,,4294967296.0,,,0.2076391209,0.2076391209,0.0,199.53,
3524,NFCORE_CHIPSEQ:CHIPSEQ:DEEPTOOLS_PLOTHEATMAP,1702257695000,1702257946000,1,99.5,,7430209536.0,,,0.10218929556210939,0.10218929556210939,0.0,199.53,
2444,NFCORE_CHIPSEQ:CHIPSEQ:DEEPTOOLS_PLOTFINGERPRINT,1702257819000,1702257956000,8,539.2,,4294967296.0,,,0.20254548026250002,0.20254548026250002,0.0,199.53,
2909,NFCORE_CHIPSEQ:CHIPSEQ:DEEPTOOLS_PLOTFINGERPRINT,1702257804000,1702257956000,8,665.3,,4294967296.0,,,0.27418729486875,0.27418729486875,0.0,199.53,
3529,NFCORE_CHIPSEQ:CHIPSEQ:DEEPTOOLS_PLOTPROFILE,1702257946000,1702257986000,1,100.1,,5420089344.0,,,0.014720135226562502,0.014720135226562502,0.0,199.53,
2222,NFCORE_CHIPSEQ:CHIPSEQ:DEEPTOOLS_PLOTFINGERPRINT,1702257884000,1702258006000,8,574.1,,4294967296.0,,,0.19135718538281252,0.19135718538281252,0.0,199.53,
2225,NFCORE_CHIPSEQ:CHIPSEQ:DEEPTOOLS_PLOTFINGERPRINT,1702257894000,1702258009000,8,588.7,,4294967296.0,,,0.18471071464453126,0.18471071464453126,0.0,199.53,
2915,NFCORE_CHIPSEQ:CHIPSEQ:DEEPTOOLS_PLOTFINGERPRINT,1702257872000,1702258041000,8,565.8,,4294967296.0,,,0.26145677165156245,0.26145677165156245,0.0,199.53,
2976,NFCORE_CHIPSEQ:CHIPSEQ:DEEPTOOLS_PLOTFINGERPRINT,1702257915000,1702258061000,8,626.8,,4294967296.0,,,0.24885784816874998,0.24885784816874998,0.0,199.53,
3526,NFCORE_CHIPSEQ:CHIPSEQ:DEEPTOOLS_PLOTHEATMAP,1702257817000,1702258061000,1,99.9,,7430209536.0,,,0.09959127380156252,0.09959127380156252,0.0,199.53,
2114,NFCORE_CHIPSEQ:CHIPSEQ:DEEPTOOLS_COMPUTEMATRIX,1702257167000,1702258063000,9,724.3,,5673844736.0,,,1.7776886468249997,1.7776886468249997,0.0,199.53,
2228,NFCORE_CHIPSEQ:CHIPSEQ:DEEPTOOLS_PLOTFINGERPRINT,1702257944000,1702258066000,8,603.4,,4294967296.0,,,0.200582250553125,0.200582250553125,0.0,199.53,
2372,NFCORE_CHIPSEQ:CHIPSEQ:DEEPTOOLS_PLOTFINGERPRINT,1702257959000,1702258070000,8,636.3,,4294967296.0,,,0.19192152100078122,0.19192152100078122,0.0,199.53,
2409,NFCORE_CHIPSEQ:CHIPSEQ:DEEPTOOLS_PLOTFINGERPRINT,1702257960000,1702258076000,8,609.9,,4294967296.0,,,0.19266341753437502,0.19266341753437502,0.0,199.53,
3530,NFCORE_CHIPSEQ:CHIPSEQ:DEEPTOOLS_PLOTPROFILE,1702258068000,1702258106000,1,100.2,,5420089344.0,,,0.013993935226171875,0.013993935226171875,0.0,199.53,
2827,NFCORE_CHIPSEQ:CHIPSEQ:DEEPTOOLS_PLOTFINGERPRINT,1702257944000,1702258116000,8,559.4,,4294967296.0,,,0.2632571523187501,0.2632571523187501,0.0,199.53,
2384,NFCORE_CHIPSEQ:CHIPSEQ:DEEPTOOLS_COMPUTEMATRIX,1702257129000,1702258121000,9,715.7,,5673844736.0,,,1.9461385931062498,1.9461385931062498,0.0,199.53,
2388,NFCORE_CHIPSEQ:CHIPSEQ:DEEPTOOLS_COMPUTEMATRIX,1702257164000,1702258164000,9,723.8,,5673844736.0,,,1.9827371443359378,1.9827371443359378,0.0,199.53,
2510,NFCORE_CHIPSEQ:CHIPSEQ:DEEPTOOLS_PLOTFINGERPRINT,1702258044000,1702258161000,8,582.4,,4294967296.0,,,0.18602082135,0.18602082135,0.0,199.53,
2991,NFCORE_CHIPSEQ:CHIPSEQ:DEEPTOOLS_PLOTFINGERPRINT,1702258009000,1702258166000,8,572.4,,4294967296.0,,,0.24556594264687504,0.24556594264687504,0.0,199.53,
3533,NFCORE_CHIPSEQ:CHIPSEQ:DEEPTOOLS_PLOTPROFILE,1702258127000,1702258169000,1,100.1,,5420089344.0,,,0.015456141987890625,0.015456141987890625,0.0,199.53,
2132,NFCORE_CHIPSEQ:CHIPSEQ:DEEPTOOLS_COMPUTEMATRIX,1702257154000,1702258171000,9,709.6,,5673844736.0,,,1.979174371209961,1.979174371209961,0.0,199.53,
2950,NFCORE_CHIPSEQ:CHIPSEQ:DEEPTOOLS_PLOTFINGERPRINT,1702258011000,1702258176000,8,544.5,,4294967296.0,,,0.2461984821914062,0.2461984821914062,0.0,199.53,
3528,NFCORE_CHIPSEQ:CHIPSEQ:DEEPTOOLS_PLOTHEATMAP,1702257946000,1702258186000,1,99.9,,7430209536.0,,,0.09795862996875,0.09795862996875,0.0,199.53,
3534,NFCORE_CHIPSEQ:CHIPSEQ:DEEPTOOLS_PLOTPROFILE,1702258167000,1702258216000,1,95.3,,5420089344.0,,,0.01742517876503906,0.01742517876503906,0.0,199.53,
3537,NFCORE_CHIPSEQ:CHIPSEQ:DEEPTOOLS_PLOTPROFILE,1702258175000,1702258222000,1,99.6,,5420089344.0,,,0.017235511816992188,0.017235511816992188,0.0,199.53,
2619,NFCORE_CHIPSEQ:CHIPSEQ:DEEPTOOLS_PLOTFINGERPRINT,1702258119000,1702258225000,8,591.2,,4294967296.0,,,0.1709389860375,0.1709389860375,0.0,199.53,
3045,NFCORE_CHIPSEQ:CHIPSEQ:DEEPTOOLS_PLOTFINGERPRINT,1702258073000,1702258226000,8,597.6,,4294967296.0,,,0.24925973484375002,0.24925973484375002,0.0,199.53,
3084,NFCORE_CHIPSEQ:CHIPSEQ:DEEPTOOLS_PLOTFINGERPRINT,1702258064000,1702258229000,8,540.9,,4294967296.0,,,0.24466553061328122,0.24466553061328122,0.0,199.53,
2449,NFCORE_CHIPSEQ:CHIPSEQ:DEEPTOOLS_PLOTFINGERPRINT,1702258079000,1702258231000,8,598.6,,4294967296.0,,,0.24802285668750004,0.24802285668750004,0.0,199.53,
3127,NFCORE_CHIPSEQ:CHIPSEQ:DEEPTOOLS_PLOTFINGERPRINT,1702258070000,1702258246000,8,558.6,,4294967296.0,,,0.269016045375,0.269016045375,0.0,199.53,
2800,NFCORE_CHIPSEQ:CHIPSEQ:DEEPTOOLS_PLOTFINGERPRINT,1702258124000,1702258251000,8,640.9,,4294967296.0,,,0.22109354484609373,0.22109354484609373,0.0,199.53,
3073,NFCORE_CHIPSEQ:CHIPSEQ:DEEPTOOLS_PLOTFINGERPRINT,1702258065000,1702258251000,8,538.3,,4294967296.0,,,0.2745567405984375,0.2745567405984375,0.0,199.53,
3531,NFCORE_CHIPSEQ:CHIPSEQ:DEEPTOOLS_PLOTHEATMAP,1702258067000,1702258286000,1,99.3,,7430209536.0,,,0.08904814237617188,0.08904814237617188,0.0,199.53,
2665,NFCORE_CHIPSEQ:CHIPSEQ:DEEPTOOLS_PLOTFINGERPRINT,1702258174000,1702258306000,8,592.3,,4294967296.0,,,0.21324213807187498,0.21324213807187498,0.0,199.53,
3138,NFCORE_CHIPSEQ:CHIPSEQ:DEEPTOOLS_PLOTFINGERPRINT,1702258179000,1702258311000,8,604.6,,4294967296.0,,,0.21743220571875005,0.21743220571875005,0.0,199.53,
2813,NFCORE_CHIPSEQ:CHIPSEQ:DEEPTOOLS_PLOTFINGERPRINT,1702258164000,1702258316000,8,541.3,,4294967296.0,,,0.22554576061874995,0.22554576061874995,0.0,199.53,
2919,NFCORE_CHIPSEQ:CHIPSEQ:DEEPTOOLS_PLOTFINGERPRINT,1702258169000,1702258314000,8,548.8,,4294967296.0,,,0.21796532493750004,0.21796532493750004,0.0,199.53,
3055,NFCORE_CHIPSEQ:CHIPSEQ:DEEPTOOLS_PLOTFINGERPRINT,1702258166000,1702258319000,8,573.6,,4294967296.0,,,0.23978330690625002,0.23978330690625002,0.0,199.53,
1991,NFCORE_CHIPSEQ:CHIPSEQ:DEEPTOOLS_PLOTFINGERPRINT,1702258228000,1702258322000,8,594.8,,4294967296.0,,,0.15246072058125,0.15246072058125,0.0,199.53,
2255,NFCORE_CHIPSEQ:CHIPSEQ:DEEPTOOLS_PLOTFINGERPRINT,1702258229000,1702258319000,8,555.8,,4294967296.0,,,0.136914680109375,0.136914680109375,0.0,199.53,
1933,NFCORE_CHIPSEQ:CHIPSEQ:DEEPTOOLS_PLOTFINGERPRINT,1702258231000,1702258326000,8,557.4,,4294967296.0,,,0.14491332166406248,0.14491332166406248,0.0,199.53,
1994,NFCORE_CHIPSEQ:CHIPSEQ:DEEPTOOLS_PLOTFINGERPRINT,1702258249000,1702258361000,8,535.9,,4294967296.0,,,0.1646307896625,0.1646307896625,0.0,199.53,
3532,NFCORE_CHIPSEQ:CHIPSEQ:DEEPTOOLS_PLOTHEATMAP,1702258127000,1702258367000,1,100.0,,7430209536.0,,,0.09802056740625,0.09802056740625,0.0,199.53,
3119,NFCORE_CHIPSEQ:CHIPSEQ:DEEPTOOLS_PLOTFINGERPRINT,1702258234000,1702258371000,8,571.2,,4294967296.0,,,0.21385938551250006,0.21385938551250006,0.0,199.53,
3152,NFCORE_CHIPSEQ:CHIPSEQ:DEEPTOOLS_PLOTFINGERPRINT,1702258254000,1702258386000,8,631.3,,4294967296.0,,,0.22652771841562502,0.22652771841562502,0.0,199.53,
3158,NFCORE_CHIPSEQ:CHIPSEQ:DEEPTOOLS_PLOTFINGERPRINT,1702258254000,1702258386000,8,606.0,,4294967296.0,,,0.2179091239875,0.2179091239875,0.0,199.53,
2992,NFCORE_CHIPSEQ:CHIPSEQ:MULTIQC_CUSTOM_PHANTOMPEAKQUALTOOLS,1702258389000,1702258391000,12,621.7,,4294967296.0,,,0.0033826882078125007,0.0033826882078125007,0.0,199.53,
1738,NFCORE_CHIPSEQ:CHIPSEQ:MULTIQC_CUSTOM_PHANTOMPEAKQUALTOOLS,1702258389000,1702258391000,12,558.2,,4294967296.0,,,0.003054935934375,0.003054935934375,0.0,199.53,
2466,NFCORE_CHIPSEQ:CHIPSEQ:MULTIQC_CUSTOM_PHANTOMPEAKQUALTOOLS,1702258394000,1702258396000,12,821.3,,4294967296.0,,,0.004412914251562499,0.004412914251562499,0.0,199.53,
3277,NFCORE_CHIPSEQ:CHIPSEQ:MULTIQC_CUSTOM_PHANTOMPEAKQUALTOOLS,1702258394000,1702258396000,12,864.3,,4294967296.0,,,0.004634856735937501,0.004634856735937501,0.0,199.53,
1931,NFCORE_CHIPSEQ:CHIPSEQ:MULTIQC_CUSTOM_PHANTOMPEAKQUALTOOLS,1702258399000,1702258401000,12,806.4,,4294967296.0,,,0.0043360086,0.0043360086,0.0,199.53,
2191,NFCORE_CHIPSEQ:CHIPSEQ:DEEPTOOLS_PLOTFINGERPRINT,1702258329000,1702258404000,8,533.8,,4294967296.0,,,0.10983736792968747,0.10983736792968747,0.0,199.53,
2365,NFCORE_CHIPSEQ:CHIPSEQ:DEEPTOOLS_PLOTFINGERPRINT,1702258325000,1702258401000,8,572.1,,4294967296.0,,,0.118813845046875,0.118813845046875,0.0,199.53,
3028,NFCORE_CHIPSEQ:CHIPSEQ:MULTIQC_CUSTOM_PHANTOMPEAKQUALTOOLS,1702258404000,1702258406000,12,729.5,,4294967296.0,,,0.0039390928546875,0.0039390928546875,0.0,199.53,
3282,NFCORE_CHIPSEQ:CHIPSEQ:MULTIQC_CUSTOM_PHANTOMPEAKQUALTOOLS,1702258399000,1702258401000,12,752.0,,4294967296.0,,,0.0040552255499999995,0.0040552255499999995,0.0,199.53,
3300,NFCORE_CHIPSEQ:CHIPSEQ:MULTIQC_CUSTOM_PHANTOMPEAKQUALTOOLS,1702258407000,1702258409000,12,727.5,,4294967296.0,,,0.0039287699484375,0.0039287699484375,0.0,199.53,
3535,NFCORE_CHIPSEQ:CHIPSEQ:DEEPTOOLS_PLOTHEATMAP,1702258167000,1702258407000,1,99.9,,7430209536.0,,,0.09795862996875,0.09795862996875,0.0,199.53,
1972,NFCORE_CHIPSEQ:CHIPSEQ:DEEPTOOLS_PLOTFINGERPRINT,1702258319000,1702258409000,8,587.0,,4294967296.0,,,0.144161360296875,0.144161360296875,0.0,199.53,
2485,NFCORE_CHIPSEQ:CHIPSEQ:MULTIQC_CUSTOM_PHANTOMPEAKQUALTOOLS,1702258404000,1702258406000,12,946.9,,4294967296.0,,,0.005061192764062499,0.005061192764062499,0.0,199.53,
3268,NFCORE_CHIPSEQ:CHIPSEQ:MULTIQC_CUSTOM_PHANTOMPEAKQUALTOOLS,1702258409000,1702258411000,12,999.3,,4294967296.0,,,0.0053316529078125,0.0053316529078125,0.0,199.53,
1889,NFCORE_CHIPSEQ:CHIPSEQ:MULTIQC_CUSTOM_PHANTOMPEAKQUALTOOLS,1702258412000,1702258414000,12,958.2,,4294967296.0,,,0.005119517184375001,0.005119517184375001,0.0,199.53,
1930,NFCORE_CHIPSEQ:CHIPSEQ:MULTIQC_CUSTOM_PHANTOMPEAKQUALTOOLS,1702258411000,1702258414000,12,749.2,,4294967296.0,,,0.0060611602218750005,0.0060611602218750005,0.0,199.53,
2137,NFCORE_CHIPSEQ:CHIPSEQ:MULTIQC_CUSTOM_PHANTOMPEAKQUALTOOLS,1702258409000,1702258411000,12,828.0,,4294967296.0,,,0.0044474959875,0.0044474959875,0.0,199.53,
3302,NFCORE_CHIPSEQ:CHIPSEQ:MULTIQC_CUSTOM_PHANTOMPEAKQUALTOOLS,1702258414000,1702258416000,12,1022.8,,4294967296.0,,,0.00545294705625,0.00545294705625,0.0,199.53,
1846,NFCORE_CHIPSEQ:CHIPSEQ:MULTIQC_CUSTOM_PHANTOMPEAKQUALTOOLS,1702258417000,1702258419000,12,794.2,,4294967296.0,,,0.004273038871875,0.004273038871875,0.0,199.53,
2711,NFCORE_CHIPSEQ:CHIPSEQ:MULTIQC_CUSTOM_PHANTOMPEAKQUALTOOLS,1702258413000,1702258416000,12,937.7,,4294967296.0,,,0.00752056109296875,0.00752056109296875,0.0,199.53,
2855,NFCORE_CHIPSEQ:CHIPSEQ:MULTIQC_CUSTOM_PHANTOMPEAKQUALTOOLS,1702258416000,1702258419000,12,865.7,,4294967296.0,,,0.00696312415546875,0.00696312415546875,0.0,199.53,
3141,NFCORE_CHIPSEQ:CHIPSEQ:MULTIQC_CUSTOM_PHANTOMPEAKQUALTOOLS,1702258419000,1702258421000,12,994.6,,4294967296.0,,,0.0053073940781249995,0.0053073940781249995,0.0,199.53,
2323,NFCORE_CHIPSEQ:CHIPSEQ:MULTIQC_CUSTOM_PHANTOMPEAKQUALTOOLS,1702258419000,1702258421000,12,1023.3,,4294967296.0,,,0.0054555277828125,0.0054555277828125,0.0,199.53,
2687,NFCORE_CHIPSEQ:CHIPSEQ:MULTIQC_CUSTOM_PHANTOMPEAKQUALTOOLS,1702258421000,1702258423000,12,828.4,,4294967296.0,,,0.00444956056875,0.00444956056875,0.0,199.53,
2706,NFCORE_CHIPSEQ:CHIPSEQ:MULTIQC_CUSTOM_PHANTOMPEAKQUALTOOLS,1702258424000,1702258425000,12,870.8,,4294967296.0,,,0.002334203090625,0.002334203090625,0.0,199.53,
2786,NFCORE_CHIPSEQ:CHIPSEQ:DEEPTOOLS_PLOTFINGERPRINT,1702258310000,1702258423000,8,648.8,,4294967296.0,,,0.19902484269375,0.19902484269375,0.0,199.53,
2795,NFCORE_CHIPSEQ:CHIPSEQ:DEEPTOOLS_PLOTFINGERPRINT,1702258322000,1702258427000,8,640.0,,4294967296.0,,,0.18254999700000002,0.18254999700000002,0.0,199.53,
2839,NFCORE_CHIPSEQ:CHIPSEQ:MULTIQC_CUSTOM_PHANTOMPEAKQUALTOOLS,1702258422000,1702258424000,12,912.8,,4294967296.0,,,0.0048851872125,0.0048851872125,0.0,199.53,
2862,NFCORE_CHIPSEQ:CHIPSEQ:MULTIQC_CUSTOM_PHANTOMPEAKQUALTOOLS,1702258428000,1702258429000,12,896.0,,4294967296.0,,,0.0023992374,0.0023992374,0.0,199.53,
3160,NFCORE_CHIPSEQ:CHIPSEQ:MULTIQC_CUSTOM_PHANTOMPEAKQUALTOOLS,1702258425000,1702258427000,12,1132.1,,4294967296.0,,,0.0060170938828125005,0.0060170938828125005,0.0,199.53,
3288,NFCORE_CHIPSEQ:CHIPSEQ:MULTIQC_CUSTOM_PHANTOMPEAKQUALTOOLS,1702258429000,1702258431000,12,849.2,,4294967296.0,,,0.00455691879375,0.00455691879375,0.0,199.53,
3536,NFCORE_CHIPSEQ:CHIPSEQ:DEEPTOOLS_PLOTHEATMAP,1702258175000,1702258432000,1,99.0,,7430209536.0,,,0.10430044420429688,0.10430044420429688,0.0,199.53,
2011,NFCORE_CHIPSEQ:CHIPSEQ:DEEPTOOLS_PLOTFINGERPRINT,1702258364000,1702258431000,8,527.4,,4294967296.0,,,0.09701476646718747,0.09701476646718747,0.0,199.53,
2134,NFCORE_CHIPSEQ:CHIPSEQ:MULTIQC_CUSTOM_PHANTOMPEAKQUALTOOLS,1702258427000,1702258429000,12,1050.6,,4294967296.0,,,0.005596435453125,0.005596435453125,0.0,199.53,
2318,NFCORE_CHIPSEQ:CHIPSEQ:MULTIQC_CUSTOM_PHANTOMPEAKQUALTOOLS,1702258425000,1702258426000,12,949.7,,4294967296.0,,,0.00253782241640625,0.00253782241640625,0.0,199.53,
2872,NFCORE_CHIPSEQ:CHIPSEQ:MULTIQC_CUSTOM_PHANTOMPEAKQUALTOOLS,1702258430000,1702258431000,12,808.0,,4294967296.0,,,0.0021721334625000002,0.0021721334625000002,0.0,199.53,
2309,NFCORE_CHIPSEQ:CHIPSEQ:DEEPTOOLS_PLOTFINGERPRINT,1702258374000,1702258434000,8,528.0,,4294967296.0,,,0.0869718015,0.0869718015,0.0,199.53,
2661,NFCORE_CHIPSEQ:CHIPSEQ:DEEPTOOLS_PLOTFINGERPRINT,1702258322000,1702258434000,8,598.7,,4294967296.0,,,0.18278258801250005,0.18278258801250005,0.0,199.53,
2899,NFCORE_CHIPSEQ:CHIPSEQ:MULTIQC_CUSTOM_PHANTOMPEAKQUALTOOLS,1702258432000,1702258434000,12,1009.0,,4294967296.0,,,0.005381719003125,0.005381719003125,0.0,199.53,
3057,NFCORE_CHIPSEQ:CHIPSEQ:MULTIQC_CUSTOM_PHANTOMPEAKQUALTOOLS,1702258434000,1702258436000,12,1078.2,,4294967296.0,,,0.005738891559375,0.005738891559375,0.0,199.53,
3081,NFCORE_CHIPSEQ:CHIPSEQ:MULTIQC_CUSTOM_PHANTOMPEAKQUALTOOLS,1702258432000,1702258434000,12,840.3,,4294967296.0,,,0.0045109818609375,0.0045109818609375,0.0,199.53,
3111,NFCORE_CHIPSEQ:CHIPSEQ:MULTIQC_CUSTOM_PHANTOMPEAKQUALTOOLS,1702258435000,1702258436000,12,713.3,,4294967296.0,,,0.0019277386570312502,0.0019277386570312502,0.0,199.53,
3223,NFCORE_CHIPSEQ:CHIPSEQ:MULTIQC_CUSTOM_PHANTOMPEAKQUALTOOLS,1702258437000,1702258439000,12,945.3,,4294967296.0,,,0.0050529344390625,0.0050529344390625,0.0,199.53,
3255,NFCORE_CHIPSEQ:CHIPSEQ:MULTIQC_CUSTOM_PHANTOMPEAKQUALTOOLS,1702258437000,1702258439000,12,1067.8,,4294967296.0,,,0.005685212446875,0.005685212446875,0.0,199.53,
3281,NFCORE_CHIPSEQ:CHIPSEQ:MULTIQC_CUSTOM_PHANTOMPEAKQUALTOOLS,1702258435000,1702258436000,12,562.2,,4294967296.0,,,0.0015377908734375003,0.0015377908734375003,0.0,199.53,
3287,NFCORE_CHIPSEQ:CHIPSEQ:MULTIQC_CUSTOM_PHANTOMPEAKQUALTOOLS,1702258437000,1702258439000,12,1045.0,,4294967296.0,,,0.005567531315625,0.005567531315625,0.0,199.53,
3312,NFCORE_CHIPSEQ:CHIPSEQ:MULTIQC_CUSTOM_PHANTOMPEAKQUALTOOLS,1702258439000,1702258441000,12,1108.5,,4294967296.0,,,0.0058952835890625005,0.0058952835890625005,0.0,199.53,
2935,NFCORE_CHIPSEQ:CHIPSEQ:DEEPTOOLS_PLOTFINGERPRINT,1702258314000,1702258443000,8,587.9,,4294967296.0,,,0.20693090544609377,0.20693090544609377,0.0,199.53,
3264,NFCORE_CHIPSEQ:CHIPSEQ:MULTIQC_CUSTOM_PHANTOMPEAKQUALTOOLS,1702258440000,1702258441000,12,791.4,,4294967296.0,,,0.0021292934015625,0.0021292934015625,0.0,199.53,
3278,NFCORE_CHIPSEQ:CHIPSEQ:MULTIQC_CUSTOM_PHANTOMPEAKQUALTOOLS,1702258440000,1702258441000,12,442.4,,4294967296.0,,,0.0012286198312499998,0.0012286198312499998,0.0,199.53,
2312,NFCORE_CHIPSEQ:CHIPSEQ:MULTIQC_CUSTOM_PHANTOMPEAKQUALTOOLS,1702258446000,1702258447000,12,956.8,,4294967296.0,,,0.002556145575,0.002556145575,0.0,199.53,
2673,NFCORE_CHIPSEQ:CHIPSEQ:MULTIQC_CUSTOM_PHANTOMPEAKQUALTOOLS,1702258442000,1702258444000,12,583.4,,4294967296.0,,,0.0031850045531249998,0.0031850045531249998,0.0,199.53,
2847,NFCORE_CHIPSEQ:CHIPSEQ:DEEPTOOLS_PLOTFINGERPRINT,1702258317000,1702258444000,8,518.9,,4294967296.0,,,0.18110776748671872,0.18110776748671872,0.0,199.53,
3002,NFCORE_CHIPSEQ:CHIPSEQ:MULTIQC_CUSTOM_PHANTOMPEAKQUALTOOLS,1702258445000,1702258446000,12,1091.3,,4294967296.0,,,0.00290325329765625,0.00290325329765625,0.0,199.53,
3005,NFCORE_CHIPSEQ:CHIPSEQ:MULTIQC_CUSTOM_PHANTOMPEAKQUALTOOLS,1702258442000,1702258444000,12,811.4,,4294967296.0,,,0.004361815865624999,0.004361815865624999,0.0,199.53,
3185,NFCORE_CHIPSEQ:CHIPSEQ:MULTIQC_CUSTOM_PHANTOMPEAKQUALTOOLS,1702258442000,1702258444000,12,700.2,,4294967296.0,,,0.0037878622781249995,0.0037878622781249995,0.0,199.53,
3290,NFCORE_CHIPSEQ:CHIPSEQ:MULTIQC_CUSTOM_PHANTOMPEAKQUALTOOLS,1702258445000,1702258446000,12,650.3,,4294967296.0,,,0.0017651528835937497,0.0017651528835937497,0.0,199.53,
3303,NFCORE_CHIPSEQ:CHIPSEQ:MULTIQC_CUSTOM_PHANTOMPEAKQUALTOOLS,1702258445000,1702258446000,12,636.2,,4294967296.0,,,0.0017287646390625002,0.0017287646390625002,0.0,199.53,
3326,NFCORE_CHIPSEQ:CHIPSEQ:MULTIQC_CUSTOM_PHANTOMPEAKQUALTOOLS,1702258447000,1702258449000,12,522.9,,4294967296.0,,,0.0028727366390625003,0.0028727366390625003,0.0,199.53,
2554,NFCORE_CHIPSEQ:CHIPSEQ:MULTIQC_CUSTOM_PHANTOMPEAKQUALTOOLS,1702258447000,1702258449000,12,687.9,,4294967296.0,,,0.0037243764046875003,0.0037243764046875003,0.0,199.53,
2556,NFCORE_CHIPSEQ:CHIPSEQ:MULTIQC_CUSTOM_PHANTOMPEAKQUALTOOLS,1702258447000,1702258449000,12,708.3,,4294967296.0,,,0.0038296700484375,0.0038296700484375,0.0,199.53,
2621,NFCORE_CHIPSEQ:CHIPSEQ:MULTIQC_CUSTOM_PHANTOMPEAKQUALTOOLS,1702258449000,1702258452000,12,744.9,,4294967296.0,,,0.006027868849218751,0.006027868849218751,0.0,199.53,
2731,NFCORE_CHIPSEQ:CHIPSEQ:MULTIQC_CUSTOM_PHANTOMPEAKQUALTOOLS,1702258450000,1702258452000,12,643.5,,4294967296.0,,,0.0034952078859375,0.0034952078859375,0.0,199.53,
2852,NFCORE_CHIPSEQ:CHIPSEQ:MULTIQC_CUSTOM_PHANTOMPEAKQUALTOOLS,1702258452000,1702258455000,12,1110.8,,4294967296.0,,,0.008860732396875,0.008860732396875,0.0,199.53,
3004,NFCORE_CHIPSEQ:CHIPSEQ:MULTIQC_CUSTOM_PHANTOMPEAKQUALTOOLS,1702258452000,1702258454000,12,581.3,,4294967296.0,,,0.0031741655015625,0.0031741655015625,0.0,199.53,
3064,NFCORE_CHIPSEQ:CHIPSEQ:MULTIQC_CUSTOM_PHANTOMPEAKQUALTOOLS,1702258449000,1702258452000,12,491.6,,4294967296.0,,,0.0040667747343750005,0.0040667747343750005,0.0,199.53,
3140,NFCORE_CHIPSEQ:CHIPSEQ:MULTIQC_CUSTOM_PHANTOMPEAKQUALTOOLS,1702258447000,1702258449000,12,594.7,,4294967296.0,,,0.003243328973437501,0.003243328973437501,0.0,199.53,
3170,NFCORE_CHIPSEQ:CHIPSEQ:MULTIQC_CUSTOM_PHANTOMPEAKQUALTOOLS,1702258450000,1702258452000,12,568.8,,4294967296.0,,,0.0031096473375,0.0031096473375,0.0,199.53,
3181,NFCORE_CHIPSEQ:CHIPSEQ:MULTIQC_CUSTOM_PHANTOMPEAKQUALTOOLS,1702258454000,1702258456000,12,1077.4,,4294967296.0,,,0.005734762396875,0.005734762396875,0.0,199.53,
3295,NFCORE_CHIPSEQ:CHIPSEQ:MULTIQC_CUSTOM_PHANTOMPEAKQUALTOOLS,1702258452000,1702258454000,12,1058.6,,4294967296.0,,,0.005637727078124999,0.005637727078124999,0.0,199.53,
3304,NFCORE_CHIPSEQ:CHIPSEQ:MULTIQC_CUSTOM_PHANTOMPEAKQUALTOOLS,1702258455000,1702258456000,12,820.9,,4294967296.0,,,0.00220542483515625,0.00220542483515625,0.0,199.53,
3305,NFCORE_CHIPSEQ:CHIPSEQ:MULTIQC_CUSTOM_PHANTOMPEAKQUALTOOLS,1702258454000,1702258456000,12,1039.6,,4294967296.0,,,0.00553965946875,0.00553965946875,0.0,199.53,
3313,NFCORE_CHIPSEQ:CHIPSEQ:MULTIQC_CUSTOM_PHANTOMPEAKQUALTOOLS,1702258452000,1702258454000,12,599.6,,4294967296.0,,,0.00326862009375,0.00326862009375,0.0,199.53,
2603,NFCORE_CHIPSEQ:CHIPSEQ:MULTIQC_CUSTOM_PHANTOMPEAKQUALTOOLS,1702258456000,1702258459000,12,697.2,,4294967296.0,,,0.005658566878125001,0.005658566878125001,0.0,199.53,
2737,NFCORE_CHIPSEQ:CHIPSEQ:MULTIQC_CUSTOM_PHANTOMPEAKQUALTOOLS,1702258456000,1702258459000,12,1000.2,,4294967296.0,,,0.0080044473234375,0.0080044473234375,0.0,199.53,
2932,NFCORE_CHIPSEQ:CHIPSEQ:MULTIQC_CUSTOM_PHANTOMPEAKQUALTOOLS,1702258457000,1702258459000,12,1056.0,,4294967296.0,,,0.0056243073,0.0056243073,0.0,199.53,
3019,NFCORE_CHIPSEQ:CHIPSEQ:MULTIQC_CUSTOM_PHANTOMPEAKQUALTOOLS,1702258455000,1702258456000,12,451.6,,4294967296.0,,,0.001252362515625,0.001252362515625,0.0,199.53,
3082,NFCORE_CHIPSEQ:CHIPSEQ:MULTIQC_CUSTOM_PHANTOMPEAKQUALTOOLS,1702258456000,1702258459000,12,492.5,,4294967296.0,,,0.00407374269609375,0.00407374269609375,0.0,199.53,
3275,NFCORE_CHIPSEQ:CHIPSEQ:MULTIQC_CUSTOM_PHANTOMPEAKQUALTOOLS,1702258459000,1702258461000,12,529.1,,4294967296.0,,,0.0029047376484375004,0.0029047376484375004,0.0,199.53,
3283,NFCORE_CHIPSEQ:CHIPSEQ:MULTIQC_CUSTOM_PHANTOMPEAKQUALTOOLS,1702258459000,1702258461000,12,1033.0,,4294967296.0,,,0.005505593878125,0.005505593878125,0.0,199.53,
3315,NFCORE_CHIPSEQ:CHIPSEQ:MULTIQC_CUSTOM_PHANTOMPEAKQUALTOOLS,1702258459000,1702258461000,12,1013.3,,4294967296.0,,,0.005403913251562501,0.005403913251562501,0.0,199.53,
3324,NFCORE_CHIPSEQ:CHIPSEQ:MULTIQC_CUSTOM_PHANTOMPEAKQUALTOOLS,1702258459000,1702258461000,12,884.0,,4294967296.0,,,0.0047365373625,0.0047365373625,0.0,199.53,
2744,NFCORE_CHIPSEQ:CHIPSEQ:MULTIQC_CUSTOM_PHANTOMPEAKQUALTOOLS,1702258461000,1702258463000,12,1017.7,,4294967296.0,,,0.005426623645312501,0.005426623645312501,0.0,199.53,
3273,NFCORE_CHIPSEQ:CHIPSEQ:MULTIQC_CUSTOM_PHANTOMPEAKQUALTOOLS,1702258462000,1702258464000,12,1077.1,,4294967296.0,,,0.0057332139609375,0.0057332139609375,0.0,199.53,
3285,NFCORE_CHIPSEQ:CHIPSEQ:MULTIQC_CUSTOM_PHANTOMPEAKQUALTOOLS,1702258464000,1702258465000,12,1004.8,,4294967296.0,,,0.00268002045,0.00268002045,0.0,199.53,
3306,NFCORE_CHIPSEQ:CHIPSEQ:MULTIQC_CUSTOM_PHANTOMPEAKQUALTOOLS,1702258464000,1702258466000,12,1127.3,,4294967296.0,,,0.0059923189078125,0.0059923189078125,0.0,199.53,
3310,NFCORE_CHIPSEQ:CHIPSEQ:MULTIQC_CUSTOM_PHANTOMPEAKQUALTOOLS,1702258461000,1702258463000,12,1049.5,,4294967296.0,,,0.0055907578546875,0.0055907578546875,0.0,199.53,
3311,NFCORE_CHIPSEQ:CHIPSEQ:MULTIQC_CUSTOM_PHANTOMPEAKQUALTOOLS,1702258461000,1702258463000,12,1134.2,,4294967296.0,,,0.006027932934375001,0.006027932934375001,0.0,199.53,
2698,NFCORE_CHIPSEQ:CHIPSEQ:MULTIQC_CUSTOM_PHANTOMPEAKQUALTOOLS,1702258465000,1702258468000,12,1088.9,,4294967296.0,,,0.00869117866171875,0.00869117866171875,0.0,199.53,
3174,NFCORE_CHIPSEQ:CHIPSEQ:MULTIQC_CUSTOM_PHANTOMPEAKQUALTOOLS,1702258465000,1702258468000,12,895.9,,4294967296.0,,,0.00719693798203125,0.00719693798203125,0.0,199.53,
3188,NFCORE_CHIPSEQ:CHIPSEQ:MULTIQC_CUSTOM_PHANTOMPEAKQUALTOOLS,1702258464000,1702258466000,12,1072.5,,4294967296.0,,,0.005709471276562501,0.005709471276562501,0.0,199.53,
3218,NFCORE_CHIPSEQ:CHIPSEQ:MULTIQC_CUSTOM_PHANTOMPEAKQUALTOOLS,1702258468000,1702258469000,12,1096.6,,4294967296.0,,,0.0029169311484374995,0.0029169311484374995,0.0,199.53,
3229,NFCORE_CHIPSEQ:CHIPSEQ:MULTIQC_CUSTOM_PHANTOMPEAKQUALTOOLS,1702258464000,1702258466000,12,785.7,,4294967296.0,,,0.0042291665203125,0.0042291665203125,0.0,199.53,
3307,NFCORE_CHIPSEQ:CHIPSEQ:MULTIQC_CUSTOM_PHANTOMPEAKQUALTOOLS,1702258465000,1702258466000,12,912.9,,4294967296.0,,,0.00244285167890625,0.00244285167890625,0.0,199.53,
3309,NFCORE_CHIPSEQ:CHIPSEQ:MULTIQC_CUSTOM_PHANTOMPEAKQUALTOOLS,1702258469000,1702258470000,12,1085.7,,4294967296.0,,,0.00288880122890625,0.00288880122890625,0.0,199.53,
3314,NFCORE_CHIPSEQ:CHIPSEQ:MULTIQC_CUSTOM_PHANTOMPEAKQUALTOOLS,1702258466000,1702258468000,12,1064.3,,4294967296.0,,,0.0056671473609375,0.0056671473609375,0.0,199.53,
3316,NFCORE_CHIPSEQ:CHIPSEQ:MULTIQC_CUSTOM_PHANTOMPEAKQUALTOOLS,1702258468000,1702258469000,12,655.5,,4294967296.0,,,0.00177857266171875,0.00177857266171875,0.0,199.53,
2559,NFCORE_CHIPSEQ:CHIPSEQ:MULTIQC_CUSTOM_PHANTOMPEAKQUALTOOLS,1702258469000,1702258470000,12,1140.6,,4294967296.0,,,0.0030304831171874998,0.0030304831171874998,0.0,199.53,
2856,NFCORE_CHIPSEQ:CHIPSEQ:MULTIQC_CUSTOM_PHANTOMPEAKQUALTOOLS,1702258472000,1702258473000,12,1089.3,,4294967296.0,,,0.0028980918445312503,0.0028980918445312503,0.0,199.53,
2903,NFCORE_CHIPSEQ:CHIPSEQ:MULTIQC_CUSTOM_PHANTOMPEAKQUALTOOLS,1702258468000,1702258469000,12,738.7,,4294967296.0,,,0.0019932891117187502,0.0019932891117187502,0.0,199.53,
2995,NFCORE_CHIPSEQ:CHIPSEQ:MULTIQC_CUSTOM_PHANTOMPEAKQUALTOOLS,1702258473000,1702258474000,12,864.0,,4294967296.0,,,0.00231665415,0.00231665415,0.0,199.53,
3192,NFCORE_CHIPSEQ:CHIPSEQ:MULTIQC_CUSTOM_PHANTOMPEAKQUALTOOLS,1702258472000,1702258474000,12,704.8,,4294967296.0,,,0.0038116049625,0.0038116049625,0.0,199.53,
3219,NFCORE_CHIPSEQ:CHIPSEQ:MULTIQC_CUSTOM_PHANTOMPEAKQUALTOOLS,1702258471000,1702258472000,12,1147.1,,4294967296.0,,,0.0030472578398437495,0.0030472578398437495,0.0,199.53,
3260,NFCORE_CHIPSEQ:CHIPSEQ:MULTIQC_CUSTOM_PHANTOMPEAKQUALTOOLS,1702258470000,1702258472000,12,1117.7,,4294967296.0,,,0.0059427689578125005,0.0059427689578125005,0.0,199.53,
3276,NFCORE_CHIPSEQ:CHIPSEQ:MULTIQC_CUSTOM_PHANTOMPEAKQUALTOOLS,1702258470000,1702258472000,12,1102.1,,4294967296.0,,,0.0058622502890625,0.0058622502890625,0.0,199.53,
3284,NFCORE_CHIPSEQ:CHIPSEQ:MULTIQC_CUSTOM_PHANTOMPEAKQUALTOOLS,1702258474000,1702258476000,12,803.6,,4294967296.0,,,0.00432155653125,0.00432155653125,0.0,199.53,
3308,NFCORE_CHIPSEQ:CHIPSEQ:MULTIQC_CUSTOM_PHANTOMPEAKQUALTOOLS,1702258473000,1702258474000,12,1022.0,,4294967296.0,,,0.002724408946875,0.002724408946875,0.0,199.53,
3320,NFCORE_CHIPSEQ:CHIPSEQ:MULTIQC_CUSTOM_PHANTOMPEAKQUALTOOLS,1702258474000,1702258476000,12,468.7,,4294967296.0,,,0.0025929858796875003,0.0025929858796875003,0.0,199.53,
3321,NFCORE_CHIPSEQ:CHIPSEQ:MULTIQC_CUSTOM_PHANTOMPEAKQUALTOOLS,1702258477000,1702258478000,12,777.4,,4294967296.0,,,0.0020931632296875002,0.0020931632296875002,0.0,199.53,
3322,NFCORE_CHIPSEQ:CHIPSEQ:MULTIQC_CUSTOM_PHANTOMPEAKQUALTOOLS,1702258477000,1702258478000,12,1133.8,,4294967296.0,,,0.0030129341765624995,0.0030129341765624995,0.0,199.53,
3323,NFCORE_CHIPSEQ:CHIPSEQ:MULTIQC_CUSTOM_PHANTOMPEAKQUALTOOLS,1702258472000,1702258474000,12,555.9,,4294967296.0,,,0.0030430645921875,0.0030430645921875,0.0,199.53,
3325,NFCORE_CHIPSEQ:CHIPSEQ:MULTIQC_CUSTOM_PHANTOMPEAKQUALTOOLS,1702258474000,1702258476000,12,806.1,,4294967296.0,,,0.0043344601640625,0.0043344601640625,0.0,199.53,
3165,NFCORE_CHIPSEQ:CHIPSEQ:MULTIQC_CUSTOM_PHANTOMPEAKQUALTOOLS,1702258476000,1702258477000,12,1129.6,,4294967296.0,,,0.0030020951249999997,0.0030020951249999997,0.0,199.53,
3199,NFCORE_CHIPSEQ:CHIPSEQ:MULTIQC_CUSTOM_PHANTOMPEAKQUALTOOLS,1702258477000,1702258478000,12,880.3,,4294967296.0,,,0.00235871999296875,0.00235871999296875,0.0,199.53,
3319,NFCORE_CHIPSEQ:CHIPSEQ:MULTIQC_CUSTOM_PHANTOMPEAKQUALTOOLS,1702258478000,1702258481000,12,1049.0,,4294967296.0,,,0.0083822656921875,0.0083822656921875,0.0,199.53,
3327,NFCORE_CHIPSEQ:CHIPSEQ:MULTIQC_CUSTOM_PHANTOMPEAKQUALTOOLS,1702258477000,1702258481000,12,1142.4,,4294967296.0,,,0.012140513700000001,0.012140513700000001,0.0,199.53,
3339,NFCORE_CHIPSEQ:CHIPSEQ:MULTIQC_CUSTOM_PHANTOMPEAKQUALTOOLS,1702258478000,1702258482000,12,1081.5,,4294967296.0,,,0.011511848709375,0.011511848709375,0.0,199.53,
