id,name,start,end,cpu_count,avg_cpu_usage,cpu_model,memory,rapl_timeseries,cpu_usage_timeseries,average_co2e,marginal_co2e,embodied_co2e,avg_ci,ci_timeseries
3,NFCORE_CHIPSEQ:CHIPSEQ:PREPARE_GENOME:CUSTOM_GETCHROMSIZES,1702979938000,1702979965000,1,101.2,,1073741824.0,,,0.010887098625000001,0.010887098625000001,0.0,284.4,
1,NFCORE_CHIPSEQ:CHIPSEQ:INPUT_CHECK:SAMPLESHEET_CHECK,1702979938000,1702979965000,1,84.8,,1073741824.0,,,0.009258286499999999,0.009258286499999999,0.0,284.4,
2,NFCORE_CHIPSEQ:CHIPSEQ:PREPARE_GENOME:GTF2BED,1702979937000,1702979969000,1,86.1,,3398434816.0,,,0.01327130875,0.01327130875,0.0,284.4,
4,NFCORE_CHIPSEQ:CHIPSEQ:PREPARE_GENOME:GENOME_BLACKLIST_REGIONS,1702979969000,1702979971000,1,100.8,,1073741824.0,,,0.000803509,0.000803509,0.0,284.4,
66,NFCORE_CHIPSEQ:CHIPSEQ:FASTQC_TRIMGALORE:FASTQC,1702979971000,1702980000000,2,78.8,,1680867328.0,,,0.025519976220703122,0.025519976220703122,0.0,271.65,
63,NFCORE_CHIPSEQ:CHIPSEQ:FASTQC_TRIMGALORE:FASTQC,1702979971000,1702980000000,2,75.4,,1680867328.0,,,0.02457663161132812,0.02457663161132812,0.0,271.65,
19,NFCORE_CHIPSEQ:CHIPSEQ:FASTQC_TRIMGALORE:FASTQC,1702979970000,1702980000000,2,90.4,,1680867328.0,,,0.031200535716796873,0.031200535716796873,0.0,271.65,
40,NFCORE_CHIPSEQ:CHIPSEQ:FASTQC_TRIMGALORE:FASTQC,1702979971000,1702980000000,2,88.6,,1680867328.0,,,0.029943124648437493,0.029943124648437493,0.0,271.65,
35,NFCORE_CHIPSEQ:CHIPSEQ:FASTQC_TRIMGALORE:FASTQC,1702979971000,1702980000000,2,83.7,,1680867328.0,,,0.028825968435546877,0.028825968435546877,0.0,271.65,
55,NFCORE_CHIPSEQ:CHIPSEQ:FASTQC_TRIMGALORE:FASTQC,1702979971000,1702980000000,2,78.7,,1680867328.0,,,0.027030570429687498,0.027030570429687498,0.0,271.65,
12,NFCORE_CHIPSEQ:CHIPSEQ:FASTQC_TRIMGALORE:FASTQC,1702979970000,1702980000000,2,83.7,,1680867328.0,,,0.030804387014322913,0.030804387014322913,0.0,271.65,
24,NFCORE_CHIPSEQ:CHIPSEQ:FASTQC_TRIMGALORE:FASTQC,1702979970000,1702980000000,2,84.3,,1680867328.0,,,0.03197442814127603,0.03197442814127603,0.0,271.65,
7,NFCORE_CHIPSEQ:CHIPSEQ:FASTQC_TRIMGALORE:FASTQC,1702979971000,1702980000000,2,82.8,,1680867328.0,,,0.029200971559244792,0.029200971559244792,0.0,271.65,
34,NFCORE_CHIPSEQ:CHIPSEQ:FASTQC_TRIMGALORE:FASTQC,1702979970000,1702980000000,2,84.9,,1680867328.0,,,0.030200659965494793,0.030200659965494793,0.0,271.65,
27,NFCORE_CHIPSEQ:CHIPSEQ:FASTQC_TRIMGALORE:FASTQC,1702979971000,1702980000000,2,84.8,,1680867328.0,,,0.03341849766276041,0.03341849766276041,0.0,271.65,
37,NFCORE_CHIPSEQ:CHIPSEQ:FASTQC_TRIMGALORE:FASTQC,1702979971000,1702980000000,2,81.9,,1680867328.0,,,0.03274775476236979,0.03274775476236979,0.0,271.65,
60,NFCORE_CHIPSEQ:CHIPSEQ:FASTQC_TRIMGALORE:FASTQC,1702979971000,1702980000000,2,80.1,,1680867328.0,,,0.028379514770182288,0.028379514770182288,0.0,271.65,
50,NFCORE_CHIPSEQ:CHIPSEQ:FASTQC_TRIMGALORE:FASTQC,1702979970000,1702980000000,2,78.3,,1680867328.0,,,0.028781033753255206,0.028781033753255206,0.0,271.65,
62,NFCORE_CHIPSEQ:CHIPSEQ:FASTQC_TRIMGALORE:FASTQC,1702979971000,1702980000000,2,79.2,,1680867328.0,,,0.02872438031575521,0.02872438031575521,0.0,271.65,
56,NFCORE_CHIPSEQ:CHIPSEQ:FASTQC_TRIMGALORE:FASTQC,1702979971000,1702980000000,2,79.2,,1680867328.0,,,0.02996174926627604,0.02996174926627604,0.0,271.65,
14,NFCORE_CHIPSEQ:CHIPSEQ:FASTQC_TRIMGALORE:FASTQC,1702979970000,1702980000000,2,86.7,,1680867328.0,,,0.035102858531249996,0.035102858531249996,0.0,271.65,
5,NFCORE_CHIPSEQ:CHIPSEQ:FASTQC_TRIMGALORE:FASTQC,1702979970000,1702980000000,2,82.8,,1680867328.0,,,0.03212520256184896,0.03212520256184896,0.0,271.65,
21,NFCORE_CHIPSEQ:CHIPSEQ:FASTQC_TRIMGALORE:FASTQC,1702979970000,1702980000000,2,87.9,,1680867328.0,,,0.03857088009960938,0.03857088009960938,0.0,271.65,
30,NFCORE_CHIPSEQ:CHIPSEQ:FASTQC_TRIMGALORE:FASTQC,1702979971000,1702980000000,2,83.9,,1680867328.0,,,0.033436608147786456,0.033436608147786456,0.0,271.65,
26,NFCORE_CHIPSEQ:CHIPSEQ:FASTQC_TRIMGALORE:FASTQC,1702979971000,1702980000000,2,88.4,,1680867328.0,,,0.0353266778046875,0.0353266778046875,0.0,271.65,
20,NFCORE_CHIPSEQ:CHIPSEQ:FASTQC_TRIMGALORE:FASTQC,1702979971000,1702980000000,2,85.2,,1680867328.0,,,0.0342137968046875,0.0342137968046875,0.0,271.65,
39,NFCORE_CHIPSEQ:CHIPSEQ:FASTQC_TRIMGALORE:FASTQC,1702979970000,1702980000000,2,80.4,,1680867328.0,,,0.033202060487630206,0.033202060487630206,0.0,271.65,
32,NFCORE_CHIPSEQ:CHIPSEQ:FASTQC_TRIMGALORE:FASTQC,1702979970000,1702980000000,2,83.8,,1680867328.0,,,0.03440838854492187,0.03440838854492187,0.0,271.65,
17,NFCORE_CHIPSEQ:CHIPSEQ:FASTQC_TRIMGALORE:FASTQC,1702979970000,1702980000000,2,82.8,,1680867328.0,,,0.03983873701497396,0.03983873701497396,0.0,271.65,
47,NFCORE_CHIPSEQ:CHIPSEQ:FASTQC_TRIMGALORE:FASTQC,1702979970000,1702980000000,2,81.6,,1680867328.0,,,0.03711899150781249,0.03711899150781249,0.0,271.65,
53,NFCORE_CHIPSEQ:CHIPSEQ:FASTQC_TRIMGALORE:FASTQC,1702979971000,1702980000000,2,82.6,,1680867328.0,,,0.039403404345703115,0.039403404345703115,0.0,271.65,
58,NFCORE_CHIPSEQ:CHIPSEQ:FASTQC_TRIMGALORE:FASTQC,1702979971000,1702980000000,2,80.2,,1680867328.0,,,0.035289137958984376,0.035289137958984376,0.0,271.65,
123,NFCORE_CHIPSEQ:CHIPSEQ:FASTQC_TRIMGALORE:FASTQC,1702979975000,1702980000000,2,102.3,,1680867328.0,,,0.05160926718098958,0.05160926718098958,0.0,271.65,
11,NFCORE_CHIPSEQ:CHIPSEQ:FASTQC_TRIMGALORE:FASTQC,1702979970000,1702980000000,2,86.2,,1680867328.0,,,0.04624173924609375,0.04624173924609375,0.0,271.65,
162,NFCORE_CHIPSEQ:CHIPSEQ:FASTQC_TRIMGALORE:FASTQC,1702980062000,1702980191000,2,85.2,,1680867328.0,,,0.04249698037304688,0.04249698037304688,0.0,258.9,
167,NFCORE_CHIPSEQ:CHIPSEQ:FASTQC_TRIMGALORE:FASTQC,1702980068000,1702980197000,2,85.7,,1680867328.0,,,0.04271296634960938,0.04271296634960938,0.0,258.9,
173,NFCORE_CHIPSEQ:CHIPSEQ:FASTQC_TRIMGALORE:FASTQC,1702980075000,1702980200000,2,82.7,,1680867328.0,,,0.04013280086263021,0.04013280086263021,0.0,258.9,
175,NFCORE_CHIPSEQ:CHIPSEQ:FASTQC_TRIMGALORE:FASTQC,1702980060000,1702980196000,2,85.7,,1680867328.0,,,0.04503072421354166,0.04503072421354166,0.0,258.9,
76,NFCORE_CHIPSEQ:CHIPSEQ:FASTQC_TRIMGALORE:FASTQC,1702980062000,1702980194000,2,85.3,,1680867328.0,,,0.04352948402343749,0.04352948402343749,0.0,258.9,
80,NFCORE_CHIPSEQ:CHIPSEQ:FASTQC_TRIMGALORE:FASTQC,1702980072000,1702980197000,2,84.6,,1680867328.0,,,0.04092809806315104,0.04092809806315104,0.0,258.9,
82,NFCORE_CHIPSEQ:CHIPSEQ:FASTQC_TRIMGALORE:FASTQC,1702980065000,1702980199000,2,83.0,,1680867328.0,,,0.04315697704036457,0.04315697704036457,0.0,258.9,
87,NFCORE_CHIPSEQ:CHIPSEQ:FASTQC_TRIMGALORE:FASTQC,1702980069000,1702980199000,2,84.2,,1680867328.0,,,0.042391093756510415,0.042391093756510415,0.0,258.9,
92,NFCORE_CHIPSEQ:CHIPSEQ:FASTQC_TRIMGALORE:FASTQC,1702980084000,1702980210000,2,81.1,,1680867328.0,,,0.039778781519531244,0.039778781519531244,0.0,258.9,
94,NFCORE_CHIPSEQ:CHIPSEQ:FASTQC_TRIMGALORE:FASTQC,1702980073000,1702980196000,2,86.4,,1680867328.0,,,0.04101463291601563,0.04101463291601563,0.0,258.9,
112,NFCORE_CHIPSEQ:CHIPSEQ:FASTQC_TRIMGALORE:FASTQC,1702980074000,1702980200000,2,83.1,,1680867328.0,,,0.040622633707031244,0.040622633707031244,0.0,258.9,
119,NFCORE_CHIPSEQ:CHIPSEQ:FASTQC_TRIMGALORE:FASTQC,1702980060000,1702980196000,2,86.5,,1680867328.0,,,0.045395054046874994,0.045395054046874994,0.0,258.9,
120,NFCORE_CHIPSEQ:CHIPSEQ:FASTQC_TRIMGALORE:FASTQC,1702980075000,1702980199000,2,84.2,,1680867328.0,,,0.04043458173697916,0.04043458173697916,0.0,258.9,
122,NFCORE_CHIPSEQ:CHIPSEQ:FASTQC_TRIMGALORE:FASTQC,1702980059000,1702980196000,2,88.5,,1680867328.0,,,0.04664636303190105,0.04664636303190105,0.0,258.9,
141,NFCORE_CHIPSEQ:CHIPSEQ:FASTQC_TRIMGALORE:FASTQC,1702980074000,1702980216000,2,70.6,,1680867328.0,,,0.039837263253906234,0.039837263253906234,0.0,258.9,
164,NFCORE_CHIPSEQ:CHIPSEQ:FASTQC_TRIMGALORE:FASTQC,1702980069000,1702980212000,2,72.9,,1680867328.0,,,0.0412191684108073,0.0412191684108073,0.0,258.9,
168,NFCORE_CHIPSEQ:CHIPSEQ:FASTQC_TRIMGALORE:FASTQC,1702980063000,1702980212000,2,74.5,,1680867328.0,,,0.04374695496679687,0.04374695496679687,0.0,258.9,
169,NFCORE_CHIPSEQ:CHIPSEQ:FASTQC_TRIMGALORE:FASTQC,1702980054000,1702980215000,2,76.8,,1680867328.0,,,0.04851019357096353,0.04851019357096353,0.0,258.9,
171,NFCORE_CHIPSEQ:CHIPSEQ:FASTQC_TRIMGALORE:FASTQC,1702980062000,1702980215000,2,75.3,,1680867328.0,,,0.04533124092773436,0.04533124092773436,0.0,258.9,
174,NFCORE_CHIPSEQ:CHIPSEQ:FASTQC_TRIMGALORE:FASTQC,1702980054000,1702980215000,2,77.6,,1680867328.0,,,0.0489414958001302,0.0489414958001302,0.0,258.9,
89,NFCORE_CHIPSEQ:CHIPSEQ:FASTQC_TRIMGALORE:FASTQC,1702980063000,1702980215000,2,73.8,,1680867328.0,,,0.04427147299479166,0.04427147299479166,0.0,258.9,
172,NFCORE_CHIPSEQ:CHIPSEQ:FASTQC_TRIMGALORE:FASTQC,1702980059000,1702980221000,2,74.6,,1680867328.0,,,0.04761805102734374,0.04761805102734374,0.0,258.9,
85,NFCORE_CHIPSEQ:CHIPSEQ:FASTQC_TRIMGALORE:FASTQC,1702980077000,1702980221000,2,72.6,,1680867328.0,,,0.04136275396874999,0.04136275396874999,0.0,258.9,
108,NFCORE_CHIPSEQ:CHIPSEQ:FASTQC_TRIMGALORE:FASTQC,1702980078000,1702980226000,2,69.2,,1680867328.0,,,0.04082669387760417,0.04082669387760417,0.0,258.9,
110,NFCORE_CHIPSEQ:CHIPSEQ:FASTQC_TRIMGALORE:FASTQC,1702980112000,1702980226000,2,88.1,,1680867328.0,,,0.03866252473046875,0.03866252473046875,0.0,258.9,
109,NFCORE_CHIPSEQ:CHIPSEQ:FASTQC_TRIMGALORE:FASTQC,1702980098000,1702980241000,2,72.9,,1680867328.0,,,0.0412191684108073,0.0412191684108073,0.0,258.9,
117,NFCORE_CHIPSEQ:CHIPSEQ:FASTQC_TRIMGALORE:FASTQC,1702980089000,1702980230000,2,74.0,,1680867328.0,,,0.04116204747460938,0.04116204747460938,0.0,258.9,
121,NFCORE_CHIPSEQ:CHIPSEQ:FASTQC_TRIMGALORE:FASTQC,1702980084000,1702980230000,2,70.9,,1680867328.0,,,0.04110610923046875,0.04110610923046875,0.0,258.9,
161,NFCORE_CHIPSEQ:CHIPSEQ:FASTQC_TRIMGALORE:FASTQC,1702980108000,1702980241000,2,75.5,,1680867328.0,,,0.039494661805338546,0.039494661805338546,0.0,258.9,
166,NFCORE_CHIPSEQ:CHIPSEQ:FASTQC_TRIMGALORE:FASTQC,1702980097000,1702980250000,2,66.2,,1680867328.0,,,0.040668957591796874,0.040668957591796874,0.0,258.9,
77,NFCORE_CHIPSEQ:CHIPSEQ:FASTQC_TRIMGALORE:FASTQC,1702980200000,1702980304000,2,95.3,,1680867328.0,,,0.03777852169270833,0.03777852169270833,0.0,258.9,
79,NFCORE_CHIPSEQ:CHIPSEQ:FASTQC_TRIMGALORE:FASTQC,1702980213000,1702980314000,2,94.8,,1680867328.0,,,0.036519651344401036,0.036519651344401036,0.0,258.9,
78,NFCORE_CHIPSEQ:CHIPSEQ:FASTQC_TRIMGALORE:FASTQC,1702980202000,1702980304000,2,95.4,,1680867328.0,,,0.037086167582031246,0.037086167582031246,0.0,258.9,
102,NFCORE_CHIPSEQ:CHIPSEQ:FASTQC_TRIMGALORE:FASTQC,1702980230000,1702980331000,2,92.7,,1680867328.0,,,0.035809409086588535,0.035809409086588535,0.0,258.9,
106,NFCORE_CHIPSEQ:CHIPSEQ:FASTQC_TRIMGALORE:FASTQC,1702980202000,1702980307000,2,94.9,,1680867328.0,,,0.038001134677734374,0.038001134677734374,0.0,258.9,
107,NFCORE_CHIPSEQ:CHIPSEQ:FASTQC_TRIMGALORE:FASTQC,1702980194000,1702980301000,2,97.3,,1680867328.0,,,0.039584891376953125,0.039584891376953125,0.0,258.9,
113,NFCORE_CHIPSEQ:CHIPSEQ:FASTQC_TRIMGALORE:FASTQC,1702980199000,1702980307000,2,94.4,,1680867328.0,,,0.0389060559140625,0.0389060559140625,0.0,258.9,
114,NFCORE_CHIPSEQ:CHIPSEQ:FASTQC_TRIMGALORE:FASTQC,1702980200000,1702980304000,2,95.5,,1680867328.0,,,0.037848172984375,0.037848172984375,0.0,258.9,
116,NFCORE_CHIPSEQ:CHIPSEQ:FASTQC_TRIMGALORE:FASTQC,1702980202000,1702980306000,2,96.4,,1680867328.0,,,0.03816160379687499,0.03816160379687499,0.0,258.9,
118,NFCORE_CHIPSEQ:CHIPSEQ:FASTQC_TRIMGALORE:FASTQC,1702980199000,1702980304000,2,95.7,,1680867328.0,,,0.038282418740234365,0.038282418740234365,0.0,258.9,
130,NFCORE_CHIPSEQ:CHIPSEQ:FASTQC_TRIMGALORE:FASTQC,1702980203000,1702980307000,2,96.1,,1680867328.0,,,0.03805712685937499,0.03805712685937499,0.0,258.9,
163,NFCORE_CHIPSEQ:CHIPSEQ:FASTQC_TRIMGALORE:FASTQC,1702980197000,1702980301000,2,95.5,,1680867328.0,,,0.037848172984375,0.037848172984375,0.0,258.9,
165,NFCORE_CHIPSEQ:CHIPSEQ:FASTQC_TRIMGALORE:FASTQC,1702980203000,1702980306000,2,94.1,,1680867328.0,,,0.037001377270182295,0.037001377270182295,0.0,258.9,
75,NFCORE_CHIPSEQ:CHIPSEQ:FASTQC_TRIMGALORE:FASTQC,1702980215000,1702980336000,2,74.3,,1680867328.0,,,0.03544501407877604,0.03544501407877604,0.0,258.9,
74,NFCORE_CHIPSEQ:CHIPSEQ:FASTQC_TRIMGALORE:FASTQC,1702980219000,1702980334000,2,75.8,,1680867328.0,,,0.034265046988932284,0.034265046988932284,0.0,258.9,
86,NFCORE_CHIPSEQ:CHIPSEQ:FASTQC_TRIMGALORE:FASTQC,1702980218000,1702980334000,2,78.5,,1680867328.0,,,0.03561179163802083,0.03561179163802083,0.0,258.9,
111,NFCORE_CHIPSEQ:CHIPSEQ:FASTQC_TRIMGALORE:FASTQC,1702980215000,1702980335000,2,77.7,,1680867328.0,,,0.036518316953125,0.036518316953125,0.0,258.9,
115,NFCORE_CHIPSEQ:CHIPSEQ:FASTQC_TRIMGALORE:FASTQC,1702980224000,1702980335000,2,76.7,,1680867328.0,,,0.033407746384765624,0.033407746384765624,0.0,258.9,
93,NFCORE_CHIPSEQ:CHIPSEQ:FASTQC_TRIMGALORE:FASTQC,1702980218000,1702980341000,2,75.2,,1680867328.0,,,0.03640157429101562,0.03640157429101562,0.0,258.9,
170,NFCORE_CHIPSEQ:CHIPSEQ:FASTQC_TRIMGALORE:FASTQC,1702980218000,1702980341000,2,76.5,,1680867328.0,,,0.03693701859570312,0.03693701859570312,0.0,258.9,
83,NFCORE_CHIPSEQ:CHIPSEQ:FASTQC_TRIMGALORE:FASTQC,1702980235000,1702980346000,2,77.4,,1680867328.0,,,0.033667934142578126,0.033667934142578126,0.0,258.9,
88,NFCORE_CHIPSEQ:CHIPSEQ:FASTQC_TRIMGALORE:FASTQC,1702980224000,1702980346000,2,75.8,,1680867328.0,,,0.03635074550130208,0.03635074550130208,0.0,258.9,
142,NFCORE_CHIPSEQ:CHIPSEQ:FASTQC_TRIMGALORE:FASTQC,1702980218000,1702980346000,2,73.5,,1680867328.0,,,0.03715265341666667,0.03715265341666667,0.0,258.9,
84,NFCORE_CHIPSEQ:CHIPSEQ:FASTQC_TRIMGALORE:FASTQC,1702980230000,1702980351000,2,74.2,,1680867328.0,,,0.03540449577929688,0.03540449577929688,0.0,258.9,
91,NFCORE_CHIPSEQ:CHIPSEQ:FASTQC_TRIMGALORE:FASTQC,1702980234000,1702980351000,2,76.5,,1680867328.0,,,0.03513521281054688,0.03513521281054688,0.0,258.9,
104,NFCORE_CHIPSEQ:CHIPSEQ:FASTQC_TRIMGALORE:FASTQC,1702980245000,1702980356000,2,74.9,,1680867328.0,,,0.03273869215039063,0.03273869215039063,0.0,258.9,
95,NFCORE_CHIPSEQ:CHIPSEQ:FASTQC_TRIMGALORE:FASTQC,1702980253000,1702980361000,2,76.4,,1680867328.0,,,0.0323963390390625,0.0323963390390625,0.0,258.9,
134,NFCORE_CHIPSEQ:CHIPSEQ:FASTQC_TRIMGALORE:FASTQC,1702980245000,1702980361000,2,71.3,,1680867328.0,,,0.03281502438802083,0.03281502438802083,0.0,258.9,
67,NFCORE_CHIPSEQ:CHIPSEQ:FASTQC_TRIMGALORE:FASTQC,1702980317000,1702980391000,2,103.3,,1680867328.0,,,0.028863254121093748,0.028863254121093748,0.0,258.9,
90,NFCORE_CHIPSEQ:CHIPSEQ:FASTQC_TRIMGALORE:FASTQC,1702980310000,1702980391000,2,103.2,,1680867328.0,,,0.03156643812304687,0.03156643812304687,0.0,258.9,
96,NFCORE_CHIPSEQ:CHIPSEQ:FASTQC_TRIMGALORE:FASTQC,1702980304000,1702980391000,2,103.4,,1680867328.0,,,0.03396295878320312,0.03396295878320312,0.0,258.9,
100,NFCORE_CHIPSEQ:CHIPSEQ:FASTQC_TRIMGALORE:FASTQC,1702980307000,1702980391000,2,103.1,,1680867328.0,,,0.0327074370546875,0.0327074370546875,0.0,258.9,
98,NFCORE_CHIPSEQ:CHIPSEQ:FASTQC_TRIMGALORE:FASTQC,1702980309000,1702980391000,2,103.4,,1680867328.0,,,0.03201106460026042,0.03201106460026042,0.0,258.9,
101,NFCORE_CHIPSEQ:CHIPSEQ:FASTQC_TRIMGALORE:FASTQC,1702980310000,1702980391000,2,103.0,,1680867328.0,,,0.03151219048242187,0.03151219048242187,0.0,258.9,
103,NFCORE_CHIPSEQ:CHIPSEQ:FASTQC_TRIMGALORE:FASTQC,1702980304000,1702980391000,2,103.2,,1680867328.0,,,0.03390469279882812,0.03390469279882812,0.0,258.9,
68,NFCORE_CHIPSEQ:CHIPSEQ:FASTQC_TRIMGALORE:FASTQC,1702980339000,1702980393000,2,105.1,,1680867328.0,,,0.02138786047265625,0.02138786047265625,0.0,258.9,
70,NFCORE_CHIPSEQ:CHIPSEQ:FASTQC_TRIMGALORE:FASTQC,1702980338000,1702980394000,2,105.0,,1680867328.0,,,0.022161251182291664,0.022161251182291664,0.0,258.9,
81,NFCORE_CHIPSEQ:CHIPSEQ:FASTQC_TRIMGALORE:FASTQC,1702980338000,1702980396000,2,103.9,,1680867328.0,,,0.02273908249609375,0.02273908249609375,0.0,258.9,
71,NFCORE_CHIPSEQ:CHIPSEQ:FASTQC_TRIMGALORE:FASTQC,1702980348000,1702980401000,2,104.4,,1680867328.0,,,0.02086755518815104,0.02086755518815104,0.0,258.9,
73,NFCORE_CHIPSEQ:CHIPSEQ:FASTQC_TRIMGALORE:FASTQC,1702980344000,1702980401000,2,105.6,,1680867328.0,,,0.022671510607421876,0.022671510607421876,0.0,258.9,
69,NFCORE_CHIPSEQ:CHIPSEQ:FASTQC_TRIMGALORE:FASTQC,1702980344000,1702980401000,2,104.7,,1680867328.0,,,0.02249972641210938,0.02249972641210938,0.0,258.9,
72,NFCORE_CHIPSEQ:CHIPSEQ:FASTQC_TRIMGALORE:FASTQC,1702980349000,1702980406000,2,104.7,,1680867328.0,,,0.02249972641210938,0.02249972641210938,0.0,258.9,
97,NFCORE_CHIPSEQ:CHIPSEQ:FASTQC_TRIMGALORE:FASTQC,1702980337000,1702980406000,2,103.6,,1680867328.0,,,0.026982350677734374,0.026982350677734374,0.0,258.9,
99,NFCORE_CHIPSEQ:CHIPSEQ:FASTQC_TRIMGALORE:FASTQC,1702980334000,1702980406000,2,103.9,,1680867328.0,,,0.028227826546874998,0.028227826546874998,0.0,258.9,
105,NFCORE_CHIPSEQ:CHIPSEQ:FASTQC_TRIMGALORE:FASTQC,1702980337000,1702980406000,2,103.1,,1680867328.0,,,0.026866823294921873,0.026866823294921873,0.0,258.9,
213,NFCORE_CHIPSEQ:CHIPSEQ:FASTQC_TRIMGALORE:TRIMGALORE,1702980200000,1702980591000,5,262.4,,3157262336.0,,,0.37597483451757807,0.37597483451757807,0.0,258.9,
195,NFCORE_CHIPSEQ:CHIPSEQ:FASTQC_TRIMGALORE:TRIMGALORE,1702980308000,1702980681000,5,282.4,,3157262336.0,,,0.38364723376106763,0.38364723376106763,0.0,258.9,
208,NFCORE_CHIPSEQ:CHIPSEQ:FASTQC_TRIMGALORE:TRIMGALORE,1702980311000,1702980686000,5,268.1,,3157262336.0,,,0.3677473498535156,0.3677473498535156,0.0,258.9,
194,NFCORE_CHIPSEQ:CHIPSEQ:FASTQC_TRIMGALORE:TRIMGALORE,1702980353000,1702980726000,5,279.2,,3157262336.0,,,0.37965032117773434,0.37965032117773434,0.0,258.9,
211,NFCORE_CHIPSEQ:CHIPSEQ:FASTQC_TRIMGALORE:TRIMGALORE,1702980363000,1702980730000,5,281.5,,3157262336.0,,,0.37636991546809895,0.37636991546809895,0.0,258.9,
129,NFCORE_CHIPSEQ:CHIPSEQ:FASTQC_TRIMGALORE:TRIMGALORE,1702980408000,1702980752000,5,278.2,,3157262336.0,,,0.3489813468697916,0.3489813468697916,0.0,258.9,
191,NFCORE_CHIPSEQ:CHIPSEQ:FASTQC_TRIMGALORE:TRIMGALORE,1702980393000,1702980752000,5,278.7,,3157262336.0,,,0.3647996340149739,0.3647996340149739,0.0,258.9,
201,NFCORE_CHIPSEQ:CHIPSEQ:FASTQC_TRIMGALORE:TRIMGALORE,1702980408000,1702980751000,5,276.5,,3157262336.0,,,0.3460142860097656,0.3460142860097656,0.0,258.9,
207,NFCORE_CHIPSEQ:CHIPSEQ:FASTQC_TRIMGALORE:TRIMGALORE,1702980408000,1702980753000,5,267.7,,3157262336.0,,,0.33786545233398435,0.33786545233398435,0.0,258.9,
210,NFCORE_CHIPSEQ:CHIPSEQ:FASTQC_TRIMGALORE:TRIMGALORE,1702980396000,1702980751000,5,278.9,,3157262336.0,,,0.36097276614257806,0.36097276614257806,0.0,258.9,
214,NFCORE_CHIPSEQ:CHIPSEQ:FASTQC_TRIMGALORE:TRIMGALORE,1702980394000,1702980752000,5,279.3,,3157262336.0,,,0.3645027625768229,0.3645027625768229,0.0,258.9,
9,NFCORE_CHIPSEQ:CHIPSEQ:FASTQC_TRIMGALORE:TRIMGALORE,1702980403000,1702980753000,5,278.9,,3157262336.0,,,0.3558886426757812,0.3558886426757812,0.0,258.9,
146,NFCORE_CHIPSEQ:CHIPSEQ:FASTQC_TRIMGALORE:TRIMGALORE,1702980594000,1702980936000,5,261.3,,3157262336.0,,,0.3275980328789062,0.3275980328789062,0.0,258.9,
137,NFCORE_CHIPSEQ:CHIPSEQ:FASTQC_TRIMGALORE:TRIMGALORE,1702980684000,1702981021000,5,279.5,,3157262336.0,,,0.34334701258398437,0.34334701258398437,0.0,258.9,
206,NFCORE_CHIPSEQ:CHIPSEQ:FASTQC_TRIMGALORE:TRIMGALORE,1702980689000,1702981022000,5,277.2,,3157262336.0,,,0.33670696922460935,0.33670696922460935,0.0,258.9,
144,NFCORE_CHIPSEQ:CHIPSEQ:FASTQC_TRIMGALORE:TRIMGALORE,1702980732000,1702981061000,5,282.8,,3157262336.0,,,0.3388319381699219,0.3388319381699219,0.0,258.9,
203,NFCORE_CHIPSEQ:CHIPSEQ:FASTQC_TRIMGALORE:TRIMGALORE,1702980728000,1702981061000,5,276.3,,3157262336.0,,,0.33570338787304693,0.33570338787304693,0.0,258.9,
151,NFCORE_CHIPSEQ:CHIPSEQ:FASTQC_TRIMGALORE:TRIMGALORE,1702980753000,1702981071000,5,281.1,,3157262336.0,,,0.32569294689453127,0.32569294689453127,0.0,258.9,
184,NFCORE_CHIPSEQ:CHIPSEQ:FASTQC_TRIMGALORE:TRIMGALORE,1702980756000,1702981071000,5,267.4,,3157262336.0,,,0.3081694032128906,0.3081694032128906,0.0,258.9,
192,NFCORE_CHIPSEQ:CHIPSEQ:FASTQC_TRIMGALORE:TRIMGALORE,1702980756000,1702981071000,5,268.9,,3157262336.0,,,0.30975162606445306,0.30975162606445306,0.0,258.9,
198,NFCORE_CHIPSEQ:CHIPSEQ:FASTQC_TRIMGALORE:TRIMGALORE,1702980756000,1702981071000,5,275.2,,3157262336.0,,,0.3163969620410156,0.3163969620410156,0.0,258.9,
140,NFCORE_CHIPSEQ:CHIPSEQ:FASTQC_TRIMGALORE:TRIMGALORE,1702980756000,1702981073000,5,270.3,,3157262336.0,,,0.31320442051888026,0.31320442051888026,0.0,258.9,
212,NFCORE_CHIPSEQ:CHIPSEQ:FASTQC_TRIMGALORE:TRIMGALORE,1702980756000,1702981075000,5,279.9,,3157262336.0,,,0.32543528689518225,0.32543528689518225,0.0,258.9,
135,NFCORE_CHIPSEQ:CHIPSEQ:FASTQC_TRIMGALORE:TRIMGALORE,1702980754000,1702981084000,5,277.8,,3157262336.0,,,0.3343365998242187,0.3343365998242187,0.0,258.9,
180,NFCORE_CHIPSEQ:CHIPSEQ:FASTQC_TRIMGALORE:TRIMGALORE,1702980939000,1702981256000,5,270.6,,3157262336.0,,,0.3135228742610677,0.3135228742610677,0.0,258.9,
149,NFCORE_CHIPSEQ:CHIPSEQ:FASTQC_TRIMGALORE:TRIMGALORE,1702981024000,1702981336000,5,278.5,,3157262336.0,,,0.316831396578125,0.316831396578125,0.0,258.9,
193,NFCORE_CHIPSEQ:CHIPSEQ:FASTQC_TRIMGALORE:TRIMGALORE,1702981025000,1702981336000,5,279.5,,3157262336.0,,,0.31685733208789063,0.31685733208789063,0.0,258.9,
205,NFCORE_CHIPSEQ:CHIPSEQ:FASTQC_TRIMGALORE:TRIMGALORE,1702981064000,1702981372000,5,277.1,,3157262336.0,,,0.3113255307421875,0.3113255307421875,0.0,258.9,
179,NFCORE_CHIPSEQ:CHIPSEQ:FASTQC_TRIMGALORE:TRIMGALORE,1702981075000,1702981374000,5,278.7,,3157262336.0,,,0.3038303358509114,0.3038303358509114,0.0,258.9,
182,NFCORE_CHIPSEQ:CHIPSEQ:FASTQC_TRIMGALORE:TRIMGALORE,1702981075000,1702981374000,5,279.4,,3157262336.0,,,0.30453120197330724,0.30453120197330724,0.0,258.9,
189,NFCORE_CHIPSEQ:CHIPSEQ:FASTQC_TRIMGALORE:TRIMGALORE,1702981064000,1702981376000,5,283.8,,3157262336.0,,,0.322368674265625,0.322368674265625,0.0,258.9,
200,NFCORE_CHIPSEQ:CHIPSEQ:FASTQC_TRIMGALORE:TRIMGALORE,1702981075000,1702981374000,5,276.8,,3157262336.0,,,0.3019279849472656,0.3019279849472656,0.0,258.9,
202,NFCORE_CHIPSEQ:CHIPSEQ:FASTQC_TRIMGALORE:TRIMGALORE,1702981076000,1702981377000,5,277.2,,3157262336.0,,,0.304350743953776,0.304350743953776,0.0,258.9,
185,NFCORE_CHIPSEQ:CHIPSEQ:FASTQC_TRIMGALORE:TRIMGALORE,1702981077000,1702981380000,5,280.2,,3157262336.0,,,0.3094169034238281,0.3094169034238281,0.0,258.9,
181,NFCORE_CHIPSEQ:CHIPSEQ:FASTQC_TRIMGALORE:TRIMGALORE,1702981074000,1702981387000,5,279.9,,3157262336.0,,,0.31931424701627603,0.31931424701627603,0.0,258.9,
190,NFCORE_CHIPSEQ:CHIPSEQ:FASTQC_TRIMGALORE:TRIMGALORE,1702981088000,1702981397000,5,279.5,,3157262336.0,,,0.3148196643574218,0.3148196643574218,0.0,258.9,
131,NFCORE_CHIPSEQ:CHIPSEQ:FASTQC_TRIMGALORE:TRIMGALORE,1702981258000,1702981556000,5,269.7,,3157262336.0,,,0.2938331826002604,0.2938331826002604,0.0,258.9,
132,NFCORE_CHIPSEQ:CHIPSEQ:FASTQC_TRIMGALORE:TRIMGALORE,1702981339000,1702981631000,5,276.7,,3157262336.0,,,0.2947616571067707,0.2947616571067707,0.0,258.9,
186,NFCORE_CHIPSEQ:CHIPSEQ:FASTQC_TRIMGALORE:TRIMGALORE,1702981339000,1702981631000,5,280.6,,3157262336.0,,,0.2985750653255208,0.2985750653255208,0.0,258.9,
15,NFCORE_CHIPSEQ:CHIPSEQ:FASTQC_TRIMGALORE:TRIMGALORE,1702981377000,1702981666000,5,279.3,,3157262336.0,,,0.2942494368287761,0.2942494368287761,0.0,258.9,
128,NFCORE_CHIPSEQ:CHIPSEQ:FASTQC_TRIMGALORE:TRIMGALORE,1702981383000,1702981666000,5,278.6,,3157262336.0,,,0.28747709040039066,0.28747709040039066,0.0,258.9,
133,NFCORE_CHIPSEQ:CHIPSEQ:FASTQC_TRIMGALORE:TRIMGALORE,1702981380000,1702981666000,5,277.4,,3157262336.0,,,0.2893753044101562,0.2893753044101562,0.0,258.9,
204,NFCORE_CHIPSEQ:CHIPSEQ:FASTQC_TRIMGALORE:TRIMGALORE,1702981377000,1702981666000,5,275.9,,3157262336.0,,,0.29095908302148427,0.29095908302148427,0.0,258.9,
178,NFCORE_CHIPSEQ:CHIPSEQ:FASTQC_TRIMGALORE:TRIMGALORE,1702981377000,1702981677000,5,267.8,,3157262336.0,,,0.29389650410156243,0.29389650410156243,0.0,258.9,
183,NFCORE_CHIPSEQ:CHIPSEQ:FASTQC_TRIMGALORE:TRIMGALORE,1702981391000,1702981677000,5,282.0,,3157262336.0,,,0.29378074860807285,0.29378074860807285,0.0,258.9,
188,NFCORE_CHIPSEQ:CHIPSEQ:FASTQC_TRIMGALORE:TRIMGALORE,1702981375000,1702981677000,5,280.5,,3157262336.0,,,0.3086991104778645,0.3086991104778645,0.0,258.9,
196,NFCORE_CHIPSEQ:CHIPSEQ:FASTQC_TRIMGALORE:TRIMGALORE,1702981379000,1702981677000,5,279.4,,3157262336.0,,,0.30351270297005206,0.30351270297005206,0.0,258.9,
22,NFCORE_CHIPSEQ:CHIPSEQ:FASTQC_TRIMGALORE:TRIMGALORE,1702981400000,1702981686000,5,270.7,,3157262336.0,,,0.28295867916536455,0.28295867916536455,0.0,258.9,
199,NFCORE_CHIPSEQ:CHIPSEQ:FASTQC_TRIMGALORE:TRIMGALORE,1702981558000,1702981842000,5,269.2,,3157262336.0,,,0.2795534351119791,0.2795534351119791,0.0,258.9,
43,NFCORE_CHIPSEQ:CHIPSEQ:FASTQC_TRIMGALORE:TRIMGALORE,1702981633000,1702981911000,5,278.3,,3157262336.0,,,0.2821187149726563,0.2821187149726563,0.0,258.9,
209,NFCORE_CHIPSEQ:CHIPSEQ:FASTQC_TRIMGALORE:TRIMGALORE,1702981633000,1702981912000,5,276.6,,3157262336.0,,,0.2815452801269531,0.2815452801269531,0.0,258.9,
45,NFCORE_CHIPSEQ:CHIPSEQ:FASTQC_TRIMGALORE:TRIMGALORE,1702981669000,1702981941000,5,282.5,,3157262336.0,,,0.27985528509374996,0.27985528509374996,0.0,258.9,
127,NFCORE_CHIPSEQ:CHIPSEQ:FASTQC_TRIMGALORE:TRIMGALORE,1702981669000,1702981942000,5,275.9,,3157262336.0,,,0.27485062167773433,0.27485062167773433,0.0,258.9,
143,NFCORE_CHIPSEQ:CHIPSEQ:FASTQC_TRIMGALORE:TRIMGALORE,1702981669000,1702981941000,5,280.8,,3157262336.0,,,0.27830688330208336,0.27830688330208336,0.0,258.9,
150,NFCORE_CHIPSEQ:CHIPSEQ:FASTQC_TRIMGALORE:TRIMGALORE,1702981669000,1702981942000,5,282.7,,3157262336.0,,,0.28106699945898433,0.28106699945898433,0.0,258.9,
145,NFCORE_CHIPSEQ:CHIPSEQ:FASTQC_TRIMGALORE:TRIMGALORE,1702981680000,1702981951000,5,280.3,,3157262336.0,,,0.2768299582493489,0.2768299582493489,0.0,258.9,
13,NFCORE_CHIPSEQ:CHIPSEQ:FASTQC_TRIMGALORE:TRIMGALORE,1702981690000,1702981956000,5,278.9,,3157262336.0,,,0.2704753684335937,0.2704753684335937,0.0,258.9,
25,NFCORE_CHIPSEQ:CHIPSEQ:FASTQC_TRIMGALORE:TRIMGALORE,1702981681000,1702981955000,5,277.3,,3157262336.0,,,0.27714193106380214,0.27714193106380214,0.0,258.9,
139,NFCORE_CHIPSEQ:CHIPSEQ:FASTQC_TRIMGALORE:TRIMGALORE,1702981681000,1702981955000,5,280.2,,3157262336.0,,,0.2798027443502605,0.2798027443502605,0.0,258.9,
187,NFCORE_CHIPSEQ:CHIPSEQ:FASTQC_TRIMGALORE:TRIMGALORE,1702981680000,1702981955000,5,269.5,,3157262336.0,,,0.2709706085123698,0.2709706085123698,0.0,258.9,
159,NFCORE_CHIPSEQ:CHIPSEQ:FASTQC_TRIMGALORE:TRIMGALORE,1702981845000,1702982115000,5,273.2,,3157262336.0,,,0.2693891413476562,0.2693891413476562,0.0,258.9,
138,NFCORE_CHIPSEQ:CHIPSEQ:FASTQC_TRIMGALORE:TRIMGALORE,1702981915000,1702982176000,5,279.4,,3157262336.0,,,0.26582823984960935,0.26582823984960935,0.0,258.9,
148,NFCORE_CHIPSEQ:CHIPSEQ:FASTQC_TRIMGALORE:TRIMGALORE,1702981914000,1702982176000,5,280.8,,3157262336.0,,,0.26807501259244787,0.26807501259244787,0.0,258.9,
31,NFCORE_CHIPSEQ:CHIPSEQ:FASTQC_TRIMGALORE:TRIMGALORE,1702981943000,1702982196000,5,281.2,,3157262336.0,,,0.2592052092766927,0.2592052092766927,0.0,258.9,
197,NFCORE_CHIPSEQ:CHIPSEQ:FASTQC_TRIMGALORE:TRIMGALORE,1702981944000,1702982196000,5,276.0,,3157262336.0,,,0.2537926513828125,0.2537926513828125,0.0,258.9,
18,NFCORE_CHIPSEQ:CHIPSEQ:FASTQC_TRIMGALORE:TRIMGALORE,1702981955000,1702982201000,5,279.1,,3157262336.0,,,0.25030362666015626,0.25030362666015626,0.0,258.9,
49,NFCORE_CHIPSEQ:CHIPSEQ:FASTQC_TRIMGALORE:TRIMGALORE,1702981946000,1702982204000,5,278.0,,3157262336.0,,,0.2615632213710937,0.2615632213710937,0.0,258.9,
152,NFCORE_CHIPSEQ:CHIPSEQ:FASTQC_TRIMGALORE:TRIMGALORE,1702981959000,1702982204000,5,280.1,,3157262336.0,,,0.25010654409179683,0.25010654409179683,0.0,258.9,
29,NFCORE_CHIPSEQ:CHIPSEQ:FASTQC_TRIMGALORE:TRIMGALORE,1702981947000,1702982204000,5,281.5,,3157262336.0,,,0.26356149393815104,0.26356149393815104,0.0,258.9,
28,NFCORE_CHIPSEQ:CHIPSEQ:FASTQC_TRIMGALORE:TRIMGALORE,1702981958000,1702982206000,5,282.0,,3157262336.0,,,0.2547469428489583,0.2547469428489583,0.0,258.9,
41,NFCORE_CHIPSEQ:CHIPSEQ:FASTQC_TRIMGALORE:TRIMGALORE,1702981958000,1702982206000,5,268.7,,3157262336.0,,,0.24370185532812497,0.24370185532812497,0.0,258.9,
176,NFCORE_CHIPSEQ:CHIPSEQ:FASTQC_TRIMGALORE:TRIMGALORE,1702981958000,1702982210000,5,268.7,,3157262336.0,,,0.24763253041406252,0.24763253041406252,0.0,258.9,
160,NFCORE_CHIPSEQ:CHIPSEQ:FASTQC_TRIMGALORE:TRIMGALORE,1702982118000,1702982362000,5,270.6,,3157262336.0,,,0.24132360037760417,0.24132360037760417,0.0,258.9,
6,NFCORE_CHIPSEQ:CHIPSEQ:FASTQC_TRIMGALORE:TRIMGALORE,1702982179000,1702982411000,5,280.6,,3157262336.0,,,0.23722402450520835,0.23722402450520835,0.0,258.9,
153,NFCORE_CHIPSEQ:CHIPSEQ:FASTQC_TRIMGALORE:TRIMGALORE,1702982179000,1702982416000,5,268.2,,3157262336.0,,,0.23249568739648432,0.23249568739648432,0.0,258.9,
23,NFCORE_CHIPSEQ:CHIPSEQ:FASTQC_TRIMGALORE:TRIMGALORE,1702982199000,1702982431000,5,268.3,,3157262336.0,,,0.2276684030677083,0.2276684030677083,0.0,258.9,
38,NFCORE_CHIPSEQ:CHIPSEQ:FASTQC_TRIMGALORE:TRIMGALORE,1702982199000,1702982434000,5,277.9,,3157262336.0,,,0.23816687728841143,0.23816687728841143,0.0,258.9,
10,NFCORE_CHIPSEQ:CHIPSEQ:FASTQC_TRIMGALORE:TRIMGALORE,1702982207000,1702982437000,5,281.2,,3157262336.0,,,0.23564109934244787,0.23564109934244787,0.0,258.9,
16,NFCORE_CHIPSEQ:CHIPSEQ:FASTQC_TRIMGALORE:TRIMGALORE,1702982204000,1702982433000,5,279.6,,3157262336.0,,,0.23338963853190103,0.23338963853190103,0.0,258.9,
155,NFCORE_CHIPSEQ:CHIPSEQ:FASTQC_TRIMGALORE:TRIMGALORE,1702982207000,1702982437000,5,268.3,,3157262336.0,,,0.2257057444205729,0.2257057444205729,0.0,258.9,
158,NFCORE_CHIPSEQ:CHIPSEQ:FASTQC_TRIMGALORE:TRIMGALORE,1702982212000,1702982437000,5,279.8,,3157262336.0,,,0.22946365151367187,0.22946365151367187,0.0,258.9,
33,NFCORE_CHIPSEQ:CHIPSEQ:FASTQC_TRIMGALORE:TRIMGALORE,1702982209000,1702982439000,5,269.3,,3157262336.0,,,0.22647592697265623,0.22647592697265623,0.0,258.9,
147,NFCORE_CHIPSEQ:CHIPSEQ:FASTQC_TRIMGALORE:TRIMGALORE,1702982209000,1702982439000,5,268.5,,3157262336.0,,,0.22585978093098955,0.22585978093098955,0.0,258.9,
157,NFCORE_CHIPSEQ:CHIPSEQ:FASTQC_TRIMGALORE:TRIMGALORE,1702982207000,1702982441000,5,280.5,,3157262336.0,,,0.23919070149609373,0.23919070149609373,0.0,258.9,
48,NFCORE_CHIPSEQ:CHIPSEQ:FASTQC_TRIMGALORE:TRIMGALORE,1702982364000,1702982586000,5,271.8,,3157262336.0,,,0.22045698741015624,0.22045698741015624,0.0,258.9,
59,NFCORE_CHIPSEQ:CHIPSEQ:FASTQC_TRIMGALORE:TRIMGALORE,1702982413000,1702982631000,5,277.5,,3157262336.0,,,0.22064578439192709,0.22064578439192709,0.0,258.9,
8,NFCORE_CHIPSEQ:CHIPSEQ:FASTQC_TRIMGALORE:TRIMGALORE,1702982418000,1702982634000,5,281.2,,3157262336.0,,,0.22129772807812498,0.22129772807812498,0.0,258.9,
177,NFCORE_CHIPSEQ:CHIPSEQ:FASTQC_TRIMGALORE:TRIMGALORE,1702982443000,1702982638000,5,279.5,,3157262336.0,,,0.1986726037207031,0.1986726037207031,0.0,258.9,
46,NFCORE_CHIPSEQ:CHIPSEQ:FASTQC_TRIMGALORE:TRIMGALORE,1702982445000,1702982639000,5,278.3,,3157262336.0,,,0.19687421116796872,0.19687421116796872,0.0,258.9,
36,NFCORE_CHIPSEQ:CHIPSEQ:FASTQC_TRIMGALORE:TRIMGALORE,1702982433000,1702982648000,5,280.5,,3157262336.0,,,0.21976923428059894,0.21976923428059894,0.0,258.9,
52,NFCORE_CHIPSEQ:CHIPSEQ:FASTQC_TRIMGALORE:TRIMGALORE,1702982436000,1702982648000,5,279.0,,3157262336.0,,,0.21563782573177082,0.21563782573177082,0.0,258.9,
44,NFCORE_CHIPSEQ:CHIPSEQ:FASTQC_TRIMGALORE:TRIMGALORE,1702982436000,1702982648000,5,279.5,,3157262336.0,,,0.21599277942968748,0.21599277942968748,0.0,258.9,
51,NFCORE_CHIPSEQ:CHIPSEQ:FASTQC_TRIMGALORE:TRIMGALORE,1702982440000,1702982649000,5,280.8,,3157262336.0,,,0.2138460978313802,0.2138460978313802,0.0,258.9,
42,NFCORE_CHIPSEQ:CHIPSEQ:FASTQC_TRIMGALORE:TRIMGALORE,1702982440000,1702982652000,5,277.1,,3157262336.0,,,0.2142890016796875,0.2142890016796875,0.0,258.9,
154,NFCORE_CHIPSEQ:CHIPSEQ:FASTQC_TRIMGALORE:TRIMGALORE,1702982442000,1702982649000,5,266.6,,3157262336.0,,,0.20195679067382816,0.20195679067382816,0.0,258.9,
156,NFCORE_CHIPSEQ:CHIPSEQ:FASTQC_TRIMGALORE:TRIMGALORE,1702982440000,1702982649000,5,278.7,,3157262336.0,,,0.21237638860481767,0.21237638860481767,0.0,258.9,
57,NFCORE_CHIPSEQ:CHIPSEQ:FASTQC_TRIMGALORE:TRIMGALORE,1702982589000,1702982771000,5,271.2,,3157262336.0,,,0.18036933841536457,0.18036933841536457,0.0,258.9,
54,NFCORE_CHIPSEQ:CHIPSEQ:FASTQC_TRIMGALORE:TRIMGALORE,1702982634000,1702982806000,5,275.7,,3157262336.0,,,0.17305076692447915,0.17305076692447915,0.0,258.9,
65,NFCORE_CHIPSEQ:CHIPSEQ:FASTQC_TRIMGALORE:TRIMGALORE,1702982637000,1702982806000,5,277.1,,3157262336.0,,,0.17082472303710938,0.17082472303710938,0.0,258.9,
125,NFCORE_CHIPSEQ:CHIPSEQ:FASTQC_TRIMGALORE:TRIMGALORE,1702982653000,1702982806000,5,268.9,,3157262336.0,,,0.15045078980273438,0.15045078980273438,0.0,258.9,
61,NFCORE_CHIPSEQ:CHIPSEQ:FASTQC_TRIMGALORE:TRIMGALORE,1702982643000,1702982811000,5,257.5,,3157262336.0,,,0.158787590609375,0.158787590609375,0.0,258.9,
124,NFCORE_CHIPSEQ:CHIPSEQ:FASTQC_TRIMGALORE:TRIMGALORE,1702982651000,1702982811000,5,278.4,,3157262336.0,,,0.16242406135416665,0.16242406135416665,0.0,258.9,
136,NFCORE_CHIPSEQ:CHIPSEQ:FASTQC_TRIMGALORE:TRIMGALORE,1702982640000,1702982807000,5,258.9,,3157262336.0,,,0.15862533368684895,0.15862533368684895,0.0,258.9,
64,NFCORE_CHIPSEQ:CHIPSEQ:FASTQC_TRIMGALORE:TRIMGALORE,1702982650000,1702982814000,5,277.9,,3157262336.0,,,0.16621007606510416,0.16621007606510416,0.0,258.9,
126,NFCORE_CHIPSEQ:CHIPSEQ:FASTQC_TRIMGALORE:TRIMGALORE,1702982650000,1702982816000,5,268.6,,3157262336.0,,,0.16306742897786458,0.16306742897786458,0.0,258.9,
215,NFCORE_CHIPSEQ:CHIPSEQ:ALIGN_BWA_MEM:BWA_MEM,1702982653000,1702983461000,10,931.1,,34359738368.0,,,3.2481782241875,3.2481782241875,0.0,258.9,
225,NFCORE_CHIPSEQ:CHIPSEQ:ALIGN_BWA_MEM:BWA_MEM,1702982819000,1702983600000,10,958.1,,34359738368.0,,,3.214213379319271,3.214213379319271,0.0,254.26999999999998,
216,NFCORE_CHIPSEQ:CHIPSEQ:ALIGN_BWA_MEM:BWA_MEM,1702982809000,1702983600000,10,1001.6,,34359738368.0,,,3.4527566426499994,3.4527566426499994,0.0,254.26999999999998,
217,NFCORE_CHIPSEQ:CHIPSEQ:ALIGN_BWA_MEM:BWA_MEM,1702982808000,1702983600000,10,953.2,,34359738368.0,,,3.3924781185861113,3.3924781185861113,0.0,254.26999999999998,
218,NFCORE_CHIPSEQ:CHIPSEQ:ALIGN_BWA_MEM:BWA_MEM,1702982814000,1702983600000,10,952.0,,34359738368.0,,,3.3606645799222217,3.3606645799222217,0.0,254.26999999999998,
219,NFCORE_CHIPSEQ:CHIPSEQ:ALIGN_BWA_MEM:BWA_MEM,1702982815000,1702983600000,10,1008.0,,34359738368.0,,,3.803312288883333,3.803312288883333,0.0,254.26999999999998,
221,NFCORE_CHIPSEQ:CHIPSEQ:ALIGN_BWA_MEM:BWA_MEM,1702983463000,1702983600000,10,1013.4,,34359738368.0,,,3.160664970023958,3.160664970023958,0.0,254.26999999999998,
223,NFCORE_CHIPSEQ:CHIPSEQ:ALIGN_BWA_MEM:BWA_MEM,1702983641000,1702984336000,10,1013.6,,34359738368.0,,,2.8791207436250006,2.8791207436250006,0.0,249.64,
220,NFCORE_CHIPSEQ:CHIPSEQ:ALIGN_BWA_MEM:BWA_MEM,1702983640000,1702984396000,10,1013.6,,34359738368.0,,,3.1318205499,3.1318205499,0.0,249.64,
224,NFCORE_CHIPSEQ:CHIPSEQ:ALIGN_BWA_MEM:BWA_MEM,1702983604000,1702984396000,10,1004.5,,34359738368.0,,,3.2576838890750004,3.2576838890750004,0.0,249.64,
222,NFCORE_CHIPSEQ:CHIPSEQ:ALIGN_BWA_MEM:BWA_MEM,1702983710000,1702984591000,10,1009.2,,34359738368.0,,,3.6371317049430556,3.6371317049430556,0.0,249.64,
226,NFCORE_CHIPSEQ:CHIPSEQ:ALIGN_BWA_MEM:BWA_MEM,1702983624000,1702984601000,10,1008.6,,34359738368.0,,,4.031566584532639,4.031566584532639,0.0,249.64,
227,NFCORE_CHIPSEQ:CHIPSEQ:ALIGN_BWA_MEM:BWA_MEM,1702984224000,1702984981000,10,1009.0,,34359738368.0,,,3.1247196657868055,3.1247196657868055,0.0,249.64,
228,NFCORE_CHIPSEQ:CHIPSEQ:ALIGN_BWA_MEM:BWA_MEM,1702984339000,1702985071000,10,1010.7,,34359738368.0,,,3.0255434710458333,3.0255434710458333,0.0,249.64,
229,NFCORE_CHIPSEQ:CHIPSEQ:ALIGN_BWA_MEM:BWA_MEM,1702984399000,1702985166000,10,1010.4,,34359738368.0,,,3.169464476280555,3.169464476280555,0.0,249.64,
231,NFCORE_CHIPSEQ:CHIPSEQ:ALIGN_BWA_MEM:BWA_MEM,1702984399000,1702985191000,10,1009.4,,34359738368.0,,,3.2702144128499997,3.2702144128499997,0.0,249.64,
230,NFCORE_CHIPSEQ:CHIPSEQ:ALIGN_BWA_MEM:BWA_MEM,1702984594000,1702985326000,10,1012.4,,34359738368.0,,,3.02956145285,3.02956145285,0.0,249.64,
238,NFCORE_CHIPSEQ:CHIPSEQ:ALIGN_BWA_MEM:BWA_MEM,1702984604000,1702985331000,10,1011.9,,34359738368.0,,,3.007694039851737,3.007694039851737,0.0,249.64,
235,NFCORE_CHIPSEQ:CHIPSEQ:ALIGN_BWA_MEM:BWA_MEM,1702984984000,1702985746000,10,1007.9,,34359738368.0,,,3.14265207844375,3.14265207844375,0.0,249.64,
232,NFCORE_CHIPSEQ:CHIPSEQ:ALIGN_BWA_MEM:BWA_MEM,1702985074000,1702985796000,10,1010.2,,34359738368.0,,,2.9830452948652777,2.9830452948652777,0.0,249.64,
234,NFCORE_CHIPSEQ:CHIPSEQ:ALIGN_BWA_MEM:BWA_MEM,1702985169000,1702985836000,10,1008.0,,34359738368.0,,,2.7510669868111117,2.7510669868111117,0.0,249.64,
233,NFCORE_CHIPSEQ:CHIPSEQ:ALIGN_BWA_MEM:BWA_MEM,1702985194000,1702985866000,10,1013.6,,34359738368.0,,,2.7838404888000006,2.7838404888000006,0.0,249.64,
237,NFCORE_CHIPSEQ:CHIPSEQ:ALIGN_BWA_MEM:BWA_MEM,1702985329000,1702985981000,10,1012.6,,34359738368.0,,,2.6988828826472226,2.6988828826472226,0.0,249.64,
236,NFCORE_CHIPSEQ:CHIPSEQ:ALIGN_BWA_MEM:BWA_MEM,1702985334000,1702986026000,10,1009.1,,34359738368.0,,,2.8566382432374997,2.8566382432374997,0.0,249.64,
239,NFCORE_CHIPSEQ:CHIPSEQ:ALIGN_BWA_MEM:BWA_MEM,1702985749000,1702986411000,10,1007.7,,34359738368.0,,,2.7298030460076386,2.7298030460076386,0.0,249.64,
240,NFCORE_CHIPSEQ:CHIPSEQ:ALIGN_BWA_MEM:BWA_MEM,1702985799000,1702986466000,10,1010.8,,34359738368.0,,,2.7570971883680553,2.7570971883680553,0.0,249.64,
241,NFCORE_CHIPSEQ:CHIPSEQ:ALIGN_BWA_MEM:BWA_MEM,1702985839000,1702986491000,10,1011.7,,34359738368.0,,,2.696988193059722,2.696988193059722,0.0,249.64,
245,NFCORE_CHIPSEQ:CHIPSEQ:ALIGN_BWA_MEM:BWA_MEM,1702985869000,1702986521000,10,1015.7,,34359738368.0,,,2.7054090356708334,2.7054090356708334,0.0,249.64,
249,NFCORE_CHIPSEQ:CHIPSEQ:ALIGN_BWA_MEM:BWA_MEM,1702986029000,1702986666000,10,1011.2,,34359738368.0,,,2.6339125297333332,2.6339125297333332,0.0,249.64,
242,NFCORE_CHIPSEQ:CHIPSEQ:ALIGN_BWA_MEM:BWA_MEM,1702985983000,1702986736000,10,1006.1,,34359738368.0,,,3.1011577562781247,3.1011577562781247,0.0,249.64,
243,NFCORE_CHIPSEQ:CHIPSEQ:ALIGN_BWA_MEM:BWA_MEM,1702986493000,1702987116000,10,1006.6,,34359738368.0,,,2.566771101946528,2.566771101946528,0.0,249.64,
244,NFCORE_CHIPSEQ:CHIPSEQ:ALIGN_BWA_MEM:BWA_MEM,1702986524000,1702987156000,10,1009.5,,34359738368.0,,,2.6097690998805554,2.6097690998805554,0.0,249.64,
246,NFCORE_CHIPSEQ:CHIPSEQ:ALIGN_BWA_MEM:BWA_MEM,1702986414000,1702987151000,10,1008.4,,34359738368.0,,,3.040736526773611,3.040736526773611,0.0,249.64,
247,NFCORE_CHIPSEQ:CHIPSEQ:ALIGN_BWA_MEM:BWA_MEM,1702986468000,1702987200000,10,1007.7,,34359738368.0,,,3.1980097241285588,3.1980097241285588,0.0,257.385,
250,NFCORE_CHIPSEQ:CHIPSEQ:ALIGN_BWA_MEM:BWA_MEM,1702986668000,1702987200000,10,1007.4,,34359738368.0,,,2.657334673965625,2.657334673965625,0.0,257.385,
248,NFCORE_CHIPSEQ:CHIPSEQ:ALIGN_BWA_MEM:BWA_MEM,1702986740000,1702987200000,10,1009.2,,34359738368.0,,,2.718986020315625,2.718986020315625,0.0,257.385,
258,NFCORE_CHIPSEQ:CHIPSEQ:ALIGN_BWA_MEM:BWA_MEM,1702987158000,1702987200000,10,1010.1,,34359738368.0,,,2.5691801781078123,2.5691801781078123,0.0,257.385,
251,NFCORE_CHIPSEQ:CHIPSEQ:ALIGN_BWA_MEM:BWA_MEM,1702987118000,1702987200000,10,1006.5,,34359738368.0,,,2.8361223234638024,2.8361223234638024,0.0,257.385,
253,NFCORE_CHIPSEQ:CHIPSEQ:ALIGN_BWA_MEM:BWA_MEM,1702987154000,1702987200000,10,1008.9,,34359738368.0,,,2.7542388366650172,2.7542388366650172,0.0,257.385,
252,NFCORE_CHIPSEQ:CHIPSEQ:ALIGN_BWA_MEM:BWA_MEM,1702987244000,1702987886000,10,1006.6,,34359738368.0,,,2.8091751659489588,2.8091751659489588,0.0,265.13,
260,NFCORE_CHIPSEQ:CHIPSEQ:ALIGN_BWA_MEM:BWA_MEM,1702987309000,1702987931000,10,1012.4,,34359738368.0,,,2.7340330984395833,2.7340330984395833,0.0,265.13,
254,NFCORE_CHIPSEQ:CHIPSEQ:ALIGN_BWA_MEM:BWA_MEM,1702987389000,1702988201000,10,1006.5,,34359738368.0,,,3.55275929789132,3.55275929789132,0.0,265.13,
261,NFCORE_CHIPSEQ:CHIPSEQ:ALIGN_BWA_MEM:BWA_MEM,1702987774000,1702988386000,10,1010.4,,34359738368.0,,,2.685880243075,2.685880243075,0.0,265.13,
256,NFCORE_CHIPSEQ:CHIPSEQ:ALIGN_BWA_MEM:BWA_MEM,1702987788000,1702988411000,10,1008.1,,34359738368.0,,,2.729242169420399,2.729242169420399,0.0,265.13,
257,NFCORE_CHIPSEQ:CHIPSEQ:ALIGN_BWA_MEM:BWA_MEM,1702987749000,1702988451000,10,1007.7,,34359738368.0,,,3.0743629283859377,3.0743629283859377,0.0,265.13,
255,NFCORE_CHIPSEQ:CHIPSEQ:ALIGN_BWA_MEM:BWA_MEM,1702987889000,1702988501000,10,1010.5,,34359738368.0,,,2.6860901100406256,2.6860901100406256,0.0,265.13,
262,NFCORE_CHIPSEQ:CHIPSEQ:ALIGN_BWA_MEM:BWA_MEM,1702987934000,1702988711000,10,1007.4,,34359738368.0,,,3.4020211599682293,3.4020211599682293,0.0,265.13,
263,NFCORE_CHIPSEQ:CHIPSEQ:ALIGN_BWA_MEM:BWA_MEM,1702988204000,1702988876000,10,1007.9,,34359738368.0,,,2.9434407815749997,2.9434407815749997,0.0,265.13,
259,NFCORE_CHIPSEQ:CHIPSEQ:ALIGN_BWA_MEM:BWA_MEM,1702988389000,1702988986000,10,1010.5,,34359738368.0,,,2.620254568127865,2.620254568127865,0.0,265.13,
265,NFCORE_CHIPSEQ:CHIPSEQ:ALIGN_BWA_MEM:BWA_MEM,1702988413000,1702989041000,10,1006.1,,34359738368.0,,,2.7468391259989584,2.7468391259989584,0.0,265.13,
264,NFCORE_CHIPSEQ:CHIPSEQ:ALIGN_BWA_MEM:BWA_MEM,1702988454000,1702989161000,10,1007.9,,34359738368.0,,,3.0967449889486978,3.0967449889486978,0.0,265.13,
266,NFCORE_CHIPSEQ:CHIPSEQ:ALIGN_BWA_MEM:BWA_MEM,1702988504000,1702989226000,10,1004.7,,34359738368.0,,,3.1545239712366326,3.1545239712366326,0.0,265.13,
267,NFCORE_CHIPSEQ:CHIPSEQ:ALIGN_BWA_MEM:BWA_MEM,1702988714000,1702989306000,10,1011.7,,34359738368.0,,,2.6007454903069442,2.6007454903069442,0.0,265.13,
268,NFCORE_CHIPSEQ:CHIPSEQ:ALIGN_BWA_MEM:BWA_MEM,1702988879000,1702989486000,10,1011.4,,34359738368.0,,,2.6660183006991316,2.6660183006991316,0.0,265.13,
274,NFCORE_CHIPSEQ:CHIPSEQ:ALIGN_BWA_MEM:BWA_MEM,1702989044000,1702989621000,10,1012.2,,34359738368.0,,,2.5358375466654515,2.5358375466654515,0.0,265.13,
269,NFCORE_CHIPSEQ:CHIPSEQ:ALIGN_BWA_MEM:BWA_MEM,1702988988000,1702989711000,10,1007.4,,34359738368.0,,,3.165587256958854,3.165587256958854,0.0,265.13,
270,NFCORE_CHIPSEQ:CHIPSEQ:ALIGN_BWA_MEM:BWA_MEM,1702989164000,1702989761000,10,1010.7,,34359738368.0,,,2.6206640144627604,2.6206640144627604,0.0,265.13,
272,NFCORE_CHIPSEQ:CHIPSEQ:ALIGN_BWA_MEM:BWA_MEM,1702989229000,1702989866000,10,1008.6,,34359738368.0,,,2.79166565393941,2.79166565393941,0.0,265.13,
273,NFCORE_CHIPSEQ:CHIPSEQ:ALIGN_BWA_MEM:BWA_MEM,1702989309000,1702989906000,10,1011.2,,34359738368.0,,,2.6216876303000003,2.6216876303000003,0.0,265.13,
275,NFCORE_CHIPSEQ:CHIPSEQ:ALIGN_BWA_MEM:BWA_MEM,1702989624000,1702990166000,10,1010.1,,34359738368.0,,,2.378114130817882,2.378114130817882,0.0,265.13,
271,NFCORE_CHIPSEQ:CHIPSEQ:ALIGN_BWA_MEM:BWA_MEM,1702989489000,1702990221000,10,1005.5,,34359738368.0,,,3.200223577790625,3.200223577790625,0.0,265.13,
277,NFCORE_CHIPSEQ:CHIPSEQ:ALIGN_BWA_MEM:BWA_MEM,1702989714000,1702990281000,10,1009.1,,34359738368.0,,,2.485861386307031,2.485861386307031,0.0,265.13,
276,NFCORE_CHIPSEQ:CHIPSEQ:ALIGN_BWA_MEM:BWA_MEM,1702989763000,1702990326000,10,1004.5,,34359738368.0,,,2.4594435062974824,2.4594435062974824,0.0,265.13,
279,NFCORE_CHIPSEQ:CHIPSEQ:ALIGN_BWA_MEM:BWA_MEM,1702989869000,1702990491000,10,1005.9,,34359738368.0,,,2.7201688477529515,2.7201688477529515,0.0,265.13,
278,NFCORE_CHIPSEQ:CHIPSEQ:ALIGN_BWA_MEM:BWA_MEM,1702989908000,1702990576000,10,1009.8,,34359738368.0,,,2.930272639829861,2.930272639829861,0.0,265.13,
281,NFCORE_CHIPSEQ:CHIPSEQ:ALIGN_BWA_MEM:BWA_MEM,1702990169000,1702990800000,10,1004.5,,34359738368.0,,,2.9281594443019965,2.9281594443019965,0.0,277.265,
286,NFCORE_CHIPSEQ:CHIPSEQ:ALIGN_BWA_MEM:BWA_MEM,1702990329000,1702990800000,10,1009.6,,34359738368.0,,,2.2668548458625,2.2668548458625,0.0,277.265,
283,NFCORE_CHIPSEQ:CHIPSEQ:ALIGN_BWA_MEM:BWA_MEM,1702990223000,1702990800000,10,1003.9,,34359738368.0,,,2.857808153409635,2.857808153409635,0.0,277.265,
280,NFCORE_CHIPSEQ:CHIPSEQ:ALIGN_BWA_MEM:BWA_MEM,1702990284000,1702990800000,10,1006.2,,34359738368.0,,,2.978115617934722,2.978115617934722,0.0,277.265,
284,NFCORE_CHIPSEQ:CHIPSEQ:ALIGN_BWA_MEM:BWA_MEM,1702990493000,1702990800000,10,1006.1,,34359738368.0,,,2.779877913559635,2.779877913559635,0.0,277.265,
285,NFCORE_CHIPSEQ:CHIPSEQ:ALIGN_BWA_MEM:BWA_MEM,1702990579000,1702990800000,10,1005.5,,34359738368.0,,,2.7843551346648434,2.7843551346648434,0.0,277.265,
287,NFCORE_CHIPSEQ:CHIPSEQ:ALIGN_BWA_MEM:BWA_MEM,1702990845000,1702991326000,10,1009.3,,34359738368.0,,,2.3022183625954864,2.3022183625954864,0.0,289.4,
289,NFCORE_CHIPSEQ:CHIPSEQ:ALIGN_BWA_MEM:BWA_MEM,1702990874000,1702991441000,10,1006.4,,34359738368.0,,,2.70768681225,2.70768681225,0.0,289.4,
282,NFCORE_CHIPSEQ:CHIPSEQ:ALIGN_BWA_MEM:BWA_MEM,1702990839000,1702991566000,10,1004.7,,34359738368.0,,,3.4671345855190983,3.4671345855190983,0.0,289.4,
288,NFCORE_CHIPSEQ:CHIPSEQ:ALIGN_BWA_MEM:BWA_MEM,1702990953000,1702991598000,10,1006.3,,34359738368.0,,,3.0799313983072913,3.0799313983072913,0.0,289.4,
291,NFCORE_CHIPSEQ:CHIPSEQ:ALIGN_BWA_MEM:BWA_MEM,1702991104000,1702991666000,10,1007.6,,34359738368.0,,,2.6863338552916667,2.6863338552916667,0.0,289.4,
290,NFCORE_CHIPSEQ:CHIPSEQ:ALIGN_BWA_MEM:BWA_MEM,1702991184000,1702991752000,10,1007.4,,34359738368.0,,,2.7145883591388884,2.7145883591388884,0.0,289.4,
298,NFCORE_CHIPSEQ:CHIPSEQ:ALIGN_BWA_MEM:BWA_MEM,1702991444000,1702991901000,10,1011.4,,34359738368.0,,,2.1909390207048607,2.1909390207048607,0.0,289.4,
293,NFCORE_CHIPSEQ:CHIPSEQ:ALIGN_BWA_MEM:BWA_MEM,1702991329000,1702991951000,10,1004.1,,34359738368.0,,,2.964982318711806,2.964982318711806,0.0,289.4,
296,NFCORE_CHIPSEQ:CHIPSEQ:ALIGN_BWA_MEM:BWA_MEM,1702991600000,1702992176000,10,1005.5,,34359738368.0,,,2.7487255409999993,2.7487255409999993,0.0,289.4,
297,NFCORE_CHIPSEQ:CHIPSEQ:ALIGN_BWA_MEM:BWA_MEM,1702991755000,1702992196000,10,1010.4,,34359738368.0,,,2.1125814736249997,2.1125814736249997,0.0,289.4,
292,NFCORE_CHIPSEQ:CHIPSEQ:ALIGN_BWA_MEM:BWA_MEM,1702991569000,1702992211000,10,1003.4,,34359738368.0,,,3.0586372181875,3.0586372181875,0.0,289.4,
294,NFCORE_CHIPSEQ:CHIPSEQ:ALIGN_BWA_MEM:BWA_MEM,1702991668000,1702992238000,10,1007.1,,34359738368.0,,,2.7235066974479163,2.7235066974479163,0.0,289.4,
295,NFCORE_CHIPSEQ:CHIPSEQ:ALIGN_BWA_MEM:BWA_MEM,1702991904000,1702992346000,10,1007.1,,34359738368.0,,,2.111912211003472,2.111912211003472,0.0,289.4,
299,NFCORE_CHIPSEQ:CHIPSEQ:ALIGN_BWA_MEM:BWA_MEM,1702991954000,1702992526000,10,1005.5,,34359738368.0,,,2.7296371691874994,2.7296371691874994,0.0,289.4,
304,NFCORE_CHIPSEQ:CHIPSEQ:ALIGN_BWA_MEM:BWA_MEM,1702992214000,1702992736000,10,1005.3,,34359738368.0,,,2.4906417410937496,2.4906417410937496,0.0,289.4,
300,NFCORE_CHIPSEQ:CHIPSEQ:ALIGN_BWA_MEM:BWA_MEM,1702992179000,1702992761000,10,1006.7,,34359738368.0,,,2.77997228509375,2.77997228509375,0.0,289.4,
305,NFCORE_CHIPSEQ:CHIPSEQ:ALIGN_BWA_MEM:BWA_MEM,1702992241000,1702992786000,10,1003.6,,34359738368.0,,,2.5969146714930553,2.5969146714930553,0.0,289.4,
301,NFCORE_CHIPSEQ:CHIPSEQ:ALIGN_BWA_MEM:BWA_MEM,1702992199000,1702992797000,10,1004.9,,34359738368.0,,,2.8523685589479166,2.8523685589479166,0.0,289.4,
306,NFCORE_CHIPSEQ:CHIPSEQ:ALIGN_BWA_MEM:BWA_MEM,1702992349000,1702992906000,10,1005.6,,34359738368.0,,,2.6582642659861113,2.6582642659861113,0.0,289.4,
307,NFCORE_CHIPSEQ:CHIPSEQ:ALIGN_BWA_MEM:BWA_MEM,1702992529000,1702993081000,10,1002.5,,34359738368.0,,,2.6279967238749995,2.6279967238749995,0.0,289.4,
310,NFCORE_CHIPSEQ:CHIPSEQ:ALIGN_BWA_MEM:BWA_MEM,1702992764000,1702993171000,10,1008.0,,34359738368.0,,,1.9460504439444444,1.9460504439444444,0.0,289.4,
302,NFCORE_CHIPSEQ:CHIPSEQ:ALIGN_BWA_MEM:BWA_MEM,1702992800000,1702993193000,10,1005.8,,34359738368.0,,,1.8758738429687498,1.8758738429687498,0.0,289.4,
308,NFCORE_CHIPSEQ:CHIPSEQ:ALIGN_BWA_MEM:BWA_MEM,1702992738000,1702993286000,10,1006.6,,34359738368.0,,,2.6173632835972223,2.6173632835972223,0.0,289.4,
309,NFCORE_CHIPSEQ:CHIPSEQ:ALIGN_BWA_MEM:BWA_MEM,1702992789000,1702993286000,10,1005.2,,34359738368.0,,,2.3711721003541664,2.3711721003541664,0.0,289.4,
303,NFCORE_CHIPSEQ:CHIPSEQ:ALIGN_BWA_MEM:BWA_MEM,1702992909000,1702993426000,10,1004.0,,34359738368.0,,,2.4642692767916667,2.4642692767916667,0.0,289.4,
311,NFCORE_CHIPSEQ:CHIPSEQ:ALIGN_BWA_MEM:BWA_MEM,1702993084000,1702993581000,10,1003.1,,34359738368.0,,,2.367265418911458,2.367265418911458,0.0,289.4,
312,NFCORE_CHIPSEQ:CHIPSEQ:ALIGN_BWA_MEM:BWA_MEM,1702993174000,1702993646000,10,1000.9,,34359738368.0,,,2.2443008385694445,2.2443008385694445,0.0,289.4,
317,NFCORE_CHIPSEQ:CHIPSEQ:ALIGN_BWA_MEM:BWA_MEM,1702993289000,1702993656000,10,1005.5,,34359738368.0,,,1.7513581137968748,1.7513581137968748,0.0,289.4,
313,NFCORE_CHIPSEQ:CHIPSEQ:ALIGN_BWA_MEM:BWA_MEM,1702993196000,1702993741000,10,1000.4,,34359738368.0,,,2.590386691770833,2.590386691770833,0.0,289.4,
320,NFCORE_CHIPSEQ:CHIPSEQ:ALIGN_BWA_MEM:BAM_SORT_SAMTOOLS:SAMTOOLS_SORT,1702993744000,1702993786000,6,469.3,,6374293504.0,,,0.08163602075781252,0.08163602075781252,0.0,289.4,
420,NFCORE_CHIPSEQ:CHIPSEQ:ALIGN_BWA_MEM:BAM_SORT_SAMTOOLS:SAMTOOLS_INDEX,1702993793000,1702993811000,2,131.9,,1073741824.0,,,0.00945411015625,0.00945411015625,0.0,289.4,
422,NFCORE_CHIPSEQ:CHIPSEQ:ALIGN_BWA_MEM:BAM_SORT_SAMTOOLS:BAM_STATS_SAMTOOLS:SAMTOOLS_IDXSTATS,1702993816000,1702993816000,2,101.6,,1073741824.0,,,0.0,0.0,0.0,289.4,
315,NFCORE_CHIPSEQ:CHIPSEQ:ALIGN_BWA_MEM:BWA_MEM,1702993289000,1702993826000,10,1003.0,,34359738368.0,,,2.5575887938229167,2.5575887938229167,0.0,289.4,
421,NFCORE_CHIPSEQ:CHIPSEQ:ALIGN_BWA_MEM:BAM_SORT_SAMTOOLS:BAM_STATS_SAMTOOLS:SAMTOOLS_FLAGSTAT,1702993816000,1702993826000,2,151.1,,1073741824.0,,,0.005970960086805556,0.005970960086805556,0.0,289.4,
322,NFCORE_CHIPSEQ:CHIPSEQ:ALIGN_BWA_MEM:BAM_SORT_SAMTOOLS:SAMTOOLS_SORT,1702993789000,1702993830000,6,461.4,,6374293504.0,,,0.07847991341362848,0.07847991341362848,0.0,289.4,
423,NFCORE_CHIPSEQ:CHIPSEQ:ALIGN_BWA_MEM:BAM_SORT_SAMTOOLS:BAM_STATS_SAMTOOLS:SAMTOOLS_STATS,1702993818000,1702993871000,2,130.8,,1073741824.0,,,0.027618878951388887,0.027618878951388887,0.0,289.4,
319,NFCORE_CHIPSEQ:CHIPSEQ:ALIGN_BWA_MEM:BWA_MEM,1702993428000,1702993881000,10,1006.9,,34359738368.0,,,2.1641319866302076,2.1641319866302076,0.0,289.4,
323,NFCORE_CHIPSEQ:CHIPSEQ:ALIGN_BWA_MEM:BAM_SORT_SAMTOOLS:SAMTOOLS_SORT,1702993829000,1702993881000,6,373.3,,6374293504.0,,,0.08238757522395833,0.08238757522395833,0.0,289.4,
324,NFCORE_CHIPSEQ:CHIPSEQ:ALIGN_BWA_MEM:BAM_SORT_SAMTOOLS:SAMTOOLS_SORT,1702993832000,1702993881000,6,400.3,,6374293504.0,,,0.08258657729036457,0.08258657729036457,0.0,289.4,
325,NFCORE_CHIPSEQ:CHIPSEQ:ALIGN_BWA_MEM:BAM_SORT_SAMTOOLS:SAMTOOLS_SORT,1702993829000,1702993881000,6,378.1,,6374293504.0,,,0.083321854890625,0.083321854890625,0.0,289.4,
425,NFCORE_CHIPSEQ:CHIPSEQ:ALIGN_BWA_MEM:BAM_SORT_SAMTOOLS:SAMTOOLS_INDEX,1702993874000,1702993886000,2,166.3,,1073741824.0,,,0.0078478949375,0.0078478949375,0.0,289.4,
427,NFCORE_CHIPSEQ:CHIPSEQ:ALIGN_BWA_MEM:BAM_SORT_SAMTOOLS:SAMTOOLS_INDEX,1702993889000,1702993911000,2,119.4,,1073741824.0,,,0.010525668923611111,0.010525668923611111,0.0,289.4,
428,NFCORE_CHIPSEQ:CHIPSEQ:ALIGN_BWA_MEM:BAM_SORT_SAMTOOLS:SAMTOOLS_INDEX,1702993884000,1702993911000,2,108.0,,1073741824.0,,,0.011765737875,0.011765737875,0.0,289.4,
429,NFCORE_CHIPSEQ:CHIPSEQ:ALIGN_BWA_MEM:BAM_SORT_SAMTOOLS:SAMTOOLS_INDEX,1702993884000,1702993911000,2,105.9,,1073741824.0,,,0.011553503671874998,0.011553503671874998,0.0,289.4,
431,NFCORE_CHIPSEQ:CHIPSEQ:ALIGN_BWA_MEM:BAM_SORT_SAMTOOLS:BAM_STATS_SAMTOOLS:SAMTOOLS_IDXSTATS,1702993914000,1702993915000,2,83.7,,1073741824.0,,,0.00034481055381944443,0.00034481055381944443,0.0,289.4,
430,NFCORE_CHIPSEQ:CHIPSEQ:ALIGN_BWA_MEM:BAM_SORT_SAMTOOLS:BAM_STATS_SAMTOOLS:SAMTOOLS_FLAGSTAT,1702993914000,1702993931000,2,140.1,,1073741824.0,,,0.009450671019097221,0.009450671019097221,0.0,289.4,
440,NFCORE_CHIPSEQ:CHIPSEQ:ALIGN_BWA_MEM:BAM_SORT_SAMTOOLS:BAM_STATS_SAMTOOLS:SAMTOOLS_IDXSTATS,1702993934000,1702993936000,2,77.4,,1073741824.0,,,0.0006424579513888889,0.0006424579513888889,0.0,289.4,
439,NFCORE_CHIPSEQ:CHIPSEQ:ALIGN_BWA_MEM:BAM_SORT_SAMTOOLS:BAM_STATS_SAMTOOLS:SAMTOOLS_FLAGSTAT,1702993918000,1702993931000,2,140.6,,1073741824.0,,,0.0072513139201388875,0.0072513139201388875,0.0,289.4,
321,NFCORE_CHIPSEQ:CHIPSEQ:ALIGN_BWA_MEM:BAM_SORT_SAMTOOLS:SAMTOOLS_SORT,1702993884000,1702993943000,6,327.4,,6374293504.0,,,0.08334150055338542,0.08334150055338542,0.0,289.4,
326,NFCORE_CHIPSEQ:CHIPSEQ:ALIGN_BWA_MEM:BAM_SORT_SAMTOOLS:SAMTOOLS_SORT,1702993884000,1702993943000,6,327.7,,6374293504.0,,,0.08340775355859376,0.08340775355859376,0.0,289.4,
329,NFCORE_CHIPSEQ:CHIPSEQ:ALIGN_BWA_MEM:BAM_SORT_SAMTOOLS:SAMTOOLS_SORT,1702993884000,1702993943000,6,327.5,,6374293504.0,,,0.08336358488845487,0.08336358488845487,0.0,289.4,
331,NFCORE_CHIPSEQ:CHIPSEQ:ALIGN_BWA_MEM:BAM_SORT_SAMTOOLS:SAMTOOLS_SORT,1702993884000,1702993943000,6,329.7,,6374293504.0,,,0.08384944025998264,0.08384944025998264,0.0,289.4,
437,NFCORE_CHIPSEQ:CHIPSEQ:ALIGN_BWA_MEM:BAM_SORT_SAMTOOLS:BAM_STATS_SAMTOOLS:SAMTOOLS_FLAGSTAT,1702993939000,1702993951000,2,156.2,,1073741824.0,,,0.007394230291666666,0.007394230291666666,0.0,289.4,
432,NFCORE_CHIPSEQ:CHIPSEQ:ALIGN_BWA_MEM:BAM_SORT_SAMTOOLS:BAM_STATS_SAMTOOLS:SAMTOOLS_STATS,1702993914000,1702993968000,2,133.7,,1073741824.0,,,0.02872616053125,0.02872616053125,0.0,289.4,
445,NFCORE_CHIPSEQ:CHIPSEQ:ALIGN_BWA_MEM:BAM_SORT_SAMTOOLS:SAMTOOLS_INDEX,1702993954000,1702993976000,2,105.1,,1073741824.0,,,0.009348087260416667,0.009348087260416667,0.0,289.4,
441,NFCORE_CHIPSEQ:CHIPSEQ:ALIGN_BWA_MEM:BAM_SORT_SAMTOOLS:BAM_STATS_SAMTOOLS:SAMTOOLS_STATS,1702993934000,1702993986000,2,135.1,,1073741824.0,,,0.027934726895833324,0.027934726895833324,0.0,289.4,
443,NFCORE_CHIPSEQ:CHIPSEQ:ALIGN_BWA_MEM:BAM_SORT_SAMTOOLS:SAMTOOLS_INDEX,1702993970000,1702993986000,2,156.5,,1073741824.0,,,0.00987694063888889,0.00987694063888889,0.0,289.4,
444,NFCORE_CHIPSEQ:CHIPSEQ:ALIGN_BWA_MEM:BAM_SORT_SAMTOOLS:SAMTOOLS_INDEX,1702993979000,1702993993000,2,149.3,,1073741824.0,,,0.008265017809027778,0.008265017809027778,0.0,289.4,
442,NFCORE_CHIPSEQ:CHIPSEQ:ALIGN_BWA_MEM:BAM_SORT_SAMTOOLS:SAMTOOLS_INDEX,1702993989000,1702994006000,2,122.0,,1073741824.0,,,0.008298916798611111,0.008298916798611111,0.0,289.4,
448,NFCORE_CHIPSEQ:CHIPSEQ:ALIGN_BWA_MEM:BAM_SORT_SAMTOOLS:BAM_STATS_SAMTOOLS:SAMTOOLS_FLAGSTAT,1702993989000,1702994006000,2,139.7,,1073741824.0,,,0.009425217887152776,0.009425217887152776,0.0,289.4,
328,NFCORE_CHIPSEQ:CHIPSEQ:ALIGN_BWA_MEM:BAM_SORT_SAMTOOLS:SAMTOOLS_SORT,1702993946000,1702994006000,6,331.0,,6374293504.0,,,0.08556257960937501,0.08556257960937501,0.0,289.4,
330,NFCORE_CHIPSEQ:CHIPSEQ:ALIGN_BWA_MEM:BAM_SORT_SAMTOOLS:SAMTOOLS_SORT,1702993946000,1702994006000,6,341.4,,6374293504.0,,,0.08789827877604167,0.08789827877604167,0.0,289.4,
332,NFCORE_CHIPSEQ:CHIPSEQ:ALIGN_BWA_MEM:BAM_SORT_SAMTOOLS:SAMTOOLS_SORT,1702993946000,1702994006000,6,329.1,,6374293504.0,,,0.08513586533854169,0.08513586533854169,0.0,289.4,
333,NFCORE_CHIPSEQ:CHIPSEQ:ALIGN_BWA_MEM:BAM_SORT_SAMTOOLS:SAMTOOLS_SORT,1702993946000,1702994006000,6,331.3,,6374293504.0,,,0.085629955546875,0.085629955546875,0.0,289.4,
446,NFCORE_CHIPSEQ:CHIPSEQ:ALIGN_BWA_MEM:BAM_SORT_SAMTOOLS:BAM_STATS_SAMTOOLS:SAMTOOLS_IDXSTATS,1702994010000,1702994011000,2,97.7,,1073741824.0,,,0.0003972140607638889,0.0003972140607638889,0.0,289.4,
458,NFCORE_CHIPSEQ:CHIPSEQ:ALIGN_BWA_MEM:BAM_SORT_SAMTOOLS:SAMTOOLS_INDEX,1702994009000,1702994031000,2,113.3,,1073741824.0,,,0.01002334387847222,0.01002334387847222,0.0,289.4,
459,NFCORE_CHIPSEQ:CHIPSEQ:ALIGN_BWA_MEM:BAM_SORT_SAMTOOLS:SAMTOOLS_INDEX,1702994013000,1702994031000,2,127.5,,1073741824.0,,,0.00915765603125,0.00915765603125,0.0,289.4,
447,NFCORE_CHIPSEQ:CHIPSEQ:ALIGN_BWA_MEM:BAM_SORT_SAMTOOLS:BAM_STATS_SAMTOOLS:SAMTOOLS_STATS,1702993995000,1702994046000,2,136.0,,1073741824.0,,,0.027569329249999993,0.027569329249999993,0.0,289.4,
461,NFCORE_CHIPSEQ:CHIPSEQ:ALIGN_BWA_MEM:BAM_SORT_SAMTOOLS:SAMTOOLS_INDEX,1702994035000,1702994050000,2,153.9,,1073741824.0,,,0.009113650651041666,0.009113650651041666,0.0,289.4,
460,NFCORE_CHIPSEQ:CHIPSEQ:ALIGN_BWA_MEM:BAM_SORT_SAMTOOLS:SAMTOOLS_INDEX,1702994035000,1702994052000,2,121.3,,1073741824.0,,,0.008254373817708332,0.008254373817708332,0.0,289.4,
466,NFCORE_CHIPSEQ:CHIPSEQ:ALIGN_BWA_MEM:BAM_SORT_SAMTOOLS:BAM_STATS_SAMTOOLS:SAMTOOLS_IDXSTATS,1702994052000,1702994056000,2,102.4,,1073741824.0,,,0.0016592266666666665,0.0016592266666666665,0.0,289.4,
334,NFCORE_CHIPSEQ:CHIPSEQ:ALIGN_BWA_MEM:BAM_SORT_SAMTOOLS:SAMTOOLS_SORT,1702994010000,1702994064000,6,345.2,,6374293504.0,,,0.07987653658593749,0.07987653658593749,0.0,289.4,
335,NFCORE_CHIPSEQ:CHIPSEQ:ALIGN_BWA_MEM:BAM_SORT_SAMTOOLS:SAMTOOLS_SORT,1702994010000,1702994064000,6,346.7,,6374293504.0,,,0.08017972830468749,0.08017972830468749,0.0,289.4,
336,NFCORE_CHIPSEQ:CHIPSEQ:ALIGN_BWA_MEM:BAM_SORT_SAMTOOLS:SAMTOOLS_SORT,1702994009000,1702994061000,6,349.6,,6374293504.0,,,0.07777456936979166,0.07777456936979166,0.0,289.4,
465,NFCORE_CHIPSEQ:CHIPSEQ:ALIGN_BWA_MEM:BAM_SORT_SAMTOOLS:BAM_STATS_SAMTOOLS:SAMTOOLS_FLAGSTAT,1702994049000,1702994064000,2,137.8,,1073741824.0,,,0.00820969015625,0.00820969015625,0.0,289.4,
327,NFCORE_CHIPSEQ:CHIPSEQ:ALIGN_BWA_MEM:BAM_SORT_SAMTOOLS:SAMTOOLS_SORT,1702994009000,1702994064000,6,340.8,,6374293504.0,,,0.0804498996592882,0.0804498996592882,0.0,289.4,
474,NFCORE_CHIPSEQ:CHIPSEQ:ALIGN_BWA_MEM:BAM_SORT_SAMTOOLS:SAMTOOLS_INDEX,1702994067000,1702994091000,2,108.1,,1073741824.0,,,0.010467417124999998,0.010467417124999998,0.0,289.4,
314,NFCORE_CHIPSEQ:CHIPSEQ:ALIGN_BWA_MEM:BWA_MEM,1702993659000,1702994091000,10,1000.3,,34359738368.0,,,2.0531356387499997,2.0531356387499997,0.0,289.4,
316,NFCORE_CHIPSEQ:CHIPSEQ:ALIGN_BWA_MEM:BWA_MEM,1702993649000,1702994091000,10,1001.2,,34359738368.0,,,2.102150934902778,2.102150934902778,0.0,289.4,
318,NFCORE_CHIPSEQ:CHIPSEQ:ALIGN_BWA_MEM:BWA_MEM,1702993584000,1702994091000,10,1002.0,,34359738368.0,,,2.4128089827291666,2.4128089827291666,0.0,289.4,
434,NFCORE_CHIPSEQ:CHIPSEQ:ALIGN_BWA_MEM:BAM_SORT_SAMTOOLS:BAM_STATS_SAMTOOLS:SAMTOOLS_IDXSTATS,1702994095000,1702994097000,2,34.3,,1073741824.0,,,0.0003198020729166666,0.0003198020729166666,0.0,289.4,
438,NFCORE_CHIPSEQ:CHIPSEQ:ALIGN_BWA_MEM:BAM_SORT_SAMTOOLS:BAM_STATS_SAMTOOLS:SAMTOOLS_IDXSTATS,1702994096000,1702994097000,2,79.5,,1073741824.0,,,0.00032908950173611107,0.00032908950173611107,0.0,289.4,
436,NFCORE_CHIPSEQ:CHIPSEQ:ALIGN_BWA_MEM:BAM_SORT_SAMTOOLS:BAM_STATS_SAMTOOLS:SAMTOOLS_STATS,1702994060000,1702994111000,2,135.0,,1073741824.0,,,0.027378430760416662,0.027378430760416662,0.0,289.4,
467,NFCORE_CHIPSEQ:CHIPSEQ:ALIGN_BWA_MEM:BAM_SORT_SAMTOOLS:BAM_STATS_SAMTOOLS:SAMTOOLS_STATS,1702994054000,1702994109000,2,135.5,,1073741824.0,,,0.02962869412326389,0.02962869412326389,0.0,289.4,
476,NFCORE_CHIPSEQ:CHIPSEQ:ALIGN_BWA_MEM:BAM_SORT_SAMTOOLS:SAMTOOLS_INDEX,1702994094000,1702994111000,2,149.2,,1073741824.0,,,0.010029729770833332,0.010029729770833332,0.0,289.4,
337,NFCORE_CHIPSEQ:CHIPSEQ:ALIGN_BWA_MEM:BAM_SORT_SAMTOOLS:SAMTOOLS_SORT,1702994064000,1702994112000,6,356.9,,6374293504.0,,,0.07310349510416665,0.07310349510416665,0.0,289.4,
435,NFCORE_CHIPSEQ:CHIPSEQ:ALIGN_BWA_MEM:BAM_SORT_SAMTOOLS:BAM_STATS_SAMTOOLS:SAMTOOLS_FLAGSTAT,1702994101000,1702994120000,2,148.5,,1073741824.0,,,0.011159914647569442,0.011159914647569442,0.0,289.4,
451,NFCORE_CHIPSEQ:CHIPSEQ:ALIGN_BWA_MEM:BAM_SORT_SAMTOOLS:BAM_STATS_SAMTOOLS:SAMTOOLS_IDXSTATS,1702994115000,1702994120000,2,122.1,,1073741824.0,,,0.002442729435763889,0.002442729435763889,0.0,289.4,
450,NFCORE_CHIPSEQ:CHIPSEQ:ALIGN_BWA_MEM:BAM_SORT_SAMTOOLS:BAM_STATS_SAMTOOLS:SAMTOOLS_FLAGSTAT,1702994100000,1702994120000,2,148.2,,1073741824.0,,,0.011724819930555554,0.011724819930555554,0.0,289.4,
338,NFCORE_CHIPSEQ:CHIPSEQ:ALIGN_BWA_MEM:BAM_SORT_SAMTOOLS:SAMTOOLS_SORT,1702994068000,1702994120000,6,335.8,,6374293504.0,,,0.075088515328125,0.075088515328125,0.0,289.4,
339,NFCORE_CHIPSEQ:CHIPSEQ:ALIGN_BWA_MEM:BAM_SORT_SAMTOOLS:SAMTOOLS_SORT,1702994068000,1702994121000,6,328.1,,6374293504.0,,,0.07500496301085069,0.07500496301085069,0.0,289.4,
340,NFCORE_CHIPSEQ:CHIPSEQ:ALIGN_BWA_MEM:BAM_SORT_SAMTOOLS:SAMTOOLS_SORT,1702994068000,1702994121000,6,321.2,,6374293504.0,,,0.07363610854730902,0.07363610854730902,0.0,289.4,
475,NFCORE_CHIPSEQ:CHIPSEQ:ALIGN_BWA_MEM:BAM_SORT_SAMTOOLS:SAMTOOLS_INDEX,1702994112000,1702994123000,2,163.4,,1073741824.0,,,0.007074498559027778,0.007074498559027778,0.0,289.4,
477,NFCORE_CHIPSEQ:CHIPSEQ:ALIGN_BWA_MEM:BAM_SORT_SAMTOOLS:SAMTOOLS_INDEX,1702994116000,1702994132000,2,145.9,,1073741824.0,,,0.009242109583333333,0.009242109583333333,0.0,289.4,
433,NFCORE_CHIPSEQ:CHIPSEQ:ALIGN_BWA_MEM:BAM_SORT_SAMTOOLS:BAM_STATS_SAMTOOLS:SAMTOOLS_STATS,1702994095000,1702994146000,2,136.0,,1073741824.0,,,0.027569329249999993,0.027569329249999993,0.0,289.4,
470,NFCORE_CHIPSEQ:CHIPSEQ:ALIGN_BWA_MEM:BAM_SORT_SAMTOOLS:BAM_STATS_SAMTOOLS:SAMTOOLS_FLAGSTAT,1702994125000,1702994146000,2,145.5,,1073741824.0,,,0.012098826723958333,0.012098826723958333,0.0,289.4,
487,NFCORE_CHIPSEQ:CHIPSEQ:ALIGN_BWA_MEM:BAM_SORT_SAMTOOLS:SAMTOOLS_INDEX,1702994124000,1702994147000,2,117.1,,1073741824.0,,,0.010806098026041665,0.010806098026041665,0.0,289.4,
488,NFCORE_CHIPSEQ:CHIPSEQ:ALIGN_BWA_MEM:BAM_SORT_SAMTOOLS:SAMTOOLS_INDEX,1702994135000,1702994147000,2,142.1,,1073741824.0,,,0.006760896479166666,0.006760896479166666,0.0,289.4,
489,NFCORE_CHIPSEQ:CHIPSEQ:ALIGN_BWA_MEM:BAM_SORT_SAMTOOLS:SAMTOOLS_INDEX,1702994128000,1702994147000,2,111.5,,1073741824.0,,,0.008528509977430553,0.008528509977430553,0.0,289.4,
468,NFCORE_CHIPSEQ:CHIPSEQ:ALIGN_BWA_MEM:BAM_SORT_SAMTOOLS:BAM_STATS_SAMTOOLS:SAMTOOLS_IDXSTATS,1702994150000,1702994151000,2,65.0,,1073741824.0,,,0.0002748144409722222,0.0002748144409722222,0.0,289.4,
480,NFCORE_CHIPSEQ:CHIPSEQ:ALIGN_BWA_MEM:BAM_SORT_SAMTOOLS:BAM_STATS_SAMTOOLS:SAMTOOLS_IDXSTATS,1702994150000,1702994151000,2,132.2,,1073741824.0,,,0.0005263512743055555,0.0005263512743055555,0.0,289.4,
341,NFCORE_CHIPSEQ:CHIPSEQ:ALIGN_BWA_MEM:BAM_SORT_SAMTOOLS:SAMTOOLS_SORT,1702994094000,1702994151000,6,304.1,,6374293504.0,,,0.07554514368619793,0.07554514368619793,0.0,289.4,
342,NFCORE_CHIPSEQ:CHIPSEQ:ALIGN_BWA_MEM:BAM_SORT_SAMTOOLS:SAMTOOLS_SORT,1702994094000,1702994151000,6,299.8,,6374293504.0,,,0.07462770800390625,0.07462770800390625,0.0,289.4,
343,NFCORE_CHIPSEQ:CHIPSEQ:ALIGN_BWA_MEM:BAM_SORT_SAMTOOLS:SAMTOOLS_SORT,1702994097000,1702994153000,6,310.4,,6374293504.0,,,0.07554035866319443,0.07554035866319443,0.0,289.4,
345,NFCORE_CHIPSEQ:CHIPSEQ:ALIGN_BWA_MEM:BAM_SORT_SAMTOOLS:SAMTOOLS_SORT,1702994096000,1702994151000,6,315.1,,6374293504.0,,,0.07515901701171875,0.07515901701171875,0.0,289.4,
478,NFCORE_CHIPSEQ:CHIPSEQ:ALIGN_BWA_MEM:BAM_SORT_SAMTOOLS:BAM_STATS_SAMTOOLS:SAMTOOLS_FLAGSTAT,1702994154000,1702994166000,2,144.8,,1073741824.0,,,0.006882173166666667,0.006882173166666667,0.0,289.4,
490,NFCORE_CHIPSEQ:CHIPSEQ:ALIGN_BWA_MEM:BAM_SORT_SAMTOOLS:SAMTOOLS_INDEX,1702994150000,1702994166000,2,155.1,,1073741824.0,,,0.009793095027777777,0.009793095027777777,0.0,289.4,
344,NFCORE_CHIPSEQ:CHIPSEQ:ALIGN_BWA_MEM:BAM_SORT_SAMTOOLS:SAMTOOLS_SORT,1702994116000,1702994166000,6,356.0,,6374293504.0,,,0.07598103422309027,0.07598103422309027,0.0,289.4,
453,NFCORE_CHIPSEQ:CHIPSEQ:ALIGN_BWA_MEM:BAM_SORT_SAMTOOLS:BAM_STATS_SAMTOOLS:SAMTOOLS_IDXSTATS,1702994169000,1702994172000,2,74.4,,1073741824.0,,,0.0009299989583333335,0.0009299989583333335,0.0,289.4,
349,NFCORE_CHIPSEQ:CHIPSEQ:ALIGN_BWA_MEM:BAM_SORT_SAMTOOLS:SAMTOOLS_SORT,1702994124000,1702994177000,6,332.4,,6374293504.0,,,0.07585801724175346,0.07585801724175346,0.0,289.4,
449,NFCORE_CHIPSEQ:CHIPSEQ:ALIGN_BWA_MEM:BAM_SORT_SAMTOOLS:BAM_STATS_SAMTOOLS:SAMTOOLS_STATS,1702994125000,1702994182000,2,135.4,,1073741824.0,,,0.030684765468750003,0.030684765468750003,0.0,289.4,
506,NFCORE_CHIPSEQ:CHIPSEQ:ALIGN_BWA_MEM:BAM_SORT_SAMTOOLS:SAMTOOLS_INDEX,1702994169000,1702994181000,2,162.2,,1073741824.0,,,0.007663734041666666,0.007663734041666666,0.0,289.4,
346,NFCORE_CHIPSEQ:CHIPSEQ:ALIGN_BWA_MEM:BAM_SORT_SAMTOOLS:SAMTOOLS_SORT,1702994124000,1702994181000,6,315.2,,6374293504.0,,,0.07791340788932291,0.07791340788932291,0.0,289.4,
347,NFCORE_CHIPSEQ:CHIPSEQ:ALIGN_BWA_MEM:BAM_SORT_SAMTOOLS:SAMTOOLS_SORT,1702994124000,1702994181000,6,317.6,,6374293504.0,,,0.07842546501432292,0.07842546501432292,0.0,289.4,
452,NFCORE_CHIPSEQ:CHIPSEQ:ALIGN_BWA_MEM:BAM_SORT_SAMTOOLS:BAM_STATS_SAMTOOLS:SAMTOOLS_STATS,1702994155000,1702994206000,2,135.7,,1073741824.0,,,0.02751205970312499,0.02751205970312499,0.0,289.4,
479,NFCORE_CHIPSEQ:CHIPSEQ:ALIGN_BWA_MEM:BAM_SORT_SAMTOOLS:BAM_STATS_SAMTOOLS:SAMTOOLS_STATS,1702994150000,1702994206000,2,135.7,,1073741824.0,,,0.030209320458333327,0.030209320458333327,0.0,289.4,
509,NFCORE_CHIPSEQ:CHIPSEQ:ALIGN_BWA_MEM:BAM_SORT_SAMTOOLS:SAMTOOLS_INDEX,1702994186000,1702994206000,2,152.6,,1073741824.0,,,0.012054213402777778,0.012054213402777778,0.0,289.4,
348,NFCORE_CHIPSEQ:CHIPSEQ:ALIGN_BWA_MEM:BAM_SORT_SAMTOOLS:SAMTOOLS_SORT,1702994155000,1702994210000,6,302.3,,6374293504.0,,,0.07252386923394097,0.07252386923394097,0.0,289.4,
352,NFCORE_CHIPSEQ:CHIPSEQ:ALIGN_BWA_MEM:BAM_SORT_SAMTOOLS:SAMTOOLS_SORT,1702994154000,1702994210000,6,301.0,,6374293504.0,,,0.07356998680208332,0.07356998680208332,0.0,289.4,
353,NFCORE_CHIPSEQ:CHIPSEQ:ALIGN_BWA_MEM:BAM_SORT_SAMTOOLS:SAMTOOLS_SORT,1702994153000,1702994206000,6,325.1,,6374293504.0,,,0.07440980889626736,0.07440980889626736,0.0,289.4,
354,NFCORE_CHIPSEQ:CHIPSEQ:ALIGN_BWA_MEM:BAM_SORT_SAMTOOLS:SAMTOOLS_SORT,1702994158000,1702994210000,6,312.1,,6374293504.0,,,0.07047550947395834,0.07047550947395834,0.0,289.4,
469,NFCORE_CHIPSEQ:CHIPSEQ:ALIGN_BWA_MEM:BAM_SORT_SAMTOOLS:BAM_STATS_SAMTOOLS:SAMTOOLS_STATS,1702994150000,1702994209000,2,135.0,,1073741824.0,,,0.031673086565972224,0.031673086565972224,0.0,289.4,
508,NFCORE_CHIPSEQ:CHIPSEQ:ALIGN_BWA_MEM:BAM_SORT_SAMTOOLS:SAMTOOLS_INDEX,1702994185000,1702994209000,2,167.2,,1073741824.0,,,0.015776640999999998,0.015776640999999998,0.0,289.4,
513,NFCORE_CHIPSEQ:CHIPSEQ:ALIGN_BWA_MEM:BAM_SORT_SAMTOOLS:SAMTOOLS_INDEX,1702994175000,1702994209000,2,126.6,,1073741824.0,,,0.017183255631944443,0.017183255631944443,0.0,289.4,
361,NFCORE_CHIPSEQ:CHIPSEQ:ALIGN_BWA_MEM:BAM_SORT_SAMTOOLS:SAMTOOLS_SORT,1702994170000,1702994218000,6,353.9,,6374293504.0,,,0.07256448760416666,0.07256448760416666,0.0,289.4,
472,NFCORE_CHIPSEQ:CHIPSEQ:ALIGN_BWA_MEM:BAM_SORT_SAMTOOLS:BAM_STATS_SAMTOOLS:SAMTOOLS_IDXSTATS,1702994213000,1702994218000,2,71.1,,1073741824.0,,,0.0014882369878472222,0.0014882369878472222,0.0,289.4,
519,NFCORE_CHIPSEQ:CHIPSEQ:ALIGN_BWA_MEM:BAM_SORT_SAMTOOLS:SAMTOOLS_INDEX,1702994213000,1702994227000,2,160.9,,1073741824.0,,,0.008872898489583333,0.008872898489583333,0.0,289.4,
507,NFCORE_CHIPSEQ:CHIPSEQ:ALIGN_BWA_MEM:BAM_SORT_SAMTOOLS:SAMTOOLS_INDEX,1702994210000,1702994237000,2,165.7,,1073741824.0,,,0.017597125265624996,0.017597125265624996,0.0,289.4,
514,NFCORE_CHIPSEQ:CHIPSEQ:ALIGN_BWA_MEM:BAM_SORT_SAMTOOLS:SAMTOOLS_INDEX,1702994209000,1702994237000,2,161.6,,1073741824.0,,,0.017819161888888886,0.017819161888888886,0.0,289.4,
518,NFCORE_CHIPSEQ:CHIPSEQ:ALIGN_BWA_MEM:BAM_SORT_SAMTOOLS:SAMTOOLS_INDEX,1702994213000,1702994235000,2,112.2,,1073741824.0,,,0.00993276067361111,0.00993276067361111,0.0,289.4,
523,NFCORE_CHIPSEQ:CHIPSEQ:ALIGN_BWA_MEM:BAM_SORT_SAMTOOLS:SAMTOOLS_INDEX,1702994222000,1702994236000,2,160.2,,1073741824.0,,,0.00883621603472222,0.00883621603472222,0.0,289.4,
350,NFCORE_CHIPSEQ:CHIPSEQ:ALIGN_BWA_MEM:BAM_SORT_SAMTOOLS:SAMTOOLS_SORT,1702994185000,1702994238000,6,305.2,,6374293504.0,,,0.07046195326953124,0.07046195326953124,0.0,289.4,
351,NFCORE_CHIPSEQ:CHIPSEQ:ALIGN_BWA_MEM:BAM_SORT_SAMTOOLS:SAMTOOLS_SORT,1702994182000,1702994235000,6,345.4,,6374293504.0,,,0.0784370184049479,0.0784370184049479,0.0,289.4,
355,NFCORE_CHIPSEQ:CHIPSEQ:ALIGN_BWA_MEM:BAM_SORT_SAMTOOLS:SAMTOOLS_SORT,1702994185000,1702994237000,6,308.1,,6374293504.0,,,0.06969694308506943,0.06969694308506943,0.0,289.4,
454,NFCORE_CHIPSEQ:CHIPSEQ:ALIGN_BWA_MEM:BAM_SORT_SAMTOOLS:BAM_STATS_SAMTOOLS:SAMTOOLS_FLAGSTAT,1702994210000,1702994237000,2,152.6,,1073741824.0,,,0.01627318809375,0.01627318809375,0.0,289.4,
471,NFCORE_CHIPSEQ:CHIPSEQ:ALIGN_BWA_MEM:BAM_SORT_SAMTOOLS:BAM_STATS_SAMTOOLS:SAMTOOLS_FLAGSTAT,1702994238000,1702994251000,2,154.1,,1073741824.0,,,0.007908229310763888,0.007908229310763888,0.0,289.4,
533,NFCORE_CHIPSEQ:CHIPSEQ:ALIGN_BWA_MEM:BAM_SORT_SAMTOOLS:SAMTOOLS_INDEX,1702994230000,1702994251000,2,114.8,,1073741824.0,,,0.009685645229166666,0.009685645229166666,0.0,289.4,
524,NFCORE_CHIPSEQ:CHIPSEQ:ALIGN_BWA_MEM:BAM_SORT_SAMTOOLS:SAMTOOLS_INDEX,1702994240000,1702994257000,2,121.0,,1073741824.0,,,0.00823528396875,0.00823528396875,0.0,289.4,
525,NFCORE_CHIPSEQ:CHIPSEQ:ALIGN_BWA_MEM:BAM_SORT_SAMTOOLS:SAMTOOLS_INDEX,1702994241000,1702994257000,2,147.0,,1073741824.0,,,0.009307988277777776,0.009307988277777776,0.0,289.4,
526,NFCORE_CHIPSEQ:CHIPSEQ:ALIGN_BWA_MEM:BAM_SORT_SAMTOOLS:SAMTOOLS_INDEX,1702994241000,1702994257000,2,152.6,,1073741824.0,,,0.009643370722222221,0.009643370722222221,0.0,289.4,
357,NFCORE_CHIPSEQ:CHIPSEQ:ALIGN_BWA_MEM:BAM_SORT_SAMTOOLS:SAMTOOLS_SORT,1702994210000,1702994257000,6,323.0,,6374293504.0,,,0.06561661222178819,0.06561661222178819,0.0,289.4,
358,NFCORE_CHIPSEQ:CHIPSEQ:ALIGN_BWA_MEM:BAM_SORT_SAMTOOLS:SAMTOOLS_SORT,1702994213000,1702994265000,6,312.5,,6374293504.0,,,0.07055336611284721,0.07055336611284721,0.0,289.4,
359,NFCORE_CHIPSEQ:CHIPSEQ:ALIGN_BWA_MEM:BAM_SORT_SAMTOOLS:SAMTOOLS_SORT,1702994213000,1702994262000,6,325.6,,6374293504.0,,,0.06888568039973958,0.06888568039973958,0.0,289.4,
360,NFCORE_CHIPSEQ:CHIPSEQ:ALIGN_BWA_MEM:BAM_SORT_SAMTOOLS:SAMTOOLS_SORT,1702994213000,1702994265000,6,310.3,,6374293504.0,,,0.07012515459895832,0.07012515459895832,0.0,289.4,
455,NFCORE_CHIPSEQ:CHIPSEQ:ALIGN_BWA_MEM:BAM_SORT_SAMTOOLS:BAM_STATS_SAMTOOLS:SAMTOOLS_IDXSTATS,1702994260000,1702994262000,2,89.5,,1073741824.0,,,0.0007330411562499998,0.0007330411562499998,0.0,289.4,
551,NFCORE_CHIPSEQ:CHIPSEQ:ALIGN_BWA_MEM:BAM_SORT_SAMTOOLS:SAMTOOLS_INDEX,1702994259000,1702994272000,2,154.7,,1073741824.0,,,0.007937425550347222,0.007937425550347222,0.0,289.4,
364,NFCORE_CHIPSEQ:CHIPSEQ:ALIGN_BWA_MEM:BAM_SORT_SAMTOOLS:SAMTOOLS_SORT,1702994222000,1702994272000,6,358.9,,6374293504.0,,,0.07652378483072915,0.07652378483072915,0.0,289.4,
550,NFCORE_CHIPSEQ:CHIPSEQ:ALIGN_BWA_MEM:BAM_SORT_SAMTOOLS:SAMTOOLS_INDEX,1702994259000,1702994282000,2,101.6,,1073741824.0,,,0.009471680152777778,0.009471680152777778,0.0,289.4,
356,NFCORE_CHIPSEQ:CHIPSEQ:ALIGN_BWA_MEM:BAM_SORT_SAMTOOLS:SAMTOOLS_SORT,1702994238000,1702994289000,6,357.3,,6374293504.0,,,0.07774882294401042,0.07774882294401042,0.0,289.4,
473,NFCORE_CHIPSEQ:CHIPSEQ:ALIGN_BWA_MEM:BAM_SORT_SAMTOOLS:BAM_STATS_SAMTOOLS:SAMTOOLS_STATS,1702994239000,1702994291000,2,133.0,,1073741824.0,,,0.02752597954166666,0.02752597954166666,0.0,289.4,
549,NFCORE_CHIPSEQ:CHIPSEQ:ALIGN_BWA_MEM:BAM_SORT_SAMTOOLS:SAMTOOLS_INDEX,1702994276000,1702994291000,2,161.0,,1073741824.0,,,0.009512291614583331,0.009512291614583331,0.0,289.4,
564,NFCORE_CHIPSEQ:CHIPSEQ:ALIGN_BWA_MEM:BAM_SORT_SAMTOOLS:SAMTOOLS_INDEX,1702994265000,1702994294000,2,127.5,,1073741824.0,,,0.014754001383680555,0.014754001383680555,0.0,289.4,
362,NFCORE_CHIPSEQ:CHIPSEQ:ALIGN_BWA_MEM:BAM_SORT_SAMTOOLS:SAMTOOLS_SORT,1702994240000,1702994291000,6,329.4,,6374293504.0,,,0.07242275508463542,0.07242275508463542,0.0,289.4,
366,NFCORE_CHIPSEQ:CHIPSEQ:ALIGN_BWA_MEM:BAM_SORT_SAMTOOLS:SAMTOOLS_SORT,1702994241000,1702994291000,6,341.1,,6374293504.0,,,0.07319241903211807,0.07319241903211807,0.0,289.4,
456,NFCORE_CHIPSEQ:CHIPSEQ:ALIGN_BWA_MEM:BAM_SORT_SAMTOOLS:BAM_STATS_SAMTOOLS:SAMTOOLS_FLAGSTAT,1702994261000,1702994294000,2,157.3,,1073741824.0,,,0.020470008109375,0.020470008109375,0.0,289.4,
571,NFCORE_CHIPSEQ:CHIPSEQ:ALIGN_BWA_MEM:BAM_SORT_SAMTOOLS:SAMTOOLS_INDEX,1702994285000,1702994296000,2,163.7,,1073741824.0,,,0.007086850814236111,0.007086850814236111,0.0,289.4,
484,NFCORE_CHIPSEQ:CHIPSEQ:ALIGN_BWA_MEM:BAM_SORT_SAMTOOLS:BAM_STATS_SAMTOOLS:SAMTOOLS_IDXSTATS,1702994298000,1702994303000,2,31.8,,1073741824.0,,,0.0007527163368055555,0.0007527163368055555,0.0,289.4,
367,NFCORE_CHIPSEQ:CHIPSEQ:ALIGN_BWA_MEM:BAM_SORT_SAMTOOLS:SAMTOOLS_SORT,1702994261000,1702994308000,6,319.3,,6374293504.0,,,0.06496568580338542,0.06496568580338542,0.0,289.4,
457,NFCORE_CHIPSEQ:CHIPSEQ:ALIGN_BWA_MEM:BAM_SORT_SAMTOOLS:BAM_STATS_SAMTOOLS:SAMTOOLS_STATS,1702994260000,1702994307000,2,137.4,,1073741824.0,,,0.02565332539930556,0.02565332539930556,0.0,289.4,
566,NFCORE_CHIPSEQ:CHIPSEQ:ALIGN_BWA_MEM:BAM_SORT_SAMTOOLS:SAMTOOLS_INDEX,1702994298000,1702994310000,2,156.4,,1073741824.0,,,0.00740321375,0.00740321375,0.0,289.4,
363,NFCORE_CHIPSEQ:CHIPSEQ:ALIGN_BWA_MEM:BAM_SORT_SAMTOOLS:SAMTOOLS_SORT,1702994265000,1702994311000,6,324.1,,6374293504.0,,,0.0644099153359375,0.0644099153359375,0.0,289.4,
565,NFCORE_CHIPSEQ:CHIPSEQ:ALIGN_BWA_MEM:BAM_SORT_SAMTOOLS:SAMTOOLS_INDEX,1702994295000,1702994317000,2,145.8,,1073741824.0,,,0.012699665840277779,0.012699665840277779,0.0,289.4,
567,NFCORE_CHIPSEQ:CHIPSEQ:ALIGN_BWA_MEM:BAM_SORT_SAMTOOLS:SAMTOOLS_INDEX,1702994295000,1702994316000,2,150.7,,1073741824.0,,,0.012507574078125,0.012507574078125,0.0,289.4,
575,NFCORE_CHIPSEQ:CHIPSEQ:ALIGN_BWA_MEM:BAM_SORT_SAMTOOLS:SAMTOOLS_INDEX,1702994307000,1702994318000,2,168.4,,1073741824.0,,,0.0072803694791666665,0.0072803694791666665,0.0,289.4,
583,NFCORE_CHIPSEQ:CHIPSEQ:ALIGN_BWA_MEM:BAM_SORT_SAMTOOLS:SAMTOOLS_INDEX,1702994299000,1702994321000,2,81.7,,1073741824.0,,,0.007421135447916667,0.007421135447916667,0.0,289.4,
365,NFCORE_CHIPSEQ:CHIPSEQ:ALIGN_BWA_MEM:BAM_SORT_SAMTOOLS:SAMTOOLS_SORT,1702994269000,1702994324000,6,307.9,,6374293504.0,,,0.07367674638671874,0.07367674638671874,0.0,289.4,
368,NFCORE_CHIPSEQ:CHIPSEQ:ALIGN_BWA_MEM:BAM_SORT_SAMTOOLS:SAMTOOLS_SORT,1702994269000,1702994324000,6,310.8,,6374293504.0,,,0.07427377205512153,0.07427377205512153,0.0,289.4,
370,NFCORE_CHIPSEQ:CHIPSEQ:ALIGN_BWA_MEM:BAM_SORT_SAMTOOLS:SAMTOOLS_SORT,1702994276000,1702994321000,6,337.2,,6374293504.0,,,0.06521626173828125,0.06521626173828125,0.0,289.4,
485,NFCORE_CHIPSEQ:CHIPSEQ:ALIGN_BWA_MEM:BAM_SORT_SAMTOOLS:BAM_STATS_SAMTOOLS:SAMTOOLS_FLAGSTAT,1702994310000,1702994324000,2,153.0,,1073741824.0,,,0.008458910784722221,0.008458910784722221,0.0,289.4,
464,NFCORE_CHIPSEQ:CHIPSEQ:ALIGN_BWA_MEM:BAM_SORT_SAMTOOLS:BAM_STATS_SAMTOOLS:SAMTOOLS_IDXSTATS,1702994325000,1702994329000,2,54.0,,1073741824.0,,,0.0009345610277777777,0.0009345610277777777,0.0,289.4,
582,NFCORE_CHIPSEQ:CHIPSEQ:ALIGN_BWA_MEM:BAM_SORT_SAMTOOLS:SAMTOOLS_INDEX,1702994320000,1702994332000,2,157.4,,1073741824.0,,,0.007448131041666667,0.007448131041666667,0.0,289.4,
587,NFCORE_CHIPSEQ:CHIPSEQ:ALIGN_BWA_MEM:BAM_SORT_SAMTOOLS:SAMTOOLS_INDEX,1702994313000,1702994331000,2,108.3,,1073741824.0,,,0.00786403803125,0.00786403803125,0.0,289.4,
591,NFCORE_CHIPSEQ:CHIPSEQ:ALIGN_BWA_MEM:BAM_SORT_SAMTOOLS:SAMTOOLS_INDEX,1702994323000,1702994335000,2,168.6,,1073741824.0,,,0.007951204708333333,0.007951204708333333,0.0,289.4,
604,NFCORE_CHIPSEQ:CHIPSEQ:ALIGN_BWA_MEM:BAM_SORT_SAMTOOLS:SAMTOOLS_INDEX,1702994334000,1702994348000,2,118.2,,1073741824.0,,,0.006635268743055555,0.006635268743055555,0.0,289.4,
605,NFCORE_CHIPSEQ:CHIPSEQ:ALIGN_BWA_MEM:BAM_SORT_SAMTOOLS:SAMTOOLS_INDEX,1702994330000,1702994348000,2,138.7,,1073741824.0,,,0.009912266531249998,0.009912266531249998,0.0,289.4,
606,NFCORE_CHIPSEQ:CHIPSEQ:ALIGN_BWA_MEM:BAM_SORT_SAMTOOLS:SAMTOOLS_INDEX,1702994332000,1702994348000,2,104.9,,1073741824.0,,,0.006786630972222222,0.006786630972222222,0.0,289.4,
369,NFCORE_CHIPSEQ:CHIPSEQ:ALIGN_BWA_MEM:BAM_SORT_SAMTOOLS:SAMTOOLS_SORT,1702994295000,1702994346000,6,317.8,,6374293504.0,,,0.07020833260546873,0.07020833260546873,0.0,289.4,
371,NFCORE_CHIPSEQ:CHIPSEQ:ALIGN_BWA_MEM:BAM_SORT_SAMTOOLS:SAMTOOLS_SORT,1702994292000,1702994346000,6,300.9,,6374293504.0,,,0.07092227449218748,0.07092227449218748,0.0,289.4,
373,NFCORE_CHIPSEQ:CHIPSEQ:ALIGN_BWA_MEM:BAM_SORT_SAMTOOLS:SAMTOOLS_SORT,1702994311000,1702994349000,6,371.4,,6374293504.0,,,0.05993605259982639,0.05993605259982639,0.0,289.4,
375,NFCORE_CHIPSEQ:CHIPSEQ:ALIGN_BWA_MEM:BAM_SORT_SAMTOOLS:SAMTOOLS_SORT,1702994295000,1702994346000,6,300.6,,6374293504.0,,,0.0669248785846354,0.0669248785846354,0.0,289.4,
463,NFCORE_CHIPSEQ:CHIPSEQ:ALIGN_BWA_MEM:BAM_SORT_SAMTOOLS:BAM_STATS_SAMTOOLS:SAMTOOLS_FLAGSTAT,1702994339000,1702994351000,2,148.4,,1073741824.0,,,0.007043875416666667,0.007043875416666667,0.0,289.4,
559,NFCORE_CHIPSEQ:CHIPSEQ:ALIGN_BWA_MEM:BAM_SORT_SAMTOOLS:BAM_STATS_SAMTOOLS:SAMTOOLS_IDXSTATS,1702994351000,1702994353000,2,129.3,,1073741824.0,,,0.0010309925243055557,0.0010309925243055557,0.0,289.4,
380,NFCORE_CHIPSEQ:CHIPSEQ:ALIGN_BWA_MEM:BAM_SORT_SAMTOOLS:SAMTOOLS_SORT,1702994314000,1702994366000,6,328.0,,6374293504.0,,,0.07357031086979166,0.07357031086979166,0.0,289.4,
558,NFCORE_CHIPSEQ:CHIPSEQ:ALIGN_BWA_MEM:BAM_SORT_SAMTOOLS:BAM_STATS_SAMTOOLS:SAMTOOLS_FLAGSTAT,1702994351000,1702994366000,2,143.8,,1073741824.0,,,0.00854656984375,0.00854656984375,0.0,289.4,
627,NFCORE_CHIPSEQ:CHIPSEQ:ALIGN_BWA_MEM:BAM_SORT_SAMTOOLS:SAMTOOLS_INDEX,1702994355000,1702994369000,2,116.5,,1073741824.0,,,0.00654618278125,0.00654618278125,0.0,289.4,
626,NFCORE_CHIPSEQ:CHIPSEQ:ALIGN_BWA_MEM:BAM_SORT_SAMTOOLS:SAMTOOLS_INDEX,1702994356000,1702994379000,2,109.7,,1073741824.0,,,0.010169021105902778,0.010169021105902778,0.0,289.4,
629,NFCORE_CHIPSEQ:CHIPSEQ:ALIGN_BWA_MEM:BAM_SORT_SAMTOOLS:SAMTOOLS_INDEX,1702994369000,1702994381000,2,142.6,,1073741824.0,,,0.0067833551249999995,0.0067833551249999995,0.0,289.4,
372,NFCORE_CHIPSEQ:CHIPSEQ:ALIGN_BWA_MEM:BAM_SORT_SAMTOOLS:SAMTOOLS_SORT,1702994331000,1702994379000,6,347.3,,6374293504.0,,,0.07137867110416665,0.07137867110416665,0.0,289.4,
376,NFCORE_CHIPSEQ:CHIPSEQ:ALIGN_BWA_MEM:BAM_SORT_SAMTOOLS:SAMTOOLS_SORT,1702994324000,1702994379000,6,301.5,,6374293504.0,,,0.07235917249782986,0.07235917249782986,0.0,289.4,
378,NFCORE_CHIPSEQ:CHIPSEQ:ALIGN_BWA_MEM:BAM_SORT_SAMTOOLS:SAMTOOLS_SORT,1702994330000,1702994379000,6,344.9,,6374293504.0,,,0.07242553729383679,0.07242553729383679,0.0,289.4,
462,NFCORE_CHIPSEQ:CHIPSEQ:ALIGN_BWA_MEM:BAM_SORT_SAMTOOLS:BAM_STATS_SAMTOOLS:SAMTOOLS_STATS,1702994337000,1702994385000,2,132.6,,1073741824.0,,,0.02533672883333333,0.02533672883333333,0.0,289.4,
486,NFCORE_CHIPSEQ:CHIPSEQ:ALIGN_BWA_MEM:BAM_SORT_SAMTOOLS:BAM_STATS_SAMTOOLS:SAMTOOLS_STATS,1702994320000,1702994379000,2,134.7,,1073741824.0,,,0.03160683356076388,0.03160683356076388,0.0,289.4,
381,NFCORE_CHIPSEQ:CHIPSEQ:ALIGN_BWA_MEM:BAM_SORT_SAMTOOLS:SAMTOOLS_SORT,1702994352000,1702994387000,6,399.2,,6374293504.0,,,0.058846302706163194,0.058846302706163194,0.0,289.4,
491,NFCORE_CHIPSEQ:CHIPSEQ:ALIGN_BWA_MEM:BAM_SORT_SAMTOOLS:BAM_STATS_SAMTOOLS:SAMTOOLS_IDXSTATS,1702994385000,1702994387000,2,74.4,,1073741824.0,,,0.0006199993055555556,0.0006199993055555556,0.0,289.4,
560,NFCORE_CHIPSEQ:CHIPSEQ:ALIGN_BWA_MEM:BAM_SORT_SAMTOOLS:BAM_STATS_SAMTOOLS:SAMTOOLS_STATS,1702994351000,1702994400000,2,135.7,,1073741824.0,,,0.027555081664583328,0.027555081664583328,0.0,295.16999999999996,
625,NFCORE_CHIPSEQ:CHIPSEQ:ALIGN_BWA_MEM:BAM_SORT_SAMTOOLS:SAMTOOLS_INDEX,1702994384000,1702994400000,2,145.2,,1073741824.0,,,0.010396068001388887,0.010396068001388887,0.0,295.16999999999996,
628,NFCORE_CHIPSEQ:CHIPSEQ:ALIGN_BWA_MEM:BAM_SORT_SAMTOOLS:SAMTOOLS_INDEX,1702994385000,1702994400000,2,129.0,,1073741824.0,,,0.008785368502777778,0.008785368502777778,0.0,295.16999999999996,
640,NFCORE_CHIPSEQ:CHIPSEQ:ALIGN_BWA_MEM:BAM_SORT_SAMTOOLS:SAMTOOLS_INDEX,1702994389000,1702994400000,2,105.8,,1073741824.0,,,0.0069257724531249995,0.0069257724531249995,0.0,295.16999999999996,
374,NFCORE_CHIPSEQ:CHIPSEQ:ALIGN_BWA_MEM:BAM_SORT_SAMTOOLS:SAMTOOLS_SORT,1702994350000,1702994400000,6,310.2,,6374293504.0,,,0.07021320993151041,0.07021320993151041,0.0,295.16999999999996,
377,NFCORE_CHIPSEQ:CHIPSEQ:ALIGN_BWA_MEM:BAM_SORT_SAMTOOLS:SAMTOOLS_SORT,1702994350000,1702994400000,6,301.4,,6374293504.0,,,0.06849773692317707,0.06849773692317707,0.0,295.16999999999996,
379,NFCORE_CHIPSEQ:CHIPSEQ:ALIGN_BWA_MEM:BAM_SORT_SAMTOOLS:SAMTOOLS_SORT,1702994350000,1702994400000,6,311.2,,6374293504.0,,,0.07040815004609374,0.07040815004609374,0.0,295.16999999999996,
641,NFCORE_CHIPSEQ:CHIPSEQ:ALIGN_BWA_MEM:BAM_SORT_SAMTOOLS:SAMTOOLS_INDEX,1702994390000,1702994400000,2,91.8,,1073741824.0,,,0.007262091510069443,0.007262091510069443,0.0,295.16999999999996,
384,NFCORE_CHIPSEQ:CHIPSEQ:ALIGN_BWA_MEM:BAM_SORT_SAMTOOLS:SAMTOOLS_SORT,1702994369000,1702994400000,6,343.0,,6374293504.0,,,0.05936631028398437,0.05936631028398437,0.0,295.16999999999996,
492,NFCORE_CHIPSEQ:CHIPSEQ:ALIGN_BWA_MEM:BAM_SORT_SAMTOOLS:BAM_STATS_SAMTOOLS:SAMTOOLS_STATS,1702994372000,1702994400000,2,136.4,,1073741824.0,,,0.024760717538194442,0.024760717538194442,0.0,295.16999999999996,
382,NFCORE_CHIPSEQ:CHIPSEQ:ALIGN_BWA_MEM:BAM_SORT_SAMTOOLS:SAMTOOLS_SORT,1702994382000,1702994400000,6,345.0,,6374293504.0,,,0.06965924957013887,0.06965924957013887,0.0,295.16999999999996,
383,NFCORE_CHIPSEQ:CHIPSEQ:ALIGN_BWA_MEM:BAM_SORT_SAMTOOLS:SAMTOOLS_SORT,1702994384000,1702994400000,6,334.9,,6374293504.0,,,0.06200053408203124,0.06200053408203124,0.0,295.16999999999996,
385,NFCORE_CHIPSEQ:CHIPSEQ:ALIGN_BWA_MEM:BAM_SORT_SAMTOOLS:SAMTOOLS_SORT,1702994382000,1702994400000,6,327.3,,6374293504.0,,,0.06653763872847222,0.06653763872847222,0.0,295.16999999999996,
388,NFCORE_CHIPSEQ:CHIPSEQ:ALIGN_BWA_MEM:BAM_SORT_SAMTOOLS:SAMTOOLS_SORT,1702994390000,1702994400000,6,340.4,,6374293504.0,,,0.06019714896050346,0.06019714896050346,0.0,295.16999999999996,
642,NFCORE_CHIPSEQ:CHIPSEQ:ALIGN_BWA_MEM:BAM_SORT_SAMTOOLS:SAMTOOLS_INDEX,1702994409000,1702994417000,2,169.7,,1073741824.0,,,0.005546428693055556,0.005546428693055556,0.0,300.94,
639,NFCORE_CHIPSEQ:CHIPSEQ:ALIGN_BWA_MEM:BAM_SORT_SAMTOOLS:SAMTOOLS_INDEX,1702994406000,1702994426000,2,166.1,,1073741824.0,,,0.013585821357638889,0.013585821357638889,0.0,300.94,
652,NFCORE_CHIPSEQ:CHIPSEQ:ALIGN_BWA_MEM:BAM_SORT_SAMTOOLS:SAMTOOLS_INDEX,1702994409000,1702994428000,2,87.5,,1073741824.0,,,0.007093670428298612,0.007093670428298612,0.0,300.94,
493,NFCORE_CHIPSEQ:CHIPSEQ:ALIGN_BWA_MEM:BAM_SORT_SAMTOOLS:BAM_STATS_SAMTOOLS:SAMTOOLS_FLAGSTAT,1702994405000,1702994426000,2,144.1,,1073741824.0,,,0.0124668391859375,0.0124668391859375,0.0,300.94,
495,NFCORE_CHIPSEQ:CHIPSEQ:ALIGN_BWA_MEM:BAM_SORT_SAMTOOLS:BAM_STATS_SAMTOOLS:SAMTOOLS_FLAGSTAT,1702994413000,1702994428000,2,147.2,,1073741824.0,,,0.009085880166666664,0.009085880166666664,0.0,300.94,
658,NFCORE_CHIPSEQ:CHIPSEQ:ALIGN_BWA_MEM:BAM_SORT_SAMTOOLS:SAMTOOLS_INDEX,1702994419000,1702994432000,2,122.2,,1073741824.0,,,0.0066094104239583324,0.0066094104239583324,0.0,300.94,
494,NFCORE_CHIPSEQ:CHIPSEQ:ALIGN_BWA_MEM:BAM_SORT_SAMTOOLS:BAM_STATS_SAMTOOLS:SAMTOOLS_IDXSTATS,1702994431000,1702994432000,2,117.6,,1073741824.0,,,0.0004905113013888889,0.0004905113013888889,0.0,300.94,
499,NFCORE_CHIPSEQ:CHIPSEQ:ALIGN_BWA_MEM:BAM_SORT_SAMTOOLS:BAM_STATS_SAMTOOLS:SAMTOOLS_IDXSTATS,1702994431000,1702994435000,2,39.0,,1073741824.0,,,0.0007382852347222222,0.0007382852347222222,0.0,300.94,
653,NFCORE_CHIPSEQ:CHIPSEQ:ALIGN_BWA_MEM:BAM_SORT_SAMTOOLS:SAMTOOLS_INDEX,1702994429000,1702994447000,2,154.7,,1073741824.0,,,0.011428525653125,0.011428525653125,0.0,300.94,
654,NFCORE_CHIPSEQ:CHIPSEQ:ALIGN_BWA_MEM:BAM_SORT_SAMTOOLS:SAMTOOLS_INDEX,1702994429000,1702994447000,2,115.3,,1073741824.0,,,0.008668059459375,0.008668059459375,0.0,300.94,
387,NFCORE_CHIPSEQ:CHIPSEQ:ALIGN_BWA_MEM:BAM_SORT_SAMTOOLS:SAMTOOLS_SORT,1702994406000,1702994450000,6,329.1,,6374293504.0,,,0.0649225202637153,0.0649225202637153,0.0,300.94,
389,NFCORE_CHIPSEQ:CHIPSEQ:ALIGN_BWA_MEM:BAM_SORT_SAMTOOLS:SAMTOOLS_SORT,1702994405000,1702994450000,6,315.6,,6374293504.0,,,0.06403341954882814,0.06403341954882814,0.0,300.94,
393,NFCORE_CHIPSEQ:CHIPSEQ:ALIGN_BWA_MEM:BAM_SORT_SAMTOOLS:SAMTOOLS_SORT,1702994405000,1702994447000,6,324.3,,6374293504.0,,,0.061186795565364584,0.061186795565364584,0.0,300.94,
668,NFCORE_CHIPSEQ:CHIPSEQ:ALIGN_BWA_MEM:BAM_SORT_SAMTOOLS:SAMTOOLS_INDEX,1702994435000,1702994456000,2,126.1,,1073741824.0,,,0.010995524717187498,0.010995524717187498,0.0,300.94,
669,NFCORE_CHIPSEQ:CHIPSEQ:ALIGN_BWA_MEM:BAM_SORT_SAMTOOLS:SAMTOOLS_INDEX,1702994441000,1702994461000,2,126.8,,1073741824.0,,,0.010526421430555556,0.010526421430555556,0.0,300.94,
670,NFCORE_CHIPSEQ:CHIPSEQ:ALIGN_BWA_MEM:BAM_SORT_SAMTOOLS:SAMTOOLS_INDEX,1702994435000,1702994456000,2,119.0,,1073741824.0,,,0.010415172898958333,0.010415172898958333,0.0,300.94,
386,NFCORE_CHIPSEQ:CHIPSEQ:ALIGN_BWA_MEM:BAM_SORT_SAMTOOLS:SAMTOOLS_SORT,1702994413000,1702994456000,6,342.1,,6374293504.0,,,0.06562284121210939,0.06562284121210939,0.0,300.94,
498,NFCORE_CHIPSEQ:CHIPSEQ:ALIGN_BWA_MEM:BAM_SORT_SAMTOOLS:BAM_STATS_SAMTOOLS:SAMTOOLS_FLAGSTAT,1702994449000,1702994462000,2,133.7,,1073741824.0,,,0.007191319188715277,0.007191319188715277,0.0,300.94,
504,NFCORE_CHIPSEQ:CHIPSEQ:ALIGN_BWA_MEM:BAM_SORT_SAMTOOLS:BAM_STATS_SAMTOOLS:SAMTOOLS_IDXSTATS,1702994459000,1702994462000,2,140.4,,1073741824.0,,,0.0017377717604166669,0.0017377717604166669,0.0,300.94,
390,NFCORE_CHIPSEQ:CHIPSEQ:ALIGN_BWA_MEM:BAM_SORT_SAMTOOLS:SAMTOOLS_SORT,1702994429000,1702994464000,6,379.1,,6374293504.0,,,0.05845455490516494,0.05845455490516494,0.0,300.94,
681,NFCORE_CHIPSEQ:CHIPSEQ:ALIGN_BWA_MEM:BAM_SORT_SAMTOOLS:SAMTOOLS_INDEX,1702994464000,1702994472000,2,163.5,,1073741824.0,,,0.005353367323611111,0.005353367323611111,0.0,300.94,
391,NFCORE_CHIPSEQ:CHIPSEQ:ALIGN_BWA_MEM:BAM_SORT_SAMTOOLS:SAMTOOLS_SORT,1702994431000,1702994472000,6,346.0,,6374293504.0,,,0.0631930054139323,0.0631930054139323,0.0,300.94,
394,NFCORE_CHIPSEQ:CHIPSEQ:ALIGN_BWA_MEM:BAM_SORT_SAMTOOLS:SAMTOOLS_SORT,1702994431000,1702994472000,6,343.4,,6374293504.0,,,0.06277807916427952,0.06277807916427952,0.0,300.94,
398,NFCORE_CHIPSEQ:CHIPSEQ:ALIGN_BWA_MEM:BAM_SORT_SAMTOOLS:SAMTOOLS_SORT,1702994434000,1702994472000,6,358.8,,6374293504.0,,,0.06046237394678819,0.06046237394678819,0.0,300.94,
496,NFCORE_CHIPSEQ:CHIPSEQ:ALIGN_BWA_MEM:BAM_SORT_SAMTOOLS:BAM_STATS_SAMTOOLS:SAMTOOLS_STATS,1702994421000,1702994468000,2,135.1,,1073741824.0,,,0.026255502463020837,0.026255502463020837,0.0,300.94,
674,NFCORE_CHIPSEQ:CHIPSEQ:ALIGN_BWA_MEM:BAM_SORT_SAMTOOLS:SAMTOOLS_INDEX,1702994460000,1702994472000,2,151.9,,1073741824.0,,,0.007488233593750001,0.007488233593750001,0.0,300.94,
693,NFCORE_CHIPSEQ:CHIPSEQ:ALIGN_BWA_MEM:BAM_SORT_SAMTOOLS:SAMTOOLS_INDEX,1702994466000,1702994475000,2,157.0,,1073741824.0,,,0.005794834809375001,0.005794834809375001,0.0,300.94,
497,NFCORE_CHIPSEQ:CHIPSEQ:ALIGN_BWA_MEM:BAM_SORT_SAMTOOLS:BAM_STATS_SAMTOOLS:SAMTOOLS_STATS,1702994449000,1702994492000,2,135.5,,1073741824.0,,,0.024087940315798615,0.024087940315798615,0.0,300.94,
682,NFCORE_CHIPSEQ:CHIPSEQ:ALIGN_BWA_MEM:BAM_SORT_SAMTOOLS:SAMTOOLS_INDEX,1702994465000,1702994492000,2,99.0,,1073741824.0,,,0.011289058771874999,0.011289058771874999,0.0,300.94,
694,NFCORE_CHIPSEQ:CHIPSEQ:ALIGN_BWA_MEM:BAM_SORT_SAMTOOLS:SAMTOOLS_INDEX,1702994475000,1702994492000,2,119.4,,1073741824.0,,,0.00845779853298611,0.00845779853298611,0.0,300.94,
392,NFCORE_CHIPSEQ:CHIPSEQ:ALIGN_BWA_MEM:BAM_SORT_SAMTOOLS:SAMTOOLS_SORT,1702994449000,1702994492000,6,372.1,,6374293504.0,,,0.07064399376419273,0.07064399376419273,0.0,300.94,
395,NFCORE_CHIPSEQ:CHIPSEQ:ALIGN_BWA_MEM:BAM_SORT_SAMTOOLS:SAMTOOLS_SORT,1702994454000,1702994496000,6,315.5,,6374293504.0,,,0.059748176973697914,0.059748176973697914,0.0,300.94,
401,NFCORE_CHIPSEQ:CHIPSEQ:ALIGN_BWA_MEM:BAM_SORT_SAMTOOLS:SAMTOOLS_SORT,1702994454000,1702994496000,6,324.9,,6374293504.0,,,0.06128488319661458,0.06128488319661458,0.0,300.94,
699,NFCORE_CHIPSEQ:CHIPSEQ:ALIGN_BWA_MEM:BAM_SORT_SAMTOOLS:SAMTOOLS_INDEX,1702994477000,1702994501000,2,129.5,,1073741824.0,,,0.012883931054166669,0.012883931054166669,0.0,300.94,
700,NFCORE_CHIPSEQ:CHIPSEQ:ALIGN_BWA_MEM:BAM_SORT_SAMTOOLS:SAMTOOLS_INDEX,1702994478000,1702994501000,2,125.9,,1073741824.0,,,0.012024812662326391,0.012024812662326391,0.0,300.94,
396,NFCORE_CHIPSEQ:CHIPSEQ:ALIGN_BWA_MEM:BAM_SORT_SAMTOOLS:SAMTOOLS_SORT,1702994460000,1702994501000,6,340.3,,6374293504.0,,,0.06228335940507813,0.06228335940507813,0.0,300.94,
683,NFCORE_CHIPSEQ:CHIPSEQ:ALIGN_BWA_MEM:BAM_SORT_SAMTOOLS:SAMTOOLS_INDEX,1702994496000,1702994512000,2,165.0,,1073741824.0,,,0.01080015143888889,0.01080015143888889,0.0,300.94,
698,NFCORE_CHIPSEQ:CHIPSEQ:ALIGN_BWA_MEM:BAM_SORT_SAMTOOLS:SAMTOOLS_INDEX,1702994495000,1702994512000,2,160.8,,1073741824.0,,,0.011197245948611111,0.011197245948611111,0.0,300.94,
722,NFCORE_CHIPSEQ:CHIPSEQ:ALIGN_BWA_MEM:BAM_SORT_SAMTOOLS:SAMTOOLS_INDEX,1702994505000,1702994518000,2,133.2,,1073741824.0,,,0.007166018807638889,0.007166018807638889,0.0,300.94,
397,NFCORE_CHIPSEQ:CHIPSEQ:ALIGN_BWA_MEM:BAM_SORT_SAMTOOLS:SAMTOOLS_SORT,1702994477000,1702994518000,6,320.6,,6374293504.0,,,0.05913949512886286,0.05913949512886286,0.0,300.94,
399,NFCORE_CHIPSEQ:CHIPSEQ:ALIGN_BWA_MEM:BAM_SORT_SAMTOOLS:SAMTOOLS_SORT,1702994477000,1702994518000,6,343.3,,6374293504.0,,,0.0627621204623698,0.0627621204623698,0.0,300.94,
402,NFCORE_CHIPSEQ:CHIPSEQ:ALIGN_BWA_MEM:BAM_SORT_SAMTOOLS:SAMTOOLS_SORT,1702994473000,1702994516000,6,299.6,,6374293504.0,,,0.05850954176332466,0.05850954176332466,0.0,300.94,
404,NFCORE_CHIPSEQ:CHIPSEQ:ALIGN_BWA_MEM:BAM_SORT_SAMTOOLS:SAMTOOLS_SORT,1702994477000,1702994518000,6,347.7,,6374293504.0,,,0.06346430334639758,0.06346430334639758,0.0,300.94,
503,NFCORE_CHIPSEQ:CHIPSEQ:ALIGN_BWA_MEM:BAM_SORT_SAMTOOLS:BAM_STATS_SAMTOOLS:SAMTOOLS_FLAGSTAT,1702994495000,1702994516000,2,136.8,,1073741824.0,,,0.01187013942916667,0.01187013942916667,0.0,300.94,
505,NFCORE_CHIPSEQ:CHIPSEQ:ALIGN_BWA_MEM:BAM_SORT_SAMTOOLS:BAM_STATS_SAMTOOLS:SAMTOOLS_STATS,1702994472000,1702994518000,2,136.0,,1073741824.0,,,0.025858018716666667,0.025858018716666667,0.0,300.94,
715,NFCORE_CHIPSEQ:CHIPSEQ:ALIGN_BWA_MEM:BAM_SORT_SAMTOOLS:SAMTOOLS_INDEX,1702994516000,1702994527000,2,162.1,,1073741824.0,,,0.007300937628645833,0.007300937628645833,0.0,300.94,
408,NFCORE_CHIPSEQ:CHIPSEQ:ALIGN_BWA_MEM:BAM_SORT_SAMTOOLS:SAMTOOLS_SORT,1702994495000,1702994528000,6,396.3,,6374293504.0,,,0.057323601747786466,0.057323601747786466,0.0,300.94,
515,NFCORE_CHIPSEQ:CHIPSEQ:ALIGN_BWA_MEM:BAM_SORT_SAMTOOLS:BAM_STATS_SAMTOOLS:SAMTOOLS_IDXSTATS,1702994522000,1702994525000,2,92.8,,1073741824.0,,,0.00118194185,0.00118194185,0.0,300.94,
713,NFCORE_CHIPSEQ:CHIPSEQ:ALIGN_BWA_MEM:BAM_SORT_SAMTOOLS:SAMTOOLS_INDEX,1702994522000,1702994532000,2,163.5,,1073741824.0,,,0.00669170915451389,0.00669170915451389,0.0,300.94,
714,NFCORE_CHIPSEQ:CHIPSEQ:ALIGN_BWA_MEM:BAM_SORT_SAMTOOLS:SAMTOOLS_INDEX,1702994516000,1702994528000,2,124.6,,1073741824.0,,,0.0062130943875,0.0062130943875,0.0,300.94,
400,NFCORE_CHIPSEQ:CHIPSEQ:ALIGN_BWA_MEM:BAM_SORT_SAMTOOLS:SAMTOOLS_SORT,1702994498000,1702994537000,6,367.7,,6374293504.0,,,0.06340452940013021,0.06340452940013021,0.0,300.94,
403,NFCORE_CHIPSEQ:CHIPSEQ:ALIGN_BWA_MEM:BAM_SORT_SAMTOOLS:SAMTOOLS_SORT,1702994498000,1702994537000,6,379.0,,6374293504.0,,,0.06511989523710938,0.06511989523710938,0.0,300.94,
517,NFCORE_CHIPSEQ:CHIPSEQ:ALIGN_BWA_MEM:BAM_SORT_SAMTOOLS:BAM_STATS_SAMTOOLS:SAMTOOLS_FLAGSTAT,1702994522000,1702994541000,2,144.3,,1073741824.0,,,0.011294312160243056,0.011294312160243056,0.0,300.94,
734,NFCORE_CHIPSEQ:CHIPSEQ:ALIGN_BWA_MEM:BAM_SORT_SAMTOOLS:SAMTOOLS_INDEX,1702994531000,1702994542000,2,172.1,,1073741824.0,,,0.007729097923784722,0.007729097923784722,0.0,300.94,
735,NFCORE_CHIPSEQ:CHIPSEQ:ALIGN_BWA_MEM:BAM_SORT_SAMTOOLS:SAMTOOLS_INDEX,1702994528000,1702994541000,2,119.3,,1073741824.0,,,0.006462668213715278,0.006462668213715278,0.0,300.94,
739,NFCORE_CHIPSEQ:CHIPSEQ:ALIGN_BWA_MEM:BAM_SORT_SAMTOOLS:SAMTOOLS_INDEX,1702994530000,1702994542000,2,126.7,,1073741824.0,,,0.00631118201875,0.00631118201875,0.0,300.94,
406,NFCORE_CHIPSEQ:CHIPSEQ:ALIGN_BWA_MEM:BAM_SORT_SAMTOOLS:SAMTOOLS_SORT,1702994505000,1702994541000,6,428.3,,6374293504.0,,,0.0670188442703125,0.0670188442703125,0.0,300.94,
516,NFCORE_CHIPSEQ:CHIPSEQ:ALIGN_BWA_MEM:BAM_SORT_SAMTOOLS:BAM_STATS_SAMTOOLS:SAMTOOLS_STATS,1702994505000,1702994550000,2,135.8,,1073741824.0,,,0.025260856578125,0.025260856578125,0.0,300.94,
732,NFCORE_CHIPSEQ:CHIPSEQ:ALIGN_BWA_MEM:BAM_SORT_SAMTOOLS:SAMTOOLS_INDEX,1702994545000,1702994553000,2,162.9,,1073741824.0,,,0.005334683965277778,0.005334683965277778,0.0,300.94,
733,NFCORE_CHIPSEQ:CHIPSEQ:ALIGN_BWA_MEM:BAM_SORT_SAMTOOLS:SAMTOOLS_INDEX,1702994545000,1702994553000,2,156.2,,1073741824.0,,,0.005126053130555556,0.005126053130555556,0.0,300.94,
535,NFCORE_CHIPSEQ:CHIPSEQ:ALIGN_BWA_MEM:BAM_SORT_SAMTOOLS:BAM_STATS_SAMTOOLS:SAMTOOLS_IDXSTATS,1702994556000,1702994556000,2,94.1,,1073741824.0,,,0.0,0.0,0.0,300.94,
746,NFCORE_CHIPSEQ:CHIPSEQ:ALIGN_BWA_MEM:BAM_SORT_SAMTOOLS:SAMTOOLS_INDEX,1702994546000,1702994557000,2,140.7,,1073741824.0,,,0.006384674597048609,0.006384674597048609,0.0,300.94,
747,NFCORE_CHIPSEQ:CHIPSEQ:ALIGN_BWA_MEM:BAM_SORT_SAMTOOLS:SAMTOOLS_INDEX,1702994546000,1702994557000,2,142.1,,1073741824.0,,,0.006444617038368057,0.006444617038368057,0.0,300.94,
757,NFCORE_CHIPSEQ:CHIPSEQ:ALIGN_BWA_MEM:BAM_SORT_SAMTOOLS:SAMTOOLS_INDEX,1702994553000,1702994561000,2,154.9,,1073741824.0,,,0.005085572520833335,0.005085572520833335,0.0,300.94,
405,NFCORE_CHIPSEQ:CHIPSEQ:ALIGN_BWA_MEM:BAM_SORT_SAMTOOLS:SAMTOOLS_SORT,1702994521000,1702994559000,6,333.6,,6374293504.0,,,0.056735043959288196,0.056735043959288196,0.0,300.94,
407,NFCORE_CHIPSEQ:CHIPSEQ:ALIGN_BWA_MEM:BAM_SORT_SAMTOOLS:SAMTOOLS_SORT,1702994522000,1702994558000,6,349.6,,6374293504.0,,,0.0559909920140625,0.0559909920140625,0.0,300.94,
409,NFCORE_CHIPSEQ:CHIPSEQ:ALIGN_BWA_MEM:BAM_SORT_SAMTOOLS:SAMTOOLS_SORT,1702994522000,1702994557000,6,397.8,,6374293504.0,,,0.06100210866124132,0.06100210866124132,0.0,300.94,
410,NFCORE_CHIPSEQ:CHIPSEQ:ALIGN_BWA_MEM:BAM_SORT_SAMTOOLS:SAMTOOLS_SORT,1702994522000,1702994558000,6,350.0,,6374293504.0,,,0.0560470420890625,0.0560470420890625,0.0,300.94,
413,NFCORE_CHIPSEQ:CHIPSEQ:ALIGN_BWA_MEM:BAM_SORT_SAMTOOLS:SAMTOOLS_SORT,1702994531000,1702994561000,6,385.8,,6374293504.0,,,0.05088626983463542,0.05088626983463542,0.0,300.94,
527,NFCORE_CHIPSEQ:CHIPSEQ:ALIGN_BWA_MEM:BAM_SORT_SAMTOOLS:BAM_STATS_SAMTOOLS:SAMTOOLS_IDXSTATS,1702994559000,1702994561000,2,75.6,,1073741824.0,,,0.0006540638319444445,0.0006540638319444445,0.0,300.94,
415,NFCORE_CHIPSEQ:CHIPSEQ:ALIGN_BWA_MEM:BAM_SORT_SAMTOOLS:SAMTOOLS_SORT,1702994545000,1702994566000,6,391.1,,6374293504.0,,,0.036053609255598966,0.036053609255598966,0.0,300.94,
534,NFCORE_CHIPSEQ:CHIPSEQ:ALIGN_BWA_MEM:BAM_SORT_SAMTOOLS:BAM_STATS_SAMTOOLS:SAMTOOLS_FLAGSTAT,1702994556000,1702994566000,2,157.2,,1073741824.0,,,0.006446490076388889,0.006446490076388889,0.0,300.94,
773,NFCORE_CHIPSEQ:CHIPSEQ:ALIGN_BWA_MEM:BAM_SORT_SAMTOOLS:SAMTOOLS_INDEX,1702994566000,1702994577000,2,129.5,,1073741824.0,,,0.005905135066493055,0.005905135066493055,0.0,300.94,
411,NFCORE_CHIPSEQ:CHIPSEQ:ALIGN_BWA_MEM:BAM_SORT_SAMTOOLS:SAMTOOLS_SORT,1702994541000,1702994574000,6,351.7,,6374293504.0,,,0.05159481699882813,0.05159481699882813,0.0,300.94,
412,NFCORE_CHIPSEQ:CHIPSEQ:ALIGN_BWA_MEM:BAM_SORT_SAMTOOLS:SAMTOOLS_SORT,1702994560000,1702994578000,6,396.2,,6374293504.0,,,0.03126041287578125,0.03126041287578125,0.0,300.94,
414,NFCORE_CHIPSEQ:CHIPSEQ:ALIGN_BWA_MEM:BAM_SORT_SAMTOOLS:SAMTOOLS_SORT,1702994541000,1702994574000,6,340.8,,6374293504.0,,,0.05019473283372397,0.05019473283372397,0.0,300.94,
501,NFCORE_CHIPSEQ:CHIPSEQ:ALIGN_BWA_MEM:BAM_SORT_SAMTOOLS:BAM_STATS_SAMTOOLS:SAMTOOLS_FLAGSTAT,1702994565000,1702994578000,2,127.8,,1073741824.0,,,0.006892774692013889,0.006892774692013889,0.0,300.94,
528,NFCORE_CHIPSEQ:CHIPSEQ:ALIGN_BWA_MEM:BAM_SORT_SAMTOOLS:BAM_STATS_SAMTOOLS:SAMTOOLS_FLAGSTAT,1702994559000,1702994573000,2,140.5,,1073741824.0,,,0.008115050861458334,0.008115050861458334,0.0,300.94,
774,NFCORE_CHIPSEQ:CHIPSEQ:ALIGN_BWA_MEM:BAM_SORT_SAMTOOLS:SAMTOOLS_INDEX,1702994570000,1702994580000,2,149.3,,1073741824.0,,,0.006138993137152779,0.006138993137152779,0.0,300.94,
775,NFCORE_CHIPSEQ:CHIPSEQ:ALIGN_BWA_MEM:BAM_SORT_SAMTOOLS:SAMTOOLS_INDEX,1702994577000,1702994586000,2,154.0,,1073741824.0,,,0.00568974091875,0.00568974091875,0.0,300.94,
416,NFCORE_CHIPSEQ:CHIPSEQ:ALIGN_BWA_MEM:BAM_SORT_SAMTOOLS:SAMTOOLS_SORT,1702994561000,1702994581000,6,397.0,,6374293504.0,,,0.0347960699453125,0.0347960699453125,0.0,300.94,
417,NFCORE_CHIPSEQ:CHIPSEQ:ALIGN_BWA_MEM:BAM_SORT_SAMTOOLS:SAMTOOLS_SORT,1702994561000,1702994581000,6,395.4,,6374293504.0,,,0.03467151422309028,0.03467151422309028,0.0,300.94,
419,NFCORE_CHIPSEQ:CHIPSEQ:ALIGN_BWA_MEM:BAM_SORT_SAMTOOLS:SAMTOOLS_SORT,1702994562000,1702994581000,6,399.9,,6374293504.0,,,0.033270735832248266,0.033270735832248266,0.0,300.94,
424,NFCORE_CHIPSEQ:CHIPSEQ:ALIGN_BWA_MEM:BAM_SORT_SAMTOOLS:SAMTOOLS_SORT,1702994564000,1702994581000,6,434.2,,6374293504.0,,,0.03203819191393229,0.03203819191393229,0.0,300.94,
500,NFCORE_CHIPSEQ:CHIPSEQ:ALIGN_BWA_MEM:BAM_SORT_SAMTOOLS:BAM_STATS_SAMTOOLS:SAMTOOLS_IDXSTATS,1702994585000,1702994586000,2,85.9,,1073741824.0,,,0.0003671232890625001,0.0003671232890625001,0.0,300.94,
511,NFCORE_CHIPSEQ:CHIPSEQ:ALIGN_BWA_MEM:BAM_SORT_SAMTOOLS:BAM_STATS_SAMTOOLS:SAMTOOLS_IDXSTATS,1702994585000,1702994586000,2,83.7,,1073741824.0,,,0.00035856008315972223,0.00035856008315972223,0.0,300.94,
536,NFCORE_CHIPSEQ:CHIPSEQ:ALIGN_BWA_MEM:BAM_SORT_SAMTOOLS:BAM_STATS_SAMTOOLS:SAMTOOLS_STATS,1702994536000,1702994581000,2,134.1,,1073741824.0,,,0.0249630905546875,0.0249630905546875,0.0,300.94,
541,NFCORE_CHIPSEQ:CHIPSEQ:ALIGN_BWA_MEM:BAM_SORT_SAMTOOLS:BAM_STATS_SAMTOOLS:SAMTOOLS_IDXSTATS,1702994586000,1702994587000,2,27.6,,1073741824.0,,,0.0001401983326388889,0.0001401983326388889,0.0,300.94,
776,NFCORE_CHIPSEQ:CHIPSEQ:ALIGN_BWA_MEM:BAM_SORT_SAMTOOLS:SAMTOOLS_INDEX,1702994580000,1702994588000,2,163.0,,1073741824.0,,,0.005337797858333333,0.005337797858333333,0.0,300.94,
777,NFCORE_CHIPSEQ:CHIPSEQ:ALIGN_BWA_MEM:BAM_SORT_SAMTOOLS:SAMTOOLS_INDEX,1702994581000,1702994591000,2,154.1,,1073741824.0,,,0.006325826720486111,0.006325826720486111,0.0,300.94,
778,NFCORE_CHIPSEQ:CHIPSEQ:ALIGN_BWA_MEM:BAM_SORT_SAMTOOLS:SAMTOOLS_INDEX,1702994583000,1702994591000,2,164.9,,1073741824.0,,,0.005396961826388888,0.005396961826388888,0.0,300.94,
782,NFCORE_CHIPSEQ:CHIPSEQ:ALIGN_BWA_MEM:BAM_SORT_SAMTOOLS:SAMTOOLS_INDEX,1702994586000,1702994594000,2,153.9,,1073741824.0,,,0.005054433590277779,0.005054433590277779,0.0,300.94,
783,NFCORE_CHIPSEQ:CHIPSEQ:ALIGN_BWA_MEM:BAM_SORT_SAMTOOLS:SAMTOOLS_INDEX,1702994586000,1702994594000,2,154.9,,1073741824.0,,,0.005085572520833335,0.005085572520833335,0.0,300.94,
784,NFCORE_CHIPSEQ:CHIPSEQ:ALIGN_BWA_MEM:BAM_SORT_SAMTOOLS:SAMTOOLS_INDEX,1702994586000,1702994594000,2,158.2,,1073741824.0,,,0.005188330991666666,0.005188330991666666,0.0,300.94,
418,NFCORE_CHIPSEQ:CHIPSEQ:ALIGN_BWA_MEM:BAM_SORT_SAMTOOLS:SAMTOOLS_SORT,1702994570000,1702994588000,6,407.1,,6374293504.0,,,0.03202409514765625,0.03202409514765625,0.0,300.94,
531,NFCORE_CHIPSEQ:CHIPSEQ:ALIGN_BWA_MEM:BAM_SORT_SAMTOOLS:BAM_STATS_SAMTOOLS:SAMTOOLS_IDXSTATS,1702994590000,1702994591000,2,78.4,,1073741824.0,,,0.0003379305416666667,0.0003379305416666667,0.0,300.94,
791,NFCORE_CHIPSEQ:CHIPSEQ:ALIGN_BWA_MEM:BAM_SORT_SAMTOOLS:SAMTOOLS_INDEX,1702994589000,1702994596000,2,152.6,,1073741824.0,,,0.004387208857986111,0.004387208857986111,0.0,300.94,
792,NFCORE_CHIPSEQ:CHIPSEQ:ALIGN_BWA_MEM:BAM_SORT_SAMTOOLS:SAMTOOLS_INDEX,1702994589000,1702994596000,2,154.6,,1073741824.0,,,0.004441701986458333,0.004441701986458333,0.0,300.94,
793,NFCORE_CHIPSEQ:CHIPSEQ:ALIGN_BWA_MEM:BAM_SORT_SAMTOOLS:SAMTOOLS_INDEX,1702994589000,1702994596000,2,153.2,,1073741824.0,,,0.004403556796527777,0.004403556796527777,0.0,300.94,
794,NFCORE_CHIPSEQ:CHIPSEQ:ALIGN_BWA_MEM:BAM_SORT_SAMTOOLS:SAMTOOLS_INDEX,1702994590000,1702994597000,2,151.9,,1073741824.0,,,0.004368136263020833,0.004368136263020833,0.0,300.94,
426,NFCORE_CHIPSEQ:CHIPSEQ:ALIGN_BWA_MEM:BAM_SORT_SAMTOOLS:SAMTOOLS_SORT,1702994578000,1702994597000,6,411.5,,6374293504.0,,,0.034128613369053824,0.034128613369053824,0.0,300.94,
481,NFCORE_CHIPSEQ:CHIPSEQ:ALIGN_BWA_MEM:BAM_SORT_SAMTOOLS:SAMTOOLS_SORT,1702994584000,1702994599000,6,451.4,,6374293504.0,,,0.029273223375651046,0.029273223375651046,0.0,300.94,
482,NFCORE_CHIPSEQ:CHIPSEQ:ALIGN_BWA_MEM:BAM_SORT_SAMTOOLS:SAMTOOLS_SORT,1702994582000,1702994599000,6,430.3,,6374293504.0,,,0.031780128026953125,0.031780128026953125,0.0,300.94,
483,NFCORE_CHIPSEQ:CHIPSEQ:ALIGN_BWA_MEM:BAM_SORT_SAMTOOLS:SAMTOOLS_SORT,1702994577000,1702994597000,6,408.9,,6374293504.0,,,0.03572245312934028,0.03572245312934028,0.0,300.94,
512,NFCORE_CHIPSEQ:CHIPSEQ:ALIGN_BWA_MEM:BAM_SORT_SAMTOOLS:BAM_STATS_SAMTOOLS:SAMTOOLS_FLAGSTAT,1702994585000,1702994598000,2,129.9,,1073741824.0,,,0.006999036292534723,0.006999036292534723,0.0,300.94,
522,NFCORE_CHIPSEQ:CHIPSEQ:ALIGN_BWA_MEM:BAM_SORT_SAMTOOLS:BAM_STATS_SAMTOOLS:SAMTOOLS_IDXSTATS,1702994600000,1702994601000,2,88.9,,1073741824.0,,,0.0003788003880208334,0.0003788003880208334,0.0,300.94,
532,NFCORE_CHIPSEQ:CHIPSEQ:ALIGN_BWA_MEM:BAM_SORT_SAMTOOLS:BAM_STATS_SAMTOOLS:SAMTOOLS_FLAGSTAT,1702994590000,1702994601000,2,151.7,,1073741824.0,,,0.00685565092170139,0.00685565092170139,0.0,300.94,
542,NFCORE_CHIPSEQ:CHIPSEQ:ALIGN_BWA_MEM:BAM_SORT_SAMTOOLS:BAM_STATS_SAMTOOLS:SAMTOOLS_FLAGSTAT,1702994591000,1702994601000,2,147.7,,1073741824.0,,,0.006076715276041667,0.006076715276041667,0.0,300.94,
544,NFCORE_CHIPSEQ:CHIPSEQ:ALIGN_BWA_MEM:BAM_SORT_SAMTOOLS:BAM_STATS_SAMTOOLS:SAMTOOLS_IDXSTATS,1702994595000,1702994596000,2,90.1,,1073741824.0,,,0.0003834712276041667,0.0003834712276041667,0.0,300.94,
548,NFCORE_CHIPSEQ:CHIPSEQ:ALIGN_BWA_MEM:BAM_SORT_SAMTOOLS:BAM_STATS_SAMTOOLS:SAMTOOLS_IDXSTATS,1702994602000,1702994603000,2,92.8,,1073741824.0,,,0.00039398061666666667,0.00039398061666666667,0.0,300.94,
562,NFCORE_CHIPSEQ:CHIPSEQ:ALIGN_BWA_MEM:BAM_SORT_SAMTOOLS:BAM_STATS_SAMTOOLS:SAMTOOLS_IDXSTATS,1702994597000,1702994599000,2,99.2,,1073741824.0,,,0.0008377835222222222,0.0008377835222222222,0.0,300.94,
570,NFCORE_CHIPSEQ:CHIPSEQ:ALIGN_BWA_MEM:BAM_SORT_SAMTOOLS:BAM_STATS_SAMTOOLS:SAMTOOLS_IDXSTATS,1702994601000,1702994602000,2,128.0,,1073741824.0,,,0.0005309919111111111,0.0005309919111111111,0.0,300.94,
572,NFCORE_CHIPSEQ:CHIPSEQ:ALIGN_BWA_MEM:BAM_SORT_SAMTOOLS:BAM_STATS_SAMTOOLS:SAMTOOLS_IDXSTATS,1702994602000,1702994603000,2,115.1,,1073741824.0,,,0.0004807803855902778,0.0004807803855902778,0.0,300.94,
603,NFCORE_CHIPSEQ:CHIPSEQ:ALIGN_BWA_MEM:BAM_SORT_SAMTOOLS:BAM_STATS_SAMTOOLS:SAMTOOLS_IDXSTATS,1702994600000,1702994600000,2,133.3,,1073741824.0,,,0.0,0.0,0.0,300.94,
813,NFCORE_CHIPSEQ:CHIPSEQ:ALIGN_BWA_MEM:BAM_SORT_SAMTOOLS:SAMTOOLS_INDEX,1702994600000,1702994606000,2,168.0,,1073741824.0,,,0.004120119383333333,0.004120119383333333,0.0,300.94,
543,NFCORE_CHIPSEQ:CHIPSEQ:ALIGN_BWA_MEM:BAM_SORT_SAMTOOLS:BAM_STATS_SAMTOOLS:SAMTOOLS_FLAGSTAT,1702994595000,1702994605000,2,152.9,,1073741824.0,,,0.006279118324652779,0.006279118324652779,0.0,300.94,
553,NFCORE_CHIPSEQ:CHIPSEQ:ALIGN_BWA_MEM:BAM_SORT_SAMTOOLS:BAM_STATS_SAMTOOLS:SAMTOOLS_IDXSTATS,1702994603000,1702994604000,2,106.1,,1073741824.0,,,0.0004457490887152778,0.0004457490887152778,0.0,300.94,
577,NFCORE_CHIPSEQ:CHIPSEQ:ALIGN_BWA_MEM:BAM_SORT_SAMTOOLS:BAM_STATS_SAMTOOLS:SAMTOOLS_IDXSTATS,1702994606000,1702994606000,2,62.7,,1073741824.0,,,0.0,0.0,0.0,300.94,
602,NFCORE_CHIPSEQ:CHIPSEQ:ALIGN_BWA_MEM:BAM_SORT_SAMTOOLS:BAM_STATS_SAMTOOLS:SAMTOOLS_FLAGSTAT,1702994600000,1702994610000,2,148.5,,1073741824.0,,,0.006107854206597222,0.006107854206597222,0.0,300.94,
826,NFCORE_CHIPSEQ:CHIPSEQ:ALIGN_BWA_MEM:BAM_SORT_SAMTOOLS:SAMTOOLS_INDEX,1702994605000,1702994611000,2,159.1,,1073741824.0,,,0.003912267021875,0.003912267021875,0.0,300.94,
827,NFCORE_CHIPSEQ:CHIPSEQ:ALIGN_BWA_MEM:BAM_SORT_SAMTOOLS:SAMTOOLS_INDEX,1702994603000,1702994609000,2,163.4,,1073741824.0,,,0.004012690072916667,0.004012690072916667,0.0,300.94,
828,NFCORE_CHIPSEQ:CHIPSEQ:ALIGN_BWA_MEM:BAM_SORT_SAMTOOLS:SAMTOOLS_INDEX,1702994609000,1702994615000,2,166.6,,1073741824.0,,,0.00408742350625,0.00408742350625,0.0,300.94,
829,NFCORE_CHIPSEQ:CHIPSEQ:ALIGN_BWA_MEM:BAM_SORT_SAMTOOLS:SAMTOOLS_INDEX,1702994604000,1702994611000,2,150.1,,1073741824.0,,,0.004319092447395833,0.004319092447395833,0.0,300.94,
831,NFCORE_CHIPSEQ:CHIPSEQ:PICARD_MERGESAMFILES,1702994604000,1702994610000,3,164.1,,1073741824.0,,,0.004029038011458333,0.004029038011458333,0.0,300.94,
834,NFCORE_CHIPSEQ:CHIPSEQ:PICARD_MERGESAMFILES,1702994614000,1702994617000,3,209.3,,1073741824.0,,,0.002542323878645834,0.002542323878645834,0.0,300.94,
521,NFCORE_CHIPSEQ:CHIPSEQ:ALIGN_BWA_MEM:BAM_SORT_SAMTOOLS:BAM_STATS_SAMTOOLS:SAMTOOLS_FLAGSTAT,1702994600000,1702994614000,2,122.3,,1073741824.0,,,0.007123275923263888,0.007123275923263888,0.0,300.94,
529,NFCORE_CHIPSEQ:CHIPSEQ:ALIGN_BWA_MEM:BAM_SORT_SAMTOOLS:BAM_STATS_SAMTOOLS:SAMTOOLS_STATS,1702994560000,1702994611000,2,124.1,,1073741824.0,,,0.026306395805729164,0.026306395805729164,0.0,300.94,
538,NFCORE_CHIPSEQ:CHIPSEQ:ALIGN_BWA_MEM:BAM_SORT_SAMTOOLS:BAM_STATS_SAMTOOLS:SAMTOOLS_IDXSTATS,1702994612000,1702994613000,2,94.8,,1073741824.0,,,0.0004017653493055555,0.0004017653493055555,0.0,300.94,
547,NFCORE_CHIPSEQ:CHIPSEQ:ALIGN_BWA_MEM:BAM_SORT_SAMTOOLS:BAM_STATS_SAMTOOLS:SAMTOOLS_FLAGSTAT,1702994603000,1702994613000,2,151.9,,1073741824.0,,,0.006240194661458334,0.006240194661458334,0.0,300.94,
552,NFCORE_CHIPSEQ:CHIPSEQ:ALIGN_BWA_MEM:BAM_SORT_SAMTOOLS:BAM_STATS_SAMTOOLS:SAMTOOLS_FLAGSTAT,1702994602000,1702994614000,2,143.8,,1073741824.0,,,0.007109895587500001,0.007109895587500001,0.0,300.94,
557,NFCORE_CHIPSEQ:CHIPSEQ:ALIGN_BWA_MEM:BAM_SORT_SAMTOOLS:BAM_STATS_SAMTOOLS:SAMTOOLS_IDXSTATS,1702994614000,1702994615000,2,64.4,,1073741824.0,,,0.00028343741319444447,0.00028343741319444447,0.0,300.94,
563,NFCORE_CHIPSEQ:CHIPSEQ:ALIGN_BWA_MEM:BAM_SORT_SAMTOOLS:BAM_STATS_SAMTOOLS:SAMTOOLS_FLAGSTAT,1702994597000,1702994611000,2,130.9,,1073741824.0,,,0.007591916828125,0.007591916828125,0.0,300.94,
568,NFCORE_CHIPSEQ:CHIPSEQ:ALIGN_BWA_MEM:BAM_SORT_SAMTOOLS:BAM_STATS_SAMTOOLS:SAMTOOLS_FLAGSTAT,1702994600000,1702994611000,2,149.2,,1073741824.0,,,0.006748610847916667,0.006748610847916667,0.0,300.94,
573,NFCORE_CHIPSEQ:CHIPSEQ:ALIGN_BWA_MEM:BAM_SORT_SAMTOOLS:BAM_STATS_SAMTOOLS:SAMTOOLS_FLAGSTAT,1702994601000,1702994613000,2,148.3,,1073741824.0,,,0.00732008336875,0.00732008336875,0.0,300.94,
578,NFCORE_CHIPSEQ:CHIPSEQ:ALIGN_BWA_MEM:BAM_SORT_SAMTOOLS:BAM_STATS_SAMTOOLS:SAMTOOLS_FLAGSTAT,1702994604000,1702994615000,2,153.3,,1073741824.0,,,0.006924156568923611,0.006924156568923611,0.0,300.94,
584,NFCORE_CHIPSEQ:CHIPSEQ:ALIGN_BWA_MEM:BAM_SORT_SAMTOOLS:BAM_STATS_SAMTOOLS:SAMTOOLS_FLAGSTAT,1702994609000,1702994618000,2,148.9,,1073741824.0,,,0.005511081304687502,0.005511081304687502,0.0,300.94,
586,NFCORE_CHIPSEQ:CHIPSEQ:ALIGN_BWA_MEM:BAM_SORT_SAMTOOLS:BAM_STATS_SAMTOOLS:SAMTOOLS_IDXSTATS,1702994610000,1702994610000,2,103.2,,1073741824.0,,,0.0,0.0,0.0,300.94,
592,NFCORE_CHIPSEQ:CHIPSEQ:ALIGN_BWA_MEM:BAM_SORT_SAMTOOLS:BAM_STATS_SAMTOOLS:SAMTOOLS_IDXSTATS,1702994617000,1702994618000,2,115.1,,1073741824.0,,,0.0004807803855902778,0.0004807803855902778,0.0,300.94,
595,NFCORE_CHIPSEQ:CHIPSEQ:ALIGN_BWA_MEM:BAM_SORT_SAMTOOLS:BAM_STATS_SAMTOOLS:SAMTOOLS_IDXSTATS,1702994616000,1702994617000,2,115.9,,1073741824.0,,,0.00048389427864583336,0.00048389427864583336,0.0,300.94,
608,NFCORE_CHIPSEQ:CHIPSEQ:ALIGN_BWA_MEM:BAM_SORT_SAMTOOLS:BAM_STATS_SAMTOOLS:SAMTOOLS_IDXSTATS,1702994617000,1702994618000,2,93.4,,1073741824.0,,,0.0003963160364583334,0.0003963160364583334,0.0,300.94,
623,NFCORE_CHIPSEQ:CHIPSEQ:ALIGN_BWA_MEM:BAM_SORT_SAMTOOLS:BAM_STATS_SAMTOOLS:SAMTOOLS_IDXSTATS,1702994620000,1702994621000,2,102.4,,1073741824.0,,,0.0004313473333333333,0.0004313473333333333,0.0,300.94,
840,NFCORE_CHIPSEQ:CHIPSEQ:PICARD_MERGESAMFILES,1702994619000,1702994623000,3,206.3,,1073741824.0,,,0.003343056775694445,0.003343056775694445,0.0,300.94,
502,NFCORE_CHIPSEQ:CHIPSEQ:ALIGN_BWA_MEM:BAM_SORT_SAMTOOLS:BAM_STATS_SAMTOOLS:SAMTOOLS_STATS,1702994584000,1702994629000,2,135.3,,1073741824.0,,,0.0251732783359375,0.0251732783359375,0.0,300.94,
510,NFCORE_CHIPSEQ:CHIPSEQ:ALIGN_BWA_MEM:BAM_SORT_SAMTOOLS:BAM_STATS_SAMTOOLS:SAMTOOLS_STATS,1702994584000,1702994629000,2,134.7,,1073741824.0,,,0.0250681844453125,0.0250681844453125,0.0,300.94,
537,NFCORE_CHIPSEQ:CHIPSEQ:ALIGN_BWA_MEM:BAM_SORT_SAMTOOLS:BAM_STATS_SAMTOOLS:SAMTOOLS_FLAGSTAT,1702994613000,1702994623000,2,152.7,,1073741824.0,,,0.006271333592013888,0.006271333592013888,0.0,300.94,
540,NFCORE_CHIPSEQ:CHIPSEQ:ALIGN_BWA_MEM:BAM_SORT_SAMTOOLS:BAM_STATS_SAMTOOLS:SAMTOOLS_STATS,1702994584000,1702994628000,2,135.9,,1073741824.0,,,0.024716630621527784,0.024716630621527784,0.0,300.94,
555,NFCORE_CHIPSEQ:CHIPSEQ:ALIGN_BWA_MEM:BAM_SORT_SAMTOOLS:BAM_STATS_SAMTOOLS:SAMTOOLS_FLAGSTAT,1702994615000,1702994626000,2,135.9,,1073741824.0,,,0.006179157655381946,0.006179157655381946,0.0,300.94,
589,NFCORE_CHIPSEQ:CHIPSEQ:ALIGN_BWA_MEM:BAM_SORT_SAMTOOLS:BAM_STATS_SAMTOOLS:SAMTOOLS_IDXSTATS,1702994625000,1702994627000,2,68.8,,1073741824.0,,,0.00060112765,0.00060112765,0.0,300.94,
593,NFCORE_CHIPSEQ:CHIPSEQ:ALIGN_BWA_MEM:BAM_SORT_SAMTOOLS:BAM_STATS_SAMTOOLS:SAMTOOLS_FLAGSTAT,1702994618000,1702994629000,2,149.9,,1073741824.0,,,0.006778582068576389,0.006778582068576389,0.0,300.94,
596,NFCORE_CHIPSEQ:CHIPSEQ:ALIGN_BWA_MEM:BAM_SORT_SAMTOOLS:BAM_STATS_SAMTOOLS:SAMTOOLS_FLAGSTAT,1702994615000,1702994626000,2,149.5,,1073741824.0,,,0.0067614556567708334,0.0067614556567708334,0.0,300.94,
607,NFCORE_CHIPSEQ:CHIPSEQ:ALIGN_BWA_MEM:BAM_SORT_SAMTOOLS:BAM_STATS_SAMTOOLS:SAMTOOLS_FLAGSTAT,1702994617000,1702994629000,2,146.2,,1073741824.0,,,0.0072219957375000005,0.0072219957375000005,0.0,300.94,
621,NFCORE_CHIPSEQ:CHIPSEQ:ALIGN_BWA_MEM:BAM_SORT_SAMTOOLS:BAM_STATS_SAMTOOLS:SAMTOOLS_IDXSTATS,1702994630000,1702994631000,2,88.3,,1073741824.0,,,0.0003764649682291667,0.0003764649682291667,0.0,300.94,
624,NFCORE_CHIPSEQ:CHIPSEQ:ALIGN_BWA_MEM:BAM_SORT_SAMTOOLS:BAM_STATS_SAMTOOLS:SAMTOOLS_FLAGSTAT,1702994620000,1702994631000,2,147.5,,1073741824.0,,,0.0066758235977430564,0.0066758235977430564,0.0,300.94,
635,NFCORE_CHIPSEQ:CHIPSEQ:ALIGN_BWA_MEM:BAM_SORT_SAMTOOLS:BAM_STATS_SAMTOOLS:SAMTOOLS_IDXSTATS,1702994627000,1702994628000,2,56.8,,1073741824.0,,,0.00025385542916666666,0.00025385542916666666,0.0,300.94,
833,NFCORE_CHIPSEQ:CHIPSEQ:PICARD_MERGESAMFILES,1702994632000,1702994635000,3,204.7,,1073741824.0,,,0.0024886092234375,0.0024886092234375,0.0,300.94,
838,NFCORE_CHIPSEQ:CHIPSEQ:PICARD_MERGESAMFILES,1702994626000,1702994629000,3,205.5,,1073741824.0,,,0.002497950902604167,0.002497950902604167,0.0,300.94,
530,NFCORE_CHIPSEQ:CHIPSEQ:ALIGN_BWA_MEM:BAM_SORT_SAMTOOLS:BAM_STATS_SAMTOOLS:SAMTOOLS_STATS,1702994591000,1702994635000,2,135.4,,1073741824.0,,,0.0246309985625,0.0246309985625,0.0,300.94,
545,NFCORE_CHIPSEQ:CHIPSEQ:ALIGN_BWA_MEM:BAM_SORT_SAMTOOLS:BAM_STATS_SAMTOOLS:SAMTOOLS_STATS,1702994594000,1702994638000,2,133.9,,1073741824.0,,,0.02437410238541667,0.02437410238541667,0.0,300.94,
579,NFCORE_CHIPSEQ:CHIPSEQ:ALIGN_BWA_MEM:BAM_SORT_SAMTOOLS:BAM_STATS_SAMTOOLS:SAMTOOLS_IDXSTATS,1702994632000,1702994632000,2,82.9,,1073741824.0,,,0.0,0.0,0.0,300.94,
590,NFCORE_CHIPSEQ:CHIPSEQ:ALIGN_BWA_MEM:BAM_SORT_SAMTOOLS:BAM_STATS_SAMTOOLS:SAMTOOLS_FLAGSTAT,1702994621000,1702994631000,2,147.8,,1073741824.0,,,0.006080607642361112,0.006080607642361112,0.0,300.94,
619,NFCORE_CHIPSEQ:CHIPSEQ:ALIGN_BWA_MEM:BAM_SORT_SAMTOOLS:BAM_STATS_SAMTOOLS:SAMTOOLS_FLAGSTAT,1702994629000,1702994639000,2,149.6,,1073741824.0,,,0.006150670236111113,0.006150670236111113,0.0,300.94,
632,NFCORE_CHIPSEQ:CHIPSEQ:ALIGN_BWA_MEM:BAM_SORT_SAMTOOLS:BAM_STATS_SAMTOOLS:SAMTOOLS_IDXSTATS,1702994635000,1702994636000,2,64.0,,1073741824.0,,,0.00028188046666666666,0.00028188046666666666,0.0,300.94,
633,NFCORE_CHIPSEQ:CHIPSEQ:ALIGN_BWA_MEM:BAM_SORT_SAMTOOLS:BAM_STATS_SAMTOOLS:SAMTOOLS_FLAGSTAT,1702994629000,1702994639000,2,144.8,,1073741824.0,,,0.005963836652777778,0.005963836652777778,0.0,300.94,
637,NFCORE_CHIPSEQ:CHIPSEQ:ALIGN_BWA_MEM:BAM_SORT_SAMTOOLS:BAM_STATS_SAMTOOLS:SAMTOOLS_IDXSTATS,1702994632000,1702994633000,2,124.0,,1073741824.0,,,0.0005154224458333333,0.0005154224458333333,0.0,300.94,
832,NFCORE_CHIPSEQ:CHIPSEQ:PICARD_MERGESAMFILES,1702994638000,1702994641000,3,207.6,,1073741824.0,,,0.0025224728104166665,0.0025224728104166665,0.0,300.94,
520,NFCORE_CHIPSEQ:CHIPSEQ:ALIGN_BWA_MEM:BAM_SORT_SAMTOOLS:BAM_STATS_SAMTOOLS:SAMTOOLS_STATS,1702994601000,1702994644000,2,134.2,,1073741824.0,,,0.023870357038541665,0.023870357038541665,0.0,300.94,
546,NFCORE_CHIPSEQ:CHIPSEQ:ALIGN_BWA_MEM:BAM_SORT_SAMTOOLS:BAM_STATS_SAMTOOLS:SAMTOOLS_STATS,1702994602000,1702994648000,2,130.2,,1073741824.0,,,0.024819535382638893,0.024819535382638893,0.0,300.94,
554,NFCORE_CHIPSEQ:CHIPSEQ:ALIGN_BWA_MEM:BAM_SORT_SAMTOOLS:BAM_STATS_SAMTOOLS:SAMTOOLS_STATS,1702994602000,1702994645000,2,132.7,,1073741824.0,,,0.023619299410937496,0.023619299410937496,0.0,300.94,
561,NFCORE_CHIPSEQ:CHIPSEQ:ALIGN_BWA_MEM:BAM_SORT_SAMTOOLS:BAM_STATS_SAMTOOLS:SAMTOOLS_STATS,1702994597000,1702994640000,2,133.5,,1073741824.0,,,0.02375319681232639,0.02375319681232639,0.0,300.94,
569,NFCORE_CHIPSEQ:CHIPSEQ:ALIGN_BWA_MEM:BAM_SORT_SAMTOOLS:BAM_STATS_SAMTOOLS:SAMTOOLS_STATS,1702994600000,1702994644000,2,133.5,,1073741824.0,,,0.024305596738194445,0.024305596738194445,0.0,300.94,
574,NFCORE_CHIPSEQ:CHIPSEQ:ALIGN_BWA_MEM:BAM_SORT_SAMTOOLS:BAM_STATS_SAMTOOLS:SAMTOOLS_STATS,1702994601000,1702994644000,2,134.1,,1073741824.0,,,0.02385361986336806,0.02385361986336806,0.0,300.94,
576,NFCORE_CHIPSEQ:CHIPSEQ:ALIGN_BWA_MEM:BAM_SORT_SAMTOOLS:BAM_STATS_SAMTOOLS:SAMTOOLS_STATS,1702994606000,1702994648000,2,134.3,,1073741824.0,,,0.023331580394791673,0.023331580394791673,0.0,300.94,
580,NFCORE_CHIPSEQ:CHIPSEQ:ALIGN_BWA_MEM:BAM_SORT_SAMTOOLS:BAM_STATS_SAMTOOLS:SAMTOOLS_FLAGSTAT,1702994632000,1702994641000,2,149.0,,1073741824.0,,,0.005514584434375,0.005514584434375,0.0,300.94,
601,NFCORE_CHIPSEQ:CHIPSEQ:ALIGN_BWA_MEM:BAM_SORT_SAMTOOLS:BAM_STATS_SAMTOOLS:SAMTOOLS_STATS,1702994600000,1702994641000,2,134.6,,1073741824.0,,,0.022823942681597223,0.022823942681597223,0.0,300.94,
610,NFCORE_CHIPSEQ:CHIPSEQ:ALIGN_BWA_MEM:BAM_SORT_SAMTOOLS:BAM_STATS_SAMTOOLS:SAMTOOLS_IDXSTATS,1702994641000,1702994641000,2,103.2,,1073741824.0,,,0.0,0.0,0.0,300.94,
630,NFCORE_CHIPSEQ:CHIPSEQ:ALIGN_BWA_MEM:BAM_SORT_SAMTOOLS:BAM_STATS_SAMTOOLS:SAMTOOLS_FLAGSTAT,1702994635000,1702994644000,2,149.4,,1073741824.0,,,0.005528596953124999,0.005528596953124999,0.0,300.94,
636,NFCORE_CHIPSEQ:CHIPSEQ:ALIGN_BWA_MEM:BAM_SORT_SAMTOOLS:BAM_STATS_SAMTOOLS:SAMTOOLS_FLAGSTAT,1702994635000,1702994644000,2,150.3,,1073741824.0,,,0.005560125120312501,0.005560125120312501,0.0,300.94,
645,NFCORE_CHIPSEQ:CHIPSEQ:ALIGN_BWA_MEM:BAM_SORT_SAMTOOLS:BAM_STATS_SAMTOOLS:SAMTOOLS_IDXSTATS,1702994644000,1702994645000,2,81.5,,1073741824.0,,,0.00034999687725694443,0.00034999687725694443,0.0,300.94,
650,NFCORE_CHIPSEQ:CHIPSEQ:ALIGN_BWA_MEM:BAM_SORT_SAMTOOLS:BAM_STATS_SAMTOOLS:SAMTOOLS_IDXSTATS,1702994648000,1702994650000,2,85.9,,1073741824.0,,,0.0007342465781250002,0.0007342465781250002,0.0,300.94,
830,NFCORE_CHIPSEQ:CHIPSEQ:PICARD_MERGESAMFILES,1702994651000,1702994654000,3,202.4,,1073741824.0,,,0.002461751895833334,0.002461751895833334,0.0,300.94,
836,NFCORE_CHIPSEQ:CHIPSEQ:PICARD_MERGESAMFILES,1702994644000,1702994648000,3,202.9,,1073741824.0,,,0.0032901205937500007,0.0032901205937500007,0.0,300.94,
539,NFCORE_CHIPSEQ:CHIPSEQ:ALIGN_BWA_MEM:BAM_SORT_SAMTOOLS:BAM_STATS_SAMTOOLS:SAMTOOLS_STATS,1702994612000,1702994654000,2,134.6,,1073741824.0,,,0.02338062421041667,0.02338062421041667,0.0,300.94,
556,NFCORE_CHIPSEQ:CHIPSEQ:ALIGN_BWA_MEM:BAM_SORT_SAMTOOLS:BAM_STATS_SAMTOOLS:SAMTOOLS_STATS,1702994615000,1702994656000,2,134.0,,1073741824.0,,,0.02272819047013889,0.02272819047013889,0.0,300.94,
585,NFCORE_CHIPSEQ:CHIPSEQ:ALIGN_BWA_MEM:BAM_SORT_SAMTOOLS:BAM_STATS_SAMTOOLS:SAMTOOLS_STATS,1702994609000,1702994650000,2,135.5,,1073741824.0,,,0.022967570998784725,0.022967570998784725,0.0,300.94,
597,NFCORE_CHIPSEQ:CHIPSEQ:ALIGN_BWA_MEM:BAM_SORT_SAMTOOLS:BAM_STATS_SAMTOOLS:SAMTOOLS_STATS,1702994614000,1702994656000,2,132.7,,1073741824.0,,,0.023070013378125,0.023070013378125,0.0,300.94,
609,NFCORE_CHIPSEQ:CHIPSEQ:ALIGN_BWA_MEM:BAM_SORT_SAMTOOLS:BAM_STATS_SAMTOOLS:SAMTOOLS_STATS,1702994616000,1702994658000,2,133.7,,1073741824.0,,,0.023233492763541665,0.023233492763541665,0.0,300.94,
612,NFCORE_CHIPSEQ:CHIPSEQ:ALIGN_BWA_MEM:BAM_SORT_SAMTOOLS:BAM_STATS_SAMTOOLS:SAMTOOLS_FLAGSTAT,1702994638000,1702994650000,2,144.1,,1073741824.0,,,0.007123908106250001,0.007123908106250001,0.0,300.94,
614,NFCORE_CHIPSEQ:CHIPSEQ:ALIGN_BWA_MEM:BAM_SORT_SAMTOOLS:BAM_STATS_SAMTOOLS:SAMTOOLS_IDXSTATS,1702994648000,1702994650000,2,86.5,,1073741824.0,,,0.0007389174177083334,0.0007389174177083334,0.0,300.94,
617,NFCORE_CHIPSEQ:CHIPSEQ:ALIGN_BWA_MEM:BAM_SORT_SAMTOOLS:BAM_STATS_SAMTOOLS:SAMTOOLS_IDXSTATS,1702994658000,1702994659000,2,77.1,,1073741824.0,,,0.0003328704654513889,0.0003328704654513889,0.0,300.94,
622,NFCORE_CHIPSEQ:CHIPSEQ:ALIGN_BWA_MEM:BAM_SORT_SAMTOOLS:BAM_STATS_SAMTOOLS:SAMTOOLS_STATS,1702994618000,1702994659000,2,133.9,,1073741824.0,,,0.022712231768229164,0.022712231768229164,0.0,300.94,
644,NFCORE_CHIPSEQ:CHIPSEQ:ALIGN_BWA_MEM:BAM_SORT_SAMTOOLS:BAM_STATS_SAMTOOLS:SAMTOOLS_FLAGSTAT,1702994644000,1702994655000,2,145.4,,1073741824.0,,,0.006585909935763889,0.006585909935763889,0.0,300.94,
649,NFCORE_CHIPSEQ:CHIPSEQ:ALIGN_BWA_MEM:BAM_SORT_SAMTOOLS:BAM_STATS_SAMTOOLS:SAMTOOLS_FLAGSTAT,1702994648000,1702994658000,2,151.8,,1073741824.0,,,0.006236302295138891,0.006236302295138891,0.0,300.94,
656,NFCORE_CHIPSEQ:CHIPSEQ:ALIGN_BWA_MEM:BAM_SORT_SAMTOOLS:BAM_STATS_SAMTOOLS:SAMTOOLS_IDXSTATS,1702994653000,1702994654000,2,51.6,,1073741824.0,,,0.00023361512430555555,0.00023361512430555555,0.0,300.94,
667,NFCORE_CHIPSEQ:CHIPSEQ:ALIGN_BWA_MEM:BAM_SORT_SAMTOOLS:BAM_STATS_SAMTOOLS:SAMTOOLS_IDXSTATS,1702994659000,1702994660000,2,101.6,,1073741824.0,,,0.00042823344027777775,0.00042823344027777775,0.0,300.94,
842,NFCORE_CHIPSEQ:CHIPSEQ:PICARD_MERGESAMFILES,1702994657000,1702994660000,3,207.8,,1073741824.0,,,0.0025248082302083336,0.0025248082302083336,0.0,300.94,
588,NFCORE_CHIPSEQ:CHIPSEQ:ALIGN_BWA_MEM:BAM_SORT_SAMTOOLS:BAM_STATS_SAMTOOLS:SAMTOOLS_STATS,1702994621000,1702994662000,2,133.8,,1073741824.0,,,0.02269627306631945,0.02269627306631945,0.0,300.94,
594,NFCORE_CHIPSEQ:CHIPSEQ:ALIGN_BWA_MEM:BAM_SORT_SAMTOOLS:BAM_STATS_SAMTOOLS:SAMTOOLS_STATS,1702994618000,1702994660000,2,132.3,,1073741824.0,,,0.023004621623958336,0.023004621623958336,0.0,300.94,
615,NFCORE_CHIPSEQ:CHIPSEQ:ALIGN_BWA_MEM:BAM_SORT_SAMTOOLS:BAM_STATS_SAMTOOLS:SAMTOOLS_FLAGSTAT,1702994651000,1702994663000,2,147.6,,1073741824.0,,,0.007287387491666666,0.007287387491666666,0.0,300.94,
618,NFCORE_CHIPSEQ:CHIPSEQ:ALIGN_BWA_MEM:BAM_SORT_SAMTOOLS:BAM_STATS_SAMTOOLS:SAMTOOLS_FLAGSTAT,1702994654000,1702994664000,2,148.0,,1073741824.0,,,0.006088392375000001,0.006088392375000001,0.0,300.94,
655,NFCORE_CHIPSEQ:CHIPSEQ:ALIGN_BWA_MEM:BAM_SORT_SAMTOOLS:BAM_STATS_SAMTOOLS:SAMTOOLS_FLAGSTAT,1702994653000,1702994662000,2,153.1,,1073741824.0,,,0.005658212751562501,0.005658212751562501,0.0,300.94,
664,NFCORE_CHIPSEQ:CHIPSEQ:ALIGN_BWA_MEM:BAM_SORT_SAMTOOLS:BAM_STATS_SAMTOOLS:SAMTOOLS_IDXSTATS,1702994663000,1702994663000,2,73.3,,1073741824.0,,,0.0,0.0,0.0,300.94,
665,NFCORE_CHIPSEQ:CHIPSEQ:ALIGN_BWA_MEM:BAM_SORT_SAMTOOLS:BAM_STATS_SAMTOOLS:SAMTOOLS_FLAGSTAT,1702994659000,1702994668000,2,147.1,,1073741824.0,,,0.005448024970312501,0.005448024970312501,0.0,300.94,
685,NFCORE_CHIPSEQ:CHIPSEQ:ALIGN_BWA_MEM:BAM_SORT_SAMTOOLS:BAM_STATS_SAMTOOLS:SAMTOOLS_IDXSTATS,1702994664000,1702994665000,2,58.8,,1073741824.0,,,0.00026164016180555555,0.00026164016180555555,0.0,300.94,
688,NFCORE_CHIPSEQ:CHIPSEQ:ALIGN_BWA_MEM:BAM_SORT_SAMTOOLS:BAM_STATS_SAMTOOLS:SAMTOOLS_IDXSTATS,1702994666000,1702994666000,2,103.9,,1073741824.0,,,0.0,0.0,0.0,300.94,
703,NFCORE_CHIPSEQ:CHIPSEQ:ALIGN_BWA_MEM:BAM_SORT_SAMTOOLS:BAM_STATS_SAMTOOLS:SAMTOOLS_IDXSTATS,1702994667000,1702994669000,2,42.9,,1073741824.0,,,0.00039950307465277783,0.00039950307465277783,0.0,300.94,
843,NFCORE_CHIPSEQ:CHIPSEQ:PICARD_MERGESAMFILES,1702994664000,1702994668000,3,205.8,,1073741824.0,,,0.003335272043055555,0.003335272043055555,0.0,300.94,
581,NFCORE_CHIPSEQ:CHIPSEQ:ALIGN_BWA_MEM:BAM_SORT_SAMTOOLS:BAM_STATS_SAMTOOLS:SAMTOOLS_STATS,1702994632000,1702994673000,2,134.4,,1073741824.0,,,0.022792025277777777,0.022792025277777777,0.0,300.94,
600,NFCORE_CHIPSEQ:CHIPSEQ:ALIGN_BWA_MEM:BAM_SORT_SAMTOOLS:BAM_STATS_SAMTOOLS:SAMTOOLS_IDXSTATS,1702994675000,1702994676000,2,76.8,,1073741824.0,,,0.00033170275555555553,0.00033170275555555553,0.0,300.94,
620,NFCORE_CHIPSEQ:CHIPSEQ:ALIGN_BWA_MEM:BAM_SORT_SAMTOOLS:BAM_STATS_SAMTOOLS:SAMTOOLS_STATS,1702994630000,1702994672000,2,134.0,,1073741824.0,,,0.023282536579166666,0.023282536579166666,0.0,300.94,
631,NFCORE_CHIPSEQ:CHIPSEQ:ALIGN_BWA_MEM:BAM_SORT_SAMTOOLS:BAM_STATS_SAMTOOLS:SAMTOOLS_STATS,1702994636000,1702994676000,2,134.6,,1073741824.0,,,0.022267261152777777,0.022267261152777777,0.0,300.94,
634,NFCORE_CHIPSEQ:CHIPSEQ:ALIGN_BWA_MEM:BAM_SORT_SAMTOOLS:BAM_STATS_SAMTOOLS:SAMTOOLS_STATS,1702994629000,1702994668000,2,133.4,,1073741824.0,,,0.02152841688020834,0.02152841688020834,0.0,300.94,
638,NFCORE_CHIPSEQ:CHIPSEQ:ALIGN_BWA_MEM:BAM_SORT_SAMTOOLS:BAM_STATS_SAMTOOLS:SAMTOOLS_STATS,1702994634000,1702994673000,2,132.8,,1073741824.0,,,0.021437335508333336,0.021437335508333336,0.0,300.94,
662,NFCORE_CHIPSEQ:CHIPSEQ:ALIGN_BWA_MEM:BAM_SORT_SAMTOOLS:BAM_STATS_SAMTOOLS:SAMTOOLS_FLAGSTAT,1702994663000,1702994673000,2,154.2,,1073741824.0,,,0.006329719086805556,0.006329719086805556,0.0,300.94,
684,NFCORE_CHIPSEQ:CHIPSEQ:ALIGN_BWA_MEM:BAM_SORT_SAMTOOLS:BAM_STATS_SAMTOOLS:SAMTOOLS_FLAGSTAT,1702994664000,1702994676000,2,124.9,,1073741824.0,,,0.00622710690625,0.00622710690625,0.0,300.94,
689,NFCORE_CHIPSEQ:CHIPSEQ:ALIGN_BWA_MEM:BAM_SORT_SAMTOOLS:BAM_STATS_SAMTOOLS:SAMTOOLS_FLAGSTAT,1702994666000,1702994675000,2,146.7,,1073741824.0,,,0.005434012451562499,0.005434012451562499,0.0,300.94,
691,NFCORE_CHIPSEQ:CHIPSEQ:ALIGN_BWA_MEM:BAM_SORT_SAMTOOLS:BAM_STATS_SAMTOOLS:SAMTOOLS_IDXSTATS,1702994672000,1702994674000,2,45.3,,1073741824.0,,,0.00041818643298611113,0.00041818643298611113,0.0,300.94,
837,NFCORE_CHIPSEQ:CHIPSEQ:PICARD_MERGESAMFILES,1702994671000,1702994676000,3,192.8,,1073741824.0,,,0.003916086243055556,0.003916086243055556,0.0,300.94,
611,NFCORE_CHIPSEQ:CHIPSEQ:ALIGN_BWA_MEM:BAM_SORT_SAMTOOLS:BAM_STATS_SAMTOOLS:SAMTOOLS_STATS,1702994639000,1702994678000,2,133.8,,1073741824.0,,,0.02158913779479167,0.02158913779479167,0.0,300.94,
643,NFCORE_CHIPSEQ:CHIPSEQ:ALIGN_BWA_MEM:BAM_SORT_SAMTOOLS:BAM_STATS_SAMTOOLS:SAMTOOLS_STATS,1702994643000,1702994683000,2,132.5,,1073741824.0,,,0.021940302381944447,0.021940302381944447,0.0,300.94,
673,NFCORE_CHIPSEQ:CHIPSEQ:ALIGN_BWA_MEM:BAM_SORT_SAMTOOLS:BAM_STATS_SAMTOOLS:SAMTOOLS_IDXSTATS,1702994677000,1702994678000,2,30.4,,1073741824.0,,,0.00015109695833333332,0.00015109695833333332,0.0,300.94,
675,NFCORE_CHIPSEQ:CHIPSEQ:ALIGN_BWA_MEM:BAM_SORT_SAMTOOLS:BAM_STATS_SAMTOOLS:SAMTOOLS_IDXSTATS,1702994679000,1702994679000,2,122.1,,1073741824.0,,,0.0,0.0,0.0,300.94,
690,NFCORE_CHIPSEQ:CHIPSEQ:ALIGN_BWA_MEM:BAM_SORT_SAMTOOLS:BAM_STATS_SAMTOOLS:SAMTOOLS_FLAGSTAT,1702994672000,1702994681000,2,147.5,,1073741824.0,,,0.0054620374890625,0.0054620374890625,0.0,300.94,
702,NFCORE_CHIPSEQ:CHIPSEQ:ALIGN_BWA_MEM:BAM_SORT_SAMTOOLS:BAM_STATS_SAMTOOLS:SAMTOOLS_FLAGSTAT,1702994666000,1702994678000,2,126.3,,1073741824.0,,,0.006292498660416667,0.006292498660416667,0.0,300.94,
841,NFCORE_CHIPSEQ:CHIPSEQ:PICARD_MERGESAMFILES,1702994679000,1702994686000,3,202.0,,1073741824.0,,,0.00573318913125,0.00573318913125,0.0,300.94,
599,NFCORE_CHIPSEQ:CHIPSEQ:ALIGN_BWA_MEM:BAM_SORT_SAMTOOLS:BAM_STATS_SAMTOOLS:SAMTOOLS_FLAGSTAT,1702994675000,1702994685000,2,155.5,,1073741824.0,,,0.006380319848958334,0.006380319848958334,0.0,300.94,
613,NFCORE_CHIPSEQ:CHIPSEQ:ALIGN_BWA_MEM:BAM_SORT_SAMTOOLS:BAM_STATS_SAMTOOLS:SAMTOOLS_STATS,1702994651000,1702994691000,2,133.3,,1073741824.0,,,0.022064858104166668,0.022064858104166668,0.0,300.94,
646,NFCORE_CHIPSEQ:CHIPSEQ:ALIGN_BWA_MEM:BAM_SORT_SAMTOOLS:BAM_STATS_SAMTOOLS:SAMTOOLS_IDXSTATS,1702994684000,1702994685000,2,114.3,,1073741824.0,,,0.00047766649253472217,0.00047766649253472217,0.0,300.94,
651,NFCORE_CHIPSEQ:CHIPSEQ:ALIGN_BWA_MEM:BAM_SORT_SAMTOOLS:BAM_STATS_SAMTOOLS:SAMTOOLS_STATS,1702994648000,1702994686000,2,133.1,,1073741824.0,,,0.02093203321493055,0.02093203321493055,0.0,300.94,
672,NFCORE_CHIPSEQ:CHIPSEQ:ALIGN_BWA_MEM:BAM_SORT_SAMTOOLS:BAM_STATS_SAMTOOLS:SAMTOOLS_FLAGSTAT,1702994679000,1702994692000,2,124.1,,1073741824.0,,,0.006705551872048611,0.006705551872048611,0.0,300.94,
676,NFCORE_CHIPSEQ:CHIPSEQ:ALIGN_BWA_MEM:BAM_SORT_SAMTOOLS:BAM_STATS_SAMTOOLS:SAMTOOLS_FLAGSTAT,1702994676000,1702994686000,2,149.1,,1073741824.0,,,0.006131208404513889,0.006131208404513889,0.0,300.94,
678,NFCORE_CHIPSEQ:CHIPSEQ:ALIGN_BWA_MEM:BAM_SORT_SAMTOOLS:BAM_STATS_SAMTOOLS:SAMTOOLS_IDXSTATS,1702994689000,1702994691000,2,80.4,,1073741824.0,,,0.0006914305486111112,0.0006914305486111112,0.0,300.94,
717,NFCORE_CHIPSEQ:CHIPSEQ:ALIGN_BWA_MEM:BAM_SORT_SAMTOOLS:BAM_STATS_SAMTOOLS:SAMTOOLS_IDXSTATS,1702994682000,1702994686000,2,55.4,,1073741824.0,,,0.0009936244652777777,0.0009936244652777777,0.0,300.94,
835,NFCORE_CHIPSEQ:CHIPSEQ:PICARD_MERGESAMFILES,1702994690000,1702994694000,3,198.0,,1073741824.0,,,0.003213830213888889,0.003213830213888889,0.0,300.94,
616,NFCORE_CHIPSEQ:CHIPSEQ:ALIGN_BWA_MEM:BAM_SORT_SAMTOOLS:BAM_STATS_SAMTOOLS:SAMTOOLS_STATS,1702994658000,1702994694000,2,135.9,,1073741824.0,,,0.020222697781250003,0.020222697781250003,0.0,300.94,
648,NFCORE_CHIPSEQ:CHIPSEQ:ALIGN_BWA_MEM:BAM_SORT_SAMTOOLS:BAM_STATS_SAMTOOLS:SAMTOOLS_FLAGSTAT,1702994688000,1702994697000,2,145.8,,1073741824.0,,,0.005402484284375001,0.005402484284375001,0.0,300.94,
657,NFCORE_CHIPSEQ:CHIPSEQ:ALIGN_BWA_MEM:BAM_SORT_SAMTOOLS:BAM_STATS_SAMTOOLS:SAMTOOLS_STATS,1702994653000,1702994692000,2,134.1,,1073741824.0,,,0.021634678480729166,0.021634678480729166,0.0,300.94,
663,NFCORE_CHIPSEQ:CHIPSEQ:ALIGN_BWA_MEM:BAM_SORT_SAMTOOLS:BAM_STATS_SAMTOOLS:SAMTOOLS_STATS,1702994661000,1702994700000,2,134.0,,1073741824.0,,,0.021619498252083334,0.021619498252083334,0.0,300.94,
666,NFCORE_CHIPSEQ:CHIPSEQ:ALIGN_BWA_MEM:BAM_SORT_SAMTOOLS:BAM_STATS_SAMTOOLS:SAMTOOLS_STATS,1702994658000,1702994696000,2,133.3,,1073741824.0,,,0.020961615198958335,0.020961615198958335,0.0,300.94,
679,NFCORE_CHIPSEQ:CHIPSEQ:ALIGN_BWA_MEM:BAM_SORT_SAMTOOLS:BAM_STATS_SAMTOOLS:SAMTOOLS_FLAGSTAT,1702994688000,1702994697000,2,150.7,,1073741824.0,,,0.005574137639062499,0.005574137639062499,0.0,300.94,
695,NFCORE_CHIPSEQ:CHIPSEQ:ALIGN_BWA_MEM:BAM_SORT_SAMTOOLS:BAM_STATS_SAMTOOLS:SAMTOOLS_IDXSTATS,1702994694000,1702994695000,2,32.7,,1073741824.0,,,0.00016004940086805557,0.00016004940086805557,0.0,300.94,
718,NFCORE_CHIPSEQ:CHIPSEQ:ALIGN_BWA_MEM:BAM_SORT_SAMTOOLS:BAM_STATS_SAMTOOLS:SAMTOOLS_FLAGSTAT,1702994682000,1702994694000,2,118.9,,1073741824.0,,,0.00594685653125,0.00594685653125,0.0,300.94,
721,NFCORE_CHIPSEQ:CHIPSEQ:ALIGN_BWA_MEM:BAM_SORT_SAMTOOLS:BAM_STATS_SAMTOOLS:SAMTOOLS_IDXSTATS,1702994695000,1702994696000,2,125.0,,1073741824.0,,,0.0005193148121527778,0.0005193148121527778,0.0,300.94,
845,NFCORE_CHIPSEQ:CHIPSEQ:PICARD_MERGESAMFILES,1702994697000,1702994702000,3,192.3,,1073741824.0,,,0.003906355327256945,0.003906355327256945,0.0,300.94,
686,NFCORE_CHIPSEQ:CHIPSEQ:ALIGN_BWA_MEM:BAM_SORT_SAMTOOLS:BAM_STATS_SAMTOOLS:SAMTOOLS_STATS,1702994663000,1702994702000,2,133.6,,1073741824.0,,,0.0215587773375,0.0215587773375,0.0,300.94,
687,NFCORE_CHIPSEQ:CHIPSEQ:ALIGN_BWA_MEM:BAM_SORT_SAMTOOLS:BAM_STATS_SAMTOOLS:SAMTOOLS_STATS,1702994667000,1702994703000,2,133.9,,1073741824.0,,,0.01994244740625,0.01994244740625,0.0,300.94,
696,NFCORE_CHIPSEQ:CHIPSEQ:ALIGN_BWA_MEM:BAM_SORT_SAMTOOLS:BAM_STATS_SAMTOOLS:SAMTOOLS_FLAGSTAT,1702994695000,1702994705000,2,149.9,,1073741824.0,,,0.006162347335069445,0.006162347335069445,0.0,300.94,
701,NFCORE_CHIPSEQ:CHIPSEQ:ALIGN_BWA_MEM:BAM_SORT_SAMTOOLS:BAM_STATS_SAMTOOLS:SAMTOOLS_STATS,1702994668000,1702994705000,2,133.5,,1073741824.0,,,0.020438797257118054,0.020438797257118054,0.0,300.94,
705,NFCORE_CHIPSEQ:CHIPSEQ:ALIGN_BWA_MEM:BAM_SORT_SAMTOOLS:BAM_STATS_SAMTOOLS:SAMTOOLS_IDXSTATS,1702994700000,1702994702000,2,84.2,,1073741824.0,,,0.000721012532638889,0.000721012532638889,0.0,300.94,
707,NFCORE_CHIPSEQ:CHIPSEQ:ALIGN_BWA_MEM:BAM_SORT_SAMTOOLS:BAM_STATS_SAMTOOLS:SAMTOOLS_IDXSTATS,1702994701000,1702994701000,2,94.8,,1073741824.0,,,0.0,0.0,0.0,300.94,
719,NFCORE_CHIPSEQ:CHIPSEQ:ALIGN_BWA_MEM:BAM_SORT_SAMTOOLS:BAM_STATS_SAMTOOLS:SAMTOOLS_FLAGSTAT,1702994691000,1702994702000,2,121.1,,1073741824.0,,,0.005545480418576389,0.005545480418576389,0.0,300.94,
738,NFCORE_CHIPSEQ:CHIPSEQ:ALIGN_BWA_MEM:BAM_SORT_SAMTOOLS:BAM_STATS_SAMTOOLS:SAMTOOLS_IDXSTATS,1702994706000,1702994706000,2,18.4,,1073741824.0,,,0.0,0.0,0.0,300.94,
839,NFCORE_CHIPSEQ:CHIPSEQ:PICARD_MERGESAMFILES,1702994705000,1702994709000,3,181.2,,1073741824.0,,,0.002952263197222222,0.002952263197222222,0.0,300.94,
861,NFCORE_CHIPSEQ:CHIPSEQ:PICARD_MERGESAMFILES,1702994706000,1702994709000,3,177.6,,1073741824.0,,,0.002172159841666667,0.002172159841666667,0.0,300.94,
844,NFCORE_CHIPSEQ:CHIPSEQ:PICARD_MERGESAMFILES,1702994706000,1702994709000,3,177.6,,1073741824.0,,,0.002172159841666667,0.002172159841666667,0.0,300.94,
598,NFCORE_CHIPSEQ:CHIPSEQ:ALIGN_BWA_MEM:BAM_SORT_SAMTOOLS:BAM_STATS_SAMTOOLS:SAMTOOLS_STATS,1702994675000,1702994711000,2,136.1,,1073741824.0,,,0.020250722818749997,0.020250722818749997,0.0,300.94,
671,NFCORE_CHIPSEQ:CHIPSEQ:ALIGN_BWA_MEM:BAM_SORT_SAMTOOLS:BAM_STATS_SAMTOOLS:SAMTOOLS_STATS,1702994679000,1702994716000,2,132.5,,1073741824.0,,,0.02029477970329861,0.02029477970329861,0.0,300.94,
677,NFCORE_CHIPSEQ:CHIPSEQ:ALIGN_BWA_MEM:BAM_SORT_SAMTOOLS:BAM_STATS_SAMTOOLS:SAMTOOLS_STATS,1702994679000,1702994716000,2,131.5,,1073741824.0,,,0.02015076214947917,0.02015076214947917,0.0,300.94,
692,NFCORE_CHIPSEQ:CHIPSEQ:ALIGN_BWA_MEM:BAM_SORT_SAMTOOLS:BAM_STATS_SAMTOOLS:SAMTOOLS_STATS,1702994672000,1702994709000,2,133.3,,1073741824.0,,,0.020409993746354174,0.020409993746354174,0.0,300.94,
704,NFCORE_CHIPSEQ:CHIPSEQ:ALIGN_BWA_MEM:BAM_SORT_SAMTOOLS:BAM_STATS_SAMTOOLS:SAMTOOLS_FLAGSTAT,1702994698000,1702994709000,2,127.4,,1073741824.0,,,0.005815221404513888,0.005815221404513888,0.0,300.94,
709,NFCORE_CHIPSEQ:CHIPSEQ:ALIGN_BWA_MEM:BAM_SORT_SAMTOOLS:BAM_STATS_SAMTOOLS:SAMTOOLS_FLAGSTAT,1702994701000,1702994711000,2,147.9,,1073741824.0,,,0.006084500008680557,0.006084500008680557,0.0,300.94,
711,NFCORE_CHIPSEQ:CHIPSEQ:ALIGN_BWA_MEM:BAM_SORT_SAMTOOLS:BAM_STATS_SAMTOOLS:SAMTOOLS_FLAGSTAT,1702994709000,1702994717000,2,151.9,,1073741824.0,,,0.004992155729166668,0.004992155729166668,0.0,300.94,
710,NFCORE_CHIPSEQ:CHIPSEQ:ALIGN_BWA_MEM:BAM_SORT_SAMTOOLS:BAM_STATS_SAMTOOLS:SAMTOOLS_IDXSTATS,1702994712000,1702994712000,2,71.1,,1073741824.0,,,0.0,0.0,0.0,300.94,
716,NFCORE_CHIPSEQ:CHIPSEQ:ALIGN_BWA_MEM:BAM_SORT_SAMTOOLS:BAM_STATS_SAMTOOLS:SAMTOOLS_STATS,1702994683000,1702994718000,2,133.1,,1073741824.0,,,0.01927950427690972,0.01927950427690972,0.0,300.94,
730,NFCORE_CHIPSEQ:CHIPSEQ:ALIGN_BWA_MEM:BAM_SORT_SAMTOOLS:BAM_STATS_SAMTOOLS:SAMTOOLS_FLAGSTAT,1702994711000,1702994719000,2,156.5,,1073741824.0,,,0.005135394809722223,0.005135394809722223,0.0,300.94,
737,NFCORE_CHIPSEQ:CHIPSEQ:ALIGN_BWA_MEM:BAM_SORT_SAMTOOLS:BAM_STATS_SAMTOOLS:SAMTOOLS_FLAGSTAT,1702994702000,1702994711000,2,147.4,,1073741824.0,,,0.005458534359375,0.005458534359375,0.0,300.94,
743,NFCORE_CHIPSEQ:CHIPSEQ:ALIGN_BWA_MEM:BAM_SORT_SAMTOOLS:BAM_STATS_SAMTOOLS:SAMTOOLS_IDXSTATS,1702994715000,1702994716000,2,99.4,,1073741824.0,,,0.000419670234375,0.000419670234375,0.0,300.94,
847,NFCORE_CHIPSEQ:CHIPSEQ:PICARD_MERGESAMFILES,1702994712000,1702994716000,3,191.6,,1073741824.0,,,0.003114185636111111,0.003114185636111111,0.0,300.94,
846,NFCORE_CHIPSEQ:CHIPSEQ:PICARD_MERGESAMFILES,1702994713000,1702994716000,3,200.4,,1073741824.0,,,0.002438397697916667,0.002438397697916667,0.0,300.94,
853,NFCORE_CHIPSEQ:CHIPSEQ:PICARD_MERGESAMFILES,1702994719000,1702994722000,3,197.7,,1073741824.0,,,0.002406869530729166,0.002406869530729166,0.0,300.94,
851,NFCORE_CHIPSEQ:CHIPSEQ:PICARD_MERGESAMFILES,1702994719000,1702994723000,3,193.2,,1073741824.0,,,0.003139096780555555,0.003139096780555555,0.0,300.94,
849,NFCORE_CHIPSEQ:CHIPSEQ:PICARD_MERGESAMFILES,1702994712000,1702994716000,3,197.8,,1073741824.0,,,0.0032107163208333336,0.0032107163208333336,0.0,300.94,
647,NFCORE_CHIPSEQ:CHIPSEQ:ALIGN_BWA_MEM:BAM_SORT_SAMTOOLS:BAM_STATS_SAMTOOLS:SAMTOOLS_STATS,1702994685000,1702994721000,2,133.2,,1073741824.0,,,0.019844359775,0.019844359775,0.0,300.94,
680,NFCORE_CHIPSEQ:CHIPSEQ:ALIGN_BWA_MEM:BAM_SORT_SAMTOOLS:BAM_STATS_SAMTOOLS:SAMTOOLS_STATS,1702994689000,1702994724000,2,133.3,,1073741824.0,,,0.019306750841145838,0.019306750841145838,0.0,300.94,
728,NFCORE_CHIPSEQ:CHIPSEQ:ALIGN_BWA_MEM:BAM_SORT_SAMTOOLS:BAM_STATS_SAMTOOLS:SAMTOOLS_IDXSTATS,1702994720000,1702994721000,2,121.5,,1073741824.0,,,0.0005056915300347222,0.0005056915300347222,0.0,300.94,
729,NFCORE_CHIPSEQ:CHIPSEQ:ALIGN_BWA_MEM:BAM_SORT_SAMTOOLS:BAM_STATS_SAMTOOLS:SAMTOOLS_IDXSTATS,1702994725000,1702994726000,2,110.3,,1073741824.0,,,0.00046209702725694444,0.00046209702725694444,0.0,300.94,
745,NFCORE_CHIPSEQ:CHIPSEQ:ALIGN_BWA_MEM:BAM_SORT_SAMTOOLS:BAM_STATS_SAMTOOLS:SAMTOOLS_FLAGSTAT,1702994715000,1702994723000,2,146.4,,1073741824.0,,,0.00482089161111111,0.00482089161111111,0.0,300.94,
751,NFCORE_CHIPSEQ:CHIPSEQ:ALIGN_BWA_MEM:BAM_SORT_SAMTOOLS:BAM_STATS_SAMTOOLS:SAMTOOLS_IDXSTATS,1702994727000,1702994727000,2,73.3,,1073741824.0,,,0.0,0.0,0.0,300.94,
850,NFCORE_CHIPSEQ:CHIPSEQ:PICARD_MERGESAMFILES,1702994725000,1702994728000,3,200.8,,1073741824.0,,,0.0024430685375000003,0.0024430685375000003,0.0,300.94,
858,NFCORE_CHIPSEQ:CHIPSEQ:PICARD_MERGESAMFILES,1702994720000,1702994723000,3,191.9,,1073741824.0,,,0.0023391423567708336,0.0023391423567708336,0.0,300.94,
857,NFCORE_CHIPSEQ:CHIPSEQ:PICARD_MERGESAMFILES,1702994726000,1702994731000,3,185.9,,1073741824.0,,,0.0037817996050347226,0.0037817996050347226,0.0,300.94,
855,NFCORE_CHIPSEQ:CHIPSEQ:PICARD_MERGESAMFILES,1702994725000,1702994731000,3,180.2,,1073741824.0,,,0.0044050405979166665,0.0044050405979166665,0.0,300.94,
848,NFCORE_CHIPSEQ:CHIPSEQ:PICARD_MERGESAMFILES,1702994720000,1702994723000,3,211.2,,1073741824.0,,,0.0025645103666666665,0.0025645103666666665,0.0,300.94,
697,NFCORE_CHIPSEQ:CHIPSEQ:ALIGN_BWA_MEM:BAM_SORT_SAMTOOLS:BAM_STATS_SAMTOOLS:SAMTOOLS_STATS,1702994694000,1702994729000,2,132.5,,1073741824.0,,,0.01919776458420139,0.01919776458420139,0.0,300.94,
708,NFCORE_CHIPSEQ:CHIPSEQ:ALIGN_BWA_MEM:BAM_SORT_SAMTOOLS:BAM_STATS_SAMTOOLS:SAMTOOLS_STATS,1702994700000,1702994735000,2,132.6,,1073741824.0,,,0.019211387866319443,0.019211387866319443,0.0,300.94,
720,NFCORE_CHIPSEQ:CHIPSEQ:ALIGN_BWA_MEM:BAM_SORT_SAMTOOLS:BAM_STATS_SAMTOOLS:SAMTOOLS_STATS,1702994697000,1702994731000,2,135.3,,1073741824.0,,,0.01901981029826389,0.01901981029826389,0.0,300.94,
727,NFCORE_CHIPSEQ:CHIPSEQ:ALIGN_BWA_MEM:BAM_SORT_SAMTOOLS:BAM_STATS_SAMTOOLS:SAMTOOLS_FLAGSTAT,1702994721000,1702994731000,2,151.8,,1073741824.0,,,0.006236302295138891,0.006236302295138891,0.0,300.94,
770,NFCORE_CHIPSEQ:CHIPSEQ:ALIGN_BWA_MEM:BAM_SORT_SAMTOOLS:BAM_STATS_SAMTOOLS:SAMTOOLS_IDXSTATS,1702994732000,1702994732000,2,104.1,,1073741824.0,,,0.0,0.0,0.0,300.94,
856,NFCORE_CHIPSEQ:CHIPSEQ:PICARD_MERGESAMFILES,1702994725000,1702994731000,3,190.3,,1073741824.0,,,0.0046409179968750006,0.0046409179968750006,0.0,300.94,
862,NFCORE_CHIPSEQ:CHIPSEQ:PICARD_MERGESAMFILES,1702994727000,1702994732000,3,212.2,,1073741824.0,,,0.004293645776041667,0.004293645776041667,0.0,300.94,
874,NFCORE_CHIPSEQ:CHIPSEQ:PICARD_MERGESAMFILES,1702994731000,1702994735000,3,203.2,,1073741824.0,,,0.0032947914333333332,0.0032947914333333332,0.0,300.94,
659,NFCORE_CHIPSEQ:CHIPSEQ:ALIGN_BWA_MEM:BAM_SORT_SAMTOOLS:BAM_STATS_SAMTOOLS:SAMTOOLS_IDXSTATS,1702994735000,1702994736000,2,97.6,,1073741824.0,,,0.000412663975,0.000412663975,0.0,300.94,
736,NFCORE_CHIPSEQ:CHIPSEQ:ALIGN_BWA_MEM:BAM_SORT_SAMTOOLS:BAM_STATS_SAMTOOLS:SAMTOOLS_STATS,1702994705000,1702994737000,2,133.8,,1073741824.0,,,0.01771416434444445,0.01771416434444445,0.0,300.94,
753,NFCORE_CHIPSEQ:CHIPSEQ:ALIGN_BWA_MEM:BAM_SORT_SAMTOOLS:BAM_STATS_SAMTOOLS:SAMTOOLS_FLAGSTAT,1702994729000,1702994736000,2,154.4,,1073741824.0,,,0.004436252673611111,0.004436252673611111,0.0,300.94,
865,NFCORE_CHIPSEQ:CHIPSEQ:PICARD_MERGESAMFILES,1702994735000,1702994739000,3,138.6,,1073741824.0,,,0.0022890039763888885,0.0022890039763888885,0.0,300.94,
863,NFCORE_CHIPSEQ:CHIPSEQ:PICARD_MERGESAMFILES,1702994738000,1702994741000,3,199.5,,1073741824.0,,,0.002427888308854166,0.002427888308854166,0.0,300.94,
859,NFCORE_CHIPSEQ:CHIPSEQ:PICARD_MERGESAMFILES,1702994735000,1702994739000,3,200.3,,1073741824.0,,,0.0032496399840277776,0.0032496399840277776,0.0,300.94,
866,NFCORE_CHIPSEQ:CHIPSEQ:PICARD_MERGESAMFILES,1702994735000,1702994739000,3,144.2,,1073741824.0,,,0.0023761929819444442,0.0023761929819444442,0.0,300.94,
854,NFCORE_CHIPSEQ:CHIPSEQ:PICARD_MERGESAMFILES,1702994735000,1702994739000,3,175.3,,1073741824.0,,,0.002860403352083334,0.002860403352083334,0.0,300.94,
660,NFCORE_CHIPSEQ:CHIPSEQ:ALIGN_BWA_MEM:BAM_SORT_SAMTOOLS:BAM_STATS_SAMTOOLS:SAMTOOLS_FLAGSTAT,1702994735000,1702994746000,2,133.5,,1073741824.0,,,0.006076399184548611,0.006076399184548611,0.0,300.94,
706,NFCORE_CHIPSEQ:CHIPSEQ:ALIGN_BWA_MEM:BAM_SORT_SAMTOOLS:BAM_STATS_SAMTOOLS:SAMTOOLS_STATS,1702994709000,1702994742000,2,133.9,,1073741824.0,,,0.0182805767890625,0.0182805767890625,0.0,300.94,
712,NFCORE_CHIPSEQ:CHIPSEQ:ALIGN_BWA_MEM:BAM_SORT_SAMTOOLS:BAM_STATS_SAMTOOLS:SAMTOOLS_STATS,1702994714000,1702994748000,2,133.2,,1073741824.0,,,0.018741895343055554,0.018741895343055554,0.0,300.94,
744,NFCORE_CHIPSEQ:CHIPSEQ:ALIGN_BWA_MEM:BAM_SORT_SAMTOOLS:BAM_STATS_SAMTOOLS:SAMTOOLS_STATS,1702994714000,1702994746000,2,134.6,,1073741824.0,,,0.017813808922222223,0.017813808922222223,0.0,300.94,
754,NFCORE_CHIPSEQ:CHIPSEQ:ALIGN_BWA_MEM:BAM_SORT_SAMTOOLS:BAM_STATS_SAMTOOLS:SAMTOOLS_FLAGSTAT,1702994739000,1702994746000,2,152.9,,1073741824.0,,,0.004395382827256944,0.004395382827256944,0.0,300.94,
755,NFCORE_CHIPSEQ:CHIPSEQ:ALIGN_BWA_MEM:BAM_SORT_SAMTOOLS:BAM_STATS_SAMTOOLS:SAMTOOLS_IDXSTATS,1702994741000,1702994742000,2,105.3,,1073741824.0,,,0.00044263519565972224,0.00044263519565972224,0.0,300.94,
762,NFCORE_CHIPSEQ:CHIPSEQ:ALIGN_BWA_MEM:BAM_SORT_SAMTOOLS:BAM_STATS_SAMTOOLS:SAMTOOLS_IDXSTATS,1702994745000,1702994746000,2,122.1,,1073741824.0,,,0.0005080269498263889,0.0005080269498263889,0.0,300.94,
771,NFCORE_CHIPSEQ:CHIPSEQ:ALIGN_BWA_MEM:BAM_SORT_SAMTOOLS:BAM_STATS_SAMTOOLS:SAMTOOLS_FLAGSTAT,1702994736000,1702994745000,2,136.7,,1073741824.0,,,0.005083699482812501,0.005083699482812501,0.0,300.94,
789,NFCORE_CHIPSEQ:CHIPSEQ:ALIGN_BWA_MEM:BAM_SORT_SAMTOOLS:BAM_STATS_SAMTOOLS:SAMTOOLS_IDXSTATS,1702994750000,1702994751000,2,84.8,,1073741824.0,,,0.0003628416861111111,0.0003628416861111111,0.0,300.94,
860,NFCORE_CHIPSEQ:CHIPSEQ:PICARD_MERGESAMFILES,1702994743000,1702994746000,3,207.6,,1073741824.0,,,0.0025224728104166665,0.0025224728104166665,0.0,300.94,
870,NFCORE_CHIPSEQ:CHIPSEQ:PICARD_MERGESAMFILES,1702994744000,1702994748000,3,206.3,,1073741824.0,,,0.003343056775694445,0.003343056775694445,0.0,300.94,
864,NFCORE_CHIPSEQ:CHIPSEQ:PICARD_MERGESAMFILES,1702994742000,1702994746000,3,202.2,,1073741824.0,,,0.003279221968055555,0.003279221968055555,0.0,300.94,
871,NFCORE_CHIPSEQ:CHIPSEQ:PICARD_MERGESAMFILES,1702994743000,1702994746000,3,195.5,,1073741824.0,,,0.0023811799130208336,0.0023811799130208336,0.0,300.94,
879,NFCORE_CHIPSEQ:CHIPSEQ:PICARD_MERGESAMFILES,1702994750000,1702994755000,3,196.5,,1073741824.0,,,0.003988095019965278,0.003988095019965278,0.0,300.94,
873,NFCORE_CHIPSEQ:CHIPSEQ:PICARD_MERGESAMFILES,1702994749000,1702994752000,3,207.3,,1073741824.0,,,0.0025189696807291664,0.0025189696807291664,0.0,300.94,
852,NFCORE_CHIPSEQ:CHIPSEQ:PICARD_MERGESAMFILES,1702994743000,1702994746000,3,208.2,,1073741824.0,,,0.0025294790697916666,0.0025294790697916666,0.0,300.94,
726,NFCORE_CHIPSEQ:CHIPSEQ:ALIGN_BWA_MEM:BAM_SORT_SAMTOOLS:BAM_STATS_SAMTOOLS:SAMTOOLS_STATS,1702994719000,1702994751000,2,134.8,,1073741824.0,,,0.017838720066666668,0.017838720066666668,0.0,300.94,
731,NFCORE_CHIPSEQ:CHIPSEQ:ALIGN_BWA_MEM:BAM_SORT_SAMTOOLS:BAM_STATS_SAMTOOLS:SAMTOOLS_STATS,1702994721000,1702994755000,2,133.0,,1073741824.0,,,0.018715427252083333,0.018715427252083333,0.0,300.94,
752,NFCORE_CHIPSEQ:CHIPSEQ:ALIGN_BWA_MEM:BAM_SORT_SAMTOOLS:BAM_STATS_SAMTOOLS:SAMTOOLS_STATS,1702994728000,1702994760000,2,134.2,,1073741824.0,,,0.01776398663333333,0.01776398663333333,0.0,300.94,
761,NFCORE_CHIPSEQ:CHIPSEQ:ALIGN_BWA_MEM:BAM_SORT_SAMTOOLS:BAM_STATS_SAMTOOLS:SAMTOOLS_FLAGSTAT,1702994745000,1702994755000,2,146.4,,1073741824.0,,,0.00602611451388889,0.00602611451388889,0.0,300.94,
786,NFCORE_CHIPSEQ:CHIPSEQ:ALIGN_BWA_MEM:BAM_SORT_SAMTOOLS:BAM_STATS_SAMTOOLS:SAMTOOLS_IDXSTATS,1702994755000,1702994756000,2,67.2,,1073741824.0,,,0.0002943360388888889,0.0002943360388888889,0.0,300.94,
785,NFCORE_CHIPSEQ:CHIPSEQ:ALIGN_BWA_MEM:BAM_SORT_SAMTOOLS:BAM_STATS_SAMTOOLS:SAMTOOLS_FLAGSTAT,1702994752000,1702994759000,2,151.5,,1073741824.0,,,0.004357237637326389,0.004357237637326389,0.0,300.94,
788,NFCORE_CHIPSEQ:CHIPSEQ:ALIGN_BWA_MEM:BAM_SORT_SAMTOOLS:BAM_STATS_SAMTOOLS:SAMTOOLS_FLAGSTAT,1702994749000,1702994758000,2,140.0,,1073741824.0,,,0.005199302762499999,0.005199302762499999,0.0,300.94,
797,NFCORE_CHIPSEQ:CHIPSEQ:ALIGN_BWA_MEM:BAM_SORT_SAMTOOLS:BAM_STATS_SAMTOOLS:SAMTOOLS_IDXSTATS,1702994755000,1702994756000,2,76.6,,1073741824.0,,,0.0003309242822916666,0.0003309242822916666,0.0,300.94,
798,NFCORE_CHIPSEQ:CHIPSEQ:ALIGN_BWA_MEM:BAM_SORT_SAMTOOLS:BAM_STATS_SAMTOOLS:SAMTOOLS_IDXSTATS,1702994759000,1702994760000,2,82.1,,1073741824.0,,,0.00035233229704861115,0.00035233229704861115,0.0,300.94,
869,NFCORE_CHIPSEQ:CHIPSEQ:PICARD_MERGESAMFILES,1702994750000,1702994755000,3,195.3,,1073741824.0,,,0.003964740822048611,0.003964740822048611,0.0,300.94,
868,NFCORE_CHIPSEQ:CHIPSEQ:PICARD_MERGESAMFILES,1702994750000,1702994755000,3,198.4,,1073741824.0,,,0.0040250725,0.0040250725,0.0,300.94,
878,NFCORE_CHIPSEQ:CHIPSEQ:PICARD_MERGESAMFILES,1702994755000,1702994758000,3,208.5,,1073741824.0,,,0.002532982199479167,0.002532982199479167,0.0,300.94,
881,NFCORE_CHIPSEQ:CHIPSEQ:PICARD_MERGESAMFILES,1702994752000,1702994755000,3,199.0,,1073741824.0,,,0.0024220497593750003,0.0024220497593750003,0.0,300.94,
875,NFCORE_CHIPSEQ:CHIPSEQ:PICARD_MERGESAMFILES,1702994759000,1702994762000,3,195.0,,1073741824.0,,,0.002375341363541667,0.002375341363541667,0.0,300.94,
884,NFCORE_CHIPSEQ:CHIPSEQ:PICARD_MERGESAMFILES,1702994758000,1702994763000,3,193.0,,1073741824.0,,,0.003919978609375,0.003919978609375,0.0,300.94,
769,NFCORE_CHIPSEQ:CHIPSEQ:ALIGN_BWA_MEM:BAM_SORT_SAMTOOLS:BAM_STATS_SAMTOOLS:SAMTOOLS_IDXSTATS,1702994764000,1702994766000,2,90.8,,1073741824.0,,,0.0007723917680555557,0.0007723917680555557,0.0,300.94,
772,NFCORE_CHIPSEQ:CHIPSEQ:ALIGN_BWA_MEM:BAM_SORT_SAMTOOLS:BAM_STATS_SAMTOOLS:SAMTOOLS_STATS,1702994731000,1702994761000,2,134.5,,1073741824.0,,,0.016688768765625,0.016688768765625,0.0,300.94,
779,NFCORE_CHIPSEQ:CHIPSEQ:ALIGN_BWA_MEM:BAM_SORT_SAMTOOLS:BAM_STATS_SAMTOOLS:SAMTOOLS_IDXSTATS,1702994762000,1702994763000,2,103.2,,1073741824.0,,,0.0004344612263888889,0.0004344612263888889,0.0,300.94,
796,NFCORE_CHIPSEQ:CHIPSEQ:ALIGN_BWA_MEM:BAM_SORT_SAMTOOLS:BAM_STATS_SAMTOOLS:SAMTOOLS_FLAGSTAT,1702994758000,1702994766000,2,143.7,,1073741824.0,,,0.00473681649861111,0.00473681649861111,0.0,300.94,
867,NFCORE_CHIPSEQ:CHIPSEQ:PICARD_MERGESAMFILES,1702994758000,1702994763000,3,198.3,,1073741824.0,,,0.004023126316840279,0.004023126316840279,0.0,300.94,
882,NFCORE_CHIPSEQ:CHIPSEQ:PICARD_MERGESAMFILES,1702994758000,1702994763000,3,191.9,,1073741824.0,,,0.003898570594618056,0.003898570594618056,0.0,300.94,
886,NFCORE_CHIPSEQ:CHIPSEQ:PICARD_MERGESAMFILES,1702994765000,1702994769000,3,202.5,,1073741824.0,,,0.0032838928076388894,0.0032838928076388894,0.0,300.94,
880,NFCORE_CHIPSEQ:CHIPSEQ:PICARD_MERGESAMFILES,1702994761000,1702994766000,3,197.2,,1073741824.0,,,0.004001718302083334,0.004001718302083334,0.0,300.94,
661,NFCORE_CHIPSEQ:CHIPSEQ:ALIGN_BWA_MEM:BAM_SORT_SAMTOOLS:BAM_STATS_SAMTOOLS:SAMTOOLS_STATS,1702994738000,1702994771000,2,134.1,,1073741824.0,,,0.018306266406770834,0.018306266406770834,0.0,300.94,
756,NFCORE_CHIPSEQ:CHIPSEQ:ALIGN_BWA_MEM:BAM_SORT_SAMTOOLS:BAM_STATS_SAMTOOLS:SAMTOOLS_STATS,1702994739000,1702994771000,2,132.9,,1073741824.0,,,0.017602064194444447,0.017602064194444447,0.0,300.94,
781,NFCORE_CHIPSEQ:CHIPSEQ:ALIGN_BWA_MEM:BAM_SORT_SAMTOOLS:BAM_STATS_SAMTOOLS:SAMTOOLS_FLAGSTAT,1702994763000,1702994770000,2,153.6,,1073741824.0,,,0.004414455422222222,0.004414455422222222,0.0,300.94,
799,NFCORE_CHIPSEQ:CHIPSEQ:ALIGN_BWA_MEM:BAM_SORT_SAMTOOLS:BAM_STATS_SAMTOOLS:SAMTOOLS_FLAGSTAT,1702994759000,1702994768000,2,137.9,,1073741824.0,,,0.0051257370390625,0.0051257370390625,0.0,300.94,
887,NFCORE_CHIPSEQ:CHIPSEQ:PICARD_MERGESAMFILES,1702994767000,1702994770000,3,190.5,,1073741824.0,,,0.0023227944182291666,0.0023227944182291666,0.0,300.94,
876,NFCORE_CHIPSEQ:CHIPSEQ:PICARD_MERGESAMFILES,1702994767000,1702994770000,3,186.2,,1073741824.0,,,0.0022725828927083335,0.0022725828927083335,0.0,300.94,
877,NFCORE_CHIPSEQ:CHIPSEQ:PICARD_MERGESAMFILES,1702994767000,1702994770000,3,194.6,,1073741824.0,,,0.002370670523958334,0.002370670523958334,0.0,300.94,
889,NFCORE_CHIPSEQ:CHIPSEQ:PICARD_MERGESAMFILES,1702994770000,1702994773000,3,211.2,,1073741824.0,,,0.0025645103666666665,0.0025645103666666665,0.0,300.94,
885,NFCORE_CHIPSEQ:CHIPSEQ:PICARD_MERGESAMFILES,1702994771000,1702994775000,3,205.8,,1073741824.0,,,0.003335272043055555,0.003335272043055555,0.0,300.94,
724,NFCORE_CHIPSEQ:CHIPSEQ:ALIGN_BWA_MEM:BAM_SORT_SAMTOOLS:BAM_STATS_SAMTOOLS:SAMTOOLS_IDXSTATS,1702994773000,1702994776000,2,103.9,,1073741824.0,,,0.0013115576484375,0.0013115576484375,0.0,300.94,
725,NFCORE_CHIPSEQ:CHIPSEQ:ALIGN_BWA_MEM:BAM_SORT_SAMTOOLS:BAM_STATS_SAMTOOLS:SAMTOOLS_FLAGSTAT,1702994770000,1702994779000,2,151.3,,1073741824.0,,,0.005595156417187501,0.005595156417187501,0.0,300.94,
763,NFCORE_CHIPSEQ:CHIPSEQ:ALIGN_BWA_MEM:BAM_SORT_SAMTOOLS:BAM_STATS_SAMTOOLS:SAMTOOLS_STATS,1702994747000,1702994779000,2,135.6,,1073741824.0,,,0.017938364644444444,0.017938364644444444,0.0,300.94,
768,NFCORE_CHIPSEQ:CHIPSEQ:ALIGN_BWA_MEM:BAM_SORT_SAMTOOLS:BAM_STATS_SAMTOOLS:SAMTOOLS_FLAGSTAT,1702994769000,1702994779000,2,140.0,,1073741824.0,,,0.005777003069444445,0.005777003069444445,0.0,300.94,
802,NFCORE_CHIPSEQ:CHIPSEQ:ALIGN_BWA_MEM:BAM_SORT_SAMTOOLS:BAM_STATS_SAMTOOLS:SAMTOOLS_IDXSTATS,1702994774000,1702994775000,2,108.5,,1073741824.0,,,0.00045509076788194445,0.00045509076788194445,0.0,300.94,
896,NFCORE_CHIPSEQ:CHIPSEQ:PICARD_MERGESAMFILES,1702994774000,1702994779000,3,203.1,,1073741824.0,,,0.004116543108506945,0.004116543108506945,0.0,300.94,
894,NFCORE_CHIPSEQ:CHIPSEQ:PICARD_MERGESAMFILES,1702994774000,1702994779000,3,186.5,,1073741824.0,,,0.0037934767039930557,0.0037934767039930557,0.0,300.94,
893,NFCORE_CHIPSEQ:CHIPSEQ:PICARD_MERGESAMFILES,1702994774000,1702994779000,3,200.3,,1073741824.0,,,0.0040620499800347225,0.0040620499800347225,0.0,300.94,
895,NFCORE_CHIPSEQ:CHIPSEQ:PICARD_MERGESAMFILES,1702994776000,1702994780000,3,201.2,,1073741824.0,,,0.003263652502777777,0.003263652502777777,0.0,300.94,
758,NFCORE_CHIPSEQ:CHIPSEQ:ALIGN_BWA_MEM:BAM_SORT_SAMTOOLS:BAM_STATS_SAMTOOLS:SAMTOOLS_IDXSTATS,1702994782000,1702994783000,2,100.6,,1073741824.0,,,0.0004243410739583332,0.0004243410739583332,0.0,300.94,
787,NFCORE_CHIPSEQ:CHIPSEQ:ALIGN_BWA_MEM:BAM_SORT_SAMTOOLS:BAM_STATS_SAMTOOLS:SAMTOOLS_STATS,1702994750000,1702994782000,2,134.2,,1073741824.0,,,0.01776398663333333,0.01776398663333333,0.0,300.94,
790,NFCORE_CHIPSEQ:CHIPSEQ:ALIGN_BWA_MEM:BAM_SORT_SAMTOOLS:BAM_STATS_SAMTOOLS:SAMTOOLS_STATS,1702994749000,1702994781000,2,133.1,,1073741824.0,,,0.01762697533888889,0.01762697533888889,0.0,300.94,
801,NFCORE_CHIPSEQ:CHIPSEQ:ALIGN_BWA_MEM:BAM_SORT_SAMTOOLS:BAM_STATS_SAMTOOLS:SAMTOOLS_FLAGSTAT,1702994778000,1702994786000,2,147.7,,1073741824.0,,,0.0048613722208333335,0.0048613722208333335,0.0,300.94,
872,NFCORE_CHIPSEQ:CHIPSEQ:PICARD_MERGESAMFILES,1702994779000,1702994782000,3,206.8,,1073741824.0,,,0.00251313113125,0.00251313113125,0.0,300.94,
890,NFCORE_CHIPSEQ:CHIPSEQ:PICARD_MERGESAMFILES,1702994782000,1702994786000,3,204.6,,1073741824.0,,,0.003316588684722222,0.003316588684722222,0.0,300.94,
748,NFCORE_CHIPSEQ:CHIPSEQ:ALIGN_BWA_MEM:BAM_SORT_SAMTOOLS:BAM_STATS_SAMTOOLS:SAMTOOLS_IDXSTATS,1702994786000,1702994787000,2,63.4,,1073741824.0,,,0.000279545046875,0.000279545046875,0.0,300.94,
815,NFCORE_CHIPSEQ:CHIPSEQ:ALIGN_BWA_MEM:BAM_SORT_SAMTOOLS:BAM_STATS_SAMTOOLS:SAMTOOLS_IDXSTATS,1702994786000,1702994787000,2,112.7,,1073741824.0,,,0.00047143870642361114,0.00047143870642361114,0.0,300.94,
883,NFCORE_CHIPSEQ:CHIPSEQ:PICARD_MERGESAMFILES,1702994783000,1702994788000,3,128.4,,1073741824.0,,,0.0026627442881944447,0.0026627442881944447,0.0,300.94,
891,NFCORE_CHIPSEQ:CHIPSEQ:PICARD_MERGESAMFILES,1702994785000,1702994790000,3,199.0,,1073741824.0,,,0.0040367495989583335,0.0040367495989583335,0.0,300.94,
897,NFCORE_CHIPSEQ:CHIPSEQ:PICARD_MERGESAMFILES,1702994788000,1702994791000,3,205.7,,1073741824.0,,,0.0025002863223958336,0.0025002863223958336,0.0,300.94,
892,NFCORE_CHIPSEQ:CHIPSEQ:PICARD_MERGESAMFILES,1702994783000,1702994788000,3,131.2,,1073741824.0,,,0.0027172374166666664,0.0027172374166666664,0.0,300.94,
903,NFCORE_CHIPSEQ:CHIPSEQ:PICARD_MERGESAMFILES,1702994783000,1702994788000,3,131.5,,1073741824.0,,,0.0027230759661458336,0.0027230759661458336,0.0,300.94,
750,NFCORE_CHIPSEQ:CHIPSEQ:ALIGN_BWA_MEM:BAM_SORT_SAMTOOLS:BAM_STATS_SAMTOOLS:SAMTOOLS_FLAGSTAT,1702994783000,1702994791000,2,154.8,,1073741824.0,,,0.005082458627777778,0.005082458627777778,0.0,300.94,
760,NFCORE_CHIPSEQ:CHIPSEQ:ALIGN_BWA_MEM:BAM_SORT_SAMTOOLS:BAM_STATS_SAMTOOLS:SAMTOOLS_FLAGSTAT,1702994783000,1702994795000,2,132.0,,1073741824.0,,,0.006558736516666667,0.006558736516666667,0.0,300.94,
780,NFCORE_CHIPSEQ:CHIPSEQ:ALIGN_BWA_MEM:BAM_SORT_SAMTOOLS:BAM_STATS_SAMTOOLS:SAMTOOLS_STATS,1702994762000,1702994792000,2,133.4,,1073741824.0,,,0.016560320677083337,0.016560320677083337,0.0,300.94,
795,NFCORE_CHIPSEQ:CHIPSEQ:ALIGN_BWA_MEM:BAM_SORT_SAMTOOLS:BAM_STATS_SAMTOOLS:SAMTOOLS_STATS,1702994758000,1702994791000,2,133.1,,1073741824.0,,,0.018177818318229167,0.018177818318229167,0.0,300.94,
800,NFCORE_CHIPSEQ:CHIPSEQ:ALIGN_BWA_MEM:BAM_SORT_SAMTOOLS:BAM_STATS_SAMTOOLS:SAMTOOLS_STATS,1702994761000,1702994792000,2,132.3,,1073741824.0,,,0.01697960167482639,0.01697960167482639,0.0,300.94,
821,NFCORE_CHIPSEQ:CHIPSEQ:ALIGN_BWA_MEM:BAM_SORT_SAMTOOLS:BAM_STATS_SAMTOOLS:SAMTOOLS_IDXSTATS,1702994795000,1702994796000,2,68.4,,1073741824.0,,,0.0002990068784722222,0.0002990068784722222,0.0,300.94,
898,NFCORE_CHIPSEQ:CHIPSEQ:PICARD_MERGESAMFILES,1702994791000,1702994796000,3,148.3,,1073741824.0,,,0.003050034736979167,0.003050034736979167,0.0,300.94,
900,NFCORE_CHIPSEQ:CHIPSEQ:PICARD_MERGESAMFILES,1702994793000,1702994796000,3,206.0,,1073741824.0,,,0.0025037894520833336,0.0025037894520833336,0.0,300.94,
904,NFCORE_CHIPSEQ:CHIPSEQ:PICARD_MERGESAMFILES,1702994791000,1702994796000,3,148.5,,1073741824.0,,,0.003053927103298611,0.003053927103298611,0.0,300.94,
907,NFCORE_CHIPSEQ:CHIPSEQ:PICARD_MERGESAMFILES,1702994792000,1702994796000,3,151.9,,1073741824.0,,,0.002496077864583334,0.002496077864583334,0.0,300.94,
767,NFCORE_CHIPSEQ:CHIPSEQ:ALIGN_BWA_MEM:BAM_SORT_SAMTOOLS:BAM_STATS_SAMTOOLS:SAMTOOLS_STATS,1702994766000,1702994796000,2,133.3,,1073741824.0,,,0.016548643578125,0.016548643578125,0.0,300.94,
820,NFCORE_CHIPSEQ:CHIPSEQ:ALIGN_BWA_MEM:BAM_SORT_SAMTOOLS:BAM_STATS_SAMTOOLS:SAMTOOLS_FLAGSTAT,1702994790000,1702994797000,2,147.6,,1073741824.0,,,0.004250976036805555,0.004250976036805555,0.0,300.94,
901,NFCORE_CHIPSEQ:CHIPSEQ:PICARD_MERGESAMFILES,1702994795000,1702994798000,3,200.7,,1073741824.0,,,0.002441900827604167,0.002441900827604167,0.0,300.94,
723,NFCORE_CHIPSEQ:CHIPSEQ:ALIGN_BWA_MEM:BAM_SORT_SAMTOOLS:BAM_STATS_SAMTOOLS:SAMTOOLS_STATS,1702994771000,1702994803000,2,135.0,,1073741824.0,,,0.017863631211111113,0.017863631211111113,0.0,300.94,
740,NFCORE_CHIPSEQ:CHIPSEQ:ALIGN_BWA_MEM:BAM_SORT_SAMTOOLS:BAM_STATS_SAMTOOLS:SAMTOOLS_IDXSTATS,1702994804000,1702994805000,2,46.8,,1073741824.0,,,0.00021493176597222222,0.00021493176597222222,0.0,300.94,
764,NFCORE_CHIPSEQ:CHIPSEQ:ALIGN_BWA_MEM:BAM_SORT_SAMTOOLS:BAM_STATS_SAMTOOLS:SAMTOOLS_FLAGSTAT,1702994796000,1702994804000,2,155.0,,1073741824.0,,,0.005088686413888889,0.005088686413888889,0.0,300.94,
765,NFCORE_CHIPSEQ:CHIPSEQ:ALIGN_BWA_MEM:BAM_SORT_SAMTOOLS:BAM_STATS_SAMTOOLS:SAMTOOLS_IDXSTATS,1702994798000,1702994801000,2,106.7,,1073741824.0,,,0.0013442535255208336,0.0013442535255208336,0.0,300.94,
803,NFCORE_CHIPSEQ:CHIPSEQ:ALIGN_BWA_MEM:BAM_SORT_SAMTOOLS:BAM_STATS_SAMTOOLS:SAMTOOLS_STATS,1702994774000,1702994804000,2,133.5,,1073741824.0,,,0.016571997776041666,0.016571997776041666,0.0,300.94,
816,NFCORE_CHIPSEQ:CHIPSEQ:ALIGN_BWA_MEM:BAM_SORT_SAMTOOLS:BAM_STATS_SAMTOOLS:SAMTOOLS_FLAGSTAT,1702994790000,1702994801000,2,127.1,,1073741824.0,,,0.005802376595659723,0.005802376595659723,0.0,300.94,
824,NFCORE_CHIPSEQ:CHIPSEQ:ALIGN_BWA_MEM:BAM_SORT_SAMTOOLS:BAM_STATS_SAMTOOLS:SAMTOOLS_IDXSTATS,1702994800000,1702994801000,2,104.9,,1073741824.0,,,0.0004410782491319444,0.0004410782491319444,0.0,300.94,
902,NFCORE_CHIPSEQ:CHIPSEQ:PICARD_MERGESAMFILES,1702994799000,1702994805000,3,157.0,,1073741824.0,,,0.00386322320625,0.00386322320625,0.0,300.94,
906,NFCORE_CHIPSEQ:CHIPSEQ:PICARD_MERGESAMFILES,1702994799000,1702994805000,3,158.3,,1073741824.0,,,0.0038935836635416673,0.0038935836635416673,0.0,300.94,
908,NFCORE_CHIPSEQ:CHIPSEQ:PICARD_MERGESAMFILES,1702994800000,1702994805000,3,207.8,,1073741824.0,,,0.004208013717013889,0.004208013717013889,0.0,300.94,
912,NFCORE_CHIPSEQ:CHIPSEQ:PICARD_MERGESAMFILES,1702994800000,1702994804000,3,206.0,,1073741824.0,,,0.003338385936111111,0.003338385936111111,0.0,300.94,
916,NFCORE_CHIPSEQ:CHIPSEQ:PICARD_MERGESAMFILES,1702994802000,1702994805000,3,197.4,,1073741824.0,,,0.0024033664010416674,0.0024033664010416674,0.0,300.94,
759,NFCORE_CHIPSEQ:CHIPSEQ:ALIGN_BWA_MEM:BAM_SORT_SAMTOOLS:BAM_STATS_SAMTOOLS:SAMTOOLS_STATS,1702994780000,1702994810000,2,135.3,,1073741824.0,,,0.016782185557291666,0.016782185557291666,0.0,300.94,
817,NFCORE_CHIPSEQ:CHIPSEQ:ALIGN_BWA_MEM:BAM_SORT_SAMTOOLS:BAM_STATS_SAMTOOLS:SAMTOOLS_IDXSTATS,1702994806000,1702994807000,2,69.6,,1073741824.0,,,0.0003036777180555555,0.0003036777180555555,0.0,300.94,
823,NFCORE_CHIPSEQ:CHIPSEQ:ALIGN_BWA_MEM:BAM_SORT_SAMTOOLS:BAM_STATS_SAMTOOLS:SAMTOOLS_FLAGSTAT,1702994799000,1702994807000,2,123.8,,1073741824.0,,,0.004117151780555555,0.004117151780555555,0.0,300.94,
741,NFCORE_CHIPSEQ:CHIPSEQ:ALIGN_BWA_MEM:BAM_SORT_SAMTOOLS:BAM_STATS_SAMTOOLS:SAMTOOLS_FLAGSTAT,1702994804000,1702994813000,2,153.6,,1073741824.0,,,0.005675728400000001,0.005675728400000001,0.0,300.94,
749,NFCORE_CHIPSEQ:CHIPSEQ:ALIGN_BWA_MEM:BAM_SORT_SAMTOOLS:BAM_STATS_SAMTOOLS:SAMTOOLS_STATS,1702994783000,1702994814000,2,135.7,,1073741824.0,,,0.01738985708489583,0.01738985708489583,0.0,300.94,
814,NFCORE_CHIPSEQ:CHIPSEQ:ALIGN_BWA_MEM:BAM_SORT_SAMTOOLS:BAM_STATS_SAMTOOLS:SAMTOOLS_STATS,1702994789000,1702994815000,2,134.7,,1073741824.0,,,0.014483839901736108,0.014483839901736108,0.0,300.94,
819,NFCORE_CHIPSEQ:CHIPSEQ:ALIGN_BWA_MEM:BAM_SORT_SAMTOOLS:BAM_STATS_SAMTOOLS:SAMTOOLS_FLAGSTAT,1702994808000,1702994815000,2,153.1,,1073741824.0,,,0.0044008321401041665,0.0044008321401041665,0.0,300.94,
888,NFCORE_CHIPSEQ:CHIPSEQ:PICARD_MERGESAMFILES,1702994808000,1702994813000,3,189.0,,1073741824.0,,,0.003842131282986112,0.003842131282986112,0.0,300.94,
919,NFCORE_CHIPSEQ:CHIPSEQ:PICARD_MERGESAMFILES,1702994808000,1702994814000,3,161.3,,1073741824.0,,,0.003963646257291667,0.003963646257291667,0.0,300.94,
910,NFCORE_CHIPSEQ:CHIPSEQ:PICARD_MERGESAMFILES,1702994808000,1702994814000,3,163.1,,1073741824.0,,,0.004005683813541667,0.004005683813541667,0.0,300.94,
913,NFCORE_CHIPSEQ:CHIPSEQ:PICARD_MERGESAMFILES,1702994808000,1702994813000,3,199.3,,1073741824.0,,,0.004042588148437501,0.004042588148437501,0.0,300.94,
918,NFCORE_CHIPSEQ:CHIPSEQ:PICARD_MERGESAMFILES,1702994808000,1702994814000,3,159.1,,1073741824.0,,,0.003912267021875,0.003912267021875,0.0,300.94,
938,NFCORE_CHIPSEQ:CHIPSEQ:ALIGN_BWA_MEM:BAM_SORT_SAMTOOLS:BAM_STATS_SAMTOOLS:SAMTOOLS_IDXSTATS,1702994813000,1702994816000,2,83.1,,1073741824.0,,,0.0010686739901041666,0.0010686739901041666,0.0,300.94,
947,NFCORE_CHIPSEQ:CHIPSEQ:ALIGN_BWA_MEM:BAM_SORT_SAMTOOLS:BAM_STATS_SAMTOOLS:SAMTOOLS_IDXSTATS,1702994811000,1702994814000,2,124.0,,1073741824.0,,,0.0015462673375,0.0015462673375,0.0,300.94,
806,NFCORE_CHIPSEQ:CHIPSEQ:ALIGN_BWA_MEM:BAM_SORT_SAMTOOLS:BAM_STATS_SAMTOOLS:SAMTOOLS_IDXSTATS,1702994818000,1702994820000,2,106.7,,1073741824.0,,,0.000896169017013889,0.000896169017013889,0.0,300.94,
920,NFCORE_CHIPSEQ:CHIPSEQ:PICARD_MERGESAMFILES,1702994817000,1702994821000,3,195.4,,1073741824.0,,,0.003173349604166667,0.003173349604166667,0.0,300.94,
921,NFCORE_CHIPSEQ:CHIPSEQ:PICARD_MERGESAMFILES,1702994817000,1702994821000,3,200.9,,1073741824.0,,,0.0032589816631944444,0.0032589816631944444,0.0,300.94,
937,NFCORE_CHIPSEQ:CHIPSEQ:ALIGN_BWA_MEM:BAM_SORT_SAMTOOLS:BAM_STATS_SAMTOOLS:SAMTOOLS_IDXSTATS,1702994818000,1702994818000,2,87.9,,1073741824.0,,,0.0,0.0,0.0,300.94,
948,NFCORE_CHIPSEQ:CHIPSEQ:ALIGN_BWA_MEM:BAM_SORT_SAMTOOLS:BAM_STATS_SAMTOOLS:SAMTOOLS_FLAGSTAT,1702994811000,1702994817000,2,132.2,,1073741824.0,,,0.003284039097916667,0.003284039097916667,0.0,300.94,
822,NFCORE_CHIPSEQ:CHIPSEQ:ALIGN_BWA_MEM:BAM_SORT_SAMTOOLS:BAM_STATS_SAMTOOLS:SAMTOOLS_STATS,1702994795000,1702994821000,2,133.2,,1073741824.0,,,0.014332037615277777,0.014332037615277777,0.0,300.94,
899,NFCORE_CHIPSEQ:CHIPSEQ:PICARD_MERGESAMFILES,1702994818000,1702994822000,3,159.9,,1073741824.0,,,0.0026206335868055562,0.0026206335868055562,0.0,300.94,
917,NFCORE_CHIPSEQ:CHIPSEQ:PICARD_MERGESAMFILES,1702994818000,1702994822000,3,166.0,,1073741824.0,,,0.0027156073250000005,0.0027156073250000005,0.0,300.94,
915,NFCORE_CHIPSEQ:CHIPSEQ:PICARD_MERGESAMFILES,1702994817000,1702994822000,3,154.2,,1073741824.0,,,0.003164859543402778,0.003164859543402778,0.0,300.94,
935,NFCORE_CHIPSEQ:CHIPSEQ:ALIGN_BWA_MEM:BAM_SORT_SAMTOOLS:BAM_STATS_SAMTOOLS:SAMTOOLS_FLAGSTAT,1702994818000,1702994825000,2,126.4,,1073741824.0,,,0.003673348875,0.003673348875,0.0,300.94,
940,NFCORE_CHIPSEQ:CHIPSEQ:ALIGN_BWA_MEM:BAM_SORT_SAMTOOLS:BAM_STATS_SAMTOOLS:SAMTOOLS_FLAGSTAT,1702994817000,1702994825000,2,145.8,,1073741824.0,,,0.004802208252777778,0.004802208252777778,0.0,300.94,
946,NFCORE_CHIPSEQ:CHIPSEQ:ALIGN_BWA_MEM:BAM_SORT_SAMTOOLS:BAM_STATS_SAMTOOLS:SAMTOOLS_IDXSTATS,1702994824000,1702994825000,2,120.8,,1073741824.0,,,0.0005029668736111111,0.0005029668736111111,0.0,300.94,
766,NFCORE_CHIPSEQ:CHIPSEQ:ALIGN_BWA_MEM:BAM_SORT_SAMTOOLS:BAM_STATS_SAMTOOLS:SAMTOOLS_STATS,1702994796000,1702994825000,2,134.3,,1073741824.0,,,0.016109900748784725,0.016109900748784725,0.0,300.94,
825,NFCORE_CHIPSEQ:CHIPSEQ:ALIGN_BWA_MEM:BAM_SORT_SAMTOOLS:BAM_STATS_SAMTOOLS:SAMTOOLS_STATS,1702994799000,1702994825000,2,134.9,,1073741824.0,,,0.014504080206597223,0.014504080206597223,0.0,300.94,
909,NFCORE_CHIPSEQ:CHIPSEQ:PICARD_MERGESAMFILES,1702994824000,1702994830000,3,205.5,,1073741824.0,,,0.004995901805208334,0.004995901805208334,0.0,300.94,
922,NFCORE_CHIPSEQ:CHIPSEQ:PICARD_MERGESAMFILES,1702994824000,1702994830000,3,204.4,,1073741824.0,,,0.0049702121875,0.0049702121875,0.0,300.94,
943,NFCORE_CHIPSEQ:CHIPSEQ:ALIGN_BWA_MEM:BAM_SORT_SAMTOOLS:BAM_STATS_SAMTOOLS:SAMTOOLS_IDXSTATS,1702994829000,1702994830000,2,86.0,,1073741824.0,,,0.0003675125256944444,0.0003675125256944444,0.0,300.94,
742,NFCORE_CHIPSEQ:CHIPSEQ:ALIGN_BWA_MEM:BAM_SORT_SAMTOOLS:BAM_STATS_SAMTOOLS:SAMTOOLS_STATS,1702994805000,1702994834000,2,136.1,,1073741824.0,,,0.016313082270659723,0.016313082270659723,0.0,300.94,
804,NFCORE_CHIPSEQ:CHIPSEQ:ALIGN_BWA_MEM:BAM_SORT_SAMTOOLS:BAM_STATS_SAMTOOLS:SAMTOOLS_FLAGSTAT,1702994820000,1702994831000,2,133.1,,1073741824.0,,,0.006059272772743055,0.006059272772743055,0.0,300.94,
811,NFCORE_CHIPSEQ:CHIPSEQ:ALIGN_BWA_MEM:BAM_SORT_SAMTOOLS:BAM_STATS_SAMTOOLS:SAMTOOLS_IDXSTATS,1702994834000,1702994835000,2,109.1,,1073741824.0,,,0.0004574261876736111,0.0004574261876736111,0.0,300.94,
818,NFCORE_CHIPSEQ:CHIPSEQ:ALIGN_BWA_MEM:BAM_SORT_SAMTOOLS:BAM_STATS_SAMTOOLS:SAMTOOLS_STATS,1702994808000,1702994836000,2,130.0,,1073741824.0,,,0.015085746025,0.015085746025,0.0,300.94,
911,NFCORE_CHIPSEQ:CHIPSEQ:PICARD_MERGESAMFILES,1702994826000,1702994832000,3,123.5,,1073741824.0,,,0.003080857576041666,0.003080857576041666,0.0,300.94,
926,NFCORE_CHIPSEQ:CHIPSEQ:PICARD_MERGESAMFILES,1702994827000,1702994832000,3,121.8,,1073741824.0,,,0.002534296199652778,0.002534296199652778,0.0,300.94,
928,NFCORE_CHIPSEQ:CHIPSEQ:PICARD_MERGESAMFILES,1702994827000,1702994832000,3,118.5,,1073741824.0,,,0.0024700721553819445,0.0024700721553819445,0.0,300.94,
945,NFCORE_CHIPSEQ:CHIPSEQ:ALIGN_BWA_MEM:BAM_SORT_SAMTOOLS:BAM_STATS_SAMTOOLS:SAMTOOLS_FLAGSTAT,1702994823000,1702994832000,2,108.7,,1073741824.0,,,0.0041028231703125004,0.0041028231703125004,0.0,300.94,
949,NFCORE_CHIPSEQ:CHIPSEQ:ALIGN_BWA_MEM:BAM_SORT_SAMTOOLS:BAM_STATS_SAMTOOLS:SAMTOOLS_STATS,1702994808000,1702994832000,2,136.0,,1073741824.0,,,0.013491140199999998,0.013491140199999998,0.0,300.94,
914,NFCORE_CHIPSEQ:CHIPSEQ:PICARD_MERGESAMFILES,1702994835000,1702994838000,3,197.0,,1073741824.0,,,0.002398695561458333,0.002398695561458333,0.0,300.94,
929,NFCORE_CHIPSEQ:CHIPSEQ:PICARD_MERGESAMFILES,1702994835000,1702994838000,3,195.6,,1073741824.0,,,0.002382347622916667,0.002382347622916667,0.0,300.94,
941,NFCORE_CHIPSEQ:CHIPSEQ:ALIGN_BWA_MEM:BAM_SORT_SAMTOOLS:BAM_STATS_SAMTOOLS:SAMTOOLS_FLAGSTAT,1702994829000,1702994836000,2,123.8,,1073741824.0,,,0.0036025078079861108,0.0036025078079861108,0.0,300.94,
808,NFCORE_CHIPSEQ:CHIPSEQ:ALIGN_BWA_MEM:BAM_SORT_SAMTOOLS:BAM_STATS_SAMTOOLS:SAMTOOLS_IDXSTATS,1702994838000,1702994842000,2,88.1,,1073741824.0,,,0.001502745979861111,0.001502745979861111,0.0,300.94,
809,NFCORE_CHIPSEQ:CHIPSEQ:ALIGN_BWA_MEM:BAM_SORT_SAMTOOLS:BAM_STATS_SAMTOOLS:SAMTOOLS_FLAGSTAT,1702994836000,1702994842000,2,135.2,,1073741824.0,,,0.003354101691666666,0.003354101691666666,0.0,300.94,
810,NFCORE_CHIPSEQ:CHIPSEQ:ALIGN_BWA_MEM:BAM_SORT_SAMTOOLS:BAM_STATS_SAMTOOLS:SAMTOOLS_FLAGSTAT,1702994835000,1702994844000,2,157.6,,1073741824.0,,,0.0058158535875,0.0058158535875,0.0,300.94,
905,NFCORE_CHIPSEQ:CHIPSEQ:PICARD_MERGESAMFILES,1702994836000,1702994842000,3,197.1,,1073741824.0,,,0.004799726542708333,0.004799726542708333,0.0,300.94,
927,NFCORE_CHIPSEQ:CHIPSEQ:PICARD_MERGESAMFILES,1702994836000,1702994842000,3,201.2,,1073741824.0,,,0.004895478754166666,0.004895478754166666,0.0,300.94,
934,NFCORE_CHIPSEQ:CHIPSEQ:PICARD_MERGESAMFILES,1702994836000,1702994842000,3,199.4,,1073741824.0,,,0.004853441197916667,0.004853441197916667,0.0,300.94,
936,NFCORE_CHIPSEQ:CHIPSEQ:ALIGN_BWA_MEM:BAM_SORT_SAMTOOLS:BAM_STATS_SAMTOOLS:SAMTOOLS_STATS,1702994818000,1702994845000,2,134.4,,1073741824.0,,,0.0150093825,0.0150093825,0.0,300.94,
939,NFCORE_CHIPSEQ:CHIPSEQ:ALIGN_BWA_MEM:BAM_SORT_SAMTOOLS:BAM_STATS_SAMTOOLS:SAMTOOLS_STATS,1702994817000,1702994842000,2,134.8,,1073741824.0,,,0.013936500052083332,0.013936500052083332,0.0,300.94,
805,NFCORE_CHIPSEQ:CHIPSEQ:ALIGN_BWA_MEM:BAM_SORT_SAMTOOLS:BAM_STATS_SAMTOOLS:SAMTOOLS_STATS,1702994821000,1702994848000,2,132.7,,1073741824.0,,,0.0148307228859375,0.0148307228859375,0.0,300.94,
930,NFCORE_CHIPSEQ:CHIPSEQ:PICARD_MERGESAMFILES,1702994841000,1702994847000,3,196.7,,1073741824.0,,,0.004790384863541666,0.004790384863541666,0.0,300.94,
923,NFCORE_CHIPSEQ:CHIPSEQ:PICARD_MERGESAMFILES,1702994841000,1702994847000,3,204.4,,1073741824.0,,,0.0049702121875,0.0049702121875,0.0,300.94,
931,NFCORE_CHIPSEQ:CHIPSEQ:PICARD_MERGESAMFILES,1702994840000,1702994847000,3,203.1,,1073741824.0,,,0.005763160351909722,0.005763160351909722,0.0,300.94,
925,NFCORE_CHIPSEQ:CHIPSEQ:PICARD_MERGESAMFILES,1702994845000,1702994851000,3,197.4,,1073741824.0,,,0.004806732802083335,0.004806732802083335,0.0,300.94,
924,NFCORE_CHIPSEQ:CHIPSEQ:PICARD_MERGESAMFILES,1702994845000,1702994851000,3,208.0,,1073741824.0,,,0.0050542873,0.0050542873,0.0,300.94,
932,NFCORE_CHIPSEQ:CHIPSEQ:PICARD_MERGESAMFILES,1702994845000,1702994851000,3,197.0,,1073741824.0,,,0.004797391122916666,0.004797391122916666,0.0,300.94,
933,NFCORE_CHIPSEQ:CHIPSEQ:PICARD_MERGESAMFILES,1702994845000,1702994851000,3,199.9,,1073741824.0,,,0.004865118296875,0.004865118296875,0.0,300.94,
807,NFCORE_CHIPSEQ:CHIPSEQ:ALIGN_BWA_MEM:BAM_SORT_SAMTOOLS:BAM_STATS_SAMTOOLS:SAMTOOLS_STATS,1702994836000,1702994859000,2,136.4,,1073741824.0,,,0.012964819128472225,0.012964819128472225,0.0,300.94,
812,NFCORE_CHIPSEQ:CHIPSEQ:ALIGN_BWA_MEM:BAM_SORT_SAMTOOLS:BAM_STATS_SAMTOOLS:SAMTOOLS_STATS,1702994829000,1702994857000,2,131.9,,1073741824.0,,,0.015292819913194445,0.015292819913194445,0.0,300.94,
942,NFCORE_CHIPSEQ:CHIPSEQ:ALIGN_BWA_MEM:BAM_SORT_SAMTOOLS:BAM_STATS_SAMTOOLS:SAMTOOLS_STATS,1702994829000,1702994857000,2,135.0,,1073741824.0,,,0.015630677309722223,0.015630677309722223,0.0,300.94,
944,NFCORE_CHIPSEQ:CHIPSEQ:ALIGN_BWA_MEM:BAM_SORT_SAMTOOLS:BAM_STATS_SAMTOOLS:SAMTOOLS_STATS,1702994829000,1702994857000,2,134.7,,1073741824.0,,,0.015597981432638887,0.015597981432638887,0.0,300.94,
952,NFCORE_CHIPSEQ:CHIPSEQ:MARK_DUPLICATES_PICARD:PICARD_MARKDUPLICATES,1702994648000,1702995033000,2,106.0,,21180186624.0,,,0.40770691261046,0.40770691261046,0.0,300.94,
954,NFCORE_CHIPSEQ:CHIPSEQ:MARK_DUPLICATES_PICARD:PICARD_MARKDUPLICATES,1702994644000,1702995033000,2,106.8,,21180186624.0,,,0.41315413298424486,0.41315413298424486,0.0,300.94,
955,NFCORE_CHIPSEQ:CHIPSEQ:MARK_DUPLICATES_PICARD:PICARD_MARKDUPLICATES,1702994648000,1702995034000,2,105.9,,21180186624.0,,,0.408615646264323,0.408615646264323,0.0,300.94,
950,NFCORE_CHIPSEQ:CHIPSEQ:MARK_DUPLICATES_PICARD:PICARD_MARKDUPLICATES,1702994643000,1702995046000,2,106.7,,21180186624.0,,,0.4278665710374566,0.4278665710374566,0.0,300.94,
951,NFCORE_CHIPSEQ:CHIPSEQ:MARK_DUPLICATES_PICARD:PICARD_MARKDUPLICATES,1702994648000,1702995047000,2,106.8,,21180186624.0,,,0.4237750618527345,0.4237750618527345,0.0,300.94,
1056,NFCORE_CHIPSEQ:CHIPSEQ:MARK_DUPLICATES_PICARD:SAMTOOLS_INDEX,1702995037000,1702995051000,2,147.8,,1073741824.0,,,0.008512850699305557,0.008512850699305557,0.0,300.94,
1060,NFCORE_CHIPSEQ:CHIPSEQ:MARK_DUPLICATES_PICARD:SAMTOOLS_INDEX,1702995037000,1702995051000,2,152.3,,1073741824.0,,,0.008758069777430556,0.008758069777430556,0.0,300.94,
953,NFCORE_CHIPSEQ:CHIPSEQ:MARK_DUPLICATES_PICARD:PICARD_MARKDUPLICATES,1702994642000,1702995055000,2,106.5,,21180186624.0,,,0.43816209808164064,0.43816209808164064,0.0,300.94,
958,NFCORE_CHIPSEQ:CHIPSEQ:MARK_DUPLICATES_PICARD:PICARD_MARKDUPLICATES,1702994682000,1702995055000,2,106.3,,21180186624.0,,,0.39543472047608513,0.39543472047608513,0.0,300.94,
1058,NFCORE_CHIPSEQ:CHIPSEQ:MARK_DUPLICATES_PICARD:SAMTOOLS_INDEX,1702995038000,1702995055000,2,152.3,,1073741824.0,,,0.01063479901545139,0.01063479901545139,0.0,300.94,
959,NFCORE_CHIPSEQ:CHIPSEQ:MARK_DUPLICATES_PICARD:PICARD_MARKDUPLICATES,1702994698000,1702995059000,2,106.1,,21180186624.0,,,0.38243193118355034,0.38243193118355034,0.0,300.94,
1061,NFCORE_CHIPSEQ:CHIPSEQ:MARK_DUPLICATES_PICARD:SAMTOOLS_INDEX,1702995055000,1702995069000,2,156.5,,1073741824.0,,,0.008986940917013889,0.008986940917013889,0.0,300.94,
1064,NFCORE_CHIPSEQ:CHIPSEQ:MARK_DUPLICATES_PICARD:SAMTOOLS_INDEX,1702995055000,1702995069000,2,158.4,,1073741824.0,,,0.009090477861111113,0.009090477861111113,0.0,300.94,
1074,NFCORE_CHIPSEQ:CHIPSEQ:MARK_DUPLICATES_PICARD:SAMTOOLS_INDEX,1702995058000,1702995072000,2,152.7,,1073741824.0,,,0.008779867028819444,0.008779867028819444,0.0,300.94,
1075,NFCORE_CHIPSEQ:CHIPSEQ:MARK_DUPLICATES_PICARD:SAMTOOLS_INDEX,1702995059000,1702995072000,2,153.4,,1073741824.0,,,0.008188154203125,0.008188154203125,0.0,300.94,
956,NFCORE_CHIPSEQ:CHIPSEQ:MARK_DUPLICATES_PICARD:PICARD_MARKDUPLICATES,1702994669000,1702995067000,2,106.0,,21180186624.0,,,0.4214736395297744,0.4214736395297744,0.0,300.94,
963,NFCORE_CHIPSEQ:CHIPSEQ:MARK_DUPLICATES_PICARD:PICARD_MARKDUPLICATES,1702994708000,1702995067000,2,105.6,,21180186624.0,,,0.37961451496835946,0.37961451496835946,0.0,300.94,
1081,NFCORE_CHIPSEQ:CHIPSEQ:MARK_DUPLICATES_PICARD:SAMTOOLS_INDEX,1702995063000,1702995076000,2,150.7,,1073741824.0,,,0.008051532145312498,0.008051532145312498,0.0,300.94,
1092,NFCORE_CHIPSEQ:CHIPSEQ:MARK_DUPLICATES_PICARD:BAM_STATS_SAMTOOLS:SAMTOOLS_IDXSTATS,1702995076000,1702995076000,2,137.9,,1073741824.0,,,0.0,0.0,0.0,300.94,
1097,NFCORE_CHIPSEQ:CHIPSEQ:MARK_DUPLICATES_PICARD:BAM_STATS_SAMTOOLS:SAMTOOLS_IDXSTATS,1702995076000,1702995076000,2,140.4,,1073741824.0,,,0.0,0.0,0.0,300.94,
1094,NFCORE_CHIPSEQ:CHIPSEQ:MARK_DUPLICATES_PICARD:BAM_STATS_SAMTOOLS:SAMTOOLS_FLAGSTAT,1702995076000,1702995091000,2,151.6,,1073741824.0,,,0.00934277634375,0.00934277634375,0.0,300.94,
1100,NFCORE_CHIPSEQ:CHIPSEQ:MARK_DUPLICATES_PICARD:SAMTOOLS_INDEX,1702995080000,1702995098000,2,165.5,,1073741824.0,,,0.012185201665625,0.012185201665625,0.0,300.94,
1102,NFCORE_CHIPSEQ:CHIPSEQ:MARK_DUPLICATES_PICARD:SAMTOOLS_INDEX,1702995080000,1702995098000,2,159.2,,1073741824.0,,,0.011743807325,0.011743807325,0.0,300.94,
1070,NFCORE_CHIPSEQ:CHIPSEQ:MARK_DUPLICATES_PICARD:BAM_STATS_SAMTOOLS:SAMTOOLS_FLAGSTAT,1702995101000,1702995122000,2,152.1,,1073741824.0,,,0.013120756727604167,0.013120756727604167,0.0,300.94,
1079,NFCORE_CHIPSEQ:CHIPSEQ:MARK_DUPLICATES_PICARD:BAM_STATS_SAMTOOLS:SAMTOOLS_STATS,1702995072000,1702995127000,2,136.4,,1073741824.0,,,0.03100282835069445,0.03100282835069445,0.0,300.94,
1091,NFCORE_CHIPSEQ:CHIPSEQ:MARK_DUPLICATES_PICARD:BAM_STATS_SAMTOOLS:SAMTOOLS_STATS,1702995076000,1702995128000,2,134.1,,1073741824.0,,,0.028846237974305553,0.028846237974305553,0.0,300.94,
1072,NFCORE_CHIPSEQ:CHIPSEQ:MARK_DUPLICATES_PICARD:BAM_STATS_SAMTOOLS:SAMTOOLS_STATS,1702995101000,1702995162000,2,132.4,,1073741824.0,,,0.03343521769791667,0.03343521769791667,0.0,300.94,
1069,NFCORE_CHIPSEQ:CHIPSEQ:MARK_DUPLICATES_PICARD:BAM_STATS_SAMTOOLS:SAMTOOLS_IDXSTATS,1702995166000,1702995166000,2,101.6,,1073741824.0,,,0.0,0.0,0.0,300.94,
1055,NFCORE_CHIPSEQ:CHIPSEQ:PRESEQ_LCEXTRAP,1702995037000,1702995182000,2,100.4,,1073741824.0,,,0.06141657710069445,0.06141657710069445,0.0,300.94,
1057,NFCORE_CHIPSEQ:CHIPSEQ:PRESEQ_LCEXTRAP,1702995037000,1702995182000,2,100.4,,1073741824.0,,,0.06141657710069445,0.06141657710069445,0.0,300.94,
1110,NFCORE_CHIPSEQ:CHIPSEQ:MARK_DUPLICATES_PICARD:BAM_STATS_SAMTOOLS:SAMTOOLS_FLAGSTAT,1702995170000,1702995183000,2,151.0,,1073741824.0,,,0.008066712373958333,0.008066712373958333,0.0,300.94,
970,NFCORE_CHIPSEQ:CHIPSEQ:MARK_DUPLICATES_PICARD:PICARD_MARKDUPLICATES,1702994846000,1702995182000,2,105.6,,21180186624.0,,,0.3552938078812501,0.3552938078812501,0.0,300.94,
1086,NFCORE_CHIPSEQ:CHIPSEQ:MARK_DUPLICATES_PICARD:BAM_STATS_SAMTOOLS:SAMTOOLS_IDXSTATS,1702995185000,1702995186000,2,53.3,,1073741824.0,,,0.00024023214704861113,0.00024023214704861113,0.0,300.94,
1107,NFCORE_CHIPSEQ:CHIPSEQ:MARK_DUPLICATES_PICARD:BAM_STATS_SAMTOOLS:SAMTOOLS_IDXSTATS,1702995187000,1702995190000,2,90.8,,1073741824.0,,,0.0011585876520833333,0.0011585876520833333,0.0,300.94,
973,NFCORE_CHIPSEQ:CHIPSEQ:MARK_DUPLICATES_PICARD:PICARD_MARKDUPLICATES,1702994860000,1702995187000,2,106.0,,21180186624.0,,,0.34628613097044275,0.34628613097044275,0.0,300.94,
1059,NFCORE_CHIPSEQ:CHIPSEQ:PRESEQ_LCEXTRAP,1702995037000,1702995191000,2,100.4,,1073741824.0,,,0.06522864050694444,0.06522864050694444,0.0,300.94,
1076,NFCORE_CHIPSEQ:CHIPSEQ:PRESEQ_LCEXTRAP,1702995058000,1702995202000,2,100.6,,1073741824.0,,,0.06110511464999999,0.06110511464999999,0.0,300.94,
1082,NFCORE_CHIPSEQ:CHIPSEQ:PRESEQ_LCEXTRAP,1702995062000,1702995202000,2,100.6,,1073741824.0,,,0.059407750354166663,0.059407750354166663,0.0,300.94,
1083,NFCORE_CHIPSEQ:CHIPSEQ:MARK_DUPLICATES_PICARD:BAM_STATS_SAMTOOLS:SAMTOOLS_FLAGSTAT,1702995184000,1702995202000,2,150.3,,1073741824.0,,,0.011120250240625002,0.011120250240625002,0.0,300.94,
1116,NFCORE_CHIPSEQ:CHIPSEQ:MARK_DUPLICATES_PICARD:SAMTOOLS_INDEX,1702995190000,1702995202000,2,158.8,,1073741824.0,,,0.007810521525000001,0.007810521525000001,0.0,300.94,
1117,NFCORE_CHIPSEQ:CHIPSEQ:MARK_DUPLICATES_PICARD:SAMTOOLS_INDEX,1702995193000,1702995206000,2,160.3,,1073741824.0,,,0.008537299461979167,0.008537299461979167,0.0,300.94,
1090,NFCORE_CHIPSEQ:CHIPSEQ:MARK_DUPLICATES_PICARD:BAM_STATS_SAMTOOLS:SAMTOOLS_FLAGSTAT,1702995195000,1702995207000,2,150.9,,1073741824.0,,,0.0074415251979166675,0.0074415251979166675,0.0,300.94,
1088,NFCORE_CHIPSEQ:CHIPSEQ:MARK_DUPLICATES_PICARD:BAM_STATS_SAMTOOLS:SAMTOOLS_IDXSTATS,1702995205000,1702995206000,2,69.6,,1073741824.0,,,0.0003036777180555555,0.0003036777180555555,0.0,300.94,
1062,NFCORE_CHIPSEQ:CHIPSEQ:PRESEQ_LCEXTRAP,1702995059000,1702995216000,2,100.5,,1073741824.0,,,0.06656043846024307,0.06656043846024307,0.0,300.94,
1063,NFCORE_CHIPSEQ:CHIPSEQ:PRESEQ_LCEXTRAP,1702995072000,1702995221000,2,100.4,,1073741824.0,,,0.06311082750347223,0.06311082750347223,0.0,300.94,
1073,NFCORE_CHIPSEQ:CHIPSEQ:PRESEQ_LCEXTRAP,1702995057000,1702995217000,2,100.6,,1073741824.0,,,0.06789457183333333,0.06789457183333333,0.0,300.94,
1078,NFCORE_CHIPSEQ:CHIPSEQ:MARK_DUPLICATES_PICARD:BAM_STATS_SAMTOOLS:SAMTOOLS_FLAGSTAT,1702995209000,1702995221000,2,152.4,,1073741824.0,,,0.007511587791666666,0.007511587791666666,0.0,300.94,
1077,NFCORE_CHIPSEQ:CHIPSEQ:MARK_DUPLICATES_PICARD:BAM_STATS_SAMTOOLS:SAMTOOLS_IDXSTATS,1702995220000,1702995221000,2,58.2,,1073741824.0,,,0.0002593047420138889,0.0002593047420138889,0.0,300.94,
1066,NFCORE_CHIPSEQ:CHIPSEQ:MARK_DUPLICATES_PICARD:BAM_STATS_SAMTOOLS:SAMTOOLS_IDXSTATS,1702995224000,1702995224000,2,124.3,,1073741824.0,,,0.0,0.0,0.0,300.94,
1096,NFCORE_CHIPSEQ:CHIPSEQ:MARK_DUPLICATES_PICARD:BAM_STATS_SAMTOOLS:SAMTOOLS_FLAGSTAT,1702995221000,1702995237000,2,146.2,,1073741824.0,,,0.00962932765,0.00962932765,0.0,300.94,
1067,NFCORE_CHIPSEQ:CHIPSEQ:MARK_DUPLICATES_PICARD:BAM_STATS_SAMTOOLS:SAMTOOLS_FLAGSTAT,1702995224000,1702995242000,2,147.4,,1073741824.0,,,0.01091706871875,0.01091706871875,0.0,300.94,
1085,NFCORE_CHIPSEQ:CHIPSEQ:MARK_DUPLICATES_PICARD:BAM_STATS_SAMTOOLS:SAMTOOLS_STATS,1702995185000,1702995242000,2,133.8,,1073741824.0,,,0.03155335523854167,0.03155335523854167,0.0,300.94,
1106,NFCORE_CHIPSEQ:CHIPSEQ:MARK_DUPLICATES_PICARD:BAM_STATS_SAMTOOLS:SAMTOOLS_IDXSTATS,1702995240000,1702995241000,2,134.5,,1073741824.0,,,0.0005562922921875,0.0005562922921875,0.0,300.94,
1087,NFCORE_CHIPSEQ:CHIPSEQ:MARK_DUPLICATES_PICARD:BAM_STATS_SAMTOOLS:SAMTOOLS_STATS,1702995206000,1702995256000,2,132.9,,1073741824.0,,,0.027503225303819444,0.027503225303819444,0.0,300.94,
1105,NFCORE_CHIPSEQ:CHIPSEQ:MARK_DUPLICATES_PICARD:BAM_STATS_SAMTOOLS:SAMTOOLS_FLAGSTAT,1702995245000,1702995256000,2,150.7,,1073741824.0,,,0.0068128348921875,0.0068128348921875,0.0,300.94,
1109,NFCORE_CHIPSEQ:CHIPSEQ:MARK_DUPLICATES_PICARD:BAM_STATS_SAMTOOLS:SAMTOOLS_STATS,1702995205000,1702995256000,2,131.6,,1073741824.0,,,0.02779522592291667,0.02779522592291667,0.0,300.94,
1111,NFCORE_CHIPSEQ:CHIPSEQ:MARK_DUPLICATES_PICARD:BAM_STATS_SAMTOOLS:SAMTOOLS_FLAGSTAT,1702995245000,1702995256000,2,153.2,,1073741824.0,,,0.006919874965972221,0.006919874965972221,0.0,300.94,
1114,NFCORE_CHIPSEQ:CHIPSEQ:MARK_DUPLICATES_PICARD:BAM_STATS_SAMTOOLS:SAMTOOLS_IDXSTATS,1702995259000,1702995260000,2,97.7,,1073741824.0,,,0.0004130532116319445,0.0004130532116319445,0.0,300.94,
1119,NFCORE_CHIPSEQ:CHIPSEQ:MARK_DUPLICATES_PICARD:BAM_STATS_SAMTOOLS:SAMTOOLS_IDXSTATS,1702995263000,1702995265000,2,65.3,,1073741824.0,,,0.0005738810857638889,0.0005738810857638889,0.0,300.94,
1068,NFCORE_CHIPSEQ:CHIPSEQ:MARK_DUPLICATES_PICARD:BAM_STATS_SAMTOOLS:SAMTOOLS_STATS,1702995224000,1702995271000,2,134.0,,1073741824.0,,,0.026054267124305558,0.026054267124305558,0.0,300.94,
1121,NFCORE_CHIPSEQ:CHIPSEQ:MARK_DUPLICATES_PICARD:BAM_STATS_SAMTOOLS:SAMTOOLS_FLAGSTAT,1702995259000,1702995271000,2,150.3,,1073741824.0,,,0.007413500160416668,0.007413500160416668,0.0,300.94,
1098,NFCORE_CHIPSEQ:CHIPSEQ:MARK_DUPLICATES_PICARD:BAM_STATS_SAMTOOLS:SAMTOOLS_STATS,1702995228000,1702995274000,2,133.0,,1073741824.0,,,0.02532087216458333,0.02532087216458333,0.0,300.94,
1125,NFCORE_CHIPSEQ:CHIPSEQ:MARK_DUPLICATES_PICARD:BAM_STATS_SAMTOOLS:SAMTOOLS_IDXSTATS,1702995278000,1702995280000,2,63.6,,1073741824.0,,,0.0005606470402777778,0.0005606470402777778,0.0,300.94,
1123,NFCORE_CHIPSEQ:CHIPSEQ:MARK_DUPLICATES_PICARD:BAM_STATS_SAMTOOLS:SAMTOOLS_FLAGSTAT,1702995274000,1702995285000,2,150.8,,1073741824.0,,,0.006817116495138889,0.006817116495138889,0.0,300.94,
1104,NFCORE_CHIPSEQ:CHIPSEQ:MARK_DUPLICATES_PICARD:BAM_STATS_SAMTOOLS:SAMTOOLS_STATS,1702995244000,1702995291000,2,132.0,,1073741824.0,,,0.025688384690277784,0.025688384690277784,0.0,300.94,
1043,NFCORE_CHIPSEQ:CHIPSEQ:MARK_DUPLICATES_PICARD:PICARD_MARKDUPLICATES,1702995059000,1702995297000,2,107.2,,21180186624.0,,,0.2531486603436632,0.2531486603436632,0.0,300.94,
1112,NFCORE_CHIPSEQ:CHIPSEQ:MARK_DUPLICATES_PICARD:BAM_STATS_SAMTOOLS:SAMTOOLS_STATS,1702995259000,1702995311000,2,131.7,,1073741824.0,,,0.028360470657638887,0.028360470657638887,0.0,300.94,
1120,NFCORE_CHIPSEQ:CHIPSEQ:MARK_DUPLICATES_PICARD:BAM_STATS_SAMTOOLS:SAMTOOLS_STATS,1702995268000,1702995311000,2,133.7,,1073741824.0,,,0.023786671162673613,0.023786671162673613,0.0,300.94,
1127,NFCORE_CHIPSEQ:CHIPSEQ:MARK_DUPLICATES_PICARD:SAMTOOLS_INDEX,1702995300000,1702995312000,2,163.2,,1073741824.0,,,0.008016038466666667,0.008016038466666667,0.0,300.94,
997,NFCORE_CHIPSEQ:CHIPSEQ:MARK_DUPLICATES_PICARD:PICARD_MARKDUPLICATES,1702995037000,1702995326000,2,106.8,,21180186624.0,,,0.30694484429934904,0.30694484429934904,0.0,300.94,
1126,NFCORE_CHIPSEQ:CHIPSEQ:MARK_DUPLICATES_PICARD:BAM_STATS_SAMTOOLS:SAMTOOLS_STATS,1702995283000,1702995326000,2,132.2,,1073741824.0,,,0.023535613535069444,0.023535613535069444,0.0,300.94,
1130,NFCORE_CHIPSEQ:CHIPSEQ:MARK_DUPLICATES_PICARD:BAM_STATS_SAMTOOLS:SAMTOOLS_FLAGSTAT,1702995316000,1702995327000,2,156.6,,1073741824.0,,,0.007065449466319445,0.007065449466319445,0.0,300.94,
1071,NFCORE_CHIPSEQ:CHIPSEQ:FILTER_BAM_BAMTOOLS:BAM_FILTER,1702995080000,1702995336000,2,137.5,,1073741824.0,,,0.14540016413333334,0.14540016413333334,0.0,300.94,
1132,NFCORE_CHIPSEQ:CHIPSEQ:MARK_DUPLICATES_PICARD:BAM_STATS_SAMTOOLS:SAMTOOLS_IDXSTATS,1702995329000,1702995331000,2,117.1,,1073741824.0,,,0.0009771302364583333,0.0009771302364583333,0.0,300.94,
1028,NFCORE_CHIPSEQ:CHIPSEQ:MARK_DUPLICATES_PICARD:PICARD_MARKDUPLICATES,1702995062000,1702995336000,2,106.8,,21180186624.0,,,0.29101345099661463,0.29101345099661463,0.0,300.94,
995,NFCORE_CHIPSEQ:CHIPSEQ:MARK_DUPLICATES_PICARD:PICARD_MARKDUPLICATES,1702995037000,1702995342000,2,106.5,,21180186624.0,,,0.3235821789707031,0.3235821789707031,0.0,300.94,
1095,NFCORE_CHIPSEQ:CHIPSEQ:FILTER_BAM_BAMTOOLS:BAM_FILTER,1702995076000,1702995344000,2,138.2,,1073741824.0,,,0.1529460047486111,0.1529460047486111,0.0,300.94,
1103,NFCORE_CHIPSEQ:CHIPSEQ:FILTER_BAM_BAMTOOLS:BAM_FILTER,1702995095000,1702995341000,2,137.8,,1073741824.0,,,0.14000772685625001,0.14000772685625001,0.0,300.94,
1134,NFCORE_CHIPSEQ:CHIPSEQ:MARK_DUPLICATES_PICARD:SAMTOOLS_INDEX,1702995329000,1702995342000,2,157.6,,1073741824.0,,,0.008400677404166666,0.008400677404166666,0.0,300.94,
1135,NFCORE_CHIPSEQ:CHIPSEQ:FILTER_BAM_BAMTOOLS:BAM_REMOVE_ORPHANS,1702995339000,1702995341000,2,57.4,,1073741824.0,,,0.0005123816979166666,0.0005123816979166666,0.0,300.94,
996,NFCORE_CHIPSEQ:CHIPSEQ:MARK_DUPLICATES_PICARD:PICARD_MARKDUPLICATES,1702995049000,1702995344000,2,106.8,,21180186624.0,,,0.31331740162044275,0.31331740162044275,0.0,300.94,
998,NFCORE_CHIPSEQ:CHIPSEQ:MARK_DUPLICATES_PICARD:PICARD_MARKDUPLICATES,1702995037000,1702995346000,2,106.6,,21180186624.0,,,0.32794615379778647,0.32794615379778647,0.0,300.94,
999,NFCORE_CHIPSEQ:CHIPSEQ:MARK_DUPLICATES_PICARD:PICARD_MARKDUPLICATES,1702995049000,1702995344000,2,106.5,,21180186624.0,,,0.31297292720117187,0.31297292720117187,0.0,300.94,
1138,NFCORE_CHIPSEQ:CHIPSEQ:MARK_DUPLICATES_PICARD:SAMTOOLS_INDEX,1702995345000,1702995360000,2,140.7,,1073741824.0,,,0.008706374450520834,0.008706374450520834,0.0,300.94,
1093,NFCORE_CHIPSEQ:CHIPSEQ:FILTER_BAM_BAMTOOLS:BAM_FILTER,1702995076000,1702995362000,2,137.9,,1073741824.0,,,0.16288453257465277,0.16288453257465277,0.0,300.94,
1099,NFCORE_CHIPSEQ:CHIPSEQ:PRESEQ_LCEXTRAP,1702995205000,1702995363000,2,100.4,,1073741824.0,,,0.06692289090972223,0.06692289090972223,0.0,300.94,
1129,NFCORE_CHIPSEQ:CHIPSEQ:MARK_DUPLICATES_PICARD:BAM_STATS_SAMTOOLS:SAMTOOLS_STATS,1702995334000,1702995363000,2,133.3,,1073741824.0,,,0.015997022125520836,0.015997022125520836,0.0,300.94,
1136,NFCORE_CHIPSEQ:CHIPSEQ:MARK_DUPLICATES_PICARD:SAMTOOLS_INDEX,1702995345000,1702995362000,2,162.7,,1073741824.0,,,0.011322969380729166,0.011322969380729166,0.0,300.94,
1140,NFCORE_CHIPSEQ:CHIPSEQ:FILTER_BAM_BAMTOOLS:BAM_REMOVE_ORPHANS,1702995365000,1702995367000,2,73.3,,1073741824.0,,,0.000636158946875,0.000636158946875,0.0,300.94,
1141,NFCORE_CHIPSEQ:CHIPSEQ:FILTER_BAM_BAMTOOLS:BAM_REMOVE_ORPHANS,1702995365000,1702995365000,2,69.1,,1073741824.0,,,0.0,0.0,0.0,300.94,
1006,NFCORE_CHIPSEQ:CHIPSEQ:MARK_DUPLICATES_PICARD:PICARD_MARKDUPLICATES,1702995070000,1702995365000,2,106.5,,21180186624.0,,,0.31297292720117187,0.31297292720117187,0.0,300.94,
1157,NFCORE_CHIPSEQ:CHIPSEQ:FILTER_BAM_BAMTOOLS:BAM_REMOVE_ORPHANS,1702995370000,1702995371000,2,109.1,,1073741824.0,,,0.0004574261876736111,0.0004574261876736111,0.0,300.94,
1108,NFCORE_CHIPSEQ:CHIPSEQ:FILTER_BAM_BAMTOOLS:BAM_FILTER,1702995125000,1702995376000,2,137.7,,1073741824.0,,,0.14275571396684028,0.14275571396684028,0.0,300.94,
1150,NFCORE_CHIPSEQ:CHIPSEQ:MARK_DUPLICATES_PICARD:SAMTOOLS_INDEX,1702995363000,1702995376000,2,159.2,,1073741824.0,,,0.00848163862361111,0.00848163862361111,0.0,300.94,
1147,NFCORE_CHIPSEQ:CHIPSEQ:MARK_DUPLICATES_PICARD:SAMTOOLS_INDEX,1702995379000,1702995388000,2,164.4,,1073741824.0,,,0.006054066406250001,0.006054066406250001,0.0,300.94,
1164,NFCORE_CHIPSEQ:CHIPSEQ:MARK_DUPLICATES_PICARD:SAMTOOLS_INDEX,1702995375000,1702995388000,2,154.9,,1073741824.0,,,0.008264055346354167,0.008264055346354167,0.0,300.94,
1113,NFCORE_CHIPSEQ:CHIPSEQ:FILTER_BAM_BAMTOOLS:BAM_FILTER,1702995131000,1702995396000,2,136.7,,1073741824.0,,,0.14968670699392364,0.14968670699392364,0.0,300.94,
1152,NFCORE_CHIPSEQ:CHIPSEQ:MARK_DUPLICATES_PICARD:SAMTOOLS_INDEX,1702995379000,1702995391000,2,164.2,,1073741824.0,,,0.0080627468625,0.0080627468625,0.0,300.94,
1101,NFCORE_CHIPSEQ:CHIPSEQ:PRESEQ_LCEXTRAP,1702995259000,1702995399000,2,100.4,,1073741824.0,,,0.05929876409722222,0.05929876409722222,0.0,300.94,
986,NFCORE_CHIPSEQ:CHIPSEQ:MARK_DUPLICATES_PICARD:PICARD_MARKDUPLICATES,1702995070000,1702995401000,2,105.9,,21180186624.0,,,0.35039320962044274,0.35039320962044274,0.0,300.94,
1115,NFCORE_CHIPSEQ:CHIPSEQ:PRESEQ_LCEXTRAP,1702995274000,1702995410000,2,100.4,,1073741824.0,,,0.05760451369444445,0.05760451369444445,0.0,300.94,
1128,NFCORE_CHIPSEQ:CHIPSEQ:PRESEQ_LCEXTRAP,1702995314000,1702995410000,2,100.5,,1073741824.0,,,0.04069937638333333,0.04069937638333333,0.0,300.94,
1167,NFCORE_CHIPSEQ:CHIPSEQ:FILTER_BAM_BAMTOOLS:BAM_REMOVE_ORPHANS,1702995414000,1702995417000,2,49.2,,1073741824.0,,,0.0006728203354166669,0.0006728203354166669,0.0,300.94,
1080,NFCORE_CHIPSEQ:CHIPSEQ:FILTER_BAM_BAMTOOLS:BAM_FILTER,1702995185000,1702995420000,2,138.7,,1073741824.0,,,0.13457045422135416,0.13457045422135416,0.0,300.94,
1084,NFCORE_CHIPSEQ:CHIPSEQ:FILTER_BAM_BAMTOOLS:BAM_FILTER,1702995131000,1702995421000,2,138.2,,1073741824.0,,,0.1655012737951389,0.1655012737951389,0.0,300.94,
1118,NFCORE_CHIPSEQ:CHIPSEQ:PRESEQ_LCEXTRAP,1702995288000,1702995420000,2,100.5,,1073741824.0,,,0.055961642527083334,0.055961642527083334,0.0,300.94,
1156,NFCORE_CHIPSEQ:CHIPSEQ:MARK_DUPLICATES_PICARD:BAM_STATS_SAMTOOLS:SAMTOOLS_FLAGSTAT,1702995419000,1702995431000,2,148.8,,1073741824.0,,,0.007343437566666668,0.007343437566666668,0.0,300.94,
1185,NFCORE_CHIPSEQ:CHIPSEQ:MARK_DUPLICATES_PICARD:SAMTOOLS_INDEX,1702995423000,1702995436000,2,157.2,,1073741824.0,,,0.008380437099305554,0.008380437099305554,0.0,300.94,
1189,NFCORE_CHIPSEQ:CHIPSEQ:FILTER_BAM_BAMTOOLS:BAM_REMOVE_ORPHANS,1702995434000,1702995436000,2,45.1,,1073741824.0,,,0.00041662948645833337,0.00041662948645833337,0.0,300.94,
1065,NFCORE_CHIPSEQ:CHIPSEQ:FILTER_BAM_BAMTOOLS:BAM_FILTER,1702995185000,1702995438000,2,138.4,,1073741824.0,,,0.14458254777083332,0.14458254777083332,0.0,300.94,
1089,NFCORE_CHIPSEQ:CHIPSEQ:FILTER_BAM_BAMTOOLS:BAM_FILTER,1702995184000,1702995436000,2,138.5,,1073741824.0,,,0.14410916288125003,0.14410916288125003,0.0,300.94,
1131,NFCORE_CHIPSEQ:CHIPSEQ:FILTER_BAM_BAMTOOLS:BAM_FILTER,1702995317000,1702995442000,2,139.7,,1073741824.0,,,0.07206657463107638,0.07206657463107638,0.0,300.94,
1154,NFCORE_CHIPSEQ:CHIPSEQ:MARK_DUPLICATES_PICARD:BAM_STATS_SAMTOOLS:SAMTOOLS_IDXSTATS,1702995441000,1702995442000,2,20.7,,1073741824.0,,,0.00011334100503472222,0.00011334100503472222,0.0,300.94,
1180,NFCORE_CHIPSEQ:CHIPSEQ:FILTER_BAM_BAMTOOLS:BAM_REMOVE_ORPHANS,1702995440000,1702995442000,2,77.4,,1073741824.0,,,0.0006680763506944445,0.0006680763506944445,0.0,300.94,
1188,NFCORE_CHIPSEQ:CHIPSEQ:FILTER_BAM_BAMTOOLS:BAM_REMOVE_ORPHANS,1702995439000,1702995440000,2,76.2,,1073741824.0,,,0.0003293673357638889,0.0003293673357638889,0.0,300.94,
1195,NFCORE_CHIPSEQ:CHIPSEQ:FILTER_BAM_BAMTOOLS:BAM_REMOVE_ORPHANS,1702995444000,1702995445000,2,53.6,,1073741824.0,,,0.00024139985694444447,0.00024139985694444447,0.0,300.94,
1196,NFCORE_CHIPSEQ:CHIPSEQ:FILTER_BAM_BAMTOOLS:BAM_REMOVE_ORPHANS,1702995444000,1702995445000,2,85.0,,1073741824.0,,,0.000363620159375,0.000363620159375,0.0,300.94,
1197,NFCORE_CHIPSEQ:CHIPSEQ:FILTER_BAM_BAMTOOLS:BAM_REMOVE_ORPHANS,1702995445000,1702995446000,2,83.5,,1073741824.0,,,0.0003577816098958333,0.0003577816098958333,0.0,300.94,
1171,NFCORE_CHIPSEQ:CHIPSEQ:MARK_DUPLICATES_PICARD:BAM_STATS_SAMTOOLS:SAMTOOLS_IDXSTATS,1702995447000,1702995449000,2,89.4,,1073741824.0,,,0.0007614931423611112,0.0007614931423611112,0.0,300.94,
1122,NFCORE_CHIPSEQ:CHIPSEQ:FILTER_BAM_BAMTOOLS:BAM_FILTER,1702995209000,1702995454000,2,137.4,,1073741824.0,,,0.13905713785590276,0.13905713785590276,0.0,300.94,
1145,NFCORE_CHIPSEQ:CHIPSEQ:MARK_DUPLICATES_PICARD:BAM_STATS_SAMTOOLS:SAMTOOLS_IDXSTATS,1702995452000,1702995454000,2,42.1,,1073741824.0,,,0.0003932752885416667,0.0003932752885416667,0.0,300.94,
1168,NFCORE_CHIPSEQ:CHIPSEQ:MARK_DUPLICATES_PICARD:BAM_STATS_SAMTOOLS:SAMTOOLS_FLAGSTAT,1702995447000,1702995457000,2,152.2,,1073741824.0,,,0.006251871760416668,0.006251871760416668,0.0,300.94,
1124,NFCORE_CHIPSEQ:CHIPSEQ:FILTER_BAM_BAMTOOLS:BAM_FILTER,1702995209000,1702995461000,2,138.0,,1073741824.0,,,0.143618724725,0.143618724725,0.0,300.94,
1133,NFCORE_CHIPSEQ:CHIPSEQ:PRESEQ_LCEXTRAP,1702995344000,1702995461000,2,100.4,,1073741824.0,,,0.04955682428125,0.04955682428125,0.0,300.94,
1137,NFCORE_CHIPSEQ:CHIPSEQ:PRESEQ_LCEXTRAP,1702995348000,1702995461000,2,100.4,,1073741824.0,,,0.04786257387847223,0.04786257387847223,0.0,300.94,
1203,NFCORE_CHIPSEQ:CHIPSEQ:FILTER_BAM_BAMTOOLS:BAM_REMOVE_ORPHANS,1702995461000,1702995462000,2,65.3,,1073741824.0,,,0.00028694054288194444,0.00028694054288194444,0.0,300.94,
1143,NFCORE_CHIPSEQ:CHIPSEQ:MARK_DUPLICATES_PICARD:BAM_STATS_SAMTOOLS:SAMTOOLS_FLAGSTAT,1702995457000,1702995468000,2,144.5,,1073741824.0,,,0.00654737550920139,0.00654737550920139,0.0,300.94,
1155,NFCORE_CHIPSEQ:CHIPSEQ:MARK_DUPLICATES_PICARD:BAM_STATS_SAMTOOLS:SAMTOOLS_STATS,1702995424000,1702995465000,2,133.5,,1073741824.0,,,0.022648396960590275,0.022648396960590275,0.0,300.94,
1190,NFCORE_CHIPSEQ:CHIPSEQ:MARK_DUPLICATES_PICARD:BAM_STATS_SAMTOOLS:SAMTOOLS_IDXSTATS,1702995464000,1702995465000,2,79.0,,1073741824.0,,,0.0003402659614583333,0.0003402659614583333,0.0,300.94,
1204,NFCORE_CHIPSEQ:CHIPSEQ:FILTER_BAM_BAMTOOLS:BAM_REMOVE_ORPHANS,1702995465000,1702995465000,2,8.6,,1073741824.0,,,0.0,0.0,0.0,300.94,
1173,NFCORE_CHIPSEQ:CHIPSEQ:MARK_DUPLICATES_PICARD:BAM_STATS_SAMTOOLS:SAMTOOLS_IDXSTATS,1702995468000,1702995470000,2,72.7,,1073741824.0,,,0.0006314881072916667,0.0006314881072916667,0.0,300.94,
1181,NFCORE_CHIPSEQ:CHIPSEQ:MARK_DUPLICATES_PICARD:BAM_STATS_SAMTOOLS:SAMTOOLS_IDXSTATS,1702995470000,1702995471000,2,97.6,,1073741824.0,,,0.000412663975,0.000412663975,0.0,300.94,
1192,NFCORE_CHIPSEQ:CHIPSEQ:MARK_DUPLICATES_PICARD:BAM_STATS_SAMTOOLS:SAMTOOLS_FLAGSTAT,1702995465000,1702995477000,2,147.4,,1073741824.0,,,0.007278045812500001,0.007278045812500001,0.0,300.94,
1172,NFCORE_CHIPSEQ:CHIPSEQ:MARK_DUPLICATES_PICARD:BAM_STATS_SAMTOOLS:SAMTOOLS_FLAGSTAT,1702995468000,1702995481000,2,149.5,,1073741824.0,,,0.007990811230729165,0.007990811230729165,0.0,300.94,
1139,NFCORE_CHIPSEQ:CHIPSEQ:PRESEQ_LCEXTRAP,1702995367000,1702995486000,2,100.3,,1073741824.0,,,0.0503576303234375,0.0503576303234375,0.0,300.94,
1170,NFCORE_CHIPSEQ:CHIPSEQ:MARK_DUPLICATES_PICARD:BAM_STATS_SAMTOOLS:SAMTOOLS_STATS,1702995445000,1702995486000,2,134.8,,1073741824.0,,,0.022855860085416665,0.022855860085416665,0.0,300.94,
1179,NFCORE_CHIPSEQ:CHIPSEQ:MARK_DUPLICATES_PICARD:BAM_STATS_SAMTOOLS:SAMTOOLS_IDXSTATS,1702995485000,1702995486000,2,106.0,,1073741824.0,,,0.00044535985208333335,0.00044535985208333335,0.0,300.94,
1183,NFCORE_CHIPSEQ:CHIPSEQ:MARK_DUPLICATES_PICARD:BAM_STATS_SAMTOOLS:SAMTOOLS_FLAGSTAT,1702995474000,1702995486000,2,148.6,,1073741824.0,,,0.007334095887499999,0.007334095887499999,0.0,300.94,
1144,NFCORE_CHIPSEQ:CHIPSEQ:MARK_DUPLICATES_PICARD:BAM_STATS_SAMTOOLS:SAMTOOLS_STATS,1702995449000,1702995490000,2,133.8,,1073741824.0,,,0.02269627306631945,0.02269627306631945,0.0,300.94,
1149,NFCORE_CHIPSEQ:CHIPSEQ:PRESEQ_LCEXTRAP,1702995367000,1702995490000,2,100.3,,1073741824.0,,,0.052050323779687505,0.052050323779687505,0.0,300.94,
1160,NFCORE_CHIPSEQ:CHIPSEQ:MARK_DUPLICATES_PICARD:BAM_STATS_SAMTOOLS:SAMTOOLS_IDXSTATS,1702995490000,1702995492000,2,63.6,,1073741824.0,,,0.0005606470402777778,0.0005606470402777778,0.0,300.94,
1184,NFCORE_CHIPSEQ:CHIPSEQ:MARK_DUPLICATES_PICARD:BAM_STATS_SAMTOOLS:SAMTOOLS_STATS,1702995457000,1702995496000,2,133.4,,1073741824.0,,,0.02152841688020834,0.02152841688020834,0.0,300.94,
1159,NFCORE_CHIPSEQ:CHIPSEQ:MARK_DUPLICATES_PICARD:BAM_STATS_SAMTOOLS:SAMTOOLS_FLAGSTAT,1702995493000,1702995501000,2,156.1,,1073741824.0,,,0.0051229392375000005,0.0051229392375000005,0.0,300.94,
1178,NFCORE_CHIPSEQ:CHIPSEQ:MARK_DUPLICATES_PICARD:BAM_STATS_SAMTOOLS:SAMTOOLS_FLAGSTAT,1702995489000,1702995501000,2,150.4,,1073741824.0,,,0.0074181709999999994,0.0074181709999999994,0.0,300.94,
1158,NFCORE_CHIPSEQ:CHIPSEQ:FILTER_BAM_BAMTOOLS:BAM_FILTER,1702995369000,1702995511000,2,140.3,,1073741824.0,,,0.08219925839131945,0.08219925839131945,0.0,300.94,
1175,NFCORE_CHIPSEQ:CHIPSEQ:MARK_DUPLICATES_PICARD:BAM_STATS_SAMTOOLS:SAMTOOLS_STATS,1702995468000,1702995511000,2,132.9,,1073741824.0,,,0.023652773761284725,0.023652773761284725,0.0,300.94,
1193,NFCORE_CHIPSEQ:CHIPSEQ:MARK_DUPLICATES_PICARD:BAM_STATS_SAMTOOLS:SAMTOOLS_STATS,1702995465000,1702995511000,2,132.8,,1073741824.0,,,0.025285062394444446,0.025285062394444446,0.0,300.94,
984,NFCORE_CHIPSEQ:CHIPSEQ:MARK_DUPLICATES_PICARD:PICARD_MARKDUPLICATES,1702995190000,1702995527000,2,106.2,,21180186624.0,,,0.35713826639830737,0.35713826639830737,0.0,300.94,
1161,NFCORE_CHIPSEQ:CHIPSEQ:MARK_DUPLICATES_PICARD:BAM_STATS_SAMTOOLS:SAMTOOLS_STATS,1702995493000,1702995528000,2,133.0,,1073741824.0,,,0.01926588099479167,0.01926588099479167,0.0,300.94,
1176,NFCORE_CHIPSEQ:CHIPSEQ:MARK_DUPLICATES_PICARD:BAM_STATS_SAMTOOLS:SAMTOOLS_STATS,1702995490000,1702995527000,2,134.4,,1073741824.0,,,0.020568413055555554,0.020568413055555554,0.0,300.94,
1207,NFCORE_CHIPSEQ:CHIPSEQ:FILTER_BAM_BAMTOOLS:BAM_REMOVE_ORPHANS,1702995521000,1702995527000,2,36.2,,1073741824.0,,,0.0010420360979166668,0.0010420360979166668,0.0,300.94,
1048,NFCORE_CHIPSEQ:CHIPSEQ:MARK_DUPLICATES_PICARD:PICARD_MARKDUPLICATES,1702995339000,1702995537000,2,108.4,,21180186624.0,,,0.21152749324609377,0.21152749324609377,0.0,300.94,
1194,NFCORE_CHIPSEQ:CHIPSEQ:FILTER_BAM_BAMTOOLS:BAM_SORT_SAMTOOLS:SAMTOOLS_SORT,1702995504000,1702995540000,5,438.1,,6309281792.0,,,0.0683206448796875,0.0683206448796875,0.0,300.94,
1201,NFCORE_CHIPSEQ:CHIPSEQ:FILTER_BAM_BAMTOOLS:BAM_SORT_SAMTOOLS:SAMTOOLS_SORT,1702995514000,1702995540000,5,444.3,,6309281792.0,,,0.049970137419357644,0.049970137419357644,0.0,300.94,
1208,NFCORE_CHIPSEQ:CHIPSEQ:MARK_DUPLICATES_PICARD:SAMTOOLS_INDEX,1702995530000,1702995541000,2,161.9,,1073741824.0,,,0.0072923744227430575,0.0072923744227430575,0.0,300.94,
1049,NFCORE_CHIPSEQ:CHIPSEQ:MARK_DUPLICATES_PICARD:PICARD_MARKDUPLICATES,1702995329000,1702995548000,2,108.4,,21180186624.0,,,0.23396222737825526,0.23396222737825526,0.0,300.94,
1186,NFCORE_CHIPSEQ:CHIPSEQ:PRESEQ_LCEXTRAP,1702995423000,1702995548000,2,100.5,,1073741824.0,,,0.052993979665798614,0.052993979665798614,0.0,300.94,
1212,NFCORE_CHIPSEQ:CHIPSEQ:MARK_DUPLICATES_PICARD:SAMTOOLS_INDEX,1702995543000,1702995557000,2,161.9,,1073741824.0,,,0.009281203810763888,0.009281203810763888,0.0,300.94,
1217,NFCORE_CHIPSEQ:CHIPSEQ:FILTER_BAM_BAMTOOLS:BAM_SORT_SAMTOOLS:SAMTOOLS_INDEX,1702995548000,1702995560000,2,162.8,,1073741824.0,,,0.007997355108333333,0.007997355108333333,0.0,300.94,
1231,NFCORE_CHIPSEQ:CHIPSEQ:FILTER_BAM_BAMTOOLS:BAM_SORT_SAMTOOLS:BAM_STATS_SAMTOOLS:SAMTOOLS_IDXSTATS,1702995564000,1702995566000,1,123.1,,1073741824.0,,,0.0010238386322916665,0.0010238386322916665,0.0,300.94,
1051,NFCORE_CHIPSEQ:CHIPSEQ:MARK_DUPLICATES_PICARD:PICARD_MARKDUPLICATES,1702995368000,1702995566000,2,108.3,,21180186624.0,,,0.21145042439296877,0.21145042439296877,0.0,300.94,
1169,NFCORE_CHIPSEQ:CHIPSEQ:FILTER_BAM_BAMTOOLS:BAM_FILTER,1702995392000,1702995568000,2,139.3,,1073741824.0,,,0.10119571449166669,0.10119571449166669,0.0,300.94,
1214,NFCORE_CHIPSEQ:CHIPSEQ:FILTER_BAM_BAMTOOLS:BAM_SORT_SAMTOOLS:SAMTOOLS_INDEX,1702995551000,1702995569000,2,156.1,,1073741824.0,,,0.011526613284375,0.011526613284375,0.0,300.94,
1174,NFCORE_CHIPSEQ:CHIPSEQ:FILTER_BAM_BAMTOOLS:BAM_FILTER,1702995399000,1702995576000,2,139.1,,1073741824.0,,,0.10163290037447914,0.10163290037447914,0.0,300.94,
1224,NFCORE_CHIPSEQ:CHIPSEQ:MARK_DUPLICATES_PICARD:SAMTOOLS_INDEX,1702995571000,1702995578000,2,166.2,,1073741824.0,,,0.004757762131597221,0.004757762131597221,0.0,300.94,
1229,NFCORE_CHIPSEQ:CHIPSEQ:FILTER_BAM_BAMTOOLS:BAM_SORT_SAMTOOLS:BAM_STATS_SAMTOOLS:SAMTOOLS_FLAGSTAT,1702995572000,1702995581000,2,151.2,,1073741824.0,,,0.0055916532875,0.0055916532875,0.0,300.94,
1235,NFCORE_CHIPSEQ:CHIPSEQ:FILTER_BAM_BAMTOOLS:BAM_SORT_SAMTOOLS:BAM_STATS_SAMTOOLS:SAMTOOLS_IDXSTATS,1702995573000,1702995581000,1,104.6,,1073741824.0,,,0.003519284313888888,0.003519284313888888,0.0,300.94,
1142,NFCORE_CHIPSEQ:CHIPSEQ:FILTER_BAM_BAMTOOLS:BAM_FILTER,1702995395000,1702995581000,2,137.9,,1073741824.0,,,0.10593189880729169,0.10593189880729169,0.0,300.94,
1146,NFCORE_CHIPSEQ:CHIPSEQ:FILTER_BAM_BAMTOOLS:BAM_SORT_SAMTOOLS:SAMTOOLS_SORT,1702995551000,1702995581000,5,401.5,,6309281792.0,,,0.05266005251432292,0.05266005251432292,0.0,300.94,
1222,NFCORE_CHIPSEQ:CHIPSEQ:MARK_DUPLICATES_PICARD:BAM_STATS_SAMTOOLS:SAMTOOLS_IDXSTATS,1702995585000,1702995586000,2,98.8,,1073741824.0,,,0.0004173348145833333,0.0004173348145833333,0.0,300.94,
1233,NFCORE_CHIPSEQ:CHIPSEQ:MARK_DUPLICATES_PICARD:SAMTOOLS_INDEX,1702995579000,1702995586000,2,171.3,,1073741824.0,,,0.004896719609201389,0.004896719609201389,0.0,300.94,
1234,NFCORE_CHIPSEQ:CHIPSEQ:FILTER_BAM_BAMTOOLS:BAM_REMOVE_ORPHANS,1702995581000,1702995582000,2,45.1,,1073741824.0,,,0.00020831474322916669,0.00020831474322916669,0.0,300.94,
1037,NFCORE_CHIPSEQ:CHIPSEQ:MARK_DUPLICATES_PICARD:PICARD_MARKDUPLICATES,1702995348000,1702995590000,2,108.0,,21180186624.0,,,0.2581568217966146,0.2581568217966146,0.0,300.94,
1045,NFCORE_CHIPSEQ:CHIPSEQ:MARK_DUPLICATES_PICARD:PICARD_MARKDUPLICATES,1702995349000,1702995590000,2,107.5,,21180186624.0,,,0.2566210279286893,0.2566210279286893,0.0,300.94,
1153,NFCORE_CHIPSEQ:CHIPSEQ:FILTER_BAM_BAMTOOLS:BAM_FILTER,1702995392000,1702995586000,2,138.5,,1073741824.0,,,0.11094118094826388,0.11094118094826388,0.0,300.94,
1238,NFCORE_CHIPSEQ:CHIPSEQ:FILTER_BAM_BAMTOOLS:BAM_REMOVE_ORPHANS,1702995590000,1702995591000,2,124.7,,1073741824.0,,,0.0005181471022569445,0.0005181471022569445,0.0,300.94,
1244,NFCORE_CHIPSEQ:CHIPSEQ:FILTER_BAM_BAMTOOLS:BAM_REMOVE_ORPHANS,1702995590000,1702995591000,2,37.9,,1073741824.0,,,0.00018028970572916668,0.00018028970572916668,0.0,300.94,
1038,NFCORE_CHIPSEQ:CHIPSEQ:MARK_DUPLICATES_PICARD:PICARD_MARKDUPLICATES,1702995346000,1702995592000,2,107.3,,21180186624.0,,,0.2617536112221354,0.2617536112221354,0.0,300.94,
1148,NFCORE_CHIPSEQ:CHIPSEQ:PRESEQ_LCEXTRAP,1702995475000,1702995594000,2,100.5,,1073741824.0,,,0.050450268641840275,0.050450268641840275,0.0,300.94,
1151,NFCORE_CHIPSEQ:CHIPSEQ:PRESEQ_LCEXTRAP,1702995480000,1702995597000,2,100.6,,1073741824.0,,,0.04964790565312499,0.04964790565312499,0.0,300.94,
1177,NFCORE_CHIPSEQ:CHIPSEQ:FILTER_BAM_BAMTOOLS:BAM_FILTER,1702995414000,1702995594000,2,139.5,,1073741824.0,,,0.10363574228124998,0.10363574228124998,0.0,300.94,
1237,NFCORE_CHIPSEQ:CHIPSEQ:FILTER_BAM_BAMTOOLS:BAM_SORT_SAMTOOLS:BAM_STATS_SAMTOOLS:SAMTOOLS_FLAGSTAT,1702995584000,1702995594000,2,151.2,,1073741824.0,,,0.006212948097222223,0.006212948097222223,0.0,300.94,
1253,NFCORE_CHIPSEQ:CHIPSEQ:MARK_DUPLICATES_PICARD:SAMTOOLS_INDEX,1702995594000,1702995606000,2,154.6,,1073741824.0,,,0.0076143462625,0.0076143462625,0.0,300.94,
1256,NFCORE_CHIPSEQ:CHIPSEQ:MARK_DUPLICATES_PICARD:SAMTOOLS_INDEX,1702995598000,1702995606000,2,158.9,,1073741824.0,,,0.005210128243055556,0.005210128243055556,0.0,300.94,
1165,NFCORE_CHIPSEQ:CHIPSEQ:PRESEQ_LCEXTRAP,1702995490000,1702995611000,2,100.5,,1073741824.0,,,0.05129817231649306,0.05129817231649306,0.0,300.94,
1219,NFCORE_CHIPSEQ:CHIPSEQ:MARK_DUPLICATES_PICARD:BAM_STATS_SAMTOOLS:SAMTOOLS_FLAGSTAT,1702995594000,1702995611000,2,151.9,,1073741824.0,,,0.010608330924479166,0.010608330924479166,0.0,300.94,
1246,NFCORE_CHIPSEQ:CHIPSEQ:FILTER_BAM_BAMTOOLS:BAM_SORT_SAMTOOLS:SAMTOOLS_INDEX,1702995598000,1702995608000,2,158.6,,1073741824.0,,,0.006500983204861112,0.006500983204861112,0.0,300.94,
1257,NFCORE_CHIPSEQ:CHIPSEQ:FILTER_BAM_BAMTOOLS:BAM_REMOVE_ORPHANS,1702995609000,1702995611000,2,96.0,,1073741824.0,,,0.0008128723777777777,0.0008128723777777777,0.0,300.94,
1211,NFCORE_CHIPSEQ:CHIPSEQ:PRESEQ_LCEXTRAP,1702995543000,1702995616000,2,100.6,,1073741824.0,,,0.030976898398958327,0.030976898398958327,0.0,300.94,
1260,NFCORE_CHIPSEQ:CHIPSEQ:MARK_DUPLICATES_PICARD:SAMTOOLS_INDEX,1702995601000,1702995614000,2,105.2,,1073741824.0,,,0.005749197467361111,0.005749197467361111,0.0,300.94,
1262,NFCORE_CHIPSEQ:CHIPSEQ:FILTER_BAM_BAMTOOLS:BAM_REMOVE_ORPHANS,1702995614000,1702995615000,2,124.3,,1073741824.0,,,0.0005165901557291667,0.0005165901557291667,0.0,300.94,
1272,NFCORE_CHIPSEQ:CHIPSEQ:FILTER_BAM_BAMTOOLS:BAM_SORT_SAMTOOLS:BAM_STATS_SAMTOOLS:SAMTOOLS_IDXSTATS,1702995615000,1702995616000,1,26.3,,1073741824.0,,,0.00013513825642361108,0.00013513825642361108,0.0,300.94,
1239,NFCORE_CHIPSEQ:CHIPSEQ:MARK_DUPLICATES_PICARD:BAM_STATS_SAMTOOLS:SAMTOOLS_IDXSTATS,1702995619000,1702995622000,2,126.3,,1073741824.0,,,0.0015731246651041668,0.0015731246651041668,0.0,300.94,
1182,NFCORE_CHIPSEQ:CHIPSEQ:FILTER_BAM_BAMTOOLS:BAM_FILTER,1702995402000,1702995631000,2,137.5,,1073741824.0,,,0.13006499057239582,0.13006499057239582,0.0,300.94,
1220,NFCORE_CHIPSEQ:CHIPSEQ:MARK_DUPLICATES_PICARD:BAM_STATS_SAMTOOLS:SAMTOOLS_STATS,1702995585000,1702995631000,2,134.0,,1073741824.0,,,0.02549992101527778,0.02549992101527778,0.0,300.94,
1240,NFCORE_CHIPSEQ:CHIPSEQ:MARK_DUPLICATES_PICARD:BAM_STATS_SAMTOOLS:SAMTOOLS_FLAGSTAT,1702995625000,1702995632000,2,154.6,,1073741824.0,,,0.004441701986458333,0.004441701986458333,0.0,300.94,
1249,NFCORE_CHIPSEQ:CHIPSEQ:FILTER_BAM_BAMTOOLS:BAM_FILTER,1702995590000,1702995631000,2,150.7,,1073741824.0,,,0.025393293689062495,0.025393293689062495,0.0,300.94,
1273,NFCORE_CHIPSEQ:CHIPSEQ:FILTER_BAM_BAMTOOLS:BAM_SORT_SAMTOOLS:BAM_STATS_SAMTOOLS:SAMTOOLS_FLAGSTAT,1702995617000,1702995628000,2,139.0,,1073741824.0,,,0.0063118873468750005,0.0063118873468750005,0.0,300.94,
978,NFCORE_CHIPSEQ:CHIPSEQ:MARK_DUPLICATES_PICARD:PICARD_MARKDUPLICATES,1702995299000,1702995631000,2,106.2,,21180186624.0,,,0.3518394790630208,0.3518394790630208,0.0,300.94,
1281,NFCORE_CHIPSEQ:CHIPSEQ:MARK_DUPLICATES_PICARD:BAM_STATS_SAMTOOLS:SAMTOOLS_IDXSTATS,1702995635000,1702995637000,2,108.8,,1073741824.0,,,0.0009125169555555556,0.0009125169555555556,0.0,300.94,
1009,NFCORE_CHIPSEQ:CHIPSEQ:MARK_DUPLICATES_PICARD:PICARD_MARKDUPLICATES,1702995348000,1702995641000,2,106.6,,21180186624.0,,,0.3109651231804254,0.3109651231804254,0.0,300.94,
1279,NFCORE_CHIPSEQ:CHIPSEQ:MARK_DUPLICATES_PICARD:BAM_STATS_SAMTOOLS:SAMTOOLS_FLAGSTAT,1702995636000,1702995647000,2,153.1,,1073741824.0,,,0.006915593363020833,0.006915593363020833,0.0,300.94,
1283,NFCORE_CHIPSEQ:CHIPSEQ:FILTER_BAM_BAMTOOLS:BAM_REMOVE_ORPHANS,1702995650000,1702995651000,2,64.6,,1073741824.0,,,0.0002842158864583334,0.0002842158864583334,0.0,300.94,
1286,NFCORE_CHIPSEQ:CHIPSEQ:MARK_DUPLICATES_PICARD:SAMTOOLS_INDEX,1702995640000,1702995651000,2,158.6,,1073741824.0,,,0.007151081525347222,0.007151081525347222,0.0,300.94,
1230,NFCORE_CHIPSEQ:CHIPSEQ:FILTER_BAM_BAMTOOLS:BAM_SORT_SAMTOOLS:BAM_STATS_SAMTOOLS:SAMTOOLS_STATS,1702995618000,1702995663000,2,130.6,,1073741824.0,,,0.024350042859375,0.024350042859375,0.0,300.94,
1236,NFCORE_CHIPSEQ:CHIPSEQ:FILTER_BAM_BAMTOOLS:BAM_SORT_SAMTOOLS:BAM_STATS_SAMTOOLS:SAMTOOLS_STATS,1702995614000,1702995663000,2,131.5,,1073741824.0,,,0.026686144468229166,0.026686144468229166,0.0,300.94,
1284,NFCORE_CHIPSEQ:CHIPSEQ:FILTER_BAM_BAMTOOLS:BAM_REMOVE_ORPHANS,1702995656000,1702995663000,2,81.5,,1073741824.0,,,0.0024499781407986113,0.0024499781407986113,0.0,300.94,
1209,NFCORE_CHIPSEQ:CHIPSEQ:PRESEQ_LCEXTRAP,1702995530000,1702995666000,2,100.6,,1073741824.0,,,0.05771038605833333,0.05771038605833333,0.0,300.94,
1191,NFCORE_CHIPSEQ:CHIPSEQ:FILTER_BAM_BAMTOOLS:BAM_FILTER,1702995439000,1702995671000,2,139.2,,1073741824.0,,,0.1333040480222222,0.1333040480222222,0.0,300.94,
1294,NFCORE_CHIPSEQ:CHIPSEQ:MARK_DUPLICATES_PICARD:BAM_STATS_SAMTOOLS:SAMTOOLS_IDXSTATS,1702995670000,1702995671000,2,54.5,,1073741824.0,,,0.00024490298663194446,0.00024490298663194446,0.0,300.94,
1276,NFCORE_CHIPSEQ:CHIPSEQ:FILTER_BAM_BAMTOOLS:BAM_SORT_SAMTOOLS:BAM_STATS_SAMTOOLS:SAMTOOLS_STATS,1702995634000,1702995676000,2,130.6,,1073741824.0,,,0.02272670666875,0.02272670666875,0.0,300.94,
1289,NFCORE_CHIPSEQ:CHIPSEQ:MARK_DUPLICATES_PICARD:SAMTOOLS_INDEX,1702995666000,1702995676000,2,162.2,,1073741824.0,,,0.006641108392361111,0.006641108392361111,0.0,300.94,
1292,NFCORE_CHIPSEQ:CHIPSEQ:MARK_DUPLICATES_PICARD:BAM_STATS_SAMTOOLS:SAMTOOLS_FLAGSTAT,1702995666000,1702995677000,2,149.7,,1073741824.0,,,0.006770018862673611,0.006770018862673611,0.0,300.94,
1296,NFCORE_CHIPSEQ:CHIPSEQ:FILTER_BAM_BAMTOOLS:BAM_REMOVE_ORPHANS,1702995679000,1702995680000,2,43.0,,1073741824.0,,,0.00020014077395833334,0.00020014077395833334,0.0,300.94,
1241,NFCORE_CHIPSEQ:CHIPSEQ:FILTER_BAM_BAMTOOLS:BAM_FILTER,1702995585000,1702995686000,2,140.6,,1073741824.0,,,0.05858360840034724,0.05858360840034724,0.0,300.94,
1297,NFCORE_CHIPSEQ:CHIPSEQ:MARK_DUPLICATES_PICARD:BAM_STATS_SAMTOOLS:SAMTOOLS_FLAGSTAT,1702995689000,1702995698000,2,149.8,,1073741824.0,,,0.005542609471875001,0.005542609471875001,0.0,300.94,
1215,NFCORE_CHIPSEQ:CHIPSEQ:PICARD_COLLECTMULTIPLEMETRICS,1702995551000,1702995697000,2,103.8,,2573205504.0,,,0.07045347875989583,0.07045347875989583,0.0,300.94,
1218,NFCORE_CHIPSEQ:CHIPSEQ:PICARD_COLLECTMULTIPLEMETRICS,1702995584000,1702995697000,2,109.4,,2573205504.0,,,0.056992151734809024,0.056992151734809024,0.0,300.94,
1267,NFCORE_CHIPSEQ:CHIPSEQ:MARK_DUPLICATES_PICARD:BAM_STATS_SAMTOOLS:SAMTOOLS_IDXSTATS,1702995701000,1702995701000,2,116.8,,1073741824.0,,,0.0,0.0,0.0,300.94,
1302,NFCORE_CHIPSEQ:CHIPSEQ:FILTER_BAM_BAMTOOLS:BAM_REMOVE_ORPHANS,1702995701000,1702995701000,2,59.3,,1073741824.0,,,0.0,0.0,0.0,300.94,
1247,NFCORE_CHIPSEQ:CHIPSEQ:PICARD_COLLECTMULTIPLEMETRICS,1702995598000,1702995703000,2,114.6,,2573205504.0,,,0.055082541144531254,0.055082541144531254,0.0,300.94,
1270,NFCORE_CHIPSEQ:CHIPSEQ:FILTER_BAM_BAMTOOLS:BAM_FILTER,1702995611000,1702995704000,2,138.7,,1073741824.0,,,0.0532555414578125,0.0532555414578125,0.0,300.94,
1265,NFCORE_CHIPSEQ:CHIPSEQ:MARK_DUPLICATES_PICARD:BAM_STATS_SAMTOOLS:SAMTOOLS_STATS,1702995680000,1702995711000,2,131.8,,1073741824.0,,,0.016919269996875,0.016919269996875,0.0,300.94,
1227,NFCORE_CHIPSEQ:CHIPSEQ:FILTER_BAM_BAMTOOLS:BAM_FILTER,1702995564000,1702995711000,2,137.0,,1073741824.0,,,0.08320541157395835,0.08320541157395835,0.0,300.94,
1266,NFCORE_CHIPSEQ:CHIPSEQ:MARK_DUPLICATES_PICARD:BAM_STATS_SAMTOOLS:SAMTOOLS_FLAGSTAT,1702995701000,1702995711000,2,153.5,,1073741824.0,,,0.006302472522569444,0.006302472522569444,0.0,300.94,
1293,NFCORE_CHIPSEQ:CHIPSEQ:MARK_DUPLICATES_PICARD:BAM_STATS_SAMTOOLS:SAMTOOLS_STATS,1702995674000,1702995716000,2,133.5,,1073741824.0,,,0.023200796886458333,0.023200796886458333,0.0,300.94,
1299,NFCORE_CHIPSEQ:CHIPSEQ:MARK_DUPLICATES_PICARD:BAM_STATS_SAMTOOLS:SAMTOOLS_IDXSTATS,1702995714000,1702995714000,2,115.3,,1073741824.0,,,0.0,0.0,0.0,300.94,
1304,NFCORE_CHIPSEQ:CHIPSEQ:FILTER_BAM_BAMTOOLS:BAM_REMOVE_ORPHANS,1702995714000,1702995714000,2,62.3,,1073741824.0,,,0.0,0.0,0.0,300.94,
1003,NFCORE_CHIPSEQ:CHIPSEQ:MARK_DUPLICATES_PICARD:PICARD_MARKDUPLICATES,1702995404000,1702995719000,2,106.6,,21180186624.0,,,0.33431404027929684,0.33431404027929684,0.0,300.94,
1271,NFCORE_CHIPSEQ:CHIPSEQ:MARK_DUPLICATES_PICARD:BAM_STATS_SAMTOOLS:SAMTOOLS_IDXSTATS,1702995717000,1702995719000,2,103.2,,1073741824.0,,,0.0008689224527777778,0.0008689224527777778,0.0,300.94,
1305,NFCORE_CHIPSEQ:CHIPSEQ:FILTER_BAM_BAMTOOLS:BAM_REMOVE_ORPHANS,1702995719000,1702995721000,2,45.1,,1073741824.0,,,0.00041662948645833337,0.00041662948645833337,0.0,300.94,
1269,NFCORE_CHIPSEQ:CHIPSEQ:MARK_DUPLICATES_PICARD:BAM_STATS_SAMTOOLS:SAMTOOLS_FLAGSTAT,1702995717000,1702995726000,2,153.7,,1073741824.0,,,0.0056792315296875,0.0056792315296875,0.0,300.94,
1307,NFCORE_CHIPSEQ:CHIPSEQ:MARK_DUPLICATES_PICARD:SAMTOOLS_INDEX,1702995722000,1702995731000,2,161.3,,1073741824.0,,,0.005945469385937501,0.005945469385937501,0.0,300.94,
1280,NFCORE_CHIPSEQ:CHIPSEQ:MARK_DUPLICATES_PICARD:BAM_STATS_SAMTOOLS:SAMTOOLS_STATS,1702995707000,1702995741000,2,131.7,,1073741824.0,,,0.018543384660763888,0.018543384660763888,0.0,300.94,
1300,NFCORE_CHIPSEQ:CHIPSEQ:MARK_DUPLICATES_PICARD:BAM_STATS_SAMTOOLS:SAMTOOLS_STATS,1702995704000,1702995742000,2,133.0,,1073741824.0,,,0.020917242222916667,0.020917242222916667,0.0,300.94,
1268,NFCORE_CHIPSEQ:CHIPSEQ:MARK_DUPLICATES_PICARD:BAM_STATS_SAMTOOLS:SAMTOOLS_STATS,1702995714000,1702995744000,2,131.1,,1073741824.0,,,0.016291747401041664,0.016291747401041664,0.0,300.94,
1311,NFCORE_CHIPSEQ:CHIPSEQ:MARK_DUPLICATES_PICARD:BAM_STATS_SAMTOOLS:SAMTOOLS_IDXSTATS,1702995748000,1702995748000,2,117.6,,1073741824.0,,,0.0,0.0,0.0,300.94,
1312,NFCORE_CHIPSEQ:CHIPSEQ:MARK_DUPLICATES_PICARD:BAM_STATS_SAMTOOLS:SAMTOOLS_FLAGSTAT,1702995745000,1702995756000,2,153.8,,1073741824.0,,,0.0069455645836805574,0.0069455645836805574,0.0,300.94,
1242,NFCORE_CHIPSEQ:CHIPSEQ:MARK_DUPLICATES_PICARD:BAM_STATS_SAMTOOLS:SAMTOOLS_STATS,1702995734000,1702995761000,2,130.2,,1073741824.0,,,0.014567988159375,0.014567988159375,0.0,300.94,
1264,NFCORE_CHIPSEQ:CHIPSEQ:FILTER_BAM_BAMTOOLS:BAM_FILTER,1702995609000,1702995758000,2,137.0,,1073741824.0,,,0.08433745798993057,0.08433745798993057,0.0,300.94,
1225,NFCORE_CHIPSEQ:CHIPSEQ:MARK_DUPLICATES_PICARD:BAM_STATS_SAMTOOLS:SAMTOOLS_IDXSTATS,1702995762000,1702995763000,2,95.8,,1073741824.0,,,0.000405657715625,0.000405657715625,0.0,300.94,
1278,NFCORE_CHIPSEQ:CHIPSEQ:FILTER_BAM_BAMTOOLS:BAM_FILTER,1702995631000,1702995766000,2,139.6,,1073741824.0,,,0.07777935365625,0.07777935365625,0.0,300.94,
1040,NFCORE_CHIPSEQ:CHIPSEQ:MARK_DUPLICATES_PICARD:PICARD_MARKDUPLICATES,1702995529000,1702995772000,2,107.5,,21180186624.0,,,0.2587506630152344,0.2587506630152344,0.0,300.94,
1228,NFCORE_CHIPSEQ:CHIPSEQ:MARK_DUPLICATES_PICARD:BAM_STATS_SAMTOOLS:SAMTOOLS_FLAGSTAT,1702995764000,1702995772000,2,149.6,,1073741824.0,,,0.004920536188888889,0.004920536188888889,0.0,300.94,
1314,NFCORE_CHIPSEQ:CHIPSEQ:FILTER_BAM_BAMTOOLS:BAM_REMOVE_ORPHANS,1702995765000,1702995768000,2,20.0,,1073741824.0,,,0.00033184904583333333,0.00033184904583333333,0.0,300.94,
1315,NFCORE_CHIPSEQ:CHIPSEQ:FILTER_BAM_BAMTOOLS:BAM_REMOVE_ORPHANS,1702995772000,1702995774000,2,3.2,,1073741824.0,,,9.044918888888888e-05,9.044918888888888e-05,0.0,300.94,
1221,NFCORE_CHIPSEQ:CHIPSEQ:FILTER_BAM_BAMTOOLS:BAM_FILTER,1702995561000,1702995781000,2,138.3,,1073741824.0,,,0.12563832252430554,0.12563832252430554,0.0,300.94,
1316,NFCORE_CHIPSEQ:CHIPSEQ:MARK_DUPLICATES_PICARD:SAMTOOLS_INDEX,1702995774000,1702995783000,2,163.0,,1073741824.0,,,0.006005022590625001,0.006005022590625001,0.0,300.94,
1320,NFCORE_CHIPSEQ:CHIPSEQ:FILTER_BAM_BAMTOOLS:BAM_REMOVE_ORPHANS,1702995784000,1702995786000,2,57.4,,1073741824.0,,,0.0005123816979166666,0.0005123816979166666,0.0,300.94,
1248,NFCORE_CHIPSEQ:CHIPSEQ:MARK_DUPLICATES_PICARD:BAM_STATS_SAMTOOLS:SAMTOOLS_IDXSTATS,1702995789000,1702995791000,2,79.6,,1073741824.0,,,0.0006852027625,0.0006852027625,0.0,300.94,
1226,NFCORE_CHIPSEQ:CHIPSEQ:MARK_DUPLICATES_PICARD:BAM_STATS_SAMTOOLS:SAMTOOLS_STATS,1702995769000,1702995796000,2,129.2,,1073741824.0,,,0.014462894268749998,0.014462894268749998,0.0,300.94,
1254,NFCORE_CHIPSEQ:CHIPSEQ:PRESEQ_LCEXTRAP,1702995704000,1702995794000,2,101.3,,1073741824.0,,,0.03843591573437499,0.03843591573437499,0.0,300.94,
1288,NFCORE_CHIPSEQ:CHIPSEQ:PRESEQ_LCEXTRAP,1702995680000,1702995794000,2,101.3,,1073741824.0,,,0.048685493263541664,0.048685493263541664,0.0,300.94,
1310,NFCORE_CHIPSEQ:CHIPSEQ:MARK_DUPLICATES_PICARD:BAM_STATS_SAMTOOLS:SAMTOOLS_STATS,1702995750000,1702995794000,2,131.5,,1073741824.0,,,0.023963068502083337,0.023963068502083337,0.0,300.94,
1250,NFCORE_CHIPSEQ:CHIPSEQ:MARK_DUPLICATES_PICARD:BAM_STATS_SAMTOOLS:SAMTOOLS_STATS,1702995777000,1702995801000,2,131.4,,1073741824.0,,,0.013061422958333334,0.013061422958333334,0.0,300.94,
1287,NFCORE_CHIPSEQ:CHIPSEQ:PRESEQ_LCEXTRAP,1702995674000,1702995801000,2,101.2,,1073741824.0,,,0.05418791470625,0.05418791470625,0.0,300.94,
1322,NFCORE_CHIPSEQ:CHIPSEQ:MARK_DUPLICATES_PICARD:BAM_STATS_SAMTOOLS:SAMTOOLS_IDXSTATS,1702995797000,1702995799000,2,6.1,,1073741824.0,,,0.00011302491354166666,0.00011302491354166666,0.0,300.94,
1251,NFCORE_CHIPSEQ:CHIPSEQ:MARK_DUPLICATES_PICARD:BAM_STATS_SAMTOOLS:SAMTOOLS_FLAGSTAT,1702995800000,1702995806000,2,161.3,,1073741824.0,,,0.003963646257291667,0.003963646257291667,0.0,300.94,
1261,NFCORE_CHIPSEQ:CHIPSEQ:PRESEQ_LCEXTRAP,1702995707000,1702995806000,2,101.2,,1073741824.0,,,0.042240972881250005,0.042240972881250005,0.0,300.94,
1321,NFCORE_CHIPSEQ:CHIPSEQ:MARK_DUPLICATES_PICARD:BAM_STATS_SAMTOOLS:SAMTOOLS_FLAGSTAT,1702995797000,1702995806000,2,143.2,,1073741824.0,,,0.005311402912500001,0.005311402912500001,0.0,300.94,
1255,NFCORE_CHIPSEQ:CHIPSEQ:PRESEQ_LCEXTRAP,1702995729000,1702995831000,2,100.9,,1073741824.0,,,0.043401895953125,0.043401895953125,0.0,300.94,
1324,NFCORE_CHIPSEQ:CHIPSEQ:MARK_DUPLICATES_PICARD:BAM_STATS_SAMTOOLS:SAMTOOLS_STATS,1702995797000,1702995831000,2,131.5,,1073741824.0,,,0.018516916569791667,0.018516916569791667,0.0,300.94,
1258,NFCORE_CHIPSEQ:CHIPSEQ:FILTER_BAM_BAMTOOLS:BAM_SORT_SAMTOOLS:SAMTOOLS_SORT,1702995809000,1702995833000,5,409.2,,6309281792.0,,,0.04284735130729168,0.04284735130729168,0.0,300.94,
1308,NFCORE_CHIPSEQ:CHIPSEQ:PRESEQ_LCEXTRAP,1702995724000,1702995841000,2,100.7,,1073741824.0,,,0.0496934463390625,0.0496934463390625,0.0,300.94,
1223,NFCORE_CHIPSEQ:CHIPSEQ:PRESEQ_LCEXTRAP,1702995760000,1702995844000,2,100.7,,1073741824.0,,,0.03567734608958334,0.03567734608958334,0.0,300.94,
1319,NFCORE_CHIPSEQ:CHIPSEQ:FILTER_BAM_BAMTOOLS:BAM_SORT_SAMTOOLS:SAMTOOLS_SORT,1702995836000,1702995848000,5,426.5,,6309281792.0,,,0.022231730901562503,0.022231730901562503,0.0,300.94,
1326,NFCORE_CHIPSEQ:CHIPSEQ:FILTER_BAM_BAMTOOLS:BAM_SORT_SAMTOOLS:SAMTOOLS_INDEX,1702995838000,1702995848000,2,160.8,,1073741824.0,,,0.00658661526388889,0.00658661526388889,0.0,300.94,
1334,NFCORE_CHIPSEQ:CHIPSEQ:FILTER_BAM_BAMTOOLS:BAM_SORT_SAMTOOLS:BAM_STATS_SAMTOOLS:SAMTOOLS_IDXSTATS,1702995850000,1702995852000,1,46.4,,1073741824.0,,,0.0004267496388888889,0.0004267496388888889,0.0,300.94,
1330,NFCORE_CHIPSEQ:CHIPSEQ:FILTER_BAM_BAMTOOLS:BAM_SORT_SAMTOOLS:SAMTOOLS_INDEX,1702995849000,1702995856000,2,167.7,,1073741824.0,,,0.004798631977951389,0.004798631977951389,0.0,300.94,
1333,NFCORE_CHIPSEQ:CHIPSEQ:FILTER_BAM_BAMTOOLS:BAM_SORT_SAMTOOLS:BAM_STATS_SAMTOOLS:SAMTOOLS_FLAGSTAT,1702995850000,1702995858000,2,147.2,,1073741824.0,,,0.004845802755555555,0.004845802755555555,0.0,300.94,
992,NFCORE_CHIPSEQ:CHIPSEQ:MARK_DUPLICATES_PICARD:PICARD_MARKDUPLICATES,1702995540000,1702995867000,2,106.1,,21180186624.0,,,0.34641341134908854,0.34641341134908854,0.0,300.94,
1336,NFCORE_CHIPSEQ:CHIPSEQ:FILTER_BAM_BAMTOOLS:BAM_SORT_SAMTOOLS:BAM_STATS_SAMTOOLS:SAMTOOLS_FLAGSTAT,1702995862000,1702995872000,2,154.5,,1073741824.0,,,0.0063413961857638895,0.0063413961857638895,0.0,300.94,
1332,NFCORE_CHIPSEQ:CHIPSEQ:FILTER_BAM_BAMTOOLS:BAM_SORT_SAMTOOLS:BAM_STATS_SAMTOOLS:SAMTOOLS_STATS,1702995850000,1702995876000,2,129.9,,1073741824.0,,,0.013998072585069446,0.013998072585069446,0.0,300.94,
980,NFCORE_CHIPSEQ:CHIPSEQ:MARK_DUPLICATES_PICARD:PICARD_MARKDUPLICATES,1702995543000,1702995876000,2,106.7,,21180186624.0,,,0.3535473155222657,0.3535473155222657,0.0,300.94,
1317,NFCORE_CHIPSEQ:CHIPSEQ:PRESEQ_LCEXTRAP,1702995786000,1702995880000,2,100.4,,1073741824.0,,,0.039814884465277776,0.039814884465277776,0.0,300.94,
1335,NFCORE_CHIPSEQ:CHIPSEQ:FILTER_BAM_BAMTOOLS:BAM_SORT_SAMTOOLS:BAM_STATS_SAMTOOLS:SAMTOOLS_IDXSTATS,1702995880000,1702995882000,1,63.0,,1073741824.0,,,0.0005559762006944445,0.0005559762006944445,0.0,300.94,
1232,NFCORE_CHIPSEQ:CHIPSEQ:PRESEQ_LCEXTRAP,1702995802000,1702995886000,2,100.3,,1073741824.0,,,0.03554656258125,0.03554656258125,0.0,300.94,
1206,NFCORE_CHIPSEQ:CHIPSEQ:FILTER_BAM_BAMTOOLS:BAM_SORT_SAMTOOLS:SAMTOOLS_SORT,1702995869000,1702995897000,5,421.8,,6309281792.0,,,0.05136180336267361,0.05136180336267361,0.0,300.94,
1275,NFCORE_CHIPSEQ:CHIPSEQ:MACS2_CALLPEAK,1702995615000,1702995896000,1,97.4,,1892679680.0,,,0.12276279706783855,0.12276279706783855,0.0,300.94,
1298,NFCORE_CHIPSEQ:CHIPSEQ:FILTER_BAM_BAMTOOLS:BAM_FILTER,1702995683000,1702995896000,2,137.1,,1073741824.0,,,0.12064585070364583,0.12064585070364583,0.0,300.94,
1323,NFCORE_CHIPSEQ:CHIPSEQ:FILTER_BAM_BAMTOOLS:BAM_FILTER,1702995794000,1702995896000,2,140.3,,1073741824.0,,,0.05904453771770834,0.05904453771770834,0.0,300.94,
1337,NFCORE_CHIPSEQ:CHIPSEQ:FILTER_BAM_BAMTOOLS:BAM_SORT_SAMTOOLS:BAM_STATS_SAMTOOLS:SAMTOOLS_STATS,1702995876000,1702995897000,2,129.9,,1073741824.0,,,0.011306135549479167,0.011306135549479167,0.0,300.94,
1340,NFCORE_CHIPSEQ:CHIPSEQ:MARK_DUPLICATES_PICARD:SAMTOOLS_INDEX,1702995884000,1702995896000,2,162.2,,1073741824.0,,,0.007969330070833332,0.007969330070833332,0.0,300.94,
1342,NFCORE_CHIPSEQ:CHIPSEQ:MARK_DUPLICATES_PICARD:SAMTOOLS_INDEX,1702995885000,1702995898000,2,129.5,,1073741824.0,,,0.006978795987673611,0.006978795987673611,0.0,300.94,
1349,NFCORE_CHIPSEQ:CHIPSEQ:FILTER_BAM_BAMTOOLS:BAM_REMOVE_ORPHANS,1702995900000,1702995901000,2,50.8,,1073741824.0,,,0.00023050123125,0.00023050123125,0.0,300.94,
1291,NFCORE_CHIPSEQ:CHIPSEQ:FILTER_BAM_BAMTOOLS:BAM_FILTER,1702995666000,1702995909000,2,137.6,,1073741824.0,,,0.13811114655,0.13811114655,0.0,300.94,
1345,NFCORE_CHIPSEQ:CHIPSEQ:FILTER_BAM_BAMTOOLS:BAM_SORT_SAMTOOLS:SAMTOOLS_INDEX,1702995900000,1702995909000,2,157.8,,1073741824.0,,,0.005822859846875,0.005822859846875,0.0,300.94,
990,NFCORE_CHIPSEQ:CHIPSEQ:MARK_DUPLICATES_PICARD:PICARD_MARKDUPLICATES,1702995593000,1702995914000,2,107.1,,21180186624.0,,,0.34130665155507817,0.34130665155507817,0.0,300.94,
1350,NFCORE_CHIPSEQ:CHIPSEQ:FILTER_BAM_BAMTOOLS:BAM_REMOVE_ORPHANS,1702995912000,1702995914000,2,65.3,,1073741824.0,,,0.0005738810857638889,0.0005738810857638889,0.0,300.94,
1358,NFCORE_CHIPSEQ:CHIPSEQ:MARK_DUPLICATES_PICARD:BAM_STATS_SAMTOOLS:SAMTOOLS_FLAGSTAT,1702995900000,1702995914000,2,152.0,,1073741824.0,,,0.008741721838888888,0.008741721838888888,0.0,300.94,
1355,NFCORE_CHIPSEQ:CHIPSEQ:MARK_DUPLICATES_PICARD:BAM_STATS_SAMTOOLS:SAMTOOLS_IDXSTATS,1702995912000,1702995914000,2,125.0,,1073741824.0,,,0.0010386296243055555,0.0010386296243055555,0.0,300.94,
1360,NFCORE_CHIPSEQ:CHIPSEQ:FILTER_BAM_BAMTOOLS:BAM_REMOVE_ORPHANS,1702995918000,1702995920000,2,21.3,,1073741824.0,,,0.00023135284965277776,0.00023135284965277776,0.0,300.94,
1363,NFCORE_CHIPSEQ:CHIPSEQ:FILTER_BAM_BAMTOOLS:BAM_SORT_SAMTOOLS:BAM_STATS_SAMTOOLS:SAMTOOLS_IDXSTATS,1702995915000,1702995916000,1,93.4,,1073741824.0,,,0.0003963160364583334,0.0003963160364583334,0.0,300.94,
987,NFCORE_CHIPSEQ:CHIPSEQ:MARK_DUPLICATES_PICARD:PICARD_MARKDUPLICATES,1702995595000,1702995920000,2,107.4,,21180186624.0,,,0.3459391996582032,0.3459391996582032,0.0,300.94,
1327,NFCORE_CHIPSEQ:CHIPSEQ:PICARD_COLLECTMULTIPLEMETRICS,1702995838000,1702995922000,2,116.8,,2573205504.0,,,0.044785342211458336,0.044785342211458336,0.0,300.94,
1329,NFCORE_CHIPSEQ:CHIPSEQ:PICARD_COLLECTMULTIPLEMETRICS,1702995850000,1702995920000,2,117.4,,2573205504.0,,,0.03748459789496528,0.03748459789496528,0.0,300.94,
975,NFCORE_CHIPSEQ:CHIPSEQ:MARK_DUPLICATES_PICARD:PICARD_MARKDUPLICATES,1702995569000,1702995923000,2,106.2,,21180186624.0,,,0.3751541433382813,0.3751541433382813,0.0,300.94,
1313,NFCORE_CHIPSEQ:CHIPSEQ:FILTER_BAM_BAMTOOLS:BAM_FILTER,1702995744000,1702995938000,2,137.8,,1073741824.0,,,0.11041259760208331,0.11041259760208331,0.0,300.94,
1361,NFCORE_CHIPSEQ:CHIPSEQ:FILTER_BAM_BAMTOOLS:BAM_SORT_SAMTOOLS:BAM_STATS_SAMTOOLS:SAMTOOLS_FLAGSTAT,1702995918000,1702995938000,2,145.3,,1073741824.0,,,0.01196659696875,0.01196659696875,0.0,300.94,
1367,NFCORE_CHIPSEQ:CHIPSEQ:MARK_DUPLICATES_PICARD:SAMTOOLS_INDEX,1702995924000,1702995936000,2,159.4,,1073741824.0,,,0.0078385465625,0.0078385465625,0.0,300.94,
1370,NFCORE_CHIPSEQ:CHIPSEQ:MARK_DUPLICATES_PICARD:SAMTOOLS_INDEX,1702995924000,1702995936000,2,137.1,,1073741824.0,,,0.006796949335416667,0.006796949335416667,0.0,300.94,
1243,NFCORE_CHIPSEQ:CHIPSEQ:BEDTOOLS_GENOMECOV,1702995586000,1702995947000,2,122.5,,4567597056.0,,,0.22245225134756944,0.22245225134756944,0.0,300.94,
967,NFCORE_CHIPSEQ:CHIPSEQ:MARK_DUPLICATES_PICARD:PICARD_MARKDUPLICATES,1702995593000,1702995948000,2,106.9,,21180186624.0,,,0.3771811538357205,0.3771811538357205,0.0,300.94,
1373,NFCORE_CHIPSEQ:CHIPSEQ:MARK_DUPLICATES_PICARD:SAMTOOLS_INDEX,1702995941000,1702995953000,2,162.0,,1073741824.0,,,0.007959988391666667,0.007959988391666667,0.0,300.94,
1374,NFCORE_CHIPSEQ:CHIPSEQ:FILTER_BAM_BAMTOOLS:BAM_REMOVE_ORPHANS,1702995957000,1702995962000,2,50.8,,1073741824.0,,,0.0011525061562499999,0.0011525061562499999,0.0,300.94,
1356,NFCORE_CHIPSEQ:CHIPSEQ:MARK_DUPLICATES_PICARD:BAM_STATS_SAMTOOLS:SAMTOOLS_STATS,1702995923000,1702995972000,2,132.6,,1073741824.0,,,0.026895943012847222,0.026895943012847222,0.0,300.94,
982,NFCORE_CHIPSEQ:CHIPSEQ:MARK_DUPLICATES_PICARD:PICARD_MARKDUPLICATES,1702995635000,1702995981000,2,107.3,,21180186624.0,,,0.36815751822300347,0.36815751822300347,0.0,300.94,
1381,NFCORE_CHIPSEQ:CHIPSEQ:MARK_DUPLICATES_PICARD:BAM_STATS_SAMTOOLS:SAMTOOLS_STATS,1702995943000,1702995989000,2,120.4,,1073741824.0,,,0.023064856645833336,0.023064856645833336,0.0,300.94,
1388,NFCORE_CHIPSEQ:CHIPSEQ:MARK_DUPLICATES_PICARD:BAM_STATS_SAMTOOLS:SAMTOOLS_FLAGSTAT,1702995977000,1702995989000,2,149.7,,1073741824.0,,,0.007385475122916666,0.007385475122916666,0.0,300.94,
1385,NFCORE_CHIPSEQ:CHIPSEQ:MARK_DUPLICATES_PICARD:SAMTOOLS_INDEX,1702995992000,1702996009000,2,160.9,,1073741824.0,,,0.011203862971354167,0.011203862971354167,0.0,300.94,
1285,NFCORE_CHIPSEQ:CHIPSEQ:BEDTOOLS_GENOMECOV,1702995656000,1702996011000,2,121.8,,4567597056.0,,,0.21778773098177082,0.21778773098177082,0.0,300.94,
968,NFCORE_CHIPSEQ:CHIPSEQ:MARK_DUPLICATES_PICARD:PICARD_MARKDUPLICATES,1702995645000,1702996013000,2,106.8,,21180186624.0,,,0.39085018236041674,0.39085018236041674,0.0,300.94,
1339,NFCORE_CHIPSEQ:CHIPSEQ:PRESEQ_LCEXTRAP,1702995899000,1702996020000,2,100.5,,1073741824.0,,,0.05129817231649306,0.05129817231649306,0.0,300.94,
1343,NFCORE_CHIPSEQ:CHIPSEQ:PRESEQ_LCEXTRAP,1702995889000,1702996016000,2,100.4,,1073741824.0,,,0.05379245028819444,0.05379245028819444,0.0,300.94,
1392,NFCORE_CHIPSEQ:CHIPSEQ:MARK_DUPLICATES_PICARD:SAMTOOLS_INDEX,1702996012000,1702996024000,2,159.7,,1073741824.0,,,0.00785255908125,0.00785255908125,0.0,300.94,
1004,NFCORE_CHIPSEQ:CHIPSEQ:MARK_DUPLICATES_PICARD:PICARD_MARKDUPLICATES,1702995722000,1702996032000,2,106.8,,21180186624.0,,,0.32924879492317716,0.32924879492317716,0.0,300.94,
1346,NFCORE_CHIPSEQ:CHIPSEQ:PICARD_COLLECTMULTIPLEMETRICS,1702995900000,1702996036000,2,97.6,,2573205504.0,,,0.0623458547423611,0.0623458547423611,0.0,300.94,
1400,NFCORE_CHIPSEQ:CHIPSEQ:MARK_DUPLICATES_PICARD:SAMTOOLS_INDEX,1702996020000,1702996036000,2,149.3,,1073741824.0,,,0.009822389019444445,0.009822389019444445,0.0,300.94,
1384,NFCORE_CHIPSEQ:CHIPSEQ:UCSC_BEDGRAPHTOBIGWIG,1702995969000,1702996046000,1,100.5,,1073741824.0,,,0.03264429147413194,0.03264429147413194,0.0,300.94,
1366,NFCORE_CHIPSEQ:CHIPSEQ:PRESEQ_LCEXTRAP,1702995924000,1702996051000,2,100.5,,1073741824.0,,,0.05384188334045139,0.05384188334045139,0.0,300.94,
1371,NFCORE_CHIPSEQ:CHIPSEQ:PRESEQ_LCEXTRAP,1702995924000,1702996051000,2,100.6,,1073741824.0,,,0.053891316392708326,0.053891316392708326,0.0,300.94,
1406,NFCORE_CHIPSEQ:CHIPSEQ:MARK_DUPLICATES_PICARD:SAMTOOLS_INDEX,1702996039000,1702996051000,2,155.3,,1073741824.0,,,0.007647042139583334,0.007647042139583334,0.0,300.94,
1263,NFCORE_CHIPSEQ:CHIPSEQ:BEDTOOLS_GENOMECOV,1702995634000,1702996051000,2,121.9,,4567597056.0,,,0.25598620975833336,0.25598620975833336,0.0,300.94,
1408,NFCORE_CHIPSEQ:CHIPSEQ:MARK_DUPLICATES_PICARD:BAM_STATS_SAMTOOLS:SAMTOOLS_IDXSTATS,1702996054000,1702996054000,2,97.6,,1073741824.0,,,0.0,0.0,0.0,300.94,
1409,NFCORE_CHIPSEQ:CHIPSEQ:MARK_DUPLICATES_PICARD:BAM_STATS_SAMTOOLS:SAMTOOLS_FLAGSTAT,1702996054000,1702996066000,2,149.6,,1073741824.0,,,0.007380804283333334,0.007380804283333334,0.0,300.94,
1372,NFCORE_CHIPSEQ:CHIPSEQ:PRESEQ_LCEXTRAP,1702995950000,1702996087000,2,100.7,,1073741824.0,,,0.058188052550868063,0.058188052550868063,0.0,300.94,
1341,NFCORE_CHIPSEQ:CHIPSEQ:BEDTOOLS_GENOMECOV,1702995900000,1702996096000,2,121.5,,4567597056.0,,,0.120014495825,0.120014495825,0.0,300.94,
1397,NFCORE_CHIPSEQ:CHIPSEQ:MARK_DUPLICATES_PICARD:BAM_STATS_SAMTOOLS:SAMTOOLS_IDXSTATS,1702996099000,1702996100000,2,76.6,,1073741824.0,,,0.0003309242822916666,0.0003309242822916666,0.0,300.94,
1390,NFCORE_CHIPSEQ:CHIPSEQ:MARK_DUPLICATES_PICARD:BAM_STATS_SAMTOOLS:SAMTOOLS_IDXSTATS,1702996105000,1702996106000,2,105.3,,1073741824.0,,,0.00044263519565972224,0.00044263519565972224,0.0,300.94,
1398,NFCORE_CHIPSEQ:CHIPSEQ:UCSC_BEDGRAPHTOBIGWIG,1702996028000,1702996101000,1,99.6,,1073741824.0,,,0.030692755657638886,0.030692755657638886,0.0,300.94,
1407,NFCORE_CHIPSEQ:CHIPSEQ:MARK_DUPLICATES_PICARD:BAM_STATS_SAMTOOLS:SAMTOOLS_STATS,1702996054000,1702996100000,2,130.8,,1073741824.0,,,0.02492696469305556,0.02492696469305556,0.0,300.94,
1352,NFCORE_CHIPSEQ:CHIPSEQ:FILTER_BAM_BAMTOOLS:BAM_FILTER,1702995906000,1702996111000,2,136.7,,1073741824.0,,,0.11579537710850692,0.11579537710850692,0.0,300.94,
1394,NFCORE_CHIPSEQ:CHIPSEQ:MARK_DUPLICATES_PICARD:BAM_STATS_SAMTOOLS:SAMTOOLS_FLAGSTAT,1702996103000,1702996116000,2,151.0,,1073741824.0,,,0.008066712373958333,0.008066712373958333,0.0,300.94,
1401,NFCORE_CHIPSEQ:CHIPSEQ:MARK_DUPLICATES_PICARD:BAM_STATS_SAMTOOLS:SAMTOOLS_IDXSTATS,1702996120000,1702996121000,2,97.6,,1073741824.0,,,0.000412663975,0.000412663975,0.0,300.94,
1338,NFCORE_CHIPSEQ:CHIPSEQ:BEDTOOLS_GENOMECOV,1702995869000,1702996122000,2,122.6,,4567597056.0,,,0.1559999161779514,0.1559999161779514,0.0,300.94,
1052,NFCORE_CHIPSEQ:CHIPSEQ:MARK_DUPLICATES_PICARD:PICARD_MARKDUPLICATES,1702995925000,1702996124000,2,109.4,,21180186624.0,,,0.21337039481662326,0.21337039481662326,0.0,300.94,
1357,NFCORE_CHIPSEQ:CHIPSEQ:FILTER_BAM_BAMTOOLS:BAM_FILTER,1702995902000,1702996129000,2,137.4,,1073741824.0,,,0.1288406950746528,0.1288406950746528,0.0,300.94,
1386,NFCORE_CHIPSEQ:CHIPSEQ:PRESEQ_LCEXTRAP,1702995993000,1702996129000,2,100.9,,1073741824.0,,,0.057869194604166674,0.057869194604166674,0.0,300.94,
1419,NFCORE_CHIPSEQ:CHIPSEQ:FILTER_BAM_BAMTOOLS:BAM_REMOVE_ORPHANS,1702996124000,1702996126000,2,54.5,,1073741824.0,,,0.0004898059732638889,0.0004898059732638889,0.0,300.94,
1396,NFCORE_CHIPSEQ:CHIPSEQ:MARK_DUPLICATES_PICARD:BAM_STATS_SAMTOOLS:SAMTOOLS_STATS,1702996090000,1702996135000,2,132.5,,1073741824.0,,,0.024682840179687502,0.024682840179687502,0.0,300.94,
1404,NFCORE_CHIPSEQ:CHIPSEQ:MARK_DUPLICATES_PICARD:BAM_STATS_SAMTOOLS:SAMTOOLS_FLAGSTAT,1702996124000,1702996138000,2,148.4,,1073741824.0,,,0.008545546576388889,0.008545546576388889,0.0,300.94,
1417,NFCORE_CHIPSEQ:CHIPSEQ:UCSC_BEDGRAPHTOBIGWIG,1702996102000,1702996141000,1,100.3,,1073741824.0,,,0.0165037611984375,0.0165037611984375,0.0,300.94,
1422,NFCORE_CHIPSEQ:CHIPSEQ:MARK_DUPLICATES_PICARD:SAMTOOLS_INDEX,1702996133000,1702996141000,2,157.1,,1073741824.0,,,0.005154078168055556,0.005154078168055556,0.0,300.94,
1423,NFCORE_CHIPSEQ:CHIPSEQ:FILTER_BAM_BAMTOOLS:BAM_REMOVE_ORPHANS,1702996138000,1702996141000,2,61.5,,1073741824.0,,,0.0008164486526041669,0.0008164486526041669,0.0,300.94,
1379,NFCORE_CHIPSEQ:CHIPSEQ:MARK_DUPLICATES_PICARD:BAM_STATS_SAMTOOLS:SAMTOOLS_IDXSTATS,1702996144000,1702996144000,2,91.4,,1073741824.0,,,0.0,0.0,0.0,300.94,
1380,NFCORE_CHIPSEQ:CHIPSEQ:MARK_DUPLICATES_PICARD:BAM_STATS_SAMTOOLS:SAMTOOLS_IDXSTATS,1702996141000,1702996144000,2,76.2,,1073741824.0,,,0.0009881020072916667,0.0009881020072916667,0.0,300.94,
1382,NFCORE_CHIPSEQ:CHIPSEQ:MARK_DUPLICATES_PICARD:BAM_STATS_SAMTOOLS:SAMTOOLS_FLAGSTAT,1702996133000,1702996144000,2,145.7,,1073741824.0,,,0.006598754744618055,0.006598754744618055,0.0,300.94,
1389,NFCORE_CHIPSEQ:CHIPSEQ:MARK_DUPLICATES_PICARD:BAM_STATS_SAMTOOLS:SAMTOOLS_STATS,1702996109000,1702996157000,2,130.3,,1073741824.0,,,0.025917328975000004,0.025917328975000004,0.0,300.94,
1416,NFCORE_CHIPSEQ:CHIPSEQ:UCSC_BEDGRAPHTOBIGWIG,1702996069000,1702996157000,1,100.7,,1073741824.0,,,0.03737626733194445,0.03737626733194445,0.0,300.94,
1353,NFCORE_CHIPSEQ:CHIPSEQ:MARK_DUPLICATES_PICARD:BAM_STATS_SAMTOOLS:SAMTOOLS_IDXSTATS,1702996160000,1702996161000,2,24.6,,1073741824.0,,,0.00012852123368055555,0.00012852123368055555,0.0,300.94,
1354,NFCORE_CHIPSEQ:CHIPSEQ:MARK_DUPLICATES_PICARD:BAM_STATS_SAMTOOLS:SAMTOOLS_FLAGSTAT,1702996147000,1702996161000,2,141.4,,1073741824.0,,,0.008164094677083334,0.008164094677083334,0.0,300.94,
1376,NFCORE_CHIPSEQ:CHIPSEQ:MARK_DUPLICATES_PICARD:BAM_STATS_SAMTOOLS:SAMTOOLS_FLAGSTAT,1702996147000,1702996161000,2,147.8,,1073741824.0,,,0.008512850699305557,0.008512850699305557,0.0,300.94,
1403,NFCORE_CHIPSEQ:CHIPSEQ:MARK_DUPLICATES_PICARD:BAM_STATS_SAMTOOLS:SAMTOOLS_STATS,1702996114000,1702996161000,2,132.5,,1073741824.0,,,0.025779855298784727,0.025779855298784727,0.0,300.94,
1013,NFCORE_CHIPSEQ:CHIPSEQ:MARK_DUPLICATES_PICARD:PICARD_MARKDUPLICATES,1702995880000,1702996166000,2,106.9,,21180186624.0,,,0.3038698873155382,0.3038698873155382,0.0,300.94,
1412,NFCORE_CHIPSEQ:CHIPSEQ:MARK_DUPLICATES_PICARD:BAM_STATS_SAMTOOLS:SAMTOOLS_IDXSTATS,1702996165000,1702996166000,2,90.4,,1073741824.0,,,0.0003846389375,0.0003846389375,0.0,300.94,
1383,NFCORE_CHIPSEQ:CHIPSEQ:FILTER_BAM_BAMTOOLS:BAM_FILTER,1702995942000,1702996176000,2,134.8,,1073741824.0,,,0.13044564048750001,0.13044564048750001,0.0,300.94,
1413,NFCORE_CHIPSEQ:CHIPSEQ:MARK_DUPLICATES_PICARD:BAM_STATS_SAMTOOLS:SAMTOOLS_FLAGSTAT,1702996164000,1702996177000,2,147.1,,1073741824.0,,,0.0078693694015625,0.0078693694015625,0.0,300.94,
957,NFCORE_CHIPSEQ:CHIPSEQ:MARK_DUPLICATES_PICARD:PICARD_MARKDUPLICATES,1702995774000,1702996172000,2,106.1,,21180186624.0,,,0.4216285557092882,0.4216285557092882,0.0,300.94,
1377,NFCORE_CHIPSEQ:CHIPSEQ:FILTER_BAM_BAMTOOLS:BAM_FILTER,1702995941000,1702996181000,2,135.7,,1073741824.0,,,0.134631151625,0.134631151625,0.0,300.94,
1378,NFCORE_CHIPSEQ:CHIPSEQ:MARK_DUPLICATES_PICARD:BAM_STATS_SAMTOOLS:SAMTOOLS_STATS,1702996144000,1702996186000,2,131.0,,1073741824.0,,,0.02279209842291667,0.02279209842291667,0.0,300.94,
1420,NFCORE_CHIPSEQ:CHIPSEQ:UCSC_BEDGRAPHTOBIGWIG,1702996135000,1702996186000,1,100.8,,1073741824.0,,,0.021681096908333333,0.021681096908333333,0.0,300.94,
1433,NFCORE_CHIPSEQ:CHIPSEQ:MARK_DUPLICATES_PICARD:SAMTOOLS_INDEX,1702996179000,1702996188000,2,165.7,,1073741824.0,,,0.0060996070921875,0.0060996070921875,0.0,300.94,
1035,NFCORE_CHIPSEQ:CHIPSEQ:MARK_DUPLICATES_PICARD:PICARD_MARKDUPLICATES,1702995927000,1702996188000,2,108.1,,21180186624.0,,,0.27852692335976564,0.27852692335976564,0.0,300.94,
1041,NFCORE_CHIPSEQ:CHIPSEQ:MARK_DUPLICATES_PICARD:PICARD_MARKDUPLICATES,1702995984000,1702996188000,2,108.0,,21180186624.0,,,0.21761980019218746,0.21761980019218746,0.0,300.94,
1434,NFCORE_CHIPSEQ:CHIPSEQ:FILTER_BAM_BAMTOOLS:BAM_REMOVE_ORPHANS,1702996189000,1702996190000,2,69.9,,1073741824.0,,,0.00030484542795138894,0.00030484542795138894,0.0,300.94,
1399,NFCORE_CHIPSEQ:CHIPSEQ:PRESEQ_LCEXTRAP,1702996057000,1702996202000,2,101.0,,1073741824.0,,,0.06175521297048612,0.06175521297048612,0.0,300.94,
1436,NFCORE_CHIPSEQ:CHIPSEQ:MARK_DUPLICATES_PICARD:SAMTOOLS_INDEX,1702996186000,1702996201000,2,159.5,,1073741824.0,,,0.009804021752604168,0.009804021752604168,0.0,300.94,
1351,NFCORE_CHIPSEQ:CHIPSEQ:MARK_DUPLICATES_PICARD:BAM_STATS_SAMTOOLS:SAMTOOLS_STATS,1702996163000,1702996205000,2,133.1,,1073741824.0,,,0.023135405132291665,0.023135405132291665,0.0,300.94,
1387,NFCORE_CHIPSEQ:CHIPSEQ:FILTER_BAM_BAMTOOLS:BAM_FILTER,1702995966000,1702996208000,2,135.5,,1073741824.0,,,0.13556468735868057,0.13556468735868057,0.0,300.94,
1414,NFCORE_CHIPSEQ:CHIPSEQ:MARK_DUPLICATES_PICARD:BAM_STATS_SAMTOOLS:SAMTOOLS_STATS,1702996164000,1702996205000,2,131.9,,1073741824.0,,,0.02239305773003472,0.02239305773003472,0.0,300.94,
1046,NFCORE_CHIPSEQ:CHIPSEQ:MARK_DUPLICATES_PICARD:PICARD_MARKDUPLICATES,1702996015000,1702996210000,2,109.6,,21180186624.0,,,0.20923334494596355,0.20923334494596355,0.0,300.94,
1426,NFCORE_CHIPSEQ:CHIPSEQ:FILTER_BAM_BAMTOOLS:BAM_FILTER,1702996147000,1702996210000,2,137.5,,1073741824.0,,,0.0357820716421875,0.0357820716421875,0.0,300.94,
1442,NFCORE_CHIPSEQ:CHIPSEQ:MARK_DUPLICATES_PICARD:BAM_STATS_SAMTOOLS:SAMTOOLS_FLAGSTAT,1702996208000,1702996219000,2,150.4,,1073741824.0,,,0.006799990083333333,0.006799990083333333,0.0,300.94,
1443,NFCORE_CHIPSEQ:CHIPSEQ:MARK_DUPLICATES_PICARD:SAMTOOLS_INDEX,1702996205000,1702996214000,2,162.9,,1073741824.0,,,0.0060015194609375,0.0060015194609375,0.0,300.94,
1446,NFCORE_CHIPSEQ:CHIPSEQ:MARK_DUPLICATES_PICARD:SAMTOOLS_INDEX,1702996208000,1702996216000,2,154.5,,1073741824.0,,,0.0050731169486111114,0.0050731169486111114,0.0,300.94,
1452,NFCORE_CHIPSEQ:CHIPSEQ:FILTER_BAM_BAMTOOLS:BAM_REMOVE_ORPHANS,1702996218000,1702996219000,2,68.8,,1073741824.0,,,0.000300563825,0.000300563825,0.0,300.94,
1437,NFCORE_CHIPSEQ:CHIPSEQ:FILTER_BAM_BAMTOOLS:BAM_REMOVE_ORPHANS,1702996219000,1702996220000,2,81.0,,1073741824.0,,,0.0003480506940972223,0.0003480506940972223,0.0,300.94,
1454,NFCORE_CHIPSEQ:CHIPSEQ:MARK_DUPLICATES_PICARD:SAMTOOLS_INDEX,1702996214000,1702996220000,2,157.7,,1073741824.0,,,0.0038795711447916666,0.0038795711447916666,0.0,300.94,
1455,NFCORE_CHIPSEQ:CHIPSEQ:FILTER_BAM_BAMTOOLS:BAM_REMOVE_ORPHANS,1702996221000,1702996221000,2,106.7,,1073741824.0,,,0.0,0.0,0.0,300.94,
1362,NFCORE_CHIPSEQ:CHIPSEQ:FILTER_BAM_BAMTOOLS:BAM_SORT_SAMTOOLS:BAM_STATS_SAMTOOLS:SAMTOOLS_STATS,1702996190000,1702996228000,2,130.6,,1073741824.0,,,0.020562258414583333,0.020562258414583333,0.0,300.94,
1395,NFCORE_CHIPSEQ:CHIPSEQ:FILTER_BAM_BAMTOOLS:BAM_FILTER,1702996014000,1702996230000,2,136.4,,1073741824.0,,,0.12175656225,0.12175656225,0.0,300.94,
1448,NFCORE_CHIPSEQ:CHIPSEQ:MARK_DUPLICATES_PICARD:BAM_STATS_SAMTOOLS:SAMTOOLS_IDXSTATS,1702996223000,1702996224000,2,92.3,,1073741824.0,,,0.0003920344335069444,0.0003920344335069444,0.0,300.94,
1440,NFCORE_CHIPSEQ:CHIPSEQ:MARK_DUPLICATES_PICARD:BAM_STATS_SAMTOOLS:SAMTOOLS_STATS,1702996194000,1702996233000,2,130.7,,1073741824.0,,,0.021118550706770836,0.021118550706770836,0.0,300.94,
1471,NFCORE_CHIPSEQ:CHIPSEQ:FILTER_BAM_BAMTOOLS:BAM_REMOVE_ORPHANS,1702996233000,1702996236000,2,82.6,,1073741824.0,,,0.001062835440625,0.001062835440625,0.0,300.94,
1415,NFCORE_CHIPSEQ:CHIPSEQ:FILTER_BAM_BAMTOOLS:BAM_FILTER,1702996054000,1702996236000,2,137.0,,1073741824.0,,,0.10301622385347221,0.10301622385347221,0.0,300.94,
1441,NFCORE_CHIPSEQ:CHIPSEQ:MARK_DUPLICATES_PICARD:BAM_STATS_SAMTOOLS:SAMTOOLS_IDXSTATS,1702996236000,1702996236000,2,94.1,,1073741824.0,,,0.0,0.0,0.0,300.94,
1451,NFCORE_CHIPSEQ:CHIPSEQ:MARK_DUPLICATES_PICARD:BAM_STATS_SAMTOOLS:SAMTOOLS_FLAGSTAT,1702996232000,1702996247000,2,150.6,,1073741824.0,,,0.009284390848958332,0.009284390848958332,0.0,300.94,
1458,NFCORE_CHIPSEQ:CHIPSEQ:MARK_DUPLICATES_PICARD:BAM_STATS_SAMTOOLS:SAMTOOLS_FLAGSTAT,1702996239000,1702996247000,2,151.7,,1073741824.0,,,0.004985927943055555,0.004985927943055555,0.0,300.94,
1364,NFCORE_CHIPSEQ:CHIPSEQ:MACS2_CALLPEAK,1702995918000,1702996250000,1,95.8,,1892679680.0,,,0.14297596442934027,0.14297596442934027,0.0,300.94,
1457,NFCORE_CHIPSEQ:CHIPSEQ:MARK_DUPLICATES_PICARD:BAM_STATS_SAMTOOLS:SAMTOOLS_IDXSTATS,1702996250000,1702996252000,2,105.3,,1073741824.0,,,0.0008852703913194445,0.0008852703913194445,0.0,300.94,
1473,NFCORE_CHIPSEQ:CHIPSEQ:FILTER_BAM_BAMTOOLS:BAM_REMOVE_ORPHANS,1702996250000,1702996251000,2,89.7,,1073741824.0,,,0.00038191428107638885,0.00038191428107638885,0.0,300.94,
1347,NFCORE_CHIPSEQ:CHIPSEQ:HOMER_ANNOTATEPEAKS_MACS2,1702995900000,1702996261000,1,100.2,,4807720960.0,,,0.19376302529162326,0.19376302529162326,0.0,300.94,
1393,NFCORE_CHIPSEQ:CHIPSEQ:PRESEQ_LCEXTRAP,1702996130000,1702996263000,2,100.7,,1073741824.0,,,0.05648913130850694,0.05648913130850694,0.0,300.94,
1402,NFCORE_CHIPSEQ:CHIPSEQ:FILTER_BAM_BAMTOOLS:BAM_FILTER,1702996040000,1702996265000,2,137.0,,1073741824.0,,,0.127355221796875,0.127355221796875,0.0,300.94,
1462,NFCORE_CHIPSEQ:CHIPSEQ:MARK_DUPLICATES_PICARD:BAM_STATS_SAMTOOLS:SAMTOOLS_IDXSTATS,1702996264000,1702996265000,2,100.8,,1073741824.0,,,0.00042511954722222224,0.00042511954722222224,0.0,300.94,
1450,NFCORE_CHIPSEQ:CHIPSEQ:MARK_DUPLICATES_PICARD:BAM_STATS_SAMTOOLS:SAMTOOLS_STATS,1702996224000,1702996276000,2,132.4,,1073741824.0,,,0.02850215279166667,0.02850215279166667,0.0,300.94,
1459,NFCORE_CHIPSEQ:CHIPSEQ:MARK_DUPLICATES_PICARD:BAM_STATS_SAMTOOLS:SAMTOOLS_STATS,1702996240000,1702996276000,2,131.1,,1073741824.0,,,0.019550096881250003,0.019550096881250003,0.0,300.94,
1461,NFCORE_CHIPSEQ:CHIPSEQ:MARK_DUPLICATES_PICARD:BAM_STATS_SAMTOOLS:SAMTOOLS_FLAGSTAT,1702996265000,1702996276000,2,144.6,,1073741824.0,,,0.006551657112152777,0.006551657112152777,0.0,300.94,
1477,NFCORE_CHIPSEQ:CHIPSEQ:FILTER_BAM_BAMTOOLS:BAM_REMOVE_ORPHANS,1702996270000,1702996277000,2,0.6,,1073741824.0,,,0.0002457310940972222,0.0002457310940972222,0.0,300.94,
1348,NFCORE_CHIPSEQ:CHIPSEQ:FRIP_SCORE,1702996180000,1702996285000,2,129.5,,1073741824.0,,,0.05636719836197917,0.05636719836197917,0.0,300.94,
1467,NFCORE_CHIPSEQ:CHIPSEQ:MARK_DUPLICATES_PICARD:BAM_STATS_SAMTOOLS:SAMTOOLS_IDXSTATS,1702996281000,1702996281000,2,91.4,,1073741824.0,,,0.0,0.0,0.0,300.94,
1469,NFCORE_CHIPSEQ:CHIPSEQ:MARK_DUPLICATES_PICARD:BAM_STATS_SAMTOOLS:SAMTOOLS_FLAGSTAT,1702996280000,1702996286000,2,148.4,,1073741824.0,,,0.003662377104166667,0.003662377104166667,0.0,300.94,
1405,NFCORE_CHIPSEQ:CHIPSEQ:PRESEQ_LCEXTRAP,1702996171000,1702996290000,2,100.5,,1073741824.0,,,0.050450268641840275,0.050450268641840275,0.0,300.94,
1410,NFCORE_CHIPSEQ:CHIPSEQ:FILTER_BAM_BAMTOOLS:BAM_FILTER,1702996049000,1702996289000,2,136.1,,1073741824.0,,,0.13500481879166665,0.13500481879166665,0.0,300.94,
1427,NFCORE_CHIPSEQ:CHIPSEQ:MARK_DUPLICATES_PICARD:BAM_STATS_SAMTOOLS:SAMTOOLS_IDXSTATS,1702996290000,1702996291000,2,117.8,,1073741824.0,,,0.0004912897746527778,0.0004912897746527778,0.0,300.94,
1460,NFCORE_CHIPSEQ:CHIPSEQ:MARK_DUPLICATES_PICARD:BAM_STATS_SAMTOOLS:SAMTOOLS_STATS,1702996268000,1702996295000,2,130.0,,1073741824.0,,,0.014546969381249998,0.014546969381249998,0.0,300.94,
1480,NFCORE_CHIPSEQ:CHIPSEQ:FILTER_BAM_BAMTOOLS:BAM_REMOVE_ORPHANS,1702996293000,1702996295000,2,84.2,,1073741824.0,,,0.000721012532638889,0.000721012532638889,0.0,300.94,
1428,NFCORE_CHIPSEQ:CHIPSEQ:MARK_DUPLICATES_PICARD:BAM_STATS_SAMTOOLS:SAMTOOLS_FLAGSTAT,1702996292000,1702996298000,2,156.9,,1073741824.0,,,0.003860887786458333,0.003860887786458333,0.0,300.94,
1479,NFCORE_CHIPSEQ:CHIPSEQ:MULTIQC_CUSTOM_PEAKS,1702996298000,1702996301000,2,80.0,,1073741824.0,,,0.0010324749833333334,0.0010324749833333334,0.0,300.94,
961,NFCORE_CHIPSEQ:CHIPSEQ:MARK_DUPLICATES_PICARD:PICARD_MARKDUPLICATES,1702995918000,1702996301000,2,106.3,,21180186624.0,,,0.4060361875129775,0.4060361875129775,0.0,300.94,
1466,NFCORE_CHIPSEQ:CHIPSEQ:MARK_DUPLICATES_PICARD:BAM_STATS_SAMTOOLS:SAMTOOLS_STATS,1702996280000,1702996306000,2,131.2,,1073741824.0,,,0.014129634566666662,0.014129634566666662,0.0,300.94,
1429,NFCORE_CHIPSEQ:CHIPSEQ:MARK_DUPLICATES_PICARD:BAM_STATS_SAMTOOLS:SAMTOOLS_STATS,1702996289000,1702996317000,2,129.3,,1073741824.0,,,0.015009455645138888,0.015009455645138888,0.0,300.94,
1456,NFCORE_CHIPSEQ:CHIPSEQ:FILTER_BAM_BAMTOOLS:BAM_FILTER,1702996222000,1702996317000,2,141.3,,1073741824.0,,,0.05536223640017361,0.05536223640017361,0.0,300.94,
1484,NFCORE_CHIPSEQ:CHIPSEQ:FILTER_BAM_BAMTOOLS:BAM_REMOVE_ORPHANS,1702996320000,1702996321000,2,41.7,,1073741824.0,,,0.00019508069774305556,0.00019508069774305556,0.0,300.94,
1483,NFCORE_CHIPSEQ:CHIPSEQ:MARK_DUPLICATES_PICARD:SAMTOOLS_INDEX,1702996310000,1702996326000,2,159.6,,1073741824.0,,,0.01046385098888889,0.01046385098888889,0.0,300.94,
1447,NFCORE_CHIPSEQ:CHIPSEQ:FILTER_BAM_BAMTOOLS:BAM_SORT_SAMTOOLS:SAMTOOLS_SORT,1702996304000,1702996331000,5,424.4,,6309281792.0,,,0.04980069735820312,0.04980069735820312,0.0,300.94,
964,NFCORE_CHIPSEQ:CHIPSEQ:MARK_DUPLICATES_PICARD:PICARD_MARKDUPLICATES,1702995951000,1702996331000,2,106.4,,21180186624.0,,,0.4030036573220486,0.4030036573220486,0.0,300.94,
1439,NFCORE_CHIPSEQ:CHIPSEQ:FILTER_BAM_BAMTOOLS:BAM_FILTER,1702996191000,1702996342000,2,137.9,,1073741824.0,,,0.08599847698871528,0.08599847698871528,0.0,300.94,
1011,NFCORE_CHIPSEQ:CHIPSEQ:MARK_DUPLICATES_PICARD:PICARD_MARKDUPLICATES,1702996034000,1702996352000,2,106.9,,21180186624.0,,,0.3378693152669271,0.3378693152669271,0.0,300.94,
1432,NFCORE_CHIPSEQ:CHIPSEQ:PRESEQ_LCEXTRAP,1702996239000,1702996356000,2,100.5,,1073741824.0,,,0.0496023649671875,0.0496023649671875,0.0,300.94,
1445,NFCORE_CHIPSEQ:CHIPSEQ:PRESEQ_LCEXTRAP,1702996280000,1702996355000,2,100.5,,1073741824.0,,,0.031796387799479166,0.031796387799479166,0.0,300.94,
1453,NFCORE_CHIPSEQ:CHIPSEQ:PRESEQ_LCEXTRAP,1702996285000,1702996355000,2,100.4,,1073741824.0,,,0.02964938204861111,0.02964938204861111,0.0,300.94,
1490,NFCORE_CHIPSEQ:CHIPSEQ:FILTER_BAM_BAMTOOLS:BAM_SORT_SAMTOOLS:SAMTOOLS_INDEX,1702996334000,1702996352000,2,160.8,,1073741824.0,,,0.011855907475000002,0.011855907475000002,0.0,300.94,
1435,NFCORE_CHIPSEQ:CHIPSEQ:PRESEQ_LCEXTRAP,1702996205000,1702996356000,2,100.5,,1073741824.0,,,0.06401672743628473,0.06401672743628473,0.0,300.94,
1444,NFCORE_CHIPSEQ:CHIPSEQ:PRESEQ_LCEXTRAP,1702996254000,1702996356000,2,100.5,,1073741824.0,,,0.04324308740729166,0.04324308740729166,0.0,300.94,
1489,NFCORE_CHIPSEQ:CHIPSEQ:MARK_DUPLICATES_PICARD:BAM_STATS_SAMTOOLS:SAMTOOLS_IDXSTATS,1702996359000,1702996360000,2,77.4,,1073741824.0,,,0.00033403817534722225,0.00033403817534722225,0.0,300.94,
1493,NFCORE_CHIPSEQ:CHIPSEQ:MARK_DUPLICATES_PICARD:SAMTOOLS_INDEX,1702996345000,1702996358000,2,159.0,,1073741824.0,,,0.008471518471180555,0.008471518471180555,0.0,300.94,
1495,NFCORE_CHIPSEQ:CHIPSEQ:FILTER_BAM_BAMTOOLS:BAM_REMOVE_ORPHANS,1702996358000,1702996360000,2,50.8,,1073741824.0,,,0.0004610024625,0.0004610024625,0.0,300.94,
1499,NFCORE_CHIPSEQ:CHIPSEQ:FILTER_BAM_BAMTOOLS:BAM_SORT_SAMTOOLS:BAM_STATS_SAMTOOLS:SAMTOOLS_IDXSTATS,1702996358000,1702996358000,1,127.0,,1073741824.0,,,0.0,0.0,0.0,300.94,
1463,NFCORE_CHIPSEQ:CHIPSEQ:FILTER_BAM_BAMTOOLS:BAM_FILTER,1702996223000,1702996372000,2,136.5,,1073741824.0,,,0.08404747669913194,0.08404747669913194,0.0,300.94,
1468,NFCORE_CHIPSEQ:CHIPSEQ:FILTER_BAM_BAMTOOLS:BAM_FILTER,1702996228000,1702996373000,2,137.3,,1073741824.0,,,0.08224268309288196,0.08224268309288196,0.0,300.94,
1488,NFCORE_CHIPSEQ:CHIPSEQ:MARK_DUPLICATES_PICARD:BAM_STATS_SAMTOOLS:SAMTOOLS_FLAGSTAT,1702996358000,1702996373000,2,149.9,,1073741824.0,,,0.009243521002604168,0.009243521002604168,0.0,300.94,
1497,NFCORE_CHIPSEQ:CHIPSEQ:MARK_DUPLICATES_PICARD:SAMTOOLS_INDEX,1702996355000,1702996372000,2,155.1,,1073741824.0,,,0.010820075652256945,0.010820075652256945,0.0,300.94,
1498,NFCORE_CHIPSEQ:CHIPSEQ:FILTER_BAM_BAMTOOLS:BAM_SORT_SAMTOOLS:BAM_STATS_SAMTOOLS:SAMTOOLS_FLAGSTAT,1702996358000,1702996372000,2,146.8,,1073741824.0,,,0.008458357570833333,0.008458357570833333,0.0,300.94,
1375,NFCORE_CHIPSEQ:CHIPSEQ:BEDTOOLS_GENOMECOV,1702996023000,1702996376000,2,121.5,,4567597056.0,,,0.21614855625625,0.21614855625625,0.0,300.94,
1421,NFCORE_CHIPSEQ:CHIPSEQ:PRESEQ_LCEXTRAP,1702996295000,1702996375000,2,100.6,,1073741824.0,,,0.03394728591666667,0.03394728591666667,0.0,300.94,
1475,NFCORE_CHIPSEQ:CHIPSEQ:FRIP_SCORE,1702996254000,1702996380000,2,128.2,,1073741824.0,,,0.06700306843124999,0.06700306843124999,0.0,300.94,
1486,NFCORE_CHIPSEQ:CHIPSEQ:MARK_DUPLICATES_PICARD:BAM_STATS_SAMTOOLS:SAMTOOLS_STATS,1702996330000,1702996380000,2,132.4,,1073741824.0,,,0.02740591614583333,0.02740591614583333,0.0,300.94,
1502,NFCORE_CHIPSEQ:CHIPSEQ:MARK_DUPLICATES_PICARD:BAM_STATS_SAMTOOLS:SAMTOOLS_IDXSTATS,1702996375000,1702996375000,2,111.3,,1073741824.0,,,0.0,0.0,0.0,300.94,
1507,NFCORE_CHIPSEQ:CHIPSEQ:FILTER_BAM_BAMTOOLS:BAM_REMOVE_ORPHANS,1702996376000,1702996380000,2,0.9,,1073741824.0,,,0.0001450886076388889,0.0001450886076388889,0.0,300.94,
1506,NFCORE_CHIPSEQ:CHIPSEQ:FILTER_BAM_BAMTOOLS:BAM_REMOVE_ORPHANS,1702996383000,1702996386000,2,52.2,,1073741824.0,,,0.0007078516322916667,0.0007078516322916667,0.0,300.94,
1510,NFCORE_CHIPSEQ:CHIPSEQ:MARK_DUPLICATES_PICARD:BAM_STATS_SAMTOOLS:SAMTOOLS_IDXSTATS,1702996383000,1702996386000,2,49.6,,1073741824.0,,,0.0006774911750000001,0.0006774911750000001,0.0,300.94,
1501,NFCORE_CHIPSEQ:CHIPSEQ:MARK_DUPLICATES_PICARD:BAM_STATS_SAMTOOLS:SAMTOOLS_FLAGSTAT,1702996374000,1702996387000,2,150.0,,1073741824.0,,,0.008016111611805555,0.008016111611805555,0.0,300.94,
1514,NFCORE_CHIPSEQ:CHIPSEQ:MULTIQC_CUSTOM_PEAKS,1702996389000,1702996391000,2,57.7,,1073741824.0,,,0.0005147171177083334,0.0005147171177083334,0.0,300.94,
1202,NFCORE_CHIPSEQ:CHIPSEQ:FILTER_BAM_BAMTOOLS:BAM_SORT_SAMTOOLS:SAMTOOLS_SORT,1702996380000,1702996391000,5,433.0,,6309281792.0,,,0.0206573908516059,0.0206573908516059,0.0,300.94,
1511,NFCORE_CHIPSEQ:CHIPSEQ:MARK_DUPLICATES_PICARD:BAM_STATS_SAMTOOLS:SAMTOOLS_FLAGSTAT,1702996383000,1702996395000,2,116.0,,1073741824.0,,,0.005811402183333334,0.005811402183333334,0.0,300.94,
1519,NFCORE_CHIPSEQ:CHIPSEQ:FILTER_BAM_BAMTOOLS:BAM_SORT_SAMTOOLS:SAMTOOLS_INDEX,1702996396000,1702996401000,2,148.8,,1073741824.0,,,0.0030597656527777788,0.0030597656527777788,0.0,300.94,
1027,NFCORE_CHIPSEQ:CHIPSEQ:MARK_DUPLICATES_PICARD:PICARD_MARKDUPLICATES,1702996169000,1702996411000,2,108.1,,21180186624.0,,,0.2582510170615452,0.2582510170615452,0.0,300.94,
1210,NFCORE_CHIPSEQ:CHIPSEQ:FILTER_BAM_BAMTOOLS:BAM_SORT_SAMTOOLS:SAMTOOLS_SORT,1702996394000,1702996411000,5,433.7,,6309281792.0,,,0.03197137774804687,0.03197137774804687,0.0,300.94,
1331,NFCORE_CHIPSEQ:CHIPSEQ:PHANTOMPEAKQUALTOOLS,1702995859000,1702996414000,1,20.2,,4294967296.0,,,0.11638454814062502,0.11638454814062502,0.0,300.94,
1500,NFCORE_CHIPSEQ:CHIPSEQ:FILTER_BAM_BAMTOOLS:BAM_SORT_SAMTOOLS:BAM_STATS_SAMTOOLS:SAMTOOLS_STATS,1702996375000,1702996412000,2,129.9,,1073741824.0,,,0.01992033406336806,0.01992033406336806,0.0,300.94,
1503,NFCORE_CHIPSEQ:CHIPSEQ:MARK_DUPLICATES_PICARD:BAM_STATS_SAMTOOLS:SAMTOOLS_STATS,1702996363000,1702996411000,2,133.1,,1073741824.0,,,0.02644046300833333,0.02644046300833333,0.0,300.94,
1520,NFCORE_CHIPSEQ:CHIPSEQ:FILTER_BAM_BAMTOOLS:BAM_SORT_SAMTOOLS:BAM_STATS_SAMTOOLS:SAMTOOLS_IDXSTATS,1702996415000,1702996416000,1,126.3,,1073741824.0,,,0.0005243748883680555,0.0005243748883680555,0.0,300.94,
1522,NFCORE_CHIPSEQ:CHIPSEQ:FILTER_BAM_BAMTOOLS:BAM_SORT_SAMTOOLS:BAM_STATS_SAMTOOLS:SAMTOOLS_FLAGSTAT,1702996414000,1702996423000,2,151.0,,1073741824.0,,,0.005584647028125001,0.005584647028125001,0.0,300.94,
1508,NFCORE_CHIPSEQ:CHIPSEQ:MARK_DUPLICATES_PICARD:BAM_STATS_SAMTOOLS:SAMTOOLS_STATS,1702996389000,1702996431000,2,132.3,,1073741824.0,,,0.023004621623958336,0.023004621623958336,0.0,300.94,
1523,NFCORE_CHIPSEQ:CHIPSEQ:MARK_DUPLICATES_PICARD:SAMTOOLS_INDEX,1702996417000,1702996431000,2,155.5,,1073741824.0,,,0.008932447788541666,0.008932447788541666,0.0,300.94,
1525,NFCORE_CHIPSEQ:CHIPSEQ:FILTER_BAM_BAMTOOLS:BAM_SORT_SAMTOOLS:SAMTOOLS_INDEX,1702996425000,1702996431000,2,157.3,,1073741824.0,,,0.003870229465625,0.003870229465625,0.0,300.94,
1282,NFCORE_CHIPSEQ:CHIPSEQ:FILTER_BAM_BAMTOOLS:BAM_SORT_SAMTOOLS:SAMTOOLS_SORT,1702996414000,1702996436000,5,427.5,,6309281792.0,,,0.04084380537855903,0.04084380537855903,0.0,300.94,
1521,NFCORE_CHIPSEQ:CHIPSEQ:FILTER_BAM_BAMTOOLS:BAM_SORT_SAMTOOLS:BAM_STATS_SAMTOOLS:SAMTOOLS_STATS,1702996419000,1702996440000,2,128.4,,1073741824.0,,,0.011183526010416668,0.011183526010416668,0.0,300.94,
1530,NFCORE_CHIPSEQ:CHIPSEQ:MARK_DUPLICATES_PICARD:BAM_STATS_SAMTOOLS:SAMTOOLS_FLAGSTAT,1702996434000,1702996446000,2,149.4,,1073741824.0,,,0.007371462604166667,0.007371462604166667,0.0,300.94,
1535,NFCORE_CHIPSEQ:CHIPSEQ:FILTER_BAM_BAMTOOLS:BAM_SORT_SAMTOOLS:BAM_STATS_SAMTOOLS:SAMTOOLS_IDXSTATS,1702996444000,1702996446000,1,68.1,,1073741824.0,,,0.0005956783371527778,0.0005956783371527778,0.0,300.94,
1536,NFCORE_CHIPSEQ:CHIPSEQ:FILTER_BAM_BAMTOOLS:BAM_SORT_SAMTOOLS:BAM_STATS_SAMTOOLS:SAMTOOLS_FLAGSTAT,1702996439000,1702996446000,2,146.2,,1073741824.0,,,0.004212830846875,0.004212830846875,0.0,300.94,
1539,NFCORE_CHIPSEQ:CHIPSEQ:FILTER_BAM_BAMTOOLS:BAM_SORT_SAMTOOLS:SAMTOOLS_INDEX,1702996439000,1702996446000,2,155.3,,1073741824.0,,,0.004460774581423612,0.004460774581423612,0.0,300.94,
1533,NFCORE_CHIPSEQ:CHIPSEQ:MARK_DUPLICATES_PICARD:BAM_STATS_SAMTOOLS:SAMTOOLS_IDXSTATS,1702996450000,1702996451000,2,102.4,,1073741824.0,,,0.0004313473333333333,0.0004313473333333333,0.0,300.94,
1541,NFCORE_CHIPSEQ:CHIPSEQ:FILTER_BAM_BAMTOOLS:BAM_SORT_SAMTOOLS:BAM_STATS_SAMTOOLS:SAMTOOLS_IDXSTATS,1702996450000,1702996451000,1,87.7,,1073741824.0,,,0.0003741295484375,0.0003741295484375,0.0,300.94,
1513,NFCORE_CHIPSEQ:CHIPSEQ:UCSC_BEDGRAPHTOBIGWIG,1702996382000,1702996456000,1,98.1,,1073741824.0,,,0.03068115170381944,0.03068115170381944,0.0,300.94,
1491,NFCORE_CHIPSEQ:CHIPSEQ:PICARD_COLLECTMULTIPLEMETRICS,1702996334000,1702996459000,2,104.7,,2573205504.0,,,0.06075765042317709,0.06075765042317709,0.0,300.94,
1542,NFCORE_CHIPSEQ:CHIPSEQ:FILTER_BAM_BAMTOOLS:BAM_SORT_SAMTOOLS:BAM_STATS_SAMTOOLS:SAMTOOLS_FLAGSTAT,1702996454000,1702996461000,2,150.4,,1073741824.0,,,0.004327266416666666,0.004327266416666666,0.0,300.94,
1482,NFCORE_CHIPSEQ:CHIPSEQ:PRESEQ_LCEXTRAP,1702996320000,1702996466000,2,100.7,,1073741824.0,,,0.06201062534618055,0.06201062534618055,0.0,300.94,
1518,NFCORE_CHIPSEQ:CHIPSEQ:PICARD_COLLECTMULTIPLEMETRICS,1702996404000,1702996471000,2,119.5,,2573205504.0,,,0.03642577106918403,0.03642577106918403,0.0,300.94,
971,NFCORE_CHIPSEQ:CHIPSEQ:MARK_DUPLICATES_PICARD:PICARD_MARKDUPLICATES,1702996127000,1702996476000,2,106.2,,21180186624.0,,,0.3698553560029948,0.3698553560029948,0.0,300.94,
1532,NFCORE_CHIPSEQ:CHIPSEQ:MARK_DUPLICATES_PICARD:BAM_STATS_SAMTOOLS:SAMTOOLS_STATS,1702996462000,1702996494000,2,131.6,,1073741824.0,,,0.01744014175555556,0.01744014175555556,0.0,300.94,
1543,NFCORE_CHIPSEQ:CHIPSEQ:FILTER_BAM_BAMTOOLS:BAM_SORT_SAMTOOLS:BAM_STATS_SAMTOOLS:SAMTOOLS_STATS,1702996464000,1702996492000,2,129.3,,1073741824.0,,,0.015009455645138888,0.015009455645138888,0.0,300.94,
1000,NFCORE_CHIPSEQ:CHIPSEQ:MARK_DUPLICATES_PICARD:PICARD_MARKDUPLICATES,1702996191000,1702996495000,2,106.7,,21180186624.0,,,0.3227579096659722,0.3227579096659722,0.0,300.94,
1449,NFCORE_CHIPSEQ:CHIPSEQ:FILTER_BAM_BAMTOOLS:BAM_FILTER,1702996211000,1702996494000,2,136.1,,1073741824.0,,,0.15919318215850695,0.15919318215850695,0.0,300.94,
1496,NFCORE_CHIPSEQ:CHIPSEQ:PRESEQ_LCEXTRAP,1702996364000,1702996494000,2,100.9,,1073741824.0,,,0.055316141901041664,0.055316141901041664,0.0,300.94,
1534,NFCORE_CHIPSEQ:CHIPSEQ:FILTER_BAM_BAMTOOLS:BAM_SORT_SAMTOOLS:BAM_STATS_SAMTOOLS:SAMTOOLS_STATS,1702996474000,1702996496000,2,129.5,,1073741824.0,,,0.01181027013298611,0.01181027013298611,0.0,300.94,
1494,NFCORE_CHIPSEQ:CHIPSEQ:PRESEQ_LCEXTRAP,1702996360000,1702996507000,2,100.9,,1073741824.0,,,0.0625497912265625,0.0625497912265625,0.0,300.94,
1547,NFCORE_CHIPSEQ:CHIPSEQ:MARK_DUPLICATES_PICARD:SAMTOOLS_INDEX,1702996494000,1702996507000,2,165.5,,1073741824.0,,,0.008800423425173612,0.008800423425173612,0.0,300.94,
1527,NFCORE_CHIPSEQ:CHIPSEQ:PICARD_COLLECTMULTIPLEMETRICS,1702996449000,1702996522000,2,116.2,,2573205504.0,,,0.03875010937230903,0.03875010937230903,0.0,300.94,
1548,NFCORE_CHIPSEQ:CHIPSEQ:MARK_DUPLICATES_PICARD:SAMTOOLS_INDEX,1702996509000,1702996522000,2,156.9,,1073741824.0,,,0.008365256870659721,0.008365256870659721,0.0,300.94,
972,NFCORE_CHIPSEQ:CHIPSEQ:MARK_DUPLICATES_PICARD:PICARD_MARKDUPLICATES,1702996176000,1702996526000,2,106.6,,21180186624.0,,,0.37146004475477434,0.37146004475477434,0.0,300.94,
1325,NFCORE_CHIPSEQ:CHIPSEQ:FILTER_BAM_BAMTOOLS:BAM_SORT_SAMTOOLS:SAMTOOLS_SORT,1702996498000,1702996524000,5,435.6,,6309281792.0,,,0.049089684157899306,0.049089684157899306,0.0,300.94,
1524,NFCORE_CHIPSEQ:CHIPSEQ:PRESEQ_LCEXTRAP,1702996435000,1702996524000,2,100.9,,1073741824.0,,,0.03787028176302084,0.03787028176302084,0.0,300.94,
1550,NFCORE_CHIPSEQ:CHIPSEQ:FILTER_BAM_BAMTOOLS:BAM_REMOVE_ORPHANS,1702996525000,1702996526000,2,57.5,,1073741824.0,,,0.00025658008559027777,0.00025658008559027777,0.0,300.94,
1553,NFCORE_CHIPSEQ:CHIPSEQ:MARK_DUPLICATES_PICARD:BAM_STATS_SAMTOOLS:SAMTOOLS_IDXSTATS,1702996527000,1702996527000,2,105.8,,1073741824.0,,,0.0,0.0,0.0,300.94,
1537,NFCORE_CHIPSEQ:CHIPSEQ:PICARD_COLLECTMULTIPLEMETRICS,1702996449000,1702996537000,2,116.7,,2573205504.0,,,0.04688372473125001,0.04688372473125001,0.0,300.94,
1552,NFCORE_CHIPSEQ:CHIPSEQ:MARK_DUPLICATES_PICARD:BAM_STATS_SAMTOOLS:SAMTOOLS_FLAGSTAT,1702996527000,1702996538000,2,150.6,,1073741824.0,,,0.006808553289236111,0.006808553289236111,0.0,300.94,
1557,NFCORE_CHIPSEQ:CHIPSEQ:MARK_DUPLICATES_PICARD:BAM_STATS_SAMTOOLS:SAMTOOLS_FLAGSTAT,1702996530000,1702996541000,2,149.0,,1073741824.0,,,0.00674004764201389,0.00674004764201389,0.0,300.94,
993,NFCORE_CHIPSEQ:CHIPSEQ:MARK_DUPLICATES_PICARD:PICARD_MARKDUPLICATES,1702996214000,1702996541000,2,106.8,,21180186624.0,,,0.3473043739996094,0.3473043739996094,0.0,300.94,
1556,NFCORE_CHIPSEQ:CHIPSEQ:MARK_DUPLICATES_PICARD:BAM_STATS_SAMTOOLS:SAMTOOLS_IDXSTATS,1702996542000,1702996543000,2,96.4,,1073741824.0,,,0.0004079931354166667,0.0004079931354166667,0.0,300.94,
1559,NFCORE_CHIPSEQ:CHIPSEQ:MARK_DUPLICATES_PICARD:SAMTOOLS_INDEX,1702996530000,1702996547000,2,154.5,,1073741824.0,,,0.010780373515798613,0.010780373515798613,0.0,300.94,
974,NFCORE_CHIPSEQ:CHIPSEQ:MARK_DUPLICATES_PICARD:PICARD_MARKDUPLICATES,1702996191000,1702996547000,2,106.7,,21180186624.0,,,0.3779664994772569,0.3779664994772569,0.0,300.94,
1551,NFCORE_CHIPSEQ:CHIPSEQ:MARK_DUPLICATES_PICARD:BAM_STATS_SAMTOOLS:SAMTOOLS_STATS,1702996511000,1702996562000,2,132.5,,1073741824.0,,,0.027973885536979173,0.027973885536979173,0.0,300.94,
1566,NFCORE_CHIPSEQ:CHIPSEQ:MARK_DUPLICATES_PICARD:SAMTOOLS_INDEX,1702996546000,1702996562000,2,137.1,,1073741824.0,,,0.009062599113888889,0.009062599113888889,0.0,300.94,
1504,NFCORE_CHIPSEQ:CHIPSEQ:FILTER_BAM_BAMTOOLS:BAM_FILTER,1702996363000,1702996576000,2,138.5,,1073741824.0,,,0.12180655434010418,0.12180655434010418,0.0,300.94,
1509,NFCORE_CHIPSEQ:CHIPSEQ:FILTER_BAM_BAMTOOLS:BAM_FILTER,1702996378000,1702996579000,2,136.8,,1073741824.0,,,0.11361419167916668,0.11361419167916668,0.0,300.94,
1563,NFCORE_CHIPSEQ:CHIPSEQ:FILTER_BAM_BAMTOOLS:BAM_SORT_SAMTOOLS:SAMTOOLS_INDEX,1702996565000,1702996576000,2,162.3,,1073741824.0,,,0.0073095008345486125,0.0073095008345486125,0.0,300.94,
1019,NFCORE_CHIPSEQ:CHIPSEQ:MARK_DUPLICATES_PICARD:PICARD_MARKDUPLICATES,1702996304000,1702996581000,2,107.2,,21180186624.0,,,0.29463100384535595,0.29463100384535595,0.0,300.94,
1555,NFCORE_CHIPSEQ:CHIPSEQ:MARK_DUPLICATES_PICARD:BAM_STATS_SAMTOOLS:SAMTOOLS_STATS,1702996544000,1702996583000,2,131.1,,1073741824.0,,,0.02117927162135417,0.02117927162135417,0.0,300.94,
1578,NFCORE_CHIPSEQ:CHIPSEQ:FILTER_BAM_BAMTOOLS:BAM_REMOVE_ORPHANS,1702996581000,1702996582000,2,56.8,,1073741824.0,,,0.00025385542916666666,0.00025385542916666666,0.0,300.94,
1474,NFCORE_CHIPSEQ:CHIPSEQ:HOMER_ANNOTATEPEAKS_MACS2,1702996254000,1702996593000,1,100.5,,4807720960.0,,,0.18235060593684896,0.18235060593684896,0.0,300.94,
1529,NFCORE_CHIPSEQ:CHIPSEQ:BEDTOOLS_GENOMECOV,1702996434000,1702996596000,2,121.8,,4567597056.0,,,0.09938482371562499,0.09938482371562499,0.0,300.94,
1571,NFCORE_CHIPSEQ:CHIPSEQ:MARK_DUPLICATES_PICARD:SAMTOOLS_INDEX,1702996580000,1702996593000,2,154.8,,1073741824.0,,,0.008258995270138889,0.008258995270138889,0.0,300.94,
1582,NFCORE_CHIPSEQ:CHIPSEQ:MARK_DUPLICATES_PICARD:SAMTOOLS_INDEX,1702996586000,1702996596000,2,148.1,,1073741824.0,,,0.006092284741319445,0.006092284741319445,0.0,300.94,
1570,NFCORE_CHIPSEQ:CHIPSEQ:MARK_DUPLICATES_PICARD:BAM_STATS_SAMTOOLS:SAMTOOLS_FLAGSTAT,1702996584000,1702996599000,2,148.8,,1073741824.0,,,0.009179296958333335,0.009179296958333335,0.0,300.94,
1577,NFCORE_CHIPSEQ:CHIPSEQ:FILTER_BAM_BAMTOOLS:BAM_REMOVE_ORPHANS,1702996597000,1702996598000,2,47.1,,1073741824.0,,,0.00021609947586805558,0.00021609947586805558,0.0,300.94,
1581,NFCORE_CHIPSEQ:CHIPSEQ:FILTER_BAM_BAMTOOLS:BAM_SORT_SAMTOOLS:BAM_STATS_SAMTOOLS:SAMTOOLS_IDXSTATS,1702996597000,1702996598000,1,121.2,,1073741824.0,,,0.0005045238201388889,0.0005045238201388889,0.0,300.94,
1487,NFCORE_CHIPSEQ:CHIPSEQ:FILTER_BAM_BAMTOOLS:BAM_FILTER,1702996329000,1702996601000,2,136.2,,1073741824.0,,,0.1531113336611111,0.1531113336611111,0.0,300.94,
1567,NFCORE_CHIPSEQ:CHIPSEQ:MARK_DUPLICATES_PICARD:BAM_STATS_SAMTOOLS:SAMTOOLS_IDXSTATS,1702996605000,1702996606000,2,113.3,,1073741824.0,,,0.00047377412621527786,0.00047377412621527786,0.0,300.94,
1579,NFCORE_CHIPSEQ:CHIPSEQ:FILTER_BAM_BAMTOOLS:BAM_SORT_SAMTOOLS:BAM_STATS_SAMTOOLS:SAMTOOLS_FLAGSTAT,1702996601000,1702996610000,2,146.3,,1073741824.0,,,0.005419999932812501,0.005419999932812501,0.0,300.94,
1595,NFCORE_CHIPSEQ:CHIPSEQ:FILTER_BAM_BAMTOOLS:BAM_REMOVE_ORPHANS,1702996609000,1702996611000,2,97.7,,1073741824.0,,,0.000826106423263889,0.000826106423263889,0.0,300.94,
1531,NFCORE_CHIPSEQ:CHIPSEQ:FILTER_BAM_BAMTOOLS:BAM_FILTER,1702996439000,1702996613000,2,137.9,,1073741824.0,,,0.09909758275520833,0.09909758275520833,0.0,300.94,
1598,NFCORE_CHIPSEQ:CHIPSEQ:FILTER_BAM_BAMTOOLS:BAM_REMOVE_ORPHANS,1702996617000,1702996627000,2,0.7,,1073741824.0,,,0.0003549367864583334,0.0003549367864583334,0.0,300.94,
1549,NFCORE_CHIPSEQ:CHIPSEQ:PRESEQ_LCEXTRAP,1702996510000,1702996630000,2,100.6,,1073741824.0,,,0.05092092887499999,0.05092092887499999,0.0,300.94,
1585,NFCORE_CHIPSEQ:CHIPSEQ:UCSC_BEDGRAPHTOBIGWIG,1702996601000,1702996636000,1,100.5,,1073741824.0,,,0.01483831430642361,0.01483831430642361,0.0,300.94,
1587,NFCORE_CHIPSEQ:CHIPSEQ:MARK_DUPLICATES_PICARD:BAM_STATS_SAMTOOLS:SAMTOOLS_IDXSTATS,1702996633000,1702996636000,2,115.7,,1073741824.0,,,0.0014493474161458334,0.0014493474161458334,0.0,300.94,
1546,NFCORE_CHIPSEQ:CHIPSEQ:PRESEQ_LCEXTRAP,1702996497000,1702996636000,2,101.5,,1073741824.0,,,0.05947034430677082,0.05947034430677082,0.0,300.94,
1588,NFCORE_CHIPSEQ:CHIPSEQ:MARK_DUPLICATES_PICARD:BAM_STATS_SAMTOOLS:SAMTOOLS_FLAGSTAT,1702996630000,1702996640000,2,153.8,,1073741824.0,,,0.006314149621527778,0.006314149621527778,0.0,300.94,
1569,NFCORE_CHIPSEQ:CHIPSEQ:MARK_DUPLICATES_PICARD:BAM_STATS_SAMTOOLS:SAMTOOLS_STATS,1702996602000,1702996646000,2,130.5,,1073741824.0,,,0.023791804384027778,0.023791804384027778,0.0,300.94,
1575,NFCORE_CHIPSEQ:CHIPSEQ:MARK_DUPLICATES_PICARD:BAM_STATS_SAMTOOLS:SAMTOOLS_IDXSTATS,1702996642000,1702996647000,2,78.5,,1073741824.0,,,0.0016915988914930555,0.0016915988914930555,0.0,300.94,
1574,NFCORE_CHIPSEQ:CHIPSEQ:MARK_DUPLICATES_PICARD:BAM_STATS_SAMTOOLS:SAMTOOLS_FLAGSTAT,1702996640000,1702996651000,2,147.0,,1073741824.0,,,0.006654415582986113,0.006654415582986113,0.0,300.94,
1562,NFCORE_CHIPSEQ:CHIPSEQ:PICARD_COLLECTMULTIPLEMETRICS,1702996565000,1702996659000,2,114.3,,2573205504.0,,,0.049202224484895835,0.049202224484895835,0.0,300.94,
1586,NFCORE_CHIPSEQ:CHIPSEQ:MARK_DUPLICATES_PICARD:BAM_STATS_SAMTOOLS:SAMTOOLS_STATS,1702996614000,1702996660000,2,130.3,,1073741824.0,,,0.024837440267708337,0.024837440267708337,0.0,300.94,
1592,NFCORE_CHIPSEQ:CHIPSEQ:MARK_DUPLICATES_PICARD:BAM_STATS_SAMTOOLS:SAMTOOLS_IDXSTATS,1702996653000,1702996656000,2,52.7,,1073741824.0,,,0.0007136901817708334,0.0007136901817708334,0.0,300.94,
1002,NFCORE_CHIPSEQ:CHIPSEQ:MARK_DUPLICATES_PICARD:PICARD_MARKDUPLICATES,1702996356000,1702996666000,2,107.9,,21180186624.0,,,0.33057609183810766,0.33057609183810766,0.0,300.94,
1560,NFCORE_CHIPSEQ:CHIPSEQ:PRESEQ_LCEXTRAP,1702996541000,1702996676000,2,100.8,,1073741824.0,,,0.057391138875000004,0.057391138875000004,0.0,300.94,
1591,NFCORE_CHIPSEQ:CHIPSEQ:MARK_DUPLICATES_PICARD:BAM_STATS_SAMTOOLS:SAMTOOLS_FLAGSTAT,1702996662000,1702996671000,2,152.6,,1073741824.0,,,0.005640697103125001,0.005640697103125001,0.0,300.94,
1576,NFCORE_CHIPSEQ:CHIPSEQ:MARK_DUPLICATES_PICARD:BAM_STATS_SAMTOOLS:SAMTOOLS_STATS,1702996649000,1702996692000,2,133.2,,1073741824.0,,,0.023702985286805558,0.023702985286805558,0.0,300.94,
1593,NFCORE_CHIPSEQ:CHIPSEQ:MARK_DUPLICATES_PICARD:BAM_STATS_SAMTOOLS:SAMTOOLS_STATS,1702996659000,1702996695000,2,129.7,,1073741824.0,,,0.019353921618749995,0.019353921618749995,0.0,300.94,
1602,NFCORE_CHIPSEQ:CHIPSEQ:MARK_DUPLICATES_PICARD:SAMTOOLS_INDEX,1702996681000,1702996696000,2,103.0,,1073741824.0,,,0.006505241296875,0.006505241296875,0.0,300.94,
1008,NFCORE_CHIPSEQ:CHIPSEQ:MARK_DUPLICATES_PICARD:PICARD_MARKDUPLICATES,1702996414000,1702996698000,2,107.1,,21180186624.0,,,0.3019660094755208,0.3019660094755208,0.0,300.94,
1604,NFCORE_CHIPSEQ:CHIPSEQ:MARK_DUPLICATES_PICARD:BAM_STATS_SAMTOOLS:SAMTOOLS_IDXSTATS,1702996699000,1702996700000,2,109.4,,1073741824.0,,,0.0004585938975694444,0.0004585938975694444,0.0,300.94,
1580,NFCORE_CHIPSEQ:CHIPSEQ:FILTER_BAM_BAMTOOLS:BAM_SORT_SAMTOOLS:BAM_STATS_SAMTOOLS:SAMTOOLS_STATS,1702996675000,1702996712000,2,131.7,,1073741824.0,,,0.02017956566024305,0.02017956566024305,0.0,300.94,
1606,NFCORE_CHIPSEQ:CHIPSEQ:MARK_DUPLICATES_PICARD:BAM_STATS_SAMTOOLS:SAMTOOLS_FLAGSTAT,1702996704000,1702996716000,2,152.6,,1073741824.0,,,0.007520929470833332,0.007520929470833332,0.0,300.94,
962,NFCORE_CHIPSEQ:CHIPSEQ:MARK_DUPLICATES_PICARD:PICARD_MARKDUPLICATES,1702996334000,1702996722000,2,106.6,,21180186624.0,,,0.411789992471007,0.411789992471007,0.0,300.94,
1540,NFCORE_CHIPSEQ:CHIPSEQ:BEDTOOLS_GENOMECOV,1702996527000,1702996725000,2,122.8,,4567597056.0,,,0.12224102862812501,0.12224102862812501,0.0,300.94,
1607,NFCORE_CHIPSEQ:CHIPSEQ:MARK_DUPLICATES_PICARD:SAMTOOLS_INDEX,1702996714000,1702996725000,2,159.7,,1073741824.0,,,0.0071981791578125,0.0071981791578125,0.0,300.94,
1328,NFCORE_CHIPSEQ:CHIPSEQ:PHANTOMPEAKQUALTOOLS,1702995844000,1702996729000,1,16.2,,4294967296.0,,,0.17180719458854166,0.17180719458854166,0.0,300.94,
1512,NFCORE_CHIPSEQ:CHIPSEQ:BEDTOOLS_GENOMECOV,1702996391000,1702996741000,2,122.2,,4567597056.0,,,0.2152652294357639,0.2152652294357639,0.0,300.94,
1610,NFCORE_CHIPSEQ:CHIPSEQ:MARK_DUPLICATES_PICARD:SAMTOOLS_INDEX,1702996728000,1702996744000,2,164.0,,1073741824.0,,,0.010737873577777777,0.010737873577777777,0.0,300.94,
1545,NFCORE_CHIPSEQ:CHIPSEQ:BEDTOOLS_GENOMECOV,1702996498000,1702996756000,2,122.8,,4567597056.0,,,0.15928376457604168,0.15928376457604168,0.0,300.94,
1558,NFCORE_CHIPSEQ:CHIPSEQ:FILTER_BAM_BAMTOOLS:BAM_FILTER,1702996527000,1702996756000,2,135.4,,1073741824.0,,,0.128193151609375,0.128193151609375,0.0,300.94,
1603,NFCORE_CHIPSEQ:CHIPSEQ:MARK_DUPLICATES_PICARD:BAM_STATS_SAMTOOLS:SAMTOOLS_STATS,1702996718000,1702996761000,2,128.8,,1073741824.0,,,0.02296654957916667,0.02296654957916667,0.0,300.94,
1623,NFCORE_CHIPSEQ:CHIPSEQ:FILTER_BAM_BAMTOOLS:BAM_REMOVE_ORPHANS,1702996759000,1702996761000,2,57.5,,1073741824.0,,,0.0005131601711805555,0.0005131601711805555,0.0,300.94,
1554,NFCORE_CHIPSEQ:CHIPSEQ:FILTER_BAM_BAMTOOLS:BAM_FILTER,1702996524000,1702996764000,2,137.4,,1073741824.0,,,0.13621923708333336,0.13621923708333336,0.0,300.94,
1583,NFCORE_CHIPSEQ:CHIPSEQ:PRESEQ_LCEXTRAP,1702996662000,1702996765000,2,100.4,,1073741824.0,,,0.04362694787152777,0.04362694787152777,0.0,300.94,
1620,NFCORE_CHIPSEQ:CHIPSEQ:MARK_DUPLICATES_PICARD:BAM_STATS_SAMTOOLS:SAMTOOLS_IDXSTATS,1702996768000,1702996769000,2,94.8,,1073741824.0,,,0.0004017653493055555,0.0004017653493055555,0.0,300.94,
1565,NFCORE_CHIPSEQ:CHIPSEQ:PRESEQ_LCEXTRAP,1702996649000,1702996777000,2,100.4,,1073741824.0,,,0.054216012888888894,0.054216012888888894,0.0,300.94,
1572,NFCORE_CHIPSEQ:CHIPSEQ:PRESEQ_LCEXTRAP,1702996640000,1702996776000,2,100.8,,1073741824.0,,,0.05781625842222223,0.05781625842222223,0.0,300.94,
1611,NFCORE_CHIPSEQ:CHIPSEQ:UCSC_BEDGRAPHTOBIGWIG,1702996735000,1702996777000,1,100.3,,1073741824.0,,,0.017773281290625,0.017773281290625,0.0,300.94,
1618,NFCORE_CHIPSEQ:CHIPSEQ:MARK_DUPLICATES_PICARD:BAM_STATS_SAMTOOLS:SAMTOOLS_FLAGSTAT,1702996764000,1702996777000,2,149.4,,1073741824.0,,,0.007985751154513889,0.007985751154513889,0.0,300.94,
1005,NFCORE_CHIPSEQ:CHIPSEQ:MARK_DUPLICATES_PICARD:PICARD_MARKDUPLICATES,1702996479000,1702996776000,2,107.9,,21180186624.0,,,0.31671322347070324,0.31671322347070324,0.0,300.94,
1613,NFCORE_CHIPSEQ:CHIPSEQ:MARK_DUPLICATES_PICARD:BAM_STATS_SAMTOOLS:SAMTOOLS_IDXSTATS,1702996781000,1702996782000,2,77.6,,1073741824.0,,,0.00033481664861111115,0.00033481664861111115,0.0,300.94,
1625,NFCORE_CHIPSEQ:CHIPSEQ:FILTER_BAM_BAMTOOLS:BAM_REMOVE_ORPHANS,1702996779000,1702996781000,2,64.0,,1073741824.0,,,0.0005637609333333333,0.0005637609333333333,0.0,300.94,
1615,NFCORE_CHIPSEQ:CHIPSEQ:MARK_DUPLICATES_PICARD:BAM_STATS_SAMTOOLS:SAMTOOLS_FLAGSTAT,1702996780000,1702996791000,2,147.3,,1073741824.0,,,0.0066672603918402785,0.0066672603918402785,0.0,300.94,
1590,NFCORE_CHIPSEQ:CHIPSEQ:FILTER_BAM_BAMTOOLS:BAM_FILTER,1702996599000,1702996796000,2,136.4,,1073741824.0,,,0.11104649427430555,0.11104649427430555,0.0,300.94,
1627,NFCORE_CHIPSEQ:CHIPSEQ:MARK_DUPLICATES_PICARD:SAMTOOLS_INDEX,1702996783000,1702996796000,2,153.8,,1073741824.0,,,0.00820839450798611,0.00820839450798611,0.0,300.94,
1029,NFCORE_CHIPSEQ:CHIPSEQ:MARK_DUPLICATES_PICARD:PICARD_MARKDUPLICATES,1702996551000,1702996796000,2,107.5,,21180186624.0,,,0.26088029810177954,0.26088029810177954,0.0,300.94,
1573,NFCORE_CHIPSEQ:CHIPSEQ:FILTER_BAM_BAMTOOLS:BAM_FILTER,1702996580000,1702996803000,2,137.2,,1073741824.0,,,0.12639677491874998,0.12639677491874998,0.0,300.94,
1630,NFCORE_CHIPSEQ:CHIPSEQ:FILTER_BAM_BAMTOOLS:BAM_REMOVE_ORPHANS,1702996800000,1702996803000,2,2.2,,1073741824.0,,,0.000123996684375,0.000123996684375,0.0,300.94,
1633,NFCORE_CHIPSEQ:CHIPSEQ:MARK_DUPLICATES_PICARD:BAM_STATS_SAMTOOLS:SAMTOOLS_IDXSTATS,1702996800000,1702996803000,2,2.9,,1073741824.0,,,0.00013217065364583335,0.00013217065364583335,0.0,300.94,
1023,NFCORE_CHIPSEQ:CHIPSEQ:MARK_DUPLICATES_PICARD:PICARD_MARKDUPLICATES,1702996544000,1702996805000,2,107.9,,21180186624.0,,,0.2783237418378906,0.2783237418378906,0.0,300.94,
1601,NFCORE_CHIPSEQ:CHIPSEQ:PRESEQ_LCEXTRAP,1702996694000,1702996808000,2,100.7,,1073741824.0,,,0.048419255407291674,0.048419255407291674,0.0,300.94,
1568,NFCORE_CHIPSEQ:CHIPSEQ:FILTER_BAM_BAMTOOLS:BAM_FILTER,1702996551000,1702996810000,2,135.4,,1073741824.0,,,0.14498701426562502,0.14498701426562502,0.0,300.94,
1636,NFCORE_CHIPSEQ:CHIPSEQ:MARK_DUPLICATES_PICARD:SAMTOOLS_INDEX,1702996804000,1702996812000,2,158.5,,1073741824.0,,,0.005197672670833334,0.005197672670833334,0.0,300.94,
1621,NFCORE_CHIPSEQ:CHIPSEQ:MARK_DUPLICATES_PICARD:BAM_STATS_SAMTOOLS:SAMTOOLS_STATS,1702996768000,1702996816000,2,132.2,,1073741824.0,,,0.026272312783333335,0.026272312783333335,0.0,300.94,
1622,NFCORE_CHIPSEQ:CHIPSEQ:UCSC_BEDGRAPHTOBIGWIG,1702996764000,1702996816000,1,100.4,,1073741824.0,,,0.02202525523611111,0.02202525523611111,0.0,300.94,
1631,NFCORE_CHIPSEQ:CHIPSEQ:MARK_DUPLICATES_PICARD:BAM_STATS_SAMTOOLS:SAMTOOLS_FLAGSTAT,1702996806000,1702996816000,2,149.2,,1073741824.0,,,0.006135100770833333,0.006135100770833333,0.0,300.94,
1637,NFCORE_CHIPSEQ:CHIPSEQ:FILTER_BAM_BAMTOOLS:BAM_REMOVE_ORPHANS,1702996819000,1702996819000,2,86.5,,1073741824.0,,,0.0,0.0,0.0,300.94,
1641,NFCORE_CHIPSEQ:CHIPSEQ:FILTER_BAM_BAMTOOLS:BAM_REMOVE_ORPHANS,1702996816000,1702996819000,2,76.2,,1073741824.0,,,0.0009881020072916667,0.0009881020072916667,0.0,300.94,
1014,NFCORE_CHIPSEQ:CHIPSEQ:MARK_DUPLICATES_PICARD:PICARD_MARKDUPLICATES,1702996529000,1702996820000,2,107.3,,21180186624.0,,,0.309635369372526,0.309635369372526,0.0,300.94,
1034,NFCORE_CHIPSEQ:CHIPSEQ:MARK_DUPLICATES_PICARD:PICARD_MARKDUPLICATES,1702996585000,1702996816000,2,108.1,,21180186624.0,,,0.24651233446783855,0.24651233446783855,0.0,300.94,
1614,NFCORE_CHIPSEQ:CHIPSEQ:MARK_DUPLICATES_PICARD:BAM_STATS_SAMTOOLS:SAMTOOLS_STATS,1702996780000,1702996819000,2,131.0,,1073741824.0,,,0.021164091392708334,0.021164091392708334,0.0,300.94,
1617,NFCORE_CHIPSEQ:CHIPSEQ:UCSC_BEDGRAPHTOBIGWIG,1702996756000,1702996822000,1,100.4,,1073741824.0,,,0.027955131645833332,0.027955131645833332,0.0,300.94,
1640,NFCORE_CHIPSEQ:CHIPSEQ:MARK_DUPLICATES_PICARD:SAMTOOLS_INDEX,1702996812000,1702996821000,2,158.1,,1073741824.0,,,0.0058333692359375,0.0058333692359375,0.0,300.94,
1645,NFCORE_CHIPSEQ:CHIPSEQ:MARK_DUPLICATES_PICARD:BAM_STATS_SAMTOOLS:SAMTOOLS_IDXSTATS,1702996822000,1702996823000,2,93.4,,1073741824.0,,,0.0003963160364583334,0.0003963160364583334,0.0,300.94,
1608,NFCORE_CHIPSEQ:CHIPSEQ:PRESEQ_LCEXTRAP,1702996728000,1702996835000,2,100.5,,1073741824.0,,,0.04536284659392362,0.04536284659392362,0.0,300.94,
1642,NFCORE_CHIPSEQ:CHIPSEQ:MARK_DUPLICATES_PICARD:BAM_STATS_SAMTOOLS:SAMTOOLS_FLAGSTAT,1702996824000,1702996835000,2,147.4,,1073741824.0,,,0.006671541994791666,0.006671541994791666,0.0,300.94,
1650,NFCORE_CHIPSEQ:CHIPSEQ:MARK_DUPLICATES_PICARD:SAMTOOLS_INDEX,1702996827000,1702996836000,2,162.3,,1073741824.0,,,0.005980500682812501,0.005980500682812501,0.0,300.94,
1589,NFCORE_CHIPSEQ:CHIPSEQ:FILTER_BAM_BAMTOOLS:BAM_FILTER,1702996599000,1702996843000,2,136.7,,1073741824.0,,,0.1378247415340278,0.1378247415340278,0.0,300.94,
1634,NFCORE_CHIPSEQ:CHIPSEQ:MARK_DUPLICATES_PICARD:BAM_STATS_SAMTOOLS:SAMTOOLS_STATS,1702996806000,1702996846000,2,131.4,,1073741824.0,,,0.02176903826388889,0.02176903826388889,0.0,300.94,
1651,NFCORE_CHIPSEQ:CHIPSEQ:MARK_DUPLICATES_PICARD:SAMTOOLS_INDEX,1702996838000,1702996846000,2,161.0,,1073741824.0,,,0.005275519997222222,0.005275519997222222,0.0,300.94,
1660,NFCORE_CHIPSEQ:CHIPSEQ:MARK_DUPLICATES_PICARD:BAM_STATS_SAMTOOLS:SAMTOOLS_IDXSTATS,1702996839000,1702996842000,2,129.0,,1073741824.0,,,0.0016046528322916666,0.0016046528322916666,0.0,300.94,
1643,NFCORE_CHIPSEQ:CHIPSEQ:MARK_DUPLICATES_PICARD:BAM_STATS_SAMTOOLS:SAMTOOLS_STATS,1702996823000,1702996856000,2,130.4,,1073741824.0,,,0.017831008479166667,0.017831008479166667,0.0,300.94,
1659,NFCORE_CHIPSEQ:CHIPSEQ:MARK_DUPLICATES_PICARD:BAM_STATS_SAMTOOLS:SAMTOOLS_FLAGSTAT,1702996845000,1702996856000,2,150.1,,1073741824.0,,,0.0067871452744791665,0.0067871452744791665,0.0,300.94,
1662,NFCORE_CHIPSEQ:CHIPSEQ:FILTER_BAM_BAMTOOLS:BAM_REMOVE_ORPHANS,1702996849000,1702996862000,2,0.8,,1073741824.0,,,0.0004664778986111111,0.0004664778986111111,0.0,300.94,
1658,NFCORE_CHIPSEQ:CHIPSEQ:MARK_DUPLICATES_PICARD:BAM_STATS_SAMTOOLS:SAMTOOLS_STATS,1702996849000,1702996886000,2,131.9,,1073741824.0,,,0.02020836917100694,0.02020836917100694,0.0,300.94,
1657,NFCORE_CHIPSEQ:CHIPSEQ:MARK_DUPLICATES_PICARD:BAM_STATS_SAMTOOLS:SAMTOOLS_IDXSTATS,1702996889000,1702996891000,2,111.9,,1073741824.0,,,0.000936649626736111,0.000936649626736111,0.0,300.94,
1656,NFCORE_CHIPSEQ:CHIPSEQ:MARK_DUPLICATES_PICARD:BAM_STATS_SAMTOOLS:SAMTOOLS_FLAGSTAT,1702996894000,1702996901000,2,155.2,,1073741824.0,,,0.004458049925,0.004458049925,0.0,300.94,
1655,NFCORE_CHIPSEQ:CHIPSEQ:MARK_DUPLICATES_PICARD:BAM_STATS_SAMTOOLS:SAMTOOLS_STATS,1702996865000,1702996901000,2,130.9,,1073741824.0,,,0.019522071843750002,0.019522071843750002,0.0,300.94,
1596,NFCORE_CHIPSEQ:CHIPSEQ:BEDTOOLS_GENOMECOV,1702996614000,1702996901000,2,121.5,,4567597056.0,,,0.17573551174375,0.17573551174375,0.0,300.94,
1628,NFCORE_CHIPSEQ:CHIPSEQ:PRESEQ_LCEXTRAP,1702996791000,1702996904000,2,100.4,,1073741824.0,,,0.04786257387847223,0.04786257387847223,0.0,300.94,
1635,NFCORE_CHIPSEQ:CHIPSEQ:PRESEQ_LCEXTRAP,1702996813000,1702996904000,2,100.4,,1073741824.0,,,0.03854419666319445,0.03854419666319445,0.0,300.94,
1666,NFCORE_CHIPSEQ:CHIPSEQ:MARK_DUPLICATES_PICARD:BAM_STATS_SAMTOOLS:SAMTOOLS_IDXSTATS,1702996904000,1702996904000,2,102.4,,1073741824.0,,,0.0,0.0,0.0,300.94,
1605,NFCORE_CHIPSEQ:CHIPSEQ:FILTER_BAM_BAMTOOLS:BAM_FILTER,1702996699000,1702996915000,2,136.8,,1073741824.0,,,0.12209286270000003,0.12209286270000003,0.0,300.94,
1664,NFCORE_CHIPSEQ:CHIPSEQ:MARK_DUPLICATES_PICARD:BAM_STATS_SAMTOOLS:SAMTOOLS_FLAGSTAT,1702996904000,1702996915000,2,149.3,,1073741824.0,,,0.0067528924508680555,0.0067528924508680555,0.0,300.94,
1609,NFCORE_CHIPSEQ:CHIPSEQ:PRESEQ_LCEXTRAP,1702996772000,1702996921000,2,100.4,,1073741824.0,,,0.06311082750347223,0.06311082750347223,0.0,300.94,
1669,NFCORE_CHIPSEQ:CHIPSEQ:FILTER_BAM_BAMTOOLS:BAM_REMOVE_ORPHANS,1702996917000,1702996926000,2,50.8,,1073741824.0,,,0.0020745110812499996,0.0020745110812499996,0.0,300.94,
1612,NFCORE_CHIPSEQ:CHIPSEQ:FILTER_BAM_BAMTOOLS:BAM_FILTER,1702996748000,1702996927000,2,137.0,,1073741824.0,,,0.10131815422951387,0.10131815422951387,0.0,300.94,
1639,NFCORE_CHIPSEQ:CHIPSEQ:PRESEQ_LCEXTRAP,1702996822000,1702996926000,2,100.4,,1073741824.0,,,0.04405051047222222,0.04405051047222222,0.0,300.94,
1663,NFCORE_CHIPSEQ:CHIPSEQ:MARK_DUPLICATES_PICARD:BAM_STATS_SAMTOOLS:SAMTOOLS_STATS,1702996904000,1702996939000,2,131.8,,1073741824.0,,,0.019102401609375003,0.019102401609375003,0.0,300.94,
1629,NFCORE_CHIPSEQ:CHIPSEQ:FILTER_BAM_BAMTOOLS:BAM_SORT_SAMTOOLS:SAMTOOLS_SORT,1702996924000,1702996954000,5,430.9,,6309281792.0,,,0.05609311960807291,0.05609311960807291,0.0,300.94,
1671,NFCORE_CHIPSEQ:CHIPSEQ:FILTER_BAM_BAMTOOLS:BAM_REMOVE_ORPHANS,1702996942000,1702996956000,2,0.4,,1073741824.0,,,0.00048056356249999996,0.00048056356249999996,0.0,300.94,
1301,NFCORE_CHIPSEQ:CHIPSEQ:FILTER_BAM_BAMTOOLS:BAM_SORT_SAMTOOLS:SAMTOOLS_SORT,1702996929000,1702996963000,5,398.4,,6309281792.0,,,0.05927113743949652,0.05927113743949652,0.0,300.94,
1369,NFCORE_CHIPSEQ:CHIPSEQ:FILTER_BAM_BAMTOOLS:BAM_SORT_SAMTOOLS:SAMTOOLS_SORT,1702996929000,1702996963000,5,401.4,,6309281792.0,,,0.059668158804079864,0.059668158804079864,0.0,300.94,
1054,NFCORE_CHIPSEQ:CHIPSEQ:MARK_DUPLICATES_PICARD:PICARD_MARKDUPLICATES,1702996780000,1702996967000,2,108.7,,21180186624.0,,,0.1999943275940538,0.1999943275940538,0.0,300.94,
1303,NFCORE_CHIPSEQ:CHIPSEQ:FILTER_BAM_BAMTOOLS:BAM_SORT_SAMTOOLS:SAMTOOLS_SORT,1702996957000,1702996973000,5,430.0,,6309281792.0,,,0.029860280382638892,0.029860280382638892,0.0,300.94,
1644,NFCORE_CHIPSEQ:CHIPSEQ:FILTER_BAM_BAMTOOLS:BAM_FILTER,1702996819000,1702996977000,2,136.8,,1073741824.0,,,0.08930866808611113,0.08930866808611113,0.0,300.94,
1649,NFCORE_CHIPSEQ:CHIPSEQ:PRESEQ_LCEXTRAP,1702996859000,1702996977000,2,100.2,,1073741824.0,,,0.049888527036805554,0.049888527036805554,0.0,300.94,
1668,NFCORE_CHIPSEQ:CHIPSEQ:UCSC_BEDGRAPHTOBIGWIG,1702996907000,1702996977000,1,91.0,,1073741824.0,,,0.027088205010416668,0.027088205010416668,0.0,300.94,
1673,NFCORE_CHIPSEQ:CHIPSEQ:FILTER_BAM_BAMTOOLS:BAM_SORT_SAMTOOLS:SAMTOOLS_INDEX,1702996966000,1702996977000,2,165.3,,1073741824.0,,,0.007437948923090279,0.007437948923090279,0.0,300.94,
1053,NFCORE_CHIPSEQ:CHIPSEQ:MARK_DUPLICATES_PICARD:PICARD_MARKDUPLICATES,1702996799000,1702996980000,2,109.0,,21180186624.0,,,0.19378875278806426,0.19378875278806426,0.0,300.94,
1517,NFCORE_CHIPSEQ:CHIPSEQ:PHANTOMPEAKQUALTOOLS,1702996399000,1702996986000,1,19.1,,4294967296.0,,,0.12058170764149308,0.12058170764149308,0.0,300.94,
1687,NFCORE_CHIPSEQ:CHIPSEQ:FILTER_BAM_BAMTOOLS:BAM_REMOVE_ORPHANS,1702996982000,1702996986000,2,22.9,,1073741824.0,,,0.00048761684374999995,0.00048761684374999995,0.0,300.94,
1689,NFCORE_CHIPSEQ:CHIPSEQ:FILTER_BAM_BAMTOOLS:BAM_SORT_SAMTOOLS:BAM_STATS_SAMTOOLS:SAMTOOLS_IDXSTATS,1702996982000,1702996986000,1,36.0,,1073741824.0,,,0.000691576838888889,0.000691576838888889,0.0,300.94,
1216,NFCORE_CHIPSEQ:CHIPSEQ:PHANTOMPEAKQUALTOOLS,1702995548000,1702996986000,1,14.3,,4294967296.0,,,0.26852770139548615,0.26852770139548615,0.0,300.94,
1309,NFCORE_CHIPSEQ:CHIPSEQ:FILTER_BAM_BAMTOOLS:BAM_SORT_SAMTOOLS:SAMTOOLS_SORT,1702996967000,1702996986000,5,383.3,,6309281792.0,,,0.03200538631914063,0.03200538631914063,0.0,300.94,
1318,NFCORE_CHIPSEQ:CHIPSEQ:FILTER_BAM_BAMTOOLS:BAM_SORT_SAMTOOLS:SAMTOOLS_SORT,1702996977000,1702996992000,5,389.4,,6309281792.0,,,0.02562356177018229,0.02562356177018229,0.0,300.94,
1680,NFCORE_CHIPSEQ:CHIPSEQ:FILTER_BAM_BAMTOOLS:BAM_SORT_SAMTOOLS:SAMTOOLS_INDEX,1702996980000,1702996990000,2,152.0,,1073741824.0,,,0.006244087027777778,0.006244087027777778,0.0,300.94,
1683,NFCORE_CHIPSEQ:CHIPSEQ:MARK_DUPLICATES_PICARD:SAMTOOLS_INDEX,1702996982000,1702996990000,2,156.2,,1073741824.0,,,0.005126053130555556,0.005126053130555556,0.0,300.94,
1685,NFCORE_CHIPSEQ:CHIPSEQ:FILTER_BAM_BAMTOOLS:BAM_SORT_SAMTOOLS:SAMTOOLS_INDEX,1702996990000,1702996995000,2,151.1,,1073741824.0,,,0.003104527865451389,0.003104527865451389,0.0,300.94,
1050,NFCORE_CHIPSEQ:CHIPSEQ:MARK_DUPLICATES_PICARD:PICARD_MARKDUPLICATES,1702996809000,1702997000000,2,109.2,,21180186624.0,,,0.2046440021089844,0.2046440021089844,0.0,300.94,
1652,NFCORE_CHIPSEQ:CHIPSEQ:PRESEQ_LCEXTRAP,1702996906000,1702996999000,2,100.4,,1073741824.0,,,0.03939132186458333,0.03939132186458333,0.0,300.94,
1677,NFCORE_CHIPSEQ:CHIPSEQ:FILTER_BAM_BAMTOOLS:BAM_SORT_SAMTOOLS:SAMTOOLS_INDEX,1702996990000,1702997000000,2,154.7,,1073741824.0,,,0.006349180918402778,0.006349180918402778,0.0,300.94,
1691,NFCORE_CHIPSEQ:CHIPSEQ:FILTER_BAM_BAMTOOLS:BAM_SORT_SAMTOOLS:BAM_STATS_SAMTOOLS:SAMTOOLS_FLAGSTAT,1702996990000,1702997000000,2,142.6,,1073741824.0,,,0.00587820459375,0.00587820459375,0.0,300.94,
1695,NFCORE_CHIPSEQ:CHIPSEQ:MARK_DUPLICATES_PICARD:SAMTOOLS_INDEX,1702996993000,1702996999000,2,158.6,,1073741824.0,,,0.0039005899229166666,0.0039005899229166666,0.0,300.94,
1700,NFCORE_CHIPSEQ:CHIPSEQ:FILTER_BAM_BAMTOOLS:BAM_SORT_SAMTOOLS:SAMTOOLS_INDEX,1702996997000,1702997003000,2,157.9,,1073741824.0,,,0.003884241984375001,0.003884241984375001,0.0,300.94,
1707,NFCORE_CHIPSEQ:CHIPSEQ:FILTER_BAM_BAMTOOLS:BAM_SORT_SAMTOOLS:BAM_STATS_SAMTOOLS:SAMTOOLS_IDXSTATS,1702996999000,1702997002000,1,108.1,,1073741824.0,,,0.0013606014640625,0.0013606014640625,0.0,300.94,
1162,NFCORE_CHIPSEQ:CHIPSEQ:FILTER_BAM_BAMTOOLS:BAM_SORT_SAMTOOLS:SAMTOOLS_SORT,1702996967000,1702997003000,5,393.8,,6309281792.0,,,0.062113099073437504,0.062113099073437504,0.0,300.94,
1619,NFCORE_CHIPSEQ:CHIPSEQ:FILTER_BAM_BAMTOOLS:BAM_FILTER,1702996759000,1702997003000,2,136.7,,1073741824.0,,,0.1378247415340278,0.1378247415340278,0.0,300.94,
1713,NFCORE_CHIPSEQ:CHIPSEQ:FILTER_BAM_BAMTOOLS:BAM_SORT_SAMTOOLS:BAM_STATS_SAMTOOLS:SAMTOOLS_IDXSTATS,1702997003000,1702997004000,1,115.9,,1073741824.0,,,0.00048389427864583336,0.00048389427864583336,0.0,300.94,
1714,NFCORE_CHIPSEQ:CHIPSEQ:FILTER_BAM_BAMTOOLS:BAM_SORT_SAMTOOLS:BAM_STATS_SAMTOOLS:SAMTOOLS_FLAGSTAT,1702997003000,1702997006000,2,149.0,,1073741824.0,,,0.0018381948114583333,0.0018381948114583333,0.0,300.94,
1718,NFCORE_CHIPSEQ:CHIPSEQ:FILTER_BAM_BAMTOOLS:BAM_SORT_SAMTOOLS:BAM_STATS_SAMTOOLS:SAMTOOLS_IDXSTATS,1702997006000,1702997006000,1,75.7,,1073741824.0,,,0.0,0.0,0.0,300.94,
1245,NFCORE_CHIPSEQ:CHIPSEQ:PHANTOMPEAKQUALTOOLS,1702995606000,1702997010000,1,15.3,,4294967296.0,,,0.26764352818125,0.26764352818125,0.0,300.94,
1665,NFCORE_CHIPSEQ:CHIPSEQ:FILTER_BAM_BAMTOOLS:BAM_FILTER,1702996859000,1702997009000,2,136.2,,1073741824.0,,,0.08443639723958331,0.08443639723958331,0.0,300.94,
1702,NFCORE_CHIPSEQ:CHIPSEQ:FILTER_BAM_BAMTOOLS:BAM_SORT_SAMTOOLS:SAMTOOLS_INDEX,1702996999000,1702997009000,2,158.1,,1073741824.0,,,0.00648152137326389,0.00648152137326389,0.0,300.94,
1705,NFCORE_CHIPSEQ:CHIPSEQ:FILTER_BAM_BAMTOOLS:BAM_SORT_SAMTOOLS:BAM_STATS_SAMTOOLS:SAMTOOLS_FLAGSTAT,1702997000000,1702997009000,2,147.3,,1073741824.0,,,0.0054550312296875,0.0054550312296875,0.0,300.94,
1715,NFCORE_CHIPSEQ:CHIPSEQ:MARK_DUPLICATES_PICARD:SAMTOOLS_INDEX,1702997003000,1702997010000,2,153.7,,1073741824.0,,,0.004417180078645833,0.004417180078645833,0.0,300.94,
1717,NFCORE_CHIPSEQ:CHIPSEQ:FILTER_BAM_BAMTOOLS:BAM_SORT_SAMTOOLS:BAM_STATS_SAMTOOLS:SAMTOOLS_FLAGSTAT,1702997006000,1702997016000,2,146.3,,1073741824.0,,,0.006022222147569445,0.006022222147569445,0.0,300.94,
1726,NFCORE_CHIPSEQ:CHIPSEQ:FILTER_BAM_BAMTOOLS:BAM_SORT_SAMTOOLS:BAM_STATS_SAMTOOLS:SAMTOOLS_FLAGSTAT,1702997005000,1702997016000,2,142.1,,1073741824.0,,,0.006444617038368057,0.006444617038368057,0.0,300.94,
1632,NFCORE_CHIPSEQ:CHIPSEQ:FILTER_BAM_BAMTOOLS:BAM_FILTER,1702996806000,1702997019000,2,136.5,,1073741824.0,,,0.12014840628802083,0.12014840628802083,0.0,300.94,
1709,NFCORE_CHIPSEQ:CHIPSEQ:MARK_DUPLICATES_PICARD:BAM_STATS_SAMTOOLS:SAMTOOLS_IDXSTATS,1702997019000,1702997019000,2,81.0,,1073741824.0,,,0.0,0.0,0.0,300.94,
1729,NFCORE_CHIPSEQ:CHIPSEQ:FILTER_BAM_BAMTOOLS:BAM_SORT_SAMTOOLS:SAMTOOLS_INDEX,1702997010000,1702997019000,2,159.8,,1073741824.0,,,0.005892922440624999,0.005892922440624999,0.0,300.94,
1731,NFCORE_CHIPSEQ:CHIPSEQ:FILTER_BAM_BAMTOOLS:BAM_REMOVE_ORPHANS,1702997014000,1702997020000,2,42.1,,1073741824.0,,,0.001179825865625,0.001179825865625,0.0,300.94,
1742,NFCORE_CHIPSEQ:CHIPSEQ:MARK_DUPLICATES_PICARD:BAM_STATS_SAMTOOLS:SAMTOOLS_IDXSTATS,1702997024000,1702997025000,2,41.7,,1073741824.0,,,0.00019508069774305556,0.00019508069774305556,0.0,300.94,
969,NFCORE_CHIPSEQ:CHIPSEQ:MARK_DUPLICATES_PICARD:PICARD_MARKDUPLICATES,1702996669000,1702997029000,2,106.4,,21180186624.0,,,0.38179293851562507,0.38179293851562507,0.0,300.94,
1213,NFCORE_CHIPSEQ:CHIPSEQ:PHANTOMPEAKQUALTOOLS,1702995551000,1702997029000,1,16.8,,4294967296.0,,,0.29037947203611114,0.29037947203611114,0.0,300.94,
1654,NFCORE_CHIPSEQ:CHIPSEQ:FILTER_BAM_BAMTOOLS:BAM_FILTER,1702996846000,1702997032000,2,136.7,,1073741824.0,,,0.10506312264479167,0.10506312264479167,0.0,300.94,
1661,NFCORE_CHIPSEQ:CHIPSEQ:FILTER_BAM_BAMTOOLS:BAM_FILTER,1702996838000,1702997032000,2,136.2,,1073741824.0,,,0.10920440709652778,0.10920440709652778,0.0,300.94,
1734,NFCORE_CHIPSEQ:CHIPSEQ:FILTER_BAM_BAMTOOLS:BAM_REMOVE_ORPHANS,1702997033000,1702997034000,2,97.0,,1073741824.0,,,0.00041032855520833336,0.00041032855520833336,0.0,300.94,
1741,NFCORE_CHIPSEQ:CHIPSEQ:MARK_DUPLICATES_PICARD:BAM_STATS_SAMTOOLS:SAMTOOLS_FLAGSTAT,1702997024000,1702997031000,2,144.9,,1073741824.0,,,0.004177410313368056,0.004177410313368056,0.0,300.94,
1745,NFCORE_CHIPSEQ:CHIPSEQ:FILTER_BAM_BAMTOOLS:BAM_REMOVE_ORPHANS,1702997028000,1702997029000,2,9.3,,1073741824.0,,,6.896802899305555e-05,6.896802899305555e-05,0.0,300.94,
1746,NFCORE_CHIPSEQ:CHIPSEQ:FILTER_BAM_BAMTOOLS:BAM_SORT_SAMTOOLS:BAM_STATS_SAMTOOLS:SAMTOOLS_IDXSTATS,1702997033000,1702997034000,1,54.2,,1073741824.0,,,0.00024373527673611116,0.00024373527673611116,0.0,300.94,
1725,NFCORE_CHIPSEQ:CHIPSEQ:FILTER_BAM_BAMTOOLS:BAM_SORT_SAMTOOLS:BAM_STATS_SAMTOOLS:SAMTOOLS_IDXSTATS,1702997037000,1702997038000,1,68.1,,1073741824.0,,,0.0002978391685763889,0.0002978391685763889,0.0,300.94,
1753,NFCORE_CHIPSEQ:CHIPSEQ:FILTER_BAM_BAMTOOLS:BAM_REMOVE_ORPHANS,1702997037000,1702997040000,2,4.3,,1073741824.0,,,0.0001485185921875,0.0001485185921875,0.0,300.94,
989,NFCORE_CHIPSEQ:CHIPSEQ:MARK_DUPLICATES_PICARD:PICARD_MARKDUPLICATES,1702996724000,1702997042000,2,106.7,,21180186624.0,,,0.3376217607690105,0.3376217607690105,0.0,300.94,
1690,NFCORE_CHIPSEQ:CHIPSEQ:FILTER_BAM_BAMTOOLS:BAM_SORT_SAMTOOLS:BAM_STATS_SAMTOOLS:SAMTOOLS_STATS,1702997009000,1702997047000,2,127.9,,1073741824.0,,,0.020162901630208334,0.020162901630208334,0.0,300.94,
1706,NFCORE_CHIPSEQ:CHIPSEQ:FILTER_BAM_BAMTOOLS:BAM_SORT_SAMTOOLS:BAM_STATS_SAMTOOLS:SAMTOOLS_STATS,1702997003000,1702997047000,2,128.3,,1073741824.0,,,0.023415023324305558,0.023415023324305558,0.0,300.94,
1708,NFCORE_CHIPSEQ:CHIPSEQ:MARK_DUPLICATES_PICARD:BAM_STATS_SAMTOOLS:SAMTOOLS_STATS,1702997019000,1702997045000,2,132.1,,1073741824.0,,,0.014220715938541665,0.014220715938541665,0.0,300.94,
1736,NFCORE_CHIPSEQ:CHIPSEQ:FILTER_BAM_BAMTOOLS:BAM_SORT_SAMTOOLS:BAM_STATS_SAMTOOLS:SAMTOOLS_IDXSTATS,1702997049000,1702997049000,1,95.2,,1073741824.0,,,0.0,0.0,0.0,300.94,
1748,NFCORE_CHIPSEQ:CHIPSEQ:FILTER_BAM_BAMTOOLS:BAM_SORT_SAMTOOLS:BAM_STATS_SAMTOOLS:SAMTOOLS_FLAGSTAT,1702997034000,1702997045000,2,147.9,,1073741824.0,,,0.006692950009548612,0.006692950009548612,0.0,300.94,
1751,NFCORE_CHIPSEQ:CHIPSEQ:MARK_DUPLICATES_PICARD:SAMTOOLS_INDEX,1702997036000,1702997048000,2,153.2,,1073741824.0,,,0.007548954508333332,0.007548954508333332,0.0,300.94,
1754,NFCORE_CHIPSEQ:CHIPSEQ:FILTER_BAM_BAMTOOLS:BAM_REMOVE_ORPHANS,1702997048000,1702997049000,2,98.0,,1073741824.0,,,0.00041422092152777783,0.00041422092152777783,0.0,300.94,
976,NFCORE_CHIPSEQ:CHIPSEQ:MARK_DUPLICATES_PICARD:PICARD_MARKDUPLICATES,1702996701000,1702997049000,2,106.3,,21180186624.0,,,0.36893105288385414,0.36893105288385414,0.0,300.94,
1719,NFCORE_CHIPSEQ:CHIPSEQ:FILTER_BAM_BAMTOOLS:BAM_SORT_SAMTOOLS:BAM_STATS_SAMTOOLS:SAMTOOLS_STATS,1702997016000,1702997051000,2,131.1,,1073741824.0,,,0.019007038634548612,0.019007038634548612,0.0,300.94,
1740,NFCORE_CHIPSEQ:CHIPSEQ:MARK_DUPLICATES_PICARD:BAM_STATS_SAMTOOLS:SAMTOOLS_STATS,1702997024000,1702997051000,2,129.4,,1073741824.0,,,0.014483913046875,0.014483913046875,0.0,300.94,
1737,NFCORE_CHIPSEQ:CHIPSEQ:FILTER_BAM_BAMTOOLS:BAM_SORT_SAMTOOLS:BAM_STATS_SAMTOOLS:SAMTOOLS_FLAGSTAT,1702997051000,1702997058000,2,143.0,,1073741824.0,,,0.004125641841319444,0.004125641841319444,0.0,300.94,
1758,NFCORE_CHIPSEQ:CHIPSEQ:MARK_DUPLICATES_PICARD:SAMTOOLS_INDEX,1702997048000,1702997062000,2,154.1,,1073741824.0,,,0.008856157408680555,0.008856157408680555,0.0,300.94,
1762,NFCORE_CHIPSEQ:CHIPSEQ:MARK_DUPLICATES_PICARD:BAM_STATS_SAMTOOLS:SAMTOOLS_IDXSTATS,1702997061000,1702997062000,2,103.2,,1073741824.0,,,0.0004344612263888889,0.0004344612263888889,0.0,300.94,
1767,NFCORE_CHIPSEQ:CHIPSEQ:MARK_DUPLICATES_PICARD:SAMTOOLS_INDEX,1702997054000,1702997071000,2,118.4,,1073741824.0,,,0.008391628305555556,0.008391628305555556,0.0,300.94,
1747,NFCORE_CHIPSEQ:CHIPSEQ:FILTER_BAM_BAMTOOLS:BAM_SORT_SAMTOOLS:BAM_STATS_SAMTOOLS:SAMTOOLS_STATS,1702997043000,1702997086000,2,131.1,,1073741824.0,,,0.023351504608159723,0.023351504608159723,0.0,300.94,
1682,NFCORE_CHIPSEQ:CHIPSEQ:PRESEQ_LCEXTRAP,1702997014000,1702997089000,2,100.1,,1073741824.0,,,0.03167961680989583,0.03167961680989583,0.0,300.94,
1716,NFCORE_CHIPSEQ:CHIPSEQ:PRESEQ_LCEXTRAP,1702997013000,1702997089000,2,100.1,,1073741824.0,,,0.03210201170069445,0.03210201170069445,0.0,300.94,
1776,NFCORE_CHIPSEQ:CHIPSEQ:MARK_DUPLICATES_PICARD:BAM_STATS_SAMTOOLS:SAMTOOLS_IDXSTATS,1702997091000,1702997096000,2,76.8,,1073741824.0,,,0.0016585137777777776,0.0016585137777777776,0.0,300.94,
991,NFCORE_CHIPSEQ:CHIPSEQ:MARK_DUPLICATES_PICARD:PICARD_MARKDUPLICATES,1702996745000,1702997096000,2,106.4,,21180186624.0,,,0.3722481150527344,0.3722481150527344,0.0,300.94,
1761,NFCORE_CHIPSEQ:CHIPSEQ:MARK_DUPLICATES_PICARD:BAM_STATS_SAMTOOLS:SAMTOOLS_FLAGSTAT,1702997089000,1702997101000,2,145.7,,1073741824.0,,,0.007198641539583332,0.007198641539583332,0.0,300.94,
1764,NFCORE_CHIPSEQ:CHIPSEQ:MARK_DUPLICATES_PICARD:BAM_STATS_SAMTOOLS:SAMTOOLS_STATS,1702997067000,1702997111000,2,131.0,,1073741824.0,,,0.023877436443055552,0.023877436443055552,0.0,300.94,
1773,NFCORE_CHIPSEQ:CHIPSEQ:MARK_DUPLICATES_PICARD:BAM_STATS_SAMTOOLS:SAMTOOLS_FLAGSTAT,1702997099000,1702997111000,2,143.8,,1073741824.0,,,0.007109895587500001,0.007109895587500001,0.0,300.94,
1772,NFCORE_CHIPSEQ:CHIPSEQ:MARK_DUPLICATES_PICARD:BAM_STATS_SAMTOOLS:SAMTOOLS_FLAGSTAT,1702997105000,1702997116000,2,148.9,,1073741824.0,,,0.006735766039062501,0.006735766039062501,0.0,300.94,
1777,NFCORE_CHIPSEQ:CHIPSEQ:MARK_DUPLICATES_PICARD:SAMTOOLS_INDEX,1702997114000,1702997126000,2,157.7,,1073741824.0,,,0.007759142289583333,0.007759142289583333,0.0,300.94,
1679,NFCORE_CHIPSEQ:CHIPSEQ:PICARD_COLLECTMULTIPLEMETRICS,1702997009000,1702997129000,2,100.5,,2573205504.0,,,0.05636559178125,0.05636559178125,0.0,300.94,
1710,NFCORE_CHIPSEQ:CHIPSEQ:FILTER_BAM_BAMTOOLS:BAM_FILTER,1702996996000,1702997133000,2,136.9,,1073741824.0,,,0.07749185407552082,0.07749185407552082,0.0,300.94,
1770,NFCORE_CHIPSEQ:CHIPSEQ:MARK_DUPLICATES_PICARD:BAM_STATS_SAMTOOLS:SAMTOOLS_IDXSTATS,1702997129000,1702997130000,2,85.0,,1073741824.0,,,0.000363620159375,0.000363620159375,0.0,300.94,
1721,NFCORE_CHIPSEQ:CHIPSEQ:FILTER_BAM_BAMTOOLS:BAM_FILTER,1702997006000,1702997136000,2,136.8,,1073741824.0,,,0.0734818155138889,0.0734818155138889,0.0,300.94,
1774,NFCORE_CHIPSEQ:CHIPSEQ:MARK_DUPLICATES_PICARD:BAM_STATS_SAMTOOLS:SAMTOOLS_STATS,1702997091000,1702997136000,2,130.9,,1073741824.0,,,0.0244025898046875,0.0244025898046875,0.0,300.94,
1779,NFCORE_CHIPSEQ:CHIPSEQ:MARK_DUPLICATES_PICARD:BAM_STATS_SAMTOOLS:SAMTOOLS_IDXSTATS,1702997139000,1702997141000,2,64.6,,1073741824.0,,,0.0005684317729166668,0.0005684317729166668,0.0,300.94,
1783,NFCORE_CHIPSEQ:CHIPSEQ:FILTER_BAM_BAMTOOLS:BAM_REMOVE_ORPHANS,1702997136000,1702997136000,2,63.7,,1073741824.0,,,0.0,0.0,0.0,300.94,
1784,NFCORE_CHIPSEQ:CHIPSEQ:FILTER_BAM_BAMTOOLS:BAM_REMOVE_ORPHANS,1702997144000,1702997152000,2,39.5,,1073741824.0,,,0.0014921399347222223,0.0014921399347222223,0.0,300.94,
1781,NFCORE_CHIPSEQ:CHIPSEQ:MARK_DUPLICATES_PICARD:BAM_STATS_SAMTOOLS:SAMTOOLS_FLAGSTAT,1702997140000,1702997154000,2,149.4,,1073741824.0,,,0.00860003970486111,0.00860003970486111,0.0,300.94,
983,NFCORE_CHIPSEQ:CHIPSEQ:MARK_DUPLICATES_PICARD:PICARD_MARKDUPLICATES,1702996823000,1702997161000,2,106.2,,21180186624.0,,,0.3581980238653646,0.3581980238653646,0.0,300.94,
1711,NFCORE_CHIPSEQ:CHIPSEQ:MARK_DUPLICATES_PICARD:BAM_STATS_SAMTOOLS:SAMTOOLS_FLAGSTAT,1702997154000,1702997161000,2,149.6,,1073741824.0,,,0.004305469165277778,0.004305469165277778,0.0,300.94,
1739,NFCORE_CHIPSEQ:CHIPSEQ:FILTER_BAM_BAMTOOLS:BAM_FILTER,1702997023000,1702997164000,2,135.9,,1073741824.0,,,0.07920556630989584,0.07920556630989584,0.0,300.94,
1771,NFCORE_CHIPSEQ:CHIPSEQ:MARK_DUPLICATES_PICARD:BAM_STATS_SAMTOOLS:SAMTOOLS_STATS,1702997119000,1702997161000,2,132.2,,1073741824.0,,,0.022988273685416664,0.022988273685416664,0.0,300.94,
1724,NFCORE_CHIPSEQ:CHIPSEQ:MARK_DUPLICATES_PICARD:BAM_STATS_SAMTOOLS:SAMTOOLS_IDXSTATS,1702997164000,1702997167000,2,122.1,,1073741824.0,,,0.0015240808494791666,0.0015240808494791666,0.0,300.94,
1723,NFCORE_CHIPSEQ:CHIPSEQ:MARK_DUPLICATES_PICARD:BAM_STATS_SAMTOOLS:SAMTOOLS_FLAGSTAT,1702997164000,1702997170000,2,152.0,,1073741824.0,,,0.0037464522166666663,0.0037464522166666663,0.0,300.94,
1759,NFCORE_CHIPSEQ:CHIPSEQ:PRESEQ_LCEXTRAP,1702997052000,1702997171000,2,101.0,,1073741824.0,,,0.050681864437847224,0.050681864437847224,0.0,300.94,
1782,NFCORE_CHIPSEQ:CHIPSEQ:MARK_DUPLICATES_PICARD:BAM_STATS_SAMTOOLS:SAMTOOLS_STATS,1702997139000,1702997181000,2,132.8,,1073741824.0,,,0.023086361316666672,0.023086361316666672,0.0,300.94,
1788,NFCORE_CHIPSEQ:CHIPSEQ:MARK_DUPLICATES_PICARD:SAMTOOLS_INDEX,1702997168000,1702997181000,2,155.1,,1073741824.0,,,0.008274175498784722,0.008274175498784722,0.0,300.94,
1722,NFCORE_CHIPSEQ:CHIPSEQ:MARK_DUPLICATES_PICARD:BAM_STATS_SAMTOOLS:SAMTOOLS_STATS,1702997158000,1702997184000,2,129.9,,1073741824.0,,,0.013998072585069446,0.013998072585069446,0.0,300.94,
1789,NFCORE_CHIPSEQ:CHIPSEQ:FILTER_BAM_BAMTOOLS:BAM_REMOVE_ORPHANS,1702997184000,1702997186000,2,35.8,,1073741824.0,,,0.0003442314729166667,0.0003442314729166667,0.0,300.94,
1750,NFCORE_CHIPSEQ:CHIPSEQ:PRESEQ_LCEXTRAP,1702997051000,1702997189000,2,100.3,,1073741824.0,,,0.058397924240624996,0.058397924240624996,0.0,300.94,
1766,NFCORE_CHIPSEQ:CHIPSEQ:PRESEQ_LCEXTRAP,1702997054000,1702997189000,2,99.4,,1073741824.0,,,0.05665548164062499,0.05665548164062499,0.0,300.94,
1692,NFCORE_CHIPSEQ:CHIPSEQ:MACS2_CALLPEAK,1702996990000,1702997196000,1,97.5,,1892679680.0,,,0.09007710871050348,0.09007710871050348,0.0,300.94,
1727,NFCORE_CHIPSEQ:CHIPSEQ:FILTER_BAM_BAMTOOLS:BAM_SORT_SAMTOOLS:BAM_STATS_SAMTOOLS:SAMTOOLS_STATS,1702997174000,1702997196000,2,129.5,,1073741824.0,,,0.01181027013298611,0.01181027013298611,0.0,300.94,
1735,NFCORE_CHIPSEQ:CHIPSEQ:FILTER_BAM_BAMTOOLS:BAM_SORT_SAMTOOLS:BAM_STATS_SAMTOOLS:SAMTOOLS_STATS,1702997173000,1702997195000,2,128.2,,1073741824.0,,,0.011698948456249999,0.011698948456249999,0.0,300.94,
1790,NFCORE_CHIPSEQ:CHIPSEQ:MARK_DUPLICATES_PICARD:BAM_STATS_SAMTOOLS:SAMTOOLS_IDXSTATS,1702997192000,1702997195000,2,67.4,,1073741824.0,,,0.0008853435364583334,0.0008853435364583334,0.0,300.94,
1792,NFCORE_CHIPSEQ:CHIPSEQ:MARK_DUPLICATES_PICARD:BAM_STATS_SAMTOOLS:SAMTOOLS_FLAGSTAT,1702997189000,1702997199000,2,153.5,,1073741824.0,,,0.006302472522569444,0.006302472522569444,0.0,300.94,
1526,NFCORE_CHIPSEQ:CHIPSEQ:PHANTOMPEAKQUALTOOLS,1702996443000,1702997211000,1,17.6,,4294967296.0,,,0.15327877333333337,0.15327877333333337,0.0,300.94,
960,NFCORE_CHIPSEQ:CHIPSEQ:MARK_DUPLICATES_PICARD:PICARD_MARKDUPLICATES,1702996820000,1702997211000,2,106.1,,21180186624.0,,,0.4142129780963108,0.4142129780963108,0.0,300.94,
1712,NFCORE_CHIPSEQ:CHIPSEQ:FILTER_BAM_BAMTOOLS:BAM_SORT_SAMTOOLS:BAM_STATS_SAMTOOLS:SAMTOOLS_STATS,1702997198000,1702997214000,2,126.3,,1073741824.0,,,0.008389998213888888,0.008389998213888888,0.0,300.94,
1031,NFCORE_CHIPSEQ:CHIPSEQ:MARK_DUPLICATES_PICARD:PICARD_MARKDUPLICATES,1702996969000,1702997219000,2,107.8,,21180186624.0,,,0.2664963132921007,0.2664963132921007,0.0,300.94,
1797,NFCORE_CHIPSEQ:CHIPSEQ:MARK_DUPLICATES_PICARD:SAMTOOLS_INDEX,1702997217000,1702997231000,2,164.6,,1073741824.0,,,0.009428335257638889,0.009428335257638889,0.0,300.94,
1694,NFCORE_CHIPSEQ:CHIPSEQ:PRESEQ_LCEXTRAP,1702997169000,1702997233000,2,100.9,,1073741824.0,,,0.027232562166666665,0.027232562166666665,0.0,300.94,
1791,NFCORE_CHIPSEQ:CHIPSEQ:MARK_DUPLICATES_PICARD:BAM_STATS_SAMTOOLS:SAMTOOLS_STATS,1702997192000,1702997235000,2,130.2,,1073741824.0,,,0.023200870031597223,0.023200870031597223,0.0,300.94,
1778,NFCORE_CHIPSEQ:CHIPSEQ:PRESEQ_LCEXTRAP,1702997114000,1702997246000,2,100.4,,1073741824.0,,,0.055910263291666665,0.055910263291666665,0.0,300.94,
1798,NFCORE_CHIPSEQ:CHIPSEQ:MARK_DUPLICATES_PICARD:SAMTOOLS_INDEX,1702997234000,1702997247000,2,161.7,,1073741824.0,,,0.008608140528993054,0.008608140528993054,0.0,300.94,
1803,NFCORE_CHIPSEQ:CHIPSEQ:MARK_DUPLICATES_PICARD:BAM_STATS_SAMTOOLS:SAMTOOLS_FLAGSTAT,1702997249000,1702997261000,2,149.8,,1073741824.0,,,0.0073901459625000014,0.0073901459625000014,0.0,300.94,
1728,NFCORE_CHIPSEQ:CHIPSEQ:PICARD_COLLECTMULTIPLEMETRICS,1702997134000,1702997266000,2,107.0,,2573205504.0,,,0.06534180126145833,0.06534180126145833,0.0,300.94,
1769,NFCORE_CHIPSEQ:CHIPSEQ:FILTER_BAM_BAMTOOLS:BAM_FILTER,1702997065000,1702997271000,2,137.1,,1073741824.0,,,0.11668096359131944,0.11668096359131944,0.0,300.94,
1775,NFCORE_CHIPSEQ:CHIPSEQ:FILTER_BAM_BAMTOOLS:BAM_FILTER,1702997074000,1702997281000,2,135.1,,1073741824.0,,,0.11563593637968748,0.11563593637968748,0.0,300.94,
1802,NFCORE_CHIPSEQ:CHIPSEQ:MARK_DUPLICATES_PICARD:BAM_STATS_SAMTOOLS:SAMTOOLS_STATS,1702997238000,1702997292000,2,130.9,,1073741824.0,,,0.029283107765625,0.029283107765625,0.0,300.94,
1808,NFCORE_CHIPSEQ:CHIPSEQ:FILTER_BAM_BAMTOOLS:BAM_REMOVE_ORPHANS,1702997284000,1702997291000,2,6.6,,1073741824.0,,,0.00040921047951388885,0.00040921047951388885,0.0,300.94,
1800,NFCORE_CHIPSEQ:CHIPSEQ:MARK_DUPLICATES_PICARD:BAM_STATS_SAMTOOLS:SAMTOOLS_IDXSTATS,1702997294000,1702997295000,2,106.0,,1073741824.0,,,0.00044535985208333335,0.00044535985208333335,0.0,300.94,
1809,NFCORE_CHIPSEQ:CHIPSEQ:FILTER_BAM_BAMTOOLS:BAM_REMOVE_ORPHANS,1702997295000,1702997296000,2,70.1,,1073741824.0,,,0.00030562390121527774,0.00030562390121527774,0.0,300.94,
1672,NFCORE_CHIPSEQ:CHIPSEQ:PICARD_COLLECTMULTIPLEMETRICS,1702997199000,1702997306000,2,114.1,,2573205504.0,,,0.055923490806336816,0.055923490806336816,0.0,300.94,
1763,NFCORE_CHIPSEQ:CHIPSEQ:FILTER_BAM_BAMTOOLS:BAM_FILTER,1702997052000,1702997306000,2,135.0,,1073741824.0,,,0.14179257273819446,0.14179257273819446,0.0,300.94,
994,NFCORE_CHIPSEQ:CHIPSEQ:MARK_DUPLICATES_PICARD:PICARD_MARKDUPLICATES,1702996983000,1702997306000,2,106.5,,21180186624.0,,,0.34267883215585937,0.34267883215585937,0.0,300.94,
1001,NFCORE_CHIPSEQ:CHIPSEQ:MARK_DUPLICATES_PICARD:PICARD_MARKDUPLICATES,1702997003000,1702997311000,2,108.1,,21180186624.0,,,0.3286831126237847,0.3286831126237847,0.0,300.94,
1017,NFCORE_CHIPSEQ:CHIPSEQ:MARK_DUPLICATES_PICARD:PICARD_MARKDUPLICATES,1702997033000,1702997306000,2,107.0,,21180186624.0,,,0.29016388131080734,0.29016388131080734,0.0,300.94,
1676,NFCORE_CHIPSEQ:CHIPSEQ:PICARD_COLLECTMULTIPLEMETRICS,1702997199000,1702997309000,2,113.4,,2573205504.0,,,0.057191726940104166,0.057191726940104166,0.0,300.94,
1787,NFCORE_CHIPSEQ:CHIPSEQ:PRESEQ_LCEXTRAP,1702997184000,1702997318000,2,100.3,,1073741824.0,,,0.056705230784375,0.056705230784375,0.0,300.94,
1806,NFCORE_CHIPSEQ:CHIPSEQ:MARK_DUPLICATES_PICARD:BAM_STATS_SAMTOOLS:SAMTOOLS_FLAGSTAT,1702997312000,1702997322000,2,146.8,,1073741824.0,,,0.006041683979166668,0.006041683979166668,0.0,300.94,
1814,NFCORE_CHIPSEQ:CHIPSEQ:MARK_DUPLICATES_PICARD:SAMTOOLS_INDEX,1702997320000,1702997331000,2,161.6,,1073741824.0,,,0.007279529613888889,0.007279529613888889,0.0,300.94,
1815,NFCORE_CHIPSEQ:CHIPSEQ:MARK_DUPLICATES_PICARD:SAMTOOLS_INDEX,1702997325000,1702997339000,2,160.8,,1073741824.0,,,0.009221261369444445,0.009221261369444445,0.0,300.94,
1704,NFCORE_CHIPSEQ:CHIPSEQ:PICARD_COLLECTMULTIPLEMETRICS,1702997269000,1702997346000,2,109.1,,2573205504.0,,,0.03874544636970486,0.03874544636970486,0.0,300.94,
1804,NFCORE_CHIPSEQ:CHIPSEQ:MARK_DUPLICATES_PICARD:BAM_STATS_SAMTOOLS:SAMTOOLS_STATS,1702997310000,1702997346000,2,129.6,,1073741824.0,,,0.019339909099999997,0.019339909099999997,0.0,300.94,
1817,NFCORE_CHIPSEQ:CHIPSEQ:MARK_DUPLICATES_PICARD:SAMTOOLS_INDEX,1702997334000,1702997346000,2,154.0,,1073741824.0,,,0.0075863212250000004,0.0075863212250000004,0.0,300.94,
1812,NFCORE_CHIPSEQ:CHIPSEQ:FILTER_BAM_BAMTOOLS:BAM_REMOVE_ORPHANS,1702997349000,1702997350000,2,52.7,,1073741824.0,,,0.00023789672725694447,0.00023789672725694447,0.0,300.94,
1780,NFCORE_CHIPSEQ:CHIPSEQ:FILTER_BAM_BAMTOOLS:BAM_FILTER,1702997133000,1702997355000,2,135.9,,1073741824.0,,,0.12470663631770834,0.12470663631770834,0.0,300.94,
1720,NFCORE_CHIPSEQ:CHIPSEQ:BEDTOOLS_GENOMECOV,1702997035000,1702997363000,2,122.5,,4567597056.0,,,0.2021172810027778,0.2021172810027778,0.0,300.94,
1819,NFCORE_CHIPSEQ:CHIPSEQ:MARK_DUPLICATES_PICARD:BAM_STATS_SAMTOOLS:SAMTOOLS_IDXSTATS,1702997357000,1702997361000,2,88.9,,1073741824.0,,,0.0015152015520833336,0.0015152015520833336,0.0,300.94,
1684,NFCORE_CHIPSEQ:CHIPSEQ:PICARD_COLLECTMULTIPLEMETRICS,1702997309000,1702997366000,2,123.7,,2573205504.0,,,0.03192092131692709,0.03192092131692709,0.0,300.94,
1832,NFCORE_CHIPSEQ:CHIPSEQ:FILTER_BAM_BAMTOOLS:BAM_REMOVE_ORPHANS,1702997364000,1702997367000,2,107.9,,1073741824.0,,,0.0013582660442708334,0.0013582660442708334,0.0,300.94,
1701,NFCORE_CHIPSEQ:CHIPSEQ:PICARD_COLLECTMULTIPLEMETRICS,1702997300000,1702997371000,2,114.7,,2573205504.0,,,0.03727392552717013,0.03727392552717013,0.0,300.94,
1822,NFCORE_CHIPSEQ:CHIPSEQ:MARK_DUPLICATES_PICARD:BAM_STATS_SAMTOOLS:SAMTOOLS_FLAGSTAT,1702997371000,1702997386000,2,145.0,,1073741824.0,,,0.008957432078125,0.008957432078125,0.0,300.94,
977,NFCORE_CHIPSEQ:CHIPSEQ:MARK_DUPLICATES_PICARD:PICARD_MARKDUPLICATES,1702997052000,1702997391000,2,108.0,,21180186624.0,,,0.3616329032605468,0.3616329032605468,0.0,300.94,
1821,NFCORE_CHIPSEQ:CHIPSEQ:MARK_DUPLICATES_PICARD:BAM_STATS_SAMTOOLS:SAMTOOLS_STATS,1702997349000,1702997391000,2,131.4,,1073741824.0,,,0.022857490177083335,0.022857490177083335,0.0,300.94,
1823,NFCORE_CHIPSEQ:CHIPSEQ:MARK_DUPLICATES_PICARD:BAM_STATS_SAMTOOLS:SAMTOOLS_FLAGSTAT,1702997394000,1702997407000,2,145.9,,1073741824.0,,,0.007808648486979167,0.007808648486979167,0.0,300.94,
966,NFCORE_CHIPSEQ:CHIPSEQ:MARK_DUPLICATES_PICARD:PICARD_MARKDUPLICATES,1702997046000,1702997411000,2,107.7,,21180186624.0,,,0.3889425460358073,0.3889425460358073,0.0,300.94,
1793,NFCORE_CHIPSEQ:CHIPSEQ:FILTER_BAM_BAMTOOLS:BAM_FILTER,1702997186000,1702997427000,2,135.0,,1073741824.0,,,0.13453547255868056,0.13453547255868056,0.0,300.94,
1807,NFCORE_CHIPSEQ:CHIPSEQ:FILTER_BAM_BAMTOOLS:BAM_FILTER,1702997264000,1702997427000,2,135.1,,1073741824.0,,,0.09105631705260414,0.09105631705260414,0.0,300.94,
1836,NFCORE_CHIPSEQ:CHIPSEQ:MARK_DUPLICATES_PICARD:SAMTOOLS_INDEX,1702997410000,1702997427000,2,150.8,,1073741824.0,,,0.010535543674305555,0.010535543674305555,0.0,300.94,
988,NFCORE_CHIPSEQ:CHIPSEQ:MARK_DUPLICATES_PICARD:PICARD_MARKDUPLICATES,1702997099000,1702997427000,2,106.6,,21180186624.0,,,0.3481111276559028,0.3481111276559028,0.0,300.94,
1824,NFCORE_CHIPSEQ:CHIPSEQ:MARK_DUPLICATES_PICARD:BAM_STATS_SAMTOOLS:SAMTOOLS_STATS,1702997389000,1702997430000,2,130.9,,1073741824.0,,,0.0222334707109375,0.0222334707109375,0.0,300.94,
1833,NFCORE_CHIPSEQ:CHIPSEQ:UCSC_BEDGRAPHTOBIGWIG,1702997369000,1702997437000,1,100.8,,1073741824.0,,,0.028908129211111116,0.028908129211111116,0.0,300.94,
1825,NFCORE_CHIPSEQ:CHIPSEQ:MARK_DUPLICATES_PICARD:BAM_STATS_SAMTOOLS:SAMTOOLS_IDXSTATS,1702997439000,1702997442000,2,71.5,,1073741824.0,,,0.0009332196421875001,0.0009332196421875001,0.0,300.94,
1837,NFCORE_CHIPSEQ:CHIPSEQ:MARK_DUPLICATES_PICARD:SAMTOOLS_INDEX,1702997430000,1702997446000,2,151.9,,1073741824.0,,,0.009984311458333336,0.009984311458333336,0.0,300.94,
1839,NFCORE_CHIPSEQ:CHIPSEQ:FILTER_BAM_BAMTOOLS:BAM_REMOVE_ORPHANS,1702997445000,1702997446000,2,58.2,,1073741824.0,,,0.0002593047420138889,0.0002593047420138889,0.0,300.94,
1796,NFCORE_CHIPSEQ:CHIPSEQ:PRESEQ_LCEXTRAP,1702997299000,1702997449000,2,100.5,,1073741824.0,,,0.06359277559895833,0.06359277559895833,0.0,300.94,
1010,NFCORE_CHIPSEQ:CHIPSEQ:MARK_DUPLICATES_PICARD:PICARD_MARKDUPLICATES,1702997164000,1702997451000,2,107.3,,21180186624.0,,,0.30537921309249133,0.30537921309249133,0.0,300.94,
1768,NFCORE_CHIPSEQ:CHIPSEQ:BEDTOOLS_GENOMECOV,1702997249000,1702997461000,2,124.0,,4567597056.0,,,0.13187455167430553,0.13187455167430553,0.0,300.94,
1845,NFCORE_CHIPSEQ:CHIPSEQ:MARK_DUPLICATES_PICARD:SAMTOOLS_INDEX,1702997449000,1702997461000,2,153.7,,1073741824.0,,,0.007572308706249999,0.007572308706249999,0.0,300.94,
1840,NFCORE_CHIPSEQ:CHIPSEQ:FILTER_BAM_BAMTOOLS:BAM_REMOVE_ORPHANS,1702997465000,1702997465000,2,51.6,,1073741824.0,,,0.0,0.0,0.0,300.94,
1686,NFCORE_CHIPSEQ:CHIPSEQ:PHANTOMPEAKQUALTOOLS,1702996992000,1702997471000,1,18.8,,4294967296.0,,,0.09783698375763891,0.09783698375763891,0.0,300.94,
1853,NFCORE_CHIPSEQ:CHIPSEQ:MARK_DUPLICATES_PICARD:SAMTOOLS_INDEX,1702997465000,1702997476000,2,155.3,,1073741824.0,,,0.00700978862795139,0.00700978862795139,0.0,300.94,
1025,NFCORE_CHIPSEQ:CHIPSEQ:MARK_DUPLICATES_PICARD:PICARD_MARKDUPLICATES,1702997221000,1702997480000,2,108.9,,21180186624.0,,,0.2771991157350261,0.2771991157350261,0.0,300.94,
1744,NFCORE_CHIPSEQ:CHIPSEQ:BEDTOOLS_GENOMECOV,1702997274000,1702997480000,2,124.1,,4567597056.0,,,0.12822243578819445,0.12822243578819445,0.0,300.94,
1801,NFCORE_CHIPSEQ:CHIPSEQ:FILTER_BAM_BAMTOOLS:BAM_FILTER,1702997236000,1702997480000,2,138.1,,1073741824.0,,,0.13915437386875001,0.13915437386875001,0.0,300.94,
1813,NFCORE_CHIPSEQ:CHIPSEQ:PRESEQ_LCEXTRAP,1702997374000,1702997491000,2,100.6,,1073741824.0,,,0.04964790565312499,0.04964790565312499,0.0,300.94,
1867,NFCORE_CHIPSEQ:CHIPSEQ:MARK_DUPLICATES_PICARD:SAMTOOLS_INDEX,1702997482000,1702997491000,2,156.2,,1073741824.0,,,0.005766809771875,0.005766809771875,0.0,300.94,
1869,NFCORE_CHIPSEQ:CHIPSEQ:FILTER_BAM_BAMTOOLS:BAM_REMOVE_ORPHANS,1702997494000,1702997497000,2,1.0,,1073741824.0,,,0.00010998416562500001,0.00010998416562500001,0.0,300.94,
1732,NFCORE_CHIPSEQ:CHIPSEQ:BEDTOOLS_GENOMECOV,1702997366000,1702997506000,2,121.8,,4567597056.0,,,0.08588811926041669,0.08588811926041669,0.0,300.94,
1538,NFCORE_CHIPSEQ:CHIPSEQ:PHANTOMPEAKQUALTOOLS,1702996469000,1702997507000,1,15.1,,4294967296.0,,,0.19706515148437498,0.19706515148437498,0.0,300.94,
1561,NFCORE_CHIPSEQ:CHIPSEQ:PHANTOMPEAKQUALTOOLS,1702996548000,1702997506000,1,18.6,,4294967296.0,,,0.19492819012847226,0.19492819012847226,0.0,300.94,
1850,NFCORE_CHIPSEQ:CHIPSEQ:MARK_DUPLICATES_PICARD:BAM_STATS_SAMTOOLS:SAMTOOLS_IDXSTATS,1702997509000,1702997511000,2,94.1,,1073741824.0,,,0.000798081385763889,0.000798081385763889,0.0,300.94,
1855,NFCORE_CHIPSEQ:CHIPSEQ:UCSC_BEDGRAPHTOBIGWIG,1702997468000,1702997509000,1,100.3,,1073741824.0,,,0.017350107926562504,0.017350107926562504,0.0,300.94,
1841,NFCORE_CHIPSEQ:CHIPSEQ:MARK_DUPLICATES_PICARD:BAM_STATS_SAMTOOLS:SAMTOOLS_IDXSTATS,1702997514000,1702997516000,2,63.4,,1073741824.0,,,0.00055909009375,0.00055909009375,0.0,300.94,
1830,NFCORE_CHIPSEQ:CHIPSEQ:FILTER_BAM_BAMTOOLS:BAM_FILTER,1702997352000,1702997526000,2,135.9,,1073741824.0,,,0.09774303927604168,0.09774303927604168,0.0,300.94,
1851,NFCORE_CHIPSEQ:CHIPSEQ:MARK_DUPLICATES_PICARD:BAM_STATS_SAMTOOLS:SAMTOOLS_FLAGSTAT,1702997511000,1702997526000,2,148.2,,1073741824.0,,,0.009144265661458333,0.009144265661458333,0.0,300.94,
1848,NFCORE_CHIPSEQ:CHIPSEQ:MARK_DUPLICATES_PICARD:BAM_STATS_SAMTOOLS:SAMTOOLS_STATS,1702997482000,1702997528000,2,131.5,,1073741824.0,,,0.025052298888541668,0.025052298888541668,0.0,300.94,
1879,NFCORE_CHIPSEQ:CHIPSEQ:FILTER_BAM_BAMTOOLS:BAM_REMOVE_ORPHANS,1702997529000,1702997531000,2,58.7,,1073741824.0,,,0.0005225018503472223,0.0005225018503472223,0.0,300.94,
1859,NFCORE_CHIPSEQ:CHIPSEQ:MARK_DUPLICATES_PICARD:BAM_STATS_SAMTOOLS:SAMTOOLS_IDXSTATS,1702997530000,1702997535000,2,82.1,,1073741824.0,,,0.0017616614852430555,0.0017616614852430555,0.0,300.94,
1868,NFCORE_CHIPSEQ:CHIPSEQ:UCSC_BEDGRAPHTOBIGWIG,1702997484000,1702997535000,1,89.1,,1073741824.0,,,0.019358521925520827,0.019358521925520827,0.0,300.94,
1875,NFCORE_CHIPSEQ:CHIPSEQ:UCSC_BEDGRAPHTOBIGWIG,1702997509000,1702997539000,1,93.9,,1073741824.0,,,0.011947866588541668,0.011947866588541668,0.0,300.94,
1844,NFCORE_CHIPSEQ:CHIPSEQ:MARK_DUPLICATES_PICARD:BAM_STATS_SAMTOOLS:SAMTOOLS_FLAGSTAT,1702997529000,1702997542000,2,148.0,,1073741824.0,,,0.007914910087500001,0.007914910087500001,0.0,300.94,
1743,NFCORE_CHIPSEQ:CHIPSEQ:BEDTOOLS_GENOMECOV,1702997214000,1702997546000,2,123.6,,4567597056.0,,,0.20600361807291662,0.20600361807291662,0.0,300.94,
1826,NFCORE_CHIPSEQ:CHIPSEQ:FILTER_BAM_BAMTOOLS:BAM_FILTER,1702997342000,1702997546000,2,136.6,,1073741824.0,,,0.11515111733749998,0.11515111733749998,0.0,300.94,
1857,NFCORE_CHIPSEQ:CHIPSEQ:MARK_DUPLICATES_PICARD:BAM_STATS_SAMTOOLS:SAMTOOLS_FLAGSTAT,1702997534000,1702997546000,2,145.4,,1073741824.0,,,0.007184629020833335,0.007184629020833335,0.0,300.94,
1344,NFCORE_CHIPSEQ:CHIPSEQ:PHANTOMPEAKQUALTOOLS,1702995900000,1702997546000,1,13.5,,4294967296.0,,,0.3022435142954861,0.3022435142954861,0.0,300.94,
1884,NFCORE_CHIPSEQ:CHIPSEQ:FILTER_BAM_BAMTOOLS:BAM_REMOVE_ORPHANS,1702997549000,1702997552000,2,2.2,,1073741824.0,,,0.000123996684375,0.000123996684375,0.0,300.94,
1032,NFCORE_CHIPSEQ:CHIPSEQ:MARK_DUPLICATES_PICARD:PICARD_MARKDUPLICATES,1702997314000,1702997551000,2,108.7,,21180186624.0,,,0.253468746736849,0.253468746736849,0.0,300.94,
1863,NFCORE_CHIPSEQ:CHIPSEQ:MARK_DUPLICATES_PICARD:BAM_STATS_SAMTOOLS:SAMTOOLS_IDXSTATS,1702997555000,1702997556000,2,53.3,,1073741824.0,,,0.00024023214704861113,0.00024023214704861113,0.0,300.94,
1862,NFCORE_CHIPSEQ:CHIPSEQ:MARK_DUPLICATES_PICARD:BAM_STATS_SAMTOOLS:SAMTOOLS_FLAGSTAT,1702997544000,1702997556000,2,147.5,,1073741824.0,,,0.007282716652083333,0.007282716652083333,0.0,300.94,
1835,NFCORE_CHIPSEQ:CHIPSEQ:PRESEQ_LCEXTRAP,1702997430000,1702997560000,2,100.5,,1073741824.0,,,0.055113738852430545,0.055113738852430545,0.0,300.94,
1738,NFCORE_CHIPSEQ:CHIPSEQ:BEDTOOLS_GENOMECOV,1702997214000,1702997566000,2,123.8,,4567597056.0,,,0.21868749717222224,0.21868749717222224,0.0,300.94,
1816,NFCORE_CHIPSEQ:CHIPSEQ:PRESEQ_LCEXTRAP,1702997449000,1702997566000,2,100.4,,1073741824.0,,,0.04955682428125,0.04955682428125,0.0,300.94,
1828,NFCORE_CHIPSEQ:CHIPSEQ:MARK_DUPLICATES_PICARD:BAM_STATS_SAMTOOLS:SAMTOOLS_IDXSTATS,1702997570000,1702997570000,2,92.3,,1073741824.0,,,0.0,0.0,0.0,300.94,
1838,NFCORE_CHIPSEQ:CHIPSEQ:PRESEQ_LCEXTRAP,1702997430000,1702997571000,2,100.4,,1073741824.0,,,0.059722326697916675,0.059722326697916675,0.0,300.94,
1843,NFCORE_CHIPSEQ:CHIPSEQ:MARK_DUPLICATES_PICARD:BAM_STATS_SAMTOOLS:SAMTOOLS_STATS,1702997519000,1702997566000,2,131.5,,1073741824.0,,,0.025596914081770835,0.025596914081770835,0.0,300.94,
1873,NFCORE_CHIPSEQ:CHIPSEQ:MARK_DUPLICATES_PICARD:BAM_STATS_SAMTOOLS:SAMTOOLS_IDXSTATS,1702997571000,1702997571000,2,81.4,,1073741824.0,,,0.0,0.0,0.0,300.94,
1887,NFCORE_CHIPSEQ:CHIPSEQ:MARK_DUPLICATES_PICARD:SAMTOOLS_INDEX,1702997558000,1702997567000,2,133.1,,1073741824.0,,,0.0049575868140625005,0.0049575868140625005,0.0,300.94,
1820,NFCORE_CHIPSEQ:CHIPSEQ:FILTER_BAM_BAMTOOLS:BAM_FILTER,1702997350000,1702997576000,2,135.9,,1073741824.0,,,0.12695360273784723,0.12695360273784723,0.0,300.94,
1829,NFCORE_CHIPSEQ:CHIPSEQ:MARK_DUPLICATES_PICARD:BAM_STATS_SAMTOOLS:SAMTOOLS_FLAGSTAT,1702997563000,1702997572000,2,149.4,,1073741824.0,,,0.005528596953124999,0.005528596953124999,0.0,300.94,
1805,NFCORE_CHIPSEQ:CHIPSEQ:MARK_DUPLICATES_PICARD:BAM_STATS_SAMTOOLS:SAMTOOLS_IDXSTATS,1702997580000,1702997581000,2,67.7,,1073741824.0,,,0.0002962822220486111,0.0002962822220486111,0.0,300.94,
1856,NFCORE_CHIPSEQ:CHIPSEQ:MARK_DUPLICATES_PICARD:BAM_STATS_SAMTOOLS:SAMTOOLS_STATS,1702997539000,1702997581000,2,133.3,,1073741824.0,,,0.023168101009375004,0.023168101009375004,0.0,300.94,
1864,NFCORE_CHIPSEQ:CHIPSEQ:MARK_DUPLICATES_PICARD:BAM_STATS_SAMTOOLS:SAMTOOLS_STATS,1702997549000,1702997586000,2,132.2,,1073741824.0,,,0.020251574437152774,0.020251574437152774,0.0,300.94,
1872,NFCORE_CHIPSEQ:CHIPSEQ:MARK_DUPLICATES_PICARD:BAM_STATS_SAMTOOLS:SAMTOOLS_FLAGSTAT,1702997573000,1702997581000,2,149.7,,1073741824.0,,,0.004923650081944443,0.004923650081944443,0.0,300.94,
1894,NFCORE_CHIPSEQ:CHIPSEQ:FILTER_BAM_BAMTOOLS:BAM_REMOVE_ORPHANS,1702997584000,1702997586000,2,36.6,,1073741824.0,,,0.00035045925902777776,0.00035045925902777776,0.0,300.94,
1018,NFCORE_CHIPSEQ:CHIPSEQ:MARK_DUPLICATES_PICARD:PICARD_MARKDUPLICATES,1702997310000,1702997584000,2,107.3,,21180186624.0,,,0.2915467051823785,0.2915467051823785,0.0,300.94,
1047,NFCORE_CHIPSEQ:CHIPSEQ:MARK_DUPLICATES_PICARD:PICARD_MARKDUPLICATES,1702997394000,1702997585000,2,109.5,,21180186624.0,,,0.20486703469908857,0.20486703469908857,0.0,300.94,
1890,NFCORE_CHIPSEQ:CHIPSEQ:MARK_DUPLICATES_PICARD:BAM_STATS_SAMTOOLS:SAMTOOLS_FLAGSTAT,1702997588000,1702997598000,2,147.2,,1073741824.0,,,0.006057253444444444,0.006057253444444444,0.0,300.94,
1012,NFCORE_CHIPSEQ:CHIPSEQ:MARK_DUPLICATES_PICARD:PICARD_MARKDUPLICATES,1702997310000,1702997601000,2,107.3,,21180186624.0,,,0.309635369372526,0.309635369372526,0.0,300.94,
1760,NFCORE_CHIPSEQ:CHIPSEQ:BEDTOOLS_GENOMECOV,1702997215000,1702997612000,2,123.3,,4567597056.0,,,0.24587207090312502,0.24587207090312502,0.0,300.94,
1827,NFCORE_CHIPSEQ:CHIPSEQ:MARK_DUPLICATES_PICARD:BAM_STATS_SAMTOOLS:SAMTOOLS_STATS,1702997570000,1702997612000,2,131.0,,1073741824.0,,,0.02279209842291667,0.02279209842291667,0.0,300.94,
1870,NFCORE_CHIPSEQ:CHIPSEQ:MARK_DUPLICATES_PICARD:BAM_STATS_SAMTOOLS:SAMTOOLS_STATS,1702997573000,1702997612000,2,130.7,,1073741824.0,,,0.021118550706770836,0.021118550706770836,0.0,300.94,
1897,NFCORE_CHIPSEQ:CHIPSEQ:MARK_DUPLICATES_PICARD:SAMTOOLS_INDEX,1702997600000,1702997611000,2,154.3,,1073741824.0,,,0.006966972598437501,0.006966972598437501,0.0,300.94,
1883,NFCORE_CHIPSEQ:CHIPSEQ:UCSC_BEDGRAPHTOBIGWIG,1702997548000,1702997617000,1,97.6,,1073741824.0,,,0.028473814274999988,0.028473814274999988,0.0,300.94,
1893,NFCORE_CHIPSEQ:CHIPSEQ:MARK_DUPLICATES_PICARD:BAM_STATS_SAMTOOLS:SAMTOOLS_IDXSTATS,1702997616000,1702997617000,2,95.2,,1073741824.0,,,0.0004033222958333334,0.0004033222958333334,0.0,300.94,
1891,NFCORE_CHIPSEQ:CHIPSEQ:MARK_DUPLICATES_PICARD:BAM_STATS_SAMTOOLS:SAMTOOLS_STATS,1702997588000,1702997620000,2,130.5,,1073741824.0,,,0.01730313046111111,0.01730313046111111,0.0,300.94,
1899,NFCORE_CHIPSEQ:CHIPSEQ:MARK_DUPLICATES_PICARD:SAMTOOLS_INDEX,1702997615000,1702997622000,2,158.8,,1073741824.0,,,0.00455613755625,0.00455613755625,0.0,300.94,
1900,NFCORE_CHIPSEQ:CHIPSEQ:MARK_DUPLICATES_PICARD:SAMTOOLS_INDEX,1702997614000,1702997624000,2,160.6,,1073741824.0,,,0.0065788305312500005,0.0065788305312500005,0.0,300.94,
1904,NFCORE_CHIPSEQ:CHIPSEQ:MARK_DUPLICATES_PICARD:BAM_STATS_SAMTOOLS:SAMTOOLS_IDXSTATS,1702997626000,1702997627000,2,110.3,,1073741824.0,,,0.00046209702725694444,0.00046209702725694444,0.0,300.94,
1044,NFCORE_CHIPSEQ:CHIPSEQ:MARK_DUPLICATES_PICARD:PICARD_MARKDUPLICATES,1702997430000,1702997631000,2,109.0,,21180186624.0,,,0.21520187464309895,0.21520187464309895,0.0,300.94,
1033,NFCORE_CHIPSEQ:CHIPSEQ:MARK_DUPLICATES_PICARD:PICARD_MARKDUPLICATES,1702997414000,1702997646000,2,108.2,,21180186624.0,,,0.2476697903295139,0.2476697903295139,0.0,300.94,
1842,NFCORE_CHIPSEQ:CHIPSEQ:FILTER_BAM_BAMTOOLS:BAM_FILTER,1702997432000,1702997646000,2,136.3,,1073741824.0,,,0.12054589003437502,0.12054589003437502,0.0,300.94,
1889,NFCORE_CHIPSEQ:CHIPSEQ:UCSC_BEDGRAPHTOBIGWIG,1702997572000,1702997646000,1,99.5,,1073741824.0,,,0.03108440085451389,0.03108440085451389,0.0,300.94,
1871,NFCORE_CHIPSEQ:CHIPSEQ:FILTER_BAM_BAMTOOLS:BAM_FILTER,1702997500000,1702997651000,2,132.7,,1073741824.0,,,0.08294219095468748,0.08294219095468748,0.0,300.94,
1917,NFCORE_CHIPSEQ:CHIPSEQ:MARK_DUPLICATES_PICARD:SAMTOOLS_INDEX,1702997649000,1702997657000,2,153.8,,1073741824.0,,,0.005051319697222222,0.005051319697222222,0.0,300.94,
1042,NFCORE_CHIPSEQ:CHIPSEQ:MARK_DUPLICATES_PICARD:PICARD_MARKDUPLICATES,1702997455000,1702997657000,2,108.7,,21180186624.0,,,0.21603665333689234,0.21603665333689234,0.0,300.94,
1846,NFCORE_CHIPSEQ:CHIPSEQ:PRESEQ_LCEXTRAP,1702997539000,1702997661000,2,100.4,,1073741824.0,,,0.051674637284722234,0.051674637284722234,0.0,300.94,
1849,NFCORE_CHIPSEQ:CHIPSEQ:FILTER_BAM_BAMTOOLS:BAM_FILTER,1702997452000,1702997665000,2,136.7,,1073741824.0,,,0.12031422109322917,0.12031422109322917,0.0,300.94,
1919,NFCORE_CHIPSEQ:CHIPSEQ:MARK_DUPLICATES_PICARD:SAMTOOLS_INDEX,1702997654000,1702997665000,2,159.0,,1073741824.0,,,0.007168207937152778,0.007168207937152778,0.0,300.94,
1920,NFCORE_CHIPSEQ:CHIPSEQ:FILTER_BAM_BAMTOOLS:BAM_REMOVE_ORPHANS,1702997664000,1702997665000,2,34.0,,1073741824.0,,,0.00016510947708333335,0.00016510947708333335,0.0,300.94,
1922,NFCORE_CHIPSEQ:CHIPSEQ:FILTER_BAM_BAMTOOLS:BAM_REMOVE_ORPHANS,1702997667000,1702997668000,2,61.9,,1073741824.0,,,0.00027370649739583337,0.00027370649739583337,0.0,300.94,
1818,NFCORE_CHIPSEQ:CHIPSEQ:PRESEQ_LCEXTRAP,1702997570000,1702997669000,2,100.3,,1073741824.0,,,0.0418941630421875,0.0418941630421875,0.0,300.94,
1854,NFCORE_CHIPSEQ:CHIPSEQ:PRESEQ_LCEXTRAP,1702997560000,1702997668000,2,100.4,,1073741824.0,,,0.045744760875,0.045744760875,0.0,300.94,
1865,NFCORE_CHIPSEQ:CHIPSEQ:FILTER_BAM_BAMTOOLS:BAM_FILTER,1702997494000,1702997671000,2,135.8,,1073741824.0,,,0.09935936920729166,0.09935936920729166,0.0,300.94,
1866,NFCORE_CHIPSEQ:CHIPSEQ:PRESEQ_LCEXTRAP,1702997575000,1702997672000,2,100.4,,1073741824.0,,,0.04108557226736111,0.04108557226736111,0.0,300.94,
1912,NFCORE_CHIPSEQ:CHIPSEQ:MARK_DUPLICATES_PICARD:BAM_STATS_SAMTOOLS:SAMTOOLS_IDXSTATS,1702997668000,1702997669000,2,78.0,,1073741824.0,,,0.00033637359513888885,0.00033637359513888885,0.0,300.94,
1928,NFCORE_CHIPSEQ:CHIPSEQ:MARK_DUPLICATES_PICARD:SAMTOOLS_INDEX,1702997668000,1702997674000,2,154.9,,1073741824.0,,,0.0038141793906250002,0.0038141793906250002,0.0,300.94,
1929,NFCORE_CHIPSEQ:CHIPSEQ:FILTER_BAM_BAMTOOLS:BAM_REMOVE_ORPHANS,1702997671000,1702997672000,2,85.0,,1073741824.0,,,0.000363620159375,0.000363620159375,0.0,300.94,
1799,NFCORE_CHIPSEQ:CHIPSEQ:PRESEQ_LCEXTRAP,1702997584000,1702997675000,2,100.4,,1073741824.0,,,0.03854419666319445,0.03854419666319445,0.0,300.94,
1858,NFCORE_CHIPSEQ:CHIPSEQ:FILTER_BAM_BAMTOOLS:BAM_FILTER,1702997480000,1702997687000,2,136.6,,1073741824.0,,,0.116844516121875,0.116844516121875,0.0,300.94,
1903,NFCORE_CHIPSEQ:CHIPSEQ:MARK_DUPLICATES_PICARD:BAM_STATS_SAMTOOLS:SAMTOOLS_FLAGSTAT,1702997675000,1702997687000,2,146.5,,1073741824.0,,,0.00723600825625,0.00723600825625,0.0,300.94,
1915,NFCORE_CHIPSEQ:CHIPSEQ:MARK_DUPLICATES_PICARD:BAM_STATS_SAMTOOLS:SAMTOOLS_FLAGSTAT,1702997672000,1702997687000,2,145.5,,1073741824.0,,,0.008986624825520834,0.008986624825520834,0.0,300.94,
1931,NFCORE_CHIPSEQ:CHIPSEQ:MARK_DUPLICATES_PICARD:BAM_STATS_SAMTOOLS:SAMTOOLS_IDXSTATS,1702997690000,1702997691000,2,132.2,,1073741824.0,,,0.0005473398496527777,0.0005473398496527777,0.0,300.94,
1932,NFCORE_CHIPSEQ:CHIPSEQ:MARK_DUPLICATES_PICARD:BAM_STATS_SAMTOOLS:SAMTOOLS_FLAGSTAT,1702997675000,1702997687000,2,148.2,,1073741824.0,,,0.007315412529166667,0.007315412529166667,0.0,300.94,
1936,NFCORE_CHIPSEQ:CHIPSEQ:FILTER_BAM_BAMTOOLS:BAM_REMOVE_ORPHANS,1702997689000,1702997691000,2,36.0,,1073741824.0,,,0.0003457884194444445,0.0003457884194444445,0.0,300.94,
1902,NFCORE_CHIPSEQ:CHIPSEQ:UCSC_BEDGRAPHTOBIGWIG,1702997617000,1702997696000,1,96.4,,1073741824.0,,,0.03223145769791667,0.03223145769791667,0.0,300.94,
1937,NFCORE_CHIPSEQ:CHIPSEQ:MARK_DUPLICATES_PICARD:BAM_STATS_SAMTOOLS:SAMTOOLS_IDXSTATS,1702997695000,1702997696000,2,70.7,,1073741824.0,,,0.0003079593210069444,0.0003079593210069444,0.0,300.94,
1939,NFCORE_CHIPSEQ:CHIPSEQ:MARK_DUPLICATES_PICARD:BAM_STATS_SAMTOOLS:SAMTOOLS_FLAGSTAT,1702997690000,1702997697000,2,144.2,,1073741824.0,,,0.004158337718402777,0.004158337718402777,0.0,300.94,
1942,NFCORE_CHIPSEQ:CHIPSEQ:FILTER_BAM_BAMTOOLS:BAM_REMOVE_ORPHANS,1702997693000,1702997695000,2,126.7,,1073741824.0,,,0.001051863669791667,0.001051863669791667,0.0,300.94,
1888,NFCORE_CHIPSEQ:CHIPSEQ:PRESEQ_LCEXTRAP,1702997620000,1702997711000,2,100.4,,1073741824.0,,,0.03854419666319445,0.03854419666319445,0.0,300.94,
1906,NFCORE_CHIPSEQ:CHIPSEQ:MARK_DUPLICATES_PICARD:BAM_STATS_SAMTOOLS:SAMTOOLS_STATS,1702997674000,1702997711000,2,130.3,,1073741824.0,,,0.019977941084895836,0.019977941084895836,0.0,300.94,
1908,NFCORE_CHIPSEQ:CHIPSEQ:MARK_DUPLICATES_PICARD:BAM_STATS_SAMTOOLS:SAMTOOLS_IDXSTATS,1702997715000,1702997715000,2,106.0,,1073741824.0,,,0.0,0.0,0.0,300.94,
1914,NFCORE_CHIPSEQ:CHIPSEQ:MARK_DUPLICATES_PICARD:BAM_STATS_SAMTOOLS:SAMTOOLS_STATS,1702997672000,1702997711000,2,130.3,,1073741824.0,,,0.021057829792187503,0.021057829792187503,0.0,300.94,
1925,NFCORE_CHIPSEQ:CHIPSEQ:MARK_DUPLICATES_PICARD:BAM_STATS_SAMTOOLS:SAMTOOLS_IDXSTATS,1702997714000,1702997714000,2,79.0,,1073741824.0,,,0.0,0.0,0.0,300.94,
1923,NFCORE_CHIPSEQ:CHIPSEQ:MARK_DUPLICATES_PICARD:BAM_STATS_SAMTOOLS:SAMTOOLS_FLAGSTAT,1702997700000,1702997711000,2,140.8,,1073741824.0,,,0.0063889561999999995,0.0063889561999999995,0.0,300.94,
1930,NFCORE_CHIPSEQ:CHIPSEQ:MARK_DUPLICATES_PICARD:BAM_STATS_SAMTOOLS:SAMTOOLS_STATS,1702997678000,1702997711000,2,131.1,,1073741824.0,,,0.017920922141145833,0.017920922141145833,0.0,300.94,
1896,NFCORE_CHIPSEQ:CHIPSEQ:PRESEQ_LCEXTRAP,1702997616000,1702997716000,2,100.5,,1073741824.0,,,0.04239518373263888,0.04239518373263888,0.0,300.94,
1911,NFCORE_CHIPSEQ:CHIPSEQ:MARK_DUPLICATES_PICARD:BAM_STATS_SAMTOOLS:SAMTOOLS_FLAGSTAT,1702997715000,1702997721000,2,146.4,,1073741824.0,,,0.0036156687083333332,0.0036156687083333332,0.0,300.94,
1938,NFCORE_CHIPSEQ:CHIPSEQ:MARK_DUPLICATES_PICARD:BAM_STATS_SAMTOOLS:SAMTOOLS_STATS,1702997698000,1702997732000,2,131.2,,1073741824.0,,,0.01847721443333333,0.01847721443333333,0.0,300.94,
1901,NFCORE_CHIPSEQ:CHIPSEQ:PRESEQ_LCEXTRAP,1702997625000,1702997736000,2,100.4,,1073741824.0,,,0.04701544867708334,0.04701544867708334,0.0,300.94,
1924,NFCORE_CHIPSEQ:CHIPSEQ:MARK_DUPLICATES_PICARD:BAM_STATS_SAMTOOLS:SAMTOOLS_STATS,1702997714000,1702997741000,2,131.3,,1073741824.0,,,0.014683591439062503,0.014683591439062503,0.0,300.94,
1892,NFCORE_CHIPSEQ:CHIPSEQ:FILTER_BAM_BAMTOOLS:BAM_FILTER,1702997584000,1702997747000,2,136.4,,1073741824.0,,,0.09188110947569444,0.09188110947569444,0.0,300.94,
1909,NFCORE_CHIPSEQ:CHIPSEQ:MARK_DUPLICATES_PICARD:BAM_STATS_SAMTOOLS:SAMTOOLS_STATS,1702997717000,1702997747000,2,132.1,,1073741824.0,,,0.016408518390624998,0.016408518390624998,0.0,300.94,
1946,NFCORE_CHIPSEQ:CHIPSEQ:FILTER_BAM_BAMTOOLS:BAM_REMOVE_ORPHANS,1702997752000,1702997757000,2,57.5,,1073741824.0,,,0.001282900427951389,0.001282900427951389,0.0,300.94,
1852,NFCORE_CHIPSEQ:CHIPSEQ:FILTER_BAM_BAMTOOLS:BAM_SORT_SAMTOOLS:SAMTOOLS_SORT,1702997735000,1702997761000,5,439.4,,6309281792.0,,,0.04947424995026042,0.04947424995026042,0.0,300.94,
1941,NFCORE_CHIPSEQ:CHIPSEQ:FILTER_BAM_BAMTOOLS:BAM_SORT_SAMTOOLS:SAMTOOLS_SORT,1702997739000,1702997761000,5,439.6,,6309281792.0,,,0.04187995329279514,0.04187995329279514,0.0,300.94,
1927,NFCORE_CHIPSEQ:CHIPSEQ:PRESEQ_LCEXTRAP,1702997699000,1702997770000,2,100.3,,1073741824.0,,,0.030045308848437497,0.030045308848437497,0.0,300.94,
1905,NFCORE_CHIPSEQ:CHIPSEQ:FILTER_BAM_BAMTOOLS:BAM_FILTER,1702997624000,1702997776000,2,137.1,,1073741824.0,,,0.08609469158194444,0.08609469158194444,0.0,300.94,
1952,NFCORE_CHIPSEQ:CHIPSEQ:FILTER_BAM_BAMTOOLS:BAM_SORT_SAMTOOLS:SAMTOOLS_INDEX,1702997767000,1702997777000,2,149.9,,1073741824.0,,,0.006162347335069445,0.006162347335069445,0.0,300.94,
1918,NFCORE_CHIPSEQ:CHIPSEQ:PRESEQ_LCEXTRAP,1702997690000,1702997780000,2,100.5,,1073741824.0,,,0.038155665359375,0.038155665359375,0.0,300.94,
1954,NFCORE_CHIPSEQ:CHIPSEQ:FILTER_BAM_BAMTOOLS:BAM_REMOVE_ORPHANS,1702997779000,1702997780000,2,55.2,,1073741824.0,,,0.0002476276430555556,0.0002476276430555556,0.0,300.94,
1957,NFCORE_CHIPSEQ:CHIPSEQ:FILTER_BAM_BAMTOOLS:BAM_SORT_SAMTOOLS:BAM_STATS_SAMTOOLS:SAMTOOLS_IDXSTATS,1702997779000,1702997781000,1,7.7,,1073741824.0,,,0.0001254804857638889,0.0001254804857638889,0.0,300.94,
1913,NFCORE_CHIPSEQ:CHIPSEQ:FILTER_BAM_BAMTOOLS:BAM_FILTER,1702997629000,1702997783000,2,137.3,,1073741824.0,,,0.08734740135381945,0.08734740135381945,0.0,300.94,
1492,NFCORE_CHIPSEQ:CHIPSEQ:PHANTOMPEAKQUALTOOLS,1702996333000,1702997788000,1,14.0,,4294967296.0,,,0.2700032112604167,0.2700032112604167,0.0,300.94,
1703,NFCORE_CHIPSEQ:CHIPSEQ:PHANTOMPEAKQUALTOOLS,1702997013000,1702997790000,1,17.1,,4294967296.0,,,0.15356282464322918,0.15356282464322918,0.0,300.94,
1898,NFCORE_CHIPSEQ:CHIPSEQ:PRESEQ_LCEXTRAP,1702997717000,1702997790000,2,100.5,,1073741824.0,,,0.03094848412482639,0.03094848412482639,0.0,300.94,
1910,NFCORE_CHIPSEQ:CHIPSEQ:FILTER_BAM_BAMTOOLS:BAM_FILTER,1702997649000,1702997788000,2,136.6,,1073741824.0,,,0.07846081034270833,0.07846081034270833,0.0,300.94,
1916,NFCORE_CHIPSEQ:CHIPSEQ:PRESEQ_LCEXTRAP,1702997714000,1702997787000,2,100.4,,1073741824.0,,,0.030920069850694443,0.030920069850694443,0.0,300.94,
1948,NFCORE_CHIPSEQ:CHIPSEQ:FILTER_BAM_BAMTOOLS:BAM_SORT_SAMTOOLS:SAMTOOLS_INDEX,1702997783000,1702997791000,2,159.2,,1073741824.0,,,0.005219469922222222,0.005219469922222222,0.0,300.94,
1955,NFCORE_CHIPSEQ:CHIPSEQ:FILTER_BAM_BAMTOOLS:BAM_SORT_SAMTOOLS:BAM_STATS_SAMTOOLS:SAMTOOLS_FLAGSTAT,1702997780000,1702997790000,2,146.6,,1073741824.0,,,0.006033899246527778,0.006033899246527778,0.0,300.94,
1959,NFCORE_CHIPSEQ:CHIPSEQ:FILTER_BAM_BAMTOOLS:BAM_REMOVE_ORPHANS,1702997790000,1702997791000,2,46.4,,1073741824.0,,,0.00021337481944444446,0.00021337481944444446,0.0,300.94,
1756,NFCORE_CHIPSEQ:CHIPSEQ:FILTER_BAM_BAMTOOLS:BAM_SORT_SAMTOOLS:SAMTOOLS_SORT,1702997764000,1702997791000,5,381.7,,6309281792.0,,,0.04531318822851562,0.04531318822851562,0.0,300.94,
1945,NFCORE_CHIPSEQ:CHIPSEQ:FILTER_BAM_BAMTOOLS:BAM_SORT_SAMTOOLS:SAMTOOLS_SORT,1702997764000,1702997792000,5,401.2,,6309281792.0,,,0.04911668646961806,0.04911668646961806,0.0,300.94,
1962,NFCORE_CHIPSEQ:CHIPSEQ:FILTER_BAM_BAMTOOLS:BAM_REMOVE_ORPHANS,1702997793000,1702997795000,2,147.1,,1073741824.0,,,0.001210672215625,0.001210672215625,0.0,300.94,
1965,NFCORE_CHIPSEQ:CHIPSEQ:FILTER_BAM_BAMTOOLS:BAM_SORT_SAMTOOLS:BAM_STATS_SAMTOOLS:SAMTOOLS_IDXSTATS,1702997793000,1702997795000,1,88.3,,1073741824.0,,,0.0007529299364583334,0.0007529299364583334,0.0,300.94,
979,NFCORE_CHIPSEQ:CHIPSEQ:MARK_DUPLICATES_PICARD:PICARD_MARKDUPLICATES,1702997482000,1702997797000,2,106.9,,21180186624.0,,,0.3346818688964844,0.3346818688964844,0.0,300.94,
1963,NFCORE_CHIPSEQ:CHIPSEQ:FILTER_BAM_BAMTOOLS:BAM_SORT_SAMTOOLS:BAM_STATS_SAMTOOLS:SAMTOOLS_FLAGSTAT,1702997793000,1702997806000,2,145.7,,1073741824.0,,,0.007798528334548611,0.007798528334548611,0.0,300.94,
1969,NFCORE_CHIPSEQ:CHIPSEQ:FILTER_BAM_BAMTOOLS:BAM_SORT_SAMTOOLS:SAMTOOLS_INDEX,1702997799000,1702997806000,2,160.4,,1073741824.0,,,0.004599732059027778,0.004599732059027778,0.0,300.94,
1926,NFCORE_CHIPSEQ:CHIPSEQ:FILTER_BAM_BAMTOOLS:BAM_FILTER,1702997661000,1702997811000,2,136.9,,1073741824.0,,,0.08484509570312498,0.08484509570312498,0.0,300.94,
1973,NFCORE_CHIPSEQ:CHIPSEQ:FILTER_BAM_BAMTOOLS:BAM_SORT_SAMTOOLS:SAMTOOLS_INDEX,1702997798000,1702997811000,2,154.9,,1073741824.0,,,0.008264055346354167,0.008264055346354167,0.0,300.94,
1039,NFCORE_CHIPSEQ:CHIPSEQ:MARK_DUPLICATES_PICARD:PICARD_MARKDUPLICATES,1702997587000,1702997811000,2,108.4,,21180186624.0,,,0.23930383074305558,0.23930383074305558,0.0,300.94,
1757,NFCORE_CHIPSEQ:CHIPSEQ:FILTER_BAM_BAMTOOLS:BAM_SORT_SAMTOOLS:SAMTOOLS_SORT,1702997794000,1702997821000,5,385.2,,6309281792.0,,,0.04568101684570312,0.04568101684570312,0.0,300.94,
1940,NFCORE_CHIPSEQ:CHIPSEQ:FILTER_BAM_BAMTOOLS:BAM_FILTER,1702997678000,1702997821000,2,136.9,,1073741824.0,,,0.08088565790364585,0.08088565790364585,0.0,300.94,
1956,NFCORE_CHIPSEQ:CHIPSEQ:FILTER_BAM_BAMTOOLS:BAM_SORT_SAMTOOLS:BAM_STATS_SAMTOOLS:SAMTOOLS_STATS,1702997786000,1702997821000,2,128.8,,1073741824.0,,,0.018693703145833334,0.018693703145833334,0.0,300.94,
1975,NFCORE_CHIPSEQ:CHIPSEQ:MARK_DUPLICATES_PICARD:SAMTOOLS_INDEX,1702997802000,1702997819000,2,127.9,,1073741824.0,,,0.009020245466145833,0.009020245466145833,0.0,300.94,
1978,NFCORE_CHIPSEQ:CHIPSEQ:FILTER_BAM_BAMTOOLS:BAM_SORT_SAMTOOLS:BAM_STATS_SAMTOOLS:SAMTOOLS_IDXSTATS,1702997822000,1702997822000,1,106.7,,1073741824.0,,,0.0,0.0,0.0,300.94,
1981,NFCORE_CHIPSEQ:CHIPSEQ:FILTER_BAM_BAMTOOLS:BAM_REMOVE_ORPHANS,1702997815000,1702997819000,2,1.7,,1073741824.0,,,0.0001575441798611111,0.0001575441798611111,0.0,300.94,
1982,NFCORE_CHIPSEQ:CHIPSEQ:FILTER_BAM_BAMTOOLS:BAM_SORT_SAMTOOLS:BAM_STATS_SAMTOOLS:SAMTOOLS_FLAGSTAT,1702997815000,1702997822000,2,144.6,,1073741824.0,,,0.004169236344097222,0.004169236344097222,0.0,300.94,
1984,NFCORE_CHIPSEQ:CHIPSEQ:FILTER_BAM_BAMTOOLS:BAM_SORT_SAMTOOLS:BAM_STATS_SAMTOOLS:SAMTOOLS_IDXSTATS,1702997822000,1702997822000,1,52.5,,1073741824.0,,,0.0,0.0,0.0,300.94,
1359,NFCORE_CHIPSEQ:CHIPSEQ:FILTER_BAM_BAMTOOLS:BAM_SORT_SAMTOOLS:SAMTOOLS_SORT,1702997795000,1702997824000,5,386.7,,6309281792.0,,,0.0492341138062066,0.0492341138062066,0.0,300.94,
1933,NFCORE_CHIPSEQ:CHIPSEQ:FILTER_BAM_BAMTOOLS:BAM_FILTER,1702997672000,1702997824000,2,137.4,,1073741824.0,,,0.08627218348611111,0.08627218348611111,0.0,300.94,
1990,NFCORE_CHIPSEQ:CHIPSEQ:FILTER_BAM_BAMTOOLS:BAM_REMOVE_ORPHANS,1702997825000,1702997826000,2,3.8,,1073741824.0,,,4.7560014236111115e-05,4.7560014236111115e-05,0.0,300.94,
1994,NFCORE_CHIPSEQ:CHIPSEQ:MARK_DUPLICATES_PICARD:BAM_STATS_SAMTOOLS:SAMTOOLS_IDXSTATS,1702997827000,1702997828000,2,39.1,,1073741824.0,,,0.0001849605453125,0.0001849605453125,0.0,300.94,
1980,NFCORE_CHIPSEQ:CHIPSEQ:FILTER_BAM_BAMTOOLS:BAM_SORT_SAMTOOLS:BAM_STATS_SAMTOOLS:SAMTOOLS_FLAGSTAT,1702997822000,1702997831000,2,152.6,,1073741824.0,,,0.005640697103125001,0.005640697103125001,0.0,300.94,
2000,NFCORE_CHIPSEQ:CHIPSEQ:FILTER_BAM_BAMTOOLS:BAM_REMOVE_ORPHANS,1702997831000,1702997831000,2,112.9,,1073741824.0,,,0.0,0.0,0.0,300.94,
1964,NFCORE_CHIPSEQ:CHIPSEQ:FILTER_BAM_BAMTOOLS:BAM_SORT_SAMTOOLS:BAM_STATS_SAMTOOLS:SAMTOOLS_STATS,1702997794000,1702997836000,2,129.2,,1073741824.0,,,0.022497835529166666,0.022497835529166666,0.0,300.94,
1985,NFCORE_CHIPSEQ:CHIPSEQ:MARK_DUPLICATES_PICARD:SAMTOOLS_INDEX,1702997825000,1702997836000,2,154.2,,1073741824.0,,,0.006962690995486111,0.006962690995486111,0.0,300.94,
1988,NFCORE_CHIPSEQ:CHIPSEQ:FILTER_BAM_BAMTOOLS:BAM_SORT_SAMTOOLS:SAMTOOLS_INDEX,1702997825000,1702997836000,2,153.4,,1073741824.0,,,0.006928438171874999,0.006928438171874999,0.0,300.94,
1997,NFCORE_CHIPSEQ:CHIPSEQ:FILTER_BAM_BAMTOOLS:BAM_SORT_SAMTOOLS:SAMTOOLS_INDEX,1702997827000,1702997836000,2,153.8,,1073741824.0,,,0.005682734659375,0.005682734659375,0.0,300.94,
1026,NFCORE_CHIPSEQ:CHIPSEQ:MARK_DUPLICATES_PICARD:PICARD_MARKDUPLICATES,1702997588000,1702997835000,2,107.9,,21180186624.0,,,0.2633944989806858,0.2633944989806858,0.0,300.94,
1992,NFCORE_CHIPSEQ:CHIPSEQ:MARK_DUPLICATES_PICARD:BAM_STATS_SAMTOOLS:SAMTOOLS_FLAGSTAT,1702997827000,1702997840000,2,139.4,,1073741824.0,,,0.0074797435329861115,0.0074797435329861115,0.0,300.94,
2017,NFCORE_CHIPSEQ:CHIPSEQ:MARK_DUPLICATES_PICARD:SAMTOOLS_INDEX,1702997843000,1702997857000,2,142.7,,1073741824.0,,,0.008234935744097222,0.008234935744097222,0.0,300.94,
1953,NFCORE_CHIPSEQ:CHIPSEQ:PICARD_COLLECTMULTIPLEMETRICS,1702997777000,1702997871000,2,108.1,,2573205504.0,,,0.04693375339392362,0.04693375339392362,0.0,300.94,
1979,NFCORE_CHIPSEQ:CHIPSEQ:FILTER_BAM_BAMTOOLS:BAM_SORT_SAMTOOLS:BAM_STATS_SAMTOOLS:SAMTOOLS_STATS,1702997840000,1702997875000,2,129.3,,1073741824.0,,,0.01876181955642361,0.01876181955642361,0.0,300.94,
1983,NFCORE_CHIPSEQ:CHIPSEQ:FILTER_BAM_BAMTOOLS:BAM_SORT_SAMTOOLS:BAM_STATS_SAMTOOLS:SAMTOOLS_STATS,1702997840000,1702997875000,2,128.7,,1073741824.0,,,0.018680079863715275,0.018680079863715275,0.0,300.94,
1020,NFCORE_CHIPSEQ:CHIPSEQ:MARK_DUPLICATES_PICARD:PICARD_MARKDUPLICATES,1702997604000,1702997875000,2,106.6,,21180186624.0,,,0.28761620608155386,0.28761620608155386,0.0,300.94,
1993,NFCORE_CHIPSEQ:CHIPSEQ:MARK_DUPLICATES_PICARD:BAM_STATS_SAMTOOLS:SAMTOOLS_STATS,1702997839000,1702997887000,2,132.8,,1073741824.0,,,0.026384412933333337,0.026384412933333337,0.0,300.94,
2015,NFCORE_CHIPSEQ:CHIPSEQ:FILTER_BAM_BAMTOOLS:BAM_SORT_SAMTOOLS:BAM_STATS_SAMTOOLS:SAMTOOLS_FLAGSTAT,1702997877000,1702997886000,2,154.4,,1073741824.0,,,0.005703753437500001,0.005703753437500001,0.0,300.94,
2022,NFCORE_CHIPSEQ:CHIPSEQ:MARK_DUPLICATES_PICARD:SAMTOOLS_INDEX,1702997878000,1702997886000,2,163.7,,1073741824.0,,,0.005359595109722223,0.005359595109722223,0.0,300.94,
965,NFCORE_CHIPSEQ:CHIPSEQ:MARK_DUPLICATES_PICARD:PICARD_MARKDUPLICATES,1702997549000,1702997889000,2,106.7,,21180186624.0,,,0.3609792410737847,0.3609792410737847,0.0,300.94,
985,NFCORE_CHIPSEQ:CHIPSEQ:MARK_DUPLICATES_PICARD:PICARD_MARKDUPLICATES,1702997555000,1702997887000,2,106.8,,21180186624.0,,,0.35261483843385416,0.35261483843385416,0.0,300.94,
2014,NFCORE_CHIPSEQ:CHIPSEQ:FILTER_BAM_BAMTOOLS:BAM_SORT_SAMTOOLS:BAM_STATS_SAMTOOLS:SAMTOOLS_IDXSTATS,1702997890000,1702997891000,1,94.8,,1073741824.0,,,0.0004017653493055555,0.0004017653493055555,0.0,300.94,
2009,NFCORE_CHIPSEQ:CHIPSEQ:FILTER_BAM_BAMTOOLS:BAM_SORT_SAMTOOLS:BAM_STATS_SAMTOOLS:SAMTOOLS_IDXSTATS,1702997894000,1702997895000,1,84.7,,1073741824.0,,,0.0003624524494791667,0.0003624524494791667,0.0,300.94,
2008,NFCORE_CHIPSEQ:CHIPSEQ:FILTER_BAM_BAMTOOLS:BAM_SORT_SAMTOOLS:BAM_STATS_SAMTOOLS:SAMTOOLS_FLAGSTAT,1702997890000,1702997897000,2,149.2,,1073741824.0,,,0.004294570539583333,0.004294570539583333,0.0,300.94,
1950,NFCORE_CHIPSEQ:CHIPSEQ:PICARD_COLLECTMULTIPLEMETRICS,1702997783000,1702997900000,2,105.3,,2573205504.0,,,0.05714240491171875,0.05714240491171875,0.0,300.94,
1970,NFCORE_CHIPSEQ:CHIPSEQ:PICARD_COLLECTMULTIPLEMETRICS,1702997809000,1702997907000,2,113.6,,2573205504.0,,,0.05102891983559027,0.05102891983559027,0.0,300.94,
1972,NFCORE_CHIPSEQ:CHIPSEQ:PICARD_COLLECTMULTIPLEMETRICS,1702997809000,1702997907000,2,116.3,,2573205504.0,,,0.052058839963715284,0.052058839963715284,0.0,300.94,
1036,NFCORE_CHIPSEQ:CHIPSEQ:MARK_DUPLICATES_PICARD:PICARD_MARKDUPLICATES,1702997660000,1702997907000,2,107.5,,21180186624.0,,,0.26300993318832466,0.26300993318832466,0.0,300.94,
2028,NFCORE_CHIPSEQ:CHIPSEQ:MARK_DUPLICATES_PICARD:BAM_STATS_SAMTOOLS:SAMTOOLS_FLAGSTAT,1702997903000,1702997912000,2,151.0,,1073741824.0,,,0.005584647028125001,0.005584647028125001,0.0,300.94,
1021,NFCORE_CHIPSEQ:CHIPSEQ:MARK_DUPLICATES_PICARD:PICARD_MARKDUPLICATES,1702997649000,1702997911000,2,107.4,,21180186624.0,,,0.2788802163398438,0.2788802163398438,0.0,300.94,
1699,NFCORE_CHIPSEQ:CHIPSEQ:PHANTOMPEAKQUALTOOLS,1702997214000,1702997914000,1,18.6,,4294967296.0,,,0.1424318717013889,0.1424318717013889,0.0,300.94,
1989,NFCORE_CHIPSEQ:CHIPSEQ:PICARD_COLLECTMULTIPLEMETRICS,1702997824000,1702997922000,2,115.5,,2573205504.0,,,0.05175367844427083,0.05175367844427083,0.0,300.94,
1986,NFCORE_CHIPSEQ:CHIPSEQ:PRESEQ_LCEXTRAP,1702997840000,1702997926000,2,101.2,,1073741824.0,,,0.036694178462500004,0.036694178462500004,0.0,300.94,
2030,NFCORE_CHIPSEQ:CHIPSEQ:MARK_DUPLICATES_PICARD:SAMTOOLS_INDEX,1702997911000,1702997926000,2,152.3,,1073741824.0,,,0.009383646190104167,0.009383646190104167,0.0,300.94,
2031,NFCORE_CHIPSEQ:CHIPSEQ:MARK_DUPLICATES_PICARD:SAMTOOLS_INDEX,1702997914000,1702997926000,2,159.7,,1073741824.0,,,0.00785255908125,0.00785255908125,0.0,300.94,
2034,NFCORE_CHIPSEQ:CHIPSEQ:MARK_DUPLICATES_PICARD:SAMTOOLS_INDEX,1702997914000,1702997926000,2,153.3,,1073741824.0,,,0.007553625347916666,0.007553625347916666,0.0,300.94,
1007,NFCORE_CHIPSEQ:CHIPSEQ:MARK_DUPLICATES_PICARD:PICARD_MARKDUPLICATES,1702997634000,1702997926000,2,107.3,,21180186624.0,,,0.3106994084425347,0.3106994084425347,0.0,300.94,
1976,NFCORE_CHIPSEQ:CHIPSEQ:PRESEQ_LCEXTRAP,1702997801000,1702997929000,2,101.9,,1073741824.0,,,0.05496334722222223,0.05496334722222223,0.0,300.94,
2027,NFCORE_CHIPSEQ:CHIPSEQ:MARK_DUPLICATES_PICARD:BAM_STATS_SAMTOOLS:SAMTOOLS_IDXSTATS,1702997930000,1702997931000,2,80.0,,1073741824.0,,,0.0003441583277777778,0.0003441583277777778,0.0,300.94,
1998,NFCORE_CHIPSEQ:CHIPSEQ:PICARD_COLLECTMULTIPLEMETRICS,1702997834000,1702997942000,2,112.9,,2573205504.0,,,0.055941689578125,0.055941689578125,0.0,300.94,
2036,NFCORE_CHIPSEQ:CHIPSEQ:MARK_DUPLICATES_PICARD:SAMTOOLS_INDEX,1702997929000,1702997942000,2,151.6,,1073741824.0,,,0.00809707283125,0.00809707283125,0.0,300.94,
2052,NFCORE_CHIPSEQ:CHIPSEQ:MARK_DUPLICATES_PICARD:SAMTOOLS_INDEX,1702997935000,1702997945000,2,157.0,,1073741824.0,,,0.006438705343750001,0.006438705343750001,0.0,300.94,
2040,NFCORE_CHIPSEQ:CHIPSEQ:MARK_DUPLICATES_PICARD:BAM_STATS_SAMTOOLS:SAMTOOLS_FLAGSTAT,1702997946000,1702997961000,2,149.1,,1073741824.0,,,0.009196812606770834,0.009196812606770834,0.0,300.94,
2026,NFCORE_CHIPSEQ:CHIPSEQ:MARK_DUPLICATES_PICARD:BAM_STATS_SAMTOOLS:SAMTOOLS_STATS,1702997930000,1702997966000,2,132.5,,1073741824.0,,,0.019746272143750004,0.019746272143750004,0.0,300.94,
2023,NFCORE_CHIPSEQ:CHIPSEQ:PRESEQ_LCEXTRAP,1702997889000,1702997991000,2,101.5,,1073741824.0,,,0.043640108771874984,0.043640108771874984,0.0,300.94,
2005,NFCORE_CHIPSEQ:CHIPSEQ:FILTER_BAM_BAMTOOLS:BAM_FILTER,1702997860000,1702998000000,2,136.8,,1073741824.0,,,0.08320141792083334,0.08320141792083334,0.0,305.14,
2021,NFCORE_CHIPSEQ:CHIPSEQ:FILTER_BAM_BAMTOOLS:BAM_FILTER,1702997874000,1702998000000,2,137.3,,1073741824.0,,,0.0901227806920139,0.0901227806920139,0.0,305.14,
2042,NFCORE_CHIPSEQ:CHIPSEQ:MARK_DUPLICATES_PICARD:BAM_STATS_SAMTOOLS:SAMTOOLS_STATS,1702997994000,1702998000000,2,131.8,,1073741824.0,,,0.026276398134375,0.026276398134375,0.0,305.14,
1991,NFCORE_CHIPSEQ:CHIPSEQ:FILTER_BAM_BAMTOOLS:BAM_FILTER,1702997826000,1702998000000,2,136.1,,1073741824.0,,,0.12389845855364583,0.12389845855364583,0.0,305.14,
2032,NFCORE_CHIPSEQ:CHIPSEQ:PRESEQ_LCEXTRAP,1702997930000,1702998000000,2,101.5,,1073741824.0,,,0.05281798821979165,0.05281798821979165,0.0,305.14,
2029,NFCORE_CHIPSEQ:CHIPSEQ:PRESEQ_LCEXTRAP,1702997930000,1702998000000,2,101.4,,1073741824.0,,,0.05496686799826389,0.05496686799826389,0.0,305.14,
2025,NFCORE_CHIPSEQ:CHIPSEQ:FILTER_BAM_BAMTOOLS:BAM_FILTER,1702997901000,1702998000000,2,137.6,,1073741824.0,,,0.09482621958333334,0.09482621958333334,0.0,305.14,
1024,NFCORE_CHIPSEQ:CHIPSEQ:MARK_DUPLICATES_PICARD:PICARD_MARKDUPLICATES,1702997814000,1702998000000,2,107.9,,21180186624.0,,,0.2805561334394531,0.2805561334394531,0.0,305.14,
1966,NFCORE_CHIPSEQ:CHIPSEQ:BEDTOOLS_GENOMECOV,1702997794000,1702998000000,2,122.4,,4567597056.0,,,0.1857293653265625,0.1857293653265625,0.0,305.14,
2012,NFCORE_CHIPSEQ:CHIPSEQ:MACS2_CALLPEAK,1702997890000,1702998000000,1,98.4,,1892679680.0,,,0.0942452125578559,0.0942452125578559,0.0,305.14,
1022,NFCORE_CHIPSEQ:CHIPSEQ:MARK_DUPLICATES_PICARD:PICARD_MARKDUPLICATES,1702997838000,1702998000000,2,108.3,,21180186624.0,,,0.28826760486679687,0.28826760486679687,0.0,305.14,
2050,NFCORE_CHIPSEQ:CHIPSEQ:FILTER_BAM_BAMTOOLS:BAM_FILTER,1702997969000,1702998000000,2,137.7,,1073741824.0,,,0.07901660534097221,0.07901660534097221,0.0,305.14,
2054,NFCORE_CHIPSEQ:CHIPSEQ:FILTER_BAM_BAMTOOLS:BAM_FILTER,1702997948000,1702998000000,2,137.1,,1073741824.0,,,0.09233347226388888,0.09233347226388888,0.0,305.14,
1996,NFCORE_CHIPSEQ:CHIPSEQ:BEDTOOLS_GENOMECOV,1702997826000,1702998000000,2,123.4,,4567597056.0,,,0.18427175581354166,0.18427175581354166,0.0,305.14,
2046,NFCORE_CHIPSEQ:CHIPSEQ:FILTER_BAM_BAMTOOLS:BAM_FILTER,1702997932000,1702998000000,2,135.6,,1073741824.0,,,0.10899420009652777,0.10899420009652777,0.0,305.14,
2058,NFCORE_CHIPSEQ:CHIPSEQ:FILTER_BAM_BAMTOOLS:BAM_FILTER,1702997964000,1702998000000,2,136.5,,1073741824.0,,,0.10206165342552083,0.10206165342552083,0.0,305.14,
1030,NFCORE_CHIPSEQ:CHIPSEQ:MARK_DUPLICATES_PICARD:PICARD_MARKDUPLICATES,1702997891000,1702998000000,2,108.3,,21180186624.0,,,0.2744791032660156,0.2744791032660156,0.0,305.14,
2002,NFCORE_CHIPSEQ:CHIPSEQ:BEDTOOLS_GENOMECOV,1702997835000,1702998000000,2,123.0,,4567597056.0,,,0.2011202048640625,0.2011202048640625,0.0,305.14,
1015,NFCORE_CHIPSEQ:CHIPSEQ:MARK_DUPLICATES_PICARD:PICARD_MARKDUPLICATES,1702997892000,1702998000000,2,107.7,,21180186624.0,,,0.29800606774283855,0.29800606774283855,0.0,305.14,
2033,NFCORE_CHIPSEQ:CHIPSEQ:BEDTOOLS_GENOMECOV,1702997924000,1702998000000,2,122.5,,4567597056.0,,,0.16147948797118056,0.16147948797118056,0.0,305.14,
1977,NFCORE_CHIPSEQ:CHIPSEQ:BEDTOOLS_GENOMECOV,1702997832000,1702998000000,2,122.8,,4567597056.0,,,0.22112279685815972,0.22112279685815972,0.0,305.14,
2041,NFCORE_CHIPSEQ:CHIPSEQ:FILTER_BAM_BAMTOOLS:BAM_FILTER,1702997945000,1702998000000,2,135.8,,1073741824.0,,,0.13820031216006945,0.13820031216006945,0.0,305.14,
981,NFCORE_CHIPSEQ:CHIPSEQ:MARK_DUPLICATES_PICARD:PICARD_MARKDUPLICATES,1702997877000,1702998000000,2,107.0,,21180186624.0,,,0.34487078213641487,0.34487078213641487,0.0,305.14,
1016,NFCORE_CHIPSEQ:CHIPSEQ:MARK_DUPLICATES_PICARD:PICARD_MARKDUPLICATES,1702997911000,1702998000000,2,107.6,,21180186624.0,,,0.3094115272832031,0.3094115272832031,0.0,305.14,
2024,NFCORE_CHIPSEQ:CHIPSEQ:BEDTOOLS_GENOMECOV,1702997911000,1702998000000,2,122.1,,4567597056.0,,,0.19686166923958331,0.19686166923958331,0.0,305.14,
1681,NFCORE_CHIPSEQ:CHIPSEQ:PHANTOMPEAKQUALTOOLS,1702996990000,1702998000000,1,17.3,,4294967296.0,,,0.24751113987690976,0.24751113987690976,0.0,305.14,
1674,NFCORE_CHIPSEQ:CHIPSEQ:PHANTOMPEAKQUALTOOLS,1702996991000,1702998000000,1,16.5,,4294967296.0,,,0.26350656631944447,0.26350656631944447,0.0,305.14,
1678,NFCORE_CHIPSEQ:CHIPSEQ:PHANTOMPEAKQUALTOOLS,1702997003000,1702998000000,1,16.2,,4294967296.0,,,0.26638619663125,0.26638619663125,0.0,305.14,
1730,NFCORE_CHIPSEQ:CHIPSEQ:PHANTOMPEAKQUALTOOLS,1702997009000,1702998000000,1,15.2,,4294967296.0,,,0.2952982730236111,0.2952982730236111,0.0,305.14,
1987,NFCORE_CHIPSEQ:CHIPSEQ:PHANTOMPEAKQUALTOOLS,1702997825000,1702998000000,1,16.9,,4294967296.0,,,0.19653382955625,0.19653382955625,0.0,305.14,
1971,NFCORE_CHIPSEQ:CHIPSEQ:PHANTOMPEAKQUALTOOLS,1702997802000,1702998000000,1,13.9,,4294967296.0,,,0.23577050658958337,0.23577050658958337,0.0,305.14,
1951,NFCORE_CHIPSEQ:CHIPSEQ:PHANTOMPEAKQUALTOOLS,1702997767000,1702998000000,1,13.3,,4294967296.0,,,0.2504735109078125,0.2504735109078125,0.0,305.14,
1968,NFCORE_CHIPSEQ:CHIPSEQ:PHANTOMPEAKQUALTOOLS,1702997798000,1702998000000,1,14.2,,4294967296.0,,,0.26673499074374996,0.26673499074374996,0.0,305.14,
1999,NFCORE_CHIPSEQ:CHIPSEQ:PHANTOMPEAKQUALTOOLS,1702997827000,1702998000000,1,12.8,,4294967296.0,,,0.2797215614,0.2797215614,0.0,305.14,
1949,NFCORE_CHIPSEQ:CHIPSEQ:PHANTOMPEAKQUALTOOLS,1702997767000,1702998000000,1,13.0,,4294967296.0,,,0.297428356190625,0.297428356190625,0.0,305.14,
2039,NFCORE_CHIPSEQ:CHIPSEQ:MARK_DUPLICATES_PICARD:BAM_STATS_SAMTOOLS:SAMTOOLS_IDXSTATS,1702998009000,1702998011000,2,112.3,,1073741824.0,,,0.0009659947072916666,0.0009659947072916666,0.0,309.34,
2061,NFCORE_CHIPSEQ:CHIPSEQ:FILTER_BAM_BAMTOOLS:BAM_REMOVE_ORPHANS,1702998014000,1702998016000,2,62.7,,1073741824.0,,,0.0005690943017361111,0.0005690943017361111,0.0,309.34,
2043,NFCORE_CHIPSEQ:CHIPSEQ:MARK_DUPLICATES_PICARD:BAM_STATS_SAMTOOLS:SAMTOOLS_IDXSTATS,1702998034000,1702998036000,2,76.8,,1073741824.0,,,0.0006819228444444443,0.0006819228444444443,0.0,309.34,
2063,NFCORE_CHIPSEQ:CHIPSEQ:FILTER_BAM_BAMTOOLS:BAM_REMOVE_ORPHANS,1702998039000,1702998040000,2,101.1,,1073741824.0,,,0.0004381860175347221,0.0004381860175347221,0.0,309.34,
2060,NFCORE_CHIPSEQ:CHIPSEQ:MARK_DUPLICATES_PICARD:BAM_STATS_SAMTOOLS:SAMTOOLS_IDXSTATS,1702998044000,1702998045000,2,140.4,,1073741824.0,,,0.0005954257951388889,0.0005954257951388889,0.0,309.34,
2044,NFCORE_CHIPSEQ:CHIPSEQ:MARK_DUPLICATES_PICARD:BAM_STATS_SAMTOOLS:SAMTOOLS_FLAGSTAT,1702998042000,1702998057000,2,152.0,,1073741824.0,,,0.009627563041666665,0.009627563041666665,0.0,309.34,
2057,NFCORE_CHIPSEQ:CHIPSEQ:MARK_DUPLICATES_PICARD:BAM_STATS_SAMTOOLS:SAMTOOLS_FLAGSTAT,1702998048000,1702998057000,2,150.6,,1073741824.0,,,0.005726125071874999,0.005726125071874999,0.0,309.34,
2045,NFCORE_CHIPSEQ:CHIPSEQ:MARK_DUPLICATES_PICARD:BAM_STATS_SAMTOOLS:SAMTOOLS_STATS,1702998019000,1702998060000,2,131.5,,1073741824.0,,,0.02295248826614583,0.02295248826614583,0.0,309.34,
2055,NFCORE_CHIPSEQ:CHIPSEQ:MARK_DUPLICATES_PICARD:BAM_STATS_SAMTOOLS:SAMTOOLS_IDXSTATS,1702998060000,1702998061000,2,83.5,,1073741824.0,,,0.0003677682036458333,0.0003677682036458333,0.0,309.34,
2065,NFCORE_CHIPSEQ:CHIPSEQ:FILTER_BAM_BAMTOOLS:BAM_REMOVE_ORPHANS,1702998060000,1702998060000,2,133.3,,1073741824.0,,,0.0,0.0,0.0,309.34,
2019,NFCORE_CHIPSEQ:CHIPSEQ:MARK_DUPLICATES_PICARD:BAM_STATS_SAMTOOLS:SAMTOOLS_IDXSTATS,1702998064000,1702998065000,2,100.0,,1073741824.0,,,0.00043378490416666666,0.00043378490416666666,0.0,309.34,
2056,NFCORE_CHIPSEQ:CHIPSEQ:MARK_DUPLICATES_PICARD:BAM_STATS_SAMTOOLS:SAMTOOLS_FLAGSTAT,1702998060000,1702998070000,2,150.5,,1073741824.0,,,0.006358360178819444,0.006358360178819444,0.0,309.34,
2018,NFCORE_CHIPSEQ:CHIPSEQ:MARK_DUPLICATES_PICARD:BAM_STATS_SAMTOOLS:SAMTOOLS_FLAGSTAT,1702998068000,1702998076000,2,146.7,,1073741824.0,,,0.00496505737361111,0.00496505737361111,0.0,309.34,
2067,NFCORE_CHIPSEQ:CHIPSEQ:FILTER_BAM_BAMTOOLS:BAM_REMOVE_ORPHANS,1702998079000,1702998079000,2,65.0,,1073741824.0,,,0.0,0.0,0.0,309.34,
2059,NFCORE_CHIPSEQ:CHIPSEQ:MARK_DUPLICATES_PICARD:BAM_STATS_SAMTOOLS:SAMTOOLS_STATS,1702998048000,1702998086000,2,131.4,,1073741824.0,,,0.021257834059027775,0.021257834059027775,0.0,309.34,
2069,NFCORE_CHIPSEQ:CHIPSEQ:MARK_DUPLICATES_PICARD:SAMTOOLS_INDEX,1702998078000,1702998086000,2,154.9,,1073741824.0,,,0.005227523770833334,0.005227523770833334,0.0,309.34,
2071,NFCORE_CHIPSEQ:CHIPSEQ:MARK_DUPLICATES_PICARD:BAM_STATS_SAMTOOLS:SAMTOOLS_IDXSTATS,1702998091000,1702998093000,2,82.1,,1073741824.0,,,0.0007243335732638889,0.0007243335732638889,0.0,309.34,
2053,NFCORE_CHIPSEQ:CHIPSEQ:MARK_DUPLICATES_PICARD:BAM_STATS_SAMTOOLS:SAMTOOLS_STATS,1702998063000,1702998101000,2,130.3,,1073741824.0,,,0.021090591751041665,0.021090591751041665,0.0,309.34,
2072,NFCORE_CHIPSEQ:CHIPSEQ:MARK_DUPLICATES_PICARD:BAM_STATS_SAMTOOLS:SAMTOOLS_FLAGSTAT,1702998096000,1702998104000,2,147.1,,1073741824.0,,,0.004977860612499999,0.004977860612499999,0.0,309.34,
2020,NFCORE_CHIPSEQ:CHIPSEQ:MARK_DUPLICATES_PICARD:BAM_STATS_SAMTOOLS:SAMTOOLS_STATS,1702998069000,1702998104000,2,130.5,,1073741824.0,,,0.01945355211892361,0.01945355211892361,0.0,309.34,
2049,NFCORE_CHIPSEQ:CHIPSEQ:MARK_DUPLICATES_PICARD:BAM_STATS_SAMTOOLS:SAMTOOLS_IDXSTATS,1702998107000,1702998108000,2,57.5,,1073741824.0,,,0.0002637418876736111,0.0002637418876736111,0.0,309.34,
2080,NFCORE_CHIPSEQ:CHIPSEQ:FILTER_BAM_BAMTOOLS:BAM_REMOVE_ORPHANS,1702998111000,1702998117000,2,76.2,,1073741824.0,,,0.002031364889583333,0.002031364889583333,0.0,309.34,
2081,NFCORE_CHIPSEQ:CHIPSEQ:FILTER_BAM_BAMTOOLS:BAM_REMOVE_ORPHANS,1702998111000,1702998117000,2,107.9,,1073741824.0,,,0.0027923574010416665,0.0027923574010416665,0.0,309.34,
2006,NFCORE_CHIPSEQ:CHIPSEQ:MARK_DUPLICATES_PICARD:BAM_STATS_SAMTOOLS:SAMTOOLS_IDXSTATS,1702998120000,1702998121000,2,93.4,,1073741824.0,,,0.00040737822395833334,0.00040737822395833334,0.0,309.34,
2013,NFCORE_CHIPSEQ:CHIPSEQ:FILTER_BAM_BAMTOOLS:BAM_SORT_SAMTOOLS:BAM_STATS_SAMTOOLS:SAMTOOLS_STATS,1702998091000,1702998123000,2,129.1,,1073741824.0,,,0.017606859449999998,0.017606859449999998,0.0,309.34,
2047,NFCORE_CHIPSEQ:CHIPSEQ:MARK_DUPLICATES_PICARD:BAM_STATS_SAMTOOLS:SAMTOOLS_FLAGSTAT,1702998105000,1702998119000,2,147.9,,1073741824.0,,,0.008756067407986111,0.008756067407986111,0.0,309.34,
2078,NFCORE_CHIPSEQ:CHIPSEQ:MARK_DUPLICATES_PICARD:SAMTOOLS_INDEX,1702998108000,1702998120000,2,157.5,,1073741824.0,,,0.007966117235416667,0.007966117235416667,0.0,309.34,
2007,NFCORE_CHIPSEQ:CHIPSEQ:MARK_DUPLICATES_PICARD:BAM_STATS_SAMTOOLS:SAMTOOLS_FLAGSTAT,1702998123000,1702998131000,2,146.1,,1073741824.0,,,0.004945852515277778,0.004945852515277778,0.0,309.34,
2085,NFCORE_CHIPSEQ:CHIPSEQ:FILTER_BAM_BAMTOOLS:BAM_REMOVE_ORPHANS,1702998126000,1702998131000,2,1.4,,1073741824.0,,,0.0001964255295138889,0.0001964255295138889,0.0,309.34,
2048,NFCORE_CHIPSEQ:CHIPSEQ:MARK_DUPLICATES_PICARD:BAM_STATS_SAMTOOLS:SAMTOOLS_STATS,1702998107000,1702998141000,2,129.9,,1073741824.0,,,0.01881611569618056,0.01881611569618056,0.0,309.34,
2073,NFCORE_CHIPSEQ:CHIPSEQ:MARK_DUPLICATES_PICARD:BAM_STATS_SAMTOOLS:SAMTOOLS_STATS,1702998105000,1702998141000,2,130.7,,1073741824.0,,,0.02003817518125,0.02003817518125,0.0,309.34,
2088,NFCORE_CHIPSEQ:CHIPSEQ:MARK_DUPLICATES_PICARD:BAM_STATS_SAMTOOLS:SAMTOOLS_IDXSTATS,1702998144000,1702998144000,2,92.1,,1073741824.0,,,0.0,0.0,0.0,309.34,
2010,NFCORE_CHIPSEQ:CHIPSEQ:FILTER_BAM_BAMTOOLS:BAM_SORT_SAMTOOLS:BAM_STATS_SAMTOOLS:SAMTOOLS_STATS,1702998124000,1702998153000,2,127.7,,1073741824.0,,,0.01579377528315972,0.01579377528315972,0.0,309.34,
2004,NFCORE_CHIPSEQ:CHIPSEQ:MARK_DUPLICATES_PICARD:BAM_STATS_SAMTOOLS:SAMTOOLS_STATS,1702998123000,1702998156000,2,129.0,,1073741824.0,,,0.018143870467708333,0.018143870467708333,0.0,309.34,
2075,NFCORE_CHIPSEQ:CHIPSEQ:UCSC_BEDGRAPHTOBIGWIG,1702998095000,1702998157000,1,100.3,,1073741824.0,,,0.026969082884375,0.026969082884375,0.0,309.34,
2086,NFCORE_CHIPSEQ:CHIPSEQ:MARK_DUPLICATES_PICARD:BAM_STATS_SAMTOOLS:SAMTOOLS_FLAGSTAT,1702998147000,1702998156000,2,148.9,,1073741824.0,,,0.005664909585937502,0.005664909585937502,0.0,309.34,
2091,NFCORE_CHIPSEQ:CHIPSEQ:FILTER_BAM_BAMTOOLS:BAM_REMOVE_ORPHANS,1702998147000,1702998156000,2,107.9,,1073741824.0,,,0.0041885361015625,0.0041885361015625,0.0,309.34,
2037,NFCORE_CHIPSEQ:CHIPSEQ:PRESEQ_LCEXTRAP,1702998063000,1702998159000,2,100.4,,1073741824.0,,,0.041796989666666666,0.041796989666666666,0.0,309.34,
2051,NFCORE_CHIPSEQ:CHIPSEQ:PRESEQ_LCEXTRAP,1702998055000,1702998160000,2,100.5,,1073741824.0,,,0.04575746807552083,0.04575746807552083,0.0,309.34,
2016,NFCORE_CHIPSEQ:CHIPSEQ:PRESEQ_LCEXTRAP,1702998072000,1702998167000,2,100.5,,1073741824.0,,,0.04139961397309028,0.04139961397309028,0.0,309.34,
2092,NFCORE_CHIPSEQ:CHIPSEQ:MARK_DUPLICATES_PICARD:SAMTOOLS_INDEX,1702998159000,1702998169000,2,154.9,,1073741824.0,,,0.006534404713541668,0.006534404713541668,0.0,309.34,
2066,NFCORE_CHIPSEQ:CHIPSEQ:FILTER_BAM_BAMTOOLS:BAM_SORT_SAMTOOLS:SAMTOOLS_SORT,1702998155000,1702998181000,5,421.5,,6309281792.0,,,0.048993130909982634,0.048993130909982634,0.0,309.34,
2068,NFCORE_CHIPSEQ:CHIPSEQ:PRESEQ_LCEXTRAP,1702998082000,1702998181000,2,100.4,,1073741824.0,,,0.04310314559375,0.04310314559375,0.0,309.34,
2082,NFCORE_CHIPSEQ:CHIPSEQ:FILTER_BAM_BAMTOOLS:BAM_SORT_SAMTOOLS:SAMTOOLS_SORT,1702998170000,1702998185000,5,397.0,,6309281792.0,,,0.02679489586653646,0.02679489586653646,0.0,309.34,
2083,NFCORE_CHIPSEQ:CHIPSEQ:FILTER_BAM_BAMTOOLS:BAM_SORT_SAMTOOLS:SAMTOOLS_SORT,1702998159000,1702998185000,5,432.7,,6309281792.0,,,0.05015822564887152,0.05015822564887152,0.0,309.34,
2087,NFCORE_CHIPSEQ:CHIPSEQ:MARK_DUPLICATES_PICARD:BAM_STATS_SAMTOOLS:SAMTOOLS_STATS,1702998144000,1702998185000,2,131.2,,1073741824.0,,,0.022903275816666662,0.022903275816666662,0.0,309.34,
2099,NFCORE_CHIPSEQ:CHIPSEQ:MARK_DUPLICATES_PICARD:BAM_STATS_SAMTOOLS:SAMTOOLS_IDXSTATS,1702998187000,1702998189000,2,67.7,,1073741824.0,,,0.0006091044232638889,0.0006091044232638889,0.0,309.34,
2084,NFCORE_CHIPSEQ:CHIPSEQ:UCSC_BEDGRAPHTOBIGWIG,1702998134000,1702998197000,1,98.9,,1073741824.0,,,0.0270511788203125,0.0270511788203125,0.0,309.34,
2097,NFCORE_CHIPSEQ:CHIPSEQ:MARK_DUPLICATES_PICARD:SAMTOOLS_INDEX,1702998183000,1702998196000,2,155.2,,1073741824.0,,,0.008510330075,0.008510330075,0.0,309.34,
2102,NFCORE_CHIPSEQ:CHIPSEQ:MARK_DUPLICATES_PICARD:BAM_STATS_SAMTOOLS:SAMTOOLS_FLAGSTAT,1702998187000,1702998198000,2,145.8,,1073741824.0,,,0.006787343868402778,0.006787343868402778,0.0,309.34,
2108,NFCORE_CHIPSEQ:CHIPSEQ:FILTER_BAM_BAMTOOLS:BAM_REMOVE_ORPHANS,1702998192000,1702998198000,2,82.1,,1073741824.0,,,0.0021730007197916664,0.0021730007197916664,0.0,309.34,
2035,NFCORE_CHIPSEQ:CHIPSEQ:PRESEQ_LCEXTRAP,1702998120000,1702998213000,2,100.5,,1073741824.0,,,0.04052804315260417,0.04052804315260417,0.0,309.34,
2077,NFCORE_CHIPSEQ:CHIPSEQ:FRIP_SCORE,1702998126000,1702998212000,2,129.1,,1073741824.0,,,0.047318434771874994,0.047318434771874994,0.0,309.34,
2106,NFCORE_CHIPSEQ:CHIPSEQ:FILTER_BAM_BAMTOOLS:BAM_SORT_SAMTOOLS:SAMTOOLS_INDEX,1702998200000,1702998212000,2,146.5,,1073741824.0,,,0.007437983631249999,0.007437983631249999,0.0,309.34,
2112,NFCORE_CHIPSEQ:CHIPSEQ:FILTER_BAM_BAMTOOLS:BAM_SORT_SAMTOOLS:SAMTOOLS_INDEX,1702998201000,1702998212000,2,143.9,,1073741824.0,,,0.006703722714409722,0.006703722714409722,0.0,309.34,
1163,NFCORE_CHIPSEQ:CHIPSEQ:FILTER_BAM_BAMTOOLS:BAM_SORT_SAMTOOLS:SAMTOOLS_SORT,1702998185000,1702998215000,5,410.7,,6309281792.0,,,0.055234207727864575,0.055234207727864575,0.0,309.34,
2126,NFCORE_CHIPSEQ:CHIPSEQ:FILTER_BAM_BAMTOOLS:BAM_SORT_SAMTOOLS:BAM_STATS_SAMTOOLS:SAMTOOLS_IDXSTATS,1702998216000,1702998216000,1,85.3,,1073741824.0,,,0.0,0.0,0.0,309.34,
2109,NFCORE_CHIPSEQ:CHIPSEQ:FILTER_BAM_BAMTOOLS:BAM_SORT_SAMTOOLS:SAMTOOLS_INDEX,1702998216000,1702998221000,2,157.0,,1073741824.0,,,0.003309212984375,0.003309212984375,0.0,309.34,
2124,NFCORE_CHIPSEQ:CHIPSEQ:MARK_DUPLICATES_PICARD:SAMTOOLS_INDEX,1702998215000,1702998225000,2,152.9,,1073741824.0,,,0.0064543844704861115,0.0064543844704861115,0.0,309.34,
2127,NFCORE_CHIPSEQ:CHIPSEQ:FILTER_BAM_BAMTOOLS:BAM_SORT_SAMTOOLS:BAM_STATS_SAMTOOLS:SAMTOOLS_FLAGSTAT,1702998216000,1702998225000,2,141.4,,1073741824.0,,,0.005394841265625,0.005394841265625,0.0,309.34,
1478,NFCORE_CHIPSEQ:CHIPSEQ:FILTER_BAM_BAMTOOLS:BAM_SORT_SAMTOOLS:SAMTOOLS_SORT,1702998187000,1702998221000,5,390.9,,6309281792.0,,,0.05990528737699651,0.05990528737699651,0.0,309.34,
1481,NFCORE_CHIPSEQ:CHIPSEQ:FILTER_BAM_BAMTOOLS:BAM_SORT_SAMTOOLS:SAMTOOLS_SORT,1702998187000,1702998221000,5,391.0,,6309281792.0,,,0.059918890818315966,0.059918890818315966,0.0,309.34,
2100,NFCORE_CHIPSEQ:CHIPSEQ:MARK_DUPLICATES_PICARD:BAM_STATS_SAMTOOLS:SAMTOOLS_STATS,1702998185000,1702998225000,2,129.5,,1073741824.0,,,0.022072590506944448,0.022072590506944448,0.0,309.34,
2121,NFCORE_CHIPSEQ:CHIPSEQ:MARK_DUPLICATES_PICARD:SAMTOOLS_INDEX,1702998215000,1702998227000,2,150.5,,1073741824.0,,,0.007630032214583333,0.007630032214583333,0.0,309.34,
2131,NFCORE_CHIPSEQ:CHIPSEQ:FILTER_BAM_BAMTOOLS:BAM_SORT_SAMTOOLS:BAM_STATS_SAMTOOLS:SAMTOOLS_IDXSTATS,1702998225000,1702998225000,1,81.5,,1073741824.0,,,0.0,0.0,0.0,309.34,
2134,NFCORE_CHIPSEQ:CHIPSEQ:FILTER_BAM_BAMTOOLS:BAM_SORT_SAMTOOLS:SAMTOOLS_INDEX,1702998219000,1702998228000,2,151.3,,1073741824.0,,,0.005751331448437501,0.005751331448437501,0.0,309.34,
2141,NFCORE_CHIPSEQ:CHIPSEQ:MARK_DUPLICATES_PICARD:BAM_STATS_SAMTOOLS:SAMTOOLS_IDXSTATS,1702998228000,1702998230000,2,93.4,,1073741824.0,,,0.0008147564479166667,0.0008147564479166667,0.0,309.34,
2079,NFCORE_CHIPSEQ:CHIPSEQ:PRESEQ_LCEXTRAP,1702998123000,1702998230000,2,100.6,,1073741824.0,,,0.04667184972604166,0.04667184972604166,0.0,309.34,
2094,NFCORE_CHIPSEQ:CHIPSEQ:UCSC_BEDGRAPHTOBIGWIG,1702998162000,1702998235000,1,98.9,,1073741824.0,,,0.03134501672829861,0.03134501672829861,0.0,309.34,
2129,NFCORE_CHIPSEQ:CHIPSEQ:FILTER_BAM_BAMTOOLS:BAM_SORT_SAMTOOLS:BAM_STATS_SAMTOOLS:SAMTOOLS_FLAGSTAT,1702998225000,1702998235000,2,136.9,,1073741824.0,,,0.005814222526041667,0.005814222526041667,0.0,309.34,
2103,NFCORE_CHIPSEQ:CHIPSEQ:UCSC_BEDGRAPHTOBIGWIG,1702998185000,1702998240000,1,99.9,,1073741824.0,,,0.02383616416232638,0.02383616416232638,0.0,309.34,
2135,NFCORE_CHIPSEQ:CHIPSEQ:FILTER_BAM_BAMTOOLS:BAM_SORT_SAMTOOLS:BAM_STATS_SAMTOOLS:SAMTOOLS_IDXSTATS,1702998240000,1702998240000,1,100.0,,1073741824.0,,,0.0,0.0,0.0,309.34,
2139,NFCORE_CHIPSEQ:CHIPSEQ:MARK_DUPLICATES_PICARD:BAM_STATS_SAMTOOLS:SAMTOOLS_FLAGSTAT,1702998231000,1702998241000,2,140.0,,1073741824.0,,,0.005938253902777778,0.005938253902777778,0.0,309.34,
2156,NFCORE_CHIPSEQ:CHIPSEQ:FILTER_BAM_BAMTOOLS:BAM_SORT_SAMTOOLS:BAM_STATS_SAMTOOLS:SAMTOOLS_IDXSTATS,1702998243000,1702998244000,1,76.8,,1073741824.0,,,0.00034096142222222217,0.00034096142222222217,0.0,309.34,
2143,NFCORE_CHIPSEQ:CHIPSEQ:FILTER_BAM_BAMTOOLS:BAM_SORT_SAMTOOLS:SAMTOOLS_INDEX,1702998236000,1702998246000,2,149.6,,1073741824.0,,,0.006322351069444445,0.006322351069444445,0.0,309.34,
2148,NFCORE_CHIPSEQ:CHIPSEQ:FILTER_BAM_BAMTOOLS:BAM_SORT_SAMTOOLS:SAMTOOLS_INDEX,1702998241000,1702998251000,2,144.9,,1073741824.0,,,0.006134303498263889,0.006134303498263889,0.0,309.34,
2154,NFCORE_CHIPSEQ:CHIPSEQ:FILTER_BAM_BAMTOOLS:BAM_SORT_SAMTOOLS:BAM_STATS_SAMTOOLS:SAMTOOLS_FLAGSTAT,1702998244000,1702998255000,2,141.1,,1073741824.0,,,0.006580491540104167,0.006580491540104167,0.0,309.34,
2074,NFCORE_CHIPSEQ:CHIPSEQ:FILTER_BAM_BAMTOOLS:BAM_FILTER,1702998096000,1702998259000,2,135.9,,1073741824.0,,,0.09411966219357638,0.09411966219357638,0.0,309.34,
2137,NFCORE_CHIPSEQ:CHIPSEQ:FILTER_BAM_BAMTOOLS:BAM_SORT_SAMTOOLS:BAM_STATS_SAMTOOLS:SAMTOOLS_FLAGSTAT,1702998249000,1702998255000,2,139.0,,1073741824.0,,,0.00353894626875,0.00353894626875,0.0,309.34,
1166,NFCORE_CHIPSEQ:CHIPSEQ:FILTER_BAM_BAMTOOLS:BAM_SORT_SAMTOOLS:SAMTOOLS_SORT,1702998225000,1702998259000,5,401.1,,6309281792.0,,,0.061292838391579854,0.061292838391579854,0.0,309.34,
2093,NFCORE_CHIPSEQ:CHIPSEQ:PRESEQ_LCEXTRAP,1702998159000,1702998262000,2,100.7,,1073741824.0,,,0.04496831810538194,0.04496831810538194,0.0,309.34,
2161,NFCORE_CHIPSEQ:CHIPSEQ:FILTER_BAM_BAMTOOLS:BAM_SORT_SAMTOOLS:BAM_STATS_SAMTOOLS:SAMTOOLS_IDXSTATS,1702998263000,1702998263000,1,111.3,,1073741824.0,,,0.0,0.0,0.0,309.34,
2170,NFCORE_CHIPSEQ:CHIPSEQ:FILTER_BAM_BAMTOOLS:BAM_REMOVE_ORPHANS,1702998262000,1702998263000,2,129.3,,1073741824.0,,,0.0005510145602430556,0.0005510145602430556,0.0,309.34,
2107,NFCORE_CHIPSEQ:CHIPSEQ:UCSC_BEDGRAPHTOBIGWIG,1702998190000,1702998267000,1,98.5,,1073741824.0,,,0.0329393207171875,0.0329393207171875,0.0,309.34,
2163,NFCORE_CHIPSEQ:CHIPSEQ:FILTER_BAM_BAMTOOLS:BAM_SORT_SAMTOOLS:BAM_STATS_SAMTOOLS:SAMTOOLS_FLAGSTAT,1702998255000,1702998267000,2,143.4,,1073741824.0,,,0.0072891459791666665,0.0072891459791666665,0.0,309.34,
2166,NFCORE_CHIPSEQ:CHIPSEQ:FILTER_BAM_BAMTOOLS:BAM_SORT_SAMTOOLS:BAM_STATS_SAMTOOLS:SAMTOOLS_FLAGSTAT,1702998259000,1702998269000,2,144.3,,1073741824.0,,,0.0061102974253472225,0.0061102974253472225,0.0,309.34,
2140,NFCORE_CHIPSEQ:CHIPSEQ:MARK_DUPLICATES_PICARD:BAM_STATS_SAMTOOLS:SAMTOOLS_STATS,1702998230000,1702998271000,2,130.1,,1073741824.0,,,0.02272283016857639,0.02272283016857639,0.0,309.34,
2168,NFCORE_CHIPSEQ:CHIPSEQ:FILTER_BAM_BAMTOOLS:BAM_SORT_SAMTOOLS:BAM_STATS_SAMTOOLS:SAMTOOLS_IDXSTATS,1702998270000,1702998271000,1,97.0,,1073741824.0,,,0.00042178186770833333,0.00042178186770833333,0.0,309.34,
2173,NFCORE_CHIPSEQ:CHIPSEQ:FILTER_BAM_BAMTOOLS:BAM_SORT_SAMTOOLS:SAMTOOLS_INDEX,1702998263000,1702998277000,2,151.2,,1073741824.0,,,0.008940914169444442,0.008940914169444442,0.0,309.34,
2098,NFCORE_CHIPSEQ:CHIPSEQ:PRESEQ_LCEXTRAP,1702998172000,1702998293000,2,99.4,,1073741824.0,,,0.052197499921874994,0.052197499921874994,0.0,309.34,
2151,NFCORE_CHIPSEQ:CHIPSEQ:MARK_DUPLICATES_PICARD:BAM_STATS_SAMTOOLS:SAMTOOLS_FLAGSTAT,1702998274000,1702998293000,2,147.6,,1073741824.0,,,0.011860428570138887,0.011860428570138887,0.0,309.34,
2111,NFCORE_CHIPSEQ:CHIPSEQ:PICARD_COLLECTMULTIPLEMETRICS,1702998225000,1702998295000,2,116.6,,2573205504.0,,,0.038306831578993054,0.038306831578993054,0.0,309.34,
2149,NFCORE_CHIPSEQ:CHIPSEQ:UCSC_BEDGRAPHTOBIGWIG,1702998230000,1702998298000,1,101.6,,1073741824.0,,,0.029932683605555552,0.029932683605555552,0.0,309.34,
2150,NFCORE_CHIPSEQ:CHIPSEQ:MARK_DUPLICATES_PICARD:BAM_STATS_SAMTOOLS:SAMTOOLS_IDXSTATS,1702998298000,1702998300000,2,71.1,,1073741824.0,,,0.0006363113059027777,0.0006363113059027777,0.0,309.34,
2181,NFCORE_CHIPSEQ:CHIPSEQ:FILTER_BAM_BAMTOOLS:BAM_SORT_SAMTOOLS:BAM_STATS_SAMTOOLS:SAMTOOLS_IDXSTATS,1702998295000,1702998296000,1,78.0,,1073741824.0,,,0.0003457626368055555,0.0003457626368055555,0.0,309.34,
2089,NFCORE_CHIPSEQ:CHIPSEQ:FILTER_BAM_BAMTOOLS:BAM_FILTER,1702998134000,1702998303000,2,133.8,,1073741824.0,,,0.09616423042326389,0.09616423042326389,0.0,309.34,
2105,NFCORE_CHIPSEQ:CHIPSEQ:PICARD_COLLECTMULTIPLEMETRICS,1702998200000,1702998303000,2,113.0,,2573205504.0,,,0.05488219115998264,0.05488219115998264,0.0,309.34,
2179,NFCORE_CHIPSEQ:CHIPSEQ:FILTER_BAM_BAMTOOLS:BAM_SORT_SAMTOOLS:BAM_STATS_SAMTOOLS:SAMTOOLS_FLAGSTAT,1702998295000,1702998306000,2,145.3,,1073741824.0,,,0.006765338301562501,0.006765338301562501,0.0,309.34,
2113,NFCORE_CHIPSEQ:CHIPSEQ:PICARD_COLLECTMULTIPLEMETRICS,1702998225000,1702998311000,2,116.6,,2573205504.0,,,0.04706267879704861,0.04706267879704861,0.0,309.34,
2118,NFCORE_CHIPSEQ:CHIPSEQ:MARK_DUPLICATES_PICARD:BAM_STATS_SAMTOOLS:SAMTOOLS_IDXSTATS,1702998309000,1702998311000,2,128.0,,1073741824.0,,,0.0010916264888888888,0.0010916264888888888,0.0,309.34,
2185,NFCORE_CHIPSEQ:CHIPSEQ:FILTER_BAM_BAMTOOLS:BAM_REMOVE_ORPHANS,1702998314000,1702998314000,2,112.9,,1073741824.0,,,0.0,0.0,0.0,309.34,
2132,NFCORE_CHIPSEQ:CHIPSEQ:PICARD_COLLECTMULTIPLEMETRICS,1702998219000,1702998336000,2,113.7,,2573205504.0,,,0.06266958935859375,0.06266958935859375,0.0,309.34,
2101,NFCORE_CHIPSEQ:CHIPSEQ:FILTER_BAM_BAMTOOLS:BAM_FILTER,1702998185000,1702998339000,2,136.9,,1073741824.0,,,0.08953902690104165,0.08953902690104165,0.0,309.34,
2152,NFCORE_CHIPSEQ:CHIPSEQ:MARK_DUPLICATES_PICARD:BAM_STATS_SAMTOOLS:SAMTOOLS_STATS,1702998300000,1702998345000,2,133.2,,1073741824.0,,,0.02549783284375,0.02549783284375,0.0,309.34,
2116,NFCORE_CHIPSEQ:CHIPSEQ:MARK_DUPLICATES_PICARD:BAM_STATS_SAMTOOLS:SAMTOOLS_FLAGSTAT,1702998339000,1702998349000,2,153.6,,1073741824.0,,,0.006482391555555555,0.006482391555555555,0.0,309.34,
2155,NFCORE_CHIPSEQ:CHIPSEQ:FILTER_BAM_BAMTOOLS:BAM_SORT_SAMTOOLS:BAM_STATS_SAMTOOLS:SAMTOOLS_STATS,1702998306000,1702998346000,2,129.2,,1073741824.0,,,0.02202457836111111,0.02202457836111111,0.0,309.34,
2180,NFCORE_CHIPSEQ:CHIPSEQ:FILTER_BAM_BAMTOOLS:BAM_SORT_SAMTOOLS:BAM_STATS_SAMTOOLS:SAMTOOLS_STATS,1702998303000,1702998347000,2,129.6,,1073741824.0,,,0.02429745401111111,0.02429745401111111,0.0,309.34,
2189,NFCORE_CHIPSEQ:CHIPSEQ:FILTER_BAM_BAMTOOLS:BAM_REMOVE_ORPHANS,1702998347000,1702998349000,2,103.2,,1073741824.0,,,0.000893176286111111,0.000893176286111111,0.0,309.34,
2117,NFCORE_CHIPSEQ:CHIPSEQ:MARK_DUPLICATES_PICARD:BAM_STATS_SAMTOOLS:SAMTOOLS_STATS,1702998318000,1702998356000,2,130.7,,1073741824.0,,,0.021151407135763887,0.021151407135763887,0.0,309.34,
2122,NFCORE_CHIPSEQ:CHIPSEQ:PRESEQ_LCEXTRAP,1702998228000,1702998359000,2,102.3,,1073741824.0,,,0.05803132740746526,0.05803132740746526,0.0,309.34,
2125,NFCORE_CHIPSEQ:CHIPSEQ:MULTIQC_CUSTOM_PEAKS,1702998359000,1702998360000,2,83.1,,1073741824.0,,,0.00036616779878472216,0.00036616779878472216,0.0,309.34,
2119,NFCORE_CHIPSEQ:CHIPSEQ:FILTER_BAM_BAMTOOLS:BAM_FILTER,1702998201000,1702998371000,2,131.9,,1073741824.0,,,0.09544092261284723,0.09544092261284723,0.0,309.34,
2130,NFCORE_CHIPSEQ:CHIPSEQ:FILTER_BAM_BAMTOOLS:BAM_SORT_SAMTOOLS:BAM_STATS_SAMTOOLS:SAMTOOLS_STATS,1702998351000,1702998376000,2,130.0,,1073741824.0,,,0.013845381718749997,0.013845381718749997,0.0,309.34,
2136,NFCORE_CHIPSEQ:CHIPSEQ:FILTER_BAM_BAMTOOLS:BAM_SORT_SAMTOOLS:BAM_STATS_SAMTOOLS:SAMTOOLS_STATS,1702998352000,1702998375000,2,129.7,,1073741824.0,,,0.012710144197395832,0.012710144197395832,0.0,309.34,
2162,NFCORE_CHIPSEQ:CHIPSEQ:FILTER_BAM_BAMTOOLS:BAM_SORT_SAMTOOLS:BAM_STATS_SAMTOOLS:SAMTOOLS_STATS,1702998342000,1702998376000,2,131.2,,1073741824.0,,,0.018992960433333327,0.018992960433333327,0.0,309.34,
2192,NFCORE_CHIPSEQ:CHIPSEQ:FILTER_BAM_BAMTOOLS:BAM_REMOVE_ORPHANS,1702998376000,1702998381000,2,93.2,,1073741824.0,,,0.0020328901076388886,0.0020328901076388886,0.0,309.34,
1295,NFCORE_CHIPSEQ:CHIPSEQ:FILTER_BAM_BAMTOOLS:BAM_SORT_SAMTOOLS:SAMTOOLS_SORT,1702998377000,1702998381000,5,425.3,,6309281792.0,,,0.007598220140104166,0.007598220140104166,0.0,309.34,
2128,NFCORE_CHIPSEQ:CHIPSEQ:FILTER_BAM_BAMTOOLS:BAM_SORT_SAMTOOLS:BAM_STATS_SAMTOOLS:SAMTOOLS_STATS,1702998350000,1702998385000,2,129.3,,1073741824.0,,,0.019285509608506946,0.019285509608506946,0.0,309.34,
2144,NFCORE_CHIPSEQ:CHIPSEQ:PICARD_COLLECTMULTIPLEMETRICS,1702998271000,1702998385000,2,113.9,,2573205504.0,,,0.06115389988802084,0.06115389988802084,0.0,309.34,
2146,NFCORE_CHIPSEQ:CHIPSEQ:PICARD_COLLECTMULTIPLEMETRICS,1702998271000,1702998385000,2,113.5,,2573205504.0,,,0.06097145373385418,0.06097145373385418,0.0,309.34,
2167,NFCORE_CHIPSEQ:CHIPSEQ:FILTER_BAM_BAMTOOLS:BAM_SORT_SAMTOOLS:BAM_STATS_SAMTOOLS:SAMTOOLS_STATS,1702998349000,1702998385000,2,130.4,,1073741824.0,,,0.01999496425,0.01999496425,0.0,309.34,
1306,NFCORE_CHIPSEQ:CHIPSEQ:FILTER_BAM_BAMTOOLS:BAM_SORT_SAMTOOLS:SAMTOOLS_SORT,1702998379000,1702998388000,5,430.7,,6309281792.0,,,0.017290444505859374,0.017290444505859374,0.0,309.34,
2174,NFCORE_CHIPSEQ:CHIPSEQ:PICARD_COLLECTMULTIPLEMETRICS,1702998268000,1702998390000,2,113.0,,2573205504.0,,,0.06500609050017361,0.06500609050017361,0.0,309.34,
1368,NFCORE_CHIPSEQ:CHIPSEQ:FILTER_BAM_BAMTOOLS:BAM_SORT_SAMTOOLS:SAMTOOLS_SORT,1702998384000,1702998395000,5,411.0,,6309281792.0,,,0.020265746173654516,0.020265746173654516,0.0,309.34,
2194,NFCORE_CHIPSEQ:CHIPSEQ:FILTER_BAM_BAMTOOLS:BAM_SORT_SAMTOOLS:SAMTOOLS_INDEX,1702998391000,1702998398000,2,144.8,,1073741824.0,,,0.004291211740277777,0.004291211740277777,0.0,309.34,
2138,NFCORE_CHIPSEQ:CHIPSEQ:FILTER_BAM_BAMTOOLS:BAM_FILTER,1702998228000,1702998401000,2,137.9,,1073741824.0,,,0.10127822480295139,0.10127822480295139,0.0,309.34,
2199,NFCORE_CHIPSEQ:CHIPSEQ:FILTER_BAM_BAMTOOLS:BAM_SORT_SAMTOOLS:SAMTOOLS_INDEX,1702998398000,1702998402000,2,153.3,,1073741824.0,,,0.0025881554076388888,0.0025881554076388888,0.0,309.34,
2204,NFCORE_CHIPSEQ:CHIPSEQ:FILTER_BAM_BAMTOOLS:BAM_SORT_SAMTOOLS:BAM_STATS_SAMTOOLS:SAMTOOLS_IDXSTATS,1702998402000,1702998407000,1,79.0,,1073741824.0,,,0.0017488182447916664,0.0017488182447916664,0.0,309.34,
2200,NFCORE_CHIPSEQ:CHIPSEQ:FILTER_BAM_BAMTOOLS:BAM_SORT_SAMTOOLS:SAMTOOLS_INDEX,1702998405000,1702998411000,2,147.9,,1073741824.0,,,0.003752600317708333,0.003752600317708333,0.0,309.34,
1391,NFCORE_CHIPSEQ:CHIPSEQ:FILTER_BAM_BAMTOOLS:BAM_SORT_SAMTOOLS:SAMTOOLS_SORT,1702998388000,1702998417000,5,404.7,,6309281792.0,,,0.05269689135568575,0.05269689135568575,0.0,309.34,
1424,NFCORE_CHIPSEQ:CHIPSEQ:FILTER_BAM_BAMTOOLS:BAM_SORT_SAMTOOLS:SAMTOOLS_SORT,1702998388000,1702998417000,5,395.9,,6309281792.0,,,0.05167583305429686,0.05167583305429686,0.0,309.34,
2208,NFCORE_CHIPSEQ:CHIPSEQ:FILTER_BAM_BAMTOOLS:BAM_REMOVE_ORPHANS,1702998414000,1702998417000,2,85.7,,1073741824.0,,,0.0011297112911458334,0.0011297112911458334,0.0,309.34,
1430,NFCORE_CHIPSEQ:CHIPSEQ:FILTER_BAM_BAMTOOLS:BAM_SORT_SAMTOOLS:SAMTOOLS_SORT,1702998392000,1702998420000,5,424.2,,6309281792.0,,,0.053064309806423605,0.053064309806423605,0.0,309.34,
2123,NFCORE_CHIPSEQ:CHIPSEQ:PRESEQ_LCEXTRAP,1702998305000,1702998420000,2,102.2,,1073741824.0,,,0.05089752005381944,0.05089752005381944,0.0,309.34,
2205,NFCORE_CHIPSEQ:CHIPSEQ:FILTER_BAM_BAMTOOLS:BAM_SORT_SAMTOOLS:BAM_STATS_SAMTOOLS:SAMTOOLS_FLAGSTAT,1702998419000,1702998423000,2,134.1,,1073741824.0,,,0.0022808776743055556,0.0022808776743055556,0.0,309.34,
2210,NFCORE_CHIPSEQ:CHIPSEQ:FILTER_BAM_BAMTOOLS:BAM_SORT_SAMTOOLS:BAM_STATS_SAMTOOLS:SAMTOOLS_FLAGSTAT,1702998423000,1702998426000,2,144.0,,1073741824.0,,,0.0018294883166666666,0.0018294883166666666,0.0,309.34,
2216,NFCORE_CHIPSEQ:CHIPSEQ:FILTER_BAM_BAMTOOLS:BAM_SORT_SAMTOOLS:BAM_STATS_SAMTOOLS:SAMTOOLS_FLAGSTAT,1702998421000,1702998426000,2,143.7,,1073741824.0,,,0.0030431456762152775,0.0030431456762152775,0.0,309.34,
2214,NFCORE_CHIPSEQ:CHIPSEQ:FILTER_BAM_BAMTOOLS:BAM_SORT_SAMTOOLS:BAM_STATS_SAMTOOLS:SAMTOOLS_IDXSTATS,1702998423000,1702998426000,1,89.4,,1073741824.0,,,0.001174122526041667,0.001174122526041667,0.0,309.34,
2153,NFCORE_CHIPSEQ:CHIPSEQ:FILTER_BAM_BAMTOOLS:BAM_FILTER,1702998233000,1702998433000,2,137.7,,1073741824.0,,,0.11692461246527776,0.11692461246527776,0.0,309.34,
2195,NFCORE_CHIPSEQ:CHIPSEQ:PICARD_COLLECTMULTIPLEMETRICS,1702998394000,1702998432000,2,137.3,,2573205504.0,,,0.02394233330225694,0.02394233330225694,0.0,309.34,
2211,NFCORE_CHIPSEQ:CHIPSEQ:FILTER_BAM_BAMTOOLS:BAM_SORT_SAMTOOLS:BAM_STATS_SAMTOOLS:SAMTOOLS_IDXSTATS,1702998426000,1702998432000,1,74.4,,1073741824.0,,,0.0019881539583333336,0.0019881539583333336,0.0,309.34,
2220,NFCORE_CHIPSEQ:CHIPSEQ:FILTER_BAM_BAMTOOLS:BAM_SORT_SAMTOOLS:SAMTOOLS_INDEX,1702998420000,1702998432000,2,144.0,,1073741824.0,,,0.0073179532666666665,0.0073179532666666665,0.0,309.34,
2222,NFCORE_CHIPSEQ:CHIPSEQ:FILTER_BAM_BAMTOOLS:BAM_SORT_SAMTOOLS:SAMTOOLS_INDEX,1702998419000,1702998432000,2,145.3,,1073741824.0,,,0.0079953998109375,0.0079953998109375,0.0,309.34,
2226,NFCORE_CHIPSEQ:CHIPSEQ:FILTER_BAM_BAMTOOLS:BAM_SORT_SAMTOOLS:SAMTOOLS_INDEX,1702998423000,1702998433000,2,155.1,,1073741824.0,,,0.006542406737847222,0.006542406737847222,0.0,309.34,
2209,NFCORE_CHIPSEQ:CHIPSEQ:FILTER_BAM_BAMTOOLS:BAM_SORT_SAMTOOLS:BAM_STATS_SAMTOOLS:SAMTOOLS_STATS,1702998435000,1702998451000,2,124.0,,1073741824.0,,,0.008476947133333333,0.008476947133333333,0.0,309.34,
2215,NFCORE_CHIPSEQ:CHIPSEQ:FILTER_BAM_BAMTOOLS:BAM_SORT_SAMTOOLS:BAM_STATS_SAMTOOLS:SAMTOOLS_STATS,1702998435000,1702998455000,2,124.1,,1073741824.0,,,0.010604185940972222,0.010604185940972222,0.0,309.34,
2234,NFCORE_CHIPSEQ:CHIPSEQ:FILTER_BAM_BAMTOOLS:BAM_SORT_SAMTOOLS:BAM_STATS_SAMTOOLS:SAMTOOLS_IDXSTATS,1702998437000,1702998451000,1,0.6,,1073741824.0,,,0.0005051801465277777,0.0005051801465277777,0.0,309.34,
2239,NFCORE_CHIPSEQ:CHIPSEQ:FILTER_BAM_BAMTOOLS:BAM_SORT_SAMTOOLS:BAM_STATS_SAMTOOLS:SAMTOOLS_IDXSTATS,1702998455000,1702998456000,1,82.6,,1073741824.0,,,0.00036416729270833325,0.00036416729270833325,0.0,309.34,
2198,NFCORE_CHIPSEQ:CHIPSEQ:PICARD_COLLECTMULTIPLEMETRICS,1702998398000,1702998456000,2,125.2,,2573205504.0,,,0.03373565102725694,0.03373565102725694,0.0,309.34,
2232,NFCORE_CHIPSEQ:CHIPSEQ:FILTER_BAM_BAMTOOLS:BAM_REMOVE_ORPHANS,1702998458000,1702998459000,2,64.9,,1073741824.0,,,0.00029334937760416667,0.00029334937760416667,0.0,309.34,
2244,NFCORE_CHIPSEQ:CHIPSEQ:FILTER_BAM_BAMTOOLS:BAM_SORT_SAMTOOLS:BAM_STATS_SAMTOOLS:SAMTOOLS_FLAGSTAT,1702998459000,1702998469000,2,148.7,,1073741824.0,,,0.006286341960069444,0.006286341960069444,0.0,309.34,
2171,NFCORE_CHIPSEQ:CHIPSEQ:BEDTOOLS_GENOMECOV,1702998266000,1702998471000,2,123.7,,4567597056.0,,,0.13083355388715276,0.13083355388715276,0.0,309.34,
2240,NFCORE_CHIPSEQ:CHIPSEQ:FILTER_BAM_BAMTOOLS:BAM_SORT_SAMTOOLS:BAM_STATS_SAMTOOLS:SAMTOOLS_FLAGSTAT,1702998464000,1702998471000,2,139.7,,1073741824.0,,,0.00414837560642361,0.00414837560642361,0.0,309.34,
2243,NFCORE_CHIPSEQ:CHIPSEQ:FILTER_BAM_BAMTOOLS:BAM_SORT_SAMTOOLS:BAM_STATS_SAMTOOLS:SAMTOOLS_IDXSTATS,1702998467000,1702998471000,1,62.7,,1073741824.0,,,0.0011381886034722221,0.0011381886034722221,0.0,309.34,
2202,NFCORE_CHIPSEQ:CHIPSEQ:PICARD_COLLECTMULTIPLEMETRICS,1702998423000,1702998484000,2,124.9,,2573205504.0,,,0.035407379971788194,0.035407379971788194,0.0,309.34,
2233,NFCORE_CHIPSEQ:CHIPSEQ:FILTER_BAM_BAMTOOLS:BAM_SORT_SAMTOOLS:BAM_STATS_SAMTOOLS:SAMTOOLS_FLAGSTAT,1702998472000,1702998481000,2,145.9,,1073741824.0,,,0.0055568822578125005,0.0055568822578125005,0.0,309.34,
2076,NFCORE_CHIPSEQ:CHIPSEQ:HOMER_ANNOTATEPEAKS_MACS2,1702998107000,1702998484000,1,101.5,,4807720960.0,,,0.20995988288606768,0.20995988288606768,0.0,309.34,
2229,NFCORE_CHIPSEQ:CHIPSEQ:BEDTOOLS_GENOMECOV,1702998430000,1702998496000,2,122.2,,4567597056.0,,,0.041725922023958334,0.041725922023958334,0.0,309.34,
2159,NFCORE_CHIPSEQ:CHIPSEQ:BEDTOOLS_GENOMECOV,1702998263000,1702998513000,2,123.0,,4567597056.0,,,0.1588529373697917,0.1588529373697917,0.0,309.34,
2245,NFCORE_CHIPSEQ:CHIPSEQ:FILTER_BAM_BAMTOOLS:BAM_SORT_SAMTOOLS:BAM_STATS_SAMTOOLS:SAMTOOLS_STATS,1702998474000,1702998513000,2,126.0,,1073741824.0,,,0.020974637585416667,0.020974637585416667,0.0,309.34,
2251,NFCORE_CHIPSEQ:CHIPSEQ:UCSC_BEDGRAPHTOBIGWIG,1702998501000,1702998513000,1,102.5,,1073741824.0,,,0.005325449214583333,0.005325449214583333,0.0,309.34,
2223,NFCORE_CHIPSEQ:CHIPSEQ:PICARD_COLLECTMULTIPLEMETRICS,1702998420000,1702998522000,2,113.3,,2573205504.0,,,0.05447178532447916,0.05447178532447916,0.0,309.34,
2206,NFCORE_CHIPSEQ:CHIPSEQ:FILTER_BAM_BAMTOOLS:BAM_SORT_SAMTOOLS:BAM_STATS_SAMTOOLS:SAMTOOLS_STATS,1702998516000,1702998526000,2,122.0,,1073741824.0,,,0.005218071715277778,0.005218071715277778,0.0,309.34,
2219,NFCORE_CHIPSEQ:CHIPSEQ:PICARD_COLLECTMULTIPLEMETRICS,1702998435000,1702998526000,2,113.6,,2573205504.0,,,0.04870660473498263,0.04870660473498263,0.0,309.34,
2248,NFCORE_CHIPSEQ:CHIPSEQ:UCSC_BEDGRAPHTOBIGWIG,1702998484000,1702998526000,1,100.1,,1073741824.0,,,0.018235770226041666,0.018235770226041666,0.0,309.34,
2238,NFCORE_CHIPSEQ:CHIPSEQ:FILTER_BAM_BAMTOOLS:BAM_SORT_SAMTOOLS:BAM_STATS_SAMTOOLS:SAMTOOLS_STATS,1702998499000,1702998531000,2,129.9,,1073741824.0,,,0.01770928536111111,0.01770928536111111,0.0,309.34,
2142,NFCORE_CHIPSEQ:CHIPSEQ:BEDTOOLS_GENOMECOV,1702998228000,1702998542000,2,124.0,,4567597056.0,,,0.20077560715243054,0.20077560715243054,0.0,309.34,
2228,NFCORE_CHIPSEQ:CHIPSEQ:PICARD_COLLECTMULTIPLEMETRICS,1702998429000,1702998542000,2,114.8,,2573205504.0,,,0.06102436510564236,0.06102436510564236,0.0,309.34,
2235,NFCORE_CHIPSEQ:CHIPSEQ:FILTER_BAM_BAMTOOLS:BAM_SORT_SAMTOOLS:BAM_STATS_SAMTOOLS:SAMTOOLS_STATS,1702998516000,1702998546000,2,127.7,,1073741824.0,,,0.01633838822395833,0.01633838822395833,0.0,309.34,
2207,NFCORE_CHIPSEQ:CHIPSEQ:MACS2_CALLPEAK,1702998404000,1702998556000,1,101.1,,1892679680.0,,,0.07050921419201388,0.07050921419201388,0.0,309.34,
1464,NFCORE_CHIPSEQ:CHIPSEQ:FILTER_BAM_BAMTOOLS:BAM_SORT_SAMTOOLS:SAMTOOLS_SORT,1702998530000,1702998561000,5,394.8,,6309281792.0,,,0.0551032490953559,0.0551032490953559,0.0,309.34,
2230,NFCORE_CHIPSEQ:CHIPSEQ:BEDTOOLS_GENOMECOV,1702998436000,1702998571000,2,123.4,,4567597056.0,,,0.08599664083593751,0.08599664083593751,0.0,309.34,
2252,NFCORE_CHIPSEQ:CHIPSEQ:UCSC_BEDGRAPHTOBIGWIG,1702998522000,1702998571000,1,102.1,,1073741824.0,,,0.021667164454687495,0.021667164454687495,0.0,309.34,
1465,NFCORE_CHIPSEQ:CHIPSEQ:FILTER_BAM_BAMTOOLS:BAM_SORT_SAMTOOLS:SAMTOOLS_SORT,1702998545000,1702998575000,5,431.1,,6309281792.0,,,0.05768282716536458,0.05768282716536458,0.0,309.34,
1472,NFCORE_CHIPSEQ:CHIPSEQ:FILTER_BAM_BAMTOOLS:BAM_SORT_SAMTOOLS:SAMTOOLS_SORT,1702998549000,1702998580000,5,372.4,,6309281792.0,,,0.05232494625646701,0.05232494625646701,0.0,309.34,
2164,NFCORE_CHIPSEQ:CHIPSEQ:MACS2_CALLPEAK,1702998251000,1702998582000,1,96.8,,1892679680.0,,,0.14784845083424475,0.14784845083424475,0.0,309.34,
2196,NFCORE_CHIPSEQ:CHIPSEQ:PHANTOMPEAKQUALTOOLS,1702998401000,1702998580000,1,21.4,,4294967296.0,,,0.039443798396875,0.039443798396875,0.0,309.34,
2213,NFCORE_CHIPSEQ:CHIPSEQ:MACS2_CALLPEAK,1702998410000,1702998582000,1,98.7,,1892679680.0,,,0.07813512455850695,0.07813512455850695,0.0,309.34,
2231,NFCORE_CHIPSEQ:CHIPSEQ:BEDTOOLS_GENOMECOV,1702998436000,1702998580000,2,124.2,,4567597056.0,,,0.09219066682499999,0.09219066682499999,0.0,309.34,
2259,NFCORE_CHIPSEQ:CHIPSEQ:FILTER_BAM_BAMTOOLS:BAM_SORT_SAMTOOLS:SAMTOOLS_INDEX,1702998574000,1702998583000,2,159.2,,1073741824.0,,,0.0060358034125,0.0060358034125,0.0,309.34,
2265,NFCORE_CHIPSEQ:CHIPSEQ:FILTER_BAM_BAMTOOLS:BAM_SORT_SAMTOOLS:SAMTOOLS_INDEX,1702998580000,1702998591000,2,149.1,,1073741824.0,,,0.00693258060954861,0.00693258060954861,0.0,309.34,
2269,NFCORE_CHIPSEQ:CHIPSEQ:FILTER_BAM_BAMTOOLS:BAM_SORT_SAMTOOLS:SAMTOOLS_INDEX,1702998583000,1702998596000,2,143.8,,1073741824.0,,,0.007917380073958332,0.007917380073958332,0.0,309.34,
1667,NFCORE_CHIPSEQ:CHIPSEQ:FILTER_BAM_BAMTOOLS:BAM_SORT_SAMTOOLS:SAMTOOLS_SORT,1702998564000,1702998599000,5,368.5,,6309281792.0,,,0.05853041406618923,0.05853041406618923,0.0,309.34,
2276,NFCORE_CHIPSEQ:CHIPSEQ:FILTER_BAM_BAMTOOLS:BAM_SORT_SAMTOOLS:BAM_STATS_SAMTOOLS:SAMTOOLS_FLAGSTAT,1702998594000,1702998603000,2,149.0,,1073741824.0,,,0.005668510496875,0.005668510496875,0.0,309.34,
2262,NFCORE_CHIPSEQ:CHIPSEQ:UCSC_BEDGRAPHTOBIGWIG,1702998580000,1702998611000,1,102.2,,1073741824.0,,,0.01372020105798611,0.01372020105798611,0.0,309.34,
2277,NFCORE_CHIPSEQ:CHIPSEQ:FILTER_BAM_BAMTOOLS:BAM_SORT_SAMTOOLS:BAM_STATS_SAMTOOLS:SAMTOOLS_IDXSTATS,1702998606000,1702998611000,1,92.1,,1073741824.0,,,0.002010884540798611,0.002010884540798611,0.0,309.34,
2285,NFCORE_CHIPSEQ:CHIPSEQ:FILTER_BAM_BAMTOOLS:BAM_SORT_SAMTOOLS:BAM_STATS_SAMTOOLS:SAMTOOLS_IDXSTATS,1702998606000,1702998611000,1,93.4,,1073741824.0,,,0.0020368911197916665,0.0020368911197916665,0.0,309.34,
2284,NFCORE_CHIPSEQ:CHIPSEQ:FILTER_BAM_BAMTOOLS:BAM_SORT_SAMTOOLS:BAM_STATS_SAMTOOLS:SAMTOOLS_FLAGSTAT,1702998602000,1702998611000,2,134.8,,1073741824.0,,,0.005157181143749999,0.005157181143749999,0.0,309.34,
2287,NFCORE_CHIPSEQ:CHIPSEQ:FILTER_BAM_BAMTOOLS:BAM_SORT_SAMTOOLS:BAM_STATS_SAMTOOLS:SAMTOOLS_FLAGSTAT,1702998602000,1702998611000,2,134.6,,1073741824.0,,,0.0051499793218750005,0.0051499793218750005,0.0,309.34,
2255,NFCORE_CHIPSEQ:CHIPSEQ:UCSC_BEDGRAPHTOBIGWIG,1702998547000,1702998618000,1,101.7,,1073741824.0,,,0.031281650362673614,0.031281650362673614,0.0,309.34,
2275,NFCORE_CHIPSEQ:CHIPSEQ:UCSC_BEDGRAPHTOBIGWIG,1702998587000,1702998618000,1,102.0,,1073741824.0,,,0.013695394782638886,0.013695394782638886,0.0,309.34,
2286,NFCORE_CHIPSEQ:CHIPSEQ:FILTER_BAM_BAMTOOLS:BAM_SORT_SAMTOOLS:BAM_STATS_SAMTOOLS:SAMTOOLS_IDXSTATS,1702998614000,1702998618000,1,105.3,,1073741824.0,,,0.0018199610743055553,0.0018199610743055553,0.0,309.34,
2293,NFCORE_CHIPSEQ:CHIPSEQ:FILTER_BAM_BAMTOOLS:BAM_SORT_SAMTOOLS:SAMTOOLS_INDEX,1702998614000,1702998626000,2,152.5,,1073741824.0,,,0.00772605650625,0.00772605650625,0.0,309.34,
2169,NFCORE_CHIPSEQ:CHIPSEQ:BEDTOOLS_GENOMECOV,1702998258000,1702998634000,2,123.5,,4567597056.0,,,0.2396670080888889,0.2396670080888889,0.0,309.34,
2177,NFCORE_CHIPSEQ:CHIPSEQ:BEDTOOLS_GENOMECOV,1702998280000,1702998646000,2,121.3,,4567597056.0,,,0.23007127054791665,0.23007127054791665,0.0,309.34,
2178,NFCORE_CHIPSEQ:CHIPSEQ:BEDTOOLS_GENOMECOV,1702998295000,1702998646000,2,121.1,,4567597056.0,,,0.22036124906250001,0.22036124906250001,0.0,309.34,
2183,NFCORE_CHIPSEQ:CHIPSEQ:MACS2_CALLPEAK,1702998282000,1702998646000,1,96.4,,1892679680.0,,,0.16200608134253472,0.16200608134253472,0.0,309.34,
2301,NFCORE_CHIPSEQ:CHIPSEQ:FILTER_BAM_BAMTOOLS:BAM_SORT_SAMTOOLS:BAM_STATS_SAMTOOLS:SAMTOOLS_FLAGSTAT,1702998630000,1702998646000,2,144.7,,1073741824.0,,,0.009802082358333332,0.009802082358333332,0.0,309.34,
2302,NFCORE_CHIPSEQ:CHIPSEQ:FILTER_BAM_BAMTOOLS:BAM_SORT_SAMTOOLS:BAM_STATS_SAMTOOLS:SAMTOOLS_IDXSTATS,1702998649000,1702998650000,1,98.8,,1073741824.0,,,0.0004289836895833333,0.0004289836895833333,0.0,309.34,
2267,NFCORE_CHIPSEQ:CHIPSEQ:PICARD_COLLECTMULTIPLEMETRICS,1702998583000,1702998681000,2,112.6,,2573205504.0,,,0.05206116744670139,0.05206116744670139,0.0,309.34,
2218,NFCORE_CHIPSEQ:CHIPSEQ:MACS2_CALLPEAK,1702998420000,1702998686000,1,97.4,,1892679680.0,,,0.11945332867526041,0.11945332867526041,0.0,309.34,
2278,NFCORE_CHIPSEQ:CHIPSEQ:FILTER_BAM_BAMTOOLS:BAM_SORT_SAMTOOLS:BAM_STATS_SAMTOOLS:SAMTOOLS_STATS,1702998650000,1702998689000,2,127.7,,1073741824.0,,,0.021239904691145835,0.021239904691145835,0.0,309.34,
2300,NFCORE_CHIPSEQ:CHIPSEQ:FILTER_BAM_BAMTOOLS:BAM_SORT_SAMTOOLS:BAM_STATS_SAMTOOLS:SAMTOOLS_STATS,1702998650000,1702998689000,2,127.4,,1073741824.0,,,0.02119309284895833,0.02119309284895833,0.0,309.34,
2270,NFCORE_CHIPSEQ:CHIPSEQ:FRIP_SCORE,1702998586000,1702998696000,2,121.0,,1073741824.0,,,0.056958677531249995,0.056958677531249995,0.0,309.34,
2260,NFCORE_CHIPSEQ:CHIPSEQ:PICARD_COLLECTMULTIPLEMETRICS,1702998580000,1702998699000,2,112.5,,2573205504.0,,,0.06316951985494791,0.06316951985494791,0.0,309.34,
2266,NFCORE_CHIPSEQ:CHIPSEQ:PICARD_COLLECTMULTIPLEMETRICS,1702998582000,1702998699000,2,111.8,,2573205504.0,,,0.06178016435703125,0.06178016435703125,0.0,309.34,
2237,NFCORE_CHIPSEQ:CHIPSEQ:MACS2_CALLPEAK,1702998455000,1702998716000,1,97.0,,1892679680.0,,,0.11679025968554686,0.11679025968554686,0.0,309.34,
2241,NFCORE_CHIPSEQ:CHIPSEQ:MACS2_CALLPEAK,1702998455000,1702998726000,1,97.7,,1892679680.0,,,0.12202397428424479,0.12202397428424479,0.0,309.34,
2306,NFCORE_CHIPSEQ:CHIPSEQ:UCSC_BEDGRAPHTOBIGWIG,1702998653000,1702998736000,1,94.6,,1073741824.0,,,0.03421089339895833,0.03421089339895833,0.0,309.34,
2283,NFCORE_CHIPSEQ:CHIPSEQ:FILTER_BAM_BAMTOOLS:BAM_SORT_SAMTOOLS:BAM_STATS_SAMTOOLS:SAMTOOLS_STATS,1702998702000,1702998739000,2,127.5,,1073741824.0,,,0.02012107131961805,0.02012107131961805,0.0,309.34,
2288,NFCORE_CHIPSEQ:CHIPSEQ:FILTER_BAM_BAMTOOLS:BAM_SORT_SAMTOOLS:BAM_STATS_SAMTOOLS:SAMTOOLS_STATS,1702998702000,1702998738000,2,128.5,,1073741824.0,,,0.019721295018749998,0.019721295018749998,0.0,309.34,
2186,NFCORE_CHIPSEQ:CHIPSEQ:BEDTOOLS_GENOMECOV,1702998314000,1702998746000,2,123.5,,4567597056.0,,,0.2753620944,0.2753620944,0.0,309.34,
2307,NFCORE_CHIPSEQ:CHIPSEQ:UCSC_BEDGRAPHTOBIGWIG,1702998684000,1702998757000,1,101.3,,1073741824.0,,,0.03204599405746527,0.03204599405746527,0.0,309.34,
2250,NFCORE_CHIPSEQ:CHIPSEQ:BEDTOOLS_GENOMECOV,1702998487000,1702998766000,2,122.9,,4567597056.0,,,0.177168249865625,0.177168249865625,0.0,309.34,
2305,NFCORE_CHIPSEQ:CHIPSEQ:UCSC_BEDGRAPHTOBIGWIG,1702998684000,1702998766000,1,101.3,,1073741824.0,,,0.035996870037152774,0.035996870037152774,0.0,309.34,
2291,NFCORE_CHIPSEQ:CHIPSEQ:PICARD_COLLECTMULTIPLEMETRICS,1702998648000,1702998769000,2,110.5,,2573205504.0,,,0.06326294751657988,0.06326294751657988,0.0,309.34,
2313,NFCORE_CHIPSEQ:CHIPSEQ:MULTIQC_CUSTOM_PEAKS,1702998772000,1702998773000,2,84.2,,1073741824.0,,,0.0003705689121527778,0.0003705689121527778,0.0,309.34,
2249,NFCORE_CHIPSEQ:CHIPSEQ:BEDTOOLS_GENOMECOV,1702998484000,1702998792000,2,123.1,,4567597056.0,,,0.19583005001388884,0.19583005001388884,0.0,309.34,
2258,NFCORE_CHIPSEQ:CHIPSEQ:FRIP_SCORE,1702998769000,1702998792000,2,127.3,,1073741824.0,,,0.0124892883265625,0.0124892883265625,0.0,309.34,
2312,NFCORE_CHIPSEQ:CHIPSEQ:FRIP_SCORE,1702998743000,1702998792000,2,127.4,,1073741824.0,,,0.02662721922048611,0.02662721922048611,0.0,309.34,
2324,NFCORE_CHIPSEQ:CHIPSEQ:MULTIQC_CUSTOM_PEAKS,1702998794000,1702998796000,2,71.1,,1073741824.0,,,0.0006363113059027777,0.0006363113059027777,0.0,309.34,
2325,NFCORE_CHIPSEQ:CHIPSEQ:MULTIQC_CUSTOM_PEAKS,1702998794000,1702998796000,2,69.1,,1073741824.0,,,0.0006203072572916667,0.0006203072572916667,0.0,309.34,
2274,NFCORE_CHIPSEQ:CHIPSEQ:FRIP_SCORE,1702998769000,1702998812000,2,128.1,,1073741824.0,,,0.023487173863368054,0.023487173863368054,0.0,309.34,
2315,NFCORE_CHIPSEQ:CHIPSEQ:FRIP_SCORE,1702998743000,1702998821000,2,127.7,,1073741824.0,,,0.04247980938229167,0.04247980938229167,0.0,309.34,
2327,NFCORE_CHIPSEQ:CHIPSEQ:MULTIQC_CUSTOM_PEAKS,1702998817000,1702998826000,2,87.7,,1073741824.0,,,0.0034611520921874997,0.0034611520921874997,0.0,309.34,
2197,NFCORE_CHIPSEQ:CHIPSEQ:PHANTOMPEAKQUALTOOLS,1702998398000,1702998827000,1,19.6,,4294967296.0,,,0.09144332071875,0.09144332071875,0.0,309.34,
2309,NFCORE_CHIPSEQ:CHIPSEQ:FRIP_SCORE,1702998699000,1702998826000,2,128.7,,1073741824.0,,,0.06967397202482638,0.06967397202482638,0.0,309.34,
2317,NFCORE_CHIPSEQ:CHIPSEQ:FRIP_SCORE,1702998740000,1702998829000,2,127.5,,1073741824.0,,,0.04839933371475693,0.04839933371475693,0.0,309.34,
2321,NFCORE_CHIPSEQ:CHIPSEQ:UCSC_BEDGRAPHTOBIGWIG,1702998768000,1702998826000,1,99.7,,1073741824.0,,,0.025089906830208335,0.025089906830208335,0.0,309.34,
2328,NFCORE_CHIPSEQ:CHIPSEQ:MULTIQC_CUSTOM_PEAKS,1702998827000,1702998829000,2,63.4,,1073741824.0,,,0.00057469571875,0.00057469571875,0.0,309.34,
1648,NFCORE_CHIPSEQ:CHIPSEQ:FILTER_BAM_BAMTOOLS:BAM_SORT_SAMTOOLS:SAMTOOLS_SORT,1702998800000,1702998829000,5,418.2,,6309281792.0,,,0.05426328761349825,0.05426328761349825,0.0,309.34,
2247,NFCORE_CHIPSEQ:CHIPSEQ:BEDTOOLS_GENOMECOV,1702998474000,1702998834000,2,122.9,,4567597056.0,,,0.228604193375,0.228604193375,0.0,309.34,
2319,NFCORE_CHIPSEQ:CHIPSEQ:UCSC_BEDGRAPHTOBIGWIG,1702998749000,1702998836000,1,100.3,,1073741824.0,,,0.0378437130796875,0.0378437130796875,0.0,309.34,
2330,NFCORE_CHIPSEQ:CHIPSEQ:MULTIQC_CUSTOM_PEAKS,1702998832000,1702998837000,2,73.6,,1073741824.0,,,0.0016407909166666662,0.0016407909166666662,0.0,309.34,
2331,NFCORE_CHIPSEQ:CHIPSEQ:MULTIQC_CUSTOM_PEAKS,1702998841000,1702998843000,2,69.1,,1073741824.0,,,0.0006203072572916667,0.0006203072572916667,0.0,309.34,
2335,NFCORE_CHIPSEQ:CHIPSEQ:FILTER_BAM_BAMTOOLS:BAM_SORT_SAMTOOLS:SAMTOOLS_INDEX,1702998836000,1702998846000,2,147.4,,1073741824.0,,,0.006234328802083333,0.006234328802083333,0.0,309.34,
2338,NFCORE_CHIPSEQ:CHIPSEQ:FILTER_BAM_BAMTOOLS:BAM_SORT_SAMTOOLS:BAM_STATS_SAMTOOLS:SAMTOOLS_IDXSTATS,1702998851000,1702998856000,1,7.5,,1073741824.0,,,0.0003184564001736111,0.0003184564001736111,0.0,309.34,
1624,NFCORE_CHIPSEQ:CHIPSEQ:FILTER_BAM_BAMTOOLS:BAM_SORT_SAMTOOLS:SAMTOOLS_SORT,1702998829000,1702998856000,5,424.2,,6309281792.0,,,0.051169155884765616,0.051169155884765616,0.0,309.34,
2323,NFCORE_CHIPSEQ:CHIPSEQ:UCSC_BEDGRAPHTOBIGWIG,1702998794000,1702998856000,1,99.5,,1073741824.0,,,0.026770632681597215,0.026770632681597215,0.0,309.34,
2339,NFCORE_CHIPSEQ:CHIPSEQ:FILTER_BAM_BAMTOOLS:BAM_SORT_SAMTOOLS:BAM_STATS_SAMTOOLS:SAMTOOLS_FLAGSTAT,1702998850000,1702998859000,2,138.8,,1073741824.0,,,0.00530121758125,0.00530121758125,0.0,309.34,
1599,NFCORE_CHIPSEQ:CHIPSEQ:FILTER_BAM_BAMTOOLS:BAM_SORT_SAMTOOLS:SAMTOOLS_SORT,1702998834000,1702998859000,5,399.5,,6309281792.0,,,0.04490822303710936,0.04490822303710936,0.0,309.34,
1597,NFCORE_CHIPSEQ:CHIPSEQ:FILTER_BAM_BAMTOOLS:BAM_SORT_SAMTOOLS:SAMTOOLS_SORT,1702998834000,1702998866000,5,400.5,,6309281792.0,,,0.057610557876388885,0.057610557876388885,0.0,309.34,
2343,NFCORE_CHIPSEQ:CHIPSEQ:FILTER_BAM_BAMTOOLS:BAM_SORT_SAMTOOLS:SAMTOOLS_INDEX,1702998873000,1702998883000,2,147.3,,1073741824.0,,,0.006230327789930556,0.006230327789930556,0.0,309.34,
2352,NFCORE_CHIPSEQ:CHIPSEQ:FILTER_BAM_BAMTOOLS:BAM_SORT_SAMTOOLS:SAMTOOLS_INDEX,1702998873000,1702998883000,2,148.4,,1073741824.0,,,0.006274338923611111,0.006274338923611111,0.0,309.34,
2290,NFCORE_CHIPSEQ:CHIPSEQ:MACS2_CALLPEAK,1702998602000,1702998886000,1,97.2,,1892679680.0,,,0.12730937914045137,0.12730937914045137,0.0,309.34,
1594,NFCORE_CHIPSEQ:CHIPSEQ:FILTER_BAM_BAMTOOLS:BAM_SORT_SAMTOOLS:SAMTOOLS_SORT,1702998859000,1702998892000,5,388.3,,6309281792.0,,,0.05780008031731771,0.05780008031731771,0.0,309.34,
2348,NFCORE_CHIPSEQ:CHIPSEQ:FILTER_BAM_BAMTOOLS:BAM_SORT_SAMTOOLS:SAMTOOLS_INDEX,1702998887000,1702998896000,2,139.4,,1073741824.0,,,0.005322823046875,0.005322823046875,0.0,309.34,
2363,NFCORE_CHIPSEQ:CHIPSEQ:FILTER_BAM_BAMTOOLS:BAM_SORT_SAMTOOLS:BAM_STATS_SAMTOOLS:SAMTOOLS_IDXSTATS,1702998895000,1702998896000,1,59.0,,1073741824.0,,,0.0002697434059027778,0.0002697434059027778,0.0,309.34,
1198,NFCORE_CHIPSEQ:CHIPSEQ:FILTER_BAM_BAMTOOLS:BAM_SORT_SAMTOOLS:SAMTOOLS_SORT,1702998862000,1702998894000,5,398.9,,6309281792.0,,,0.057405706054166665,0.057405706054166665,0.0,309.34,
2356,NFCORE_CHIPSEQ:CHIPSEQ:FILTER_BAM_BAMTOOLS:BAM_SORT_SAMTOOLS:BAM_STATS_SAMTOOLS:SAMTOOLS_IDXSTATS,1702998897000,1702998899000,1,69.6,,1073741824.0,,,0.0006243082694444444,0.0006243082694444444,0.0,309.34,
2354,NFCORE_CHIPSEQ:CHIPSEQ:FILTER_BAM_BAMTOOLS:BAM_SORT_SAMTOOLS:BAM_STATS_SAMTOOLS:SAMTOOLS_FLAGSTAT,1702998897000,1702998911000,2,135.5,,1073741824.0,,,0.008061491698263888,0.008061491698263888,0.0,309.34,
2336,NFCORE_CHIPSEQ:CHIPSEQ:UCSC_BEDGRAPHTOBIGWIG,1702998840000,1702998916000,1,99.2,,1073741824.0,,,0.03272439117777778,0.03272439117777778,0.0,309.34,
2362,NFCORE_CHIPSEQ:CHIPSEQ:FILTER_BAM_BAMTOOLS:BAM_SORT_SAMTOOLS:BAM_STATS_SAMTOOLS:SAMTOOLS_FLAGSTAT,1702998896000,1702998912000,2,128.4,,1073741824.0,,,0.008758618388888889,0.008758618388888889,0.0,309.34,
2368,NFCORE_CHIPSEQ:CHIPSEQ:FILTER_BAM_BAMTOOLS:BAM_SORT_SAMTOOLS:SAMTOOLS_INDEX,1702998895000,1702998912000,2,139.4,,1073741824.0,,,0.010054221310763889,0.010054221310763889,0.0,309.34,
2201,NFCORE_CHIPSEQ:CHIPSEQ:PHANTOMPEAKQUALTOOLS,1702998404000,1702998916000,1,18.8,,4294967296.0,,,0.10749633742222223,0.10749633742222223,0.0,309.34,
2369,NFCORE_CHIPSEQ:CHIPSEQ:FILTER_BAM_BAMTOOLS:BAM_SORT_SAMTOOLS:BAM_STATS_SAMTOOLS:SAMTOOLS_IDXSTATS,1702998919000,1702998921000,1,93.4,,1073741824.0,,,0.0008147564479166667,0.0008147564479166667,0.0,309.34,
2370,NFCORE_CHIPSEQ:CHIPSEQ:FILTER_BAM_BAMTOOLS:BAM_SORT_SAMTOOLS:BAM_STATS_SAMTOOLS:SAMTOOLS_FLAGSTAT,1702998916000,1702998927000,2,133.5,,1073741824.0,,,0.006246006924131944,0.006246006924131944,0.0,309.34,
2374,NFCORE_CHIPSEQ:CHIPSEQ:FILTER_BAM_BAMTOOLS:BAM_SORT_SAMTOOLS:SAMTOOLS_INDEX,1702998915000,1702998926000,2,151.8,,1073741824.0,,,0.007051410670486111,0.007051410670486111,0.0,309.34,
2380,NFCORE_CHIPSEQ:CHIPSEQ:FILTER_BAM_BAMTOOLS:BAM_SORT_SAMTOOLS:BAM_STATS_SAMTOOLS:SAMTOOLS_IDXSTATS,1702998925000,1702998926000,1,87.3,,1073741824.0,,,0.00038297204982638887,0.00038297204982638887,0.0,309.34,
2279,NFCORE_CHIPSEQ:CHIPSEQ:MACS2_CALLPEAK,1702998587000,1702998931000,1,97.6,,1892679680.0,,,0.15475626611840276,0.15475626611840276,0.0,309.34,
2379,NFCORE_CHIPSEQ:CHIPSEQ:FILTER_BAM_BAMTOOLS:BAM_SORT_SAMTOOLS:BAM_STATS_SAMTOOLS:SAMTOOLS_FLAGSTAT,1702998929000,1702998942000,2,141.6,,1073741824.0,,,0.007802951126388887,0.007802951126388887,0.0,309.34,
2385,NFCORE_CHIPSEQ:CHIPSEQ:FILTER_BAM_BAMTOOLS:BAM_SORT_SAMTOOLS:BAM_STATS_SAMTOOLS:SAMTOOLS_FLAGSTAT,1702998945000,1702998956000,2,145.2,,1073741824.0,,,0.006760937188194444,0.006760937188194444,0.0,309.34,
2257,NFCORE_CHIPSEQ:CHIPSEQ:HOMER_ANNOTATEPEAKS_MACS2,1702998562000,1702998968000,1,101.0,,4807720960.0,,,0.22529843764105906,0.22529843764105906,0.0,309.34,
2297,NFCORE_CHIPSEQ:CHIPSEQ:BEDTOOLS_GENOMECOV,1702998637000,1702998971000,2,122.4,,4567597056.0,,,0.21142572149062497,0.21142572149062497,0.0,309.34,
2387,NFCORE_CHIPSEQ:CHIPSEQ:FILTER_BAM_BAMTOOLS:BAM_SORT_SAMTOOLS:BAM_STATS_SAMTOOLS:SAMTOOLS_IDXSTATS,1702998971000,1702998971000,1,125.0,,1073741824.0,,,0.0,0.0,0.0,309.34,
2282,NFCORE_CHIPSEQ:CHIPSEQ:MACS2_CALLPEAK,1702998599000,1702998974000,1,97.5,,1892679680.0,,,0.1685522870279948,0.1685522870279948,0.0,309.34,
2333,NFCORE_CHIPSEQ:CHIPSEQ:PICARD_COLLECTMULTIPLEMETRICS,1702998863000,1702998982000,2,110.9,,2573205504.0,,,0.06240772714105903,0.06240772714105903,0.0,309.34,
2296,NFCORE_CHIPSEQ:CHIPSEQ:BEDTOOLS_GENOMECOV,1702998622000,1702998986000,2,122.0,,4567597056.0,,,0.22983350838680555,0.22983350838680555,0.0,309.34,
2304,NFCORE_CHIPSEQ:CHIPSEQ:MACS2_CALLPEAK,1702998629000,1702998986000,1,98.3,,1892679680.0,,,0.16160446632148434,0.16160446632148434,0.0,309.34,
2271,NFCORE_CHIPSEQ:CHIPSEQ:HOMER_ANNOTATEPEAKS_MACS2,1702998585000,1702998996000,1,100.8,,4807720960.0,,,0.22774416574309897,0.22774416574309897,0.0,309.34,
2273,NFCORE_CHIPSEQ:CHIPSEQ:HOMER_ANNOTATEPEAKS_MACS2,1702998599000,1702999006000,1,100.9,,4807720960.0,,,0.2256905187066406,0.2256905187066406,0.0,309.34,
2294,NFCORE_CHIPSEQ:CHIPSEQ:BEDTOOLS_GENOMECOV,1702998614000,1702999006000,2,121.5,,4567597056.0,,,0.24672881065,0.24672881065,0.0,309.34,
2351,NFCORE_CHIPSEQ:CHIPSEQ:PICARD_COLLECTMULTIPLEMETRICS,1702998899000,1702999016000,2,111.4,,2573205504.0,,,0.06159291698828125,0.06159291698828125,0.0,309.34,
2110,NFCORE_CHIPSEQ:CHIPSEQ:PHANTOMPEAKQUALTOOLS,1702998191000,1702999026000,1,14.9,,4294967296.0,,,0.1622821135876736,0.1622821135876736,0.0,309.34,
2394,NFCORE_CHIPSEQ:CHIPSEQ:UCSC_BEDGRAPHTOBIGWIG,1702998975000,1702999046000,1,102.5,,1073741824.0,,,0.031508907852951386,0.031508907852951386,0.0,309.34,
2397,NFCORE_CHIPSEQ:CHIPSEQ:UCSC_BEDGRAPHTOBIGWIG,1702998991000,1702999066000,1,102.6,,1073741824.0,,,0.033314065182291665,0.033314065182291665,0.0,309.34,
2310,NFCORE_CHIPSEQ:CHIPSEQ:BEDTOOLS_GENOMECOV,1702998693000,1702999084000,2,122.1,,4567597056.0,,,0.24703803786979164,0.24703803786979164,0.0,309.34,
2400,NFCORE_CHIPSEQ:CHIPSEQ:UCSC_BEDGRAPHTOBIGWIG,1702999012000,1702999096000,1,101.2,,1073741824.0,,,0.036841233975000005,0.036841233975000005,0.0,309.34,
2308,NFCORE_CHIPSEQ:CHIPSEQ:HOMER_ANNOTATEPEAKS_MACS2,1702998692000,1702999111000,1,101.0,,4807720960.0,,,0.23251242702365452,0.23251242702365452,0.0,309.34,
2311,NFCORE_CHIPSEQ:CHIPSEQ:HOMER_ANNOTATEPEAKS_MACS2,1702998689000,1702999112000,1,100.8,,4807720960.0,,,0.2343936304363281,0.2343936304363281,0.0,309.34,
2372,NFCORE_CHIPSEQ:CHIPSEQ:PICARD_COLLECTMULTIPLEMETRICS,1702998989000,1702999112000,2,113.2,,2573205504.0,,,0.06563735220651042,0.06563735220651042,0.0,309.34,
2386,NFCORE_CHIPSEQ:CHIPSEQ:FILTER_BAM_BAMTOOLS:BAM_SORT_SAMTOOLS:BAM_STATS_SAMTOOLS:SAMTOOLS_STATS,1702999069000,1702999111000,2,131.3,,1073741824.0,,,0.02347869655104167,0.02347869655104167,0.0,309.34,
2344,NFCORE_CHIPSEQ:CHIPSEQ:PICARD_COLLECTMULTIPLEMETRICS,1702999009000,1702999116000,2,112.1,,2573205504.0,,,0.056628240919184024,0.056628240919184024,0.0,309.34,
2366,NFCORE_CHIPSEQ:CHIPSEQ:PICARD_COLLECTMULTIPLEMETRICS,1702999019000,1702999120000,2,114.3,,2573205504.0,,,0.054341850440885416,0.054341850440885416,0.0,309.34,
2350,NFCORE_CHIPSEQ:CHIPSEQ:PICARD_COLLECTMULTIPLEMETRICS,1702999049000,1702999134000,2,114.6,,2573205504.0,,,0.045835266279947905,0.045835266279947905,0.0,309.34,
2359,NFCORE_CHIPSEQ:CHIPSEQ:FILTER_BAM_BAMTOOLS:BAM_SORT_SAMTOOLS:BAM_STATS_SAMTOOLS:SAMTOOLS_STATS,1702999087000,1702999131000,2,127.4,,1073741824.0,,,0.023910156034722217,0.023910156034722217,0.0,309.34,
2314,NFCORE_CHIPSEQ:CHIPSEQ:HOMER_ANNOTATEPEAKS_MACS2,1702998719000,1702999141000,1,99.7,,4807720960.0,,,0.23198223853723957,0.23198223853723957,0.0,309.34,
2316,NFCORE_CHIPSEQ:CHIPSEQ:HOMER_ANNOTATEPEAKS_MACS2,1702998729000,1702999146000,1,99.7,,4807720960.0,,,0.22923363381523434,0.22923363381523434,0.0,309.34,
2340,NFCORE_CHIPSEQ:CHIPSEQ:FILTER_BAM_BAMTOOLS:BAM_SORT_SAMTOOLS:BAM_STATS_SAMTOOLS:SAMTOOLS_STATS,1702999114000,1702999156000,2,127.5,,1073741824.0,,,0.022840135011458335,0.022840135011458335,0.0,309.34,
2355,NFCORE_CHIPSEQ:CHIPSEQ:FILTER_BAM_BAMTOOLS:BAM_SORT_SAMTOOLS:BAM_STATS_SAMTOOLS:SAMTOOLS_STATS,1702999119000,1702999156000,2,126.6,,1073741824.0,,,0.019987837614930552,0.019987837614930552,0.0,309.34,
2378,NFCORE_CHIPSEQ:CHIPSEQ:FILTER_BAM_BAMTOOLS:BAM_SORT_SAMTOOLS:BAM_STATS_SAMTOOLS:SAMTOOLS_STATS,1702999134000,1702999167000,2,127.8,,1073741824.0,,,0.01798543038645833,0.01798543038645833,0.0,309.34,
2371,NFCORE_CHIPSEQ:CHIPSEQ:FILTER_BAM_BAMTOOLS:BAM_SORT_SAMTOOLS:BAM_STATS_SAMTOOLS:SAMTOOLS_STATS,1702999144000,1702999171000,2,127.9,,1073741824.0,,,0.014726154867187499,0.014726154867187499,0.0,309.34,
2405,NFCORE_CHIPSEQ:CHIPSEQ:UCSC_BEDGRAPHTOBIGWIG,1702999099000,1702999175000,1,100.3,,1073741824.0,,,0.033058875793750005,0.033058875793750005,0.0,309.34,
2381,NFCORE_CHIPSEQ:CHIPSEQ:MACS2_CALLPEAK,1702998919000,1702999183000,1,98.9,,1892679680.0,,,0.12013958415937502,0.12013958415937502,0.0,309.34,
1252,NFCORE_CHIPSEQ:CHIPSEQ:FILTER_BAM_BAMTOOLS:BAM_SORT_SAMTOOLS:SAMTOOLS_SORT,1702999159000,1702999180000,5,435.1,,6309281792.0,,,0.04071406403658854,0.04071406403658854,0.0,309.34,
1470,NFCORE_CHIPSEQ:CHIPSEQ:FILTER_BAM_BAMTOOLS:BAM_SORT_SAMTOOLS:SAMTOOLS_SORT,1702999178000,1702999186000,5,418.9,,6309281792.0,,,0.014991588457986111,0.014991588457986111,0.0,309.34,
2389,NFCORE_CHIPSEQ:CHIPSEQ:MACS2_CALLPEAK,1702998930000,1702999196000,1,98.9,,1892679680.0,,,0.12104973252421877,0.12104973252421877,0.0,309.34,
2411,NFCORE_CHIPSEQ:CHIPSEQ:FILTER_BAM_BAMTOOLS:BAM_SORT_SAMTOOLS:SAMTOOLS_INDEX,1702999188000,1702999196000,2,151.0,,1073741824.0,,,0.005102692191666667,0.005102692191666667,0.0,309.34,
2416,NFCORE_CHIPSEQ:CHIPSEQ:FILTER_BAM_BAMTOOLS:BAM_SORT_SAMTOOLS:SAMTOOLS_INDEX,1702999188000,1702999196000,2,146.2,,1073741824.0,,,0.004949053324999999,0.004949053324999999,0.0,309.34,
1476,NFCORE_CHIPSEQ:CHIPSEQ:FILTER_BAM_BAMTOOLS:BAM_SORT_SAMTOOLS:SAMTOOLS_SORT,1702999183000,1702999212000,5,394.1,,6309281792.0,,,0.05146698021992187,0.05146698021992187,0.0,309.34,
2365,NFCORE_CHIPSEQ:CHIPSEQ:FRIP_SCORE,1702999123000,1702999217000,2,126.3,,1073741824.0,,,0.05066708323576388,0.05066708323576388,0.0,309.34,
2396,NFCORE_CHIPSEQ:CHIPSEQ:FRIP_SCORE,1702999115000,1702999221000,2,127.8,,1073741824.0,,,0.057771382453472214,0.057771382453472214,0.0,309.34,
2399,NFCORE_CHIPSEQ:CHIPSEQ:FRIP_SCORE,1702999116000,1702999224000,2,127.6,,1073741824.0,,,0.058774986674999995,0.058774986674999995,0.0,309.34,
2421,NFCORE_CHIPSEQ:CHIPSEQ:FILTER_BAM_BAMTOOLS:BAM_SORT_SAMTOOLS:BAM_STATS_SAMTOOLS:SAMTOOLS_FLAGSTAT,1702999220000,1702999226000,2,149.7,,1073741824.0,,,0.0037958112489583327,0.0037958112489583327,0.0,309.34,
2427,NFCORE_CHIPSEQ:CHIPSEQ:FILTER_BAM_BAMTOOLS:BAM_SORT_SAMTOOLS:BAM_STATS_SAMTOOLS:SAMTOOLS_FLAGSTAT,1702999224000,1702999226000,2,143.6,,1073741824.0,,,0.0012164580680555552,0.0012164580680555552,0.0,309.34,
2430,NFCORE_CHIPSEQ:CHIPSEQ:FILTER_BAM_BAMTOOLS:BAM_SORT_SAMTOOLS:SAMTOOLS_INDEX,1702999215000,1702999224000,2,148.5,,1073741824.0,,,0.0056505059421875,0.0056505059421875,0.0,309.34,
2361,NFCORE_CHIPSEQ:CHIPSEQ:MACS2_CALLPEAK,1702998887000,1702999229000,1,99.2,,1892679680.0,,,0.15604587423515623,0.15604587423515623,0.0,309.34,
2420,NFCORE_CHIPSEQ:CHIPSEQ:FILTER_BAM_BAMTOOLS:BAM_SORT_SAMTOOLS:BAM_STATS_SAMTOOLS:SAMTOOLS_IDXSTATS,1702999227000,1702999229000,1,115.1,,1073741824.0,,,0.0009884003753472222,0.0009884003753472222,0.0,309.34,
2428,NFCORE_CHIPSEQ:CHIPSEQ:FILTER_BAM_BAMTOOLS:BAM_SORT_SAMTOOLS:BAM_STATS_SAMTOOLS:SAMTOOLS_IDXSTATS,1702999227000,1702999229000,1,91.4,,1073741824.0,,,0.0007987523993055555,0.0007987523993055555,0.0,309.34,
2341,NFCORE_CHIPSEQ:CHIPSEQ:MACS2_CALLPEAK,1702998849000,1702999235000,1,97.8,,1892679680.0,,,0.17395980465477429,0.17395980465477429,0.0,309.34,
2391,NFCORE_CHIPSEQ:CHIPSEQ:FRIP_SCORE,1702999137000,1702999235000,2,125.6,,1073741824.0,,,0.05254865989722221,0.05254865989722221,0.0,309.34,
2440,NFCORE_CHIPSEQ:CHIPSEQ:FILTER_BAM_BAMTOOLS:BAM_SORT_SAMTOOLS:BAM_STATS_SAMTOOLS:SAMTOOLS_IDXSTATS,1702999232000,1702999235000,1,84.8,,1073741824.0,,,0.0011189085583333334,0.0011189085583333334,0.0,309.34,
2415,NFCORE_CHIPSEQ:CHIPSEQ:PICARD_COLLECTMULTIPLEMETRICS,1702999199000,1702999246000,2,125.4,,2573205504.0,,,0.027375119829427082,0.027375119829427082,0.0,309.34,
2438,NFCORE_CHIPSEQ:CHIPSEQ:FILTER_BAM_BAMTOOLS:BAM_SORT_SAMTOOLS:BAM_STATS_SAMTOOLS:SAMTOOLS_FLAGSTAT,1702999238000,1702999246000,2,141.1,,1073741824.0,,,0.004785812029166666,0.004785812029166666,0.0,309.34,
2384,NFCORE_CHIPSEQ:CHIPSEQ:BEDTOOLS_GENOMECOV,1702998985000,1702999250000,2,123.3,,4567597056.0,,,0.16870219407812498,0.16870219407812498,0.0,309.34,
2375,NFCORE_CHIPSEQ:CHIPSEQ:BEDTOOLS_GENOMECOV,1702998916000,1702999276000,2,122.6,,4567597056.0,,,0.22817208406249997,0.22817208406249997,0.0,309.34,
2347,NFCORE_CHIPSEQ:CHIPSEQ:BEDTOOLS_GENOMECOV,1702998897000,1702999291000,2,122.8,,4567597056.0,,,0.2500369495371528,0.2500369495371528,0.0,309.34,
2358,NFCORE_CHIPSEQ:CHIPSEQ:MACS2_CALLPEAK,1702998887000,1702999291000,1,98.5,,1892679680.0,,,0.1832034061345486,0.1832034061345486,0.0,309.34,
2392,NFCORE_CHIPSEQ:CHIPSEQ:BEDTOOLS_GENOMECOV,1702998959000,1702999291000,2,123.2,,4567597056.0,,,0.21122236803402775,0.21122236803402775,0.0,309.34,
2413,NFCORE_CHIPSEQ:CHIPSEQ:PICARD_COLLECTMULTIPLEMETRICS,1702999200000,1702999291000,2,113.7,,2573205504.0,,,0.04874301394557291,0.04874301394557291,0.0,309.34,
2364,NFCORE_CHIPSEQ:CHIPSEQ:HOMER_ANNOTATEPEAKS_MACS2,1702998893000,1702999306000,1,100.8,,4807720960.0,,,0.22885240985863714,0.22885240985863714,0.0,309.34,
2449,NFCORE_CHIPSEQ:CHIPSEQ:UCSC_BEDGRAPHTOBIGWIG,1702999256000,1702999309000,1,100.7,,1073741824.0,,,0.02313903747170139,0.02313903747170139,0.0,309.34,
2409,NFCORE_CHIPSEQ:CHIPSEQ:FRIP_SCORE,1702999229000,1702999319000,2,128.1,,1073741824.0,,,0.049159201109374995,0.049159201109374995,0.0,309.34,
2431,NFCORE_CHIPSEQ:CHIPSEQ:PICARD_COLLECTMULTIPLEMETRICS,1702999228000,1702999317000,2,114.0,,2573205504.0,,,0.04777856593828124,0.04777856593828124,0.0,309.34,
2114,NFCORE_CHIPSEQ:CHIPSEQ:PHANTOMPEAKQUALTOOLS,1702998200000,1702999321000,1,13.6,,4294967296.0,,,0.21203549185416665,0.21203549185416665,0.0,309.34,
2439,NFCORE_CHIPSEQ:CHIPSEQ:FILTER_BAM_BAMTOOLS:BAM_SORT_SAMTOOLS:BAM_STATS_SAMTOOLS:SAMTOOLS_STATS,1702999294000,1702999326000,2,128.5,,1073741824.0,,,0.017530040016666665,0.017530040016666665,0.0,309.34,
2390,NFCORE_CHIPSEQ:CHIPSEQ:HOMER_ANNOTATEPEAKS_MACS2,1702998934000,1702999336000,1,101.2,,4807720960.0,,,0.22340042997734375,0.22340042997734375,0.0,309.34,
2447,NFCORE_CHIPSEQ:CHIPSEQ:MULTIQC_CUSTOM_PEAKS,1702999339000,1702999340000,2,124.7,,1073741824.0,,,0.0005326099043402778,0.0005326099043402778,0.0,309.34,
2419,NFCORE_CHIPSEQ:CHIPSEQ:FRIP_SCORE,1702999229000,1702999343000,2,128.4,,1073741824.0,,,0.06240515602083334,0.06240515602083334,0.0,309.34,
2429,NFCORE_CHIPSEQ:CHIPSEQ:FILTER_BAM_BAMTOOLS:BAM_SORT_SAMTOOLS:BAM_STATS_SAMTOOLS:SAMTOOLS_STATS,1702999329000,1702999341000,2,124.1,,1073741824.0,,,0.006362511564583333,0.006362511564583333,0.0,309.34,
2433,NFCORE_CHIPSEQ:CHIPSEQ:MULTIQC_CUSTOM_PEAKS,1702999339000,1702999341000,2,123.1,,1073741824.0,,,0.0010524165697916666,0.0010524165697916666,0.0,309.34,
2434,NFCORE_CHIPSEQ:CHIPSEQ:MULTIQC_CUSTOM_PEAKS,1702999342000,1702999343000,2,154.8,,1073741824.0,,,0.0006530403701388889,0.0006530403701388889,0.0,309.34,
2435,NFCORE_CHIPSEQ:CHIPSEQ:MULTIQC_CUSTOM_PEAKS,1702999343000,1702999345000,2,87.7,,1073741824.0,,,0.0007691449093749999,0.0007691449093749999,0.0,309.34,
2456,NFCORE_CHIPSEQ:CHIPSEQ:MULTIQC_CUSTOM_PEAKS,1702999343000,1702999345000,2,50.8,,1073741824.0,,,0.00047387021249999995,0.00047387021249999995,0.0,309.34,
2459,NFCORE_CHIPSEQ:CHIPSEQ:MULTIQC_CUSTOM_PEAKS,1702999346000,1702999347000,2,129.7,,1073741824.0,,,0.0005526149651041666,0.0005526149651041666,0.0,309.34,
2422,NFCORE_CHIPSEQ:CHIPSEQ:FILTER_BAM_BAMTOOLS:BAM_SORT_SAMTOOLS:BAM_STATS_SAMTOOLS:SAMTOOLS_STATS,1702999321000,1702999351000,2,128.5,,1073741824.0,,,0.016434412515625,0.016434412515625,0.0,309.34,
2377,NFCORE_CHIPSEQ:CHIPSEQ:BEDTOOLS_GENOMECOV,1702998929000,1702999356000,2,122.6,,4567597056.0,,,0.27063744415190966,0.27063744415190966,0.0,309.34,
2426,NFCORE_CHIPSEQ:CHIPSEQ:MACS2_CALLPEAK,1702999215000,1702999356000,1,99.5,,1892679680.0,,,0.06450394534960938,0.06450394534960938,0.0,309.34,
2437,NFCORE_CHIPSEQ:CHIPSEQ:BEDTOOLS_GENOMECOV,1702999250000,1702999356000,2,121.3,,4567597056.0,,,0.0666326630548611,0.0666326630548611,0.0,309.34,
1485,NFCORE_CHIPSEQ:CHIPSEQ:FILTER_BAM_BAMTOOLS:BAM_SORT_SAMTOOLS:SAMTOOLS_SORT,1702999350000,1702999359000,5,422.7,,6309281792.0,,,0.017002371630859374,0.017002371630859374,0.0,309.34,
2450,NFCORE_CHIPSEQ:CHIPSEQ:UCSC_BEDGRAPHTOBIGWIG,1702999294000,1702999369000,1,100.8,,1073741824.0,,,0.03277392854166667,0.03277392854166667,0.0,309.34,
2464,NFCORE_CHIPSEQ:CHIPSEQ:FILTER_BAM_BAMTOOLS:BAM_SORT_SAMTOOLS:SAMTOOLS_INDEX,1702999363000,1702999369000,2,143.2,,1073741824.0,,,0.0036397717749999995,0.0036397717749999995,0.0,309.34,
2451,NFCORE_CHIPSEQ:CHIPSEQ:UCSC_BEDGRAPHTOBIGWIG,1702999295000,1702999374000,1,100.8,,1073741824.0,,,0.03452187139722222,0.03452187139722222,0.0,309.34,
1505,NFCORE_CHIPSEQ:CHIPSEQ:FILTER_BAM_BAMTOOLS:BAM_SORT_SAMTOOLS:SAMTOOLS_SORT,1702999359000,1702999373000,5,406.1,,6309281792.0,,,0.02551829842369792,0.02551829842369792,0.0,309.34,
2393,NFCORE_CHIPSEQ:CHIPSEQ:BEDTOOLS_GENOMECOV,1702998974000,1702999376000,2,122.8,,4567597056.0,,,0.2551138419135417,0.2551138419135417,0.0,309.34,
2454,NFCORE_CHIPSEQ:CHIPSEQ:UCSC_BEDGRAPHTOBIGWIG,1702999309000,1702999376000,1,100.5,,1073741824.0,,,0.02919762248628472,0.02919762248628472,0.0,309.34,
2470,NFCORE_CHIPSEQ:CHIPSEQ:FILTER_BAM_BAMTOOLS:BAM_SORT_SAMTOOLS:BAM_STATS_SAMTOOLS:SAMTOOLS_FLAGSTAT,1702999374000,1702999380000,2,137.5,,1073741824.0,,,0.003502937159375,0.003502937159375,0.0,309.34,
2471,NFCORE_CHIPSEQ:CHIPSEQ:FILTER_BAM_BAMTOOLS:BAM_SORT_SAMTOOLS:BAM_STATS_SAMTOOLS:SAMTOOLS_IDXSTATS,1702999374000,1702999376000,1,115.7,,1073741824.0,,,0.0009932015899305556,0.0009932015899305556,0.0,309.34,
2463,NFCORE_CHIPSEQ:CHIPSEQ:UCSC_BEDGRAPHTOBIGWIG,1702999364000,1702999383000,1,100.3,,1073741824.0,,,0.008264718948437501,0.008264718948437501,0.0,309.34,
2395,NFCORE_CHIPSEQ:CHIPSEQ:HOMER_ANNOTATEPEAKS_MACS2,1702998980000,1702999392000,1,99.5,,4807720960.0,,,0.2261553456918403,0.2261553456918403,0.0,309.34,
2462,NFCORE_CHIPSEQ:CHIPSEQ:FRIP_SCORE,1702999362000,1702999391000,2,126.7,,1073741824.0,,,0.015677745930729167,0.015677745930729167,0.0,309.34,
2469,NFCORE_CHIPSEQ:CHIPSEQ:FILTER_BAM_BAMTOOLS:BAM_SORT_SAMTOOLS:BAM_STATS_SAMTOOLS:SAMTOOLS_STATS,1702999379000,1702999395000,2,125.9,,1073741824.0,,,0.008598577902777777,0.008598577902777777,0.0,309.34,
2477,NFCORE_CHIPSEQ:CHIPSEQ:FILTER_BAM_BAMTOOLS:BAM_SORT_SAMTOOLS:SAMTOOLS_INDEX,1702999383000,1702999391000,2,146.6,,1073741824.0,,,0.004961856563888889,0.004961856563888889,0.0,309.34,
1515,NFCORE_CHIPSEQ:CHIPSEQ:FILTER_BAM_BAMTOOLS:BAM_SORT_SAMTOOLS:SAMTOOLS_SORT,1702999376000,1702999392000,5,395.7,,6309281792.0,,,0.028498001204861106,0.028498001204861106,0.0,309.34,
2482,NFCORE_CHIPSEQ:CHIPSEQ:MULTIQC_CUSTOM_PEAKS,1702999399000,1702999403000,2,28.3,,1073741824.0,,,0.00058764933125,0.00058764933125,0.0,309.34,
2444,NFCORE_CHIPSEQ:CHIPSEQ:FRIP_SCORE,1702999279000,1702999406000,2,125.7,,1073741824.0,,,0.06814958639461804,0.06814958639461804,0.0,309.34,
2446,NFCORE_CHIPSEQ:CHIPSEQ:FRIP_SCORE,1702999294000,1702999406000,2,128.6,,1073741824.0,,,0.06139995139444444,0.06139995139444444,0.0,309.34,
2484,NFCORE_CHIPSEQ:CHIPSEQ:FILTER_BAM_BAMTOOLS:BAM_SORT_SAMTOOLS:BAM_STATS_SAMTOOLS:SAMTOOLS_FLAGSTAT,1702999399000,1702999406000,2,147.3,,1073741824.0,,,0.0043612294529513885,0.0043612294529513885,0.0,309.34,
2483,NFCORE_CHIPSEQ:CHIPSEQ:FILTER_BAM_BAMTOOLS:BAM_SORT_SAMTOOLS:BAM_STATS_SAMTOOLS:SAMTOOLS_IDXSTATS,1702999409000,1702999409000,1,84.7,,1073741824.0,,,0.0,0.0,0.0,309.34,
1516,NFCORE_CHIPSEQ:CHIPSEQ:FILTER_BAM_BAMTOOLS:BAM_SORT_SAMTOOLS:SAMTOOLS_SORT,1702999396000,1702999409000,5,426.0,,6309281792.0,,,0.024730624665928822,0.024730624665928822,0.0,309.34,
2398,NFCORE_CHIPSEQ:CHIPSEQ:HOMER_ANNOTATEPEAKS_MACS2,1702999001000,1702999409000,1,100.7,,4807720960.0,,,0.22591855827395835,0.22591855827395835,0.0,309.34,
2488,NFCORE_CHIPSEQ:CHIPSEQ:FILTER_BAM_BAMTOOLS:BAM_SORT_SAMTOOLS:SAMTOOLS_INDEX,1702999406000,1702999413000,2,150.1,,1073741824.0,,,0.004439649291145833,0.004439649291145833,0.0,309.34,
2466,NFCORE_CHIPSEQ:CHIPSEQ:PICARD_COLLECTMULTIPLEMETRICS,1702999363000,1702999424000,2,121.8,,2573205504.0,,,0.03465078857369792,0.03465078857369792,0.0,309.34,
2491,NFCORE_CHIPSEQ:CHIPSEQ:MULTIQC_CUSTOM_PEAKS,1702999417000,1702999422000,2,126.3,,1073741824.0,,,0.0026950576189236114,0.0026950576189236114,0.0,309.34,
2496,NFCORE_CHIPSEQ:CHIPSEQ:FILTER_BAM_BAMTOOLS:BAM_SORT_SAMTOOLS:SAMTOOLS_INDEX,1702999413000,1702999421000,2,147.8,,1073741824.0,,,0.005000266280555555,0.005000266280555555,0.0,309.34,
2499,NFCORE_CHIPSEQ:CHIPSEQ:FILTER_BAM_BAMTOOLS:BAM_SORT_SAMTOOLS:BAM_STATS_SAMTOOLS:SAMTOOLS_IDXSTATS,1702999417000,1702999422000,1,85.3,,1073741824.0,,,0.0018748501276041666,0.0018748501276041666,0.0,309.34,
2453,NFCORE_CHIPSEQ:CHIPSEQ:FRIP_SCORE,1702999319000,1702999426000,2,125.3,,1073741824.0,,,0.05724612474461806,0.05724612474461806,0.0,309.34,
2498,NFCORE_CHIPSEQ:CHIPSEQ:FILTER_BAM_BAMTOOLS:BAM_SORT_SAMTOOLS:BAM_STATS_SAMTOOLS:SAMTOOLS_FLAGSTAT,1702999424000,1702999430000,2,142.3,,1073741824.0,,,0.0036181663093750004,0.0036181663093750004,0.0,309.34,
2502,NFCORE_CHIPSEQ:CHIPSEQ:FILTER_BAM_BAMTOOLS:BAM_SORT_SAMTOOLS:BAM_STATS_SAMTOOLS:SAMTOOLS_IDXSTATS,1702999428000,1702999431000,1,6.7,,1073741824.0,,,0.0001814714109375,0.0001814714109375,0.0,309.34,
2485,NFCORE_CHIPSEQ:CHIPSEQ:FILTER_BAM_BAMTOOLS:BAM_SORT_SAMTOOLS:BAM_STATS_SAMTOOLS:SAMTOOLS_STATS,1702999409000,1702999433000,2,127.2,,1073741824.0,,,0.013022698433333332,0.013022698433333332,0.0,309.34,
2500,NFCORE_CHIPSEQ:CHIPSEQ:FILTER_BAM_BAMTOOLS:BAM_SORT_SAMTOOLS:BAM_STATS_SAMTOOLS:SAMTOOLS_FLAGSTAT,1702999430000,1702999435000,2,137.7,,1073741824.0,,,0.0029231153116319438,0.0029231153116319438,0.0,309.34,
2460,NFCORE_CHIPSEQ:CHIPSEQ:UCSC_BEDGRAPHTOBIGWIG,1702999361000,1702999446000,1,100.3,,1073741824.0,,,0.036973742664062496,0.036973742664062496,0.0,309.34,
2503,NFCORE_CHIPSEQ:CHIPSEQ:MULTIQC_CUSTOM_PEAKS,1702999438000,1702999447000,2,0.6,,1073741824.0,,,0.00032475866562499997,0.00032475866562499997,0.0,309.34,
2492,NFCORE_CHIPSEQ:CHIPSEQ:MULTIQC_CUSTOM_PEAKS,1702999451000,1702999451000,2,72.7,,1073741824.0,,,0.0,0.0,0.0,309.34,
2497,NFCORE_CHIPSEQ:CHIPSEQ:FILTER_BAM_BAMTOOLS:BAM_SORT_SAMTOOLS:BAM_STATS_SAMTOOLS:SAMTOOLS_STATS,1702999427000,1702999451000,2,128.0,,1073741824.0,,,0.013099517866666665,0.013099517866666665,0.0,309.34,
2476,NFCORE_CHIPSEQ:CHIPSEQ:PICARD_COLLECTMULTIPLEMETRICS,1702999383000,1702999454000,2,116.7,,2573205504.0,,,0.038882479216406245,0.038882479216406245,0.0,309.34,
2501,NFCORE_CHIPSEQ:CHIPSEQ:FILTER_BAM_BAMTOOLS:BAM_SORT_SAMTOOLS:BAM_STATS_SAMTOOLS:SAMTOOLS_STATS,1702999432000,1702999461000,2,127.2,,1073741824.0,,,0.015735760606944444,0.015735760606944444,0.0,309.34,
2424,NFCORE_CHIPSEQ:CHIPSEQ:MACS2_CALLPEAK,1702999215000,1702999466000,1,98.1,,1892679680.0,,,0.11342021654761283,0.11342021654761283,0.0,309.34,
2478,NFCORE_CHIPSEQ:CHIPSEQ:UCSC_BEDGRAPHTOBIGWIG,1702999386000,1702999469000,1,100.6,,1073741824.0,,,0.03620339745104166,0.03620339745104166,0.0,309.34,
2442,NFCORE_CHIPSEQ:CHIPSEQ:MACS2_CALLPEAK,1702999232000,1702999481000,1,98.3,,1892679680.0,,,0.11271572020742186,0.11271572020742186,0.0,309.34,
2490,NFCORE_CHIPSEQ:CHIPSEQ:PICARD_COLLECTMULTIPLEMETRICS,1702999409000,1702999485000,2,116.3,,2573205504.0,,,0.041499051208680554,0.041499051208680554,0.0,309.34,
1564,NFCORE_CHIPSEQ:CHIPSEQ:FILTER_BAM_BAMTOOLS:BAM_SORT_SAMTOOLS:SAMTOOLS_SORT,1702999457000,1702999486000,5,442.1,,6309281792.0,,,0.05703638913658854,0.05703638913658854,0.0,309.34,
1584,NFCORE_CHIPSEQ:CHIPSEQ:FILTER_BAM_BAMTOOLS:BAM_SORT_SAMTOOLS:SAMTOOLS_SORT,1702999470000,1702999496000,5,421.4,,6309281792.0,,,0.048982728278385415,0.048982728278385415,0.0,309.34,
2495,NFCORE_CHIPSEQ:CHIPSEQ:PICARD_COLLECTMULTIPLEMETRICS,1702999425000,1702999502000,2,116.5,,2573205504.0,,,0.042106706943315975,0.042106706943315975,0.0,309.34,
2414,NFCORE_CHIPSEQ:CHIPSEQ:PHANTOMPEAKQUALTOOLS,1702999199000,1702999502000,1,19.6,,4294967296.0,,,0.06458584190625,0.06458584190625,0.0,309.34,
2517,NFCORE_CHIPSEQ:CHIPSEQ:FILTER_BAM_BAMTOOLS:BAM_SORT_SAMTOOLS:SAMTOOLS_INDEX,1702999500000,1702999512000,2,147.2,,1073741824.0,,,0.007471592133333332,0.007471592133333332,0.0,309.34,
2513,NFCORE_CHIPSEQ:CHIPSEQ:FILTER_BAM_BAMTOOLS:BAM_SORT_SAMTOOLS:SAMTOOLS_INDEX,1702999506000,1702999516000,2,153.0,,1073741824.0,,,0.006458385482638889,0.006458385482638889,0.0,309.34,
1811,NFCORE_CHIPSEQ:CHIPSEQ:FILTER_BAM_BAMTOOLS:BAM_SORT_SAMTOOLS:SAMTOOLS_SORT,1702999489000,1702999516000,5,422.5,,6309281792.0,,,0.05098550942695312,0.05098550942695312,0.0,309.34,
2448,NFCORE_CHIPSEQ:CHIPSEQ:BEDTOOLS_GENOMECOV,1702999252000,1702999522000,2,121.5,,4567597056.0,,,0.16994076243749998,0.16994076243749998,0.0,309.34,
2521,NFCORE_CHIPSEQ:CHIPSEQ:FILTER_BAM_BAMTOOLS:BAM_SORT_SAMTOOLS:BAM_STATS_SAMTOOLS:SAMTOOLS_IDXSTATS,1702999521000,1702999522000,1,80.8,,1073741824.0,,,0.0003569654708333333,0.0003569654708333333,0.0,309.34,
2526,NFCORE_CHIPSEQ:CHIPSEQ:FILTER_BAM_BAMTOOLS:BAM_SORT_SAMTOOLS:BAM_STATS_SAMTOOLS:SAMTOOLS_IDXSTATS,1702999522000,1702999522000,1,100.8,,1073741824.0,,,0.0,0.0,0.0,309.34,
2436,NFCORE_CHIPSEQ:CHIPSEQ:BEDTOOLS_GENOMECOV,1702999250000,1702999530000,2,121.6,,4567597056.0,,,0.1763468930902778,0.1763468930902778,0.0,309.34,
2480,NFCORE_CHIPSEQ:CHIPSEQ:BEDTOOLS_GENOMECOV,1702999394000,1702999526000,2,121.0,,4567597056.0,,,0.08281808372291667,0.08281808372291667,0.0,309.34,
2522,NFCORE_CHIPSEQ:CHIPSEQ:FILTER_BAM_BAMTOOLS:BAM_SORT_SAMTOOLS:BAM_STATS_SAMTOOLS:SAMTOOLS_FLAGSTAT,1702999520000,1702999530000,2,139.8,,1073741824.0,,,0.005930251878472223,0.005930251878472223,0.0,309.34,
2530,NFCORE_CHIPSEQ:CHIPSEQ:FILTER_BAM_BAMTOOLS:BAM_SORT_SAMTOOLS:SAMTOOLS_INDEX,1702999527000,1702999537000,2,139.8,,1073741824.0,,,0.005930251878472223,0.005930251878472223,0.0,309.34,
2525,NFCORE_CHIPSEQ:CHIPSEQ:FILTER_BAM_BAMTOOLS:BAM_SORT_SAMTOOLS:BAM_STATS_SAMTOOLS:SAMTOOLS_FLAGSTAT,1702999529000,1702999541000,2,135.5,,1073741824.0,,,0.006909850027083333,0.006909850027083333,0.0,309.34,
2523,NFCORE_CHIPSEQ:CHIPSEQ:FILTER_BAM_BAMTOOLS:BAM_SORT_SAMTOOLS:BAM_STATS_SAMTOOLS:SAMTOOLS_STATS,1702999520000,1702999557000,2,124.5,,1073741824.0,,,0.019676958970659724,0.019676958970659724,0.0,309.34,
2511,NFCORE_CHIPSEQ:CHIPSEQ:FRIP_SCORE,1702999488000,1702999571000,2,123.9,,1073741824.0,,,0.04394095485329861,0.04394095485329861,0.0,309.34,
2534,NFCORE_CHIPSEQ:CHIPSEQ:UCSC_BEDGRAPHTOBIGWIG,1702999540000,1702999571000,1,100.2,,1073741824.0,,,0.013472138304513888,0.013472138304513888,0.0,309.34,
2540,NFCORE_CHIPSEQ:CHIPSEQ:FILTER_BAM_BAMTOOLS:BAM_SORT_SAMTOOLS:BAM_STATS_SAMTOOLS:SAMTOOLS_FLAGSTAT,1702999560000,1702999571000,2,135.3,,1073741824.0,,,0.006325226964756945,0.006325226964756945,0.0,309.34,
2524,NFCORE_CHIPSEQ:CHIPSEQ:FILTER_BAM_BAMTOOLS:BAM_SORT_SAMTOOLS:BAM_STATS_SAMTOOLS:SAMTOOLS_STATS,1702999534000,1702999576000,2,127.6,,1073741824.0,,,0.022856939262499994,0.022856939262499994,0.0,309.34,
2538,NFCORE_CHIPSEQ:CHIPSEQ:FILTER_BAM_BAMTOOLS:BAM_SORT_SAMTOOLS:BAM_STATS_SAMTOOLS:SAMTOOLS_IDXSTATS,1702999575000,1702999576000,1,76.6,,1073741824.0,,,0.0003401612197916666,0.0003401612197916666,0.0,309.34,
2532,NFCORE_CHIPSEQ:CHIPSEQ:UCSC_BEDGRAPHTOBIGWIG,1702999526000,1702999587000,1,100.2,,1073741824.0,,,0.026509691502430557,0.026509691502430557,0.0,309.34,
2487,NFCORE_CHIPSEQ:CHIPSEQ:MACS2_CALLPEAK,1702999399000,1702999588000,1,99.5,,1892679680.0,,,0.08646273525585937,0.08646273525585937,0.0,309.34,
2410,NFCORE_CHIPSEQ:CHIPSEQ:HOMER_ANNOTATEPEAKS_MACS2,1702999186000,1702999594000,1,100.5,,4807720960.0,,,0.22559207568229167,0.22559207568229167,0.0,309.34,
2516,NFCORE_CHIPSEQ:CHIPSEQ:PICARD_COLLECTMULTIPLEMETRICS,1702999500000,1702999601000,2,113.4,,2573205504.0,,,0.053978158436197916,0.053978158436197916,0.0,309.34,
2533,NFCORE_CHIPSEQ:CHIPSEQ:UCSC_BEDGRAPHTOBIGWIG,1702999547000,1702999601000,1,100.8,,1073741824.0,,,0.023597228550000002,0.023597228550000002,0.0,309.34,
2539,NFCORE_CHIPSEQ:CHIPSEQ:FILTER_BAM_BAMTOOLS:BAM_SORT_SAMTOOLS:BAM_STATS_SAMTOOLS:SAMTOOLS_STATS,1702999579000,1702999611000,2,127.4,,1073741824.0,,,0.017389204388888885,0.017389204388888885,0.0,309.34,
2418,NFCORE_CHIPSEQ:CHIPSEQ:HOMER_ANNOTATEPEAKS_MACS2,1702999203000,1702999615000,1,100.7,,4807720960.0,,,0.2281334461001736,0.2281334461001736,0.0,309.34,
2493,NFCORE_CHIPSEQ:CHIPSEQ:BEDTOOLS_GENOMECOV,1702999413000,1702999616000,2,121.9,,4567597056.0,,,0.12809515913055552,0.12809515913055552,0.0,309.34,
2542,NFCORE_CHIPSEQ:CHIPSEQ:MULTIQC_CUSTOM_PEAKS,1702999615000,1702999616000,2,50.0,,1073741824.0,,,0.0002337342965277778,0.0002337342965277778,0.0,309.34,
2473,NFCORE_CHIPSEQ:CHIPSEQ:MACS2_CALLPEAK,1702999373000,1702999621000,1,98.2,,1892679680.0,,,0.11216382153090279,0.11216382153090279,0.0,309.34,
2529,NFCORE_CHIPSEQ:CHIPSEQ:PICARD_COLLECTMULTIPLEMETRICS,1702999533000,1702999631000,2,114.1,,2573205504.0,,,0.052649316233159715,0.052649316233159715,0.0,309.34,
2504,NFCORE_CHIPSEQ:CHIPSEQ:BEDTOOLS_GENOMECOV,1702999435000,1702999641000,2,121.5,,4567597056.0,,,0.1296585076375,0.1296585076375,0.0,309.34,
2512,NFCORE_CHIPSEQ:CHIPSEQ:PICARD_COLLECTMULTIPLEMETRICS,1702999515000,1702999642000,2,109.2,,2573205504.0,,,0.0657393860721354,0.0657393860721354,0.0,309.34,
2443,NFCORE_CHIPSEQ:CHIPSEQ:HOMER_ANNOTATEPEAKS_MACS2,1702999234000,1702999646000,1,100.8,,4807720960.0,,,0.22829828780086805,0.22829828780086805,0.0,309.34,
2445,NFCORE_CHIPSEQ:CHIPSEQ:HOMER_ANNOTATEPEAKS_MACS2,1702999240000,1702999652000,1,99.6,,4807720960.0,,,0.2263201873925347,0.2263201873925347,0.0,309.34,
2549,NFCORE_CHIPSEQ:CHIPSEQ:UCSC_BEDGRAPHTOBIGWIG,1702999621000,1702999667000,1,98.5,,1073741824.0,,,0.019678035753124996,0.019678035753124996,0.0,309.34,
2505,NFCORE_CHIPSEQ:CHIPSEQ:BEDTOOLS_GENOMECOV,1702999449000,1702999670000,2,122.0,,4567597056.0,,,0.13954177294913195,0.13954177294913195,0.0,309.34,
2547,NFCORE_CHIPSEQ:CHIPSEQ:FRIP_SCORE,1702999604000,1702999670000,2,127.0,,1073741824.0,,,0.03575960733124999,0.03575960733124999,0.0,309.34,
2551,NFCORE_CHIPSEQ:CHIPSEQ:FRIP_SCORE,1702999626000,1702999670000,2,112.3,,1073741824.0,,,0.021251883560416667,0.021251883560416667,0.0,309.34,
1187,NFCORE_CHIPSEQ:CHIPSEQ:FILTER_BAM_BAMTOOLS:BAM_SORT_SAMTOOLS:SAMTOOLS_SORT,1702999645000,1702999674000,5,437.7,,6309281792.0,,,0.05652585998589409,0.05652585998589409,0.0,309.34,
2104,NFCORE_CHIPSEQ:CHIPSEQ:PHANTOMPEAKQUALTOOLS,1702998200000,1702999676000,1,12.7,,4294967296.0,,,0.27386827220625,0.27386827220625,0.0,309.34,
2508,NFCORE_CHIPSEQ:CHIPSEQ:FRIP_SCORE,1702999604000,1702999681000,2,128.6,,1073741824.0,,,0.04221246658368055,0.04221246658368055,0.0,309.34,
2555,NFCORE_CHIPSEQ:CHIPSEQ:MULTIQC_CUSTOM_PEAKS,1702999676000,1702999676000,2,64.0,,1073741824.0,,,0.0,0.0,0.0,309.34,
2556,NFCORE_CHIPSEQ:CHIPSEQ:MULTIQC_CUSTOM_PEAKS,1702999677000,1702999678000,2,84.2,,1073741824.0,,,0.0003705689121527778,0.0003705689121527778,0.0,309.34,
2557,NFCORE_CHIPSEQ:CHIPSEQ:FILTER_BAM_BAMTOOLS:BAM_SORT_SAMTOOLS:SAMTOOLS_INDEX,1702999678000,1702999691000,2,132.9,,1073741824.0,,,0.007350436651909722,0.007350436651909722,0.0,309.34,
2552,NFCORE_CHIPSEQ:CHIPSEQ:UCSC_BEDGRAPHTOBIGWIG,1702999653000,1702999695000,1,101.9,,1073741824.0,,,0.018538246744791667,0.018538246744791667,0.0,309.34,
2561,NFCORE_CHIPSEQ:CHIPSEQ:MULTIQC_CUSTOM_PEAKS,1702999685000,1702999695000,2,0.4,,1073741824.0,,,0.00035284093750000004,0.00035284093750000004,0.0,309.34,
1810,NFCORE_CHIPSEQ:CHIPSEQ:FILTER_BAM_BAMTOOLS:BAM_SORT_SAMTOOLS:SAMTOOLS_SORT,1702999672000,1702999701000,5,413.4,,6309281792.0,,,0.05370634672183159,0.05370634672183159,0.0,309.34,
2562,NFCORE_CHIPSEQ:CHIPSEQ:FILTER_BAM_BAMTOOLS:BAM_SORT_SAMTOOLS:BAM_STATS_SAMTOOLS:SAMTOOLS_IDXSTATS,1702999698000,1702999701000,1,62.3,,1073741824.0,,,0.0008488402380208333,0.0008488402380208333,0.0,309.34,
2452,NFCORE_CHIPSEQ:CHIPSEQ:HOMER_ANNOTATEPEAKS_MACS2,1702999296000,1702999708000,1,99.5,,4807720960.0,,,0.2261553456918403,0.2261553456918403,0.0,309.34,
2563,NFCORE_CHIPSEQ:CHIPSEQ:FILTER_BAM_BAMTOOLS:BAM_SORT_SAMTOOLS:BAM_STATS_SAMTOOLS:SAMTOOLS_FLAGSTAT,1702999696000,1702999708000,2,141.0,,1073741824.0,,,0.0071739168291666666,0.0071739168291666666,0.0,309.34,
2569,NFCORE_CHIPSEQ:CHIPSEQ:FILTER_BAM_BAMTOOLS:BAM_SORT_SAMTOOLS:SAMTOOLS_INDEX,1702999704000,1702999715000,2,116.6,,1073741824.0,,,0.005502218764930556,0.005502218764930556,0.0,309.34,
1831,NFCORE_CHIPSEQ:CHIPSEQ:FILTER_BAM_BAMTOOLS:BAM_SORT_SAMTOOLS:SAMTOOLS_SORT,1702999685000,1702999715000,5,420.6,,6309281792.0,,,0.05642250833723958,0.05642250833723958,0.0,309.34,
2554,NFCORE_CHIPSEQ:CHIPSEQ:UCSC_BEDGRAPHTOBIGWIG,1702999676000,1702999721000,1,99.7,,1073741824.0,,,0.0194663070234375,0.0194663070234375,0.0,309.34,
2573,NFCORE_CHIPSEQ:CHIPSEQ:FILTER_BAM_BAMTOOLS:BAM_SORT_SAMTOOLS:BAM_STATS_SAMTOOLS:SAMTOOLS_FLAGSTAT,1702999720000,1702999731000,2,126.0,,1073741824.0,,,0.005915923421527778,0.005915923421527778,0.0,309.34,
2574,NFCORE_CHIPSEQ:CHIPSEQ:FILTER_BAM_BAMTOOLS:BAM_SORT_SAMTOOLS:BAM_STATS_SAMTOOLS:SAMTOOLS_IDXSTATS,1702999720000,1702999721000,1,50.0,,1073741824.0,,,0.0002337342965277778,0.0002337342965277778,0.0,309.34,
2566,NFCORE_CHIPSEQ:CHIPSEQ:FILTER_BAM_BAMTOOLS:BAM_SORT_SAMTOOLS:BAM_STATS_SAMTOOLS:SAMTOOLS_STATS,1702999704000,1702999746000,2,126.5,,1073741824.0,,,0.022672092501041664,0.022672092501041664,0.0,309.34,
2576,NFCORE_CHIPSEQ:CHIPSEQ:FILTER_BAM_BAMTOOLS:BAM_SORT_SAMTOOLS:SAMTOOLS_INDEX,1702999735000,1702999746000,2,152.0,,1073741824.0,,,0.0070602128972222225,0.0070602128972222225,0.0,309.34,
1834,NFCORE_CHIPSEQ:CHIPSEQ:FILTER_BAM_BAMTOOLS:BAM_SORT_SAMTOOLS:SAMTOOLS_SORT,1702999718000,1702999746000,5,391.7,,6309281792.0,,,0.049423388747395824,0.049423388747395824,0.0,309.34,
2461,NFCORE_CHIPSEQ:CHIPSEQ:HOMER_ANNOTATEPEAKS_MACS2,1702999361000,1702999762000,1,100.4,,4807720960.0,,,0.22156118281610243,0.22156118281610243,0.0,309.34,
2572,NFCORE_CHIPSEQ:CHIPSEQ:FILTER_BAM_BAMTOOLS:BAM_SORT_SAMTOOLS:BAM_STATS_SAMTOOLS:SAMTOOLS_STATS,1702999725000,1702999762000,2,125.9,,1073741824.0,,,0.019884211400173612,0.019884211400173612,0.0,309.34,
2221,NFCORE_CHIPSEQ:CHIPSEQ:PHANTOMPEAKQUALTOOLS,1702998426000,1702999764000,1,12.6,,4294967296.0,,,0.2477273666145833,0.2477273666145833,0.0,309.34,
2584,NFCORE_CHIPSEQ:CHIPSEQ:FILTER_BAM_BAMTOOLS:BAM_SORT_SAMTOOLS:BAM_STATS_SAMTOOLS:SAMTOOLS_IDXSTATS,1702999767000,1702999771000,1,71.1,,1073741824.0,,,0.0012726226118055554,0.0012726226118055554,0.0,309.34,
2586,NFCORE_CHIPSEQ:CHIPSEQ:FILTER_BAM_BAMTOOLS:BAM_SORT_SAMTOOLS:SAMTOOLS_INDEX,1702999764000,1702999774000,2,155.1,,1073741824.0,,,0.006542406737847222,0.006542406737847222,0.0,309.34,
1290,NFCORE_CHIPSEQ:CHIPSEQ:FILTER_BAM_BAMTOOLS:BAM_SORT_SAMTOOLS:SAMTOOLS_SORT,1702999749000,1702999777000,5,406.2,,6309281792.0,,,0.0510477996814236,0.0510477996814236,0.0,309.34,
2520,NFCORE_CHIPSEQ:CHIPSEQ:MACS2_CALLPEAK,1702999521000,1702999781000,1,98.8,,1892679680.0,,,0.11821526111371525,0.11821526111371525,0.0,309.34,
2589,NFCORE_CHIPSEQ:CHIPSEQ:FILTER_BAM_BAMTOOLS:BAM_SORT_SAMTOOLS:BAM_STATS_SAMTOOLS:SAMTOOLS_IDXSTATS,1702999777000,1702999781000,1,92.0,,1073741824.0,,,0.0016071072277777777,0.0016071072277777777,0.0,309.34,
2581,NFCORE_CHIPSEQ:CHIPSEQ:FILTER_BAM_BAMTOOLS:BAM_SORT_SAMTOOLS:BAM_STATS_SAMTOOLS:SAMTOOLS_FLAGSTAT,1702999780000,1702999791000,2,139.0,,1073741824.0,,,0.006488068159375,0.006488068159375,0.0,309.34,
2590,NFCORE_CHIPSEQ:CHIPSEQ:FILTER_BAM_BAMTOOLS:BAM_SORT_SAMTOOLS:BAM_STATS_SAMTOOLS:SAMTOOLS_FLAGSTAT,1702999780000,1702999791000,2,140.0,,1073741824.0,,,0.006532079293055556,0.006532079293055556,0.0,309.34,
2537,NFCORE_CHIPSEQ:CHIPSEQ:MACS2_CALLPEAK,1702999547000,1702999810000,1,98.5,,1892679680.0,,,0.11926360349848088,0.11926360349848088,0.0,309.34,
2559,NFCORE_CHIPSEQ:CHIPSEQ:PICARD_COLLECTMULTIPLEMETRICS,1702999677000,1702999806000,2,110.3,,2573205504.0,,,0.06734239561901043,0.06734239561901043,0.0,309.34,
2570,NFCORE_CHIPSEQ:CHIPSEQ:PICARD_COLLECTMULTIPLEMETRICS,1702999704000,1702999809000,2,111.4,,2573205504.0,,,0.05527569473307292,0.05527569473307292,0.0,309.34,
2595,NFCORE_CHIPSEQ:CHIPSEQ:FILTER_BAM_BAMTOOLS:BAM_SORT_SAMTOOLS:SAMTOOLS_INDEX,1702999794000,1702999806000,2,150.8,,1073741824.0,,,0.007644435858333333,0.007644435858333333,0.0,309.34,
2575,NFCORE_CHIPSEQ:CHIPSEQ:PICARD_COLLECTMULTIPLEMETRICS,1702999749000,1702999856000,2,111.3,,2573205504.0,,,0.056285754278906246,0.056285754278906246,0.0,309.34,
2604,NFCORE_CHIPSEQ:CHIPSEQ:FILTER_BAM_BAMTOOLS:BAM_SORT_SAMTOOLS:BAM_STATS_SAMTOOLS:SAMTOOLS_FLAGSTAT,1702999859000,1702999871000,2,144.2,,1073741824.0,,,0.007327555695833332,0.007327555695833332,0.0,309.34,
2535,NFCORE_CHIPSEQ:CHIPSEQ:BEDTOOLS_GENOMECOV,1702999575000,1702999875000,2,121.7,,4567597056.0,,,0.18906313010416664,0.18906313010416664,0.0,309.34,
2507,NFCORE_CHIPSEQ:CHIPSEQ:HOMER_ANNOTATEPEAKS_MACS2,1702999472000,1702999881000,1,100.9,,4807720960.0,,,0.22679956302460935,0.22679956302460935,0.0,309.34,
2510,NFCORE_CHIPSEQ:CHIPSEQ:HOMER_ANNOTATEPEAKS_MACS2,1702999486000,1702999899000,1,101.0,,4807720960.0,,,0.2291828934624566,0.2291828934624566,0.0,309.34,
2527,NFCORE_CHIPSEQ:CHIPSEQ:MACS2_CALLPEAK,1702999527000,1702999899000,1,98.6,,1892679680.0,,,0.16884108290468747,0.16884108290468747,0.0,309.34,
2544,NFCORE_CHIPSEQ:CHIPSEQ:BEDTOOLS_GENOMECOV,1702999590000,1702999896000,2,122.2,,4567597056.0,,,0.193456547565625,0.193456547565625,0.0,309.34,
2147,NFCORE_CHIPSEQ:CHIPSEQ:PHANTOMPEAKQUALTOOLS,1702998236000,1702999902000,1,13.4,,4294967296.0,,,0.31378829845902784,0.31378829845902784,0.0,309.34,
2594,NFCORE_CHIPSEQ:CHIPSEQ:PICARD_COLLECTMULTIPLEMETRICS,1702999795000,1702999901000,2,112.5,,2573205504.0,,,0.056268647938020826,0.056268647938020826,0.0,309.34,
2605,NFCORE_CHIPSEQ:CHIPSEQ:FILTER_BAM_BAMTOOLS:BAM_SORT_SAMTOOLS:BAM_STATS_SAMTOOLS:SAMTOOLS_IDXSTATS,1702999899000,1702999901000,1,98.8,,1073741824.0,,,0.0008579673791666665,0.0008579673791666665,0.0,309.34,
2465,NFCORE_CHIPSEQ:CHIPSEQ:PHANTOMPEAKQUALTOOLS,1702999362000,1702999906000,1,15.5,,4294967296.0,,,0.10703224149444443,0.10703224149444443,0.0,309.34,
2580,NFCORE_CHIPSEQ:CHIPSEQ:FILTER_BAM_BAMTOOLS:BAM_SORT_SAMTOOLS:BAM_STATS_SAMTOOLS:SAMTOOLS_STATS,1702999874000,1702999912000,2,128.4,,1073741824.0,,,0.020801718673611108,0.020801718673611108,0.0,309.34,
2587,NFCORE_CHIPSEQ:CHIPSEQ:PICARD_COLLECTMULTIPLEMETRICS,1702999812000,1702999906000,2,114.1,,2573205504.0,,,0.050500364550173614,0.050500364550173614,0.0,309.34,
2224,NFCORE_CHIPSEQ:CHIPSEQ:PHANTOMPEAKQUALTOOLS,1702998419000,1702999942000,1,12.4,,4294967296.0,,,0.28076094741874996,0.28076094741874996,0.0,309.34,
2591,NFCORE_CHIPSEQ:CHIPSEQ:FILTER_BAM_BAMTOOLS:BAM_SORT_SAMTOOLS:BAM_STATS_SAMTOOLS:SAMTOOLS_STATS,1702999910000,1702999942000,2,127.2,,1073741824.0,,,0.017363597911111108,0.017363597911111108,0.0,309.34,
2603,NFCORE_CHIPSEQ:CHIPSEQ:FILTER_BAM_BAMTOOLS:BAM_SORT_SAMTOOLS:BAM_STATS_SAMTOOLS:SAMTOOLS_STATS,1702999904000,1702999941000,2,128.3,,1073741824.0,,,0.020239501279340277,0.020239501279340277,0.0,309.34,
2609,NFCORE_CHIPSEQ:CHIPSEQ:UCSC_BEDGRAPHTOBIGWIG,1702999884000,1702999944000,1,101.3,,1073741824.0,,,0.026339173197916663,0.026339173197916663,0.0,309.34,
2612,NFCORE_CHIPSEQ:CHIPSEQ:UCSC_BEDGRAPHTOBIGWIG,1702999902000,1702999966000,1,101.2,,1073741824.0,,,0.028069511600000003,0.028069511600000003,0.0,309.34,
2546,NFCORE_CHIPSEQ:CHIPSEQ:HOMER_ANNOTATEPEAKS_MACS2,1702999594000,1702999992000,1,100.9,,4807720960.0,,,0.22069981927578125,0.22069981927578125,0.0,309.34,
2602,NFCORE_CHIPSEQ:CHIPSEQ:FRIP_SCORE,1702999914000,1702999995000,2,128.2,,1073741824.0,,,0.04427568919687499,0.04427568919687499,0.0,309.34,
2541,NFCORE_CHIPSEQ:CHIPSEQ:BEDTOOLS_GENOMECOV,1702999575000,1703000006000,2,122.1,,4567597056.0,,,0.27231047141145825,0.27231047141145825,0.0,309.34,
2618,NFCORE_CHIPSEQ:CHIPSEQ:MULTIQC_CUSTOM_PEAKS,1703000000000,1703000006000,2,0.9,,1073741824.0,,,0.00022370759895833333,0.00022370759895833333,0.0,309.34,
2550,NFCORE_CHIPSEQ:CHIPSEQ:HOMER_ANNOTATEPEAKS_MACS2,1702999626000,1703000026000,1,100.9,,4807720960.0,,,0.22180886359375,0.22180886359375,0.0,309.34,
2611,NFCORE_CHIPSEQ:CHIPSEQ:FRIP_SCORE,1702999904000,1703000024000,2,129.2,,1073741824.0,,,0.06607373508333332,0.06607373508333332,0.0,309.34,
1638,NFCORE_CHIPSEQ:CHIPSEQ:FILTER_BAM_BAMTOOLS:BAM_SORT_SAMTOOLS:SAMTOOLS_SORT,1702999995000,1703000023000,5,414.3,,6309281792.0,,,0.05195522923767361,0.05195522923767361,0.0,309.34,
2620,NFCORE_CHIPSEQ:CHIPSEQ:MULTIQC_CUSTOM_PEAKS,1703000029000,1703000030000,2,70.3,,1073741824.0,,,0.0003149548432291667,0.0003149548432291667,0.0,309.34,
2598,NFCORE_CHIPSEQ:CHIPSEQ:FRIP_SCORE,1702999944000,1703000036000,2,128.7,,1073741824.0,,,0.05047248367152777,0.05047248367152777,0.0,309.34,
1647,NFCORE_CHIPSEQ:CHIPSEQ:FILTER_BAM_BAMTOOLS:BAM_SORT_SAMTOOLS:SAMTOOLS_SORT,1703000009000,1703000036000,5,419.6,,6309281792.0,,,0.05067223017539063,0.05067223017539063,0.0,309.34,
2621,NFCORE_CHIPSEQ:CHIPSEQ:FILTER_BAM_BAMTOOLS:BAM_SORT_SAMTOOLS:SAMTOOLS_INDEX,1703000036000,1703000042000,2,152.4,,1073741824.0,,,0.0038606276458333327,0.0038606276458333327,0.0,309.34,
2565,NFCORE_CHIPSEQ:CHIPSEQ:MACS2_CALLPEAK,1702999696000,1703000056000,1,98.9,,1892679680.0,,,0.16382670567187502,0.16382670567187502,0.0,309.34,
2627,NFCORE_CHIPSEQ:CHIPSEQ:FILTER_BAM_BAMTOOLS:BAM_SORT_SAMTOOLS:SAMTOOLS_INDEX,1703000044000,1703000056000,2,147.9,,1073741824.0,,,0.007505200635416666,0.007505200635416666,0.0,309.34,
2579,NFCORE_CHIPSEQ:CHIPSEQ:BEDTOOLS_GENOMECOV,1702999749000,1703000061000,2,122.8,,4567597056.0,,,0.19799880267916667,0.19799880267916667,0.0,309.34,
1670,NFCORE_CHIPSEQ:CHIPSEQ:FILTER_BAM_BAMTOOLS:BAM_SORT_SAMTOOLS:SAMTOOLS_SORT,1703000026000,1703000061000,5,415.4,,6309281792.0,,,0.06509807551497396,0.06509807551497396,0.0,309.34,
1675,NFCORE_CHIPSEQ:CHIPSEQ:FILTER_BAM_BAMTOOLS:BAM_SORT_SAMTOOLS:SAMTOOLS_SORT,1703000040000,1703000064000,5,414.8,,6309281792.0,,,0.04458106577812501,0.04458106577812501,0.0,309.34,
2145,NFCORE_CHIPSEQ:CHIPSEQ:PHANTOMPEAKQUALTOOLS,1702998230000,1703000066000,1,11.7,,4294967296.0,,,0.33331955345625003,0.33331955345625003,0.0,309.34,
2349,NFCORE_CHIPSEQ:CHIPSEQ:PHANTOMPEAKQUALTOOLS,1702998866000,1703000064000,1,13.8,,4294967296.0,,,0.22755857047013886,0.22755857047013886,0.0,309.34,
2571,NFCORE_CHIPSEQ:CHIPSEQ:BEDTOOLS_GENOMECOV,1702999714000,1703000070000,2,121.6,,4567597056.0,,,0.22421247835763888,0.22421247835763888,0.0,309.34,
2630,NFCORE_CHIPSEQ:CHIPSEQ:FILTER_BAM_BAMTOOLS:BAM_SORT_SAMTOOLS:BAM_STATS_SAMTOOLS:SAMTOOLS_FLAGSTAT,1703000059000,1703000066000,2,146.7,,1073741824.0,,,0.0043444252019097206,0.0043444252019097206,0.0,309.34,
2628,NFCORE_CHIPSEQ:CHIPSEQ:FILTER_BAM_BAMTOOLS:BAM_SORT_SAMTOOLS:BAM_STATS_SAMTOOLS:SAMTOOLS_IDXSTATS,1703000068000,1703000070000,1,71.1,,1073741824.0,,,0.0006363113059027777,0.0006363113059027777,0.0,309.34,
2637,NFCORE_CHIPSEQ:CHIPSEQ:FILTER_BAM_BAMTOOLS:BAM_SORT_SAMTOOLS:BAM_STATS_SAMTOOLS:SAMTOOLS_IDXSTATS,1703000066000,1703000067000,1,52.7,,1073741824.0,,,0.0002445370293402778,0.0002445370293402778,0.0,309.34,
2635,NFCORE_CHIPSEQ:CHIPSEQ:FILTER_BAM_BAMTOOLS:BAM_SORT_SAMTOOLS:BAM_STATS_SAMTOOLS:SAMTOOLS_FLAGSTAT,1703000064000,1703000078000,2,129.0,,1073741824.0,,,0.007697399592361111,0.007697399592361111,0.0,309.34,
2641,NFCORE_CHIPSEQ:CHIPSEQ:FILTER_BAM_BAMTOOLS:BAM_SORT_SAMTOOLS:SAMTOOLS_INDEX,1703000074000,1703000083000,2,142.0,,1073741824.0,,,0.00541644673125,0.00541644673125,0.0,309.34,
2644,NFCORE_CHIPSEQ:CHIPSEQ:FILTER_BAM_BAMTOOLS:BAM_SORT_SAMTOOLS:SAMTOOLS_INDEX,1703000069000,1703000083000,2,142.3,,1073741824.0,,,0.008442388055208333,0.008442388055208333,0.0,309.34,
1697,NFCORE_CHIPSEQ:CHIPSEQ:FILTER_BAM_BAMTOOLS:BAM_SORT_SAMTOOLS:SAMTOOLS_SORT,1703000068000,1703000091000,5,362.6,,6309281792.0,,,0.03791990618007813,0.03791990618007813,0.0,309.34,
2652,NFCORE_CHIPSEQ:CHIPSEQ:FILTER_BAM_BAMTOOLS:BAM_SORT_SAMTOOLS:BAM_STATS_SAMTOOLS:SAMTOOLS_IDXSTATS,1703000090000,1703000095000,1,63.4,,1073741824.0,,,0.0014367392968749999,0.0014367392968749999,0.0,309.34,
2659,NFCORE_CHIPSEQ:CHIPSEQ:FILTER_BAM_BAMTOOLS:BAM_SORT_SAMTOOLS:BAM_STATS_SAMTOOLS:SAMTOOLS_IDXSTATS,1703000095000,1703000096000,1,57.1,,1073741824.0,,,0.0002621414828125,0.0002621414828125,0.0,309.34,
2653,NFCORE_CHIPSEQ:CHIPSEQ:FILTER_BAM_BAMTOOLS:BAM_SORT_SAMTOOLS:BAM_STATS_SAMTOOLS:SAMTOOLS_FLAGSTAT,1703000095000,1703000106000,2,136.3,,1073741824.0,,,0.006369238098437501,0.006369238098437501,0.0,309.34,
2600,NFCORE_CHIPSEQ:CHIPSEQ:BEDTOOLS_GENOMECOV,1702999809000,1703000118000,2,121.8,,4567597056.0,,,0.1948586552828125,0.1948586552828125,0.0,309.34,
2619,NFCORE_CHIPSEQ:CHIPSEQ:UCSC_BEDGRAPHTOBIGWIG,1703000024000,1703000116000,1,100.1,,1073741824.0,,,0.039945020495138886,0.039945020495138886,0.0,309.34,
2664,NFCORE_CHIPSEQ:CHIPSEQ:FILTER_BAM_BAMTOOLS:BAM_SORT_SAMTOOLS:SAMTOOLS_INDEX,1703000110000,1703000118000,2,149.1,,1073741824.0,,,0.005041876806944444,0.005041876806944444,0.0,309.34,
2658,NFCORE_CHIPSEQ:CHIPSEQ:FILTER_BAM_BAMTOOLS:BAM_SORT_SAMTOOLS:BAM_STATS_SAMTOOLS:SAMTOOLS_FLAGSTAT,1703000119000,1703000131000,2,133.9,,1073741824.0,,,0.00683303059375,0.00683303059375,0.0,309.34,
2623,NFCORE_CHIPSEQ:CHIPSEQ:PICARD_COLLECTMULTIPLEMETRICS,1703000039000,1703000141000,2,112.1,,2573205504.0,,,0.053982061436979166,0.053982061436979166,0.0,309.34,
2640,NFCORE_CHIPSEQ:CHIPSEQ:UCSC_BEDGRAPHTOBIGWIG,1703000070000,1703000141000,1,100.5,,1073741824.0,,,0.03094076412725694,0.03094076412725694,0.0,309.34,
2669,NFCORE_CHIPSEQ:CHIPSEQ:FILTER_BAM_BAMTOOLS:BAM_SORT_SAMTOOLS:BAM_STATS_SAMTOOLS:SAMTOOLS_IDXSTATS,1703000134000,1703000136000,1,106.7,,1073741824.0,,,0.0009211833711805556,0.0009211833711805556,0.0,309.34,
2133,NFCORE_CHIPSEQ:CHIPSEQ:PHANTOMPEAKQUALTOOLS,1702998219000,1703000142000,1,11.9,,4294967296.0,,,0.35065289673385414,0.35065289673385414,0.0,309.34,
2607,NFCORE_CHIPSEQ:CHIPSEQ:MACS2_CALLPEAK,1702999814000,1703000141000,1,96.0,,1892679680.0,,,0.14501509782747393,0.14501509782747393,0.0,309.34,
2593,NFCORE_CHIPSEQ:CHIPSEQ:MACS2_CALLPEAK,1702999777000,1703000148000,1,97.6,,1892679680.0,,,0.16690283351723084,0.16690283351723084,0.0,309.34,
2668,NFCORE_CHIPSEQ:CHIPSEQ:FILTER_BAM_BAMTOOLS:BAM_SORT_SAMTOOLS:BAM_STATS_SAMTOOLS:SAMTOOLS_FLAGSTAT,1703000144000,1703000151000,2,140.0,,1073741824.0,,,0.004156777731944444,0.004156777731944444,0.0,309.34,
2649,NFCORE_CHIPSEQ:CHIPSEQ:UCSC_BEDGRAPHTOBIGWIG,1703000081000,1703000156000,1,100.8,,1073741824.0,,,0.03277392854166667,0.03277392854166667,0.0,309.34,
2583,NFCORE_CHIPSEQ:CHIPSEQ:MACS2_CALLPEAK,1702999764000,1703000161000,1,97.4,,1892679680.0,,,0.17828184768450522,0.17828184768450522,0.0,309.34,
2626,NFCORE_CHIPSEQ:CHIPSEQ:PICARD_COLLECTMULTIPLEMETRICS,1703000066000,1703000176000,2,111.7,,2573205504.0,,,0.05803990407378472,0.05803990407378472,0.0,309.34,
2597,NFCORE_CHIPSEQ:CHIPSEQ:HOMER_ANNOTATEPEAKS_MACS2,1702999787000,1703000195000,1,100.8,,4807720960.0,,,0.22608179956979169,0.22608179956979169,0.0,309.34,
2599,NFCORE_CHIPSEQ:CHIPSEQ:BEDTOOLS_GENOMECOV,1702999809000,1703000192000,2,122.5,,4567597056.0,,,0.24259650622326387,0.24259650622326387,0.0,309.34,
2666,NFCORE_CHIPSEQ:CHIPSEQ:UCSC_BEDGRAPHTOBIGWIG,1703000134000,1703000206000,1,101.6,,1073741824.0,,,0.0316934297,0.0316934297,0.0,309.34,
2268,NFCORE_CHIPSEQ:CHIPSEQ:PHANTOMPEAKQUALTOOLS,1702998583000,1703000206000,1,12.6,,4294967296.0,,,0.30049440658854165,0.30049440658854165,0.0,309.34,
2601,NFCORE_CHIPSEQ:CHIPSEQ:HOMER_ANNOTATEPEAKS_MACS2,1702999813000,1703000222000,1,100.8,,4807720960.0,,,0.22663592162756077,0.22663592162756077,0.0,309.34,
2642,NFCORE_CHIPSEQ:CHIPSEQ:PICARD_COLLECTMULTIPLEMETRICS,1703000121000,1703000233000,2,113.1,,2573205504.0,,,0.059722533762499995,0.059722533762499995,0.0,309.34,
2608,NFCORE_CHIPSEQ:CHIPSEQ:BEDTOOLS_GENOMECOV,1702999879000,1703000236000,2,121.8,,4567597056.0,,,0.22512796095781248,0.22512796095781248,0.0,309.34,
2645,NFCORE_CHIPSEQ:CHIPSEQ:PICARD_COLLECTMULTIPLEMETRICS,1703000154000,1703000241000,2,115.4,,2573205504.0,,,0.04719221357942708,0.04719221357942708,0.0,309.34,
2662,NFCORE_CHIPSEQ:CHIPSEQ:PICARD_COLLECTMULTIPLEMETRICS,1703000180000,1703000266000,2,116.9,,2573205504.0,,,0.047165904910590285,0.047165904910590285,0.0,309.34,
2638,NFCORE_CHIPSEQ:CHIPSEQ:FILTER_BAM_BAMTOOLS:BAM_SORT_SAMTOOLS:BAM_STATS_SAMTOOLS:SAMTOOLS_STATS,1703000235000,1703000272000,2,127.3,,1073741824.0,,,0.020091463829687496,0.020091463829687496,0.0,309.34,
2654,NFCORE_CHIPSEQ:CHIPSEQ:FILTER_BAM_BAMTOOLS:BAM_SORT_SAMTOOLS:BAM_STATS_SAMTOOLS:SAMTOOLS_STATS,1703000244000,1703000281000,2,126.6,,1073741824.0,,,0.019987837614930552,0.019987837614930552,0.0,309.34,
2227,NFCORE_CHIPSEQ:CHIPSEQ:PHANTOMPEAKQUALTOOLS,1702998430000,1703000286000,1,11.9,,4294967296.0,,,0.3384356611222222,0.3384356611222222,0.0,309.34,
2682,NFCORE_CHIPSEQ:CHIPSEQ:UCSC_BEDGRAPHTOBIGWIG,1703000209000,1703000291000,1,100.6,,1073741824.0,,,0.03576721193958333,0.03576721193958333,0.0,309.34,
2610,NFCORE_CHIPSEQ:CHIPSEQ:HOMER_ANNOTATEPEAKS_MACS2,1702999901000,1703000301000,1,100.9,,4807720960.0,,,0.22180886359375,0.22180886359375,0.0,309.34,
2632,NFCORE_CHIPSEQ:CHIPSEQ:MACS2_CALLPEAK,1703000048000,1703000302000,1,97.3,,1892679680.0,,,0.11396283099626735,0.11396283099626735,0.0,309.34,
2629,NFCORE_CHIPSEQ:CHIPSEQ:FILTER_BAM_BAMTOOLS:BAM_SORT_SAMTOOLS:BAM_STATS_SAMTOOLS:SAMTOOLS_STATS,1703000274000,1703000305000,2,126.3,,1073741824.0,,,0.016709357237326385,0.016709357237326385,0.0,309.34,
2475,NFCORE_CHIPSEQ:CHIPSEQ:PHANTOMPEAKQUALTOOLS,1702999380000,1703000314000,1,14.5,,4294967296.0,,,0.18002796927395834,0.18002796927395834,0.0,309.34,
2624,NFCORE_CHIPSEQ:CHIPSEQ:MULTIQC_CUSTOM_PEAKS,1703000314000,1703000315000,2,82.1,,1073741824.0,,,0.00036216678663194445,0.00036216678663194445,0.0,309.34,
2657,NFCORE_CHIPSEQ:CHIPSEQ:FILTER_BAM_BAMTOOLS:BAM_SORT_SAMTOOLS:BAM_STATS_SAMTOOLS:SAMTOOLS_STATS,1703000284000,1703000314000,2,126.9,,1073741824.0,,,0.016242363932291667,0.016242363932291667,0.0,309.34,
2681,NFCORE_CHIPSEQ:CHIPSEQ:FRIP_SCORE,1703000195000,1703000311000,2,127.1,,1073741824.0,,,0.06289663068680555,0.06289663068680555,0.0,309.34,
2685,NFCORE_CHIPSEQ:CHIPSEQ:UCSC_BEDGRAPHTOBIGWIG,1703000240000,1703000311000,1,100.5,,1073741824.0,,,0.03094076412725694,0.03094076412725694,0.0,309.34,
2670,NFCORE_CHIPSEQ:CHIPSEQ:FILTER_BAM_BAMTOOLS:BAM_SORT_SAMTOOLS:BAM_STATS_SAMTOOLS:SAMTOOLS_STATS,1703000293000,1703000321000,2,126.3,,1073741824.0,,,0.015092322665972218,0.015092322665972218,0.0,309.34,
2634,NFCORE_CHIPSEQ:CHIPSEQ:FRIP_SCORE,1703000210000,1703000326000,2,127.3,,1073741824.0,,,0.06298945416875,0.06298945416875,0.0,309.34,
2691,NFCORE_CHIPSEQ:CHIPSEQ:MULTIQC_CUSTOM_PEAKS,1703000318000,1703000326000,2,128.0,,1073741824.0,,,0.004366505955555555,0.004366505955555555,0.0,309.34,
2489,NFCORE_CHIPSEQ:CHIPSEQ:PHANTOMPEAKQUALTOOLS,1702999409000,1703000327000,1,14.1,,4294967296.0,,,0.175474806703125,0.175474806703125,0.0,309.34,
2693,NFCORE_CHIPSEQ:CHIPSEQ:MULTIQC_CUSTOM_PEAKS,1703000329000,1703000333000,2,1.5,,1073741824.0,,,0.0001587408284722222,0.0001587408284722222,0.0,309.34,
2656,NFCORE_CHIPSEQ:CHIPSEQ:MACS2_CALLPEAK,1703000095000,1703000335000,1,98.5,,1892679680.0,,,0.10883370661458332,0.10883370661458332,0.0,309.34,
2661,NFCORE_CHIPSEQ:CHIPSEQ:MACS2_CALLPEAK,1703000095000,1703000336000,1,98.0,,1892679680.0,,,0.10880505842773439,0.10880505842773439,0.0,309.34,
2675,NFCORE_CHIPSEQ:CHIPSEQ:FRIP_SCORE,1703000239000,1703000340000,2,126.9,,1073741824.0,,,0.05468262523871528,0.05468262523871528,0.0,309.34,
1749,NFCORE_CHIPSEQ:CHIPSEQ:FILTER_BAM_BAMTOOLS:BAM_SORT_SAMTOOLS:SAMTOOLS_SORT,1703000324000,1703000351000,5,433.0,,6309281792.0,,,0.05211979637226561,0.05211979637226561,0.0,309.34,
1755,NFCORE_CHIPSEQ:CHIPSEQ:FILTER_BAM_BAMTOOLS:BAM_SORT_SAMTOOLS:SAMTOOLS_SORT,1703000336000,1703000351000,5,433.9,,6309281792.0,,,0.029009456093098955,0.029009456093098955,0.0,309.34,
2677,NFCORE_CHIPSEQ:CHIPSEQ:FRIP_SCORE,1703000269000,1703000366000,2,127.4,,1073741824.0,,,0.05271102580381944,0.05271102580381944,0.0,309.34,
2703,NFCORE_CHIPSEQ:CHIPSEQ:FILTER_BAM_BAMTOOLS:BAM_SORT_SAMTOOLS:SAMTOOLS_INDEX,1703000354000,1703000366000,2,152.6,,1073741824.0,,,0.007730857720833332,0.007730857720833332,0.0,309.34,
2650,NFCORE_CHIPSEQ:CHIPSEQ:BEDTOOLS_GENOMECOV,1703000087000,1703000381000,2,121.4,,4567597056.0,,,0.1849289782302083,0.1849289782302083,0.0,309.34,
2701,NFCORE_CHIPSEQ:CHIPSEQ:FILTER_BAM_BAMTOOLS:BAM_SORT_SAMTOOLS:SAMTOOLS_INDEX,1703000369000,1703000381000,2,153.4,,1073741824.0,,,0.0077692674375000005,0.0077692674375000005,0.0,309.34,
1765,NFCORE_CHIPSEQ:CHIPSEQ:FILTER_BAM_BAMTOOLS:BAM_SORT_SAMTOOLS:SAMTOOLS_SORT,1703000354000,1703000381000,5,422.6,,6309281792.0,,,0.05099631215976562,0.05099631215976562,0.0,309.34,
2494,NFCORE_CHIPSEQ:CHIPSEQ:PHANTOMPEAKQUALTOOLS,1702999412000,1703000387000,1,14.0,,4294967296.0,,,0.18598020255208333,0.18598020255208333,0.0,309.34,
2706,NFCORE_CHIPSEQ:CHIPSEQ:MULTIQC_CUSTOM_PEAKS,1703000384000,1703000387000,2,96.0,,1073741824.0,,,0.0012533425666666665,0.0012533425666666665,0.0,309.34,
2709,NFCORE_CHIPSEQ:CHIPSEQ:FILTER_BAM_BAMTOOLS:BAM_SORT_SAMTOOLS:BAM_STATS_SAMTOOLS:SAMTOOLS_IDXSTATS,1703000384000,1703000388000,1,77.1,,1073741824.0,,,0.0013686469034722222,0.0013686469034722222,0.0,309.34,
2688,NFCORE_CHIPSEQ:CHIPSEQ:FRIP_SCORE,1703000307000,1703000394000,2,127.3,,1073741824.0,,,0.0472420906265625,0.0472420906265625,0.0,309.34,
2707,NFCORE_CHIPSEQ:CHIPSEQ:FILTER_BAM_BAMTOOLS:BAM_SORT_SAMTOOLS:BAM_STATS_SAMTOOLS:SAMTOOLS_FLAGSTAT,1703000384000,1703000391000,2,136.9,,1073741824.0,,,0.004069955768229166,0.004069955768229166,0.0,309.34,
2711,NFCORE_CHIPSEQ:CHIPSEQ:FILTER_BAM_BAMTOOLS:BAM_SORT_SAMTOOLS:BAM_STATS_SAMTOOLS:SAMTOOLS_IDXSTATS,1703000391000,1703000392000,1,62.4,,1073741824.0,,,0.00028334684722222225,0.00028334684722222225,0.0,309.34,
2678,NFCORE_CHIPSEQ:CHIPSEQ:BEDTOOLS_GENOMECOV,1703000164000,1703000407000,2,123.0,,4567597056.0,,,0.15440505512343752,0.15440505512343752,0.0,309.34,
2713,NFCORE_CHIPSEQ:CHIPSEQ:FILTER_BAM_BAMTOOLS:BAM_SORT_SAMTOOLS:BAM_STATS_SAMTOOLS:SAMTOOLS_FLAGSTAT,1703000394000,1703000407000,2,144.2,,1073741824.0,,,0.007938185337152775,0.007938185337152775,0.0,309.34,
2718,NFCORE_CHIPSEQ:CHIPSEQ:FILTER_BAM_BAMTOOLS:BAM_SORT_SAMTOOLS:SAMTOOLS_INDEX,1703000395000,1703000407000,2,145.6,,1073741824.0,,,0.0073947727,0.0073947727,0.0,309.34,
2639,NFCORE_CHIPSEQ:CHIPSEQ:MACS2_CALLPEAK,1703000064000,1703000414000,1,98.5,,1892679680.0,,,0.15871582214626734,0.15871582214626734,0.0,309.34,
2671,NFCORE_CHIPSEQ:CHIPSEQ:BEDTOOLS_GENOMECOV,1703000144000,1703000411000,2,123.2,,4567597056.0,,,0.16986859115989583,0.16986859115989583,0.0,309.34,
2708,NFCORE_CHIPSEQ:CHIPSEQ:FILTER_BAM_BAMTOOLS:BAM_SORT_SAMTOOLS:BAM_STATS_SAMTOOLS:SAMTOOLS_STATS,1703000384000,1703000411000,2,125.2,,1073741824.0,,,0.014434481081249999,0.014434481081249999,0.0,309.34,
2720,NFCORE_CHIPSEQ:CHIPSEQ:MULTIQC_CUSTOM_PEAKS,1703000411000,1703000411000,2,63.4,,1073741824.0,,,0.0,0.0,0.0,309.34,
2726,NFCORE_CHIPSEQ:CHIPSEQ:FILTER_BAM_BAMTOOLS:BAM_SORT_SAMTOOLS:BAM_STATS_SAMTOOLS:SAMTOOLS_IDXSTATS,1703000417000,1703000420000,1,17.2,,1073741824.0,,,0.00030750329375000006,0.00030750329375000006,0.0,309.34,
2725,NFCORE_CHIPSEQ:CHIPSEQ:FILTER_BAM_BAMTOOLS:BAM_SORT_SAMTOOLS:BAM_STATS_SAMTOOLS:SAMTOOLS_FLAGSTAT,1703000415000,1703000425000,2,140.5,,1073741824.0,,,0.005958258963541667,0.005958258963541667,0.0,309.34,
2698,NFCORE_CHIPSEQ:CHIPSEQ:FRIP_SCORE,1703000343000,1703000436000,2,125.6,,1073741824.0,,,0.04986760582083333,0.04986760582083333,0.0,309.34,
2704,NFCORE_CHIPSEQ:CHIPSEQ:PICARD_COLLECTMULTIPLEMETRICS,1703000354000,1703000436000,2,106.2,,2573205504.0,,,0.041461653828645834,0.041461653828645834,0.0,309.34,
2696,NFCORE_CHIPSEQ:CHIPSEQ:FRIP_SCORE,1703000341000,1703000441000,2,125.8,,1073741824.0,,,0.05370110177083333,0.05370110177083333,0.0,309.34,
2710,NFCORE_CHIPSEQ:CHIPSEQ:UCSC_BEDGRAPHTOBIGWIG,1703000384000,1703000441000,1,100.7,,1073741824.0,,,0.024885379922395836,0.024885379922395836,0.0,309.34,
2699,NFCORE_CHIPSEQ:CHIPSEQ:MULTIQC_CUSTOM_PEAKS,1703000449000,1703000451000,2,97.0,,1073741824.0,,,0.0008435637354166667,0.0008435637354166667,0.0,309.34,
2733,NFCORE_CHIPSEQ:CHIPSEQ:MULTIQC_CUSTOM_PEAKS,1703000444000,1703000446000,2,129.7,,1073741824.0,,,0.0011052299302083332,0.0011052299302083332,0.0,309.34,
2651,NFCORE_CHIPSEQ:CHIPSEQ:BEDTOOLS_GENOMECOV,1703000086000,1703000453000,2,122.3,,4567597056.0,,,0.23216825203680555,0.23216825203680555,0.0,309.34,
2712,NFCORE_CHIPSEQ:CHIPSEQ:FILTER_BAM_BAMTOOLS:BAM_SORT_SAMTOOLS:BAM_STATS_SAMTOOLS:SAMTOOLS_STATS,1703000411000,1703000453000,2,128.3,,1073741824.0,,,0.02297456901979167,0.02297456901979167,0.0,309.34,
2734,NFCORE_CHIPSEQ:CHIPSEQ:MULTIQC_CUSTOM_PEAKS,1703000453000,1703000453000,2,86.5,,1073741824.0,,,0.0,0.0,0.0,309.34,
2722,NFCORE_CHIPSEQ:CHIPSEQ:UCSC_BEDGRAPHTOBIGWIG,1703000414000,1703000466000,1,100.7,,1073741824.0,,,0.022702451859027774,0.022702451859027774,0.0,309.34,
2412,NFCORE_CHIPSEQ:CHIPSEQ:PHANTOMPEAKQUALTOOLS,1702999189000,1703000470000,1,13.0,,4294967296.0,,,0.23922407724687497,0.23922407724687497,0.0,309.34,
2633,NFCORE_CHIPSEQ:CHIPSEQ:HOMER_ANNOTATEPEAKS_MACS2,1703000066000,1703000470000,1,100.7,,4807720960.0,,,0.22370367044774309,0.22370367044774309,0.0,309.34,
2665,NFCORE_CHIPSEQ:CHIPSEQ:BEDTOOLS_GENOMECOV,1703000121000,1703000474000,2,121.7,,4567597056.0,,,0.2224642830892361,0.2224642830892361,0.0,309.34,
2724,NFCORE_CHIPSEQ:CHIPSEQ:FILTER_BAM_BAMTOOLS:BAM_SORT_SAMTOOLS:BAM_STATS_SAMTOOLS:SAMTOOLS_STATS,1703000444000,1703000474000,2,129.0,,1073741824.0,,,0.016494427697916668,0.016494427697916668,0.0,309.34,
2702,NFCORE_CHIPSEQ:CHIPSEQ:PICARD_COLLECTMULTIPLEMETRICS,1703000369000,1703000486000,2,111.5,,2573205504.0,,,0.06163972883046875,0.06163972883046875,0.0,309.34,
2731,NFCORE_CHIPSEQ:CHIPSEQ:UCSC_BEDGRAPHTOBIGWIG,1703000423000,1703000486000,1,100.8,,1073741824.0,,,0.027530099975,0.027530099975,0.0,309.34,
2264,NFCORE_CHIPSEQ:CHIPSEQ:PHANTOMPEAKQUALTOOLS,1702998613000,1703000489000,1,12.2,,4294967296.0,,,0.3443343667652777,0.3443343667652777,0.0,309.34,
2716,NFCORE_CHIPSEQ:CHIPSEQ:PICARD_COLLECTMULTIPLEMETRICS,1703000397000,1703000496000,2,112.3,,2573205504.0,,,0.05247357378828125,0.05247357378828125,0.0,309.34,
1886,NFCORE_CHIPSEQ:CHIPSEQ:FILTER_BAM_BAMTOOLS:BAM_SORT_SAMTOOLS:SAMTOOLS_SORT,1703000477000,1703000501000,5,432.9,,6309281792.0,,,0.04631910545729167,0.04631910545729167,0.0,309.34,
1895,NFCORE_CHIPSEQ:CHIPSEQ:FILTER_BAM_BAMTOOLS:BAM_SORT_SAMTOOLS:SAMTOOLS_SORT,1703000474000,1703000501000,5,431.0,,6309281792.0,,,0.05190374171601562,0.05190374171601562,0.0,309.34,
2742,NFCORE_CHIPSEQ:CHIPSEQ:FILTER_BAM_BAMTOOLS:BAM_SORT_SAMTOOLS:SAMTOOLS_INDEX,1703000504000,1703000518000,2,140.8,,1073741824.0,,,0.0083583668,0.0083583668,0.0,309.34,
2367,NFCORE_CHIPSEQ:CHIPSEQ:PHANTOMPEAKQUALTOOLS,1702998898000,1703000524000,1,12.7,,4294967296.0,,,0.30170041369062495,0.30170041369062495,0.0,309.34,
2745,NFCORE_CHIPSEQ:CHIPSEQ:FILTER_BAM_BAMTOOLS:BAM_SORT_SAMTOOLS:SAMTOOLS_INDEX,1703000504000,1703000524000,2,92.6,,1073741824.0,,,0.008083548284722221,0.008083548284722221,0.0,309.34,
2261,NFCORE_CHIPSEQ:CHIPSEQ:PHANTOMPEAKQUALTOOLS,1702998574000,1703000531000,1,12.1,,4294967296.0,,,0.35841868409635413,0.35841868409635413,0.0,309.34,
2751,NFCORE_CHIPSEQ:CHIPSEQ:FILTER_BAM_BAMTOOLS:BAM_SORT_SAMTOOLS:BAM_STATS_SAMTOOLS:SAMTOOLS_IDXSTATS,1703000527000,1703000530000,1,63.4,,1073741824.0,,,0.000862043578125,0.000862043578125,0.0,309.34,
2754,NFCORE_CHIPSEQ:CHIPSEQ:FILTER_BAM_BAMTOOLS:BAM_SORT_SAMTOOLS:BAM_STATS_SAMTOOLS:SAMTOOLS_IDXSTATS,1703000535000,1703000536000,1,83.7,,1073741824.0,,,0.0003685684060763889,0.0003685684060763889,0.0,309.34,
1199,NFCORE_CHIPSEQ:CHIPSEQ:FILTER_BAM_BAMTOOLS:BAM_SORT_SAMTOOLS:SAMTOOLS_SORT,1703000504000,1703000534000,5,392.4,,6309281792.0,,,0.05303765205598958,0.05303765205598958,0.0,309.34,
1205,NFCORE_CHIPSEQ:CHIPSEQ:FILTER_BAM_BAMTOOLS:BAM_SORT_SAMTOOLS:SAMTOOLS_SORT,1703000504000,1703000536000,5,374.1,,6309281792.0,,,0.05423050280972222,0.05423050280972222,0.0,309.34,
2736,NFCORE_CHIPSEQ:CHIPSEQ:UCSC_BEDGRAPHTOBIGWIG,1703000459000,1703000538000,1,93.6,,1073741824.0,,,0.032246095684722226,0.032246095684722226,0.0,309.34,
2748,NFCORE_CHIPSEQ:CHIPSEQ:FILTER_BAM_BAMTOOLS:BAM_SORT_SAMTOOLS:BAM_STATS_SAMTOOLS:SAMTOOLS_FLAGSTAT,1703000527000,1703000538000,2,105.6,,1073741824.0,,,0.005018096294444444,0.005018096294444444,0.0,309.34,
2730,NFCORE_CHIPSEQ:CHIPSEQ:FRIP_SCORE,1703000440000,1703000547000,2,126.1,,1073741824.0,,,0.05758861138489583,0.05758861138489583,0.0,309.34,
2756,NFCORE_CHIPSEQ:CHIPSEQ:FILTER_BAM_BAMTOOLS:BAM_SORT_SAMTOOLS:BAM_STATS_SAMTOOLS:SAMTOOLS_FLAGSTAT,1703000537000,1703000547000,2,135.1,,1073741824.0,,,0.005742204307291667,0.005742204307291667,0.0,309.34,
2762,NFCORE_CHIPSEQ:CHIPSEQ:FILTER_BAM_BAMTOOLS:BAM_SORT_SAMTOOLS:SAMTOOLS_INDEX,1703000541000,1703000556000,2,117.1,,1073741824.0,,,0.007533033179687499,0.007533033179687499,0.0,309.34,
2432,NFCORE_CHIPSEQ:CHIPSEQ:PHANTOMPEAKQUALTOOLS,1702999215000,1703000556000,1,12.4,,4294967296.0,,,0.24720973768124999,0.24720973768124999,0.0,309.34,
2674,NFCORE_CHIPSEQ:CHIPSEQ:HOMER_ANNOTATEPEAKS_MACS2,1703000149000,1703000556000,1,100.3,,4807720960.0,,,0.22471347153893229,0.22471347153893229,0.0,309.34,
2739,NFCORE_CHIPSEQ:CHIPSEQ:UCSC_BEDGRAPHTOBIGWIG,1703000477000,1703000556000,1,99.7,,1073741824.0,,,0.03417418344114583,0.03417418344114583,0.0,309.34,
2763,NFCORE_CHIPSEQ:CHIPSEQ:FILTER_BAM_BAMTOOLS:BAM_SORT_SAMTOOLS:SAMTOOLS_INDEX,1703000539000,1703000556000,2,146.7,,1073741824.0,,,0.010550746918923609,0.010550746918923609,0.0,309.34,
2772,NFCORE_CHIPSEQ:CHIPSEQ:FILTER_BAM_BAMTOOLS:BAM_SORT_SAMTOOLS:BAM_STATS_SAMTOOLS:SAMTOOLS_IDXSTATS,1703000558000,1703000561000,1,16.4,,1073741824.0,,,0.0002979008645833333,0.0002979008645833333,0.0,309.34,
2676,NFCORE_CHIPSEQ:CHIPSEQ:HOMER_ANNOTATEPEAKS_MACS2,1703000155000,1703000563000,1,100.7,,4807720960.0,,,0.22591855827395835,0.22591855827395835,0.0,309.34,
2771,NFCORE_CHIPSEQ:CHIPSEQ:FILTER_BAM_BAMTOOLS:BAM_SORT_SAMTOOLS:BAM_STATS_SAMTOOLS:SAMTOOLS_FLAGSTAT,1703000559000,1703000569000,2,139.3,,1073741824.0,,,0.005910246817708334,0.005910246817708334,0.0,309.34,
2778,NFCORE_CHIPSEQ:CHIPSEQ:FILTER_BAM_BAMTOOLS:BAM_SORT_SAMTOOLS:BAM_STATS_SAMTOOLS:SAMTOOLS_IDXSTATS,1703000565000,1703000565000,1,105.3,,1073741824.0,,,0.0,0.0,0.0,309.34,
2172,NFCORE_CHIPSEQ:CHIPSEQ:PHANTOMPEAKQUALTOOLS,1702998263000,1703000576000,1,11.7,,4294967296.0,,,0.4199172805796874,0.4199172805796874,0.0,309.34,
2680,NFCORE_CHIPSEQ:CHIPSEQ:HOMER_ANNOTATEPEAKS_MACS2,1703000168000,1703000576000,1,100.7,,4807720960.0,,,0.22591855827395835,0.22591855827395835,0.0,309.34,
2781,NFCORE_CHIPSEQ:CHIPSEQ:FILTER_BAM_BAMTOOLS:BAM_SORT_SAMTOOLS:BAM_STATS_SAMTOOLS:SAMTOOLS_FLAGSTAT,1703000572000,1703000582000,2,145.4,,1073741824.0,,,0.006154308559027779,0.006154308559027779,0.0,309.34,
2728,NFCORE_CHIPSEQ:CHIPSEQ:MACS2_CALLPEAK,1703000414000,1703000606000,1,99.0,,1892679680.0,,,0.08745106245833334,0.08745106245833334,0.0,309.34,
2770,NFCORE_CHIPSEQ:CHIPSEQ:FILTER_BAM_BAMTOOLS:BAM_SORT_SAMTOOLS:BAM_STATS_SAMTOOLS:SAMTOOLS_STATS,1703000560000,1703000601000,2,127.1,,1073741824.0,,,0.02223070567378472,0.02223070567378472,0.0,309.34,
2292,NFCORE_CHIPSEQ:CHIPSEQ:PHANTOMPEAKQUALTOOLS,1702998614000,1703000606000,1,12.0,,4294967296.0,,,0.36403182756666663,0.36403182756666663,0.0,309.34,
2747,NFCORE_CHIPSEQ:CHIPSEQ:PICARD_COLLECTMULTIPLEMETRICS,1703000521000,1703000626000,2,110.8,,2573205504.0,,,0.05502363096744791,0.05502363096744791,0.0,309.34,
2755,NFCORE_CHIPSEQ:CHIPSEQ:FILTER_BAM_BAMTOOLS:BAM_SORT_SAMTOOLS:BAM_STATS_SAMTOOLS:SAMTOOLS_STATS,1703000584000,1703000621000,2,129.5,,1073741824.0,,,0.020417146218923612,0.020417146218923612,0.0,309.34,
2777,NFCORE_CHIPSEQ:CHIPSEQ:FILTER_BAM_BAMTOOLS:BAM_SORT_SAMTOOLS:BAM_STATS_SAMTOOLS:SAMTOOLS_STATS,1703000580000,1703000621000,2,127.0,,1073741824.0,,,0.02221430152395833,0.02221430152395833,0.0,309.34,
2768,NFCORE_CHIPSEQ:CHIPSEQ:MULTIQC_CUSTOM_PEAKS,1703000629000,1703000631000,2,86.5,,1073741824.0,,,0.0007595424802083334,0.0007595424802083334,0.0,309.34,
2721,NFCORE_CHIPSEQ:CHIPSEQ:BEDTOOLS_GENOMECOV,1703000409000,1703000636000,2,121.2,,4567597056.0,,,0.14260365356614585,0.14260365356614585,0.0,309.34,
2345,NFCORE_CHIPSEQ:CHIPSEQ:PHANTOMPEAKQUALTOOLS,1702998859000,1703000640000,1,12.6,,4294967296.0,,,0.3297477129600694,0.3297477129600694,0.0,309.34,
2744,NFCORE_CHIPSEQ:CHIPSEQ:PICARD_COLLECTMULTIPLEMETRICS,1703000537000,1703000640000,2,114.5,,2573205504.0,,,0.05550034753758679,0.05550034753758679,0.0,309.34,
2761,NFCORE_CHIPSEQ:CHIPSEQ:PICARD_COLLECTMULTIPLEMETRICS,1703000550000,1703000651000,2,113.3,,2573205504.0,,,0.05393774821345486,0.05393774821345486,0.0,309.34,
2749,NFCORE_CHIPSEQ:CHIPSEQ:FILTER_BAM_BAMTOOLS:BAM_SORT_SAMTOOLS:BAM_STATS_SAMTOOLS:SAMTOOLS_STATS,1703000624000,1703000655000,2,128.4,,1073741824.0,,,0.01696982312847222,0.01696982312847222,0.0,309.34,
2765,NFCORE_CHIPSEQ:CHIPSEQ:PICARD_COLLECTMULTIPLEMETRICS,1703000539000,1703000655000,2,111.5,,2573205504.0,,,0.06111289354131944,0.06111289354131944,0.0,309.34,
1785,NFCORE_CHIPSEQ:CHIPSEQ:FILTER_BAM_BAMTOOLS:BAM_SORT_SAMTOOLS:SAMTOOLS_SORT,1703000658000,1703000671000,5,435.3,,6309281792.0,,,0.02521434703519965,0.02521434703519965,0.0,309.34,
2790,NFCORE_CHIPSEQ:CHIPSEQ:FILTER_BAM_BAMTOOLS:BAM_SORT_SAMTOOLS:SAMTOOLS_INDEX,1703000674000,1703000681000,2,143.3,,1073741824.0,,,0.004249201112673611,0.004249201112673611,0.0,309.34,
1880,NFCORE_CHIPSEQ:CHIPSEQ:FILTER_BAM_BAMTOOLS:BAM_SORT_SAMTOOLS:SAMTOOLS_SORT,1703000655000,1703000681000,5,407.7,,6309281792.0,,,0.04755756774956597,0.04755756774956597,0.0,309.34,
2788,NFCORE_CHIPSEQ:CHIPSEQ:UCSC_BEDGRAPHTOBIGWIG,1703000640000,1703000685000,1,100.7,,1073741824.0,,,0.0196463525703125,0.0196463525703125,0.0,309.34,
2794,NFCORE_CHIPSEQ:CHIPSEQ:FILTER_BAM_BAMTOOLS:BAM_SORT_SAMTOOLS:BAM_STATS_SAMTOOLS:SAMTOOLS_FLAGSTAT,1703000686000,1703000693000,2,138.4,,1073741824.0,,,0.004111966395833333,0.004111966395833333,0.0,309.34,
2795,NFCORE_CHIPSEQ:CHIPSEQ:FILTER_BAM_BAMTOOLS:BAM_SORT_SAMTOOLS:BAM_STATS_SAMTOOLS:SAMTOOLS_IDXSTATS,1703000689000,1703000692000,1,115.9,,1073741824.0,,,0.0014922029921875,0.0014922029921875,0.0,309.34,
1786,NFCORE_CHIPSEQ:CHIPSEQ:FILTER_BAM_BAMTOOLS:BAM_SORT_SAMTOOLS:SAMTOOLS_SORT,1703000684000,1703000699000,5,415.9,,6309281792.0,,,0.027929182811848956,0.027929182811848956,0.0,309.34,
2786,NFCORE_CHIPSEQ:CHIPSEQ:FRIP_SCORE,1703000624000,1703000711000,2,129.3,,1073741824.0,,,0.04793826674114583,0.04793826674114583,0.0,309.34,
2793,NFCORE_CHIPSEQ:CHIPSEQ:FILTER_BAM_BAMTOOLS:BAM_SORT_SAMTOOLS:BAM_STATS_SAMTOOLS:SAMTOOLS_STATS,1703000686000,1703000711000,2,125.9,,1073741824.0,,,0.013435277973090277,0.013435277973090277,0.0,309.34,
2799,NFCORE_CHIPSEQ:CHIPSEQ:FILTER_BAM_BAMTOOLS:BAM_SORT_SAMTOOLS:SAMTOOLS_INDEX,1703000696000,1703000706000,2,147.3,,1073741824.0,,,0.006230327789930556,0.006230327789930556,0.0,309.34,
2804,NFCORE_CHIPSEQ:CHIPSEQ:FILTER_BAM_BAMTOOLS:BAM_SORT_SAMTOOLS:SAMTOOLS_INDEX,1703000702000,1703000711000,2,153.0,,1073741824.0,,,0.005812546934374999,0.005812546934374999,0.0,309.34,
2689,NFCORE_CHIPSEQ:CHIPSEQ:HOMER_ANNOTATEPEAKS_MACS2,1703000306000,1703000713000,1,99.8,,4807720960.0,,,0.22389926556584203,0.22389926556584203,0.0,309.34,
2806,NFCORE_CHIPSEQ:CHIPSEQ:MULTIQC_CUSTOM_PEAKS,1703000714000,1703000716000,2,75.0,,1073741824.0,,,0.0006675192006944443,0.0006675192006944443,0.0,309.34,
2807,NFCORE_CHIPSEQ:CHIPSEQ:FILTER_BAM_BAMTOOLS:BAM_SORT_SAMTOOLS:BAM_STATS_SAMTOOLS:SAMTOOLS_IDXSTATS,1703000714000,1703000716000,1,83.7,,1073741824.0,,,0.0007371368121527778,0.0007371368121527778,0.0,309.34,
2809,NFCORE_CHIPSEQ:CHIPSEQ:FILTER_BAM_BAMTOOLS:BAM_SORT_SAMTOOLS:BAM_STATS_SAMTOOLS:SAMTOOLS_FLAGSTAT,1703000719000,1703000726000,2,142.5,,1073741824.0,,,0.004226795444618054,0.004226795444618054,0.0,309.34,
2814,NFCORE_CHIPSEQ:CHIPSEQ:FILTER_BAM_BAMTOOLS:BAM_SORT_SAMTOOLS:BAM_STATS_SAMTOOLS:SAMTOOLS_IDXSTATS,1703000719000,1703000720000,1,82.6,,1073741824.0,,,0.00036416729270833325,0.00036416729270833325,0.0,309.34,
2732,NFCORE_CHIPSEQ:CHIPSEQ:BEDTOOLS_GENOMECOV,1703000439000,1703000727000,2,120.9,,4567597056.0,,,0.1805787717,0.1805787717,0.0,309.34,
2813,NFCORE_CHIPSEQ:CHIPSEQ:FILTER_BAM_BAMTOOLS:BAM_SORT_SAMTOOLS:BAM_STATS_SAMTOOLS:SAMTOOLS_FLAGSTAT,1703000729000,1703000733000,2,148.7,,1073741824.0,,,0.0025145367840277775,0.0025145367840277775,0.0,309.34,
2695,NFCORE_CHIPSEQ:CHIPSEQ:HOMER_ANNOTATEPEAKS_MACS2,1703000341000,1703000751000,1,100.7,,4807720960.0,,,0.22702600218706595,0.22702600218706595,0.0,309.34,
2697,NFCORE_CHIPSEQ:CHIPSEQ:HOMER_ANNOTATEPEAKS_MACS2,1703000341000,1703000751000,1,100.8,,4807720960.0,,,0.22719004368532986,0.22719004368532986,0.0,309.34,
2792,NFCORE_CHIPSEQ:CHIPSEQ:PICARD_COLLECTMULTIPLEMETRICS,1703000673000,1703000746000,2,116.5,,2573205504.0,,,0.039919345543663186,0.039919345543663186,0.0,309.34,
2723,NFCORE_CHIPSEQ:CHIPSEQ:BEDTOOLS_GENOMECOV,1703000415000,1703000766000,2,121.5,,4567597056.0,,,0.22092299116875003,0.22092299116875003,0.0,309.34,
2808,NFCORE_CHIPSEQ:CHIPSEQ:FILTER_BAM_BAMTOOLS:BAM_SORT_SAMTOOLS:BAM_STATS_SAMTOOLS:SAMTOOLS_STATS,1703000736000,1703000766000,2,127.3,,1073741824.0,,,0.016290376078125,0.016290376078125,0.0,309.34,
2714,NFCORE_CHIPSEQ:CHIPSEQ:MACS2_CALLPEAK,1703000390000,1703000776000,1,98.0,,1892679680.0,,,0.17426868279296873,0.17426868279296873,0.0,309.34,
2805,NFCORE_CHIPSEQ:CHIPSEQ:PICARD_COLLECTMULTIPLEMETRICS,1703000714000,1703000776000,2,118.8,,2573205504.0,,,0.03447464602760417,0.03447464602760417,0.0,309.34,
2812,NFCORE_CHIPSEQ:CHIPSEQ:FILTER_BAM_BAMTOOLS:BAM_SORT_SAMTOOLS:BAM_STATS_SAMTOOLS:SAMTOOLS_STATS,1703000755000,1703000776000,2,128.3,,1073741824.0,,,0.011487284509895834,0.011487284509895834,0.0,309.34,
2818,NFCORE_CHIPSEQ:CHIPSEQ:UCSC_BEDGRAPHTOBIGWIG,1703000733000,1703000791000,1,101.6,,1073741824.0,,,0.025530818369444444,0.025530818369444444,0.0,309.34,
2798,NFCORE_CHIPSEQ:CHIPSEQ:PICARD_COLLECTMULTIPLEMETRICS,1703000710000,1703000796000,2,115.8,,2573205504.0,,,0.0467874091609375,0.0467874091609375,0.0,309.34,
1794,NFCORE_CHIPSEQ:CHIPSEQ:FILTER_BAM_BAMTOOLS:BAM_SORT_SAMTOOLS:SAMTOOLS_SORT,1703000779000,1703000793000,5,412.5,,6309281792.0,,,0.0258767891125868,0.0258767891125868,0.0,309.34,
2826,NFCORE_CHIPSEQ:CHIPSEQ:FILTER_BAM_BAMTOOLS:BAM_SORT_SAMTOOLS:SAMTOOLS_INDEX,1703000806000,1703000812000,2,148.7,,1073741824.0,,,0.003771805176041666,0.003771805176041666,0.0,309.34,
1860,NFCORE_CHIPSEQ:CHIPSEQ:FILTER_BAM_BAMTOOLS:BAM_SORT_SAMTOOLS:SAMTOOLS_SORT,1703000796000,1703000811000,5,402.8,,6309281792.0,,,0.027142983923828124,0.027142983923828124,0.0,309.34,
2515,NFCORE_CHIPSEQ:CHIPSEQ:PHANTOMPEAKQUALTOOLS,1702999500000,1703000826000,1,14.6,,4294967296.0,,,0.25611628073958337,0.25611628073958337,0.0,309.34,
2729,NFCORE_CHIPSEQ:CHIPSEQ:HOMER_ANNOTATEPEAKS_MACS2,1703000428000,1703000837000,1,101.0,,4807720960.0,,,0.226963204421658,0.226963204421658,0.0,309.34,
2773,NFCORE_CHIPSEQ:CHIPSEQ:MACS2_CALLPEAK,1703000558000,1703000843000,1,98.1,,1892679680.0,,,0.12878391121940103,0.12878391121940103,0.0,309.34,
2831,NFCORE_CHIPSEQ:CHIPSEQ:FILTER_BAM_BAMTOOLS:BAM_SORT_SAMTOOLS:BAM_STATS_SAMTOOLS:SAMTOOLS_IDXSTATS,1703000846000,1703000846000,1,78.0,,1073741824.0,,,0.0,0.0,0.0,309.34,
1874,NFCORE_CHIPSEQ:CHIPSEQ:FILTER_BAM_BAMTOOLS:BAM_SORT_SAMTOOLS:SAMTOOLS_SORT,1703000814000,1703000848000,5,423.3,,6309281792.0,,,0.06431280236449652,0.06431280236449652,0.0,309.34,
2767,NFCORE_CHIPSEQ:CHIPSEQ:BEDTOOLS_GENOMECOV,1703000549000,1703000852000,2,122.7,,4567597056.0,,,0.1921660680875,0.1921660680875,0.0,309.34,
2820,NFCORE_CHIPSEQ:CHIPSEQ:UCSC_BEDGRAPHTOBIGWIG,1703000773000,1703000850000,1,95.4,,1073741824.0,,,0.031984279116319445,0.031984279116319445,0.0,309.34,
2758,NFCORE_CHIPSEQ:CHIPSEQ:MACS2_CALLPEAK,1703000533000,1703000863000,1,97.1,,1892679680.0,,,0.14779787898046873,0.14779787898046873,0.0,309.34,
2829,NFCORE_CHIPSEQ:CHIPSEQ:FILTER_BAM_BAMTOOLS:BAM_SORT_SAMTOOLS:BAM_STATS_SAMTOOLS:SAMTOOLS_FLAGSTAT,1703000857000,1703000863000,2,146.1,,1073741824.0,,,0.003709389386458333,0.003709389386458333,0.0,309.34,
2832,NFCORE_CHIPSEQ:CHIPSEQ:FILTER_BAM_BAMTOOLS:BAM_SORT_SAMTOOLS:SAMTOOLS_INDEX,1703000852000,1703000857000,2,153.1,,1073741824.0,,,0.0032311932473958337,0.0032311932473958337,0.0,309.34,
2840,NFCORE_CHIPSEQ:CHIPSEQ:FILTER_BAM_BAMTOOLS:BAM_SORT_SAMTOOLS:SAMTOOLS_INDEX,1703000852000,1703000861000,2,146.2,,1073741824.0,,,0.005567684990625,0.005567684990625,0.0,309.34,
2752,NFCORE_CHIPSEQ:CHIPSEQ:MACS2_CALLPEAK,1703000524000,1703000863000,1,97.6,,1892679680.0,,,0.15250690178528645,0.15250690178528645,0.0,309.34,
2846,NFCORE_CHIPSEQ:CHIPSEQ:FILTER_BAM_BAMTOOLS:BAM_SORT_SAMTOOLS:BAM_STATS_SAMTOOLS:SAMTOOLS_IDXSTATS,1703000865000,1703000866000,1,72.3,,1073741824.0,,,0.00032295686753472223,0.00032295686753472223,0.0,309.34,
2848,NFCORE_CHIPSEQ:CHIPSEQ:FILTER_BAM_BAMTOOLS:BAM_SORT_SAMTOOLS:BAM_STATS_SAMTOOLS:SAMTOOLS_FLAGSTAT,1703000866000,1703000877000,2,125.6,,1073741824.0,,,0.0058983189680555555,0.0058983189680555555,0.0,309.34,
2849,NFCORE_CHIPSEQ:CHIPSEQ:FILTER_BAM_BAMTOOLS:BAM_SORT_SAMTOOLS:BAM_STATS_SAMTOOLS:SAMTOOLS_FLAGSTAT,1703000866000,1703000877000,2,143.0,,1073741824.0,,,0.006664112694097222,0.006664112694097222,0.0,309.34,
2851,NFCORE_CHIPSEQ:CHIPSEQ:FILTER_BAM_BAMTOOLS:BAM_SORT_SAMTOOLS:BAM_STATS_SAMTOOLS:SAMTOOLS_IDXSTATS,1703000880000,1703000881000,1,21.4,,1073741824.0,,,0.00011930534895833331,0.00011930534895833331,0.0,309.34,
2797,NFCORE_CHIPSEQ:CHIPSEQ:MACS2_CALLPEAK,1703000686000,1703000885000,1,97.0,,1892679680.0,,,0.08904697960698785,0.08904697960698785,0.0,309.34,
2822,NFCORE_CHIPSEQ:CHIPSEQ:FRIP_SCORE,1703000780000,1703000891000,2,126.4,,1073741824.0,,,0.059874690375,0.059874690375,0.0,309.34,
2824,NFCORE_CHIPSEQ:CHIPSEQ:PICARD_COLLECTMULTIPLEMETRICS,1703000815000,1703000891000,2,117.1,,2573205504.0,,,0.041742312747569434,0.041742312747569434,0.0,309.34,
2802,NFCORE_CHIPSEQ:CHIPSEQ:BEDTOOLS_GENOMECOV,1703000703000,1703000901000,2,121.3,,4567597056.0,,,0.12446478570625,0.12446478570625,0.0,309.34,
2769,NFCORE_CHIPSEQ:CHIPSEQ:BEDTOOLS_GENOMECOV,1703000560000,1703000916000,2,122.7,,4567597056.0,,,0.22577927471666667,0.22577927471666667,0.0,309.34,
2779,NFCORE_CHIPSEQ:CHIPSEQ:MACS2_CALLPEAK,1703000565000,1703000916000,1,97.6,,1892679680.0,,,0.1579053761847656,0.1579053761847656,0.0,309.34,
2815,NFCORE_CHIPSEQ:CHIPSEQ:MACS2_CALLPEAK,1703000716000,1703000916000,1,97.1,,1892679680.0,,,0.089574472109375,0.089574472109375,0.0,309.34,
2334,NFCORE_CHIPSEQ:CHIPSEQ:PHANTOMPEAKQUALTOOLS,1702998844000,1703000920000,1,12.7,,4294967296.0,,,0.38519683814375,0.38519683814375,0.0,309.34,
2810,NFCORE_CHIPSEQ:CHIPSEQ:MACS2_CALLPEAK,1703000714000,1703000927000,1,97.5,,1892679680.0,,,0.09573769903190105,0.09573769903190105,0.0,309.34,
2841,NFCORE_CHIPSEQ:CHIPSEQ:UCSC_BEDGRAPHTOBIGWIG,1703000857000,1703000926000,1,99.3,,1073741824.0,,,0.029737909500520826,0.029737909500520826,0.0,309.34,
2819,NFCORE_CHIPSEQ:CHIPSEQ:BEDTOOLS_GENOMECOV,1703000749000,1703000936000,2,121.8,,4567597056.0,,,0.11792417002552084,0.11792417002552084,0.0,309.34,
2782,NFCORE_CHIPSEQ:CHIPSEQ:BEDTOOLS_GENOMECOV,1703000579000,1703000951000,2,122.6,,4567597056.0,,,0.23577782019791663,0.23577782019791663,0.0,309.34,
2861,NFCORE_CHIPSEQ:CHIPSEQ:UCSC_BEDGRAPHTOBIGWIG,1703000911000,1703000954000,1,100.5,,1073741824.0,,,0.01873877264045139,0.01873877264045139,0.0,309.34,
2850,NFCORE_CHIPSEQ:CHIPSEQ:FILTER_BAM_BAMTOOLS:BAM_SORT_SAMTOOLS:BAM_STATS_SAMTOOLS:SAMTOOLS_STATS,1703000919000,1703000956000,2,129.2,,1073741824.0,,,0.020372734984027776,0.020372734984027776,0.0,309.34,
2839,NFCORE_CHIPSEQ:CHIPSEQ:PICARD_COLLECTMULTIPLEMETRICS,1703000861000,1703000976000,2,111.6,,2573205504.0,,,0.06063206989192708,0.06063206989192708,0.0,309.34,
2834,NFCORE_CHIPSEQ:CHIPSEQ:PICARD_COLLECTMULTIPLEMETRICS,1703000905000,1703000986000,2,116.6,,2573205504.0,,,0.044326476541406236,0.044326476541406236,0.0,309.34,
2784,NFCORE_CHIPSEQ:CHIPSEQ:BEDTOOLS_GENOMECOV,1703000605000,1703000996000,2,121.3,,4567597056.0,,,0.24578652126840275,0.24578652126840275,0.0,309.34,
2817,NFCORE_CHIPSEQ:CHIPSEQ:BEDTOOLS_GENOMECOV,1703000730000,1703000996000,2,122.2,,4567597056.0,,,0.16816810997534723,0.16816810997534723,0.0,309.34,
2862,NFCORE_CHIPSEQ:CHIPSEQ:UCSC_BEDGRAPHTOBIGWIG,1703000924000,1703001001000,1,101.4,,1073741824.0,,,0.03383274673090278,0.03383274673090278,0.0,309.34,
2869,NFCORE_CHIPSEQ:CHIPSEQ:UCSC_BEDGRAPHTOBIGWIG,1703000954000,1703000996000,1,101.4,,1073741824.0,,,0.018454225489583333,0.018454225489583333,0.0,309.34,
2785,NFCORE_CHIPSEQ:CHIPSEQ:HOMER_ANNOTATEPEAKS_MACS2,1703000609000,1703001019000,1,100.8,,4807720960.0,,,0.22719004368532986,0.22719004368532986,0.0,309.34,
2843,NFCORE_CHIPSEQ:CHIPSEQ:FRIP_SCORE,1703000919000,1703001021000,2,127.9,,1073741824.0,,,0.05563214060937499,0.05563214060937499,0.0,309.34,
2847,NFCORE_CHIPSEQ:CHIPSEQ:FILTER_BAM_BAMTOOLS:BAM_SORT_SAMTOOLS:BAM_STATS_SAMTOOLS:SAMTOOLS_STATS,1703000989000,1703001018000,2,126.4,,1073741824.0,,,0.015642937125,0.015642937125,0.0,309.34,
2830,NFCORE_CHIPSEQ:CHIPSEQ:FILTER_BAM_BAMTOOLS:BAM_SORT_SAMTOOLS:BAM_STATS_SAMTOOLS:SAMTOOLS_STATS,1703000999000,1703001024000,2,127.2,,1073741824.0,,,0.013565310868055553,0.013565310868055553,0.0,309.34,
2860,NFCORE_CHIPSEQ:CHIPSEQ:MULTIQC_CUSTOM_PEAKS,1703001024000,1703001025000,2,71.9,,1073741824.0,,,0.0003213564626736111,0.0003213564626736111,0.0,309.34,
2870,NFCORE_CHIPSEQ:CHIPSEQ:UCSC_BEDGRAPHTOBIGWIG,1703000955000,1703001036000,1,101.1,,1073741824.0,,,0.03549306742031249,0.03549306742031249,0.0,309.34,
2876,NFCORE_CHIPSEQ:CHIPSEQ:MULTIQC_CUSTOM_PEAKS,1703001027000,1703001031000,2,100.0,,1073741824.0,,,0.0017351396166666666,0.0017351396166666666,0.0,309.34,
2864,NFCORE_CHIPSEQ:CHIPSEQ:FRIP_SCORE,1703000939000,1703001046000,2,128.2,,1073741824.0,,,0.05848763881562499,0.05848763881562499,0.0,309.34,
2837,NFCORE_CHIPSEQ:CHIPSEQ:FRIP_SCORE,1703000959000,1703001051000,2,126.4,,1073741824.0,,,0.04962586950000001,0.04962586950000001,0.0,309.34,
2828,NFCORE_CHIPSEQ:CHIPSEQ:MACS2_CALLPEAK,1703000829000,1703001061000,1,97.6,,1892679680.0,,,0.1043705050565972,0.1043705050565972,0.0,309.34,
2858,NFCORE_CHIPSEQ:CHIPSEQ:FRIP_SCORE,1703000999000,1703001058000,2,126.8,,1073741824.0,,,0.031919709761805554,0.031919709761805554,0.0,309.34,
2866,NFCORE_CHIPSEQ:CHIPSEQ:FRIP_SCORE,1703001005000,1703001061000,2,127.5,,1073741824.0,,,0.03045351334861111,0.03045351334861111,0.0,309.34,
2879,NFCORE_CHIPSEQ:CHIPSEQ:MULTIQC_CUSTOM_PEAKS,1703001061000,1703001061000,2,124.7,,1073741824.0,,,0.0,0.0,0.0,309.34,
1967,NFCORE_CHIPSEQ:CHIPSEQ:FILTER_BAM_BAMTOOLS:BAM_SORT_SAMTOOLS:SAMTOOLS_SORT,1703001050000,1703001064000,5,427.1,,6309281792.0,,,0.026694595996614584,0.026694595996614584,0.0,309.34,
2878,NFCORE_CHIPSEQ:CHIPSEQ:MULTIQC_CUSTOM_PEAKS,1703001064000,1703001064000,2,103.2,,1073741824.0,,,0.0,0.0,0.0,309.34,
1974,NFCORE_CHIPSEQ:CHIPSEQ:FILTER_BAM_BAMTOOLS:BAM_SORT_SAMTOOLS:SAMTOOLS_SORT,1703001054000,1703001071000,5,443.0,,6309281792.0,,,0.03349634015221354,0.03349634015221354,0.0,309.34,
2855,NFCORE_CHIPSEQ:CHIPSEQ:FRIP_SCORE,1703000979000,1703001071000,2,128.0,,1073741824.0,,,0.05021481848888889,0.05021481848888889,0.0,309.34,
2872,NFCORE_CHIPSEQ:CHIPSEQ:UCSC_BEDGRAPHTOBIGWIG,1703001002000,1703001080000,1,100.0,,1073741824.0,,,0.033835222525,0.033835222525,0.0,309.34,
2873,NFCORE_CHIPSEQ:CHIPSEQ:UCSC_BEDGRAPHTOBIGWIG,1703001021000,1703001080000,1,100.2,,1073741824.0,,,0.02564052128923611,0.02564052128923611,0.0,309.34,
2883,NFCORE_CHIPSEQ:CHIPSEQ:MULTIQC_CUSTOM_PEAKS,1703001075000,1703001076000,2,96.0,,1073741824.0,,,0.00041778085555555547,0.00041778085555555547,0.0,309.34,
2886,NFCORE_CHIPSEQ:CHIPSEQ:FILTER_BAM_BAMTOOLS:BAM_SORT_SAMTOOLS:SAMTOOLS_INDEX,1703001068000,1703001075000,2,139.6,,1073741824.0,,,0.004145574897916666,0.004145574897916666,0.0,309.34,
2531,NFCORE_CHIPSEQ:CHIPSEQ:PHANTOMPEAKQUALTOOLS,1702999541000,1703001080000,1,12.2,,4294967296.0,,,0.282478992778125,0.282478992778125,0.0,309.34,
2887,NFCORE_CHIPSEQ:CHIPSEQ:FILTER_BAM_BAMTOOLS:BAM_SORT_SAMTOOLS:SAMTOOLS_INDEX,1703001080000,1703001086000,2,146.5,,1073741824.0,,,0.0037189918156249994,0.0037189918156249994,0.0,309.34,
2895,NFCORE_CHIPSEQ:CHIPSEQ:FILTER_BAM_BAMTOOLS:BAM_SORT_SAMTOOLS:BAM_STATS_SAMTOOLS:SAMTOOLS_IDXSTATS,1703001083000,1703001088000,1,78.5,,1073741824.0,,,0.001738815714409722,0.001738815714409722,0.0,309.34,
1935,NFCORE_CHIPSEQ:CHIPSEQ:FILTER_BAM_BAMTOOLS:BAM_SORT_SAMTOOLS:SAMTOOLS_SORT,1703001075000,1703001089000,5,400.6,,6309281792.0,,,0.025210220487934025,0.025210220487934025,0.0,309.34,
2898,NFCORE_CHIPSEQ:CHIPSEQ:FILTER_BAM_BAMTOOLS:BAM_SORT_SAMTOOLS:BAM_STATS_SAMTOOLS:SAMTOOLS_IDXSTATS,1703001090000,1703001092000,1,7.9,,1073741824.0,,,0.00013058336979166667,0.00013058336979166667,0.0,309.34,
1934,NFCORE_CHIPSEQ:CHIPSEQ:FILTER_BAM_BAMTOOLS:BAM_SORT_SAMTOOLS:SAMTOOLS_SORT,1703001067000,1703001091000,5,422.8,,6309281792.0,,,0.04534926011145833,0.04534926011145833,0.0,309.34,
2845,NFCORE_CHIPSEQ:CHIPSEQ:BEDTOOLS_GENOMECOV,1703000894000,1703001096000,2,121.8,,4567597056.0,,,0.12738332804895833,0.12738332804895833,0.0,309.34,
2894,NFCORE_CHIPSEQ:CHIPSEQ:FILTER_BAM_BAMTOOLS:BAM_SORT_SAMTOOLS:BAM_STATS_SAMTOOLS:SAMTOOLS_FLAGSTAT,1703001092000,1703001098000,2,133.9,,1073741824.0,,,0.003416515296875,0.003416515296875,0.0,309.34,
2897,NFCORE_CHIPSEQ:CHIPSEQ:FILTER_BAM_BAMTOOLS:BAM_SORT_SAMTOOLS:BAM_STATS_SAMTOOLS:SAMTOOLS_FLAGSTAT,1703001092000,1703001098000,2,130.7,,1073741824.0,,,0.0033396958635416667,0.0033396958635416667,0.0,309.34,
2904,NFCORE_CHIPSEQ:CHIPSEQ:FILTER_BAM_BAMTOOLS:BAM_SORT_SAMTOOLS:SAMTOOLS_INDEX,1703001099000,1703001106000,2,132.4,,1073741824.0,,,0.003943923885416666,0.003943923885416666,0.0,309.34,
1943,NFCORE_CHIPSEQ:CHIPSEQ:FILTER_BAM_BAMTOOLS:BAM_SORT_SAMTOOLS:SAMTOOLS_SORT,1703001096000,1703001121000,5,412.5,,6309281792.0,,,0.04620855198676214,0.04620855198676214,0.0,309.34,
2856,NFCORE_CHIPSEQ:CHIPSEQ:BEDTOOLS_GENOMECOV,1703000889000,1703001127000,2,122.6,,4567597056.0,,,0.15084710001909718,0.15084710001909718,0.0,309.34,
2905,NFCORE_CHIPSEQ:CHIPSEQ:FILTER_BAM_BAMTOOLS:BAM_SORT_SAMTOOLS:SAMTOOLS_INDEX,1703001109000,1703001121000,2,138.1,,1073741824.0,,,0.007034681606249998,0.007034681606249998,0.0,309.34,
2881,NFCORE_CHIPSEQ:CHIPSEQ:FRIP_SCORE,1703001065000,1703001131000,2,124.2,,1073741824.0,,,0.03502022028541666,0.03502022028541666,0.0,309.34,
2893,NFCORE_CHIPSEQ:CHIPSEQ:FILTER_BAM_BAMTOOLS:BAM_SORT_SAMTOOLS:BAM_STATS_SAMTOOLS:SAMTOOLS_STATS,1703001102000,1703001129000,2,125.6,,1073741824.0,,,0.014477692012499998,0.014477692012499998,0.0,309.34,
2912,NFCORE_CHIPSEQ:CHIPSEQ:FILTER_BAM_BAMTOOLS:BAM_SORT_SAMTOOLS:BAM_STATS_SAMTOOLS:SAMTOOLS_FLAGSTAT,1703001124000,1703001137000,2,128.0,,1073741824.0,,,0.0070955721777777765,0.0070955721777777765,0.0,309.34,
2913,NFCORE_CHIPSEQ:CHIPSEQ:FILTER_BAM_BAMTOOLS:BAM_SORT_SAMTOOLS:BAM_STATS_SAMTOOLS:SAMTOOLS_IDXSTATS,1703001130000,1703001131000,1,59.8,,1073741824.0,,,0.00027294421562499996,0.00027294421562499996,0.0,309.34,
2916,NFCORE_CHIPSEQ:CHIPSEQ:FILTER_BAM_BAMTOOLS:BAM_SORT_SAMTOOLS:SAMTOOLS_INDEX,1703001124000,1703001137000,2,135.1,,1073741824.0,,,0.0074648655994791644,0.0074648655994791644,0.0,309.34,
2923,NFCORE_CHIPSEQ:CHIPSEQ:FILTER_BAM_BAMTOOLS:BAM_SORT_SAMTOOLS:BAM_STATS_SAMTOOLS:SAMTOOLS_IDXSTATS,1703001132000,1703001136000,1,90.8,,1073741824.0,,,0.0015879023694444444,0.0015879023694444444,0.0,309.34,
2922,NFCORE_CHIPSEQ:CHIPSEQ:FILTER_BAM_BAMTOOLS:BAM_SORT_SAMTOOLS:BAM_STATS_SAMTOOLS:SAMTOOLS_FLAGSTAT,1703001134000,1703001146000,2,140.1,,1073741824.0,,,0.007130705897916666,0.007130705897916666,0.0,309.34,
2929,NFCORE_CHIPSEQ:CHIPSEQ:FILTER_BAM_BAMTOOLS:BAM_SORT_SAMTOOLS:BAM_STATS_SAMTOOLS:SAMTOOLS_IDXSTATS,1703001140000,1703001141000,1,96.4,,1073741824.0,,,0.00041938126041666667,0.00041938126041666667,0.0,309.34,
2927,NFCORE_CHIPSEQ:CHIPSEQ:FILTER_BAM_BAMTOOLS:BAM_SORT_SAMTOOLS:BAM_STATS_SAMTOOLS:SAMTOOLS_FLAGSTAT,1703001141000,1703001147000,2,139.8,,1073741824.0,,,0.0035581511270833333,0.0035581511270833333,0.0,309.34,
2885,NFCORE_CHIPSEQ:CHIPSEQ:PICARD_COLLECTMULTIPLEMETRICS,1703001078000,1703001155000,2,111.5,,2573205504.0,,,0.04056631726449652,0.04056631726449652,0.0,309.34,
2888,NFCORE_CHIPSEQ:CHIPSEQ:PICARD_COLLECTMULTIPLEMETRICS,1703001090000,1703001159000,2,112.9,,2573205504.0,,,0.036738132725260414,0.036738132725260414,0.0,309.34,
2353,NFCORE_CHIPSEQ:CHIPSEQ:PHANTOMPEAKQUALTOOLS,1702998873000,1703001160000,1,11.8,,4294967296.0,,,0.4161121005177083,0.4161121005177083,0.0,309.34,
2908,NFCORE_CHIPSEQ:CHIPSEQ:UCSC_BEDGRAPHTOBIGWIG,1703001124000,1703001166000,1,100.3,,1073741824.0,,,0.018269378728125,0.018269378728125,0.0,309.34,
2373,NFCORE_CHIPSEQ:CHIPSEQ:PHANTOMPEAKQUALTOOLS,1702998902000,1703001166000,1,11.5,,4294967296.0,,,0.4092098389875001,0.4092098389875001,0.0,309.34,
2903,NFCORE_CHIPSEQ:CHIPSEQ:PICARD_COLLECTMULTIPLEMETRICS,1703001102000,1703001181000,2,115.7,,2573205504.0,,,0.04294752367508681,0.04294752367508681,0.0,309.34,
2919,NFCORE_CHIPSEQ:CHIPSEQ:UCSC_BEDGRAPHTOBIGWIG,1703001130000,1703001181000,1,100.1,,1073741824.0,,,0.02214343527447916,0.02214343527447916,0.0,309.34,
2821,NFCORE_CHIPSEQ:CHIPSEQ:HOMER_ANNOTATEPEAKS_MACS2,1703000780000,1703001184000,1,100.7,,4807720960.0,,,0.22370367044774309,0.22370367044774309,0.0,309.34,
2852,NFCORE_CHIPSEQ:CHIPSEQ:MACS2_CALLPEAK,1703000870000,1703001201000,1,98.2,,1892679680.0,,,0.14970251986584202,0.14970251986584202,0.0,309.34,
2924,NFCORE_CHIPSEQ:CHIPSEQ:FILTER_BAM_BAMTOOLS:BAM_SORT_SAMTOOLS:BAM_STATS_SAMTOOLS:SAMTOOLS_STATS,1703001184000,1703001222000,2,128.8,,1073741824.0,,,0.020862534058333333,0.020862534058333333,0.0,309.34,
2928,NFCORE_CHIPSEQ:CHIPSEQ:FILTER_BAM_BAMTOOLS:BAM_SORT_SAMTOOLS:BAM_STATS_SAMTOOLS:SAMTOOLS_STATS,1703001187000,1703001222000,2,127.7,,1073741824.0,,,0.019061452927951392,0.019061452927951392,0.0,309.34,
2857,NFCORE_CHIPSEQ:CHIPSEQ:BEDTOOLS_GENOMECOV,1703000880000,1703001241000,2,122.1,,4567597056.0,,,0.22808371271354164,0.22808371271354164,0.0,309.34,
2585,NFCORE_CHIPSEQ:CHIPSEQ:PHANTOMPEAKQUALTOOLS,1702999774000,1703001246000,1,14.6,,4294967296.0,,,0.28431611255555556,0.28431611255555556,0.0,309.34,
2882,NFCORE_CHIPSEQ:CHIPSEQ:MULTIQC_CUSTOM_PEAKS,1703001252000,1703001253000,2,92.3,,1073741824.0,,,0.0004029771105902777,0.0004029771105902777,0.0,309.34,
2911,NFCORE_CHIPSEQ:CHIPSEQ:FILTER_BAM_BAMTOOLS:BAM_SORT_SAMTOOLS:BAM_STATS_SAMTOOLS:SAMTOOLS_STATS,1703001224000,1703001249000,2,128.4,,1073741824.0,,,0.013685341232638887,0.013685341232638887,0.0,309.34,
2918,NFCORE_CHIPSEQ:CHIPSEQ:PICARD_COLLECTMULTIPLEMETRICS,1703001168000,1703001261000,2,116.2,,2573205504.0,,,0.05074452430286458,0.05074452430286458,0.0,309.34,
2925,NFCORE_CHIPSEQ:CHIPSEQ:MULTIQC_CUSTOM_PEAKS,1703001256000,1703001261000,2,82.1,,1073741824.0,,,0.001810833933159722,0.001810833933159722,0.0,309.34,
2890,NFCORE_CHIPSEQ:CHIPSEQ:MULTIQC_CUSTOM_PEAKS,1703001264000,1703001266000,2,128.0,,1073741824.0,,,0.0010916264888888888,0.0010916264888888888,0.0,309.34,
2899,NFCORE_CHIPSEQ:CHIPSEQ:FILTER_BAM_BAMTOOLS:BAM_SORT_SAMTOOLS:BAM_STATS_SAMTOOLS:SAMTOOLS_STATS,1703001244000,1703001266000,2,130.0,,1073741824.0,,,0.012183935912499997,0.012183935912499997,0.0,309.34,
2906,NFCORE_CHIPSEQ:CHIPSEQ:PICARD_COLLECTMULTIPLEMETRICS,1703001162000,1703001264000,2,113.9,,2573205504.0,,,0.05471664726822916,0.05471664726822916,0.0,309.34,
2568,NFCORE_CHIPSEQ:CHIPSEQ:PHANTOMPEAKQUALTOOLS,1702999703000,1703001270000,1,12.5,,4294967296.0,,,0.2894991874980902,0.2894991874980902,0.0,309.34,
2836,NFCORE_CHIPSEQ:CHIPSEQ:HOMER_ANNOTATEPEAKS_MACS2,1703000849000,1703001271000,1,100.4,,4807720960.0,,,0.23316413752717013,0.23316413752717013,0.0,309.34,
2844,NFCORE_CHIPSEQ:CHIPSEQ:HOMER_ANNOTATEPEAKS_MACS2,1703000865000,1703001271000,1,100.9,,4807720960.0,,,0.22513599654765626,0.22513599654765626,0.0,309.34,
2901,NFCORE_CHIPSEQ:CHIPSEQ:MACS2_CALLPEAK,1703001091000,1703001286000,1,97.9,,1892679680.0,,,0.08795926820247395,0.08795926820247395,0.0,309.34,
1947,NFCORE_CHIPSEQ:CHIPSEQ:FILTER_BAM_BAMTOOLS:BAM_SORT_SAMTOOLS:SAMTOOLS_SORT,1703001274000,1703001291000,5,432.6,,6309281792.0,,,0.03278896120360243,0.03278896120360243,0.0,309.34,
1958,NFCORE_CHIPSEQ:CHIPSEQ:FILTER_BAM_BAMTOOLS:BAM_SORT_SAMTOOLS:SAMTOOLS_SORT,1703001274000,1703001291000,5,396.4,,6309281792.0,,,0.030326738324782984,0.030326738324782984,0.0,309.34,
2854,NFCORE_CHIPSEQ:CHIPSEQ:HOMER_ANNOTATEPEAKS_MACS2,1703000880000,1703001291000,1,100.1,,4807720960.0,,,0.22659307454674477,0.22659307454674477,0.0,309.34,
2663,NFCORE_CHIPSEQ:CHIPSEQ:PHANTOMPEAKQUALTOOLS,1703000100000,1703001299000,1,12.8,,4294967296.0,,,0.2229513056222222,0.2229513056222222,0.0,309.34,
2859,NFCORE_CHIPSEQ:CHIPSEQ:HOMER_ANNOTATEPEAKS_MACS2,1703000894000,1703001305000,1,100.5,,4807720960.0,,,0.22725084094466147,0.22725084094466147,0.0,309.34,
2946,NFCORE_CHIPSEQ:CHIPSEQ:FILTER_BAM_BAMTOOLS:BAM_SORT_SAMTOOLS:SAMTOOLS_INDEX,1703001294000,1703001303000,2,148.3,,1073741824.0,,,0.0056433041203125,0.0056433041203125,0.0,309.34,
2950,NFCORE_CHIPSEQ:CHIPSEQ:FILTER_BAM_BAMTOOLS:BAM_SORT_SAMTOOLS:SAMTOOLS_INDEX,1703001295000,1703001301000,2,140.0,,1073741824.0,,,0.0035629523416666666,0.0035629523416666666,0.0,309.34,
2952,NFCORE_CHIPSEQ:CHIPSEQ:FILTER_BAM_BAMTOOLS:BAM_SORT_SAMTOOLS:BAM_STATS_SAMTOOLS:SAMTOOLS_IDXSTATS,1703001308000,1703001311000,1,89.9,,1073741824.0,,,0.0011801240442708336,0.0011801240442708336,0.0,309.34,
2958,NFCORE_CHIPSEQ:CHIPSEQ:FILTER_BAM_BAMTOOLS:BAM_SORT_SAMTOOLS:BAM_STATS_SAMTOOLS:SAMTOOLS_FLAGSTAT,1703001308000,1703001314000,2,142.2,,1073741824.0,,,0.003615765702083333,0.003615765702083333,0.0,309.34,
2957,NFCORE_CHIPSEQ:CHIPSEQ:FILTER_BAM_BAMTOOLS:BAM_SORT_SAMTOOLS:BAM_STATS_SAMTOOLS:SAMTOOLS_IDXSTATS,1703001308000,1703001308000,1,93.4,,1073741824.0,,,0.0,0.0,0.0,309.34,
2915,NFCORE_CHIPSEQ:CHIPSEQ:MACS2_CALLPEAK,1703001124000,1703001321000,1,97.6,,1892679680.0,,,0.08862495472478296,0.08862495472478296,0.0,309.34,
2940,NFCORE_CHIPSEQ:CHIPSEQ:UCSC_BEDGRAPHTOBIGWIG,1703001249000,1703001326000,1,100.5,,1073741824.0,,,0.03355547658871527,0.03355547658871527,0.0,309.34,
2954,NFCORE_CHIPSEQ:CHIPSEQ:FILTER_BAM_BAMTOOLS:BAM_SORT_SAMTOOLS:BAM_STATS_SAMTOOLS:SAMTOOLS_FLAGSTAT,1703001311000,1703001321000,2,140.8,,1073741824.0,,,0.005970262,0.005970262,0.0,309.34,
2939,NFCORE_CHIPSEQ:CHIPSEQ:FRIP_SCORE,1703001224000,1703001328000,2,127.6,,1073741824.0,,,0.05659813531666665,0.05659813531666665,0.0,309.34,
2863,NFCORE_CHIPSEQ:CHIPSEQ:HOMER_ANNOTATEPEAKS_MACS2,1703000932000,1703001345000,1,100.4,,4807720960.0,,,0.22819144265099828,0.22819144265099828,0.0,309.34,
2865,NFCORE_CHIPSEQ:CHIPSEQ:HOMER_ANNOTATEPEAKS_MACS2,1703000929000,1703001341000,1,100.9,,4807720960.0,,,0.2284631295015625,0.2284631295015625,0.0,309.34,
2953,NFCORE_CHIPSEQ:CHIPSEQ:FILTER_BAM_BAMTOOLS:BAM_SORT_SAMTOOLS:BAM_STATS_SAMTOOLS:SAMTOOLS_STATS,1703001317000,1703001342000,2,128.5,,1073741824.0,,,0.013695343763020831,0.013695343763020831,0.0,309.34,
2931,NFCORE_CHIPSEQ:CHIPSEQ:MACS2_CALLPEAK,1703001141000,1703001348000,1,98.1,,1892679680.0,,,0.09353778814882811,0.09353778814882811,0.0,309.34,
2965,NFCORE_CHIPSEQ:CHIPSEQ:MULTIQC_CUSTOM_PEAKS,1703001351000,1703001351000,2,71.1,,1073741824.0,,,0.0,0.0,0.0,309.34,
2705,NFCORE_CHIPSEQ:CHIPSEQ:PHANTOMPEAKQUALTOOLS,1703000355000,1703001356000,1,14.3,,4294967296.0,,,0.19214117856961807,0.19214117856961807,0.0,309.34,
2944,NFCORE_CHIPSEQ:CHIPSEQ:FRIP_SCORE,1703001294000,1703001356000,2,125.7,,1073741824.0,,,0.03326987682256944,0.03326987682256944,0.0,309.34,
2959,NFCORE_CHIPSEQ:CHIPSEQ:FILTER_BAM_BAMTOOLS:BAM_SORT_SAMTOOLS:BAM_STATS_SAMTOOLS:SAMTOOLS_STATS,1703001331000,1703001356000,2,126.5,,1073741824.0,,,0.013495293155381942,0.013495293155381942,0.0,309.34,
2909,NFCORE_CHIPSEQ:CHIPSEQ:BEDTOOLS_GENOMECOV,1703001140000,1703001366000,2,122.5,,4567597056.0,,,0.14315094100902778,0.14315094100902778,0.0,309.34,
2910,NFCORE_CHIPSEQ:CHIPSEQ:BEDTOOLS_GENOMECOV,1703001162000,1703001366000,2,123.0,,4567597056.0,,,0.12962399689375,0.12962399689375,0.0,309.34,
2921,NFCORE_CHIPSEQ:CHIPSEQ:MACS2_CALLPEAK,1703001132000,1703001376000,1,98.3,,1892679680.0,,,0.11045235233177082,0.11045235233177082,0.0,309.34,
2947,NFCORE_CHIPSEQ:CHIPSEQ:PICARD_COLLECTMULTIPLEMETRICS,1703001295000,1703001376000,2,114.9,,2573205504.0,,,0.043775537167968746,0.043775537167968746,0.0,309.34,
2949,NFCORE_CHIPSEQ:CHIPSEQ:PICARD_COLLECTMULTIPLEMETRICS,1703001295000,1703001376000,2,116.5,,2573205504.0,,,0.04429406834296875,0.04429406834296875,0.0,309.34,
2969,NFCORE_CHIPSEQ:CHIPSEQ:MULTIQC_CUSTOM_PEAKS,1703001370000,1703001371000,2,46.0,,1073741824.0,,,0.00021773024791666668,0.00021773024791666668,0.0,309.34,
1995,NFCORE_CHIPSEQ:CHIPSEQ:FILTER_BAM_BAMTOOLS:BAM_SORT_SAMTOOLS:SAMTOOLS_SORT,1703001359000,1703001376000,5,405.9,,6309281792.0,,,0.030972901787456594,0.030972901787456594,0.0,309.34,
2926,NFCORE_CHIPSEQ:CHIPSEQ:BEDTOOLS_GENOMECOV,1703001150000,1703001376000,2,121.4,,4567597056.0,,,0.14215628938784722,0.14215628938784722,0.0,309.34,
2974,NFCORE_CHIPSEQ:CHIPSEQ:FILTER_BAM_BAMTOOLS:BAM_SORT_SAMTOOLS:SAMTOOLS_INDEX,1703001379000,1703001397000,2,75.1,,1073741824.0,,,0.006014874628124999,0.006014874628124999,0.0,309.34,
2001,NFCORE_CHIPSEQ:CHIPSEQ:FILTER_BAM_BAMTOOLS:BAM_SORT_SAMTOOLS:SAMTOOLS_SORT,1703001379000,1703001397000,5,424.4,,6309281792.0,,,0.03412717423359375,0.03412717423359375,0.0,309.34,
2980,NFCORE_CHIPSEQ:CHIPSEQ:FILTER_BAM_BAMTOOLS:BAM_SORT_SAMTOOLS:BAM_STATS_SAMTOOLS:SAMTOOLS_IDXSTATS,1703001401000,1703001406000,1,8.6,,1073741824.0,,,0.00034046196701388896,0.00034046196701388896,0.0,309.34,
2962,NFCORE_CHIPSEQ:CHIPSEQ:FRIP_SCORE,1703001345000,1703001411000,2,125.9,,1073741824.0,,,0.03546913384895833,0.03546913384895833,0.0,309.34,
2971,NFCORE_CHIPSEQ:CHIPSEQ:UCSC_BEDGRAPHTOBIGWIG,1703001370000,1703001414000,1,100.4,,1073741824.0,,,0.019156953597222224,0.019156953597222224,0.0,309.34,
2003,NFCORE_CHIPSEQ:CHIPSEQ:FILTER_BAM_BAMTOOLS:BAM_SORT_SAMTOOLS:SAMTOOLS_SORT,1703001399000,1703001415000,5,416.8,,6309281792.0,,,0.02984874290763889,0.02984874290763889,0.0,309.34,
2558,NFCORE_CHIPSEQ:CHIPSEQ:PHANTOMPEAKQUALTOOLS,1702999677000,1703001413000,1,14.4,,4294967296.0,,,0.3339184378444444,0.3339184378444444,0.0,309.34,
2622,NFCORE_CHIPSEQ:CHIPSEQ:PHANTOMPEAKQUALTOOLS,1703000030000,1703001414000,1,13.7,,4294967296.0,,,0.26233529291527774,0.26233529291527774,0.0,309.34,
2803,NFCORE_CHIPSEQ:CHIPSEQ:PHANTOMPEAKQUALTOOLS,1703000702000,1703001421000,1,16.6,,4294967296.0,,,0.14462796969270833,0.14462796969270833,0.0,309.34,
2970,NFCORE_CHIPSEQ:CHIPSEQ:UCSC_BEDGRAPHTOBIGWIG,1703001370000,1703001417000,1,98.6,,1073741824.0,,,0.020124623896180555,0.020124623896180555,0.0,309.34,
2985,NFCORE_CHIPSEQ:CHIPSEQ:FILTER_BAM_BAMTOOLS:BAM_SORT_SAMTOOLS:SAMTOOLS_INDEX,1703001414000,1703001421000,2,150.5,,1073741824.0,,,0.004450852125173611,0.004450852125173611,0.0,309.34,
2979,NFCORE_CHIPSEQ:CHIPSEQ:FILTER_BAM_BAMTOOLS:BAM_SORT_SAMTOOLS:BAM_STATS_SAMTOOLS:SAMTOOLS_FLAGSTAT,1703001417000,1703001425000,2,138.3,,1073741824.0,,,0.004696189356944444,0.004696189356944444,0.0,309.34,
2933,NFCORE_CHIPSEQ:CHIPSEQ:BEDTOOLS_GENOMECOV,1703001158000,1703001432000,2,122.0,,4567597056.0,,,0.1730065420274306,0.1730065420274306,0.0,309.34,
2967,NFCORE_CHIPSEQ:CHIPSEQ:FRIP_SCORE,1703001356000,1703001436000,2,126.2,,1073741824.0,,,0.043088913805555566,0.043088913805555566,0.0,309.34,
2977,NFCORE_CHIPSEQ:CHIPSEQ:UCSC_BEDGRAPHTOBIGWIG,1703001387000,1703001436000,1,100.7,,1073741824.0,,,0.02139269502100694,0.02139269502100694,0.0,309.34,
2989,NFCORE_CHIPSEQ:CHIPSEQ:FILTER_BAM_BAMTOOLS:BAM_SORT_SAMTOOLS:SAMTOOLS_INDEX,1703001424000,1703001432000,2,150.7,,1073741824.0,,,0.005093089762499999,0.005093089762499999,0.0,309.34,
2995,NFCORE_CHIPSEQ:CHIPSEQ:FILTER_BAM_BAMTOOLS:BAM_SORT_SAMTOOLS:BAM_STATS_SAMTOOLS:SAMTOOLS_IDXSTATS,1703001427000,1703001432000,1,1.3,,1073741824.0,,,0.00019442502343750004,0.00019442502343750004,0.0,309.34,
2996,NFCORE_CHIPSEQ:CHIPSEQ:FILTER_BAM_BAMTOOLS:BAM_SORT_SAMTOOLS:BAM_STATS_SAMTOOLS:SAMTOOLS_FLAGSTAT,1703001428000,1703001439000,2,85.9,,1073741824.0,,,0.004151076960937501,0.004151076960937501,0.0,309.34,
2646,NFCORE_CHIPSEQ:CHIPSEQ:PHANTOMPEAKQUALTOOLS,1703000073000,1703001436000,1,12.4,,4294967296.0,,,0.25126537841875,0.25126537841875,0.0,309.34,
3004,NFCORE_CHIPSEQ:CHIPSEQ:FILTER_BAM_BAMTOOLS:BAM_SORT_SAMTOOLS:BAM_STATS_SAMTOOLS:SAMTOOLS_IDXSTATS,1703001440000,1703001442000,1,90.1,,1073741824.0,,,0.0007883497677083334,0.0007883497677083334,0.0,309.34,
1277,NFCORE_CHIPSEQ:CHIPSEQ:FILTER_BAM_BAMTOOLS:BAM_SORT_SAMTOOLS:SAMTOOLS_SORT,1703001418000,1703001442000,5,423.2,,6309281792.0,,,0.045387669828125,0.045387669828125,0.0,309.34,
2975,NFCORE_CHIPSEQ:CHIPSEQ:PICARD_COLLECTMULTIPLEMETRICS,1703001384000,1703001464000,2,117.6,,2573205504.0,,,0.0440993170625,0.0440993170625,0.0,309.34,
2062,NFCORE_CHIPSEQ:CHIPSEQ:FILTER_BAM_BAMTOOLS:BAM_SORT_SAMTOOLS:SAMTOOLS_SORT,1703001446000,1703001461000,5,413.0,,6309281792.0,,,0.027755138783203123,0.027755138783203123,0.0,309.34,
2880,NFCORE_CHIPSEQ:CHIPSEQ:HOMER_ANNOTATEPEAKS_MACS2,1703001065000,1703001475000,1,100.8,,4807720960.0,,,0.22719004368532986,0.22719004368532986,0.0,309.34,
2932,NFCORE_CHIPSEQ:CHIPSEQ:BEDTOOLS_GENOMECOV,1703001149000,1703001475000,2,122.1,,4567597056.0,,,0.2059703333645833,0.2059703333645833,0.0,309.34,
2973,NFCORE_CHIPSEQ:CHIPSEQ:FRIP_SCORE,1703001379000,1703001475000,2,124.4,,1073741824.0,,,0.05101532166666666,0.05101532166666666,0.0,309.34,
3005,NFCORE_CHIPSEQ:CHIPSEQ:FILTER_BAM_BAMTOOLS:BAM_SORT_SAMTOOLS:BAM_STATS_SAMTOOLS:SAMTOOLS_FLAGSTAT,1703001464000,1703001475000,2,139.4,,1073741824.0,,,0.006505672612847222,0.006505672612847222,0.0,309.34,
3012,NFCORE_CHIPSEQ:CHIPSEQ:FILTER_BAM_BAMTOOLS:BAM_SORT_SAMTOOLS:SAMTOOLS_INDEX,1703001464000,1703001475000,2,152.3,,1073741824.0,,,0.007073416237326388,0.007073416237326388,0.0,309.34,
3015,NFCORE_CHIPSEQ:CHIPSEQ:FILTER_BAM_BAMTOOLS:BAM_SORT_SAMTOOLS:SAMTOOLS_INDEX,1703001480000,1703001486000,2,142.5,,1073741824.0,,,0.0036229675239583333,0.0036229675239583333,0.0,309.34,
3024,NFCORE_CHIPSEQ:CHIPSEQ:FILTER_BAM_BAMTOOLS:BAM_SORT_SAMTOOLS:BAM_STATS_SAMTOOLS:SAMTOOLS_IDXSTATS,1703001489000,1703001491000,1,5.4,,1073741824.0,,,0.00011057830902777778,0.00011057830902777778,0.0,309.34,
3001,NFCORE_CHIPSEQ:CHIPSEQ:UCSC_BEDGRAPHTOBIGWIG,1703001439000,1703001499000,1,100.8,,1073741824.0,,,0.026219142833333334,0.026219142833333334,0.0,309.34,
2997,NFCORE_CHIPSEQ:CHIPSEQ:FILTER_BAM_BAMTOOLS:BAM_SORT_SAMTOOLS:BAM_STATS_SAMTOOLS:SAMTOOLS_STATS,1703001480000,1703001506000,2,126.0,,1073741824.0,,,0.013983091723611112,0.013983091723611112,0.0,309.34,
3006,NFCORE_CHIPSEQ:CHIPSEQ:FILTER_BAM_BAMTOOLS:BAM_SORT_SAMTOOLS:BAM_STATS_SAMTOOLS:SAMTOOLS_STATS,1703001480000,1703001508000,2,125.3,,1073741824.0,,,0.014980294325694444,0.014980294325694444,0.0,309.34,
3025,NFCORE_CHIPSEQ:CHIPSEQ:FILTER_BAM_BAMTOOLS:BAM_SORT_SAMTOOLS:BAM_STATS_SAMTOOLS:SAMTOOLS_IDXSTATS,1703001502000,1703001506000,1,75.0,,1073741824.0,,,0.0013350384013888887,0.0013350384013888887,0.0,309.34,
2956,NFCORE_CHIPSEQ:CHIPSEQ:MACS2_CALLPEAK,1703001308000,1703001514000,1,97.2,,1892679680.0,,,0.09234412712300348,0.09234412712300348,0.0,309.34,
2984,NFCORE_CHIPSEQ:CHIPSEQ:PICARD_COLLECTMULTIPLEMETRICS,1703001440000,1703001514000,2,117.7,,2573205504.0,,,0.04082147577274305,0.04082147577274305,0.0,309.34,
2988,NFCORE_CHIPSEQ:CHIPSEQ:PICARD_COLLECTMULTIPLEMETRICS,1703001436000,1703001516000,2,117.3,,2573205504.0,,,0.04400329277083333,0.04400329277083333,0.0,309.34,
3021,NFCORE_CHIPSEQ:CHIPSEQ:FILTER_BAM_BAMTOOLS:BAM_SORT_SAMTOOLS:BAM_STATS_SAMTOOLS:SAMTOOLS_FLAGSTAT,1703001509000,1703001517000,2,139.6,,1073741824.0,,,0.004737799883333333,0.004737799883333333,0.0,309.34,
3027,NFCORE_CHIPSEQ:CHIPSEQ:FILTER_BAM_BAMTOOLS:BAM_SORT_SAMTOOLS:BAM_STATS_SAMTOOLS:SAMTOOLS_FLAGSTAT,1703001510000,1703001516000,2,140.9,,1073741824.0,,,0.003584557807291666,0.003584557807291666,0.0,309.34,
2960,NFCORE_CHIPSEQ:CHIPSEQ:BEDTOOLS_GENOMECOV,1703001324000,1703001547000,2,122.0,,4567597056.0,,,0.1408045944237847,0.1408045944237847,0.0,309.34,
2978,NFCORE_CHIPSEQ:CHIPSEQ:FILTER_BAM_BAMTOOLS:BAM_SORT_SAMTOOLS:BAM_STATS_SAMTOOLS:SAMTOOLS_STATS,1703001521000,1703001546000,2,125.9,,1073741824.0,,,0.013435277973090277,0.013435277973090277,0.0,309.34,
3020,NFCORE_CHIPSEQ:CHIPSEQ:FILTER_BAM_BAMTOOLS:BAM_SORT_SAMTOOLS:BAM_STATS_SAMTOOLS:SAMTOOLS_STATS,1703001519000,1703001550000,2,128.6,,1073741824.0,,,0.01699462940381944,0.01699462940381944,0.0,309.34,
3028,NFCORE_CHIPSEQ:CHIPSEQ:FILTER_BAM_BAMTOOLS:BAM_SORT_SAMTOOLS:BAM_STATS_SAMTOOLS:SAMTOOLS_STATS,1703001520000,1703001546000,2,125.5,,1073741824.0,,,0.013931078565625,0.013931078565625,0.0,309.34,
2986,NFCORE_CHIPSEQ:CHIPSEQ:MULTIQC_CUSTOM_PEAKS,1703001553000,1703001553000,2,71.9,,1073741824.0,,,0.0,0.0,0.0,309.34,
3002,NFCORE_CHIPSEQ:CHIPSEQ:MULTIQC_CUSTOM_PEAKS,1703001556000,1703001556000,2,83.1,,1073741824.0,,,0.0,0.0,0.0,309.34,
3013,NFCORE_CHIPSEQ:CHIPSEQ:PICARD_COLLECTMULTIPLEMETRICS,1703001467000,1703001553000,2,113.1,,2573205504.0,,,0.0458583741390625,0.0458583741390625,0.0,309.34,
3017,NFCORE_CHIPSEQ:CHIPSEQ:UCSC_BEDGRAPHTOBIGWIG,1703001483000,1703001553000,1,100.5,,1073741824.0,,,0.030504978717013888,0.030504978717013888,0.0,309.34,
3014,NFCORE_CHIPSEQ:CHIPSEQ:PICARD_COLLECTMULTIPLEMETRICS,1703001480000,1703001560000,2,114.8,,2573205504.0,,,0.04320309034027778,0.04320309034027778,0.0,309.34,
3018,NFCORE_CHIPSEQ:CHIPSEQ:MULTIQC_CUSTOM_PEAKS,1703001556000,1703001559000,2,100.0,,1073741824.0,,,0.0013013547125,0.0013013547125,0.0,309.34,
2964,NFCORE_CHIPSEQ:CHIPSEQ:BEDTOOLS_GENOMECOV,1703001330000,1703001567000,2,120.7,,4567597056.0,,,0.1484116329020833,0.1484116329020833,0.0,309.34,
2791,NFCORE_CHIPSEQ:CHIPSEQ:PHANTOMPEAKQUALTOOLS,1703000674000,1703001591000,1,13.5,,4294967296.0,,,0.17308230078975698,0.17308230078975698,0.0,309.34,
2982,NFCORE_CHIPSEQ:CHIPSEQ:MACS2_CALLPEAK,1703001402000,1703001600000,1,95.9,,1892679680.0,,,0.08817625707460938,0.08817625707460938,0.0,311.12,
3035,NFCORE_CHIPSEQ:CHIPSEQ:UCSC_BEDGRAPHTOBIGWIG,1703001552000,1703001600000,1,100.6,,1073741824.0,,,0.021378109846874997,0.021378109846874997,0.0,311.12,
2120,NFCORE_CHIPSEQ:CHIPSEQ:FILTER_BAM_BAMTOOLS:BAM_SORT_SAMTOOLS:SAMTOOLS_SORT,1703001570000,1703001600000,5,410.8,,6309281792.0,,,0.05710894425585937,0.05710894425585937,0.0,311.12,
2938,NFCORE_CHIPSEQ:CHIPSEQ:HOMER_ANNOTATEPEAKS_MACS2,1703001206000,1703001600000,1,99.7,,4807720960.0,,,0.2238186674865885,0.2238186674865885,0.0,311.12,
3032,NFCORE_CHIPSEQ:CHIPSEQ:FRIP_SCORE,1703001550000,1703001600000,2,127.4,,1073741824.0,,,0.03596529477430555,0.03596529477430555,0.0,311.12,
3037,NFCORE_CHIPSEQ:CHIPSEQ:UCSC_BEDGRAPHTOBIGWIG,1703001580000,1703001600000,1,100.4,,1073741824.0,,,0.02235997862847222,0.02235997862847222,0.0,311.12,
3000,NFCORE_CHIPSEQ:CHIPSEQ:BEDTOOLS_GENOMECOV,1703001436000,1703001600000,2,122.3,,4567597056.0,,,0.12870397393819444,0.12870397393819444,0.0,311.12,
2999,NFCORE_CHIPSEQ:CHIPSEQ:MACS2_CALLPEAK,1703001426000,1703001600000,1,95.6,,1892679680.0,,,0.10146810967851559,0.10146810967851559,0.0,311.12,
3009,NFCORE_CHIPSEQ:CHIPSEQ:BEDTOOLS_GENOMECOV,1703001442000,1703001600000,2,120.7,,4567597056.0,,,0.13377897261180552,0.13377897261180552,0.0,311.12,
3007,NFCORE_CHIPSEQ:CHIPSEQ:MACS2_CALLPEAK,1703001441000,1703001600000,1,96.9,,1892679680.0,,,0.1144973273279948,0.1144973273279948,0.0,311.12,
2943,NFCORE_CHIPSEQ:CHIPSEQ:HOMER_ANNOTATEPEAKS_MACS2,1703001293000,1703001600000,1,100.5,,4807720960.0,,,0.22567547688823783,0.22567547688823783,0.0,311.12,
3022,NFCORE_CHIPSEQ:CHIPSEQ:MACS2_CALLPEAK,1703001489000,1703001600000,1,97.3,,1892679680.0,,,0.10017845648854168,0.10017845648854168,0.0,311.12,
2643,NFCORE_CHIPSEQ:CHIPSEQ:PHANTOMPEAKQUALTOOLS,1703000071000,1703001600000,1,13.1,,4294967296.0,,,0.3092441321935763,0.3092441321935763,0.0,311.12,
3029,NFCORE_CHIPSEQ:CHIPSEQ:MACS2_CALLPEAK,1703001494000,1703001600000,1,97.5,,1892679680.0,,,0.10947589644053819,0.10947589644053819,0.0,311.12,
2961,NFCORE_CHIPSEQ:CHIPSEQ:HOMER_ANNOTATEPEAKS_MACS2,1703001328000,1703001600000,1,100.6,,4807720960.0,,,0.23333761869114578,0.23333761869114578,0.0,311.12,
2596,NFCORE_CHIPSEQ:CHIPSEQ:PHANTOMPEAKQUALTOOLS,1702999782000,1703001600000,1,11.2,,4294967296.0,,,0.35329342615000003,0.35329342615000003,0.0,311.12,
3019,NFCORE_CHIPSEQ:CHIPSEQ:BEDTOOLS_GENOMECOV,1703001517000,1703001600000,2,120.7,,4567597056.0,,,0.1476212089972222,0.1476212089972222,0.0,311.12,
2966,NFCORE_CHIPSEQ:CHIPSEQ:HOMER_ANNOTATEPEAKS_MACS2,1703001357000,1703001600000,1,100.8,,4807720960.0,,,0.22881550899101563,0.22881550899101563,0.0,311.12,
3034,NFCORE_CHIPSEQ:CHIPSEQ:BEDTOOLS_GENOMECOV,1703001550000,1703001600000,2,121.1,,4567597056.0,,,0.13871138871527777,0.13871138871527777,0.0,311.12,
2972,NFCORE_CHIPSEQ:CHIPSEQ:HOMER_ANNOTATEPEAKS_MACS2,1703001377000,1703001600000,1,100.8,,4807720960.0,,,0.23342704266115455,0.23342704266115455,0.0,311.12,
2825,NFCORE_CHIPSEQ:CHIPSEQ:PHANTOMPEAKQUALTOOLS,1703000806000,1703001600000,1,13.4,,4294967296.0,,,0.1887948404263889,0.1887948404263889,0.0,311.12,
3033,NFCORE_CHIPSEQ:CHIPSEQ:BEDTOOLS_GENOMECOV,1703001550000,1703001600000,2,120.9,,4567597056.0,,,0.19688333261979166,0.19688333261979166,0.0,311.12,
2577,NFCORE_CHIPSEQ:CHIPSEQ:PHANTOMPEAKQUALTOOLS,1702999721000,1703001600000,1,11.3,,4294967296.0,,,0.3919959523210069,0.3919959523210069,0.0,311.12,
2717,NFCORE_CHIPSEQ:CHIPSEQ:PHANTOMPEAKQUALTOOLS,1703000391000,1703001600000,1,12.5,,4294967296.0,,,0.2805429217661458,0.2805429217661458,0.0,311.12,
2889,NFCORE_CHIPSEQ:CHIPSEQ:PHANTOMPEAKQUALTOOLS,1703001076000,1703001600000,1,15.3,,4294967296.0,,,0.16531080446944443,0.16531080446944443,0.0,311.12,
3031,NFCORE_CHIPSEQ:CHIPSEQ:HOMER_ANNOTATEPEAKS_MACS2,1703001522000,1703001600000,1,100.0,,4807720960.0,,,0.23411253643945312,0.23411253643945312,0.0,311.12,
2625,NFCORE_CHIPSEQ:CHIPSEQ:PHANTOMPEAKQUALTOOLS,1703000058000,1703001600000,1,11.5,,4294967296.0,,,0.351841538446875,0.351841538446875,0.0,311.12,
2514,NFCORE_CHIPSEQ:CHIPSEQ:PHANTOMPEAKQUALTOOLS,1702999506000,1703001600000,1,11.0,,4294967296.0,,,0.45005033378437503,0.45005033378437503,0.0,311.12,
2902,NFCORE_CHIPSEQ:CHIPSEQ:PHANTOMPEAKQUALTOOLS,1703001092000,1703001600000,1,14.4,,4294967296.0,,,0.18818523554722222,0.18818523554722222,0.0,311.12,
2833,NFCORE_CHIPSEQ:CHIPSEQ:PHANTOMPEAKQUALTOOLS,1703000840000,1703001600000,1,12.0,,4294967296.0,,,0.2263217049097222,0.2263217049097222,0.0,311.12,
2800,NFCORE_CHIPSEQ:CHIPSEQ:PHANTOMPEAKQUALTOOLS,1703000695000,1703001600000,1,12.0,,4294967296.0,,,0.2603988564652778,0.2603988564652778,0.0,311.12,
2743,NFCORE_CHIPSEQ:CHIPSEQ:PHANTOMPEAKQUALTOOLS,1703000504000,1703001600000,1,12.0,,4294967296.0,,,0.30306721550555554,0.30306721550555554,0.0,311.12,
2746,NFCORE_CHIPSEQ:CHIPSEQ:PHANTOMPEAKQUALTOOLS,1703000504000,1703001600000,1,12.5,,4294967296.0,,,0.31628915021475695,0.31628915021475695,0.0,311.12,
2884,NFCORE_CHIPSEQ:CHIPSEQ:PHANTOMPEAKQUALTOOLS,1703001083000,1703001600000,1,12.9,,4294967296.0,,,0.2107566890170139,0.2107566890170139,0.0,311.12,
2700,NFCORE_CHIPSEQ:CHIPSEQ:PHANTOMPEAKQUALTOOLS,1703000384000,1703001600000,1,12.6,,4294967296.0,,,0.3489302972482639,0.3489302972482639,0.0,311.12,
2983,NFCORE_CHIPSEQ:CHIPSEQ:PHANTOMPEAKQUALTOOLS,1703001409000,1703001600000,1,14.5,,4294967296.0,,,0.1799214068901042,0.1799214068901042,0.0,311.12,
2945,NFCORE_CHIPSEQ:CHIPSEQ:PHANTOMPEAKQUALTOOLS,1703001294000,1703001600000,1,13.3,,4294967296.0,,,0.20085599572499996,0.20085599572499996,0.0,311.12,
2976,NFCORE_CHIPSEQ:CHIPSEQ:PHANTOMPEAKQUALTOOLS,1703001384000,1703001600000,1,13.3,,4294967296.0,,,0.186221990521875,0.186221990521875,0.0,311.12,
2760,NFCORE_CHIPSEQ:CHIPSEQ:PHANTOMPEAKQUALTOOLS,1703000538000,1703001600000,1,11.8,,4294967296.0,,,0.33475462290312497,0.33475462290312497,0.0,311.12,
2948,NFCORE_CHIPSEQ:CHIPSEQ:PHANTOMPEAKQUALTOOLS,1703001295000,1703001600000,1,13.0,,4294967296.0,,,0.2052423199583333,0.2052423199583333,0.0,311.12,
3016,NFCORE_CHIPSEQ:CHIPSEQ:PHANTOMPEAKQUALTOOLS,1703001469000,1703001600000,1,14.3,,4294967296.0,,,0.1855200656946181,0.1855200656946181,0.0,311.12,
2917,NFCORE_CHIPSEQ:CHIPSEQ:PHANTOMPEAKQUALTOOLS,1703001125000,1703001600000,1,13.0,,4294967296.0,,,0.25040115780729166,0.25040115780729166,0.0,311.12,
2990,NFCORE_CHIPSEQ:CHIPSEQ:PHANTOMPEAKQUALTOOLS,1703001418000,1703001600000,1,13.6,,4294967296.0,,,0.20011275141666668,0.20011275141666668,0.0,311.12,
2907,NFCORE_CHIPSEQ:CHIPSEQ:PHANTOMPEAKQUALTOOLS,1703001107000,1703001600000,1,13.3,,4294967296.0,,,0.27630588574531245,0.27630588574531245,0.0,311.12,
2838,NFCORE_CHIPSEQ:CHIPSEQ:PHANTOMPEAKQUALTOOLS,1703000852000,1703001600000,1,13.2,,4294967296.0,,,0.32638805702847223,0.32638805702847223,0.0,311.12,
2764,NFCORE_CHIPSEQ:CHIPSEQ:PHANTOMPEAKQUALTOOLS,1703000539000,1703001600000,1,11.2,,4294967296.0,,,0.3824626836333333,0.3824626836333333,0.0,311.12,
3011,NFCORE_CHIPSEQ:CHIPSEQ:PHANTOMPEAKQUALTOOLS,1703001458000,1703001600000,1,13.5,,4294967296.0,,,0.26182554252065965,0.26182554252065965,0.0,311.12,
3042,NFCORE_CHIPSEQ:CHIPSEQ:FILTER_BAM_BAMTOOLS:BAM_SORT_SAMTOOLS:SAMTOOLS_INDEX,1703001619000,1703001631000,2,147.4,,1073741824.0,,,0.0075672909375,0.0075672909375,0.0,312.9,
2090,NFCORE_CHIPSEQ:CHIPSEQ:FILTER_BAM_BAMTOOLS:BAM_SORT_SAMTOOLS:SAMTOOLS_SORT,1703001604000,1703001631000,5,412.9,,6309281792.0,,,0.050523272419921876,0.050523272419921876,0.0,312.9,
2096,NFCORE_CHIPSEQ:CHIPSEQ:FILTER_BAM_BAMTOOLS:BAM_SORT_SAMTOOLS:SAMTOOLS_SORT,1703001604000,1703001631000,5,415.3,,6309281792.0,,,0.050785521732421866,0.050785521732421866,0.0,312.9,
3049,NFCORE_CHIPSEQ:CHIPSEQ:FILTER_BAM_BAMTOOLS:BAM_SORT_SAMTOOLS:BAM_STATS_SAMTOOLS:SAMTOOLS_IDXSTATS,1703001640000,1703001640000,1,36.3,,1073741824.0,,,0.0,0.0,0.0,312.9,
2064,NFCORE_CHIPSEQ:CHIPSEQ:FILTER_BAM_BAMTOOLS:BAM_SORT_SAMTOOLS:SAMTOOLS_SORT,1703001634000,1703001651000,5,367.0,,6309281792.0,,,0.02865303049674479,0.02865303049674479,0.0,312.9,
3054,NFCORE_CHIPSEQ:CHIPSEQ:FILTER_BAM_BAMTOOLS:BAM_SORT_SAMTOOLS:SAMTOOLS_INDEX,1703001653000,1703001661000,2,141.4,,1073741824.0,,,0.004850601874999999,0.004850601874999999,0.0,312.9,
3056,NFCORE_CHIPSEQ:CHIPSEQ:FILTER_BAM_BAMTOOLS:BAM_SORT_SAMTOOLS:SAMTOOLS_INDEX,1703001654000,1703001661000,2,142.5,,1073741824.0,,,0.0042754389817708325,0.0042754389817708325,0.0,312.9,
2070,NFCORE_CHIPSEQ:CHIPSEQ:FILTER_BAM_BAMTOOLS:BAM_SORT_SAMTOOLS:SAMTOOLS_SORT,1703001634000,1703001661000,5,382.1,,6309281792.0,,,0.04715773957617187,0.04715773957617187,0.0,312.9,
3048,NFCORE_CHIPSEQ:CHIPSEQ:FILTER_BAM_BAMTOOLS:BAM_SORT_SAMTOOLS:BAM_STATS_SAMTOOLS:SAMTOOLS_FLAGSTAT,1703001658000,1703001668000,2,137.7,,1073741824.0,,,0.0059135112239583325,0.0059135112239583325,0.0,312.9,
3060,NFCORE_CHIPSEQ:CHIPSEQ:FILTER_BAM_BAMTOOLS:BAM_SORT_SAMTOOLS:SAMTOOLS_INDEX,1703001665000,1703001674000,2,137.5,,1073741824.0,,,0.0053148753984375,0.0053148753984375,0.0,312.9,
3076,NFCORE_CHIPSEQ:CHIPSEQ:FILTER_BAM_BAMTOOLS:BAM_SORT_SAMTOOLS:SAMTOOLS_INDEX,1703001678000,1703001686000,2,147.1,,1073741824.0,,,0.005035147687499999,0.005035147687499999,0.0,312.9,
3058,NFCORE_CHIPSEQ:CHIPSEQ:UCSC_BEDGRAPHTOBIGWIG,1703001654000,1703001697000,1,100.1,,1073741824.0,,,0.018884816033854168,0.018884816033854168,0.0,312.9,
3065,NFCORE_CHIPSEQ:CHIPSEQ:FILTER_BAM_BAMTOOLS:BAM_SORT_SAMTOOLS:BAM_STATS_SAMTOOLS:SAMTOOLS_IDXSTATS,1703001690000,1703001691000,1,90.8,,1073741824.0,,,0.0004015441354166667,0.0004015441354166667,0.0,312.9,
3047,NFCORE_CHIPSEQ:CHIPSEQ:FILTER_BAM_BAMTOOLS:BAM_SORT_SAMTOOLS:BAM_STATS_SAMTOOLS:SAMTOOLS_STATS,1703001665000,1703001706000,2,126.0,,1073741824.0,,,0.022304022635416663,0.022304022635416663,0.0,312.9,
3070,NFCORE_CHIPSEQ:CHIPSEQ:FILTER_BAM_BAMTOOLS:BAM_SORT_SAMTOOLS:BAM_STATS_SAMTOOLS:SAMTOOLS_IDXSTATS,1703001699000,1703001700000,1,75.0,,1073741824.0,,,0.0003376006302083333,0.0003376006302083333,0.0,312.9,
3082,NFCORE_CHIPSEQ:CHIPSEQ:FILTER_BAM_BAMTOOLS:BAM_SORT_SAMTOOLS:BAM_STATS_SAMTOOLS:SAMTOOLS_IDXSTATS,1703001705000,1703001706000,1,128.0,,1073741824.0,,,0.0005520946666666666,0.0005520946666666666,0.0,312.9,
3086,NFCORE_CHIPSEQ:CHIPSEQ:FILTER_BAM_BAMTOOLS:BAM_SORT_SAMTOOLS:BAM_STATS_SAMTOOLS:SAMTOOLS_IDXSTATS,1703001700000,1703001701000,1,78.0,,1073741824.0,,,0.0003497418020833333,0.0003497418020833333,0.0,312.9,
3064,NFCORE_CHIPSEQ:CHIPSEQ:UCSC_BEDGRAPHTOBIGWIG,1703001665000,1703001711000,1,99.8,,1073741824.0,,,0.020146511947916664,0.020146511947916664,0.0,312.9,
3066,NFCORE_CHIPSEQ:CHIPSEQ:FILTER_BAM_BAMTOOLS:BAM_SORT_SAMTOOLS:BAM_STATS_SAMTOOLS:SAMTOOLS_FLAGSTAT,1703001709000,1703001716000,2,141.0,,1073741824.0,,,0.004232944880208332,0.004232944880208332,0.0,312.9,
3072,NFCORE_CHIPSEQ:CHIPSEQ:FILTER_BAM_BAMTOOLS:BAM_SORT_SAMTOOLS:BAM_STATS_SAMTOOLS:SAMTOOLS_FLAGSTAT,1703001715000,1703001721000,2,142.4,,1073741824.0,,,0.00366223375,0.00366223375,0.0,312.9,
3081,NFCORE_CHIPSEQ:CHIPSEQ:FILTER_BAM_BAMTOOLS:BAM_SORT_SAMTOOLS:BAM_STATS_SAMTOOLS:SAMTOOLS_FLAGSTAT,1703001724000,1703001730000,2,143.1,,1073741824.0,,,0.0036792313906249996,0.0036792313906249996,0.0,312.9,
3085,NFCORE_CHIPSEQ:CHIPSEQ:FILTER_BAM_BAMTOOLS:BAM_SORT_SAMTOOLS:BAM_STATS_SAMTOOLS:SAMTOOLS_FLAGSTAT,1703001719000,1703001726000,2,137.7,,1073741824.0,,,0.004139457856770833,0.004139457856770833,0.0,312.9,
3043,NFCORE_CHIPSEQ:CHIPSEQ:PICARD_COLLECTMULTIPLEMETRICS,1703001634000,1703001751000,2,110.4,,2573205504.0,,,0.061828245527343756,0.061828245527343756,0.0,312.9,
3053,NFCORE_CHIPSEQ:CHIPSEQ:PICARD_COLLECTMULTIPLEMETRICS,1703001665000,1703001758000,2,113.0,,2573205504.0,,,0.050124106949218754,0.050124106949218754,0.0,312.9,
3055,NFCORE_CHIPSEQ:CHIPSEQ:PICARD_COLLECTMULTIPLEMETRICS,1703001666000,1703001761000,2,111.7,,2573205504.0,,,0.05070223315755208,0.05070223315755208,0.0,312.9,
3101,NFCORE_CHIPSEQ:CHIPSEQ:UCSC_BEDGRAPHTOBIGWIG,1703001761000,1703001811000,1,101.8,,1073741824.0,,,0.022303088281249994,0.022303088281249994,0.0,312.9,
3102,NFCORE_CHIPSEQ:CHIPSEQ:UCSC_BEDGRAPHTOBIGWIG,1703001783000,1703001831000,1,101.8,,1073741824.0,,,0.021410964749999997,0.021410964749999997,0.0,312.9,
3067,NFCORE_CHIPSEQ:CHIPSEQ:FILTER_BAM_BAMTOOLS:BAM_SORT_SAMTOOLS:BAM_STATS_SAMTOOLS:SAMTOOLS_STATS,1703001814000,1703001846000,2,127.9,,1073741824.0,,,0.01765407875,0.01765407875,0.0,312.9,
3075,NFCORE_CHIPSEQ:CHIPSEQ:PICARD_COLLECTMULTIPLEMETRICS,1703001764000,1703001846000,2,116.1,,2573205504.0,,,0.0452242111015625,0.0452242111015625,0.0,312.9,
3061,NFCORE_CHIPSEQ:CHIPSEQ:PICARD_COLLECTMULTIPLEMETRICS,1703001772000,1703001851000,2,116.7,,2573205504.0,,,0.04376149730859375,0.04376149730859375,0.0,312.9,
3093,NFCORE_CHIPSEQ:CHIPSEQ:FRIP_SCORE,1703001772000,1703001858000,2,128.4,,1073741824.0,,,0.047619360104166675,0.047619360104166675,0.0,312.9,
3084,NFCORE_CHIPSEQ:CHIPSEQ:FILTER_BAM_BAMTOOLS:BAM_SORT_SAMTOOLS:BAM_STATS_SAMTOOLS:SAMTOOLS_STATS,1703001849000,1703001876000,2,128.0,,1073741824.0,,,0.014906555999999998,0.014906555999999998,0.0,312.9,
3045,NFCORE_CHIPSEQ:CHIPSEQ:MULTIQC_CUSTOM_PEAKS,1703001884000,1703001886000,2,97.0,,1073741824.0,,,0.00085327178125,0.00085327178125,0.0,312.9,
3071,NFCORE_CHIPSEQ:CHIPSEQ:FILTER_BAM_BAMTOOLS:BAM_SORT_SAMTOOLS:BAM_STATS_SAMTOOLS:SAMTOOLS_STATS,1703001849000,1703001881000,2,127.4,,1073741824.0,,,0.017589325833333332,0.017589325833333332,0.0,312.9,
3074,NFCORE_CHIPSEQ:CHIPSEQ:MACS2_CALLPEAK,1703001671000,1703001881000,1,97.7,,1892679680.0,,,0.09564552416015625,0.09564552416015625,0.0,312.9,
3083,NFCORE_CHIPSEQ:CHIPSEQ:FILTER_BAM_BAMTOOLS:BAM_SORT_SAMTOOLS:BAM_STATS_SAMTOOLS:SAMTOOLS_STATS,1703001854000,1703001881000,2,126.7,,1073741824.0,,,0.0147645042890625,0.0147645042890625,0.0,312.9,
3106,NFCORE_CHIPSEQ:CHIPSEQ:MULTIQC_CUSTOM_PEAKS,1703001884000,1703001886000,2,126.3,,1073741824.0,,,0.0010904293385416665,0.0010904293385416665,0.0,312.9,
3051,NFCORE_CHIPSEQ:CHIPSEQ:MACS2_CALLPEAK,1703001643000,1703001901000,1,97.9,,1892679680.0,,,0.11771618641015626,0.11771618641015626,0.0,312.9,
3080,NFCORE_CHIPSEQ:CHIPSEQ:MACS2_CALLPEAK,1703001690000,1703001901000,1,98.0,,1892679680.0,,,0.09635715776367189,0.09635715776367189,0.0,312.9,
3069,NFCORE_CHIPSEQ:CHIPSEQ:MACS2_CALLPEAK,1703001671000,1703001916000,1,97.6,,1892679680.0,,,0.11148729194986977,0.11148729194986977,0.0,312.9,
3088,NFCORE_CHIPSEQ:CHIPSEQ:MACS2_CALLPEAK,1703001694000,1703001916000,1,98.2,,1892679680.0,,,0.10156020604296874,0.10156020604296874,0.0,312.9,
1200,NFCORE_CHIPSEQ:CHIPSEQ:FILTER_BAM_BAMTOOLS:BAM_SORT_SAMTOOLS:SAMTOOLS_SORT,1703001889000,1703001919000,5,430.9,,6309281792.0,,,0.05832238029296874,0.05832238029296874,0.0,312.9,
3063,NFCORE_CHIPSEQ:CHIPSEQ:FRIP_SCORE,1703001864000,1703001926000,2,126.9,,1073741824.0,,,0.033953860026041664,0.033953860026041664,0.0,312.9,
3090,NFCORE_CHIPSEQ:CHIPSEQ:FRIP_SCORE,1703001861000,1703001928000,2,126.8,,1073741824.0,,,0.03666495926041666,0.03666495926041666,0.0,312.9,
3040,NFCORE_CHIPSEQ:CHIPSEQ:FRIP_SCORE,1703001879000,1703001941000,2,127.1,,1073741824.0,,,0.03400404353645833,0.03400404353645833,0.0,312.9,
3107,NFCORE_CHIPSEQ:CHIPSEQ:UCSC_BEDGRAPHTOBIGWIG,1703001867000,1703001943000,1,92.7,,1073741824.0,,,0.031101749364583334,0.031101749364583334,0.0,312.9,
3117,NFCORE_CHIPSEQ:CHIPSEQ:FILTER_BAM_BAMTOOLS:BAM_SORT_SAMTOOLS:SAMTOOLS_INDEX,1703001929000,1703001943000,2,117.3,,1073741824.0,,,0.007123076151041665,0.007123076151041665,0.0,312.9,
3120,NFCORE_CHIPSEQ:CHIPSEQ:MULTIQC_CUSTOM_PEAKS,1703001947000,1703001952000,2,71.9,,1073741824.0,,,0.0016252737630208334,0.0016252737630208334,0.0,312.9,
3121,NFCORE_CHIPSEQ:CHIPSEQ:MULTIQC_CUSTOM_PEAKS,1703001946000,1703001952000,2,37.0,,1073741824.0,,,0.00110287471875,0.00110287471875,0.0,312.9,
2246,NFCORE_CHIPSEQ:CHIPSEQ:FILTER_BAM_BAMTOOLS:BAM_SORT_SAMTOOLS:SAMTOOLS_SORT,1703001922000,1703001952000,5,417.4,,6309281792.0,,,0.05668332208984374,0.05668332208984374,0.0,312.9,
3122,NFCORE_CHIPSEQ:CHIPSEQ:MULTIQC_CUSTOM_PEAKS,1703001955000,1703001955000,2,19.7,,1073741824.0,,,0.0,0.0,0.0,312.9,
3126,NFCORE_CHIPSEQ:CHIPSEQ:FILTER_BAM_BAMTOOLS:BAM_SORT_SAMTOOLS:BAM_STATS_SAMTOOLS:SAMTOOLS_IDXSTATS,1703001955000,1703001955000,1,37.9,,1073741824.0,,,0.0,0.0,0.0,312.9,
3124,NFCORE_CHIPSEQ:CHIPSEQ:FILTER_BAM_BAMTOOLS:BAM_SORT_SAMTOOLS:BAM_STATS_SAMTOOLS:SAMTOOLS_FLAGSTAT,1703001955000,1703001966000,2,133.5,,1073741824.0,,,0.006317888299479166,0.006317888299479166,0.0,312.9,
3131,NFCORE_CHIPSEQ:CHIPSEQ:FILTER_BAM_BAMTOOLS:BAM_SORT_SAMTOOLS:SAMTOOLS_INDEX,1703001961000,1703001970000,2,132.3,,1073741824.0,,,0.0051254731171875,0.0051254731171875,0.0,312.9,
3109,NFCORE_CHIPSEQ:CHIPSEQ:FRIP_SCORE,1703001903000,1703001979000,2,126.9,,1073741824.0,,,0.041620860677083336,0.041620860677083336,0.0,312.9,
3098,NFCORE_CHIPSEQ:CHIPSEQ:BEDTOOLS_GENOMECOV,1703001754000,1703001991000,2,122.0,,4567597056.0,,,0.15136650763281248,0.15136650763281248,0.0,312.9,
3135,NFCORE_CHIPSEQ:CHIPSEQ:FILTER_BAM_BAMTOOLS:BAM_SORT_SAMTOOLS:BAM_STATS_SAMTOOLS:SAMTOOLS_FLAGSTAT,1703001982000,1703001991000,2,141.9,,1073741824.0,,,0.005475138867187501,0.005475138867187501,0.0,312.9,
3116,NFCORE_CHIPSEQ:CHIPSEQ:FRIP_SCORE,1703001920000,1703001992000,2,126.3,,1073741824.0,,,0.039255456187499996,0.039255456187499996,0.0,312.9,
3125,NFCORE_CHIPSEQ:CHIPSEQ:FILTER_BAM_BAMTOOLS:BAM_SORT_SAMTOOLS:BAM_STATS_SAMTOOLS:SAMTOOLS_STATS,1703001954000,1703001997000,2,128.2,,1073741824.0,,,0.023774875359375,0.023774875359375,0.0,312.9,
3133,NFCORE_CHIPSEQ:CHIPSEQ:FILTER_BAM_BAMTOOLS:BAM_SORT_SAMTOOLS:BAM_STATS_SAMTOOLS:SAMTOOLS_IDXSTATS,1703001994000,1703001996000,1,92.1,,1073741824.0,,,0.0008136106197916666,0.0008136106197916666,0.0,312.9,
3099,NFCORE_CHIPSEQ:CHIPSEQ:BEDTOOLS_GENOMECOV,1703001754000,1703002006000,2,122.5,,4567597056.0,,,0.1614565955625,0.1614565955625,0.0,312.9,
3138,NFCORE_CHIPSEQ:CHIPSEQ:MULTIQC_CUSTOM_PEAKS,1703002000000,1703002001000,2,72.7,,1073741824.0,,,0.0003282923984375,0.0003282923984375,0.0,312.9,
3141,NFCORE_CHIPSEQ:CHIPSEQ:MULTIQC_CUSTOM_PEAKS,1703002004000,1703002006000,2,110.3,,1073741824.0,,,0.0009609235052083333,0.0009609235052083333,0.0,312.9,
3039,NFCORE_CHIPSEQ:CHIPSEQ:HOMER_ANNOTATEPEAKS_MACS2,1703001605000,1703002010000,1,100.8,,4807720960.0,,,0.22700213586914067,0.22700213586914067,0.0,312.9,
3095,NFCORE_CHIPSEQ:CHIPSEQ:BEDTOOLS_GENOMECOV,1703001733000,1703002016000,2,122.3,,4567597056.0,,,0.18108925617708332,0.18108925617708332,0.0,312.9,
3096,NFCORE_CHIPSEQ:CHIPSEQ:BEDTOOLS_GENOMECOV,1703001751000,1703002019000,2,122.5,,4567597056.0,,,0.17170780797916665,0.17170780797916665,0.0,312.9,
3114,NFCORE_CHIPSEQ:CHIPSEQ:FRIP_SCORE,1703001945000,1703002021000,2,127.7,,1073741824.0,,,0.04186692176041667,0.04186692176041667,0.0,312.9,
3134,NFCORE_CHIPSEQ:CHIPSEQ:FILTER_BAM_BAMTOOLS:BAM_SORT_SAMTOOLS:BAM_STATS_SAMTOOLS:SAMTOOLS_STATS,1703001995000,1703002027000,2,128.0,,1073741824.0,,,0.01766702933333333,0.01766702933333333,0.0,312.9,
3147,NFCORE_CHIPSEQ:CHIPSEQ:MULTIQC_CUSTOM_PEAKS,1703002025000,1703002027000,2,114.3,,1073741824.0,,,0.0009932999635416666,0.0009932999635416666,0.0,312.9,
2187,NFCORE_CHIPSEQ:CHIPSEQ:FILTER_BAM_BAMTOOLS:BAM_SORT_SAMTOOLS:SAMTOOLS_SORT,1703002019000,1703002036000,5,433.0,,6309281792.0,,,0.03319382877799479,0.03319382877799479,0.0,312.9,
3139,NFCORE_CHIPSEQ:CHIPSEQ:UCSC_BEDGRAPHTOBIGWIG,1703001994000,1703002046000,1,100.4,,1073741824.0,,,0.022900586041666664,0.022900586041666664,0.0,312.9,
2175,NFCORE_CHIPSEQ:CHIPSEQ:FILTER_BAM_BAMTOOLS:BAM_SORT_SAMTOOLS:SAMTOOLS_SORT,1703002022000,1703002046000,5,408.8,,6309281792.0,,,0.044511345046875005,0.044511345046875005,0.0,312.9,
3119,NFCORE_CHIPSEQ:CHIPSEQ:PICARD_COLLECTMULTIPLEMETRICS,1703001931000,1703002055000,2,109.7,,2573205504.0,,,0.06517608675520833,0.06517608675520833,0.0,312.9,
3148,NFCORE_CHIPSEQ:CHIPSEQ:FILTER_BAM_BAMTOOLS:BAM_SORT_SAMTOOLS:SAMTOOLS_INDEX,1703002039000,1703002052000,2,148.7,,1073741824.0,,,0.008266293783854165,0.008266293783854165,0.0,312.9,
3129,NFCORE_CHIPSEQ:CHIPSEQ:PICARD_COLLECTMULTIPLEMETRICS,1703001969000,1703002065000,2,109.6,,2573205504.0,,,0.05042005412500001,0.05042005412500001,0.0,312.9,
3143,NFCORE_CHIPSEQ:CHIPSEQ:UCSC_BEDGRAPHTOBIGWIG,1703002010000,1703002061000,1,100.1,,1073741824.0,,,0.022398270179687495,0.022398270179687495,0.0,312.9,
3153,NFCORE_CHIPSEQ:CHIPSEQ:FILTER_BAM_BAMTOOLS:BAM_SORT_SAMTOOLS:SAMTOOLS_INDEX,1703002055000,1703002062000,2,135.2,,1073741824.0,,,0.004068634354166666,0.004068634354166666,0.0,312.9,
3155,NFCORE_CHIPSEQ:CHIPSEQ:FILTER_BAM_BAMTOOLS:BAM_SORT_SAMTOOLS:BAM_STATS_SAMTOOLS:SAMTOOLS_FLAGSTAT,1703002065000,1703002072000,2,142.1,,1073741824.0,,,0.004264107221354166,0.004264107221354166,0.0,312.9,
3157,NFCORE_CHIPSEQ:CHIPSEQ:FILTER_BAM_BAMTOOLS:BAM_SORT_SAMTOOLS:BAM_STATS_SAMTOOLS:SAMTOOLS_IDXSTATS,1703002065000,1703002065000,1,111.9,,1073741824.0,,,0.0,0.0,0.0,312.9,
3163,NFCORE_CHIPSEQ:CHIPSEQ:FILTER_BAM_BAMTOOLS:BAM_SORT_SAMTOOLS:BAM_STATS_SAMTOOLS:SAMTOOLS_IDXSTATS,1703002071000,1703002071000,1,92.1,,1073741824.0,,,0.0,0.0,0.0,312.9,
1259,NFCORE_CHIPSEQ:CHIPSEQ:FILTER_BAM_BAMTOOLS:BAM_SORT_SAMTOOLS:SAMTOOLS_SORT,1703002049000,1703002073000,5,421.1,,6309281792.0,,,0.045706036359375014,0.045706036359375014,0.0,312.9,
3062,NFCORE_CHIPSEQ:CHIPSEQ:HOMER_ANNOTATEPEAKS_MACS2,1703001665000,1703002077000,1,100.6,,4807720960.0,,,0.2305921520546875,0.2305921520546875,0.0,312.9,
3145,NFCORE_CHIPSEQ:CHIPSEQ:UCSC_BEDGRAPHTOBIGWIG,1703002032000,1703002086000,1,100.7,,1073741824.0,,,0.023846940140624998,0.023846940140624998,0.0,312.9,
3146,NFCORE_CHIPSEQ:CHIPSEQ:UCSC_BEDGRAPHTOBIGWIG,1703002025000,1703002083000,1,100.5,,1073741824.0,,,0.025566434286458332,0.025566434286458332,0.0,312.9,
3164,NFCORE_CHIPSEQ:CHIPSEQ:FILTER_BAM_BAMTOOLS:BAM_SORT_SAMTOOLS:BAM_STATS_SAMTOOLS:SAMTOOLS_FLAGSTAT,1703002076000,1703002086000,2,144.1,,1073741824.0,,,0.006172522890625,0.006172522890625,0.0,312.9,
3156,NFCORE_CHIPSEQ:CHIPSEQ:FILTER_BAM_BAMTOOLS:BAM_SORT_SAMTOOLS:BAM_STATS_SAMTOOLS:SAMTOOLS_STATS,1703002064000,1703002091000,2,127.0,,1073741824.0,,,0.014797285453125001,0.014797285453125001,0.0,312.9,
3171,NFCORE_CHIPSEQ:CHIPSEQ:FILTER_BAM_BAMTOOLS:BAM_SORT_SAMTOOLS:SAMTOOLS_INDEX,1703002079000,1703002086000,2,151.2,,1073741824.0,,,0.004521904770833332,0.004521904770833332,0.0,312.9,
3078,NFCORE_CHIPSEQ:CHIPSEQ:BEDTOOLS_GENOMECOV,1703001729000,1703002097000,2,121.9,,4567597056.0,,,0.23488429533333333,0.23488429533333333,0.0,312.9,
3176,NFCORE_CHIPSEQ:CHIPSEQ:FILTER_BAM_BAMTOOLS:BAM_SORT_SAMTOOLS:BAM_STATS_SAMTOOLS:SAMTOOLS_IDXSTATS,1703002099000,1703002099000,1,93.2,,1073741824.0,,,0.0,0.0,0.0,312.9,
3089,NFCORE_CHIPSEQ:CHIPSEQ:HOMER_ANNOTATEPEAKS_MACS2,1703001702000,1703002111000,1,100.8,,4807720960.0,,,0.22924413227278648,0.22924413227278648,0.0,312.9,
3149,NFCORE_CHIPSEQ:CHIPSEQ:PICARD_COLLECTMULTIPLEMETRICS,1703002039000,1703002114000,2,115.0,,2573205504.0,,,0.041029725488281245,0.041029725488281245,0.0,312.9,
3162,NFCORE_CHIPSEQ:CHIPSEQ:FILTER_BAM_BAMTOOLS:BAM_SORT_SAMTOOLS:BAM_STATS_SAMTOOLS:SAMTOOLS_STATS,1703002076000,1703002104000,2,126.3,,1073741824.0,,,0.01526601073958333,0.01526601073958333,0.0,312.9,
3175,NFCORE_CHIPSEQ:CHIPSEQ:FILTER_BAM_BAMTOOLS:BAM_SORT_SAMTOOLS:BAM_STATS_SAMTOOLS:SAMTOOLS_FLAGSTAT,1703002100000,1703002111000,2,139.2,,1073741824.0,,,0.0065716387916666666,0.0065716387916666666,0.0,312.9,
2225,NFCORE_CHIPSEQ:CHIPSEQ:FILTER_BAM_BAMTOOLS:BAM_SORT_SAMTOOLS:SAMTOOLS_SORT,1703002089000,1703002112000,5,411.8,,6309281792.0,,,0.04293595262304687,0.04293595262304687,0.0,312.9,
2193,NFCORE_CHIPSEQ:CHIPSEQ:FILTER_BAM_BAMTOOLS:BAM_SORT_SAMTOOLS:SAMTOOLS_SORT,1703002115000,1703002129000,5,416.6,,6309281792.0,,,0.02640688993359375,0.02640688993359375,0.0,312.9,
3092,NFCORE_CHIPSEQ:CHIPSEQ:HOMER_ANNOTATEPEAKS_MACS2,1703001725000,1703002132000,1,100.8,,4807720960.0,,,0.22812313407096357,0.22812313407096357,0.0,312.9,
3154,NFCORE_CHIPSEQ:CHIPSEQ:PICARD_COLLECTMULTIPLEMETRICS,1703002055000,1703002132000,2,116.7,,2573205504.0,,,0.042653611300781255,0.042653611300781255,0.0,312.9,
3183,NFCORE_CHIPSEQ:CHIPSEQ:FILTER_BAM_BAMTOOLS:BAM_SORT_SAMTOOLS:SAMTOOLS_INDEX,1703002121000,1703002129000,2,143.5,,1073741824.0,,,0.004918592437499999,0.004918592437499999,0.0,312.9,
3177,NFCORE_CHIPSEQ:CHIPSEQ:FILTER_BAM_BAMTOOLS:BAM_SORT_SAMTOOLS:BAM_STATS_SAMTOOLS:SAMTOOLS_STATS,1703002108000,1703002140000,2,127.6,,1073741824.0,,,0.017615226999999997,0.017615226999999997,0.0,312.9,
3188,NFCORE_CHIPSEQ:CHIPSEQ:FILTER_BAM_BAMTOOLS:BAM_SORT_SAMTOOLS:SAMTOOLS_INDEX,1703002133000,1703002140000,2,144.5,,1073741824.0,,,0.0043320977838541665,0.0043320977838541665,0.0,312.9,
3189,NFCORE_CHIPSEQ:CHIPSEQ:FILTER_BAM_BAMTOOLS:BAM_SORT_SAMTOOLS:BAM_STATS_SAMTOOLS:SAMTOOLS_FLAGSTAT,1703002139000,1703002146000,2,141.8,,1073741824.0,,,0.004255608401041666,0.004255608401041666,0.0,312.9,
3190,NFCORE_CHIPSEQ:CHIPSEQ:FILTER_BAM_BAMTOOLS:BAM_SORT_SAMTOOLS:BAM_STATS_SAMTOOLS:SAMTOOLS_IDXSTATS,1703002139000,1703002140000,1,94.8,,1073741824.0,,,0.0004177323645833333,0.0004177323645833333,0.0,312.9,
3194,NFCORE_CHIPSEQ:CHIPSEQ:FILTER_BAM_BAMTOOLS:BAM_SORT_SAMTOOLS:BAM_STATS_SAMTOOLS:SAMTOOLS_FLAGSTAT,1703002150000,1703002156000,2,140.3,,1073741824.0,,,0.003611240828125,0.003611240828125,0.0,312.9,
3196,NFCORE_CHIPSEQ:CHIPSEQ:FILTER_BAM_BAMTOOLS:BAM_SORT_SAMTOOLS:BAM_STATS_SAMTOOLS:SAMTOOLS_IDXSTATS,1703002160000,1703002160000,1,85.3,,1073741824.0,,,0.0,0.0,0.0,312.9,
3191,NFCORE_CHIPSEQ:CHIPSEQ:FILTER_BAM_BAMTOOLS:BAM_SORT_SAMTOOLS:BAM_STATS_SAMTOOLS:SAMTOOLS_STATS,1703002143000,1703002171000,2,126.5,,1073741824.0,,,0.015288674260416664,0.015288674260416664,0.0,312.9,
3195,NFCORE_CHIPSEQ:CHIPSEQ:FILTER_BAM_BAMTOOLS:BAM_SORT_SAMTOOLS:BAM_STATS_SAMTOOLS:SAMTOOLS_STATS,1703002147000,1703002174000,2,126.1,,1073741824.0,,,0.0146989419609375,0.0146989419609375,0.0,312.9,
3169,NFCORE_CHIPSEQ:CHIPSEQ:PICARD_COLLECTMULTIPLEMETRICS,1703002086000,1703002181000,2,113.8,,2573205504.0,,,0.05150962108723958,0.05150962108723958,0.0,312.9,
3180,NFCORE_CHIPSEQ:CHIPSEQ:UCSC_BEDGRAPHTOBIGWIG,1703002114000,1703002192000,1,101.5,,1073741824.0,,,0.03469811657812499,0.03469811657812499,0.0,312.9,
3184,NFCORE_CHIPSEQ:CHIPSEQ:PICARD_COLLECTMULTIPLEMETRICS,1703002127000,1703002207000,2,116.0,,2573205504.0,,,0.04408880510416667,0.04408880510416667,0.0,312.9,
3187,NFCORE_CHIPSEQ:CHIPSEQ:PICARD_COLLECTMULTIPLEMETRICS,1703002133000,1703002212000,2,118.4,,2573205504.0,,,0.04430501710286457,0.04430501710286457,0.0,312.9,
2190,NFCORE_CHIPSEQ:CHIPSEQ:FILTER_BAM_BAMTOOLS:BAM_SORT_SAMTOOLS:SAMTOOLS_SORT,1703002212000,1703002231000,5,402.1,,6309281792.0,,,0.03472295776888021,0.03472295776888021,0.0,312.9,
3128,NFCORE_CHIPSEQ:CHIPSEQ:MACS2_CALLPEAK,1703001954000,1703002239000,1,97.4,,1892679680.0,,,0.12945861653320312,0.12945861653320312,0.0,312.9,
3206,NFCORE_CHIPSEQ:CHIPSEQ:FILTER_BAM_BAMTOOLS:BAM_SORT_SAMTOOLS:SAMTOOLS_INDEX,1703002235000,1703002247000,2,124.2,,1073741824.0,,,0.006440590187499999,0.006440590187499999,0.0,312.9,
3208,NFCORE_CHIPSEQ:CHIPSEQ:FILTER_BAM_BAMTOOLS:BAM_SORT_SAMTOOLS:BAM_STATS_SAMTOOLS:SAMTOOLS_IDXSTATS,1703002250000,1703002251000,1,71.5,,1073741824.0,,,0.00032343592968749995,0.00032343592968749995,0.0,312.9,
3210,NFCORE_CHIPSEQ:CHIPSEQ:FILTER_BAM_BAMTOOLS:BAM_SORT_SAMTOOLS:BAM_STATS_SAMTOOLS:SAMTOOLS_FLAGSTAT,1703002251000,1703002257000,2,148.1,,1073741824.0,,,0.0038006431093749993,0.0038006431093749993,0.0,312.9,
3137,NFCORE_CHIPSEQ:CHIPSEQ:MACS2_CALLPEAK,1703001979000,1703002266000,1,97.0,,1892679680.0,,,0.12990249587565103,0.12990249587565103,0.0,312.9,
3158,NFCORE_CHIPSEQ:CHIPSEQ:MACS2_CALLPEAK,1703002065000,1703002271000,1,97.8,,1892679680.0,,,0.09390707403255211,0.09390707403255211,0.0,312.9,
3140,NFCORE_CHIPSEQ:CHIPSEQ:BEDTOOLS_GENOMECOV,1703001994000,1703002274000,2,122.4,,4567597056.0,,,0.1792828996875,0.1792828996875,0.0,312.9,
3209,NFCORE_CHIPSEQ:CHIPSEQ:FILTER_BAM_BAMTOOLS:BAM_SORT_SAMTOOLS:BAM_STATS_SAMTOOLS:SAMTOOLS_STATS,1703002250000,1703002274000,2,123.1,,1073741824.0,,,0.0127743380625,0.0127743380625,0.0,312.9,
3166,NFCORE_CHIPSEQ:CHIPSEQ:MACS2_CALLPEAK,1703002071000,1703002286000,1,97.7,,1892679680.0,,,0.09792279854492188,0.09792279854492188,0.0,312.9,
3108,NFCORE_CHIPSEQ:CHIPSEQ:HOMER_ANNOTATEPEAKS_MACS2,1703001890000,1703002296000,1,100.8,,4807720960.0,,,0.22756263497005208,0.22756263497005208,0.0,312.9,
3179,NFCORE_CHIPSEQ:CHIPSEQ:MACS2_CALLPEAK,1703002098000,1703002306000,1,97.5,,1892679680.0,,,0.09456625682291667,0.09456625682291667,0.0,312.9,
3207,NFCORE_CHIPSEQ:CHIPSEQ:PICARD_COLLECTMULTIPLEMETRICS,1703002235000,1703002316000,2,113.5,,2573205504.0,,,0.04382038606640625,0.04382038606640625,0.0,312.9,
3115,NFCORE_CHIPSEQ:CHIPSEQ:HOMER_ANNOTATEPEAKS_MACS2,1703001920000,1703002319000,1,100.9,,4807720960.0,,,0.2238006188496094,0.2238006188496094,0.0,312.9,
3168,NFCORE_CHIPSEQ:CHIPSEQ:BEDTOOLS_GENOMECOV,1703002079000,1703002321000,2,120.1,,4567597056.0,,,0.15269905692708333,0.15269905692708333,0.0,312.9,
3113,NFCORE_CHIPSEQ:CHIPSEQ:HOMER_ANNOTATEPEAKS_MACS2,1703001920000,1703002326000,1,100.6,,4807720960.0,,,0.2272340139179687,0.2272340139179687,0.0,312.9,
3174,NFCORE_CHIPSEQ:CHIPSEQ:BEDTOOLS_GENOMECOV,1703002094000,1703002326000,2,122.2,,4567597056.0,,,0.14836090485416667,0.14836090485416667,0.0,312.9,
3198,NFCORE_CHIPSEQ:CHIPSEQ:MACS2_CALLPEAK,1703002147000,1703002331000,1,98.8,,1892679680.0,,,0.08462282175520833,0.08462282175520833,0.0,312.9,
3193,NFCORE_CHIPSEQ:CHIPSEQ:MACS2_CALLPEAK,1703002139000,1703002342000,1,97.3,,1892679680.0,,,0.09212871896940104,0.09212871896940104,0.0,312.9,
3218,NFCORE_CHIPSEQ:CHIPSEQ:FRIP_SCORE,1703002279000,1703002344000,2,128.3,,1073741824.0,,,0.035965070950520824,0.035965070950520824,0.0,312.9,
3219,NFCORE_CHIPSEQ:CHIPSEQ:UCSC_BEDGRAPHTOBIGWIG,1703002284000,1703002341000,1,100.9,,1073741824.0,,,0.025217906601562503,0.025217906601562503,0.0,312.9,
3216,NFCORE_CHIPSEQ:CHIPSEQ:FRIP_SCORE,1703002278000,1703002354000,2,128.0,,1073741824.0,,,0.041959194666666665,0.041959194666666665,0.0,312.9,
3221,NFCORE_CHIPSEQ:CHIPSEQ:FRIP_SCORE,1703002289000,1703002356000,2,127.6,,1073741824.0,,,0.036881881531249994,0.036881881531249994,0.0,312.9,
3229,NFCORE_CHIPSEQ:CHIPSEQ:MULTIQC_CUSTOM_PEAKS,1703002354000,1703002356000,2,105.5,,1073741824.0,,,0.0009220717552083333,0.0009220717552083333,0.0,312.9,
3132,NFCORE_CHIPSEQ:CHIPSEQ:BEDTOOLS_GENOMECOV,1703001972000,1703002369000,2,120.9,,4567597056.0,,,0.25178751729687504,0.25178751729687504,0.0,312.9,
3232,NFCORE_CHIPSEQ:CHIPSEQ:MULTIQC_CUSTOM_PEAKS,1703002369000,1703002370000,2,105.5,,1073741824.0,,,0.00046103587760416663,0.00046103587760416663,0.0,312.9,
3233,NFCORE_CHIPSEQ:CHIPSEQ:MULTIQC_CUSTOM_PEAKS,1703002369000,1703002370000,2,112.3,,1073741824.0,,,0.0004885558671875,0.0004885558671875,0.0,312.9,
3201,NFCORE_CHIPSEQ:CHIPSEQ:BEDTOOLS_GENOMECOV,1703002174000,1703002385000,2,123.2,,4567597056.0,,,0.13578561410677084,0.13578561410677084,0.0,312.9,
3222,NFCORE_CHIPSEQ:CHIPSEQ:UCSC_BEDGRAPHTOBIGWIG,1703002327000,1703002381000,1,95.4,,1073741824.0,,,0.02268867234375,0.02268867234375,0.0,312.9,
3223,NFCORE_CHIPSEQ:CHIPSEQ:UCSC_BEDGRAPHTOBIGWIG,1703002342000,1703002389000,1,100.2,,1073741824.0,,,0.020660564276041668,0.020660564276041668,0.0,312.9,
3199,NFCORE_CHIPSEQ:CHIPSEQ:BEDTOOLS_GENOMECOV,1703002160000,1703002391000,2,123.5,,4567597056.0,,,0.14893674949999997,0.14893674949999997,0.0,312.9,
3182,NFCORE_CHIPSEQ:CHIPSEQ:BEDTOOLS_GENOMECOV,1703002120000,1703002409000,2,122.6,,4567597056.0,,,0.1852794842317708,0.1852794842317708,0.0,312.9,
3225,NFCORE_CHIPSEQ:CHIPSEQ:FRIP_SCORE,1703002342000,1703002409000,2,127.2,,1073741824.0,,,0.036773420395833326,0.036773420395833326,0.0,312.9,
3228,NFCORE_CHIPSEQ:CHIPSEQ:FRIP_SCORE,1703002346000,1703002416000,2,127.8,,1073741824.0,,,0.03858996786458334,0.03858996786458334,0.0,312.9,
3243,NFCORE_CHIPSEQ:CHIPSEQ:MULTIQC_CUSTOM_PEAKS,1703002412000,1703002417000,2,0.8,,1073741824.0,,,0.00018654489583333334,0.00018654489583333334,0.0,312.9,
3244,NFCORE_CHIPSEQ:CHIPSEQ:MULTIQC_CUSTOM_PEAKS,1703002422000,1703002428000,2,1.5,,1073741824.0,,,0.000240851515625,0.000240851515625,0.0,312.9,
3238,NFCORE_CHIPSEQ:CHIPSEQ:UCSC_BEDGRAPHTOBIGWIG,1703002391000,1703002441000,1,100.1,,1073741824.0,,,0.02195908841145833,0.02195908841145833,0.0,312.9,
3212,NFCORE_CHIPSEQ:CHIPSEQ:MACS2_CALLPEAK,1703002251000,1703002446000,1,94.7,,1892679680.0,,,0.08644617249023437,0.08644617249023437,0.0,312.9,
3236,NFCORE_CHIPSEQ:CHIPSEQ:UCSC_BEDGRAPHTOBIGWIG,1703002384000,1703002467000,1,100.2,,1073741824.0,,,0.03648567733854167,0.03648567733854167,0.0,312.9,
3241,NFCORE_CHIPSEQ:CHIPSEQ:UCSC_BEDGRAPHTOBIGWIG,1703002409000,1703002466000,1,100.2,,1073741824.0,,,0.025056429015625003,0.025056429015625003,0.0,312.9,
3213,NFCORE_CHIPSEQ:CHIPSEQ:BEDTOOLS_GENOMECOV,1703002266000,1703002472000,2,121.8,,4567597056.0,,,0.13140077420312501,0.13140077420312501,0.0,312.9,
3242,NFCORE_CHIPSEQ:CHIPSEQ:UCSC_BEDGRAPHTOBIGWIG,1703002412000,1703002475000,1,100.1,,1073741824.0,,,0.0276684513984375,0.0276684513984375,0.0,312.9,
3249,NFCORE_CHIPSEQ:CHIPSEQ:PLOT_MACS2_QC,1703002479000,1703002502000,2,135.8,,1073741824.0,,,0.013424219411458336,0.013424219411458336,0.0,312.9,
3264,NFCORE_CHIPSEQ:CHIPSEQ:UCSC_BEDGRAPHTOBIGWIG,1703002477000,1703002516000,1,100.1,,1073741824.0,,,0.017128088960937503,0.017128088960937503,0.0,312.9,
1365,NFCORE_CHIPSEQ:CHIPSEQ:DEEPTOOLS_PLOTFINGERPRINT,1703002350000,1703002511000,8,517.0,,4294967296.0,,,0.358806846453125,0.358806846453125,0.0,312.9,
3248,NFCORE_CHIPSEQ:CHIPSEQ:FRIP_SCORE,1703002454000,1703002516000,2,128.7,,1073741824.0,,,0.03440551161979166,0.03440551161979166,0.0,312.9,
3257,NFCORE_CHIPSEQ:CHIPSEQ:MACS2_CONSENSUS,1703002507000,1703002516000,6,168.3,,1073741824.0,,,0.006436719679687501,0.006436719679687501,0.0,312.9,
3252,NFCORE_CHIPSEQ:CHIPSEQ:MACS2_CONSENSUS,1703002520000,1703002525000,6,201.8,,1073741824.0,,,0.004253837473958334,0.004253837473958334,0.0,312.9,
3250,NFCORE_CHIPSEQ:CHIPSEQ:MACS2_CONSENSUS,1703002528000,1703002531000,6,208.6,,1073741824.0,,,0.0026348624531249997,0.0026348624531249997,0.0,312.9,
3267,NFCORE_CHIPSEQ:CHIPSEQ:MULTIQC_CUSTOM_PEAKS,1703002526000,1703002528000,2,83.5,,1073741824.0,,,0.0007440012343749999,0.0007440012343749999,0.0,312.9,
3253,NFCORE_CHIPSEQ:CHIPSEQ:MACS2_CONSENSUS,1703002539000,1703002541000,6,211.8,,1073741824.0,,,0.0017824761354166667,0.0017824761354166667,0.0,312.9,
3254,NFCORE_CHIPSEQ:CHIPSEQ:MACS2_CONSENSUS,1703002534000,1703002536000,6,208.4,,1073741824.0,,,0.0017549561458333335,0.0017549561458333335,0.0,312.9,
3255,NFCORE_CHIPSEQ:CHIPSEQ:MACS2_CONSENSUS,1703002536000,1703002542000,6,196.0,,1073741824.0,,,0.004963767375000001,0.004963767375000001,0.0,312.9,
2582,NFCORE_CHIPSEQ:CHIPSEQ:DEEPTOOLS_PLOTFINGERPRINT,1703002385000,1703002542000,8,534.5,,4294967296.0,,,0.36101168054947913,0.36101168054947913,0.0,312.9,
3258,NFCORE_CHIPSEQ:CHIPSEQ:MACS2_CONSENSUS,1703002536000,1703002542000,6,176.5,,1073741824.0,,,0.004490261671875001,0.004490261671875001,0.0,312.9,
3256,NFCORE_CHIPSEQ:CHIPSEQ:MACS2_CONSENSUS,1703002544000,1703002546000,6,314.6,,1073741824.0,,,0.0026145511145833334,0.0026145511145833334,0.0,312.9,
3251,NFCORE_CHIPSEQ:CHIPSEQ:MACS2_CONSENSUS,1703002544000,1703002546000,6,287.5,,1073741824.0,,,0.002395200609375,0.002395200609375,0.0,312.9,
3259,NFCORE_CHIPSEQ:CHIPSEQ:MACS2_CONSENSUS,1703002545000,1703002546000,6,205.3,,1073741824.0,,,0.0008649321953124999,0.0008649321953124999,0.0,312.9,
1274,NFCORE_CHIPSEQ:CHIPSEQ:DEEPTOOLS_PLOTFINGERPRINT,1703002394000,1703002561000,8,609.7,,4294967296.0,,,0.4348306193984375,0.4348306193984375,0.0,312.9,
3271,NFCORE_CHIPSEQ:CHIPSEQ:SUBREAD_FEATURECOUNTS,1703002549000,1703002599000,5,465.8,,1073741824.0,,,0.09595953098958332,0.09595953098958332,0.0,312.9,
3273,NFCORE_CHIPSEQ:CHIPSEQ:SUBREAD_FEATURECOUNTS,1703002552000,1703002596000,5,472.0,,1073741824.0,,,0.0855484245,0.0855484245,0.0,312.9,
3279,NFCORE_CHIPSEQ:CHIPSEQ:SUBREAD_FEATURECOUNTS,1703002552000,1703002596000,5,470.4,,1073741824.0,,,0.08526351166666668,0.08526351166666668,0.0,312.9,
3283,NFCORE_CHIPSEQ:CHIPSEQ:SUBREAD_FEATURECOUNTS,1703002564000,1703002601000,5,478.0,,1073741824.0,,,0.07283689459374999,0.07283689459374999,0.0,312.9,
3269,NFCORE_CHIPSEQ:CHIPSEQ:SUBREAD_FEATURECOUNTS,1703002547000,1703002611000,5,465.7,,1073741824.0,,,0.1228022985,0.1228022985,0.0,312.9,
3288,NFCORE_CHIPSEQ:CHIPSEQ:IGV,1703002609000,1703002611000,1,90.8,,1073741824.0,,,0.0008030882708333334,0.0008030882708333334,0.0,312.9,
3277,NFCORE_CHIPSEQ:CHIPSEQ:SUBREAD_FEATURECOUNTS,1703002599000,1703002636000,5,485.2,,1073741824.0,,,0.07391503065625,0.07391503065625,0.0,312.9,
3287,NFCORE_CHIPSEQ:CHIPSEQ:SUBREAD_FEATURECOUNTS,1703002604000,1703002636000,5,466.7,,1073741824.0,,,0.06153065508333332,0.06153065508333332,0.0,312.9,
3275,NFCORE_CHIPSEQ:CHIPSEQ:SUBREAD_FEATURECOUNTS,1703002602000,1703002641000,5,479.5,,1073741824.0,,,0.0770107768828125,0.0770107768828125,0.0,312.9,
3281,NFCORE_CHIPSEQ:CHIPSEQ:SUBREAD_FEATURECOUNTS,1703002614000,1703002644000,5,446.9,,1073741824.0,,,0.055281037109375,0.055281037109375,0.0,312.9,
3285,NFCORE_CHIPSEQ:CHIPSEQ:SUBREAD_FEATURECOUNTS,1703002599000,1703002650000,5,472.8,,1073741824.0,,,0.09932352106249998,0.09932352106249998,0.0,312.9,
3215,NFCORE_CHIPSEQ:CHIPSEQ:HOMER_ANNOTATEPEAKS_MACS2,1703002275000,1703002661000,1,100.3,,4807720960.0,,,0.21557157089453124,0.21557157089453124,0.0,312.9,
3217,NFCORE_CHIPSEQ:CHIPSEQ:HOMER_ANNOTATEPEAKS_MACS2,1703002274000,1703002667000,1,100.1,,4807720960.0,,,0.21916280119726558,0.21916280119726558,0.0,312.9,
3220,NFCORE_CHIPSEQ:CHIPSEQ:HOMER_ANNOTATEPEAKS_MACS2,1703002288000,1703002686000,1,99.5,,4807720960.0,,,0.22098469472005208,0.22098469472005208,0.0,312.9,
3291,NFCORE_CHIPSEQ:CHIPSEQ:DESEQ2_QC,1703002659000,1703002686000,4,262.0,,1303379968.0,,,0.029745551267578125,0.029745551267578125,0.0,312.9,
3293,NFCORE_CHIPSEQ:CHIPSEQ:DESEQ2_QC,1703002670000,1703002691000,4,149.0,,1303379968.0,,,0.013531761810546874,0.013531761810546874,0.0,312.9,
3295,NFCORE_CHIPSEQ:CHIPSEQ:DESEQ2_QC,1703002660000,1703002691000,4,191.9,,1303379968.0,,,0.025357639402994788,0.025357639402994788,0.0,312.9,
3299,NFCORE_CHIPSEQ:CHIPSEQ:DESEQ2_QC,1703002689000,1703002711000,4,164.9,,1303379968.0,,,0.015591792061197918,0.015591792061197918,0.0,312.9,
3059,NFCORE_CHIPSEQ:CHIPSEQ:PHANTOMPEAKQUALTOOLS,1703001710000,1703002716000,1,15.0,,4294967296.0,,,0.1981731398645833,0.1981731398645833,0.0,312.9,
3292,NFCORE_CHIPSEQ:CHIPSEQ:DESEQ2_QC,1703002694000,1703002716000,4,181.9,,1303379968.0,,,0.01710539148828125,0.01710539148828125,0.0,312.9,
3298,NFCORE_CHIPSEQ:CHIPSEQ:DESEQ2_QC,1703002694000,1703002714000,4,167.4,,1303379968.0,,,0.014376709283854167,0.014376709283854167,0.0,312.9,
3224,NFCORE_CHIPSEQ:CHIPSEQ:HOMER_ANNOTATEPEAKS_MACS2,1703002342000,1703002721000,1,100.1,,4807720960.0,,,0.21135547494596355,0.21135547494596355,0.0,312.9,
3227,NFCORE_CHIPSEQ:CHIPSEQ:HOMER_ANNOTATEPEAKS_MACS2,1703002346000,1703002730000,1,100.1,,4807720960.0,,,0.21414380575,0.21414380575,0.0,312.9,
3294,NFCORE_CHIPSEQ:CHIPSEQ:DESEQ2_QC,1703002718000,1703002736000,4,149.3,,1303379968.0,,,0.011620507089843751,0.011620507089843751,0.0,312.9,
3296,NFCORE_CHIPSEQ:CHIPSEQ:DESEQ2_QC,1703002714000,1703002736000,4,152.4,,1303379968.0,,,0.014478851305989584,0.014478851305989584,0.0,312.9,
3297,NFCORE_CHIPSEQ:CHIPSEQ:DESEQ2_QC,1703002719000,1703002736000,4,116.5,,1303379968.0,,,0.008718284216796875,0.008718284216796875,0.0,312.9,
3300,NFCORE_CHIPSEQ:CHIPSEQ:DESEQ2_QC,1703002719000,1703002736000,4,132.9,,1303379968.0,,,0.00984660378971354,0.00984660378971354,0.0,312.9,
2182,NFCORE_CHIPSEQ:CHIPSEQ:DEEPTOOLS_PLOTFINGERPRINT,1703002639000,1703002776000,8,581.1,,4294967296.0,,,0.3408601545963542,0.3408601545963542,0.0,312.9,
2528,NFCORE_CHIPSEQ:CHIPSEQ:DEEPTOOLS_PLOTFINGERPRINT,1703002644000,1703002801000,8,539.5,,4294967296.0,,,0.36418862052343753,0.36418862052343753,0.0,312.9,
3077,NFCORE_CHIPSEQ:CHIPSEQ:PHANTOMPEAKQUALTOOLS,1703001703000,1703002811000,1,14.7,,4294967296.0,,,0.2169209996770833,0.2169209996770833,0.0,312.9,
3247,NFCORE_CHIPSEQ:CHIPSEQ:HOMER_ANNOTATEPEAKS_MACS2,1703002454000,1703002846000,1,99.4,,4807720960.0,,,0.21749462251562499,0.21749462251562499,0.0,312.9,
3052,NFCORE_CHIPSEQ:CHIPSEQ:PHANTOMPEAKQUALTOOLS,1703001643000,1703002851000,1,14.5,,4294967296.0,,,0.23552093818750003,0.23552093818750003,0.0,312.9,
3057,NFCORE_CHIPSEQ:CHIPSEQ:PHANTOMPEAKQUALTOOLS,1703001646000,1703002846000,1,14.2,,4294967296.0,,,0.23250425624999996,0.23250425624999996,0.0,312.9,
2342,NFCORE_CHIPSEQ:CHIPSEQ:DEEPTOOLS_PLOTFINGERPRINT,1703002739000,1703002882000,8,548.3,,4294967296.0,,,0.33680601902864576,0.33680601902864576,0.0,312.9,
3305,NFCORE_CHIPSEQ:CHIPSEQ:PLOT_HOMER_ANNOTATEPEAKS,1703002870000,1703002891000,2,112.1,,1073741824.0,,,0.010242675570312502,0.010242675570312502,0.0,312.9,
3282,NFCORE_CHIPSEQ:CHIPSEQ:HOMER_ANNOTATEPEAKS_CONSENSUS,1703002552000,1703002931000,1,100.1,,4841275392.0,,,0.2117590073001302,0.2117590073001302,0.0,312.9,
3280,NFCORE_CHIPSEQ:CHIPSEQ:HOMER_ANNOTATEPEAKS_CONSENSUS,1703002551000,1703002936000,1,100.0,,4841275392.0,,,0.21495558093424477,0.21495558093424477,0.0,312.9,
3308,NFCORE_CHIPSEQ:CHIPSEQ:ANNOTATE_BOOLEAN_PEAKS,1703002936000,1703002936000,1,83.6,,1073741824.0,,,0.0,0.0,0.0,312.9,
3268,NFCORE_CHIPSEQ:CHIPSEQ:HOMER_ANNOTATEPEAKS_CONSENSUS,1703002526000,1703002944000,1,99.7,,4841275392.0,,,0.2328728440299479,0.2328728440299479,0.0,312.9,
3270,NFCORE_CHIPSEQ:CHIPSEQ:HOMER_ANNOTATEPEAKS_CONSENSUS,1703002534000,1703002952000,1,100.0,,4841275392.0,,,0.2333803450143229,0.2333803450143229,0.0,312.9,
3272,NFCORE_CHIPSEQ:CHIPSEQ:HOMER_ANNOTATEPEAKS_CONSENSUS,1703002534000,1703002953000,1,99.5,,4841275392.0,,,0.23309081269596355,0.23309081269596355,0.0,312.9,
3274,NFCORE_CHIPSEQ:CHIPSEQ:HOMER_ANNOTATEPEAKS_CONSENSUS,1703002543000,1703002959000,1,100.0,,4841275392.0,,,0.2322636926458333,0.2322636926458333,0.0,312.9,
3284,NFCORE_CHIPSEQ:CHIPSEQ:HOMER_ANNOTATEPEAKS_CONSENSUS,1703002568000,1703002956000,1,100.1,,4841275392.0,,,0.2167875853098958,0.2167875853098958,0.0,312.9,
3309,NFCORE_CHIPSEQ:CHIPSEQ:ANNOTATE_BOOLEAN_PEAKS,1703002949000,1703002953000,1,36.7,,1073741824.0,,,0.00073039334375,0.00073039334375,0.0,312.9,
3310,NFCORE_CHIPSEQ:CHIPSEQ:ANNOTATE_BOOLEAN_PEAKS,1703002953000,1703002959000,1,13.2,,1073741824.0,,,0.0005249549374999999,0.0005249549374999999,0.0,312.9,
2357,NFCORE_CHIPSEQ:CHIPSEQ:DEEPTOOLS_PLOTFINGERPRINT,1703002805000,1703002956000,8,591.6,,4294967296.0,,,0.38210918848958325,0.38210918848958325,0.0,312.9,
3276,NFCORE_CHIPSEQ:CHIPSEQ:HOMER_ANNOTATEPEAKS_CONSENSUS,1703002544000,1703002960000,1,99.8,,4841275392.0,,,0.23192697747916666,0.23192697747916666,0.0,312.9,
3311,NFCORE_CHIPSEQ:CHIPSEQ:ANNOTATE_BOOLEAN_PEAKS,1703002961000,1703002962000,1,109.4,,1073741824.0,,,0.00047681940104166663,0.00047681940104166663,0.0,312.9,
3312,NFCORE_CHIPSEQ:CHIPSEQ:ANNOTATE_BOOLEAN_PEAKS,1703002961000,1703002963000,1,119.4,,1073741824.0,,,0.0010345799479166667,0.0010345799479166667,0.0,312.9,
3313,NFCORE_CHIPSEQ:CHIPSEQ:ANNOTATE_BOOLEAN_PEAKS,1703002962000,1703002963000,1,121.4,,1073741824.0,,,0.0005253840885416667,0.0005253840885416667,0.0,312.9,
3314,NFCORE_CHIPSEQ:CHIPSEQ:ANNOTATE_BOOLEAN_PEAKS,1703002962000,1703002963000,1,83.8,,1073741824.0,,,0.000373214734375,0.000373214734375,0.0,312.9,
3278,NFCORE_CHIPSEQ:CHIPSEQ:HOMER_ANNOTATEPEAKS_CONSENSUS,1703002547000,1703002971000,1,99.5,,4841275392.0,,,0.2358723259739583,0.2358723259739583,0.0,312.9,
3315,NFCORE_CHIPSEQ:CHIPSEQ:ANNOTATE_BOOLEAN_PEAKS,1703002970000,1703002976000,1,26.3,,1073741824.0,,,0.0008430536406250001,0.0008430536406250001,0.0,312.9,
3316,NFCORE_CHIPSEQ:CHIPSEQ:ANNOTATE_BOOLEAN_PEAKS,1703002979000,1703002981000,1,98.8,,1073741824.0,,,0.0008678411874999998,0.0008678411874999998,0.0,312.9,
3150,NFCORE_CHIPSEQ:CHIPSEQ:PHANTOMPEAKQUALTOOLS,1703002039000,1703002996000,1,15.5,,4294967296.0,,,0.19045708833593747,0.19045708833593747,0.0,312.9,
3152,NFCORE_CHIPSEQ:CHIPSEQ:PHANTOMPEAKQUALTOOLS,1703002061000,1703002996000,1,16.1,,4294967296.0,,,0.18834916360677084,0.18834916360677084,0.0,312.9,
3186,NFCORE_CHIPSEQ:CHIPSEQ:PHANTOMPEAKQUALTOOLS,1703002133000,1703002996000,1,16.1,,4294967296.0,,,0.1738452707942708,0.1738452707942708,0.0,312.9,
3286,NFCORE_CHIPSEQ:CHIPSEQ:HOMER_ANNOTATEPEAKS_CONSENSUS,1703002589000,1703003001000,1,98.8,,4841275392.0,,,0.2280295227838541,0.2280295227838541,0.0,312.9,
3320,NFCORE_CHIPSEQ:CHIPSEQ:ANNOTATE_BOOLEAN_PEAKS,1703003004000,1703003006000,1,62.1,,1073741824.0,,,0.0005707871822916667,0.0005707871822916667,0.0,312.9,
3205,NFCORE_CHIPSEQ:CHIPSEQ:PHANTOMPEAKQUALTOOLS,1703002235000,1703003036000,1,16.8,,4294967296.0,,,0.16362499256250002,0.16362499256250002,0.0,312.9,
3185,NFCORE_CHIPSEQ:CHIPSEQ:PHANTOMPEAKQUALTOOLS,1703002132000,1703003066000,1,15.8,,4294967296.0,,,0.18701373519791667,0.18701373519791667,0.0,312.9,
2715,NFCORE_CHIPSEQ:CHIPSEQ:DEEPTOOLS_PLOTFINGERPRINT,1703002939000,1703003091000,8,685.8,,4294967296.0,,,0.4425870980416666,0.4425870980416666,0.0,312.9,
2303,NFCORE_CHIPSEQ:CHIPSEQ:DEEPTOOLS_PLOTFINGERPRINT,1703002999000,1703003146000,8,628.3,,4294967296.0,,,0.3938205601640625,0.3938205601640625,0.0,312.9,
3130,NFCORE_CHIPSEQ:CHIPSEQ:PHANTOMPEAKQUALTOOLS,1703001956000,1703003171000,1,14.2,,4294967296.0,,,0.23541055945312497,0.23541055945312497,0.0,312.9,
3170,NFCORE_CHIPSEQ:CHIPSEQ:PHANTOMPEAKQUALTOOLS,1703002079000,1703003231000,1,15.1,,4294967296.0,,,0.22740007499999998,0.22740007499999998,0.0,312.9,
3044,NFCORE_CHIPSEQ:CHIPSEQ:PHANTOMPEAKQUALTOOLS,1703001616000,1703003256000,1,13.8,,4294967296.0,,,0.31510094729166666,0.31510094729166666,0.0,312.9,
3118,NFCORE_CHIPSEQ:CHIPSEQ:PHANTOMPEAKQUALTOOLS,1703001928000,1703003646000,1,13.7,,4294967296.0,,,0.3293921713177083,0.3293921713177083,0.0,312.9,
1431,NFCORE_CHIPSEQ:CHIPSEQ:DEEPTOOLS_COMPUTEMATRIX,1703002739000,1703003817000,9,691.3,,5673844736.0,,,3.210035794009115,3.210035794009115,0.0,312.9,
2337,NFCORE_CHIPSEQ:CHIPSEQ:DEEPTOOLS_COMPUTEMATRIX,1703002779000,1703003837000,9,704.8,,5673844736.0,,,3.208284518240884,3.208284518240884,0.0,312.9,
3327,NFCORE_CHIPSEQ:CHIPSEQ:DEEPTOOLS_PLOTPROFILE,1703003818000,1703003881000,1,96.1,,5420089344.0,,,0.03533728205273437,0.03533728205273437,0.0,312.9,
3330,NFCORE_CHIPSEQ:CHIPSEQ:DEEPTOOLS_PLOTPROFILE,1703003843000,1703003881000,1,99.7,,5420089344.0,,,0.02186818851692708,0.02186818851692708,0.0,312.9,
2667,NFCORE_CHIPSEQ:CHIPSEQ:DEEPTOOLS_COMPUTEMATRIX,1703002884000,1703003956000,9,703.1,,5673844736.0,,,3.243362831406249,3.243362831406249,0.0,312.9,
3332,NFCORE_CHIPSEQ:CHIPSEQ:DEEPTOOLS_PLOTPROFILE,1703003963000,1703004011000,1,100.1,,5420089344.0,,,0.02770067846875,0.02770067846875,0.0,312.9,
1944,NFCORE_CHIPSEQ:CHIPSEQ:DEEPTOOLS_COMPUTEMATRIX,1703002959000,1703004027000,9,687.4,,5673844736.0,,,3.163401293445312,3.163401293445312,0.0,312.9,
3334,NFCORE_CHIPSEQ:CHIPSEQ:DEEPTOOLS_PLOTPROFILE,1703004029000,1703004081000,1,99.9,,5420089344.0,,,0.0299669789453125,0.0299669789453125,0.0,312.9,
2506,NFCORE_CHIPSEQ:CHIPSEQ:DEEPTOOLS_COMPUTEMATRIX,1703003094000,1703004106000,9,685.0,,5673844736.0,,,2.9877005718255205,2.9877005718255205,0.0,312.9,
3328,NFCORE_CHIPSEQ:CHIPSEQ:DEEPTOOLS_PLOTHEATMAP,1703003818000,1703004131000,1,99.5,,7430209536.0,,,0.19983584075911456,0.19983584075911456,0.0,312.9,
3329,NFCORE_CHIPSEQ:CHIPSEQ:DEEPTOOLS_PLOTHEATMAP,1703003843000,1703004136000,1,100.0,,7430209536.0,,,0.18765967134505204,0.18765967134505204,0.0,312.9,
2509,NFCORE_CHIPSEQ:CHIPSEQ:DEEPTOOLS_COMPUTEMATRIX,1703003149000,1703004166000,9,677.3,,5673844736.0,,,2.9707698373417966,2.9707698373417966,0.0,312.9,
3335,NFCORE_CHIPSEQ:CHIPSEQ:DEEPTOOLS_PLOTPROFILE,1703004115000,1703004171000,1,100.0,,5420089344.0,,,0.03229479469270833,0.03229479469270833,0.0,312.9,
3337,NFCORE_CHIPSEQ:CHIPSEQ:CUSTOM_DUMPSOFTWAREVERSIONS,1703004157000,1703004171000,1,4.1,,1073741824.0,,,0.0007092997552083333,0.0007092997552083333,0.0,312.9,
3339,NFCORE_CHIPSEQ:CHIPSEQ:DEEPTOOLS_PLOTPROFILE,1703004174000,1703004231000,1,99.9,,5420089344.0,,,0.03284841922851563,0.03284841922851563,0.0,312.9,
3331,NFCORE_CHIPSEQ:CHIPSEQ:DEEPTOOLS_PLOTHEATMAP,1703003963000,1703004311000,1,100.0,,7430209536.0,,,0.22288588951562496,0.22288588951562496,0.0,312.9,
3333,NFCORE_CHIPSEQ:CHIPSEQ:DEEPTOOLS_PLOTHEATMAP,1703004029000,1703004421000,1,99.4,,7430209536.0,,,0.2501149961770833,0.2501149961770833,0.0,312.9,
3336,NFCORE_CHIPSEQ:CHIPSEQ:DEEPTOOLS_PLOTHEATMAP,1703004118000,1703004516000,1,98.8,,7430209536.0,,,0.2529768496536458,0.2529768496536458,0.0,312.9,
3338,NFCORE_CHIPSEQ:CHIPSEQ:DEEPTOOLS_PLOTHEATMAP,1703004173000,1703004571000,1,99.7,,7430209536.0,,,0.2544265055755208,0.2544265055755208,0.0,312.9,
2474,NFCORE_CHIPSEQ:CHIPSEQ:DEEPTOOLS_COMPUTEMATRIX,1703003819000,1703004816000,9,688.3,,5673844736.0,,,2.956731695636068,2.956731695636068,0.0,312.9,
3341,NFCORE_CHIPSEQ:CHIPSEQ:DEEPTOOLS_PLOTPROFILE,1703004819000,1703004856000,1,100.1,,5420089344.0,,,0.021352606319661457,0.021352606319661457,0.0,312.9,
1544,NFCORE_CHIPSEQ:CHIPSEQ:DEEPTOOLS_COMPUTEMATRIX,1703003840000,1703004881000,9,698.4,,5673844736.0,,,3.1297705182871094,3.1297705182871094,0.0,312.9,
3343,NFCORE_CHIPSEQ:CHIPSEQ:DEEPTOOLS_PLOTPROFILE,1703004890000,1703004931000,1,100.0,,5420089344.0,,,0.02364440325716146,0.02364440325716146,0.0,312.9,
2687,NFCORE_CHIPSEQ:CHIPSEQ:DEEPTOOLS_COMPUTEMATRIX,1703003959000,1703005011000,9,710.1,,5673844736.0,,,3.2126548607161456,3.2126548607161456,0.0,312.9,
3345,NFCORE_CHIPSEQ:CHIPSEQ:DEEPTOOLS_PLOTPROFILE,1703005017000,1703005061000,1,100.0,,5420089344.0,,,0.025374481544270834,0.025374481544270834,0.0,312.9,
2408,NFCORE_CHIPSEQ:CHIPSEQ:DEEPTOOLS_COMPUTEMATRIX,1703004029000,1703005076000,9,701.6,,5673844736.0,,,3.1613688021972655,3.1613688021972655,0.0,312.9,
3340,NFCORE_CHIPSEQ:CHIPSEQ:DEEPTOOLS_PLOTHEATMAP,1703004819000,1703005091000,1,99.8,,7430209536.0,,,0.17398950085416667,0.17398950085416667,0.0,312.9,
2891,NFCORE_CHIPSEQ:CHIPSEQ:DEEPTOOLS_COMPUTEMATRIX,1703004109000,1703005132000,9,693.7,,5673844736.0,,,3.056194792642578,3.056194792642578,0.0,312.9,
3346,NFCORE_CHIPSEQ:CHIPSEQ:DEEPTOOLS_PLOTPROFILE,1703005083000,1703005141000,1,90.3,,5420089344.0,,,0.03117130578515625,0.03117130578515625,0.0,312.9,
3342,NFCORE_CHIPSEQ:CHIPSEQ:DEEPTOOLS_PLOTHEATMAP,1703004890000,1703005196000,1,100.0,,7430209536.0,,,0.1959858683671875,0.1959858683671875,0.0,312.9,
3348,NFCORE_CHIPSEQ:CHIPSEQ:DEEPTOOLS_PLOTPROFILE,1703005137000,1703005191000,1,100.0,,5420089344.0,,,0.03114140916796875,0.03114140916796875,0.0,312.9,
1921,NFCORE_CHIPSEQ:CHIPSEQ:DEEPTOOLS_COMPUTEMATRIX,1703004169000,1703005200000,9,696.2,,5673844736.0,,,3.1581887485785165,3.1581887485785165,0.0,316.97,
3344,NFCORE_CHIPSEQ:CHIPSEQ:DEEPTOOLS_PLOTHEATMAP,1703005017000,1703005200000,1,100.1,,7430209536.0,,,0.22643521663498264,0.22643521663498264,0.0,316.97,
3347,NFCORE_CHIPSEQ:CHIPSEQ:DEEPTOOLS_PLOTHEATMAP,1703005083000,1703005200000,1,98.6,,7430209536.0,,,0.24752537571137154,0.24752537571137154,0.0,316.97,
3349,NFCORE_CHIPSEQ:CHIPSEQ:DEEPTOOLS_PLOTHEATMAP,1703005143000,1703005200000,1,99.5,,7430209536.0,,,0.2433915278688368,0.2433915278688368,0.0,316.97,
1418,NFCORE_CHIPSEQ:CHIPSEQ:DEEPTOOLS_COMPUTEMATRIX,1703004820000,1703005200000,9,675.3,,5673844736.0,,,3.0377099699428816,3.0377099699428816,0.0,316.97,
1411,NFCORE_CHIPSEQ:CHIPSEQ:DEEPTOOLS_COMPUTEMATRIX,1703004884000,1703005200000,9,684.0,,5673844736.0,,,3.2033570083892364,3.2033570083892364,0.0,316.97,
2406,NFCORE_CHIPSEQ:CHIPSEQ:DEEPTOOLS_COMPUTEMATRIX,1703005014000,1703005200000,9,703.5,,5673844736.0,,,3.2838119837013027,3.2838119837013027,0.0,316.97,
2322,NFCORE_CHIPSEQ:CHIPSEQ:DEEPTOOLS_COMPUTEMATRIX,1703005079000,1703005200000,9,680.4,,5673844736.0,,,3.1271594831011726,3.1271594831011726,0.0,316.97,
2404,NFCORE_CHIPSEQ:CHIPSEQ:DEEPTOOLS_COMPUTEMATRIX,1703005134000,1703005200000,9,705.4,,5673844736.0,,,3.1926449786052955,3.1926449786052955,0.0,316.97,
3351,NFCORE_CHIPSEQ:CHIPSEQ:DEEPTOOLS_PLOTPROFILE,1703005224000,1703005291000,1,98.7,,5420089344.0,,,0.03928191306302084,0.03928191306302084,0.0,321.04,
3350,NFCORE_CHIPSEQ:CHIPSEQ:DEEPTOOLS_PLOTHEATMAP,1703005224000,1703005591000,1,99.9,,7430209536.0,,,0.24101744001354167,0.24101744001354167,0.0,321.04,
3352,NFCORE_CHIPSEQ:CHIPSEQ:DEEPTOOLS_PLOTPROFILE,1703005853000,1703005901000,1,99.7,,5420089344.0,,,0.02834157840833334,0.02834157840833334,0.0,321.04,
3355,NFCORE_CHIPSEQ:CHIPSEQ:DEEPTOOLS_PLOTPROFILE,1703005960000,1703006001000,1,99.9,,5420089344.0,,,0.024242480747395836,0.024242480747395836,0.0,321.04,
3356,NFCORE_CHIPSEQ:CHIPSEQ:DEEPTOOLS_PLOTPROFILE,1703006082000,1703006126000,1,100.1,,5420089344.0,,,0.02605286139652778,0.02605286139652778,0.0,321.04,
3353,NFCORE_CHIPSEQ:CHIPSEQ:DEEPTOOLS_PLOTHEATMAP,1703005853000,1703006176000,1,97.9,,7430209536.0,,,0.2094392043232639,0.2094392043232639,0.0,321.04,
3359,NFCORE_CHIPSEQ:CHIPSEQ:DEEPTOOLS_PLOTPROFILE,1703006125000,1703006176000,1,100.0,,5420089344.0,,,0.03017645786510417,0.03017645786510417,0.0,321.04,
3360,NFCORE_CHIPSEQ:CHIPSEQ:DEEPTOOLS_PLOTPROFILE,1703006168000,1703006221000,1,100.0,,5420089344.0,,,0.031359848369618054,0.031359848369618054,0.0,321.04,
3261,NFCORE_CHIPSEQ:CHIPSEQ:DEEPTOOLS_COMPUTEMATRIX,1703005224000,1703006266000,9,676.1,,5673844736.0,,,3.117789010151042,3.117789010151042,0.0,321.04,
3354,NFCORE_CHIPSEQ:CHIPSEQ:DEEPTOOLS_PLOTHEATMAP,1703005960000,1703006301000,1,100.0,,7430209536.0,,,0.22408422980243053,0.22408422980243053,0.0,321.04,
3363,NFCORE_CHIPSEQ:CHIPSEQ:DEEPTOOLS_PLOTPROFILE,1703006269000,1703006341000,1,92.3,,5420089344.0,,,0.040300000712500006,0.040300000712500006,0.0,321.04,
3357,NFCORE_CHIPSEQ:CHIPSEQ:DEEPTOOLS_PLOTHEATMAP,1703006082000,1703006441000,1,100.1,,7430209536.0,,,0.23606179188715282,0.23606179188715282,0.0,321.04,
3361,NFCORE_CHIPSEQ:CHIPSEQ:DEEPTOOLS_PLOTHEATMAP,1703006173000,1703006541000,1,99.8,,7430209536.0,,,0.24152135716111114,0.24152135716111114,0.0,321.04,
3358,NFCORE_CHIPSEQ:CHIPSEQ:DEEPTOOLS_PLOTHEATMAP,1703006125000,1703006551000,1,98.7,,7430209536.0,,,0.27764143658125007,0.27764143658125007,0.0,321.04,
3362,NFCORE_CHIPSEQ:CHIPSEQ:DEEPTOOLS_PLOTHEATMAP,1703006269000,1703006676000,1,98.6,,7430209536.0,,,0.2650893675642361,0.2650893675642361,0.0,321.04,
2176,NFCORE_CHIPSEQ:CHIPSEQ:DEEPTOOLS_COMPUTEMATRIX,1703005849000,1703006846000,9,680.7,,5673844736.0,,,3.0021870744220487,3.0021870744220487,0.0,321.04,
3364,NFCORE_CHIPSEQ:CHIPSEQ:DEEPTOOLS_PLOTPROFILE,1703006848000,1703006906000,1,95.0,,5420089344.0,,,0.03311414595034723,0.03311414595034723,0.0,321.04,
2376,NFCORE_CHIPSEQ:CHIPSEQ:DEEPTOOLS_COMPUTEMATRIX,1703005954000,1703006991000,9,705.3,,5673844736.0,,,3.2285629348414933,3.2285629348414933,0.0,321.04,
3367,NFCORE_CHIPSEQ:CHIPSEQ:DEEPTOOLS_PLOTPROFILE,1703006995000,1703007041000,1,99.8,,5420089344.0,,,0.027179780073263892,0.027179780073263892,0.0,321.04,
3365,NFCORE_CHIPSEQ:CHIPSEQ:DEEPTOOLS_PLOTHEATMAP,1703006849000,1703007141000,1,98.9,,7430209536.0,,,0.19055071141805557,0.19055071141805557,0.0,321.04,
1907,NFCORE_CHIPSEQ:CHIPSEQ:DEEPTOOLS_COMPUTEMATRIX,1703006079000,1703007141000,9,714.1,,5673844736.0,,,3.3452032538281253,3.3452032538281253,0.0,321.04,
2318,NFCORE_CHIPSEQ:CHIPSEQ:DEEPTOOLS_COMPUTEMATRIX,1703006124000,1703007176000,9,685.2,,5673844736.0,,,3.187461393811806,3.187461393811806,0.0,321.04,
3369,NFCORE_CHIPSEQ:CHIPSEQ:DEEPTOOLS_PLOTPROFILE,1703007146000,1703007192000,1,100.1,,5420089344.0,,,0.027237082369097224,0.027237082369097224,0.0,321.04,
1653,NFCORE_CHIPSEQ:CHIPSEQ:DEEPTOOLS_COMPUTEMATRIX,1703006164000,1703007221000,9,693.2,,5673844736.0,,,3.237723114540105,3.237723114540105,0.0,321.04,
3370,NFCORE_CHIPSEQ:CHIPSEQ:DEEPTOOLS_PLOTPROFILE,1703007183000,1703007228000,1,99.9,,5420089344.0,,,0.026607600820312508,0.026607600820312508,0.0,321.04,
3373,NFCORE_CHIPSEQ:CHIPSEQ:DEEPTOOLS_PLOTPROFILE,1703007224000,1703007281000,1,99.9,,5420089344.0,,,0.03370296103906251,0.03370296103906251,0.0,321.04,
3366,NFCORE_CHIPSEQ:CHIPSEQ:DEEPTOOLS_PLOTHEATMAP,1703006995000,1703007316000,1,100.0,,7430209536.0,,,0.21094145972604172,0.21094145972604172,0.0,321.04,
2679,NFCORE_CHIPSEQ:CHIPSEQ:DEEPTOOLS_COMPUTEMATRIX,1703006269000,1703007321000,9,674.3,,5673844736.0,,,3.1398473383145835,3.1398473383145835,0.0,321.04,
3375,NFCORE_CHIPSEQ:CHIPSEQ:DEEPTOOLS_PLOTPROFILE,1703007328000,1703007386000,1,99.8,,5420089344.0,,,0.03427015748368056,0.03427015748368056,0.0,321.04,
3368,NFCORE_CHIPSEQ:CHIPSEQ:DEEPTOOLS_PLOTHEATMAP,1703007146000,1703007496000,1,100.1,,7430209536.0,,,0.2301438082465278,0.2301438082465278,0.0,321.04,
3371,NFCORE_CHIPSEQ:CHIPSEQ:DEEPTOOLS_PLOTHEATMAP,1703007183000,1703007556000,1,99.0,,7430209536.0,,,0.24356383900104164,0.24356383900104164,0.0,321.04,
3372,NFCORE_CHIPSEQ:CHIPSEQ:DEEPTOOLS_PLOTHEATMAP,1703007228000,1703007591000,1,99.4,,7430209536.0,,,0.23763689717395836,0.23763689717395836,0.0,321.04,
3374,NFCORE_CHIPSEQ:CHIPSEQ:DEEPTOOLS_PLOTHEATMAP,1703007328000,1703007716000,1,98.7,,7430209536.0,,,0.2528752990458334,0.2528752990458334,0.0,321.04,
2766,NFCORE_CHIPSEQ:CHIPSEQ:DEEPTOOLS_COMPUTEMATRIX,1703006849000,1703007836000,9,681.1,,5673844736.0,,,2.973714210997396,2.973714210997396,0.0,321.04,
3377,NFCORE_CHIPSEQ:CHIPSEQ:DEEPTOOLS_PLOTPROFILE,1703007841000,1703007901000,1,91.3,,5420089344.0,,,0.03333419351041667,0.03333419351041667,0.0,321.04,
2842,NFCORE_CHIPSEQ:CHIPSEQ:DEEPTOOLS_COMPUTEMATRIX,1703006994000,1703008046000,9,680.8,,5673844736.0,,,3.1682410411340283,3.1682410411340283,0.0,321.04,
3379,NFCORE_CHIPSEQ:CHIPSEQ:DEEPTOOLS_PLOTPROFILE,1703008053000,1703008091000,1,99.7,,5420089344.0,,,0.02243708290659722,0.02243708290659722,0.0,321.04,
3376,NFCORE_CHIPSEQ:CHIPSEQ:DEEPTOOLS_PLOTHEATMAP,1703007841000,1703008161000,1,99.9,,7430209536.0,,,0.21015144633333338,0.21015144633333338,0.0,321.04,
2692,NFCORE_CHIPSEQ:CHIPSEQ:DEEPTOOLS_COMPUTEMATRIX,1703007145000,1703008207000,9,710.6,,5673844736.0,,,3.329769005015626,3.329769005015626,0.0,321.04,
2963,NFCORE_CHIPSEQ:CHIPSEQ:DEEPTOOLS_COMPUTEMATRIX,1703007180000,1703008236000,9,677.9,,5673844736.0,,,3.16757145815,3.16757145815,0.0,321.04,
3381,NFCORE_CHIPSEQ:CHIPSEQ:DEEPTOOLS_PLOTPROFILE,1703008208000,1703008257000,1,99.5,,5420089344.0,,,0.02889133502378472,0.02889133502378472,0.0,321.04,
1847,NFCORE_CHIPSEQ:CHIPSEQ:DEEPTOOLS_COMPUTEMATRIX,1703007224000,1703008286000,9,694.3,,5673844736.0,,,3.2578895034031246,3.2578895034031246,0.0,321.04,
3382,NFCORE_CHIPSEQ:CHIPSEQ:DEEPTOOLS_PLOTPROFILE,1703008244000,1703008295000,1,100.0,,5420089344.0,,,0.03017645786510417,0.03017645786510417,0.0,321.04,
3384,NFCORE_CHIPSEQ:CHIPSEQ:DEEPTOOLS_PLOTPROFILE,1703008295000,1703008356000,1,99.7,,5420089344.0,,,0.03601742256059029,0.03601742256059029,0.0,321.04,
3378,NFCORE_CHIPSEQ:CHIPSEQ:DEEPTOOLS_PLOTHEATMAP,1703008053000,1703008371000,1,100.0,,7430209536.0,,,0.20897004421458334,0.20897004421458334,0.0,321.04,
2877,NFCORE_CHIPSEQ:CHIPSEQ:DEEPTOOLS_COMPUTEMATRIX,1703007324000,1703008396000,9,685.4,,5673844736.0,,,3.2489497809249994,3.2489497809249994,0.0,321.04,
3386,NFCORE_CHIPSEQ:CHIPSEQ:DEEPTOOLS_PLOTPROFILE,1703008398000,1703008461000,1,98.4,,5420089344.0,,,0.03685824499218751,0.03685824499218751,0.0,321.04,
3380,NFCORE_CHIPSEQ:CHIPSEQ:DEEPTOOLS_PLOTHEATMAP,1703008208000,1703008571000,1,100.0,,7430209536.0,,,0.23854127688645835,0.23854127688645835,0.0,321.04,
3383,NFCORE_CHIPSEQ:CHIPSEQ:DEEPTOOLS_PLOTHEATMAP,1703008244000,1703008631000,1,98.7,,7430209536.0,,,0.252223558584375,0.252223558584375,0.0,321.04,
3385,NFCORE_CHIPSEQ:CHIPSEQ:DEEPTOOLS_PLOTHEATMAP,1703008298000,1703008671000,1,99.7,,7430209536.0,,,0.24464801504756944,0.24464801504756944,0.0,321.04,
3387,NFCORE_CHIPSEQ:CHIPSEQ:DEEPTOOLS_PLOTHEATMAP,1703008398000,1703008781000,1,99.8,,7430209536.0,,,0.25136597769756946,0.25136597769756946,0.0,321.04,
2468,NFCORE_CHIPSEQ:CHIPSEQ:DEEPTOOLS_COMPUTEMATRIX,1703007839000,1703008800000,9,679.8,,5673844736.0,,,2.9833163110609155,2.9833163110609155,0.0,320.855,
2874,NFCORE_CHIPSEQ:CHIPSEQ:DEEPTOOLS_COMPUTEMATRIX,1703008049000,1703008800000,9,693.3,,5673844736.0,,,3.133041287063715,3.133041287063715,0.0,320.855,
3202,NFCORE_CHIPSEQ:CHIPSEQ:DEEPTOOLS_COMPUTEMATRIX,1703008209000,1703008800000,9,691.5,,5673844736.0,,,3.2438831814031905,3.2438831814031905,0.0,320.855,
2776,NFCORE_CHIPSEQ:CHIPSEQ:DEEPTOOLS_COMPUTEMATRIX,1703008239000,1703008800000,9,695.9,,5673844736.0,,,3.1864001957445307,3.1864001957445307,0.0,320.855,
2158,NFCORE_CHIPSEQ:CHIPSEQ:DEEPTOOLS_COMPUTEMATRIX,1703008290000,1703008800000,9,701.7,,5673844736.0,,,3.2235589272180345,3.2235589272180345,0.0,320.855,
2320,NFCORE_CHIPSEQ:CHIPSEQ:DEEPTOOLS_COMPUTEMATRIX,1703008399000,1703008800000,9,684.2,,5673844736.0,,,3.2261569691524747,3.2261569691524747,0.0,320.855,
3389,NFCORE_CHIPSEQ:CHIPSEQ:DEEPTOOLS_PLOTPROFILE,1703008837000,1703008896000,1,90.8,,5420089344.0,,,0.03261849324863282,0.03261849324863282,0.0,320.67,
3391,NFCORE_CHIPSEQ:CHIPSEQ:DEEPTOOLS_PLOTPROFILE,1703009077000,1703009111000,1,99.8,,5420089344.0,,,0.020066249538671876,0.020066249538671876,0.0,320.67,
3388,NFCORE_CHIPSEQ:CHIPSEQ:DEEPTOOLS_PLOTHEATMAP,1703008837000,1703009161000,1,100.0,,7430209536.0,,,0.2126674922203125,0.2126674922203125,0.0,320.67,
3392,NFCORE_CHIPSEQ:CHIPSEQ:DEEPTOOLS_PLOTPROFILE,1703009276000,1703009327000,1,100.0,,5420089344.0,,,0.030141679365820316,0.030141679365820316,0.0,320.67,
3395,NFCORE_CHIPSEQ:CHIPSEQ:DEEPTOOLS_PLOTPROFILE,1703009281000,1703009326000,1,99.9,,5420089344.0,,,0.026576935444335942,0.026576935444335942,0.0,320.67,
3390,NFCORE_CHIPSEQ:CHIPSEQ:DEEPTOOLS_PLOTHEATMAP,1703009077000,1703009361000,1,99.8,,7430209536.0,,,0.18617666516093748,0.18617666516093748,0.0,320.67,
3397,NFCORE_CHIPSEQ:CHIPSEQ:DEEPTOOLS_PLOTPROFILE,1703009333000,1703009386000,1,100.0,,5420089344.0,,,0.031323706007617184,0.031323706007617184,0.0,320.67,
2780,NFCORE_CHIPSEQ:CHIPSEQ:DEEPTOOLS_PLOTFINGERPRINT,1703009334000,1703009471000,8,643.3,,4294967296.0,,,0.38466743967421874,0.38466743967421874,0.0,320.67,
3398,NFCORE_CHIPSEQ:CHIPSEQ:DEEPTOOLS_PLOTPROFILE,1703009471000,1703009531000,1,91.3,,5420089344.0,,,0.03329577570703125,0.03329577570703125,0.0,320.67,
3394,NFCORE_CHIPSEQ:CHIPSEQ:DEEPTOOLS_PLOTHEATMAP,1703009281000,1703009626000,1,98.5,,7430209536.0,,,0.22430513679492187,0.22430513679492187,0.0,320.67,
3393,NFCORE_CHIPSEQ:CHIPSEQ:DEEPTOOLS_PLOTHEATMAP,1703009276000,1703009656000,1,100.1,,7430209536.0,,,0.2495824436328125,0.2495824436328125,0.0,320.67,
3396,NFCORE_CHIPSEQ:CHIPSEQ:DEEPTOOLS_PLOTHEATMAP,1703009334000,1703009691000,1,100.1,,7430209536.0,,,0.23447613783398438,0.23447613783398438,0.0,320.67,
3399,NFCORE_CHIPSEQ:CHIPSEQ:DEEPTOOLS_PLOTHEATMAP,1703009471000,1703009802000,1,98.5,,7430209536.0,,,0.2152028993597656,0.2152028993597656,0.0,320.67,
2184,NFCORE_CHIPSEQ:CHIPSEQ:DEEPTOOLS_COMPUTEMATRIX,1703008834000,1703009802000,9,681.4,,5673844736.0,,,2.914312665326562,2.914312665326562,0.0,320.67,
3401,NFCORE_CHIPSEQ:CHIPSEQ:DEEPTOOLS_PLOTPROFILE,1703009811000,1703009866000,1,100.0,,5420089344.0,,,0.03250573264941407,0.03250573264941407,0.0,320.67,
1688,NFCORE_CHIPSEQ:CHIPSEQ:DEEPTOOLS_COMPUTEMATRIX,1703009075000,1703010077000,9,692.7,,5673844736.0,,,3.0636359897472656,3.0636359897472656,0.0,320.67,
3402,NFCORE_CHIPSEQ:CHIPSEQ:DEEPTOOLS_PLOTPROFILE,1703010083000,1703010126000,1,100.0,,5420089344.0,,,0.025413572798632815,0.025413572798632815,0.0,320.67,
3400,NFCORE_CHIPSEQ:CHIPSEQ:DEEPTOOLS_PLOTHEATMAP,1703009811000,1703010181000,1,99.7,,7430209536.0,,,0.24240064649609372,0.24240064649609372,0.0,320.67,
2402,NFCORE_CHIPSEQ:CHIPSEQ:DEEPTOOLS_COMPUTEMATRIX,1703009279000,1703010318000,9,680.2,,5673844736.0,,,3.1228978983138673,3.1228978983138673,0.0,320.67,
2479,NFCORE_CHIPSEQ:CHIPSEQ:DEEPTOOLS_COMPUTEMATRIX,1703009274000,1703010332000,9,690.5,,5673844736.0,,,3.225203314536328,3.225203314536328,0.0,320.67,
3404,NFCORE_CHIPSEQ:CHIPSEQ:DEEPTOOLS_PLOTPROFILE,1703010322000,1703010367000,1,100.0,,5420089344.0,,,0.02659559944042969,0.02659559944042969,0.0,320.67,
3406,NFCORE_CHIPSEQ:CHIPSEQ:DEEPTOOLS_PLOTPROFILE,1703010335000,1703010387000,1,99.6,,5420089344.0,,,0.03064642354921875,0.03064642354921875,0.0,320.67,
3403,NFCORE_CHIPSEQ:CHIPSEQ:DEEPTOOLS_PLOTHEATMAP,1703010083000,1703010392000,1,99.9,,7430209536.0,,,0.20269361554804688,0.20269361554804688,0.0,320.67,
2683,NFCORE_CHIPSEQ:CHIPSEQ:DEEPTOOLS_COMPUTEMATRIX,1703009470000,1703010497000,9,686.7,,5673844736.0,,,3.1145167814591805,3.1145167814591805,0.0,320.67,
2095,NFCORE_CHIPSEQ:CHIPSEQ:DEEPTOOLS_COMPUTEMATRIX,1703009474000,1703010512000,9,678.2,,5673844736.0,,,3.111281898268359,3.111281898268359,0.0,320.67,
3408,NFCORE_CHIPSEQ:CHIPSEQ:DEEPTOOLS_PLOTPROFILE,1703010498000,1703010547000,1,100.0,,5420089344.0,,,0.028959652724023437,0.028959652724023437,0.0,320.67,
3411,NFCORE_CHIPSEQ:CHIPSEQ:DEEPTOOLS_PLOTPROFILE,1703010516000,1703010572000,1,100.0,,5420089344.0,,,0.0330967459703125,0.0330967459703125,0.0,320.67,
3405,NFCORE_CHIPSEQ:CHIPSEQ:DEEPTOOLS_PLOTHEATMAP,1703010322000,1703010657000,1,98.5,,7430209536.0,,,0.21780353862695315,0.21780353862695315,0.0,320.67,
3407,NFCORE_CHIPSEQ:CHIPSEQ:DEEPTOOLS_PLOTHEATMAP,1703010335000,1703010697000,1,100.0,,7430209536.0,,,0.23760997587578125,0.23760997587578125,0.0,320.67,
2298,NFCORE_CHIPSEQ:CHIPSEQ:DEEPTOOLS_COMPUTEMATRIX,1703009806000,1703010812000,9,655.6,,5673844736.0,,,2.921068548958985,2.921068548958985,0.0,320.67,
3409,NFCORE_CHIPSEQ:CHIPSEQ:DEEPTOOLS_PLOTHEATMAP,1703010498000,1703010837000,1,99.4,,7430209536.0,,,0.2216695968292969,0.2216695968292969,0.0,320.67,
3412,NFCORE_CHIPSEQ:CHIPSEQ:DEEPTOOLS_PLOTPROFILE,1703010818000,1703010882000,1,91.1,,5420089344.0,,,0.03546240538750001,0.03546240538750001,0.0,320.67,
3410,NFCORE_CHIPSEQ:CHIPSEQ:DEEPTOOLS_PLOTHEATMAP,1703010516000,1703010897000,1,100.0,,7430209536.0,,,0.25008121770351566,0.25008121770351566,0.0,320.67,
2672,NFCORE_CHIPSEQ:CHIPSEQ:DEEPTOOLS_COMPUTEMATRIX,1703010079000,1703011077000,9,675.3,,5673844736.0,,,2.9793827892964844,2.9793827892964844,0.0,320.67,
3414,NFCORE_CHIPSEQ:CHIPSEQ:DEEPTOOLS_PLOTPROFILE,1703011079000,1703011132000,1,100.1,,5420089344.0,,,0.03134568804746094,0.03134568804746094,0.0,320.67,
3413,NFCORE_CHIPSEQ:CHIPSEQ:DEEPTOOLS_PLOTHEATMAP,1703010818000,1703011197000,1,100.1,,7430209536.0,,,0.24892564772851566,0.24892564772851566,0.0,320.67,
3036,NFCORE_CHIPSEQ:CHIPSEQ:DEEPTOOLS_COMPUTEMATRIX,1703010321000,1703011367000,9,682.5,,5673844736.0,,,3.1539158209808598,3.1539158209808598,0.0,320.67,
2346,NFCORE_CHIPSEQ:CHIPSEQ:DEEPTOOLS_COMPUTEMATRIX,1703010334000,1703011382000,9,685.0,,5673844736.0,,,3.170812846042188,3.170812846042188,0.0,320.67,
3415,NFCORE_CHIPSEQ:CHIPSEQ:DEEPTOOLS_PLOTHEATMAP,1703011079000,1703011402000,1,100.0,,7430209536.0,,,0.21201111107148438,0.21201111107148438,0.0,320.67,
3417,NFCORE_CHIPSEQ:CHIPSEQ:DEEPTOOLS_PLOTPROFILE,1703011371000,1703011427000,1,90.2,,5420089344.0,,,0.030820567957812503,0.030820567957812503,0.0,320.67,
3418,NFCORE_CHIPSEQ:CHIPSEQ:DEEPTOOLS_PLOTPROFILE,1703011387000,1703011437000,1,100.0,,5420089344.0,,,0.029550666044921875,0.029550666044921875,0.0,320.67,
2868,NFCORE_CHIPSEQ:CHIPSEQ:DEEPTOOLS_COMPUTEMATRIX,1703010499000,1703011522000,9,680.2,,5673844736.0,,,3.0748070740857427,3.0748070740857427,0.0,320.67,
2735,NFCORE_CHIPSEQ:CHIPSEQ:DEEPTOOLS_COMPUTEMATRIX,1703010515000,1703011552000,9,694.1,,5673844736.0,,,3.176670642817383,3.176670642817383,0.0,320.67,
3421,NFCORE_CHIPSEQ:CHIPSEQ:DEEPTOOLS_PLOTPROFILE,1703011528000,1703011582000,1,89.1,,5420089344.0,,,0.02947346863945312,0.02947346863945312,0.0,320.67,
3423,NFCORE_CHIPSEQ:CHIPSEQ:DEEPTOOLS_PLOTPROFILE,1703011558000,1703011612000,1,99.9,,5420089344.0,,,0.03189232253320313,0.03189232253320313,0.0,320.67,
3416,NFCORE_CHIPSEQ:CHIPSEQ:DEEPTOOLS_PLOTHEATMAP,1703011371000,1703011722000,1,98.5,,7430209536.0,,,0.22820609569570313,0.22820609569570313,0.0,320.67,
3419,NFCORE_CHIPSEQ:CHIPSEQ:DEEPTOOLS_PLOTHEATMAP,1703011387000,1703011742000,1,100.0,,7430209536.0,,,0.2330153078339844,0.2330153078339844,0.0,320.67,
2616,NFCORE_CHIPSEQ:CHIPSEQ:DEEPTOOLS_COMPUTEMATRIX,1703010814000,1703011772000,9,683.2,,5673844736.0,,,2.89135817283086,2.89135817283086,0.0,320.67,
3425,NFCORE_CHIPSEQ:CHIPSEQ:DEEPTOOLS_PLOTPROFILE,1703011775000,1703011837000,1,91.2,,5420089344.0,,,0.034379920058203124,0.034379920058203124,0.0,320.67,
3420,NFCORE_CHIPSEQ:CHIPSEQ:DEEPTOOLS_PLOTHEATMAP,1703011527000,1703011877000,1,100.1,,7430209536.0,,,0.22987856650390628,0.22987856650390628,0.0,320.67,
3422,NFCORE_CHIPSEQ:CHIPSEQ:DEEPTOOLS_PLOTHEATMAP,1703011558000,1703011917000,1,100.1,,7430209536.0,,,0.23578972964257816,0.23578972964257816,0.0,320.67,
2115,NFCORE_CHIPSEQ:CHIPSEQ:DEEPTOOLS_COMPUTEMATRIX,1703011079000,1703012092000,9,679.9,,5673844736.0,,,3.0434898670736334,3.0434898670736334,0.0,320.67,
3424,NFCORE_CHIPSEQ:CHIPSEQ:DEEPTOOLS_PLOTHEATMAP,1703011775000,1703012142000,1,98.7,,7430209536.0,,,0.23891308327851568,0.23891308327851568,0.0,320.67,
3426,NFCORE_CHIPSEQ:CHIPSEQ:DEEPTOOLS_PLOTPROFILE,1703012095000,1703012152000,1,100.0,,5420089344.0,,,0.03368775929121095,0.03368775929121095,0.0,320.67,
2823,NFCORE_CHIPSEQ:CHIPSEQ:DEEPTOOLS_COMPUTEMATRIX,1703011370000,1703012400000,9,703.2,,5673844736.0,,,3.2150632053588972,3.2150632053588972,0.0,315.155,
3123,NFCORE_CHIPSEQ:CHIPSEQ:DEEPTOOLS_COMPUTEMATRIX,1703011384000,1703012400000,9,683.6,,5673844736.0,,,3.1322446207812504,3.1322446207812504,0.0,315.155,
3427,NFCORE_CHIPSEQ:CHIPSEQ:DEEPTOOLS_PLOTHEATMAP,1703012095000,1703012400000,1,100.0,,7430209536.0,,,0.21667514873667537,0.21667514873667537,0.0,315.155,
2455,NFCORE_CHIPSEQ:CHIPSEQ:DEEPTOOLS_COMPUTEMATRIX,1703011554000,1703012400000,9,697.7,,5673844736.0,,,3.130317550837891,3.130317550837891,0.0,315.155,
2617,NFCORE_CHIPSEQ:CHIPSEQ:DEEPTOOLS_COMPUTEMATRIX,1703011524000,1703012400000,9,690.7,,5673844736.0,,,3.251157294197049,3.251157294197049,0.0,315.155,
2160,NFCORE_CHIPSEQ:CHIPSEQ:DEEPTOOLS_COMPUTEMATRIX,1703011775000,1703012400000,9,695.7,,5673844736.0,,,3.0214717430514977,3.0214717430514977,0.0,315.155,
2332,NFCORE_CHIPSEQ:CHIPSEQ:DEEPTOOLS_COMPUTEMATRIX,1703012094000,1703012400000,9,685.7,,5673844736.0,,,2.9064806157428387,2.9064806157428387,0.0,315.155,
3428,NFCORE_CHIPSEQ:CHIPSEQ:DEEPTOOLS_PLOTPROFILE,1703012412000,1703012462000,1,90.4,,5420089344.0,,,0.026611871375868054,0.026611871375868054,0.0,309.64,
3431,NFCORE_CHIPSEQ:CHIPSEQ:DEEPTOOLS_PLOTPROFILE,1703012426000,1703012472000,1,100.0,,5420089344.0,,,0.026251482132465278,0.026251482132465278,0.0,309.64,
3432,NFCORE_CHIPSEQ:CHIPSEQ:DEEPTOOLS_PLOTPROFILE,1703012582000,1703012637000,1,99.9,,5420089344.0,,,0.03136561477213541,0.03136561477213541,0.0,309.64,
3435,NFCORE_CHIPSEQ:CHIPSEQ:DEEPTOOLS_PLOTPROFILE,1703012604000,1703012667000,1,90.9,,5420089344.0,,,0.03365711204296875,0.03365711204296875,0.0,309.64,
3429,NFCORE_CHIPSEQ:CHIPSEQ:DEEPTOOLS_PLOTHEATMAP,1703012412000,1703012702000,1,99.8,,7430209536.0,,,0.1835708131579861,0.1835708131579861,0.0,309.64,
3430,NFCORE_CHIPSEQ:CHIPSEQ:DEEPTOOLS_PLOTHEATMAP,1703012426000,1703012802000,1,99.9,,7430209536.0,,,0.23815963825416667,0.23815963825416667,0.0,309.64,
3437,NFCORE_CHIPSEQ:CHIPSEQ:DEEPTOOLS_PLOTPROFILE,1703012775000,1703012837000,1,90.9,,5420089344.0,,,0.03312287216927083,0.03312287216927083,0.0,309.64,
3433,NFCORE_CHIPSEQ:CHIPSEQ:DEEPTOOLS_PLOTHEATMAP,1703012582000,1703012927000,1,100.0,,7430209536.0,,,0.21866230495052086,0.21866230495052086,0.0,309.64,
3434,NFCORE_CHIPSEQ:CHIPSEQ:DEEPTOOLS_PLOTHEATMAP,1703012604000,1703012982000,1,100.0,,7430209536.0,,,0.23957782977187497,0.23957782977187497,0.0,309.64,
3438,NFCORE_CHIPSEQ:CHIPSEQ:DEEPTOOLS_PLOTPROFILE,1703013079000,1703013132000,1,100.1,,5420089344.0,,,0.03026749882126736,0.03026749882126736,0.0,309.64,
3436,NFCORE_CHIPSEQ:CHIPSEQ:DEEPTOOLS_PLOTHEATMAP,1703012775000,1703013152000,1,98.7,,7430209536.0,,,0.23698122824322918,0.23698122824322918,0.0,309.64,
3439,NFCORE_CHIPSEQ:CHIPSEQ:DEEPTOOLS_PLOTHEATMAP,1703013079000,1703013412000,1,100.0,,7430209536.0,,,0.2110566595609375,0.2110566595609375,0.0,309.64,
3230,NFCORE_CHIPSEQ:CHIPSEQ:DEEPTOOLS_COMPUTEMATRIX,1703012409000,1703013452000,9,681.5,,5673844736.0,,,3.0325198145466143,3.0325198145466143,0.0,309.64,
3265,NFCORE_CHIPSEQ:CHIPSEQ:DEEPTOOLS_COMPUTEMATRIX,1703012424000,1703013472000,9,684.9,,5673844736.0,,,3.0613275341340276,3.0613275341340276,0.0,309.64,
3440,NFCORE_CHIPSEQ:CHIPSEQ:DEEPTOOLS_PLOTPROFILE,1703013458000,1703013517000,1,90.3,,5420089344.0,,,0.03137837935859375,0.03137837935859375,0.0,309.64,
3442,NFCORE_CHIPSEQ:CHIPSEQ:DEEPTOOLS_PLOTPROFILE,1703013476000,1703013522000,1,100.1,,5420089344.0,,,0.026269904637326386,0.026269904637326386,0.0,309.64,
1646,NFCORE_CHIPSEQ:CHIPSEQ:DEEPTOOLS_COMPUTEMATRIX,1703012579000,1703013617000,9,702.3,,5673844736.0,,,3.104449555453645,3.104449555453645,0.0,309.64,
3172,NFCORE_CHIPSEQ:CHIPSEQ:DEEPTOOLS_COMPUTEMATRIX,1703012599000,1703013647000,9,693.4,,5673844736.0,,,3.097003115286805,3.097003115286805,0.0,309.64,
3445,NFCORE_CHIPSEQ:CHIPSEQ:DEEPTOOLS_PLOTPROFILE,1703013620000,1703013677000,1,99.9,,5420089344.0,,,0.03250618258203125,0.03250618258203125,0.0,309.64,
3447,NFCORE_CHIPSEQ:CHIPSEQ:DEEPTOOLS_PLOTPROFILE,1703013652000,1703013702000,1,100.0,,5420089344.0,,,0.028534219709201385,0.028534219709201385,0.0,309.64,
3441,NFCORE_CHIPSEQ:CHIPSEQ:DEEPTOOLS_PLOTHEATMAP,1703013458000,1703013767000,1,99.6,,7430209536.0,,,0.19535036408593748,0.19535036408593748,0.0,309.64,
2545,NFCORE_CHIPSEQ:CHIPSEQ:DEEPTOOLS_COMPUTEMATRIX,1703012774000,1703013777000,9,687.3,,5673844736.0,,,2.9395179783577254,2.9395179783577254,0.0,309.64,
3443,NFCORE_CHIPSEQ:CHIPSEQ:DEEPTOOLS_PLOTHEATMAP,1703013476000,1703013842000,1,100.1,,7430209536.0,,,0.23211876344270832,0.23211876344270832,0.0,309.64,
3448,NFCORE_CHIPSEQ:CHIPSEQ:DEEPTOOLS_PLOTPROFILE,1703013784000,1703013842000,1,94.9,,5420089344.0,,,0.03191504770225694,0.03191504770225694,0.0,309.64,
3444,NFCORE_CHIPSEQ:CHIPSEQ:DEEPTOOLS_PLOTHEATMAP,1703013620000,1703013962000,1,100.0,,7430209536.0,,,0.21676089360312498,0.21676089360312498,0.0,309.64,
3446,NFCORE_CHIPSEQ:CHIPSEQ:DEEPTOOLS_PLOTHEATMAP,1703013652000,1703014037000,1,98.7,,7430209536.0,,,0.24201000762239586,0.24201000762239586,0.0,309.64,
2548,NFCORE_CHIPSEQ:CHIPSEQ:DEEPTOOLS_COMPUTEMATRIX,1703013080000,1703014072000,9,675.3,,5673844736.0,,,2.8596057558805557,2.8596057558805557,0.0,309.64,
3451,NFCORE_CHIPSEQ:CHIPSEQ:DEEPTOOLS_PLOTPROFILE,1703014078000,1703014132000,1,100.0,,5420089344.0,,,0.0308169572859375,0.0308169572859375,0.0,309.64,
3449,NFCORE_CHIPSEQ:CHIPSEQ:DEEPTOOLS_PLOTHEATMAP,1703013784000,1703014167000,1,100.0,,7430209536.0,,,0.2427468486842014,0.2427468486842014,0.0,309.64,
3450,NFCORE_CHIPSEQ:CHIPSEQ:DEEPTOOLS_PLOTHEATMAP,1703014078000,1703014417000,1,100.0,,7430209536.0,,,0.21485948225572918,0.21485948225572918,0.0,309.64,
3030,NFCORE_CHIPSEQ:CHIPSEQ:DEEPTOOLS_COMPUTEMATRIX,1703013454000,1703014467000,9,682.9,,5673844736.0,,,2.95097463013533,2.95097463013533,0.0,309.64,
3173,NFCORE_CHIPSEQ:CHIPSEQ:DEEPTOOLS_COMPUTEMATRIX,1703013475000,1703014522000,9,689.1,,5673844736.0,,,3.0760175337434896,3.0760175337434896,0.0,309.64,
3453,NFCORE_CHIPSEQ:CHIPSEQ:DEEPTOOLS_PLOTPROFILE,1703014471000,1703014527000,1,90.1,,5420089344.0,,,0.029738013749305556,0.029738013749305556,0.0,309.64,
3455,NFCORE_CHIPSEQ:CHIPSEQ:DEEPTOOLS_PLOTPROFILE,1703014528000,1703014577000,1,100.1,,5420089344.0,,,0.027983159287586802,0.027983159287586802,0.0,309.64,
2740,NFCORE_CHIPSEQ:CHIPSEQ:DEEPTOOLS_COMPUTEMATRIX,1703013619000,1703014677000,9,693.0,,5673844736.0,,,3.124859801283159,3.124859801283159,0.0,309.64,
1438,NFCORE_CHIPSEQ:CHIPSEQ:DEEPTOOLS_COMPUTEMATRIX,1703013650000,1703014692000,9,695.1,,5673844736.0,,,3.0863664477491324,3.0863664477491324,0.0,309.64,
3457,NFCORE_CHIPSEQ:CHIPSEQ:DEEPTOOLS_PLOTPROFILE,1703014682000,1703014742000,1,99.4,,5420089344.0,,,0.03409688752604166,0.03409688752604166,0.0,309.64,
3458,NFCORE_CHIPSEQ:CHIPSEQ:DEEPTOOLS_PLOTPROFILE,1703014699000,1703014762000,1,91.3,,5420089344.0,,,0.033758035330468755,0.033758035330468755,0.0,309.64,
3452,NFCORE_CHIPSEQ:CHIPSEQ:DEEPTOOLS_PLOTHEATMAP,1703014471000,1703014777000,1,99.5,,7430209536.0,,,0.19333120890312497,0.19333120890312497,0.0,309.64,
2892,NFCORE_CHIPSEQ:CHIPSEQ:DEEPTOOLS_COMPUTEMATRIX,1703013779000,1703014818000,9,682.5,,5673844736.0,,,3.0250509080087666,3.0250509080087666,0.0,309.64,
3461,NFCORE_CHIPSEQ:CHIPSEQ:DEEPTOOLS_PLOTPROFILE,1703014819000,1703014877000,1,97.1,,5420089344.0,,,0.03242607196753471,0.03242607196753471,0.0,309.64,
3454,NFCORE_CHIPSEQ:CHIPSEQ:DEEPTOOLS_PLOTHEATMAP,1703014528000,1703014878000,1,100.0,,7430209536.0,,,0.22183132386284724,0.22183132386284724,0.0,309.64,
3456,NFCORE_CHIPSEQ:CHIPSEQ:DEEPTOOLS_PLOTHEATMAP,1703014682000,1703015027000,1,99.9,,7430209536.0,,,0.2185241361640625,0.2185241361640625,0.0,309.64,
3240,NFCORE_CHIPSEQ:CHIPSEQ:DEEPTOOLS_COMPUTEMATRIX,1703014074000,1703015077000,9,684.2,,5673844736.0,,,2.927065566539323,2.927065566539323,0.0,309.64,
3459,NFCORE_CHIPSEQ:CHIPSEQ:DEEPTOOLS_PLOTHEATMAP,1703014699000,1703015083000,1,98.7,,7430209536.0,,,0.24138141020000004,0.24138141020000004,0.0,309.64,
3462,NFCORE_CHIPSEQ:CHIPSEQ:DEEPTOOLS_PLOTPROFILE,1703015083000,1703015137000,1,100.0,,5420089344.0,,,0.0308169572859375,0.0308169572859375,0.0,309.64,
3460,NFCORE_CHIPSEQ:CHIPSEQ:DEEPTOOLS_PLOTHEATMAP,1703014819000,1703015202000,1,99.6,,7430209536.0,,,0.24213329917447918,0.24213329917447918,0.0,309.64,
3463,NFCORE_CHIPSEQ:CHIPSEQ:DEEPTOOLS_PLOTHEATMAP,1703015083000,1703015437000,1,100.0,,7430209536.0,,,0.2243665389927083,0.2243665389927083,0.0,309.64,
3161,NFCORE_CHIPSEQ:CHIPSEQ:DEEPTOOLS_COMPUTEMATRIX,1703014469000,1703015447000,9,673.4,,5673844736.0,,,2.8118065255984375,2.8118065255984375,0.0,309.64,
3464,NFCORE_CHIPSEQ:CHIPSEQ:DEEPTOOLS_PLOTPROFILE,1703015450000,1703015492000,1,100.1,,5420089344.0,,,0.023985565103645832,0.023985565103645832,0.0,309.64,
3262,NFCORE_CHIPSEQ:CHIPSEQ:DEEPTOOLS_COMPUTEMATRIX,1703014525000,1703015582000,9,694.0,,5673844736.0,,,3.126139418821441,3.126139418821441,0.0,309.64,
3466,NFCORE_CHIPSEQ:CHIPSEQ:DEEPTOOLS_PLOTPROFILE,1703015589000,1703015637000,1,100.1,,5420089344.0,,,0.027412074404166667,0.027412074404166667,0.0,309.64,
3239,NFCORE_CHIPSEQ:CHIPSEQ:DEEPTOOLS_COMPUTEMATRIX,1703014679000,1703015727000,9,700.1,,5673844736.0,,,3.1251238674895836,3.1251238674895836,0.0,309.64,
2263,NFCORE_CHIPSEQ:CHIPSEQ:DEEPTOOLS_COMPUTEMATRIX,1703014695000,1703015730000,9,680.6,,5673844736.0,,,3.005529277910157,3.005529277910157,0.0,309.64,
3465,NFCORE_CHIPSEQ:CHIPSEQ:DEEPTOOLS_PLOTHEATMAP,1703015450000,1703015742000,1,99.3,,7430209536.0,,,0.18425210448124998,0.18425210448124998,0.0,309.64,
3468,NFCORE_CHIPSEQ:CHIPSEQ:DEEPTOOLS_PLOTPROFILE,1703015730000,1703015787000,1,99.9,,5420089344.0,,,0.03250618258203125,0.03250618258203125,0.0,309.64,
3471,NFCORE_CHIPSEQ:CHIPSEQ:DEEPTOOLS_PLOTPROFILE,1703015739000,1703015787000,1,100.0,,5420089344.0,,,0.027392850920833337,0.027392850920833337,0.0,309.64,
2737,NFCORE_CHIPSEQ:CHIPSEQ:DEEPTOOLS_COMPUTEMATRIX,1703014820000,1703015877000,9,681.0,,5673844736.0,,,3.071108192887413,3.071108192887413,0.0,309.64,
3473,NFCORE_CHIPSEQ:CHIPSEQ:DEEPTOOLS_PLOTPROFILE,1703015880000,1703015932000,1,99.9,,5420089344.0,,,0.029654763057291665,0.029654763057291665,0.0,309.64,
3467,NFCORE_CHIPSEQ:CHIPSEQ:DEEPTOOLS_PLOTHEATMAP,1703015589000,1703015937000,1,100.0,,7430209536.0,,,0.22056371629791663,0.22056371629791663,0.0,309.64,
3151,NFCORE_CHIPSEQ:CHIPSEQ:DEEPTOOLS_COMPUTEMATRIX,1703015079000,1703016000000,9,681.9,,5673844736.0,,,2.8293714192500863,2.8293714192500863,0.0,308.43,
3469,NFCORE_CHIPSEQ:CHIPSEQ:DEEPTOOLS_PLOTHEATMAP,1703015730000,1703016000000,1,100.0,,7430209536.0,,,0.21640424080937498,0.21640424080937498,0.0,308.43,
3470,NFCORE_CHIPSEQ:CHIPSEQ:DEEPTOOLS_PLOTHEATMAP,1703015739000,1703016000000,1,99.9,,7430209536.0,,,0.23256272114244794,0.23256272114244794,0.0,308.43,
3472,NFCORE_CHIPSEQ:CHIPSEQ:DEEPTOOLS_PLOTHEATMAP,1703015879000,1703016000000,1,99.9,,7430209536.0,,,0.22872740324270835,0.22872740324270835,0.0,308.43,
3104,NFCORE_CHIPSEQ:CHIPSEQ:DEEPTOOLS_COMPUTEMATRIX,1703015450000,1703016000000,9,682.2,,5673844736.0,,,2.8625271392233946,2.8625271392233946,0.0,308.43,
3046,NFCORE_CHIPSEQ:CHIPSEQ:DEEPTOOLS_COMPUTEMATRIX,1703015585000,1703016000000,9,690.8,,5673844736.0,,,3.0686005386664057,3.0686005386664057,0.0,308.43,
1878,NFCORE_CHIPSEQ:CHIPSEQ:DEEPTOOLS_COMPUTEMATRIX,1703015730000,1703016000000,9,712.2,,5673844736.0,,,3.0642728734269533,3.0642728734269533,0.0,308.43,
2937,NFCORE_CHIPSEQ:CHIPSEQ:DEEPTOOLS_COMPUTEMATRIX,1703015733000,1703016000000,9,697.2,,5673844736.0,,,3.097768409904341,3.097768409904341,0.0,308.43,
1626,NFCORE_CHIPSEQ:CHIPSEQ:DEEPTOOLS_COMPUTEMATRIX,1703015880000,1703016000000,9,702.3,,5673844736.0,,,2.9761643223513023,2.9761643223513023,0.0,308.43,
3475,NFCORE_CHIPSEQ:CHIPSEQ:DEEPTOOLS_PLOTPROFILE,1703016059000,1703016112000,1,99.9,,5420089344.0,,,0.029988822270182295,0.029988822270182295,0.0,307.22,
3474,NFCORE_CHIPSEQ:CHIPSEQ:DEEPTOOLS_PLOTHEATMAP,1703016059000,1703016422000,1,100.1,,7430209536.0,,,0.22841688992317713,0.22841688992317713,0.0,307.22,
3476,NFCORE_CHIPSEQ:CHIPSEQ:DEEPTOOLS_PLOTPROFILE,1703016441000,1703016502000,1,91.3,,5420089344.0,,,0.03243089058198786,0.03243089058198786,0.0,307.22,
3478,NFCORE_CHIPSEQ:CHIPSEQ:DEEPTOOLS_PLOTPROFILE,1703016635000,1703016682000,1,100.1,,5420089344.0,,,0.0266312130233941,0.0266312130233941,0.0,307.22,
3477,NFCORE_CHIPSEQ:CHIPSEQ:DEEPTOOLS_PLOTHEATMAP,1703016441000,1703016762000,1,98.3,,7430209536.0,,,0.19969254797057295,0.19969254797057295,0.0,307.22,
3481,NFCORE_CHIPSEQ:CHIPSEQ:DEEPTOOLS_PLOTPROFILE,1703016751000,1703016807000,1,99.9,,5420089344.0,,,0.03168630277604167,0.03168630277604167,0.0,307.22,
3482,NFCORE_CHIPSEQ:CHIPSEQ:DEEPTOOLS_PLOTPROFILE,1703016788000,1703016837000,1,99.9,,5420089344.0,,,0.02772551492903646,0.02772551492903646,0.0,307.22,
3484,NFCORE_CHIPSEQ:CHIPSEQ:DEEPTOOLS_PLOTPROFILE,1703016888000,1703016952000,1,91.2,,5420089344.0,,,0.03400042142500001,0.03400042142500001,0.0,307.22,
3479,NFCORE_CHIPSEQ:CHIPSEQ:DEEPTOOLS_PLOTHEATMAP,1703016635000,1703016972000,1,100.0,,7430209536.0,,,0.21192254147560768,0.21192254147560768,0.0,307.22,
2578,NFCORE_CHIPSEQ:CHIPSEQ:DEEPTOOLS_COMPUTEMATRIX,1703016055000,1703017037000,9,685.5,,5673844736.0,,,2.8484561396240458,2.8484561396240458,0.0,307.22,
3480,NFCORE_CHIPSEQ:CHIPSEQ:DEEPTOOLS_PLOTHEATMAP,1703016751000,1703017047000,1,100.1,,7430209536.0,,,0.1862572986701389,0.1862572986701389,0.0,307.22,
3486,NFCORE_CHIPSEQ:CHIPSEQ:DEEPTOOLS_PLOTPROFILE,1703017041000,1703017092000,1,100.1,,5420089344.0,,,0.02889769923815104,0.02889769923815104,0.0,307.22,
3483,NFCORE_CHIPSEQ:CHIPSEQ:DEEPTOOLS_PLOTHEATMAP,1703016788000,1703017167000,1,98.7,,7430209536.0,,,0.23637646409088547,0.23637646409088547,0.0,307.22,
3485,NFCORE_CHIPSEQ:CHIPSEQ:DEEPTOOLS_PLOTHEATMAP,1703016888000,1703017252000,1,98.6,,7430209536.0,,,0.22687655631423614,0.22687655631423614,0.0,307.22,
3487,NFCORE_CHIPSEQ:CHIPSEQ:DEEPTOOLS_PLOTHEATMAP,1703017041000,1703017392000,1,100.1,,7430209536.0,,,0.22086591835546882,0.22086591835546882,0.0,307.22,
3246,NFCORE_CHIPSEQ:CHIPSEQ:DEEPTOOLS_COMPUTEMATRIX,1703016439000,1703017457000,9,663.5,,5673844736.0,,,2.863887626879427,2.863887626879427,0.0,307.22,
3488,NFCORE_CHIPSEQ:CHIPSEQ:DEEPTOOLS_PLOTPROFILE,1703017460000,1703017517000,1,97.9,,5420089344.0,,,0.0317991401217448,0.0317991401217448,0.0,307.22,
2994,NFCORE_CHIPSEQ:CHIPSEQ:DEEPTOOLS_COMPUTEMATRIX,1703016634000,1703017672000,9,696.6,,5673844736.0,,,3.056676489420573,3.056676489420573,0.0,307.22,
3490,NFCORE_CHIPSEQ:CHIPSEQ:DEEPTOOLS_PLOTPROFILE,1703017678000,1703017727000,1,100.1,,5420089344.0,,,0.02776445613077257,0.02776445613077257,0.0,307.22,
3489,NFCORE_CHIPSEQ:CHIPSEQ:DEEPTOOLS_PLOTHEATMAP,1703017460000,1703017767000,1,100.0,,7430209536.0,,,0.1930570333323785,0.1930570333323785,0.0,307.22,
1881,NFCORE_CHIPSEQ:CHIPSEQ:DEEPTOOLS_COMPUTEMATRIX,1703016750000,1703017787000,9,712.2,,5673844736.0,,,3.1180133071096794,3.1180133071096794,0.0,307.22,
2801,NFCORE_CHIPSEQ:CHIPSEQ:DEEPTOOLS_COMPUTEMATRIX,1703016784000,1703017817000,9,689.5,,5673844736.0,,,3.012809098323221,3.012809098323221,0.0,307.22,
3493,NFCORE_CHIPSEQ:CHIPSEQ:DEEPTOOLS_PLOTPROFILE,1703017790000,1703017837000,1,100.1,,5420089344.0,,,0.0266312130233941,0.0266312130233941,0.0,307.22,
3494,NFCORE_CHIPSEQ:CHIPSEQ:DEEPTOOLS_PLOTPROFILE,1703017819000,1703017872000,1,93.8,,5420089344.0,,,0.028704159972092014,0.028704159972092014,0.0,307.22,
2567,NFCORE_CHIPSEQ:CHIPSEQ:DEEPTOOLS_COMPUTEMATRIX,1703016885000,1703017902000,9,701.4,,5673844736.0,,,3.0142337003980475,3.0142337003980475,0.0,307.22,
3497,NFCORE_CHIPSEQ:CHIPSEQ:DEEPTOOLS_PLOTPROFILE,1703017907000,1703017972000,1,90.9,,5420089344.0,,,0.03445419296549479,0.03445419296549479,0.0,307.22,
3491,NFCORE_CHIPSEQ:CHIPSEQ:DEEPTOOLS_PLOTHEATMAP,1703017677000,1703017997000,1,100.1,,7430209536.0,,,0.2013592418055556,0.2013592418055556,0.0,307.22,
3003,NFCORE_CHIPSEQ:CHIPSEQ:DEEPTOOLS_COMPUTEMATRIX,1703017039000,1703018037000,9,693.9,,5673844736.0,,,2.928178246860851,2.928178246860851,0.0,307.22,
3492,NFCORE_CHIPSEQ:CHIPSEQ:DEEPTOOLS_PLOTHEATMAP,1703017790000,1703018097000,1,100.1,,7430209536.0,,,0.19317902260720488,0.19317902260720488,0.0,307.22,
3498,NFCORE_CHIPSEQ:CHIPSEQ:DEEPTOOLS_PLOTPROFILE,1703018040000,1703018097000,1,99.9,,5420089344.0,,,0.03225212961132813,0.03225212961132813,0.0,307.22,
3495,NFCORE_CHIPSEQ:CHIPSEQ:DEEPTOOLS_PLOTHEATMAP,1703017819000,1703018192000,1,99.2,,7430209536.0,,,0.23337543139053818,0.23337543139053818,0.0,307.22,
3496,NFCORE_CHIPSEQ:CHIPSEQ:DEEPTOOLS_PLOTHEATMAP,1703017907000,1703018257000,1,98.5,,7430209536.0,,,0.21801145919704862,0.21801145919704862,0.0,307.22,
3499,NFCORE_CHIPSEQ:CHIPSEQ:DEEPTOOLS_PLOTHEATMAP,1703018040000,1703018412000,1,100.1,,7430209536.0,,,0.2340801185989584,0.2340801185989584,0.0,307.22,
3041,NFCORE_CHIPSEQ:CHIPSEQ:DEEPTOOLS_COMPUTEMATRIX,1703017459000,1703018442000,9,676.1,,5673844736.0,,,2.8146400228639328,2.8146400228639328,0.0,307.22,
3501,NFCORE_CHIPSEQ:CHIPSEQ:DEEPTOOLS_PLOTPROFILE,1703018448000,1703018502000,1,100.0,,5420089344.0,,,0.030576106502343752,0.030576106502343752,0.0,307.22,
2935,NFCORE_CHIPSEQ:CHIPSEQ:DEEPTOOLS_COMPUTEMATRIX,1703017674000,1703018722000,9,713.8,,5673844736.0,,,3.157750620005903,3.157750620005903,0.0,307.22,
3503,NFCORE_CHIPSEQ:CHIPSEQ:DEEPTOOLS_PLOTPROFILE,1703018727000,1703018772000,1,100.0,,5420089344.0,,,0.02548008875195313,0.02548008875195313,0.0,307.22,
3500,NFCORE_CHIPSEQ:CHIPSEQ:DEEPTOOLS_PLOTHEATMAP,1703018448000,1703018802000,1,98.2,,7430209536.0,,,0.2200810232588542,0.2200810232588542,0.0,307.22,
2553,NFCORE_CHIPSEQ:CHIPSEQ:DEEPTOOLS_COMPUTEMATRIX,1703017789000,1703018832000,9,713.8,,5673844736.0,,,3.1426850159028215,3.1426850159028215,0.0,307.22,
3266,NFCORE_CHIPSEQ:CHIPSEQ:DEEPTOOLS_COMPUTEMATRIX,1703017819000,1703018857000,9,693.2,,5673844736.0,,,3.042652888485157,3.042652888485157,0.0,307.22,
3505,NFCORE_CHIPSEQ:CHIPSEQ:DEEPTOOLS_PLOTPROFILE,1703018837000,1703018887000,1,100.1,,5420089344.0,,,0.02833107768446181,0.02833107768446181,0.0,307.22,
3507,NFCORE_CHIPSEQ:CHIPSEQ:DEEPTOOLS_PLOTPROFILE,1703018861000,1703018917000,1,90.0,,5420089344.0,,,0.02948334336354167,0.02948334336354167,0.0,307.22,
1425,NFCORE_CHIPSEQ:CHIPSEQ:DEEPTOOLS_COMPUTEMATRIX,1703017904000,1703018932000,9,708.7,,5673844736.0,,,3.07665545538316,3.07665545538316,0.0,307.22,
3508,NFCORE_CHIPSEQ:CHIPSEQ:DEEPTOOLS_PLOTPROFILE,1703018933000,1703018992000,1,95.0,,5420089344.0,,,0.03223501783068577,0.03223501783068577,0.0,307.22,
3502,NFCORE_CHIPSEQ:CHIPSEQ:DEEPTOOLS_PLOTHEATMAP,1703018727000,1703019017000,1,99.9,,7430209536.0,,,0.1822513445494792,0.1822513445494792,0.0,307.22,
2254,NFCORE_CHIPSEQ:CHIPSEQ:DEEPTOOLS_COMPUTEMATRIX,1703018039000,1703019037000,9,689.8,,5673844736.0,,,2.91191910305842,2.91191910305842,0.0,307.22,
3511,NFCORE_CHIPSEQ:CHIPSEQ:DEEPTOOLS_PLOTPROFILE,1703019040000,1703019092000,1,100.0,,5420089344.0,,,0.029443658113368056,0.029443658113368056,0.0,307.22,
3504,NFCORE_CHIPSEQ:CHIPSEQ:DEEPTOOLS_PLOTHEATMAP,1703018837000,1703019167000,1,100.0,,7430209536.0,,,0.20752058957552086,0.20752058957552086,0.0,307.22,
3506,NFCORE_CHIPSEQ:CHIPSEQ:DEEPTOOLS_PLOTHEATMAP,1703018861000,1703019237000,1,99.9,,7430209536.0,,,0.23629829500208338,0.23629829500208338,0.0,307.22,
3509,NFCORE_CHIPSEQ:CHIPSEQ:DEEPTOOLS_PLOTHEATMAP,1703018933000,1703019267000,1,100.0,,7430209536.0,,,0.21003599066128475,0.21003599066128475,0.0,307.22,
3510,NFCORE_CHIPSEQ:CHIPSEQ:DEEPTOOLS_PLOTHEATMAP,1703019040000,1703019407000,1,100.1,,7430209536.0,,,0.23093388044574656,0.23093388044574656,0.0,307.22,
2871,NFCORE_CHIPSEQ:CHIPSEQ:DEEPTOOLS_COMPUTEMATRIX,1703018445000,1703019437000,9,689.8,,5673844736.0,,,2.8944125753847225,2.8944125753847225,0.0,307.22,
3512,NFCORE_CHIPSEQ:CHIPSEQ:DEEPTOOLS_PLOTPROFILE,1703019439000,1703019497000,1,95.5,,5420089344.0,,,0.031803895764670145,0.031803895764670145,0.0,307.22,
3513,NFCORE_CHIPSEQ:CHIPSEQ:DEEPTOOLS_PLOTHEATMAP,1703019439000,1703019600000,1,99.2,,7430209536.0,,,0.18726779538559027,0.18726779538559027,0.0,303.225,
3091,NFCORE_CHIPSEQ:CHIPSEQ:DEEPTOOLS_COMPUTEMATRIX,1703018725000,1703019600000,9,707.7,,5673844736.0,,,3.0723220319551,3.0723220319551,0.0,303.225,
3094,NFCORE_CHIPSEQ:CHIPSEQ:DEEPTOOLS_COMPUTEMATRIX,1703018834000,1703019600000,9,705.3,,5673844736.0,,,3.1295216694213543,3.1295216694213543,0.0,303.225,
3105,NFCORE_CHIPSEQ:CHIPSEQ:DEEPTOOLS_COMPUTEMATRIX,1703018860000,1703019600000,9,697.4,,5673844736.0,,,3.0486140346292974,3.0486140346292974,0.0,303.225,
2987,NFCORE_CHIPSEQ:CHIPSEQ:DEEPTOOLS_COMPUTEMATRIX,1703018934000,1703019600000,9,705.3,,5673844736.0,,,3.0927545585812934,3.0927545585812934,0.0,303.225,
2875,NFCORE_CHIPSEQ:CHIPSEQ:DEEPTOOLS_COMPUTEMATRIX,1703019040000,1703019600000,9,709.9,,5673844736.0,,,2.954562216839258,2.954562216839258,0.0,303.225,
1600,NFCORE_CHIPSEQ:CHIPSEQ:DEEPTOOLS_COMPUTEMATRIX,1703019439000,1703019600000,9,699.3,,5673844736.0,,,2.755717956173741,2.755717956173741,0.0,303.225,
3515,NFCORE_CHIPSEQ:CHIPSEQ:DEEPTOOLS_PLOTPROFILE,1703019760000,1703019797000,1,100.1,,5420089344.0,,,0.020419751962391493,0.020419751962391493,0.0,299.23,
3516,NFCORE_CHIPSEQ:CHIPSEQ:DEEPTOOLS_PLOTPROFILE,1703019895000,1703019947000,1,99.7,,5420089344.0,,,0.028617528603038192,0.028617528603038192,0.0,299.23,
3518,NFCORE_CHIPSEQ:CHIPSEQ:DEEPTOOLS_PLOTPROFILE,1703019906000,1703019962000,1,90.5,,5420089344.0,,,0.028824924604340278,0.028824924604340278,0.0,299.23,
3521,NFCORE_CHIPSEQ:CHIPSEQ:DEEPTOOLS_PLOTPROFILE,1703019985000,1703020039000,1,100.0,,5420089344.0,,,0.029780900816015626,0.029780900816015626,0.0,299.23,
3514,NFCORE_CHIPSEQ:CHIPSEQ:DEEPTOOLS_PLOTHEATMAP,1703019760000,1703020042000,1,99.9,,7430209536.0,,,0.17261458925234377,0.17261458925234377,0.0,299.23,
3523,NFCORE_CHIPSEQ:CHIPSEQ:DEEPTOOLS_PLOTPROFILE,1703020043000,1703020102000,1,100.0,,5420089344.0,,,0.032538391632313375,0.032538391632313375,0.0,299.23,
3517,NFCORE_CHIPSEQ:CHIPSEQ:DEEPTOOLS_PLOTHEATMAP,1703019895000,1703020242000,1,100.0,,7430209536.0,,,0.21253593761141493,0.21253593761141493,0.0,299.23,
3519,NFCORE_CHIPSEQ:CHIPSEQ:DEEPTOOLS_PLOTHEATMAP,1703019906000,1703020267000,1,98.6,,7430209536.0,,,0.21915485066427948,0.21915485066427948,0.0,299.23,
3520,NFCORE_CHIPSEQ:CHIPSEQ:DEEPTOOLS_PLOTHEATMAP,1703019985000,1703020337000,1,98.6,,7430209536.0,,,0.2136911563263889,0.2136911563263889,0.0,299.23,
3522,NFCORE_CHIPSEQ:CHIPSEQ:DEEPTOOLS_PLOTHEATMAP,1703020040000,1703020392000,1,100.1,,7430209536.0,,,0.21573464786805557,0.21573464786805557,0.0,299.23,
3525,NFCORE_CHIPSEQ:CHIPSEQ:DEEPTOOLS_PLOTPROFILE,1703020398000,1703020462000,1,91.0,,5420089344.0,,,0.03306661894861112,0.03306661894861112,0.0,299.23,
3524,NFCORE_CHIPSEQ:CHIPSEQ:DEEPTOOLS_PLOTHEATMAP,1703020398000,1703020742000,1,98.6,,7430209536.0,,,0.2088345391371528,0.2088345391371528,0.0,299.23,
1882,NFCORE_CHIPSEQ:CHIPSEQ:DEEPTOOLS_COMPUTEMATRIX,1703019760000,1703020762000,9,715.8,,5673844736.0,,,2.948382811625911,2.948382811625911,0.0,299.23,
3527,NFCORE_CHIPSEQ:CHIPSEQ:DEEPTOOLS_PLOTPROFILE,1703020764000,1703020807000,1,100.1,,5420089344.0,,,0.023731063091427956,0.023731063091427956,0.0,299.23,
2281,NFCORE_CHIPSEQ:CHIPSEQ:DEEPTOOLS_PLOTFINGERPRINT,1703020764000,1703020892000,8,593.6,,4294967296.0,,,0.3107470302222222,0.3107470302222222,0.0,299.23,
2299,NFCORE_CHIPSEQ:CHIPSEQ:DEEPTOOLS_COMPUTEMATRIX,1703019895000,1703020932000,9,718.9,,5673844736.0,,,3.0638119250701608,3.0638119250701608,0.0,299.23,
2295,NFCORE_CHIPSEQ:CHIPSEQ:DEEPTOOLS_COMPUTEMATRIX,1703019904000,1703020957000,9,727.4,,5673844736.0,,,3.145724519338476,3.145724519338476,0.0,299.23,
3529,NFCORE_CHIPSEQ:CHIPSEQ:DEEPTOOLS_PLOTPROFILE,1703020934000,1703020977000,1,99.8,,5420089344.0,,,0.02368113687762587,0.02368113687762587,0.0,299.23,
3530,NFCORE_CHIPSEQ:CHIPSEQ:DEEPTOOLS_PLOTPROFILE,1703020959000,1703020997000,1,100.0,,5420089344.0,,,0.02095693020386285,0.02095693020386285,0.0,299.23,
3526,NFCORE_CHIPSEQ:CHIPSEQ:DEEPTOOLS_PLOTHEATMAP,1703020764000,1703021012000,1,99.9,,7430209536.0,,,0.15180290118645834,0.15180290118645834,0.0,299.23,
2360,NFCORE_CHIPSEQ:CHIPSEQ:DEEPTOOLS_PLOTFINGERPRINT,1703020895000,1703021017000,8,598.4,,4294967296.0,,,0.2984471810722223,0.2984471810722223,0.0,299.23,
2543,NFCORE_CHIPSEQ:CHIPSEQ:DEEPTOOLS_COMPUTEMATRIX,1703019985000,1703021022000,9,722.9,,5673844736.0,,,3.079865718469466,3.079865718469466,0.0,299.23,
2481,NFCORE_CHIPSEQ:CHIPSEQ:DEEPTOOLS_COMPUTEMATRIX,1703020039000,1703021042000,9,733.7,,5673844736.0,,,3.0208106012820957,3.0208106012820957,0.0,299.23,
3532,NFCORE_CHIPSEQ:CHIPSEQ:DEEPTOOLS_PLOTPROFILE,1703021025000,1703021072000,1,95.5,,5420089344.0,,,0.02510185598179254,0.02510185598179254,0.0,299.23,
3534,NFCORE_CHIPSEQ:CHIPSEQ:DEEPTOOLS_PLOTPROFILE,1703021044000,1703021087000,1,100.1,,5420089344.0,,,0.023731063091427956,0.023731063091427956,0.0,299.23,
2564,NFCORE_CHIPSEQ:CHIPSEQ:DEEPTOOLS_PLOTFINGERPRINT,1703020959000,1703021092000,8,609.4,,4294967296.0,,,0.33101852761614586,0.33101852761614586,0.0,299.23,
3127,NFCORE_CHIPSEQ:CHIPSEQ:DEEPTOOLS_PLOTFINGERPRINT,1703020935000,1703021117000,8,560.0,,4294967296.0,,,0.41817608610555557,0.41817608610555557,0.0,299.23,
2592,NFCORE_CHIPSEQ:CHIPSEQ:DEEPTOOLS_PLOTFINGERPRINT,1703021019000,1703021162000,8,619.9,,4294967296.0,,,0.36171831778671876,0.36171831778671876,0.0,299.23,
2853,NFCORE_CHIPSEQ:CHIPSEQ:DEEPTOOLS_PLOTFINGERPRINT,1703021025000,1703021182000,8,531.3,,4294967296.0,,,0.34329536047248266,0.34329536047248266,0.0,299.23,
3528,NFCORE_CHIPSEQ:CHIPSEQ:DEEPTOOLS_PLOTHEATMAP,1703020934000,1703021187000,1,100.1,,7430209536.0,,,0.15505927815516493,0.15505927815516493,0.0,299.23,
2165,NFCORE_CHIPSEQ:CHIPSEQ:DEEPTOOLS_PLOTFINGERPRINT,1703021095000,1703021227000,8,526.2,,4294967296.0,,,0.2860250424395833,0.2860250424395833,0.0,299.23,
3531,NFCORE_CHIPSEQ:CHIPSEQ:DEEPTOOLS_PLOTHEATMAP,1703020959000,1703021227000,1,98.9,,7430209536.0,,,0.16300784386961809,0.16300784386961809,0.0,299.23,
2774,NFCORE_CHIPSEQ:CHIPSEQ:DEEPTOOLS_PLOTFINGERPRINT,1703021045000,1703021247000,8,620.4,,4294967296.0,,,0.5113496377701389,0.5113496377701389,0.0,299.23,
2636,NFCORE_CHIPSEQ:CHIPSEQ:DEEPTOOLS_PLOTFINGERPRINT,1703021164000,1703021277000,8,619.9,,4294967296.0,,,0.2858333560132813,0.2858333560132813,0.0,299.23,
3533,NFCORE_CHIPSEQ:CHIPSEQ:DEEPTOOLS_PLOTHEATMAP,1703021025000,1703021277000,1,99.8,,7430209536.0,,,0.15415380479843752,0.15415380479843752,0.0,299.23,
3535,NFCORE_CHIPSEQ:CHIPSEQ:DEEPTOOLS_PLOTHEATMAP,1703021044000,1703021277000,1,100.0,,7430209536.0,,,0.14271145090334203,0.14271145090334203,0.0,299.23,
2750,NFCORE_CHIPSEQ:CHIPSEQ:DEEPTOOLS_PLOTFINGERPRINT,1703021119000,1703021287000,8,552.0,,4294967296.0,,,0.3808070800333334,0.3808070800333334,0.0,299.23,
2253,NFCORE_CHIPSEQ:CHIPSEQ:DEEPTOOLS_COMPUTEMATRIX,1703020395000,1703021297000,9,711.4,,5673844736.0,,,2.638772785271658,2.638772785271658,0.0,299.23,
2757,NFCORE_CHIPSEQ:CHIPSEQ:DEEPTOOLS_PLOTFINGERPRINT,1703021184000,1703021317000,8,526.8,,4294967296.0,,,0.2885007447024306,0.2885007447024306,0.0,299.23,
3536,NFCORE_CHIPSEQ:CHIPSEQ:DEEPTOOLS_PLOTPROFILE,1703021299000,1703021332000,1,99.1,,5420089344.0,,,0.018084492988346353,0.018084492988346353,0.0,299.23,
2280,NFCORE_CHIPSEQ:CHIPSEQ:DEEPTOOLS_PLOTFINGERPRINT,1703021229000,1703021357000,8,522.0,,4294967296.0,,,0.2752769709777778,0.2752769709777778,0.0,299.23,
2606,NFCORE_CHIPSEQ:CHIPSEQ:DEEPTOOLS_PLOTFINGERPRINT,1703021280000,1703021422000,8,555.1,,4294967296.0,,,0.3235763346484376,0.3235763346484376,0.0,299.23,
3136,NFCORE_CHIPSEQ:CHIPSEQ:DEEPTOOLS_PLOTFINGERPRINT,1703021250000,1703021432000,8,623.4,,4294967296.0,,,0.4628341167892361,0.4628341167892361,0.0,299.23,
2388,NFCORE_CHIPSEQ:CHIPSEQ:DEEPTOOLS_PLOTFINGERPRINT,1703021319000,1703021437000,8,561.8,,4294967296.0,,,0.27194719564340275,0.27194719564340275,0.0,299.23,
2536,NFCORE_CHIPSEQ:CHIPSEQ:DEEPTOOLS_PLOTFINGERPRINT,1703021299000,1703021447000,8,660.1,,4294967296.0,,,0.39739224565104175,0.39739224565104175,0.0,299.23,
3050,NFCORE_CHIPSEQ:CHIPSEQ:DEEPTOOLS_PLOTFINGERPRINT,1703021290000,1703021449000,8,643.8,,4294967296.0,,,0.41689763112552086,0.41689763112552086,0.0,299.23,
3537,NFCORE_CHIPSEQ:CHIPSEQ:DEEPTOOLS_PLOTHEATMAP,1703021299000,1703021517000,1,100.0,,7430209536.0,,,0.13352401844175346,0.13352401844175346,0.0,299.23,
2660,NFCORE_CHIPSEQ:CHIPSEQ:DEEPTOOLS_PLOTFINGERPRINT,1703021359000,1703021537000,8,550.2,,4294967296.0,,,0.4022341403086806,0.4022341403086806,0.0,299.23,
2289,NFCORE_CHIPSEQ:CHIPSEQ:DEEPTOOLS_PLOTFINGERPRINT,1703021424000,1703021547000,8,616.6,,4294967296.0,,,0.3095574091484375,0.3095574091484375,0.0,299.23,
2242,NFCORE_CHIPSEQ:CHIPSEQ:DEEPTOOLS_PLOTFINGERPRINT,1703021450000,1703021567000,8,612.5,,4294967296.0,,,0.2926004892179688,0.2926004892179688,0.0,299.23,
1693,NFCORE_CHIPSEQ:CHIPSEQ:DEEPTOOLS_PLOTFINGERPRINT,1703021451000,1703021577000,8,594.9,,4294967296.0,,,0.30652555468281256,0.30652555468281256,0.0,299.23,
2382,NFCORE_CHIPSEQ:CHIPSEQ:DEEPTOOLS_PLOTFINGERPRINT,1703021434000,1703021577000,8,546.2,,4294967296.0,,,0.3209293751602431,0.3209293751602431,0.0,299.23,
2920,NFCORE_CHIPSEQ:CHIPSEQ:DEEPTOOLS_PLOTFINGERPRINT,1703021440000,1703021607000,8,567.0,,4294967296.0,,,0.388235345299132,0.388235345299132,0.0,299.23,
3068,NFCORE_CHIPSEQ:CHIPSEQ:DEEPTOOLS_PLOTFINGERPRINT,1703021540000,1703021682000,8,635.8,,4294967296.0,,,0.3679270675510416,0.3679270675510416,0.0,299.23,
2236,NFCORE_CHIPSEQ:CHIPSEQ:DEEPTOOLS_PLOTFINGERPRINT,1703021549000,1703021692000,8,509.9,,4294967296.0,,,0.3008392989412326,0.3008392989412326,0.0,299.23,
2423,NFCORE_CHIPSEQ:CHIPSEQ:DEEPTOOLS_PLOTFINGERPRINT,1703021580000,1703021702000,8,626.2,,4294967296.0,,,0.311573518028125,0.311573518028125,0.0,299.23,
2441,NFCORE_CHIPSEQ:CHIPSEQ:DEEPTOOLS_PLOTFINGERPRINT,1703021579000,1703021722000,8,537.8,,4294967296.0,,,0.31628043190295135,0.31628043190295135,0.0,299.23,
3008,NFCORE_CHIPSEQ:CHIPSEQ:DEEPTOOLS_PLOTFINGERPRINT,1703021570000,1703021737000,8,581.6,,4294967296.0,,,0.3976717867326389,0.3976717867326389,0.0,299.23,
3026,NFCORE_CHIPSEQ:CHIPSEQ:DEEPTOOLS_PLOTFINGERPRINT,1703021609000,1703021762000,8,606.5,,4294967296.0,,,0.37907852027421873,0.37907852027421873,0.0,299.23,
2655,NFCORE_CHIPSEQ:CHIPSEQ:DEEPTOOLS_PLOTFINGERPRINT,1703021695000,1703021802000,8,624.7,,4294967296.0,,,0.27264412361276047,0.27264412361276047,0.0,299.23,
3023,NFCORE_CHIPSEQ:CHIPSEQ:DEEPTOOLS_PLOTFINGERPRINT,1703021684000,1703021827000,8,636.7,,4294967296.0,,,0.3710162043013021,0.3710162043013021,0.0,299.23,
3178,NFCORE_CHIPSEQ:CHIPSEQ:DEEPTOOLS_PLOTFINGERPRINT,1703021705000,1703021862000,8,635.8,,4294967296.0,,,0.4067926028557292,0.4067926028557292,0.0,299.23,
2811,NFCORE_CHIPSEQ:CHIPSEQ:DEEPTOOLS_PLOTFINGERPRINT,1703021739000,1703021907000,8,582.4,,4294967296.0,,,0.4005732164,0.4005732164,0.0,299.23,
3087,NFCORE_CHIPSEQ:CHIPSEQ:DEEPTOOLS_PLOTFINGERPRINT,1703021725000,1703021922000,8,503.7,,4294967296.0,,,0.40971582799991324,0.40971582799991324,0.0,299.23,
2631,NFCORE_CHIPSEQ:CHIPSEQ:DEEPTOOLS_PLOTFINGERPRINT,1703021829000,1703021942000,8,505.3,,4294967296.0,,,0.23571440380442713,0.23571440380442713,0.0,299.23,
2930,NFCORE_CHIPSEQ:CHIPSEQ:DEEPTOOLS_PLOTFINGERPRINT,1703021804000,1703021942000,8,608.9,,4294967296.0,,,0.3431957859755208,0.3431957859755208,0.0,299.23,
3073,NFCORE_CHIPSEQ:CHIPSEQ:DEEPTOOLS_PLOTFINGERPRINT,1703021764000,1703021967000,8,467.5,,4294967296.0,,,0.39375356988880217,0.39375356988880217,0.0,299.23,
2998,NFCORE_CHIPSEQ:CHIPSEQ:DEEPTOOLS_PLOTFINGERPRINT,1703021864000,1703021997000,8,575.0,,4294967296.0,,,0.3133113637876737,0.3133113637876737,0.0,299.23,
2955,NFCORE_CHIPSEQ:CHIPSEQ:DEEPTOOLS_PLOTFINGERPRINT,1703021910000,1703022057000,8,551.0,,4294967296.0,,,0.3326372684067709,0.3326372684067709,0.0,299.23,
2827,NFCORE_CHIPSEQ:CHIPSEQ:DEEPTOOLS_PLOTFINGERPRINT,1703021945000,1703022067000,8,621.4,,4294967296.0,,,0.30930710013645835,0.30930710013645835,0.0,299.23,
3079,NFCORE_CHIPSEQ:CHIPSEQ:DEEPTOOLS_PLOTFINGERPRINT,1703021924000,1703022067000,8,577.1,,4294967296.0,,,0.33803084499956604,0.33803084499956604,0.0,299.23,
3192,NFCORE_CHIPSEQ:CHIPSEQ:DEEPTOOLS_PLOTFINGERPRINT,1703021944000,1703022077000,8,649.8,,4294967296.0,,,0.3518141502519097,0.3518141502519097,0.0,299.23,
3165,NFCORE_CHIPSEQ:CHIPSEQ:DEEPTOOLS_PLOTFINGERPRINT,1703021970000,1703022097000,8,629.7,,4294967296.0,,,0.3260632502438368,0.3260632502438368,0.0,299.23,
2217,NFCORE_CHIPSEQ:CHIPSEQ:DEEPTOOLS_PLOTFINGERPRINT,1703021999000,1703022102000,8,544.4,,4294967296.0,,,0.23044137638090276,0.23044137638090276,0.0,299.23,
2519,NFCORE_CHIPSEQ:CHIPSEQ:DEEPTOOLS_PLOTFINGERPRINT,1703022059000,1703022142000,8,619.9,,4294967296.0,,,0.20994839423984374,0.20994839423984374,0.0,299.23,
2011,NFCORE_CHIPSEQ:CHIPSEQ:DEEPTOOLS_PLOTFINGERPRINT,1703022069000,1703022157000,8,588.8,,4294967296.0,,,0.21200379004444445,0.21200379004444445,0.0,299.23,
2472,NFCORE_CHIPSEQ:CHIPSEQ:DEEPTOOLS_PLOTFINGERPRINT,1703022080000,1703022177000,8,614.8,,4294967296.0,,,0.24344676415520833,0.24344676415520833,0.0,299.23,
3159,NFCORE_CHIPSEQ:CHIPSEQ:DEEPTOOLS_PLOTFINGERPRINT,1703022070000,1703022202000,8,614.9,,4294967296.0,,,0.33133946737604164,0.33133946737604164,0.0,299.23,
3197,NFCORE_CHIPSEQ:CHIPSEQ:DEEPTOOLS_PLOTFINGERPRINT,1703022099000,1703022227000,8,629.9,,4294967296.0,,,0.3287297557888889,0.3287297557888889,0.0,299.23,
3211,NFCORE_CHIPSEQ:CHIPSEQ:DEEPTOOLS_PLOTFINGERPRINT,1703022105000,1703022242000,8,576.8,,4294967296.0,,,0.32368866538263885,0.32368866538263885,0.0,299.23,
2981,NFCORE_CHIPSEQ:CHIPSEQ:DEEPTOOLS_PLOTFINGERPRINT,1703022144000,1703022272000,8,566.2,,4294967296.0,,,0.2971732924666667,0.2971732924666667,0.0,299.23,
2914,NFCORE_CHIPSEQ:CHIPSEQ:DEEPTOOLS_PLOTFINGERPRINT,1703022159000,1703022287000,8,608.6,,4294967296.0,,,0.3181779085555556,0.3181779085555556,0.0,299.23,
2900,NFCORE_CHIPSEQ:CHIPSEQ:DEEPTOOLS_PLOTFINGERPRINT,1703022180000,1703022297000,8,580.9,,4294967296.0,,,0.27829140412734377,0.27829140412734377,0.0,299.23,
2727,NFCORE_CHIPSEQ:CHIPSEQ:DEEPTOOLS_PLOTFINGERPRINT,1703022204000,1703022302000,8,498.2,,4294967296.0,,,0.20173196182951392,0.20173196182951392,0.0,299.23,
2796,NFCORE_CHIPSEQ:CHIPSEQ:DEEPTOOLS_PLOTFINGERPRINT,1703022229000,1703022337000,8,573.1,,4294967296.0,,,0.253624075171875,0.253624075171875,0.0,299.23,
2816,NFCORE_CHIPSEQ:CHIPSEQ:DEEPTOOLS_PLOTFINGERPRINT,1703022244000,1703022342000,8,640.9,,4294967296.0,,,0.2558558478401042,0.2558558478401042,0.0,299.23,
2486,NFCORE_CHIPSEQ:CHIPSEQ:DEEPTOOLS_PLOTFINGERPRINT,1703022275000,1703022352000,8,594.0,,4294967296.0,,,0.18705296404131944,0.18705296404131944,0.0,299.23,
2212,NFCORE_CHIPSEQ:CHIPSEQ:DEEPTOOLS_PLOTFINGERPRINT,1703022290000,1703022362000,8,520.3,,4294967296.0,,,0.15436957768125,0.15436957768125,0.0,299.23,
2383,NFCORE_CHIPSEQ:CHIPSEQ:MULTIQC_CUSTOM_PHANTOMPEAKQUALTOOLS,1703022356000,1703022362000,12,947.5,,4294967296.0,,,0.022784354048437504,0.022784354048437504,0.0,299.23,
2835,NFCORE_CHIPSEQ:CHIPSEQ:MULTIQC_CUSTOM_PHANTOMPEAKQUALTOOLS,1703022356000,1703022362000,12,862.4,,4294967296.0,,,0.02080820484166667,0.02080820484166667,0.0,299.23,
2518,NFCORE_CHIPSEQ:CHIPSEQ:MULTIQC_CUSTOM_PHANTOMPEAKQUALTOOLS,1703022364000,1703022367000,12,867.3,,4294967296.0,,,0.010460995083072916,0.010460995083072916,0.0,299.23,
2936,NFCORE_CHIPSEQ:CHIPSEQ:MULTIQC_CUSTOM_PHANTOMPEAKQUALTOOLS,1703022365000,1703022367000,12,726.4,,4294967296.0,,,0.005883360516666668,0.005883360516666668,0.0,299.23,
2991,NFCORE_CHIPSEQ:CHIPSEQ:MULTIQC_CUSTOM_PHANTOMPEAKQUALTOOLS,1703022365000,1703022367000,12,605.6,,4294967296.0,,,0.004948308326388889,0.004948308326388889,0.0,299.23,
1696,NFCORE_CHIPSEQ:CHIPSEQ:MULTIQC_CUSTOM_PHANTOMPEAKQUALTOOLS,1703022369000,1703022372000,12,819.0,,4294967296.0,,,0.009900195983854169,0.009900195983854169,0.0,299.23,
2329,NFCORE_CHIPSEQ:CHIPSEQ:MULTIQC_CUSTOM_PHANTOMPEAKQUALTOOLS,1703022370000,1703022372000,12,1022.3,,4294967296.0,,,0.008173773952951388,0.008173773952951388,0.0,299.23,
2613,NFCORE_CHIPSEQ:CHIPSEQ:MULTIQC_CUSTOM_PHANTOMPEAKQUALTOOLS,1703022370000,1703022372000,12,1115.4,,4294967296.0,,,0.008894414341319445,0.008894414341319445,0.0,299.23,
1528,NFCORE_CHIPSEQ:CHIPSEQ:MULTIQC_CUSTOM_PHANTOMPEAKQUALTOOLS,1703022374000,1703022377000,12,1042.7,,4294967296.0,,,0.012497520176302086,0.012497520176302086,0.0,299.23,
2203,NFCORE_CHIPSEQ:CHIPSEQ:DEEPTOOLS_PLOTFINGERPRINT,1703022299000,1703022375000,8,502.4,,4294967296.0,,,0.1576805784111111,0.1576805784111111,0.0,299.23,
2272,NFCORE_CHIPSEQ:CHIPSEQ:MULTIQC_CUSTOM_PHANTOMPEAKQUALTOOLS,1703022375000,1703022377000,12,1122.7,,4294967296.0,,,0.008950919978645836,0.008950919978645836,0.0,299.23,
2425,NFCORE_CHIPSEQ:CHIPSEQ:DEEPTOOLS_PLOTFINGERPRINT,1703022304000,1703022373000,8,489.3,,4294967296.0,,,0.13965904905130208,0.13965904905130208,0.0,299.23,
3100,NFCORE_CHIPSEQ:CHIPSEQ:MULTIQC_CUSTOM_PHANTOMPEAKQUALTOOLS,1703022375000,1703022377000,12,949.9,,4294967296.0,,,0.007613361878645833,0.007613361878645833,0.0,299.23,
2038,NFCORE_CHIPSEQ:CHIPSEQ:MULTIQC_CUSTOM_PHANTOMPEAKQUALTOOLS,1703022379000,1703022382000,12,1094.3,,4294967296.0,,,0.013096634741927085,0.013096634741927085,0.0,299.23,
2256,NFCORE_CHIPSEQ:CHIPSEQ:MULTIQC_CUSTOM_PHANTOMPEAKQUALTOOLS,1703022380000,1703022382000,12,659.6,,4294967296.0,,,0.005366295232638888,0.005366295232638888,0.0,299.23,
2941,NFCORE_CHIPSEQ:CHIPSEQ:MULTIQC_CUSTOM_PHANTOMPEAKQUALTOOLS,1703022378000,1703022380000,12,1062.0,,4294967296.0,,,0.008481071734027778,0.008481071734027778,0.0,299.23,
1877,NFCORE_CHIPSEQ:CHIPSEQ:MULTIQC_CUSTOM_PHANTOMPEAKQUALTOOLS,1703022380000,1703022382000,12,604.6,,4294967296.0,,,0.004940567828125001,0.004940567828125001,0.0,299.23,
2789,NFCORE_CHIPSEQ:CHIPSEQ:MULTIQC_CUSTOM_PHANTOMPEAKQUALTOOLS,1703022384000,1703022387000,12,1111.7,,4294967296.0,,,0.013298661746614586,0.013298661746614586,0.0,299.23,
3214,NFCORE_CHIPSEQ:CHIPSEQ:MULTIQC_CUSTOM_PHANTOMPEAKQUALTOOLS,1703022382000,1703022385000,12,1086.5,,4294967296.0,,,0.013006070912239586,0.013006070912239586,0.0,299.23,
1733,NFCORE_CHIPSEQ:CHIPSEQ:MULTIQC_CUSTOM_PHANTOMPEAKQUALTOOLS,1703022387000,1703022390000,12,1131.5,,4294967296.0,,,0.013528554545052085,0.013528554545052085,0.0,299.23,
1795,NFCORE_CHIPSEQ:CHIPSEQ:MULTIQC_CUSTOM_PHANTOMPEAKQUALTOOLS,1703022385000,1703022387000,12,1035.1,,4294967296.0,,,0.008272852330729167,0.008272852330729167,0.0,299.23,
1861,NFCORE_CHIPSEQ:CHIPSEQ:MULTIQC_CUSTOM_PHANTOMPEAKQUALTOOLS,1703022385000,1703022387000,12,926.1,,4294967296.0,,,0.007429138019965279,0.007429138019965279,0.0,299.23,
2614,NFCORE_CHIPSEQ:CHIPSEQ:MULTIQC_CUSTOM_PHANTOMPEAKQUALTOOLS,1703022390000,1703022392000,12,645.6,,4294967296.0,,,0.005257928256944446,0.005257928256944446,0.0,299.23,
2690,NFCORE_CHIPSEQ:CHIPSEQ:MULTIQC_CUSTOM_PHANTOMPEAKQUALTOOLS,1703022389000,1703022393000,12,1101.3,,4294967296.0,,,0.017570546631597222,0.017570546631597222,0.0,299.23,
3111,NFCORE_CHIPSEQ:CHIPSEQ:MULTIQC_CUSTOM_PHANTOMPEAKQUALTOOLS,1703022390000,1703022392000,12,601.9,,4294967296.0,,,0.004919668482812501,0.004919668482812501,0.0,299.23,
2188,NFCORE_CHIPSEQ:CHIPSEQ:MULTIQC_CUSTOM_PHANTOMPEAKQUALTOOLS,1703022392000,1703022394000,12,867.3,,4294967296.0,,,0.006973996722048611,0.006973996722048611,0.0,299.23,
2417,NFCORE_CHIPSEQ:CHIPSEQ:MULTIQC_CUSTOM_PHANTOMPEAKQUALTOOLS,1703022395000,1703022397000,12,1088.8,,4294967296.0,,,0.0086885170875,0.0086885170875,0.0,299.23,
2686,NFCORE_CHIPSEQ:CHIPSEQ:MULTIQC_CUSTOM_PHANTOMPEAKQUALTOOLS,1703022395000,1703022397000,12,1128.2,,4294967296.0,,,0.008993492719097223,0.008993492719097223,0.0,299.23,
1752,NFCORE_CHIPSEQ:CHIPSEQ:MULTIQC_CUSTOM_PHANTOMPEAKQUALTOOLS,1703022395000,1703022398000,12,937.9,,4294967296.0,,,0.011280713849218752,0.011280713849218752,0.0,299.23,
2458,NFCORE_CHIPSEQ:CHIPSEQ:MULTIQC_CUSTOM_PHANTOMPEAKQUALTOOLS,1703022399000,1703022402000,12,664.1,,4294967296.0,,,0.008101691212239585,0.008101691212239585,0.0,299.23,
2588,NFCORE_CHIPSEQ:CHIPSEQ:MULTIQC_CUSTOM_PHANTOMPEAKQUALTOOLS,1703022397000,1703022398000,12,1071.3,,4294967296.0,,,0.004276529183940972,0.004276529183940972,0.0,299.23,
3144,NFCORE_CHIPSEQ:CHIPSEQ:MULTIQC_CUSTOM_PHANTOMPEAKQUALTOOLS,1703022400000,1703022403000,12,440.5,,4294967296.0,,,0.005505528094531251,0.005505528094531251,0.0,299.23,
3290,NFCORE_CHIPSEQ:CHIPSEQ:MULTIQC_CUSTOM_PHANTOMPEAKQUALTOOLS,1703022399000,1703022402000,12,568.5,,4294967296.0,,,0.006991703761197917,0.006991703761197917,0.0,299.23,
1960,NFCORE_CHIPSEQ:CHIPSEQ:MULTIQC_CUSTOM_PHANTOMPEAKQUALTOOLS,1703022400000,1703022403000,12,838.4,,4294967296.0,,,0.010125444483333332,0.010125444483333332,0.0,299.23,
2647,NFCORE_CHIPSEQ:CHIPSEQ:MULTIQC_CUSTOM_PHANTOMPEAKQUALTOOLS,1703022404000,1703022407000,12,728.5,,4294967296.0,,,0.008849423344531251,0.008849423344531251,0.0,299.23,
2787,NFCORE_CHIPSEQ:CHIPSEQ:MULTIQC_CUSTOM_PHANTOMPEAKQUALTOOLS,1703022404000,1703022407000,12,594.9,,4294967296.0,,,0.0072982274924479175,0.0072982274924479175,0.0,299.23,
2992,NFCORE_CHIPSEQ:CHIPSEQ:MULTIQC_CUSTOM_PHANTOMPEAKQUALTOOLS,1703022405000,1703022408000,12,425.5,,4294967296.0,,,0.00533136688359375,0.00533136688359375,0.0,299.23,
3142,NFCORE_CHIPSEQ:CHIPSEQ:MULTIQC_CUSTOM_PHANTOMPEAKQUALTOOLS,1703022405000,1703022408000,12,843.0,,4294967296.0,,,0.010178853921354166,0.010178853921354166,0.0,299.23,
2467,NFCORE_CHIPSEQ:CHIPSEQ:MULTIQC_CUSTOM_PHANTOMPEAKQUALTOOLS,1703022409000,1703022412000,12,1052.7,,4294967296.0,,,0.012613627650260419,0.012613627650260419,0.0,299.23,
3200,NFCORE_CHIPSEQ:CHIPSEQ:MULTIQC_CUSTOM_PHANTOMPEAKQUALTOOLS,1703022409000,1703022412000,12,938.9,,4294967296.0,,,0.011292324596614584,0.011292324596614584,0.0,299.23,
2191,NFCORE_CHIPSEQ:CHIPSEQ:MULTIQC_CUSTOM_PHANTOMPEAKQUALTOOLS,1703022411000,1703022413000,12,587.1,,4294967296.0,,,0.004805109108506944,0.004805109108506944,0.0,299.23,
2326,NFCORE_CHIPSEQ:CHIPSEQ:MULTIQC_CUSTOM_PHANTOMPEAKQUALTOOLS,1703022411000,1703022413000,12,693.2,,4294967296.0,,,0.005626375974305557,0.005626375974305557,0.0,299.23,
2775,NFCORE_CHIPSEQ:CHIPSEQ:MULTIQC_CUSTOM_PHANTOMPEAKQUALTOOLS,1703022414000,1703022417000,12,673.9,,4294967296.0,,,0.00821547653671875,0.00821547653671875,0.0,299.23,
2783,NFCORE_CHIPSEQ:CHIPSEQ:MULTIQC_CUSTOM_PHANTOMPEAKQUALTOOLS,1703022414000,1703022417000,12,570.3,,4294967296.0,,,0.007012603106510417,0.007012603106510417,0.0,299.23,
1876,NFCORE_CHIPSEQ:CHIPSEQ:MULTIQC_CUSTOM_PHANTOMPEAKQUALTOOLS,1703022419000,1703022421000,12,1055.9,,4294967296.0,,,0.008433854694618057,0.008433854694618057,0.0,299.23,
2759,NFCORE_CHIPSEQ:CHIPSEQ:MULTIQC_CUSTOM_PHANTOMPEAKQUALTOOLS,1703022416000,1703022418000,12,711.5,,4294967296.0,,,0.005768027092534722,0.005768027092534722,0.0,299.23,
2867,NFCORE_CHIPSEQ:CHIPSEQ:MULTIQC_CUSTOM_PHANTOMPEAKQUALTOOLS,1703022416000,1703022418000,12,491.4,,4294967296.0,,,0.004064343424652778,0.004064343424652778,0.0,299.23,
3203,NFCORE_CHIPSEQ:CHIPSEQ:MULTIQC_CUSTOM_PHANTOMPEAKQUALTOOLS,1703022419000,1703022422000,12,1096.0,,4294967296.0,,,0.0131163730125,0.0131163730125,0.0,299.23,
3301,NFCORE_CHIPSEQ:CHIPSEQ:MULTIQC_CUSTOM_PHANTOMPEAKQUALTOOLS,1703022421000,1703022423000,12,765.2,,4294967296.0,,,0.006183691849305557,0.006183691849305557,0.0,299.23,
1961,NFCORE_CHIPSEQ:CHIPSEQ:MULTIQC_CUSTOM_PHANTOMPEAKQUALTOOLS,1703022421000,1703022423000,12,593.0,,4294967296.0,,,0.0048507780482638894,0.0048507780482638894,0.0,299.23,
2157,NFCORE_CHIPSEQ:CHIPSEQ:MULTIQC_CUSTOM_PHANTOMPEAKQUALTOOLS,1703022423000,1703022427000,12,1081.8,,4294967296.0,,,0.017268667199305553,0.017268667199305553,0.0,299.23,
2741,NFCORE_CHIPSEQ:CHIPSEQ:MULTIQC_CUSTOM_PHANTOMPEAKQUALTOOLS,1703022424000,1703022427000,12,1069.0,,4294967296.0,,,0.012802882832812501,0.012802882832812501,0.0,299.23,
1885,NFCORE_CHIPSEQ:CHIPSEQ:MULTIQC_CUSTOM_PHANTOMPEAKQUALTOOLS,1703022426000,1703022428000,12,573.3,,4294967296.0,,,0.004698290232465278,0.004698290232465278,0.0,299.23,
2673,NFCORE_CHIPSEQ:CHIPSEQ:MULTIQC_CUSTOM_PHANTOMPEAKQUALTOOLS,1703022429000,1703022432000,12,1038.5,,4294967296.0,,,0.012448755037239584,0.012448755037239584,0.0,299.23,
2738,NFCORE_CHIPSEQ:CHIPSEQ:MULTIQC_CUSTOM_PHANTOMPEAKQUALTOOLS,1703022426000,1703022428000,12,666.3,,4294967296.0,,,0.005418156571006944,0.005418156571006944,0.0,299.23,
2896,NFCORE_CHIPSEQ:CHIPSEQ:MULTIQC_CUSTOM_PHANTOMPEAKQUALTOOLS,1703022429000,1703022432000,12,1019.0,,4294967296.0,,,0.012222345463020834,0.012222345463020834,0.0,299.23,
2407,NFCORE_CHIPSEQ:CHIPSEQ:MULTIQC_CUSTOM_PHANTOMPEAKQUALTOOLS,1703022434000,1703022437000,12,533.3,,4294967296.0,,,0.006583005452864584,0.006583005452864584,0.0,299.23,
2615,NFCORE_CHIPSEQ:CHIPSEQ:MULTIQC_CUSTOM_PHANTOMPEAKQUALTOOLS,1703022431000,1703022433000,12,554.3,,4294967296.0,,,0.004551220765451389,0.004551220765451389,0.0,299.23,
2648,NFCORE_CHIPSEQ:CHIPSEQ:MULTIQC_CUSTOM_PHANTOMPEAKQUALTOOLS,1703022431000,1703022433000,12,748.3,,4294967296.0,,,0.006052877428645833,0.006052877428645833,0.0,299.23,
2934,NFCORE_CHIPSEQ:CHIPSEQ:MULTIQC_CUSTOM_PHANTOMPEAKQUALTOOLS,1703022434000,1703022437000,12,688.7,,4294967296.0,,,0.008387315598177085,0.008387315598177085,0.0,299.23,
2993,NFCORE_CHIPSEQ:CHIPSEQ:MULTIQC_CUSTOM_PHANTOMPEAKQUALTOOLS,1703022436000,1703022438000,12,978.6,,4294967296.0,,,0.007835514178819445,0.007835514178819445,0.0,299.23,
3038,NFCORE_CHIPSEQ:CHIPSEQ:MULTIQC_CUSTOM_PHANTOMPEAKQUALTOOLS,1703022439000,1703022442000,12,977.9,,4294967296.0,,,0.011745143745052084,0.011745143745052084,0.0,299.23,
3110,NFCORE_CHIPSEQ:CHIPSEQ:MULTIQC_CUSTOM_PHANTOMPEAKQUALTOOLS,1703022436000,1703022438000,12,1053.5,,4294967296.0,,,0.008415277498784722,0.008415277498784722,0.0,299.23,
3306,NFCORE_CHIPSEQ:CHIPSEQ:MULTIQC_CUSTOM_PHANTOMPEAKQUALTOOLS,1703022439000,1703022442000,12,1107.8,,4294967296.0,,,0.013253379831770835,0.013253379831770835,0.0,299.23,
1616,NFCORE_CHIPSEQ:CHIPSEQ:MULTIQC_CUSTOM_PHANTOMPEAKQUALTOOLS,1703022444000,1703022447000,12,541.6,,4294967296.0,,,0.0066793746562500015,0.0066793746562500015,0.0,299.23,
2684,NFCORE_CHIPSEQ:CHIPSEQ:MULTIQC_CUSTOM_PHANTOMPEAKQUALTOOLS,1703022444000,1703022447000,12,625.4,,4294967296.0,,,0.007652355288020835,0.007652355288020835,0.0,299.23,
2694,NFCORE_CHIPSEQ:CHIPSEQ:MULTIQC_CUSTOM_PHANTOMPEAKQUALTOOLS,1703022441000,1703022443000,12,951.1,,4294967296.0,,,0.007622650476562501,0.007622650476562501,0.0,299.23,
3097,NFCORE_CHIPSEQ:CHIPSEQ:MULTIQC_CUSTOM_PHANTOMPEAKQUALTOOLS,1703022446000,1703022447000,12,508.7,,4294967296.0,,,0.002099127022309028,0.002099127022309028,0.0,299.23,
3103,NFCORE_CHIPSEQ:CHIPSEQ:MULTIQC_CUSTOM_PHANTOMPEAKQUALTOOLS,1703022441000,1703022443000,12,1007.4,,4294967296.0,,,0.008058440528819445,0.008058440528819445,0.0,299.23,
1698,NFCORE_CHIPSEQ:CHIPSEQ:MULTIQC_CUSTOM_PHANTOMPEAKQUALTOOLS,1703022446000,1703022447000,12,800.9,,4294967296.0,,,0.0032300138186631944,0.0032300138186631944,0.0,299.23,
2403,NFCORE_CHIPSEQ:CHIPSEQ:MULTIQC_CUSTOM_PHANTOMPEAKQUALTOOLS,1703022450000,1703022452000,12,753.5,,4294967296.0,,,0.006093128019618056,0.006093128019618056,0.0,299.23,
2719,NFCORE_CHIPSEQ:CHIPSEQ:MULTIQC_CUSTOM_PHANTOMPEAKQUALTOOLS,1703022450000,1703022452000,12,746.5,,4294967296.0,,,0.006038944531770834,0.006038944531770834,0.0,299.23,
3204,NFCORE_CHIPSEQ:CHIPSEQ:MULTIQC_CUSTOM_PHANTOMPEAKQUALTOOLS,1703022450000,1703022452000,12,470.1,,4294967296.0,,,0.0038994708116319447,0.0038994708116319447,0.0,299.23,
3289,NFCORE_CHIPSEQ:CHIPSEQ:MULTIQC_CUSTOM_PHANTOMPEAKQUALTOOLS,1703022450000,1703022452000,12,603.7,,4294967296.0,,,0.0049336013796875,0.0049336013796875,0.0,299.23,
3160,NFCORE_CHIPSEQ:CHIPSEQ:MULTIQC_CUSTOM_PHANTOMPEAKQUALTOOLS,1703022455000,1703022457000,12,720.2,,4294967296.0,,,0.005835369427430555,0.005835369427430555,0.0,299.23,
3237,NFCORE_CHIPSEQ:CHIPSEQ:MULTIQC_CUSTOM_PHANTOMPEAKQUALTOOLS,1703022454000,1703022457000,12,476.1,,4294967296.0,,,0.005918870701822916,0.005918870701822916,0.0,299.23,
3318,NFCORE_CHIPSEQ:CHIPSEQ:MULTIQC_CUSTOM_PHANTOMPEAKQUALTOOLS,1703022454000,1703022457000,12,862.1,,4294967296.0,,,0.010400619196614586,0.010400619196614586,0.0,299.23,
2753,NFCORE_CHIPSEQ:CHIPSEQ:MULTIQC_CUSTOM_PHANTOMPEAKQUALTOOLS,1703022455000,1703022457000,12,575.4,,4294967296.0,,,0.004714545278819445,0.004714545278819445,0.0,299.23,
3112,NFCORE_CHIPSEQ:CHIPSEQ:MULTIQC_CUSTOM_PHANTOMPEAKQUALTOOLS,1703022459000,1703022462000,12,1062.0,,4294967296.0,,,0.012721607601041667,0.012721607601041667,0.0,299.23,
3317,NFCORE_CHIPSEQ:CHIPSEQ:MULTIQC_CUSTOM_PHANTOMPEAKQUALTOOLS,1703022460000,1703022462000,12,1104.6,,4294967296.0,,,0.008810816960069445,0.008810816960069445,0.0,299.23,
3321,NFCORE_CHIPSEQ:CHIPSEQ:MULTIQC_CUSTOM_PHANTOMPEAKQUALTOOLS,1703022460000,1703022462000,12,1130.7,,4294967296.0,,,0.009012843964756946,0.009012843964756946,0.0,299.23,
2401,NFCORE_CHIPSEQ:CHIPSEQ:MULTIQC_CUSTOM_PHANTOMPEAKQUALTOOLS,1703022464000,1703022467000,12,910.5,,4294967296.0,,,0.010962579370572916,0.010962579370572916,0.0,299.23,
3010,NFCORE_CHIPSEQ:CHIPSEQ:MULTIQC_CUSTOM_PHANTOMPEAKQUALTOOLS,1703022460000,1703022462000,12,1104.3,,4294967296.0,,,0.008808494810590279,0.008808494810590279,0.0,299.23,
3226,NFCORE_CHIPSEQ:CHIPSEQ:MULTIQC_CUSTOM_PHANTOMPEAKQUALTOOLS,1703022465000,1703022467000,12,881.2,,4294967296.0,,,0.0070815896479166675,0.0070815896479166675,0.0,299.23,
3304,NFCORE_CHIPSEQ:CHIPSEQ:MULTIQC_CUSTOM_PHANTOMPEAKQUALTOOLS,1703022464000,1703022467000,12,632.7,,4294967296.0,,,0.007737113744010418,0.007737113744010418,0.0,299.23,
3322,NFCORE_CHIPSEQ:CHIPSEQ:MULTIQC_CUSTOM_PHANTOMPEAKQUALTOOLS,1703022465000,1703022467000,12,848.9,,4294967296.0,,,0.006831571553993055,0.006831571553993055,0.0,299.23,
3303,NFCORE_CHIPSEQ:CHIPSEQ:MULTIQC_CUSTOM_PHANTOMPEAKQUALTOOLS,1703022470000,1703022472000,12,815.9,,4294967296.0,,,0.006576135111284723,0.006576135111284723,0.0,299.23,
3319,NFCORE_CHIPSEQ:CHIPSEQ:MULTIQC_CUSTOM_PHANTOMPEAKQUALTOOLS,1703022469000,1703022472000,12,1030.8,,4294967296.0,,,0.012359352282291666,0.012359352282291666,0.0,299.23,
2942,NFCORE_CHIPSEQ:CHIPSEQ:MULTIQC_CUSTOM_PHANTOMPEAKQUALTOOLS,1703022474000,1703022477000,12,788.5,,4294967296.0,,,0.009546068188281251,0.009546068188281251,0.0,299.23,
2951,NFCORE_CHIPSEQ:CHIPSEQ:MULTIQC_CUSTOM_PHANTOMPEAKQUALTOOLS,1703022470000,1703022472000,12,805.0,,4294967296.0,,,0.006491763680208334,0.006491763680208334,0.0,299.23,
3231,NFCORE_CHIPSEQ:CHIPSEQ:MULTIQC_CUSTOM_PHANTOMPEAKQUALTOOLS,1703022470000,1703022472000,12,416.6,,4294967296.0,,,0.003485354154513889,0.003485354154513889,0.0,299.23,
3260,NFCORE_CHIPSEQ:CHIPSEQ:MULTIQC_CUSTOM_PHANTOMPEAKQUALTOOLS,1703022475000,1703022477000,12,761.9,,4294967296.0,,,0.006158148205034723,0.006158148205034723,0.0,299.23,
3263,NFCORE_CHIPSEQ:CHIPSEQ:MULTIQC_CUSTOM_PHANTOMPEAKQUALTOOLS,1703022474000,1703022477000,12,806.5,,4294967296.0,,,0.00975506164140625,0.00975506164140625,0.0,299.23,
3307,NFCORE_CHIPSEQ:CHIPSEQ:MULTIQC_CUSTOM_PHANTOMPEAKQUALTOOLS,1703022475000,1703022477000,12,461.2,,4294967296.0,,,0.003830580377083334,0.003830580377083334,0.0,299.23,
2968,NFCORE_CHIPSEQ:CHIPSEQ:MULTIQC_CUSTOM_PHANTOMPEAKQUALTOOLS,1703022480000,1703022482000,12,1062.1,,4294967296.0,,,0.008481845783854166,0.008481845783854166,0.0,299.23,
3234,NFCORE_CHIPSEQ:CHIPSEQ:MULTIQC_CUSTOM_PHANTOMPEAKQUALTOOLS,1703022480000,1703022482000,12,741.4,,4294967296.0,,,0.005999467990625001,0.005999467990625001,0.0,299.23,
3245,NFCORE_CHIPSEQ:CHIPSEQ:MULTIQC_CUSTOM_PHANTOMPEAKQUALTOOLS,1703022480000,1703022482000,12,1079.4,,4294967296.0,,,0.008615756403819445,0.008615756403819445,0.0,299.23,
3302,NFCORE_CHIPSEQ:CHIPSEQ:MULTIQC_CUSTOM_PHANTOMPEAKQUALTOOLS,1703022479000,1703022482000,12,881.7,,4294967296.0,,,0.010628189845572917,0.010628189845572917,0.0,299.23,
2560,NFCORE_CHIPSEQ:CHIPSEQ:MULTIQC_CUSTOM_PHANTOMPEAKQUALTOOLS,1703022484000,1703022487000,12,1133.9,,4294967296.0,,,0.013556420338802085,0.013556420338802085,0.0,299.23,
3167,NFCORE_CHIPSEQ:CHIPSEQ:MULTIQC_CUSTOM_PHANTOMPEAKQUALTOOLS,1703022485000,1703022487000,12,1040.3,,4294967296.0,,,0.00831310292170139,0.00831310292170139,0.0,299.23,
3323,NFCORE_CHIPSEQ:CHIPSEQ:MULTIQC_CUSTOM_PHANTOMPEAKQUALTOOLS,1703022484000,1703022487000,12,1080.3,,4294967296.0,,,0.012934084278385419,0.012934084278385419,0.0,299.23,
3324,NFCORE_CHIPSEQ:CHIPSEQ:MULTIQC_CUSTOM_PHANTOMPEAKQUALTOOLS,1703022484000,1703022487000,12,983.0,,4294967296.0,,,0.011804358556770835,0.011804358556770835,0.0,299.23,
2457,NFCORE_CHIPSEQ:CHIPSEQ:MULTIQC_CUSTOM_PHANTOMPEAKQUALTOOLS,1703022489000,1703022492000,12,1027.8,,4294967296.0,,,0.012324520040104169,0.012324520040104169,0.0,299.23,
3181,NFCORE_CHIPSEQ:CHIPSEQ:MULTIQC_CUSTOM_PHANTOMPEAKQUALTOOLS,1703022489000,1703022492000,12,936.0,,4294967296.0,,,0.011258653429166668,0.011258653429166668,0.0,299.23,
3235,NFCORE_CHIPSEQ:CHIPSEQ:MULTIQC_CUSTOM_PHANTOMPEAKQUALTOOLS,1703022489000,1703022492000,12,554.7,,4294967296.0,,,0.006831475447135418,0.006831475447135418,0.0,299.23,
3325,NFCORE_CHIPSEQ:CHIPSEQ:MULTIQC_CUSTOM_PHANTOMPEAKQUALTOOLS,1703022489000,1703022492000,12,521.1,,4294967296.0,,,0.006441354334635418,0.006441354334635418,0.0,299.23,
3326,NFCORE_CHIPSEQ:CHIPSEQ:MULTIQC_CUSTOM_PHANTOMPEAKQUALTOOLS,1703022494000,1703022497000,12,1055.5,,4294967296.0,,,0.01264613774296875,0.01264613774296875,0.0,299.23,
