trace,op_ems,emb_ems
nanoseq-may-1,179.16246094663114,2.2493885276446886
nanoseq-may-1~+00-01-00,180.01954585632865,2.2493885276446886
nanoseq-may-1~+00-02-00,182.5513479155237,2.2493885276446886
nanoseq-may-1~+00-03-00,171.14261307516347,2.2493885276446886
nanoseq-may-1~+00-04-00,138.57718857976798,2.2493885276446886
nanoseq-may-1~+00-05-00,100.08927158214739,2.2493885276446886
nanoseq-may-1~+00-06-00,60.12345669912244,2.2493885276446886
nanoseq-may-1~+00-07-00,44.884104458961524,2.2493885276446886
nanoseq-may-1~+00-08-00,54.11640521728853,2.2493885276446886
nanoseq-may-1~+00-09-00,64.49634355961858,2.2493885276446886
nanoseq-may-1~+00-10-00,95.84190881479071,2.2493885276446886
nanoseq-may-1~+00-11-00,130.97061538863926,2.2493885276446886
nanoseq-may-1~+00-12-00,133.0482457834954,2.2493885276446886
nanoseq-may-1~+00-13-00,155.41658755649348,2.2493885276446886
nanoseq-may-1~+00-14-00,182.34766887370645,2.2493885276446886
nanoseq-may-1~+00-15-00,179.6084797674414,2.2493885276446886
nanoseq-may-1~+00-16-00,177.56456273015905,2.2493885276446886
nanoseq-may-1~+00-17-00,178.44425230198686,2.2493885276446886
nanoseq-may-1~+00-18-00,180.77390749912888,2.2493885276446886
nanoseq-may-1~+00-19-00,183.2731416319268,2.2493885276446886
nanoseq-may-1~+00-20-00,185.11982131104088,2.2493885276446886
nanoseq-may-1~+00-21-00,186.19712843950543,2.2493885276446886
nanoseq-may-1~+00-22-00,185.50252853159512,2.2493885276446886
nanoseq-may-1~+00-23-00,183.8666780582096,2.2493885276446886
nanoseq-may-1~+01-00-00,183.9090279236862,2.2493885276446886
