trace,op_ems,emb_ems
rnaseq-sep-1,4989.052782018767,60.34201273201991
rnaseq-sep-1~+00-01-00,5289.324810261598,60.34201273201991
rnaseq-sep-1~+00-02-00,5516.580529529098,60.34201273201991
rnaseq-sep-1~+00-03-00,5275.387717375107,60.34201273201991
rnaseq-sep-1~+00-04-00,4451.661240043726,60.34201273201991
rnaseq-sep-1~+00-05-00,3634.91813642128,60.34201273201991
rnaseq-sep-1~+00-06-00,3319.2841700010613,60.34201273201991
rnaseq-sep-1~+00-07-00,3300.102230519109,60.34201273201991
rnaseq-sep-1~+00-08-00,3371.042354621719,60.34201273201991
rnaseq-sep-1~+00-09-00,3458.4510520255544,60.34201273201991
rnaseq-sep-1~+00-10-00,3549.0512502537886,60.34201273201991
rnaseq-sep-1~+00-11-00,3693.3704463484214,60.34201273201991
rnaseq-sep-1~+00-12-00,3900.8780943242464,60.34201273201991
rnaseq-sep-1~+00-13-00,4296.067691806304,60.34201273201991
rnaseq-sep-1~+00-14-00,5028.1167133276185,60.34201273201991
rnaseq-sep-1~+00-15-00,5790.718373026685,60.34201273201991
rnaseq-sep-1~+00-16-00,6040.439433388361,60.34201273201991
rnaseq-sep-1~+00-17-00,5770.644315060026,60.34201273201991
rnaseq-sep-1~+00-18-00,5388.884588933127,60.34201273201991
rnaseq-sep-1~+00-19-00,5025.841634819481,60.34201273201991
rnaseq-sep-1~+00-20-00,4716.643226978076,60.34201273201991
rnaseq-sep-1~+00-21-00,4496.253504066198,60.34201273201991
rnaseq-sep-1~+00-22-00,4427.653606173685,60.34201273201991
rnaseq-sep-1~+00-23-00,4465.094463260043,60.34201273201991
rnaseq-sep-1~+01-00-00,4589.486927960437,60.34201273201991
