trace,op_ems,emb_ems
rnaseq-nov-1,6981.072690803646,60.34201273201991
rnaseq-nov-1~+00-01-00,7043.177752327611,60.34201273201991
rnaseq-nov-1~+00-02-00,6965.00120726309,60.34201273201991
rnaseq-nov-1~+00-03-00,6339.9043035162795,60.34201273201991
rnaseq-nov-1~+00-04-00,5267.206156368253,60.34201273201991
rnaseq-nov-1~+00-05-00,4455.868681126784,60.34201273201991
rnaseq-nov-1~+00-06-00,4257.414524058754,60.34201273201991
rnaseq-nov-1~+00-07-00,4224.857986331323,60.34201273201991
rnaseq-nov-1~+00-08-00,4255.835088528867,60.34201273201991
rnaseq-nov-1~+00-09-00,4353.913732010568,60.34201273201991
rnaseq-nov-1~+00-10-00,4420.381479064529,60.34201273201991
rnaseq-nov-1~+00-11-00,4674.271495726185,60.34201273201991
rnaseq-nov-1~+00-12-00,5430.737100524638,60.34201273201991
rnaseq-nov-1~+00-13-00,6264.204579670964,60.34201273201991
rnaseq-nov-1~+00-14-00,6500.852701281861,60.34201273201991
rnaseq-nov-1~+00-15-00,6249.581146463639,60.34201273201991
rnaseq-nov-1~+00-16-00,5871.417818720029,60.34201273201991
rnaseq-nov-1~+00-17-00,5369.566033732226,60.34201273201991
rnaseq-nov-1~+00-18-00,4882.127813112861,60.34201273201991
rnaseq-nov-1~+00-19-00,4561.561920032237,60.34201273201991
rnaseq-nov-1~+00-20-00,4331.655984852993,60.34201273201991
rnaseq-nov-1~+00-21-00,4107.8942410290765,60.34201273201991
rnaseq-nov-1~+00-22-00,3952.054088369455,60.34201273201991
rnaseq-nov-1~+00-23-00,3845.0846131985245,60.34201273201991
rnaseq-nov-1~+01-00-00,3725.9873987880082,60.34201273201991
