trace,op_ems,emb_ems
chipseq-nov-3,11162.007301198091,95.28231502287919
chipseq-nov-3~+00-01-00,11166.762031644877,95.28231502287919
chipseq-nov-3~+00-02-00,10694.292216795668,95.28231502287919
chipseq-nov-3~+00-03-00,9460.607310131298,95.28231502287919
chipseq-nov-3~+00-04-00,7881.408459412091,95.28231502287919
chipseq-nov-3~+00-05-00,6969.893090640551,95.28231502287919
chipseq-nov-3~+00-06-00,6766.197901711866,95.28231502287919
chipseq-nov-3~+00-07-00,6754.104484111504,95.28231502287919
chipseq-nov-3~+00-08-00,6838.069689594704,95.28231502287919
chipseq-nov-3~+00-09-00,6982.42814658642,95.28231502287919
chipseq-nov-3~+00-10-00,7220.350635286077,95.28231502287919
chipseq-nov-3~+00-11-00,7912.222211072403,95.28231502287919
chipseq-nov-3~+00-12-00,9157.20694813742,95.28231502287919
chipseq-nov-3~+00-13-00,10141.198353887858,95.28231502287919
chipseq-nov-3~+00-14-00,10202.705639457947,95.28231502287919
chipseq-nov-3~+00-15-00,9718.197168805615,95.28231502287919
chipseq-nov-3~+00-16-00,9045.284433056931,95.28231502287919
chipseq-nov-3~+00-17-00,8256.063708813643,95.28231502287919
chipseq-nov-3~+00-18-00,7574.926002539944,95.28231502287919
chipseq-nov-3~+00-19-00,7124.690778350741,95.28231502287919
chipseq-nov-3~+00-20-00,6765.342840081957,95.28231502287919
chipseq-nov-3~+00-21-00,6447.600485004066,95.28231502287919
chipseq-nov-3~+00-22-00,6228.729443161461,95.28231502287919
chipseq-nov-3~+00-23-00,6055.055520128764,95.28231502287919
chipseq-nov-3~+01-00-00,5887.811661082284,95.28231502287919
