trace,op_ems,emb_ems
nanoseq-dec-1,175.97793150212885,2.2493885276446886
nanoseq-dec-1~+00-01-00,177.73183577538282,2.2493885276446886
nanoseq-dec-1~+00-02-00,181.53870570999302,2.2493885276446886
nanoseq-dec-1~+00-03-00,185.45245226035698,2.2493885276446886
nanoseq-dec-1~+00-04-00,188.52770332705427,2.2493885276446886
nanoseq-dec-1~+00-05-00,169.89082729447034,2.2493885276446886
nanoseq-dec-1~+00-06-00,135.87163563975489,2.2493885276446886
nanoseq-dec-1~+00-07-00,119.20498831316377,2.2493885276446886
nanoseq-dec-1~+00-08-00,115.26935819438626,2.2493885276446886
nanoseq-dec-1~+00-09-00,119.01579941748759,2.2493885276446886
nanoseq-dec-1~+00-10-00,146.48021076609797,2.2493885276446886
nanoseq-dec-1~+00-11-00,177.33649318004606,2.2493885276446886
nanoseq-dec-1~+00-12-00,182.00441171322993,2.2493885276446886
nanoseq-dec-1~+00-13-00,179.88197865244896,2.2493885276446886
nanoseq-dec-1~+00-14-00,181.0739092053037,2.2493885276446886
nanoseq-dec-1~+00-15-00,182.0550691068161,2.2493885276446886
nanoseq-dec-1~+00-16-00,182.33309871358585,2.2493885276446886
nanoseq-dec-1~+00-17-00,182.64417829502705,2.2493885276446886
nanoseq-dec-1~+00-18-00,183.4246978104225,2.2493885276446886
nanoseq-dec-1~+00-19-00,183.86475989466376,2.2493885276446886
nanoseq-dec-1~+00-20-00,183.98599320482242,2.2493885276446886
nanoseq-dec-1~+00-21-00,183.61960388439826,2.2493885276446886
nanoseq-dec-1~+00-22-00,182.73457584543993,2.2493885276446886
nanoseq-dec-1~+00-23-00,181.0632170397334,2.2493885276446886
nanoseq-dec-1~+01-00-00,180.20393283886315,2.2493885276446886
