trace,op_ems,emb_ems
rangeland-may-3,5772.383704279364,56.305479409080235
rangeland-may-3~+00-01-00,5833.520692278896,56.305479409080235
rangeland-may-3~+00-02-00,4681.8139815121,56.305479409080235
rangeland-may-3~+00-03-00,3911.3532414662113,56.305479409080235
rangeland-may-3~+00-04-00,3142.1139393431376,56.305479409080235
rangeland-may-3~+00-05-00,2829.9478772465955,56.305479409080235
rangeland-may-3~+00-06-00,2842.8916785384863,56.305479409080235
rangeland-may-3~+00-07-00,2058.502105766028,56.305479409080235
rangeland-may-3~+00-08-00,1923.365810047291,56.305479409080235
rangeland-may-3~+00-09-00,2943.8700476273893,56.305479409080235
rangeland-may-3~+00-10-00,3710.5456857229683,56.305479409080235
rangeland-may-3~+00-11-00,4472.178005386883,56.305479409080235
rangeland-may-3~+00-12-00,4712.084834850604,56.305479409080235
rangeland-may-3~+00-13-00,4887.013176482046,56.305479409080235
rangeland-may-3~+00-14-00,5558.146419614137,56.305479409080235
rangeland-may-3~+00-15-00,5730.218842286086,56.305479409080235
rangeland-may-3~+00-16-00,5735.0711368406255,56.305479409080235
rangeland-may-3~+00-17-00,5791.089487501556,56.305479409080235
rangeland-may-3~+00-18-00,5796.748872696418,56.305479409080235
rangeland-may-3~+00-19-00,5833.943303941199,56.305479409080235
rangeland-may-3~+00-20-00,5850.855054582753,56.305479409080235
rangeland-may-3~+00-21-00,5848.983180485486,56.305479409080235
rangeland-may-3~+00-22-00,5928.402562294972,56.305479409080235
rangeland-may-3~+00-23-00,5869.756951713062,56.305479409080235
rangeland-may-3~+01-00-00,5857.934574995062,56.305479409080235
