trace,op_ems,emb_ems
mag-may-1,10996.367082919629,170.94595497756436
mag-may-1~+00-01-00,10641.086898071337,170.94595497756436
mag-may-1~+00-02-00,10166.072279722732,170.94595497756436
mag-may-1~+00-03-00,9691.380448033038,170.94595497756436
mag-may-1~+00-04-00,9481.83098540477,170.94595497756436
mag-may-1~+00-05-00,9678.540130940068,170.94595497756436
mag-may-1~+00-06-00,10101.709814730684,170.94595497756436
mag-may-1~+00-07-00,10614.825390760283,170.94595497756436
mag-may-1~+00-08-00,11108.424983367511,170.94595497756436
mag-may-1~+00-09-00,11428.044187714673,170.94595497756436
mag-may-1~+00-10-00,11634.315507532341,170.94595497756436
mag-may-1~+00-11-00,11900.91572323696,170.94595497756436
mag-may-1~+00-12-00,12310.537147745188,170.94595497756436
mag-may-1~+00-13-00,12757.562962610902,170.94595497756436
mag-may-1~+00-14-00,13154.974537745662,170.94595497756436
mag-may-1~+00-15-00,13603.640764029038,170.94595497756436
mag-may-1~+00-16-00,13857.025599134275,170.94595497756436
mag-may-1~+00-17-00,13614.162483795097,170.94595497756436
mag-may-1~+00-18-00,13054.250264050936,170.94595497756436
mag-may-1~+00-19-00,12397.067462804373,170.94595497756436
mag-may-1~+00-20-00,11776.418075237181,170.94595497756436
mag-may-1~+00-21-00,11343.75580564782,170.94595497756436
mag-may-1~+00-22-00,11086.6672060699,170.94595497756436
mag-may-1~+00-23-00,10837.480320143062,170.94595497756436
mag-may-1~+01-00-00,10494.998984932869,170.94595497756436
