trace,op_ems,emb_ems
rnaseq-sep-3,5118.81837179089,61.95465283773145
rnaseq-sep-3~+00-01-00,5428.683104270774,61.95465283773145
rnaseq-sep-3~+00-02-00,5652.707708785449,61.95465283773145
rnaseq-sep-3~+00-03-00,5380.595375859385,61.95465283773145
rnaseq-sep-3~+00-04-00,4538.751873872825,61.95465283773145
rnaseq-sep-3~+00-05-00,3716.790575864906,61.95465283773145
rnaseq-sep-3~+00-06-00,3400.307206661203,61.95465283773145
rnaseq-sep-3~+00-07-00,3383.8022717790036,61.95465283773145
rnaseq-sep-3~+00-08-00,3456.3007800041432,61.95465283773145
rnaseq-sep-3~+00-09-00,3545.719244980124,61.95465283773145
rnaseq-sep-3~+00-10-00,3639.9181511925176,61.95465283773145
rnaseq-sep-3~+00-11-00,3789.6755788150376,61.95465283773145
rnaseq-sep-3~+00-12-00,4003.369493292112,61.95465283773145
rnaseq-sep-3~+00-13-00,4420.3451955681885,61.95465283773145
rnaseq-sep-3~+00-14-00,5177.260222638123,61.95465283773145
rnaseq-sep-3~+00-15-00,5940.164682782165,61.95465283773145
rnaseq-sep-3~+00-16-00,6183.184413796172,61.95465283773145
rnaseq-sep-3~+00-17-00,5902.610224585904,61.95465283773145
rnaseq-sep-3~+00-18-00,5513.632342354388,61.95465283773145
rnaseq-sep-3~+00-19-00,5141.338353476913,61.95465283773145
rnaseq-sep-3~+00-20-00,4826.723510633208,61.95465283773145
rnaseq-sep-3~+00-21-00,4605.6227660002805,61.95465283773145
rnaseq-sep-3~+00-22-00,4537.443020377035,61.95465283773145
rnaseq-sep-3~+00-23-00,4577.765766306139,61.95465283773145
rnaseq-sep-3~+01-00-00,4708.413211257444,61.95465283773145
