trace,op_ems,emb_ems
mag-jun-3,16789.251712626956,170.67367805536568
mag-jun-3~+00-01-00,16795.84339190026,170.67367805536568
mag-jun-3~+00-02-00,16801.701619376967,170.67367805536568
mag-jun-3~+00-03-00,16749.04100564528,170.67367805536568
mag-jun-3~+00-04-00,16750.166370478186,170.67367805536568
mag-jun-3~+00-05-00,16789.784087444954,170.67367805536568
mag-jun-3~+00-06-00,16739.973006711298,170.67367805536568
mag-jun-3~+00-07-00,16751.711994782054,170.67367805536568
mag-jun-3~+00-08-00,16747.031188873083,170.67367805536568
mag-jun-3~+00-09-00,16691.319993833906,170.67367805536568
mag-jun-3~+00-10-00,16609.40312010429,170.67367805536568
mag-jun-3~+00-11-00,16526.83567062571,170.67367805536568
mag-jun-3~+00-12-00,16480.372174788958,170.67367805536568
mag-jun-3~+00-13-00,16455.17001063274,170.67367805536568
mag-jun-3~+00-14-00,16450.65366480848,170.67367805536568
mag-jun-3~+00-15-00,16431.83727505041,170.67367805536568
mag-jun-3~+00-16-00,16397.80117400822,170.67367805536568
mag-jun-3~+00-17-00,16399.715585452268,170.67367805536568
mag-jun-3~+00-18-00,16418.14677555375,170.67367805536568
mag-jun-3~+00-19-00,16446.486212165713,170.67367805536568
mag-jun-3~+00-20-00,16514.157932411144,170.67367805536568
mag-jun-3~+00-21-00,16538.5440816861,170.67367805536568
mag-jun-3~+00-22-00,16602.54452657895,170.67367805536568
mag-jun-3~+00-23-00,16701.385272116087,170.67367805536568
mag-jun-3~+01-00-00,16736.608158966446,170.67367805536568
