trace,op_ems,emb_ems
mag-sep-3,17675.64317612792,170.67367805536568
mag-sep-3~+00-01-00,17727.954601185455,170.67367805536568
mag-sep-3~+00-02-00,17625.0122668663,170.67367805536568
mag-sep-3~+00-03-00,17481.499246775133,170.67367805536568
mag-sep-3~+00-04-00,17426.395569964272,170.67367805536568
mag-sep-3~+00-05-00,17375.334847890383,170.67367805536568
mag-sep-3~+00-06-00,17327.559112986113,170.67367805536568
mag-sep-3~+00-07-00,17385.3651013722,170.67367805536568
mag-sep-3~+00-08-00,17450.959407055096,170.67367805536568
mag-sep-3~+00-09-00,17499.397713253675,170.67367805536568
mag-sep-3~+00-10-00,17563.16247371249,170.67367805536568
mag-sep-3~+00-11-00,17485.069015436693,170.67367805536568
mag-sep-3~+00-12-00,17437.93931407477,170.67367805536568
mag-sep-3~+00-13-00,17296.442570249612,170.67367805536568
mag-sep-3~+00-14-00,17171.434232937594,170.67367805536568
mag-sep-3~+00-15-00,17347.615334815888,170.67367805536568
mag-sep-3~+00-16-00,17451.953029857814,170.67367805536568
mag-sep-3~+00-17-00,17535.292229634775,170.67367805536568
mag-sep-3~+00-18-00,17540.753265950905,170.67367805536568
mag-sep-3~+00-19-00,17501.382227509635,170.67367805536568
mag-sep-3~+00-20-00,17500.550194807132,170.67367805536568
mag-sep-3~+00-21-00,17492.88903481839,170.67367805536568
mag-sep-3~+00-22-00,17534.61272571967,170.67367805536568
mag-sep-3~+00-23-00,17697.572544199444,170.67367805536568
mag-sep-3~+01-00-00,17708.002068139853,170.67367805536568
