trace,op_ems,emb_ems
sarek-dec-1,21590.95078008159,185.156829608021
sarek-dec-1~+00-01-00,21699.44631593476,185.156829608021
sarek-dec-1~+00-02-00,22388.00387372602,185.156829608021
sarek-dec-1~+00-03-00,22915.596762381017,185.156829608021
sarek-dec-1~+00-04-00,23248.16747761492,185.156829608021
sarek-dec-1~+00-05-00,21241.01209468441,185.156829608021
sarek-dec-1~+00-06-00,15873.509304213261,185.156829608021
sarek-dec-1~+00-07-00,14052.564460832833,185.156829608021
sarek-dec-1~+00-08-00,14993.34976679572,185.156829608021
sarek-dec-1~+00-09-00,16109.619038072857,185.156829608021
sarek-dec-1~+00-10-00,17610.224208178006,185.156829608021
sarek-dec-1~+00-11-00,20636.100384508256,185.156829608021
sarek-dec-1~+00-12-00,22062.203265109285,185.156829608021
sarek-dec-1~+00-13-00,22251.07865491105,185.156829608021
sarek-dec-1~+00-14-00,22232.6630377858,185.156829608021
sarek-dec-1~+00-15-00,22351.533020308332,185.156829608021
sarek-dec-1~+00-16-00,22390.538986047806,185.156829608021
sarek-dec-1~+00-17-00,22413.703467951425,185.156829608021
sarek-dec-1~+00-18-00,22549.270211422383,185.156829608021
sarek-dec-1~+00-19-00,22628.04787739854,185.156829608021
sarek-dec-1~+00-20-00,22619.52872088631,185.156829608021
sarek-dec-1~+00-21-00,22565.57385866207,185.156829608021
sarek-dec-1~+00-22-00,22423.151242247357,185.156829608021
sarek-dec-1~+00-23-00,22298.917658775015,185.156829608021
sarek-dec-1~+01-00-00,22107.741679939292,185.156829608021
