trace,op_ems,emb_ems
rangeland-sep-3,5891.094739892768,56.305479409080235
rangeland-sep-3~+00-01-00,5853.289292757927,56.305479409080235
rangeland-sep-3~+00-02-00,5823.0887644761,56.305479409080235
rangeland-sep-3~+00-03-00,5857.981681811116,56.305479409080235
rangeland-sep-3~+00-04-00,5947.564018309128,56.305479409080235
rangeland-sep-3~+00-05-00,6017.1611550569705,56.305479409080235
rangeland-sep-3~+00-06-00,6064.531150198119,56.305479409080235
rangeland-sep-3~+00-07-00,6076.764494433157,56.305479409080235
rangeland-sep-3~+00-08-00,6087.398174860085,56.305479409080235
rangeland-sep-3~+00-09-00,5980.281595355449,56.305479409080235
rangeland-sep-3~+00-10-00,5989.398676731687,56.305479409080235
rangeland-sep-3~+00-11-00,5921.131461543017,56.305479409080235
rangeland-sep-3~+00-12-00,5843.604070204345,56.305479409080235
rangeland-sep-3~+00-13-00,5786.345049520022,56.305479409080235
rangeland-sep-3~+00-14-00,5778.007084620387,56.305479409080235
rangeland-sep-3~+00-15-00,5836.468412286029,56.305479409080235
rangeland-sep-3~+00-16-00,5878.981948457077,56.305479409080235
rangeland-sep-3~+00-17-00,5891.466235355285,56.305479409080235
rangeland-sep-3~+00-18-00,5920.297233253257,56.305479409080235
rangeland-sep-3~+00-19-00,5941.976986888753,56.305479409080235
rangeland-sep-3~+00-20-00,5968.597977169129,56.305479409080235
rangeland-sep-3~+00-21-00,5977.53676275859,56.305479409080235
rangeland-sep-3~+00-22-00,5957.700201681511,56.305479409080235
rangeland-sep-3~+00-23-00,5960.55546495611,56.305479409080235
rangeland-sep-3~+01-00-00,5955.399430693824,56.305479409080235
