trace,op_ems,emb_ems
montage-may-3,363.5376806474157,3.9090470464800857
montage-may-3~+00-01-00,363.49529448000544,3.9090470464800857
montage-may-3~+00-02-00,367.7932518554426,3.9090470464800857
montage-may-3~+00-03-00,372.26075390052193,3.9090470464800857
montage-may-3~+00-04-00,327.8315732207086,3.9090470464800857
montage-may-3~+00-05-00,252.0620603574822,3.9090470464800857
montage-may-3~+00-06-00,227.9528083343209,3.9090470464800857
montage-may-3~+00-07-00,217.33083478121927,3.9090470464800857
montage-may-3~+00-08-00,210.1845269557887,3.9090470464800857
montage-may-3~+00-09-00,207.87871944865077,3.9090470464800857
montage-may-3~+00-10-00,210.2692992906098,3.9090470464800857
montage-may-3~+00-11-00,221.95092702897702,3.9090470464800857
montage-may-3~+00-12-00,235.80272653876796,3.9090470464800857
montage-may-3~+00-13-00,245.6193629110678,3.9090470464800857
montage-may-3~+00-14-00,247.48435427713514,3.9090470464800857
montage-may-3~+00-15-00,262.20083160210277,3.9090470464800857
montage-may-3~+00-16-00,300.1534059015731,3.9090470464800857
montage-may-3~+00-17-00,305.29908662522257,3.9090470464800857
montage-may-3~+00-18-00,270.10161320744265,3.9090470464800857
montage-may-3~+00-19-00,241.65201764143373,3.9090470464800857
montage-may-3~+00-20-00,224.1465305008471,3.9090470464800857
montage-may-3~+00-21-00,207.72612924597234,3.9090470464800857
montage-may-3~+00-22-00,195.32393666162466,3.9090470464800857
montage-may-3~+00-23-00,188.7456034794964,3.9090470464800857
montage-may-3~+01-00-00,185.34623285316437,3.9090470464800857
