trace,op_ems,emb_ems
montage-jan-1,537.7552593484936,4.646438596027582
montage-jan-1~+00-01-00,0.9043433775730572,4.646438596027582
montage-jan-1~+00-02-00,408.1099698502409,4.646438596027582
montage-jan-1~+00-03-00,184.66049363339062,4.646438596027582
montage-jan-1~+00-04-00,547.7036505700124,4.646438596027582
montage-jan-1~+00-05-00,547.6792615322997,4.646438596027582
montage-jan-1~+00-06-00,476.31794068341156,4.646438596027582
montage-jan-1~+00-07-00,0.4614103909089214,4.646438596027582
montage-jan-1~+00-08-00,0.8580754370874977,4.646438596027582
montage-jan-1~+00-09-00,0.5633654139587821,4.646438596027582
montage-jan-1~+00-10-00,0.45844699032420366,4.646438596027582
montage-jan-1~+00-11-00,0.6855467494435233,4.646438596027582
montage-jan-1~+00-12-00,0.9589417656195335,4.646438596027582
montage-jan-1~+00-13-00,0.9168939806484073,4.646438596027582
montage-jan-1~+00-14-00,4.532588899462894,4.646438596027582
montage-jan-1~+00-15-00,516.1424500844458,4.646438596027582
montage-jan-1~+00-16-00,532.3329040870669,4.646438596027582
montage-jan-1~+00-17-00,509.9514177299657,4.646438596027582
montage-jan-1~+00-18-00,513.090805181538,4.646438596027582
montage-jan-1~+00-19-00,544.8176823183422,4.646438596027582
montage-jan-1~+00-20-00,532.178662372158,4.646438596027582
montage-jan-1~+00-21-00,526.8801135573805,4.646438596027582
montage-jan-1~+00-22-00,515.1298765548431,4.646438596027582
montage-jan-1~+00-23-00,518.7310211030294,4.646438596027582
montage-jan-1~+01-00-00,425.83999471069814,4.646438596027582
