trace,op_ems,emb_ems
montage-dec-1,241.05602915693592,4.6572801319491965
montage-dec-1~+00-01-00,225.3299771266794,4.6572801319491965
montage-dec-1~+00-02-00,235.85825577662976,4.6572801319491965
montage-dec-1~+00-03-00,261.6470578406229,4.6572801319491965
montage-dec-1~+00-04-00,278.70612293043155,4.6572801319491965
montage-dec-1~+00-05-00,254.75902299604448,4.6572801319491965
montage-dec-1~+00-06-00,222.74730284671608,4.6572801319491965
montage-dec-1~+00-07-00,190.14313434071994,4.6572801319491965
montage-dec-1~+00-08-00,165.70632989304553,4.6572801319491965
montage-dec-1~+00-09-00,166.6575951808356,4.6572801319491965
montage-dec-1~+00-10-00,177.2099543860329,4.6572801319491965
montage-dec-1~+00-11-00,187.98137773794477,4.6572801319491965
montage-dec-1~+00-12-00,199.63018128921684,4.6572801319491965
montage-dec-1~+00-13-00,238.52457698049315,4.6572801319491965
montage-dec-1~+00-14-00,325.84379027535203,4.6572801319491965
montage-dec-1~+00-15-00,362.2933895175294,4.6572801319491965
montage-dec-1~+00-16-00,370.1340811254445,4.6572801319491965
montage-dec-1~+00-17-00,381.72760506816263,4.6572801319491965
montage-dec-1~+00-18-00,392.0133711963639,4.6572801319491965
montage-dec-1~+00-19-00,401.2658515146771,4.6572801319491965
montage-dec-1~+00-20-00,398.1612646868048,4.6572801319491965
montage-dec-1~+00-21-00,389.4894937815756,4.6572801319491965
montage-dec-1~+00-22-00,377.1054099264499,4.6572801319491965
montage-dec-1~+00-23-00,374.68347507095496,4.6572801319491965
montage-dec-1~+01-00-00,378.34492796602245,4.6572801319491965
