trace,op_ems,emb_ems
chipseq-mar-2,11817.108023994942,98.55920482780722
chipseq-mar-2~+00-01-00,12906.541786024442,98.55920482780722
chipseq-mar-2~+00-02-00,13029.566766078955,98.55920482780722
chipseq-mar-2~+00-03-00,12861.104356443639,98.55920482780722
chipseq-mar-2~+00-04-00,12896.423453105112,98.55920482780722
chipseq-mar-2~+00-05-00,12903.079257771446,98.55920482780722
chipseq-mar-2~+00-06-00,12934.349533113347,98.55920482780722
chipseq-mar-2~+00-07-00,12993.321960438681,98.55920482780722
chipseq-mar-2~+00-08-00,13051.00651523756,98.55920482780722
chipseq-mar-2~+00-09-00,13024.460438199403,98.55920482780722
chipseq-mar-2~+00-10-00,12931.862652079886,98.55920482780722
chipseq-mar-2~+00-11-00,12828.123099594006,98.55920482780722
chipseq-mar-2~+00-12-00,12723.378341851698,98.55920482780722
chipseq-mar-2~+00-13-00,12616.284113754356,98.55920482780722
chipseq-mar-2~+00-14-00,12513.219744010967,98.55920482780722
chipseq-mar-2~+00-15-00,10769.331829798615,98.55920482780722
chipseq-mar-2~+00-16-00,5366.231325128241,98.55920482780722
chipseq-mar-2~+00-17-00,1717.175715115229,98.55920482780722
chipseq-mar-2~+00-18-00,25.833898213087892,98.55920482780722
chipseq-mar-2~+00-19-00,20.68415592817135,98.55920482780722
chipseq-mar-2~+00-20-00,14.260710901448498,98.55920482780722
chipseq-mar-2~+00-21-00,11.747883462256794,98.55920482780722
chipseq-mar-2~+00-22-00,14.768891083442957,98.55920482780722
chipseq-mar-2~+00-23-00,26.69301278280399,98.55920482780722
chipseq-mar-2~+01-00-00,43.79448197928879,98.55920482780722
