trace,op_ems,emb_ems
rangeland-feb-1,5995.080826750238,56.33951064719725
rangeland-feb-1~+00-01-00,6006.4349797452605,56.33951064719725
rangeland-feb-1~+00-02-00,6035.772608516491,56.33951064719725
rangeland-feb-1~+00-03-00,6065.209653435363,56.33951064719725
rangeland-feb-1~+00-04-00,5984.990221303414,56.33951064719725
rangeland-feb-1~+00-05-00,4649.912139878192,56.33951064719725
rangeland-feb-1~+00-06-00,3846.4746929126873,56.33951064719725
rangeland-feb-1~+00-07-00,4289.395540831439,56.33951064719725
rangeland-feb-1~+00-08-00,4271.358037962934,56.33951064719725
rangeland-feb-1~+00-09-00,4069.7644646769463,56.33951064719725
rangeland-feb-1~+00-10-00,3737.6800969918318,56.33951064719725
rangeland-feb-1~+00-11-00,4091.7732160344376,56.33951064719725
rangeland-feb-1~+00-12-00,4560.335956560263,56.33951064719725
rangeland-feb-1~+00-13-00,4849.768078917796,56.33951064719725
rangeland-feb-1~+00-14-00,4681.099421499891,56.33951064719725
rangeland-feb-1~+00-15-00,4799.924014298631,56.33951064719725
rangeland-feb-1~+00-16-00,5007.498892328549,56.33951064719725
rangeland-feb-1~+00-17-00,5275.8125511290855,56.33951064719725
rangeland-feb-1~+00-18-00,5359.614885951938,56.33951064719725
rangeland-feb-1~+00-19-00,5620.677385605112,56.33951064719725
rangeland-feb-1~+00-20-00,5839.385589757681,56.33951064719725
rangeland-feb-1~+00-21-00,5981.0460534921185,56.33951064719725
rangeland-feb-1~+00-22-00,5994.101391166506,56.33951064719725
rangeland-feb-1~+00-23-00,6006.573063810793,56.33951064719725
rangeland-feb-1~+01-00-00,5975.676630271158,56.33951064719725
