trace,op_ems,emb_ems
rangeland-jul-3,5804.5240459454335,56.305479409080235
rangeland-jul-3~+00-01-00,5835.376217499354,56.305479409080235
rangeland-jul-3~+00-02-00,5858.50823458381,56.305479409080235
rangeland-jul-3~+00-03-00,5785.585066882204,56.305479409080235
rangeland-jul-3~+00-04-00,5796.264779483062,56.305479409080235
rangeland-jul-3~+00-05-00,5907.113784607996,56.305479409080235
rangeland-jul-3~+00-06-00,5978.157111371081,56.305479409080235
rangeland-jul-3~+00-07-00,6028.4532205775095,56.305479409080235
rangeland-jul-3~+00-08-00,6036.646576238049,56.305479409080235
rangeland-jul-3~+00-09-00,6012.5327137004,56.305479409080235
rangeland-jul-3~+00-10-00,6084.6504807876045,56.305479409080235
rangeland-jul-3~+00-11-00,5978.051067122041,56.305479409080235
rangeland-jul-3~+00-12-00,5874.688900513087,56.305479409080235
rangeland-jul-3~+00-13-00,5806.887252866162,56.305479409080235
rangeland-jul-3~+00-14-00,5786.035236409169,56.305479409080235
rangeland-jul-3~+00-15-00,5794.139947866228,56.305479409080235
rangeland-jul-3~+00-16-00,5755.6200410883075,56.305479409080235
rangeland-jul-3~+00-17-00,5760.116121894546,56.305479409080235
rangeland-jul-3~+00-18-00,5815.635447880857,56.305479409080235
rangeland-jul-3~+00-19-00,5813.313462107064,56.305479409080235
rangeland-jul-3~+00-20-00,5856.045473791293,56.305479409080235
rangeland-jul-3~+00-21-00,5828.040228908698,56.305479409080235
rangeland-jul-3~+00-22-00,5830.691213624842,56.305479409080235
rangeland-jul-3~+00-23-00,5821.228713647035,56.305479409080235
rangeland-jul-3~+01-00-00,5824.6231664739635,56.305479409080235
