trace,op_ems,emb_ems
rangeland-jun-2,5638.476931241884,56.19540575328906
rangeland-jun-2~+00-01-00,5631.273229438029,56.19540575328906
rangeland-jun-2~+00-02-00,5633.853788193265,56.19540575328906
rangeland-jun-2~+00-03-00,5655.762760221866,56.19540575328906
rangeland-jun-2~+00-04-00,5690.576775796099,56.19540575328906
rangeland-jun-2~+00-05-00,5728.468818645062,56.19540575328906
rangeland-jun-2~+00-06-00,5725.522993430284,56.19540575328906
rangeland-jun-2~+00-07-00,5723.104957448103,56.19540575328906
rangeland-jun-2~+00-08-00,5729.299174542658,56.19540575328906
rangeland-jun-2~+00-09-00,5710.69047320212,56.19540575328906
rangeland-jun-2~+00-10-00,5698.768197368084,56.19540575328906
rangeland-jun-2~+00-11-00,5681.39826881925,56.19540575328906
rangeland-jun-2~+00-12-00,5659.857953598336,56.19540575328906
rangeland-jun-2~+00-13-00,5641.465983754883,56.19540575328906
rangeland-jun-2~+00-14-00,5627.708145601565,56.19540575328906
rangeland-jun-2~+00-15-00,5591.873954778215,56.19540575328906
rangeland-jun-2~+00-16-00,5579.627505656414,56.19540575328906
rangeland-jun-2~+00-17-00,5560.476975411748,56.19540575328906
rangeland-jun-2~+00-18-00,5554.543183434435,56.19540575328906
rangeland-jun-2~+00-19-00,5537.956577853512,56.19540575328906
rangeland-jun-2~+00-20-00,5531.649362105962,56.19540575328906
rangeland-jun-2~+00-21-00,5518.555266441999,56.19540575328906
rangeland-jun-2~+00-22-00,5521.9216358421145,56.19540575328906
rangeland-jun-2~+00-23-00,5559.161622060757,56.19540575328906
rangeland-jun-2~+01-00-00,5575.936824941887,56.19540575328906
