trace,op_ems,emb_ems
nanoseq-dec-3,176.16821806278423,2.2520341597586646
nanoseq-dec-3~+00-01-00,178.02577049035673,2.2520341597586646
nanoseq-dec-3~+00-02-00,181.87994737338576,2.2520341597586646
nanoseq-dec-3~+00-03-00,185.74208464332304,2.2520341597586646
nanoseq-dec-3~+00-04-00,187.6348286208965,2.2520341597586646
nanoseq-dec-3~+00-05-00,168.49136460738694,2.2520341597586646
nanoseq-dec-3~+00-06-00,135.04386406907764,2.2520341597586646
nanoseq-dec-3~+00-07-00,119.79666460082626,2.2520341597586646
nanoseq-dec-3~+00-08-00,117.02678826068524,2.2520341597586646
nanoseq-dec-3~+00-09-00,119.17978408249249,2.2520341597586646
nanoseq-dec-3~+00-10-00,147.1958871559339,2.2520341597586646
nanoseq-dec-3~+00-11-00,177.41178355301366,2.2520341597586646
nanoseq-dec-3~+00-12-00,182.17406735103478,2.2520341597586646
nanoseq-dec-3~+00-13-00,179.95357340529208,2.2520341597586646
nanoseq-dec-3~+00-14-00,181.27185423772235,2.2520341597586646
nanoseq-dec-3~+00-15-00,182.2291308666163,2.2520341597586646
nanoseq-dec-3~+00-16-00,182.48550837010185,2.2520341597586646
nanoseq-dec-3~+00-17-00,182.84006972778582,2.2520341597586646
nanoseq-dec-3~+00-18-00,183.59867287044437,2.2520341597586646
nanoseq-dec-3~+00-19-00,184.0452802382123,2.2520341597586646
nanoseq-dec-3~+00-20-00,184.08852601571022,2.2520341597586646
nanoseq-dec-3~+00-21-00,183.80183794452327,2.2520341597586646
nanoseq-dec-3~+00-22-00,182.8002145196856,2.2520341597586646
nanoseq-dec-3~+00-23-00,181.21791637920154,2.2520341597586646
nanoseq-dec-3~+01-00-00,180.39924215568527,2.2520341597586646
