trace,op_ems,emb_ems
rnaseq-aug-3,4191.8895325502635,61.95465283773145
rnaseq-aug-3~+00-01-00,4497.652563305125,61.95465283773145
rnaseq-aug-3~+00-02-00,4818.008766496527,61.95465283773145
rnaseq-aug-3~+00-03-00,4818.9113722848,61.95465283773145
rnaseq-aug-3~+00-04-00,4368.44087977875,61.95465283773145
rnaseq-aug-3~+00-05-00,3903.3840729768767,61.95465283773145
rnaseq-aug-3~+00-06-00,3936.951447152135,61.95465283773145
rnaseq-aug-3~+00-07-00,4309.5811010122925,61.95465283773145
rnaseq-aug-3~+00-08-00,4596.167623343408,61.95465283773145
rnaseq-aug-3~+00-09-00,4667.819451742791,61.95465283773145
rnaseq-aug-3~+00-10-00,4642.741641805138,61.95465283773145
rnaseq-aug-3~+00-11-00,4606.697421004816,61.95465283773145
rnaseq-aug-3~+00-12-00,4564.702606658746,61.95465283773145
rnaseq-aug-3~+00-13-00,4495.655662710171,61.95465283773145
rnaseq-aug-3~+00-14-00,4567.458464224545,61.95465283773145
rnaseq-aug-3~+00-15-00,4881.699608279165,61.95465283773145
rnaseq-aug-3~+00-16-00,5188.343038087145,61.95465283773145
rnaseq-aug-3~+00-17-00,5170.077482389873,61.95465283773145
rnaseq-aug-3~+00-18-00,4968.142982471521,61.95465283773145
rnaseq-aug-3~+00-19-00,4797.460216331338,61.95465283773145
rnaseq-aug-3~+00-20-00,4708.711293670486,61.95465283773145
rnaseq-aug-3~+00-21-00,4677.450243077886,61.95465283773145
rnaseq-aug-3~+00-22-00,4683.711093084532,61.95465283773145
rnaseq-aug-3~+00-23-00,4705.746436719284,61.95465283773145
rnaseq-aug-3~+01-00-00,4781.601873308623,61.95465283773145
