trace,op_ems,emb_ems
montage-oct-2,618.8704476275092,5.194323604266486
montage-oct-2~+00-01-00,628.4572331837558,5.194323604266486
montage-oct-2~+00-02-00,626.6960035086847,5.194323604266486
montage-oct-2~+00-03-00,587.5882378282671,5.194323604266486
montage-oct-2~+00-04-00,578.4028238336244,5.194323604266486
montage-oct-2~+00-05-00,578.2471156352012,5.194323604266486
montage-oct-2~+00-06-00,591.5045024953769,5.194323604266486
montage-oct-2~+00-07-00,610.6416204630228,5.194323604266486
montage-oct-2~+00-08-00,609.0934095402633,5.194323604266486
montage-oct-2~+00-09-00,616.7988307325669,5.194323604266486
montage-oct-2~+00-10-00,589.3387902751483,5.194323604266486
montage-oct-2~+00-11-00,559.5429261016077,5.194323604266486
montage-oct-2~+00-12-00,554.8267858198495,5.194323604266486
montage-oct-2~+00-13-00,567.9905906836719,5.194323604266486
montage-oct-2~+00-14-00,564.7721855784401,5.194323604266486
montage-oct-2~+00-15-00,559.6882995850106,5.194323604266486
montage-oct-2~+00-16-00,581.6989970595914,5.194323604266486
montage-oct-2~+00-17-00,581.5755474409781,5.194323604266486
montage-oct-2~+00-18-00,570.8081709665835,5.194323604266486
montage-oct-2~+00-19-00,568.222830158288,5.194323604266486
montage-oct-2~+00-20-00,576.3849227083717,5.194323604266486
montage-oct-2~+00-21-00,613.1481567277855,5.194323604266486
montage-oct-2~+00-22-00,630.7401319958116,5.194323604266486
montage-oct-2~+00-23-00,624.2247740526991,5.194323604266486
montage-oct-2~+01-00-00,607.306150498579,5.194323604266486
