trace,op_ems,emb_ems
mag-dec-2,7748.729276170659,170.41523942885257
mag-dec-2~+00-01-00,7576.845020612588,170.41523942885257
mag-dec-2~+00-02-00,7621.865602017427,170.41523942885257
mag-dec-2~+00-03-00,7968.3370909689675,170.41523942885257
mag-dec-2~+00-04-00,8272.623968558626,170.41523942885257
mag-dec-2~+00-05-00,8498.152124575516,170.41523942885257
mag-dec-2~+00-06-00,8593.694872695974,170.41523942885257
mag-dec-2~+00-07-00,8488.397173603029,170.41523942885257
mag-dec-2~+00-08-00,8552.293591844458,170.41523942885257
mag-dec-2~+00-09-00,8748.124109426906,170.41523942885257
mag-dec-2~+00-10-00,8940.856207404684,170.41523942885257
mag-dec-2~+00-11-00,8988.497242368949,170.41523942885257
mag-dec-2~+00-12-00,8988.601307683704,170.41523942885257
mag-dec-2~+00-13-00,9006.349902902506,170.41523942885257
mag-dec-2~+00-14-00,8798.203147566352,170.41523942885257
mag-dec-2~+00-15-00,8532.372402609892,170.41523942885257
mag-dec-2~+00-16-00,8381.895176965612,170.41523942885257
mag-dec-2~+00-17-00,8332.82119848352,170.41523942885257
mag-dec-2~+00-18-00,8278.509341510124,170.41523942885257
mag-dec-2~+00-19-00,8071.541805215703,170.41523942885257
mag-dec-2~+00-20-00,7698.2234931980665,170.41523942885257
mag-dec-2~+00-21-00,7255.968966238389,170.41523942885257
mag-dec-2~+00-22-00,6976.270184824078,170.41523942885257
mag-dec-2~+00-23-00,6846.363948848728,170.41523942885257
mag-dec-2~+01-00-00,6772.862928223775,170.41523942885257
