trace,op_ems,emb_ems
montage-feb-3,513.1097400129544,4.459453342142623
montage-feb-3~+00-01-00,509.7981842058287,4.459453342142623
montage-feb-3~+00-02-00,511.7008650040214,4.459453342142623
montage-feb-3~+00-03-00,515.3309339060758,4.459453342142623
montage-feb-3~+00-04-00,507.06194493954104,4.459453342142623
montage-feb-3~+00-05-00,523.1119981100151,4.459453342142623
montage-feb-3~+00-06-00,523.4647845124778,4.459453342142623
montage-feb-3~+00-07-00,520.992367564094,4.459453342142623
montage-feb-3~+00-08-00,523.8759175286243,4.459453342142623
montage-feb-3~+00-09-00,527.6550182714656,4.459453342142623
montage-feb-3~+00-10-00,527.5366270127131,4.459453342142623
montage-feb-3~+00-11-00,2.366584771209483,4.459453342142623
montage-feb-3~+00-12-00,2.195539292085881,4.459453342142623
montage-feb-3~+00-13-00,518.468279728173,4.459453342142623
montage-feb-3~+00-14-00,516.0911944860454,4.459453342142623
montage-feb-3~+00-15-00,493.05307358993633,4.459453342142623
montage-feb-3~+00-16-00,363.684694795458,4.459453342142623
montage-feb-3~+00-17-00,492.32734300294857,4.459453342142623
montage-feb-3~+00-18-00,378.7612659161171,4.459453342142623
montage-feb-3~+00-19-00,379.58146347885736,4.459453342142623
montage-feb-3~+00-20-00,413.71519780838213,4.459453342142623
montage-feb-3~+00-21-00,500.06801644773486,4.459453342142623
montage-feb-3~+00-22-00,533.5872531796387,4.459453342142623
montage-feb-3~+00-23-00,541.6007609118068,4.459453342142623
montage-feb-3~+01-00-00,531.4758498456147,4.459453342142623
