trace,op_ems,emb_ems
mag-may-2,10890.923860006273,170.41523942885257
mag-may-2~+00-01-00,10534.75906919425,170.41523942885257
mag-may-2~+00-02-00,10085.928162314232,170.41523942885257
mag-may-2~+00-03-00,9629.878289008986,170.41523942885257
mag-may-2~+00-04-00,9337.846817995072,170.41523942885257
mag-may-2~+00-05-00,9420.1393813763,170.41523942885257
mag-may-2~+00-06-00,9796.771142375945,170.41523942885257
mag-may-2~+00-07-00,10315.719947429217,170.41523942885257
mag-may-2~+00-08-00,10892.00463561349,170.41523942885257
mag-may-2~+00-09-00,11309.133627292638,170.41523942885257
mag-may-2~+00-10-00,11596.917000526453,170.41523942885257
mag-may-2~+00-11-00,11935.356981122237,170.41523942885257
mag-may-2~+00-12-00,12326.476646281288,170.41523942885257
mag-may-2~+00-13-00,12748.83601072938,170.41523942885257
mag-may-2~+00-14-00,13125.980041208584,170.41523942885257
mag-may-2~+00-15-00,13542.495016909093,170.41523942885257
mag-may-2~+00-16-00,13871.37983445941,170.41523942885257
mag-may-2~+00-17-00,13785.706206095067,170.41523942885257
mag-may-2~+00-18-00,13325.603363406975,170.41523942885257
mag-may-2~+00-19-00,12705.200572534684,170.41523942885257
mag-may-2~+00-20-00,12026.826424792855,170.41523942885257
mag-may-2~+00-21-00,11480.904532950992,170.41523942885257
mag-may-2~+00-22-00,11126.86307267313,170.41523942885257
mag-may-2~+00-23-00,10752.761005547096,170.41523942885257
mag-may-2~+01-00-00,10340.505496051885,170.41523942885257
