trace,op_ems,emb_ems
chipseq-jul-3,12732.857474241902,100.15869459141447
chipseq-jul-3~+00-01-00,12906.135160997628,100.15869459141447
chipseq-jul-3~+00-02-00,12799.309037240457,100.15869459141447
chipseq-jul-3~+00-03-00,12501.685059854784,100.15869459141447
chipseq-jul-3~+00-04-00,12508.724358516707,100.15869459141447
chipseq-jul-3~+00-05-00,12600.294748962318,100.15869459141447
chipseq-jul-3~+00-06-00,12729.32266366877,100.15869459141447
chipseq-jul-3~+00-07-00,12726.502875731205,100.15869459141447
chipseq-jul-3~+00-08-00,12719.224837020922,100.15869459141447
chipseq-jul-3~+00-09-00,13185.05667427327,100.15869459141447
chipseq-jul-3~+00-10-00,13467.30063387704,100.15869459141447
chipseq-jul-3~+00-11-00,13487.521240137385,100.15869459141447
chipseq-jul-3~+00-12-00,13298.17061080243,100.15869459141447
chipseq-jul-3~+00-13-00,13059.77926323784,100.15869459141447
chipseq-jul-3~+00-14-00,12823.03433356505,100.15869459141447
chipseq-jul-3~+00-15-00,12517.20015970518,100.15869459141447
chipseq-jul-3~+00-16-00,12219.791633229177,100.15869459141447
chipseq-jul-3~+00-17-00,12213.73716462791,100.15869459141447
chipseq-jul-3~+00-18-00,12585.14388699789,100.15869459141447
chipseq-jul-3~+00-19-00,12692.534351578628,100.15869459141447
chipseq-jul-3~+00-20-00,12889.689749032159,100.15869459141447
chipseq-jul-3~+00-21-00,12649.433370877508,100.15869459141447
chipseq-jul-3~+00-22-00,12729.945574176052,100.15869459141447
chipseq-jul-3~+00-23-00,12710.242287385383,100.15869459141447
chipseq-jul-3~+01-00-00,12658.908027076719,100.15869459141447
