trace,op_ems,emb_ems
mag-mar-3,6051.749796247826,170.30505238040828
mag-mar-3~+00-01-00,5937.476170504158,170.30505238040828
mag-mar-3~+00-02-00,5854.404737065931,170.30505238040828
mag-mar-3~+00-03-00,5986.382294449221,170.30505238040828
mag-mar-3~+00-04-00,6197.712111875812,170.30505238040828
mag-mar-3~+00-05-00,6244.945731899905,170.30505238040828
mag-mar-3~+00-06-00,6177.90140339486,170.30505238040828
mag-mar-3~+00-07-00,5931.923708329758,170.30505238040828
mag-mar-3~+00-08-00,5588.054482699694,170.30505238040828
mag-mar-3~+00-09-00,5491.442628963201,170.30505238040828
mag-mar-3~+00-10-00,5594.707474314341,170.30505238040828
mag-mar-3~+00-11-00,5735.824943486056,170.30505238040828
mag-mar-3~+00-12-00,5743.254870550288,170.30505238040828
mag-mar-3~+00-13-00,5672.141638511573,170.30505238040828
mag-mar-3~+00-14-00,5722.331405640597,170.30505238040828
mag-mar-3~+00-15-00,5690.290050414318,170.30505238040828
mag-mar-3~+00-16-00,5521.231410524364,170.30505238040828
mag-mar-3~+00-17-00,5406.1583140265,170.30505238040828
mag-mar-3~+00-18-00,5296.897449130784,170.30505238040828
mag-mar-3~+00-19-00,5149.215129927339,170.30505238040828
mag-mar-3~+00-20-00,5038.056595992668,170.30505238040828
mag-mar-3~+00-21-00,5045.213257605663,170.30505238040828
mag-mar-3~+00-22-00,5194.261157014546,170.30505238040828
mag-mar-3~+00-23-00,5372.108159351064,170.30505238040828
mag-mar-3~+01-00-00,5494.771568923039,170.30505238040828
