trace,op_ems,emb_ems
montage-jul-3,505.9278776049212,4.459453342142623
montage-jul-3~+00-01-00,488.0581008332838,4.459453342142623
montage-jul-3~+00-02-00,496.8964358208903,4.459453342142623
montage-jul-3~+00-03-00,487.9922891855414,4.459453342142623
montage-jul-3~+00-04-00,530.0244851533101,4.459453342142623
montage-jul-3~+00-05-00,492.33856076532913,4.459453342142623
montage-jul-3~+00-06-00,503.3750863659985,4.459453342142623
montage-jul-3~+00-07-00,508.2965142624078,4.459453342142623
montage-jul-3~+00-08-00,536.0331883426506,4.459453342142623
montage-jul-3~+00-09-00,518.5216585824602,4.459453342142623
montage-jul-3~+00-10-00,509.76213473935206,4.459453342142623
montage-jul-3~+00-11-00,505.6581885097901,4.459453342142623
montage-jul-3~+00-12-00,512.4772075878146,4.459453342142623
montage-jul-3~+00-13-00,510.8285520485298,4.459453342142623
montage-jul-3~+00-14-00,484.2368899985914,4.459453342142623
montage-jul-3~+00-15-00,493.5172203650631,4.459453342142623
montage-jul-3~+00-16-00,485.32532601937527,4.459453342142623
montage-jul-3~+00-17-00,490.10328713365294,4.459453342142623
montage-jul-3~+00-18-00,491.8188010060172,4.459453342142623
montage-jul-3~+00-19-00,482.4647998525781,4.459453342142623
montage-jul-3~+00-20-00,526.5444122869185,4.459453342142623
montage-jul-3~+00-21-00,537.4211536927538,4.459453342142623
montage-jul-3~+00-22-00,535.359656335648,4.459453342142623
montage-jul-3~+00-23-00,500.63618805183665,4.459453342142623
montage-jul-3~+01-00-00,496.8105082698039,4.459453342142623
