trace,op_ems,emb_ems
chipseq-mar-3,5094.581214897655,95.28231502287919
chipseq-mar-3~+00-01-00,5502.960656541199,95.28231502287919
chipseq-mar-3~+00-02-00,5571.234892094341,95.28231502287919
chipseq-mar-3~+00-03-00,5165.078412551384,95.28231502287919
chipseq-mar-3~+00-04-00,4507.561072051019,95.28231502287919
chipseq-mar-3~+00-05-00,3967.3000418314955,95.28231502287919
chipseq-mar-3~+00-06-00,3710.9834534068627,95.28231502287919
chipseq-mar-3~+00-07-00,3625.338907381641,95.28231502287919
chipseq-mar-3~+00-08-00,3565.052330466556,95.28231502287919
chipseq-mar-3~+00-09-00,3531.9056489973814,95.28231502287919
chipseq-mar-3~+00-10-00,3557.242785669017,95.28231502287919
chipseq-mar-3~+00-11-00,3668.8206292917985,95.28231502287919
chipseq-mar-3~+00-12-00,4080.0137929964485,95.28231502287919
chipseq-mar-3~+00-13-00,4882.184912629662,95.28231502287919
chipseq-mar-3~+00-14-00,5581.24042614517,95.28231502287919
chipseq-mar-3~+00-15-00,5303.490637647955,95.28231502287919
chipseq-mar-3~+00-16-00,4431.36882263875,95.28231502287919
chipseq-mar-3~+00-17-00,3858.158875605382,95.28231502287919
chipseq-mar-3~+00-18-00,3592.5308020967013,95.28231502287919
chipseq-mar-3~+00-19-00,3455.4432242572834,95.28231502287919
chipseq-mar-3~+00-20-00,3440.8070570349046,95.28231502287919
chipseq-mar-3~+00-21-00,3483.5831103773726,95.28231502287919
chipseq-mar-3~+00-22-00,3519.397710883465,95.28231502287919
chipseq-mar-3~+00-23-00,3575.4889889824094,95.28231502287919
chipseq-mar-3~+01-00-00,3730.49561166663,95.28231502287919
