trace,op_ems,emb_ems
mag-oct-2,17319.619091061904,170.82096393261858
mag-oct-2~+00-01-00,17135.525199515967,170.82096393261858
mag-oct-2~+00-02-00,17051.8020590046,170.82096393261858
mag-oct-2~+00-03-00,16973.301720547755,170.82096393261858
mag-oct-2~+00-04-00,16950.834343762883,170.82096393261858
mag-oct-2~+00-05-00,16911.126364028016,170.82096393261858
mag-oct-2~+00-06-00,16884.757354018402,170.82096393261858
mag-oct-2~+00-07-00,16834.73692160322,170.82096393261858
mag-oct-2~+00-08-00,16735.537601474723,170.82096393261858
mag-oct-2~+00-09-00,16754.757794228677,170.82096393261858
mag-oct-2~+00-10-00,16934.839272196215,170.82096393261858
mag-oct-2~+00-11-00,17158.148250920414,170.82096393261858
mag-oct-2~+00-12-00,17401.68209085609,170.82096393261858
mag-oct-2~+00-13-00,17570.019269534718,170.82096393261858
mag-oct-2~+00-14-00,17585.428842272395,170.82096393261858
mag-oct-2~+00-15-00,17680.219343689285,170.82096393261858
mag-oct-2~+00-16-00,17683.580052920508,170.82096393261858
mag-oct-2~+00-17-00,17659.91129450409,170.82096393261858
mag-oct-2~+00-18-00,17698.447163114935,170.82096393261858
mag-oct-2~+00-19-00,17692.613173898182,170.82096393261858
mag-oct-2~+00-20-00,17853.1204016235,170.82096393261858
mag-oct-2~+00-21-00,17957.00282647259,170.82096393261858
mag-oct-2~+00-22-00,17909.788187088354,170.82096393261858
mag-oct-2~+00-23-00,17714.57864120692,170.82096393261858
mag-oct-2~+01-00-00,17449.217549828274,170.82096393261858
