trace,op_ems,emb_ems
sarek-aug-2,21647.7608416982,185.95754100781198
sarek-aug-2~+00-01-00,22205.53164371778,185.95754100781198
sarek-aug-2~+00-02-00,22627.749962251357,185.95754100781198
sarek-aug-2~+00-03-00,23099.907938352477,185.95754100781198
sarek-aug-2~+00-04-00,23021.421559106206,185.95754100781198
sarek-aug-2~+00-05-00,22720.25381769724,185.95754100781198
sarek-aug-2~+00-06-00,22127.7258201808,185.95754100781198
sarek-aug-2~+00-07-00,21730.297263186178,185.95754100781198
sarek-aug-2~+00-08-00,21481.66261314681,185.95754100781198
sarek-aug-2~+00-09-00,21546.416468445266,185.95754100781198
sarek-aug-2~+00-10-00,19356.27922341096,185.95754100781198
sarek-aug-2~+00-11-00,18909.202777245653,185.95754100781198
sarek-aug-2~+00-12-00,20058.484778821537,185.95754100781198
sarek-aug-2~+00-13-00,20301.913011331268,185.95754100781198
sarek-aug-2~+00-14-00,20869.623754723736,185.95754100781198
sarek-aug-2~+00-15-00,22151.701027659623,185.95754100781198
sarek-aug-2~+00-16-00,22238.987558427125,185.95754100781198
sarek-aug-2~+00-17-00,22455.654685202757,185.95754100781198
sarek-aug-2~+00-18-00,22855.733816289976,185.95754100781198
sarek-aug-2~+00-19-00,23201.730193158764,185.95754100781198
sarek-aug-2~+00-20-00,23574.46003756313,185.95754100781198
sarek-aug-2~+00-21-00,23877.980868448187,185.95754100781198
sarek-aug-2~+00-22-00,23856.117581969953,185.95754100781198
sarek-aug-2~+00-23-00,23431.044539200848,185.95754100781198
sarek-aug-2~+01-00-00,22952.171070439865,185.95754100781198
