trace,op_ems,emb_ems
chipseq-dec-2,6462.485094053306,93.55153285104065
chipseq-dec-2~+00-01-00,6751.650194193243,93.55153285104065
chipseq-dec-2~+00-02-00,6932.067716724844,93.55153285104065
chipseq-dec-2~+00-03-00,6710.691656537894,93.55153285104065
chipseq-dec-2~+00-04-00,6084.890151269552,93.55153285104065
chipseq-dec-2~+00-05-00,5406.835249723755,93.55153285104065
chipseq-dec-2~+00-06-00,4902.79708805108,93.55153285104065
chipseq-dec-2~+00-07-00,4497.717789170419,93.55153285104065
chipseq-dec-2~+00-08-00,4255.299235396265,93.55153285104065
chipseq-dec-2~+00-09-00,4215.670368592937,93.55153285104065
chipseq-dec-2~+00-10-00,4414.503016371039,93.55153285104065
chipseq-dec-2~+00-11-00,5091.262575210786,93.55153285104065
chipseq-dec-2~+00-12-00,6303.336601480387,93.55153285104065
chipseq-dec-2~+00-13-00,7399.434491598289,93.55153285104065
chipseq-dec-2~+00-14-00,7594.105820374294,93.55153285104065
chipseq-dec-2~+00-15-00,7196.61894018992,93.55153285104065
chipseq-dec-2~+00-16-00,6807.7674421186875,93.55153285104065
chipseq-dec-2~+00-17-00,6520.806804470678,93.55153285104065
chipseq-dec-2~+00-18-00,6264.326440543635,93.55153285104065
chipseq-dec-2~+00-19-00,5988.578106011198,93.55153285104065
chipseq-dec-2~+00-20-00,5716.747937337103,93.55153285104065
chipseq-dec-2~+00-21-00,5512.011973937976,93.55153285104065
chipseq-dec-2~+00-22-00,5378.172371543259,93.55153285104065
chipseq-dec-2~+00-23-00,5265.219889318274,93.55153285104065
chipseq-dec-2~+01-00-00,5238.415451553645,93.55153285104065
