trace,op_ems,emb_ems
montage-apr-1,263.93123177223265,4.6572801319491965
montage-apr-1~+00-01-00,269.8860620308441,4.6572801319491965
montage-apr-1~+00-02-00,294.1585939034685,4.6572801319491965
montage-apr-1~+00-03-00,321.7475685892964,4.6572801319491965
montage-apr-1~+00-04-00,330.4923733631347,4.6572801319491965
montage-apr-1~+00-05-00,291.4516613828992,4.6572801319491965
montage-apr-1~+00-06-00,258.90695369558597,4.6572801319491965
montage-apr-1~+00-07-00,242.3657027941378,4.6572801319491965
montage-apr-1~+00-08-00,247.89107362134575,4.6572801319491965
montage-apr-1~+00-09-00,249.28690586046952,4.6572801319491965
montage-apr-1~+00-10-00,262.773613945064,4.6572801319491965
montage-apr-1~+00-11-00,267.5040813512894,4.6572801319491965
montage-apr-1~+00-12-00,281.4893954762897,4.6572801319491965
montage-apr-1~+00-13-00,283.6018821084776,4.6572801319491965
montage-apr-1~+00-14-00,285.442445865858,4.6572801319491965
montage-apr-1~+00-15-00,285.0304535494169,4.6572801319491965
montage-apr-1~+00-16-00,300.68710019616015,4.6572801319491965
montage-apr-1~+00-17-00,298.6548862403352,4.6572801319491965
montage-apr-1~+00-18-00,290.1574516431286,4.6572801319491965
montage-apr-1~+00-19-00,281.2325755844594,4.6572801319491965
montage-apr-1~+00-20-00,259.16443413820974,4.6572801319491965
montage-apr-1~+00-21-00,257.1142287129705,4.6572801319491965
montage-apr-1~+00-22-00,257.1356511783973,4.6572801319491965
montage-apr-1~+00-23-00,257.7309551066547,4.6572801319491965
montage-apr-1~+01-00-00,293.6458064738663,4.6572801319491965
