trace,op_ems,emb_ems
nanoseq-oct-3,190.7028597286139,2.2520341597586646
nanoseq-oct-3~+00-01-00,189.42532628094338,2.2520341597586646
nanoseq-oct-3~+00-02-00,188.29557955940732,2.2520341597586646
nanoseq-oct-3~+00-03-00,188.66224873921772,2.2520341597586646
nanoseq-oct-3~+00-04-00,188.72134633134533,2.2520341597586646
nanoseq-oct-3~+00-05-00,186.75531998475324,2.2520341597586646
nanoseq-oct-3~+00-06-00,184.04735056400722,2.2520341597586646
nanoseq-oct-3~+00-07-00,181.1727820269561,2.2520341597586646
nanoseq-oct-3~+00-08-00,176.68016460147751,2.2520341597586646
nanoseq-oct-3~+00-09-00,175.4837478595409,2.2520341597586646
nanoseq-oct-3~+00-10-00,175.79542537495726,2.2520341597586646
nanoseq-oct-3~+00-11-00,176.34659012854442,2.2520341597586646
nanoseq-oct-3~+00-12-00,177.87171983356848,2.2520341597586646
nanoseq-oct-3~+00-13-00,179.5024403438226,2.2520341597586646
nanoseq-oct-3~+00-14-00,179.97053038695762,2.2520341597586646
nanoseq-oct-3~+00-15-00,180.40495296412897,2.2520341597586646
nanoseq-oct-3~+00-16-00,181.83015065720542,2.2520341597586646
nanoseq-oct-3~+00-17-00,184.65482927985713,2.2520341597586646
nanoseq-oct-3~+00-18-00,188.30217002633472,2.2520341597586646
nanoseq-oct-3~+00-19-00,191.7324961896203,2.2520341597586646
nanoseq-oct-3~+00-20-00,194.62807349846761,2.2520341597586646
nanoseq-oct-3~+00-21-00,195.352865919767,2.2520341597586646
nanoseq-oct-3~+00-22-00,194.15142561701046,2.2520341597586646
nanoseq-oct-3~+00-23-00,191.51238803187732,2.2520341597586646
nanoseq-oct-3~+01-00-00,189.02145137257074,2.2520341597586646
