trace,op_ems,emb_ems
rangeland-apr-1,5940.015609007493,56.33951064719725
rangeland-apr-1~+00-01-00,5948.510895188509,56.33951064719725
rangeland-apr-1~+00-02-00,5948.550496943889,56.33951064719725
rangeland-apr-1~+00-03-00,5935.016688329629,56.33951064719725
rangeland-apr-1~+00-04-00,5922.692040211289,56.33951064719725
rangeland-apr-1~+00-05-00,5989.824440280972,56.33951064719725
rangeland-apr-1~+00-06-00,5996.012256404481,56.33951064719725
rangeland-apr-1~+00-07-00,5979.269513092526,56.33951064719725
rangeland-apr-1~+00-08-00,5973.157519539181,56.33951064719725
rangeland-apr-1~+00-09-00,5943.471831347699,56.33951064719725
rangeland-apr-1~+00-10-00,5937.4952977525,56.33951064719725
rangeland-apr-1~+00-11-00,5926.868494216965,56.33951064719725
rangeland-apr-1~+00-12-00,5888.954632088179,56.33951064719725
rangeland-apr-1~+00-13-00,5888.196606653443,56.33951064719725
rangeland-apr-1~+00-14-00,5894.30669312655,56.33951064719725
rangeland-apr-1~+00-15-00,5900.784184074427,56.33951064719725
rangeland-apr-1~+00-16-00,5955.4292041676135,56.33951064719725
rangeland-apr-1~+00-17-00,5991.128703935938,56.33951064719725
rangeland-apr-1~+00-18-00,6040.064494263491,56.33951064719725
rangeland-apr-1~+00-19-00,6092.584215492217,56.33951064719725
rangeland-apr-1~+00-20-00,6064.110118022196,56.33951064719725
rangeland-apr-1~+00-21-00,6025.6639343091265,56.33951064719725
rangeland-apr-1~+00-22-00,5977.397567874677,56.33951064719725
rangeland-apr-1~+00-23-00,5968.2871897671785,56.33951064719725
rangeland-apr-1~+01-00-00,5977.593214132143,56.33951064719725
