trace,op_ems,emb_ems
rnaseq-nov-1,7595.933166707122,62.89105340684976
rnaseq-nov-1~+00-01-00,7671.783717272332,62.89105340684976
rnaseq-nov-1~+00-02-00,7748.108702563064,62.89105340684976
rnaseq-nov-1~+00-03-00,7909.645916345869,62.89105340684976
rnaseq-nov-1~+00-04-00,8158.835463653731,62.89105340684976
rnaseq-nov-1~+00-05-00,8295.420765442557,62.89105340684976
rnaseq-nov-1~+00-06-00,8218.718163943775,62.89105340684976
rnaseq-nov-1~+00-07-00,8072.480674688838,62.89105340684976
rnaseq-nov-1~+00-08-00,7971.467443354909,62.89105340684976
rnaseq-nov-1~+00-09-00,7938.479124396296,62.89105340684976
rnaseq-nov-1~+00-10-00,7978.624560902768,62.89105340684976
rnaseq-nov-1~+00-11-00,8025.222480082981,62.89105340684976
rnaseq-nov-1~+00-12-00,7977.963181333295,62.89105340684976
rnaseq-nov-1~+00-13-00,7830.5724611648375,62.89105340684976
rnaseq-nov-1~+00-14-00,7821.771751864307,62.89105340684976
rnaseq-nov-1~+00-15-00,7891.062712657027,62.89105340684976
rnaseq-nov-1~+00-16-00,8084.097914172618,62.89105340684976
rnaseq-nov-1~+00-17-00,8313.218735823632,62.89105340684976
rnaseq-nov-1~+00-18-00,8376.205996148783,62.89105340684976
rnaseq-nov-1~+00-19-00,8324.150789799221,62.89105340684976
rnaseq-nov-1~+00-20-00,8248.91055522008,62.89105340684976
rnaseq-nov-1~+00-21-00,8231.409360384056,62.89105340684976
rnaseq-nov-1~+00-22-00,8235.248585750982,62.89105340684976
rnaseq-nov-1~+00-23-00,8235.851082471012,62.89105340684976
rnaseq-nov-1~+01-00-00,8205.43649982636,62.89105340684976
