trace,op_ems,emb_ems
sarek-oct-3,13701.641861764618,179.93408696821612
sarek-oct-3~+00-01-00,13209.739977029405,179.93408696821612
sarek-oct-3~+00-02-00,12252.58203197865,179.93408696821612
sarek-oct-3~+00-03-00,11631.871197447199,179.93408696821612
sarek-oct-3~+00-04-00,11189.685536604398,179.93408696821612
sarek-oct-3~+00-05-00,11214.312667341259,179.93408696821612
sarek-oct-3~+00-06-00,11687.43040436178,179.93408696821612
sarek-oct-3~+00-07-00,12478.327185780548,179.93408696821612
sarek-oct-3~+00-08-00,13137.361143598791,179.93408696821612
sarek-oct-3~+00-09-00,13573.924338225488,179.93408696821612
sarek-oct-3~+00-10-00,14085.273996440223,179.93408696821612
sarek-oct-3~+00-11-00,15160.224224309392,179.93408696821612
sarek-oct-3~+00-12-00,15990.387004570937,179.93408696821612
sarek-oct-3~+00-13-00,16613.0800634084,179.93408696821612
sarek-oct-3~+00-14-00,16969.323060148752,179.93408696821612
sarek-oct-3~+00-15-00,16783.811490041415,179.93408696821612
sarek-oct-3~+00-16-00,15987.073573181078,179.93408696821612
sarek-oct-3~+00-17-00,14927.430870236625,179.93408696821612
sarek-oct-3~+00-18-00,13740.800586224475,179.93408696821612
sarek-oct-3~+00-19-00,12576.998259541802,179.93408696821612
sarek-oct-3~+00-20-00,11684.151352811508,179.93408696821612
sarek-oct-3~+00-21-00,11046.851507979236,179.93408696821612
sarek-oct-3~+00-22-00,10888.602018739355,179.93408696821612
sarek-oct-3~+00-23-00,11278.939210107548,179.93408696821612
sarek-oct-3~+01-00-00,11966.748206158809,179.93408696821612
