trace,op_ems,emb_ems
nanoseq-jul-1,183.90684046723243,2.2493885276446886
nanoseq-jul-1~+00-01-00,183.8482909959762,2.2493885276446886
nanoseq-jul-1~+00-02-00,182.7218345368655,2.2493885276446886
nanoseq-jul-1~+00-03-00,182.1897931789803,2.2493885276446886
nanoseq-jul-1~+00-04-00,182.12513990427678,2.2493885276446886
nanoseq-jul-1~+00-05-00,182.4852021143917,2.2493885276446886
nanoseq-jul-1~+00-06-00,184.58721793801553,2.2493885276446886
nanoseq-jul-1~+00-07-00,187.50300380364953,2.2493885276446886
nanoseq-jul-1~+00-08-00,189.67389664566528,2.2493885276446886
nanoseq-jul-1~+00-09-00,191.92998368196655,2.2493885276446886
nanoseq-jul-1~+00-10-00,193.6012236029202,2.2493885276446886
nanoseq-jul-1~+00-11-00,191.74841148239125,2.2493885276446886
nanoseq-jul-1~+00-12-00,188.5364905434638,2.2493885276446886
nanoseq-jul-1~+00-13-00,184.21874540603977,2.2493885276446886
nanoseq-jul-1~+00-14-00,180.5853458854741,2.2493885276446886
nanoseq-jul-1~+00-15-00,179.4855376197473,2.2493885276446886
nanoseq-jul-1~+00-16-00,178.75886647399875,2.2493885276446886
nanoseq-jul-1~+00-17-00,180.43870215468164,2.2493885276446886
nanoseq-jul-1~+00-18-00,182.48549916949582,2.2493885276446886
nanoseq-jul-1~+00-19-00,184.40701934799154,2.2493885276446886
nanoseq-jul-1~+00-20-00,183.98331059131965,2.2493885276446886
nanoseq-jul-1~+00-21-00,183.4070977796035,2.2493885276446886
nanoseq-jul-1~+00-22-00,182.82338996604182,2.2493885276446886
nanoseq-jul-1~+00-23-00,183.42759826455853,2.2493885276446886
nanoseq-jul-1~+01-00-00,183.0061628155779,2.2493885276446886
