trace,op_ems,emb_ems
rnaseq-sep-2,8077.1284193462925,61.38903864146787
rnaseq-sep-2~+00-01-00,7800.796485189241,61.38903864146787
rnaseq-sep-2~+00-02-00,7533.220592735664,61.38903864146787
rnaseq-sep-2~+00-03-00,7593.228603120669,61.38903864146787
rnaseq-sep-2~+00-04-00,7764.24716245334,61.38903864146787
rnaseq-sep-2~+00-05-00,7823.265131237806,61.38903864146787
rnaseq-sep-2~+00-06-00,7812.552682813143,61.38903864146787
rnaseq-sep-2~+00-07-00,7851.74875046549,61.38903864146787
rnaseq-sep-2~+00-08-00,7975.4088569601645,61.38903864146787
rnaseq-sep-2~+00-09-00,8136.834623255785,61.38903864146787
rnaseq-sep-2~+00-10-00,8250.753808914567,61.38903864146787
rnaseq-sep-2~+00-11-00,8218.428296710852,61.38903864146787
rnaseq-sep-2~+00-12-00,8083.490596871147,61.38903864146787
rnaseq-sep-2~+00-13-00,7791.458264927725,61.38903864146787
rnaseq-sep-2~+00-14-00,7581.328246413451,61.38903864146787
rnaseq-sep-2~+00-15-00,7559.543472853432,61.38903864146787
rnaseq-sep-2~+00-16-00,7618.145708516869,61.38903864146787
rnaseq-sep-2~+00-17-00,7601.78769634662,61.38903864146787
rnaseq-sep-2~+00-18-00,7688.04639474483,61.38903864146787
rnaseq-sep-2~+00-19-00,7914.8390896313595,61.38903864146787
rnaseq-sep-2~+00-20-00,8041.9394822974655,61.38903864146787
rnaseq-sep-2~+00-21-00,7967.253405691527,61.38903864146787
rnaseq-sep-2~+00-22-00,7853.456683837359,61.38903864146787
rnaseq-sep-2~+00-23-00,7834.690252756924,61.38903864146787
rnaseq-sep-2~+01-00-00,7848.225452363887,61.38903864146787
