trace,op_ems,emb_ems
rnaseq-aug-2,7414.029917292285,61.38903864146787
rnaseq-aug-2~+00-01-00,7408.519599377612,61.38903864146787
rnaseq-aug-2~+00-02-00,7442.0794325588695,61.38903864146787
rnaseq-aug-2~+00-03-00,7625.473041023584,61.38903864146787
rnaseq-aug-2~+00-04-00,7848.1001331174075,61.38903864146787
rnaseq-aug-2~+00-05-00,8036.101050714054,61.38903864146787
rnaseq-aug-2~+00-06-00,7946.066771205594,61.38903864146787
rnaseq-aug-2~+00-07-00,7679.739210128688,61.38903864146787
rnaseq-aug-2~+00-08-00,7406.103425035248,61.38903864146787
rnaseq-aug-2~+00-09-00,7315.90624623428,61.38903864146787
rnaseq-aug-2~+00-10-00,7315.577758750279,61.38903864146787
rnaseq-aug-2~+00-11-00,7361.915327563674,61.38903864146787
rnaseq-aug-2~+00-12-00,6425.045252576387,61.38903864146787
rnaseq-aug-2~+00-13-00,5721.796640266422,61.38903864146787
rnaseq-aug-2~+00-14-00,6560.163045734688,61.38903864146787
rnaseq-aug-2~+00-15-00,7667.396725461322,61.38903864146787
rnaseq-aug-2~+00-16-00,7449.071793054693,61.38903864146787
rnaseq-aug-2~+00-17-00,7494.211470820076,61.38903864146787
rnaseq-aug-2~+00-18-00,7652.550833146728,61.38903864146787
rnaseq-aug-2~+00-19-00,7774.193931266117,61.38903864146787
rnaseq-aug-2~+00-20-00,7886.927239689321,61.38903864146787
rnaseq-aug-2~+00-21-00,8011.6911634405305,61.38903864146787
rnaseq-aug-2~+00-22-00,8139.816648284712,61.38903864146787
rnaseq-aug-2~+00-23-00,8238.995743315945,61.38903864146787
rnaseq-aug-2~+01-00-00,8192.395401183423,61.38903864146787
