trace,op_ems,emb_ems
mag-aug-3,16571.80885705545,170.67367805536568
mag-aug-3~+00-01-00,16745.665858671116,170.67367805536568
mag-aug-3~+00-02-00,16130.710721669282,170.67367805536568
mag-aug-3~+00-03-00,15916.260947693356,170.67367805536568
mag-aug-3~+00-04-00,15971.99363851462,170.67367805536568
mag-aug-3~+00-05-00,15882.602524619104,170.67367805536568
mag-aug-3~+00-06-00,16303.772809702672,170.67367805536568
mag-aug-3~+00-07-00,16527.796277340713,170.67367805536568
mag-aug-3~+00-08-00,16226.053297544842,170.67367805536568
mag-aug-3~+00-09-00,16263.715877227578,170.67367805536568
mag-aug-3~+00-10-00,16254.991383066932,170.67367805536568
mag-aug-3~+00-11-00,16769.32547808741,170.67367805536568
mag-aug-3~+00-12-00,16696.24347589403,170.67367805536568
mag-aug-3~+00-13-00,16782.434823104042,170.67367805536568
mag-aug-3~+00-14-00,17172.442344353643,170.67367805536568
mag-aug-3~+00-15-00,17464.312426458175,170.67367805536568
mag-aug-3~+00-16-00,17349.33826636357,170.67367805536568
mag-aug-3~+00-17-00,17361.4958362711,170.67367805536568
mag-aug-3~+00-18-00,17502.069162820706,170.67367805536568
mag-aug-3~+00-19-00,17736.481735645306,170.67367805536568
mag-aug-3~+00-20-00,17913.644811971837,170.67367805536568
mag-aug-3~+00-21-00,17793.395876825252,170.67367805536568
mag-aug-3~+00-22-00,17548.969914939928,170.67367805536568
mag-aug-3~+00-23-00,17373.23983284095,170.67367805536568
mag-aug-3~+01-00-00,17201.837146364072,170.67367805536568
