trace,op_ems,emb_ems
nanoseq-jul-2,118.2755812475071,2.2810001647780567
nanoseq-jul-2~+00-01-00,118.11326334925536,2.2810001647780567
nanoseq-jul-2~+00-02-00,116.0127712239219,2.2810001647780567
nanoseq-jul-2~+00-03-00,113.23818475117238,2.2810001647780567
nanoseq-jul-2~+00-04-00,111.14714915592354,2.2810001647780567
nanoseq-jul-2~+00-05-00,110.37530198608094,2.2810001647780567
nanoseq-jul-2~+00-06-00,109.62255502680996,2.2810001647780567
nanoseq-jul-2~+00-07-00,109.34058964236321,2.2810001647780567
nanoseq-jul-2~+00-08-00,109.25533707937623,2.2810001647780567
nanoseq-jul-2~+00-09-00,108.16672414345928,2.2810001647780567
nanoseq-jul-2~+00-10-00,106.98780353231548,2.2810001647780567
nanoseq-jul-2~+00-11-00,107.37196858668808,2.2810001647780567
nanoseq-jul-2~+00-12-00,111.7911985681285,2.2810001647780567
nanoseq-jul-2~+00-13-00,120.0423469915811,2.2810001647780567
nanoseq-jul-2~+00-14-00,130.38111960601404,2.2810001647780567
nanoseq-jul-2~+00-15-00,141.55605836001413,2.2810001647780567
nanoseq-jul-2~+00-16-00,150.22996151091476,2.2810001647780567
nanoseq-jul-2~+00-17-00,153.11741562667018,2.2810001647780567
nanoseq-jul-2~+00-18-00,152.8783210796329,2.2810001647780567
nanoseq-jul-2~+00-19-00,152.0986879323018,2.2810001647780567
nanoseq-jul-2~+00-20-00,151.6502103958965,2.2810001647780567
nanoseq-jul-2~+00-21-00,151.57177957776022,2.2810001647780567
nanoseq-jul-2~+00-22-00,151.9231560248733,2.2810001647780567
nanoseq-jul-2~+00-23-00,151.0347759706639,2.2810001647780567
nanoseq-jul-2~+01-00-00,146.63376943832435,2.2810001647780567
