trace,op_ems,emb_ems
montage-jun-3,335.3424020858706,3.9090470464800857
montage-jun-3~+00-01-00,336.9022130465816,3.9090470464800857
montage-jun-3~+00-02-00,330.6290602698097,3.9090470464800857
montage-jun-3~+00-03-00,326.35653459481915,3.9090470464800857
montage-jun-3~+00-04-00,319.13393166804906,3.9090470464800857
montage-jun-3~+00-05-00,291.67617241944885,3.9090470464800857
montage-jun-3~+00-06-00,280.6727233596514,3.9090470464800857
montage-jun-3~+00-07-00,287.72578161677916,3.9090470464800857
montage-jun-3~+00-08-00,289.71793148507805,3.9090470464800857
montage-jun-3~+00-09-00,289.6501136172209,3.9090470464800857
montage-jun-3~+00-10-00,288.70914070070523,3.9090470464800857
montage-jun-3~+00-11-00,296.85576207702684,3.9090470464800857
montage-jun-3~+00-12-00,295.11792921319125,3.9090470464800857
montage-jun-3~+00-13-00,285.3267245413379,3.9090470464800857
montage-jun-3~+00-14-00,279.85043171188534,3.9090470464800857
montage-jun-3~+00-15-00,282.37664728955843,3.9090470464800857
montage-jun-3~+00-16-00,299.5939084917529,3.9090470464800857
montage-jun-3~+00-17-00,321.33801237340157,3.9090470464800857
montage-jun-3~+00-18-00,323.41493457652206,3.9090470464800857
montage-jun-3~+00-19-00,321.67710171268675,3.9090470464800857
montage-jun-3~+00-20-00,321.6516700122401,3.9090470464800857
montage-jun-3~+00-21-00,328.21304872740455,3.9090470464800857
montage-jun-3~+00-22-00,333.1976620148934,3.9090470464800857
montage-jun-3~+00-23-00,336.29185223586853,3.9090470464800857
montage-jun-3~+01-00-00,339.37756522336196,3.9090470464800857
