trace,op_ems,emb_ems
montage-sep-2,291.7065895968221,4.417620969401983
montage-sep-2~+00-01-00,299.7633024630728,4.417620969401983
montage-sep-2~+00-02-00,317.17804998869855,4.417620969401983
montage-sep-2~+00-03-00,339.214403588432,4.417620969401983
montage-sep-2~+00-04-00,341.7692044616969,4.417620969401983
montage-sep-2~+00-05-00,269.7850585082464,4.417620969401983
montage-sep-2~+00-06-00,228.95608724899165,4.417620969401983
montage-sep-2~+00-07-00,216.4117279049835,4.417620969401983
montage-sep-2~+00-08-00,223.67425173572508,4.417620969401983
montage-sep-2~+00-09-00,235.77845812029435,4.417620969401983
montage-sep-2~+00-10-00,245.9306818151781,4.417620969401983
montage-sep-2~+00-11-00,260.1878102839594,4.417620969401983
montage-sep-2~+00-12-00,279.8033226067793,4.417620969401983
montage-sep-2~+00-13-00,305.27478299865555,4.417620969401983
montage-sep-2~+00-14-00,308.1070716072188,4.417620969401983
montage-sep-2~+00-15-00,345.2808595946117,4.417620969401983
montage-sep-2~+00-16-00,403.73508631661446,4.417620969401983
montage-sep-2~+00-17-00,397.42941674552293,4.417620969401983
montage-sep-2~+00-18-00,381.6700270890915,4.417620969401983
montage-sep-2~+00-19-00,360.45656815265664,4.417620969401983
montage-sep-2~+00-20-00,345.35740793538355,4.417620969401983
montage-sep-2~+00-21-00,324.78504135291405,4.417620969401983
montage-sep-2~+00-22-00,313.1592620981696,4.417620969401983
montage-sep-2~+00-23-00,314.25007595417037,4.417620969401983
montage-sep-2~+01-00-00,328.30626502842534,4.417620969401983
