trace,op_ems,emb_ems
rnaseq-may-1,7735.471917565412,62.89105340684976
rnaseq-may-1~+00-01-00,7730.159826352344,62.89105340684976
rnaseq-may-1~+00-02-00,7724.44690696708,62.89105340684976
rnaseq-may-1~+00-03-00,7711.079413857046,62.89105340684976
rnaseq-may-1~+00-04-00,7864.466772697708,62.89105340684976
rnaseq-may-1~+00-05-00,8106.020657234819,62.89105340684976
rnaseq-may-1~+00-06-00,6217.30801673905,62.89105340684976
rnaseq-may-1~+00-07-00,2480.9639161775613,62.89105340684976
rnaseq-may-1~+00-08-00,52.34988075280313,62.89105340684976
rnaseq-may-1~+00-09-00,922.9353980714739,62.89105340684976
rnaseq-may-1~+00-10-00,3527.106605269065,62.89105340684976
rnaseq-may-1~+00-11-00,4378.533704674064,62.89105340684976
rnaseq-may-1~+00-12-00,3653.074079425586,62.89105340684976
rnaseq-may-1~+00-13-00,4859.2089023621165,62.89105340684976
rnaseq-may-1~+00-14-00,7462.056897939731,62.89105340684976
rnaseq-may-1~+00-15-00,7907.5741102964075,62.89105340684976
rnaseq-may-1~+00-16-00,7707.505818802532,62.89105340684976
rnaseq-may-1~+00-17-00,7639.879260466608,62.89105340684976
rnaseq-may-1~+00-18-00,7623.775519921219,62.89105340684976
rnaseq-may-1~+00-19-00,7672.508890610618,62.89105340684976
rnaseq-may-1~+00-20-00,7818.540176914452,62.89105340684976
rnaseq-may-1~+00-21-00,8049.607254286007,62.89105340684976
rnaseq-may-1~+00-22-00,8104.823068329174,62.89105340684976
rnaseq-may-1~+00-23-00,8041.380481191332,62.89105340684976
rnaseq-may-1~+01-00-00,7936.566634000276,62.89105340684976
