trace,op_ems,emb_ems
nanoseq-oct-1,113.4246227774322,2.2463699711004637
nanoseq-oct-1~+00-01-00,110.21046546732738,2.2463699711004637
nanoseq-oct-1~+00-02-00,104.39405348044525,2.2463699711004637
nanoseq-oct-1~+00-03-00,98.34701685268772,2.2463699711004637
nanoseq-oct-1~+00-04-00,93.62932058015555,2.2463699711004637
nanoseq-oct-1~+00-05-00,92.54154762166475,2.2463699711004637
nanoseq-oct-1~+00-06-00,97.01146253441294,2.2463699711004637
nanoseq-oct-1~+00-07-00,104.1114511864965,2.2463699711004637
nanoseq-oct-1~+00-08-00,110.0118565284832,2.2463699711004637
nanoseq-oct-1~+00-09-00,114.01176884524389,2.2463699711004637
nanoseq-oct-1~+00-10-00,118.40542386374358,2.2463699711004637
nanoseq-oct-1~+00-11-00,125.15757793691897,2.2463699711004637
nanoseq-oct-1~+00-12-00,132.582022002109,2.2463699711004637
nanoseq-oct-1~+00-13-00,138.8391298371106,2.2463699711004637
nanoseq-oct-1~+00-14-00,142.46645345312774,2.2463699711004637
nanoseq-oct-1~+00-15-00,140.68900030925408,2.2463699711004637
nanoseq-oct-1~+00-16-00,133.91659306195757,2.2463699711004637
nanoseq-oct-1~+00-17-00,125.16122181692063,2.2463699711004637
nanoseq-oct-1~+00-18-00,115.52441624742853,2.2463699711004637
nanoseq-oct-1~+00-19-00,105.92780386465638,2.2463699711004637
nanoseq-oct-1~+00-20-00,97.89746816856218,2.2463699711004637
nanoseq-oct-1~+00-21-00,92.55030805120577,2.2463699711004637
nanoseq-oct-1~+00-22-00,91.08767802656575,2.2463699711004637
nanoseq-oct-1~+00-23-00,93.93478887948426,2.2463699711004637
nanoseq-oct-1~+01-00-00,98.34344378760177,2.2463699711004637
