trace,op_ems,emb_ems
rangeland-nov-2,4702.394804742889,56.10015765457453
rangeland-nov-2~+00-01-00,4424.329166434291,56.10015765457453
rangeland-nov-2~+00-02-00,4130.7022117911065,56.10015765457453
rangeland-nov-2~+00-03-00,3832.6705821392106,56.10015765457453
rangeland-nov-2~+00-04-00,3564.454631464469,56.10015765457453
rangeland-nov-2~+00-05-00,3348.0101022738804,56.10015765457453
rangeland-nov-2~+00-06-00,3308.9477806366917,56.10015765457453
rangeland-nov-2~+00-07-00,3484.7668933527902,56.10015765457453
rangeland-nov-2~+00-08-00,3778.264925351951,56.10015765457453
rangeland-nov-2~+00-09-00,4014.0679321924813,56.10015765457453
rangeland-nov-2~+00-10-00,4212.804473910594,56.10015765457453
rangeland-nov-2~+00-11-00,4354.381127823583,56.10015765457453
rangeland-nov-2~+00-12-00,4423.308405093705,56.10015765457453
rangeland-nov-2~+00-13-00,4430.814940624429,56.10015765457453
rangeland-nov-2~+00-14-00,4314.69142760318,56.10015765457453
rangeland-nov-2~+00-15-00,4061.12456771175,56.10015765457453
rangeland-nov-2~+00-16-00,3793.3250524661585,56.10015765457453
rangeland-nov-2~+00-17-00,3550.2074328931217,56.10015765457453
rangeland-nov-2~+00-18-00,3337.3690633489964,56.10015765457453
rangeland-nov-2~+00-19-00,3165.1346004568913,56.10015765457453
rangeland-nov-2~+00-20-00,3043.1530017427376,56.10015765457453
rangeland-nov-2~+00-21-00,2953.8512176707663,56.10015765457453
rangeland-nov-2~+00-22-00,2854.0696443498814,56.10015765457453
rangeland-nov-2~+00-23-00,2724.4426275103406,56.10015765457453
rangeland-nov-2~+01-00-00,2602.87164900377,56.10015765457453
