trace,op_ems,emb_ems
rangeland-apr-3,5936.909216281147,56.305479409080235
rangeland-apr-3~+00-01-00,5946.664842654902,56.305479409080235
rangeland-apr-3~+00-02-00,5947.151596293875,56.305479409080235
rangeland-apr-3~+00-03-00,5932.858365058634,56.305479409080235
rangeland-apr-3~+00-04-00,5920.239355171431,56.305479409080235
rangeland-apr-3~+00-05-00,5986.9773159822425,56.305479409080235
rangeland-apr-3~+00-06-00,5994.687499108965,56.305479409080235
rangeland-apr-3~+00-07-00,5977.892582745155,56.305479409080235
rangeland-apr-3~+00-08-00,5971.642925865905,56.305479409080235
rangeland-apr-3~+00-09-00,5942.859729797071,56.305479409080235
rangeland-apr-3~+00-10-00,5936.503811768451,56.305479409080235
rangeland-apr-3~+00-11-00,5924.688040562545,56.305479409080235
rangeland-apr-3~+00-12-00,5886.961550879582,56.305479409080235
rangeland-apr-3~+00-13-00,5888.546876180822,56.305479409080235
rangeland-apr-3~+00-14-00,5891.831967065649,56.305479409080235
rangeland-apr-3~+00-15-00,5899.825491342058,56.305479409080235
rangeland-apr-3~+00-16-00,5951.244078064837,56.305479409080235
rangeland-apr-3~+00-17-00,5987.107635704121,56.305479409080235
rangeland-apr-3~+00-18-00,6038.625876091442,56.305479409080235
rangeland-apr-3~+00-19-00,6090.635368613939,56.305479409080235
rangeland-apr-3~+00-20-00,6059.577645437189,56.305479409080235
rangeland-apr-3~+00-21-00,6023.255724504363,56.305479409080235
rangeland-apr-3~+00-22-00,5975.918027227311,56.305479409080235
rangeland-apr-3~+00-23-00,5962.702801441014,56.305479409080235
rangeland-apr-3~+01-00-00,5975.351071482745,56.305479409080235
