trace,op_ems,emb_ems
sarek-nov-2,22030.144542110775,185.95754100781198
sarek-nov-2~+00-01-00,22438.237431289188,185.95754100781198
sarek-nov-2~+00-02-00,23050.069916829238,185.95754100781198
sarek-nov-2~+00-03-00,23369.887114513596,185.95754100781198
sarek-nov-2~+00-04-00,23367.74399685744,185.95754100781198
sarek-nov-2~+00-05-00,23285.545388773528,185.95754100781198
sarek-nov-2~+00-06-00,23067.7474883245,185.95754100781198
sarek-nov-2~+00-07-00,22797.112336243874,185.95754100781198
sarek-nov-2~+00-08-00,22874.999344057967,185.95754100781198
sarek-nov-2~+00-09-00,22877.704064904254,185.95754100781198
sarek-nov-2~+00-10-00,22692.212789186593,185.95754100781198
sarek-nov-2~+00-11-00,22585.958380185806,185.95754100781198
sarek-nov-2~+00-12-00,22566.843130496618,185.95754100781198
sarek-nov-2~+00-13-00,22540.598952914115,185.95754100781198
sarek-nov-2~+00-14-00,22952.087717887687,185.95754100781198
sarek-nov-2~+00-15-00,23415.730054000815,185.95754100781198
sarek-nov-2~+00-16-00,23630.128959497877,185.95754100781198
sarek-nov-2~+00-17-00,23758.08028464338,185.95754100781198
sarek-nov-2~+00-18-00,23709.685287114233,185.95754100781198
sarek-nov-2~+00-19-00,23649.528023135696,185.95754100781198
sarek-nov-2~+00-20-00,23586.377078795562,185.95754100781198
sarek-nov-2~+00-21-00,23556.92265097364,185.95754100781198
sarek-nov-2~+00-22-00,23496.270675471016,185.95754100781198
sarek-nov-2~+00-23-00,23398.24425944893,185.95754100781198
sarek-nov-2~+01-00-00,23271.841488884336,185.95754100781198
