trace,op_ems,emb_ems
montage-feb-1,597.8233180906315,5.110399681598096
montage-feb-1~+00-01-00,592.5887075817377,5.110399681598096
montage-feb-1~+00-02-00,594.1761907476629,5.110399681598096
montage-feb-1~+00-03-00,597.3408898955362,5.110399681598096
montage-feb-1~+00-04-00,591.6574832796754,5.110399681598096
montage-feb-1~+00-05-00,606.3599910450904,5.110399681598096
montage-feb-1~+00-06-00,607.6990422375395,5.110399681598096
montage-feb-1~+00-07-00,605.1539575203429,5.110399681598096
montage-feb-1~+00-08-00,606.9275837132855,5.110399681598096
montage-feb-1~+00-09-00,611.4695714154454,5.110399681598096
montage-feb-1~+00-10-00,613.200119148145,5.110399681598096
montage-feb-1~+00-11-00,2.9064727837725934,5.110399681598096
montage-feb-1~+00-12-00,2.4993383317226106,5.110399681598096
montage-feb-1~+00-13-00,602.1381522145961,5.110399681598096
montage-feb-1~+00-14-00,600.5671762087305,5.110399681598096
montage-feb-1~+00-15-00,571.7622579921073,5.110399681598096
montage-feb-1~+00-16-00,475.64280285066576,5.110399681598096
montage-feb-1~+00-17-00,571.6197953632898,5.110399681598096
montage-feb-1~+00-18-00,419.0194098715496,5.110399681598096
montage-feb-1~+00-19-00,456.1451974498393,5.110399681598096
montage-feb-1~+00-20-00,518.994658376617,5.110399681598096
montage-feb-1~+00-21-00,582.7221780088463,5.110399681598096
montage-feb-1~+00-22-00,617.1592722612384,5.110399681598096
montage-feb-1~+00-23-00,628.8366385819975,5.110399681598096
montage-feb-1~+01-00-00,619.5868939519136,5.110399681598096
