trace,op_ems,emb_ems
rnaseq-jun-2,7516.117569550339,61.38903864146787
rnaseq-jun-2~+00-01-00,7472.839548191463,61.38903864146787
rnaseq-jun-2~+00-02-00,7366.743772178657,61.38903864146787
rnaseq-jun-2~+00-03-00,7367.683328198734,61.38903864146787
rnaseq-jun-2~+00-04-00,7517.570097871406,61.38903864146787
rnaseq-jun-2~+00-05-00,7568.027270273117,61.38903864146787
rnaseq-jun-2~+00-06-00,7543.309424840315,61.38903864146787
rnaseq-jun-2~+00-07-00,7546.198846943163,61.38903864146787
rnaseq-jun-2~+00-08-00,7622.678998459092,61.38903864146787
rnaseq-jun-2~+00-09-00,7673.482215649404,61.38903864146787
rnaseq-jun-2~+00-10-00,7659.641324487779,61.38903864146787
rnaseq-jun-2~+00-11-00,7634.87152324268,61.38903864146787
rnaseq-jun-2~+00-12-00,7594.733162462734,61.38903864146787
rnaseq-jun-2~+00-13-00,7538.5756646628,61.38903864146787
rnaseq-jun-2~+00-14-00,7478.94848885199,61.38903864146787
rnaseq-jun-2~+00-15-00,7470.400310034946,61.38903864146787
rnaseq-jun-2~+00-16-00,7497.441437573023,61.38903864146787
rnaseq-jun-2~+00-17-00,7476.217319391631,61.38903864146787
rnaseq-jun-2~+00-18-00,7462.564270186023,61.38903864146787
rnaseq-jun-2~+00-19-00,7416.991413827837,61.38903864146787
rnaseq-jun-2~+00-20-00,7333.77051412876,61.38903864146787
rnaseq-jun-2~+00-21-00,7299.413755663687,61.38903864146787
rnaseq-jun-2~+00-22-00,7328.34561226988,61.38903864146787
rnaseq-jun-2~+00-23-00,7351.584924371996,61.38903864146787
rnaseq-jun-2~+01-00-00,7363.868747208202,61.38903864146787
