trace,op_ems,emb_ems
rnaseq-jul-2,4540.161632410109,59.0952985091386
rnaseq-jul-2~+00-01-00,4810.369503571736,59.0952985091386
rnaseq-jul-2~+00-02-00,4918.6043145785125,59.0952985091386
rnaseq-jul-2~+00-03-00,4777.98809417913,59.0952985091386
rnaseq-jul-2~+00-04-00,4549.829709234621,59.0952985091386
rnaseq-jul-2~+00-05-00,4415.6628070071765,59.0952985091386
rnaseq-jul-2~+00-06-00,4427.491686938621,59.0952985091386
rnaseq-jul-2~+00-07-00,4454.435256968177,59.0952985091386
rnaseq-jul-2~+00-08-00,4429.3425875148,59.0952985091386
rnaseq-jul-2~+00-09-00,4338.546437555062,59.0952985091386
rnaseq-jul-2~+00-10-00,4305.139824774755,59.0952985091386
rnaseq-jul-2~+00-11-00,4387.475934571398,59.0952985091386
rnaseq-jul-2~+00-12-00,4374.211887672993,59.0952985091386
rnaseq-jul-2~+00-13-00,4209.469636651919,59.0952985091386
rnaseq-jul-2~+00-14-00,4199.192848669304,59.0952985091386
rnaseq-jul-2~+00-15-00,4724.020639927966,59.0952985091386
rnaseq-jul-2~+00-16-00,5576.639057527396,59.0952985091386
rnaseq-jul-2~+00-17-00,6128.3152233281435,59.0952985091386
rnaseq-jul-2~+00-18-00,6180.964034039631,59.0952985091386
rnaseq-jul-2~+00-19-00,6110.792178152731,59.0952985091386
rnaseq-jul-2~+00-20-00,6097.385753454137,59.0952985091386
rnaseq-jul-2~+00-21-00,6122.5311969795275,59.0952985091386
rnaseq-jul-2~+00-22-00,6097.615538821222,59.0952985091386
rnaseq-jul-2~+00-23-00,6038.833006562206,59.0952985091386
rnaseq-jul-2~+01-00-00,6033.474440591584,59.0952985091386
