trace,op_ems,emb_ems
rangeland-sep-2,5879.591427668072,56.19540575328906
rangeland-sep-2~+00-01-00,5841.660844531632,56.19540575328906
rangeland-sep-2~+00-02-00,5811.230413764323,56.19540575328906
rangeland-sep-2~+00-03-00,5846.190353789066,56.19540575328906
rangeland-sep-2~+00-04-00,5935.941398110603,56.19540575328906
rangeland-sep-2~+00-05-00,6004.356136205377,56.19540575328906
rangeland-sep-2~+00-06-00,6052.703644399859,56.19540575328906
rangeland-sep-2~+00-07-00,6065.045427823042,56.19540575328906
rangeland-sep-2~+00-08-00,6076.404086953751,56.19540575328906
rangeland-sep-2~+00-09-00,5969.13950900718,56.19540575328906
rangeland-sep-2~+00-10-00,5977.757751567405,56.19540575328906
rangeland-sep-2~+00-11-00,5910.472643541567,56.19540575328906
rangeland-sep-2~+00-12-00,5831.717404650036,56.19540575328906
rangeland-sep-2~+00-13-00,5774.488874389553,56.19540575328906
rangeland-sep-2~+00-14-00,5765.769877772293,56.19540575328906
rangeland-sep-2~+00-15-00,5823.74064579957,56.19540575328906
rangeland-sep-2~+00-16-00,5867.648778278957,56.19540575328906
rangeland-sep-2~+00-17-00,5879.960690533373,56.19540575328906
rangeland-sep-2~+00-18-00,5908.757349913801,56.19540575328906
rangeland-sep-2~+00-19-00,5930.396875889998,56.19540575328906
rangeland-sep-2~+00-20-00,5956.241545539702,56.19540575328906
rangeland-sep-2~+00-21-00,5965.310011116802,56.19540575328906
rangeland-sep-2~+00-22-00,5944.595277974426,56.19540575328906
rangeland-sep-2~+00-23-00,5948.916093226538,56.19540575328906
rangeland-sep-2~+01-00-00,5943.975844789789,56.19540575328906
