trace,op_ems,emb_ems
nanoseq-nov-2,164.2134986482654,2.2810001647780567
nanoseq-nov-2~+00-01-00,152.2688794054594,2.2810001647780567
nanoseq-nov-2~+00-02-00,138.22281193440048,2.2810001647780567
nanoseq-nov-2~+00-03-00,123.28373139677814,2.2810001647780567
nanoseq-nov-2~+00-04-00,110.15374556232877,2.2810001647780567
nanoseq-nov-2~+00-05-00,105.11351145406142,2.2810001647780567
nanoseq-nov-2~+00-06-00,105.03297387231486,2.2810001647780567
nanoseq-nov-2~+00-07-00,105.75449565590712,2.2810001647780567
nanoseq-nov-2~+00-08-00,109.72625775241431,2.2810001647780567
nanoseq-nov-2~+00-09-00,119.24897705736039,2.2810001647780567
nanoseq-nov-2~+00-10-00,130.339830376673,2.2810001647780567
nanoseq-nov-2~+00-11-00,140.49691533224205,2.2810001647780567
nanoseq-nov-2~+00-12-00,149.3299644905736,2.2810001647780567
nanoseq-nov-2~+00-13-00,151.38623003519157,2.2810001647780567
nanoseq-nov-2~+00-14-00,144.57689333525886,2.2810001647780567
nanoseq-nov-2~+00-15-00,134.84526750452213,2.2810001647780567
nanoseq-nov-2~+00-16-00,125.17235537540232,2.2810001647780567
nanoseq-nov-2~+00-17-00,115.78995289432527,2.2810001647780567
nanoseq-nov-2~+00-18-00,108.2034377762535,2.2810001647780567
nanoseq-nov-2~+00-19-00,103.06336259078219,2.2810001647780567
nanoseq-nov-2~+00-20-00,98.76749163971314,2.2810001647780567
nanoseq-nov-2~+00-21-00,94.98449997583243,2.2810001647780567
nanoseq-nov-2~+00-22-00,92.49811636487723,2.2810001647780567
nanoseq-nov-2~+00-23-00,90.34193365946052,2.2810001647780567
nanoseq-nov-2~+01-00-00,86.87476587806827,2.2810001647780567
