trace,op_ems,emb_ems
nanoseq-jun-2,178.91233768806958,2.283583422059979
nanoseq-jun-2~+00-01-00,179.36868838499362,2.283583422059979
nanoseq-jun-2~+00-02-00,179.4015965810755,2.283583422059979
nanoseq-jun-2~+00-03-00,180.3510334582306,2.283583422059979
nanoseq-jun-2~+00-04-00,181.911430806257,2.283583422059979
nanoseq-jun-2~+00-05-00,182.57074298183892,2.283583422059979
nanoseq-jun-2~+00-06-00,182.6910693158087,2.283583422059979
nanoseq-jun-2~+00-07-00,183.53363448938336,2.283583422059979
nanoseq-jun-2~+00-08-00,183.77744346446448,2.283583422059979
nanoseq-jun-2~+00-09-00,183.59390984284465,2.283583422059979
nanoseq-jun-2~+00-10-00,182.84037760960285,2.283583422059979
nanoseq-jun-2~+00-11-00,181.63962909528976,2.283583422059979
nanoseq-jun-2~+00-12-00,180.89774293437515,2.283583422059979
nanoseq-jun-2~+00-13-00,180.38046975117277,2.283583422059979
nanoseq-jun-2~+00-14-00,179.81197352893767,2.283583422059979
nanoseq-jun-2~+00-15-00,179.85273121961671,2.283583422059979
nanoseq-jun-2~+00-16-00,179.35685695365063,2.283583422059979
nanoseq-jun-2~+00-17-00,178.24877618509328,2.283583422059979
nanoseq-jun-2~+00-18-00,177.2638978132462,2.283583422059979
nanoseq-jun-2~+00-19-00,176.79525706767924,2.283583422059979
nanoseq-jun-2~+00-20-00,176.32749748754733,2.283583422059979
nanoseq-jun-2~+00-21-00,176.51471217764467,2.283583422059979
nanoseq-jun-2~+00-22-00,176.89720954298735,2.283583422059979
nanoseq-jun-2~+00-23-00,177.00375863869027,2.283583422059979
nanoseq-jun-2~+01-00-00,177.41323897510472,2.283583422059979
