trace,op_ems,emb_ems
rangeland-aug-2,5730.55214385327,56.19540575328906
rangeland-aug-2~+00-01-00,5830.154183527083,56.19540575328906
rangeland-aug-2~+00-02-00,5809.525324411793,56.19540575328906
rangeland-aug-2~+00-03-00,5810.968215604895,56.19540575328906
rangeland-aug-2~+00-04-00,5775.900839925938,56.19540575328906
rangeland-aug-2~+00-05-00,5737.135654026336,56.19540575328906
rangeland-aug-2~+00-06-00,5685.732121377427,56.19540575328906
rangeland-aug-2~+00-07-00,5612.977272297316,56.19540575328906
rangeland-aug-2~+00-08-00,5122.173988989035,56.19540575328906
rangeland-aug-2~+00-09-00,5313.71434860673,56.19540575328906
rangeland-aug-2~+00-10-00,5262.306174085672,56.19540575328906
rangeland-aug-2~+00-11-00,5264.719907899459,56.19540575328906
rangeland-aug-2~+00-12-00,5274.251805945596,56.19540575328906
rangeland-aug-2~+00-13-00,5310.428853357947,56.19540575328906
rangeland-aug-2~+00-14-00,5367.256411312553,56.19540575328906
rangeland-aug-2~+00-15-00,5786.673200342253,56.19540575328906
rangeland-aug-2~+00-16-00,5796.818508801542,56.19540575328906
rangeland-aug-2~+00-17-00,5865.860031565173,56.19540575328906
rangeland-aug-2~+00-18-00,5957.891587553118,56.19540575328906
rangeland-aug-2~+00-19-00,6050.523622077381,56.19540575328906
rangeland-aug-2~+00-20-00,6051.735283510819,56.19540575328906
rangeland-aug-2~+00-21-00,6022.957930301291,56.19540575328906
rangeland-aug-2~+00-22-00,5990.116926921128,56.19540575328906
rangeland-aug-2~+00-23-00,6028.403429163418,56.19540575328906
rangeland-aug-2~+01-00-00,6005.1381583136,56.19540575328906
