trace,op_ems,emb_ems
montage-jun-2,563.0832044708978,5.194323604266486
montage-jun-2~+00-01-00,560.0243987184928,5.194323604266486
montage-jun-2~+00-02-00,562.5968948935102,5.194323604266486
montage-jun-2~+00-03-00,555.6304526803051,5.194323604266486
montage-jun-2~+00-04-00,551.6279483644709,5.194323604266486
montage-jun-2~+00-05-00,563.4515813618212,5.194323604266486
montage-jun-2~+00-06-00,560.6844860033649,5.194323604266486
montage-jun-2~+00-07-00,571.2074864983047,5.194323604266486
montage-jun-2~+00-08-00,576.6158926938224,5.194323604266486
montage-jun-2~+00-09-00,581.5688995913234,5.194323604266486
montage-jun-2~+00-10-00,585.54675494423,5.194323604266486
montage-jun-2~+00-11-00,582.2623930038362,5.194323604266486
montage-jun-2~+00-12-00,578.0363198299226,5.194323604266486
montage-jun-2~+00-13-00,573.8757160101509,5.194323604266486
montage-jun-2~+00-14-00,572.8814860930585,5.194323604266486
montage-jun-2~+00-15-00,558.7684992305963,5.194323604266486
montage-jun-2~+00-16-00,568.4626944712721,5.194323604266486
montage-jun-2~+00-17-00,570.2229893598981,5.194323604266486
montage-jun-2~+00-18-00,573.1604598920534,5.194323604266486
montage-jun-2~+00-19-00,572.7135868707543,5.194323604266486
montage-jun-2~+00-20-00,560.8606101841835,5.194323604266486
montage-jun-2~+00-21-00,554.4769301768148,5.194323604266486
montage-jun-2~+00-22-00,557.9928381423373,5.194323604266486
montage-jun-2~+00-23-00,563.018845007228,5.194323604266486
montage-jun-2~+01-00-00,559.466132107938,5.194323604266486
