trace,op_ems,emb_ems
rnaseq-jul-1,4625.253847266349,60.34201273201991
rnaseq-jul-1~+00-01-00,4901.611770434821,60.34201273201991
rnaseq-jul-1~+00-02-00,5011.922479910929,60.34201273201991
rnaseq-jul-1~+00-03-00,4868.126769961944,60.34201273201991
rnaseq-jul-1~+00-04-00,4634.156605560606,60.34201273201991
rnaseq-jul-1~+00-05-00,4498.4537172475675,60.34201273201991
rnaseq-jul-1~+00-06-00,4510.415582714668,60.34201273201991
rnaseq-jul-1~+00-07-00,4538.382651315994,60.34201273201991
rnaseq-jul-1~+00-08-00,4513.033967934933,60.34201273201991
rnaseq-jul-1~+00-09-00,4418.982847392787,60.34201273201991
rnaseq-jul-1~+00-10-00,4385.6290081592315,60.34201273201991
rnaseq-jul-1~+00-11-00,4470.709850463321,60.34201273201991
rnaseq-jul-1~+00-12-00,4457.024250301313,60.34201273201991
rnaseq-jul-1~+00-13-00,4287.026509020759,60.34201273201991
rnaseq-jul-1~+00-14-00,4274.24691627314,60.34201273201991
rnaseq-jul-1~+00-15-00,4811.1202038287065,60.34201273201991
rnaseq-jul-1~+00-16-00,5683.699424136326,60.34201273201991
rnaseq-jul-1~+00-17-00,6244.46306151534,60.34201273201991
rnaseq-jul-1~+00-18-00,6296.891408040263,60.34201273201991
rnaseq-jul-1~+00-19-00,6225.016239394201,60.34201273201991
rnaseq-jul-1~+00-20-00,6211.800395755767,60.34201273201991
rnaseq-jul-1~+00-21-00,6237.735067564695,60.34201273201991
rnaseq-jul-1~+00-22-00,6212.182752613747,60.34201273201991
rnaseq-jul-1~+00-23-00,6151.556237313935,60.34201273201991
rnaseq-jul-1~+01-00-00,6146.249831070698,60.34201273201991
