trace,op_ems,emb_ems
montage-nov-1,271.7689781452353,4.6572801319491965
montage-nov-1~+00-01-00,260.04665723272984,4.6572801319491965
montage-nov-1~+00-02-00,253.58775040260718,4.6572801319491965
montage-nov-1~+00-03-00,257.22804414371194,4.6572801319491965
montage-nov-1~+00-04-00,242.45948836192395,4.6572801319491965
montage-nov-1~+00-05-00,210.70602270296337,4.6572801319491965
montage-nov-1~+00-06-00,198.69524587840152,4.6572801319491965
montage-nov-1~+00-07-00,194.6923387441278,4.6572801319491965
montage-nov-1~+00-08-00,196.41496601182777,4.6572801319491965
montage-nov-1~+00-09-00,199.95773901584224,4.6572801319491965
montage-nov-1~+00-10-00,202.58922814434996,4.6572801319491965
montage-nov-1~+00-11-00,205.66721820200047,4.6572801319491965
montage-nov-1~+00-12-00,209.27843754394792,4.6572801319491965
montage-nov-1~+00-13-00,254.09287227299393,4.6572801319491965
montage-nov-1~+00-14-00,314.61411229830435,4.6572801319491965
montage-nov-1~+00-15-00,301.54505206640596,4.6572801319491965
montage-nov-1~+00-16-00,279.90889875046804,4.6572801319491965
montage-nov-1~+00-17-00,266.0436480377736,4.6572801319491965
montage-nov-1~+00-18-00,256.0246452319958,4.6572801319491965
montage-nov-1~+00-19-00,246.4917672559048,4.6572801319491965
montage-nov-1~+00-20-00,238.410516400725,4.6572801319491965
montage-nov-1~+00-21-00,234.46453343924557,4.6572801319491965
montage-nov-1~+00-22-00,245.6922343081805,4.6572801319491965
montage-nov-1~+00-23-00,257.14232136715736,4.6572801319491965
montage-nov-1~+01-00-00,265.8990841315015,4.6572801319491965
