trace,op_ems,emb_ems
rnaseq-nov-3,7155.457189582429,61.95465283773145
rnaseq-nov-3~+00-01-00,7218.121826766891,61.95465283773145
rnaseq-nov-3~+00-02-00,7127.315042387184,61.95465283773145
rnaseq-nov-3~+00-03-00,6461.974499839404,61.95465283773145
rnaseq-nov-3~+00-04-00,5375.736039375619,61.95465283773145
rnaseq-nov-3~+00-05-00,4562.020422806137,61.95465283773145
rnaseq-nov-3~+00-06-00,4361.1363331667135,61.95465283773145
rnaseq-nov-3~+00-07-00,4328.999174236186,61.95465283773145
rnaseq-nov-3~+00-08-00,4364.801138642561,61.95465283773145
rnaseq-nov-3~+00-09-00,4462.688501845466,61.95465283773145
rnaseq-nov-3~+00-10-00,4529.8056514076725,61.95465283773145
rnaseq-nov-3~+00-11-00,4809.743911044134,61.95465283773145
rnaseq-nov-3~+00-12-00,5592.357557663547,61.95465283773145
rnaseq-nov-3~+00-13-00,6423.937595070297,61.95465283773145
rnaseq-nov-3~+00-14-00,6655.211745774606,61.95465283773145
rnaseq-nov-3~+00-15-00,6395.964170813503,61.95465283773145
rnaseq-nov-3~+00-16-00,6003.3612683895435,61.95465283773145
rnaseq-nov-3~+00-17-00,5488.229478437401,61.95465283773145
rnaseq-nov-3~+00-18-00,4995.372675233381,61.95465283773145
rnaseq-nov-3~+00-19-00,4668.688757508921,61.95465283773145
rnaseq-nov-3~+00-20-00,4432.158126216487,61.95465283773145
rnaseq-nov-3~+00-21-00,4205.419942476566,61.95465283773145
rnaseq-nov-3~+00-22-00,4047.6103051723494,61.95465283773145
rnaseq-nov-3~+00-23-00,3936.4901707966333,61.95465283773145
rnaseq-nov-3~+01-00-00,3815.274570147481,61.95465283773145
