trace,op_ems,emb_ems
rangeland-nov-2,5819.049081758819,56.19540575328906
rangeland-nov-2~+00-01-00,5894.213494424967,56.19540575328906
rangeland-nov-2~+00-02-00,5908.515989840697,56.19540575328906
rangeland-nov-2~+00-03-00,5956.452942162145,56.19540575328906
rangeland-nov-2~+00-04-00,5962.426485911126,56.19540575328906
rangeland-nov-2~+00-05-00,5949.180397414811,56.19540575328906
rangeland-nov-2~+00-06-00,5973.229917765164,56.19540575328906
rangeland-nov-2~+00-07-00,5890.163955892609,56.19540575328906
rangeland-nov-2~+00-08-00,5845.450609035048,56.19540575328906
rangeland-nov-2~+00-09-00,5834.092259863409,56.19540575328906
rangeland-nov-2~+00-10-00,5815.541416361089,56.19540575328906
rangeland-nov-2~+00-11-00,5841.941422393126,56.19540575328906
rangeland-nov-2~+00-12-00,5910.240080339147,56.19540575328906
rangeland-nov-2~+00-13-00,5946.480607906863,56.19540575328906
rangeland-nov-2~+00-14-00,5966.757083563574,56.19540575328906
rangeland-nov-2~+00-15-00,6020.025273438565,56.19540575328906
rangeland-nov-2~+00-16-00,6049.4441229182,56.19540575328906
rangeland-nov-2~+00-17-00,6090.58864627025,56.19540575328906
rangeland-nov-2~+00-18-00,6106.049687728698,56.19540575328906
rangeland-nov-2~+00-19-00,6082.745144357039,56.19540575328906
rangeland-nov-2~+00-20-00,6059.276331379019,56.19540575328906
rangeland-nov-2~+00-21-00,6031.498450945307,56.19540575328906
rangeland-nov-2~+00-22-00,6014.963221915076,56.19540575328906
rangeland-nov-2~+00-23-00,5929.863627290782,56.19540575328906
rangeland-nov-2~+01-00-00,5562.069502584846,56.19540575328906
