trace,op_ems,emb_ems
rnaseq-mar-3,7328.937559309438,64.60281226683885
rnaseq-mar-3~+00-01-00,8331.558938874063,64.60281226683885
rnaseq-mar-3~+00-02-00,8404.298594732703,64.60281226683885
rnaseq-mar-3~+00-03-00,8383.49818363282,64.60281226683885
rnaseq-mar-3~+00-04-00,8343.799810029564,64.60281226683885
rnaseq-mar-3~+00-05-00,8350.52103789375,64.60281226683885
rnaseq-mar-3~+00-06-00,8367.064414364793,64.60281226683885
rnaseq-mar-3~+00-07-00,8401.863839237443,64.60281226683885
rnaseq-mar-3~+00-08-00,8444.91733902037,64.60281226683885
rnaseq-mar-3~+00-09-00,8452.33494798483,64.60281226683885
rnaseq-mar-3~+00-10-00,8394.172416662583,64.60281226683885
rnaseq-mar-3~+00-11-00,8333.284624546126,64.60281226683885
rnaseq-mar-3~+00-12-00,8270.523282017715,64.60281226683885
rnaseq-mar-3~+00-13-00,8165.551369390827,64.60281226683885
rnaseq-mar-3~+00-14-00,8133.952770705101,64.60281226683885
rnaseq-mar-3~+00-15-00,8048.867498657245,64.60281226683885
rnaseq-mar-3~+00-16-00,5162.560735896317,64.60281226683885
rnaseq-mar-3~+00-17-00,1805.2026568073009,64.60281226683885
rnaseq-mar-3~+00-18-00,15.684689984674003,64.60281226683885
rnaseq-mar-3~+00-19-00,14.818438751456043,64.60281226683885
rnaseq-mar-3~+00-20-00,10.787848398833612,64.60281226683885
rnaseq-mar-3~+00-21-00,7.870682665148478,64.60281226683885
rnaseq-mar-3~+00-22-00,7.111154614031785,64.60281226683885
rnaseq-mar-3~+00-23-00,14.065513111855974,64.60281226683885
rnaseq-mar-3~+01-00-00,24.95587172172762,64.60281226683885
