trace,op_ems,emb_ems
sarek-jun-1,15397.119241217953,180.2085610425426
sarek-jun-1~+00-01-00,15316.41480584995,180.2085610425426
sarek-jun-1~+00-02-00,14992.049981260081,180.2085610425426
sarek-jun-1~+00-03-00,14717.99433527243,180.2085610425426
sarek-jun-1~+00-04-00,14289.476961542226,180.2085610425426
sarek-jun-1~+00-05-00,14078.657391908908,180.2085610425426
sarek-jun-1~+00-06-00,14140.751026714075,180.2085610425426
sarek-jun-1~+00-07-00,14281.423821087074,180.2085610425426
sarek-jun-1~+00-08-00,14451.197584079182,180.2085610425426
sarek-jun-1~+00-09-00,14551.40105246226,180.2085610425426
sarek-jun-1~+00-10-00,14581.546701960959,180.2085610425426
sarek-jun-1~+00-11-00,14703.463004065507,180.2085610425426
sarek-jun-1~+00-12-00,15081.928254501709,180.2085610425426
sarek-jun-1~+00-13-00,15651.182142926371,180.2085610425426
sarek-jun-1~+00-14-00,16071.759696298086,180.2085610425426
sarek-jun-1~+00-15-00,16365.884685689036,180.2085610425426
sarek-jun-1~+00-16-00,16538.876728223655,180.2085610425426
sarek-jun-1~+00-17-00,16574.02529500306,180.2085610425426
sarek-jun-1~+00-18-00,16552.86861256422,180.2085610425426
sarek-jun-1~+00-19-00,16597.019058980906,180.2085610425426
sarek-jun-1~+00-20-00,16637.296614399467,180.2085610425426
sarek-jun-1~+00-21-00,16691.27774953917,180.2085610425426
sarek-jun-1~+00-22-00,16643.974522267716,180.2085610425426
sarek-jun-1~+00-23-00,16519.407220931887,180.2085610425426
sarek-jun-1~+01-00-00,16318.973341281839,180.2085610425426
