trace,op_ems,emb_ems
rangeland-mar-1,2370.7579819761436,56.24585137653058
rangeland-mar-1~+00-01-00,2309.8229593303636,56.24585137653058
rangeland-mar-1~+00-02-00,2228.386178084185,56.24585137653058
rangeland-mar-1~+00-03-00,2094.373667843,56.24585137653058
rangeland-mar-1~+00-04-00,1940.182905517214,56.24585137653058
rangeland-mar-1~+00-05-00,1814.0201263302692,56.24585137653058
rangeland-mar-1~+00-06-00,1750.2275155908515,56.24585137653058
rangeland-mar-1~+00-07-00,1735.2757296606853,56.24585137653058
rangeland-mar-1~+00-08-00,1787.0254663725295,56.24585137653058
rangeland-mar-1~+00-09-00,2015.9322757393807,56.24585137653058
rangeland-mar-1~+00-10-00,2148.8497518173504,56.24585137653058
rangeland-mar-1~+00-11-00,2166.01362628061,56.24585137653058
rangeland-mar-1~+00-12-00,2179.794228569926,56.24585137653058
rangeland-mar-1~+00-13-00,2174.062782141957,56.24585137653058
rangeland-mar-1~+00-14-00,2149.4869732325765,56.24585137653058
rangeland-mar-1~+00-15-00,2089.0216052249716,56.24585137653058
rangeland-mar-1~+00-16-00,1905.247099157144,56.24585137653058
rangeland-mar-1~+00-17-00,1761.6048281425535,56.24585137653058
rangeland-mar-1~+00-18-00,1708.3446326255169,56.24585137653058
rangeland-mar-1~+00-19-00,1687.32164289057,56.24585137653058
rangeland-mar-1~+00-20-00,1720.6844600380832,56.24585137653058
rangeland-mar-1~+00-21-00,1781.7640347014492,56.24585137653058
rangeland-mar-1~+00-22-00,1835.1369738280268,56.24585137653058
rangeland-mar-1~+00-23-00,1836.3241991851828,56.24585137653058
rangeland-mar-1~+01-00-00,1813.7185732857968,56.24585137653058
