trace,op_ems,emb_ems
sarek-dec-3,21394.31342204525,183.31733251806511
sarek-dec-3~+00-01-00,21585.9482498593,183.31733251806511
sarek-dec-3~+00-02-00,22221.36926042232,183.31733251806511
sarek-dec-3~+00-03-00,22630.36551694715,183.31733251806511
sarek-dec-3~+00-04-00,23002.29668403565,183.31733251806511
sarek-dec-3~+00-05-00,20749.28609884474,183.31733251806511
sarek-dec-3~+00-06-00,16147.054387713011,183.31733251806511
sarek-dec-3~+00-07-00,15078.29242274044,183.31733251806511
sarek-dec-3~+00-08-00,14261.507923414423,183.31733251806511
sarek-dec-3~+00-09-00,15547.3500823782,183.31733251806511
sarek-dec-3~+00-10-00,17553.393504931613,183.31733251806511
sarek-dec-3~+00-11-00,20622.718855717274,183.31733251806511
sarek-dec-3~+00-12-00,21802.516502601564,183.31733251806511
sarek-dec-3~+00-13-00,22031.322763596378,183.31733251806511
sarek-dec-3~+00-14-00,22022.89729292941,183.31733251806511
sarek-dec-3~+00-15-00,22131.317607456775,183.31733251806511
sarek-dec-3~+00-16-00,22212.383878263874,183.31733251806511
sarek-dec-3~+00-17-00,22190.9153736921,183.31733251806511
sarek-dec-3~+00-18-00,22356.94543451992,183.31733251806511
sarek-dec-3~+00-19-00,22372.916067961414,183.31733251806511
sarek-dec-3~+00-20-00,22382.975283997126,183.31733251806511
sarek-dec-3~+00-21-00,22347.050970335255,183.31733251806511
sarek-dec-3~+00-22-00,22178.84145661547,183.31733251806511
sarek-dec-3~+00-23-00,22085.305032140583,183.31733251806511
sarek-dec-3~+01-00-00,21850.620387157698,183.31733251806511
