trace,op_ems,emb_ems
chipseq-feb-2,12704.374931092012,98.55920482780722
chipseq-feb-2~+00-01-00,12769.957431840696,98.55920482780722
chipseq-feb-2~+00-02-00,12876.088340434972,98.55920482780722
chipseq-feb-2~+00-03-00,13003.37520139429,98.55920482780722
chipseq-feb-2~+00-04-00,12975.724274220136,98.55920482780722
chipseq-feb-2~+00-05-00,12975.37834385577,98.55920482780722
chipseq-feb-2~+00-06-00,12986.671282574553,98.55920482780722
chipseq-feb-2~+00-07-00,13053.482597352207,98.55920482780722
chipseq-feb-2~+00-08-00,11137.394772619951,98.55920482780722
chipseq-feb-2~+00-09-00,5560.480399307554,98.55920482780722
chipseq-feb-2~+00-10-00,3397.2121359165017,98.55920482780722
chipseq-feb-2~+00-11-00,6193.122095334528,98.55920482780722
chipseq-feb-2~+00-12-00,10622.597309352304,98.55920482780722
chipseq-feb-2~+00-13-00,11870.819687805011,98.55920482780722
chipseq-feb-2~+00-14-00,10502.027036153153,98.55920482780722
chipseq-feb-2~+00-15-00,10253.760730836211,98.55920482780722
chipseq-feb-2~+00-16-00,10262.188311009477,98.55920482780722
chipseq-feb-2~+00-17-00,9516.279415541729,98.55920482780722
chipseq-feb-2~+00-18-00,9543.411004853087,98.55920482780722
chipseq-feb-2~+00-19-00,10493.87599015363,98.55920482780722
chipseq-feb-2~+00-20-00,12202.825500445326,98.55920482780722
chipseq-feb-2~+00-21-00,13152.365111923891,98.55920482780722
chipseq-feb-2~+00-22-00,13299.523762106372,98.55920482780722
chipseq-feb-2~+00-23-00,13186.841893295834,98.55920482780722
chipseq-feb-2~+01-00-00,12926.360681125336,98.55920482780722
