trace,op_ems,emb_ems
rangeland-apr-2,3331.4487240682492,56.10015765457453
rangeland-apr-2~+00-01-00,3324.7766251780686,56.10015765457453
rangeland-apr-2~+00-02-00,3326.0420774937998,56.10015765457453
rangeland-apr-2~+00-03-00,3355.7141575982264,56.10015765457453
rangeland-apr-2~+00-04-00,3490.217340376201,56.10015765457453
rangeland-apr-2~+00-05-00,3336.78400441111,56.10015765457453
rangeland-apr-2~+00-06-00,3213.2094174275144,56.10015765457453
rangeland-apr-2~+00-07-00,3203.550122623376,56.10015765457453
rangeland-apr-2~+00-08-00,3253.9318283221246,56.10015765457453
rangeland-apr-2~+00-09-00,3322.8326654591483,56.10015765457453
rangeland-apr-2~+00-10-00,3376.458800270953,56.10015765457453
rangeland-apr-2~+00-11-00,3327.1429034119333,56.10015765457453
rangeland-apr-2~+00-12-00,3365.594687088624,56.10015765457453
rangeland-apr-2~+00-13-00,3411.0739285258273,56.10015765457453
rangeland-apr-2~+00-14-00,3430.8748526169643,56.10015765457453
rangeland-apr-2~+00-15-00,3360.779903440173,56.10015765457453
rangeland-apr-2~+00-16-00,3258.206416747941,56.10015765457453
rangeland-apr-2~+00-17-00,3131.4910392247257,56.10015765457453
rangeland-apr-2~+00-18-00,3014.418042583303,56.10015765457453
rangeland-apr-2~+00-19-00,2929.4930785842466,56.10015765457453
rangeland-apr-2~+00-20-00,2935.668939040324,56.10015765457453
rangeland-apr-2~+00-21-00,2997.839042517262,56.10015765457453
rangeland-apr-2~+00-22-00,3110.0307321903592,56.10015765457453
rangeland-apr-2~+00-23-00,3149.408590791324,56.10015765457453
rangeland-apr-2~+01-00-00,3141.848834637078,56.10015765457453
