trace,op_ems,emb_ems
rnaseq-feb-2,3584.477574313175,59.0952985091386
rnaseq-feb-2~+00-01-00,3743.9913447398317,59.0952985091386
rnaseq-feb-2~+00-02-00,4005.881547805836,59.0952985091386
rnaseq-feb-2~+00-03-00,4056.651088229418,59.0952985091386
rnaseq-feb-2~+00-04-00,3730.2461486915095,59.0952985091386
rnaseq-feb-2~+00-05-00,3304.035097216883,59.0952985091386
rnaseq-feb-2~+00-06-00,3171.5517176426797,59.0952985091386
rnaseq-feb-2~+00-07-00,3157.360426473585,59.0952985091386
rnaseq-feb-2~+00-08-00,3114.78764530858,59.0952985091386
rnaseq-feb-2~+00-09-00,3069.020794513332,59.0952985091386
rnaseq-feb-2~+00-10-00,3089.958187069882,59.0952985091386
rnaseq-feb-2~+00-11-00,3199.3847541264377,59.0952985091386
rnaseq-feb-2~+00-12-00,3634.102201207726,59.0952985091386
rnaseq-feb-2~+00-13-00,4662.180882046926,59.0952985091386
rnaseq-feb-2~+00-14-00,5863.920060137481,59.0952985091386
rnaseq-feb-2~+00-15-00,6503.032054779947,59.0952985091386
rnaseq-feb-2~+00-16-00,6600.716758500424,59.0952985091386
rnaseq-feb-2~+00-17-00,6580.398167231095,59.0952985091386
rnaseq-feb-2~+00-18-00,6478.4416710272335,59.0952985091386
rnaseq-feb-2~+00-19-00,6314.1712826258745,59.0952985091386
rnaseq-feb-2~+00-20-00,6093.92689822692,59.0952985091386
rnaseq-feb-2~+00-21-00,5788.594415397002,59.0952985091386
rnaseq-feb-2~+00-22-00,5483.985837525232,59.0952985091386
rnaseq-feb-2~+00-23-00,5238.108927998599,59.0952985091386
rnaseq-feb-2~+01-00-00,5059.363599445296,59.0952985091386
