trace,op_ems,emb_ems
chipseq-dec-3,12248.105234246586,100.15869459141447
chipseq-dec-3~+00-01-00,12171.149183261196,100.15869459141447
chipseq-dec-3~+00-02-00,12098.214579443387,100.15869459141447
chipseq-dec-3~+00-03-00,12342.163242030501,100.15869459141447
chipseq-dec-3~+00-04-00,12912.254250514807,100.15869459141447
chipseq-dec-3~+00-05-00,13324.26630223529,100.15869459141447
chipseq-dec-3~+00-06-00,13141.582227562085,100.15869459141447
chipseq-dec-3~+00-07-00,11238.532248886617,100.15869459141447
chipseq-dec-3~+00-08-00,6501.677668539953,100.15869459141447
chipseq-dec-3~+00-09-00,4774.499782542584,100.15869459141447
chipseq-dec-3~+00-10-00,8251.395726989727,100.15869459141447
chipseq-dec-3~+00-11-00,11865.09911221355,100.15869459141447
chipseq-dec-3~+00-12-00,12333.73875264047,100.15869459141447
chipseq-dec-3~+00-13-00,12407.577236908584,100.15869459141447
chipseq-dec-3~+00-14-00,12476.777290457883,100.15869459141447
chipseq-dec-3~+00-15-00,12576.841538125716,100.15869459141447
chipseq-dec-3~+00-16-00,12598.83850955432,100.15869459141447
chipseq-dec-3~+00-17-00,12633.323575800132,100.15869459141447
chipseq-dec-3~+00-18-00,12621.39010370669,100.15869459141447
chipseq-dec-3~+00-19-00,12690.74833243453,100.15869459141447
chipseq-dec-3~+00-20-00,12708.910503495696,100.15869459141447
chipseq-dec-3~+00-21-00,12805.743967592449,100.15869459141447
chipseq-dec-3~+00-22-00,12794.28022385699,100.15869459141447
chipseq-dec-3~+00-23-00,12633.239473047268,100.15869459141447
chipseq-dec-3~+01-00-00,12544.808931988731,100.15869459141447
