trace,op_ems,emb_ems
rnaseq-jan-1,2604.56184681201,62.89105340684976
rnaseq-jan-1~+00-01-00,3497.895573941463,62.89105340684976
rnaseq-jan-1~+00-02-00,6450.253686039645,62.89105340684976
rnaseq-jan-1~+00-03-00,7756.871025026623,62.89105340684976
rnaseq-jan-1~+00-04-00,6947.303309798552,62.89105340684976
rnaseq-jan-1~+00-05-00,3443.3578983282596,62.89105340684976
rnaseq-jan-1~+00-06-00,749.976581508465,62.89105340684976
rnaseq-jan-1~+00-07-00,9.436073090743148,62.89105340684976
rnaseq-jan-1~+00-08-00,9.311124886628582,62.89105340684976
rnaseq-jan-1~+00-09-00,8.978721641456104,62.89105340684976
rnaseq-jan-1~+00-10-00,11.309153468395046,62.89105340684976
rnaseq-jan-1~+00-11-00,14.333733132756597,62.89105340684976
rnaseq-jan-1~+00-12-00,518.9358736405796,62.89105340684976
rnaseq-jan-1~+00-13-00,3567.36522296486,62.89105340684976
rnaseq-jan-1~+00-14-00,6502.693765784533,62.89105340684976
rnaseq-jan-1~+00-15-00,7822.551043642371,62.89105340684976
rnaseq-jan-1~+00-16-00,7791.692285873016,62.89105340684976
rnaseq-jan-1~+00-17-00,7861.216864362058,62.89105340684976
rnaseq-jan-1~+00-18-00,7987.115614040767,62.89105340684976
rnaseq-jan-1~+00-19-00,7968.920624916863,62.89105340684976
rnaseq-jan-1~+00-20-00,7875.230585928223,62.89105340684976
rnaseq-jan-1~+00-21-00,7812.232554889964,62.89105340684976
rnaseq-jan-1~+00-22-00,7631.94434593636,62.89105340684976
rnaseq-jan-1~+00-23-00,7819.220009767405,62.89105340684976
rnaseq-jan-1~+01-00-00,7762.063716517532,62.89105340684976
