trace,op_ems,emb_ems
rangeland-mar-1,5778.111476958972,56.33951064719725
rangeland-mar-1~+00-01-00,6012.309257522761,56.33951064719725
rangeland-mar-1~+00-02-00,6021.681493258204,56.33951064719725
rangeland-mar-1~+00-03-00,6048.2112194989895,56.33951064719725
rangeland-mar-1~+00-04-00,6039.1118508562895,56.33951064719725
rangeland-mar-1~+00-05-00,6046.442119538116,56.33951064719725
rangeland-mar-1~+00-06-00,6037.436269302633,56.33951064719725
rangeland-mar-1~+00-07-00,6032.547096507166,56.33951064719725
rangeland-mar-1~+00-08-00,6007.479404475563,56.33951064719725
rangeland-mar-1~+00-09-00,5957.0167390379975,56.33951064719725
rangeland-mar-1~+00-10-00,5976.409509243185,56.33951064719725
rangeland-mar-1~+00-11-00,5835.691611829875,56.33951064719725
rangeland-mar-1~+00-12-00,4519.107308283388,56.33951064719725
rangeland-mar-1~+00-13-00,3711.8206288140796,56.33951064719725
rangeland-mar-1~+00-14-00,2900.608105548004,56.33951064719725
rangeland-mar-1~+00-15-00,2098.363207172539,56.33951064719725
rangeland-mar-1~+00-16-00,1319.6227689569205,56.33951064719725
rangeland-mar-1~+00-17-00,499.63189494353867,56.33951064719725
rangeland-mar-1~+00-18-00,7.737700568919671,56.33951064719725
rangeland-mar-1~+00-19-00,10.907112997279535,56.33951064719725
rangeland-mar-1~+00-20-00,11.87433966349739,56.33951064719725
rangeland-mar-1~+00-21-00,13.165209644958935,56.33951064719725
rangeland-mar-1~+00-22-00,601.8080135005662,56.33951064719725
rangeland-mar-1~+00-23-00,1303.362907878378,56.33951064719725
rangeland-mar-1~+01-00-00,1648.600657053178,56.33951064719725
