trace,op_ems,emb_ems
chipseq-jan-3,4353.638190597823,95.28231502287919
chipseq-jan-3~+00-01-00,4780.0397241284,95.28231502287919
chipseq-jan-3~+00-02-00,5266.659853792604,95.28231502287919
chipseq-jan-3~+00-03-00,5593.306708186705,95.28231502287919
chipseq-jan-3~+00-04-00,5654.446696086383,95.28231502287919
chipseq-jan-3~+00-05-00,5536.364166729381,95.28231502287919
chipseq-jan-3~+00-06-00,5395.537256850388,95.28231502287919
chipseq-jan-3~+00-07-00,5336.026961116567,95.28231502287919
chipseq-jan-3~+00-08-00,5351.589249947862,95.28231502287919
chipseq-jan-3~+00-09-00,5352.8296805401515,95.28231502287919
chipseq-jan-3~+00-10-00,5395.269096976086,95.28231502287919
chipseq-jan-3~+00-11-00,5558.05989184083,95.28231502287919
chipseq-jan-3~+00-12-00,5818.000714555057,95.28231502287919
chipseq-jan-3~+00-13-00,6048.772574060036,95.28231502287919
chipseq-jan-3~+00-14-00,6249.2746957853915,95.28231502287919
chipseq-jan-3~+00-15-00,6388.064449740512,95.28231502287919
chipseq-jan-3~+00-16-00,6413.106734975215,95.28231502287919
chipseq-jan-3~+00-17-00,6218.706440569291,95.28231502287919
chipseq-jan-3~+00-18-00,5807.995808653214,95.28231502287919
chipseq-jan-3~+00-19-00,5427.557789325259,95.28231502287919
chipseq-jan-3~+00-20-00,5259.667005722726,95.28231502287919
chipseq-jan-3~+00-21-00,5250.151884807767,95.28231502287919
chipseq-jan-3~+00-22-00,5280.644509564645,95.28231502287919
chipseq-jan-3~+00-23-00,5386.308948286788,95.28231502287919
chipseq-jan-3~+01-00-00,5708.557992117987,95.28231502287919
