trace,op_ems,emb_ems
chipseq-dec-2,12079.51088248502,98.55920482780722
chipseq-dec-2~+00-01-00,12003.143924468539,98.55920482780722
chipseq-dec-2~+00-02-00,11928.000921589248,98.55920482780722
chipseq-dec-2~+00-03-00,12167.112965340484,98.55920482780722
chipseq-dec-2~+00-04-00,12730.920793062669,98.55920482780722
chipseq-dec-2~+00-05-00,13137.367769573566,98.55920482780722
chipseq-dec-2~+00-06-00,12996.782240391703,98.55920482780722
chipseq-dec-2~+00-07-00,11151.100253314216,98.55920482780722
chipseq-dec-2~+00-08-00,6373.210109096486,98.55920482780722
chipseq-dec-2~+00-09-00,4671.262439435216,98.55920482780722
chipseq-dec-2~+00-10-00,8161.740898579893,98.55920482780722
chipseq-dec-2~+00-11-00,11683.648703661056,98.55920482780722
chipseq-dec-2~+00-12-00,12161.978924128141,98.55920482780722
chipseq-dec-2~+00-13-00,12236.701949600274,98.55920482780722
chipseq-dec-2~+00-14-00,12301.810379898576,98.55920482780722
chipseq-dec-2~+00-15-00,12401.016693425816,98.55920482780722
chipseq-dec-2~+00-16-00,12423.950689307701,98.55920482780722
chipseq-dec-2~+00-17-00,12456.481007124668,98.55920482780722
chipseq-dec-2~+00-18-00,12445.878948583511,98.55920482780722
chipseq-dec-2~+00-19-00,12510.587393603137,98.55920482780722
chipseq-dec-2~+00-20-00,12530.836510791427,98.55920482780722
chipseq-dec-2~+00-21-00,12627.244560704525,98.55920482780722
chipseq-dec-2~+00-22-00,12612.849459267927,98.55920482780722
chipseq-dec-2~+00-23-00,12454.200528375617,98.55920482780722
chipseq-dec-2~+01-00-00,12372.155511226809,98.55920482780722
