trace,op_ems,emb_ems
rnaseq-apr-1,3867.208615493779,60.34201273201991
rnaseq-apr-1~+00-01-00,4212.250958335294,60.34201273201991
rnaseq-apr-1~+00-02-00,4680.021416224428,60.34201273201991
rnaseq-apr-1~+00-03-00,4947.086208328527,60.34201273201991
rnaseq-apr-1~+00-04-00,4743.820110738944,60.34201273201991
rnaseq-apr-1~+00-05-00,4231.246565332237,60.34201273201991
rnaseq-apr-1~+00-06-00,3895.7765274316375,60.34201273201991
rnaseq-apr-1~+00-07-00,3919.5850210757394,60.34201273201991
rnaseq-apr-1~+00-08-00,4455.323715381978,60.34201273201991
rnaseq-apr-1~+00-09-00,4873.435814197579,60.34201273201991
rnaseq-apr-1~+00-10-00,4558.142172707175,60.34201273201991
rnaseq-apr-1~+00-11-00,3926.682917245451,60.34201273201991
rnaseq-apr-1~+00-12-00,3901.2200931593966,60.34201273201991
rnaseq-apr-1~+00-13-00,4140.863386895586,60.34201273201991
rnaseq-apr-1~+00-14-00,4412.423143540467,60.34201273201991
rnaseq-apr-1~+00-15-00,4704.414377285891,60.34201273201991
rnaseq-apr-1~+00-16-00,4848.581514871928,60.34201273201991
rnaseq-apr-1~+00-17-00,4696.475159000388,60.34201273201991
rnaseq-apr-1~+00-18-00,4394.712818537252,60.34201273201991
rnaseq-apr-1~+00-19-00,4095.797296354767,60.34201273201991
rnaseq-apr-1~+00-20-00,3801.05752142633,60.34201273201991
rnaseq-apr-1~+00-21-00,3575.537651786796,60.34201273201991
rnaseq-apr-1~+00-22-00,3588.398098687431,60.34201273201991
rnaseq-apr-1~+00-23-00,3714.3630199667773,60.34201273201991
rnaseq-apr-1~+01-00-00,3899.5891839968917,60.34201273201991
