trace,op_ems,emb_ems
rangeland-aug-1,3240.4410417069985,56.24585137653058
rangeland-aug-1~+00-01-00,3237.7361214601606,56.24585137653058
rangeland-aug-1~+00-02-00,3285.279756053918,56.24585137653058
rangeland-aug-1~+00-03-00,3309.256015468598,56.24585137653058
rangeland-aug-1~+00-04-00,3284.467838278604,56.24585137653058
rangeland-aug-1~+00-05-00,3244.540594422078,56.24585137653058
rangeland-aug-1~+00-06-00,3279.4901059159915,56.24585137653058
rangeland-aug-1~+00-07-00,3373.3534607715837,56.24585137653058
rangeland-aug-1~+00-08-00,3429.1615630910424,56.24585137653058
rangeland-aug-1~+00-09-00,3420.629815616672,56.24585137653058
rangeland-aug-1~+00-10-00,3476.52903896925,56.24585137653058
rangeland-aug-1~+00-11-00,3558.135543316948,56.24585137653058
rangeland-aug-1~+00-12-00,3607.1692778733923,56.24585137653058
rangeland-aug-1~+00-13-00,3629.0851497476974,56.24585137653058
rangeland-aug-1~+00-14-00,3643.725523829013,56.24585137653058
rangeland-aug-1~+00-15-00,3660.1025742042543,56.24585137653058
rangeland-aug-1~+00-16-00,3685.4498392053492,56.24585137653058
rangeland-aug-1~+00-17-00,3653.34044649926,56.24585137653058
rangeland-aug-1~+00-18-00,3589.141904256695,56.24585137653058
rangeland-aug-1~+00-19-00,3547.992326411106,56.24585137653058
rangeland-aug-1~+00-20-00,3560.1108117301906,56.24585137653058
rangeland-aug-1~+00-21-00,3613.7092361999858,56.24585137653058
rangeland-aug-1~+00-22-00,3660.616463883636,56.24585137653058
rangeland-aug-1~+00-23-00,3602.706846081429,56.24585137653058
rangeland-aug-1~+01-00-00,3470.6397317613437,56.24585137653058
