trace,op_ems,emb_ems
chipseq-jan-1,4381.496688790444,95.2845684694022
chipseq-jan-1~+00-01-00,4816.621698247346,95.2845684694022
chipseq-jan-1~+00-02-00,5290.770431881355,95.2845684694022
chipseq-jan-1~+00-03-00,5596.732027365116,95.2845684694022
chipseq-jan-1~+00-04-00,5646.652028966913,95.2845684694022
chipseq-jan-1~+00-05-00,5525.577789261839,95.2845684694022
chipseq-jan-1~+00-06-00,5392.681981131591,95.2845684694022
chipseq-jan-1~+00-07-00,5342.876756700114,95.2845684694022
chipseq-jan-1~+00-08-00,5349.592520642911,95.2845684694022
chipseq-jan-1~+00-09-00,5353.674266658626,95.2845684694022
chipseq-jan-1~+00-10-00,5405.695736794608,95.2845684694022
chipseq-jan-1~+00-11-00,5580.290497507876,95.2845684694022
chipseq-jan-1~+00-12-00,5828.89390862899,95.2845684694022
chipseq-jan-1~+00-13-00,6066.819433567739,95.2845684694022
chipseq-jan-1~+00-14-00,6255.520383084943,95.2845684694022
chipseq-jan-1~+00-15-00,6398.404662891248,95.2845684694022
chipseq-jan-1~+00-16-00,6404.677184695363,95.2845684694022
chipseq-jan-1~+00-17-00,6188.869895947137,95.2845684694022
chipseq-jan-1~+00-18-00,5781.015181065772,95.2845684694022
chipseq-jan-1~+00-19-00,5420.214402500204,95.2845684694022
chipseq-jan-1~+00-20-00,5263.626917046234,95.2845684694022
chipseq-jan-1~+00-21-00,5251.5069655845,95.2845684694022
chipseq-jan-1~+00-22-00,5283.833956403397,95.2845684694022
chipseq-jan-1~+00-23-00,5402.664978079113,95.2845684694022
chipseq-jan-1~+01-00-00,5747.081375718924,95.2845684694022
