trace,op_ems,emb_ems
nanoseq-jun-2,129.49573967721832,2.2810001647780567
nanoseq-jun-2~+00-01-00,128.9897180514667,2.2810001647780567
nanoseq-jun-2~+00-02-00,127.53820916142593,2.2810001647780567
nanoseq-jun-2~+00-03-00,124.17534286941337,2.2810001647780567
nanoseq-jun-2~+00-04-00,120.35760822600459,2.2810001647780567
nanoseq-jun-2~+00-05-00,119.28657914806844,2.2810001647780567
nanoseq-jun-2~+00-06-00,120.07009162399201,2.2810001647780567
nanoseq-jun-2~+00-07-00,121.3376299134454,2.2810001647780567
nanoseq-jun-2~+00-08-00,122.71863896195453,2.2810001647780567
nanoseq-jun-2~+00-09-00,123.37959786285907,2.2810001647780567
nanoseq-jun-2~+00-10-00,124.08220988671245,2.2810001647780567
nanoseq-jun-2~+00-11-00,125.8296646297597,2.2810001647780567
nanoseq-jun-2~+00-12-00,129.05040562832278,2.2810001647780567
nanoseq-jun-2~+00-13-00,132.91963548118025,2.2810001647780567
nanoseq-jun-2~+00-14-00,136.54486723701956,2.2810001647780567
nanoseq-jun-2~+00-15-00,139.45347483548926,2.2810001647780567
nanoseq-jun-2~+00-16-00,140.68739606459368,2.2810001647780567
nanoseq-jun-2~+00-17-00,140.39549430411893,2.2810001647780567
nanoseq-jun-2~+00-18-00,140.31546751541225,2.2810001647780567
nanoseq-jun-2~+00-19-00,140.63697608445102,2.2810001647780567
nanoseq-jun-2~+00-20-00,141.18297218216367,2.2810001647780567
nanoseq-jun-2~+00-21-00,141.3119914007929,2.2810001647780567
nanoseq-jun-2~+00-22-00,140.78131902389458,2.2810001647780567
nanoseq-jun-2~+00-23-00,139.5633398294742,2.2810001647780567
nanoseq-jun-2~+01-00-00,136.8888795964268,2.2810001647780567
