trace,op_ems,emb_ems
nanoseq-nov-1,164.15864229779334,2.2463699711004637
nanoseq-nov-1~+00-01-00,153.7793040069563,2.2463699711004637
nanoseq-nov-1~+00-02-00,139.88182647209825,2.2463699711004637
nanoseq-nov-1~+00-03-00,124.89783839914445,2.2463699711004637
nanoseq-nov-1~+00-04-00,111.19233370331098,2.2463699711004637
nanoseq-nov-1~+00-05-00,104.03497048549895,2.2463699711004637
nanoseq-nov-1~+00-06-00,103.24917169163771,2.2463699711004637
nanoseq-nov-1~+00-07-00,103.9957156081193,2.2463699711004637
nanoseq-nov-1~+00-08-00,106.72858582159358,2.2463699711004637
nanoseq-nov-1~+00-09-00,114.43316717014497,2.2463699711004637
nanoseq-nov-1~+00-10-00,125.40428035772952,2.2463699711004637
nanoseq-nov-1~+00-11-00,136.15782454127321,2.2463699711004637
nanoseq-nov-1~+00-12-00,145.53755486796706,2.2463699711004637
nanoseq-nov-1~+00-13-00,149.57410163861329,2.2463699711004637
nanoseq-nov-1~+00-14-00,144.84938043542164,2.2463699711004637
nanoseq-nov-1~+00-15-00,135.3868975348527,2.2463699711004637
nanoseq-nov-1~+00-16-00,125.65101183892995,2.2463699711004637
nanoseq-nov-1~+00-17-00,116.28166246949111,2.2463699711004637
nanoseq-nov-1~+00-18-00,108.28253223955683,2.2463699711004637
nanoseq-nov-1~+00-19-00,102.63430679589362,2.2463699711004637
nanoseq-nov-1~+00-20-00,98.31677862090218,2.2463699711004637
nanoseq-nov-1~+00-21-00,94.46190108436075,2.2463699711004637
nanoseq-nov-1~+00-22-00,91.64071014433416,2.2463699711004637
nanoseq-nov-1~+00-23-00,89.53834086107351,2.2463699711004637
nanoseq-nov-1~+01-00-00,86.62008611502432,2.2463699711004637
