trace,op_ems,emb_ems
nanoseq-sep-1,184.23441291968763,2.2493885276446886
nanoseq-sep-1~+00-01-00,182.3737553017398,2.2493885276446886
nanoseq-sep-1~+00-02-00,181.55251248906094,2.2493885276446886
nanoseq-sep-1~+00-03-00,183.46245546548914,2.2493885276446886
nanoseq-sep-1~+00-04-00,186.04276401090254,2.2493885276446886
nanoseq-sep-1~+00-05-00,186.57955350821956,2.2493885276446886
nanoseq-sep-1~+00-06-00,188.47161942347853,2.2493885276446886
nanoseq-sep-1~+00-07-00,190.86688372583578,2.2493885276446886
nanoseq-sep-1~+00-08-00,192.80488480775887,2.2493885276446886
nanoseq-sep-1~+00-09-00,193.63143151147563,2.2493885276446886
nanoseq-sep-1~+00-10-00,191.57057001344737,2.2493885276446886
nanoseq-sep-1~+00-11-00,187.7874690634532,2.2493885276446886
nanoseq-sep-1~+00-12-00,184.4197433058602,2.2493885276446886
nanoseq-sep-1~+00-13-00,181.56052666769784,2.2493885276446886
nanoseq-sep-1~+00-14-00,179.41330573158135,2.2493885276446886
nanoseq-sep-1~+00-15-00,180.54232460687996,2.2493885276446886
nanoseq-sep-1~+00-16-00,182.89636997794238,2.2493885276446886
nanoseq-sep-1~+00-17-00,184.9780376670694,2.2493885276446886
nanoseq-sep-1~+00-18-00,186.94293936762628,2.2493885276446886
nanoseq-sep-1~+00-19-00,188.1797897526756,2.2493885276446886
nanoseq-sep-1~+00-20-00,188.5753864512866,2.2493885276446886
nanoseq-sep-1~+00-21-00,186.69793009662263,2.2493885276446886
nanoseq-sep-1~+00-22-00,186.54162269228615,2.2493885276446886
nanoseq-sep-1~+00-23-00,187.1625398774751,2.2493885276446886
nanoseq-sep-1~+01-00-00,187.76318408749157,2.2493885276446886
