trace,op_ems,emb_ems
montage-dec-1,589.8052595070009,5.110399681598096
montage-dec-1~+00-01-00,577.0729800950381,5.110399681598096
montage-dec-1~+00-02-00,580.4367609078773,5.110399681598096
montage-dec-1~+00-03-00,568.9612988025434,5.110399681598096
montage-dec-1~+00-04-00,556.3295502537115,5.110399681598096
montage-dec-1~+00-05-00,574.6102271953741,5.110399681598096
montage-dec-1~+00-06-00,568.9735204161299,5.110399681598096
montage-dec-1~+00-07-00,579.9538028162025,5.110399681598096
montage-dec-1~+00-08-00,605.0016529339041,5.110399681598096
montage-dec-1~+00-09-00,1.0092018127086309,5.110399681598096
montage-dec-1~+00-10-00,0.5095696279931134,5.110399681598096
montage-dec-1~+00-11-00,0.5095696279931134,5.110399681598096
montage-dec-1~+00-12-00,0.7535753012143712,5.110399681598096
montage-dec-1~+00-13-00,1.1688727546136162,5.110399681598096
montage-dec-1~+00-14-00,585.4581417336595,5.110399681598096
montage-dec-1~+00-15-00,596.2713140801624,5.110399681598096
montage-dec-1~+00-16-00,584.3470864615962,5.110399681598096
montage-dec-1~+00-17-00,584.3089372637064,5.110399681598096
montage-dec-1~+00-18-00,580.397992133174,5.110399681598096
montage-dec-1~+00-19-00,577.0747311434519,5.110399681598096
montage-dec-1~+00-20-00,574.4458325182181,5.110399681598096
montage-dec-1~+00-21-00,571.0085328906736,5.110399681598096
montage-dec-1~+00-22-00,570.9084632593485,5.110399681598096
montage-dec-1~+00-23-00,571.7805691690014,5.110399681598096
montage-dec-1~+01-00-00,567.2280508930907,5.110399681598096
