trace,op_ems,emb_ems
mag-oct-3,17199.05779553386,170.67367805536568
mag-oct-3~+00-01-00,17065.34223961247,170.67367805536568
mag-oct-3~+00-02-00,17050.07883463415,170.67367805536568
mag-oct-3~+00-03-00,16973.667258895257,170.67367805536568
mag-oct-3~+00-04-00,16987.984355662476,170.67367805536568
mag-oct-3~+00-05-00,16966.319133862038,170.67367805536568
mag-oct-3~+00-06-00,16907.207358422653,170.67367805536568
mag-oct-3~+00-07-00,16850.38121288773,170.67367805536568
mag-oct-3~+00-08-00,16743.143426731367,170.67367805536568
mag-oct-3~+00-09-00,16804.508693343327,170.67367805536568
mag-oct-3~+00-10-00,17037.16873556887,170.67367805536568
mag-oct-3~+00-11-00,17257.59299014323,170.67367805536568
mag-oct-3~+00-12-00,17464.399357961003,170.67367805536568
mag-oct-3~+00-13-00,17560.773538202855,170.67367805536568
mag-oct-3~+00-14-00,17561.26776430321,170.67367805536568
mag-oct-3~+00-15-00,17581.67845193675,170.67367805536568
mag-oct-3~+00-16-00,17555.107467348,170.67367805536568
mag-oct-3~+00-17-00,17595.68760038359,170.67367805536568
mag-oct-3~+00-18-00,17628.128957771718,170.67367805536568
mag-oct-3~+00-19-00,17687.905176900033,170.67367805536568
mag-oct-3~+00-20-00,17877.401770676428,170.67367805536568
mag-oct-3~+00-21-00,17975.646439067237,170.67367805536568
mag-oct-3~+00-22-00,17879.15972773355,170.67367805536568
mag-oct-3~+00-23-00,17594.540306460694,170.67367805536568
mag-oct-3~+01-00-00,17329.452763332814,170.67367805536568
