trace,op_ems,emb_ems
chipseq-nov-1,12314.029562236945,100.71517209432965
chipseq-nov-1~+00-01-00,12436.087427803195,100.71517209432965
chipseq-nov-1~+00-02-00,12637.380348900142,100.71517209432965
chipseq-nov-1~+00-03-00,12933.264546911527,100.71517209432965
chipseq-nov-1~+00-04-00,13373.118982091028,100.71517209432965
chipseq-nov-1~+00-05-00,13282.285115265744,100.71517209432965
chipseq-nov-1~+00-06-00,13178.378335840529,100.71517209432965
chipseq-nov-1~+00-07-00,13026.293445104935,100.71517209432965
chipseq-nov-1~+00-08-00,12733.607165917138,100.71517209432965
chipseq-nov-1~+00-09-00,12828.967518206204,100.71517209432965
chipseq-nov-1~+00-10-00,12881.756735219751,100.71517209432965
chipseq-nov-1~+00-11-00,12846.921009822525,100.71517209432965
chipseq-nov-1~+00-12-00,12804.628447819065,100.71517209432965
chipseq-nov-1~+00-13-00,12627.997240441002,100.71517209432965
chipseq-nov-1~+00-14-00,12681.16823948021,100.71517209432965
chipseq-nov-1~+00-15-00,12855.502828354929,100.71517209432965
chipseq-nov-1~+00-16-00,13233.240063731428,100.71517209432965
chipseq-nov-1~+00-17-00,13471.707096883902,100.71517209432965
chipseq-nov-1~+00-18-00,13477.935309545224,100.71517209432965
chipseq-nov-1~+00-19-00,13401.328939197241,100.71517209432965
chipseq-nov-1~+00-20-00,13293.21843844528,100.71517209432965
chipseq-nov-1~+00-21-00,13302.693507662098,100.71517209432965
chipseq-nov-1~+00-22-00,13297.47274361049,100.71517209432965
chipseq-nov-1~+00-23-00,13287.613529623004,100.71517209432965
chipseq-nov-1~+01-00-00,13213.136168037201,100.71517209432965
