trace,op_ems,emb_ems
rnaseq-mar-1,7122.835823995566,62.89105340684976
rnaseq-mar-1~+00-01-00,8115.735531083307,62.89105340684976
rnaseq-mar-1~+00-02-00,8200.438753563427,62.89105340684976
rnaseq-mar-1~+00-03-00,8173.7542190929325,62.89105340684976
rnaseq-mar-1~+00-04-00,8134.1795605454845,62.89105340684976
rnaseq-mar-1~+00-05-00,8141.1251012916355,62.89105340684976
rnaseq-mar-1~+00-06-00,8156.135876161565,62.89105340684976
rnaseq-mar-1~+00-07-00,8187.901781207323,62.89105340684976
rnaseq-mar-1~+00-08-00,8232.835313549494,62.89105340684976
rnaseq-mar-1~+00-09-00,8241.507355294621,62.89105340684976
rnaseq-mar-1~+00-10-00,8185.989036657534,62.89105340684976
rnaseq-mar-1~+00-11-00,8124.217997012796,62.89105340684976
rnaseq-mar-1~+00-12-00,8065.940386680883,62.89105340684976
rnaseq-mar-1~+00-13-00,7967.020612098081,62.89105340684976
rnaseq-mar-1~+00-14-00,7916.577619599579,62.89105340684976
rnaseq-mar-1~+00-15-00,7902.595332360194,62.89105340684976
rnaseq-mar-1~+00-16-00,5098.110685814784,62.89105340684976
rnaseq-mar-1~+00-17-00,1796.5746268456883,62.89105340684976
rnaseq-mar-1~+00-18-00,15.314093132043107,62.89105340684976
rnaseq-mar-1~+00-19-00,14.669820381960077,62.89105340684976
rnaseq-mar-1~+00-20-00,10.635752984082574,62.89105340684976
rnaseq-mar-1~+00-21-00,7.692564827122529,62.89105340684976
rnaseq-mar-1~+00-22-00,6.922763223264683,62.89105340684976
rnaseq-mar-1~+00-23-00,13.20015037649759,62.89105340684976
rnaseq-mar-1~+01-00-00,24.308268217378632,62.89105340684976
