trace,op_ems,emb_ems
chipseq-may-1,12499.228889223761,100.71517209432965
chipseq-may-1~+00-01-00,12481.347397532272,100.71517209432965
chipseq-may-1~+00-02-00,12465.886646798781,100.71517209432965
chipseq-may-1~+00-03-00,12548.200717886533,100.71517209432965
chipseq-may-1~+00-04-00,12909.817516814534,100.71517209432965
chipseq-may-1~+00-05-00,11665.529463789966,100.71517209432965
chipseq-may-1~+00-06-00,7120.062489138291,100.71517209432965
chipseq-may-1~+00-07-00,2370.7736201196453,100.71517209432965
chipseq-may-1~+00-08-00,512.6794280087391,100.71517209432965
chipseq-may-1~+00-09-00,2489.3700459669235,100.71517209432965
chipseq-may-1~+00-10-00,8113.151658068298,100.71517209432965
chipseq-may-1~+00-11-00,6218.104956923192,100.71517209432965
chipseq-may-1~+00-12-00,6176.77539329801,100.71517209432965
chipseq-may-1~+00-13-00,10550.045042220892,100.71517209432965
chipseq-may-1~+00-14-00,12334.045683734535,100.71517209432965
chipseq-may-1~+00-15-00,12585.160946963191,100.71517209432965
chipseq-may-1~+00-16-00,12415.373565917667,100.71517209432965
chipseq-may-1~+00-17-00,12322.873131024375,100.71517209432965
chipseq-may-1~+00-18-00,12327.468725536808,100.71517209432965
chipseq-may-1~+00-19-00,12503.333161436674,100.71517209432965
chipseq-may-1~+00-20-00,12776.58614920427,100.71517209432965
chipseq-may-1~+00-21-00,13055.760502839616,100.71517209432965
chipseq-may-1~+00-22-00,13010.498384782994,100.71517209432965
chipseq-may-1~+00-23-00,12918.689898096585,100.71517209432965
chipseq-may-1~+01-00-00,12771.773524341112,100.71517209432965
