trace,op_ems,emb_ems
mag-oct-1,17278.91671526592,171.36263744391223
mag-oct-1~+00-01-00,17136.24087641,171.36263744391223
mag-oct-1~+00-02-00,17100.73070570281,171.36263744391223
mag-oct-1~+00-03-00,17049.381459129378,171.36263744391223
mag-oct-1~+00-04-00,17057.547908335466,171.36263744391223
mag-oct-1~+00-05-00,17010.45753428575,171.36263744391223
mag-oct-1~+00-06-00,16969.09808850177,171.36263744391223
mag-oct-1~+00-07-00,16916.265208896082,171.36263744391223
mag-oct-1~+00-08-00,16780.640948183223,171.36263744391223
mag-oct-1~+00-09-00,16854.355247360727,171.36263744391223
mag-oct-1~+00-10-00,17081.107577388775,171.36263744391223
mag-oct-1~+00-11-00,17305.047964165242,171.36263744391223
mag-oct-1~+00-12-00,17529.15938212649,171.36263744391223
mag-oct-1~+00-13-00,17643.360512121493,171.36263744391223
mag-oct-1~+00-14-00,17637.240351093173,171.36263744391223
mag-oct-1~+00-15-00,17668.126978002834,171.36263744391223
mag-oct-1~+00-16-00,17636.57058700132,171.36263744391223
mag-oct-1~+00-17-00,17661.076645863275,171.36263744391223
mag-oct-1~+00-18-00,17721.119541690383,171.36263744391223
mag-oct-1~+00-19-00,17763.564627428445,171.36263744391223
mag-oct-1~+00-20-00,17926.672006524255,171.36263744391223
mag-oct-1~+00-21-00,18045.764875456363,171.36263744391223
mag-oct-1~+00-22-00,17969.221086746016,171.36263744391223
mag-oct-1~+00-23-00,17684.197232521798,171.36263744391223
mag-oct-1~+01-00-00,17426.294530590374,171.36263744391223
