trace,op_ems,emb_ems
nanoseq-nov-3,179.48716706690303,2.2520341597586646
nanoseq-nov-3~+00-01-00,183.16532542499098,2.2520341597586646
nanoseq-nov-3~+00-02-00,186.65489702070445,2.2520341597586646
nanoseq-nov-3~+00-03-00,188.5850156796137,2.2520341597586646
nanoseq-nov-3~+00-04-00,190.1119122609833,2.2520341597586646
nanoseq-nov-3~+00-05-00,189.61622244430342,2.2520341597586646
nanoseq-nov-3~+00-06-00,186.80536685849827,2.2520341597586646
nanoseq-nov-3~+00-07-00,185.38803930763586,2.2520341597586646
nanoseq-nov-3~+00-08-00,185.2103166974735,2.2520341597586646
nanoseq-nov-3~+00-09-00,184.19797339687412,2.2520341597586646
nanoseq-nov-3~+00-10-00,183.86655298705156,2.2520341597586646
nanoseq-nov-3~+00-11-00,183.79423050979582,2.2520341597586646
nanoseq-nov-3~+00-12-00,182.7053196160545,2.2520341597586646
nanoseq-nov-3~+00-13-00,183.81246840978434,2.2520341597586646
nanoseq-nov-3~+00-14-00,186.47335252764722,2.2520341597586646
nanoseq-nov-3~+00-15-00,189.27931461885296,2.2520341597586646
nanoseq-nov-3~+00-16-00,191.6459507340112,2.2520341597586646
nanoseq-nov-3~+00-17-00,193.07098022627997,2.2520341597586646
nanoseq-nov-3~+00-18-00,192.8048990753468,2.2520341597586646
nanoseq-nov-3~+00-19-00,191.72957802097787,2.2520341597586646
nanoseq-nov-3~+00-20-00,191.38222239767828,2.2520341597586646
nanoseq-nov-3~+00-21-00,190.83111533778492,2.2520341597586646
nanoseq-nov-3~+00-22-00,190.6047575740103,2.2520341597586646
nanoseq-nov-3~+00-23-00,189.85421342279332,2.2520341597586646
nanoseq-nov-3~+01-00-00,188.76032767803957,2.2520341597586646
