trace,op_ems,emb_ems
rangeland-dec-2,5733.753722962093,56.19540575328906
rangeland-dec-2~+00-01-00,5809.574089900937,56.19540575328906
rangeland-dec-2~+00-02-00,5862.051548561004,56.19540575328906
rangeland-dec-2~+00-03-00,5535.370543462184,56.19540575328906
rangeland-dec-2~+00-04-00,4601.980419196814,56.19540575328906
rangeland-dec-2~+00-05-00,4339.055723865158,56.19540575328906
rangeland-dec-2~+00-06-00,4609.154965337339,56.19540575328906
rangeland-dec-2~+00-07-00,4586.705891108665,56.19540575328906
rangeland-dec-2~+00-08-00,4444.95698625373,56.19540575328906
rangeland-dec-2~+00-09-00,4412.382954124323,56.19540575328906
rangeland-dec-2~+00-10-00,4682.652693750123,56.19540575328906
rangeland-dec-2~+00-11-00,5427.756142611392,56.19540575328906
rangeland-dec-2~+00-12-00,5769.615018584378,56.19540575328906
rangeland-dec-2~+00-13-00,5760.328516244669,56.19540575328906
rangeland-dec-2~+00-14-00,5753.73833532143,56.19540575328906
rangeland-dec-2~+00-15-00,5781.705930257082,56.19540575328906
rangeland-dec-2~+00-16-00,5813.236664740006,56.19540575328906
rangeland-dec-2~+00-17-00,5826.389650810057,56.19540575328906
rangeland-dec-2~+00-18-00,5823.495719914905,56.19540575328906
rangeland-dec-2~+00-19-00,5828.257686178016,56.19540575328906
rangeland-dec-2~+00-20-00,5804.4448585749005,56.19540575328906
rangeland-dec-2~+00-21-00,5786.688955164747,56.19540575328906
rangeland-dec-2~+00-22-00,5762.542950097257,56.19540575328906
rangeland-dec-2~+00-23-00,5793.948188310605,56.19540575328906
rangeland-dec-2~+01-00-00,5751.873945413446,56.19540575328906
