trace,op_ems,emb_ems
montage-sep-3,258.4369399360397,3.9090470464800857
montage-sep-3~+00-01-00,265.57477052798816,3.9090470464800857
montage-sep-3~+00-02-00,281.0033354654546,3.9090470464800857
montage-sep-3~+00-03-00,300.5264041747865,3.9090470464800857
montage-sep-3~+00-04-00,302.7898255145137,3.9090470464800857
montage-sep-3~+00-05-00,239.01559802849303,3.9090470464800857
montage-sep-3~+00-06-00,202.84324276026888,3.9090470464800857
montage-sep-3~+00-07-00,191.72958966520403,3.9090470464800857
montage-sep-3~+00-08-00,198.16380987813636,3.9090470464800857
montage-sep-3~+00-09-00,208.88751023302356,3.9090470464800857
montage-sep-3~+00-10-00,217.88185495755718,3.9090470464800857
montage-sep-3~+00-11-00,230.51293284592242,3.9090470464800857
montage-sep-3~+00-12-00,247.8912614842772,3.9090470464800857
montage-sep-3~+00-13-00,270.45765701369186,3.9090470464800857
montage-sep-3~+00-14-00,272.9669181244007,3.9090470464800857
montage-sep-3~+00-15-00,305.90097020245344,3.9090470464800857
montage-sep-3~+00-16-00,357.6883895447505,3.9090470464800857
montage-sep-3~+00-17-00,352.10189268003046,3.9090470464800857
montage-sep-3~+00-18-00,338.13988913497195,3.9090470464800857
montage-sep-3~+00-19-00,319.34586250510233,3.9090470464800857
montage-sep-3~+00-20-00,305.96878807031027,3.9090470464800857
montage-sep-3~+00-21-00,287.7427360837432,3.9090470464800857
montage-sep-3~+00-22-00,277.4428974029622,3.9090470464800857
montage-sep-3~+00-23-00,278.4093020199244,3.9090470464800857
montage-sep-3~+01-00-00,290.86235800516494,3.9090470464800857
