trace,op_ems,emb_ems
montage-dec-2,584.0431248450261,5.194323604266486
montage-dec-2~+00-01-00,576.3486457191786,5.194323604266486
montage-dec-2~+00-02-00,572.2933603391634,5.194323604266486
montage-dec-2~+00-03-00,570.8950910693424,5.194323604266486
montage-dec-2~+00-04-00,556.4974361871302,5.194323604266486
montage-dec-2~+00-05-00,577.5375521147013,5.194323604266486
montage-dec-2~+00-06-00,566.7613073413378,5.194323604266486
montage-dec-2~+00-07-00,580.8338021079239,5.194323604266486
montage-dec-2~+00-08-00,607.552656456532,5.194323604266486
montage-dec-2~+00-09-00,1.0748464982914951,5.194323604266486
montage-dec-2~+00-10-00,0.5105895597977349,5.194323604266486
montage-dec-2~+00-11-00,0.5105895597977349,5.194323604266486
montage-dec-2~+00-12-00,0.6317369551991489,5.194323604266486
montage-dec-2~+00-13-00,1.2078338481853106,5.194323604266486
montage-dec-2~+00-14-00,582.2844975436157,5.194323604266486
montage-dec-2~+00-15-00,598.7846238495097,5.194323604266486
montage-dec-2~+00-16-00,585.4283203804091,5.194323604266486
montage-dec-2~+00-17-00,585.8145838741859,5.194323604266486
montage-dec-2~+00-18-00,581.7239416913518,5.194323604266486
montage-dec-2~+00-19-00,577.9259579324629,5.194323604266486
montage-dec-2~+00-20-00,575.1574339983126,5.194323604266486
montage-dec-2~+00-21-00,571.8127103912332,5.194323604266486
montage-dec-2~+00-22-00,573.2128803939696,5.194323604266486
montage-dec-2~+00-23-00,572.2966412441524,5.194323604266486
montage-dec-2~+01-00-00,567.596170066217,5.194323604266486
