trace,op_ems,emb_ems
nanoseq-apr-3,185.27059540897346,2.2520341597586646
nanoseq-apr-3~+00-01-00,185.7682188027656,2.2520341597586646
nanoseq-apr-3~+00-02-00,185.5248295295229,2.2520341597586646
nanoseq-apr-3~+00-03-00,186.4016371542157,2.2520341597586646
nanoseq-apr-3~+00-04-00,188.27284448982624,2.2520341597586646
nanoseq-apr-3~+00-05-00,189.07818230176088,2.2520341597586646
nanoseq-apr-3~+00-06-00,187.69552221768225,2.2520341597586646
nanoseq-apr-3~+00-07-00,187.4646422200338,2.2520341597586646
nanoseq-apr-3~+00-08-00,187.64381941036427,2.2520341597586646
nanoseq-apr-3~+00-09-00,187.55689942108384,2.2520341597586646
nanoseq-apr-3~+00-10-00,188.20230089637982,2.2520341597586646
nanoseq-apr-3~+00-11-00,187.64233416040685,2.2520341597586646
nanoseq-apr-3~+00-12-00,185.84432123959402,2.2520341597586646
nanoseq-apr-3~+00-13-00,184.2164706185422,2.2520341597586646
nanoseq-apr-3~+00-14-00,184.02322942199083,2.2520341597586646
nanoseq-apr-3~+00-15-00,184.16608395251416,2.2520341597586646
nanoseq-apr-3~+00-16-00,184.97716915730342,2.2520341597586646
nanoseq-apr-3~+00-17-00,186.82320217380362,2.2520341597586646
nanoseq-apr-3~+00-18-00,188.93265734363314,2.2520341597586646
nanoseq-apr-3~+00-19-00,190.57487021787685,2.2520341597586646
nanoseq-apr-3~+00-20-00,192.50674590352332,2.2520341597586646
nanoseq-apr-3~+00-21-00,192.87832917467648,2.2520341597586646
nanoseq-apr-3~+00-22-00,191.4285095296109,2.2520341597586646
nanoseq-apr-3~+00-23-00,188.72828625348922,2.2520341597586646
nanoseq-apr-3~+01-00-00,185.47402682540914,2.2520341597586646
