trace,op_ems,emb_ems
montage-aug-3,536.939001098045,4.459453342142623
montage-aug-3~+00-01-00,542.1111595680655,4.459453342142623
montage-aug-3~+00-02-00,521.086270742248,4.459453342142623
montage-aug-3~+00-03-00,502.7253185264758,4.459453342142623
montage-aug-3~+00-04-00,488.0143034508904,4.459453342142623
montage-aug-3~+00-05-00,519.794136355599,4.459453342142623
montage-aug-3~+00-06-00,524.0830388606768,4.459453342142623
montage-aug-3~+00-07-00,536.5127070524328,4.459453342142623
montage-aug-3~+00-08-00,535.8072484924982,4.459453342142623
montage-aug-3~+00-09-00,487.74224648885496,4.459453342142623
montage-aug-3~+00-10-00,478.35089678087525,4.459453342142623
montage-aug-3~+00-11-00,510.7262484912638,4.459453342142623
montage-aug-3~+00-12-00,512.8307616320168,4.459453342142623
montage-aug-3~+00-13-00,495.84324387053374,4.459453342142623
montage-aug-3~+00-14-00,448.4973947142794,4.459453342142623
montage-aug-3~+00-15-00,484.6685509885718,4.459453342142623
montage-aug-3~+00-16-00,493.84751779799643,4.459453342142623
montage-aug-3~+00-17-00,490.23616227959184,4.459453342142623
montage-aug-3~+00-18-00,493.69679416605464,4.459453342142623
montage-aug-3~+00-19-00,495.61592712308965,4.459453342142623
montage-aug-3~+00-20-00,512.0313636944051,4.459453342142623
montage-aug-3~+00-21-00,544.2099604275109,4.459453342142623
montage-aug-3~+00-22-00,544.4670705292256,4.459453342142623
montage-aug-3~+00-23-00,530.5085631947909,4.459453342142623
montage-aug-3~+01-00-00,520.0496689016592,4.459453342142623
