trace,op_ems,emb_ems
rnaseq-jul-2,7730.410039473579,61.38903864146787
rnaseq-jul-2~+00-01-00,7867.702864691088,61.38903864146787
rnaseq-jul-2~+00-02-00,7838.424236688895,61.38903864146787
rnaseq-jul-2~+00-03-00,7660.441777119457,61.38903864146787
rnaseq-jul-2~+00-04-00,7600.142696828912,61.38903864146787
rnaseq-jul-2~+00-05-00,7650.072733381854,61.38903864146787
rnaseq-jul-2~+00-06-00,7771.739958124512,61.38903864146787
rnaseq-jul-2~+00-07-00,7786.7678449336745,61.38903864146787
rnaseq-jul-2~+00-08-00,7716.986608677465,61.38903864146787
rnaseq-jul-2~+00-09-00,7876.22272571553,61.38903864146787
rnaseq-jul-2~+00-10-00,8170.5862124604655,61.38903864146787
rnaseq-jul-2~+00-11-00,8261.801052006802,61.38903864146787
rnaseq-jul-2~+00-12-00,8161.197716682758,61.38903864146787
rnaseq-jul-2~+00-13-00,7978.223632550025,61.38903864146787
rnaseq-jul-2~+00-14-00,7859.759726998926,61.38903864146787
rnaseq-jul-2~+00-15-00,7718.097940069573,61.38903864146787
rnaseq-jul-2~+00-16-00,7521.323111759576,61.38903864146787
rnaseq-jul-2~+00-17-00,7402.32918316488,61.38903864146787
rnaseq-jul-2~+00-18-00,7569.8577568558185,61.38903864146787
rnaseq-jul-2~+00-19-00,7743.943919162393,61.38903864146787
rnaseq-jul-2~+00-20-00,7797.813986583314,61.38903864146787
rnaseq-jul-2~+00-21-00,7744.587760614549,61.38903864146787
rnaseq-jul-2~+00-22-00,7759.3179924588,61.38903864146787
rnaseq-jul-2~+00-23-00,7745.41603129254,61.38903864146787
rnaseq-jul-2~+01-00-00,7733.952462768483,61.38903864146787
