trace,op_ems,emb_ems
nanoseq-may-1,147.9798301746934,2.2463699711004637
nanoseq-may-1~+00-01-00,141.68534122323902,2.2463699711004637
nanoseq-may-1~+00-02-00,131.99541736565936,2.2463699711004637
nanoseq-may-1~+00-03-00,119.95520513757518,2.2463699711004637
nanoseq-may-1~+00-04-00,108.08458531575508,2.2463699711004637
nanoseq-may-1~+00-05-00,99.36380429710691,2.2463699711004637
nanoseq-may-1~+00-06-00,94.81923323691068,2.2463699711004637
nanoseq-may-1~+00-07-00,93.9062942975141,2.2463699711004637
nanoseq-may-1~+00-08-00,95.10203055855396,2.2463699711004637
nanoseq-may-1~+00-09-00,96.03704863364041,2.2463699711004637
nanoseq-may-1~+00-10-00,95.81768644074006,2.2463699711004637
nanoseq-may-1~+00-11-00,96.98376813963836,2.2463699711004637
nanoseq-may-1~+00-12-00,102.74889152510059,2.2463699711004637
nanoseq-may-1~+00-13-00,112.41351383415737,2.2463699711004637
nanoseq-may-1~+00-14-00,123.70381816509659,2.2463699711004637
nanoseq-may-1~+00-15-00,135.11271763426632,2.2463699711004637
nanoseq-may-1~+00-16-00,143.44308150014203,2.2463699711004637
nanoseq-may-1~+00-17-00,146.81651959153146,2.2463699711004637
nanoseq-may-1~+00-18-00,147.5579379379801,2.2463699711004637
nanoseq-may-1~+00-19-00,147.87839012194138,2.2463699711004637
nanoseq-may-1~+00-20-00,148.2823693399739,2.2463699711004637
nanoseq-may-1~+00-21-00,148.9176470303775,2.2463699711004637
nanoseq-may-1~+00-22-00,150.11413164403504,2.2463699711004637
nanoseq-may-1~+00-23-00,150.55346058076702,2.2463699711004637
nanoseq-may-1~+01-00-00,146.4548851702825,2.2463699711004637
