trace,op_ems,emb_ems
montage-may-1,439.0987870255361,4.6572801319491965
montage-may-1~+00-01-00,439.7016146381635,4.6572801319491965
montage-may-1~+00-02-00,444.61411681916115,4.6572801319491965
montage-may-1~+00-03-00,450.00699977181927,4.6572801319491965
montage-may-1~+00-04-00,399.4910544475711,4.6572801319491965
montage-may-1~+00-05-00,309.9057551592683,4.6572801319491965
montage-may-1~+00-06-00,277.332391869965,4.6572801319491965
montage-may-1~+00-07-00,263.593392399951,4.6572801319491965
montage-may-1~+00-08-00,254.71951486092777,4.6572801319491965
montage-may-1~+00-09-00,251.61081945805074,4.6572801319491965
montage-may-1~+00-10-00,254.19257895697575,4.6572801319491965
montage-may-1~+00-11-00,267.7099015892355,4.6572801319491965
montage-may-1~+00-12-00,284.32236473688397,4.6572801319491965
montage-may-1~+00-13-00,296.46331070279047,4.6572801319491965
montage-may-1~+00-14-00,299.2441271848644,4.6572801319491965
montage-may-1~+00-15-00,316.19752248574287,4.6572801319491965
montage-may-1~+00-16-00,360.57281994004643,4.6572801319491965
montage-may-1~+00-17-00,368.96265758325615,4.6572801319491965
montage-may-1~+00-18-00,329.04919038613605,4.6572801319491965
montage-may-1~+00-19-00,294.1900006613159,4.6572801319491965
montage-may-1~+00-20-00,272.2922821613772,4.6572801319491965
montage-may-1~+00-21-00,252.3578704860969,4.6572801319491965
montage-may-1~+00-22-00,237.09044875515366,4.6572801319491965
montage-may-1~+00-23-00,228.74862467640116,4.6572801319491965
montage-may-1~+01-00-00,224.42677987603238,4.6572801319491965
