trace,op_ems,emb_ems
chipseq-aug-1,12255.710351519767,100.71517209432965
chipseq-aug-1~+00-01-00,12180.910452075417,100.71517209432965
chipseq-aug-1~+00-02-00,12367.899463355556,100.71517209432965
chipseq-aug-1~+00-03-00,12906.790586232277,100.71517209432965
chipseq-aug-1~+00-04-00,13031.45722240998,100.71517209432965
chipseq-aug-1~+00-05-00,13225.494120749514,100.71517209432965
chipseq-aug-1~+00-06-00,12912.27768237661,100.71517209432965
chipseq-aug-1~+00-07-00,12432.898542326482,100.71517209432965
chipseq-aug-1~+00-08-00,12104.468215958994,100.71517209432965
chipseq-aug-1~+00-09-00,12064.981169619909,100.71517209432965
chipseq-aug-1~+00-10-00,12138.738059683477,100.71517209432965
chipseq-aug-1~+00-11-00,11658.26591982721,100.71517209432965
chipseq-aug-1~+00-12-00,10737.104008539724,100.71517209432965
chipseq-aug-1~+00-13-00,9940.05686929345,100.71517209432965
chipseq-aug-1~+00-14-00,11493.791619004392,100.71517209432965
chipseq-aug-1~+00-15-00,12460.9758960184,100.71517209432965
chipseq-aug-1~+00-16-00,12318.117538568431,100.71517209432965
chipseq-aug-1~+00-17-00,12468.659519089331,100.71517209432965
chipseq-aug-1~+00-18-00,12764.559016169089,100.71517209432965
chipseq-aug-1~+00-19-00,12877.847937712382,100.71517209432965
chipseq-aug-1~+00-20-00,13131.43611370675,100.71517209432965
chipseq-aug-1~+00-21-00,13295.686075006528,100.71517209432965
chipseq-aug-1~+00-22-00,13527.360693983099,100.71517209432965
chipseq-aug-1~+00-23-00,13584.487042272494,100.71517209432965
chipseq-aug-1~+01-00-00,13367.176813929038,100.71517209432965
