trace,op_ems,emb_ems
montage-oct-3,532.4132839131069,4.459453342142623
montage-oct-3~+00-01-00,540.0054694424374,4.459453342142623
montage-oct-3~+00-02-00,538.65558559972,4.459453342142623
montage-oct-3~+00-03-00,505.19723980820913,4.459453342142623
montage-oct-3~+00-04-00,497.04941838151456,4.459453342142623
montage-oct-3~+00-05-00,497.5801247311555,4.459453342142623
montage-oct-3~+00-06-00,508.3141281688228,4.459453342142623
montage-oct-3~+00-07-00,524.8655487505544,4.459453342142623
montage-oct-3~+00-08-00,523.7073396605738,4.459453342142623
montage-oct-3~+00-09-00,530.2194631887181,4.459453342142623
montage-oct-3~+00-10-00,506.24271101237724,4.459453342142623
montage-oct-3~+00-11-00,480.7269512154986,4.459453342142623
montage-oct-3~+00-12-00,476.86548724607314,4.459453342142623
montage-oct-3~+00-13-00,487.4153610752847,4.459453342142623
montage-oct-3~+00-14-00,485.63269011677573,4.459453342142623
montage-oct-3~+00-15-00,481.7535611258121,4.459453342142623
montage-oct-3~+00-16-00,499.9632248379464,4.459453342142623
montage-oct-3~+00-17-00,499.73544677926884,4.459453342142623
montage-oct-3~+00-18-00,490.5031409833546,4.459453342142623
montage-oct-3~+00-19-00,488.305463054813,4.459453342142623
montage-oct-3~+00-20-00,496.0563745345489,4.459453342142623
montage-oct-3~+00-21-00,525.480048025684,4.459453342142623
montage-oct-3~+00-22-00,542.0614101599838,4.459453342142623
montage-oct-3~+00-23-00,536.1746525518143,4.459453342142623
montage-oct-3~+01-00-00,522.3320388372795,4.459453342142623
