trace,op_ems,emb_ems
nanoseq-aug-3,177.67596392049785,2.2520341597586646
nanoseq-aug-3~+00-01-00,180.33049442061218,2.2520341597586646
nanoseq-aug-3~+00-02-00,183.39845578842156,2.2520341597586646
nanoseq-aug-3~+00-03-00,186.2548323606485,2.2520341597586646
nanoseq-aug-3~+00-04-00,187.15693043409254,2.2520341597586646
nanoseq-aug-3~+00-05-00,183.69907495827513,2.2520341597586646
nanoseq-aug-3~+00-06-00,180.33361365205164,2.2520341597586646
nanoseq-aug-3~+00-07-00,176.11171261687483,2.2520341597586646
nanoseq-aug-3~+00-08-00,174.42188960634724,2.2520341597586646
nanoseq-aug-3~+00-09-00,169.98907324854528,2.2520341597586646
nanoseq-aug-3~+00-10-00,160.8831314703633,2.2520341597586646
nanoseq-aug-3~+00-11-00,159.9852295548213,2.2520341597586646
nanoseq-aug-3~+00-12-00,161.19807816737963,2.2520341597586646
nanoseq-aug-3~+00-13-00,160.15659912964924,2.2520341597586646
nanoseq-aug-3~+00-14-00,169.7882654331283,2.2520341597586646
nanoseq-aug-3~+00-15-00,179.05891419874683,2.2520341597586646
nanoseq-aug-3~+00-16-00,179.96857942932962,2.2520341597586646
nanoseq-aug-3~+00-17-00,182.57894114444235,2.2520341597586646
nanoseq-aug-3~+00-18-00,185.8817399702607,2.2520341597586646
nanoseq-aug-3~+00-19-00,188.94053379004086,2.2520341597586646
nanoseq-aug-3~+00-20-00,191.344211599499,2.2520341597586646
nanoseq-aug-3~+00-21-00,193.36264048925446,2.2520341597586646
nanoseq-aug-3~+00-22-00,192.5346741107166,2.2520341597586646
nanoseq-aug-3~+00-23-00,190.09349915681125,2.2520341597586646
nanoseq-aug-3~+01-00-00,188.00721891363892,2.2520341597586646
