trace,op_ems,emb_ems
montage-mar-1,0.5095696279931134,5.110399681598096
montage-mar-1~+00-01-00,1.8239140001745848,5.110399681598096
montage-mar-1~+00-02-00,2.08903888367703,5.110399681598096
montage-mar-1~+00-03-00,2.038278511972454,5.110399681598096
montage-mar-1~+00-04-00,38.415286994488376,5.110399681598096
montage-mar-1~+00-05-00,558.8944692203553,5.110399681598096
montage-mar-1~+00-06-00,491.676154696834,5.110399681598096
montage-mar-1~+00-07-00,595.6608217985391,5.110399681598096
montage-mar-1~+00-08-00,595.3308072794198,5.110399681598096
montage-mar-1~+00-09-00,603.159173090194,5.110399681598096
montage-mar-1~+00-10-00,608.2041644582429,5.110399681598096
montage-mar-1~+00-11-00,617.2498123012726,5.110399681598096
montage-mar-1~+00-12-00,599.117794897823,5.110399681598096
montage-mar-1~+00-13-00,593.5154271383282,5.110399681598096
montage-mar-1~+00-14-00,584.4226022900095,5.110399681598096
montage-mar-1~+00-15-00,573.7272058461313,5.110399681598096
montage-mar-1~+00-16-00,602.2514380314244,5.110399681598096
montage-mar-1~+00-17-00,599.6230857724782,5.110399681598096
montage-mar-1~+00-18-00,589.559754887462,5.110399681598096
montage-mar-1~+00-19-00,1.4716354412691446,5.110399681598096
montage-mar-1~+00-20-00,566.2839834528124,5.110399681598096
montage-mar-1~+00-21-00,595.2285249389301,5.110399681598096
montage-mar-1~+00-22-00,584.832471820023,5.110399681598096
montage-mar-1~+00-23-00,0.585710185549977,5.110399681598096
montage-mar-1~+01-00-00,390.114306942379,5.110399681598096
