trace,op_ems,emb_ems
rnaseq-sep-3,8471.259778182355,64.60281226683885
rnaseq-sep-3~+00-01-00,8156.083436699107,64.60281226683885
rnaseq-sep-3~+00-02-00,7865.007666612492,64.60281226683885
rnaseq-sep-3~+00-03-00,7969.547911278752,64.60281226683885
rnaseq-sep-3~+00-04-00,8138.609297579838,64.60281226683885
rnaseq-sep-3~+00-05-00,8195.358053738442,64.60281226683885
rnaseq-sep-3~+00-06-00,8189.1104134463185,64.60281226683885
rnaseq-sep-3~+00-07-00,8229.201611227223,64.60281226683885
rnaseq-sep-3~+00-08-00,8365.67851017506,64.60281226683885
rnaseq-sep-3~+00-09-00,8530.388386454462,64.60281226683885
rnaseq-sep-3~+00-10-00,8646.232939406815,64.60281226683885
rnaseq-sep-3~+00-11-00,8608.337445291336,64.60281226683885
rnaseq-sep-3~+00-12-00,8469.640298315917,64.60281226683885
rnaseq-sep-3~+00-13-00,8139.980393919931,64.60281226683885
rnaseq-sep-3~+00-14-00,7948.788435838559,64.60281226683885
rnaseq-sep-3~+00-15-00,7925.283601493842,64.60281226683885
rnaseq-sep-3~+00-16-00,7981.923405548179,64.60281226683885
rnaseq-sep-3~+00-17-00,7969.20520408593,64.60281226683885
rnaseq-sep-3~+00-18-00,8052.316450498171,64.60281226683885
rnaseq-sep-3~+00-19-00,8311.895806053431,64.60281226683885
rnaseq-sep-3~+00-20-00,8423.150235574576,64.60281226683885
rnaseq-sep-3~+00-21-00,8342.834955553712,64.60281226683885
rnaseq-sep-3~+00-22-00,8230.684718634056,64.60281226683885
rnaseq-sep-3~+00-23-00,8209.64424797128,64.60281226683885
rnaseq-sep-3~+01-00-00,8219.450468973682,64.60281226683885
