trace,op_ems,emb_ems
mag-jun-3,11491.847032664755,170.30505238040828
mag-jun-3~+00-01-00,11472.055006056544,170.30505238040828
mag-jun-3~+00-02-00,11444.67884092957,170.30505238040828
mag-jun-3~+00-03-00,11441.985909515428,170.30505238040828
mag-jun-3~+00-04-00,11432.25772556147,170.30505238040828
mag-jun-3~+00-05-00,11568.548448325517,170.30505238040828
mag-jun-3~+00-06-00,11804.33248482006,170.30505238040828
mag-jun-3~+00-07-00,12007.744926327578,170.30505238040828
mag-jun-3~+00-08-00,12145.404346776002,170.30505238040828
mag-jun-3~+00-09-00,12203.948677443774,170.30505238040828
mag-jun-3~+00-10-00,12278.207986645666,170.30505238040828
mag-jun-3~+00-11-00,12426.530931973166,170.30505238040828
mag-jun-3~+00-12-00,12588.478518844906,170.30505238040828
mag-jun-3~+00-13-00,12726.939507515706,170.30505238040828
mag-jun-3~+00-14-00,12809.10078929699,170.30505238040828
mag-jun-3~+00-15-00,12868.083754754167,170.30505238040828
mag-jun-3~+00-16-00,12883.007762508763,170.30505238040828
mag-jun-3~+00-17-00,12746.328009398292,170.30505238040828
mag-jun-3~+00-18-00,12506.720309941697,170.30505238040828
mag-jun-3~+00-19-00,12300.414425684912,170.30505238040828
mag-jun-3~+00-20-00,12140.098526515876,170.30505238040828
mag-jun-3~+00-21-00,12045.625093495702,170.30505238040828
mag-jun-3~+00-22-00,11995.434633789675,170.30505238040828
mag-jun-3~+00-23-00,11923.050905906497,170.30505238040828
mag-jun-3~+01-00-00,11813.073341043028,170.30505238040828
