trace,op_ems,emb_ems
montage-apr-2,247.0310642137754,4.417620969401983
montage-apr-2~+00-01-00,252.11196033251554,4.417620969401983
montage-apr-2~+00-02-00,275.77496617365375,4.417620969401983
montage-apr-2~+00-03-00,301.63873681198646,4.417620969401983
montage-apr-2~+00-04-00,308.7768695889734,4.417620969401983
montage-apr-2~+00-05-00,269.83290122122884,4.417620969401983
montage-apr-2~+00-06-00,239.9599112349638,4.417620969401983
montage-apr-2~+00-07-00,225.35831523270843,4.417620969401983
montage-apr-2~+00-08-00,231.65441626120406,4.417620969401983
montage-apr-2~+00-09-00,232.6686817764326,4.417620969401983
montage-apr-2~+00-10-00,245.92111327258166,4.417620969401983
montage-apr-2~+00-11-00,249.82507865195257,4.417620969401983
montage-apr-2~+00-12-00,263.4028405963826,4.417620969401983
montage-apr-2~+00-13-00,264.7041623895061,4.417620969401983
montage-apr-2~+00-14-00,266.44563714206873,4.417620969401983
montage-apr-2~+00-15-00,265.9385043844544,4.417620969401983
montage-apr-2~+00-16-00,281.42040630558745,4.417620969401983
montage-apr-2~+00-17-00,278.5211378988485,4.417620969401983
montage-apr-2~+00-18-00,270.30175980845735,4.417620969401983
montage-apr-2~+00-19-00,261.96755920690777,4.417620969401983
montage-apr-2~+00-20-00,240.66798338710453,4.417620969401983
montage-apr-2~+00-21-00,239.87379435159528,4.417620969401983
montage-apr-2~+00-22-00,239.94077414977056,4.417620969401983
montage-apr-2~+00-23-00,240.52445524815704,4.417620969401983
montage-apr-2~+01-00-00,275.9376313977942,4.417620969401983
