trace,op_ems,emb_ems
mag-may-2,10131.001348353211,170.82096393261858
mag-may-2~+00-01-00,11089.876991527017,170.82096393261858
mag-may-2~+00-02-00,10438.431270948697,170.82096393261858
mag-may-2~+00-03-00,10456.731086349742,170.82096393261858
mag-may-2~+00-04-00,10102.579308846087,170.82096393261858
mag-may-2~+00-05-00,10089.112976551134,170.82096393261858
mag-may-2~+00-06-00,11628.378897186756,170.82096393261858
mag-may-2~+00-07-00,11622.756720572255,170.82096393261858
mag-may-2~+00-08-00,11479.102960725826,170.82096393261858
mag-may-2~+00-09-00,12494.678883575687,170.82096393261858
mag-may-2~+00-10-00,14082.139197434803,170.82096393261858
mag-may-2~+00-11-00,15564.82099583829,170.82096393261858
mag-may-2~+00-12-00,15480.440370978047,170.82096393261858
mag-may-2~+00-13-00,16222.9248687103,170.82096393261858
mag-may-2~+00-14-00,17216.789767523005,170.82096393261858
mag-may-2~+00-15-00,17101.82727685962,170.82096393261858
mag-may-2~+00-16-00,17020.117843550852,170.82096393261858
mag-may-2~+00-17-00,17135.196122794834,170.82096393261858
mag-may-2~+00-18-00,17173.791520221617,170.82096393261858
mag-may-2~+00-19-00,17264.869141090898,170.82096393261858
mag-may-2~+00-20-00,17332.685306698662,170.82096393261858
mag-may-2~+00-21-00,17363.24468705741,170.82096393261858
mag-may-2~+00-22-00,17511.9281260108,170.82096393261858
mag-may-2~+00-23-00,17582.21192472029,170.82096393261858
mag-may-2~+01-00-00,17701.922821276632,170.82096393261858
