trace,op_ems,emb_ems
nanoseq-sep-3,184.46080471675117,2.2520341597586646
nanoseq-sep-3~+00-01-00,182.622765163053,2.2520341597586646
nanoseq-sep-3~+00-02-00,181.71692914910318,2.2520341597586646
nanoseq-sep-3~+00-03-00,183.63337158752003,2.2520341597586646
nanoseq-sep-3~+00-04-00,186.28044658271486,2.2520341597586646
nanoseq-sep-3~+00-05-00,186.80304594836286,2.2520341597586646
nanoseq-sep-3~+00-06-00,188.71021089418167,2.2520341597586646
nanoseq-sep-3~+00-07-00,191.0791927496705,2.2520341597586646
nanoseq-sep-3~+00-08-00,193.01208181853042,2.2520341597586646
nanoseq-sep-3~+00-09-00,193.74734718122312,2.2520341597586646
nanoseq-sep-3~+00-10-00,191.5663568280883,2.2520341597586646
nanoseq-sep-3~+00-11-00,187.77903282204588,2.2520341597586646
nanoseq-sep-3~+00-12-00,184.5100007689954,2.2520341597586646
nanoseq-sep-3~+00-13-00,181.7199214100283,2.2520341597586646
nanoseq-sep-3~+00-14-00,179.51107275115726,2.2520341597586646
nanoseq-sep-3~+00-15-00,180.87186166036847,2.2520341597586646
nanoseq-sep-3~+00-16-00,183.15410203774496,2.2520341597586646
nanoseq-sep-3~+00-17-00,185.23061980850207,2.2520341597586646
nanoseq-sep-3~+00-18-00,187.10928809440432,2.2520341597586646
nanoseq-sep-3~+00-19-00,188.2652653166545,2.2520341597586646
nanoseq-sep-3~+00-20-00,188.75576728942264,2.2520341597586646
nanoseq-sep-3~+00-21-00,186.81030775973085,2.2520341597586646
nanoseq-sep-3~+00-22-00,186.7060858518957,2.2520341597586646
nanoseq-sep-3~+00-23-00,187.36672051962205,2.2520341597586646
nanoseq-sep-3~+01-00-00,187.93411223899776,2.2520341597586646
