trace,op_ems,emb_ems
chipseq-apr-1,13200.938309320347,100.71517209432965
chipseq-apr-1~+00-01-00,12932.032010121568,100.71517209432965
chipseq-apr-1~+00-02-00,12721.465134036642,100.71517209432965
chipseq-apr-1~+00-03-00,12709.275963138796,100.71517209432965
chipseq-apr-1~+00-04-00,13134.486947263818,100.71517209432965
chipseq-apr-1~+00-05-00,13226.954505480038,100.71517209432965
chipseq-apr-1~+00-06-00,13176.06839534699,100.71517209432965
chipseq-apr-1~+00-07-00,13017.215071491555,100.71517209432965
chipseq-apr-1~+00-08-00,12908.99136898699,100.71517209432965
chipseq-apr-1~+00-09-00,12987.793298260562,100.71517209432965
chipseq-apr-1~+00-10-00,13151.27556387686,100.71517209432965
chipseq-apr-1~+00-11-00,13186.502519215244,100.71517209432965
chipseq-apr-1~+00-12-00,12999.426779233163,100.71517209432965
chipseq-apr-1~+00-13-00,12949.695735341054,100.71517209432965
chipseq-apr-1~+00-14-00,12816.905177301807,100.71517209432965
chipseq-apr-1~+00-15-00,12706.243743137715,100.71517209432965
chipseq-apr-1~+00-16-00,12754.873902088379,100.71517209432965
chipseq-apr-1~+00-17-00,12910.623972072623,100.71517209432965
chipseq-apr-1~+00-18-00,12907.801147975135,100.71517209432965
chipseq-apr-1~+00-19-00,13167.491762767413,100.71517209432965
chipseq-apr-1~+00-20-00,13200.408986338945,100.71517209432965
chipseq-apr-1~+00-21-00,13417.75619861442,100.71517209432965
chipseq-apr-1~+00-22-00,13577.30403195351,100.71517209432965
chipseq-apr-1~+00-23-00,13457.163857473946,100.71517209432965
chipseq-apr-1~+01-00-00,13158.587802827175,100.71517209432965
