trace,op_ems,emb_ems
montage-jul-3,354.59419932377494,3.9090470464800857
montage-jul-3~+00-01-00,356.1455330510038,3.9090470464800857
montage-jul-3~+00-02-00,363.1307734402745,3.9090470464800857
montage-jul-3~+00-03-00,371.7775515920409,3.9090470464800857
montage-jul-3~+00-04-00,335.0711306144428,3.9090470464800857
montage-jul-3~+00-05-00,275.5355198694842,3.9090470464800857
montage-jul-3~+00-06-00,247.6284672463312,3.9090470464800857
montage-jul-3~+00-07-00,248.20491912311567,3.9090470464800857
montage-jul-3~+00-08-00,253.28278197890788,3.9090470464800857
montage-jul-3~+00-09-00,262.0651958663889,3.9090470464800857
montage-jul-3~+00-10-00,271.65294693467143,3.9090470464800857
montage-jul-3~+00-11-00,273.2805757632393,3.9090470464800857
montage-jul-3~+00-12-00,273.86550487350564,3.9090470464800857
montage-jul-3~+00-13-00,275.34054349939544,3.9090470464800857
montage-jul-3~+00-14-00,283.24132510473527,3.9090470464800857
montage-jul-3~+00-15-00,292.913848507839,3.9090470464800857
montage-jul-3~+00-16-00,328.5945242341,3.9090470464800857
montage-jul-3~+00-17-00,359.434699642068,3.9090470464800857
montage-jul-3~+00-18-00,354.8400390947566,3.9090470464800857
montage-jul-3~+00-19-00,324.3389530260737,3.9090470464800857
montage-jul-3~+00-20-00,309.5377033662845,3.9090470464800857
montage-jul-3~+00-21-00,302.4083500078182,3.9090470464800857
montage-jul-3~+00-22-00,309.3342497627132,3.9090470464800857
montage-jul-3~+00-23-00,315.1326774644866,3.9090470464800857
montage-jul-3~+01-00-00,312.4708261510997,3.9090470464800857
