trace,op_ems,emb_ems
mag-apr-2,10058.769436148214,170.41523942885257
mag-apr-2~+00-01-00,9998.109800981953,170.41523942885257
mag-apr-2~+00-02-00,9818.6769985636,170.41523942885257
mag-apr-2~+00-03-00,9515.376390799922,170.41523942885257
mag-apr-2~+00-04-00,9584.609073206931,170.41523942885257
mag-apr-2~+00-05-00,9801.273036052537,170.41523942885257
mag-apr-2~+00-06-00,9996.446923857138,170.41523942885257
mag-apr-2~+00-07-00,10066.054266416446,170.41523942885257
mag-apr-2~+00-08-00,10022.609944317694,170.41523942885257
mag-apr-2~+00-09-00,10025.673244266465,170.41523942885257
mag-apr-2~+00-10-00,9658.1209176876,170.41523942885257
mag-apr-2~+00-11-00,9328.215648580552,170.41523942885257
mag-apr-2~+00-12-00,9254.517213002257,170.41523942885257
mag-apr-2~+00-13-00,9222.270567256894,170.41523942885257
mag-apr-2~+00-14-00,9241.839963779554,170.41523942885257
mag-apr-2~+00-15-00,9307.876463599156,170.41523942885257
mag-apr-2~+00-16-00,9411.670969950963,170.41523942885257
mag-apr-2~+00-17-00,9427.807584564032,170.41523942885257
mag-apr-2~+00-18-00,9307.981918357942,170.41523942885257
mag-apr-2~+00-19-00,9100.532295035513,170.41523942885257
mag-apr-2~+00-20-00,8809.708975661326,170.41523942885257
mag-apr-2~+00-21-00,8610.344889152631,170.41523942885257
mag-apr-2~+00-22-00,8626.266695092541,170.41523942885257
mag-apr-2~+00-23-00,8751.028748599876,170.41523942885257
mag-apr-2~+01-00-00,8830.826007972504,170.41523942885257
