trace,op_ems,emb_ems
sarek-dec-3,12400.632464943224,179.93408696821612
sarek-dec-3~+00-01-00,12247.147410168414,179.93408696821612
sarek-dec-3~+00-02-00,11737.435154108587,179.93408696821612
sarek-dec-3~+00-03-00,11079.219586948628,179.93408696821612
sarek-dec-3~+00-04-00,9993.97612867845,179.93408696821612
sarek-dec-3~+00-05-00,9074.22863767431,179.93408696821612
sarek-dec-3~+00-06-00,8389.49349285525,179.93408696821612
sarek-dec-3~+00-07-00,8056.878556562652,179.93408696821612
sarek-dec-3~+00-08-00,7926.615404910601,179.93408696821612
sarek-dec-3~+00-09-00,8728.848460177736,179.93408696821612
sarek-dec-3~+00-10-00,10399.665248443656,179.93408696821612
sarek-dec-3~+00-11-00,11613.899409773401,179.93408696821612
sarek-dec-3~+00-12-00,12637.529331299264,179.93408696821612
sarek-dec-3~+00-13-00,13226.931323775972,179.93408696821612
sarek-dec-3~+00-14-00,13181.165554801408,179.93408696821612
sarek-dec-3~+00-15-00,12595.824940623172,179.93408696821612
sarek-dec-3~+00-16-00,11989.306582416319,179.93408696821612
sarek-dec-3~+00-17-00,11455.308957690533,179.93408696821612
sarek-dec-3~+00-18-00,10955.527176996517,179.93408696821612
sarek-dec-3~+00-19-00,10561.927223527851,179.93408696821612
sarek-dec-3~+00-20-00,10229.307051363487,179.93408696821612
sarek-dec-3~+00-21-00,9821.645998903216,179.93408696821612
sarek-dec-3~+00-22-00,9773.048521172259,179.93408696821612
sarek-dec-3~+00-23-00,10008.699740166268,179.93408696821612
sarek-dec-3~+01-00-00,10355.595578469573,179.93408696821612
