trace,op_ems,emb_ems
chipseq-may-1,10069.89755879332,95.2845684694022
chipseq-may-1~+00-01-00,9904.303113881184,95.2845684694022
chipseq-may-1~+00-02-00,9517.522074251025,95.2845684694022
chipseq-may-1~+00-03-00,8862.900237312995,95.2845684694022
chipseq-may-1~+00-04-00,7956.558381012766,95.2845684694022
chipseq-may-1~+00-05-00,6976.622964877203,95.2845684694022
chipseq-may-1~+00-06-00,6255.4209248515035,95.2845684694022
chipseq-may-1~+00-07-00,6032.103575683884,95.2845684694022
chipseq-may-1~+00-08-00,6209.770212229278,95.2845684694022
chipseq-may-1~+00-09-00,6401.288618455296,95.2845684694022
chipseq-may-1~+00-10-00,6404.319385549254,95.2845684694022
chipseq-may-1~+00-11-00,6296.39080448276,95.2845684694022
chipseq-may-1~+00-12-00,6243.3201528204745,95.2845684694022
chipseq-may-1~+00-13-00,6470.6805354922535,95.2845684694022
chipseq-may-1~+00-14-00,7225.384814097964,95.2845684694022
chipseq-may-1~+00-15-00,8332.419069036172,95.2845684694022
chipseq-may-1~+00-16-00,9230.76669628915,95.2845684694022
chipseq-may-1~+00-17-00,9631.022164000637,95.2845684694022
chipseq-may-1~+00-18-00,9753.091053003289,95.2845684694022
chipseq-may-1~+00-19-00,9789.184233431071,95.2845684694022
chipseq-may-1~+00-20-00,9757.714145962975,95.2845684694022
chipseq-may-1~+00-21-00,9746.096534752414,95.2845684694022
chipseq-may-1~+00-22-00,9815.427341725801,95.2845684694022
chipseq-may-1~+00-23-00,9930.535455246662,95.2845684694022
chipseq-may-1~+01-00-00,10033.468581190727,95.2845684694022
