trace,op_ems,emb_ems
rangeland-feb-2,5980.652485343407,56.19540575328906
rangeland-feb-2~+00-01-00,5992.088842193941,56.19540575328906
rangeland-feb-2~+00-02-00,6021.448456470154,56.19540575328906
rangeland-feb-2~+00-03-00,6049.920284157492,56.19540575328906
rangeland-feb-2~+00-04-00,5988.294158685566,56.19540575328906
rangeland-feb-2~+00-05-00,4654.519301300996,56.19540575328906
rangeland-feb-2~+00-06-00,3849.0697497497963,56.19540575328906
rangeland-feb-2~+00-07-00,4273.093927331869,56.19540575328906
rangeland-feb-2~+00-08-00,4256.645512373472,56.19540575328906
rangeland-feb-2~+00-09-00,4086.629982181495,56.19540575328906
rangeland-feb-2~+00-10-00,3721.274072324452,56.19540575328906
rangeland-feb-2~+00-11-00,4072.3071844508445,56.19540575328906
rangeland-feb-2~+00-12-00,4556.955338459158,56.19540575328906
rangeland-feb-2~+00-13-00,4859.357068412613,56.19540575328906
rangeland-feb-2~+00-14-00,4635.30783526153,56.19540575328906
rangeland-feb-2~+00-15-00,4785.605969917727,56.19540575328906
rangeland-feb-2~+00-16-00,4992.6104252381565,56.19540575328906
rangeland-feb-2~+00-17-00,5260.820829113115,56.19540575328906
rangeland-feb-2~+00-18-00,5342.718140338437,56.19540575328906
rangeland-feb-2~+00-19-00,5605.1076086630865,56.19540575328906
rangeland-feb-2~+00-20-00,5821.686959274598,56.19540575328906
rangeland-feb-2~+00-21-00,5968.02374524214,56.19540575328906
rangeland-feb-2~+00-22-00,5976.927279723997,56.19540575328906
rangeland-feb-2~+00-23-00,5993.369880776937,56.19540575328906
rangeland-feb-2~+01-00-00,5961.376507447074,56.19540575328906
