trace,op_ems,emb_ems
rangeland-jul-1,5806.970561764357,56.33951064719725
rangeland-jul-1~+00-01-00,5838.20999773592,56.33951064719725
rangeland-jul-1~+00-02-00,5862.676496280685,56.33951064719725
rangeland-jul-1~+00-03-00,5788.165798894172,56.33951064719725
rangeland-jul-1~+00-04-00,5801.191790279729,56.33951064719725
rangeland-jul-1~+00-05-00,5909.739949550962,56.33951064719725
rangeland-jul-1~+00-06-00,5981.264601490129,56.33951064719725
rangeland-jul-1~+00-07-00,6031.415962210168,56.33951064719725
rangeland-jul-1~+00-08-00,6038.739961120047,56.33951064719725
rangeland-jul-1~+00-09-00,6015.069527179487,56.33951064719725
rangeland-jul-1~+00-10-00,6084.685923827641,56.33951064719725
rangeland-jul-1~+00-11-00,5978.745276689147,56.33951064719725
rangeland-jul-1~+00-12-00,5876.462012005278,56.33951064719725
rangeland-jul-1~+00-13-00,5811.264033374245,56.33951064719725
rangeland-jul-1~+00-14-00,5790.0518387537795,56.33951064719725
rangeland-jul-1~+00-15-00,5798.5826476974025,56.33951064719725
rangeland-jul-1~+00-16-00,5757.821694144722,56.33951064719725
rangeland-jul-1~+00-17-00,5765.355253617405,56.33951064719725
rangeland-jul-1~+00-18-00,5819.440931703048,56.33951064719725
rangeland-jul-1~+00-19-00,5819.299435438391,56.33951064719725
rangeland-jul-1~+00-20-00,5862.05124349196,56.33951064719725
rangeland-jul-1~+00-21-00,5831.166663372079,56.33951064719725
rangeland-jul-1~+00-22-00,5831.611320564862,56.33951064719725
rangeland-jul-1~+00-23-00,5823.811756733804,56.33951064719725
rangeland-jul-1~+01-00-00,5826.394459998845,56.33951064719725
