trace,op_ems,emb_ems
rnaseq-apr-3,3970.8378932452324,61.95465283773145
rnaseq-apr-3~+00-01-00,4327.991546710253,61.95465283773145
rnaseq-apr-3~+00-02-00,4807.911894130039,61.95465283773145
rnaseq-apr-3~+00-03-00,5062.898585902626,61.95465283773145
rnaseq-apr-3~+00-04-00,4847.449227812488,61.95465283773145
rnaseq-apr-3~+00-05-00,4325.017519719258,61.95465283773145
rnaseq-apr-3~+00-06-00,3990.838639916021,61.95465283773145
rnaseq-apr-3~+00-07-00,4026.177207095258,61.95465283773145
rnaseq-apr-3~+00-08-00,4590.506757328009,61.95465283773145
rnaseq-apr-3~+00-09-00,4978.7098537264155,61.95465283773145
rnaseq-apr-3~+00-10-00,4651.554377582497,61.95465283773145
rnaseq-apr-3~+00-11-00,4024.1648452314575,61.95465283773145
rnaseq-apr-3~+00-12-00,4003.2127752141087,61.95465283773145
rnaseq-apr-3~+00-13-00,4249.35957525957,61.95465283773145
rnaseq-apr-3~+00-14-00,4529.587436414908,61.95465283773145
rnaseq-apr-3~+00-15-00,4826.52140157292,61.95465283773145
rnaseq-apr-3~+00-16-00,4964.725317366535,61.95465283773145
rnaseq-apr-3~+00-17-00,4803.153851454801,61.95465283773145
rnaseq-apr-3~+00-18-00,4498.255315560098,61.95465283773145
rnaseq-apr-3~+00-19-00,4187.411093006076,61.95465283773145
rnaseq-apr-3~+00-20-00,3888.579680077369,61.95465283773145
rnaseq-apr-3~+00-21-00,3663.5042985300915,61.95465283773145
rnaseq-apr-3~+00-22-00,3681.044155870069,61.95465283773145
rnaseq-apr-3~+00-23-00,3808.960402479021,61.95465283773145
rnaseq-apr-3~+01-00-00,4002.8653039909136,61.95465283773145
