trace,op_ems,emb_ems
rangeland-dec-1,3122.6815475197404,56.24585137653058
rangeland-dec-1~+00-01-00,3044.3696594711073,56.24585137653058
rangeland-dec-1~+00-02-00,2902.056872427834,56.24585137653058
rangeland-dec-1~+00-03-00,2735.297534764495,56.24585137653058
rangeland-dec-1~+00-04-00,2535.766506431172,56.24585137653058
rangeland-dec-1~+00-05-00,2351.07895827915,56.24585137653058
rangeland-dec-1~+00-06-00,2230.631438392887,56.24585137653058
rangeland-dec-1~+00-07-00,2289.559184495171,56.24585137653058
rangeland-dec-1~+00-08-00,2533.137502746627,56.24585137653058
rangeland-dec-1~+00-09-00,2756.138158354845,56.24585137653058
rangeland-dec-1~+00-10-00,2943.5503483555035,56.24585137653058
rangeland-dec-1~+00-11-00,3113.316184891013,56.24585137653058
rangeland-dec-1~+00-12-00,3261.1127497161183,56.24585137653058
rangeland-dec-1~+00-13-00,3381.8269852070616,56.24585137653058
rangeland-dec-1~+00-14-00,3389.9798992090723,56.24585137653058
rangeland-dec-1~+00-15-00,3241.064482347939,56.24585137653058
rangeland-dec-1~+00-16-00,3078.2756302320595,56.24585137653058
rangeland-dec-1~+00-17-00,2953.981701765504,56.24585137653058
rangeland-dec-1~+00-18-00,2855.480138352144,56.24585137653058
rangeland-dec-1~+00-19-00,2741.2593832982984,56.24585137653058
rangeland-dec-1~+00-20-00,2677.6485857905113,56.24585137653058
rangeland-dec-1~+00-21-00,2680.2237725373993,56.24585137653058
rangeland-dec-1~+00-22-00,2721.334262671205,56.24585137653058
rangeland-dec-1~+00-23-00,2716.314309312395,56.24585137653058
rangeland-dec-1~+01-00-00,2665.2115128324367,56.24585137653058
