trace,op_ems,emb_ems
nanoseq-apr-1,185.11633125542156,2.2493885276446886
nanoseq-apr-1~+00-01-00,185.55095625762655,2.2493885276446886
nanoseq-apr-1~+00-02-00,185.34338044105144,2.2493885276446886
nanoseq-apr-1~+00-03-00,186.2355043433334,2.2493885276446886
nanoseq-apr-1~+00-04-00,188.09507475691075,2.2493885276446886
nanoseq-apr-1~+00-05-00,188.92557788144936,2.2493885276446886
nanoseq-apr-1~+00-06-00,187.58811281922212,2.2493885276446886
nanoseq-apr-1~+00-07-00,187.24541674803922,2.2493885276446886
nanoseq-apr-1~+00-08-00,187.44399300844964,2.2493885276446886
nanoseq-apr-1~+00-09-00,187.4280494512257,2.2493885276446886
nanoseq-apr-1~+00-10-00,188.0672632523942,2.2493885276446886
nanoseq-apr-1~+00-11-00,187.51933635379868,2.2493885276446886
nanoseq-apr-1~+00-12-00,185.77002875390917,2.2493885276446886
nanoseq-apr-1~+00-13-00,184.1656502990069,2.2493885276446886
nanoseq-apr-1~+00-14-00,183.89064045186035,2.2493885276446886
nanoseq-apr-1~+00-15-00,183.8380427718004,2.2493885276446886
nanoseq-apr-1~+00-16-00,184.7999318801505,2.2493885276446886
nanoseq-apr-1~+00-17-00,186.55574627750573,2.2493885276446886
nanoseq-apr-1~+00-18-00,188.7175609315829,2.2493885276446886
nanoseq-apr-1~+00-19-00,190.3382209678998,2.2493885276446886
nanoseq-apr-1~+00-20-00,192.42171160384302,2.2493885276446886
nanoseq-apr-1~+00-21-00,192.68805370877737,2.2493885276446886
nanoseq-apr-1~+00-22-00,191.43791493592119,2.2493885276446886
nanoseq-apr-1~+00-23-00,188.65102417366586,2.2493885276446886
nanoseq-apr-1~+01-00-00,185.28402472695606,2.2493885276446886
