trace,op_ems,emb_ems
nanoseq-mar-1,188.91045454902476,2.2493885276446886
nanoseq-mar-1~+00-01-00,188.9841548306015,2.2493885276446886
nanoseq-mar-1~+00-02-00,189.56147027534453,2.2493885276446886
nanoseq-mar-1~+00-03-00,189.37167704614862,2.2493885276446886
nanoseq-mar-1~+00-04-00,188.77717526901938,2.2493885276446886
nanoseq-mar-1~+00-05-00,189.85084125277768,2.2493885276446886
nanoseq-mar-1~+00-06-00,190.33930705504937,2.2493885276446886
nanoseq-mar-1~+00-07-00,190.4170245336737,2.2493885276446886
nanoseq-mar-1~+00-08-00,190.19482676597076,2.2493885276446886
nanoseq-mar-1~+00-09-00,189.30527060171505,2.2493885276446886
nanoseq-mar-1~+00-10-00,187.69976318201014,2.2493885276446886
nanoseq-mar-1~+00-11-00,186.1065275382041,2.2493885276446886
nanoseq-mar-1~+00-12-00,185.49496942983973,2.2493885276446886
nanoseq-mar-1~+00-13-00,164.48008003796858,2.2493885276446886
nanoseq-mar-1~+00-14-00,126.40144660513582,2.2493885276446886
nanoseq-mar-1~+00-15-00,86.70552549448718,2.2493885276446886
nanoseq-mar-1~+00-16-00,46.32565188854813,2.2493885276446886
nanoseq-mar-1~+00-17-00,6.842039792605365,2.2493885276446886
nanoseq-mar-1~+00-18-00,0.2749539480349943,2.2493885276446886
nanoseq-mar-1~+00-19-00,0.24883495938799946,2.2493885276446886
nanoseq-mar-1~+00-20-00,0.22395753008739874,2.2493885276446886
nanoseq-mar-1~+00-21-00,0.30797243153039167,2.2493885276446886
nanoseq-mar-1~+00-22-00,0.4213446315557354,2.2493885276446886
nanoseq-mar-1~+00-23-00,3.6402984572261294,2.2493885276446886
nanoseq-mar-1~+01-00-00,21.81300028501107,2.2493885276446886
