trace,op_ems,emb_ems
chipseq-may-2,9915.912713347585,93.55153285104065
chipseq-may-2~+00-01-00,9764.597918549465,93.55153285104065
chipseq-may-2~+00-02-00,9401.051048184168,93.55153285104065
chipseq-may-2~+00-03-00,8781.481517100103,93.55153285104065
chipseq-may-2~+00-04-00,7894.977159811381,93.55153285104065
chipseq-may-2~+00-05-00,6926.740302663262,93.55153285104065
chipseq-may-2~+00-06-00,6171.288749693769,93.55153285104065
chipseq-may-2~+00-07-00,5914.800250366031,93.55153285104065
chipseq-may-2~+00-08-00,6088.356190418655,93.55153285104065
chipseq-may-2~+00-09-00,6301.027636342075,93.55153285104065
chipseq-may-2~+00-10-00,6309.540302749342,93.55153285104065
chipseq-may-2~+00-11-00,6200.216320237685,93.55153285104065
chipseq-may-2~+00-12-00,6140.438259025288,93.55153285104065
chipseq-may-2~+00-13-00,6328.152380123862,93.55153285104065
chipseq-may-2~+00-14-00,7013.4319596711985,93.55153285104065
chipseq-may-2~+00-15-00,8126.527200044678,93.55153285104065
chipseq-may-2~+00-16-00,9064.146565152872,93.55153285104065
chipseq-may-2~+00-17-00,9465.028742963457,93.55153285104065
chipseq-may-2~+00-18-00,9592.127662850433,93.55153285104065
chipseq-may-2~+00-19-00,9633.299082869175,93.55153285104065
chipseq-may-2~+00-20-00,9604.12448277096,93.55153285104065
chipseq-may-2~+00-21-00,9584.015571982705,93.55153285104065
chipseq-may-2~+00-22-00,9644.041441747553,93.55153285104065
chipseq-may-2~+00-23-00,9766.771131837062,93.55153285104065
chipseq-may-2~+01-00-00,9863.542450163763,93.55153285104065
