trace,op_ems,emb_ems
mag-jun-2,11458.996279656929,170.41523942885257
mag-jun-2~+00-01-00,11455.74683262725,170.41523942885257
mag-jun-2~+00-02-00,11430.939312760322,170.41523942885257
mag-jun-2~+00-03-00,11414.48815597057,170.41523942885257
mag-jun-2~+00-04-00,11358.311335928025,170.41523942885257
mag-jun-2~+00-05-00,11452.373401239618,170.41523942885257
mag-jun-2~+00-06-00,11705.407678937792,170.41523942885257
mag-jun-2~+00-07-00,11934.216503680995,170.41523942885257
mag-jun-2~+00-08-00,12126.872063929028,170.41523942885257
mag-jun-2~+00-09-00,12219.8557011065,170.41523942885257
mag-jun-2~+00-10-00,12293.545574049682,170.41523942885257
mag-jun-2~+00-11-00,12442.898051812086,170.41523942885257
mag-jun-2~+00-12-00,12602.394480243789,170.41523942885257
mag-jun-2~+00-13-00,12743.227664790531,170.41523942885257
mag-jun-2~+00-14-00,12842.7378608807,170.41523942885257
mag-jun-2~+00-15-00,12915.366479593888,170.41523942885257
mag-jun-2~+00-16-00,12939.712409358557,170.41523942885257
mag-jun-2~+00-17-00,12860.241215619382,170.41523942885257
mag-jun-2~+00-18-00,12651.932260566666,170.41523942885257
mag-jun-2~+00-19-00,12424.655770393694,170.41523942885257
mag-jun-2~+00-20-00,12237.637666290997,170.41523942885257
mag-jun-2~+00-21-00,12080.107564980934,170.41523942885257
mag-jun-2~+00-22-00,11997.936421755541,170.41523942885257
mag-jun-2~+00-23-00,11899.652422380605,170.41523942885257
mag-jun-2~+01-00-00,11781.569853577364,170.41523942885257
