trace,op_ems,emb_ems
nanoseq-mar-1,80.13931397281381,2.2463699711004637
nanoseq-mar-1~+00-01-00,79.80746581523844,2.2463699711004637
nanoseq-mar-1~+00-02-00,75.66652592391863,2.2463699711004637
nanoseq-mar-1~+00-03-00,69.0751266591681,2.2463699711004637
nanoseq-mar-1~+00-04-00,62.38112225963263,2.2463699711004637
nanoseq-mar-1~+00-05-00,57.49072610053069,2.2463699711004637
nanoseq-mar-1~+00-06-00,55.0409761956311,2.2463699711004637
nanoseq-mar-1~+00-07-00,54.2217343825332,2.2463699711004637
nanoseq-mar-1~+00-08-00,54.006270490199086,2.2463699711004637
nanoseq-mar-1~+00-09-00,54.67770025585952,2.2463699711004637
nanoseq-mar-1~+00-10-00,58.670341660083125,2.2463699711004637
nanoseq-mar-1~+00-11-00,66.2056311306566,2.2463699711004637
nanoseq-mar-1~+00-12-00,72.49171844589519,2.2463699711004637
nanoseq-mar-1~+00-13-00,75.37509041044889,2.2463699711004637
nanoseq-mar-1~+00-14-00,75.19127337915623,2.2463699711004637
nanoseq-mar-1~+00-15-00,69.3974219544073,2.2463699711004637
nanoseq-mar-1~+00-16-00,60.76199222243945,2.2463699711004637
nanoseq-mar-1~+00-17-00,55.45445166328428,2.2463699711004637
nanoseq-mar-1~+00-18-00,53.362171820990156,2.2463699711004637
nanoseq-mar-1~+00-19-00,52.58342102167431,2.2463699711004637
nanoseq-mar-1~+00-20-00,52.67275737145347,2.2463699711004637
nanoseq-mar-1~+00-21-00,53.52407829947415,2.2463699711004637
nanoseq-mar-1~+00-22-00,55.23609133232004,2.2463699711004637
nanoseq-mar-1~+00-23-00,57.464468750793046,2.2463699711004637
nanoseq-mar-1~+01-00-00,59.29742338250611,2.2463699711004637
