trace,op_ems,emb_ems
nanoseq-aug-2,180.63365085291315,2.283583422059979
nanoseq-aug-2~+00-01-00,183.63084791812346,2.283583422059979
nanoseq-aug-2~+00-02-00,186.63235180287106,2.283583422059979
nanoseq-aug-2~+00-03-00,189.0050744025141,2.283583422059979
nanoseq-aug-2~+00-04-00,189.06143028993654,2.283583422059979
nanoseq-aug-2~+00-05-00,185.5054604171846,2.283583422059979
nanoseq-aug-2~+00-06-00,182.02241632388487,2.283583422059979
nanoseq-aug-2~+00-07-00,177.84984098717803,2.283583422059979
nanoseq-aug-2~+00-08-00,176.8443547973993,2.283583422059979
nanoseq-aug-2~+00-09-00,165.97795295996528,2.283583422059979
nanoseq-aug-2~+00-10-00,160.84848066336582,2.283583422059979
nanoseq-aug-2~+00-11-00,163.6191681645205,2.283583422059979
nanoseq-aug-2~+00-12-00,162.86870006081233,2.283583422059979
nanoseq-aug-2~+00-13-00,162.97709207763512,2.283583422059979
nanoseq-aug-2~+00-14-00,179.59830808248734,2.283583422059979
nanoseq-aug-2~+00-15-00,181.5878902270109,2.283583422059979
nanoseq-aug-2~+00-16-00,183.01870305509817,2.283583422059979
nanoseq-aug-2~+00-17-00,185.84222384352782,2.283583422059979
nanoseq-aug-2~+00-18-00,189.25938602637908,2.283583422059979
nanoseq-aug-2~+00-19-00,192.03859679685647,2.283583422059979
nanoseq-aug-2~+00-20-00,194.6654296087561,2.283583422059979
nanoseq-aug-2~+00-21-00,195.97733399455072,2.283583422059979
nanoseq-aug-2~+00-22-00,194.64642239233356,2.283583422059979
nanoseq-aug-2~+00-23-00,192.1560844078957,2.283583422059979
nanoseq-aug-2~+01-00-00,190.3589788370181,2.283583422059979
