trace,op_ems,emb_ems
montage-feb-2,236.2951594205052,4.417620969401983
montage-feb-2~+00-01-00,236.2568852501192,4.417620969401983
montage-feb-2~+00-02-00,250.50444517630405,4.417620969401983
montage-feb-2~+00-03-00,269.63196182670237,4.417620969401983
montage-feb-2~+00-04-00,289.17092580875016,4.417620969401983
montage-feb-2~+00-05-00,238.639452356647,4.417620969401983
montage-feb-2~+00-06-00,212.55560523859495,4.417620969401983
montage-feb-2~+00-07-00,211.1203238491203,4.417620969401983
montage-feb-2~+00-08-00,212.785250260911,4.417620969401983
montage-feb-2~+00-09-00,207.49384620504773,4.417620969401983
montage-feb-2~+00-10-00,202.824397417957,4.417620969401983
montage-feb-2~+00-11-00,206.05856481557325,4.417620969401983
montage-feb-2~+00-12-00,212.59387940898105,4.417620969401983
montage-feb-2~+00-13-00,226.74575390920077,4.417620969401983
montage-feb-2~+00-14-00,316.79530828483865,4.417620969401983
montage-feb-2~+00-15-00,423.4462840653996,4.417620969401983
montage-feb-2~+00-16-00,439.08128266807654,4.417620969401983
montage-feb-2~+00-17-00,442.0858050433766,4.417620969401983
montage-feb-2~+00-18-00,442.39199840646444,4.417620969401983
montage-feb-2~+00-19-00,431.54127110203615,4.417620969401983
montage-feb-2~+00-20-00,422.3076274964165,4.417620969401983
montage-feb-2~+00-21-00,407.83999109051206,4.417620969401983
montage-feb-2~+00-22-00,384.7510978051637,4.417620969401983
montage-feb-2~+00-23-00,360.87758402690247,4.417620969401983
montage-feb-2~+01-00-00,351.2899043452119,4.417620969401983
