trace,op_ems,emb_ems
rangeland-sep-2,3647.528766563779,56.10015765457453
rangeland-sep-2~+00-01-00,3488.2734111493505,56.10015765457453
rangeland-sep-2~+00-02-00,3303.770054661475,56.10015765457453
rangeland-sep-2~+00-03-00,3109.6308454033897,56.10015765457453
rangeland-sep-2~+00-04-00,2880.898801417121,56.10015765457453
rangeland-sep-2~+00-05-00,2681.8552986730074,56.10015765457453
rangeland-sep-2~+00-06-00,2639.7448503336473,56.10015765457453
rangeland-sep-2~+00-07-00,2701.488085081049,56.10015765457453
rangeland-sep-2~+00-08-00,2805.0774436108068,56.10015765457453
rangeland-sep-2~+00-09-00,3030.1926978157835,56.10015765457453
rangeland-sep-2~+00-10-00,3357.8232013716292,56.10015765457453
rangeland-sep-2~+00-11-00,3631.077574854026,56.10015765457453
rangeland-sep-2~+00-12-00,3849.360083745208,56.10015765457453
rangeland-sep-2~+00-13-00,3999.3253492717586,56.10015765457453
rangeland-sep-2~+00-14-00,4102.081263846828,56.10015765457453
rangeland-sep-2~+00-15-00,4133.068371681917,56.10015765457453
rangeland-sep-2~+00-16-00,4050.7856956760656,56.10015765457453
rangeland-sep-2~+00-17-00,3870.2460282337015,56.10015765457453
rangeland-sep-2~+00-18-00,3699.643142315358,56.10015765457453
rangeland-sep-2~+00-19-00,3581.7695249495846,56.10015765457453
rangeland-sep-2~+00-20-00,3544.3611665996564,56.10015765457453
rangeland-sep-2~+00-21-00,3575.1873132745545,56.10015765457453
rangeland-sep-2~+00-22-00,3636.535839900854,56.10015765457453
rangeland-sep-2~+00-23-00,3560.518458186954,56.10015765457453
rangeland-sep-2~+01-00-00,3440.0216975586413,56.10015765457453
