trace,op_ems,emb_ems
chipseq-sep-1,13135.152957164648,100.71517209432965
chipseq-sep-1~+00-01-00,12599.618305968675,100.71517209432965
chipseq-sep-1~+00-02-00,12437.806375193353,100.71517209432965
chipseq-sep-1~+00-03-00,12766.707612583954,100.71517209432965
chipseq-sep-1~+00-04-00,12840.179323105787,100.71517209432965
chipseq-sep-1~+00-05-00,12913.83170140412,100.71517209432965
chipseq-sep-1~+00-06-00,12929.380821716215,100.71517209432965
chipseq-sep-1~+00-07-00,13047.572170136087,100.71517209432965
chipseq-sep-1~+00-08-00,13282.314772397292,100.71517209432965
chipseq-sep-1~+00-09-00,13508.906253845731,100.71517209432965
chipseq-sep-1~+00-10-00,13615.121194596195,100.71517209432965
chipseq-sep-1~+00-11-00,13445.462622570842,100.71517209432965
chipseq-sep-1~+00-12-00,13126.055619046176,100.71517209432965
chipseq-sep-1~+00-13-00,12672.2531535561,100.71517209432965
chipseq-sep-1~+00-14-00,12515.07935502049,100.71517209432965
chipseq-sep-1~+00-15-00,12554.19846436213,100.71517209432965
chipseq-sep-1~+00-16-00,12504.932548658177,100.71517209432965
chipseq-sep-1~+00-17-00,12595.756467554718,100.71517209432965
chipseq-sep-1~+00-18-00,12825.415575631128,100.71517209432965
chipseq-sep-1~+00-19-00,13230.490632227285,100.71517209432965
chipseq-sep-1~+00-20-00,13214.306356718806,100.71517209432965
chipseq-sep-1~+00-21-00,13061.815704140306,100.71517209432965
chipseq-sep-1~+00-22-00,12952.846358842557,100.71517209432965
chipseq-sep-1~+00-23-00,12926.67860453399,100.71517209432965
chipseq-sep-1~+01-00-00,12988.895753740037,100.71517209432965
