trace,op_ems,emb_ems
chipseq-jun-1,8168.958848144278,95.2845684694022
chipseq-jun-1~+00-01-00,8487.788627800743,95.2845684694022
chipseq-jun-1~+00-02-00,8669.27190166926,95.2845684694022
chipseq-jun-1~+00-03-00,8482.734660187883,95.2845684694022
chipseq-jun-1~+00-04-00,8036.611705143164,95.2845684694022
chipseq-jun-1~+00-05-00,7735.980535928483,95.2845684694022
chipseq-jun-1~+00-06-00,7698.313066453919,95.2845684694022
chipseq-jun-1~+00-07-00,7774.350687792993,95.2845684694022
chipseq-jun-1~+00-08-00,7888.060961822815,95.2845684694022
chipseq-jun-1~+00-09-00,7994.1756706390015,95.2845684694022
chipseq-jun-1~+00-10-00,8051.935328970828,95.2845684694022
chipseq-jun-1~+00-11-00,8071.927387981876,95.2845684694022
chipseq-jun-1~+00-12-00,8080.401485522787,95.2845684694022
chipseq-jun-1~+00-13-00,8206.344653076281,95.2845684694022
chipseq-jun-1~+00-14-00,8545.189765791289,95.2845684694022
chipseq-jun-1~+00-15-00,8958.723569066262,95.2845684694022
chipseq-jun-1~+00-16-00,9192.126877131543,95.2845684694022
chipseq-jun-1~+00-17-00,9179.017989386759,95.2845684694022
chipseq-jun-1~+00-18-00,9101.088330384793,95.2845684694022
chipseq-jun-1~+00-19-00,9100.577499754114,95.2845684694022
chipseq-jun-1~+00-20-00,9151.161603631572,95.2845684694022
chipseq-jun-1~+00-21-00,9202.57172371013,95.2845684694022
chipseq-jun-1~+00-22-00,9221.127712709045,95.2845684694022
chipseq-jun-1~+00-23-00,9206.195095845165,95.2845684694022
chipseq-jun-1~+01-00-00,9143.466687913264,95.2845684694022
