trace,op_ems,emb_ems
rnaseq-apr-3,8349.990461880989,64.60281226683885
rnaseq-apr-3~+00-01-00,8303.788131330613,64.60281226683885
rnaseq-apr-3~+00-02-00,8137.0894954771575,64.60281226683885
rnaseq-apr-3~+00-03-00,8032.5662629386625,64.60281226683885
rnaseq-apr-3~+00-04-00,8214.201207995258,64.60281226683885
rnaseq-apr-3~+00-05-00,8370.907542046352,64.60281226683885
rnaseq-apr-3~+00-06-00,8392.430909224806,64.60281226683885
rnaseq-apr-3~+00-07-00,8325.870612736146,64.60281226683885
rnaseq-apr-3~+00-08-00,8217.58591931956,64.60281226683885
rnaseq-apr-3~+00-09-00,8205.93915213821,64.60281226683885
rnaseq-apr-3~+00-10-00,8302.952288615912,64.60281226683885
rnaseq-apr-3~+00-11-00,8381.675714346042,64.60281226683885
rnaseq-apr-3~+00-12-00,8304.935887033707,64.60281226683885
rnaseq-apr-3~+00-13-00,8247.719320422804,64.60281226683885
rnaseq-apr-3~+00-14-00,8200.95402411402,64.60281226683885
rnaseq-apr-3~+00-15-00,8102.342878151314,64.60281226683885
rnaseq-apr-3~+00-16-00,8075.489126153434,64.60281226683885
rnaseq-apr-3~+00-17-00,8136.313239915325,64.60281226683885
rnaseq-apr-3~+00-18-00,8228.129199336025,64.60281226683885
rnaseq-apr-3~+00-19-00,8283.22617354026,64.60281226683885
rnaseq-apr-3~+00-20-00,8376.33926442425,64.60281226683885
rnaseq-apr-3~+00-21-00,8494.280152553449,64.60281226683885
rnaseq-apr-3~+00-22-00,8551.19320370068,64.60281226683885
rnaseq-apr-3~+00-23-00,8590.0234666022,64.60281226683885
rnaseq-apr-3~+01-00-00,8486.31277451256,64.60281226683885
