trace,op_ems,emb_ems
sarek-aug-3,21585.68646854026,183.31733251806511
sarek-aug-3~+00-01-00,21960.67480143651,183.31733251806511
sarek-aug-3~+00-02-00,22334.82053667329,183.31733251806511
sarek-aug-3~+00-03-00,22733.78449171126,183.31733251806511
sarek-aug-3~+00-04-00,22408.615074523128,183.31733251806511
sarek-aug-3~+00-05-00,22396.134875695258,183.31733251806511
sarek-aug-3~+00-06-00,21803.32552108078,183.31733251806511
sarek-aug-3~+00-07-00,21518.685616196562,183.31733251806511
sarek-aug-3~+00-08-00,21292.19762629607,183.31733251806511
sarek-aug-3~+00-09-00,21191.244977422564,183.31733251806511
sarek-aug-3~+00-10-00,18099.91541035182,183.31733251806511
sarek-aug-3~+00-11-00,20893.896498983555,183.31733251806511
sarek-aug-3~+00-12-00,19356.443520338293,183.31733251806511
sarek-aug-3~+00-13-00,19938.143936523284,183.31733251806511
sarek-aug-3~+00-14-00,20669.769946312823,183.31733251806511
sarek-aug-3~+00-15-00,21997.102774732735,183.31733251806511
sarek-aug-3~+00-16-00,21912.113640617536,183.31733251806511
sarek-aug-3~+00-17-00,22215.94796951763,183.31733251806511
sarek-aug-3~+00-18-00,22573.015656451924,183.31733251806511
sarek-aug-3~+00-19-00,22937.891524434806,183.31733251806511
sarek-aug-3~+00-20-00,23290.369998117465,183.31733251806511
sarek-aug-3~+00-21-00,23534.824829664947,183.31733251806511
sarek-aug-3~+00-22-00,23351.201207437032,183.31733251806511
sarek-aug-3~+00-23-00,23034.333421149353,183.31733251806511
sarek-aug-3~+01-00-00,22767.893629333674,183.31733251806511
