trace,op_ems,emb_ems
rnaseq-dec-1,7636.299488457788,62.89105340684976
rnaseq-dec-1~+00-01-00,7591.13802347825,62.89105340684976
rnaseq-dec-1~+00-02-00,7547.507910277186,62.89105340684976
rnaseq-dec-1~+00-03-00,7574.611899492396,62.89105340684976
rnaseq-dec-1~+00-04-00,7871.912835712193,62.89105340684976
rnaseq-dec-1~+00-05-00,8237.559492736538,62.89105340684976
rnaseq-dec-1~+00-06-00,8389.666490573103,62.89105340684976
rnaseq-dec-1~+00-07-00,7467.864897925346,62.89105340684976
rnaseq-dec-1~+00-08-00,4960.432643567653,62.89105340684976
rnaseq-dec-1~+00-09-00,2951.5769664794043,62.89105340684976
rnaseq-dec-1~+00-10-00,3987.2583401902525,62.89105340684976
rnaseq-dec-1~+00-11-00,6919.785972725837,62.89105340684976
rnaseq-dec-1~+00-12-00,7688.650401655967,62.89105340684976
rnaseq-dec-1~+00-13-00,7752.0808319355865,62.89105340684976
rnaseq-dec-1~+00-14-00,7727.037458327491,62.89105340684976
rnaseq-dec-1~+00-15-00,7827.5997450438035,62.89105340684976
rnaseq-dec-1~+00-16-00,7842.128562966146,62.89105340684976
rnaseq-dec-1~+00-17-00,7852.880076225197,62.89105340684976
rnaseq-dec-1~+00-18-00,7866.330833458695,62.89105340684976
rnaseq-dec-1~+00-19-00,7873.733656590031,62.89105340684976
rnaseq-dec-1~+00-20-00,7917.543575333238,62.89105340684976
rnaseq-dec-1~+00-21-00,7964.4616277492505,62.89105340684976
rnaseq-dec-1~+00-22-00,7979.684398697036,62.89105340684976
rnaseq-dec-1~+00-23-00,7917.44609059224,62.89105340684976
rnaseq-dec-1~+01-00-00,7843.852114922092,62.89105340684976
