trace,op_ems,emb_ems
sarek-oct-2,23478.759952782966,185.95754100781198
sarek-oct-2~+00-01-00,23296.214626235003,185.95754100781198
sarek-oct-2~+00-02-00,23223.526709580747,185.95754100781198
sarek-oct-2~+00-03-00,23204.694860104024,185.95754100781198
sarek-oct-2~+00-04-00,23433.587220224985,185.95754100781198
sarek-oct-2~+00-05-00,23110.97644772574,185.95754100781198
sarek-oct-2~+00-06-00,22650.628423119593,185.95754100781198
sarek-oct-2~+00-07-00,22247.190138990507,185.95754100781198
sarek-oct-2~+00-08-00,21881.411225210486,185.95754100781198
sarek-oct-2~+00-09-00,21556.597895995565,185.95754100781198
sarek-oct-2~+00-10-00,21641.63298956395,185.95754100781198
sarek-oct-2~+00-11-00,21740.107741628683,185.95754100781198
sarek-oct-2~+00-12-00,21901.42662848123,185.95754100781198
sarek-oct-2~+00-13-00,22117.434307219442,185.95754100781198
sarek-oct-2~+00-14-00,22210.570841846697,185.95754100781198
sarek-oct-2~+00-15-00,22198.57026506043,185.95754100781198
sarek-oct-2~+00-16-00,22264.516795703883,185.95754100781198
sarek-oct-2~+00-17-00,22665.70241510938,185.95754100781198
sarek-oct-2~+00-18-00,23221.57973346237,185.95754100781198
sarek-oct-2~+00-19-00,23695.303977906984,185.95754100781198
sarek-oct-2~+00-20-00,23955.99299870263,185.95754100781198
sarek-oct-2~+00-21-00,23959.29417634469,185.95754100781198
sarek-oct-2~+00-22-00,23936.46835257008,185.95754100781198
sarek-oct-2~+00-23-00,23748.88891009852,185.95754100781198
sarek-oct-2~+01-00-00,23241.514448480604,185.95754100781198
