trace,op_ems,emb_ems
chipseq-jun-3,12319.895226574446,100.15869459141447
chipseq-jun-3~+00-01-00,12202.54366612113,100.15869459141447
chipseq-jun-3~+00-02-00,12086.26706974734,100.15869459141447
chipseq-jun-3~+00-03-00,12147.705458707862,100.15869459141447
chipseq-jun-3~+00-04-00,12454.606475920475,100.15869459141447
chipseq-jun-3~+00-05-00,12380.837514669545,100.15869459141447
chipseq-jun-3~+00-06-00,12414.555028694482,100.15869459141447
chipseq-jun-3~+00-07-00,12382.735976610285,100.15869459141447
chipseq-jun-3~+00-08-00,12512.880461289858,100.15869459141447
chipseq-jun-3~+00-09-00,12611.064195141405,100.15869459141447
chipseq-jun-3~+00-10-00,12551.588583756753,100.15869459141447
chipseq-jun-3~+00-11-00,12504.200593232325,100.15869459141447
chipseq-jun-3~+00-12-00,12423.05939889325,100.15869459141447
chipseq-jun-3~+00-13-00,12349.57476328368,100.15869459141447
chipseq-jun-3~+00-14-00,12250.874728415232,100.15869459141447
chipseq-jun-3~+00-15-00,12279.825412562443,100.15869459141447
chipseq-jun-3~+00-16-00,12304.120902524459,100.15869459141447
chipseq-jun-3~+00-17-00,12241.405836303822,100.15869459141447
chipseq-jun-3~+00-18-00,12229.195355874617,100.15869459141447
chipseq-jun-3~+00-19-00,12131.588449786626,100.15869459141447
chipseq-jun-3~+00-20-00,11989.372638145549,100.15869459141447
chipseq-jun-3~+00-21-00,12002.189357339877,100.15869459141447
chipseq-jun-3~+00-22-00,12064.28233882479,100.15869459141447
chipseq-jun-3~+00-23-00,12074.031717461234,100.15869459141447
chipseq-jun-3~+01-00-00,12074.427240700834,100.15869459141447
