trace,op_ems,emb_ems
nanoseq-may-3,147.88650895032455,2.2487745329175857
nanoseq-may-3~+00-01-00,141.45448081430908,2.2487745329175857
nanoseq-may-3~+00-02-00,131.637238596402,2.2487745329175857
nanoseq-may-3~+00-03-00,119.5933695069254,2.2487745329175857
nanoseq-may-3~+00-04-00,107.84224794138046,2.2487745329175857
nanoseq-may-3~+00-05-00,99.35220262364462,2.2487745329175857
nanoseq-may-3~+00-06-00,94.91901048339855,2.2487745329175857
nanoseq-may-3~+00-07-00,94.02018819531808,2.2487745329175857
nanoseq-may-3~+00-08-00,95.17448409037262,2.2487745329175857
nanoseq-may-3~+00-09-00,96.09097702754474,2.2487745329175857
nanoseq-may-3~+00-10-00,95.88367784853126,2.2487745329175857
nanoseq-may-3~+00-11-00,97.22922007586803,2.2487745329175857
nanoseq-may-3~+00-12-00,103.24331141194028,2.2487745329175857
nanoseq-may-3~+00-13-00,112.99795904050414,2.2487745329175857
nanoseq-may-3~+00-14-00,124.16192442751634,2.2487745329175857
nanoseq-may-3~+00-15-00,135.4482093238263,2.2487745329175857
nanoseq-may-3~+00-16-00,143.68167124503685,2.2487745329175857
nanoseq-may-3~+00-17-00,146.94862181887964,2.2487745329175857
nanoseq-may-3~+00-18-00,147.6676685753085,2.2487745329175857
nanoseq-may-3~+00-19-00,148.0070662035098,2.2487745329175857
nanoseq-may-3~+00-20-00,148.43574875572514,2.2487745329175857
nanoseq-may-3~+00-21-00,149.0828689320766,2.2487745329175857
nanoseq-may-3~+00-22-00,150.27640882161467,2.2487745329175857
nanoseq-may-3~+00-23-00,150.61239663702264,2.2487745329175857
nanoseq-may-3~+01-00-00,146.20828794154494,2.2487745329175857
