trace,op_ems,emb_ems
sarek-sep-1,22538.219587837466,185.156829608021
sarek-sep-1~+00-01-00,22566.55647319861,185.156829608021
sarek-sep-1~+00-02-00,22403.193946571235,185.156829608021
sarek-sep-1~+00-03-00,22531.436508484545,185.156829608021
sarek-sep-1~+00-04-00,22677.482636495664,185.156829608021
sarek-sep-1~+00-05-00,22898.145543910316,185.156829608021
sarek-sep-1~+00-06-00,23163.763061501024,185.156829608021
sarek-sep-1~+00-07-00,23477.482681406953,185.156829608021
sarek-sep-1~+00-08-00,23756.04792774135,185.156829608021
sarek-sep-1~+00-09-00,23748.766278281913,185.156829608021
sarek-sep-1~+00-10-00,23615.69890940254,185.156829608021
sarek-sep-1~+00-11-00,22909.031297817713,185.156829608021
sarek-sep-1~+00-12-00,22668.18877581184,185.156829608021
sarek-sep-1~+00-13-00,22361.222430286212,185.156829608021
sarek-sep-1~+00-14-00,22113.872612870022,185.156829608021
sarek-sep-1~+00-15-00,22106.291794279645,185.156829608021
sarek-sep-1~+00-16-00,22406.64780021831,185.156829608021
sarek-sep-1~+00-17-00,22911.3597848358,185.156829608021
sarek-sep-1~+00-18-00,22955.63419085387,185.156829608021
sarek-sep-1~+00-19-00,23051.491522887216,185.156829608021
sarek-sep-1~+00-20-00,23071.38824441514,185.156829608021
sarek-sep-1~+00-21-00,22954.021173251702,185.156829608021
sarek-sep-1~+00-22-00,22915.54484742649,185.156829608021
sarek-sep-1~+00-23-00,23069.36693509908,185.156829608021
sarek-sep-1~+01-00-00,23093.102880008642,185.156829608021
