trace,op_ems,emb_ems
montage-may-1,590.0471943218685,5.110399681598096
montage-may-1~+00-01-00,591.364761941433,5.110399681598096
montage-may-1~+00-02-00,586.6589607145446,5.110399681598096
montage-may-1~+00-03-00,574.1556310282431,5.110399681598096
montage-may-1~+00-04-00,598.6346254285266,5.110399681598096
montage-may-1~+00-05-00,584.5859181679771,5.110399681598096
montage-may-1~+00-06-00,583.8199678232569,5.110399681598096
montage-may-1~+00-07-00,592.4195848404605,5.110399681598096
montage-may-1~+00-08-00,593.8311415109143,5.110399681598096
montage-may-1~+00-09-00,609.4106805136157,5.110399681598096
montage-may-1~+00-10-00,626.6658822729624,5.110399681598096
montage-may-1~+00-11-00,630.0219026655333,5.110399681598096
montage-may-1~+00-12-00,608.2015707546554,5.110399681598096
montage-may-1~+00-13-00,567.7021672082133,5.110399681598096
montage-may-1~+00-14-00,566.4080546952291,5.110399681598096
montage-may-1~+00-15-00,559.6267009704941,5.110399681598096
montage-may-1~+00-16-00,577.3215233742038,5.110399681598096
montage-may-1~+00-17-00,574.9488188247976,5.110399681598096
montage-may-1~+00-18-00,584.1334987124033,5.110399681598096
montage-may-1~+00-19-00,609.1290485300209,5.110399681598096
montage-may-1~+00-20-00,3.010479300555786,5.110399681598096
montage-may-1~+00-21-00,1.6010275372345155,5.110399681598096
montage-may-1~+00-22-00,1.4047263961788143,5.110399681598096
montage-may-1~+00-23-00,2.038278511972454,5.110399681598096
montage-may-1~+01-00-00,1.8637897207556189,5.110399681598096
