trace,op_ems,emb_ems
montage-nov-3,526.0332906524084,4.459453342142623
montage-nov-3~+00-01-00,522.5799778399721,4.459453342142623
montage-nov-3~+00-02-00,521.0671702938376,4.459453342142623
montage-nov-3~+00-03-00,519.0077715870987,4.459453342142623
montage-nov-3~+00-04-00,514.4216282630535,4.459453342142623
montage-nov-3~+00-05-00,510.94772464424346,4.459453342142623
montage-nov-3~+00-06-00,514.1994450728639,4.459453342142623
montage-nov-3~+00-07-00,328.42338876278166,4.459453342142623
montage-nov-3~+00-08-00,0.4388424073422156,4.459453342142623
montage-nov-3~+00-09-00,0.4388424073422156,4.459453342142623
montage-nov-3~+00-10-00,0.4388424073422156,4.459453342142623
montage-nov-3~+00-11-00,0.4388424073422156,4.459453342142623
montage-nov-3~+00-12-00,0.4388424073422156,4.459453342142623
montage-nov-3~+00-13-00,0.4497237681384195,4.459453342142623
montage-nov-3~+00-14-00,491.9462909272649,4.459453342142623
montage-nov-3~+00-15-00,540.3669886269332,4.459453342142623
montage-nov-3~+00-16-00,531.6662190238311,4.459453342142623
montage-nov-3~+00-17-00,531.9283094733098,4.459453342142623
montage-nov-3~+00-18-00,543.2952716905143,4.459453342142623
montage-nov-3~+00-19-00,538.617169279372,4.459453342142623
montage-nov-3~+00-20-00,515.6083457231395,4.459453342142623
montage-nov-3~+00-21-00,527.7609168922,4.459453342142623
montage-nov-3~+00-22-00,535.1105121190883,4.459453342142623
montage-nov-3~+00-23-00,514.7969189531132,4.459453342142623
montage-nov-3~+01-00-00,536.8769213792689,4.459453342142623
