trace,op_ems,emb_ems
chipseq-oct-3,13395.522615233864,100.15869459141447
chipseq-oct-3~+00-01-00,13237.338174690965,100.15869459141447
chipseq-oct-3~+00-02-00,13042.53233110667,100.15869459141447
chipseq-oct-3~+00-03-00,12894.745833162562,100.15869459141447
chipseq-oct-3~+00-04-00,13065.289527186815,100.15869459141447
chipseq-oct-3~+00-05-00,13076.969778894252,100.15869459141447
chipseq-oct-3~+00-06-00,13161.458347454109,100.15869459141447
chipseq-oct-3~+00-07-00,12831.625856536395,100.15869459141447
chipseq-oct-3~+00-08-00,12403.137953103691,100.15869459141447
chipseq-oct-3~+00-09-00,12196.978309090015,100.15869459141447
chipseq-oct-3~+00-10-00,12087.678735353818,100.15869459141447
chipseq-oct-3~+00-11-00,12063.906389581458,100.15869459141447
chipseq-oct-3~+00-12-00,12185.475293215286,100.15869459141447
chipseq-oct-3~+00-13-00,12322.390528373522,100.15869459141447
chipseq-oct-3~+00-14-00,12397.505616720848,100.15869459141447
chipseq-oct-3~+00-15-00,12508.09252195772,100.15869459141447
chipseq-oct-3~+00-16-00,12509.908345002828,100.15869459141447
chipseq-oct-3~+00-17-00,12477.445478036883,100.15869459141447
chipseq-oct-3~+00-18-00,12560.151309745967,100.15869459141447
chipseq-oct-3~+00-19-00,12983.927584744844,100.15869459141447
chipseq-oct-3~+00-20-00,13409.845997440938,100.15869459141447
chipseq-oct-3~+00-21-00,13565.99447882422,100.15869459141447
chipseq-oct-3~+00-22-00,13551.582003385922,100.15869459141447
chipseq-oct-3~+00-23-00,13415.988794509725,100.15869459141447
chipseq-oct-3~+01-00-00,13293.42491301007,100.15869459141447
