trace,op_ems,emb_ems
chipseq-may-2,12255.775212715835,98.55920482780722
chipseq-may-2~+00-01-00,12242.639577901842,98.55920482780722
chipseq-may-2~+00-02-00,12223.617903112885,98.55920482780722
chipseq-may-2~+00-03-00,12293.138399530362,98.55920482780722
chipseq-may-2~+00-04-00,12628.61190578745,98.55920482780722
chipseq-may-2~+00-05-00,11612.35872228436,98.55920482780722
chipseq-may-2~+00-06-00,7623.269746972958,98.55920482780722
chipseq-may-2~+00-07-00,2367.5086788280937,98.55920482780722
chipseq-may-2~+00-08-00,310.6449824675036,98.55920482780722
chipseq-may-2~+00-09-00,2390.2406853883435,98.55920482780722
chipseq-may-2~+00-10-00,7687.334596809167,98.55920482780722
chipseq-may-2~+00-11-00,6216.9602720605135,98.55920482780722
chipseq-may-2~+00-12-00,5927.462177018165,98.55920482780722
chipseq-may-2~+00-13-00,10001.314381693943,98.55920482780722
chipseq-may-2~+00-14-00,12108.866562107543,98.55920482780722
chipseq-may-2~+00-15-00,12358.207814465335,98.55920482780722
chipseq-may-2~+00-16-00,12178.298340411766,98.55920482780722
chipseq-may-2~+00-17-00,12082.718671466344,98.55920482780722
chipseq-may-2~+00-18-00,12083.191832865896,98.55920482780722
chipseq-may-2~+00-19-00,12246.941104838339,98.55920482780722
chipseq-may-2~+00-20-00,12502.330619781416,98.55920482780722
chipseq-may-2~+00-21-00,12795.95842199778,98.55920482780722
chipseq-may-2~+00-22-00,12772.425797961587,98.55920482780722
chipseq-may-2~+00-23-00,12672.19698718361,98.55920482780722
chipseq-may-2~+01-00-00,12531.9685739156,98.55920482780722
