trace,op_ems,emb_ems
nanoseq-jun-3,127.41953567990834,2.2487745329175857
nanoseq-jun-3~+00-01-00,127.58588733591546,2.2487745329175857
nanoseq-jun-3~+00-02-00,126.14943843636753,2.2487745329175857
nanoseq-jun-3~+00-03-00,123.2753993747612,2.2487745329175857
nanoseq-jun-3~+00-04-00,119.38926847907821,2.2487745329175857
nanoseq-jun-3~+00-05-00,117.60618728300082,2.2487745329175857
nanoseq-jun-3~+00-06-00,118.1541209884444,2.2487745329175857
nanoseq-jun-3~+00-07-00,119.35654071334125,2.2487745329175857
nanoseq-jun-3~+00-08-00,120.7308912904489,2.2487745329175857
nanoseq-jun-3~+00-09-00,121.58688637685303,2.2487745329175857
nanoseq-jun-3~+00-10-00,122.17435312302482,2.2487745329175857
nanoseq-jun-3~+00-11-00,123.57701543705404,2.2487745329175857
nanoseq-jun-3~+00-12-00,126.39483135463696,2.2487745329175857
nanoseq-jun-3~+00-13-00,130.2103331726037,2.2487745329175857
nanoseq-jun-3~+00-14-00,133.95203383585303,2.2487745329175857
nanoseq-jun-3~+00-15-00,137.0044021806689,2.2487745329175857
nanoseq-jun-3~+00-16-00,138.59875063914154,2.2487745329175857
nanoseq-jun-3~+00-17-00,138.54992355328307,2.2487745329175857
nanoseq-jun-3~+00-18-00,138.3189134452262,2.2487745329175857
nanoseq-jun-3~+00-19-00,138.5924837453006,2.2487745329175857
nanoseq-jun-3~+00-20-00,139.09787250057434,2.2487745329175857
nanoseq-jun-3~+00-21-00,139.36429431916198,2.2487745329175857
nanoseq-jun-3~+00-22-00,138.99293538164628,2.2487745329175857
nanoseq-jun-3~+00-23-00,137.93579804434003,2.2487745329175857
nanoseq-jun-3~+01-00-00,135.709704475857,2.2487745329175857
