trace,op_ems,emb_ems
rnaseq-sep-2,4897.606339669398,59.0952985091386
rnaseq-sep-2~+00-01-00,5191.886497267566,59.0952985091386
rnaseq-sep-2~+00-02-00,5411.695332553866,59.0952985091386
rnaseq-sep-2~+00-03-00,5174.798753609555,59.0952985091386
rnaseq-sep-2~+00-04-00,4371.093918572801,59.0952985091386
rnaseq-sep-2~+00-05-00,3569.459694958452,59.0952985091386
rnaseq-sep-2~+00-06-00,3258.703776480433,59.0952985091386
rnaseq-sep-2~+00-07-00,3239.6645113385775,59.0952985091386
rnaseq-sep-2~+00-08-00,3308.934457143759,59.0952985091386
rnaseq-sep-2~+00-09-00,3395.001526103861,59.0952985091386
rnaseq-sep-2~+00-10-00,3484.1613493650425,59.0952985091386
rnaseq-sep-2~+00-11-00,3625.844802807039,59.0952985091386
rnaseq-sep-2~+00-12-00,3830.4410696277605,59.0952985091386
rnaseq-sep-2~+00-13-00,4219.796343441858,59.0952985091386
rnaseq-sep-2~+00-14-00,4935.375978186206,59.0952985091386
rnaseq-sep-2~+00-15-00,5681.054516348921,59.0952985091386
rnaseq-sep-2~+00-16-00,5927.934105077072,59.0952985091386
rnaseq-sep-2~+00-17-00,5663.838711648983,59.0952985091386
rnaseq-sep-2~+00-18-00,5289.575800062125,59.0952985091386
rnaseq-sep-2~+00-19-00,4932.906228035656,59.0952985091386
rnaseq-sep-2~+00-20-00,4630.216105889759,59.0952985091386
rnaseq-sep-2~+00-21-00,4413.98208745625,59.0952985091386
rnaseq-sep-2~+00-22-00,4346.392103334803,59.0952985091386
rnaseq-sep-2~+00-23-00,4383.458634788104,59.0952985091386
rnaseq-sep-2~+01-00-00,4505.727409961734,59.0952985091386
