trace,op_ems,emb_ems
nanoseq-oct-1,190.61315865079413,2.2493885276446886
nanoseq-oct-1~+00-01-00,189.29171419322995,2.2493885276446886
nanoseq-oct-1~+00-02-00,188.1261766885198,2.2493885276446886
nanoseq-oct-1~+00-03-00,188.472319916239,2.2493885276446886
nanoseq-oct-1~+00-04-00,188.59412945447062,2.2493885276446886
nanoseq-oct-1~+00-05-00,186.8131614850521,2.2493885276446886
nanoseq-oct-1~+00-06-00,184.03085897402124,2.2493885276446886
nanoseq-oct-1~+00-07-00,181.09794760606573,2.2493885276446886
nanoseq-oct-1~+00-08-00,176.6290403557056,2.2493885276446886
nanoseq-oct-1~+00-09-00,175.28765681226784,2.2493885276446886
nanoseq-oct-1~+00-10-00,175.56731830872633,2.2493885276446886
nanoseq-oct-1~+00-11-00,176.14370487953138,2.2493885276446886
nanoseq-oct-1~+00-12-00,177.68496258395788,2.2493885276446886
nanoseq-oct-1~+00-13-00,179.30305704363445,2.2493885276446886
nanoseq-oct-1~+00-14-00,179.84331026325552,2.2493885276446886
nanoseq-oct-1~+00-15-00,180.22496307338417,2.2493885276446886
nanoseq-oct-1~+00-16-00,181.58320418957032,2.2493885276446886
nanoseq-oct-1~+00-17-00,184.34073497365472,2.2493885276446886
nanoseq-oct-1~+00-18-00,188.00433412507246,2.2493885276446886
nanoseq-oct-1~+00-19-00,191.57122160089185,2.2493885276446886
nanoseq-oct-1~+00-20-00,194.4471950943178,2.2493885276446886
nanoseq-oct-1~+00-21-00,195.2249408761859,2.2493885276446886
nanoseq-oct-1~+00-22-00,193.98620252760838,2.2493885276446886
nanoseq-oct-1~+00-23-00,191.4592740451719,2.2493885276446886
nanoseq-oct-1~+01-00-00,188.94134613604666,2.2493885276446886
