trace,op_ems,emb_ems
montage-jun-1,405.77485545887924,4.6572801319491965
montage-jun-1~+00-01-00,407.42777998251654,4.6572801319491965
montage-jun-1~+00-02-00,400.3565299948739,4.6572801319491965
montage-jun-1~+00-03-00,395.05625678597585,4.6572801319491965
montage-jun-1~+00-04-00,386.5142191967243,4.6572801319491965
montage-jun-1~+00-05-00,354.6358040999934,4.6572801319491965
montage-jun-1~+00-06-00,340.23951798956074,4.6572801319491965
montage-jun-1~+00-07-00,347.57937107716026,4.6572801319491965
montage-jun-1~+00-08-00,350.32320131759644,4.6572801319491965
montage-jun-1~+00-09-00,350.37713372246003,4.6572801319491965
montage-jun-1~+00-10-00,349.2965266795166,4.6572801319491965
montage-jun-1~+00-11-00,358.55118953469326,4.6572801319491965
montage-jun-1~+00-12-00,357.101456671315,4.6572801319491965
montage-jun-1~+00-13-00,345.7891748007657,4.6572801319491965
montage-jun-1~+00-14-00,338.8800216567388,4.6572801319491965
montage-jun-1~+00-15-00,341.4076319723549,4.6572801319491965
montage-jun-1~+00-16-00,361.2646583234706,4.6572801319491965
montage-jun-1~+00-17-00,387.2684250403924,4.6572801319491965
montage-jun-1~+00-18-00,391.07888296061043,4.6572801319491965
montage-jun-1~+00-19-00,389.2285210501976,4.6572801319491965
montage-jun-1~+00-20-00,389.0847311916698,4.6572801319491965
montage-jun-1~+00-21-00,396.5868831489209,4.6572801319491965
montage-jun-1~+00-22-00,402.72054985138453,4.6572801319491965
montage-jun-1~+00-23-00,406.5881861746426,4.6572801319491965
montage-jun-1~+01-00-00,410.32135070249547,4.6572801319491965
