trace,op_ems,emb_ems
sarek-sep-3,15280.152031466358,179.93408696821612
sarek-sep-3~+00-01-00,14494.14817047209,179.93408696821612
sarek-sep-3~+00-02-00,13406.454607856835,179.93408696821612
sarek-sep-3~+00-03-00,12117.40859609574,179.93408696821612
sarek-sep-3~+00-04-00,10807.215585540604,179.93408696821612
sarek-sep-3~+00-05-00,9949.847601208621,179.93408696821612
sarek-sep-3~+00-06-00,9721.681725148868,179.93408696821612
sarek-sep-3~+00-07-00,9854.688621488434,179.93408696821612
sarek-sep-3~+00-08-00,10137.117464700907,179.93408696821612
sarek-sep-3~+00-09-00,10541.978629720494,179.93408696821612
sarek-sep-3~+00-10-00,11055.135022422692,179.93408696821612
sarek-sep-3~+00-11-00,12265.347628016088,179.93408696821612
sarek-sep-3~+00-12-00,13944.801147651515,179.93408696821612
sarek-sep-3~+00-13-00,15183.390318096088,179.93408696821612
sarek-sep-3~+00-14-00,16101.897387218387,179.93408696821612
sarek-sep-3~+00-15-00,16380.140368863735,179.93408696821612
sarek-sep-3~+00-16-00,16036.334621808865,179.93408696821612
sarek-sep-3~+00-17-00,15081.717964430361,179.93408696821612
sarek-sep-3~+00-18-00,14176.957643213389,179.93408696821612
sarek-sep-3~+00-19-00,13518.75056877746,179.93408696821612
sarek-sep-3~+00-20-00,13108.21443921776,179.93408696821612
sarek-sep-3~+00-21-00,12987.814665826341,179.93408696821612
sarek-sep-3~+00-22-00,13224.994357556789,179.93408696821612
sarek-sep-3~+00-23-00,13733.419318795572,179.93408696821612
sarek-sep-3~+01-00-00,14132.227028983463,179.93408696821612
