trace,op_ems,emb_ems
nanoseq-dec-3,102.9539556404316,2.2487745329175857
nanoseq-dec-3~+00-01-00,102.50250557624747,2.2487745329175857
nanoseq-dec-3~+00-02-00,99.03493709547136,2.2487745329175857
nanoseq-dec-3~+00-03-00,92.66223625784592,2.2487745329175857
nanoseq-dec-3~+00-04-00,83.96420728554536,2.2487745329175857
nanoseq-dec-3~+00-05-00,75.84727386657656,2.2487745329175857
nanoseq-dec-3~+00-06-00,70.48247234307391,2.2487745329175857
nanoseq-dec-3~+00-07-00,67.24442407938479,2.2487745329175857
nanoseq-dec-3~+00-08-00,67.37690965651163,2.2487745329175857
nanoseq-dec-3~+00-09-00,73.64337667044927,2.2487745329175857
nanoseq-dec-3~+00-10-00,84.85973996342726,2.2487745329175857
nanoseq-dec-3~+00-11-00,96.35093445839999,2.2487745329175857
nanoseq-dec-3~+00-12-00,105.9496377737527,2.2487745329175857
nanoseq-dec-3~+00-13-00,111.71092672810647,2.2487745329175857
nanoseq-dec-3~+00-14-00,110.50761751205089,2.2487745329175857
nanoseq-dec-3~+00-15-00,105.2830867922531,2.2487745329175857
nanoseq-dec-3~+00-16-00,100.24704667081204,2.2487745329175857
nanoseq-dec-3~+00-17-00,95.87346248457425,2.2487745329175857
nanoseq-dec-3~+00-18-00,91.89514002898689,2.2487745329175857
nanoseq-dec-3~+00-19-00,88.41351979216668,2.2487745329175857
nanoseq-dec-3~+00-20-00,85.27059745832317,2.2487745329175857
nanoseq-dec-3~+00-21-00,82.71769723517387,2.2487745329175857
nanoseq-dec-3~+00-22-00,82.0744895799831,2.2487745329175857
nanoseq-dec-3~+00-23-00,83.58443885369697,2.2487745329175857
nanoseq-dec-3~+01-00-00,85.54796615559138,2.2487745329175857
