trace,op_ems,emb_ems
mag-jan-3,5280.336422518467,170.67367805536568
mag-jan-3~+00-01-00,5001.460058541148,170.67367805536568
mag-jan-3~+00-02-00,4952.75581083153,170.67367805536568
mag-jan-3~+00-03-00,5823.033573565124,170.67367805536568
mag-jan-3~+00-04-00,6865.540327359573,170.67367805536568
mag-jan-3~+00-05-00,7631.233940563735,170.67367805536568
mag-jan-3~+00-06-00,8265.169340146467,170.67367805536568
mag-jan-3~+00-07-00,8797.31422082253,170.67367805536568
mag-jan-3~+00-08-00,9166.578866038253,170.67367805536568
mag-jan-3~+00-09-00,10561.041348908659,170.67367805536568
mag-jan-3~+00-10-00,11698.452806479523,170.67367805536568
mag-jan-3~+00-11-00,13416.450343634133,170.67367805536568
mag-jan-3~+00-12-00,14294.132271928855,170.67367805536568
mag-jan-3~+00-13-00,15341.691531518085,170.67367805536568
mag-jan-3~+00-14-00,16816.180614246376,170.67367805536568
mag-jan-3~+00-15-00,17044.45219120841,170.67367805536568
mag-jan-3~+00-16-00,17038.90664070936,170.67367805536568
mag-jan-3~+00-17-00,16716.435982204417,170.67367805536568
mag-jan-3~+00-18-00,14683.751126215915,170.67367805536568
mag-jan-3~+00-19-00,12696.248928610805,170.67367805536568
mag-jan-3~+00-20-00,10671.369326328679,170.67367805536568
mag-jan-3~+00-21-00,10633.875671134525,170.67367805536568
mag-jan-3~+00-22-00,11725.665864450157,170.67367805536568
mag-jan-3~+00-23-00,13389.302504496243,170.67367805536568
mag-jan-3~+01-00-00,14367.180940413828,170.67367805536568
