trace,op_ems,emb_ems
rangeland-nov-3,5830.322574760079,56.305479409080235
rangeland-nov-3~+00-01-00,5906.482856170058,56.305479409080235
rangeland-nov-3~+00-02-00,5918.944468460711,56.305479409080235
rangeland-nov-3~+00-03-00,5966.070807810033,56.305479409080235
rangeland-nov-3~+00-04-00,5973.2975977856895,56.305479409080235
rangeland-nov-3~+00-05-00,5961.312279829186,56.305479409080235
rangeland-nov-3~+00-06-00,5984.6410413849435,56.305479409080235
rangeland-nov-3~+00-07-00,5901.484593991422,56.305479409080235
rangeland-nov-3~+00-08-00,5856.988352164741,56.305479409080235
rangeland-nov-3~+00-09-00,5845.774921094302,56.305479409080235
rangeland-nov-3~+00-10-00,5826.868519175666,56.305479409080235
rangeland-nov-3~+00-11-00,5854.68389137384,56.305479409080235
rangeland-nov-3~+00-12-00,5922.815253022579,56.305479409080235
rangeland-nov-3~+00-13-00,5958.344082022168,56.305479409080235
rangeland-nov-3~+00-14-00,5978.620375870395,56.305479409080235
rangeland-nov-3~+00-15-00,6032.099178241188,56.305479409080235
rangeland-nov-3~+00-16-00,6061.449691768253,56.305479409080235
rangeland-nov-3~+00-17-00,6102.555652657338,56.305479409080235
rangeland-nov-3~+00-18-00,6118.170768460656,56.305479409080235
rangeland-nov-3~+00-19-00,6094.749549863861,56.305479409080235
rangeland-nov-3~+00-20-00,6071.183119519929,56.305479409080235
rangeland-nov-3~+00-21-00,6043.275647316837,56.305479409080235
rangeland-nov-3~+00-22-00,6026.581036219485,56.305479409080235
rangeland-nov-3~+00-23-00,5927.812746396682,56.305479409080235
rangeland-nov-3~+01-00-00,5558.617410365853,56.305479409080235
