trace,op_ems,emb_ems
rangeland-aug-3,3239.700553198427,56.21086774659671
rangeland-aug-3~+00-01-00,3236.781084436298,56.21086774659671
rangeland-aug-3~+00-02-00,3283.7732007185195,56.21086774659671
rangeland-aug-3~+00-03-00,3307.8749776414425,56.21086774659671
rangeland-aug-3~+00-04-00,3283.320812440088,56.21086774659671
rangeland-aug-3~+00-05-00,3242.822012192785,56.21086774659671
rangeland-aug-3~+00-06-00,3277.1481698526823,56.21086774659671
rangeland-aug-3~+00-07-00,3371.1474284726683,56.21086774659671
rangeland-aug-3~+00-08-00,3427.620402461795,56.21086774659671
rangeland-aug-3~+00-09-00,3419.4739753848944,56.21086774659671
rangeland-aug-3~+00-10-00,3474.5709551798586,56.21086774659671
rangeland-aug-3~+00-11-00,3555.6731200438203,56.21086774659671
rangeland-aug-3~+00-12-00,3604.9151882540978,56.21086774659671
rangeland-aug-3~+00-13-00,3627.246560475335,56.21086774659671
rangeland-aug-3~+00-14-00,3641.9754456727524,56.21086774659671
rangeland-aug-3~+00-15-00,3658.320311797021,56.21086774659671
rangeland-aug-3~+00-16-00,3684.172525291359,56.21086774659671
rangeland-aug-3~+00-17-00,3652.454259869681,56.21086774659671
rangeland-aug-3~+00-18-00,3588.1199516507622,56.21086774659671
rangeland-aug-3~+00-19-00,3546.6533541196727,56.21086774659671
rangeland-aug-3~+00-20-00,3558.3400403920355,56.21086774659671
rangeland-aug-3~+00-21-00,3611.502441569187,56.21086774659671
rangeland-aug-3~+00-22-00,3658.482081931678,56.21086774659671
rangeland-aug-3~+00-23-00,3601.657274993408,56.21086774659671
rangeland-aug-3~+01-00-00,3470.5847717282104,56.21086774659671
