trace,op_ems,emb_ems
mag-apr-1,10091.16939034378,170.94595497756436
mag-apr-1~+00-01-00,10002.491989368305,170.94595497756436
mag-apr-1~+00-02-00,9750.002636625726,170.94595497756436
mag-apr-1~+00-03-00,9542.617357466741,170.94595497756436
mag-apr-1~+00-04-00,9655.586331470218,170.94595497756436
mag-apr-1~+00-05-00,9921.787076941271,170.94595497756436
mag-apr-1~+00-06-00,10167.965095849224,170.94595497756436
mag-apr-1~+00-07-00,10110.135088453731,170.94595497756436
mag-apr-1~+00-08-00,9997.142774418882,170.94595497756436
mag-apr-1~+00-09-00,9917.032754014925,170.94595497756436
mag-apr-1~+00-10-00,9507.579202750396,170.94595497756436
mag-apr-1~+00-11-00,9203.822804098672,170.94595497756436
mag-apr-1~+00-12-00,9195.092116331396,170.94595497756436
mag-apr-1~+00-13-00,9258.864578027631,170.94595497756436
mag-apr-1~+00-14-00,9351.010505281027,170.94595497756436
mag-apr-1~+00-15-00,9483.32481487452,170.94595497756436
mag-apr-1~+00-16-00,9609.376477068465,170.94595497756436
mag-apr-1~+00-17-00,9533.9127341865,170.94595497756436
mag-apr-1~+00-18-00,9294.247520413042,170.94595497756436
mag-apr-1~+00-19-00,8995.313712832722,170.94595497756436
mag-apr-1~+00-20-00,8679.190269329236,170.94595497756436
mag-apr-1~+00-21-00,8510.715009212336,170.94595497756436
mag-apr-1~+00-22-00,8598.510738025685,170.94595497756436
mag-apr-1~+00-23-00,8799.379231644989,170.94595497756436
mag-apr-1~+01-00-00,8938.856259297338,170.94595497756436
