trace,op_ems,emb_ems
montage-dec-2,224.8416139324977,4.417620969401983
montage-dec-2~+00-01-00,209.4171232669438,4.417620969401983
montage-dec-2~+00-02-00,220.6984349882144,4.417620969401983
montage-dec-2~+00-03-00,245.5000973983359,4.417620969401983
montage-dec-2~+00-04-00,260.9054509786968,4.417620969401983
montage-dec-2~+00-05-00,236.38127630387376,4.417620969401983
montage-dec-2~+00-06-00,206.2020929545207,4.417620969401983
montage-dec-2~+00-07-00,175.7645589550622,4.417620969401983
montage-dec-2~+00-08-00,153.40287490704753,4.417620969401983
montage-dec-2~+00-09-00,155.63234533203146,4.417620969401983
montage-dec-2~+00-10-00,165.9185286232664,4.417620969401983
montage-dec-2~+00-11-00,175.95592980699212,4.417620969401983
montage-dec-2~+00-12-00,186.8736369095958,4.417620969401983
montage-dec-2~+00-13-00,224.63110599537478,4.417620969401983
montage-dec-2~+00-14-00,308.6333414500262,4.417620969401983
montage-dec-2~+00-15-00,339.7598105164325,4.417620969401983
montage-dec-2~+00-16-00,345.7018754688573,4.417620969401983
montage-dec-2~+00-17-00,356.80138488079444,4.417620969401983
montage-dec-2~+00-18-00,366.3125162217128,4.417620969401983
montage-dec-2~+00-19-00,374.89549893077094,4.417620969401983
montage-dec-2~+00-20-00,371.3360010848738,4.417620969401983
montage-dec-2~+00-21-00,362.9826633981319,4.417620969401983
montage-dec-2~+00-22-00,351.24206163222954,4.417620969401983
montage-dec-2~+00-23-00,349.5292925074564,4.417620969401983
montage-dec-2~+01-00-00,353.2418870348976,4.417620969401983
