trace,op_ems,emb_ems
nanoseq-mar-2,81.47808826901132,2.2810001647780567
nanoseq-mar-2~+00-01-00,80.11771894321156,2.2810001647780567
nanoseq-mar-2~+00-02-00,75.17511701379945,2.2810001647780567
nanoseq-mar-2~+00-03-00,68.380859484758,2.2810001647780567
nanoseq-mar-2~+00-04-00,61.89809034897503,2.2810001647780567
nanoseq-mar-2~+00-05-00,57.51054789415733,2.2810001647780567
nanoseq-mar-2~+00-06-00,55.547731800407,2.2810001647780567
nanoseq-mar-2~+00-07-00,54.970984865839604,2.2810001647780567
nanoseq-mar-2~+00-08-00,54.825306265682265,2.2810001647780567
nanoseq-mar-2~+00-09-00,55.95037562868318,2.2810001647780567
nanoseq-mar-2~+00-10-00,61.55214679549374,2.2810001647780567
nanoseq-mar-2~+00-11-00,69.47869786193385,2.2810001647780567
nanoseq-mar-2~+00-12-00,74.34488989576954,2.2810001647780567
nanoseq-mar-2~+00-13-00,76.3364606634536,2.2810001647780567
nanoseq-mar-2~+00-14-00,75.5738212309056,2.2810001647780567
nanoseq-mar-2~+00-15-00,68.19661273499028,2.2810001647780567
nanoseq-mar-2~+00-16-00,59.86584053362041,2.2810001647780567
nanoseq-mar-2~+00-17-00,55.62578890750907,2.2810001647780567
nanoseq-mar-2~+00-18-00,53.90274808763784,2.2810001647780567
nanoseq-mar-2~+00-19-00,53.32085395947745,2.2810001647780567
nanoseq-mar-2~+00-20-00,53.57010636240298,2.2810001647780567
nanoseq-mar-2~+00-21-00,54.68811760229463,2.2810001647780567
nanoseq-mar-2~+00-22-00,56.686793975638444,2.2810001647780567
nanoseq-mar-2~+00-23-00,58.94041034887626,2.2810001647780567
nanoseq-mar-2~+01-00-00,60.402341890893965,2.2810001647780567
