trace,op_ems,emb_ems
chipseq-aug-2,12001.950294277574,98.55920482780722
chipseq-aug-2~+00-01-00,11957.377142004416,98.55920482780722
chipseq-aug-2~+00-02-00,12115.807935590381,98.55920482780722
chipseq-aug-2~+00-03-00,12604.653558912138,98.55920482780722
chipseq-aug-2~+00-04-00,12773.144920283195,98.55920482780722
chipseq-aug-2~+00-05-00,12968.061899986573,98.55920482780722
chipseq-aug-2~+00-06-00,12710.625128618436,98.55920482780722
chipseq-aug-2~+00-07-00,12195.941436728357,98.55920482780722
chipseq-aug-2~+00-08-00,11891.92532850457,98.55920482780722
chipseq-aug-2~+00-09-00,11833.437515712674,98.55920482780722
chipseq-aug-2~+00-10-00,11899.049715285148,98.55920482780722
chipseq-aug-2~+00-11-00,11602.733358197333,98.55920482780722
chipseq-aug-2~+00-12-00,10602.730101200012,98.55920482780722
chipseq-aug-2~+00-13-00,9569.531313864258,98.55920482780722
chipseq-aug-2~+00-14-00,11336.687756487405,98.55920482780722
chipseq-aug-2~+00-15-00,12238.399903974618,98.55920482780722
chipseq-aug-2~+00-16-00,12070.399014667304,98.55920482780722
chipseq-aug-2~+00-17-00,12212.265994991621,98.55920482780722
chipseq-aug-2~+00-18-00,12500.053317899657,98.55920482780722
chipseq-aug-2~+00-19-00,12622.680098219202,98.55920482780722
chipseq-aug-2~+00-20-00,12861.578931323467,98.55920482780722
chipseq-aug-2~+00-21-00,13027.609765555493,98.55920482780722
chipseq-aug-2~+00-22-00,13254.515353196726,98.55920482780722
chipseq-aug-2~+00-23-00,13325.427267239025,98.55920482780722
chipseq-aug-2~+01-00-00,13139.95350302272,98.55920482780722
