trace,op_ems,emb_ems
chipseq-feb-3,12884.375814919937,100.15869459141447
chipseq-feb-3~+00-01-00,12952.154356269648,100.15869459141447
chipseq-feb-3~+00-02-00,13060.21961513103,100.15869459141447
chipseq-feb-3~+00-03-00,13186.70755161736,100.15869459141447
chipseq-feb-3~+00-04-00,13158.196304402092,100.15869459141447
chipseq-feb-3~+00-05-00,13158.447167748138,100.15869459141447
chipseq-feb-3~+00-06-00,13170.086808180484,100.15869459141447
chipseq-feb-3~+00-07-00,13233.9430045868,100.15869459141447
chipseq-feb-3~+00-08-00,11253.948510510761,100.15869459141447
chipseq-feb-3~+00-09-00,5638.678234014705,100.15869459141447
chipseq-feb-3~+00-10-00,3451.480266594236,100.15869459141447
chipseq-feb-3~+00-11-00,6306.236242283168,100.15869459141447
chipseq-feb-3~+00-12-00,10770.177978973326,100.15869459141447
chipseq-feb-3~+00-13-00,12057.738132278928,100.15869459141447
chipseq-feb-3~+00-14-00,10626.758848682932,100.15869459141447
chipseq-feb-3~+00-15-00,10428.719333382549,100.15869459141447
chipseq-feb-3~+00-16-00,10375.567415205294,100.15869459141447
chipseq-feb-3~+00-17-00,9640.206584625292,100.15869459141447
chipseq-feb-3~+00-18-00,9673.619144440347,100.15869459141447
chipseq-feb-3~+00-19-00,10648.440545236102,100.15869459141447
chipseq-feb-3~+00-20-00,12391.911082636047,100.15869459141447
chipseq-feb-3~+00-21-00,13338.560024788883,100.15869459141447
chipseq-feb-3~+00-22-00,13487.125415029708,100.15869459141447
chipseq-feb-3~+00-23-00,13371.421460917518,100.15869459141447
chipseq-feb-3~+01-00-00,13106.792574501314,100.15869459141447
