trace,op_ems,emb_ems
chipseq-oct-2,13208.609220830063,98.55920482780722
chipseq-oct-2~+00-01-00,13054.587852618348,98.55920482780722
chipseq-oct-2~+00-02-00,12859.921868949117,98.55920482780722
chipseq-oct-2~+00-03-00,12715.800317628804,98.55920482780722
chipseq-oct-2~+00-04-00,12881.208284320575,98.55920482780722
chipseq-oct-2~+00-05-00,12895.304495723867,98.55920482780722
chipseq-oct-2~+00-06-00,12981.148598055444,98.55920482780722
chipseq-oct-2~+00-07-00,12654.840906777703,98.55920482780722
chipseq-oct-2~+00-08-00,12234.675688232834,98.55920482780722
chipseq-oct-2~+00-09-00,12026.46728436224,98.55920482780722
chipseq-oct-2~+00-10-00,11920.142369718937,98.55920482780722
chipseq-oct-2~+00-11-00,11895.594579030185,98.55920482780722
chipseq-oct-2~+00-12-00,12016.312990487653,98.55920482780722
chipseq-oct-2~+00-13-00,12149.0835026708,98.55920482780722
chipseq-oct-2~+00-14-00,12225.368507438501,98.55920482780722
chipseq-oct-2~+00-15-00,12333.58727409741,98.55920482780722
chipseq-oct-2~+00-16-00,12334.794421630686,98.55920482780722
chipseq-oct-2~+00-17-00,12301.7447144744,98.55920482780722
chipseq-oct-2~+00-18-00,12384.216232753599,98.55920482780722
chipseq-oct-2~+00-19-00,12798.570520090505,98.55920482780722
chipseq-oct-2~+00-20-00,13223.541748691465,98.55920482780722
chipseq-oct-2~+00-21-00,13376.19078489926,98.55920482780722
chipseq-oct-2~+00-22-00,13365.00718687105,98.55920482780722
chipseq-oct-2~+00-23-00,13229.725643488566,98.55920482780722
chipseq-oct-2~+01-00-00,13112.287951607681,98.55920482780722
