trace,op_ems,emb_ems
sarek-nov-1,16293.246054943973,180.2085610425426
sarek-nov-1~+00-01-00,16378.531182429524,180.2085610425426
sarek-nov-1~+00-02-00,16547.486999829063,180.2085610425426
sarek-nov-1~+00-03-00,16771.35131515934,180.2085610425426
sarek-nov-1~+00-04-00,16996.769655634867,180.2085610425426
sarek-nov-1~+00-05-00,17160.170810288073,180.2085610425426
sarek-nov-1~+00-06-00,17300.43541673501,180.2085610425426
sarek-nov-1~+00-07-00,17538.448671319253,180.2085610425426
sarek-nov-1~+00-08-00,17809.915503381068,180.2085610425426
sarek-nov-1~+00-09-00,18125.850156512628,180.2085610425426
sarek-nov-1~+00-10-00,18308.84852419778,180.2085610425426
sarek-nov-1~+00-11-00,18492.06374526038,180.2085610425426
sarek-nov-1~+00-12-00,18675.918717990768,180.2085610425426
sarek-nov-1~+00-13-00,18866.91769487379,180.2085610425426
sarek-nov-1~+00-14-00,19088.417223629884,180.2085610425426
sarek-nov-1~+00-15-00,19280.646241892482,180.2085610425426
sarek-nov-1~+00-16-00,19267.74938593584,180.2085610425426
sarek-nov-1~+00-17-00,19150.737077828424,180.2085610425426
sarek-nov-1~+00-18-00,18981.139302783038,180.2085610425426
sarek-nov-1~+00-19-00,18715.185209437066,180.2085610425426
sarek-nov-1~+00-20-00,18424.024480335218,180.2085610425426
sarek-nov-1~+00-21-00,18095.602308895115,180.2085610425426
sarek-nov-1~+00-22-00,17779.609502518764,180.2085610425426
sarek-nov-1~+00-23-00,17602.81064111116,180.2085610425426
sarek-nov-1~+01-00-00,17648.40095109806,180.2085610425426
