trace,op_ems,emb_ems
nanoseq-jul-2,44.57973766713526,2.2810001647780567
nanoseq-jul-2~+00-01-00,48.25846429590373,2.2810001647780567
nanoseq-jul-2~+00-02-00,56.553639801044994,2.2810001647780567
nanoseq-jul-2~+00-03-00,70.14873307751928,2.2810001647780567
nanoseq-jul-2~+00-04-00,88.1632033866395,2.2810001647780567
nanoseq-jul-2~+00-05-00,108.0599579921084,2.2810001647780567
nanoseq-jul-2~+00-06-00,127.19582017163367,2.2810001647780567
nanoseq-jul-2~+00-07-00,141.80622550634538,2.2810001647780567
nanoseq-jul-2~+00-08-00,150.18903627556773,2.2810001647780567
nanoseq-jul-2~+00-09-00,152.08061759657323,2.2810001647780567
nanoseq-jul-2~+00-10-00,148.61284375485346,2.2810001647780567
nanoseq-jul-2~+00-11-00,142.32633461603163,2.2810001647780567
nanoseq-jul-2~+00-12-00,134.85450075564177,2.2810001647780567
nanoseq-jul-2~+00-13-00,127.78342620213752,2.2810001647780567
nanoseq-jul-2~+00-14-00,122.41846882168689,2.2810001647780567
nanoseq-jul-2~+00-15-00,118.74766182857591,2.2810001647780567
nanoseq-jul-2~+00-16-00,115.55383171477922,2.2810001647780567
nanoseq-jul-2~+00-17-00,110.69492213966575,2.2810001647780567
nanoseq-jul-2~+00-18-00,102.17840434219505,2.2810001647780567
nanoseq-jul-2~+00-19-00,90.01611475222904,2.2810001647780567
nanoseq-jul-2~+00-20-00,75.94831252085746,2.2810001647780567
nanoseq-jul-2~+00-21-00,62.14530221053386,2.2810001647780567
nanoseq-jul-2~+00-22-00,50.82318501729444,2.2810001647780567
nanoseq-jul-2~+00-23-00,44.12791284946872,2.2810001647780567
nanoseq-jul-2~+01-00-00,41.46751398090511,2.2810001647780567
