trace,op_ems,emb_ems
chipseq-oct-3,18513.70576674035,100.15869459141447
chipseq-oct-3~+00-01-00,18474.097723648698,100.15869459141447
chipseq-oct-3~+00-02-00,18448.57631227772,100.15869459141447
chipseq-oct-3~+00-03-00,18473.410548636693,100.15869459141447
chipseq-oct-3~+00-04-00,18484.57427354259,100.15869459141447
chipseq-oct-3~+00-05-00,18504.31316571027,100.15869459141447
chipseq-oct-3~+00-06-00,18571.942706001046,100.15869459141447
chipseq-oct-3~+00-07-00,18736.68635407055,100.15869459141447
chipseq-oct-3~+00-08-00,18986.331353437217,100.15869459141447
chipseq-oct-3~+00-09-00,19292.252697162527,100.15869459141447
chipseq-oct-3~+00-10-00,19498.85840945384,100.15869459141447
chipseq-oct-3~+00-11-00,19645.62583030218,100.15869459141447
chipseq-oct-3~+00-12-00,19832.916151662866,100.15869459141447
chipseq-oct-3~+00-13-00,19879.356867004477,100.15869459141447
chipseq-oct-3~+00-14-00,19758.497932650615,100.15869459141447
chipseq-oct-3~+00-15-00,19563.52821529619,100.15869459141447
chipseq-oct-3~+00-16-00,19388.87712290409,100.15869459141447
chipseq-oct-3~+00-17-00,19326.150843607043,100.15869459141447
chipseq-oct-3~+00-18-00,19281.8226497626,100.15869459141447
chipseq-oct-3~+00-19-00,19354.25510387412,100.15869459141447
chipseq-oct-3~+00-20-00,19486.37992085628,100.15869459141447
chipseq-oct-3~+00-21-00,19219.623104027745,100.15869459141447
chipseq-oct-3~+00-22-00,19030.618183405182,100.15869459141447
chipseq-oct-3~+00-23-00,18331.962549658943,100.15869459141447
chipseq-oct-3~+01-00-00,17760.15873489363,100.15869459141447
