trace,op_ems,emb_ems
nanoseq-oct-1,267.3643574316687,2.2493885276446886
nanoseq-oct-1~+00-01-00,266.7108102118603,2.2493885276446886
nanoseq-oct-1~+00-02-00,266.80024921125,2.2493885276446886
nanoseq-oct-1~+00-03-00,267.10956976323837,2.2493885276446886
nanoseq-oct-1~+00-04-00,267.83420383724285,2.2493885276446886
nanoseq-oct-1~+00-05-00,269.29816434724034,2.2493885276446886
nanoseq-oct-1~+00-06-00,271.7725079725257,2.2493885276446886
nanoseq-oct-1~+00-07-00,274.9201784900357,2.2493885276446886
nanoseq-oct-1~+00-08-00,278.02930279046745,2.2493885276446886
nanoseq-oct-1~+00-09-00,281.5086086860552,2.2493885276446886
nanoseq-oct-1~+00-10-00,284.0944901038017,2.2493885276446886
nanoseq-oct-1~+00-11-00,285.38221696416747,2.2493885276446886
nanoseq-oct-1~+00-12-00,285.55181926410353,2.2493885276446886
nanoseq-oct-1~+00-13-00,284.85266117210034,2.2493885276446886
nanoseq-oct-1~+00-14-00,282.87621376540267,2.2493885276446886
nanoseq-oct-1~+00-15-00,280.70352592328993,2.2493885276446886
nanoseq-oct-1~+00-16-00,279.4550491250786,2.2493885276446886
nanoseq-oct-1~+00-17-00,279.53952419342204,2.2493885276446886
nanoseq-oct-1~+00-18-00,279.43926737184285,2.2493885276446886
nanoseq-oct-1~+00-19-00,278.7700491307222,2.2493885276446886
nanoseq-oct-1~+00-20-00,276.6222600569317,2.2493885276446886
nanoseq-oct-1~+00-21-00,271.97835888085297,2.2493885276446886
nanoseq-oct-1~+00-22-00,264.8123260593191,2.2493885276446886
nanoseq-oct-1~+00-23-00,260.4496574972162,2.2493885276446886
nanoseq-oct-1~+01-00-00,256.34138177934955,2.2493885276446886
