trace,op_ems,emb_ems
nanoseq-oct-2,125.9225066126247,2.2810001647780567
nanoseq-oct-2~+00-01-00,129.23782284277326,2.2810001647780567
nanoseq-oct-2~+00-02-00,134.51779777649747,2.2810001647780567
nanoseq-oct-2~+00-03-00,141.3439896689318,2.2810001647780567
nanoseq-oct-2~+00-04-00,148.4052815921011,2.2810001647780567
nanoseq-oct-2~+00-05-00,154.5375534134441,2.2810001647780567
nanoseq-oct-2~+00-06-00,159.06381920848983,2.2810001647780567
nanoseq-oct-2~+00-07-00,161.74787214215326,2.2810001647780567
nanoseq-oct-2~+00-08-00,162.90180872825053,2.2810001647780567
nanoseq-oct-2~+00-09-00,163.35868982194384,2.2810001647780567
nanoseq-oct-2~+00-10-00,163.3122677716733,2.2810001647780567
nanoseq-oct-2~+00-11-00,163.1766651628531,2.2810001647780567
nanoseq-oct-2~+00-12-00,162.06742507667042,2.2810001647780567
nanoseq-oct-2~+00-13-00,160.39331504742634,2.2810001647780567
nanoseq-oct-2~+00-14-00,158.80392515362047,2.2810001647780567
nanoseq-oct-2~+00-15-00,157.03604618136816,2.2810001647780567
nanoseq-oct-2~+00-16-00,155.20649338403962,2.2810001647780567
nanoseq-oct-2~+00-17-00,153.6347762567204,2.2810001647780567
nanoseq-oct-2~+00-18-00,150.2519628575844,2.2810001647780567
nanoseq-oct-2~+00-19-00,144.23583618487297,2.2810001647780567
nanoseq-oct-2~+00-20-00,136.34619282084415,2.2810001647780567
nanoseq-oct-2~+00-21-00,126.41587499944565,2.2810001647780567
nanoseq-oct-2~+00-22-00,115.45445944320024,2.2810001647780567
nanoseq-oct-2~+00-23-00,106.74451545958959,2.2810001647780567
nanoseq-oct-2~+01-00-00,102.19930966061762,2.2810001647780567
