trace,op_ems,emb_ems
rangeland-aug-1,7891.89190631369,56.33951064719725
rangeland-aug-1~+00-01-00,7882.130335133551,56.33951064719725
rangeland-aug-1~+00-02-00,7840.182302388336,56.33951064719725
rangeland-aug-1~+00-03-00,7782.606122846155,56.33951064719725
rangeland-aug-1~+00-04-00,7743.846546125608,56.33951064719725
rangeland-aug-1~+00-05-00,8082.61002342462,56.33951064719725
rangeland-aug-1~+00-06-00,8488.64043386749,56.33951064719725
rangeland-aug-1~+00-07-00,8534.717032587238,56.33951064719725
rangeland-aug-1~+00-08-00,8602.131105366285,56.33951064719725
rangeland-aug-1~+00-09-00,8688.8743534734,56.33951064719725
rangeland-aug-1~+00-10-00,8744.971855588165,56.33951064719725
rangeland-aug-1~+00-11-00,8870.300788511715,56.33951064719725
rangeland-aug-1~+00-12-00,8943.082390288684,56.33951064719725
rangeland-aug-1~+00-13-00,8856.028728589428,56.33951064719725
rangeland-aug-1~+00-14-00,8813.909499021143,56.33951064719725
rangeland-aug-1~+00-15-00,8732.103238640593,56.33951064719725
rangeland-aug-1~+00-16-00,8774.130842150476,56.33951064719725
rangeland-aug-1~+00-17-00,8685.815696872647,56.33951064719725
rangeland-aug-1~+00-18-00,8586.467438795911,56.33951064719725
rangeland-aug-1~+00-19-00,8359.881307400274,56.33951064719725
rangeland-aug-1~+00-20-00,8419.99822250257,56.33951064719725
rangeland-aug-1~+00-21-00,8377.35573473274,56.33951064719725
rangeland-aug-1~+00-22-00,8147.358825731825,56.33951064719725
rangeland-aug-1~+00-23-00,8054.174710656239,56.33951064719725
rangeland-aug-1~+01-00-00,8128.723302902389,56.33951064719725
