trace,op_ems,emb_ems
nanoseq-jan-1,125.24662424667808,2.2463699711004637
nanoseq-jan-1~+00-01-00,126.882169553113,2.2463699711004637
nanoseq-jan-1~+00-02-00,130.3376325672403,2.2463699711004637
nanoseq-jan-1~+00-03-00,134.58054852201906,2.2463699711004637
nanoseq-jan-1~+00-04-00,138.68546806059447,2.2463699711004637
nanoseq-jan-1~+00-05-00,141.86139653547897,2.2463699711004637
nanoseq-jan-1~+00-06-00,144.03084822844673,2.2463699711004637
nanoseq-jan-1~+00-07-00,145.70265644641083,2.2463699711004637
nanoseq-jan-1~+00-08-00,146.9704434178284,2.2463699711004637
nanoseq-jan-1~+00-09-00,147.69689286886805,2.2463699711004637
nanoseq-jan-1~+00-10-00,148.13348260486384,2.2463699711004637
nanoseq-jan-1~+00-11-00,148.4337467453139,2.2463699711004637
nanoseq-jan-1~+00-12-00,148.5970690622641,2.2463699711004637
nanoseq-jan-1~+00-13-00,148.99131723366023,2.2463699711004637
nanoseq-jan-1~+00-14-00,149.9748644071684,2.2463699711004637
nanoseq-jan-1~+00-15-00,151.8718687399995,2.2463699711004637
nanoseq-jan-1~+00-16-00,154.87055476183804,2.2463699711004637
nanoseq-jan-1~+00-17-00,158.53244454776566,2.2463699711004637
nanoseq-jan-1~+00-18-00,162.22359963263656,2.2463699711004637
nanoseq-jan-1~+00-19-00,164.6703986930872,2.2463699711004637
nanoseq-jan-1~+00-20-00,164.45526508268023,2.2463699711004637
nanoseq-jan-1~+00-21-00,162.1007746005266,2.2463699711004637
nanoseq-jan-1~+00-22-00,158.87071032563117,2.2463699711004637
nanoseq-jan-1~+00-23-00,155.9580649719152,2.2463699711004637
nanoseq-jan-1~+01-00-00,155.5417093536509,2.2463699711004637
