trace,op_ems,emb_ems
nanoseq-feb-1,123.18383474161696,2.2463699711004637
nanoseq-feb-1~+00-01-00,122.780480065835,2.2463699711004637
nanoseq-feb-1~+00-02-00,125.12241614465428,2.2463699711004637
nanoseq-feb-1~+00-03-00,129.22183628207702,2.2463699711004637
nanoseq-feb-1~+00-04-00,133.2321752973463,2.2463699711004637
nanoseq-feb-1~+00-05-00,136.03360612772957,2.2463699711004637
nanoseq-feb-1~+00-06-00,137.13313565795113,2.2463699711004637
nanoseq-feb-1~+00-07-00,136.65308818485607,2.2463699711004637
nanoseq-feb-1~+00-08-00,135.23055627866668,2.2463699711004637
nanoseq-feb-1~+00-09-00,133.1009964655668,2.2463699711004637
nanoseq-feb-1~+00-10-00,130.01992177832906,2.2463699711004637
nanoseq-feb-1~+00-11-00,125.5801432304667,2.2463699711004637
nanoseq-feb-1~+00-12-00,120.17496820626978,2.2463699711004637
nanoseq-feb-1~+00-13-00,115.1187420262327,2.2463699711004637
nanoseq-feb-1~+00-14-00,111.59458672574931,2.2463699711004637
nanoseq-feb-1~+00-15-00,110.92431532790351,2.2463699711004637
nanoseq-feb-1~+00-16-00,113.4173833226436,2.2463699711004637
nanoseq-feb-1~+00-17-00,117.38774653271983,2.2463699711004637
nanoseq-feb-1~+00-18-00,120.15345925873709,2.2463699711004637
nanoseq-feb-1~+00-19-00,119.31915231649975,2.2463699711004637
nanoseq-feb-1~+00-20-00,114.00857972390688,2.2463699711004637
nanoseq-feb-1~+00-21-00,105.10228012348671,2.2463699711004637
nanoseq-feb-1~+00-22-00,95.35482265815055,2.2463699711004637
nanoseq-feb-1~+00-23-00,88.70927975526837,2.2463699711004637
nanoseq-feb-1~+01-00-00,87.85483785656331,2.2463699711004637
