trace,op_ems,emb_ems
mag-feb-2,12260.952591095953,170.41523942885257
mag-feb-2~+00-01-00,12277.51132092526,170.41523942885257
mag-feb-2~+00-02-00,12291.965996328181,170.41523942885257
mag-feb-2~+00-03-00,12275.89722862052,170.41523942885257
mag-feb-2~+00-04-00,12140.624652768698,170.41523942885257
mag-feb-2~+00-05-00,11929.032458644493,170.41523942885257
mag-feb-2~+00-06-00,11708.772733385733,170.41523942885257
mag-feb-2~+00-07-00,11480.105427282973,170.41523942885257
mag-feb-2~+00-08-00,11354.580977302981,170.41523942885257
mag-feb-2~+00-09-00,11328.68027864015,170.41523942885257
mag-feb-2~+00-10-00,11359.09493083573,170.41523942885257
mag-feb-2~+00-11-00,11323.905259189405,170.41523942885257
mag-feb-2~+00-12-00,11079.952920524169,170.41523942885257
mag-feb-2~+00-13-00,10670.797455031901,170.41523942885257
mag-feb-2~+00-14-00,10174.123651367277,170.41523942885257
mag-feb-2~+00-15-00,9758.404489543633,170.41523942885257
mag-feb-2~+00-16-00,9546.29548319527,170.41523942885257
mag-feb-2~+00-17-00,9530.084354838003,170.41523942885257
mag-feb-2~+00-18-00,9718.645748781406,170.41523942885257
mag-feb-2~+00-19-00,10044.20304105493,170.41523942885257
mag-feb-2~+00-20-00,10390.582561120575,170.41523942885257
mag-feb-2~+00-21-00,10583.26851820851,170.41523942885257
mag-feb-2~+00-22-00,10618.580636335746,170.41523942885257
mag-feb-2~+00-23-00,10598.084913776054,170.41523942885257
mag-feb-2~+01-00-00,10607.283982691344,170.41523942885257
