trace,op_ems,emb_ems
sarek-jul-3,32066.022859492212,183.31733251806511
sarek-jul-3~+00-01-00,32035.84473079868,183.31733251806511
sarek-jul-3~+00-02-00,32112.107936698747,183.31733251806511
sarek-jul-3~+00-03-00,32008.384849094877,183.31733251806511
sarek-jul-3~+00-04-00,31932.83104919332,183.31733251806511
sarek-jul-3~+00-05-00,31692.60372509071,183.31733251806511
sarek-jul-3~+00-06-00,31616.10157697311,183.31733251806511
sarek-jul-3~+00-07-00,31581.61919367806,183.31733251806511
sarek-jul-3~+00-08-00,32169.14086068391,183.31733251806511
sarek-jul-3~+00-09-00,32765.511667497423,183.31733251806511
sarek-jul-3~+00-10-00,33422.73489742841,183.31733251806511
sarek-jul-3~+00-11-00,34150.561020351284,183.31733251806511
sarek-jul-3~+00-12-00,34641.98559712343,183.31733251806511
sarek-jul-3~+00-13-00,34622.893503336905,183.31733251806511
sarek-jul-3~+00-14-00,34677.64773461495,183.31733251806511
sarek-jul-3~+00-15-00,34350.096483900255,183.31733251806511
sarek-jul-3~+00-16-00,33910.27909048384,183.31733251806511
sarek-jul-3~+00-17-00,33044.47465742411,183.31733251806511
sarek-jul-3~+00-18-00,32515.627135435985,183.31733251806511
sarek-jul-3~+00-19-00,29776.770613910532,183.31733251806511
sarek-jul-3~+00-20-00,29359.492548986254,183.31733251806511
sarek-jul-3~+00-21-00,30164.321146998034,183.31733251806511
sarek-jul-3~+00-22-00,28705.43836219283,183.31733251806511
sarek-jul-3~+00-23-00,26505.13528584708,183.31733251806511
sarek-jul-3~+01-00-00,24911.020042092736,183.31733251806511
