trace,op_ems,emb_ems
montage-aug-2,161.35433380473697,4.417620969401983
montage-aug-2~+00-01-00,128.42897873018916,4.417620969401983
montage-aug-2~+00-02-00,112.9375082664597,4.417620969401983
montage-aug-2~+00-03-00,107.04328602701732,4.417620969401983
montage-aug-2~+00-04-00,111.45438416400265,4.417620969401983
montage-aug-2~+00-05-00,117.69307393691885,4.417620969401983
montage-aug-2~+00-06-00,149.04918802564129,4.417620969401983
montage-aug-2~+00-07-00,213.10101216659544,4.417620969401983
montage-aug-2~+00-08-00,285.51574253688824,4.417620969401983
montage-aug-2~+00-09-00,319.5797541804192,4.417620969401983
montage-aug-2~+00-10-00,316.9388364237862,4.417620969401983
montage-aug-2~+00-11-00,290.7497353371723,4.417620969401983
montage-aug-2~+00-12-00,293.2088507844721,4.417620969401983
montage-aug-2~+00-13-00,281.14291857028877,4.417620969401983
montage-aug-2~+00-14-00,273.43067323751194,4.417620969401983
montage-aug-2~+00-15-00,300.9689388302319,4.417620969401983
montage-aug-2~+00-16-00,317.53208606476886,4.417620969401983
montage-aug-2~+00-17-00,330.9280456998652,4.417620969401983
montage-aug-2~+00-18-00,333.2149273804282,4.417620969401983
montage-aug-2~+00-19-00,350.1416792336322,4.417620969401983
montage-aug-2~+00-20-00,346.16116551348927,4.417620969401983
montage-aug-2~+00-21-00,330.3443646014787,4.417620969401983
montage-aug-2~+00-22-00,302.9209215199172,4.417620969401983
montage-aug-2~+00-23-00,259.50844375960804,4.417620969401983
montage-aug-2~+01-00-00,210.5079371229445,4.417620969401983
