trace,op_ems,emb_ems
montage-dec-3,300.5942220426436,3.9090470464800857
montage-dec-3~+00-01-00,309.1816595600354,3.9090470464800857
montage-dec-3~+00-02-00,312.13173681181473,3.9090470464800857
montage-dec-3~+00-03-00,317.25198583501793,3.9090470464800857
montage-dec-3~+00-04-00,322.9995501358977,3.9090470464800857
montage-dec-3~+00-05-00,329.5354971506158,3.9090470464800857
montage-dec-3~+00-06-00,333.0196401117689,3.9090470464800857
montage-dec-3~+00-07-00,339.57254159345075,3.9090470464800857
montage-dec-3~+00-08-00,348.8974984237875,3.9090470464800857
montage-dec-3~+00-09-00,357.4340725402867,3.9090470464800857
montage-dec-3~+00-10-00,365.50439881526876,3.9090470464800857
montage-dec-3~+00-11-00,378.1439539371161,3.9090470464800857
montage-dec-3~+00-12-00,389.49496956968056,3.9090470464800857
montage-dec-3~+00-13-00,392.7078410594057,3.9090470464800857
montage-dec-3~+00-14-00,394.4711056236874,3.9090470464800857
montage-dec-3~+00-15-00,396.4632554919867,3.9090470464800857
montage-dec-3~+00-16-00,400.9646664709946,3.9090470464800857
montage-dec-3~+00-17-00,398.93860766876685,3.9090470464800857
montage-dec-3~+00-18-00,400.69339499956675,3.9090470464800857
montage-dec-3~+00-19-00,400.44755522858526,3.9090470464800857
montage-dec-3~+00-20-00,392.52981915628123,3.9090470464800857
montage-dec-3~+00-21-00,386.9094133576326,3.9090470464800857
montage-dec-3~+00-22-00,383.8660865375501,3.9090470464800857
montage-dec-3~+00-23-00,382.27236664291075,3.9090470464800857
montage-dec-3~+01-00-00,381.24662139157374,3.9090470464800857
