trace,op_ems,emb_ems
montage-oct-2,850.1532472333874,5.194323604266486
montage-oct-2~+00-01-00,847.027826474691,5.194323604266486
montage-oct-2~+00-02-00,809.8531909478804,5.194323604266486
montage-oct-2~+00-03-00,805.3778309768923,5.194323604266486
montage-oct-2~+00-04-00,828.557726092076,5.194323604266486
montage-oct-2~+00-05-00,817.9137270763035,5.194323604266486
montage-oct-2~+00-06-00,832.1785854221788,5.194323604266486
montage-oct-2~+00-07-00,873.9661380710634,5.194323604266486
montage-oct-2~+00-08-00,875.6808439229083,5.194323604266486
montage-oct-2~+00-09-00,879.8412378627387,5.194323604266486
montage-oct-2~+00-10-00,872.9549303187023,5.194323604266486
montage-oct-2~+00-11-00,843.304295850763,5.194323604266486
montage-oct-2~+00-12-00,873.8371364645906,5.194323604266486
montage-oct-2~+00-13-00,880.5041743269744,5.194323604266486
montage-oct-2~+00-14-00,872.5335587693473,5.194323604266486
montage-oct-2~+00-15-00,878.0530850763527,5.194323604266486
montage-oct-2~+00-16-00,884.6890498610542,5.194323604266486
montage-oct-2~+00-17-00,901.835025433101,5.194323604266486
montage-oct-2~+00-18-00,904.9689357855062,5.194323604266486
montage-oct-2~+00-19-00,906.6022517769521,5.194323604266486
montage-oct-2~+00-20-00,922.1119990035984,5.194323604266486
montage-oct-2~+00-21-00,954.921753017281,5.194323604266486
montage-oct-2~+00-22-00,945.4103965115688,5.194323604266486
montage-oct-2~+00-23-00,940.8666606260778,5.194323604266486
montage-oct-2~+01-00-00,950.0483928680586,5.194323604266486
