trace,op_ems,emb_ems
rnaseq-may-3,1584.6175182885895,61.95465283773145
rnaseq-may-3~+00-01-00,1591.0329137683723,61.95465283773145
rnaseq-may-3~+00-02-00,1655.5606412973152,61.95465283773145
rnaseq-may-3~+00-03-00,1702.6923434772496,61.95465283773145
rnaseq-may-3~+00-04-00,1754.0346309039471,61.95465283773145
rnaseq-may-3~+00-05-00,1968.8395466025243,61.95465283773145
rnaseq-may-3~+00-06-00,2471.8066244403713,61.95465283773145
rnaseq-may-3~+00-07-00,3116.749990366561,61.95465283773145
rnaseq-may-3~+00-08-00,3577.9142283627643,61.95465283773145
rnaseq-may-3~+00-09-00,3680.1731237973077,61.95465283773145
rnaseq-may-3~+00-10-00,3471.370497602956,61.95465283773145
rnaseq-may-3~+00-11-00,3089.283709084958,61.95465283773145
rnaseq-may-3~+00-12-00,2694.985473843549,61.95465283773145
rnaseq-may-3~+00-13-00,2376.3995776634333,61.95465283773145
rnaseq-may-3~+00-14-00,2222.075316130365,61.95465283773145
rnaseq-may-3~+00-15-00,2243.6440535753327,61.95465283773145
rnaseq-may-3~+00-16-00,2367.44622687415,61.95465283773145
rnaseq-may-3~+00-17-00,2476.5713136775967,61.95465283773145
rnaseq-may-3~+00-18-00,2575.7500656063125,61.95465283773145
rnaseq-may-3~+00-19-00,2647.129616557374,61.95465283773145
rnaseq-may-3~+00-20-00,2537.8335591091127,61.95465283773145
rnaseq-may-3~+00-21-00,2153.267352627345,61.95465283773145
rnaseq-may-3~+00-22-00,1711.831163347959,61.95465283773145
rnaseq-may-3~+00-23-00,1409.2490620728977,61.95465283773145
rnaseq-may-3~+01-00-00,1265.426028172122,61.95465283773145
