trace,op_ems,emb_ems
mag-jul-3,24571.765975520353,170.67367805536568
mag-jul-3~+00-01-00,24849.25964524627,170.67367805536568
mag-jul-3~+00-02-00,25108.009509018273,170.67367805536568
mag-jul-3~+00-03-00,25380.758436829477,170.67367805536568
mag-jul-3~+00-04-00,25525.793102147807,170.67367805536568
mag-jul-3~+00-05-00,25576.249715571885,170.67367805536568
mag-jul-3~+00-06-00,25685.461542844205,170.67367805536568
mag-jul-3~+00-07-00,25763.953348026444,170.67367805536568
mag-jul-3~+00-08-00,25763.792638360443,170.67367805536568
mag-jul-3~+00-09-00,25714.168434711133,170.67367805536568
mag-jul-3~+00-10-00,25567.91845763171,170.67367805536568
mag-jul-3~+00-11-00,25125.117831223364,170.67367805536568
mag-jul-3~+00-12-00,24400.310564068343,170.67367805536568
mag-jul-3~+00-13-00,23989.102588991864,170.67367805536568
mag-jul-3~+00-14-00,23998.519909983173,170.67367805536568
mag-jul-3~+00-15-00,23969.761388458497,170.67367805536568
mag-jul-3~+00-16-00,23379.409227962624,170.67367805536568
mag-jul-3~+00-17-00,22239.46775634288,170.67367805536568
mag-jul-3~+00-18-00,20975.20059303835,170.67367805536568
mag-jul-3~+00-19-00,20138.292210610914,170.67367805536568
mag-jul-3~+00-20-00,21073.87489162135,170.67367805536568
mag-jul-3~+00-21-00,21509.64281797551,170.67367805536568
mag-jul-3~+00-22-00,21404.78119021502,170.67367805536568
mag-jul-3~+00-23-00,21699.965412811463,170.67367805536568
mag-jul-3~+01-00-00,21745.455103052915,170.67367805536568
