trace,op_ems,emb_ems
rangeland-oct-1,8514.019163842282,56.33951064719725
rangeland-oct-1~+00-01-00,8490.39745088266,56.33951064719725
rangeland-oct-1~+00-02-00,8511.106741496118,56.33951064719725
rangeland-oct-1~+00-03-00,8527.291531164286,56.33951064719725
rangeland-oct-1~+00-04-00,8611.640567112467,56.33951064719725
rangeland-oct-1~+00-05-00,8665.805518052262,56.33951064719725
rangeland-oct-1~+00-06-00,8744.666453092179,56.33951064719725
rangeland-oct-1~+00-07-00,8816.5446860491,56.33951064719725
rangeland-oct-1~+00-08-00,8925.39922523742,56.33951064719725
rangeland-oct-1~+00-09-00,8997.58719396929,56.33951064719725
rangeland-oct-1~+00-10-00,9033.061882286314,56.33951064719725
rangeland-oct-1~+00-11-00,9039.310766259257,56.33951064719725
rangeland-oct-1~+00-12-00,9024.168413760828,56.33951064719725
rangeland-oct-1~+00-13-00,9003.23447796082,56.33951064719725
rangeland-oct-1~+00-14-00,8969.364193369907,56.33951064719725
rangeland-oct-1~+00-15-00,8934.621697597437,56.33951064719725
rangeland-oct-1~+00-16-00,8921.677908620959,56.33951064719725
rangeland-oct-1~+00-17-00,8879.263533400937,56.33951064719725
rangeland-oct-1~+00-18-00,8810.911419331027,56.33951064719725
rangeland-oct-1~+00-19-00,8729.18432459908,56.33951064719725
rangeland-oct-1~+00-20-00,8590.820566369417,56.33951064719725
rangeland-oct-1~+00-21-00,8464.321284887308,56.33951064719725
rangeland-oct-1~+00-22-00,8380.772184140891,56.33951064719725
rangeland-oct-1~+00-23-00,8271.00963456175,56.33951064719725
rangeland-oct-1~+01-00-00,8219.225249342448,56.33951064719725
