trace,op_ems,emb_ems
montage-dec-1,841.3937796668943,5.110399681598096
montage-dec-1~+00-01-00,825.2531405132024,5.110399681598096
montage-dec-1~+00-02-00,817.8661192356526,5.110399681598096
montage-dec-1~+00-03-00,812.9462613619852,5.110399681598096
montage-dec-1~+00-04-00,825.7639692723258,5.110399681598096
montage-dec-1~+00-05-00,831.7554236261251,5.110399681598096
montage-dec-1~+00-06-00,807.5739412979782,5.110399681598096
montage-dec-1~+00-07-00,809.4751392151018,5.110399681598096
montage-dec-1~+00-08-00,807.345672717751,5.110399681598096
montage-dec-1~+00-09-00,781.122774933148,5.110399681598096
montage-dec-1~+00-10-00,780.2030531364597,5.110399681598096
montage-dec-1~+00-11-00,772.3446847958393,5.110399681598096
montage-dec-1~+00-12-00,827.421332440428,5.110399681598096
montage-dec-1~+00-13-00,881.5145987321843,5.110399681598096
montage-dec-1~+00-14-00,889.942211210968,5.110399681598096
montage-dec-1~+00-15-00,879.4823651653326,5.110399681598096
montage-dec-1~+00-16-00,878.3483185605758,5.110399681598096
montage-dec-1~+00-17-00,880.4117576703296,5.110399681598096
montage-dec-1~+00-18-00,878.6243421612883,5.110399681598096
montage-dec-1~+00-19-00,877.3630122076231,5.110399681598096
montage-dec-1~+00-20-00,876.3840726706469,5.110399681598096
montage-dec-1~+00-21-00,875.5882492342445,5.110399681598096
montage-dec-1~+00-22-00,869.0374251415132,5.110399681598096
montage-dec-1~+00-23-00,864.6989234487563,5.110399681598096
montage-dec-1~+01-00-00,847.7455704720721,5.110399681598096
