trace,op_ems,emb_ems
rnaseq-nov-3,11131.100813659072,64.60281226683885
rnaseq-nov-3~+00-01-00,11178.641510362377,64.60281226683885
rnaseq-nov-3~+00-02-00,11270.769915043838,64.60281226683885
rnaseq-nov-3~+00-03-00,11390.941504081886,64.60281226683885
rnaseq-nov-3~+00-04-00,11493.449712341882,64.60281226683885
rnaseq-nov-3~+00-05-00,11646.248601532816,64.60281226683885
rnaseq-nov-3~+00-06-00,11794.031126679154,64.60281226683885
rnaseq-nov-3~+00-07-00,11787.944139604633,64.60281226683885
rnaseq-nov-3~+00-08-00,11795.000029103187,64.60281226683885
rnaseq-nov-3~+00-09-00,12020.079722490958,64.60281226683885
rnaseq-nov-3~+00-10-00,12381.801192764704,64.60281226683885
rnaseq-nov-3~+00-11-00,12740.382278387158,64.60281226683885
rnaseq-nov-3~+00-12-00,12924.734211810313,64.60281226683885
rnaseq-nov-3~+00-13-00,12825.892985909863,64.60281226683885
rnaseq-nov-3~+00-14-00,12602.611312715488,64.60281226683885
rnaseq-nov-3~+00-15-00,12461.958150926283,64.60281226683885
rnaseq-nov-3~+00-16-00,12461.962587473294,64.60281226683885
rnaseq-nov-3~+00-17-00,12443.664125231244,64.60281226683885
rnaseq-nov-3~+00-18-00,12390.55275520405,64.60281226683885
rnaseq-nov-3~+00-19-00,12282.005387424599,64.60281226683885
rnaseq-nov-3~+00-20-00,12122.791003394372,64.60281226683885
rnaseq-nov-3~+00-21-00,11927.313369101224,64.60281226683885
rnaseq-nov-3~+00-22-00,11790.351834737043,64.60281226683885
rnaseq-nov-3~+00-23-00,11608.751504978529,64.60281226683885
rnaseq-nov-3~+01-00-00,11434.90976668493,64.60281226683885
