trace,op_ems,emb_ems
sarek-mar-1,9574.40786327082,180.2085610425426
sarek-mar-1~+00-01-00,10273.71084669884,180.2085610425426
sarek-mar-1~+00-02-00,11449.205420512248,180.2085610425426
sarek-mar-1~+00-03-00,12954.580067607752,180.2085610425426
sarek-mar-1~+00-04-00,14520.317830648093,180.2085610425426
sarek-mar-1~+00-05-00,15836.538714537375,180.2085610425426
sarek-mar-1~+00-06-00,16962.125567679148,180.2085610425426
sarek-mar-1~+00-07-00,17797.050983461086,180.2085610425426
sarek-mar-1~+00-08-00,18317.859329311374,180.2085610425426
sarek-mar-1~+00-09-00,18628.986540142483,180.2085610425426
sarek-mar-1~+00-10-00,18859.43687606929,180.2085610425426
sarek-mar-1~+00-11-00,19030.790436354186,180.2085610425426
sarek-mar-1~+00-12-00,19218.250051114668,180.2085610425426
sarek-mar-1~+00-13-00,19265.17634040485,180.2085610425426
sarek-mar-1~+00-14-00,19304.710739534108,180.2085610425426
sarek-mar-1~+00-15-00,19476.407964670532,180.2085610425426
sarek-mar-1~+00-16-00,19574.84422754713,180.2085610425426
sarek-mar-1~+00-17-00,19578.323128536467,180.2085610425426
sarek-mar-1~+00-18-00,19403.59298427503,180.2085610425426
sarek-mar-1~+00-19-00,19106.98790939518,180.2085610425426
sarek-mar-1~+00-20-00,18638.86475764386,180.2085610425426
sarek-mar-1~+00-21-00,18092.2594424407,180.2085610425426
sarek-mar-1~+00-22-00,17700.343621633336,180.2085610425426
sarek-mar-1~+00-23-00,17542.27375505816,180.2085610425426
sarek-mar-1~+01-00-00,17541.265274024972,180.2085610425426
