trace,op_ems,emb_ems
rangeland-aug-3,7886.730520952724,56.305479409080235
rangeland-aug-3~+00-01-00,7880.500131652117,56.305479409080235
rangeland-aug-3~+00-02-00,7838.095261037206,56.305479409080235
rangeland-aug-3~+00-03-00,7779.581963029255,56.305479409080235
rangeland-aug-3~+00-04-00,7740.760144688751,56.305479409080235
rangeland-aug-3~+00-05-00,8067.0097372603905,56.305479409080235
rangeland-aug-3~+00-06-00,8484.143208546713,56.305479409080235
rangeland-aug-3~+00-07-00,8530.371671934618,56.305479409080235
rangeland-aug-3~+00-08-00,8598.147088340073,56.305479409080235
rangeland-aug-3~+00-09-00,8684.349967997716,56.305479409080235
rangeland-aug-3~+00-10-00,8742.810112582654,56.305479409080235
rangeland-aug-3~+00-11-00,8864.76388589091,56.305479409080235
rangeland-aug-3~+00-12-00,8939.328610300618,56.305479409080235
rangeland-aug-3~+00-13-00,8855.063666251965,56.305479409080235
rangeland-aug-3~+00-14-00,8812.39155302143,56.305479409080235
rangeland-aug-3~+00-15-00,8729.330382771312,56.305479409080235
rangeland-aug-3~+00-16-00,8767.54399741331,56.305479409080235
rangeland-aug-3~+00-17-00,8688.895518923226,56.305479409080235
rangeland-aug-3~+00-18-00,8583.778903795757,56.305479409080235
rangeland-aug-3~+00-19-00,8382.00398357301,56.305479409080235
rangeland-aug-3~+00-20-00,8416.959073504093,56.305479409080235
rangeland-aug-3~+00-21-00,8390.008659253635,56.305479409080235
rangeland-aug-3~+00-22-00,8142.459432166687,56.305479409080235
rangeland-aug-3~+00-23-00,8053.259365767807,56.305479409080235
rangeland-aug-3~+01-00-00,8126.263769227171,56.305479409080235
