trace,op_ems,emb_ems
mag-apr-3,9497.92537735434,170.30505238040828
mag-apr-3~+00-01-00,9464.787072024175,170.30505238040828
mag-apr-3~+00-02-00,9472.537824253113,170.30505238040828
mag-apr-3~+00-03-00,9477.218833901572,170.30505238040828
mag-apr-3~+00-04-00,9429.467320918267,170.30505238040828
mag-apr-3~+00-05-00,9342.470054719233,170.30505238040828
mag-apr-3~+00-06-00,9219.634853638836,170.30505238040828
mag-apr-3~+00-07-00,9052.693580021265,170.30505238040828
mag-apr-3~+00-08-00,8882.593091279197,170.30505238040828
mag-apr-3~+00-09-00,8646.520351187739,170.30505238040828
mag-apr-3~+00-10-00,8282.45876448876,170.30505238040828
mag-apr-3~+00-11-00,7817.646908264521,170.30505238040828
mag-apr-3~+00-12-00,7261.611161255312,170.30505238040828
mag-apr-3~+00-13-00,6731.867494404467,170.30505238040828
mag-apr-3~+00-14-00,6280.481750837021,170.30505238040828
mag-apr-3~+00-15-00,5931.356247147604,170.30505238040828
mag-apr-3~+00-16-00,5722.434859216034,170.30505238040828
mag-apr-3~+00-17-00,5582.07960967214,170.30505238040828
mag-apr-3~+00-18-00,5458.744602566062,170.30505238040828
mag-apr-3~+00-19-00,5370.10150783119,170.30505238040828
mag-apr-3~+00-20-00,5331.355802691772,170.30505238040828
mag-apr-3~+00-21-00,5361.977378906894,170.30505238040828
mag-apr-3~+00-22-00,5430.339739104705,170.30505238040828
mag-apr-3~+00-23-00,5490.327257267217,170.30505238040828
mag-apr-3~+01-00-00,5492.820680099701,170.30505238040828
