trace,op_ems,emb_ems
chipseq-mar-3,5090.267689059302,95.28231502287919
chipseq-mar-3~+00-01-00,5077.644778341652,95.28231502287919
chipseq-mar-3~+00-02-00,5429.21184268346,95.28231502287919
chipseq-mar-3~+00-03-00,6150.49719055303,95.28231502287919
chipseq-mar-3~+00-04-00,7082.536577627101,95.28231502287919
chipseq-mar-3~+00-05-00,8022.572914681086,95.28231502287919
chipseq-mar-3~+00-06-00,8840.915399955442,95.28231502287919
chipseq-mar-3~+00-07-00,9438.861104086169,95.28231502287919
chipseq-mar-3~+00-08-00,9852.763324884356,95.28231502287919
chipseq-mar-3~+00-09-00,10167.366533080865,95.28231502287919
chipseq-mar-3~+00-10-00,10347.888446108613,95.28231502287919
chipseq-mar-3~+00-11-00,10418.032400180917,95.28231502287919
chipseq-mar-3~+00-12-00,10470.205729652587,95.28231502287919
chipseq-mar-3~+00-13-00,10571.356873697474,95.28231502287919
chipseq-mar-3~+00-14-00,10674.529321326532,95.28231502287919
chipseq-mar-3~+00-15-00,10707.547658303156,95.28231502287919
chipseq-mar-3~+00-16-00,10683.515460756886,95.28231502287919
chipseq-mar-3~+00-17-00,10742.965559340295,95.28231502287919
chipseq-mar-3~+00-18-00,10862.888758432005,95.28231502287919
chipseq-mar-3~+00-19-00,10829.16776155352,95.28231502287919
chipseq-mar-3~+00-20-00,10616.377179131205,95.28231502287919
chipseq-mar-3~+00-21-00,10292.708869004984,95.28231502287919
chipseq-mar-3~+00-22-00,9982.537069787324,95.28231502287919
chipseq-mar-3~+00-23-00,9720.62184550199,95.28231502287919
chipseq-mar-3~+01-00-00,9571.458065238463,95.28231502287919
