trace,op_ems,emb_ems
mag-jul-2,24496.664927937516,170.82096393261858
mag-jul-2~+00-01-00,24681.069631461494,170.82096393261858
mag-jul-2~+00-02-00,24960.62665749072,170.82096393261858
mag-jul-2~+00-03-00,25196.01592853732,170.82096393261858
mag-jul-2~+00-04-00,25423.026337435287,170.82096393261858
mag-jul-2~+00-05-00,25580.076693677664,170.82096393261858
mag-jul-2~+00-06-00,25698.574593221456,170.82096393261858
mag-jul-2~+00-07-00,25865.582562806336,170.82096393261858
mag-jul-2~+00-08-00,25936.941278307004,170.82096393261858
mag-jul-2~+00-09-00,25920.423348863013,170.82096393261858
mag-jul-2~+00-10-00,25851.23787492901,170.82096393261858
mag-jul-2~+00-11-00,25747.482381664573,170.82096393261858
mag-jul-2~+00-12-00,24946.845610131488,170.82096393261858
mag-jul-2~+00-13-00,24069.854310312898,170.82096393261858
mag-jul-2~+00-14-00,24028.462250253615,170.82096393261858
mag-jul-2~+00-15-00,23780.92292150254,170.82096393261858
mag-jul-2~+00-16-00,23329.021996796964,170.82096393261858
mag-jul-2~+00-17-00,22296.00192353954,170.82096393261858
mag-jul-2~+00-18-00,21142.585657192867,170.82096393261858
mag-jul-2~+00-19-00,20465.34155162712,170.82096393261858
mag-jul-2~+00-20-00,20963.562057260853,170.82096393261858
mag-jul-2~+00-21-00,21822.704533275195,170.82096393261858
mag-jul-2~+00-22-00,21502.611740007404,170.82096393261858
mag-jul-2~+00-23-00,21462.74157166835,170.82096393261858
mag-jul-2~+01-00-00,21628.868406877686,170.82096393261858
