trace,op_ems,emb_ems
nanoseq-jan-2,260.670491531231,2.283583422059979
nanoseq-jan-2~+00-01-00,261.01348931328675,2.283583422059979
nanoseq-jan-2~+00-02-00,263.0495661674972,2.283583422059979
nanoseq-jan-2~+00-03-00,265.81832159270016,2.283583422059979
nanoseq-jan-2~+00-04-00,268.2122767262126,2.283583422059979
nanoseq-jan-2~+00-05-00,270.310239881255,2.283583422059979
nanoseq-jan-2~+00-06-00,271.3829974410076,2.283583422059979
nanoseq-jan-2~+00-07-00,270.51951730609505,2.283583422059979
nanoseq-jan-2~+00-08-00,270.7610413585877,2.283583422059979
nanoseq-jan-2~+00-09-00,272.3544013840387,2.283583422059979
nanoseq-jan-2~+00-10-00,274.99839030357157,2.283583422059979
nanoseq-jan-2~+00-11-00,278.5951688729429,2.283583422059979
nanoseq-jan-2~+00-12-00,282.8052145814185,2.283583422059979
nanoseq-jan-2~+00-13-00,283.4315966076528,2.283583422059979
nanoseq-jan-2~+00-14-00,281.7682552306987,2.283583422059979
nanoseq-jan-2~+00-15-00,277.7414334501403,2.283583422059979
nanoseq-jan-2~+00-16-00,273.8202953200321,2.283583422059979
nanoseq-jan-2~+00-17-00,271.15666046385314,2.283583422059979
nanoseq-jan-2~+00-18-00,270.7404345562856,2.283583422059979
nanoseq-jan-2~+00-19-00,271.43935467082906,2.283583422059979
nanoseq-jan-2~+00-20-00,271.8327535116215,2.283583422059979
nanoseq-jan-2~+00-21-00,269.2824199991097,2.283583422059979
nanoseq-jan-2~+00-22-00,266.3459043751065,2.283583422059979
nanoseq-jan-2~+00-23-00,263.21195467608766,2.283583422059979
nanoseq-jan-2~+01-00-00,259.94947991275757,2.283583422059979
