trace,op_ems,emb_ems
montage-jul-3,725.9108854549141,4.459453342142623
montage-jul-3~+00-01-00,721.3848791536204,4.459453342142623
montage-jul-3~+00-02-00,728.5018065205078,4.459453342142623
montage-jul-3~+00-03-00,524.8860446074483,4.459453342142623
montage-jul-3~+00-04-00,519.100214876731,4.459453342142623
montage-jul-3~+00-05-00,518.5561937762628,4.459453342142623
montage-jul-3~+00-06-00,724.7921013091863,4.459453342142623
montage-jul-3~+00-07-00,722.0782946269102,4.459453342142623
montage-jul-3~+00-08-00,714.5424476676058,4.459453342142623
montage-jul-3~+00-09-00,699.5147745031243,4.459453342142623
montage-jul-3~+00-10-00,716.2529882111398,4.459453342142623
montage-jul-3~+00-11-00,722.5602673164987,4.459453342142623
montage-jul-3~+00-12-00,745.842639088481,4.459453342142623
montage-jul-3~+00-13-00,769.5414672603581,4.459453342142623
montage-jul-3~+00-14-00,779.7188404288881,4.459453342142623
montage-jul-3~+00-15-00,785.6522246205727,4.459453342142623
montage-jul-3~+00-16-00,790.3121657999424,4.459453342142623
montage-jul-3~+00-17-00,789.8753690473875,4.459453342142623
montage-jul-3~+00-18-00,786.4883675002974,4.459453342142623
montage-jul-3~+00-19-00,782.7751601153129,4.459453342142623
montage-jul-3~+00-20-00,736.9890343431548,4.459453342142623
montage-jul-3~+00-21-00,727.4721867187671,4.459453342142623
montage-jul-3~+00-22-00,732.5379381420657,4.459453342142623
montage-jul-3~+00-23-00,723.482371084105,4.459453342142623
montage-jul-3~+01-00-00,728.4372495487119,4.459453342142623
