trace,op_ems,emb_ems
sarek-may-3,4612.72533550842,179.93408696821612
sarek-may-3~+00-01-00,4688.485326975711,179.93408696821612
sarek-may-3~+00-02-00,4909.387619825239,179.93408696821612
sarek-may-3~+00-03-00,5591.6982537035,179.93408696821612
sarek-may-3~+00-04-00,6645.320310524069,179.93408696821612
sarek-may-3~+00-05-00,7838.361718024921,179.93408696821612
sarek-may-3~+00-06-00,8954.153709825201,179.93408696821612
sarek-may-3~+00-07-00,9587.346145460246,179.93408696821612
sarek-may-3~+00-08-00,9640.59159347919,179.93408696821612
sarek-may-3~+00-09-00,9074.012576381612,179.93408696821612
sarek-may-3~+00-10-00,8215.685049108164,179.93408696821612
sarek-may-3~+00-11-00,7354.916852096344,179.93408696821612
sarek-may-3~+00-12-00,6789.038963659128,179.93408696821612
sarek-may-3~+00-13-00,6556.79155811818,179.93408696821612
sarek-may-3~+00-14-00,6585.132569431858,179.93408696821612
sarek-may-3~+00-15-00,6746.704697322064,179.93408696821612
sarek-may-3~+00-16-00,7125.666768246955,179.93408696821612
sarek-may-3~+00-17-00,7226.209846240762,179.93408696821612
sarek-may-3~+00-18-00,6905.174716112527,179.93408696821612
sarek-may-3~+00-19-00,6284.451105308523,179.93408696821612
sarek-may-3~+00-20-00,5530.087855406398,179.93408696821612
sarek-may-3~+00-21-00,4684.45941909948,179.93408696821612
sarek-may-3~+00-22-00,4025.4520128378363,179.93408696821612
sarek-may-3~+00-23-00,3647.5905751652926,179.93408696821612
sarek-may-3~+01-00-00,3546.595610551301,179.93408696821612
