trace,op_ems,emb_ems
rangeland-jun-3,8029.4422624810695,56.305479409080235
rangeland-jun-3~+00-01-00,8028.95033192697,56.305479409080235
rangeland-jun-3~+00-02-00,8004.407125041561,56.305479409080235
rangeland-jun-3~+00-03-00,7947.528639882847,56.305479409080235
rangeland-jun-3~+00-04-00,7939.605230422429,56.305479409080235
rangeland-jun-3~+00-05-00,8250.877965255911,56.305479409080235
rangeland-jun-3~+00-06-00,8338.756268784296,56.305479409080235
rangeland-jun-3~+00-07-00,8478.011162023016,56.305479409080235
rangeland-jun-3~+00-08-00,8577.385804113233,56.305479409080235
rangeland-jun-3~+00-09-00,8694.332846706062,56.305479409080235
rangeland-jun-3~+00-10-00,8866.955064305183,56.305479409080235
rangeland-jun-3~+00-11-00,9007.562234428167,56.305479409080235
rangeland-jun-3~+00-12-00,9109.863691299788,56.305479409080235
rangeland-jun-3~+00-13-00,9163.211908916246,56.305479409080235
rangeland-jun-3~+00-14-00,9040.029038990757,56.305479409080235
rangeland-jun-3~+00-15-00,8926.106725846019,56.305479409080235
rangeland-jun-3~+00-16-00,8820.130672791183,56.305479409080235
rangeland-jun-3~+00-17-00,8713.942383109874,56.305479409080235
rangeland-jun-3~+00-18-00,8618.114882038442,56.305479409080235
rangeland-jun-3~+00-19-00,8352.683722795655,56.305479409080235
rangeland-jun-3~+00-20-00,7991.011656920053,56.305479409080235
rangeland-jun-3~+00-21-00,7653.386869499919,56.305479409080235
rangeland-jun-3~+00-22-00,7303.982082412261,56.305479409080235
rangeland-jun-3~+00-23-00,6899.533619427106,56.305479409080235
rangeland-jun-3~+01-00-00,6622.97934881393,56.305479409080235
