trace,op_ems,emb_ems
mag-apr-2,24939.250994774087,170.82096393261858
mag-apr-2~+00-01-00,25268.336747951533,170.82096393261858
mag-apr-2~+00-02-00,25562.893399490393,170.82096393261858
mag-apr-2~+00-03-00,25647.18698153898,170.82096393261858
mag-apr-2~+00-04-00,25710.120202371985,170.82096393261858
mag-apr-2~+00-05-00,25747.531150111095,170.82096393261858
mag-apr-2~+00-06-00,25846.440051822217,170.82096393261858
mag-apr-2~+00-07-00,25867.977313603646,170.82096393261858
mag-apr-2~+00-08-00,25825.98504964696,170.82096393261858
mag-apr-2~+00-09-00,25893.9370468878,170.82096393261858
mag-apr-2~+00-10-00,25783.058440224864,170.82096393261858
mag-apr-2~+00-11-00,25697.9357840243,170.82096393261858
mag-apr-2~+00-12-00,25605.66440489363,170.82096393261858
mag-apr-2~+00-13-00,25632.607196336234,170.82096393261858
mag-apr-2~+00-14-00,25660.192218631702,170.82096393261858
mag-apr-2~+00-15-00,25391.646251230493,170.82096393261858
mag-apr-2~+00-16-00,25273.966925722514,170.82096393261858
mag-apr-2~+00-17-00,24727.879723727823,170.82096393261858
mag-apr-2~+00-18-00,24110.52377287064,170.82096393261858
mag-apr-2~+00-19-00,23768.589280803535,170.82096393261858
mag-apr-2~+00-20-00,23673.84372296529,170.82096393261858
mag-apr-2~+00-21-00,24460.70516528185,170.82096393261858
mag-apr-2~+00-22-00,24605.898920519237,170.82096393261858
mag-apr-2~+00-23-00,24412.090611745865,170.82096393261858
mag-apr-2~+01-00-00,24345.770801150225,170.82096393261858
