trace,op_ems,emb_ems
rnaseq-dec-1,4124.047817959586,60.34201273201991
rnaseq-dec-1~+00-01-00,4064.1838413744895,60.34201273201991
rnaseq-dec-1~+00-02-00,4036.7703921576435,60.34201273201991
rnaseq-dec-1~+00-03-00,4046.4191853147295,60.34201273201991
rnaseq-dec-1~+00-04-00,4086.352882938702,60.34201273201991
rnaseq-dec-1~+00-05-00,4123.259947515094,60.34201273201991
rnaseq-dec-1~+00-06-00,4167.459597901743,60.34201273201991
rnaseq-dec-1~+00-07-00,4213.547524705512,60.34201273201991
rnaseq-dec-1~+00-08-00,4259.815934443567,60.34201273201991
rnaseq-dec-1~+00-09-00,4298.117608175364,60.34201273201991
rnaseq-dec-1~+00-10-00,4339.796387840113,60.34201273201991
rnaseq-dec-1~+00-11-00,4384.762940835239,60.34201273201991
rnaseq-dec-1~+00-12-00,4419.946603212401,60.34201273201991
rnaseq-dec-1~+00-13-00,4411.663981622364,60.34201273201991
rnaseq-dec-1~+00-14-00,4381.069324723111,60.34201273201991
rnaseq-dec-1~+00-15-00,4332.094723405131,60.34201273201991
rnaseq-dec-1~+00-16-00,4311.636664873069,60.34201273201991
rnaseq-dec-1~+00-17-00,4350.57300847029,60.34201273201991
rnaseq-dec-1~+00-18-00,4464.013523443266,60.34201273201991
rnaseq-dec-1~+00-19-00,4647.14854589519,60.34201273201991
rnaseq-dec-1~+00-20-00,4873.685693944578,60.34201273201991
rnaseq-dec-1~+00-21-00,5045.236688178426,60.34201273201991
rnaseq-dec-1~+00-22-00,5127.918174697612,60.34201273201991
rnaseq-dec-1~+00-23-00,5193.379616074978,60.34201273201991
rnaseq-dec-1~+01-00-00,5282.854816539708,60.34201273201991
