trace,op_ems,emb_ems
sarek-nov-3,16294.048922674594,179.93408696821612
sarek-nov-3~+00-01-00,16372.42474471914,179.93408696821612
sarek-nov-3~+00-02-00,16529.405962448345,179.93408696821612
sarek-nov-3~+00-03-00,16750.73164472357,179.93408696821612
sarek-nov-3~+00-04-00,16978.548130942894,179.93408696821612
sarek-nov-3~+00-05-00,17137.946543140093,179.93408696821612
sarek-nov-3~+00-06-00,17293.962009630046,179.93408696821612
sarek-nov-3~+00-07-00,17543.997313509368,179.93408696821612
sarek-nov-3~+00-08-00,17788.55569037994,179.93408696821612
sarek-nov-3~+00-09-00,18115.031660885248,179.93408696821612
sarek-nov-3~+00-10-00,18252.126169735915,179.93408696821612
sarek-nov-3~+00-11-00,18505.568608605397,179.93408696821612
sarek-nov-3~+00-12-00,18653.70364947535,179.93408696821612
sarek-nov-3~+00-13-00,18859.888996068938,179.93408696821612
sarek-nov-3~+00-14-00,19066.73504503934,179.93408696821612
sarek-nov-3~+00-15-00,19234.881132391478,179.93408696821612
sarek-nov-3~+00-16-00,19213.086901836177,179.93408696821612
sarek-nov-3~+00-17-00,19125.675017000172,179.93408696821612
sarek-nov-3~+00-18-00,18950.35515352148,179.93408696821612
sarek-nov-3~+00-19-00,18667.697928875845,179.93408696821612
sarek-nov-3~+00-20-00,18385.14361726703,179.93408696821612
sarek-nov-3~+00-21-00,18043.99157173247,179.93408696821612
sarek-nov-3~+00-22-00,17763.865409910468,179.93408696821612
sarek-nov-3~+00-23-00,17603.317013374693,179.93408696821612
sarek-nov-3~+01-00-00,17656.497845730348,179.93408696821612
