trace,op_ems,emb_ems
rnaseq-may-2,1518.2131900033407,59.0952985091386
rnaseq-may-2~+00-01-00,1522.4574995859207,59.0952985091386
rnaseq-may-2~+00-02-00,1584.669381822523,59.0952985091386
rnaseq-may-2~+00-03-00,1630.6108075182806,59.0952985091386
rnaseq-may-2~+00-04-00,1679.1276024808483,59.0952985091386
rnaseq-may-2~+00-05-00,1876.6658668201771,59.0952985091386
rnaseq-may-2~+00-06-00,2351.6950559882494,59.0952985091386
rnaseq-may-2~+00-07-00,2972.6306516716213,59.0952985091386
rnaseq-may-2~+00-08-00,3421.746040503792,59.0952985091386
rnaseq-may-2~+00-09-00,3528.8600760334657,59.0952985091386
rnaseq-may-2~+00-10-00,3333.3260545648736,59.0952985091386
rnaseq-may-2~+00-11-00,2968.6735584049165,59.0952985091386
rnaseq-may-2~+00-12-00,2589.947262298494,59.0952985091386
rnaseq-may-2~+00-13-00,2281.57983435731,59.0952985091386
rnaseq-may-2~+00-14-00,2129.174143576482,59.0952985091386
rnaseq-may-2~+00-15-00,2146.3393525490496,59.0952985091386
rnaseq-may-2~+00-16-00,2264.707532919194,59.0952985091386
rnaseq-may-2~+00-17-00,2371.4368832946157,59.0952985091386
rnaseq-may-2~+00-18-00,2463.789322065689,59.0952985091386
rnaseq-may-2~+00-19-00,2535.0399062271026,59.0952985091386
rnaseq-may-2~+00-20-00,2439.021445697708,59.0952985091386
rnaseq-may-2~+00-21-00,2074.0189265564836,59.0952985091386
rnaseq-may-2~+00-22-00,1647.669890784909,59.0952985091386
rnaseq-may-2~+00-23-00,1354.1338761890802,59.0952985091386
rnaseq-may-2~+01-00-00,1213.5761434567764,59.0952985091386
