trace,op_ems,emb_ems
rangeland-feb-3,4007.560203542658,56.21086774659671
rangeland-feb-3~+00-01-00,4049.372171965009,56.21086774659671
rangeland-feb-3~+00-02-00,4098.885190019468,56.21086774659671
rangeland-feb-3~+00-03-00,4170.382655001252,56.21086774659671
rangeland-feb-3~+00-04-00,4236.2994686024895,56.21086774659671
rangeland-feb-3~+00-05-00,4296.04108904524,56.21086774659671
rangeland-feb-3~+00-06-00,4324.2050313049185,56.21086774659671
rangeland-feb-3~+00-07-00,4292.855578425059,56.21086774659671
rangeland-feb-3~+00-08-00,4214.382907843602,56.21086774659671
rangeland-feb-3~+00-09-00,4097.138429950435,56.21086774659671
rangeland-feb-3~+00-10-00,3966.5772471657533,56.21086774659671
rangeland-feb-3~+00-11-00,3845.0567684190773,56.21086774659671
rangeland-feb-3~+00-12-00,3729.897361672616,56.21086774659671
rangeland-feb-3~+00-13-00,3656.084022980214,56.21086774659671
rangeland-feb-3~+00-14-00,3647.8880953364123,56.21086774659671
rangeland-feb-3~+00-15-00,3681.348541146495,56.21086774659671
rangeland-feb-3~+00-16-00,3715.605231332994,56.21086774659671
rangeland-feb-3~+00-17-00,3687.085563045042,56.21086774659671
rangeland-feb-3~+00-18-00,3612.872903331188,56.21086774659671
rangeland-feb-3~+00-19-00,3493.202537236959,56.21086774659671
rangeland-feb-3~+00-20-00,3338.9748119481715,56.21086774659671
rangeland-feb-3~+00-21-00,3162.7680919882646,56.21086774659671
rangeland-feb-3~+00-22-00,3036.3770087205253,56.21086774659671
rangeland-feb-3~+00-23-00,3018.5389499173116,56.21086774659671
rangeland-feb-3~+01-00-00,3141.072758267322,56.21086774659671
