trace,op_ems,emb_ems
nanoseq-jul-1,43.54288438627276,2.2463699711004637
nanoseq-jul-1~+00-01-00,46.24676153563885,2.2463699711004637
nanoseq-jul-1~+00-02-00,53.09677892202563,2.2463699711004637
nanoseq-jul-1~+00-03-00,65.10312523397612,2.2463699711004637
nanoseq-jul-1~+00-04-00,81.9225926028618,2.2463699711004637
nanoseq-jul-1~+00-05-00,101.44508987019756,2.2463699711004637
nanoseq-jul-1~+00-06-00,120.88628777309881,2.2463699711004637
nanoseq-jul-1~+00-07-00,136.74679272329493,2.2463699711004637
nanoseq-jul-1~+00-08-00,146.59691982544138,2.2463699711004637
nanoseq-jul-1~+00-09-00,150.03261426303354,2.2463699711004637
nanoseq-jul-1~+00-10-00,147.78327544375915,2.2463699711004637
nanoseq-jul-1~+00-11-00,142.01754343450222,2.2463699711004637
nanoseq-jul-1~+00-12-00,134.74305901800935,2.2463699711004637
nanoseq-jul-1~+00-13-00,127.500632070872,2.2463699711004637
nanoseq-jul-1~+00-14-00,121.74036820759446,2.2463699711004637
nanoseq-jul-1~+00-15-00,117.76970023143781,2.2463699711004637
nanoseq-jul-1~+00-16-00,114.66295865025141,2.2463699711004637
nanoseq-jul-1~+00-17-00,110.54180013531197,2.2463699711004637
nanoseq-jul-1~+00-18-00,103.30332467302043,2.2463699711004637
nanoseq-jul-1~+00-19-00,92.18188015977069,2.2463699711004637
nanoseq-jul-1~+00-20-00,78.44920943718616,2.2463699711004637
nanoseq-jul-1~+00-21-00,64.40913810457796,2.2463699711004637
nanoseq-jul-1~+00-22-00,52.43151043375315,2.2463699711004637
nanoseq-jul-1~+00-23-00,44.660164700444774,2.2463699711004637
nanoseq-jul-1~+01-00-00,41.21531725872247,2.2463699711004637
