trace,op_ems,emb_ems
rangeland-sep-1,2978.470604323251,56.24585137653058
rangeland-sep-1~+00-01-00,2919.453195248624,56.24585137653058
rangeland-sep-1~+00-02-00,2965.403269386193,56.24585137653058
rangeland-sep-1~+00-03-00,3076.241250059732,56.24585137653058
rangeland-sep-1~+00-04-00,3198.668119944581,56.24585137653058
rangeland-sep-1~+00-05-00,3292.425466508284,56.24585137653058
rangeland-sep-1~+00-06-00,3380.205882837255,56.24585137653058
rangeland-sep-1~+00-07-00,3398.141340031994,56.24585137653058
rangeland-sep-1~+00-08-00,3279.1328153780537,56.24585137653058
rangeland-sep-1~+00-09-00,3074.6773626515037,56.24585137653058
rangeland-sep-1~+00-10-00,2852.5236714910616,56.24585137653058
rangeland-sep-1~+00-11-00,2634.226600942159,56.24585137653058
rangeland-sep-1~+00-12-00,2462.8649543464035,56.24585137653058
rangeland-sep-1~+00-13-00,2368.3352619023563,56.24585137653058
rangeland-sep-1~+00-14-00,2383.997978966768,56.24585137653058
rangeland-sep-1~+00-15-00,2473.453002350254,56.24585137653058
rangeland-sep-1~+00-16-00,2558.946401171519,56.24585137653058
rangeland-sep-1~+00-17-00,2576.2876674603463,56.24585137653058
rangeland-sep-1~+00-18-00,2502.5599958471703,56.24585137653058
rangeland-sep-1~+00-19-00,2427.392239547726,56.24585137653058
rangeland-sep-1~+00-20-00,2282.0558755452043,56.24585137653058
rangeland-sep-1~+00-21-00,2054.6411891973435,56.24585137653058
rangeland-sep-1~+00-22-00,1806.2008229969667,56.24585137653058
rangeland-sep-1~+00-23-00,1610.714290682517,56.24585137653058
rangeland-sep-1~+01-00-00,1506.6175709591873,56.24585137653058
