trace,op_ems,emb_ems
rnaseq-aug-2,1545.7981729439489,59.0952985091386
rnaseq-aug-2~+00-01-00,1489.132782623806,59.0952985091386
rnaseq-aug-2~+00-02-00,1480.2148356350378,59.0952985091386
rnaseq-aug-2~+00-03-00,1528.7557455839628,59.0952985091386
rnaseq-aug-2~+00-04-00,1721.6849900390469,59.0952985091386
rnaseq-aug-2~+00-05-00,2260.9169408056555,59.0952985091386
rnaseq-aug-2~+00-06-00,3205.0892894100425,59.0952985091386
rnaseq-aug-2~+00-07-00,4291.1650946352975,59.0952985091386
rnaseq-aug-2~+00-08-00,5138.403349808468,59.0952985091386
rnaseq-aug-2~+00-09-00,5547.383271268407,59.0952985091386
rnaseq-aug-2~+00-10-00,5549.058969328343,59.0952985091386
rnaseq-aug-2~+00-11-00,5343.706002112924,59.0952985091386
rnaseq-aug-2~+00-12-00,5121.459165176774,59.0952985091386
rnaseq-aug-2~+00-13-00,4964.0391273753485,59.0952985091386
rnaseq-aug-2~+00-14-00,4887.521305811036,59.0952985091386
rnaseq-aug-2~+00-15-00,4788.191921168947,59.0952985091386
rnaseq-aug-2~+00-16-00,4666.080091561471,59.0952985091386
rnaseq-aug-2~+00-17-00,4591.235476473717,59.0952985091386
rnaseq-aug-2~+00-18-00,4599.507590363545,59.0952985091386
rnaseq-aug-2~+00-19-00,4585.1148421488315,59.0952985091386
rnaseq-aug-2~+00-20-00,4421.932043015396,59.0952985091386
rnaseq-aug-2~+00-21-00,4007.4773534077153,59.0952985091386
rnaseq-aug-2~+00-22-00,3325.065882877009,59.0952985091386
rnaseq-aug-2~+00-23-00,2581.3922677231412,59.0952985091386
rnaseq-aug-2~+01-00-00,2030.6489326327965,59.0952985091386
