trace,op_ems,emb_ems
nanoseq-dec-1,98.26364289079109,2.2463699711004637
nanoseq-dec-1~+00-01-00,97.98975187747638,2.2463699711004637
nanoseq-dec-1~+00-02-00,98.24286230164616,2.2463699711004637
nanoseq-dec-1~+00-03-00,99.00251560746725,2.2463699711004637
nanoseq-dec-1~+00-04-00,100.01098482643792,2.2463699711004637
nanoseq-dec-1~+00-05-00,101.03939768068831,2.2463699711004637
nanoseq-dec-1~+00-06-00,102.09035331488121,2.2463699711004637
nanoseq-dec-1~+00-07-00,103.12504659391139,2.2463699711004637
nanoseq-dec-1~+00-08-00,104.18920044609726,2.2463699711004637
nanoseq-dec-1~+00-09-00,105.13087040017899,2.2463699711004637
nanoseq-dec-1~+00-10-00,105.76152930326346,2.2463699711004637
nanoseq-dec-1~+00-11-00,106.04649919449726,2.2463699711004637
nanoseq-dec-1~+00-12-00,105.79347618437885,2.2463699711004637
nanoseq-dec-1~+00-13-00,105.2160142150164,2.2463699711004637
nanoseq-dec-1~+00-14-00,104.93374156608084,2.2463699711004637
nanoseq-dec-1~+00-15-00,105.41080994429358,2.2463699711004637
nanoseq-dec-1~+00-16-00,107.2258111393411,2.2463699711004637
nanoseq-dec-1~+00-17-00,110.50758553512061,2.2463699711004637
nanoseq-dec-1~+00-18-00,114.47028222701086,2.2463699711004637
nanoseq-dec-1~+00-19-00,118.3391442614189,2.2463699711004637
nanoseq-dec-1~+00-20-00,121.78128002173135,2.2463699711004637
nanoseq-dec-1~+00-21-00,124.46141628691015,2.2463699711004637
nanoseq-dec-1~+00-22-00,126.43242020569907,2.2463699711004637
nanoseq-dec-1~+00-23-00,128.32594105619788,2.2463699711004637
nanoseq-dec-1~+01-00-00,130.52618136455396,2.2463699711004637
