trace,op_ems,emb_ems
rnaseq-nov-1,5695.786018943089,60.34201273201991
rnaseq-nov-1~+00-01-00,5616.4402349830225,60.34201273201991
rnaseq-nov-1~+00-02-00,5586.877316449003,60.34201273201991
rnaseq-nov-1~+00-03-00,5660.375501251211,60.34201273201991
rnaseq-nov-1~+00-04-00,5780.549802300019,60.34201273201991
rnaseq-nov-1~+00-05-00,5877.396456275739,60.34201273201991
rnaseq-nov-1~+00-06-00,5935.352894519318,60.34201273201991
rnaseq-nov-1~+00-07-00,5971.290708931982,60.34201273201991
rnaseq-nov-1~+00-08-00,6007.698138783896,60.34201273201991
rnaseq-nov-1~+00-09-00,6087.690195621838,60.34201273201991
rnaseq-nov-1~+00-10-00,6218.1593951370405,60.34201273201991
rnaseq-nov-1~+00-11-00,6354.9419494308295,60.34201273201991
rnaseq-nov-1~+00-12-00,6417.78928886997,60.34201273201991
rnaseq-nov-1~+00-13-00,6430.795098639327,60.34201273201991
rnaseq-nov-1~+00-14-00,6458.7958716367075,60.34201273201991
rnaseq-nov-1~+00-15-00,6561.687349941797,60.34201273201991
rnaseq-nov-1~+00-16-00,6665.510986483553,60.34201273201991
rnaseq-nov-1~+00-17-00,6740.173336525096,60.34201273201991
rnaseq-nov-1~+00-18-00,6713.641832225851,60.34201273201991
rnaseq-nov-1~+00-19-00,6602.448571328424,60.34201273201991
rnaseq-nov-1~+00-20-00,6498.504845451582,60.34201273201991
rnaseq-nov-1~+00-21-00,6428.63634970669,60.34201273201991
rnaseq-nov-1~+00-22-00,6340.803718652543,60.34201273201991
rnaseq-nov-1~+00-23-00,6211.910805472901,60.34201273201991
rnaseq-nov-1~+01-00-00,6078.182275644722,60.34201273201991
