trace,op_ems,emb_ems
rnaseq-nov-2,10613.798213832666,61.38903864146787
rnaseq-nov-2~+00-01-00,10667.235614770723,61.38903864146787
rnaseq-nov-2~+00-02-00,10744.125692811325,61.38903864146787
rnaseq-nov-2~+00-03-00,10864.640612413526,61.38903864146787
rnaseq-nov-2~+00-04-00,10963.081034586616,61.38903864146787
rnaseq-nov-2~+00-05-00,11100.503862408723,61.38903864146787
rnaseq-nov-2~+00-06-00,11233.558256854605,61.38903864146787
rnaseq-nov-2~+00-07-00,11246.389835189768,61.38903864146787
rnaseq-nov-2~+00-08-00,11221.88015793239,61.38903864146787
rnaseq-nov-2~+00-09-00,11443.49704419965,61.38903864146787
rnaseq-nov-2~+00-10-00,11803.094308432117,61.38903864146787
rnaseq-nov-2~+00-11-00,12135.978201207688,61.38903864146787
rnaseq-nov-2~+00-12-00,12335.133762831332,61.38903864146787
rnaseq-nov-2~+00-13-00,12252.077074880288,61.38903864146787
rnaseq-nov-2~+00-14-00,12032.083520322522,61.38903864146787
rnaseq-nov-2~+00-15-00,11891.265033345677,61.38903864146787
rnaseq-nov-2~+00-16-00,11892.504124802254,61.38903864146787
rnaseq-nov-2~+00-17-00,11873.658197025667,61.38903864146787
rnaseq-nov-2~+00-18-00,11822.538694766774,61.38903864146787
rnaseq-nov-2~+00-19-00,11725.0479529106,61.38903864146787
rnaseq-nov-2~+00-20-00,11568.282211942613,61.38903864146787
rnaseq-nov-2~+00-21-00,11385.830898843571,61.38903864146787
rnaseq-nov-2~+00-22-00,11247.36061026846,61.38903864146787
rnaseq-nov-2~+00-23-00,11082.810192814844,61.38903864146787
rnaseq-nov-2~+01-00-00,10916.828147252212,61.38903864146787
