trace,op_ems,emb_ems
nanoseq-sep-2,94.28851281138579,2.2810001647780567
nanoseq-sep-2~+00-01-00,89.75735750902035,2.2810001647780567
nanoseq-sep-2~+00-02-00,89.03962474392593,2.2810001647780567
nanoseq-sep-2~+00-03-00,92.18186145252169,2.2810001647780567
nanoseq-sep-2~+00-04-00,98.12133430083716,2.2810001647780567
nanoseq-sep-2~+00-05-00,104.91893062948215,2.2810001647780567
nanoseq-sep-2~+00-06-00,110.21956911376903,2.2810001647780567
nanoseq-sep-2~+00-07-00,112.74946593908993,2.2810001647780567
nanoseq-sep-2~+00-08-00,111.67067899126025,2.2810001647780567
nanoseq-sep-2~+00-09-00,105.99258247874582,2.2810001647780567
nanoseq-sep-2~+00-10-00,97.0173700783665,2.2810001647780567
nanoseq-sep-2~+00-11-00,87.77512830537079,2.2810001647780567
nanoseq-sep-2~+00-12-00,78.93854427853864,2.2810001647780567
nanoseq-sep-2~+00-13-00,71.77384041239614,2.2810001647780567
nanoseq-sep-2~+00-14-00,69.47528077859413,2.2810001647780567
nanoseq-sep-2~+00-15-00,72.76227808039557,2.2810001647780567
nanoseq-sep-2~+00-16-00,78.89572018420351,2.2810001647780567
nanoseq-sep-2~+00-17-00,84.97617618710315,2.2810001647780567
nanoseq-sep-2~+00-18-00,88.5312794435012,2.2810001647780567
nanoseq-sep-2~+00-19-00,86.59858306917353,2.2810001647780567
nanoseq-sep-2~+00-20-00,79.16672771858543,2.2810001647780567
nanoseq-sep-2~+00-21-00,69.21560944660816,2.2810001647780567
nanoseq-sep-2~+00-22-00,59.17469961287426,2.2810001647780567
nanoseq-sep-2~+00-23-00,51.153520642898044,2.2810001647780567
nanoseq-sep-2~+01-00-00,47.08165814603835,2.2810001647780567
