trace,op_ems,emb_ems
rnaseq-dec-3,4224.673097381223,61.95465283773145
rnaseq-dec-3~+00-01-00,4163.152331836814,61.95465283773145
rnaseq-dec-3~+00-02-00,4136.962608235205,61.95465283773145
rnaseq-dec-3~+00-03-00,4147.268304554621,61.95465283773145
rnaseq-dec-3~+00-04-00,4188.105616021159,61.95465283773145
rnaseq-dec-3~+00-05-00,4226.168556031107,61.95465283773145
rnaseq-dec-3~+00-06-00,4271.57625850823,61.95465283773145
rnaseq-dec-3~+00-07-00,4318.588526327534,61.95465283773145
rnaseq-dec-3~+00-08-00,4366.315263240644,61.95465283773145
rnaseq-dec-3~+00-09-00,4404.63788639722,61.95465283773145
rnaseq-dec-3~+00-10-00,4448.731819879576,61.95465283773145
rnaseq-dec-3~+00-11-00,4493.768855977882,61.95465283773145
rnaseq-dec-3~+00-12-00,4529.167603529364,61.95465283773145
rnaseq-dec-3~+00-13-00,4519.760958266281,61.95465283773145
rnaseq-dec-3~+00-14-00,4488.09050181612,61.95465283773145
rnaseq-dec-3~+00-15-00,4437.777895461336,61.95465283773145
rnaseq-dec-3~+00-16-00,4419.2448626587675,61.95465283773145
rnaseq-dec-3~+00-17-00,4460.107729481762,61.95465283773145
rnaseq-dec-3~+00-18-00,4578.61220342152,61.95465283773145
rnaseq-dec-3~+00-19-00,4768.153328702742,61.95465283773145
rnaseq-dec-3~+00-20-00,4998.766496519001,61.95465283773145
rnaseq-dec-3~+00-21-00,5171.773277578951,61.95465283773145
rnaseq-dec-3~+00-22-00,5255.541681229408,61.95465283773145
rnaseq-dec-3~+00-23-00,5324.490673293728,61.95465283773145
rnaseq-dec-3~+01-00-00,5415.227308602453,61.95465283773145
