trace,op_ems,emb_ems
mag-apr-2,9513.841907042357,170.41523942885257
mag-apr-2~+00-01-00,9661.15803562792,170.41523942885257
mag-apr-2~+00-02-00,9785.064790193024,170.41523942885257
mag-apr-2~+00-03-00,9835.249225579511,170.41523942885257
mag-apr-2~+00-04-00,9824.506966480672,170.41523942885257
mag-apr-2~+00-05-00,9678.516403034751,170.41523942885257
mag-apr-2~+00-06-00,9457.585150692736,170.41523942885257
mag-apr-2~+00-07-00,9159.725670591495,170.41523942885257
mag-apr-2~+00-08-00,8843.905296266206,170.41523942885257
mag-apr-2~+00-09-00,8554.97801129417,170.41523942885257
mag-apr-2~+00-10-00,8192.26761801265,170.41523942885257
mag-apr-2~+00-11-00,7798.540588855756,170.41523942885257
mag-apr-2~+00-12-00,7333.38334314085,170.41523942885257
mag-apr-2~+00-13-00,6853.298257266001,170.41523942885257
mag-apr-2~+00-14-00,6440.746602816186,170.41523942885257
mag-apr-2~+00-15-00,6069.114204790681,170.41523942885257
mag-apr-2~+00-16-00,5830.953722846246,170.41523942885257
mag-apr-2~+00-17-00,5647.510318165727,170.41523942885257
mag-apr-2~+00-18-00,5477.146204793103,170.41523942885257
mag-apr-2~+00-19-00,5327.364666796442,170.41523942885257
mag-apr-2~+00-20-00,5203.40147993635,170.41523942885257
mag-apr-2~+00-21-00,5185.5777173225015,170.41523942885257
mag-apr-2~+00-22-00,5241.956562537405,170.41523942885257
mag-apr-2~+00-23-00,5363.906042815353,170.41523942885257
mag-apr-2~+01-00-00,5445.0692114136655,170.41523942885257
