trace,op_ems,emb_ems
rangeland-nov-1,8133.3247126788465,56.33951064719725
rangeland-nov-1~+00-01-00,8253.160099088685,56.33951064719725
rangeland-nov-1~+00-02-00,8303.614110997132,56.33951064719725
rangeland-nov-1~+00-03-00,8340.369047948518,56.33951064719725
rangeland-nov-1~+00-04-00,8442.528480352703,56.33951064719725
rangeland-nov-1~+00-05-00,8537.636110575542,56.33951064719725
rangeland-nov-1~+00-06-00,8665.980180140463,56.33951064719725
rangeland-nov-1~+00-07-00,8824.13740573798,56.33951064719725
rangeland-nov-1~+00-08-00,8915.117282884063,56.33951064719725
rangeland-nov-1~+00-09-00,8959.233139685914,56.33951064719725
rangeland-nov-1~+00-10-00,9044.635235398478,56.33951064719725
rangeland-nov-1~+00-11-00,9089.96330634732,56.33951064719725
rangeland-nov-1~+00-12-00,9092.417757000137,56.33951064719725
rangeland-nov-1~+00-13-00,9053.813706604407,56.33951064719725
rangeland-nov-1~+00-14-00,8985.365879132794,56.33951064719725
rangeland-nov-1~+00-15-00,8895.927956987509,56.33951064719725
rangeland-nov-1~+00-16-00,8840.55783782185,56.33951064719725
rangeland-nov-1~+00-17-00,8761.729881252306,56.33951064719725
rangeland-nov-1~+00-18-00,8681.285391832722,56.33951064719725
rangeland-nov-1~+00-19-00,8558.949241239625,56.33951064719725
rangeland-nov-1~+00-20-00,8447.004137526057,56.33951064719725
rangeland-nov-1~+00-21-00,8380.197882549413,56.33951064719725
rangeland-nov-1~+00-22-00,8341.90581595927,56.33951064719725
rangeland-nov-1~+00-23-00,8298.23082059811,56.33951064719725
rangeland-nov-1~+01-00-00,8246.23680061614,56.33951064719725
