trace,op_ems,emb_ems
rangeland-nov-3,4385.990417079072,56.21086774659671
rangeland-nov-3~+00-01-00,4407.078820065859,56.21086774659671
rangeland-nov-3~+00-02-00,4437.488449279763,56.21086774659671
rangeland-nov-3~+00-03-00,4481.913070141453,56.21086774659671
rangeland-nov-3~+00-04-00,4537.933925425421,56.21086774659671
rangeland-nov-3~+00-05-00,4607.205368151413,56.21086774659671
rangeland-nov-3~+00-06-00,4667.875240330884,56.21086774659671
rangeland-nov-3~+00-07-00,4735.32047886982,56.21086774659671
rangeland-nov-3~+00-08-00,4773.723457894638,56.21086774659671
rangeland-nov-3~+00-09-00,4830.621777812112,56.21086774659671
rangeland-nov-3~+00-10-00,4892.325246943855,56.21086774659671
rangeland-nov-3~+00-11-00,4960.999822586663,56.21086774659671
rangeland-nov-3~+00-12-00,5018.817329276896,56.21086774659671
rangeland-nov-3~+00-13-00,5056.866635823696,56.21086774659671
rangeland-nov-3~+00-14-00,5057.745151978431,56.21086774659671
rangeland-nov-3~+00-15-00,5066.335720757191,56.21086774659671
rangeland-nov-3~+00-16-00,5060.918388642477,56.21086774659671
rangeland-nov-3~+00-17-00,5031.407129137223,56.21086774659671
rangeland-nov-3~+00-18-00,4978.151428751156,56.21086774659671
rangeland-nov-3~+00-19-00,4892.372756912921,56.21086774659671
rangeland-nov-3~+00-20-00,4810.032140310329,56.21086774659671
rangeland-nov-3~+00-21-00,4761.5588015041285,56.21086774659671
rangeland-nov-3~+00-22-00,4747.61029324759,56.21086774659671
rangeland-nov-3~+00-23-00,4762.321935991251,56.21086774659671
rangeland-nov-3~+01-00-00,4798.603746341378,56.21086774659671
