trace,op_ems,emb_ems
mag-jan-3,12890.251317430577,170.30505238040828
mag-jan-3~+00-01-00,13034.203429534024,170.30505238040828
mag-jan-3~+00-02-00,13193.497239658305,170.30505238040828
mag-jan-3~+00-03-00,13363.323860668434,170.30505238040828
mag-jan-3~+00-04-00,13527.634791586017,170.30505238040828
mag-jan-3~+00-05-00,13664.445651171298,170.30505238040828
mag-jan-3~+00-06-00,13780.49190935983,170.30505238040828
mag-jan-3~+00-07-00,13902.450312984485,170.30505238040828
mag-jan-3~+00-08-00,14075.297058711038,170.30505238040828
mag-jan-3~+00-09-00,14277.190826713442,170.30505238040828
mag-jan-3~+00-10-00,14487.599418282167,170.30505238040828
mag-jan-3~+00-11-00,14672.702280272726,170.30505238040828
mag-jan-3~+00-12-00,14736.392303552931,170.30505238040828
mag-jan-3~+00-13-00,14688.320691249957,170.30505238040828
mag-jan-3~+00-14-00,14620.47918034817,170.30505238040828
mag-jan-3~+00-15-00,14572.718294354512,170.30505238040828
mag-jan-3~+00-16-00,14634.313518545336,170.30505238040828
mag-jan-3~+00-17-00,14845.63294339917,170.30505238040828
mag-jan-3~+00-18-00,15094.738829377076,170.30505238040828
mag-jan-3~+00-19-00,15243.42049918649,170.30505238040828
mag-jan-3~+00-20-00,15269.862196364304,170.30505238040828
mag-jan-3~+00-21-00,15236.64429278218,170.30505238040828
mag-jan-3~+00-22-00,15227.398720350111,170.30505238040828
mag-jan-3~+00-23-00,15327.949034530186,170.30505238040828
mag-jan-3~+01-00-00,15499.323281723793,170.30505238040828
