trace,op_ems,emb_ems
rangeland-dec-1,3139.499369580702,56.24585137653058
rangeland-dec-1~+00-01-00,3139.5479617159194,56.24585137653058
rangeland-dec-1~+00-02-00,3154.4409031404607,56.24585137653058
rangeland-dec-1~+00-03-00,3176.015173032759,56.24585137653058
rangeland-dec-1~+00-04-00,3211.2313018463133,56.24585137653058
rangeland-dec-1~+00-05-00,3237.943312570634,56.24585137653058
rangeland-dec-1~+00-06-00,3276.400738949158,56.24585137653058
rangeland-dec-1~+00-07-00,3307.0257774065376,56.24585137653058
rangeland-dec-1~+00-08-00,3333.323379063195,56.24585137653058
rangeland-dec-1~+00-09-00,3347.2041766148964,56.24585137653058
rangeland-dec-1~+00-10-00,3352.507518538861,56.24585137653058
rangeland-dec-1~+00-11-00,3345.615028181272,56.24585137653058
rangeland-dec-1~+00-12-00,3353.272617851726,56.24585137653058
rangeland-dec-1~+00-13-00,3359.385878262274,56.24585137653058
rangeland-dec-1~+00-14-00,3392.7484687086044,56.24585137653058
rangeland-dec-1~+00-15-00,3456.4171363083906,56.24585137653058
rangeland-dec-1~+00-16-00,3537.594285294768,56.24585137653058
rangeland-dec-1~+00-17-00,3623.8593854229234,56.24585137653058
rangeland-dec-1~+00-18-00,3718.7675883004977,56.24585137653058
rangeland-dec-1~+00-19-00,3824.8904262729516,56.24585137653058
rangeland-dec-1~+00-20-00,3922.643979670197,56.24585137653058
rangeland-dec-1~+00-21-00,4008.8162797753234,56.24585137653058
rangeland-dec-1~+00-22-00,4078.089951252758,56.24585137653058
rangeland-dec-1~+00-23-00,4143.300582111054,56.24585137653058
rangeland-dec-1~+01-00-00,4207.6698727296325,56.24585137653058
