trace,op_ems,emb_ems
rangeland-may-2,5885.176516853375,56.19540575328906
rangeland-may-2~+00-01-00,5910.872022727489,56.19540575328906
rangeland-may-2~+00-02-00,5793.831889109919,56.19540575328906
rangeland-may-2~+00-03-00,6106.194855112256,56.19540575328906
rangeland-may-2~+00-04-00,6440.685351039917,56.19540575328906
rangeland-may-2~+00-05-00,7313.955684232758,56.19540575328906
rangeland-may-2~+00-06-00,7830.647000594514,56.19540575328906
rangeland-may-2~+00-07-00,8235.35660122197,56.19540575328906
rangeland-may-2~+00-08-00,8691.326218947766,56.19540575328906
rangeland-may-2~+00-09-00,8779.800518490194,56.19540575328906
rangeland-may-2~+00-10-00,8860.561590724517,56.19540575328906
rangeland-may-2~+00-11-00,8980.49216083116,56.19540575328906
rangeland-may-2~+00-12-00,9085.094203098191,56.19540575328906
rangeland-may-2~+00-13-00,9109.886123326685,56.19540575328906
rangeland-may-2~+00-14-00,9003.17217988468,56.19540575328906
rangeland-may-2~+00-15-00,8915.401348395299,56.19540575328906
rangeland-may-2~+00-16-00,8762.998987414407,56.19540575328906
rangeland-may-2~+00-17-00,8387.786104372224,56.19540575328906
rangeland-may-2~+00-18-00,6833.9842865950595,56.19540575328906
rangeland-may-2~+00-19-00,5836.898714992184,56.19540575328906
rangeland-may-2~+00-20-00,4606.565714871472,56.19540575328906
rangeland-may-2~+00-21-00,3446.4606371409595,56.19540575328906
rangeland-may-2~+00-22-00,2305.9842980533635,56.19540575328906
rangeland-may-2~+00-23-00,1445.5795342250635,56.19540575328906
rangeland-may-2~+01-00-00,1339.7275524056633,56.19540575328906
