trace,op_ems,emb_ems
chipseq-may-3,2465.2599778460763,95.28231502287919
chipseq-may-3~+00-01-00,2510.693871588174,95.28231502287919
chipseq-may-3~+00-02-00,2601.9976619772606,95.28231502287919
chipseq-may-3~+00-03-00,2679.165547039783,95.28231502287919
chipseq-may-3~+00-04-00,2856.408799964158,95.28231502287919
chipseq-may-3~+00-05-00,3344.729008695308,95.28231502287919
chipseq-may-3~+00-06-00,4208.234626168527,95.28231502287919
chipseq-may-3~+00-07-00,5112.270984675609,95.28231502287919
chipseq-may-3~+00-08-00,5622.694005607914,95.28231502287919
chipseq-may-3~+00-09-00,5609.042076339054,95.28231502287919
chipseq-may-3~+00-10-00,5179.368178993035,95.28231502287919
chipseq-may-3~+00-11-00,4580.070939133651,95.28231502287919
chipseq-may-3~+00-12-00,4008.688240763806,95.28231502287919
chipseq-may-3~+00-13-00,3607.369618877743,95.28231502287919
chipseq-may-3~+00-14-00,3466.0896188654374,95.28231502287919
chipseq-may-3~+00-15-00,3558.0461030009255,95.28231502287919
chipseq-may-3~+00-16-00,3743.9503377076007,95.28231502287919
chipseq-may-3~+00-17-00,3912.7675245390815,95.28231502287919
chipseq-may-3~+00-18-00,4038.860882967681,95.28231502287919
chipseq-may-3~+00-19-00,4054.245130909757,95.28231502287919
chipseq-may-3~+00-20-00,3731.915019303271,95.28231502287919
chipseq-may-3~+00-21-00,3098.057633529104,95.28231502287919
chipseq-may-3~+00-22-00,2486.3197094840802,95.28231502287919
chipseq-may-3~+00-23-00,2108.756854974319,95.28231502287919
chipseq-may-3~+01-00-00,1940.0434394301742,95.28231502287919
