trace,op_ems,emb_ems
nanoseq-may-3,168.06711351688904,2.2520341597586646
nanoseq-may-3~+00-01-00,166.11616379212938,2.2520341597586646
nanoseq-may-3~+00-02-00,157.36561775587566,2.2520341597586646
nanoseq-may-3~+00-03-00,160.35627766125333,2.2520341597586646
nanoseq-may-3~+00-04-00,194.47071086293926,2.2520341597586646
nanoseq-may-3~+00-05-00,214.50686378560425,2.2520341597586646
nanoseq-may-3~+00-06-00,232.44597978500144,2.2520341597586646
nanoseq-may-3~+00-07-00,248.1774445060717,2.2520341597586646
nanoseq-may-3~+00-08-00,266.3684965444803,2.2520341597586646
nanoseq-may-3~+00-09-00,272.51570939440717,2.2520341597586646
nanoseq-may-3~+00-10-00,278.97425325825367,2.2520341597586646
nanoseq-may-3~+00-11-00,283.89727083797675,2.2520341597586646
nanoseq-may-3~+00-12-00,286.28299097113455,2.2520341597586646
nanoseq-may-3~+00-13-00,287.4122002439713,2.2520341597586646
nanoseq-may-3~+00-14-00,286.72368225043954,2.2520341597586646
nanoseq-may-3~+00-15-00,285.7569681381285,2.2520341597586646
nanoseq-may-3~+00-16-00,282.78819324406453,2.2520341597586646
nanoseq-may-3~+00-17-00,278.01904611446923,2.2520341597586646
nanoseq-may-3~+00-18-00,271.48486960129924,2.2520341597586646
nanoseq-may-3~+00-19-00,241.08547178504622,2.2520341597586646
nanoseq-may-3~+00-20-00,195.85227037601678,2.2520341597586646
nanoseq-may-3~+00-21-00,142.7519109668365,2.2520341597586646
nanoseq-may-3~+00-22-00,87.03890009098656,2.2520341597586646
nanoseq-may-3~+00-23-00,33.62121721114801,2.2520341597586646
nanoseq-may-3~+01-00-00,14.401615626372001,2.2520341597586646
