trace,op_ems,emb_ems
sarek-aug-1,32190.32160789352,185.156829608021
sarek-aug-1~+00-01-00,28721.770447259976,185.156829608021
sarek-aug-1~+00-02-00,28504.917709520134,185.156829608021
sarek-aug-1~+00-03-00,29186.995341201793,185.156829608021
sarek-aug-1~+00-04-00,29593.22428302838,185.156829608021
sarek-aug-1~+00-05-00,31069.48727599641,185.156829608021
sarek-aug-1~+00-06-00,32261.81997127764,185.156829608021
sarek-aug-1~+00-07-00,32202.918568186516,185.156829608021
sarek-aug-1~+00-08-00,32666.82586935937,185.156829608021
sarek-aug-1~+00-09-00,33230.748897236415,185.156829608021
sarek-aug-1~+00-10-00,33807.44979767756,185.156829608021
sarek-aug-1~+00-11-00,34188.93808026601,185.156829608021
sarek-aug-1~+00-12-00,34407.44565224762,185.156829608021
sarek-aug-1~+00-13-00,34548.19457282037,185.156829608021
sarek-aug-1~+00-14-00,34485.98863523073,185.156829608021
sarek-aug-1~+00-15-00,34038.557974131705,185.156829608021
sarek-aug-1~+00-16-00,33770.0431612432,185.156829608021
sarek-aug-1~+00-17-00,33369.48639661194,185.156829608021
sarek-aug-1~+00-18-00,33521.955883053786,185.156829608021
sarek-aug-1~+00-19-00,33355.84826690114,185.156829608021
sarek-aug-1~+00-20-00,32856.669156345284,185.156829608021
sarek-aug-1~+00-21-00,31746.402691705374,185.156829608021
sarek-aug-1~+00-22-00,31708.87617852755,185.156829608021
sarek-aug-1~+00-23-00,31451.385942551835,185.156829608021
sarek-aug-1~+01-00-00,29646.798108637024,185.156829608021
