trace,op_ems,emb_ems
chipseq-dec-3,18045.90312575867,100.15869459141447
chipseq-dec-3~+00-01-00,17986.57978702265,100.15869459141447
chipseq-dec-3~+00-02-00,18148.040202994984,100.15869459141447
chipseq-dec-3~+00-03-00,17840.689045180534,100.15869459141447
chipseq-dec-3~+00-04-00,17473.932429715813,100.15869459141447
chipseq-dec-3~+00-05-00,17318.619067396274,100.15869459141447
chipseq-dec-3~+00-06-00,17310.90289823524,100.15869459141447
chipseq-dec-3~+00-07-00,17235.66255593404,100.15869459141447
chipseq-dec-3~+00-08-00,17130.844240788476,100.15869459141447
chipseq-dec-3~+00-09-00,17132.594325729387,100.15869459141447
chipseq-dec-3~+00-10-00,17737.57687823496,100.15869459141447
chipseq-dec-3~+00-11-00,18990.617568896036,100.15869459141447
chipseq-dec-3~+00-12-00,19667.768823281087,100.15869459141447
chipseq-dec-3~+00-13-00,19711.788948616922,100.15869459141447
chipseq-dec-3~+00-14-00,19415.315802509416,100.15869459141447
chipseq-dec-3~+00-15-00,19236.078819237966,100.15869459141447
chipseq-dec-3~+00-16-00,19201.46022356543,100.15869459141447
chipseq-dec-3~+00-17-00,19360.814451139424,100.15869459141447
chipseq-dec-3~+00-18-00,19294.444577202186,100.15869459141447
chipseq-dec-3~+00-19-00,19073.390128143332,100.15869459141447
chipseq-dec-3~+00-20-00,18874.453488690928,100.15869459141447
chipseq-dec-3~+00-21-00,18405.16676210275,100.15869459141447
chipseq-dec-3~+00-22-00,18063.598946399816,100.15869459141447
chipseq-dec-3~+00-23-00,17886.909040873852,100.15869459141447
chipseq-dec-3~+01-00-00,17861.552848565872,100.15869459141447
