trace,op_ems,emb_ems
montage-nov-1,437.7008505631766,4.6572801319491965
montage-nov-1~+00-01-00,424.6856977609622,4.6572801319491965
montage-nov-1~+00-02-00,419.83797824947794,4.6572801319491965
montage-nov-1~+00-03-00,425.6982488925588,4.6572801319491965
montage-nov-1~+00-04-00,439.71996702203137,4.6572801319491965
montage-nov-1~+00-05-00,455.6426097561958,4.6572801319491965
montage-nov-1~+00-06-00,465.0960095345819,4.6572801319491965
montage-nov-1~+00-07-00,468.83898243092415,4.6572801319491965
montage-nov-1~+00-08-00,469.8892711525126,4.6572801319491965
montage-nov-1~+00-09-00,473.9139673451722,4.6572801319491965
montage-nov-1~+00-10-00,477.9049879898254,4.6572801319491965
montage-nov-1~+00-11-00,482.2036295641857,4.6572801319491965
montage-nov-1~+00-12-00,500.52013038630616,4.6572801319491965
montage-nov-1~+00-13-00,508.0010630384041,4.6572801319491965
montage-nov-1~+00-14-00,510.9514319502935,4.6572801319491965
montage-nov-1~+00-15-00,511.99219718000865,4.6572801319491965
montage-nov-1~+00-16-00,515.8246745552287,4.6572801319491965
montage-nov-1~+00-17-00,514.627443042973,4.6572801319491965
montage-nov-1~+00-18-00,508.37011735795403,4.6572801319491965
montage-nov-1~+00-19-00,494.9934793193403,4.6572801319491965
montage-nov-1~+00-20-00,469.1613874179071,4.6572801319491965
montage-nov-1~+00-21-00,467.5393555058089,4.6572801319491965
montage-nov-1~+00-22-00,463.20537111981275,4.6572801319491965
montage-nov-1~+00-23-00,457.5460789537565,4.6572801319491965
montage-nov-1~+01-00-00,448.63450582080696,4.6572801319491965
