trace,op_ems,emb_ems
montage-sep-3,134.57608152872234,3.9090470464800857
montage-sep-3~+00-01-00,125.69194083945615,3.9090470464800857
montage-sep-3~+00-02-00,115.2903753568897,3.9090470464800857
montage-sep-3~+00-03-00,104.3547441649494,3.9090470464800857
montage-sep-3~+00-04-00,98.34438562612333,3.9090470464800857
montage-sep-3~+00-05-00,104.07499546003935,3.9090470464800857
montage-sep-3~+00-06-00,116.54500591224404,3.9090470464800857
montage-sep-3~+00-07-00,131.0410751666766,3.9090470464800857
montage-sep-3~+00-08-00,140.56948560058422,3.9090470464800857
montage-sep-3~+00-09-00,145.04546487914584,3.9090470464800857
montage-sep-3~+00-10-00,153.14122285457455,3.9090470464800857
montage-sep-3~+00-11-00,145.97796056217948,3.9090470464800857
montage-sep-3~+00-12-00,144.55378533718272,3.9090470464800857
montage-sep-3~+00-13-00,149.67403436038558,3.9090470464800857
montage-sep-3~+00-14-00,145.0285104121815,3.9090470464800857
montage-sep-3~+00-15-00,142.0445242264738,3.9090470464800857
montage-sep-3~+00-16-00,140.81532537156568,3.9090470464800857
montage-sep-3~+00-17-00,140.0608515916567,3.9090470464800857
montage-sep-3~+00-18-00,145.20653231530622,3.9090470464800857
montage-sep-3~+00-19-00,158.11735890858125,3.9090470464800857
montage-sep-3~+00-20-00,190.42409570895697,3.9090470464800857
montage-sep-3~+00-21-00,205.27620876963852,3.9090470464800857
montage-sep-3~+00-22-00,210.94747796917986,3.9090470464800857
montage-sep-3~+00-23-00,180.04796192683688,3.9090470464800857
montage-sep-3~+01-00-00,154.77732891662447,3.9090470464800857
