trace,op_ems,emb_ems
rangeland-nov-1,4388.087501676713,56.24585137653058
rangeland-nov-1~+00-01-00,4409.259817202182,56.24585137653058
rangeland-nov-1~+00-02-00,4439.849737771654,56.24585137653058
rangeland-nov-1~+00-03-00,4484.331620383958,56.24585137653058
rangeland-nov-1~+00-04-00,4540.360708676181,56.24585137653058
rangeland-nov-1~+00-05-00,4609.758951040136,56.24585137653058
rangeland-nov-1~+00-06-00,4670.455108910769,56.24585137653058
rangeland-nov-1~+00-07-00,4738.04069850227,56.24585137653058
rangeland-nov-1~+00-08-00,4776.177936713535,56.24585137653058
rangeland-nov-1~+00-09-00,4833.256569087603,56.24585137653058
rangeland-nov-1~+00-10-00,4894.98836706299,56.24585137653058
rangeland-nov-1~+00-11-00,4963.682147013417,56.24585137653058
rangeland-nov-1~+00-12-00,5021.498734515666,56.24585137653058
rangeland-nov-1~+00-13-00,5059.338808875337,56.24585137653058
rangeland-nov-1~+00-14-00,5060.07408236774,56.24585137653058
rangeland-nov-1~+00-15-00,5068.460046112394,56.24585137653058
rangeland-nov-1~+00-16-00,5062.924155756376,56.24585137653058
rangeland-nov-1~+00-17-00,5033.140234382998,56.24585137653058
rangeland-nov-1~+00-18-00,4979.633112688112,56.24585137653058
rangeland-nov-1~+00-19-00,4893.605124526928,56.24585137653058
rangeland-nov-1~+00-20-00,4811.374939411289,56.24585137653058
rangeland-nov-1~+00-21-00,4763.135684275687,56.24585137653058
rangeland-nov-1~+00-22-00,4749.527266550612,56.24585137653058
rangeland-nov-1~+00-23-00,4764.654340016206,56.24585137653058
rangeland-nov-1~+01-00-00,4801.1942153673335,56.24585137653058
