trace,op_ems,emb_ems
nanoseq-may-2,39.103810979211154,2.2810001647780567
nanoseq-may-2~+00-01-00,40.26750038706661,2.2810001647780567
nanoseq-may-2~+00-02-00,43.2431834716206,2.2810001647780567
nanoseq-may-2~+00-03-00,49.23307726016983,2.2810001647780567
nanoseq-may-2~+00-04-00,57.946632843966995,2.2810001647780567
nanoseq-may-2~+00-05-00,68.0260201896551,2.2810001647780567
nanoseq-may-2~+00-06-00,77.21694765668383,2.2810001647780567
nanoseq-may-2~+00-07-00,82.19450268147976,2.2810001647780567
nanoseq-may-2~+00-08-00,81.38538600990394,2.2810001647780567
nanoseq-may-2~+00-09-00,75.92390308812655,2.2810001647780567
nanoseq-may-2~+00-10-00,68.24073436110548,2.2810001647780567
nanoseq-may-2~+00-11-00,61.37010950464637,2.2810001647780567
nanoseq-may-2~+00-12-00,56.91879822189551,2.2810001647780567
nanoseq-may-2~+00-13-00,55.312672342949284,2.2810001647780567
nanoseq-may-2~+00-14-00,55.8732413266429,2.2810001647780567
nanoseq-may-2~+00-15-00,58.10643911608588,2.2810001647780567
nanoseq-may-2~+00-16-00,60.50370951667643,2.2810001647780567
nanoseq-may-2~+00-17-00,60.619948743754605,2.2810001647780567
nanoseq-may-2~+00-18-00,57.6825020515705,2.2810001647780567
nanoseq-may-2~+00-19-00,52.65179812572897,2.2810001647780567
nanoseq-may-2~+00-20-00,45.6452572088363,2.2810001647780567
nanoseq-may-2~+00-21-00,38.34987556241139,2.2810001647780567
nanoseq-may-2~+00-22-00,33.103306102674075,2.2810001647780567
nanoseq-may-2~+00-23-00,30.58947921323935,2.2810001647780567
nanoseq-may-2~+01-00-00,30.02275544608508,2.2810001647780567
