trace,op_ems,emb_ems
sarek-dec-2,32146.07694585886,185.95754100781198
sarek-dec-2~+00-01-00,32007.508600286004,185.95754100781198
sarek-dec-2~+00-02-00,31615.052769199847,185.95754100781198
sarek-dec-2~+00-03-00,31198.66493582203,185.95754100781198
sarek-dec-2~+00-04-00,31079.24000734055,185.95754100781198
sarek-dec-2~+00-05-00,30861.118364042242,185.95754100781198
sarek-dec-2~+00-06-00,30623.447398824217,185.95754100781198
sarek-dec-2~+00-07-00,30439.243328777113,185.95754100781198
sarek-dec-2~+00-08-00,31066.341600329717,185.95754100781198
sarek-dec-2~+00-09-00,32332.143615281955,185.95754100781198
sarek-dec-2~+00-10-00,33581.905054758114,185.95754100781198
sarek-dec-2~+00-11-00,34370.235338859995,185.95754100781198
sarek-dec-2~+00-12-00,34732.31764614695,185.95754100781198
sarek-dec-2~+00-13-00,34658.67394909622,185.95754100781198
sarek-dec-2~+00-14-00,34403.45280472498,185.95754100781198
sarek-dec-2~+00-15-00,34386.36358183211,185.95754100781198
sarek-dec-2~+00-16-00,34352.70572342173,185.95754100781198
sarek-dec-2~+00-17-00,34259.34428333484,185.95754100781198
sarek-dec-2~+00-18-00,33933.53329555482,185.95754100781198
sarek-dec-2~+00-19-00,33405.07709038724,185.95754100781198
sarek-dec-2~+00-20-00,32851.16356582623,185.95754100781198
sarek-dec-2~+00-21-00,32362.238812428084,185.95754100781198
sarek-dec-2~+00-22-00,31993.898367445512,185.95754100781198
sarek-dec-2~+00-23-00,31842.45633907567,185.95754100781198
sarek-dec-2~+01-00-00,31904.692065100113,185.95754100781198
