trace,op_ems,emb_ems
rnaseq-oct-1,5059.601968913545,60.34201273201991
rnaseq-oct-1~+00-01-00,5051.0812769975455,60.34201273201991
rnaseq-oct-1~+00-02-00,5114.387489816805,60.34201273201991
rnaseq-oct-1~+00-03-00,5253.334496557271,60.34201273201991
rnaseq-oct-1~+00-04-00,5507.084129406568,60.34201273201991
rnaseq-oct-1~+00-05-00,5855.377411770741,60.34201273201991
rnaseq-oct-1~+00-06-00,6218.308427063277,60.34201273201991
rnaseq-oct-1~+00-07-00,6476.768000794223,60.34201273201991
rnaseq-oct-1~+00-08-00,6591.821932345028,60.34201273201991
rnaseq-oct-1~+00-09-00,6628.82137154417,60.34201273201991
rnaseq-oct-1~+00-10-00,6672.252465047002,60.34201273201991
rnaseq-oct-1~+00-11-00,6699.2456598931,60.34201273201991
rnaseq-oct-1~+00-12-00,6694.040148528206,60.34201273201991
rnaseq-oct-1~+00-13-00,6646.406082747587,60.34201273201991
rnaseq-oct-1~+00-14-00,6621.632022810386,60.34201273201991
rnaseq-oct-1~+00-15-00,6567.708880358023,60.34201273201991
rnaseq-oct-1~+00-16-00,6456.380769909748,60.34201273201991
rnaseq-oct-1~+00-17-00,6355.3527478775695,60.34201273201991
rnaseq-oct-1~+00-18-00,6310.233789027286,60.34201273201991
rnaseq-oct-1~+00-19-00,6277.662278180502,60.34201273201991
rnaseq-oct-1~+00-20-00,6212.584242922395,60.34201273201991
rnaseq-oct-1~+00-21-00,5956.886023524283,60.34201273201991
rnaseq-oct-1~+00-22-00,5470.286907567919,60.34201273201991
rnaseq-oct-1~+00-23-00,4959.706163700378,60.34201273201991
rnaseq-oct-1~+01-00-00,4560.954983879776,60.34201273201991
