trace,op_ems,emb_ems
montage-sep-1,165.905373258023,4.6572801319491965
montage-sep-1~+00-01-00,152.62852247818154,4.6572801319491965
montage-sep-1~+00-02-00,140.14651951239796,4.6572801319491965
montage-sep-1~+00-03-00,126.95358237794849,4.6572801319491965
montage-sep-1~+00-04-00,119.35811472736383,4.6572801319491965
montage-sep-1~+00-05-00,125.51513560458748,4.6572801319491965
montage-sep-1~+00-06-00,140.1545391733251,4.6572801319491965
montage-sep-1~+00-07-00,157.5558495709696,4.6572801319491965
montage-sep-1~+00-08-00,169.40969477549132,4.6572801319491965
montage-sep-1~+00-09-00,175.1575074069785,4.6572801319491965
montage-sep-1~+00-10-00,184.71154567127064,4.6572801319491965
montage-sep-1~+00-11-00,177.05373779678493,4.6572801319491965
montage-sep-1~+00-12-00,174.95218995833187,4.6572801319491965
montage-sep-1~+00-13-00,180.7138900211808,4.6572801319491965
montage-sep-1~+00-14-00,175.73906123445352,4.6572801319491965
montage-sep-1~+00-15-00,172.01983975220003,4.6572801319491965
montage-sep-1~+00-16-00,170.41712608229307,4.6572801319491965
montage-sep-1~+00-17-00,169.47314953799,4.6572801319491965
montage-sep-1~+00-18-00,175.30813769969336,4.6572801319491965
montage-sep-1~+00-19-00,190.41306648192997,4.6572801319491965
montage-sep-1~+00-20-00,228.21239794566893,4.6572801319491965
montage-sep-1~+00-21-00,247.3302113418574,4.6572801319491965
montage-sep-1~+00-22-00,254.7963905830504,4.6572801319491965
montage-sep-1~+00-23-00,219.83291459786557,4.6572801319491965
montage-sep-1~+01-00-00,188.89298735189507,4.6572801319491965
