trace,op_ems,emb_ems
nanoseq-jun-3,252.68414624901843,2.2520341597586646
nanoseq-jun-3~+00-01-00,246.62869341854253,2.2520341597586646
nanoseq-jun-3~+00-02-00,246.68829186409286,2.2520341597586646
nanoseq-jun-3~+00-03-00,245.95931127929956,2.2520341597586646
nanoseq-jun-3~+00-04-00,245.8630153331608,2.2520341597586646
nanoseq-jun-3~+00-05-00,259.4714052292596,2.2520341597586646
nanoseq-jun-3~+00-06-00,258.9527058479492,2.2520341597586646
nanoseq-jun-3~+00-07-00,259.7233980314517,2.2520341597586646
nanoseq-jun-3~+00-08-00,263.62682257366873,2.2520341597586646
nanoseq-jun-3~+00-09-00,269.64180503218194,2.2520341597586646
nanoseq-jun-3~+00-10-00,276.32025438146,2.2520341597586646
nanoseq-jun-3~+00-11-00,282.2156122740467,2.2520341597586646
nanoseq-jun-3~+00-12-00,286.73883083491756,2.2520341597586646
nanoseq-jun-3~+00-13-00,288.30255951541255,2.2520341597586646
nanoseq-jun-3~+00-14-00,289.58540976242676,2.2520341597586646
nanoseq-jun-3~+00-15-00,288.0323867063345,2.2520341597586646
nanoseq-jun-3~+00-16-00,283.30067942037863,2.2520341597586646
nanoseq-jun-3~+00-17-00,276.94664857209216,2.2520341597586646
nanoseq-jun-3~+00-18-00,270.68812378141786,2.2520341597586646
nanoseq-jun-3~+00-19-00,265.7429109890337,2.2520341597586646
nanoseq-jun-3~+00-20-00,264.74261557372074,2.2520341597586646
nanoseq-jun-3~+00-21-00,260.11090663247376,2.2520341597586646
nanoseq-jun-3~+00-22-00,249.2605988247736,2.2520341597586646
nanoseq-jun-3~+00-23-00,222.72404296017484,2.2520341597586646
nanoseq-jun-3~+01-00-00,196.96986409637483,2.2520341597586646
