trace,op_ems,emb_ems
sarek-aug-1,4446.195637999377,180.2085610425426
sarek-aug-1~+00-01-00,4505.959175645709,180.2085610425426
sarek-aug-1~+00-02-00,5003.911064968406,180.2085610425426
sarek-aug-1~+00-03-00,6352.972477192087,180.2085610425426
sarek-aug-1~+00-04-00,8436.413621347596,180.2085610425426
sarek-aug-1~+00-05-00,10914.037976551477,180.2085610425426
sarek-aug-1~+00-06-00,13267.88847174236,180.2085610425426
sarek-aug-1~+00-07-00,14931.734117734895,180.2085610425426
sarek-aug-1~+00-08-00,15759.333974512823,180.2085610425426
sarek-aug-1~+00-09-00,15805.702523478029,180.2085610425426
sarek-aug-1~+00-10-00,15445.769254367035,180.2085610425426
sarek-aug-1~+00-11-00,14997.059443133412,180.2085610425426
sarek-aug-1~+00-12-00,14604.019468141414,180.2085610425426
sarek-aug-1~+00-13-00,14206.08091025157,180.2085610425426
sarek-aug-1~+00-14-00,13908.594429654393,180.2085610425426
sarek-aug-1~+00-15-00,13748.283781864744,180.2085610425426
sarek-aug-1~+00-16-00,13623.379206868734,180.2085610425426
sarek-aug-1~+00-17-00,13450.18177438661,180.2085610425426
sarek-aug-1~+00-18-00,13032.981987241079,180.2085610425426
sarek-aug-1~+00-19-00,12069.145938403413,180.2085610425426
sarek-aug-1~+00-20-00,10539.877147056195,180.2085610425426
sarek-aug-1~+00-21-00,8830.686581518728,180.2085610425426
sarek-aug-1~+00-22-00,7246.2448008709935,180.2085610425426
sarek-aug-1~+00-23-00,5995.786185254756,180.2085610425426
sarek-aug-1~+01-00-00,5278.250386736614,180.2085610425426
