trace,op_ems,emb_ems
rangeland-aug-2,7868.956062817927,56.19540575328906
rangeland-aug-2~+00-01-00,7863.68068410616,56.19540575328906
rangeland-aug-2~+00-02-00,7821.807066023316,56.19540575328906
rangeland-aug-2~+00-03-00,7763.924638719836,56.19540575328906
rangeland-aug-2~+00-04-00,7723.939804871826,56.19540575328906
rangeland-aug-2~+00-05-00,8053.71245957662,56.19540575328906
rangeland-aug-2~+00-06-00,8467.679445901298,56.19540575328906
rangeland-aug-2~+00-07-00,8512.95699121768,56.19540575328906
rangeland-aug-2~+00-08-00,8580.843135865653,56.19540575328906
rangeland-aug-2~+00-09-00,8667.01105744865,56.19540575328906
rangeland-aug-2~+00-10-00,8727.278909507626,56.19540575328906
rangeland-aug-2~+00-11-00,8846.46405274669,56.19540575328906
rangeland-aug-2~+00-12-00,8922.644366381994,56.19540575328906
rangeland-aug-2~+00-13-00,8838.91144722162,56.19540575328906
rangeland-aug-2~+00-14-00,8795.883311158203,56.19540575328906
rangeland-aug-2~+00-15-00,8712.387427365424,56.19540575328906
rangeland-aug-2~+00-16-00,8747.93616963162,56.19540575328906
rangeland-aug-2~+00-17-00,8676.16709527851,56.19540575328906
rangeland-aug-2~+00-18-00,8566.821889409053,56.19540575328906
rangeland-aug-2~+00-19-00,8373.110797416526,56.19540575328906
rangeland-aug-2~+00-20-00,8399.271238795518,56.19540575328906
rangeland-aug-2~+00-21-00,8378.383264985683,56.19540575328906
rangeland-aug-2~+00-22-00,8125.534665016953,56.19540575328906
rangeland-aug-2~+00-23-00,8035.902676666391,56.19540575328906
rangeland-aug-2~+01-00-00,8109.656650135825,56.19540575328906
