trace,op_ems,emb_ems
rnaseq-feb-3,11666.746307243588,64.60281226683885
rnaseq-feb-3~+00-01-00,11723.53508066173,64.60281226683885
rnaseq-feb-3~+00-02-00,11750.689496085004,64.60281226683885
rnaseq-feb-3~+00-03-00,11721.993810708367,64.60281226683885
rnaseq-feb-3~+00-04-00,11684.97155516496,64.60281226683885
rnaseq-feb-3~+00-05-00,11563.583753200262,64.60281226683885
rnaseq-feb-3~+00-06-00,11352.234855724648,64.60281226683885
rnaseq-feb-3~+00-07-00,11489.196659626952,64.60281226683885
rnaseq-feb-3~+00-08-00,11887.164679447822,64.60281226683885
rnaseq-feb-3~+00-09-00,12150.77426036361,64.60281226683885
rnaseq-feb-3~+00-10-00,12301.483454410234,64.60281226683885
rnaseq-feb-3~+00-11-00,12414.280126592814,64.60281226683885
rnaseq-feb-3~+00-12-00,12489.255238807673,64.60281226683885
rnaseq-feb-3~+00-13-00,12372.327090560915,64.60281226683885
rnaseq-feb-3~+00-14-00,12185.65483457296,64.60281226683885
rnaseq-feb-3~+00-15-00,12072.672335180312,64.60281226683885
rnaseq-feb-3~+00-16-00,12095.648976485258,64.60281226683885
rnaseq-feb-3~+00-17-00,12121.351422753834,64.60281226683885
rnaseq-feb-3~+00-18-00,12083.861460204727,64.60281226683885
rnaseq-feb-3~+00-19-00,11995.04514754538,64.60281226683885
rnaseq-feb-3~+00-20-00,11871.415904479938,64.60281226683885
rnaseq-feb-3~+00-21-00,11703.37453090535,64.60281226683885
rnaseq-feb-3~+00-22-00,11627.546371991628,64.60281226683885
rnaseq-feb-3~+00-23-00,11658.419003477447,64.60281226683885
rnaseq-feb-3~+01-00-00,11666.462369565697,64.60281226683885
