trace,op_ems,emb_ems
montage-nov-3,731.0320463235881,4.459453342142623
montage-nov-3~+00-01-00,707.7573648158736,4.459453342142623
montage-nov-3~+00-02-00,702.2098456820994,4.459453342142623
montage-nov-3~+00-03-00,717.8470920194883,4.459453342142623
montage-nov-3~+00-04-00,725.1915394459755,4.459453342142623
montage-nov-3~+00-05-00,728.9428323299879,4.459453342142623
montage-nov-3~+00-06-00,705.0876645451278,4.459453342142623
montage-nov-3~+00-07-00,702.0657222298704,4.459453342142623
montage-nov-3~+00-08-00,699.4864995083389,4.459453342142623
montage-nov-3~+00-09-00,681.0534988227561,4.459453342142623
montage-nov-3~+00-10-00,673.3050513451454,4.459453342142623
montage-nov-3~+00-11-00,679.3054832243781,4.459453342142623
montage-nov-3~+00-12-00,746.5496905358544,4.459453342142623
montage-nov-3~+00-13-00,763.005835972566,4.459453342142623
montage-nov-3~+00-14-00,792.9486093639963,4.459453342142623
montage-nov-3~+00-15-00,752.9371003436224,4.459453342142623
montage-nov-3~+00-16-00,769.8053664236945,4.459453342142623
montage-nov-3~+00-17-00,767.0744292967593,4.459453342142623
montage-nov-3~+00-18-00,756.0353189988743,4.459453342142623
montage-nov-3~+00-19-00,761.2109451596694,4.459453342142623
montage-nov-3~+00-20-00,737.7505749511217,4.459453342142623
montage-nov-3~+00-21-00,747.5124108068494,4.459453342142623
montage-nov-3~+00-22-00,745.9096941178861,4.459453342142623
montage-nov-3~+00-23-00,742.6768637066315,4.459453342142623
montage-nov-3~+01-00-00,727.4335816950373,4.459453342142623
