trace,op_ems,emb_ems
rangeland-mar-1,2865.927616172162,56.24585137653058
rangeland-mar-1~+00-01-00,3103.220420068797,56.24585137653058
rangeland-mar-1~+00-02-00,3408.1163621968217,56.24585137653058
rangeland-mar-1~+00-03-00,3728.4847438407655,56.24585137653058
rangeland-mar-1~+00-04-00,4074.7585340870396,56.24585137653058
rangeland-mar-1~+00-05-00,4372.077128137873,56.24585137653058
rangeland-mar-1~+00-06-00,4609.459115641184,56.24585137653058
rangeland-mar-1~+00-07-00,4778.551548105715,56.24585137653058
rangeland-mar-1~+00-08-00,4896.200753799536,56.24585137653058
rangeland-mar-1~+00-09-00,4981.909238680028,56.24585137653058
rangeland-mar-1~+00-10-00,5057.200700879955,56.24585137653058
rangeland-mar-1~+00-11-00,5077.005786004607,56.24585137653058
rangeland-mar-1~+00-12-00,5096.4800154796,56.24585137653058
rangeland-mar-1~+00-13-00,5138.688629347444,56.24585137653058
rangeland-mar-1~+00-14-00,5170.230809088563,56.24585137653058
rangeland-mar-1~+00-15-00,5185.7770341456235,56.24585137653058
rangeland-mar-1~+00-16-00,5149.05322012558,56.24585137653058
rangeland-mar-1~+00-17-00,5098.295315416095,56.24585137653058
rangeland-mar-1~+00-18-00,5033.278717257638,56.24585137653058
rangeland-mar-1~+00-19-00,4950.050049926194,56.24585137653058
rangeland-mar-1~+00-20-00,4859.863792939615,56.24585137653058
rangeland-mar-1~+00-21-00,4784.145853623038,56.24585137653058
rangeland-mar-1~+00-22-00,4728.359735779775,56.24585137653058
rangeland-mar-1~+00-23-00,4730.279707323056,56.24585137653058
rangeland-mar-1~+01-00-00,4792.464262937296,56.24585137653058
