trace,op_ems,emb_ems
chipseq-mar-1,18207.71666442732,100.71517209432965
chipseq-mar-1~+00-01-00,18257.976602398714,100.71517209432965
chipseq-mar-1~+00-02-00,18412.345362701104,100.71517209432965
chipseq-mar-1~+00-03-00,18611.921786649535,100.71517209432965
chipseq-mar-1~+00-04-00,18849.67297713913,100.71517209432965
chipseq-mar-1~+00-05-00,18740.965616292047,100.71517209432965
chipseq-mar-1~+00-06-00,18356.181128766966,100.71517209432965
chipseq-mar-1~+00-07-00,18346.889164439002,100.71517209432965
chipseq-mar-1~+00-08-00,18403.859850725003,100.71517209432965
chipseq-mar-1~+00-09-00,19039.31092840489,100.71517209432965
chipseq-mar-1~+00-10-00,19526.407753929037,100.71517209432965
chipseq-mar-1~+00-11-00,19691.378704567847,100.71517209432965
chipseq-mar-1~+00-12-00,19557.797540738236,100.71517209432965
chipseq-mar-1~+00-13-00,19170.650665541805,100.71517209432965
chipseq-mar-1~+00-14-00,18641.88016525549,100.71517209432965
chipseq-mar-1~+00-15-00,18323.442720297284,100.71517209432965
chipseq-mar-1~+00-16-00,18716.466506939174,100.71517209432965
chipseq-mar-1~+00-17-00,18973.21224278929,100.71517209432965
chipseq-mar-1~+00-18-00,18853.974487926564,100.71517209432965
chipseq-mar-1~+00-19-00,18600.780983871704,100.71517209432965
chipseq-mar-1~+00-20-00,18288.75945218896,100.71517209432965
chipseq-mar-1~+00-21-00,18144.133966241076,100.71517209432965
chipseq-mar-1~+00-22-00,18061.12583439433,100.71517209432965
chipseq-mar-1~+00-23-00,18091.15749171487,100.71517209432965
chipseq-mar-1~+01-00-00,18077.414391542694,100.71517209432965
