trace,op_ems,emb_ems
rangeland-oct-1,4073.1666307725623,56.24585137653058
rangeland-oct-1~+00-01-00,4211.536679405798,56.24585137653058
rangeland-oct-1~+00-02-00,4385.045191191289,56.24585137653058
rangeland-oct-1~+00-03-00,4543.470249394701,56.24585137653058
rangeland-oct-1~+00-04-00,4710.220984955809,56.24585137653058
rangeland-oct-1~+00-05-00,4854.9039576884325,56.24585137653058
rangeland-oct-1~+00-06-00,4985.926676191258,56.24585137653058
rangeland-oct-1~+00-07-00,5065.820566340508,56.24585137653058
rangeland-oct-1~+00-08-00,5096.728544283258,56.24585137653058
rangeland-oct-1~+00-09-00,5103.171756824353,56.24585137653058
rangeland-oct-1~+00-10-00,5105.670752561036,56.24585137653058
rangeland-oct-1~+00-11-00,5069.709620380961,56.24585137653058
rangeland-oct-1~+00-12-00,5036.038254264436,56.24585137653058
rangeland-oct-1~+00-13-00,4989.333536466731,56.24585137653058
rangeland-oct-1~+00-14-00,4942.780905225237,56.24585137653058
rangeland-oct-1~+00-15-00,4905.126761456662,56.24585137653058
rangeland-oct-1~+00-16-00,4835.074257025103,56.24585137653058
rangeland-oct-1~+00-17-00,4675.116931672474,56.24585137653058
rangeland-oct-1~+00-18-00,4498.934126973404,56.24585137653058
rangeland-oct-1~+00-19-00,4296.947584280032,56.24585137653058
rangeland-oct-1~+00-20-00,4051.466512961777,56.24585137653058
rangeland-oct-1~+00-21-00,3785.69401505928,56.24585137653058
rangeland-oct-1~+00-22-00,3535.4279822465305,56.24585137653058
rangeland-oct-1~+00-23-00,3395.8669633080285,56.24585137653058
rangeland-oct-1~+01-00-00,3355.44618344819,56.24585137653058
