trace,op_ems,emb_ems
nanoseq-apr-3,263.2348822311513,2.2520341597586646
nanoseq-apr-3~+00-01-00,263.99530670945285,2.2520341597586646
nanoseq-apr-3~+00-02-00,266.75301553541334,2.2520341597586646
nanoseq-apr-3~+00-03-00,269.1313364088163,2.2520341597586646
nanoseq-apr-3~+00-04-00,267.53809217159846,2.2520341597586646
nanoseq-apr-3~+00-05-00,267.3328354113322,2.2520341597586646
nanoseq-apr-3~+00-06-00,268.04170659600555,2.2520341597586646
nanoseq-apr-3~+00-07-00,268.0945202763005,2.2520341597586646
nanoseq-apr-3~+00-08-00,270.7842741122287,2.2520341597586646
nanoseq-apr-3~+00-09-00,277.3873520169461,2.2520341597586646
nanoseq-apr-3~+00-10-00,281.02192735385967,2.2520341597586646
nanoseq-apr-3~+00-11-00,281.92220915515594,2.2520341597586646
nanoseq-apr-3~+00-12-00,281.61494385926574,2.2520341597586646
nanoseq-apr-3~+00-13-00,279.93222037215287,2.2520341597586646
nanoseq-apr-3~+00-14-00,278.82713174774517,2.2520341597586646
nanoseq-apr-3~+00-15-00,276.7323377438585,2.2520341597586646
nanoseq-apr-3~+00-16-00,273.40841596089837,2.2520341597586646
nanoseq-apr-3~+00-17-00,271.2271906876325,2.2520341597586646
nanoseq-apr-3~+00-18-00,269.71263461438144,2.2520341597586646
nanoseq-apr-3~+00-19-00,267.5160258692562,2.2520341597586646
nanoseq-apr-3~+00-20-00,268.07827714422876,2.2520341597586646
nanoseq-apr-3~+00-21-00,270.28777358338226,2.2520341597586646
nanoseq-apr-3~+00-22-00,268.98171661708795,2.2520341597586646
nanoseq-apr-3~+00-23-00,267.9832020931164,2.2520341597586646
nanoseq-apr-3~+01-00-00,258.5158066958818,2.2520341597586646
