trace,op_ems,emb_ems
montage-may-3,196.221440924043,4.459453342142623
montage-may-3~+00-01-00,0.0,4.459453342142623
montage-may-3~+00-02-00,0.0,4.459453342142623
montage-may-3~+00-03-00,0.0,4.459453342142623
montage-may-3~+00-04-00,0.0,4.459453342142623
montage-may-3~+00-05-00,2.1116633013144432,4.459453342142623
montage-may-3~+00-06-00,209.48209201927457,4.459453342142623
montage-may-3~+00-07-00,541.1262454554122,4.459453342142623
montage-may-3~+00-08-00,736.0847107301721,4.459453342142623
montage-may-3~+00-09-00,728.0840827677857,4.459453342142623
montage-may-3~+00-10-00,731.0522149433914,4.459453342142623
montage-may-3~+00-11-00,744.0326280460154,4.459453342142623
montage-may-3~+00-12-00,771.6468075533596,4.459453342142623
montage-may-3~+00-13-00,788.7312081698701,4.459453342142623
montage-may-3~+00-14-00,808.3567219980832,4.459453342142623
montage-may-3~+00-15-00,814.7350345328214,4.459453342142623
montage-may-3~+00-16-00,798.8025148942986,4.459453342142623
montage-may-3~+00-17-00,794.8884259760897,4.459453342142623
montage-may-3~+00-18-00,821.807638380432,4.459453342142623
montage-may-3~+00-19-00,782.9068323924438,4.459453342142623
montage-may-3~+00-20-00,741.959523041364,4.459453342142623
montage-may-3~+00-21-00,730.1004450213441,4.459453342142623
montage-may-3~+00-22-00,719.272060693494,4.459453342142623
montage-may-3~+00-23-00,723.0711359404726,4.459453342142623
montage-may-3~+01-00-00,197.0584610864247,4.459453342142623
