trace,op_ems,emb_ems
sarek-jun-3,29591.606332238265,183.31733251806511
sarek-jun-3~+00-01-00,29419.128150395063,183.31733251806511
sarek-jun-3~+00-02-00,29881.13223976269,183.31733251806511
sarek-jun-3~+00-03-00,30230.152807114184,183.31733251806511
sarek-jun-3~+00-04-00,30848.547111739048,183.31733251806511
sarek-jun-3~+00-05-00,31474.47740898308,183.31733251806511
sarek-jun-3~+00-06-00,31510.063478184922,183.31733251806511
sarek-jun-3~+00-07-00,31594.544702943786,183.31733251806511
sarek-jun-3~+00-08-00,32133.58444987891,183.31733251806511
sarek-jun-3~+00-09-00,32843.93747904166,183.31733251806511
sarek-jun-3~+00-10-00,33538.675275771224,183.31733251806511
sarek-jun-3~+00-11-00,34207.4695609491,183.31733251806511
sarek-jun-3~+00-12-00,34774.174062087026,183.31733251806511
sarek-jun-3~+00-13-00,35089.278742447284,183.31733251806511
sarek-jun-3~+00-14-00,35218.1435982238,183.31733251806511
sarek-jun-3~+00-15-00,35111.87825056067,183.31733251806511
sarek-jun-3~+00-16-00,34310.22439420497,183.31733251806511
sarek-jun-3~+00-17-00,33531.39514946792,183.31733251806511
sarek-jun-3~+00-18-00,32839.70671404574,183.31733251806511
sarek-jun-3~+00-19-00,32416.963609486396,183.31733251806511
sarek-jun-3~+00-20-00,32220.855474638323,183.31733251806511
sarek-jun-3~+00-21-00,31008.502192968932,183.31733251806511
sarek-jun-3~+00-22-00,29834.65082847479,183.31733251806511
sarek-jun-3~+00-23-00,26404.83220902098,183.31733251806511
sarek-jun-3~+01-00-00,23975.254293238817,183.31733251806511
