trace,op_ems,emb_ems
rangeland-jan-3,8252.255324768103,56.305479409080235
rangeland-jan-3~+00-01-00,8263.708898277153,56.305479409080235
rangeland-jan-3~+00-02-00,8307.668727353413,56.305479409080235
rangeland-jan-3~+00-03-00,8356.846081934475,56.305479409080235
rangeland-jan-3~+00-04-00,8410.83394544856,56.305479409080235
rangeland-jan-3~+00-05-00,8430.840509407806,56.305479409080235
rangeland-jan-3~+00-06-00,8456.398599384189,56.305479409080235
rangeland-jan-3~+00-07-00,8530.413155383198,56.305479409080235
rangeland-jan-3~+00-08-00,8568.517244970852,56.305479409080235
rangeland-jan-3~+00-09-00,8631.717089228181,56.305479409080235
rangeland-jan-3~+00-10-00,8722.504608506268,56.305479409080235
rangeland-jan-3~+00-11-00,8765.595413617453,56.305479409080235
rangeland-jan-3~+00-12-00,8770.640327136398,56.305479409080235
rangeland-jan-3~+00-13-00,8766.277777558751,56.305479409080235
rangeland-jan-3~+00-14-00,8699.954222207496,56.305479409080235
rangeland-jan-3~+00-15-00,8667.987868854512,56.305479409080235
rangeland-jan-3~+00-16-00,8622.395748060704,56.305479409080235
rangeland-jan-3~+00-17-00,8569.214398839433,56.305479409080235
rangeland-jan-3~+00-18-00,8535.279083421017,56.305479409080235
rangeland-jan-3~+00-19-00,8424.845838148789,56.305479409080235
rangeland-jan-3~+00-20-00,8391.504622248267,56.305479409080235
rangeland-jan-3~+00-21-00,8365.395769035535,56.305479409080235
rangeland-jan-3~+00-22-00,8313.070104942935,56.305479409080235
rangeland-jan-3~+00-23-00,8253.012850141065,56.305479409080235
rangeland-jan-3~+01-00-00,8208.053095082938,56.305479409080235
