trace,op_ems,emb_ems
sarek-jan-2,31784.933787848353,185.95754100781198
sarek-jan-2~+00-01-00,31644.25574148521,185.95754100781198
sarek-jan-2~+00-02-00,31805.714275491275,185.95754100781198
sarek-jan-2~+00-03-00,32234.772214635068,185.95754100781198
sarek-jan-2~+00-04-00,32566.61593345776,185.95754100781198
sarek-jan-2~+00-05-00,32804.524020623285,185.95754100781198
sarek-jan-2~+00-06-00,32921.70858958541,185.95754100781198
sarek-jan-2~+00-07-00,32920.72521085783,185.95754100781198
sarek-jan-2~+00-08-00,32750.21608837919,185.95754100781198
sarek-jan-2~+00-09-00,32917.46276365547,185.95754100781198
sarek-jan-2~+00-10-00,33294.56434892857,185.95754100781198
sarek-jan-2~+00-11-00,33797.407011388874,185.95754100781198
sarek-jan-2~+00-12-00,34313.739255288834,185.95754100781198
sarek-jan-2~+00-13-00,34619.60847583492,185.95754100781198
sarek-jan-2~+00-14-00,34380.24612931856,185.95754100781198
sarek-jan-2~+00-15-00,33916.68140806008,185.95754100781198
sarek-jan-2~+00-16-00,33298.2881442784,185.95754100781198
sarek-jan-2~+00-17-00,32960.779615232415,185.95754100781198
sarek-jan-2~+00-18-00,32891.11344659505,185.95754100781198
sarek-jan-2~+00-19-00,32967.80349720296,185.95754100781198
sarek-jan-2~+00-20-00,33163.7526983932,185.95754100781198
sarek-jan-2~+00-21-00,32895.49643372537,185.95754100781198
sarek-jan-2~+00-22-00,32395.57273450486,185.95754100781198
sarek-jan-2~+00-23-00,32009.57923856769,185.95754100781198
sarek-jan-2~+01-00-00,31752.812611814395,185.95754100781198
