trace,op_ems,emb_ems
rnaseq-oct-3,5184.457716178603,61.95465283773145
rnaseq-oct-3~+00-01-00,5176.932407155493,61.95465283773145
rnaseq-oct-3~+00-02-00,5243.351991804334,61.95465283773145
rnaseq-oct-3~+00-03-00,5389.10944559616,61.95465283773145
rnaseq-oct-3~+00-04-00,5651.564968198401,61.95465283773145
rnaseq-oct-3~+00-05-00,6009.646291321248,61.95465283773145
rnaseq-oct-3~+00-06-00,6379.600942052597,61.95465283773145
rnaseq-oct-3~+00-07-00,6638.719716930538,61.95465283773145
rnaseq-oct-3~+00-08-00,6756.247573752199,61.95465283773145
rnaseq-oct-3~+00-09-00,6792.713542134328,61.95465283773145
rnaseq-oct-3~+00-10-00,6838.71505327383,61.95465283773145
rnaseq-oct-3~+00-11-00,6864.403913628145,61.95465283773145
rnaseq-oct-3~+00-12-00,6857.741657616452,61.95465283773145
rnaseq-oct-3~+00-13-00,6810.118667936003,61.95465283773145
rnaseq-oct-3~+00-14-00,6784.7882512824635,61.95465283773145
rnaseq-oct-3~+00-15-00,6726.086997119647,61.95465283773145
rnaseq-oct-3~+00-16-00,6613.353908726809,61.95465283773145
rnaseq-oct-3~+00-17-00,6511.270615989952,61.95465283773145
rnaseq-oct-3~+00-18-00,6464.953227493117,61.95465283773145
rnaseq-oct-3~+00-19-00,6432.30991403542,61.95465283773145
rnaseq-oct-3~+00-20-00,6361.994158198253,61.95465283773145
rnaseq-oct-3~+00-21-00,6090.0305425375,61.95465283773145
rnaseq-oct-3~+00-22-00,5592.417861498822,61.95465283773145
rnaseq-oct-3~+00-23-00,5072.842872638545,61.95465283773145
rnaseq-oct-3~+01-00-00,4663.7233979008515,61.95465283773145
