trace,op_ems,emb_ems
sarek-oct-1,32835.292275368854,185.156829608021
sarek-oct-1~+00-01-00,32804.66802372113,185.156829608021
sarek-oct-1~+00-02-00,32788.51532180366,185.156829608021
sarek-oct-1~+00-03-00,32773.33382470942,185.156829608021
sarek-oct-1~+00-04-00,32905.27332082147,185.156829608021
sarek-oct-1~+00-05-00,33008.72773036163,185.156829608021
sarek-oct-1~+00-06-00,33410.45090851967,185.156829608021
sarek-oct-1~+00-07-00,33770.58422951528,185.156829608021
sarek-oct-1~+00-08-00,34170.44177026383,185.156829608021
sarek-oct-1~+00-09-00,34512.92766101653,185.156829608021
sarek-oct-1~+00-10-00,34955.633469810266,185.156829608021
sarek-oct-1~+00-11-00,35105.53915631047,185.156829608021
sarek-oct-1~+00-12-00,35058.037145444556,185.156829608021
sarek-oct-1~+00-13-00,34949.60843257878,185.156829608021
sarek-oct-1~+00-14-00,34730.259919053315,185.156829608021
sarek-oct-1~+00-15-00,34516.97874063972,185.156829608021
sarek-oct-1~+00-16-00,34325.798833960296,185.156829608021
sarek-oct-1~+00-17-00,34380.36343843791,185.156829608021
sarek-oct-1~+00-18-00,34459.05347679386,185.156829608021
sarek-oct-1~+00-19-00,34291.08830067971,185.156829608021
sarek-oct-1~+00-20-00,34004.17041615799,185.156829608021
sarek-oct-1~+00-21-00,33262.66856893409,185.156829608021
sarek-oct-1~+00-22-00,32498.973746292304,185.156829608021
sarek-oct-1~+00-23-00,31828.559354910016,185.156829608021
sarek-oct-1~+01-00-00,31574.26584425697,185.156829608021
