trace,op_ems,emb_ems
montage-jul-3,115.60403299572833,3.9090470464800857
montage-jul-3~+00-01-00,104.54124330155616,3.9090470464800857
montage-jul-3~+00-02-00,96.43700809264536,3.9090470464800857
montage-jul-3~+00-03-00,93.68190721095502,3.9090470464800857
montage-jul-3~+00-04-00,94.51267609220322,3.9090470464800857
montage-jul-3~+00-05-00,97.75097928237466,3.9090470464800857
montage-jul-3~+00-06-00,106.57577933726598,3.9090470464800857
montage-jul-3~+00-07-00,138.81469826978443,3.9090470464800857
montage-jul-3~+00-08-00,185.43100518798576,3.9090470464800857
montage-jul-3~+00-09-00,231.31827002672432,3.9090470464800857
montage-jul-3~+00-10-00,253.31669091283663,3.9090470464800857
montage-jul-3~+00-11-00,238.07462511197704,3.9090470464800857
montage-jul-3~+00-12-00,208.53994366025637,3.9090470464800857
montage-jul-3~+00-13-00,196.22252341072985,3.9090470464800857
montage-jul-3~+00-14-00,196.13775107590865,3.9090470464800857
montage-jul-3~+00-15-00,201.17322776429052,3.9090470464800857
montage-jul-3~+00-16-00,212.50728892989065,3.9090470464800857
montage-jul-3~+00-17-00,226.35908843968147,3.9090470464800857
montage-jul-3~+00-18-00,236.2604971468027,3.9090470464800857
montage-jul-3~+00-19-00,241.465518504827,3.9090470464800857
montage-jul-3~+00-20-00,242.38105972089647,3.9090470464800857
montage-jul-3~+00-21-00,240.19393348250827,3.9090470464800857
montage-jul-3~+00-22-00,226.78295011378776,3.9090470464800857
montage-jul-3~+00-23-00,201.61404390536086,3.9090470464800857
montage-jul-3~+01-00-00,180.3022789313005,3.9090470464800857
