trace,op_ems,emb_ems
sarek-dec-3,11758.227167183242,179.93408696821612
sarek-dec-3~+00-01-00,11718.89834421241,179.93408696821612
sarek-dec-3~+00-02-00,11755.859700807667,179.93408696821612
sarek-dec-3~+00-03-00,11840.723452308952,179.93408696821612
sarek-dec-3~+00-04-00,11965.856412162262,179.93408696821612
sarek-dec-3~+00-05-00,12082.88059487678,179.93408696821612
sarek-dec-3~+00-06-00,12222.049450608692,179.93408696821612
sarek-dec-3~+00-07-00,12316.6990001343,179.93408696821612
sarek-dec-3~+00-08-00,12480.703345083752,179.93408696821612
sarek-dec-3~+00-09-00,12571.378656633482,179.93408696821612
sarek-dec-3~+00-10-00,12660.579107748476,179.93408696821612
sarek-dec-3~+00-11-00,12671.842870825469,179.93408696821612
sarek-dec-3~+00-12-00,12647.461513171067,179.93408696821612
sarek-dec-3~+00-13-00,12551.85374149649,179.93408696821612
sarek-dec-3~+00-14-00,12551.139134772275,179.93408696821612
sarek-dec-3~+00-15-00,12593.09769292525,179.93408696821612
sarek-dec-3~+00-16-00,12836.302590993042,179.93408696821612
sarek-dec-3~+00-17-00,13254.129850378135,179.93408696821612
sarek-dec-3~+00-18-00,13732.129556379274,179.93408696821612
sarek-dec-3~+00-19-00,14163.183169153257,179.93408696821612
sarek-dec-3~+00-20-00,14541.969233820999,179.93408696821612
sarek-dec-3~+00-21-00,14900.643789014955,179.93408696821612
sarek-dec-3~+00-22-00,15120.624885217698,179.93408696821612
sarek-dec-3~+00-23-00,15355.947054257424,179.93408696821612
sarek-dec-3~+01-00-00,15609.094700593478,179.93408696821612
