trace,op_ems,emb_ems
rnaseq-mar-1,11292.000111612875,62.89105340684976
rnaseq-mar-1~+00-01-00,11268.195677758218,62.89105340684976
rnaseq-mar-1~+00-02-00,11351.836198952495,62.89105340684976
rnaseq-mar-1~+00-03-00,11433.97482258329,62.89105340684976
rnaseq-mar-1~+00-04-00,11589.561917036488,62.89105340684976
rnaseq-mar-1~+00-05-00,11666.607080598747,62.89105340684976
rnaseq-mar-1~+00-06-00,11476.16080224425,62.89105340684976
rnaseq-mar-1~+00-07-00,11308.948769477382,62.89105340684976
rnaseq-mar-1~+00-08-00,11331.273290340876,62.89105340684976
rnaseq-mar-1~+00-09-00,11610.419171651636,62.89105340684976
rnaseq-mar-1~+00-10-00,11970.69655690733,62.89105340684976
rnaseq-mar-1~+00-11-00,12176.656161463132,62.89105340684976
rnaseq-mar-1~+00-12-00,12207.038613724208,62.89105340684976
rnaseq-mar-1~+00-13-00,12027.014998588758,62.89105340684976
rnaseq-mar-1~+00-14-00,11676.81381845468,62.89105340684976
rnaseq-mar-1~+00-15-00,11365.082142542586,62.89105340684976
rnaseq-mar-1~+00-16-00,11465.659336151439,62.89105340684976
rnaseq-mar-1~+00-17-00,11678.223688638962,62.89105340684976
rnaseq-mar-1~+00-18-00,11669.919647584018,62.89105340684976
rnaseq-mar-1~+00-19-00,11570.902601625216,62.89105340684976
rnaseq-mar-1~+00-20-00,11411.662845013492,62.89105340684976
rnaseq-mar-1~+00-21-00,11282.685196203545,62.89105340684976
rnaseq-mar-1~+00-22-00,11164.47556011403,62.89105340684976
rnaseq-mar-1~+00-23-00,11211.142263850987,62.89105340684976
rnaseq-mar-1~+01-00-00,11206.218156665233,62.89105340684976
