trace,op_ems,emb_ems
mag-sep-2,9561.004506122828,170.41523942885257
mag-sep-2~+00-01-00,9451.973243425407,170.41523942885257
mag-sep-2~+00-02-00,9314.025165419956,170.41523942885257
mag-sep-2~+00-03-00,9100.880506829932,170.41523942885257
mag-sep-2~+00-04-00,8850.873240215993,170.41523942885257
mag-sep-2~+00-05-00,8565.861522946858,170.41523942885257
mag-sep-2~+00-06-00,8308.276856392316,170.41523942885257
mag-sep-2~+00-07-00,8161.7790170748585,170.41523942885257
mag-sep-2~+00-08-00,8105.410762205712,170.41523942885257
mag-sep-2~+00-09-00,8085.925129375561,170.41523942885257
mag-sep-2~+00-10-00,8048.132797497926,170.41523942885257
mag-sep-2~+00-11-00,7959.099721420487,170.41523942885257
mag-sep-2~+00-12-00,7680.730165304654,170.41523942885257
mag-sep-2~+00-13-00,7147.306404893531,170.41523942885257
mag-sep-2~+00-14-00,6676.893092646923,170.41523942885257
mag-sep-2~+00-15-00,6382.865841903973,170.41523942885257
mag-sep-2~+00-16-00,6183.564759357923,170.41523942885257
mag-sep-2~+00-17-00,6032.748488483131,170.41523942885257
mag-sep-2~+00-18-00,5825.953559141012,170.41523942885257
mag-sep-2~+00-19-00,5646.267880157421,170.41523942885257
mag-sep-2~+00-20-00,5473.514115317926,170.41523942885257
mag-sep-2~+00-21-00,5312.697547279947,170.41523942885257
mag-sep-2~+00-22-00,5165.843142278141,170.41523942885257
mag-sep-2~+00-23-00,5044.063597607391,170.41523942885257
mag-sep-2~+01-00-00,5014.864110168909,170.41523942885257
