trace,op_ems,emb_ems
rnaseq-apr-2,2965.420192127609,59.0952985091386
rnaseq-apr-2~+00-01-00,2670.484627604606,59.0952985091386
rnaseq-apr-2~+00-02-00,2614.2370767923953,59.0952985091386
rnaseq-apr-2~+00-03-00,2703.3589131948297,59.0952985091386
rnaseq-apr-2~+00-04-00,3013.098789002371,59.0952985091386
rnaseq-apr-2~+00-05-00,3637.063965213512,59.0952985091386
rnaseq-apr-2~+00-06-00,4394.774050033945,59.0952985091386
rnaseq-apr-2~+00-07-00,5063.122340063945,59.0952985091386
rnaseq-apr-2~+00-08-00,5437.773618528258,59.0952985091386
rnaseq-apr-2~+00-09-00,5442.991735613982,59.0952985091386
rnaseq-apr-2~+00-10-00,5168.567358130888,59.0952985091386
rnaseq-apr-2~+00-11-00,4765.232638286866,59.0952985091386
rnaseq-apr-2~+00-12-00,4321.986752090537,59.0952985091386
rnaseq-apr-2~+00-13-00,3862.1939848927504,59.0952985091386
rnaseq-apr-2~+00-14-00,3398.6173282813384,59.0952985091386
rnaseq-apr-2~+00-15-00,2998.00872756249,59.0952985091386
rnaseq-apr-2~+00-16-00,2791.3204981988897,59.0952985091386
rnaseq-apr-2~+00-17-00,2820.4210642511935,59.0952985091386
rnaseq-apr-2~+00-18-00,2968.260864829506,59.0952985091386
rnaseq-apr-2~+00-19-00,3124.851725583463,59.0952985091386
rnaseq-apr-2~+00-20-00,3142.971005625883,59.0952985091386
rnaseq-apr-2~+00-21-00,2978.008528581461,59.0952985091386
rnaseq-apr-2~+00-22-00,2697.9095087300066,59.0952985091386
rnaseq-apr-2~+00-23-00,2401.3844144931018,59.0952985091386
rnaseq-apr-2~+01-00-00,2158.072349956664,59.0952985091386
