trace,op_ems,emb_ems
rangeland-oct-2,8493.64872065163,56.19540575328906
rangeland-oct-2~+00-01-00,8470.41066717356,56.19540575328906
rangeland-oct-2~+00-02-00,8490.47922232706,56.19540575328906
rangeland-oct-2~+00-03-00,8506.483052716289,56.19540575328906
rangeland-oct-2~+00-04-00,8590.587920445541,56.19540575328906
rangeland-oct-2~+00-05-00,8643.943249855369,56.19540575328906
rangeland-oct-2~+00-06-00,8722.44228768579,56.19540575328906
rangeland-oct-2~+00-07-00,8793.894492934935,56.19540575328906
rangeland-oct-2~+00-08-00,8902.864505479309,56.19540575328906
rangeland-oct-2~+00-09-00,8975.885153691934,56.19540575328906
rangeland-oct-2~+00-10-00,9011.366715388474,56.19540575328906
rangeland-oct-2~+00-11-00,9018.797378062674,56.19540575328906
rangeland-oct-2~+00-12-00,9003.014000552419,56.19540575328906
rangeland-oct-2~+00-13-00,8982.106162178708,56.19540575328906
rangeland-oct-2~+00-14-00,8948.100109117999,56.19540575328906
rangeland-oct-2~+00-15-00,8910.219474446982,56.19540575328906
rangeland-oct-2~+00-16-00,8901.616161804432,56.19540575328906
rangeland-oct-2~+00-17-00,8853.859110175708,56.19540575328906
rangeland-oct-2~+00-18-00,8792.24946902565,56.19540575328906
rangeland-oct-2~+00-19-00,8713.58092495966,56.19540575328906
rangeland-oct-2~+00-20-00,8572.53530576891,56.19540575328906
rangeland-oct-2~+00-21-00,8445.108123824517,56.19540575328906
rangeland-oct-2~+00-22-00,8363.092558667755,56.19540575328906
rangeland-oct-2~+00-23-00,8251.86542160029,56.19540575328906
rangeland-oct-2~+01-00-00,8195.054632011208,56.19540575328906
