trace,op_ems,emb_ems
rnaseq-nov-2,5590.7115688779495,59.0952985091386
rnaseq-nov-2~+00-01-00,5513.45132983108,59.0952985091386
rnaseq-nov-2~+00-02-00,5484.488761338814,59.0952985091386
rnaseq-nov-2~+00-03-00,5556.311031557127,59.0952985091386
rnaseq-nov-2~+00-04-00,5674.01683579457,59.0952985091386
rnaseq-nov-2~+00-05-00,5769.110865425615,59.0952985091386
rnaseq-nov-2~+00-06-00,5826.064393491113,59.0952985091386
rnaseq-nov-2~+00-07-00,5861.380566724486,59.0952985091386
rnaseq-nov-2~+00-08-00,5897.47239623775,59.0952985091386
rnaseq-nov-2~+00-09-00,5975.946804870533,59.0952985091386
rnaseq-nov-2~+00-10-00,6103.6188720368245,59.0952985091386
rnaseq-nov-2~+00-11-00,6237.7567820865925,59.0952985091386
rnaseq-nov-2~+00-12-00,6299.232805825957,59.0952985091386
rnaseq-nov-2~+00-13-00,6313.0307890599015,59.0952985091386
rnaseq-nov-2~+00-14-00,6339.943528249586,59.0952985091386
rnaseq-nov-2~+00-15-00,6441.064816035899,59.0952985091386
rnaseq-nov-2~+00-16-00,6542.607297637464,59.0952985091386
rnaseq-nov-2~+00-17-00,6615.489720070519,59.0952985091386
rnaseq-nov-2~+00-18-00,6589.633560347126,59.0952985091386
rnaseq-nov-2~+00-19-00,6481.063073630961,59.0952985091386
rnaseq-nov-2~+00-20-00,6378.785630521429,59.0952985091386
rnaseq-nov-2~+00-21-00,6309.952103077417,59.0952985091386
rnaseq-nov-2~+00-22-00,6223.8094763289755,59.0952985091386
rnaseq-nov-2~+00-23-00,6097.311781165773,59.0952985091386
rnaseq-nov-2~+01-00-00,5966.718812124775,59.0952985091386
