trace,op_ems,emb_ems
nanoseq-jun-2,255.8239851963993,2.283583422059979
nanoseq-jun-2~+00-01-00,250.2573300737445,2.283583422059979
nanoseq-jun-2~+00-02-00,249.88925313504615,2.283583422059979
nanoseq-jun-2~+00-03-00,249.56117905689123,2.283583422059979
nanoseq-jun-2~+00-04-00,250.71539563109374,2.283583422059979
nanoseq-jun-2~+00-05-00,263.17439096519,2.283583422059979
nanoseq-jun-2~+00-06-00,262.61499671288095,2.283583422059979
nanoseq-jun-2~+00-07-00,264.28621473954723,2.283583422059979
nanoseq-jun-2~+00-08-00,268.66280608926365,2.283583422059979
nanoseq-jun-2~+00-09-00,275.0457800341888,2.283583422059979
nanoseq-jun-2~+00-10-00,281.4010719073219,2.283583422059979
nanoseq-jun-2~+00-11-00,287.4299305849844,2.283583422059979
nanoseq-jun-2~+00-12-00,291.2248895167417,2.283583422059979
nanoseq-jun-2~+00-13-00,292.40403795083773,2.283583422059979
nanoseq-jun-2~+00-14-00,293.3631634478801,2.283583422059979
nanoseq-jun-2~+00-15-00,291.1920277795502,2.283583422059979
nanoseq-jun-2~+00-16-00,285.5972326869292,2.283583422059979
nanoseq-jun-2~+00-17-00,279.4438105911549,2.283583422059979
nanoseq-jun-2~+00-18-00,273.7443008742581,2.283583422059979
nanoseq-jun-2~+00-19-00,268.91096806992323,2.283583422059979
nanoseq-jun-2~+00-20-00,263.59279660047457,2.283583422059979
nanoseq-jun-2~+00-21-00,251.60982287537945,2.283583422059979
nanoseq-jun-2~+00-22-00,237.86255381124798,2.283583422059979
nanoseq-jun-2~+00-23-00,220.40751517033996,2.283583422059979
nanoseq-jun-2~+01-00-00,200.970241808445,2.283583422059979
