trace,op_ems,emb_ems
rangeland-may-2,1259.5637689744103,56.10015765457453
rangeland-may-2~+00-01-00,1369.2737107699854,56.10015765457453
rangeland-may-2~+00-02-00,1573.7513253693805,56.10015765457453
rangeland-may-2~+00-03-00,1804.3247468821858,56.10015765457453
rangeland-may-2~+00-04-00,2023.6289797792124,56.10015765457453
rangeland-may-2~+00-05-00,2189.3790043695412,56.10015765457453
rangeland-may-2~+00-06-00,2311.0937083756744,56.10015765457453
rangeland-may-2~+00-07-00,2371.51066373113,56.10015765457453
rangeland-may-2~+00-08-00,2337.8311823359677,56.10015765457453
rangeland-may-2~+00-09-00,2218.287051721305,56.10015765457453
rangeland-may-2~+00-10-00,2070.214717201422,56.10015765457453
rangeland-may-2~+00-11-00,1935.6470039184753,56.10015765457453
rangeland-may-2~+00-12-00,1844.5989042140172,56.10015765457453
rangeland-may-2~+00-13-00,1791.5898185753942,56.10015765457453
rangeland-may-2~+00-14-00,1813.486962691548,56.10015765457453
rangeland-may-2~+00-15-00,1840.8262204169048,56.10015765457453
rangeland-may-2~+00-16-00,1816.362018470224,56.10015765457453
rangeland-may-2~+00-17-00,1735.1499968107412,56.10015765457453
rangeland-may-2~+00-18-00,1619.8697639584802,56.10015765457453
rangeland-may-2~+00-19-00,1483.917426149336,56.10015765457453
rangeland-may-2~+00-20-00,1348.3409800242155,56.10015765457453
rangeland-may-2~+00-21-00,1193.7621243315696,56.10015765457453
rangeland-may-2~+00-22-00,1062.7585139817681,56.10015765457453
rangeland-may-2~+00-23-00,990.339830824074,56.10015765457453
rangeland-may-2~+01-00-00,992.3493907380724,56.10015765457453
