trace,op_ems,emb_ems
montage-oct-3,284.1399118538405,3.9090470464800857
montage-oct-3~+00-01-00,264.05734573468806,3.9090470464800857
montage-oct-3~+00-02-00,239.6683450066167,3.9090470464800857
montage-oct-3~+00-03-00,222.72235527585033,3.9090470464800857
montage-oct-3~+00-04-00,223.65485095888388,3.9090470464800857
montage-oct-3~+00-05-00,257.88591975970155,3.9090470464800857
montage-oct-3~+00-06-00,278.8670726279591,3.9090470464800857
montage-oct-3~+00-07-00,305.8585840350427,3.9090470464800857
montage-oct-3~+00-08-00,298.65293557523705,3.9090470464800857
montage-oct-3~+00-09-00,265.0830909860251,3.9090470464800857
montage-oct-3~+00-10-00,236.62501818653396,3.9090470464800857
montage-oct-3~+00-11-00,205.63225257588783,3.9090470464800857
montage-oct-3~+00-12-00,181.40431928397655,3.9090470464800857
montage-oct-3~+00-13-00,160.0925543099163,3.9090470464800857
montage-oct-3~+00-14-00,154.4467168108217,3.9090470464800857
montage-oct-3~+00-15-00,148.03792829833563,3.9090470464800857
montage-oct-3~+00-16-00,148.59742570815575,3.9090470464800857
montage-oct-3~+00-17-00,141.53589021754632,3.9090470464800857
montage-oct-3~+00-18-00,136.36477779345051,3.9090470464800857
montage-oct-3~+00-19-00,136.06807462157622,3.9090470464800857
montage-oct-3~+00-20-00,143.0617922443287,3.9090470464800857
montage-oct-3~+00-21-00,160.21123557866608,3.9090470464800857
montage-oct-3~+00-22-00,163.17826729740958,3.9090470464800857
montage-oct-3~+00-23-00,158.54122058268757,3.9090470464800857
montage-oct-3~+01-00-00,140.67121240236966,3.9090470464800857
