trace,op_ems,emb_ems
nanoseq-jul-2,267.3097022742405,2.283583422059979
nanoseq-jul-2~+00-01-00,267.06553496727906,2.283583422059979
nanoseq-jul-2~+00-02-00,266.93500355559905,2.283583422059979
nanoseq-jul-2~+00-03-00,266.46308908007626,2.283583422059979
nanoseq-jul-2~+00-04-00,265.5131971056857,2.283583422059979
nanoseq-jul-2~+00-05-00,264.5302763003219,2.283583422059979
nanoseq-jul-2~+00-06-00,263.4128881753738,2.283583422059979
nanoseq-jul-2~+00-07-00,264.7217677833328,2.283583422059979
nanoseq-jul-2~+00-08-00,269.0253168298374,2.283583422059979
nanoseq-jul-2~+00-09-00,274.47172112885113,2.283583422059979
nanoseq-jul-2~+00-10-00,280.4601142301238,2.283583422059979
nanoseq-jul-2~+00-11-00,286.5808536465091,2.283583422059979
nanoseq-jul-2~+00-12-00,289.1185222146707,2.283583422059979
nanoseq-jul-2~+00-13-00,289.8070625844239,2.283583422059979
nanoseq-jul-2~+00-14-00,289.4327826844734,2.283583422059979
nanoseq-jul-2~+00-15-00,286.4219953343881,2.283583422059979
nanoseq-jul-2~+00-16-00,281.3954762914817,2.283583422059979
nanoseq-jul-2~+00-17-00,276.08338379305496,2.283583422059979
nanoseq-jul-2~+00-18-00,261.2566177608296,2.283583422059979
nanoseq-jul-2~+00-19-00,242.9630222128703,2.283583422059979
nanoseq-jul-2~+00-20-00,236.80872090269364,2.283583422059979
nanoseq-jul-2~+00-21-00,238.0339115008181,2.283583422059979
nanoseq-jul-2~+00-22-00,235.89056637239813,2.283583422059979
nanoseq-jul-2~+00-23-00,236.0393712479587,2.283583422059979
nanoseq-jul-2~+01-00-00,231.45593740320666,2.283583422059979
