trace,op_ems,emb_ems
mag-oct-1,13505.675653639448,170.94595497756436
mag-oct-1~+00-01-00,13757.306789242135,170.94595497756436
mag-oct-1~+00-02-00,14031.795791026845,170.94595497756436
mag-oct-1~+00-03-00,14297.440705672592,170.94595497756436
mag-oct-1~+00-04-00,14541.317027144774,170.94595497756436
mag-oct-1~+00-05-00,14693.28887336989,170.94595497756436
mag-oct-1~+00-06-00,14785.909475034729,170.94595497756436
mag-oct-1~+00-07-00,14810.506573273458,170.94595497756436
mag-oct-1~+00-08-00,14760.939012908495,170.94595497756436
mag-oct-1~+00-09-00,14695.453871436219,170.94595497756436
mag-oct-1~+00-10-00,14611.597357997225,170.94595497756436
mag-oct-1~+00-11-00,14411.650209965592,170.94595497756436
mag-oct-1~+00-12-00,14030.610105789016,170.94595497756436
mag-oct-1~+00-13-00,13518.30769855724,170.94595497756436
mag-oct-1~+00-14-00,12947.305395349244,170.94595497756436
mag-oct-1~+00-15-00,12384.897287413249,170.94595497756436
mag-oct-1~+00-16-00,11892.748965876004,170.94595497756436
mag-oct-1~+00-17-00,11553.894053714834,170.94595497756436
mag-oct-1~+00-18-00,11374.148690490561,170.94595497756436
mag-oct-1~+00-19-00,11305.100118776485,170.94595497756436
mag-oct-1~+00-20-00,11305.146456732746,170.94595497756436
mag-oct-1~+00-21-00,11131.598122614761,170.94595497756436
mag-oct-1~+00-22-00,10663.986950089971,170.94595497756436
mag-oct-1~+00-23-00,10092.881875993438,170.94595497756436
mag-oct-1~+01-00-00,9525.368010144282,170.94595497756436
