trace,op_ems,emb_ems
rnaseq-oct-1,11570.638310661754,62.89105340684976
rnaseq-oct-1~+00-01-00,11509.898319235657,62.89105340684976
rnaseq-oct-1~+00-02-00,11486.921203393023,62.89105340684976
rnaseq-oct-1~+00-03-00,11494.583388323814,62.89105340684976
rnaseq-oct-1~+00-04-00,11510.089441534014,62.89105340684976
rnaseq-oct-1~+00-05-00,11506.093023328853,62.89105340684976
rnaseq-oct-1~+00-06-00,11534.971630524602,62.89105340684976
rnaseq-oct-1~+00-07-00,11599.534280814367,62.89105340684976
rnaseq-oct-1~+00-08-00,11754.657070849891,62.89105340684976
rnaseq-oct-1~+00-09-00,11947.698844486478,62.89105340684976
rnaseq-oct-1~+00-10-00,12122.162684880863,62.89105340684976
rnaseq-oct-1~+00-11-00,12182.993107591146,62.89105340684976
rnaseq-oct-1~+00-12-00,12304.495049212544,62.89105340684976
rnaseq-oct-1~+00-13-00,12388.061259927548,62.89105340684976
rnaseq-oct-1~+00-14-00,12350.682931023764,62.89105340684976
rnaseq-oct-1~+00-15-00,12223.428227518669,62.89105340684976
rnaseq-oct-1~+00-16-00,12100.234956658274,62.89105340684976
rnaseq-oct-1~+00-17-00,12049.280209267527,62.89105340684976
rnaseq-oct-1~+00-18-00,12009.390654895073,62.89105340684976
rnaseq-oct-1~+00-19-00,12020.551950238643,62.89105340684976
rnaseq-oct-1~+00-20-00,12113.012644231801,62.89105340684976
rnaseq-oct-1~+00-21-00,12057.050369456421,62.89105340684976
rnaseq-oct-1~+00-22-00,11900.327888331996,62.89105340684976
rnaseq-oct-1~+00-23-00,11563.520979778437,62.89105340684976
rnaseq-oct-1~+01-00-00,11180.001051271269,62.89105340684976
