trace,op_ems,emb_ems
nanoseq-mar-3,80.74112318851475,2.2487745329175857
nanoseq-mar-3~+00-01-00,86.39904722227193,2.2487745329175857
nanoseq-mar-3~+00-02-00,96.0748785017632,2.2487745329175857
nanoseq-mar-3~+00-03-00,108.52091248309475,2.2487745329175857
nanoseq-mar-3~+00-04-00,121.3614448142354,2.2487745329175857
nanoseq-mar-3~+00-05-00,132.69937297106506,2.2487745329175857
nanoseq-mar-3~+00-06-00,142.02930517983336,2.2487745329175857
nanoseq-mar-3~+00-07-00,148.7430317762162,2.2487745329175857
nanoseq-mar-3~+00-08-00,153.04144495128526,2.2487745329175857
nanoseq-mar-3~+00-09-00,155.93021202960801,2.2487745329175857
nanoseq-mar-3~+00-10-00,157.82568017823056,2.2487745329175857
nanoseq-mar-3~+00-11-00,159.19492364051837,2.2487745329175857
nanoseq-mar-3~+00-12-00,160.26654534996953,2.2487745329175857
nanoseq-mar-3~+00-13-00,161.00202658163565,2.2487745329175857
nanoseq-mar-3~+00-14-00,161.83633037007039,2.2487745329175857
nanoseq-mar-3~+00-15-00,162.80265470303596,2.2487745329175857
nanoseq-mar-3~+00-16-00,163.22552499246666,2.2487745329175857
nanoseq-mar-3~+00-17-00,163.1034432317658,2.2487745329175857
nanoseq-mar-3~+00-18-00,162.16097475415663,2.2487745329175857
nanoseq-mar-3~+00-19-00,159.6011917826596,2.2487745329175857
nanoseq-mar-3~+00-20-00,155.65445043111546,2.2487745329175857
nanoseq-mar-3~+00-21-00,151.33366410904907,2.2487745329175857
nanoseq-mar-3~+00-22-00,148.2194461509711,2.2487745329175857
nanoseq-mar-3~+00-23-00,146.65744880102045,2.2487745329175857
nanoseq-mar-3~+01-00-00,146.75893975578202,2.2487745329175857
