trace,op_ems,emb_ems
montage-nov-2,850.5980136647364,5.194323604266486
montage-nov-2~+00-01-00,823.4789462568283,5.194323604266486
montage-nov-2~+00-02-00,817.0368550870115,5.194323604266486
montage-nov-2~+00-03-00,835.240836261109,5.194323604266486
montage-nov-2~+00-04-00,843.7483763661933,5.194323604266486
montage-nov-2~+00-05-00,848.4296853470821,5.194323604266486
montage-nov-2~+00-06-00,820.3700698480583,5.194323604266486
montage-nov-2~+00-07-00,816.834416539919,5.194323604266486
montage-nov-2~+00-08-00,814.1139660819405,5.194323604266486
montage-nov-2~+00-09-00,792.6201060920498,5.194323604266486
montage-nov-2~+00-10-00,783.3839249314232,5.194323604266486
montage-nov-2~+00-11-00,790.3838202047052,5.194323604266486
montage-nov-2~+00-12-00,872.3333194171037,5.194323604266486
montage-nov-2~+00-13-00,887.677904684163,5.194323604266486
montage-nov-2~+00-14-00,922.7741997413045,5.194323604266486
montage-nov-2~+00-15-00,876.0270561069128,5.194323604266486
montage-nov-2~+00-16-00,895.6923557240044,5.194323604266486
montage-nov-2~+00-17-00,892.50300134703,5.194323604266486
montage-nov-2~+00-18-00,879.6136821473789,5.194323604266486
montage-nov-2~+00-19-00,886.1628355521643,5.194323604266486
montage-nov-2~+00-20-00,858.3778344084861,5.194323604266486
montage-nov-2~+00-21-00,869.7113613132663,5.194323604266486
montage-nov-2~+00-22-00,867.8415983057089,5.194323604266486
montage-nov-2~+00-23-00,864.1954797922544,5.194323604266486
montage-nov-2~+01-00-00,846.4112817323037,5.194323604266486
