trace,op_ems,emb_ems
mag-dec-3,9470.71385743447,170.30505238040828
mag-dec-3~+00-01-00,9526.066292060246,170.30505238040828
mag-dec-3~+00-02-00,9582.696030382946,170.30505238040828
mag-dec-3~+00-03-00,9642.236500222287,170.30505238040828
mag-dec-3~+00-04-00,9686.084183047911,170.30505238040828
mag-dec-3~+00-05-00,9698.312322217593,170.30505238040828
mag-dec-3~+00-06-00,9721.290350203684,170.30505238040828
mag-dec-3~+00-07-00,9768.478761199422,170.30505238040828
mag-dec-3~+00-08-00,9867.458052319249,170.30505238040828
mag-dec-3~+00-09-00,10032.199767867827,170.30505238040828
mag-dec-3~+00-10-00,10231.186511251957,170.30505238040828
mag-dec-3~+00-11-00,10426.898214816156,170.30505238040828
mag-dec-3~+00-12-00,10594.24146994447,170.30505238040828
mag-dec-3~+00-13-00,10734.910606645297,170.30505238040828
mag-dec-3~+00-14-00,10878.070868092676,170.30505238040828
mag-dec-3~+00-15-00,11049.34704434829,170.30505238040828
mag-dec-3~+00-16-00,11269.73740411306,170.30505238040828
mag-dec-3~+00-17-00,11523.1658711942,170.30505238040828
mag-dec-3~+00-18-00,11771.04021581268,170.30505238040828
mag-dec-3~+00-19-00,12020.98505003396,170.30505238040828
mag-dec-3~+00-20-00,12282.396323762183,170.30505238040828
mag-dec-3~+00-21-00,12540.957758974891,170.30505238040828
mag-dec-3~+00-22-00,12784.222321191763,170.30505238040828
mag-dec-3~+00-23-00,13048.382798391694,170.30505238040828
mag-dec-3~+01-00-00,13346.620252527833,170.30505238040828
