trace,op_ems,emb_ems
rnaseq-sep-3,4484.794576796411,61.95465283773145
rnaseq-sep-3~+00-01-00,4054.810619356662,61.95465283773145
rnaseq-sep-3~+00-02-00,3758.1517499738015,61.95465283773145
rnaseq-sep-3~+00-03-00,3609.3785029771902,61.95465283773145
rnaseq-sep-3~+00-04-00,3620.790402062598,61.95465283773145
rnaseq-sep-3~+00-05-00,3811.2205313799905,61.95465283773145
rnaseq-sep-3~+00-06-00,4170.599310017916,61.95465283773145
rnaseq-sep-3~+00-07-00,4579.406991346085,61.95465283773145
rnaseq-sep-3~+00-08-00,4847.418815933648,61.95465283773145
rnaseq-sep-3~+00-09-00,4848.30604065405,61.95465283773145
rnaseq-sep-3~+00-10-00,4674.158621806755,61.95465283773145
rnaseq-sep-3~+00-11-00,4435.409241973696,61.95465283773145
rnaseq-sep-3~+00-12-00,4048.5572279278485,61.95465283773145
rnaseq-sep-3~+00-13-00,3475.6231903955468,61.95465283773145
rnaseq-sep-3~+00-14-00,2999.467970028359,61.95465283773145
rnaseq-sep-3~+00-15-00,2806.638120059579,61.95465283773145
rnaseq-sep-3~+00-16-00,2800.445277563983,61.95465283773145
rnaseq-sep-3~+00-17-00,2956.835727837755,61.95465283773145
rnaseq-sep-3~+00-18-00,3354.6904400179747,61.95465283773145
rnaseq-sep-3~+00-19-00,3821.2482645870637,61.95465283773145
rnaseq-sep-3~+00-20-00,4014.738837229376,61.95465283773145
rnaseq-sep-3~+00-21-00,3775.181131102009,61.95465283773145
rnaseq-sep-3~+00-22-00,3199.9480570279056,61.95465283773145
rnaseq-sep-3~+00-23-00,2600.978993116935,61.95465283773145
rnaseq-sep-3~+01-00-00,2221.323843401414,61.95465283773145
