trace,op_ems,emb_ems
rangeland-feb-3,8405.805477721853,56.305479409080235
rangeland-feb-3~+00-01-00,8351.646980430787,56.305479409080235
rangeland-feb-3~+00-02-00,8331.376551566955,56.305479409080235
rangeland-feb-3~+00-03-00,8398.587400123377,56.305479409080235
rangeland-feb-3~+00-04-00,8441.68516721549,56.305479409080235
rangeland-feb-3~+00-05-00,8488.133367884078,56.305479409080235
rangeland-feb-3~+00-06-00,8576.25335145241,56.305479409080235
rangeland-feb-3~+00-07-00,8648.860196102654,56.305479409080235
rangeland-feb-3~+00-08-00,8789.144325010091,56.305479409080235
rangeland-feb-3~+00-09-00,8812.320777275138,56.305479409080235
rangeland-feb-3~+00-10-00,8835.5874354657,56.305479409080235
rangeland-feb-3~+00-11-00,8836.619423637398,56.305479409080235
rangeland-feb-3~+00-12-00,8792.879895188013,56.305479409080235
rangeland-feb-3~+00-13-00,8752.779681515492,56.305479409080235
rangeland-feb-3~+00-14-00,8756.084869508462,56.305479409080235
rangeland-feb-3~+00-15-00,8686.430127244126,56.305479409080235
rangeland-feb-3~+00-16-00,8614.243571813211,56.305479409080235
rangeland-feb-3~+00-17-00,8562.345647716696,56.305479409080235
rangeland-feb-3~+00-18-00,8531.530676294396,56.305479409080235
rangeland-feb-3~+00-19-00,8459.94396399573,56.305479409080235
rangeland-feb-3~+00-20-00,8437.683335285627,56.305479409080235
rangeland-feb-3~+00-21-00,8399.120650764251,56.305479409080235
rangeland-feb-3~+00-22-00,8389.292004139026,56.305479409080235
rangeland-feb-3~+00-23-00,8335.775810081132,56.305479409080235
rangeland-feb-3~+01-00-00,8302.271005984305,56.305479409080235
