trace,op_ems,emb_ems
chipseq-nov-2,17175.264051526578,98.55920482780722
chipseq-nov-2~+00-01-00,17317.390832666253,98.55920482780722
chipseq-nov-2~+00-02-00,17437.13105265125,98.55920482780722
chipseq-nov-2~+00-03-00,17604.59027402823,98.55920482780722
chipseq-nov-2~+00-04-00,17838.51106977987,98.55920482780722
chipseq-nov-2~+00-05-00,17991.602667738855,98.55920482780722
chipseq-nov-2~+00-06-00,18199.667464042297,98.55920482780722
chipseq-nov-2~+00-07-00,18154.62872821643,98.55920482780722
chipseq-nov-2~+00-08-00,18193.519524723768,98.55920482780722
chipseq-nov-2~+00-09-00,18641.300742106807,98.55920482780722
chipseq-nov-2~+00-10-00,19257.547374496557,98.55920482780722
chipseq-nov-2~+00-11-00,19707.162892159213,98.55920482780722
chipseq-nov-2~+00-12-00,19849.30201584996,98.55920482780722
chipseq-nov-2~+00-13-00,19701.178984070008,98.55920482780722
chipseq-nov-2~+00-14-00,19373.426885648776,98.55920482780722
chipseq-nov-2~+00-15-00,19238.635153016003,98.55920482780722
chipseq-nov-2~+00-16-00,19233.507099152746,98.55920482780722
chipseq-nov-2~+00-17-00,19191.725295666056,98.55920482780722
chipseq-nov-2~+00-18-00,19062.696195095807,98.55920482780722
chipseq-nov-2~+00-19-00,18878.37295177666,98.55920482780722
chipseq-nov-2~+00-20-00,18622.47552010272,98.55920482780722
chipseq-nov-2~+00-21-00,18314.76260390561,98.55920482780722
chipseq-nov-2~+00-22-00,18130.597390080096,98.55920482780722
chipseq-nov-2~+00-23-00,17801.725661139735,98.55920482780722
chipseq-nov-2~+01-00-00,17631.54987960711,98.55920482780722
