trace,op_ems,emb_ems
nanoseq-nov-2,258.1712891233162,2.283583422059979
nanoseq-nov-2~+00-01-00,260.2070454832176,2.283583422059979
nanoseq-nov-2~+00-02-00,263.12166791660206,2.283583422059979
nanoseq-nov-2~+00-03-00,266.00997253793975,2.283583422059979
nanoseq-nov-2~+00-04-00,267.63644703792284,2.283583422059979
nanoseq-nov-2~+00-05-00,269.4071437854979,2.283583422059979
nanoseq-nov-2~+00-06-00,272.31454722858945,2.283583422059979
nanoseq-nov-2~+00-07-00,275.9190936763938,2.283583422059979
nanoseq-nov-2~+00-08-00,281.1121345911462,2.283583422059979
nanoseq-nov-2~+00-09-00,287.3124221689574,2.283583422059979
nanoseq-nov-2~+00-10-00,290.84879353192633,2.283583422059979
nanoseq-nov-2~+00-11-00,292.0752751887819,2.283583422059979
nanoseq-nov-2~+00-12-00,291.0417166839442,2.283583422059979
nanoseq-nov-2~+00-13-00,288.487627953363,2.283583422059979
nanoseq-nov-2~+00-14-00,286.3525333075559,2.283583422059979
nanoseq-nov-2~+00-15-00,285.39123887659315,2.283583422059979
nanoseq-nov-2~+00-16-00,284.0788888906841,2.283583422059979
nanoseq-nov-2~+00-17-00,281.8996413936136,2.283583422059979
nanoseq-nov-2~+00-18-00,278.92028680521054,2.283583422059979
nanoseq-nov-2~+00-19-00,275.5173911394582,2.283583422059979
nanoseq-nov-2~+00-20-00,271.4670890432356,2.283583422059979
nanoseq-nov-2~+00-21-00,267.55267435075086,2.283583422059979
nanoseq-nov-2~+00-22-00,264.79694010168294,2.283583422059979
nanoseq-nov-2~+00-23-00,263.7000466495801,2.283583422059979
nanoseq-nov-2~+01-00-00,263.1459048652102,2.283583422059979
