trace,op_ems,emb_ems
montage-aug-3,717.2525057237647,4.459453342142623
montage-aug-3~+00-01-00,725.3542741049944,4.459453342142623
montage-aug-3~+00-02-00,745.850030725982,4.459453342142623
montage-aug-3~+00-03-00,753.2952360617907,4.459453342142623
montage-aug-3~+00-04-00,738.7393036650176,4.459453342142623
montage-aug-3~+00-05-00,728.0788173014588,4.459453342142623
montage-aug-3~+00-06-00,753.1593000301358,4.459453342142623
montage-aug-3~+00-07-00,718.0867017486746,4.459453342142623
montage-aug-3~+00-08-00,711.8701703781857,4.459453342142623
montage-aug-3~+00-09-00,705.5372385726587,4.459453342142623
montage-aug-3~+00-10-00,716.9439760867035,4.459453342142623
montage-aug-3~+00-11-00,727.170756099181,4.459453342142623
montage-aug-3~+00-12-00,749.0580475275087,4.459453342142623
montage-aug-3~+00-13-00,771.4374631493163,4.459453342142623
montage-aug-3~+00-14-00,779.3078862552493,4.459453342142623
montage-aug-3~+00-15-00,778.0310227629458,4.459453342142623
montage-aug-3~+00-16-00,775.9514678603535,4.459453342142623
montage-aug-3~+00-17-00,769.6258695440316,4.459453342142623
montage-aug-3~+00-18-00,780.7119130944402,4.459453342142623
montage-aug-3~+00-19-00,748.9687372551191,4.459453342142623
montage-aug-3~+00-20-00,712.3157664937783,4.459453342142623
montage-aug-3~+00-21-00,702.6552089085909,4.459453342142623
montage-aug-3~+00-22-00,722.3736532020563,4.459453342142623
montage-aug-3~+00-23-00,732.1962433240383,4.459453342142623
montage-aug-3~+01-00-00,732.4172717747618,4.459453342142623
