trace,op_ems,emb_ems
chipseq-may-2,2425.997328811396,93.55153285104065
chipseq-may-2~+00-01-00,2470.0190860379525,93.55153285104065
chipseq-may-2~+00-02-00,2559.9208303738174,93.55153285104065
chipseq-may-2~+00-03-00,2635.430380132146,93.55153285104065
chipseq-may-2~+00-04-00,2807.101057262653,93.55153285104065
chipseq-may-2~+00-05-00,3286.485965145758,93.55153285104065
chipseq-may-2~+00-06-00,4135.6308679892245,93.55153285104065
chipseq-may-2~+00-07-00,5026.490145713972,93.55153285104065
chipseq-may-2~+00-08-00,5532.5552419654705,93.55153285104065
chipseq-may-2~+00-09-00,5521.004683864057,93.55153285104065
chipseq-may-2~+00-10-00,5100.429295864695,93.55153285104065
chipseq-may-2~+00-11-00,4510.358578307491,93.55153285104065
chipseq-may-2~+00-12-00,3947.3993619630464,93.55153285104065
chipseq-may-2~+00-13-00,3550.7738173109383,93.55153285104065
chipseq-may-2~+00-14-00,3410.422586072888,93.55153285104065
chipseq-may-2~+00-15-00,3500.206807842829,93.55153285104065
chipseq-may-2~+00-16-00,3683.1968998592974,93.55153285104065
chipseq-may-2~+00-17-00,3848.3893512854124,93.55153285104065
chipseq-may-2~+00-18-00,3974.945388476696,93.55153285104065
chipseq-may-2~+00-19-00,3991.1898558872476,93.55153285104065
chipseq-may-2~+00-20-00,3675.4917533151324,93.55153285104065
chipseq-may-2~+00-21-00,3052.219203866427,93.55153285104065
chipseq-may-2~+00-22-00,2449.5585010969894,93.55153285104065
chipseq-may-2~+00-23-00,2076.2685945051617,93.55153285104065
chipseq-may-2~+01-00-00,1909.5646890064822,93.55153285104065
