trace,op_ems,emb_ems
nanoseq-apr-3,67.89347341641786,2.2487745329175857
nanoseq-apr-3~+00-01-00,68.12763877388092,2.2487745329175857
nanoseq-apr-3~+00-02-00,74.28310807219108,2.2487745329175857
nanoseq-apr-3~+00-03-00,84.84792119961338,2.2487745329175857
nanoseq-apr-3~+00-04-00,98.66200109714808,2.2487745329175857
nanoseq-apr-3~+00-05-00,112.96137887810322,2.2487745329175857
nanoseq-apr-3~+00-06-00,123.81704467078094,2.2487745329175857
nanoseq-apr-3~+00-07-00,128.8196893385076,2.2487745329175857
nanoseq-apr-3~+00-08-00,127.5638612024673,2.2487745329175857
nanoseq-apr-3~+00-09-00,121.12255623829809,2.2487745329175857
nanoseq-apr-3~+00-10-00,111.57171993449708,2.2487745329175857
nanoseq-apr-3~+00-11-00,100.76767262300082,2.2487745329175857
nanoseq-apr-3~+00-12-00,89.96953600981003,2.2487745329175857
nanoseq-apr-3~+00-13-00,80.89090689348241,2.2487745329175857
nanoseq-apr-3~+00-14-00,74.64072454571799,2.2487745329175857
nanoseq-apr-3~+00-15-00,71.68289304435893,2.2487745329175857
nanoseq-apr-3~+00-16-00,72.09305835286612,2.2487745329175857
nanoseq-apr-3~+00-17-00,73.81200156016637,2.2487745329175857
nanoseq-apr-3~+00-18-00,74.58496904489081,2.2487745329175857
nanoseq-apr-3~+00-19-00,73.0866991509823,2.2487745329175857
nanoseq-apr-3~+00-20-00,68.95582150110539,2.2487745329175857
nanoseq-apr-3~+00-21-00,63.19395255601971,2.2487745329175857
nanoseq-apr-3~+00-22-00,57.15883819744424,2.2487745329175857
nanoseq-apr-3~+00-23-00,52.20877267293184,2.2487745329175857
nanoseq-apr-3~+01-00-00,48.94890911947635,2.2487745329175857
