trace,op_ems,emb_ems
sarek-aug-3,4451.151200908672,179.93408696821612
sarek-aug-3~+00-01-00,4532.49474036042,179.93408696821612
sarek-aug-3~+00-02-00,5116.298340402168,179.93408696821612
sarek-aug-3~+00-03-00,6530.942651683875,179.93408696821612
sarek-aug-3~+00-04-00,8550.221666342815,179.93408696821612
sarek-aug-3~+00-05-00,10974.365634020527,179.93408696821612
sarek-aug-3~+00-06-00,13236.38105716284,179.93408696821612
sarek-aug-3~+00-07-00,14863.410478014002,179.93408696821612
sarek-aug-3~+00-08-00,15714.041705502392,179.93408696821612
sarek-aug-3~+00-09-00,15743.17200994534,179.93408696821612
sarek-aug-3~+00-10-00,15435.176934715211,179.93408696821612
sarek-aug-3~+00-11-00,14963.050876000943,179.93408696821612
sarek-aug-3~+00-12-00,14572.743705181718,179.93408696821612
sarek-aug-3~+00-13-00,14153.597126009809,179.93408696821612
sarek-aug-3~+00-14-00,13901.112305435488,179.93408696821612
sarek-aug-3~+00-15-00,13742.832707613898,179.93408696821612
sarek-aug-3~+00-16-00,13589.501397543563,179.93408696821612
sarek-aug-3~+00-17-00,13398.96064311137,179.93408696821612
sarek-aug-3~+00-18-00,12925.118320380298,179.93408696821612
sarek-aug-3~+00-19-00,11930.778789114924,179.93408696821612
sarek-aug-3~+00-20-00,10428.697578450467,179.93408696821612
sarek-aug-3~+00-21-00,8795.19722792539,179.93408696821612
sarek-aug-3~+00-22-00,7225.668574098626,179.93408696821612
sarek-aug-3~+00-23-00,5987.506885878896,179.93408696821612
sarek-aug-3~+01-00-00,5289.960283169895,179.93408696821612
