trace,op_ems,emb_ems
chipseq-jan-1,8227.43939969929,95.2845684694022
chipseq-jan-1~+00-01-00,8143.570468841181,95.2845684694022
chipseq-jan-1~+00-02-00,8282.17971334495,95.2845684694022
chipseq-jan-1~+00-03-00,8595.779071943458,95.2845684694022
chipseq-jan-1~+00-04-00,8948.017622174362,95.2845684694022
chipseq-jan-1~+00-05-00,9217.159267693633,95.2845684694022
chipseq-jan-1~+00-06-00,9396.877956798899,95.2845684694022
chipseq-jan-1~+00-07-00,9535.257099796683,95.2845684694022
chipseq-jan-1~+00-08-00,9645.812794437643,95.2845684694022
chipseq-jan-1~+00-09-00,9725.851218934698,95.2845684694022
chipseq-jan-1~+00-10-00,9779.735846614465,95.2845684694022
chipseq-jan-1~+00-11-00,9800.65151584459,95.2845684694022
chipseq-jan-1~+00-12-00,9799.939376031356,95.2845684694022
chipseq-jan-1~+00-13-00,9808.203061061573,95.2845684694022
chipseq-jan-1~+00-14-00,9835.606040973105,95.2845684694022
chipseq-jan-1~+00-15-00,9878.919599653042,95.2845684694022
chipseq-jan-1~+00-16-00,9973.03266786394,95.2845684694022
chipseq-jan-1~+00-17-00,10172.653359410033,95.2845684694022
chipseq-jan-1~+00-18-00,10475.500945868827,95.2845684694022
chipseq-jan-1~+00-19-00,10785.759952906825,95.2845684694022
chipseq-jan-1~+00-20-00,10994.583382988074,95.2845684694022
chipseq-jan-1~+00-21-00,11005.63488201534,95.2845684694022
chipseq-jan-1~+00-22-00,10788.83025694228,95.2845684694022
chipseq-jan-1~+00-23-00,10431.255087417278,95.2845684694022
chipseq-jan-1~+01-00-00,10165.68867604112,95.2845684694022
