trace,op_ems,emb_ems
sarek-feb-2,14794.348044470204,181.81188075481478
sarek-feb-2~+00-01-00,14757.059984537742,181.81188075481478
sarek-feb-2~+00-02-00,15060.284459144672,181.81188075481478
sarek-feb-2~+00-03-00,15627.202025485163,181.81188075481478
sarek-feb-2~+00-04-00,16146.4097538643,181.81188075481478
sarek-feb-2~+00-05-00,16455.007100823732,181.81188075481478
sarek-feb-2~+00-06-00,16544.457036144417,181.81188075481478
sarek-feb-2~+00-07-00,16494.347676243728,181.81188075481478
sarek-feb-2~+00-08-00,16365.77365081588,181.81188075481478
sarek-feb-2~+00-09-00,16137.383369126865,181.81188075481478
sarek-feb-2~+00-10-00,15764.699369616092,181.81188075481478
sarek-feb-2~+00-11-00,15208.58223993905,181.81188075481478
sarek-feb-2~+00-12-00,14502.493987694837,181.81188075481478
sarek-feb-2~+00-13-00,13850.708370940287,181.81188075481478
sarek-feb-2~+00-14-00,13409.327824192222,181.81188075481478
sarek-feb-2~+00-15-00,13299.078657628046,181.81188075481478
sarek-feb-2~+00-16-00,13635.684664541657,181.81188075481478
sarek-feb-2~+00-17-00,14241.085586217772,181.81188075481478
sarek-feb-2~+00-18-00,14701.283556562455,181.81188075481478
sarek-feb-2~+00-19-00,14576.37268543623,181.81188075481478
sarek-feb-2~+00-20-00,13817.298810135439,181.81188075481478
sarek-feb-2~+00-21-00,12661.554738228217,181.81188075481478
sarek-feb-2~+00-22-00,11452.948558828473,181.81188075481478
sarek-feb-2~+00-23-00,10569.482613296768,181.81188075481478
sarek-feb-2~+01-00-00,10413.313392130658,181.81188075481478
