trace,op_ems,emb_ems
montage-apr-1,839.9470156928229,5.110399681598096
montage-apr-1~+00-01-00,884.5629615139496,5.110399681598096
montage-apr-1~+00-02-00,842.52791133433,5.110399681598096
montage-apr-1~+00-03-00,841.4277011289786,5.110399681598096
montage-apr-1~+00-04-00,843.0877525513273,5.110399681598096
montage-apr-1~+00-05-00,827.2299677734525,5.110399681598096
montage-apr-1~+00-06-00,825.1138730999972,5.110399681598096
montage-apr-1~+00-07-00,845.6651479990953,5.110399681598096
montage-apr-1~+00-08-00,851.1134404337369,5.110399681598096
montage-apr-1~+00-09-00,894.5508793983059,5.110399681598096
montage-apr-1~+00-10-00,890.3647643231712,5.110399681598096
montage-apr-1~+00-11-00,899.0574238963152,5.110399681598096
montage-apr-1~+00-12-00,919.2089369107055,5.110399681598096
montage-apr-1~+00-13-00,914.4233410538546,5.110399681598096
montage-apr-1~+00-14-00,929.4892238632318,5.110399681598096
montage-apr-1~+00-15-00,925.7873467255189,5.110399681598096
montage-apr-1~+00-16-00,953.6674523666725,5.110399681598096
montage-apr-1~+00-17-00,954.6609640675711,5.110399681598096
montage-apr-1~+00-18-00,926.7862813716405,5.110399681598096
montage-apr-1~+00-19-00,923.9991840040351,5.110399681598096
montage-apr-1~+00-20-00,841.5464971373657,5.110399681598096
montage-apr-1~+00-21-00,829.0601015478453,5.110399681598096
montage-apr-1~+00-22-00,871.5831391605474,5.110399681598096
montage-apr-1~+00-23-00,836.8961665760626,5.110399681598096
montage-apr-1~+01-00-00,844.2385667824137,5.110399681598096
