trace,op_ems,emb_ems
chipseq-apr-1,4609.346792926696,95.2845684694022
chipseq-apr-1~+00-01-00,4298.677675290304,95.2845684694022
chipseq-apr-1~+00-02-00,4312.419145169962,95.2845684694022
chipseq-apr-1~+00-03-00,4627.931552084292,95.2845684694022
chipseq-apr-1~+00-04-00,5357.761596719003,95.2845684694022
chipseq-apr-1~+00-05-00,6463.594435289602,95.2845684694022
chipseq-apr-1~+00-06-00,7621.096307218258,95.2845684694022
chipseq-apr-1~+00-07-00,8486.429349056529,95.2845684694022
chipseq-apr-1~+00-08-00,8822.783389871749,95.2845684694022
chipseq-apr-1~+00-09-00,8631.592473910097,95.2845684694022
chipseq-apr-1~+00-10-00,8095.451858713545,95.2845684694022
chipseq-apr-1~+00-11-00,7411.047552165347,95.2845684694022
chipseq-apr-1~+00-12-00,6681.592021775476,95.2845684694022
chipseq-apr-1~+00-13-00,5929.773707752913,95.2845684694022
chipseq-apr-1~+00-14-00,5227.801756018924,95.2845684694022
chipseq-apr-1~+00-15-00,4725.362114389225,95.2845684694022
chipseq-apr-1~+00-16-00,4557.755895026185,95.2845684694022
chipseq-apr-1~+00-17-00,4691.993037121469,95.2845684694022
chipseq-apr-1~+00-18-00,4932.568890161457,95.2845684694022
chipseq-apr-1~+00-19-00,5081.691754031659,95.2845684694022
chipseq-apr-1~+00-20-00,4978.224876632371,95.2845684694022
chipseq-apr-1~+00-21-00,4627.255864851271,95.2845684694022
chipseq-apr-1~+00-22-00,4165.088363420952,95.2845684694022
chipseq-apr-1~+00-23-00,3722.3259389549507,95.2845684694022
chipseq-apr-1~+01-00-00,3380.34645002812,95.2845684694022
