trace,op_ems,emb_ems
rangeland-feb-1,4009.461072329675,56.24585137653058
rangeland-feb-1~+00-01-00,4051.8219770546475,56.24585137653058
rangeland-feb-1~+00-02-00,4101.495075862895,56.24585137653058
rangeland-feb-1~+00-03-00,4173.013535673644,56.24585137653058
rangeland-feb-1~+00-04-00,4238.690880696635,56.24585137653058
rangeland-feb-1~+00-05-00,4298.274975647152,56.24585137653058
rangeland-feb-1~+00-06-00,4326.064235010078,56.24585137653058
rangeland-feb-1~+00-07-00,4294.153590263163,56.24585137653058
rangeland-feb-1~+00-08-00,4215.403324596325,56.24585137653058
rangeland-feb-1~+00-09-00,4097.700067689345,56.24585137653058
rangeland-feb-1~+00-10-00,3966.95939073809,56.24585137653058
rangeland-feb-1~+00-11-00,3845.3579389410215,56.24585137653058
rangeland-feb-1~+00-12-00,3730.3142349070863,56.24585137653058
rangeland-feb-1~+00-13-00,3657.063089088082,56.24585137653058
rangeland-feb-1~+00-14-00,3649.5829714983547,56.24585137653058
rangeland-feb-1~+00-15-00,3683.6951020884653,56.24585137653058
rangeland-feb-1~+00-16-00,3717.8822031609775,56.24585137653058
rangeland-feb-1~+00-17-00,3688.5016458975865,56.24585137653058
rangeland-feb-1~+00-18-00,3613.5430174490443,56.24585137653058
rangeland-feb-1~+00-19-00,3493.0882743424227,56.24585137653058
rangeland-feb-1~+00-20-00,3338.336586630652,56.24585137653058
rangeland-feb-1~+00-21-00,3161.9875644810454,56.24585137653058
rangeland-feb-1~+00-22-00,3036.487472452848,56.24585137653058
rangeland-feb-1~+00-23-00,3020.2895801347004,56.24585137653058
rangeland-feb-1~+01-00-00,3144.338057938635,56.24585137653058
