trace,op_ems,emb_ems
mag-jan-1,12915.250408381402,170.94595497756436
mag-jan-1~+00-01-00,13073.40023186113,170.94595497756436
mag-jan-1~+00-02-00,13242.488679958975,170.94595497756436
mag-jan-1~+00-03-00,13417.681256258682,170.94595497756436
mag-jan-1~+00-04-00,13585.049486857793,170.94595497756436
mag-jan-1~+00-05-00,13718.489194241312,170.94595497756436
mag-jan-1~+00-06-00,13829.270221439783,170.94595497756436
mag-jan-1~+00-07-00,13949.479860517089,170.94595497756436
mag-jan-1~+00-08-00,14114.966019480667,170.94595497756436
mag-jan-1~+00-09-00,14312.523523559832,170.94595497756436
mag-jan-1~+00-10-00,14522.218699583356,170.94595497756436
mag-jan-1~+00-11-00,14711.552451681811,170.94595497756436
mag-jan-1~+00-12-00,14789.601770797202,170.94595497756436
mag-jan-1~+00-13-00,14749.825276716048,170.94595497756436
mag-jan-1~+00-14-00,14683.650501253322,170.94595497756436
mag-jan-1~+00-15-00,14635.291449003274,170.94595497756436
mag-jan-1~+00-16-00,14690.913163121497,170.94595497756436
mag-jan-1~+00-17-00,14890.264697890043,170.94595497756436
mag-jan-1~+00-18-00,15147.345563054823,170.94595497756436
mag-jan-1~+00-19-00,15310.279736368097,170.94595497756436
mag-jan-1~+00-20-00,15324.090903505848,170.94595497756436
mag-jan-1~+00-21-00,15288.29589325836,170.94595497756436
mag-jan-1~+00-22-00,15265.571203142285,170.94595497756436
mag-jan-1~+00-23-00,15345.421988016096,170.94595497756436
mag-jan-1~+01-00-00,15528.955867252958,170.94595497756436
