trace,op_ems,emb_ems
chipseq-dec-3,6533.20852886824,95.28231502287919
chipseq-dec-3~+00-01-00,6461.595172194338,95.28231502287919
chipseq-dec-3~+00-02-00,6437.342460508062,95.28231502287919
chipseq-dec-3~+00-03-00,6473.578573570629,95.28231502287919
chipseq-dec-3~+00-04-00,6535.160356955086,95.28231502287919
chipseq-dec-3~+00-05-00,6598.315350939781,95.28231502287919
chipseq-dec-3~+00-06-00,6669.799632933378,95.28231502287919
chipseq-dec-3~+00-07-00,6744.074563418771,95.28231502287919
chipseq-dec-3~+00-08-00,6811.11600736157,95.28231502287919
chipseq-dec-3~+00-09-00,6877.689909549777,95.28231502287919
chipseq-dec-3~+00-10-00,6941.39512542676,95.28231502287919
chipseq-dec-3~+00-11-00,7010.4820754017255,95.28231502287919
chipseq-dec-3~+00-12-00,7037.447327829781,95.28231502287919
chipseq-dec-3~+00-13-00,7011.652864027073,95.28231502287919
chipseq-dec-3~+00-14-00,6950.6372993248415,95.28231502287919
chipseq-dec-3~+00-15-00,6892.927744208588,95.28231502287919
chipseq-dec-3~+00-16-00,6893.873940593831,95.28231502287919
chipseq-dec-3~+00-17-00,7006.052424718368,95.28231502287919
chipseq-dec-3~+00-18-00,7228.172028969171,95.28231502287919
chipseq-dec-3~+00-19-00,7545.3660482586665,95.28231502287919
chipseq-dec-3~+00-20-00,7873.388325274966,95.28231502287919
chipseq-dec-3~+00-21-00,8092.746511010154,95.28231502287919
chipseq-dec-3~+00-22-00,8214.539841290232,95.28231502287919
chipseq-dec-3~+00-23-00,8329.507425146341,95.28231502287919
chipseq-dec-3~+01-00-00,8477.148913654764,95.28231502287919
