trace,op_ems,emb_ems
mag-jul-1,9115.650859392046,170.94595497756436
mag-jul-1~+00-01-00,9741.812338892485,170.94595497756436
mag-jul-1~+00-02-00,10263.26405788879,170.94595497756436
mag-jul-1~+00-03-00,10731.25986078245,170.94595497756436
mag-jul-1~+00-04-00,11178.093955714163,170.94595497756436
mag-jul-1~+00-05-00,11558.865570818874,170.94595497756436
mag-jul-1~+00-06-00,11919.891096822252,170.94595497756436
mag-jul-1~+00-07-00,12176.562195288048,170.94595497756436
mag-jul-1~+00-08-00,12255.864508362374,170.94595497756436
mag-jul-1~+00-09-00,12109.56244683763,170.94595497756436
mag-jul-1~+00-10-00,11672.36994084017,170.94595497756436
mag-jul-1~+00-11-00,10963.915804183362,170.94595497756436
mag-jul-1~+00-12-00,10038.867149704605,170.94595497756436
mag-jul-1~+00-13-00,9052.505448761613,170.94595497756436
mag-jul-1~+00-14-00,8189.743995817967,170.94595497756436
mag-jul-1~+00-15-00,7530.1135494378195,170.94595497756436
mag-jul-1~+00-16-00,7053.302893511059,170.94595497756436
mag-jul-1~+00-17-00,6607.370457303796,170.94595497756436
mag-jul-1~+00-18-00,6121.416995680659,170.94595497756436
mag-jul-1~+00-19-00,5704.209126823713,170.94595497756436
mag-jul-1~+00-20-00,5499.940200908496,170.94595497756436
mag-jul-1~+00-21-00,5566.754942048643,170.94595497756436
mag-jul-1~+00-22-00,5831.238411411128,170.94595497756436
mag-jul-1~+00-23-00,6177.660941970128,170.94595497756436
mag-jul-1~+01-00-00,6431.250956417741,170.94595497756436
