trace,op_ems,emb_ems
chipseq-jul-1,2813.3142873405886,95.2845684694022
chipseq-jul-1~+00-01-00,2769.4870984396557,95.2845684694022
chipseq-jul-1~+00-02-00,2911.3267921898087,95.2845684694022
chipseq-jul-1~+00-03-00,3299.087571192529,95.2845684694022
chipseq-jul-1~+00-04-00,4046.972869435733,95.2845684694022
chipseq-jul-1~+00-05-00,5239.538300633281,95.2845684694022
chipseq-jul-1~+00-06-00,6742.06023006325,95.2845684694022
chipseq-jul-1~+00-07-00,8225.1813526151,95.2845684694022
chipseq-jul-1~+00-08-00,9332.574579807497,95.2845684694022
chipseq-jul-1~+00-09-00,9954.728297962438,95.2845684694022
chipseq-jul-1~+00-10-00,10126.274409158874,95.2845684694022
chipseq-jul-1~+00-11-00,9928.243676313296,95.2845684694022
chipseq-jul-1~+00-12-00,9451.774647032229,95.2845684694022
chipseq-jul-1~+00-13-00,8844.228304905248,95.2845684694022
chipseq-jul-1~+00-14-00,8316.283592745476,95.2845684694022
chipseq-jul-1~+00-15-00,7963.583340116655,95.2845684694022
chipseq-jul-1~+00-16-00,7743.547036145023,95.2845684694022
chipseq-jul-1~+00-17-00,7588.252325022747,95.2845684694022
chipseq-jul-1~+00-18-00,7409.882264237123,95.2845684694022
chipseq-jul-1~+00-19-00,7050.613453532077,95.2845684694022
chipseq-jul-1~+00-20-00,6312.032642986133,95.2845684694022
chipseq-jul-1~+00-21-00,5187.7054790737975,95.2845684694022
chipseq-jul-1~+00-22-00,4025.481817487462,95.2845684694022
chipseq-jul-1~+00-23-00,3213.229562502981,95.2845684694022
chipseq-jul-1~+01-00-00,2820.3511971546964,95.2845684694022
