trace,op_ems,emb_ems
sarek-apr-2,32463.953372243122,185.95754100781198
sarek-apr-2~+00-01-00,32419.59026060978,185.95754100781198
sarek-apr-2~+00-02-00,32722.91543630602,185.95754100781198
sarek-apr-2~+00-03-00,33235.19682491148,185.95754100781198
sarek-apr-2~+00-04-00,33308.45664114867,185.95754100781198
sarek-apr-2~+00-05-00,32624.32880485427,185.95754100781198
sarek-apr-2~+00-06-00,32639.726699859206,185.95754100781198
sarek-apr-2~+00-07-00,33118.39258795453,185.95754100781198
sarek-apr-2~+00-08-00,33531.53481197915,185.95754100781198
sarek-apr-2~+00-09-00,34137.303707496845,185.95754100781198
sarek-apr-2~+00-10-00,34600.68424745054,185.95754100781198
sarek-apr-2~+00-11-00,34766.48938737713,185.95754100781198
sarek-apr-2~+00-12-00,34734.28832430338,185.95754100781198
sarek-apr-2~+00-13-00,34506.64052820474,185.95754100781198
sarek-apr-2~+00-14-00,34299.38193823621,185.95754100781198
sarek-apr-2~+00-15-00,34231.57243088094,185.95754100781198
sarek-apr-2~+00-16-00,33840.14343626443,185.95754100781198
sarek-apr-2~+00-17-00,33250.44611735233,185.95754100781198
sarek-apr-2~+00-18-00,33177.02383483984,185.95754100781198
sarek-apr-2~+00-19-00,33096.84626534398,185.95754100781198
sarek-apr-2~+00-20-00,32978.05751642714,185.95754100781198
sarek-apr-2~+00-21-00,33289.72732836064,185.95754100781198
sarek-apr-2~+00-22-00,33249.74163765175,185.95754100781198
sarek-apr-2~+00-23-00,32971.84394909532,185.95754100781198
sarek-apr-2~+01-00-00,32740.4856764424,185.95754100781198
