trace,op_ems,emb_ems
mag-nov-2,24689.842674402513,170.82096393261858
mag-nov-2~+00-01-00,25075.14248119087,170.82096393261858
mag-nov-2~+00-02-00,25508.748173702363,170.82096393261858
mag-nov-2~+00-03-00,25826.44489464869,170.82096393261858
mag-nov-2~+00-04-00,25976.73987832111,170.82096393261858
mag-nov-2~+00-05-00,26001.214989604054,170.82096393261858
mag-nov-2~+00-06-00,26145.134600888323,170.82096393261858
mag-nov-2~+00-07-00,26237.77861394479,170.82096393261858
mag-nov-2~+00-08-00,26343.342147796793,170.82096393261858
mag-nov-2~+00-09-00,26427.880045571135,170.82096393261858
mag-nov-2~+00-10-00,26416.101909532113,170.82096393261858
mag-nov-2~+00-11-00,26311.964625285196,170.82096393261858
mag-nov-2~+00-12-00,26129.71939532864,170.82096393261858
mag-nov-2~+00-13-00,25888.240320907804,170.82096393261858
mag-nov-2~+00-14-00,25572.52228452675,170.82096393261858
mag-nov-2~+00-15-00,25330.6516148173,170.82096393261858
mag-nov-2~+00-16-00,25153.44955629865,170.82096393261858
mag-nov-2~+00-17-00,25043.072540569538,170.82096393261858
mag-nov-2~+00-18-00,24914.275853138082,170.82096393261858
mag-nov-2~+00-19-00,24753.133354241996,170.82096393261858
mag-nov-2~+00-20-00,24554.178724746573,170.82096393261858
mag-nov-2~+00-21-00,24288.978708387905,170.82096393261858
mag-nov-2~+00-22-00,24051.558186523704,170.82096393261858
mag-nov-2~+00-23-00,23891.824579941676,170.82096393261858
mag-nov-2~+01-00-00,23746.533944457427,170.82096393261858
