trace,op_ems,emb_ems
mag-feb-1,25256.49650355671,171.36263744391223
mag-feb-1~+00-01-00,25458.81553680687,171.36263744391223
mag-feb-1~+00-02-00,25494.80681173701,171.36263744391223
mag-feb-1~+00-03-00,25524.365618932236,171.36263744391223
mag-feb-1~+00-04-00,25521.89265021443,171.36263744391223
mag-feb-1~+00-05-00,25585.032411205717,171.36263744391223
mag-feb-1~+00-06-00,25561.750067401903,171.36263744391223
mag-feb-1~+00-07-00,25664.287584719186,171.36263744391223
mag-feb-1~+00-08-00,25903.6492606198,171.36263744391223
mag-feb-1~+00-09-00,25931.140618899335,171.36263744391223
mag-feb-1~+00-10-00,25850.94458180368,171.36263744391223
mag-feb-1~+00-11-00,25642.016034302276,171.36263744391223
mag-feb-1~+00-12-00,25483.082505514187,171.36263744391223
mag-feb-1~+00-13-00,25381.289080200928,171.36263744391223
mag-feb-1~+00-14-00,25203.68208052989,171.36263744391223
mag-feb-1~+00-15-00,25223.879075263954,171.36263744391223
mag-feb-1~+00-16-00,25224.394943242325,171.36263744391223
mag-feb-1~+00-17-00,25063.639868275885,171.36263744391223
mag-feb-1~+00-18-00,24839.401666676258,171.36263744391223
mag-feb-1~+00-19-00,24603.67411096422,171.36263744391223
mag-feb-1~+00-20-00,24430.12220052671,171.36263744391223
mag-feb-1~+00-21-00,24470.35583773216,171.36263744391223
mag-feb-1~+00-22-00,24722.362496120706,171.36263744391223
mag-feb-1~+00-23-00,24964.58058514821,171.36263744391223
mag-feb-1~+01-00-00,25166.282888261492,171.36263744391223
