trace,op_ems,emb_ems
montage-may-1,400.616351242901,5.110399681598096
montage-may-1~+00-01-00,41.69964535530896,5.110399681598096
montage-may-1~+00-02-00,0.0,5.110399681598096
montage-may-1~+00-03-00,0.0,5.110399681598096
montage-may-1~+00-04-00,0.0,5.110399681598096
montage-may-1~+00-05-00,3.5806464674462304,5.110399681598096
montage-may-1~+00-06-00,175.3847585921062,5.110399681598096
montage-may-1~+00-07-00,450.07463925175597,5.110399681598096
montage-may-1~+00-08-00,813.2240858911863,5.110399681598096
montage-may-1~+00-09-00,846.2011795039705,5.110399681598096
montage-may-1~+00-10-00,844.4088747245157,5.110399681598096
montage-may-1~+00-11-00,863.1564780140217,5.110399681598096
montage-may-1~+00-12-00,889.1491638566428,5.110399681598096
montage-may-1~+00-13-00,914.6509970479705,5.110399681598096
montage-may-1~+00-14-00,932.2618355821667,5.110399681598096
montage-may-1~+00-15-00,945.0791273432363,5.110399681598096
montage-may-1~+00-16-00,924.768528812294,5.110399681598096
montage-may-1~+00-17-00,931.0599894960326,5.110399681598096
montage-may-1~+00-18-00,954.1251037903834,5.110399681598096
montage-may-1~+00-19-00,916.665659547691,5.110399681598096
montage-may-1~+00-20-00,862.9841553602109,5.110399681598096
montage-may-1~+00-21-00,849.7932790006581,5.110399681598096
montage-may-1~+00-22-00,833.9662804507382,5.110399681598096
montage-may-1~+00-23-00,837.3801110640376,5.110399681598096
montage-may-1~+01-00-00,401.8421674242566,5.110399681598096
