trace,op_ems,emb_ems
rangeland-jun-3,1713.3721767472334,56.21086774659671
rangeland-jun-3~+00-01-00,1733.7921506127814,56.21086774659671
rangeland-jun-3~+00-02-00,1853.1304060340985,56.21086774659671
rangeland-jun-3~+00-03-00,2031.7517613615562,56.21086774659671
rangeland-jun-3~+00-04-00,2235.5626842320075,56.21086774659671
rangeland-jun-3~+00-05-00,2436.7394234091203,56.21086774659671
rangeland-jun-3~+00-06-00,2617.8813884869824,56.21086774659671
rangeland-jun-3~+00-07-00,2737.0337677340126,56.21086774659671
rangeland-jun-3~+00-08-00,2736.9432430147,56.21086774659671
rangeland-jun-3~+00-09-00,2695.0529898151367,56.21086774659671
rangeland-jun-3~+00-10-00,2622.152317057214,56.21086774659671
rangeland-jun-3~+00-11-00,2510.563171545744,56.21086774659671
rangeland-jun-3~+00-12-00,2388.8553012258703,56.21086774659671
rangeland-jun-3~+00-13-00,2287.241565977902,56.21086774659671
rangeland-jun-3~+00-14-00,2206.3443334186377,56.21086774659671
rangeland-jun-3~+00-15-00,2197.9104041193305,56.21086774659671
rangeland-jun-3~+00-16-00,2136.9919926380303,56.21086774659671
rangeland-jun-3~+00-17-00,2055.1775662752902,56.21086774659671
rangeland-jun-3~+00-18-00,1976.1617619810286,56.21086774659671
rangeland-jun-3~+00-19-00,1855.6324374405624,56.21086774659671
rangeland-jun-3~+00-20-00,1704.4731073181401,56.21086774659671
rangeland-jun-3~+00-21-00,1561.9848680522764,56.21086774659671
rangeland-jun-3~+00-22-00,1417.53675281499,56.21086774659671
rangeland-jun-3~+00-23-00,1321.8339362299776,56.21086774659671
rangeland-jun-3~+01-00-00,1284.3580390398974,56.21086774659671
