trace,op_ems,emb_ems
sarek-aug-2,33253.89149940043,185.95754100781198
sarek-aug-2~+00-01-00,29882.883391840183,185.95754100781198
sarek-aug-2~+00-02-00,27816.92500116865,185.95754100781198
sarek-aug-2~+00-03-00,28771.457470709258,185.95754100781198
sarek-aug-2~+00-04-00,30192.270223624357,185.95754100781198
sarek-aug-2~+00-05-00,31258.314082820387,185.95754100781198
sarek-aug-2~+00-06-00,32331.911507190754,185.95754100781198
sarek-aug-2~+00-07-00,32284.0503190457,185.95754100781198
sarek-aug-2~+00-08-00,32746.242363603174,185.95754100781198
sarek-aug-2~+00-09-00,33356.90467392886,185.95754100781198
sarek-aug-2~+00-10-00,33984.33520156611,185.95754100781198
sarek-aug-2~+00-11-00,34372.0086499768,185.95754100781198
sarek-aug-2~+00-12-00,34549.43299403342,185.95754100781198
sarek-aug-2~+00-13-00,34639.296025847594,185.95754100781198
sarek-aug-2~+00-14-00,34698.36944826777,185.95754100781198
sarek-aug-2~+00-15-00,34297.15868528885,185.95754100781198
sarek-aug-2~+00-16-00,33869.589704749946,185.95754100781198
sarek-aug-2~+00-17-00,33462.46543785683,185.95754100781198
sarek-aug-2~+00-18-00,33517.98826696566,185.95754100781198
sarek-aug-2~+00-19-00,33634.382717560016,185.95754100781198
sarek-aug-2~+00-20-00,33113.3036756383,185.95754100781198
sarek-aug-2~+00-21-00,32139.070327748756,185.95754100781198
sarek-aug-2~+00-22-00,31695.004447774438,185.95754100781198
sarek-aug-2~+00-23-00,32343.918772430225,185.95754100781198
sarek-aug-2~+01-00-00,29915.564114466204,185.95754100781198
