trace,op_ems,emb_ems
chipseq-oct-2,18257.12029710085,98.55920482780722
chipseq-oct-2~+00-01-00,18217.510083801742,98.55920482780722
chipseq-oct-2~+00-02-00,18191.99533080724,98.55920482780722
chipseq-oct-2~+00-03-00,18216.474688694467,98.55920482780722
chipseq-oct-2~+00-04-00,18227.881322541012,98.55920482780722
chipseq-oct-2~+00-05-00,18246.923761504037,98.55920482780722
chipseq-oct-2~+00-06-00,18313.40128161737,98.55920482780722
chipseq-oct-2~+00-07-00,18473.535470435527,98.55920482780722
chipseq-oct-2~+00-08-00,18722.106956993986,98.55920482780722
chipseq-oct-2~+00-09-00,19021.785593388664,98.55920482780722
chipseq-oct-2~+00-10-00,19227.583782628684,98.55920482780722
chipseq-oct-2~+00-11-00,19371.063701022947,98.55920482780722
chipseq-oct-2~+00-12-00,19557.653149813857,98.55920482780722
chipseq-oct-2~+00-13-00,19604.259191867688,98.55920482780722
chipseq-oct-2~+00-14-00,19484.801266291557,98.55920482780722
chipseq-oct-2~+00-15-00,19293.03633478989,98.55920482780722
chipseq-oct-2~+00-16-00,19120.12502425564,98.55920482780722
chipseq-oct-2~+00-17-00,19057.965432251745,98.55920482780722
chipseq-oct-2~+00-18-00,19012.25233254286,98.55920482780722
chipseq-oct-2~+00-19-00,19085.717424138744,98.55920482780722
chipseq-oct-2~+00-20-00,19213.33193643497,98.55920482780722
chipseq-oct-2~+00-21-00,18957.042424217077,98.55920482780722
chipseq-oct-2~+00-22-00,18767.1234064645,98.55920482780722
chipseq-oct-2~+00-23-00,18082.031617809014,98.55920482780722
chipseq-oct-2~+01-00-00,17517.545690200554,98.55920482780722
