trace,op_ems,emb_ems
sarek-mar-2,9565.614148327957,181.81188075481478
sarek-mar-2~+00-01-00,10244.48842779685,181.81188075481478
sarek-mar-2~+00-02-00,11456.595723258191,181.81188075481478
sarek-mar-2~+00-03-00,12983.64425227086,181.81188075481478
sarek-mar-2~+00-04-00,14601.302179053577,181.81188075481478
sarek-mar-2~+00-05-00,15966.227463910795,181.81188075481478
sarek-mar-2~+00-06-00,17082.066629459427,181.81188075481478
sarek-mar-2~+00-07-00,17933.635068370884,181.81188075481478
sarek-mar-2~+00-08-00,18480.20582684725,181.81188075481478
sarek-mar-2~+00-09-00,18794.130214780438,181.81188075481478
sarek-mar-2~+00-10-00,19007.747324624434,181.81188075481478
sarek-mar-2~+00-11-00,19171.515916290624,181.81188075481478
sarek-mar-2~+00-12-00,19361.955618398297,181.81188075481478
sarek-mar-2~+00-13-00,19451.234012911384,181.81188075481478
sarek-mar-2~+00-14-00,19474.180605204885,181.81188075481478
sarek-mar-2~+00-15-00,19594.76737779317,181.81188075481478
sarek-mar-2~+00-16-00,19733.410299001032,181.81188075481478
sarek-mar-2~+00-17-00,19766.19581067751,181.81188075481478
sarek-mar-2~+00-18-00,19618.252458472303,181.81188075481478
sarek-mar-2~+00-19-00,19293.133257034835,181.81188075481478
sarek-mar-2~+00-20-00,18812.160260516823,181.81188075481478
sarek-mar-2~+00-21-00,18266.37453742158,181.81188075481478
sarek-mar-2~+00-22-00,17829.416436436433,181.81188075481478
sarek-mar-2~+00-23-00,17656.601102095916,181.81188075481478
sarek-mar-2~+01-00-00,17665.869645163864,181.81188075481478
