trace,op_ems,emb_ems
nanoseq-apr-1,263.02713742503397,2.2493885276446886
nanoseq-apr-1~+00-01-00,263.8065967960233,2.2493885276446886
nanoseq-apr-1~+00-02-00,266.4187416721845,2.2493885276446886
nanoseq-apr-1~+00-03-00,268.879910564514,2.2493885276446886
nanoseq-apr-1~+00-04-00,267.4599825330547,2.2493885276446886
nanoseq-apr-1~+00-05-00,267.157810990273,2.2493885276446886
nanoseq-apr-1~+00-06-00,267.6616669627607,2.2493885276446886
nanoseq-apr-1~+00-07-00,267.6760029604029,2.2493885276446886
nanoseq-apr-1~+00-08-00,270.4721000535602,2.2493885276446886
nanoseq-apr-1~+00-09-00,277.03269148131835,2.2493885276446886
nanoseq-apr-1~+00-10-00,280.7540319892855,2.2493885276446886
nanoseq-apr-1~+00-11-00,281.7028973519105,2.2493885276446886
nanoseq-apr-1~+00-12-00,281.4246889792817,2.2493885276446886
nanoseq-apr-1~+00-13-00,279.80689733502095,2.2493885276446886
nanoseq-apr-1~+00-14-00,278.67884319495766,2.2493885276446886
nanoseq-apr-1~+00-15-00,276.66256135156533,2.2493885276446886
nanoseq-apr-1~+00-16-00,273.30583857122275,2.2493885276446886
nanoseq-apr-1~+00-17-00,271.0788180245645,2.2493885276446886
nanoseq-apr-1~+00-18-00,269.4574407801868,2.2493885276446886
nanoseq-apr-1~+00-19-00,267.32018249075145,2.2493885276446886
nanoseq-apr-1~+00-20-00,267.848822073947,2.2493885276446886
nanoseq-apr-1~+00-21-00,269.99742566862204,2.2493885276446886
nanoseq-apr-1~+00-22-00,268.84328172426626,2.2493885276446886
nanoseq-apr-1~+00-23-00,267.85396033636346,2.2493885276446886
nanoseq-apr-1~+01-00-00,258.2680808915435,2.2493885276446886
