trace,op_ems,emb_ems
nanoseq-sep-3,263.27964086112803,2.2520341597586646
nanoseq-sep-3~+00-01-00,263.26351133867337,2.2520341597586646
nanoseq-sep-3~+00-02-00,263.6184060027738,2.2520341597586646
nanoseq-sep-3~+00-03-00,261.8112712742975,2.2520341597586646
nanoseq-sep-3~+00-04-00,259.5944438540131,2.2520341597586646
nanoseq-sep-3~+00-05-00,259.3994463620532,2.2520341597586646
nanoseq-sep-3~+00-06-00,260.21423942476224,2.2520341597586646
nanoseq-sep-3~+00-07-00,262.73117952620487,2.2520341597586646
nanoseq-sep-3~+00-08-00,268.4096159908182,2.2520341597586646
nanoseq-sep-3~+00-09-00,275.408856061917,2.2520341597586646
nanoseq-sep-3~+00-10-00,281.2569673064061,2.2520341597586646
nanoseq-sep-3~+00-11-00,285.5770451102883,2.2520341597586646
nanoseq-sep-3~+00-12-00,287.54614695839297,2.2520341597586646
nanoseq-sep-3~+00-13-00,287.1192862079842,2.2520341597586646
nanoseq-sep-3~+00-14-00,286.8389347309719,2.2520341597586646
nanoseq-sep-3~+00-15-00,286.03593642808573,2.2520341597586646
nanoseq-sep-3~+00-16-00,284.69734175180804,2.2520341597586646
nanoseq-sep-3~+00-17-00,283.8967683470931,2.2520341597586646
nanoseq-sep-3~+00-18-00,282.39235753235204,2.2520341597586646
nanoseq-sep-3~+00-19-00,279.66522573336573,2.2520341597586646
nanoseq-sep-3~+00-20-00,273.3158749965223,2.2520341597586646
nanoseq-sep-3~+00-21-00,238.97634072418919,2.2520341597586646
nanoseq-sep-3~+00-22-00,189.10592727330518,2.2520341597586646
nanoseq-sep-3~+00-23-00,143.0640568300347,2.2520341597586646
nanoseq-sep-3~+01-00-00,88.38780202760016,2.2520341597586646
