trace,op_ems,emb_ems
rnaseq-apr-1,11343.765549282229,62.89105340684976
rnaseq-apr-1~+00-01-00,11326.129135919487,62.89105340684976
rnaseq-apr-1~+00-02-00,11344.45278811037,62.89105340684976
rnaseq-apr-1~+00-03-00,11347.703021802532,62.89105340684976
rnaseq-apr-1~+00-04-00,11467.739429700006,62.89105340684976
rnaseq-apr-1~+00-05-00,11663.040222365753,62.89105340684976
rnaseq-apr-1~+00-06-00,11681.001311962935,62.89105340684976
rnaseq-apr-1~+00-07-00,11342.665295805686,62.89105340684976
rnaseq-apr-1~+00-08-00,11233.223542139556,62.89105340684976
rnaseq-apr-1~+00-09-00,11581.049966227987,62.89105340684976
rnaseq-apr-1~+00-10-00,11946.322969137884,62.89105340684976
rnaseq-apr-1~+00-11-00,12113.04053418705,62.89105340684976
rnaseq-apr-1~+00-12-00,12194.311713980047,62.89105340684976
rnaseq-apr-1~+00-13-00,12184.724553688626,62.89105340684976
rnaseq-apr-1~+00-14-00,12129.198628052478,62.89105340684976
rnaseq-apr-1~+00-15-00,12017.895883925026,62.89105340684976
rnaseq-apr-1~+00-16-00,11913.605063379759,62.89105340684976
rnaseq-apr-1~+00-17-00,11937.811242782689,62.89105340684976
rnaseq-apr-1~+00-18-00,11795.459783146594,62.89105340684976
rnaseq-apr-1~+00-19-00,11481.52901088075,62.89105340684976
rnaseq-apr-1~+00-20-00,11410.533829460377,62.89105340684976
rnaseq-apr-1~+00-21-00,11580.88763303978,62.89105340684976
rnaseq-apr-1~+00-22-00,11644.866617714573,62.89105340684976
rnaseq-apr-1~+00-23-00,11661.751207378482,62.89105340684976
rnaseq-apr-1~+01-00-00,11646.631857937986,62.89105340684976
