trace,op_ems,emb_ems
nanoseq-jul-2,152.68689879094518,2.283583422059979
nanoseq-jul-2~+00-01-00,152.81077100973653,2.283583422059979
nanoseq-jul-2~+00-02-00,152.35438514398038,2.283583422059979
nanoseq-jul-2~+00-03-00,152.5762706364149,2.283583422059979
nanoseq-jul-2~+00-04-00,153.99925006208696,2.283583422059979
nanoseq-jul-2~+00-05-00,156.09114166035036,2.283583422059979
nanoseq-jul-2~+00-06-00,157.66537029499656,2.283583422059979
nanoseq-jul-2~+00-07-00,158.31615732905317,2.283583422059979
nanoseq-jul-2~+00-08-00,158.22367497409903,2.283583422059979
nanoseq-jul-2~+00-09-00,158.28791321757262,2.283583422059979
nanoseq-jul-2~+00-10-00,158.36743338262946,2.283583422059979
nanoseq-jul-2~+00-11-00,157.64081652477842,2.283583422059979
nanoseq-jul-2~+00-12-00,157.00323666086166,2.283583422059979
nanoseq-jul-2~+00-13-00,157.21921126164523,2.283583422059979
nanoseq-jul-2~+00-14-00,157.80134655049622,2.283583422059979
nanoseq-jul-2~+00-15-00,158.14242544354508,2.283583422059979
nanoseq-jul-2~+00-16-00,159.32338922160676,2.283583422059979
nanoseq-jul-2~+00-17-00,160.00732620329018,2.283583422059979
nanoseq-jul-2~+00-18-00,159.18758110927772,2.283583422059979
nanoseq-jul-2~+00-19-00,157.71967199306056,2.283583422059979
nanoseq-jul-2~+00-20-00,156.03622174335422,2.283583422059979
nanoseq-jul-2~+00-21-00,154.6441567158011,2.283583422059979
nanoseq-jul-2~+00-22-00,153.28791988000782,2.283583422059979
nanoseq-jul-2~+00-23-00,152.1885430743391,2.283583422059979
nanoseq-jul-2~+01-00-00,151.75899520258633,2.283583422059979
