trace,op_ems,emb_ems
mag-sep-3,14131.52508072134,170.67367805536568
mag-sep-3~+00-01-00,14079.969173082744,170.67367805536568
mag-sep-3~+00-02-00,13977.37561114837,170.67367805536568
mag-sep-3~+00-03-00,14017.423589465845,170.67367805536568
mag-sep-3~+00-04-00,13846.102049931858,170.67367805536568
mag-sep-3~+00-05-00,13988.664091553223,170.67367805536568
mag-sep-3~+00-06-00,14116.810759624694,170.67367805536568
mag-sep-3~+00-07-00,14184.917157661968,170.67367805536568
mag-sep-3~+00-08-00,14630.18848410801,170.67367805536568
mag-sep-3~+00-09-00,14477.866129690607,170.67367805536568
mag-sep-3~+00-10-00,14476.42985154326,170.67367805536568
mag-sep-3~+00-11-00,14452.698590060008,170.67367805536568
mag-sep-3~+00-12-00,14397.46789312815,170.67367805536568
mag-sep-3~+00-13-00,14367.17293510171,170.67367805536568
mag-sep-3~+00-14-00,14395.519260606341,170.67367805536568
mag-sep-3~+00-15-00,14386.13279583864,170.67367805536568
mag-sep-3~+00-16-00,14391.934390162229,170.67367805536568
mag-sep-3~+00-17-00,14369.015835996093,170.67367805536568
mag-sep-3~+00-18-00,14359.194138906294,170.67367805536568
mag-sep-3~+00-19-00,14349.780608186578,170.67367805536568
mag-sep-3~+00-20-00,13244.69095295016,170.67367805536568
mag-sep-3~+00-21-00,12070.054518514078,170.67367805536568
mag-sep-3~+00-22-00,11927.733951547201,170.67367805536568
mag-sep-3~+00-23-00,11970.235325647378,170.67367805536568
mag-sep-3~+01-00-00,12917.230323750977,170.67367805536568
