trace,op_ems,emb_ems
rangeland-dec-3,4797.943224027509,56.305479409080235
rangeland-dec-3~+00-01-00,4823.565990826175,56.305479409080235
rangeland-dec-3~+00-02-00,4848.662550602232,56.305479409080235
rangeland-dec-3~+00-03-00,4958.7021044872445,56.305479409080235
rangeland-dec-3~+00-04-00,4952.24423067341,56.305479409080235
rangeland-dec-3~+00-05-00,4961.561121344073,56.305479409080235
rangeland-dec-3~+00-06-00,4968.671638269537,56.305479409080235
rangeland-dec-3~+00-07-00,4970.608115410492,56.305479409080235
rangeland-dec-3~+00-08-00,4957.431779155102,56.305479409080235
rangeland-dec-3~+00-09-00,4936.8901587500195,56.305479409080235
rangeland-dec-3~+00-10-00,4869.063527243007,56.305479409080235
rangeland-dec-3~+00-11-00,4853.504959512471,56.305479409080235
rangeland-dec-3~+00-12-00,4830.429916477532,56.305479409080235
rangeland-dec-3~+00-13-00,4801.613760306564,56.305479409080235
rangeland-dec-3~+00-14-00,4773.234901599454,56.305479409080235
rangeland-dec-3~+00-15-00,4768.509017740893,56.305479409080235
rangeland-dec-3~+00-16-00,4739.269254234092,56.305479409080235
rangeland-dec-3~+00-17-00,4718.408474629896,56.305479409080235
rangeland-dec-3~+00-18-00,4701.38032023889,56.305479409080235
rangeland-dec-3~+00-19-00,4673.789793521691,56.305479409080235
rangeland-dec-3~+00-20-00,4656.615451455937,56.305479409080235
rangeland-dec-3~+00-21-00,4652.102820705224,56.305479409080235
rangeland-dec-3~+00-22-00,4643.882974407087,56.305479409080235
rangeland-dec-3~+00-23-00,4645.924407294626,56.305479409080235
rangeland-dec-3~+01-00-00,4651.874675779334,56.305479409080235
