trace,op_ems,emb_ems
sarek-may-3,20141.871369219174,183.31733251806511
sarek-may-3~+00-01-00,19982.31292406713,183.31733251806511
sarek-may-3~+00-02-00,16691.52330805208,183.31733251806511
sarek-may-3~+00-03-00,14579.671930173656,183.31733251806511
sarek-may-3~+00-04-00,14138.235995987396,183.31733251806511
sarek-may-3~+00-05-00,10575.839889614963,183.31733251806511
sarek-may-3~+00-06-00,9096.288902128774,183.31733251806511
sarek-may-3~+00-07-00,8643.985834982284,183.31733251806511
sarek-may-3~+00-08-00,7332.065748355387,183.31733251806511
sarek-may-3~+00-09-00,6829.976080898976,183.31733251806511
sarek-may-3~+00-10-00,10093.464007157581,183.31733251806511
sarek-may-3~+00-11-00,7474.872101180347,183.31733251806511
sarek-may-3~+00-12-00,10384.856781928718,183.31733251806511
sarek-may-3~+00-13-00,11740.99060847976,183.31733251806511
sarek-may-3~+00-14-00,14465.681056276748,183.31733251806511
sarek-may-3~+00-15-00,15052.944498004761,183.31733251806511
sarek-may-3~+00-16-00,17346.0683956484,183.31733251806511
sarek-may-3~+00-17-00,18460.930828193024,183.31733251806511
sarek-may-3~+00-18-00,19342.829644376096,183.31733251806511
sarek-may-3~+00-19-00,19259.229797697037,183.31733251806511
sarek-may-3~+00-20-00,19281.303525526684,183.31733251806511
sarek-may-3~+00-21-00,19259.790899887852,183.31733251806511
sarek-may-3~+00-22-00,19244.810168747776,183.31733251806511
sarek-may-3~+00-23-00,19247.186200868433,183.31733251806511
sarek-may-3~+01-00-00,19319.2560348337,183.31733251806511
