trace,op_ems,emb_ems
rnaseq-feb-2,6395.739507494428,61.38903864146787
rnaseq-feb-2~+00-01-00,6352.807267495271,61.38903864146787
rnaseq-feb-2~+00-02-00,6341.899737192564,61.38903864146787
rnaseq-feb-2~+00-03-00,6432.8429174421,61.38903864146787
rnaseq-feb-2~+00-04-00,6604.8376573505975,61.38903864146787
rnaseq-feb-2~+00-05-00,6151.968544202659,61.38903864146787
rnaseq-feb-2~+00-06-00,4165.027564162326,61.38903864146787
rnaseq-feb-2~+00-07-00,2123.8166694213414,61.38903864146787
rnaseq-feb-2~+00-08-00,1443.617643940793,61.38903864146787
rnaseq-feb-2~+00-09-00,1806.585882788532,61.38903864146787
rnaseq-feb-2~+00-10-00,1646.147515676858,61.38903864146787
rnaseq-feb-2~+00-11-00,1091.162683696437,61.38903864146787
rnaseq-feb-2~+00-12-00,1580.747016409508,61.38903864146787
rnaseq-feb-2~+00-13-00,3823.149862117129,61.38903864146787
rnaseq-feb-2~+00-14-00,5957.953133226778,61.38903864146787
rnaseq-feb-2~+00-15-00,6757.312076491752,61.38903864146787
rnaseq-feb-2~+00-16-00,6726.664591582406,61.38903864146787
rnaseq-feb-2~+00-17-00,6691.255939617884,61.38903864146787
rnaseq-feb-2~+00-18-00,6621.006944261948,61.38903864146787
rnaseq-feb-2~+00-19-00,6541.628853544928,61.38903864146787
rnaseq-feb-2~+00-20-00,6498.853557778151,61.38903864146787
rnaseq-feb-2~+00-21-00,6498.624859018322,61.38903864146787
rnaseq-feb-2~+00-22-00,6501.887524217749,61.38903864146787
rnaseq-feb-2~+00-23-00,6490.7090828125265,61.38903864146787
rnaseq-feb-2~+01-00-00,6468.695580172159,61.38903864146787
