trace,op_ems,emb_ems
nanoseq-mar-3,153.8826648697595,2.2520341597586646
nanoseq-mar-3~+00-01-00,155.27395044447246,2.2520341597586646
nanoseq-mar-3~+00-02-00,158.28066023964618,2.2520341597586646
nanoseq-mar-3~+00-03-00,141.0312540466063,2.2520341597586646
nanoseq-mar-3~+00-04-00,110.90576649832765,2.2520341597586646
nanoseq-mar-3~+00-05-00,80.8993909599482,2.2520341597586646
nanoseq-mar-3~+00-06-00,49.41099687167571,2.2520341597586646
nanoseq-mar-3~+00-07-00,17.847095961604403,2.2520341597586646
nanoseq-mar-3~+00-08-00,15.879038752527121,2.2520341597586646
nanoseq-mar-3~+00-09-00,15.861172501831563,2.2520341597586646
nanoseq-mar-3~+00-10-00,15.87554228383387,2.2520341597586646
nanoseq-mar-3~+00-11-00,34.69377958875538,2.2520341597586646
nanoseq-mar-3~+00-12-00,66.01149986772991,2.2520341597586646
nanoseq-mar-3~+00-13-00,96.99560250265756,2.2520341597586646
nanoseq-mar-3~+00-14-00,127.71502869454824,2.2520341597586646
nanoseq-mar-3~+00-15-00,158.29740104472825,2.2520341597586646
nanoseq-mar-3~+00-16-00,159.3195411793686,2.2520341597586646
nanoseq-mar-3~+00-17-00,158.5741956988806,2.2520341597586646
nanoseq-mar-3~+00-18-00,157.3722042299864,2.2520341597586646
nanoseq-mar-3~+00-19-00,156.42895773080085,2.2520341597586646
nanoseq-mar-3~+00-20-00,155.1454943746034,2.2520341597586646
nanoseq-mar-3~+00-21-00,153.60757900169153,2.2520341597586646
nanoseq-mar-3~+00-22-00,153.35991502320434,2.2520341597586646
nanoseq-mar-3~+00-23-00,153.90084375415853,2.2520341597586646
nanoseq-mar-3~+01-00-00,154.28931447926186,2.2520341597586646
