trace,op_ems,emb_ems
rangeland-apr-1,1980.5478189924052,56.24585137653058
rangeland-apr-1~+00-01-00,1776.579750206529,56.24585137653058
rangeland-apr-1~+00-02-00,1619.234674492342,56.24585137653058
rangeland-apr-1~+00-03-00,1462.8419888121482,56.24585137653058
rangeland-apr-1~+00-04-00,1321.2009379203532,56.24585137653058
rangeland-apr-1~+00-05-00,1127.5030881806078,56.24585137653058
rangeland-apr-1~+00-06-00,951.0589642907337,56.24585137653058
rangeland-apr-1~+00-07-00,825.2230924708459,56.24585137653058
rangeland-apr-1~+00-08-00,796.0106677986939,56.24585137653058
rangeland-apr-1~+00-09-00,772.8835413010617,56.24585137653058
rangeland-apr-1~+00-10-00,768.9161088038047,56.24585137653058
rangeland-apr-1~+00-11-00,866.4573560067942,56.24585137653058
rangeland-apr-1~+00-12-00,1083.203827882477,56.24585137653058
rangeland-apr-1~+00-13-00,1287.3315873084744,56.24585137653058
rangeland-apr-1~+00-14-00,1489.5509509647527,56.24585137653058
rangeland-apr-1~+00-15-00,1700.854471007286,56.24585137653058
rangeland-apr-1~+00-16-00,1912.929408827485,56.24585137653058
rangeland-apr-1~+00-17-00,2104.2728869559514,56.24585137653058
rangeland-apr-1~+00-18-00,2209.8657446119496,56.24585137653058
rangeland-apr-1~+00-19-00,2237.535751858681,56.24585137653058
rangeland-apr-1~+00-20-00,2252.616748134039,56.24585137653058
rangeland-apr-1~+00-21-00,2246.517588369899,56.24585137653058
rangeland-apr-1~+00-22-00,2235.57782815601,56.24585137653058
rangeland-apr-1~+00-23-00,2228.216877182863,56.24585137653058
rangeland-apr-1~+01-00-00,2096.879355565159,56.24585137653058
