trace,op_ems,emb_ems
sarek-nov-3,17906.951372142834,183.31733251806511
sarek-nov-3~+00-01-00,18137.05547435543,183.31733251806511
sarek-nov-3~+00-02-00,18388.614427563596,183.31733251806511
sarek-nov-3~+00-03-00,18864.71860931099,183.31733251806511
sarek-nov-3~+00-04-00,19029.337471616866,183.31733251806511
sarek-nov-3~+00-05-00,19456.765995302336,183.31733251806511
sarek-nov-3~+00-06-00,19316.60762307499,183.31733251806511
sarek-nov-3~+00-07-00,19387.731380846806,183.31733251806511
sarek-nov-3~+00-08-00,19245.43380255175,183.31733251806511
sarek-nov-3~+00-09-00,19233.045727679568,183.31733251806511
sarek-nov-3~+00-10-00,18977.43273263244,183.31733251806511
sarek-nov-3~+00-11-00,18906.642209884016,183.31733251806511
sarek-nov-3~+00-12-00,18595.560072164546,183.31733251806511
sarek-nov-3~+00-13-00,18463.415650984854,183.31733251806511
sarek-nov-3~+00-14-00,18181.12475093173,183.31733251806511
sarek-nov-3~+00-15-00,18192.033861692464,183.31733251806511
sarek-nov-3~+00-16-00,18182.73301646021,183.31733251806511
sarek-nov-3~+00-17-00,18248.696086369364,183.31733251806511
sarek-nov-3~+00-18-00,18282.502764621204,183.31733251806511
sarek-nov-3~+00-19-00,18360.345995166426,183.31733251806511
sarek-nov-3~+00-20-00,18354.42792098117,183.31733251806511
sarek-nov-3~+00-21-00,18215.348559172573,183.31733251806511
sarek-nov-3~+00-22-00,18142.783591891613,183.31733251806511
sarek-nov-3~+00-23-00,18042.96820753402,183.31733251806511
sarek-nov-3~+01-00-00,17994.718221497766,183.31733251806511
