trace,op_ems,emb_ems
montage-oct-3,412.380997312936,4.459453342142623
montage-oct-3~+00-01-00,410.510961983605,4.459453342142623
montage-oct-3~+00-02-00,411.50100373518785,4.459453342142623
montage-oct-3~+00-03-00,411.07807042010955,4.459453342142623
montage-oct-3~+00-04-00,412.39576441439726,4.459453342142623
montage-oct-3~+00-05-00,415.79216189772586,4.459453342142623
montage-oct-3~+00-06-00,428.7490211563604,4.459453342142623
montage-oct-3~+00-07-00,423.37815265802226,4.459453342142623
montage-oct-3~+00-08-00,425.7662597117424,4.459453342142623
montage-oct-3~+00-09-00,130.14349611890913,4.459453342142623
montage-oct-3~+00-10-00,422.77512758599346,4.459453342142623
montage-oct-3~+00-11-00,421.99301985120724,4.459453342142623
montage-oct-3~+00-12-00,417.5122923165179,4.459453342142623
montage-oct-3~+00-13-00,220.56841185593206,4.459453342142623
montage-oct-3~+00-14-00,155.07757487046558,4.459453342142623
montage-oct-3~+00-15-00,193.186638280068,4.459453342142623
montage-oct-3~+00-16-00,411.43624642695806,4.459453342142623
montage-oct-3~+00-17-00,420.8572281649936,4.459453342142623
montage-oct-3~+00-18-00,417.5278775768595,4.459453342142623
montage-oct-3~+00-19-00,412.6237256875383,4.459453342142623
montage-oct-3~+00-20-00,408.5878364126797,4.459453342142623
montage-oct-3~+00-21-00,413.926984469548,4.459453342142623
montage-oct-3~+00-22-00,417.1883603012738,4.459453342142623
montage-oct-3~+00-23-00,412.81492622659533,4.459453342142623
montage-oct-3~+01-00-00,409.5951997054383,4.459453342142623
