trace,op_ems,emb_ems
mag-dec-2,14456.356583682375,170.82096393261858
mag-dec-2~+00-01-00,14475.871074253944,170.82096393261858
mag-dec-2~+00-02-00,14421.66511088825,170.82096393261858
mag-dec-2~+00-03-00,14499.347180171757,170.82096393261858
mag-dec-2~+00-04-00,14503.542585029487,170.82096393261858
mag-dec-2~+00-05-00,14507.36842324433,170.82096393261858
mag-dec-2~+00-06-00,14421.303423928184,170.82096393261858
mag-dec-2~+00-07-00,14362.370978319197,170.82096393261858
mag-dec-2~+00-08-00,14336.620730964769,170.82096393261858
mag-dec-2~+00-09-00,14221.499266188714,170.82096393261858
mag-dec-2~+00-10-00,14135.358659003417,170.82096393261858
mag-dec-2~+00-11-00,14096.20853064339,170.82096393261858
mag-dec-2~+00-12-00,14052.332948554737,170.82096393261858
mag-dec-2~+00-13-00,13962.403930798331,170.82096393261858
mag-dec-2~+00-14-00,13871.426138106557,170.82096393261858
mag-dec-2~+00-15-00,13815.040484773686,170.82096393261858
mag-dec-2~+00-16-00,13792.529180697766,170.82096393261858
mag-dec-2~+00-17-00,13785.968207161379,170.82096393261858
mag-dec-2~+00-18-00,13777.185715810669,170.82096393261858
mag-dec-2~+00-19-00,13783.862281755108,170.82096393261858
mag-dec-2~+00-20-00,13763.04457016834,170.82096393261858
mag-dec-2~+00-21-00,13727.302429413354,170.82096393261858
mag-dec-2~+00-22-00,13744.243875139375,170.82096393261858
mag-dec-2~+00-23-00,13755.016582084696,170.82096393261858
mag-dec-2~+01-00-00,13808.805318931718,170.82096393261858
