trace,op_ems,emb_ems
rnaseq-mar-2,6424.689091631975,61.38903864146787
rnaseq-mar-2~+00-01-00,6458.85258257804,61.38903864146787
rnaseq-mar-2~+00-02-00,6517.191615999165,61.38903864146787
rnaseq-mar-2~+00-03-00,6554.920067248716,61.38903864146787
rnaseq-mar-2~+00-04-00,6675.533630999092,61.38903864146787
rnaseq-mar-2~+00-05-00,6344.8849686037,61.38903864146787
rnaseq-mar-2~+00-06-00,4308.714576482882,61.38903864146787
rnaseq-mar-2~+00-07-00,1945.4433151226563,61.38903864146787
rnaseq-mar-2~+00-08-00,721.0790717615012,61.38903864146787
rnaseq-mar-2~+00-09-00,672.0439291176075,61.38903864146787
rnaseq-mar-2~+00-10-00,669.9761781674014,61.38903864146787
rnaseq-mar-2~+00-11-00,667.3898969774993,61.38903864146787
rnaseq-mar-2~+00-12-00,667.4412609589265,61.38903864146787
rnaseq-mar-2~+00-13-00,1023.804720039744,61.38903864146787
rnaseq-mar-2~+00-14-00,3157.7577997211047,61.38903864146787
rnaseq-mar-2~+00-15-00,5561.278810357755,61.38903864146787
rnaseq-mar-2~+00-16-00,6758.603063914992,61.38903864146787
rnaseq-mar-2~+00-17-00,6709.699965251964,61.38903864146787
rnaseq-mar-2~+00-18-00,6678.8223584078305,61.38903864146787
rnaseq-mar-2~+00-19-00,6686.6200795170935,61.38903864146787
rnaseq-mar-2~+00-20-00,6650.8909912022455,61.38903864146787
rnaseq-mar-2~+00-21-00,6555.509086667366,61.38903864146787
rnaseq-mar-2~+00-22-00,6482.617734416454,61.38903864146787
rnaseq-mar-2~+00-23-00,6443.670511138701,61.38903864146787
rnaseq-mar-2~+01-00-00,6432.182125151558,61.38903864146787
