trace,op_ems,emb_ems
rnaseq-jul-2,6298.347425301026,61.38903864146787
rnaseq-jul-2~+00-01-00,6437.952246630009,61.38903864146787
rnaseq-jul-2~+00-02-00,6429.446055462765,61.38903864146787
rnaseq-jul-2~+00-03-00,6298.1547118095705,61.38903864146787
rnaseq-jul-2~+00-04-00,6238.691736432668,61.38903864146787
rnaseq-jul-2~+00-05-00,6308.036890251761,61.38903864146787
rnaseq-jul-2~+00-06-00,6457.50832164139,61.38903864146787
rnaseq-jul-2~+00-07-00,6564.605411896574,61.38903864146787
rnaseq-jul-2~+00-08-00,6595.415281561981,61.38903864146787
rnaseq-jul-2~+00-09-00,6587.595085971117,61.38903864146787
rnaseq-jul-2~+00-10-00,6571.976392778558,61.38903864146787
rnaseq-jul-2~+00-11-00,6561.5108612420745,61.38903864146787
rnaseq-jul-2~+00-12-00,6585.637217590077,61.38903864146787
rnaseq-jul-2~+00-13-00,6610.61330955245,61.38903864146787
rnaseq-jul-2~+00-14-00,6519.951139433673,61.38903864146787
rnaseq-jul-2~+00-15-00,6438.178373925069,61.38903864146787
rnaseq-jul-2~+00-16-00,6517.449551464311,61.38903864146787
rnaseq-jul-2~+00-17-00,6665.141231407117,61.38903864146787
rnaseq-jul-2~+00-18-00,6699.585845225081,61.38903864146787
rnaseq-jul-2~+00-19-00,6637.303705807056,61.38903864146787
rnaseq-jul-2~+00-20-00,6594.954087877245,61.38903864146787
rnaseq-jul-2~+00-21-00,6555.451142800147,61.38903864146787
rnaseq-jul-2~+00-22-00,6494.17231180992,61.38903864146787
rnaseq-jul-2~+00-23-00,6377.898774468155,61.38903864146787
rnaseq-jul-2~+01-00-00,6315.960971095648,61.38903864146787
