trace,op_ems,emb_ems
rangeland-sep-2,4876.880049419875,56.19540575328906
rangeland-sep-2~+00-01-00,4600.8870952347925,56.19540575328906
rangeland-sep-2~+00-02-00,4512.213629805335,56.19540575328906
rangeland-sep-2~+00-03-00,4562.348506300866,56.19540575328906
rangeland-sep-2~+00-04-00,4522.1362966155575,56.19540575328906
rangeland-sep-2~+00-05-00,4532.85746170295,56.19540575328906
rangeland-sep-2~+00-06-00,4543.257061859073,56.19540575328906
rangeland-sep-2~+00-07-00,4544.1896440386345,56.19540575328906
rangeland-sep-2~+00-08-00,4765.827063112379,56.19540575328906
rangeland-sep-2~+00-09-00,4871.801385859059,56.19540575328906
rangeland-sep-2~+00-10-00,4951.700679473106,56.19540575328906
rangeland-sep-2~+00-11-00,4992.552770422948,56.19540575328906
rangeland-sep-2~+00-12-00,4999.7408598520415,56.19540575328906
rangeland-sep-2~+00-13-00,4990.920552382178,56.19540575328906
rangeland-sep-2~+00-14-00,5009.443938524352,56.19540575328906
rangeland-sep-2~+00-15-00,4970.457561511743,56.19540575328906
rangeland-sep-2~+00-16-00,4922.758721683584,56.19540575328906
rangeland-sep-2~+00-17-00,4879.899378480335,56.19540575328906
rangeland-sep-2~+00-18-00,4828.203553098942,56.19540575328906
rangeland-sep-2~+00-19-00,4794.750493013039,56.19540575328906
rangeland-sep-2~+00-20-00,4775.8243301441225,56.19540575328906
rangeland-sep-2~+00-21-00,4777.252929261458,56.19540575328906
rangeland-sep-2~+00-22-00,4799.946701097102,56.19540575328906
rangeland-sep-2~+00-23-00,4834.662643000861,56.19540575328906
rangeland-sep-2~+01-00-00,4880.56770515326,56.19540575328906
