trace,op_ems,emb_ems
chipseq-dec-3,5328.319942664585,95.28231502287919
chipseq-dec-3~+00-01-00,5308.043007768462,95.28231502287919
chipseq-dec-3~+00-02-00,5318.229641986234,95.28231502287919
chipseq-dec-3~+00-03-00,5299.3674602712545,95.28231502287919
chipseq-dec-3~+00-04-00,5093.848339070635,95.28231502287919
chipseq-dec-3~+00-05-00,4547.03204095913,95.28231502287919
chipseq-dec-3~+00-06-00,3777.5948476297303,95.28231502287919
chipseq-dec-3~+00-07-00,3218.8684450862456,95.28231502287919
chipseq-dec-3~+00-08-00,2948.5541799103526,95.28231502287919
chipseq-dec-3~+00-09-00,2767.0748601256837,95.28231502287919
chipseq-dec-3~+00-10-00,2642.827688530384,95.28231502287919
chipseq-dec-3~+00-11-00,2689.256224743091,95.28231502287919
chipseq-dec-3~+00-12-00,3187.760353207724,95.28231502287919
chipseq-dec-3~+00-13-00,4209.186345907868,95.28231502287919
chipseq-dec-3~+00-14-00,5264.113907546717,95.28231502287919
chipseq-dec-3~+00-15-00,5749.633133040278,95.28231502287919
chipseq-dec-3~+00-16-00,5803.128130473461,95.28231502287919
chipseq-dec-3~+00-17-00,5827.742141898915,95.28231502287919
chipseq-dec-3~+00-18-00,5932.009613542366,95.28231502287919
chipseq-dec-3~+00-19-00,6094.781375710018,95.28231502287919
chipseq-dec-3~+00-20-00,6284.850453873998,95.28231502287919
chipseq-dec-3~+00-21-00,6438.585291977413,95.28231502287919
chipseq-dec-3~+00-22-00,6533.321439781587,95.28231502287919
chipseq-dec-3~+00-23-00,6557.6711654731025,95.28231502287919
chipseq-dec-3~+01-00-00,6548.008895486853,95.28231502287919
