trace,op_ems,emb_ems
rangeland-mar-2,4958.263580496593,56.19540575328906
rangeland-mar-2~+00-01-00,4876.555958605747,56.19540575328906
rangeland-mar-2~+00-02-00,3939.5234678916117,56.19540575328906
rangeland-mar-2~+00-03-00,3315.115752150182,56.19540575328906
rangeland-mar-2~+00-04-00,2714.877211883247,56.19540575328906
rangeland-mar-2~+00-05-00,2110.4976177674394,56.19540575328906
rangeland-mar-2~+00-06-00,1495.1356737961173,56.19540575328906
rangeland-mar-2~+00-07-00,847.3661639463728,56.19540575328906
rangeland-mar-2~+00-08-00,519.7854977428963,56.19540575328906
rangeland-mar-2~+00-09-00,592.4894667984776,56.19540575328906
rangeland-mar-2~+00-10-00,1631.4983329906843,56.19540575328906
rangeland-mar-2~+00-11-00,2253.1392215530886,56.19540575328906
rangeland-mar-2~+00-12-00,2871.1101964063587,56.19540575328906
rangeland-mar-2~+00-13-00,3480.9415875336585,56.19540575328906
rangeland-mar-2~+00-14-00,4108.044069484443,56.19540575328906
rangeland-mar-2~+00-15-00,4727.174623180996,56.19540575328906
rangeland-mar-2~+00-16-00,5024.326074384758,56.19540575328906
rangeland-mar-2~+00-17-00,4989.279135255822,56.19540575328906
rangeland-mar-2~+00-18-00,4957.901786403916,56.19540575328906
rangeland-mar-2~+00-19-00,4923.359900061214,56.19540575328906
rangeland-mar-2~+00-20-00,4909.4972590653715,56.19540575328906
rangeland-mar-2~+00-21-00,4902.434167384103,56.19540575328906
rangeland-mar-2~+00-22-00,4888.509080627223,56.19540575328906
rangeland-mar-2~+00-23-00,4895.427931226833,56.19540575328906
rangeland-mar-2~+01-00-00,4945.447093101836,56.19540575328906
