trace,op_ems,emb_ems
mag-aug-2,4719.655753111586,170.41523942885257
mag-aug-2~+00-01-00,4436.198127851928,170.41523942885257
mag-aug-2~+00-02-00,4131.06288893036,170.41523942885257
mag-aug-2~+00-03-00,3862.151777709882,170.41523942885257
mag-aug-2~+00-04-00,3676.80334341377,170.41523942885257
mag-aug-2~+00-05-00,3546.124158704917,170.41523942885257
mag-aug-2~+00-06-00,3620.353885019984,170.41523942885257
mag-aug-2~+00-07-00,3969.2532085020102,170.41523942885257
mag-aug-2~+00-08-00,4395.427693306144,170.41523942885257
mag-aug-2~+00-09-00,4824.246040862487,170.41523942885257
mag-aug-2~+00-10-00,5167.353693039669,170.41523942885257
mag-aug-2~+00-11-00,5419.25212673855,170.41523942885257
mag-aug-2~+00-12-00,5671.075365625319,170.41523942885257
mag-aug-2~+00-13-00,5899.678357818121,170.41523942885257
mag-aug-2~+00-14-00,6102.289333415405,170.41523942885257
mag-aug-2~+00-15-00,6253.164895229563,170.41523942885257
mag-aug-2~+00-16-00,6407.10275904755,170.41523942885257
mag-aug-2~+00-17-00,6527.95846722248,170.41523942885257
mag-aug-2~+00-18-00,6472.1087152740665,170.41523942885257
mag-aug-2~+00-19-00,6164.202130697732,170.41523942885257
mag-aug-2~+00-20-00,5676.731235013219,170.41523942885257
mag-aug-2~+00-21-00,5142.677543733341,170.41523942885257
mag-aug-2~+00-22-00,4629.60277041518,170.41523942885257
mag-aug-2~+00-23-00,4298.491107707696,170.41523942885257
mag-aug-2~+01-00-00,4043.6533621796493,170.41523942885257
