trace,op_ems,emb_ems
rnaseq-jan-2,6282.5135057375255,61.38903864146787
rnaseq-jan-2~+00-01-00,6294.3681304296215,61.38903864146787
rnaseq-jan-2~+00-02-00,6335.364665689303,61.38903864146787
rnaseq-jan-2~+00-03-00,6377.109629005349,61.38903864146787
rnaseq-jan-2~+00-04-00,6432.795765912276,61.38903864146787
rnaseq-jan-2~+00-05-00,6466.952976707283,61.38903864146787
rnaseq-jan-2~+00-06-00,6439.147888035119,61.38903864146787
rnaseq-jan-2~+00-07-00,6414.576189641387,61.38903864146787
rnaseq-jan-2~+00-08-00,6422.026589507823,61.38903864146787
rnaseq-jan-2~+00-09-00,6487.477116238047,61.38903864146787
rnaseq-jan-2~+00-10-00,6612.240497959262,61.38903864146787
rnaseq-jan-2~+00-11-00,6707.650650865053,61.38903864146787
rnaseq-jan-2~+00-12-00,6732.751978171018,61.38903864146787
rnaseq-jan-2~+00-13-00,6760.57778546752,61.38903864146787
rnaseq-jan-2~+00-14-00,6810.440322129627,61.38903864146787
rnaseq-jan-2~+00-15-00,6843.378616342326,61.38903864146787
rnaseq-jan-2~+00-16-00,6841.954029239813,61.38903864146787
rnaseq-jan-2~+00-17-00,6787.497692899169,61.38903864146787
rnaseq-jan-2~+00-18-00,6713.362505019962,61.38903864146787
rnaseq-jan-2~+00-19-00,6652.152765885841,61.38903864146787
rnaseq-jan-2~+00-20-00,6600.979220819025,61.38903864146787
rnaseq-jan-2~+00-21-00,6553.019758173017,61.38903864146787
rnaseq-jan-2~+00-22-00,6515.295191595149,61.38903864146787
rnaseq-jan-2~+00-23-00,6496.405673171894,61.38903864146787
rnaseq-jan-2~+01-00-00,6485.549900944628,61.38903864146787
