trace,op_ems,emb_ems
rangeland-feb-1,2874.9298847761265,56.24585137653058
rangeland-feb-1~+00-01-00,2565.10184852543,56.24585137653058
rangeland-feb-1~+00-02-00,2255.361609073894,56.24585137653058
rangeland-feb-1~+00-03-00,1948.5720929040515,56.24585137653058
rangeland-feb-1~+00-04-00,1661.6533013709768,56.24585137653058
rangeland-feb-1~+00-05-00,1388.7567910072614,56.24585137653058
rangeland-feb-1~+00-06-00,1143.9741289586937,56.24585137653058
rangeland-feb-1~+00-07-00,986.5870697414944,56.24585137653058
rangeland-feb-1~+00-08-00,995.141169350647,56.24585137653058
rangeland-feb-1~+00-09-00,1180.6735117262492,56.24585137653058
rangeland-feb-1~+00-10-00,1472.550245496185,56.24585137653058
rangeland-feb-1~+00-11-00,1750.7689432133197,56.24585137653058
rangeland-feb-1~+00-12-00,2030.8356818844695,56.24585137653058
rangeland-feb-1~+00-13-00,2312.160796193146,56.24585137653058
rangeland-feb-1~+00-14-00,2578.1594284962757,56.24585137653058
rangeland-feb-1~+00-15-00,2817.3945942792056,56.24585137653058
rangeland-feb-1~+00-16-00,2946.4794504913166,56.24585137653058
rangeland-feb-1~+00-17-00,3004.2631465505438,56.24585137653058
rangeland-feb-1~+00-18-00,3042.2192048288616,56.24585137653058
rangeland-feb-1~+00-19-00,3068.1526020693696,56.24585137653058
rangeland-feb-1~+00-20-00,3092.0745875898806,56.24585137653058
rangeland-feb-1~+00-21-00,3107.225067803243,56.24585137653058
rangeland-feb-1~+00-22-00,3106.584054153794,56.24585137653058
rangeland-feb-1~+00-23-00,3092.3779926343755,56.24585137653058
rangeland-feb-1~+01-00-00,2975.501608438789,56.24585137653058
