trace,op_ems,emb_ems
rangeland-mar-3,1924.7492408157882,56.21086774659671
rangeland-mar-3~+00-01-00,1755.9509104512356,56.21086774659671
rangeland-mar-3~+00-02-00,1575.001049664389,56.21086774659671
rangeland-mar-3~+00-03-00,1390.7196866226304,56.21086774659671
rangeland-mar-3~+00-04-00,1201.448308367667,56.21086774659671
rangeland-mar-3~+00-05-00,1004.1060009390503,56.21086774659671
rangeland-mar-3~+00-06-00,809.4488083091924,56.21086774659671
rangeland-mar-3~+00-07-00,708.7260378215831,56.21086774659671
rangeland-mar-3~+00-08-00,709.1404050943695,56.21086774659671
rangeland-mar-3~+00-09-00,757.8652042726854,56.21086774659671
rangeland-mar-3~+00-10-00,963.6978302538515,56.21086774659671
rangeland-mar-3~+00-11-00,1163.8805057245388,56.21086774659671
rangeland-mar-3~+00-12-00,1357.3641670313498,56.21086774659671
rangeland-mar-3~+00-13-00,1547.1209812757681,56.21086774659671
rangeland-mar-3~+00-14-00,1736.5132668117553,56.21086774659671
rangeland-mar-3~+00-15-00,1904.2150191629266,56.21086774659671
rangeland-mar-3~+00-16-00,2008.5217151986253,56.21086774659671
rangeland-mar-3~+00-17-00,2008.2106425100521,56.21086774659671
rangeland-mar-3~+00-18-00,1974.0545135966267,56.21086774659671
rangeland-mar-3~+00-19-00,1929.5005946935394,56.21086774659671
rangeland-mar-3~+00-20-00,1880.0773818129348,56.21086774659671
rangeland-mar-3~+00-21-00,1846.7444056122079,56.21086774659671
rangeland-mar-3~+00-22-00,1829.3663557077448,56.21086774659671
rangeland-mar-3~+00-23-00,1835.816163541467,56.21086774659671
rangeland-mar-3~+01-00-00,1782.7425149393532,56.21086774659671
