trace,op_ems,emb_ems
chipseq-jul-2,4740.35858632532,93.55153285104065
chipseq-jul-2~+00-01-00,4747.260923181561,93.55153285104065
chipseq-jul-2~+00-02-00,4764.915763487585,93.55153285104065
chipseq-jul-2~+00-03-00,4594.713996060377,93.55153285104065
chipseq-jul-2~+00-04-00,4008.583133510837,93.55153285104065
chipseq-jul-2~+00-05-00,3235.5929282247776,93.55153285104065
chipseq-jul-2~+00-06-00,2772.8790132998715,93.55153285104065
chipseq-jul-2~+00-07-00,2666.5379432349896,93.55153285104065
chipseq-jul-2~+00-08-00,2715.785765133888,93.55153285104065
chipseq-jul-2~+00-09-00,2825.497343149552,93.55153285104065
chipseq-jul-2~+00-10-00,2961.1748148522047,93.55153285104065
chipseq-jul-2~+00-11-00,3127.869717264272,93.55153285104065
chipseq-jul-2~+00-12-00,3298.52664012116,93.55153285104065
chipseq-jul-2~+00-13-00,3445.4242162301725,93.55153285104065
chipseq-jul-2~+00-14-00,3643.218619098709,93.55153285104065
chipseq-jul-2~+00-15-00,4038.230130996423,93.55153285104065
chipseq-jul-2~+00-16-00,4664.193553021652,93.55153285104065
chipseq-jul-2~+00-17-00,5300.3203891222365,93.55153285104065
chipseq-jul-2~+00-18-00,5622.410614376165,93.55153285104065
chipseq-jul-2~+00-19-00,5642.503980064925,93.55153285104065
chipseq-jul-2~+00-20-00,5583.527396368236,93.55153285104065
chipseq-jul-2~+00-21-00,5542.938694967258,93.55153285104065
chipseq-jul-2~+00-22-00,5535.147697537873,93.55153285104065
chipseq-jul-2~+00-23-00,5520.767437222822,93.55153285104065
chipseq-jul-2~+01-00-00,5504.190662979519,93.55153285104065
