trace,op_ems,emb_ems
rnaseq-apr-3,2697.463391386334,61.95465283773145
rnaseq-apr-3~+00-01-00,2732.482734661783,61.95465283773145
rnaseq-apr-3~+00-02-00,2775.7235511482927,61.95465283773145
rnaseq-apr-3~+00-03-00,2786.1775343519503,61.95465283773145
rnaseq-apr-3~+00-04-00,2639.352824114055,61.95465283773145
rnaseq-apr-3~+00-05-00,2131.5257560911846,61.95465283773145
rnaseq-apr-3~+00-06-00,1481.2838040389713,61.95465283773145
rnaseq-apr-3~+00-07-00,1141.3469504109785,61.95465283773145
rnaseq-apr-3~+00-08-00,1204.3693594302465,61.95465283773145
rnaseq-apr-3~+00-09-00,1214.1320127883587,61.95465283773145
rnaseq-apr-3~+00-10-00,1122.7330020387265,61.95465283773145
rnaseq-apr-3~+00-11-00,999.9736216709558,61.95465283773145
rnaseq-apr-3~+00-12-00,954.0872513666883,61.95465283773145
rnaseq-apr-3~+00-13-00,906.8334561577458,61.95465283773145
rnaseq-apr-3~+00-14-00,933.6030499548732,61.95465283773145
rnaseq-apr-3~+00-15-00,1230.460943124283,61.95465283773145
rnaseq-apr-3~+00-16-00,1876.5163158927091,61.95465283773145
rnaseq-apr-3~+00-17-00,2567.039380334809,61.95465283773145
rnaseq-apr-3~+00-18-00,2906.0118272945206,61.95465283773145
rnaseq-apr-3~+00-19-00,2948.609246028121,61.95465283773145
rnaseq-apr-3~+00-20-00,2951.4381028095054,61.95465283773145
rnaseq-apr-3~+00-21-00,2967.751180012056,61.95465283773145
rnaseq-apr-3~+00-22-00,2989.505719574933,61.95465283773145
rnaseq-apr-3~+00-23-00,3018.266211131103,61.95465283773145
rnaseq-apr-3~+01-00-00,3055.62061987991,61.95465283773145
