trace,op_ems,emb_ems
nanoseq-nov-2,149.99618894722713,2.283583422059979
nanoseq-nov-2~+00-01-00,151.48759512836983,2.283583422059979
nanoseq-nov-2~+00-02-00,154.51855176042372,2.283583422059979
nanoseq-nov-2~+00-03-00,157.54812272744502,2.283583422059979
nanoseq-nov-2~+00-04-00,160.23179500387596,2.283583422059979
nanoseq-nov-2~+00-05-00,161.66200147070475,2.283583422059979
nanoseq-nov-2~+00-06-00,162.14522433402456,2.283583422059979
nanoseq-nov-2~+00-07-00,160.91982777742135,2.283583422059979
nanoseq-nov-2~+00-08-00,160.72885555889147,2.283583422059979
nanoseq-nov-2~+00-09-00,159.72048077839167,2.283583422059979
nanoseq-nov-2~+00-10-00,158.78886872833925,2.283583422059979
nanoseq-nov-2~+00-11-00,157.08172917779746,2.283583422059979
nanoseq-nov-2~+00-12-00,155.31443911053168,2.283583422059979
nanoseq-nov-2~+00-13-00,153.0986117846818,2.283583422059979
nanoseq-nov-2~+00-14-00,151.51570874769973,2.283583422059979
nanoseq-nov-2~+00-15-00,151.1563604442178,2.283583422059979
nanoseq-nov-2~+00-16-00,151.75517515773697,2.283583422059979
nanoseq-nov-2~+00-17-00,151.9971123645513,2.283583422059979
nanoseq-nov-2~+00-18-00,152.80416048618676,2.283583422059979
nanoseq-nov-2~+00-19-00,153.22890037660892,2.283583422059979
nanoseq-nov-2~+00-20-00,152.73761519160297,2.283583422059979
nanoseq-nov-2~+00-21-00,151.8730414528678,2.283583422059979
nanoseq-nov-2~+00-22-00,151.14283640790353,2.283583422059979
nanoseq-nov-2~+00-23-00,150.42168896291122,2.283583422059979
nanoseq-nov-2~+01-00-00,150.70006983681563,2.283583422059979
