trace,op_ems,emb_ems
nanoseq-nov-3,147.73446374572993,2.2520341597586646
nanoseq-nov-3~+00-01-00,148.89689997024615,2.2520341597586646
nanoseq-nov-3~+00-02-00,151.53025394680324,2.2520341597586646
nanoseq-nov-3~+00-03-00,154.69436949997132,2.2520341597586646
nanoseq-nov-3~+00-04-00,157.35153667322825,2.2520341597586646
nanoseq-nov-3~+00-05-00,159.178642686368,2.2520341597586646
nanoseq-nov-3~+00-06-00,160.16097324370452,2.2520341597586646
nanoseq-nov-3~+00-07-00,158.97473648131754,2.2520341597586646
nanoseq-nov-3~+00-08-00,158.61379334120124,2.2520341597586646
nanoseq-nov-3~+00-09-00,157.97236270516004,2.2520341597586646
nanoseq-nov-3~+00-10-00,156.8332646102931,2.2520341597586646
nanoseq-nov-3~+00-11-00,155.35246755039407,2.2520341597586646
nanoseq-nov-3~+00-12-00,153.63203678676422,2.2520341597586646
nanoseq-nov-3~+00-13-00,151.49476758255906,2.2520341597586646
nanoseq-nov-3~+00-14-00,149.5146786237754,2.2520341597586646
nanoseq-nov-3~+00-15-00,148.98580864533506,2.2520341597586646
nanoseq-nov-3~+00-16-00,149.51394488382022,2.2520341597586646
nanoseq-nov-3~+00-17-00,149.72718764430746,2.2520341597586646
nanoseq-nov-3~+00-18-00,150.59567983733314,2.2520341597586646
nanoseq-nov-3~+00-19-00,151.09689577780554,2.2520341597586646
nanoseq-nov-3~+00-20-00,150.83411613784034,2.2520341597586646
nanoseq-nov-3~+00-21-00,149.96638763768934,2.2520341597586646
nanoseq-nov-3~+00-22-00,149.2139572639429,2.2520341597586646
nanoseq-nov-3~+00-23-00,148.50029357043107,2.2520341597586646
nanoseq-nov-3~+01-00-00,148.39865110945928,2.2520341597586646
