trace,op_ems,emb_ems
nanoseq-sep-3,152.77720018077167,2.2520341597586646
nanoseq-sep-3~+00-01-00,153.84929988083346,2.2520341597586646
nanoseq-sep-3~+00-02-00,153.4620755291262,2.2520341597586646
nanoseq-sep-3~+00-03-00,142.70127612287536,2.2520341597586646
nanoseq-sep-3~+00-04-00,138.4517380058588,2.2520341597586646
nanoseq-sep-3~+00-05-00,136.75704212169484,2.2520341597586646
nanoseq-sep-3~+00-06-00,134.71946663998375,2.2520341597586646
nanoseq-sep-3~+00-07-00,139.12717781972754,2.2520341597586646
nanoseq-sep-3~+00-08-00,152.66652154581976,2.2520341597586646
nanoseq-sep-3~+00-09-00,152.6781194448046,2.2520341597586646
nanoseq-sep-3~+00-10-00,155.6621782402475,2.2520341597586646
nanoseq-sep-3~+00-11-00,155.93792365525425,2.2520341597586646
nanoseq-sep-3~+00-12-00,156.39890086385452,2.2520341597586646
nanoseq-sep-3~+00-13-00,157.11228232417605,2.2520341597586646
nanoseq-sep-3~+00-14-00,159.07414279915582,2.2520341597586646
nanoseq-sep-3~+00-15-00,158.91774399597574,2.2520341597586646
nanoseq-sep-3~+00-16-00,157.75105395180194,2.2520341597586646
nanoseq-sep-3~+00-17-00,155.49382353964117,2.2520341597586646
nanoseq-sep-3~+00-18-00,152.86629296632205,2.2520341597586646
nanoseq-sep-3~+00-19-00,150.99895151173502,2.2520341597586646
nanoseq-sep-3~+00-20-00,149.75171339675956,2.2520341597586646
nanoseq-sep-3~+00-21-00,149.52030964577511,2.2520341597586646
nanoseq-sep-3~+00-22-00,150.09901050716743,2.2520341597586646
nanoseq-sep-3~+00-23-00,151.26396898185607,2.2520341597586646
nanoseq-sep-3~+01-00-00,152.63252953180844,2.2520341597586646
