trace,op_ems,emb_ems
sarek-aug-2,18369.116137084126,185.95754100781198
sarek-aug-2~+00-01-00,18698.867998285266,185.95754100781198
sarek-aug-2~+00-02-00,19035.25961023771,185.95754100781198
sarek-aug-2~+00-03-00,19142.909321667026,185.95754100781198
sarek-aug-2~+00-04-00,19088.777253447424,185.95754100781198
sarek-aug-2~+00-05-00,18222.833570330164,185.95754100781198
sarek-aug-2~+00-06-00,18129.03397013272,185.95754100781198
sarek-aug-2~+00-07-00,18301.820791124814,185.95754100781198
sarek-aug-2~+00-08-00,18546.55327108467,185.95754100781198
sarek-aug-2~+00-09-00,18867.313786603903,185.95754100781198
sarek-aug-2~+00-10-00,18999.63429376868,185.95754100781198
sarek-aug-2~+00-11-00,18377.720520942283,185.95754100781198
sarek-aug-2~+00-12-00,18464.941505837192,185.95754100781198
sarek-aug-2~+00-13-00,18838.284541255074,185.95754100781198
sarek-aug-2~+00-14-00,19129.43973572168,185.95754100781198
sarek-aug-2~+00-15-00,18989.810783173452,185.95754100781198
sarek-aug-2~+00-16-00,18988.253090658083,185.95754100781198
sarek-aug-2~+00-17-00,18428.645658344678,185.95754100781198
sarek-aug-2~+00-18-00,17941.66078863406,185.95754100781198
sarek-aug-2~+00-19-00,17546.095735574923,185.95754100781198
sarek-aug-2~+00-20-00,17836.95708830853,185.95754100781198
sarek-aug-2~+00-21-00,18161.33770535109,185.95754100781198
sarek-aug-2~+00-22-00,18493.874114953076,185.95754100781198
sarek-aug-2~+00-23-00,18594.329050962624,185.95754100781198
sarek-aug-2~+01-00-00,18745.729930887384,185.95754100781198
