trace,op_ems,emb_ems
montage-jun-2,148.044491053009,4.417620969401983
montage-jun-2~+00-01-00,143.01143764725134,4.417620969401983
montage-jun-2~+00-02-00,138.5524967972835,4.417620969401983
montage-jun-2~+00-03-00,142.89661513609335,4.417620969401983
montage-jun-2~+00-04-00,155.47924865048756,4.417620969401983
montage-jun-2~+00-05-00,130.1991591105412,4.417620969401983
montage-jun-2~+00-06-00,79.62941148805203,4.417620969401983
montage-jun-2~+00-07-00,64.0422555983576,4.417620969401983
montage-jun-2~+00-08-00,59.29625847049487,4.417620969401983
montage-jun-2~+00-09-00,52.770512419683605,4.417620969401983
montage-jun-2~+00-10-00,50.464493653927704,4.417620969401983
montage-jun-2~+00-11-00,50.081751950067826,4.417620969401983
montage-jun-2~+00-12-00,54.473713001860176,4.417620969401983
montage-jun-2~+00-13-00,59.75554851512676,4.417620969401983
montage-jun-2~+00-14-00,71.14211420495879,4.417620969401983
montage-jun-2~+00-15-00,82.79659908749265,4.417620969401983
montage-jun-2~+00-16-00,94.14489060693865,4.417620969401983
montage-jun-2~+00-17-00,124.10399747657223,4.417620969401983
montage-jun-2~+00-18-00,181.76403516306615,4.417620969401983
montage-jun-2~+00-19-00,199.00654892195467,4.417620969401983
montage-jun-2~+00-20-00,194.50933390160068,4.417620969401983
montage-jun-2~+00-21-00,186.6726975150692,4.417620969401983
montage-jun-2~+00-22-00,172.9992501446744,4.417620969401983
montage-jun-2~+00-23-00,168.95175662635597,4.417620969401983
montage-jun-2~+01-00-00,165.83241173989774,4.417620969401983
