trace,op_ems,emb_ems
rangeland-oct-1,2814.145377467069,56.24585137653058
rangeland-oct-1~+00-01-00,2590.120054692456,56.24585137653058
rangeland-oct-1~+00-02-00,2339.5512126242156,56.24585137653058
rangeland-oct-1~+00-03-00,2091.244184099149,56.24585137653058
rangeland-oct-1~+00-04-00,1831.7925806801618,56.24585137653058
rangeland-oct-1~+00-05-00,1579.0882177497222,56.24585137653058
rangeland-oct-1~+00-06-00,1335.779906193304,56.24585137653058
rangeland-oct-1~+00-07-00,1124.046254535131,56.24585137653058
rangeland-oct-1~+00-08-00,1062.0782891165252,56.24585137653058
rangeland-oct-1~+00-09-00,1111.550949465246,56.24585137653058
rangeland-oct-1~+00-10-00,1321.4990621579595,56.24585137653058
rangeland-oct-1~+00-11-00,1576.5590359692937,56.24585137653058
rangeland-oct-1~+00-12-00,1798.6371054117344,56.24585137653058
rangeland-oct-1~+00-13-00,2027.6940201658033,56.24585137653058
rangeland-oct-1~+00-14-00,2271.0355862212296,56.24585137653058
rangeland-oct-1~+00-15-00,2516.4876306754218,56.24585137653058
rangeland-oct-1~+00-16-00,2718.2563211859165,56.24585137653058
rangeland-oct-1~+00-17-00,2803.3263355514105,56.24585137653058
rangeland-oct-1~+00-18-00,2830.883320311004,56.24585137653058
rangeland-oct-1~+00-19-00,2851.5555573346487,56.24585137653058
rangeland-oct-1~+00-20-00,2868.8260753713303,56.24585137653058
rangeland-oct-1~+00-21-00,2881.6283797506135,56.24585137653058
rangeland-oct-1~+00-22-00,2891.68904292125,56.24585137653058
rangeland-oct-1~+00-23-00,2888.1849708988098,56.24585137653058
rangeland-oct-1~+01-00-00,2855.0647374216805,56.24585137653058
