trace,op_ems,emb_ems
sarek-mar-2,18964.272578700446,185.95754100781198
sarek-mar-2~+00-01-00,19063.395688041262,185.95754100781198
sarek-mar-2~+00-02-00,19405.55012496782,185.95754100781198
sarek-mar-2~+00-03-00,19069.32900240235,185.95754100781198
sarek-mar-2~+00-04-00,13978.890758392921,185.95754100781198
sarek-mar-2~+00-05-00,9454.760006769671,185.95754100781198
sarek-mar-2~+00-06-00,5793.817326952834,185.95754100781198
sarek-mar-2~+00-07-00,3567.629423321443,185.95754100781198
sarek-mar-2~+00-08-00,2011.2114649849734,185.95754100781198
sarek-mar-2~+00-09-00,1955.8596056906472,185.95754100781198
sarek-mar-2~+00-10-00,1954.4368470506993,185.95754100781198
sarek-mar-2~+00-11-00,2452.2984394486666,185.95754100781198
sarek-mar-2~+00-12-00,7828.781661494471,185.95754100781198
sarek-mar-2~+00-13-00,12429.52147323298,185.95754100781198
sarek-mar-2~+00-14-00,16098.457142714818,185.95754100781198
sarek-mar-2~+00-15-00,18144.6648225987,185.95754100781198
sarek-mar-2~+00-16-00,19609.870449571452,185.95754100781198
sarek-mar-2~+00-17-00,19591.93333265171,185.95754100781198
sarek-mar-2~+00-18-00,19445.301906766468,185.95754100781198
sarek-mar-2~+00-19-00,19254.59557797081,185.95754100781198
sarek-mar-2~+00-20-00,19117.05595714789,185.95754100781198
sarek-mar-2~+00-21-00,18950.86275435927,185.95754100781198
sarek-mar-2~+00-22-00,18855.200633607634,185.95754100781198
sarek-mar-2~+00-23-00,18950.2176890388,185.95754100781198
sarek-mar-2~+01-00-00,19050.939481798992,185.95754100781198
