trace,op_ems,emb_ems
rangeland-aug-1,2171.601242821953,56.24585137653058
rangeland-aug-1~+00-01-00,1987.9736659277373,56.24585137653058
rangeland-aug-1~+00-02-00,1817.8736841720743,56.24585137653058
rangeland-aug-1~+00-03-00,1645.9293020738,56.24585137653058
rangeland-aug-1~+00-04-00,1475.0313812704194,56.24585137653058
rangeland-aug-1~+00-05-00,1300.3613894203725,56.24585137653058
rangeland-aug-1~+00-06-00,1142.525438015715,56.24585137653058
rangeland-aug-1~+00-07-00,1048.681934872792,56.24585137653058
rangeland-aug-1~+00-08-00,1031.641216671437,56.24585137653058
rangeland-aug-1~+00-09-00,1048.3671907356631,56.24585137653058
rangeland-aug-1~+00-10-00,1102.0636097764989,56.24585137653058
rangeland-aug-1~+00-11-00,1237.5931796437196,56.24585137653058
rangeland-aug-1~+00-12-00,1446.7514101331546,56.24585137653058
rangeland-aug-1~+00-13-00,1636.1713070268577,56.24585137653058
rangeland-aug-1~+00-14-00,1838.784598738006,56.24585137653058
rangeland-aug-1~+00-15-00,2033.0408346826575,56.24585137653058
rangeland-aug-1~+00-16-00,2199.193165921067,56.24585137653058
rangeland-aug-1~+00-17-00,2314.4711503339436,56.24585137653058
rangeland-aug-1~+00-18-00,2354.7610200132754,56.24585137653058
rangeland-aug-1~+00-19-00,2320.3681448489724,56.24585137653058
rangeland-aug-1~+00-20-00,2273.0627763780135,56.24585137653058
rangeland-aug-1~+00-21-00,2218.5507049267785,56.24585137653058
rangeland-aug-1~+00-22-00,2162.982122035357,56.24585137653058
rangeland-aug-1~+00-23-00,2101.5338608435,56.24585137653058
rangeland-aug-1~+01-00-00,1948.965446037383,56.24585137653058
