trace,op_ems,emb_ems
rangeland-aug-3,4830.311606753042,56.305479409080235
rangeland-aug-3~+00-01-00,4847.103215486068,56.305479409080235
rangeland-aug-3~+00-02-00,4861.221490898516,56.305479409080235
rangeland-aug-3~+00-03-00,4793.6399379216855,56.305479409080235
rangeland-aug-3~+00-04-00,4802.594232415001,56.305479409080235
rangeland-aug-3~+00-05-00,4806.88153385296,56.305479409080235
rangeland-aug-3~+00-06-00,4783.472424395553,56.305479409080235
rangeland-aug-3~+00-07-00,4773.215916716835,56.305479409080235
rangeland-aug-3~+00-08-00,4791.358807763066,56.305479409080235
rangeland-aug-3~+00-09-00,4620.336858778426,56.305479409080235
rangeland-aug-3~+00-10-00,4845.171084746964,56.305479409080235
rangeland-aug-3~+00-11-00,4881.689252264084,56.305479409080235
rangeland-aug-3~+00-12-00,4892.716965610642,56.305479409080235
rangeland-aug-3~+00-13-00,4875.547798810736,56.305479409080235
rangeland-aug-3~+00-14-00,4832.925662181892,56.305479409080235
rangeland-aug-3~+00-15-00,4752.227306322257,56.305479409080235
rangeland-aug-3~+00-16-00,4773.281180902383,56.305479409080235
rangeland-aug-3~+00-17-00,4681.386606663804,56.305479409080235
rangeland-aug-3~+00-18-00,4690.200013045066,56.305479409080235
rangeland-aug-3~+00-19-00,4671.374686472064,56.305479409080235
rangeland-aug-3~+00-20-00,4684.3911106292735,56.305479409080235
rangeland-aug-3~+00-21-00,4703.186431020516,56.305479409080235
rangeland-aug-3~+00-22-00,4752.10317669581,56.305479409080235
rangeland-aug-3~+00-23-00,4808.851413982859,56.305479409080235
rangeland-aug-3~+01-00-00,4850.306043846345,56.305479409080235
