trace,op_ems,emb_ems
montage-oct-1,478.51592479364996,5.110399681598096
montage-oct-1~+00-01-00,476.9380553921527,5.110399681598096
montage-oct-1~+00-02-00,477.34640898332617,5.110399681598096
montage-oct-1~+00-03-00,477.2079448982531,5.110399681598096
montage-oct-1~+00-04-00,478.4947428237681,5.110399681598096
montage-oct-1~+00-05-00,481.995539296497,5.110399681598096
montage-oct-1~+00-06-00,496.758436442926,5.110399681598096
montage-oct-1~+00-07-00,491.2671627257839,5.110399681598096
montage-oct-1~+00-08-00,474.6493449508146,5.110399681598096
montage-oct-1~+00-09-00,173.06106955394972,5.110399681598096
montage-oct-1~+00-10-00,475.89354188291924,5.110399681598096
montage-oct-1~+00-11-00,491.34505394421024,5.110399681598096
montage-oct-1~+00-12-00,484.94694075479833,5.110399681598096
montage-oct-1~+00-13-00,241.38648863548298,5.110399681598096
montage-oct-1~+00-14-00,180.77168270009972,5.110399681598096
montage-oct-1~+00-15-00,195.7351523884368,5.110399681598096
montage-oct-1~+00-16-00,478.0245511014591,5.110399681598096
montage-oct-1~+00-17-00,489.10012682802636,5.110399681598096
montage-oct-1~+00-18-00,484.86693413728574,5.110399681598096
montage-oct-1~+00-19-00,479.9984305674056,5.110399681598096
montage-oct-1~+00-20-00,475.0191756400419,5.110399681598096
montage-oct-1~+00-21-00,480.69973851848454,5.110399681598096
montage-oct-1~+00-22-00,485.2348469090762,5.110399681598096
montage-oct-1~+00-23-00,480.0585724815829,5.110399681598096
montage-oct-1~+01-00-00,475.78039809634265,5.110399681598096
