trace,op_ems,emb_ems
montage-may-1,175.67696389110282,4.6572801319491965
montage-may-1~+00-01-00,177.6508815025759,4.6572801319491965
montage-may-1~+00-02-00,177.26686607489412,4.6572801319491965
montage-may-1~+00-03-00,178.20669772663044,4.6572801319491965
montage-may-1~+00-04-00,185.3011282408915,4.6572801319491965
montage-may-1~+00-05-00,170.26342230530514,4.6572801319491965
montage-may-1~+00-06-00,105.11447007415786,4.6572801319491965
montage-may-1~+00-07-00,72.17581601250352,4.6572801319491965
montage-may-1~+00-08-00,64.012635432787,4.6572801319491965
montage-may-1~+00-09-00,61.108502727488236,4.6572801319491965
montage-may-1~+00-10-00,51.374235416871976,4.6572801319491965
montage-may-1~+00-11-00,48.83340389187784,4.6572801319491965
montage-may-1~+00-12-00,45.102511564211085,4.6572801319491965
montage-may-1~+00-13-00,48.08341671013806,4.6572801319491965
montage-may-1~+00-14-00,58.74766077098266,4.6572801319491965
montage-may-1~+00-15-00,73.88513354174117,4.6572801319491965
montage-may-1~+00-16-00,101.21026970914414,4.6572801319491965
montage-may-1~+00-17-00,136.80670549623596,4.6572801319491965
montage-may-1~+00-18-00,185.8221328131909,4.6572801319491965
montage-may-1~+00-19-00,196.31285660982275,4.6572801319491965
montage-may-1~+00-20-00,191.57484963257937,4.6572801319491965
montage-may-1~+00-21-00,184.4600022314907,4.6572801319491965
montage-may-1~+00-22-00,179.04470371873975,4.6572801319491965
montage-may-1~+00-23-00,172.23021460597545,4.6572801319491965
montage-may-1~+01-00-00,167.29705606031413,4.6572801319491965
