trace,op_ems,emb_ems
nanoseq-jun-3,39.370516574902254,2.2487745329175857
nanoseq-jun-3~+00-01-00,37.786928973439295,2.2487745329175857
nanoseq-jun-3~+00-02-00,34.215941293092904,2.2487745329175857
nanoseq-jun-3~+00-03-00,29.64502888934112,2.2487745329175857
nanoseq-jun-3~+00-04-00,24.26010058631275,2.2487745329175857
nanoseq-jun-3~+00-05-00,19.20451579677258,2.2487745329175857
nanoseq-jun-3~+00-06-00,16.528801218032505,2.2487745329175857
nanoseq-jun-3~+00-07-00,15.59062594205051,2.2487745329175857
nanoseq-jun-3~+00-08-00,15.14061519034174,2.2487745329175857
nanoseq-jun-3~+00-09-00,15.22543976504234,2.2487745329175857
nanoseq-jun-3~+00-10-00,16.057009512005422,2.2487745329175857
nanoseq-jun-3~+00-11-00,17.94141014827603,2.2487745329175857
nanoseq-jun-3~+00-12-00,21.57439583284773,2.2487745329175857
nanoseq-jun-3~+00-13-00,28.228493077707856,2.2487745329175857
nanoseq-jun-3~+00-14-00,37.89366851837033,2.2487745329175857
nanoseq-jun-3~+00-15-00,48.290843630029876,2.2487745329175857
nanoseq-jun-3~+00-16-00,57.53252800325828,2.2487745329175857
nanoseq-jun-3~+00-17-00,64.0663237425569,2.2487745329175857
nanoseq-jun-3~+00-18-00,65.80617875711363,2.2487745329175857
nanoseq-jun-3~+00-19-00,63.87174181434065,2.2487745329175857
nanoseq-jun-3~+00-20-00,60.63948223703497,2.2487745329175857
nanoseq-jun-3~+00-21-00,57.34690714906414,2.2487745329175857
nanoseq-jun-3~+00-22-00,54.871605956977014,2.2487745329175857
nanoseq-jun-3~+00-23-00,53.587110745052065,2.2487745329175857
nanoseq-jun-3~+01-00-00,52.96191257580204,2.2487745329175857
