trace,op_ems,emb_ems
rnaseq-apr-2,2583.535192201308,59.0952985091386
rnaseq-apr-2~+00-01-00,2615.9525535093503,59.0952985091386
rnaseq-apr-2~+00-02-00,2658.592342931753,59.0952985091386
rnaseq-apr-2~+00-03-00,2668.7229458753723,59.0952985091386
rnaseq-apr-2~+00-04-00,2534.881643522411,59.0952985091386
rnaseq-apr-2~+00-05-00,2062.616084067037,59.0952985091386
rnaseq-apr-2~+00-06-00,1428.5517904360809,59.0952985091386
rnaseq-apr-2~+00-07-00,1092.8405747522254,59.0952985091386
rnaseq-apr-2~+00-08-00,1150.3289607976149,59.0952985091386
rnaseq-apr-2~+00-09-00,1166.3972501276364,59.0952985091386
rnaseq-apr-2~+00-10-00,1078.4450397265234,59.0952985091386
rnaseq-apr-2~+00-11-00,958.6409350043326,59.0952985091386
rnaseq-apr-2~+00-12-00,915.6316816108953,59.0952985091386
rnaseq-apr-2~+00-13-00,869.3421968024468,59.0952985091386
rnaseq-apr-2~+00-14-00,892.6657629912588,59.0952985091386
rnaseq-apr-2~+00-15-00,1165.5926742635907,59.0952985091386
rnaseq-apr-2~+00-16-00,1777.6000242826708,59.0952985091386
rnaseq-apr-2~+00-17-00,2449.3442152283437,59.0952985091386
rnaseq-apr-2~+00-18-00,2782.672193059759,59.0952985091386
rnaseq-apr-2~+00-19-00,2824.693472844524,59.0952985091386
rnaseq-apr-2~+00-20-00,2826.902290065209,59.0952985091386
rnaseq-apr-2~+00-21-00,2842.4568670106855,59.0952985091386
rnaseq-apr-2~+00-22-00,2863.3164863356255,59.0952985091386
rnaseq-apr-2~+00-23-00,2890.3594843756855,59.0952985091386
rnaseq-apr-2~+01-00-00,2926.0077964023,59.0952985091386
