trace,op_ems,emb_ems
rnaseq-may-2,6875.763424974484,61.38903864146787
rnaseq-may-2~+00-01-00,6934.274090686569,61.38903864146787
rnaseq-may-2~+00-02-00,7021.121130889967,61.38903864146787
rnaseq-may-2~+00-03-00,7025.492478496135,61.38903864146787
rnaseq-may-2~+00-04-00,6190.0922140185,61.38903864146787
rnaseq-may-2~+00-05-00,4106.487839977348,61.38903864146787
rnaseq-may-2~+00-06-00,3453.1107500142293,61.38903864146787
rnaseq-may-2~+00-07-00,3772.7085987146515,61.38903864146787
rnaseq-may-2~+00-08-00,3300.6637005809425,61.38903864146787
rnaseq-may-2~+00-09-00,2522.2036847460754,61.38903864146787
rnaseq-may-2~+00-10-00,2204.56136464131,61.38903864146787
rnaseq-may-2~+00-11-00,1901.1548916655759,61.38903864146787
rnaseq-may-2~+00-12-00,2881.9300353051617,61.38903864146787
rnaseq-may-2~+00-13-00,4115.955946254827,61.38903864146787
rnaseq-may-2~+00-14-00,3924.0566793456405,61.38903864146787
rnaseq-may-2~+00-15-00,3500.839956365676,61.38903864146787
rnaseq-may-2~+00-16-00,5173.609338765506,61.38903864146787
rnaseq-may-2~+00-17-00,6171.027143323264,61.38903864146787
rnaseq-may-2~+00-18-00,6706.322650390256,61.38903864146787
rnaseq-may-2~+00-19-00,6633.382155247181,61.38903864146787
rnaseq-may-2~+00-20-00,6655.048397464119,61.38903864146787
rnaseq-may-2~+00-21-00,6716.823797093921,61.38903864146787
rnaseq-may-2~+00-22-00,6718.920178775608,61.38903864146787
rnaseq-may-2~+00-23-00,6669.064712704063,61.38903864146787
rnaseq-may-2~+01-00-00,6644.334410812202,61.38903864146787
