trace,op_ems,emb_ems
sarek-jun-3,18008.493414621415,183.31733251806511
sarek-jun-3~+00-01-00,18097.215866849736,183.31733251806511
sarek-jun-3~+00-02-00,17192.714450515112,183.31733251806511
sarek-jun-3~+00-03-00,12724.676965740813,183.31733251806511
sarek-jun-3~+00-04-00,11326.924891435732,183.31733251806511
sarek-jun-3~+00-05-00,12254.740332322624,183.31733251806511
sarek-jun-3~+00-06-00,10179.699067402213,183.31733251806511
sarek-jun-3~+00-07-00,9102.005147408267,183.31733251806511
sarek-jun-3~+00-08-00,8542.393008810113,183.31733251806511
sarek-jun-3~+00-09-00,7088.79032898073,183.31733251806511
sarek-jun-3~+00-10-00,5723.854017254023,183.31733251806511
sarek-jun-3~+00-11-00,5414.891269770074,183.31733251806511
sarek-jun-3~+00-12-00,6847.26567479248,183.31733251806511
sarek-jun-3~+00-13-00,10845.797747698425,183.31733251806511
sarek-jun-3~+00-14-00,13505.81118236584,183.31733251806511
sarek-jun-3~+00-15-00,15945.830961544989,183.31733251806511
sarek-jun-3~+00-16-00,17672.632838544952,183.31733251806511
sarek-jun-3~+00-17-00,18785.756225893172,183.31733251806511
sarek-jun-3~+00-18-00,18694.81113138917,183.31733251806511
sarek-jun-3~+00-19-00,18536.346828732738,183.31733251806511
sarek-jun-3~+00-20-00,18435.014719803083,183.31733251806511
sarek-jun-3~+00-21-00,18264.91580100359,183.31733251806511
sarek-jun-3~+00-22-00,18351.12032510017,183.31733251806511
sarek-jun-3~+00-23-00,18319.361931820178,183.31733251806511
sarek-jun-3~+01-00-00,18367.070937259505,183.31733251806511
