trace,op_ems,emb_ems
montage-nov-2,194.55717661458323,4.417620969401983
montage-nov-2~+00-01-00,194.27968887928478,4.417620969401983
montage-nov-2~+00-02-00,194.60501932756574,4.417620969401983
montage-nov-2~+00-03-00,198.68121847367357,4.417620969401983
montage-nov-2~+00-04-00,201.21688226174555,4.417620969401983
montage-nov-2~+00-05-00,207.25463264013544,4.417620969401983
montage-nov-2~+00-06-00,142.74351845454942,4.417620969401983
montage-nov-2~+00-07-00,86.02119794251236,4.417620969401983
montage-nov-2~+00-08-00,83.20804641914214,4.417620969401983
montage-nov-2~+00-09-00,81.52398292215851,4.417620969401983
montage-nov-2~+00-10-00,75.98379675878647,4.417620969401983
montage-nov-2~+00-11-00,76.40481263303232,4.417620969401983
montage-nov-2~+00-12-00,77.87836819289296,4.417620969401983
montage-nov-2~+00-13-00,93.15933071949937,4.417620969401983
montage-nov-2~+00-14-00,130.0843365993832,4.417620969401983
montage-nov-2~+00-15-00,222.2963816018294,4.417620969401983
montage-nov-2~+00-16-00,243.47156636787832,4.417620969401983
montage-nov-2~+00-17-00,243.18451008998343,4.417620969401983
montage-nov-2~+00-18-00,240.66798338710453,4.417620969401983
montage-nov-2~+00-19-00,238.46721858991012,4.417620969401983
montage-nov-2~+00-20-00,240.83064861124492,4.417620969401983
montage-nov-2~+00-21-00,245.9785245281608,4.417620969401983
montage-nov-2~+00-22-00,242.3233412562986,4.417620969401983
montage-nov-2~+00-23-00,235.82630083327697,4.417620969401983
montage-nov-2~+01-00-00,231.97974670948497,4.417620969401983
