trace,op_ems,emb_ems
rnaseq-feb-1,4111.390161950109,60.34201273201991
rnaseq-feb-1~+00-01-00,4075.3646848034223,60.34201273201991
rnaseq-feb-1~+00-02-00,3950.4480229925352,60.34201273201991
rnaseq-feb-1~+00-03-00,3776.741779408263,60.34201273201991
rnaseq-feb-1~+00-04-00,3503.6481712390328,60.34201273201991
rnaseq-feb-1~+00-05-00,2865.258767810395,60.34201273201991
rnaseq-feb-1~+00-06-00,1992.3767328962012,60.34201273201991
rnaseq-feb-1~+00-07-00,1385.8570510744257,60.34201273201991
rnaseq-feb-1~+00-08-00,1225.2894092401918,60.34201273201991
rnaseq-feb-1~+00-09-00,1181.3236987106775,60.34201273201991
rnaseq-feb-1~+00-10-00,1173.3115754881942,60.34201273201991
rnaseq-feb-1~+00-11-00,1215.3643605945738,60.34201273201991
rnaseq-feb-1~+00-12-00,1349.0867517621639,60.34201273201991
rnaseq-feb-1~+00-13-00,1749.2168057600452,60.34201273201991
rnaseq-feb-1~+00-14-00,2523.587597503259,60.34201273201991
rnaseq-feb-1~+00-15-00,3335.9025759597403,60.34201273201991
rnaseq-feb-1~+00-16-00,3737.6500172461665,60.34201273201991
rnaseq-feb-1~+00-17-00,3822.304683503119,60.34201273201991
rnaseq-feb-1~+00-18-00,3860.874657928953,60.34201273201991
rnaseq-feb-1~+00-19-00,3891.015758024007,60.34201273201991
rnaseq-feb-1~+00-20-00,3912.7392249903314,60.34201273201991
rnaseq-feb-1~+00-21-00,3967.860014065509,60.34201273201991
rnaseq-feb-1~+00-22-00,4055.0099809797866,60.34201273201991
rnaseq-feb-1~+00-23-00,4117.095005547956,60.34201273201991
rnaseq-feb-1~+01-00-00,4109.436346417786,60.34201273201991
