trace,op_ems,emb_ems
nanoseq-jul-1,73.18849980589117,2.2463699711004637
nanoseq-jul-1~+00-01-00,71.16811054701006,2.2463699711004637
nanoseq-jul-1~+00-02-00,66.2972093247232,2.2463699711004637
nanoseq-jul-1~+00-03-00,59.776569300803494,2.2463699711004637
nanoseq-jul-1~+00-04-00,52.330780738325515,2.2463699711004637
nanoseq-jul-1~+00-05-00,45.63133809478544,2.2463699711004637
nanoseq-jul-1~+00-06-00,42.40414885824953,2.2463699711004637
nanoseq-jul-1~+00-07-00,42.36744654343114,2.2463699711004637
nanoseq-jul-1~+00-08-00,43.839459425434626,2.2463699711004637
nanoseq-jul-1~+00-09-00,45.98512740118986,2.2463699711004637
nanoseq-jul-1~+00-10-00,48.25328471420845,2.2463699711004637
nanoseq-jul-1~+00-11-00,50.66662370706664,2.2463699711004637
nanoseq-jul-1~+00-12-00,53.70717010152306,2.2463699711004637
nanoseq-jul-1~+00-13-00,58.27371037622583,2.2463699711004637
nanoseq-jul-1~+00-14-00,64.78034500410115,2.2463699711004637
nanoseq-jul-1~+00-15-00,72.07996350449324,2.2463699711004637
nanoseq-jul-1~+00-16-00,78.87575970122002,2.2463699711004637
nanoseq-jul-1~+00-17-00,83.95449812246717,2.2463699711004637
nanoseq-jul-1~+00-18-00,86.11249783622715,2.2463699711004637
nanoseq-jul-1~+00-19-00,86.09138326925925,2.2463699711004637
nanoseq-jul-1~+00-20-00,85.49825419469525,2.2463699711004637
nanoseq-jul-1~+00-21-00,85.086615609503,2.2463699711004637
nanoseq-jul-1~+00-22-00,84.93446909398928,2.2463699711004637
nanoseq-jul-1~+00-23-00,84.52926456593877,2.2463699711004637
nanoseq-jul-1~+01-00-00,83.49238411462682,2.2463699711004637
