trace,op_ems,emb_ems
rnaseq-jun-2,1581.8621977094617,59.0952985091386
rnaseq-jun-2~+00-01-00,1568.7339734807888,59.0952985091386
rnaseq-jun-2~+00-02-00,1621.5878519930322,59.0952985091386
rnaseq-jun-2~+00-03-00,1626.4072478975695,59.0952985091386
rnaseq-jun-2~+00-04-00,1402.5061110081683,59.0952985091386
rnaseq-jun-2~+00-05-00,1006.7432086362707,59.0952985091386
rnaseq-jun-2~+00-06-00,745.2118099554796,59.0952985091386
rnaseq-jun-2~+00-07-00,675.4915163494381,59.0952985091386
rnaseq-jun-2~+00-08-00,641.6439000997746,59.0952985091386
rnaseq-jun-2~+00-09-00,614.0971419564239,59.0952985091386
rnaseq-jun-2~+00-10-00,597.2945058275982,59.0952985091386
rnaseq-jun-2~+00-11-00,601.1629488585197,59.0952985091386
rnaseq-jun-2~+00-12-00,647.3963348519948,59.0952985091386
rnaseq-jun-2~+00-13-00,746.495800106814,59.0952985091386
rnaseq-jun-2~+00-14-00,905.3410776005684,59.0952985091386
rnaseq-jun-2~+00-15-00,1182.2041475122141,59.0952985091386
rnaseq-jun-2~+00-16-00,1694.6409087301968,59.0952985091386
rnaseq-jun-2~+00-17-00,2326.626817758308,59.0952985091386
rnaseq-jun-2~+00-18-00,2742.3257571549925,59.0952985091386
rnaseq-jun-2~+00-19-00,2791.7825486717834,59.0952985091386
rnaseq-jun-2~+00-20-00,2683.0013522446093,59.0952985091386
rnaseq-jun-2~+00-21-00,2524.4767215876054,59.0952985091386
rnaseq-jun-2~+00-22-00,2378.184568969666,59.0952985091386
rnaseq-jun-2~+00-23-00,2254.305377659564,59.0952985091386
rnaseq-jun-2~+01-00-00,2149.4409640500203,59.0952985091386
