trace,op_ems,emb_ems
rnaseq-jun-3,1650.7302857124641,61.95465283773145
rnaseq-jun-3~+00-01-00,1638.0368173470144,61.95465283773145
rnaseq-jun-3~+00-02-00,1696.0231541368607,61.95465283773145
rnaseq-jun-3~+00-03-00,1695.030397871229,61.95465283773145
rnaseq-jun-3~+00-04-00,1451.9305134613178,61.95465283773145
rnaseq-jun-3~+00-05-00,1043.2255742134594,61.95465283773145
rnaseq-jun-3~+00-06-00,776.2228861845815,61.95465283773145
rnaseq-jun-3~+00-07-00,704.1526876673596,61.95465283773145
rnaseq-jun-3~+00-08-00,669.1617130096198,61.95465283773145
rnaseq-jun-3~+00-09-00,640.5691857961081,61.95465283773145
rnaseq-jun-3~+00-10-00,623.0880363800868,61.95465283773145
rnaseq-jun-3~+00-11-00,628.3925509274843,61.95465283773145
rnaseq-jun-3~+00-12-00,677.5960996618335,61.95465283773145
rnaseq-jun-3~+00-13-00,782.4662149851443,61.95465283773145
rnaseq-jun-3~+00-14-00,949.7728773021872,61.95465283773145
rnaseq-jun-3~+00-15-00,1243.0372506934696,61.95465283773145
rnaseq-jun-3~+00-16-00,1788.3142028305172,61.95465283773145
rnaseq-jun-3~+00-17-00,2441.4743128979585,61.95465283773145
rnaseq-jun-3~+00-18-00,2865.3819743283466,61.95465283773145
rnaseq-jun-3~+00-19-00,2912.370399814887,61.95465283773145
rnaseq-jun-3~+00-20-00,2796.3721641044945,61.95465283773145
rnaseq-jun-3~+00-21-00,2632.2088066699534,61.95465283773145
rnaseq-jun-3~+00-22-00,2479.1043593174813,61.95465283773145
rnaseq-jun-3~+00-23-00,2350.5768776434397,61.95465283773145
rnaseq-jun-3~+01-00-00,2241.96046984126,61.95465283773145
