trace,op_ems,emb_ems
rnaseq-may-1,7023.642034811321,62.89105340684976
rnaseq-may-1~+00-01-00,7084.06508231828,62.89105340684976
rnaseq-may-1~+00-02-00,7172.309297143432,62.89105340684976
rnaseq-may-1~+00-03-00,7179.2632152377,62.89105340684976
rnaseq-may-1~+00-04-00,6315.484468107915,62.89105340684976
rnaseq-may-1~+00-05-00,4040.172326471905,62.89105340684976
rnaseq-may-1~+00-06-00,3635.5553495297836,62.89105340684976
rnaseq-may-1~+00-07-00,3852.9655430080284,62.89105340684976
rnaseq-may-1~+00-08-00,3391.808376132358,62.89105340684976
rnaseq-may-1~+00-09-00,2467.663383272399,62.89105340684976
rnaseq-may-1~+00-10-00,2289.9430197657166,62.89105340684976
rnaseq-may-1~+00-11-00,1869.8332136152871,62.89105340684976
rnaseq-may-1~+00-12-00,2961.50026199425,62.89105340684976
rnaseq-may-1~+00-13-00,4216.23962319601,62.89105340684976
rnaseq-may-1~+00-14-00,3813.1888942373016,62.89105340684976
rnaseq-may-1~+00-15-00,3559.037119022281,62.89105340684976
rnaseq-may-1~+00-16-00,5260.320648495553,62.89105340684976
rnaseq-may-1~+00-17-00,6311.246458146742,62.89105340684976
rnaseq-may-1~+00-18-00,6852.235189252769,62.89105340684976
rnaseq-may-1~+00-19-00,6777.088872890119,62.89105340684976
rnaseq-may-1~+00-20-00,6797.909783749637,62.89105340684976
rnaseq-may-1~+00-21-00,6863.629194533013,62.89105340684976
rnaseq-may-1~+00-22-00,6862.050205701016,62.89105340684976
rnaseq-may-1~+00-23-00,6813.546259401607,62.89105340684976
rnaseq-may-1~+01-00-00,6787.09623074326,62.89105340684976
