trace,op_ems,emb_ems
mag-jan-1,14351.807847814169,171.36263744391223
mag-jan-1~+00-01-00,14472.3670954486,171.36263744391223
mag-jan-1~+00-02-00,14575.658378295264,171.36263744391223
mag-jan-1~+00-03-00,14661.508580892874,171.36263744391223
mag-jan-1~+00-04-00,14724.322808333058,171.36263744391223
mag-jan-1~+00-05-00,14798.662373331777,171.36263744391223
mag-jan-1~+00-06-00,14865.795885285987,171.36263744391223
mag-jan-1~+00-07-00,14901.662022329196,171.36263744391223
mag-jan-1~+00-08-00,14925.364495793381,171.36263744391223
mag-jan-1~+00-09-00,14908.583620633946,171.36263744391223
mag-jan-1~+00-10-00,14916.60395402923,171.36263744391223
mag-jan-1~+00-11-00,14911.451667805211,171.36263744391223
mag-jan-1~+00-12-00,14871.56035173025,171.36263744391223
mag-jan-1~+00-13-00,14840.869973354218,171.36263744391223
mag-jan-1~+00-14-00,14790.520733430327,171.36263744391223
mag-jan-1~+00-15-00,14742.174599391192,171.36263744391223
mag-jan-1~+00-16-00,14719.2579121128,171.36263744391223
mag-jan-1~+00-17-00,14690.488462424328,171.36263744391223
mag-jan-1~+00-18-00,14700.222700380911,171.36263744391223
mag-jan-1~+00-19-00,14694.988930558362,171.36263744391223
mag-jan-1~+00-20-00,14524.948898074284,171.36263744391223
mag-jan-1~+00-21-00,13763.571771197148,171.36263744391223
mag-jan-1~+00-22-00,13558.675724453102,171.36263744391223
mag-jan-1~+00-23-00,13439.591861659073,171.36263744391223
mag-jan-1~+01-00-00,12800.137295337729,171.36263744391223
