trace,op_ems,emb_ems
montage-aug-3,417.88051915712333,4.459453342142623
montage-aug-3~+00-01-00,419.23706402231073,4.459453342142623
montage-aug-3~+00-02-00,423.40463120465563,4.459453342142623
montage-aug-3~+00-03-00,411.24665713071755,4.459453342142623
montage-aug-3~+00-04-00,415.9993376514546,4.459453342142623
montage-aug-3~+00-05-00,419.14471690886825,4.459453342142623
montage-aug-3~+00-06-00,412.37216559493714,4.459453342142623
montage-aug-3~+00-07-00,444.01718734853046,4.459453342142623
montage-aug-3~+00-08-00,439.0493813712298,4.459453342142623
montage-aug-3~+00-09-00,435.70216993961935,4.459453342142623
montage-aug-3~+00-10-00,432.83278647504085,4.459453342142623
montage-aug-3~+00-11-00,344.4070587514934,4.459453342142623
montage-aug-3~+00-12-00,60.19330209723744,4.459453342142623
montage-aug-3~+00-13-00,182.7658866263539,4.459453342142623
montage-aug-3~+00-14-00,420.04138663887625,4.459453342142623
montage-aug-3~+00-15-00,431.2113345927901,4.459453342142623
montage-aug-3~+00-16-00,438.3777651486506,4.459453342142623
montage-aug-3~+00-17-00,434.42639388175013,4.459453342142623
montage-aug-3~+00-18-00,439.7888806188164,4.459453342142623
montage-aug-3~+00-19-00,432.32531067678826,4.459453342142623
montage-aug-3~+00-20-00,416.2851799799719,4.459453342142623
montage-aug-3~+00-21-00,424.4531587694656,4.459453342142623
montage-aug-3~+00-22-00,424.34825523723265,4.459453342142623
montage-aug-3~+00-23-00,414.9579963030379,4.459453342142623
montage-aug-3~+01-00-00,421.4076282279097,4.459453342142623
