trace,op_ems,emb_ems
mag-dec-3,5699.949405530605,170.30505238040828
mag-dec-3~+00-01-00,5460.439803631603,170.30505238040828
mag-dec-3~+00-02-00,5305.707797432214,170.30505238040828
mag-dec-3~+00-03-00,5372.843113217678,170.30505238040828
mag-dec-3~+00-04-00,5642.723292615717,170.30505238040828
mag-dec-3~+00-05-00,5948.125758326655,170.30505238040828
mag-dec-3~+00-06-00,6120.42452072882,170.30505238040828
mag-dec-3~+00-07-00,6172.152434733032,170.30505238040828
mag-dec-3~+00-08-00,6254.792772604811,170.30505238040828
mag-dec-3~+00-09-00,6515.149209878742,170.30505238040828
mag-dec-3~+00-10-00,6939.5253741509,170.30505238040828
mag-dec-3~+00-11-00,7424.915814844439,170.30505238040828
mag-dec-3~+00-12-00,7844.279492717347,170.30505238040828
mag-dec-3~+00-13-00,8230.561825465407,170.30505238040828
mag-dec-3~+00-14-00,8596.437442224771,170.30505238040828
mag-dec-3~+00-15-00,8805.541040583299,170.30505238040828
mag-dec-3~+00-16-00,8879.089568966487,170.30505238040828
mag-dec-3~+00-17-00,8934.014837488909,170.30505238040828
mag-dec-3~+00-18-00,8927.966464294574,170.30505238040828
mag-dec-3~+00-19-00,8711.625608907607,170.30505238040828
mag-dec-3~+00-20-00,8295.942167313871,170.30505238040828
mag-dec-3~+00-21-00,7786.355743310342,170.30505238040828
mag-dec-3~+00-22-00,7271.677640220239,170.30505238040828
mag-dec-3~+00-23-00,6884.589845678552,170.30505238040828
mag-dec-3~+01-00-00,6608.233346459711,170.30505238040828
