trace,op_ems,emb_ems
rnaseq-jan-3,4211.394465181366,61.95465283773145
rnaseq-jan-3~+00-01-00,4257.909965532064,61.95465283773145
rnaseq-jan-3~+00-02-00,4288.1279437340645,61.95465283773145
rnaseq-jan-3~+00-03-00,4314.307356028067,61.95465283773145
rnaseq-jan-3~+00-04-00,4235.098483134462,61.95465283773145
rnaseq-jan-3~+00-05-00,3819.1265126661765,61.95465283773145
rnaseq-jan-3~+00-06-00,3063.095432763695,61.95465283773145
rnaseq-jan-3~+00-07-00,2362.952593161371,61.95465283773145
rnaseq-jan-3~+00-08-00,2069.1917194329844,61.95465283773145
rnaseq-jan-3~+00-09-00,2016.850973282356,61.95465283773145
rnaseq-jan-3~+00-10-00,2004.6170696814067,61.95465283773145
rnaseq-jan-3~+00-11-00,2015.8211806563468,61.95465283773145
rnaseq-jan-3~+00-12-00,2185.009424918175,61.95465283773145
rnaseq-jan-3~+00-13-00,2751.044491375208,61.95465283773145
rnaseq-jan-3~+00-14-00,3535.0426813965937,61.95465283773145
rnaseq-jan-3~+00-15-00,4046.4242007415437,61.95465283773145
rnaseq-jan-3~+00-16-00,4110.175285691876,61.95465283773145
rnaseq-jan-3~+00-17-00,4077.3470184300495,61.95465283773145
rnaseq-jan-3~+00-18-00,4094.475934248051,61.95465283773145
rnaseq-jan-3~+00-19-00,4138.678989595952,61.95465283773145
rnaseq-jan-3~+00-20-00,4170.066981907699,61.95465283773145
rnaseq-jan-3~+00-21-00,4169.695073186653,61.95465283773145
rnaseq-jan-3~+00-22-00,4146.501645408663,61.95465283773145
rnaseq-jan-3~+00-23-00,4158.694531567266,61.95465283773145
rnaseq-jan-3~+01-00-00,4195.68233963147,61.95465283773145
