trace,op_ems,emb_ems
rangeland-jan-1,3151.818932315945,56.24585137653058
rangeland-jan-1~+00-01-00,2978.0941092994744,56.24585137653058
rangeland-jan-1~+00-02-00,2737.8739529020286,56.24585137653058
rangeland-jan-1~+00-03-00,2507.3055128138085,56.24585137653058
rangeland-jan-1~+00-04-00,2272.904524773635,56.24585137653058
rangeland-jan-1~+00-05-00,2036.5829809222246,56.24585137653058
rangeland-jan-1~+00-06-00,1800.070306910108,56.24585137653058
rangeland-jan-1~+00-07-00,1614.8741903754724,56.24585137653058
rangeland-jan-1~+00-08-00,1616.6994022505849,56.24585137653058
rangeland-jan-1~+00-09-00,1835.0099316813773,56.24585137653058
rangeland-jan-1~+00-10-00,2068.001714874253,56.24585137653058
rangeland-jan-1~+00-11-00,2275.0978333256485,56.24585137653058
rangeland-jan-1~+00-12-00,2482.976335797155,56.24585137653058
rangeland-jan-1~+00-13-00,2700.6214734154287,56.24585137653058
rangeland-jan-1~+00-14-00,2908.148054587301,56.24585137653058
rangeland-jan-1~+00-15-00,3064.514691376449,56.24585137653058
rangeland-jan-1~+00-16-00,3094.68537875675,56.24585137653058
rangeland-jan-1~+00-17-00,3089.630359144409,56.24585137653058
rangeland-jan-1~+00-18-00,3095.5745665931386,56.24585137653058
rangeland-jan-1~+00-19-00,3114.767959784717,56.24585137653058
rangeland-jan-1~+00-20-00,3127.999025747955,56.24585137653058
rangeland-jan-1~+00-21-00,3134.3571306852195,56.24585137653058
rangeland-jan-1~+00-22-00,3112.7628849718108,56.24585137653058
rangeland-jan-1~+00-23-00,3094.261102094616,56.24585137653058
rangeland-jan-1~+01-00-00,3040.71396601508,56.24585137653058
