trace,op_ems,emb_ems
mag-may-3,2791.4778838536877,170.30505238040828
mag-may-3~+00-01-00,2530.951627824364,170.30505238040828
mag-may-3~+00-02-00,2252.916894857242,170.30505238040828
mag-may-3~+00-03-00,2070.9822211010987,170.30505238040828
mag-may-3~+00-04-00,2002.7439470626696,170.30505238040828
mag-may-3~+00-05-00,2068.120494251399,170.30505238040828
mag-may-3~+00-06-00,2386.772286943586,170.30505238040828
mag-may-3~+00-07-00,2902.1483938487136,170.30505238040828
mag-may-3~+00-08-00,3404.583580143431,170.30505238040828
mag-may-3~+00-09-00,3776.487653704694,170.30505238040828
mag-may-3~+00-10-00,4019.714016634988,170.30505238040828
mag-may-3~+00-11-00,4215.857751646302,170.30505238040828
mag-may-3~+00-12-00,4480.603761458926,170.30505238040828
mag-may-3~+00-13-00,4823.165082231827,170.30505238040828
mag-may-3~+00-14-00,5153.320548567216,170.30505238040828
mag-may-3~+00-15-00,5444.917953773146,170.30505238040828
mag-may-3~+00-16-00,5730.850180415107,170.30505238040828
mag-may-3~+00-17-00,5913.393756872644,170.30505238040828
mag-may-3~+00-18-00,5767.086535664606,170.30505238040828
mag-may-3~+00-19-00,5330.783269601519,170.30505238040828
mag-may-3~+00-20-00,4818.047449279925,170.30505238040828
mag-may-3~+00-21-00,4332.8470102112715,170.30505238040828
mag-may-3~+00-22-00,3965.0588112676855,170.30505238040828
mag-may-3~+00-23-00,3736.6385316463684,170.30505238040828
mag-may-3~+01-00-00,3505.828106850545,170.30505238040828
