trace,op_ems,emb_ems
montage-nov-1,481.9922944946023,5.110399681598096
montage-nov-1~+00-01-00,473.21210181944264,5.110399681598096
montage-nov-1~+00-02-00,467.22296271538227,5.110399681598096
montage-nov-1~+00-03-00,469.43554053144396,5.110399681598096
montage-nov-1~+00-04-00,471.7528444501095,5.110399681598096
montage-nov-1~+00-05-00,494.49009271581076,5.110399681598096
montage-nov-1~+00-06-00,508.4269151231614,5.110399681598096
montage-nov-1~+00-07-00,511.2708179693391,5.110399681598096
montage-nov-1~+00-08-00,507.0882915102936,5.110399681598096
montage-nov-1~+00-09-00,504.8479761781077,5.110399681598096
montage-nov-1~+00-10-00,504.99880566657214,5.110399681598096
montage-nov-1~+00-11-00,504.12836608523713,5.110399681598096
montage-nov-1~+00-12-00,47.66508213973786,5.110399681598096
montage-nov-1~+00-13-00,48.936568902062774,5.110399681598096
montage-nov-1~+00-14-00,290.68728005784806,5.110399681598096
montage-nov-1~+00-15-00,491.7835048392667,5.110399681598096
montage-nov-1~+00-16-00,491.37875729305017,5.110399681598096
montage-nov-1~+00-17-00,485.7741388058353,5.110399681598096
montage-nov-1~+00-18-00,481.1631274657972,5.110399681598096
montage-nov-1~+00-19-00,474.7654750786843,5.110399681598096
montage-nov-1~+00-20-00,476.5647786645929,5.110399681598096
montage-nov-1~+00-21-00,481.60348799999343,5.110399681598096
montage-nov-1~+00-22-00,481.90495624448715,5.110399681598096
montage-nov-1~+00-23-00,477.14471537380564,5.110399681598096
montage-nov-1~+01-00-00,475.0760979943405,5.110399681598096
