trace,op_ems,emb_ems
sarek-sep-3,11077.784026086852,179.93408696821612
sarek-sep-3~+00-01-00,11121.855766177207,179.93408696821612
sarek-sep-3~+00-02-00,10600.554730234102,179.93408696821612
sarek-sep-3~+00-03-00,9522.247890589186,179.93408696821612
sarek-sep-3~+00-04-00,8498.529045757547,179.93408696821612
sarek-sep-3~+00-05-00,7430.274521743339,179.93408696821612
sarek-sep-3~+00-06-00,6551.565843686585,179.93408696821612
sarek-sep-3~+00-07-00,6223.59716719153,179.93408696821612
sarek-sep-3~+00-08-00,6252.210901353539,179.93408696821612
sarek-sep-3~+00-09-00,6398.90680238751,179.93408696821612
sarek-sep-3~+00-10-00,6581.175824513694,179.93408696821612
sarek-sep-3~+00-11-00,6831.263815598463,179.93408696821612
sarek-sep-3~+00-12-00,7263.074065872672,179.93408696821612
sarek-sep-3~+00-13-00,8127.791264576973,179.93408696821612
sarek-sep-3~+00-14-00,8961.288090605558,179.93408696821612
sarek-sep-3~+00-15-00,9692.4605007887,179.93408696821612
sarek-sep-3~+00-16-00,10319.894464971487,179.93408696821612
sarek-sep-3~+00-17-00,10711.352773211544,179.93408696821612
sarek-sep-3~+00-18-00,10789.86607830516,179.93408696821612
sarek-sep-3~+00-19-00,10738.227964145708,179.93408696821612
sarek-sep-3~+00-20-00,10668.769513390202,179.93408696821612
sarek-sep-3~+00-21-00,10593.966266001844,179.93408696821612
sarek-sep-3~+00-22-00,10547.104618779653,179.93408696821612
sarek-sep-3~+00-23-00,10490.6589851375,179.93408696821612
sarek-sep-3~+01-00-00,10433.646129221981,179.93408696821612
