trace,op_ems,emb_ems
mag-may-2,10364.282446025783,170.82096393261858
mag-may-2~+00-01-00,8962.298411404572,170.82096393261858
mag-may-2~+00-02-00,8187.938932996539,170.82096393261858
mag-may-2~+00-03-00,8565.1550671649,170.82096393261858
mag-may-2~+00-04-00,7978.550597386011,170.82096393261858
mag-may-2~+00-05-00,7492.33006106273,170.82096393261858
mag-may-2~+00-06-00,7716.0285202557025,170.82096393261858
mag-may-2~+00-07-00,8375.82492146036,170.82096393261858
mag-may-2~+00-08-00,9575.539123124676,170.82096393261858
mag-may-2~+00-09-00,9993.855844796442,170.82096393261858
mag-may-2~+00-10-00,10953.009188693053,170.82096393261858
mag-may-2~+00-11-00,11430.34227849865,170.82096393261858
mag-may-2~+00-12-00,11949.87328338375,170.82096393261858
mag-may-2~+00-13-00,13381.719473568466,170.82096393261858
mag-may-2~+00-14-00,13380.63333037492,170.82096393261858
mag-may-2~+00-15-00,13758.799707361713,170.82096393261858
mag-may-2~+00-16-00,14426.655498021466,170.82096393261858
mag-may-2~+00-17-00,14865.670410566425,170.82096393261858
mag-may-2~+00-18-00,14965.768664318048,170.82096393261858
mag-may-2~+00-19-00,14430.524497677616,170.82096393261858
mag-may-2~+00-20-00,13181.66101294697,170.82096393261858
mag-may-2~+00-21-00,11772.178746485957,170.82096393261858
mag-may-2~+00-22-00,10926.586518591585,170.82096393261858
mag-may-2~+00-23-00,10098.998218861228,170.82096393261858
mag-may-2~+01-00-00,9431.75961885326,170.82096393261858
