trace,op_ems,emb_ems
rnaseq-apr-1,2631.7619872079636,60.34201273201991
rnaseq-apr-1~+00-01-00,2665.0167669582042,60.34201273201991
rnaseq-apr-1~+00-02-00,2708.718610053656,60.34201273201991
rnaseq-apr-1~+00-03-00,2719.6021132876313,60.34201273201991
rnaseq-apr-1~+00-04-00,2585.1190999259916,60.34201273201991
rnaseq-apr-1~+00-05-00,2102.1757885366965,60.34201273201991
rnaseq-apr-1~+00-06-00,1452.7691715101755,60.34201273201991
rnaseq-apr-1~+00-07-00,1112.9807499380913,60.34201273201991
rnaseq-apr-1~+00-08-00,1172.2082619770176,60.34201273201991
rnaseq-apr-1~+00-09-00,1189.3111804766163,60.34201273201991
rnaseq-apr-1~+00-10-00,1098.0247088990159,60.34201273201991
rnaseq-apr-1~+00-11-00,976.8248912737765,60.34201273201991
rnaseq-apr-1~+00-12-00,932.8169347010036,60.34201273201991
rnaseq-apr-1~+00-13-00,885.1427731652655,60.34201273201991
rnaseq-apr-1~+00-14-00,907.7696406772333,60.34201273201991
rnaseq-apr-1~+00-15-00,1184.880031325834,60.34201273201991
rnaseq-apr-1~+00-16-00,1811.0435815183469,60.34201273201991
rnaseq-apr-1~+00-17-00,2497.0002450949687,60.34201273201991
rnaseq-apr-1~+00-18-00,2835.2395277600176,60.34201273201991
rnaseq-apr-1~+00-19-00,2877.606191167848,60.34201273201991
rnaseq-apr-1~+00-20-00,2879.8616133990863,60.34201273201991
rnaseq-apr-1~+00-21-00,2895.7686539256197,60.34201273201991
rnaseq-apr-1~+00-22-00,2916.943652474919,60.34201273201991
rnaseq-apr-1~+00-23-00,2944.4910368464994,60.34201273201991
rnaseq-apr-1~+01-00-00,2981.1957226748577,60.34201273201991
