trace,op_ems,emb_ems
rnaseq-oct-1,3702.0250186222274,60.34201273201991
rnaseq-oct-1~+00-01-00,3719.5178875378597,60.34201273201991
rnaseq-oct-1~+00-02-00,3753.933862322296,60.34201273201991
rnaseq-oct-1~+00-03-00,3762.8257064768823,60.34201273201991
rnaseq-oct-1~+00-04-00,3670.159529132033,60.34201273201991
rnaseq-oct-1~+00-05-00,3207.60235115991,60.34201273201991
rnaseq-oct-1~+00-06-00,2384.5858498559132,60.34201273201991
rnaseq-oct-1~+00-07-00,1670.6202546520658,60.34201273201991
rnaseq-oct-1~+00-08-00,1410.365474769365,60.34201273201991
rnaseq-oct-1~+00-09-00,1345.1812354212952,60.34201273201991
rnaseq-oct-1~+00-10-00,1341.6515998412037,60.34201273201991
rnaseq-oct-1~+00-11-00,1354.2866844847497,60.34201273201991
rnaseq-oct-1~+00-12-00,1363.494174508845,60.34201273201991
rnaseq-oct-1~+00-13-00,1481.4387954791794,60.34201273201991
rnaseq-oct-1~+00-14-00,1945.4771494331837,60.34201273201991
rnaseq-oct-1~+00-15-00,2709.895665469683,60.34201273201991
rnaseq-oct-1~+00-16-00,3331.705379524411,60.34201273201991
rnaseq-oct-1~+00-17-00,3517.946525922452,60.34201273201991
rnaseq-oct-1~+00-18-00,3545.924563837783,60.34201273201991
rnaseq-oct-1~+00-19-00,3624.8823451109474,60.34201273201991
rnaseq-oct-1~+00-20-00,3715.2538003428126,60.34201273201991
rnaseq-oct-1~+00-21-00,3774.756665964068,60.34201273201991
rnaseq-oct-1~+00-22-00,3790.331974305081,60.34201273201991
rnaseq-oct-1~+00-23-00,3775.861124506841,60.34201273201991
rnaseq-oct-1~+01-00-00,3743.831682138355,60.34201273201991
