trace,op_ems,emb_ems
chipseq-jun-1,2560.7227643799865,95.2845684694022
chipseq-jun-1~+00-01-00,2588.293435603097,95.2845684694022
chipseq-jun-1~+00-02-00,2634.142947071933,95.2845684694022
chipseq-jun-1~+00-03-00,2464.9187395670388,95.2845684694022
chipseq-jun-1~+00-04-00,1986.8082123273941,95.2845684694022
chipseq-jun-1~+00-05-00,1451.9442818267169,95.2845684694022
chipseq-jun-1~+00-06-00,1160.671534739355,95.2845684694022
chipseq-jun-1~+00-07-00,1072.0431453732779,95.2845684694022
chipseq-jun-1~+00-08-00,1022.163253539499,95.2845684694022
chipseq-jun-1~+00-09-00,984.7877165884695,95.2845684694022
chipseq-jun-1~+00-10-00,973.7333866180519,95.2845684694022
chipseq-jun-1~+00-11-00,1011.5481504480495,95.2845684694022
chipseq-jun-1~+00-12-00,1125.169492145499,95.2845684694022
chipseq-jun-1~+00-13-00,1330.6085286064615,95.2845684694022
chipseq-jun-1~+00-14-00,1676.806625391627,95.2845684694022
chipseq-jun-1~+00-15-00,2305.761505478553,95.2845684694022
chipseq-jun-1~+00-16-00,3216.1959638647377,95.2845684694022
chipseq-jun-1~+00-17-00,4068.535707853236,95.2845684694022
chipseq-jun-1~+00-18-00,4483.500947448172,95.2845684694022
chipseq-jun-1~+00-19-00,4450.069391784912,95.2845684694022
chipseq-jun-1~+00-20-00,4240.639442691625,95.2845684694022
chipseq-jun-1~+00-21-00,3992.854468557459,95.2845684694022
chipseq-jun-1~+00-22-00,3770.4281902202315,95.2845684694022
chipseq-jun-1~+00-23-00,3585.2533882271887,95.2845684694022
chipseq-jun-1~+01-00-00,3462.930177794019,95.2845684694022
