trace,op_ems,emb_ems
chipseq-jun-1,10289.022445608285,100.71517209432965
chipseq-jun-1~+00-01-00,10352.97008843651,100.71517209432965
chipseq-jun-1~+00-02-00,10317.451521500616,100.71517209432965
chipseq-jun-1~+00-03-00,10343.279765263507,100.71517209432965
chipseq-jun-1~+00-04-00,9241.797056005682,100.71517209432965
chipseq-jun-1~+00-05-00,5950.822698602857,100.71517209432965
chipseq-jun-1~+00-06-00,4452.7320043666405,100.71517209432965
chipseq-jun-1~+00-07-00,5731.460935883838,100.71517209432965
chipseq-jun-1~+00-08-00,7599.25672980636,100.71517209432965
chipseq-jun-1~+00-09-00,5045.711544576353,100.71517209432965
chipseq-jun-1~+00-10-00,3459.375106650071,100.71517209432965
chipseq-jun-1~+00-11-00,2304.814565787458,100.71517209432965
chipseq-jun-1~+00-12-00,2593.7652457313707,100.71517209432965
chipseq-jun-1~+00-13-00,2428.562985853821,100.71517209432965
chipseq-jun-1~+00-14-00,5819.651639990989,100.71517209432965
chipseq-jun-1~+00-15-00,8230.178313286928,100.71517209432965
chipseq-jun-1~+00-16-00,9849.538332816397,100.71517209432965
chipseq-jun-1~+00-17-00,10877.002689491785,100.71517209432965
chipseq-jun-1~+00-18-00,10852.316010386598,100.71517209432965
chipseq-jun-1~+00-19-00,10652.240845532257,100.71517209432965
chipseq-jun-1~+00-20-00,10533.779239654132,100.71517209432965
chipseq-jun-1~+00-21-00,10534.07551958445,100.71517209432965
chipseq-jun-1~+00-22-00,10489.261925148961,100.71517209432965
chipseq-jun-1~+00-23-00,10480.084294152333,100.71517209432965
chipseq-jun-1~+01-00-00,10445.953666214109,100.71517209432965
