trace,op_ems,emb_ems
mag-jan-1,6879.275638520363,170.94595497756436
mag-jan-1~+00-01-00,6671.5864479649845,170.94595497756436
mag-jan-1~+00-02-00,6447.4115984352,170.94595497756436
mag-jan-1~+00-03-00,6342.939424492119,170.94595497756436
mag-jan-1~+00-04-00,6468.221858283801,170.94595497756436
mag-jan-1~+00-05-00,6682.824326418687,170.94595497756436
mag-jan-1~+00-06-00,6798.039647955108,170.94595497756436
mag-jan-1~+00-07-00,6851.767841058896,170.94595497756436
mag-jan-1~+00-08-00,6930.615091753549,170.94595497756436
mag-jan-1~+00-09-00,7165.493653723114,170.94595497756436
mag-jan-1~+00-10-00,7554.731030379348,170.94595497756436
mag-jan-1~+00-11-00,8000.2963408089945,170.94595497756436
mag-jan-1~+00-12-00,8355.354489347788,170.94595497756436
mag-jan-1~+00-13-00,8660.71857260891,170.94595497756436
mag-jan-1~+00-14-00,8983.4854584375,170.94595497756436
mag-jan-1~+00-15-00,9166.550887991769,170.94595497756436
mag-jan-1~+00-16-00,9187.451446201942,170.94595497756436
mag-jan-1~+00-17-00,9154.503995918023,170.94595497756436
mag-jan-1~+00-18-00,9069.804866687238,170.94595497756436
mag-jan-1~+00-19-00,8803.014742614421,170.94595497756436
mag-jan-1~+00-20-00,8327.93578769561,170.94595497756436
mag-jan-1~+00-21-00,7778.161844483526,170.94595497756436
mag-jan-1~+00-22-00,7233.779166195012,170.94595497756436
mag-jan-1~+00-23-00,6812.807136921842,170.94595497756436
mag-jan-1~+01-00-00,6569.148947910286,170.94595497756436
