trace,op_ems,emb_ems
sarek-feb-1,11484.942508861188,180.2085610425426
sarek-feb-1~+00-01-00,11146.979223857335,180.2085610425426
sarek-feb-1~+00-02-00,10358.610962491719,180.2085610425426
sarek-feb-1~+00-03-00,8684.817750868095,180.2085610425426
sarek-feb-1~+00-04-00,6980.0300946432435,180.2085610425426
sarek-feb-1~+00-05-00,5558.466116286931,180.2085610425426
sarek-feb-1~+00-06-00,4357.912044601457,180.2085610425426
sarek-feb-1~+00-07-00,3624.5162883206585,180.2085610425426
sarek-feb-1~+00-08-00,3456.035608712428,180.2085610425426
sarek-feb-1~+00-09-00,3528.5247336914113,180.2085610425426
sarek-feb-1~+00-10-00,3826.9910944248545,180.2085610425426
sarek-feb-1~+00-11-00,4877.674632118991,180.2085610425426
sarek-feb-1~+00-12-00,6583.333807740383,180.2085610425426
sarek-feb-1~+00-13-00,8160.417544248655,180.2085610425426
sarek-feb-1~+00-14-00,9485.311874602181,180.2085610425426
sarek-feb-1~+00-15-00,10534.199402158381,180.2085610425426
sarek-feb-1~+00-16-00,11032.772300872664,180.2085610425426
sarek-feb-1~+00-17-00,11177.995582714559,180.2085610425426
sarek-feb-1~+00-18-00,11257.294006248101,180.2085610425426
sarek-feb-1~+00-19-00,11434.688477934207,180.2085610425426
sarek-feb-1~+00-20-00,11614.156050956382,180.2085610425426
sarek-feb-1~+00-21-00,11714.526240740644,180.2085610425426
sarek-feb-1~+00-22-00,11801.632328304086,180.2085610425426
sarek-feb-1~+00-23-00,11826.84285214715,180.2085610425426
sarek-feb-1~+01-00-00,11712.283706472954,180.2085610425426
