trace,op_ems,emb_ems
chipseq-oct-2,10186.49731253683,98.55920482780722
chipseq-oct-2~+00-01-00,10185.517195261702,98.55920482780722
chipseq-oct-2~+00-02-00,10251.718388356168,98.55920482780722
chipseq-oct-2~+00-03-00,10385.510339040782,98.55920482780722
chipseq-oct-2~+00-04-00,10371.707893701743,98.55920482780722
chipseq-oct-2~+00-05-00,8884.100817287826,98.55920482780722
chipseq-oct-2~+00-06-00,4430.9159887799515,98.55920482780722
chipseq-oct-2~+00-07-00,2881.320691436266,98.55920482780722
chipseq-oct-2~+00-08-00,2084.987642835803,98.55920482780722
chipseq-oct-2~+00-09-00,1952.1401676888834,98.55920482780722
chipseq-oct-2~+00-10-00,1741.4917944906879,98.55920482780722
chipseq-oct-2~+00-11-00,1804.9856258273503,98.55920482780722
chipseq-oct-2~+00-12-00,1964.123678845113,98.55920482780722
chipseq-oct-2~+00-13-00,3164.8195735491527,98.55920482780722
chipseq-oct-2~+00-14-00,6519.059711816695,98.55920482780722
chipseq-oct-2~+00-15-00,9262.548280201103,98.55920482780722
chipseq-oct-2~+00-16-00,10336.73613108571,98.55920482780722
chipseq-oct-2~+00-17-00,10396.67146519757,98.55920482780722
chipseq-oct-2~+00-18-00,10344.038797360416,98.55920482780722
chipseq-oct-2~+00-19-00,10320.372504553497,98.55920482780722
chipseq-oct-2~+00-20-00,10298.094311931172,98.55920482780722
chipseq-oct-2~+00-21-00,10263.6238716783,98.55920482780722
chipseq-oct-2~+00-22-00,10224.50776615778,98.55920482780722
chipseq-oct-2~+00-23-00,10219.99200632474,98.55920482780722
chipseq-oct-2~+01-00-00,10213.52652004814,98.55920482780722
