trace,op_ems,emb_ems
nanoseq-jan-2,102.1178775855237,2.2810001647780567
nanoseq-jan-2~+00-01-00,101.748478236404,2.2810001647780567
nanoseq-jan-2~+00-02-00,97.78663401201241,2.2810001647780567
nanoseq-jan-2~+00-03-00,89.22622351991114,2.2810001647780567
nanoseq-jan-2~+00-04-00,78.25189111641474,2.2810001647780567
nanoseq-jan-2~+00-05-00,66.66121751712751,2.2810001647780567
nanoseq-jan-2~+00-06-00,56.085503506850124,2.2810001647780567
nanoseq-jan-2~+00-07-00,50.053869319626365,2.2810001647780567
nanoseq-jan-2~+00-08-00,48.390371548961454,2.2810001647780567
nanoseq-jan-2~+00-09-00,49.843091509434316,2.2810001647780567
nanoseq-jan-2~+00-10-00,55.83510398196094,2.2810001647780567
nanoseq-jan-2~+00-11-00,65.55047779213753,2.2810001647780567
nanoseq-jan-2~+00-12-00,76.23392427884737,2.2810001647780567
nanoseq-jan-2~+00-13-00,86.58569169445784,2.2810001647780567
nanoseq-jan-2~+00-14-00,94.78186472687285,2.2810001647780567
nanoseq-jan-2~+00-15-00,97.83225396745192,2.2810001647780567
nanoseq-jan-2~+00-16-00,98.19416582414512,2.2810001647780567
nanoseq-jan-2~+00-17-00,98.53849275116967,2.2810001647780567
nanoseq-jan-2~+00-18-00,98.97546981956957,2.2810001647780567
nanoseq-jan-2~+00-19-00,99.24771902951419,2.2810001647780567
nanoseq-jan-2~+00-20-00,99.53916373657486,2.2810001647780567
nanoseq-jan-2~+00-21-00,99.70920633228994,2.2810001647780567
nanoseq-jan-2~+00-22-00,99.91799434625393,2.2810001647780567
nanoseq-jan-2~+00-23-00,99.85155373286734,2.2810001647780567
nanoseq-jan-2~+01-00-00,99.3234154384013,2.2810001647780567
