trace,op_ems,emb_ems
rnaseq-mar-3,2593.460195656328,61.95465283773145
rnaseq-mar-3~+00-01-00,2659.696167055654,61.95465283773145
rnaseq-mar-3~+00-02-00,2765.8024568598735,61.95465283773145
rnaseq-mar-3~+00-03-00,2835.6664635627235,61.95465283773145
rnaseq-mar-3~+00-04-00,2628.4079411342814,61.95465283773145
rnaseq-mar-3~+00-05-00,2054.9443759865558,61.95465283773145
rnaseq-mar-3~+00-06-00,1367.6800775504478,61.95465283773145
rnaseq-mar-3~+00-07-00,991.034572512675,61.95465283773145
rnaseq-mar-3~+00-08-00,891.056448486781,61.95465283773145
rnaseq-mar-3~+00-09-00,904.2517151903878,61.95465283773145
rnaseq-mar-3~+00-10-00,919.4470080403181,61.95465283773145
rnaseq-mar-3~+00-11-00,915.239178174331,61.95465283773145
rnaseq-mar-3~+00-12-00,966.5173323477569,61.95465283773145
rnaseq-mar-3~+00-13-00,1102.5433037269665,61.95465283773145
rnaseq-mar-3~+00-14-00,1526.4556109054136,61.95465283773145
rnaseq-mar-3~+00-15-00,2161.0934097217946,61.95465283773145
rnaseq-mar-3~+00-16-00,2676.1668342935395,61.95465283773145
rnaseq-mar-3~+00-17-00,2789.5390739149734,61.95465283773145
rnaseq-mar-3~+00-18-00,2789.1653527136978,61.95465283773145
rnaseq-mar-3~+00-19-00,2780.3600934775072,61.95465283773145
rnaseq-mar-3~+00-20-00,2707.7897822543987,61.95465283773145
rnaseq-mar-3~+00-21-00,2574.537878268068,61.95465283773145
rnaseq-mar-3~+00-22-00,2467.0249700458717,61.95465283773145
rnaseq-mar-3~+00-23-00,2437.421889289484,61.95465283773145
rnaseq-mar-3~+01-00-00,2391.3411333612976,61.95465283773145
