trace,op_ems,emb_ems
chipseq-jun-2,2517.9181294703485,93.55153285104065
chipseq-jun-2~+00-01-00,2539.901663481794,93.55153285104065
chipseq-jun-2~+00-02-00,2588.2089490557564,93.55153285104065
chipseq-jun-2~+00-03-00,2462.8378551329315,93.55153285104065
chipseq-jun-2~+00-04-00,2003.4307685713231,93.55153285104065
chipseq-jun-2~+00-05-00,1443.0358851430033,93.55153285104065
chipseq-jun-2~+00-06-00,1146.0403856470061,93.55153285104065
chipseq-jun-2~+00-07-00,1058.7320232283769,93.55153285104065
chipseq-jun-2~+00-08-00,1007.6083612575336,93.55153285104065
chipseq-jun-2~+00-09-00,970.7993340264278,93.55153285104065
chipseq-jun-2~+00-10-00,957.0012590665502,93.55153285104065
chipseq-jun-2~+00-11-00,988.1361666194365,93.55153285104065
chipseq-jun-2~+00-12-00,1095.6487827981166,93.55153285104065
chipseq-jun-2~+00-13-00,1289.8161788675336,93.55153285104065
chipseq-jun-2~+00-14-00,1617.9648470650004,93.55153285104065
chipseq-jun-2~+00-15-00,2205.712141028441,93.55153285104065
chipseq-jun-2~+00-16-00,3085.97508859635,93.55153285104065
chipseq-jun-2~+00-17-00,3978.810208777655,93.55153285104065
chipseq-jun-2~+00-18-00,4412.733534525869,93.55153285104065
chipseq-jun-2~+00-19-00,4394.029192409093,93.55153285104065
chipseq-jun-2~+00-20-00,4189.982889355616,93.55153285104065
chipseq-jun-2~+00-21-00,3940.705752296354,93.55153285104065
chipseq-jun-2~+00-22-00,3724.518897397149,93.55153285104065
chipseq-jun-2~+00-23-00,3535.467099993649,93.55153285104065
chipseq-jun-2~+01-00-00,3410.500860967822,93.55153285104065
