trace,op_ems,emb_ems
chipseq-oct-1,10388.844366027291,100.71517209432965
chipseq-oct-1~+00-01-00,10386.2522697935,100.71517209432965
chipseq-oct-1~+00-02-00,10464.798496812124,100.71517209432965
chipseq-oct-1~+00-03-00,10601.694892605801,100.71517209432965
chipseq-oct-1~+00-04-00,10447.804355856988,100.71517209432965
chipseq-oct-1~+00-05-00,8941.777331710497,100.71517209432965
chipseq-oct-1~+00-06-00,4190.637668901183,100.71517209432965
chipseq-oct-1~+00-07-00,2921.478863490165,100.71517209432965
chipseq-oct-1~+00-08-00,2118.3725799170898,100.71517209432965
chipseq-oct-1~+00-09-00,1966.8171744499307,100.71517209432965
chipseq-oct-1~+00-10-00,1792.002472420527,100.71517209432965
chipseq-oct-1~+00-11-00,1852.6942968802693,100.71517209432965
chipseq-oct-1~+00-12-00,2007.7548084382784,100.71517209432965
chipseq-oct-1~+00-13-00,3342.0292250496013,100.71517209432965
chipseq-oct-1~+00-14-00,7017.252079162265,100.71517209432965
chipseq-oct-1~+00-15-00,9468.190377266974,100.71517209432965
chipseq-oct-1~+00-16-00,10541.045708269616,100.71517209432965
chipseq-oct-1~+00-17-00,10602.542429170584,100.71517209432965
chipseq-oct-1~+00-18-00,10546.511748150418,100.71517209432965
chipseq-oct-1~+00-19-00,10524.006903241736,100.71517209432965
chipseq-oct-1~+00-20-00,10498.192428135048,100.71517209432965
chipseq-oct-1~+00-21-00,10465.013664825816,100.71517209432965
chipseq-oct-1~+00-22-00,10426.902018178702,100.71517209432965
chipseq-oct-1~+00-23-00,10419.785506656663,100.71517209432965
chipseq-oct-1~+01-00-00,10415.77798752972,100.71517209432965
