trace,op_ems,emb_ems
rnaseq-oct-2,3634.0485954311152,59.0952985091386
rnaseq-oct-2~+00-01-00,3651.039445196923,59.0952985091386
rnaseq-oct-2~+00-02-00,3684.682290264689,59.0952985091386
rnaseq-oct-2~+00-03-00,3692.858643778826,59.0952985091386
rnaseq-oct-2~+00-04-00,3600.0410354770934,59.0952985091386
rnaseq-oct-2~+00-05-00,3145.873219832614,59.0952985091386
rnaseq-oct-2~+00-06-00,2342.3874731796295,59.0952985091386
rnaseq-oct-2~+00-07-00,1640.8426287120703,59.0952985091386
rnaseq-oct-2~+00-08-00,1384.568436922714,59.0952985091386
rnaseq-oct-2~+00-09-00,1320.7081496053877,59.0952985091386
rnaseq-oct-2~+00-10-00,1316.829587476476,59.0952985091386
rnaseq-oct-2~+00-11-00,1329.3564318247033,59.0952985091386
rnaseq-oct-2~+00-12-00,1339.3017296351622,59.0952985091386
rnaseq-oct-2~+00-13-00,1456.445018511506,59.0952985091386
rnaseq-oct-2~+00-14-00,1911.8251797186435,59.0952985091386
rnaseq-oct-2~+00-15-00,2658.471233277842,59.0952985091386
rnaseq-oct-2~+00-16-00,3269.0201846740356,59.0952985091386
rnaseq-oct-2~+00-17-00,3453.464842768599,59.0952985091386
rnaseq-oct-2~+00-18-00,3480.8663623967136,59.0952985091386
rnaseq-oct-2~+00-19-00,3558.24629657709,59.0952985091386
rnaseq-oct-2~+00-20-00,3646.6541581441306,59.0952985091386
rnaseq-oct-2~+00-21-00,3705.1502843464705,59.0952985091386
rnaseq-oct-2~+00-22-00,3720.430451756276,59.0952985091386
rnaseq-oct-2~+00-23-00,3706.18418280776,59.0952985091386
rnaseq-oct-2~+01-00-00,3675.076210089177,59.0952985091386
