trace,op_ems,emb_ems
rnaseq-feb-3,4213.043004037905,61.95465283773145
rnaseq-feb-3~+00-01-00,4172.40988647818,61.95465283773145
rnaseq-feb-3~+00-02-00,4043.867679121456,61.95465283773145
rnaseq-feb-3~+00-03-00,3865.7180628215947,61.95465283773145
rnaseq-feb-3~+00-04-00,3577.4381530148553,61.95465283773145
rnaseq-feb-3~+00-05-00,2908.4290693002827,61.95465283773145
rnaseq-feb-3~+00-06-00,2026.24292243107,61.95465283773145
rnaseq-feb-3~+00-07-00,1416.1295005664108,61.95465283773145
rnaseq-feb-3~+00-08-00,1254.495029203018,61.95465283773145
rnaseq-feb-3~+00-09-00,1209.9526557153213,61.95465283773145
rnaseq-feb-3~+00-10-00,1202.937039234537,61.95465283773145
rnaseq-feb-3~+00-11-00,1248.0141132132615,61.95465283773145
rnaseq-feb-3~+00-12-00,1388.2980970384378,61.95465283773145
rnaseq-feb-3~+00-13-00,1812.8865685152332,61.95465283773145
rnaseq-feb-3~+00-14-00,2610.2940165629784,61.95465283773145
rnaseq-feb-3~+00-15-00,3427.9024690171714,61.95465283773145
rnaseq-feb-3~+00-16-00,3831.8169110575686,61.95465283773145
rnaseq-feb-3~+00-17-00,3917.898767861462,61.95465283773145
rnaseq-feb-3~+00-18-00,3956.708046835188,61.95465283773145
rnaseq-feb-3~+00-19-00,3987.891978440763,61.95465283773145
rnaseq-feb-3~+00-20-00,4009.7102225011995,61.95465283773145
rnaseq-feb-3~+00-21-00,4069.00337082892,61.95465283773145
rnaseq-feb-3~+00-22-00,4156.904195875606,61.95465283773145
rnaseq-feb-3~+00-23-00,4218.1812798258525,61.95465283773145
rnaseq-feb-3~+01-00-00,4210.744963314496,61.95465283773145
