trace,op_ems,emb_ems
rnaseq-dec-1,6389.172740706618,62.89105340684976
rnaseq-dec-1~+00-01-00,6404.180494240517,62.89105340684976
rnaseq-dec-1~+00-02-00,6464.4282376980655,62.89105340684976
rnaseq-dec-1~+00-03-00,6514.346516309377,62.89105340684976
rnaseq-dec-1~+00-04-00,6584.050616535775,62.89105340684976
rnaseq-dec-1~+00-05-00,6650.196909021188,62.89105340684976
rnaseq-dec-1~+00-06-00,6665.513528828653,62.89105340684976
rnaseq-dec-1~+00-07-00,6790.368455418926,62.89105340684976
rnaseq-dec-1~+00-08-00,6909.363974957563,62.89105340684976
rnaseq-dec-1~+00-09-00,6793.918980763026,62.89105340684976
rnaseq-dec-1~+00-10-00,6631.608106559131,62.89105340684976
rnaseq-dec-1~+00-11-00,6647.172510209848,62.89105340684976
rnaseq-dec-1~+00-12-00,6639.2417911701405,62.89105340684976
rnaseq-dec-1~+00-13-00,6581.634325662023,62.89105340684976
rnaseq-dec-1~+00-14-00,6565.1710449463735,62.89105340684976
rnaseq-dec-1~+00-15-00,6532.8039421028125,62.89105340684976
rnaseq-dec-1~+00-16-00,6477.257198042866,62.89105340684976
rnaseq-dec-1~+00-17-00,6431.720317917777,62.89105340684976
rnaseq-dec-1~+00-18-00,6397.5984231112925,62.89105340684976
rnaseq-dec-1~+00-19-00,6400.8712360587615,62.89105340684976
rnaseq-dec-1~+00-20-00,6406.020329166977,62.89105340684976
rnaseq-dec-1~+00-21-00,6370.073814183957,62.89105340684976
rnaseq-dec-1~+00-22-00,6317.547297913521,62.89105340684976
rnaseq-dec-1~+00-23-00,6280.79942806867,62.89105340684976
rnaseq-dec-1~+01-00-00,6245.162053468757,62.89105340684976
