trace,op_ems,emb_ems
nanoseq-may-1,164.93680831857486,2.2493885276446886
nanoseq-may-1~+00-01-00,161.39924410182093,2.2493885276446886
nanoseq-may-1~+00-02-00,141.66438786650693,2.2493885276446886
nanoseq-may-1~+00-03-00,126.08480383594842,2.2493885276446886
nanoseq-may-1~+00-04-00,111.75681302935679,2.2493885276446886
nanoseq-may-1~+00-05-00,88.38353906531621,2.2493885276446886
nanoseq-may-1~+00-06-00,70.6905112283498,2.2493885276446886
nanoseq-may-1~+00-07-00,74.26840136893205,2.2493885276446886
nanoseq-may-1~+00-08-00,55.53160015781082,2.2493885276446886
nanoseq-may-1~+00-09-00,54.71537501502794,2.2493885276446886
nanoseq-may-1~+00-10-00,67.96234754511742,2.2493885276446886
nanoseq-may-1~+00-11-00,71.71687590788373,2.2493885276446886
nanoseq-may-1~+00-12-00,78.80685259779955,2.2493885276446886
nanoseq-may-1~+00-13-00,103.67189578893984,2.2493885276446886
nanoseq-may-1~+00-14-00,112.4593500944295,2.2493885276446886
nanoseq-may-1~+00-15-00,126.46405797575318,2.2493885276446886
nanoseq-may-1~+00-16-00,149.87791411006344,2.2493885276446886
nanoseq-may-1~+00-17-00,158.79202735668667,2.2493885276446886
nanoseq-may-1~+00-18-00,158.53728405216117,2.2493885276446886
nanoseq-may-1~+00-19-00,158.29009707289083,2.2493885276446886
nanoseq-may-1~+00-20-00,158.40340263363316,2.2493885276446886
nanoseq-may-1~+00-21-00,158.6131195293591,2.2493885276446886
nanoseq-may-1~+00-22-00,158.33441925809163,2.2493885276446886
nanoseq-may-1~+00-23-00,158.06190890757446,2.2493885276446886
nanoseq-may-1~+01-00-00,158.81207441071004,2.2493885276446886
