trace,op_ems,emb_ems
rangeland-may-1,1453.5943315044296,56.24585137653058
rangeland-may-1~+00-01-00,1292.0468296650085,56.24585137653058
rangeland-may-1~+00-02-00,1144.7442174301862,56.24585137653058
rangeland-may-1~+00-03-00,995.3834815148224,56.24585137653058
rangeland-may-1~+00-04-00,834.3946775657133,56.24585137653058
rangeland-may-1~+00-05-00,653.1648278980193,56.24585137653058
rangeland-may-1~+00-06-00,498.42156806653685,56.24585137653058
rangeland-may-1~+00-07-00,435.857983001395,56.24585137653058
rangeland-may-1~+00-08-00,433.43253702345,56.24585137653058
rangeland-may-1~+00-09-00,457.62390110502355,56.24585137653058
rangeland-may-1~+00-10-00,543.1250145921463,56.24585137653058
rangeland-may-1~+00-11-00,731.7014951399352,56.24585137653058
rangeland-may-1~+00-12-00,998.6031176009467,56.24585137653058
rangeland-may-1~+00-13-00,1262.8417038211742,56.24585137653058
rangeland-may-1~+00-14-00,1500.2772451924016,56.24585137653058
rangeland-may-1~+00-15-00,1726.087180275916,56.24585137653058
rangeland-may-1~+00-16-00,1924.749027436625,56.24585137653058
rangeland-may-1~+00-17-00,2050.0077550881033,56.24585137653058
rangeland-may-1~+00-18-00,2090.911689245008,56.24585137653058
rangeland-may-1~+00-19-00,2066.508512943983,56.24585137653058
rangeland-may-1~+00-20-00,2022.6990236198365,56.24585137653058
rangeland-may-1~+00-21-00,1992.5700512915178,56.24585137653058
rangeland-may-1~+00-22-00,1979.5312095562058,56.24585137653058
rangeland-may-1~+00-23-00,1934.3330119207835,56.24585137653058
rangeland-may-1~+01-00-00,1776.8923540140179,56.24585137653058
