trace,op_ems,emb_ems
mag-feb-1,8957.942986589496,171.36263744391223
mag-feb-1~+00-01-00,8283.89416792821,171.36263744391223
mag-feb-1~+00-02-00,7979.698000394853,171.36263744391223
mag-feb-1~+00-03-00,7990.526910522757,171.36263744391223
mag-feb-1~+00-04-00,8371.277629793649,171.36263744391223
mag-feb-1~+00-05-00,9444.4945714276,171.36263744391223
mag-feb-1~+00-06-00,10055.27249555562,171.36263744391223
mag-feb-1~+00-07-00,9387.368183752646,171.36263744391223
mag-feb-1~+00-08-00,9603.141030169478,171.36263744391223
mag-feb-1~+00-09-00,10197.66195932714,171.36263744391223
mag-feb-1~+00-10-00,11431.3511684433,171.36263744391223
mag-feb-1~+00-11-00,12146.575878614613,171.36263744391223
mag-feb-1~+00-12-00,12864.820579766225,171.36263744391223
mag-feb-1~+00-13-00,13762.21397253516,171.36263744391223
mag-feb-1~+00-14-00,14647.337125185246,171.36263744391223
mag-feb-1~+00-15-00,14618.37123831198,171.36263744391223
mag-feb-1~+00-16-00,14571.687666675147,171.36263744391223
mag-feb-1~+00-17-00,14547.852932691574,171.36263744391223
mag-feb-1~+00-18-00,14555.044887829594,171.36263744391223
mag-feb-1~+00-19-00,14603.654644248632,171.36263744391223
mag-feb-1~+00-20-00,14667.724890302428,171.36263744391223
mag-feb-1~+00-21-00,14550.346643123206,171.36263744391223
mag-feb-1~+00-22-00,14209.429848637898,171.36263744391223
mag-feb-1~+00-23-00,13508.003394338408,171.36263744391223
mag-feb-1~+01-00-00,13099.540847776227,171.36263744391223
