trace,op_ems,emb_ems
chipseq-may-1,11372.588025425906,100.71517209432965
chipseq-may-1~+00-01-00,11497.508818330005,100.71517209432965
chipseq-may-1~+00-02-00,11589.032465692075,100.71517209432965
chipseq-may-1~+00-03-00,11027.744190637222,100.71517209432965
chipseq-may-1~+00-04-00,8987.23268666648,100.71517209432965
chipseq-may-1~+00-05-00,5761.483422887008,100.71517209432965
chipseq-may-1~+00-06-00,6932.517371636409,100.71517209432965
chipseq-may-1~+00-07-00,5705.660069185679,100.71517209432965
chipseq-may-1~+00-08-00,4260.701616070728,100.71517209432965
chipseq-may-1~+00-09-00,3765.4224700312116,100.71517209432965
chipseq-may-1~+00-10-00,3849.2359804747407,100.71517209432965
chipseq-may-1~+00-11-00,3738.4685204702587,100.71517209432965
chipseq-may-1~+00-12-00,5766.098941821524,100.71517209432965
chipseq-may-1~+00-13-00,6364.360115171425,100.71517209432965
chipseq-may-1~+00-14-00,5706.262866307019,100.71517209432965
chipseq-may-1~+00-15-00,7300.646833799813,100.71517209432965
chipseq-may-1~+00-16-00,9822.387161037677,100.71517209432965
chipseq-may-1~+00-17-00,10547.550314582211,100.71517209432965
chipseq-may-1~+00-18-00,11014.729545838276,100.71517209432965
chipseq-may-1~+00-19-00,10961.648640801515,100.71517209432965
chipseq-may-1~+00-20-00,11027.434180920476,100.71517209432965
chipseq-may-1~+00-21-00,11093.19907723042,100.71517209432965
chipseq-may-1~+00-22-00,11050.572305052296,100.71517209432965
chipseq-may-1~+00-23-00,10983.448633464102,100.71517209432965
chipseq-may-1~+01-00-00,10975.184290309704,100.71517209432965
