trace,op_ems,emb_ems
sarek-jan-3,12013.241713181573,179.93408696821612
sarek-jan-3~+00-01-00,12062.492965172016,179.93408696821612
sarek-jan-3~+00-02-00,11797.536181693238,179.93408696821612
sarek-jan-3~+00-03-00,10701.306093661966,179.93408696821612
sarek-jan-3~+00-04-00,9394.924856578922,179.93408696821612
sarek-jan-3~+00-05-00,8087.758014269787,179.93408696821612
sarek-jan-3~+00-06-00,6889.916853434618,179.93408696821612
sarek-jan-3~+00-07-00,6052.544528213691,179.93408696821612
sarek-jan-3~+00-08-00,5701.216678883924,179.93408696821612
sarek-jan-3~+00-09-00,5733.387894830189,179.93408696821612
sarek-jan-3~+00-10-00,6267.923412831237,179.93408696821612
sarek-jan-3~+00-11-00,7597.636134982337,179.93408696821612
sarek-jan-3~+00-12-00,8817.14092762049,179.93408696821612
sarek-jan-3~+00-13-00,9959.141855717251,179.93408696821612
sarek-jan-3~+00-14-00,10914.594982169883,179.93408696821612
sarek-jan-3~+00-15-00,11465.428801257229,179.93408696821612
sarek-jan-3~+00-16-00,11566.251899928397,179.93408696821612
sarek-jan-3~+00-17-00,11620.607479432942,179.93408696821612
sarek-jan-3~+00-18-00,11647.666682044779,179.93408696821612
sarek-jan-3~+00-19-00,11684.752720655604,179.93408696821612
sarek-jan-3~+00-20-00,11699.508893075268,179.93408696821612
sarek-jan-3~+00-21-00,11756.50226248519,179.93408696821612
sarek-jan-3~+00-22-00,11773.970612952864,179.93408696821612
sarek-jan-3~+00-23-00,11796.430067315348,179.93408696821612
sarek-jan-3~+01-00-00,11698.95293407274,179.93408696821612
