trace,op_ems,emb_ems
montage-jun-3,414.45435210457737,4.459453342142623
montage-jun-3~+00-01-00,410.85540545845095,4.459453342142623
montage-jun-3~+00-02-00,415.5591857308543,4.459453342142623
montage-jun-3~+00-03-00,417.70966900692116,4.459453342142623
montage-jun-3~+00-04-00,414.0426396264784,4.459453342142623
montage-jun-3~+00-05-00,420.115487085916,4.459453342142623
montage-jun-3~+00-06-00,418.8970094989237,4.459453342142623
montage-jun-3~+00-07-00,96.2598223567013,4.459453342142623
montage-jun-3~+00-08-00,406.93944243427285,4.459453342142623
montage-jun-3~+00-09-00,427.31322695559777,4.459453342142623
montage-jun-3~+00-10-00,430.03387405633373,4.459453342142623
montage-jun-3~+00-11-00,422.38219980438294,4.459453342142623
montage-jun-3~+00-12-00,421.90461138768256,4.459453342142623
montage-jun-3~+00-13-00,428.9441601030699,4.459453342142623
montage-jun-3~+00-14-00,433.60023092452525,4.459453342142623
montage-jun-3~+00-15-00,428.52447727879087,4.459453342142623
montage-jun-3~+00-16-00,434.30311110169026,4.459453342142623
montage-jun-3~+00-17-00,133.12469510674526,4.459453342142623
montage-jun-3~+00-18-00,439.43863340074483,4.459453342142623
montage-jun-3~+00-19-00,426.87506757874604,4.459453342142623
montage-jun-3~+00-20-00,424.44480856940476,4.459453342142623
montage-jun-3~+00-21-00,410.85221662884294,4.459453342142623
montage-jun-3~+00-22-00,412.3787447055598,4.459453342142623
montage-jun-3~+00-23-00,411.82514938960696,4.459453342142623
montage-jun-3~+01-00-00,419.22186456978363,4.459453342142623
