trace,op_ems,emb_ems
sarek-jun-2,4800.100665436587,181.81188075481478
sarek-jun-2~+00-01-00,4744.315478404402,181.81188075481478
sarek-jun-2~+00-02-00,4240.422874484942,181.81188075481478
sarek-jun-2~+00-03-00,3521.4264686110764,181.81188075481478
sarek-jun-2~+00-04-00,2893.3948899569937,181.81188075481478
sarek-jun-2~+00-05-00,2348.780190584153,181.81188075481478
sarek-jun-2~+00-06-00,2003.8774014833366,181.81188075481478
sarek-jun-2~+00-07-00,1882.1295000815344,181.81188075481478
sarek-jun-2~+00-08-00,1814.22753125769,181.81188075481478
sarek-jun-2~+00-09-00,1806.3519588966699,181.81188075481478
sarek-jun-2~+00-10-00,1893.1768827977662,181.81188075481478
sarek-jun-2~+00-11-00,2101.1319919618936,181.81188075481478
sarek-jun-2~+00-12-00,2477.123618382209,181.81188075481478
sarek-jun-2~+00-13-00,3160.4726604631196,181.81188075481478
sarek-jun-2~+00-14-00,4421.250772679135,181.81188075481478
sarek-jun-2~+00-15-00,5886.516501997471,181.81188075481478
sarek-jun-2~+00-16-00,7047.848979498818,181.81188075481478
sarek-jun-2~+00-17-00,7759.3973470019255,181.81188075481478
sarek-jun-2~+00-18-00,7964.481990186386,181.81188075481478
sarek-jun-2~+00-19-00,7726.552595325601,181.81188075481478
sarek-jun-2~+00-20-00,7341.351887720696,181.81188075481478
sarek-jun-2~+00-21-00,6935.197551991974,181.81188075481478
sarek-jun-2~+00-22-00,6600.315410974845,181.81188075481478
sarek-jun-2~+00-23-00,6413.884327086661,181.81188075481478
sarek-jun-2~+01-00-00,6440.603918031529,181.81188075481478
