trace,op_ems,emb_ems
mag-apr-2,8118.880276965308,170.82096393261858
mag-apr-2~+00-01-00,7151.148965779785,170.82096393261858
mag-apr-2~+00-02-00,6132.708051307093,170.82096393261858
mag-apr-2~+00-03-00,4670.901037582472,170.82096393261858
mag-apr-2~+00-04-00,3921.1751466953115,170.82096393261858
mag-apr-2~+00-05-00,3448.010632568918,170.82096393261858
mag-apr-2~+00-06-00,3654.478779449638,170.82096393261858
mag-apr-2~+00-07-00,4991.56965955236,170.82096393261858
mag-apr-2~+00-08-00,6573.875451579543,170.82096393261858
mag-apr-2~+00-09-00,8442.723683097764,170.82096393261858
mag-apr-2~+00-10-00,8493.53252213697,170.82096393261858
mag-apr-2~+00-11-00,9254.037985959641,170.82096393261858
mag-apr-2~+00-12-00,10166.168741519943,170.82096393261858
mag-apr-2~+00-13-00,11392.397270098672,170.82096393261858
mag-apr-2~+00-14-00,12355.975221678353,170.82096393261858
mag-apr-2~+00-15-00,12953.364948505048,170.82096393261858
mag-apr-2~+00-16-00,14067.184274573572,170.82096393261858
mag-apr-2~+00-17-00,14562.355584607743,170.82096393261858
mag-apr-2~+00-18-00,14532.846078996989,170.82096393261858
mag-apr-2~+00-19-00,13691.343558305018,170.82096393261858
mag-apr-2~+00-20-00,12050.895587465671,170.82096393261858
mag-apr-2~+00-21-00,10444.160331194755,170.82096393261858
mag-apr-2~+00-22-00,8860.15310759186,170.82096393261858
mag-apr-2~+00-23-00,7935.436759072823,170.82096393261858
mag-apr-2~+01-00-00,7350.371658954115,170.82096393261858
