trace,op_ems,emb_ems
nanoseq-jul-2,74.11895314331001,2.2810001647780567
nanoseq-jul-2~+00-01-00,71.09748424644393,2.2810001647780567
nanoseq-jul-2~+00-02-00,65.47970953062047,2.2810001647780567
nanoseq-jul-2~+00-03-00,58.87399655326099,2.2810001647780567
nanoseq-jul-2~+00-04-00,51.30225129952523,2.2810001647780567
nanoseq-jul-2~+00-05-00,45.13053384220049,2.2810001647780567
nanoseq-jul-2~+00-06-00,42.85519780014393,2.2810001647780567
nanoseq-jul-2~+00-07-00,43.28511791022167,2.2810001647780567
nanoseq-jul-2~+00-08-00,45.0229610038859,2.2810001647780567
nanoseq-jul-2~+00-09-00,47.27902704031874,2.2810001647780567
nanoseq-jul-2~+00-10-00,49.53946539803014,2.2810001647780567
nanoseq-jul-2~+00-11-00,52.08587935388112,2.2810001647780567
nanoseq-jul-2~+00-12-00,55.47227548867531,2.2810001647780567
nanoseq-jul-2~+00-13-00,60.76602765791533,2.2810001647780567
nanoseq-jul-2~+00-14-00,67.73699378918323,2.2810001647780567
nanoseq-jul-2~+00-15-00,74.94909060366639,2.2810001647780567
nanoseq-jul-2~+00-16-00,81.4574651410199,2.2810001647780567
nanoseq-jul-2~+00-17-00,86.01837618877089,2.2810001647780567
nanoseq-jul-2~+00-18-00,87.50501847280351,2.2810001647780567
nanoseq-jul-2~+00-19-00,87.24308172565186,2.2810001647780567
nanoseq-jul-2~+00-20-00,86.63109550710682,2.2810001647780567
nanoseq-jul-2~+00-21-00,86.30693943179456,2.2810001647780567
nanoseq-jul-2~+00-22-00,86.16427125926589,2.2810001647780567
nanoseq-jul-2~+00-23-00,85.6058640934444,2.2810001647780567
nanoseq-jul-2~+01-00-00,84.29720622655584,2.2810001647780567
