trace,op_ems,emb_ems
rangeland-mar-1,4971.911400220164,56.33951064719725
rangeland-mar-1~+00-01-00,4843.0837174389035,56.33951064719725
rangeland-mar-1~+00-02-00,3936.197884984037,56.33951064719725
rangeland-mar-1~+00-03-00,3312.9895109291015,56.33951064719725
rangeland-mar-1~+00-04-00,2712.758888227701,56.33951064719725
rangeland-mar-1~+00-05-00,2108.3689975752895,56.33951064719725
rangeland-mar-1~+00-06-00,1492.4149057389313,56.33951064719725
rangeland-mar-1~+00-07-00,844.024219053851,56.33951064719725
rangeland-mar-1~+00-08-00,520.9418386820826,56.33951064719725
rangeland-mar-1~+00-09-00,615.2992419959523,56.33951064719725
rangeland-mar-1~+00-10-00,1647.1822993719218,56.33951064719725
rangeland-mar-1~+00-11-00,2268.6760429189976,56.33951064719725
rangeland-mar-1~+00-12-00,2886.9042554435932,56.33951064719725
rangeland-mar-1~+00-13-00,3496.414734308667,56.33951064719725
rangeland-mar-1~+00-14-00,4123.972721716926,56.33951064719725
rangeland-mar-1~+00-15-00,4743.031304333784,56.33951064719725
rangeland-mar-1~+00-16-00,5035.881496734733,56.33951064719725
rangeland-mar-1~+00-17-00,5001.06871881777,56.33951064719725
rangeland-mar-1~+00-18-00,4969.26680411329,56.33951064719725
rangeland-mar-1~+00-19-00,4934.616594643001,56.33951064719725
rangeland-mar-1~+00-20-00,4922.013454241364,56.33951064719725
rangeland-mar-1~+00-21-00,4914.081152120145,56.33951064719725
rangeland-mar-1~+00-22-00,4899.85501836967,56.33951064719725
rangeland-mar-1~+00-23-00,4908.012562256403,56.33951064719725
rangeland-mar-1~+01-00-00,4959.435686678768,56.33951064719725
