trace,op_ems,emb_ems
montage-dec-2,467.5585301718008,5.194323604266486
montage-dec-2~+00-01-00,464.4223149745557,5.194323604266486
montage-dec-2~+00-02-00,458.94521171153383,5.194323604266486
montage-dec-2~+00-03-00,460.01562662242856,5.194323604266486
montage-dec-2~+00-04-00,465.8635994464798,5.194323604266486
montage-dec-2~+00-05-00,467.6260469920774,5.194323604266486
montage-dec-2~+00-06-00,469.10757459986297,5.194323604266486
montage-dec-2~+00-07-00,464.3018094249988,5.194323604266486
montage-dec-2~+00-08-00,464.08624713831654,5.194323604266486
montage-dec-2~+00-09-00,465.4073238820626,5.194323604266486
montage-dec-2~+00-10-00,469.0957585418168,5.194323604266486
montage-dec-2~+00-11-00,476.3681936970246,5.194323604266486
montage-dec-2~+00-12-00,478.26131745716486,5.194323604266486
montage-dec-2~+00-13-00,501.7171728198615,5.194323604266486
montage-dec-2~+00-14-00,480.38071150210953,5.194323604266486
montage-dec-2~+00-15-00,473.1384275303538,5.194323604266486
montage-dec-2~+00-16-00,481.61219878572024,5.194323604266486
montage-dec-2~+00-17-00,477.5176624731238,5.194323604266486
montage-dec-2~+00-18-00,470.6584154264407,5.194323604266486
montage-dec-2~+00-19-00,467.77440882423093,5.194323604266486
montage-dec-2~+00-20-00,469.7872989152721,5.194323604266486
montage-dec-2~+00-21-00,467.2073444510596,5.194323604266486
montage-dec-2~+00-22-00,469.10633533215423,5.194323604266486
montage-dec-2~+00-23-00,465.74030124184276,5.194323604266486
montage-dec-2~+01-00-00,467.53054040200715,5.194323604266486
