trace,op_ems,emb_ems
mag-sep-2,13830.781569938707,170.82096393261858
mag-sep-2~+00-01-00,13915.837560233069,170.82096393261858
mag-sep-2~+00-02-00,14022.545750216219,170.82096393261858
mag-sep-2~+00-03-00,13731.128543944347,170.82096393261858
mag-sep-2~+00-04-00,13875.85470198856,170.82096393261858
mag-sep-2~+00-05-00,14033.429565592274,170.82096393261858
mag-sep-2~+00-06-00,14047.178954222954,170.82096393261858
mag-sep-2~+00-07-00,14184.045869621876,170.82096393261858
mag-sep-2~+00-08-00,14579.16409787222,170.82096393261858
mag-sep-2~+00-09-00,14551.230042123074,170.82096393261858
mag-sep-2~+00-10-00,14560.31503930133,170.82096393261858
mag-sep-2~+00-11-00,14535.476657798914,170.82096393261858
mag-sep-2~+00-12-00,14444.440402036653,170.82096393261858
mag-sep-2~+00-13-00,14382.847033700235,170.82096393261858
mag-sep-2~+00-14-00,14383.716010212618,170.82096393261858
mag-sep-2~+00-15-00,14362.44698488509,170.82096393261858
mag-sep-2~+00-16-00,14355.0599525037,170.82096393261858
mag-sep-2~+00-17-00,14341.557704269508,170.82096393261858
mag-sep-2~+00-18-00,14313.556487021053,170.82096393261858
mag-sep-2~+00-19-00,14356.104698027319,170.82096393261858
mag-sep-2~+00-20-00,14036.45728204533,170.82096393261858
mag-sep-2~+00-21-00,12648.430922499256,170.82096393261858
mag-sep-2~+00-22-00,11958.71026806626,170.82096393261858
mag-sep-2~+00-23-00,12018.090926188908,170.82096393261858
mag-sep-2~+01-00-00,12392.648646522077,170.82096393261858
