trace,op_ems,emb_ems
rangeland-apr-1,4846.17889627513,56.33951064719725
rangeland-apr-1~+00-01-00,3951.576705857547,56.33951064719725
rangeland-apr-1~+00-02-00,3364.506229506017,56.33951064719725
rangeland-apr-1~+00-03-00,2782.4576334435906,56.33951064719725
rangeland-apr-1~+00-04-00,2501.343998151422,56.33951064719725
rangeland-apr-1~+00-05-00,1778.4955089707582,56.33951064719725
rangeland-apr-1~+00-06-00,1172.212243750606,56.33951064719725
rangeland-apr-1~+00-07-00,673.651514604003,56.33951064719725
rangeland-apr-1~+00-08-00,667.1588105526212,56.33951064719725
rangeland-apr-1~+00-09-00,668.1488411752279,56.33951064719725
rangeland-apr-1~+00-10-00,659.3159407049162,56.33951064719725
rangeland-apr-1~+00-11-00,1338.198244688883,56.33951064719725
rangeland-apr-1~+00-12-00,1963.8957887942024,56.33951064719725
rangeland-apr-1~+00-13-00,2600.552198295442,56.33951064719725
rangeland-apr-1~+00-14-00,3233.237412370701,56.33951064719725
rangeland-apr-1~+00-15-00,3857.5075345938644,56.33951064719725
rangeland-apr-1~+00-16-00,4459.36645606497,56.33951064719725
rangeland-apr-1~+00-17-00,5036.289198681196,56.33951064719725
rangeland-apr-1~+00-18-00,5005.447718252798,56.33951064719725
rangeland-apr-1~+00-19-00,4964.110113117245,56.33951064719725
rangeland-apr-1~+00-20-00,4927.363492570003,56.33951064719725
rangeland-apr-1~+00-21-00,4890.865461201753,56.33951064719725
rangeland-apr-1~+00-22-00,4849.431153014289,56.33951064719725
rangeland-apr-1~+00-23-00,4853.297106394367,56.33951064719725
rangeland-apr-1~+01-00-00,4673.574510903679,56.33951064719725
