trace,op_ems,emb_ems
rnaseq-sep-3,3873.750395815639,61.95465283773145
rnaseq-sep-3~+00-01-00,3902.8502370319497,61.95465283773145
rnaseq-sep-3~+00-02-00,3961.5450167695594,61.95465283773145
rnaseq-sep-3~+00-03-00,3989.0114450684896,61.95465283773145
rnaseq-sep-3~+00-04-00,3839.4460924166838,61.95465283773145
rnaseq-sep-3~+00-05-00,3319.6091394328737,61.95465283773145
rnaseq-sep-3~+00-06-00,2640.3969143336994,61.95465283773145
rnaseq-sep-3~+00-07-00,2228.97344064652,61.95465283773145
rnaseq-sep-3~+00-08-00,2134.2207068991383,61.95465283773145
rnaseq-sep-3~+00-09-00,2155.1943811558885,61.95465283773145
rnaseq-sep-3~+00-10-00,2239.5661139650465,61.95465283773145
rnaseq-sep-3~+00-11-00,2333.205941613101,61.95465283773145
rnaseq-sep-3~+00-12-00,2383.1084489895125,61.95465283773145
rnaseq-sep-3~+00-13-00,2443.248371168147,61.95465283773145
rnaseq-sep-3~+00-14-00,2591.7032838665436,61.95465283773145
rnaseq-sep-3~+00-15-00,2945.183250397722,61.95465283773145
rnaseq-sep-3~+00-16-00,3422.8076803210242,61.95465283773145
rnaseq-sep-3~+00-17-00,3755.1479904327825,61.95465283773145
rnaseq-sep-3~+00-18-00,3824.0469636005832,61.95465283773145
rnaseq-sep-3~+00-19-00,3821.616516071223,61.95465283773145
rnaseq-sep-3~+00-20-00,3839.86512874753,61.95465283773145
rnaseq-sep-3~+00-21-00,3831.611294197165,61.95465283773145
rnaseq-sep-3~+00-22-00,3781.566048150201,61.95465283773145
rnaseq-sep-3~+00-23-00,3728.446892689221,61.95465283773145
rnaseq-sep-3~+01-00-00,3712.6491702929684,61.95465283773145
