trace,op_ems,emb_ems
chipseq-jan-2,10164.193345687187,98.55920482780722
chipseq-jan-2~+00-01-00,10206.074614832447,98.55920482780722
chipseq-jan-2~+00-02-00,10276.909156274458,98.55920482780722
chipseq-jan-2~+00-03-00,10348.54475882923,98.55920482780722
chipseq-jan-2~+00-04-00,10428.856516286753,98.55920482780722
chipseq-jan-2~+00-05-00,10459.084846052088,98.55920482780722
chipseq-jan-2~+00-06-00,10392.380255475706,98.55920482780722
chipseq-jan-2~+00-07-00,10383.238256785624,98.55920482780722
chipseq-jan-2~+00-08-00,10435.017487659397,98.55920482780722
chipseq-jan-2~+00-09-00,10553.348254728076,98.55920482780722
chipseq-jan-2~+00-10-00,10763.13607335457,98.55920482780722
chipseq-jan-2~+00-11-00,10867.558695780304,98.55920482780722
chipseq-jan-2~+00-12-00,10907.762181184919,98.55920482780722
chipseq-jan-2~+00-13-00,10982.106448206558,98.55920482780722
chipseq-jan-2~+00-14-00,11039.673629425466,98.55920482780722
chipseq-jan-2~+00-15-00,11072.085127552316,98.55920482780722
chipseq-jan-2~+00-16-00,11040.756725818825,98.55920482780722
chipseq-jan-2~+00-17-00,10941.978823772226,98.55920482780722
chipseq-jan-2~+00-18-00,10817.426556314518,98.55920482780722
chipseq-jan-2~+00-19-00,10723.189793122738,98.55920482780722
chipseq-jan-2~+00-20-00,10657.804033900034,98.55920482780722
chipseq-jan-2~+00-21-00,10582.099591069105,98.55920482780722
chipseq-jan-2~+00-22-00,10529.977393765246,98.55920482780722
chipseq-jan-2~+00-23-00,10507.842423080205,98.55920482780722
chipseq-jan-2~+01-00-00,10488.350097227487,98.55920482780722
