trace,op_ems,emb_ems
mag-mar-3,3833.5733650546294,170.30505238040828
mag-mar-3~+00-01-00,3638.880232693475,170.30505238040828
mag-mar-3~+00-02-00,3372.8836928912783,170.30505238040828
mag-mar-3~+00-03-00,3129.7871850771176,170.30505238040828
mag-mar-3~+00-04-00,3131.209484252749,170.30505238040828
mag-mar-3~+00-05-00,3294.050628245265,170.30505238040828
mag-mar-3~+00-06-00,3513.7698537820606,170.30505238040828
mag-mar-3~+00-07-00,3814.8842828790507,170.30505238040828
mag-mar-3~+00-08-00,4071.2108767631225,170.30505238040828
mag-mar-3~+00-09-00,4230.231561557328,170.30505238040828
mag-mar-3~+00-10-00,4406.82272498456,170.30505238040828
mag-mar-3~+00-11-00,4609.670204314416,170.30505238040828
mag-mar-3~+00-12-00,4873.90875933934,170.30505238040828
mag-mar-3~+00-13-00,5088.41722084216,170.30505238040828
mag-mar-3~+00-14-00,5253.931345194986,170.30505238040828
mag-mar-3~+00-15-00,5481.1288541698505,170.30505238040828
mag-mar-3~+00-16-00,5632.13511655211,170.30505238040828
mag-mar-3~+00-17-00,5653.680404206663,170.30505238040828
mag-mar-3~+00-18-00,5563.760945711718,170.30505238040828
mag-mar-3~+00-19-00,5333.211692379343,170.30505238040828
mag-mar-3~+00-20-00,4945.540939791524,170.30505238040828
mag-mar-3~+00-21-00,4436.283290001714,170.30505238040828
mag-mar-3~+00-22-00,3984.204059634641,170.30505238040828
mag-mar-3~+00-23-00,3692.5295632156176,170.30505238040828
mag-mar-3~+01-00-00,3482.868490754839,170.30505238040828
