trace,op_ems,emb_ems
rnaseq-aug-2,6203.27906123058,61.38903864146787
rnaseq-aug-2~+00-01-00,6241.59461416977,61.38903864146787
rnaseq-aug-2~+00-02-00,6316.950306999411,61.38903864146787
rnaseq-aug-2~+00-03-00,6449.192996877169,61.38903864146787
rnaseq-aug-2~+00-04-00,6593.298696493414,61.38903864146787
rnaseq-aug-2~+00-05-00,6616.114548579389,61.38903864146787
rnaseq-aug-2~+00-06-00,6369.010446465784,61.38903864146787
rnaseq-aug-2~+00-07-00,6117.341260782959,61.38903864146787
rnaseq-aug-2~+00-08-00,6128.964720877545,61.38903864146787
rnaseq-aug-2~+00-09-00,6399.605035729194,61.38903864146787
rnaseq-aug-2~+00-10-00,6442.991681900216,61.38903864146787
rnaseq-aug-2~+00-11-00,6478.402262905543,61.38903864146787
rnaseq-aug-2~+00-12-00,6521.416636843583,61.38903864146787
rnaseq-aug-2~+00-13-00,6333.3183641131245,61.38903864146787
rnaseq-aug-2~+00-14-00,6206.512498413823,61.38903864146787
rnaseq-aug-2~+00-15-00,6393.556676692498,61.38903864146787
rnaseq-aug-2~+00-16-00,6707.46199738746,61.38903864146787
rnaseq-aug-2~+00-17-00,6613.782981286622,61.38903864146787
rnaseq-aug-2~+00-18-00,6407.635071061215,61.38903864146787
rnaseq-aug-2~+00-19-00,6160.025647859603,61.38903864146787
rnaseq-aug-2~+00-20-00,5996.512251923719,61.38903864146787
rnaseq-aug-2~+00-21-00,5936.852435682775,61.38903864146787
rnaseq-aug-2~+00-22-00,6095.336568540055,61.38903864146787
rnaseq-aug-2~+00-23-00,6311.810464350229,61.38903864146787
rnaseq-aug-2~+01-00-00,6436.805877778945,61.38903864146787
