trace,op_ems,emb_ems
rangeland-nov-3,4760.3580502750365,56.305479409080235
rangeland-nov-3~+00-01-00,4857.60759013825,56.305479409080235
rangeland-nov-3~+00-02-00,4883.2678056339155,56.305479409080235
rangeland-nov-3~+00-03-00,4957.187566144315,56.305479409080235
rangeland-nov-3~+00-04-00,4985.450007804745,56.305479409080235
rangeland-nov-3~+00-05-00,5039.954795966653,56.305479409080235
rangeland-nov-3~+00-06-00,5053.823636807075,56.305479409080235
rangeland-nov-3~+00-07-00,5057.672259569366,56.305479409080235
rangeland-nov-3~+00-08-00,5013.04080372487,56.305479409080235
rangeland-nov-3~+00-09-00,4989.175705678802,56.305479409080235
rangeland-nov-3~+00-10-00,4910.079240033303,56.305479409080235
rangeland-nov-3~+00-11-00,4896.950207261996,56.305479409080235
rangeland-nov-3~+00-12-00,4829.852581348311,56.305479409080235
rangeland-nov-3~+00-13-00,4806.41488857783,56.305479409080235
rangeland-nov-3~+00-14-00,4775.844877920627,56.305479409080235
rangeland-nov-3~+00-15-00,4772.670960658989,56.305479409080235
rangeland-nov-3~+00-16-00,4761.9018296885415,56.305479409080235
rangeland-nov-3~+00-17-00,4774.435717990172,56.305479409080235
rangeland-nov-3~+00-18-00,4780.091976084265,56.305479409080235
rangeland-nov-3~+00-19-00,4776.62202002815,56.305479409080235
rangeland-nov-3~+00-20-00,4763.595393044525,56.305479409080235
rangeland-nov-3~+00-21-00,4743.172485914951,56.305479409080235
rangeland-nov-3~+00-22-00,4730.075710705099,56.305479409080235
rangeland-nov-3~+00-23-00,4774.02459162776,56.305479409080235
rangeland-nov-3~+01-00-00,4825.657108829435,56.305479409080235
