trace,op_ems,emb_ems
nanoseq-jul-3,150.59435249662343,2.2520341597586646
nanoseq-jul-3~+00-01-00,150.76224363728895,2.2520341597586646
nanoseq-jul-3~+00-02-00,150.36438624641124,2.2520341597586646
nanoseq-jul-3~+00-03-00,150.22068070344565,2.2520341597586646
nanoseq-jul-3~+00-04-00,151.4180775717155,2.2520341597586646
nanoseq-jul-3~+00-05-00,153.5028453326663,2.2520341597586646
nanoseq-jul-3~+00-06-00,155.2350133192894,2.2520341597586646
nanoseq-jul-3~+00-07-00,156.0967803841392,2.2520341597586646
nanoseq-jul-3~+00-08-00,156.08232436786062,2.2520341597586646
nanoseq-jul-3~+00-09-00,155.97498161534196,2.2520341597586646
nanoseq-jul-3~+00-10-00,156.30781873602587,2.2520341597586646
nanoseq-jul-3~+00-11-00,155.68780349570113,2.2520341597586646
nanoseq-jul-3~+00-12-00,154.88500659770241,2.2520341597586646
nanoseq-jul-3~+00-13-00,154.8068306465215,2.2520341597586646
nanoseq-jul-3~+00-14-00,155.59931814599034,2.2520341597586646
nanoseq-jul-3~+00-15-00,155.5861008808576,2.2520341597586646
nanoseq-jul-3~+00-16-00,156.94820317987114,2.2520341597586646
nanoseq-jul-3~+00-17-00,157.88324915321536,2.2520341597586646
nanoseq-jul-3~+00-18-00,157.46113880821463,2.2520341597586646
nanoseq-jul-3~+00-19-00,156.0145065243301,2.2520341597586646
nanoseq-jul-3~+00-20-00,154.41249042882066,2.2520341597586646
nanoseq-jul-3~+00-21-00,152.69773814671044,2.2520341597586646
nanoseq-jul-3~+00-22-00,151.39318534843645,2.2520341597586646
nanoseq-jul-3~+00-23-00,150.22833911618167,2.2520341597586646
nanoseq-jul-3~+01-00-00,149.46823725847716,2.2520341597586646
