trace,op_ems,emb_ems
nanoseq-oct-1,90.04579174529482,2.2463699711004637
nanoseq-oct-1~+00-01-00,89.7507847409528,2.2463699711004637
nanoseq-oct-1~+00-02-00,86.42867308545837,2.2463699711004637
nanoseq-oct-1~+00-03-00,78.07339685521117,2.2463699711004637
nanoseq-oct-1~+00-04-00,66.5524792224417,2.2463699711004637
nanoseq-oct-1~+00-05-00,54.05621647590545,2.2463699711004637
nanoseq-oct-1~+00-06-00,42.35455200153331,2.2463699711004637
nanoseq-oct-1~+00-07-00,35.241661059088344,2.2463699711004637
nanoseq-oct-1~+00-08-00,33.008573768561995,2.2463699711004637
nanoseq-oct-1~+00-09-00,32.57770130821141,2.2463699711004637
nanoseq-oct-1~+00-10-00,33.49838146710044,2.2463699711004637
nanoseq-oct-1~+00-11-00,37.41985749995153,2.2463699711004637
nanoseq-oct-1~+00-12-00,45.57780473648367,2.2463699711004637
nanoseq-oct-1~+00-13-00,56.43914061577861,2.2463699711004637
nanoseq-oct-1~+00-14-00,67.73136286481937,2.2463699711004637
nanoseq-oct-1~+00-15-00,77.90393675763015,2.2463699711004637
nanoseq-oct-1~+00-16-00,84.35142564836617,2.2463699711004637
nanoseq-oct-1~+00-17-00,86.8615877189838,2.2463699711004637
nanoseq-oct-1~+00-18-00,88.27912215829032,2.2463699711004637
nanoseq-oct-1~+00-19-00,89.70450840853722,2.2463699711004637
nanoseq-oct-1~+00-20-00,90.68383123358329,2.2463699711004637
nanoseq-oct-1~+00-21-00,90.92006456225862,2.2463699711004637
nanoseq-oct-1~+00-22-00,90.69092711329654,2.2463699711004637
nanoseq-oct-1~+00-23-00,90.520978212412,2.2463699711004637
nanoseq-oct-1~+01-00-00,90.50746663625166,2.2463699711004637
