trace,op_ems,emb_ems
rangeland-mar-1,1924.582749148038,56.24585137653058
rangeland-mar-1~+00-01-00,1754.9133686282003,56.24585137653058
rangeland-mar-1~+00-02-00,1573.5002562599652,56.24585137653058
rangeland-mar-1~+00-03-00,1389.1304092749358,56.24585137653058
rangeland-mar-1~+00-04-00,1199.9258308579526,56.24585137653058
rangeland-mar-1~+00-05-00,1002.4800427527656,56.24585137653058
rangeland-mar-1~+00-06-00,808.6417045065223,56.24585137653058
rangeland-mar-1~+00-07-00,708.6555136834507,56.24585137653058
rangeland-mar-1~+00-08-00,709.7180453498956,56.24585137653058
rangeland-mar-1~+00-09-00,758.7488094500906,56.24585137653058
rangeland-mar-1~+00-10-00,966.129065073884,56.24585137653058
rangeland-mar-1~+00-11-00,1166.6421022150369,56.24585137653058
rangeland-mar-1~+00-12-00,1360.1637240392663,56.24585137653058
rangeland-mar-1~+00-13-00,1549.7777693508222,56.24585137653058
rangeland-mar-1~+00-14-00,1739.0322030437324,56.24585137653058
rangeland-mar-1~+00-15-00,1906.6013424507905,56.24585137653058
rangeland-mar-1~+00-16-00,2009.4386010543042,56.24585137653058
rangeland-mar-1~+00-17-00,2008.71637582117,56.24585137653058
rangeland-mar-1~+00-18-00,1974.4766985559834,56.24585137653058
rangeland-mar-1~+00-19-00,1929.8940820844236,56.24585137653058
rangeland-mar-1~+00-20-00,1880.3664738321902,56.24585137653058
rangeland-mar-1~+00-21-00,1847.1680908304004,56.24585137653058
rangeland-mar-1~+00-22-00,1830.2323068110572,56.24585137653058
rangeland-mar-1~+00-23-00,1836.7321918595583,56.24585137653058
rangeland-mar-1~+01-00-00,1783.0319145675885,56.24585137653058
