trace,op_ems,emb_ems
sarek-nov-3,10645.510282749388,179.93408696821612
sarek-nov-3~+00-01-00,10605.468264525438,179.93408696821612
sarek-nov-3~+00-02-00,9602.529002072928,179.93408696821612
sarek-nov-3~+00-03-00,8213.066533278345,179.93408696821612
sarek-nov-3~+00-04-00,6949.713698750081,179.93408696821612
sarek-nov-3~+00-05-00,5600.365823538181,179.93408696821612
sarek-nov-3~+00-06-00,4656.905810789081,179.93408696821612
sarek-nov-3~+00-07-00,4201.697268220928,179.93408696821612
sarek-nov-3~+00-08-00,4183.630529530427,179.93408696821612
sarek-nov-3~+00-09-00,4222.626261827238,179.93408696821612
sarek-nov-3~+00-10-00,4775.462544506007,179.93408696821612
sarek-nov-3~+00-11-00,5846.392686367833,179.93408696821612
sarek-nov-3~+00-12-00,6888.021190606915,179.93408696821612
sarek-nov-3~+00-13-00,7857.1859776605725,179.93408696821612
sarek-nov-3~+00-14-00,8643.900622780526,179.93408696821612
sarek-nov-3~+00-15-00,9040.745217945696,179.93408696821612
sarek-nov-3~+00-16-00,9094.413007786397,179.93408696821612
sarek-nov-3~+00-17-00,9096.022489349414,179.93408696821612
sarek-nov-3~+00-18-00,9000.312181660342,179.93408696821612
sarek-nov-3~+00-19-00,8919.042892717434,179.93408696821612
sarek-nov-3~+00-20-00,8812.925255861837,179.93408696821612
sarek-nov-3~+00-21-00,8708.412508176136,179.93408696821612
sarek-nov-3~+00-22-00,8612.81671403953,179.93408696821612
sarek-nov-3~+00-23-00,8624.216030285848,179.93408696821612
sarek-nov-3~+01-00-00,8676.915096543236,179.93408696821612
