trace,op_ems,emb_ems
mag-nov-2,14471.915731076871,170.82096393261858
mag-nov-2~+00-01-00,14560.746649494586,170.82096393261858
mag-nov-2~+00-02-00,14621.450714531215,170.82096393261858
mag-nov-2~+00-03-00,14677.24722348288,170.82096393261858
mag-nov-2~+00-04-00,14664.176188003337,170.82096393261858
mag-nov-2~+00-05-00,14607.03008888524,170.82096393261858
mag-nov-2~+00-06-00,14540.408651344309,170.82096393261858
mag-nov-2~+00-07-00,14420.645931203995,170.82096393261858
mag-nov-2~+00-08-00,14365.846885382402,170.82096393261858
mag-nov-2~+00-09-00,14323.389273542707,170.82096393261858
mag-nov-2~+00-10-00,14258.159477937843,170.82096393261858
mag-nov-2~+00-11-00,14240.58253052043,170.82096393261858
mag-nov-2~+00-12-00,14189.502349543865,170.82096393261858
mag-nov-2~+00-13-00,14123.12713747247,170.82096393261858
mag-nov-2~+00-14-00,14052.864326200024,170.82096393261858
mag-nov-2~+00-15-00,13998.990561145083,170.82096393261858
mag-nov-2~+00-16-00,13981.470341256909,170.82096393261858
mag-nov-2~+00-17-00,13947.797451871598,170.82096393261858
mag-nov-2~+00-18-00,14070.383419490423,170.82096393261858
mag-nov-2~+00-19-00,14235.196091139167,170.82096393261858
mag-nov-2~+00-20-00,14353.857069909733,170.82096393261858
mag-nov-2~+00-21-00,14435.88859381742,170.82096393261858
mag-nov-2~+00-22-00,14451.460874113125,170.82096393261858
mag-nov-2~+00-23-00,14451.573582585537,170.82096393261858
mag-nov-2~+01-00-00,14150.389944458282,170.82096393261858
