trace,op_ems,emb_ems
chipseq-apr-1,10518.760052687105,100.71517209432965
chipseq-apr-1~+00-01-00,10463.589524530016,100.71517209432965
chipseq-apr-1~+00-02-00,10499.188185825882,100.71517209432965
chipseq-apr-1~+00-03-00,10627.330636078112,100.71517209432965
chipseq-apr-1~+00-04-00,9547.674055567866,100.71517209432965
chipseq-apr-1~+00-05-00,6021.551964158467,100.71517209432965
chipseq-apr-1~+00-06-00,2722.636569594615,100.71517209432965
chipseq-apr-1~+00-07-00,1599.6785400034796,100.71517209432965
chipseq-apr-1~+00-08-00,2431.7754916215217,100.71517209432965
chipseq-apr-1~+00-09-00,1342.6823753856743,100.71517209432965
chipseq-apr-1~+00-10-00,1647.800512539176,100.71517209432965
chipseq-apr-1~+00-11-00,1094.1767080641876,100.71517209432965
chipseq-apr-1~+00-12-00,1098.0631473578146,100.71517209432965
chipseq-apr-1~+00-13-00,1097.0181297562613,100.71517209432965
chipseq-apr-1~+00-14-00,2047.3831095658213,100.71517209432965
chipseq-apr-1~+00-15-00,4781.282708297336,100.71517209432965
chipseq-apr-1~+00-16-00,9202.78006133979,100.71517209432965
chipseq-apr-1~+00-17-00,11022.375819887526,100.71517209432965
chipseq-apr-1~+00-18-00,11277.137687580927,100.71517209432965
chipseq-apr-1~+00-19-00,11205.233648338115,100.71517209432965
chipseq-apr-1~+00-20-00,11036.554779818518,100.71517209432965
chipseq-apr-1~+00-21-00,10753.88270552895,100.71517209432965
chipseq-apr-1~+00-22-00,10588.444160026487,100.71517209432965
chipseq-apr-1~+00-23-00,10544.367964368717,100.71517209432965
chipseq-apr-1~+01-00-00,10590.084039579566,100.71517209432965
