trace,op_ems,emb_ems
sarek-apr-2,18586.639910812555,185.95754100781198
sarek-apr-2~+00-01-00,18692.709892603074,185.95754100781198
sarek-apr-2~+00-02-00,18880.070670748926,185.95754100781198
sarek-apr-2~+00-03-00,14996.589356783039,185.95754100781198
sarek-apr-2~+00-04-00,10137.119805822935,185.95754100781198
sarek-apr-2~+00-05-00,6501.614556633735,185.95754100781198
sarek-apr-2~+00-06-00,5316.300140373049,185.95754100781198
sarek-apr-2~+00-07-00,3186.462004978048,185.95754100781198
sarek-apr-2~+00-08-00,2927.0599403614806,185.95754100781198
sarek-apr-2~+00-09-00,2608.95663510318,185.95754100781198
sarek-apr-2~+00-10-00,2827.01864542685,185.95754100781198
sarek-apr-2~+00-11-00,1941.0875587617422,185.95754100781198
sarek-apr-2~+00-12-00,1939.6720473511841,185.95754100781198
sarek-apr-2~+00-13-00,5096.396694464402,185.95754100781198
sarek-apr-2~+00-14-00,10415.074249800855,185.95754100781198
sarek-apr-2~+00-15-00,14485.325421338517,185.95754100781198
sarek-apr-2~+00-16-00,17563.666039760094,185.95754100781198
sarek-apr-2~+00-17-00,19678.98954228821,185.95754100781198
sarek-apr-2~+00-18-00,19779.409394477614,185.95754100781198
sarek-apr-2~+00-19-00,19456.61126230918,185.95754100781198
sarek-apr-2~+00-20-00,19118.925618899604,185.95754100781198
sarek-apr-2~+00-21-00,18871.953974061358,185.95754100781198
sarek-apr-2~+00-22-00,18782.781265504607,185.95754100781198
sarek-apr-2~+00-23-00,18781.8805759558,185.95754100781198
sarek-apr-2~+01-00-00,18782.156882078685,185.95754100781198
