trace,op_ems,emb_ems
chipseq-sep-2,10328.083490794375,98.55920482780722
chipseq-sep-2~+00-01-00,10400.129510617533,98.55920482780722
chipseq-sep-2~+00-02-00,10504.590104717994,98.55920482780722
chipseq-sep-2~+00-03-00,10550.900197473076,98.55920482780722
chipseq-sep-2~+00-04-00,10450.569435977883,98.55920482780722
chipseq-sep-2~+00-05-00,9675.297127980868,98.55920482780722
chipseq-sep-2~+00-06-00,7773.060155088042,98.55920482780722
chipseq-sep-2~+00-07-00,9537.271188608314,98.55920482780722
chipseq-sep-2~+00-08-00,9589.418215064901,98.55920482780722
chipseq-sep-2~+00-09-00,10512.322607540276,98.55920482780722
chipseq-sep-2~+00-10-00,10557.281972973882,98.55920482780722
chipseq-sep-2~+00-11-00,10640.84985387231,98.55920482780722
chipseq-sep-2~+00-12-00,10401.916031890985,98.55920482780722
chipseq-sep-2~+00-13-00,10651.336613129948,98.55920482780722
chipseq-sep-2~+00-14-00,10800.575678894338,98.55920482780722
chipseq-sep-2~+00-15-00,10900.941840265556,98.55920482780722
chipseq-sep-2~+00-16-00,10945.190439103395,98.55920482780722
chipseq-sep-2~+00-17-00,10794.43852768657,98.55920482780722
chipseq-sep-2~+00-18-00,10619.568067869386,98.55920482780722
chipseq-sep-2~+00-19-00,10438.807478633433,98.55920482780722
chipseq-sep-2~+00-20-00,10280.387498974094,98.55920482780722
chipseq-sep-2~+00-21-00,10145.784708845893,98.55920482780722
chipseq-sep-2~+00-22-00,10154.118748750683,98.55920482780722
chipseq-sep-2~+00-23-00,10227.842726522893,98.55920482780722
chipseq-sep-2~+01-00-00,10301.936361407355,98.55920482780722
