trace,op_ems,emb_ems
montage-jan-3,411.66828680796317,4.453398287575733
montage-jan-3~+00-01-00,408.7256057915719,4.453398287575733
montage-jan-3~+00-02-00,408.6684463079018,4.453398287575733
montage-jan-3~+00-03-00,411.51369327533627,4.453398287575733
montage-jan-3~+00-04-00,411.85558342417664,4.453398287575733
montage-jan-3~+00-05-00,418.68572511982916,4.453398287575733
montage-jan-3~+00-06-00,420.9034090012796,4.453398287575733
montage-jan-3~+00-07-00,421.9736128082322,4.453398287575733
montage-jan-3~+00-08-00,416.36028651272323,4.453398287575733
montage-jan-3~+00-09-00,416.83172787915044,4.453398287575733
montage-jan-3~+00-10-00,419.1465564959254,4.453398287575733
montage-jan-3~+00-11-00,430.2134256529376,4.453398287575733
montage-jan-3~+00-12-00,438.1729011017674,4.453398287575733
montage-jan-3~+00-13-00,433.1628234801232,4.453398287575733
montage-jan-3~+00-14-00,438.71200990470254,4.453398287575733
montage-jan-3~+00-15-00,441.77596317562023,4.453398287575733
montage-jan-3~+00-16-00,445.1907899649325,4.453398287575733
montage-jan-3~+00-17-00,446.23826522067833,4.453398287575733
montage-jan-3~+00-18-00,440.2408684536926,4.453398287575733
montage-jan-3~+00-19-00,437.2592420441957,4.453398287575733
montage-jan-3~+00-20-00,431.79583517656613,4.453398287575733
montage-jan-3~+00-21-00,427.9117324914836,4.453398287575733
montage-jan-3~+00-22-00,427.1438237116471,4.453398287575733
montage-jan-3~+00-23-00,422.95446133536007,4.453398287575733
montage-jan-3~+01-00-00,423.25688641862297,4.453398287575733
