trace,op_ems,emb_ems
nanoseq-jan-2,152.22703419480231,2.283583422059979
nanoseq-jan-2~+00-01-00,153.28397092202152,2.283583422059979
nanoseq-jan-2~+00-02-00,154.1641394504503,2.283583422059979
nanoseq-jan-2~+00-03-00,154.54807696792116,2.283583422059979
nanoseq-jan-2~+00-04-00,154.86101889595443,2.283583422059979
nanoseq-jan-2~+00-05-00,154.87816519898766,2.283583422059979
nanoseq-jan-2~+00-06-00,155.20072258574004,2.283583422059979
nanoseq-jan-2~+00-07-00,156.47231449119192,2.283583422059979
nanoseq-jan-2~+00-08-00,158.0788538396299,2.283583422059979
nanoseq-jan-2~+00-09-00,159.72032959505867,2.283583422059979
nanoseq-jan-2~+00-10-00,161.5267477087688,2.283583422059979
nanoseq-jan-2~+00-11-00,162.73320950278995,2.283583422059979
nanoseq-jan-2~+00-12-00,163.40386586608616,2.283583422059979
nanoseq-jan-2~+00-13-00,163.97076951674086,2.283583422059979
nanoseq-jan-2~+00-14-00,163.92083120977287,2.283583422059979
nanoseq-jan-2~+00-15-00,163.27050706528993,2.283583422059979
nanoseq-jan-2~+00-16-00,162.09307090822068,2.283583422059979
nanoseq-jan-2~+00-17-00,160.5989294139144,2.283583422059979
nanoseq-jan-2~+00-18-00,159.21740158995794,2.283583422059979
nanoseq-jan-2~+00-19-00,158.06976106928806,2.283583422059979
nanoseq-jan-2~+00-20-00,157.21740822186024,2.283583422059979
nanoseq-jan-2~+00-21-00,156.6076005612031,2.283583422059979
nanoseq-jan-2~+00-22-00,156.24811839332236,2.283583422059979
nanoseq-jan-2~+00-23-00,156.55375767237607,2.283583422059979
nanoseq-jan-2~+01-00-00,157.22137888529872,2.283583422059979
