trace,op_ems,emb_ems
mag-jan-2,6923.634898128241,170.41523942885257
mag-jan-2~+00-01-00,6630.045310299721,170.41523942885257
mag-jan-2~+00-02-00,6294.963134477695,170.41523942885257
mag-jan-2~+00-03-00,6067.216095695777,170.41523942885257
mag-jan-2~+00-04-00,6134.020006583726,170.41523942885257
mag-jan-2~+00-05-00,6375.848713302032,170.41523942885257
mag-jan-2~+00-06-00,6570.486471012343,170.41523942885257
mag-jan-2~+00-07-00,6745.310759651451,170.41523942885257
mag-jan-2~+00-08-00,6897.657838468545,170.41523942885257
mag-jan-2~+00-09-00,7181.894046084415,170.41523942885257
mag-jan-2~+00-10-00,7595.976615093538,170.41523942885257
mag-jan-2~+00-11-00,8014.196732578059,170.41523942885257
mag-jan-2~+00-12-00,8358.174962388697,170.41523942885257
mag-jan-2~+00-13-00,8650.287979825158,170.41523942885257
mag-jan-2~+00-14-00,8954.47779305011,170.41523942885257
mag-jan-2~+00-15-00,9135.162330990048,170.41523942885257
mag-jan-2~+00-16-00,9172.632631397155,170.41523942885257
mag-jan-2~+00-17-00,9152.170537964683,170.41523942885257
mag-jan-2~+00-18-00,9099.027707296715,170.41523942885257
mag-jan-2~+00-19-00,8951.177031654894,170.41523942885257
mag-jan-2~+00-20-00,8559.433758632593,170.41523942885257
mag-jan-2~+00-21-00,8025.632281221003,170.41523942885257
mag-jan-2~+00-22-00,7449.810011528029,170.41523942885257
mag-jan-2~+00-23-00,6921.343670204672,170.41523942885257
mag-jan-2~+01-00-00,6595.923414032548,170.41523942885257
