trace,op_ems,emb_ems
montage-jun-1,480.82933780838954,5.110399681598096
montage-jun-1~+00-01-00,477.7824606963687,5.110399681598096
montage-jun-1~+00-02-00,479.57468564378837,5.110399681598096
montage-jun-1~+00-03-00,485.80597170995577,5.110399681598096
montage-jun-1~+00-04-00,481.34948247770023,5.110399681598096
montage-jun-1~+00-05-00,488.2522475033894,5.110399681598096
montage-jun-1~+00-06-00,483.446189129333,5.110399681598096
montage-jun-1~+00-07-00,114.88206848873983,5.110399681598096
montage-jun-1~+00-08-00,452.9985786630433,5.110399681598096
montage-jun-1~+00-09-00,475.83137167059726,5.110399681598096
montage-jun-1~+00-10-00,498.6393787582843,5.110399681598096
montage-jun-1~+00-11-00,490.7427899765216,5.110399681598096
montage-jun-1~+00-12-00,490.70104978663613,5.110399681598096
montage-jun-1~+00-13-00,496.886100713415,5.110399681598096
montage-jun-1~+00-14-00,503.9072448974744,5.110399681598096
montage-jun-1~+00-15-00,497.886143641299,5.110399681598096
montage-jun-1~+00-16-00,503.1471347487508,5.110399681598096
montage-jun-1~+00-17-00,176.8526586792207,5.110399681598096
montage-jun-1~+00-18-00,510.5014674778054,5.110399681598096
montage-jun-1~+00-19-00,499.4556216057116,5.110399681598096
montage-jun-1~+00-20-00,493.58674572097925,5.110399681598096
montage-jun-1~+00-21-00,479.8108928133422,5.110399681598096
montage-jun-1~+00-22-00,478.9737406345967,5.110399681598096
montage-jun-1~+00-23-00,479.407886253061,5.110399681598096
montage-jun-1~+01-00-00,486.33140139406635,5.110399681598096
