trace,op_ems,emb_ems
rangeland-feb-1,4899.981034738965,56.33951064719725
rangeland-feb-1~+00-01-00,4707.372145604813,56.33951064719725
rangeland-feb-1~+00-02-00,3809.1536515267944,56.33951064719725
rangeland-feb-1~+00-03-00,3313.1037951839335,56.33951064719725
rangeland-feb-1~+00-04-00,2883.269295174936,56.33951064719725
rangeland-feb-1~+00-05-00,2447.1432063443785,56.33951064719725
rangeland-feb-1~+00-06-00,1846.752737211981,56.33951064719725
rangeland-feb-1~+00-07-00,1223.695521047886,56.33951064719725
rangeland-feb-1~+00-08-00,1282.0455885929562,56.33951064719725
rangeland-feb-1~+00-09-00,2136.765275051519,56.33951064719725
rangeland-feb-1~+00-10-00,2752.5161816922414,56.33951064719725
rangeland-feb-1~+00-11-00,3133.010924767534,56.33951064719725
rangeland-feb-1~+00-12-00,3676.226745943003,56.33951064719725
rangeland-feb-1~+00-13-00,4283.220504331768,56.33951064719725
rangeland-feb-1~+00-14-00,4793.12146754418,56.33951064719725
rangeland-feb-1~+00-15-00,5010.637261851538,56.33951064719725
rangeland-feb-1~+00-16-00,4981.008368923881,56.33951064719725
rangeland-feb-1~+00-17-00,4960.866849943679,56.33951064719725
rangeland-feb-1~+00-18-00,4932.75971863575,56.33951064719725
rangeland-feb-1~+00-19-00,4908.515071601038,56.33951064719725
rangeland-feb-1~+00-20-00,4894.002062934376,56.33951064719725
rangeland-feb-1~+00-21-00,4893.825591614024,56.33951064719725
rangeland-feb-1~+00-22-00,4894.172044818648,56.33951064719725
rangeland-feb-1~+00-23-00,4906.783535423368,56.33951064719725
rangeland-feb-1~+01-00-00,4924.236144580686,56.33951064719725
