trace,op_ems,emb_ems
rangeland-feb-2,2870.2776644106225,56.10015765457453
rangeland-feb-2~+00-01-00,2563.886275341802,56.10015765457453
rangeland-feb-2~+00-02-00,2254.755018605929,56.10015765457453
rangeland-feb-2~+00-03-00,1947.9507818364,56.10015765457453
rangeland-feb-2~+00-04-00,1660.937136210584,56.10015765457453
rangeland-feb-2~+00-05-00,1388.1288979377846,56.10015765457453
rangeland-feb-2~+00-06-00,1142.9309228399252,56.10015765457453
rangeland-feb-2~+00-07-00,984.3379891760517,56.10015765457453
rangeland-feb-2~+00-08-00,991.9131444813163,56.10015765457453
rangeland-feb-2~+00-09-00,1174.6021981360236,56.10015765457453
rangeland-feb-2~+00-10-00,1464.1077101940689,56.10015765457453
rangeland-feb-2~+00-11-00,1742.141889477859,56.10015765457453
rangeland-feb-2~+00-12-00,2022.2127518125194,56.10015765457453
rangeland-feb-2~+00-13-00,2303.4484787567417,56.10015765457453
rangeland-feb-2~+00-14-00,2569.450354115781,56.10015765457453
rangeland-feb-2~+00-15-00,2809.181807145621,56.10015765457453
rangeland-feb-2~+00-16-00,2938.9467201350762,56.10015765457453
rangeland-feb-2~+00-17-00,2996.370242409507,56.10015765457453
rangeland-feb-2~+00-18-00,3034.3261861959336,56.10015765457453
rangeland-feb-2~+00-19-00,3060.420079580641,56.10015765457453
rangeland-feb-2~+00-20-00,3084.3225794329,56.10015765457453
rangeland-feb-2~+00-21-00,3099.6285980847733,56.10015765457453
rangeland-feb-2~+00-22-00,3099.2097442805584,56.10015765457453
rangeland-feb-2~+00-23-00,3085.4066766991764,56.10015765457453
rangeland-feb-2~+01-00-00,2970.204724718554,56.10015765457453
