trace,op_ems,emb_ems
mag-jul-3,14315.5012366847,170.67367805536568
mag-jul-3~+00-01-00,14351.783373478567,170.67367805536568
mag-jul-3~+00-02-00,14404.574856643632,170.67367805536568
mag-jul-3~+00-03-00,14430.06144440883,170.67367805536568
mag-jul-3~+00-04-00,14415.0160400389,170.67367805536568
mag-jul-3~+00-05-00,14435.966836575935,170.67367805536568
mag-jul-3~+00-06-00,14503.26601631821,170.67367805536568
mag-jul-3~+00-07-00,14574.317420279644,170.67367805536568
mag-jul-3~+00-08-00,14638.577198637211,170.67367805536568
mag-jul-3~+00-09-00,14692.688621517413,170.67367805536568
mag-jul-3~+00-10-00,14642.274522568532,170.67367805536568
mag-jul-3~+00-11-00,14584.848031756686,170.67367805536568
mag-jul-3~+00-12-00,14508.856312988584,170.67367805536568
mag-jul-3~+00-13-00,14463.840285759878,170.67367805536568
mag-jul-3~+00-14-00,14417.478746291894,170.67367805536568
mag-jul-3~+00-15-00,14346.54794743605,170.67367805536568
mag-jul-3~+00-16-00,14308.92800716768,170.67367805536568
mag-jul-3~+00-17-00,14335.306743206647,170.67367805536568
mag-jul-3~+00-18-00,14354.494535837941,170.67367805536568
mag-jul-3~+00-19-00,14333.121175081626,170.67367805536568
mag-jul-3~+00-20-00,14264.67633580713,170.67367805536568
mag-jul-3~+00-21-00,14041.672970636902,170.67367805536568
mag-jul-3~+00-22-00,14041.870000874269,170.67367805536568
mag-jul-3~+00-23-00,14051.751707799878,170.67367805536568
mag-jul-3~+01-00-00,14048.47743382438,170.67367805536568
