trace,op_ems,emb_ems
sarek-feb-3,11456.975968540792,179.93408696821612
sarek-feb-3~+00-01-00,11093.747553216703,179.93408696821612
sarek-feb-3~+00-02-00,10208.42068851387,179.93408696821612
sarek-feb-3~+00-03-00,8492.465081781616,179.93408696821612
sarek-feb-3~+00-04-00,7024.355527221702,179.93408696821612
sarek-feb-3~+00-05-00,5546.0532607944015,179.93408696821612
sarek-feb-3~+00-06-00,4347.724024845271,179.93408696821612
sarek-feb-3~+00-07-00,3618.078409438311,179.93408696821612
sarek-feb-3~+00-08-00,3464.2928103667487,179.93408696821612
sarek-feb-3~+00-09-00,3549.626637703722,179.93408696821612
sarek-feb-3~+00-10-00,3887.918917465753,179.93408696821612
sarek-feb-3~+00-11-00,5058.168041242763,179.93408696821612
sarek-feb-3~+00-12-00,6651.03558078104,179.93408696821612
sarek-feb-3~+00-13-00,8101.683810231992,179.93408696821612
sarek-feb-3~+00-14-00,9483.259096621094,179.93408696821612
sarek-feb-3~+00-15-00,10528.60328829148,179.93408696821612
sarek-feb-3~+00-16-00,11015.654304725289,179.93408696821612
sarek-feb-3~+00-17-00,11170.379241342067,179.93408696821612
sarek-feb-3~+00-18-00,11243.216281068562,179.93408696821612
sarek-feb-3~+00-19-00,11451.876981626838,179.93408696821612
sarek-feb-3~+00-20-00,11584.477148895832,179.93408696821612
sarek-feb-3~+00-21-00,11691.01581912554,179.93408696821612
sarek-feb-3~+00-22-00,11790.60104883259,179.93408696821612
sarek-feb-3~+00-23-00,11797.167273939773,179.93408696821612
sarek-feb-3~+01-00-00,11681.51728564715,179.93408696821612
