trace,op_ems,emb_ems
mag-jul-1,5275.3220765864,170.94595497756436
mag-jul-1~+00-01-00,5148.06436632245,170.94595497756436
mag-jul-1~+00-02-00,4971.711464970018,170.94595497756436
mag-jul-1~+00-03-00,4862.898694412541,170.94595497756436
mag-jul-1~+00-04-00,4775.590404698104,170.94595497756436
mag-jul-1~+00-05-00,4730.88726149938,170.94595497756436
mag-jul-1~+00-06-00,4923.891252811056,170.94595497756436
mag-jul-1~+00-07-00,5324.681753683177,170.94595497756436
mag-jul-1~+00-08-00,5772.567847732423,170.94595497756436
mag-jul-1~+00-09-00,6167.201825755915,170.94595497756436
mag-jul-1~+00-10-00,6429.717564951059,170.94595497756436
mag-jul-1~+00-11-00,6608.5581500658445,170.94595497756436
mag-jul-1~+00-12-00,6817.857850303317,170.94595497756436
mag-jul-1~+00-13-00,7070.230012876758,170.94595497756436
mag-jul-1~+00-14-00,7354.3162777494335,170.94595497756436
mag-jul-1~+00-15-00,7581.07622870054,170.94595497756436
mag-jul-1~+00-16-00,7741.033626737398,170.94595497756436
mag-jul-1~+00-17-00,7841.232021129589,170.94595497756436
mag-jul-1~+00-18-00,7686.8423487288255,170.94595497756436
mag-jul-1~+00-19-00,7290.594082992282,170.94595497756436
mag-jul-1~+00-20-00,6813.304832421709,170.94595497756436
mag-jul-1~+00-21-00,6358.894895784052,170.94595497756436
mag-jul-1~+00-22-00,6043.341446389562,170.94595497756436
mag-jul-1~+00-23-00,5852.9376385392925,170.94595497756436
mag-jul-1~+01-00-00,5700.333347544963,170.94595497756436
