trace,op_ems,emb_ems
rangeland-apr-3,1980.3646711079143,56.21086774659671
rangeland-apr-3~+00-01-00,1777.8831362958508,56.21086774659671
rangeland-apr-3~+00-02-00,1620.4680539095677,56.21086774659671
rangeland-apr-3~+00-03-00,1464.0566963054184,56.21086774659671
rangeland-apr-3~+00-04-00,1322.0696408034432,56.21086774659671
rangeland-apr-3~+00-05-00,1128.944810237442,56.21086774659671
rangeland-apr-3~+00-06-00,952.0183239210655,56.21086774659671
rangeland-apr-3~+00-07-00,825.2091953209815,56.21086774659671
rangeland-apr-3~+00-08-00,795.9629320374551,56.21086774659671
rangeland-apr-3~+00-09-00,772.8614875569529,56.21086774659671
rangeland-apr-3~+00-10-00,768.8129725875194,56.21086774659671
rangeland-apr-3~+00-11-00,864.8366019108568,56.21086774659671
rangeland-apr-3~+00-12-00,1080.4149832632809,56.21086774659671
rangeland-apr-3~+00-13-00,1284.3734331903765,56.21086774659671
rangeland-apr-3~+00-14-00,1486.610039738481,56.21086774659671
rangeland-apr-3~+00-15-00,1697.94901861555,56.21086774659671
rangeland-apr-3~+00-16-00,1910.0772654904924,56.21086774659671
rangeland-apr-3~+00-17-00,2102.1770978551303,56.21086774659671
rangeland-apr-3~+00-18-00,2208.6139960672035,56.21086774659671
rangeland-apr-3~+00-19-00,2236.4271612441994,56.21086774659671
rangeland-apr-3~+00-20-00,2251.4722233614625,56.21086774659671
rangeland-apr-3~+00-21-00,2245.5898121851947,56.21086774659671
rangeland-apr-3~+00-22-00,2234.7684570136903,56.21086774659671
rangeland-apr-3~+00-23-00,2227.389340993225,56.21086774659671
rangeland-apr-3~+01-00-00,2097.268811086882,56.21086774659671
