trace,op_ems,emb_ems
mag-jun-3,2404.4661662780277,170.30505238040828
mag-jun-3~+00-01-00,2231.61407330929,170.30505238040828
mag-jun-3~+00-02-00,2068.2179732414347,170.30505238040828
mag-jun-3~+00-03-00,1987.5759030595402,170.30505238040828
mag-jun-3~+00-04-00,1957.7211927665053,170.30505238040828
mag-jun-3~+00-05-00,2005.0964479069241,170.30505238040828
mag-jun-3~+00-06-00,2321.511717218197,170.30505238040828
mag-jun-3~+00-07-00,2834.2864712602836,170.30505238040828
mag-jun-3~+00-08-00,3348.994368457678,170.30505238040828
mag-jun-3~+00-09-00,3777.050545982666,170.30505238040828
mag-jun-3~+00-10-00,4017.9822576870583,170.30505238040828
mag-jun-3~+00-11-00,4142.476282795268,170.30505238040828
mag-jun-3~+00-12-00,4303.125927099118,170.30505238040828
mag-jun-3~+00-13-00,4517.811307458944,170.30505238040828
mag-jun-3~+00-14-00,4777.506590994924,170.30505238040828
mag-jun-3~+00-15-00,4994.333922759875,170.30505238040828
mag-jun-3~+00-16-00,5204.340826883389,170.30505238040828
mag-jun-3~+00-17-00,5362.004275394123,170.30505238040828
mag-jun-3~+00-18-00,5228.351085046751,170.30505238040828
mag-jun-3~+00-19-00,4846.67666195277,170.30505238040828
mag-jun-3~+00-20-00,4358.74956061406,170.30505238040828
mag-jun-3~+00-21-00,3885.0918965802903,170.30505238040828
mag-jun-3~+00-22-00,3579.5973510961603,170.30505238040828
mag-jun-3~+00-23-00,3388.650957689627,170.30505238040828
mag-jun-3~+01-00-00,3196.968069363529,170.30505238040828
