trace,op_ems,emb_ems
mag-sep-1,14179.4839070716,171.36263744391223
mag-sep-1~+00-01-00,14009.16547117038,171.36263744391223
mag-sep-1~+00-02-00,13971.273581052956,171.36263744391223
mag-sep-1~+00-03-00,13854.111518831032,171.36263744391223
mag-sep-1~+00-04-00,13870.771454737023,171.36263744391223
mag-sep-1~+00-05-00,14123.554218819734,171.36263744391223
mag-sep-1~+00-06-00,13966.122701368779,171.36263744391223
mag-sep-1~+00-07-00,14220.166173145759,171.36263744391223
mag-sep-1~+00-08-00,14646.169884592173,171.36263744391223
mag-sep-1~+00-09-00,14525.599053553546,171.36263744391223
mag-sep-1~+00-10-00,14545.580587446715,171.36263744391223
mag-sep-1~+00-11-00,14482.603833870327,171.36263744391223
mag-sep-1~+00-12-00,14453.587821718085,171.36263744391223
mag-sep-1~+00-13-00,14413.468947480107,171.36263744391223
mag-sep-1~+00-14-00,14450.450780157928,171.36263744391223
mag-sep-1~+00-15-00,14442.128737372248,171.36263744391223
mag-sep-1~+00-16-00,14441.040204786263,171.36263744391223
mag-sep-1~+00-17-00,14411.942534672167,171.36263744391223
mag-sep-1~+00-18-00,14394.63145832759,171.36263744391223
mag-sep-1~+00-19-00,14429.581864889988,171.36263744391223
mag-sep-1~+00-20-00,13424.630869302948,171.36263744391223
mag-sep-1~+00-21-00,12160.431148400097,171.36263744391223
mag-sep-1~+00-22-00,11973.22706194715,171.36263744391223
mag-sep-1~+00-23-00,12053.434611845565,171.36263744391223
mag-sep-1~+01-00-00,12829.06678197875,171.36263744391223
