trace,op_ems,emb_ems
mag-sep-1,6638.804733044791,170.94595497756436
mag-sep-1~+00-01-00,6513.177610589504,170.94595497756436
mag-sep-1~+00-02-00,6278.236648078931,170.94595497756436
mag-sep-1~+00-03-00,6000.105289782421,170.94595497756436
mag-sep-1~+00-04-00,5824.370611332569,170.94595497756436
mag-sep-1~+00-05-00,5782.110838564586,170.94595497756436
mag-sep-1~+00-06-00,5895.786229434609,170.94595497756436
mag-sep-1~+00-07-00,6190.9882871713135,170.94595497756436
mag-sep-1~+00-08-00,6524.976857757919,170.94595497756436
mag-sep-1~+00-09-00,6780.517876743269,170.94595497756436
mag-sep-1~+00-10-00,6969.394658747139,170.94595497756436
mag-sep-1~+00-11-00,7165.370692563858,170.94595497756436
mag-sep-1~+00-12-00,7398.332341905838,170.94595497756436
mag-sep-1~+00-13-00,7649.900211288999,170.94595497756436
mag-sep-1~+00-14-00,7857.771543506812,170.94595497756436
mag-sep-1~+00-15-00,8035.030850590321,170.94595497756436
mag-sep-1~+00-16-00,8214.791425712743,170.94595497756436
mag-sep-1~+00-17-00,8303.983904473766,170.94595497756436
mag-sep-1~+00-18-00,8196.101655259326,170.94595497756436
mag-sep-1~+00-19-00,7827.45819450381,170.94595497756436
mag-sep-1~+00-20-00,7283.117631022377,170.94595497756436
mag-sep-1~+00-21-00,6694.193055914075,170.94595497756436
mag-sep-1~+00-22-00,6156.102108379696,170.94595497756436
mag-sep-1~+00-23-00,5789.557782720375,170.94595497756436
mag-sep-1~+01-00-00,5563.21653854654,170.94595497756436
