trace,op_ems,emb_ems
rangeland-jun-3,4726.4100000492945,56.305479409080235
rangeland-jun-3~+00-01-00,3904.773932247307,56.305479409080235
rangeland-jun-3~+00-02-00,3494.8332159882507,56.305479409080235
rangeland-jun-3~+00-03-00,3661.157043709866,56.305479409080235
rangeland-jun-3~+00-04-00,3443.0813517572683,56.305479409080235
rangeland-jun-3~+00-05-00,2817.781065328588,56.305479409080235
rangeland-jun-3~+00-06-00,2302.719248287416,56.305479409080235
rangeland-jun-3~+00-07-00,1822.9914745201745,56.305479409080235
rangeland-jun-3~+00-08-00,1937.0834400177994,56.305479409080235
rangeland-jun-3~+00-09-00,1846.8354124351672,56.305479409080235
rangeland-jun-3~+00-10-00,1608.5150348426641,56.305479409080235
rangeland-jun-3~+00-11-00,2209.3924190607954,56.305479409080235
rangeland-jun-3~+00-12-00,2679.992707901614,56.305479409080235
rangeland-jun-3~+00-13-00,3231.0974268551176,56.305479409080235
rangeland-jun-3~+00-14-00,3789.0387631773306,56.305479409080235
rangeland-jun-3~+00-15-00,4254.842549834014,56.305479409080235
rangeland-jun-3~+00-16-00,4601.56721870451,56.305479409080235
rangeland-jun-3~+00-17-00,4886.060488518555,56.305479409080235
rangeland-jun-3~+00-18-00,4864.922196517613,56.305479409080235
rangeland-jun-3~+00-19-00,4831.957120202926,56.305479409080235
rangeland-jun-3~+00-20-00,4812.466641541588,56.305479409080235
rangeland-jun-3~+00-21-00,4790.71565539451,56.305479409080235
rangeland-jun-3~+00-22-00,4796.9928385422,56.305479409080235
rangeland-jun-3~+00-23-00,4809.410047962006,56.305479409080235
rangeland-jun-3~+01-00-00,4699.187896362783,56.305479409080235
