trace,op_ems,emb_ems
nanoseq-aug-2,72.504960275437,2.2810001647780567
nanoseq-aug-2~+00-01-00,70.11112454298218,2.2810001647780567
nanoseq-aug-2~+00-02-00,64.85977597833812,2.2810001647780567
nanoseq-aug-2~+00-03-00,57.79556431448872,2.2810001647780567
nanoseq-aug-2~+00-04-00,49.698515234268775,2.2810001647780567
nanoseq-aug-2~+00-05-00,41.2860029499908,2.2810001647780567
nanoseq-aug-2~+00-06-00,35.4358489472849,2.2810001647780567
nanoseq-aug-2~+00-07-00,33.16828749356967,2.2810001647780567
nanoseq-aug-2~+00-08-00,32.394959553514276,2.2810001647780567
nanoseq-aug-2~+00-09-00,32.33920636995109,2.2810001647780567
nanoseq-aug-2~+00-10-00,33.11479040047547,2.2810001647780567
nanoseq-aug-2~+00-11-00,34.86555795592137,2.2810001647780567
nanoseq-aug-2~+00-12-00,38.53940441224006,2.2810001647780567
nanoseq-aug-2~+00-13-00,45.46604532065036,2.2810001647780567
nanoseq-aug-2~+00-14-00,54.13571306564025,2.2810001647780567
nanoseq-aug-2~+00-15-00,62.81892297136736,2.2810001647780567
nanoseq-aug-2~+00-16-00,70.85469467543706,2.2810001647780567
nanoseq-aug-2~+00-17-00,76.12713545063922,2.2810001647780567
nanoseq-aug-2~+00-18-00,77.25645858729257,2.2810001647780567
nanoseq-aug-2~+00-19-00,76.27674656891452,2.2810001647780567
nanoseq-aug-2~+00-20-00,74.20505210066558,2.2810001647780567
nanoseq-aug-2~+00-21-00,71.54010820167257,2.2810001647780567
nanoseq-aug-2~+00-22-00,69.00891959776128,2.2810001647780567
nanoseq-aug-2~+00-23-00,67.34717669754727,2.2810001647780567
nanoseq-aug-2~+01-00-00,66.24436745621584,2.2810001647780567
