trace,op_ems,emb_ems
mag-dec-1,5737.000904129298,170.94595497756436
mag-dec-1~+00-01-00,5504.84998385024,170.94595497756436
mag-dec-1~+00-02-00,5333.468257738877,170.94595497756436
mag-dec-1~+00-03-00,5353.200021632167,170.94595497756436
mag-dec-1~+00-04-00,5603.432902164863,170.94595497756436
mag-dec-1~+00-05-00,5902.827631415359,170.94595497756436
mag-dec-1~+00-06-00,6078.735330141048,170.94595497756436
mag-dec-1~+00-07-00,6168.170565845991,170.94595497756436
mag-dec-1~+00-08-00,6253.496807076711,170.94595497756436
mag-dec-1~+00-09-00,6493.733728799749,170.94595497756436
mag-dec-1~+00-10-00,6927.993665632176,170.94595497756436
mag-dec-1~+00-11-00,7444.434389673223,170.94595497756436
mag-dec-1~+00-12-00,7885.52174097985,170.94595497756436
mag-dec-1~+00-13-00,8285.479105398816,170.94595497756436
mag-dec-1~+00-14-00,8653.227868671504,170.94595497756436
mag-dec-1~+00-15-00,8841.227109515434,170.94595497756436
mag-dec-1~+00-16-00,8907.035660975967,170.94595497756436
mag-dec-1~+00-17-00,8967.973257679716,170.94595497756436
mag-dec-1~+00-18-00,8974.473288999541,170.94595497756436
mag-dec-1~+00-19-00,8786.827461059172,170.94595497756436
mag-dec-1~+00-20-00,8380.922837190732,170.94595497756436
mag-dec-1~+00-21-00,7873.272422491505,170.94595497756436
mag-dec-1~+00-22-00,7352.45072130306,170.94595497756436
mag-dec-1~+00-23-00,6936.354549092624,170.94595497756436
mag-dec-1~+01-00-00,6655.310968290742,170.94595497756436
