trace,op_ems,emb_ems
mag-jan-2,14276.315770028154,170.82096393261858
mag-jan-2~+00-01-00,14393.732230769385,170.82096393261858
mag-jan-2~+00-02-00,14496.062791495388,170.82096393261858
mag-jan-2~+00-03-00,14593.852248600231,170.82096393261858
mag-jan-2~+00-04-00,14663.505171497589,170.82096393261858
mag-jan-2~+00-05-00,14739.1099428032,170.82096393261858
mag-jan-2~+00-06-00,14826.089862508657,170.82096393261858
mag-jan-2~+00-07-00,14874.343977688632,170.82096393261858
mag-jan-2~+00-08-00,14909.742163967469,170.82096393261858
mag-jan-2~+00-09-00,14910.002475656474,170.82096393261858
mag-jan-2~+00-10-00,14907.4920898528,170.82096393261858
mag-jan-2~+00-11-00,14901.303233048151,170.82096393261858
mag-jan-2~+00-12-00,14850.151404340519,170.82096393261858
mag-jan-2~+00-13-00,14811.828853491188,170.82096393261858
mag-jan-2~+00-14-00,14756.410569032954,170.82096393261858
mag-jan-2~+00-15-00,14688.602932028945,170.82096393261858
mag-jan-2~+00-16-00,14657.762722733834,170.82096393261858
mag-jan-2~+00-17-00,14624.3223784956,170.82096393261858
mag-jan-2~+00-18-00,14626.035240141086,170.82096393261858
mag-jan-2~+00-19-00,14636.801384508732,170.82096393261858
mag-jan-2~+00-20-00,14626.788773842338,170.82096393261858
mag-jan-2~+00-21-00,14069.905825328186,170.82096393261858
mag-jan-2~+00-22-00,13526.78886148263,170.82096393261858
mag-jan-2~+00-23-00,13416.288117622522,170.82096393261858
mag-jan-2~+01-00-00,13237.52309681175,170.82096393261858
