trace,op_ems,emb_ems
mag-mar-1,7895.777747387411,171.36263744391223
mag-mar-1~+00-01-00,7510.798938944192,171.36263744391223
mag-mar-1~+00-02-00,6867.653179775062,171.36263744391223
mag-mar-1~+00-03-00,5949.754149287388,171.36263744391223
mag-mar-1~+00-04-00,5950.669548074628,171.36263744391223
mag-mar-1~+00-05-00,6831.868590723566,171.36263744391223
mag-mar-1~+00-06-00,7624.368032517115,171.36263744391223
mag-mar-1~+00-07-00,8151.108963222136,171.36263744391223
mag-mar-1~+00-08-00,8398.958162037517,171.36263744391223
mag-mar-1~+00-09-00,8790.503383228028,171.36263744391223
mag-mar-1~+00-10-00,9499.175221974388,171.36263744391223
mag-mar-1~+00-11-00,10538.20410826767,171.36263744391223
mag-mar-1~+00-12-00,11950.51853032212,171.36263744391223
mag-mar-1~+00-13-00,12655.72298603941,171.36263744391223
mag-mar-1~+00-14-00,13374.899288332188,171.36263744391223
mag-mar-1~+00-15-00,14552.566014289112,171.36263744391223
mag-mar-1~+00-16-00,14687.279686114969,171.36263744391223
mag-mar-1~+00-17-00,14671.42911395362,171.36263744391223
mag-mar-1~+00-18-00,14676.974452527204,171.36263744391223
mag-mar-1~+00-19-00,14735.009696539435,171.36263744391223
mag-mar-1~+00-20-00,14651.670908265274,171.36263744391223
mag-mar-1~+00-21-00,13509.484796454217,171.36263744391223
mag-mar-1~+00-22-00,12062.608870665303,171.36263744391223
mag-mar-1~+00-23-00,10446.088917791822,171.36263744391223
mag-mar-1~+01-00-00,8870.746440548382,171.36263744391223
