trace,op_ems,emb_ems
nanoseq-oct-2,152.30226278531035,2.283583422059979
nanoseq-oct-2~+00-01-00,153.60474140796228,2.283583422059979
nanoseq-oct-2~+00-02-00,148.6547814202758,2.283583422059979
nanoseq-oct-2~+00-03-00,128.45120748135272,2.283583422059979
nanoseq-oct-2~+00-04-00,102.66965280627616,2.283583422059979
nanoseq-oct-2~+00-05-00,76.58243988790444,2.283583422059979
nanoseq-oct-2~+00-06-00,48.45668938397094,2.283583422059979
nanoseq-oct-2~+00-07-00,29.645876757789765,2.283583422059979
nanoseq-oct-2~+00-08-00,28.478576810720636,2.283583422059979
nanoseq-oct-2~+00-09-00,28.270064871670915,2.283583422059979
nanoseq-oct-2~+00-10-00,27.769245692894593,2.283583422059979
nanoseq-oct-2~+00-11-00,46.327025811315465,2.283583422059979
nanoseq-oct-2~+00-12-00,74.90277619350884,2.283583422059979
nanoseq-oct-2~+00-13-00,100.85347809376039,2.283583422059979
nanoseq-oct-2~+00-14-00,127.50228134092134,2.283583422059979
nanoseq-oct-2~+00-15-00,153.69316172134555,2.283583422059979
nanoseq-oct-2~+00-16-00,154.157372813375,2.283583422059979
nanoseq-oct-2~+00-17-00,153.6545095928411,2.283583422059979
nanoseq-oct-2~+00-18-00,153.3288523060839,2.283583422059979
nanoseq-oct-2~+00-19-00,152.7889133940033,2.283583422059979
nanoseq-oct-2~+00-20-00,152.51366047804223,2.283583422059979
nanoseq-oct-2~+00-21-00,152.12794621588156,2.283583422059979
nanoseq-oct-2~+00-22-00,151.86647334664696,2.283583422059979
nanoseq-oct-2~+00-23-00,151.8955466197076,2.283583422059979
nanoseq-oct-2~+01-00-00,152.31747678568908,2.283583422059979
