trace,op_ems,emb_ems
montage-dec-3,238.37132828385157,3.9090470464800857
montage-dec-3~+00-01-00,240.18545624902626,3.9090470464800857
montage-dec-3~+00-02-00,238.01528447760245,3.9090470464800857
montage-dec-3~+00-03-00,236.21811097939204,3.9090470464800857
montage-dec-3~+00-04-00,236.55720031867696,3.9090470464800857
montage-dec-3~+00-05-00,232.98828502270274,3.9090470464800857
montage-dec-3~+00-06-00,211.75281514998153,3.9090470464800857
montage-dec-3~+00-07-00,149.34342225458283,3.9090470464800857
montage-dec-3~+00-08-00,127.27718350061335,3.9090470464800857
montage-dec-3~+00-09-00,112.47593384082454,3.9090470464800857
montage-dec-3~+00-10-00,108.66965600735068,3.9090470464800857
montage-dec-3~+00-11-00,105.54155685244683,3.9090470464800857
montage-dec-3~+00-12-00,101.46400754754498,3.9090470464800857
montage-dec-3~+00-13-00,113.0523857176089,3.9090470464800857
montage-dec-3~+00-14-00,151.4542533916318,3.9090470464800857
montage-dec-3~+00-15-00,215.46584341515182,3.9090470464800857
montage-dec-3~+00-16-00,228.8768267838726,3.9090470464800857
montage-dec-3~+00-17-00,229.51261929503178,3.9090470464800857
montage-dec-3~+00-18-00,230.84354495172525,3.9090470464800857
montage-dec-3~+00-19-00,229.6228233302995,3.9090470464800857
montage-dec-3~+00-20-00,233.82753113743306,3.9090470464800857
montage-dec-3~+00-21-00,239.5411865043848,3.9090470464800857
montage-dec-3~+00-22-00,244.3477778887492,3.9090470464800857
montage-dec-3~+00-23-00,247.41653640927825,3.9090470464800857
montage-dec-3~+01-00-00,248.6796441981146,3.9090470464800857
