trace,op_ems,emb_ems
montage-may-2,163.66992111308923,4.417620969401983
montage-may-2~+00-01-00,165.8898229954769,4.417620969401983
montage-may-2~+00-02-00,165.3826902378625,4.417620969401983
montage-may-2~+00-03-00,166.33954449751218,4.417620969401983
montage-may-2~+00-04-00,173.28630642256925,4.417620969401983
montage-may-2~+00-05-00,158.0436180663489,4.417620969401983
montage-may-2~+00-06-00,94.62331773676351,4.417620969401983
montage-may-2~+00-07-00,65.77416180832365,4.417620969401983
montage-may-2~+00-08-00,59.382375353863345,4.417620969401983
montage-may-2~+00-09-00,56.88498573617749,4.417620969401983
montage-may-2~+00-10-00,47.421697108241524,4.417620969401983
montage-may-2~+00-11-00,45.46014587595956,4.417620969401983
montage-may-2~+00-12-00,41.891079487465966,4.417620969401983
montage-may-2~+00-13-00,45.03913000171361,4.417620969401983
montage-may-2~+00-14-00,55.3827245485274,4.417620969401983
montage-may-2~+00-15-00,69.7259699006771,4.417620969401983
montage-may-2~+00-16-00,95.8672282743082,4.417620969401983
montage-may-2~+00-17-00,129.49108695840036,4.417620969401983
montage-may-2~+00-18-00,175.92722417920268,4.417620969401983
montage-may-2~+00-19-00,183.60119534159367,4.417620969401983
montage-may-2~+00-20-00,178.48202505246752,4.417620969401983
montage-may-2~+00-21-00,171.75533960712968,4.417620969401983
montage-may-2~+00-22-00,166.79883454214396,4.417620969401983
montage-may-2~+00-23-00,160.35920537470128,4.417620969401983
montage-may-2~+01-00-00,155.8619903543474,4.417620969401983
