trace,op_ems,emb_ems
nanoseq-sep-2,155.09471828129807,2.283583422059979
nanoseq-sep-2~+00-01-00,156.23188240449764,2.283583422059979
nanoseq-sep-2~+00-02-00,150.71512374153727,2.283583422059979
nanoseq-sep-2~+00-03-00,142.3817586654708,2.283583422059979
nanoseq-sep-2~+00-04-00,139.8747081379134,2.283583422059979
nanoseq-sep-2~+00-05-00,137.39952696657843,2.283583422059979
nanoseq-sep-2~+00-06-00,137.13087410221365,2.283583422059979
nanoseq-sep-2~+00-07-00,147.1870667830217,2.283583422059979
nanoseq-sep-2~+00-08-00,155.01249312795187,2.283583422059979
nanoseq-sep-2~+00-09-00,156.27042876774024,2.283583422059979
nanoseq-sep-2~+00-10-00,158.002693117453,2.283583422059979
nanoseq-sep-2~+00-11-00,158.2103902396398,2.283583422059979
nanoseq-sep-2~+00-12-00,158.84372161649443,2.283583422059979
nanoseq-sep-2~+00-13-00,159.42799018755414,2.283583422059979
nanoseq-sep-2~+00-14-00,161.260240006524,2.283583422059979
nanoseq-sep-2~+00-15-00,160.9744472085881,2.283583422059979
nanoseq-sep-2~+00-16-00,159.5647557155883,2.283583422059979
nanoseq-sep-2~+00-17-00,157.00367430537253,2.283583422059979
nanoseq-sep-2~+00-18-00,154.52986968845298,2.283583422059979
nanoseq-sep-2~+00-19-00,152.8681358697259,2.283583422059979
nanoseq-sep-2~+00-20-00,151.68728864968128,2.283583422059979
nanoseq-sep-2~+00-21-00,151.6660593501352,2.283583422059979
nanoseq-sep-2~+00-22-00,152.46678199907035,2.283583422059979
nanoseq-sep-2~+00-23-00,153.68105966552775,2.283583422059979
nanoseq-sep-2~+01-00-00,155.0703280248181,2.283583422059979
