trace,op_ems,emb_ems
nanoseq-sep-2,93.98879452336121,2.2810001647780567
nanoseq-sep-2~+00-01-00,93.13297477786055,2.2810001647780567
nanoseq-sep-2~+00-02-00,88.08742748959307,2.2810001647780567
nanoseq-sep-2~+00-03-00,79.95262602682654,2.2810001647780567
nanoseq-sep-2~+00-04-00,70.71702951592229,2.2810001647780567
nanoseq-sep-2~+00-05-00,61.07701783954036,2.2810001647780567
nanoseq-sep-2~+00-06-00,54.29596395851296,2.2810001647780567
nanoseq-sep-2~+00-07-00,52.54274167446467,2.2810001647780567
nanoseq-sep-2~+00-08-00,53.21316422560516,2.2810001647780567
nanoseq-sep-2~+00-09-00,54.56984450484867,2.2810001647780567
nanoseq-sep-2~+00-10-00,56.46851818212567,2.2810001647780567
nanoseq-sep-2~+00-11-00,58.88989431397007,2.2810001647780567
nanoseq-sep-2~+00-12-00,63.340594289877906,2.2810001647780567
nanoseq-sep-2~+00-13-00,69.92707020391906,2.2810001647780567
nanoseq-sep-2~+00-14-00,76.97977716623969,2.2810001647780567
nanoseq-sep-2~+00-15-00,83.58960852034808,2.2810001647780567
nanoseq-sep-2~+00-16-00,88.95148244195559,2.2810001647780567
nanoseq-sep-2~+00-17-00,91.27506260627706,2.2810001647780567
nanoseq-sep-2~+00-18-00,91.40280208939588,2.2810001647780567
nanoseq-sep-2~+00-19-00,91.04160676712132,2.2810001647780567
nanoseq-sep-2~+00-20-00,90.53158882363026,2.2810001647780567
nanoseq-sep-2~+00-21-00,89.89260738930084,2.2810001647780567
nanoseq-sep-2~+00-22-00,89.31490681301372,2.2810001647780567
nanoseq-sep-2~+00-23-00,88.84360916573299,2.2810001647780567
nanoseq-sep-2~+01-00-00,88.50351811316216,2.2810001647780567
