trace,op_ems,emb_ems
montage-jun-1,159.32710668937796,4.6572801319491965
montage-jun-1~+00-01-00,153.5567184678281,4.6572801319491965
montage-jun-1~+00-02-00,148.7445914612726,4.6572801319491965
montage-jun-1~+00-03-00,152.88531853638352,4.6572801319491965
montage-jun-1~+00-04-00,165.8881047590681,4.6572801319491965
montage-jun-1~+00-05-00,141.0100463294822,4.6572801319491965
montage-jun-1~+00-06-00,88.2943514479828,4.6572801319491965
montage-jun-1~+00-07-00,69.54424857036814,4.6572801319491965
montage-jun-1~+00-08-00,63.824105251634116,4.6572801319491965
montage-jun-1~+00-09-00,56.93467212608008,4.6572801319491965
montage-jun-1~+00-10-00,54.21660332269289,4.6572801319491965
montage-jun-1~+00-11-00,53.69395985734417,4.6572801319491965
montage-jun-1~+00-12-00,58.1215243823763,4.6572801319491965
montage-jun-1~+00-13-00,63.729921310280744,4.6572801319491965
montage-jun-1~+00-14-00,75.57568329265736,4.6572801319491965
montage-jun-1~+00-15-00,88.04988677867355,4.6572801319491965
montage-jun-1~+00-16-00,100.22952143317211,4.6572801319491965
montage-jun-1~+00-17-00,131.24777602068835,4.6572801319491965
montage-jun-1~+00-18-00,191.42098468407008,4.6572801319491965
montage-jun-1~+00-19-00,212.26291782920956,4.6572801319491965
montage-jun-1~+00-20-00,208.7146152771377,4.6572801319491965
montage-jun-1~+00-21-00,200.51153273300318,4.6572801319491965
montage-jun-1~+00-22-00,186.19929986701877,4.6572801319491965
montage-jun-1~+00-23-00,181.29878972561184,4.6572801319491965
montage-jun-1~+01-00-00,177.90157712525007,4.6572801319491965
