trace,op_ems,emb_ems
montage-dec-2,269.0578492709126,4.417620969401983
montage-dec-2~+00-01-00,271.1055173865629,4.417620969401983
montage-dec-2~+00-02-00,268.65597048185975,4.417620969401983
montage-dec-2~+00-03-00,266.6274394514022,4.417620969401983
montage-dec-2~+00-04-00,267.0101811552623,4.417620969401983
montage-dec-2~+00-05-00,262.9818247221368,4.417620969401983
montage-dec-2~+00-06-00,239.01262551791046,4.417620969401983
montage-dec-2~+00-07-00,168.56901492249594,4.417620969401983
montage-dec-2~+00-08-00,143.6620985438131,4.417620969401983
montage-dec-2~+00-09-00,126.95542317032856,4.417620969401983
montage-dec-2~+00-10-00,122.6591475445012,4.417620969401983
montage-dec-2~+00-11-00,119.1283553263936,4.417620969401983
montage-dec-2~+00-12-00,114.52588633747828,4.417620969401983
montage-dec-2~+00-13-00,127.60608406689036,4.417620969401983
montage-dec-2~+00-14-00,170.9515820290239,4.417620969401983
montage-dec-2~+00-15-00,243.20364717517637,4.417620969401983
montage-dec-2~+00-16-00,258.3410815628356,4.417620969401983
montage-dec-2~+00-17-00,259.0587222575725,4.417620969401983
montage-dec-2~+00-18-00,260.56098344522263,4.417620969401983
montage-dec-2~+00-19-00,259.18311331132736,4.417620969401983
montage-dec-2~+00-20-00,263.9291104391898,4.417620969401983
montage-dec-2~+00-21-00,270.37830814922927,4.417620969401983
montage-dec-2~+00-22-00,275.80367180144344,4.417620969401983
montage-dec-2~+00-23-00,279.26748422137547,4.417620969401983
montage-dec-2~+01-00-00,280.69319706825365,4.417620969401983
