trace,op_ems,emb_ems
montage-may-3,434.0758783917922,4.459453342142623
montage-may-3~+00-01-00,431.1118242198929,4.459453342142623
montage-may-3~+00-02-00,432.2858159997817,4.459453342142623
montage-may-3~+00-03-00,436.5160820880349,4.459453342142623
montage-may-3~+00-04-00,433.23595139817587,4.459453342142623
montage-may-3~+00-05-00,452.3771578419959,4.459453342142623
montage-may-3~+00-06-00,448.04141220551594,4.459453342142623
montage-may-3~+00-07-00,437.5280802761046,4.459453342142623
montage-may-3~+00-08-00,67.83453978752779,4.459453342142623
montage-may-3~+00-09-00,155.33345622350032,4.459453342142623
montage-may-3~+00-10-00,43.4476019682919,4.459453342142623
montage-may-3~+00-11-00,44.87979020679566,4.459453342142623
montage-may-3~+00-12-00,181.06748557717177,4.459453342142623
montage-may-3~+00-13-00,418.55631518712073,4.459453342142623
montage-may-3~+00-14-00,155.29675979453225,4.459453342142623
montage-may-3~+00-15-00,439.6757817133086,4.459453342142623
montage-may-3~+00-16-00,438.613557116662,4.459453342142623
montage-may-3~+00-17-00,438.1937073324749,4.459453342142623
montage-may-3~+00-18-00,445.08326986257026,4.459453342142623
montage-may-3~+00-19-00,444.6309128506649,4.459453342142623
montage-may-3~+00-20-00,438.61404835721913,4.459453342142623
montage-may-3~+00-21-00,430.45253585790454,4.459453342142623
montage-may-3~+00-22-00,432.0852603477581,4.459453342142623
montage-may-3~+00-23-00,438.3040786483498,4.459453342142623
montage-may-3~+01-00-00,438.21684468645014,4.459453342142623
