trace,op_ems,emb_ems
montage-sep-3,408.5286299436314,4.459453342142623
montage-sep-3~+00-01-00,411.69884109685955,4.459453342142623
montage-sep-3~+00-02-00,415.10881606596354,4.459453342142623
montage-sep-3~+00-03-00,420.5422257088591,4.459453342142623
montage-sep-3~+00-04-00,425.45702925427867,4.459453342142623
montage-sep-3~+00-05-00,427.8211378460896,4.459453342142623
montage-sep-3~+00-06-00,432.1711737872333,4.459453342142623
montage-sep-3~+00-07-00,433.0777594612952,4.459453342142623
montage-sep-3~+00-08-00,102.38300837498863,4.459453342142623
montage-sep-3~+00-09-00,122.09293939766891,4.459453342142623
montage-sep-3~+00-10-00,373.02066774308224,4.459453342142623
montage-sep-3~+00-11-00,434.55001978135164,4.459453342142623
montage-sep-3~+00-12-00,435.13712677729353,4.459453342142623
montage-sep-3~+00-13-00,429.2396776584227,4.459453342142623
montage-sep-3~+00-14-00,425.27627762958514,4.459453342142623
montage-sep-3~+00-15-00,425.33805277961756,4.459453342142623
montage-sep-3~+00-16-00,440.3014570756603,4.459453342142623
montage-sep-3~+00-17-00,439.5027286496816,4.459453342142623
montage-sep-3~+00-18-00,439.1912737389429,4.459453342142623
montage-sep-3~+00-19-00,430.6361901407833,4.459453342142623
montage-sep-3~+00-20-00,422.91976723999153,4.459453342142623
montage-sep-3~+00-21-00,417.73722472253706,4.459453342142623
montage-sep-3~+00-22-00,416.70642956441935,4.459453342142623
montage-sep-3~+00-23-00,408.81931006433797,4.459453342142623
montage-sep-3~+01-00-00,412.89346212520405,4.459453342142623
