trace,op_ems,emb_ems
rnaseq-oct-3,3793.977354769528,61.95465283773145
rnaseq-oct-3~+00-01-00,3812.266127817187,61.95465283773145
rnaseq-oct-3~+00-02-00,3847.282254094719,61.95465283773145
rnaseq-oct-3~+00-03-00,3854.7970008864445,61.95465283773145
rnaseq-oct-3~+00-04-00,3754.3421193410923,61.95465283773145
rnaseq-oct-3~+00-05-00,3261.2764032662726,61.95465283773145
rnaseq-oct-3~+00-06-00,2424.1721802099564,61.95465283773145
rnaseq-oct-3~+00-07-00,1705.807865023183,61.95465283773145
rnaseq-oct-3~+00-08-00,1442.9745259023832,61.95465283773145
rnaseq-oct-3~+00-09-00,1378.532229077463,61.95465283773145
rnaseq-oct-3~+00-10-00,1375.468992312847,61.95465283773145
rnaseq-oct-3~+00-11-00,1387.062485573685,61.95465283773145
rnaseq-oct-3~+00-12-00,1398.671373565998,61.95465283773145
rnaseq-oct-3~+00-13-00,1525.8680012606587,61.95465283773145
rnaseq-oct-3~+00-14-00,2016.2848710921298,61.95465283773145
rnaseq-oct-3~+00-15-00,2794.8894257707957,61.95465283773145
rnaseq-oct-3~+00-16-00,3417.374095466217,61.95465283773145
rnaseq-oct-3~+00-17-00,3605.4149909742487,61.95465283773145
rnaseq-oct-3~+00-18-00,3635.269379877303,61.95465283773145
rnaseq-oct-3~+00-19-00,3717.0775929662645,61.95465283773145
rnaseq-oct-3~+00-20-00,3808.608158254828,61.95465283773145
rnaseq-oct-3~+00-21-00,3868.2918256454795,61.95465283773145
rnaseq-oct-3~+00-22-00,3883.9456962537306,61.95465283773145
rnaseq-oct-3~+00-23-00,3867.890991559661,61.95465283773145
rnaseq-oct-3~+01-00-00,3835.653989906104,61.95465283773145
