trace,op_ems,emb_ems
montage-aug-2,185.5149038608931,4.417620969401983
montage-aug-2~+00-01-00,179.9077378993456,4.417620969401983
montage-aug-2~+00-02-00,176.7979615554839,4.417620969401983
montage-aug-2~+00-03-00,177.04674366299292,4.417620969401983
montage-aug-2~+00-04-00,177.36250556867722,4.417620969401983
montage-aug-2~+00-05-00,170.88460223084846,4.417620969401983
montage-aug-2~+00-06-00,119.1283553263936,4.417620969401983
montage-aug-2~+00-07-00,77.60088045759454,4.417620969401983
montage-aug-2~+00-08-00,69.89820366741408,4.417620969401983
montage-aug-2~+00-09-00,66.96066109028934,4.417620969401983
montage-aug-2~+00-10-00,68.14716037225502,4.417620969401983
montage-aug-2~+00-11-00,65.79329889351666,4.417620969401983
montage-aug-2~+00-12-00,63.64037680930472,4.417620969401983
montage-aug-2~+00-13-00,65.48710553042875,4.417620969401983
montage-aug-2~+00-14-00,75.92638550320748,4.417620969401983
montage-aug-2~+00-15-00,82.01197859457992,4.417620969401983
montage-aug-2~+00-16-00,97.23552986560739,4.417620969401983
montage-aug-2~+00-17-00,148.80040591813238,4.417620969401983
montage-aug-2~+00-18-00,198.1358115456732,4.417620969401983
montage-aug-2~+00-19-00,203.4654897719223,4.417620969401983
montage-aug-2~+00-20-00,203.87693710357178,4.417620969401983
montage-aug-2~+00-21-00,204.2118360944493,4.417620969401983
montage-aug-2~+00-22-00,195.6001477576013,4.417620969401983
montage-aug-2~+00-23-00,193.25585482145948,4.417620969401983
montage-aug-2~+01-00-00,182.52951857078585,4.417620969401983
