trace,op_ems,emb_ems
chipseq-mar-2,10388.516578676526,98.55920482780722
chipseq-mar-2~+00-01-00,10498.757718734125,98.55920482780722
chipseq-mar-2~+00-02-00,10552.3945889575,98.55920482780722
chipseq-mar-2~+00-03-00,10676.074456355393,98.55920482780722
chipseq-mar-2~+00-04-00,10858.902257153268,98.55920482780722
chipseq-mar-2~+00-05-00,9454.204309187147,98.55920482780722
chipseq-mar-2~+00-06-00,4814.408174028148,98.55920482780722
chipseq-mar-2~+00-07-00,2365.5402093597495,98.55920482780722
chipseq-mar-2~+00-08-00,1126.9654662173868,98.55920482780722
chipseq-mar-2~+00-09-00,1087.3896497046567,98.55920482780722
chipseq-mar-2~+00-10-00,1082.1552268313085,98.55920482780722
chipseq-mar-2~+00-11-00,1078.7744686283095,98.55920482780722
chipseq-mar-2~+00-12-00,1098.2079735567077,98.55920482780722
chipseq-mar-2~+00-13-00,2767.289430933281,98.55920482780722
chipseq-mar-2~+00-14-00,7227.649354826759,98.55920482780722
chipseq-mar-2~+00-15-00,9774.050394644564,98.55920482780722
chipseq-mar-2~+00-16-00,10910.256583982138,98.55920482780722
chipseq-mar-2~+00-17-00,10839.271367720077,98.55920482780722
chipseq-mar-2~+00-18-00,10814.474283775704,98.55920482780722
chipseq-mar-2~+00-19-00,10811.008944783964,98.55920482780722
chipseq-mar-2~+00-20-00,10693.50414529516,98.55920482780722
chipseq-mar-2~+00-21-00,10552.338142571263,98.55920482780722
chipseq-mar-2~+00-22-00,10473.77619425377,98.55920482780722
chipseq-mar-2~+00-23-00,10411.579532854625,98.55920482780722
chipseq-mar-2~+01-00-00,10431.84225182608,98.55920482780722
