trace,op_ems,emb_ems
montage-feb-3,237.72705853921005,3.9090470464800857
montage-feb-3~+00-01-00,239.60900437224188,3.9090470464800857
montage-feb-3~+00-02-00,239.44793693608136,3.9090470464800857
montage-feb-3~+00-03-00,227.83412706557112,3.9090470464800857
montage-feb-3~+00-04-00,218.89912297541235,3.9090470464800857
montage-feb-3~+00-05-00,208.7094883298988,3.9090470464800857
montage-feb-3~+00-06-00,171.68940971346228,3.9090470464800857
montage-feb-3~+00-07-00,95.66557984577211,3.9090470464800857
montage-feb-3~+00-08-00,74.84549441367494,3.9090470464800857
montage-feb-3~+00-09-00,69.9710851614535,3.9090470464800857
montage-feb-3~+00-10-00,68.42822866770683,3.9090470464800857
montage-feb-3~+00-11-00,67.22446151324526,3.9090470464800857
montage-feb-3~+00-12-00,69.75915432440038,3.9090470464800857
montage-feb-3~+00-13-00,77.27846042304463,3.9090470464800857
montage-feb-3~+00-14-00,93.08850086720636,3.9090470464800857
montage-feb-3~+00-15-00,153.62442516305555,3.9090470464800857
montage-feb-3~+00-16-00,210.1845269557887,3.9090470464800857
montage-feb-3~+00-17-00,219.8570503588923,3.9090470464800857
montage-feb-3~+00-18-00,222.23915296736934,3.9090470464800857
montage-feb-3~+00-19-00,225.299434254416,3.9090470464800857
montage-feb-3~+00-20-00,225.7317731620044,3.9090470464800857
montage-feb-3~+00-21-00,228.19017087182038,3.9090470464800857
montage-feb-3~+00-22-00,228.30037490708793,3.9090470464800857
montage-feb-3~+00-23-00,238.6510769887616,3.9090470464800857
montage-feb-3~+01-00-00,240.47368218741852,3.9090470464800857
