trace,op_ems,emb_ems
rangeland-sep-3,2861.2505768956257,56.21086774659671
rangeland-sep-3~+00-01-00,2671.5510325535415,56.21086774659671
rangeland-sep-3~+00-02-00,2493.8959614720575,56.21086774659671
rangeland-sep-3~+00-03-00,2308.454528225852,56.21086774659671
rangeland-sep-3~+00-04-00,2118.765887161872,56.21086774659671
rangeland-sep-3~+00-05-00,1948.738947399416,56.21086774659671
rangeland-sep-3~+00-06-00,1785.7321748863292,56.21086774659671
rangeland-sep-3~+00-07-00,1693.793746975624,56.21086774659671
rangeland-sep-3~+00-08-00,1699.689446586162,56.21086774659671
rangeland-sep-3~+00-09-00,1743.9522195910192,56.21086774659671
rangeland-sep-3~+00-10-00,1834.083540876492,56.21086774659671
rangeland-sep-3~+00-11-00,2010.2387104745974,56.21086774659671
rangeland-sep-3~+00-12-00,2181.7251081272875,56.21086774659671
rangeland-sep-3~+00-13-00,2328.0159465338247,56.21086774659671
rangeland-sep-3~+00-14-00,2473.843479883142,56.21086774659671
rangeland-sep-3~+00-15-00,2621.2836691447246,56.21086774659671
rangeland-sep-3~+00-16-00,2751.178768111496,56.21086774659671
rangeland-sep-3~+00-17-00,2836.743122382904,56.21086774659671
rangeland-sep-3~+00-18-00,2846.879467573558,56.21086774659671
rangeland-sep-3~+00-19-00,2830.1491665036506,56.21086774659671
rangeland-sep-3~+00-20-00,2825.509625360908,56.21086774659671
rangeland-sep-3~+00-21-00,2816.6234549829646,56.21086774659671
rangeland-sep-3~+00-22-00,2795.300488131341,56.21086774659671
rangeland-sep-3~+00-23-00,2774.092515496895,56.21086774659671
rangeland-sep-3~+01-00-00,2668.080234756018,56.21086774659671
