trace,op_ems,emb_ems
nanoseq-sep-1,152.6202874809241,2.2493885276446886
nanoseq-sep-1~+00-01-00,153.6812438692537,2.2493885276446886
nanoseq-sep-1~+00-02-00,154.0563181687889,2.2493885276446886
nanoseq-sep-1~+00-03-00,142.876516134701,2.2493885276446886
nanoseq-sep-1~+00-04-00,138.29456294792863,2.2493885276446886
nanoseq-sep-1~+00-05-00,135.72654255998629,2.2493885276446886
nanoseq-sep-1~+00-06-00,134.63377163294848,2.2493885276446886
nanoseq-sep-1~+00-07-00,138.69965345471417,2.2493885276446886
nanoseq-sep-1~+00-08-00,152.51533893213363,2.2493885276446886
nanoseq-sep-1~+00-09-00,152.75695653329262,2.2493885276446886
nanoseq-sep-1~+00-10-00,155.52853395865034,2.2493885276446886
nanoseq-sep-1~+00-11-00,155.69147488828258,2.2493885276446886
nanoseq-sep-1~+00-12-00,156.2265302970582,2.2493885276446886
nanoseq-sep-1~+00-13-00,156.96703873382498,2.2493885276446886
nanoseq-sep-1~+00-14-00,158.95346294636502,2.2493885276446886
nanoseq-sep-1~+00-15-00,158.84288617907657,2.2493885276446886
nanoseq-sep-1~+00-16-00,157.6802659157987,2.2493885276446886
nanoseq-sep-1~+00-17-00,155.47010824385643,2.2493885276446886
nanoseq-sep-1~+00-18-00,152.8332438293101,2.2493885276446886
nanoseq-sep-1~+00-19-00,150.92785953020046,2.2493885276446886
nanoseq-sep-1~+00-20-00,149.63543202363277,2.2493885276446886
nanoseq-sep-1~+00-21-00,149.3823605418693,2.2493885276446886
nanoseq-sep-1~+00-22-00,149.92960135455417,2.2493885276446886
nanoseq-sep-1~+00-23-00,151.0843935760034,2.2493885276446886
nanoseq-sep-1~+01-00-00,152.4617985260056,2.2493885276446886
