trace,op_ems,emb_ems
rangeland-jan-2,3144.7315273520235,56.10015765457453
rangeland-jan-2~+00-01-00,2973.98159164459,56.10015765457453
rangeland-jan-2~+00-02-00,2735.3202477641707,56.10015765457453
rangeland-jan-2~+00-03-00,2504.9530020335433,56.10015765457453
rangeland-jan-2~+00-04-00,2270.52980096208,56.10015765457453
rangeland-jan-2~+00-05-00,2034.2488880329506,56.10015765457453
rangeland-jan-2~+00-06-00,1797.7803108684268,56.10015765457453
rangeland-jan-2~+00-07-00,1611.6393919015466,56.10015765457453
rangeland-jan-2~+00-08-00,1611.5109646222004,56.10015765457453
rangeland-jan-2~+00-09-00,1826.6733662417987,56.10015765457453
rangeland-jan-2~+00-10-00,2059.0622024660156,56.10015765457453
rangeland-jan-2~+00-11-00,2266.5528545982934,56.10015765457453
rangeland-jan-2~+00-12-00,2474.484034188618,56.10015765457453
rangeland-jan-2~+00-13-00,2691.9383347798357,56.10015765457453
rangeland-jan-2~+00-14-00,2899.620646234293,56.10015765457453
rangeland-jan-2~+00-15-00,3056.5763941652294,56.10015765457453
rangeland-jan-2~+00-16-00,3087.160336600881,56.10015765457453
rangeland-jan-2~+00-17-00,3082.099877113929,56.10015765457453
rangeland-jan-2~+00-18-00,3088.012575270975,56.10015765457453
rangeland-jan-2~+00-19-00,3107.011539412546,56.10015765457453
rangeland-jan-2~+00-20-00,3120.254462097432,56.10015765457453
rangeland-jan-2~+00-21-00,3126.730679856014,56.10015765457453
rangeland-jan-2~+00-22-00,3105.5267794193537,56.10015765457453
rangeland-jan-2~+00-23-00,3087.0962945454403,56.10015765457453
rangeland-jan-2~+01-00-00,3034.2673445957034,56.10015765457453
