trace,op_ems,emb_ems
rangeland-apr-2,1976.937402122805,56.10015765457453
rangeland-apr-2~+00-01-00,1775.7350501221108,56.10015765457453
rangeland-apr-2~+00-02-00,1618.0927109880265,56.10015765457453
rangeland-apr-2~+00-03-00,1461.5982374886567,56.10015765457453
rangeland-apr-2~+00-04-00,1319.4563949886028,56.10015765457453
rangeland-apr-2~+00-05-00,1126.840695176381,56.10015765457453
rangeland-apr-2~+00-06-00,950.0671443048194,56.10015765457453
rangeland-apr-2~+00-07-00,823.6438390034003,56.10015765457453
rangeland-apr-2~+00-08-00,794.5563129711932,56.10015765457453
rangeland-apr-2~+00-09-00,771.4008456371143,56.10015765457453
rangeland-apr-2~+00-10-00,767.0949831273839,56.10015765457453
rangeland-apr-2~+00-11-00,862.1495312434585,56.10015765457453
rangeland-apr-2~+00-12-00,1076.831536487366,56.10015765457453
rangeland-apr-2~+00-13-00,1280.7872578579534,56.10015765457453
rangeland-apr-2~+00-14-00,1483.0746624514354,56.10015765457453
rangeland-apr-2~+00-15-00,1694.3507446427932,56.10015765457453
rangeland-apr-2~+00-16-00,1906.3265471611628,56.10015765457453
rangeland-apr-2~+00-17-00,2098.115563350746,56.10015765457453
rangeland-apr-2~+00-18-00,2204.2315200881153,56.10015765457453
rangeland-apr-2~+00-19-00,2231.89292431922,56.10015765457453
rangeland-apr-2~+00-20-00,2246.9065209327937,56.10015765457453
rangeland-apr-2~+00-21-00,2241.2160459204315,56.10015765457453
rangeland-apr-2~+00-22-00,2230.4518118636734,56.10015765457453
rangeland-apr-2~+00-23-00,2223.019008454898,56.10015765457453
rangeland-apr-2~+01-00-00,2093.9607804138273,56.10015765457453
