trace,op_ems,emb_ems
chipseq-oct-3,5909.654683710935,95.28231502287919
chipseq-oct-3~+00-01-00,5948.7556793351605,95.28231502287919
chipseq-oct-3~+00-02-00,5986.546451192289,95.28231502287919
chipseq-oct-3~+00-03-00,5934.882119039292,95.28231502287919
chipseq-oct-3~+00-04-00,5546.051562043149,95.28231502287919
chipseq-oct-3~+00-05-00,4616.402590112383,95.28231502287919
chipseq-oct-3~+00-06-00,3352.267619634459,95.28231502287919
chipseq-oct-3~+00-07-00,2495.006752856294,95.28231502287919
chipseq-oct-3~+00-08-00,2208.1214358237426,95.28231502287919
chipseq-oct-3~+00-09-00,2140.025917472165,95.28231502287919
chipseq-oct-3~+00-10-00,2144.9513939697376,95.28231502287919
chipseq-oct-3~+00-11-00,2166.921122152136,95.28231502287919
chipseq-oct-3~+00-12-00,2249.8425619324667,95.28231502287919
chipseq-oct-3~+00-13-00,2660.224367315651,95.28231502287919
chipseq-oct-3~+00-14-00,3563.9240949032906,95.28231502287919
chipseq-oct-3~+00-15-00,4704.1169472304655,95.28231502287919
chipseq-oct-3~+00-16-00,5433.466185246523,95.28231502287919
chipseq-oct-3~+00-17-00,5623.354378169775,95.28231502287919
chipseq-oct-3~+00-18-00,5700.423036224385,95.28231502287919
chipseq-oct-3~+00-19-00,5831.6232866666205,95.28231502287919
chipseq-oct-3~+00-20-00,5957.879743133632,95.28231502287919
chipseq-oct-3~+00-21-00,6025.529987271289,95.28231502287919
chipseq-oct-3~+00-22-00,6029.982126225061,95.28231502287919
chipseq-oct-3~+00-23-00,5998.616175570935,95.28231502287919
chipseq-oct-3~+01-00-00,5953.388412573663,95.28231502287919
