trace,op_ems,emb_ems
sarek-dec-1,18385.38754374215,185.156829608021
sarek-dec-1~+00-01-00,18475.326276184107,185.156829608021
sarek-dec-1~+00-02-00,18708.4181663049,185.156829608021
sarek-dec-1~+00-03-00,18835.404266027403,185.156829608021
sarek-dec-1~+00-04-00,18924.521489893425,185.156829608021
sarek-dec-1~+00-05-00,19411.775774094018,185.156829608021
sarek-dec-1~+00-06-00,19385.246187846053,185.156829608021
sarek-dec-1~+00-07-00,19231.004357576243,185.156829608021
sarek-dec-1~+00-08-00,19232.834304846587,185.156829608021
sarek-dec-1~+00-09-00,19152.85942809723,185.156829608021
sarek-dec-1~+00-10-00,18868.6377884635,185.156829608021
sarek-dec-1~+00-11-00,18802.86887511501,185.156829608021
sarek-dec-1~+00-12-00,18782.332082021723,185.156829608021
sarek-dec-1~+00-13-00,18652.35733382096,185.156829608021
sarek-dec-1~+00-14-00,18549.82915399622,185.156829608021
sarek-dec-1~+00-15-00,18419.494671377797,185.156829608021
sarek-dec-1~+00-16-00,18318.92685947239,185.156829608021
sarek-dec-1~+00-17-00,18298.932053350454,185.156829608021
sarek-dec-1~+00-18-00,18235.63616031831,185.156829608021
sarek-dec-1~+00-19-00,18151.196559173168,185.156829608021
sarek-dec-1~+00-20-00,18090.990924832397,185.156829608021
sarek-dec-1~+00-21-00,17983.019319220504,185.156829608021
sarek-dec-1~+00-22-00,17856.800134488753,185.156829608021
sarek-dec-1~+00-23-00,17867.56213661868,185.156829608021
sarek-dec-1~+01-00-00,17956.28189400352,185.156829608021
