trace,op_ems,emb_ems
sarek-dec-2,9730.313398640203,181.81188075481478
sarek-dec-2~+00-01-00,9726.714782427183,181.81188075481478
sarek-dec-2~+00-02-00,9623.782090107119,181.81188075481478
sarek-dec-2~+00-03-00,9012.654612390374,181.81188075481478
sarek-dec-2~+00-04-00,8011.867595966186,181.81188075481478
sarek-dec-2~+00-05-00,7035.793944392443,181.81188075481478
sarek-dec-2~+00-06-00,6165.551724360132,181.81188075481478
sarek-dec-2~+00-07-00,5483.942003426316,181.81188075481478
sarek-dec-2~+00-08-00,5088.653059195748,181.81188075481478
sarek-dec-2~+00-09-00,4882.454897743888,181.81188075481478
sarek-dec-2~+00-10-00,5186.567327462464,181.81188075481478
sarek-dec-2~+00-11-00,6378.961140682413,181.81188075481478
sarek-dec-2~+00-12-00,7904.892505819761,181.81188075481478
sarek-dec-2~+00-13-00,9158.226250311156,181.81188075481478
sarek-dec-2~+00-14-00,10042.494554737907,181.81188075481478
sarek-dec-2~+00-15-00,10547.457262040629,181.81188075481478
sarek-dec-2~+00-16-00,10712.93227418054,181.81188075481478
sarek-dec-2~+00-17-00,10899.9081871611,181.81188075481478
sarek-dec-2~+00-18-00,11169.676135358039,181.81188075481478
sarek-dec-2~+00-19-00,11474.226583242524,181.81188075481478
sarek-dec-2~+00-20-00,11717.149665403616,181.81188075481478
sarek-dec-2~+00-21-00,11880.822576058697,181.81188075481478
sarek-dec-2~+00-22-00,11952.03617627509,181.81188075481478
sarek-dec-2~+00-23-00,11948.253641875377,181.81188075481478
sarek-dec-2~+01-00-00,11906.144930552397,181.81188075481478
