trace,op_ems,emb_ems
mag-apr-1,8027.848402403769,171.36263744391223
mag-apr-1~+00-01-00,7414.985991985772,171.36263744391223
mag-apr-1~+00-02-00,6183.074599947476,171.36263744391223
mag-apr-1~+00-03-00,4611.490750474125,171.36263744391223
mag-apr-1~+00-04-00,3851.9828969527002,171.36263744391223
mag-apr-1~+00-05-00,3980.929992521088,171.36263744391223
mag-apr-1~+00-06-00,4700.626850013986,171.36263744391223
mag-apr-1~+00-07-00,5781.326879248458,171.36263744391223
mag-apr-1~+00-08-00,7364.66315758926,171.36263744391223
mag-apr-1~+00-09-00,8647.616246973499,171.36263744391223
mag-apr-1~+00-10-00,8616.346373949676,171.36263744391223
mag-apr-1~+00-11-00,9086.284037648682,171.36263744391223
mag-apr-1~+00-12-00,9929.876476191865,171.36263744391223
mag-apr-1~+00-13-00,11199.900107697273,171.36263744391223
mag-apr-1~+00-14-00,12213.810188484798,171.36263744391223
mag-apr-1~+00-15-00,12934.111998728382,171.36263744391223
mag-apr-1~+00-16-00,14108.262918530003,171.36263744391223
mag-apr-1~+00-17-00,14631.059261528784,171.36263744391223
mag-apr-1~+00-18-00,14442.02880397698,171.36263744391223
mag-apr-1~+00-19-00,12978.39213604884,171.36263744391223
mag-apr-1~+00-20-00,11346.117075125505,171.36263744391223
mag-apr-1~+00-21-00,9745.674167220626,171.36263744391223
mag-apr-1~+00-22-00,8139.870559569338,171.36263744391223
mag-apr-1~+00-23-00,7732.359384241712,171.36263744391223
mag-apr-1~+01-00-00,7271.4332719497115,171.36263744391223
