trace,op_ems,emb_ems
sarek-aug-3,18176.712260751778,183.31733251806511
sarek-aug-3~+00-01-00,18522.55960164391,183.31733251806511
sarek-aug-3~+00-02-00,18734.295167573953,183.31733251806511
sarek-aug-3~+00-03-00,18787.420622617086,183.31733251806511
sarek-aug-3~+00-04-00,18118.258076481165,183.31733251806511
sarek-aug-3~+00-05-00,18023.672622778344,183.31733251806511
sarek-aug-3~+00-06-00,17944.77443041901,183.31733251806511
sarek-aug-3~+00-07-00,18089.445602171145,183.31733251806511
sarek-aug-3~+00-08-00,18290.28315755982,183.31733251806511
sarek-aug-3~+00-09-00,18626.559740566132,183.31733251806511
sarek-aug-3~+00-10-00,18767.680108207038,183.31733251806511
sarek-aug-3~+00-11-00,18065.43283710683,183.31733251806511
sarek-aug-3~+00-12-00,18708.15378195503,183.31733251806511
sarek-aug-3~+00-13-00,18465.01071613916,183.31733251806511
sarek-aug-3~+00-14-00,18670.329836514054,183.31733251806511
sarek-aug-3~+00-15-00,18661.329970956343,183.31733251806511
sarek-aug-3~+00-16-00,18640.732972062026,183.31733251806511
sarek-aug-3~+00-17-00,18187.4712751391,183.31733251806511
sarek-aug-3~+00-18-00,17694.810847078654,183.31733251806511
sarek-aug-3~+00-19-00,17502.164277680593,183.31733251806511
sarek-aug-3~+00-20-00,17705.492578082907,183.31733251806511
sarek-aug-3~+00-21-00,17872.35409142441,183.31733251806511
sarek-aug-3~+00-22-00,18163.281365409355,183.31733251806511
sarek-aug-3~+00-23-00,18340.929356065626,183.31733251806511
sarek-aug-3~+01-00-00,18513.089139025444,183.31733251806511
