trace,op_ems,emb_ems
chipseq-feb-2,6423.082766962202,93.55153285104065
chipseq-feb-2~+00-01-00,6316.874323965499,93.55153285104065
chipseq-feb-2~+00-02-00,6088.573111586208,93.55153285104065
chipseq-feb-2~+00-03-00,5751.259470619056,93.55153285104065
chipseq-feb-2~+00-04-00,5102.582796296888,93.55153285104065
chipseq-feb-2~+00-05-00,3980.1302274055715,93.55153285104065
chipseq-feb-2~+00-06-00,2751.5446829570706,93.55153285104065
chipseq-feb-2~+00-07-00,2074.1033210182964,93.55153285104065
chipseq-feb-2~+00-08-00,1894.2639999119017,93.55153285104065
chipseq-feb-2~+00-09-00,1848.254536350056,93.55153285104065
chipseq-feb-2~+00-10-00,1865.8330465588472,93.55153285104065
chipseq-feb-2~+00-11-00,1987.8859774224327,93.55153285104065
chipseq-feb-2~+00-12-00,2366.131163447881,93.55153285104065
chipseq-feb-2~+00-13-00,3205.5281198059724,93.55153285104065
chipseq-feb-2~+00-14-00,4441.081356416273,93.55153285104065
chipseq-feb-2~+00-15-00,5479.928896830365,93.55153285104065
chipseq-feb-2~+00-16-00,5913.4625309141975,93.55153285104065
chipseq-feb-2~+00-17-00,6016.4354423751465,93.55153285104065
chipseq-feb-2~+00-18-00,6073.219794945544,93.55153285104065
chipseq-feb-2~+00-19-00,6113.822341281815,93.55153285104065
chipseq-feb-2~+00-20-00,6171.330428065562,93.55153285104065
chipseq-feb-2~+00-21-00,6271.586099532757,93.55153285104065
chipseq-feb-2~+00-22-00,6396.556546052603,93.55153285104065
chipseq-feb-2~+00-23-00,6452.533202997281,93.55153285104065
chipseq-feb-2~+01-00-00,6429.325044472527,93.55153285104065
