trace,op_ems,emb_ems
rangeland-jun-3,1131.3106359751177,56.21086774659671
rangeland-jun-3~+00-01-00,1027.8470234249544,56.21086774659671
rangeland-jun-3~+00-02-00,933.528321354262,56.21086774659671
rangeland-jun-3~+00-03-00,831.777831294368,56.21086774659671
rangeland-jun-3~+00-04-00,725.7105000603959,56.21086774659671
rangeland-jun-3~+00-05-00,602.7431669812686,56.21086774659671
rangeland-jun-3~+00-06-00,514.7334370867711,56.21086774659671
rangeland-jun-3~+00-07-00,496.92735466916685,56.21086774659671
rangeland-jun-3~+00-08-00,503.87850737340517,56.21086774659671
rangeland-jun-3~+00-09-00,535.339890582227,56.21086774659671
rangeland-jun-3~+00-10-00,599.8543596287593,56.21086774659671
rangeland-jun-3~+00-11-00,730.368829973462,56.21086774659671
rangeland-jun-3~+00-12-00,979.693673215717,56.21086774659671
rangeland-jun-3~+00-13-00,1226.7607921387846,56.21086774659671
rangeland-jun-3~+00-14-00,1458.5163395834888,56.21086774659671
rangeland-jun-3~+00-15-00,1658.7490294613253,56.21086774659671
rangeland-jun-3~+00-16-00,1817.404176377934,56.21086774659671
rangeland-jun-3~+00-17-00,1943.9188820971506,56.21086774659671
rangeland-jun-3~+00-18-00,1993.3178478023349,56.21086774659671
rangeland-jun-3~+00-19-00,1942.794790111081,56.21086774659671
rangeland-jun-3~+00-20-00,1860.390419559673,56.21086774659671
rangeland-jun-3~+00-21-00,1790.306247778512,56.21086774659671
rangeland-jun-3~+00-22-00,1761.20679513138,56.21086774659671
rangeland-jun-3~+00-23-00,1689.06475666374,56.21086774659671
rangeland-jun-3~+01-00-00,1531.7223222923667,56.21086774659671
