trace,op_ems,emb_ems
rangeland-aug-3,2171.80760976211,56.21086774659671
rangeland-aug-3~+00-01-00,1989.0101558366925,56.21086774659671
rangeland-aug-3~+00-02-00,1818.9702552390306,56.21086774659671
rangeland-aug-3~+00-03-00,1647.0718155005648,56.21086774659671
rangeland-aug-3~+00-04-00,1476.2475804490446,56.21086774659671
rangeland-aug-3~+00-05-00,1301.573439460172,56.21086774659671
rangeland-aug-3~+00-06-00,1143.054742288484,56.21086774659671
rangeland-aug-3~+00-07-00,1048.572104191021,56.21086774659671
rangeland-aug-3~+00-08-00,1031.246553071107,56.21086774659671
rangeland-aug-3~+00-09-00,1047.6573742778141,56.21086774659671
rangeland-aug-3~+00-10-00,1100.989648441397,56.21086774659671
rangeland-aug-3~+00-11-00,1235.671764792654,56.21086774659671
rangeland-aug-3~+00-12-00,1443.9549057994277,56.21086774659671
rangeland-aug-3~+00-13-00,1633.2963389458455,56.21086774659671
rangeland-aug-3~+00-14-00,1835.8664133891946,56.21086774659671
rangeland-aug-3~+00-15-00,2030.280764466255,56.21086774659671
rangeland-aug-3~+00-16-00,2196.708444110199,56.21086774659671
rangeland-aug-3~+00-17-00,2312.8338361862848,56.21086774659671
rangeland-aug-3~+00-18-00,2354.0015112421947,56.21086774659671
rangeland-aug-3~+00-19-00,2319.8533384395164,56.21086774659671
rangeland-aug-3~+00-20-00,2272.6931711248353,56.21086774659671
rangeland-aug-3~+00-21-00,2218.200944206176,56.21086774659671
rangeland-aug-3~+00-22-00,2162.5624386135373,56.21086774659671
rangeland-aug-3~+00-23-00,2101.070677647992,56.21086774659671
rangeland-aug-3~+01-00-00,1949.5032879558514,56.21086774659671
