trace,op_ems,emb_ems
rnaseq-aug-2,2965.3561350225045,59.0952985091386
rnaseq-aug-2~+00-01-00,2904.661875989028,59.0952985091386
rnaseq-aug-2~+00-02-00,2880.508064135585,59.0952985091386
rnaseq-aug-2~+00-03-00,2881.3019337498304,59.0952985091386
rnaseq-aug-2~+00-04-00,2721.4288066460517,59.0952985091386
rnaseq-aug-2~+00-05-00,2263.6573326453463,59.0952985091386
rnaseq-aug-2~+00-06-00,1730.7444131775592,59.0952985091386
rnaseq-aug-2~+00-07-00,1432.4553687512441,59.0952985091386
rnaseq-aug-2~+00-08-00,1333.0052586497409,59.0952985091386
rnaseq-aug-2~+00-09-00,1283.7418557375859,59.0952985091386
rnaseq-aug-2~+00-10-00,1282.5306033803627,59.0952985091386
rnaseq-aug-2~+00-11-00,1297.2457173766022,59.0952985091386
rnaseq-aug-2~+00-12-00,1315.7615666779398,59.0952985091386
rnaseq-aug-2~+00-13-00,1369.6561220684055,59.0952985091386
rnaseq-aug-2~+00-14-00,1506.429942327086,59.0952985091386
rnaseq-aug-2~+00-15-00,1786.547017943364,59.0952985091386
rnaseq-aug-2~+00-16-00,2270.32590032862,59.0952985091386
rnaseq-aug-2~+00-17-00,2778.887744104197,59.0952985091386
rnaseq-aug-2~+00-18-00,3059.535119975339,59.0952985091386
rnaseq-aug-2~+00-19-00,3134.8520364266215,59.0952985091386
rnaseq-aug-2~+00-20-00,3156.9070143499484,59.0952985091386
rnaseq-aug-2~+00-21-00,3085.4949215345237,59.0952985091386
rnaseq-aug-2~+00-22-00,2944.1435988083695,59.0952985091386
rnaseq-aug-2~+00-23-00,2801.376089925296,59.0952985091386
rnaseq-aug-2~+01-00-00,2708.859189152773,59.0952985091386
