trace,op_ems,emb_ems
montage-oct-3,220.39111606826614,3.9090470464800857
montage-oct-3~+00-01-00,216.40681633166767,3.9090470464800857
montage-oct-3~+00-02-00,215.89818232274038,3.9090470464800857
montage-oct-3~+00-03-00,217.48342498389758,3.9090470464800857
montage-oct-3~+00-04-00,221.67965555754893,3.9090470464800857
montage-oct-3~+00-05-00,219.29755294907207,3.9090470464800857
montage-oct-3~+00-06-00,206.86145143079588,3.9090470464800857
montage-oct-3~+00-07-00,135.50009997827394,3.9090470464800857
montage-oct-3~+00-08-00,99.7516063841559,3.9090470464800857
montage-oct-3~+00-09-00,94.5296305591675,3.9090470464800857
montage-oct-3~+00-10-00,94.95349223327362,3.9090470464800857
montage-oct-3~+00-11-00,95.01283286764854,3.9090470464800857
montage-oct-3~+00-12-00,95.9453285506822,3.9090470464800857
montage-oct-3~+00-13-00,94.00404208327565,3.9090470464800857
montage-oct-3~+00-14-00,97.78488821630316,3.9090470464800857
montage-oct-3~+00-15-00,115.06996728635443,3.9090470464800857
montage-oct-3~+00-16-00,172.91013133488818,3.9090470464800857
montage-oct-3~+00-17-00,206.23413615311864,3.9090470464800857
montage-oct-3~+00-18-00,206.22565891963643,3.9090470464800857
montage-oct-3~+00-19-00,205.08970963303184,3.9090470464800857
montage-oct-3~+00-20-00,209.83696038302153,3.9090470464800857
montage-oct-3~+00-21-00,212.7107425334615,3.9090470464800857
montage-oct-3~+00-22-00,214.5672566660469,3.9090470464800857
montage-oct-3~+00-23-00,204.16569118348036,3.9090470464800857
montage-oct-3~+01-00-00,206.79363356293882,3.9090470464800857
