trace,op_ems,emb_ems
mag-feb-2,9137.246873087033,170.82096393261858
mag-feb-2~+00-01-00,8315.475968707362,170.82096393261858
mag-feb-2~+00-02-00,7531.061639328672,170.82096393261858
mag-feb-2~+00-03-00,6941.0084973262055,170.82096393261858
mag-feb-2~+00-04-00,7540.524684698119,170.82096393261858
mag-feb-2~+00-05-00,8758.559613791233,170.82096393261858
mag-feb-2~+00-06-00,9334.034238677927,170.82096393261858
mag-feb-2~+00-07-00,8919.546381814858,170.82096393261858
mag-feb-2~+00-08-00,9464.335401155287,170.82096393261858
mag-feb-2~+00-09-00,10588.234691118978,170.82096393261858
mag-feb-2~+00-10-00,11590.313345201423,170.82096393261858
mag-feb-2~+00-11-00,12087.683228081854,170.82096393261858
mag-feb-2~+00-12-00,12918.095024822827,170.82096393261858
mag-feb-2~+00-13-00,13772.416478510257,170.82096393261858
mag-feb-2~+00-14-00,14608.956623677108,170.82096393261858
mag-feb-2~+00-15-00,14571.111108169942,170.82096393261858
mag-feb-2~+00-16-00,14521.882970805775,170.82096393261858
mag-feb-2~+00-17-00,14494.335176205357,170.82096393261858
mag-feb-2~+00-18-00,14490.22198845187,170.82096393261858
mag-feb-2~+00-19-00,14516.779156362085,170.82096393261858
mag-feb-2~+00-20-00,14585.912431038254,170.82096393261858
mag-feb-2~+00-21-00,14626.611665040606,170.82096393261858
mag-feb-2~+00-22-00,14238.060802096365,170.82096393261858
mag-feb-2~+00-23-00,13771.4145383649,170.82096393261858
mag-feb-2~+01-00-00,13482.488672409712,170.82096393261858
