trace,op_ems,emb_ems
montage-oct-2,479.8447667532565,5.194323604266486
montage-oct-2~+00-01-00,477.58554309642693,5.194323604266486
montage-oct-2~+00-02-00,478.97468182692944,5.194323604266486
montage-oct-2~+00-03-00,478.26603529274183,5.194323604266486
montage-oct-2~+00-04-00,479.849898596226,5.194323604266486
montage-oct-2~+00-05-00,483.6424360183506,5.194323604266486
montage-oct-2~+00-06-00,499.0323702056588,5.194323604266486
montage-oct-2~+00-07-00,492.6684902101569,5.194323604266486
montage-oct-2~+00-08-00,495.29591672482917,5.194323604266486
montage-oct-2~+00-09-00,149.53885282582345,5.194323604266486
montage-oct-2~+00-10-00,491.89267154453756,5.194323604266486
montage-oct-2~+00-11-00,490.7891567921406,5.194323604266486
montage-oct-2~+00-12-00,486.76169378817616,5.194323604266486
montage-oct-2~+00-13-00,252.84353401279753,5.194323604266486
montage-oct-2~+00-14-00,179.00371623216668,5.194323604266486
montage-oct-2~+00-15-00,223.575253481686,5.194323604266486
montage-oct-2~+00-16-00,478.24784296317694,5.194323604266486
montage-oct-2~+00-17-00,489.704125527846,5.194323604266486
montage-oct-2~+00-18-00,485.7733631122378,5.194323604266486
montage-oct-2~+00-19-00,479.942650676883,5.194323604266486
montage-oct-2~+00-20-00,475.2777049468183,5.194323604266486
montage-oct-2~+00-21-00,481.54112673280173,5.194323604266486
montage-oct-2~+00-22-00,485.2980722951382,5.194323604266486
montage-oct-2~+00-23-00,480.26760062946505,5.194323604266486
montage-oct-2~+01-00-00,476.54873367231113,5.194323604266486
