trace,op_ems,emb_ems
rangeland-jul-2,4750.890921160233,56.19540575328906
rangeland-jul-2~+00-01-00,4788.576270198515,56.19540575328906
rangeland-jul-2~+00-02-00,4832.850140943275,56.19540575328906
rangeland-jul-2~+00-03-00,4827.363260646506,56.19540575328906
rangeland-jul-2~+00-04-00,4847.567587729919,56.19540575328906
rangeland-jul-2~+00-05-00,4880.142778899133,56.19540575328906
rangeland-jul-2~+00-06-00,4914.319954358429,56.19540575328906
rangeland-jul-2~+00-07-00,4944.826172590814,56.19540575328906
rangeland-jul-2~+00-08-00,4957.321138036423,56.19540575328906
rangeland-jul-2~+00-09-00,4962.459503133379,56.19540575328906
rangeland-jul-2~+00-10-00,4919.918911993285,56.19540575328906
rangeland-jul-2~+00-11-00,4908.712508296747,56.19540575328906
rangeland-jul-2~+00-12-00,4944.744254173119,56.19540575328906
rangeland-jul-2~+00-13-00,4955.714406512794,56.19540575328906
rangeland-jul-2~+00-14-00,4962.56159848306,56.19540575328906
rangeland-jul-2~+00-15-00,4951.076146977744,56.19540575328906
rangeland-jul-2~+00-16-00,4961.455066728905,56.19540575328906
rangeland-jul-2~+00-17-00,4962.295619213198,56.19540575328906
rangeland-jul-2~+00-18-00,4954.694643843139,56.19540575328906
rangeland-jul-2~+00-19-00,4895.266171697447,56.19540575328906
rangeland-jul-2~+00-20-00,4859.938089738067,56.19540575328906
rangeland-jul-2~+00-21-00,4823.535642321328,56.19540575328906
rangeland-jul-2~+00-22-00,4795.379981120418,56.19540575328906
rangeland-jul-2~+00-23-00,4775.5820893872315,56.19540575328906
rangeland-jul-2~+01-00-00,4777.315342330418,56.19540575328906
