trace,op_ems,emb_ems
sarek-may-2,6073.95319227905,181.81188075481478
sarek-may-2~+00-01-00,6072.465638100033,181.81188075481478
sarek-may-2~+00-02-00,5494.481846881118,181.81188075481478
sarek-may-2~+00-03-00,4458.867660305951,181.81188075481478
sarek-may-2~+00-04-00,3455.4331277127267,181.81188075481478
sarek-may-2~+00-05-00,2615.3275020602623,181.81188075481478
sarek-may-2~+00-06-00,2005.030815671696,181.81188075481478
sarek-may-2~+00-07-00,1718.1304588244434,181.81188075481478
sarek-may-2~+00-08-00,1578.8752151342692,181.81188075481478
sarek-may-2~+00-09-00,1498.9649712755431,181.81188075481478
sarek-may-2~+00-10-00,1539.823736260975,181.81188075481478
sarek-may-2~+00-11-00,1746.0927470937968,181.81188075481478
sarek-may-2~+00-12-00,2244.5395234665557,181.81188075481478
sarek-may-2~+00-13-00,3266.433766839707,181.81188075481478
sarek-may-2~+00-14-00,4778.655785407329,181.81188075481478
sarek-may-2~+00-15-00,6286.102738142679,181.81188075481478
sarek-may-2~+00-16-00,7372.296639370171,181.81188075481478
sarek-may-2~+00-17-00,8000.3315389372,181.81188075481478
sarek-may-2~+00-18-00,8216.001569672208,181.81188075481478
sarek-may-2~+00-19-00,8053.394066523127,181.81188075481478
sarek-may-2~+00-20-00,7765.436228343586,181.81188075481478
sarek-may-2~+00-21-00,7567.626485310421,181.81188075481478
sarek-may-2~+00-22-00,7435.65120646595,181.81188075481478
sarek-may-2~+00-23-00,7359.0999028207,181.81188075481478
sarek-may-2~+01-00-00,7419.452976937145,181.81188075481478
