trace,op_ems,emb_ems
mag-mar-2,8181.306088960329,170.82096393261858
mag-mar-2~+00-01-00,7623.074306899789,170.82096393261858
mag-mar-2~+00-02-00,6638.915626561146,170.82096393261858
mag-mar-2~+00-03-00,5454.087979848794,170.82096393261858
mag-mar-2~+00-04-00,5120.844603856841,170.82096393261858
mag-mar-2~+00-05-00,5971.348156128297,170.82096393261858
mag-mar-2~+00-06-00,6784.451956564499,170.82096393261858
mag-mar-2~+00-07-00,7282.012034637331,170.82096393261858
mag-mar-2~+00-08-00,8128.084583673229,170.82096393261858
mag-mar-2~+00-09-00,8700.587947074175,170.82096393261858
mag-mar-2~+00-10-00,9741.300448467839,170.82096393261858
mag-mar-2~+00-11-00,10849.828294101031,170.82096393261858
mag-mar-2~+00-12-00,11924.973571059783,170.82096393261858
mag-mar-2~+00-13-00,12689.741349063808,170.82096393261858
mag-mar-2~+00-14-00,13411.905815007587,170.82096393261858
mag-mar-2~+00-15-00,14509.727676806922,170.82096393261858
mag-mar-2~+00-16-00,14624.74246211042,170.82096393261858
mag-mar-2~+00-17-00,14597.80103299295,170.82096393261858
mag-mar-2~+00-18-00,14585.19831945128,170.82096393261858
mag-mar-2~+00-19-00,14638.409236778241,170.82096393261858
mag-mar-2~+00-20-00,14702.560189908227,170.82096393261858
mag-mar-2~+00-21-00,14124.697371460677,170.82096393261858
mag-mar-2~+00-22-00,12753.691709784423,170.82096393261858
mag-mar-2~+00-23-00,11201.950503466403,170.82096393261858
mag-mar-2~+01-00-00,9574.177581473243,170.82096393261858
