trace,op_ems,emb_ems
nanoseq-aug-3,149.6467934815576,2.2520341597586646
nanoseq-aug-3~+00-01-00,151.95474654711379,2.2520341597586646
nanoseq-aug-3~+00-02-00,154.0111412972297,2.2520341597586646
nanoseq-aug-3~+00-03-00,154.9512036168945,2.2520341597586646
nanoseq-aug-3~+00-04-00,152.34761189636933,2.2520341597586646
nanoseq-aug-3~+00-05-00,149.7172854742758,2.2520341597586646
nanoseq-aug-3~+00-06-00,148.49166996682382,2.2520341597586646
nanoseq-aug-3~+00-07-00,147.780956929723,2.2520341597586646
nanoseq-aug-3~+00-08-00,147.95669362702816,2.2520341597586646
nanoseq-aug-3~+00-09-00,153.10579163563673,2.2520341597586646
nanoseq-aug-3~+00-10-00,151.41351320490398,2.2520341597586646
nanoseq-aug-3~+00-11-00,150.86328675595203,2.2520341597586646
nanoseq-aug-3~+00-12-00,152.1957966294775,2.2520341597586646
nanoseq-aug-3~+00-13-00,152.9973992949985,2.2520341597586646
nanoseq-aug-3~+00-14-00,153.14432889923094,2.2520341597586646
nanoseq-aug-3~+00-15-00,156.47503787303114,2.2520341597586646
nanoseq-aug-3~+00-16-00,153.78462753867365,2.2520341597586646
nanoseq-aug-3~+00-17-00,149.6103778669357,2.2520341597586646
nanoseq-aug-3~+00-18-00,145.46000033573995,2.2520341597586646
nanoseq-aug-3~+00-19-00,143.67049879787425,2.2520341597586646
nanoseq-aug-3~+00-20-00,144.50786357821696,2.2520341597586646
nanoseq-aug-3~+00-21-00,146.97045200476572,2.2520341597586646
nanoseq-aug-3~+00-22-00,149.23119688649243,2.2520341597586646
nanoseq-aug-3~+00-23-00,152.18215008709873,2.2520341597586646
nanoseq-aug-3~+01-00-00,152.32138874627643,2.2520341597586646
