workflow,footprint,makespan,flexible-6h,flexible-12h,flexible-24h,flexible-48h,flexible-96h
chipseq-sep-1,22665.565353190825,13607.0,0.0%:22663.5826529771:211.471|1.6%,0.0%:22654.883911120494:787.413|5.8%,0.3%:22605.258250611394:774.413|5.7%,0.4%:22565.472081267722:1100.884|8.1%,16.3%:18979.064239404586:500.942|3.7%
chipseq-sep-2,22226.460182173305,13099.0,0.0%:22225.656434872526:182.28|1.4%,0.0%:22217.48967357852:572.28|4.4%,0.2%:22171.25034027172:1142.56|8.7%,0.4%:22128.306040053707:1135.56|8.7%,16.5%:18551.051406449384:278.14|2.1%
chipseq-sep-3,22539.732547110434,13266.0,0.0%:22538.643066671015:390.744|2.9%,0.0%:22530.262260502088:790.116|6.0%,0.2%:22483.925184847656:1144.488|8.6%,0.4%:22440.19496471362:808.116|6.1%,16.5%:18827.49565587753:479.744|3.6%
