workflow,footprint,makespan,flexible-6h,flexible-12h,flexible-24h,flexible-48h,flexible-96h
chipseq-sep-1,14547.455449380104,13607.0,0.0%:14547.455449380104:0.0|0.0%,0.0%:14547.455449380104:0.0|0.0%,3.3%:14061.124431064149:653.471|4.8%,4.0%:13958.69362990626:653.471|4.8%,4.8%:13851.02024711788:0.0|0.0%
chipseq-sep-2,14311.320668474144,13099.0,0.0%:14311.320668474144:0.0|0.0%,0.0%:14311.320668474144:0.0|0.0%,3.3%:13836.389402221002:792.14|6.0%,4.0%:13736.403123208618:792.14|6.0%,4.8%:13629.821720681835:0.0|0.0%
chipseq-sep-3,14543.882547440668,13266.0,0.0%:14543.882547440668:0.0|0.0%,0.0%:14543.882547440668:0.0|0.0%,3.3%:14061.273255440363:673.372|5.1%,4.0%:13959.444178680595:673.372|5.1%,4.8%:13851.8729170074:0.0|0.0%
