workflow,footprint,makespan,flexible-6h,flexible-12h,flexible-24h,flexible-48h,flexible-96h
chipseq-sep-1,22665.565353190825,13607.0,0.0%:22663.5826529771:622.413|4.6%,0.0%:22654.883911120494:211.471|1.6%,0.2%:22624.09068216504:787.413|5.8%,0.4%:22577.128665315216:0.0|0.0%,0.4%:22576.153523338053:1010.884|7.4%
chipseq-sep-2,22226.460182173305,13099.0,0.0%:22225.656434872526:585.28|4.5%,0.0%:22217.48967357852:182.28|1.4%,0.2%:22190.09514562777:572.28|4.4%,0.4%:22138.238420189104:0.0|0.0%,0.4%:22137.276548648493:625.42|4.8%
chipseq-sep-3,22539.732547110434,13266.0,0.0%:22538.643066671015:603.116|4.5%,0.0%:22530.262260502088:390.744|2.9%,0.2%:22502.789392519393:790.116|6.0%,0.4%:22450.51855822323:0.0|0.0%,0.4%:22449.66525132197:534.744|4.0%
