workflow,footprint,makespan,flexible-6h,flexible-12h,flexible-24h,flexible-48h,flexible-96h
chipseq-dec-1,14954.109520558848,13607.0,0.4%:14894.243662951274:653.471|4.8%,0.4%:14894.243662951274:653.471|4.8%,3.4%:14447.502441116943:1412.471|10.4%,6.3%:14012.711181769731:0.0|0.0%,10.1%:13442.530207852202:0.0|0.0%
chipseq-dec-2,14717.550892295087,13099.0,0.5%:14648.699374645288:792.14|6.0%,0.5%:14648.699374645288:792.14|6.0%,3.5%:14207.929358194859:1373.14|10.5%,6.3%:13794.818716420823:0.0|0.0%,10.2%:13220.297237683635:0.0|0.0%
chipseq-dec-3,14956.237165962584,13266.0,0.5%:14886.773843471437:673.372|5.1%,0.5%:14886.773843471437:673.372|5.1%,3.5%:14439.048971034972:1410.372|10.6%,6.3%:14018.732441613782:0.0|0.0%,10.2%:13434.737162214697:0.0|0.0%
