workflow,footprint,makespan,flexible-6h,flexible-12h,flexible-24h,flexible-48h,flexible-96h
chipseq-aug-1,15629.876012023644,13607.0,0.2%:15603.32965532189:0.0|0.0%,0.2%:15603.32965532189:0.0|0.0%,11.0%:13914.76937832618:0.0|0.0%,12.4%:13685.187100699784:0.0|0.0%,12.4%:13685.187100699784:0.0|0.0%
chipseq-aug-2,15379.094585352277,13099.0,0.2%:15349.514306720881:0.0|0.0%,0.2%:15349.514306720881:0.0|0.0%,10.9%:13700.13465066813:0.0|0.0%,12.5%:13463.281521701383:0.0|0.0%,12.5%:13463.281521701383:0.0|0.0%
chipseq-aug-3,15628.923503385155,13266.0,0.2%:15598.979434149474:0.0|0.0%,0.2%:15598.979434149474:0.0|0.0%,10.9%:13922.47029884045:0.0|0.0%,12.5%:13682.089010714339:0.0|0.0%,12.5%:13682.089010714339:0.0|0.0%
