workflow,footprint,makespan,flexible-6h,flexible-12h,flexible-24h,flexible-48h,flexible-96h
chipseq-feb-1,14452.115063886273,13607.0,0.0%:14452.115063886273:0.0|0.0%,0.0%:14452.115063886273:0.0|0.0%,1.4%:14253.286111460167:0.0|0.0%,2.8%:14053.97063328804:0.0|0.0%,8.0%:13295.148382959753:0.0|0.0%
chipseq-feb-2,14220.880014334967,13099.0,0.0%:14220.880014334967:0.0|0.0%,0.0%:14220.880014334967:0.0|0.0%,1.4%:14026.584883995267:0.0|0.0%,2.8%:13828.429199457814:0.0|0.0%,8.0%:13081.698053852124:0.0|0.0%
chipseq-feb-3,14452.143517297662,13266.0,0.0%:14452.143517297662:0.0|0.0%,0.0%:14452.143517297662:0.0|0.0%,1.4%:14254.246363728835:0.0|0.0%,2.8%:14053.693180865572:0.0|0.0%,8.0%:13294.622884603272:0.0|0.0%
