workflow,footprint,makespan,flexible-6h,flexible-12h,flexible-24h,flexible-48h,flexible-96h
chipseq-dec-1,14954.109520558848,13607.0,0.4%:14894.243662951274:653.471|4.8%,0.4%:14894.243662951274:653.471|4.8%,0.8%:14830.0315208419:653.471|4.8%,4.2%:14320.570073859682:653.471|4.8%,10.1%:13442.530207852202:0.0|0.0%
chipseq-dec-2,14717.550892295087,13099.0,0.5%:14648.699374645288:792.14|6.0%,0.5%:14648.699374645288:792.14|6.0%,0.8%:14593.235515318021:792.14|6.0%,4.3%:14087.512867007903:792.14|6.0%,10.2%:13220.297237683635:0.0|0.0%
chipseq-dec-3,14956.237165962584,13266.0,0.5%:14886.773843471437:673.372|5.1%,0.5%:14886.773843471437:673.372|5.1%,0.8%:14829.591719467424:673.372|5.1%,4.3%:14315.608219758267:673.372|5.1%,10.2%:13434.737162214697:0.0|0.0%
