workflow,footprint,makespan,flexible-6h,flexible-12h,flexible-24h,flexible-48h,flexible-96h
mag-jan-1,30476.81989942699,45898.0,0.0%:30476.81989942699:472.286|1.0%,0.0%:30476.81989942699:537.524|1.2%,1.1%:30150.08715602423:1073.048|2.3%,5.4%:28821.07149564212:281.524|0.6%,9.1%:27690.317749668833:305.524|0.7%
mag-jan-2,30388.79518521209,44188.0,0.0%:30388.79518521209:160.497|0.4%,0.0%:30388.79518521209:516.994|1.2%,0.3%:30305.13256266063:567.491|1.3%,4.4%:29053.090999902:160.497|0.4%,10.0%:27340.174625106694:1095.485|2.5%
mag-jan-3,30358.81200033977,46342.0,0.0%:30358.81200033977:684.631|1.5%,0.0%:30358.81200033977:866.631|1.9%,1.3%:29973.639749761653:423.754|0.9%,5.6%:28650.245191677725:550.754|1.2%,9.0%:27626.321019047973:26.877|0.1%
