workflow,footprint,makespan,flexible-6h,flexible-12h,flexible-24h,flexible-48h,flexible-96h
mag-may-1,21992.10865372544,45898.0,0.6%:21849.944169431714:551.524|1.2%,1.9%:21565.913417534928:1782.524|3.9%,4.5%:20997.76694968222:3574.762|7.8%,4.4%:21016.26080162123:4742.286|10.3%,6.5%:20561.22021149749:3993.524|8.7%
mag-may-2,21915.67489376751,44188.0,0.8%:21741.70063717878:867.994|2.0%,1.8%:21525.191355068226:1745.994|4.0%,4.5%:20939.456688909188:3445.497|7.8%,4.6%:20909.976094561374:1745.994|4.0%,6.5%:20499.351231867713:1766.994|4.0%
mag-may-3,21920.824214813154,46342.0,0.6%:21782.461741891046:430.754|0.9%,2.0%:21482.836205740063:2058.754|4.4%,4.6%:20923.15117064683:2961.877|6.4%,4.5%:20944.33384178541:2237.631|4.8%,6.5%:20497.3614522564:393.754|0.8%
