workflow,footprint,makespan,flexible-6h,flexible-12h,flexible-24h,flexible-48h,flexible-96h
mag-feb-1,30476.81989942699,45898.0,0.0%:30476.81989942699:537.524|1.2%,0.0%:30476.81989942699:1073.048|2.3%,0.0%:30476.81989942699:281.524|0.6%,3.3%:29483.22083844015:305.524|0.7%,8.7%:27811.109312880093:839.048|1.8%
mag-feb-2,30388.79518521209,44188.0,0.0%:30388.79518521209:516.994|1.2%,0.0%:30388.79518521209:567.491|1.3%,0.0%:30388.79518521209:160.497|0.4%,2.2%:29719.403088184492:1095.485|2.5%,8.9%:27678.480927562505:913.988|2.1%
mag-feb-3,30358.81200033977,46342.0,0.0%:30358.81200033977:866.631|1.9%,0.0%:30358.81200033977:423.754|0.9%,0.0%:30358.81200033977:550.754|1.2%,3.5%:29305.627479556086:26.877|0.1%,8.7%:27730.541992802733:1237.262|2.7%
