workflow,footprint,makespan,flexible-6h,flexible-12h,flexible-24h,flexible-48h,flexible-96h
mag-nov-1,30525.144786859335,45898.0,0.0%:30516.742001172654:737.286|1.6%,0.1%:30508.270066765956:969.048|2.1%,1.2%:30165.591581092416:776.286|1.7%,5.6%:28824.408181021292:0.0|0.0%,7.0%:28390.019736972765:831.81|1.8%
mag-nov-2,30443.913860528206,44188.0,0.0%:30435.356627151898:412.994|0.9%,0.1%:30426.93305384618:724.491|1.6%,0.4%:30326.64953989828:916.988|2.1%,4.6%:29056.068727318598:0.0|0.0%,8.2%:27933.23756923412:691.988|1.6%
mag-nov-3,30405.433707392047,46342.0,0.0%:30397.04368138128:652.631|1.4%,0.1%:30388.731444099867:906.508|2.0%,1.4%:29987.479246258557:436.754|0.9%,5.8%:28653.6345855429:0.0|0.0%,6.9%:28305.043017371358:811.508|1.8%
