workflow,footprint,makespan,flexible-6h,flexible-12h,flexible-24h,flexible-48h,flexible-96h
mag-mar-1,30493.327777779305,45898.0,0.1%:30476.81989942699:295.762|0.6%,0.1%:30476.81989942699:259.762|0.6%,0.1%:30476.81989942699:1336.572|2.9%,1.1%:30150.08715602423:401.524|0.9%,11.5%:27000.700126834832:426.524|0.9%
mag-mar-2,30405.406843922825,44188.0,0.1%:30388.79518521209:284.497|0.6%,0.1%:30388.79518521209:856.491|1.9%,0.1%:30388.79518521209:1356.485|3.1%,0.3%:30305.13256266063:432.491|1.0%,11.4%:26930.463301979693:154.497|0.3%
mag-mar-3,30375.151170951736,46342.0,0.1%:30358.81200033977:273.877|0.6%,0.1%:30358.81200033977:290.877|0.6%,0.1%:30358.81200033977:1169.262|2.5%,1.3%:29973.639749761653:26.877|0.1%,11.3%:26929.459735564717:674.631|1.5%
