workflow,footprint,makespan,flexible-6h,flexible-12h,flexible-24h,flexible-48h,flexible-96h
mag-feb-1,21355.287810666054,45898.0,2.9%:20729.815532690583:0.0|0.0%,4.1%:20487.129468773655:418.762|0.9%,5.9%:20085.635256459846:7469.286|16.3%,9.6%:19294.591992766953:3837.524|8.4%,12.2%:18745.557619288353:719.524|1.6%
mag-feb-2,21217.659364023704,44188.0,2.7%:20639.093977310273:0.0|0.0%,3.5%:20484.31601267358:951.497|2.2%,5.6%:20036.261002853546:7547.491|17.1%,9.4%:19223.43501476445:3211.994|7.3%,11.6%:18760.18409124968:1183.497|2.7%
mag-feb-3,21297.41977459698,46342.0,3.0%:20666.213733370187:0.0|0.0%,4.1%:20434.67260964977:353.877|0.8%,6.1%:20007.283004120196:6235.631|13.5%,9.7%:19231.602825729948:2373.754|5.1%,12.0%:18735.99628939025:0.0|0.0%
