workflow,footprint,makespan,flexible-6h,flexible-12h,flexible-24h,flexible-48h,flexible-96h
mag-sep-1,30581.649116745975,45898.0,0.0%:30577.830630960027:647.286|1.4%,0.0%:30570.785071379203:472.524|1.0%,0.1%:30550.872337949026:1104.048|2.4%,1.3%:30172.09886185619:532.524|1.2%,9.3%:27747.278939546333:266.762|0.6%
mag-sep-2,30491.29277216709,44188.0,0.0%:30490.095678197948:269.497|0.6%,0.0%:30487.9874756869:578.491|1.3%,0.1%:30468.321690827026:595.491|1.3%,0.5%:30333.35159894536:352.994|0.8%,9.9%:27478.519069209404:289.497|0.7%
mag-sep-3,30463.579702762734,46342.0,0.0%:30456.62165977083:528.754|1.1%,0.0%:30449.882091615113:185.754|0.4%,0.1%:30429.526633684687:869.508|1.9%,1.5%:29993.335891306848:425.754|0.9%,9.2%:27668.325291464582:294.877|0.6%
