workflow,footprint,makespan,flexible-6h,flexible-12h,flexible-24h,flexible-48h,flexible-96h
mag-apr-1,21385.349375605183,45898.0,0.0%:21385.349375605183:0.0|0.0%,1.5%:21057.88253892509:8935.286|19.5%,4.3%:20467.27388656942:3586.762|7.8%,6.9%:19901.83655746945:4675.048|10.2%,7.4%:19793.239118580674:719.524|1.6%
mag-apr-2,21328.564149799513,44188.0,-0.0%:21334.06564234952:583.497|1.3%,1.4%:21037.820584650402:8102.988|18.3%,4.3%:20405.075592126126:2628.497|5.9%,7.0%:19839.848669340157:4168.988|9.4%,7.3%:19762.38993334976:5047.988|11.4%
mag-apr-3,21310.63376429874,46342.0,-0.1%:21340.711290173924:214.877|0.5%,1.6%:20973.69712622743:5401.508|11.7%,4.3%:20393.504003011363:2158.877|4.7%,6.9%:19831.507332652487:3058.508|6.6%,7.4%:19733.46076072138:2728.631|5.9%
