workflow,footprint,makespan,flexible-6h,flexible-12h,flexible-24h,flexible-48h,flexible-96h
mag-jun-1,21591.153020769656,45898.0,1.4%:21295.9163629912:3586.762|7.8%,2.1%:21142.66091804967:3875.524|8.4%,5.2%:20476.514652473463:3586.762|7.8%,5.2%:20473.88565591825:3837.524|8.4%,5.1%:20481.22996126579:3025.524|6.6%
mag-jun-2,21535.9332523617,44188.0,1.2%:21276.12065019601:4640.994|10.5%,1.8%:21145.817974127363:3729.994|8.4%,5.1%:20446.09949123728:0.0|0.0%,4.9%:20475.33455332906:3457.497|7.8%,5.3%:20389.751723697245:2412.994|5.5%
mag-jun-3,21524.753652509247,46342.0,1.3%:21241.393046651097:2233.877|4.8%,2.1%:21073.59543693314:3356.631|7.2%,5.0%:20447.03653382873:0.0|0.0%,4.9%:20470.37253187582:2233.877|4.8%,5.2%:20413.700239759295:2196.754|4.7%
