workflow,footprint,makespan,flexible-6h,flexible-12h,flexible-24h,flexible-48h,flexible-96h
mag-oct-1,20624.495147578305,45898.0,0.0%:20623.51923219028:250.762|0.5%,1.1%:20399.37203863411:300.762|0.7%,3.2%:19968.676758680907:2400.762|5.2%,3.2%:19968.676758680907:2400.762|5.2%,4.1%:19779.535606349004:2959.762|6.4%
mag-oct-2,20541.595681702,44188.0,0.0%:20541.34562615179:583.497|1.3%,0.7%:20399.505661915937:284.497|0.6%,3.3%:19870.101540401545:3457.497|7.8%,3.3%:19870.101540401545:3457.497|7.8%,4.0%:19717.656495341427:1183.497|2.7%
mag-oct-3,20560.729089096432,46342.0,0.0%:20559.5786618075:214.877|0.5%,1.2%:20318.710431144023:215.877|0.5%,3.2%:19906.63327328622:2233.877|4.8%,3.2%:19906.63327328622:2233.877|4.8%,4.2%:19699.980926676595:178.877|0.4%
