workflow,footprint,makespan,flexible-6h,flexible-12h,flexible-24h,flexible-48h,flexible-96h
mag-oct-1,30512.191611714632,45898.0,0.0%:30503.656008760147:687.286|1.5%,0.1%:30495.196680629342:1257.81|2.7%,0.1%:30478.321960535963:268.762|0.6%,1.2%:30151.95124787388:821.286|1.8%,7.9%:28090.27879259749:765.286|1.7%
mag-oct-2,30422.200892416004,44188.0,0.0%:30415.693494546493:1047.988|2.4%,0.0%:30407.273714673127:778.491|1.8%,0.1%:30390.2929079911:208.497|0.5%,0.4%:30306.72298640643:646.491|1.5%,8.4%:27856.279776012445:162.994|0.4%
mag-oct-3,30394.034644096653,46342.0,0.0%:30385.53388931661:953.508|2.1%,0.1%:30377.010508678602:1390.385|3.0%,0.1%:30360.308245386423:264.877|0.6%,1.4%:29975.56277846559:848.508|1.8%,7.8%:28028.02238750985:525.631|1.1%
