workflow,footprint,makespan,flexible-6h,flexible-12h,flexible-24h,flexible-48h,flexible-96h
montage-aug-1,634.6835419880696,2003.0,4.1%:608.7844235875174:0.0|0.0%,4.1%:608.7844235875174:0.0|0.0%,4.1%:608.7844235875174:0.0|0.0%,4.1%:608.7844235875174:0.0|0.0%,5.0%:603.0834396152434:0.0|0.0%
montage-aug-2,591.469892059895,1814.0,4.7%:563.9316264671755:0.0|0.0%,4.7%:563.9316264671755:0.0|0.0%,4.7%:563.9316264671755:0.0|0.0%,4.7%:563.9316264671755:0.0|0.0%,4.9%:562.7451271852098:0.0|0.0%
montage-aug-3,524.011710464028,1884.0,4.7%:499.61423250247447:0.0|0.0%,4.7%:499.61423250247447:0.0|0.0%,4.7%:499.61423250247447:0.0|0.0%,4.7%:499.61423250247447:0.0|0.0%,4.9%:498.5630555506909:0.0|0.0%
