workflow,footprint,makespan,flexible-6h,flexible-12h,flexible-24h,flexible-48h,flexible-96h
montage-mar-1,659.8010337839411,2003.0,0.2%:658.6625094735374:0.0|0.0%,0.2%:658.6625094735374:0.0|0.0%,0.3%:658.0088649363862:0.0|0.0%,3.8%:634.6794788118455:0.0|0.0%,6.9%:614.225711665458:0.0|0.0%
montage-mar-2,615.4582283493148,1814.0,0.2%:613.9655357042604:0.0|0.0%,0.2%:613.9655357042604:0.0|0.0%,0.2%:613.9655357042604:0.0|0.0%,4.0%:590.7905255355438:0.0|0.0%,6.9%:573.0982902746198:0.0|0.0%
montage-mar-3,545.2641348037138,1884.0,0.2%:543.9416863805019:0.0|0.0%,0.2%:543.9416863805019:0.0|0.0%,0.2%:543.9416863805019:0.0|0.0%,4.0%:523.4098268867968:0.0|0.0%,6.9%:507.7354221783495:0.0|0.0%
