workflow,footprint,makespan,flexible-6h,flexible-12h,flexible-24h,flexible-48h,flexible-96h
montage-jun-1,632.929159532002,2003.0,2.4%:617.7193020937316:0.0|0.0%,2.4%:617.7193020937316:0.0|0.0%,2.4%:617.7193020937316:0.0|0.0%,2.4%:617.7193020937316:0.0|0.0%,2.4%:617.7193020937316:0.0|0.0%
montage-jun-2,590.1685702667713,1814.0,2.3%:576.3420262148326:0.0|0.0%,2.3%:576.3420262148326:0.0|0.0%,2.3%:576.3420262148326:0.0|0.0%,2.3%:576.3420262148326:0.0|0.0%,2.3%:576.3420262148326:0.0|0.0%
montage-jun-3,522.858806710459,1884.0,2.3%:510.6092043287899:0.0|0.0%,2.3%:510.6092043287899:0.0|0.0%,2.3%:510.6092043287899:0.0|0.0%,2.3%:510.6092043287899:0.0|0.0%,2.3%:510.6092043287899:0.0|0.0%
