workflow,footprint,makespan,flexible-6h,flexible-12h,flexible-24h,flexible-48h,flexible-96h
montage-jan-1,520.186450858039,2003.0,2.9%:504.8471632589375:0.0|0.0%,3.0%:504.4001467827632:0.0|0.0%,3.0%:504.4001467827632:0.0|0.0%,3.9%:499.70647378292966:0.0|0.0%,7.1%:483.324147739421:0.0|0.0%
montage-jan-2,601.2776482213048,1814.0,2.9%:583.5471387899952:0.0|0.0%,3.0%:583.030437489784:0.0|0.0%,3.0%:583.030437489784:0.0|0.0%,3.9%:577.6050738375703:0.0|0.0%,7.1%:558.6689280391017:0.0|0.0%
montage-jan-3,532.7008747832054,1884.0,2.9%:516.9925611408293:0.0|0.0%,3.0%:516.5347905327943:0.0|0.0%,3.0%:516.5347905327943:0.0|0.0%,3.9%:511.72819914842984:0.0|0.0%,7.1%:494.95175408730626:0.0|0.0%
