workflow,footprint,makespan,flexible-6h,flexible-12h,flexible-24h,flexible-48h,flexible-96h
montage-jan-1,930.188943367811,2003.0,0.0%:930.188943367811:293.589|14.7%,0.0%:930.188943367811:0.0|0.0%,0.0%:930.188943367811:209.589|10.5%,0.0%:930.188943367811:0.0|0.0%,17.8%:764.6895798607726:698.767|34.9%
montage-jan-2,1035.863608787461,1814.0,0.0%:1035.863608787461:118.945|6.6%,0.0%:1035.863608787461:0.0|0.0%,0.0%:1035.863608787461:221.945|12.2%,0.0%:1035.863608787461:0.0|0.0%,17.8%:851.5625921426741:638.835|35.2%
montage-jan-3,889.1846010090677,1884.0,0.0%:889.1846010090677:102.546|5.4%,0.0%:889.1846010090677:0.0|0.0%,0.0%:889.1846010090677:98.546|5.2%,0.0%:889.1846010090677:0.0|0.0%,17.8%:730.980736561422:500.638|26.6%
