workflow,footprint,makespan,flexible-6h,flexible-12h,flexible-24h,flexible-48h,flexible-96h
nanoseq-nov-1,324.20615023025044,19616.143,0.0%:324.20615023025044:0.0|0.0%,0.0%:324.20615023025044:142.139|0.7%,0.0%:324.20615023025044:0.0|0.0%,0.0%:324.20615023025044:0.0|0.0%,0.0%:324.20615023025044:0.0|0.0%
nanoseq-nov-2,329.00014905979003,20705.598,0.0%:329.00014905979003:148.56|0.7%,0.0%:329.00014905979003:0.0|0.0%,0.0%:329.00014905979003:0.0|0.0%,0.0%:329.00014905979003:0.0|0.0%,0.0%:329.00014905979003:69.538|0.3%
nanoseq-nov-3,324.4730361487273,19775.509,0.0%:324.4730361487273:0.0|0.0%,0.0%:324.4730361487273:65.522|0.3%,0.0%:324.4730361487273:0.0|0.0%,0.0%:324.4730361487273:0.0|0.0%,0.0%:324.4730361487273:0.0|0.0%
