workflow,footprint,makespan,flexible-6h,flexible-12h,flexible-24h,flexible-48h,flexible-96h
nanoseq-apr-1,227.42921600187557,19616.143,0.4%:226.62602287532746:939.697|4.8%,0.4%:226.62602287532746:939.697|4.8%,5.4%:215.21291008528357:0.0|0.0%,7.6%:210.22896810500845:0.0|0.0%,7.9%:209.45324208775952:686.13|3.5%
nanoseq-apr-2,230.65493408678338,20705.598,0.3%:230.01612722685806:946.293|4.6%,0.3%:230.01612722685806:946.293|4.6%,5.2%:218.56464986411245:0.0|0.0%,7.5%:213.30742430255282:0.0|0.0%,7.8%:212.6227467714163:105.161|0.5%
nanoseq-apr-3,227.57877892315452,19775.509,0.3%:226.81315190160583:3124.041|15.8%,0.3%:226.81315190160583:3124.041|15.8%,5.4%:215.39173237921162:0.0|0.0%,7.6%:210.376621896363:0.0|0.0%,7.9%:209.62644975128057:507.757|2.6%
