workflow,footprint,makespan,flexible-6h,flexible-12h,flexible-24h,flexible-48h,flexible-96h
nanoseq-sep-1,220.83927313391143,19616.143,0.0%:220.83927313391143:0.0|0.0%,0.0%:220.83927313391143:0.0|0.0%,0.0%:220.83927313391143:0.0|0.0%,4.3%:211.37684619860545:0.0|0.0%,4.3%:211.37684619860545:0.0|0.0%
nanoseq-sep-2,224.2764042192177,20705.598,0.0%:224.2764042192177:0.0|0.0%,0.0%:224.2764042192177:0.0|0.0%,0.0%:224.2764042192177:0.0|0.0%,4.5%:214.16806453434356:0.0|0.0%,4.5%:214.16806453434356:0.0|0.0%
nanoseq-sep-3,221.04326297739865,19775.509,0.0%:221.04326297739865:0.0|0.0%,0.0%:221.04326297739865:0.0|0.0%,0.0%:221.04326297739865:0.0|0.0%,4.3%:211.50900626380945:0.0|0.0%,4.3%:211.50900626380945:0.0|0.0%
