workflow,footprint,makespan,flexible-6h,flexible-12h,flexible-24h,flexible-48h,flexible-96h
nanoseq-apr-1,324.19017240016655,19616.143,0.0%:324.19017240016655:142.139|0.7%,0.0%:324.19017240016655:21.256|0.1%,0.0%:324.19017240016655:0.0|0.0%,0.0%:324.19017240016655:0.0|0.0%,14.7%:276.42833635453644:263.558|1.3%
nanoseq-apr-2,328.9839349673814,20705.598,0.0%:328.9839349673814:0.0|0.0%,0.0%:328.9839349673814:0.0|0.0%,0.0%:328.9839349673814:0.0|0.0%,0.0%:328.9839349673814:17.266|0.1%,14.3%:282.04204768967594:168.765|0.8%
nanoseq-apr-3,324.4570451657224,19775.509,0.0%:324.4570451657224:65.522|0.3%,0.0%:324.4570451657224:0.0|0.0%,0.0%:324.4570451657224:0.0|0.0%,0.0%:324.4570451657224:0.0|0.0%,14.9%:276.24265438701116:32.496|0.2%
