workflow,footprint,makespan,flexible-6h,flexible-12h,flexible-24h,flexible-48h,flexible-96h
nanoseq-sep-1,325.27874663735673,19616.143,0.0%:325.1213127263536:142.139|0.7%,0.1%:324.96741265369104:21.256|0.1%,0.2%:324.50032713009824:0.0|0.0%,0.3%:324.19017240016655:489.026|2.5%,11.2%:288.9476461840817:83.999|0.4%
nanoseq-sep-2,329.99656569525325,20705.598,0.0%:329.84312697425025:0.0|0.0%,0.1%:329.6942008158459:0.0|0.0%,0.2%:329.3043428617467:86.317|0.4%,0.3%:328.9839349673814:241.557|1.2%,10.8%:294.52078891408235:197.952|1.0%
nanoseq-sep-3,325.5313620937664,19775.509,0.0%:325.37380872693444:65.522|0.3%,0.1%:325.22007003846585:0.0|0.0%,0.2%:324.75068529350716:0.0|0.0%,0.3%:324.4570451657224:65.522|0.3%,11.3%:288.73791353315363:429.041|2.2%
