workflow,footprint,makespan,flexible-6h,flexible-12h,flexible-24h,flexible-48h,flexible-96h
rangeland-dec-1,7196.82666172661,24817.0,0.0%:7196.82666172661:0.0|0.0%,0.0%:7196.82666172661:0.0|0.0%,2.3%:7032.39064986137:220.814|0.9%,4.6%:6868.128781152134:220.814|0.9%,9.5%:6514.290025794749:0.0|0.0%
rangeland-dec-2,7179.487482810589,24742.0,0.0%:7179.487482810589:0.0|0.0%,0.0%:7179.487482810589:0.0|0.0%,2.2%:7018.978688087797:0.05|0.0%,4.5%:6859.71490062917:137.05|0.6%,9.5%:6498.14986832:0.0|0.0%
rangeland-dec-3,7193.878989952452,24839.0,0.0%:7193.878989952452:0.0|0.0%,0.0%:7193.878989952452:0.0|0.0%,2.2%:7032.831665770119:0.333|0.0%,4.5%:6873.491946547235:421.333|1.7%,9.5%:6511.306498401666:0.0|0.0%
