workflow,footprint,makespan,flexible-6h,flexible-12h,flexible-24h,flexible-48h,flexible-96h
rangeland-apr-1,7236.833070054977,24817.0,0.2%:7222.825457477012:585.628|2.4%,0.2%:7222.825457477012:585.628|2.4%,5.2%:6859.097362937227:272.814|1.1%,7.6%:6687.622681260424:0.0|0.0%,7.9%:6668.69908990482:335.814|1.4%
rangeland-apr-2,7219.182527905253,24742.0,0.2%:7207.19406754483:734.15|3.0%,0.2%:7205.218738337019:591.15|2.4%,5.2%:6842.097530706158:267.05|1.1%,7.6%:6671.174217221133:0.0|0.0%,7.7%:6662.465279516249:268.05|1.1%
rangeland-apr-3,7233.728701300863,24839.0,0.2%:7221.657280094361:647.999|2.6%,0.2%:7219.688715451664:426.999|1.7%,5.2%:6855.877511984402:327.333|1.3%,7.6%:6684.611725129789:0.0|0.0%,7.7%:6675.762325228433:155.333|0.6%
