workflow,footprint,makespan,flexible-6h,flexible-12h,flexible-24h,flexible-48h,flexible-96h
rangeland-dec-1,7196.82666172661,24817.0,0.0%:7196.82666172661:0.0|0.0%,0.0%:7196.82666172661:0.0|0.0%,3.4%:6950.481226152629:462.628|1.9%,5.8%:6777.027890375097:249.814|1.0%,9.5%:6514.290025794749:0.0|0.0%
rangeland-dec-2,7179.487482810589,24742.0,0.0%:7179.487482810589:0.0|0.0%,0.0%:7179.487482810589:0.0|0.0%,3.3%:6942.362137461694:280.1|1.1%,5.8%:6766.017866887196:466.1|1.9%,9.5%:6498.14986832:0.0|0.0%
rangeland-dec-3,7193.878989952452,24839.0,0.0%:7193.878989952452:0.0|0.0%,0.0%:7193.878989952452:0.0|0.0%,3.3%:6956.098627248896:642.666|2.6%,5.8%:6779.574216580167:492.666|2.0%,9.5%:6511.306498401666:0.0|0.0%
