workflow,footprint,makespan,flexible-6h,flexible-12h,flexible-24h,flexible-48h,flexible-96h
rangeland-jan-1,10315.945530093582,24817.0,0.0%:10315.945530093582:363.628|1.5%,0.0%:10315.945530093582:495.628|2.0%,0.0%:10315.945530093582:437.628|1.8%,0.0%:10315.945530093582:695.256|2.8%,13.0%:8977.484098703828:819.256|3.3%
rangeland-jan-2,10291.231976060828,24742.0,0.0%:10291.231976060828:452.1|1.8%,0.0%:10291.231976060828:293.1|1.2%,0.0%:10291.231976060828:431.1|1.7%,0.0%:10291.167238993576:488.15|2.0%,13.0%:8957.84454438096:990.2|4.0%
rangeland-jan-3,10311.647835228388,24839.0,0.0%:10311.647835228388:415.666|1.7%,0.0%:10311.647835228388:471.666|1.9%,0.0%:10311.647835228388:399.666|1.6%,0.0%:10311.445280079857:291.999|1.2%,13.0%:8974.140291946766:821.332|3.3%
