workflow,footprint,makespan,flexible-6h,flexible-12h,flexible-24h,flexible-48h,flexible-96h
rangeland-oct-1,10316.453955205934,24817.0,0.0%:10316.453955205934:363.628|1.5%,0.0%:10316.453955205934:495.628|2.0%,0.0%:10316.453955205934:437.628|1.8%,0.0%:10316.453955205934:96.814|0.4%,7.1%:9579.571908247523:973.256|3.9%
rangeland-oct-2,10291.739183156662,24742.0,0.0%:10291.739183156662:452.1|1.8%,0.0%:10291.739183156662:293.1|1.2%,0.0%:10291.739183156662:431.1|1.7%,0.0%:10291.67451782023:185.1|0.7%,7.0%:9574.410904079421:1297.3|5.2%
rangeland-oct-3,10312.156048527311,24839.0,0.0%:10312.156048527311:415.666|1.7%,0.0%:10312.156048527311:471.666|1.9%,0.0%:10312.156048527311:399.666|1.6%,0.0%:10311.953717816616:248.666|1.0%,7.0%:9593.870043514837:1056.998|4.3%
