workflow,footprint,makespan,flexible-6h,flexible-12h,flexible-24h,flexible-48h,flexible-96h
rangeland-mar-1,7270.805272630206,24817.0,0.5%:7235.968273235211:0.0|0.0%,0.5%:7235.968273235211:0.0|0.0%,3.8%:6993.617113035995:0.0|0.0%,4.6%:6933.379024500616:212.814|0.9%,6.6%:6788.582945032043:0.0|0.0%
rangeland-mar-2,7252.58461281143,24742.0,0.4%:7222.610472790878:0.0|0.0%,0.4%:7222.610472790878:0.0|0.0%,3.8%:6976.063291284909:0.0|0.0%,4.6%:6916.601741163545:143.05|0.6%,6.6%:6771.936079063225:0.05|0.0%
rangeland-mar-3,7267.308056066175,24839.0,0.4%:7237.196549012339:0.0|0.0%,0.4%:7237.196549012339:0.0|0.0%,3.8%:6990.2624136391105:0.0|0.0%,4.6%:6930.4392378309085:221.333|0.9%,6.6%:6785.673244961271:0.333|0.0%
