workflow,footprint,makespan,flexible-6h,flexible-12h,flexible-24h,flexible-48h,flexible-96h
rnaseq-feb-1,9072.197231155871,10697.0,1.2%:8961.358521935306:0.0|0.0%,1.2%:8961.358521935306:0.0|0.0%,2.6%:8837.754380056826:0.0|0.0%,8.8%:8274.790581923346:0.0|0.0%,11.3%:8043.469712621945:0.0|0.0%
rnaseq-feb-2,8904.973706761635,11472.0,1.2%:8796.321762046084:2167.844|18.9%,1.2%:8796.321762046084:2167.844|18.9%,2.6%:8674.633378581026:2167.844|18.9%,8.8%:8122.318565053128:0.0|0.0%,11.3%:7895.676432482577:0.0|0.0%
rnaseq-feb-3,9295.727702952889,10863.0,1.2%:9183.635441967863:2693.336|24.8%,1.2%:9183.635441967863:2693.336|24.8%,2.6%:9055.462232882535:2693.336|24.8%,8.8%:8479.340583552475:0.0|0.0%,11.3%:8244.77178937256:0.0|0.0%
