workflow,footprint,makespan,flexible-6h,flexible-12h,flexible-24h,flexible-48h,flexible-96h
rnaseq-jun-1,14033.426754394617,10697.0,0.0%:14029.400727143237:650.192|6.1%,0.1%:14019.466217477644:262.064|2.4%,0.3%:13991.4803843291:450.128|4.2%,0.4%:13971.453819757875:720.192|6.7%,0.4%:13971.453819757875:926.256|8.7%
rnaseq-jun-2,13736.427774988046,11472.0,0.0%:13730.828822839401:682.532|5.9%,0.1%:13722.888064975596:194.844|1.7%,0.3%:13695.85473140777:136.844|1.2%,0.4%:13675.860140539324:750.532|6.5%,0.4%:13675.860140539324:824.532|7.2%
rnaseq-jun-3,14395.291426146865,10863.0,0.0%:14390.29012976867:725.008|6.7%,0.1%:14379.784941202057:462.672|4.3%,0.3%:14351.86105255253:569.672|5.2%,0.4%:14331.731850690818:532.672|4.9%,0.4%:14331.731850690818:902.344|8.3%
