workflow,footprint,makespan,flexible-6h,flexible-12h,flexible-24h,flexible-48h,flexible-96h
rnaseq-aug-1,9818.34536641587,10697.0,0.3%:9787.20833476584:0.0|0.0%,0.3%:9787.20833476584:0.0|0.0%,10.7%:8763.059268718373:0.0|0.0%,12.6%:8581.926371356143:1412.064|13.2%,12.6%:8581.926371356143:1412.064|13.2%
rnaseq-aug-2,9637.605380131523,11472.0,0.3%:9609.816040939202:0.0|0.0%,0.3%:9609.816040939202:0.0|0.0%,10.8%:8601.333166843096:0.0|0.0%,12.6%:8427.088452463673:0.0|0.0%,12.6%:8427.088452463673:0.0|0.0%
rnaseq-aug-3,10059.85958475856,10863.0,0.3%:10031.61597998908:0.0|0.0%,0.3%:10031.61597998908:0.0|0.0%,10.8%:8977.244347901622:0.0|0.0%,12.5%:8797.349659409163:0.0|0.0%,12.5%:8797.349659409163:0.0|0.0%
