workflow,footprint,makespan,flexible-6h,flexible-12h,flexible-24h,flexible-48h,flexible-96h
rnaseq-sep-1,9132.336993419358,10697.0,0.2%:9117.633297030003:0.0|0.0%,0.2%:9117.633297030003:0.0|0.0%,0.2%:9117.633297030003:0.0|0.0%,2.8%:8874.38696777457:0.0|0.0%,4.8%:8697.729128286195:0.0|0.0%
rnaseq-sep-2,8964.392776032455,11472.0,0.0%:8964.392776032455:0.0|0.0%,0.0%:8964.392776032455:0.0|0.0%,0.0%:8964.392776032455:0.0|0.0%,2.8%:8711.046620422805:0.0|0.0%,4.8%:8537.616071096605:0.0|0.0%
rnaseq-sep-3,9357.28162326386,10863.0,0.0%:9357.28162326386:0.0|0.0%,0.0%:9357.28162326386:0.0|0.0%,0.0%:9357.28162326386:0.0|0.0%,2.9%:9090.254622591394:0.0|0.0%,4.8%:8911.005905688688:0.0|0.0%
