workflow,footprint,makespan,flexible-6h,flexible-12h,flexible-24h,flexible-48h,flexible-96h
rnaseq-oct-1,8783.872358599652,10697.0,0.4%:8747.447112277549:0.0|0.0%,0.4%:8747.447112277549:0.0|0.0%,1.5%:8648.026764563088:0.0|0.0%,1.5%:8648.026764563088:0.0|0.0%,2.7%:8547.087037342:1412.064|13.2%
rnaseq-oct-2,8622.01730973449,11472.0,0.4%:8586.527237551036:2167.844|18.9%,0.4%:8586.527237551036:2167.844|18.9%,0.8%:8552.10737932763:1606.844|14.0%,0.8%:8552.10737932763:1606.844|14.0%,2.5%:8403.590947626937:2167.844|18.9%
rnaseq-oct-3,9001.6751935542,10863.0,0.4%:8964.63793334233:2693.336|24.8%,0.4%:8964.63793334233:2693.336|24.8%,0.8%:8926.519777742751:1624.336|15.0%,0.8%:8926.519777742751:1624.336|15.0%,2.5%:8773.239322261612:2693.336|24.8%
