workflow,footprint,makespan,flexible-6h,flexible-12h,flexible-24h,flexible-48h,flexible-96h
rnaseq-jan-1,9137.318836427003,10697.0,2.5%:8912.296023019315:0.0|0.0%,2.5%:8912.296023019315:0.0|0.0%,2.7%:8891.935149180577:1412.064|13.2%,4.4%:8737.59920742865:0.0|0.0%,6.7%:8522.101197209502:0.0|0.0%
rnaseq-jan-2,8968.81480612624,11472.0,2.1%:8782.989487571811:0.0|0.0%,2.1%:8782.989487571811:0.0|0.0%,2.6%:8732.729357294498:1606.844|14.0%,4.4%:8576.716633516193:0.0|0.0%,6.7%:8365.23934551154:0.0|0.0%
rnaseq-jan-3,9361.214234872314,10863.0,2.1%:9167.568243445678:0.0|0.0%,2.1%:9167.568243445678:0.0|0.0%,2.6%:9116.638458100902:1624.336|15.0%,4.4%:8951.588656485645:0.0|0.0%,6.7%:8732.577472440478:0.0|0.0%
