workflow,footprint,makespan,flexible-6h,flexible-12h,flexible-24h,flexible-48h,flexible-96h
rnaseq-apr-1,9462.950505782566,10697.0,0.9%:9378.984075206334:0.0|0.0%,1.0%:9371.888460420021:1412.064|13.2%,3.8%:9104.843220877106:0.0|0.0%,6.2%:8876.584788102555:0.0|0.0%,7.8%:8722.85335317585:0.0|0.0%
rnaseq-apr-2,9288.756976152223,11472.0,0.9%:9206.462326854353:2167.844|18.9%,0.9%:9206.462326854353:2167.844|18.9%,3.8%:8931.141013697508:0.0|0.0%,6.2%:8713.164942005798:0.0|0.0%,7.4%:8600.112010096802:0.0|0.0%
rnaseq-apr-3,9696.839763280077,10863.0,0.9%:9610.13480671873:2693.336|24.8%,0.9%:9610.13480671873:2693.336|24.8%,3.8%:9323.672489890856:0.0|0.0%,6.2%:9095.606945430529:0.0|0.0%,7.4%:8975.585827311319:0.0|0.0%
