workflow,footprint,makespan,flexible-6h,flexible-12h,flexible-24h,flexible-48h,flexible-96h
sarek-oct-1,39827.7541004245,18299.0,0.0%:39827.7541004245:843.307|4.6%,0.0%:39827.7541004245:987.076|5.4%,0.0%:39827.7541004245:540.538|3.0%,0.0%:39827.7541004245:955.076|5.2%,8.8%:36310.4499717416:1130.845|6.2%
sarek-oct-2,39981.650746218176,17619.0,0.0%:39981.650746218176:802.236|4.6%,0.0%:39981.650746218176:866.236|4.9%,0.0%:39981.650746218176:523.824|3.0%,0.0%:39981.650746218176:494.824|2.8%,9.1%:36344.86895753592:821.236|4.7%
sarek-oct-3,39445.84338249297,18878.0,0.0%:39445.84338249297:662.251|3.5%,0.0%:39445.84338249297:503.834|2.7%,0.0%:39445.84338249297:335.834|1.8%,0.0%:39445.84338249297:761.251|4.0%,9.5%:35709.893082452254:861.668|4.6%
