workflow,footprint,makespan,flexible-6h,flexible-12h,flexible-24h,flexible-48h,flexible-96h
sarek-feb-1,26222.393088202774,18299.0,0.7%:26037.77441188362:3528.769|19.3%,0.7%:26037.77441188362:3528.769|19.3%,2.6%:25544.045239371688:2207.769|12.1%,8.5%:23994.40012414843:0.0|0.0%,10.0%:23595.452902377678:0.0|0.0%
sarek-feb-2,26422.225494210757,17619.0,0.7%:26242.039125899933:1567.412|8.9%,0.7%:26242.039125899933:1567.412|8.9%,2.5%:25756.717381462066:1567.412|8.9%,8.5%:24182.792181535322:0.0|0.0%,10.0%:23785.39850846453:3010.412|17.1%
sarek-feb-3,26205.722222534645,18878.0,0.8%:25995.605763689106:2707.417|14.3%,0.8%:25995.605763689106:2707.417|14.3%,2.7%:25490.441489113182:2778.417|14.7%,8.5%:23969.763702838754:0.0|0.0%,10.1%:23566.33812564562:0.0|0.0%
