workflow,footprint,makespan,flexible-6h,flexible-12h,flexible-24h,flexible-48h,flexible-96h
sarek-dec-1,27071.711062558254,18299.0,0.1%:27035.601365348964:0.0|0.0%,0.1%:27035.601365348964:0.0|0.0%,2.9%:26282.349485390198:5736.538|31.3%,6.1%:25415.348050604935:3528.769|19.3%,9.8%:24407.229675010352:0.0|0.0%
sarek-dec-2,27279.224739160087,17619.0,0.0%:27266.32878234908:0.0|0.0%,0.0%:27266.32878234908:0.0|0.0%,2.8%:26505.327535308006:4577.824|26.0%,6.2%:25589.162247044515:3010.412|17.1%,9.8%:24609.617253505905:0.0|0.0%
sarek-dec-3,27044.268254807655,18878.0,0.2%:26990.778319313173:0.0|0.0%,0.2%:26990.778319313173:0.0|0.0%,3.0%:26227.793443464205:5485.834|29.1%,6.1%:25406.193757135097:2707.417|14.3%,9.8%:24381.468280135196:0.0|0.0%
