workflow,footprint,makespan,flexible-6h,flexible-12h,flexible-24h,flexible-48h,flexible-96h
sarek-jan-1,26155.497629132322,18299.0,1.4%:25800.74436934457:0.0|0.0%,1.4%:25800.74436934457:0.0|0.0%,3.9%:25147.76022595281:0.0|0.0%,10.1%:23513.724561890598:0.0|0.0%,10.1%:23513.724561890598:0.0|0.0%
sarek-jan-2,26371.37847108823,17619.0,1.3%:26016.712954414907:0.0|0.0%,1.3%:26016.712954414907:0.0|0.0%,3.9%:25352.751761399155:0.0|0.0%,10.0%:23723.36627249768:0.0|0.0%,10.0%:23723.36627249768:0.0|0.0%
sarek-jan-3,26119.18759767451,18878.0,1.3%:25772.416301996498:0.0|0.0%,1.3%:25772.416301996498:0.0|0.0%,3.8%:25115.03087393917:0.0|0.0%,10.0%:23495.947675145846:0.0|0.0%,10.0%:23495.947675145846:0.0|0.0%
