workflow,footprint,makespan,flexible-6h,flexible-12h,flexible-24h,flexible-48h,flexible-96h
sarek-mar-1,27180.702210941054,18299.0,0.2%:27135.092059917748:0.0|0.0%,0.2%:27135.092059917748:0.0|0.0%,3.8%:26144.891302965192:0.0|0.0%,4.0%:26087.493050911595:2207.769|12.1%,6.7%:25371.259240111835:0.0|0.0%
sarek-mar-2,27393.113378035134,17619.0,0.1%:27352.774585046875:0.0|0.0%,0.1%:27352.774585046875:0.0|0.0%,3.8%:26345.127850650842:0.0|0.0%,4.0%:26289.9854975746:1277.412|7.3%,6.7%:25564.521572285998:0.0|0.0%
sarek-mar-3,27155.877834298044,18878.0,0.2%:27102.940856157908:0.0|0.0%,0.2%:27102.940856157908:0.0|0.0%,3.8%:26119.982948785346:0.0|0.0%,4.1%:26044.669123381715:2778.417|14.7%,6.6%:25356.261683149984:0.0|0.0%
