workflow,footprint,makespan,flexible-6h,flexible-12h,flexible-24h,flexible-48h,flexible-96h
sarek-oct-1,25482.46946514613,18299.0,0.0%:25482.46946514613:0.0|0.0%,0.0%:25482.46946514613:0.0|0.0%,1.5%:25089.16431622798:1261.769|6.9%,1.5%:25089.16431622798:1261.769|6.9%,2.1%:24958.208922555703:2207.769|12.1%
sarek-oct-2,25686.76915143906,17619.0,0.0%:25686.76915143906:0.0|0.0%,0.0%:25686.76915143906:0.0|0.0%,1.7%:25241.41389246105:1277.412|7.3%,1.7%:25241.41389246105:1277.412|7.3%,2.0%:25182.153264141303:1277.412|7.3%
sarek-oct-3,25460.885821218446,18878.0,0.0%:25460.885821218446:0.0|0.0%,0.0%:25460.885821218446:0.0|0.0%,1.6%:25056.065182242713:1271.417|6.7%,1.6%:25056.065182242713:1271.417|6.7%,2.2%:24908.95505045338:2778.417|14.7%
