workflow,footprint,makespan,flexible-6h,flexible-12h,flexible-24h,flexible-48h,flexible-96h
sarek-nov-1,26848.953539810354,18299.0,0.6%:26677.279214209208:0.0|0.0%,0.6%:26677.279214209208:0.0|0.0%,2.7%:26120.432063529086:3528.769|19.3%,3.9%:25798.285213099152:1261.769|6.9%,3.9%:25798.285213099152:1261.769|6.9%
sarek-nov-2,27064.267970690762,17619.0,0.6%:26889.527439388814:0.0|0.0%,0.6%:26889.527439388814:0.0|0.0%,2.7%:26339.59234933566:3010.412|17.1%,4.0%:25982.521408193843:0.0|0.0%,4.0%:25982.521408193843:0.0|0.0%
sarek-nov-3,26827.941474883995,18878.0,0.7%:26649.22301957262:0.0|0.0%,0.7%:26649.22301957262:0.0|0.0%,2.8%:26064.105878277715:2707.417|14.3%,3.9%:25781.236449594875:1271.417|6.7%,3.9%:25781.236449594875:1271.417|6.7%
