workflow,footprint,makespan,flexible-6h,flexible-12h,flexible-24h,flexible-48h,flexible-96h
sarek-jan-1,26155.497629132322,18299.0,1.4%:25800.74436934457:0.0|0.0%,1.4%:25800.74436934457:0.0|0.0%,1.6%:25727.36684463359:4777.538|26.1%,4.1%:25086.60739441346:0.0|0.0%,5.7%:24669.819296890382:0.0|0.0%
sarek-jan-2,26371.37847108823,17619.0,1.3%:26016.712954414907:0.0|0.0%,1.3%:26016.712954414907:0.0|0.0%,1.6%:25941.170305291613:1567.412|8.9%,4.1%:25286.16171506594:0.0|0.0%,5.7%:24869.747924480638:0.0|0.0%
sarek-jan-3,26119.18759767451,18878.0,1.3%:25772.416301996498:0.0|0.0%,1.3%:25772.416301996498:0.0|0.0%,1.7%:25687.24710502506:5153.834|27.3%,4.1%:25056.515826414463:0.0|0.0%,5.7%:24640.147066132373:0.0|0.0%
